playerId,season,name,team,position,situation,games_played,icetime,shifts,gameScore,onIce_xGoalsPercentage,offIce_xGoalsPercentage,onIce_corsiPercentage,offIce_corsiPercentage,onIce_fenwickPercentage,offIce_fenwickPercentage,iceTimeRank,I_F_xOnGoal,I_F_xGoals,I_F_xRebounds,I_F_xFreeze,I_F_xPlayStopped,I_F_xPlayContinuedInZone,I_F_xPlayContinuedOutsideZone,I_F_flurryAdjustedxGoals,I_F_scoreVenueAdjustedxGoals,I_F_flurryScoreVenueAdjustedxGoals,I_F_primaryAssists,I_F_secondaryAssists,I_F_shotsOnGoal,I_F_missedShots,I_F_blockedShotAttempts,I_F_shotAttempts,I_F_points,I_F_goals,I_F_rebounds,I_F_reboundGoals,I_F_freeze,I_F_playStopped,I_F_playContinuedInZone,I_F_playContinuedOutsideZone,I_F_savedShotsOnGoal,I_F_savedUnblockedShotAttempts,penalties,I_F_penalityMinutes,I_F_faceOffsWon,I_F_hits,I_F_takeaways,I_F_giveaways,I_F_lowDangerShots,I_F_mediumDangerShots,I_F_highDangerShots,I_F_lowDangerxGoals,I_F_mediumDangerxGoals,I_F_highDangerxGoals,I_F_lowDangerGoals,I_F_mediumDangerGoals,I_F_highDangerGoals,I_F_scoreAdjustedShotsAttempts,I_F_unblockedShotAttempts,I_F_scoreAdjustedUnblockedShotAttempts,I_F_dZoneGiveaways,I_F_xGoalsFromxReboundsOfShots,I_F_xGoalsFromActualReboundsOfShots,I_F_reboundxGoals,I_F_xGoals_with_earned_rebounds,I_F_xGoals_with_earned_rebounds_scoreAdjusted,I_F_xGoals_with_earned_rebounds_scoreFlurryAdjusted,I_F_shifts,I_F_oZoneShiftStarts,I_F_dZoneShiftStarts,I_F_neutralZoneShiftStarts,I_F_flyShiftStarts,I_F_oZoneShiftEnds,I_F_dZoneShiftEnds,I_F_neutralZoneShiftEnds,I_F_flyShiftEnds,faceoffsWon,faceoffsLost,timeOnBench,penalityMinutes,penalityMinutesDrawn,penaltiesDrawn,shotsBlockedByPlayer,OnIce_F_xOnGoal,OnIce_F_xGoals,OnIce_F_flurryAdjustedxGoals,OnIce_F_scoreVenueAdjustedxGoals,OnIce_F_flurryScoreVenueAdjustedxGoals,OnIce_F_shotsOnGoal,OnIce_F_missedShots,OnIce_F_blockedShotAttempts,OnIce_F_shotAttempts,OnIce_F_goals,OnIce_F_rebounds,OnIce_F_reboundGoals,OnIce_F_lowDangerShots,OnIce_F_mediumDangerShots,OnIce_F_highDangerShots,OnIce_F_lowDangerxGoals,OnIce_F_mediumDangerxGoals,OnIce_F_highDangerxGoals,OnIce_F_lowDangerGoals,OnIce_F_mediumDangerGoals,OnIce_F_highDangerGoals,OnIce_F_scoreAdjustedShotsAttempts,OnIce_F_unblockedShotAttempts,OnIce_F_scoreAdjustedUnblockedShotAttempts,OnIce_F_xGoalsFromxReboundsOfShots,OnIce_F_xGoalsFromActualReboundsOfShots,OnIce_F_reboundxGoals,OnIce_F_xGoals_with_earned_rebounds,OnIce_F_xGoals_with_earned_rebounds_scoreAdjusted,OnIce_F_xGoals_with_earned_rebounds_scoreFlurryAdjusted,OnIce_A_xOnGoal,OnIce_A_xGoals,OnIce_A_flurryAdjustedxGoals,OnIce_A_scoreVenueAdjustedxGoals,OnIce_A_flurryScoreVenueAdjustedxGoals,OnIce_A_shotsOnGoal,OnIce_A_missedShots,OnIce_A_blockedShotAttempts,OnIce_A_shotAttempts,OnIce_A_goals,OnIce_A_rebounds,OnIce_A_reboundGoals,OnIce_A_lowDangerShots,OnIce_A_mediumDangerShots,OnIce_A_highDangerShots,OnIce_A_lowDangerxGoals,OnIce_A_mediumDangerxGoals,OnIce_A_highDangerxGoals,OnIce_A_lowDangerGoals,OnIce_A_mediumDangerGoals,OnIce_A_highDangerGoals,OnIce_A_scoreAdjustedShotsAttempts,OnIce_A_unblockedShotAttempts,OnIce_A_scoreAdjustedUnblockedShotAttempts,OnIce_A_xGoalsFromxReboundsOfShots,OnIce_A_xGoalsFromActualReboundsOfShots,OnIce_A_reboundxGoals,OnIce_A_xGoals_with_earned_rebounds,OnIce_A_xGoals_with_earned_rebounds_scoreAdjusted,OnIce_A_xGoals_with_earned_rebounds_scoreFlurryAdjusted,OffIce_F_xGoals,OffIce_A_xGoals,OffIce_F_shotAttempts,OffIce_A_shotAttempts,xGoalsForAfterShifts,xGoalsAgainstAfterShifts,corsiForAfterShifts,corsiAgainstAfterShifts,fenwickForAfterShifts,fenwickAgainstAfterShifts
8477501,2025,Valeri Nichushkin,COL,R,other,1,0.0,0.0,0.0,0.0,0.0,0.0,0.0,0.0,0.0,0.0,0.0,0.0,0.0,0.0,0.0,0.0,0.0,0.0,0.0,0.0,0.0,0.0,0.0,0.0,0.0,0.0,0.0,0.0,0.0,0.0,0.0,0.0,0.0,0.0,0.0,0.0,0.0,0.0,0.0,0.0,0.0,0.0,0.0,0.0,0.0,0.0,0.0,0.0,0.0,0.0,0.0,0.0,0.0,0.0,0.0,0.0,0.0,0.0,0.0,0.0,0.0,0.0,0.0,0.0,0.0,0.0,0.0,0.0,0.0,0.0,0.0,0.0,0.0,0.0,0.0,0.0,0.0,0.0,0.0,0.0,0.0,0.0,0.0,0.0,0.0,0.0,0.0,0.0,0.0,0.0,0.0,0.0,0.0,0.0,0.0,0.0,0.0,0.0,0.0,0.0,0.0,0.0,0.0,0.0,0.0,0.0,0.0,0.0,0.0,0.0,0.0,0.0,0.0,0.0,0.0,0.0,0.0,0.0,0.0,0.0,0.0,0.0,0.0,0.0,0.0,0.0,0.0,0.0,0.0,0.0,0.0,0.0,0.0,0.0,0.0,0.0,0.0,0.0,0.0,0.0,0.0,0.0,0.0,0.0,0.0,0.0,0.0
8477501,2025,Valeri Nichushkin,COL,R,all,1,881.0,21.0,0.53,0.45,0.45,0.65,0.36,0.67,0.37,5.0,2.77,0.08,0.19,0.75,0.1,1.72,1.16,0.08,0.09,0.09,0.0,0.0,3.0,1.0,1.0,5.0,0.0,0.0,0.0,0.0,3.0,0.0,1.0,0.0,3.0,4.0,0.0,0.0,0.0,1.0,0.0,2.0,4.0,0.0,0.0,0.08,0.0,0.0,0.0,0.0,0.0,5.32,4.0,4.21,0.0,0.05,0.0,0.0,0.13,0.14,0.14,21.0,2.0,3.0,3.0,13.0,7.0,1.0,3.0,10.0,0.0,0.0,2719.0,0.0,0.0,0.0,1.0,8.51,0.36,0.36,0.39,0.39,8.0,4.0,5.0,17.0,0.0,0.0,0.0,11.0,1.0,0.0,0.27,0.09,0.0,0.0,0.0,0.0,18.46,12.0,13.06,0.12,0.0,0.0,0.48,0.52,0.51,4.37,0.44,0.43,0.42,0.41,4.0,2.0,3.0,9.0,0.0,1.0,0.0,5.0,0.0,1.0,0.12,0.0,0.32,0.0,0.0,0.0,8.41,6.0,5.71,0.06,0.32,0.32,0.17,0.17,0.17,1.73,2.16,32.0,57.0,0.0,0.0,0.0,0.0,0.0,0.0
8477501,2025,Valeri Nichushkin,COL,R,5on5,1,661.0,14.0,0.53,0.46,0.51,0.62,0.39,0.67,0.4,4.0,2.06,0.07,0.11,0.61,0.06,1.23,0.92,0.07,0.07,0.07,0.0,0.0,2.0,1.0,1.0,4.0,0.0,0.0,0.0,0.0,2.0,0.0,1.0,0.0,2.0,3.0,0.0,0.0,0.0,1.0,0.0,2.0,3.0,0.0,0.0,0.07,0.0,0.0,0.0,0.0,0.0,4.32,3.0,3.21,0.0,0.02,0.0,0.0,0.09,0.1,0.1,14.0,1.0,2.0,1.0,10.0,6.0,1.0,2.0,5.0,0.0,0.0,1807.0,0.0,0.0,0.0,1.0,7.08,0.34,0.34,0.38,0.37,7.0,3.0,3.0,13.0,0.0,0.0,0.0,9.0,1.0,0.0,0.25,0.09,0.0,0.0,0.0,0.0,14.46,10.0,11.06,0.08,0.0,0.0,0.43,0.47,0.46,3.75,0.4,0.39,0.38,0.37,3.0,2.0,3.0,8.0,0.0,1.0,0.0,4.0,0.0,1.0,0.07,0.0,0.32,0.0,0.0,0.0,7.41,5.0,4.71,0.04,0.32,0.32,0.12,0.11,0.11,1.21,1.18,26.0,40.0,0.0,0.0,0.0,1.0,0.0,0.0
8477501,2025,Valeri Nichushkin,COL,R,4on5,1,102.0,3.0,0.53,0.0,0.0,0.0,0.0,0.0,0.0,4.0,0.0,0.0,0.0,0.0,0.0,0.0,0.0,0.0,0.0,0.0,0.0,0.0,0.0,0.0,0.0,0.0,0.0,0.0,0.0,0.0,0.0,0.0,0.0,0.0,0.0,0.0,0.0,0.0,0.0,0.0,0.0,0.0,0.0,0.0,0.0,0.0,0.0,0.0,0.0,0.0,0.0,0.0,0.0,0.0,0.0,0.0,0.0,0.0,0.0,0.0,0.0,3.0,0.0,1.0,0.0,2.0,0.0,0.0,0.0,3.0,0.0,0.0,234.0,0.0,0.0,0.0,0.0,0.0,0.0,0.0,0.0,0.0,0.0,0.0,0.0,0.0,0.0,0.0,0.0,0.0,0.0,0.0,0.0,0.0,0.0,0.0,0.0,0.0,0.0,0.0,0.0,0.0,0.0,0.0,0.0,0.0,0.0,0.62,0.04,0.04,0.04,0.04,1.0,0.0,0.0,1.0,0.0,0.0,0.0,1.0,0.0,0.0,0.04,0.0,0.0,0.0,0.0,0.0,1.0,1.0,1.0,0.01,0.0,0.0,0.06,0.06,0.06,0.0,0.43,0.0,7.0,0.0,0.0,0.0,0.0,0.0,0.0
8477501,2025,Valeri Nichushkin,COL,R,5on4,1,118.0,4.0,0.53,1.0,1.0,1.0,1.0,1.0,1.0,6.0,0.71,0.01,0.08,0.14,0.04,0.49,0.24,0.01,0.01,0.01,0.0,0.0,1.0,0.0,0.0,1.0,0.0,0.0,0.0,0.0,1.0,0.0,0.0,0.0,1.0,1.0,0.0,0.0,0.0,0.0,0.0,0.0,1.0,0.0,0.0,0.01,0.0,0.0,0.0,0.0,0.0,1.0,1.0,1.0,0.0,0.03,0.0,0.0,0.04,0.04,0.04,4.0,1.0,0.0,2.0,1.0,1.0,0.0,1.0,2.0,0.0,0.0,487.0,0.0,0.0,0.0,0.0,1.43,0.02,0.02,0.02,0.02,1.0,1.0,2.0,4.0,0.0,0.0,0.0,2.0,0.0,0.0,0.02,0.0,0.0,0.0,0.0,0.0,4.0,2.0,2.0,0.04,0.0,0.0,0.05,0.05,0.05,0.0,0.0,0.0,0.0,0.0,0.0,0.0,0.0,0.0,0.0,0.0,0.0,0.0,0.0,0.0,0.0,0.0,0.0,0.0,0.0,0.0,0.0,0.0,0.0,0.0,0.0,0.0,0.0,0.0,0.0,0.53,0.0,6.0,0.0,0.0,0.0,0.0,0.0,0.0,0.0
8477839,2025,Conor Sheary,NYR,L,other,1,0.0,0.0,0.0,0.0,0.0,0.0,0.0,0.0,0.0,0.0,0.0,0.0,0.0,0.0,0.0,0.0,0.0,0.0,0.0,0.0,0.0,0.0,0.0,0.0,0.0,0.0,0.0,0.0,0.0,0.0,0.0,0.0,0.0,0.0,0.0,0.0,0.0,0.0,0.0,0.0,0.0,0.0,0.0,0.0,0.0,0.0,0.0,0.0,0.0,0.0,0.0,0.0,0.0,0.0,0.0,0.0,0.0,0.0,0.0,0.0,0.0,0.0,0.0,0.0,0.0,0.0,0.0,0.0,0.0,0.0,0.0,0.0,0.0,0.0,0.0,0.0,0.0,0.0,0.0,0.0,0.0,0.0,0.0,0.0,0.0,0.0,0.0,0.0,0.0,0.0,0.0,0.0,0.0,0.0,0.0,0.0,0.0,0.0,0.0,0.0,0.0,0.0,0.0,0.0,0.0,0.0,0.0,0.0,0.0,0.0,0.0,0.0,0.0,0.0,0.0,0.0,0.0,0.0,0.0,0.0,0.0,0.0,0.0,0.0,0.0,0.0,0.0,0.0,0.0,0.0,0.0,0.0,0.0,0.0,0.0,0.0,0.0,0.0,0.0,0.0,0.0,0.0,0.0,0.0,0.0,0.0,0.0
8477839,2025,Conor Sheary,NYR,L,all,1,762.0,16.0,-0.03,0.22,0.4,0.45,0.51,0.47,0.48,9.0,1.68,0.13,0.14,0.36,0.04,0.8,0.52,0.13,0.12,0.12,0.0,0.0,1.0,1.0,1.0,3.0,0.0,0.0,0.0,0.0,0.0,0.0,0.0,2.0,1.0,2.0,0.0,0.0,0.0,0.0,0.0,0.0,1.0,1.0,0.0,0.01,0.12,0.0,0.0,0.0,0.0,2.8,2.0,1.89,0.0,0.03,0.0,0.0,0.16,0.15,0.15,16.0,1.0,0.0,1.0,14.0,1.0,7.0,1.0,7.0,0.0,0.0,2838.0,0.0,0.0,0.0,2.0,6.21,0.32,0.32,0.3,0.3,5.0,3.0,5.0,13.0,0.0,0.0,0.0,7.0,1.0,0.0,0.2,0.12,0.0,0.0,0.0,0.0,12.14,8.0,7.58,0.08,0.0,0.0,0.4,0.38,0.38,7.28,1.11,0.99,1.2,1.07,5.0,4.0,7.0,16.0,0.0,2.0,0.0,5.0,1.0,3.0,0.06,0.12,0.93,0.0,0.0,0.0,17.29,9.0,9.83,0.11,0.67,0.67,0.55,0.58,0.57,2.19,3.33,47.0,45.0,0.0,0.0,0.0,0.0,0.0,0.0
8477839,2025,Conor Sheary,NYR,L,5on5,1,722.0,15.0,-0.03,0.19,0.52,0.43,0.5,0.44,0.48,9.0,1.68,0.13,0.14,0.36,0.04,0.8,0.52,0.13,0.12,0.12,0.0,0.0,1.0,1.0,1.0,3.0,0.0,0.0,0.0,0.0,0.0,0.0,0.0,2.0,1.0,2.0,0.0,0.0,0.0,0.0,0.0,0.0,1.0,1.0,0.0,0.01,0.12,0.0,0.0,0.0,0.0,2.8,2.0,1.89,0.0,0.03,0.0,0.0,0.16,0.15,0.15,15.0,1.0,0.0,1.0,13.0,0.0,7.0,1.0,7.0,0.0,0.0,2495.0,0.0,0.0,0.0,2.0,5.45,0.26,0.26,0.24,0.24,4.0,3.0,5.0,12.0,0.0,0.0,0.0,6.0,1.0,0.0,0.14,0.12,0.0,0.0,0.0,0.0,11.14,7.0,6.58,0.07,0.0,0.0,0.33,0.31,0.31,7.28,1.11,0.99,1.2,1.07,5.0,4.0,7.0,16.0,0.0,2.0,0.0,5.0,1.0,3.0,0.06,0.12,0.93,0.0,0.0,0.0,17.29,9.0,9.83,0.11,0.67,0.67,0.55,0.58,0.57,2.06,1.92,42.0,42.0,0.0,0.0,0.0,0.0,0.0,0.0
8477839,2025,Conor Sheary,NYR,L,4on5,1,0.0,0.0,0.0,0.0,0.0,0.0,0.0,0.0,0.0,0.0,0.0,0.0,0.0,0.0,0.0,0.0,0.0,0.0,0.0,0.0,0.0,0.0,0.0,0.0,0.0,0.0,0.0,0.0,0.0,0.0,0.0,0.0,0.0,0.0,0.0,0.0,0.0,0.0,0.0,0.0,0.0,0.0,0.0,0.0,0.0,0.0,0.0,0.0,0.0,0.0,0.0,0.0,0.0,0.0,0.0,0.0,0.0,0.0,0.0,0.0,0.0,0.0,0.0,0.0,0.0,0.0,0.0,0.0,0.0,0.0,0.0,0.0,0.0,0.0,0.0,0.0,0.0,0.0,0.0,0.0,0.0,0.0,0.0,0.0,0.0,0.0,0.0,0.0,0.0,0.0,0.0,0.0,0.0,0.0,0.0,0.0,0.0,0.0,0.0,0.0,0.0,0.0,0.0,0.0,0.0,0.0,0.0,0.0,0.0,0.0,0.0,0.0,0.0,0.0,0.0,0.0,0.0,0.0,0.0,0.0,0.0,0.0,0.0,0.0,0.0,0.0,0.0,0.0,0.0,0.0,0.0,0.0,0.0,0.0,0.0,0.0,0.0,0.0,0.0,0.0,0.0,0.0,0.0,0.0,0.0,0.0,0.0
8477839,2025,Conor Sheary,NYR,L,5on4,1,40.0,1.0,-0.03,1.0,1.0,1.0,1.0,1.0,1.0,8.0,0.0,0.0,0.0,0.0,0.0,0.0,0.0,0.0,0.0,0.0,0.0,0.0,0.0,0.0,0.0,0.0,0.0,0.0,0.0,0.0,0.0,0.0,0.0,0.0,0.0,0.0,0.0,0.0,0.0,0.0,0.0,0.0,0.0,0.0,0.0,0.0,0.0,0.0,0.0,0.0,0.0,0.0,0.0,0.0,0.0,0.0,0.0,0.0,0.0,0.0,0.0,1.0,0.0,0.0,0.0,1.0,1.0,0.0,0.0,0.0,0.0,0.0,200.0,0.0,0.0,0.0,0.0,0.76,0.06,0.06,0.06,0.06,1.0,0.0,0.0,1.0,0.0,0.0,0.0,1.0,0.0,0.0,0.06,0.0,0.0,0.0,0.0,0.0,1.0,1.0,1.0,0.01,0.0,0.0,0.07,0.07,0.07,0.0,0.0,0.0,0.0,0.0,0.0,0.0,0.0,0.0,0.0,0.0,0.0,0.0,0.0,0.0,0.0,0.0,0.0,0.0,0.0,0.0,0.0,0.0,0.0,0.0,0.0,0.0,0.0,0.0,0.0,0.13,0.0,4.0,0.0,0.0,0.0,0.0,0.0,0.0,0.0
8483808,2025,Andrei Kuzmenko,LAK,L,other,1,136.0,1.0,-0.13,1.0,1.0,1.0,1.0,1.0,1.0,4.0,0.69,0.1,0.06,0.14,0.03,0.32,0.35,0.1,0.1,0.1,0.0,0.0,0.0,1.0,0.0,1.0,0.0,0.0,0.0,0.0,0.0,0.0,0.0,1.0,0.0,1.0,0.0,0.0,0.0,0.0,0.0,0.0,0.0,1.0,0.0,0.0,0.1,0.0,0.0,0.0,0.0,1.0,1.0,1.0,0.0,0.01,0.0,0.0,0.12,0.12,0.11,1.0,1.0,0.0,0.0,0.0,0.0,0.0,0.0,1.0,0.0,0.0,55.0,0.0,0.0,0.0,0.0,4.05,0.48,0.47,0.48,0.47,4.0,2.0,2.0,8.0,1.0,0.0,0.0,4.0,2.0,0.0,0.2,0.28,0.0,1.0,0.0,0.0,8.0,6.0,6.0,0.12,0.0,0.0,0.6,0.6,0.58,0.0,0.0,0.0,0.0,0.0,0.0,0.0,0.0,0.0,0.0,0.0,0.0,0.0,0.0,0.0,0.0,0.0,0.0,0.0,0.0,0.0,0.0,0.0,0.0,0.0,0.0,0.0,0.0,0.0,0.0,0.07,0.0,2.0,0.0,0.0,0.0,0.0,0.0,0.0,0.0
8483808,2025,Andrei Kuzmenko,LAK,L,all,1,886.0,15.0,-0.13,0.8,0.5,0.56,0.58,0.63,0.54,8.0,1.28,0.15,0.11,0.26,0.06,0.76,0.66,0.15,0.15,0.14,0.0,0.0,1.0,1.0,0.0,2.0,0.0,0.0,0.0,0.0,1.0,0.0,0.0,1.0,1.0,2.0,0.0,0.0,0.0,4.0,0.0,1.0,1.0,1.0,0.0,0.05,0.1,0.0,0.0,0.0,0.0,1.85,2.0,1.88,0.0,0.03,0.0,0.0,0.18,0.17,0.17,15.0,3.0,3.0,1.0,8.0,2.0,4.0,0.0,9.0,0.0,0.0,2714.0,0.0,0.0,0.0,2.0,7.88,0.72,0.7,0.71,0.69,6.0,6.0,6.0,18.0,1.0,0.0,0.0,9.0,3.0,0.0,0.34,0.38,0.0,1.0,0.0,0.0,17.3,12.0,11.57,0.17,0.0,0.0,0.9,0.88,0.85,5.34,0.18,0.18,0.2,0.19,3.0,4.0,7.0,14.0,0.0,1.0,0.0,7.0,0.0,0.0,0.18,0.0,0.0,0.0,0.0,0.0,15.31,7.0,7.47,0.05,0.03,0.03,0.2,0.22,0.21,1.88,1.91,48.0,35.0,0.0,0.0,0.0,0.0,0.0,0.0
8483808,2025,Andrei Kuzmenko,LAK,L,5on5,1,602.0,12.0,-0.13,0.44,0.51,0.36,0.62,0.42,0.56,9.0,0.59,0.05,0.06,0.12,0.02,0.44,0.31,0.05,0.04,0.04,0.0,0.0,1.0,0.0,0.0,1.0,0.0,0.0,0.0,0.0,1.0,0.0,0.0,0.0,1.0,1.0,0.0,0.0,0.0,4.0,0.0,1.0,1.0,0.0,0.0,0.05,0.0,0.0,0.0,0.0,0.0,0.85,1.0,0.88,0.0,0.01,0.0,0.0,0.06,0.05,0.05,12.0,0.0,3.0,1.0,8.0,2.0,4.0,0.0,6.0,0.0,0.0,1866.0,0.0,0.0,0.0,2.0,3.28,0.14,0.14,0.13,0.13,2.0,3.0,3.0,8.0,0.0,0.0,0.0,5.0,0.0,0.0,0.14,0.0,0.0,0.0,0.0,0.0,7.3,5.0,4.57,0.04,0.0,0.0,0.18,0.17,0.17,5.34,0.18,0.18,0.2,0.19,3.0,4.0,7.0,14.0,0.0,1.0,0.0,7.0,0.0,0.0,0.18,0.0,0.0,0.0,0.0,0.0,15.31,7.0,7.47,0.05,0.03,0.03,0.2,0.22,0.21,1.43,1.37,40.0,25.0,0.0,0.0,0.0,0.0,0.0,0.0
8483808,2025,Andrei Kuzmenko,LAK,L,4on5,1,0.0,0.0,0.0,0.0,0.0,0.0,0.0,0.0,0.0,0.0,0.0,0.0,0.0,0.0,0.0,0.0,0.0,0.0,0.0,0.0,0.0,0.0,0.0,0.0,0.0,0.0,0.0,0.0,0.0,0.0,0.0,0.0,0.0,0.0,0.0,0.0,0.0,0.0,0.0,0.0,0.0,0.0,0.0,0.0,0.0,0.0,0.0,0.0,0.0,0.0,0.0,0.0,0.0,0.0,0.0,0.0,0.0,0.0,0.0,0.0,0.0,0.0,0.0,0.0,0.0,0.0,0.0,0.0,0.0,0.0,0.0,0.0,0.0,0.0,0.0,0.0,0.0,0.0,0.0,0.0,0.0,0.0,0.0,0.0,0.0,0.0,0.0,0.0,0.0,0.0,0.0,0.0,0.0,0.0,0.0,0.0,0.0,0.0,0.0,0.0,0.0,0.0,0.0,0.0,0.0,0.0,0.0,0.0,0.0,0.0,0.0,0.0,0.0,0.0,0.0,0.0,0.0,0.0,0.0,0.0,0.0,0.0,0.0,0.0,0.0,0.0,0.0,0.0,0.0,0.0,0.0,0.0,0.0,0.0,0.0,0.0,0.0,0.0,0.0,0.0,0.0,0.0,0.0,0.0,0.0,0.0,0.0
8483808,2025,Andrei Kuzmenko,LAK,L,5on4,1,148.0,2.0,-0.13,1.0,1.0,1.0,1.0,1.0,1.0,6.0,0.0,0.0,0.0,0.0,0.0,0.0,0.0,0.0,0.0,0.0,0.0,0.0,0.0,0.0,0.0,0.0,0.0,0.0,0.0,0.0,0.0,0.0,0.0,0.0,0.0,0.0,0.0,0.0,0.0,0.0,0.0,0.0,0.0,0.0,0.0,0.0,0.0,0.0,0.0,0.0,0.0,0.0,0.0,0.0,0.0,0.0,0.0,0.0,0.0,0.0,0.0,2.0,2.0,0.0,0.0,0.0,0.0,0.0,0.0,2.0,0.0,0.0,188.0,0.0,0.0,0.0,0.0,0.55,0.1,0.09,0.1,0.09,0.0,1.0,1.0,2.0,0.0,0.0,0.0,0.0,1.0,0.0,0.0,0.1,0.0,0.0,0.0,0.0,2.0,1.0,1.0,0.02,0.0,0.0,0.11,0.11,0.11,0.0,0.0,0.0,0.0,0.0,0.0,0.0,0.0,0.0,0.0,0.0,0.0,0.0,0.0,0.0,0.0,0.0,0.0,0.0,0.0,0.0,0.0,0.0,0.0,0.0,0.0,0.0,0.0,0.0,0.0,0.38,0.0,6.0,0.0,0.0,0.0,0.0,0.0,0.0,0.0
8478043,2025,Sam Lafferty,CHI,C,other,1,0.0,0.0,0.0,0.0,0.0,0.0,0.0,0.0,0.0,0.0,0.0,0.0,0.0,0.0,0.0,0.0,0.0,0.0,0.0,0.0,0.0,0.0,0.0,0.0,0.0,0.0,0.0,0.0,0.0,0.0,0.0,0.0,0.0,0.0,0.0,0.0,0.0,0.0,0.0,0.0,0.0,0.0,0.0,0.0,0.0,0.0,0.0,0.0,0.0,0.0,0.0,0.0,0.0,0.0,0.0,0.0,0.0,0.0,0.0,0.0,0.0,0.0,0.0,0.0,0.0,0.0,0.0,0.0,0.0,0.0,0.0,0.0,0.0,0.0,0.0,0.0,0.0,0.0,0.0,0.0,0.0,0.0,0.0,0.0,0.0,0.0,0.0,0.0,0.0,0.0,0.0,0.0,0.0,0.0,0.0,0.0,0.0,0.0,0.0,0.0,0.0,0.0,0.0,0.0,0.0,0.0,0.0,0.0,0.0,0.0,0.0,0.0,0.0,0.0,0.0,0.0,0.0,0.0,0.0,0.0,0.0,0.0,0.0,0.0,0.0,0.0,0.0,0.0,0.0,0.0,0.0,0.0,0.0,0.0,0.0,0.0,0.0,0.0,0.0,0.0,0.0,0.0,0.0,0.0,0.0,0.0,0.0
8478043,2025,Sam Lafferty,CHI,C,all,1,487.0,13.0,-0.15,0.1,0.31,0.5,0.4,0.38,0.39,12.0,0.0,0.0,0.0,0.0,0.0,0.0,0.0,0.0,0.0,0.0,0.0,0.0,0.0,0.0,1.0,1.0,0.0,0.0,0.0,0.0,0.0,0.0,0.0,0.0,0.0,0.0,0.0,0.0,0.0,1.0,0.0,0.0,0.0,0.0,0.0,0.0,0.0,0.0,0.0,0.0,0.0,1.03,0.0,0.0,0.0,0.0,0.0,0.0,0.0,0.0,0.0,13.0,2.0,1.0,1.0,9.0,3.0,2.0,3.0,5.0,0.0,0.0,3113.0,0.0,0.0,0.0,0.0,3.48,0.08,0.08,0.09,0.09,4.0,1.0,5.0,10.0,0.0,0.0,0.0,5.0,0.0,0.0,0.08,0.0,0.0,0.0,0.0,0.0,10.26,5.0,5.09,0.04,0.0,0.0,0.12,0.12,0.12,6.5,0.73,0.73,0.71,0.71,6.0,2.0,2.0,10.0,1.0,0.0,0.0,4.0,3.0,1.0,0.11,0.38,0.24,0.0,0.0,1.0,9.7,8.0,7.84,0.11,0.0,0.0,0.84,0.82,0.81,1.5,3.4,40.0,59.0,0.0,0.0,0.0,0.0,0.0,0.0
8478043,2025,Sam Lafferty,CHI,C,5on5,1,487.0,13.0,-0.15,0.1,0.36,0.5,0.38,0.38,0.39,11.0,0.0,0.0,0.0,0.0,0.0,0.0,0.0,0.0,0.0,0.0,0.0,0.0,0.0,0.0,1.0,1.0,0.0,0.0,0.0,0.0,0.0,0.0,0.0,0.0,0.0,0.0,0.0,0.0,0.0,1.0,0.0,0.0,0.0,0.0,0.0,0.0,0.0,0.0,0.0,0.0,0.0,1.03,0.0,0.0,0.0,0.0,0.0,0.0,0.0,0.0,0.0,13.0,2.0,1.0,1.0,9.0,3.0,2.0,3.0,5.0,0.0,0.0,2475.0,0.0,0.0,0.0,0.0,3.48,0.08,0.08,0.09,0.09,4.0,1.0,5.0,10.0,0.0,0.0,0.0,5.0,0.0,0.0,0.08,0.0,0.0,0.0,0.0,0.0,10.26,5.0,5.09,0.04,0.0,0.0,0.12,0.12,0.12,6.5,0.73,0.73,0.71,0.71,6.0,2.0,2.0,10.0,1.0,0.0,0.0,4.0,3.0,1.0,0.11,0.38,0.24,0.0,0.0,1.0,9.7,8.0,7.84,0.11,0.0,0.0,0.84,0.82,0.81,1.39,2.44,30.0,49.0,0.04,0.0,1.0,0.0,1.0,0.0
8478043,2025,Sam Lafferty,CHI,C,4on5,1,0.0,0.0,0.0,0.0,0.0,0.0,0.0,0.0,0.0,0.0,0.0,0.0,0.0,0.0,0.0,0.0,0.0,0.0,0.0,0.0,0.0,0.0,0.0,0.0,0.0,0.0,0.0,0.0,0.0,0.0,0.0,0.0,0.0,0.0,0.0,0.0,0.0,0.0,0.0,0.0,0.0,0.0,0.0,0.0,0.0,0.0,0.0,0.0,0.0,0.0,0.0,0.0,0.0,0.0,0.0,0.0,0.0,0.0,0.0,0.0,0.0,0.0,0.0,0.0,0.0,0.0,0.0,0.0,0.0,0.0,0.0,0.0,0.0,0.0,0.0,0.0,0.0,0.0,0.0,0.0,0.0,0.0,0.0,0.0,0.0,0.0,0.0,0.0,0.0,0.0,0.0,0.0,0.0,0.0,0.0,0.0,0.0,0.0,0.0,0.0,0.0,0.0,0.0,0.0,0.0,0.0,0.0,0.0,0.0,0.0,0.0,0.0,0.0,0.0,0.0,0.0,0.0,0.0,0.0,0.0,0.0,0.0,0.0,0.0,0.0,0.0,0.0,0.0,0.0,0.0,0.0,0.0,0.0,0.0,0.0,0.0,0.0,0.0,0.0,0.0,0.0,0.0,0.0,0.0,0.0,0.0,0.0
8478043,2025,Sam Lafferty,CHI,C,5on4,1,0.0,0.0,0.0,0.0,0.0,0.0,0.0,0.0,0.0,0.0,0.0,0.0,0.0,0.0,0.0,0.0,0.0,0.0,0.0,0.0,0.0,0.0,0.0,0.0,0.0,0.0,0.0,0.0,0.0,0.0,0.0,0.0,0.0,0.0,0.0,0.0,0.0,0.0,0.0,0.0,0.0,0.0,0.0,0.0,0.0,0.0,0.0,0.0,0.0,0.0,0.0,0.0,0.0,0.0,0.0,0.0,0.0,0.0,0.0,0.0,0.0,0.0,0.0,0.0,0.0,0.0,0.0,0.0,0.0,0.0,0.0,0.0,0.0,0.0,0.0,0.0,0.0,0.0,0.0,0.0,0.0,0.0,0.0,0.0,0.0,0.0,0.0,0.0,0.0,0.0,0.0,0.0,0.0,0.0,0.0,0.0,0.0,0.0,0.0,0.0,0.0,0.0,0.0,0.0,0.0,0.0,0.0,0.0,0.0,0.0,0.0,0.0,0.0,0.0,0.0,0.0,0.0,0.0,0.0,0.0,0.0,0.0,0.0,0.0,0.0,0.0,0.0,0.0,0.0,0.0,0.0,0.0,0.0,0.0,0.0,0.0,0.0,0.0,0.0,0.0,0.0,0.0,0.0,0.0,0.0,0.0,0.0
8479525,2025,Ross Colton,COL,C,other,1,17.0,0.0,0.17,0.0,0.0,0.0,0.0,0.0,0.0,6.0,0.0,0.0,0.0,0.0,0.0,0.0,0.0,0.0,0.0,0.0,0.0,0.0,0.0,0.0,0.0,0.0,0.0,0.0,0.0,0.0,0.0,0.0,0.0,0.0,0.0,0.0,0.0,0.0,0.0,0.0,0.0,0.0,0.0,0.0,0.0,0.0,0.0,0.0,0.0,0.0,0.0,0.0,0.0,0.0,0.0,0.0,0.0,0.0,0.0,0.0,0.0,0.0,0.0,0.0,0.0,0.0,0.0,0.0,0.0,0.0,0.0,0.0,174.0,0.0,0.0,0.0,0.0,0.0,0.0,0.0,0.0,0.0,0.0,0.0,0.0,0.0,0.0,0.0,0.0,0.0,0.0,0.0,0.0,0.0,0.0,0.0,0.0,0.0,0.0,0.0,0.0,0.0,0.0,0.0,0.0,0.0,0.0,0.0,0.0,0.0,0.0,0.0,0.0,0.0,0.0,0.0,0.0,0.0,0.0,0.0,0.0,0.0,0.0,0.0,0.0,0.0,0.0,0.0,0.0,0.0,0.0,0.0,0.0,0.0,0.0,0.0,0.0,0.0,0.55,0.0,10.0,0.0,0.0,0.0,0.0,0.0,0.0
8479525,2025,Ross Colton,COL,C,all,1,677.0,17.0,0.17,0.34,0.46,0.55,0.4,0.47,0.43,8.0,1.48,0.07,0.1,0.51,0.06,0.76,0.5,0.07,0.07,0.07,0.0,0.0,1.0,1.0,0.0,2.0,0.0,0.0,0.0,0.0,0.0,0.0,2.0,0.0,1.0,2.0,0.0,0.0,1.0,2.0,0.0,0.0,2.0,0.0,0.0,0.07,0.0,0.0,0.0,0.0,0.0,2.06,2.0,2.06,0.0,0.02,0.0,0.03,0.06,0.06,0.06,17.0,4.0,0.0,4.0,9.0,1.0,4.0,2.0,10.0,1.0,1.0,2923.0,0.0,2.0,1.0,0.0,5.01,0.24,0.24,0.27,0.26,4.0,3.0,5.0,12.0,0.0,1.0,0.0,7.0,0.0,0.0,0.24,0.0,0.0,0.0,0.0,0.0,12.96,7.0,7.56,0.06,0.03,0.03,0.27,0.3,0.3,5.78,0.46,0.46,0.44,0.43,3.0,5.0,2.0,10.0,0.0,1.0,0.0,7.0,0.0,1.0,0.14,0.0,0.32,0.0,0.0,0.0,9.29,8.0,7.4,0.07,0.32,0.32,0.21,0.19,0.19,1.85,2.14,37.0,56.0,0.0,0.0,0.0,0.0,0.0,0.0
8479525,2025,Ross Colton,COL,C,5on5,1,571.0,14.0,0.17,0.34,0.54,0.47,0.44,0.43,0.49,7.0,1.48,0.07,0.1,0.51,0.06,0.76,0.5,0.07,0.07,0.07,0.0,0.0,1.0,1.0,0.0,2.0,0.0,0.0,0.0,0.0,0.0,0.0,2.0,0.0,1.0,2.0,0.0,0.0,1.0,2.0,0.0,0.0,2.0,0.0,0.0,0.07,0.0,0.0,0.0,0.0,0.0,2.06,2.0,2.06,0.0,0.02,0.0,0.03,0.06,0.06,0.06,14.0,4.0,0.0,2.0,8.0,1.0,4.0,1.0,8.0,1.0,1.0,1897.0,0.0,2.0,1.0,0.0,4.3,0.24,0.24,0.26,0.26,4.0,2.0,3.0,9.0,0.0,1.0,0.0,6.0,0.0,0.0,0.24,0.0,0.0,0.0,0.0,0.0,9.96,6.0,6.56,0.05,0.03,0.03,0.26,0.29,0.28,5.78,0.46,0.46,0.44,0.43,3.0,5.0,2.0,10.0,0.0,1.0,0.0,7.0,0.0,1.0,0.14,0.0,0.32,0.0,0.0,0.0,9.29,8.0,7.4,0.07,0.32,0.32,0.21,0.19,0.19,1.31,1.11,30.0,38.0,0.0,0.01,0.0,1.0,0.0,1.0
8479525,2025,Ross Colton,COL,C,4on5,1,0.0,0.0,0.0,0.0,0.0,0.0,0.0,0.0,0.0,0.0,0.0,0.0,0.0,0.0,0.0,0.0,0.0,0.0,0.0,0.0,0.0,0.0,0.0,0.0,0.0,0.0,0.0,0.0,0.0,0.0,0.0,0.0,0.0,0.0,0.0,0.0,0.0,0.0,0.0,0.0,0.0,0.0,0.0,0.0,0.0,0.0,0.0,0.0,0.0,0.0,0.0,0.0,0.0,0.0,0.0,0.0,0.0,0.0,0.0,0.0,0.0,0.0,0.0,0.0,0.0,0.0,0.0,0.0,0.0,0.0,0.0,0.0,0.0,0.0,0.0,0.0,0.0,0.0,0.0,0.0,0.0,0.0,0.0,0.0,0.0,0.0,0.0,0.0,0.0,0.0,0.0,0.0,0.0,0.0,0.0,0.0,0.0,0.0,0.0,0.0,0.0,0.0,0.0,0.0,0.0,0.0,0.0,0.0,0.0,0.0,0.0,0.0,0.0,0.0,0.0,0.0,0.0,0.0,0.0,0.0,0.0,0.0,0.0,0.0,0.0,0.0,0.0,0.0,0.0,0.0,0.0,0.0,0.0,0.0,0.0,0.0,0.0,0.0,0.0,0.0,0.0,0.0,0.0,0.0,0.0,0.0,0.0
8479525,2025,Ross Colton,COL,C,5on4,1,89.0,3.0,0.17,1.0,1.0,1.0,1.0,1.0,1.0,8.0,0.0,0.0,0.0,0.0,0.0,0.0,0.0,0.0,0.0,0.0,0.0,0.0,0.0,0.0,0.0,0.0,0.0,0.0,0.0,0.0,0.0,0.0,0.0,0.0,0.0,0.0,0.0,0.0,0.0,0.0,0.0,0.0,0.0,0.0,0.0,0.0,0.0,0.0,0.0,0.0,0.0,0.0,0.0,0.0,0.0,0.0,0.0,0.0,0.0,0.0,0.0,3.0,0.0,0.0,2.0,1.0,0.0,0.0,1.0,2.0,0.0,0.0,516.0,0.0,0.0,0.0,0.0,0.71,0.0,0.0,0.0,0.0,0.0,1.0,2.0,3.0,0.0,0.0,0.0,1.0,0.0,0.0,0.0,0.0,0.0,0.0,0.0,0.0,3.0,1.0,1.0,0.01,0.0,0.0,0.01,0.01,0.01,0.0,0.0,0.0,0.0,0.0,0.0,0.0,0.0,0.0,0.0,0.0,0.0,0.0,0.0,0.0,0.0,0.0,0.0,0.0,0.0,0.0,0.0,0.0,0.0,0.0,0.0,0.0,0.0,0.0,0.0,0.54,0.0,7.0,0.0,0.0,0.0,0.0,0.0,0.0,0.0
8477942,2025,Kevin Fiala,LAK,L,other,1,149.0,1.0,0.93,1.0,1.0,1.0,1.0,1.0,1.0,3.0,1.41,0.09,0.13,0.31,0.05,1.07,0.34,0.08,0.09,0.08,0.0,0.0,2.0,0.0,1.0,3.0,1.0,1.0,0.0,0.0,0.0,0.0,1.0,0.0,1.0,1.0,0.0,0.0,0.0,1.0,0.0,0.0,2.0,0.0,0.0,0.09,0.0,0.0,1.0,0.0,0.0,3.0,2.0,2.0,0.0,0.04,0.0,0.0,0.13,0.13,0.11,1.0,1.0,0.0,0.0,0.0,1.0,0.0,0.0,0.0,0.0,0.0,42.0,0.0,0.0,0.0,0.0,4.05,0.48,0.47,0.48,0.47,4.0,2.0,2.0,8.0,1.0,0.0,0.0,4.0,2.0,0.0,0.2,0.28,0.0,1.0,0.0,0.0,8.0,6.0,6.0,0.12,0.0,0.0,0.6,0.6,0.58,0.0,0.0,0.0,0.0,0.0,0.0,0.0,0.0,0.0,0.0,0.0,0.0,0.0,0.0,0.0,0.0,0.0,0.0,0.0,0.0,0.0,0.0,0.0,0.0,0.0,0.0,0.0,0.0,0.0,0.0,0.07,0.0,2.0,0.0,0.0,0.0,0.0,0.0,0.0,0.0
8477942,2025,Kevin Fiala,LAK,L,all,1,1060.0,18.0,0.93,0.71,0.48,0.71,0.51,0.74,0.48,5.0,2.89,0.13,0.23,0.61,0.1,1.91,1.02,0.12,0.13,0.11,0.0,0.0,3.0,1.0,2.0,6.0,1.0,1.0,0.0,0.0,1.0,0.0,2.0,0.0,2.0,3.0,1.0,2.0,0.0,2.0,1.0,2.0,4.0,0.0,0.0,0.13,0.0,0.0,1.0,0.0,0.0,5.73,4.0,3.77,0.0,0.06,0.0,0.0,0.18,0.18,0.16,18.0,4.0,4.0,1.0,9.0,6.0,3.0,0.0,9.0,0.0,0.0,2540.0,2.0,0.0,0.0,0.0,11.96,1.07,1.04,1.04,1.01,10.0,7.0,8.0,25.0,1.0,1.0,0.0,13.0,3.0,1.0,0.37,0.38,0.32,1.0,0.0,0.0,23.7,17.0,16.13,0.21,0.32,0.32,0.96,0.94,0.91,4.43,0.45,0.44,0.49,0.48,4.0,2.0,4.0,10.0,1.0,0.0,0.0,4.0,2.0,0.0,0.16,0.28,0.0,0.0,1.0,0.0,10.84,6.0,6.57,0.06,0.0,0.0,0.51,0.55,0.55,1.53,1.65,41.0,39.0,0.0,0.0,0.0,0.0,0.0,0.0
8477942,2025,Kevin Fiala,LAK,L,5on5,1,756.0,16.0,0.93,0.52,0.5,0.6,0.53,0.63,0.49,1.0,1.48,0.04,0.09,0.3,0.04,0.84,0.69,0.04,0.03,0.03,0.0,0.0,1.0,1.0,0.0,2.0,0.0,0.0,0.0,0.0,1.0,0.0,1.0,0.0,1.0,2.0,1.0,2.0,0.0,1.0,1.0,2.0,2.0,0.0,0.0,0.04,0.0,0.0,0.0,0.0,0.0,1.73,2.0,1.76,0.0,0.02,0.0,0.0,0.06,0.05,0.05,16.0,2.0,4.0,1.0,9.0,5.0,3.0,0.0,8.0,0.0,0.0,1712.0,2.0,0.0,0.0,0.0,7.36,0.49,0.48,0.46,0.45,6.0,4.0,5.0,15.0,0.0,1.0,0.0,9.0,0.0,1.0,0.17,0.0,0.32,0.0,0.0,0.0,13.7,10.0,9.13,0.08,0.32,0.32,0.25,0.23,0.23,4.43,0.45,0.44,0.49,0.48,4.0,2.0,4.0,10.0,1.0,0.0,0.0,4.0,2.0,0.0,0.16,0.28,0.0,0.0,1.0,0.0,10.84,6.0,6.57,0.06,0.0,0.0,0.51,0.55,0.55,1.09,1.1,33.0,29.0,0.0,0.0,0.0,0.0,0.0,0.0
8477942,2025,Kevin Fiala,LAK,L,4on5,1,0.0,0.0,0.0,0.0,0.0,0.0,0.0,0.0,0.0,0.0,0.0,0.0,0.0,0.0,0.0,0.0,0.0,0.0,0.0,0.0,0.0,0.0,0.0,0.0,0.0,0.0,0.0,0.0,0.0,0.0,0.0,0.0,0.0,0.0,0.0,0.0,0.0,0.0,0.0,0.0,0.0,0.0,0.0,0.0,0.0,0.0,0.0,0.0,0.0,0.0,0.0,0.0,0.0,0.0,0.0,0.0,0.0,0.0,0.0,0.0,0.0,0.0,0.0,0.0,0.0,0.0,0.0,0.0,0.0,0.0,0.0,0.0,0.0,0.0,0.0,0.0,0.0,0.0,0.0,0.0,0.0,0.0,0.0,0.0,0.0,0.0,0.0,0.0,0.0,0.0,0.0,0.0,0.0,0.0,0.0,0.0,0.0,0.0,0.0,0.0,0.0,0.0,0.0,0.0,0.0,0.0,0.0,0.0,0.0,0.0,0.0,0.0,0.0,0.0,0.0,0.0,0.0,0.0,0.0,0.0,0.0,0.0,0.0,0.0,0.0,0.0,0.0,0.0,0.0,0.0,0.0,0.0,0.0,0.0,0.0,0.0,0.0,0.0,0.0,0.0,0.0,0.0,0.0,0.0,0.0,0.0,0.0
8477942,2025,Kevin Fiala,LAK,L,5on4,1,155.0,1.0,0.93,1.0,1.0,1.0,1.0,1.0,1.0,5.0,0.0,0.0,0.0,0.0,0.0,0.0,0.0,0.0,0.0,0.0,0.0,0.0,0.0,0.0,1.0,1.0,0.0,0.0,0.0,0.0,0.0,0.0,0.0,0.0,0.0,0.0,0.0,0.0,0.0,0.0,0.0,0.0,0.0,0.0,0.0,0.0,0.0,0.0,0.0,0.0,0.0,1.0,0.0,0.0,0.0,0.0,0.0,0.0,0.0,0.0,0.0,1.0,1.0,0.0,0.0,0.0,0.0,0.0,0.0,1.0,0.0,0.0,181.0,0.0,0.0,0.0,0.0,0.55,0.1,0.09,0.1,0.09,0.0,1.0,1.0,2.0,0.0,0.0,0.0,0.0,1.0,0.0,0.0,0.1,0.0,0.0,0.0,0.0,2.0,1.0,1.0,0.02,0.0,0.0,0.11,0.11,0.11,0.0,0.0,0.0,0.0,0.0,0.0,0.0,0.0,0.0,0.0,0.0,0.0,0.0,0.0,0.0,0.0,0.0,0.0,0.0,0.0,0.0,0.0,0.0,0.0,0.0,0.0,0.0,0.0,0.0,0.0,0.38,0.0,6.0,0.0,0.0,0.0,0.0,0.0,0.0,0.0
8475842,2025,Sam Carrick,NYR,C,other,1,0.0,0.0,0.0,0.0,0.0,0.0,0.0,0.0,0.0,0.0,0.0,0.0,0.0,0.0,0.0,0.0,0.0,0.0,0.0,0.0,0.0,0.0,0.0,0.0,0.0,0.0,0.0,0.0,0.0,0.0,0.0,0.0,0.0,0.0,0.0,0.0,0.0,0.0,0.0,0.0,0.0,0.0,0.0,0.0,0.0,0.0,0.0,0.0,0.0,0.0,0.0,0.0,0.0,0.0,0.0,0.0,0.0,0.0,0.0,0.0,0.0,0.0,0.0,0.0,0.0,0.0,0.0,0.0,0.0,0.0,0.0,0.0,0.0,0.0,0.0,0.0,0.0,0.0,0.0,0.0,0.0,0.0,0.0,0.0,0.0,0.0,0.0,0.0,0.0,0.0,0.0,0.0,0.0,0.0,0.0,0.0,0.0,0.0,0.0,0.0,0.0,0.0,0.0,0.0,0.0,0.0,0.0,0.0,0.0,0.0,0.0,0.0,0.0,0.0,0.0,0.0,0.0,0.0,0.0,0.0,0.0,0.0,0.0,0.0,0.0,0.0,0.0,0.0,0.0,0.0,0.0,0.0,0.0,0.0,0.0,0.0,0.0,0.0,0.0,0.0,0.0,0.0,0.0,0.0,0.0,0.0,0.0
8475842,2025,Sam Carrick,NYR,C,all,1,601.0,14.0,-0.06,0.56,0.34,0.42,0.51,0.4,0.5,10.0,0.79,0.01,0.01,0.1,0.02,0.34,0.52,0.01,0.01,0.01,0.0,0.0,1.0,0.0,0.0,1.0,0.0,0.0,0.0,0.0,0.0,0.0,0.0,1.0,1.0,1.0,0.0,0.0,1.0,0.0,0.0,1.0,1.0,0.0,0.0,0.01,0.0,0.0,0.0,0.0,0.0,0.92,1.0,0.92,1.0,0.0,0.0,0.0,0.01,0.01,0.01,14.0,2.0,2.0,2.0,8.0,0.0,1.0,0.0,13.0,1.0,4.0,2999.0,0.0,0.0,0.0,0.0,4.43,0.41,0.38,0.38,0.35,3.0,3.0,2.0,8.0,0.0,2.0,0.0,3.0,3.0,0.0,0.08,0.33,0.0,0.0,0.0,0.0,7.49,6.0,5.61,0.06,0.2,0.2,0.27,0.25,0.25,6.7,0.33,0.33,0.36,0.36,8.0,1.0,2.0,11.0,0.0,0.0,0.0,9.0,0.0,0.0,0.33,0.0,0.0,0.0,0.0,0.0,12.0,9.0,9.82,0.07,0.0,0.0,0.4,0.44,0.44,2.1,4.11,52.0,50.0,0.0,0.0,0.0,0.0,0.0,0.0
8475842,2025,Sam Carrick,NYR,C,5on5,1,559.0,12.0,-0.06,0.56,0.41,0.44,0.49,0.4,0.49,10.0,0.79,0.01,0.01,0.1,0.02,0.34,0.52,0.01,0.01,0.01,0.0,0.0,1.0,0.0,0.0,1.0,0.0,0.0,0.0,0.0,0.0,0.0,0.0,1.0,1.0,1.0,0.0,0.0,1.0,0.0,0.0,1.0,1.0,0.0,0.0,0.01,0.0,0.0,0.0,0.0,0.0,0.92,1.0,0.92,1.0,0.0,0.0,0.0,0.01,0.01,0.01,12.0,1.0,1.0,2.0,8.0,0.0,1.0,0.0,11.0,1.0,4.0,2658.0,0.0,0.0,0.0,0.0,4.43,0.41,0.38,0.38,0.35,3.0,3.0,2.0,8.0,0.0,2.0,0.0,3.0,3.0,0.0,0.08,0.33,0.0,0.0,0.0,0.0,7.49,6.0,5.61,0.06,0.2,0.2,0.27,0.25,0.25,6.7,0.33,0.33,0.36,0.36,8.0,1.0,1.0,10.0,0.0,0.0,0.0,9.0,0.0,0.0,0.33,0.0,0.0,0.0,0.0,0.0,11.0,9.0,9.82,0.07,0.0,0.0,0.4,0.44,0.44,1.91,2.69,46.0,48.0,0.0,0.0,0.0,0.0,0.0,0.0
8475842,2025,Sam Carrick,NYR,C,4on5,1,30.0,1.0,-0.06,0.0,0.0,0.0,0.0,0.0,0.0,6.0,0.0,0.0,0.0,0.0,0.0,0.0,0.0,0.0,0.0,0.0,0.0,0.0,0.0,0.0,0.0,0.0,0.0,0.0,0.0,0.0,0.0,0.0,0.0,0.0,0.0,0.0,0.0,0.0,0.0,0.0,0.0,0.0,0.0,0.0,0.0,0.0,0.0,0.0,0.0,0.0,0.0,0.0,0.0,0.0,0.0,0.0,0.0,0.0,0.0,0.0,0.0,1.0,0.0,1.0,0.0,0.0,0.0,0.0,0.0,1.0,0.0,0.0,90.0,0.0,0.0,0.0,0.0,0.0,0.0,0.0,0.0,0.0,0.0,0.0,0.0,0.0,0.0,0.0,0.0,0.0,0.0,0.0,0.0,0.0,0.0,0.0,0.0,0.0,0.0,0.0,0.0,0.0,0.0,0.0,0.0,0.0,0.0,0.0,0.0,0.0,0.0,0.0,0.0,0.0,1.0,1.0,0.0,0.0,0.0,0.0,0.0,0.0,0.0,0.0,0.0,0.0,0.0,0.0,1.0,0.0,0.0,0.0,0.0,0.0,0.0,0.0,0.0,0.0,0.0,0.0,0.0,0.0,0.0,0.0,0.0,0.0,0.0
8475842,2025,Sam Carrick,NYR,C,5on4,1,12.0,1.0,-0.06,0.0,1.0,0.0,1.0,0.0,1.0,11.0,0.0,0.0,0.0,0.0,0.0,0.0,0.0,0.0,0.0,0.0,0.0,0.0,0.0,0.0,0.0,0.0,0.0,0.0,0.0,0.0,0.0,0.0,0.0,0.0,0.0,0.0,0.0,0.0,0.0,0.0,0.0,0.0,0.0,0.0,0.0,0.0,0.0,0.0,0.0,0.0,0.0,0.0,0.0,0.0,0.0,0.0,0.0,0.0,0.0,0.0,0.0,1.0,1.0,0.0,0.0,0.0,0.0,0.0,0.0,1.0,0.0,0.0,228.0,0.0,0.0,0.0,0.0,0.0,0.0,0.0,0.0,0.0,0.0,0.0,0.0,0.0,0.0,0.0,0.0,0.0,0.0,0.0,0.0,0.0,0.0,0.0,0.0,0.0,0.0,0.0,0.0,0.0,0.0,0.0,0.0,0.0,0.0,0.0,0.0,0.0,0.0,0.0,0.0,0.0,0.0,0.0,0.0,0.0,0.0,0.0,0.0,0.0,0.0,0.0,0.0,0.0,0.0,0.0,0.0,0.0,0.0,0.0,0.0,0.0,0.0,0.0,0.0,0.19,0.0,5.0,0.0,0.0,0.0,0.0,0.0,0.0,0.0
8482460,2025,Matt Rempe,NYR,C,other,1,0.0,0.0,0.0,0.0,0.0,0.0,0.0,0.0,0.0,0.0,0.0,0.0,0.0,0.0,0.0,0.0,0.0,0.0,0.0,0.0,0.0,0.0,0.0,0.0,0.0,0.0,0.0,0.0,0.0,0.0,0.0,0.0,0.0,0.0,0.0,0.0,0.0,0.0,0.0,0.0,0.0,0.0,0.0,0.0,0.0,0.0,0.0,0.0,0.0,0.0,0.0,0.0,0.0,0.0,0.0,0.0,0.0,0.0,0.0,0.0,0.0,0.0,0.0,0.0,0.0,0.0,0.0,0.0,0.0,0.0,0.0,0.0,0.0,0.0,0.0,0.0,0.0,0.0,0.0,0.0,0.0,0.0,0.0,0.0,0.0,0.0,0.0,0.0,0.0,0.0,0.0,0.0,0.0,0.0,0.0,0.0,0.0,0.0,0.0,0.0,0.0,0.0,0.0,0.0,0.0,0.0,0.0,0.0,0.0,0.0,0.0,0.0,0.0,0.0,0.0,0.0,0.0,0.0,0.0,0.0,0.0,0.0,0.0,0.0,0.0,0.0,0.0,0.0,0.0,0.0,0.0,0.0,0.0,0.0,0.0,0.0,0.0,0.0,0.0,0.0,0.0,0.0,0.0,0.0,0.0,0.0,0.0
8482460,2025,Matt Rempe,NYR,C,all,1,567.0,12.0,-0.05,0.37,0.36,0.5,0.5,0.42,0.49,11.0,0.0,0.0,0.0,0.0,0.0,0.0,0.0,0.0,0.0,0.0,0.0,0.0,0.0,0.0,1.0,1.0,0.0,0.0,0.0,0.0,0.0,0.0,0.0,0.0,0.0,0.0,0.0,0.0,0.0,2.0,0.0,0.0,0.0,0.0,0.0,0.0,0.0,0.0,0.0,0.0,0.0,0.92,0.0,0.0,0.0,0.0,0.0,0.0,0.0,0.0,0.0,12.0,1.0,0.0,2.0,9.0,2.0,0.0,1.0,9.0,0.0,0.0,3033.0,0.0,0.0,0.0,0.0,3.53,0.18,0.18,0.17,0.17,4.0,1.0,3.0,8.0,0.0,0.0,0.0,4.0,1.0,0.0,0.09,0.09,0.0,0.0,0.0,0.0,7.51,5.0,4.72,0.04,0.0,0.0,0.22,0.21,0.21,5.24,0.3,0.3,0.33,0.33,6.0,1.0,1.0,8.0,0.0,0.0,0.0,7.0,0.0,0.0,0.3,0.0,0.0,0.0,0.0,0.0,8.86,7.0,7.69,0.06,0.0,0.0,0.36,0.4,0.4,2.32,4.13,52.0,53.0,0.0,0.0,0.0,0.0,0.0,0.0
8482460,2025,Matt Rempe,NYR,C,5on5,1,525.0,11.0,-0.05,0.29,0.45,0.47,0.48,0.36,0.49,11.0,0.0,0.0,0.0,0.0,0.0,0.0,0.0,0.0,0.0,0.0,0.0,0.0,0.0,0.0,1.0,1.0,0.0,0.0,0.0,0.0,0.0,0.0,0.0,0.0,0.0,0.0,0.0,0.0,0.0,2.0,0.0,0.0,0.0,0.0,0.0,0.0,0.0,0.0,0.0,0.0,0.0,0.92,0.0,0.0,0.0,0.0,0.0,0.0,0.0,0.0,0.0,11.0,1.0,0.0,2.0,8.0,1.0,0.0,1.0,9.0,0.0,0.0,2692.0,0.0,0.0,0.0,0.0,2.77,0.12,0.12,0.12,0.12,3.0,1.0,3.0,7.0,0.0,0.0,0.0,3.0,1.0,0.0,0.04,0.09,0.0,0.0,0.0,0.0,6.51,4.0,3.72,0.03,0.0,0.0,0.15,0.14,0.14,5.24,0.3,0.3,0.33,0.33,6.0,1.0,1.0,8.0,0.0,0.0,0.0,7.0,0.0,0.0,0.3,0.0,0.0,0.0,0.0,0.0,8.86,7.0,7.69,0.06,0.0,0.0,0.36,0.4,0.4,2.19,2.72,47.0,50.0,0.24,0.02,2.0,1.0,2.0,1.0
8482460,2025,Matt Rempe,NYR,C,4on5,1,0.0,0.0,0.0,0.0,0.0,0.0,0.0,0.0,0.0,0.0,0.0,0.0,0.0,0.0,0.0,0.0,0.0,0.0,0.0,0.0,0.0,0.0,0.0,0.0,0.0,0.0,0.0,0.0,0.0,0.0,0.0,0.0,0.0,0.0,0.0,0.0,0.0,0.0,0.0,0.0,0.0,0.0,0.0,0.0,0.0,0.0,0.0,0.0,0.0,0.0,0.0,0.0,0.0,0.0,0.0,0.0,0.0,0.0,0.0,0.0,0.0,0.0,0.0,0.0,0.0,0.0,0.0,0.0,0.0,0.0,0.0,0.0,0.0,0.0,0.0,0.0,0.0,0.0,0.0,0.0,0.0,0.0,0.0,0.0,0.0,0.0,0.0,0.0,0.0,0.0,0.0,0.0,0.0,0.0,0.0,0.0,0.0,0.0,0.0,0.0,0.0,0.0,0.0,0.0,0.0,0.0,0.0,0.0,0.0,0.0,0.0,0.0,0.0,0.0,0.0,0.0,0.0,0.0,0.0,0.0,0.0,0.0,0.0,0.0,0.0,0.0,0.0,0.0,0.0,0.0,0.0,0.0,0.0,0.0,0.0,0.0,0.0,0.0,0.0,0.0,0.0,0.0,0.0,0.0,0.0,0.0,0.0
8482460,2025,Matt Rempe,NYR,C,5on4,1,42.0,1.0,-0.05,1.0,1.0,1.0,1.0,1.0,1.0,7.0,0.0,0.0,0.0,0.0,0.0,0.0,0.0,0.0,0.0,0.0,0.0,0.0,0.0,0.0,0.0,0.0,0.0,0.0,0.0,0.0,0.0,0.0,0.0,0.0,0.0,0.0,0.0,0.0,0.0,0.0,0.0,0.0,0.0,0.0,0.0,0.0,0.0,0.0,0.0,0.0,0.0,0.0,0.0,0.0,0.0,0.0,0.0,0.0,0.0,0.0,0.0,1.0,0.0,0.0,0.0,1.0,1.0,0.0,0.0,0.0,0.0,0.0,198.0,0.0,0.0,0.0,0.0,0.76,0.06,0.06,0.06,0.06,1.0,0.0,0.0,1.0,0.0,0.0,0.0,1.0,0.0,0.0,0.06,0.0,0.0,0.0,0.0,0.0,1.0,1.0,1.0,0.01,0.0,0.0,0.07,0.07,0.07,0.0,0.0,0.0,0.0,0.0,0.0,0.0,0.0,0.0,0.0,0.0,0.0,0.0,0.0,0.0,0.0,0.0,0.0,0.0,0.0,0.0,0.0,0.0,0.0,0.0,0.0,0.0,0.0,0.0,0.0,0.13,0.0,4.0,0.0,0.0,0.0,0.0,0.0,0.0,0.0
8480835,2025,Jack Drury,COL,C,other,1,47.0,1.0,-0.15,0.0,0.0,0.0,0.0,0.0,0.0,3.0,0.0,0.0,0.0,0.0,0.0,0.0,0.0,0.0,0.0,0.0,0.0,0.0,0.0,0.0,0.0,0.0,0.0,0.0,0.0,0.0,0.0,0.0,0.0,0.0,0.0,0.0,0.0,0.0,0.0,0.0,0.0,0.0,0.0,0.0,0.0,0.0,0.0,0.0,0.0,0.0,0.0,0.0,0.0,0.0,0.0,0.0,0.0,0.0,0.0,0.0,0.0,1.0,0.0,1.0,0.0,0.0,0.0,0.0,1.0,0.0,0.0,1.0,144.0,0.0,0.0,0.0,0.0,0.0,0.0,0.0,0.0,0.0,0.0,0.0,0.0,0.0,0.0,0.0,0.0,0.0,0.0,0.0,0.0,0.0,0.0,0.0,0.0,0.0,0.0,0.0,0.0,0.0,0.0,0.0,0.0,0.0,0.0,1.46,0.25,0.24,0.25,0.24,2.0,0.0,0.0,2.0,1.0,0.0,0.0,1.0,1.0,0.0,0.07,0.18,0.0,1.0,0.0,0.0,2.0,2.0,2.0,0.05,0.0,0.0,0.3,0.3,0.28,0.0,0.3,0.0,8.0,0.0,0.0,0.0,0.0,0.0,0.0
8480835,2025,Jack Drury,COL,C,all,1,712.0,16.0,-0.15,0.19,0.52,0.33,0.45,0.29,0.48,6.0,0.0,0.0,0.0,0.0,0.0,0.0,0.0,0.0,0.0,0.0,0.0,0.0,0.0,0.0,1.0,1.0,0.0,0.0,0.0,0.0,0.0,0.0,0.0,0.0,0.0,0.0,0.0,0.0,5.0,0.0,0.0,0.0,0.0,0.0,0.0,0.0,0.0,0.0,0.0,0.0,0.0,1.03,0.0,0.0,0.0,0.0,0.0,0.0,0.0,0.0,0.0,16.0,4.0,1.0,2.0,9.0,1.0,2.0,2.0,11.0,5.0,5.0,2888.0,0.0,0.0,0.0,1.0,3.58,0.2,0.2,0.22,0.21,3.0,2.0,3.0,8.0,0.0,1.0,0.0,5.0,0.0,0.0,0.2,0.0,0.0,0.0,0.0,0.0,8.74,5.0,5.4,0.04,0.03,0.03,0.21,0.23,0.23,8.5,0.85,0.82,0.82,0.79,6.0,6.0,4.0,16.0,1.0,1.0,0.0,9.0,2.0,1.0,0.25,0.28,0.32,1.0,0.0,0.0,15.11,12.0,11.28,0.14,0.32,0.32,0.67,0.65,0.63,1.89,1.75,41.0,50.0,0.0,0.0,0.0,0.0,0.0,0.0
8480835,2025,Jack Drury,COL,C,5on5,1,599.0,15.0,-0.15,0.29,0.56,0.4,0.46,0.36,0.51,6.0,0.0,0.0,0.0,0.0,0.0,0.0,0.0,0.0,0.0,0.0,0.0,0.0,0.0,0.0,1.0,1.0,0.0,0.0,0.0,0.0,0.0,0.0,0.0,0.0,0.0,0.0,0.0,0.0,4.0,0.0,0.0,0.0,0.0,0.0,0.0,0.0,0.0,0.0,0.0,0.0,0.0,1.03,0.0,0.0,0.0,0.0,0.0,0.0,0.0,0.0,0.0,15.0,4.0,0.0,2.0,9.0,1.0,2.0,1.0,11.0,4.0,3.0,1869.0,0.0,0.0,0.0,0.0,3.58,0.2,0.2,0.22,0.21,3.0,2.0,3.0,8.0,0.0,1.0,0.0,5.0,0.0,0.0,0.2,0.0,0.0,0.0,0.0,0.0,8.74,5.0,5.4,0.04,0.03,0.03,0.21,0.23,0.23,6.49,0.5,0.49,0.47,0.46,4.0,5.0,3.0,12.0,0.0,1.0,0.0,8.0,0.0,1.0,0.18,0.0,0.32,0.0,0.0,0.0,11.11,9.0,8.28,0.08,0.32,0.32,0.26,0.23,0.23,1.35,1.08,31.0,36.0,0.0,0.0,0.0,0.0,0.0,0.0
8480835,2025,Jack Drury,COL,C,4on5,1,66.0,0.0,-0.15,0.0,0.0,0.0,0.0,0.0,0.0,6.0,0.0,0.0,0.0,0.0,0.0,0.0,0.0,0.0,0.0,0.0,0.0,0.0,0.0,0.0,0.0,0.0,0.0,0.0,0.0,0.0,0.0,0.0,0.0,0.0,0.0,0.0,0.0,0.0,1.0,0.0,0.0,0.0,0.0,0.0,0.0,0.0,0.0,0.0,0.0,0.0,0.0,0.0,0.0,0.0,0.0,0.0,0.0,0.0,0.0,0.0,0.0,0.0,0.0,0.0,0.0,0.0,0.0,0.0,0.0,0.0,1.0,0.0,270.0,0.0,0.0,0.0,0.0,0.0,0.0,0.0,0.0,0.0,0.0,0.0,0.0,0.0,0.0,0.0,0.0,0.0,0.0,0.0,0.0,0.0,0.0,0.0,0.0,0.0,0.0,0.0,0.0,0.0,0.0,0.0,0.0,0.0,0.0,0.55,0.1,0.09,0.1,0.09,0.0,1.0,1.0,2.0,0.0,0.0,0.0,0.0,1.0,0.0,0.0,0.1,0.0,0.0,0.0,0.0,2.0,1.0,1.0,0.02,0.0,0.0,0.11,0.11,0.11,0.0,0.38,0.0,6.0,0.0,0.0,0.0,0.0,0.0,0.0
8480835,2025,Jack Drury,COL,C,5on4,1,0.0,0.0,0.0,0.0,0.0,0.0,0.0,0.0,0.0,0.0,0.0,0.0,0.0,0.0,0.0,0.0,0.0,0.0,0.0,0.0,0.0,0.0,0.0,0.0,0.0,0.0,0.0,0.0,0.0,0.0,0.0,0.0,0.0,0.0,0.0,0.0,0.0,0.0,0.0,0.0,0.0,0.0,0.0,0.0,0.0,0.0,0.0,0.0,0.0,0.0,0.0,0.0,0.0,0.0,0.0,0.0,0.0,0.0,0.0,0.0,0.0,0.0,0.0,0.0,0.0,0.0,0.0,0.0,0.0,0.0,0.0,0.0,0.0,0.0,0.0,0.0,0.0,0.0,0.0,0.0,0.0,0.0,0.0,0.0,0.0,0.0,0.0,0.0,0.0,0.0,0.0,0.0,0.0,0.0,0.0,0.0,0.0,0.0,0.0,0.0,0.0,0.0,0.0,0.0,0.0,0.0,0.0,0.0,0.0,0.0,0.0,0.0,0.0,0.0,0.0,0.0,0.0,0.0,0.0,0.0,0.0,0.0,0.0,0.0,0.0,0.0,0.0,0.0,0.0,0.0,0.0,0.0,0.0,0.0,0.0,0.0,0.0,0.0,0.0,0.0,0.0,0.0,0.0,0.0,0.0,0.0,0.0
8476891,2025,Matt Grzelcyk,CHI,D,other,1,0.0,0.0,0.0,0.0,0.0,0.0,0.0,0.0,0.0,0.0,0.0,0.0,0.0,0.0,0.0,0.0,0.0,0.0,0.0,0.0,0.0,0.0,0.0,0.0,0.0,0.0,0.0,0.0,0.0,0.0,0.0,0.0,0.0,0.0,0.0,0.0,0.0,0.0,0.0,0.0,0.0,0.0,0.0,0.0,0.0,0.0,0.0,0.0,0.0,0.0,0.0,0.0,0.0,0.0,0.0,0.0,0.0,0.0,0.0,0.0,0.0,0.0,0.0,0.0,0.0,0.0,0.0,0.0,0.0,0.0,0.0,0.0,0.0,0.0,0.0,0.0,0.0,0.0,0.0,0.0,0.0,0.0,0.0,0.0,0.0,0.0,0.0,0.0,0.0,0.0,0.0,0.0,0.0,0.0,0.0,0.0,0.0,0.0,0.0,0.0,0.0,0.0,0.0,0.0,0.0,0.0,0.0,0.0,0.0,0.0,0.0,0.0,0.0,0.0,0.0,0.0,0.0,0.0,0.0,0.0,0.0,0.0,0.0,0.0,0.0,0.0,0.0,0.0,0.0,0.0,0.0,0.0,0.0,0.0,0.0,0.0,0.0,0.0,0.0,0.0,0.0,0.0,0.0,0.0,0.0,0.0,0.0
8476891,2025,Matt Grzelcyk,CHI,D,all,1,1107.0,25.0,-0.3,0.31,0.26,0.36,0.45,0.35,0.41,3.0,2.45,0.09,0.09,0.71,0.08,1.04,0.99,0.09,0.09,0.09,0.0,0.0,2.0,1.0,1.0,4.0,0.0,0.0,0.0,0.0,0.0,0.0,2.0,1.0,2.0,3.0,0.0,0.0,0.0,0.0,0.0,1.0,3.0,0.0,0.0,0.09,0.0,0.0,0.0,0.0,0.0,4.01,3.0,3.02,1.0,0.02,0.0,0.0,0.11,0.11,0.11,25.0,4.0,3.0,5.0,13.0,5.0,5.0,3.0,12.0,0.0,0.0,2493.0,0.0,0.0,0.0,2.0,7.09,0.59,0.59,0.61,0.6,6.0,3.0,5.0,14.0,1.0,0.0,0.0,7.0,2.0,0.0,0.23,0.36,0.0,1.0,0.0,0.0,14.22,9.0,9.08,0.07,0.0,0.0,0.66,0.68,0.68,12.86,1.31,1.31,1.27,1.27,15.0,2.0,8.0,25.0,1.0,0.0,0.0,10.0,6.0,1.0,0.31,0.77,0.24,0.0,0.0,1.0,24.81,17.0,16.98,0.2,0.0,0.0,1.51,1.47,1.46,1.0,2.83,36.0,44.0,0.0,0.0,0.0,0.0,0.0,0.0
8476891,2025,Matt Grzelcyk,CHI,D,5on5,1,1093.0,24.0,-0.3,0.31,0.32,0.36,0.43,0.35,0.42,2.0,2.45,0.09,0.09,0.71,0.08,1.04,0.99,0.09,0.09,0.09,0.0,0.0,2.0,1.0,1.0,4.0,0.0,0.0,0.0,0.0,0.0,0.0,2.0,1.0,2.0,3.0,0.0,0.0,0.0,0.0,0.0,1.0,3.0,0.0,0.0,0.09,0.0,0.0,0.0,0.0,0.0,4.01,3.0,3.02,1.0,0.02,0.0,0.0,0.11,0.11,0.11,24.0,4.0,3.0,5.0,12.0,5.0,4.0,3.0,12.0,0.0,0.0,1869.0,0.0,0.0,0.0,2.0,7.09,0.59,0.59,0.61,0.6,6.0,3.0,5.0,14.0,1.0,0.0,0.0,7.0,2.0,0.0,0.23,0.36,0.0,1.0,0.0,0.0,14.22,9.0,9.08,0.07,0.0,0.0,0.66,0.68,0.68,12.86,1.31,1.31,1.27,1.27,15.0,2.0,8.0,25.0,1.0,0.0,0.0,10.0,6.0,1.0,0.31,0.77,0.24,0.0,0.0,1.0,24.81,17.0,16.98,0.2,0.0,0.0,1.51,1.47,1.46,0.89,1.86,26.0,34.0,0.0,0.0,0.0,0.0,0.0,0.0
8476891,2025,Matt Grzelcyk,CHI,D,4on5,1,14.0,1.0,-0.3,0.0,0.0,0.0,0.0,0.0,0.0,5.0,0.0,0.0,0.0,0.0,0.0,0.0,0.0,0.0,0.0,0.0,0.0,0.0,0.0,0.0,0.0,0.0,0.0,0.0,0.0,0.0,0.0,0.0,0.0,0.0,0.0,0.0,0.0,0.0,0.0,0.0,0.0,0.0,0.0,0.0,0.0,0.0,0.0,0.0,0.0,0.0,0.0,0.0,0.0,0.0,0.0,0.0,0.0,0.0,0.0,0.0,0.0,1.0,0.0,0.0,0.0,1.0,0.0,1.0,0.0,0.0,0.0,0.0,208.0,0.0,0.0,0.0,0.0,0.0,0.0,0.0,0.0,0.0,0.0,0.0,0.0,0.0,0.0,0.0,0.0,0.0,0.0,0.0,0.0,0.0,0.0,0.0,0.0,0.0,0.0,0.0,0.0,0.0,0.0,0.0,0.0,0.0,0.0,0.0,0.0,0.0,0.0,0.0,0.0,0.0,0.0,0.0,0.0,0.0,0.0,0.0,0.0,0.0,0.0,0.0,0.0,0.0,0.0,0.0,0.0,0.0,0.0,0.0,0.0,0.0,0.0,0.0,0.0,0.0,0.73,0.0,8.0,0.0,0.0,0.0,0.0,0.0,0.0
8476891,2025,Matt Grzelcyk,CHI,D,5on4,1,0.0,0.0,0.0,0.0,0.0,0.0,0.0,0.0,0.0,0.0,0.0,0.0,0.0,0.0,0.0,0.0,0.0,0.0,0.0,0.0,0.0,0.0,0.0,0.0,0.0,0.0,0.0,0.0,0.0,0.0,0.0,0.0,0.0,0.0,0.0,0.0,0.0,0.0,0.0,0.0,0.0,0.0,0.0,0.0,0.0,0.0,0.0,0.0,0.0,0.0,0.0,0.0,0.0,0.0,0.0,0.0,0.0,0.0,0.0,0.0,0.0,0.0,0.0,0.0,0.0,0.0,0.0,0.0,0.0,0.0,0.0,0.0,0.0,0.0,0.0,0.0,0.0,0.0,0.0,0.0,0.0,0.0,0.0,0.0,0.0,0.0,0.0,0.0,0.0,0.0,0.0,0.0,0.0,0.0,0.0,0.0,0.0,0.0,0.0,0.0,0.0,0.0,0.0,0.0,0.0,0.0,0.0,0.0,0.0,0.0,0.0,0.0,0.0,0.0,0.0,0.0,0.0,0.0,0.0,0.0,0.0,0.0,0.0,0.0,0.0,0.0,0.0,0.0,0.0,0.0,0.0,0.0,0.0,0.0,0.0,0.0,0.0,0.0,0.0,0.0,0.0,0.0,0.0,0.0,0.0,0.0,0.0
8476469,2025,Joel Armia,LAK,R,other,1,35.0,1.0,0.13,1.0,1.0,1.0,1.0,1.0,1.0,8.0,0.0,0.0,0.0,0.0,0.0,0.0,0.0,0.0,0.0,0.0,0.0,0.0,0.0,0.0,1.0,1.0,0.0,0.0,0.0,0.0,0.0,0.0,0.0,0.0,0.0,0.0,0.0,0.0,0.0,0.0,0.0,0.0,0.0,0.0,0.0,0.0,0.0,0.0,0.0,0.0,0.0,1.0,0.0,0.0,0.0,0.0,0.0,0.0,0.0,0.0,0.0,1.0,1.0,0.0,0.0,0.0,0.0,1.0,0.0,0.0,0.0,0.0,156.0,0.0,0.0,0.0,0.0,0.85,0.07,0.07,0.07,0.07,1.0,0.0,1.0,2.0,0.0,0.0,0.0,1.0,0.0,0.0,0.07,0.0,0.0,0.0,0.0,0.0,2.0,1.0,1.0,0.03,0.0,0.0,0.09,0.09,0.09,0.0,0.0,0.0,0.0,0.0,0.0,0.0,0.0,0.0,0.0,0.0,0.0,0.0,0.0,0.0,0.0,0.0,0.0,0.0,0.0,0.0,0.0,0.0,0.0,0.0,0.0,0.0,0.0,0.0,0.0,0.48,0.0,8.0,0.0,0.0,0.0,0.0,0.0,0.0,0.0
8476469,2025,Joel Armia,LAK,R,all,1,809.0,19.0,0.13,0.81,0.5,0.65,0.55,0.63,0.54,10.0,0.64,0.12,0.05,0.1,0.02,0.33,0.39,0.12,0.12,0.12,0.0,0.0,1.0,0.0,4.0,5.0,0.0,0.0,0.0,0.0,0.0,0.0,1.0,0.0,1.0,1.0,0.0,0.0,0.0,1.0,0.0,0.0,0.0,1.0,0.0,0.0,0.12,0.0,0.0,0.0,0.0,4.65,1.0,1.0,0.0,0.01,0.0,0.0,0.13,0.13,0.13,19.0,3.0,3.0,1.0,12.0,4.0,4.0,3.0,8.0,0.0,0.0,2791.0,0.0,0.0,0.0,1.0,7.0,0.68,0.66,0.66,0.64,7.0,3.0,7.0,17.0,0.0,0.0,0.0,7.0,3.0,0.0,0.34,0.34,0.0,0.0,0.0,0.0,15.96,10.0,9.62,0.15,0.0,0.0,0.83,0.8,0.78,4.22,0.16,0.15,0.17,0.17,6.0,0.0,3.0,9.0,1.0,0.0,0.0,6.0,0.0,0.0,0.16,0.0,0.0,1.0,0.0,0.0,9.87,6.0,6.64,0.06,0.0,0.0,0.22,0.24,0.23,1.92,1.94,49.0,40.0,0.0,0.0,0.0,0.0,0.0,0.0
8476469,2025,Joel Armia,LAK,R,5on5,1,464.0,11.0,0.13,0.62,0.49,0.6,0.54,0.44,0.54,10.0,0.0,0.0,0.0,0.0,0.0,0.0,0.0,0.0,0.0,0.0,0.0,0.0,0.0,0.0,3.0,3.0,0.0,0.0,0.0,0.0,0.0,0.0,0.0,0.0,0.0,0.0,0.0,0.0,0.0,1.0,0.0,0.0,0.0,0.0,0.0,0.0,0.0,0.0,0.0,0.0,0.0,2.65,0.0,0.0,0.0,0.0,0.0,0.0,0.0,0.0,0.0,11.0,1.0,2.0,1.0,7.0,2.0,2.0,2.0,5.0,0.0,0.0,2004.0,0.0,0.0,0.0,0.0,3.01,0.23,0.23,0.21,0.21,1.0,3.0,5.0,9.0,0.0,0.0,0.0,3.0,1.0,0.0,0.12,0.11,0.0,0.0,0.0,0.0,7.96,4.0,3.62,0.05,0.0,0.0,0.28,0.26,0.25,3.5,0.14,0.14,0.16,0.16,5.0,0.0,1.0,6.0,1.0,0.0,0.0,5.0,0.0,0.0,0.14,0.0,0.0,1.0,0.0,0.0,6.87,5.0,5.64,0.04,0.0,0.0,0.18,0.2,0.2,1.34,1.41,39.0,33.0,0.0,0.0,1.0,0.0,0.0,0.0
8476469,2025,Joel Armia,LAK,R,4on5,1,132.0,4.0,0.13,0.0,0.0,0.0,0.0,0.0,0.0,4.0,0.0,0.0,0.0,0.0,0.0,0.0,0.0,0.0,0.0,0.0,0.0,0.0,0.0,0.0,0.0,0.0,0.0,0.0,0.0,0.0,0.0,0.0,0.0,0.0,0.0,0.0,0.0,0.0,0.0,0.0,0.0,0.0,0.0,0.0,0.0,0.0,0.0,0.0,0.0,0.0,0.0,0.0,0.0,0.0,0.0,0.0,0.0,0.0,0.0,0.0,0.0,4.0,0.0,1.0,0.0,3.0,0.0,1.0,1.0,2.0,0.0,0.0,473.0,0.0,0.0,0.0,0.0,0.0,0.0,0.0,0.0,0.0,0.0,0.0,0.0,0.0,0.0,0.0,0.0,0.0,0.0,0.0,0.0,0.0,0.0,0.0,0.0,0.0,0.0,0.0,0.0,0.0,0.0,0.0,0.0,0.0,0.0,0.71,0.01,0.01,0.01,0.01,1.0,0.0,2.0,3.0,0.0,0.0,0.0,1.0,0.0,0.0,0.01,0.0,0.0,0.0,0.0,0.0,3.0,1.0,1.0,0.03,0.0,0.0,0.04,0.04,0.04,0.0,0.53,0.0,7.0,0.0,0.0,0.0,0.0,0.0,0.0
8476469,2025,Joel Armia,LAK,R,5on4,1,178.0,3.0,0.13,1.0,1.0,1.0,1.0,1.0,1.0,3.0,0.64,0.12,0.05,0.1,0.02,0.33,0.39,0.12,0.12,0.12,0.0,0.0,1.0,0.0,0.0,1.0,0.0,0.0,0.0,0.0,0.0,0.0,1.0,0.0,1.0,1.0,0.0,0.0,0.0,0.0,0.0,0.0,0.0,1.0,0.0,0.0,0.12,0.0,0.0,0.0,0.0,1.0,1.0,1.0,0.0,0.01,0.0,0.0,0.13,0.13,0.13,3.0,1.0,0.0,0.0,2.0,2.0,0.0,0.0,1.0,0.0,0.0,158.0,0.0,0.0,0.0,1.0,3.14,0.38,0.37,0.38,0.37,5.0,0.0,1.0,6.0,0.0,0.0,0.0,3.0,2.0,0.0,0.15,0.23,0.0,0.0,0.0,0.0,6.0,5.0,5.0,0.07,0.0,0.0,0.45,0.45,0.43,0.0,0.0,0.0,0.0,0.0,0.0,0.0,0.0,0.0,0.0,0.0,0.0,0.0,0.0,0.0,0.0,0.0,0.0,0.0,0.0,0.0,0.0,0.0,0.0,0.0,0.0,0.0,0.0,0.0,0.0,0.1,0.0,2.0,0.0,0.0,0.0,0.0,0.0,0.0,0.0
8484839,2025,Harrison Brunicke,PIT,D,other,1,0.0,0.0,0.0,0.0,0.0,0.0,0.0,0.0,0.0,0.0,0.0,0.0,0.0,0.0,0.0,0.0,0.0,0.0,0.0,0.0,0.0,0.0,0.0,0.0,0.0,0.0,0.0,0.0,0.0,0.0,0.0,0.0,0.0,0.0,0.0,0.0,0.0,0.0,0.0,0.0,0.0,0.0,0.0,0.0,0.0,0.0,0.0,0.0,0.0,0.0,0.0,0.0,0.0,0.0,0.0,0.0,0.0,0.0,0.0,0.0,0.0,0.0,0.0,0.0,0.0,0.0,0.0,0.0,0.0,0.0,0.0,0.0,0.0,0.0,0.0,0.0,0.0,0.0,0.0,0.0,0.0,0.0,0.0,0.0,0.0,0.0,0.0,0.0,0.0,0.0,0.0,0.0,0.0,0.0,0.0,0.0,0.0,0.0,0.0,0.0,0.0,0.0,0.0,0.0,0.0,0.0,0.0,0.0,0.0,0.0,0.0,0.0,0.0,0.0,0.0,0.0,0.0,0.0,0.0,0.0,0.0,0.0,0.0,0.0,0.0,0.0,0.0,0.0,0.0,0.0,0.0,0.0,0.0,0.0,0.0,0.0,0.0,0.0,0.0,0.0,0.0,0.0,0.0,0.0,0.0,0.0,0.0
8484839,2025,Harrison Brunicke,PIT,D,all,1,921.0,19.0,0.07,0.6,0.65,0.53,0.49,0.67,0.48,6.0,1.36,0.05,0.04,0.42,0.04,0.72,0.72,0.04,0.05,0.04,0.0,0.0,1.0,1.0,0.0,2.0,0.0,0.0,0.0,0.0,0.0,0.0,1.0,1.0,1.0,2.0,1.0,2.0,0.0,0.0,0.0,2.0,2.0,0.0,0.0,0.05,0.0,0.0,0.0,0.0,0.0,2.13,2.0,2.13,1.0,0.01,0.0,0.0,0.06,0.06,0.05,19.0,3.0,0.0,2.0,14.0,2.0,2.0,1.0,14.0,0.0,0.0,2679.0,2.0,0.0,0.0,2.0,9.31,0.69,0.67,0.73,0.71,8.0,4.0,4.0,16.0,0.0,1.0,0.0,10.0,1.0,1.0,0.29,0.14,0.26,0.0,0.0,0.0,17.16,12.0,12.85,0.13,0.14,0.14,0.68,0.72,0.7,4.62,0.46,0.46,0.43,0.43,2.0,4.0,8.0,14.0,0.0,0.0,0.0,3.0,3.0,0.0,0.11,0.35,0.0,0.0,0.0,0.0,13.03,6.0,5.66,0.09,0.0,0.0,0.55,0.52,0.52,3.74,2.04,45.0,46.0,0.0,0.0,0.0,0.0,0.0,0.0
8484839,2025,Harrison Brunicke,PIT,D,5on5,1,871.0,18.0,0.07,0.6,0.56,0.52,0.52,0.67,0.48,6.0,1.36,0.05,0.04,0.42,0.04,0.72,0.72,0.04,0.05,0.04,0.0,0.0,1.0,1.0,0.0,2.0,0.0,0.0,0.0,0.0,0.0,0.0,1.0,1.0,1.0,2.0,1.0,2.0,0.0,0.0,0.0,2.0,2.0,0.0,0.0,0.05,0.0,0.0,0.0,0.0,0.0,2.13,2.0,2.13,1.0,0.01,0.0,0.0,0.06,0.06,0.05,18.0,2.0,0.0,2.0,14.0,2.0,2.0,1.0,13.0,0.0,0.0,2346.0,2.0,0.0,0.0,2.0,9.31,0.69,0.67,0.73,0.71,8.0,4.0,3.0,15.0,0.0,1.0,0.0,10.0,1.0,1.0,0.29,0.14,0.26,0.0,0.0,0.0,16.16,12.0,12.85,0.13,0.14,0.14,0.68,0.72,0.7,4.62,0.46,0.46,0.43,0.43,2.0,4.0,8.0,14.0,0.0,0.0,0.0,3.0,3.0,0.0,0.11,0.35,0.0,0.0,0.0,0.0,13.03,6.0,5.66,0.09,0.0,0.0,0.55,0.52,0.52,2.33,1.86,43.0,40.0,0.06,0.0,2.0,0.0,2.0,0.0
8484839,2025,Harrison Brunicke,PIT,D,4on5,1,0.0,0.0,0.0,0.0,0.0,0.0,0.0,0.0,0.0,0.0,0.0,0.0,0.0,0.0,0.0,0.0,0.0,0.0,0.0,0.0,0.0,0.0,0.0,0.0,0.0,0.0,0.0,0.0,0.0,0.0,0.0,0.0,0.0,0.0,0.0,0.0,0.0,0.0,0.0,0.0,0.0,0.0,0.0,0.0,0.0,0.0,0.0,0.0,0.0,0.0,0.0,0.0,0.0,0.0,0.0,0.0,0.0,0.0,0.0,0.0,0.0,0.0,0.0,0.0,0.0,0.0,0.0,0.0,0.0,0.0,0.0,0.0,0.0,0.0,0.0,0.0,0.0,0.0,0.0,0.0,0.0,0.0,0.0,0.0,0.0,0.0,0.0,0.0,0.0,0.0,0.0,0.0,0.0,0.0,0.0,0.0,0.0,0.0,0.0,0.0,0.0,0.0,0.0,0.0,0.0,0.0,0.0,0.0,0.0,0.0,0.0,0.0,0.0,0.0,0.0,0.0,0.0,0.0,0.0,0.0,0.0,0.0,0.0,0.0,0.0,0.0,0.0,0.0,0.0,0.0,0.0,0.0,0.0,0.0,0.0,0.0,0.0,0.0,0.0,0.0,0.0,0.0,0.0,0.0,0.0,0.0,0.0
8484839,2025,Harrison Brunicke,PIT,D,5on4,1,50.0,1.0,0.07,0.0,0.0,1.0,0.0,0.0,0.0,3.0,0.0,0.0,0.0,0.0,0.0,0.0,0.0,0.0,0.0,0.0,0.0,0.0,0.0,0.0,0.0,0.0,0.0,0.0,0.0,0.0,0.0,0.0,0.0,0.0,0.0,0.0,0.0,0.0,0.0,0.0,0.0,0.0,0.0,0.0,0.0,0.0,0.0,0.0,0.0,0.0,0.0,0.0,0.0,0.0,0.0,0.0,0.0,0.0,0.0,0.0,0.0,1.0,1.0,0.0,0.0,0.0,0.0,0.0,0.0,1.0,0.0,0.0,70.0,0.0,0.0,0.0,0.0,0.0,0.0,0.0,0.0,0.0,0.0,0.0,1.0,1.0,0.0,0.0,0.0,0.0,0.0,0.0,0.0,0.0,0.0,0.0,0.0,0.0,1.0,0.0,0.0,0.0,0.0,0.0,0.0,0.0,0.0,0.0,0.0,0.0,0.0,0.0,0.0,0.0,0.0,0.0,0.0,0.0,0.0,0.0,0.0,0.0,0.0,0.0,0.0,0.0,0.0,0.0,0.0,0.0,0.0,0.0,0.0,0.0,0.0,0.0,0.0,0.0,0.0,0.0,0.0,0.0,0.0,0.0,0.0,0.0,0.0
8476483,2025,Rickard Rakell,PIT,R,other,1,0.0,0.0,0.0,0.0,0.0,0.0,0.0,0.0,0.0,0.0,0.0,0.0,0.0,0.0,0.0,0.0,0.0,0.0,0.0,0.0,0.0,0.0,0.0,0.0,0.0,0.0,0.0,0.0,0.0,0.0,0.0,0.0,0.0,0.0,0.0,0.0,0.0,0.0,0.0,0.0,0.0,0.0,0.0,0.0,0.0,0.0,0.0,0.0,0.0,0.0,0.0,0.0,0.0,0.0,0.0,0.0,0.0,0.0,0.0,0.0,0.0,0.0,0.0,0.0,0.0,0.0,0.0,0.0,0.0,0.0,0.0,0.0,0.0,0.0,0.0,0.0,0.0,0.0,0.0,0.0,0.0,0.0,0.0,0.0,0.0,0.0,0.0,0.0,0.0,0.0,0.0,0.0,0.0,0.0,0.0,0.0,0.0,0.0,0.0,0.0,0.0,0.0,0.0,0.0,0.0,0.0,0.0,0.0,0.0,0.0,0.0,0.0,0.0,0.0,0.0,0.0,0.0,0.0,0.0,0.0,0.0,0.0,0.0,0.0,0.0,0.0,0.0,0.0,0.0,0.0,0.0,0.0,0.0,0.0,0.0,0.0,0.0,0.0,0.0,0.0,0.0,0.0,0.0,0.0,0.0,0.0,0.0
8476483,2025,Rickard Rakell,PIT,R,all,1,957.0,24.0,0.5,0.33,0.7,0.5,0.51,0.5,0.52,3.0,3.09,0.14,0.19,0.81,0.09,1.56,1.22,0.14,0.15,0.15,0.0,0.0,4.0,0.0,2.0,6.0,0.0,0.0,0.0,0.0,1.0,0.0,1.0,2.0,4.0,4.0,0.0,0.0,0.0,0.0,0.0,0.0,4.0,0.0,0.0,0.14,0.0,0.0,0.0,0.0,0.0,6.59,4.0,4.32,0.0,0.04,0.0,0.0,0.17,0.19,0.19,24.0,6.0,2.0,3.0,13.0,3.0,3.0,1.0,17.0,0.0,0.0,2643.0,0.0,0.0,0.0,2.0,6.95,0.36,0.36,0.4,0.39,6.0,3.0,7.0,16.0,0.0,0.0,0.0,8.0,1.0,0.0,0.2,0.16,0.0,0.0,0.0,0.0,17.48,9.0,9.82,0.08,0.0,0.0,0.44,0.48,0.48,6.19,0.74,0.74,0.69,0.69,6.0,3.0,7.0,16.0,0.0,1.0,0.0,5.0,3.0,1.0,0.15,0.28,0.31,0.0,0.0,0.0,14.92,9.0,8.44,0.1,0.31,0.31,0.52,0.49,0.49,4.07,1.76,45.0,44.0,0.0,0.0,0.0,0.0,0.0,0.0
8476483,2025,Rickard Rakell,PIT,R,5on5,1,832.0,19.0,0.5,0.35,0.62,0.53,0.51,0.53,0.53,5.0,3.09,0.14,0.19,0.81,0.09,1.56,1.22,0.14,0.15,0.15,0.0,0.0,4.0,0.0,2.0,6.0,0.0,0.0,0.0,0.0,1.0,0.0,1.0,2.0,4.0,4.0,0.0,0.0,0.0,0.0,0.0,0.0,4.0,0.0,0.0,0.14,0.0,0.0,0.0,0.0,0.0,6.59,4.0,4.32,0.0,0.04,0.0,0.0,0.17,0.19,0.19,19.0,6.0,0.0,3.0,10.0,3.0,2.0,0.0,14.0,0.0,0.0,2385.0,0.0,0.0,0.0,2.0,6.95,0.36,0.36,0.4,0.39,6.0,3.0,7.0,16.0,0.0,0.0,0.0,8.0,1.0,0.0,0.2,0.16,0.0,0.0,0.0,0.0,17.48,9.0,9.82,0.08,0.0,0.0,0.44,0.48,0.48,5.43,0.68,0.68,0.63,0.63,5.0,3.0,6.0,14.0,0.0,1.0,0.0,4.0,3.0,1.0,0.1,0.28,0.31,0.0,0.0,0.0,12.92,8.0,7.44,0.09,0.31,0.31,0.46,0.42,0.42,2.66,1.63,42.0,40.0,0.0,0.0,0.0,0.0,0.0,0.0
8476483,2025,Rickard Rakell,PIT,R,4on5,1,80.0,4.0,0.5,0.0,0.0,0.0,0.0,0.0,0.0,4.0,0.0,0.0,0.0,0.0,0.0,0.0,0.0,0.0,0.0,0.0,0.0,0.0,0.0,0.0,0.0,0.0,0.0,0.0,0.0,0.0,0.0,0.0,0.0,0.0,0.0,0.0,0.0,0.0,0.0,0.0,0.0,0.0,0.0,0.0,0.0,0.0,0.0,0.0,0.0,0.0,0.0,0.0,0.0,0.0,0.0,0.0,0.0,0.0,0.0,0.0,0.0,4.0,0.0,2.0,0.0,2.0,0.0,1.0,1.0,2.0,0.0,0.0,160.0,0.0,0.0,0.0,0.0,0.0,0.0,0.0,0.0,0.0,0.0,0.0,0.0,0.0,0.0,0.0,0.0,0.0,0.0,0.0,0.0,0.0,0.0,0.0,0.0,0.0,0.0,0.0,0.0,0.0,0.0,0.0,0.0,0.0,0.0,0.76,0.06,0.06,0.06,0.06,1.0,0.0,1.0,2.0,0.0,0.0,0.0,1.0,0.0,0.0,0.06,0.0,0.0,0.0,0.0,0.0,2.0,1.0,1.0,0.01,0.0,0.0,0.07,0.07,0.07,0.0,0.13,0.0,3.0,0.0,0.0,0.0,0.0,0.0,0.0
8476483,2025,Rickard Rakell,PIT,R,5on4,1,45.0,1.0,0.5,0.0,0.0,0.0,1.0,0.0,0.0,4.0,0.0,0.0,0.0,0.0,0.0,0.0,0.0,0.0,0.0,0.0,0.0,0.0,0.0,0.0,0.0,0.0,0.0,0.0,0.0,0.0,0.0,0.0,0.0,0.0,0.0,0.0,0.0,0.0,0.0,0.0,0.0,0.0,0.0,0.0,0.0,0.0,0.0,0.0,0.0,0.0,0.0,0.0,0.0,0.0,0.0,0.0,0.0,0.0,0.0,0.0,0.0,1.0,0.0,0.0,0.0,1.0,0.0,0.0,0.0,1.0,0.0,0.0,75.0,0.0,0.0,0.0,0.0,0.0,0.0,0.0,0.0,0.0,0.0,0.0,0.0,0.0,0.0,0.0,0.0,0.0,0.0,0.0,0.0,0.0,0.0,0.0,0.0,0.0,0.0,0.0,0.0,0.0,0.0,0.0,0.0,0.0,0.0,0.0,0.0,0.0,0.0,0.0,0.0,0.0,0.0,0.0,0.0,0.0,0.0,0.0,0.0,0.0,0.0,0.0,0.0,0.0,0.0,0.0,0.0,0.0,0.0,0.0,0.0,0.0,0.0,0.0,0.0,0.0,0.0,1.0,0.0,0.0,0.0,0.0,0.0,0.0,0.0
8475754,2025,Brock Nelson,COL,C,other,1,133.0,0.0,0.76,0.0,0.0,0.0,0.0,0.0,0.0,2.0,0.0,0.0,0.0,0.0,0.0,0.0,0.0,0.0,0.0,0.0,0.0,0.0,0.0,0.0,0.0,0.0,0.0,0.0,0.0,0.0,0.0,0.0,0.0,0.0,0.0,0.0,0.0,0.0,1.0,0.0,0.0,0.0,0.0,0.0,0.0,0.0,0.0,0.0,0.0,0.0,0.0,0.0,0.0,0.0,0.0,0.0,0.0,0.0,0.0,0.0,0.0,0.0,0.0,0.0,0.0,0.0,0.0,0.0,0.0,0.0,1.0,0.0,58.0,0.0,0.0,0.0,1.0,0.0,0.0,0.0,0.0,0.0,0.0,0.0,0.0,0.0,0.0,0.0,0.0,0.0,0.0,0.0,0.0,0.0,0.0,0.0,0.0,0.0,0.0,0.0,0.0,0.0,0.0,0.0,0.0,0.0,0.0,3.44,0.3,0.29,0.3,0.29,3.0,2.0,3.0,8.0,0.0,0.0,0.0,4.0,1.0,0.0,0.2,0.1,0.0,0.0,0.0,0.0,8.0,5.0,5.0,0.1,0.0,0.0,0.4,0.4,0.39,0.0,0.25,0.0,2.0,0.0,0.0,0.0,0.0,0.0,0.0
8475754,2025,Brock Nelson,COL,C,all,1,1395.0,23.0,0.76,0.59,0.38,0.45,0.42,0.5,0.41,2.0,1.8,0.09,0.14,0.41,0.08,1.34,0.95,0.09,0.1,0.1,0.0,1.0,2.0,1.0,0.0,3.0,1.0,0.0,0.0,0.0,0.0,0.0,1.0,2.0,2.0,3.0,0.0,0.0,4.0,1.0,0.0,2.0,3.0,0.0,0.0,0.09,0.0,0.0,0.0,0.0,0.0,3.43,3.0,3.32,0.0,0.03,0.0,0.0,0.12,0.13,0.13,23.0,4.0,4.0,3.0,12.0,6.0,2.0,4.0,11.0,4.0,13.0,2205.0,0.0,0.0,0.0,2.0,9.38,0.91,0.91,0.95,0.95,9.0,4.0,4.0,17.0,1.0,0.0,0.0,10.0,2.0,1.0,0.2,0.22,0.48,0.0,0.0,1.0,18.09,13.0,13.75,0.15,0.0,0.0,1.07,1.11,1.11,8.7,0.64,0.62,0.62,0.61,8.0,5.0,8.0,21.0,0.0,0.0,0.0,10.0,3.0,0.0,0.33,0.31,0.0,0.0,0.0,0.0,19.93,13.0,12.41,0.17,0.0,0.0,0.81,0.79,0.77,1.18,1.96,32.0,45.0,0.0,0.0,0.0,0.0,0.0,0.0
8475754,2025,Brock Nelson,COL,C,5on5,1,656.0,14.0,0.76,0.68,0.46,0.52,0.42,0.57,0.44,5.0,1.19,0.07,0.06,0.3,0.04,0.81,0.71,0.07,0.08,0.08,0.0,0.0,1.0,1.0,0.0,2.0,0.0,0.0,0.0,0.0,0.0,0.0,1.0,1.0,1.0,2.0,0.0,0.0,0.0,1.0,0.0,1.0,2.0,0.0,0.0,0.07,0.0,0.0,0.0,0.0,0.0,2.43,2.0,2.32,0.0,0.01,0.0,0.0,0.09,0.1,0.1,14.0,1.0,3.0,0.0,10.0,4.0,1.0,3.0,6.0,0.0,7.0,1812.0,0.0,0.0,0.0,1.0,5.8,0.39,0.38,0.43,0.42,5.0,3.0,3.0,11.0,0.0,0.0,0.0,6.0,2.0,0.0,0.16,0.22,0.0,0.0,0.0,0.0,12.09,8.0,8.75,0.09,0.0,0.0,0.47,0.52,0.52,3.94,0.18,0.18,0.16,0.16,3.0,3.0,4.0,10.0,0.0,0.0,0.0,5.0,1.0,0.0,0.1,0.08,0.0,0.0,0.0,0.0,8.93,6.0,5.41,0.05,0.0,0.0,0.23,0.21,0.2,1.17,1.4,28.0,38.0,0.0,0.0,0.0,0.0,0.0,0.0
8475754,2025,Brock Nelson,COL,C,4on5,1,141.0,4.0,0.76,0.0,0.0,0.0,0.0,0.0,0.0,2.0,0.0,0.0,0.0,0.0,0.0,0.0,0.0,0.0,0.0,0.0,0.0,0.0,0.0,0.0,0.0,0.0,0.0,0.0,0.0,0.0,0.0,0.0,0.0,0.0,0.0,0.0,0.0,0.0,1.0,0.0,0.0,0.0,0.0,0.0,0.0,0.0,0.0,0.0,0.0,0.0,0.0,0.0,0.0,0.0,0.0,0.0,0.0,0.0,0.0,0.0,0.0,4.0,0.0,1.0,1.0,2.0,0.0,1.0,0.0,3.0,1.0,4.0,195.0,0.0,0.0,0.0,0.0,0.0,0.0,0.0,0.0,0.0,0.0,0.0,0.0,0.0,0.0,0.0,0.0,0.0,0.0,0.0,0.0,0.0,0.0,0.0,0.0,0.0,0.0,0.0,0.0,0.0,0.0,0.0,0.0,0.0,0.0,1.32,0.16,0.15,0.16,0.15,2.0,0.0,1.0,3.0,0.0,0.0,0.0,1.0,1.0,0.0,0.03,0.12,0.0,0.0,0.0,0.0,3.0,2.0,2.0,0.02,0.0,0.0,0.18,0.18,0.18,0.0,0.32,0.0,5.0,0.0,0.0,0.0,0.0,0.0,0.0
8475754,2025,Brock Nelson,COL,C,5on4,1,465.0,5.0,0.76,1.0,1.0,1.0,1.0,1.0,1.0,3.0,0.61,0.01,0.07,0.11,0.03,0.52,0.24,0.01,0.01,0.01,0.0,1.0,1.0,0.0,0.0,1.0,1.0,0.0,0.0,0.0,0.0,0.0,0.0,1.0,1.0,1.0,0.0,0.0,2.0,0.0,0.0,1.0,1.0,0.0,0.0,0.01,0.0,0.0,0.0,0.0,0.0,1.0,1.0,1.0,0.0,0.02,0.0,0.0,0.03,0.03,0.03,5.0,3.0,0.0,2.0,0.0,2.0,0.0,1.0,2.0,2.0,2.0,140.0,0.0,0.0,0.0,0.0,3.58,0.53,0.53,0.53,0.53,4.0,1.0,1.0,6.0,1.0,0.0,0.0,4.0,0.0,1.0,0.04,0.0,0.48,0.0,0.0,1.0,6.0,5.0,5.0,0.07,0.0,0.0,0.6,0.6,0.6,0.0,0.0,0.0,0.0,0.0,0.0,0.0,0.0,0.0,0.0,0.0,0.0,0.0,0.0,0.0,0.0,0.0,0.0,0.0,0.0,0.0,0.0,0.0,0.0,0.0,0.0,0.0,0.0,0.0,0.0,0.02,0.0,4.0,0.0,0.0,0.0,0.0,0.0,0.0,0.0
8478542,2025,Evan Rodrigues,FLA,C,other,1,0.0,0.0,0.0,0.0,0.0,0.0,0.0,0.0,0.0,0.0,0.0,0.0,0.0,0.0,0.0,0.0,0.0,0.0,0.0,0.0,0.0,0.0,0.0,0.0,0.0,0.0,0.0,0.0,0.0,0.0,0.0,0.0,0.0,0.0,0.0,0.0,0.0,0.0,0.0,0.0,0.0,0.0,0.0,0.0,0.0,0.0,0.0,0.0,0.0,0.0,0.0,0.0,0.0,0.0,0.0,0.0,0.0,0.0,0.0,0.0,0.0,0.0,0.0,0.0,0.0,0.0,0.0,0.0,0.0,0.0,0.0,0.0,0.0,0.0,0.0,0.0,0.0,0.0,0.0,0.0,0.0,0.0,0.0,0.0,0.0,0.0,0.0,0.0,0.0,0.0,0.0,0.0,0.0,0.0,0.0,0.0,0.0,0.0,0.0,0.0,0.0,0.0,0.0,0.0,0.0,0.0,0.0,0.0,0.0,0.0,0.0,0.0,0.0,0.0,0.0,0.0,0.0,0.0,0.0,0.0,0.0,0.0,0.0,0.0,0.0,0.0,0.0,0.0,0.0,0.0,0.0,0.0,0.0,0.0,0.0,0.0,0.0,0.0,0.0,0.0,0.0,0.0,0.0,0.0,0.0,0.0,0.0
8478542,2025,Evan Rodrigues,FLA,C,all,1,870.0,22.0,0.68,0.44,0.77,0.44,0.62,0.41,0.66,7.0,2.23,0.04,0.09,0.69,0.08,1.26,0.84,0.04,0.04,0.04,0.0,1.0,1.0,2.0,0.0,3.0,1.0,0.0,0.0,0.0,2.0,0.0,0.0,1.0,1.0,3.0,0.0,0.0,3.0,2.0,0.0,1.0,3.0,0.0,0.0,0.04,0.0,0.0,0.0,0.0,0.0,2.91,3.0,2.91,1.0,0.02,0.0,0.0,0.06,0.06,0.06,22.0,4.0,0.0,3.0,15.0,2.0,5.0,6.0,9.0,3.0,3.0,2730.0,0.0,0.0,0.0,2.0,5.12,0.37,0.37,0.36,0.36,4.0,3.0,5.0,12.0,2.0,0.0,0.0,5.0,2.0,0.0,0.07,0.29,0.0,0.0,2.0,0.0,11.76,7.0,6.84,0.06,0.0,0.0,0.43,0.42,0.42,7.59,0.47,0.46,0.48,0.47,6.0,4.0,5.0,15.0,0.0,1.0,0.0,9.0,0.0,1.0,0.24,0.0,0.23,0.0,0.0,0.0,15.22,10.0,10.17,0.07,0.23,0.23,0.3,0.32,0.31,3.77,1.12,57.0,35.0,0.0,0.0,0.0,0.0,0.0,0.0
8478542,2025,Evan Rodrigues,FLA,C,5on5,1,710.0,18.0,0.68,0.33,0.74,0.42,0.65,0.38,0.68,7.0,2.23,0.04,0.09,0.69,0.08,1.26,0.84,0.04,0.04,0.04,0.0,1.0,1.0,2.0,0.0,3.0,1.0,0.0,0.0,0.0,2.0,0.0,0.0,1.0,1.0,3.0,0.0,0.0,3.0,2.0,0.0,1.0,3.0,0.0,0.0,0.04,0.0,0.0,0.0,0.0,0.0,2.91,3.0,2.91,1.0,0.02,0.0,0.0,0.06,0.06,0.06,18.0,4.0,0.0,3.0,11.0,2.0,4.0,5.0,7.0,3.0,3.0,2252.0,0.0,0.0,0.0,2.0,4.3,0.23,0.23,0.23,0.23,3.0,3.0,4.0,10.0,1.0,0.0,0.0,5.0,1.0,0.0,0.07,0.15,0.0,0.0,1.0,0.0,9.76,6.0,5.84,0.05,0.0,0.0,0.28,0.27,0.27,7.59,0.47,0.46,0.48,0.47,6.0,4.0,4.0,14.0,0.0,1.0,0.0,9.0,0.0,1.0,0.24,0.0,0.23,0.0,0.0,0.0,14.22,10.0,10.17,0.07,0.23,0.23,0.3,0.32,0.31,2.94,1.01,49.0,26.0,0.0,0.07,0.0,1.0,0.0,1.0
8478542,2025,Evan Rodrigues,FLA,C,4on5,1,78.0,2.0,0.68,0.0,0.89,0.0,0.25,0.0,0.4,6.0,0.0,0.0,0.0,0.0,0.0,0.0,0.0,0.0,0.0,0.0,0.0,0.0,0.0,0.0,0.0,0.0,0.0,0.0,0.0,0.0,0.0,0.0,0.0,0.0,0.0,0.0,0.0,0.0,0.0,0.0,0.0,0.0,0.0,0.0,0.0,0.0,0.0,0.0,0.0,0.0,0.0,0.0,0.0,0.0,0.0,0.0,0.0,0.0,0.0,0.0,0.0,2.0,0.0,0.0,0.0,2.0,0.0,1.0,0.0,1.0,0.0,0.0,282.0,0.0,0.0,0.0,0.0,0.0,0.0,0.0,0.0,0.0,0.0,0.0,0.0,0.0,0.0,0.0,0.0,0.0,0.0,0.0,0.0,0.0,0.0,0.0,0.0,0.0,0.0,0.0,0.0,0.0,0.0,0.0,0.0,0.0,0.0,0.0,0.0,0.0,0.0,0.0,0.0,0.0,1.0,1.0,0.0,0.0,0.0,0.0,0.0,0.0,0.0,0.0,0.0,0.0,0.0,0.0,1.0,0.0,0.0,0.0,0.0,0.0,0.0,0.0,0.0,0.23,0.03,2.0,6.0,0.0,0.0,0.0,0.0,0.0,0.0
8478542,2025,Evan Rodrigues,FLA,C,5on4,1,82.0,2.0,0.68,1.0,1.0,1.0,1.0,1.0,1.0,5.0,0.0,0.0,0.0,0.0,0.0,0.0,0.0,0.0,0.0,0.0,0.0,0.0,0.0,0.0,0.0,0.0,0.0,0.0,0.0,0.0,0.0,0.0,0.0,0.0,0.0,0.0,0.0,0.0,0.0,0.0,0.0,0.0,0.0,0.0,0.0,0.0,0.0,0.0,0.0,0.0,0.0,0.0,0.0,0.0,0.0,0.0,0.0,0.0,0.0,0.0,0.0,2.0,0.0,0.0,0.0,2.0,0.0,0.0,1.0,1.0,0.0,0.0,140.0,0.0,0.0,0.0,0.0,0.83,0.14,0.14,0.14,0.14,1.0,0.0,1.0,2.0,1.0,0.0,0.0,0.0,1.0,0.0,0.0,0.14,0.0,0.0,1.0,0.0,2.0,1.0,1.0,0.01,0.0,0.0,0.15,0.15,0.15,0.0,0.0,0.0,0.0,0.0,0.0,0.0,0.0,0.0,0.0,0.0,0.0,0.0,0.0,0.0,0.0,0.0,0.0,0.0,0.0,0.0,0.0,0.0,0.0,0.0,0.0,0.0,0.0,0.0,0.0,0.59,0.0,6.0,0.0,0.0,0.0,0.0,0.0,0.0,0.0
8480185,2025,Eetu Luostarinen,FLA,C,other,1,56.0,0.0,0.09,0.0,0.0,0.0,0.0,0.0,0.0,1.0,0.0,0.0,0.0,0.0,0.0,0.0,0.0,0.0,0.0,0.0,0.0,0.0,0.0,0.0,0.0,0.0,0.0,0.0,0.0,0.0,0.0,0.0,0.0,0.0,0.0,0.0,0.0,0.0,0.0,0.0,0.0,0.0,0.0,0.0,0.0,0.0,0.0,0.0,0.0,0.0,0.0,0.0,0.0,0.0,0.0,0.0,0.0,0.0,0.0,0.0,0.0,0.0,0.0,0.0,0.0,0.0,0.0,0.0,0.0,0.0,0.0,0.0,0.0,0.0,0.0,0.0,0.0,0.0,0.0,0.0,0.0,0.0,0.0,0.0,0.0,0.0,0.0,0.0,0.0,0.0,0.0,0.0,0.0,0.0,0.0,0.0,0.0,0.0,0.0,0.0,0.0,0.0,0.0,0.0,0.0,0.0,0.0,1.05,0.08,0.08,0.08,0.08,0.0,2.0,1.0,3.0,0.0,0.0,0.0,2.0,0.0,0.0,0.08,0.0,0.0,0.0,0.0,0.0,3.0,2.0,2.0,0.04,0.0,0.0,0.12,0.12,0.12,0.0,0.0,0.0,0.0,0.0,0.0,0.0,0.0,0.0,0.0
8480185,2025,Eetu Luostarinen,FLA,C,all,1,1179.0,27.0,0.09,0.62,0.75,0.42,0.65,0.45,0.7,3.0,1.56,0.15,0.12,0.27,0.04,0.84,0.58,0.15,0.15,0.15,0.0,0.0,2.0,0.0,0.0,2.0,0.0,0.0,0.0,0.0,0.0,0.0,1.0,1.0,2.0,2.0,0.0,0.0,0.0,3.0,0.0,3.0,1.0,1.0,0.0,0.04,0.11,0.0,0.0,0.0,0.0,2.05,2.0,2.08,0.0,0.03,0.0,0.0,0.18,0.18,0.18,27.0,2.0,7.0,7.0,11.0,4.0,5.0,1.0,17.0,0.0,1.0,2421.0,0.0,0.0,0.0,1.0,9.37,0.86,0.82,0.84,0.8,10.0,3.0,3.0,16.0,0.0,1.0,0.0,9.0,3.0,1.0,0.29,0.34,0.23,0.0,0.0,0.0,16.08,13.0,13.1,0.14,0.23,0.23,0.77,0.75,0.74,11.22,0.53,0.52,0.53,0.53,7.0,9.0,6.0,22.0,1.0,0.0,0.0,15.0,1.0,0.0,0.36,0.17,0.0,1.0,0.0,0.0,22.2,16.0,16.07,0.17,0.0,0.0,0.69,0.7,0.7,3.28,1.06,53.0,28.0,0.0,0.0,0.0,0.0,0.0,0.0
8480185,2025,Eetu Luostarinen,FLA,C,5on5,1,973.0,22.0,0.09,0.68,0.68,0.52,0.63,0.54,0.64,4.0,1.56,0.15,0.12,0.27,0.04,0.84,0.58,0.15,0.15,0.15,0.0,0.0,2.0,0.0,0.0,2.0,0.0,0.0,0.0,0.0,0.0,0.0,1.0,1.0,2.0,2.0,0.0,0.0,0.0,2.0,0.0,3.0,1.0,1.0,0.0,0.04,0.11,0.0,0.0,0.0,0.0,2.05,2.0,2.08,0.0,0.03,0.0,0.0,0.18,0.18,0.18,22.0,2.0,3.0,7.0,10.0,4.0,4.0,1.0,13.0,0.0,0.0,1989.0,0.0,0.0,0.0,1.0,9.37,0.86,0.82,0.84,0.8,10.0,3.0,3.0,16.0,0.0,1.0,0.0,9.0,3.0,1.0,0.29,0.34,0.23,0.0,0.0,0.0,16.08,13.0,13.1,0.14,0.23,0.23,0.77,0.75,0.74,7.93,0.41,0.41,0.42,0.42,5.0,6.0,4.0,15.0,1.0,0.0,0.0,10.0,1.0,0.0,0.24,0.17,0.0,1.0,0.0,0.0,15.2,11.0,11.07,0.09,0.0,0.0,0.5,0.51,0.51,2.31,1.06,43.0,25.0,0.01,0.0,1.0,0.0,1.0,0.0
8480185,2025,Eetu Luostarinen,FLA,C,4on5,1,150.0,5.0,0.09,0.0,1.0,0.0,0.4,0.0,1.0,2.0,0.0,0.0,0.0,0.0,0.0,0.0,0.0,0.0,0.0,0.0,0.0,0.0,0.0,0.0,0.0,0.0,0.0,0.0,0.0,0.0,0.0,0.0,0.0,0.0,0.0,0.0,0.0,0.0,0.0,1.0,0.0,0.0,0.0,0.0,0.0,0.0,0.0,0.0,0.0,0.0,0.0,0.0,0.0,0.0,0.0,0.0,0.0,0.0,0.0,0.0,0.0,5.0,0.0,4.0,0.0,1.0,0.0,1.0,0.0,4.0,0.0,0.0,210.0,0.0,0.0,0.0,0.0,0.0,0.0,0.0,0.0,0.0,0.0,0.0,0.0,0.0,0.0,0.0,0.0,0.0,0.0,0.0,0.0,0.0,0.0,0.0,0.0,0.0,0.0,0.0,0.0,0.0,0.0,0.0,0.0,0.0,0.0,2.25,0.03,0.03,0.03,0.03,2.0,1.0,1.0,4.0,0.0,0.0,0.0,3.0,0.0,0.0,0.03,0.0,0.0,0.0,0.0,0.0,4.0,3.0,3.0,0.04,0.0,0.0,0.07,0.07,0.07,0.23,0.0,2.0,3.0,0.0,0.0,0.0,0.0,0.0,0.0
8480185,2025,Eetu Luostarinen,FLA,C,5on4,1,0.0,0.0,0.0,0.0,0.0,0.0,0.0,0.0,0.0,0.0,0.0,0.0,0.0,0.0,0.0,0.0,0.0,0.0,0.0,0.0,0.0,0.0,0.0,0.0,0.0,0.0,0.0,0.0,0.0,0.0,0.0,0.0,0.0,0.0,0.0,0.0,0.0,0.0,0.0,0.0,0.0,0.0,0.0,0.0,0.0,0.0,0.0,0.0,0.0,0.0,0.0,0.0,0.0,0.0,0.0,0.0,0.0,0.0,0.0,0.0,0.0,0.0,0.0,0.0,0.0,0.0,0.0,0.0,0.0,0.0,0.0,0.0,0.0,0.0,0.0,0.0,0.0,0.0,0.0,0.0,0.0,0.0,0.0,0.0,0.0,0.0,0.0,0.0,0.0,0.0,0.0,0.0,0.0,0.0,0.0,0.0,0.0,0.0,0.0,0.0,0.0,0.0,0.0,0.0,0.0,0.0,0.0,0.0,0.0,0.0,0.0,0.0,0.0,0.0,0.0,0.0,0.0,0.0,0.0,0.0,0.0,0.0,0.0,0.0,0.0,0.0,0.0,0.0,0.0,0.0,0.0,0.0,0.0,0.0,0.0,0.0,0.0,0.0,0.0,0.0,0.0,0.0,0.0,0.0,0.0,0.0,0.0
8482124,2025,Quinton Byfield,LAK,R,other,1,149.0,1.0,0.35,1.0,1.0,1.0,1.0,1.0,1.0,2.0,0.74,0.18,0.09,0.1,0.02,0.5,0.1,0.18,0.18,0.18,0.0,0.0,1.0,0.0,0.0,1.0,0.0,0.0,0.0,0.0,0.0,0.0,1.0,0.0,1.0,1.0,0.0,0.0,0.0,0.0,0.0,0.0,0.0,1.0,0.0,0.0,0.18,0.0,0.0,0.0,0.0,1.0,1.0,1.0,0.0,0.03,0.0,0.0,0.21,0.21,0.21,1.0,1.0,0.0,0.0,0.0,1.0,0.0,0.0,0.0,0.0,0.0,42.0,0.0,0.0,0.0,0.0,4.05,0.48,0.47,0.48,0.47,4.0,2.0,2.0,8.0,1.0,0.0,0.0,4.0,2.0,0.0,0.2,0.28,0.0,1.0,0.0,0.0,8.0,6.0,6.0,0.12,0.0,0.0,0.6,0.6,0.58,0.0,0.0,0.0,0.0,0.0,0.0,0.0,0.0,0.0,0.0,0.0,0.0,0.0,0.0,0.0,0.0,0.0,0.0,0.0,0.0,0.0,0.0,0.0,0.0,0.0,0.0,0.0,0.0,0.0,0.0,0.07,0.0,2.0,0.0,0.0,0.0,0.0,0.0,0.0,0.0
8482124,2025,Quinton Byfield,LAK,R,all,1,1080.0,20.0,0.35,0.6,0.53,0.69,0.53,0.67,0.51,3.0,3.19,0.56,0.22,0.91,0.14,1.43,0.74,0.56,0.54,0.53,0.0,0.0,4.0,0.0,3.0,7.0,0.0,0.0,0.0,0.0,1.0,0.0,2.0,1.0,4.0,4.0,0.0,0.0,6.0,3.0,2.0,2.0,2.0,1.0,1.0,0.06,0.18,0.32,0.0,0.0,0.0,6.61,4.0,3.74,1.0,0.06,0.0,0.32,0.3,0.29,0.29,20.0,4.0,6.0,0.0,10.0,5.0,2.0,0.0,13.0,6.0,6.0,2520.0,0.0,2.0,1.0,0.0,11.3,1.05,1.02,1.02,0.99,10.0,6.0,8.0,24.0,1.0,1.0,0.0,12.0,3.0,1.0,0.35,0.38,0.32,1.0,0.0,0.0,22.78,16.0,15.23,0.2,0.32,0.32,0.93,0.91,0.88,6.17,0.7,0.68,0.77,0.75,6.0,2.0,3.0,11.0,2.0,1.0,1.0,4.0,3.0,1.0,0.1,0.37,0.23,0.0,1.0,1.0,11.95,8.0,8.73,0.12,0.23,0.23,0.58,0.63,0.62,1.55,1.39,42.0,38.0,0.0,0.0,0.0,0.0,0.0,0.0
8482124,2025,Quinton Byfield,LAK,R,5on5,1,630.0,14.0,0.35,0.41,0.56,0.58,0.54,0.56,0.51,8.0,2.46,0.38,0.13,0.8,0.11,0.93,0.64,0.38,0.36,0.35,0.0,0.0,3.0,0.0,3.0,6.0,0.0,0.0,0.0,0.0,1.0,0.0,1.0,1.0,3.0,3.0,0.0,0.0,4.0,3.0,2.0,2.0,2.0,0.0,1.0,0.06,0.0,0.32,0.0,0.0,0.0,5.61,3.0,2.74,1.0,0.03,0.0,0.32,0.09,0.08,0.08,14.0,2.0,3.0,0.0,9.0,4.0,2.0,0.0,8.0,4.0,5.0,1838.0,0.0,2.0,1.0,0.0,6.7,0.47,0.46,0.44,0.43,6.0,3.0,5.0,14.0,0.0,1.0,0.0,8.0,0.0,1.0,0.15,0.0,0.32,0.0,0.0,0.0,12.78,9.0,8.23,0.07,0.32,0.32,0.22,0.2,0.2,5.56,0.69,0.67,0.76,0.74,5.0,2.0,3.0,10.0,2.0,1.0,1.0,3.0,3.0,1.0,0.09,0.37,0.23,0.0,1.0,1.0,10.95,7.0,7.73,0.1,0.23,0.23,0.55,0.6,0.59,1.11,0.86,34.0,29.0,0.0,0.0,0.0,0.0,0.0,0.0
8482124,2025,Quinton Byfield,LAK,R,4on5,1,156.0,4.0,0.35,0.0,0.0,0.0,0.0,0.0,0.0,3.0,0.0,0.0,0.0,0.0,0.0,0.0,0.0,0.0,0.0,0.0,0.0,0.0,0.0,0.0,0.0,0.0,0.0,0.0,0.0,0.0,0.0,0.0,0.0,0.0,0.0,0.0,0.0,0.0,2.0,0.0,0.0,0.0,0.0,0.0,0.0,0.0,0.0,0.0,0.0,0.0,0.0,0.0,0.0,0.0,0.0,0.0,0.0,0.0,0.0,0.0,0.0,4.0,0.0,3.0,0.0,1.0,0.0,0.0,0.0,4.0,2.0,0.0,449.0,0.0,0.0,0.0,0.0,0.0,0.0,0.0,0.0,0.0,0.0,0.0,0.0,0.0,0.0,0.0,0.0,0.0,0.0,0.0,0.0,0.0,0.0,0.0,0.0,0.0,0.0,0.0,0.0,0.0,0.0,0.0,0.0,0.0,0.0,0.61,0.01,0.01,0.01,0.01,1.0,0.0,0.0,1.0,0.0,0.0,0.0,1.0,0.0,0.0,0.01,0.0,0.0,0.0,0.0,0.0,1.0,1.0,1.0,0.02,0.0,0.0,0.03,0.03,0.03,0.0,0.53,0.0,9.0,0.0,0.0,0.0,0.0,0.0,0.0
8482124,2025,Quinton Byfield,LAK,R,5on4,1,145.0,1.0,0.35,1.0,1.0,1.0,1.0,1.0,1.0,8.0,0.0,0.0,0.0,0.0,0.0,0.0,0.0,0.0,0.0,0.0,0.0,0.0,0.0,0.0,0.0,0.0,0.0,0.0,0.0,0.0,0.0,0.0,0.0,0.0,0.0,0.0,0.0,0.0,0.0,0.0,0.0,0.0,0.0,0.0,0.0,0.0,0.0,0.0,0.0,0.0,0.0,0.0,0.0,0.0,0.0,0.0,0.0,0.0,0.0,0.0,0.0,1.0,1.0,0.0,0.0,0.0,0.0,0.0,0.0,1.0,0.0,1.0,191.0,0.0,0.0,0.0,0.0,0.55,0.1,0.09,0.1,0.09,0.0,1.0,1.0,2.0,0.0,0.0,0.0,0.0,1.0,0.0,0.0,0.1,0.0,0.0,0.0,0.0,2.0,1.0,1.0,0.02,0.0,0.0,0.11,0.11,0.11,0.0,0.0,0.0,0.0,0.0,0.0,0.0,0.0,0.0,0.0,0.0,0.0,0.0,0.0,0.0,0.0,0.0,0.0,0.0,0.0,0.0,0.0,0.0,0.0,0.0,0.0,0.0,0.0,0.0,0.0,0.38,0.0,6.0,0.0,0.0,0.0,0.0,0.0,0.0,0.0
8476479,2025,Phillip Danault,LAK,C,other,1,35.0,1.0,0.4,1.0,1.0,1.0,1.0,1.0,1.0,9.0,0.85,0.07,0.11,0.1,0.02,0.56,0.15,0.07,0.07,0.07,0.0,0.0,1.0,0.0,0.0,1.0,0.0,0.0,0.0,0.0,0.0,0.0,1.0,0.0,1.0,1.0,0.0,0.0,0.0,0.0,0.0,1.0,1.0,0.0,0.0,0.07,0.0,0.0,0.0,0.0,0.0,1.0,1.0,1.0,0.0,0.03,0.0,0.0,0.09,0.09,0.09,1.0,1.0,0.0,0.0,0.0,0.0,1.0,0.0,0.0,0.0,1.0,156.0,0.0,0.0,0.0,0.0,0.85,0.07,0.07,0.07,0.07,1.0,0.0,1.0,2.0,0.0,0.0,0.0,1.0,0.0,0.0,0.07,0.0,0.0,0.0,0.0,0.0,2.0,1.0,1.0,0.03,0.0,0.0,0.09,0.09,0.09,0.0,0.0,0.0,0.0,0.0,0.0,0.0,0.0,0.0,0.0,0.0,0.0,0.0,0.0,0.0,0.0,0.0,0.0,0.0,0.0,0.0,0.0,0.0,0.0,0.0,0.0,0.0,0.0,0.0,0.0,0.48,0.0,8.0,0.0,0.0,0.0,0.0,0.0,0.0,0.0
8476479,2025,Phillip Danault,LAK,C,all,1,1180.0,23.0,0.4,0.48,0.59,0.65,0.55,0.6,0.55,1.0,1.57,0.14,0.18,0.2,0.04,1.05,0.39,0.14,0.14,0.14,0.0,0.0,2.0,0.0,1.0,3.0,0.0,0.0,0.0,0.0,0.0,0.0,2.0,0.0,2.0,2.0,0.0,0.0,8.0,1.0,0.0,1.0,2.0,0.0,0.0,0.14,0.0,0.0,0.0,0.0,0.0,2.97,2.0,2.0,0.0,0.04,0.0,0.0,0.19,0.19,0.19,23.0,6.0,2.0,4.0,11.0,2.0,6.0,2.0,13.0,8.0,8.0,2420.0,0.0,0.0,0.0,0.0,7.89,0.76,0.74,0.73,0.71,10.0,2.0,8.0,20.0,0.0,0.0,0.0,8.0,4.0,0.0,0.29,0.47,0.0,0.0,0.0,0.0,18.9,12.0,11.56,0.15,0.0,0.0,0.91,0.88,0.86,5.7,0.83,0.83,0.86,0.86,4.0,4.0,3.0,11.0,1.0,0.0,0.0,5.0,2.0,1.0,0.1,0.25,0.48,0.0,0.0,1.0,11.71,8.0,8.53,0.08,0.0,0.0,0.91,0.94,0.94,1.84,1.26,46.0,38.0,0.0,0.0,0.0,0.0,0.0,0.0
8476479,2025,Phillip Danault,LAK,C,5on5,1,706.0,13.0,0.4,0.48,0.51,0.63,0.53,0.55,0.52,3.0,0.0,0.0,0.0,0.0,0.0,0.0,0.0,0.0,0.0,0.0,0.0,0.0,0.0,0.0,1.0,1.0,0.0,0.0,0.0,0.0,0.0,0.0,0.0,0.0,0.0,0.0,0.0,0.0,4.0,1.0,0.0,0.0,0.0,0.0,0.0,0.0,0.0,0.0,0.0,0.0,0.0,0.97,0.0,0.0,0.0,0.0,0.0,0.0,0.0,0.0,0.0,13.0,4.0,0.0,1.0,8.0,0.0,3.0,0.0,10.0,4.0,4.0,1762.0,0.0,0.0,0.0,0.0,3.9,0.31,0.31,0.28,0.28,4.0,2.0,6.0,12.0,0.0,0.0,0.0,4.0,2.0,0.0,0.07,0.24,0.0,0.0,0.0,0.0,10.9,6.0,5.56,0.06,0.0,0.0,0.37,0.33,0.33,3.37,0.33,0.33,0.36,0.36,2.0,3.0,2.0,7.0,0.0,0.0,0.0,3.0,2.0,0.0,0.09,0.25,0.0,0.0,0.0,0.0,7.71,5.0,5.53,0.04,0.0,0.0,0.38,0.41,0.41,1.26,1.22,36.0,32.0,0.14,0.0,3.0,0.0,3.0,0.0
8476479,2025,Phillip Danault,LAK,C,4on5,1,249.0,6.0,0.4,0.0,0.0,0.0,0.0,0.0,0.0,1.0,0.0,0.0,0.0,0.0,0.0,0.0,0.0,0.0,0.0,0.0,0.0,0.0,0.0,0.0,0.0,0.0,0.0,0.0,0.0,0.0,0.0,0.0,0.0,0.0,0.0,0.0,0.0,0.0,3.0,0.0,0.0,0.0,0.0,0.0,0.0,0.0,0.0,0.0,0.0,0.0,0.0,0.0,0.0,0.0,0.0,0.0,0.0,0.0,0.0,0.0,0.0,6.0,0.0,2.0,3.0,1.0,0.0,2.0,2.0,2.0,3.0,0.0,356.0,0.0,0.0,0.0,0.0,0.0,0.0,0.0,0.0,0.0,0.0,0.0,0.0,0.0,0.0,0.0,0.0,0.0,0.0,0.0,0.0,0.0,0.0,0.0,0.0,0.0,0.0,0.0,0.0,0.0,0.0,0.0,0.0,0.0,0.0,2.33,0.5,0.5,0.5,0.5,2.0,1.0,1.0,4.0,1.0,0.0,0.0,2.0,0.0,1.0,0.02,0.0,0.48,0.0,0.0,1.0,4.0,3.0,3.0,0.04,0.0,0.0,0.54,0.54,0.54,0.0,0.04,0.0,6.0,0.0,0.0,0.0,0.0,0.0,0.0
8476479,2025,Phillip Danault,LAK,C,5on4,1,190.0,3.0,0.4,1.0,1.0,1.0,1.0,1.0,1.0,2.0,0.71,0.07,0.07,0.1,0.02,0.49,0.24,0.07,0.07,0.07,0.0,0.0,1.0,0.0,0.0,1.0,0.0,0.0,0.0,0.0,0.0,0.0,1.0,0.0,1.0,1.0,0.0,0.0,1.0,0.0,0.0,0.0,1.0,0.0,0.0,0.07,0.0,0.0,0.0,0.0,0.0,1.0,1.0,1.0,0.0,0.02,0.0,0.0,0.09,0.09,0.09,3.0,1.0,0.0,0.0,2.0,2.0,0.0,0.0,1.0,1.0,3.0,146.0,0.0,0.0,0.0,0.0,3.14,0.38,0.37,0.38,0.37,5.0,0.0,1.0,6.0,0.0,0.0,0.0,3.0,2.0,0.0,0.15,0.23,0.0,0.0,0.0,0.0,6.0,5.0,5.0,0.07,0.0,0.0,0.45,0.45,0.43,0.0,0.0,0.0,0.0,0.0,0.0,0.0,0.0,0.0,0.0,0.0,0.0,0.0,0.0,0.0,0.0,0.0,0.0,0.0,0.0,0.0,0.0,0.0,0.0,0.0,0.0,0.0,0.0,0.0,0.0,0.1,0.0,2.0,0.0,0.0,0.0,0.0,0.0,0.0,0.0
8481641,2025,Joel Kiviranta,COL,L,other,1,11.0,0.0,0.23,0.0,0.0,0.0,0.0,0.0,0.0,7.0,0.0,0.0,0.0,0.0,0.0,0.0,0.0,0.0,0.0,0.0,0.0,0.0,0.0,0.0,0.0,0.0,0.0,0.0,0.0,0.0,0.0,0.0,0.0,0.0,0.0,0.0,0.0,0.0,0.0,0.0,0.0,0.0,0.0,0.0,0.0,0.0,0.0,0.0,0.0,0.0,0.0,0.0,0.0,0.0,0.0,0.0,0.0,0.0,0.0,0.0,0.0,0.0,0.0,0.0,0.0,0.0,0.0,0.0,0.0,0.0,0.0,0.0,180.0,0.0,0.0,0.0,0.0,0.0,0.0,0.0,0.0,0.0,0.0,0.0,0.0,0.0,0.0,0.0,0.0,0.0,0.0,0.0,0.0,0.0,0.0,0.0,0.0,0.0,0.0,0.0,0.0,0.0,0.0,0.0,0.0,0.0,0.0,0.0,0.0,0.0,0.0,0.0,0.0,0.0,0.0,0.0,0.0,0.0,0.0,0.0,0.0,0.0,0.0,0.0,0.0,0.0,0.0,0.0,0.0,0.0,0.0,0.0,0.0,0.0,0.0,0.0,0.0,0.0,0.55,0.0,10.0,0.0,0.0,0.0,0.0,0.0,0.0
8481641,2025,Joel Kiviranta,COL,L,all,1,627.0,15.0,0.23,0.26,0.47,0.43,0.42,0.33,0.45,11.0,0.51,0.07,0.04,0.11,0.03,0.43,0.32,0.07,0.08,0.08,0.0,0.0,1.0,0.0,0.0,1.0,0.0,0.0,0.0,0.0,0.0,0.0,0.0,1.0,1.0,1.0,0.0,0.0,1.0,2.0,0.0,1.0,1.0,0.0,0.0,0.07,0.0,0.0,0.0,0.0,0.0,1.15,1.0,1.15,1.0,0.01,0.0,0.0,0.08,0.09,0.09,15.0,2.0,1.0,1.0,11.0,3.0,3.0,1.0,8.0,1.0,0.0,2973.0,0.0,0.0,0.0,0.0,1.87,0.13,0.12,0.14,0.14,3.0,0.0,7.0,10.0,1.0,0.0,0.0,3.0,0.0,0.0,0.13,0.0,0.0,1.0,0.0,0.0,10.95,3.0,3.32,0.02,0.0,0.0,0.15,0.17,0.16,4.03,0.38,0.37,0.36,0.35,4.0,2.0,7.0,13.0,0.0,0.0,0.0,4.0,2.0,0.0,0.16,0.21,0.0,0.0,0.0,0.0,11.81,6.0,5.65,0.08,0.0,0.0,0.46,0.44,0.43,1.96,2.23,39.0,53.0,0.0,0.0,0.0,0.0,0.0,0.0
8481641,2025,Joel Kiviranta,COL,L,5on5,1,490.0,12.0,0.23,0.45,0.5,0.5,0.43,0.5,0.47,10.0,0.51,0.07,0.04,0.11,0.03,0.43,0.32,0.07,0.08,0.08,0.0,0.0,1.0,0.0,0.0,1.0,0.0,0.0,0.0,0.0,0.0,0.0,0.0,1.0,1.0,1.0,0.0,0.0,1.0,2.0,0.0,1.0,1.0,0.0,0.0,0.07,0.0,0.0,0.0,0.0,0.0,1.15,1.0,1.15,1.0,0.01,0.0,0.0,0.08,0.09,0.09,12.0,2.0,1.0,1.0,8.0,3.0,2.0,1.0,6.0,1.0,0.0,1978.0,0.0,0.0,0.0,0.0,1.87,0.13,0.12,0.14,0.14,3.0,0.0,7.0,10.0,1.0,0.0,0.0,3.0,0.0,0.0,0.13,0.0,0.0,1.0,0.0,0.0,10.95,3.0,3.32,0.02,0.0,0.0,0.15,0.17,0.16,2.21,0.15,0.15,0.14,0.14,1.0,2.0,7.0,10.0,0.0,0.0,0.0,2.0,1.0,0.0,0.04,0.11,0.0,0.0,0.0,0.0,8.81,3.0,2.65,0.04,0.0,0.0,0.19,0.17,0.17,1.42,1.42,29.0,38.0,0.07,0.0,3.0,0.0,3.0,0.0
8481641,2025,Joel Kiviranta,COL,L,4on5,1,126.0,3.0,0.23,0.0,0.0,0.0,0.0,0.0,0.0,3.0,0.0,0.0,0.0,0.0,0.0,0.0,0.0,0.0,0.0,0.0,0.0,0.0,0.0,0.0,0.0,0.0,0.0,0.0,0.0,0.0,0.0,0.0,0.0,0.0,0.0,0.0,0.0,0.0,0.0,0.0,0.0,0.0,0.0,0.0,0.0,0.0,0.0,0.0,0.0,0.0,0.0,0.0,0.0,0.0,0.0,0.0,0.0,0.0,0.0,0.0,0.0,3.0,0.0,0.0,0.0,3.0,0.0,1.0,0.0,2.0,0.0,0.0,210.0,0.0,0.0,0.0,0.0,0.0,0.0,0.0,0.0,0.0,0.0,0.0,0.0,0.0,0.0,0.0,0.0,0.0,0.0,0.0,0.0,0.0,0.0,0.0,0.0,0.0,0.0,0.0,0.0,0.0,0.0,0.0,0.0,0.0,0.0,1.82,0.22,0.21,0.22,0.21,3.0,0.0,0.0,3.0,0.0,0.0,0.0,2.0,1.0,0.0,0.12,0.1,0.0,0.0,0.0,0.0,3.0,3.0,3.0,0.05,0.0,0.0,0.27,0.27,0.26,0.0,0.26,0.0,5.0,0.0,0.0,0.0,0.0,0.0,0.0
8481641,2025,Joel Kiviranta,COL,L,5on4,1,0.0,0.0,0.0,0.0,0.0,0.0,0.0,0.0,0.0,0.0,0.0,0.0,0.0,0.0,0.0,0.0,0.0,0.0,0.0,0.0,0.0,0.0,0.0,0.0,0.0,0.0,0.0,0.0,0.0,0.0,0.0,0.0,0.0,0.0,0.0,0.0,0.0,0.0,0.0,0.0,0.0,0.0,0.0,0.0,0.0,0.0,0.0,0.0,0.0,0.0,0.0,0.0,0.0,0.0,0.0,0.0,0.0,0.0,0.0,0.0,0.0,0.0,0.0,0.0,0.0,0.0,0.0,0.0,0.0,0.0,0.0,0.0,0.0,0.0,0.0,0.0,0.0,0.0,0.0,0.0,0.0,0.0,0.0,0.0,0.0,0.0,0.0,0.0,0.0,0.0,0.0,0.0,0.0,0.0,0.0,0.0,0.0,0.0,0.0,0.0,0.0,0.0,0.0,0.0,0.0,0.0,0.0,0.0,0.0,0.0,0.0,0.0,0.0,0.0,0.0,0.0,0.0,0.0,0.0,0.0,0.0,0.0,0.0,0.0,0.0,0.0,0.0,0.0,0.0,0.0,0.0,0.0,0.0,0.0,0.0,0.0,0.0,0.0,0.0,0.0,0.0,0.0,0.0,0.0,0.0,0.0,0.0
8480069,2025,Cale Makar,COL,D,other,1,0.0,0.0,0.0,0.0,0.0,0.0,0.0,0.0,0.0,0.0,0.0,0.0,0.0,0.0,0.0,0.0,0.0,0.0,0.0,0.0,0.0,0.0,0.0,0.0,0.0,0.0,0.0,0.0,0.0,0.0,0.0,0.0,0.0,0.0,0.0,0.0,0.0,0.0,0.0,0.0,0.0,0.0,0.0,0.0,0.0,0.0,0.0,0.0,0.0,0.0,0.0,0.0,0.0,0.0,0.0,0.0,0.0,0.0,0.0,0.0,0.0,0.0,0.0,0.0,0.0,0.0,0.0,0.0,0.0,0.0,0.0,0.0,0.0,0.0,0.0,0.0,0.0,0.0,0.0,0.0,0.0,0.0,0.0,0.0,0.0,0.0,0.0,0.0,0.0,0.0,0.0,0.0,0.0,0.0,0.0,0.0,0.0,0.0,0.0,0.0,0.0,0.0,0.0,0.0,0.0,0.0,0.0,0.0,0.0,0.0,0.0,0.0,0.0,0.0,0.0,0.0,0.0,0.0,0.0,0.0,0.0,0.0,0.0,0.0,0.0,0.0,0.0,0.0,0.0,0.0,0.0,0.0,0.0,0.0,0.0,0.0,0.0,0.0,0.0,0.0,0.0,0.0,0.0,0.0,0.0,0.0,0.0
8480069,2025,Cale Makar,COL,D,all,1,1387.0,24.0,1.07,0.66,0.27,0.42,0.43,0.52,0.39,1.0,1.32,0.09,0.12,0.23,0.04,0.76,0.75,0.09,0.09,0.09,2.0,0.0,1.0,1.0,1.0,3.0,2.0,0.0,1.0,0.0,0.0,0.0,0.0,1.0,1.0,2.0,1.0,2.0,0.0,1.0,0.0,2.0,1.0,1.0,0.0,0.01,0.08,0.0,0.0,0.0,0.0,3.37,2.0,2.15,1.0,0.03,0.23,0.0,0.11,0.12,0.12,24.0,8.0,4.0,3.0,9.0,1.0,5.0,3.0,15.0,0.0,0.0,2213.0,2.0,0.0,0.0,1.0,11.42,1.38,1.35,1.47,1.44,10.0,5.0,2.0,17.0,2.0,2.0,1.0,9.0,4.0,2.0,0.2,0.46,0.72,0.0,0.0,2.0,18.3,15.0,15.88,0.2,0.26,0.26,1.31,1.38,1.37,9.67,0.71,0.71,0.66,0.66,9.0,5.0,9.0,23.0,0.0,0.0,0.0,11.0,3.0,0.0,0.35,0.37,0.0,0.0,0.0,0.0,20.74,14.0,12.84,0.14,0.0,0.0,0.85,0.79,0.78,0.71,1.89,32.0,43.0,0.0,0.0,0.0,0.0,0.0,0.0
8480069,2025,Cale Makar,COL,D,5on5,1,847.0,15.0,1.07,0.61,0.41,0.36,0.5,0.45,0.48,2.0,0.69,0.08,0.07,0.1,0.02,0.43,0.3,0.08,0.09,0.09,1.0,0.0,1.0,0.0,1.0,2.0,1.0,0.0,1.0,0.0,0.0,0.0,0.0,0.0,1.0,1.0,1.0,2.0,0.0,1.0,0.0,1.0,0.0,1.0,0.0,0.0,0.08,0.0,0.0,0.0,0.0,2.37,1.0,1.15,1.0,0.01,0.23,0.0,0.1,0.11,0.11,15.0,2.0,4.0,1.0,8.0,0.0,4.0,0.0,11.0,0.0,0.0,1621.0,2.0,0.0,0.0,1.0,7.84,0.85,0.83,0.94,0.92,6.0,4.0,2.0,12.0,1.0,2.0,1.0,5.0,4.0,1.0,0.16,0.46,0.23,0.0,0.0,1.0,13.3,10.0,10.88,0.13,0.26,0.26,0.72,0.78,0.78,8.36,0.56,0.55,0.51,0.5,7.0,5.0,9.0,21.0,0.0,0.0,0.0,10.0,2.0,0.0,0.31,0.24,0.0,0.0,0.0,0.0,18.74,12.0,10.84,0.11,0.0,0.0,0.67,0.61,0.6,0.7,1.02,27.0,27.0,0.0,0.0,0.0,0.0,0.0,0.0
8480069,2025,Cale Makar,COL,D,4on5,1,69.0,1.0,1.07,0.0,0.0,0.0,0.0,0.0,0.0,5.0,0.0,0.0,0.0,0.0,0.0,0.0,0.0,0.0,0.0,0.0,0.0,0.0,0.0,0.0,0.0,0.0,0.0,0.0,0.0,0.0,0.0,0.0,0.0,0.0,0.0,0.0,0.0,0.0,0.0,0.0,0.0,0.0,0.0,0.0,0.0,0.0,0.0,0.0,0.0,0.0,0.0,0.0,0.0,0.0,0.0,0.0,0.0,0.0,0.0,0.0,0.0,1.0,0.0,0.0,0.0,1.0,0.0,1.0,0.0,0.0,0.0,0.0,267.0,0.0,0.0,0.0,0.0,0.0,0.0,0.0,0.0,0.0,0.0,0.0,0.0,0.0,0.0,0.0,0.0,0.0,0.0,0.0,0.0,0.0,0.0,0.0,0.0,0.0,0.0,0.0,0.0,0.0,0.0,0.0,0.0,0.0,0.0,1.32,0.16,0.15,0.16,0.15,2.0,0.0,0.0,2.0,0.0,0.0,0.0,1.0,1.0,0.0,0.03,0.12,0.0,0.0,0.0,0.0,2.0,2.0,2.0,0.02,0.0,0.0,0.18,0.18,0.18,0.0,0.32,0.0,6.0,0.0,0.0,0.0,0.0,0.0,0.0
8480069,2025,Cale Makar,COL,D,5on4,1,471.0,8.0,1.07,1.0,1.0,1.0,1.0,1.0,1.0,1.0,0.63,0.01,0.05,0.14,0.02,0.33,0.45,0.01,0.01,0.01,1.0,0.0,0.0,1.0,0.0,1.0,1.0,0.0,0.0,0.0,0.0,0.0,0.0,1.0,0.0,1.0,0.0,0.0,0.0,0.0,0.0,1.0,1.0,0.0,0.0,0.01,0.0,0.0,0.0,0.0,0.0,1.0,1.0,1.0,0.0,0.01,0.0,0.0,0.02,0.02,0.02,8.0,6.0,0.0,2.0,0.0,1.0,0.0,3.0,4.0,0.0,0.0,134.0,0.0,0.0,0.0,0.0,3.58,0.53,0.53,0.53,0.53,4.0,1.0,0.0,5.0,1.0,0.0,0.0,4.0,0.0,1.0,0.04,0.0,0.48,0.0,0.0,1.0,5.0,5.0,5.0,0.07,0.0,0.0,0.6,0.6,0.6,0.0,0.0,0.0,0.0,0.0,0.0,0.0,0.0,0.0,0.0,0.0,0.0,0.0,0.0,0.0,0.0,0.0,0.0,0.0,0.0,0.0,0.0,0.0,0.0,0.0,0.0,0.0,0.0,0.0,0.0,0.02,0.0,5.0,0.0,0.0,0.0,1.0,0.0,0.0,0.0
8481726,2025,Adam Edstrom,NYR,C,other,1,0.0,0.0,0.0,0.0,0.0,0.0,0.0,0.0,0.0,0.0,0.0,0.0,0.0,0.0,0.0,0.0,0.0,0.0,0.0,0.0,0.0,0.0,0.0,0.0,0.0,0.0,0.0,0.0,0.0,0.0,0.0,0.0,0.0,0.0,0.0,0.0,0.0,0.0,0.0,0.0,0.0,0.0,0.0,0.0,0.0,0.0,0.0,0.0,0.0,0.0,0.0,0.0,0.0,0.0,0.0,0.0,0.0,0.0,0.0,0.0,0.0,0.0,0.0,0.0,0.0,0.0,0.0,0.0,0.0,0.0,0.0,0.0,0.0,0.0,0.0,0.0,0.0,0.0,0.0,0.0,0.0,0.0,0.0,0.0,0.0,0.0,0.0,0.0,0.0,0.0,0.0,0.0,0.0,0.0,0.0,0.0,0.0,0.0,0.0,0.0,0.0,0.0,0.0,0.0,0.0,0.0,0.0,0.0,0.0,0.0,0.0,0.0,0.0,0.0,0.0,0.0,0.0,0.0,0.0,0.0,0.0,0.0,0.0,0.0,0.0,0.0,0.0,0.0,0.0,0.0,0.0,0.0,0.0,0.0,0.0,0.0,0.0,0.0,0.0,0.0,0.0,0.0,0.0,0.0,0.0,0.0,0.0
8481726,2025,Adam Edstrom,NYR,C,all,1,512.0,10.0,-0.3,0.23,0.37,0.25,0.52,0.2,0.52,12.0,0.53,0.09,0.04,0.14,0.03,0.4,0.3,0.09,0.09,0.09,0.0,0.0,0.0,1.0,0.0,1.0,0.0,0.0,0.0,0.0,0.0,0.0,0.0,1.0,0.0,1.0,0.0,0.0,0.0,6.0,0.0,0.0,0.0,1.0,0.0,0.0,0.09,0.0,0.0,0.0,0.0,0.97,1.0,0.97,0.0,0.01,0.0,0.0,0.1,0.09,0.09,10.0,1.0,0.0,2.0,7.0,0.0,1.0,0.0,9.0,0.0,0.0,3088.0,0.0,0.0,0.0,0.0,1.32,0.1,0.1,0.09,0.09,1.0,1.0,1.0,3.0,0.0,0.0,0.0,1.0,1.0,0.0,0.01,0.09,0.0,0.0,0.0,0.0,2.8,2.0,1.89,0.01,0.0,0.0,0.11,0.1,0.1,5.97,0.32,0.32,0.35,0.35,7.0,1.0,1.0,9.0,0.0,0.0,0.0,8.0,0.0,0.0,0.32,0.0,0.0,0.0,0.0,0.0,9.97,8.0,8.79,0.07,0.0,0.0,0.39,0.42,0.42,2.41,4.11,57.0,52.0,0.0,0.0,0.0,0.0,0.0,0.0
8481726,2025,Adam Edstrom,NYR,C,5on5,1,512.0,10.0,-0.3,0.23,0.45,0.25,0.51,0.2,0.52,12.0,0.53,0.09,0.04,0.14,0.03,0.4,0.3,0.09,0.09,0.09,0.0,0.0,0.0,1.0,0.0,1.0,0.0,0.0,0.0,0.0,0.0,0.0,0.0,1.0,0.0,1.0,0.0,0.0,0.0,6.0,0.0,0.0,0.0,1.0,0.0,0.0,0.09,0.0,0.0,0.0,0.0,0.97,1.0,0.97,0.0,0.01,0.0,0.0,0.1,0.09,0.09,10.0,1.0,0.0,2.0,7.0,0.0,1.0,0.0,9.0,0.0,0.0,2705.0,0.0,0.0,0.0,0.0,1.32,0.1,0.1,0.09,0.09,1.0,1.0,1.0,3.0,0.0,0.0,0.0,1.0,1.0,0.0,0.01,0.09,0.0,0.0,0.0,0.0,2.8,2.0,1.89,0.01,0.0,0.0,0.11,0.1,0.1,5.97,0.32,0.32,0.35,0.35,7.0,1.0,1.0,9.0,0.0,0.0,0.0,8.0,0.0,0.0,0.32,0.0,0.0,0.0,0.0,0.0,9.97,8.0,8.79,0.07,0.0,0.0,0.39,0.42,0.42,2.22,2.7,51.0,49.0,0.0,0.0,0.0,0.0,0.0,0.0
8481726,2025,Adam Edstrom,NYR,C,4on5,1,0.0,0.0,0.0,0.0,0.0,0.0,0.0,0.0,0.0,0.0,0.0,0.0,0.0,0.0,0.0,0.0,0.0,0.0,0.0,0.0,0.0,0.0,0.0,0.0,0.0,0.0,0.0,0.0,0.0,0.0,0.0,0.0,0.0,0.0,0.0,0.0,0.0,0.0,0.0,0.0,0.0,0.0,0.0,0.0,0.0,0.0,0.0,0.0,0.0,0.0,0.0,0.0,0.0,0.0,0.0,0.0,0.0,0.0,0.0,0.0,0.0,0.0,0.0,0.0,0.0,0.0,0.0,0.0,0.0,0.0,0.0,0.0,0.0,0.0,0.0,0.0,0.0,0.0,0.0,0.0,0.0,0.0,0.0,0.0,0.0,0.0,0.0,0.0,0.0,0.0,0.0,0.0,0.0,0.0,0.0,0.0,0.0,0.0,0.0,0.0,0.0,0.0,0.0,0.0,0.0,0.0,0.0,0.0,0.0,0.0,0.0,0.0,0.0,0.0,0.0,0.0,0.0,0.0,0.0,0.0,0.0,0.0,0.0,0.0,0.0,0.0,0.0,0.0,0.0,0.0,0.0,0.0,0.0,0.0,0.0,0.0,0.0,0.0,0.0,0.0,0.0,0.0,0.0,0.0,0.0,0.0,0.0
8481726,2025,Adam Edstrom,NYR,C,5on4,1,0.0,0.0,0.0,0.0,0.0,0.0,0.0,0.0,0.0,0.0,0.0,0.0,0.0,0.0,0.0,0.0,0.0,0.0,0.0,0.0,0.0,0.0,0.0,0.0,0.0,0.0,0.0,0.0,0.0,0.0,0.0,0.0,0.0,0.0,0.0,0.0,0.0,0.0,0.0,0.0,0.0,0.0,0.0,0.0,0.0,0.0,0.0,0.0,0.0,0.0,0.0,0.0,0.0,0.0,0.0,0.0,0.0,0.0,0.0,0.0,0.0,0.0,0.0,0.0,0.0,0.0,0.0,0.0,0.0,0.0,0.0,0.0,0.0,0.0,0.0,0.0,0.0,0.0,0.0,0.0,0.0,0.0,0.0,0.0,0.0,0.0,0.0,0.0,0.0,0.0,0.0,0.0,0.0,0.0,0.0,0.0,0.0,0.0,0.0,0.0,0.0,0.0,0.0,0.0,0.0,0.0,0.0,0.0,0.0,0.0,0.0,0.0,0.0,0.0,0.0,0.0,0.0,0.0,0.0,0.0,0.0,0.0,0.0,0.0,0.0,0.0,0.0,0.0,0.0,0.0,0.0,0.0,0.0,0.0,0.0,0.0,0.0,0.0,0.0,0.0,0.0,0.0,0.0,0.0,0.0,0.0,0.0
8476882,2025,Teuvo Teravainen,CHI,C,other,1,56.0,0.0,1.68,1.0,0.0,1.0,0.0,1.0,0.0,3.0,0.0,0.0,0.0,0.0,0.0,0.0,0.0,0.0,0.0,0.0,0.0,0.0,0.0,0.0,1.0,1.0,0.0,0.0,0.0,0.0,0.0,0.0,0.0,0.0,0.0,0.0,0.0,0.0,0.0,0.0,0.0,0.0,0.0,0.0,0.0,0.0,0.0,0.0,0.0,0.0,0.0,1.0,0.0,0.0,0.0,0.0,0.0,0.0,0.0,0.0,0.0,0.0,0.0,0.0,0.0,0.0,0.0,0.0,0.0,0.0,0.0,0.0,0.0,0.0,0.0,0.0,0.0,1.05,0.08,0.08,0.08,0.08,0.0,2.0,1.0,3.0,0.0,0.0,0.0,2.0,0.0,0.0,0.08,0.0,0.0,0.0,0.0,0.0,3.0,2.0,2.0,0.04,0.0,0.0,0.12,0.12,0.12,0.0,0.0,0.0,0.0,0.0,0.0,0.0,0.0,0.0,0.0,0.0,0.0,0.0,0.0,0.0,0.0,0.0,0.0,0.0,0.0,0.0,0.0,0.0,0.0,0.0,0.0,0.0,0.0,0.0,0.0,0.0,0.0,0.0,0.0,0.0,0.0,0.0,0.0,0.0,0.0
8476882,2025,Teuvo Teravainen,CHI,C,all,1,1085.0,26.0,1.68,0.24,0.31,0.44,0.41,0.41,0.38,4.0,0.71,0.04,0.04,0.15,0.02,0.44,0.31,0.04,0.04,0.04,0.0,1.0,1.0,0.0,2.0,3.0,2.0,1.0,0.0,0.0,0.0,0.0,0.0,0.0,0.0,0.0,0.0,0.0,0.0,0.0,1.0,1.0,1.0,0.0,0.0,0.04,0.0,0.0,1.0,0.0,0.0,3.01,1.0,1.03,0.0,0.01,0.0,0.0,0.05,0.05,0.05,26.0,4.0,5.0,5.0,12.0,3.0,4.0,4.0,15.0,0.0,0.0,2515.0,0.0,4.0,2.0,2.0,8.49,0.63,0.62,0.66,0.65,6.0,6.0,6.0,18.0,2.0,0.0,0.0,10.0,2.0,0.0,0.3,0.33,0.0,1.0,1.0,0.0,18.2,12.0,12.18,0.14,0.0,0.0,0.76,0.8,0.79,13.13,1.99,1.89,1.97,1.86,12.0,5.0,6.0,23.0,2.0,2.0,0.0,9.0,4.0,4.0,0.41,0.61,0.98,0.0,2.0,0.0,22.97,17.0,17.02,0.23,0.49,0.49,1.72,1.71,1.67,0.96,2.15,32.0,46.0,0.0,0.0,0.0,0.0,0.0,0.0
8476882,2025,Teuvo Teravainen,CHI,C,5on5,1,728.0,21.0,1.68,0.32,0.31,0.41,0.4,0.42,0.38,7.0,0.71,0.04,0.04,0.15,0.02,0.44,0.31,0.04,0.04,0.04,0.0,1.0,1.0,0.0,1.0,2.0,2.0,1.0,0.0,0.0,0.0,0.0,0.0,0.0,0.0,0.0,0.0,0.0,0.0,0.0,1.0,0.0,1.0,0.0,0.0,0.04,0.0,0.0,1.0,0.0,0.0,2.01,1.0,1.03,0.0,0.01,0.0,0.0,0.05,0.05,0.05,21.0,2.0,5.0,5.0,9.0,2.0,3.0,3.0,13.0,0.0,0.0,2234.0,0.0,4.0,2.0,1.0,6.04,0.53,0.53,0.56,0.56,5.0,3.0,3.0,11.0,2.0,0.0,0.0,6.0,2.0,0.0,0.2,0.33,0.0,1.0,1.0,0.0,11.2,8.0,8.18,0.07,0.0,0.0,0.6,0.64,0.63,8.25,1.11,1.05,1.09,1.03,8.0,3.0,5.0,16.0,1.0,1.0,0.0,7.0,2.0,2.0,0.33,0.29,0.49,0.0,1.0,0.0,15.97,11.0,11.02,0.13,0.23,0.23,1.01,1.0,0.96,0.95,2.06,29.0,43.0,0.0,0.0,0.0,1.0,0.0,0.0
8476882,2025,Teuvo Teravainen,CHI,C,4on5,1,63.0,3.0,1.68,0.0,0.0,0.0,0.0,0.0,0.0,4.0,0.0,0.0,0.0,0.0,0.0,0.0,0.0,0.0,0.0,0.0,0.0,0.0,0.0,0.0,0.0,0.0,0.0,0.0,0.0,0.0,0.0,0.0,0.0,0.0,0.0,0.0,0.0,0.0,0.0,0.0,0.0,0.0,0.0,0.0,0.0,0.0,0.0,0.0,0.0,0.0,0.0,0.0,0.0,0.0,0.0,0.0,0.0,0.0,0.0,0.0,0.0,3.0,0.0,0.0,0.0,3.0,0.0,1.0,1.0,1.0,0.0,0.0,159.0,0.0,0.0,0.0,0.0,0.0,0.0,0.0,0.0,0.0,0.0,0.0,0.0,0.0,0.0,0.0,0.0,0.0,0.0,0.0,0.0,0.0,0.0,0.0,0.0,0.0,0.0,0.0,0.0,0.0,0.0,0.0,0.0,0.0,0.0,3.18,0.64,0.6,0.64,0.6,3.0,1.0,1.0,5.0,1.0,1.0,0.0,1.0,2.0,1.0,0.07,0.31,0.26,0.0,1.0,0.0,5.0,4.0,4.0,0.07,0.26,0.26,0.45,0.45,0.44,0.0,0.09,0.0,3.0,0.0,0.0,0.0,0.0,0.0,0.0
8476882,2025,Teuvo Teravainen,CHI,C,5on4,1,238.0,2.0,1.68,0.05,1.0,0.67,1.0,0.5,1.0,4.0,0.0,0.0,0.0,0.0,0.0,0.0,0.0,0.0,0.0,0.0,0.0,0.0,0.0,0.0,0.0,0.0,0.0,0.0,0.0,0.0,0.0,0.0,0.0,0.0,0.0,0.0,0.0,0.0,0.0,0.0,0.0,1.0,0.0,0.0,0.0,0.0,0.0,0.0,0.0,0.0,0.0,0.0,0.0,0.0,0.0,0.0,0.0,0.0,0.0,0.0,0.0,2.0,2.0,0.0,0.0,0.0,1.0,0.0,0.0,1.0,0.0,0.0,122.0,0.0,0.0,0.0,1.0,1.4,0.01,0.01,0.01,0.01,1.0,1.0,2.0,4.0,0.0,0.0,0.0,2.0,0.0,0.0,0.01,0.0,0.0,0.0,0.0,0.0,4.0,2.0,2.0,0.02,0.0,0.0,0.04,0.04,0.04,1.7,0.23,0.23,0.23,0.23,1.0,1.0,0.0,2.0,0.0,0.0,0.0,1.0,0.0,1.0,0.01,0.0,0.22,0.0,0.0,0.0,2.0,2.0,2.0,0.03,0.0,0.0,0.26,0.26,0.26,0.02,0.0,3.0,0.0,0.0,0.0,0.0,0.0,0.0,0.0
8481624,2025,Ilya Mikheyev,CHI,R,other,1,0.0,0.0,0.0,0.0,0.0,0.0,0.0,0.0,0.0,0.0,0.0,0.0,0.0,0.0,0.0,0.0,0.0,0.0,0.0,0.0,0.0,0.0,0.0,0.0,0.0,0.0,0.0,0.0,0.0,0.0,0.0,0.0,0.0,0.0,0.0,0.0,0.0,0.0,0.0,0.0,0.0,0.0,0.0,0.0,0.0,0.0,0.0,0.0,0.0,0.0,0.0,0.0,0.0,0.0,0.0,0.0,0.0,0.0,0.0,0.0,0.0,0.0,0.0,0.0,0.0,0.0,0.0,0.0,0.0,0.0,0.0,0.0,0.0,0.0,0.0,0.0,0.0,0.0,0.0,0.0,0.0,0.0,0.0,0.0,0.0,0.0,0.0,0.0,0.0,0.0,0.0,0.0,0.0,0.0,0.0,0.0,0.0,0.0,0.0,0.0,0.0,0.0,0.0,0.0,0.0,0.0,0.0,0.0,0.0,0.0,0.0,0.0,0.0,0.0,0.0,0.0,0.0,0.0,0.0,0.0,0.0,0.0,0.0,0.0,0.0,0.0,0.0,0.0,0.0,0.0,0.0,0.0,0.0,0.0,0.0,0.0,0.0,0.0,0.0,0.0,0.0,0.0,0.0,0.0,0.0,0.0,0.0
8481624,2025,Ilya Mikheyev,CHI,R,all,1,1027.0,24.0,-0.47,0.2,0.29,0.2,0.48,0.25,0.42,5.0,0.72,0.07,0.04,0.11,0.02,0.36,0.4,0.07,0.07,0.07,0.0,0.0,1.0,0.0,0.0,1.0,0.0,0.0,0.0,0.0,0.0,0.0,0.0,1.0,1.0,1.0,0.0,0.0,0.0,0.0,0.0,0.0,1.0,0.0,0.0,0.07,0.0,0.0,0.0,0.0,0.0,0.97,1.0,0.96,0.0,0.01,0.0,0.0,0.07,0.07,0.07,24.0,3.0,7.0,4.0,10.0,2.0,4.0,2.0,16.0,0.0,0.0,2573.0,0.0,0.0,0.0,1.0,2.83,0.18,0.18,0.18,0.18,4.0,0.0,1.0,5.0,0.0,0.0,0.0,3.0,1.0,0.0,0.09,0.09,0.0,0.0,0.0,0.0,5.05,4.0,4.06,0.03,0.0,0.0,0.2,0.21,0.21,8.96,0.7,0.7,0.69,0.69,8.0,4.0,8.0,20.0,0.0,0.0,0.0,9.0,3.0,0.0,0.25,0.46,0.0,0.0,0.0,0.0,19.83,12.0,11.99,0.12,0.0,0.0,0.83,0.81,0.81,1.41,3.44,45.0,49.0,0.0,0.0,0.0,0.0,0.0,0.0
8481624,2025,Ilya Mikheyev,CHI,R,5on5,1,882.0,19.0,-0.47,0.22,0.34,0.23,0.45,0.29,0.42,2.0,0.72,0.07,0.04,0.11,0.02,0.36,0.4,0.07,0.07,0.07,0.0,0.0,1.0,0.0,0.0,1.0,0.0,0.0,0.0,0.0,0.0,0.0,0.0,1.0,1.0,1.0,0.0,0.0,0.0,0.0,0.0,0.0,1.0,0.0,0.0,0.07,0.0,0.0,0.0,0.0,0.0,0.97,1.0,0.96,0.0,0.01,0.0,0.0,0.07,0.07,0.07,19.0,2.0,4.0,4.0,9.0,2.0,4.0,2.0,11.0,0.0,0.0,2080.0,0.0,0.0,0.0,1.0,2.83,0.18,0.18,0.18,0.18,4.0,0.0,1.0,5.0,0.0,0.0,0.0,3.0,1.0,0.0,0.09,0.09,0.0,0.0,0.0,0.0,5.05,4.0,4.06,0.03,0.0,0.0,0.2,0.21,0.21,7.55,0.62,0.62,0.61,0.6,6.0,4.0,7.0,17.0,0.0,0.0,0.0,7.0,3.0,0.0,0.16,0.46,0.0,0.0,0.0,0.0,16.83,10.0,9.99,0.1,0.0,0.0,0.72,0.7,0.7,1.3,2.56,35.0,42.0,0.0,0.0,0.0,0.0,0.0,0.0
8481624,2025,Ilya Mikheyev,CHI,R,4on5,1,141.0,4.0,-0.47,0.0,0.0,0.0,0.0,0.0,0.0,1.0,0.0,0.0,0.0,0.0,0.0,0.0,0.0,0.0,0.0,0.0,0.0,0.0,0.0,0.0,0.0,0.0,0.0,0.0,0.0,0.0,0.0,0.0,0.0,0.0,0.0,0.0,0.0,0.0,0.0,0.0,0.0,0.0,0.0,0.0,0.0,0.0,0.0,0.0,0.0,0.0,0.0,0.0,0.0,0.0,0.0,0.0,0.0,0.0,0.0,0.0,0.0,4.0,0.0,3.0,0.0,1.0,0.0,0.0,0.0,4.0,0.0,0.0,81.0,0.0,0.0,0.0,0.0,0.0,0.0,0.0,0.0,0.0,0.0,0.0,0.0,0.0,0.0,0.0,0.0,0.0,0.0,0.0,0.0,0.0,0.0,0.0,0.0,0.0,0.0,0.0,0.0,0.0,0.0,0.0,0.0,0.0,0.0,1.42,0.09,0.08,0.09,0.08,2.0,0.0,1.0,3.0,0.0,0.0,0.0,2.0,0.0,0.0,0.09,0.0,0.0,0.0,0.0,0.0,3.0,2.0,2.0,0.02,0.0,0.0,0.11,0.11,0.1,0.0,0.64,0.0,5.0,0.0,0.0,0.0,0.0,0.0,0.0
8481624,2025,Ilya Mikheyev,CHI,R,5on4,1,4.0,1.0,-0.47,0.0,0.11,0.0,0.78,0.0,0.6,10.0,0.0,0.0,0.0,0.0,0.0,0.0,0.0,0.0,0.0,0.0,0.0,0.0,0.0,0.0,0.0,0.0,0.0,0.0,0.0,0.0,0.0,0.0,0.0,0.0,0.0,0.0,0.0,0.0,0.0,0.0,0.0,0.0,0.0,0.0,0.0,0.0,0.0,0.0,0.0,0.0,0.0,0.0,0.0,0.0,0.0,0.0,0.0,0.0,0.0,0.0,0.0,1.0,1.0,0.0,0.0,0.0,0.0,0.0,0.0,1.0,0.0,0.0,356.0,0.0,0.0,0.0,0.0,0.0,0.0,0.0,0.0,0.0,0.0,0.0,0.0,0.0,0.0,0.0,0.0,0.0,0.0,0.0,0.0,0.0,0.0,0.0,0.0,0.0,0.0,0.0,0.0,0.0,0.0,0.0,0.0,0.0,0.0,0.0,0.0,0.0,0.0,0.0,0.0,0.0,0.0,0.0,0.0,0.0,0.0,0.0,0.0,0.0,0.0,0.0,0.0,0.0,0.0,0.0,0.0,0.0,0.0,0.0,0.0,0.0,0.0,0.0,0.0,0.03,0.23,7.0,2.0,0.0,0.0,0.0,0.0,0.0,0.0
8482157,2025,Will Cuylle,NYR,L,other,1,0.0,0.0,0.0,0.0,0.0,0.0,0.0,0.0,0.0,0.0,0.0,0.0,0.0,0.0,0.0,0.0,0.0,0.0,0.0,0.0,0.0,0.0,0.0,0.0,0.0,0.0,0.0,0.0,0.0,0.0,0.0,0.0,0.0,0.0,0.0,0.0,0.0,0.0,0.0,0.0,0.0,0.0,0.0,0.0,0.0,0.0,0.0,0.0,0.0,0.0,0.0,0.0,0.0,0.0,0.0,0.0,0.0,0.0,0.0,0.0,0.0,0.0,0.0,0.0,0.0,0.0,0.0,0.0,0.0,0.0,0.0,0.0,0.0,0.0,0.0,0.0,0.0,0.0,0.0,0.0,0.0,0.0,0.0,0.0,0.0,0.0,0.0,0.0,0.0,0.0,0.0,0.0,0.0,0.0,0.0,0.0,0.0,0.0,0.0,0.0,0.0,0.0,0.0,0.0,0.0,0.0,0.0,0.0,0.0,0.0,0.0,0.0,0.0,0.0,0.0,0.0,0.0,0.0,0.0,0.0,0.0,0.0,0.0,0.0,0.0,0.0,0.0,0.0,0.0,0.0,0.0,0.0,0.0,0.0,0.0,0.0,0.0,0.0,0.0,0.0,0.0,0.0,0.0,0.0,0.0,0.0,0.0
8482157,2025,Will Cuylle,NYR,L,all,1,1166.0,24.0,0.23,0.43,0.3,0.53,0.47,0.47,0.49,4.0,1.43,0.07,0.1,0.44,0.06,0.87,0.47,0.05,0.06,0.05,0.0,0.0,1.0,1.0,4.0,6.0,0.0,0.0,0.0,0.0,0.0,0.0,0.0,2.0,1.0,2.0,0.0,0.0,0.0,8.0,0.0,0.0,2.0,0.0,0.0,0.07,0.0,0.0,0.0,0.0,0.0,5.54,2.0,1.83,0.0,0.02,0.0,0.06,0.03,0.02,0.02,24.0,2.0,6.0,2.0,14.0,3.0,2.0,0.0,19.0,0.0,0.0,2434.0,0.0,0.0,0.0,1.0,12.07,1.33,1.29,1.23,1.2,10.0,7.0,11.0,28.0,0.0,4.0,0.0,9.0,7.0,1.0,0.23,0.78,0.31,0.0,0.0,0.0,25.93,17.0,15.83,0.21,0.64,0.64,0.9,0.84,0.84,15.4,1.72,1.52,1.86,1.64,13.0,6.0,6.0,25.0,0.0,4.0,0.0,12.0,5.0,2.0,0.43,0.63,0.67,0.0,0.0,0.0,27.01,19.0,20.42,0.26,0.92,0.92,1.06,1.15,1.03,1.18,2.71,32.0,36.0,0.0,0.0,0.0,0.0,0.0,0.0
8482157,2025,Will Cuylle,NYR,L,5on5,1,1072.0,21.0,0.23,0.42,0.45,0.52,0.45,0.46,0.49,1.0,1.43,0.07,0.1,0.44,0.06,0.87,0.47,0.05,0.06,0.05,0.0,0.0,1.0,1.0,4.0,6.0,0.0,0.0,0.0,0.0,0.0,0.0,0.0,2.0,1.0,2.0,0.0,0.0,0.0,7.0,0.0,0.0,2.0,0.0,0.0,0.07,0.0,0.0,0.0,0.0,0.0,5.54,2.0,1.83,0.0,0.02,0.0,0.06,0.03,0.02,0.02,21.0,1.0,6.0,2.0,12.0,1.0,2.0,0.0,18.0,0.0,0.0,2145.0,0.0,0.0,0.0,1.0,11.31,1.27,1.24,1.18,1.15,9.0,7.0,11.0,27.0,0.0,4.0,0.0,8.0,7.0,1.0,0.18,0.78,0.31,0.0,0.0,0.0,24.93,16.0,14.83,0.2,0.64,0.64,0.83,0.78,0.77,15.4,1.72,1.52,1.86,1.64,13.0,6.0,6.0,25.0,0.0,4.0,0.0,12.0,5.0,2.0,0.43,0.63,0.67,0.0,0.0,0.0,27.01,19.0,20.42,0.26,0.92,0.92,1.06,1.15,1.03,1.05,1.3,27.0,33.0,0.0,0.0,0.0,0.0,0.0,0.0
8482157,2025,Will Cuylle,NYR,L,4on5,1,47.0,1.0,0.23,0.0,0.0,0.0,0.0,0.0,0.0,1.0,0.0,0.0,0.0,0.0,0.0,0.0,0.0,0.0,0.0,0.0,0.0,0.0,0.0,0.0,0.0,0.0,0.0,0.0,0.0,0.0,0.0,0.0,0.0,0.0,0.0,0.0,0.0,0.0,0.0,1.0,0.0,0.0,0.0,0.0,0.0,0.0,0.0,0.0,0.0,0.0,0.0,0.0,0.0,0.0,0.0,0.0,0.0,0.0,0.0,0.0,0.0,1.0,0.0,0.0,0.0,1.0,0.0,0.0,0.0,1.0,0.0,0.0,73.0,0.0,0.0,0.0,0.0,0.0,0.0,0.0,0.0,0.0,0.0,0.0,0.0,0.0,0.0,0.0,0.0,0.0,0.0,0.0,0.0,0.0,0.0,0.0,0.0,0.0,0.0,0.0,0.0,0.0,0.0,0.0,0.0,0.0,0.0,0.0,0.0,0.0,0.0,0.0,0.0,0.0,0.0,0.0,0.0,0.0,0.0,0.0,0.0,0.0,0.0,0.0,0.0,0.0,0.0,0.0,0.0,0.0,0.0,0.0,0.0,0.0,0.0,0.0,0.0,0.0,0.0,0.0,1.0,0.0,0.0,0.0,0.0,0.0,0.0
8482157,2025,Will Cuylle,NYR,L,5on4,1,47.0,2.0,0.23,1.0,1.0,1.0,1.0,1.0,1.0,6.0,0.0,0.0,0.0,0.0,0.0,0.0,0.0,0.0,0.0,0.0,0.0,0.0,0.0,0.0,0.0,0.0,0.0,0.0,0.0,0.0,0.0,0.0,0.0,0.0,0.0,0.0,0.0,0.0,0.0,0.0,0.0,0.0,0.0,0.0,0.0,0.0,0.0,0.0,0.0,0.0,0.0,0.0,0.0,0.0,0.0,0.0,0.0,0.0,0.0,0.0,0.0,2.0,1.0,0.0,0.0,1.0,2.0,0.0,0.0,0.0,0.0,0.0,193.0,0.0,0.0,0.0,0.0,0.76,0.06,0.06,0.06,0.06,1.0,0.0,0.0,1.0,0.0,0.0,0.0,1.0,0.0,0.0,0.06,0.0,0.0,0.0,0.0,0.0,1.0,1.0,1.0,0.01,0.0,0.0,0.07,0.07,0.07,0.0,0.0,0.0,0.0,0.0,0.0,0.0,0.0,0.0,0.0,0.0,0.0,0.0,0.0,0.0,0.0,0.0,0.0,0.0,0.0,0.0,0.0,0.0,0.0,0.0,0.0,0.0,0.0,0.0,0.0,0.13,0.0,4.0,0.0,0.0,0.0,0.0,0.0,0.0,0.0
8476468,2025,J.T. Miller,NYR,C,other,1,23.0,1.0,-0.35,0.0,0.0,0.33,0.0,0.0,0.0,5.0,0.0,0.0,0.0,0.0,0.0,0.0,0.0,0.0,0.0,0.0,0.0,0.0,0.0,0.0,0.0,0.0,0.0,0.0,0.0,0.0,0.0,0.0,0.0,0.0,0.0,0.0,0.0,0.0,0.0,0.0,0.0,0.0,0.0,0.0,0.0,0.0,0.0,0.0,0.0,0.0,0.0,0.0,0.0,0.0,0.0,0.0,0.0,0.0,0.0,0.0,0.0,1.0,0.0,0.0,0.0,1.0,0.0,0.0,1.0,0.0,0.0,0.0,0.0,0.0,0.0,0.0,0.0,0.0,0.0,0.0,0.0,0.0,0.0,0.0,1.0,1.0,0.0,0.0,0.0,0.0,0.0,0.0,0.0,0.0,0.0,0.0,0.0,0.0,1.0,0.0,0.0,0.0,0.0,0.0,0.0,0.0,0.0,1.43,1.41,1.41,1.41,1.41,2.0,0.0,0.0,2.0,2.0,0.0,0.0,0.0,0.0,2.0,0.0,0.0,1.41,0.0,0.0,2.0,2.0,2.0,2.0,0.01,0.0,0.0,1.42,1.42,1.42,0.0,0.0,0.0,0.0,0.0,0.0,0.0,0.0,0.0,0.0
8476468,2025,J.T. Miller,NYR,C,all,1,1098.0,24.0,-0.35,0.25,0.5,0.44,0.53,0.38,0.54,5.0,1.0,0.18,0.09,0.17,0.05,0.94,0.57,0.18,0.17,0.17,0.0,0.0,0.0,2.0,0.0,2.0,0.0,0.0,0.0,0.0,0.0,0.0,1.0,1.0,0.0,2.0,0.0,0.0,4.0,1.0,0.0,2.0,0.0,2.0,0.0,0.0,0.18,0.0,0.0,0.0,0.0,1.89,2.0,1.89,0.0,0.02,0.0,0.0,0.2,0.19,0.19,24.0,2.0,6.0,3.0,13.0,0.0,1.0,2.0,21.0,4.0,4.0,2502.0,0.0,0.0,0.0,1.0,7.91,0.97,0.96,0.91,0.9,7.0,4.0,9.0,20.0,0.0,2.0,0.0,6.0,4.0,1.0,0.21,0.44,0.31,0.0,0.0,0.0,18.89,11.0,10.41,0.14,0.44,0.44,0.67,0.64,0.64,14.12,2.87,2.68,3.0,2.78,12.0,6.0,7.0,25.0,2.0,3.0,0.0,11.0,3.0,4.0,0.36,0.43,2.08,0.0,0.0,2.0,26.94,18.0,19.26,0.22,0.8,0.8,2.29,2.36,2.25,1.54,1.56,40.0,36.0,0.0,0.0,0.0,0.0,0.0,0.0
8476468,2025,J.T. Miller,NYR,C,5on5,1,902.0,20.0,-0.35,0.36,0.49,0.39,0.53,0.36,0.53,5.0,1.0,0.18,0.09,0.17,0.05,0.94,0.57,0.18,0.17,0.17,0.0,0.0,0.0,2.0,0.0,2.0,0.0,0.0,0.0,0.0,0.0,0.0,1.0,1.0,0.0,2.0,0.0,0.0,4.0,1.0,0.0,2.0,0.0,2.0,0.0,0.0,0.18,0.0,0.0,0.0,0.0,1.89,2.0,1.89,0.0,0.02,0.0,0.0,0.2,0.19,0.19,20.0,0.0,6.0,2.0,12.0,0.0,1.0,0.0,19.0,4.0,3.0,2315.0,0.0,0.0,0.0,1.0,6.5,0.84,0.83,0.78,0.77,5.0,4.0,6.0,15.0,0.0,2.0,0.0,4.0,4.0,1.0,0.08,0.44,0.31,0.0,0.0,0.0,13.89,9.0,8.41,0.12,0.44,0.44,0.51,0.48,0.48,12.7,1.46,1.26,1.58,1.37,10.0,6.0,7.0,23.0,0.0,3.0,0.0,11.0,3.0,2.0,0.36,0.43,0.67,0.0,0.0,0.0,24.94,16.0,17.26,0.21,0.8,0.8,0.87,0.94,0.83,1.48,1.56,39.0,35.0,0.04,0.0,1.0,0.0,1.0,0.0
8476468,2025,J.T. Miller,NYR,C,4on5,1,0.0,0.0,0.0,0.0,0.0,0.0,0.0,0.0,0.0,0.0,0.0,0.0,0.0,0.0,0.0,0.0,0.0,0.0,0.0,0.0,0.0,0.0,0.0,0.0,0.0,0.0,0.0,0.0,0.0,0.0,0.0,0.0,0.0,0.0,0.0,0.0,0.0,0.0,0.0,0.0,0.0,0.0,0.0,0.0,0.0,0.0,0.0,0.0,0.0,0.0,0.0,0.0,0.0,0.0,0.0,0.0,0.0,0.0,0.0,0.0,0.0,0.0,0.0,0.0,0.0,0.0,0.0,0.0,0.0,0.0,0.0,0.0,0.0,0.0,0.0,0.0,0.0,0.0,0.0,0.0,0.0,0.0,0.0,0.0,0.0,0.0,0.0,0.0,0.0,0.0,0.0,0.0,0.0,0.0,0.0,0.0,0.0,0.0,0.0,0.0,0.0,0.0,0.0,0.0,0.0,0.0,0.0,0.0,0.0,0.0,0.0,0.0,0.0,0.0,0.0,0.0,0.0,0.0,0.0,0.0,0.0,0.0,0.0,0.0,0.0,0.0,0.0,0.0,0.0,0.0,0.0,0.0,0.0,0.0,0.0,0.0,0.0,0.0,0.0,0.0,0.0,0.0,0.0,0.0,0.0,0.0,0.0
8476468,2025,J.T. Miller,NYR,C,5on4,1,173.0,3.0,-0.35,1.0,1.0,1.0,1.0,1.0,1.0,3.0,0.0,0.0,0.0,0.0,0.0,0.0,0.0,0.0,0.0,0.0,0.0,0.0,0.0,0.0,0.0,0.0,0.0,0.0,0.0,0.0,0.0,0.0,0.0,0.0,0.0,0.0,0.0,0.0,0.0,0.0,0.0,0.0,0.0,0.0,0.0,0.0,0.0,0.0,0.0,0.0,0.0,0.0,0.0,0.0,0.0,0.0,0.0,0.0,0.0,0.0,0.0,3.0,2.0,0.0,1.0,0.0,0.0,0.0,1.0,2.0,0.0,0.0,67.0,0.0,0.0,0.0,0.0,1.41,0.13,0.13,0.13,0.13,2.0,0.0,2.0,4.0,0.0,0.0,0.0,2.0,0.0,0.0,0.13,0.0,0.0,0.0,0.0,0.0,4.0,2.0,2.0,0.02,0.0,0.0,0.15,0.15,0.15,0.0,0.0,0.0,0.0,0.0,0.0,0.0,0.0,0.0,0.0,0.0,0.0,0.0,0.0,0.0,0.0,0.0,0.0,0.0,0.0,0.0,0.0,0.0,0.0,0.0,0.0,0.0,0.0,0.0,0.0,0.06,0.0,1.0,0.0,0.0,0.0,0.0,0.0,0.0,0.0
8479316,2025,Luke Kunin,FLA,C,other,1,0.0,0.0,0.0,0.0,0.0,0.0,0.0,0.0,0.0,0.0,0.0,0.0,0.0,0.0,0.0,0.0,0.0,0.0,0.0,0.0,0.0,0.0,0.0,0.0,0.0,0.0,0.0,0.0,0.0,0.0,0.0,0.0,0.0,0.0,0.0,0.0,0.0,0.0,0.0,0.0,0.0,0.0,0.0,0.0,0.0,0.0,0.0,0.0,0.0,0.0,0.0,0.0,0.0,0.0,0.0,0.0,0.0,0.0,0.0,0.0,0.0,0.0,0.0,0.0,0.0,0.0,0.0,0.0,0.0,0.0,0.0,0.0,0.0,0.0,0.0,0.0,0.0,0.0,0.0,0.0,0.0,0.0,0.0,0.0,0.0,0.0,0.0,0.0,0.0,0.0,0.0,0.0,0.0,0.0,0.0,0.0,0.0,0.0,0.0,0.0,0.0,0.0,0.0,0.0,0.0,0.0,0.0,0.0,0.0,0.0,0.0,0.0,0.0,0.0,0.0,0.0,0.0,0.0,0.0,0.0,0.0,0.0,0.0,0.0,0.0,0.0,0.0,0.0,0.0,0.0,0.0,0.0,0.0,0.0,0.0,0.0,0.0,0.0,0.0,0.0,0.0,0.0,0.0,0.0,0.0,0.0,0.0
8479316,2025,Luke Kunin,FLA,C,all,1,489.0,16.0,0.45,0.95,0.68,0.67,0.57,0.67,0.6,10.0,2.66,0.49,0.24,0.41,0.07,0.93,0.87,0.49,0.48,0.48,0.0,0.0,3.0,0.0,0.0,3.0,0.0,0.0,0.0,0.0,1.0,0.0,0.0,2.0,3.0,3.0,1.0,2.0,6.0,0.0,0.0,0.0,1.0,1.0,1.0,0.07,0.2,0.22,0.0,0.0,0.0,3.0,3.0,3.01,0.0,0.05,0.0,0.0,0.54,0.54,0.54,16.0,1.0,4.0,1.0,10.0,3.0,1.0,3.0,9.0,6.0,4.0,3111.0,2.0,0.0,0.0,0.0,5.02,0.84,0.84,0.82,0.82,6.0,0.0,2.0,8.0,1.0,0.0,0.0,2.0,2.0,2.0,0.08,0.29,0.47,0.0,0.0,1.0,7.79,6.0,5.92,0.09,0.0,0.0,0.93,0.91,0.91,2.14,0.04,0.04,0.05,0.04,3.0,0.0,1.0,4.0,0.0,0.0,0.0,3.0,0.0,0.0,0.04,0.0,0.0,0.0,0.0,0.0,4.04,3.0,3.0,0.03,0.0,0.0,0.07,0.07,0.07,3.3,1.54,61.0,46.0,0.0,0.0,0.0,0.0,0.0,0.0
8479316,2025,Luke Kunin,FLA,C,5on5,1,365.0,12.0,0.45,0.94,0.64,0.7,0.58,0.71,0.6,12.0,1.71,0.26,0.15,0.32,0.05,0.71,0.51,0.26,0.26,0.26,0.0,0.0,2.0,0.0,0.0,2.0,0.0,0.0,0.0,0.0,1.0,0.0,0.0,1.0,2.0,2.0,1.0,2.0,4.0,0.0,0.0,0.0,1.0,1.0,0.0,0.07,0.2,0.0,0.0,0.0,0.0,2.0,2.0,2.01,0.0,0.03,0.0,0.0,0.3,0.29,0.29,12.0,1.0,2.0,1.0,8.0,2.0,1.0,3.0,6.0,4.0,3.0,2597.0,2.0,0.0,0.0,0.0,4.07,0.61,0.61,0.59,0.59,5.0,0.0,2.0,7.0,1.0,0.0,0.0,2.0,2.0,1.0,0.08,0.29,0.24,0.0,0.0,1.0,6.79,5.0,4.92,0.07,0.0,0.0,0.69,0.66,0.66,1.43,0.04,0.04,0.04,0.04,2.0,0.0,1.0,3.0,0.0,0.0,0.0,2.0,0.0,0.0,0.04,0.0,0.0,0.0,0.0,0.0,3.04,2.0,2.0,0.02,0.0,0.0,0.06,0.06,0.06,2.56,1.44,52.0,37.0,0.0,0.02,0.0,1.0,0.0,1.0
8479316,2025,Luke Kunin,FLA,C,4on5,1,110.0,3.0,0.45,0.97,0.32,0.5,0.14,0.5,0.33,3.0,0.95,0.22,0.09,0.09,0.02,0.22,0.36,0.22,0.22,0.22,0.0,0.0,1.0,0.0,0.0,1.0,0.0,0.0,0.0,0.0,0.0,0.0,0.0,1.0,1.0,1.0,0.0,0.0,1.0,0.0,0.0,0.0,0.0,0.0,1.0,0.0,0.0,0.22,0.0,0.0,0.0,1.0,1.0,1.0,0.0,0.02,0.0,0.0,0.24,0.24,0.24,3.0,0.0,2.0,0.0,1.0,0.0,0.0,0.0,3.0,1.0,0.0,250.0,0.0,0.0,0.0,0.0,0.95,0.22,0.22,0.22,0.22,1.0,0.0,0.0,1.0,0.0,0.0,0.0,0.0,0.0,1.0,0.0,0.0,0.22,0.0,0.0,0.0,1.0,1.0,1.0,0.02,0.0,0.0,0.24,0.24,0.24,0.71,0.01,0.01,0.01,0.01,1.0,0.0,0.0,1.0,0.0,0.0,0.0,1.0,0.0,0.0,0.01,0.0,0.0,0.0,0.0,0.0,1.0,1.0,1.0,0.01,0.0,0.0,0.01,0.01,0.01,0.01,0.02,1.0,6.0,0.0,0.0,0.0,0.0,0.0,0.0
8479316,2025,Luke Kunin,FLA,C,5on4,1,14.0,1.0,0.45,0.0,1.0,0.0,1.0,0.0,1.0,8.0,0.0,0.0,0.0,0.0,0.0,0.0,0.0,0.0,0.0,0.0,0.0,0.0,0.0,0.0,0.0,0.0,0.0,0.0,0.0,0.0,0.0,0.0,0.0,0.0,0.0,0.0,0.0,0.0,1.0,0.0,0.0,0.0,0.0,0.0,0.0,0.0,0.0,0.0,0.0,0.0,0.0,0.0,0.0,0.0,0.0,0.0,0.0,0.0,0.0,0.0,0.0,1.0,0.0,0.0,0.0,1.0,1.0,0.0,0.0,0.0,1.0,1.0,208.0,0.0,0.0,0.0,0.0,0.0,0.0,0.0,0.0,0.0,0.0,0.0,0.0,0.0,0.0,0.0,0.0,0.0,0.0,0.0,0.0,0.0,0.0,0.0,0.0,0.0,0.0,0.0,0.0,0.0,0.0,0.0,0.0,0.0,0.0,0.0,0.0,0.0,0.0,0.0,0.0,0.0,0.0,0.0,0.0,0.0,0.0,0.0,0.0,0.0,0.0,0.0,0.0,0.0,0.0,0.0,0.0,0.0,0.0,0.0,0.0,0.0,0.0,0.0,0.0,0.73,0.0,8.0,0.0,0.0,0.0,0.0,0.0,0.0,0.0
8480448,2025,Parker Kelly,COL,C,other,1,41.0,0.0,0.15,0.0,0.0,0.0,0.0,0.0,0.0,4.0,0.0,0.0,0.0,0.0,0.0,0.0,0.0,0.0,0.0,0.0,0.0,0.0,0.0,0.0,0.0,0.0,0.0,0.0,0.0,0.0,0.0,0.0,0.0,0.0,0.0,0.0,0.0,0.0,0.0,0.0,0.0,0.0,0.0,0.0,0.0,0.0,0.0,0.0,0.0,0.0,0.0,0.0,0.0,0.0,0.0,0.0,0.0,0.0,0.0,0.0,0.0,0.0,0.0,0.0,0.0,0.0,0.0,0.0,0.0,0.0,0.0,0.0,150.0,0.0,0.0,0.0,0.0,0.0,0.0,0.0,0.0,0.0,0.0,0.0,0.0,0.0,0.0,0.0,0.0,0.0,0.0,0.0,0.0,0.0,0.0,0.0,0.0,0.0,0.0,0.0,0.0,0.0,0.0,0.0,0.0,0.0,0.0,1.46,0.25,0.24,0.25,0.24,2.0,0.0,0.0,2.0,1.0,0.0,0.0,1.0,1.0,0.0,0.07,0.18,0.0,1.0,0.0,0.0,2.0,2.0,2.0,0.05,0.0,0.0,0.3,0.3,0.28,0.0,0.3,0.0,8.0,0.0,0.0,0.0,0.0,0.0,0.0
8480448,2025,Parker Kelly,COL,C,all,1,658.0,16.0,0.15,0.07,0.52,0.3,0.47,0.2,0.48,10.0,0.0,0.0,0.0,0.0,0.0,0.0,0.0,0.0,0.0,0.0,0.0,0.0,0.0,0.0,1.0,1.0,0.0,0.0,0.0,0.0,0.0,0.0,0.0,0.0,0.0,0.0,0.0,0.0,2.0,3.0,0.0,0.0,0.0,0.0,0.0,0.0,0.0,0.0,0.0,0.0,0.0,1.03,0.0,0.0,0.0,0.0,0.0,0.0,0.0,0.0,0.0,16.0,3.0,3.0,1.0,9.0,3.0,2.0,2.0,9.0,2.0,2.0,2942.0,0.0,0.0,0.0,4.0,1.36,0.06,0.05,0.06,0.06,2.0,0.0,6.0,8.0,1.0,0.0,0.0,2.0,0.0,0.0,0.06,0.0,0.0,1.0,0.0,0.0,8.69,2.0,2.18,0.01,0.0,0.0,0.07,0.08,0.07,5.52,0.7,0.68,0.68,0.66,6.0,2.0,11.0,19.0,1.0,0.0,0.0,4.0,4.0,0.0,0.21,0.49,0.0,1.0,0.0,0.0,17.51,8.0,7.64,0.14,0.0,0.0,0.84,0.82,0.79,2.04,1.9,41.0,47.0,0.0,0.0,0.0,0.0,0.0,0.0
8480448,2025,Parker Kelly,COL,C,5on5,1,469.0,13.0,0.15,0.24,0.52,0.4,0.46,0.4,0.48,11.0,0.0,0.0,0.0,0.0,0.0,0.0,0.0,0.0,0.0,0.0,0.0,0.0,0.0,0.0,1.0,1.0,0.0,0.0,0.0,0.0,0.0,0.0,0.0,0.0,0.0,0.0,0.0,0.0,2.0,3.0,0.0,0.0,0.0,0.0,0.0,0.0,0.0,0.0,0.0,0.0,0.0,1.03,0.0,0.0,0.0,0.0,0.0,0.0,0.0,0.0,0.0,13.0,3.0,2.0,1.0,7.0,3.0,1.0,1.0,8.0,2.0,2.0,1999.0,0.0,0.0,0.0,3.0,1.36,0.06,0.05,0.06,0.06,2.0,0.0,6.0,8.0,1.0,0.0,0.0,2.0,0.0,0.0,0.06,0.0,0.0,1.0,0.0,0.0,8.69,2.0,2.18,0.01,0.0,0.0,0.07,0.08,0.07,2.31,0.18,0.18,0.16,0.16,2.0,1.0,9.0,12.0,0.0,0.0,0.0,2.0,1.0,0.0,0.06,0.11,0.0,0.0,0.0,0.0,10.51,3.0,2.64,0.04,0.0,0.0,0.22,0.19,0.19,1.5,1.4,31.0,36.0,0.04,0.0,2.0,0.0,2.0,0.0
8480448,2025,Parker Kelly,COL,C,4on5,1,148.0,3.0,0.15,0.0,0.0,0.0,0.0,0.0,0.0,1.0,0.0,0.0,0.0,0.0,0.0,0.0,0.0,0.0,0.0,0.0,0.0,0.0,0.0,0.0,0.0,0.0,0.0,0.0,0.0,0.0,0.0,0.0,0.0,0.0,0.0,0.0,0.0,0.0,0.0,0.0,0.0,0.0,0.0,0.0,0.0,0.0,0.0,0.0,0.0,0.0,0.0,0.0,0.0,0.0,0.0,0.0,0.0,0.0,0.0,0.0,0.0,3.0,0.0,1.0,0.0,2.0,0.0,1.0,1.0,1.0,0.0,0.0,188.0,0.0,0.0,0.0,0.0,0.0,0.0,0.0,0.0,0.0,0.0,0.0,0.0,0.0,0.0,0.0,0.0,0.0,0.0,0.0,0.0,0.0,0.0,0.0,0.0,0.0,0.0,0.0,0.0,0.0,0.0,0.0,0.0,0.0,0.0,1.76,0.27,0.26,0.27,0.26,2.0,1.0,2.0,5.0,0.0,0.0,0.0,1.0,2.0,0.0,0.07,0.2,0.0,0.0,0.0,0.0,5.0,3.0,3.0,0.05,0.0,0.0,0.32,0.32,0.31,0.0,0.2,0.0,3.0,0.0,0.0,0.0,0.0,0.0,0.0
8480448,2025,Parker Kelly,COL,C,5on4,1,0.0,0.0,0.0,0.0,0.0,0.0,0.0,0.0,0.0,0.0,0.0,0.0,0.0,0.0,0.0,0.0,0.0,0.0,0.0,0.0,0.0,0.0,0.0,0.0,0.0,0.0,0.0,0.0,0.0,0.0,0.0,0.0,0.0,0.0,0.0,0.0,0.0,0.0,0.0,0.0,0.0,0.0,0.0,0.0,0.0,0.0,0.0,0.0,0.0,0.0,0.0,0.0,0.0,0.0,0.0,0.0,0.0,0.0,0.0,0.0,0.0,0.0,0.0,0.0,0.0,0.0,0.0,0.0,0.0,0.0,0.0,0.0,0.0,0.0,0.0,0.0,0.0,0.0,0.0,0.0,0.0,0.0,0.0,0.0,0.0,0.0,0.0,0.0,0.0,0.0,0.0,0.0,0.0,0.0,0.0,0.0,0.0,0.0,0.0,0.0,0.0,0.0,0.0,0.0,0.0,0.0,0.0,0.0,0.0,0.0,0.0,0.0,0.0,0.0,0.0,0.0,0.0,0.0,0.0,0.0,0.0,0.0,0.0,0.0,0.0,0.0,0.0,0.0,0.0,0.0,0.0,0.0,0.0,0.0,0.0,0.0,0.0,0.0,0.0,0.0,0.0,0.0,0.0,0.0,0.0,0.0,0.0
8482730,2025,Brandt Clarke,LAK,D,other,1,62.0,1.0,0.68,1.0,1.0,1.0,1.0,1.0,1.0,1.0,0.0,0.0,0.0,0.0,0.0,0.0,0.0,0.0,0.0,0.0,0.0,0.0,0.0,0.0,0.0,0.0,0.0,0.0,0.0,0.0,0.0,0.0,0.0,0.0,0.0,0.0,0.0,0.0,0.0,0.0,0.0,0.0,0.0,0.0,0.0,0.0,0.0,0.0,0.0,0.0,0.0,0.0,0.0,0.0,0.0,0.0,0.0,0.0,0.0,0.0,0.0,1.0,0.0,0.0,0.0,1.0,0.0,1.0,0.0,0.0,0.0,0.0,129.0,0.0,2.0,1.0,0.0,0.85,0.07,0.07,0.07,0.07,1.0,0.0,1.0,2.0,0.0,0.0,0.0,1.0,0.0,0.0,0.07,0.0,0.0,0.0,0.0,0.0,2.0,1.0,1.0,0.03,0.0,0.0,0.09,0.09,0.09,0.0,0.0,0.0,0.0,0.0,0.0,0.0,0.0,0.0,0.0,0.0,0.0,0.0,0.0,0.0,0.0,0.0,0.0,0.0,0.0,0.0,0.0,0.0,0.0,0.0,0.0,0.0,0.0,0.0,0.0,0.48,0.0,8.0,0.0,0.0,0.0,0.0,0.0,0.0,0.0
8482730,2025,Brandt Clarke,LAK,D,all,1,1143.0,23.0,0.68,0.8,0.44,0.66,0.51,0.68,0.49,3.0,1.2,0.12,0.1,0.28,0.06,0.86,0.58,0.11,0.12,0.11,0.0,0.0,1.0,1.0,0.0,2.0,0.0,0.0,0.0,0.0,0.0,0.0,1.0,1.0,1.0,2.0,1.0,2.0,0.0,0.0,0.0,3.0,1.0,1.0,0.0,0.01,0.1,0.0,0.0,0.0,0.0,1.88,2.0,1.89,3.0,0.02,0.0,0.0,0.14,0.14,0.13,23.0,1.0,3.0,1.0,18.0,5.0,7.0,2.0,9.0,0.0,0.0,2457.0,2.0,4.0,2.0,2.0,13.25,1.16,1.14,1.1,1.08,13.0,6.0,12.0,31.0,0.0,1.0,0.0,14.0,4.0,1.0,0.42,0.42,0.32,0.0,0.0,0.0,28.71,19.0,17.79,0.22,0.32,0.32,1.05,1.0,0.98,6.46,0.29,0.29,0.32,0.31,6.0,3.0,7.0,16.0,0.0,1.0,0.0,9.0,0.0,0.0,0.29,0.0,0.0,0.0,0.0,0.0,17.8,9.0,9.9,0.07,0.03,0.03,0.33,0.36,0.35,1.44,1.8,35.0,33.0,0.0,0.0,0.0,0.0,0.0,0.0
8482730,2025,Brandt Clarke,LAK,D,5on5,1,890.0,20.0,0.68,0.71,0.41,0.59,0.52,0.59,0.48,1.0,0.71,0.01,0.04,0.18,0.03,0.38,0.36,0.01,0.01,0.01,0.0,0.0,0.0,1.0,0.0,1.0,0.0,0.0,0.0,0.0,0.0,0.0,0.0,1.0,0.0,1.0,1.0,2.0,0.0,0.0,0.0,3.0,1.0,0.0,0.0,0.01,0.0,0.0,0.0,0.0,0.0,0.88,1.0,0.89,3.0,0.01,0.0,0.0,0.02,0.02,0.02,20.0,1.0,3.0,1.0,15.0,4.0,6.0,2.0,8.0,0.0,0.0,1578.0,2.0,2.0,1.0,2.0,9.26,0.71,0.7,0.66,0.65,7.0,6.0,10.0,23.0,0.0,1.0,0.0,10.0,2.0,1.0,0.2,0.19,0.32,0.0,0.0,0.0,20.71,13.0,11.79,0.12,0.32,0.32,0.51,0.46,0.45,6.46,0.29,0.29,0.32,0.31,6.0,3.0,7.0,16.0,0.0,1.0,0.0,9.0,0.0,0.0,0.29,0.0,0.0,0.0,0.0,0.0,17.8,9.0,9.9,0.07,0.03,0.03,0.33,0.36,0.35,0.86,1.26,25.0,23.0,0.03,0.0,1.0,0.0,1.0,0.0
8482730,2025,Brandt Clarke,LAK,D,4on5,1,0.0,0.0,0.0,0.0,0.0,0.0,0.0,0.0,0.0,0.0,0.0,0.0,0.0,0.0,0.0,0.0,0.0,0.0,0.0,0.0,0.0,0.0,0.0,0.0,0.0,0.0,0.0,0.0,0.0,0.0,0.0,0.0,0.0,0.0,0.0,0.0,0.0,0.0,0.0,0.0,0.0,0.0,0.0,0.0,0.0,0.0,0.0,0.0,0.0,0.0,0.0,0.0,0.0,0.0,0.0,0.0,0.0,0.0,0.0,0.0,0.0,0.0,0.0,0.0,0.0,0.0,0.0,0.0,0.0,0.0,0.0,0.0,0.0,0.0,0.0,0.0,0.0,0.0,0.0,0.0,0.0,0.0,0.0,0.0,0.0,0.0,0.0,0.0,0.0,0.0,0.0,0.0,0.0,0.0,0.0,0.0,0.0,0.0,0.0,0.0,0.0,0.0,0.0,0.0,0.0,0.0,0.0,0.0,0.0,0.0,0.0,0.0,0.0,0.0,0.0,0.0,0.0,0.0,0.0,0.0,0.0,0.0,0.0,0.0,0.0,0.0,0.0,0.0,0.0,0.0,0.0,0.0,0.0,0.0,0.0,0.0,0.0,0.0,0.0,0.0,0.0,0.0,0.0,0.0,0.0,0.0,0.0
8482730,2025,Brandt Clarke,LAK,D,5on4,1,191.0,2.0,0.68,1.0,1.0,1.0,1.0,1.0,1.0,1.0,0.49,0.1,0.07,0.1,0.04,0.48,0.21,0.1,0.1,0.1,0.0,0.0,1.0,0.0,0.0,1.0,0.0,0.0,0.0,0.0,0.0,0.0,1.0,0.0,1.0,1.0,0.0,0.0,0.0,0.0,0.0,0.0,0.0,1.0,0.0,0.0,0.1,0.0,0.0,0.0,0.0,1.0,1.0,1.0,0.0,0.02,0.0,0.0,0.12,0.12,0.11,2.0,0.0,0.0,0.0,2.0,1.0,0.0,0.0,1.0,0.0,0.0,145.0,0.0,0.0,0.0,0.0,3.14,0.38,0.37,0.38,0.37,5.0,0.0,1.0,6.0,0.0,0.0,0.0,3.0,2.0,0.0,0.15,0.23,0.0,0.0,0.0,0.0,6.0,5.0,5.0,0.07,0.0,0.0,0.45,0.45,0.43,0.0,0.0,0.0,0.0,0.0,0.0,0.0,0.0,0.0,0.0,0.0,0.0,0.0,0.0,0.0,0.0,0.0,0.0,0.0,0.0,0.0,0.0,0.0,0.0,0.0,0.0,0.0,0.0,0.0,0.0,0.1,0.0,2.0,0.0,0.0,0.0,0.0,0.0,0.0,0.0
8476441,2025,Joel Edmundson,LAK,D,other,1,24.0,0.0,-0.28,0.0,1.0,0.0,1.0,0.0,1.0,3.0,0.0,0.0,0.0,0.0,0.0,0.0,0.0,0.0,0.0,0.0,0.0,0.0,0.0,0.0,0.0,0.0,0.0,0.0,0.0,0.0,0.0,0.0,0.0,0.0,0.0,0.0,0.0,0.0,0.0,0.0,0.0,0.0,0.0,0.0,0.0,0.0,0.0,0.0,0.0,0.0,0.0,0.0,0.0,0.0,0.0,0.0,0.0,0.0,0.0,0.0,0.0,0.0,0.0,0.0,0.0,0.0,0.0,0.0,0.0,0.0,0.0,0.0,167.0,0.0,0.0,0.0,0.0,0.0,0.0,0.0,0.0,0.0,0.0,0.0,0.0,0.0,0.0,0.0,0.0,0.0,0.0,0.0,0.0,0.0,0.0,0.0,0.0,0.0,0.0,0.0,0.0,0.0,0.0,0.0,0.0,0.0,0.0,0.0,0.0,0.0,0.0,0.0,0.0,0.0,0.0,0.0,0.0,0.0,0.0,0.0,0.0,0.0,0.0,0.0,0.0,0.0,0.0,0.0,0.0,0.0,0.0,0.0,0.0,0.0,0.0,0.0,0.0,0.55,0.0,10.0,0.0,0.0,0.0,0.0,0.0,0.0,0.0
8476441,2025,Joel Edmundson,LAK,D,all,1,888.0,22.0,-0.28,0.59,0.55,0.45,0.62,0.5,0.58,6.0,2.16,0.04,0.11,0.77,0.06,1.21,0.81,0.04,0.04,0.04,0.0,0.0,1.0,2.0,0.0,3.0,0.0,0.0,0.0,0.0,1.0,0.0,2.0,0.0,1.0,3.0,2.0,4.0,0.0,3.0,1.0,2.0,3.0,0.0,0.0,0.04,0.0,0.0,0.0,0.0,0.0,2.77,3.0,2.77,2.0,0.02,0.0,0.0,0.07,0.06,0.06,22.0,1.0,4.0,1.0,16.0,4.0,7.0,3.0,8.0,0.0,0.0,2712.0,4.0,0.0,0.0,1.0,7.42,0.5,0.5,0.47,0.47,6.0,4.0,4.0,14.0,0.0,1.0,0.0,9.0,0.0,1.0,0.18,0.0,0.32,0.0,0.0,0.0,12.97,10.0,9.24,0.09,0.32,0.32,0.27,0.24,0.24,7.45,0.35,0.34,0.39,0.38,7.0,3.0,7.0,17.0,0.0,1.0,0.0,9.0,1.0,0.0,0.22,0.13,0.0,0.0,0.0,0.0,18.8,10.0,10.9,0.09,0.03,0.03,0.41,0.45,0.45,2.1,1.74,52.0,32.0,0.0,0.0,0.0,0.0,0.0,0.0
8476441,2025,Joel Edmundson,LAK,D,5on5,1,723.0,19.0,-0.28,0.59,0.47,0.47,0.6,0.53,0.53,6.0,2.16,0.04,0.11,0.77,0.06,1.21,0.81,0.04,0.04,0.04,0.0,0.0,1.0,2.0,0.0,3.0,0.0,0.0,0.0,0.0,1.0,0.0,2.0,0.0,1.0,3.0,2.0,4.0,0.0,3.0,1.0,1.0,3.0,0.0,0.0,0.04,0.0,0.0,0.0,0.0,0.0,2.77,3.0,2.77,1.0,0.02,0.0,0.0,0.07,0.06,0.06,19.0,1.0,3.0,1.0,14.0,4.0,6.0,2.0,7.0,0.0,0.0,1745.0,4.0,0.0,0.0,1.0,7.42,0.5,0.5,0.47,0.47,6.0,4.0,4.0,14.0,0.0,1.0,0.0,9.0,0.0,1.0,0.18,0.0,0.32,0.0,0.0,0.0,12.97,10.0,9.24,0.09,0.32,0.32,0.27,0.24,0.24,6.74,0.35,0.34,0.39,0.38,7.0,2.0,7.0,16.0,0.0,1.0,0.0,8.0,1.0,0.0,0.22,0.13,0.0,0.0,0.0,0.0,17.8,9.0,9.9,0.08,0.03,0.03,0.4,0.44,0.43,1.07,1.2,34.0,23.0,0.0,0.0,2.0,0.0,0.0,0.0
8476441,2025,Joel Edmundson,LAK,D,4on5,1,141.0,3.0,-0.28,0.0,0.0,0.0,0.0,0.0,0.0,5.0,0.0,0.0,0.0,0.0,0.0,0.0,0.0,0.0,0.0,0.0,0.0,0.0,0.0,0.0,0.0,0.0,0.0,0.0,0.0,0.0,0.0,0.0,0.0,0.0,0.0,0.0,0.0,0.0,0.0,0.0,0.0,1.0,0.0,0.0,0.0,0.0,0.0,0.0,0.0,0.0,0.0,0.0,0.0,0.0,1.0,0.0,0.0,0.0,0.0,0.0,0.0,3.0,0.0,1.0,0.0,2.0,0.0,1.0,1.0,1.0,0.0,0.0,464.0,0.0,0.0,0.0,0.0,0.0,0.0,0.0,0.0,0.0,0.0,0.0,0.0,0.0,0.0,0.0,0.0,0.0,0.0,0.0,0.0,0.0,0.0,0.0,0.0,0.0,0.0,0.0,0.0,0.0,0.0,0.0,0.0,0.0,0.0,0.71,0.0,0.0,0.0,0.0,0.0,1.0,0.0,1.0,0.0,0.0,0.0,1.0,0.0,0.0,0.0,0.0,0.0,0.0,0.0,0.0,1.0,1.0,1.0,0.01,0.0,0.0,0.01,0.01,0.01,0.0,0.54,0.0,9.0,0.0,0.0,0.0,0.0,0.0,0.0
8476441,2025,Joel Edmundson,LAK,D,5on4,1,0.0,0.0,0.0,0.0,0.0,0.0,0.0,0.0,0.0,0.0,0.0,0.0,0.0,0.0,0.0,0.0,0.0,0.0,0.0,0.0,0.0,0.0,0.0,0.0,0.0,0.0,0.0,0.0,0.0,0.0,0.0,0.0,0.0,0.0,0.0,0.0,0.0,0.0,0.0,0.0,0.0,0.0,0.0,0.0,0.0,0.0,0.0,0.0,0.0,0.0,0.0,0.0,0.0,0.0,0.0,0.0,0.0,0.0,0.0,0.0,0.0,0.0,0.0,0.0,0.0,0.0,0.0,0.0,0.0,0.0,0.0,0.0,0.0,0.0,0.0,0.0,0.0,0.0,0.0,0.0,0.0,0.0,0.0,0.0,0.0,0.0,0.0,0.0,0.0,0.0,0.0,0.0,0.0,0.0,0.0,0.0,0.0,0.0,0.0,0.0,0.0,0.0,0.0,0.0,0.0,0.0,0.0,0.0,0.0,0.0,0.0,0.0,0.0,0.0,0.0,0.0,0.0,0.0,0.0,0.0,0.0,0.0,0.0,0.0,0.0,0.0,0.0,0.0,0.0,0.0,0.0,0.0,0.0,0.0,0.0,0.0,0.0,0.0,0.0,0.0,0.0,0.0,0.0,0.0,0.0,0.0,0.0
8479390,2025,Taylor Raddysh,NYR,R,other,1,0.0,0.0,0.0,0.0,0.0,0.0,0.0,0.0,0.0,0.0,0.0,0.0,0.0,0.0,0.0,0.0,0.0,0.0,0.0,0.0,0.0,0.0,0.0,0.0,0.0,0.0,0.0,0.0,0.0,0.0,0.0,0.0,0.0,0.0,0.0,0.0,0.0,0.0,0.0,0.0,0.0,0.0,0.0,0.0,0.0,0.0,0.0,0.0,0.0,0.0,0.0,0.0,0.0,0.0,0.0,0.0,0.0,0.0,0.0,0.0,0.0,0.0,0.0,0.0,0.0,0.0,0.0,0.0,0.0,0.0,0.0,0.0,0.0,0.0,0.0,0.0,0.0,0.0,0.0,0.0,0.0,0.0,0.0,0.0,0.0,0.0,0.0,0.0,0.0,0.0,0.0,0.0,0.0,0.0,0.0,0.0,0.0,0.0,0.0,0.0,0.0,0.0,0.0,0.0,0.0,0.0,0.0,0.0,0.0,0.0,0.0,0.0,0.0,0.0,0.0,0.0,0.0,0.0,0.0,0.0,0.0,0.0,0.0,0.0,0.0,0.0,0.0,0.0,0.0,0.0,0.0,0.0,0.0,0.0,0.0,0.0,0.0,0.0,0.0,0.0,0.0,0.0,0.0,0.0,0.0,0.0,0.0
8479390,2025,Taylor Raddysh,NYR,R,all,1,787.0,18.0,0.39,0.56,0.33,0.57,0.47,0.57,0.46,8.0,2.3,0.33,0.2,0.52,0.08,1.11,0.76,0.32,0.3,0.29,0.0,0.0,2.0,1.0,0.0,3.0,0.0,0.0,0.0,0.0,0.0,0.0,2.0,1.0,2.0,3.0,0.0,0.0,0.0,3.0,0.0,1.0,1.0,2.0,0.0,0.06,0.27,0.0,0.0,0.0,0.0,2.8,3.0,2.8,0.0,0.04,0.0,0.0,0.37,0.34,0.34,18.0,2.0,1.0,1.0,14.0,2.0,6.0,1.0,9.0,0.0,1.0,2813.0,0.0,0.0,0.0,1.0,6.16,0.53,0.52,0.5,0.49,5.0,3.0,8.0,16.0,0.0,0.0,0.0,5.0,3.0,0.0,0.14,0.39,0.0,0.0,0.0,0.0,14.86,8.0,7.55,0.09,0.0,0.0,0.63,0.58,0.58,4.65,0.42,0.42,0.44,0.44,3.0,3.0,6.0,12.0,0.0,0.0,0.0,4.0,1.0,1.0,0.03,0.12,0.26,0.0,0.0,0.0,12.81,6.0,6.46,0.06,0.0,0.0,0.47,0.51,0.51,1.97,4.02,44.0,49.0,0.0,0.0,0.0,0.0,0.0,0.0
8479390,2025,Taylor Raddysh,NYR,R,5on5,1,731.0,15.0,0.39,0.56,0.41,0.57,0.45,0.57,0.45,8.0,2.3,0.33,0.2,0.52,0.08,1.11,0.76,0.32,0.3,0.29,0.0,0.0,2.0,1.0,0.0,3.0,0.0,0.0,0.0,0.0,0.0,0.0,2.0,1.0,2.0,3.0,0.0,0.0,0.0,3.0,0.0,1.0,1.0,2.0,0.0,0.06,0.27,0.0,0.0,0.0,0.0,2.8,3.0,2.8,0.0,0.04,0.0,0.0,0.37,0.34,0.34,15.0,0.0,1.0,1.0,13.0,1.0,6.0,1.0,7.0,0.0,0.0,2486.0,0.0,0.0,0.0,1.0,6.16,0.53,0.52,0.5,0.49,5.0,3.0,8.0,16.0,0.0,0.0,0.0,5.0,3.0,0.0,0.14,0.39,0.0,0.0,0.0,0.0,14.86,8.0,7.55,0.09,0.0,0.0,0.63,0.58,0.58,4.65,0.42,0.42,0.44,0.44,3.0,3.0,6.0,12.0,0.0,0.0,0.0,4.0,1.0,1.0,0.03,0.12,0.26,0.0,0.0,0.0,12.81,6.0,6.46,0.06,0.0,0.0,0.47,0.51,0.51,1.78,2.6,38.0,46.0,0.01,0.0,1.0,0.0,1.0,0.0
8479390,2025,Taylor Raddysh,NYR,R,4on5,1,41.0,1.0,0.39,0.0,0.0,0.0,0.0,0.0,0.0,4.0,0.0,0.0,0.0,0.0,0.0,0.0,0.0,0.0,0.0,0.0,0.0,0.0,0.0,0.0,0.0,0.0,0.0,0.0,0.0,0.0,0.0,0.0,0.0,0.0,0.0,0.0,0.0,0.0,0.0,0.0,0.0,0.0,0.0,0.0,0.0,0.0,0.0,0.0,0.0,0.0,0.0,0.0,0.0,0.0,0.0,0.0,0.0,0.0,0.0,0.0,0.0,1.0,0.0,0.0,0.0,1.0,0.0,0.0,0.0,1.0,0.0,1.0,79.0,0.0,0.0,0.0,0.0,0.0,0.0,0.0,0.0,0.0,0.0,0.0,0.0,0.0,0.0,0.0,0.0,0.0,0.0,0.0,0.0,0.0,0.0,0.0,0.0,0.0,0.0,0.0,0.0,0.0,0.0,0.0,0.0,0.0,0.0,0.0,0.0,0.0,0.0,0.0,0.0,0.0,0.0,0.0,0.0,0.0,0.0,0.0,0.0,0.0,0.0,0.0,0.0,0.0,0.0,0.0,0.0,0.0,0.0,0.0,0.0,0.0,0.0,0.0,0.0,0.0,0.0,0.0,1.0,0.0,0.0,0.0,0.0,0.0,0.0
8479390,2025,Taylor Raddysh,NYR,R,5on4,1,15.0,2.0,0.39,0.0,1.0,0.0,1.0,0.0,1.0,9.0,0.0,0.0,0.0,0.0,0.0,0.0,0.0,0.0,0.0,0.0,0.0,0.0,0.0,0.0,0.0,0.0,0.0,0.0,0.0,0.0,0.0,0.0,0.0,0.0,0.0,0.0,0.0,0.0,0.0,0.0,0.0,0.0,0.0,0.0,0.0,0.0,0.0,0.0,0.0,0.0,0.0,0.0,0.0,0.0,0.0,0.0,0.0,0.0,0.0,0.0,0.0,2.0,2.0,0.0,0.0,0.0,1.0,0.0,0.0,1.0,0.0,0.0,225.0,0.0,0.0,0.0,0.0,0.0,0.0,0.0,0.0,0.0,0.0,0.0,0.0,0.0,0.0,0.0,0.0,0.0,0.0,0.0,0.0,0.0,0.0,0.0,0.0,0.0,0.0,0.0,0.0,0.0,0.0,0.0,0.0,0.0,0.0,0.0,0.0,0.0,0.0,0.0,0.0,0.0,0.0,0.0,0.0,0.0,0.0,0.0,0.0,0.0,0.0,0.0,0.0,0.0,0.0,0.0,0.0,0.0,0.0,0.0,0.0,0.0,0.0,0.0,0.0,0.19,0.0,5.0,0.0,0.0,0.0,0.0,0.0,0.0,0.0
8477960,2025,Adrian Kempe,LAK,R,other,1,135.0,1.0,0.55,1.0,1.0,1.0,1.0,1.0,1.0,5.0,0.63,0.03,0.09,0.13,0.01,0.59,0.15,0.03,0.03,0.03,1.0,0.0,1.0,0.0,1.0,2.0,1.0,0.0,0.0,0.0,0.0,0.0,0.0,1.0,1.0,1.0,0.0,0.0,0.0,0.0,0.0,0.0,1.0,0.0,0.0,0.03,0.0,0.0,0.0,0.0,0.0,2.0,1.0,1.0,0.0,0.02,0.0,0.0,0.05,0.05,0.05,1.0,1.0,0.0,0.0,0.0,0.0,0.0,0.0,1.0,0.0,0.0,56.0,0.0,0.0,0.0,0.0,4.05,0.48,0.47,0.48,0.47,4.0,2.0,2.0,8.0,1.0,0.0,0.0,4.0,2.0,0.0,0.2,0.28,0.0,1.0,0.0,0.0,8.0,6.0,6.0,0.12,0.0,0.0,0.6,0.6,0.58,0.0,0.0,0.0,0.0,0.0,0.0,0.0,0.0,0.0,0.0,0.0,0.0,0.0,0.0,0.0,0.0,0.0,0.0,0.0,0.0,0.0,0.0,0.0,0.0,0.0,0.0,0.0,0.0,0.0,0.0,0.07,0.0,2.0,0.0,0.0,0.0,0.0,0.0,0.0,0.0
8477960,2025,Adrian Kempe,LAK,R,all,1,1149.0,21.0,0.55,0.59,0.54,0.51,0.61,0.54,0.57,2.0,1.33,0.08,0.14,0.26,0.03,1.01,0.47,0.08,0.08,0.08,1.0,0.0,2.0,0.0,5.0,7.0,1.0,0.0,0.0,0.0,0.0,0.0,0.0,2.0,2.0,2.0,0.0,0.0,0.0,5.0,1.0,0.0,2.0,0.0,0.0,0.08,0.0,0.0,0.0,0.0,0.0,6.59,2.0,1.97,0.0,0.03,0.0,0.0,0.12,0.11,0.11,21.0,3.0,6.0,1.0,11.0,1.0,5.0,2.0,13.0,0.0,0.0,2451.0,0.0,0.0,0.0,1.0,9.42,0.77,0.74,0.75,0.73,7.0,7.0,7.0,21.0,1.0,0.0,0.0,11.0,3.0,0.0,0.39,0.38,0.0,1.0,0.0,0.0,20.0,14.0,13.43,0.19,0.0,0.0,0.96,0.94,0.91,8.85,0.53,0.52,0.57,0.57,6.0,6.0,8.0,20.0,0.0,1.0,0.0,10.0,2.0,0.0,0.27,0.26,0.0,0.0,0.0,0.0,21.74,12.0,12.81,0.12,0.03,0.03,0.62,0.67,0.66,1.84,1.56,45.0,29.0,0.0,0.0,0.0,0.0,0.0,0.0
8477960,2025,Adrian Kempe,LAK,R,5on5,1,724.0,14.0,0.55,0.26,0.57,0.38,0.64,0.41,0.58,2.0,0.71,0.05,0.05,0.13,0.02,0.42,0.33,0.05,0.05,0.05,0.0,0.0,1.0,0.0,4.0,5.0,0.0,0.0,0.0,0.0,0.0,0.0,0.0,1.0,1.0,1.0,0.0,0.0,0.0,5.0,1.0,0.0,1.0,0.0,0.0,0.05,0.0,0.0,0.0,0.0,0.0,4.59,1.0,0.97,0.0,0.01,0.0,0.0,0.07,0.06,0.06,14.0,0.0,4.0,1.0,9.0,1.0,4.0,0.0,9.0,0.0,0.0,1744.0,0.0,0.0,0.0,1.0,4.82,0.18,0.18,0.17,0.17,3.0,4.0,4.0,11.0,0.0,0.0,0.0,7.0,0.0,0.0,0.18,0.0,0.0,0.0,0.0,0.0,10.0,7.0,6.43,0.06,0.0,0.0,0.24,0.23,0.23,7.5,0.51,0.51,0.56,0.55,5.0,5.0,8.0,18.0,0.0,1.0,0.0,8.0,2.0,0.0,0.26,0.26,0.0,0.0,0.0,0.0,19.74,10.0,10.81,0.09,0.03,0.03,0.57,0.63,0.62,1.39,1.04,37.0,21.0,0.03,0.0,1.0,0.0,1.0,0.0
8477960,2025,Adrian Kempe,LAK,R,4on5,1,131.0,4.0,0.55,0.0,0.0,0.0,0.0,0.0,0.0,5.0,0.0,0.0,0.0,0.0,0.0,0.0,0.0,0.0,0.0,0.0,0.0,0.0,0.0,0.0,0.0,0.0,0.0,0.0,0.0,0.0,0.0,0.0,0.0,0.0,0.0,0.0,0.0,0.0,0.0,0.0,0.0,0.0,0.0,0.0,0.0,0.0,0.0,0.0,0.0,0.0,0.0,0.0,0.0,0.0,0.0,0.0,0.0,0.0,0.0,0.0,0.0,4.0,0.0,2.0,0.0,2.0,0.0,1.0,2.0,1.0,0.0,0.0,474.0,0.0,0.0,0.0,0.0,0.0,0.0,0.0,0.0,0.0,0.0,0.0,0.0,0.0,0.0,0.0,0.0,0.0,0.0,0.0,0.0,0.0,0.0,0.0,0.0,0.0,0.0,0.0,0.0,0.0,0.0,0.0,0.0,0.0,0.0,1.35,0.01,0.01,0.01,0.01,1.0,1.0,0.0,2.0,0.0,0.0,0.0,2.0,0.0,0.0,0.01,0.0,0.0,0.0,0.0,0.0,2.0,2.0,2.0,0.03,0.0,0.0,0.04,0.04,0.04,0.0,0.53,0.0,8.0,0.0,0.0,0.0,0.0,0.0,0.0
8477960,2025,Adrian Kempe,LAK,R,5on4,1,159.0,2.0,0.55,1.0,1.0,1.0,1.0,1.0,1.0,4.0,0.0,0.0,0.0,0.0,0.0,0.0,0.0,0.0,0.0,0.0,0.0,0.0,0.0,0.0,0.0,0.0,0.0,0.0,0.0,0.0,0.0,0.0,0.0,0.0,0.0,0.0,0.0,0.0,0.0,0.0,0.0,0.0,0.0,0.0,0.0,0.0,0.0,0.0,0.0,0.0,0.0,0.0,0.0,0.0,0.0,0.0,0.0,0.0,0.0,0.0,0.0,2.0,2.0,0.0,0.0,0.0,0.0,0.0,0.0,2.0,0.0,0.0,177.0,0.0,0.0,0.0,0.0,0.55,0.1,0.09,0.1,0.09,0.0,1.0,1.0,2.0,0.0,0.0,0.0,0.0,1.0,0.0,0.0,0.1,0.0,0.0,0.0,0.0,2.0,1.0,1.0,0.02,0.0,0.0,0.11,0.11,0.11,0.0,0.0,0.0,0.0,0.0,0.0,0.0,0.0,0.0,0.0,0.0,0.0,0.0,0.0,0.0,0.0,0.0,0.0,0.0,0.0,0.0,0.0,0.0,0.0,0.0,0.0,0.0,0.0,0.0,0.0,0.38,0.0,6.0,0.0,0.0,0.0,0.0,0.0,0.0,0.0
8473507,2025,Jeff Petry,FLA,D,other,1,0.0,0.0,0.0,0.0,0.0,0.0,0.0,0.0,0.0,0.0,0.0,0.0,0.0,0.0,0.0,0.0,0.0,0.0,0.0,0.0,0.0,0.0,0.0,0.0,0.0,0.0,0.0,0.0,0.0,0.0,0.0,0.0,0.0,0.0,0.0,0.0,0.0,0.0,0.0,0.0,0.0,0.0,0.0,0.0,0.0,0.0,0.0,0.0,0.0,0.0,0.0,0.0,0.0,0.0,0.0,0.0,0.0,0.0,0.0,0.0,0.0,0.0,0.0,0.0,0.0,0.0,0.0,0.0,0.0,0.0,0.0,0.0,0.0,0.0,0.0,0.0,0.0,0.0,0.0,0.0,0.0,0.0,0.0,0.0,0.0,0.0,0.0,0.0,0.0,0.0,0.0,0.0,0.0,0.0,0.0,0.0,0.0,0.0,0.0,0.0,0.0,0.0,0.0,0.0,0.0,0.0,0.0,0.0,0.0,0.0,0.0,0.0,0.0,0.0,0.0,0.0,0.0,0.0,0.0,0.0,0.0,0.0,0.0,0.0,0.0,0.0,0.0,0.0,0.0,0.0,0.0,0.0,0.0,0.0,0.0,0.0,0.0,0.0,0.0,0.0,0.0,0.0,0.0,0.0,0.0,0.0,0.0
8473507,2025,Jeff Petry,FLA,D,all,1,839.0,24.0,-0.03,0.76,0.72,0.58,0.58,0.5,0.63,5.0,1.44,0.04,0.08,0.4,0.04,0.79,0.65,0.04,0.04,0.04,0.0,0.0,1.0,1.0,1.0,3.0,0.0,0.0,0.0,0.0,1.0,0.0,0.0,1.0,1.0,2.0,0.0,0.0,0.0,0.0,0.0,2.0,2.0,0.0,0.0,0.04,0.0,0.0,0.0,0.0,0.0,2.91,2.0,1.89,0.0,0.02,0.0,0.0,0.05,0.05,0.05,24.0,3.0,3.0,2.0,16.0,2.0,5.0,5.0,12.0,0.0,0.0,2761.0,0.0,0.0,0.0,0.0,5.33,0.49,0.49,0.48,0.48,5.0,2.0,4.0,11.0,1.0,0.0,0.0,4.0,3.0,0.0,0.06,0.43,0.0,0.0,1.0,0.0,10.73,7.0,6.84,0.07,0.0,0.0,0.57,0.56,0.56,5.2,0.15,0.15,0.16,0.16,7.0,0.0,1.0,8.0,1.0,0.0,0.0,7.0,0.0,0.0,0.15,0.0,0.0,1.0,0.0,0.0,8.14,7.0,7.15,0.04,0.0,0.0,0.2,0.2,0.2,3.65,1.43,58.0,42.0,0.0,0.0,0.0,0.0,0.0,0.0
8473507,2025,Jeff Petry,FLA,D,5on5,1,752.0,20.0,-0.03,0.7,0.68,0.53,0.61,0.46,0.64,6.0,1.44,0.04,0.08,0.4,0.04,0.79,0.65,0.04,0.04,0.04,0.0,0.0,1.0,1.0,1.0,3.0,0.0,0.0,0.0,0.0,1.0,0.0,0.0,1.0,1.0,2.0,0.0,0.0,0.0,0.0,0.0,2.0,2.0,0.0,0.0,0.04,0.0,0.0,0.0,0.0,0.0,2.91,2.0,1.89,0.0,0.02,0.0,0.0,0.05,0.05,0.05,20.0,3.0,1.0,2.0,14.0,2.0,5.0,5.0,8.0,0.0,0.0,2210.0,0.0,0.0,0.0,0.0,4.51,0.35,0.35,0.35,0.35,4.0,2.0,3.0,9.0,0.0,0.0,0.0,4.0,2.0,0.0,0.06,0.29,0.0,0.0,0.0,0.0,8.73,6.0,5.84,0.06,0.0,0.0,0.41,0.41,0.41,5.2,0.15,0.15,0.16,0.16,7.0,0.0,1.0,8.0,1.0,0.0,0.0,7.0,0.0,0.0,0.15,0.0,0.0,1.0,0.0,0.0,8.14,7.0,7.15,0.04,0.0,0.0,0.2,0.2,0.2,2.82,1.32,50.0,32.0,0.05,0.0,3.0,0.0,1.0,0.0
8473507,2025,Jeff Petry,FLA,D,4on5,1,4.0,1.0,-0.03,0.0,0.89,0.0,0.22,0.0,0.4,6.0,0.0,0.0,0.0,0.0,0.0,0.0,0.0,0.0,0.0,0.0,0.0,0.0,0.0,0.0,0.0,0.0,0.0,0.0,0.0,0.0,0.0,0.0,0.0,0.0,0.0,0.0,0.0,0.0,0.0,0.0,0.0,0.0,0.0,0.0,0.0,0.0,0.0,0.0,0.0,0.0,0.0,0.0,0.0,0.0,0.0,0.0,0.0,0.0,0.0,0.0,0.0,1.0,0.0,1.0,0.0,0.0,0.0,0.0,0.0,1.0,0.0,0.0,356.0,0.0,0.0,0.0,0.0,0.0,0.0,0.0,0.0,0.0,0.0,0.0,0.0,0.0,0.0,0.0,0.0,0.0,0.0,0.0,0.0,0.0,0.0,0.0,0.0,0.0,0.0,0.0,0.0,0.0,0.0,0.0,0.0,0.0,0.0,0.0,0.0,0.0,0.0,0.0,0.0,0.0,0.0,0.0,0.0,0.0,0.0,0.0,0.0,0.0,0.0,0.0,0.0,0.0,0.0,0.0,0.0,0.0,0.0,0.0,0.0,0.0,0.0,0.0,0.0,0.23,0.03,2.0,7.0,0.0,0.0,0.0,0.0,0.0,0.0
8473507,2025,Jeff Petry,FLA,D,5on4,1,83.0,3.0,-0.03,1.0,1.0,1.0,1.0,1.0,1.0,3.0,0.0,0.0,0.0,0.0,0.0,0.0,0.0,0.0,0.0,0.0,0.0,0.0,0.0,0.0,0.0,0.0,0.0,0.0,0.0,0.0,0.0,0.0,0.0,0.0,0.0,0.0,0.0,0.0,0.0,0.0,0.0,0.0,0.0,0.0,0.0,0.0,0.0,0.0,0.0,0.0,0.0,0.0,0.0,0.0,0.0,0.0,0.0,0.0,0.0,0.0,0.0,3.0,0.0,1.0,0.0,2.0,0.0,0.0,0.0,3.0,0.0,0.0,139.0,0.0,0.0,0.0,0.0,0.83,0.14,0.14,0.14,0.14,1.0,0.0,1.0,2.0,1.0,0.0,0.0,0.0,1.0,0.0,0.0,0.14,0.0,0.0,1.0,0.0,2.0,1.0,1.0,0.01,0.0,0.0,0.15,0.15,0.15,0.0,0.0,0.0,0.0,0.0,0.0,0.0,0.0,0.0,0.0,0.0,0.0,0.0,0.0,0.0,0.0,0.0,0.0,0.0,0.0,0.0,0.0,0.0,0.0,0.0,0.0,0.0,0.0,0.0,0.0,0.59,0.0,6.0,0.0,0.0,0.0,0.0,0.0,0.0,0.0
8471685,2025,Anze Kopitar,LAK,C,other,1,160.0,2.0,0.47,1.0,1.0,1.0,1.0,1.0,1.0,1.0,0.58,0.08,0.08,0.1,0.02,0.55,0.17,0.08,0.08,0.08,0.0,1.0,0.0,1.0,0.0,1.0,1.0,0.0,0.0,0.0,0.0,0.0,1.0,0.0,0.0,1.0,0.0,0.0,1.0,0.0,0.0,1.0,1.0,0.0,0.0,0.08,0.0,0.0,0.0,0.0,0.0,1.0,1.0,1.0,0.0,0.02,0.0,0.0,0.1,0.1,0.1,2.0,0.0,0.0,0.0,2.0,1.0,0.0,0.0,1.0,1.0,0.0,31.0,0.0,0.0,0.0,0.0,4.05,0.48,0.47,0.48,0.47,4.0,2.0,2.0,8.0,1.0,0.0,0.0,4.0,2.0,0.0,0.2,0.28,0.0,1.0,0.0,0.0,8.0,6.0,6.0,0.12,0.0,0.0,0.6,0.6,0.58,0.0,0.0,0.0,0.0,0.0,0.0,0.0,0.0,0.0,0.0,0.0,0.0,0.0,0.0,0.0,0.0,0.0,0.0,0.0,0.0,0.0,0.0,0.0,0.0,0.0,0.0,0.0,0.0,0.0,0.0,0.07,0.0,2.0,0.0,0.0,0.0,0.0,0.0,0.0,0.0
8471685,2025,Anze Kopitar,LAK,C,all,1,1067.0,19.0,0.47,0.68,0.51,0.54,0.59,0.56,0.56,4.0,2.56,0.21,0.21,0.62,0.08,1.85,1.03,0.2,0.21,0.2,0.0,1.0,1.0,3.0,0.0,4.0,1.0,0.0,0.0,0.0,1.0,0.0,2.0,1.0,1.0,4.0,0.0,0.0,13.0,3.0,0.0,4.0,3.0,1.0,0.0,0.11,0.1,0.0,0.0,0.0,0.0,3.88,4.0,3.89,2.0,0.05,0.0,0.0,0.26,0.25,0.25,19.0,1.0,6.0,1.0,11.0,2.0,5.0,1.0,11.0,13.0,4.0,2533.0,0.0,0.0,0.0,0.0,9.3,0.79,0.77,0.78,0.75,7.0,7.0,7.0,21.0,1.0,0.0,0.0,11.0,3.0,0.0,0.41,0.38,0.0,1.0,0.0,0.0,20.0,14.0,13.43,0.19,0.0,0.0,0.98,0.96,0.94,8.21,0.37,0.36,0.4,0.4,7.0,4.0,7.0,18.0,0.0,1.0,0.0,10.0,1.0,0.0,0.24,0.13,0.0,0.0,0.0,0.0,19.68,11.0,11.78,0.11,0.03,0.03,0.44,0.49,0.48,1.81,1.73,45.0,31.0,0.0,0.0,0.0,0.0,0.0,0.0
8471685,2025,Anze Kopitar,LAK,C,5on5,1,661.0,12.0,0.47,0.38,0.53,0.41,0.62,0.44,0.56,6.0,1.43,0.03,0.07,0.42,0.04,0.8,0.64,0.03,0.03,0.03,0.0,0.0,1.0,1.0,0.0,2.0,0.0,0.0,0.0,0.0,1.0,0.0,1.0,0.0,1.0,2.0,0.0,0.0,7.0,3.0,0.0,3.0,2.0,0.0,0.0,0.03,0.0,0.0,0.0,0.0,0.0,1.89,2.0,1.89,2.0,0.01,0.0,0.0,0.05,0.04,0.04,12.0,0.0,3.0,1.0,8.0,1.0,4.0,0.0,7.0,7.0,2.0,1807.0,0.0,0.0,0.0,0.0,4.7,0.21,0.21,0.2,0.2,3.0,4.0,4.0,11.0,0.0,0.0,0.0,7.0,0.0,0.0,0.21,0.0,0.0,0.0,0.0,0.0,10.0,7.0,6.43,0.06,0.0,0.0,0.27,0.25,0.25,6.86,0.35,0.35,0.39,0.38,6.0,3.0,7.0,16.0,0.0,1.0,0.0,8.0,1.0,0.0,0.22,0.13,0.0,0.0,0.0,0.0,17.68,9.0,9.78,0.08,0.03,0.03,0.4,0.45,0.44,1.36,1.2,37.0,23.0,0.01,0.0,1.0,0.0,1.0,0.0
8471685,2025,Anze Kopitar,LAK,C,4on5,1,100.0,4.0,0.47,0.0,0.0,0.0,0.0,0.0,0.0,7.0,0.0,0.0,0.0,0.0,0.0,0.0,0.0,0.0,0.0,0.0,0.0,0.0,0.0,0.0,0.0,0.0,0.0,0.0,0.0,0.0,0.0,0.0,0.0,0.0,0.0,0.0,0.0,0.0,3.0,0.0,0.0,0.0,0.0,0.0,0.0,0.0,0.0,0.0,0.0,0.0,0.0,0.0,0.0,0.0,0.0,0.0,0.0,0.0,0.0,0.0,0.0,4.0,0.0,3.0,0.0,1.0,0.0,1.0,1.0,2.0,3.0,2.0,505.0,0.0,0.0,0.0,0.0,0.0,0.0,0.0,0.0,0.0,0.0,0.0,0.0,0.0,0.0,0.0,0.0,0.0,0.0,0.0,0.0,0.0,0.0,0.0,0.0,0.0,0.0,0.0,0.0,0.0,0.0,0.0,0.0,0.0,0.0,1.35,0.01,0.01,0.01,0.01,1.0,1.0,0.0,2.0,0.0,0.0,0.0,2.0,0.0,0.0,0.01,0.0,0.0,0.0,0.0,0.0,2.0,2.0,2.0,0.03,0.0,0.0,0.04,0.04,0.04,0.0,0.53,0.0,8.0,0.0,0.0,0.0,0.0,0.0,0.0
8471685,2025,Anze Kopitar,LAK,C,5on4,1,146.0,1.0,0.47,1.0,1.0,1.0,1.0,1.0,1.0,7.0,0.55,0.1,0.07,0.1,0.02,0.5,0.21,0.09,0.1,0.09,0.0,0.0,0.0,1.0,0.0,1.0,0.0,0.0,0.0,0.0,0.0,0.0,0.0,1.0,0.0,1.0,0.0,0.0,2.0,0.0,0.0,0.0,0.0,1.0,0.0,0.0,0.1,0.0,0.0,0.0,0.0,1.0,1.0,1.0,0.0,0.02,0.0,0.0,0.11,0.11,0.11,1.0,1.0,0.0,0.0,0.0,0.0,0.0,0.0,1.0,2.0,0.0,190.0,0.0,0.0,0.0,0.0,0.55,0.1,0.09,0.1,0.09,0.0,1.0,1.0,2.0,0.0,0.0,0.0,0.0,1.0,0.0,0.0,0.1,0.0,0.0,0.0,0.0,2.0,1.0,1.0,0.02,0.0,0.0,0.11,0.11,0.11,0.0,0.0,0.0,0.0,0.0,0.0,0.0,0.0,0.0,0.0,0.0,0.0,0.0,0.0,0.0,0.0,0.0,0.0,0.0,0.0,0.0,0.0,0.0,0.0,0.0,0.0,0.0,0.0,0.0,0.0,0.38,0.0,6.0,0.0,0.0,0.0,0.0,0.0,0.0,0.0
8476879,2025,Cody Ceci,LAK,D,other,1,0.0,0.0,0.0,0.0,0.0,0.0,0.0,0.0,0.0,0.0,0.0,0.0,0.0,0.0,0.0,0.0,0.0,0.0,0.0,0.0,0.0,0.0,0.0,0.0,0.0,0.0,0.0,0.0,0.0,0.0,0.0,0.0,0.0,0.0,0.0,0.0,0.0,0.0,0.0,0.0,0.0,0.0,0.0,0.0,0.0,0.0,0.0,0.0,0.0,0.0,0.0,0.0,0.0,0.0,0.0,0.0,0.0,0.0,0.0,0.0,0.0,0.0,0.0,0.0,0.0,0.0,0.0,0.0,0.0,0.0,0.0,0.0,0.0,0.0,0.0,0.0,0.0,0.0,0.0,0.0,0.0,0.0,0.0,0.0,0.0,0.0,0.0,0.0,0.0,0.0,0.0,0.0,0.0,0.0,0.0,0.0,0.0,0.0,0.0,0.0,0.0,0.0,0.0,0.0,0.0,0.0,0.0,0.0,0.0,0.0,0.0,0.0,0.0,0.0,0.0,0.0,0.0,0.0,0.0,0.0,0.0,0.0,0.0,0.0,0.0,0.0,0.0,0.0,0.0,0.0,0.0,0.0,0.0,0.0,0.0,0.0,0.0,0.0,0.0,0.0,0.0,0.0,0.0,0.0,0.0,0.0,0.0
8476879,2025,Cody Ceci,LAK,D,all,1,995.0,23.0,-0.17,0.43,0.6,0.42,0.65,0.38,0.63,5.0,0.61,0.01,0.04,0.15,0.02,0.46,0.32,0.01,0.01,0.01,0.0,0.0,1.0,0.0,2.0,3.0,0.0,0.0,0.0,0.0,1.0,0.0,0.0,0.0,1.0,1.0,0.0,0.0,0.0,1.0,0.0,1.0,1.0,0.0,0.0,0.01,0.0,0.0,0.0,0.0,0.0,2.68,1.0,0.92,1.0,0.01,0.0,0.0,0.02,0.02,0.02,23.0,2.0,5.0,2.0,14.0,5.0,6.0,1.0,11.0,0.0,0.0,2605.0,0.0,0.0,0.0,2.0,5.76,0.59,0.57,0.53,0.52,3.0,5.0,7.0,15.0,0.0,1.0,0.0,6.0,1.0,1.0,0.23,0.11,0.24,0.0,0.0,0.0,13.13,8.0,7.17,0.1,0.24,0.24,0.44,0.4,0.4,9.53,0.77,0.75,0.86,0.84,9.0,4.0,8.0,21.0,2.0,1.0,1.0,9.0,3.0,1.0,0.24,0.3,0.23,1.0,0.0,1.0,22.74,13.0,14.22,0.16,0.23,0.23,0.7,0.78,0.77,2.01,1.32,51.0,28.0,0.0,0.0,0.0,0.0,0.0,0.0
8476879,2025,Cody Ceci,LAK,D,5on5,1,837.0,19.0,-0.17,0.44,0.55,0.48,0.59,0.42,0.58,5.0,0.61,0.01,0.04,0.15,0.02,0.46,0.32,0.01,0.01,0.01,0.0,0.0,1.0,0.0,2.0,3.0,0.0,0.0,0.0,0.0,1.0,0.0,0.0,0.0,1.0,1.0,0.0,0.0,0.0,1.0,0.0,1.0,1.0,0.0,0.0,0.01,0.0,0.0,0.0,0.0,0.0,2.68,1.0,0.92,1.0,0.01,0.0,0.0,0.02,0.02,0.02,19.0,2.0,3.0,2.0,12.0,5.0,3.0,1.0,10.0,0.0,0.0,1631.0,0.0,0.0,0.0,1.0,5.76,0.59,0.57,0.53,0.52,3.0,5.0,7.0,15.0,0.0,1.0,0.0,6.0,1.0,1.0,0.23,0.11,0.24,0.0,0.0,0.0,13.13,8.0,7.17,0.1,0.24,0.24,0.44,0.4,0.4,8.15,0.75,0.73,0.84,0.82,8.0,3.0,5.0,16.0,2.0,1.0,1.0,7.0,3.0,1.0,0.22,0.3,0.23,1.0,0.0,1.0,17.74,11.0,12.22,0.14,0.23,0.23,0.66,0.73,0.72,0.98,0.8,33.0,23.0,0.34,0.0,2.0,0.0,2.0,0.0
8476879,2025,Cody Ceci,LAK,D,4on5,1,158.0,4.0,-0.17,0.0,0.0,0.0,0.0,0.0,0.0,4.0,0.0,0.0,0.0,0.0,0.0,0.0,0.0,0.0,0.0,0.0,0.0,0.0,0.0,0.0,0.0,0.0,0.0,0.0,0.0,0.0,0.0,0.0,0.0,0.0,0.0,0.0,0.0,0.0,0.0,0.0,0.0,0.0,0.0,0.0,0.0,0.0,0.0,0.0,0.0,0.0,0.0,0.0,0.0,0.0,0.0,0.0,0.0,0.0,0.0,0.0,0.0,4.0,0.0,2.0,0.0,2.0,0.0,3.0,0.0,1.0,0.0,0.0,447.0,0.0,0.0,0.0,0.0,0.0,0.0,0.0,0.0,0.0,0.0,0.0,0.0,0.0,0.0,0.0,0.0,0.0,0.0,0.0,0.0,0.0,0.0,0.0,0.0,0.0,0.0,0.0,0.0,0.0,0.0,0.0,0.0,0.0,0.0,1.38,0.02,0.02,0.02,0.02,1.0,1.0,3.0,5.0,0.0,0.0,0.0,2.0,0.0,0.0,0.02,0.0,0.0,0.0,0.0,0.0,5.0,2.0,2.0,0.02,0.0,0.0,0.04,0.04,0.04,0.0,0.52,0.0,5.0,0.0,0.0,0.0,0.0,0.0,0.0
8476879,2025,Cody Ceci,LAK,D,5on4,1,0.0,0.0,0.0,0.0,0.0,0.0,0.0,0.0,0.0,0.0,0.0,0.0,0.0,0.0,0.0,0.0,0.0,0.0,0.0,0.0,0.0,0.0,0.0,0.0,0.0,0.0,0.0,0.0,0.0,0.0,0.0,0.0,0.0,0.0,0.0,0.0,0.0,0.0,0.0,0.0,0.0,0.0,0.0,0.0,0.0,0.0,0.0,0.0,0.0,0.0,0.0,0.0,0.0,0.0,0.0,0.0,0.0,0.0,0.0,0.0,0.0,0.0,0.0,0.0,0.0,0.0,0.0,0.0,0.0,0.0,0.0,0.0,0.0,0.0,0.0,0.0,0.0,0.0,0.0,0.0,0.0,0.0,0.0,0.0,0.0,0.0,0.0,0.0,0.0,0.0,0.0,0.0,0.0,0.0,0.0,0.0,0.0,0.0,0.0,0.0,0.0,0.0,0.0,0.0,0.0,0.0,0.0,0.0,0.0,0.0,0.0,0.0,0.0,0.0,0.0,0.0,0.0,0.0,0.0,0.0,0.0,0.0,0.0,0.0,0.0,0.0,0.0,0.0,0.0,0.0,0.0,0.0,0.0,0.0,0.0,0.0,0.0,0.0,0.0,0.0,0.0,0.0,0.0,0.0,0.0,0.0,0.0
8476459,2025,Mika Zibanejad,NYR,C,other,1,23.0,0.0,0.47,0.0,0.0,0.33,0.0,0.0,0.0,1.0,0.0,0.0,0.0,0.0,0.0,0.0,0.0,0.0,0.0,0.0,0.0,0.0,0.0,0.0,0.0,0.0,0.0,0.0,0.0,0.0,0.0,0.0,0.0,0.0,0.0,0.0,0.0,0.0,0.0,0.0,0.0,0.0,0.0,0.0,0.0,0.0,0.0,0.0,0.0,0.0,0.0,0.0,0.0,0.0,0.0,0.0,0.0,0.0,0.0,0.0,0.0,0.0,0.0,0.0,0.0,0.0,0.0,0.0,0.0,0.0,0.0,0.0,0.0,0.0,0.0,0.0,0.0,0.0,0.0,0.0,0.0,0.0,0.0,0.0,1.0,1.0,0.0,0.0,0.0,0.0,0.0,0.0,0.0,0.0,0.0,0.0,0.0,0.0,1.0,0.0,0.0,0.0,0.0,0.0,0.0,0.0,0.0,1.43,1.41,1.41,1.41,1.41,2.0,0.0,0.0,2.0,2.0,0.0,0.0,0.0,0.0,2.0,0.0,0.0,1.41,0.0,0.0,2.0,2.0,2.0,2.0,0.01,0.0,0.0,1.42,1.42,1.42,0.0,0.0,0.0,0.0,0.0,0.0,0.0,0.0,0.0,0.0
8476459,2025,Mika Zibanejad,NYR,C,all,1,1204.0,25.0,0.47,0.36,0.36,0.51,0.49,0.48,0.48,3.0,7.55,0.97,0.67,2.11,0.29,3.63,2.33,0.95,0.91,0.89,0.0,0.0,7.0,3.0,2.0,12.0,0.0,0.0,2.0,0.0,1.0,0.0,3.0,4.0,7.0,10.0,0.0,0.0,3.0,2.0,0.0,0.0,5.0,4.0,1.0,0.15,0.5,0.31,0.0,0.0,0.0,11.18,10.0,9.36,0.0,0.14,0.2,0.58,0.54,0.51,0.51,25.0,2.0,6.0,4.0,13.0,2.0,2.0,2.0,19.0,3.0,4.0,2396.0,0.0,0.0,0.0,1.0,11.4,1.3,1.27,1.22,1.19,10.0,6.0,8.0,24.0,0.0,4.0,0.0,9.0,6.0,1.0,0.31,0.68,0.31,0.0,0.0,0.0,22.55,16.0,14.99,0.2,0.64,0.64,0.87,0.82,0.82,13.28,2.32,2.23,2.38,2.29,12.0,5.0,6.0,23.0,2.0,2.0,0.0,11.0,4.0,2.0,0.42,0.49,1.41,0.0,0.0,2.0,24.59,17.0,18.02,0.2,0.25,0.25,2.26,2.33,2.23,1.2,2.11,36.0,38.0,0.0,0.0,0.0,0.0,0.0,0.0
8476459,2025,Mika Zibanejad,NYR,C,5on5,1,951.0,21.0,0.47,0.56,0.35,0.47,0.49,0.48,0.47,4.0,6.83,0.9,0.61,1.96,0.28,3.13,2.11,0.88,0.83,0.82,0.0,0.0,6.0,3.0,2.0,11.0,0.0,0.0,2.0,0.0,0.0,0.0,3.0,4.0,6.0,9.0,0.0,0.0,2.0,2.0,0.0,0.0,4.0,4.0,1.0,0.09,0.5,0.31,0.0,0.0,0.0,10.18,9.0,8.36,0.0,0.13,0.2,0.58,0.45,0.42,0.42,21.0,0.0,6.0,3.0,12.0,1.0,2.0,1.0,17.0,2.0,3.0,2266.0,0.0,0.0,0.0,1.0,9.99,1.17,1.14,1.09,1.06,8.0,6.0,5.0,19.0,0.0,4.0,0.0,7.0,6.0,1.0,0.18,0.68,0.31,0.0,0.0,0.0,17.55,14.0,12.99,0.18,0.64,0.64,0.72,0.67,0.67,11.86,0.91,0.82,0.97,0.87,10.0,5.0,6.0,21.0,0.0,2.0,0.0,11.0,4.0,0.0,0.42,0.49,0.0,0.0,0.0,0.0,22.59,15.0,16.02,0.19,0.25,0.25,0.84,0.91,0.81,1.14,2.11,35.0,37.0,0.04,0.0,1.0,0.0,1.0,0.0
8476459,2025,Mika Zibanejad,NYR,C,4on5,1,45.0,1.0,0.47,0.0,0.0,0.0,0.0,0.0,0.0,2.0,0.0,0.0,0.0,0.0,0.0,0.0,0.0,0.0,0.0,0.0,0.0,0.0,0.0,0.0,0.0,0.0,0.0,0.0,0.0,0.0,0.0,0.0,0.0,0.0,0.0,0.0,0.0,0.0,0.0,0.0,0.0,0.0,0.0,0.0,0.0,0.0,0.0,0.0,0.0,0.0,0.0,0.0,0.0,0.0,0.0,0.0,0.0,0.0,0.0,0.0,0.0,1.0,0.0,0.0,0.0,1.0,0.0,0.0,0.0,1.0,0.0,1.0,75.0,0.0,0.0,0.0,0.0,0.0,0.0,0.0,0.0,0.0,0.0,0.0,0.0,0.0,0.0,0.0,0.0,0.0,0.0,0.0,0.0,0.0,0.0,0.0,0.0,0.0,0.0,0.0,0.0,0.0,0.0,0.0,0.0,0.0,0.0,0.0,0.0,0.0,0.0,0.0,0.0,0.0,0.0,0.0,0.0,0.0,0.0,0.0,0.0,0.0,0.0,0.0,0.0,0.0,0.0,0.0,0.0,0.0,0.0,0.0,0.0,0.0,0.0,0.0,0.0,0.0,0.0,0.0,1.0,0.0,0.0,0.0,0.0,0.0,0.0
8476459,2025,Mika Zibanejad,NYR,C,5on4,1,185.0,3.0,0.47,1.0,1.0,1.0,1.0,1.0,1.0,1.0,0.72,0.07,0.05,0.15,0.02,0.49,0.21,0.07,0.07,0.07,0.0,0.0,1.0,0.0,0.0,1.0,0.0,0.0,0.0,0.0,1.0,0.0,0.0,0.0,1.0,1.0,0.0,0.0,1.0,0.0,0.0,0.0,1.0,0.0,0.0,0.07,0.0,0.0,0.0,0.0,0.0,1.0,1.0,1.0,0.0,0.01,0.0,0.0,0.08,0.08,0.08,3.0,2.0,0.0,1.0,0.0,1.0,0.0,1.0,1.0,1.0,0.0,55.0,0.0,0.0,0.0,0.0,1.41,0.13,0.13,0.13,0.13,2.0,0.0,2.0,4.0,0.0,0.0,0.0,2.0,0.0,0.0,0.13,0.0,0.0,0.0,0.0,0.0,4.0,2.0,2.0,0.02,0.0,0.0,0.15,0.15,0.15,0.0,0.0,0.0,0.0,0.0,0.0,0.0,0.0,0.0,0.0,0.0,0.0,0.0,0.0,0.0,0.0,0.0,0.0,0.0,0.0,0.0,0.0,0.0,0.0,0.0,0.0,0.0,0.0,0.0,0.0,0.06,0.0,1.0,0.0,0.0,0.0,0.0,0.0,0.0,0.0
8476455,2025,Gabriel Landeskog,COL,L,other,1,0.0,0.0,0.0,0.0,0.0,0.0,0.0,0.0,0.0,0.0,0.0,0.0,0.0,0.0,0.0,0.0,0.0,0.0,0.0,0.0,0.0,0.0,0.0,0.0,0.0,0.0,0.0,0.0,0.0,0.0,0.0,0.0,0.0,0.0,0.0,0.0,0.0,0.0,0.0,0.0,0.0,0.0,0.0,0.0,0.0,0.0,0.0,0.0,0.0,0.0,0.0,0.0,0.0,0.0,0.0,0.0,0.0,0.0,0.0,0.0,0.0,0.0,0.0,0.0,0.0,0.0,0.0,0.0,0.0,0.0,0.0,0.0,0.0,0.0,0.0,0.0,0.0,0.0,0.0,0.0,0.0,0.0,0.0,0.0,0.0,0.0,0.0,0.0,0.0,0.0,0.0,0.0,0.0,0.0,0.0,0.0,0.0,0.0,0.0,0.0,0.0,0.0,0.0,0.0,0.0,0.0,0.0,0.0,0.0,0.0,0.0,0.0,0.0,0.0,0.0,0.0,0.0,0.0,0.0,0.0,0.0,0.0,0.0,0.0,0.0,0.0,0.0,0.0,0.0,0.0,0.0,0.0,0.0,0.0,0.0,0.0,0.0,0.0,0.0,0.0,0.0,0.0,0.0,0.0,0.0,0.0,0.0
8476455,2025,Gabriel Landeskog,COL,L,all,1,672.0,16.0,0.41,0.91,0.41,0.72,0.37,0.85,0.35,9.0,1.68,0.11,0.14,0.43,0.05,0.77,0.51,0.11,0.12,0.12,0.0,0.0,1.0,1.0,1.0,3.0,0.0,0.0,0.0,0.0,0.0,0.0,2.0,0.0,1.0,2.0,0.0,0.0,5.0,1.0,0.0,0.0,1.0,1.0,0.0,0.02,0.09,0.0,0.0,0.0,0.0,3.1,2.0,2.06,0.0,0.03,0.0,0.0,0.14,0.15,0.14,16.0,2.0,2.0,2.0,10.0,5.0,1.0,3.0,7.0,5.0,2.0,2928.0,0.0,0.0,0.0,0.0,7.78,0.32,0.32,0.34,0.34,7.0,4.0,2.0,13.0,0.0,0.0,0.0,10.0,1.0,0.0,0.23,0.09,0.0,0.0,0.0,0.0,14.14,11.0,11.9,0.11,0.0,0.0,0.43,0.46,0.46,1.3,0.03,0.03,0.03,0.03,2.0,0.0,3.0,5.0,0.0,0.0,0.0,2.0,0.0,0.0,0.03,0.0,0.0,0.0,0.0,0.0,4.74,2.0,1.89,0.01,0.0,0.0,0.05,0.04,0.04,1.77,2.57,36.0,61.0,0.0,0.0,0.0,0.0,0.0,0.0
8476455,2025,Gabriel Landeskog,COL,L,5on5,1,564.0,13.0,0.41,0.9,0.45,0.69,0.39,0.82,0.39,8.0,1.68,0.11,0.14,0.43,0.05,0.77,0.51,0.11,0.12,0.12,0.0,0.0,1.0,1.0,1.0,3.0,0.0,0.0,0.0,0.0,0.0,0.0,2.0,0.0,1.0,2.0,0.0,0.0,2.0,1.0,0.0,0.0,1.0,1.0,0.0,0.02,0.09,0.0,0.0,0.0,0.0,3.1,2.0,2.06,0.0,0.03,0.0,0.0,0.14,0.15,0.14,13.0,1.0,2.0,1.0,9.0,4.0,1.0,2.0,6.0,2.0,1.0,1904.0,0.0,0.0,0.0,0.0,6.36,0.3,0.3,0.33,0.33,6.0,3.0,2.0,11.0,0.0,0.0,0.0,8.0,1.0,0.0,0.21,0.09,0.0,0.0,0.0,0.0,12.14,9.0,9.9,0.08,0.0,0.0,0.38,0.41,0.41,1.3,0.03,0.03,0.03,0.03,2.0,0.0,3.0,5.0,0.0,0.0,0.0,2.0,0.0,0.0,0.03,0.0,0.0,0.0,0.0,0.0,4.74,2.0,1.89,0.01,0.0,0.0,0.05,0.04,0.04,1.25,1.54,28.0,43.0,0.0,0.0,2.0,0.0,0.0,0.0
8476455,2025,Gabriel Landeskog,COL,L,4on5,1,0.0,0.0,0.0,0.0,0.0,0.0,0.0,0.0,0.0,0.0,0.0,0.0,0.0,0.0,0.0,0.0,0.0,0.0,0.0,0.0,0.0,0.0,0.0,0.0,0.0,0.0,0.0,0.0,0.0,0.0,0.0,0.0,0.0,0.0,0.0,0.0,0.0,0.0,0.0,0.0,0.0,0.0,0.0,0.0,0.0,0.0,0.0,0.0,0.0,0.0,0.0,0.0,0.0,0.0,0.0,0.0,0.0,0.0,0.0,0.0,0.0,0.0,0.0,0.0,0.0,0.0,0.0,0.0,0.0,0.0,0.0,0.0,0.0,0.0,0.0,0.0,0.0,0.0,0.0,0.0,0.0,0.0,0.0,0.0,0.0,0.0,0.0,0.0,0.0,0.0,0.0,0.0,0.0,0.0,0.0,0.0,0.0,0.0,0.0,0.0,0.0,0.0,0.0,0.0,0.0,0.0,0.0,0.0,0.0,0.0,0.0,0.0,0.0,0.0,0.0,0.0,0.0,0.0,0.0,0.0,0.0,0.0,0.0,0.0,0.0,0.0,0.0,0.0,0.0,0.0,0.0,0.0,0.0,0.0,0.0,0.0,0.0,0.0,0.0,0.0,0.0,0.0,0.0,0.0,0.0,0.0,0.0
8476455,2025,Gabriel Landeskog,COL,L,5on4,1,108.0,3.0,0.41,1.0,1.0,1.0,1.0,1.0,1.0,7.0,0.0,0.0,0.0,0.0,0.0,0.0,0.0,0.0,0.0,0.0,0.0,0.0,0.0,0.0,0.0,0.0,0.0,0.0,0.0,0.0,0.0,0.0,0.0,0.0,0.0,0.0,0.0,0.0,3.0,0.0,0.0,0.0,0.0,0.0,0.0,0.0,0.0,0.0,0.0,0.0,0.0,0.0,0.0,0.0,0.0,0.0,0.0,0.0,0.0,0.0,0.0,3.0,1.0,0.0,1.0,1.0,1.0,0.0,1.0,1.0,3.0,0.0,497.0,0.0,0.0,0.0,0.0,1.43,0.02,0.02,0.02,0.02,1.0,1.0,0.0,2.0,0.0,0.0,0.0,2.0,0.0,0.0,0.02,0.0,0.0,0.0,0.0,0.0,2.0,2.0,2.0,0.04,0.0,0.0,0.05,0.05,0.05,0.0,0.0,0.0,0.0,0.0,0.0,0.0,0.0,0.0,0.0,0.0,0.0,0.0,0.0,0.0,0.0,0.0,0.0,0.0,0.0,0.0,0.0,0.0,0.0,0.0,0.0,0.0,0.0,0.0,0.0,0.53,0.0,8.0,0.0,0.0,0.0,0.0,0.0,0.0,0.0
8482703,2025,Colton Dach,CHI,C,other,1,0.0,0.0,0.0,0.0,0.0,0.0,0.0,0.0,0.0,0.0,0.0,0.0,0.0,0.0,0.0,0.0,0.0,0.0,0.0,0.0,0.0,0.0,0.0,0.0,0.0,0.0,0.0,0.0,0.0,0.0,0.0,0.0,0.0,0.0,0.0,0.0,0.0,0.0,0.0,0.0,0.0,0.0,0.0,0.0,0.0,0.0,0.0,0.0,0.0,0.0,0.0,0.0,0.0,0.0,0.0,0.0,0.0,0.0,0.0,0.0,0.0,0.0,0.0,0.0,0.0,0.0,0.0,0.0,0.0,0.0,0.0,0.0,0.0,0.0,0.0,0.0,0.0,0.0,0.0,0.0,0.0,0.0,0.0,0.0,0.0,0.0,0.0,0.0,0.0,0.0,0.0,0.0,0.0,0.0,0.0,0.0,0.0,0.0,0.0,0.0,0.0,0.0,0.0,0.0,0.0,0.0,0.0,0.0,0.0,0.0,0.0,0.0,0.0,0.0,0.0,0.0,0.0,0.0,0.0,0.0,0.0,0.0,0.0,0.0,0.0,0.0,0.0,0.0,0.0,0.0,0.0,0.0,0.0,0.0,0.0,0.0,0.0,0.0,0.0,0.0,0.0,0.0,0.0,0.0,0.0,0.0,0.0
8482703,2025,Colton Dach,CHI,C,all,1,809.0,22.0,-0.03,0.64,0.22,0.52,0.4,0.57,0.35,9.0,0.79,0.09,0.04,0.18,0.02,0.37,0.3,0.09,0.09,0.09,0.0,0.0,1.0,0.0,0.0,1.0,0.0,0.0,0.0,0.0,0.0,0.0,0.0,1.0,1.0,1.0,0.0,0.0,0.0,4.0,0.0,0.0,0.0,1.0,0.0,0.0,0.09,0.0,0.0,0.0,0.0,1.03,1.0,1.03,0.0,0.01,0.0,0.0,0.1,0.1,0.1,22.0,1.0,2.0,7.0,12.0,6.0,3.0,3.0,10.0,0.0,0.0,2791.0,0.0,0.0,0.0,0.0,6.07,0.47,0.47,0.48,0.48,7.0,1.0,3.0,11.0,0.0,1.0,0.0,6.0,1.0,1.0,0.16,0.09,0.23,0.0,0.0,0.0,11.03,8.0,8.02,0.07,0.23,0.23,0.32,0.32,0.32,4.42,0.27,0.27,0.27,0.27,5.0,1.0,4.0,10.0,0.0,0.0,0.0,4.0,2.0,0.0,0.07,0.2,0.0,0.0,0.0,0.0,9.81,6.0,5.91,0.06,0.0,0.0,0.33,0.32,0.32,1.11,3.87,39.0,59.0,0.0,0.0,0.0,0.0,0.0,0.0
8482703,2025,Colton Dach,CHI,C,5on5,1,696.0,19.0,-0.03,0.63,0.26,0.44,0.4,0.54,0.36,9.0,0.79,0.09,0.04,0.18,0.02,0.37,0.3,0.09,0.09,0.09,0.0,0.0,1.0,0.0,0.0,1.0,0.0,0.0,0.0,0.0,0.0,0.0,0.0,1.0,1.0,1.0,0.0,0.0,0.0,4.0,0.0,0.0,0.0,1.0,0.0,0.0,0.09,0.0,0.0,0.0,0.0,1.03,1.0,1.03,0.0,0.01,0.0,0.0,0.1,0.1,0.1,19.0,0.0,2.0,6.0,11.0,4.0,3.0,3.0,9.0,0.0,0.0,2266.0,0.0,0.0,0.0,0.0,5.22,0.46,0.46,0.47,0.46,6.0,1.0,1.0,8.0,0.0,1.0,0.0,5.0,1.0,1.0,0.14,0.09,0.23,0.0,0.0,0.0,8.03,7.0,7.01,0.05,0.23,0.23,0.28,0.29,0.29,4.42,0.27,0.27,0.27,0.27,5.0,1.0,4.0,10.0,0.0,0.0,0.0,4.0,2.0,0.0,0.07,0.2,0.0,0.0,0.0,0.0,9.81,6.0,5.91,0.06,0.0,0.0,0.33,0.32,0.32,1.02,2.91,32.0,49.0,0.0,0.01,0.0,1.0,0.0,1.0
8482703,2025,Colton Dach,CHI,C,4on5,1,0.0,0.0,0.0,0.0,0.0,0.0,0.0,0.0,0.0,0.0,0.0,0.0,0.0,0.0,0.0,0.0,0.0,0.0,0.0,0.0,0.0,0.0,0.0,0.0,0.0,0.0,0.0,0.0,0.0,0.0,0.0,0.0,0.0,0.0,0.0,0.0,0.0,0.0,0.0,0.0,0.0,0.0,0.0,0.0,0.0,0.0,0.0,0.0,0.0,0.0,0.0,0.0,0.0,0.0,0.0,0.0,0.0,0.0,0.0,0.0,0.0,0.0,0.0,0.0,0.0,0.0,0.0,0.0,0.0,0.0,0.0,0.0,0.0,0.0,0.0,0.0,0.0,0.0,0.0,0.0,0.0,0.0,0.0,0.0,0.0,0.0,0.0,0.0,0.0,0.0,0.0,0.0,0.0,0.0,0.0,0.0,0.0,0.0,0.0,0.0,0.0,0.0,0.0,0.0,0.0,0.0,0.0,0.0,0.0,0.0,0.0,0.0,0.0,0.0,0.0,0.0,0.0,0.0,0.0,0.0,0.0,0.0,0.0,0.0,0.0,0.0,0.0,0.0,0.0,0.0,0.0,0.0,0.0,0.0,0.0,0.0,0.0,0.0,0.0,0.0,0.0,0.0,0.0,0.0,0.0,0.0,0.0
8482703,2025,Colton Dach,CHI,C,5on4,1,113.0,3.0,-0.03,1.0,0.05,1.0,0.67,1.0,0.5,7.0,0.0,0.0,0.0,0.0,0.0,0.0,0.0,0.0,0.0,0.0,0.0,0.0,0.0,0.0,0.0,0.0,0.0,0.0,0.0,0.0,0.0,0.0,0.0,0.0,0.0,0.0,0.0,0.0,0.0,0.0,0.0,0.0,0.0,0.0,0.0,0.0,0.0,0.0,0.0,0.0,0.0,0.0,0.0,0.0,0.0,0.0,0.0,0.0,0.0,0.0,0.0,3.0,1.0,0.0,1.0,1.0,2.0,0.0,0.0,1.0,0.0,0.0,247.0,0.0,0.0,0.0,0.0,0.84,0.02,0.02,0.02,0.02,1.0,0.0,2.0,3.0,0.0,0.0,0.0,1.0,0.0,0.0,0.02,0.0,0.0,0.0,0.0,0.0,3.0,1.0,1.0,0.02,0.0,0.0,0.04,0.04,0.04,0.0,0.0,0.0,0.0,0.0,0.0,0.0,0.0,0.0,0.0,0.0,0.0,0.0,0.0,0.0,0.0,0.0,0.0,0.0,0.0,0.0,0.0,0.0,0.0,0.0,0.0,0.0,0.0,0.0,0.0,0.01,0.23,4.0,2.0,0.0,0.0,0.0,0.0,0.0,0.0
8470613,2025,Brent Burns,COL,D,other,1,154.0,0.0,0.38,0.0,0.0,0.0,0.0,0.0,0.0,1.0,0.0,0.0,0.0,0.0,0.0,0.0,0.0,0.0,0.0,0.0,0.0,0.0,0.0,0.0,0.0,0.0,0.0,0.0,0.0,0.0,0.0,0.0,0.0,0.0,0.0,0.0,0.0,0.0,0.0,0.0,0.0,0.0,0.0,0.0,0.0,0.0,0.0,0.0,0.0,0.0,0.0,0.0,0.0,0.0,0.0,0.0,0.0,0.0,0.0,0.0,0.0,0.0,0.0,0.0,0.0,0.0,0.0,0.0,0.0,0.0,0.0,0.0,37.0,0.0,0.0,0.0,0.0,0.0,0.0,0.0,0.0,0.0,0.0,0.0,0.0,0.0,0.0,0.0,0.0,0.0,0.0,0.0,0.0,0.0,0.0,0.0,0.0,0.0,0.0,0.0,0.0,0.0,0.0,0.0,0.0,0.0,0.0,3.44,0.3,0.29,0.3,0.29,3.0,2.0,3.0,8.0,0.0,0.0,0.0,4.0,1.0,0.0,0.2,0.1,0.0,0.0,0.0,0.0,8.0,5.0,5.0,0.1,0.0,0.0,0.4,0.4,0.39,0.0,0.25,0.0,2.0,0.0,0.0,0.0,0.0,0.0,0.0
8470613,2025,Brent Burns,COL,D,all,1,1210.0,25.0,0.38,0.26,0.53,0.43,0.42,0.36,0.49,3.0,3.64,0.08,0.17,1.3,0.12,2.01,1.33,0.08,0.09,0.09,0.0,0.0,3.0,2.0,1.0,6.0,0.0,0.0,0.0,0.0,0.0,0.0,3.0,2.0,3.0,5.0,1.0,2.0,0.0,0.0,1.0,2.0,5.0,0.0,0.0,0.08,0.0,0.0,0.0,0.0,0.0,6.61,5.0,5.5,2.0,0.04,0.0,0.0,0.12,0.13,0.13,25.0,3.0,4.0,2.0,16.0,6.0,5.0,1.0,13.0,0.0,0.0,2390.0,2.0,0.0,0.0,3.0,7.29,0.39,0.38,0.42,0.42,8.0,2.0,9.0,19.0,1.0,0.0,0.0,9.0,1.0,0.0,0.19,0.19,0.0,0.0,1.0,0.0,20.45,10.0,10.94,0.09,0.0,0.0,0.48,0.52,0.52,12.17,1.1,1.08,1.06,1.04,11.0,7.0,7.0,25.0,0.0,1.0,0.0,14.0,3.0,1.0,0.5,0.28,0.32,0.0,0.0,0.0,23.79,18.0,17.16,0.23,0.32,0.32,1.01,0.98,0.96,1.71,1.5,30.0,41.0,0.0,0.0,0.0,0.0,0.0,0.0
8470613,2025,Brent Burns,COL,D,5on5,1,779.0,18.0,0.38,0.39,0.54,0.5,0.42,0.44,0.49,6.0,2.93,0.08,0.12,1.1,0.1,1.52,1.08,0.08,0.09,0.09,0.0,0.0,3.0,1.0,0.0,4.0,0.0,0.0,0.0,0.0,0.0,0.0,2.0,2.0,3.0,4.0,1.0,2.0,0.0,0.0,0.0,2.0,4.0,0.0,0.0,0.08,0.0,0.0,0.0,0.0,0.0,4.61,4.0,4.5,2.0,0.03,0.0,0.0,0.1,0.12,0.12,18.0,3.0,3.0,0.0,12.0,4.0,4.0,0.0,10.0,0.0,0.0,1689.0,2.0,0.0,0.0,3.0,5.87,0.37,0.36,0.41,0.4,7.0,1.0,6.0,14.0,1.0,0.0,0.0,7.0,1.0,0.0,0.18,0.19,0.0,0.0,1.0,0.0,15.45,8.0,8.94,0.06,0.0,0.0,0.43,0.47,0.46,6.9,0.58,0.57,0.54,0.53,5.0,5.0,4.0,14.0,0.0,1.0,0.0,8.0,1.0,1.0,0.18,0.08,0.32,0.0,0.0,0.0,12.79,10.0,9.15,0.09,0.32,0.32,0.35,0.32,0.31,1.18,0.99,25.0,34.0,0.06,0.0,2.0,0.0,2.0,0.0
8470613,2025,Brent Burns,COL,D,4on5,1,140.0,3.0,0.38,0.0,0.0,0.0,0.0,0.0,0.0,2.0,0.0,0.0,0.0,0.0,0.0,0.0,0.0,0.0,0.0,0.0,0.0,0.0,0.0,0.0,0.0,0.0,0.0,0.0,0.0,0.0,0.0,0.0,0.0,0.0,0.0,0.0,0.0,0.0,0.0,0.0,0.0,0.0,0.0,0.0,0.0,0.0,0.0,0.0,0.0,0.0,0.0,0.0,0.0,0.0,0.0,0.0,0.0,0.0,0.0,0.0,0.0,3.0,0.0,1.0,1.0,1.0,1.0,1.0,0.0,1.0,0.0,0.0,196.0,0.0,0.0,0.0,0.0,0.0,0.0,0.0,0.0,0.0,0.0,0.0,0.0,0.0,0.0,0.0,0.0,0.0,0.0,0.0,0.0,0.0,0.0,0.0,0.0,0.0,0.0,0.0,0.0,0.0,0.0,0.0,0.0,0.0,0.0,1.82,0.22,0.21,0.22,0.21,3.0,0.0,0.0,3.0,0.0,0.0,0.0,2.0,1.0,0.0,0.12,0.1,0.0,0.0,0.0,0.0,3.0,3.0,3.0,0.05,0.0,0.0,0.27,0.27,0.26,0.0,0.26,0.0,5.0,0.0,0.0,0.0,0.0,0.0,0.0
8470613,2025,Brent Burns,COL,D,5on4,1,137.0,4.0,0.38,1.0,1.0,1.0,1.0,1.0,1.0,2.0,0.71,0.0,0.05,0.2,0.02,0.49,0.25,0.0,0.0,0.0,0.0,0.0,0.0,1.0,1.0,2.0,0.0,0.0,0.0,0.0,0.0,0.0,1.0,0.0,0.0,1.0,0.0,0.0,0.0,0.0,1.0,0.0,1.0,0.0,0.0,0.0,0.0,0.0,0.0,0.0,0.0,2.0,1.0,1.0,0.0,0.01,0.0,0.0,0.01,0.01,0.01,4.0,0.0,0.0,1.0,3.0,1.0,0.0,1.0,2.0,0.0,0.0,468.0,0.0,0.0,0.0,0.0,1.43,0.02,0.02,0.02,0.02,1.0,1.0,3.0,5.0,0.0,0.0,0.0,2.0,0.0,0.0,0.02,0.0,0.0,0.0,0.0,0.0,5.0,2.0,2.0,0.04,0.0,0.0,0.05,0.05,0.05,0.0,0.0,0.0,0.0,0.0,0.0,0.0,0.0,0.0,0.0,0.0,0.0,0.0,0.0,0.0,0.0,0.0,0.0,0.0,0.0,0.0,0.0,0.0,0.0,0.0,0.0,0.0,0.0,0.0,0.0,0.53,0.0,5.0,0.0,0.0,0.0,0.0,0.0,0.0,0.0
8480003,2025,Jesper Boqvist,FLA,C,other,1,0.0,0.0,0.0,0.0,0.0,0.0,0.0,0.0,0.0,0.0,0.0,0.0,0.0,0.0,0.0,0.0,0.0,0.0,0.0,0.0,0.0,0.0,0.0,0.0,0.0,0.0,0.0,0.0,0.0,0.0,0.0,0.0,0.0,0.0,0.0,0.0,0.0,0.0,0.0,0.0,0.0,0.0,0.0,0.0,0.0,0.0,0.0,0.0,0.0,0.0,0.0,0.0,0.0,0.0,0.0,0.0,0.0,0.0,0.0,0.0,0.0,0.0,0.0,0.0,0.0,0.0,0.0,0.0,0.0,0.0,0.0,0.0,0.0,0.0,0.0,0.0,0.0,0.0,0.0,0.0,0.0,0.0,0.0,0.0,0.0,0.0,0.0,0.0,0.0,0.0,0.0,0.0,0.0,0.0,0.0,0.0,0.0,0.0,0.0,0.0,0.0,0.0,0.0,0.0,0.0,0.0,0.0,0.0,0.0,0.0,0.0,0.0,0.0,0.0,0.0,0.0,0.0,0.0,0.0,0.0,0.0,0.0,0.0,0.0,0.0,0.0,0.0,0.0,0.0,0.0,0.0,0.0,0.0,0.0,0.0,0.0,0.0,0.0,0.0,0.0,0.0,0.0,0.0,0.0,0.0,0.0,0.0
8480003,2025,Jesper Boqvist,FLA,C,all,1,638.0,21.0,1.04,0.4,0.77,0.5,0.6,0.44,0.65,9.0,0.62,0.15,0.05,0.11,0.03,0.4,0.25,0.15,0.15,0.15,0.0,0.0,1.0,0.0,0.0,1.0,1.0,1.0,0.0,0.0,0.0,0.0,0.0,0.0,0.0,0.0,0.0,0.0,6.0,4.0,0.0,0.0,0.0,1.0,0.0,0.0,0.15,0.0,0.0,1.0,0.0,1.03,1.0,1.04,0.0,0.01,0.0,0.0,0.17,0.17,0.17,21.0,5.0,2.0,3.0,11.0,3.0,5.0,4.0,9.0,6.0,4.0,2962.0,0.0,0.0,0.0,0.0,4.93,0.28,0.28,0.28,0.28,5.0,2.0,4.0,11.0,1.0,0.0,0.0,6.0,1.0,0.0,0.13,0.15,0.0,0.0,1.0,0.0,10.73,7.0,6.81,0.05,0.0,0.0,0.34,0.33,0.33,6.92,0.43,0.42,0.43,0.43,6.0,3.0,2.0,11.0,0.0,1.0,0.0,8.0,0.0,1.0,0.2,0.0,0.23,0.0,0.0,0.0,11.09,9.0,9.11,0.07,0.23,0.23,0.27,0.28,0.28,3.85,1.16,58.0,39.0,0.0,0.0,0.0,0.0,0.0,0.0
8480003,2025,Jesper Boqvist,FLA,C,5on5,1,612.0,20.0,1.04,0.41,0.73,0.52,0.62,0.47,0.65,8.0,0.62,0.15,0.05,0.11,0.03,0.4,0.25,0.15,0.15,0.15,0.0,0.0,1.0,0.0,0.0,1.0,1.0,1.0,0.0,0.0,0.0,0.0,0.0,0.0,0.0,0.0,0.0,0.0,5.0,4.0,0.0,0.0,0.0,1.0,0.0,0.0,0.15,0.0,0.0,1.0,0.0,1.03,1.0,1.04,0.0,0.01,0.0,0.0,0.17,0.17,0.17,20.0,5.0,1.0,3.0,11.0,3.0,4.0,4.0,9.0,5.0,4.0,2350.0,0.0,0.0,0.0,0.0,4.93,0.28,0.28,0.28,0.28,5.0,2.0,4.0,11.0,1.0,0.0,0.0,6.0,1.0,0.0,0.13,0.15,0.0,0.0,1.0,0.0,10.73,7.0,6.81,0.05,0.0,0.0,0.34,0.33,0.33,6.08,0.41,0.4,0.42,0.41,5.0,3.0,2.0,10.0,0.0,1.0,0.0,7.0,0.0,1.0,0.18,0.0,0.23,0.0,0.0,0.0,10.09,8.0,8.11,0.05,0.23,0.23,0.23,0.24,0.24,2.89,1.07,48.0,30.0,0.0,0.0,0.0,0.0,0.0,0.0
8480003,2025,Jesper Boqvist,FLA,C,4on5,1,26.0,1.0,1.04,0.0,0.95,0.0,0.25,0.0,0.5,8.0,0.0,0.0,0.0,0.0,0.0,0.0,0.0,0.0,0.0,0.0,0.0,0.0,0.0,0.0,0.0,0.0,0.0,0.0,0.0,0.0,0.0,0.0,0.0,0.0,0.0,0.0,0.0,0.0,1.0,0.0,0.0,0.0,0.0,0.0,0.0,0.0,0.0,0.0,0.0,0.0,0.0,0.0,0.0,0.0,0.0,0.0,0.0,0.0,0.0,0.0,0.0,1.0,0.0,1.0,0.0,0.0,0.0,1.0,0.0,0.0,1.0,0.0,334.0,0.0,0.0,0.0,0.0,0.0,0.0,0.0,0.0,0.0,0.0,0.0,0.0,0.0,0.0,0.0,0.0,0.0,0.0,0.0,0.0,0.0,0.0,0.0,0.0,0.0,0.0,0.0,0.0,0.0,0.0,0.0,0.0,0.0,0.0,0.84,0.02,0.02,0.02,0.02,1.0,0.0,0.0,1.0,0.0,0.0,0.0,1.0,0.0,0.0,0.02,0.0,0.0,0.0,0.0,0.0,1.0,1.0,1.0,0.02,0.0,0.0,0.04,0.04,0.04,0.23,0.01,2.0,6.0,0.0,0.0,0.0,0.0,0.0,0.0
8480003,2025,Jesper Boqvist,FLA,C,5on4,1,0.0,0.0,0.0,0.0,0.0,0.0,0.0,0.0,0.0,0.0,0.0,0.0,0.0,0.0,0.0,0.0,0.0,0.0,0.0,0.0,0.0,0.0,0.0,0.0,0.0,0.0,0.0,0.0,0.0,0.0,0.0,0.0,0.0,0.0,0.0,0.0,0.0,0.0,0.0,0.0,0.0,0.0,0.0,0.0,0.0,0.0,0.0,0.0,0.0,0.0,0.0,0.0,0.0,0.0,0.0,0.0,0.0,0.0,0.0,0.0,0.0,0.0,0.0,0.0,0.0,0.0,0.0,0.0,0.0,0.0,0.0,0.0,0.0,0.0,0.0,0.0,0.0,0.0,0.0,0.0,0.0,0.0,0.0,0.0,0.0,0.0,0.0,0.0,0.0,0.0,0.0,0.0,0.0,0.0,0.0,0.0,0.0,0.0,0.0,0.0,0.0,0.0,0.0,0.0,0.0,0.0,0.0,0.0,0.0,0.0,0.0,0.0,0.0,0.0,0.0,0.0,0.0,0.0,0.0,0.0,0.0,0.0,0.0,0.0,0.0,0.0,0.0,0.0,0.0,0.0,0.0,0.0,0.0,0.0,0.0,0.0,0.0,0.0,0.0,0.0,0.0,0.0,0.0,0.0,0.0,0.0,0.0
8480001,2025,Urho Vaakanainen,NYR,D,other,1,0.0,0.0,0.0,0.0,0.0,0.0,0.0,0.0,0.0,0.0,0.0,0.0,0.0,0.0,0.0,0.0,0.0,0.0,0.0,0.0,0.0,0.0,0.0,0.0,0.0,0.0,0.0,0.0,0.0,0.0,0.0,0.0,0.0,0.0,0.0,0.0,0.0,0.0,0.0,0.0,0.0,0.0,0.0,0.0,0.0,0.0,0.0,0.0,0.0,0.0,0.0,0.0,0.0,0.0,0.0,0.0,0.0,0.0,0.0,0.0,0.0,0.0,0.0,0.0,0.0,0.0,0.0,0.0,0.0,0.0,0.0,0.0,0.0,0.0,0.0,0.0,0.0,0.0,0.0,0.0,0.0,0.0,0.0,0.0,0.0,0.0,0.0,0.0,0.0,0.0,0.0,0.0,0.0,0.0,0.0,0.0,0.0,0.0,0.0,0.0,0.0,0.0,0.0,0.0,0.0,0.0,0.0,0.0,0.0,0.0,0.0,0.0,0.0,0.0,0.0,0.0,0.0,0.0,0.0,0.0,0.0,0.0,0.0,0.0,0.0,0.0,0.0,0.0,0.0,0.0,0.0,0.0,0.0,0.0,0.0,0.0,0.0,0.0,0.0,0.0,0.0,0.0,0.0,0.0,0.0,0.0,0.0
8480001,2025,Urho Vaakanainen,NYR,D,all,1,1055.0,20.0,0.17,0.51,0.3,0.58,0.47,0.55,0.46,6.0,1.4,0.04,0.06,0.35,0.04,0.81,0.71,0.04,0.04,0.04,0.0,0.0,1.0,1.0,3.0,5.0,0.0,0.0,1.0,0.0,0.0,0.0,0.0,1.0,1.0,2.0,0.0,0.0,0.0,1.0,0.0,1.0,2.0,0.0,0.0,0.04,0.0,0.0,0.0,0.0,0.0,4.68,2.0,1.89,0.0,0.01,0.31,0.0,0.05,0.04,0.04,20.0,0.0,3.0,1.0,16.0,2.0,2.0,0.0,16.0,0.0,0.0,2545.0,0.0,0.0,0.0,0.0,8.63,1.02,0.98,0.96,0.92,7.0,4.0,8.0,19.0,0.0,3.0,0.0,6.0,4.0,1.0,0.17,0.55,0.31,0.0,0.0,0.0,17.66,11.0,10.3,0.14,0.51,0.51,0.66,0.62,0.6,7.34,1.0,0.84,1.1,0.92,5.0,4.0,5.0,14.0,1.0,2.0,0.0,6.0,0.0,3.0,0.09,0.0,0.91,0.0,0.0,1.0,15.48,9.0,9.96,0.1,0.67,0.67,0.43,0.48,0.41,1.48,3.43,41.0,47.0,0.0,0.0,0.0,0.0,0.0,0.0
8480001,2025,Urho Vaakanainen,NYR,D,5on5,1,1052.0,19.0,0.17,0.51,0.39,0.58,0.44,0.55,0.44,4.0,1.4,0.04,0.06,0.35,0.04,0.81,0.71,0.04,0.04,0.04,0.0,0.0,1.0,1.0,3.0,5.0,0.0,0.0,1.0,0.0,0.0,0.0,0.0,1.0,1.0,2.0,0.0,0.0,0.0,1.0,0.0,1.0,2.0,0.0,0.0,0.04,0.0,0.0,0.0,0.0,0.0,4.68,2.0,1.89,0.0,0.01,0.31,0.0,0.05,0.04,0.04,19.0,0.0,3.0,1.0,15.0,2.0,2.0,0.0,15.0,0.0,0.0,2165.0,0.0,0.0,0.0,0.0,8.63,1.02,0.98,0.96,0.92,7.0,4.0,8.0,19.0,0.0,3.0,0.0,6.0,4.0,1.0,0.17,0.55,0.31,0.0,0.0,0.0,17.66,11.0,10.3,0.14,0.51,0.51,0.66,0.62,0.6,7.34,1.0,0.84,1.1,0.92,5.0,4.0,5.0,14.0,1.0,2.0,0.0,6.0,0.0,3.0,0.09,0.0,0.91,0.0,0.0,1.0,15.48,9.0,9.96,0.1,0.67,0.67,0.43,0.48,0.41,1.29,2.02,35.0,44.0,0.03,0.0,4.0,0.0,2.0,0.0
8480001,2025,Urho Vaakanainen,NYR,D,4on5,1,3.0,1.0,0.17,0.0,0.0,0.0,0.0,0.0,0.0,5.0,0.0,0.0,0.0,0.0,0.0,0.0,0.0,0.0,0.0,0.0,0.0,0.0,0.0,0.0,0.0,0.0,0.0,0.0,0.0,0.0,0.0,0.0,0.0,0.0,0.0,0.0,0.0,0.0,0.0,0.0,0.0,0.0,0.0,0.0,0.0,0.0,0.0,0.0,0.0,0.0,0.0,0.0,0.0,0.0,0.0,0.0,0.0,0.0,0.0,0.0,0.0,1.0,0.0,0.0,0.0,1.0,0.0,0.0,0.0,1.0,0.0,0.0,117.0,0.0,0.0,0.0,0.0,0.0,0.0,0.0,0.0,0.0,0.0,0.0,0.0,0.0,0.0,0.0,0.0,0.0,0.0,0.0,0.0,0.0,0.0,0.0,0.0,0.0,0.0,0.0,0.0,0.0,0.0,0.0,0.0,0.0,0.0,0.0,0.0,0.0,0.0,0.0,0.0,0.0,0.0,0.0,0.0,0.0,0.0,0.0,0.0,0.0,0.0,0.0,0.0,0.0,0.0,0.0,0.0,0.0,0.0,0.0,0.0,0.0,0.0,0.0,0.0,0.0,0.0,0.0,1.0,0.0,0.0,0.0,0.0,0.0,0.0
8480001,2025,Urho Vaakanainen,NYR,D,5on4,1,0.0,0.0,0.0,0.0,0.0,0.0,0.0,0.0,0.0,0.0,0.0,0.0,0.0,0.0,0.0,0.0,0.0,0.0,0.0,0.0,0.0,0.0,0.0,0.0,0.0,0.0,0.0,0.0,0.0,0.0,0.0,0.0,0.0,0.0,0.0,0.0,0.0,0.0,0.0,0.0,0.0,0.0,0.0,0.0,0.0,0.0,0.0,0.0,0.0,0.0,0.0,0.0,0.0,0.0,0.0,0.0,0.0,0.0,0.0,0.0,0.0,0.0,0.0,0.0,0.0,0.0,0.0,0.0,0.0,0.0,0.0,0.0,0.0,0.0,0.0,0.0,0.0,0.0,0.0,0.0,0.0,0.0,0.0,0.0,0.0,0.0,0.0,0.0,0.0,0.0,0.0,0.0,0.0,0.0,0.0,0.0,0.0,0.0,0.0,0.0,0.0,0.0,0.0,0.0,0.0,0.0,0.0,0.0,0.0,0.0,0.0,0.0,0.0,0.0,0.0,0.0,0.0,0.0,0.0,0.0,0.0,0.0,0.0,0.0,0.0,0.0,0.0,0.0,0.0,0.0,0.0,0.0,0.0,0.0,0.0,0.0,0.0,0.0,0.0,0.0,0.0,0.0,0.0,0.0,0.0,0.0,0.0
8477495,2025,Seth Jones,FLA,D,other,1,0.0,0.0,0.0,0.0,0.0,0.0,0.0,0.0,0.0,0.0,0.0,0.0,0.0,0.0,0.0,0.0,0.0,0.0,0.0,0.0,0.0,0.0,0.0,0.0,0.0,0.0,0.0,0.0,0.0,0.0,0.0,0.0,0.0,0.0,0.0,0.0,0.0,0.0,0.0,0.0,0.0,0.0,0.0,0.0,0.0,0.0,0.0,0.0,0.0,0.0,0.0,0.0,0.0,0.0,0.0,0.0,0.0,0.0,0.0,0.0,0.0,0.0,0.0,0.0,0.0,0.0,0.0,0.0,0.0,0.0,0.0,0.0,0.0,0.0,0.0,0.0,0.0,0.0,0.0,0.0,0.0,0.0,0.0,0.0,0.0,0.0,0.0,0.0,0.0,0.0,0.0,0.0,0.0,0.0,0.0,0.0,0.0,0.0,0.0,0.0,0.0,0.0,0.0,0.0,0.0,0.0,0.0,0.0,0.0,0.0,0.0,0.0,0.0,0.0,0.0,0.0,0.0,0.0,0.0,0.0,0.0,0.0,0.0,0.0,0.0,0.0,0.0,0.0,0.0,0.0,0.0,0.0,0.0,0.0,0.0,0.0,0.0,0.0,0.0,0.0,0.0,0.0,0.0,0.0,0.0,0.0,0.0
8477495,2025,Seth Jones,FLA,D,all,1,1349.0,29.0,-0.03,0.67,0.77,0.53,0.63,0.59,0.63,3.0,1.24,0.04,0.09,0.36,0.04,0.9,0.56,0.04,0.04,0.04,0.0,0.0,1.0,1.0,1.0,3.0,0.0,0.0,0.0,0.0,1.0,0.0,1.0,0.0,1.0,2.0,1.0,2.0,0.0,0.0,0.0,1.0,2.0,0.0,0.0,0.04,0.0,0.0,0.0,0.0,0.0,2.97,2.0,1.94,1.0,0.02,0.0,0.0,0.06,0.06,0.06,29.0,5.0,4.0,6.0,14.0,4.0,4.0,3.0,18.0,0.0,0.0,2251.0,2.0,0.0,0.0,2.0,15.39,1.78,1.71,1.75,1.68,13.0,7.0,9.0,29.0,0.0,1.0,0.0,13.0,5.0,2.0,0.42,0.83,0.53,0.0,0.0,0.0,28.76,20.0,19.9,0.26,0.26,0.26,1.77,1.74,1.71,10.33,0.87,0.86,0.9,0.9,8.0,6.0,12.0,26.0,1.0,1.0,0.0,10.0,3.0,1.0,0.28,0.36,0.23,0.0,1.0,0.0,26.57,14.0,14.27,0.12,0.23,0.23,0.76,0.8,0.8,2.36,0.72,40.0,24.0,0.0,0.0,0.0,0.0,0.0,0.0
8477495,2025,Seth Jones,FLA,D,5on5,1,1105.0,27.0,-0.03,0.58,0.76,0.52,0.65,0.54,0.66,3.0,1.24,0.04,0.09,0.36,0.04,0.9,0.56,0.04,0.04,0.04,0.0,0.0,1.0,1.0,1.0,3.0,0.0,0.0,0.0,0.0,1.0,0.0,1.0,0.0,1.0,2.0,1.0,2.0,0.0,0.0,0.0,1.0,2.0,0.0,0.0,0.04,0.0,0.0,0.0,0.0,0.0,2.97,2.0,1.94,1.0,0.02,0.0,0.0,0.06,0.06,0.06,27.0,5.0,3.0,5.0,14.0,4.0,2.0,3.0,18.0,0.0,0.0,1857.0,2.0,0.0,0.0,2.0,11.63,1.19,1.17,1.16,1.14,9.0,6.0,8.0,23.0,0.0,0.0,0.0,10.0,4.0,1.0,0.27,0.66,0.26,0.0,0.0,0.0,22.76,15.0,14.9,0.18,0.0,0.0,1.36,1.33,1.31,9.64,0.86,0.86,0.9,0.89,8.0,5.0,8.0,21.0,1.0,1.0,0.0,9.0,3.0,1.0,0.27,0.36,0.23,0.0,1.0,0.0,21.57,13.0,13.27,0.1,0.23,0.23,0.74,0.78,0.77,1.99,0.61,36.0,19.0,0.18,0.0,2.0,0.0,2.0,0.0
8477495,2025,Seth Jones,FLA,D,4on5,1,107.0,2.0,-0.03,0.0,0.91,0.0,0.5,0.0,0.5,4.0,0.0,0.0,0.0,0.0,0.0,0.0,0.0,0.0,0.0,0.0,0.0,0.0,0.0,0.0,0.0,0.0,0.0,0.0,0.0,0.0,0.0,0.0,0.0,0.0,0.0,0.0,0.0,0.0,0.0,0.0,0.0,0.0,0.0,0.0,0.0,0.0,0.0,0.0,0.0,0.0,0.0,0.0,0.0,0.0,0.0,0.0,0.0,0.0,0.0,0.0,0.0,2.0,0.0,1.0,1.0,0.0,0.0,2.0,0.0,0.0,0.0,0.0,253.0,0.0,0.0,0.0,0.0,0.0,0.0,0.0,0.0,0.0,0.0,0.0,0.0,0.0,0.0,0.0,0.0,0.0,0.0,0.0,0.0,0.0,0.0,0.0,0.0,0.0,0.0,0.0,0.0,0.0,0.0,0.0,0.0,0.0,0.0,0.7,0.01,0.01,0.01,0.01,0.0,1.0,4.0,5.0,0.0,0.0,0.0,1.0,0.0,0.0,0.01,0.0,0.0,0.0,0.0,0.0,5.0,1.0,1.0,0.02,0.0,0.0,0.02,0.02,0.02,0.23,0.02,2.0,2.0,0.0,0.0,0.0,0.0,0.0,0.0
8477495,2025,Seth Jones,FLA,D,5on4,1,137.0,0.0,-0.03,1.0,1.0,1.0,1.0,1.0,1.0,2.0,0.0,0.0,0.0,0.0,0.0,0.0,0.0,0.0,0.0,0.0,0.0,0.0,0.0,0.0,0.0,0.0,0.0,0.0,0.0,0.0,0.0,0.0,0.0,0.0,0.0,0.0,0.0,0.0,0.0,0.0,0.0,0.0,0.0,0.0,0.0,0.0,0.0,0.0,0.0,0.0,0.0,0.0,0.0,0.0,0.0,0.0,0.0,0.0,0.0,0.0,0.0,0.0,0.0,0.0,0.0,0.0,0.0,0.0,0.0,0.0,0.0,0.0,85.0,0.0,0.0,0.0,0.0,3.77,0.59,0.54,0.59,0.54,4.0,1.0,1.0,6.0,0.0,1.0,0.0,3.0,1.0,1.0,0.15,0.17,0.26,0.0,0.0,0.0,6.0,5.0,5.0,0.08,0.26,0.26,0.4,0.4,0.4,0.0,0.0,0.0,0.0,0.0,0.0,0.0,0.0,0.0,0.0,0.0,0.0,0.0,0.0,0.0,0.0,0.0,0.0,0.0,0.0,0.0,0.0,0.0,0.0,0.0,0.0,0.0,0.0,0.0,0.0,0.14,0.0,2.0,0.0,0.0,0.0,0.0,0.0,0.0,0.0
8477492,2025,Nathan MacKinnon,COL,C,other,1,7.0,1.0,1.19,0.0,0.0,0.0,0.0,0.0,0.0,9.0,0.0,0.0,0.0,0.0,0.0,0.0,0.0,0.0,0.0,0.0,0.0,0.0,0.0,0.0,0.0,0.0,0.0,0.0,0.0,0.0,0.0,0.0,0.0,0.0,0.0,0.0,0.0,0.0,0.0,0.0,0.0,0.0,0.0,0.0,0.0,0.0,0.0,0.0,0.0,0.0,0.0,0.0,0.0,0.0,0.0,0.0,0.0,0.0,0.0,0.0,0.0,1.0,0.0,0.0,0.0,1.0,1.0,0.0,0.0,0.0,0.0,0.0,184.0,0.0,0.0,0.0,0.0,0.0,0.0,0.0,0.0,0.0,0.0,0.0,0.0,0.0,0.0,0.0,0.0,0.0,0.0,0.0,0.0,0.0,0.0,0.0,0.0,0.0,0.0,0.0,0.0,0.0,0.0,0.0,0.0,0.0,0.0,0.0,0.0,0.0,0.0,0.0,0.0,0.0,0.0,0.0,0.0,0.0,0.0,0.0,0.0,0.0,0.0,0.0,0.0,0.0,0.0,0.0,0.0,0.0,0.0,0.0,0.0,0.0,0.0,0.0,0.0,0.0,0.55,0.0,10.0,0.0,0.0,0.0,0.0,0.0,0.0
8477492,2025,Nathan MacKinnon,COL,C,all,1,1247.0,22.0,1.19,0.65,0.25,0.47,0.41,0.52,0.4,4.0,3.1,0.31,0.19,0.8,0.11,1.6,0.98,0.31,0.33,0.33,1.0,1.0,2.0,2.0,2.0,6.0,2.0,0.0,0.0,0.0,1.0,0.0,1.0,2.0,2.0,4.0,1.0,2.0,7.0,0.0,0.0,5.0,2.0,2.0,0.0,0.07,0.25,0.0,0.0,0.0,0.0,6.2,4.0,4.16,2.0,0.04,0.0,0.0,0.36,0.37,0.37,22.0,5.0,3.0,5.0,9.0,3.0,3.0,5.0,11.0,7.0,8.0,2353.0,2.0,0.0,0.0,1.0,10.68,1.48,1.46,1.58,1.56,10.0,4.0,2.0,16.0,3.0,1.0,1.0,7.0,5.0,2.0,0.11,0.65,0.72,0.0,1.0,2.0,17.13,14.0,14.92,0.19,0.23,0.23,1.43,1.51,1.51,9.29,0.78,0.77,0.71,0.69,7.0,6.0,5.0,18.0,0.0,1.0,0.0,11.0,1.0,1.0,0.38,0.16,0.24,0.0,0.0,0.0,16.21,13.0,11.91,0.13,0.24,0.24,0.67,0.61,0.61,0.61,1.82,33.0,48.0,0.0,0.0,0.0,0.0,0.0,0.0
8477492,2025,Nathan MacKinnon,COL,C,5on5,1,756.0,15.0,1.19,0.55,0.43,0.36,0.49,0.41,0.52,3.0,2.35,0.3,0.14,0.65,0.09,1.08,0.74,0.3,0.31,0.31,1.0,1.0,1.0,2.0,1.0,4.0,2.0,0.0,0.0,0.0,0.0,0.0,1.0,2.0,1.0,3.0,1.0,2.0,6.0,0.0,0.0,4.0,1.0,2.0,0.0,0.05,0.25,0.0,0.0,0.0,0.0,4.2,3.0,3.16,1.0,0.03,0.0,0.0,0.33,0.35,0.35,15.0,1.0,3.0,3.0,8.0,1.0,3.0,1.0,10.0,6.0,5.0,1712.0,2.0,0.0,0.0,1.0,7.1,0.95,0.93,1.05,1.03,6.0,3.0,1.0,10.0,2.0,1.0,1.0,3.0,5.0,1.0,0.07,0.65,0.23,0.0,1.0,1.0,11.13,9.0,9.92,0.12,0.23,0.23,0.84,0.92,0.91,9.29,0.78,0.77,0.71,0.69,7.0,6.0,5.0,18.0,0.0,1.0,0.0,11.0,1.0,1.0,0.38,0.16,0.24,0.0,0.0,0.0,16.21,13.0,11.91,0.13,0.24,0.24,0.67,0.61,0.61,0.6,0.79,29.0,30.0,0.0,0.02,0.0,1.0,0.0,1.0
8477492,2025,Nathan MacKinnon,COL,C,4on5,1,0.0,0.0,0.0,0.0,0.0,0.0,0.0,0.0,0.0,0.0,0.0,0.0,0.0,0.0,0.0,0.0,0.0,0.0,0.0,0.0,0.0,0.0,0.0,0.0,0.0,0.0,0.0,0.0,0.0,0.0,0.0,0.0,0.0,0.0,0.0,0.0,0.0,0.0,0.0,0.0,0.0,0.0,0.0,0.0,0.0,0.0,0.0,0.0,0.0,0.0,0.0,0.0,0.0,0.0,0.0,0.0,0.0,0.0,0.0,0.0,0.0,0.0,0.0,0.0,0.0,0.0,0.0,0.0,0.0,0.0,0.0,0.0,0.0,0.0,0.0,0.0,0.0,0.0,0.0,0.0,0.0,0.0,0.0,0.0,0.0,0.0,0.0,0.0,0.0,0.0,0.0,0.0,0.0,0.0,0.0,0.0,0.0,0.0,0.0,0.0,0.0,0.0,0.0,0.0,0.0,0.0,0.0,0.0,0.0,0.0,0.0,0.0,0.0,0.0,0.0,0.0,0.0,0.0,0.0,0.0,0.0,0.0,0.0,0.0,0.0,0.0,0.0,0.0,0.0,0.0,0.0,0.0,0.0,0.0,0.0,0.0,0.0,0.0,0.0,0.0,0.0,0.0,0.0,0.0,0.0,0.0,0.0
8477492,2025,Nathan MacKinnon,COL,C,5on4,1,484.0,6.0,1.19,1.0,1.0,1.0,1.0,1.0,1.0,2.0,0.75,0.01,0.05,0.15,0.02,0.53,0.24,0.01,0.01,0.01,0.0,0.0,1.0,0.0,1.0,2.0,0.0,0.0,0.0,0.0,1.0,0.0,0.0,0.0,1.0,1.0,0.0,0.0,1.0,0.0,0.0,1.0,1.0,0.0,0.0,0.01,0.0,0.0,0.0,0.0,0.0,2.0,1.0,1.0,1.0,0.01,0.0,0.0,0.03,0.03,0.03,6.0,4.0,0.0,2.0,0.0,1.0,0.0,4.0,1.0,1.0,0.0,121.0,0.0,0.0,0.0,0.0,3.58,0.53,0.53,0.53,0.53,4.0,1.0,1.0,6.0,1.0,0.0,0.0,4.0,0.0,1.0,0.04,0.0,0.48,0.0,0.0,1.0,6.0,5.0,5.0,0.07,0.0,0.0,0.6,0.6,0.6,0.0,0.0,0.0,0.0,0.0,0.0,0.0,0.0,0.0,0.0,0.0,0.0,0.0,0.0,0.0,0.0,0.0,0.0,0.0,0.0,0.0,0.0,0.0,0.0,0.0,0.0,0.0,0.0,0.0,0.0,0.02,0.0,4.0,0.0,0.0,0.0,0.0,0.0,0.0,0.0
8478882,2025,Vladislav Gavrikov,NYR,D,other,1,0.0,0.0,0.0,0.0,0.0,0.0,0.0,0.0,0.0,0.0,0.0,0.0,0.0,0.0,0.0,0.0,0.0,0.0,0.0,0.0,0.0,0.0,0.0,0.0,0.0,0.0,0.0,0.0,0.0,0.0,0.0,0.0,0.0,0.0,0.0,0.0,0.0,0.0,0.0,0.0,0.0,0.0,0.0,0.0,0.0,0.0,0.0,0.0,0.0,0.0,0.0,0.0,0.0,0.0,0.0,0.0,0.0,0.0,0.0,0.0,0.0,0.0,0.0,0.0,0.0,0.0,0.0,0.0,0.0,0.0,0.0,0.0,0.0,0.0,0.0,0.0,0.0,0.0,0.0,0.0,0.0,0.0,0.0,0.0,0.0,0.0,0.0,0.0,0.0,0.0,0.0,0.0,0.0,0.0,0.0,0.0,0.0,0.0,0.0,0.0,0.0,0.0,0.0,0.0,0.0,0.0,0.0,0.0,0.0,0.0,0.0,0.0,0.0,0.0,0.0,0.0,0.0,0.0,0.0,0.0,0.0,0.0,0.0,0.0,0.0,0.0,0.0,0.0,0.0,0.0,0.0,0.0,0.0,0.0,0.0,0.0,0.0,0.0,0.0,0.0,0.0,0.0,0.0,0.0,0.0,0.0,0.0
8478882,2025,Vladislav Gavrikov,NYR,D,all,1,1250.0,26.0,-0.4,0.29,0.39,0.38,0.55,0.37,0.54,2.0,0.0,0.0,0.0,0.0,0.0,0.0,0.0,0.0,0.0,0.0,0.0,0.0,0.0,0.0,1.0,1.0,0.0,0.0,0.0,0.0,0.0,0.0,0.0,0.0,0.0,0.0,0.0,0.0,0.0,1.0,0.0,2.0,0.0,0.0,0.0,0.0,0.0,0.0,0.0,0.0,0.0,0.92,0.0,0.0,2.0,0.0,0.0,0.0,0.0,0.0,0.0,26.0,4.0,4.0,2.0,16.0,2.0,3.0,2.0,19.0,0.0,0.0,2350.0,0.0,0.0,0.0,1.0,6.86,0.48,0.48,0.46,0.46,3.0,7.0,4.0,14.0,0.0,0.0,0.0,6.0,4.0,0.0,0.09,0.39,0.0,0.0,0.0,0.0,13.03,10.0,9.38,0.09,0.0,0.0,0.57,0.54,0.54,13.35,1.21,1.18,1.29,1.25,14.0,3.0,6.0,23.0,0.0,2.0,0.0,12.0,4.0,1.0,0.47,0.47,0.26,0.0,0.0,0.0,24.59,17.0,18.08,0.22,0.25,0.25,1.18,1.26,1.23,2.02,3.22,46.0,38.0,0.0,0.0,0.0,0.0,0.0,0.0
8478882,2025,Vladislav Gavrikov,NYR,D,5on5,1,1165.0,24.0,-0.4,0.29,0.5,0.38,0.53,0.37,0.53,1.0,0.0,0.0,0.0,0.0,0.0,0.0,0.0,0.0,0.0,0.0,0.0,0.0,0.0,0.0,1.0,1.0,0.0,0.0,0.0,0.0,0.0,0.0,0.0,0.0,0.0,0.0,0.0,0.0,0.0,1.0,0.0,2.0,0.0,0.0,0.0,0.0,0.0,0.0,0.0,0.0,0.0,0.92,0.0,0.0,2.0,0.0,0.0,0.0,0.0,0.0,0.0,24.0,4.0,4.0,2.0,14.0,2.0,3.0,2.0,17.0,0.0,0.0,2052.0,0.0,0.0,0.0,1.0,6.86,0.48,0.48,0.46,0.46,3.0,7.0,4.0,14.0,0.0,0.0,0.0,6.0,4.0,0.0,0.09,0.39,0.0,0.0,0.0,0.0,13.03,10.0,9.38,0.09,0.0,0.0,0.57,0.54,0.54,13.35,1.21,1.18,1.29,1.25,14.0,3.0,6.0,23.0,0.0,2.0,0.0,12.0,4.0,1.0,0.47,0.47,0.26,0.0,0.0,0.0,24.59,17.0,18.08,0.22,0.25,0.25,1.18,1.26,1.23,1.83,1.81,40.0,35.0,0.04,0.0,3.0,0.0,2.0,0.0
8478882,2025,Vladislav Gavrikov,NYR,D,4on5,1,85.0,2.0,-0.4,0.0,0.0,0.0,0.0,0.0,0.0,1.0,0.0,0.0,0.0,0.0,0.0,0.0,0.0,0.0,0.0,0.0,0.0,0.0,0.0,0.0,0.0,0.0,0.0,0.0,0.0,0.0,0.0,0.0,0.0,0.0,0.0,0.0,0.0,0.0,0.0,0.0,0.0,0.0,0.0,0.0,0.0,0.0,0.0,0.0,0.0,0.0,0.0,0.0,0.0,0.0,0.0,0.0,0.0,0.0,0.0,0.0,0.0,2.0,0.0,0.0,0.0,2.0,0.0,0.0,0.0,2.0,0.0,0.0,35.0,0.0,0.0,0.0,0.0,0.0,0.0,0.0,0.0,0.0,0.0,0.0,0.0,0.0,0.0,0.0,0.0,0.0,0.0,0.0,0.0,0.0,0.0,0.0,0.0,0.0,0.0,0.0,0.0,0.0,0.0,0.0,0.0,0.0,0.0,0.0,0.0,0.0,0.0,0.0,0.0,0.0,0.0,0.0,0.0,0.0,0.0,0.0,0.0,0.0,0.0,0.0,0.0,0.0,0.0,0.0,0.0,0.0,0.0,0.0,0.0,0.0,0.0,0.0,0.0,0.0,0.0,0.0,1.0,0.0,0.0,0.0,0.0,0.0,0.0
8478882,2025,Vladislav Gavrikov,NYR,D,5on4,1,0.0,0.0,0.0,0.0,0.0,0.0,0.0,0.0,0.0,0.0,0.0,0.0,0.0,0.0,0.0,0.0,0.0,0.0,0.0,0.0,0.0,0.0,0.0,0.0,0.0,0.0,0.0,0.0,0.0,0.0,0.0,0.0,0.0,0.0,0.0,0.0,0.0,0.0,0.0,0.0,0.0,0.0,0.0,0.0,0.0,0.0,0.0,0.0,0.0,0.0,0.0,0.0,0.0,0.0,0.0,0.0,0.0,0.0,0.0,0.0,0.0,0.0,0.0,0.0,0.0,0.0,0.0,0.0,0.0,0.0,0.0,0.0,0.0,0.0,0.0,0.0,0.0,0.0,0.0,0.0,0.0,0.0,0.0,0.0,0.0,0.0,0.0,0.0,0.0,0.0,0.0,0.0,0.0,0.0,0.0,0.0,0.0,0.0,0.0,0.0,0.0,0.0,0.0,0.0,0.0,0.0,0.0,0.0,0.0,0.0,0.0,0.0,0.0,0.0,0.0,0.0,0.0,0.0,0.0,0.0,0.0,0.0,0.0,0.0,0.0,0.0,0.0,0.0,0.0,0.0,0.0,0.0,0.0,0.0,0.0,0.0,0.0,0.0,0.0,0.0,0.0,0.0,0.0,0.0,0.0,0.0,0.0
8476312,2025,Josh Manson,COL,D,other,1,76.0,1.0,0.05,0.0,0.0,0.0,0.0,0.0,0.0,3.0,0.0,0.0,0.0,0.0,0.0,0.0,0.0,0.0,0.0,0.0,0.0,0.0,0.0,0.0,0.0,0.0,0.0,0.0,0.0,0.0,0.0,0.0,0.0,0.0,0.0,0.0,1.0,2.0,0.0,1.0,0.0,0.0,0.0,0.0,0.0,0.0,0.0,0.0,0.0,0.0,0.0,0.0,0.0,0.0,0.0,0.0,0.0,0.0,0.0,0.0,0.0,1.0,0.0,0.0,0.0,1.0,1.0,0.0,0.0,0.0,0.0,0.0,115.0,2.0,0.0,0.0,0.0,0.0,0.0,0.0,0.0,0.0,0.0,0.0,0.0,0.0,0.0,0.0,0.0,0.0,0.0,0.0,0.0,0.0,0.0,0.0,0.0,0.0,0.0,0.0,0.0,0.0,0.0,0.0,0.0,0.0,0.0,2.06,0.17,0.17,0.17,0.17,2.0,1.0,1.0,4.0,0.0,0.0,0.0,3.0,0.0,0.0,0.17,0.0,0.0,0.0,0.0,0.0,4.0,3.0,3.0,0.07,0.0,0.0,0.24,0.24,0.24,0.0,0.38,0.0,6.0,0.0,0.0,0.0,0.0,0.0,0.0
8476312,2025,Josh Manson,COL,D,all,1,1058.0,20.0,0.05,0.33,0.48,0.37,0.45,0.38,0.46,5.0,0.0,0.0,0.0,0.0,0.0,0.0,0.0,0.0,0.0,0.0,0.0,0.0,0.0,0.0,1.0,1.0,0.0,0.0,0.0,0.0,0.0,0.0,0.0,0.0,0.0,0.0,2.0,7.0,0.0,6.0,0.0,1.0,0.0,0.0,0.0,0.0,0.0,0.0,0.0,0.0,0.0,1.03,0.0,0.0,1.0,0.0,0.0,0.0,0.0,0.0,0.0,20.0,0.0,4.0,1.0,15.0,6.0,5.0,0.0,9.0,0.0,0.0,2542.0,7.0,5.0,1.0,1.0,5.41,0.33,0.33,0.36,0.35,5.0,3.0,5.0,13.0,1.0,0.0,0.0,7.0,1.0,0.0,0.24,0.09,0.0,1.0,0.0,0.0,14.27,8.0,8.74,0.07,0.0,0.0,0.4,0.44,0.43,8.66,0.68,0.66,0.66,0.64,8.0,5.0,9.0,22.0,0.0,0.0,0.0,10.0,3.0,0.0,0.36,0.31,0.0,0.0,0.0,0.0,20.78,13.0,12.48,0.18,0.0,0.0,0.86,0.83,0.82,1.76,1.93,36.0,44.0,0.0,0.0,0.0,0.0,0.0,0.0
8476312,2025,Josh Manson,COL,D,5on5,1,780.0,15.0,0.05,0.59,0.48,0.5,0.43,0.53,0.45,5.0,0.0,0.0,0.0,0.0,0.0,0.0,0.0,0.0,0.0,0.0,0.0,0.0,0.0,0.0,1.0,1.0,0.0,0.0,0.0,0.0,0.0,0.0,0.0,0.0,0.0,0.0,1.0,5.0,0.0,3.0,0.0,1.0,0.0,0.0,0.0,0.0,0.0,0.0,0.0,0.0,0.0,1.03,0.0,0.0,1.0,0.0,0.0,0.0,0.0,0.0,0.0,15.0,0.0,1.0,1.0,13.0,5.0,3.0,0.0,7.0,0.0,0.0,1688.0,5.0,5.0,1.0,1.0,5.41,0.33,0.33,0.36,0.35,5.0,3.0,5.0,13.0,1.0,0.0,0.0,7.0,1.0,0.0,0.24,0.09,0.0,1.0,0.0,0.0,14.27,8.0,8.74,0.07,0.0,0.0,0.4,0.44,0.43,4.85,0.23,0.23,0.21,0.21,4.0,3.0,6.0,13.0,0.0,0.0,0.0,6.0,1.0,0.0,0.12,0.11,0.0,0.0,0.0,0.0,11.78,7.0,6.48,0.07,0.0,0.0,0.29,0.27,0.27,1.22,1.35,26.0,35.0,0.02,0.0,1.0,0.0,1.0,0.0
8476312,2025,Josh Manson,COL,D,4on5,1,202.0,4.0,0.05,0.0,0.0,0.0,0.0,0.0,0.0,1.0,0.0,0.0,0.0,0.0,0.0,0.0,0.0,0.0,0.0,0.0,0.0,0.0,0.0,0.0,0.0,0.0,0.0,0.0,0.0,0.0,0.0,0.0,0.0,0.0,0.0,0.0,0.0,0.0,0.0,2.0,0.0,0.0,0.0,0.0,0.0,0.0,0.0,0.0,0.0,0.0,0.0,0.0,0.0,0.0,0.0,0.0,0.0,0.0,0.0,0.0,0.0,4.0,0.0,3.0,0.0,1.0,0.0,2.0,0.0,2.0,0.0,0.0,134.0,0.0,0.0,0.0,0.0,0.0,0.0,0.0,0.0,0.0,0.0,0.0,0.0,0.0,0.0,0.0,0.0,0.0,0.0,0.0,0.0,0.0,0.0,0.0,0.0,0.0,0.0,0.0,0.0,0.0,0.0,0.0,0.0,0.0,0.0,1.76,0.27,0.26,0.27,0.26,2.0,1.0,2.0,5.0,0.0,0.0,0.0,1.0,2.0,0.0,0.07,0.2,0.0,0.0,0.0,0.0,5.0,3.0,3.0,0.05,0.0,0.0,0.32,0.32,0.31,0.0,0.2,0.0,3.0,0.0,0.0,0.0,0.0,0.0,0.0
8476312,2025,Josh Manson,COL,D,5on4,1,0.0,0.0,0.0,0.0,0.0,0.0,0.0,0.0,0.0,0.0,0.0,0.0,0.0,0.0,0.0,0.0,0.0,0.0,0.0,0.0,0.0,0.0,0.0,0.0,0.0,0.0,0.0,0.0,0.0,0.0,0.0,0.0,0.0,0.0,0.0,0.0,0.0,0.0,0.0,0.0,0.0,0.0,0.0,0.0,0.0,0.0,0.0,0.0,0.0,0.0,0.0,0.0,0.0,0.0,0.0,0.0,0.0,0.0,0.0,0.0,0.0,0.0,0.0,0.0,0.0,0.0,0.0,0.0,0.0,0.0,0.0,0.0,0.0,0.0,0.0,0.0,0.0,0.0,0.0,0.0,0.0,0.0,0.0,0.0,0.0,0.0,0.0,0.0,0.0,0.0,0.0,0.0,0.0,0.0,0.0,0.0,0.0,0.0,0.0,0.0,0.0,0.0,0.0,0.0,0.0,0.0,0.0,0.0,0.0,0.0,0.0,0.0,0.0,0.0,0.0,0.0,0.0,0.0,0.0,0.0,0.0,0.0,0.0,0.0,0.0,0.0,0.0,0.0,0.0,0.0,0.0,0.0,0.0,0.0,0.0,0.0,0.0,0.0,0.0,0.0,0.0,0.0,0.0,0.0,0.0,0.0,0.0
8484783,2025,Artyom Levshunov,CHI,D,other,1,0.0,0.0,0.0,0.0,0.0,0.0,0.0,0.0,0.0,0.0,0.0,0.0,0.0,0.0,0.0,0.0,0.0,0.0,0.0,0.0,0.0,0.0,0.0,0.0,0.0,0.0,0.0,0.0,0.0,0.0,0.0,0.0,0.0,0.0,0.0,0.0,0.0,0.0,0.0,0.0,0.0,0.0,0.0,0.0,0.0,0.0,0.0,0.0,0.0,0.0,0.0,0.0,0.0,0.0,0.0,0.0,0.0,0.0,0.0,0.0,0.0,0.0,0.0,0.0,0.0,0.0,0.0,0.0,0.0,0.0,0.0,0.0,0.0,0.0,0.0,0.0,0.0,0.0,0.0,0.0,0.0,0.0,0.0,0.0,0.0,0.0,0.0,0.0,0.0,0.0,0.0,0.0,0.0,0.0,0.0,0.0,0.0,0.0,0.0,0.0,0.0,0.0,0.0,0.0,0.0,0.0,0.0,0.0,0.0,0.0,0.0,0.0,0.0,0.0,0.0,0.0,0.0,0.0,0.0,0.0,0.0,0.0,0.0,0.0,0.0,0.0,0.0,0.0,0.0,0.0,0.0,0.0,0.0,0.0,0.0,0.0,0.0,0.0,0.0,0.0,0.0,0.0,0.0,0.0,0.0,0.0,0.0
8484783,2025,Artyom Levshunov,CHI,D,all,1,996.0,23.0,0.1,0.44,0.24,0.59,0.37,0.53,0.35,5.0,1.42,0.02,0.06,0.39,0.04,0.83,0.65,0.02,0.02,0.02,0.0,0.0,2.0,0.0,1.0,3.0,0.0,0.0,1.0,0.0,1.0,0.0,0.0,0.0,2.0,2.0,2.0,4.0,0.0,2.0,0.0,4.0,2.0,0.0,0.0,0.02,0.0,0.0,0.0,0.0,0.0,2.95,2.0,1.93,0.0,0.01,0.23,0.0,0.04,0.04,0.04,23.0,2.0,3.0,3.0,15.0,3.0,6.0,3.0,11.0,0.0,0.0,2604.0,4.0,0.0,0.0,0.0,6.67,0.5,0.49,0.52,0.51,7.0,2.0,7.0,16.0,1.0,1.0,0.0,7.0,1.0,1.0,0.14,0.13,0.23,0.0,1.0,0.0,16.2,9.0,9.12,0.08,0.23,0.23,0.35,0.37,0.37,6.23,0.64,0.62,0.63,0.62,5.0,3.0,3.0,11.0,0.0,0.0,0.0,6.0,1.0,1.0,0.19,0.18,0.26,0.0,0.0,0.0,10.95,8.0,8.04,0.1,0.0,0.0,0.74,0.73,0.71,1.09,3.5,34.0,58.0,0.0,0.0,0.0,0.0,0.0,0.0
8484783,2025,Artyom Levshunov,CHI,D,5on5,1,894.0,20.0,0.1,0.43,0.28,0.54,0.36,0.5,0.36,6.0,1.42,0.02,0.06,0.39,0.04,0.83,0.65,0.02,0.02,0.02,0.0,0.0,2.0,0.0,0.0,2.0,0.0,0.0,1.0,0.0,1.0,0.0,0.0,0.0,2.0,2.0,2.0,4.0,0.0,2.0,0.0,3.0,2.0,0.0,0.0,0.02,0.0,0.0,0.0,0.0,0.0,1.95,2.0,1.93,0.0,0.01,0.23,0.0,0.04,0.04,0.04,20.0,1.0,3.0,2.0,14.0,2.0,6.0,3.0,9.0,0.0,0.0,2068.0,4.0,0.0,0.0,0.0,5.83,0.48,0.48,0.5,0.5,6.0,2.0,5.0,13.0,1.0,1.0,0.0,6.0,1.0,1.0,0.12,0.13,0.23,0.0,1.0,0.0,13.2,8.0,8.12,0.06,0.23,0.23,0.31,0.33,0.33,6.23,0.64,0.62,0.63,0.62,5.0,3.0,3.0,11.0,0.0,0.0,0.0,6.0,1.0,1.0,0.19,0.18,0.26,0.0,0.0,0.0,10.95,8.0,8.04,0.1,0.0,0.0,0.74,0.73,0.71,0.99,2.54,27.0,48.0,0.06,0.0,2.0,0.0,2.0,0.0
8484783,2025,Artyom Levshunov,CHI,D,4on5,1,0.0,0.0,0.0,0.0,0.0,0.0,0.0,0.0,0.0,0.0,0.0,0.0,0.0,0.0,0.0,0.0,0.0,0.0,0.0,0.0,0.0,0.0,0.0,0.0,0.0,0.0,0.0,0.0,0.0,0.0,0.0,0.0,0.0,0.0,0.0,0.0,0.0,0.0,0.0,0.0,0.0,0.0,0.0,0.0,0.0,0.0,0.0,0.0,0.0,0.0,0.0,0.0,0.0,0.0,0.0,0.0,0.0,0.0,0.0,0.0,0.0,0.0,0.0,0.0,0.0,0.0,0.0,0.0,0.0,0.0,0.0,0.0,0.0,0.0,0.0,0.0,0.0,0.0,0.0,0.0,0.0,0.0,0.0,0.0,0.0,0.0,0.0,0.0,0.0,0.0,0.0,0.0,0.0,0.0,0.0,0.0,0.0,0.0,0.0,0.0,0.0,0.0,0.0,0.0,0.0,0.0,0.0,0.0,0.0,0.0,0.0,0.0,0.0,0.0,0.0,0.0,0.0,0.0,0.0,0.0,0.0,0.0,0.0,0.0,0.0,0.0,0.0,0.0,0.0,0.0,0.0,0.0,0.0,0.0,0.0,0.0,0.0,0.0,0.0,0.0,0.0,0.0,0.0,0.0,0.0,0.0,0.0
8484783,2025,Artyom Levshunov,CHI,D,5on4,1,102.0,3.0,0.1,1.0,0.05,1.0,0.67,1.0,0.5,2.0,0.0,0.0,0.0,0.0,0.0,0.0,0.0,0.0,0.0,0.0,0.0,0.0,0.0,0.0,1.0,1.0,0.0,0.0,0.0,0.0,0.0,0.0,0.0,0.0,0.0,0.0,0.0,0.0,0.0,0.0,0.0,1.0,0.0,0.0,0.0,0.0,0.0,0.0,0.0,0.0,0.0,1.0,0.0,0.0,0.0,0.0,0.0,0.0,0.0,0.0,0.0,3.0,1.0,0.0,1.0,1.0,1.0,0.0,0.0,2.0,0.0,0.0,258.0,0.0,0.0,0.0,0.0,0.84,0.02,0.02,0.02,0.02,1.0,0.0,2.0,3.0,0.0,0.0,0.0,1.0,0.0,0.0,0.02,0.0,0.0,0.0,0.0,0.0,3.0,1.0,1.0,0.02,0.0,0.0,0.04,0.04,0.04,0.0,0.0,0.0,0.0,0.0,0.0,0.0,0.0,0.0,0.0,0.0,0.0,0.0,0.0,0.0,0.0,0.0,0.0,0.0,0.0,0.0,0.0,0.0,0.0,0.0,0.0,0.0,0.0,0.0,0.0,0.01,0.23,4.0,2.0,0.0,0.0,0.0,0.0,0.0,0.0
8482176,2025,Wyatt Kaiser,CHI,D,other,1,0.0,0.0,0.0,0.0,0.0,0.0,0.0,0.0,0.0,0.0,0.0,0.0,0.0,0.0,0.0,0.0,0.0,0.0,0.0,0.0,0.0,0.0,0.0,0.0,0.0,0.0,0.0,0.0,0.0,0.0,0.0,0.0,0.0,0.0,0.0,0.0,0.0,0.0,0.0,0.0,0.0,0.0,0.0,0.0,0.0,0.0,0.0,0.0,0.0,0.0,0.0,0.0,0.0,0.0,0.0,0.0,0.0,0.0,0.0,0.0,0.0,0.0,0.0,0.0,0.0,0.0,0.0,0.0,0.0,0.0,0.0,0.0,0.0,0.0,0.0,0.0,0.0,0.0,0.0,0.0,0.0,0.0,0.0,0.0,0.0,0.0,0.0,0.0,0.0,0.0,0.0,0.0,0.0,0.0,0.0,0.0,0.0,0.0,0.0,0.0,0.0,0.0,0.0,0.0,0.0,0.0,0.0,0.0,0.0,0.0,0.0,0.0,0.0,0.0,0.0,0.0,0.0,0.0,0.0,0.0,0.0,0.0,0.0,0.0,0.0,0.0,0.0,0.0,0.0,0.0,0.0,0.0,0.0,0.0,0.0,0.0,0.0,0.0,0.0,0.0,0.0,0.0,0.0,0.0,0.0,0.0,0.0
8482176,2025,Wyatt Kaiser,CHI,D,all,1,994.0,23.0,0.6,0.29,0.27,0.5,0.39,0.45,0.37,6.0,2.14,0.26,0.11,0.58,0.08,1.16,0.81,0.25,0.26,0.25,0.0,0.0,2.0,1.0,2.0,5.0,0.0,0.0,0.0,0.0,1.0,0.0,2.0,0.0,2.0,3.0,0.0,0.0,0.0,4.0,0.0,0.0,2.0,0.0,1.0,0.03,0.0,0.23,0.0,0.0,0.0,5.05,3.0,3.02,0.0,0.02,0.0,0.23,0.05,0.05,0.05,23.0,2.0,3.0,2.0,16.0,2.0,6.0,4.0,11.0,0.0,0.0,2606.0,0.0,0.0,0.0,1.0,7.21,0.52,0.51,0.54,0.53,6.0,4.0,5.0,15.0,1.0,1.0,0.0,8.0,1.0,1.0,0.16,0.13,0.23,0.0,1.0,0.0,15.27,10.0,10.18,0.08,0.23,0.23,0.36,0.39,0.39,9.4,1.28,1.22,1.28,1.21,8.0,4.0,3.0,15.0,1.0,1.0,0.0,7.0,3.0,2.0,0.26,0.5,0.53,0.0,1.0,0.0,14.98,12.0,12.04,0.17,0.26,0.26,1.19,1.18,1.15,1.07,2.86,35.0,54.0,0.0,0.0,0.0,0.0,0.0,0.0
8482176,2025,Wyatt Kaiser,CHI,D,5on5,1,901.0,19.0,0.6,0.45,0.27,0.6,0.34,0.56,0.33,5.0,2.14,0.26,0.11,0.58,0.08,1.16,0.81,0.25,0.26,0.25,0.0,0.0,2.0,1.0,2.0,5.0,0.0,0.0,0.0,0.0,1.0,0.0,2.0,0.0,2.0,3.0,0.0,0.0,0.0,4.0,0.0,0.0,2.0,0.0,1.0,0.03,0.0,0.23,0.0,0.0,0.0,5.05,3.0,3.02,0.0,0.02,0.0,0.23,0.05,0.05,0.05,19.0,1.0,3.0,2.0,13.0,2.0,5.0,3.0,9.0,0.0,0.0,2061.0,0.0,0.0,0.0,1.0,7.21,0.52,0.51,0.54,0.53,6.0,4.0,5.0,15.0,1.0,1.0,0.0,8.0,1.0,1.0,0.16,0.13,0.23,0.0,1.0,0.0,15.27,10.0,10.18,0.08,0.23,0.23,0.36,0.39,0.39,6.23,0.64,0.62,0.63,0.62,5.0,3.0,2.0,10.0,0.0,0.0,0.0,6.0,1.0,1.0,0.19,0.18,0.26,0.0,0.0,0.0,9.98,8.0,8.04,0.1,0.0,0.0,0.74,0.73,0.71,0.96,2.54,25.0,49.0,0.02,0.0,1.0,0.0,1.0,0.0
8482176,2025,Wyatt Kaiser,CHI,D,4on5,1,89.0,3.0,0.6,0.0,0.0,0.0,0.0,0.0,0.0,4.0,0.0,0.0,0.0,0.0,0.0,0.0,0.0,0.0,0.0,0.0,0.0,0.0,0.0,0.0,0.0,0.0,0.0,0.0,0.0,0.0,0.0,0.0,0.0,0.0,0.0,0.0,0.0,0.0,0.0,0.0,0.0,0.0,0.0,0.0,0.0,0.0,0.0,0.0,0.0,0.0,0.0,0.0,0.0,0.0,0.0,0.0,0.0,0.0,0.0,0.0,0.0,3.0,0.0,0.0,0.0,3.0,0.0,1.0,1.0,1.0,0.0,0.0,133.0,0.0,0.0,0.0,0.0,0.0,0.0,0.0,0.0,0.0,0.0,0.0,0.0,0.0,0.0,0.0,0.0,0.0,0.0,0.0,0.0,0.0,0.0,0.0,0.0,0.0,0.0,0.0,0.0,0.0,0.0,0.0,0.0,0.0,0.0,3.18,0.64,0.6,0.64,0.6,3.0,1.0,1.0,5.0,1.0,1.0,0.0,1.0,2.0,1.0,0.07,0.31,0.26,0.0,1.0,0.0,5.0,4.0,4.0,0.07,0.26,0.26,0.45,0.45,0.44,0.0,0.09,0.0,3.0,0.0,0.0,0.0,0.0,0.0,0.0
8482176,2025,Wyatt Kaiser,CHI,D,5on4,1,4.0,1.0,0.6,0.0,0.11,0.0,0.78,0.0,0.6,3.0,0.0,0.0,0.0,0.0,0.0,0.0,0.0,0.0,0.0,0.0,0.0,0.0,0.0,0.0,0.0,0.0,0.0,0.0,0.0,0.0,0.0,0.0,0.0,0.0,0.0,0.0,0.0,0.0,0.0,0.0,0.0,0.0,0.0,0.0,0.0,0.0,0.0,0.0,0.0,0.0,0.0,0.0,0.0,0.0,0.0,0.0,0.0,0.0,0.0,0.0,0.0,1.0,1.0,0.0,0.0,0.0,0.0,0.0,0.0,1.0,0.0,0.0,356.0,0.0,0.0,0.0,0.0,0.0,0.0,0.0,0.0,0.0,0.0,0.0,0.0,0.0,0.0,0.0,0.0,0.0,0.0,0.0,0.0,0.0,0.0,0.0,0.0,0.0,0.0,0.0,0.0,0.0,0.0,0.0,0.0,0.0,0.0,0.0,0.0,0.0,0.0,0.0,0.0,0.0,0.0,0.0,0.0,0.0,0.0,0.0,0.0,0.0,0.0,0.0,0.0,0.0,0.0,0.0,0.0,0.0,0.0,0.0,0.0,0.0,0.0,0.0,0.0,0.03,0.23,7.0,2.0,0.0,0.0,0.0,0.0,0.0,0.0
8479638,2025,Justin Brazeau,PIT,R,other,1,11.0,0.0,2.25,1.0,1.0,1.0,0.5,1.0,1.0,6.0,0.95,0.95,0.01,0.01,0.0,0.02,0.01,0.95,0.95,0.95,0.0,0.0,1.0,0.0,0.0,1.0,1.0,1.0,0.0,0.0,0.0,0.0,0.0,0.0,0.0,0.0,0.0,0.0,0.0,0.0,0.0,0.0,0.0,0.0,1.0,0.0,0.0,0.95,0.0,0.0,1.0,1.0,1.0,1.0,0.0,0.0,0.0,0.0,0.96,0.96,0.96,0.0,0.0,0.0,0.0,0.0,0.0,0.0,0.0,0.0,0.0,0.0,12.0,0.0,0.0,0.0,0.0,0.95,0.95,0.95,0.95,0.95,1.0,0.0,0.0,1.0,1.0,0.0,0.0,0.0,0.0,1.0,0.0,0.0,0.95,0.0,0.0,1.0,1.0,1.0,1.0,0.0,0.0,0.0,0.96,0.96,0.96,0.0,0.0,0.0,0.0,0.0,0.0,0.0,0.0,0.0,0.0,0.0,0.0,0.0,0.0,0.0,0.0,0.0,0.0,0.0,0.0,0.0,0.0,0.0,0.0,0.0,0.0,0.0,0.0,0.0,0.0,0.46,0.0,1.0,1.0,0.0,0.0,0.0,0.0,0.0,0.0
8479638,2025,Justin Brazeau,PIT,R,all,1,769.0,18.0,2.25,0.82,0.5,0.58,0.48,0.58,0.49,11.0,7.23,2.2,0.54,1.6,0.19,2.14,1.33,2.03,2.31,2.12,0.0,0.0,6.0,2.0,0.0,8.0,2.0,2.0,2.0,0.0,1.0,0.0,2.0,1.0,4.0,6.0,0.0,0.0,0.0,4.0,0.0,0.0,1.0,3.0,4.0,0.02,0.32,1.86,0.0,0.0,2.0,8.58,8.0,8.56,0.0,0.12,0.33,0.78,1.53,1.58,1.52,18.0,3.0,0.0,0.0,15.0,2.0,1.0,2.0,13.0,0.0,0.0,2831.0,0.0,0.0,0.0,0.0,11.47,2.5,2.27,2.63,2.38,11.0,3.0,5.0,19.0,2.0,4.0,0.0,6.0,4.0,4.0,0.17,0.46,1.86,0.0,0.0,2.0,20.61,14.0,15.16,0.17,0.93,0.93,1.74,1.81,1.67,7.81,0.56,0.56,0.53,0.52,7.0,3.0,4.0,14.0,0.0,1.0,0.0,7.0,3.0,0.0,0.18,0.38,0.0,0.0,0.0,0.0,13.09,10.0,9.38,0.12,0.12,0.12,0.55,0.52,0.52,1.94,1.94,42.0,46.0,0.0,0.0,0.0,0.0,0.0,0.0
8479638,2025,Justin Brazeau,PIT,R,5on5,1,722.0,17.0,2.25,0.73,0.46,0.55,0.51,0.57,0.51,9.0,6.28,1.24,0.53,1.59,0.19,2.13,1.32,1.07,1.35,1.17,0.0,0.0,5.0,2.0,0.0,7.0,1.0,1.0,2.0,0.0,1.0,0.0,2.0,1.0,4.0,6.0,0.0,0.0,0.0,4.0,0.0,0.0,1.0,3.0,3.0,0.02,0.32,0.91,0.0,0.0,1.0,7.58,7.0,7.56,0.0,0.12,0.33,0.78,0.58,0.63,0.56,17.0,2.0,0.0,0.0,15.0,2.0,1.0,2.0,12.0,0.0,0.0,2495.0,0.0,0.0,0.0,0.0,10.52,1.54,1.31,1.68,1.43,10.0,3.0,4.0,17.0,1.0,4.0,0.0,6.0,4.0,3.0,0.17,0.46,0.91,0.0,0.0,1.0,18.61,13.0,14.16,0.17,0.93,0.93,0.78,0.85,0.71,7.81,0.56,0.56,0.53,0.52,7.0,3.0,4.0,14.0,0.0,1.0,0.0,7.0,3.0,0.0,0.18,0.38,0.0,0.0,0.0,0.0,13.09,10.0,9.38,0.12,0.12,0.12,0.55,0.52,0.52,1.48,1.76,41.0,40.0,0.0,0.0,0.0,0.0,0.0,0.0
8479638,2025,Justin Brazeau,PIT,R,4on5,1,0.0,0.0,0.0,0.0,0.0,0.0,0.0,0.0,0.0,0.0,0.0,0.0,0.0,0.0,0.0,0.0,0.0,0.0,0.0,0.0,0.0,0.0,0.0,0.0,0.0,0.0,0.0,0.0,0.0,0.0,0.0,0.0,0.0,0.0,0.0,0.0,0.0,0.0,0.0,0.0,0.0,0.0,0.0,0.0,0.0,0.0,0.0,0.0,0.0,0.0,0.0,0.0,0.0,0.0,0.0,0.0,0.0,0.0,0.0,0.0,0.0,0.0,0.0,0.0,0.0,0.0,0.0,0.0,0.0,0.0,0.0,0.0,0.0,0.0,0.0,0.0,0.0,0.0,0.0,0.0,0.0,0.0,0.0,0.0,0.0,0.0,0.0,0.0,0.0,0.0,0.0,0.0,0.0,0.0,0.0,0.0,0.0,0.0,0.0,0.0,0.0,0.0,0.0,0.0,0.0,0.0,0.0,0.0,0.0,0.0,0.0,0.0,0.0,0.0,0.0,0.0,0.0,0.0,0.0,0.0,0.0,0.0,0.0,0.0,0.0,0.0,0.0,0.0,0.0,0.0,0.0,0.0,0.0,0.0,0.0,0.0,0.0,0.0,0.0,0.0,0.0,0.0,0.0,0.0,0.0,0.0,0.0
8479638,2025,Justin Brazeau,PIT,R,5on4,1,36.0,1.0,2.25,0.0,0.0,1.0,0.0,0.0,0.0,7.0,0.0,0.0,0.0,0.0,0.0,0.0,0.0,0.0,0.0,0.0,0.0,0.0,0.0,0.0,0.0,0.0,0.0,0.0,0.0,0.0,0.0,0.0,0.0,0.0,0.0,0.0,0.0,0.0,0.0,0.0,0.0,0.0,0.0,0.0,0.0,0.0,0.0,0.0,0.0,0.0,0.0,0.0,0.0,0.0,0.0,0.0,0.0,0.0,0.0,0.0,0.0,1.0,1.0,0.0,0.0,0.0,0.0,0.0,0.0,1.0,0.0,0.0,84.0,0.0,0.0,0.0,0.0,0.0,0.0,0.0,0.0,0.0,0.0,0.0,1.0,1.0,0.0,0.0,0.0,0.0,0.0,0.0,0.0,0.0,0.0,0.0,0.0,0.0,1.0,0.0,0.0,0.0,0.0,0.0,0.0,0.0,0.0,0.0,0.0,0.0,0.0,0.0,0.0,0.0,0.0,0.0,0.0,0.0,0.0,0.0,0.0,0.0,0.0,0.0,0.0,0.0,0.0,0.0,0.0,0.0,0.0,0.0,0.0,0.0,0.0,0.0,0.0,0.0,0.0,0.0,0.0,0.0,0.0,0.0,0.0,0.0,0.0
8480980,2025,Connor Dewar,PIT,C,other,1,12.0,0.0,0.4,1.0,1.0,0.5,1.0,1.0,1.0,3.0,0.0,0.0,0.0,0.0,0.0,0.0,0.0,0.0,0.0,0.0,0.0,1.0,0.0,0.0,0.0,0.0,1.0,0.0,0.0,0.0,0.0,0.0,0.0,0.0,0.0,0.0,0.0,0.0,0.0,0.0,0.0,0.0,0.0,0.0,0.0,0.0,0.0,0.0,0.0,0.0,0.0,0.0,0.0,0.0,0.0,0.0,0.0,0.0,0.0,0.0,0.0,0.0,0.0,0.0,0.0,0.0,0.0,0.0,0.0,0.0,0.0,0.0,11.0,0.0,0.0,0.0,1.0,0.48,0.46,0.46,0.46,0.46,1.0,0.0,0.0,1.0,1.0,0.0,0.0,0.0,0.0,1.0,0.0,0.0,0.46,0.0,0.0,1.0,1.0,1.0,1.0,0.01,0.0,0.0,0.46,0.46,0.46,0.0,0.0,0.0,0.0,0.0,0.0,0.0,1.0,1.0,0.0,0.0,0.0,0.0,0.0,0.0,0.0,0.0,0.0,0.0,0.0,0.0,1.0,0.0,0.0,0.0,0.0,0.0,0.0,0.0,0.0,0.95,0.0,1.0,0.0,0.0,0.0,0.0,0.0,0.0,0.0
8480980,2025,Connor Dewar,PIT,C,all,1,851.0,23.0,0.4,0.51,0.67,0.35,0.55,0.39,0.56,7.0,0.73,0.06,0.04,0.17,0.02,0.42,0.29,0.06,0.06,0.06,0.0,1.0,0.0,1.0,2.0,3.0,1.0,0.0,0.0,0.0,0.0,0.0,0.0,1.0,0.0,1.0,0.0,0.0,0.0,4.0,0.0,0.0,1.0,0.0,0.0,0.06,0.0,0.0,0.0,0.0,0.0,3.17,1.0,1.1,0.0,0.01,0.0,0.0,0.07,0.07,0.07,23.0,0.0,5.0,4.0,14.0,4.0,2.0,3.0,14.0,0.0,0.0,2749.0,0.0,0.0,0.0,2.0,5.12,0.77,0.77,0.8,0.8,5.0,2.0,2.0,9.0,1.0,0.0,0.0,5.0,1.0,1.0,0.18,0.14,0.46,0.0,0.0,1.0,9.68,7.0,7.6,0.07,0.0,0.0,0.84,0.88,0.88,7.98,0.73,0.71,0.69,0.68,8.0,3.0,6.0,17.0,0.0,1.0,0.0,9.0,1.0,1.0,0.25,0.17,0.31,0.0,0.0,0.0,16.11,11.0,10.41,0.12,0.31,0.31,0.54,0.51,0.5,3.66,1.78,52.0,43.0,0.0,0.0,0.0,0.0,0.0,0.0
8480980,2025,Connor Dewar,PIT,C,5on5,1,679.0,18.0,0.4,0.34,0.61,0.38,0.55,0.4,0.56,10.0,0.73,0.06,0.04,0.17,0.02,0.42,0.29,0.06,0.06,0.06,0.0,0.0,0.0,1.0,2.0,3.0,0.0,0.0,0.0,0.0,0.0,0.0,0.0,1.0,0.0,1.0,0.0,0.0,0.0,4.0,0.0,0.0,1.0,0.0,0.0,0.06,0.0,0.0,0.0,0.0,0.0,3.17,1.0,1.1,0.0,0.01,0.0,0.0,0.07,0.07,0.07,18.0,0.0,3.0,3.0,12.0,4.0,0.0,3.0,11.0,0.0,0.0,2538.0,0.0,0.0,0.0,1.0,4.64,0.31,0.31,0.34,0.34,4.0,2.0,2.0,8.0,0.0,0.0,0.0,5.0,1.0,0.0,0.18,0.14,0.0,0.0,0.0,0.0,8.68,6.0,6.6,0.06,0.0,0.0,0.38,0.41,0.41,6.57,0.6,0.58,0.56,0.55,6.0,3.0,4.0,13.0,0.0,1.0,0.0,7.0,1.0,1.0,0.12,0.17,0.31,0.0,0.0,0.0,12.12,9.0,8.41,0.1,0.31,0.31,0.38,0.35,0.35,2.71,1.72,50.0,41.0,0.0,0.0,0.0,1.0,0.0,0.0
8480980,2025,Connor Dewar,PIT,C,4on5,1,159.0,4.0,0.4,0.0,0.0,0.0,0.0,0.0,0.0,1.0,0.0,0.0,0.0,0.0,0.0,0.0,0.0,0.0,0.0,0.0,0.0,0.0,0.0,0.0,0.0,0.0,0.0,0.0,0.0,0.0,0.0,0.0,0.0,0.0,0.0,0.0,0.0,0.0,0.0,0.0,0.0,0.0,0.0,0.0,0.0,0.0,0.0,0.0,0.0,0.0,0.0,0.0,0.0,0.0,0.0,0.0,0.0,0.0,0.0,0.0,0.0,4.0,0.0,2.0,1.0,1.0,0.0,2.0,0.0,2.0,0.0,0.0,81.0,0.0,0.0,0.0,0.0,0.0,0.0,0.0,0.0,0.0,0.0,0.0,0.0,0.0,0.0,0.0,0.0,0.0,0.0,0.0,0.0,0.0,0.0,0.0,0.0,0.0,0.0,0.0,0.0,0.0,0.0,0.0,0.0,0.0,0.0,1.41,0.13,0.13,0.13,0.13,2.0,0.0,1.0,3.0,0.0,0.0,0.0,2.0,0.0,0.0,0.13,0.0,0.0,0.0,0.0,0.0,3.0,2.0,2.0,0.02,0.0,0.0,0.15,0.15,0.15,0.0,0.06,0.0,2.0,0.0,0.0,0.0,0.0,0.0,0.0
8480980,2025,Connor Dewar,PIT,C,5on4,1,1.0,1.0,0.4,0.0,0.0,0.0,1.0,0.0,0.0,9.0,0.0,0.0,0.0,0.0,0.0,0.0,0.0,0.0,0.0,0.0,0.0,0.0,0.0,0.0,0.0,0.0,0.0,0.0,0.0,0.0,0.0,0.0,0.0,0.0,0.0,0.0,0.0,0.0,0.0,0.0,0.0,0.0,0.0,0.0,0.0,0.0,0.0,0.0,0.0,0.0,0.0,0.0,0.0,0.0,0.0,0.0,0.0,0.0,0.0,0.0,0.0,1.0,0.0,0.0,0.0,1.0,0.0,0.0,0.0,1.0,0.0,0.0,119.0,0.0,0.0,0.0,0.0,0.0,0.0,0.0,0.0,0.0,0.0,0.0,0.0,0.0,0.0,0.0,0.0,0.0,0.0,0.0,0.0,0.0,0.0,0.0,0.0,0.0,0.0,0.0,0.0,0.0,0.0,0.0,0.0,0.0,0.0,0.0,0.0,0.0,0.0,0.0,0.0,0.0,0.0,0.0,0.0,0.0,0.0,0.0,0.0,0.0,0.0,0.0,0.0,0.0,0.0,0.0,0.0,0.0,0.0,0.0,0.0,0.0,0.0,0.0,0.0,0.0,0.0,1.0,0.0,0.0,0.0,0.0,0.0,0.0,0.0
8479675,2025,Trevor Moore,LAK,L,other,1,31.0,1.0,0.53,1.0,1.0,1.0,1.0,1.0,1.0,10.0,0.0,0.0,0.0,0.0,0.0,0.0,0.0,0.0,0.0,0.0,0.0,0.0,0.0,0.0,0.0,0.0,0.0,0.0,0.0,0.0,0.0,0.0,0.0,0.0,0.0,0.0,0.0,0.0,0.0,0.0,0.0,0.0,0.0,0.0,0.0,0.0,0.0,0.0,0.0,0.0,0.0,0.0,0.0,0.0,0.0,0.0,0.0,0.0,0.0,0.0,0.0,1.0,1.0,0.0,0.0,0.0,0.0,1.0,0.0,0.0,0.0,0.0,160.0,0.0,0.0,0.0,0.0,0.85,0.07,0.07,0.07,0.07,1.0,0.0,1.0,2.0,0.0,0.0,0.0,1.0,0.0,0.0,0.07,0.0,0.0,0.0,0.0,0.0,2.0,1.0,1.0,0.03,0.0,0.0,0.09,0.09,0.09,0.0,0.0,0.0,0.0,0.0,0.0,0.0,0.0,0.0,0.0,0.0,0.0,0.0,0.0,0.0,0.0,0.0,0.0,0.0,0.0,0.0,0.0,0.0,0.0,0.0,0.0,0.0,0.0,0.0,0.0,0.48,0.0,8.0,0.0,0.0,0.0,0.0,0.0,0.0,0.0
8479675,2025,Trevor Moore,LAK,L,all,1,917.0,21.0,0.53,0.44,0.62,0.63,0.56,0.56,0.56,7.0,2.93,0.2,0.18,0.89,0.11,1.55,1.06,0.2,0.19,0.19,0.0,0.0,3.0,1.0,0.0,4.0,0.0,0.0,0.0,0.0,1.0,0.0,1.0,2.0,3.0,4.0,0.0,0.0,0.0,1.0,1.0,2.0,3.0,1.0,0.0,0.04,0.16,0.0,0.0,0.0,0.0,3.67,4.0,3.71,0.0,0.04,0.0,0.0,0.24,0.22,0.22,21.0,6.0,1.0,5.0,9.0,1.0,6.0,3.0,11.0,0.0,0.0,2683.0,0.0,0.0,0.0,0.0,7.24,0.7,0.68,0.63,0.62,5.0,5.0,7.0,17.0,0.0,1.0,0.0,8.0,1.0,1.0,0.29,0.16,0.24,0.0,0.0,0.0,15.48,10.0,9.2,0.12,0.24,0.24,0.57,0.53,0.53,5.71,0.9,0.9,0.94,0.94,6.0,2.0,2.0,10.0,2.0,0.0,0.0,5.0,2.0,1.0,0.11,0.31,0.48,0.0,1.0,1.0,10.57,8.0,8.47,0.08,0.0,0.0,0.98,1.02,1.02,1.9,1.19,49.0,39.0,0.0,0.0,0.0,0.0,0.0,0.0
8479675,2025,Trevor Moore,LAK,L,5on5,1,647.0,15.0,0.53,0.61,0.45,0.71,0.5,0.64,0.49,7.0,2.93,0.2,0.18,0.89,0.11,1.55,1.06,0.2,0.19,0.19,0.0,0.0,3.0,1.0,0.0,4.0,0.0,0.0,0.0,0.0,1.0,0.0,1.0,2.0,3.0,4.0,0.0,0.0,0.0,1.0,1.0,1.0,3.0,1.0,0.0,0.04,0.16,0.0,0.0,0.0,0.0,3.67,4.0,3.71,0.0,0.04,0.0,0.0,0.24,0.22,0.22,15.0,5.0,0.0,2.0,8.0,1.0,3.0,0.0,11.0,0.0,0.0,1821.0,0.0,0.0,0.0,0.0,6.39,0.63,0.61,0.57,0.55,4.0,5.0,6.0,15.0,0.0,1.0,0.0,7.0,1.0,1.0,0.23,0.16,0.24,0.0,0.0,0.0,13.48,9.0,8.2,0.09,0.24,0.24,0.48,0.43,0.43,3.38,0.4,0.4,0.44,0.44,4.0,1.0,1.0,6.0,1.0,0.0,0.0,3.0,2.0,0.0,0.09,0.31,0.0,0.0,1.0,0.0,6.57,5.0,5.47,0.04,0.0,0.0,0.45,0.49,0.49,0.94,1.15,33.0,33.0,0.0,0.0,0.0,1.0,0.0,0.0
8479675,2025,Trevor Moore,LAK,L,4on5,1,239.0,5.0,0.53,0.0,0.0,0.0,0.0,0.0,0.0,2.0,0.0,0.0,0.0,0.0,0.0,0.0,0.0,0.0,0.0,0.0,0.0,0.0,0.0,0.0,0.0,0.0,0.0,0.0,0.0,0.0,0.0,0.0,0.0,0.0,0.0,0.0,0.0,0.0,0.0,0.0,0.0,1.0,0.0,0.0,0.0,0.0,0.0,0.0,0.0,0.0,0.0,0.0,0.0,0.0,0.0,0.0,0.0,0.0,0.0,0.0,0.0,5.0,0.0,1.0,3.0,1.0,0.0,2.0,3.0,0.0,0.0,0.0,366.0,0.0,0.0,0.0,0.0,0.0,0.0,0.0,0.0,0.0,0.0,0.0,0.0,0.0,0.0,0.0,0.0,0.0,0.0,0.0,0.0,0.0,0.0,0.0,0.0,0.0,0.0,0.0,0.0,0.0,0.0,0.0,0.0,0.0,0.0,2.33,0.5,0.5,0.5,0.5,2.0,1.0,1.0,4.0,1.0,0.0,0.0,2.0,0.0,1.0,0.02,0.0,0.48,0.0,0.0,1.0,4.0,3.0,3.0,0.04,0.0,0.0,0.54,0.54,0.54,0.0,0.04,0.0,6.0,0.0,0.0,0.0,0.0,0.0,0.0
8479675,2025,Trevor Moore,LAK,L,5on4,1,0.0,0.0,0.0,0.0,0.0,0.0,0.0,0.0,0.0,0.0,0.0,0.0,0.0,0.0,0.0,0.0,0.0,0.0,0.0,0.0,0.0,0.0,0.0,0.0,0.0,0.0,0.0,0.0,0.0,0.0,0.0,0.0,0.0,0.0,0.0,0.0,0.0,0.0,0.0,0.0,0.0,0.0,0.0,0.0,0.0,0.0,0.0,0.0,0.0,0.0,0.0,0.0,0.0,0.0,0.0,0.0,0.0,0.0,0.0,0.0,0.0,0.0,0.0,0.0,0.0,0.0,0.0,0.0,0.0,0.0,0.0,0.0,0.0,0.0,0.0,0.0,0.0,0.0,0.0,0.0,0.0,0.0,0.0,0.0,0.0,0.0,0.0,0.0,0.0,0.0,0.0,0.0,0.0,0.0,0.0,0.0,0.0,0.0,0.0,0.0,0.0,0.0,0.0,0.0,0.0,0.0,0.0,0.0,0.0,0.0,0.0,0.0,0.0,0.0,0.0,0.0,0.0,0.0,0.0,0.0,0.0,0.0,0.0,0.0,0.0,0.0,0.0,0.0,0.0,0.0,0.0,0.0,0.0,0.0,0.0,0.0,0.0,0.0,0.0,0.0,0.0,0.0,0.0,0.0,0.0,0.0,0.0
8485414,2025,Ben Kindel,PIT,C,other,1,0.0,0.0,0.0,0.0,0.0,0.0,0.0,0.0,0.0,0.0,0.0,0.0,0.0,0.0,0.0,0.0,0.0,0.0,0.0,0.0,0.0,0.0,0.0,0.0,0.0,0.0,0.0,0.0,0.0,0.0,0.0,0.0,0.0,0.0,0.0,0.0,0.0,0.0,0.0,0.0,0.0,0.0,0.0,0.0,0.0,0.0,0.0,0.0,0.0,0.0,0.0,0.0,0.0,0.0,0.0,0.0,0.0,0.0,0.0,0.0,0.0,0.0,0.0,0.0,0.0,0.0,0.0,0.0,0.0,0.0,0.0,0.0,0.0,0.0,0.0,0.0,0.0,0.0,0.0,0.0,0.0,0.0,0.0,0.0,0.0,0.0,0.0,0.0,0.0,0.0,0.0,0.0,0.0,0.0,0.0,0.0,0.0,0.0,0.0,0.0,0.0,0.0,0.0,0.0,0.0,0.0,0.0,0.0,0.0,0.0,0.0,0.0,0.0,0.0,0.0,0.0,0.0,0.0,0.0,0.0,0.0,0.0,0.0,0.0,0.0,0.0,0.0,0.0,0.0,0.0,0.0,0.0,0.0,0.0,0.0,0.0,0.0,0.0,0.0,0.0,0.0,0.0,0.0,0.0,0.0,0.0,0.0
8485414,2025,Ben Kindel,PIT,C,all,1,911.0,17.0,0.26,0.63,0.64,0.56,0.49,0.56,0.51,5.0,0.71,0.06,0.05,0.12,0.02,0.41,0.34,0.06,0.07,0.07,0.0,0.0,1.0,0.0,1.0,2.0,0.0,0.0,0.0,0.0,0.0,0.0,0.0,1.0,1.0,1.0,0.0,0.0,4.0,0.0,0.0,1.0,1.0,0.0,0.0,0.06,0.0,0.0,0.0,0.0,0.0,2.13,1.0,1.1,0.0,0.01,0.0,0.0,0.07,0.08,0.08,17.0,2.0,1.0,1.0,13.0,2.0,1.0,1.0,13.0,4.0,1.0,2689.0,0.0,0.0,0.0,1.0,7.8,0.78,0.76,0.83,0.8,7.0,3.0,5.0,15.0,0.0,1.0,0.0,8.0,1.0,1.0,0.38,0.14,0.26,0.0,0.0,0.0,15.95,10.0,10.59,0.13,0.14,0.14,0.78,0.82,0.8,5.53,0.47,0.44,0.43,0.41,4.0,4.0,4.0,12.0,0.0,2.0,0.0,5.0,3.0,0.0,0.14,0.33,0.0,0.0,0.0,0.0,11.04,8.0,7.39,0.1,0.2,0.2,0.37,0.34,0.34,3.65,2.04,46.0,48.0,0.0,0.0,0.0,0.0,0.0,0.0
8485414,2025,Ben Kindel,PIT,C,5on5,1,878.0,16.0,0.26,0.63,0.55,0.54,0.51,0.56,0.52,3.0,0.71,0.06,0.05,0.12,0.02,0.41,0.34,0.06,0.07,0.07,0.0,0.0,1.0,0.0,1.0,2.0,0.0,0.0,0.0,0.0,0.0,0.0,0.0,1.0,1.0,1.0,0.0,0.0,3.0,0.0,0.0,1.0,1.0,0.0,0.0,0.06,0.0,0.0,0.0,0.0,0.0,2.13,1.0,1.1,0.0,0.01,0.0,0.0,0.07,0.08,0.08,16.0,1.0,1.0,1.0,13.0,2.0,1.0,1.0,12.0,3.0,1.0,2339.0,0.0,0.0,0.0,1.0,7.8,0.78,0.76,0.83,0.8,7.0,3.0,4.0,14.0,0.0,1.0,0.0,8.0,1.0,1.0,0.38,0.14,0.26,0.0,0.0,0.0,14.95,10.0,10.59,0.13,0.14,0.14,0.78,0.82,0.8,5.53,0.47,0.44,0.43,0.41,4.0,4.0,4.0,12.0,0.0,2.0,0.0,5.0,3.0,0.0,0.14,0.33,0.0,0.0,0.0,0.0,11.04,8.0,7.39,0.1,0.2,0.2,0.37,0.34,0.34,2.24,1.85,44.0,42.0,0.0,0.0,0.0,0.0,0.0,0.0
8485414,2025,Ben Kindel,PIT,C,4on5,1,0.0,0.0,0.0,0.0,0.0,0.0,0.0,0.0,0.0,0.0,0.0,0.0,0.0,0.0,0.0,0.0,0.0,0.0,0.0,0.0,0.0,0.0,0.0,0.0,0.0,0.0,0.0,0.0,0.0,0.0,0.0,0.0,0.0,0.0,0.0,0.0,0.0,0.0,0.0,0.0,0.0,0.0,0.0,0.0,0.0,0.0,0.0,0.0,0.0,0.0,0.0,0.0,0.0,0.0,0.0,0.0,0.0,0.0,0.0,0.0,0.0,0.0,0.0,0.0,0.0,0.0,0.0,0.0,0.0,0.0,0.0,0.0,0.0,0.0,0.0,0.0,0.0,0.0,0.0,0.0,0.0,0.0,0.0,0.0,0.0,0.0,0.0,0.0,0.0,0.0,0.0,0.0,0.0,0.0,0.0,0.0,0.0,0.0,0.0,0.0,0.0,0.0,0.0,0.0,0.0,0.0,0.0,0.0,0.0,0.0,0.0,0.0,0.0,0.0,0.0,0.0,0.0,0.0,0.0,0.0,0.0,0.0,0.0,0.0,0.0,0.0,0.0,0.0,0.0,0.0,0.0,0.0,0.0,0.0,0.0,0.0,0.0,0.0,0.0,0.0,0.0,0.0,0.0,0.0,0.0,0.0,0.0
8485414,2025,Ben Kindel,PIT,C,5on4,1,33.0,1.0,0.26,0.0,0.0,1.0,0.0,0.0,0.0,8.0,0.0,0.0,0.0,0.0,0.0,0.0,0.0,0.0,0.0,0.0,0.0,0.0,0.0,0.0,0.0,0.0,0.0,0.0,0.0,0.0,0.0,0.0,0.0,0.0,0.0,0.0,0.0,0.0,1.0,0.0,0.0,0.0,0.0,0.0,0.0,0.0,0.0,0.0,0.0,0.0,0.0,0.0,0.0,0.0,0.0,0.0,0.0,0.0,0.0,0.0,0.0,1.0,1.0,0.0,0.0,0.0,0.0,0.0,0.0,1.0,1.0,0.0,87.0,0.0,0.0,0.0,0.0,0.0,0.0,0.0,0.0,0.0,0.0,0.0,1.0,1.0,0.0,0.0,0.0,0.0,0.0,0.0,0.0,0.0,0.0,0.0,0.0,0.0,1.0,0.0,0.0,0.0,0.0,0.0,0.0,0.0,0.0,0.0,0.0,0.0,0.0,0.0,0.0,0.0,0.0,0.0,0.0,0.0,0.0,0.0,0.0,0.0,0.0,0.0,0.0,0.0,0.0,0.0,0.0,0.0,0.0,0.0,0.0,0.0,0.0,0.0,0.0,0.0,0.0,0.0,0.0,0.0,0.0,0.0,0.0,0.0,0.0
8478859,2025,Niko Mikkola,FLA,D,other,1,0.0,0.0,0.0,0.0,0.0,0.0,0.0,0.0,0.0,0.0,0.0,0.0,0.0,0.0,0.0,0.0,0.0,0.0,0.0,0.0,0.0,0.0,0.0,0.0,0.0,0.0,0.0,0.0,0.0,0.0,0.0,0.0,0.0,0.0,0.0,0.0,0.0,0.0,0.0,0.0,0.0,0.0,0.0,0.0,0.0,0.0,0.0,0.0,0.0,0.0,0.0,0.0,0.0,0.0,0.0,0.0,0.0,0.0,0.0,0.0,0.0,0.0,0.0,0.0,0.0,0.0,0.0,0.0,0.0,0.0,0.0,0.0,0.0,0.0,0.0,0.0,0.0,0.0,0.0,0.0,0.0,0.0,0.0,0.0,0.0,0.0,0.0,0.0,0.0,0.0,0.0,0.0,0.0,0.0,0.0,0.0,0.0,0.0,0.0,0.0,0.0,0.0,0.0,0.0,0.0,0.0,0.0,0.0,0.0,0.0,0.0,0.0,0.0,0.0,0.0,0.0,0.0,0.0,0.0,0.0,0.0,0.0,0.0,0.0,0.0,0.0,0.0,0.0,0.0,0.0,0.0,0.0,0.0,0.0,0.0,0.0,0.0,0.0,0.0,0.0,0.0,0.0,0.0,0.0,0.0,0.0,0.0
8478859,2025,Niko Mikkola,FLA,D,all,1,1274.0,30.0,0.23,0.67,0.75,0.48,0.65,0.52,0.66,4.0,2.21,0.05,0.12,0.6,0.09,1.28,0.86,0.05,0.05,0.05,0.0,0.0,1.0,2.0,1.0,4.0,0.0,0.0,0.0,0.0,1.0,0.0,1.0,1.0,1.0,3.0,0.0,0.0,0.0,0.0,1.0,3.0,3.0,0.0,0.0,0.05,0.0,0.0,0.0,0.0,0.0,3.94,3.0,2.98,2.0,0.02,0.0,0.0,0.07,0.07,0.07,30.0,4.0,4.0,6.0,16.0,6.0,4.0,3.0,17.0,0.0,0.0,2326.0,0.0,0.0,0.0,3.0,11.69,1.34,1.32,1.32,1.3,10.0,5.0,9.0,24.0,0.0,0.0,0.0,9.0,4.0,2.0,0.2,0.66,0.48,0.0,0.0,0.0,23.87,15.0,15.0,0.19,0.0,0.0,1.53,1.5,1.48,10.14,0.67,0.66,0.7,0.7,8.0,6.0,12.0,26.0,1.0,0.0,0.0,11.0,3.0,0.0,0.3,0.36,0.0,0.0,1.0,0.0,26.65,14.0,14.37,0.12,0.0,0.0,0.79,0.83,0.82,2.8,0.92,45.0,24.0,0.0,0.0,0.0,0.0,0.0,0.0
8478859,2025,Niko Mikkola,FLA,D,5on5,1,1113.0,26.0,0.23,0.63,0.71,0.53,0.64,0.54,0.65,1.0,2.21,0.05,0.12,0.6,0.09,1.28,0.86,0.05,0.05,0.05,0.0,0.0,1.0,2.0,1.0,4.0,0.0,0.0,0.0,0.0,1.0,0.0,1.0,1.0,1.0,3.0,0.0,0.0,0.0,0.0,1.0,3.0,3.0,0.0,0.0,0.05,0.0,0.0,0.0,0.0,0.0,3.94,3.0,2.98,2.0,0.02,0.0,0.0,0.07,0.07,0.07,26.0,4.0,3.0,5.0,14.0,6.0,1.0,3.0,16.0,0.0,0.0,1849.0,0.0,0.0,0.0,1.0,10.73,1.12,1.1,1.1,1.08,9.0,5.0,9.0,23.0,0.0,0.0,0.0,9.0,4.0,1.0,0.2,0.66,0.26,0.0,0.0,0.0,22.87,14.0,14.0,0.17,0.0,0.0,1.28,1.26,1.24,8.74,0.65,0.65,0.69,0.69,7.0,5.0,8.0,20.0,1.0,0.0,0.0,9.0,3.0,0.0,0.29,0.36,0.0,0.0,1.0,0.0,20.65,12.0,12.37,0.1,0.0,0.0,0.75,0.79,0.79,2.06,0.82,36.0,20.0,0.26,0.0,4.0,0.0,4.0,0.0
8478859,2025,Niko Mikkola,FLA,D,4on5,1,158.0,3.0,0.23,0.95,0.41,0.14,0.5,0.33,0.5,3.0,0.0,0.0,0.0,0.0,0.0,0.0,0.0,0.0,0.0,0.0,0.0,0.0,0.0,0.0,0.0,0.0,0.0,0.0,0.0,0.0,0.0,0.0,0.0,0.0,0.0,0.0,0.0,0.0,0.0,0.0,0.0,0.0,0.0,0.0,0.0,0.0,0.0,0.0,0.0,0.0,0.0,0.0,0.0,0.0,0.0,0.0,0.0,0.0,0.0,0.0,0.0,3.0,0.0,1.0,1.0,1.0,0.0,2.0,0.0,1.0,0.0,0.0,202.0,0.0,0.0,0.0,0.0,0.95,0.22,0.22,0.22,0.22,1.0,0.0,0.0,1.0,0.0,0.0,0.0,0.0,0.0,1.0,0.0,0.0,0.22,0.0,0.0,0.0,1.0,1.0,1.0,0.02,0.0,0.0,0.24,0.24,0.24,1.4,0.01,0.01,0.01,0.01,1.0,1.0,4.0,6.0,0.0,0.0,0.0,2.0,0.0,0.0,0.01,0.0,0.0,0.0,0.0,0.0,6.0,2.0,2.0,0.02,0.0,0.0,0.04,0.04,0.04,0.01,0.02,1.0,1.0,0.0,0.0,0.0,0.0,0.0,0.0
8478859,2025,Niko Mikkola,FLA,D,5on4,1,3.0,1.0,0.23,0.0,1.0,0.0,1.0,0.0,1.0,5.0,0.0,0.0,0.0,0.0,0.0,0.0,0.0,0.0,0.0,0.0,0.0,0.0,0.0,0.0,0.0,0.0,0.0,0.0,0.0,0.0,0.0,0.0,0.0,0.0,0.0,0.0,0.0,0.0,0.0,0.0,0.0,0.0,0.0,0.0,0.0,0.0,0.0,0.0,0.0,0.0,0.0,0.0,0.0,0.0,0.0,0.0,0.0,0.0,0.0,0.0,0.0,1.0,0.0,0.0,0.0,1.0,0.0,1.0,0.0,0.0,0.0,0.0,219.0,0.0,0.0,0.0,2.0,0.0,0.0,0.0,0.0,0.0,0.0,0.0,0.0,0.0,0.0,0.0,0.0,0.0,0.0,0.0,0.0,0.0,0.0,0.0,0.0,0.0,0.0,0.0,0.0,0.0,0.0,0.0,0.0,0.0,0.0,0.0,0.0,0.0,0.0,0.0,0.0,0.0,0.0,0.0,0.0,0.0,0.0,0.0,0.0,0.0,0.0,0.0,0.0,0.0,0.0,0.0,0.0,0.0,0.0,0.0,0.0,0.0,0.0,0.0,0.0,0.73,0.0,8.0,0.0,0.0,0.0,0.0,0.0,0.0,0.0
8478421,2025,A.J. Greer,FLA,L,other,1,0.0,0.0,0.0,0.0,0.0,0.0,0.0,0.0,0.0,0.0,0.0,0.0,0.0,0.0,0.0,0.0,0.0,0.0,0.0,0.0,0.0,0.0,0.0,0.0,0.0,0.0,0.0,0.0,0.0,0.0,0.0,0.0,0.0,0.0,0.0,0.0,0.0,0.0,0.0,0.0,0.0,0.0,0.0,0.0,0.0,0.0,0.0,0.0,0.0,0.0,0.0,0.0,0.0,0.0,0.0,0.0,0.0,0.0,0.0,0.0,0.0,0.0,0.0,0.0,0.0,0.0,0.0,0.0,0.0,0.0,0.0,0.0,0.0,0.0,0.0,0.0,0.0,0.0,0.0,0.0,0.0,0.0,0.0,0.0,0.0,0.0,0.0,0.0,0.0,0.0,0.0,0.0,0.0,0.0,0.0,0.0,0.0,0.0,0.0,0.0,0.0,0.0,0.0,0.0,0.0,0.0,0.0,0.0,0.0,0.0,0.0,0.0,0.0,0.0,0.0,0.0,0.0,0.0,0.0,0.0,0.0,0.0,0.0,0.0,0.0,0.0,0.0,0.0,0.0,0.0,0.0,0.0,0.0,0.0,0.0,0.0,0.0,0.0,0.0,0.0,0.0,0.0,0.0,0.0,0.0,0.0,0.0
8478421,2025,A.J. Greer,FLA,L,all,1,439.0,13.0,0.93,0.85,0.71,0.42,0.6,0.43,0.63,11.0,0.93,0.24,0.11,0.17,0.03,0.26,0.19,0.24,0.23,0.23,0.0,0.0,1.0,0.0,1.0,2.0,1.0,1.0,0.0,0.0,0.0,0.0,0.0,0.0,0.0,0.0,1.0,5.0,0.0,5.0,0.0,0.0,0.0,0.0,1.0,0.0,0.0,0.24,0.0,0.0,1.0,1.94,1.0,0.97,0.0,0.02,0.0,0.0,0.27,0.26,0.26,13.0,1.0,2.0,1.0,9.0,1.0,1.0,4.0,7.0,0.0,0.0,3161.0,5.0,5.0,1.0,1.0,2.65,0.54,0.54,0.52,0.52,3.0,0.0,2.0,5.0,1.0,0.0,0.0,0.0,2.0,1.0,0.0,0.29,0.24,0.0,0.0,1.0,4.85,3.0,2.98,0.06,0.0,0.0,0.59,0.58,0.58,2.94,0.1,0.1,0.1,0.1,3.0,1.0,3.0,7.0,0.0,0.0,0.0,4.0,0.0,0.0,0.1,0.0,0.0,0.0,0.0,0.0,7.17,4.0,4.06,0.03,0.0,0.0,0.13,0.13,0.13,3.6,1.49,64.0,43.0,0.0,0.0,0.0,0.0,0.0,0.0
8478421,2025,A.J. Greer,FLA,L,5on5,1,400.0,12.0,0.93,0.85,0.66,0.42,0.62,0.43,0.63,11.0,0.93,0.24,0.11,0.17,0.03,0.26,0.19,0.24,0.23,0.23,0.0,0.0,1.0,0.0,1.0,2.0,1.0,1.0,0.0,0.0,0.0,0.0,0.0,0.0,0.0,0.0,1.0,5.0,0.0,5.0,0.0,0.0,0.0,0.0,1.0,0.0,0.0,0.24,0.0,0.0,1.0,1.94,1.0,0.97,0.0,0.02,0.0,0.0,0.27,0.26,0.26,12.0,1.0,2.0,1.0,8.0,1.0,1.0,4.0,6.0,0.0,0.0,2562.0,5.0,5.0,1.0,1.0,2.65,0.54,0.54,0.52,0.52,3.0,0.0,2.0,5.0,1.0,0.0,0.0,0.0,2.0,1.0,0.0,0.29,0.24,0.0,0.0,1.0,4.85,3.0,2.98,0.06,0.0,0.0,0.59,0.58,0.58,2.94,0.1,0.1,0.1,0.1,3.0,1.0,3.0,7.0,0.0,0.0,0.0,4.0,0.0,0.0,0.1,0.0,0.0,0.0,0.0,0.0,7.17,4.0,4.06,0.03,0.0,0.0,0.13,0.13,0.13,2.64,1.38,54.0,33.0,0.0,0.0,0.0,0.0,0.0,0.0
8478421,2025,A.J. Greer,FLA,L,4on5,1,39.0,1.0,0.93,0.0,0.89,0.0,0.22,0.0,0.4,7.0,0.0,0.0,0.0,0.0,0.0,0.0,0.0,0.0,0.0,0.0,0.0,0.0,0.0,0.0,0.0,0.0,0.0,0.0,0.0,0.0,0.0,0.0,0.0,0.0,0.0,0.0,0.0,0.0,0.0,0.0,0.0,0.0,0.0,0.0,0.0,0.0,0.0,0.0,0.0,0.0,0.0,0.0,0.0,0.0,0.0,0.0,0.0,0.0,0.0,0.0,0.0,1.0,0.0,0.0,0.0,1.0,0.0,0.0,0.0,1.0,0.0,0.0,321.0,0.0,0.0,0.0,0.0,0.0,0.0,0.0,0.0,0.0,0.0,0.0,0.0,0.0,0.0,0.0,0.0,0.0,0.0,0.0,0.0,0.0,0.0,0.0,0.0,0.0,0.0,0.0,0.0,0.0,0.0,0.0,0.0,0.0,0.0,0.0,0.0,0.0,0.0,0.0,0.0,0.0,0.0,0.0,0.0,0.0,0.0,0.0,0.0,0.0,0.0,0.0,0.0,0.0,0.0,0.0,0.0,0.0,0.0,0.0,0.0,0.0,0.0,0.0,0.0,0.23,0.03,2.0,7.0,0.0,0.0,0.0,0.0,0.0,0.0
8478421,2025,A.J. Greer,FLA,L,5on4,1,0.0,0.0,0.0,0.0,0.0,0.0,0.0,0.0,0.0,0.0,0.0,0.0,0.0,0.0,0.0,0.0,0.0,0.0,0.0,0.0,0.0,0.0,0.0,0.0,0.0,0.0,0.0,0.0,0.0,0.0,0.0,0.0,0.0,0.0,0.0,0.0,0.0,0.0,0.0,0.0,0.0,0.0,0.0,0.0,0.0,0.0,0.0,0.0,0.0,0.0,0.0,0.0,0.0,0.0,0.0,0.0,0.0,0.0,0.0,0.0,0.0,0.0,0.0,0.0,0.0,0.0,0.0,0.0,0.0,0.0,0.0,0.0,0.0,0.0,0.0,0.0,0.0,0.0,0.0,0.0,0.0,0.0,0.0,0.0,0.0,0.0,0.0,0.0,0.0,0.0,0.0,0.0,0.0,0.0,0.0,0.0,0.0,0.0,0.0,0.0,0.0,0.0,0.0,0.0,0.0,0.0,0.0,0.0,0.0,0.0,0.0,0.0,0.0,0.0,0.0,0.0,0.0,0.0,0.0,0.0,0.0,0.0,0.0,0.0,0.0,0.0,0.0,0.0,0.0,0.0,0.0,0.0,0.0,0.0,0.0,0.0,0.0,0.0,0.0,0.0,0.0,0.0,0.0,0.0,0.0,0.0,0.0
8479323,2025,Adam Fox,NYR,D,other,1,23.0,0.0,-0.38,0.0,0.0,0.33,0.0,0.0,0.0,1.0,0.0,0.0,0.0,0.0,0.0,0.0,0.0,0.0,0.0,0.0,0.0,0.0,0.0,0.0,1.0,1.0,0.0,0.0,0.0,0.0,0.0,0.0,0.0,0.0,0.0,0.0,0.0,0.0,0.0,0.0,0.0,0.0,0.0,0.0,0.0,0.0,0.0,0.0,0.0,0.0,0.0,1.0,0.0,0.0,0.0,0.0,0.0,0.0,0.0,0.0,0.0,0.0,0.0,0.0,0.0,0.0,0.0,0.0,0.0,0.0,0.0,0.0,0.0,0.0,0.0,0.0,0.0,0.0,0.0,0.0,0.0,0.0,0.0,0.0,1.0,1.0,0.0,0.0,0.0,0.0,0.0,0.0,0.0,0.0,0.0,0.0,0.0,0.0,1.0,0.0,0.0,0.0,0.0,0.0,0.0,0.0,0.0,1.43,1.41,1.41,1.41,1.41,2.0,0.0,0.0,2.0,2.0,0.0,0.0,0.0,0.0,2.0,0.0,0.0,1.41,0.0,0.0,2.0,2.0,2.0,2.0,0.01,0.0,0.0,1.42,1.42,1.42,0.0,0.0,0.0,0.0,0.0,0.0,0.0,0.0,0.0,0.0
8479323,2025,Adam Fox,NYR,D,all,1,1345.0,28.0,-0.38,0.2,0.49,0.42,0.54,0.38,0.55,1.0,1.39,0.03,0.07,0.36,0.04,0.92,0.58,0.03,0.03,0.03,0.0,0.0,1.0,1.0,3.0,5.0,0.0,0.0,0.0,0.0,0.0,0.0,1.0,1.0,1.0,2.0,1.0,2.0,0.0,2.0,4.0,3.0,2.0,0.0,0.0,0.03,0.0,0.0,0.0,0.0,0.0,4.8,2.0,1.89,3.0,0.01,0.0,0.0,0.04,0.04,0.04,28.0,7.0,5.0,3.0,13.0,1.0,3.0,4.0,20.0,0.0,0.0,2255.0,2.0,2.0,1.0,1.0,8.37,0.63,0.63,0.6,0.6,6.0,6.0,6.0,18.0,0.0,0.0,0.0,8.0,4.0,0.0,0.24,0.39,0.0,0.0,0.0,0.0,17.11,12.0,11.38,0.12,0.0,0.0,0.75,0.71,0.71,15.4,2.47,2.43,2.55,2.51,15.0,5.0,5.0,25.0,2.0,2.0,0.0,14.0,4.0,2.0,0.57,0.49,1.41,0.0,0.0,2.0,26.73,20.0,21.25,0.21,0.25,0.25,2.43,2.51,2.48,1.87,1.96,42.0,36.0,0.0,0.0,0.0,0.0,0.0,0.0
8479323,2025,Adam Fox,NYR,D,5on5,1,1162.0,26.0,-0.38,0.32,0.48,0.36,0.54,0.36,0.54,2.0,1.39,0.03,0.07,0.36,0.04,0.92,0.58,0.03,0.03,0.03,0.0,0.0,1.0,1.0,1.0,3.0,0.0,0.0,0.0,0.0,0.0,0.0,1.0,1.0,1.0,2.0,1.0,2.0,0.0,2.0,3.0,3.0,2.0,0.0,0.0,0.03,0.0,0.0,0.0,0.0,0.0,2.8,2.0,1.89,3.0,0.01,0.0,0.0,0.04,0.04,0.04,26.0,6.0,5.0,2.0,13.0,0.0,3.0,3.0,20.0,0.0,0.0,2055.0,2.0,2.0,1.0,1.0,6.96,0.5,0.5,0.47,0.47,4.0,6.0,3.0,13.0,0.0,0.0,0.0,6.0,4.0,0.0,0.11,0.39,0.0,0.0,0.0,0.0,12.12,10.0,9.38,0.09,0.0,0.0,0.59,0.56,0.56,13.97,1.06,1.02,1.14,1.1,13.0,5.0,5.0,23.0,0.0,2.0,0.0,14.0,4.0,0.0,0.57,0.49,0.0,0.0,0.0,0.0,24.73,18.0,19.25,0.21,0.25,0.25,1.01,1.09,1.06,1.82,1.96,41.0,35.0,0.24,0.0,2.0,0.0,2.0,0.0
8479323,2025,Adam Fox,NYR,D,4on5,1,0.0,0.0,0.0,0.0,0.0,0.0,0.0,0.0,0.0,0.0,0.0,0.0,0.0,0.0,0.0,0.0,0.0,0.0,0.0,0.0,0.0,0.0,0.0,0.0,0.0,0.0,0.0,0.0,0.0,0.0,0.0,0.0,0.0,0.0,0.0,0.0,0.0,0.0,0.0,0.0,0.0,0.0,0.0,0.0,0.0,0.0,0.0,0.0,0.0,0.0,0.0,0.0,0.0,0.0,0.0,0.0,0.0,0.0,0.0,0.0,0.0,0.0,0.0,0.0,0.0,0.0,0.0,0.0,0.0,0.0,0.0,0.0,0.0,0.0,0.0,0.0,0.0,0.0,0.0,0.0,0.0,0.0,0.0,0.0,0.0,0.0,0.0,0.0,0.0,0.0,0.0,0.0,0.0,0.0,0.0,0.0,0.0,0.0,0.0,0.0,0.0,0.0,0.0,0.0,0.0,0.0,0.0,0.0,0.0,0.0,0.0,0.0,0.0,0.0,0.0,0.0,0.0,0.0,0.0,0.0,0.0,0.0,0.0,0.0,0.0,0.0,0.0,0.0,0.0,0.0,0.0,0.0,0.0,0.0,0.0,0.0,0.0,0.0,0.0,0.0,0.0,0.0,0.0,0.0,0.0,0.0,0.0
8479323,2025,Adam Fox,NYR,D,5on4,1,160.0,2.0,-0.38,1.0,1.0,1.0,1.0,1.0,1.0,1.0,0.0,0.0,0.0,0.0,0.0,0.0,0.0,0.0,0.0,0.0,0.0,0.0,0.0,0.0,1.0,1.0,0.0,0.0,0.0,0.0,0.0,0.0,0.0,0.0,0.0,0.0,0.0,0.0,0.0,0.0,1.0,0.0,0.0,0.0,0.0,0.0,0.0,0.0,0.0,0.0,0.0,1.0,0.0,0.0,0.0,0.0,0.0,0.0,0.0,0.0,0.0,2.0,1.0,0.0,1.0,0.0,1.0,0.0,1.0,0.0,0.0,0.0,80.0,0.0,0.0,0.0,0.0,1.41,0.13,0.13,0.13,0.13,2.0,0.0,2.0,4.0,0.0,0.0,0.0,2.0,0.0,0.0,0.13,0.0,0.0,0.0,0.0,0.0,4.0,2.0,2.0,0.02,0.0,0.0,0.15,0.15,0.15,0.0,0.0,0.0,0.0,0.0,0.0,0.0,0.0,0.0,0.0,0.0,0.0,0.0,0.0,0.0,0.0,0.0,0.0,0.0,0.0,0.0,0.0,0.0,0.0,0.0,0.0,0.0,0.0,0.0,0.0,0.06,0.0,1.0,0.0,0.0,0.0,0.0,0.0,0.0,0.0
8477479,2025,Tyler Bertuzzi,CHI,L,other,1,56.0,0.0,1.17,1.0,0.0,1.0,0.0,1.0,0.0,4.0,0.0,0.0,0.0,0.0,0.0,0.0,0.0,0.0,0.0,0.0,0.0,0.0,0.0,0.0,0.0,0.0,0.0,0.0,0.0,0.0,0.0,0.0,0.0,0.0,0.0,0.0,0.0,0.0,0.0,0.0,0.0,0.0,0.0,0.0,0.0,0.0,0.0,0.0,0.0,0.0,0.0,0.0,0.0,0.0,0.0,0.0,0.0,0.0,0.0,0.0,0.0,0.0,0.0,0.0,0.0,0.0,0.0,0.0,0.0,0.0,0.0,0.0,0.0,0.0,0.0,0.0,0.0,1.05,0.08,0.08,0.08,0.08,0.0,2.0,1.0,3.0,0.0,0.0,0.0,2.0,0.0,0.0,0.08,0.0,0.0,0.0,0.0,0.0,3.0,2.0,2.0,0.04,0.0,0.0,0.12,0.12,0.12,0.0,0.0,0.0,0.0,0.0,0.0,0.0,0.0,0.0,0.0,0.0,0.0,0.0,0.0,0.0,0.0,0.0,0.0,0.0,0.0,0.0,0.0,0.0,0.0,0.0,0.0,0.0,0.0,0.0,0.0,0.0,0.0,0.0,0.0,0.0,0.0,0.0,0.0,0.0,0.0
8477479,2025,Tyler Bertuzzi,CHI,L,all,1,1150.0,24.0,1.17,0.3,0.27,0.49,0.39,0.45,0.37,3.0,0.83,0.2,0.07,0.15,0.02,0.32,0.24,0.2,0.21,0.21,1.0,1.0,1.0,0.0,0.0,1.0,2.0,0.0,0.0,0.0,1.0,0.0,0.0,0.0,1.0,1.0,0.0,0.0,1.0,2.0,1.0,0.0,0.0,1.0,0.0,0.0,0.2,0.0,0.0,0.0,0.0,1.03,1.0,1.03,0.0,0.02,0.0,0.0,0.21,0.22,0.22,24.0,4.0,5.0,5.0,10.0,3.0,4.0,4.0,13.0,1.0,2.0,2450.0,0.0,0.0,0.0,0.0,7.0,0.56,0.56,0.58,0.58,6.0,4.0,7.0,17.0,2.0,0.0,0.0,8.0,2.0,0.0,0.23,0.33,0.0,1.0,1.0,0.0,17.16,10.0,10.12,0.12,0.0,0.0,0.68,0.71,0.7,9.28,1.33,1.27,1.3,1.25,8.0,4.0,6.0,18.0,1.0,1.0,0.0,7.0,2.0,3.0,0.32,0.29,0.72,0.0,1.0,0.0,18.02,12.0,12.05,0.15,0.23,0.23,1.25,1.23,1.19,1.03,2.81,33.0,51.0,0.0,0.0,0.0,0.0,0.0,0.0
8477479,2025,Tyler Bertuzzi,CHI,L,5on5,1,852.0,22.0,1.17,0.3,0.33,0.38,0.41,0.38,0.4,3.0,0.83,0.2,0.07,0.15,0.02,0.32,0.24,0.2,0.21,0.21,1.0,1.0,1.0,0.0,0.0,1.0,2.0,0.0,0.0,0.0,1.0,0.0,0.0,0.0,1.0,1.0,0.0,0.0,0.0,1.0,1.0,0.0,0.0,1.0,0.0,0.0,0.2,0.0,0.0,0.0,0.0,1.03,1.0,1.03,0.0,0.02,0.0,0.0,0.21,0.22,0.22,22.0,2.0,5.0,5.0,10.0,2.0,4.0,4.0,12.0,0.0,2.0,2110.0,0.0,0.0,0.0,0.0,4.55,0.46,0.46,0.49,0.49,5.0,1.0,4.0,10.0,2.0,0.0,0.0,4.0,2.0,0.0,0.14,0.33,0.0,1.0,1.0,0.0,10.16,6.0,6.12,0.06,0.0,0.0,0.52,0.55,0.55,7.58,1.09,1.03,1.07,1.01,7.0,3.0,6.0,16.0,1.0,1.0,0.0,6.0,2.0,2.0,0.3,0.29,0.49,0.0,1.0,0.0,16.02,10.0,10.05,0.13,0.23,0.23,0.98,0.97,0.93,1.01,2.08,30.0,43.0,0.0,0.0,0.0,0.0,0.0,0.0
8477479,2025,Tyler Bertuzzi,CHI,L,4on5,1,0.0,0.0,0.0,0.0,0.0,0.0,0.0,0.0,0.0,0.0,0.0,0.0,0.0,0.0,0.0,0.0,0.0,0.0,0.0,0.0,0.0,0.0,0.0,0.0,0.0,0.0,0.0,0.0,0.0,0.0,0.0,0.0,0.0,0.0,0.0,0.0,0.0,0.0,0.0,0.0,0.0,0.0,0.0,0.0,0.0,0.0,0.0,0.0,0.0,0.0,0.0,0.0,0.0,0.0,0.0,0.0,0.0,0.0,0.0,0.0,0.0,0.0,0.0,0.0,0.0,0.0,0.0,0.0,0.0,0.0,0.0,0.0,0.0,0.0,0.0,0.0,0.0,0.0,0.0,0.0,0.0,0.0,0.0,0.0,0.0,0.0,0.0,0.0,0.0,0.0,0.0,0.0,0.0,0.0,0.0,0.0,0.0,0.0,0.0,0.0,0.0,0.0,0.0,0.0,0.0,0.0,0.0,0.0,0.0,0.0,0.0,0.0,0.0,0.0,0.0,0.0,0.0,0.0,0.0,0.0,0.0,0.0,0.0,0.0,0.0,0.0,0.0,0.0,0.0,0.0,0.0,0.0,0.0,0.0,0.0,0.0,0.0,0.0,0.0,0.0,0.0,0.0,0.0,0.0,0.0,0.0,0.0
8477479,2025,Tyler Bertuzzi,CHI,L,5on4,1,242.0,2.0,1.17,0.05,1.0,0.67,1.0,0.5,1.0,3.0,0.0,0.0,0.0,0.0,0.0,0.0,0.0,0.0,0.0,0.0,0.0,0.0,0.0,0.0,0.0,0.0,0.0,0.0,0.0,0.0,0.0,0.0,0.0,0.0,0.0,0.0,0.0,0.0,1.0,1.0,0.0,0.0,0.0,0.0,0.0,0.0,0.0,0.0,0.0,0.0,0.0,0.0,0.0,0.0,0.0,0.0,0.0,0.0,0.0,0.0,0.0,2.0,2.0,0.0,0.0,0.0,1.0,0.0,0.0,1.0,1.0,0.0,118.0,0.0,0.0,0.0,0.0,1.4,0.01,0.01,0.01,0.01,1.0,1.0,2.0,4.0,0.0,0.0,0.0,2.0,0.0,0.0,0.01,0.0,0.0,0.0,0.0,0.0,4.0,2.0,2.0,0.02,0.0,0.0,0.04,0.04,0.04,1.7,0.23,0.23,0.23,0.23,1.0,1.0,0.0,2.0,0.0,0.0,0.0,1.0,0.0,1.0,0.01,0.0,0.22,0.0,0.0,0.0,2.0,2.0,2.0,0.03,0.0,0.0,0.26,0.26,0.26,0.02,0.0,3.0,0.0,0.0,0.0,0.0,0.0,0.0,0.0
8471675,2025,Sidney Crosby,PIT,C,other,1,0.0,0.0,0.0,0.0,0.0,0.0,0.0,0.0,0.0,0.0,0.0,0.0,0.0,0.0,0.0,0.0,0.0,0.0,0.0,0.0,0.0,0.0,0.0,0.0,0.0,0.0,0.0,0.0,0.0,0.0,0.0,0.0,0.0,0.0,0.0,0.0,0.0,0.0,0.0,0.0,0.0,0.0,0.0,0.0,0.0,0.0,0.0,0.0,0.0,0.0,0.0,0.0,0.0,0.0,0.0,0.0,0.0,0.0,0.0,0.0,0.0,0.0,0.0,0.0,0.0,0.0,0.0,0.0,0.0,0.0,0.0,0.0,0.0,0.0,0.0,0.0,0.0,0.0,0.0,0.0,0.0,0.0,0.0,0.0,0.0,0.0,0.0,0.0,0.0,0.0,0.0,0.0,0.0,0.0,0.0,0.0,0.0,0.0,0.0,0.0,0.0,0.0,0.0,0.0,0.0,0.0,0.0,0.0,0.0,0.0,0.0,0.0,0.0,0.0,0.0,0.0,0.0,0.0,0.0,0.0,0.0,0.0,0.0,0.0,0.0,0.0,0.0,0.0,0.0,0.0,0.0,0.0,0.0,0.0,0.0,0.0,0.0,0.0,0.0,0.0,0.0,0.0,0.0,0.0,0.0,0.0,0.0
8471675,2025,Sidney Crosby,PIT,C,all,1,1069.0,23.0,0.27,0.42,0.7,0.49,0.51,0.48,0.54,1.0,2.66,0.24,0.29,0.62,0.07,1.07,0.72,0.22,0.25,0.23,0.0,0.0,2.0,1.0,0.0,3.0,0.0,0.0,1.0,0.0,0.0,0.0,2.0,0.0,2.0,3.0,0.0,0.0,8.0,1.0,0.0,2.0,2.0,1.0,0.0,0.1,0.14,0.0,0.0,0.0,0.0,3.1,3.0,3.09,0.0,0.06,0.14,0.14,0.16,0.17,0.16,23.0,6.0,1.0,3.0,13.0,3.0,3.0,0.0,17.0,8.0,6.0,2531.0,0.0,2.0,1.0,0.0,8.75,0.62,0.6,0.67,0.64,7.0,4.0,7.0,18.0,0.0,1.0,0.0,9.0,2.0,0.0,0.33,0.29,0.0,0.0,0.0,0.0,19.47,11.0,11.81,0.13,0.14,0.14,0.62,0.67,0.65,8.06,0.85,0.85,0.79,0.79,7.0,5.0,7.0,19.0,0.0,2.0,0.0,7.0,4.0,1.0,0.14,0.4,0.31,0.0,0.0,0.0,17.55,12.0,11.16,0.13,0.44,0.44,0.55,0.51,0.51,3.81,1.65,43.0,41.0,0.0,0.0,0.0,0.0,0.0,0.0
8471675,2025,Sidney Crosby,PIT,C,5on5,1,1013.0,21.0,0.27,0.42,0.62,0.49,0.53,0.48,0.55,1.0,2.66,0.24,0.29,0.62,0.07,1.07,0.72,0.22,0.25,0.23,0.0,0.0,2.0,1.0,0.0,3.0,0.0,0.0,1.0,0.0,0.0,0.0,2.0,0.0,2.0,3.0,0.0,0.0,7.0,1.0,0.0,2.0,2.0,1.0,0.0,0.1,0.14,0.0,0.0,0.0,0.0,3.1,3.0,3.09,0.0,0.06,0.14,0.14,0.16,0.17,0.16,21.0,6.0,0.0,3.0,12.0,3.0,2.0,0.0,16.0,7.0,6.0,2204.0,0.0,2.0,1.0,0.0,8.75,0.62,0.6,0.67,0.64,7.0,4.0,7.0,18.0,0.0,1.0,0.0,9.0,2.0,0.0,0.33,0.29,0.0,0.0,0.0,0.0,19.47,11.0,11.81,0.13,0.14,0.14,0.62,0.67,0.65,8.06,0.85,0.85,0.79,0.79,7.0,5.0,7.0,19.0,0.0,2.0,0.0,7.0,4.0,1.0,0.14,0.4,0.31,0.0,0.0,0.0,17.55,12.0,11.16,0.13,0.44,0.44,0.55,0.51,0.51,2.4,1.46,40.0,35.0,0.0,0.0,0.0,0.0,0.0,0.0
8471675,2025,Sidney Crosby,PIT,C,4on5,1,3.0,1.0,0.27,0.0,0.0,0.0,0.0,0.0,0.0,5.0,0.0,0.0,0.0,0.0,0.0,0.0,0.0,0.0,0.0,0.0,0.0,0.0,0.0,0.0,0.0,0.0,0.0,0.0,0.0,0.0,0.0,0.0,0.0,0.0,0.0,0.0,0.0,0.0,1.0,0.0,0.0,0.0,0.0,0.0,0.0,0.0,0.0,0.0,0.0,0.0,0.0,0.0,0.0,0.0,0.0,0.0,0.0,0.0,0.0,0.0,0.0,1.0,0.0,1.0,0.0,0.0,0.0,1.0,0.0,0.0,1.0,0.0,237.0,0.0,0.0,0.0,0.0,0.0,0.0,0.0,0.0,0.0,0.0,0.0,0.0,0.0,0.0,0.0,0.0,0.0,0.0,0.0,0.0,0.0,0.0,0.0,0.0,0.0,0.0,0.0,0.0,0.0,0.0,0.0,0.0,0.0,0.0,0.0,0.0,0.0,0.0,0.0,0.0,0.0,0.0,0.0,0.0,0.0,0.0,0.0,0.0,0.0,0.0,0.0,0.0,0.0,0.0,0.0,0.0,0.0,0.0,0.0,0.0,0.0,0.0,0.0,0.0,0.0,0.19,0.0,5.0,0.0,0.0,0.0,0.0,0.0,0.0
8471675,2025,Sidney Crosby,PIT,C,5on4,1,53.0,1.0,0.27,0.0,0.0,0.0,1.0,0.0,0.0,3.0,0.0,0.0,0.0,0.0,0.0,0.0,0.0,0.0,0.0,0.0,0.0,0.0,0.0,0.0,0.0,0.0,0.0,0.0,0.0,0.0,0.0,0.0,0.0,0.0,0.0,0.0,0.0,0.0,0.0,0.0,0.0,0.0,0.0,0.0,0.0,0.0,0.0,0.0,0.0,0.0,0.0,0.0,0.0,0.0,0.0,0.0,0.0,0.0,0.0,0.0,0.0,1.0,0.0,0.0,0.0,1.0,0.0,0.0,0.0,1.0,0.0,0.0,67.0,0.0,0.0,0.0,0.0,0.0,0.0,0.0,0.0,0.0,0.0,0.0,0.0,0.0,0.0,0.0,0.0,0.0,0.0,0.0,0.0,0.0,0.0,0.0,0.0,0.0,0.0,0.0,0.0,0.0,0.0,0.0,0.0,0.0,0.0,0.0,0.0,0.0,0.0,0.0,0.0,0.0,0.0,0.0,0.0,0.0,0.0,0.0,0.0,0.0,0.0,0.0,0.0,0.0,0.0,0.0,0.0,0.0,0.0,0.0,0.0,0.0,0.0,0.0,0.0,0.0,0.0,1.0,0.0,0.0,0.0,0.0,0.0,0.0,0.0
8479998,2025,Mikey Anderson,LAK,D,other,1,0.0,0.0,0.0,0.0,0.0,0.0,0.0,0.0,0.0,0.0,0.0,0.0,0.0,0.0,0.0,0.0,0.0,0.0,0.0,0.0,0.0,0.0,0.0,0.0,0.0,0.0,0.0,0.0,0.0,0.0,0.0,0.0,0.0,0.0,0.0,0.0,0.0,0.0,0.0,0.0,0.0,0.0,0.0,0.0,0.0,0.0,0.0,0.0,0.0,0.0,0.0,0.0,0.0,0.0,0.0,0.0,0.0,0.0,0.0,0.0,0.0,0.0,0.0,0.0,0.0,0.0,0.0,0.0,0.0,0.0,0.0,0.0,0.0,0.0,0.0,0.0,0.0,0.0,0.0,0.0,0.0,0.0,0.0,0.0,0.0,0.0,0.0,0.0,0.0,0.0,0.0,0.0,0.0,0.0,0.0,0.0,0.0,0.0,0.0,0.0,0.0,0.0,0.0,0.0,0.0,0.0,0.0,0.0,0.0,0.0,0.0,0.0,0.0,0.0,0.0,0.0,0.0,0.0,0.0,0.0,0.0,0.0,0.0,0.0,0.0,0.0,0.0,0.0,0.0,0.0,0.0,0.0,0.0,0.0,0.0,0.0,0.0,0.0,0.0,0.0,0.0,0.0,0.0,0.0,0.0,0.0,0.0
8479998,2025,Mikey Anderson,LAK,D,all,1,1191.0,23.0,0.25,0.27,0.68,0.56,0.58,0.45,0.6,2.0,0.69,0.01,0.02,0.22,0.03,0.38,0.33,0.01,0.01,0.01,0.0,0.0,0.0,1.0,1.0,2.0,0.0,0.0,0.0,0.0,0.0,0.0,1.0,0.0,0.0,1.0,0.0,0.0,0.0,2.0,1.0,2.0,1.0,0.0,0.0,0.01,0.0,0.0,0.0,0.0,0.0,1.73,1.0,0.88,2.0,0.01,0.0,0.0,0.02,0.01,0.01,23.0,4.0,7.0,6.0,6.0,1.0,2.0,4.0,16.0,0.0,0.0,2409.0,0.0,0.0,0.0,1.0,6.25,0.38,0.38,0.35,0.35,6.0,3.0,6.0,15.0,0.0,0.0,0.0,8.0,1.0,0.0,0.22,0.16,0.0,0.0,0.0,0.0,13.87,9.0,8.4,0.08,0.0,0.0,0.46,0.43,0.42,8.19,1.06,1.06,1.1,1.1,8.0,3.0,1.0,12.0,2.0,0.0,0.0,7.0,3.0,1.0,0.14,0.44,0.48,0.0,1.0,1.0,12.7,11.0,11.6,0.13,0.0,0.0,1.19,1.24,1.24,2.22,1.03,51.0,37.0,0.0,0.0,0.0,0.0,0.0,0.0
8479998,2025,Mikey Anderson,LAK,D,5on5,1,848.0,14.0,0.25,0.41,0.54,0.65,0.52,0.56,0.51,2.0,0.69,0.01,0.02,0.22,0.03,0.38,0.33,0.01,0.01,0.01,0.0,0.0,0.0,1.0,1.0,2.0,0.0,0.0,0.0,0.0,0.0,0.0,1.0,0.0,0.0,1.0,0.0,0.0,0.0,2.0,0.0,0.0,1.0,0.0,0.0,0.01,0.0,0.0,0.0,0.0,0.0,1.73,1.0,0.88,0.0,0.01,0.0,0.0,0.02,0.01,0.01,14.0,4.0,0.0,4.0,6.0,1.0,1.0,1.0,11.0,0.0,0.0,1620.0,0.0,0.0,0.0,1.0,6.25,0.38,0.38,0.35,0.35,6.0,3.0,6.0,15.0,0.0,0.0,0.0,8.0,1.0,0.0,0.22,0.16,0.0,0.0,0.0,0.0,13.87,9.0,8.4,0.08,0.0,0.0,0.46,0.43,0.42,5.28,0.55,0.54,0.59,0.59,4.0,3.0,1.0,8.0,1.0,0.0,0.0,4.0,3.0,0.0,0.1,0.44,0.0,0.0,1.0,0.0,8.7,7.0,7.6,0.06,0.0,0.0,0.6,0.65,0.65,1.19,1.01,33.0,31.0,0.03,0.0,3.0,0.0,2.0,0.0
8479998,2025,Mikey Anderson,LAK,D,4on5,1,343.0,9.0,0.25,0.0,0.0,0.0,0.0,0.0,0.0,1.0,0.0,0.0,0.0,0.0,0.0,0.0,0.0,0.0,0.0,0.0,0.0,0.0,0.0,0.0,0.0,0.0,0.0,0.0,0.0,0.0,0.0,0.0,0.0,0.0,0.0,0.0,0.0,0.0,0.0,0.0,1.0,2.0,0.0,0.0,0.0,0.0,0.0,0.0,0.0,0.0,0.0,0.0,0.0,0.0,2.0,0.0,0.0,0.0,0.0,0.0,0.0,9.0,0.0,7.0,2.0,0.0,0.0,1.0,3.0,5.0,0.0,0.0,262.0,0.0,0.0,0.0,0.0,0.0,0.0,0.0,0.0,0.0,0.0,0.0,0.0,0.0,0.0,0.0,0.0,0.0,0.0,0.0,0.0,0.0,0.0,0.0,0.0,0.0,0.0,0.0,0.0,0.0,0.0,0.0,0.0,0.0,0.0,2.91,0.52,0.52,0.52,0.52,4.0,0.0,0.0,4.0,1.0,0.0,0.0,3.0,0.0,1.0,0.04,0.0,0.48,0.0,0.0,1.0,4.0,4.0,4.0,0.07,0.0,0.0,0.59,0.59,0.59,0.0,0.02,0.0,6.0,0.0,0.0,0.0,0.0,0.0,0.0
8479998,2025,Mikey Anderson,LAK,D,5on4,1,0.0,0.0,0.0,0.0,0.0,0.0,0.0,0.0,0.0,0.0,0.0,0.0,0.0,0.0,0.0,0.0,0.0,0.0,0.0,0.0,0.0,0.0,0.0,0.0,0.0,0.0,0.0,0.0,0.0,0.0,0.0,0.0,0.0,0.0,0.0,0.0,0.0,0.0,0.0,0.0,0.0,0.0,0.0,0.0,0.0,0.0,0.0,0.0,0.0,0.0,0.0,0.0,0.0,0.0,0.0,0.0,0.0,0.0,0.0,0.0,0.0,0.0,0.0,0.0,0.0,0.0,0.0,0.0,0.0,0.0,0.0,0.0,0.0,0.0,0.0,0.0,0.0,0.0,0.0,0.0,0.0,0.0,0.0,0.0,0.0,0.0,0.0,0.0,0.0,0.0,0.0,0.0,0.0,0.0,0.0,0.0,0.0,0.0,0.0,0.0,0.0,0.0,0.0,0.0,0.0,0.0,0.0,0.0,0.0,0.0,0.0,0.0,0.0,0.0,0.0,0.0,0.0,0.0,0.0,0.0,0.0,0.0,0.0,0.0,0.0,0.0,0.0,0.0,0.0,0.0,0.0,0.0,0.0,0.0,0.0,0.0,0.0,0.0,0.0,0.0,0.0,0.0,0.0,0.0,0.0,0.0,0.0
8484149,2025,Gavin Brindley,COL,C,other,1,7.0,0.0,0.36,0.0,0.0,0.0,0.0,0.0,0.0,8.0,0.0,0.0,0.0,0.0,0.0,0.0,0.0,0.0,0.0,0.0,0.0,0.0,0.0,0.0,0.0,0.0,0.0,0.0,0.0,0.0,0.0,0.0,0.0,0.0,0.0,0.0,0.0,0.0,0.0,0.0,0.0,0.0,0.0,0.0,0.0,0.0,0.0,0.0,0.0,0.0,0.0,0.0,0.0,0.0,0.0,0.0,0.0,0.0,0.0,0.0,0.0,0.0,0.0,0.0,0.0,0.0,0.0,0.0,0.0,0.0,0.0,0.0,184.0,0.0,0.0,0.0,0.0,0.0,0.0,0.0,0.0,0.0,0.0,0.0,0.0,0.0,0.0,0.0,0.0,0.0,0.0,0.0,0.0,0.0,0.0,0.0,0.0,0.0,0.0,0.0,0.0,0.0,0.0,0.0,0.0,0.0,0.0,0.0,0.0,0.0,0.0,0.0,0.0,0.0,0.0,0.0,0.0,0.0,0.0,0.0,0.0,0.0,0.0,0.0,0.0,0.0,0.0,0.0,0.0,0.0,0.0,0.0,0.0,0.0,0.0,0.0,0.0,0.0,0.55,0.0,10.0,0.0,0.0,0.0,0.0,0.0,0.0
8484149,2025,Gavin Brindley,COL,C,all,1,470.0,13.0,0.36,0.4,0.45,0.5,0.41,0.57,0.43,12.0,0.84,0.03,0.03,0.25,0.02,0.36,0.32,0.03,0.04,0.04,0.0,0.0,1.0,0.0,2.0,3.0,0.0,0.0,1.0,0.0,0.0,0.0,0.0,0.0,1.0,1.0,0.0,0.0,1.0,2.0,1.0,0.0,1.0,0.0,0.0,0.03,0.0,0.0,0.0,0.0,0.0,3.22,1.0,1.03,0.0,0.01,0.03,0.0,0.04,0.04,0.04,13.0,3.0,2.0,1.0,7.0,3.0,2.0,1.0,7.0,1.0,2.0,3130.0,0.0,2.0,1.0,0.0,2.96,0.12,0.11,0.13,0.12,3.0,1.0,6.0,10.0,1.0,1.0,0.0,4.0,0.0,0.0,0.12,0.0,0.0,1.0,0.0,0.0,10.76,4.0,4.24,0.03,0.03,0.03,0.12,0.13,0.12,2.31,0.18,0.18,0.16,0.16,2.0,1.0,7.0,10.0,0.0,0.0,0.0,2.0,1.0,0.0,0.06,0.11,0.0,0.0,0.0,0.0,8.81,3.0,2.64,0.04,0.0,0.0,0.22,0.19,0.19,1.97,2.42,39.0,56.0,0.0,0.0,0.0,0.0,0.0,0.0
8484149,2025,Gavin Brindley,COL,C,5on5,1,463.0,13.0,0.36,0.4,0.51,0.5,0.43,0.57,0.46,12.0,0.84,0.03,0.03,0.25,0.02,0.36,0.32,0.03,0.04,0.04,0.0,0.0,1.0,0.0,2.0,3.0,0.0,0.0,1.0,0.0,0.0,0.0,0.0,0.0,1.0,1.0,0.0,0.0,1.0,2.0,1.0,0.0,1.0,0.0,0.0,0.03,0.0,0.0,0.0,0.0,0.0,3.22,1.0,1.03,0.0,0.01,0.03,0.0,0.04,0.04,0.04,13.0,3.0,2.0,1.0,7.0,3.0,2.0,1.0,7.0,1.0,2.0,2005.0,0.0,2.0,1.0,0.0,2.96,0.12,0.11,0.13,0.12,3.0,1.0,6.0,10.0,1.0,1.0,0.0,4.0,0.0,0.0,0.12,0.0,0.0,1.0,0.0,0.0,10.76,4.0,4.24,0.03,0.03,0.03,0.12,0.13,0.12,2.31,0.18,0.18,0.16,0.16,2.0,1.0,7.0,10.0,0.0,0.0,0.0,2.0,1.0,0.0,0.06,0.11,0.0,0.0,0.0,0.0,8.81,3.0,2.64,0.04,0.0,0.0,0.22,0.19,0.19,1.43,1.4,29.0,38.0,0.01,0.0,1.0,0.0,1.0,0.0
8484149,2025,Gavin Brindley,COL,C,4on5,1,0.0,0.0,0.0,0.0,0.0,0.0,0.0,0.0,0.0,0.0,0.0,0.0,0.0,0.0,0.0,0.0,0.0,0.0,0.0,0.0,0.0,0.0,0.0,0.0,0.0,0.0,0.0,0.0,0.0,0.0,0.0,0.0,0.0,0.0,0.0,0.0,0.0,0.0,0.0,0.0,0.0,0.0,0.0,0.0,0.0,0.0,0.0,0.0,0.0,0.0,0.0,0.0,0.0,0.0,0.0,0.0,0.0,0.0,0.0,0.0,0.0,0.0,0.0,0.0,0.0,0.0,0.0,0.0,0.0,0.0,0.0,0.0,0.0,0.0,0.0,0.0,0.0,0.0,0.0,0.0,0.0,0.0,0.0,0.0,0.0,0.0,0.0,0.0,0.0,0.0,0.0,0.0,0.0,0.0,0.0,0.0,0.0,0.0,0.0,0.0,0.0,0.0,0.0,0.0,0.0,0.0,0.0,0.0,0.0,0.0,0.0,0.0,0.0,0.0,0.0,0.0,0.0,0.0,0.0,0.0,0.0,0.0,0.0,0.0,0.0,0.0,0.0,0.0,0.0,0.0,0.0,0.0,0.0,0.0,0.0,0.0,0.0,0.0,0.0,0.0,0.0,0.0,0.0,0.0,0.0,0.0,0.0
8484149,2025,Gavin Brindley,COL,C,5on4,1,0.0,0.0,0.0,0.0,0.0,0.0,0.0,0.0,0.0,0.0,0.0,0.0,0.0,0.0,0.0,0.0,0.0,0.0,0.0,0.0,0.0,0.0,0.0,0.0,0.0,0.0,0.0,0.0,0.0,0.0,0.0,0.0,0.0,0.0,0.0,0.0,0.0,0.0,0.0,0.0,0.0,0.0,0.0,0.0,0.0,0.0,0.0,0.0,0.0,0.0,0.0,0.0,0.0,0.0,0.0,0.0,0.0,0.0,0.0,0.0,0.0,0.0,0.0,0.0,0.0,0.0,0.0,0.0,0.0,0.0,0.0,0.0,0.0,0.0,0.0,0.0,0.0,0.0,0.0,0.0,0.0,0.0,0.0,0.0,0.0,0.0,0.0,0.0,0.0,0.0,0.0,0.0,0.0,0.0,0.0,0.0,0.0,0.0,0.0,0.0,0.0,0.0,0.0,0.0,0.0,0.0,0.0,0.0,0.0,0.0,0.0,0.0,0.0,0.0,0.0,0.0,0.0,0.0,0.0,0.0,0.0,0.0,0.0,0.0,0.0,0.0,0.0,0.0,0.0,0.0,0.0,0.0,0.0,0.0,0.0,0.0,0.0,0.0,0.0,0.0,0.0,0.0,0.0,0.0,0.0,0.0,0.0
8483450,2025,Ryan Greene,CHI,C,other,1,0.0,0.0,0.0,0.0,0.0,0.0,0.0,0.0,0.0,0.0,0.0,0.0,0.0,0.0,0.0,0.0,0.0,0.0,0.0,0.0,0.0,0.0,0.0,0.0,0.0,0.0,0.0,0.0,0.0,0.0,0.0,0.0,0.0,0.0,0.0,0.0,0.0,0.0,0.0,0.0,0.0,0.0,0.0,0.0,0.0,0.0,0.0,0.0,0.0,0.0,0.0,0.0,0.0,0.0,0.0,0.0,0.0,0.0,0.0,0.0,0.0,0.0,0.0,0.0,0.0,0.0,0.0,0.0,0.0,0.0,0.0,0.0,0.0,0.0,0.0,0.0,0.0,0.0,0.0,0.0,0.0,0.0,0.0,0.0,0.0,0.0,0.0,0.0,0.0,0.0,0.0,0.0,0.0,0.0,0.0,0.0,0.0,0.0,0.0,0.0,0.0,0.0,0.0,0.0,0.0,0.0,0.0,0.0,0.0,0.0,0.0,0.0,0.0,0.0,0.0,0.0,0.0,0.0,0.0,0.0,0.0,0.0,0.0,0.0,0.0,0.0,0.0,0.0,0.0,0.0,0.0,0.0,0.0,0.0,0.0,0.0,0.0,0.0,0.0,0.0,0.0,0.0,0.0,0.0,0.0,0.0,0.0
8483450,2025,Ryan Greene,CHI,C,all,1,497.0,15.0,-0.12,0.11,0.31,0.52,0.4,0.43,0.38,11.0,0.0,0.0,0.0,0.0,0.0,0.0,0.0,0.0,0.0,0.0,0.0,0.0,0.0,0.0,1.0,1.0,0.0,0.0,0.0,0.0,0.0,0.0,0.0,0.0,0.0,0.0,0.0,0.0,1.0,0.0,0.0,0.0,0.0,0.0,0.0,0.0,0.0,0.0,0.0,0.0,0.0,1.03,0.0,0.0,0.0,0.0,0.0,0.0,0.0,0.0,0.0,15.0,2.0,2.0,1.0,10.0,4.0,2.0,4.0,5.0,1.0,3.0,3103.0,0.0,0.0,0.0,0.0,4.33,0.09,0.09,0.09,0.09,5.0,1.0,5.0,11.0,0.0,0.0,0.0,6.0,0.0,0.0,0.09,0.0,0.0,0.0,0.0,0.0,11.29,6.0,6.12,0.04,0.0,0.0,0.13,0.13,0.13,6.5,0.73,0.73,0.71,0.71,6.0,2.0,2.0,10.0,1.0,0.0,0.0,4.0,3.0,1.0,0.11,0.38,0.24,0.0,0.0,1.0,9.7,8.0,7.84,0.11,0.0,0.0,0.84,0.82,0.81,1.5,3.4,39.0,59.0,0.0,0.0,0.0,0.0,0.0,0.0
8483450,2025,Ryan Greene,CHI,C,5on5,1,487.0,14.0,-0.12,0.11,0.36,0.52,0.37,0.43,0.38,12.0,0.0,0.0,0.0,0.0,0.0,0.0,0.0,0.0,0.0,0.0,0.0,0.0,0.0,0.0,1.0,1.0,0.0,0.0,0.0,0.0,0.0,0.0,0.0,0.0,0.0,0.0,0.0,0.0,1.0,0.0,0.0,0.0,0.0,0.0,0.0,0.0,0.0,0.0,0.0,0.0,0.0,1.03,0.0,0.0,0.0,0.0,0.0,0.0,0.0,0.0,0.0,14.0,2.0,2.0,1.0,9.0,3.0,2.0,4.0,5.0,1.0,3.0,2475.0,0.0,0.0,0.0,0.0,4.33,0.09,0.09,0.09,0.09,5.0,1.0,5.0,11.0,0.0,0.0,0.0,6.0,0.0,0.0,0.09,0.0,0.0,0.0,0.0,0.0,11.29,6.0,6.12,0.04,0.0,0.0,0.13,0.13,0.13,6.5,0.73,0.73,0.71,0.71,6.0,2.0,2.0,10.0,1.0,0.0,0.0,4.0,3.0,1.0,0.11,0.38,0.24,0.0,0.0,1.0,9.7,8.0,7.84,0.11,0.0,0.0,0.84,0.82,0.81,1.39,2.44,29.0,49.0,0.0,0.0,0.0,0.0,0.0,0.0
8483450,2025,Ryan Greene,CHI,C,4on5,1,10.0,1.0,-0.12,0.0,0.0,0.0,0.0,0.0,0.0,6.0,0.0,0.0,0.0,0.0,0.0,0.0,0.0,0.0,0.0,0.0,0.0,0.0,0.0,0.0,0.0,0.0,0.0,0.0,0.0,0.0,0.0,0.0,0.0,0.0,0.0,0.0,0.0,0.0,0.0,0.0,0.0,0.0,0.0,0.0,0.0,0.0,0.0,0.0,0.0,0.0,0.0,0.0,0.0,0.0,0.0,0.0,0.0,0.0,0.0,0.0,0.0,1.0,0.0,0.0,0.0,1.0,1.0,0.0,0.0,0.0,0.0,0.0,212.0,0.0,0.0,0.0,0.0,0.0,0.0,0.0,0.0,0.0,0.0,0.0,0.0,0.0,0.0,0.0,0.0,0.0,0.0,0.0,0.0,0.0,0.0,0.0,0.0,0.0,0.0,0.0,0.0,0.0,0.0,0.0,0.0,0.0,0.0,0.0,0.0,0.0,0.0,0.0,0.0,0.0,0.0,0.0,0.0,0.0,0.0,0.0,0.0,0.0,0.0,0.0,0.0,0.0,0.0,0.0,0.0,0.0,0.0,0.0,0.0,0.0,0.0,0.0,0.0,0.0,0.73,0.0,8.0,0.0,0.0,0.0,0.0,0.0,0.0
8483450,2025,Ryan Greene,CHI,C,5on4,1,0.0,0.0,0.0,0.0,0.0,0.0,0.0,0.0,0.0,0.0,0.0,0.0,0.0,0.0,0.0,0.0,0.0,0.0,0.0,0.0,0.0,0.0,0.0,0.0,0.0,0.0,0.0,0.0,0.0,0.0,0.0,0.0,0.0,0.0,0.0,0.0,0.0,0.0,0.0,0.0,0.0,0.0,0.0,0.0,0.0,0.0,0.0,0.0,0.0,0.0,0.0,0.0,0.0,0.0,0.0,0.0,0.0,0.0,0.0,0.0,0.0,0.0,0.0,0.0,0.0,0.0,0.0,0.0,0.0,0.0,0.0,0.0,0.0,0.0,0.0,0.0,0.0,0.0,0.0,0.0,0.0,0.0,0.0,0.0,0.0,0.0,0.0,0.0,0.0,0.0,0.0,0.0,0.0,0.0,0.0,0.0,0.0,0.0,0.0,0.0,0.0,0.0,0.0,0.0,0.0,0.0,0.0,0.0,0.0,0.0,0.0,0.0,0.0,0.0,0.0,0.0,0.0,0.0,0.0,0.0,0.0,0.0,0.0,0.0,0.0,0.0,0.0,0.0,0.0,0.0,0.0,0.0,0.0,0.0,0.0,0.0,0.0,0.0,0.0,0.0,0.0,0.0,0.0,0.0,0.0,0.0,0.0
8476389,2025,Vincent Trocheck,NYR,C,other,1,23.0,0.0,-0.1,0.0,0.0,0.33,0.0,0.0,0.0,2.0,0.0,0.0,0.0,0.0,0.0,0.0,0.0,0.0,0.0,0.0,0.0,0.0,0.0,0.0,0.0,0.0,0.0,0.0,0.0,0.0,0.0,0.0,0.0,0.0,0.0,0.0,0.0,0.0,0.0,0.0,0.0,0.0,0.0,0.0,0.0,0.0,0.0,0.0,0.0,0.0,0.0,0.0,0.0,0.0,0.0,0.0,0.0,0.0,0.0,0.0,0.0,0.0,0.0,0.0,0.0,0.0,0.0,0.0,0.0,0.0,0.0,0.0,0.0,0.0,0.0,0.0,0.0,0.0,0.0,0.0,0.0,0.0,0.0,0.0,1.0,1.0,0.0,0.0,0.0,0.0,0.0,0.0,0.0,0.0,0.0,0.0,0.0,0.0,1.0,0.0,0.0,0.0,0.0,0.0,0.0,0.0,0.0,1.43,1.41,1.41,1.41,1.41,2.0,0.0,0.0,2.0,2.0,0.0,0.0,0.0,0.0,2.0,0.0,0.0,1.41,0.0,0.0,2.0,2.0,2.0,2.0,0.01,0.0,0.0,1.42,1.42,1.42,0.0,0.0,0.0,0.0,0.0,0.0,0.0,0.0,0.0,0.0
8476389,2025,Vincent Trocheck,NYR,C,all,1,1232.0,22.0,-0.1,0.24,0.45,0.53,0.48,0.5,0.47,2.0,0.0,0.0,0.0,0.0,0.0,0.0,0.0,0.0,0.0,0.0,0.0,0.0,0.0,0.0,2.0,2.0,0.0,0.0,0.0,0.0,0.0,0.0,0.0,0.0,0.0,0.0,0.0,0.0,6.0,1.0,0.0,1.0,0.0,0.0,0.0,0.0,0.0,0.0,0.0,0.0,0.0,1.92,0.0,0.0,0.0,0.0,0.0,0.0,0.0,0.0,0.0,22.0,1.0,2.0,0.0,19.0,2.0,1.0,4.0,15.0,6.0,6.0,2368.0,0.0,0.0,0.0,1.0,8.19,0.69,0.69,0.66,0.66,10.0,1.0,7.0,18.0,0.0,1.0,0.0,9.0,1.0,1.0,0.29,0.1,0.31,0.0,0.0,0.0,17.11,11.0,10.41,0.11,0.31,0.31,0.49,0.47,0.47,8.74,2.24,2.18,2.31,2.24,10.0,1.0,5.0,16.0,3.0,2.0,0.0,5.0,3.0,3.0,0.24,0.34,1.65,0.0,0.0,3.0,17.13,11.0,11.76,0.13,0.26,0.26,2.1,2.16,2.1,1.81,2.19,42.0,45.0,0.0,0.0,0.0,0.0,0.0,0.0
8476389,2025,Vincent Trocheck,NYR,C,5on5,1,1033.0,19.0,-0.1,0.41,0.44,0.5,0.48,0.5,0.46,3.0,0.0,0.0,0.0,0.0,0.0,0.0,0.0,0.0,0.0,0.0,0.0,0.0,0.0,0.0,1.0,1.0,0.0,0.0,0.0,0.0,0.0,0.0,0.0,0.0,0.0,0.0,0.0,0.0,5.0,1.0,0.0,1.0,0.0,0.0,0.0,0.0,0.0,0.0,0.0,0.0,0.0,0.92,0.0,0.0,0.0,0.0,0.0,0.0,0.0,0.0,0.0,19.0,1.0,1.0,0.0,17.0,1.0,1.0,4.0,13.0,5.0,4.0,2184.0,0.0,0.0,0.0,1.0,6.78,0.56,0.56,0.53,0.53,8.0,1.0,4.0,13.0,0.0,1.0,0.0,7.0,1.0,1.0,0.16,0.1,0.31,0.0,0.0,0.0,12.12,9.0,8.41,0.08,0.31,0.31,0.34,0.32,0.32,7.31,0.83,0.77,0.9,0.83,8.0,1.0,4.0,13.0,1.0,2.0,0.0,5.0,3.0,1.0,0.24,0.34,0.24,0.0,0.0,1.0,14.13,9.0,9.76,0.12,0.26,0.26,0.68,0.74,0.68,1.75,2.19,41.0,45.0,0.05,0.0,2.0,0.0,1.0,0.0
8476389,2025,Vincent Trocheck,NYR,C,4on5,1,34.0,2.0,-0.1,0.0,0.0,0.0,0.0,0.0,0.0,5.0,0.0,0.0,0.0,0.0,0.0,0.0,0.0,0.0,0.0,0.0,0.0,0.0,0.0,0.0,0.0,0.0,0.0,0.0,0.0,0.0,0.0,0.0,0.0,0.0,0.0,0.0,0.0,0.0,0.0,0.0,0.0,0.0,0.0,0.0,0.0,0.0,0.0,0.0,0.0,0.0,0.0,0.0,0.0,0.0,0.0,0.0,0.0,0.0,0.0,0.0,0.0,2.0,0.0,1.0,0.0,1.0,0.0,0.0,0.0,2.0,0.0,1.0,86.0,0.0,0.0,0.0,0.0,0.0,0.0,0.0,0.0,0.0,0.0,0.0,0.0,0.0,0.0,0.0,0.0,0.0,0.0,0.0,0.0,0.0,0.0,0.0,0.0,0.0,0.0,0.0,0.0,0.0,0.0,0.0,0.0,0.0,0.0,0.0,0.0,0.0,0.0,0.0,0.0,0.0,1.0,1.0,0.0,0.0,0.0,0.0,0.0,0.0,0.0,0.0,0.0,0.0,0.0,0.0,1.0,0.0,0.0,0.0,0.0,0.0,0.0,0.0,0.0,0.0,0.0,0.0,0.0,0.0,0.0,0.0,0.0,0.0,0.0
8476389,2025,Vincent Trocheck,NYR,C,5on4,1,142.0,1.0,-0.1,1.0,1.0,1.0,1.0,1.0,1.0,4.0,0.0,0.0,0.0,0.0,0.0,0.0,0.0,0.0,0.0,0.0,0.0,0.0,0.0,0.0,1.0,1.0,0.0,0.0,0.0,0.0,0.0,0.0,0.0,0.0,0.0,0.0,0.0,0.0,1.0,0.0,0.0,0.0,0.0,0.0,0.0,0.0,0.0,0.0,0.0,0.0,0.0,1.0,0.0,0.0,0.0,0.0,0.0,0.0,0.0,0.0,0.0,1.0,0.0,0.0,0.0,1.0,1.0,0.0,0.0,0.0,1.0,1.0,98.0,0.0,0.0,0.0,0.0,1.41,0.13,0.13,0.13,0.13,2.0,0.0,2.0,4.0,0.0,0.0,0.0,2.0,0.0,0.0,0.13,0.0,0.0,0.0,0.0,0.0,4.0,2.0,2.0,0.02,0.0,0.0,0.15,0.15,0.15,0.0,0.0,0.0,0.0,0.0,0.0,0.0,0.0,0.0,0.0,0.0,0.0,0.0,0.0,0.0,0.0,0.0,0.0,0.0,0.0,0.0,0.0,0.0,0.0,0.0,0.0,0.0,0.0,0.0,0.0,0.06,0.0,1.0,0.0,0.0,0.0,0.0,0.0,0.0,0.0
8484144,2025,Connor Bedard,CHI,C,other,1,56.0,0.0,-0.56,1.0,0.0,1.0,0.0,1.0,0.0,1.0,0.0,0.0,0.0,0.0,0.0,0.0,0.0,0.0,0.0,0.0,0.0,0.0,0.0,0.0,0.0,0.0,0.0,0.0,0.0,0.0,0.0,0.0,0.0,0.0,0.0,0.0,0.0,0.0,0.0,0.0,0.0,0.0,0.0,0.0,0.0,0.0,0.0,0.0,0.0,0.0,0.0,0.0,0.0,0.0,0.0,0.0,0.0,0.0,0.0,0.0,0.0,0.0,0.0,0.0,0.0,0.0,0.0,0.0,0.0,0.0,0.0,0.0,0.0,0.0,0.0,0.0,0.0,1.05,0.08,0.08,0.08,0.08,0.0,2.0,1.0,3.0,0.0,0.0,0.0,2.0,0.0,0.0,0.08,0.0,0.0,0.0,0.0,0.0,3.0,2.0,2.0,0.04,0.0,0.0,0.12,0.12,0.12,0.0,0.0,0.0,0.0,0.0,0.0,0.0,0.0,0.0,0.0,0.0,0.0,0.0,0.0,0.0,0.0,0.0,0.0,0.0,0.0,0.0,0.0,0.0,0.0,0.0,0.0,0.0,0.0,0.0,0.0,0.0,0.0,0.0,0.0,0.0,0.0,0.0,0.0,0.0,0.0
8484144,2025,Connor Bedard,CHI,C,all,1,1320.0,26.0,-0.56,0.3,0.26,0.42,0.42,0.34,0.42,1.0,4.51,0.23,0.27,1.08,0.14,2.45,1.84,0.23,0.24,0.24,0.0,0.0,2.0,4.0,0.0,6.0,0.0,0.0,0.0,0.0,1.0,0.0,1.0,4.0,2.0,6.0,0.0,0.0,3.0,0.0,0.0,1.0,5.0,1.0,0.0,0.09,0.14,0.0,0.0,0.0,0.0,6.13,6.0,6.12,1.0,0.06,0.0,0.0,0.29,0.3,0.3,26.0,11.0,2.0,3.0,10.0,2.0,6.0,4.0,14.0,3.0,14.0,2280.0,0.0,0.0,0.0,0.0,7.83,0.58,0.58,0.6,0.59,3.0,8.0,7.0,18.0,0.0,0.0,0.0,8.0,3.0,0.0,0.18,0.4,0.0,0.0,0.0,0.0,18.24,11.0,11.15,0.13,0.0,0.0,0.71,0.72,0.72,15.76,1.34,1.33,1.31,1.3,16.0,5.0,4.0,25.0,0.0,0.0,0.0,14.0,6.0,1.0,0.35,0.77,0.22,0.0,0.0,0.0,24.76,21.0,20.92,0.23,0.0,0.0,1.56,1.53,1.52,1.01,2.8,32.0,44.0,0.0,0.0,0.0,0.0,0.0,0.0
8484144,2025,Connor Bedard,CHI,C,5on5,1,1012.0,20.0,-0.56,0.31,0.32,0.32,0.45,0.27,0.47,1.0,3.11,0.22,0.16,0.73,0.1,1.49,1.31,0.22,0.23,0.23,0.0,0.0,1.0,3.0,0.0,4.0,0.0,0.0,0.0,0.0,0.0,0.0,1.0,3.0,1.0,4.0,0.0,0.0,3.0,0.0,0.0,1.0,3.0,1.0,0.0,0.07,0.14,0.0,0.0,0.0,0.0,4.13,4.0,4.12,1.0,0.03,0.0,0.0,0.25,0.26,0.26,20.0,5.0,2.0,3.0,10.0,1.0,5.0,3.0,11.0,3.0,12.0,1950.0,0.0,0.0,0.0,0.0,5.38,0.48,0.48,0.5,0.5,2.0,5.0,4.0,11.0,0.0,0.0,0.0,4.0,3.0,0.0,0.09,0.4,0.0,0.0,0.0,0.0,11.24,7.0,7.15,0.06,0.0,0.0,0.55,0.57,0.57,14.06,1.1,1.1,1.07,1.07,15.0,4.0,4.0,23.0,0.0,0.0,0.0,13.0,6.0,0.0,0.34,0.77,0.0,0.0,0.0,0.0,22.76,19.0,18.92,0.2,0.0,0.0,1.3,1.27,1.26,0.99,2.07,29.0,36.0,0.0,0.0,0.0,0.0,0.0,0.0
8484144,2025,Connor Bedard,CHI,C,4on5,1,5.0,1.0,-0.56,0.0,0.0,0.0,0.0,0.0,0.0,7.0,0.0,0.0,0.0,0.0,0.0,0.0,0.0,0.0,0.0,0.0,0.0,0.0,0.0,0.0,0.0,0.0,0.0,0.0,0.0,0.0,0.0,0.0,0.0,0.0,0.0,0.0,0.0,0.0,0.0,0.0,0.0,0.0,0.0,0.0,0.0,0.0,0.0,0.0,0.0,0.0,0.0,0.0,0.0,0.0,0.0,0.0,0.0,0.0,0.0,0.0,0.0,1.0,1.0,0.0,0.0,0.0,0.0,1.0,0.0,0.0,0.0,1.0,217.0,0.0,0.0,0.0,0.0,0.0,0.0,0.0,0.0,0.0,0.0,0.0,0.0,0.0,0.0,0.0,0.0,0.0,0.0,0.0,0.0,0.0,0.0,0.0,0.0,0.0,0.0,0.0,0.0,0.0,0.0,0.0,0.0,0.0,0.0,0.0,0.0,0.0,0.0,0.0,0.0,0.0,0.0,0.0,0.0,0.0,0.0,0.0,0.0,0.0,0.0,0.0,0.0,0.0,0.0,0.0,0.0,0.0,0.0,0.0,0.0,0.0,0.0,0.0,0.0,0.0,0.73,0.0,8.0,0.0,0.0,0.0,0.0,0.0,0.0
8484144,2025,Connor Bedard,CHI,C,5on4,1,247.0,5.0,-0.56,0.05,1.0,0.67,1.0,0.5,1.0,1.0,1.4,0.01,0.1,0.35,0.04,0.95,0.53,0.01,0.01,0.01,0.0,0.0,1.0,1.0,0.0,2.0,0.0,0.0,0.0,0.0,1.0,0.0,0.0,1.0,1.0,2.0,0.0,0.0,0.0,0.0,0.0,0.0,2.0,0.0,0.0,0.01,0.0,0.0,0.0,0.0,0.0,2.0,2.0,2.0,0.0,0.02,0.0,0.0,0.04,0.04,0.04,5.0,5.0,0.0,0.0,0.0,1.0,0.0,1.0,3.0,0.0,1.0,113.0,0.0,0.0,0.0,0.0,1.4,0.01,0.01,0.01,0.01,1.0,1.0,2.0,4.0,0.0,0.0,0.0,2.0,0.0,0.0,0.01,0.0,0.0,0.0,0.0,0.0,4.0,2.0,2.0,0.02,0.0,0.0,0.04,0.04,0.04,1.7,0.23,0.23,0.23,0.23,1.0,1.0,0.0,2.0,0.0,0.0,0.0,1.0,0.0,1.0,0.01,0.0,0.22,0.0,0.0,0.0,2.0,2.0,2.0,0.03,0.0,0.0,0.26,0.26,0.26,0.02,0.0,3.0,0.0,0.0,0.0,0.0,0.0,0.0,0.0
8477933,2025,Sam Reinhart,FLA,C,other,1,56.0,0.0,0.15,0.0,0.0,0.0,0.0,0.0,0.0,3.0,0.0,0.0,0.0,0.0,0.0,0.0,0.0,0.0,0.0,0.0,0.0,0.0,0.0,0.0,0.0,0.0,0.0,0.0,0.0,0.0,0.0,0.0,0.0,0.0,0.0,0.0,0.0,0.0,0.0,0.0,0.0,0.0,0.0,0.0,0.0,0.0,0.0,0.0,0.0,0.0,0.0,0.0,0.0,0.0,0.0,0.0,0.0,0.0,0.0,0.0,0.0,0.0,0.0,0.0,0.0,0.0,0.0,0.0,0.0,0.0,0.0,0.0,0.0,0.0,0.0,0.0,0.0,0.0,0.0,0.0,0.0,0.0,0.0,0.0,0.0,0.0,0.0,0.0,0.0,0.0,0.0,0.0,0.0,0.0,0.0,0.0,0.0,0.0,0.0,0.0,0.0,0.0,0.0,0.0,0.0,0.0,0.0,1.05,0.08,0.08,0.08,0.08,0.0,2.0,1.0,3.0,0.0,0.0,0.0,2.0,0.0,0.0,0.08,0.0,0.0,0.0,0.0,0.0,3.0,2.0,2.0,0.04,0.0,0.0,0.12,0.12,0.12,0.0,0.0,0.0,0.0,0.0,0.0,0.0,0.0,0.0,0.0
8477933,2025,Sam Reinhart,FLA,C,all,1,1094.0,23.0,0.15,0.74,0.71,0.49,0.63,0.57,0.63,6.0,3.01,0.57,0.31,0.58,0.1,1.57,0.86,0.53,0.56,0.52,0.0,0.0,3.0,1.0,1.0,5.0,0.0,0.0,1.0,0.0,0.0,0.0,2.0,1.0,3.0,4.0,0.0,0.0,2.0,1.0,0.0,2.0,1.0,2.0,1.0,0.07,0.27,0.23,0.0,0.0,0.0,5.02,4.0,4.01,1.0,0.07,0.26,0.23,0.41,0.41,0.4,23.0,4.0,4.0,7.0,8.0,2.0,5.0,1.0,15.0,2.0,4.0,2506.0,0.0,0.0,0.0,2.0,11.76,1.38,1.29,1.36,1.27,12.0,4.0,4.0,20.0,0.0,2.0,0.0,10.0,4.0,2.0,0.37,0.51,0.49,0.0,0.0,0.0,20.14,16.0,16.15,0.2,0.49,0.49,1.09,1.07,1.05,8.31,0.48,0.48,0.48,0.48,3.0,9.0,9.0,21.0,1.0,0.0,0.0,11.0,1.0,0.0,0.31,0.17,0.0,1.0,0.0,0.0,21.16,12.0,12.01,0.13,0.0,0.0,0.6,0.61,0.61,2.76,1.11,49.0,29.0,0.0,0.0,0.0,0.0,0.0,0.0
8477933,2025,Sam Reinhart,FLA,C,5on5,1,815.0,20.0,0.15,0.67,0.69,0.5,0.63,0.55,0.63,6.0,1.53,0.32,0.17,0.34,0.06,0.68,0.43,0.29,0.31,0.28,0.0,0.0,2.0,0.0,1.0,3.0,0.0,0.0,0.0,0.0,0.0,0.0,1.0,1.0,2.0,2.0,0.0,0.0,1.0,1.0,0.0,1.0,0.0,1.0,1.0,0.0,0.09,0.23,0.0,0.0,0.0,3.02,2.0,2.01,1.0,0.04,0.0,0.23,0.13,0.13,0.12,20.0,3.0,3.0,7.0,7.0,2.0,4.0,1.0,13.0,1.0,3.0,2147.0,0.0,0.0,0.0,1.0,8.0,0.79,0.75,0.77,0.73,8.0,3.0,3.0,14.0,0.0,1.0,0.0,7.0,3.0,1.0,0.22,0.34,0.23,0.0,0.0,0.0,14.14,11.0,11.15,0.12,0.23,0.23,0.68,0.67,0.66,6.57,0.39,0.39,0.39,0.39,3.0,6.0,5.0,14.0,1.0,0.0,0.0,8.0,1.0,0.0,0.22,0.17,0.0,1.0,0.0,0.0,14.16,9.0,9.01,0.07,0.0,0.0,0.46,0.47,0.47,2.38,1.09,45.0,26.0,0.0,0.0,0.0,0.0,0.0,0.0
8477933,2025,Sam Reinhart,FLA,C,4on5,1,82.0,2.0,0.15,0.0,0.91,0.0,0.4,0.0,0.5,4.0,0.0,0.0,0.0,0.0,0.0,0.0,0.0,0.0,0.0,0.0,0.0,0.0,0.0,0.0,0.0,0.0,0.0,0.0,0.0,0.0,0.0,0.0,0.0,0.0,0.0,0.0,0.0,0.0,0.0,0.0,0.0,0.0,0.0,0.0,0.0,0.0,0.0,0.0,0.0,0.0,0.0,0.0,0.0,0.0,0.0,0.0,0.0,0.0,0.0,0.0,0.0,2.0,0.0,1.0,0.0,1.0,0.0,1.0,0.0,1.0,0.0,0.0,278.0,0.0,0.0,0.0,0.0,0.0,0.0,0.0,0.0,0.0,0.0,0.0,0.0,0.0,0.0,0.0,0.0,0.0,0.0,0.0,0.0,0.0,0.0,0.0,0.0,0.0,0.0,0.0,0.0,0.0,0.0,0.0,0.0,0.0,0.0,0.7,0.01,0.01,0.01,0.01,0.0,1.0,3.0,4.0,0.0,0.0,0.0,1.0,0.0,0.0,0.01,0.0,0.0,0.0,0.0,0.0,4.0,1.0,1.0,0.02,0.0,0.0,0.02,0.02,0.02,0.23,0.02,2.0,3.0,0.0,0.0,0.0,0.0,0.0,0.0
8477933,2025,Sam Reinhart,FLA,C,5on4,1,141.0,1.0,0.15,1.0,1.0,1.0,1.0,1.0,1.0,2.0,1.48,0.25,0.15,0.24,0.04,0.89,0.43,0.24,0.25,0.24,0.0,0.0,1.0,1.0,0.0,2.0,0.0,0.0,1.0,0.0,0.0,0.0,1.0,0.0,1.0,2.0,0.0,0.0,1.0,0.0,0.0,1.0,1.0,1.0,0.0,0.07,0.17,0.0,0.0,0.0,0.0,2.0,2.0,2.0,0.0,0.04,0.26,0.0,0.28,0.28,0.28,1.0,1.0,0.0,0.0,0.0,0.0,0.0,0.0,1.0,1.0,1.0,81.0,0.0,0.0,0.0,1.0,3.77,0.59,0.54,0.59,0.54,4.0,1.0,1.0,6.0,0.0,1.0,0.0,3.0,1.0,1.0,0.15,0.17,0.26,0.0,0.0,0.0,6.0,5.0,5.0,0.08,0.26,0.26,0.4,0.4,0.4,0.0,0.0,0.0,0.0,0.0,0.0,0.0,0.0,0.0,0.0,0.0,0.0,0.0,0.0,0.0,0.0,0.0,0.0,0.0,0.0,0.0,0.0,0.0,0.0,0.0,0.0,0.0,0.0,0.0,0.0,0.14,0.0,2.0,0.0,0.0,0.0,0.0,0.0,0.0,0.0
8474563,2025,Drew Doughty,LAK,D,other,1,39.0,1.0,0.5,1.0,1.0,1.0,1.0,1.0,1.0,2.0,0.0,0.0,0.0,0.0,0.0,0.0,0.0,0.0,0.0,0.0,0.0,0.0,0.0,0.0,0.0,0.0,0.0,0.0,0.0,0.0,0.0,0.0,0.0,0.0,0.0,0.0,0.0,0.0,0.0,0.0,0.0,0.0,0.0,0.0,0.0,0.0,0.0,0.0,0.0,0.0,0.0,0.0,0.0,0.0,0.0,0.0,0.0,0.0,0.0,0.0,0.0,1.0,0.0,0.0,0.0,1.0,0.0,1.0,0.0,0.0,0.0,0.0,152.0,0.0,0.0,0.0,0.0,0.85,0.07,0.07,0.07,0.07,1.0,0.0,1.0,2.0,0.0,0.0,0.0,1.0,0.0,0.0,0.07,0.0,0.0,0.0,0.0,0.0,2.0,1.0,1.0,0.03,0.0,0.0,0.09,0.09,0.09,0.0,0.0,0.0,0.0,0.0,0.0,0.0,0.0,0.0,0.0,0.0,0.0,0.0,0.0,0.0,0.0,0.0,0.0,0.0,0.0,0.0,0.0,0.0,0.0,0.0,0.0,0.0,0.0,0.0,0.0,0.48,0.0,8.0,0.0,0.0,0.0,0.0,0.0,0.0,0.0
8474563,2025,Drew Doughty,LAK,D,all,1,1360.0,26.0,0.5,0.47,0.62,0.68,0.52,0.61,0.53,1.0,2.59,0.15,0.21,0.66,0.09,1.84,1.05,0.15,0.14,0.14,0.0,0.0,2.0,2.0,4.0,8.0,0.0,0.0,0.0,0.0,0.0,0.0,1.0,3.0,2.0,4.0,0.0,0.0,0.0,1.0,1.0,4.0,4.0,0.0,0.0,0.15,0.0,0.0,0.0,0.0,0.0,7.4,4.0,3.77,2.0,0.04,0.0,0.0,0.2,0.19,0.18,26.0,5.0,6.0,6.0,9.0,3.0,3.0,3.0,17.0,0.0,0.0,2240.0,0.0,0.0,0.0,0.0,11.38,0.93,0.92,0.89,0.87,12.0,5.0,9.0,26.0,0.0,0.0,0.0,13.0,4.0,0.0,0.46,0.47,0.0,0.0,0.0,0.0,24.21,17.0,16.06,0.19,0.0,0.0,1.12,1.07,1.05,8.19,1.06,1.06,1.1,1.1,8.0,3.0,1.0,12.0,2.0,0.0,0.0,7.0,3.0,1.0,0.14,0.44,0.48,0.0,1.0,1.0,12.7,11.0,11.6,0.13,0.0,0.0,1.19,1.24,1.24,1.67,1.03,40.0,37.0,0.0,0.0,0.0,0.0,0.0,0.0
8474563,2025,Drew Doughty,LAK,D,5on5,1,837.0,14.0,0.5,0.47,0.52,0.69,0.49,0.61,0.49,4.0,1.3,0.07,0.09,0.38,0.04,0.81,0.61,0.07,0.07,0.07,0.0,0.0,0.0,2.0,3.0,5.0,0.0,0.0,0.0,0.0,0.0,0.0,0.0,2.0,0.0,2.0,0.0,0.0,0.0,1.0,0.0,3.0,2.0,0.0,0.0,0.07,0.0,0.0,0.0,0.0,0.0,4.4,2.0,1.76,1.0,0.02,0.0,0.0,0.09,0.08,0.08,14.0,4.0,0.0,4.0,6.0,1.0,1.0,0.0,12.0,0.0,0.0,1631.0,0.0,0.0,0.0,0.0,7.38,0.49,0.48,0.44,0.44,6.0,5.0,7.0,18.0,0.0,0.0,0.0,9.0,2.0,0.0,0.25,0.24,0.0,0.0,0.0,0.0,16.21,11.0,10.06,0.1,0.0,0.0,0.58,0.53,0.53,5.28,0.55,0.54,0.59,0.59,4.0,3.0,1.0,8.0,1.0,0.0,0.0,4.0,3.0,0.0,0.1,0.44,0.0,0.0,1.0,0.0,8.7,7.0,7.6,0.06,0.0,0.0,0.6,0.65,0.65,1.09,1.01,30.0,31.0,0.0,0.0,1.0,0.0,0.0,0.0
8474563,2025,Drew Doughty,LAK,D,4on5,1,307.0,8.0,0.5,0.0,0.0,0.0,0.0,0.0,0.0,2.0,0.0,0.0,0.0,0.0,0.0,0.0,0.0,0.0,0.0,0.0,0.0,0.0,0.0,0.0,0.0,0.0,0.0,0.0,0.0,0.0,0.0,0.0,0.0,0.0,0.0,0.0,0.0,0.0,0.0,0.0,0.0,1.0,0.0,0.0,0.0,0.0,0.0,0.0,0.0,0.0,0.0,0.0,0.0,0.0,1.0,0.0,0.0,0.0,0.0,0.0,0.0,8.0,0.0,6.0,2.0,0.0,0.0,1.0,3.0,4.0,0.0,0.0,298.0,0.0,0.0,0.0,0.0,0.0,0.0,0.0,0.0,0.0,0.0,0.0,0.0,0.0,0.0,0.0,0.0,0.0,0.0,0.0,0.0,0.0,0.0,0.0,0.0,0.0,0.0,0.0,0.0,0.0,0.0,0.0,0.0,0.0,0.0,2.91,0.52,0.52,0.52,0.52,4.0,0.0,0.0,4.0,1.0,0.0,0.0,3.0,0.0,1.0,0.04,0.0,0.48,0.0,0.0,1.0,4.0,4.0,4.0,0.07,0.0,0.0,0.59,0.59,0.59,0.0,0.02,0.0,6.0,0.0,0.0,0.0,0.0,0.0,0.0
8474563,2025,Drew Doughty,LAK,D,5on4,1,177.0,3.0,0.5,1.0,1.0,1.0,1.0,1.0,1.0,2.0,1.29,0.08,0.12,0.29,0.04,1.03,0.45,0.08,0.08,0.08,0.0,0.0,2.0,0.0,1.0,3.0,0.0,0.0,0.0,0.0,0.0,0.0,1.0,1.0,2.0,2.0,0.0,0.0,0.0,0.0,1.0,0.0,2.0,0.0,0.0,0.08,0.0,0.0,0.0,0.0,0.0,3.0,2.0,2.0,0.0,0.03,0.0,0.0,0.1,0.1,0.1,3.0,1.0,0.0,0.0,2.0,2.0,0.0,0.0,1.0,0.0,0.0,159.0,0.0,0.0,0.0,0.0,3.14,0.38,0.37,0.38,0.37,5.0,0.0,1.0,6.0,0.0,0.0,0.0,3.0,2.0,0.0,0.15,0.23,0.0,0.0,0.0,0.0,6.0,5.0,5.0,0.07,0.0,0.0,0.45,0.45,0.43,0.0,0.0,0.0,0.0,0.0,0.0,0.0,0.0,0.0,0.0,0.0,0.0,0.0,0.0,0.0,0.0,0.0,0.0,0.0,0.0,0.0,0.0,0.0,0.0,0.0,0.0,0.0,0.0,0.0,0.0,0.1,0.0,2.0,0.0,0.0,0.0,0.0,0.0,0.0,0.0
8482155,2025,Alex Laferriere,LAK,R,other,1,52.0,1.0,0.15,1.0,1.0,1.0,1.0,1.0,1.0,7.0,0.0,0.0,0.0,0.0,0.0,0.0,0.0,0.0,0.0,0.0,0.0,0.0,0.0,0.0,0.0,0.0,0.0,0.0,0.0,0.0,0.0,0.0,0.0,0.0,0.0,0.0,0.0,0.0,0.0,0.0,0.0,0.0,0.0,0.0,0.0,0.0,0.0,0.0,0.0,0.0,0.0,0.0,0.0,0.0,0.0,0.0,0.0,0.0,0.0,0.0,0.0,1.0,1.0,0.0,0.0,0.0,0.0,1.0,0.0,0.0,0.0,0.0,139.0,0.0,0.0,0.0,0.0,0.85,0.07,0.07,0.07,0.07,1.0,0.0,1.0,2.0,0.0,0.0,0.0,1.0,0.0,0.0,0.07,0.0,0.0,0.0,0.0,0.0,2.0,1.0,1.0,0.03,0.0,0.0,0.09,0.09,0.09,0.0,0.0,0.0,0.0,0.0,0.0,0.0,0.0,0.0,0.0,0.0,0.0,0.0,0.0,0.0,0.0,0.0,0.0,0.0,0.0,0.0,0.0,0.0,0.0,0.0,0.0,0.0,0.0,0.0,0.0,0.48,0.0,8.0,0.0,0.0,0.0,0.0,0.0,0.0,0.0
8482155,2025,Alex Laferriere,LAK,R,all,1,1046.0,22.0,0.15,0.62,0.52,0.62,0.55,0.63,0.52,6.0,1.09,0.1,0.09,0.2,0.05,0.96,0.6,0.1,0.09,0.09,0.0,0.0,1.0,1.0,0.0,2.0,0.0,0.0,1.0,0.0,0.0,0.0,0.0,1.0,1.0,2.0,0.0,0.0,1.0,0.0,0.0,2.0,1.0,1.0,0.0,0.02,0.08,0.0,0.0,0.0,0.0,1.82,2.0,1.85,0.0,0.02,0.32,0.0,0.12,0.11,0.11,22.0,2.0,5.0,1.0,14.0,7.0,4.0,0.0,11.0,1.0,3.0,2554.0,0.0,0.0,0.0,0.0,11.69,1.02,1.0,0.98,0.96,13.0,4.0,7.0,24.0,0.0,1.0,0.0,13.0,3.0,1.0,0.39,0.31,0.32,0.0,0.0,0.0,22.45,17.0,16.0,0.19,0.32,0.32,0.89,0.85,0.83,7.29,0.63,0.61,0.7,0.68,8.0,2.0,5.0,15.0,1.0,1.0,1.0,7.0,2.0,1.0,0.23,0.17,0.23,0.0,0.0,1.0,16.21,10.0,10.94,0.15,0.23,0.23,0.55,0.59,0.59,1.58,1.46,42.0,34.0,0.0,0.0,0.0,0.0,0.0,0.0
8482155,2025,Alex Laferriere,LAK,R,5on5,1,679.0,15.0,0.15,0.49,0.51,0.59,0.53,0.58,0.5,5.0,1.09,0.1,0.09,0.2,0.05,0.96,0.6,0.1,0.09,0.09,0.0,0.0,1.0,1.0,0.0,2.0,0.0,0.0,1.0,0.0,0.0,0.0,0.0,1.0,1.0,2.0,0.0,0.0,1.0,0.0,0.0,2.0,1.0,1.0,0.0,0.02,0.08,0.0,0.0,0.0,0.0,1.82,2.0,1.85,0.0,0.02,0.32,0.0,0.12,0.11,0.11,15.0,1.0,3.0,1.0,10.0,6.0,2.0,0.0,7.0,1.0,1.0,1789.0,0.0,0.0,0.0,0.0,7.69,0.57,0.56,0.54,0.53,7.0,4.0,5.0,16.0,0.0,1.0,0.0,9.0,1.0,1.0,0.17,0.08,0.32,0.0,0.0,0.0,14.45,11.0,10.0,0.09,0.32,0.32,0.34,0.31,0.31,5.97,0.61,0.59,0.68,0.65,6.0,2.0,3.0,11.0,1.0,1.0,1.0,5.0,2.0,1.0,0.2,0.17,0.23,0.0,0.0,1.0,12.21,8.0,8.94,0.1,0.23,0.23,0.47,0.52,0.52,1.0,0.94,32.0,28.0,0.06,0.0,2.0,0.0,2.0,0.0
8482155,2025,Alex Laferriere,LAK,R,4on5,1,124.0,4.0,0.15,0.0,0.0,0.0,0.0,0.0,0.0,6.0,0.0,0.0,0.0,0.0,0.0,0.0,0.0,0.0,0.0,0.0,0.0,0.0,0.0,0.0,0.0,0.0,0.0,0.0,0.0,0.0,0.0,0.0,0.0,0.0,0.0,0.0,0.0,0.0,0.0,0.0,0.0,0.0,0.0,0.0,0.0,0.0,0.0,0.0,0.0,0.0,0.0,0.0,0.0,0.0,0.0,0.0,0.0,0.0,0.0,0.0,0.0,4.0,0.0,2.0,0.0,2.0,0.0,1.0,0.0,3.0,0.0,0.0,481.0,0.0,0.0,0.0,0.0,0.0,0.0,0.0,0.0,0.0,0.0,0.0,0.0,0.0,0.0,0.0,0.0,0.0,0.0,0.0,0.0,0.0,0.0,0.0,0.0,0.0,0.0,0.0,0.0,0.0,0.0,0.0,0.0,0.0,0.0,1.32,0.03,0.03,0.03,0.03,2.0,0.0,2.0,4.0,0.0,0.0,0.0,2.0,0.0,0.0,0.03,0.0,0.0,0.0,0.0,0.0,4.0,2.0,2.0,0.04,0.0,0.0,0.07,0.07,0.07,0.0,0.52,0.0,6.0,0.0,0.0,0.0,0.0,0.0,0.0
8482155,2025,Alex Laferriere,LAK,R,5on4,1,191.0,2.0,0.15,1.0,1.0,1.0,1.0,1.0,1.0,1.0,0.0,0.0,0.0,0.0,0.0,0.0,0.0,0.0,0.0,0.0,0.0,0.0,0.0,0.0,0.0,0.0,0.0,0.0,0.0,0.0,0.0,0.0,0.0,0.0,0.0,0.0,0.0,0.0,0.0,0.0,0.0,0.0,0.0,0.0,0.0,0.0,0.0,0.0,0.0,0.0,0.0,0.0,0.0,0.0,0.0,0.0,0.0,0.0,0.0,0.0,0.0,2.0,0.0,0.0,0.0,2.0,1.0,0.0,0.0,1.0,0.0,2.0,145.0,0.0,0.0,0.0,0.0,3.14,0.38,0.37,0.38,0.37,5.0,0.0,1.0,6.0,0.0,0.0,0.0,3.0,2.0,0.0,0.15,0.23,0.0,0.0,0.0,0.0,6.0,5.0,5.0,0.07,0.0,0.0,0.45,0.45,0.43,0.0,0.0,0.0,0.0,0.0,0.0,0.0,0.0,0.0,0.0,0.0,0.0,0.0,0.0,0.0,0.0,0.0,0.0,0.0,0.0,0.0,0.0,0.0,0.0,0.0,0.0,0.0,0.0,0.0,0.0,0.1,0.0,2.0,0.0,0.0,0.0,0.0,0.0,0.0,0.0
8478840,2025,Will Borgen,NYR,D,other,1,0.0,0.0,0.0,0.0,0.0,0.0,0.0,0.0,0.0,0.0,0.0,0.0,0.0,0.0,0.0,0.0,0.0,0.0,0.0,0.0,0.0,0.0,0.0,0.0,0.0,0.0,0.0,0.0,0.0,0.0,0.0,0.0,0.0,0.0,0.0,0.0,0.0,0.0,0.0,0.0,0.0,0.0,0.0,0.0,0.0,0.0,0.0,0.0,0.0,0.0,0.0,0.0,0.0,0.0,0.0,0.0,0.0,0.0,0.0,0.0,0.0,0.0,0.0,0.0,0.0,0.0,0.0,0.0,0.0,0.0,0.0,0.0,0.0,0.0,0.0,0.0,0.0,0.0,0.0,0.0,0.0,0.0,0.0,0.0,0.0,0.0,0.0,0.0,0.0,0.0,0.0,0.0,0.0,0.0,0.0,0.0,0.0,0.0,0.0,0.0,0.0,0.0,0.0,0.0,0.0,0.0,0.0,0.0,0.0,0.0,0.0,0.0,0.0,0.0,0.0,0.0,0.0,0.0,0.0,0.0,0.0,0.0,0.0,0.0,0.0,0.0,0.0,0.0,0.0,0.0,0.0,0.0,0.0,0.0,0.0,0.0,0.0,0.0,0.0,0.0,0.0,0.0,0.0,0.0,0.0,0.0,0.0
8478840,2025,Will Borgen,NYR,D,all,1,1073.0,25.0,0.47,0.61,0.3,0.55,0.47,0.61,0.43,5.0,1.47,0.02,0.07,0.44,0.04,0.81,0.62,0.02,0.02,0.02,0.0,0.0,1.0,1.0,1.0,3.0,0.0,0.0,1.0,0.0,0.0,0.0,1.0,0.0,1.0,2.0,0.0,0.0,0.0,2.0,0.0,0.0,2.0,0.0,0.0,0.02,0.0,0.0,0.0,0.0,0.0,2.8,2.0,1.89,0.0,0.01,0.31,0.0,0.03,0.03,0.03,25.0,2.0,3.0,1.0,19.0,3.0,5.0,0.0,17.0,0.0,0.0,2527.0,0.0,0.0,0.0,3.0,10.18,0.79,0.79,0.73,0.73,11.0,3.0,10.0,24.0,0.0,2.0,0.0,11.0,2.0,1.0,0.26,0.22,0.31,0.0,0.0,0.0,22.18,14.0,12.99,0.14,0.44,0.44,0.5,0.46,0.46,6.78,0.5,0.45,0.55,0.49,8.0,1.0,11.0,20.0,0.0,1.0,0.0,7.0,2.0,0.0,0.24,0.26,0.0,0.0,0.0,0.0,21.67,9.0,9.83,0.09,0.15,0.15,0.45,0.49,0.42,1.71,3.93,36.0,41.0,0.0,0.0,0.0,0.0,0.0,0.0
8478840,2025,Will Borgen,NYR,D,5on5,1,999.0,21.0,0.47,0.61,0.38,0.56,0.43,0.61,0.41,5.0,1.47,0.02,0.07,0.44,0.04,0.81,0.62,0.02,0.02,0.02,0.0,0.0,1.0,1.0,1.0,3.0,0.0,0.0,1.0,0.0,0.0,0.0,1.0,0.0,1.0,2.0,0.0,0.0,0.0,2.0,0.0,0.0,2.0,0.0,0.0,0.02,0.0,0.0,0.0,0.0,0.0,2.8,2.0,1.89,0.0,0.01,0.31,0.0,0.03,0.03,0.03,21.0,0.0,2.0,1.0,18.0,2.0,5.0,0.0,14.0,0.0,0.0,2218.0,0.0,0.0,0.0,3.0,10.18,0.79,0.79,0.73,0.73,11.0,3.0,10.0,24.0,0.0,2.0,0.0,11.0,2.0,1.0,0.26,0.22,0.31,0.0,0.0,0.0,22.18,14.0,12.99,0.14,0.44,0.44,0.5,0.46,0.46,6.78,0.5,0.45,0.55,0.49,8.0,1.0,10.0,19.0,0.0,1.0,0.0,7.0,2.0,0.0,0.24,0.26,0.0,0.0,0.0,0.0,20.67,9.0,9.83,0.09,0.15,0.15,0.45,0.49,0.42,1.52,2.52,30.0,39.0,0.12,0.0,2.0,0.0,1.0,0.0
8478840,2025,Will Borgen,NYR,D,4on5,1,59.0,2.0,0.47,0.0,0.0,0.0,0.0,0.0,0.0,2.0,0.0,0.0,0.0,0.0,0.0,0.0,0.0,0.0,0.0,0.0,0.0,0.0,0.0,0.0,0.0,0.0,0.0,0.0,0.0,0.0,0.0,0.0,0.0,0.0,0.0,0.0,0.0,0.0,0.0,0.0,0.0,0.0,0.0,0.0,0.0,0.0,0.0,0.0,0.0,0.0,0.0,0.0,0.0,0.0,0.0,0.0,0.0,0.0,0.0,0.0,0.0,2.0,0.0,1.0,0.0,1.0,0.0,0.0,0.0,2.0,0.0,0.0,61.0,0.0,0.0,0.0,0.0,0.0,0.0,0.0,0.0,0.0,0.0,0.0,0.0,0.0,0.0,0.0,0.0,0.0,0.0,0.0,0.0,0.0,0.0,0.0,0.0,0.0,0.0,0.0,0.0,0.0,0.0,0.0,0.0,0.0,0.0,0.0,0.0,0.0,0.0,0.0,0.0,0.0,1.0,1.0,0.0,0.0,0.0,0.0,0.0,0.0,0.0,0.0,0.0,0.0,0.0,0.0,1.0,0.0,0.0,0.0,0.0,0.0,0.0,0.0,0.0,0.0,0.0,0.0,0.0,0.0,0.0,0.0,0.0,0.0,0.0
8478840,2025,Will Borgen,NYR,D,5on4,1,15.0,2.0,0.47,0.0,1.0,0.0,1.0,0.0,1.0,4.0,0.0,0.0,0.0,0.0,0.0,0.0,0.0,0.0,0.0,0.0,0.0,0.0,0.0,0.0,0.0,0.0,0.0,0.0,0.0,0.0,0.0,0.0,0.0,0.0,0.0,0.0,0.0,0.0,0.0,0.0,0.0,0.0,0.0,0.0,0.0,0.0,0.0,0.0,0.0,0.0,0.0,0.0,0.0,0.0,0.0,0.0,0.0,0.0,0.0,0.0,0.0,2.0,2.0,0.0,0.0,0.0,1.0,0.0,0.0,1.0,0.0,0.0,225.0,0.0,0.0,0.0,0.0,0.0,0.0,0.0,0.0,0.0,0.0,0.0,0.0,0.0,0.0,0.0,0.0,0.0,0.0,0.0,0.0,0.0,0.0,0.0,0.0,0.0,0.0,0.0,0.0,0.0,0.0,0.0,0.0,0.0,0.0,0.0,0.0,0.0,0.0,0.0,0.0,0.0,0.0,0.0,0.0,0.0,0.0,0.0,0.0,0.0,0.0,0.0,0.0,0.0,0.0,0.0,0.0,0.0,0.0,0.0,0.0,0.0,0.0,0.0,0.0,0.19,0.0,5.0,0.0,0.0,0.0,0.0,0.0,0.0,0.0
8478452,2025,Caleb Jones,PIT,D,other,1,0.0,0.0,0.0,0.0,0.0,0.0,0.0,0.0,0.0,0.0,0.0,0.0,0.0,0.0,0.0,0.0,0.0,0.0,0.0,0.0,0.0,0.0,0.0,0.0,0.0,0.0,0.0,0.0,0.0,0.0,0.0,0.0,0.0,0.0,0.0,0.0,0.0,0.0,0.0,0.0,0.0,0.0,0.0,0.0,0.0,0.0,0.0,0.0,0.0,0.0,0.0,0.0,0.0,0.0,0.0,0.0,0.0,0.0,0.0,0.0,0.0,0.0,0.0,0.0,0.0,0.0,0.0,0.0,0.0,0.0,0.0,0.0,0.0,0.0,0.0,0.0,0.0,0.0,0.0,0.0,0.0,0.0,0.0,0.0,0.0,0.0,0.0,0.0,0.0,0.0,0.0,0.0,0.0,0.0,0.0,0.0,0.0,0.0,0.0,0.0,0.0,0.0,0.0,0.0,0.0,0.0,0.0,0.0,0.0,0.0,0.0,0.0,0.0,0.0,0.0,0.0,0.0,0.0,0.0,0.0,0.0,0.0,0.0,0.0,0.0,0.0,0.0,0.0,0.0,0.0,0.0,0.0,0.0,0.0,0.0,0.0,0.0,0.0,0.0,0.0,0.0,0.0,0.0,0.0,0.0,0.0,0.0
8478452,2025,Caleb Jones,PIT,D,all,1,936.0,20.0,0.03,0.35,0.7,0.47,0.52,0.42,0.55,5.0,1.38,0.02,0.06,0.35,0.04,0.78,0.75,0.02,0.02,0.02,0.0,0.0,1.0,1.0,1.0,3.0,0.0,0.0,0.0,0.0,0.0,0.0,0.0,2.0,1.0,2.0,0.0,0.0,0.0,2.0,0.0,0.0,2.0,0.0,0.0,0.02,0.0,0.0,0.0,0.0,0.0,3.31,2.0,2.2,0.0,0.01,0.0,0.0,0.03,0.03,0.03,20.0,2.0,1.0,1.0,16.0,2.0,1.0,1.0,16.0,0.0,0.0,2664.0,0.0,0.0,0.0,1.0,5.95,0.42,0.42,0.45,0.45,5.0,3.0,7.0,15.0,0.0,0.0,0.0,7.0,0.0,1.0,0.16,0.0,0.26,0.0,0.0,0.0,16.44,8.0,8.72,0.07,0.0,0.0,0.49,0.53,0.53,8.06,0.77,0.77,0.73,0.73,5.0,6.0,6.0,17.0,0.0,1.0,0.0,7.0,3.0,1.0,0.17,0.3,0.31,0.0,0.0,0.0,15.88,11.0,10.35,0.12,0.31,0.31,0.59,0.55,0.55,4.01,1.73,46.0,43.0,0.0,0.0,0.0,0.0,0.0,0.0
8478452,2025,Caleb Jones,PIT,D,5on5,1,897.0,18.0,0.03,0.35,0.63,0.47,0.54,0.42,0.56,5.0,1.38,0.02,0.06,0.35,0.04,0.78,0.75,0.02,0.02,0.02,0.0,0.0,1.0,1.0,1.0,3.0,0.0,0.0,0.0,0.0,0.0,0.0,0.0,2.0,1.0,2.0,0.0,0.0,0.0,2.0,0.0,0.0,2.0,0.0,0.0,0.02,0.0,0.0,0.0,0.0,0.0,3.31,2.0,2.2,0.0,0.01,0.0,0.0,0.03,0.03,0.03,18.0,2.0,1.0,1.0,14.0,2.0,1.0,1.0,14.0,0.0,0.0,2320.0,0.0,0.0,0.0,1.0,5.95,0.42,0.42,0.45,0.45,5.0,3.0,7.0,15.0,0.0,0.0,0.0,7.0,0.0,1.0,0.16,0.0,0.26,0.0,0.0,0.0,16.44,8.0,8.72,0.07,0.0,0.0,0.49,0.53,0.53,8.06,0.77,0.77,0.73,0.73,5.0,6.0,6.0,17.0,0.0,1.0,0.0,7.0,3.0,1.0,0.17,0.3,0.31,0.0,0.0,0.0,15.88,11.0,10.35,0.12,0.31,0.31,0.59,0.55,0.55,2.6,1.54,43.0,37.0,0.0,0.0,1.0,0.0,0.0,0.0
8478452,2025,Caleb Jones,PIT,D,4on5,1,20.0,1.0,0.03,0.0,0.0,0.0,0.0,0.0,0.0,5.0,0.0,0.0,0.0,0.0,0.0,0.0,0.0,0.0,0.0,0.0,0.0,0.0,0.0,0.0,0.0,0.0,0.0,0.0,0.0,0.0,0.0,0.0,0.0,0.0,0.0,0.0,0.0,0.0,0.0,0.0,0.0,0.0,0.0,0.0,0.0,0.0,0.0,0.0,0.0,0.0,0.0,0.0,0.0,0.0,0.0,0.0,0.0,0.0,0.0,0.0,0.0,1.0,0.0,0.0,0.0,1.0,0.0,0.0,0.0,1.0,0.0,0.0,220.0,0.0,0.0,0.0,0.0,0.0,0.0,0.0,0.0,0.0,0.0,0.0,0.0,0.0,0.0,0.0,0.0,0.0,0.0,0.0,0.0,0.0,0.0,0.0,0.0,0.0,0.0,0.0,0.0,0.0,0.0,0.0,0.0,0.0,0.0,0.0,0.0,0.0,0.0,0.0,0.0,0.0,0.0,0.0,0.0,0.0,0.0,0.0,0.0,0.0,0.0,0.0,0.0,0.0,0.0,0.0,0.0,0.0,0.0,0.0,0.0,0.0,0.0,0.0,0.0,0.0,0.19,0.0,5.0,0.0,0.0,0.0,0.0,0.0,0.0
8478452,2025,Caleb Jones,PIT,D,5on4,1,19.0,1.0,0.03,0.0,0.0,0.0,1.0,0.0,0.0,5.0,0.0,0.0,0.0,0.0,0.0,0.0,0.0,0.0,0.0,0.0,0.0,0.0,0.0,0.0,0.0,0.0,0.0,0.0,0.0,0.0,0.0,0.0,0.0,0.0,0.0,0.0,0.0,0.0,0.0,0.0,0.0,0.0,0.0,0.0,0.0,0.0,0.0,0.0,0.0,0.0,0.0,0.0,0.0,0.0,0.0,0.0,0.0,0.0,0.0,0.0,0.0,1.0,0.0,0.0,0.0,1.0,0.0,0.0,0.0,1.0,0.0,0.0,101.0,0.0,0.0,0.0,0.0,0.0,0.0,0.0,0.0,0.0,0.0,0.0,0.0,0.0,0.0,0.0,0.0,0.0,0.0,0.0,0.0,0.0,0.0,0.0,0.0,0.0,0.0,0.0,0.0,0.0,0.0,0.0,0.0,0.0,0.0,0.0,0.0,0.0,0.0,0.0,0.0,0.0,0.0,0.0,0.0,0.0,0.0,0.0,0.0,0.0,0.0,0.0,0.0,0.0,0.0,0.0,0.0,0.0,0.0,0.0,0.0,0.0,0.0,0.0,0.0,0.0,0.0,1.0,0.0,0.0,0.0,0.0,0.0,0.0,0.0
8478450,2025,Parker Wotherspoon,PIT,D,other,1,0.0,0.0,0.0,0.0,0.0,0.0,0.0,0.0,0.0,0.0,0.0,0.0,0.0,0.0,0.0,0.0,0.0,0.0,0.0,0.0,0.0,0.0,0.0,0.0,0.0,0.0,0.0,0.0,0.0,0.0,0.0,0.0,0.0,0.0,0.0,0.0,0.0,0.0,0.0,0.0,0.0,0.0,0.0,0.0,0.0,0.0,0.0,0.0,0.0,0.0,0.0,0.0,0.0,0.0,0.0,0.0,0.0,0.0,0.0,0.0,0.0,0.0,0.0,0.0,0.0,0.0,0.0,0.0,0.0,0.0,0.0,0.0,0.0,0.0,0.0,0.0,0.0,0.0,0.0,0.0,0.0,0.0,0.0,0.0,0.0,0.0,0.0,0.0,0.0,0.0,0.0,0.0,0.0,0.0,0.0,0.0,0.0,0.0,0.0,0.0,0.0,0.0,0.0,0.0,0.0,0.0,0.0,0.0,0.0,0.0,0.0,0.0,0.0,0.0,0.0,0.0,0.0,0.0,0.0,0.0,0.0,0.0,0.0,0.0,0.0,0.0,0.0,0.0,0.0,0.0,0.0,0.0,0.0,0.0,0.0,0.0,0.0,0.0,0.0,0.0,0.0,0.0,0.0,0.0,0.0,0.0,0.0
8478450,2025,Parker Wotherspoon,PIT,D,all,1,1395.0,27.0,0.05,0.45,0.7,0.43,0.54,0.42,0.56,1.0,0.0,0.0,0.0,0.0,0.0,0.0,0.0,0.0,0.0,0.0,0.0,0.0,0.0,0.0,2.0,2.0,0.0,0.0,0.0,0.0,0.0,0.0,0.0,0.0,0.0,0.0,0.0,0.0,0.0,2.0,0.0,3.0,0.0,0.0,0.0,0.0,0.0,0.0,0.0,0.0,0.0,2.13,0.0,0.0,2.0,0.0,0.0,0.0,0.0,0.0,0.0,27.0,1.0,3.0,3.0,20.0,4.0,1.0,3.0,19.0,0.0,0.0,2205.0,0.0,0.0,0.0,1.0,7.93,0.78,0.76,0.84,0.82,8.0,2.0,6.0,16.0,0.0,2.0,0.0,5.0,5.0,0.0,0.14,0.64,0.0,0.0,0.0,0.0,17.29,10.0,10.79,0.12,0.26,0.26,0.64,0.69,0.68,10.35,0.93,0.9,0.88,0.85,11.0,3.0,7.0,21.0,0.0,3.0,0.0,9.0,5.0,0.0,0.33,0.6,0.0,0.0,0.0,0.0,19.8,14.0,13.19,0.17,0.32,0.32,0.78,0.74,0.74,3.66,1.57,45.0,39.0,0.0,0.0,0.0,0.0,0.0,0.0
8478450,2025,Parker Wotherspoon,PIT,D,5on5,1,1202.0,23.0,0.05,0.51,0.59,0.5,0.53,0.48,0.55,2.0,0.0,0.0,0.0,0.0,0.0,0.0,0.0,0.0,0.0,0.0,0.0,0.0,0.0,0.0,2.0,2.0,0.0,0.0,0.0,0.0,0.0,0.0,0.0,0.0,0.0,0.0,0.0,0.0,0.0,2.0,0.0,3.0,0.0,0.0,0.0,0.0,0.0,0.0,0.0,0.0,0.0,2.13,0.0,0.0,2.0,0.0,0.0,0.0,0.0,0.0,0.0,23.0,1.0,1.0,2.0,19.0,4.0,1.0,2.0,16.0,0.0,0.0,2015.0,0.0,0.0,0.0,1.0,7.93,0.78,0.76,0.84,0.82,8.0,2.0,6.0,16.0,0.0,2.0,0.0,5.0,5.0,0.0,0.14,0.64,0.0,0.0,0.0,0.0,17.29,10.0,10.79,0.12,0.26,0.26,0.64,0.69,0.68,8.18,0.75,0.71,0.69,0.66,8.0,3.0,5.0,16.0,0.0,3.0,0.0,6.0,5.0,0.0,0.15,0.6,0.0,0.0,0.0,0.0,14.8,11.0,10.19,0.14,0.32,0.32,0.56,0.52,0.52,2.24,1.57,42.0,38.0,0.06,0.0,3.0,0.0,1.0,0.0
8478450,2025,Parker Wotherspoon,PIT,D,4on5,1,193.0,4.0,0.05,0.0,0.0,0.0,0.0,0.0,0.0,1.0,0.0,0.0,0.0,0.0,0.0,0.0,0.0,0.0,0.0,0.0,0.0,0.0,0.0,0.0,0.0,0.0,0.0,0.0,0.0,0.0,0.0,0.0,0.0,0.0,0.0,0.0,0.0,0.0,0.0,0.0,0.0,0.0,0.0,0.0,0.0,0.0,0.0,0.0,0.0,0.0,0.0,0.0,0.0,0.0,0.0,0.0,0.0,0.0,0.0,0.0,0.0,4.0,0.0,2.0,1.0,1.0,0.0,0.0,1.0,3.0,0.0,0.0,47.0,0.0,0.0,0.0,0.0,0.0,0.0,0.0,0.0,0.0,0.0,0.0,0.0,0.0,0.0,0.0,0.0,0.0,0.0,0.0,0.0,0.0,0.0,0.0,0.0,0.0,0.0,0.0,0.0,0.0,0.0,0.0,0.0,0.0,0.0,2.17,0.19,0.19,0.19,0.19,3.0,0.0,2.0,5.0,0.0,0.0,0.0,3.0,0.0,0.0,0.19,0.0,0.0,0.0,0.0,0.0,5.0,3.0,3.0,0.03,0.0,0.0,0.22,0.22,0.22,0.0,0.0,0.0,0.0,0.0,0.0,0.0,0.0,0.0,0.0
8478450,2025,Parker Wotherspoon,PIT,D,5on4,1,0.0,0.0,0.0,0.0,0.0,0.0,0.0,0.0,0.0,0.0,0.0,0.0,0.0,0.0,0.0,0.0,0.0,0.0,0.0,0.0,0.0,0.0,0.0,0.0,0.0,0.0,0.0,0.0,0.0,0.0,0.0,0.0,0.0,0.0,0.0,0.0,0.0,0.0,0.0,0.0,0.0,0.0,0.0,0.0,0.0,0.0,0.0,0.0,0.0,0.0,0.0,0.0,0.0,0.0,0.0,0.0,0.0,0.0,0.0,0.0,0.0,0.0,0.0,0.0,0.0,0.0,0.0,0.0,0.0,0.0,0.0,0.0,0.0,0.0,0.0,0.0,0.0,0.0,0.0,0.0,0.0,0.0,0.0,0.0,0.0,0.0,0.0,0.0,0.0,0.0,0.0,0.0,0.0,0.0,0.0,0.0,0.0,0.0,0.0,0.0,0.0,0.0,0.0,0.0,0.0,0.0,0.0,0.0,0.0,0.0,0.0,0.0,0.0,0.0,0.0,0.0,0.0,0.0,0.0,0.0,0.0,0.0,0.0,0.0,0.0,0.0,0.0,0.0,0.0,0.0,0.0,0.0,0.0,0.0,0.0,0.0,0.0,0.0,0.0,0.0,0.0,0.0,0.0,0.0,0.0,0.0,0.0
8482758,2025,Ville Koivunen,PIT,R,other,1,0.0,0.0,0.0,0.0,0.0,0.0,0.0,0.0,0.0,0.0,0.0,0.0,0.0,0.0,0.0,0.0,0.0,0.0,0.0,0.0,0.0,0.0,0.0,0.0,0.0,0.0,0.0,0.0,0.0,0.0,0.0,0.0,0.0,0.0,0.0,0.0,0.0,0.0,0.0,0.0,0.0,0.0,0.0,0.0,0.0,0.0,0.0,0.0,0.0,0.0,0.0,0.0,0.0,0.0,0.0,0.0,0.0,0.0,0.0,0.0,0.0,0.0,0.0,0.0,0.0,0.0,0.0,0.0,0.0,0.0,0.0,0.0,0.0,0.0,0.0,0.0,0.0,0.0,0.0,0.0,0.0,0.0,0.0,0.0,0.0,0.0,0.0,0.0,0.0,0.0,0.0,0.0,0.0,0.0,0.0,0.0,0.0,0.0,0.0,0.0,0.0,0.0,0.0,0.0,0.0,0.0,0.0,0.0,0.0,0.0,0.0,0.0,0.0,0.0,0.0,0.0,0.0,0.0,0.0,0.0,0.0,0.0,0.0,0.0,0.0,0.0,0.0,0.0,0.0,0.0,0.0,0.0,0.0,0.0,0.0,0.0,0.0,0.0,0.0,0.0,0.0,0.0,0.0,0.0,0.0,0.0,0.0
8482758,2025,Ville Koivunen,PIT,R,all,1,871.0,19.0,0.0,0.3,0.69,0.5,0.51,0.41,0.55,6.0,0.93,0.16,0.08,0.16,0.02,0.34,0.25,0.15,0.17,0.17,0.0,0.0,0.0,1.0,2.0,3.0,0.0,0.0,0.0,0.0,0.0,0.0,0.0,1.0,0.0,1.0,0.0,0.0,0.0,0.0,1.0,0.0,0.0,1.0,0.0,0.0,0.16,0.0,0.0,0.0,0.0,3.24,1.0,1.1,0.0,0.02,0.0,0.0,0.17,0.19,0.19,19.0,6.0,0.0,3.0,10.0,2.0,3.0,0.0,14.0,0.0,0.0,2729.0,0.0,0.0,0.0,1.0,5.29,0.29,0.29,0.32,0.31,4.0,3.0,8.0,15.0,0.0,0.0,0.0,6.0,1.0,0.0,0.13,0.16,0.0,0.0,0.0,0.0,16.34,7.0,7.69,0.06,0.0,0.0,0.34,0.38,0.38,6.9,0.66,0.66,0.61,0.61,6.0,4.0,5.0,15.0,0.0,1.0,0.0,7.0,2.0,1.0,0.17,0.18,0.31,0.0,0.0,0.0,13.89,10.0,9.33,0.09,0.31,0.31,0.44,0.41,0.41,4.14,1.84,46.0,45.0,0.0,0.0,0.0,0.0,0.0,0.0
8482758,2025,Ville Koivunen,PIT,R,5on5,1,832.0,19.0,0.0,0.3,0.62,0.48,0.53,0.41,0.56,6.0,0.93,0.16,0.08,0.16,0.02,0.34,0.25,0.15,0.17,0.17,0.0,0.0,0.0,1.0,2.0,3.0,0.0,0.0,0.0,0.0,0.0,0.0,0.0,1.0,0.0,1.0,0.0,0.0,0.0,0.0,1.0,0.0,0.0,1.0,0.0,0.0,0.16,0.0,0.0,0.0,0.0,3.24,1.0,1.1,0.0,0.02,0.0,0.0,0.17,0.19,0.19,19.0,6.0,0.0,3.0,10.0,2.0,3.0,0.0,14.0,0.0,0.0,2385.0,0.0,0.0,0.0,1.0,5.29,0.29,0.29,0.32,0.31,4.0,3.0,7.0,14.0,0.0,0.0,0.0,6.0,1.0,0.0,0.13,0.16,0.0,0.0,0.0,0.0,15.34,7.0,7.69,0.06,0.0,0.0,0.34,0.38,0.38,6.9,0.66,0.66,0.61,0.61,6.0,4.0,5.0,15.0,0.0,1.0,0.0,7.0,2.0,1.0,0.17,0.18,0.31,0.0,0.0,0.0,13.89,10.0,9.33,0.09,0.31,0.31,0.44,0.41,0.41,2.73,1.65,44.0,39.0,0.01,0.0,1.0,0.0,1.0,0.0
8482758,2025,Ville Koivunen,PIT,R,4on5,1,0.0,0.0,0.0,0.0,0.0,0.0,0.0,0.0,0.0,0.0,0.0,0.0,0.0,0.0,0.0,0.0,0.0,0.0,0.0,0.0,0.0,0.0,0.0,0.0,0.0,0.0,0.0,0.0,0.0,0.0,0.0,0.0,0.0,0.0,0.0,0.0,0.0,0.0,0.0,0.0,0.0,0.0,0.0,0.0,0.0,0.0,0.0,0.0,0.0,0.0,0.0,0.0,0.0,0.0,0.0,0.0,0.0,0.0,0.0,0.0,0.0,0.0,0.0,0.0,0.0,0.0,0.0,0.0,0.0,0.0,0.0,0.0,0.0,0.0,0.0,0.0,0.0,0.0,0.0,0.0,0.0,0.0,0.0,0.0,0.0,0.0,0.0,0.0,0.0,0.0,0.0,0.0,0.0,0.0,0.0,0.0,0.0,0.0,0.0,0.0,0.0,0.0,0.0,0.0,0.0,0.0,0.0,0.0,0.0,0.0,0.0,0.0,0.0,0.0,0.0,0.0,0.0,0.0,0.0,0.0,0.0,0.0,0.0,0.0,0.0,0.0,0.0,0.0,0.0,0.0,0.0,0.0,0.0,0.0,0.0,0.0,0.0,0.0,0.0,0.0,0.0,0.0,0.0,0.0,0.0,0.0,0.0
8482758,2025,Ville Koivunen,PIT,R,5on4,1,39.0,0.0,0.0,0.0,0.0,1.0,0.0,0.0,0.0,6.0,0.0,0.0,0.0,0.0,0.0,0.0,0.0,0.0,0.0,0.0,0.0,0.0,0.0,0.0,0.0,0.0,0.0,0.0,0.0,0.0,0.0,0.0,0.0,0.0,0.0,0.0,0.0,0.0,0.0,0.0,0.0,0.0,0.0,0.0,0.0,0.0,0.0,0.0,0.0,0.0,0.0,0.0,0.0,0.0,0.0,0.0,0.0,0.0,0.0,0.0,0.0,0.0,0.0,0.0,0.0,0.0,0.0,0.0,0.0,0.0,0.0,0.0,81.0,0.0,0.0,0.0,0.0,0.0,0.0,0.0,0.0,0.0,0.0,0.0,1.0,1.0,0.0,0.0,0.0,0.0,0.0,0.0,0.0,0.0,0.0,0.0,0.0,0.0,1.0,0.0,0.0,0.0,0.0,0.0,0.0,0.0,0.0,0.0,0.0,0.0,0.0,0.0,0.0,0.0,0.0,0.0,0.0,0.0,0.0,0.0,0.0,0.0,0.0,0.0,0.0,0.0,0.0,0.0,0.0,0.0,0.0,0.0,0.0,0.0,0.0,0.0,0.0,0.0,0.0,0.0,0.0,0.0,0.0,0.0,0.0,0.0,0.0
8473419,2025,Brad Marchand,FLA,L,other,1,0.0,0.0,0.0,0.0,0.0,0.0,0.0,0.0,0.0,0.0,0.0,0.0,0.0,0.0,0.0,0.0,0.0,0.0,0.0,0.0,0.0,0.0,0.0,0.0,0.0,0.0,0.0,0.0,0.0,0.0,0.0,0.0,0.0,0.0,0.0,0.0,0.0,0.0,0.0,0.0,0.0,0.0,0.0,0.0,0.0,0.0,0.0,0.0,0.0,0.0,0.0,0.0,0.0,0.0,0.0,0.0,0.0,0.0,0.0,0.0,0.0,0.0,0.0,0.0,0.0,0.0,0.0,0.0,0.0,0.0,0.0,0.0,0.0,0.0,0.0,0.0,0.0,0.0,0.0,0.0,0.0,0.0,0.0,0.0,0.0,0.0,0.0,0.0,0.0,0.0,0.0,0.0,0.0,0.0,0.0,0.0,0.0,0.0,0.0,0.0,0.0,0.0,0.0,0.0,0.0,0.0,0.0,0.0,0.0,0.0,0.0,0.0,0.0,0.0,0.0,0.0,0.0,0.0,0.0,0.0,0.0,0.0,0.0,0.0,0.0,0.0,0.0,0.0,0.0,0.0,0.0,0.0,0.0,0.0,0.0,0.0,0.0,0.0,0.0,0.0,0.0,0.0,0.0,0.0,0.0,0.0,0.0
8473419,2025,Brad Marchand,FLA,L,all,1,1210.0,27.0,1.25,0.81,0.64,0.86,0.43,0.87,0.45,1.0,3.75,0.26,0.26,0.68,0.1,2.07,1.63,0.26,0.26,0.26,0.0,0.0,4.0,1.0,2.0,7.0,0.0,0.0,0.0,0.0,2.0,0.0,0.0,3.0,4.0,5.0,1.0,2.0,0.0,1.0,0.0,1.0,4.0,1.0,0.0,0.16,0.1,0.0,0.0,0.0,0.0,6.99,5.0,5.08,0.0,0.06,0.0,0.0,0.32,0.32,0.32,27.0,5.0,6.0,4.0,12.0,6.0,3.0,4.0,14.0,0.0,0.0,2390.0,2.0,2.0,1.0,0.0,20.99,2.32,2.25,2.28,2.21,19.0,8.0,9.0,36.0,0.0,1.0,0.0,17.0,7.0,3.0,0.56,1.01,0.75,0.0,0.0,0.0,35.61,27.0,26.83,0.35,0.26,0.26,2.4,2.36,2.33,3.24,0.56,0.56,0.59,0.59,4.0,0.0,2.0,6.0,1.0,0.0,0.0,0.0,4.0,0.0,0.0,0.56,0.0,0.0,1.0,0.0,6.21,4.0,4.19,0.04,0.0,0.0,0.6,0.64,0.64,1.82,1.03,33.0,44.0,0.0,0.0,0.0,0.0,0.0,0.0
8473419,2025,Brad Marchand,FLA,L,5on5,1,988.0,23.0,1.25,0.73,0.65,0.82,0.48,0.83,0.49,3.0,1.48,0.17,0.12,0.25,0.04,0.86,0.56,0.17,0.17,0.17,0.0,0.0,2.0,0.0,2.0,4.0,0.0,0.0,0.0,0.0,1.0,0.0,0.0,1.0,2.0,2.0,1.0,2.0,0.0,1.0,0.0,1.0,1.0,1.0,0.0,0.07,0.1,0.0,0.0,0.0,0.0,3.99,2.0,2.08,0.0,0.03,0.0,0.0,0.2,0.19,0.19,23.0,4.0,3.0,4.0,12.0,6.0,2.0,4.0,11.0,0.0,0.0,1974.0,2.0,2.0,1.0,0.0,15.52,1.5,1.47,1.46,1.44,14.0,6.0,8.0,28.0,0.0,0.0,0.0,13.0,6.0,1.0,0.4,0.83,0.26,0.0,0.0,0.0,27.61,20.0,19.83,0.24,0.0,0.0,1.74,1.69,1.67,3.24,0.56,0.56,0.59,0.59,4.0,0.0,2.0,6.0,1.0,0.0,0.0,0.0,4.0,0.0,0.0,0.56,0.0,0.0,1.0,0.0,6.21,4.0,4.19,0.04,0.0,0.0,0.6,0.64,0.64,1.68,0.92,31.0,34.0,0.01,0.0,1.0,1.0,1.0,0.0
8473419,2025,Brad Marchand,FLA,L,4on5,1,78.0,3.0,1.25,1.0,0.0,1.0,0.0,1.0,0.0,5.0,0.75,0.01,0.03,0.12,0.02,0.24,0.58,0.01,0.01,0.01,0.0,0.0,0.0,1.0,0.0,1.0,0.0,0.0,0.0,0.0,0.0,0.0,0.0,1.0,0.0,1.0,0.0,0.0,0.0,0.0,0.0,0.0,1.0,0.0,0.0,0.01,0.0,0.0,0.0,0.0,0.0,1.0,1.0,1.0,0.0,0.01,0.0,0.0,0.02,0.02,0.02,3.0,0.0,3.0,0.0,0.0,0.0,1.0,0.0,2.0,0.0,0.0,282.0,0.0,0.0,0.0,0.0,1.7,0.23,0.23,0.23,0.23,1.0,1.0,0.0,2.0,0.0,0.0,0.0,1.0,0.0,1.0,0.01,0.0,0.22,0.0,0.0,0.0,2.0,2.0,2.0,0.03,0.0,0.0,0.26,0.26,0.26,0.0,0.0,0.0,0.0,0.0,0.0,0.0,0.0,0.0,0.0,0.0,0.0,0.0,0.0,0.0,0.0,0.0,0.0,0.0,0.0,0.0,0.0,0.0,0.0,0.0,0.0,0.0,0.0,0.0,0.0,0.0,0.03,0.0,7.0,0.0,0.0,0.0,0.0,0.0,0.0
8473419,2025,Brad Marchand,FLA,L,5on4,1,144.0,1.0,1.25,1.0,1.0,1.0,1.0,1.0,1.0,1.0,1.52,0.08,0.11,0.32,0.04,0.97,0.49,0.08,0.08,0.08,0.0,0.0,2.0,0.0,0.0,2.0,0.0,0.0,0.0,0.0,1.0,0.0,0.0,1.0,2.0,2.0,0.0,0.0,0.0,0.0,0.0,0.0,2.0,0.0,0.0,0.08,0.0,0.0,0.0,0.0,0.0,2.0,2.0,2.0,0.0,0.03,0.0,0.0,0.11,0.11,0.11,1.0,1.0,0.0,0.0,0.0,0.0,0.0,0.0,1.0,0.0,0.0,78.0,0.0,0.0,0.0,0.0,3.77,0.59,0.54,0.59,0.54,4.0,1.0,1.0,6.0,0.0,1.0,0.0,3.0,1.0,1.0,0.15,0.17,0.26,0.0,0.0,0.0,6.0,5.0,5.0,0.08,0.26,0.26,0.4,0.4,0.4,0.0,0.0,0.0,0.0,0.0,0.0,0.0,0.0,0.0,0.0,0.0,0.0,0.0,0.0,0.0,0.0,0.0,0.0,0.0,0.0,0.0,0.0,0.0,0.0,0.0,0.0,0.0,0.0,0.0,0.0,0.14,0.0,2.0,0.0,0.0,0.0,0.0,0.0,0.0,0.0
8481577,2025,Philip Tomasino,PIT,R,other,1,0.0,0.0,0.0,0.0,0.0,0.0,0.0,0.0,0.0,0.0,0.0,0.0,0.0,0.0,0.0,0.0,0.0,0.0,0.0,0.0,0.0,0.0,0.0,0.0,0.0,0.0,0.0,0.0,0.0,0.0,0.0,0.0,0.0,0.0,0.0,0.0,0.0,0.0,0.0,0.0,0.0,0.0,0.0,0.0,0.0,0.0,0.0,0.0,0.0,0.0,0.0,0.0,0.0,0.0,0.0,0.0,0.0,0.0,0.0,0.0,0.0,0.0,0.0,0.0,0.0,0.0,0.0,0.0,0.0,0.0,0.0,0.0,0.0,0.0,0.0,0.0,0.0,0.0,0.0,0.0,0.0,0.0,0.0,0.0,0.0,0.0,0.0,0.0,0.0,0.0,0.0,0.0,0.0,0.0,0.0,0.0,0.0,0.0,0.0,0.0,0.0,0.0,0.0,0.0,0.0,0.0,0.0,0.0,0.0,0.0,0.0,0.0,0.0,0.0,0.0,0.0,0.0,0.0,0.0,0.0,0.0,0.0,0.0,0.0,0.0,0.0,0.0,0.0,0.0,0.0,0.0,0.0,0.0,0.0,0.0,0.0,0.0,0.0,0.0,0.0,0.0,0.0,0.0,0.0,0.0,0.0,0.0
8481577,2025,Philip Tomasino,PIT,R,all,1,817.0,15.0,-0.05,0.48,0.66,0.42,0.53,0.36,0.55,10.0,1.59,0.31,0.15,0.29,0.05,0.69,0.5,0.31,0.33,0.33,0.0,0.0,2.0,0.0,2.0,4.0,0.0,0.0,0.0,0.0,1.0,0.0,1.0,0.0,2.0,2.0,0.0,0.0,0.0,0.0,0.0,1.0,1.0,0.0,1.0,0.05,0.0,0.26,0.0,0.0,0.0,4.34,2.0,2.13,0.0,0.03,0.0,0.0,0.35,0.37,0.37,15.0,2.0,1.0,0.0,12.0,2.0,2.0,1.0,10.0,0.0,0.0,2783.0,0.0,0.0,0.0,0.0,3.78,0.45,0.45,0.47,0.47,4.0,1.0,5.0,10.0,0.0,0.0,0.0,4.0,0.0,1.0,0.18,0.0,0.26,0.0,0.0,0.0,10.82,5.0,5.36,0.06,0.0,0.0,0.5,0.53,0.53,6.65,0.49,0.46,0.45,0.42,5.0,4.0,5.0,14.0,0.0,2.0,0.0,6.0,3.0,0.0,0.15,0.33,0.0,0.0,0.0,0.0,12.92,9.0,8.36,0.09,0.2,0.2,0.38,0.35,0.35,3.99,2.02,51.0,46.0,0.0,0.0,0.0,0.0,0.0,0.0
8481577,2025,Philip Tomasino,PIT,R,5on5,1,817.0,15.0,-0.05,0.48,0.58,0.42,0.55,0.36,0.57,7.0,1.59,0.31,0.15,0.29,0.05,0.69,0.5,0.31,0.33,0.33,0.0,0.0,2.0,0.0,2.0,4.0,0.0,0.0,0.0,0.0,1.0,0.0,1.0,0.0,2.0,2.0,0.0,0.0,0.0,0.0,0.0,1.0,1.0,0.0,1.0,0.05,0.0,0.26,0.0,0.0,0.0,4.34,2.0,2.13,0.0,0.03,0.0,0.0,0.35,0.37,0.37,15.0,2.0,1.0,0.0,12.0,2.0,2.0,1.0,10.0,0.0,0.0,2400.0,0.0,0.0,0.0,0.0,3.78,0.45,0.45,0.47,0.47,4.0,1.0,5.0,10.0,0.0,0.0,0.0,4.0,0.0,1.0,0.18,0.0,0.26,0.0,0.0,0.0,10.82,5.0,5.36,0.06,0.0,0.0,0.5,0.53,0.53,6.65,0.49,0.46,0.45,0.42,5.0,4.0,5.0,14.0,0.0,2.0,0.0,6.0,3.0,0.0,0.15,0.33,0.0,0.0,0.0,0.0,12.92,9.0,8.36,0.09,0.2,0.2,0.38,0.35,0.35,2.58,1.83,48.0,40.0,0.0,0.0,0.0,0.0,0.0,0.0
8481577,2025,Philip Tomasino,PIT,R,4on5,1,0.0,0.0,0.0,0.0,0.0,0.0,0.0,0.0,0.0,0.0,0.0,0.0,0.0,0.0,0.0,0.0,0.0,0.0,0.0,0.0,0.0,0.0,0.0,0.0,0.0,0.0,0.0,0.0,0.0,0.0,0.0,0.0,0.0,0.0,0.0,0.0,0.0,0.0,0.0,0.0,0.0,0.0,0.0,0.0,0.0,0.0,0.0,0.0,0.0,0.0,0.0,0.0,0.0,0.0,0.0,0.0,0.0,0.0,0.0,0.0,0.0,0.0,0.0,0.0,0.0,0.0,0.0,0.0,0.0,0.0,0.0,0.0,0.0,0.0,0.0,0.0,0.0,0.0,0.0,0.0,0.0,0.0,0.0,0.0,0.0,0.0,0.0,0.0,0.0,0.0,0.0,0.0,0.0,0.0,0.0,0.0,0.0,0.0,0.0,0.0,0.0,0.0,0.0,0.0,0.0,0.0,0.0,0.0,0.0,0.0,0.0,0.0,0.0,0.0,0.0,0.0,0.0,0.0,0.0,0.0,0.0,0.0,0.0,0.0,0.0,0.0,0.0,0.0,0.0,0.0,0.0,0.0,0.0,0.0,0.0,0.0,0.0,0.0,0.0,0.0,0.0,0.0,0.0,0.0,0.0,0.0,0.0
8481577,2025,Philip Tomasino,PIT,R,5on4,1,0.0,0.0,0.0,0.0,0.0,0.0,0.0,0.0,0.0,0.0,0.0,0.0,0.0,0.0,0.0,0.0,0.0,0.0,0.0,0.0,0.0,0.0,0.0,0.0,0.0,0.0,0.0,0.0,0.0,0.0,0.0,0.0,0.0,0.0,0.0,0.0,0.0,0.0,0.0,0.0,0.0,0.0,0.0,0.0,0.0,0.0,0.0,0.0,0.0,0.0,0.0,0.0,0.0,0.0,0.0,0.0,0.0,0.0,0.0,0.0,0.0,0.0,0.0,0.0,0.0,0.0,0.0,0.0,0.0,0.0,0.0,0.0,0.0,0.0,0.0,0.0,0.0,0.0,0.0,0.0,0.0,0.0,0.0,0.0,0.0,0.0,0.0,0.0,0.0,0.0,0.0,0.0,0.0,0.0,0.0,0.0,0.0,0.0,0.0,0.0,0.0,0.0,0.0,0.0,0.0,0.0,0.0,0.0,0.0,0.0,0.0,0.0,0.0,0.0,0.0,0.0,0.0,0.0,0.0,0.0,0.0,0.0,0.0,0.0,0.0,0.0,0.0,0.0,0.0,0.0,0.0,0.0,0.0,0.0,0.0,0.0,0.0,0.0,0.0,0.0,0.0,0.0,0.0,0.0,0.0,0.0,0.0
8482113,2025,Anton Lundell,FLA,C,other,1,56.0,0.0,0.28,0.0,0.0,0.0,0.0,0.0,0.0,2.0,0.0,0.0,0.0,0.0,0.0,0.0,0.0,0.0,0.0,0.0,0.0,0.0,0.0,0.0,0.0,0.0,0.0,0.0,0.0,0.0,0.0,0.0,0.0,0.0,0.0,0.0,0.0,0.0,0.0,0.0,0.0,0.0,0.0,0.0,0.0,0.0,0.0,0.0,0.0,0.0,0.0,0.0,0.0,0.0,0.0,0.0,0.0,0.0,0.0,0.0,0.0,0.0,0.0,0.0,0.0,0.0,0.0,0.0,0.0,0.0,0.0,0.0,0.0,0.0,0.0,0.0,0.0,0.0,0.0,0.0,0.0,0.0,0.0,0.0,0.0,0.0,0.0,0.0,0.0,0.0,0.0,0.0,0.0,0.0,0.0,0.0,0.0,0.0,0.0,0.0,0.0,0.0,0.0,0.0,0.0,0.0,0.0,1.05,0.08,0.08,0.08,0.08,0.0,2.0,1.0,3.0,0.0,0.0,0.0,2.0,0.0,0.0,0.08,0.0,0.0,0.0,0.0,0.0,3.0,2.0,2.0,0.04,0.0,0.0,0.12,0.12,0.12,0.0,0.0,0.0,0.0,0.0,0.0,0.0,0.0,0.0,0.0
8482113,2025,Anton Lundell,FLA,C,all,1,1182.0,28.0,0.28,0.71,0.73,0.47,0.63,0.56,0.64,2.0,2.15,0.22,0.16,0.38,0.06,1.31,0.87,0.22,0.22,0.22,0.0,0.0,1.0,2.0,0.0,3.0,0.0,0.0,1.0,0.0,0.0,0.0,1.0,1.0,1.0,3.0,0.0,0.0,14.0,0.0,0.0,3.0,2.0,1.0,0.0,0.09,0.14,0.0,0.0,0.0,0.0,3.02,3.0,3.05,0.0,0.03,0.23,0.0,0.26,0.25,0.25,28.0,3.0,5.0,6.0,14.0,4.0,7.0,2.0,15.0,14.0,4.0,2418.0,0.0,2.0,1.0,1.0,11.18,1.12,1.08,1.09,1.05,10.0,5.0,3.0,18.0,1.0,1.0,0.0,10.0,4.0,1.0,0.32,0.57,0.23,0.0,1.0,0.0,18.05,15.0,15.1,0.17,0.23,0.23,1.05,1.04,1.02,8.31,0.46,0.46,0.47,0.47,5.0,7.0,8.0,20.0,1.0,0.0,0.0,11.0,1.0,0.0,0.29,0.17,0.0,1.0,0.0,0.0,20.16,12.0,12.04,0.12,0.0,0.0,0.58,0.59,0.59,3.02,1.13,51.0,30.0,0.0,0.0,0.0,0.0,0.0,0.0
8482113,2025,Anton Lundell,FLA,C,5on5,1,910.0,22.0,0.28,0.72,0.67,0.52,0.63,0.57,0.63,5.0,2.15,0.22,0.16,0.38,0.06,1.31,0.87,0.22,0.22,0.22,0.0,0.0,1.0,2.0,0.0,3.0,0.0,0.0,1.0,0.0,0.0,0.0,1.0,1.0,1.0,3.0,0.0,0.0,11.0,0.0,0.0,3.0,2.0,1.0,0.0,0.09,0.14,0.0,0.0,0.0,0.0,3.02,3.0,3.05,0.0,0.03,0.23,0.0,0.26,0.25,0.25,22.0,3.0,3.0,6.0,10.0,4.0,4.0,1.0,13.0,11.0,4.0,2052.0,0.0,2.0,1.0,0.0,9.61,0.97,0.93,0.94,0.9,9.0,4.0,2.0,15.0,0.0,1.0,0.0,9.0,3.0,1.0,0.3,0.43,0.23,0.0,0.0,0.0,15.05,13.0,13.1,0.15,0.23,0.23,0.88,0.87,0.85,7.26,0.38,0.38,0.38,0.38,5.0,5.0,4.0,14.0,1.0,0.0,0.0,9.0,1.0,0.0,0.21,0.17,0.0,1.0,0.0,0.0,14.16,10.0,10.04,0.08,0.0,0.0,0.46,0.47,0.47,2.21,1.1,44.0,26.0,0.09,0.04,1.0,1.0,1.0,1.0
8482113,2025,Anton Lundell,FLA,C,4on5,1,152.0,4.0,0.28,1.0,0.89,0.25,0.2,1.0,0.25,1.0,0.0,0.0,0.0,0.0,0.0,0.0,0.0,0.0,0.0,0.0,0.0,0.0,0.0,0.0,0.0,0.0,0.0,0.0,0.0,0.0,0.0,0.0,0.0,0.0,0.0,0.0,0.0,0.0,3.0,0.0,0.0,0.0,0.0,0.0,0.0,0.0,0.0,0.0,0.0,0.0,0.0,0.0,0.0,0.0,0.0,0.0,0.0,0.0,0.0,0.0,0.0,4.0,0.0,2.0,0.0,2.0,0.0,3.0,0.0,1.0,3.0,0.0,208.0,0.0,0.0,0.0,0.0,0.75,0.01,0.01,0.01,0.01,0.0,1.0,0.0,1.0,0.0,0.0,0.0,1.0,0.0,0.0,0.01,0.0,0.0,0.0,0.0,0.0,1.0,1.0,1.0,0.01,0.0,0.0,0.02,0.02,0.02,0.0,0.0,0.0,0.0,0.0,0.0,0.0,3.0,3.0,0.0,0.0,0.0,0.0,0.0,0.0,0.0,0.0,0.0,0.0,0.0,0.0,3.0,0.0,0.0,0.0,0.0,0.0,0.0,0.0,0.0,0.22,0.03,1.0,4.0,0.0,0.0,0.0,0.0,0.0,0.0
8482113,2025,Anton Lundell,FLA,C,5on4,1,64.0,2.0,0.28,1.0,1.0,1.0,1.0,1.0,1.0,7.0,0.0,0.0,0.0,0.0,0.0,0.0,0.0,0.0,0.0,0.0,0.0,0.0,0.0,0.0,0.0,0.0,0.0,0.0,0.0,0.0,0.0,0.0,0.0,0.0,0.0,0.0,0.0,0.0,0.0,0.0,0.0,0.0,0.0,0.0,0.0,0.0,0.0,0.0,0.0,0.0,0.0,0.0,0.0,0.0,0.0,0.0,0.0,0.0,0.0,0.0,0.0,2.0,0.0,0.0,0.0,2.0,0.0,0.0,1.0,1.0,0.0,0.0,158.0,0.0,0.0,0.0,1.0,0.83,0.14,0.14,0.14,0.14,1.0,0.0,1.0,2.0,1.0,0.0,0.0,0.0,1.0,0.0,0.0,0.14,0.0,0.0,1.0,0.0,2.0,1.0,1.0,0.01,0.0,0.0,0.15,0.15,0.15,0.0,0.0,0.0,0.0,0.0,0.0,0.0,0.0,0.0,0.0,0.0,0.0,0.0,0.0,0.0,0.0,0.0,0.0,0.0,0.0,0.0,0.0,0.0,0.0,0.0,0.0,0.0,0.0,0.0,0.0,0.59,0.0,6.0,0.0,0.0,0.0,0.0,0.0,0.0,0.0
8481481,2025,Blake Lizotte,PIT,C,other,1,12.0,0.0,1.06,1.0,1.0,0.5,1.0,1.0,1.0,2.0,0.48,0.46,0.02,0.01,0.02,0.26,0.23,0.46,0.46,0.46,0.0,0.0,1.0,0.0,0.0,1.0,1.0,1.0,0.0,0.0,0.0,0.0,0.0,0.0,0.0,0.0,0.0,0.0,0.0,0.0,0.0,0.0,0.0,0.0,1.0,0.0,0.0,0.46,0.0,0.0,1.0,1.0,1.0,1.0,0.0,0.01,0.0,0.0,0.46,0.46,0.46,0.0,0.0,0.0,0.0,0.0,0.0,0.0,0.0,0.0,0.0,0.0,11.0,0.0,0.0,0.0,0.0,0.48,0.46,0.46,0.46,0.46,1.0,0.0,0.0,1.0,1.0,0.0,0.0,0.0,0.0,1.0,0.0,0.0,0.46,0.0,0.0,1.0,1.0,1.0,1.0,0.01,0.0,0.0,0.46,0.46,0.46,0.0,0.0,0.0,0.0,0.0,0.0,0.0,1.0,1.0,0.0,0.0,0.0,0.0,0.0,0.0,0.0,0.0,0.0,0.0,0.0,0.0,1.0,0.0,0.0,0.0,0.0,0.0,0.0,0.0,0.0,0.95,0.0,1.0,0.0,0.0,0.0,0.0,0.0,0.0,0.0
8481481,2025,Blake Lizotte,PIT,C,all,1,835.0,23.0,1.06,0.53,0.67,0.44,0.52,0.5,0.52,8.0,2.93,0.63,0.2,0.65,0.09,1.46,0.97,0.63,0.65,0.65,0.0,0.0,4.0,0.0,0.0,4.0,1.0,1.0,0.0,0.0,1.0,0.0,0.0,2.0,3.0,3.0,0.0,0.0,4.0,0.0,0.0,0.0,2.0,1.0,1.0,0.04,0.14,0.46,0.0,0.0,1.0,4.31,4.0,4.3,0.0,0.04,0.0,0.0,0.67,0.69,0.69,23.0,0.0,4.0,4.0,15.0,4.0,2.0,2.0,15.0,4.0,3.0,2765.0,0.0,0.0,0.0,0.0,6.62,0.8,0.8,0.83,0.83,6.0,3.0,3.0,12.0,1.0,0.0,0.0,7.0,1.0,1.0,0.21,0.14,0.46,0.0,0.0,1.0,12.92,9.0,9.8,0.08,0.0,0.0,0.88,0.92,0.92,6.92,0.71,0.69,0.67,0.66,7.0,2.0,6.0,15.0,0.0,1.0,0.0,7.0,1.0,1.0,0.23,0.17,0.31,0.0,0.0,0.0,14.29,9.0,8.58,0.1,0.31,0.31,0.5,0.47,0.46,3.63,1.8,49.0,45.0,0.0,0.0,0.0,0.0,0.0,0.0
8481481,2025,Blake Lizotte,PIT,C,5on5,1,677.0,20.0,1.06,0.37,0.61,0.5,0.52,0.53,0.53,12.0,2.46,0.17,0.18,0.64,0.07,1.2,0.74,0.17,0.19,0.19,0.0,0.0,3.0,0.0,0.0,3.0,0.0,0.0,0.0,0.0,1.0,0.0,0.0,2.0,3.0,3.0,0.0,0.0,2.0,0.0,0.0,0.0,2.0,1.0,0.0,0.04,0.14,0.0,0.0,0.0,0.0,3.31,3.0,3.3,0.0,0.04,0.0,0.0,0.21,0.23,0.23,20.0,0.0,3.0,3.0,14.0,4.0,0.0,2.0,14.0,2.0,1.0,2540.0,0.0,0.0,0.0,0.0,6.14,0.34,0.34,0.38,0.38,5.0,3.0,3.0,11.0,0.0,0.0,0.0,7.0,1.0,0.0,0.21,0.14,0.0,0.0,0.0,0.0,11.92,8.0,8.8,0.08,0.0,0.0,0.42,0.46,0.46,5.51,0.58,0.56,0.54,0.53,5.0,2.0,4.0,11.0,0.0,1.0,0.0,5.0,1.0,1.0,0.1,0.17,0.31,0.0,0.0,0.0,10.29,7.0,6.58,0.07,0.31,0.31,0.34,0.32,0.31,2.68,1.74,47.0,43.0,0.0,0.01,0.0,1.0,0.0,1.0
8481481,2025,Blake Lizotte,PIT,C,4on5,1,146.0,3.0,1.06,0.0,0.0,0.0,0.0,0.0,0.0,2.0,0.0,0.0,0.0,0.0,0.0,0.0,0.0,0.0,0.0,0.0,0.0,0.0,0.0,0.0,0.0,0.0,0.0,0.0,0.0,0.0,0.0,0.0,0.0,0.0,0.0,0.0,0.0,0.0,2.0,0.0,0.0,0.0,0.0,0.0,0.0,0.0,0.0,0.0,0.0,0.0,0.0,0.0,0.0,0.0,0.0,0.0,0.0,0.0,0.0,0.0,0.0,3.0,0.0,1.0,1.0,1.0,0.0,2.0,0.0,1.0,2.0,0.0,94.0,0.0,0.0,0.0,0.0,0.0,0.0,0.0,0.0,0.0,0.0,0.0,0.0,0.0,0.0,0.0,0.0,0.0,0.0,0.0,0.0,0.0,0.0,0.0,0.0,0.0,0.0,0.0,0.0,0.0,0.0,0.0,0.0,0.0,0.0,1.41,0.13,0.13,0.13,0.13,2.0,0.0,1.0,3.0,0.0,0.0,0.0,2.0,0.0,0.0,0.13,0.0,0.0,0.0,0.0,0.0,3.0,2.0,2.0,0.02,0.0,0.0,0.15,0.15,0.15,0.0,0.06,0.0,2.0,0.0,0.0,0.0,0.0,0.0,0.0
8481481,2025,Blake Lizotte,PIT,C,5on4,1,0.0,0.0,0.0,0.0,0.0,0.0,0.0,0.0,0.0,0.0,0.0,0.0,0.0,0.0,0.0,0.0,0.0,0.0,0.0,0.0,0.0,0.0,0.0,0.0,0.0,0.0,0.0,0.0,0.0,0.0,0.0,0.0,0.0,0.0,0.0,0.0,0.0,0.0,0.0,0.0,0.0,0.0,0.0,0.0,0.0,0.0,0.0,0.0,0.0,0.0,0.0,0.0,0.0,0.0,0.0,0.0,0.0,0.0,0.0,0.0,0.0,0.0,0.0,0.0,0.0,0.0,0.0,0.0,0.0,0.0,0.0,0.0,0.0,0.0,0.0,0.0,0.0,0.0,0.0,0.0,0.0,0.0,0.0,0.0,0.0,0.0,0.0,0.0,0.0,0.0,0.0,0.0,0.0,0.0,0.0,0.0,0.0,0.0,0.0,0.0,0.0,0.0,0.0,0.0,0.0,0.0,0.0,0.0,0.0,0.0,0.0,0.0,0.0,0.0,0.0,0.0,0.0,0.0,0.0,0.0,0.0,0.0,0.0,0.0,0.0,0.0,0.0,0.0,0.0,0.0,0.0,0.0,0.0,0.0,0.0,0.0,0.0,0.0,0.0,0.0,0.0,0.0,0.0,0.0,0.0,0.0,0.0
8483506,2025,Sam Rinzel,CHI,D,other,1,56.0,0.0,-0.13,1.0,0.0,1.0,0.0,1.0,0.0,1.0,0.75,0.07,0.05,0.1,0.02,0.59,0.16,0.07,0.07,0.07,0.0,0.0,0.0,1.0,0.0,1.0,0.0,0.0,0.0,0.0,0.0,0.0,0.0,1.0,0.0,1.0,0.0,0.0,0.0,0.0,0.0,0.0,1.0,0.0,0.0,0.07,0.0,0.0,0.0,0.0,0.0,1.0,1.0,1.0,0.0,0.01,0.0,0.0,0.09,0.09,0.09,0.0,0.0,0.0,0.0,0.0,0.0,0.0,0.0,0.0,0.0,0.0,0.0,0.0,0.0,0.0,0.0,1.05,0.08,0.08,0.08,0.08,0.0,2.0,1.0,3.0,0.0,0.0,0.0,2.0,0.0,0.0,0.08,0.0,0.0,0.0,0.0,0.0,3.0,2.0,2.0,0.04,0.0,0.0,0.12,0.12,0.12,0.0,0.0,0.0,0.0,0.0,0.0,0.0,0.0,0.0,0.0,0.0,0.0,0.0,0.0,0.0,0.0,0.0,0.0,0.0,0.0,0.0,0.0,0.0,0.0,0.0,0.0,0.0,0.0,0.0,0.0,0.0,0.0,0.0,0.0,0.0,0.0,0.0,0.0,0.0,0.0
8483506,2025,Sam Rinzel,CHI,D,all,1,1518.0,29.0,-0.13,0.24,0.31,0.42,0.42,0.39,0.39,1.0,1.43,0.08,0.07,0.32,0.04,1.01,0.47,0.08,0.08,0.08,0.0,0.0,1.0,1.0,4.0,6.0,0.0,0.0,0.0,0.0,0.0,0.0,0.0,2.0,1.0,2.0,0.0,0.0,0.0,1.0,1.0,5.0,2.0,0.0,0.0,0.08,0.0,0.0,0.0,0.0,0.0,6.1,2.0,2.03,3.0,0.02,0.0,0.0,0.1,0.1,0.1,29.0,6.0,4.0,4.0,15.0,4.0,6.0,4.0,15.0,0.0,0.0,2082.0,0.0,0.0,0.0,4.0,10.21,0.65,0.65,0.67,0.67,6.0,8.0,8.0,22.0,1.0,0.0,0.0,12.0,2.0,0.0,0.29,0.36,0.0,1.0,0.0,0.0,22.31,14.0,14.17,0.15,0.0,0.0,0.8,0.82,0.82,17.02,2.1,2.05,2.06,2.01,18.0,4.0,8.0,30.0,2.0,1.0,0.0,12.0,7.0,3.0,0.38,0.99,0.73,0.0,1.0,1.0,29.82,22.0,21.94,0.28,0.26,0.26,2.11,2.07,2.06,0.94,2.04,28.0,39.0,0.0,0.0,0.0,0.0,0.0,0.0
8483506,2025,Sam Rinzel,CHI,D,5on5,1,1103.0,23.0,-0.13,0.31,0.32,0.39,0.41,0.38,0.4,1.0,0.68,0.01,0.02,0.22,0.02,0.42,0.31,0.01,0.01,0.01,0.0,0.0,1.0,0.0,2.0,3.0,0.0,0.0,0.0,0.0,0.0,0.0,0.0,1.0,1.0,1.0,0.0,0.0,0.0,1.0,1.0,5.0,1.0,0.0,0.0,0.01,0.0,0.0,0.0,0.0,0.0,3.1,1.0,1.03,3.0,0.0,0.0,0.0,0.01,0.01,0.01,23.0,4.0,4.0,4.0,11.0,3.0,3.0,4.0,13.0,0.0,0.0,1859.0,0.0,0.0,0.0,4.0,7.75,0.56,0.56,0.58,0.57,5.0,5.0,5.0,15.0,1.0,0.0,0.0,8.0,2.0,0.0,0.19,0.36,0.0,1.0,0.0,0.0,15.31,10.0,10.17,0.08,0.0,0.0,0.64,0.66,0.66,12.15,1.22,1.22,1.18,1.18,14.0,2.0,7.0,23.0,1.0,0.0,0.0,10.0,5.0,1.0,0.31,0.67,0.24,0.0,0.0,1.0,22.82,16.0,15.94,0.18,0.0,0.0,1.41,1.36,1.36,0.92,1.95,25.0,36.0,0.04,0.0,2.0,0.0,1.0,0.0
8483506,2025,Sam Rinzel,CHI,D,4on5,1,101.0,4.0,-0.13,0.0,0.0,0.0,0.0,0.0,0.0,3.0,0.0,0.0,0.0,0.0,0.0,0.0,0.0,0.0,0.0,0.0,0.0,0.0,0.0,0.0,0.0,0.0,0.0,0.0,0.0,0.0,0.0,0.0,0.0,0.0,0.0,0.0,0.0,0.0,0.0,0.0,0.0,0.0,0.0,0.0,0.0,0.0,0.0,0.0,0.0,0.0,0.0,0.0,0.0,0.0,0.0,0.0,0.0,0.0,0.0,0.0,0.0,4.0,0.0,0.0,0.0,4.0,0.0,3.0,0.0,1.0,0.0,0.0,121.0,0.0,0.0,0.0,0.0,0.0,0.0,0.0,0.0,0.0,0.0,0.0,0.0,0.0,0.0,0.0,0.0,0.0,0.0,0.0,0.0,0.0,0.0,0.0,0.0,0.0,0.0,0.0,0.0,0.0,0.0,0.0,0.0,0.0,0.0,3.18,0.64,0.6,0.64,0.6,3.0,1.0,1.0,5.0,1.0,1.0,0.0,1.0,2.0,1.0,0.07,0.31,0.26,0.0,1.0,0.0,5.0,4.0,4.0,0.07,0.26,0.26,0.45,0.45,0.44,0.0,0.09,0.0,3.0,0.0,0.0,0.0,0.0,0.0,0.0
8483506,2025,Sam Rinzel,CHI,D,5on4,1,258.0,2.0,-0.13,0.05,1.0,0.67,1.0,0.5,1.0,1.0,0.0,0.0,0.0,0.0,0.0,0.0,0.0,0.0,0.0,0.0,0.0,0.0,0.0,0.0,2.0,2.0,0.0,0.0,0.0,0.0,0.0,0.0,0.0,0.0,0.0,0.0,0.0,0.0,0.0,0.0,0.0,0.0,0.0,0.0,0.0,0.0,0.0,0.0,0.0,0.0,0.0,2.0,0.0,0.0,0.0,0.0,0.0,0.0,0.0,0.0,0.0,2.0,2.0,0.0,0.0,0.0,1.0,0.0,0.0,1.0,0.0,0.0,102.0,0.0,0.0,0.0,0.0,1.4,0.01,0.01,0.01,0.01,1.0,1.0,2.0,4.0,0.0,0.0,0.0,2.0,0.0,0.0,0.01,0.0,0.0,0.0,0.0,0.0,4.0,2.0,2.0,0.02,0.0,0.0,0.04,0.04,0.04,1.7,0.23,0.23,0.23,0.23,1.0,1.0,0.0,2.0,0.0,0.0,0.0,1.0,0.0,1.0,0.01,0.0,0.22,0.0,0.0,0.0,2.0,2.0,2.0,0.03,0.0,0.0,0.26,0.26,0.26,0.02,0.0,3.0,0.0,0.0,0.0,0.0,0.0,0.0,0.0
8471724,2025,Kris Letang,PIT,D,other,1,23.0,0.0,0.38,1.0,0.0,0.67,0.0,1.0,0.0,1.0,0.0,0.0,0.0,0.0,0.0,0.0,0.0,0.0,0.0,0.0,0.0,0.0,0.0,0.0,0.0,0.0,0.0,0.0,0.0,0.0,0.0,0.0,0.0,0.0,0.0,0.0,0.0,0.0,0.0,0.0,0.0,0.0,0.0,0.0,0.0,0.0,0.0,0.0,0.0,0.0,0.0,0.0,0.0,0.0,0.0,0.0,0.0,0.0,0.0,0.0,0.0,0.0,0.0,0.0,0.0,0.0,0.0,0.0,0.0,0.0,0.0,0.0,0.0,0.0,0.0,0.0,0.0,1.43,1.41,1.41,1.41,1.41,2.0,0.0,0.0,2.0,2.0,0.0,0.0,0.0,0.0,2.0,0.0,0.0,1.41,0.0,0.0,2.0,2.0,2.0,2.0,0.01,0.0,0.0,1.42,1.42,1.42,0.0,0.0,0.0,0.0,0.0,0.0,0.0,1.0,1.0,0.0,0.0,0.0,0.0,0.0,0.0,0.0,0.0,0.0,0.0,0.0,0.0,1.0,0.0,0.0,0.0,0.0,0.0,0.0,0.0,0.0,0.0,0.0,0.0,0.0,0.0,0.0,0.0,0.0,0.0,0.0
8471724,2025,Kris Letang,PIT,D,all,1,1367.0,27.0,0.38,0.75,0.45,0.55,0.46,0.58,0.46,2.0,0.7,0.02,0.05,0.16,0.03,0.45,0.29,0.02,0.03,0.03,0.0,0.0,1.0,0.0,1.0,2.0,0.0,0.0,1.0,0.0,0.0,0.0,0.0,0.0,1.0,1.0,1.0,2.0,0.0,1.0,0.0,2.0,1.0,0.0,0.0,0.02,0.0,0.0,0.0,0.0,0.0,2.21,1.0,1.1,1.0,0.01,0.45,0.0,0.03,0.04,0.04,27.0,4.0,1.0,4.0,18.0,2.0,3.0,3.0,19.0,0.0,0.0,2233.0,2.0,0.0,0.0,1.0,17.45,3.23,2.99,3.39,3.13,16.0,6.0,9.0,31.0,3.0,3.0,0.0,15.0,2.0,5.0,0.65,0.25,2.32,0.0,0.0,3.0,33.49,22.0,23.73,0.26,0.8,0.8,2.69,2.8,2.64,11.79,1.05,1.04,0.97,0.96,13.0,3.0,9.0,25.0,0.0,2.0,0.0,11.0,4.0,1.0,0.25,0.48,0.31,0.0,0.0,0.0,23.13,16.0,14.83,0.16,0.44,0.44,0.78,0.72,0.71,1.21,1.45,30.0,35.0,0.0,0.0,0.0,0.0,0.0,0.0
8471724,2025,Kris Letang,PIT,D,5on5,1,1233.0,25.0,0.38,0.63,0.49,0.55,0.49,0.56,0.5,1.0,0.7,0.02,0.05,0.16,0.03,0.45,0.29,0.02,0.03,0.03,0.0,0.0,1.0,0.0,1.0,2.0,0.0,0.0,1.0,0.0,0.0,0.0,0.0,0.0,1.0,1.0,1.0,2.0,0.0,1.0,0.0,2.0,1.0,0.0,0.0,0.02,0.0,0.0,0.0,0.0,0.0,2.21,1.0,1.1,1.0,0.01,0.45,0.0,0.03,0.04,0.04,25.0,4.0,1.0,4.0,16.0,2.0,3.0,3.0,17.0,0.0,0.0,1984.0,2.0,0.0,0.0,1.0,16.02,1.81,1.58,1.98,1.72,14.0,6.0,9.0,29.0,1.0,3.0,0.0,15.0,2.0,3.0,0.65,0.25,0.91,0.0,0.0,1.0,31.49,20.0,21.73,0.26,0.8,0.8,1.27,1.38,1.22,11.79,1.05,1.04,0.97,0.96,13.0,3.0,8.0,24.0,0.0,2.0,0.0,11.0,4.0,1.0,0.25,0.48,0.31,0.0,0.0,0.0,22.13,16.0,14.83,0.16,0.44,0.44,0.78,0.72,0.71,1.21,1.27,29.0,30.0,0.01,0.01,1.0,1.0,1.0,1.0
8471724,2025,Kris Letang,PIT,D,4on5,1,46.0,1.0,0.38,0.0,0.0,0.0,0.0,0.0,0.0,4.0,0.0,0.0,0.0,0.0,0.0,0.0,0.0,0.0,0.0,0.0,0.0,0.0,0.0,0.0,0.0,0.0,0.0,0.0,0.0,0.0,0.0,0.0,0.0,0.0,0.0,0.0,0.0,0.0,0.0,0.0,0.0,0.0,0.0,0.0,0.0,0.0,0.0,0.0,0.0,0.0,0.0,0.0,0.0,0.0,0.0,0.0,0.0,0.0,0.0,0.0,0.0,1.0,0.0,0.0,0.0,1.0,0.0,0.0,0.0,1.0,0.0,0.0,194.0,0.0,0.0,0.0,0.0,0.0,0.0,0.0,0.0,0.0,0.0,0.0,0.0,0.0,0.0,0.0,0.0,0.0,0.0,0.0,0.0,0.0,0.0,0.0,0.0,0.0,0.0,0.0,0.0,0.0,0.0,0.0,0.0,0.0,0.0,0.0,0.0,0.0,0.0,0.0,0.0,0.0,0.0,0.0,0.0,0.0,0.0,0.0,0.0,0.0,0.0,0.0,0.0,0.0,0.0,0.0,0.0,0.0,0.0,0.0,0.0,0.0,0.0,0.0,0.0,0.0,0.19,0.0,5.0,0.0,0.0,0.0,0.0,0.0,0.0
8471724,2025,Kris Letang,PIT,D,5on4,1,65.0,1.0,0.38,0.0,0.0,0.0,1.0,0.0,0.0,1.0,0.0,0.0,0.0,0.0,0.0,0.0,0.0,0.0,0.0,0.0,0.0,0.0,0.0,0.0,0.0,0.0,0.0,0.0,0.0,0.0,0.0,0.0,0.0,0.0,0.0,0.0,0.0,0.0,0.0,0.0,0.0,0.0,0.0,0.0,0.0,0.0,0.0,0.0,0.0,0.0,0.0,0.0,0.0,0.0,0.0,0.0,0.0,0.0,0.0,0.0,0.0,1.0,0.0,0.0,0.0,1.0,0.0,0.0,0.0,1.0,0.0,0.0,55.0,0.0,0.0,0.0,0.0,0.0,0.0,0.0,0.0,0.0,0.0,0.0,0.0,0.0,0.0,0.0,0.0,0.0,0.0,0.0,0.0,0.0,0.0,0.0,0.0,0.0,0.0,0.0,0.0,0.0,0.0,0.0,0.0,0.0,0.0,0.0,0.0,0.0,0.0,0.0,0.0,0.0,0.0,0.0,0.0,0.0,0.0,0.0,0.0,0.0,0.0,0.0,0.0,0.0,0.0,0.0,0.0,0.0,0.0,0.0,0.0,0.0,0.0,0.0,0.0,0.0,0.0,1.0,0.0,0.0,0.0,0.0,0.0,0.0,0.0
8477511,2025,Anthony Mantha,PIT,R,other,1,11.0,0.0,1.48,1.0,1.0,1.0,0.5,1.0,1.0,5.0,0.0,0.0,0.0,0.0,0.0,0.0,0.0,0.0,0.0,0.0,0.0,1.0,0.0,0.0,0.0,0.0,1.0,0.0,0.0,0.0,0.0,0.0,0.0,0.0,0.0,0.0,0.0,0.0,0.0,0.0,0.0,0.0,0.0,0.0,0.0,0.0,0.0,0.0,0.0,0.0,0.0,0.0,0.0,0.0,0.0,0.0,0.0,0.0,0.0,0.0,0.0,0.0,0.0,0.0,0.0,0.0,0.0,0.0,0.0,0.0,0.0,0.0,12.0,0.0,0.0,0.0,0.0,0.95,0.95,0.95,0.95,0.95,1.0,0.0,0.0,1.0,1.0,0.0,0.0,0.0,0.0,1.0,0.0,0.0,0.95,0.0,0.0,1.0,1.0,1.0,1.0,0.0,0.0,0.0,0.96,0.96,0.96,0.0,0.0,0.0,0.0,0.0,0.0,0.0,0.0,0.0,0.0,0.0,0.0,0.0,0.0,0.0,0.0,0.0,0.0,0.0,0.0,0.0,0.0,0.0,0.0,0.0,0.0,0.0,0.0,0.0,0.0,0.46,0.0,1.0,1.0,0.0,0.0,0.0,0.0,0.0,0.0
8477511,2025,Anthony Mantha,PIT,R,all,1,941.0,20.0,1.48,0.84,0.47,0.66,0.43,0.68,0.44,4.0,2.04,0.11,0.16,0.33,0.05,1.41,0.94,0.06,0.12,0.07,0.0,1.0,3.0,0.0,2.0,5.0,1.0,0.0,0.0,0.0,0.0,0.0,2.0,1.0,3.0,3.0,0.0,0.0,0.0,3.0,0.0,0.0,3.0,0.0,0.0,0.11,0.0,0.0,0.0,0.0,0.0,5.41,3.0,3.3,0.0,0.03,0.0,0.0,0.14,0.16,0.09,20.0,3.0,1.0,0.0,16.0,2.0,1.0,2.0,15.0,0.0,0.0,2659.0,0.0,0.0,0.0,1.0,13.82,2.65,2.42,2.8,2.55,14.0,3.0,8.0,25.0,2.0,4.0,0.0,9.0,4.0,4.0,0.32,0.46,1.86,0.0,0.0,2.0,27.16,17.0,18.47,0.21,0.93,0.93,1.93,2.02,1.88,6.27,0.5,0.5,0.47,0.47,5.0,3.0,5.0,13.0,0.0,1.0,0.0,5.0,3.0,0.0,0.12,0.38,0.0,0.0,0.0,0.0,12.17,8.0,7.55,0.1,0.12,0.12,0.48,0.45,0.45,1.79,2.0,36.0,47.0,0.0,0.0,0.0,0.0,0.0,0.0
8477511,2025,Anthony Mantha,PIT,R,5on5,1,860.0,18.0,1.48,0.77,0.42,0.64,0.46,0.67,0.46,4.0,2.04,0.11,0.16,0.33,0.05,1.41,0.94,0.06,0.12,0.07,0.0,0.0,3.0,0.0,1.0,4.0,0.0,0.0,0.0,0.0,0.0,0.0,2.0,1.0,3.0,3.0,0.0,0.0,0.0,3.0,0.0,0.0,3.0,0.0,0.0,0.11,0.0,0.0,0.0,0.0,0.0,4.41,3.0,3.3,0.0,0.03,0.0,0.0,0.14,0.16,0.09,18.0,2.0,1.0,0.0,15.0,2.0,1.0,2.0,13.0,0.0,0.0,2357.0,0.0,0.0,0.0,1.0,12.87,1.69,1.47,1.84,1.6,13.0,3.0,7.0,23.0,1.0,4.0,0.0,9.0,4.0,3.0,0.32,0.46,0.91,0.0,0.0,1.0,25.16,16.0,17.47,0.21,0.93,0.93,0.97,1.06,0.92,6.27,0.5,0.5,0.47,0.47,5.0,3.0,5.0,13.0,0.0,1.0,0.0,5.0,3.0,0.0,0.12,0.38,0.0,0.0,0.0,0.0,12.17,8.0,7.55,0.1,0.12,0.12,0.48,0.45,0.45,1.33,1.81,35.0,41.0,0.0,0.0,0.0,0.0,0.0,0.0
8477511,2025,Anthony Mantha,PIT,R,4on5,1,0.0,0.0,0.0,0.0,0.0,0.0,0.0,0.0,0.0,0.0,0.0,0.0,0.0,0.0,0.0,0.0,0.0,0.0,0.0,0.0,0.0,0.0,0.0,0.0,0.0,0.0,0.0,0.0,0.0,0.0,0.0,0.0,0.0,0.0,0.0,0.0,0.0,0.0,0.0,0.0,0.0,0.0,0.0,0.0,0.0,0.0,0.0,0.0,0.0,0.0,0.0,0.0,0.0,0.0,0.0,0.0,0.0,0.0,0.0,0.0,0.0,0.0,0.0,0.0,0.0,0.0,0.0,0.0,0.0,0.0,0.0,0.0,0.0,0.0,0.0,0.0,0.0,0.0,0.0,0.0,0.0,0.0,0.0,0.0,0.0,0.0,0.0,0.0,0.0,0.0,0.0,0.0,0.0,0.0,0.0,0.0,0.0,0.0,0.0,0.0,0.0,0.0,0.0,0.0,0.0,0.0,0.0,0.0,0.0,0.0,0.0,0.0,0.0,0.0,0.0,0.0,0.0,0.0,0.0,0.0,0.0,0.0,0.0,0.0,0.0,0.0,0.0,0.0,0.0,0.0,0.0,0.0,0.0,0.0,0.0,0.0,0.0,0.0,0.0,0.0,0.0,0.0,0.0,0.0,0.0,0.0,0.0
8477511,2025,Anthony Mantha,PIT,R,5on4,1,70.0,2.0,1.48,0.0,0.0,1.0,0.0,0.0,0.0,2.0,0.0,0.0,0.0,0.0,0.0,0.0,0.0,0.0,0.0,0.0,0.0,0.0,0.0,0.0,1.0,1.0,0.0,0.0,0.0,0.0,0.0,0.0,0.0,0.0,0.0,0.0,0.0,0.0,0.0,0.0,0.0,0.0,0.0,0.0,0.0,0.0,0.0,0.0,0.0,0.0,0.0,1.0,0.0,0.0,0.0,0.0,0.0,0.0,0.0,0.0,0.0,2.0,1.0,0.0,0.0,1.0,0.0,0.0,0.0,2.0,0.0,0.0,50.0,0.0,0.0,0.0,0.0,0.0,0.0,0.0,0.0,0.0,0.0,0.0,1.0,1.0,0.0,0.0,0.0,0.0,0.0,0.0,0.0,0.0,0.0,0.0,0.0,0.0,1.0,0.0,0.0,0.0,0.0,0.0,0.0,0.0,0.0,0.0,0.0,0.0,0.0,0.0,0.0,0.0,0.0,0.0,0.0,0.0,0.0,0.0,0.0,0.0,0.0,0.0,0.0,0.0,0.0,0.0,0.0,0.0,0.0,0.0,0.0,0.0,0.0,0.0,0.0,0.0,0.0,0.0,0.0,0.0,0.0,0.0,0.0,0.0,0.0
8478055,2025,Gustav Forsling,FLA,D,other,1,56.0,0.0,1.93,0.0,0.0,0.0,0.0,0.0,0.0,1.0,0.0,0.0,0.0,0.0,0.0,0.0,0.0,0.0,0.0,0.0,0.0,0.0,0.0,0.0,0.0,0.0,0.0,0.0,0.0,0.0,0.0,0.0,0.0,0.0,0.0,0.0,0.0,0.0,0.0,0.0,0.0,0.0,0.0,0.0,0.0,0.0,0.0,0.0,0.0,0.0,0.0,0.0,0.0,0.0,0.0,0.0,0.0,0.0,0.0,0.0,0.0,0.0,0.0,0.0,0.0,0.0,0.0,0.0,0.0,0.0,0.0,0.0,0.0,0.0,0.0,0.0,0.0,0.0,0.0,0.0,0.0,0.0,0.0,0.0,0.0,0.0,0.0,0.0,0.0,0.0,0.0,0.0,0.0,0.0,0.0,0.0,0.0,0.0,0.0,0.0,0.0,0.0,0.0,0.0,0.0,0.0,0.0,1.05,0.08,0.08,0.08,0.08,0.0,2.0,1.0,3.0,0.0,0.0,0.0,2.0,0.0,0.0,0.08,0.0,0.0,0.0,0.0,0.0,3.0,2.0,2.0,0.04,0.0,0.0,0.12,0.12,0.12,0.0,0.0,0.0,0.0,0.0,0.0,0.0,0.0,0.0,0.0
8478055,2025,Gustav Forsling,FLA,D,all,1,1372.0,29.0,1.93,0.76,0.7,0.67,0.53,0.71,0.55,2.0,2.0,0.06,0.11,0.64,0.07,1.24,0.89,0.06,0.06,0.06,0.0,1.0,3.0,0.0,3.0,6.0,1.0,0.0,0.0,0.0,2.0,0.0,1.0,0.0,3.0,3.0,0.0,0.0,0.0,3.0,0.0,0.0,3.0,0.0,0.0,0.06,0.0,0.0,0.0,0.0,0.0,5.93,3.0,2.98,0.0,0.02,0.0,0.0,0.08,0.08,0.08,29.0,1.0,8.0,4.0,16.0,3.0,5.0,5.0,16.0,0.0,0.0,2228.0,0.0,0.0,0.0,0.0,16.51,1.65,1.6,1.6,1.55,18.0,4.0,6.0,28.0,2.0,1.0,0.0,14.0,6.0,2.0,0.5,0.67,0.47,0.0,1.0,1.0,27.81,22.0,22.0,0.25,0.23,0.23,1.66,1.62,1.6,6.58,0.53,0.52,0.54,0.54,3.0,6.0,5.0,14.0,0.0,0.0,0.0,7.0,2.0,0.0,0.16,0.36,0.0,0.0,0.0,0.0,13.98,9.0,8.98,0.12,0.0,0.0,0.64,0.65,0.65,2.49,1.06,41.0,36.0,0.0,0.0,0.0,0.0,0.0,0.0
8478055,2025,Gustav Forsling,FLA,D,5on5,1,1106.0,22.0,1.93,0.79,0.59,0.73,0.52,0.78,0.5,2.0,2.0,0.06,0.11,0.64,0.07,1.24,0.89,0.06,0.06,0.06,0.0,1.0,3.0,0.0,3.0,6.0,1.0,0.0,0.0,0.0,2.0,0.0,1.0,0.0,3.0,3.0,0.0,0.0,0.0,2.0,0.0,0.0,3.0,0.0,0.0,0.06,0.0,0.0,0.0,0.0,0.0,5.93,3.0,2.98,0.0,0.02,0.0,0.0,0.08,0.08,0.08,22.0,1.0,3.0,4.0,14.0,2.0,3.0,4.0,13.0,0.0,0.0,1856.0,0.0,0.0,0.0,0.0,15.77,1.64,1.59,1.59,1.54,18.0,3.0,6.0,27.0,2.0,1.0,0.0,13.0,6.0,2.0,0.49,0.67,0.47,0.0,1.0,1.0,26.81,21.0,21.0,0.24,0.23,0.23,1.65,1.6,1.58,4.69,0.42,0.42,0.44,0.44,2.0,4.0,4.0,10.0,0.0,0.0,0.0,4.0,2.0,0.0,0.06,0.36,0.0,0.0,0.0,0.0,9.98,6.0,5.98,0.06,0.0,0.0,0.48,0.5,0.5,1.54,1.05,32.0,30.0,0.41,0.04,3.0,1.0,3.0,1.0
8478055,2025,Gustav Forsling,FLA,D,4on5,1,196.0,6.0,1.93,0.41,0.95,0.5,0.14,0.5,0.33,2.0,0.0,0.0,0.0,0.0,0.0,0.0,0.0,0.0,0.0,0.0,0.0,0.0,0.0,0.0,0.0,0.0,0.0,0.0,0.0,0.0,0.0,0.0,0.0,0.0,0.0,0.0,0.0,0.0,0.0,1.0,0.0,0.0,0.0,0.0,0.0,0.0,0.0,0.0,0.0,0.0,0.0,0.0,0.0,0.0,0.0,0.0,0.0,0.0,0.0,0.0,0.0,6.0,0.0,5.0,0.0,1.0,0.0,2.0,1.0,3.0,0.0,0.0,164.0,0.0,0.0,0.0,0.0,0.75,0.01,0.01,0.01,0.01,0.0,1.0,0.0,1.0,0.0,0.0,0.0,1.0,0.0,0.0,0.01,0.0,0.0,0.0,0.0,0.0,1.0,1.0,1.0,0.01,0.0,0.0,0.02,0.02,0.02,0.84,0.02,0.02,0.02,0.02,1.0,0.0,0.0,1.0,0.0,0.0,0.0,1.0,0.0,0.0,0.02,0.0,0.0,0.0,0.0,0.0,1.0,1.0,1.0,0.02,0.0,0.0,0.04,0.04,0.04,0.22,0.01,1.0,6.0,0.0,0.0,0.0,0.0,0.0,0.0
8478055,2025,Gustav Forsling,FLA,D,5on4,1,14.0,1.0,1.93,0.0,1.0,0.0,1.0,0.0,1.0,4.0,0.0,0.0,0.0,0.0,0.0,0.0,0.0,0.0,0.0,0.0,0.0,0.0,0.0,0.0,0.0,0.0,0.0,0.0,0.0,0.0,0.0,0.0,0.0,0.0,0.0,0.0,0.0,0.0,0.0,0.0,0.0,0.0,0.0,0.0,0.0,0.0,0.0,0.0,0.0,0.0,0.0,0.0,0.0,0.0,0.0,0.0,0.0,0.0,0.0,0.0,0.0,1.0,0.0,0.0,0.0,1.0,1.0,0.0,0.0,0.0,0.0,0.0,208.0,0.0,0.0,0.0,0.0,0.0,0.0,0.0,0.0,0.0,0.0,0.0,0.0,0.0,0.0,0.0,0.0,0.0,0.0,0.0,0.0,0.0,0.0,0.0,0.0,0.0,0.0,0.0,0.0,0.0,0.0,0.0,0.0,0.0,0.0,0.0,0.0,0.0,0.0,0.0,0.0,0.0,0.0,0.0,0.0,0.0,0.0,0.0,0.0,0.0,0.0,0.0,0.0,0.0,0.0,0.0,0.0,0.0,0.0,0.0,0.0,0.0,0.0,0.0,0.0,0.73,0.0,8.0,0.0,0.0,0.0,0.0,0.0,0.0,0.0
8477450,2025,Jason Dickinson,CHI,C,other,1,0.0,0.0,0.0,0.0,0.0,0.0,0.0,0.0,0.0,0.0,0.0,0.0,0.0,0.0,0.0,0.0,0.0,0.0,0.0,0.0,0.0,0.0,0.0,0.0,0.0,0.0,0.0,0.0,0.0,0.0,0.0,0.0,0.0,0.0,0.0,0.0,0.0,0.0,0.0,0.0,0.0,0.0,0.0,0.0,0.0,0.0,0.0,0.0,0.0,0.0,0.0,0.0,0.0,0.0,0.0,0.0,0.0,0.0,0.0,0.0,0.0,0.0,0.0,0.0,0.0,0.0,0.0,0.0,0.0,0.0,0.0,0.0,0.0,0.0,0.0,0.0,0.0,0.0,0.0,0.0,0.0,0.0,0.0,0.0,0.0,0.0,0.0,0.0,0.0,0.0,0.0,0.0,0.0,0.0,0.0,0.0,0.0,0.0,0.0,0.0,0.0,0.0,0.0,0.0,0.0,0.0,0.0,0.0,0.0,0.0,0.0,0.0,0.0,0.0,0.0,0.0,0.0,0.0,0.0,0.0,0.0,0.0,0.0,0.0,0.0,0.0,0.0,0.0,0.0,0.0,0.0,0.0,0.0,0.0,0.0,0.0,0.0,0.0,0.0,0.0,0.0,0.0,0.0,0.0,0.0,0.0,0.0
8477450,2025,Jason Dickinson,CHI,C,all,1,854.0,25.0,0.26,0.81,0.22,0.5,0.41,0.67,0.34,8.0,1.57,0.07,0.07,0.42,0.04,0.8,0.61,0.07,0.07,0.07,0.0,0.0,1.0,1.0,0.0,2.0,0.0,0.0,0.0,0.0,0.0,0.0,1.0,1.0,1.0,2.0,0.0,0.0,11.0,0.0,0.0,0.0,2.0,0.0,0.0,0.07,0.0,0.0,0.0,0.0,0.0,2.06,2.0,2.06,0.0,0.01,0.0,0.0,0.09,0.09,0.09,25.0,1.0,8.0,6.0,10.0,4.0,0.0,4.0,17.0,11.0,8.0,2746.0,0.0,0.0,0.0,0.0,5.93,0.44,0.44,0.45,0.44,5.0,3.0,1.0,9.0,0.0,1.0,0.0,7.0,0.0,1.0,0.21,0.0,0.23,0.0,0.0,0.0,9.06,8.0,8.04,0.06,0.23,0.23,0.27,0.28,0.27,2.83,0.11,0.1,0.1,0.1,3.0,1.0,5.0,9.0,0.0,0.0,0.0,4.0,0.0,0.0,0.11,0.0,0.0,0.0,0.0,0.0,8.82,4.0,3.89,0.03,0.0,0.0,0.14,0.14,0.13,1.15,4.03,41.0,60.0,0.0,0.0,0.0,0.0,0.0,0.0
8477450,2025,Jason Dickinson,CHI,C,5on5,1,708.0,19.0,0.26,0.96,0.25,0.6,0.37,0.8,0.32,8.0,1.57,0.07,0.07,0.42,0.04,0.8,0.61,0.07,0.07,0.07,0.0,0.0,1.0,1.0,0.0,2.0,0.0,0.0,0.0,0.0,0.0,0.0,1.0,1.0,1.0,2.0,0.0,0.0,10.0,0.0,0.0,0.0,2.0,0.0,0.0,0.07,0.0,0.0,0.0,0.0,0.0,2.06,2.0,2.06,0.0,0.01,0.0,0.0,0.09,0.09,0.09,19.0,0.0,5.0,6.0,8.0,4.0,0.0,4.0,11.0,10.0,6.0,2254.0,0.0,0.0,0.0,0.0,5.93,0.44,0.44,0.45,0.44,5.0,3.0,1.0,9.0,0.0,1.0,0.0,7.0,0.0,1.0,0.21,0.0,0.23,0.0,0.0,0.0,9.06,8.0,8.04,0.06,0.23,0.23,0.27,0.28,0.27,1.42,0.02,0.02,0.02,0.02,1.0,1.0,4.0,6.0,0.0,0.0,0.0,2.0,0.0,0.0,0.02,0.0,0.0,0.0,0.0,0.0,5.82,2.0,1.89,0.01,0.0,0.0,0.03,0.03,0.03,1.03,3.15,31.0,53.0,0.0,0.09,0.0,1.0,0.0,1.0
8477450,2025,Jason Dickinson,CHI,C,4on5,1,140.0,4.0,0.26,0.0,0.0,0.0,0.0,0.0,0.0,2.0,0.0,0.0,0.0,0.0,0.0,0.0,0.0,0.0,0.0,0.0,0.0,0.0,0.0,0.0,0.0,0.0,0.0,0.0,0.0,0.0,0.0,0.0,0.0,0.0,0.0,0.0,0.0,0.0,1.0,0.0,0.0,0.0,0.0,0.0,0.0,0.0,0.0,0.0,0.0,0.0,0.0,0.0,0.0,0.0,0.0,0.0,0.0,0.0,0.0,0.0,0.0,4.0,0.0,3.0,0.0,1.0,0.0,0.0,0.0,4.0,1.0,0.0,82.0,0.0,0.0,0.0,0.0,0.0,0.0,0.0,0.0,0.0,0.0,0.0,0.0,0.0,0.0,0.0,0.0,0.0,0.0,0.0,0.0,0.0,0.0,0.0,0.0,0.0,0.0,0.0,0.0,0.0,0.0,0.0,0.0,0.0,0.0,1.42,0.09,0.08,0.09,0.08,2.0,0.0,1.0,3.0,0.0,0.0,0.0,2.0,0.0,0.0,0.09,0.0,0.0,0.0,0.0,0.0,3.0,2.0,2.0,0.02,0.0,0.0,0.11,0.11,0.1,0.0,0.64,0.0,5.0,0.0,0.0,0.0,0.0,0.0,0.0
8477450,2025,Jason Dickinson,CHI,C,5on4,1,6.0,2.0,0.26,0.0,0.11,0.0,0.78,0.0,0.6,9.0,0.0,0.0,0.0,0.0,0.0,0.0,0.0,0.0,0.0,0.0,0.0,0.0,0.0,0.0,0.0,0.0,0.0,0.0,0.0,0.0,0.0,0.0,0.0,0.0,0.0,0.0,0.0,0.0,0.0,0.0,0.0,0.0,0.0,0.0,0.0,0.0,0.0,0.0,0.0,0.0,0.0,0.0,0.0,0.0,0.0,0.0,0.0,0.0,0.0,0.0,0.0,2.0,1.0,0.0,0.0,1.0,0.0,0.0,0.0,2.0,0.0,2.0,354.0,0.0,0.0,0.0,0.0,0.0,0.0,0.0,0.0,0.0,0.0,0.0,0.0,0.0,0.0,0.0,0.0,0.0,0.0,0.0,0.0,0.0,0.0,0.0,0.0,0.0,0.0,0.0,0.0,0.0,0.0,0.0,0.0,0.0,0.0,0.0,0.0,0.0,0.0,0.0,0.0,0.0,0.0,0.0,0.0,0.0,0.0,0.0,0.0,0.0,0.0,0.0,0.0,0.0,0.0,0.0,0.0,0.0,0.0,0.0,0.0,0.0,0.0,0.0,0.0,0.03,0.23,7.0,2.0,0.0,0.0,0.0,0.0,0.0,0.0
8483690,2025,Noah Laba,NYR,C,other,1,0.0,0.0,0.0,0.0,0.0,0.0,0.0,0.0,0.0,0.0,0.0,0.0,0.0,0.0,0.0,0.0,0.0,0.0,0.0,0.0,0.0,0.0,0.0,0.0,0.0,0.0,0.0,0.0,0.0,0.0,0.0,0.0,0.0,0.0,0.0,0.0,0.0,0.0,0.0,0.0,0.0,0.0,0.0,0.0,0.0,0.0,0.0,0.0,0.0,0.0,0.0,0.0,0.0,0.0,0.0,0.0,0.0,0.0,0.0,0.0,0.0,0.0,0.0,0.0,0.0,0.0,0.0,0.0,0.0,0.0,0.0,0.0,0.0,0.0,0.0,0.0,0.0,0.0,0.0,0.0,0.0,0.0,0.0,0.0,0.0,0.0,0.0,0.0,0.0,0.0,0.0,0.0,0.0,0.0,0.0,0.0,0.0,0.0,0.0,0.0,0.0,0.0,0.0,0.0,0.0,0.0,0.0,0.0,0.0,0.0,0.0,0.0,0.0,0.0,0.0,0.0,0.0,0.0,0.0,0.0,0.0,0.0,0.0,0.0,0.0,0.0,0.0,0.0,0.0,0.0,0.0,0.0,0.0,0.0,0.0,0.0,0.0,0.0,0.0,0.0,0.0,0.0,0.0,0.0,0.0,0.0,0.0
8483690,2025,Noah Laba,NYR,C,all,1,820.0,18.0,0.38,0.56,0.33,0.59,0.46,0.67,0.43,7.0,0.0,0.0,0.0,0.0,0.0,0.0,0.0,0.0,0.0,0.0,0.0,0.0,0.0,0.0,1.0,1.0,0.0,0.0,0.0,0.0,0.0,0.0,0.0,0.0,0.0,0.0,0.0,0.0,5.0,1.0,0.0,2.0,0.0,0.0,0.0,0.0,0.0,0.0,0.0,0.0,0.0,0.92,0.0,0.0,0.0,0.0,0.0,0.0,0.0,0.0,0.0,18.0,2.0,1.0,1.0,14.0,1.0,6.0,1.0,10.0,5.0,2.0,2780.0,0.0,0.0,0.0,1.0,8.68,0.52,0.51,0.48,0.48,6.0,6.0,7.0,19.0,0.0,0.0,0.0,10.0,2.0,0.0,0.23,0.29,0.0,0.0,0.0,0.0,17.61,12.0,11.22,0.13,0.0,0.0,0.65,0.6,0.59,4.65,0.42,0.42,0.44,0.44,3.0,3.0,7.0,13.0,0.0,0.0,0.0,4.0,1.0,1.0,0.03,0.12,0.26,0.0,0.0,0.0,13.91,6.0,6.46,0.06,0.0,0.0,0.47,0.51,0.51,1.99,4.02,41.0,48.0,0.0,0.0,0.0,0.0,0.0,0.0
8483690,2025,Noah Laba,NYR,C,5on5,1,767.0,16.0,0.38,0.56,0.41,0.59,0.44,0.67,0.41,7.0,0.0,0.0,0.0,0.0,0.0,0.0,0.0,0.0,0.0,0.0,0.0,0.0,0.0,0.0,1.0,1.0,0.0,0.0,0.0,0.0,0.0,0.0,0.0,0.0,0.0,0.0,0.0,0.0,4.0,1.0,0.0,2.0,0.0,0.0,0.0,0.0,0.0,0.0,0.0,0.0,0.0,0.92,0.0,0.0,0.0,0.0,0.0,0.0,0.0,0.0,0.0,16.0,1.0,1.0,1.0,13.0,1.0,6.0,1.0,8.0,4.0,2.0,2450.0,0.0,0.0,0.0,1.0,8.68,0.52,0.51,0.48,0.48,6.0,6.0,7.0,19.0,0.0,0.0,0.0,10.0,2.0,0.0,0.23,0.29,0.0,0.0,0.0,0.0,17.61,12.0,11.22,0.13,0.0,0.0,0.65,0.6,0.59,4.65,0.42,0.42,0.44,0.44,3.0,3.0,7.0,13.0,0.0,0.0,0.0,4.0,1.0,1.0,0.03,0.12,0.26,0.0,0.0,0.0,13.91,6.0,6.46,0.06,0.0,0.0,0.47,0.51,0.51,1.8,2.6,35.0,45.0,0.0,0.0,0.0,0.0,0.0,0.0
8483690,2025,Noah Laba,NYR,C,4on5,1,41.0,1.0,0.38,0.0,0.0,0.0,0.0,0.0,0.0,3.0,0.0,0.0,0.0,0.0,0.0,0.0,0.0,0.0,0.0,0.0,0.0,0.0,0.0,0.0,0.0,0.0,0.0,0.0,0.0,0.0,0.0,0.0,0.0,0.0,0.0,0.0,0.0,0.0,0.0,0.0,0.0,0.0,0.0,0.0,0.0,0.0,0.0,0.0,0.0,0.0,0.0,0.0,0.0,0.0,0.0,0.0,0.0,0.0,0.0,0.0,0.0,1.0,0.0,0.0,0.0,1.0,0.0,0.0,0.0,1.0,0.0,0.0,79.0,0.0,0.0,0.0,0.0,0.0,0.0,0.0,0.0,0.0,0.0,0.0,0.0,0.0,0.0,0.0,0.0,0.0,0.0,0.0,0.0,0.0,0.0,0.0,0.0,0.0,0.0,0.0,0.0,0.0,0.0,0.0,0.0,0.0,0.0,0.0,0.0,0.0,0.0,0.0,0.0,0.0,0.0,0.0,0.0,0.0,0.0,0.0,0.0,0.0,0.0,0.0,0.0,0.0,0.0,0.0,0.0,0.0,0.0,0.0,0.0,0.0,0.0,0.0,0.0,0.0,0.0,0.0,1.0,0.0,0.0,0.0,0.0,0.0,0.0
8483690,2025,Noah Laba,NYR,C,5on4,1,12.0,1.0,0.38,0.0,1.0,0.0,1.0,0.0,1.0,10.0,0.0,0.0,0.0,0.0,0.0,0.0,0.0,0.0,0.0,0.0,0.0,0.0,0.0,0.0,0.0,0.0,0.0,0.0,0.0,0.0,0.0,0.0,0.0,0.0,0.0,0.0,0.0,0.0,1.0,0.0,0.0,0.0,0.0,0.0,0.0,0.0,0.0,0.0,0.0,0.0,0.0,0.0,0.0,0.0,0.0,0.0,0.0,0.0,0.0,0.0,0.0,1.0,1.0,0.0,0.0,0.0,0.0,0.0,0.0,1.0,1.0,0.0,228.0,0.0,0.0,0.0,0.0,0.0,0.0,0.0,0.0,0.0,0.0,0.0,0.0,0.0,0.0,0.0,0.0,0.0,0.0,0.0,0.0,0.0,0.0,0.0,0.0,0.0,0.0,0.0,0.0,0.0,0.0,0.0,0.0,0.0,0.0,0.0,0.0,0.0,0.0,0.0,0.0,0.0,0.0,0.0,0.0,0.0,0.0,0.0,0.0,0.0,0.0,0.0,0.0,0.0,0.0,0.0,0.0,0.0,0.0,0.0,0.0,0.0,0.0,0.0,0.0,0.19,0.0,5.0,0.0,0.0,0.0,0.0,0.0,0.0,0.0
8474578,2025,Erik Karlsson,PIT,D,other,1,0.0,0.0,0.0,0.0,0.0,0.0,0.0,0.0,0.0,0.0,0.0,0.0,0.0,0.0,0.0,0.0,0.0,0.0,0.0,0.0,0.0,0.0,0.0,0.0,0.0,0.0,0.0,0.0,0.0,0.0,0.0,0.0,0.0,0.0,0.0,0.0,0.0,0.0,0.0,0.0,0.0,0.0,0.0,0.0,0.0,0.0,0.0,0.0,0.0,0.0,0.0,0.0,0.0,0.0,0.0,0.0,0.0,0.0,0.0,0.0,0.0,0.0,0.0,0.0,0.0,0.0,0.0,0.0,0.0,0.0,0.0,0.0,0.0,0.0,0.0,0.0,0.0,0.0,0.0,0.0,0.0,0.0,0.0,0.0,0.0,0.0,0.0,0.0,0.0,0.0,0.0,0.0,0.0,0.0,0.0,0.0,0.0,0.0,0.0,0.0,0.0,0.0,0.0,0.0,0.0,0.0,0.0,0.0,0.0,0.0,0.0,0.0,0.0,0.0,0.0,0.0,0.0,0.0,0.0,0.0,0.0,0.0,0.0,0.0,0.0,0.0,0.0,0.0,0.0,0.0,0.0,0.0,0.0,0.0,0.0,0.0,0.0,0.0,0.0,0.0,0.0,0.0,0.0,0.0,0.0,0.0,0.0
8474578,2025,Erik Karlsson,PIT,D,all,1,1233.0,24.0,0.6,0.58,0.66,0.53,0.49,0.54,0.51,4.0,2.97,0.24,0.16,0.84,0.11,1.48,1.18,0.23,0.26,0.26,0.0,0.0,2.0,2.0,2.0,6.0,0.0,0.0,0.0,0.0,0.0,0.0,2.0,2.0,2.0,4.0,0.0,0.0,0.0,0.0,0.0,2.0,3.0,1.0,0.0,0.09,0.15,0.0,0.0,0.0,0.0,6.48,4.0,4.33,1.0,0.03,0.0,0.15,0.13,0.14,0.14,24.0,3.0,3.0,1.0,17.0,2.0,1.0,3.0,18.0,0.0,0.0,2367.0,0.0,0.0,0.0,2.0,10.03,0.98,0.93,1.07,1.01,10.0,3.0,6.0,19.0,1.0,1.0,0.0,9.0,3.0,1.0,0.3,0.44,0.24,0.0,0.0,1.0,20.6,13.0,14.1,0.15,0.15,0.15,0.99,1.07,1.02,7.36,0.7,0.67,0.65,0.63,6.0,5.0,6.0,17.0,0.0,2.0,0.0,6.0,5.0,0.0,0.18,0.52,0.0,0.0,0.0,0.0,15.95,11.0,10.38,0.12,0.2,0.2,0.61,0.58,0.57,3.45,1.81,42.0,43.0,0.0,0.0,0.0,0.0,0.0,0.0
8474578,2025,Erik Karlsson,PIT,D,5on5,1,1126.0,20.0,0.6,0.6,0.55,0.56,0.5,0.57,0.51,4.0,2.97,0.24,0.16,0.84,0.11,1.48,1.18,0.23,0.26,0.26,0.0,0.0,2.0,2.0,2.0,6.0,0.0,0.0,0.0,0.0,0.0,0.0,2.0,2.0,2.0,4.0,0.0,0.0,0.0,0.0,0.0,2.0,3.0,1.0,0.0,0.09,0.15,0.0,0.0,0.0,0.0,6.48,4.0,4.33,1.0,0.03,0.0,0.15,0.13,0.14,0.14,20.0,3.0,1.0,1.0,15.0,2.0,0.0,2.0,16.0,0.0,0.0,2091.0,0.0,0.0,0.0,1.0,10.03,0.98,0.93,1.07,1.01,10.0,3.0,6.0,19.0,1.0,1.0,0.0,9.0,3.0,1.0,0.3,0.44,0.24,0.0,0.0,1.0,20.6,13.0,14.1,0.15,0.15,0.15,0.99,1.07,1.02,6.61,0.64,0.61,0.6,0.57,5.0,5.0,5.0,15.0,0.0,2.0,0.0,5.0,5.0,0.0,0.12,0.52,0.0,0.0,0.0,0.0,13.95,10.0,9.38,0.11,0.2,0.2,0.55,0.51,0.51,2.04,1.68,39.0,39.0,0.0,0.0,2.0,0.0,0.0,0.0
8474578,2025,Erik Karlsson,PIT,D,4on5,1,57.0,3.0,0.6,0.0,0.0,0.0,0.0,0.0,0.0,3.0,0.0,0.0,0.0,0.0,0.0,0.0,0.0,0.0,0.0,0.0,0.0,0.0,0.0,0.0,0.0,0.0,0.0,0.0,0.0,0.0,0.0,0.0,0.0,0.0,0.0,0.0,0.0,0.0,0.0,0.0,0.0,0.0,0.0,0.0,0.0,0.0,0.0,0.0,0.0,0.0,0.0,0.0,0.0,0.0,0.0,0.0,0.0,0.0,0.0,0.0,0.0,3.0,0.0,2.0,0.0,1.0,0.0,1.0,1.0,1.0,0.0,0.0,183.0,0.0,0.0,0.0,0.0,0.0,0.0,0.0,0.0,0.0,0.0,0.0,0.0,0.0,0.0,0.0,0.0,0.0,0.0,0.0,0.0,0.0,0.0,0.0,0.0,0.0,0.0,0.0,0.0,0.0,0.0,0.0,0.0,0.0,0.0,0.76,0.06,0.06,0.06,0.06,1.0,0.0,1.0,2.0,0.0,0.0,0.0,1.0,0.0,0.0,0.06,0.0,0.0,0.0,0.0,0.0,2.0,1.0,1.0,0.01,0.0,0.0,0.07,0.07,0.07,0.0,0.13,0.0,3.0,0.0,0.0,0.0,0.0,0.0,0.0
8474578,2025,Erik Karlsson,PIT,D,5on4,1,50.0,1.0,0.6,0.0,0.0,0.0,1.0,0.0,0.0,2.0,0.0,0.0,0.0,0.0,0.0,0.0,0.0,0.0,0.0,0.0,0.0,0.0,0.0,0.0,0.0,0.0,0.0,0.0,0.0,0.0,0.0,0.0,0.0,0.0,0.0,0.0,0.0,0.0,0.0,0.0,0.0,0.0,0.0,0.0,0.0,0.0,0.0,0.0,0.0,0.0,0.0,0.0,0.0,0.0,0.0,0.0,0.0,0.0,0.0,0.0,0.0,1.0,0.0,0.0,0.0,1.0,0.0,0.0,0.0,1.0,0.0,0.0,70.0,0.0,0.0,0.0,1.0,0.0,0.0,0.0,0.0,0.0,0.0,0.0,0.0,0.0,0.0,0.0,0.0,0.0,0.0,0.0,0.0,0.0,0.0,0.0,0.0,0.0,0.0,0.0,0.0,0.0,0.0,0.0,0.0,0.0,0.0,0.0,0.0,0.0,0.0,0.0,0.0,0.0,0.0,0.0,0.0,0.0,0.0,0.0,0.0,0.0,0.0,0.0,0.0,0.0,0.0,0.0,0.0,0.0,0.0,0.0,0.0,0.0,0.0,0.0,0.0,0.0,0.0,1.0,0.0,0.0,0.0,0.0,0.0,0.0,0.0
8478569,2025,Noel Acciari,PIT,C,other,1,12.0,0.0,0.28,1.0,1.0,0.5,1.0,1.0,1.0,1.0,0.0,0.0,0.0,0.0,0.0,0.0,0.0,0.0,0.0,0.0,0.0,0.0,0.0,0.0,0.0,0.0,0.0,0.0,0.0,0.0,0.0,0.0,0.0,0.0,0.0,0.0,0.0,0.0,0.0,0.0,0.0,0.0,0.0,0.0,0.0,0.0,0.0,0.0,0.0,0.0,0.0,0.0,0.0,0.0,0.0,0.0,0.0,0.0,0.0,0.0,0.0,0.0,0.0,0.0,0.0,0.0,0.0,0.0,0.0,0.0,0.0,0.0,11.0,0.0,0.0,0.0,0.0,0.48,0.46,0.46,0.46,0.46,1.0,0.0,0.0,1.0,1.0,0.0,0.0,0.0,0.0,1.0,0.0,0.0,0.46,0.0,0.0,1.0,1.0,1.0,1.0,0.01,0.0,0.0,0.46,0.46,0.46,0.0,0.0,0.0,0.0,0.0,0.0,0.0,1.0,1.0,0.0,0.0,0.0,0.0,0.0,0.0,0.0,0.0,0.0,0.0,0.0,0.0,1.0,0.0,0.0,0.0,0.0,0.0,0.0,0.0,0.0,0.95,0.0,1.0,0.0,0.0,0.0,0.0,0.0,0.0,0.0
8478569,2025,Noel Acciari,PIT,C,all,1,820.0,23.0,0.28,0.72,0.62,0.52,0.5,0.6,0.5,9.0,1.46,0.08,0.09,0.41,0.04,0.81,0.56,0.08,0.09,0.09,0.0,0.0,1.0,1.0,0.0,2.0,0.0,0.0,0.0,0.0,1.0,0.0,1.0,0.0,1.0,2.0,0.0,0.0,3.0,4.0,0.0,0.0,2.0,0.0,0.0,0.08,0.0,0.0,0.0,0.0,0.0,2.21,2.0,2.2,0.0,0.02,0.0,0.0,0.1,0.11,0.11,23.0,0.0,4.0,3.0,16.0,4.0,1.0,4.0,14.0,3.0,3.0,2780.0,0.0,0.0,0.0,1.0,6.57,0.8,0.8,0.83,0.83,7.0,2.0,3.0,12.0,1.0,0.0,0.0,7.0,1.0,1.0,0.21,0.14,0.46,0.0,0.0,1.0,12.85,9.0,9.73,0.08,0.0,0.0,0.89,0.93,0.93,4.63,0.3,0.3,0.29,0.28,5.0,1.0,5.0,11.0,0.0,0.0,0.0,5.0,1.0,0.0,0.13,0.17,0.0,0.0,0.0,0.0,10.38,6.0,5.64,0.06,0.0,0.0,0.36,0.34,0.33,3.63,2.2,49.0,49.0,0.0,0.0,0.0,0.0,0.0,0.0
8478569,2025,Noel Acciari,PIT,C,5on5,1,678.0,19.0,0.28,0.58,0.56,0.58,0.51,0.62,0.51,11.0,1.46,0.08,0.09,0.41,0.04,0.81,0.56,0.08,0.09,0.09,0.0,0.0,1.0,1.0,0.0,2.0,0.0,0.0,0.0,0.0,1.0,0.0,1.0,0.0,1.0,2.0,0.0,0.0,2.0,4.0,0.0,0.0,2.0,0.0,0.0,0.08,0.0,0.0,0.0,0.0,0.0,2.21,2.0,2.2,0.0,0.02,0.0,0.0,0.1,0.11,0.11,19.0,0.0,3.0,3.0,13.0,4.0,1.0,3.0,11.0,2.0,2.0,2539.0,0.0,0.0,0.0,1.0,6.09,0.34,0.34,0.38,0.38,6.0,2.0,3.0,11.0,0.0,0.0,0.0,7.0,1.0,0.0,0.21,0.14,0.0,0.0,0.0,0.0,11.85,8.0,8.73,0.08,0.0,0.0,0.42,0.46,0.46,3.87,0.25,0.24,0.23,0.22,4.0,1.0,3.0,8.0,0.0,0.0,0.0,4.0,1.0,0.0,0.08,0.17,0.0,0.0,0.0,0.0,7.38,5.0,4.64,0.05,0.0,0.0,0.29,0.27,0.26,2.68,2.07,47.0,46.0,0.0,0.01,0.0,1.0,0.0,1.0
8478569,2025,Noel Acciari,PIT,C,4on5,1,91.0,3.0,0.28,0.0,0.0,0.0,0.0,0.0,0.0,3.0,0.0,0.0,0.0,0.0,0.0,0.0,0.0,0.0,0.0,0.0,0.0,0.0,0.0,0.0,0.0,0.0,0.0,0.0,0.0,0.0,0.0,0.0,0.0,0.0,0.0,0.0,0.0,0.0,1.0,0.0,0.0,0.0,0.0,0.0,0.0,0.0,0.0,0.0,0.0,0.0,0.0,0.0,0.0,0.0,0.0,0.0,0.0,0.0,0.0,0.0,0.0,3.0,0.0,1.0,0.0,2.0,0.0,0.0,1.0,2.0,1.0,0.0,149.0,0.0,0.0,0.0,0.0,0.0,0.0,0.0,0.0,0.0,0.0,0.0,0.0,0.0,0.0,0.0,0.0,0.0,0.0,0.0,0.0,0.0,0.0,0.0,0.0,0.0,0.0,0.0,0.0,0.0,0.0,0.0,0.0,0.0,0.0,0.76,0.06,0.06,0.06,0.06,1.0,0.0,1.0,2.0,0.0,0.0,0.0,1.0,0.0,0.0,0.06,0.0,0.0,0.0,0.0,0.0,2.0,1.0,1.0,0.01,0.0,0.0,0.07,0.07,0.07,0.0,0.13,0.0,3.0,0.0,0.0,0.0,0.0,0.0,0.0
8478569,2025,Noel Acciari,PIT,C,5on4,1,39.0,1.0,0.28,0.0,0.0,0.0,1.0,0.0,0.0,5.0,0.0,0.0,0.0,0.0,0.0,0.0,0.0,0.0,0.0,0.0,0.0,0.0,0.0,0.0,0.0,0.0,0.0,0.0,0.0,0.0,0.0,0.0,0.0,0.0,0.0,0.0,0.0,0.0,0.0,0.0,0.0,0.0,0.0,0.0,0.0,0.0,0.0,0.0,0.0,0.0,0.0,0.0,0.0,0.0,0.0,0.0,0.0,0.0,0.0,0.0,0.0,1.0,0.0,0.0,0.0,1.0,0.0,0.0,0.0,1.0,0.0,1.0,81.0,0.0,0.0,0.0,0.0,0.0,0.0,0.0,0.0,0.0,0.0,0.0,0.0,0.0,0.0,0.0,0.0,0.0,0.0,0.0,0.0,0.0,0.0,0.0,0.0,0.0,0.0,0.0,0.0,0.0,0.0,0.0,0.0,0.0,0.0,0.0,0.0,0.0,0.0,0.0,0.0,0.0,0.0,0.0,0.0,0.0,0.0,0.0,0.0,0.0,0.0,0.0,0.0,0.0,0.0,0.0,0.0,0.0,0.0,0.0,0.0,0.0,0.0,0.0,0.0,0.0,0.0,1.0,0.0,0.0,0.0,0.0,0.0,0.0,0.0
8482109,2025,Alexis Lafrenire,NYR,L,other,1,23.0,1.0,0.1,0.0,0.0,0.33,0.0,0.0,0.0,3.0,0.0,0.0,0.0,0.0,0.0,0.0,0.0,0.0,0.0,0.0,0.0,0.0,0.0,0.0,0.0,0.0,0.0,0.0,0.0,0.0,0.0,0.0,0.0,0.0,0.0,0.0,0.0,0.0,0.0,0.0,0.0,0.0,0.0,0.0,0.0,0.0,0.0,0.0,0.0,0.0,0.0,0.0,0.0,0.0,0.0,0.0,0.0,0.0,0.0,0.0,0.0,1.0,0.0,0.0,0.0,1.0,0.0,0.0,1.0,0.0,0.0,0.0,0.0,0.0,0.0,0.0,0.0,0.0,0.0,0.0,0.0,0.0,0.0,0.0,1.0,1.0,0.0,0.0,0.0,0.0,0.0,0.0,0.0,0.0,0.0,0.0,0.0,0.0,1.0,0.0,0.0,0.0,0.0,0.0,0.0,0.0,0.0,1.43,1.41,1.41,1.41,1.41,2.0,0.0,0.0,2.0,2.0,0.0,0.0,0.0,0.0,2.0,0.0,0.0,1.41,0.0,0.0,2.0,2.0,2.0,2.0,0.01,0.0,0.0,1.42,1.42,1.42,0.0,0.0,0.0,0.0,0.0,0.0,0.0,0.0,0.0,0.0
8482109,2025,Alexis Lafrenire,NYR,L,all,1,959.0,23.0,0.1,0.19,0.46,0.42,0.52,0.47,0.48,6.0,4.67,0.46,0.28,1.26,0.14,2.31,1.55,0.46,0.44,0.44,0.0,0.0,6.0,0.0,0.0,6.0,0.0,0.0,0.0,0.0,1.0,0.0,4.0,1.0,6.0,6.0,0.0,0.0,0.0,3.0,0.0,0.0,5.0,0.0,1.0,0.16,0.0,0.31,0.0,0.0,0.0,5.63,6.0,5.64,0.0,0.06,0.0,0.31,0.22,0.2,0.2,23.0,1.0,2.0,1.0,19.0,4.0,1.0,4.0,14.0,0.0,0.0,2641.0,0.0,0.0,0.0,0.0,6.03,0.5,0.49,0.47,0.47,7.0,1.0,2.0,10.0,0.0,1.0,0.0,7.0,0.0,1.0,0.19,0.0,0.31,0.0,0.0,0.0,9.54,8.0,7.58,0.07,0.31,0.31,0.26,0.25,0.25,6.95,2.11,2.06,2.18,2.12,8.0,1.0,5.0,14.0,3.0,1.0,0.0,4.0,2.0,3.0,0.17,0.28,1.65,0.0,0.0,3.0,15.16,9.0,9.7,0.1,0.15,0.15,2.06,2.13,2.07,2.0,2.32,50.0,47.0,0.0,0.0,0.0,0.0,0.0,0.0
8482109,2025,Alexis Lafrenire,NYR,L,5on5,1,837.0,20.0,0.1,0.39,0.45,0.4,0.5,0.5,0.47,6.0,3.92,0.41,0.24,1.06,0.12,1.91,1.27,0.4,0.39,0.38,0.0,0.0,5.0,0.0,0.0,5.0,0.0,0.0,0.0,0.0,1.0,0.0,3.0,1.0,5.0,5.0,0.0,0.0,0.0,3.0,0.0,0.0,4.0,0.0,1.0,0.1,0.0,0.31,0.0,0.0,0.0,4.63,5.0,4.64,0.0,0.05,0.0,0.31,0.15,0.14,0.14,20.0,1.0,2.0,0.0,17.0,2.0,1.0,3.0,14.0,0.0,0.0,2380.0,0.0,0.0,0.0,0.0,5.27,0.44,0.43,0.42,0.41,6.0,1.0,1.0,8.0,0.0,1.0,0.0,6.0,0.0,1.0,0.14,0.0,0.31,0.0,0.0,0.0,7.54,7.0,6.58,0.06,0.31,0.31,0.2,0.18,0.18,5.53,0.7,0.65,0.76,0.71,6.0,1.0,5.0,12.0,1.0,1.0,0.0,4.0,2.0,1.0,0.17,0.28,0.24,0.0,0.0,1.0,13.16,7.0,7.7,0.09,0.15,0.15,0.65,0.71,0.65,1.88,2.32,46.0,46.0,0.0,0.07,0.0,1.0,0.0,1.0
8482109,2025,Alexis Lafrenire,NYR,L,4on5,1,0.0,0.0,0.0,0.0,0.0,0.0,0.0,0.0,0.0,0.0,0.0,0.0,0.0,0.0,0.0,0.0,0.0,0.0,0.0,0.0,0.0,0.0,0.0,0.0,0.0,0.0,0.0,0.0,0.0,0.0,0.0,0.0,0.0,0.0,0.0,0.0,0.0,0.0,0.0,0.0,0.0,0.0,0.0,0.0,0.0,0.0,0.0,0.0,0.0,0.0,0.0,0.0,0.0,0.0,0.0,0.0,0.0,0.0,0.0,0.0,0.0,0.0,0.0,0.0,0.0,0.0,0.0,0.0,0.0,0.0,0.0,0.0,0.0,0.0,0.0,0.0,0.0,0.0,0.0,0.0,0.0,0.0,0.0,0.0,0.0,0.0,0.0,0.0,0.0,0.0,0.0,0.0,0.0,0.0,0.0,0.0,0.0,0.0,0.0,0.0,0.0,0.0,0.0,0.0,0.0,0.0,0.0,0.0,0.0,0.0,0.0,0.0,0.0,0.0,0.0,0.0,0.0,0.0,0.0,0.0,0.0,0.0,0.0,0.0,0.0,0.0,0.0,0.0,0.0,0.0,0.0,0.0,0.0,0.0,0.0,0.0,0.0,0.0,0.0,0.0,0.0,0.0,0.0,0.0,0.0,0.0,0.0
8482109,2025,Alexis Lafrenire,NYR,L,5on4,1,99.0,2.0,0.1,1.0,1.0,1.0,1.0,1.0,1.0,5.0,0.76,0.06,0.04,0.19,0.02,0.41,0.28,0.06,0.06,0.06,0.0,0.0,1.0,0.0,0.0,1.0,0.0,0.0,0.0,0.0,0.0,0.0,1.0,0.0,1.0,1.0,0.0,0.0,0.0,0.0,0.0,0.0,1.0,0.0,0.0,0.06,0.0,0.0,0.0,0.0,0.0,1.0,1.0,1.0,0.0,0.01,0.0,0.0,0.07,0.07,0.07,2.0,0.0,0.0,1.0,1.0,2.0,0.0,0.0,0.0,0.0,0.0,141.0,0.0,0.0,0.0,0.0,0.76,0.06,0.06,0.06,0.06,1.0,0.0,0.0,1.0,0.0,0.0,0.0,1.0,0.0,0.0,0.06,0.0,0.0,0.0,0.0,0.0,1.0,1.0,1.0,0.01,0.0,0.0,0.07,0.07,0.07,0.0,0.0,0.0,0.0,0.0,0.0,0.0,0.0,0.0,0.0,0.0,0.0,0.0,0.0,0.0,0.0,0.0,0.0,0.0,0.0,0.0,0.0,0.0,0.0,0.0,0.0,0.0,0.0,0.0,0.0,0.13,0.0,4.0,0.0,0.0,0.0,0.0,0.0,0.0,0.0
8475179,2025,Dmitry Kulikov,FLA,D,other,1,0.0,0.0,0.0,0.0,0.0,0.0,0.0,0.0,0.0,0.0,0.0,0.0,0.0,0.0,0.0,0.0,0.0,0.0,0.0,0.0,0.0,0.0,0.0,0.0,0.0,0.0,0.0,0.0,0.0,0.0,0.0,0.0,0.0,0.0,0.0,0.0,0.0,0.0,0.0,0.0,0.0,0.0,0.0,0.0,0.0,0.0,0.0,0.0,0.0,0.0,0.0,0.0,0.0,0.0,0.0,0.0,0.0,0.0,0.0,0.0,0.0,0.0,0.0,0.0,0.0,0.0,0.0,0.0,0.0,0.0,0.0,0.0,0.0,0.0,0.0,0.0,0.0,0.0,0.0,0.0,0.0,0.0,0.0,0.0,0.0,0.0,0.0,0.0,0.0,0.0,0.0,0.0,0.0,0.0,0.0,0.0,0.0,0.0,0.0,0.0,0.0,0.0,0.0,0.0,0.0,0.0,0.0,0.0,0.0,0.0,0.0,0.0,0.0,0.0,0.0,0.0,0.0,0.0,0.0,0.0,0.0,0.0,0.0,0.0,0.0,0.0,0.0,0.0,0.0,0.0,0.0,0.0,0.0,0.0,0.0,0.0,0.0,0.0,0.0,0.0,0.0,0.0,0.0,0.0,0.0,0.0,0.0
8475179,2025,Dmitry Kulikov,FLA,D,all,1,826.0,23.0,-0.03,0.62,0.75,0.52,0.59,0.47,0.65,6.0,0.65,0.02,0.04,0.18,0.02,0.43,0.3,0.02,0.02,0.02,0.0,0.0,1.0,0.0,0.0,1.0,0.0,0.0,0.0,0.0,0.0,0.0,0.0,1.0,1.0,1.0,0.0,0.0,0.0,0.0,0.0,0.0,1.0,0.0,0.0,0.02,0.0,0.0,0.0,0.0,0.0,0.97,1.0,0.97,0.0,0.01,0.0,0.0,0.03,0.02,0.02,23.0,3.0,2.0,4.0,14.0,2.0,6.0,4.0,11.0,0.0,0.0,2774.0,0.0,0.0,0.0,0.0,6.93,0.66,0.66,0.65,0.65,6.0,3.0,3.0,12.0,0.0,0.0,0.0,6.0,2.0,1.0,0.14,0.29,0.22,0.0,0.0,0.0,11.67,9.0,8.78,0.1,0.0,0.0,0.76,0.75,0.75,7.47,0.4,0.4,0.41,0.41,9.0,1.0,1.0,11.0,1.0,1.0,0.0,9.0,0.0,1.0,0.17,0.0,0.23,1.0,0.0,0.0,11.09,10.0,10.08,0.07,0.23,0.23,0.24,0.25,0.25,3.48,1.19,57.0,39.0,0.0,0.0,0.0,0.0,0.0,0.0
8475179,2025,Dmitry Kulikov,FLA,D,5on5,1,769.0,21.0,-0.03,0.52,0.72,0.52,0.62,0.47,0.65,5.0,0.65,0.02,0.04,0.18,0.02,0.43,0.3,0.02,0.02,0.02,0.0,0.0,1.0,0.0,0.0,1.0,0.0,0.0,0.0,0.0,0.0,0.0,0.0,1.0,1.0,1.0,0.0,0.0,0.0,0.0,0.0,0.0,1.0,0.0,0.0,0.02,0.0,0.0,0.0,0.0,0.0,0.97,1.0,0.97,0.0,0.01,0.0,0.0,0.03,0.02,0.02,21.0,3.0,1.0,4.0,13.0,2.0,6.0,4.0,9.0,0.0,0.0,2193.0,0.0,0.0,0.0,0.0,5.98,0.43,0.43,0.42,0.42,5.0,3.0,3.0,11.0,0.0,0.0,0.0,6.0,2.0,0.0,0.14,0.29,0.0,0.0,0.0,0.0,10.67,8.0,7.78,0.08,0.0,0.0,0.52,0.5,0.5,6.76,0.4,0.39,0.41,0.4,8.0,1.0,1.0,10.0,1.0,1.0,0.0,8.0,0.0,1.0,0.17,0.0,0.23,1.0,0.0,0.0,10.09,9.0,9.08,0.06,0.23,0.23,0.23,0.23,0.23,2.74,1.08,48.0,30.0,0.0,0.0,2.0,0.0,0.0,0.0
8475179,2025,Dmitry Kulikov,FLA,D,4on5,1,57.0,2.0,-0.03,0.97,0.32,0.5,0.14,0.5,0.33,5.0,0.0,0.0,0.0,0.0,0.0,0.0,0.0,0.0,0.0,0.0,0.0,0.0,0.0,0.0,0.0,0.0,0.0,0.0,0.0,0.0,0.0,0.0,0.0,0.0,0.0,0.0,0.0,0.0,0.0,0.0,0.0,0.0,0.0,0.0,0.0,0.0,0.0,0.0,0.0,0.0,0.0,0.0,0.0,0.0,0.0,0.0,0.0,0.0,0.0,0.0,0.0,2.0,0.0,1.0,0.0,1.0,0.0,0.0,0.0,2.0,0.0,0.0,303.0,0.0,0.0,0.0,0.0,0.95,0.22,0.22,0.22,0.22,1.0,0.0,0.0,1.0,0.0,0.0,0.0,0.0,0.0,1.0,0.0,0.0,0.22,0.0,0.0,0.0,1.0,1.0,1.0,0.02,0.0,0.0,0.24,0.24,0.24,0.71,0.01,0.01,0.01,0.01,1.0,0.0,0.0,1.0,0.0,0.0,0.0,1.0,0.0,0.0,0.01,0.0,0.0,0.0,0.0,0.0,1.0,1.0,1.0,0.01,0.0,0.0,0.01,0.01,0.01,0.01,0.02,1.0,6.0,0.0,0.0,0.0,0.0,0.0,0.0
8475179,2025,Dmitry Kulikov,FLA,D,5on4,1,0.0,0.0,0.0,0.0,0.0,0.0,0.0,0.0,0.0,0.0,0.0,0.0,0.0,0.0,0.0,0.0,0.0,0.0,0.0,0.0,0.0,0.0,0.0,0.0,0.0,0.0,0.0,0.0,0.0,0.0,0.0,0.0,0.0,0.0,0.0,0.0,0.0,0.0,0.0,0.0,0.0,0.0,0.0,0.0,0.0,0.0,0.0,0.0,0.0,0.0,0.0,0.0,0.0,0.0,0.0,0.0,0.0,0.0,0.0,0.0,0.0,0.0,0.0,0.0,0.0,0.0,0.0,0.0,0.0,0.0,0.0,0.0,0.0,0.0,0.0,0.0,0.0,0.0,0.0,0.0,0.0,0.0,0.0,0.0,0.0,0.0,0.0,0.0,0.0,0.0,0.0,0.0,0.0,0.0,0.0,0.0,0.0,0.0,0.0,0.0,0.0,0.0,0.0,0.0,0.0,0.0,0.0,0.0,0.0,0.0,0.0,0.0,0.0,0.0,0.0,0.0,0.0,0.0,0.0,0.0,0.0,0.0,0.0,0.0,0.0,0.0,0.0,0.0,0.0,0.0,0.0,0.0,0.0,0.0,0.0,0.0,0.0,0.0,0.0,0.0,0.0,0.0,0.0,0.0,0.0,0.0,0.0
8479398,2025,Samuel Girard,COL,D,other,1,133.0,0.0,-0.07,0.0,0.0,0.0,0.0,0.0,0.0,2.0,0.0,0.0,0.0,0.0,0.0,0.0,0.0,0.0,0.0,0.0,0.0,0.0,0.0,0.0,0.0,0.0,0.0,0.0,0.0,0.0,0.0,0.0,0.0,0.0,0.0,0.0,0.0,0.0,0.0,0.0,0.0,0.0,0.0,0.0,0.0,0.0,0.0,0.0,0.0,0.0,0.0,0.0,0.0,0.0,0.0,0.0,0.0,0.0,0.0,0.0,0.0,0.0,0.0,0.0,0.0,0.0,0.0,0.0,0.0,0.0,0.0,0.0,58.0,0.0,0.0,0.0,1.0,0.0,0.0,0.0,0.0,0.0,0.0,0.0,0.0,0.0,0.0,0.0,0.0,0.0,0.0,0.0,0.0,0.0,0.0,0.0,0.0,0.0,0.0,0.0,0.0,0.0,0.0,0.0,0.0,0.0,0.0,3.44,0.3,0.29,0.3,0.29,3.0,2.0,3.0,8.0,0.0,0.0,0.0,4.0,1.0,0.0,0.2,0.1,0.0,0.0,0.0,0.0,8.0,5.0,5.0,0.1,0.0,0.0,0.4,0.4,0.39,0.0,0.25,0.0,2.0,0.0,0.0,0.0,0.0,0.0,0.0
8479398,2025,Samuel Girard,COL,D,all,1,1129.0,23.0,-0.07,0.16,0.61,0.33,0.49,0.26,0.57,4.0,0.73,0.04,0.04,0.32,0.03,0.34,0.23,0.04,0.04,0.04,0.0,0.0,1.0,0.0,2.0,3.0,0.0,0.0,0.0,0.0,0.0,0.0,1.0,0.0,1.0,1.0,0.0,0.0,0.0,2.0,1.0,0.0,1.0,0.0,0.0,0.04,0.0,0.0,0.0,0.0,0.0,3.1,1.0,1.03,0.0,0.01,0.0,0.0,0.05,0.05,0.04,23.0,3.0,4.0,1.0,15.0,6.0,3.0,0.0,14.0,0.0,0.0,2471.0,0.0,0.0,0.0,3.0,5.3,0.28,0.27,0.31,0.31,6.0,2.0,7.0,15.0,0.0,0.0,0.0,8.0,0.0,0.0,0.28,0.0,0.0,0.0,0.0,0.0,16.57,8.0,9.13,0.06,0.0,0.0,0.33,0.37,0.37,15.67,1.45,1.41,1.37,1.33,12.0,11.0,7.0,30.0,0.0,2.0,0.0,18.0,3.0,2.0,0.57,0.31,0.57,0.0,0.0,0.0,28.28,23.0,21.74,0.27,0.57,0.57,1.15,1.1,1.09,1.81,1.15,34.0,36.0,0.0,0.0,0.0,0.0,0.0,0.0
8479398,2025,Samuel Girard,COL,D,5on5,1,832.0,18.0,-0.07,0.23,0.67,0.41,0.47,0.35,0.56,3.0,0.73,0.04,0.04,0.32,0.03,0.34,0.23,0.04,0.04,0.04,0.0,0.0,1.0,0.0,2.0,3.0,0.0,0.0,0.0,0.0,0.0,0.0,1.0,0.0,1.0,1.0,0.0,0.0,0.0,2.0,1.0,0.0,1.0,0.0,0.0,0.04,0.0,0.0,0.0,0.0,0.0,3.1,1.0,1.03,0.0,0.01,0.0,0.0,0.05,0.05,0.04,18.0,3.0,4.0,0.0,11.0,5.0,3.0,0.0,10.0,0.0,0.0,1636.0,0.0,0.0,0.0,2.0,5.3,0.28,0.27,0.31,0.31,6.0,2.0,5.0,13.0,0.0,0.0,0.0,8.0,0.0,0.0,0.28,0.0,0.0,0.0,0.0,0.0,14.57,8.0,9.13,0.06,0.0,0.0,0.33,0.37,0.37,10.29,0.95,0.92,0.87,0.84,6.0,9.0,4.0,19.0,0.0,2.0,0.0,12.0,1.0,2.0,0.3,0.08,0.57,0.0,0.0,0.0,17.28,15.0,13.74,0.14,0.57,0.57,0.52,0.47,0.46,1.27,0.63,26.0,29.0,0.09,0.02,3.0,1.0,3.0,1.0
8479398,2025,Samuel Girard,COL,D,4on5,1,133.0,3.0,-0.07,0.0,0.0,0.0,0.0,0.0,0.0,3.0,0.0,0.0,0.0,0.0,0.0,0.0,0.0,0.0,0.0,0.0,0.0,0.0,0.0,0.0,0.0,0.0,0.0,0.0,0.0,0.0,0.0,0.0,0.0,0.0,0.0,0.0,0.0,0.0,0.0,0.0,0.0,0.0,0.0,0.0,0.0,0.0,0.0,0.0,0.0,0.0,0.0,0.0,0.0,0.0,0.0,0.0,0.0,0.0,0.0,0.0,0.0,3.0,0.0,0.0,1.0,2.0,1.0,0.0,0.0,2.0,0.0,0.0,203.0,0.0,0.0,0.0,0.0,0.0,0.0,0.0,0.0,0.0,0.0,0.0,0.0,0.0,0.0,0.0,0.0,0.0,0.0,0.0,0.0,0.0,0.0,0.0,0.0,0.0,0.0,0.0,0.0,0.0,0.0,0.0,0.0,0.0,0.0,1.94,0.2,0.2,0.2,0.2,3.0,0.0,0.0,3.0,0.0,0.0,0.0,2.0,1.0,0.0,0.08,0.12,0.0,0.0,0.0,0.0,3.0,3.0,3.0,0.04,0.0,0.0,0.24,0.24,0.23,0.0,0.27,0.0,5.0,0.0,0.0,0.0,0.0,0.0,0.0
8479398,2025,Samuel Girard,COL,D,5on4,1,31.0,2.0,-0.07,0.0,1.0,1.0,1.0,0.0,1.0,4.0,0.0,0.0,0.0,0.0,0.0,0.0,0.0,0.0,0.0,0.0,0.0,0.0,0.0,0.0,0.0,0.0,0.0,0.0,0.0,0.0,0.0,0.0,0.0,0.0,0.0,0.0,0.0,0.0,0.0,0.0,0.0,0.0,0.0,0.0,0.0,0.0,0.0,0.0,0.0,0.0,0.0,0.0,0.0,0.0,0.0,0.0,0.0,0.0,0.0,0.0,0.0,2.0,0.0,0.0,0.0,2.0,0.0,0.0,0.0,2.0,0.0,0.0,574.0,0.0,0.0,0.0,0.0,0.0,0.0,0.0,0.0,0.0,0.0,0.0,2.0,2.0,0.0,0.0,0.0,0.0,0.0,0.0,0.0,0.0,0.0,0.0,0.0,0.0,2.0,0.0,0.0,0.0,0.0,0.0,0.0,0.0,0.0,0.0,0.0,0.0,0.0,0.0,0.0,0.0,0.0,0.0,0.0,0.0,0.0,0.0,0.0,0.0,0.0,0.0,0.0,0.0,0.0,0.0,0.0,0.0,0.0,0.0,0.0,0.0,0.0,0.0,0.0,0.54,0.0,8.0,0.0,0.0,0.0,0.0,0.0,0.0,0.0
8478550,2025,Artemi Panarin,NYR,L,other,1,23.0,0.0,0.3,0.0,0.0,0.33,0.0,0.0,0.0,4.0,0.0,0.0,0.0,0.0,0.0,0.0,0.0,0.0,0.0,0.0,0.0,0.0,0.0,0.0,0.0,0.0,0.0,0.0,0.0,0.0,0.0,0.0,0.0,0.0,0.0,0.0,0.0,0.0,0.0,0.0,0.0,0.0,0.0,0.0,0.0,0.0,0.0,0.0,0.0,0.0,0.0,0.0,0.0,0.0,0.0,0.0,0.0,0.0,0.0,0.0,0.0,0.0,0.0,0.0,0.0,0.0,0.0,0.0,0.0,0.0,0.0,0.0,0.0,0.0,0.0,0.0,0.0,0.0,0.0,0.0,0.0,0.0,0.0,0.0,1.0,1.0,0.0,0.0,0.0,0.0,0.0,0.0,0.0,0.0,0.0,0.0,0.0,0.0,1.0,0.0,0.0,0.0,0.0,0.0,0.0,0.0,0.0,1.43,1.41,1.41,1.41,1.41,2.0,0.0,0.0,2.0,2.0,0.0,0.0,0.0,0.0,2.0,0.0,0.0,1.41,0.0,0.0,2.0,2.0,2.0,2.0,0.01,0.0,0.0,1.42,1.42,1.42,0.0,0.0,0.0,0.0,0.0,0.0,0.0,0.0,0.0,0.0
8478550,2025,Artemi Panarin,NYR,L,all,1,1247.0,22.0,0.3,0.3,0.4,0.59,0.46,0.62,0.43,1.0,2.23,0.14,0.15,0.6,0.07,1.23,0.81,0.14,0.14,0.14,0.0,0.0,2.0,1.0,1.0,4.0,0.0,0.0,0.0,0.0,1.0,0.0,1.0,1.0,2.0,3.0,0.0,0.0,0.0,0.0,0.0,3.0,3.0,0.0,0.0,0.14,0.0,0.0,0.0,0.0,0.0,3.75,3.0,2.83,1.0,0.03,0.0,0.0,0.18,0.17,0.17,22.0,2.0,2.0,1.0,17.0,2.0,1.0,4.0,15.0,0.0,0.0,2353.0,0.0,2.0,1.0,0.0,9.83,0.85,0.84,0.81,0.8,10.0,3.0,7.0,20.0,0.0,1.0,0.0,11.0,1.0,1.0,0.38,0.17,0.31,0.0,0.0,0.0,18.95,13.0,12.24,0.14,0.31,0.31,0.68,0.64,0.64,6.04,1.97,1.92,2.03,1.97,7.0,1.0,6.0,14.0,3.0,1.0,0.0,4.0,1.0,3.0,0.17,0.15,1.65,0.0,0.0,3.0,15.16,8.0,8.6,0.08,0.15,0.15,1.91,1.95,1.9,1.65,2.46,40.0,47.0,0.0,0.0,0.0,0.0,0.0,0.0
8478550,2025,Artemi Panarin,NYR,L,5on5,1,1044.0,20.0,0.3,0.56,0.39,0.56,0.46,0.65,0.42,2.0,1.54,0.08,0.1,0.48,0.05,0.73,0.56,0.08,0.08,0.08,0.0,0.0,1.0,1.0,1.0,3.0,0.0,0.0,0.0,0.0,0.0,0.0,1.0,1.0,1.0,2.0,0.0,0.0,0.0,0.0,0.0,2.0,2.0,0.0,0.0,0.08,0.0,0.0,0.0,0.0,0.0,2.75,2.0,1.83,1.0,0.02,0.0,0.0,0.11,0.1,0.1,20.0,2.0,2.0,0.0,16.0,1.0,1.0,4.0,14.0,0.0,0.0,2173.0,0.0,2.0,1.0,0.0,8.42,0.72,0.71,0.68,0.66,8.0,3.0,4.0,15.0,0.0,1.0,0.0,9.0,1.0,1.0,0.24,0.17,0.31,0.0,0.0,0.0,13.95,11.0,10.24,0.11,0.31,0.31,0.53,0.49,0.48,4.61,0.56,0.51,0.61,0.56,5.0,1.0,6.0,12.0,1.0,1.0,0.0,4.0,1.0,1.0,0.17,0.15,0.24,0.0,0.0,1.0,13.16,6.0,6.6,0.07,0.15,0.15,0.49,0.53,0.48,1.59,2.46,39.0,46.0,0.0,0.07,1.0,1.0,0.0,1.0
8478550,2025,Artemi Panarin,NYR,L,4on5,1,2.0,1.0,0.3,0.0,0.0,0.0,0.0,0.0,0.0,7.0,0.0,0.0,0.0,0.0,0.0,0.0,0.0,0.0,0.0,0.0,0.0,0.0,0.0,0.0,0.0,0.0,0.0,0.0,0.0,0.0,0.0,0.0,0.0,0.0,0.0,0.0,0.0,0.0,0.0,0.0,0.0,0.0,0.0,0.0,0.0,0.0,0.0,0.0,0.0,0.0,0.0,0.0,0.0,0.0,0.0,0.0,0.0,0.0,0.0,0.0,0.0,1.0,0.0,0.0,0.0,1.0,0.0,0.0,0.0,1.0,0.0,0.0,118.0,0.0,0.0,0.0,0.0,0.0,0.0,0.0,0.0,0.0,0.0,0.0,0.0,0.0,0.0,0.0,0.0,0.0,0.0,0.0,0.0,0.0,0.0,0.0,0.0,0.0,0.0,0.0,0.0,0.0,0.0,0.0,0.0,0.0,0.0,0.0,0.0,0.0,0.0,0.0,0.0,0.0,0.0,0.0,0.0,0.0,0.0,0.0,0.0,0.0,0.0,0.0,0.0,0.0,0.0,0.0,0.0,0.0,0.0,0.0,0.0,0.0,0.0,0.0,0.0,0.0,0.0,0.0,1.0,0.0,0.0,0.0,0.0,0.0,0.0
8478550,2025,Artemi Panarin,NYR,L,5on4,1,178.0,1.0,0.3,1.0,1.0,1.0,1.0,1.0,1.0,2.0,0.69,0.06,0.05,0.12,0.03,0.5,0.25,0.06,0.06,0.06,0.0,0.0,1.0,0.0,0.0,1.0,0.0,0.0,0.0,0.0,1.0,0.0,0.0,0.0,1.0,1.0,0.0,0.0,0.0,0.0,0.0,1.0,1.0,0.0,0.0,0.06,0.0,0.0,0.0,0.0,0.0,1.0,1.0,1.0,0.0,0.01,0.0,0.0,0.07,0.07,0.07,1.0,0.0,0.0,1.0,0.0,1.0,0.0,0.0,0.0,0.0,0.0,62.0,0.0,0.0,0.0,0.0,1.41,0.13,0.13,0.13,0.13,2.0,0.0,2.0,4.0,0.0,0.0,0.0,2.0,0.0,0.0,0.13,0.0,0.0,0.0,0.0,0.0,4.0,2.0,2.0,0.02,0.0,0.0,0.15,0.15,0.15,0.0,0.0,0.0,0.0,0.0,0.0,0.0,0.0,0.0,0.0,0.0,0.0,0.0,0.0,0.0,0.0,0.0,0.0,0.0,0.0,0.0,0.0,0.0,0.0,0.0,0.0,0.0,0.0,0.0,0.0,0.06,0.0,1.0,0.0,0.0,0.0,0.0,0.0,0.0,0.0
8484258,2025,Sam Malinski,COL,D,other,1,7.0,0.0,0.82,0.0,0.0,0.0,0.0,0.0,0.0,5.0,0.0,0.0,0.0,0.0,0.0,0.0,0.0,0.0,0.0,0.0,0.0,0.0,0.0,0.0,0.0,0.0,0.0,0.0,0.0,0.0,0.0,0.0,0.0,0.0,0.0,0.0,0.0,0.0,0.0,0.0,0.0,0.0,0.0,0.0,0.0,0.0,0.0,0.0,0.0,0.0,0.0,0.0,0.0,0.0,0.0,0.0,0.0,0.0,0.0,0.0,0.0,0.0,0.0,0.0,0.0,0.0,0.0,0.0,0.0,0.0,0.0,0.0,184.0,0.0,0.0,0.0,0.0,0.0,0.0,0.0,0.0,0.0,0.0,0.0,0.0,0.0,0.0,0.0,0.0,0.0,0.0,0.0,0.0,0.0,0.0,0.0,0.0,0.0,0.0,0.0,0.0,0.0,0.0,0.0,0.0,0.0,0.0,0.0,0.0,0.0,0.0,0.0,0.0,0.0,0.0,0.0,0.0,0.0,0.0,0.0,0.0,0.0,0.0,0.0,0.0,0.0,0.0,0.0,0.0,0.0,0.0,0.0,0.0,0.0,0.0,0.0,0.0,0.0,0.55,0.0,10.0,0.0,0.0,0.0,0.0,0.0,0.0
8484258,2025,Sam Malinski,COL,D,all,1,793.0,18.0,0.82,0.28,0.47,0.42,0.43,0.45,0.44,6.0,0.63,0.02,0.04,0.2,0.02,0.4,0.32,0.02,0.02,0.02,0.0,0.0,1.0,0.0,1.0,2.0,1.0,1.0,0.0,0.0,0.0,0.0,0.0,0.0,0.0,0.0,0.0,0.0,0.0,0.0,0.0,1.0,1.0,0.0,0.0,0.02,0.0,0.0,1.0,0.0,0.0,2.31,1.0,1.15,1.0,0.01,0.0,0.0,0.02,0.03,0.03,18.0,2.0,3.0,1.0,12.0,6.0,2.0,0.0,10.0,0.0,0.0,2807.0,0.0,0.0,0.0,1.0,3.71,0.18,0.18,0.19,0.19,3.0,2.0,5.0,10.0,1.0,0.0,0.0,4.0,1.0,0.0,0.09,0.09,0.0,1.0,0.0,0.0,10.69,5.0,5.27,0.05,0.0,0.0,0.23,0.25,0.24,4.33,0.48,0.47,0.43,0.41,3.0,3.0,8.0,14.0,0.0,1.0,0.0,4.0,1.0,1.0,0.13,0.11,0.24,0.0,0.0,0.0,12.45,6.0,5.41,0.07,0.24,0.24,0.31,0.28,0.27,1.91,2.12,39.0,52.0,0.0,0.0,0.0,0.0,0.0,0.0
8484258,2025,Sam Malinski,COL,D,5on5,1,786.0,18.0,0.82,0.28,0.56,0.42,0.46,0.45,0.48,4.0,0.63,0.02,0.04,0.2,0.02,0.4,0.32,0.02,0.02,0.02,0.0,0.0,1.0,0.0,1.0,2.0,1.0,1.0,0.0,0.0,0.0,0.0,0.0,0.0,0.0,0.0,0.0,0.0,0.0,0.0,0.0,1.0,1.0,0.0,0.0,0.02,0.0,0.0,1.0,0.0,0.0,2.31,1.0,1.15,1.0,0.01,0.0,0.0,0.02,0.03,0.03,18.0,2.0,3.0,1.0,12.0,6.0,2.0,0.0,10.0,0.0,0.0,1682.0,0.0,0.0,0.0,1.0,3.71,0.18,0.18,0.19,0.19,3.0,2.0,5.0,10.0,1.0,0.0,0.0,4.0,1.0,0.0,0.09,0.09,0.0,1.0,0.0,0.0,10.69,5.0,5.27,0.05,0.0,0.0,0.23,0.25,0.24,4.33,0.48,0.47,0.43,0.41,3.0,3.0,8.0,14.0,0.0,1.0,0.0,4.0,1.0,1.0,0.13,0.11,0.24,0.0,0.0,0.0,12.45,6.0,5.41,0.07,0.24,0.24,0.31,0.28,0.27,1.37,1.09,29.0,34.0,0.0,0.0,0.0,0.0,0.0,0.0
8484258,2025,Sam Malinski,COL,D,4on5,1,0.0,0.0,0.0,0.0,0.0,0.0,0.0,0.0,0.0,0.0,0.0,0.0,0.0,0.0,0.0,0.0,0.0,0.0,0.0,0.0,0.0,0.0,0.0,0.0,0.0,0.0,0.0,0.0,0.0,0.0,0.0,0.0,0.0,0.0,0.0,0.0,0.0,0.0,0.0,0.0,0.0,0.0,0.0,0.0,0.0,0.0,0.0,0.0,0.0,0.0,0.0,0.0,0.0,0.0,0.0,0.0,0.0,0.0,0.0,0.0,0.0,0.0,0.0,0.0,0.0,0.0,0.0,0.0,0.0,0.0,0.0,0.0,0.0,0.0,0.0,0.0,0.0,0.0,0.0,0.0,0.0,0.0,0.0,0.0,0.0,0.0,0.0,0.0,0.0,0.0,0.0,0.0,0.0,0.0,0.0,0.0,0.0,0.0,0.0,0.0,0.0,0.0,0.0,0.0,0.0,0.0,0.0,0.0,0.0,0.0,0.0,0.0,0.0,0.0,0.0,0.0,0.0,0.0,0.0,0.0,0.0,0.0,0.0,0.0,0.0,0.0,0.0,0.0,0.0,0.0,0.0,0.0,0.0,0.0,0.0,0.0,0.0,0.0,0.0,0.0,0.0,0.0,0.0,0.0,0.0,0.0,0.0
8484258,2025,Sam Malinski,COL,D,5on4,1,0.0,0.0,0.0,0.0,0.0,0.0,0.0,0.0,0.0,0.0,0.0,0.0,0.0,0.0,0.0,0.0,0.0,0.0,0.0,0.0,0.0,0.0,0.0,0.0,0.0,0.0,0.0,0.0,0.0,0.0,0.0,0.0,0.0,0.0,0.0,0.0,0.0,0.0,0.0,0.0,0.0,0.0,0.0,0.0,0.0,0.0,0.0,0.0,0.0,0.0,0.0,0.0,0.0,0.0,0.0,0.0,0.0,0.0,0.0,0.0,0.0,0.0,0.0,0.0,0.0,0.0,0.0,0.0,0.0,0.0,0.0,0.0,0.0,0.0,0.0,0.0,0.0,0.0,0.0,0.0,0.0,0.0,0.0,0.0,0.0,0.0,0.0,0.0,0.0,0.0,0.0,0.0,0.0,0.0,0.0,0.0,0.0,0.0,0.0,0.0,0.0,0.0,0.0,0.0,0.0,0.0,0.0,0.0,0.0,0.0,0.0,0.0,0.0,0.0,0.0,0.0,0.0,0.0,0.0,0.0,0.0,0.0,0.0,0.0,0.0,0.0,0.0,0.0,0.0,0.0,0.0,0.0,0.0,0.0,0.0,0.0,0.0,0.0,0.0,0.0,0.0,0.0,0.0,0.0,0.0,0.0,0.0
8480039,2025,Martin Necas,COL,C,other,1,0.0,0.0,0.0,0.0,0.0,0.0,0.0,0.0,0.0,0.0,0.0,0.0,0.0,0.0,0.0,0.0,0.0,0.0,0.0,0.0,0.0,0.0,0.0,0.0,0.0,0.0,0.0,0.0,0.0,0.0,0.0,0.0,0.0,0.0,0.0,0.0,0.0,0.0,0.0,0.0,0.0,0.0,0.0,0.0,0.0,0.0,0.0,0.0,0.0,0.0,0.0,0.0,0.0,0.0,0.0,0.0,0.0,0.0,0.0,0.0,0.0,0.0,0.0,0.0,0.0,0.0,0.0,0.0,0.0,0.0,0.0,0.0,0.0,0.0,0.0,0.0,0.0,0.0,0.0,0.0,0.0,0.0,0.0,0.0,0.0,0.0,0.0,0.0,0.0,0.0,0.0,0.0,0.0,0.0,0.0,0.0,0.0,0.0,0.0,0.0,0.0,0.0,0.0,0.0,0.0,0.0,0.0,0.0,0.0,0.0,0.0,0.0,0.0,0.0,0.0,0.0,0.0,0.0,0.0,0.0,0.0,0.0,0.0,0.0,0.0,0.0,0.0,0.0,0.0,0.0,0.0,0.0,0.0,0.0,0.0,0.0,0.0,0.0,0.0,0.0,0.0,0.0,0.0,0.0,0.0,0.0,0.0
8480039,2025,Martin Necas,COL,C,all,1,1272.0,22.0,1.83,0.65,0.25,0.47,0.41,0.52,0.4,3.0,2.41,0.69,0.13,0.43,0.07,1.02,0.67,0.69,0.7,0.7,0.0,0.0,3.0,0.0,0.0,3.0,2.0,2.0,0.0,0.0,0.0,0.0,1.0,0.0,1.0,1.0,0.0,0.0,1.0,2.0,0.0,4.0,1.0,1.0,1.0,0.01,0.19,0.48,0.0,1.0,1.0,3.1,3.0,3.1,0.0,0.04,0.0,0.0,0.72,0.74,0.74,22.0,6.0,3.0,5.0,8.0,3.0,3.0,5.0,11.0,1.0,0.0,2328.0,0.0,2.0,1.0,1.0,10.68,1.48,1.46,1.58,1.56,10.0,4.0,2.0,16.0,3.0,1.0,1.0,7.0,5.0,2.0,0.11,0.65,0.72,0.0,1.0,2.0,17.13,14.0,14.92,0.19,0.23,0.23,1.43,1.51,1.51,9.29,0.78,0.77,0.71,0.69,7.0,6.0,5.0,18.0,0.0,1.0,0.0,11.0,1.0,1.0,0.38,0.16,0.24,0.0,0.0,0.0,16.21,13.0,11.91,0.13,0.24,0.24,0.67,0.61,0.61,0.61,1.82,33.0,48.0,0.0,0.0,0.0,0.0,0.0,0.0
8480039,2025,Martin Necas,COL,C,5on5,1,785.0,15.0,1.83,0.55,0.43,0.36,0.49,0.41,0.52,2.0,0.82,0.19,0.04,0.19,0.03,0.26,0.28,0.19,0.21,0.21,0.0,0.0,1.0,0.0,0.0,1.0,1.0,1.0,0.0,0.0,0.0,0.0,0.0,0.0,0.0,0.0,0.0,0.0,1.0,2.0,0.0,4.0,0.0,1.0,0.0,0.0,0.19,0.0,0.0,1.0,0.0,1.1,1.0,1.1,0.0,0.01,0.0,0.0,0.2,0.22,0.22,15.0,1.0,3.0,3.0,8.0,1.0,3.0,1.0,10.0,1.0,0.0,1683.0,0.0,2.0,1.0,1.0,7.1,0.95,0.93,1.05,1.03,6.0,3.0,1.0,10.0,2.0,1.0,1.0,3.0,5.0,1.0,0.07,0.65,0.23,0.0,1.0,1.0,11.13,9.0,9.92,0.12,0.23,0.23,0.84,0.92,0.91,9.29,0.78,0.77,0.71,0.69,7.0,6.0,5.0,18.0,0.0,1.0,0.0,11.0,1.0,1.0,0.38,0.16,0.24,0.0,0.0,0.0,16.21,13.0,11.91,0.13,0.24,0.24,0.67,0.61,0.61,0.6,0.79,29.0,30.0,0.0,0.02,0.0,1.0,0.0,1.0
8480039,2025,Martin Necas,COL,C,4on5,1,0.0,0.0,0.0,0.0,0.0,0.0,0.0,0.0,0.0,0.0,0.0,0.0,0.0,0.0,0.0,0.0,0.0,0.0,0.0,0.0,0.0,0.0,0.0,0.0,0.0,0.0,0.0,0.0,0.0,0.0,0.0,0.0,0.0,0.0,0.0,0.0,0.0,0.0,0.0,0.0,0.0,0.0,0.0,0.0,0.0,0.0,0.0,0.0,0.0,0.0,0.0,0.0,0.0,0.0,0.0,0.0,0.0,0.0,0.0,0.0,0.0,0.0,0.0,0.0,0.0,0.0,0.0,0.0,0.0,0.0,0.0,0.0,0.0,0.0,0.0,0.0,0.0,0.0,0.0,0.0,0.0,0.0,0.0,0.0,0.0,0.0,0.0,0.0,0.0,0.0,0.0,0.0,0.0,0.0,0.0,0.0,0.0,0.0,0.0,0.0,0.0,0.0,0.0,0.0,0.0,0.0,0.0,0.0,0.0,0.0,0.0,0.0,0.0,0.0,0.0,0.0,0.0,0.0,0.0,0.0,0.0,0.0,0.0,0.0,0.0,0.0,0.0,0.0,0.0,0.0,0.0,0.0,0.0,0.0,0.0,0.0,0.0,0.0,0.0,0.0,0.0,0.0,0.0,0.0,0.0,0.0,0.0
8480039,2025,Martin Necas,COL,C,5on4,1,487.0,7.0,1.83,1.0,1.0,1.0,1.0,1.0,1.0,1.0,1.59,0.49,0.09,0.24,0.04,0.76,0.38,0.49,0.49,0.49,0.0,0.0,2.0,0.0,0.0,2.0,1.0,1.0,0.0,0.0,0.0,0.0,1.0,0.0,1.0,1.0,0.0,0.0,0.0,0.0,0.0,0.0,1.0,0.0,1.0,0.01,0.0,0.48,0.0,0.0,1.0,2.0,2.0,2.0,0.0,0.03,0.0,0.0,0.52,0.52,0.52,7.0,5.0,0.0,2.0,0.0,2.0,0.0,4.0,1.0,0.0,0.0,118.0,0.0,0.0,0.0,0.0,3.58,0.53,0.53,0.53,0.53,4.0,1.0,1.0,6.0,1.0,0.0,0.0,4.0,0.0,1.0,0.04,0.0,0.48,0.0,0.0,1.0,6.0,5.0,5.0,0.07,0.0,0.0,0.6,0.6,0.6,0.0,0.0,0.0,0.0,0.0,0.0,0.0,0.0,0.0,0.0,0.0,0.0,0.0,0.0,0.0,0.0,0.0,0.0,0.0,0.0,0.0,0.0,0.0,0.0,0.0,0.0,0.0,0.0,0.0,0.0,0.02,0.0,4.0,0.0,0.0,0.0,0.0,0.0,0.0,0.0
8477444,2025,Andre Burakovsky,CHI,L,other,1,0.0,0.0,0.0,0.0,0.0,0.0,0.0,0.0,0.0,0.0,0.0,0.0,0.0,0.0,0.0,0.0,0.0,0.0,0.0,0.0,0.0,0.0,0.0,0.0,0.0,0.0,0.0,0.0,0.0,0.0,0.0,0.0,0.0,0.0,0.0,0.0,0.0,0.0,0.0,0.0,0.0,0.0,0.0,0.0,0.0,0.0,0.0,0.0,0.0,0.0,0.0,0.0,0.0,0.0,0.0,0.0,0.0,0.0,0.0,0.0,0.0,0.0,0.0,0.0,0.0,0.0,0.0,0.0,0.0,0.0,0.0,0.0,0.0,0.0,0.0,0.0,0.0,0.0,0.0,0.0,0.0,0.0,0.0,0.0,0.0,0.0,0.0,0.0,0.0,0.0,0.0,0.0,0.0,0.0,0.0,0.0,0.0,0.0,0.0,0.0,0.0,0.0,0.0,0.0,0.0,0.0,0.0,0.0,0.0,0.0,0.0,0.0,0.0,0.0,0.0,0.0,0.0,0.0,0.0,0.0,0.0,0.0,0.0,0.0,0.0,0.0,0.0,0.0,0.0,0.0,0.0,0.0,0.0,0.0,0.0,0.0,0.0,0.0,0.0,0.0,0.0,0.0,0.0,0.0,0.0,0.0,0.0
8477444,2025,Andre Burakovsky,CHI,L,all,1,940.0,21.0,-0.6,0.28,0.28,0.36,0.44,0.29,0.43,7.0,0.87,0.17,0.06,0.12,0.02,0.36,0.27,0.17,0.17,0.17,0.0,0.0,0.0,1.0,0.0,1.0,0.0,0.0,0.0,0.0,0.0,0.0,0.0,1.0,0.0,1.0,0.0,0.0,0.0,1.0,1.0,0.0,0.0,1.0,0.0,0.0,0.17,0.0,0.0,0.0,0.0,0.97,1.0,0.96,0.0,0.01,0.0,0.0,0.18,0.18,0.18,21.0,6.0,1.0,4.0,10.0,3.0,6.0,2.0,10.0,0.0,0.0,2660.0,0.0,0.0,0.0,0.0,5.43,0.41,0.41,0.42,0.42,2.0,5.0,5.0,12.0,0.0,0.0,0.0,5.0,2.0,0.0,0.1,0.31,0.0,0.0,0.0,0.0,12.17,7.0,7.12,0.07,0.0,0.0,0.49,0.5,0.5,12.59,1.07,1.07,1.04,1.04,13.0,4.0,4.0,21.0,0.0,0.0,0.0,12.0,5.0,0.0,0.32,0.75,0.0,0.0,0.0,0.0,20.76,17.0,16.91,0.18,0.0,0.0,1.25,1.22,1.22,1.18,3.07,38.0,48.0,0.0,0.0,0.0,0.0,0.0,0.0
8477444,2025,Andre Burakovsky,CHI,L,5on5,1,827.0,18.0,-0.6,0.27,0.34,0.3,0.45,0.26,0.46,6.0,0.87,0.17,0.06,0.12,0.02,0.36,0.27,0.17,0.17,0.17,0.0,0.0,0.0,1.0,0.0,1.0,0.0,0.0,0.0,0.0,0.0,0.0,0.0,1.0,0.0,1.0,0.0,0.0,0.0,1.0,0.0,0.0,0.0,1.0,0.0,0.0,0.17,0.0,0.0,0.0,0.0,0.97,1.0,0.96,0.0,0.01,0.0,0.0,0.18,0.18,0.18,18.0,5.0,1.0,3.0,9.0,1.0,6.0,2.0,9.0,0.0,0.0,2135.0,0.0,0.0,0.0,0.0,4.59,0.4,0.4,0.41,0.41,1.0,5.0,3.0,9.0,0.0,0.0,0.0,4.0,2.0,0.0,0.09,0.31,0.0,0.0,0.0,0.0,9.17,6.0,6.12,0.06,0.0,0.0,0.45,0.47,0.47,12.59,1.07,1.07,1.04,1.04,13.0,4.0,4.0,21.0,0.0,0.0,0.0,12.0,5.0,0.0,0.32,0.75,0.0,0.0,0.0,0.0,20.76,17.0,16.91,0.18,0.0,0.0,1.25,1.22,1.22,1.08,2.11,31.0,38.0,0.0,0.1,0.0,2.0,0.0,1.0
8477444,2025,Andre Burakovsky,CHI,L,4on5,1,0.0,0.0,0.0,0.0,0.0,0.0,0.0,0.0,0.0,0.0,0.0,0.0,0.0,0.0,0.0,0.0,0.0,0.0,0.0,0.0,0.0,0.0,0.0,0.0,0.0,0.0,0.0,0.0,0.0,0.0,0.0,0.0,0.0,0.0,0.0,0.0,0.0,0.0,0.0,0.0,0.0,0.0,0.0,0.0,0.0,0.0,0.0,0.0,0.0,0.0,0.0,0.0,0.0,0.0,0.0,0.0,0.0,0.0,0.0,0.0,0.0,0.0,0.0,0.0,0.0,0.0,0.0,0.0,0.0,0.0,0.0,0.0,0.0,0.0,0.0,0.0,0.0,0.0,0.0,0.0,0.0,0.0,0.0,0.0,0.0,0.0,0.0,0.0,0.0,0.0,0.0,0.0,0.0,0.0,0.0,0.0,0.0,0.0,0.0,0.0,0.0,0.0,0.0,0.0,0.0,0.0,0.0,0.0,0.0,0.0,0.0,0.0,0.0,0.0,0.0,0.0,0.0,0.0,0.0,0.0,0.0,0.0,0.0,0.0,0.0,0.0,0.0,0.0,0.0,0.0,0.0,0.0,0.0,0.0,0.0,0.0,0.0,0.0,0.0,0.0,0.0,0.0,0.0,0.0,0.0,0.0,0.0
8477444,2025,Andre Burakovsky,CHI,L,5on4,1,113.0,3.0,-0.6,1.0,0.05,1.0,0.67,1.0,0.5,8.0,0.0,0.0,0.0,0.0,0.0,0.0,0.0,0.0,0.0,0.0,0.0,0.0,0.0,0.0,0.0,0.0,0.0,0.0,0.0,0.0,0.0,0.0,0.0,0.0,0.0,0.0,0.0,0.0,0.0,0.0,1.0,0.0,0.0,0.0,0.0,0.0,0.0,0.0,0.0,0.0,0.0,0.0,0.0,0.0,0.0,0.0,0.0,0.0,0.0,0.0,0.0,3.0,1.0,0.0,1.0,1.0,2.0,0.0,0.0,1.0,0.0,0.0,247.0,0.0,0.0,0.0,0.0,0.84,0.02,0.02,0.02,0.02,1.0,0.0,2.0,3.0,0.0,0.0,0.0,1.0,0.0,0.0,0.02,0.0,0.0,0.0,0.0,0.0,3.0,1.0,1.0,0.02,0.0,0.0,0.04,0.04,0.04,0.0,0.0,0.0,0.0,0.0,0.0,0.0,0.0,0.0,0.0,0.0,0.0,0.0,0.0,0.0,0.0,0.0,0.0,0.0,0.0,0.0,0.0,0.0,0.0,0.0,0.0,0.0,0.0,0.0,0.0,0.01,0.23,4.0,2.0,0.0,0.0,0.0,0.0,0.0,0.0
8482807,2025,Ethan Del Mastro,CHI,D,other,1,0.0,0.0,0.0,0.0,0.0,0.0,0.0,0.0,0.0,0.0,0.0,0.0,0.0,0.0,0.0,0.0,0.0,0.0,0.0,0.0,0.0,0.0,0.0,0.0,0.0,0.0,0.0,0.0,0.0,0.0,0.0,0.0,0.0,0.0,0.0,0.0,0.0,0.0,0.0,0.0,0.0,0.0,0.0,0.0,0.0,0.0,0.0,0.0,0.0,0.0,0.0,0.0,0.0,0.0,0.0,0.0,0.0,0.0,0.0,0.0,0.0,0.0,0.0,0.0,0.0,0.0,0.0,0.0,0.0,0.0,0.0,0.0,0.0,0.0,0.0,0.0,0.0,0.0,0.0,0.0,0.0,0.0,0.0,0.0,0.0,0.0,0.0,0.0,0.0,0.0,0.0,0.0,0.0,0.0,0.0,0.0,0.0,0.0,0.0,0.0,0.0,0.0,0.0,0.0,0.0,0.0,0.0,0.0,0.0,0.0,0.0,0.0,0.0,0.0,0.0,0.0,0.0,0.0,0.0,0.0,0.0,0.0,0.0,0.0,0.0,0.0,0.0,0.0,0.0,0.0,0.0,0.0,0.0,0.0,0.0,0.0,0.0,0.0,0.0,0.0,0.0,0.0,0.0,0.0,0.0,0.0,0.0
8482807,2025,Ethan Del Mastro,CHI,D,all,1,1055.0,25.0,-0.53,0.27,0.28,0.33,0.47,0.34,0.42,4.0,0.66,0.01,0.04,0.2,0.02,0.44,0.29,0.01,0.01,0.01,0.0,0.0,1.0,0.0,0.0,1.0,0.0,0.0,0.0,0.0,0.0,0.0,1.0,0.0,1.0,1.0,0.0,0.0,0.0,6.0,0.0,1.0,1.0,0.0,0.0,0.01,0.0,0.0,0.0,0.0,0.0,1.03,1.0,1.03,1.0,0.01,0.0,0.0,0.02,0.02,0.02,25.0,2.0,8.0,4.0,11.0,3.0,3.0,3.0,16.0,0.0,0.0,2545.0,0.0,0.0,0.0,2.0,7.44,0.48,0.47,0.49,0.49,7.0,3.0,3.0,13.0,0.0,0.0,0.0,8.0,2.0,0.0,0.24,0.23,0.0,0.0,0.0,0.0,13.24,10.0,10.17,0.08,0.0,0.0,0.55,0.58,0.57,14.19,1.31,1.26,1.27,1.23,13.0,6.0,8.0,27.0,1.0,1.0,0.0,13.0,5.0,1.0,0.41,0.67,0.23,0.0,1.0,0.0,26.51,19.0,18.73,0.21,0.23,0.23,1.28,1.25,1.23,1.11,2.83,37.0,42.0,0.0,0.0,0.0,0.0,0.0,0.0
8482807,2025,Ethan Del Mastro,CHI,D,5on5,1,937.0,20.0,-0.53,0.28,0.34,0.35,0.44,0.37,0.4,4.0,0.66,0.01,0.04,0.2,0.02,0.44,0.29,0.01,0.01,0.01,0.0,0.0,1.0,0.0,0.0,1.0,0.0,0.0,0.0,0.0,0.0,0.0,1.0,0.0,1.0,1.0,0.0,0.0,0.0,5.0,0.0,1.0,1.0,0.0,0.0,0.01,0.0,0.0,0.0,0.0,0.0,1.03,1.0,1.03,1.0,0.01,0.0,0.0,0.02,0.02,0.02,20.0,2.0,5.0,4.0,9.0,3.0,3.0,3.0,11.0,0.0,0.0,2025.0,0.0,0.0,0.0,2.0,7.44,0.48,0.47,0.49,0.49,7.0,3.0,3.0,13.0,0.0,0.0,0.0,8.0,2.0,0.0,0.24,0.23,0.0,0.0,0.0,0.0,13.24,10.0,10.17,0.08,0.0,0.0,0.55,0.58,0.57,12.78,1.22,1.18,1.19,1.15,11.0,6.0,7.0,24.0,1.0,1.0,0.0,11.0,5.0,1.0,0.32,0.67,0.23,0.0,1.0,0.0,23.51,17.0,16.73,0.18,0.23,0.23,1.18,1.14,1.13,1.0,1.95,27.0,35.0,0.0,0.0,1.0,0.0,0.0,0.0
8482807,2025,Ethan Del Mastro,CHI,D,4on5,1,117.0,4.0,-0.53,0.0,0.0,0.0,0.0,0.0,0.0,2.0,0.0,0.0,0.0,0.0,0.0,0.0,0.0,0.0,0.0,0.0,0.0,0.0,0.0,0.0,0.0,0.0,0.0,0.0,0.0,0.0,0.0,0.0,0.0,0.0,0.0,0.0,0.0,0.0,0.0,1.0,0.0,0.0,0.0,0.0,0.0,0.0,0.0,0.0,0.0,0.0,0.0,0.0,0.0,0.0,0.0,0.0,0.0,0.0,0.0,0.0,0.0,4.0,0.0,3.0,0.0,1.0,0.0,0.0,0.0,4.0,0.0,0.0,105.0,0.0,0.0,0.0,0.0,0.0,0.0,0.0,0.0,0.0,0.0,0.0,0.0,0.0,0.0,0.0,0.0,0.0,0.0,0.0,0.0,0.0,0.0,0.0,0.0,0.0,0.0,0.0,0.0,0.0,0.0,0.0,0.0,0.0,0.0,1.42,0.09,0.08,0.09,0.08,2.0,0.0,1.0,3.0,0.0,0.0,0.0,2.0,0.0,0.0,0.09,0.0,0.0,0.0,0.0,0.0,3.0,2.0,2.0,0.02,0.0,0.0,0.11,0.11,0.1,0.0,0.64,0.0,5.0,0.0,0.0,0.0,0.0,0.0,0.0
8482807,2025,Ethan Del Mastro,CHI,D,5on4,1,1.0,1.0,-0.53,0.0,0.11,0.0,0.78,0.0,0.6,4.0,0.0,0.0,0.0,0.0,0.0,0.0,0.0,0.0,0.0,0.0,0.0,0.0,0.0,0.0,0.0,0.0,0.0,0.0,0.0,0.0,0.0,0.0,0.0,0.0,0.0,0.0,0.0,0.0,0.0,0.0,0.0,0.0,0.0,0.0,0.0,0.0,0.0,0.0,0.0,0.0,0.0,0.0,0.0,0.0,0.0,0.0,0.0,0.0,0.0,0.0,0.0,1.0,0.0,0.0,0.0,1.0,0.0,0.0,0.0,1.0,0.0,0.0,359.0,0.0,0.0,0.0,0.0,0.0,0.0,0.0,0.0,0.0,0.0,0.0,0.0,0.0,0.0,0.0,0.0,0.0,0.0,0.0,0.0,0.0,0.0,0.0,0.0,0.0,0.0,0.0,0.0,0.0,0.0,0.0,0.0,0.0,0.0,0.0,0.0,0.0,0.0,0.0,0.0,0.0,0.0,0.0,0.0,0.0,0.0,0.0,0.0,0.0,0.0,0.0,0.0,0.0,0.0,0.0,0.0,0.0,0.0,0.0,0.0,0.0,0.0,0.0,0.0,0.03,0.23,7.0,2.0,0.0,0.0,0.0,0.0,0.0,0.0
8478438,2025,Tommy Novak,PIT,C,other,1,0.0,0.0,0.0,0.0,0.0,0.0,0.0,0.0,0.0,0.0,0.0,0.0,0.0,0.0,0.0,0.0,0.0,0.0,0.0,0.0,0.0,0.0,0.0,0.0,0.0,0.0,0.0,0.0,0.0,0.0,0.0,0.0,0.0,0.0,0.0,0.0,0.0,0.0,0.0,0.0,0.0,0.0,0.0,0.0,0.0,0.0,0.0,0.0,0.0,0.0,0.0,0.0,0.0,0.0,0.0,0.0,0.0,0.0,0.0,0.0,0.0,0.0,0.0,0.0,0.0,0.0,0.0,0.0,0.0,0.0,0.0,0.0,0.0,0.0,0.0,0.0,0.0,0.0,0.0,0.0,0.0,0.0,0.0,0.0,0.0,0.0,0.0,0.0,0.0,0.0,0.0,0.0,0.0,0.0,0.0,0.0,0.0,0.0,0.0,0.0,0.0,0.0,0.0,0.0,0.0,0.0,0.0,0.0,0.0,0.0,0.0,0.0,0.0,0.0,0.0,0.0,0.0,0.0,0.0,0.0,0.0,0.0,0.0,0.0,0.0,0.0,0.0,0.0,0.0,0.0,0.0,0.0,0.0,0.0,0.0,0.0,0.0,0.0,0.0,0.0,0.0,0.0,0.0,0.0,0.0,0.0,0.0
8478438,2025,Tommy Novak,PIT,C,all,1,728.0,15.0,-0.17,0.36,0.7,0.36,0.54,0.36,0.55,12.0,0.8,0.08,0.03,0.24,0.02,0.32,0.32,0.08,0.08,0.08,0.0,0.0,1.0,0.0,0.0,1.0,0.0,0.0,0.0,0.0,0.0,0.0,0.0,1.0,1.0,1.0,0.0,0.0,1.0,1.0,0.0,1.0,1.0,0.0,0.0,0.08,0.0,0.0,0.0,0.0,0.0,1.1,1.0,1.1,0.0,0.01,0.0,0.0,0.08,0.09,0.09,15.0,2.0,1.0,0.0,12.0,2.0,2.0,1.0,10.0,1.0,0.0,2872.0,0.0,0.0,0.0,1.0,3.78,0.45,0.45,0.47,0.47,4.0,1.0,3.0,8.0,0.0,0.0,0.0,4.0,0.0,1.0,0.18,0.0,0.26,0.0,0.0,0.0,8.61,5.0,5.36,0.06,0.0,0.0,0.5,0.53,0.53,6.87,0.79,0.75,0.74,0.71,5.0,4.0,5.0,14.0,0.0,3.0,0.0,5.0,3.0,1.0,0.15,0.33,0.31,0.0,0.0,0.0,13.03,9.0,8.41,0.11,0.51,0.51,0.39,0.36,0.36,3.99,1.72,53.0,46.0,0.0,0.0,0.0,0.0,0.0,0.0
8478438,2025,Tommy Novak,PIT,C,5on5,1,728.0,15.0,-0.17,0.36,0.63,0.36,0.56,0.36,0.57,8.0,0.8,0.08,0.03,0.24,0.02,0.32,0.32,0.08,0.08,0.08,0.0,0.0,1.0,0.0,0.0,1.0,0.0,0.0,0.0,0.0,0.0,0.0,0.0,1.0,1.0,1.0,0.0,0.0,1.0,1.0,0.0,1.0,1.0,0.0,0.0,0.08,0.0,0.0,0.0,0.0,0.0,1.1,1.0,1.1,0.0,0.01,0.0,0.0,0.08,0.09,0.09,15.0,2.0,1.0,0.0,12.0,2.0,2.0,1.0,10.0,1.0,0.0,2489.0,0.0,0.0,0.0,1.0,3.78,0.45,0.45,0.47,0.47,4.0,1.0,3.0,8.0,0.0,0.0,0.0,4.0,0.0,1.0,0.18,0.0,0.26,0.0,0.0,0.0,8.61,5.0,5.36,0.06,0.0,0.0,0.5,0.53,0.53,6.87,0.79,0.75,0.74,0.71,5.0,4.0,5.0,14.0,0.0,3.0,0.0,5.0,3.0,1.0,0.15,0.33,0.31,0.0,0.0,0.0,13.03,9.0,8.41,0.11,0.51,0.51,0.39,0.36,0.36,2.58,1.53,50.0,40.0,0.01,0.0,1.0,0.0,1.0,0.0
8478438,2025,Tommy Novak,PIT,C,4on5,1,0.0,0.0,0.0,0.0,0.0,0.0,0.0,0.0,0.0,0.0,0.0,0.0,0.0,0.0,0.0,0.0,0.0,0.0,0.0,0.0,0.0,0.0,0.0,0.0,0.0,0.0,0.0,0.0,0.0,0.0,0.0,0.0,0.0,0.0,0.0,0.0,0.0,0.0,0.0,0.0,0.0,0.0,0.0,0.0,0.0,0.0,0.0,0.0,0.0,0.0,0.0,0.0,0.0,0.0,0.0,0.0,0.0,0.0,0.0,0.0,0.0,0.0,0.0,0.0,0.0,0.0,0.0,0.0,0.0,0.0,0.0,0.0,0.0,0.0,0.0,0.0,0.0,0.0,0.0,0.0,0.0,0.0,0.0,0.0,0.0,0.0,0.0,0.0,0.0,0.0,0.0,0.0,0.0,0.0,0.0,0.0,0.0,0.0,0.0,0.0,0.0,0.0,0.0,0.0,0.0,0.0,0.0,0.0,0.0,0.0,0.0,0.0,0.0,0.0,0.0,0.0,0.0,0.0,0.0,0.0,0.0,0.0,0.0,0.0,0.0,0.0,0.0,0.0,0.0,0.0,0.0,0.0,0.0,0.0,0.0,0.0,0.0,0.0,0.0,0.0,0.0,0.0,0.0,0.0,0.0,0.0,0.0
8478438,2025,Tommy Novak,PIT,C,5on4,1,0.0,0.0,0.0,0.0,0.0,0.0,0.0,0.0,0.0,0.0,0.0,0.0,0.0,0.0,0.0,0.0,0.0,0.0,0.0,0.0,0.0,0.0,0.0,0.0,0.0,0.0,0.0,0.0,0.0,0.0,0.0,0.0,0.0,0.0,0.0,0.0,0.0,0.0,0.0,0.0,0.0,0.0,0.0,0.0,0.0,0.0,0.0,0.0,0.0,0.0,0.0,0.0,0.0,0.0,0.0,0.0,0.0,0.0,0.0,0.0,0.0,0.0,0.0,0.0,0.0,0.0,0.0,0.0,0.0,0.0,0.0,0.0,0.0,0.0,0.0,0.0,0.0,0.0,0.0,0.0,0.0,0.0,0.0,0.0,0.0,0.0,0.0,0.0,0.0,0.0,0.0,0.0,0.0,0.0,0.0,0.0,0.0,0.0,0.0,0.0,0.0,0.0,0.0,0.0,0.0,0.0,0.0,0.0,0.0,0.0,0.0,0.0,0.0,0.0,0.0,0.0,0.0,0.0,0.0,0.0,0.0,0.0,0.0,0.0,0.0,0.0,0.0,0.0,0.0,0.0,0.0,0.0,0.0,0.0,0.0,0.0,0.0,0.0,0.0,0.0,0.0,0.0,0.0,0.0,0.0,0.0,0.0
8477998,2025,Warren Foegele,LAK,L,other,1,102.0,2.0,0.32,1.0,1.0,1.0,1.0,1.0,1.0,6.0,0.0,0.0,0.0,0.0,0.0,0.0,0.0,0.0,0.0,0.0,0.0,0.0,0.0,0.0,0.0,0.0,0.0,0.0,0.0,0.0,0.0,0.0,0.0,0.0,0.0,0.0,0.0,0.0,0.0,0.0,0.0,0.0,0.0,0.0,0.0,0.0,0.0,0.0,0.0,0.0,0.0,0.0,0.0,0.0,0.0,0.0,0.0,0.0,0.0,0.0,0.0,2.0,0.0,0.0,0.0,2.0,1.0,0.0,1.0,0.0,0.0,0.0,89.0,0.0,0.0,0.0,0.0,2.59,0.23,0.23,0.23,0.23,2.0,2.0,2.0,6.0,0.0,0.0,0.0,3.0,1.0,0.0,0.13,0.1,0.0,0.0,0.0,0.0,6.0,4.0,4.0,0.07,0.0,0.0,0.3,0.3,0.29,0.0,0.0,0.0,0.0,0.0,0.0,0.0,0.0,0.0,0.0,0.0,0.0,0.0,0.0,0.0,0.0,0.0,0.0,0.0,0.0,0.0,0.0,0.0,0.0,0.0,0.0,0.0,0.0,0.0,0.0,0.32,0.0,4.0,0.0,0.0,0.0,0.0,0.0,0.0,0.0
8477998,2025,Warren Foegele,LAK,L,all,1,867.0,20.0,0.32,0.74,0.49,0.76,0.51,0.74,0.5,9.0,1.28,0.09,0.08,0.47,0.05,0.79,0.52,0.09,0.08,0.08,0.0,0.0,0.0,2.0,1.0,3.0,0.0,0.0,1.0,0.0,0.0,0.0,1.0,0.0,0.0,2.0,1.0,2.0,3.0,1.0,0.0,0.0,2.0,0.0,0.0,0.09,0.0,0.0,0.0,0.0,0.0,2.7,2.0,1.85,0.0,0.02,0.24,0.0,0.11,0.1,0.1,20.0,5.0,2.0,1.0,12.0,2.0,4.0,1.0,13.0,3.0,1.0,2733.0,2.0,0.0,0.0,0.0,9.44,0.94,0.92,0.87,0.85,8.0,6.0,8.0,22.0,0.0,1.0,0.0,10.0,3.0,1.0,0.35,0.34,0.24,0.0,0.0,0.0,20.42,14.0,13.16,0.17,0.24,0.24,0.87,0.82,0.81,3.33,0.34,0.34,0.36,0.36,3.0,2.0,2.0,7.0,0.0,0.0,0.0,3.0,2.0,0.0,0.09,0.25,0.0,0.0,0.0,0.0,7.71,5.0,5.53,0.04,0.0,0.0,0.38,0.41,0.41,1.66,1.76,44.0,42.0,0.0,0.0,0.0,0.0,0.0,0.0
8477998,2025,Warren Foegele,LAK,L,5on5,1,686.0,16.0,0.32,0.68,0.42,0.7,0.5,0.67,0.47,4.0,1.28,0.09,0.08,0.47,0.05,0.79,0.52,0.09,0.08,0.08,0.0,0.0,0.0,2.0,1.0,3.0,0.0,0.0,1.0,0.0,0.0,0.0,1.0,0.0,0.0,2.0,1.0,2.0,3.0,1.0,0.0,0.0,2.0,0.0,0.0,0.09,0.0,0.0,0.0,0.0,0.0,2.7,2.0,1.85,0.0,0.02,0.24,0.0,0.11,0.1,0.1,16.0,5.0,0.0,1.0,10.0,1.0,4.0,0.0,11.0,3.0,1.0,1782.0,2.0,0.0,0.0,0.0,6.85,0.71,0.69,0.64,0.62,6.0,4.0,6.0,16.0,0.0,1.0,0.0,7.0,2.0,1.0,0.22,0.24,0.24,0.0,0.0,0.0,14.42,10.0,9.16,0.1,0.24,0.24,0.57,0.52,0.52,3.33,0.34,0.34,0.36,0.36,3.0,2.0,2.0,7.0,0.0,0.0,0.0,3.0,2.0,0.0,0.09,0.25,0.0,0.0,0.0,0.0,7.71,5.0,5.53,0.04,0.0,0.0,0.38,0.41,0.41,0.87,1.22,32.0,32.0,0.0,0.01,0.0,1.0,0.0,1.0
8477998,2025,Warren Foegele,LAK,L,4on5,1,79.0,2.0,0.32,0.0,0.0,0.0,0.0,0.0,0.0,8.0,0.0,0.0,0.0,0.0,0.0,0.0,0.0,0.0,0.0,0.0,0.0,0.0,0.0,0.0,0.0,0.0,0.0,0.0,0.0,0.0,0.0,0.0,0.0,0.0,0.0,0.0,0.0,0.0,0.0,0.0,0.0,0.0,0.0,0.0,0.0,0.0,0.0,0.0,0.0,0.0,0.0,0.0,0.0,0.0,0.0,0.0,0.0,0.0,0.0,0.0,0.0,2.0,0.0,2.0,0.0,0.0,0.0,0.0,0.0,2.0,0.0,0.0,526.0,0.0,0.0,0.0,0.0,0.0,0.0,0.0,0.0,0.0,0.0,0.0,0.0,0.0,0.0,0.0,0.0,0.0,0.0,0.0,0.0,0.0,0.0,0.0,0.0,0.0,0.0,0.0,0.0,0.0,0.0,0.0,0.0,0.0,0.0,0.0,0.0,0.0,0.0,0.0,0.0,0.0,0.0,0.0,0.0,0.0,0.0,0.0,0.0,0.0,0.0,0.0,0.0,0.0,0.0,0.0,0.0,0.0,0.0,0.0,0.0,0.0,0.0,0.0,0.0,0.0,0.54,0.0,10.0,0.0,0.0,0.0,0.0,0.0,0.0
8477998,2025,Warren Foegele,LAK,L,5on4,1,0.0,0.0,0.0,0.0,0.0,0.0,0.0,0.0,0.0,0.0,0.0,0.0,0.0,0.0,0.0,0.0,0.0,0.0,0.0,0.0,0.0,0.0,0.0,0.0,0.0,0.0,0.0,0.0,0.0,0.0,0.0,0.0,0.0,0.0,0.0,0.0,0.0,0.0,0.0,0.0,0.0,0.0,0.0,0.0,0.0,0.0,0.0,0.0,0.0,0.0,0.0,0.0,0.0,0.0,0.0,0.0,0.0,0.0,0.0,0.0,0.0,0.0,0.0,0.0,0.0,0.0,0.0,0.0,0.0,0.0,0.0,0.0,0.0,0.0,0.0,0.0,0.0,0.0,0.0,0.0,0.0,0.0,0.0,0.0,0.0,0.0,0.0,0.0,0.0,0.0,0.0,0.0,0.0,0.0,0.0,0.0,0.0,0.0,0.0,0.0,0.0,0.0,0.0,0.0,0.0,0.0,0.0,0.0,0.0,0.0,0.0,0.0,0.0,0.0,0.0,0.0,0.0,0.0,0.0,0.0,0.0,0.0,0.0,0.0,0.0,0.0,0.0,0.0,0.0,0.0,0.0,0.0,0.0,0.0,0.0,0.0,0.0,0.0,0.0,0.0,0.0,0.0,0.0,0.0,0.0,0.0,0.0
8477409,2025,Carter Verhaeghe,FLA,C,other,1,0.0,0.0,0.0,0.0,0.0,0.0,0.0,0.0,0.0,0.0,0.0,0.0,0.0,0.0,0.0,0.0,0.0,0.0,0.0,0.0,0.0,0.0,0.0,0.0,0.0,0.0,0.0,0.0,0.0,0.0,0.0,0.0,0.0,0.0,0.0,0.0,0.0,0.0,0.0,0.0,0.0,0.0,0.0,0.0,0.0,0.0,0.0,0.0,0.0,0.0,0.0,0.0,0.0,0.0,0.0,0.0,0.0,0.0,0.0,0.0,0.0,0.0,0.0,0.0,0.0,0.0,0.0,0.0,0.0,0.0,0.0,0.0,0.0,0.0,0.0,0.0,0.0,0.0,0.0,0.0,0.0,0.0,0.0,0.0,0.0,0.0,0.0,0.0,0.0,0.0,0.0,0.0,0.0,0.0,0.0,0.0,0.0,0.0,0.0,0.0,0.0,0.0,0.0,0.0,0.0,0.0,0.0,0.0,0.0,0.0,0.0,0.0,0.0,0.0,0.0,0.0,0.0,0.0,0.0,0.0,0.0,0.0,0.0,0.0,0.0,0.0,0.0,0.0,0.0,0.0,0.0,0.0,0.0,0.0,0.0,0.0,0.0,0.0,0.0,0.0,0.0,0.0,0.0,0.0,0.0,0.0,0.0
8477409,2025,Carter Verhaeghe,FLA,C,all,1,1127.0,26.0,2.04,0.75,0.7,0.79,0.47,0.85,0.5,5.0,6.06,1.11,0.56,1.14,0.16,2.49,1.55,1.11,1.08,1.08,0.0,0.0,5.0,2.0,0.0,7.0,1.0,1.0,0.0,0.0,1.0,0.0,2.0,3.0,4.0,6.0,0.0,0.0,1.0,0.0,0.0,0.0,1.0,5.0,1.0,0.07,0.78,0.26,0.0,1.0,0.0,6.93,7.0,6.96,0.0,0.12,0.0,0.0,1.23,1.2,1.2,26.0,4.0,3.0,4.0,15.0,7.0,2.0,5.0,12.0,1.0,0.0,2473.0,0.0,0.0,0.0,0.0,17.11,1.7,1.68,1.66,1.64,16.0,6.0,9.0,31.0,1.0,0.0,0.0,14.0,7.0,1.0,0.47,0.97,0.26,0.0,1.0,0.0,30.58,22.0,21.8,0.26,0.0,0.0,1.97,1.92,1.89,3.24,0.56,0.56,0.59,0.59,4.0,0.0,4.0,8.0,1.0,0.0,0.0,0.0,4.0,0.0,0.0,0.56,0.0,0.0,1.0,0.0,8.27,4.0,4.19,0.04,0.0,0.0,0.6,0.64,0.64,2.44,1.03,38.0,42.0,0.0,0.0,0.0,0.0,0.0,0.0
8477409,2025,Carter Verhaeghe,FLA,C,5on5,1,1045.0,24.0,2.04,0.74,0.64,0.78,0.48,0.84,0.48,1.0,5.23,0.97,0.5,1.0,0.13,2.04,1.35,0.97,0.95,0.95,0.0,0.0,4.0,2.0,0.0,6.0,0.0,0.0,0.0,0.0,1.0,0.0,2.0,3.0,4.0,6.0,0.0,0.0,1.0,0.0,0.0,0.0,1.0,4.0,1.0,0.07,0.64,0.26,0.0,0.0,0.0,5.93,6.0,5.96,0.0,0.11,0.0,0.0,1.08,1.05,1.05,24.0,4.0,3.0,4.0,13.0,7.0,2.0,4.0,11.0,1.0,0.0,1917.0,0.0,0.0,0.0,0.0,16.29,1.56,1.54,1.52,1.5,15.0,6.0,8.0,29.0,0.0,0.0,0.0,14.0,6.0,1.0,0.47,0.83,0.26,0.0,0.0,0.0,28.58,21.0,20.8,0.25,0.0,0.0,1.81,1.77,1.74,3.24,0.56,0.56,0.59,0.59,4.0,0.0,4.0,8.0,1.0,0.0,0.0,0.0,4.0,0.0,0.0,0.56,0.0,0.0,1.0,0.0,8.27,4.0,4.19,0.04,0.0,0.0,0.6,0.64,0.64,1.61,0.92,30.0,32.0,0.0,0.0,0.0,0.0,0.0,0.0
8477409,2025,Carter Verhaeghe,FLA,C,4on5,1,0.0,0.0,0.0,0.0,0.0,0.0,0.0,0.0,0.0,0.0,0.0,0.0,0.0,0.0,0.0,0.0,0.0,0.0,0.0,0.0,0.0,0.0,0.0,0.0,0.0,0.0,0.0,0.0,0.0,0.0,0.0,0.0,0.0,0.0,0.0,0.0,0.0,0.0,0.0,0.0,0.0,0.0,0.0,0.0,0.0,0.0,0.0,0.0,0.0,0.0,0.0,0.0,0.0,0.0,0.0,0.0,0.0,0.0,0.0,0.0,0.0,0.0,0.0,0.0,0.0,0.0,0.0,0.0,0.0,0.0,0.0,0.0,0.0,0.0,0.0,0.0,0.0,0.0,0.0,0.0,0.0,0.0,0.0,0.0,0.0,0.0,0.0,0.0,0.0,0.0,0.0,0.0,0.0,0.0,0.0,0.0,0.0,0.0,0.0,0.0,0.0,0.0,0.0,0.0,0.0,0.0,0.0,0.0,0.0,0.0,0.0,0.0,0.0,0.0,0.0,0.0,0.0,0.0,0.0,0.0,0.0,0.0,0.0,0.0,0.0,0.0,0.0,0.0,0.0,0.0,0.0,0.0,0.0,0.0,0.0,0.0,0.0,0.0,0.0,0.0,0.0,0.0,0.0,0.0,0.0,0.0,0.0
8477409,2025,Carter Verhaeghe,FLA,C,5on4,1,82.0,2.0,2.04,1.0,1.0,1.0,1.0,1.0,1.0,4.0,0.83,0.14,0.06,0.13,0.03,0.44,0.2,0.14,0.14,0.14,0.0,0.0,1.0,0.0,0.0,1.0,1.0,1.0,0.0,0.0,0.0,0.0,0.0,0.0,0.0,0.0,0.0,0.0,0.0,0.0,0.0,0.0,0.0,1.0,0.0,0.0,0.14,0.0,0.0,1.0,0.0,1.0,1.0,1.0,0.0,0.01,0.0,0.0,0.15,0.15,0.15,2.0,0.0,0.0,0.0,2.0,0.0,0.0,1.0,1.0,0.0,0.0,140.0,0.0,0.0,0.0,0.0,0.83,0.14,0.14,0.14,0.14,1.0,0.0,1.0,2.0,1.0,0.0,0.0,0.0,1.0,0.0,0.0,0.14,0.0,0.0,1.0,0.0,2.0,1.0,1.0,0.01,0.0,0.0,0.15,0.15,0.15,0.0,0.0,0.0,0.0,0.0,0.0,0.0,0.0,0.0,0.0,0.0,0.0,0.0,0.0,0.0,0.0,0.0,0.0,0.0,0.0,0.0,0.0,0.0,0.0,0.0,0.0,0.0,0.0,0.0,0.0,0.59,0.0,6.0,0.0,0.0,0.0,0.0,0.0,0.0,0.0
8481532,2025,Alex Turcotte,LAK,C,other,1,0.0,0.0,0.0,0.0,0.0,0.0,0.0,0.0,0.0,0.0,0.0,0.0,0.0,0.0,0.0,0.0,0.0,0.0,0.0,0.0,0.0,0.0,0.0,0.0,0.0,0.0,0.0,0.0,0.0,0.0,0.0,0.0,0.0,0.0,0.0,0.0,0.0,0.0,0.0,0.0,0.0,0.0,0.0,0.0,0.0,0.0,0.0,0.0,0.0,0.0,0.0,0.0,0.0,0.0,0.0,0.0,0.0,0.0,0.0,0.0,0.0,0.0,0.0,0.0,0.0,0.0,0.0,0.0,0.0,0.0,0.0,0.0,0.0,0.0,0.0,0.0,0.0,0.0,0.0,0.0,0.0,0.0,0.0,0.0,0.0,0.0,0.0,0.0,0.0,0.0,0.0,0.0,0.0,0.0,0.0,0.0,0.0,0.0,0.0,0.0,0.0,0.0,0.0,0.0,0.0,0.0,0.0,0.0,0.0,0.0,0.0,0.0,0.0,0.0,0.0,0.0,0.0,0.0,0.0,0.0,0.0,0.0,0.0,0.0,0.0,0.0,0.0,0.0,0.0,0.0,0.0,0.0,0.0,0.0,0.0,0.0,0.0,0.0,0.0,0.0,0.0,0.0,0.0,0.0,0.0,0.0,0.0
8481532,2025,Alex Turcotte,LAK,C,all,1,429.0,14.0,0.24,0.9,0.5,0.71,0.55,0.67,0.55,11.0,1.62,0.36,0.16,0.33,0.05,0.68,0.42,0.34,0.32,0.3,0.0,0.0,1.0,1.0,0.0,2.0,0.0,0.0,0.0,0.0,0.0,0.0,2.0,0.0,1.0,2.0,0.0,0.0,2.0,0.0,0.0,2.0,0.0,1.0,1.0,0.0,0.11,0.24,0.0,0.0,0.0,1.7,2.0,1.76,1.0,0.04,0.0,0.24,0.15,0.13,0.13,14.0,3.0,2.0,1.0,8.0,4.0,3.0,1.0,6.0,2.0,5.0,3171.0,0.0,0.0,0.0,1.0,4.47,0.56,0.54,0.5,0.48,2.0,4.0,4.0,10.0,0.0,1.0,0.0,4.0,1.0,1.0,0.2,0.11,0.24,0.0,0.0,0.0,8.75,6.0,5.37,0.08,0.24,0.24,0.39,0.35,0.35,2.1,0.06,0.06,0.07,0.07,3.0,0.0,1.0,4.0,1.0,0.0,0.0,3.0,0.0,0.0,0.06,0.0,0.0,1.0,0.0,0.0,4.32,3.0,3.21,0.02,0.0,0.0,0.09,0.09,0.09,2.04,2.03,56.0,45.0,0.0,0.0,0.0,0.0,0.0,0.0
8481532,2025,Alex Turcotte,LAK,C,5on5,1,429.0,14.0,0.24,0.9,0.41,0.71,0.52,0.67,0.5,11.0,1.62,0.36,0.16,0.33,0.05,0.68,0.42,0.34,0.32,0.3,0.0,0.0,1.0,1.0,0.0,2.0,0.0,0.0,0.0,0.0,0.0,0.0,2.0,0.0,1.0,2.0,0.0,0.0,2.0,0.0,0.0,2.0,0.0,1.0,1.0,0.0,0.11,0.24,0.0,0.0,0.0,1.7,2.0,1.76,1.0,0.04,0.0,0.24,0.15,0.13,0.13,14.0,3.0,2.0,1.0,8.0,4.0,3.0,1.0,6.0,2.0,5.0,2039.0,0.0,0.0,0.0,1.0,4.47,0.56,0.54,0.5,0.48,2.0,4.0,4.0,10.0,0.0,1.0,0.0,4.0,1.0,1.0,0.2,0.11,0.24,0.0,0.0,0.0,8.75,6.0,5.37,0.08,0.24,0.24,0.39,0.35,0.35,2.1,0.06,0.06,0.07,0.07,3.0,0.0,1.0,4.0,1.0,0.0,0.0,3.0,0.0,0.0,0.06,0.0,0.0,1.0,0.0,0.0,4.32,3.0,3.21,0.02,0.0,0.0,0.09,0.09,0.09,1.02,1.49,38.0,35.0,0.0,0.0,0.0,0.0,0.0,0.0
8481532,2025,Alex Turcotte,LAK,C,4on5,1,0.0,0.0,0.0,0.0,0.0,0.0,0.0,0.0,0.0,0.0,0.0,0.0,0.0,0.0,0.0,0.0,0.0,0.0,0.0,0.0,0.0,0.0,0.0,0.0,0.0,0.0,0.0,0.0,0.0,0.0,0.0,0.0,0.0,0.0,0.0,0.0,0.0,0.0,0.0,0.0,0.0,0.0,0.0,0.0,0.0,0.0,0.0,0.0,0.0,0.0,0.0,0.0,0.0,0.0,0.0,0.0,0.0,0.0,0.0,0.0,0.0,0.0,0.0,0.0,0.0,0.0,0.0,0.0,0.0,0.0,0.0,0.0,0.0,0.0,0.0,0.0,0.0,0.0,0.0,0.0,0.0,0.0,0.0,0.0,0.0,0.0,0.0,0.0,0.0,0.0,0.0,0.0,0.0,0.0,0.0,0.0,0.0,0.0,0.0,0.0,0.0,0.0,0.0,0.0,0.0,0.0,0.0,0.0,0.0,0.0,0.0,0.0,0.0,0.0,0.0,0.0,0.0,0.0,0.0,0.0,0.0,0.0,0.0,0.0,0.0,0.0,0.0,0.0,0.0,0.0,0.0,0.0,0.0,0.0,0.0,0.0,0.0,0.0,0.0,0.0,0.0,0.0,0.0,0.0,0.0,0.0,0.0
8481532,2025,Alex Turcotte,LAK,C,5on4,1,0.0,0.0,0.0,0.0,0.0,0.0,0.0,0.0,0.0,0.0,0.0,0.0,0.0,0.0,0.0,0.0,0.0,0.0,0.0,0.0,0.0,0.0,0.0,0.0,0.0,0.0,0.0,0.0,0.0,0.0,0.0,0.0,0.0,0.0,0.0,0.0,0.0,0.0,0.0,0.0,0.0,0.0,0.0,0.0,0.0,0.0,0.0,0.0,0.0,0.0,0.0,0.0,0.0,0.0,0.0,0.0,0.0,0.0,0.0,0.0,0.0,0.0,0.0,0.0,0.0,0.0,0.0,0.0,0.0,0.0,0.0,0.0,0.0,0.0,0.0,0.0,0.0,0.0,0.0,0.0,0.0,0.0,0.0,0.0,0.0,0.0,0.0,0.0,0.0,0.0,0.0,0.0,0.0,0.0,0.0,0.0,0.0,0.0,0.0,0.0,0.0,0.0,0.0,0.0,0.0,0.0,0.0,0.0,0.0,0.0,0.0,0.0,0.0,0.0,0.0,0.0,0.0,0.0,0.0,0.0,0.0,0.0,0.0,0.0,0.0,0.0,0.0,0.0,0.0,0.0,0.0,0.0,0.0,0.0,0.0,0.0,0.0,0.0,0.0,0.0,0.0,0.0,0.0,0.0,0.0,0.0,0.0
8482713,2025,Mackie Samoskevich,FLA,R,other,1,0.0,0.0,0.0,0.0,0.0,0.0,0.0,0.0,0.0,0.0,0.0,0.0,0.0,0.0,0.0,0.0,0.0,0.0,0.0,0.0,0.0,0.0,0.0,0.0,0.0,0.0,0.0,0.0,0.0,0.0,0.0,0.0,0.0,0.0,0.0,0.0,0.0,0.0,0.0,0.0,0.0,0.0,0.0,0.0,0.0,0.0,0.0,0.0,0.0,0.0,0.0,0.0,0.0,0.0,0.0,0.0,0.0,0.0,0.0,0.0,0.0,0.0,0.0,0.0,0.0,0.0,0.0,0.0,0.0,0.0,0.0,0.0,0.0,0.0,0.0,0.0,0.0,0.0,0.0,0.0,0.0,0.0,0.0,0.0,0.0,0.0,0.0,0.0,0.0,0.0,0.0,0.0,0.0,0.0,0.0,0.0,0.0,0.0,0.0,0.0,0.0,0.0,0.0,0.0,0.0,0.0,0.0,0.0,0.0,0.0,0.0,0.0,0.0,0.0,0.0,0.0,0.0,0.0,0.0,0.0,0.0,0.0,0.0,0.0,0.0,0.0,0.0,0.0,0.0,0.0,0.0,0.0,0.0,0.0,0.0,0.0,0.0,0.0,0.0,0.0,0.0,0.0,0.0,0.0,0.0,0.0,0.0
8482713,2025,Mackie Samoskevich,FLA,R,all,1,678.0,21.0,1.4,0.45,0.77,0.48,0.6,0.38,0.67,8.0,0.0,0.0,0.0,0.0,0.0,0.0,0.0,0.0,0.0,0.0,2.0,0.0,0.0,0.0,3.0,3.0,2.0,0.0,0.0,0.0,0.0,0.0,0.0,0.0,0.0,0.0,0.0,0.0,0.0,3.0,0.0,0.0,0.0,0.0,0.0,0.0,0.0,0.0,0.0,0.0,0.0,2.88,0.0,0.0,0.0,0.0,0.0,0.0,0.0,0.0,0.0,21.0,5.0,0.0,3.0,13.0,2.0,5.0,5.0,9.0,0.0,0.0,2922.0,0.0,0.0,0.0,0.0,4.38,0.35,0.35,0.35,0.35,4.0,2.0,5.0,11.0,2.0,0.0,0.0,4.0,2.0,0.0,0.06,0.29,0.0,0.0,2.0,0.0,10.79,6.0,5.87,0.05,0.0,0.0,0.41,0.4,0.4,7.44,0.44,0.43,0.45,0.44,7.0,3.0,2.0,12.0,0.0,1.0,0.0,9.0,0.0,1.0,0.21,0.0,0.23,0.0,0.0,0.0,12.16,10.0,10.17,0.07,0.23,0.23,0.27,0.28,0.28,3.79,1.15,58.0,38.0,0.0,0.0,0.0,0.0,0.0,0.0
8482713,2025,Mackie Samoskevich,FLA,R,5on5,1,610.0,19.0,1.4,0.33,0.74,0.43,0.64,0.33,0.69,9.0,0.0,0.0,0.0,0.0,0.0,0.0,0.0,0.0,0.0,0.0,1.0,0.0,0.0,0.0,2.0,2.0,1.0,0.0,0.0,0.0,0.0,0.0,0.0,0.0,0.0,0.0,0.0,0.0,0.0,3.0,0.0,0.0,0.0,0.0,0.0,0.0,0.0,0.0,0.0,0.0,0.0,1.89,0.0,0.0,0.0,0.0,0.0,0.0,0.0,0.0,0.0,19.0,5.0,0.0,3.0,11.0,2.0,5.0,4.0,8.0,0.0,0.0,2352.0,0.0,0.0,0.0,0.0,3.56,0.22,0.22,0.21,0.21,3.0,2.0,4.0,9.0,1.0,0.0,0.0,4.0,1.0,0.0,0.06,0.15,0.0,0.0,1.0,0.0,8.79,5.0,4.87,0.04,0.0,0.0,0.25,0.25,0.25,7.44,0.44,0.43,0.45,0.44,7.0,3.0,2.0,12.0,0.0,1.0,0.0,9.0,0.0,1.0,0.21,0.0,0.23,0.0,0.0,0.0,12.16,10.0,10.17,0.07,0.23,0.23,0.27,0.28,0.28,2.96,1.04,50.0,28.0,0.0,0.0,0.0,0.0,0.0,0.0
8482713,2025,Mackie Samoskevich,FLA,R,4on5,1,0.0,0.0,0.0,0.0,0.0,0.0,0.0,0.0,0.0,0.0,0.0,0.0,0.0,0.0,0.0,0.0,0.0,0.0,0.0,0.0,0.0,0.0,0.0,0.0,0.0,0.0,0.0,0.0,0.0,0.0,0.0,0.0,0.0,0.0,0.0,0.0,0.0,0.0,0.0,0.0,0.0,0.0,0.0,0.0,0.0,0.0,0.0,0.0,0.0,0.0,0.0,0.0,0.0,0.0,0.0,0.0,0.0,0.0,0.0,0.0,0.0,0.0,0.0,0.0,0.0,0.0,0.0,0.0,0.0,0.0,0.0,0.0,0.0,0.0,0.0,0.0,0.0,0.0,0.0,0.0,0.0,0.0,0.0,0.0,0.0,0.0,0.0,0.0,0.0,0.0,0.0,0.0,0.0,0.0,0.0,0.0,0.0,0.0,0.0,0.0,0.0,0.0,0.0,0.0,0.0,0.0,0.0,0.0,0.0,0.0,0.0,0.0,0.0,0.0,0.0,0.0,0.0,0.0,0.0,0.0,0.0,0.0,0.0,0.0,0.0,0.0,0.0,0.0,0.0,0.0,0.0,0.0,0.0,0.0,0.0,0.0,0.0,0.0,0.0,0.0,0.0,0.0,0.0,0.0,0.0,0.0,0.0
8482713,2025,Mackie Samoskevich,FLA,R,5on4,1,68.0,2.0,1.4,1.0,1.0,1.0,1.0,1.0,1.0,6.0,0.0,0.0,0.0,0.0,0.0,0.0,0.0,0.0,0.0,0.0,1.0,0.0,0.0,0.0,1.0,1.0,1.0,0.0,0.0,0.0,0.0,0.0,0.0,0.0,0.0,0.0,0.0,0.0,0.0,0.0,0.0,0.0,0.0,0.0,0.0,0.0,0.0,0.0,0.0,0.0,0.0,1.0,0.0,0.0,0.0,0.0,0.0,0.0,0.0,0.0,0.0,2.0,0.0,0.0,0.0,2.0,0.0,0.0,1.0,1.0,0.0,0.0,154.0,0.0,0.0,0.0,0.0,0.83,0.14,0.14,0.14,0.14,1.0,0.0,1.0,2.0,1.0,0.0,0.0,0.0,1.0,0.0,0.0,0.14,0.0,0.0,1.0,0.0,2.0,1.0,1.0,0.01,0.0,0.0,0.15,0.15,0.15,0.0,0.0,0.0,0.0,0.0,0.0,0.0,0.0,0.0,0.0,0.0,0.0,0.0,0.0,0.0,0.0,0.0,0.0,0.0,0.0,0.0,0.0,0.0,0.0,0.0,0.0,0.0,0.0,0.0,0.0,0.59,0.0,6.0,0.0,0.0,0.0,0.0,0.0,0.0,0.0
8482408,2025,Jeff Malott,LAK,L,other,1,0.0,0.0,0.0,0.0,0.0,0.0,0.0,0.0,0.0,0.0,0.0,0.0,0.0,0.0,0.0,0.0,0.0,0.0,0.0,0.0,0.0,0.0,0.0,0.0,0.0,0.0,0.0,0.0,0.0,0.0,0.0,0.0,0.0,0.0,0.0,0.0,0.0,0.0,0.0,0.0,0.0,0.0,0.0,0.0,0.0,0.0,0.0,0.0,0.0,0.0,0.0,0.0,0.0,0.0,0.0,0.0,0.0,0.0,0.0,0.0,0.0,0.0,0.0,0.0,0.0,0.0,0.0,0.0,0.0,0.0,0.0,0.0,0.0,0.0,0.0,0.0,0.0,0.0,0.0,0.0,0.0,0.0,0.0,0.0,0.0,0.0,0.0,0.0,0.0,0.0,0.0,0.0,0.0,0.0,0.0,0.0,0.0,0.0,0.0,0.0,0.0,0.0,0.0,0.0,0.0,0.0,0.0,0.0,0.0,0.0,0.0,0.0,0.0,0.0,0.0,0.0,0.0,0.0,0.0,0.0,0.0,0.0,0.0,0.0,0.0,0.0,0.0,0.0,0.0,0.0,0.0,0.0,0.0,0.0,0.0,0.0,0.0,0.0,0.0,0.0,0.0,0.0,0.0,0.0,0.0,0.0,0.0
8482408,2025,Jeff Malott,LAK,L,all,1,373.0,9.0,-0.35,0.36,0.58,0.58,0.57,0.38,0.58,12.0,0.73,0.07,0.06,0.1,0.02,0.43,0.31,0.07,0.07,0.07,0.0,0.0,0.0,1.0,0.0,1.0,0.0,0.0,0.0,0.0,0.0,0.0,0.0,1.0,0.0,1.0,2.0,7.0,0.0,3.0,1.0,1.0,1.0,0.0,0.0,0.07,0.0,0.0,0.0,0.0,0.0,0.97,1.0,0.97,1.0,0.01,0.0,0.0,0.09,0.08,0.08,9.0,2.0,1.0,1.0,5.0,2.0,1.0,2.0,4.0,0.0,0.0,3227.0,7.0,5.0,1.0,0.0,2.32,0.21,0.21,0.19,0.19,1.0,2.0,4.0,7.0,0.0,0.0,0.0,2.0,1.0,0.0,0.1,0.11,0.0,0.0,0.0,0.0,6.2,3.0,2.74,0.04,0.0,0.0,0.26,0.23,0.23,3.74,0.38,0.36,0.43,0.4,5.0,0.0,0.0,5.0,2.0,1.0,1.0,3.0,1.0,1.0,0.06,0.08,0.23,1.0,0.0,1.0,5.59,5.0,5.51,0.07,0.23,0.23,0.21,0.23,0.23,2.39,1.71,59.0,44.0,0.0,0.0,0.0,0.0,0.0,0.0
8482408,2025,Jeff Malott,LAK,L,5on5,1,373.0,9.0,-0.35,0.36,0.54,0.58,0.55,0.38,0.55,12.0,0.73,0.07,0.06,0.1,0.02,0.43,0.31,0.07,0.07,0.07,0.0,0.0,0.0,1.0,0.0,1.0,0.0,0.0,0.0,0.0,0.0,0.0,0.0,1.0,0.0,1.0,2.0,7.0,0.0,3.0,1.0,1.0,1.0,0.0,0.0,0.07,0.0,0.0,0.0,0.0,0.0,0.97,1.0,0.97,1.0,0.01,0.0,0.0,0.09,0.08,0.08,9.0,2.0,1.0,1.0,5.0,2.0,1.0,2.0,4.0,0.0,0.0,2095.0,7.0,5.0,1.0,0.0,2.32,0.21,0.21,0.19,0.19,1.0,2.0,4.0,7.0,0.0,0.0,0.0,2.0,1.0,0.0,0.1,0.11,0.0,0.0,0.0,0.0,6.2,3.0,2.74,0.04,0.0,0.0,0.26,0.23,0.23,3.74,0.38,0.36,0.43,0.4,5.0,0.0,0.0,5.0,2.0,1.0,1.0,3.0,1.0,1.0,0.06,0.08,0.23,1.0,0.0,1.0,5.59,5.0,5.51,0.07,0.23,0.23,0.21,0.23,0.23,1.36,1.17,41.0,34.0,0.0,0.0,0.0,0.0,0.0,0.0
8482408,2025,Jeff Malott,LAK,L,4on5,1,0.0,0.0,0.0,0.0,0.0,0.0,0.0,0.0,0.0,0.0,0.0,0.0,0.0,0.0,0.0,0.0,0.0,0.0,0.0,0.0,0.0,0.0,0.0,0.0,0.0,0.0,0.0,0.0,0.0,0.0,0.0,0.0,0.0,0.0,0.0,0.0,0.0,0.0,0.0,0.0,0.0,0.0,0.0,0.0,0.0,0.0,0.0,0.0,0.0,0.0,0.0,0.0,0.0,0.0,0.0,0.0,0.0,0.0,0.0,0.0,0.0,0.0,0.0,0.0,0.0,0.0,0.0,0.0,0.0,0.0,0.0,0.0,0.0,0.0,0.0,0.0,0.0,0.0,0.0,0.0,0.0,0.0,0.0,0.0,0.0,0.0,0.0,0.0,0.0,0.0,0.0,0.0,0.0,0.0,0.0,0.0,0.0,0.0,0.0,0.0,0.0,0.0,0.0,0.0,0.0,0.0,0.0,0.0,0.0,0.0,0.0,0.0,0.0,0.0,0.0,0.0,0.0,0.0,0.0,0.0,0.0,0.0,0.0,0.0,0.0,0.0,0.0,0.0,0.0,0.0,0.0,0.0,0.0,0.0,0.0,0.0,0.0,0.0,0.0,0.0,0.0,0.0,0.0,0.0,0.0,0.0,0.0
8482408,2025,Jeff Malott,LAK,L,5on4,1,0.0,0.0,0.0,0.0,0.0,0.0,0.0,0.0,0.0,0.0,0.0,0.0,0.0,0.0,0.0,0.0,0.0,0.0,0.0,0.0,0.0,0.0,0.0,0.0,0.0,0.0,0.0,0.0,0.0,0.0,0.0,0.0,0.0,0.0,0.0,0.0,0.0,0.0,0.0,0.0,0.0,0.0,0.0,0.0,0.0,0.0,0.0,0.0,0.0,0.0,0.0,0.0,0.0,0.0,0.0,0.0,0.0,0.0,0.0,0.0,0.0,0.0,0.0,0.0,0.0,0.0,0.0,0.0,0.0,0.0,0.0,0.0,0.0,0.0,0.0,0.0,0.0,0.0,0.0,0.0,0.0,0.0,0.0,0.0,0.0,0.0,0.0,0.0,0.0,0.0,0.0,0.0,0.0,0.0,0.0,0.0,0.0,0.0,0.0,0.0,0.0,0.0,0.0,0.0,0.0,0.0,0.0,0.0,0.0,0.0,0.0,0.0,0.0,0.0,0.0,0.0,0.0,0.0,0.0,0.0,0.0,0.0,0.0,0.0,0.0,0.0,0.0,0.0,0.0,0.0,0.0,0.0,0.0,0.0,0.0,0.0,0.0,0.0,0.0,0.0,0.0,0.0,0.0,0.0,0.0,0.0,0.0
8475208,2025,Brian Dumoulin,LAK,D,other,1,0.0,0.0,0.0,0.0,0.0,0.0,0.0,0.0,0.0,0.0,0.0,0.0,0.0,0.0,0.0,0.0,0.0,0.0,0.0,0.0,0.0,0.0,0.0,0.0,0.0,0.0,0.0,0.0,0.0,0.0,0.0,0.0,0.0,0.0,0.0,0.0,0.0,0.0,0.0,0.0,0.0,0.0,0.0,0.0,0.0,0.0,0.0,0.0,0.0,0.0,0.0,0.0,0.0,0.0,0.0,0.0,0.0,0.0,0.0,0.0,0.0,0.0,0.0,0.0,0.0,0.0,0.0,0.0,0.0,0.0,0.0,0.0,0.0,0.0,0.0,0.0,0.0,0.0,0.0,0.0,0.0,0.0,0.0,0.0,0.0,0.0,0.0,0.0,0.0,0.0,0.0,0.0,0.0,0.0,0.0,0.0,0.0,0.0,0.0,0.0,0.0,0.0,0.0,0.0,0.0,0.0,0.0,0.0,0.0,0.0,0.0,0.0,0.0,0.0,0.0,0.0,0.0,0.0,0.0,0.0,0.0,0.0,0.0,0.0,0.0,0.0,0.0,0.0,0.0,0.0,0.0,0.0,0.0,0.0,0.0,0.0,0.0,0.0,0.0,0.0,0.0,0.0,0.0,0.0,0.0,0.0,0.0
8475208,2025,Brian Dumoulin,LAK,D,all,1,1109.0,24.0,-0.23,0.36,0.63,0.32,0.68,0.32,0.66,4.0,0.71,0.04,0.06,0.12,0.02,0.44,0.32,0.04,0.03,0.03,0.0,0.0,1.0,0.0,1.0,2.0,0.0,0.0,0.0,0.0,1.0,0.0,0.0,0.0,1.0,1.0,0.0,0.0,0.0,2.0,0.0,1.0,1.0,0.0,0.0,0.04,0.0,0.0,0.0,0.0,0.0,1.7,1.0,0.88,1.0,0.01,0.0,0.0,0.05,0.04,0.04,24.0,2.0,4.0,1.0,17.0,3.0,5.0,2.0,14.0,0.0,0.0,2491.0,0.0,2.0,1.0,3.0,4.93,0.47,0.46,0.42,0.41,2.0,5.0,4.0,11.0,0.0,1.0,0.0,6.0,0.0,1.0,0.23,0.0,0.24,0.0,0.0,0.0,9.73,7.0,6.3,0.08,0.24,0.24,0.31,0.28,0.28,10.71,0.85,0.83,0.95,0.93,11.0,4.0,8.0,23.0,2.0,1.0,1.0,11.0,3.0,1.0,0.32,0.3,0.23,1.0,0.0,1.0,24.89,15.0,16.36,0.18,0.23,0.23,0.8,0.88,0.87,2.13,1.24,55.0,26.0,0.0,0.0,0.0,0.0,0.0,0.0
8475208,2025,Brian Dumoulin,LAK,D,5on5,1,848.0,18.0,-0.23,0.36,0.6,0.39,0.63,0.37,0.61,3.0,0.71,0.04,0.06,0.12,0.02,0.44,0.32,0.04,0.03,0.03,0.0,0.0,1.0,0.0,1.0,2.0,0.0,0.0,0.0,0.0,1.0,0.0,0.0,0.0,1.0,1.0,0.0,0.0,0.0,2.0,0.0,0.0,1.0,0.0,0.0,0.04,0.0,0.0,0.0,0.0,0.0,1.7,1.0,0.88,0.0,0.01,0.0,0.0,0.05,0.04,0.04,18.0,2.0,2.0,1.0,13.0,3.0,2.0,1.0,12.0,0.0,0.0,1620.0,0.0,2.0,1.0,2.0,4.93,0.47,0.46,0.42,0.41,2.0,5.0,4.0,11.0,0.0,1.0,0.0,6.0,0.0,1.0,0.23,0.0,0.24,0.0,0.0,0.0,9.73,7.0,6.3,0.08,0.24,0.24,0.31,0.28,0.28,8.62,0.83,0.81,0.93,0.9,10.0,2.0,5.0,17.0,2.0,1.0,1.0,8.0,3.0,1.0,0.29,0.3,0.23,1.0,0.0,1.0,18.89,12.0,13.36,0.15,0.23,0.23,0.74,0.83,0.82,1.1,0.72,37.0,22.0,0.37,0.01,3.0,1.0,3.0,1.0
8475208,2025,Brian Dumoulin,LAK,D,4on5,1,261.0,6.0,-0.23,0.0,0.0,0.0,0.0,0.0,0.0,3.0,0.0,0.0,0.0,0.0,0.0,0.0,0.0,0.0,0.0,0.0,0.0,0.0,0.0,0.0,0.0,0.0,0.0,0.0,0.0,0.0,0.0,0.0,0.0,0.0,0.0,0.0,0.0,0.0,0.0,0.0,0.0,1.0,0.0,0.0,0.0,0.0,0.0,0.0,0.0,0.0,0.0,0.0,0.0,0.0,1.0,0.0,0.0,0.0,0.0,0.0,0.0,6.0,0.0,2.0,0.0,4.0,0.0,3.0,1.0,2.0,0.0,0.0,344.0,0.0,0.0,0.0,0.0,0.0,0.0,0.0,0.0,0.0,0.0,0.0,0.0,0.0,0.0,0.0,0.0,0.0,0.0,0.0,0.0,0.0,0.0,0.0,0.0,0.0,0.0,0.0,0.0,0.0,0.0,0.0,0.0,0.0,0.0,2.09,0.02,0.02,0.02,0.02,1.0,2.0,3.0,6.0,0.0,0.0,0.0,3.0,0.0,0.0,0.02,0.0,0.0,0.0,0.0,0.0,6.0,3.0,3.0,0.04,0.0,0.0,0.06,0.06,0.06,0.0,0.52,0.0,4.0,0.0,0.0,0.0,0.0,0.0,0.0
8475208,2025,Brian Dumoulin,LAK,D,5on4,1,0.0,0.0,0.0,0.0,0.0,0.0,0.0,0.0,0.0,0.0,0.0,0.0,0.0,0.0,0.0,0.0,0.0,0.0,0.0,0.0,0.0,0.0,0.0,0.0,0.0,0.0,0.0,0.0,0.0,0.0,0.0,0.0,0.0,0.0,0.0,0.0,0.0,0.0,0.0,0.0,0.0,0.0,0.0,0.0,0.0,0.0,0.0,0.0,0.0,0.0,0.0,0.0,0.0,0.0,0.0,0.0,0.0,0.0,0.0,0.0,0.0,0.0,0.0,0.0,0.0,0.0,0.0,0.0,0.0,0.0,0.0,0.0,0.0,0.0,0.0,0.0,0.0,0.0,0.0,0.0,0.0,0.0,0.0,0.0,0.0,0.0,0.0,0.0,0.0,0.0,0.0,0.0,0.0,0.0,0.0,0.0,0.0,0.0,0.0,0.0,0.0,0.0,0.0,0.0,0.0,0.0,0.0,0.0,0.0,0.0,0.0,0.0,0.0,0.0,0.0,0.0,0.0,0.0,0.0,0.0,0.0,0.0,0.0,0.0,0.0,0.0,0.0,0.0,0.0,0.0,0.0,0.0,0.0,0.0,0.0,0.0,0.0,0.0,0.0,0.0,0.0,0.0,0.0,0.0,0.0,0.0,0.0
8471215,2025,Evgeni Malkin,PIT,C,other,1,11.0,0.0,2.13,1.0,1.0,1.0,0.5,1.0,1.0,4.0,0.0,0.0,0.0,0.0,0.0,0.0,0.0,0.0,0.0,0.0,1.0,0.0,0.0,0.0,0.0,0.0,1.0,0.0,0.0,0.0,0.0,0.0,0.0,0.0,0.0,0.0,0.0,0.0,0.0,0.0,0.0,0.0,0.0,0.0,0.0,0.0,0.0,0.0,0.0,0.0,0.0,0.0,0.0,0.0,0.0,0.0,0.0,0.0,0.0,0.0,0.0,0.0,0.0,0.0,0.0,0.0,0.0,0.0,0.0,0.0,0.0,0.0,12.0,0.0,0.0,0.0,0.0,0.95,0.95,0.95,0.95,0.95,1.0,0.0,0.0,1.0,1.0,0.0,0.0,0.0,0.0,1.0,0.0,0.0,0.95,0.0,0.0,1.0,1.0,1.0,1.0,0.0,0.0,0.0,0.96,0.96,0.96,0.0,0.0,0.0,0.0,0.0,0.0,0.0,0.0,0.0,0.0,0.0,0.0,0.0,0.0,0.0,0.0,0.0,0.0,0.0,0.0,0.0,0.0,0.0,0.0,0.0,0.0,0.0,0.0,0.0,0.0,0.46,0.0,1.0,1.0,0.0,0.0,0.0,0.0,0.0,0.0
8471215,2025,Evgeni Malkin,PIT,C,all,1,988.0,20.0,2.13,0.87,0.44,0.65,0.44,0.68,0.43,2.0,0.76,0.03,0.03,0.17,0.02,0.4,0.34,0.03,0.03,0.03,2.0,0.0,1.0,0.0,2.0,3.0,2.0,0.0,1.0,0.0,0.0,0.0,0.0,0.0,1.0,1.0,0.0,0.0,1.0,0.0,0.0,1.0,1.0,0.0,0.0,0.03,0.0,0.0,0.0,0.0,0.0,3.31,1.0,1.1,0.0,0.01,0.15,0.0,0.04,0.04,0.04,20.0,2.0,1.0,1.0,16.0,1.0,2.0,2.0,15.0,1.0,6.0,2612.0,0.0,0.0,0.0,1.0,15.49,2.83,2.58,2.99,2.72,14.0,5.0,5.0,24.0,2.0,5.0,0.0,10.0,5.0,4.0,0.37,0.6,1.86,0.0,0.0,2.0,25.94,19.0,20.39,0.25,1.06,1.06,2.02,2.1,1.94,6.89,0.43,0.43,0.4,0.4,6.0,3.0,4.0,13.0,0.0,0.0,0.0,7.0,2.0,0.0,0.17,0.26,0.0,0.0,0.0,0.0,12.17,9.0,8.47,0.09,0.0,0.0,0.52,0.49,0.49,1.6,2.08,37.0,47.0,0.0,0.0,0.0,0.0,0.0,0.0
8471215,2025,Evgeni Malkin,PIT,C,5on5,1,897.0,19.0,2.13,0.81,0.38,0.64,0.46,0.67,0.45,2.0,0.76,0.03,0.03,0.17,0.02,0.4,0.34,0.03,0.03,0.03,1.0,0.0,1.0,0.0,2.0,3.0,1.0,0.0,1.0,0.0,0.0,0.0,0.0,0.0,1.0,1.0,0.0,0.0,1.0,0.0,0.0,0.0,1.0,0.0,0.0,0.03,0.0,0.0,0.0,0.0,0.0,3.31,1.0,1.1,0.0,0.01,0.15,0.0,0.04,0.04,0.04,19.0,2.0,1.0,1.0,15.0,1.0,2.0,2.0,14.0,1.0,6.0,2320.0,0.0,0.0,0.0,1.0,14.54,1.88,1.63,2.04,1.76,13.0,5.0,5.0,23.0,1.0,5.0,0.0,10.0,5.0,3.0,0.37,0.6,0.91,0.0,0.0,1.0,24.94,18.0,19.39,0.25,1.06,1.06,1.06,1.15,0.98,6.89,0.43,0.43,0.4,0.4,6.0,3.0,4.0,13.0,0.0,0.0,0.0,7.0,2.0,0.0,0.17,0.26,0.0,0.0,0.0,0.0,12.17,9.0,8.47,0.09,0.0,0.0,0.52,0.49,0.49,1.14,1.89,35.0,41.0,0.0,0.0,1.0,0.0,0.0,0.0
8471215,2025,Evgeni Malkin,PIT,C,4on5,1,0.0,0.0,0.0,0.0,0.0,0.0,0.0,0.0,0.0,0.0,0.0,0.0,0.0,0.0,0.0,0.0,0.0,0.0,0.0,0.0,0.0,0.0,0.0,0.0,0.0,0.0,0.0,0.0,0.0,0.0,0.0,0.0,0.0,0.0,0.0,0.0,0.0,0.0,0.0,0.0,0.0,0.0,0.0,0.0,0.0,0.0,0.0,0.0,0.0,0.0,0.0,0.0,0.0,0.0,0.0,0.0,0.0,0.0,0.0,0.0,0.0,0.0,0.0,0.0,0.0,0.0,0.0,0.0,0.0,0.0,0.0,0.0,0.0,0.0,0.0,0.0,0.0,0.0,0.0,0.0,0.0,0.0,0.0,0.0,0.0,0.0,0.0,0.0,0.0,0.0,0.0,0.0,0.0,0.0,0.0,0.0,0.0,0.0,0.0,0.0,0.0,0.0,0.0,0.0,0.0,0.0,0.0,0.0,0.0,0.0,0.0,0.0,0.0,0.0,0.0,0.0,0.0,0.0,0.0,0.0,0.0,0.0,0.0,0.0,0.0,0.0,0.0,0.0,0.0,0.0,0.0,0.0,0.0,0.0,0.0,0.0,0.0,0.0,0.0,0.0,0.0,0.0,0.0,0.0,0.0,0.0,0.0
8471215,2025,Evgeni Malkin,PIT,C,5on4,1,80.0,1.0,2.13,0.0,0.0,0.0,1.0,0.0,0.0,1.0,0.0,0.0,0.0,0.0,0.0,0.0,0.0,0.0,0.0,0.0,0.0,0.0,0.0,0.0,0.0,0.0,0.0,0.0,0.0,0.0,0.0,0.0,0.0,0.0,0.0,0.0,0.0,0.0,0.0,0.0,0.0,1.0,0.0,0.0,0.0,0.0,0.0,0.0,0.0,0.0,0.0,0.0,0.0,0.0,0.0,0.0,0.0,0.0,0.0,0.0,0.0,1.0,0.0,0.0,0.0,1.0,0.0,0.0,0.0,1.0,0.0,0.0,40.0,0.0,0.0,0.0,0.0,0.0,0.0,0.0,0.0,0.0,0.0,0.0,0.0,0.0,0.0,0.0,0.0,0.0,0.0,0.0,0.0,0.0,0.0,0.0,0.0,0.0,0.0,0.0,0.0,0.0,0.0,0.0,0.0,0.0,0.0,0.0,0.0,0.0,0.0,0.0,0.0,0.0,0.0,0.0,0.0,0.0,0.0,0.0,0.0,0.0,0.0,0.0,0.0,0.0,0.0,0.0,0.0,0.0,0.0,0.0,0.0,0.0,0.0,0.0,0.0,0.0,0.0,1.0,0.0,0.0,0.0,0.0,0.0,0.0,0.0
8482073,2025,Braden Schneider,NYR,D,other,1,0.0,0.0,0.0,0.0,0.0,0.0,0.0,0.0,0.0,0.0,0.0,0.0,0.0,0.0,0.0,0.0,0.0,0.0,0.0,0.0,0.0,0.0,0.0,0.0,0.0,0.0,0.0,0.0,0.0,0.0,0.0,0.0,0.0,0.0,0.0,0.0,0.0,0.0,0.0,0.0,0.0,0.0,0.0,0.0,0.0,0.0,0.0,0.0,0.0,0.0,0.0,0.0,0.0,0.0,0.0,0.0,0.0,0.0,0.0,0.0,0.0,0.0,0.0,0.0,0.0,0.0,0.0,0.0,0.0,0.0,0.0,0.0,0.0,0.0,0.0,0.0,0.0,0.0,0.0,0.0,0.0,0.0,0.0,0.0,0.0,0.0,0.0,0.0,0.0,0.0,0.0,0.0,0.0,0.0,0.0,0.0,0.0,0.0,0.0,0.0,0.0,0.0,0.0,0.0,0.0,0.0,0.0,0.0,0.0,0.0,0.0,0.0,0.0,0.0,0.0,0.0,0.0,0.0,0.0,0.0,0.0,0.0,0.0,0.0,0.0,0.0,0.0,0.0,0.0,0.0,0.0,0.0,0.0,0.0,0.0,0.0,0.0,0.0,0.0,0.0,0.0,0.0,0.0,0.0,0.0,0.0,0.0
8482073,2025,Braden Schneider,NYR,D,all,1,1086.0,22.0,0.23,0.52,0.29,0.59,0.46,0.58,0.44,4.0,0.68,0.01,0.04,0.18,0.02,0.44,0.31,0.01,0.01,0.01,0.0,0.0,1.0,0.0,1.0,2.0,0.0,0.0,0.0,0.0,0.0,0.0,0.0,1.0,1.0,1.0,0.0,0.0,0.0,0.0,0.0,0.0,1.0,0.0,0.0,0.01,0.0,0.0,0.0,0.0,0.0,1.89,1.0,0.97,0.0,0.01,0.0,0.0,0.02,0.02,0.02,22.0,0.0,3.0,1.0,18.0,6.0,2.0,0.0,14.0,0.0,0.0,2514.0,0.0,0.0,0.0,1.0,10.82,1.14,1.1,1.07,1.03,10.0,4.0,6.0,20.0,0.0,3.0,0.0,9.0,4.0,1.0,0.28,0.55,0.31,0.0,0.0,0.0,18.66,14.0,13.13,0.17,0.51,0.51,0.8,0.75,0.74,8.07,1.06,0.9,1.16,0.98,5.0,5.0,4.0,14.0,1.0,2.0,0.0,7.0,0.0,3.0,0.15,0.0,0.91,0.0,0.0,1.0,15.48,10.0,11.06,0.11,0.67,0.67,0.5,0.55,0.48,1.36,3.38,40.0,47.0,0.0,0.0,0.0,0.0,0.0,0.0
8482073,2025,Braden Schneider,NYR,D,5on5,1,980.0,19.0,0.23,0.51,0.39,0.58,0.44,0.57,0.43,6.0,0.68,0.01,0.04,0.18,0.02,0.44,0.31,0.01,0.01,0.01,0.0,0.0,1.0,0.0,1.0,2.0,0.0,0.0,0.0,0.0,0.0,0.0,0.0,1.0,1.0,1.0,0.0,0.0,0.0,0.0,0.0,0.0,1.0,0.0,0.0,0.01,0.0,0.0,0.0,0.0,0.0,1.89,1.0,0.97,0.0,0.01,0.0,0.0,0.02,0.02,0.02,19.0,0.0,3.0,1.0,15.0,5.0,2.0,0.0,12.0,0.0,0.0,2237.0,0.0,0.0,0.0,1.0,10.06,1.09,1.04,1.02,0.98,9.0,4.0,6.0,19.0,0.0,3.0,0.0,8.0,4.0,1.0,0.23,0.55,0.31,0.0,0.0,0.0,17.66,13.0,12.13,0.16,0.51,0.51,0.74,0.69,0.67,8.07,1.06,0.9,1.16,0.98,5.0,5.0,4.0,14.0,1.0,2.0,0.0,7.0,0.0,3.0,0.15,0.0,0.91,0.0,0.0,1.0,15.48,10.0,11.06,0.11,0.67,0.67,0.5,0.55,0.48,1.23,1.96,35.0,44.0,0.0,0.0,1.0,0.0,0.0,0.0
8482073,2025,Braden Schneider,NYR,D,4on5,1,41.0,2.0,0.23,0.0,0.0,0.0,0.0,0.0,0.0,4.0,0.0,0.0,0.0,0.0,0.0,0.0,0.0,0.0,0.0,0.0,0.0,0.0,0.0,0.0,0.0,0.0,0.0,0.0,0.0,0.0,0.0,0.0,0.0,0.0,0.0,0.0,0.0,0.0,0.0,0.0,0.0,0.0,0.0,0.0,0.0,0.0,0.0,0.0,0.0,0.0,0.0,0.0,0.0,0.0,0.0,0.0,0.0,0.0,0.0,0.0,0.0,2.0,0.0,0.0,0.0,2.0,0.0,0.0,0.0,2.0,0.0,0.0,79.0,0.0,0.0,0.0,0.0,0.0,0.0,0.0,0.0,0.0,0.0,0.0,0.0,0.0,0.0,0.0,0.0,0.0,0.0,0.0,0.0,0.0,0.0,0.0,0.0,0.0,0.0,0.0,0.0,0.0,0.0,0.0,0.0,0.0,0.0,0.0,0.0,0.0,0.0,0.0,0.0,0.0,0.0,0.0,0.0,0.0,0.0,0.0,0.0,0.0,0.0,0.0,0.0,0.0,0.0,0.0,0.0,0.0,0.0,0.0,0.0,0.0,0.0,0.0,0.0,0.0,0.0,0.0,1.0,0.0,0.0,0.0,0.0,0.0,0.0
8482073,2025,Braden Schneider,NYR,D,5on4,1,65.0,1.0,0.23,1.0,1.0,1.0,1.0,1.0,1.0,2.0,0.0,0.0,0.0,0.0,0.0,0.0,0.0,0.0,0.0,0.0,0.0,0.0,0.0,0.0,0.0,0.0,0.0,0.0,0.0,0.0,0.0,0.0,0.0,0.0,0.0,0.0,0.0,0.0,0.0,0.0,0.0,0.0,0.0,0.0,0.0,0.0,0.0,0.0,0.0,0.0,0.0,0.0,0.0,0.0,0.0,0.0,0.0,0.0,0.0,0.0,0.0,1.0,0.0,0.0,0.0,1.0,1.0,0.0,0.0,0.0,0.0,0.0,175.0,0.0,0.0,0.0,0.0,0.76,0.06,0.06,0.06,0.06,1.0,0.0,0.0,1.0,0.0,0.0,0.0,1.0,0.0,0.0,0.06,0.0,0.0,0.0,0.0,0.0,1.0,1.0,1.0,0.01,0.0,0.0,0.07,0.07,0.07,0.0,0.0,0.0,0.0,0.0,0.0,0.0,0.0,0.0,0.0,0.0,0.0,0.0,0.0,0.0,0.0,0.0,0.0,0.0,0.0,0.0,0.0,0.0,0.0,0.0,0.0,0.0,0.0,0.0,0.0,0.13,0.0,4.0,0.0,0.0,0.0,0.0,0.0,0.0,0.0
8479981,2025,Jonah Gadjovich,FLA,L,other,1,0.0,0.0,0.0,0.0,0.0,0.0,0.0,0.0,0.0,0.0,0.0,0.0,0.0,0.0,0.0,0.0,0.0,0.0,0.0,0.0,0.0,0.0,0.0,0.0,0.0,0.0,0.0,0.0,0.0,0.0,0.0,0.0,0.0,0.0,0.0,0.0,0.0,0.0,0.0,0.0,0.0,0.0,0.0,0.0,0.0,0.0,0.0,0.0,0.0,0.0,0.0,0.0,0.0,0.0,0.0,0.0,0.0,0.0,0.0,0.0,0.0,0.0,0.0,0.0,0.0,0.0,0.0,0.0,0.0,0.0,0.0,0.0,0.0,0.0,0.0,0.0,0.0,0.0,0.0,0.0,0.0,0.0,0.0,0.0,0.0,0.0,0.0,0.0,0.0,0.0,0.0,0.0,0.0,0.0,0.0,0.0,0.0,0.0,0.0,0.0,0.0,0.0,0.0,0.0,0.0,0.0,0.0,0.0,0.0,0.0,0.0,0.0,0.0,0.0,0.0,0.0,0.0,0.0,0.0,0.0,0.0,0.0,0.0,0.0,0.0,0.0,0.0,0.0,0.0,0.0,0.0,0.0,0.0,0.0,0.0,0.0,0.0,0.0,0.0,0.0,0.0,0.0,0.0,0.0,0.0,0.0,0.0
8479981,2025,Jonah Gadjovich,FLA,L,all,1,438.0,12.0,0.88,0.86,0.7,0.43,0.6,0.5,0.62,12.0,0.78,0.1,0.04,0.28,0.04,0.34,0.2,0.1,0.09,0.09,1.0,0.0,1.0,0.0,0.0,1.0,1.0,0.0,0.0,0.0,1.0,0.0,0.0,0.0,1.0,1.0,0.0,0.0,0.0,4.0,1.0,0.0,0.0,1.0,0.0,0.0,0.1,0.0,0.0,0.0,0.0,0.97,1.0,0.97,0.0,0.01,0.0,0.0,0.11,0.1,0.1,12.0,1.0,2.0,1.0,8.0,2.0,1.0,4.0,5.0,0.0,0.0,3162.0,0.0,0.0,0.0,1.0,3.42,0.6,0.6,0.58,0.58,4.0,0.0,2.0,6.0,1.0,0.0,0.0,1.0,2.0,1.0,0.07,0.29,0.24,0.0,0.0,1.0,5.82,4.0,3.95,0.07,0.0,0.0,0.67,0.65,0.65,2.94,0.1,0.1,0.1,0.1,3.0,1.0,4.0,8.0,0.0,0.0,0.0,4.0,0.0,0.0,0.1,0.0,0.0,0.0,0.0,0.0,8.2,4.0,4.06,0.03,0.0,0.0,0.13,0.13,0.13,3.54,1.49,63.0,42.0,0.0,0.0,0.0,0.0,0.0,0.0
8479981,2025,Jonah Gadjovich,FLA,L,5on5,1,438.0,12.0,0.88,0.86,0.65,0.43,0.62,0.5,0.62,10.0,0.78,0.1,0.04,0.28,0.04,0.34,0.2,0.1,0.09,0.09,1.0,0.0,1.0,0.0,0.0,1.0,1.0,0.0,0.0,0.0,1.0,0.0,0.0,0.0,1.0,1.0,0.0,0.0,0.0,4.0,1.0,0.0,0.0,1.0,0.0,0.0,0.1,0.0,0.0,0.0,0.0,0.97,1.0,0.97,0.0,0.01,0.0,0.0,0.11,0.1,0.1,12.0,1.0,2.0,1.0,8.0,2.0,1.0,4.0,5.0,0.0,0.0,2524.0,0.0,0.0,0.0,1.0,3.42,0.6,0.6,0.58,0.58,4.0,0.0,2.0,6.0,1.0,0.0,0.0,1.0,2.0,1.0,0.07,0.29,0.24,0.0,0.0,1.0,5.82,4.0,3.95,0.07,0.0,0.0,0.67,0.65,0.65,2.94,0.1,0.1,0.1,0.1,3.0,1.0,4.0,8.0,0.0,0.0,0.0,4.0,0.0,0.0,0.1,0.0,0.0,0.0,0.0,0.0,8.2,4.0,4.06,0.03,0.0,0.0,0.13,0.13,0.13,2.57,1.38,53.0,32.0,0.0,0.0,0.0,0.0,0.0,0.0
8479981,2025,Jonah Gadjovich,FLA,L,4on5,1,0.0,0.0,0.0,0.0,0.0,0.0,0.0,0.0,0.0,0.0,0.0,0.0,0.0,0.0,0.0,0.0,0.0,0.0,0.0,0.0,0.0,0.0,0.0,0.0,0.0,0.0,0.0,0.0,0.0,0.0,0.0,0.0,0.0,0.0,0.0,0.0,0.0,0.0,0.0,0.0,0.0,0.0,0.0,0.0,0.0,0.0,0.0,0.0,0.0,0.0,0.0,0.0,0.0,0.0,0.0,0.0,0.0,0.0,0.0,0.0,0.0,0.0,0.0,0.0,0.0,0.0,0.0,0.0,0.0,0.0,0.0,0.0,0.0,0.0,0.0,0.0,0.0,0.0,0.0,0.0,0.0,0.0,0.0,0.0,0.0,0.0,0.0,0.0,0.0,0.0,0.0,0.0,0.0,0.0,0.0,0.0,0.0,0.0,0.0,0.0,0.0,0.0,0.0,0.0,0.0,0.0,0.0,0.0,0.0,0.0,0.0,0.0,0.0,0.0,0.0,0.0,0.0,0.0,0.0,0.0,0.0,0.0,0.0,0.0,0.0,0.0,0.0,0.0,0.0,0.0,0.0,0.0,0.0,0.0,0.0,0.0,0.0,0.0,0.0,0.0,0.0,0.0,0.0,0.0,0.0,0.0,0.0
8479981,2025,Jonah Gadjovich,FLA,L,5on4,1,0.0,0.0,0.0,0.0,0.0,0.0,0.0,0.0,0.0,0.0,0.0,0.0,0.0,0.0,0.0,0.0,0.0,0.0,0.0,0.0,0.0,0.0,0.0,0.0,0.0,0.0,0.0,0.0,0.0,0.0,0.0,0.0,0.0,0.0,0.0,0.0,0.0,0.0,0.0,0.0,0.0,0.0,0.0,0.0,0.0,0.0,0.0,0.0,0.0,0.0,0.0,0.0,0.0,0.0,0.0,0.0,0.0,0.0,0.0,0.0,0.0,0.0,0.0,0.0,0.0,0.0,0.0,0.0,0.0,0.0,0.0,0.0,0.0,0.0,0.0,0.0,0.0,0.0,0.0,0.0,0.0,0.0,0.0,0.0,0.0,0.0,0.0,0.0,0.0,0.0,0.0,0.0,0.0,0.0,0.0,0.0,0.0,0.0,0.0,0.0,0.0,0.0,0.0,0.0,0.0,0.0,0.0,0.0,0.0,0.0,0.0,0.0,0.0,0.0,0.0,0.0,0.0,0.0,0.0,0.0,0.0,0.0,0.0,0.0,0.0,0.0,0.0,0.0,0.0,0.0,0.0,0.0,0.0,0.0,0.0,0.0,0.0,0.0,0.0,0.0,0.0,0.0,0.0,0.0,0.0,0.0,0.0
8477987,2025,Ryan Donato,CHI,C,other,1,0.0,0.0,0.0,0.0,0.0,0.0,0.0,0.0,0.0,0.0,0.0,0.0,0.0,0.0,0.0,0.0,0.0,0.0,0.0,0.0,0.0,0.0,0.0,0.0,0.0,0.0,0.0,0.0,0.0,0.0,0.0,0.0,0.0,0.0,0.0,0.0,0.0,0.0,0.0,0.0,0.0,0.0,0.0,0.0,0.0,0.0,0.0,0.0,0.0,0.0,0.0,0.0,0.0,0.0,0.0,0.0,0.0,0.0,0.0,0.0,0.0,0.0,0.0,0.0,0.0,0.0,0.0,0.0,0.0,0.0,0.0,0.0,0.0,0.0,0.0,0.0,0.0,0.0,0.0,0.0,0.0,0.0,0.0,0.0,0.0,0.0,0.0,0.0,0.0,0.0,0.0,0.0,0.0,0.0,0.0,0.0,0.0,0.0,0.0,0.0,0.0,0.0,0.0,0.0,0.0,0.0,0.0,0.0,0.0,0.0,0.0,0.0,0.0,0.0,0.0,0.0,0.0,0.0,0.0,0.0,0.0,0.0,0.0,0.0,0.0,0.0,0.0,0.0,0.0,0.0,0.0,0.0,0.0,0.0,0.0,0.0,0.0,0.0,0.0,0.0,0.0,0.0,0.0,0.0,0.0,0.0,0.0
8477987,2025,Ryan Donato,CHI,C,all,1,960.0,23.0,0.01,0.54,0.2,0.53,0.38,0.48,0.35,6.0,2.2,0.07,0.16,0.46,0.07,1.23,1.01,0.07,0.07,0.07,0.0,0.0,1.0,2.0,3.0,6.0,0.0,0.0,0.0,0.0,1.0,1.0,1.0,0.0,1.0,3.0,0.0,0.0,0.0,3.0,0.0,0.0,3.0,0.0,0.0,0.07,0.0,0.0,0.0,0.0,0.0,6.07,3.0,3.06,0.0,0.04,0.0,0.0,0.1,0.1,0.1,23.0,5.0,1.0,6.0,11.0,5.0,5.0,6.0,7.0,0.0,1.0,2640.0,0.0,0.0,0.0,0.0,9.34,0.73,0.73,0.75,0.74,4.0,8.0,6.0,18.0,0.0,1.0,0.0,9.0,2.0,1.0,0.19,0.31,0.23,0.0,0.0,0.0,18.25,12.0,12.14,0.11,0.23,0.23,0.61,0.63,0.63,9.6,0.63,0.63,0.61,0.61,10.0,3.0,3.0,16.0,0.0,0.0,0.0,10.0,3.0,0.0,0.23,0.4,0.0,0.0,0.0,0.0,15.74,13.0,12.83,0.14,0.0,0.0,0.77,0.74,0.74,0.86,3.51,32.0,53.0,0.0,0.0,0.0,0.0,0.0,0.0
8477987,2025,Ryan Donato,CHI,C,5on5,1,839.0,19.0,0.01,0.53,0.23,0.48,0.37,0.46,0.36,5.0,1.36,0.05,0.08,0.31,0.04,0.88,0.63,0.05,0.05,0.05,0.0,0.0,0.0,2.0,2.0,4.0,0.0,0.0,0.0,0.0,0.0,1.0,1.0,0.0,0.0,2.0,0.0,0.0,0.0,3.0,0.0,0.0,2.0,0.0,0.0,0.05,0.0,0.0,0.0,0.0,0.0,4.07,2.0,2.06,0.0,0.01,0.0,0.0,0.07,0.07,0.07,19.0,3.0,1.0,5.0,10.0,3.0,4.0,6.0,6.0,0.0,1.0,2123.0,0.0,0.0,0.0,0.0,8.5,0.71,0.71,0.73,0.73,3.0,8.0,4.0,15.0,0.0,1.0,0.0,8.0,2.0,1.0,0.17,0.31,0.23,0.0,0.0,0.0,15.25,11.0,11.14,0.09,0.23,0.23,0.57,0.59,0.59,9.6,0.63,0.63,0.61,0.61,10.0,3.0,3.0,16.0,0.0,0.0,0.0,10.0,3.0,0.0,0.23,0.4,0.0,0.0,0.0,0.0,15.74,13.0,12.83,0.14,0.0,0.0,0.77,0.74,0.74,0.76,2.54,25.0,43.0,0.0,0.01,0.0,1.0,0.0,1.0
8477987,2025,Ryan Donato,CHI,C,4on5,1,5.0,1.0,0.01,0.0,0.0,0.0,0.0,0.0,0.0,8.0,0.0,0.0,0.0,0.0,0.0,0.0,0.0,0.0,0.0,0.0,0.0,0.0,0.0,0.0,0.0,0.0,0.0,0.0,0.0,0.0,0.0,0.0,0.0,0.0,0.0,0.0,0.0,0.0,0.0,0.0,0.0,0.0,0.0,0.0,0.0,0.0,0.0,0.0,0.0,0.0,0.0,0.0,0.0,0.0,0.0,0.0,0.0,0.0,0.0,0.0,0.0,1.0,1.0,0.0,0.0,0.0,0.0,1.0,0.0,0.0,0.0,0.0,217.0,0.0,0.0,0.0,0.0,0.0,0.0,0.0,0.0,0.0,0.0,0.0,0.0,0.0,0.0,0.0,0.0,0.0,0.0,0.0,0.0,0.0,0.0,0.0,0.0,0.0,0.0,0.0,0.0,0.0,0.0,0.0,0.0,0.0,0.0,0.0,0.0,0.0,0.0,0.0,0.0,0.0,0.0,0.0,0.0,0.0,0.0,0.0,0.0,0.0,0.0,0.0,0.0,0.0,0.0,0.0,0.0,0.0,0.0,0.0,0.0,0.0,0.0,0.0,0.0,0.0,0.73,0.0,8.0,0.0,0.0,0.0,0.0,0.0,0.0
8477987,2025,Ryan Donato,CHI,C,5on4,1,116.0,3.0,0.01,1.0,0.05,1.0,0.67,1.0,0.5,5.0,0.84,0.02,0.08,0.15,0.02,0.35,0.38,0.02,0.02,0.02,0.0,0.0,1.0,0.0,1.0,2.0,0.0,0.0,0.0,0.0,1.0,0.0,0.0,0.0,1.0,1.0,0.0,0.0,0.0,0.0,0.0,0.0,1.0,0.0,0.0,0.02,0.0,0.0,0.0,0.0,0.0,2.0,1.0,1.0,0.0,0.02,0.0,0.0,0.04,0.04,0.04,3.0,1.0,0.0,1.0,1.0,2.0,0.0,0.0,1.0,0.0,0.0,244.0,0.0,0.0,0.0,0.0,0.84,0.02,0.02,0.02,0.02,1.0,0.0,2.0,3.0,0.0,0.0,0.0,1.0,0.0,0.0,0.02,0.0,0.0,0.0,0.0,0.0,3.0,1.0,1.0,0.02,0.0,0.0,0.04,0.04,0.04,0.0,0.0,0.0,0.0,0.0,0.0,0.0,0.0,0.0,0.0,0.0,0.0,0.0,0.0,0.0,0.0,0.0,0.0,0.0,0.0,0.0,0.0,0.0,0.0,0.0,0.0,0.0,0.0,0.0,0.0,0.01,0.23,4.0,2.0,0.0,0.0,0.0,0.0,0.0,0.0
8478109,2025,Victor Olofsson,COL,L,other,1,17.0,0.0,0.13,0.0,0.0,0.0,0.0,0.0,0.0,5.0,0.0,0.0,0.0,0.0,0.0,0.0,0.0,0.0,0.0,0.0,0.0,0.0,0.0,0.0,0.0,0.0,0.0,0.0,0.0,0.0,0.0,0.0,0.0,0.0,0.0,0.0,0.0,0.0,0.0,0.0,0.0,0.0,0.0,0.0,0.0,0.0,0.0,0.0,0.0,0.0,0.0,0.0,0.0,0.0,0.0,0.0,0.0,0.0,0.0,0.0,0.0,0.0,0.0,0.0,0.0,0.0,0.0,0.0,0.0,0.0,0.0,0.0,174.0,0.0,0.0,0.0,0.0,0.0,0.0,0.0,0.0,0.0,0.0,0.0,0.0,0.0,0.0,0.0,0.0,0.0,0.0,0.0,0.0,0.0,0.0,0.0,0.0,0.0,0.0,0.0,0.0,0.0,0.0,0.0,0.0,0.0,0.0,0.0,0.0,0.0,0.0,0.0,0.0,0.0,0.0,0.0,0.0,0.0,0.0,0.0,0.0,0.0,0.0,0.0,0.0,0.0,0.0,0.0,0.0,0.0,0.0,0.0,0.0,0.0,0.0,0.0,0.0,0.0,0.55,0.0,10.0,0.0,0.0,0.0,0.0,0.0,0.0
8478109,2025,Victor Olofsson,COL,L,all,1,683.0,17.0,0.13,0.68,0.43,0.63,0.39,0.64,0.41,7.0,0.73,0.04,0.03,0.17,0.02,0.39,0.34,0.04,0.05,0.05,0.0,0.0,1.0,0.0,1.0,2.0,0.0,0.0,0.0,0.0,0.0,0.0,1.0,0.0,1.0,1.0,0.0,0.0,0.0,1.0,0.0,0.0,1.0,0.0,0.0,0.04,0.0,0.0,0.0,0.0,0.0,2.21,1.0,1.16,0.0,0.01,0.0,0.0,0.05,0.06,0.06,17.0,5.0,0.0,3.0,9.0,2.0,2.0,2.0,11.0,0.0,0.0,2917.0,0.0,0.0,0.0,0.0,5.05,0.17,0.16,0.18,0.18,5.0,2.0,5.0,12.0,0.0,0.0,0.0,7.0,0.0,0.0,0.17,0.0,0.0,0.0,0.0,0.0,13.11,7.0,7.66,0.07,0.0,0.0,0.24,0.26,0.26,2.66,0.08,0.08,0.07,0.07,2.0,2.0,3.0,7.0,0.0,0.0,0.0,4.0,0.0,0.0,0.08,0.0,0.0,0.0,0.0,0.0,6.56,4.0,3.68,0.03,0.0,0.0,0.11,0.1,0.1,1.93,2.52,37.0,59.0,0.0,0.0,0.0,0.0,0.0,0.0
8478109,2025,Victor Olofsson,COL,L,5on5,1,533.0,13.0,0.13,0.66,0.48,0.53,0.43,0.56,0.46,9.0,0.73,0.04,0.03,0.17,0.02,0.39,0.34,0.04,0.05,0.05,0.0,0.0,1.0,0.0,0.0,1.0,0.0,0.0,0.0,0.0,0.0,0.0,1.0,0.0,1.0,1.0,0.0,0.0,0.0,1.0,0.0,0.0,1.0,0.0,0.0,0.04,0.0,0.0,0.0,0.0,0.0,1.21,1.0,1.16,0.0,0.01,0.0,0.0,0.05,0.06,0.06,13.0,4.0,0.0,2.0,7.0,1.0,2.0,1.0,9.0,0.0,0.0,1935.0,0.0,0.0,0.0,0.0,3.62,0.15,0.15,0.17,0.17,4.0,1.0,3.0,8.0,0.0,0.0,0.0,5.0,0.0,0.0,0.15,0.0,0.0,0.0,0.0,0.0,9.11,5.0,5.66,0.04,0.0,0.0,0.19,0.21,0.2,2.66,0.08,0.08,0.07,0.07,2.0,2.0,3.0,7.0,0.0,0.0,0.0,4.0,0.0,0.0,0.08,0.0,0.0,0.0,0.0,0.0,6.56,4.0,3.68,0.03,0.0,0.0,0.11,0.1,0.1,1.4,1.5,31.0,41.0,0.0,0.0,0.0,0.0,0.0,0.0
8478109,2025,Victor Olofsson,COL,L,4on5,1,0.0,0.0,0.0,0.0,0.0,0.0,0.0,0.0,0.0,0.0,0.0,0.0,0.0,0.0,0.0,0.0,0.0,0.0,0.0,0.0,0.0,0.0,0.0,0.0,0.0,0.0,0.0,0.0,0.0,0.0,0.0,0.0,0.0,0.0,0.0,0.0,0.0,0.0,0.0,0.0,0.0,0.0,0.0,0.0,0.0,0.0,0.0,0.0,0.0,0.0,0.0,0.0,0.0,0.0,0.0,0.0,0.0,0.0,0.0,0.0,0.0,0.0,0.0,0.0,0.0,0.0,0.0,0.0,0.0,0.0,0.0,0.0,0.0,0.0,0.0,0.0,0.0,0.0,0.0,0.0,0.0,0.0,0.0,0.0,0.0,0.0,0.0,0.0,0.0,0.0,0.0,0.0,0.0,0.0,0.0,0.0,0.0,0.0,0.0,0.0,0.0,0.0,0.0,0.0,0.0,0.0,0.0,0.0,0.0,0.0,0.0,0.0,0.0,0.0,0.0,0.0,0.0,0.0,0.0,0.0,0.0,0.0,0.0,0.0,0.0,0.0,0.0,0.0,0.0,0.0,0.0,0.0,0.0,0.0,0.0,0.0,0.0,0.0,0.0,0.0,0.0,0.0,0.0,0.0,0.0,0.0,0.0
8478109,2025,Victor Olofsson,COL,L,5on4,1,133.0,4.0,0.13,1.0,1.0,1.0,1.0,1.0,1.0,5.0,0.0,0.0,0.0,0.0,0.0,0.0,0.0,0.0,0.0,0.0,0.0,0.0,0.0,0.0,1.0,1.0,0.0,0.0,0.0,0.0,0.0,0.0,0.0,0.0,0.0,0.0,0.0,0.0,0.0,0.0,0.0,0.0,0.0,0.0,0.0,0.0,0.0,0.0,0.0,0.0,0.0,1.0,0.0,0.0,0.0,0.0,0.0,0.0,0.0,0.0,0.0,4.0,1.0,0.0,1.0,2.0,1.0,0.0,1.0,2.0,0.0,0.0,472.0,0.0,0.0,0.0,0.0,1.43,0.02,0.02,0.02,0.02,1.0,1.0,2.0,4.0,0.0,0.0,0.0,2.0,0.0,0.0,0.02,0.0,0.0,0.0,0.0,0.0,4.0,2.0,2.0,0.04,0.0,0.0,0.05,0.05,0.05,0.0,0.0,0.0,0.0,0.0,0.0,0.0,0.0,0.0,0.0,0.0,0.0,0.0,0.0,0.0,0.0,0.0,0.0,0.0,0.0,0.0,0.0,0.0,0.0,0.0,0.0,0.0,0.0,0.0,0.0,0.53,0.0,6.0,0.0,0.0,0.0,0.0,0.0,0.0,0.0
8478854,2025,Ryan Shea,PIT,D,other,1,23.0,0.0,0.8,1.0,0.0,0.67,0.0,1.0,0.0,2.0,0.0,0.0,0.0,0.0,0.0,0.0,0.0,0.0,0.0,0.0,1.0,0.0,0.0,0.0,0.0,0.0,1.0,0.0,0.0,0.0,0.0,0.0,0.0,0.0,0.0,0.0,0.0,0.0,0.0,0.0,0.0,0.0,0.0,0.0,0.0,0.0,0.0,0.0,0.0,0.0,0.0,0.0,0.0,0.0,0.0,0.0,0.0,0.0,0.0,0.0,0.0,0.0,0.0,0.0,0.0,0.0,0.0,0.0,0.0,0.0,0.0,0.0,0.0,0.0,0.0,0.0,0.0,1.43,1.41,1.41,1.41,1.41,2.0,0.0,0.0,2.0,2.0,0.0,0.0,0.0,0.0,2.0,0.0,0.0,1.41,0.0,0.0,2.0,2.0,2.0,2.0,0.01,0.0,0.0,1.42,1.42,1.42,0.0,0.0,0.0,0.0,0.0,0.0,0.0,1.0,1.0,0.0,0.0,0.0,0.0,0.0,0.0,0.0,0.0,0.0,0.0,0.0,0.0,1.0,0.0,0.0,0.0,0.0,0.0,0.0,0.0,0.0,0.0,0.0,0.0,0.0,0.0,0.0,0.0,0.0,0.0,0.0
8478854,2025,Ryan Shea,PIT,D,all,1,1351.0,28.0,0.8,0.7,0.56,0.47,0.53,0.49,0.55,3.0,0.7,0.01,0.02,0.21,0.02,0.42,0.31,0.01,0.01,0.01,1.0,0.0,0.0,1.0,1.0,2.0,1.0,0.0,0.0,0.0,0.0,0.0,1.0,0.0,0.0,1.0,0.0,0.0,0.0,0.0,0.0,3.0,1.0,0.0,0.0,0.01,0.0,0.0,0.0,0.0,0.0,2.21,1.0,1.1,2.0,0.01,0.0,0.0,0.01,0.01,0.01,28.0,1.0,2.0,5.0,20.0,3.0,2.0,3.0,20.0,0.0,0.0,2249.0,0.0,0.0,0.0,3.0,14.18,2.78,2.6,2.9,2.71,14.0,4.0,7.0,25.0,2.0,3.0,0.0,11.0,3.0,4.0,0.38,0.32,2.08,0.0,0.0,2.0,26.94,18.0,19.4,0.19,0.78,0.78,2.19,2.26,2.17,14.27,1.19,1.17,1.12,1.1,14.0,5.0,9.0,28.0,0.0,2.0,0.0,16.0,1.0,2.0,0.4,0.17,0.62,0.0,0.0,0.0,26.29,19.0,17.85,0.18,0.62,0.62,0.75,0.7,0.69,1.66,1.31,36.0,32.0,0.0,0.0,0.0,0.0,0.0,0.0
8478854,2025,Ryan Shea,PIT,D,5on5,1,1143.0,23.0,0.8,0.56,0.57,0.49,0.54,0.48,0.56,3.0,0.7,0.01,0.02,0.21,0.02,0.42,0.31,0.01,0.01,0.01,0.0,0.0,0.0,1.0,1.0,2.0,0.0,0.0,0.0,0.0,0.0,0.0,1.0,0.0,0.0,1.0,0.0,0.0,0.0,0.0,0.0,3.0,1.0,0.0,0.0,0.01,0.0,0.0,0.0,0.0,0.0,2.21,1.0,1.1,2.0,0.01,0.0,0.0,0.01,0.01,0.01,23.0,1.0,1.0,4.0,17.0,3.0,1.0,3.0,16.0,0.0,0.0,2074.0,0.0,0.0,0.0,3.0,12.75,1.37,1.19,1.49,1.29,12.0,4.0,7.0,23.0,0.0,3.0,0.0,11.0,3.0,2.0,0.38,0.32,0.67,0.0,0.0,0.0,24.94,16.0,17.4,0.19,0.78,0.78,0.77,0.84,0.75,12.86,1.06,1.04,0.99,0.97,12.0,5.0,7.0,24.0,0.0,2.0,0.0,14.0,1.0,2.0,0.27,0.17,0.62,0.0,0.0,0.0,22.29,17.0,15.85,0.15,0.62,0.62,0.59,0.55,0.54,1.66,1.26,35.0,30.0,0.01,0.02,4.0,1.0,1.0,1.0
8478854,2025,Ryan Shea,PIT,D,4on5,1,165.0,4.0,0.8,0.0,0.0,0.0,0.0,0.0,0.0,2.0,0.0,0.0,0.0,0.0,0.0,0.0,0.0,0.0,0.0,0.0,0.0,0.0,0.0,0.0,0.0,0.0,0.0,0.0,0.0,0.0,0.0,0.0,0.0,0.0,0.0,0.0,0.0,0.0,0.0,0.0,0.0,0.0,0.0,0.0,0.0,0.0,0.0,0.0,0.0,0.0,0.0,0.0,0.0,0.0,0.0,0.0,0.0,0.0,0.0,0.0,0.0,4.0,0.0,1.0,1.0,2.0,0.0,1.0,0.0,3.0,0.0,0.0,75.0,0.0,0.0,0.0,0.0,0.0,0.0,0.0,0.0,0.0,0.0,0.0,0.0,0.0,0.0,0.0,0.0,0.0,0.0,0.0,0.0,0.0,0.0,0.0,0.0,0.0,0.0,0.0,0.0,0.0,0.0,0.0,0.0,0.0,0.0,1.41,0.13,0.13,0.13,0.13,2.0,0.0,1.0,3.0,0.0,0.0,0.0,2.0,0.0,0.0,0.13,0.0,0.0,0.0,0.0,0.0,3.0,2.0,2.0,0.02,0.0,0.0,0.15,0.15,0.15,0.0,0.06,0.0,2.0,0.0,0.0,0.0,0.0,0.0,0.0
8478854,2025,Ryan Shea,PIT,D,5on4,1,20.0,1.0,0.8,0.0,0.0,0.0,1.0,0.0,0.0,4.0,0.0,0.0,0.0,0.0,0.0,0.0,0.0,0.0,0.0,0.0,0.0,0.0,0.0,0.0,0.0,0.0,0.0,0.0,0.0,0.0,0.0,0.0,0.0,0.0,0.0,0.0,0.0,0.0,0.0,0.0,0.0,0.0,0.0,0.0,0.0,0.0,0.0,0.0,0.0,0.0,0.0,0.0,0.0,0.0,0.0,0.0,0.0,0.0,0.0,0.0,0.0,1.0,0.0,0.0,0.0,1.0,0.0,0.0,0.0,1.0,0.0,0.0,100.0,0.0,0.0,0.0,0.0,0.0,0.0,0.0,0.0,0.0,0.0,0.0,0.0,0.0,0.0,0.0,0.0,0.0,0.0,0.0,0.0,0.0,0.0,0.0,0.0,0.0,0.0,0.0,0.0,0.0,0.0,0.0,0.0,0.0,0.0,0.0,0.0,0.0,0.0,0.0,0.0,0.0,0.0,0.0,0.0,0.0,0.0,0.0,0.0,0.0,0.0,0.0,0.0,0.0,0.0,0.0,0.0,0.0,0.0,0.0,0.0,0.0,0.0,0.0,0.0,0.0,0.0,1.0,0.0,0.0,0.0,0.0,0.0,0.0,0.0
8476473,2025,Connor Murphy,CHI,D,other,1,0.0,0.0,0.0,0.0,0.0,0.0,0.0,0.0,0.0,0.0,0.0,0.0,0.0,0.0,0.0,0.0,0.0,0.0,0.0,0.0,0.0,0.0,0.0,0.0,0.0,0.0,0.0,0.0,0.0,0.0,0.0,0.0,0.0,0.0,0.0,0.0,0.0,0.0,0.0,0.0,0.0,0.0,0.0,0.0,0.0,0.0,0.0,0.0,0.0,0.0,0.0,0.0,0.0,0.0,0.0,0.0,0.0,0.0,0.0,0.0,0.0,0.0,0.0,0.0,0.0,0.0,0.0,0.0,0.0,0.0,0.0,0.0,0.0,0.0,0.0,0.0,0.0,0.0,0.0,0.0,0.0,0.0,0.0,0.0,0.0,0.0,0.0,0.0,0.0,0.0,0.0,0.0,0.0,0.0,0.0,0.0,0.0,0.0,0.0,0.0,0.0,0.0,0.0,0.0,0.0,0.0,0.0,0.0,0.0,0.0,0.0,0.0,0.0,0.0,0.0,0.0,0.0,0.0,0.0,0.0,0.0,0.0,0.0,0.0,0.0,0.0,0.0,0.0,0.0,0.0,0.0,0.0,0.0,0.0,0.0,0.0,0.0,0.0,0.0,0.0,0.0,0.0,0.0,0.0,0.0,0.0,0.0
8476473,2025,Connor Murphy,CHI,D,all,1,1113.0,25.0,-0.4,0.21,0.31,0.28,0.49,0.29,0.44,2.0,2.11,0.06,0.11,0.74,0.07,1.19,0.84,0.06,0.06,0.06,0.0,0.0,2.0,1.0,1.0,4.0,0.0,0.0,0.0,0.0,1.0,0.0,1.0,1.0,2.0,3.0,0.0,0.0,0.0,0.0,0.0,3.0,3.0,0.0,0.0,0.06,0.0,0.0,0.0,0.0,0.0,4.07,3.0,3.02,1.0,0.02,0.0,0.0,0.08,0.09,0.09,25.0,2.0,8.0,4.0,11.0,3.0,3.0,4.0,15.0,0.0,0.0,2487.0,0.0,2.0,1.0,3.0,5.89,0.37,0.37,0.39,0.39,5.0,3.0,3.0,11.0,0.0,0.0,0.0,6.0,2.0,0.0,0.14,0.23,0.0,0.0,0.0,0.0,11.24,8.0,8.18,0.06,0.0,0.0,0.43,0.45,0.45,14.91,1.4,1.35,1.36,1.32,14.0,6.0,8.0,28.0,1.0,1.0,0.0,13.0,6.0,1.0,0.41,0.76,0.23,0.0,1.0,0.0,27.53,20.0,19.76,0.22,0.23,0.23,1.39,1.36,1.34,1.22,2.74,39.0,41.0,0.0,0.0,0.0,0.0,0.0,0.0
8476473,2025,Connor Murphy,CHI,D,5on5,1,989.0,21.0,-0.4,0.22,0.37,0.31,0.46,0.31,0.44,3.0,2.11,0.06,0.11,0.74,0.07,1.19,0.84,0.06,0.06,0.06,0.0,0.0,2.0,1.0,1.0,4.0,0.0,0.0,0.0,0.0,1.0,0.0,1.0,1.0,2.0,3.0,0.0,0.0,0.0,0.0,0.0,3.0,3.0,0.0,0.0,0.06,0.0,0.0,0.0,0.0,0.0,4.07,3.0,3.02,1.0,0.02,0.0,0.0,0.08,0.09,0.09,21.0,2.0,5.0,4.0,10.0,3.0,3.0,4.0,11.0,0.0,0.0,1973.0,0.0,2.0,1.0,2.0,5.89,0.37,0.37,0.39,0.39,5.0,3.0,3.0,11.0,0.0,0.0,0.0,6.0,2.0,0.0,0.14,0.23,0.0,0.0,0.0,0.0,11.24,8.0,8.18,0.06,0.0,0.0,0.43,0.45,0.45,13.49,1.31,1.27,1.28,1.24,12.0,6.0,7.0,25.0,1.0,1.0,0.0,11.0,6.0,1.0,0.32,0.76,0.23,0.0,1.0,0.0,24.53,18.0,17.76,0.2,0.23,0.23,1.28,1.25,1.23,1.11,1.86,29.0,34.0,0.07,0.0,2.0,0.0,1.0,0.0
8476473,2025,Connor Murphy,CHI,D,4on5,1,124.0,4.0,-0.4,0.0,0.0,0.0,0.0,0.0,0.0,1.0,0.0,0.0,0.0,0.0,0.0,0.0,0.0,0.0,0.0,0.0,0.0,0.0,0.0,0.0,0.0,0.0,0.0,0.0,0.0,0.0,0.0,0.0,0.0,0.0,0.0,0.0,0.0,0.0,0.0,0.0,0.0,0.0,0.0,0.0,0.0,0.0,0.0,0.0,0.0,0.0,0.0,0.0,0.0,0.0,0.0,0.0,0.0,0.0,0.0,0.0,0.0,4.0,0.0,3.0,0.0,1.0,0.0,0.0,0.0,4.0,0.0,0.0,98.0,0.0,0.0,0.0,0.0,0.0,0.0,0.0,0.0,0.0,0.0,0.0,0.0,0.0,0.0,0.0,0.0,0.0,0.0,0.0,0.0,0.0,0.0,0.0,0.0,0.0,0.0,0.0,0.0,0.0,0.0,0.0,0.0,0.0,0.0,1.42,0.09,0.08,0.09,0.08,2.0,0.0,1.0,3.0,0.0,0.0,0.0,2.0,0.0,0.0,0.09,0.0,0.0,0.0,0.0,0.0,3.0,2.0,2.0,0.02,0.0,0.0,0.11,0.11,0.1,0.0,0.64,0.0,5.0,0.0,0.0,0.0,0.0,0.0,0.0
8476473,2025,Connor Murphy,CHI,D,5on4,1,0.0,0.0,0.0,0.0,0.0,0.0,0.0,0.0,0.0,0.0,0.0,0.0,0.0,0.0,0.0,0.0,0.0,0.0,0.0,0.0,0.0,0.0,0.0,0.0,0.0,0.0,0.0,0.0,0.0,0.0,0.0,0.0,0.0,0.0,0.0,0.0,0.0,0.0,0.0,0.0,0.0,0.0,0.0,0.0,0.0,0.0,0.0,0.0,0.0,0.0,0.0,0.0,0.0,0.0,0.0,0.0,0.0,0.0,0.0,0.0,0.0,0.0,0.0,0.0,0.0,0.0,0.0,0.0,0.0,0.0,0.0,0.0,0.0,0.0,0.0,0.0,0.0,0.0,0.0,0.0,0.0,0.0,0.0,0.0,0.0,0.0,0.0,0.0,0.0,0.0,0.0,0.0,0.0,0.0,0.0,0.0,0.0,0.0,0.0,0.0,0.0,0.0,0.0,0.0,0.0,0.0,0.0,0.0,0.0,0.0,0.0,0.0,0.0,0.0,0.0,0.0,0.0,0.0,0.0,0.0,0.0,0.0,0.0,0.0,0.0,0.0,0.0,0.0,0.0,0.0,0.0,0.0,0.0,0.0,0.0,0.0,0.0,0.0,0.0,0.0,0.0,0.0,0.0,0.0,0.0,0.0,0.0
8478038,2025,Devon Toews,COL,D,other,1,47.0,1.0,0.2,0.0,0.0,0.0,0.0,0.0,0.0,4.0,0.0,0.0,0.0,0.0,0.0,0.0,0.0,0.0,0.0,0.0,0.0,0.0,0.0,0.0,0.0,0.0,0.0,0.0,0.0,0.0,0.0,0.0,0.0,0.0,0.0,0.0,0.0,0.0,0.0,0.0,0.0,0.0,0.0,0.0,0.0,0.0,0.0,0.0,0.0,0.0,0.0,0.0,0.0,0.0,0.0,0.0,0.0,0.0,0.0,0.0,0.0,1.0,0.0,1.0,0.0,0.0,0.0,0.0,1.0,0.0,0.0,0.0,144.0,0.0,0.0,0.0,0.0,0.0,0.0,0.0,0.0,0.0,0.0,0.0,0.0,0.0,0.0,0.0,0.0,0.0,0.0,0.0,0.0,0.0,0.0,0.0,0.0,0.0,0.0,0.0,0.0,0.0,0.0,0.0,0.0,0.0,0.0,1.46,0.25,0.24,0.25,0.24,2.0,0.0,0.0,2.0,1.0,0.0,0.0,1.0,1.0,0.0,0.07,0.18,0.0,1.0,0.0,0.0,2.0,2.0,2.0,0.05,0.0,0.0,0.3,0.3,0.28,0.0,0.3,0.0,8.0,0.0,0.0,0.0,0.0,0.0,0.0
8478038,2025,Devon Toews,COL,D,all,1,1259.0,23.0,0.2,0.55,0.38,0.42,0.43,0.52,0.4,2.0,0.67,0.01,0.02,0.2,0.02,0.45,0.31,0.01,0.01,0.01,0.0,0.0,0.0,1.0,1.0,2.0,0.0,0.0,0.0,0.0,0.0,0.0,0.0,1.0,0.0,1.0,0.0,0.0,0.0,0.0,0.0,1.0,1.0,0.0,0.0,0.01,0.0,0.0,0.0,0.0,0.0,2.32,1.0,1.16,1.0,0.01,0.0,0.0,0.01,0.01,0.01,23.0,5.0,4.0,1.0,13.0,1.0,5.0,1.0,16.0,0.0,0.0,2341.0,0.0,0.0,0.0,1.0,10.7,0.99,0.97,1.08,1.05,10.0,4.0,3.0,17.0,2.0,2.0,1.0,9.0,4.0,1.0,0.24,0.52,0.23,0.0,1.0,1.0,18.55,14.0,15.0,0.17,0.26,0.26,0.89,0.96,0.95,9.32,0.8,0.79,0.77,0.75,8.0,5.0,10.0,23.0,1.0,0.0,0.0,10.0,3.0,0.0,0.36,0.44,0.0,1.0,0.0,0.0,21.13,13.0,12.08,0.16,0.0,0.0,0.96,0.92,0.89,1.1,1.8,32.0,43.0,0.0,0.0,0.0,0.0,0.0,0.0
8478038,2025,Devon Toews,COL,D,5on5,1,957.0,18.0,0.2,0.68,0.34,0.45,0.44,0.55,0.42,1.0,0.67,0.01,0.02,0.2,0.02,0.45,0.31,0.01,0.01,0.01,0.0,0.0,0.0,1.0,1.0,2.0,0.0,0.0,0.0,0.0,0.0,0.0,0.0,1.0,0.0,1.0,0.0,0.0,0.0,0.0,0.0,1.0,1.0,0.0,0.0,0.01,0.0,0.0,0.0,0.0,0.0,2.32,1.0,1.16,1.0,0.01,0.0,0.0,0.01,0.01,0.01,18.0,3.0,3.0,1.0,11.0,0.0,4.0,0.0,14.0,0.0,0.0,1511.0,0.0,0.0,0.0,1.0,9.23,0.96,0.94,1.05,1.03,8.0,4.0,3.0,15.0,2.0,2.0,1.0,7.0,4.0,1.0,0.21,0.52,0.23,0.0,1.0,1.0,16.55,12.0,13.0,0.13,0.26,0.26,0.83,0.9,0.89,7.31,0.46,0.46,0.42,0.42,6.0,4.0,8.0,18.0,0.0,0.0,0.0,9.0,1.0,0.0,0.29,0.16,0.0,0.0,0.0,0.0,16.13,10.0,9.08,0.09,0.0,0.0,0.55,0.5,0.5,0.59,1.12,24.0,30.0,0.0,0.0,1.0,0.0,0.0,0.0
8478038,2025,Devon Toews,COL,D,4on5,1,127.0,1.0,0.2,0.0,0.0,0.0,0.0,0.0,0.0,4.0,0.0,0.0,0.0,0.0,0.0,0.0,0.0,0.0,0.0,0.0,0.0,0.0,0.0,0.0,0.0,0.0,0.0,0.0,0.0,0.0,0.0,0.0,0.0,0.0,0.0,0.0,0.0,0.0,0.0,0.0,0.0,0.0,0.0,0.0,0.0,0.0,0.0,0.0,0.0,0.0,0.0,0.0,0.0,0.0,0.0,0.0,0.0,0.0,0.0,0.0,0.0,1.0,0.0,0.0,0.0,1.0,0.0,1.0,0.0,0.0,0.0,0.0,209.0,0.0,0.0,0.0,0.0,0.0,0.0,0.0,0.0,0.0,0.0,0.0,0.0,0.0,0.0,0.0,0.0,0.0,0.0,0.0,0.0,0.0,0.0,0.0,0.0,0.0,0.0,0.0,0.0,0.0,0.0,0.0,0.0,0.0,0.0,0.55,0.1,0.09,0.1,0.09,0.0,1.0,2.0,3.0,0.0,0.0,0.0,0.0,1.0,0.0,0.0,0.1,0.0,0.0,0.0,0.0,3.0,1.0,1.0,0.02,0.0,0.0,0.11,0.11,0.11,0.0,0.38,0.0,5.0,0.0,0.0,0.0,0.0,0.0,0.0
8478038,2025,Devon Toews,COL,D,5on4,1,128.0,3.0,0.2,1.0,1.0,1.0,1.0,1.0,1.0,3.0,0.0,0.0,0.0,0.0,0.0,0.0,0.0,0.0,0.0,0.0,0.0,0.0,0.0,0.0,0.0,0.0,0.0,0.0,0.0,0.0,0.0,0.0,0.0,0.0,0.0,0.0,0.0,0.0,0.0,0.0,0.0,0.0,0.0,0.0,0.0,0.0,0.0,0.0,0.0,0.0,0.0,0.0,0.0,0.0,0.0,0.0,0.0,0.0,0.0,0.0,0.0,3.0,2.0,0.0,0.0,1.0,1.0,0.0,0.0,2.0,0.0,0.0,477.0,0.0,0.0,0.0,0.0,1.46,0.03,0.03,0.03,0.03,2.0,0.0,0.0,2.0,0.0,0.0,0.0,2.0,0.0,0.0,0.03,0.0,0.0,0.0,0.0,0.0,2.0,2.0,2.0,0.04,0.0,0.0,0.07,0.07,0.07,0.0,0.0,0.0,0.0,0.0,0.0,0.0,0.0,0.0,0.0,0.0,0.0,0.0,0.0,0.0,0.0,0.0,0.0,0.0,0.0,0.0,0.0,0.0,0.0,0.0,0.0,0.0,0.0,0.0,0.0,0.51,0.0,8.0,0.0,0.0,0.0,0.0,0.0,0.0,0.0
8477476,2025,Artturi Lehkonen,COL,L,other,1,133.0,0.0,1.4,0.0,0.0,0.0,0.0,0.0,0.0,1.0,0.0,0.0,0.0,0.0,0.0,0.0,0.0,0.0,0.0,0.0,0.0,0.0,0.0,0.0,0.0,0.0,0.0,0.0,0.0,0.0,0.0,0.0,0.0,0.0,0.0,0.0,0.0,0.0,0.0,1.0,0.0,0.0,0.0,0.0,0.0,0.0,0.0,0.0,0.0,0.0,0.0,0.0,0.0,0.0,0.0,0.0,0.0,0.0,0.0,0.0,0.0,0.0,0.0,0.0,0.0,0.0,0.0,0.0,0.0,0.0,0.0,0.0,58.0,0.0,0.0,0.0,0.0,0.0,0.0,0.0,0.0,0.0,0.0,0.0,0.0,0.0,0.0,0.0,0.0,0.0,0.0,0.0,0.0,0.0,0.0,0.0,0.0,0.0,0.0,0.0,0.0,0.0,0.0,0.0,0.0,0.0,0.0,3.44,0.3,0.29,0.3,0.29,3.0,2.0,3.0,8.0,0.0,0.0,0.0,4.0,1.0,0.0,0.2,0.1,0.0,0.0,0.0,0.0,8.0,5.0,5.0,0.1,0.0,0.0,0.4,0.4,0.39,0.0,0.25,0.0,2.0,0.0,0.0,0.0,0.0,0.0,0.0
8477476,2025,Artturi Lehkonen,COL,L,all,1,1409.0,23.0,1.4,0.52,0.34,0.33,0.49,0.36,0.51,1.0,1.82,0.36,0.23,0.35,0.06,0.59,0.41,0.34,0.42,0.4,0.0,1.0,2.0,0.0,0.0,2.0,2.0,1.0,0.0,1.0,1.0,0.0,0.0,0.0,1.0,1.0,0.0,0.0,0.0,1.0,0.0,2.0,0.0,1.0,1.0,0.0,0.13,0.23,0.0,0.0,1.0,2.43,2.0,2.32,0.0,0.05,0.0,0.23,0.18,0.21,0.21,23.0,5.0,4.0,6.0,8.0,4.0,3.0,4.0,12.0,0.0,0.0,2191.0,0.0,2.0,1.0,1.0,9.93,1.46,1.44,1.56,1.54,9.0,4.0,2.0,15.0,3.0,1.0,1.0,6.0,5.0,2.0,0.1,0.65,0.72,0.0,1.0,2.0,16.13,13.0,13.92,0.17,0.23,0.23,1.41,1.48,1.48,15.87,1.36,1.33,1.27,1.25,13.0,10.0,8.0,31.0,0.0,1.0,0.0,18.0,4.0,1.0,0.65,0.47,0.24,0.0,0.0,0.0,28.76,23.0,21.54,0.27,0.24,0.24,1.39,1.31,1.3,0.63,1.24,34.0,35.0,0.0,0.0,0.0,0.0,0.0,0.0
8477476,2025,Artturi Lehkonen,COL,L,5on5,1,812.0,15.0,1.4,0.51,0.47,0.32,0.52,0.36,0.57,1.0,1.82,0.36,0.23,0.35,0.06,0.59,0.41,0.34,0.42,0.4,0.0,1.0,2.0,0.0,0.0,2.0,2.0,1.0,0.0,1.0,1.0,0.0,0.0,0.0,1.0,1.0,0.0,0.0,0.0,0.0,0.0,2.0,0.0,1.0,1.0,0.0,0.13,0.23,0.0,0.0,1.0,2.43,2.0,2.32,0.0,0.05,0.0,0.23,0.18,0.21,0.21,15.0,1.0,4.0,3.0,7.0,1.0,3.0,0.0,11.0,0.0,0.0,1656.0,0.0,2.0,1.0,1.0,7.1,0.95,0.93,1.05,1.03,6.0,3.0,1.0,10.0,2.0,1.0,1.0,3.0,5.0,1.0,0.07,0.65,0.23,0.0,1.0,1.0,11.13,9.0,9.92,0.12,0.23,0.23,0.84,0.92,0.91,11.11,0.9,0.88,0.82,0.8,8.0,8.0,5.0,21.0,0.0,1.0,0.0,13.0,2.0,1.0,0.42,0.24,0.24,0.0,0.0,0.0,18.76,16.0,14.54,0.15,0.24,0.24,0.81,0.74,0.73,0.6,0.67,29.0,27.0,0.0,0.04,0.0,1.0,0.0,1.0
8477476,2025,Artturi Lehkonen,COL,L,4on5,1,90.0,2.0,1.4,0.0,0.0,0.0,0.0,0.0,0.0,5.0,0.0,0.0,0.0,0.0,0.0,0.0,0.0,0.0,0.0,0.0,0.0,0.0,0.0,0.0,0.0,0.0,0.0,0.0,0.0,0.0,0.0,0.0,0.0,0.0,0.0,0.0,0.0,0.0,0.0,0.0,0.0,0.0,0.0,0.0,0.0,0.0,0.0,0.0,0.0,0.0,0.0,0.0,0.0,0.0,0.0,0.0,0.0,0.0,0.0,0.0,0.0,2.0,0.0,0.0,1.0,1.0,1.0,0.0,0.0,1.0,0.0,0.0,246.0,0.0,0.0,0.0,0.0,0.0,0.0,0.0,0.0,0.0,0.0,0.0,0.0,0.0,0.0,0.0,0.0,0.0,0.0,0.0,0.0,0.0,0.0,0.0,0.0,0.0,0.0,0.0,0.0,0.0,0.0,0.0,0.0,0.0,0.0,1.32,0.16,0.15,0.16,0.15,2.0,0.0,0.0,2.0,0.0,0.0,0.0,1.0,1.0,0.0,0.03,0.12,0.0,0.0,0.0,0.0,2.0,2.0,2.0,0.02,0.0,0.0,0.18,0.18,0.18,0.0,0.32,0.0,6.0,0.0,0.0,0.0,0.0,0.0,0.0
8477476,2025,Artturi Lehkonen,COL,L,5on4,1,374.0,6.0,1.4,1.0,1.0,1.0,1.0,1.0,1.0,4.0,0.0,0.0,0.0,0.0,0.0,0.0,0.0,0.0,0.0,0.0,0.0,0.0,0.0,0.0,0.0,0.0,0.0,0.0,0.0,0.0,0.0,0.0,0.0,0.0,0.0,0.0,0.0,0.0,0.0,0.0,0.0,0.0,0.0,0.0,0.0,0.0,0.0,0.0,0.0,0.0,0.0,0.0,0.0,0.0,0.0,0.0,0.0,0.0,0.0,0.0,0.0,6.0,4.0,0.0,2.0,0.0,2.0,0.0,4.0,0.0,0.0,0.0,231.0,0.0,0.0,0.0,0.0,2.83,0.51,0.51,0.51,0.51,3.0,1.0,1.0,5.0,1.0,0.0,0.0,3.0,0.0,1.0,0.03,0.0,0.48,0.0,0.0,1.0,5.0,4.0,4.0,0.06,0.0,0.0,0.57,0.57,0.57,0.0,0.0,0.0,0.0,0.0,0.0,0.0,0.0,0.0,0.0,0.0,0.0,0.0,0.0,0.0,0.0,0.0,0.0,0.0,0.0,0.0,0.0,0.0,0.0,0.0,0.0,0.0,0.0,0.0,0.0,0.03,0.0,5.0,0.0,0.0,0.0,0.0,0.0,0.0,0.0
8477369,2025,Carson Soucy,NYR,D,other,1,0.0,0.0,0.0,0.0,0.0,0.0,0.0,0.0,0.0,0.0,0.0,0.0,0.0,0.0,0.0,0.0,0.0,0.0,0.0,0.0,0.0,0.0,0.0,0.0,0.0,0.0,0.0,0.0,0.0,0.0,0.0,0.0,0.0,0.0,0.0,0.0,0.0,0.0,0.0,0.0,0.0,0.0,0.0,0.0,0.0,0.0,0.0,0.0,0.0,0.0,0.0,0.0,0.0,0.0,0.0,0.0,0.0,0.0,0.0,0.0,0.0,0.0,0.0,0.0,0.0,0.0,0.0,0.0,0.0,0.0,0.0,0.0,0.0,0.0,0.0,0.0,0.0,0.0,0.0,0.0,0.0,0.0,0.0,0.0,0.0,0.0,0.0,0.0,0.0,0.0,0.0,0.0,0.0,0.0,0.0,0.0,0.0,0.0,0.0,0.0,0.0,0.0,0.0,0.0,0.0,0.0,0.0,0.0,0.0,0.0,0.0,0.0,0.0,0.0,0.0,0.0,0.0,0.0,0.0,0.0,0.0,0.0,0.0,0.0,0.0,0.0,0.0,0.0,0.0,0.0,0.0,0.0,0.0,0.0,0.0,0.0,0.0,0.0,0.0,0.0,0.0,0.0,0.0,0.0,0.0,0.0,0.0
8477369,2025,Carson Soucy,NYR,D,all,1,1139.0,25.0,0.03,0.38,0.35,0.44,0.53,0.44,0.5,3.0,0.76,0.03,0.04,0.19,0.02,0.41,0.32,0.03,0.02,0.02,0.0,0.0,1.0,0.0,1.0,2.0,0.0,0.0,1.0,0.0,0.0,0.0,0.0,0.0,1.0,1.0,0.0,0.0,0.0,1.0,0.0,1.0,1.0,0.0,0.0,0.03,0.0,0.0,0.0,0.0,0.0,1.83,1.0,0.92,0.0,0.01,0.12,0.0,0.03,0.03,0.03,25.0,2.0,3.0,1.0,19.0,1.0,6.0,0.0,18.0,0.0,0.0,2461.0,0.0,0.0,0.0,3.0,8.7,0.75,0.74,0.69,0.68,10.0,2.0,7.0,19.0,0.0,2.0,0.0,9.0,2.0,1.0,0.21,0.22,0.31,0.0,0.0,0.0,17.61,12.0,11.16,0.13,0.44,0.44,0.44,0.41,0.41,11.75,1.21,1.15,1.32,1.25,11.0,4.0,9.0,24.0,0.0,1.0,0.0,10.0,4.0,1.0,0.39,0.56,0.26,0.0,0.0,0.0,25.94,15.0,16.37,0.18,0.15,0.15,1.24,1.35,1.27,1.76,3.22,41.0,37.0,0.0,0.0,0.0,0.0,0.0,0.0
8477369,2025,Carson Soucy,NYR,D,5on5,1,1072.0,21.0,0.03,0.38,0.46,0.45,0.5,0.44,0.49,3.0,0.76,0.03,0.04,0.19,0.02,0.41,0.32,0.03,0.02,0.02,0.0,0.0,1.0,0.0,1.0,2.0,0.0,0.0,1.0,0.0,0.0,0.0,0.0,0.0,1.0,1.0,0.0,0.0,0.0,1.0,0.0,1.0,1.0,0.0,0.0,0.03,0.0,0.0,0.0,0.0,0.0,1.83,1.0,0.92,0.0,0.01,0.12,0.0,0.03,0.03,0.03,21.0,0.0,2.0,1.0,18.0,1.0,6.0,0.0,14.0,0.0,0.0,2145.0,0.0,0.0,0.0,2.0,8.7,0.75,0.74,0.69,0.68,10.0,2.0,7.0,19.0,0.0,2.0,0.0,9.0,2.0,1.0,0.21,0.22,0.31,0.0,0.0,0.0,17.61,12.0,11.16,0.13,0.44,0.44,0.44,0.41,0.41,11.75,1.21,1.15,1.32,1.25,11.0,4.0,8.0,23.0,0.0,1.0,0.0,10.0,4.0,1.0,0.39,0.56,0.26,0.0,0.0,0.0,24.94,15.0,16.37,0.18,0.15,0.15,1.24,1.35,1.27,1.57,1.81,35.0,35.0,0.09,0.0,1.0,0.0,1.0,0.0
8477369,2025,Carson Soucy,NYR,D,4on5,1,52.0,2.0,0.03,0.0,0.0,0.0,0.0,0.0,0.0,3.0,0.0,0.0,0.0,0.0,0.0,0.0,0.0,0.0,0.0,0.0,0.0,0.0,0.0,0.0,0.0,0.0,0.0,0.0,0.0,0.0,0.0,0.0,0.0,0.0,0.0,0.0,0.0,0.0,0.0,0.0,0.0,0.0,0.0,0.0,0.0,0.0,0.0,0.0,0.0,0.0,0.0,0.0,0.0,0.0,0.0,0.0,0.0,0.0,0.0,0.0,0.0,2.0,0.0,1.0,0.0,1.0,0.0,0.0,0.0,2.0,0.0,0.0,68.0,0.0,0.0,0.0,0.0,0.0,0.0,0.0,0.0,0.0,0.0,0.0,0.0,0.0,0.0,0.0,0.0,0.0,0.0,0.0,0.0,0.0,0.0,0.0,0.0,0.0,0.0,0.0,0.0,0.0,0.0,0.0,0.0,0.0,0.0,0.0,0.0,0.0,0.0,0.0,0.0,0.0,1.0,1.0,0.0,0.0,0.0,0.0,0.0,0.0,0.0,0.0,0.0,0.0,0.0,0.0,1.0,0.0,0.0,0.0,0.0,0.0,0.0,0.0,0.0,0.0,0.0,0.0,0.0,0.0,0.0,0.0,0.0,0.0,0.0
8477369,2025,Carson Soucy,NYR,D,5on4,1,15.0,2.0,0.03,0.0,1.0,0.0,1.0,0.0,1.0,3.0,0.0,0.0,0.0,0.0,0.0,0.0,0.0,0.0,0.0,0.0,0.0,0.0,0.0,0.0,0.0,0.0,0.0,0.0,0.0,0.0,0.0,0.0,0.0,0.0,0.0,0.0,0.0,0.0,0.0,0.0,0.0,0.0,0.0,0.0,0.0,0.0,0.0,0.0,0.0,0.0,0.0,0.0,0.0,0.0,0.0,0.0,0.0,0.0,0.0,0.0,0.0,2.0,2.0,0.0,0.0,0.0,0.0,0.0,0.0,2.0,0.0,0.0,225.0,0.0,0.0,0.0,1.0,0.0,0.0,0.0,0.0,0.0,0.0,0.0,0.0,0.0,0.0,0.0,0.0,0.0,0.0,0.0,0.0,0.0,0.0,0.0,0.0,0.0,0.0,0.0,0.0,0.0,0.0,0.0,0.0,0.0,0.0,0.0,0.0,0.0,0.0,0.0,0.0,0.0,0.0,0.0,0.0,0.0,0.0,0.0,0.0,0.0,0.0,0.0,0.0,0.0,0.0,0.0,0.0,0.0,0.0,0.0,0.0,0.0,0.0,0.0,0.0,0.19,0.0,5.0,0.0,0.0,0.0,0.0,0.0,0.0,0.0
8473422,2025,Nick Foligno,CHI,L,other,1,56.0,1.0,-0.15,1.0,0.0,1.0,0.0,1.0,0.0,5.0,0.0,0.0,0.0,0.0,0.0,0.0,0.0,0.0,0.0,0.0,0.0,0.0,0.0,0.0,0.0,0.0,0.0,0.0,0.0,0.0,0.0,0.0,0.0,0.0,0.0,0.0,0.0,0.0,0.0,0.0,0.0,0.0,0.0,0.0,0.0,0.0,0.0,0.0,0.0,0.0,0.0,0.0,0.0,0.0,0.0,0.0,0.0,0.0,0.0,0.0,0.0,1.0,0.0,0.0,0.0,1.0,0.0,0.0,0.0,1.0,0.0,0.0,0.0,0.0,0.0,0.0,0.0,1.05,0.08,0.08,0.08,0.08,0.0,2.0,1.0,3.0,0.0,0.0,0.0,2.0,0.0,0.0,0.08,0.0,0.0,0.0,0.0,0.0,3.0,2.0,2.0,0.04,0.0,0.0,0.12,0.12,0.12,0.0,0.0,0.0,0.0,0.0,0.0,0.0,0.0,0.0,0.0,0.0,0.0,0.0,0.0,0.0,0.0,0.0,0.0,0.0,0.0,0.0,0.0,0.0,0.0,0.0,0.0,0.0,0.0,0.0,0.0,0.0,0.0,0.0,0.0,0.0,0.0,0.0,0.0,0.0,0.0
8473422,2025,Nick Foligno,CHI,L,all,1,708.0,21.0,-0.15,0.21,0.29,0.61,0.36,0.53,0.35,10.0,0.0,0.0,0.0,0.0,0.0,0.0,0.0,0.0,0.0,0.0,0.0,0.0,0.0,0.0,1.0,1.0,0.0,0.0,0.0,0.0,0.0,0.0,0.0,0.0,0.0,0.0,1.0,5.0,4.0,2.0,0.0,2.0,0.0,0.0,0.0,0.0,0.0,0.0,0.0,0.0,0.0,1.03,0.0,0.0,0.0,0.0,0.0,0.0,0.0,0.0,0.0,21.0,3.0,4.0,2.0,12.0,6.0,1.0,4.0,10.0,4.0,4.0,2892.0,5.0,5.0,1.0,0.0,6.22,0.19,0.19,0.19,0.19,6.0,3.0,8.0,17.0,0.0,0.0,0.0,9.0,0.0,0.0,0.19,0.0,0.0,0.0,0.0,0.0,17.3,9.0,9.12,0.1,0.0,0.0,0.29,0.29,0.29,6.54,0.73,0.73,0.71,0.71,6.0,2.0,3.0,11.0,1.0,0.0,0.0,4.0,3.0,1.0,0.11,0.38,0.24,0.0,0.0,1.0,10.73,8.0,7.9,0.11,0.0,0.0,0.84,0.81,0.81,1.4,3.41,33.0,58.0,0.0,0.0,0.0,0.0,0.0,0.0
8473422,2025,Nick Foligno,CHI,L,5on5,1,527.0,16.0,-0.15,0.11,0.36,0.5,0.38,0.43,0.38,10.0,0.0,0.0,0.0,0.0,0.0,0.0,0.0,0.0,0.0,0.0,0.0,0.0,0.0,0.0,1.0,1.0,0.0,0.0,0.0,0.0,0.0,0.0,0.0,0.0,0.0,0.0,1.0,5.0,4.0,2.0,0.0,2.0,0.0,0.0,0.0,0.0,0.0,0.0,0.0,0.0,0.0,1.03,0.0,0.0,0.0,0.0,0.0,0.0,0.0,0.0,0.0,16.0,2.0,4.0,1.0,9.0,3.0,1.0,4.0,8.0,4.0,2.0,2435.0,5.0,5.0,1.0,0.0,4.33,0.09,0.09,0.09,0.09,5.0,1.0,5.0,11.0,0.0,0.0,0.0,6.0,0.0,0.0,0.09,0.0,0.0,0.0,0.0,0.0,11.29,6.0,6.12,0.04,0.0,0.0,0.13,0.13,0.13,6.54,0.73,0.73,0.71,0.71,6.0,2.0,3.0,11.0,1.0,0.0,0.0,4.0,3.0,1.0,0.11,0.38,0.24,0.0,0.0,1.0,10.73,8.0,7.9,0.11,0.0,0.0,0.84,0.81,0.81,1.39,2.44,29.0,48.0,0.0,0.03,0.0,1.0,0.0,1.0
8473422,2025,Nick Foligno,CHI,L,4on5,1,11.0,1.0,-0.15,0.0,0.0,0.0,0.0,0.0,0.0,5.0,0.0,0.0,0.0,0.0,0.0,0.0,0.0,0.0,0.0,0.0,0.0,0.0,0.0,0.0,0.0,0.0,0.0,0.0,0.0,0.0,0.0,0.0,0.0,0.0,0.0,0.0,0.0,0.0,0.0,0.0,0.0,0.0,0.0,0.0,0.0,0.0,0.0,0.0,0.0,0.0,0.0,0.0,0.0,0.0,0.0,0.0,0.0,0.0,0.0,0.0,0.0,1.0,0.0,0.0,0.0,1.0,1.0,0.0,0.0,0.0,0.0,2.0,211.0,0.0,0.0,0.0,0.0,0.0,0.0,0.0,0.0,0.0,0.0,0.0,0.0,0.0,0.0,0.0,0.0,0.0,0.0,0.0,0.0,0.0,0.0,0.0,0.0,0.0,0.0,0.0,0.0,0.0,0.0,0.0,0.0,0.0,0.0,0.0,0.0,0.0,0.0,0.0,0.0,0.0,0.0,0.0,0.0,0.0,0.0,0.0,0.0,0.0,0.0,0.0,0.0,0.0,0.0,0.0,0.0,0.0,0.0,0.0,0.0,0.0,0.0,0.0,0.0,0.0,0.73,0.0,8.0,0.0,0.0,0.0,0.0,0.0,0.0
8473422,2025,Nick Foligno,CHI,L,5on4,1,114.0,3.0,-0.15,1.0,0.05,1.0,0.67,1.0,0.5,6.0,0.0,0.0,0.0,0.0,0.0,0.0,0.0,0.0,0.0,0.0,0.0,0.0,0.0,0.0,0.0,0.0,0.0,0.0,0.0,0.0,0.0,0.0,0.0,0.0,0.0,0.0,0.0,0.0,0.0,0.0,0.0,0.0,0.0,0.0,0.0,0.0,0.0,0.0,0.0,0.0,0.0,0.0,0.0,0.0,0.0,0.0,0.0,0.0,0.0,0.0,0.0,3.0,1.0,0.0,1.0,1.0,2.0,0.0,0.0,1.0,0.0,0.0,246.0,0.0,0.0,0.0,0.0,0.84,0.02,0.02,0.02,0.02,1.0,0.0,2.0,3.0,0.0,0.0,0.0,1.0,0.0,0.0,0.02,0.0,0.0,0.0,0.0,0.0,3.0,1.0,1.0,0.02,0.0,0.0,0.04,0.04,0.04,0.0,0.0,0.0,0.0,0.0,0.0,0.0,0.0,0.0,0.0,0.0,0.0,0.0,0.0,0.0,0.0,0.0,0.0,0.0,0.0,0.0,0.0,0.0,0.0,0.0,0.0,0.0,0.0,0.0,0.0,0.01,0.23,4.0,2.0,0.0,0.0,0.0,0.0,0.0,0.0
8483493,2025,Frank Nazar,CHI,C,other,1,56.0,0.0,1.1,1.0,0.0,1.0,0.0,1.0,0.0,2.0,0.3,0.01,0.07,0.14,0.05,0.41,0.32,0.01,0.01,0.01,0.0,0.0,0.0,1.0,0.0,1.0,0.0,0.0,0.0,0.0,0.0,0.0,1.0,0.0,0.0,1.0,0.0,0.0,0.0,0.0,0.0,0.0,1.0,0.0,0.0,0.01,0.0,0.0,0.0,0.0,0.0,1.0,1.0,1.0,0.0,0.02,0.0,0.0,0.03,0.03,0.03,0.0,0.0,0.0,0.0,0.0,0.0,0.0,0.0,0.0,0.0,0.0,0.0,0.0,0.0,0.0,0.0,1.05,0.08,0.08,0.08,0.08,0.0,2.0,1.0,3.0,0.0,0.0,0.0,2.0,0.0,0.0,0.08,0.0,0.0,0.0,0.0,0.0,3.0,2.0,2.0,0.04,0.0,0.0,0.12,0.12,0.12,0.0,0.0,0.0,0.0,0.0,0.0,0.0,0.0,0.0,0.0,0.0,0.0,0.0,0.0,0.0,0.0,0.0,0.0,0.0,0.0,0.0,0.0,0.0,0.0,0.0,0.0,0.0,0.0,0.0,0.0,0.0,0.0,0.0,0.0,0.0,0.0,0.0,0.0,0.0,0.0
8483493,2025,Frank Nazar,CHI,C,all,1,1214.0,27.0,1.1,0.2,0.36,0.36,0.45,0.33,0.42,2.0,1.08,0.14,0.12,0.26,0.07,0.8,0.61,0.14,0.15,0.15,1.0,0.0,1.0,1.0,1.0,3.0,2.0,1.0,0.0,0.0,0.0,0.0,1.0,0.0,0.0,1.0,0.0,0.0,8.0,1.0,0.0,1.0,1.0,1.0,0.0,0.01,0.13,0.0,0.0,1.0,0.0,3.13,2.0,2.1,0.0,0.03,0.0,0.0,0.17,0.19,0.19,27.0,4.0,3.0,5.0,15.0,3.0,6.0,4.0,14.0,8.0,10.0,2386.0,0.0,0.0,0.0,1.0,7.0,0.56,0.56,0.58,0.58,6.0,4.0,6.0,16.0,2.0,0.0,0.0,8.0,2.0,0.0,0.23,0.33,0.0,1.0,1.0,0.0,16.13,10.0,10.12,0.12,0.0,0.0,0.68,0.71,0.7,15.49,2.29,2.19,2.27,2.16,14.0,6.0,8.0,28.0,2.0,2.0,0.0,10.0,6.0,4.0,0.43,0.88,0.98,0.0,2.0,0.0,28.04,20.0,20.14,0.27,0.49,0.49,2.07,2.05,2.01,1.03,1.85,34.0,41.0,0.0,0.0,0.0,0.0,0.0,0.0
8483493,2025,Frank Nazar,CHI,C,5on5,1,848.0,22.0,1.1,0.25,0.37,0.3,0.45,0.3,0.43,4.0,0.78,0.13,0.05,0.12,0.02,0.4,0.28,0.13,0.14,0.14,1.0,0.0,1.0,0.0,1.0,2.0,2.0,1.0,0.0,0.0,0.0,0.0,0.0,0.0,0.0,0.0,0.0,0.0,6.0,1.0,0.0,1.0,0.0,1.0,0.0,0.0,0.13,0.0,0.0,1.0,0.0,2.13,1.0,1.1,0.0,0.01,0.0,0.0,0.14,0.15,0.15,22.0,2.0,3.0,5.0,12.0,2.0,5.0,3.0,12.0,6.0,7.0,2114.0,0.0,0.0,0.0,1.0,4.55,0.46,0.46,0.49,0.49,5.0,1.0,3.0,9.0,2.0,0.0,0.0,4.0,2.0,0.0,0.14,0.33,0.0,1.0,1.0,0.0,9.13,6.0,6.12,0.06,0.0,0.0,0.52,0.55,0.55,10.61,1.41,1.35,1.39,1.33,10.0,4.0,7.0,21.0,1.0,1.0,0.0,8.0,4.0,2.0,0.35,0.57,0.49,0.0,1.0,0.0,21.04,14.0,14.13,0.18,0.23,0.23,1.36,1.34,1.3,1.01,1.76,31.0,38.0,0.0,0.0,1.0,0.0,0.0,0.0
8483493,2025,Frank Nazar,CHI,C,4on5,1,68.0,3.0,1.1,0.0,0.0,0.0,0.0,0.0,0.0,3.0,0.0,0.0,0.0,0.0,0.0,0.0,0.0,0.0,0.0,0.0,0.0,0.0,0.0,0.0,0.0,0.0,0.0,0.0,0.0,0.0,0.0,0.0,0.0,0.0,0.0,0.0,0.0,0.0,0.0,0.0,0.0,0.0,0.0,0.0,0.0,0.0,0.0,0.0,0.0,0.0,0.0,0.0,0.0,0.0,0.0,0.0,0.0,0.0,0.0,0.0,0.0,3.0,0.0,0.0,0.0,3.0,0.0,1.0,1.0,1.0,0.0,3.0,154.0,0.0,0.0,0.0,0.0,0.0,0.0,0.0,0.0,0.0,0.0,0.0,0.0,0.0,0.0,0.0,0.0,0.0,0.0,0.0,0.0,0.0,0.0,0.0,0.0,0.0,0.0,0.0,0.0,0.0,0.0,0.0,0.0,0.0,0.0,3.18,0.64,0.6,0.64,0.6,3.0,1.0,1.0,5.0,1.0,1.0,0.0,1.0,2.0,1.0,0.07,0.31,0.26,0.0,1.0,0.0,5.0,4.0,4.0,0.07,0.26,0.26,0.45,0.45,0.44,0.0,0.09,0.0,3.0,0.0,0.0,0.0,0.0,0.0,0.0
8483493,2025,Frank Nazar,CHI,C,5on4,1,242.0,2.0,1.1,0.05,1.0,0.67,1.0,0.5,1.0,2.0,0.0,0.0,0.0,0.0,0.0,0.0,0.0,0.0,0.0,0.0,0.0,0.0,0.0,0.0,0.0,0.0,0.0,0.0,0.0,0.0,0.0,0.0,0.0,0.0,0.0,0.0,0.0,0.0,2.0,0.0,0.0,0.0,0.0,0.0,0.0,0.0,0.0,0.0,0.0,0.0,0.0,0.0,0.0,0.0,0.0,0.0,0.0,0.0,0.0,0.0,0.0,2.0,2.0,0.0,0.0,0.0,1.0,0.0,0.0,1.0,2.0,0.0,118.0,0.0,0.0,0.0,0.0,1.4,0.01,0.01,0.01,0.01,1.0,1.0,2.0,4.0,0.0,0.0,0.0,2.0,0.0,0.0,0.01,0.0,0.0,0.0,0.0,0.0,4.0,2.0,2.0,0.02,0.0,0.0,0.04,0.04,0.04,1.7,0.23,0.23,0.23,0.23,1.0,1.0,0.0,2.0,0.0,0.0,0.0,1.0,0.0,1.0,0.01,0.0,0.22,0.0,0.0,0.0,2.0,2.0,2.0,0.03,0.0,0.0,0.26,0.26,0.26,0.02,0.0,3.0,0.0,0.0,0.0,0.0,0.0,0.0,0.0
8477932,2025,Aaron Ekblad,FLA,D,other,1,56.0,0.0,1.4,0.0,0.0,0.0,0.0,0.0,0.0,2.0,0.0,0.0,0.0,0.0,0.0,0.0,0.0,0.0,0.0,0.0,0.0,0.0,0.0,0.0,0.0,0.0,0.0,0.0,0.0,0.0,0.0,0.0,0.0,0.0,0.0,0.0,0.0,0.0,0.0,0.0,0.0,0.0,0.0,0.0,0.0,0.0,0.0,0.0,0.0,0.0,0.0,0.0,0.0,0.0,0.0,0.0,0.0,0.0,0.0,0.0,0.0,0.0,0.0,0.0,0.0,0.0,0.0,0.0,0.0,0.0,0.0,0.0,0.0,0.0,0.0,0.0,0.0,0.0,0.0,0.0,0.0,0.0,0.0,0.0,0.0,0.0,0.0,0.0,0.0,0.0,0.0,0.0,0.0,0.0,0.0,0.0,0.0,0.0,0.0,0.0,0.0,0.0,0.0,0.0,0.0,0.0,0.0,1.05,0.08,0.08,0.08,0.08,0.0,2.0,1.0,3.0,0.0,0.0,0.0,2.0,0.0,0.0,0.08,0.0,0.0,0.0,0.0,0.0,3.0,2.0,2.0,0.04,0.0,0.0,0.12,0.12,0.12,0.0,0.0,0.0,0.0,0.0,0.0,0.0,0.0,0.0,0.0
8477932,2025,Aaron Ekblad,FLA,D,all,1,1481.0,31.0,1.4,0.8,0.65,0.68,0.51,0.72,0.52,1.0,3.76,0.42,0.21,1.33,0.14,1.72,1.19,0.36,0.41,0.35,0.0,0.0,4.0,1.0,1.0,6.0,0.0,0.0,0.0,0.0,1.0,0.0,3.0,1.0,4.0,5.0,0.0,0.0,0.0,1.0,0.0,1.0,4.0,0.0,1.0,0.15,0.0,0.26,0.0,0.0,0.0,5.94,5.0,4.95,1.0,0.05,0.0,0.26,0.2,0.19,0.18,31.0,3.0,8.0,5.0,15.0,2.0,5.0,4.0,20.0,0.0,0.0,2119.0,0.0,0.0,0.0,2.0,19.64,2.22,2.13,2.17,2.08,21.0,5.0,6.0,32.0,2.0,2.0,0.0,16.0,7.0,3.0,0.64,0.84,0.74,0.0,1.0,1.0,31.75,26.0,25.96,0.32,0.49,0.49,2.05,2.01,1.98,7.24,0.56,0.56,0.57,0.57,3.0,7.0,5.0,15.0,0.0,0.0,0.0,8.0,2.0,0.0,0.2,0.36,0.0,0.0,0.0,0.0,15.01,10.0,10.02,0.12,0.0,0.0,0.68,0.7,0.7,1.92,1.03,37.0,35.0,0.0,0.0,0.0,0.0,0.0,0.0
8477932,2025,Aaron Ekblad,FLA,D,5on5,1,1087.0,23.0,1.4,0.78,0.6,0.69,0.54,0.74,0.52,4.0,2.99,0.15,0.15,1.17,0.11,1.4,1.02,0.14,0.15,0.14,0.0,0.0,3.0,1.0,0.0,4.0,0.0,0.0,0.0,0.0,1.0,0.0,2.0,1.0,3.0,4.0,0.0,0.0,0.0,1.0,0.0,1.0,4.0,0.0,0.0,0.15,0.0,0.0,0.0,0.0,0.0,3.94,4.0,3.95,1.0,0.03,0.0,0.0,0.18,0.18,0.17,23.0,1.0,3.0,5.0,14.0,2.0,3.0,3.0,15.0,0.0,0.0,1875.0,0.0,0.0,0.0,2.0,15.12,1.62,1.58,1.57,1.53,17.0,3.0,5.0,25.0,2.0,1.0,0.0,12.0,6.0,2.0,0.48,0.67,0.47,0.0,1.0,1.0,24.75,20.0,19.96,0.24,0.23,0.23,1.63,1.58,1.57,5.35,0.46,0.46,0.47,0.47,2.0,5.0,4.0,11.0,0.0,0.0,0.0,5.0,2.0,0.0,0.1,0.36,0.0,0.0,0.0,0.0,11.01,7.0,7.01,0.07,0.0,0.0,0.53,0.54,0.54,1.55,1.02,34.0,29.0,0.42,0.0,5.0,0.0,4.0,0.0
8477932,2025,Aaron Ekblad,FLA,D,4on5,1,198.0,6.0,1.4,0.41,0.95,0.5,0.14,0.5,0.33,1.0,0.0,0.0,0.0,0.0,0.0,0.0,0.0,0.0,0.0,0.0,0.0,0.0,0.0,0.0,0.0,0.0,0.0,0.0,0.0,0.0,0.0,0.0,0.0,0.0,0.0,0.0,0.0,0.0,0.0,0.0,0.0,0.0,0.0,0.0,0.0,0.0,0.0,0.0,0.0,0.0,0.0,0.0,0.0,0.0,0.0,0.0,0.0,0.0,0.0,0.0,0.0,6.0,0.0,5.0,0.0,1.0,0.0,2.0,1.0,3.0,0.0,0.0,162.0,0.0,0.0,0.0,0.0,0.75,0.01,0.01,0.01,0.01,0.0,1.0,0.0,1.0,0.0,0.0,0.0,1.0,0.0,0.0,0.01,0.0,0.0,0.0,0.0,0.0,1.0,1.0,1.0,0.01,0.0,0.0,0.02,0.02,0.02,0.84,0.02,0.02,0.02,0.02,1.0,0.0,0.0,1.0,0.0,0.0,0.0,1.0,0.0,0.0,0.02,0.0,0.0,0.0,0.0,0.0,1.0,1.0,1.0,0.02,0.0,0.0,0.04,0.04,0.04,0.22,0.01,1.0,6.0,0.0,0.0,0.0,0.0,0.0,0.0
8477932,2025,Aaron Ekblad,FLA,D,5on4,1,140.0,2.0,1.4,1.0,1.0,1.0,1.0,1.0,1.0,1.0,0.78,0.26,0.06,0.16,0.03,0.31,0.17,0.22,0.26,0.22,0.0,0.0,1.0,0.0,1.0,2.0,0.0,0.0,0.0,0.0,0.0,0.0,1.0,0.0,1.0,1.0,0.0,0.0,0.0,0.0,0.0,0.0,0.0,0.0,1.0,0.0,0.0,0.26,0.0,0.0,0.0,2.0,1.0,1.0,0.0,0.02,0.0,0.26,0.02,0.02,0.01,2.0,2.0,0.0,0.0,0.0,0.0,0.0,0.0,2.0,0.0,0.0,82.0,0.0,0.0,0.0,0.0,3.77,0.59,0.54,0.59,0.54,4.0,1.0,1.0,6.0,0.0,1.0,0.0,3.0,1.0,1.0,0.15,0.17,0.26,0.0,0.0,0.0,6.0,5.0,5.0,0.08,0.26,0.26,0.4,0.4,0.4,0.0,0.0,0.0,0.0,0.0,0.0,0.0,0.0,0.0,0.0,0.0,0.0,0.0,0.0,0.0,0.0,0.0,0.0,0.0,0.0,0.0,0.0,0.0,0.0,0.0,0.0,0.0,0.0,0.0,0.0,0.14,0.0,2.0,0.0,0.0,0.0,0.0,0.0,0.0,0.0
8477935,2025,Sam Bennett,FLA,C,other,1,0.0,0.0,0.0,0.0,0.0,0.0,0.0,0.0,0.0,0.0,0.0,0.0,0.0,0.0,0.0,0.0,0.0,0.0,0.0,0.0,0.0,0.0,0.0,0.0,0.0,0.0,0.0,0.0,0.0,0.0,0.0,0.0,0.0,0.0,0.0,0.0,0.0,0.0,0.0,0.0,0.0,0.0,0.0,0.0,0.0,0.0,0.0,0.0,0.0,0.0,0.0,0.0,0.0,0.0,0.0,0.0,0.0,0.0,0.0,0.0,0.0,0.0,0.0,0.0,0.0,0.0,0.0,0.0,0.0,0.0,0.0,0.0,0.0,0.0,0.0,0.0,0.0,0.0,0.0,0.0,0.0,0.0,0.0,0.0,0.0,0.0,0.0,0.0,0.0,0.0,0.0,0.0,0.0,0.0,0.0,0.0,0.0,0.0,0.0,0.0,0.0,0.0,0.0,0.0,0.0,0.0,0.0,0.0,0.0,0.0,0.0,0.0,0.0,0.0,0.0,0.0,0.0,0.0,0.0,0.0,0.0,0.0,0.0,0.0,0.0,0.0,0.0,0.0,0.0,0.0,0.0,0.0,0.0,0.0,0.0,0.0,0.0,0.0,0.0,0.0,0.0,0.0,0.0,0.0,0.0,0.0,0.0
8477935,2025,Sam Bennett,FLA,C,all,1,1155.0,26.0,1.07,0.77,0.69,0.79,0.47,0.82,0.5,4.0,3.11,0.18,0.21,0.61,0.09,1.68,1.23,0.16,0.17,0.16,0.0,0.0,4.0,0.0,5.0,9.0,0.0,0.0,0.0,0.0,2.0,0.0,0.0,2.0,4.0,4.0,0.0,0.0,10.0,1.0,1.0,0.0,3.0,1.0,0.0,0.09,0.09,0.0,0.0,0.0,0.0,8.9,4.0,3.95,0.0,0.04,0.0,0.0,0.22,0.22,0.2,26.0,6.0,4.0,4.0,12.0,5.0,2.0,3.0,16.0,10.0,8.0,2445.0,0.0,0.0,0.0,0.0,17.67,1.96,1.88,1.92,1.85,18.0,5.0,10.0,33.0,0.0,1.0,0.0,14.0,7.0,2.0,0.52,0.92,0.53,0.0,0.0,0.0,32.69,23.0,22.89,0.29,0.26,0.26,1.99,1.94,1.91,3.9,0.59,0.59,0.63,0.63,4.0,1.0,4.0,9.0,1.0,0.0,0.0,1.0,4.0,0.0,0.04,0.56,0.0,0.0,1.0,0.0,9.3,5.0,5.22,0.05,0.0,0.0,0.64,0.68,0.68,2.18,1.0,36.0,41.0,0.0,0.0,0.0,0.0,0.0,0.0
8477935,2025,Sam Bennett,FLA,C,5on5,1,1012.0,23.0,1.07,0.7,0.67,0.75,0.51,0.78,0.52,2.0,3.11,0.18,0.21,0.61,0.09,1.68,1.23,0.16,0.17,0.16,0.0,0.0,4.0,0.0,5.0,9.0,0.0,0.0,0.0,0.0,2.0,0.0,0.0,2.0,4.0,4.0,0.0,0.0,8.0,1.0,1.0,0.0,3.0,1.0,0.0,0.09,0.09,0.0,0.0,0.0,0.0,8.9,4.0,3.95,0.0,0.04,0.0,0.0,0.22,0.22,0.2,23.0,5.0,3.0,4.0,11.0,4.0,2.0,3.0,14.0,8.0,7.0,1950.0,0.0,0.0,0.0,0.0,13.9,1.36,1.34,1.33,1.31,14.0,4.0,9.0,27.0,0.0,0.0,0.0,11.0,6.0,1.0,0.36,0.74,0.26,0.0,0.0,0.0,26.69,18.0,17.89,0.22,0.0,0.0,1.58,1.54,1.51,3.9,0.59,0.59,0.63,0.63,4.0,1.0,4.0,9.0,1.0,0.0,0.0,1.0,4.0,0.0,0.04,0.56,0.0,0.0,1.0,0.0,9.3,5.0,5.22,0.05,0.0,0.0,0.64,0.68,0.68,1.81,0.88,32.0,31.0,0.02,0.0,1.0,0.0,1.0,0.0
8477935,2025,Sam Bennett,FLA,C,4on5,1,5.0,2.0,1.07,0.0,0.89,0.0,0.22,0.0,0.4,9.0,0.0,0.0,0.0,0.0,0.0,0.0,0.0,0.0,0.0,0.0,0.0,0.0,0.0,0.0,0.0,0.0,0.0,0.0,0.0,0.0,0.0,0.0,0.0,0.0,0.0,0.0,0.0,0.0,1.0,0.0,0.0,0.0,0.0,0.0,0.0,0.0,0.0,0.0,0.0,0.0,0.0,0.0,0.0,0.0,0.0,0.0,0.0,0.0,0.0,0.0,0.0,2.0,0.0,1.0,0.0,1.0,1.0,0.0,0.0,1.0,1.0,1.0,355.0,0.0,0.0,0.0,0.0,0.0,0.0,0.0,0.0,0.0,0.0,0.0,0.0,0.0,0.0,0.0,0.0,0.0,0.0,0.0,0.0,0.0,0.0,0.0,0.0,0.0,0.0,0.0,0.0,0.0,0.0,0.0,0.0,0.0,0.0,0.0,0.0,0.0,0.0,0.0,0.0,0.0,0.0,0.0,0.0,0.0,0.0,0.0,0.0,0.0,0.0,0.0,0.0,0.0,0.0,0.0,0.0,0.0,0.0,0.0,0.0,0.0,0.0,0.0,0.0,0.23,0.03,2.0,7.0,0.0,0.0,0.0,0.0,0.0,0.0
8477935,2025,Sam Bennett,FLA,C,5on4,1,138.0,1.0,1.07,1.0,1.0,1.0,1.0,1.0,1.0,3.0,0.0,0.0,0.0,0.0,0.0,0.0,0.0,0.0,0.0,0.0,0.0,0.0,0.0,0.0,0.0,0.0,0.0,0.0,0.0,0.0,0.0,0.0,0.0,0.0,0.0,0.0,0.0,0.0,1.0,0.0,0.0,0.0,0.0,0.0,0.0,0.0,0.0,0.0,0.0,0.0,0.0,0.0,0.0,0.0,0.0,0.0,0.0,0.0,0.0,0.0,0.0,1.0,1.0,0.0,0.0,0.0,0.0,0.0,0.0,1.0,1.0,0.0,84.0,0.0,0.0,0.0,0.0,3.77,0.59,0.54,0.59,0.54,4.0,1.0,1.0,6.0,0.0,1.0,0.0,3.0,1.0,1.0,0.15,0.17,0.26,0.0,0.0,0.0,6.0,5.0,5.0,0.08,0.26,0.26,0.4,0.4,0.4,0.0,0.0,0.0,0.0,0.0,0.0,0.0,0.0,0.0,0.0,0.0,0.0,0.0,0.0,0.0,0.0,0.0,0.0,0.0,0.0,0.0,0.0,0.0,0.0,0.0,0.0,0.0,0.0,0.0,0.0,0.14,0.0,2.0,0.0,0.0,0.0,0.0,0.0,0.0,0.0
