lineId,season,name,team,position,situation,games_played,icetime,iceTimeRank,xGoalsPercentage,corsiPercentage,fenwickPercentage,xOnGoalFor,xGoalsFor,xReboundsFor,xFreezeFor,xPlayStoppedFor,xPlayContinuedInZoneFor,xPlayContinuedOutsideZoneFor,flurryAdjustedxGoalsFor,scoreVenueAdjustedxGoalsFor,flurryScoreVenueAdjustedxGoalsFor,shotsOnGoalFor,missedShotsFor,blockedShotAttemptsFor,shotAttemptsFor,goalsFor,reboundsFor,reboundGoalsFor,freezeFor,playStoppedFor,playContinuedInZoneFor,playContinuedOutsideZoneFor,savedShotsOnGoalFor,savedUnblockedShotAttemptsFor,penaltiesFor,penalityMinutesFor,faceOffsWonFor,hitsFor,takeawaysFor,giveawaysFor,lowDangerShotsFor,mediumDangerShotsFor,highDangerShotsFor,lowDangerxGoalsFor,mediumDangerxGoalsFor,highDangerxGoalsFor,lowDangerGoalsFor,mediumDangerGoalsFor,highDangerGoalsFor,scoreAdjustedShotsAttemptsFor,unblockedShotAttemptsFor,scoreAdjustedUnblockedShotAttemptsFor,dZoneGiveawaysFor,xGoalsFromxReboundsOfShotsFor,xGoalsFromActualReboundsOfShotsFor,reboundxGoalsFor,totalShotCreditFor,scoreAdjustedTotalShotCreditFor,scoreFlurryAdjustedTotalShotCreditFor,xOnGoalAgainst,xGoalsAgainst,xReboundsAgainst,xFreezeAgainst,xPlayStoppedAgainst,xPlayContinuedInZoneAgainst,xPlayContinuedOutsideZoneAgainst,flurryAdjustedxGoalsAgainst,scoreVenueAdjustedxGoalsAgainst,flurryScoreVenueAdjustedxGoalsAgainst,shotsOnGoalAgainst,missedShotsAgainst,blockedShotAttemptsAgainst,shotAttemptsAgainst,goalsAgainst,reboundsAgainst,reboundGoalsAgainst,freezeAgainst,playStoppedAgainst,playContinuedInZoneAgainst,playContinuedOutsideZoneAgainst,savedShotsOnGoalAgainst,savedUnblockedShotAttemptsAgainst,penaltiesAgainst,penalityMinutesAgainst,faceOffsWonAgainst,hitsAgainst,takeawaysAgainst,giveawaysAgainst,lowDangerShotsAgainst,mediumDangerShotsAgainst,highDangerShotsAgainst,lowDangerxGoalsAgainst,mediumDangerxGoalsAgainst,highDangerxGoalsAgainst,lowDangerGoalsAgainst,mediumDangerGoalsAgainst,highDangerGoalsAgainst,scoreAdjustedShotsAttemptsAgainst,unblockedShotAttemptsAgainst,scoreAdjustedUnblockedShotAttemptsAgainst,dZoneGiveawaysAgainst,xGoalsFromxReboundsOfShotsAgainst,xGoalsFromActualReboundsOfShotsAgainst,reboundxGoalsAgainst,totalShotCreditAgainst,scoreAdjustedTotalShotCreditAgainst,scoreFlurryAdjustedTotalShotCreditAgainst
84815258482073,2025,Robertson-Schneider,NYR,pairing,5on5,7,1490.0,39.0,0.59,0.47,0.42,7.22,0.67,0.37,2.28,0.24,3.83,2.61,0.66,0.63,0.62,4.0,6.0,9.0,19.0,0.0,1.0,0.0,1.0,0.0,6.0,2.0,4.0,10.0,2.0,4.0,4.0,13.0,4.0,5.0,8.0,1.0,1.0,0.16,0.18,0.32,0.0,0.0,0.0,17.79,10.0,9.51,3.0,0.08,0.32,0.32,0.42,0.4,0.39,10.44,0.46,0.64,3.07,0.35,5.58,3.89,0.46,0.48,0.48,8.0,6.0,7.0,21.0,1.0,1.0,0.0,1.0,0.0,6.0,5.0,7.0,13.0,1.0,2.0,8.0,12.0,3.0,7.0,13.0,1.0,0.0,0.36,0.09,0.0,1.0,0.0,0.0,22.42,14.0,14.67,1.0,0.13,0.02,0.02,0.56,0.59,0.59
84745638479998,2025,Anderson-Doughty,LAK,pairing,5on5,11,4951.0,37.0,0.48,0.54,0.51,32.46,2.35,2.0,7.62,1.0,18.26,13.78,2.34,2.4,2.39,31.0,14.0,29.0,74.0,4.0,0.0,0.0,7.0,0.0,16.0,18.0,27.0,41.0,4.0,11.0,28.0,32.0,6.0,27.0,36.0,8.0,1.0,0.93,1.19,0.23,1.0,2.0,1.0,73.37,45.0,45.0,14.0,0.41,0.0,0.0,2.76,2.81,2.79,31.88,2.53,1.92,7.64,1.01,17.48,13.43,2.5,2.54,2.52,31.0,13.0,19.0,63.0,4.0,1.0,0.0,4.0,0.0,14.0,21.0,27.0,40.0,7.0,14.0,37.0,37.0,3.0,26.0,31.0,12.0,1.0,0.81,1.52,0.21,1.0,3.0,0.0,63.28,44.0,43.91,8.0,0.4,0.21,0.21,2.72,2.74,2.73
84788828482073,2025,Gavrikov-Schneider,NYR,pairing,5on5,15,1515.0,87.0,0.47,0.47,0.47,10.81,0.96,0.65,2.68,0.39,5.58,4.75,0.94,1.01,0.99,11.0,4.0,5.0,20.0,1.0,2.0,0.0,3.0,0.0,2.0,7.0,10.0,14.0,2.0,4.0,8.0,12.0,1.0,4.0,11.0,3.0,1.0,0.32,0.34,0.3,1.0,0.0,0.0,20.52,15.0,15.43,1.0,0.14,0.4,0.4,0.7,0.73,0.71,12.58,1.08,0.88,2.92,0.4,6.66,5.05,1.03,1.09,1.04,12.0,5.0,6.0,23.0,1.0,1.0,0.0,3.0,0.0,4.0,8.0,11.0,16.0,1.0,2.0,8.0,2.0,0.0,3.0,13.0,3.0,1.0,0.45,0.37,0.26,0.0,1.0,0.0,22.7,17.0,17.19,2.0,0.19,0.26,0.26,1.02,1.02,1.01
847579484800278482740,2025,Robertson-Johnston-Seguin,DAL,line,5on5,9,1016.0,127.0,0.57,0.46,0.48,10.81,1.15,0.75,2.6,0.32,5.37,3.81,1.07,1.16,1.07,9.0,5.0,4.0,18.0,0.0,3.0,0.0,2.0,0.0,3.0,6.0,9.0,14.0,0.0,0.0,9.0,5.0,3.0,3.0,9.0,3.0,2.0,0.32,0.36,0.47,0.0,0.0,0.0,17.34,14.0,13.71,2.0,0.16,0.65,0.65,0.66,0.65,0.63,10.89,0.88,0.66,2.77,0.37,5.82,4.5,0.86,0.89,0.86,12.0,3.0,6.0,21.0,0.0,2.0,0.0,1.0,0.0,8.0,4.0,12.0,15.0,1.0,2.0,5.0,6.0,0.0,4.0,11.0,3.0,1.0,0.28,0.32,0.28,0.0,0.0,0.0,21.76,15.0,15.44,0.0,0.14,0.36,0.36,0.65,0.67,0.66
84778108478397,2025,Hanley-Andersson,CGY,pairing,5on5,13,757.0,106.0,0.68,0.64,0.57,8.61,0.85,0.63,1.86,0.27,4.82,3.57,0.84,0.85,0.85,7.0,5.0,4.0,16.0,1.0,0.0,0.0,1.0,0.0,8.0,2.0,6.0,11.0,0.0,0.0,4.0,3.0,0.0,3.0,8.0,3.0,1.0,0.18,0.32,0.34,0.0,0.0,1.0,14.88,12.0,11.34,2.0,0.13,0.0,0.0,0.98,0.98,0.97,6.03,0.4,0.36,1.51,0.2,3.63,2.89,0.4,0.4,0.4,3.0,6.0,0.0,9.0,0.0,0.0,0.0,2.0,0.0,1.0,6.0,3.0,9.0,1.0,2.0,3.0,8.0,0.0,2.0,8.0,1.0,0.0,0.27,0.13,0.0,0.0,0.0,0.0,8.98,9.0,8.96,1.0,0.08,0.0,0.0,0.48,0.47,0.47
84821228484798,2025,Buium-Faber,MIN,pairing,5on5,14,1180.0,96.0,0.57,0.51,0.53,15.95,1.67,0.88,3.77,0.51,7.28,6.89,1.61,1.62,1.56,14.0,7.0,5.0,26.0,0.0,2.0,0.0,2.0,0.0,4.0,13.0,14.0,21.0,0.0,0.0,2.0,2.0,1.0,1.0,14.0,4.0,3.0,0.34,0.53,0.79,0.0,0.0,0.0,24.89,21.0,20.21,1.0,0.18,0.46,0.46,1.39,1.35,1.34,14.38,1.27,0.91,3.14,0.44,7.46,5.77,1.26,1.34,1.33,15.0,4.0,6.0,25.0,2.0,1.0,1.0,4.0,0.0,5.0,7.0,13.0,17.0,0.0,0.0,9.0,7.0,2.0,6.0,15.0,3.0,1.0,0.56,0.41,0.3,1.0,1.0,0.0,26.53,19.0,19.86,3.0,0.19,0.19,0.19,1.27,1.34,1.33
84821008484428,2025,Nikishin-Legault,CAR,pairing,5on5,5,702.0,25.0,0.49,0.59,0.55,8.17,0.85,0.51,1.71,0.26,4.47,3.21,0.83,0.91,0.9,8.0,3.0,5.0,16.0,2.0,1.0,1.0,0.0,0.0,3.0,5.0,6.0,9.0,2.0,4.0,6.0,6.0,3.0,4.0,9.0,0.0,2.0,0.29,0.0,0.56,1.0,0.0,1.0,17.16,11.0,11.93,1.0,0.1,0.26,0.26,0.7,0.74,0.72,7.37,0.88,0.57,1.77,0.23,3.25,2.3,0.82,0.82,0.77,7.0,2.0,2.0,11.0,0.0,1.0,0.0,0.0,0.0,5.0,3.0,7.0,9.0,0.0,0.0,4.0,4.0,0.0,3.0,4.0,4.0,1.0,0.09,0.53,0.26,0.0,0.0,0.0,10.07,9.0,8.34,2.0,0.12,0.26,0.26,0.74,0.69,0.67
84759068484806,2025,Dickinson-Klingberg,SJS,pairing,5on5,6,1146.0,31.0,0.52,0.44,0.36,5.83,0.67,0.48,1.38,0.18,3.26,2.03,0.67,0.66,0.66,7.0,1.0,8.0,16.0,1.0,1.0,0.0,0.0,0.0,3.0,3.0,6.0,7.0,2.0,4.0,9.0,9.0,1.0,6.0,5.0,3.0,0.0,0.15,0.52,0.0,0.0,1.0,0.0,15.58,8.0,7.88,4.0,0.1,0.02,0.02,0.75,0.74,0.74,10.55,0.61,0.7,2.78,0.34,5.6,3.96,0.6,0.65,0.64,10.0,4.0,6.0,20.0,1.0,1.0,0.0,3.0,0.0,5.0,4.0,9.0,13.0,3.0,6.0,10.0,6.0,2.0,6.0,12.0,2.0,0.0,0.37,0.24,0.0,0.0,1.0,0.0,20.62,14.0,14.35,3.0,0.15,0.03,0.03,0.73,0.77,0.76
84774988480803,2025,Nurse-Bouchard,EDM,pairing,5on5,9,1810.0,49.0,0.44,0.52,0.5,14.61,1.35,0.94,3.33,0.41,7.18,5.78,1.34,1.37,1.36,15.0,4.0,12.0,31.0,1.0,0.0,0.0,5.0,0.0,5.0,8.0,14.0,18.0,0.0,0.0,11.0,5.0,5.0,9.0,12.0,6.0,1.0,0.31,0.74,0.3,0.0,1.0,0.0,30.54,19.0,18.61,6.0,0.2,0.0,0.0,1.55,1.57,1.56,14.33,1.71,0.89,3.54,0.49,7.16,5.2,1.66,1.7,1.65,11.0,8.0,10.0,29.0,0.0,3.0,0.0,1.0,0.0,5.0,10.0,11.0,19.0,2.0,4.0,15.0,6.0,2.0,6.0,10.0,7.0,2.0,0.23,0.91,0.57,0.0,0.0,0.0,29.56,19.0,19.24,3.0,0.19,0.61,0.61,1.29,1.31,1.3
847121584775118479638,2025,Brazeau-Malkin-Mantha,PIT,line,5on5,12,7563.0,25.0,0.48,0.42,0.42,58.2,7.15,4.2,14.38,2.08,28.65,20.55,6.68,7.4,6.9,57.0,20.0,29.0,106.0,9.0,9.0,1.0,9.0,0.0,29.0,21.0,48.0,68.0,7.0,14.0,42.0,34.0,10.0,49.0,48.0,21.0,8.0,1.69,2.81,2.65,4.0,3.0,2.0,109.9,77.0,80.23,15.0,0.89,2.39,2.39,5.65,5.82,5.62,77.01,7.68,5.31,18.71,2.46,41.24,29.61,7.26,7.55,7.16,66.0,39.0,43.0,148.0,6.0,6.0,1.0,12.0,1.0,39.0,41.0,60.0,99.0,3.0,6.0,58.0,40.0,8.0,46.0,70.0,27.0,8.0,2.06,3.27,2.34,4.0,2.0,0.0,145.32,105.0,103.7,21.0,1.11,1.65,1.7,7.08,7.03,6.89
84752188480803,2025,Ekholm-Bouchard,EDM,pairing,5on5,16,13394.0,29.0,0.57,0.56,0.6,130.26,11.81,9.02,30.76,4.09,70.69,52.64,11.56,11.82,11.57,126.0,53.0,57.0,236.0,3.0,8.0,0.0,30.0,0.0,62.0,76.0,123.0,176.0,12.0,24.0,111.0,50.0,20.0,82.0,129.0,38.0,12.0,4.26,4.56,2.98,2.0,1.0,0.0,236.14,179.0,179.41,29.0,1.87,1.61,1.61,12.07,12.1,11.91,86.8,8.85,5.98,20.97,2.99,47.04,35.17,8.7,8.93,8.79,86.0,35.0,61.0,182.0,13.0,7.0,2.0,16.0,0.0,41.0,44.0,73.0,108.0,11.0,20.0,97.0,63.0,18.0,71.0,83.0,31.0,7.0,2.55,4.13,2.17,5.0,5.0,3.0,180.45,121.0,121.1,36.0,1.25,1.48,1.48,8.62,8.65,8.59
847464184834558483512,2025,Howard-Henrique-Savoie,EDM,line,5on5,7,892.0,56.0,0.25,0.41,0.32,6.04,0.43,0.36,1.58,0.18,3.11,2.35,0.43,0.42,0.42,6.0,2.0,6.0,14.0,1.0,0.0,0.0,2.0,0.0,1.0,4.0,5.0,7.0,0.0,0.0,7.0,0.0,1.0,8.0,7.0,1.0,0.0,0.24,0.19,0.0,0.0,1.0,0.0,13.92,8.0,7.94,3.0,0.08,0.0,0.0,0.5,0.5,0.5,11.84,1.26,0.99,2.57,0.44,6.88,4.86,1.25,1.23,1.22,8.0,9.0,3.0,20.0,1.0,2.0,0.0,1.0,0.0,7.0,6.0,7.0,16.0,1.0,2.0,4.0,5.0,0.0,3.0,10.0,6.0,1.0,0.33,0.62,0.32,0.0,1.0,0.0,19.43,17.0,16.58,2.0,0.21,0.12,0.12,1.35,1.32,1.31
847885684800128482055,2025,O'Connor-Pettersson-Garland,VAN,line,5on5,6,778.0,74.0,0.28,0.52,0.38,3.32,0.29,0.3,0.8,0.14,2.01,1.46,0.29,0.3,0.3,4.0,1.0,9.0,14.0,0.0,0.0,0.0,0.0,0.0,2.0,3.0,4.0,5.0,1.0,2.0,1.0,3.0,2.0,3.0,4.0,1.0,0.0,0.17,0.12,0.0,0.0,0.0,0.0,13.83,5.0,5.09,3.0,0.06,0.0,0.0,0.36,0.37,0.37,5.79,0.77,0.46,1.48,0.2,2.92,2.16,0.77,0.78,0.78,6.0,2.0,5.0,13.0,1.0,0.0,0.0,3.0,0.0,2.0,2.0,5.0,7.0,0.0,0.0,4.0,8.0,0.0,8.0,6.0,0.0,2.0,0.27,0.0,0.51,1.0,0.0,0.0,12.91,8.0,8.04,4.0,0.1,0.0,0.0,0.87,0.87,0.87
84818068482176,2025,Kaiser-Crevier,CHI,pairing,5on5,14,4313.0,62.0,0.3,0.32,0.33,25.22,1.72,1.64,6.38,0.85,14.46,9.95,1.63,1.76,1.67,20.0,15.0,9.0,44.0,4.0,2.0,0.0,7.0,0.0,9.0,13.0,16.0,31.0,7.0,17.0,43.0,32.0,13.0,20.0,29.0,4.0,2.0,0.78,0.43,0.5,3.0,1.0,0.0,45.51,35.0,36.03,9.0,0.33,0.18,0.14,1.91,1.97,1.88,50.94,4.1,3.29,13.52,1.87,27.82,20.4,3.94,4.01,3.86,41.0,30.0,21.0,92.0,2.0,8.0,0.0,10.0,0.0,31.0,20.0,39.0,69.0,5.0,13.0,29.0,27.0,3.0,12.0,55.0,13.0,3.0,1.55,1.73,0.82,2.0,0.0,0.0,90.52,71.0,69.54,8.0,0.67,1.13,1.13,3.65,3.59,3.52
84768858482803,2025,Zellweger-Trouba,ANA,pairing,5on5,14,11075.0,23.0,0.56,0.55,0.54,115.91,10.93,7.87,29.28,4.16,61.38,44.39,10.31,11.28,10.64,102.0,56.0,68.0,226.0,15.0,18.0,2.0,24.0,0.0,60.0,41.0,87.0,143.0,12.0,36.0,91.0,81.0,13.0,48.0,110.0,38.0,10.0,3.05,5.23,2.64,4.0,8.0,3.0,230.49,158.0,160.67,23.0,1.65,3.29,3.1,9.47,9.74,9.48,98.1,8.45,6.27,26.29,3.37,50.81,37.81,7.9,8.4,7.85,90.0,43.0,52.0,185.0,5.0,11.0,1.0,19.0,0.0,48.0,50.0,85.0,128.0,16.0,44.0,85.0,90.0,15.0,62.0,97.0,29.0,7.0,2.87,3.59,1.99,1.0,3.0,1.0,182.96,133.0,132.74,31.0,1.32,2.09,2.09,7.67,7.6,7.42
84754558483429,2025,Dillon-Casey,NJD,pairing,5on5,1,903.0,1.0,0.51,0.61,0.52,8.43,0.53,0.46,2.54,0.27,4.62,3.58,0.53,0.52,0.51,8.0,4.0,5.0,17.0,0.0,0.0,0.0,3.0,0.0,4.0,5.0,8.0,12.0,2.0,4.0,10.0,10.0,1.0,3.0,10.0,2.0,0.0,0.29,0.24,0.0,0.0,0.0,0.0,15.74,12.0,11.47,2.0,0.1,0.0,0.0,0.63,0.61,0.61,7.68,0.51,0.43,2.16,0.27,4.47,3.15,0.5,0.52,0.51,8.0,3.0,0.0,11.0,2.0,0.0,0.0,2.0,0.0,3.0,4.0,6.0,9.0,1.0,2.0,6.0,9.0,1.0,7.0,8.0,3.0,0.0,0.15,0.36,0.0,2.0,0.0,0.0,12.16,11.0,11.55,6.0,0.09,0.0,0.0,0.6,0.61,0.6
847701584779968481721,2025,Brown-Lammikko-Gritsyuk,NJD,line,5on5,2,1127.0,5.0,0.56,0.63,0.6,11.06,0.74,0.62,3.07,0.34,5.98,4.26,0.73,0.72,0.71,12.0,3.0,5.0,20.0,0.0,1.0,0.0,3.0,0.0,9.0,2.0,12.0,15.0,0.0,0.0,13.0,15.0,3.0,6.0,13.0,1.0,1.0,0.33,0.1,0.31,0.0,0.0,0.0,18.46,15.0,14.36,5.0,0.13,0.31,0.31,0.55,0.54,0.54,7.07,0.59,0.48,1.98,0.25,3.96,2.75,0.55,0.6,0.57,8.0,2.0,2.0,12.0,1.0,2.0,1.0,0.0,0.0,2.0,5.0,7.0,9.0,0.0,0.0,10.0,3.0,0.0,6.0,8.0,2.0,0.0,0.36,0.22,0.0,1.0,0.0,0.0,13.29,10.0,10.5,1.0,0.1,0.19,0.19,0.5,0.51,0.49
847534384795208482088,2025,Sourdif-Dowd-Duhaime,WSH,line,5on5,13,4996.0,52.0,0.53,0.56,0.52,36.63,3.15,2.22,9.08,1.29,19.13,15.13,3.1,3.18,3.13,32.0,18.0,30.0,80.0,0.0,3.0,0.0,8.0,0.0,18.0,21.0,32.0,50.0,7.0,20.0,45.0,49.0,3.0,22.0,36.0,11.0,3.0,0.84,1.6,0.71,0.0,0.0,0.0,81.88,50.0,50.88,10.0,0.46,0.6,0.78,2.83,2.89,2.85,34.56,2.76,2.14,9.7,1.14,17.69,12.57,2.63,2.8,2.67,26.0,20.0,16.0,62.0,2.0,3.0,0.0,10.0,0.0,20.0,11.0,24.0,44.0,10.0,28.0,37.0,51.0,7.0,33.0,37.0,6.0,3.0,1.13,0.73,0.9,0.0,2.0,0.0,61.68,46.0,45.94,11.0,0.45,0.42,0.42,2.79,2.82,2.71
84769318481122,2025,Mccabe-Benoit,TOR,pairing,5on5,11,2671.0,60.0,0.57,0.47,0.46,18.19,1.71,1.11,4.25,0.54,9.31,7.08,1.67,1.66,1.62,20.0,4.0,14.0,38.0,2.0,1.0,1.0,7.0,0.0,7.0,7.0,18.0,22.0,2.0,4.0,33.0,27.0,6.0,17.0,17.0,6.0,1.0,0.59,0.84,0.28,1.0,1.0,0.0,36.22,24.0,23.05,10.0,0.23,0.18,0.18,1.76,1.7,1.69,20.14,1.3,1.29,5.36,0.67,11.26,8.12,1.3,1.38,1.37,19.0,9.0,15.0,43.0,4.0,1.0,0.0,6.0,0.0,7.0,10.0,15.0,24.0,2.0,4.0,19.0,8.0,3.0,14.0,23.0,5.0,0.0,0.64,0.66,0.0,3.0,1.0,0.0,46.13,28.0,30.01,4.0,0.27,0.01,0.01,1.56,1.65,1.64
84763128478038,2025,Toews-Manson,COL,pairing,5on5,13,1179.0,95.0,0.52,0.54,0.59,12.33,1.11,0.79,3.05,0.37,6.71,4.96,1.03,1.15,1.06,10.0,7.0,2.0,19.0,0.0,2.0,0.0,2.0,0.0,7.0,6.0,10.0,17.0,1.0,2.0,8.0,4.0,0.0,4.0,14.0,1.0,2.0,0.37,0.17,0.57,0.0,0.0,0.0,19.34,17.0,17.33,3.0,0.17,0.57,0.57,0.7,0.71,0.65,8.91,1.03,0.58,1.99,0.27,4.58,3.56,1.01,0.98,0.96,8.0,4.0,4.0,16.0,1.0,1.0,0.0,2.0,0.0,3.0,5.0,7.0,11.0,0.0,0.0,6.0,7.0,1.0,5.0,8.0,3.0,1.0,0.25,0.44,0.33,1.0,0.0,0.0,15.52,12.0,11.69,3.0,0.12,0.33,0.33,0.81,0.8,0.8
847579984768718480289,2025,Pearson-Barron-Niederreiter,WPG,line,5on5,5,896.0,52.0,0.52,0.38,0.47,6.12,0.4,0.44,1.5,0.17,3.04,2.46,0.4,0.4,0.4,6.0,2.0,1.0,9.0,0.0,0.0,0.0,3.0,0.0,1.0,4.0,6.0,8.0,2.0,4.0,7.0,5.0,0.0,2.0,6.0,2.0,0.0,0.12,0.28,0.0,0.0,0.0,0.0,9.75,8.0,8.24,2.0,0.09,0.0,0.0,0.49,0.49,0.49,6.32,0.37,0.36,1.49,0.2,3.71,2.87,0.35,0.37,0.35,6.0,3.0,6.0,15.0,0.0,0.0,0.0,1.0,0.0,5.0,3.0,6.0,9.0,1.0,2.0,8.0,7.0,0.0,1.0,8.0,1.0,0.0,0.25,0.12,0.0,0.0,0.0,0.0,14.13,9.0,8.68,1.0,0.07,0.0,0.0,0.44,0.44,0.42
84757648476892,2025,Fowler-Parayko,STL,pairing,5on5,15,8206.0,56.0,0.53,0.51,0.48,67.01,6.86,4.54,16.52,2.27,36.59,26.24,6.37,6.8,6.31,52.0,41.0,41.0,134.0,2.0,11.0,1.0,6.0,0.0,41.0,33.0,50.0,91.0,5.0,10.0,70.0,47.0,11.0,30.0,65.0,20.0,8.0,1.77,2.76,2.33,0.0,1.0,1.0,134.23,93.0,94.09,10.0,0.95,2.39,2.31,5.48,5.42,5.23,71.75,6.02,4.41,18.21,2.4,39.86,29.11,5.81,5.95,5.75,73.0,27.0,27.0,127.0,10.0,3.0,1.0,14.0,0.0,39.0,34.0,63.0,90.0,8.0,16.0,64.0,45.0,13.0,51.0,78.0,17.0,5.0,2.31,2.1,1.61,7.0,2.0,1.0,126.19,100.0,99.38,26.0,0.91,1.12,1.12,5.81,5.77,5.64
847572684842278484801,2025,Smith-Celebrini-Toffoli,SJS,line,5on5,12,8105.0,27.0,0.5,0.46,0.46,52.56,4.71,3.41,12.67,1.7,28.56,20.95,4.62,4.67,4.58,57.0,15.0,42.0,114.0,10.0,2.0,1.0,7.0,0.0,26.0,27.0,47.0,62.0,12.0,24.0,80.0,32.0,9.0,42.0,52.0,15.0,5.0,1.65,1.78,1.27,6.0,3.0,1.0,114.43,72.0,72.54,20.0,0.71,0.38,0.38,5.03,5.0,4.93,61.48,4.7,3.96,14.77,1.99,35.09,25.5,4.65,4.6,4.55,52.0,34.0,46.0,132.0,2.0,3.0,0.0,12.0,0.0,36.0,33.0,50.0,84.0,8.0,18.0,83.0,49.0,14.0,34.0,66.0,17.0,3.0,1.56,2.33,0.81,2.0,0.0,0.0,129.39,86.0,84.6,18.0,0.82,0.61,0.61,4.91,4.84,4.8
847887384817548484153,2025,Nesterenko-Carlsson-Terry,ANA,line,5on5,2,609.0,18.0,0.51,0.44,0.36,2.86,0.2,0.18,0.55,0.08,1.79,1.19,0.2,0.22,0.22,2.0,2.0,3.0,7.0,0.0,0.0,0.0,0.0,0.0,0.0,4.0,2.0,4.0,2.0,4.0,5.0,1.0,1.0,3.0,3.0,1.0,0.0,0.08,0.12,0.0,0.0,0.0,0.0,7.47,4.0,4.35,1.0,0.04,0.0,0.0,0.24,0.26,0.26,4.36,0.2,0.29,1.24,0.2,2.82,2.25,0.2,0.18,0.18,3.0,4.0,2.0,9.0,0.0,1.0,0.0,0.0,0.0,1.0,5.0,3.0,7.0,0.0,0.0,5.0,7.0,0.0,2.0,7.0,0.0,0.0,0.2,0.0,0.0,0.0,0.0,0.0,8.2,7.0,6.46,2.0,0.06,0.01,0.01,0.25,0.23,0.23
84784608479371,2025,Werenski-Fabbro,CBJ,pairing,5on5,13,5125.0,51.0,0.48,0.49,0.47,53.24,4.94,3.49,13.93,1.71,26.9,20.02,4.78,4.91,4.75,44.0,27.0,35.0,106.0,5.0,6.0,0.0,15.0,0.0,25.0,20.0,39.0,66.0,4.0,8.0,44.0,32.0,5.0,26.0,50.0,13.0,8.0,1.2,1.72,2.02,1.0,3.0,1.0,104.33,71.0,70.43,11.0,0.74,1.35,1.57,4.11,4.12,4.05,58.91,5.42,3.88,15.55,2.0,31.59,22.56,5.27,5.38,5.23,54.0,27.0,31.0,112.0,4.0,9.0,1.0,12.0,0.0,28.0,28.0,50.0,77.0,9.0,20.0,47.0,25.0,10.0,24.0,59.0,17.0,5.0,1.85,2.13,1.44,2.0,1.0,1.0,112.86,81.0,80.8,8.0,0.8,1.1,1.1,5.12,5.11,5.0
847121484784408478463,2025,Beauvillier-Strome-Ovechkin,WSH,line,5on5,11,4924.0,42.0,0.71,0.56,0.57,54.52,6.83,3.52,14.58,1.93,28.77,20.37,5.99,6.75,5.93,53.0,23.0,21.0,97.0,9.0,12.0,2.0,9.0,0.0,17.0,29.0,44.0,67.0,3.0,6.0,46.0,30.0,5.0,22.0,48.0,20.0,8.0,1.47,2.7,2.65,6.0,2.0,1.0,96.44,76.0,75.32,6.0,0.74,3.04,3.04,4.53,4.52,4.04,41.59,2.77,2.42,10.13,1.34,22.82,17.52,2.74,2.79,2.77,36.0,21.0,18.0,75.0,1.0,3.0,0.0,8.0,1.0,21.0,23.0,35.0,56.0,4.0,8.0,31.0,22.0,7.0,24.0,47.0,8.0,2.0,1.43,0.78,0.55,1.0,0.0,0.0,75.31,57.0,57.57,13.0,0.5,0.43,0.43,2.83,2.85,2.82
847418984763938478020,2025,Cousins-Eller-Amadio,OTT,line,5on5,6,639.0,59.0,0.32,0.45,0.43,2.07,0.16,0.13,0.58,0.07,1.16,0.9,0.16,0.15,0.15,2.0,1.0,2.0,5.0,0.0,0.0,0.0,1.0,0.0,2.0,0.0,2.0,3.0,0.0,0.0,7.0,14.0,4.0,3.0,2.0,1.0,0.0,0.04,0.12,0.0,0.0,0.0,0.0,4.63,3.0,2.88,1.0,0.03,0.0,0.0,0.18,0.18,0.18,2.9,0.34,0.17,0.91,0.13,1.32,1.14,0.32,0.37,0.35,3.0,1.0,2.0,6.0,1.0,1.0,0.0,1.0,0.0,1.0,0.0,2.0,3.0,0.0,0.0,2.0,14.0,1.0,3.0,3.0,0.0,1.0,0.08,0.0,0.25,1.0,0.0,0.0,6.32,4.0,4.22,1.0,0.03,0.05,0.05,0.32,0.34,0.34
847121584775118481577,2025,Mantha-Malkin-Tomasino,PIT,line,5on5,5,798.0,43.0,0.46,0.59,0.65,8.85,0.69,0.61,2.43,0.33,5.17,3.77,0.68,0.71,0.7,9.0,4.0,4.0,17.0,0.0,2.0,0.0,1.0,0.0,5.0,5.0,9.0,13.0,3.0,6.0,5.0,2.0,1.0,2.0,11.0,1.0,1.0,0.27,0.14,0.28,0.0,0.0,0.0,17.41,13.0,13.44,1.0,0.13,0.31,0.31,0.51,0.53,0.52,5.62,0.8,0.36,1.48,0.16,2.4,1.8,0.78,0.79,0.77,5.0,2.0,5.0,12.0,1.0,1.0,0.0,0.0,0.0,1.0,4.0,4.0,6.0,0.0,0.0,7.0,11.0,1.0,3.0,4.0,2.0,1.0,0.13,0.33,0.34,0.0,1.0,0.0,12.04,7.0,6.81,1.0,0.08,0.34,0.34,0.54,0.52,0.52
84821788482803,2025,Zellweger-Moore,ANA,pairing,5on5,7,986.0,49.0,0.63,0.63,0.63,11.97,1.37,0.81,3.03,0.41,6.55,4.83,1.31,1.31,1.26,10.0,7.0,8.0,25.0,1.0,1.0,0.0,3.0,0.0,5.0,7.0,9.0,16.0,2.0,4.0,5.0,5.0,2.0,7.0,12.0,3.0,2.0,0.36,0.34,0.67,1.0,0.0,0.0,25.15,17.0,17.12,5.0,0.17,0.38,0.38,1.16,1.13,1.1,7.11,0.79,0.55,1.79,0.24,3.85,2.77,0.79,0.77,0.77,6.0,4.0,5.0,15.0,0.0,1.0,0.0,1.0,0.0,2.0,6.0,6.0,10.0,1.0,2.0,4.0,6.0,0.0,7.0,6.0,4.0,0.0,0.17,0.63,0.0,0.0,0.0,0.0,14.38,10.0,9.54,2.0,0.12,0.01,0.01,0.9,0.88,0.87
848001884815408483515,2025,Slafkovsk-Suzuki-Caufield,MTL,line,5on5,15,10936.0,15.0,0.63,0.58,0.61,103.0,9.06,6.89,24.61,3.58,56.0,42.85,8.63,9.34,8.89,92.0,51.0,47.0,190.0,11.0,13.0,1.0,28.0,0.0,46.0,45.0,81.0,132.0,11.0,22.0,92.0,56.0,11.0,43.0,106.0,29.0,8.0,3.46,3.55,2.05,6.0,5.0,0.0,195.88,143.0,147.59,19.0,1.42,2.29,2.29,8.2,8.43,8.19,66.03,5.24,4.1,15.86,2.2,35.77,26.83,5.15,5.21,5.12,58.0,32.0,48.0,138.0,3.0,4.0,0.0,18.0,0.0,34.0,31.0,55.0,87.0,8.0,16.0,96.0,67.0,15.0,46.0,69.0,16.0,5.0,1.91,1.94,1.39,1.0,1.0,1.0,136.82,90.0,88.97,18.0,0.85,0.78,0.78,5.31,5.28,5.21
84740138476874,2025,Cole-Mtt,UTA,pairing,5on5,14,5495.0,56.0,0.57,0.51,0.53,47.81,4.58,3.1,11.35,1.58,25.1,18.29,4.47,4.7,4.59,40.0,24.0,21.0,85.0,4.0,4.0,0.0,8.0,0.0,29.0,19.0,36.0,60.0,7.0,17.0,30.0,32.0,7.0,27.0,42.0,19.0,3.0,1.5,2.31,0.77,0.0,3.0,1.0,87.33,64.0,65.55,17.0,0.65,0.54,0.54,4.68,4.82,4.74,41.33,3.48,2.38,10.28,1.33,21.82,16.71,3.43,3.4,3.35,29.0,27.0,27.0,83.0,5.0,3.0,0.0,5.0,0.0,19.0,24.0,24.0,51.0,9.0,21.0,41.0,64.0,5.0,24.0,40.0,12.0,4.0,1.04,1.3,1.14,2.0,2.0,1.0,80.65,56.0,55.19,13.0,0.49,0.87,0.87,3.1,3.05,3.02
84772208478507,2025,Schmidt-Marino,UTA,pairing,5on5,15,8782.0,45.0,0.61,0.63,0.64,89.6,8.48,6.0,21.19,3.01,48.95,35.36,8.31,8.74,8.55,76.0,47.0,41.0,164.0,13.0,7.0,0.0,13.0,0.0,44.0,46.0,63.0,110.0,4.0,8.0,84.0,42.0,16.0,42.0,89.0,25.0,9.0,2.89,3.13,2.47,7.0,4.0,2.0,170.88,123.0,127.16,20.0,1.25,1.07,1.07,8.67,8.98,8.79,50.9,5.39,3.52,12.22,1.66,26.04,19.16,5.07,5.27,4.96,46.0,22.0,28.0,96.0,7.0,7.0,1.0,5.0,0.0,27.0,22.0,39.0,61.0,12.0,24.0,76.0,62.0,7.0,53.0,41.0,21.0,6.0,1.14,2.68,1.57,3.0,1.0,3.0,94.01,68.0,66.96,17.0,0.74,0.66,0.66,5.46,5.36,5.08
847740284800238483516,2025,Buchnevich-Thomas-Snuggerud,STL,line,5on5,7,2432.0,37.0,0.43,0.51,0.49,17.04,1.55,1.08,4.23,0.55,8.57,7.02,1.51,1.52,1.48,13.0,10.0,14.0,37.0,0.0,1.0,0.0,0.0,0.0,8.0,14.0,13.0,23.0,2.0,7.0,22.0,11.0,6.0,11.0,13.0,9.0,1.0,0.29,1.03,0.23,0.0,0.0,0.0,36.83,23.0,23.08,7.0,0.23,0.12,0.12,1.66,1.63,1.6,18.57,2.05,1.35,3.83,0.54,9.35,6.88,2.0,2.06,2.0,13.0,11.0,11.0,35.0,2.0,0.0,0.0,3.0,0.0,7.0,12.0,11.0,22.0,4.0,11.0,14.0,12.0,1.0,13.0,14.0,9.0,1.0,0.54,1.3,0.2,2.0,0.0,0.0,35.94,24.0,24.02,3.0,0.28,0.0,0.0,2.33,2.34,2.28
847639384802088482116,2025,Cousins-Sttzle-Batherson,OTT,line,5on5,7,2717.0,28.0,0.61,0.59,0.57,25.06,2.07,1.7,6.05,0.81,13.7,9.68,2.04,2.12,2.08,18.0,16.0,17.0,51.0,4.0,0.0,0.0,3.0,0.0,15.0,12.0,14.0,30.0,2.0,4.0,19.0,24.0,6.0,11.0,23.0,10.0,1.0,0.61,1.24,0.23,3.0,0.0,1.0,51.15,34.0,34.2,5.0,0.35,0.0,0.0,2.42,2.47,2.44,18.53,1.3,1.13,4.76,0.63,10.46,7.72,1.28,1.26,1.24,12.0,14.0,10.0,36.0,1.0,2.0,0.0,3.0,0.0,13.0,7.0,11.0,25.0,5.0,10.0,16.0,24.0,7.0,14.0,23.0,2.0,1.0,0.79,0.31,0.2,1.0,0.0,0.0,34.78,26.0,24.9,10.0,0.23,0.24,0.24,1.3,1.25,1.24
84799828480807,2025,Samuelsson-Timmins,BUF,pairing,5on5,13,2293.0,85.0,0.52,0.44,0.42,17.4,1.48,1.2,4.18,0.53,9.39,6.22,1.39,1.43,1.34,17.0,6.0,11.0,34.0,1.0,3.0,1.0,7.0,0.0,5.0,7.0,16.0,22.0,7.0,14.0,15.0,14.0,2.0,10.0,16.0,5.0,2.0,0.34,0.63,0.52,0.0,0.0,1.0,32.12,23.0,21.95,7.0,0.25,0.7,0.7,1.04,1.0,0.97,22.3,1.36,1.36,5.64,0.75,13.24,9.65,1.34,1.39,1.36,21.0,11.0,11.0,43.0,2.0,2.0,0.0,3.0,0.0,15.0,10.0,19.0,30.0,4.0,8.0,20.0,18.0,5.0,9.0,27.0,4.0,1.0,0.72,0.44,0.2,2.0,0.0,0.0,45.03,32.0,33.25,4.0,0.28,0.21,0.21,1.42,1.47,1.44
847699484834998483525,2025,Ohgren-Yurov-Hinostroza,MIN,line,5on5,3,1160.0,9.0,0.47,0.48,0.5,8.53,0.71,0.43,1.93,0.29,4.2,3.44,0.68,0.7,0.68,7.0,4.0,5.0,16.0,0.0,1.0,0.0,0.0,0.0,3.0,7.0,7.0,11.0,1.0,5.0,8.0,14.0,5.0,3.0,7.0,4.0,0.0,0.13,0.58,0.0,0.0,0.0,0.0,15.75,11.0,10.8,3.0,0.09,0.16,0.16,0.64,0.64,0.64,7.66,0.81,0.56,1.52,0.28,4.44,3.39,0.81,0.8,0.79,10.0,1.0,6.0,17.0,2.0,1.0,1.0,2.0,0.0,3.0,3.0,8.0,9.0,2.0,7.0,10.0,9.0,4.0,8.0,9.0,1.0,1.0,0.33,0.18,0.3,1.0,1.0,0.0,17.06,11.0,11.07,5.0,0.12,0.01,0.01,0.92,0.9,0.9
847846384820888482148,2025,Beauvillier-Lapierre-Sourdif,WSH,line,5on5,9,760.0,94.0,0.66,0.62,0.58,8.43,1.0,0.6,1.93,0.31,4.13,3.03,0.96,0.97,0.93,9.0,2.0,5.0,16.0,1.0,1.0,0.0,1.0,0.0,5.0,3.0,8.0,10.0,2.0,4.0,2.0,10.0,0.0,4.0,5.0,5.0,1.0,0.17,0.55,0.28,0.0,1.0,0.0,15.3,11.0,10.62,2.0,0.13,0.28,0.28,0.84,0.83,0.82,6.2,0.52,0.38,1.67,0.19,2.96,2.27,0.48,0.55,0.51,5.0,3.0,2.0,10.0,0.0,1.0,0.0,1.0,0.0,1.0,5.0,5.0,8.0,2.0,4.0,7.0,8.0,1.0,2.0,7.0,0.0,1.0,0.28,0.0,0.24,0.0,0.0,0.0,10.64,8.0,8.51,1.0,0.08,0.08,0.08,0.53,0.55,0.51
84811618483485,2025,Mateychuk-Christiansen,CBJ,pairing,5on5,2,747.0,6.0,0.49,0.55,0.5,6.25,0.38,0.31,1.42,0.19,3.19,2.5,0.37,0.36,0.35,5.0,3.0,4.0,12.0,0.0,0.0,0.0,2.0,0.0,3.0,3.0,5.0,8.0,1.0,2.0,7.0,6.0,1.0,4.0,6.0,2.0,0.0,0.16,0.22,0.0,0.0,0.0,0.0,11.31,8.0,7.61,1.0,0.07,0.0,0.0,0.45,0.42,0.41,5.52,0.39,0.37,1.31,0.18,3.33,2.42,0.39,0.41,0.4,5.0,3.0,2.0,10.0,0.0,0.0,0.0,3.0,0.0,2.0,3.0,5.0,8.0,1.0,2.0,11.0,11.0,0.0,4.0,6.0,2.0,0.0,0.13,0.27,0.0,0.0,0.0,0.0,10.35,8.0,8.18,3.0,0.08,0.0,0.0,0.47,0.49,0.48
847994184820978483468,2025,Quinn-Kulich-Danforth,BUF,line,5on5,2,619.0,24.0,0.23,0.29,0.25,2.77,0.29,0.21,0.76,0.1,1.58,1.06,0.29,0.26,0.26,3.0,1.0,3.0,7.0,0.0,0.0,0.0,0.0,0.0,1.0,3.0,3.0,4.0,4.0,8.0,7.0,2.0,0.0,6.0,2.0,2.0,0.0,0.04,0.25,0.0,0.0,0.0,0.0,6.17,4.0,3.55,5.0,0.04,0.0,0.0,0.33,0.3,0.3,8.7,0.95,0.65,2.29,0.33,4.55,3.24,0.9,1.03,0.97,9.0,3.0,5.0,17.0,1.0,1.0,0.0,1.0,0.0,7.0,2.0,8.0,11.0,1.0,2.0,5.0,1.0,2.0,6.0,7.0,5.0,0.0,0.25,0.7,0.0,0.0,1.0,0.0,18.91,12.0,13.36,2.0,0.14,0.16,0.16,0.92,0.99,0.94
847575284785088480259,2025,Trenin-Jones-Pitlick,MIN,line,5on5,4,1181.0,22.0,0.49,0.39,0.43,6.24,0.59,0.37,1.54,0.23,3.68,2.59,0.59,0.61,0.6,5.0,4.0,6.0,15.0,0.0,0.0,0.0,1.0,0.0,5.0,3.0,5.0,9.0,1.0,2.0,13.0,20.0,1.0,4.0,4.0,5.0,0.0,0.05,0.54,0.0,0.0,0.0,0.0,15.59,9.0,9.21,2.0,0.08,0.0,0.0,0.67,0.69,0.68,8.96,0.62,0.44,1.94,0.27,4.47,4.26,0.62,0.64,0.63,8.0,4.0,11.0,23.0,2.0,0.0,0.0,2.0,0.0,4.0,4.0,6.0,10.0,2.0,4.0,7.0,6.0,0.0,4.0,10.0,1.0,1.0,0.24,0.09,0.3,1.0,0.0,1.0,22.55,12.0,11.78,1.0,0.09,0.0,0.0,0.72,0.73,0.72
847517284764568480028,2025,Huberdeau-Frost-Kadri,CGY,line,5on5,5,2553.0,13.0,0.55,0.54,0.49,19.23,1.53,1.28,4.96,0.61,10.42,7.21,1.49,1.58,1.55,19.0,7.0,12.0,38.0,4.0,3.0,0.0,6.0,0.0,5.0,8.0,15.0,22.0,2.0,4.0,21.0,12.0,1.0,15.0,21.0,4.0,1.0,0.61,0.47,0.45,3.0,1.0,0.0,39.38,26.0,27.17,11.0,0.27,0.58,0.58,1.22,1.27,1.25,19.46,1.23,1.24,4.83,0.62,10.72,8.36,1.23,1.19,1.18,15.0,12.0,6.0,33.0,0.0,1.0,0.0,3.0,0.0,9.0,14.0,15.0,27.0,4.0,8.0,33.0,10.0,4.0,9.0,22.0,5.0,0.0,0.74,0.49,0.0,0.0,0.0,0.0,31.79,27.0,26.05,4.0,0.26,0.07,0.07,1.42,1.36,1.36
847843484793538481133,2025,Reinhardt-Howden-Kolesar,VGK,line,5on5,3,1165.0,25.0,0.51,0.5,0.55,8.35,0.87,0.57,1.63,0.24,4.3,3.39,0.87,0.9,0.9,6.0,5.0,2.0,13.0,1.0,0.0,0.0,2.0,0.0,3.0,5.0,5.0,10.0,0.0,0.0,9.0,17.0,1.0,7.0,5.0,6.0,0.0,0.09,0.78,0.0,0.0,1.0,0.0,12.89,11.0,11.09,6.0,0.12,0.0,0.0,0.99,1.02,1.02,6.44,0.82,0.47,1.73,0.24,3.44,2.3,0.78,0.87,0.82,5.0,4.0,4.0,13.0,1.0,0.0,0.0,3.0,0.0,3.0,2.0,4.0,8.0,0.0,0.0,12.0,10.0,0.0,6.0,5.0,3.0,1.0,0.21,0.35,0.28,0.0,1.0,0.0,13.3,9.0,9.35,4.0,0.1,0.0,0.0,0.93,0.97,0.92
84752188477498,2025,Nurse-Ekholm,EDM,pairing,5on5,13,749.0,97.0,0.4,0.46,0.35,4.39,0.5,0.26,1.06,0.17,2.02,1.99,0.5,0.5,0.5,4.0,2.0,7.0,13.0,1.0,0.0,0.0,1.0,0.0,0.0,4.0,3.0,5.0,0.0,0.0,0.0,5.0,1.0,3.0,4.0,2.0,0.0,0.13,0.37,0.0,1.0,0.0,0.0,13.08,6.0,5.92,2.0,0.06,0.0,0.0,0.55,0.55,0.55,8.42,0.74,0.54,1.91,0.25,4.45,3.11,0.74,0.75,0.74,9.0,2.0,4.0,15.0,2.0,1.0,1.0,2.0,0.0,2.0,4.0,7.0,9.0,0.0,0.0,4.0,7.0,0.0,3.0,9.0,1.0,1.0,0.31,0.19,0.24,0.0,1.0,1.0,14.78,11.0,10.86,1.0,0.11,0.24,0.24,0.61,0.61,0.61
847795684799878482177,2025,Khusnutdinov-Geekie-Pastrnak,BOS,line,5on5,5,2734.0,12.0,0.58,0.52,0.56,22.61,2.42,1.33,5.55,0.7,11.4,8.6,2.4,2.45,2.43,23.0,7.0,8.0,38.0,3.0,1.0,1.0,3.0,0.0,8.0,15.0,20.0,27.0,3.0,9.0,13.0,17.0,3.0,18.0,22.0,5.0,3.0,0.62,0.56,1.25,0.0,1.0,2.0,39.21,30.0,30.83,11.0,0.28,0.66,0.66,2.04,2.11,2.1,18.12,1.72,1.01,4.3,0.56,9.04,7.36,1.7,1.72,1.7,18.0,6.0,11.0,35.0,2.0,2.0,0.0,4.0,0.0,6.0,10.0,16.0,22.0,2.0,7.0,16.0,17.0,3.0,15.0,16.0,5.0,3.0,0.48,0.56,0.68,1.0,1.0,0.0,34.62,24.0,23.83,6.0,0.21,0.32,0.32,1.61,1.59,1.58
84745908480796,2025,Fehervary-Carlson,WSH,pairing,5on5,15,9670.0,36.0,0.56,0.57,0.56,91.81,9.22,6.13,22.57,3.21,51.83,37.03,8.75,9.31,8.84,83.0,47.0,59.0,189.0,10.0,12.0,1.0,22.0,0.0,39.0,47.0,73.0,120.0,16.0,35.0,75.0,78.0,14.0,58.0,86.0,39.0,5.0,2.62,5.06,1.55,4.0,5.0,1.0,192.74,130.0,131.54,31.0,1.27,1.93,1.93,8.56,8.68,8.33,75.16,7.21,4.81,19.43,2.48,38.16,28.91,6.77,7.37,6.9,66.0,35.0,39.0,140.0,8.0,9.0,1.0,13.0,0.0,35.0,36.0,58.0,93.0,15.0,38.0,92.0,59.0,13.0,47.0,69.0,23.0,9.0,1.92,2.76,2.53,1.0,5.0,2.0,141.6,101.0,102.14,19.0,1.01,1.72,1.72,6.5,6.61,6.37
847790384790228483733,2025,Hathaway-Abols-Grebenkin,PHI,line,5on5,3,1005.0,12.0,0.44,0.54,0.53,6.37,0.55,0.44,1.46,0.2,3.79,2.56,0.55,0.53,0.53,5.0,4.0,5.0,14.0,0.0,0.0,0.0,1.0,0.0,4.0,4.0,5.0,9.0,5.0,16.0,6.0,24.0,2.0,6.0,5.0,4.0,0.0,0.09,0.47,0.0,0.0,0.0,0.0,13.42,9.0,8.68,3.0,0.09,0.0,0.0,0.64,0.62,0.62,6.23,0.71,0.42,1.44,0.2,3.03,2.2,0.71,0.7,0.7,7.0,1.0,4.0,12.0,1.0,1.0,0.0,1.0,0.0,2.0,3.0,6.0,7.0,5.0,16.0,10.0,5.0,2.0,6.0,5.0,1.0,2.0,0.14,0.1,0.47,0.0,1.0,0.0,11.98,8.0,8.07,5.0,0.09,0.23,0.23,0.57,0.57,0.57
847643884768818481604,2025,Saad-Hertl-Dorofeyev,VGK,line,5on5,7,3092.0,32.0,0.52,0.6,0.54,24.44,2.02,1.64,6.16,0.8,13.77,9.6,1.9,1.94,1.83,23.0,11.0,22.0,56.0,1.0,2.0,0.0,9.0,0.0,13.0,9.0,22.0,33.0,2.0,4.0,34.0,22.0,8.0,14.0,24.0,9.0,1.0,0.66,1.11,0.25,1.0,0.0,0.0,54.1,34.0,32.94,4.0,0.34,0.39,0.39,1.98,1.92,1.86,21.02,1.89,1.44,5.08,0.77,11.38,8.44,1.77,1.95,1.83,17.0,12.0,9.0,38.0,3.0,3.0,0.0,3.0,0.0,7.0,13.0,14.0,26.0,2.0,4.0,23.0,23.0,5.0,17.0,20.0,8.0,1.0,0.49,1.03,0.37,0.0,3.0,0.0,38.75,29.0,29.87,6.0,0.3,0.73,0.73,1.46,1.51,1.49
84764228478970,2025,Reilly-Chatfield,CAR,pairing,5on5,9,2647.0,45.0,0.56,0.56,0.6,32.04,3.45,2.06,7.67,1.05,16.35,12.41,3.29,3.8,3.63,29.0,14.0,17.0,60.0,5.0,4.0,1.0,8.0,0.0,20.0,6.0,24.0,38.0,3.0,6.0,33.0,11.0,2.0,14.0,28.0,11.0,4.0,0.85,1.37,1.23,2.0,3.0,0.0,67.05,43.0,47.66,7.0,0.43,0.86,0.86,3.02,3.32,3.27,21.83,2.68,1.46,5.69,0.76,10.81,7.6,2.49,2.52,2.34,23.0,6.0,18.0,47.0,2.0,4.0,0.0,5.0,0.0,12.0,6.0,21.0,27.0,3.0,6.0,23.0,17.0,0.0,13.0,17.0,9.0,3.0,0.61,1.28,0.79,2.0,0.0,0.0,43.55,29.0,27.21,5.0,0.31,0.7,0.7,2.29,2.14,2.1
84752798481607,2025,Chiarot-Johansson,DET,pairing,5on5,10,720.0,74.0,0.26,0.29,0.25,2.16,0.17,0.15,0.46,0.06,1.28,0.88,0.17,0.16,0.16,1.0,2.0,3.0,6.0,0.0,0.0,0.0,0.0,0.0,2.0,1.0,1.0,3.0,0.0,0.0,3.0,3.0,1.0,4.0,2.0,1.0,0.0,0.04,0.13,0.0,0.0,0.0,0.0,5.89,3.0,2.98,2.0,0.03,0.0,0.0,0.2,0.2,0.2,6.78,0.49,0.46,1.74,0.2,3.71,2.4,0.49,0.49,0.48,5.0,4.0,6.0,15.0,0.0,0.0,0.0,1.0,0.0,5.0,3.0,5.0,9.0,2.0,4.0,4.0,4.0,0.0,1.0,7.0,2.0,0.0,0.19,0.3,0.0,0.0,0.0,0.0,14.99,9.0,9.11,0.0,0.1,0.0,0.0,0.59,0.59,0.58
847528784765398478047,2025,Bunting-Haula-Marchessault,NSH,line,5on5,10,3727.0,53.0,0.26,0.4,0.33,20.36,1.77,1.25,4.96,0.68,11.01,8.34,1.75,1.77,1.76,21.0,7.0,21.0,49.0,3.0,2.0,0.0,2.0,0.0,11.0,10.0,18.0,25.0,5.0,10.0,30.0,30.0,8.0,30.0,22.0,4.0,2.0,0.67,0.51,0.58,2.0,1.0,0.0,49.33,28.0,28.2,17.0,0.26,0.47,0.47,1.56,1.55,1.55,43.17,4.95,3.17,11.18,1.46,21.82,15.42,4.68,4.97,4.71,41.0,17.0,17.0,75.0,3.0,8.0,0.0,11.0,0.0,19.0,17.0,38.0,55.0,7.0,14.0,30.0,29.0,2.0,13.0,38.0,13.0,7.0,0.98,1.82,2.14,0.0,3.0,0.0,75.02,58.0,57.8,8.0,0.67,1.75,1.75,3.86,3.89,3.74
84788518482964,2025,Xhekaj-Carrier,MTL,pairing,5on5,14,5999.0,49.0,0.5,0.49,0.51,45.7,3.99,2.99,11.41,1.59,25.97,19.06,3.91,4.1,4.01,43.0,22.0,26.0,91.0,6.0,3.0,0.0,12.0,0.0,24.0,20.0,37.0,59.0,16.0,38.0,38.0,59.0,7.0,17.0,49.0,12.0,4.0,1.36,1.5,1.13,1.0,3.0,2.0,94.51,65.0,66.96,6.0,0.61,0.47,0.47,4.13,4.25,4.16,45.93,3.99,2.86,11.95,1.56,24.58,18.07,3.66,3.9,3.58,43.0,20.0,33.0,96.0,6.0,4.0,0.0,7.0,0.0,24.0,22.0,37.0,57.0,11.0,28.0,48.0,73.0,5.0,25.0,46.0,12.0,5.0,1.12,1.62,1.25,2.0,3.0,1.0,92.2,63.0,60.97,15.0,0.59,0.54,0.76,3.82,3.77,3.46
84745748477969,2025,Pettersson-Myers,VAN,pairing,5on5,16,6572.0,56.0,0.33,0.41,0.41,46.81,3.33,2.87,12.02,1.58,24.84,19.37,3.26,3.35,3.28,38.0,26.0,27.0,91.0,6.0,4.0,0.0,6.0,0.0,20.0,28.0,32.0,58.0,11.0,25.0,44.0,34.0,10.0,23.0,48.0,14.0,2.0,1.14,1.65,0.54,3.0,2.0,1.0,91.15,64.0,64.46,8.0,0.59,0.52,0.52,3.4,3.43,3.37,71.57,6.77,4.82,18.79,2.35,35.2,26.07,6.49,6.82,6.53,61.0,33.0,38.0,132.0,4.0,11.0,3.0,8.0,0.0,43.0,28.0,57.0,90.0,5.0,13.0,56.0,50.0,5.0,28.0,67.0,18.0,9.0,2.13,2.39,2.25,1.0,1.0,2.0,130.94,94.0,93.91,16.0,1.03,2.21,2.21,5.58,5.61,5.48
84810568482111,2025,Stastney-Barron,NSH,pairing,5on5,17,12037.0,47.0,0.51,0.54,0.53,96.92,8.74,6.57,24.91,3.42,53.85,37.51,8.57,8.62,8.45,80.0,55.0,62.0,197.0,8.0,11.0,1.0,15.0,0.0,57.0,44.0,72.0,127.0,13.0,26.0,94.0,68.0,15.0,70.0,97.0,29.0,9.0,2.76,3.48,2.5,3.0,4.0,1.0,194.72,135.0,133.48,37.0,1.36,1.71,1.71,8.39,8.29,8.16,89.48,8.43,6.01,22.18,2.96,46.39,34.03,8.23,8.66,8.45,82.0,38.0,49.0,169.0,8.0,8.0,1.0,19.0,0.0,46.0,39.0,74.0,112.0,11.0,22.0,108.0,88.0,12.0,47.0,80.0,32.0,8.0,2.11,3.89,2.43,1.0,5.0,2.0,172.75,120.0,122.68,26.0,1.25,2.09,2.09,7.59,7.77,7.64
847645384780108479542,2025,Hagel-Point-Kucherov,TBL,line,5on5,10,3303.0,65.0,0.56,0.53,0.52,29.49,2.42,2.01,6.82,1.0,16.14,12.6,2.37,2.57,2.52,21.0,20.0,19.0,60.0,1.0,3.0,0.0,6.0,0.0,12.0,19.0,20.0,40.0,4.0,8.0,24.0,12.0,4.0,16.0,32.0,8.0,1.0,1.13,1.08,0.22,1.0,0.0,0.0,62.7,41.0,43.53,4.0,0.42,0.4,0.4,2.44,2.58,2.54,27.12,1.9,1.6,7.07,0.9,15.18,11.35,1.89,1.86,1.85,26.0,12.0,16.0,54.0,1.0,2.0,0.0,7.0,0.0,10.0,18.0,25.0,37.0,2.0,4.0,26.0,21.0,4.0,8.0,31.0,6.0,1.0,0.93,0.76,0.21,1.0,0.0,0.0,53.02,38.0,37.16,5.0,0.33,0.04,0.04,2.19,2.14,2.13
84774988479442,2025,Nurse-Stecher,EDM,pairing,5on5,6,3877.0,17.0,0.33,0.36,0.32,18.85,1.5,1.19,4.76,0.57,10.46,7.53,1.49,1.55,1.54,16.0,10.0,15.0,41.0,0.0,0.0,0.0,3.0,0.0,9.0,14.0,16.0,26.0,3.0,6.0,28.0,24.0,3.0,25.0,20.0,5.0,1.0,0.53,0.75,0.22,0.0,0.0,0.0,42.11,26.0,26.79,12.0,0.25,0.0,0.0,1.75,1.81,1.8,40.18,3.0,2.56,10.67,1.35,22.64,15.78,2.95,2.92,2.88,33.0,23.0,17.0,73.0,1.0,4.0,0.0,10.0,0.0,23.0,18.0,32.0,55.0,2.0,4.0,26.0,34.0,5.0,13.0,43.0,12.0,1.0,1.16,1.49,0.34,1.0,0.0,0.0,71.71,56.0,55.07,6.0,0.53,0.5,0.5,3.03,2.95,2.91
847935984815228482623,2025,Malenstyn-Krebs-Dunne,BUF,line,5on5,7,2802.0,27.0,0.68,0.52,0.61,24.45,2.66,1.68,5.9,0.84,12.69,9.23,2.51,2.6,2.45,23.0,10.0,9.0,42.0,1.0,5.0,1.0,3.0,0.0,11.0,13.0,22.0,32.0,4.0,11.0,25.0,33.0,4.0,12.0,24.0,4.0,5.0,0.66,0.43,1.56,0.0,0.0,1.0,40.97,33.0,32.21,6.0,0.35,1.56,1.56,1.45,1.41,1.38,16.02,1.23,1.09,4.12,0.51,8.3,5.75,1.17,1.25,1.19,14.0,7.0,18.0,39.0,1.0,1.0,0.0,7.0,0.0,4.0,8.0,13.0,20.0,8.0,19.0,31.0,25.0,3.0,13.0,15.0,5.0,1.0,0.38,0.64,0.21,0.0,1.0,0.0,40.04,21.0,21.45,10.0,0.23,0.1,0.1,1.35,1.38,1.33
847741684822018483752,2025,Goncalves-James-Bjorkstrand,TBL,line,5on5,7,3172.0,19.0,0.66,0.56,0.63,29.73,3.24,1.89,6.93,0.96,15.45,11.53,2.94,3.25,2.96,22.0,18.0,16.0,56.0,2.0,7.0,1.0,6.0,0.0,16.0,9.0,20.0,38.0,4.0,14.0,20.0,33.0,5.0,13.0,26.0,9.0,5.0,0.72,1.1,1.42,0.0,0.0,2.0,56.72,40.0,40.47,3.0,0.4,1.48,1.48,2.15,2.18,2.08,17.01,1.7,1.16,4.42,0.56,8.87,6.3,1.64,1.73,1.67,13.0,10.0,21.0,44.0,2.0,3.0,0.0,1.0,0.0,10.0,7.0,11.0,21.0,8.0,22.0,27.0,47.0,4.0,5.0,17.0,3.0,3.0,0.46,0.42,0.82,0.0,2.0,0.0,44.03,23.0,23.13,2.0,0.24,0.62,0.62,1.31,1.33,1.31
847646984764798479675,2025,Moore-Danault-Armia,LAK,line,5on5,6,1115.0,69.0,0.11,0.38,0.2,2.34,0.12,0.14,0.57,0.07,1.24,0.86,0.12,0.13,0.13,2.0,1.0,8.0,11.0,0.0,0.0,0.0,0.0,0.0,3.0,0.0,2.0,3.0,2.0,4.0,16.0,4.0,2.0,4.0,2.0,1.0,0.0,0.01,0.11,0.0,0.0,0.0,0.0,11.15,3.0,3.16,2.0,0.03,0.0,0.0,0.15,0.16,0.16,8.46,1.0,0.6,2.21,0.36,4.39,3.43,0.93,0.92,0.85,8.0,4.0,6.0,18.0,0.0,1.0,0.0,3.0,0.0,3.0,5.0,8.0,12.0,1.0,2.0,11.0,7.0,2.0,5.0,8.0,2.0,2.0,0.2,0.27,0.54,0.0,0.0,0.0,16.57,12.0,11.18,2.0,0.13,0.3,0.3,0.83,0.76,0.74
84808398482671,2025,Power-Dahlin,BUF,pairing,5on5,12,1430.0,103.0,0.55,0.69,0.6,17.46,0.98,1.03,4.79,0.64,9.96,7.61,0.88,0.92,0.83,18.0,7.0,17.0,42.0,0.0,3.0,0.0,3.0,0.0,12.0,7.0,18.0,25.0,0.0,0.0,4.0,13.0,0.0,6.0,22.0,2.0,1.0,0.45,0.3,0.22,0.0,0.0,0.0,40.78,25.0,24.27,1.0,0.21,0.27,0.23,0.95,0.92,0.85,12.49,0.8,0.78,3.31,0.41,6.44,5.26,0.79,0.82,0.8,11.0,6.0,2.0,19.0,1.0,1.0,0.0,2.0,0.0,6.0,7.0,10.0,16.0,1.0,2.0,13.0,10.0,1.0,5.0,15.0,2.0,0.0,0.5,0.3,0.0,0.0,1.0,0.0,19.65,17.0,17.74,3.0,0.17,0.2,0.2,0.78,0.8,0.78
847842084784498480027,2025,Robertson-Hintz-Rantanen,DAL,line,5on5,8,1586.0,60.0,0.37,0.39,0.42,8.09,0.62,0.49,1.78,0.24,4.42,3.44,0.62,0.67,0.66,9.0,2.0,5.0,16.0,3.0,0.0,0.0,0.0,0.0,3.0,5.0,6.0,8.0,2.0,6.0,12.0,12.0,1.0,8.0,9.0,2.0,0.0,0.37,0.26,0.0,3.0,0.0,0.0,17.09,11.0,11.82,3.0,0.1,0.0,0.0,0.72,0.77,0.77,11.48,1.06,0.75,2.83,0.33,5.77,4.26,1.05,1.02,1.02,9.0,6.0,10.0,25.0,0.0,0.0,0.0,2.0,0.0,10.0,3.0,9.0,15.0,3.0,6.0,17.0,19.0,4.0,6.0,10.0,4.0,1.0,0.32,0.52,0.22,0.0,0.0,0.0,23.83,15.0,14.63,3.0,0.16,0.0,0.0,1.22,1.17,1.17
84815988482733,2025,Broberg-Mailloux,STL,pairing,5on5,8,1754.0,50.0,0.26,0.46,0.47,10.18,0.63,0.6,2.63,0.33,5.67,4.13,0.61,0.65,0.64,6.0,8.0,8.0,22.0,0.0,1.0,0.0,1.0,0.0,7.0,5.0,6.0,14.0,3.0,6.0,13.0,19.0,1.0,10.0,11.0,3.0,0.0,0.3,0.33,0.0,0.0,0.0,0.0,21.28,14.0,13.7,2.0,0.12,0.02,0.02,0.73,0.76,0.74,12.43,1.76,0.83,2.95,0.39,5.77,4.3,1.69,1.97,1.89,13.0,3.0,10.0,26.0,3.0,1.0,0.0,1.0,0.0,4.0,7.0,10.0,13.0,1.0,2.0,12.0,21.0,4.0,10.0,7.0,6.0,3.0,0.21,0.77,0.78,0.0,1.0,2.0,28.21,16.0,17.36,4.0,0.17,0.3,0.3,1.64,1.81,1.8
84800018482073,2025,Vaakanainen-Schneider,NYR,pairing,5on5,11,7796.0,29.0,0.52,0.51,0.5,61.98,5.18,3.98,15.46,2.02,34.18,24.19,5.03,5.23,5.07,52.0,33.0,36.0,121.0,3.0,7.0,0.0,12.0,0.0,39.0,24.0,49.0,82.0,7.0,20.0,40.0,67.0,12.0,34.0,63.0,16.0,6.0,1.64,1.95,1.59,0.0,2.0,1.0,120.43,85.0,85.01,13.0,0.82,1.0,1.0,5.0,5.04,5.0,60.87,4.86,3.74,15.32,2.05,33.97,25.07,4.59,4.87,4.6,57.0,28.0,32.0,117.0,6.0,6.0,0.0,10.0,0.0,29.0,34.0,51.0,79.0,9.0,24.0,40.0,57.0,9.0,46.0,68.0,12.0,5.0,2.02,1.47,1.37,4.0,1.0,1.0,117.32,85.0,85.08,24.0,0.77,1.33,1.33,4.29,4.28,4.14
847794284821248482155,2025,Fiala-Byfield-Laferriere,LAK,line,5on5,11,4027.0,52.0,0.55,0.53,0.54,35.09,2.58,2.18,9.33,1.2,19.72,13.98,2.56,2.63,2.61,29.0,20.0,15.0,64.0,0.0,1.0,0.0,10.0,0.0,19.0,19.0,29.0,49.0,4.0,8.0,34.0,34.0,8.0,23.0,42.0,5.0,2.0,1.31,0.57,0.7,0.0,0.0,0.0,64.46,49.0,49.47,12.0,0.45,0.32,0.32,2.71,2.78,2.76,30.14,2.1,1.91,7.25,0.87,16.62,12.25,2.08,2.07,2.06,30.0,11.0,16.0,57.0,4.0,0.0,0.0,6.0,0.0,17.0,14.0,26.0,37.0,4.0,8.0,44.0,32.0,6.0,25.0,31.0,10.0,0.0,0.9,1.2,0.0,3.0,1.0,0.0,55.94,41.0,40.34,14.0,0.4,0.0,0.0,2.49,2.46,2.44
847062184779428482124,2025,Fiala-Byfield-Perry,LAK,line,5on5,6,1258.0,51.0,0.58,0.54,0.57,12.8,1.18,0.71,3.52,0.41,6.2,4.97,1.13,1.13,1.08,11.0,6.0,4.0,21.0,0.0,2.0,0.0,2.0,0.0,7.0,6.0,11.0,17.0,0.0,0.0,13.0,5.0,2.0,6.0,14.0,1.0,2.0,0.44,0.09,0.66,0.0,0.0,0.0,20.33,17.0,16.59,4.0,0.15,0.66,0.66,0.68,0.67,0.66,8.74,0.86,0.56,2.44,0.34,5.07,3.73,0.8,0.91,0.85,9.0,4.0,5.0,18.0,0.0,2.0,0.0,0.0,0.0,7.0,4.0,9.0,13.0,0.0,0.0,11.0,3.0,0.0,7.0,10.0,1.0,2.0,0.28,0.12,0.46,0.0,0.0,0.0,19.51,13.0,13.84,4.0,0.11,0.46,0.46,0.51,0.55,0.55
848083084827028482809,2025,Blake-Stankoven-Svechnikov,CAR,line,5on5,9,1700.0,75.0,0.77,0.65,0.7,20.91,2.4,1.38,5.21,0.71,10.63,7.67,2.23,2.39,2.23,15.0,13.0,11.0,39.0,1.0,3.0,1.0,3.0,0.0,9.0,12.0,14.0,27.0,1.0,2.0,15.0,13.0,5.0,10.0,19.0,6.0,3.0,0.65,0.75,0.99,0.0,0.0,1.0,39.56,28.0,28.69,3.0,0.29,0.7,0.7,1.98,2.0,1.95,8.67,0.71,0.61,2.07,0.3,4.71,3.6,0.71,0.68,0.68,10.0,2.0,9.0,21.0,1.0,0.0,0.0,2.0,0.0,5.0,4.0,9.0,11.0,3.0,6.0,16.0,12.0,3.0,8.0,10.0,1.0,1.0,0.33,0.13,0.25,1.0,0.0,0.0,21.0,12.0,11.84,4.0,0.13,0.0,0.0,0.83,0.81,0.81
847802084815968482092,2025,Greig-Pinto-Amadio,OTT,line,5on5,7,1241.0,49.0,0.51,0.54,0.63,10.64,0.7,0.71,2.44,0.33,6.37,4.46,0.68,0.68,0.67,10.0,5.0,5.0,20.0,1.0,0.0,0.0,5.0,0.0,4.0,5.0,9.0,14.0,0.0,0.0,14.0,6.0,1.0,7.0,11.0,4.0,0.0,0.31,0.39,0.0,0.0,1.0,0.0,19.29,15.0,14.9,3.0,0.15,0.0,0.0,0.84,0.82,0.81,6.53,0.67,0.49,1.6,0.2,3.6,2.44,0.65,0.68,0.67,5.0,4.0,8.0,17.0,1.0,0.0,0.0,3.0,0.0,3.0,2.0,4.0,8.0,1.0,2.0,11.0,10.0,1.0,5.0,4.0,5.0,0.0,0.14,0.53,0.0,1.0,0.0,0.0,17.62,9.0,9.29,2.0,0.11,0.0,0.0,0.77,0.79,0.77
848079784810688482074,2025,Farabee-Sharangovich-Zary,CGY,line,5on5,6,1545.0,34.0,0.6,0.47,0.51,13.77,1.44,0.98,3.31,0.46,7.58,5.24,1.41,1.5,1.47,13.0,6.0,5.0,24.0,1.0,3.0,0.0,2.0,0.0,6.0,7.0,12.0,18.0,0.0,0.0,6.0,6.0,2.0,12.0,14.0,3.0,2.0,0.42,0.37,0.64,0.0,1.0,0.0,25.2,19.0,19.93,7.0,0.2,0.69,0.69,0.95,0.99,0.98,13.04,0.95,0.82,3.11,0.41,7.6,5.11,0.95,0.94,0.93,13.0,5.0,9.0,27.0,1.0,0.0,0.0,5.0,0.0,6.0,6.0,12.0,17.0,0.0,0.0,11.0,18.0,3.0,5.0,15.0,2.0,1.0,0.43,0.2,0.32,0.0,1.0,0.0,26.13,18.0,17.53,2.0,0.17,0.0,0.0,1.12,1.1,1.09
847740484780108482201,2025,Goncalves-Point-Guentzel,TBL,line,5on5,5,678.0,65.0,0.07,0.33,0.21,2.16,0.04,0.1,0.57,0.08,1.29,0.92,0.04,0.04,0.04,3.0,0.0,4.0,7.0,0.0,0.0,0.0,0.0,0.0,0.0,3.0,3.0,3.0,0.0,0.0,1.0,2.0,1.0,2.0,3.0,0.0,0.0,0.04,0.0,0.0,0.0,0.0,0.0,6.76,3.0,2.85,1.0,0.02,0.0,0.0,0.06,0.06,0.06,7.97,0.54,0.45,2.18,0.27,4.29,3.28,0.53,0.54,0.54,8.0,3.0,3.0,14.0,0.0,0.0,0.0,1.0,0.0,5.0,5.0,8.0,11.0,1.0,2.0,7.0,5.0,0.0,3.0,8.0,2.0,1.0,0.16,0.17,0.21,0.0,0.0,0.0,14.23,11.0,11.27,2.0,0.09,0.0,0.0,0.63,0.63,0.63
84790268481122,2025,Benoit-Myers,TOR,pairing,5on5,6,1432.0,37.0,0.3,0.51,0.45,12.2,0.7,0.62,3.15,0.43,6.79,5.31,0.66,0.68,0.64,10.0,7.0,8.0,25.0,2.0,1.0,0.0,1.0,0.0,5.0,8.0,8.0,15.0,1.0,2.0,10.0,13.0,0.0,8.0,14.0,3.0,0.0,0.27,0.43,0.0,1.0,1.0,0.0,23.95,17.0,16.51,6.0,0.13,0.2,0.2,0.63,0.61,0.59,15.72,1.64,1.02,4.02,0.55,7.73,6.04,1.61,1.75,1.72,15.0,6.0,3.0,24.0,5.0,2.0,0.0,4.0,0.0,5.0,5.0,10.0,16.0,1.0,2.0,8.0,11.0,2.0,6.0,14.0,5.0,2.0,0.43,0.66,0.55,2.0,2.0,1.0,25.59,21.0,22.16,3.0,0.22,0.3,0.3,1.56,1.67,1.64
847514984784938481557,2025,Johansson-Eriksson Ek-Boldy,MIN,line,5on5,3,743.0,31.0,0.38,0.56,0.5,5.72,0.31,0.4,1.31,0.17,3.35,2.46,0.31,0.34,0.34,6.0,2.0,6.0,14.0,1.0,1.0,1.0,1.0,0.0,1.0,4.0,5.0,7.0,0.0,0.0,4.0,5.0,2.0,4.0,7.0,1.0,0.0,0.2,0.11,0.0,0.0,1.0,0.0,15.65,8.0,8.88,2.0,0.08,0.11,0.11,0.28,0.31,0.31,5.3,0.51,0.39,1.13,0.2,3.45,2.31,0.51,0.46,0.45,6.0,2.0,3.0,11.0,0.0,0.0,0.0,4.0,0.0,2.0,2.0,6.0,8.0,1.0,2.0,9.0,1.0,1.0,4.0,6.0,2.0,0.0,0.23,0.29,0.0,0.0,0.0,0.0,9.64,8.0,7.07,2.0,0.08,0.0,0.0,0.59,0.53,0.53
84793728479985,2025,Mahura-Fleury,SEA,pairing,5on5,4,1264.0,16.0,0.33,0.24,0.27,5.17,0.48,0.35,1.5,0.17,2.77,1.73,0.48,0.49,0.49,4.0,3.0,1.0,8.0,0.0,0.0,0.0,0.0,0.0,5.0,2.0,4.0,7.0,4.0,11.0,6.0,12.0,1.0,7.0,5.0,1.0,1.0,0.13,0.13,0.22,0.0,0.0,0.0,8.48,7.0,7.36,3.0,0.07,0.0,0.0,0.55,0.57,0.57,14.02,0.97,0.85,3.43,0.38,7.77,5.6,0.96,0.94,0.93,14.0,5.0,6.0,25.0,1.0,0.0,0.0,5.0,0.0,9.0,4.0,13.0,18.0,3.0,9.0,12.0,21.0,2.0,4.0,16.0,1.0,2.0,0.34,0.13,0.5,0.0,1.0,0.0,24.45,19.0,18.31,0.0,0.17,0.0,0.0,1.14,1.11,1.1
848345584835128485493,2025,Howard-Tomasek-Savoie,EDM,line,5on5,4,957.0,25.0,0.64,0.48,0.6,6.97,0.43,0.36,1.54,0.21,3.39,3.06,0.43,0.41,0.41,5.0,4.0,3.0,12.0,0.0,0.0,0.0,2.0,0.0,4.0,3.0,5.0,9.0,4.0,8.0,10.0,5.0,2.0,3.0,8.0,1.0,0.0,0.26,0.17,0.0,0.0,0.0,0.0,11.19,9.0,8.39,1.0,0.07,0.0,0.0,0.5,0.48,0.48,4.79,0.24,0.27,1.1,0.14,2.24,2.0,0.24,0.25,0.25,4.0,2.0,7.0,13.0,1.0,0.0,0.0,2.0,0.0,1.0,2.0,3.0,5.0,1.0,2.0,10.0,3.0,0.0,3.0,5.0,1.0,0.0,0.13,0.11,0.0,1.0,0.0,0.0,13.75,6.0,6.15,1.0,0.06,0.0,0.0,0.3,0.31,0.31
84788548484839,2025,Shea-Brunicke,PIT,pairing,5on5,6,996.0,38.0,0.41,0.46,0.38,5.8,0.56,0.35,1.48,0.18,3.18,2.24,0.55,0.55,0.54,5.0,3.0,4.0,12.0,0.0,1.0,0.0,2.0,0.0,2.0,3.0,5.0,8.0,0.0,0.0,4.0,5.0,0.0,3.0,6.0,1.0,1.0,0.12,0.16,0.28,0.0,0.0,0.0,11.24,8.0,7.56,1.0,0.07,0.28,0.28,0.35,0.33,0.33,9.27,0.8,0.61,2.02,0.29,5.39,3.88,0.74,0.81,0.75,10.0,3.0,1.0,14.0,0.0,2.0,0.0,3.0,0.0,6.0,2.0,10.0,13.0,2.0,4.0,2.0,12.0,0.0,3.0,10.0,3.0,0.0,0.35,0.45,0.0,0.0,0.0,0.0,14.75,13.0,13.23,2.0,0.13,0.34,0.34,0.58,0.58,0.58
847584284773808481726,2025,Edstrom-Carrick-Brodzinski,NYR,line,5on5,4,1636.0,13.0,0.44,0.45,0.5,11.02,1.04,0.71,2.9,0.43,5.99,4.92,1.01,1.05,1.02,9.0,7.0,3.0,19.0,1.0,1.0,0.0,2.0,0.0,7.0,5.0,8.0,15.0,1.0,5.0,10.0,19.0,6.0,6.0,11.0,4.0,1.0,0.21,0.58,0.25,1.0,0.0,0.0,19.08,16.0,16.15,3.0,0.15,0.13,0.13,1.05,1.06,1.05,11.55,1.34,0.74,2.86,0.39,6.21,4.45,1.32,1.3,1.28,9.0,7.0,7.0,23.0,1.0,0.0,0.0,1.0,0.0,8.0,6.0,8.0,15.0,5.0,13.0,12.0,11.0,3.0,9.0,11.0,4.0,1.0,0.42,0.54,0.39,1.0,0.0,0.0,22.87,16.0,15.63,7.0,0.16,0.0,0.0,1.5,1.45,1.43
84788828479323,2025,Gavrikov-Fox,NYR,pairing,5on5,16,15649.0,17.0,0.6,0.56,0.56,144.78,13.59,9.39,38.37,5.3,80.76,57.59,13.03,13.64,13.08,118.0,87.0,83.0,288.0,5.0,19.0,1.0,29.0,0.0,78.0,74.0,113.0,200.0,15.0,33.0,162.0,101.0,18.0,53.0,150.0,41.0,14.0,4.29,5.19,4.11,2.0,2.0,1.0,285.9,205.0,204.1,24.0,1.96,4.15,4.18,11.37,11.42,11.17,115.94,9.04,7.18,29.63,3.7,62.26,46.19,8.86,9.32,9.12,100.0,58.0,66.0,224.0,5.0,6.0,0.0,19.0,1.0,48.0,79.0,95.0,153.0,15.0,33.0,129.0,81.0,16.0,69.0,125.0,25.0,8.0,3.43,3.33,2.29,3.0,2.0,0.0,230.28,158.0,162.03,43.0,1.49,0.9,0.9,9.64,9.87,9.78
84751718481122,2025,Ekman-Larsson-Benoit,TOR,pairing,5on5,14,6658.0,62.0,0.49,0.43,0.45,49.7,4.84,3.5,12.05,1.61,26.58,18.43,4.77,4.61,4.54,49.0,18.0,25.0,92.0,5.0,4.0,0.0,16.0,0.0,16.0,26.0,44.0,62.0,11.0,22.0,55.0,63.0,7.0,40.0,44.0,18.0,5.0,1.41,2.07,1.36,3.0,2.0,0.0,90.98,67.0,65.5,19.0,0.73,0.79,0.79,4.78,4.58,4.54,58.99,5.0,3.6,14.46,1.98,32.43,24.52,4.87,5.03,4.9,52.0,30.0,38.0,120.0,4.0,5.0,0.0,12.0,0.0,31.0,30.0,48.0,78.0,3.0,6.0,49.0,47.0,8.0,24.0,64.0,13.0,5.0,1.89,1.57,1.54,2.0,2.0,0.0,120.41,82.0,81.86,7.0,0.75,1.46,1.46,4.29,4.31,4.23
848209784827658483500,2025,Rosen-Ostlund-Quinn,BUF,line,5on5,3,825.0,13.0,0.65,0.45,0.38,2.29,0.38,0.18,0.41,0.07,1.13,0.83,0.38,0.37,0.37,3.0,0.0,2.0,5.0,2.0,0.0,0.0,0.0,0.0,1.0,0.0,1.0,1.0,1.0,2.0,2.0,1.0,1.0,3.0,0.0,3.0,0.0,0.0,0.38,0.0,0.0,2.0,0.0,4.92,3.0,2.97,3.0,0.04,0.0,0.0,0.42,0.41,0.41,3.54,0.21,0.18,0.9,0.12,2.04,1.56,0.21,0.2,0.2,3.0,2.0,1.0,6.0,1.0,0.0,0.0,2.0,0.0,2.0,0.0,2.0,4.0,0.0,0.0,12.0,5.0,4.0,5.0,4.0,1.0,0.0,0.12,0.09,0.0,1.0,0.0,0.0,6.17,5.0,5.13,2.0,0.04,0.0,0.0,0.24,0.24,0.24
847522084785088483525,2025,Foligno-Yurov-Trenin,MIN,line,5on5,5,763.0,56.0,0.68,0.59,0.6,6.78,0.91,0.37,1.8,0.22,2.98,2.71,0.84,1.03,0.95,5.0,4.0,4.0,13.0,1.0,1.0,0.0,1.0,0.0,5.0,1.0,4.0,8.0,2.0,4.0,4.0,8.0,1.0,2.0,6.0,2.0,1.0,0.16,0.34,0.4,0.0,1.0,0.0,15.01,9.0,10.09,0.0,0.08,0.4,0.4,0.58,0.65,0.65,4.38,0.42,0.25,1.21,0.15,2.33,1.64,0.4,0.38,0.36,5.0,1.0,3.0,9.0,0.0,1.0,0.0,0.0,0.0,2.0,3.0,5.0,6.0,0.0,0.0,7.0,4.0,0.0,3.0,5.0,0.0,1.0,0.15,0.0,0.27,0.0,0.0,0.0,8.02,6.0,5.3,3.0,0.05,0.27,0.27,0.2,0.18,0.17
847646184784398484387,2025,Michkov-Couturier-Konecny,PHI,line,5on5,9,2233.0,76.0,0.37,0.42,0.39,11.65,0.96,0.84,2.44,0.34,6.89,4.53,0.95,0.93,0.92,12.0,4.0,15.0,31.0,1.0,0.0,0.0,3.0,0.0,7.0,5.0,11.0,15.0,4.0,8.0,15.0,12.0,4.0,15.0,13.0,2.0,1.0,0.49,0.21,0.25,0.0,1.0,0.0,30.22,16.0,15.63,9.0,0.17,0.0,0.0,1.13,1.1,1.09,19.06,1.64,1.11,4.77,0.57,9.89,7.02,1.47,1.65,1.48,18.0,7.0,18.0,43.0,2.0,2.0,0.0,5.0,0.0,11.0,5.0,16.0,23.0,0.0,0.0,23.0,12.0,1.0,9.0,20.0,2.0,3.0,0.58,0.22,0.84,2.0,0.0,0.0,44.08,25.0,25.39,5.0,0.23,0.63,0.63,1.25,1.29,1.27
847688084794008481656,2025,Protas-Dubois-Wilson,WSH,line,5on5,6,2900.0,10.0,0.56,0.59,0.52,26.31,2.5,1.65,7.64,0.89,12.85,9.46,2.41,2.55,2.46,25.0,10.0,22.0,57.0,3.0,2.0,0.0,8.0,0.0,11.0,11.0,22.0,32.0,4.0,8.0,25.0,14.0,4.0,12.0,23.0,10.0,2.0,0.78,1.28,0.44,1.0,2.0,0.0,58.18,35.0,35.38,5.0,0.35,0.2,0.2,2.65,2.72,2.62,23.62,1.96,1.41,6.63,0.83,12.3,8.88,1.72,1.89,1.66,21.0,11.0,8.0,40.0,0.0,3.0,0.0,7.0,0.0,11.0,11.0,21.0,32.0,2.0,4.0,38.0,23.0,5.0,15.0,24.0,6.0,2.0,0.55,0.78,0.64,0.0,0.0,0.0,39.79,32.0,31.47,7.0,0.29,0.83,0.86,1.39,1.35,1.26
84765258477938,2025,Fleury-Miller,WPG,pairing,5on5,3,1334.0,16.0,0.35,0.36,0.38,9.81,1.27,0.8,1.88,0.33,5.46,4.26,1.21,1.3,1.24,7.0,7.0,3.0,17.0,1.0,2.0,0.0,0.0,0.0,7.0,4.0,6.0,13.0,0.0,0.0,3.0,14.0,1.0,3.0,7.0,5.0,2.0,0.27,0.49,0.51,0.0,1.0,0.0,17.41,14.0,14.04,1.0,0.17,0.51,0.51,0.93,0.94,0.9,16.97,2.32,1.38,4.31,0.64,8.54,5.81,1.97,2.29,1.94,11.0,12.0,7.0,30.0,0.0,3.0,0.0,2.0,0.0,9.0,9.0,11.0,23.0,2.0,4.0,11.0,7.0,1.0,3.0,13.0,7.0,3.0,0.47,1.04,0.81,0.0,0.0,0.0,28.75,23.0,22.64,1.0,0.3,0.58,0.58,2.04,2.01,1.71
847688284779878483493,2025,Teravainen-Nazar-Donato,CHI,line,5on5,5,967.0,46.0,0.89,0.76,0.79,11.28,1.28,0.59,3.0,0.38,5.33,4.42,1.24,1.29,1.24,11.0,4.0,4.0,19.0,2.0,2.0,2.0,3.0,0.0,3.0,5.0,9.0,13.0,0.0,0.0,9.0,6.0,1.0,6.0,10.0,3.0,2.0,0.34,0.3,0.64,0.0,0.0,2.0,19.07,15.0,14.82,2.0,0.12,0.64,0.64,0.77,0.75,0.74,3.16,0.15,0.15,0.69,0.09,1.45,1.47,0.15,0.16,0.16,2.0,2.0,2.0,6.0,0.0,0.0,0.0,0.0,0.0,2.0,2.0,2.0,4.0,3.0,6.0,9.0,3.0,1.0,5.0,3.0,1.0,0.0,0.04,0.11,0.0,0.0,0.0,0.0,6.2,4.0,4.11,3.0,0.03,0.0,0.0,0.18,0.2,0.2
84799838482166,2025,Ferraro-Mukhamadullin,SJS,pairing,5on5,5,904.0,30.0,0.18,0.39,0.36,3.66,0.1,0.15,1.01,0.13,2.0,1.61,0.1,0.09,0.09,4.0,1.0,4.0,9.0,1.0,0.0,0.0,1.0,0.0,2.0,1.0,3.0,4.0,0.0,0.0,7.0,6.0,0.0,6.0,5.0,0.0,0.0,0.1,0.0,0.0,1.0,0.0,0.0,8.97,5.0,4.86,3.0,0.03,0.0,0.0,0.13,0.12,0.12,6.36,0.44,0.42,1.57,0.21,3.59,2.77,0.44,0.46,0.45,3.0,6.0,5.0,14.0,0.0,0.0,0.0,1.0,0.0,5.0,3.0,3.0,9.0,0.0,0.0,5.0,6.0,0.0,3.0,7.0,2.0,0.0,0.16,0.28,0.0,0.0,0.0,0.0,14.05,9.0,9.01,1.0,0.08,0.0,0.0,0.53,0.54,0.54
84773468479402,2025,Bean-Weegar,CGY,pairing,5on5,10,4550.0,38.0,0.59,0.62,0.63,43.97,4.18,2.96,11.24,1.47,24.37,16.79,4.12,4.2,4.13,45.0,16.0,34.0,95.0,2.0,6.0,0.0,14.0,0.0,19.0,20.0,43.0,59.0,5.0,13.0,29.0,32.0,4.0,23.0,45.0,12.0,4.0,1.34,1.59,1.25,1.0,0.0,1.0,95.47,61.0,61.63,8.0,0.61,1.24,1.24,3.55,3.56,3.54,26.7,2.89,1.81,6.22,0.87,13.65,10.56,2.63,2.9,2.64,27.0,9.0,23.0,59.0,4.0,3.0,0.0,4.0,0.0,15.0,10.0,23.0,32.0,11.0,25.0,43.0,37.0,11.0,26.0,25.0,7.0,4.0,0.59,0.9,1.4,2.0,1.0,1.0,58.9,36.0,36.12,12.0,0.39,1.14,1.14,2.15,2.17,2.14
84773468482624,2025,Weegar-Miromanov,CGY,pairing,5on5,1,838.0,2.0,0.22,0.33,0.29,3.7,0.2,0.18,0.86,0.11,2.09,1.55,0.2,0.2,0.2,4.0,1.0,3.0,8.0,2.0,0.0,0.0,2.0,0.0,0.0,1.0,2.0,3.0,0.0,0.0,7.0,4.0,0.0,2.0,4.0,1.0,0.0,0.09,0.11,0.0,1.0,1.0,0.0,8.19,5.0,5.09,1.0,0.04,0.0,0.0,0.23,0.24,0.24,9.21,0.72,0.56,2.19,0.29,4.59,3.65,0.72,0.76,0.76,9.0,3.0,4.0,16.0,2.0,0.0,0.0,2.0,0.0,0.0,8.0,7.0,10.0,0.0,0.0,10.0,7.0,1.0,2.0,9.0,2.0,1.0,0.22,0.23,0.27,0.0,1.0,1.0,15.75,12.0,11.87,0.0,0.12,0.0,0.0,0.84,0.88,0.88
84746128475279,2025,Chiarot-Hamonic,DET,pairing,5on5,7,933.0,43.0,0.51,0.53,0.43,6.86,0.78,0.49,1.51,0.24,4.12,2.86,0.78,0.73,0.73,8.0,2.0,8.0,18.0,2.0,0.0,0.0,1.0,0.0,3.0,4.0,6.0,8.0,1.0,2.0,4.0,5.0,0.0,4.0,7.0,3.0,0.0,0.29,0.49,0.0,0.0,2.0,0.0,17.46,10.0,9.57,2.0,0.1,0.0,0.0,0.88,0.83,0.83,8.73,0.76,0.58,2.19,0.32,5.17,3.98,0.74,0.84,0.82,9.0,4.0,3.0,16.0,0.0,0.0,0.0,1.0,0.0,3.0,9.0,9.0,13.0,0.0,0.0,8.0,6.0,1.0,3.0,10.0,3.0,0.0,0.39,0.37,0.0,0.0,0.0,0.0,17.36,13.0,14.08,1.0,0.12,0.0,0.0,0.88,0.97,0.94
847740284800238482089,2025,Neighbours-Thomas-Buchnevich,STL,line,5on5,5,2391.0,9.0,0.52,0.51,0.46,23.77,2.65,1.58,5.53,0.75,12.28,9.2,2.42,2.54,2.32,22.0,10.0,13.0,45.0,4.0,3.0,1.0,4.0,0.0,10.0,11.0,18.0,28.0,4.0,8.0,20.0,11.0,1.0,14.0,21.0,7.0,4.0,0.55,0.99,1.12,1.0,2.0,1.0,44.42,32.0,31.49,4.0,0.33,0.83,0.83,2.15,2.09,2.0,27.84,2.45,1.63,6.64,0.92,14.02,11.34,2.22,2.51,2.28,26.0,11.0,7.0,44.0,5.0,4.0,1.0,7.0,0.0,11.0,10.0,21.0,32.0,3.0,6.0,24.0,8.0,5.0,12.0,28.0,4.0,5.0,0.7,0.52,1.22,3.0,1.0,1.0,45.81,37.0,38.13,3.0,0.34,0.98,0.98,1.8,1.84,1.74
84747168482122,2025,Faber-Spurgeon,MIN,pairing,5on5,12,628.0,100.0,0.52,0.4,0.46,4.59,0.52,0.33,1.07,0.12,2.18,1.77,0.51,0.53,0.52,5.0,1.0,0.0,6.0,0.0,1.0,0.0,3.0,0.0,1.0,1.0,5.0,6.0,0.0,0.0,2.0,7.0,1.0,2.0,5.0,0.0,1.0,0.19,0.0,0.34,0.0,0.0,0.0,6.06,6.0,6.07,1.0,0.07,0.34,0.34,0.25,0.26,0.26,4.85,0.48,0.32,1.08,0.15,2.85,2.13,0.47,0.51,0.5,1.0,6.0,2.0,9.0,0.0,0.0,0.0,0.0,0.0,2.0,5.0,1.0,7.0,0.0,0.0,1.0,3.0,2.0,5.0,5.0,1.0,1.0,0.15,0.1,0.23,0.0,0.0,0.0,9.43,7.0,7.47,3.0,0.06,0.0,0.0,0.54,0.57,0.57
84775048477938,2025,Morrissey-Fleury,WPG,pairing,5on5,8,660.0,62.0,0.53,0.39,0.38,6.49,0.73,0.47,1.56,0.17,2.89,2.17,0.68,0.72,0.67,5.0,3.0,1.0,9.0,1.0,1.0,0.0,0.0,0.0,5.0,1.0,4.0,7.0,0.0,0.0,1.0,6.0,3.0,4.0,5.0,1.0,2.0,0.14,0.14,0.46,1.0,0.0,0.0,9.0,8.0,7.95,1.0,0.1,0.25,0.25,0.59,0.57,0.57,8.67,0.64,0.67,1.99,0.34,5.4,3.96,0.61,0.61,0.59,8.0,5.0,1.0,14.0,1.0,2.0,0.0,0.0,0.0,4.0,6.0,7.0,12.0,2.0,4.0,0.0,1.0,2.0,4.0,10.0,3.0,0.0,0.3,0.34,0.0,1.0,0.0,0.0,13.58,13.0,12.61,2.0,0.14,0.16,0.16,0.62,0.6,0.58
847742984774568484794,2025,Copp-Compher-Brandsegg-Nygrd,DET,line,5on5,6,3031.0,19.0,0.44,0.49,0.52,21.02,1.56,1.24,5.54,0.68,11.85,8.14,1.54,1.47,1.45,19.0,10.0,18.0,47.0,0.0,1.0,0.0,3.0,0.0,10.0,15.0,19.0,29.0,3.0,6.0,31.0,23.0,3.0,17.0,21.0,8.0,0.0,0.68,0.88,0.0,0.0,0.0,0.0,45.27,29.0,27.97,8.0,0.26,0.08,0.08,1.74,1.64,1.62,19.01,2.02,1.25,4.83,0.63,10.73,7.56,1.99,2.05,2.03,13.0,14.0,21.0,48.0,2.0,0.0,0.0,6.0,0.0,12.0,7.0,11.0,25.0,7.0,14.0,35.0,30.0,4.0,14.0,18.0,6.0,3.0,0.55,0.7,0.76,0.0,0.0,2.0,49.27,27.0,26.88,8.0,0.26,0.0,0.0,2.28,2.32,2.29
847456484751588476887,2025,Forsberg-O'Reilly-Stamkos,NSH,line,5on5,9,2020.0,54.0,0.5,0.51,0.45,18.16,1.84,1.27,4.02,0.58,9.49,6.8,1.81,1.9,1.86,11.0,13.0,12.0,36.0,1.0,2.0,0.0,3.0,0.0,10.0,8.0,10.0,23.0,3.0,6.0,23.0,5.0,3.0,5.0,13.0,11.0,0.0,0.41,1.43,0.0,0.0,1.0,0.0,35.92,24.0,24.33,2.0,0.26,0.32,0.32,1.79,1.84,1.8,21.11,1.86,1.39,4.89,0.67,11.7,8.49,1.8,1.84,1.78,19.0,10.0,5.0,34.0,0.0,2.0,0.0,7.0,0.0,7.0,13.0,19.0,29.0,0.0,0.0,12.0,10.0,2.0,9.0,20.0,7.0,2.0,0.54,0.87,0.46,0.0,0.0,0.0,34.24,29.0,28.97,4.0,0.29,0.4,0.4,1.74,1.72,1.71
84706138479398,2025,Girard-Burns,COL,pairing,5on5,2,1260.0,5.0,0.59,0.55,0.49,11.74,1.2,0.72,3.33,0.42,6.73,4.61,1.18,1.18,1.17,14.0,3.0,11.0,28.0,1.0,1.0,0.0,1.0,0.0,10.0,4.0,13.0,16.0,2.0,4.0,15.0,13.0,2.0,10.0,11.0,5.0,1.0,0.29,0.63,0.28,0.0,1.0,0.0,28.83,17.0,17.65,5.0,0.15,0.28,0.28,1.07,1.07,1.06,13.12,0.82,0.68,3.88,0.42,7.14,5.05,0.81,0.8,0.79,10.0,8.0,5.0,23.0,0.0,1.0,0.0,3.0,0.0,6.0,8.0,10.0,18.0,2.0,4.0,10.0,11.0,1.0,13.0,16.0,1.0,1.0,0.4,0.1,0.32,0.0,0.0,0.0,22.29,18.0,17.38,7.0,0.14,0.32,0.32,0.64,0.63,0.63
847844484784988480012,2025,Debrusk-Pettersson-Boeser,VAN,line,5on5,7,2035.0,49.0,0.38,0.41,0.44,17.87,1.46,1.2,4.66,0.54,9.35,6.79,1.39,1.43,1.36,14.0,10.0,4.0,28.0,2.0,2.0,0.0,1.0,0.0,8.0,11.0,12.0,22.0,1.0,2.0,14.0,11.0,4.0,9.0,20.0,2.0,2.0,0.77,0.25,0.44,2.0,0.0,0.0,27.83,24.0,23.57,6.0,0.25,0.44,0.44,1.27,1.25,1.23,22.84,2.39,1.46,5.51,0.77,12.09,8.78,2.15,2.47,2.23,24.0,7.0,10.0,41.0,2.0,4.0,2.0,3.0,0.0,14.0,8.0,22.0,29.0,2.0,4.0,22.0,14.0,1.0,7.0,21.0,7.0,3.0,0.62,0.9,0.88,0.0,1.0,1.0,42.03,31.0,32.02,4.0,0.31,1.01,1.01,1.68,1.7,1.6
84753248478469,2025,Chabot-Jensen,OTT,pairing,5on5,15,13317.0,22.0,0.48,0.49,0.49,101.85,8.7,6.7,25.51,3.38,55.77,39.94,8.56,8.77,8.63,91.0,49.0,52.0,192.0,9.0,4.0,0.0,21.0,1.0,56.0,49.0,82.0,131.0,15.0,37.0,113.0,106.0,21.0,53.0,106.0,26.0,8.0,3.23,3.51,1.95,3.0,5.0,1.0,191.63,140.0,140.15,28.0,1.39,0.98,0.98,9.11,9.15,9.09,104.31,9.52,6.71,26.63,3.46,56.38,40.3,9.11,9.54,9.12,91.0,52.0,58.0,201.0,9.0,14.0,2.0,20.0,0.0,50.0,50.0,82.0,134.0,16.0,35.0,80.0,101.0,21.0,56.0,104.0,29.0,10.0,3.07,3.43,3.02,3.0,4.0,2.0,203.59,143.0,144.27,35.0,1.39,2.99,2.99,7.92,7.95,7.83
84764638478136,2025,Brodin-Middleton,MIN,pairing,5on5,10,754.0,76.0,0.86,0.4,0.56,3.64,0.63,0.37,0.73,0.14,1.71,1.43,0.63,0.64,0.63,3.0,2.0,3.0,8.0,2.0,1.0,0.0,0.0,0.0,0.0,2.0,1.0,3.0,0.0,0.0,2.0,3.0,0.0,2.0,3.0,0.0,2.0,0.11,0.0,0.52,1.0,0.0,1.0,7.84,5.0,4.95,1.0,0.08,0.01,0.01,0.7,0.71,0.7,2.37,0.1,0.2,0.66,0.12,1.69,1.22,0.1,0.1,0.1,3.0,1.0,8.0,12.0,0.0,0.0,0.0,1.0,0.0,1.0,2.0,3.0,4.0,1.0,2.0,2.0,2.0,1.0,5.0,4.0,0.0,0.0,0.1,0.0,0.0,0.0,0.0,0.0,12.4,4.0,4.05,1.0,0.04,0.0,0.0,0.14,0.15,0.15
84751718479026,2025,Ekman-Larsson-Myers,TOR,pairing,5on5,7,1269.0,48.0,0.54,0.43,0.48,12.27,1.37,0.85,2.78,0.39,5.97,4.65,1.35,1.34,1.32,12.0,4.0,4.0,20.0,1.0,1.0,0.0,1.0,0.0,5.0,8.0,11.0,15.0,2.0,4.0,11.0,14.0,1.0,4.0,10.0,4.0,2.0,0.26,0.51,0.59,0.0,1.0,0.0,19.22,16.0,15.55,2.0,0.18,0.3,0.59,0.95,0.94,0.93,12.47,1.17,0.72,3.48,0.42,6.39,4.81,1.15,1.27,1.24,13.0,4.0,9.0,26.0,0.0,2.0,0.0,1.0,0.0,8.0,6.0,13.0,17.0,1.0,2.0,3.0,5.0,1.0,8.0,14.0,1.0,2.0,0.33,0.14,0.71,0.0,0.0,0.0,27.98,17.0,18.57,4.0,0.15,0.46,0.46,0.87,0.95,0.95
847886484815578482079,2025,Boldy-Rossi-Kaprizov,MIN,line,5on5,13,3021.0,114.0,0.52,0.59,0.53,31.23,2.52,2.07,7.72,1.0,16.82,12.87,2.38,2.58,2.44,21.0,22.0,21.0,64.0,4.0,3.0,0.0,0.0,0.0,17.0,19.0,17.0,39.0,0.0,0.0,21.0,10.0,3.0,15.0,32.0,9.0,2.0,0.91,1.04,0.56,1.0,2.0,1.0,64.93,43.0,43.5,7.0,0.43,0.38,0.38,2.56,2.61,2.52,27.35,2.34,1.7,6.98,0.95,14.97,11.07,2.28,2.35,2.28,26.0,12.0,7.0,45.0,3.0,3.0,0.0,8.0,0.0,7.0,17.0,23.0,35.0,4.0,8.0,19.0,14.0,5.0,19.0,27.0,9.0,2.0,0.75,0.92,0.67,3.0,0.0,0.0,45.1,38.0,38.23,9.0,0.35,0.6,0.6,2.09,2.09,2.09
84784688481527,2025,Lauzon-Korczak,VGK,pairing,5on5,14,10725.0,34.0,0.54,0.52,0.52,80.69,6.28,5.08,20.05,2.65,45.06,33.89,6.16,6.34,6.21,71.0,42.0,57.0,170.0,10.0,3.0,1.0,21.0,0.0,41.0,38.0,61.0,103.0,19.0,49.0,97.0,119.0,10.0,52.0,85.0,25.0,3.0,2.44,2.96,0.88,3.0,5.0,2.0,170.96,113.0,113.38,23.0,1.05,0.61,0.61,6.72,6.76,6.69,75.26,5.38,4.75,20.28,2.62,40.89,30.09,5.21,5.51,5.33,57.0,47.0,56.0,160.0,6.0,7.0,1.0,17.0,0.0,39.0,35.0,51.0,98.0,13.0,38.0,89.0,84.0,7.0,45.0,83.0,16.0,5.0,2.11,2.03,1.24,2.0,3.0,1.0,159.97,104.0,104.63,24.0,0.99,1.08,1.08,5.29,5.36,5.24
848079884842278484801,2025,Kurashev-Celebrini-Smith,SJS,line,5on5,7,1873.0,50.0,0.35,0.4,0.34,13.2,1.36,0.85,3.34,0.46,6.67,4.31,1.31,1.34,1.3,12.0,5.0,9.0,26.0,2.0,2.0,2.0,3.0,0.0,3.0,7.0,10.0,15.0,4.0,8.0,17.0,5.0,3.0,18.0,12.0,2.0,3.0,0.34,0.27,0.76,0.0,1.0,1.0,26.02,17.0,17.11,11.0,0.18,0.48,0.48,1.06,1.03,1.03,24.81,2.55,1.82,6.03,0.93,12.56,9.13,2.25,2.56,2.26,19.0,14.0,6.0,39.0,1.0,5.0,0.0,3.0,0.0,10.0,14.0,18.0,32.0,2.0,4.0,15.0,10.0,1.0,10.0,20.0,11.0,2.0,0.43,1.59,0.52,1.0,0.0,0.0,38.3,33.0,32.29,3.0,0.38,1.06,1.06,1.86,1.86,1.82
84778458480990,2025,Chisholm-Van Riemsdyk,WSH,pairing,5on5,4,1806.0,10.0,0.4,0.48,0.45,13.02,1.52,0.89,3.07,0.44,6.35,4.72,1.4,1.52,1.4,9.0,8.0,9.0,26.0,0.0,2.0,0.0,0.0,0.0,8.0,7.0,9.0,17.0,2.0,4.0,11.0,7.0,3.0,18.0,9.0,6.0,2.0,0.33,0.7,0.5,0.0,0.0,0.0,26.08,17.0,16.97,7.0,0.19,0.5,0.5,1.21,1.22,1.18,16.43,2.31,1.12,4.0,0.53,7.57,5.47,2.12,2.21,2.02,14.0,7.0,7.0,28.0,0.0,5.0,0.0,2.0,0.0,8.0,6.0,14.0,21.0,2.0,4.0,10.0,12.0,4.0,7.0,13.0,2.0,6.0,0.38,0.28,1.65,0.0,0.0,0.0,27.35,21.0,20.32,2.0,0.24,1.4,1.4,1.15,1.1,1.04
84785078484386,2025,Simashev-Marino,UTA,pairing,5on5,13,1203.0,128.0,0.21,0.37,0.32,5.39,0.31,0.3,1.37,0.18,3.41,2.43,0.3,0.31,0.31,6.0,2.0,5.0,13.0,0.0,0.0,0.0,3.0,0.0,3.0,2.0,6.0,8.0,1.0,2.0,3.0,8.0,0.0,5.0,8.0,0.0,0.0,0.31,0.0,0.0,0.0,0.0,0.0,13.15,8.0,8.06,3.0,0.06,0.0,0.0,0.37,0.38,0.37,12.18,1.13,0.74,2.97,0.41,6.82,4.94,1.12,1.11,1.09,13.0,4.0,5.0,22.0,2.0,1.0,1.0,1.0,0.0,7.0,6.0,11.0,15.0,1.0,2.0,7.0,9.0,3.0,5.0,10.0,7.0,0.0,0.35,0.77,0.0,0.0,2.0,0.0,21.74,17.0,16.52,4.0,0.15,0.12,0.12,1.16,1.14,1.14
847842084800278482740,2025,Robertson-Johnston-Rantanen,DAL,line,5on5,13,2609.0,103.0,0.66,0.57,0.58,30.2,3.48,2.03,7.17,1.01,15.87,11.44,3.33,3.36,3.22,30.0,11.0,13.0,54.0,3.0,6.0,0.0,5.0,0.0,13.0,14.0,27.0,38.0,0.0,0.0,17.0,6.0,3.0,11.0,24.0,14.0,3.0,0.83,1.87,0.78,1.0,2.0,0.0,51.86,41.0,39.23,7.0,0.42,1.01,1.01,2.9,2.81,2.78,21.85,1.78,1.32,5.56,0.74,11.74,8.85,1.76,1.86,1.84,22.0,8.0,11.0,41.0,1.0,1.0,0.0,4.0,0.0,11.0,13.0,21.0,29.0,2.0,4.0,19.0,15.0,7.0,7.0,24.0,5.0,1.0,0.86,0.65,0.28,1.0,0.0,0.0,42.99,30.0,31.72,5.0,0.27,0.03,0.03,2.02,2.1,2.08
847415084763998484180,2025,Honzek-Backlund-Coleman,CGY,line,5on5,13,6843.0,31.0,0.59,0.55,0.56,65.63,6.15,4.12,17.17,2.29,33.86,25.41,6.02,6.14,6.02,65.0,24.0,28.0,117.0,6.0,5.0,0.0,15.0,0.0,32.0,31.0,59.0,83.0,14.0,34.0,87.0,58.0,7.0,32.0,63.0,19.0,7.0,1.49,2.6,2.06,3.0,1.0,2.0,118.08,89.0,89.18,15.0,0.86,1.24,1.24,5.77,5.82,5.75,53.73,4.29,3.42,14.95,1.77,26.93,19.63,4.19,4.24,4.14,50.0,21.0,23.0,94.0,8.0,5.0,0.0,9.0,0.0,22.0,27.0,42.0,63.0,12.0,32.0,73.0,50.0,14.0,36.0,49.0,19.0,3.0,1.06,2.4,0.83,1.0,5.0,2.0,91.85,71.0,69.67,17.0,0.73,0.73,0.73,4.29,4.25,4.2
847740984779338482113,2025,Verhaeghe-Lundell-Reinhart,FLA,line,5on5,7,809.0,62.0,0.46,0.54,0.5,6.52,0.24,0.39,1.82,0.21,3.75,2.59,0.24,0.24,0.24,5.0,4.0,4.0,13.0,0.0,0.0,0.0,1.0,0.0,2.0,6.0,5.0,9.0,0.0,0.0,7.0,4.0,0.0,4.0,9.0,0.0,0.0,0.24,0.0,0.0,0.0,0.0,0.0,13.32,9.0,8.94,1.0,0.08,0.0,0.0,0.32,0.32,0.32,6.18,0.28,0.38,1.42,0.19,4.07,2.66,0.28,0.27,0.27,7.0,2.0,2.0,11.0,0.0,0.0,0.0,1.0,0.0,4.0,4.0,7.0,9.0,1.0,2.0,8.0,3.0,1.0,5.0,8.0,1.0,0.0,0.18,0.1,0.0,0.0,0.0,0.0,10.62,9.0,8.7,3.0,0.08,0.0,0.0,0.35,0.34,0.34
84768698482111,2025,Skjei-Barron,NSH,pairing,5on5,11,665.0,81.0,0.77,0.58,0.63,7.73,0.8,0.52,1.89,0.24,3.7,2.85,0.76,0.77,0.73,7.0,3.0,1.0,11.0,0.0,2.0,0.0,2.0,0.0,5.0,1.0,7.0,10.0,1.0,2.0,2.0,7.0,1.0,3.0,6.0,3.0,1.0,0.16,0.44,0.21,0.0,0.0,0.0,10.56,10.0,9.57,1.0,0.11,0.38,0.38,0.54,0.53,0.53,4.53,0.24,0.26,1.16,0.14,2.41,1.79,0.24,0.24,0.24,4.0,2.0,2.0,8.0,1.0,0.0,0.0,1.0,0.0,2.0,2.0,3.0,5.0,2.0,4.0,0.0,5.0,2.0,2.0,6.0,0.0,0.0,0.24,0.0,0.0,1.0,0.0,0.0,8.2,6.0,6.06,2.0,0.05,0.0,0.0,0.29,0.3,0.3
847353384769218477478,2025,Martinook-Staal-Carrier,CAR,line,5on5,8,4118.0,22.0,0.56,0.6,0.57,40.84,3.82,2.5,11.05,1.33,21.14,15.17,3.55,3.95,3.69,34.0,21.0,33.0,88.0,4.0,6.0,0.0,10.0,0.0,23.0,12.0,30.0,51.0,4.0,8.0,67.0,40.0,4.0,23.0,38.0,12.0,5.0,0.93,1.46,1.43,2.0,2.0,0.0,91.14,55.0,57.1,11.0,0.52,1.42,1.42,2.92,3.05,2.98,30.87,2.95,1.85,8.27,1.06,15.6,12.26,2.91,2.86,2.82,31.0,11.0,17.0,59.0,2.0,3.0,0.0,4.0,0.0,20.0,13.0,29.0,40.0,6.0,12.0,41.0,30.0,1.0,26.0,30.0,9.0,3.0,0.88,1.3,0.77,1.0,1.0,0.0,57.16,42.0,40.84,13.0,0.39,0.36,0.36,2.98,2.89,2.86
84778108484768,2025,Hanley-Parekh,CGY,pairing,5on5,8,3157.0,35.0,0.71,0.65,0.65,31.27,2.93,1.94,7.73,0.99,16.55,11.85,2.86,2.95,2.88,32.0,10.0,24.0,66.0,3.0,5.0,0.0,4.0,0.0,16.0,14.0,29.0,39.0,2.0,4.0,29.0,35.0,3.0,13.0,32.0,8.0,2.0,0.93,1.24,0.77,2.0,1.0,0.0,66.68,42.0,42.59,7.0,0.4,1.2,1.2,2.13,2.17,2.13,16.51,1.19,0.95,4.18,0.51,9.49,6.68,1.19,1.21,1.19,16.0,7.0,13.0,36.0,1.0,0.0,0.0,6.0,0.0,11.0,5.0,15.0,22.0,3.0,6.0,23.0,36.0,9.0,16.0,19.0,3.0,1.0,0.49,0.36,0.34,1.0,0.0,0.0,36.24,23.0,23.11,9.0,0.2,0.0,0.0,1.39,1.4,1.39
84800368481581,2025,Heiskanen-Harley,DAL,pairing,5on5,15,3038.0,78.0,0.3,0.42,0.41,22.21,1.34,1.24,6.04,0.7,11.87,8.82,1.3,1.28,1.25,17.0,13.0,13.0,43.0,0.0,1.0,0.0,4.0,0.0,15.0,10.0,17.0,30.0,4.0,8.0,35.0,19.0,5.0,9.0,26.0,4.0,0.0,0.8,0.54,0.0,0.0,0.0,0.0,40.98,30.0,28.44,5.0,0.26,0.03,0.03,1.56,1.5,1.46,32.42,3.17,2.11,7.56,1.1,17.4,12.66,3.1,3.2,3.13,20.0,24.0,16.0,60.0,3.0,4.0,1.0,5.0,0.0,19.0,13.0,17.0,41.0,3.0,6.0,22.0,19.0,4.0,12.0,28.0,14.0,2.0,0.84,1.83,0.5,2.0,1.0,0.0,61.06,44.0,44.85,6.0,0.44,0.7,0.7,2.9,2.95,2.91
84735078478859,2025,Mikkola-Petry,FLA,pairing,5on5,8,666.0,55.0,0.21,0.31,0.36,2.95,0.13,0.14,0.81,0.1,1.49,1.33,0.13,0.13,0.12,2.0,2.0,0.0,4.0,0.0,0.0,0.0,1.0,0.0,0.0,3.0,2.0,4.0,0.0,0.0,2.0,4.0,0.0,2.0,4.0,0.0,0.0,0.13,0.0,0.0,0.0,0.0,0.0,3.99,4.0,4.02,1.0,0.03,0.0,0.0,0.16,0.15,0.15,5.41,0.48,0.35,1.69,0.18,2.59,1.7,0.48,0.5,0.49,5.0,2.0,2.0,9.0,1.0,1.0,1.0,1.0,0.0,3.0,1.0,4.0,6.0,0.0,0.0,7.0,5.0,1.0,3.0,6.0,0.0,1.0,0.17,0.0,0.31,0.0,0.0,1.0,8.91,7.0,7.02,2.0,0.08,0.31,0.31,0.25,0.26,0.25
847579884788738481754,2025,Nesterenko-Granlund-Terry,ANA,line,5on5,3,1545.0,10.0,0.62,0.57,0.6,23.09,1.91,1.44,5.96,0.76,11.93,9.0,1.82,2.03,1.93,17.0,14.0,11.0,42.0,3.0,4.0,0.0,2.0,0.0,9.0,13.0,14.0,28.0,1.0,2.0,20.0,1.0,2.0,1.0,23.0,6.0,2.0,0.55,0.82,0.54,1.0,2.0,0.0,44.1,31.0,32.33,0.0,0.3,0.73,0.73,1.48,1.58,1.55,15.37,1.19,0.94,3.79,0.5,8.27,6.32,1.17,1.12,1.1,15.0,6.0,11.0,32.0,1.0,0.0,0.0,3.0,0.0,13.0,4.0,14.0,20.0,2.0,4.0,15.0,7.0,3.0,5.0,14.0,6.0,1.0,0.33,0.63,0.23,0.0,1.0,0.0,30.36,21.0,19.9,4.0,0.2,0.0,0.0,1.39,1.3,1.28
847645984785508482157,2025,Cuylle-Zibanejad-Panarin,NYR,line,5on5,6,3334.0,23.0,0.65,0.6,0.59,35.23,3.42,2.28,8.57,1.16,18.97,13.61,3.31,3.54,3.42,31.0,17.0,16.0,64.0,3.0,3.0,0.0,4.0,1.0,15.0,22.0,28.0,45.0,2.0,4.0,26.0,27.0,5.0,12.0,33.0,12.0,3.0,0.88,1.63,0.92,2.0,1.0,0.0,64.65,48.0,48.42,2.0,0.48,0.8,0.8,3.1,3.17,3.12,24.7,1.83,1.42,6.49,0.81,13.29,10.16,1.79,1.78,1.75,19.0,15.0,9.0,43.0,1.0,2.0,0.0,6.0,0.0,8.0,17.0,18.0,33.0,1.0,2.0,23.0,13.0,1.0,23.0,27.0,6.0,1.0,0.8,0.71,0.31,0.0,1.0,0.0,42.75,34.0,33.72,15.0,0.29,0.44,0.44,1.68,1.65,1.61
84779698484240,2025,Pettersson-Willander,VAN,pairing,5on5,6,2040.0,32.0,0.44,0.46,0.45,17.44,1.27,1.11,4.19,0.6,9.28,7.55,1.24,1.31,1.28,13.0,11.0,8.0,32.0,1.0,2.0,0.0,2.0,0.0,11.0,8.0,12.0,23.0,4.0,8.0,14.0,14.0,2.0,10.0,18.0,6.0,0.0,0.48,0.8,0.0,0.0,1.0,0.0,31.73,24.0,23.82,4.0,0.23,0.18,0.18,1.32,1.36,1.33,20.88,1.63,1.31,5.13,0.71,11.98,8.25,1.54,1.67,1.58,18.0,11.0,9.0,38.0,1.0,1.0,0.0,5.0,0.0,13.0,9.0,17.0,28.0,2.0,4.0,16.0,17.0,0.0,3.0,24.0,4.0,1.0,0.63,0.69,0.3,1.0,0.0,0.0,38.36,29.0,29.4,0.0,0.27,0.3,0.3,1.59,1.61,1.58
84768918481806,2025,Grzelcyk-Crevier,CHI,pairing,5on5,13,1511.0,129.0,0.75,0.73,0.74,24.59,2.86,1.61,6.93,0.86,11.47,8.27,2.68,3.02,2.82,23.0,9.0,8.0,40.0,4.0,7.0,1.0,1.0,0.0,11.0,9.0,19.0,28.0,0.0,0.0,11.0,11.0,3.0,13.0,21.0,6.0,5.0,0.65,0.85,1.36,2.0,0.0,2.0,42.38,32.0,33.59,7.0,0.33,1.25,1.29,1.9,1.97,1.93,8.45,0.93,0.59,1.81,0.25,4.25,3.18,0.92,0.91,0.9,8.0,3.0,4.0,15.0,0.0,1.0,0.0,5.0,0.0,0.0,5.0,8.0,11.0,1.0,2.0,10.0,13.0,0.0,10.0,8.0,1.0,2.0,0.32,0.15,0.46,0.0,0.0,0.0,14.34,11.0,10.68,6.0,0.12,0.23,0.23,0.82,0.8,0.8
847517084793858480459,2025,Schenn-Suter-Kyrou,STL,line,5on5,2,1070.0,5.0,0.49,0.46,0.43,8.92,0.86,0.54,2.17,0.26,4.73,3.44,0.84,0.83,0.81,8.0,4.0,5.0,17.0,1.0,1.0,1.0,0.0,0.0,6.0,4.0,7.0,11.0,0.0,0.0,8.0,3.0,1.0,5.0,10.0,1.0,1.0,0.28,0.17,0.4,0.0,0.0,1.0,16.19,12.0,11.44,3.0,0.11,0.4,0.4,0.57,0.54,0.53,11.94,0.9,0.66,3.23,0.39,5.92,4.9,0.88,0.94,0.92,11.0,5.0,4.0,20.0,0.0,2.0,0.0,4.0,0.0,4.0,6.0,11.0,16.0,1.0,2.0,13.0,2.0,2.0,5.0,13.0,2.0,1.0,0.32,0.25,0.33,0.0,0.0,0.0,20.93,16.0,16.67,3.0,0.14,0.46,0.46,0.57,0.6,0.59
847415084763998482074,2025,Coleman-Backlund-Zary,CGY,line,5on5,3,990.0,12.0,0.27,0.52,0.5,6.97,0.3,0.26,1.68,0.2,3.33,3.23,0.3,0.31,0.31,6.0,3.0,3.0,12.0,0.0,0.0,0.0,2.0,0.0,3.0,4.0,6.0,9.0,1.0,2.0,12.0,11.0,0.0,10.0,7.0,2.0,0.0,0.09,0.21,0.0,0.0,0.0,0.0,12.02,9.0,8.99,7.0,0.05,0.0,0.0,0.35,0.36,0.36,7.12,0.82,0.4,1.79,0.23,3.15,2.62,0.7,0.88,0.75,6.0,3.0,2.0,11.0,1.0,2.0,0.0,0.0,0.0,1.0,5.0,5.0,8.0,2.0,4.0,6.0,8.0,2.0,6.0,6.0,2.0,1.0,0.15,0.29,0.37,1.0,0.0,0.0,11.5,9.0,9.35,3.0,0.08,0.57,0.57,0.34,0.35,0.34
84757538481006,2025,Tucker-Faulk,STL,pairing,5on5,13,3234.0,75.0,0.44,0.41,0.44,24.95,1.98,1.52,6.11,0.77,12.95,9.66,1.96,2.03,2.01,25.0,8.0,8.0,41.0,5.0,1.0,0.0,3.0,0.0,10.0,14.0,20.0,28.0,2.0,4.0,14.0,34.0,3.0,22.0,24.0,8.0,1.0,0.67,1.1,0.21,3.0,2.0,0.0,40.85,33.0,33.14,11.0,0.32,0.16,0.16,2.14,2.17,2.15,30.79,2.58,1.92,8.13,1.11,16.16,12.12,2.41,2.69,2.51,25.0,17.0,16.0,58.0,4.0,7.0,1.0,8.0,0.0,14.0,9.0,21.0,38.0,0.0,0.0,24.0,14.0,6.0,17.0,33.0,5.0,4.0,1.01,0.59,0.97,3.0,0.0,1.0,61.38,42.0,44.13,7.0,0.39,1.11,1.11,1.85,1.95,1.92
847794784821488484186,2025,Milano-Lapierre-Leonard,WSH,line,5on5,6,2201.0,24.0,0.64,0.61,0.61,24.3,2.27,1.56,6.29,0.9,12.64,9.33,2.25,2.25,2.22,24.0,9.0,18.0,51.0,1.0,2.0,0.0,6.0,0.0,13.0,11.0,23.0,32.0,2.0,4.0,15.0,18.0,4.0,12.0,24.0,7.0,2.0,0.76,0.9,0.61,1.0,0.0,0.0,52.05,33.0,33.01,6.0,0.33,0.47,0.47,2.13,2.11,2.09,15.96,1.28,0.75,3.69,0.5,7.7,7.08,1.22,1.26,1.2,12.0,9.0,11.0,32.0,0.0,2.0,0.0,2.0,0.0,6.0,11.0,12.0,21.0,1.0,2.0,16.0,14.0,3.0,10.0,16.0,4.0,1.0,0.41,0.52,0.34,0.0,0.0,0.0,31.63,21.0,21.01,6.0,0.15,0.5,0.5,0.93,0.93,0.92
84752008484806,2025,Orlov-Dickinson,SJS,pairing,5on5,9,1176.0,80.0,0.41,0.5,0.42,7.57,0.72,0.47,1.72,0.23,3.75,3.12,0.72,0.71,0.7,8.0,2.0,5.0,15.0,1.0,0.0,0.0,3.0,0.0,2.0,4.0,7.0,9.0,6.0,15.0,9.0,13.0,1.0,13.0,7.0,2.0,1.0,0.19,0.25,0.29,1.0,0.0,0.0,14.62,10.0,9.79,8.0,0.1,0.0,0.0,0.82,0.8,0.8,10.41,1.05,0.67,2.48,0.31,5.54,3.94,1.05,1.13,1.13,10.0,4.0,1.0,15.0,0.0,0.0,0.0,5.0,0.0,2.0,7.0,10.0,14.0,2.0,7.0,4.0,5.0,1.0,6.0,9.0,3.0,2.0,0.25,0.38,0.43,0.0,0.0,0.0,15.78,14.0,14.55,4.0,0.14,0.0,0.0,1.19,1.28,1.27
84751718476853,2025,Ekman-Larsson-Rielly,TOR,pairing,5on5,14,3176.0,68.0,0.74,0.64,0.65,39.25,4.31,3.07,10.61,1.42,19.95,13.64,4.01,4.13,3.85,30.0,23.0,21.0,74.0,6.0,10.0,2.0,3.0,1.0,17.0,16.0,24.0,47.0,2.0,4.0,36.0,18.0,3.0,17.0,32.0,15.0,6.0,0.91,1.78,1.62,2.0,1.0,3.0,69.92,53.0,50.33,6.0,0.66,1.74,1.74,3.23,3.1,3.01,20.49,1.53,1.41,4.93,0.65,11.44,8.04,1.52,1.6,1.59,20.0,8.0,13.0,41.0,4.0,1.0,0.0,5.0,0.0,12.0,6.0,16.0,24.0,4.0,8.0,29.0,17.0,6.0,20.0,21.0,7.0,0.0,0.65,0.88,0.0,3.0,1.0,0.0,42.8,28.0,29.38,7.0,0.29,0.05,0.05,1.76,1.85,1.84
84779508481569,2025,Warren-Deangelo,NYI,pairing,5on5,2,1151.0,6.0,0.57,0.52,0.48,8.61,0.92,0.54,2.18,0.35,4.32,3.69,0.87,0.96,0.91,5.0,7.0,5.0,17.0,1.0,1.0,0.0,1.0,0.0,5.0,4.0,4.0,11.0,1.0,2.0,6.0,6.0,2.0,5.0,7.0,4.0,1.0,0.19,0.5,0.23,0.0,1.0,0.0,17.16,12.0,12.26,3.0,0.12,0.23,0.23,0.81,0.85,0.82,9.47,0.7,0.61,2.57,0.29,5.15,3.68,0.68,0.65,0.63,8.0,5.0,3.0,16.0,1.0,0.0,0.0,1.0,0.0,6.0,5.0,7.0,12.0,1.0,2.0,12.0,12.0,1.0,6.0,11.0,2.0,0.0,0.44,0.26,0.0,1.0,0.0,0.0,15.2,13.0,12.3,1.0,0.13,0.0,0.0,0.82,0.77,0.75
84741518482655,2025,Mcdonagh-Moser,TBL,pairing,5on5,11,1420.0,62.0,0.69,0.54,0.55,11.17,0.85,0.73,2.71,0.41,6.28,5.03,0.85,0.88,0.87,11.0,5.0,4.0,20.0,0.0,1.0,0.0,4.0,0.0,6.0,5.0,11.0,16.0,0.0,0.0,4.0,7.0,0.0,7.0,12.0,4.0,0.0,0.38,0.47,0.0,0.0,0.0,0.0,20.61,16.0,16.64,1.0,0.15,0.16,0.16,0.84,0.86,0.86,9.57,0.38,0.48,2.41,0.31,5.15,4.28,0.38,0.37,0.37,8.0,5.0,4.0,17.0,0.0,0.0,0.0,2.0,0.0,6.0,5.0,8.0,13.0,1.0,2.0,2.0,9.0,1.0,9.0,13.0,0.0,0.0,0.38,0.0,0.0,0.0,0.0,0.0,16.64,13.0,12.66,5.0,0.09,0.0,0.0,0.48,0.46,0.46
847645484782338483512,2025,Mangiapane-Nugent-Hopkins-Savoie,EDM,line,5on5,3,973.0,25.0,0.74,0.43,0.47,7.01,0.74,0.51,1.99,0.22,3.39,2.15,0.68,0.71,0.66,8.0,1.0,4.0,13.0,0.0,2.0,0.0,2.0,0.0,3.0,2.0,8.0,9.0,2.0,4.0,6.0,3.0,0.0,3.0,6.0,1.0,2.0,0.1,0.15,0.48,0.0,0.0,0.0,12.99,9.0,9.01,0.0,0.11,0.28,0.28,0.57,0.55,0.55,7.13,0.26,0.33,1.95,0.25,3.93,3.28,0.26,0.26,0.26,3.0,7.0,7.0,17.0,0.0,0.0,0.0,1.0,0.0,5.0,4.0,3.0,10.0,1.0,2.0,11.0,10.0,2.0,9.0,9.0,1.0,0.0,0.11,0.14,0.0,0.0,0.0,0.0,16.53,10.0,9.79,5.0,0.07,0.0,0.0,0.32,0.32,0.32
84735078475179,2025,Kulikov-Petry,FLA,pairing,5on5,2,991.0,7.0,0.57,0.48,0.45,7.31,0.58,0.47,1.92,0.24,4.02,2.77,0.58,0.56,0.56,7.0,3.0,3.0,13.0,0.0,0.0,0.0,3.0,0.0,3.0,4.0,7.0,10.0,3.0,6.0,14.0,13.0,1.0,7.0,7.0,3.0,0.0,0.12,0.46,0.0,0.0,0.0,0.0,12.67,10.0,9.79,1.0,0.1,0.0,0.0,0.68,0.66,0.66,8.53,0.43,0.45,2.42,0.28,4.66,3.75,0.43,0.44,0.44,9.0,3.0,2.0,14.0,1.0,0.0,0.0,1.0,0.0,2.0,8.0,8.0,11.0,0.0,0.0,6.0,11.0,0.0,4.0,11.0,1.0,0.0,0.3,0.13,0.0,1.0,0.0,0.0,14.28,12.0,12.23,1.0,0.09,0.0,0.0,0.52,0.54,0.54
847578484807988484801,2025,Skinner-Celebrini-Kurashev,SJS,line,5on5,1,686.0,2.0,0.28,0.43,0.42,3.29,0.25,0.25,0.74,0.13,2.04,1.59,0.25,0.25,0.25,5.0,0.0,1.0,6.0,1.0,0.0,0.0,0.0,0.0,1.0,3.0,4.0,4.0,1.0,2.0,3.0,4.0,1.0,5.0,4.0,1.0,0.0,0.15,0.09,0.0,1.0,0.0,0.0,5.94,5.0,4.93,1.0,0.05,0.0,0.0,0.29,0.29,0.29,5.22,0.65,0.37,1.34,0.16,2.67,1.83,0.65,0.64,0.63,4.0,3.0,1.0,8.0,1.0,0.0,0.0,1.0,0.0,1.0,4.0,3.0,6.0,1.0,2.0,3.0,4.0,1.0,4.0,5.0,0.0,2.0,0.2,0.0,0.45,0.0,0.0,1.0,8.13,7.0,7.04,2.0,0.08,0.0,0.0,0.73,0.71,0.71
847897584834978483524,2025,Marchment-Wright-Nyman,SEA,line,5on5,6,1297.0,65.0,0.47,0.47,0.57,8.2,0.63,0.49,2.01,0.28,4.98,3.62,0.63,0.63,0.63,9.0,3.0,2.0,14.0,1.0,0.0,0.0,1.0,0.0,7.0,3.0,8.0,11.0,2.0,4.0,5.0,8.0,1.0,5.0,9.0,2.0,1.0,0.22,0.2,0.21,0.0,1.0,0.0,14.44,12.0,12.41,2.0,0.1,0.0,0.0,0.73,0.73,0.73,7.07,0.72,0.52,1.39,0.17,3.57,2.63,0.7,0.72,0.7,6.0,3.0,7.0,16.0,1.0,0.0,0.0,1.0,0.0,4.0,3.0,5.0,8.0,0.0,0.0,13.0,9.0,1.0,8.0,5.0,4.0,0.0,0.12,0.6,0.0,0.0,1.0,0.0,16.27,9.0,9.08,3.0,0.11,0.0,0.0,0.83,0.83,0.81
84801968480807,2025,Samuelsson-Bryson,BUF,pairing,5on5,4,763.0,31.0,0.67,0.73,0.5,2.27,0.12,0.1,0.57,0.06,1.15,0.99,0.12,0.12,0.12,2.0,1.0,5.0,8.0,1.0,0.0,0.0,0.0,0.0,1.0,1.0,1.0,2.0,2.0,4.0,10.0,7.0,3.0,7.0,3.0,0.0,0.0,0.12,0.0,0.0,1.0,0.0,0.0,7.67,3.0,2.86,6.0,0.02,0.0,0.0,0.14,0.14,0.14,2.14,0.06,0.11,0.61,0.06,1.27,0.88,0.06,0.05,0.05,2.0,1.0,0.0,3.0,0.0,0.0,0.0,2.0,0.0,0.0,1.0,2.0,3.0,2.0,4.0,6.0,8.0,1.0,2.0,3.0,0.0,0.0,0.06,0.0,0.0,0.0,0.0,0.0,2.91,3.0,2.91,1.0,0.02,0.0,0.0,0.08,0.07,0.07
847897584800098483524,2025,Marchment-Wright-Tolvanen,SEA,line,5on5,7,1164.0,65.0,0.3,0.55,0.36,3.77,0.23,0.19,0.99,0.12,1.95,1.52,0.23,0.23,0.23,2.0,3.0,12.0,17.0,0.0,0.0,0.0,1.0,0.0,2.0,2.0,2.0,5.0,0.0,0.0,9.0,11.0,1.0,6.0,4.0,1.0,0.0,0.09,0.14,0.0,0.0,0.0,0.0,16.43,5.0,4.9,3.0,0.04,0.0,0.0,0.27,0.27,0.27,6.4,0.54,0.4,1.5,0.21,3.74,2.6,0.54,0.55,0.55,6.0,3.0,5.0,14.0,1.0,0.0,0.0,2.0,0.0,3.0,3.0,5.0,8.0,2.0,4.0,9.0,9.0,1.0,7.0,6.0,2.0,1.0,0.08,0.25,0.21,0.0,0.0,1.0,14.49,9.0,9.3,3.0,0.09,0.0,0.0,0.62,0.63,0.63
84820948484798,2025,Buium-Hunt,MIN,pairing,5on5,2,1362.0,6.0,0.57,0.44,0.42,12.34,1.75,0.82,3.26,0.4,5.5,4.26,1.6,1.95,1.78,9.0,7.0,5.0,21.0,1.0,3.0,0.0,3.0,0.0,3.0,6.0,8.0,15.0,1.0,2.0,12.0,11.0,1.0,5.0,8.0,6.0,2.0,0.24,0.9,0.61,0.0,1.0,0.0,23.82,16.0,17.48,3.0,0.17,0.79,0.79,1.14,1.26,1.2,14.88,1.33,0.96,3.89,0.57,8.91,6.34,1.29,1.27,1.23,14.0,8.0,5.0,27.0,0.0,2.0,0.0,3.0,0.0,4.0,13.0,14.0,22.0,1.0,2.0,14.0,12.0,0.0,7.0,18.0,3.0,1.0,0.58,0.48,0.27,0.0,0.0,0.0,26.23,22.0,21.35,5.0,0.2,0.4,0.4,1.13,1.09,1.05
847740284804598483516,2025,Buchnevich-Suter-Snuggerud,STL,line,5on5,7,1586.0,70.0,0.33,0.43,0.39,10.31,1.17,0.71,2.41,0.37,6.18,4.16,1.07,1.18,1.08,7.0,8.0,5.0,20.0,1.0,1.0,1.0,3.0,0.0,7.0,3.0,6.0,14.0,0.0,0.0,10.0,3.0,4.0,5.0,10.0,3.0,2.0,0.26,0.34,0.58,0.0,0.0,1.0,20.68,15.0,15.31,1.0,0.15,0.28,0.28,1.04,1.05,1.02,17.56,2.41,1.23,4.22,0.53,8.52,6.09,2.32,2.4,2.32,17.0,6.0,3.0,26.0,1.0,2.0,0.0,2.0,0.0,6.0,12.0,16.0,22.0,0.0,0.0,12.0,6.0,2.0,13.0,15.0,5.0,3.0,0.47,0.73,1.21,0.0,1.0,0.0,26.2,23.0,23.29,4.0,0.26,0.96,0.96,1.7,1.73,1.71
84768748478507,2025,Mtt-Marino,UTA,pairing,5on5,13,1284.0,115.0,0.29,0.43,0.48,8.07,0.38,0.48,2.1,0.3,4.93,3.82,0.38,0.39,0.39,5.0,7.0,1.0,13.0,0.0,0.0,0.0,0.0,0.0,4.0,8.0,5.0,12.0,2.0,4.0,3.0,18.0,0.0,5.0,11.0,1.0,0.0,0.29,0.09,0.0,0.0,0.0,0.0,13.4,12.0,12.34,3.0,0.1,0.0,0.0,0.48,0.49,0.48,8.86,0.94,0.53,2.26,0.34,5.18,3.75,0.9,0.93,0.89,8.0,5.0,4.0,17.0,0.0,1.0,0.0,2.0,0.0,3.0,7.0,8.0,13.0,2.0,4.0,7.0,11.0,3.0,2.0,10.0,2.0,1.0,0.41,0.2,0.33,0.0,0.0,0.0,16.28,13.0,12.44,1.0,0.11,0.33,0.33,0.72,0.69,0.68
847749684779568482177,2025,Lindholm-Khusnutdinov-Pastrnak,BOS,line,5on5,4,1070.0,20.0,0.7,0.74,0.67,7.09,0.32,0.4,1.55,0.22,4.18,3.32,0.32,0.32,0.32,5.0,5.0,10.0,20.0,2.0,0.0,0.0,0.0,0.0,5.0,3.0,3.0,8.0,4.0,8.0,11.0,7.0,4.0,3.0,10.0,0.0,0.0,0.32,0.0,0.0,2.0,0.0,0.0,19.6,10.0,10.06,2.0,0.08,0.0,0.0,0.4,0.4,0.4,3.53,0.14,0.18,0.9,0.12,2.12,1.55,0.14,0.14,0.14,2.0,3.0,2.0,7.0,0.0,0.0,0.0,1.0,0.0,2.0,2.0,2.0,5.0,2.0,4.0,10.0,6.0,2.0,10.0,4.0,1.0,0.0,0.04,0.09,0.0,0.0,0.0,0.0,7.04,5.0,5.1,5.0,0.04,0.0,0.0,0.17,0.18,0.18
847794984794208482659,2025,Tuch-Thompson-Doan,BUF,line,5on5,1,658.0,1.0,0.65,0.66,0.64,12.14,1.16,0.85,3.17,0.39,6.11,4.33,1.1,1.07,1.02,9.0,7.0,5.0,21.0,1.0,1.0,0.0,4.0,0.0,9.0,1.0,8.0,15.0,2.0,4.0,8.0,1.0,3.0,3.0,10.0,5.0,1.0,0.24,0.71,0.2,1.0,0.0,0.0,19.7,16.0,15.04,2.0,0.18,0.2,0.2,1.13,1.06,1.03,6.58,0.61,0.41,1.73,0.2,3.45,2.59,0.59,0.68,0.66,8.0,1.0,2.0,11.0,0.0,1.0,0.0,2.0,0.0,2.0,4.0,8.0,9.0,1.0,2.0,6.0,7.0,0.0,5.0,7.0,1.0,1.0,0.24,0.11,0.26,0.0,0.0,0.0,12.54,9.0,10.22,3.0,0.09,0.26,0.26,0.44,0.49,0.48
84781368483460,2025,Middleton-Jiricek,MIN,pairing,5on5,9,2869.0,64.0,0.43,0.5,0.49,29.56,2.31,1.87,6.97,0.98,16.48,12.4,2.14,2.24,2.09,24.0,17.0,19.0,60.0,0.0,2.0,0.0,6.0,0.0,14.0,19.0,24.0,41.0,5.0,16.0,19.0,31.0,1.0,11.0,32.0,7.0,2.0,0.89,0.95,0.46,0.0,0.0,0.0,57.54,41.0,39.76,5.0,0.39,0.46,0.46,2.23,2.18,2.04,32.24,3.07,2.33,8.08,1.02,16.02,11.48,2.74,3.21,2.84,26.0,16.0,17.0,59.0,2.0,6.0,0.0,4.0,0.0,15.0,15.0,24.0,40.0,2.0,10.0,24.0,20.0,1.0,15.0,29.0,11.0,2.0,0.96,1.44,0.67,1.0,1.0,0.0,61.14,42.0,43.7,8.0,0.49,1.13,1.13,2.43,2.5,2.4
847464184834558485493,2025,Howard-Tomasek-Henrique,EDM,line,5on5,8,1900.0,45.0,0.49,0.54,0.6,16.75,1.12,1.07,4.68,0.55,9.65,6.93,1.06,1.12,1.06,15.0,9.0,6.0,30.0,0.0,2.0,0.0,3.0,0.0,9.0,10.0,15.0,24.0,3.0,6.0,18.0,9.0,1.0,6.0,19.0,4.0,1.0,0.35,0.45,0.32,0.0,0.0,0.0,30.25,24.0,24.41,3.0,0.22,0.44,0.44,0.9,0.91,0.86,11.92,1.16,0.83,2.88,0.41,6.16,4.57,1.14,1.16,1.14,8.0,8.0,10.0,26.0,0.0,0.0,0.0,0.0,0.0,12.0,4.0,8.0,16.0,2.0,4.0,14.0,12.0,1.0,11.0,10.0,6.0,0.0,0.26,0.89,0.0,0.0,0.0,0.0,26.18,16.0,15.82,7.0,0.17,0.0,0.0,1.33,1.33,1.3
84752008479576,2025,Orlov-Desharnais,SJS,pairing,5on5,9,801.0,86.0,0.56,0.41,0.53,7.52,0.78,0.44,1.99,0.26,3.58,2.95,0.73,0.83,0.77,7.0,3.0,3.0,13.0,0.0,1.0,0.0,3.0,0.0,2.0,4.0,7.0,10.0,1.0,2.0,6.0,6.0,1.0,3.0,7.0,1.0,2.0,0.16,0.15,0.47,0.0,0.0,0.0,13.5,10.0,10.18,1.0,0.1,0.2,0.2,0.67,0.7,0.7,6.96,0.62,0.47,1.88,0.23,3.31,2.48,0.55,0.62,0.56,5.0,4.0,10.0,19.0,0.0,1.0,0.0,0.0,0.0,3.0,5.0,5.0,9.0,1.0,2.0,7.0,5.0,0.0,2.0,6.0,2.0,1.0,0.15,0.24,0.23,0.0,0.0,0.0,18.56,9.0,9.0,1.0,0.1,0.23,0.23,0.48,0.48,0.44
84784688480727,2025,Lauzon-Whitecloud,VGK,pairing,5on5,12,1474.0,62.0,0.42,0.47,0.48,8.77,0.58,0.61,2.21,0.34,5.3,3.97,0.57,0.57,0.55,8.0,5.0,3.0,16.0,0.0,1.0,0.0,4.0,0.0,5.0,3.0,8.0,13.0,3.0,6.0,12.0,13.0,2.0,6.0,10.0,3.0,0.0,0.2,0.38,0.0,0.0,0.0,0.0,15.6,13.0,12.71,3.0,0.13,0.01,0.01,0.69,0.68,0.67,9.68,0.81,0.65,2.13,0.31,5.93,4.16,0.8,0.81,0.8,8.0,6.0,4.0,18.0,1.0,0.0,0.0,2.0,0.0,6.0,5.0,7.0,13.0,1.0,2.0,7.0,13.0,0.0,6.0,10.0,4.0,0.0,0.31,0.5,0.0,0.0,1.0,0.0,18.01,14.0,14.14,2.0,0.14,0.0,0.0,0.94,0.95,0.93
847523184774078481237,2025,Duclair-Cizikas-Maclean,NYI,line,5on5,5,1685.0,26.0,0.44,0.42,0.48,12.24,1.08,0.63,3.28,0.42,6.08,4.52,1.06,1.05,1.03,12.0,4.0,5.0,21.0,1.0,2.0,0.0,1.0,0.0,2.0,10.0,11.0,15.0,4.0,8.0,19.0,11.0,1.0,9.0,11.0,4.0,1.0,0.25,0.56,0.27,1.0,0.0,0.0,20.16,16.0,15.54,4.0,0.13,0.35,0.35,0.86,0.84,0.83,12.14,1.35,0.79,2.88,0.4,6.8,4.78,1.28,1.46,1.38,12.0,5.0,12.0,29.0,1.0,1.0,0.0,1.0,0.0,5.0,9.0,11.0,16.0,2.0,4.0,11.0,9.0,4.0,7.0,12.0,4.0,1.0,0.36,0.59,0.4,0.0,1.0,0.0,30.1,17.0,17.41,2.0,0.17,0.4,0.4,1.11,1.17,1.16
847740784775008482476,2025,Heineman-Horvat-Duclair,NYI,line,5on5,2,614.0,18.0,0.41,0.6,0.47,5.64,0.28,0.36,1.52,0.19,3.31,2.33,0.28,0.26,0.25,4.0,4.0,7.0,15.0,0.0,1.0,0.0,1.0,0.0,2.0,4.0,4.0,8.0,1.0,2.0,5.0,4.0,0.0,2.0,6.0,2.0,0.0,0.09,0.19,0.0,0.0,0.0,0.0,13.17,8.0,7.12,0.0,0.07,0.02,0.02,0.34,0.3,0.3,6.18,0.41,0.38,1.51,0.24,3.63,2.83,0.4,0.44,0.43,5.0,4.0,1.0,10.0,0.0,1.0,0.0,2.0,0.0,3.0,3.0,5.0,9.0,1.0,2.0,5.0,6.0,2.0,5.0,7.0,2.0,0.0,0.19,0.22,0.0,0.0,0.0,0.0,11.37,9.0,10.09,2.0,0.08,0.01,0.01,0.47,0.51,0.51
84824708484258,2025,Solovyov-Malinski,COL,pairing,5on5,9,4607.0,27.0,0.62,0.62,0.64,48.26,4.03,3.11,13.04,1.68,26.83,19.31,3.87,4.19,4.04,42.0,26.0,28.0,96.0,0.0,2.0,0.0,10.0,0.0,37.0,19.0,42.0,68.0,3.0,6.0,31.0,40.0,7.0,23.0,52.0,14.0,2.0,1.62,1.93,0.48,0.0,0.0,0.0,99.4,68.0,70.45,10.0,0.64,0.36,0.36,4.31,4.5,4.36,28.22,2.44,1.85,6.57,0.89,14.88,11.37,2.39,2.4,2.36,26.0,12.0,22.0,60.0,2.0,3.0,1.0,1.0,0.0,21.0,11.0,24.0,36.0,6.0,12.0,43.0,43.0,5.0,30.0,30.0,5.0,3.0,0.87,0.73,0.83,0.0,1.0,1.0,57.92,38.0,37.48,19.0,0.38,0.47,0.47,2.35,2.32,2.28
847522084774518478508,2025,Foligno-Hartman-Trenin,MIN,line,5on5,7,1880.0,62.0,0.49,0.42,0.44,13.57,0.98,0.87,3.22,0.42,7.9,5.6,0.98,1.0,1.0,15.0,4.0,3.0,22.0,0.0,0.0,0.0,5.0,0.0,8.0,6.0,15.0,19.0,2.0,4.0,18.0,22.0,2.0,11.0,15.0,3.0,1.0,0.33,0.42,0.24,0.0,0.0,0.0,22.03,19.0,18.84,7.0,0.18,0.0,0.0,1.16,1.18,1.18,18.21,1.02,1.02,4.25,0.57,9.63,7.51,1.01,1.0,0.99,18.0,6.0,7.0,31.0,1.0,0.0,0.0,4.0,0.0,10.0,9.0,17.0,23.0,3.0,6.0,26.0,12.0,2.0,12.0,18.0,6.0,0.0,0.35,0.68,0.0,1.0,0.0,0.0,31.14,24.0,23.99,9.0,0.21,0.0,0.0,1.23,1.21,1.2
84764678478407,2025,Dunn-Oleksiak,SEA,pairing,5on5,10,624.0,70.0,0.4,0.58,0.54,4.88,0.16,0.26,1.29,0.14,2.93,2.21,0.15,0.16,0.16,6.0,1.0,7.0,14.0,0.0,0.0,0.0,3.0,0.0,3.0,1.0,6.0,7.0,2.0,4.0,3.0,4.0,1.0,4.0,7.0,0.0,0.0,0.16,0.0,0.0,0.0,0.0,0.0,14.17,7.0,7.09,1.0,0.05,0.0,0.0,0.21,0.22,0.21,4.11,0.24,0.31,0.94,0.14,2.61,1.77,0.24,0.24,0.24,5.0,1.0,4.0,10.0,0.0,0.0,0.0,1.0,0.0,2.0,3.0,5.0,6.0,1.0,2.0,0.0,2.0,1.0,5.0,5.0,1.0,0.0,0.16,0.08,0.0,0.0,0.0,0.0,10.48,6.0,6.06,2.0,0.06,0.0,0.0,0.3,0.3,0.3
847121584716758475810,2025,Malkin-Crosby-Rust,PIT,line,5on5,9,1108.0,69.0,0.66,0.57,0.6,13.36,1.72,1.01,3.33,0.46,6.44,5.05,1.59,1.77,1.64,13.0,5.0,3.0,21.0,0.0,2.0,0.0,3.0,0.0,10.0,3.0,13.0,18.0,0.0,0.0,8.0,3.0,1.0,11.0,11.0,5.0,2.0,0.39,0.84,0.48,0.0,0.0,0.0,21.17,18.0,18.28,3.0,0.22,0.39,0.39,1.54,1.6,1.54,9.53,0.87,0.67,2.66,0.31,4.31,3.18,0.84,0.88,0.85,9.0,3.0,4.0,16.0,2.0,0.0,0.0,2.0,0.0,3.0,5.0,7.0,10.0,2.0,4.0,14.0,9.0,1.0,8.0,9.0,2.0,1.0,0.29,0.34,0.23,2.0,0.0,0.0,16.55,12.0,12.2,6.0,0.15,0.0,0.0,1.01,1.02,0.99
84768568483503,2025,Pickering-Dumba,PIT,pairing,5on5,2,1454.0,6.0,0.39,0.39,0.42,11.54,0.96,0.83,3.35,0.43,6.01,4.42,0.87,1.01,0.92,13.0,3.0,4.0,20.0,1.0,2.0,0.0,4.0,0.0,3.0,6.0,12.0,15.0,2.0,4.0,13.0,7.0,2.0,8.0,13.0,2.0,1.0,0.45,0.21,0.29,1.0,0.0,0.0,20.54,16.0,16.45,4.0,0.18,0.39,0.39,0.74,0.77,0.75,16.6,1.52,1.02,4.49,0.57,8.13,6.28,1.41,1.49,1.39,14.0,8.0,9.0,31.0,0.0,2.0,0.0,3.0,0.0,7.0,10.0,14.0,22.0,0.0,0.0,13.0,10.0,0.0,4.0,17.0,2.0,3.0,0.41,0.26,0.84,0.0,0.0,0.0,30.47,22.0,22.11,2.0,0.21,0.57,0.57,1.16,1.14,1.12
848001584815338484387,2025,Tippett-Zegras-Michkov,PHI,line,5on5,5,755.0,35.0,0.68,0.52,0.48,8.4,0.9,0.58,2.0,0.26,4.15,3.11,0.85,0.9,0.86,6.0,5.0,3.0,14.0,2.0,2.0,0.0,1.0,0.0,3.0,3.0,4.0,9.0,1.0,2.0,2.0,3.0,0.0,8.0,7.0,3.0,1.0,0.26,0.35,0.28,2.0,0.0,0.0,14.08,11.0,11.04,3.0,0.12,0.45,0.45,0.56,0.57,0.55,8.59,0.42,0.4,2.29,0.28,4.95,3.67,0.41,0.44,0.44,7.0,5.0,1.0,13.0,1.0,0.0,0.0,1.0,0.0,6.0,4.0,6.0,11.0,0.0,0.0,13.0,5.0,0.0,3.0,12.0,0.0,0.0,0.42,0.0,0.0,1.0,0.0,0.0,13.75,12.0,12.77,2.0,0.08,0.0,0.0,0.49,0.52,0.52
84764298485366,2025,Schaefer-Mayfield,NYI,pairing,5on5,15,10473.0,35.0,0.49,0.48,0.49,75.28,7.28,5.04,18.64,2.54,41.1,29.4,7.07,7.26,7.06,74.0,30.0,49.0,153.0,8.0,9.0,1.0,14.0,0.0,40.0,33.0,66.0,96.0,13.0,32.0,73.0,60.0,10.0,42.0,72.0,24.0,8.0,2.14,2.92,2.22,5.0,1.0,2.0,151.58,104.0,103.11,21.0,1.04,1.6,1.6,6.73,6.7,6.63,79.38,7.48,5.65,19.03,2.6,41.86,31.39,7.06,7.59,7.17,70.0,38.0,58.0,166.0,10.0,9.0,0.0,14.0,0.0,40.0,35.0,60.0,98.0,16.0,38.0,71.0,76.0,10.0,54.0,76.0,25.0,7.0,2.35,3.38,1.75,4.0,6.0,0.0,170.59,108.0,110.25,21.0,1.18,1.59,1.59,7.07,7.23,7.01
84779698479425,2025,Pettersson-Hronek,VAN,pairing,5on5,15,4538.0,89.0,0.44,0.44,0.48,32.07,2.62,2.16,7.63,1.11,18.45,14.02,2.53,2.56,2.47,31.0,15.0,11.0,57.0,1.0,4.0,0.0,7.0,0.0,13.0,21.0,30.0,45.0,4.0,8.0,39.0,28.0,7.0,19.0,37.0,6.0,3.0,1.22,0.64,0.76,1.0,0.0,0.0,56.72,46.0,45.84,12.0,0.44,0.73,0.59,2.47,2.41,2.39,36.31,3.27,2.34,8.94,1.13,19.13,14.19,3.17,3.26,3.16,34.0,15.0,25.0,74.0,0.0,4.0,0.0,11.0,0.0,22.0,12.0,34.0,49.0,3.0,6.0,34.0,18.0,6.0,18.0,33.0,13.0,3.0,0.95,1.54,0.79,0.0,0.0,0.0,72.74,49.0,48.44,5.0,0.49,0.45,0.45,3.32,3.33,3.29
847121484815808484186,2025,Ovechkin-Mcmichael-Leonard,WSH,line,5on5,5,960.0,66.0,0.31,0.25,0.19,1.94,0.27,0.15,0.35,0.07,1.23,0.92,0.25,0.27,0.25,1.0,2.0,3.0,6.0,0.0,0.0,0.0,0.0,0.0,2.0,1.0,1.0,3.0,3.0,6.0,4.0,7.0,3.0,5.0,1.0,2.0,0.0,0.07,0.19,0.0,0.0,0.0,0.0,5.85,3.0,2.89,2.0,0.03,0.0,0.0,0.3,0.3,0.28,9.12,0.59,0.54,2.22,0.29,5.39,3.97,0.58,0.63,0.63,11.0,2.0,5.0,18.0,2.0,0.0,0.0,3.0,0.0,5.0,3.0,9.0,11.0,4.0,8.0,12.0,4.0,4.0,3.0,11.0,2.0,0.0,0.32,0.26,0.0,1.0,1.0,0.0,19.4,13.0,13.89,1.0,0.11,0.0,0.0,0.69,0.75,0.74
84801968481564,2025,Bryson-Johnson,BUF,pairing,5on5,3,1269.0,9.0,0.64,0.44,0.46,12.54,1.68,0.99,2.99,0.43,5.76,4.16,1.45,1.58,1.36,10.0,6.0,6.0,22.0,1.0,4.0,1.0,0.0,0.0,7.0,4.0,9.0,15.0,1.0,2.0,11.0,17.0,3.0,4.0,8.0,5.0,3.0,0.23,0.72,0.73,0.0,0.0,1.0,20.41,16.0,15.03,2.0,0.21,0.87,0.87,1.02,0.95,0.9,13.75,0.96,0.87,3.6,0.49,7.09,5.99,0.92,1.04,0.99,13.0,6.0,9.0,28.0,1.0,2.0,1.0,0.0,0.0,6.0,10.0,12.0,18.0,2.0,4.0,7.0,14.0,2.0,9.0,14.0,5.0,0.0,0.25,0.71,0.0,0.0,1.0,0.0,29.91,19.0,20.48,4.0,0.18,0.3,0.3,0.84,0.91,0.85
84769178477950,2025,Pelech-Deangelo,NYI,pairing,5on5,11,990.0,85.0,0.59,0.69,0.71,10.76,0.75,0.65,3.08,0.35,5.83,4.33,0.74,0.79,0.79,8.0,7.0,5.0,20.0,1.0,1.0,0.0,3.0,0.0,2.0,8.0,7.0,14.0,3.0,6.0,6.0,5.0,1.0,4.0,13.0,1.0,1.0,0.41,0.12,0.22,1.0,0.0,0.0,21.11,15.0,15.5,1.0,0.13,0.04,0.04,0.85,0.89,0.89,4.41,0.51,0.28,0.95,0.14,2.3,1.82,0.51,0.49,0.49,3.0,3.0,3.0,9.0,1.0,0.0,0.0,0.0,0.0,2.0,3.0,2.0,5.0,0.0,0.0,2.0,2.0,2.0,6.0,3.0,2.0,1.0,0.04,0.26,0.22,0.0,1.0,0.0,8.38,6.0,5.82,5.0,0.06,0.0,0.0,0.57,0.54,0.54
847458684779558482665,2025,Mccann-Beniers-Eberle,SEA,line,5on5,5,3322.0,6.0,0.54,0.52,0.56,33.9,2.82,2.26,9.21,1.24,19.23,13.24,2.67,2.84,2.68,27.0,21.0,12.0,60.0,3.0,4.0,0.0,7.0,0.0,14.0,20.0,24.0,45.0,1.0,2.0,28.0,25.0,0.0,20.0,34.0,12.0,2.0,0.77,1.48,0.57,1.0,2.0,0.0,60.9,48.0,48.65,5.0,0.48,0.59,0.59,2.71,2.73,2.66,26.4,2.38,1.77,6.31,0.86,15.09,10.59,2.32,2.36,2.3,18.0,19.0,19.0,56.0,3.0,1.0,0.0,4.0,0.0,15.0,14.0,15.0,34.0,3.0,6.0,37.0,23.0,1.0,18.0,28.0,5.0,4.0,0.72,0.67,0.98,1.0,0.0,2.0,55.16,37.0,36.61,5.0,0.37,0.01,0.01,2.74,2.71,2.65
84785078479410,2025,Sergachev-Marino,UTA,pairing,5on5,14,2257.0,112.0,0.23,0.41,0.32,10.4,0.8,0.56,2.61,0.32,5.47,4.23,0.79,0.83,0.82,11.0,3.0,13.0,27.0,0.0,1.0,0.0,6.0,0.0,3.0,4.0,11.0,14.0,6.0,12.0,19.0,10.0,3.0,16.0,12.0,1.0,1.0,0.35,0.15,0.3,0.0,0.0,0.0,27.89,14.0,14.25,9.0,0.11,0.3,0.3,0.62,0.64,0.64,22.39,2.69,1.57,5.55,0.82,11.08,8.29,2.53,2.56,2.41,21.0,9.0,9.0,39.0,4.0,6.0,1.0,5.0,0.0,10.0,5.0,17.0,26.0,2.0,4.0,18.0,10.0,2.0,13.0,16.0,10.0,4.0,0.47,1.23,0.99,2.0,2.0,0.0,38.0,30.0,29.45,6.0,0.33,1.29,1.29,1.73,1.66,1.64
84775418479026,2025,Mermis-Myers,TOR,pairing,5on5,2,803.0,11.0,0.56,0.48,0.42,5.95,0.81,0.41,1.37,0.17,3.02,2.22,0.81,0.78,0.78,2.0,6.0,3.0,11.0,0.0,1.0,0.0,0.0,0.0,2.0,5.0,2.0,8.0,0.0,0.0,8.0,4.0,2.0,3.0,6.0,0.0,2.0,0.14,0.0,0.67,0.0,0.0,0.0,10.74,8.0,7.88,1.0,0.09,0.39,0.39,0.51,0.49,0.49,8.24,0.64,0.54,2.13,0.24,4.35,3.1,0.64,0.66,0.66,8.0,3.0,1.0,12.0,3.0,0.0,0.0,1.0,0.0,4.0,3.0,5.0,8.0,0.0,0.0,3.0,3.0,2.0,2.0,8.0,3.0,0.0,0.24,0.41,0.0,1.0,2.0,0.0,12.3,11.0,11.29,2.0,0.11,0.0,0.0,0.76,0.78,0.78
847647484768228481032,2025,Cotter-Glendening-Noesen,NJD,line,5on5,2,1092.0,5.0,0.32,0.51,0.38,7.44,0.93,0.6,2.38,0.29,3.47,2.32,0.84,0.93,0.83,10.0,0.0,10.0,20.0,1.0,2.0,0.0,0.0,0.0,5.0,2.0,9.0,9.0,2.0,4.0,15.0,14.0,1.0,4.0,6.0,2.0,2.0,0.13,0.23,0.57,0.0,1.0,0.0,18.58,10.0,9.6,4.0,0.13,0.57,0.57,0.49,0.48,0.47,12.49,2.02,0.99,3.09,0.47,5.65,3.79,1.88,2.08,1.93,14.0,2.0,3.0,19.0,2.0,3.0,0.0,0.0,0.0,5.0,6.0,12.0,14.0,0.0,0.0,7.0,9.0,2.0,6.0,10.0,1.0,5.0,0.36,0.15,1.51,2.0,0.0,0.0,21.22,16.0,16.8,3.0,0.21,0.91,0.91,1.33,1.36,1.34
847643884769258478434,2025,Saad-Sissons-Kolesar,VGK,line,5on5,3,666.0,14.0,0.1,0.32,0.23,2.2,0.11,0.12,0.64,0.07,1.22,0.84,0.11,0.11,0.11,1.0,2.0,4.0,7.0,0.0,0.0,0.0,0.0,0.0,2.0,1.0,1.0,3.0,3.0,6.0,7.0,0.0,0.0,3.0,3.0,0.0,0.0,0.11,0.0,0.0,0.0,0.0,0.0,7.76,3.0,3.15,0.0,0.02,0.0,0.0,0.14,0.14,0.14,7.64,1.01,0.58,1.49,0.24,3.92,2.77,0.92,0.99,0.9,4.0,6.0,5.0,15.0,0.0,1.0,0.0,0.0,0.0,4.0,5.0,4.0,10.0,2.0,4.0,5.0,4.0,0.0,4.0,6.0,2.0,2.0,0.24,0.26,0.5,0.0,0.0,0.0,14.24,10.0,9.8,2.0,0.12,0.3,0.3,0.83,0.81,0.79
84778458479345,2025,Chychrun-Van Riemsdyk,WSH,pairing,5on5,10,3185.0,55.0,0.57,0.56,0.51,25.2,2.45,1.57,6.72,0.89,13.16,9.21,2.37,2.5,2.42,22.0,12.0,14.0,48.0,2.0,3.0,0.0,4.0,0.0,5.0,20.0,20.0,32.0,4.0,8.0,22.0,29.0,5.0,13.0,21.0,10.0,3.0,0.66,1.13,0.66,1.0,1.0,0.0,50.02,34.0,34.57,7.0,0.33,0.26,0.26,2.52,2.59,2.5,25.12,1.87,1.54,6.76,0.79,12.59,9.45,1.83,1.92,1.88,17.0,16.0,4.0,37.0,0.0,4.0,0.0,5.0,0.0,10.0,14.0,17.0,33.0,6.0,12.0,28.0,17.0,6.0,19.0,26.0,6.0,1.0,0.78,0.78,0.31,0.0,0.0,0.0,37.7,33.0,33.43,9.0,0.32,0.73,0.73,1.46,1.5,1.48
847749484784458481601,2025,Drouin-Barzal-Holmstrom,NYI,line,5on5,1,704.0,1.0,0.36,0.43,0.47,6.09,0.41,0.33,1.5,0.19,3.6,2.96,0.4,0.47,0.45,3.0,6.0,1.0,10.0,0.0,0.0,0.0,2.0,0.0,2.0,5.0,3.0,9.0,0.0,0.0,2.0,0.0,0.0,3.0,7.0,2.0,0.0,0.19,0.23,0.0,0.0,0.0,0.0,11.48,9.0,10.08,2.0,0.07,0.0,0.0,0.48,0.54,0.52,7.61,0.74,0.56,1.65,0.2,4.11,2.74,0.73,0.69,0.68,6.0,4.0,3.0,13.0,0.0,1.0,0.0,1.0,0.0,3.0,5.0,6.0,10.0,0.0,0.0,7.0,1.0,3.0,3.0,8.0,1.0,1.0,0.26,0.09,0.4,0.0,0.0,0.0,11.66,10.0,9.11,1.0,0.11,0.4,0.4,0.46,0.41,0.41
84773658478452,2025,Jones-Clifton,PIT,pairing,5on5,1,877.0,2.0,0.12,0.3,0.29,3.33,0.09,0.15,1.0,0.12,2.06,1.58,0.09,0.1,0.1,1.0,4.0,4.0,9.0,0.0,0.0,0.0,1.0,1.0,2.0,1.0,1.0,5.0,1.0,2.0,6.0,7.0,1.0,3.0,5.0,0.0,0.0,0.09,0.0,0.0,0.0,0.0,0.0,10.08,5.0,5.55,1.0,0.03,0.0,0.0,0.12,0.14,0.14,8.85,0.71,0.54,2.45,0.3,4.67,3.33,0.68,0.65,0.62,7.0,5.0,9.0,21.0,1.0,1.0,0.0,1.0,1.0,6.0,2.0,6.0,11.0,0.0,0.0,7.0,7.0,1.0,4.0,8.0,4.0,0.0,0.27,0.44,0.0,0.0,1.0,0.0,19.07,12.0,10.94,0.0,0.11,0.05,0.1,0.72,0.66,0.63
847749684779568478401,2025,Zacha-Lindholm-Pastrnak,BOS,line,5on5,4,846.0,40.0,0.36,0.32,0.39,5.11,0.45,0.27,1.56,0.17,2.66,1.89,0.29,0.45,0.29,4.0,3.0,1.0,8.0,0.0,0.0,0.0,2.0,0.0,2.0,3.0,4.0,7.0,0.0,0.0,15.0,4.0,1.0,4.0,6.0,0.0,1.0,0.21,0.0,0.25,0.0,0.0,0.0,7.89,7.0,6.96,0.0,0.06,0.0,0.25,0.26,0.26,0.25,7.85,0.8,0.56,1.74,0.29,4.56,3.04,0.78,0.79,0.77,7.0,4.0,6.0,17.0,2.0,1.0,0.0,1.0,0.0,4.0,3.0,5.0,9.0,0.0,0.0,7.0,1.0,0.0,2.0,7.0,4.0,0.0,0.29,0.51,0.0,1.0,1.0,0.0,17.41,11.0,11.34,1.0,0.12,0.07,0.07,0.85,0.84,0.83
848002884820748484180,2025,Honzek-Frost-Zary,CGY,line,5on5,2,839.0,6.0,0.72,0.75,0.75,6.01,0.42,0.41,1.63,0.21,3.85,2.48,0.39,0.4,0.37,6.0,3.0,6.0,15.0,0.0,0.0,0.0,2.0,0.0,2.0,5.0,6.0,9.0,1.0,2.0,7.0,5.0,0.0,3.0,8.0,1.0,0.0,0.29,0.13,0.0,0.0,0.0,0.0,14.28,9.0,8.59,2.0,0.08,0.0,0.0,0.51,0.48,0.45,2.14,0.16,0.12,0.45,0.07,1.31,0.89,0.16,0.17,0.17,2.0,1.0,2.0,5.0,0.0,0.0,0.0,1.0,0.0,1.0,1.0,2.0,3.0,3.0,6.0,11.0,7.0,0.0,5.0,2.0,1.0,0.0,0.03,0.13,0.0,0.0,0.0,0.0,5.16,3.0,3.09,4.0,0.02,0.0,0.0,0.19,0.2,0.2
847994484808068482475,2025,Aston-Reese-Lundestrom-Chinakhov,CBJ,line,5on5,5,1982.0,20.0,0.53,0.44,0.49,15.71,1.66,0.92,3.83,0.5,7.92,6.17,1.66,1.65,1.64,17.0,4.0,4.0,25.0,2.0,1.0,0.0,5.0,0.0,5.0,8.0,15.0,19.0,1.0,2.0,11.0,13.0,4.0,9.0,13.0,5.0,3.0,0.39,0.6,0.68,2.0,0.0,0.0,25.57,21.0,21.55,5.0,0.19,0.11,0.11,1.75,1.72,1.72,16.51,1.49,0.93,4.37,0.53,8.33,6.34,1.45,1.51,1.46,14.0,8.0,10.0,32.0,2.0,1.0,0.0,2.0,0.0,10.0,7.0,12.0,20.0,2.0,4.0,19.0,16.0,1.0,6.0,16.0,4.0,2.0,0.44,0.55,0.51,1.0,1.0,0.0,32.84,22.0,22.45,3.0,0.19,0.13,0.13,1.56,1.59,1.54
847516884757948482740,2025,Duchene-Johnston-Seguin,DAL,line,5on5,4,749.0,23.0,0.79,0.44,0.53,7.21,0.85,0.55,1.37,0.2,3.21,2.82,0.84,0.91,0.9,8.0,1.0,2.0,11.0,2.0,0.0,0.0,2.0,1.0,2.0,2.0,6.0,7.0,0.0,0.0,4.0,3.0,1.0,6.0,5.0,3.0,1.0,0.18,0.36,0.3,1.0,0.0,1.0,12.44,9.0,9.77,2.0,0.11,0.0,0.0,0.97,1.04,1.02,5.82,0.23,0.3,1.65,0.19,3.3,2.32,0.23,0.22,0.22,6.0,2.0,6.0,14.0,0.0,1.0,0.0,1.0,0.0,1.0,5.0,6.0,8.0,1.0,2.0,5.0,6.0,0.0,4.0,7.0,1.0,0.0,0.14,0.09,0.0,0.0,0.0,0.0,13.42,8.0,7.68,2.0,0.06,0.06,0.06,0.24,0.23,0.23
84788518483457,2025,Hutson-Carrier,MTL,pairing,5on5,11,1393.0,75.0,0.3,0.4,0.33,6.72,0.51,0.44,1.64,0.2,3.61,2.59,0.51,0.55,0.55,3.0,6.0,5.0,14.0,0.0,0.0,0.0,0.0,0.0,3.0,6.0,3.0,9.0,3.0,6.0,10.0,7.0,4.0,6.0,7.0,2.0,0.0,0.27,0.24,0.0,0.0,0.0,0.0,14.52,9.0,9.41,4.0,0.09,0.0,0.0,0.6,0.64,0.64,13.43,1.2,0.83,3.3,0.4,7.03,5.25,1.19,1.16,1.15,11.0,7.0,3.0,21.0,0.0,1.0,0.0,6.0,0.0,6.0,5.0,11.0,18.0,1.0,2.0,12.0,13.0,0.0,3.0,14.0,2.0,2.0,0.45,0.2,0.56,0.0,0.0,0.0,20.5,18.0,17.37,1.0,0.17,0.32,0.32,1.05,1.03,1.02
84757538476892,2025,Parayko-Faulk,STL,pairing,5on5,14,840.0,113.0,0.15,0.35,0.14,1.42,0.14,0.13,0.3,0.05,0.79,0.6,0.14,0.13,0.13,2.0,0.0,6.0,8.0,0.0,0.0,0.0,2.0,0.0,0.0,0.0,2.0,2.0,1.0,2.0,0.0,1.0,1.0,2.0,1.0,1.0,0.0,0.05,0.09,0.0,0.0,0.0,0.0,8.07,2.0,1.91,1.0,0.03,0.0,0.0,0.16,0.16,0.16,9.29,0.75,0.65,1.88,0.25,4.74,3.73,0.74,0.75,0.74,7.0,5.0,3.0,15.0,1.0,1.0,0.0,1.0,0.0,4.0,5.0,6.0,11.0,0.0,0.0,1.0,2.0,3.0,2.0,10.0,1.0,1.0,0.36,0.14,0.24,1.0,0.0,0.0,15.32,12.0,12.25,0.0,0.13,0.24,0.24,0.64,0.65,0.65
848022084815538482159,2025,Foerster-Cates-Brink,PHI,line,5on5,11,7024.0,17.0,0.55,0.48,0.5,40.38,4.65,3.16,9.15,1.42,21.41,15.2,4.48,4.57,4.41,37.0,18.0,25.0,80.0,3.0,6.0,1.0,4.0,0.0,18.0,24.0,34.0,52.0,9.0,18.0,51.0,35.0,8.0,30.0,35.0,14.0,6.0,1.2,1.76,1.69,2.0,0.0,1.0,78.67,55.0,54.08,18.0,0.66,1.59,1.59,3.73,3.67,3.63,40.08,3.86,2.5,10.26,1.4,21.27,15.72,3.62,3.88,3.65,33.0,22.0,31.0,86.0,2.0,4.0,1.0,10.0,0.0,22.0,17.0,31.0,53.0,8.0,16.0,70.0,50.0,5.0,23.0,41.0,8.0,6.0,0.9,0.95,2.01,1.0,0.0,1.0,87.29,55.0,56.02,10.0,0.52,1.1,1.1,3.28,3.31,3.19
847647484768228483531,2025,Halonen-Glendening-Noesen,NJD,line,5on5,3,810.0,12.0,0.48,0.46,0.54,5.2,0.36,0.3,1.2,0.15,2.95,2.05,0.36,0.36,0.36,4.0,3.0,5.0,12.0,0.0,0.0,0.0,1.0,0.0,1.0,5.0,4.0,7.0,0.0,0.0,7.0,4.0,2.0,2.0,5.0,2.0,0.0,0.1,0.27,0.0,0.0,0.0,0.0,12.17,7.0,7.18,0.0,0.06,0.0,0.0,0.42,0.42,0.42,4.44,0.39,0.31,0.99,0.13,2.4,1.76,0.39,0.41,0.41,2.0,4.0,8.0,14.0,0.0,0.0,0.0,1.0,0.0,4.0,1.0,2.0,6.0,0.0,0.0,9.0,8.0,1.0,1.0,4.0,2.0,0.0,0.1,0.29,0.0,0.0,0.0,0.0,14.0,6.0,6.12,0.0,0.07,0.0,0.0,0.46,0.49,0.48
84784438481122,2025,Benoit-Carlo,TOR,pairing,5on5,13,1157.0,96.0,0.2,0.3,0.22,2.54,0.22,0.23,0.51,0.09,1.78,1.17,0.22,0.22,0.22,2.0,2.0,4.0,8.0,1.0,0.0,0.0,0.0,0.0,2.0,1.0,1.0,3.0,2.0,7.0,9.0,6.0,2.0,2.0,3.0,1.0,0.0,0.13,0.09,0.0,1.0,0.0,0.0,8.26,4.0,4.09,1.0,0.05,0.0,0.0,0.27,0.27,0.27,10.5,0.89,0.66,2.88,0.34,5.51,3.73,0.83,0.92,0.86,9.0,5.0,5.0,19.0,1.0,1.0,0.0,3.0,0.0,8.0,1.0,8.0,13.0,2.0,7.0,13.0,3.0,1.0,7.0,11.0,2.0,1.0,0.28,0.27,0.34,0.0,0.0,1.0,18.66,14.0,13.8,3.0,0.14,0.13,0.13,0.9,0.93,0.88
847410284820928482116,2025,Perron-Sttzle-Greig,OTT,line,5on5,4,728.0,26.0,0.55,0.52,0.62,5.97,0.24,0.29,1.51,0.18,3.35,2.41,0.24,0.26,0.26,4.0,4.0,3.0,11.0,1.0,0.0,0.0,2.0,0.0,3.0,2.0,3.0,7.0,1.0,2.0,6.0,5.0,1.0,3.0,8.0,0.0,0.0,0.24,0.0,0.0,1.0,0.0,0.0,11.57,8.0,8.48,1.0,0.06,0.0,0.0,0.3,0.32,0.32,3.42,0.2,0.21,0.83,0.11,2.12,1.53,0.2,0.19,0.19,4.0,1.0,5.0,10.0,0.0,0.0,0.0,2.0,0.0,2.0,1.0,4.0,5.0,0.0,0.0,6.0,10.0,1.0,3.0,4.0,1.0,0.0,0.09,0.11,0.0,0.0,0.0,0.0,9.58,5.0,4.89,1.0,0.04,0.0,0.0,0.24,0.23,0.23
84768568484839,2025,Brunicke-Dumba,PIT,pairing,5on5,1,851.0,3.0,0.36,0.41,0.42,5.49,0.36,0.39,1.2,0.16,3.47,2.42,0.36,0.36,0.35,4.0,4.0,3.0,11.0,0.0,0.0,0.0,0.0,0.0,4.0,4.0,4.0,8.0,2.0,4.0,3.0,3.0,2.0,6.0,7.0,1.0,0.0,0.23,0.13,0.0,0.0,0.0,0.0,11.22,8.0,8.19,2.0,0.08,0.0,0.0,0.44,0.43,0.43,8.08,0.64,0.57,1.8,0.26,4.5,3.23,0.64,0.64,0.64,10.0,1.0,5.0,16.0,2.0,0.0,0.0,2.0,0.0,4.0,3.0,8.0,9.0,0.0,0.0,4.0,5.0,0.0,4.0,9.0,2.0,0.0,0.38,0.26,0.0,1.0,1.0,0.0,15.49,11.0,10.71,3.0,0.12,0.0,0.0,0.75,0.76,0.76
84752008480043,2025,Orlov-Liljegren,SJS,pairing,5on5,13,7532.0,33.0,0.45,0.45,0.42,42.1,4.26,2.72,9.67,1.29,22.14,16.92,4.12,4.28,4.13,41.0,16.0,44.0,101.0,5.0,2.0,2.0,4.0,0.0,18.0,28.0,36.0,52.0,15.0,30.0,56.0,34.0,6.0,31.0,37.0,17.0,3.0,1.07,2.21,0.97,0.0,4.0,1.0,102.11,57.0,57.87,15.0,0.56,0.66,0.66,4.16,4.12,4.07,57.47,5.21,3.75,14.93,1.86,30.07,22.18,5.11,5.13,5.03,46.0,32.0,46.0,124.0,5.0,6.0,0.0,11.0,0.0,30.0,26.0,41.0,73.0,6.0,12.0,67.0,39.0,7.0,33.0,55.0,19.0,4.0,1.39,2.6,1.22,2.0,2.0,1.0,121.74,78.0,76.74,17.0,0.78,0.89,0.89,5.1,5.02,4.93
847842084793518482740,2025,Steel-Johnston-Rantanen,DAL,line,5on5,11,1757.0,147.0,0.36,0.24,0.28,6.96,0.64,0.48,1.43,0.2,3.69,2.56,0.63,0.63,0.62,8.0,1.0,3.0,12.0,1.0,1.0,0.0,2.0,0.0,0.0,5.0,7.0,8.0,2.0,4.0,10.0,8.0,3.0,8.0,5.0,4.0,0.0,0.19,0.45,0.0,0.0,1.0,0.0,12.13,9.0,9.07,5.0,0.1,0.16,0.16,0.57,0.58,0.58,15.57,1.12,1.01,4.29,0.58,9.25,6.76,1.12,1.13,1.12,13.0,10.0,15.0,38.0,2.0,0.0,0.0,4.0,0.0,4.0,13.0,11.0,21.0,5.0,10.0,17.0,7.0,2.0,8.0,18.0,5.0,0.0,0.62,0.5,0.0,1.0,1.0,0.0,38.1,23.0,22.83,3.0,0.21,0.0,0.0,1.33,1.33,1.33
847750084784458482476,2025,Heineman-Horvat-Barzal,NYI,line,5on5,4,2295.0,9.0,0.69,0.67,0.67,26.44,3.32,1.62,6.46,0.8,13.38,9.42,3.07,3.26,3.0,29.0,6.0,14.0,49.0,3.0,4.0,0.0,9.0,0.0,10.0,9.0,26.0,32.0,4.0,8.0,25.0,10.0,4.0,11.0,22.0,9.0,4.0,0.76,1.2,1.37,2.0,1.0,0.0,48.12,35.0,34.54,4.0,0.34,1.23,1.23,2.42,2.38,2.32,13.56,1.47,0.78,3.21,0.38,5.83,5.33,1.44,1.51,1.48,13.0,4.0,7.0,24.0,3.0,0.0,0.0,2.0,0.0,7.0,5.0,10.0,14.0,1.0,2.0,9.0,9.0,2.0,15.0,9.0,7.0,1.0,0.2,1.01,0.26,0.0,3.0,0.0,24.77,17.0,17.32,9.0,0.17,0.0,0.0,1.64,1.69,1.65
847643284826608484166,2025,Johnson-Fantilli-Jenner,CBJ,line,5on5,9,4469.0,48.0,0.42,0.6,0.56,45.41,3.19,2.86,11.16,1.39,24.29,18.11,3.14,3.19,3.14,40.0,21.0,41.0,102.0,2.0,1.0,0.0,9.0,1.0,32.0,16.0,38.0,59.0,8.0,22.0,35.0,30.0,10.0,24.0,48.0,13.0,0.0,1.52,1.67,0.0,1.0,1.0,0.0,103.76,61.0,61.24,11.0,0.59,0.16,0.16,3.63,3.64,3.59,34.77,4.38,2.47,8.14,1.17,18.24,13.62,4.18,4.29,4.11,32.0,16.0,21.0,69.0,7.0,5.0,1.0,4.0,0.0,18.0,14.0,25.0,41.0,5.0,13.0,32.0,19.0,4.0,38.0,27.0,16.0,5.0,0.91,2.1,1.36,4.0,2.0,1.0,66.75,48.0,46.97,16.0,0.52,1.32,1.32,3.57,3.53,3.45
84754628481605,2025,Lacombe-Gudas,ANA,pairing,5on5,6,3722.0,18.0,0.43,0.55,0.55,28.47,1.97,1.81,7.95,1.01,16.39,11.89,1.9,1.96,1.9,26.0,15.0,26.0,67.0,1.0,1.0,0.0,6.0,0.0,15.0,18.0,25.0,40.0,5.0,10.0,30.0,32.0,5.0,17.0,34.0,5.0,2.0,0.76,0.65,0.56,0.0,0.0,1.0,65.42,41.0,40.01,8.0,0.37,0.19,0.19,2.15,2.15,2.08,23.35,2.65,1.75,5.62,0.84,13.14,8.99,2.59,2.76,2.69,20.0,13.0,21.0,54.0,3.0,2.0,1.0,6.0,1.0,12.0,9.0,17.0,30.0,4.0,8.0,38.0,17.0,3.0,18.0,18.0,14.0,1.0,0.65,1.67,0.34,1.0,2.0,0.0,55.88,33.0,34.25,9.0,0.37,0.45,0.45,2.58,2.65,2.6
847458684826658484800,2025,Catton-Beniers-Eberle,SEA,line,5on5,8,3728.0,19.0,0.43,0.51,0.53,28.04,1.97,1.69,8.66,0.96,15.01,10.71,1.97,1.97,1.96,24.0,15.0,17.0,56.0,2.0,0.0,0.0,3.0,0.0,14.0,20.0,22.0,37.0,3.0,9.0,33.0,15.0,9.0,18.0,33.0,5.0,1.0,1.04,0.72,0.22,1.0,1.0,0.0,55.04,39.0,38.87,8.0,0.36,0.0,0.0,2.33,2.33,2.32,26.1,2.58,1.6,6.63,0.79,13.48,9.92,2.56,2.67,2.65,23.0,12.0,18.0,53.0,2.0,2.0,1.0,5.0,0.0,10.0,16.0,21.0,33.0,6.0,15.0,34.0,32.0,5.0,21.0,26.0,5.0,4.0,0.58,0.6,1.39,0.0,1.0,1.0,55.51,35.0,36.55,8.0,0.33,0.77,0.77,2.15,2.24,2.23
84811678484768,2025,Pachal-Parekh,CGY,pairing,5on5,4,1811.0,11.0,0.44,0.43,0.42,15.74,1.22,0.85,4.09,0.48,7.66,6.69,1.2,1.2,1.18,13.0,8.0,8.0,29.0,0.0,0.0,0.0,3.0,0.0,10.0,8.0,13.0,21.0,1.0,2.0,10.0,20.0,4.0,11.0,16.0,5.0,0.0,0.47,0.74,0.0,0.0,0.0,0.0,28.37,21.0,20.61,5.0,0.18,0.0,0.0,1.4,1.38,1.36,21.16,1.58,1.31,5.67,0.73,11.0,8.72,1.56,1.6,1.57,18.0,11.0,9.0,38.0,1.0,3.0,0.0,5.0,0.0,9.0,11.0,17.0,28.0,4.0,8.0,13.0,15.0,5.0,8.0,24.0,3.0,2.0,0.72,0.34,0.52,0.0,0.0,1.0,38.02,29.0,29.08,6.0,0.27,0.35,0.35,1.5,1.5,1.49
847579484784208479351,2025,Steel-Seguin-Rantanen,DAL,line,5on5,5,1400.0,53.0,0.21,0.36,0.34,8.12,0.56,0.46,2.33,0.28,4.25,3.11,0.54,0.56,0.55,6.0,5.0,4.0,15.0,0.0,0.0,0.0,3.0,0.0,3.0,5.0,6.0,11.0,1.0,2.0,20.0,11.0,7.0,9.0,9.0,1.0,1.0,0.23,0.08,0.25,0.0,0.0,0.0,15.05,11.0,11.04,4.0,0.1,0.0,0.0,0.66,0.66,0.64,14.93,2.05,1.03,3.36,0.54,7.77,6.24,1.82,2.0,1.78,13.0,8.0,6.0,27.0,1.0,3.0,0.0,2.0,0.0,5.0,10.0,12.0,20.0,1.0,2.0,8.0,14.0,3.0,8.0,12.0,6.0,3.0,0.27,0.79,0.99,0.0,1.0,0.0,26.81,21.0,20.94,4.0,0.21,0.99,0.99,1.28,1.27,1.18
848018884802088481528,2025,Zetterlund-Cozens-Batherson,OTT,line,5on5,4,837.0,26.0,0.9,0.72,0.73,5.94,0.86,0.45,1.29,0.18,3.05,2.17,0.8,0.92,0.85,4.0,4.0,5.0,13.0,0.0,1.0,0.0,2.0,0.0,2.0,3.0,4.0,8.0,1.0,2.0,3.0,6.0,1.0,6.0,4.0,3.0,1.0,0.08,0.46,0.32,0.0,0.0,0.0,13.59,8.0,8.2,3.0,0.09,0.32,0.32,0.63,0.67,0.66,2.18,0.1,0.11,0.65,0.07,1.22,0.84,0.1,0.09,0.09,2.0,1.0,2.0,5.0,0.0,0.0,0.0,2.0,0.0,0.0,1.0,2.0,3.0,0.0,0.0,5.0,5.0,2.0,3.0,3.0,0.0,0.0,0.1,0.0,0.0,0.0,0.0,0.0,4.67,3.0,2.75,2.0,0.02,0.0,0.0,0.12,0.11,0.11
84747168484798,2025,Buium-Spurgeon,MIN,pairing,5on5,14,5395.0,74.0,0.42,0.45,0.43,37.54,3.07,2.44,8.94,1.16,19.73,14.66,2.96,3.07,2.97,33.0,17.0,31.0,81.0,1.0,5.0,0.0,2.0,0.0,21.0,21.0,32.0,49.0,2.0,4.0,39.0,35.0,9.0,26.0,35.0,12.0,3.0,1.02,1.22,0.83,1.0,0.0,0.0,80.52,50.0,49.59,16.0,0.51,0.91,0.91,2.66,2.67,2.6,47.91,4.2,3.32,11.09,1.46,26.59,19.33,4.07,4.16,4.04,50.0,16.0,34.0,100.0,6.0,1.0,0.0,9.0,0.0,27.0,23.0,44.0,60.0,9.0,18.0,41.0,34.0,7.0,22.0,48.0,15.0,3.0,1.5,1.89,0.81,4.0,2.0,0.0,101.48,66.0,67.0,15.0,0.69,0.38,0.38,4.51,4.51,4.39
847687284775038478904,2025,Lorentz-Laughton-Domi,TOR,line,5on5,2,654.0,8.0,0.47,0.55,0.6,6.58,0.62,0.37,1.99,0.2,3.49,2.33,0.61,0.59,0.58,4.0,5.0,2.0,11.0,0.0,2.0,0.0,2.0,0.0,3.0,2.0,4.0,9.0,1.0,2.0,7.0,12.0,0.0,4.0,7.0,1.0,1.0,0.15,0.08,0.39,0.0,0.0,0.0,10.14,9.0,8.32,2.0,0.08,0.48,0.48,0.22,0.21,0.21,4.83,0.71,0.43,0.86,0.13,2.31,1.57,0.71,0.75,0.75,4.0,2.0,3.0,9.0,2.0,0.0,0.0,3.0,0.0,1.0,0.0,2.0,4.0,0.0,0.0,4.0,5.0,3.0,10.0,2.0,3.0,1.0,0.08,0.34,0.28,0.0,1.0,1.0,9.29,6.0,6.11,6.0,0.09,0.0,0.0,0.8,0.84,0.84
84803368480817,2025,Miller-Walker,CAR,pairing,5on5,8,4834.0,24.0,0.53,0.6,0.61,54.01,3.96,3.35,14.88,1.93,30.09,21.8,3.81,4.19,4.03,43.0,33.0,25.0,101.0,3.0,6.0,0.0,14.0,0.0,28.0,25.0,40.0,73.0,6.0,12.0,49.0,23.0,8.0,27.0,60.0,13.0,3.0,1.57,1.62,0.76,2.0,1.0,0.0,107.18,76.0,80.59,14.0,0.69,0.65,0.65,4.0,4.24,4.08,35.58,3.58,2.5,9.12,1.26,18.6,13.95,3.3,3.47,3.2,34.0,15.0,17.0,66.0,5.0,5.0,0.0,4.0,0.0,15.0,20.0,29.0,44.0,5.0,10.0,42.0,36.0,5.0,37.0,37.0,8.0,4.0,1.27,1.16,1.15,3.0,1.0,1.0,63.25,49.0,47.16,16.0,0.52,1.07,1.07,3.02,2.92,2.86
84751818482861,2025,Leddy-Iorio,SJS,pairing,5on5,4,1671.0,23.0,0.58,0.55,0.52,12.52,1.5,0.87,2.75,0.39,6.53,4.95,1.48,1.48,1.46,14.0,3.0,9.0,26.0,1.0,1.0,0.0,3.0,0.0,8.0,4.0,13.0,16.0,0.0,0.0,12.0,9.0,1.0,10.0,8.0,7.0,2.0,0.19,0.86,0.46,0.0,1.0,0.0,25.0,17.0,16.5,4.0,0.18,0.23,0.23,1.46,1.44,1.42,12.22,1.1,0.8,2.83,0.38,6.37,4.52,1.07,1.11,1.09,10.0,6.0,5.0,21.0,2.0,1.0,1.0,1.0,0.0,4.0,8.0,8.0,14.0,0.0,0.0,12.0,5.0,2.0,7.0,11.0,4.0,1.0,0.39,0.49,0.22,1.0,0.0,1.0,21.47,16.0,16.44,5.0,0.17,0.22,0.22,1.05,1.06,1.06
847682684774168480995,2025,Bjorkstrand-Gourde-Holmberg,TBL,line,5on5,10,3107.0,82.0,0.65,0.53,0.51,30.06,2.58,1.77,6.96,0.92,14.54,12.23,2.51,2.73,2.66,25.0,14.0,16.0,55.0,3.0,5.0,1.0,4.0,0.0,14.0,13.0,22.0,36.0,3.0,6.0,26.0,16.0,1.0,11.0,30.0,4.0,5.0,0.72,0.55,1.31,1.0,1.0,1.0,56.97,39.0,40.64,5.0,0.37,1.04,1.04,1.9,1.99,1.99,26.21,1.39,1.61,7.05,0.87,15.2,10.89,1.36,1.33,1.31,22.0,15.0,11.0,48.0,0.0,1.0,0.0,6.0,0.0,12.0,18.0,22.0,37.0,3.0,6.0,31.0,25.0,2.0,15.0,33.0,4.0,0.0,0.97,0.42,0.0,0.0,0.0,0.0,46.25,37.0,35.64,7.0,0.33,0.03,0.03,1.7,1.62,1.59
84811678482165,2025,Kuznetsov-Pachal,CGY,pairing,5on5,2,865.0,11.0,0.43,0.39,0.38,3.55,0.22,0.21,0.81,0.1,2.08,1.57,0.22,0.22,0.22,4.0,1.0,4.0,9.0,1.0,0.0,0.0,1.0,0.0,1.0,2.0,3.0,4.0,0.0,0.0,4.0,12.0,1.0,3.0,4.0,1.0,0.0,0.13,0.1,0.0,1.0,0.0,0.0,9.32,5.0,4.85,1.0,0.04,0.0,0.0,0.27,0.26,0.26,5.91,0.29,0.29,1.74,0.18,3.05,2.45,0.29,0.3,0.29,6.0,2.0,6.0,14.0,0.0,0.0,0.0,2.0,0.0,4.0,2.0,6.0,8.0,0.0,0.0,9.0,6.0,0.0,2.0,7.0,1.0,0.0,0.18,0.12,0.0,0.0,0.0,0.0,13.98,8.0,8.07,1.0,0.06,0.0,0.0,0.35,0.35,0.35
84751888477447,2025,Theodore-Mcnabb,VGK,pairing,5on5,14,13773.0,18.0,0.53,0.5,0.51,114.33,9.91,7.21,29.18,3.69,59.4,44.61,9.44,9.97,9.49,105.0,49.0,78.0,232.0,5.0,11.0,0.0,16.0,0.0,60.0,62.0,100.0,149.0,7.0,14.0,143.0,50.0,20.0,77.0,113.0,33.0,8.0,3.38,4.26,2.27,1.0,3.0,1.0,232.94,154.0,154.0,33.0,1.51,2.01,2.01,9.4,9.41,9.29,109.89,8.76,6.55,27.59,3.65,58.59,44.86,8.56,8.85,8.65,90.0,60.0,84.0,234.0,5.0,6.0,0.0,24.0,0.0,55.0,60.0,85.0,145.0,16.0,34.0,121.0,63.0,20.0,66.0,120.0,23.0,7.0,3.43,3.02,2.31,3.0,1.0,1.0,234.62,150.0,151.16,32.0,1.35,1.54,1.54,8.57,8.68,8.52
847523184812378481601,2025,Maclean-Cizikas-Holmstrom,NYI,line,5on5,3,1024.0,16.0,0.08,0.28,0.31,3.44,0.09,0.14,0.86,0.15,1.93,1.83,0.09,0.09,0.09,3.0,2.0,3.0,8.0,0.0,0.0,0.0,0.0,0.0,3.0,2.0,3.0,5.0,0.0,0.0,8.0,9.0,0.0,4.0,5.0,0.0,0.0,0.09,0.0,0.0,0.0,0.0,0.0,8.13,5.0,5.17,3.0,0.03,0.0,0.0,0.12,0.12,0.12,7.84,1.04,0.61,2.0,0.32,4.25,2.79,0.99,1.07,1.02,10.0,1.0,10.0,21.0,1.0,2.0,0.0,2.0,0.0,5.0,1.0,9.0,10.0,0.0,0.0,10.0,11.0,2.0,7.0,6.0,3.0,2.0,0.23,0.35,0.47,1.0,0.0,0.0,21.33,11.0,11.27,5.0,0.13,0.47,0.47,0.7,0.72,0.72
847744484774798484144,2025,Bertuzzi-Bedard-Burakovsky,CHI,line,5on5,5,1599.0,38.0,0.68,0.63,0.65,23.91,2.71,1.69,6.38,0.8,12.29,8.12,2.42,2.81,2.5,23.0,9.0,5.0,37.0,4.0,4.0,1.0,6.0,0.0,9.0,9.0,19.0,28.0,5.0,10.0,14.0,9.0,3.0,6.0,21.0,7.0,4.0,0.68,0.87,1.16,1.0,1.0,2.0,37.67,32.0,32.56,4.0,0.35,0.81,0.81,2.26,2.3,2.17,13.05,1.27,0.87,3.17,0.4,6.52,4.77,1.24,1.24,1.22,8.0,9.0,5.0,22.0,0.0,1.0,0.0,1.0,0.0,9.0,6.0,8.0,17.0,2.0,4.0,9.0,9.0,3.0,11.0,13.0,2.0,2.0,0.34,0.26,0.68,0.0,0.0,0.0,21.09,17.0,16.38,5.0,0.18,0.41,0.41,1.04,1.06,1.06
84772208480434,2025,Schmidt-Durzi,UTA,pairing,5on5,2,1086.0,2.0,0.59,0.49,0.56,10.65,0.99,0.6,2.92,0.3,5.21,3.97,0.98,1.02,1.01,10.0,4.0,3.0,17.0,0.0,1.0,0.0,4.0,0.0,3.0,6.0,10.0,14.0,1.0,2.0,4.0,9.0,1.0,13.0,10.0,3.0,1.0,0.24,0.46,0.29,0.0,0.0,0.0,17.2,14.0,14.1,5.0,0.12,0.29,0.29,0.83,0.84,0.84,7.8,0.68,0.47,1.91,0.28,4.31,3.35,0.68,0.68,0.67,8.0,3.0,7.0,18.0,1.0,1.0,0.0,1.0,0.0,4.0,4.0,7.0,10.0,4.0,8.0,14.0,8.0,4.0,7.0,7.0,3.0,1.0,0.17,0.29,0.22,0.0,1.0,0.0,17.96,11.0,11.15,3.0,0.1,0.04,0.04,0.74,0.73,0.73
84793258480035,2025,Mcavoy-Jokiharju,BOS,pairing,5on5,10,746.0,77.0,0.56,0.48,0.57,9.6,1.29,0.62,2.13,0.3,4.29,3.37,1.25,1.25,1.22,10.0,2.0,2.0,14.0,3.0,2.0,2.0,2.0,0.0,1.0,4.0,7.0,9.0,1.0,2.0,5.0,1.0,0.0,2.0,7.0,3.0,2.0,0.22,0.43,0.64,0.0,1.0,2.0,13.35,12.0,11.46,1.0,0.13,0.64,0.64,0.77,0.74,0.74,6.38,1.01,0.53,1.86,0.29,3.22,2.08,0.89,1.05,0.92,7.0,2.0,6.0,15.0,1.0,2.0,0.0,2.0,0.0,3.0,1.0,6.0,8.0,0.0,0.0,4.0,7.0,1.0,5.0,5.0,2.0,2.0,0.15,0.22,0.64,1.0,0.0,0.0,15.68,9.0,9.37,2.0,0.11,0.64,0.64,0.48,0.5,0.47
847517084784728479385,2025,Kyrou-Schenn-Joseph,STL,line,5on5,5,1301.0,24.0,0.59,0.53,0.53,11.93,0.99,0.83,3.1,0.41,6.83,4.84,0.9,0.98,0.89,12.0,5.0,7.0,24.0,1.0,3.0,0.0,1.0,0.0,5.0,7.0,11.0,16.0,1.0,2.0,13.0,10.0,1.0,7.0,12.0,4.0,1.0,0.37,0.41,0.21,0.0,1.0,0.0,24.44,17.0,17.2,1.0,0.17,0.18,0.18,0.98,0.98,0.92,11.26,0.68,0.64,2.94,0.36,5.95,4.43,0.66,0.66,0.64,13.0,2.0,6.0,21.0,2.0,1.0,0.0,2.0,0.0,3.0,7.0,11.0,13.0,1.0,2.0,11.0,11.0,1.0,8.0,12.0,3.0,0.0,0.25,0.43,0.0,0.0,2.0,0.0,20.32,15.0,14.42,5.0,0.13,0.12,0.12,0.69,0.66,0.65
847514984757658482079,2025,Johansson-Rossi-Tarasenko,MIN,line,5on5,6,1244.0,43.0,0.7,0.56,0.52,12.26,1.71,0.81,2.9,0.4,6.62,4.56,1.56,1.7,1.56,11.0,6.0,12.0,29.0,2.0,1.0,1.0,2.0,0.0,8.0,4.0,9.0,15.0,0.0,0.0,13.0,4.0,5.0,7.0,9.0,6.0,2.0,0.32,0.73,0.65,1.0,0.0,1.0,28.85,17.0,17.04,4.0,0.17,0.23,0.23,1.66,1.65,1.57,11.46,0.73,0.78,2.64,0.34,6.76,4.75,0.71,0.69,0.68,10.0,6.0,7.0,23.0,0.0,0.0,0.0,2.0,0.0,7.0,7.0,10.0,16.0,0.0,0.0,9.0,5.0,0.0,4.0,13.0,3.0,0.0,0.32,0.4,0.0,0.0,0.0,0.0,22.37,16.0,15.46,2.0,0.16,0.0,0.0,0.89,0.85,0.83
847844484784988482117,2025,Debrusk-Reichel-Boeser,VAN,line,5on5,4,1593.0,25.0,0.49,0.44,0.5,13.83,1.02,0.84,3.4,0.44,7.81,5.48,1.0,1.02,1.0,13.0,6.0,2.0,21.0,1.0,1.0,0.0,5.0,0.0,3.0,9.0,12.0,18.0,0.0,0.0,13.0,5.0,2.0,12.0,14.0,5.0,0.0,0.46,0.57,0.0,0.0,1.0,0.0,21.47,19.0,19.43,9.0,0.17,0.14,0.14,1.06,1.06,1.04,13.23,1.07,0.86,3.66,0.48,7.48,5.44,1.06,1.1,1.08,15.0,4.0,8.0,27.0,1.0,2.0,0.0,2.0,0.0,8.0,6.0,14.0,18.0,1.0,2.0,15.0,6.0,0.0,12.0,14.0,4.0,1.0,0.31,0.46,0.3,0.0,1.0,0.0,27.38,19.0,19.06,4.0,0.18,0.47,0.47,0.78,0.8,0.79
847740484785198479542,2025,Hagel-Guentzel-Cirelli,TBL,line,5on5,8,1084.0,45.0,0.76,0.61,0.6,15.72,2.15,1.2,4.01,0.54,7.65,5.44,1.73,2.15,1.71,12.0,9.0,9.0,30.0,4.0,4.0,3.0,3.0,0.0,8.0,2.0,8.0,17.0,1.0,2.0,6.0,2.0,1.0,2.0,12.0,6.0,3.0,0.4,0.88,0.88,1.0,3.0,0.0,29.61,21.0,21.12,1.0,0.26,0.79,0.79,1.62,1.61,1.34,9.98,0.7,0.75,2.08,0.34,5.8,4.33,0.69,0.7,0.7,10.0,4.0,5.0,19.0,1.0,2.0,1.0,2.0,0.0,2.0,7.0,9.0,13.0,2.0,6.0,8.0,9.0,1.0,4.0,11.0,3.0,0.0,0.32,0.38,0.0,0.0,1.0,0.0,18.71,14.0,13.77,2.0,0.15,0.15,0.15,0.7,0.7,0.69
847403784774298479992,2025,Van Riemsdyk-Rasmussen-Copp,DET,line,5on5,4,825.0,35.0,0.71,0.47,0.5,8.87,1.32,0.84,1.83,0.31,4.03,2.66,1.31,1.33,1.31,9.0,2.0,5.0,16.0,1.0,2.0,0.0,0.0,0.0,4.0,4.0,8.0,10.0,3.0,6.0,8.0,6.0,0.0,5.0,4.0,6.0,1.0,0.18,0.82,0.32,0.0,1.0,0.0,16.19,11.0,11.1,4.0,0.18,0.19,0.19,1.31,1.32,1.32,7.72,0.54,0.48,2.12,0.28,4.35,3.22,0.53,0.54,0.53,7.0,4.0,7.0,18.0,0.0,1.0,0.0,2.0,0.0,3.0,5.0,7.0,11.0,1.0,2.0,8.0,3.0,1.0,5.0,10.0,1.0,0.0,0.45,0.09,0.0,0.0,0.0,0.0,17.53,11.0,10.72,1.0,0.1,0.07,0.07,0.57,0.56,0.56
847849884788568480012,2025,Debrusk-Pettersson-Garland,VAN,line,5on5,7,2595.0,41.0,0.41,0.36,0.39,18.9,1.76,1.39,4.21,0.61,10.29,7.74,1.72,1.75,1.71,16.0,10.0,6.0,32.0,3.0,2.0,0.0,1.0,0.0,4.0,16.0,13.0,23.0,5.0,13.0,30.0,5.0,1.0,11.0,17.0,7.0,2.0,0.5,0.77,0.49,1.0,2.0,0.0,32.58,26.0,26.61,7.0,0.29,0.31,0.31,1.73,1.74,1.73,29.91,2.56,1.87,8.36,1.02,15.25,10.94,2.49,2.47,2.41,19.0,21.0,16.0,56.0,0.0,5.0,0.0,6.0,0.0,16.0,13.0,19.0,40.0,2.0,7.0,32.0,20.0,0.0,13.0,28.0,10.0,2.0,0.76,1.35,0.45,0.0,0.0,0.0,53.44,40.0,38.05,5.0,0.39,0.66,0.66,2.3,2.21,2.17
84770188481527,2025,Hutton-Korczak,VGK,pairing,5on5,10,1056.0,55.0,0.37,0.58,0.59,7.53,0.42,0.44,2.07,0.24,3.72,3.1,0.42,0.43,0.43,4.0,6.0,4.0,14.0,0.0,0.0,0.0,1.0,0.0,4.0,5.0,4.0,10.0,2.0,4.0,9.0,4.0,2.0,4.0,9.0,1.0,0.0,0.24,0.18,0.0,0.0,0.0,0.0,13.87,10.0,9.94,1.0,0.09,0.0,0.0,0.51,0.53,0.53,5.29,0.72,0.34,1.44,0.2,2.49,1.82,0.62,0.71,0.62,5.0,2.0,3.0,10.0,0.0,2.0,0.0,2.0,0.0,1.0,2.0,5.0,7.0,3.0,6.0,6.0,7.0,3.0,9.0,5.0,1.0,1.0,0.16,0.18,0.37,0.0,0.0,0.0,9.92,7.0,7.19,4.0,0.07,0.55,0.55,0.23,0.23,0.23
847793584800038482713,2025,Boqvist-Bennett-Samoskevich,FLA,line,5on5,8,3244.0,49.0,0.49,0.48,0.5,28.58,1.98,1.63,7.41,0.97,15.47,11.55,1.89,2.03,1.93,21.0,18.0,12.0,51.0,1.0,3.0,1.0,4.0,0.0,16.0,15.0,20.0,38.0,2.0,6.0,32.0,31.0,0.0,12.0,33.0,3.0,3.0,0.84,0.39,0.75,0.0,0.0,1.0,50.91,39.0,38.72,5.0,0.33,0.59,0.59,1.73,1.75,1.73,27.23,2.04,1.86,6.77,0.96,15.97,11.4,2.01,2.03,2.01,29.0,10.0,16.0,55.0,1.0,2.0,0.0,10.0,0.0,13.0,13.0,28.0,38.0,3.0,6.0,26.0,17.0,7.0,12.0,32.0,5.0,2.0,0.81,0.66,0.57,1.0,0.0,0.0,53.75,39.0,38.71,6.0,0.38,0.45,0.45,1.96,1.94,1.93
84794258480058,2025,Joseph-Hronek,VAN,pairing,5on5,8,891.0,63.0,0.73,0.75,0.81,16.21,1.19,1.06,4.15,0.51,8.77,6.32,1.16,1.14,1.11,17.0,5.0,2.0,24.0,2.0,1.0,0.0,1.0,0.0,6.0,12.0,15.0,20.0,2.0,4.0,5.0,4.0,2.0,1.0,16.0,5.0,1.0,0.4,0.56,0.22,2.0,0.0,0.0,22.96,22.0,21.24,0.0,0.22,0.22,0.36,1.05,1.01,1.01,4.01,0.44,0.22,0.98,0.13,1.74,1.49,0.43,0.47,0.46,4.0,1.0,3.0,8.0,0.0,1.0,0.0,1.0,0.0,0.0,3.0,4.0,5.0,0.0,0.0,2.0,1.0,1.0,6.0,4.0,0.0,1.0,0.09,0.0,0.35,0.0,0.0,0.0,8.35,5.0,5.17,5.0,0.05,0.35,0.35,0.14,0.14,0.14
848002884807978481068,2025,Farabee-Frost-Sharangovich,CGY,line,5on5,6,1955.0,31.0,0.43,0.43,0.45,15.47,1.19,0.96,3.64,0.49,8.77,5.95,1.1,1.17,1.08,14.0,7.0,9.0,30.0,1.0,1.0,0.0,4.0,0.0,8.0,7.0,13.0,20.0,2.0,4.0,20.0,14.0,3.0,9.0,16.0,4.0,1.0,0.37,0.62,0.2,1.0,0.0,0.0,29.56,21.0,20.87,5.0,0.2,0.19,0.19,1.2,1.18,1.12,19.93,1.57,1.31,4.82,0.63,10.03,7.65,1.55,1.65,1.63,18.0,8.0,13.0,39.0,1.0,1.0,0.0,6.0,0.0,7.0,11.0,17.0,25.0,3.0,6.0,12.0,22.0,4.0,9.0,17.0,9.0,0.0,0.4,1.17,0.0,0.0,1.0,0.0,39.38,26.0,26.38,5.0,0.28,0.07,0.07,1.77,1.85,1.83
84780388484258,2025,Toews-Malinski,COL,pairing,5on5,15,1564.0,113.0,0.63,0.63,0.58,14.41,1.64,0.95,3.64,0.5,7.2,5.08,1.58,1.68,1.63,14.0,5.0,10.0,29.0,1.0,2.0,0.0,3.0,0.0,6.0,7.0,13.0,18.0,4.0,8.0,9.0,2.0,2.0,3.0,11.0,6.0,2.0,0.3,0.77,0.57,1.0,0.0,0.0,29.51,19.0,19.51,0.0,0.2,0.41,0.41,1.43,1.48,1.47,10.2,0.96,0.68,2.25,0.3,5.73,4.08,0.96,0.97,0.97,9.0,5.0,3.0,17.0,2.0,0.0,0.0,1.0,0.0,5.0,6.0,7.0,12.0,1.0,2.0,4.0,12.0,2.0,9.0,10.0,3.0,1.0,0.28,0.37,0.3,1.0,0.0,1.0,16.79,14.0,13.7,5.0,0.14,0.0,0.0,1.1,1.11,1.11
84757908479371,2025,Gudbranson-Fabbro,CBJ,pairing,5on5,2,1092.0,6.0,0.63,0.53,0.5,8.24,1.07,0.6,2.19,0.28,3.96,2.91,1.06,1.05,1.04,7.0,4.0,8.0,19.0,0.0,1.0,0.0,2.0,0.0,4.0,4.0,7.0,11.0,1.0,2.0,9.0,15.0,1.0,3.0,5.0,5.0,1.0,0.11,0.69,0.26,0.0,0.0,0.0,18.97,11.0,10.87,1.0,0.13,0.26,0.26,0.93,0.92,0.92,7.98,0.63,0.52,1.96,0.25,4.36,3.29,0.62,0.66,0.65,6.0,5.0,6.0,17.0,1.0,0.0,0.0,1.0,0.0,6.0,3.0,5.0,10.0,0.0,0.0,11.0,12.0,1.0,4.0,7.0,4.0,0.0,0.18,0.45,0.0,0.0,1.0,0.0,17.67,11.0,11.52,2.0,0.11,0.0,0.0,0.73,0.77,0.76
84808788481581,2025,Harley-Lundkvist,DAL,pairing,5on5,4,2666.0,8.0,0.55,0.47,0.54,21.66,2.12,1.43,5.14,0.68,11.37,8.26,2.03,2.21,2.11,19.0,10.0,10.0,39.0,4.0,3.0,0.0,3.0,0.0,11.0,8.0,15.0,25.0,6.0,12.0,18.0,17.0,2.0,9.0,19.0,9.0,1.0,0.72,1.18,0.22,3.0,1.0,0.0,41.28,29.0,30.47,5.0,0.3,0.57,0.57,1.85,1.93,1.9,17.49,1.77,1.22,3.87,0.59,9.93,7.64,1.75,1.73,1.71,16.0,9.0,19.0,44.0,4.0,0.0,0.0,5.0,0.0,7.0,9.0,12.0,21.0,1.0,2.0,22.0,26.0,5.0,15.0,17.0,5.0,3.0,0.54,0.58,0.64,0.0,2.0,2.0,41.93,25.0,24.39,9.0,0.25,0.0,0.0,2.02,1.97,1.96
84757558481581,2025,Harley-Petrovic,DAL,pairing,5on5,12,986.0,102.0,0.64,0.5,0.46,7.95,1.02,0.54,1.99,0.27,4.23,2.95,0.96,0.96,0.9,10.0,1.0,5.0,16.0,0.0,2.0,0.0,4.0,0.0,1.0,4.0,10.0,11.0,1.0,2.0,8.0,7.0,0.0,1.0,7.0,1.0,3.0,0.17,0.14,0.71,0.0,0.0,0.0,15.31,11.0,10.41,0.0,0.11,0.48,0.48,0.65,0.61,0.6,9.5,0.58,0.53,2.15,0.29,5.42,4.03,0.57,0.61,0.6,10.0,3.0,3.0,16.0,1.0,0.0,0.0,0.0,0.0,6.0,6.0,9.0,12.0,1.0,2.0,2.0,7.0,2.0,6.0,12.0,1.0,0.0,0.47,0.11,0.0,1.0,0.0,0.0,16.89,13.0,13.71,3.0,0.1,0.0,0.0,0.68,0.72,0.71
847794284779608482124,2025,Fiala-Byfield-Kempe,LAK,line,5on5,9,1397.0,88.0,0.41,0.42,0.52,8.13,0.51,0.52,2.17,0.25,4.47,3.08,0.51,0.47,0.47,7.0,4.0,2.0,13.0,1.0,0.0,0.0,3.0,0.0,0.0,7.0,6.0,10.0,1.0,2.0,13.0,5.0,0.0,8.0,10.0,1.0,0.0,0.32,0.19,0.0,1.0,0.0,0.0,11.89,11.0,10.18,6.0,0.11,0.0,0.0,0.62,0.57,0.57,7.38,0.73,0.5,1.85,0.25,3.94,2.73,0.69,0.73,0.69,8.0,2.0,8.0,18.0,1.0,1.0,0.0,2.0,0.0,4.0,2.0,7.0,9.0,0.0,0.0,9.0,5.0,1.0,8.0,7.0,2.0,1.0,0.14,0.35,0.23,0.0,1.0,0.0,18.88,10.0,10.33,1.0,0.1,0.18,0.18,0.65,0.66,0.66
84747168478136,2025,Middleton-Spurgeon,MIN,pairing,5on5,14,8732.0,36.0,0.5,0.47,0.47,65.58,6.89,4.53,15.94,2.23,34.67,25.74,6.44,6.76,6.32,58.0,32.0,39.0,129.0,2.0,6.0,1.0,12.0,0.0,38.0,32.0,56.0,88.0,6.0,17.0,79.0,75.0,10.0,42.0,62.0,18.0,10.0,1.96,2.24,2.7,1.0,0.0,1.0,128.3,90.0,89.68,21.0,0.96,1.73,1.73,6.12,6.01,5.85,73.73,6.92,4.7,18.39,2.39,38.68,28.93,6.61,7.04,6.71,59.0,41.0,43.0,143.0,7.0,8.0,3.0,19.0,0.0,34.0,32.0,52.0,93.0,15.0,35.0,94.0,46.0,10.0,38.0,66.0,27.0,7.0,1.66,3.05,2.2,2.0,2.0,3.0,143.42,100.0,100.71,16.0,0.98,1.56,1.56,6.35,6.4,6.29
84735078484304,2025,Balinskis-Petry,FLA,pairing,5on5,9,5330.0,24.0,0.49,0.46,0.45,39.65,3.81,2.64,10.69,1.32,20.24,14.3,3.73,3.81,3.73,31.0,22.0,26.0,79.0,3.0,6.0,0.0,7.0,0.0,15.0,22.0,28.0,50.0,10.0,23.0,43.0,72.0,6.0,32.0,37.0,11.0,5.0,1.08,1.45,1.29,2.0,1.0,0.0,79.21,53.0,52.88,15.0,0.56,0.57,0.57,3.8,3.77,3.71,47.99,3.94,3.13,11.82,1.58,26.09,19.45,3.85,3.86,3.77,35.0,31.0,25.0,91.0,5.0,3.0,0.0,12.0,0.0,26.0,20.0,30.0,61.0,10.0,23.0,47.0,35.0,11.0,25.0,51.0,14.0,1.0,1.7,1.89,0.35,1.0,4.0,0.0,89.09,66.0,65.15,11.0,0.65,0.53,0.53,4.05,3.95,3.88
847699484774518478508,2025,Trenin-Hartman-Hinostroza,MIN,line,5on5,8,986.0,69.0,0.59,0.49,0.52,7.96,1.04,0.51,2.05,0.28,4.17,2.95,1.0,0.97,0.94,6.0,5.0,6.0,17.0,1.0,2.0,0.0,2.0,0.0,3.0,3.0,5.0,10.0,1.0,2.0,7.0,9.0,1.0,3.0,8.0,1.0,2.0,0.23,0.1,0.71,1.0,0.0,0.0,15.84,11.0,10.36,0.0,0.11,0.6,0.29,0.86,0.82,0.78,7.61,0.71,0.54,1.58,0.22,3.82,3.13,0.71,0.75,0.75,7.0,3.0,8.0,18.0,0.0,0.0,0.0,2.0,0.0,4.0,4.0,7.0,10.0,2.0,4.0,9.0,7.0,1.0,6.0,6.0,4.0,0.0,0.16,0.55,0.0,0.0,0.0,0.0,18.48,10.0,10.41,3.0,0.11,0.0,0.0,0.82,0.87,0.87
84717248478450,2025,Wotherspoon-Letang,PIT,pairing,5on5,10,811.0,64.0,0.23,0.21,0.21,2.18,0.19,0.2,0.43,0.07,1.17,0.94,0.19,0.18,0.18,2.0,1.0,1.0,4.0,0.0,0.0,0.0,1.0,0.0,0.0,2.0,2.0,3.0,1.0,2.0,1.0,5.0,1.0,3.0,3.0,0.0,0.0,0.19,0.0,0.0,0.0,0.0,0.0,3.99,3.0,2.9,1.0,0.04,0.0,0.0,0.23,0.22,0.22,8.11,0.64,0.52,2.02,0.26,4.46,3.1,0.63,0.61,0.6,6.0,5.0,4.0,15.0,0.0,1.0,0.0,0.0,0.0,4.0,6.0,6.0,11.0,2.0,7.0,2.0,6.0,0.0,0.0,8.0,2.0,1.0,0.19,0.23,0.22,0.0,0.0,0.0,14.15,11.0,10.58,0.0,0.11,0.12,0.12,0.62,0.59,0.59
84784508478854,2025,Wotherspoon-Shea,PIT,pairing,5on5,14,1502.0,89.0,0.54,0.45,0.52,9.64,1.01,0.66,2.29,0.29,4.97,3.79,0.99,0.98,0.97,6.0,7.0,2.0,15.0,0.0,1.0,0.0,2.0,0.0,6.0,4.0,6.0,13.0,2.0,7.0,8.0,9.0,0.0,8.0,7.0,4.0,2.0,0.18,0.39,0.43,0.0,0.0,0.0,14.21,13.0,12.44,4.0,0.14,0.12,0.12,1.03,0.99,0.98,8.76,0.85,0.6,1.9,0.25,4.97,3.44,0.85,0.87,0.87,8.0,4.0,6.0,18.0,1.0,0.0,0.0,3.0,0.0,3.0,5.0,7.0,11.0,1.0,5.0,6.0,9.0,2.0,11.0,10.0,0.0,2.0,0.3,0.0,0.55,1.0,0.0,0.0,17.79,12.0,11.68,5.0,0.13,0.0,0.0,0.97,0.99,0.99
847843984800158481533,2025,Konecny-Zegras-Tippett,PHI,line,5on5,3,758.0,19.0,0.56,0.5,0.53,6.01,0.36,0.41,1.7,0.19,3.18,2.16,0.35,0.36,0.36,6.0,2.0,1.0,9.0,0.0,1.0,0.0,1.0,0.0,5.0,1.0,6.0,8.0,0.0,0.0,5.0,1.0,3.0,5.0,6.0,2.0,0.0,0.11,0.25,0.0,0.0,0.0,0.0,9.04,8.0,8.06,2.0,0.08,0.17,0.17,0.28,0.28,0.28,5.14,0.28,0.26,1.3,0.15,2.97,2.03,0.28,0.28,0.28,7.0,0.0,2.0,9.0,0.0,0.0,0.0,2.0,0.0,0.0,5.0,7.0,7.0,1.0,2.0,7.0,6.0,0.0,6.0,6.0,1.0,0.0,0.19,0.09,0.0,0.0,0.0,0.0,8.95,7.0,7.0,4.0,0.05,0.0,0.0,0.34,0.33,0.33
84768758478851,2025,Matheson-Carrier,MTL,pairing,5on5,14,2489.0,79.0,0.52,0.56,0.56,25.53,2.26,1.63,6.05,0.82,13.68,10.56,2.17,2.29,2.2,24.0,11.0,15.0,50.0,3.0,2.0,0.0,4.0,0.0,20.0,6.0,21.0,32.0,5.0,10.0,20.0,9.0,3.0,6.0,25.0,8.0,2.0,0.77,1.0,0.49,2.0,0.0,1.0,49.9,35.0,34.99,4.0,0.34,0.12,0.12,2.47,2.51,2.41,20.46,2.11,1.48,5.04,0.74,10.11,7.53,2.02,2.06,1.98,18.0,9.0,12.0,39.0,1.0,5.0,0.0,2.0,0.0,7.0,12.0,17.0,26.0,3.0,6.0,17.0,20.0,1.0,9.0,19.0,5.0,3.0,0.61,0.62,0.87,0.0,1.0,0.0,38.65,27.0,26.78,6.0,0.32,0.72,0.72,1.7,1.68,1.65
84793958483495,2025,Cholowski-Nemec,NJD,pairing,5on5,4,2364.0,16.0,0.18,0.31,0.35,13.96,0.6,0.8,3.45,0.46,8.41,6.28,0.6,0.61,0.61,13.0,7.0,5.0,25.0,1.0,0.0,0.0,5.0,0.0,3.0,11.0,12.0,19.0,0.0,0.0,12.0,12.0,3.0,6.0,20.0,0.0,0.0,0.6,0.0,0.0,1.0,0.0,0.0,24.83,20.0,20.2,3.0,0.16,0.0,0.0,0.77,0.77,0.77,26.46,2.76,1.78,6.67,0.9,14.52,10.38,2.67,2.74,2.65,24.0,13.0,19.0,56.0,3.0,5.0,1.0,5.0,0.0,14.0,10.0,21.0,34.0,0.0,0.0,16.0,14.0,2.0,12.0,27.0,6.0,4.0,0.86,0.71,1.19,1.0,1.0,1.0,56.01,37.0,36.2,4.0,0.37,1.12,1.12,2.01,2.0,1.94
848079784810688482679,2025,Farabee-Sharangovich-Coronato,CGY,line,5on5,2,890.0,6.0,0.5,0.58,0.48,6.86,0.51,0.4,1.88,0.26,3.91,3.04,0.49,0.54,0.53,10.0,0.0,8.0,18.0,0.0,1.0,0.0,3.0,0.0,2.0,4.0,10.0,10.0,2.0,4.0,4.0,4.0,2.0,6.0,9.0,0.0,1.0,0.25,0.0,0.25,0.0,0.0,0.0,18.67,10.0,10.28,5.0,0.08,0.05,0.05,0.53,0.56,0.56,7.65,0.52,0.48,1.77,0.24,4.67,3.32,0.5,0.5,0.49,9.0,2.0,2.0,13.0,2.0,0.0,0.0,2.0,0.0,5.0,2.0,7.0,9.0,1.0,2.0,7.0,3.0,4.0,7.0,9.0,2.0,0.0,0.29,0.23,0.0,2.0,0.0,0.0,12.98,11.0,10.76,3.0,0.1,0.0,0.0,0.61,0.59,0.58
847897584827518483524,2025,Marchment-Wright-Winterton,SEA,line,5on5,9,2423.0,42.0,0.67,0.5,0.5,17.62,1.58,1.17,4.55,0.66,9.23,6.81,1.47,1.59,1.47,12.0,12.0,7.0,31.0,2.0,2.0,1.0,2.0,0.0,8.0,10.0,10.0,22.0,2.0,4.0,15.0,14.0,3.0,18.0,16.0,6.0,2.0,0.4,0.73,0.45,0.0,1.0,1.0,30.78,24.0,23.89,9.0,0.24,0.34,0.34,1.49,1.48,1.41,17.02,0.79,1.05,4.77,0.55,9.78,7.06,0.78,0.79,0.79,16.0,8.0,7.0,31.0,2.0,1.0,0.0,7.0,0.0,7.0,7.0,14.0,22.0,3.0,6.0,22.0,26.0,1.0,14.0,23.0,1.0,0.0,0.68,0.11,0.0,2.0,0.0,0.0,32.22,24.0,24.57,7.0,0.21,0.01,0.01,0.99,1.0,0.99
847575284785088483525,2025,Trenin-Yurov-Pitlick,MIN,line,5on5,4,1683.0,15.0,0.4,0.47,0.46,13.7,0.99,0.83,3.3,0.47,6.98,5.43,0.96,0.95,0.92,12.0,6.0,7.0,25.0,0.0,2.0,0.0,0.0,0.0,7.0,9.0,12.0,18.0,2.0,7.0,5.0,24.0,1.0,10.0,14.0,3.0,1.0,0.41,0.37,0.2,0.0,0.0,0.0,23.94,18.0,17.55,9.0,0.17,0.31,0.31,0.86,0.83,0.82,15.69,1.51,0.98,3.95,0.51,8.04,6.02,1.48,1.58,1.55,15.0,6.0,7.0,28.0,0.0,2.0,0.0,4.0,0.0,8.0,7.0,15.0,21.0,2.0,7.0,16.0,17.0,2.0,6.0,12.0,9.0,0.0,0.3,1.21,0.0,0.0,0.0,0.0,29.6,21.0,21.96,2.0,0.2,0.36,0.36,1.35,1.43,1.39
84815248484305,2025,Byram-Metsa,BUF,pairing,5on5,4,630.0,32.0,0.49,0.3,0.27,2.69,0.37,0.22,0.64,0.12,1.53,1.13,0.37,0.38,0.38,2.0,2.0,3.0,7.0,1.0,0.0,0.0,0.0,0.0,2.0,1.0,1.0,3.0,0.0,0.0,0.0,2.0,0.0,3.0,2.0,1.0,1.0,0.02,0.1,0.25,0.0,1.0,0.0,7.2,4.0,4.02,1.0,0.05,0.0,0.0,0.42,0.43,0.43,7.68,0.39,0.47,1.8,0.28,4.65,3.41,0.38,0.38,0.37,6.0,5.0,5.0,16.0,1.0,1.0,1.0,1.0,0.0,4.0,4.0,5.0,10.0,1.0,2.0,4.0,7.0,0.0,0.0,10.0,1.0,0.0,0.28,0.11,0.0,0.0,1.0,0.0,15.76,11.0,11.05,0.0,0.09,0.11,0.11,0.37,0.37,0.36
84808078484305,2025,Samuelsson-Metsa,BUF,pairing,5on5,4,906.0,28.0,0.7,0.58,0.61,14.86,1.69,0.93,3.51,0.48,7.13,5.26,1.67,1.69,1.67,12.0,7.0,7.0,26.0,4.0,1.0,0.0,1.0,0.0,7.0,6.0,8.0,15.0,2.0,4.0,7.0,8.0,0.0,5.0,12.0,4.0,3.0,0.37,0.6,0.72,2.0,2.0,0.0,26.05,19.0,18.99,1.0,0.2,0.28,0.28,1.61,1.61,1.59,8.88,0.72,0.53,2.16,0.28,4.93,3.38,0.71,0.73,0.72,7.0,5.0,7.0,19.0,0.0,1.0,0.0,2.0,0.0,3.0,6.0,7.0,12.0,1.0,2.0,10.0,10.0,1.0,4.0,9.0,3.0,0.0,0.32,0.41,0.0,0.0,0.0,0.0,19.15,12.0,12.12,2.0,0.11,0.14,0.14,0.69,0.71,0.71
84764738482807,2025,Del Mastro-Murphy,CHI,pairing,5on5,1,857.0,2.0,0.23,0.31,0.32,5.89,0.37,0.31,1.53,0.18,3.18,2.43,0.37,0.39,0.39,5.0,3.0,3.0,11.0,0.0,0.0,0.0,1.0,1.0,3.0,3.0,5.0,8.0,0.0,0.0,9.0,7.0,0.0,5.0,6.0,2.0,0.0,0.14,0.23,0.0,0.0,0.0,0.0,11.24,8.0,8.18,3.0,0.06,0.0,0.0,0.43,0.45,0.45,12.78,1.22,0.86,3.41,0.44,6.46,4.59,1.18,1.19,1.15,11.0,6.0,7.0,24.0,1.0,1.0,0.0,6.0,0.0,1.0,8.0,10.0,16.0,1.0,2.0,8.0,10.0,1.0,1.0,11.0,5.0,1.0,0.32,0.67,0.23,0.0,1.0,0.0,23.51,17.0,16.73,0.0,0.18,0.23,0.23,1.18,1.14,1.13
84788408478882,2025,Gavrikov-Borgen,NYR,pairing,5on5,13,955.0,93.0,0.67,0.5,0.56,6.95,0.63,0.41,1.98,0.22,3.42,2.34,0.61,0.69,0.67,6.0,3.0,4.0,13.0,0.0,1.0,0.0,2.0,0.0,3.0,3.0,6.0,9.0,4.0,8.0,4.0,5.0,4.0,2.0,7.0,1.0,1.0,0.17,0.15,0.31,0.0,0.0,0.0,13.18,9.0,9.47,0.0,0.09,0.31,0.31,0.4,0.43,0.43,4.93,0.32,0.3,1.41,0.16,2.83,1.99,0.31,0.32,0.32,6.0,1.0,6.0,13.0,0.0,1.0,0.0,1.0,0.0,2.0,3.0,6.0,7.0,1.0,2.0,3.0,7.0,2.0,3.0,5.0,2.0,0.0,0.11,0.21,0.0,0.0,0.0,0.0,13.03,7.0,7.12,0.0,0.06,0.12,0.12,0.26,0.25,0.25
847939084817048483690,2025,Parssinen-Laba-Raddysh,NYR,line,5on5,7,2539.0,27.0,0.39,0.44,0.42,15.02,1.11,0.99,3.54,0.48,8.82,6.07,1.09,1.17,1.16,13.0,8.0,12.0,33.0,2.0,0.0,0.0,3.0,0.0,10.0,6.0,11.0,19.0,0.0,0.0,14.0,19.0,2.0,11.0,16.0,5.0,0.0,0.43,0.68,0.0,0.0,2.0,0.0,33.48,21.0,21.59,6.0,0.21,0.0,0.0,1.31,1.38,1.36,20.02,1.7,1.45,5.12,0.7,11.89,8.15,1.65,1.67,1.63,14.0,15.0,13.0,42.0,2.0,1.0,0.0,2.0,0.0,8.0,16.0,12.0,27.0,3.0,6.0,20.0,20.0,0.0,7.0,20.0,7.0,2.0,0.44,0.82,0.44,2.0,0.0,0.0,41.93,29.0,28.7,4.0,0.3,0.23,0.23,1.77,1.76,1.75
847456484752878476539,2025,Stamkos-Haula-Marchessault,NSH,line,5on5,10,2914.0,56.0,0.58,0.49,0.45,22.7,2.98,1.61,5.69,0.78,11.59,8.35,2.89,2.95,2.86,20.0,11.0,20.0,51.0,0.0,4.0,0.0,2.0,0.0,12.0,13.0,20.0,31.0,2.0,4.0,18.0,15.0,4.0,22.0,19.0,7.0,5.0,0.7,0.84,1.44,0.0,0.0,0.0,50.5,31.0,30.55,11.0,0.34,1.24,1.24,2.08,2.04,2.01,27.28,2.13,1.79,7.16,0.96,15.31,10.65,2.05,2.2,2.13,24.0,14.0,16.0,54.0,1.0,2.0,1.0,7.0,0.0,11.0,17.0,23.0,37.0,2.0,4.0,28.0,20.0,3.0,26.0,28.0,8.0,2.0,0.69,0.94,0.49,0.0,1.0,0.0,55.56,38.0,39.3,13.0,0.37,0.26,0.26,2.24,2.32,2.25
847740984779338477935,2025,Verhaeghe-Bennett-Reinhart,FLA,line,5on5,14,2119.0,126.0,0.49,0.47,0.46,15.61,1.24,0.91,4.28,0.54,8.8,6.24,1.2,1.27,1.23,10.0,12.0,9.0,31.0,1.0,3.0,0.0,3.0,0.0,6.0,9.0,9.0,21.0,4.0,8.0,15.0,13.0,2.0,13.0,17.0,5.0,0.0,0.49,0.75,0.0,0.0,1.0,0.0,30.43,22.0,21.97,6.0,0.19,0.46,0.46,0.96,0.97,0.95,18.99,1.26,1.13,4.98,0.61,10.23,7.79,1.26,1.24,1.23,17.0,9.0,9.0,35.0,1.0,0.0,0.0,6.0,0.0,9.0,10.0,16.0,25.0,4.0,8.0,18.0,15.0,5.0,10.0,20.0,6.0,0.0,0.55,0.72,0.0,0.0,1.0,0.0,34.98,26.0,26.15,5.0,0.24,0.0,0.0,1.5,1.47,1.46
84779488481546,2025,Sanheim-York,PHI,pairing,5on5,12,11834.0,13.0,0.53,0.5,0.54,89.0,7.5,5.9,21.63,2.89,47.97,35.11,7.25,7.4,7.16,77.0,44.0,44.0,165.0,9.0,9.0,0.0,21.0,0.0,43.0,39.0,68.0,112.0,13.0,35.0,92.0,63.0,16.0,66.0,89.0,29.0,3.0,2.86,3.67,0.97,6.0,3.0,0.0,163.35,121.0,120.17,30.0,1.22,1.68,1.68,7.04,6.98,6.86,76.68,6.68,4.69,18.94,2.52,40.9,31.26,6.48,6.78,6.58,64.0,41.0,61.0,166.0,6.0,7.0,1.0,13.0,0.0,42.0,37.0,58.0,99.0,17.0,43.0,102.0,76.0,10.0,65.0,79.0,17.0,9.0,2.0,2.1,2.57,4.0,2.0,0.0,169.64,105.0,108.0,35.0,0.97,1.91,1.91,5.74,5.91,5.85
84808658483457,2025,Hutson-Dobson,MTL,pairing,5on5,12,1465.0,81.0,0.69,0.49,0.5,12.74,1.94,0.86,3.06,0.44,6.12,4.58,1.82,1.98,1.86,13.0,4.0,6.0,23.0,2.0,2.0,1.0,1.0,0.0,4.0,8.0,11.0,15.0,1.0,2.0,8.0,5.0,2.0,7.0,9.0,5.0,3.0,0.33,0.49,1.12,0.0,1.0,1.0,22.96,17.0,17.07,3.0,0.18,0.76,1.12,0.99,1.01,0.99,12.04,0.86,0.69,2.62,0.42,6.99,5.42,0.84,0.87,0.85,12.0,5.0,7.0,24.0,0.0,0.0,0.0,4.0,0.0,5.0,8.0,12.0,17.0,2.0,4.0,14.0,8.0,3.0,4.0,12.0,5.0,0.0,0.39,0.47,0.0,0.0,0.0,0.0,24.32,17.0,17.27,2.0,0.14,0.0,0.0,1.0,1.01,0.99
84815818483425,2025,Harley-Bichsel,DAL,pairing,5on5,15,1134.0,131.0,0.75,0.55,0.54,10.49,1.07,0.66,2.63,0.37,4.81,3.46,0.97,1.03,0.93,8.0,5.0,5.0,18.0,0.0,2.0,0.0,2.0,0.0,1.0,8.0,8.0,13.0,2.0,4.0,3.0,7.0,1.0,4.0,9.0,3.0,1.0,0.32,0.29,0.45,0.0,0.0,0.0,17.42,13.0,12.69,2.0,0.14,0.57,0.57,0.64,0.62,0.61,7.98,0.35,0.45,2.1,0.27,4.49,3.34,0.35,0.35,0.35,7.0,4.0,4.0,15.0,0.0,0.0,0.0,2.0,0.0,5.0,4.0,7.0,11.0,2.0,4.0,4.0,12.0,4.0,5.0,11.0,0.0,0.0,0.35,0.0,0.0,0.0,0.0,0.0,15.37,11.0,11.2,2.0,0.09,0.0,0.0,0.44,0.44,0.44
847854284800038482713,2025,Boqvist-Rodrigues-Samoskevich,FLA,line,5on5,9,3334.0,49.0,0.48,0.53,0.49,21.88,1.93,1.37,5.53,0.71,11.4,8.07,1.86,1.99,1.91,22.0,7.0,16.0,45.0,2.0,2.0,0.0,6.0,0.0,5.0,14.0,20.0,27.0,7.0,14.0,24.0,38.0,4.0,13.0,20.0,7.0,2.0,0.61,0.83,0.49,0.0,2.0,0.0,46.02,29.0,29.57,5.0,0.29,0.35,0.35,1.87,1.91,1.9,22.72,2.11,1.51,5.54,0.69,11.45,8.7,2.09,2.11,2.09,18.0,12.0,10.0,40.0,0.0,3.0,0.0,3.0,1.0,13.0,10.0,18.0,30.0,5.0,10.0,35.0,24.0,6.0,15.0,21.0,6.0,3.0,0.54,0.81,0.76,0.0,0.0,0.0,39.46,30.0,29.77,6.0,0.31,0.62,0.62,1.8,1.79,1.78
847931884827208484158,2025,Knies-Matthews-Cowan,TOR,line,5on5,5,2239.0,33.0,0.68,0.54,0.62,23.09,1.84,1.66,6.13,0.74,11.96,8.66,1.81,1.76,1.73,24.0,7.0,7.0,38.0,1.0,3.0,0.0,8.0,0.0,9.0,10.0,23.0,30.0,3.0,6.0,24.0,15.0,0.0,19.0,23.0,7.0,1.0,0.7,0.88,0.26,0.0,1.0,0.0,36.85,31.0,30.17,10.0,0.35,0.52,0.52,1.67,1.6,1.59,13.98,0.88,0.77,3.71,0.41,7.73,5.5,0.88,0.91,0.91,12.0,7.0,13.0,32.0,0.0,0.0,0.0,3.0,0.0,8.0,8.0,12.0,19.0,5.0,10.0,15.0,15.0,3.0,16.0,16.0,1.0,2.0,0.31,0.12,0.45,0.0,0.0,0.0,32.16,19.0,19.09,9.0,0.16,0.0,0.0,1.03,1.07,1.07
848210984821578483690,2025,Lafrenire-Laba-Cuylle,NYR,line,5on5,4,1385.0,32.0,0.79,0.57,0.67,12.74,1.62,0.81,3.55,0.45,6.88,4.69,1.6,1.65,1.63,11.0,7.0,5.0,23.0,2.0,4.0,1.0,0.0,0.0,9.0,3.0,9.0,16.0,3.0,6.0,13.0,7.0,2.0,4.0,12.0,3.0,3.0,0.3,0.41,0.91,0.0,1.0,1.0,23.17,18.0,18.24,1.0,0.17,0.93,0.93,0.86,0.86,0.85,5.99,0.43,0.41,1.76,0.24,3.58,2.58,0.43,0.46,0.46,6.0,3.0,8.0,17.0,1.0,0.0,0.0,0.0,0.0,1.0,7.0,5.0,8.0,1.0,2.0,10.0,7.0,0.0,12.0,8.0,0.0,1.0,0.18,0.0,0.25,1.0,0.0,0.0,18.04,9.0,9.57,6.0,0.08,0.0,0.0,0.51,0.55,0.55
847846384821488484186,2025,Beauvillier-Lapierre-Leonard,WSH,line,5on5,9,1000.0,102.0,0.45,0.31,0.38,8.11,0.78,0.41,2.08,0.28,4.16,3.28,0.76,0.82,0.8,5.0,6.0,0.0,11.0,0.0,2.0,0.0,1.0,0.0,5.0,3.0,5.0,11.0,2.0,4.0,4.0,8.0,3.0,11.0,8.0,2.0,1.0,0.21,0.25,0.33,0.0,0.0,0.0,11.39,11.0,11.31,2.0,0.09,0.35,0.35,0.51,0.52,0.52,11.39,0.94,0.84,2.89,0.44,7.66,5.24,0.91,0.9,0.87,7.0,11.0,6.0,24.0,0.0,1.0,0.0,2.0,0.0,7.0,8.0,7.0,18.0,1.0,2.0,6.0,9.0,0.0,3.0,15.0,2.0,1.0,0.53,0.18,0.22,0.0,0.0,0.0,22.54,18.0,17.16,1.0,0.17,0.03,0.03,1.08,1.03,1.0
84769678478013,2025,Kulak-Walman,EDM,pairing,5on5,5,814.0,34.0,0.35,0.58,0.44,5.46,0.28,0.32,1.29,0.18,3.43,2.5,0.28,0.26,0.26,3.0,5.0,7.0,15.0,0.0,0.0,0.0,0.0,0.0,3.0,5.0,3.0,8.0,1.0,2.0,8.0,1.0,1.0,3.0,7.0,1.0,0.0,0.18,0.1,0.0,0.0,0.0,0.0,13.71,8.0,7.51,0.0,0.06,0.0,0.0,0.34,0.32,0.32,7.18,0.51,0.38,1.69,0.24,3.94,3.24,0.51,0.56,0.56,6.0,4.0,1.0,11.0,2.0,0.0,0.0,1.0,0.0,3.0,4.0,4.0,8.0,1.0,2.0,5.0,1.0,1.0,4.0,10.0,0.0,0.0,0.51,0.0,0.0,2.0,0.0,0.0,11.97,10.0,10.77,1.0,0.08,0.0,0.0,0.59,0.65,0.65
847575484775018479525,2025,Colton-Nelson-Nichushkin,COL,line,5on5,7,3129.0,22.0,0.62,0.51,0.56,30.63,3.39,2.27,7.45,1.12,16.11,11.67,3.19,3.51,3.32,29.0,13.0,15.0,57.0,2.0,7.0,0.0,10.0,0.0,9.0,14.0,27.0,40.0,4.0,8.0,41.0,18.0,8.0,12.0,28.0,10.0,4.0,0.88,1.36,1.15,0.0,2.0,0.0,61.09,42.0,44.6,7.0,0.47,1.38,1.38,2.49,2.63,2.61,24.31,2.06,1.63,6.47,0.77,12.59,9.47,2.01,1.92,1.87,21.0,12.0,21.0,54.0,2.0,2.0,0.0,7.0,0.0,15.0,7.0,19.0,31.0,4.0,8.0,31.0,15.0,3.0,10.0,25.0,6.0,2.0,0.76,0.8,0.5,2.0,0.0,0.0,49.81,33.0,30.68,6.0,0.33,0.42,0.42,1.98,1.85,1.82
84789118480796,2025,Fehervary-Roy,WSH,pairing,5on5,15,2653.0,78.0,0.66,0.62,0.7,28.75,2.76,1.74,7.14,0.97,14.79,11.59,2.69,2.75,2.68,31.0,8.0,9.0,48.0,2.0,4.0,0.0,7.0,0.0,12.0,14.0,29.0,37.0,4.0,8.0,9.0,20.0,2.0,8.0,27.0,9.0,3.0,0.75,1.19,0.83,1.0,1.0,0.0,47.98,39.0,39.01,6.0,0.37,0.92,0.74,2.38,2.37,2.34,12.75,1.43,0.92,2.85,0.4,6.54,4.86,1.38,1.44,1.39,6.0,11.0,13.0,30.0,0.0,1.0,0.0,0.0,0.0,6.0,10.0,6.0,17.0,1.0,2.0,9.0,20.0,1.0,11.0,11.0,4.0,2.0,0.41,0.53,0.49,0.0,0.0,0.0,29.74,17.0,17.09,7.0,0.19,0.03,0.03,1.59,1.61,1.55
84793718483485,2025,Mateychuk-Fabbro,CBJ,pairing,5on5,9,762.0,62.0,0.39,0.24,0.31,3.37,0.64,0.25,0.65,0.08,1.27,1.11,0.63,0.69,0.68,3.0,1.0,1.0,5.0,1.0,1.0,1.0,1.0,0.0,1.0,0.0,2.0,3.0,0.0,0.0,6.0,1.0,1.0,3.0,1.0,2.0,1.0,0.02,0.2,0.42,0.0,0.0,1.0,5.54,4.0,4.26,2.0,0.05,0.42,0.42,0.27,0.3,0.3,6.83,1.01,0.57,1.76,0.26,3.32,2.09,0.8,0.99,0.79,5.0,4.0,7.0,16.0,0.0,3.0,0.0,1.0,0.0,4.0,1.0,5.0,9.0,0.0,0.0,3.0,6.0,0.0,6.0,3.0,4.0,2.0,0.05,0.52,0.43,0.0,0.0,0.0,16.34,9.0,9.26,1.0,0.12,0.58,0.58,0.55,0.55,0.52
84785008479371,2025,Provorov-Fabbro,CBJ,pairing,5on5,12,821.0,93.0,0.48,0.63,0.67,8.53,0.65,0.6,1.72,0.28,4.88,3.88,0.64,0.61,0.61,8.0,4.0,3.0,15.0,0.0,1.0,0.0,4.0,0.0,3.0,4.0,8.0,12.0,1.0,2.0,0.0,3.0,0.0,2.0,9.0,2.0,1.0,0.22,0.23,0.2,0.0,0.0,0.0,14.55,12.0,11.74,0.0,0.12,0.01,0.01,0.76,0.72,0.71,4.39,0.71,0.33,1.0,0.19,2.05,1.71,0.69,0.7,0.68,5.0,1.0,3.0,9.0,0.0,1.0,0.0,2.0,0.0,1.0,2.0,5.0,6.0,2.0,4.0,2.0,1.0,1.0,3.0,3.0,1.0,2.0,0.14,0.09,0.48,0.0,0.0,0.0,8.73,6.0,5.98,2.0,0.07,0.24,0.24,0.55,0.54,0.54
84808078482671,2025,Samuelsson-Power,BUF,pairing,5on5,8,1358.0,55.0,0.72,0.5,0.58,15.44,1.07,0.98,3.69,0.48,8.62,6.16,1.03,1.04,1.0,14.0,7.0,4.0,25.0,0.0,2.0,0.0,2.0,0.0,8.0,9.0,14.0,21.0,1.0,2.0,1.0,5.0,2.0,4.0,16.0,4.0,1.0,0.42,0.41,0.24,0.0,0.0,0.0,25.04,21.0,20.97,2.0,0.2,0.33,0.33,0.94,0.93,0.92,11.17,0.41,0.56,2.94,0.33,5.77,4.98,0.41,0.41,0.41,8.0,7.0,10.0,25.0,0.0,0.0,0.0,3.0,0.0,5.0,7.0,8.0,15.0,1.0,2.0,11.0,10.0,3.0,9.0,14.0,1.0,0.0,0.31,0.1,0.0,0.0,0.0,0.0,24.93,15.0,15.21,7.0,0.12,0.0,0.0,0.53,0.53,0.52
84815428481607,2025,Johansson-Seider,DET,pairing,5on5,8,898.0,54.0,0.61,0.58,0.61,7.99,0.76,0.51,2.26,0.26,4.15,3.06,0.74,0.71,0.69,9.0,2.0,4.0,15.0,1.0,2.0,0.0,3.0,0.0,2.0,3.0,8.0,10.0,1.0,2.0,2.0,7.0,0.0,5.0,7.0,3.0,1.0,0.17,0.39,0.2,0.0,1.0,0.0,13.46,11.0,10.21,2.0,0.11,0.35,0.35,0.52,0.5,0.49,4.64,0.48,0.32,1.08,0.17,2.94,2.0,0.48,0.48,0.47,1.0,6.0,4.0,11.0,1.0,0.0,0.0,1.0,0.0,2.0,3.0,0.0,6.0,1.0,2.0,1.0,2.0,0.0,2.0,6.0,0.0,1.0,0.26,0.0,0.22,0.0,0.0,1.0,11.46,7.0,7.15,0.0,0.07,0.0,0.0,0.55,0.54,0.54
84775068485366,2025,Schaefer-Pulock,NYI,pairing,5on5,13,1584.0,100.0,0.54,0.59,0.59,16.12,1.3,1.01,3.94,0.57,8.52,6.66,1.28,1.37,1.35,15.0,7.0,7.0,29.0,0.0,2.0,0.0,3.0,0.0,5.0,12.0,15.0,22.0,2.0,4.0,15.0,8.0,4.0,6.0,18.0,3.0,1.0,0.58,0.4,0.31,0.0,0.0,0.0,30.28,22.0,23.28,2.0,0.21,0.35,0.35,1.15,1.2,1.19,11.19,1.12,0.73,2.72,0.34,6.04,4.04,1.1,1.05,1.03,12.0,3.0,5.0,20.0,0.0,2.0,0.0,2.0,0.0,6.0,5.0,12.0,15.0,2.0,4.0,8.0,8.0,3.0,7.0,11.0,3.0,1.0,0.33,0.4,0.4,0.0,0.0,0.0,18.58,15.0,14.16,3.0,0.15,0.56,0.56,0.71,0.66,0.65
84793248479985,2025,Lindgren-Fleury,SEA,pairing,5on5,4,1287.0,23.0,0.5,0.56,0.55,12.68,1.06,0.74,3.22,0.43,7.33,5.22,1.05,1.08,1.07,9.0,9.0,7.0,25.0,1.0,1.0,0.0,0.0,0.0,8.0,8.0,8.0,17.0,3.0,9.0,10.0,8.0,1.0,6.0,14.0,3.0,1.0,0.37,0.46,0.23,0.0,1.0,0.0,24.41,18.0,18.01,3.0,0.15,0.23,0.23,0.98,1.02,1.01,10.37,1.06,0.7,2.83,0.34,6.04,4.03,1.04,1.03,1.01,11.0,4.0,5.0,20.0,0.0,2.0,0.0,5.0,0.0,5.0,3.0,11.0,15.0,1.0,5.0,8.0,8.0,1.0,6.0,12.0,2.0,1.0,0.33,0.32,0.41,0.0,0.0,0.0,20.74,15.0,15.3,3.0,0.14,0.58,0.58,0.62,0.61,0.6
84820958484321,2025,Kleven-Matinpalo,OTT,pairing,5on5,7,5037.0,18.0,0.49,0.41,0.43,28.09,2.33,1.77,6.93,0.89,14.73,11.35,2.21,2.32,2.2,23.0,15.0,19.0,57.0,0.0,4.0,0.0,4.0,0.0,16.0,14.0,23.0,38.0,8.0,19.0,57.0,34.0,4.0,22.0,27.0,9.0,2.0,0.67,1.16,0.5,0.0,0.0,0.0,57.83,38.0,38.55,14.0,0.37,0.7,0.7,2.01,2.03,2.0,36.37,2.45,2.26,9.48,1.17,19.98,14.67,2.4,2.46,2.41,27.0,23.0,32.0,82.0,2.0,2.0,0.0,10.0,0.0,21.0,15.0,25.0,48.0,10.0,23.0,30.0,63.0,7.0,19.0,40.0,8.0,2.0,1.05,0.98,0.42,2.0,0.0,0.0,80.21,50.0,49.77,12.0,0.46,0.4,0.4,2.51,2.52,2.49
84757558483425,2025,Bichsel-Petrovic,DAL,pairing,5on5,13,7772.0,32.0,0.42,0.38,0.37,38.33,4.26,2.67,8.89,1.28,20.4,14.5,3.91,4.24,3.9,43.0,9.0,25.0,77.0,2.0,6.0,0.0,6.0,0.0,19.0,19.0,41.0,50.0,6.0,15.0,47.0,88.0,10.0,39.0,31.0,16.0,5.0,0.75,1.92,1.58,0.0,2.0,0.0,75.94,52.0,51.4,18.0,0.55,1.7,1.7,3.1,3.08,3.0,64.56,5.86,4.06,17.42,2.24,32.99,24.43,5.6,6.07,5.81,53.0,34.0,39.0,126.0,5.0,6.0,1.0,6.0,0.0,39.0,31.0,48.0,82.0,5.0,13.0,53.0,74.0,12.0,39.0,65.0,16.0,6.0,1.93,2.11,1.82,1.0,3.0,1.0,129.54,87.0,89.8,17.0,0.85,1.49,1.49,5.22,5.43,5.35
847750384793188482720,2025,Knies-Matthews-Domi,TOR,line,5on5,3,626.0,27.0,0.08,0.23,0.22,2.88,0.1,0.14,0.78,0.09,1.69,1.2,0.1,0.09,0.09,3.0,1.0,2.0,6.0,0.0,0.0,0.0,1.0,0.0,0.0,3.0,3.0,4.0,2.0,4.0,8.0,1.0,1.0,2.0,4.0,0.0,0.0,0.1,0.0,0.0,0.0,0.0,0.0,5.9,4.0,3.88,1.0,0.03,0.0,0.0,0.13,0.12,0.12,10.39,1.13,0.88,2.41,0.32,5.43,3.83,0.94,1.17,0.97,8.0,6.0,6.0,20.0,1.0,3.0,0.0,0.0,0.0,6.0,4.0,7.0,13.0,2.0,4.0,3.0,2.0,3.0,5.0,8.0,5.0,1.0,0.3,0.56,0.26,1.0,0.0,0.0,20.51,14.0,14.08,1.0,0.19,0.4,0.4,0.92,0.95,0.85
847181784766248480848,2025,Goodrow-Dellandrea-Reaves,SJS,line,5on5,9,1579.0,71.0,0.6,0.51,0.56,14.46,1.37,0.89,3.5,0.5,7.91,5.82,1.31,1.4,1.34,15.0,5.0,3.0,23.0,1.0,0.0,0.0,2.0,0.0,6.0,11.0,14.0,19.0,2.0,7.0,15.0,25.0,3.0,9.0,13.0,6.0,1.0,0.28,0.86,0.24,0.0,0.0,1.0,23.25,20.0,20.16,5.0,0.19,0.0,0.0,1.56,1.59,1.52,11.48,0.91,0.66,2.84,0.38,6.54,4.67,0.9,0.92,0.91,11.0,5.0,6.0,22.0,2.0,1.0,0.0,4.0,0.0,4.0,5.0,9.0,14.0,2.0,7.0,8.0,14.0,2.0,7.0,13.0,2.0,1.0,0.26,0.24,0.4,2.0,0.0,0.0,22.26,16.0,16.48,5.0,0.13,0.02,0.02,1.02,1.03,1.02
847745084779878481624,2025,Donato-Dickinson-Mikheyev,CHI,line,5on5,5,2073.0,36.0,0.83,0.7,0.72,30.43,2.7,2.05,7.85,1.03,16.1,11.28,2.47,2.76,2.52,29.0,12.0,7.0,48.0,4.0,6.0,1.0,8.0,0.0,11.0,12.0,25.0,37.0,1.0,2.0,26.0,9.0,6.0,12.0,30.0,8.0,3.0,0.77,1.13,0.8,2.0,0.0,2.0,50.32,41.0,42.73,6.0,0.43,0.93,0.93,2.19,2.2,2.07,11.77,0.56,0.61,3.34,0.48,6.45,4.57,0.56,0.54,0.54,11.0,5.0,5.0,21.0,1.0,0.0,0.0,1.0,0.0,6.0,8.0,10.0,15.0,1.0,2.0,15.0,21.0,3.0,12.0,14.0,2.0,0.0,0.33,0.22,0.0,1.0,0.0,0.0,19.66,16.0,14.98,7.0,0.13,0.0,0.0,0.68,0.67,0.66
84757648482516,2025,Fowler-Kessel,STL,pairing,5on5,7,963.0,38.0,0.34,0.67,0.53,7.23,0.73,0.52,1.98,0.25,3.92,2.59,0.73,0.77,0.76,6.0,4.0,10.0,20.0,1.0,0.0,0.0,1.0,0.0,5.0,3.0,5.0,9.0,2.0,4.0,9.0,5.0,1.0,4.0,7.0,2.0,1.0,0.23,0.29,0.21,0.0,1.0,0.0,20.31,10.0,10.27,3.0,0.11,0.0,0.0,0.85,0.88,0.87,7.51,1.43,0.56,1.95,0.34,2.9,1.82,1.17,1.38,1.13,5.0,4.0,1.0,10.0,0.0,3.0,0.0,2.0,0.0,3.0,1.0,5.0,9.0,0.0,0.0,2.0,2.0,1.0,4.0,3.0,4.0,2.0,0.04,0.66,0.73,0.0,0.0,0.0,9.74,9.0,8.78,0.0,0.12,0.75,0.75,0.8,0.78,0.76
847515184753148478445,2025,Lee-Barzal-Palmieri,NYI,line,5on5,6,1377.0,56.0,0.68,0.65,0.7,17.39,1.76,1.21,4.36,0.52,8.72,6.41,1.67,1.76,1.67,17.0,6.0,8.0,31.0,2.0,2.0,0.0,0.0,0.0,9.0,10.0,15.0,21.0,1.0,2.0,11.0,7.0,1.0,7.0,17.0,4.0,2.0,0.5,0.59,0.68,1.0,1.0,0.0,29.57,23.0,22.18,5.0,0.26,0.59,0.59,1.44,1.45,1.44,8.0,0.83,0.45,2.0,0.21,3.54,2.96,0.83,0.91,0.91,8.0,2.0,7.0,17.0,1.0,0.0,0.0,2.0,0.0,2.0,5.0,7.0,9.0,2.0,4.0,11.0,7.0,4.0,8.0,6.0,3.0,1.0,0.11,0.48,0.24,0.0,1.0,0.0,17.83,10.0,10.55,2.0,0.1,0.0,0.0,0.93,1.01,1.01
847648084801138483471,2025,Iafallo-Namestnikov-Lambert,WPG,line,5on5,2,722.0,6.0,0.21,0.39,0.4,5.87,0.27,0.35,1.46,0.16,3.43,2.33,0.26,0.28,0.27,6.0,2.0,3.0,11.0,0.0,0.0,0.0,1.0,0.0,5.0,2.0,6.0,8.0,2.0,4.0,2.0,7.0,0.0,5.0,7.0,1.0,0.0,0.11,0.16,0.0,0.0,0.0,0.0,10.69,8.0,7.78,4.0,0.07,0.0,0.0,0.34,0.35,0.34,8.97,1.02,0.57,2.15,0.29,4.72,3.25,1.02,1.06,1.06,11.0,1.0,5.0,17.0,1.0,1.0,1.0,3.0,0.0,3.0,4.0,10.0,11.0,1.0,2.0,6.0,7.0,0.0,1.0,9.0,2.0,1.0,0.22,0.34,0.46,0.0,0.0,1.0,17.5,12.0,12.46,0.0,0.12,0.46,0.46,0.68,0.68,0.68
84815248482671,2025,Power-Byram,BUF,pairing,5on5,14,1725.0,111.0,0.57,0.54,0.5,17.55,1.85,1.05,4.44,0.55,8.9,7.21,1.76,1.86,1.78,18.0,6.0,8.0,32.0,0.0,4.0,0.0,4.0,0.0,10.0,6.0,18.0,24.0,1.0,2.0,4.0,18.0,2.0,4.0,18.0,3.0,3.0,0.37,0.42,1.05,0.0,0.0,0.0,31.75,24.0,23.88,3.0,0.21,1.1,1.1,0.96,0.97,0.95,17.35,1.42,0.94,4.67,0.56,9.38,7.02,1.37,1.44,1.4,12.0,12.0,3.0,27.0,0.0,2.0,0.0,4.0,0.0,7.0,11.0,12.0,24.0,1.0,2.0,7.0,9.0,2.0,6.0,20.0,2.0,2.0,0.58,0.24,0.6,0.0,0.0,0.0,27.32,24.0,24.5,3.0,0.2,0.46,0.46,1.16,1.18,1.17
847458684757688482665,2025,Schwartz-Beniers-Eberle,SEA,line,5on5,10,883.0,100.0,0.5,0.5,0.47,5.88,0.47,0.34,1.51,0.24,3.1,2.33,0.47,0.47,0.46,7.0,1.0,3.0,11.0,1.0,1.0,0.0,1.0,0.0,2.0,3.0,6.0,7.0,0.0,0.0,5.0,4.0,1.0,6.0,6.0,1.0,1.0,0.13,0.11,0.23,0.0,1.0,0.0,10.7,8.0,7.96,2.0,0.07,0.23,0.23,0.31,0.31,0.31,6.28,0.47,0.35,1.6,0.22,3.52,2.83,0.47,0.47,0.47,5.0,4.0,2.0,11.0,0.0,0.0,0.0,0.0,0.0,2.0,7.0,5.0,9.0,0.0,0.0,2.0,2.0,0.0,3.0,7.0,1.0,1.0,0.18,0.08,0.21,0.0,0.0,0.0,11.04,9.0,8.91,1.0,0.07,0.0,0.0,0.54,0.54,0.54
847798984800158481533,2025,Zegras-Dvorak-Tippett,PHI,line,5on5,8,4599.0,16.0,0.58,0.54,0.55,38.76,3.44,2.55,9.39,1.27,20.69,15.66,3.33,3.41,3.3,34.0,19.0,22.0,75.0,3.0,2.0,0.0,6.0,0.0,23.0,19.0,31.0,50.0,8.0,16.0,33.0,17.0,5.0,18.0,39.0,11.0,3.0,1.24,1.4,0.8,2.0,0.0,1.0,74.99,53.0,52.74,6.0,0.53,0.55,0.55,3.42,3.39,3.33,31.44,2.48,1.99,7.7,1.02,17.82,13.0,2.37,2.46,2.35,27.0,17.0,20.0,64.0,2.0,3.0,0.0,9.0,0.0,16.0,14.0,25.0,42.0,6.0,12.0,42.0,24.0,1.0,28.0,34.0,8.0,2.0,0.88,1.03,0.57,1.0,1.0,0.0,65.06,44.0,44.82,19.0,0.41,0.73,0.73,2.16,2.18,2.11
847745084779878482703,2025,Donato-Dickinson-Dach,CHI,line,5on5,3,969.0,11.0,0.33,0.28,0.25,3.93,0.34,0.18,1.15,0.12,1.87,1.34,0.34,0.34,0.34,2.0,3.0,2.0,7.0,0.0,1.0,0.0,1.0,0.0,2.0,1.0,2.0,5.0,2.0,4.0,8.0,16.0,3.0,8.0,4.0,0.0,1.0,0.11,0.0,0.23,0.0,0.0,0.0,7.08,5.0,5.0,6.0,0.04,0.23,0.23,0.15,0.15,0.15,10.19,0.67,0.66,2.74,0.34,6.46,4.12,0.67,0.66,0.66,6.0,9.0,3.0,18.0,2.0,0.0,0.0,1.0,0.0,10.0,2.0,4.0,13.0,0.0,0.0,12.0,8.0,1.0,4.0,12.0,3.0,0.0,0.28,0.4,0.0,2.0,0.0,0.0,17.34,15.0,14.78,2.0,0.14,0.0,0.0,0.81,0.8,0.79
84781788482929,2025,Lilleberg-Raddysh,TBL,pairing,5on5,9,3278.0,45.0,0.37,0.46,0.43,21.37,1.9,1.27,5.26,0.7,11.15,8.72,1.76,1.88,1.74,22.0,7.0,14.0,43.0,0.0,3.0,0.0,2.0,0.0,6.0,18.0,22.0,29.0,6.0,15.0,20.0,35.0,2.0,12.0,22.0,4.0,3.0,0.69,0.48,0.72,0.0,0.0,0.0,42.12,29.0,28.25,5.0,0.27,0.45,0.45,1.72,1.7,1.63,28.33,3.26,1.94,6.98,0.96,15.16,10.7,3.08,3.34,3.15,28.0,11.0,12.0,51.0,3.0,4.0,1.0,8.0,0.0,13.0,11.0,25.0,36.0,4.0,13.0,32.0,27.0,4.0,17.0,27.0,5.0,7.0,0.71,0.51,2.03,1.0,1.0,1.0,51.73,39.0,39.83,9.0,0.41,1.22,1.22,2.45,2.49,2.46
847849384788648481557,2025,Boldy-Eriksson Ek-Kaprizov,MIN,line,5on5,15,3134.0,100.0,0.5,0.51,0.53,26.78,2.41,1.69,6.17,0.87,14.64,11.21,2.35,2.46,2.41,22.0,15.0,13.0,50.0,4.0,4.0,0.0,2.0,0.0,13.0,14.0,18.0,33.0,1.0,2.0,18.0,11.0,0.0,12.0,30.0,4.0,3.0,1.0,0.55,0.86,2.0,1.0,1.0,50.7,37.0,37.47,5.0,0.35,0.86,0.86,1.9,1.95,1.94,24.77,2.39,1.82,6.59,0.96,12.55,8.7,2.32,2.34,2.26,19.0,14.0,15.0,48.0,0.0,3.0,0.0,3.0,0.0,13.0,14.0,19.0,33.0,2.0,4.0,29.0,19.0,6.0,10.0,23.0,7.0,3.0,0.74,0.93,0.72,0.0,0.0,0.0,47.86,33.0,32.86,4.0,0.38,0.46,0.46,2.31,2.26,2.21
847584284817268482460,2025,Edstrom-Carrick-Rempe,NYR,line,5on5,8,3920.0,25.0,0.59,0.56,0.51,33.54,3.52,2.22,8.42,1.1,17.22,12.51,3.39,3.62,3.49,27.0,18.0,30.0,75.0,2.0,4.0,1.0,8.0,0.0,16.0,15.0,25.0,43.0,4.0,8.0,27.0,54.0,5.0,16.0,32.0,6.0,7.0,0.93,0.81,1.77,1.0,0.0,1.0,76.14,45.0,45.61,11.0,0.47,0.52,0.52,3.47,3.52,3.48,31.29,2.49,1.9,7.67,1.03,17.26,12.65,2.45,2.55,2.51,31.0,12.0,16.0,59.0,2.0,1.0,1.0,6.0,0.0,18.0,16.0,29.0,41.0,2.0,4.0,27.0,33.0,3.0,29.0,33.0,8.0,2.0,0.91,1.0,0.57,0.0,1.0,1.0,60.24,43.0,44.4,16.0,0.39,0.37,0.37,2.51,2.54,2.51
848161884827758484984,2025,Newhook-Kapanen-Demidov,MTL,line,5on5,15,7220.0,48.0,0.49,0.45,0.45,54.94,5.43,3.46,13.46,1.75,28.48,21.41,5.19,5.5,5.26,46.0,28.0,25.0,99.0,11.0,6.0,3.0,7.0,0.0,23.0,27.0,35.0,63.0,8.0,19.0,52.0,40.0,7.0,33.0,46.0,23.0,5.0,1.28,2.81,1.34,1.0,6.0,4.0,99.83,74.0,74.73,21.0,0.72,1.34,1.34,4.81,4.84,4.73,66.3,5.55,4.15,17.69,2.2,35.8,25.61,5.09,5.54,5.08,60.0,31.0,31.0,122.0,6.0,8.0,0.0,12.0,0.0,37.0,28.0,54.0,85.0,6.0,15.0,63.0,56.0,11.0,30.0,70.0,16.0,5.0,2.0,2.06,1.49,3.0,2.0,1.0,119.92,91.0,89.36,15.0,0.86,1.31,1.31,5.11,5.09,4.75
847456484752878478047,2025,Bunting-Haula-Stamkos,NSH,line,5on5,3,1072.0,21.0,0.52,0.55,0.52,9.99,0.83,0.65,3.31,0.38,4.78,3.06,0.8,0.78,0.76,11.0,2.0,9.0,22.0,0.0,2.0,0.0,0.0,0.0,7.0,4.0,11.0,13.0,2.0,4.0,15.0,7.0,1.0,7.0,10.0,1.0,2.0,0.24,0.13,0.46,0.0,0.0,0.0,21.01,13.0,12.44,3.0,0.14,0.35,0.35,0.62,0.58,0.56,9.41,0.77,0.52,2.23,0.27,4.31,3.89,0.77,0.82,0.82,10.0,2.0,6.0,18.0,1.0,0.0,0.0,2.0,0.0,4.0,5.0,9.0,11.0,0.0,0.0,9.0,3.0,5.0,7.0,8.0,3.0,1.0,0.18,0.38,0.22,0.0,1.0,0.0,18.73,12.0,12.51,5.0,0.11,0.0,0.0,0.88,0.93,0.93
84752088476879,2025,Dumoulin-Ceci,LAK,pairing,5on5,13,4499.0,65.0,0.36,0.37,0.38,26.84,2.12,1.87,6.48,0.86,14.24,10.44,2.09,2.05,2.02,25.0,11.0,13.0,49.0,0.0,3.0,0.0,8.0,0.0,11.0,14.0,25.0,36.0,6.0,15.0,32.0,39.0,4.0,28.0,28.0,6.0,2.0,0.92,0.66,0.54,0.0,0.0,0.0,48.11,36.0,35.98,16.0,0.39,0.38,0.38,2.13,2.07,2.07,42.32,3.76,2.95,10.44,1.39,23.27,17.19,3.67,3.87,3.77,38.0,21.0,23.0,82.0,7.0,4.0,2.0,6.0,0.0,20.0,22.0,31.0,52.0,4.0,11.0,27.0,43.0,6.0,19.0,44.0,12.0,3.0,1.34,1.59,0.83,2.0,3.0,2.0,83.71,59.0,60.09,9.0,0.61,0.97,0.97,3.4,3.46,3.43
84764228480336,2025,Reilly-Walker,CAR,pairing,5on5,11,1126.0,81.0,0.64,0.57,0.53,13.77,1.29,0.76,4.05,0.45,7.05,5.41,1.14,1.37,1.22,13.0,6.0,6.0,25.0,3.0,3.0,0.0,5.0,0.0,6.0,2.0,10.0,16.0,1.0,4.0,12.0,5.0,0.0,3.0,15.0,2.0,2.0,0.34,0.28,0.67,2.0,1.0,0.0,26.86,19.0,20.11,0.0,0.16,0.84,0.84,0.61,0.65,0.64,12.24,0.74,0.66,3.72,0.43,6.36,5.1,0.71,0.7,0.67,10.0,7.0,2.0,19.0,1.0,1.0,0.0,2.0,0.0,8.0,5.0,9.0,16.0,0.0,0.0,8.0,16.0,0.0,4.0,15.0,2.0,0.0,0.53,0.21,0.0,0.0,1.0,0.0,17.47,17.0,15.68,3.0,0.14,0.04,0.04,0.84,0.79,0.76
848084984821758482699,2025,Peterka-Hayton-Guenther,UTA,line,5on5,4,809.0,38.0,0.63,0.54,0.63,7.48,0.75,0.44,2.0,0.26,3.81,2.73,0.65,0.78,0.67,7.0,3.0,3.0,13.0,0.0,1.0,0.0,1.0,0.0,3.0,5.0,7.0,10.0,0.0,0.0,6.0,4.0,3.0,2.0,8.0,1.0,1.0,0.29,0.13,0.33,0.0,0.0,0.0,13.03,10.0,9.96,2.0,0.09,0.33,0.33,0.52,0.54,0.5,4.9,0.44,0.37,1.1,0.16,2.25,1.68,0.42,0.44,0.41,2.0,4.0,5.0,11.0,1.0,1.0,0.0,1.0,0.0,1.0,2.0,1.0,5.0,1.0,2.0,6.0,4.0,0.0,2.0,3.0,3.0,0.0,0.09,0.35,0.0,0.0,1.0,0.0,10.89,6.0,6.1,2.0,0.08,0.1,0.1,0.42,0.41,0.4
847167584758108476483,2025,Rust-Crosby-Rakell,PIT,line,5on5,7,5043.0,7.0,0.32,0.43,0.43,35.79,2.89,2.67,8.6,1.19,20.81,14.84,2.77,2.99,2.87,27.0,24.0,22.0,73.0,3.0,1.0,0.0,10.0,1.0,21.0,15.0,24.0,48.0,5.0,10.0,48.0,19.0,8.0,24.0,39.0,10.0,2.0,1.26,1.2,0.42,1.0,2.0,0.0,75.42,51.0,52.52,13.0,0.56,0.2,0.2,3.25,3.34,3.23,49.36,6.04,3.24,12.4,1.63,25.39,18.3,5.83,6.03,5.83,46.0,21.0,29.0,96.0,4.0,9.0,1.0,4.0,0.0,26.0,24.0,42.0,63.0,5.0,10.0,45.0,41.0,6.0,21.0,42.0,17.0,8.0,1.11,2.4,2.52,0.0,2.0,2.0,94.09,67.0,65.93,9.0,0.68,2.36,2.36,4.35,4.38,4.27
84745638476441,2025,Edmundson-Doughty,LAK,pairing,5on5,10,698.0,65.0,0.06,0.35,0.29,2.9,0.05,0.1,0.75,0.1,1.53,1.47,0.05,0.06,0.06,4.0,0.0,5.0,9.0,0.0,0.0,0.0,0.0,0.0,1.0,3.0,4.0,4.0,2.0,4.0,2.0,5.0,0.0,5.0,4.0,0.0,0.0,0.05,0.0,0.0,0.0,0.0,0.0,9.44,4.0,4.06,3.0,0.02,0.0,0.0,0.07,0.07,0.07,6.76,0.78,0.63,1.54,0.29,3.8,2.97,0.72,0.8,0.73,8.0,2.0,7.0,17.0,2.0,1.0,0.0,1.0,0.0,5.0,1.0,6.0,8.0,1.0,2.0,4.0,4.0,3.0,2.0,5.0,5.0,0.0,0.1,0.68,0.0,1.0,1.0,0.0,17.44,10.0,10.6,1.0,0.13,0.17,0.17,0.74,0.77,0.74
847647984796758483808,2025,Moore-Danault-Kuzmenko,LAK,line,5on5,5,1063.0,33.0,0.23,0.5,0.43,8.94,0.48,0.59,2.21,0.27,5.04,3.41,0.48,0.47,0.47,8.0,4.0,8.0,20.0,0.0,1.0,0.0,2.0,0.0,4.0,5.0,8.0,12.0,1.0,2.0,5.0,3.0,0.0,4.0,10.0,2.0,0.0,0.26,0.22,0.0,0.0,0.0,0.0,19.28,12.0,11.89,2.0,0.12,0.07,0.07,0.53,0.52,0.52,11.53,1.6,0.89,2.56,0.41,5.84,4.7,1.5,1.71,1.6,8.0,8.0,4.0,20.0,2.0,3.0,1.0,0.0,0.0,5.0,6.0,6.0,14.0,0.0,0.0,5.0,11.0,1.0,6.0,10.0,3.0,3.0,0.41,0.39,0.8,0.0,1.0,1.0,21.58,16.0,16.98,3.0,0.19,0.8,0.8,0.99,1.07,1.03
84815638482803,2025,Zellweger-Helleson,ANA,pairing,5on5,14,1181.0,94.0,0.24,0.47,0.47,12.28,0.66,0.6,2.9,0.36,5.92,5.56,0.66,0.67,0.67,10.0,6.0,5.0,21.0,1.0,0.0,0.0,3.0,0.0,2.0,10.0,9.0,15.0,0.0,0.0,1.0,7.0,2.0,6.0,13.0,3.0,0.0,0.36,0.3,0.0,1.0,0.0,0.0,21.09,16.0,16.11,4.0,0.12,0.0,0.0,0.78,0.79,0.79,14.31,2.14,0.93,3.48,0.41,6.52,4.52,1.77,2.14,1.76,13.0,5.0,6.0,24.0,0.0,4.0,0.0,4.0,0.0,6.0,4.0,13.0,18.0,0.0,0.0,4.0,14.0,1.0,3.0,9.0,7.0,2.0,0.21,1.07,0.86,0.0,0.0,0.0,22.98,18.0,17.5,3.0,0.19,1.22,1.22,1.11,1.1,1.08
848018584821138482713,2025,Luostarinen-Lundell-Samoskevich,FLA,line,5on5,6,650.0,66.0,0.74,0.56,0.57,6.13,0.4,0.35,1.34,0.18,3.11,2.63,0.38,0.37,0.35,3.0,5.0,2.0,10.0,1.0,0.0,0.0,0.0,0.0,1.0,6.0,2.0,7.0,0.0,0.0,3.0,4.0,0.0,2.0,6.0,2.0,0.0,0.18,0.22,0.0,0.0,1.0,0.0,9.22,8.0,7.53,1.0,0.07,0.0,0.0,0.47,0.44,0.42,4.14,0.14,0.21,1.08,0.14,2.53,1.89,0.14,0.16,0.15,4.0,2.0,2.0,8.0,0.0,0.0,0.0,1.0,0.0,2.0,3.0,4.0,6.0,2.0,4.0,3.0,4.0,0.0,5.0,6.0,0.0,0.0,0.14,0.0,0.0,0.0,0.0,0.0,8.62,6.0,6.53,3.0,0.04,0.0,0.0,0.18,0.2,0.2
847534384795208483573,2025,Frank-Dowd-Duhaime,WSH,line,5on5,3,1634.0,5.0,0.43,0.46,0.48,9.76,0.86,0.64,2.51,0.34,5.62,4.03,0.86,0.88,0.87,7.0,7.0,4.0,18.0,2.0,0.0,0.0,2.0,0.0,4.0,6.0,5.0,12.0,2.0,4.0,21.0,12.0,2.0,5.0,11.0,1.0,2.0,0.27,0.09,0.5,2.0,0.0,0.0,18.47,14.0,14.16,2.0,0.13,0.0,0.0,1.0,1.01,1.0,11.06,1.13,0.63,3.14,0.38,5.74,3.98,1.06,1.07,1.01,11.0,4.0,6.0,21.0,1.0,3.0,1.0,1.0,0.0,6.0,4.0,10.0,14.0,2.0,7.0,16.0,13.0,2.0,6.0,10.0,3.0,2.0,0.21,0.41,0.51,0.0,0.0,1.0,19.87,15.0,14.44,5.0,0.13,0.71,0.71,0.56,0.54,0.53
84773468477810,2025,Hanley-Weegar,CGY,pairing,5on5,16,8568.0,52.0,0.53,0.58,0.56,72.03,6.22,4.6,18.43,2.32,38.03,27.4,5.99,6.26,6.03,63.0,34.0,53.0,150.0,2.0,7.0,0.0,26.0,0.0,30.0,32.0,61.0,95.0,18.0,45.0,72.0,81.0,7.0,31.0,74.0,14.0,9.0,1.94,1.88,2.41,1.0,1.0,0.0,149.61,97.0,97.26,20.0,0.96,1.43,1.43,5.75,5.81,5.69,57.68,5.55,3.83,14.29,1.9,28.37,22.06,5.21,5.59,5.25,57.0,19.0,32.0,108.0,8.0,8.0,0.0,10.0,0.0,26.0,24.0,49.0,68.0,13.0,35.0,85.0,67.0,14.0,46.0,48.0,23.0,5.0,1.12,3.1,1.33,2.0,6.0,0.0,107.54,76.0,76.14,22.0,0.81,1.8,1.8,4.57,4.58,4.47
847517084793858482077,2025,Holloway-Schenn-Kyrou,STL,line,5on5,12,4822.0,51.0,0.59,0.53,0.51,37.59,4.58,2.67,8.73,1.25,19.34,14.43,4.36,4.53,4.31,36.0,15.0,25.0,76.0,4.0,8.0,0.0,7.0,0.0,16.0,16.0,32.0,47.0,1.0,2.0,39.0,49.0,4.0,23.0,32.0,12.0,7.0,0.97,1.84,1.77,1.0,3.0,0.0,73.93,51.0,49.99,13.0,0.56,1.42,1.42,3.73,3.65,3.6,37.25,3.2,2.23,8.56,1.1,19.94,14.97,3.15,3.31,3.26,40.0,10.0,17.0,67.0,6.0,2.0,1.0,7.0,0.0,21.0,14.0,34.0,44.0,6.0,12.0,37.0,33.0,9.0,28.0,39.0,7.0,4.0,1.07,0.91,1.22,3.0,1.0,2.0,69.27,50.0,51.17,12.0,0.46,0.69,0.69,2.97,3.07,3.07
847353384769218480830,2025,Martinook-Staal-Svechnikov,CAR,line,5on5,8,2695.0,34.0,0.44,0.5,0.46,24.83,2.56,1.64,7.21,0.85,12.63,9.11,2.45,2.58,2.47,21.0,13.0,18.0,52.0,1.0,3.0,1.0,9.0,0.0,9.0,12.0,20.0,33.0,6.0,12.0,36.0,21.0,5.0,14.0,22.0,10.0,2.0,0.55,1.44,0.57,0.0,0.0,1.0,54.48,34.0,35.06,8.0,0.35,0.59,0.59,2.31,2.33,2.29,30.29,3.31,1.86,8.09,1.08,14.79,10.88,3.02,3.35,3.05,30.0,10.0,11.0,51.0,0.0,3.0,0.0,6.0,0.0,19.0,12.0,30.0,40.0,4.0,8.0,30.0,26.0,3.0,9.0,26.0,10.0,4.0,0.87,1.09,1.34,0.0,0.0,0.0,50.37,40.0,39.87,8.0,0.39,0.82,0.82,2.88,2.88,2.77
84784698482245,2025,Chabot-Zub,OTT,pairing,5on5,14,1062.0,85.0,0.24,0.38,0.4,6.97,0.31,0.38,1.64,0.22,4.0,3.46,0.31,0.32,0.32,8.0,2.0,2.0,12.0,3.0,0.0,0.0,2.0,0.0,1.0,4.0,5.0,7.0,1.0,2.0,2.0,9.0,2.0,5.0,10.0,0.0,0.0,0.31,0.0,0.0,3.0,0.0,0.0,12.26,10.0,10.13,3.0,0.08,0.0,0.0,0.39,0.39,0.39,11.02,1.01,0.78,2.4,0.35,5.8,4.65,1.0,1.03,1.02,12.0,3.0,5.0,20.0,1.0,1.0,0.0,3.0,0.0,3.0,7.0,11.0,14.0,0.0,0.0,1.0,6.0,2.0,1.0,10.0,5.0,0.0,0.31,0.71,0.0,0.0,1.0,0.0,20.67,15.0,15.22,1.0,0.16,0.17,0.17,1.01,1.03,1.03
847646184815538484387,2025,Michkov-Couturier-Brink,PHI,line,5on5,4,1734.0,14.0,0.46,0.62,0.6,12.66,0.91,0.84,3.18,0.38,7.62,5.07,0.87,0.93,0.89,14.0,4.0,11.0,29.0,2.0,0.0,0.0,2.0,0.0,10.0,4.0,12.0,16.0,3.0,6.0,13.0,11.0,4.0,11.0,13.0,5.0,0.0,0.31,0.6,0.0,0.0,2.0,0.0,29.44,18.0,18.35,5.0,0.17,0.0,0.05,1.03,1.06,1.02,8.46,1.08,0.77,2.15,0.32,4.69,2.99,1.07,1.07,1.06,6.0,6.0,6.0,18.0,1.0,1.0,0.0,0.0,0.0,6.0,4.0,5.0,11.0,2.0,4.0,16.0,16.0,5.0,10.0,7.0,4.0,1.0,0.29,0.57,0.22,1.0,0.0,0.0,18.16,12.0,12.03,6.0,0.16,0.07,0.07,1.17,1.16,1.15
847576884800098483524,2025,Schwartz-Wright-Tolvanen,SEA,line,5on5,6,972.0,52.0,0.3,0.38,0.32,5.86,0.24,0.29,1.63,0.18,3.32,2.33,0.24,0.24,0.24,7.0,1.0,7.0,15.0,1.0,0.0,0.0,3.0,0.0,2.0,2.0,6.0,7.0,0.0,0.0,8.0,15.0,0.0,5.0,8.0,0.0,0.0,0.24,0.0,0.0,1.0,0.0,0.0,15.13,8.0,8.13,2.0,0.06,0.0,0.0,0.3,0.3,0.29,12.07,0.56,0.69,3.3,0.42,6.92,5.1,0.55,0.57,0.56,12.0,5.0,8.0,25.0,0.0,2.0,0.0,2.0,0.0,6.0,7.0,12.0,17.0,0.0,0.0,7.0,8.0,1.0,5.0,16.0,1.0,0.0,0.37,0.19,0.0,0.0,0.0,0.0,25.28,17.0,17.14,5.0,0.14,0.2,0.2,0.5,0.51,0.51
847801084785198479542,2025,Hagel-Cirelli-Point,TBL,line,5on5,5,619.0,32.0,0.75,0.61,0.67,9.59,0.81,0.62,2.75,0.4,5.23,4.19,0.8,0.83,0.82,8.0,6.0,0.0,14.0,0.0,1.0,0.0,2.0,0.0,4.0,7.0,8.0,14.0,0.0,0.0,7.0,3.0,2.0,0.0,11.0,1.0,2.0,0.23,0.12,0.47,0.0,0.0,0.0,13.86,14.0,13.88,0.0,0.13,0.01,0.01,0.93,0.95,0.94,4.77,0.27,0.28,1.1,0.17,3.02,2.14,0.27,0.27,0.27,3.0,4.0,2.0,9.0,0.0,0.0,0.0,2.0,0.0,3.0,2.0,3.0,7.0,1.0,2.0,11.0,2.0,0.0,1.0,6.0,1.0,0.0,0.19,0.08,0.0,0.0,0.0,0.0,9.14,7.0,7.18,1.0,0.06,0.0,0.0,0.33,0.33,0.33
84752798484223,2025,Chiarot-Sandin-Pellikka,DET,pairing,5on5,13,5342.0,68.0,0.46,0.46,0.49,47.3,4.53,3.11,12.59,1.67,23.54,17.56,4.29,4.64,4.4,40.0,23.0,21.0,84.0,2.0,9.0,0.0,6.0,0.0,22.0,24.0,38.0,61.0,5.0,10.0,38.0,34.0,7.0,35.0,42.0,13.0,8.0,0.91,1.69,1.94,1.0,1.0,0.0,84.18,63.0,63.17,20.0,0.65,1.55,1.55,3.62,3.73,3.65,46.58,5.23,3.34,11.13,1.63,25.41,18.26,5.01,5.18,4.97,36.0,29.0,32.0,97.0,2.0,5.0,0.0,9.0,0.0,28.0,21.0,34.0,63.0,5.0,10.0,41.0,37.0,7.0,24.0,43.0,15.0,7.0,1.33,1.98,1.91,1.0,0.0,1.0,97.1,65.0,64.91,11.0,0.7,1.17,1.17,4.76,4.73,4.66
848020884815288482116,2025,Sttzle-Cozens-Batherson,OTT,line,5on5,6,1863.0,61.0,0.36,0.54,0.42,10.38,0.76,0.67,2.35,0.32,5.62,4.28,0.75,0.73,0.72,9.0,5.0,16.0,30.0,2.0,1.0,0.0,0.0,0.0,5.0,6.0,7.0,12.0,2.0,4.0,13.0,15.0,3.0,7.0,11.0,2.0,1.0,0.33,0.2,0.23,1.0,1.0,0.0,28.38,14.0,13.49,2.0,0.14,0.23,0.23,0.66,0.64,0.64,14.33,1.36,0.97,3.78,0.47,7.09,5.32,1.33,1.45,1.41,10.0,9.0,7.0,26.0,0.0,3.0,0.0,4.0,0.0,4.0,8.0,10.0,19.0,3.0,6.0,11.0,9.0,1.0,5.0,12.0,6.0,1.0,0.34,0.8,0.23,0.0,0.0,0.0,27.25,19.0,19.94,3.0,0.2,0.44,0.44,1.13,1.19,1.19
84799838480043,2025,Ferraro-Liljegren,SJS,pairing,5on5,11,2514.0,76.0,0.41,0.4,0.31,11.01,1.11,0.78,2.58,0.39,6.6,4.54,1.11,1.09,1.09,13.0,3.0,16.0,32.0,2.0,1.0,1.0,1.0,0.0,6.0,6.0,11.0,14.0,2.0,4.0,12.0,15.0,4.0,12.0,12.0,2.0,2.0,0.34,0.27,0.51,1.0,0.0,1.0,32.43,16.0,16.17,6.0,0.16,0.31,0.31,0.97,0.94,0.94,25.25,1.61,1.56,6.98,0.87,14.05,9.93,1.57,1.63,1.59,21.0,14.0,14.0,49.0,1.0,1.0,0.0,2.0,0.0,17.0,14.0,20.0,34.0,3.0,6.0,19.0,18.0,3.0,9.0,28.0,7.0,0.0,0.7,0.9,0.0,1.0,0.0,0.0,48.62,35.0,34.8,4.0,0.32,0.04,0.04,1.89,1.91,1.87
847841484800028481721,2025,Gritsyuk-Hischier-Meier,NJD,line,5on5,6,2110.0,55.0,0.54,0.58,0.57,23.41,2.47,1.65,6.0,0.78,12.58,8.53,2.12,2.44,2.09,17.0,15.0,13.0,45.0,1.0,4.0,0.0,3.0,0.0,13.0,11.0,16.0,31.0,2.0,4.0,24.0,12.0,6.0,7.0,23.0,6.0,3.0,0.57,0.77,1.13,1.0,0.0,0.0,45.31,32.0,32.32,5.0,0.34,1.06,1.06,1.74,1.73,1.7,18.02,2.06,1.31,4.15,0.55,9.1,6.82,1.76,2.08,1.77,12.0,12.0,8.0,32.0,0.0,5.0,0.0,1.0,0.0,9.0,9.0,12.0,24.0,2.0,4.0,20.0,10.0,1.0,16.0,16.0,4.0,4.0,0.49,0.49,1.09,0.0,0.0,0.0,31.66,24.0,23.75,10.0,0.28,1.28,1.28,1.07,1.08,1.01
84764298476917,2025,Pelech-Mayfield,NYI,pairing,5on5,12,821.0,88.0,0.8,0.58,0.71,8.5,1.13,0.57,2.04,0.27,4.67,3.32,0.93,1.14,0.94,7.0,5.0,3.0,15.0,0.0,2.0,0.0,1.0,0.0,2.0,7.0,7.0,12.0,1.0,2.0,2.0,2.0,1.0,4.0,9.0,1.0,2.0,0.23,0.1,0.81,0.0,0.0,0.0,14.71,12.0,12.02,2.0,0.11,0.81,0.81,0.44,0.45,0.44,3.93,0.29,0.2,0.69,0.11,1.75,1.97,0.29,0.31,0.31,5.0,0.0,6.0,11.0,0.0,0.0,0.0,1.0,0.0,2.0,2.0,5.0,5.0,0.0,0.0,4.0,5.0,2.0,3.0,4.0,1.0,0.0,0.12,0.17,0.0,0.0,0.0,0.0,10.61,5.0,4.98,2.0,0.04,0.0,0.0,0.33,0.35,0.35
847847484788318479293,2025,Tanev-Stenlund-Crouse,UTA,line,5on5,7,600.0,63.0,0.47,0.4,0.44,5.25,0.37,0.33,1.34,0.15,2.84,1.97,0.36,0.37,0.36,5.0,2.0,1.0,8.0,0.0,0.0,0.0,0.0,0.0,4.0,3.0,5.0,7.0,0.0,0.0,5.0,7.0,0.0,8.0,5.0,2.0,0.0,0.08,0.29,0.0,0.0,0.0,0.0,7.91,7.0,6.89,2.0,0.07,0.0,0.0,0.44,0.44,0.43,6.18,0.41,0.39,1.68,0.23,3.67,2.63,0.41,0.41,0.41,4.0,5.0,3.0,12.0,0.0,0.0,0.0,3.0,0.0,5.0,1.0,4.0,9.0,1.0,2.0,4.0,3.0,0.0,3.0,6.0,3.0,0.0,0.13,0.29,0.0,0.0,0.0,0.0,12.0,9.0,9.04,2.0,0.08,0.0,0.0,0.49,0.49,0.48
84793458480873,2025,Chychrun-Sandin,WSH,pairing,5on5,9,1049.0,67.0,0.44,0.61,0.54,10.28,0.79,0.71,2.42,0.34,5.36,4.38,0.77,0.77,0.75,10.0,4.0,8.0,22.0,2.0,1.0,0.0,1.0,0.0,5.0,5.0,8.0,12.0,0.0,0.0,4.0,10.0,0.0,2.0,11.0,2.0,1.0,0.34,0.22,0.23,1.0,1.0,0.0,21.25,14.0,13.66,1.0,0.15,0.23,0.23,0.71,0.69,0.68,9.44,1.0,0.55,2.11,0.29,4.38,3.67,0.99,1.04,1.04,8.0,4.0,2.0,14.0,0.0,2.0,0.0,2.0,0.0,1.0,7.0,8.0,12.0,2.0,4.0,4.0,9.0,2.0,2.0,8.0,2.0,2.0,0.17,0.28,0.55,0.0,0.0,0.0,14.73,12.0,12.7,1.0,0.12,0.35,0.35,0.77,0.81,0.81
847750384780578481582,2025,Robertson-Domi-Joshua,TOR,line,5on5,3,902.0,17.0,0.47,0.52,0.5,9.52,0.53,0.49,2.75,0.33,4.32,3.59,0.51,0.53,0.51,10.0,2.0,5.0,17.0,0.0,3.0,0.0,3.0,0.0,1.0,5.0,10.0,12.0,0.0,0.0,11.0,11.0,0.0,3.0,9.0,3.0,0.0,0.2,0.33,0.0,0.0,0.0,0.0,17.73,12.0,12.39,2.0,0.11,0.51,0.22,0.41,0.42,0.41,8.74,0.58,0.51,2.41,0.27,4.78,3.46,0.58,0.6,0.59,10.0,2.0,4.0,16.0,1.0,1.0,1.0,2.0,0.0,2.0,6.0,9.0,11.0,0.0,0.0,4.0,8.0,0.0,1.0,10.0,1.0,1.0,0.25,0.1,0.23,0.0,0.0,1.0,15.56,12.0,11.89,0.0,0.1,0.23,0.23,0.46,0.45,0.45
847168584764698477960,2025,Armia-Kopitar-Kempe,LAK,line,5on5,3,923.0,14.0,0.67,0.59,0.53,6.82,0.74,0.53,1.49,0.19,3.6,2.44,0.74,0.72,0.72,7.0,2.0,4.0,13.0,1.0,0.0,0.0,1.0,0.0,3.0,4.0,6.0,8.0,2.0,4.0,10.0,1.0,1.0,4.0,6.0,2.0,1.0,0.14,0.36,0.25,0.0,1.0,0.0,12.66,9.0,8.83,1.0,0.11,0.0,0.0,0.86,0.83,0.83,6.15,0.36,0.36,1.39,0.16,3.12,2.61,0.36,0.38,0.38,5.0,3.0,1.0,9.0,0.0,0.0,0.0,0.0,0.0,3.0,5.0,5.0,8.0,3.0,6.0,7.0,6.0,2.0,4.0,7.0,1.0,0.0,0.27,0.09,0.0,0.0,0.0,0.0,9.14,8.0,7.98,2.0,0.07,0.0,0.0,0.44,0.45,0.45
84745908479345,2025,Chychrun-Carlson,WSH,pairing,5on5,15,3377.0,63.0,0.67,0.68,0.66,44.05,4.31,2.85,12.16,1.54,21.95,16.18,3.85,4.27,3.82,35.0,24.0,22.0,81.0,2.0,6.0,1.0,7.0,0.0,19.0,25.0,33.0,57.0,5.0,10.0,25.0,18.0,5.0,20.0,41.0,16.0,2.0,1.38,2.24,0.69,0.0,2.0,0.0,78.89,59.0,57.83,6.0,0.59,1.28,1.47,3.43,3.4,3.2,23.29,2.1,1.28,4.88,0.72,11.89,10.14,2.09,2.15,2.15,18.0,13.0,7.0,38.0,2.0,1.0,0.0,2.0,0.0,14.0,12.0,16.0,29.0,4.0,8.0,25.0,19.0,4.0,17.0,23.0,6.0,2.0,0.66,0.64,0.8,1.0,1.0,0.0,39.21,31.0,32.15,7.0,0.26,0.09,0.09,2.27,2.33,2.33
847576084775738478472,2025,Walker-Bjugstad-Joseph,STL,line,5on5,7,1407.0,69.0,0.33,0.42,0.4,7.38,0.53,0.47,1.59,0.22,4.15,3.05,0.53,0.56,0.56,7.0,3.0,7.0,17.0,1.0,0.0,0.0,1.0,0.0,2.0,6.0,6.0,9.0,3.0,6.0,12.0,16.0,2.0,5.0,9.0,0.0,1.0,0.25,0.0,0.27,1.0,0.0,0.0,17.52,10.0,10.35,2.0,0.09,0.0,0.0,0.62,0.66,0.66,11.44,1.08,0.76,2.97,0.34,5.81,4.04,1.0,1.03,0.96,11.0,4.0,8.0,23.0,0.0,1.0,0.0,4.0,0.0,8.0,2.0,11.0,15.0,1.0,2.0,13.0,10.0,3.0,7.0,10.0,4.0,1.0,0.2,0.62,0.26,0.0,0.0,0.0,22.27,15.0,14.73,1.0,0.16,0.26,0.26,0.98,0.96,0.94
84740138479410,2025,Sergachev-Cole,UTA,pairing,5on5,15,1778.0,124.0,0.55,0.44,0.53,12.9,1.15,0.8,3.5,0.45,6.93,5.16,1.14,1.2,1.18,13.0,5.0,5.0,23.0,2.0,3.0,0.0,5.0,0.0,3.0,5.0,11.0,16.0,2.0,4.0,20.0,8.0,1.0,5.0,15.0,1.0,2.0,0.44,0.17,0.55,2.0,0.0,0.0,23.9,18.0,18.81,1.0,0.16,0.56,0.56,0.76,0.81,0.8,11.51,0.96,0.77,2.8,0.42,6.52,4.52,0.87,0.91,0.83,11.0,5.0,13.0,29.0,1.0,1.0,0.0,3.0,0.0,5.0,6.0,10.0,15.0,0.0,0.0,12.0,10.0,2.0,12.0,12.0,4.0,0.0,0.45,0.52,0.0,1.0,0.0,0.0,27.61,16.0,15.19,4.0,0.16,0.08,0.08,1.04,0.99,0.9
847517284807978481068,2025,Farabee-Kadri-Sharangovich,CGY,line,5on5,7,731.0,65.0,0.51,0.7,0.68,9.18,0.78,0.64,2.04,0.28,5.46,3.79,0.78,0.74,0.74,6.0,7.0,6.0,19.0,1.0,0.0,0.0,4.0,0.0,5.0,3.0,5.0,12.0,0.0,0.0,0.0,3.0,1.0,4.0,10.0,2.0,1.0,0.27,0.28,0.23,1.0,0.0,0.0,17.57,13.0,12.22,1.0,0.13,0.0,0.0,0.92,0.87,0.87,4.8,0.76,0.33,1.52,0.16,1.94,1.28,0.76,0.79,0.79,5.0,1.0,2.0,8.0,1.0,1.0,0.0,0.0,0.0,2.0,2.0,4.0,5.0,0.0,0.0,11.0,4.0,4.0,4.0,4.0,0.0,2.0,0.16,0.0,0.6,1.0,0.0,0.0,9.04,6.0,6.42,4.0,0.07,0.27,0.27,0.57,0.59,0.59
84751678482655,2025,Moser-Hedman,TBL,pairing,5on5,13,9543.0,25.0,0.58,0.57,0.56,102.51,9.63,6.53,25.05,3.4,54.59,40.79,8.65,9.79,8.81,87.0,53.0,59.0,199.0,7.0,14.0,4.0,25.0,0.0,54.0,40.0,80.0,133.0,7.0,14.0,85.0,32.0,14.0,46.0,103.0,27.0,10.0,3.07,3.57,3.0,2.0,5.0,0.0,201.11,140.0,141.76,27.0,1.36,2.61,2.61,8.38,8.56,8.11,80.51,6.87,5.25,19.92,2.71,43.78,32.49,6.63,6.73,6.51,81.0,30.0,38.0,149.0,5.0,10.0,2.0,16.0,0.0,37.0,43.0,76.0,106.0,15.0,30.0,73.0,67.0,15.0,31.0,83.0,24.0,4.0,2.64,3.08,1.15,2.0,1.0,2.0,146.28,111.0,109.65,13.0,1.09,1.72,1.72,6.24,6.11,6.0
847687184802898481043,2025,Koepke-Barron-Pearson,WPG,line,5on5,8,2461.0,42.0,0.37,0.33,0.35,16.28,1.69,1.13,3.87,0.52,8.77,6.01,1.67,1.61,1.58,12.0,10.0,6.0,28.0,1.0,1.0,0.0,5.0,0.0,11.0,4.0,11.0,21.0,4.0,8.0,32.0,47.0,4.0,16.0,15.0,4.0,3.0,0.48,0.46,0.75,0.0,1.0,0.0,26.55,22.0,21.05,9.0,0.24,0.27,0.27,1.66,1.57,1.57,29.86,2.89,2.0,7.95,0.95,15.91,11.3,2.75,3.0,2.85,31.0,10.0,15.0,56.0,2.0,4.0,0.0,10.0,0.0,15.0,10.0,29.0,39.0,2.0,4.0,18.0,19.0,4.0,19.0,28.0,11.0,2.0,0.87,1.48,0.55,1.0,1.0,0.0,57.2,41.0,41.94,7.0,0.42,0.84,0.84,2.47,2.58,2.53
84769238478500,2025,Provorov-Severson,CBJ,pairing,5on5,14,12597.0,23.0,0.49,0.48,0.47,108.62,11.21,6.71,26.81,3.6,54.01,40.67,10.42,11.11,10.35,102.0,41.0,52.0,195.0,12.0,14.0,3.0,26.0,0.0,41.0,50.0,90.0,131.0,12.0,33.0,112.0,81.0,21.0,67.0,100.0,26.0,17.0,2.88,3.15,5.18,5.0,4.0,3.0,196.16,143.0,143.41,35.0,1.41,3.81,3.93,8.68,8.73,8.62,119.07,11.64,7.66,29.96,3.9,63.22,45.61,10.61,11.87,10.79,112.0,50.0,48.0,210.0,11.0,13.0,2.0,21.0,0.0,65.0,52.0,101.0,151.0,9.0,24.0,106.0,54.0,14.0,63.0,118.0,28.0,16.0,3.36,3.5,4.78,7.0,2.0,2.0,212.24,162.0,164.31,33.0,1.59,3.41,3.41,9.82,10.02,9.42
84764738476891,2025,Grzelcyk-Murphy,CHI,pairing,5on5,15,3712.0,89.0,0.62,0.49,0.55,30.87,3.5,2.17,7.49,1.04,16.12,11.69,3.26,3.62,3.37,31.0,11.0,7.0,49.0,1.0,5.0,0.0,4.0,0.0,15.0,17.0,30.0,41.0,9.0,24.0,18.0,24.0,7.0,20.0,25.0,13.0,4.0,0.67,1.7,1.13,0.0,0.0,1.0,49.63,42.0,42.63,13.0,0.46,1.29,1.29,2.66,2.74,2.69,24.92,2.15,1.68,6.5,0.93,13.6,9.13,2.12,2.13,2.1,20.0,14.0,17.0,51.0,3.0,1.0,1.0,6.0,0.0,9.0,15.0,17.0,31.0,7.0,20.0,31.0,18.0,5.0,10.0,24.0,9.0,1.0,0.81,1.14,0.21,2.0,0.0,1.0,50.41,34.0,33.87,5.0,0.35,0.21,0.21,2.3,2.28,2.26
84735078482131,2025,Sebrango-Petry,FLA,pairing,5on5,4,3018.0,10.0,0.64,0.54,0.6,27.71,2.74,1.95,6.52,1.02,15.03,10.74,2.66,2.86,2.77,21.0,17.0,10.0,48.0,3.0,3.0,1.0,7.0,0.0,10.0,15.0,18.0,35.0,3.0,9.0,21.0,27.0,1.0,20.0,25.0,11.0,2.0,0.67,1.48,0.59,1.0,1.0,1.0,49.21,38.0,38.74,12.0,0.4,0.68,0.68,2.47,2.55,2.53,17.74,1.53,1.22,4.25,0.64,9.77,7.59,1.49,1.48,1.44,17.0,8.0,16.0,41.0,1.0,1.0,0.0,5.0,0.0,6.0,12.0,16.0,24.0,4.0,11.0,19.0,31.0,3.0,15.0,20.0,4.0,1.0,0.52,0.64,0.38,0.0,1.0,0.0,40.28,25.0,24.46,9.0,0.26,0.38,0.38,1.41,1.39,1.36
847749684779568479987,2025,Geekie-Lindholm-Pastrnak,BOS,line,5on5,11,6808.0,18.0,0.38,0.43,0.45,53.45,3.72,3.11,14.16,1.8,27.87,22.33,3.67,3.65,3.6,50.0,23.0,30.0,103.0,4.0,3.0,0.0,7.0,0.0,31.0,28.0,46.0,69.0,8.0,16.0,76.0,58.0,11.0,45.0,57.0,14.0,2.0,1.43,1.85,0.44,3.0,1.0,0.0,102.2,73.0,72.42,16.0,0.65,0.53,0.53,3.83,3.77,3.74,65.76,6.04,4.32,16.73,2.23,35.45,25.24,5.86,6.18,6.0,47.0,43.0,44.0,134.0,8.0,4.0,0.0,11.0,0.0,42.0,25.0,39.0,82.0,11.0,22.0,63.0,48.0,9.0,40.0,64.0,18.0,8.0,1.69,2.31,2.04,4.0,2.0,2.0,135.4,90.0,91.9,14.0,0.9,0.86,0.86,6.08,6.25,6.14
847531484764198485702,2025,Lee-Pageau-Shabanov,NYI,line,5on5,4,2108.0,10.0,0.6,0.57,0.59,24.91,2.81,1.78,6.54,0.85,13.15,8.88,2.76,2.77,2.72,21.0,13.0,10.0,44.0,2.0,5.0,0.0,2.0,0.0,14.0,11.0,19.0,32.0,3.0,6.0,17.0,17.0,0.0,11.0,25.0,4.0,5.0,0.75,0.52,1.54,0.0,0.0,2.0,42.38,34.0,32.78,6.0,0.37,1.22,1.22,1.95,1.9,1.89,18.04,1.91,1.21,4.27,0.53,9.2,6.89,1.86,1.97,1.92,17.0,7.0,9.0,33.0,3.0,2.0,0.0,2.0,0.0,11.0,6.0,14.0,21.0,4.0,8.0,15.0,17.0,4.0,9.0,18.0,4.0,2.0,0.67,0.45,0.79,1.0,2.0,0.0,34.17,24.0,24.68,6.0,0.25,0.79,0.79,1.37,1.43,1.39
847798984815338484387,2025,Zegras-Dvorak-Michkov,PHI,line,5on5,11,2529.0,106.0,0.53,0.5,0.49,21.74,2.04,1.49,5.43,0.68,11.19,8.17,1.94,2.03,1.93,19.0,10.0,14.0,43.0,2.0,3.0,0.0,7.0,0.0,9.0,8.0,17.0,27.0,0.0,0.0,28.0,16.0,1.0,16.0,20.0,7.0,2.0,0.57,0.95,0.52,1.0,1.0,0.0,42.43,29.0,28.52,9.0,0.32,0.59,0.59,1.77,1.73,1.7,21.7,1.79,1.56,5.43,0.78,11.61,8.83,1.76,1.88,1.85,18.0,12.0,13.0,43.0,1.0,3.0,0.0,4.0,0.0,11.0,11.0,17.0,29.0,4.0,8.0,10.0,15.0,0.0,13.0,21.0,8.0,1.0,0.59,0.95,0.26,1.0,0.0,0.0,44.14,30.0,30.67,5.0,0.32,0.27,0.27,1.85,1.94,1.91
847747684774928480039,2025,Lehkonen-Mackinnon-Necas,COL,line,5on5,15,10731.0,15.0,0.64,0.56,0.56,115.13,12.73,7.61,27.45,3.66,59.45,43.1,12.04,13.14,12.43,103.0,51.0,69.0,223.0,17.0,11.0,2.0,19.0,0.0,62.0,45.0,86.0,137.0,10.0,23.0,109.0,36.0,12.0,77.0,95.0,48.0,11.0,3.51,6.1,3.11,10.0,6.0,1.0,230.25,154.0,158.78,32.0,1.61,2.68,2.68,11.65,12.03,11.53,89.16,7.03,5.35,23.43,2.93,46.29,34.97,6.96,6.89,6.82,78.0,42.0,55.0,175.0,7.0,5.0,1.0,19.0,0.0,41.0,48.0,71.0,113.0,13.0,29.0,122.0,61.0,13.0,68.0,95.0,15.0,10.0,2.7,1.78,2.55,3.0,2.0,2.0,169.03,120.0,116.82,39.0,1.12,1.27,1.27,6.88,6.7,6.66
84779868478407,2025,Dunn-Montour,SEA,pairing,5on5,10,640.0,77.0,0.74,0.41,0.5,5.58,0.41,0.37,1.61,0.18,3.19,2.24,0.4,0.39,0.38,6.0,2.0,1.0,9.0,0.0,0.0,0.0,1.0,0.0,4.0,3.0,6.0,8.0,0.0,0.0,7.0,2.0,0.0,7.0,7.0,0.0,1.0,0.18,0.0,0.24,0.0,0.0,0.0,8.58,8.0,7.73,4.0,0.08,0.0,0.0,0.49,0.47,0.46,5.6,0.14,0.27,1.76,0.19,3.24,2.41,0.14,0.15,0.15,6.0,2.0,5.0,13.0,0.0,0.0,0.0,1.0,0.0,0.0,7.0,6.0,8.0,1.0,2.0,6.0,1.0,2.0,3.0,8.0,0.0,0.0,0.14,0.0,0.0,0.0,0.0,0.0,14.09,8.0,8.71,0.0,0.05,0.0,0.0,0.19,0.21,0.21
848102484833958484136,2025,Bains-Sasson-Karlsson,VAN,line,5on5,13,4561.0,56.0,0.48,0.53,0.51,37.81,3.7,2.63,9.6,1.31,19.66,14.11,3.46,3.69,3.45,27.0,24.0,25.0,76.0,1.0,6.0,0.0,2.0,0.0,21.0,21.0,26.0,50.0,4.0,8.0,19.0,31.0,7.0,18.0,35.0,10.0,6.0,0.97,1.32,1.41,0.0,1.0,0.0,76.49,51.0,51.66,10.0,0.56,1.19,1.19,3.07,3.08,3.03,37.39,3.96,2.43,9.65,1.23,18.78,13.97,3.81,3.85,3.71,36.0,14.0,17.0,67.0,2.0,9.0,0.0,9.0,0.0,14.0,16.0,34.0,48.0,4.0,11.0,40.0,41.0,6.0,10.0,31.0,12.0,7.0,0.8,1.46,1.69,0.0,1.0,1.0,65.08,50.0,48.76,2.0,0.51,1.22,1.22,3.25,3.19,3.16
84783978480860,2025,Bahl-Andersson,CGY,pairing,5on5,15,12435.0,22.0,0.49,0.47,0.47,100.1,8.55,6.14,26.4,3.48,53.52,39.91,8.28,8.56,8.28,95.0,43.0,51.0,189.0,9.0,9.0,0.0,18.0,0.0,47.0,55.0,86.0,129.0,13.0,29.0,109.0,83.0,21.0,60.0,103.0,25.0,10.0,2.51,3.35,2.7,5.0,2.0,2.0,190.36,138.0,138.31,38.0,1.28,1.84,1.84,7.99,8.02,7.9,113.51,8.99,7.29,29.07,3.63,60.23,43.79,8.89,8.92,8.82,103.0,50.0,60.0,213.0,5.0,8.0,2.0,38.0,0.0,48.0,54.0,98.0,148.0,24.0,51.0,128.0,71.0,19.0,50.0,112.0,33.0,8.0,3.09,3.88,2.02,1.0,2.0,2.0,210.78,153.0,150.97,20.0,1.52,1.2,1.2,9.31,9.25,9.18
847645484782338478402,2025,Mangiapane-Mcdavid-Nugent-Hopkins,EDM,line,5on5,7,4826.0,13.0,0.49,0.55,0.46,38.56,3.92,2.7,8.66,1.16,20.38,15.17,3.86,4.02,3.96,33.0,19.0,35.0,87.0,3.0,2.0,0.0,9.0,0.0,17.0,21.0,30.0,49.0,4.0,8.0,35.0,13.0,7.0,23.0,34.0,14.0,4.0,1.1,1.75,1.06,2.0,1.0,0.0,88.42,52.0,53.26,10.0,0.56,0.48,0.48,4.0,4.1,4.04,45.77,4.12,3.07,11.63,1.5,24.13,17.56,4.0,4.15,4.03,44.0,18.0,10.0,72.0,3.0,7.0,0.0,7.0,1.0,22.0,22.0,41.0,59.0,5.0,10.0,41.0,21.0,13.0,28.0,44.0,15.0,3.0,1.28,2.05,0.79,1.0,1.0,1.0,72.4,62.0,62.55,15.0,0.64,1.21,1.21,3.55,3.57,3.51
847637484795918480355,2025,Eyssimont-Kastelic-Kuraly,BOS,line,5on5,7,1755.0,36.0,0.55,0.66,0.6,17.8,1.44,1.14,4.7,0.55,9.27,6.91,1.42,1.42,1.4,16.0,8.0,17.0,41.0,2.0,2.0,0.0,4.0,0.0,12.0,4.0,14.0,22.0,4.0,8.0,17.0,11.0,2.0,11.0,19.0,2.0,3.0,0.37,0.25,0.81,1.0,1.0,0.0,39.95,24.0,23.58,7.0,0.23,0.58,0.58,1.09,1.05,1.05,10.7,1.16,0.72,3.08,0.42,6.21,4.4,1.11,1.18,1.13,7.0,9.0,5.0,21.0,1.0,1.0,0.0,1.0,0.0,8.0,5.0,6.0,15.0,4.0,8.0,17.0,10.0,3.0,9.0,10.0,4.0,2.0,0.35,0.35,0.46,1.0,0.0,0.0,21.2,16.0,16.09,4.0,0.15,0.23,0.23,1.08,1.11,1.07
84754558483495,2025,Dillon-Nemec,NJD,pairing,5on5,13,7277.0,50.0,0.52,0.54,0.54,57.22,4.57,4.0,14.01,1.96,33.94,24.52,4.46,4.65,4.53,62.0,21.0,44.0,127.0,9.0,3.0,1.0,10.0,0.0,28.0,33.0,53.0,74.0,6.0,12.0,44.0,56.0,17.0,28.0,62.0,18.0,3.0,1.44,2.24,0.89,5.0,3.0,1.0,128.9,83.0,84.42,12.0,0.83,0.6,0.6,4.8,4.87,4.83,50.95,4.18,3.33,12.63,1.74,27.74,20.38,4.02,4.15,3.99,48.0,22.0,40.0,110.0,10.0,5.0,1.0,11.0,1.0,20.0,23.0,38.0,60.0,12.0,24.0,59.0,52.0,11.0,26.0,53.0,16.0,1.0,1.86,2.03,0.28,6.0,4.0,0.0,108.25,70.0,68.89,14.0,0.69,0.57,0.57,4.3,4.27,4.16
84809508481581,2025,Harley-Lyubushkin,DAL,pairing,5on5,12,7349.0,27.0,0.39,0.36,0.38,37.88,3.34,2.26,8.98,1.26,20.24,14.93,3.3,3.24,3.21,36.0,15.0,23.0,74.0,2.0,2.0,0.0,13.0,0.0,16.0,18.0,34.0,49.0,4.0,8.0,61.0,48.0,8.0,28.0,33.0,16.0,2.0,0.94,1.85,0.55,1.0,1.0,0.0,72.32,51.0,49.84,19.0,0.47,0.55,0.55,3.25,3.17,3.16,61.04,5.32,3.76,15.59,2.13,33.34,24.86,5.03,5.37,5.09,55.0,30.0,47.0,132.0,5.0,5.0,0.0,10.0,0.0,27.0,38.0,50.0,80.0,7.0,14.0,64.0,50.0,11.0,31.0,64.0,16.0,5.0,2.08,1.77,1.46,1.0,4.0,0.0,135.66,85.0,87.46,13.0,0.78,1.28,1.28,4.82,4.95,4.83
847341984801858482113,2025,Marchand-Lundell-Luostarinen,FLA,line,5on5,9,5218.0,19.0,0.5,0.54,0.53,53.62,4.96,3.47,14.2,1.67,27.13,19.57,4.81,4.9,4.76,44.0,27.0,26.0,97.0,7.0,5.0,0.0,5.0,1.0,27.0,26.0,37.0,64.0,10.0,20.0,64.0,43.0,6.0,28.0,49.0,18.0,4.0,1.15,2.4,1.42,2.0,5.0,0.0,95.85,71.0,70.17,14.0,0.73,1.24,1.24,4.45,4.46,4.37,47.43,4.87,3.38,12.02,1.83,23.97,17.94,4.63,4.85,4.61,42.0,22.0,20.0,84.0,4.0,8.0,0.0,5.0,1.0,19.0,27.0,38.0,60.0,12.0,24.0,59.0,31.0,11.0,21.0,42.0,17.0,5.0,1.17,2.5,1.21,3.0,1.0,0.0,86.0,64.0,64.32,9.0,0.71,1.24,1.24,4.33,4.32,4.22
847456484765398482768,2025,Stamkos-Svechkov-Marchessault,NSH,line,5on5,3,771.0,12.0,0.45,0.62,0.57,6.44,0.8,0.5,1.52,0.19,2.97,2.01,0.79,0.81,0.8,4.0,4.0,5.0,13.0,0.0,0.0,0.0,1.0,0.0,5.0,2.0,4.0,8.0,0.0,0.0,6.0,6.0,1.0,8.0,4.0,3.0,1.0,0.15,0.37,0.27,0.0,0.0,0.0,12.97,8.0,8.04,1.0,0.11,0.0,0.0,0.91,0.92,0.9,4.94,0.98,0.43,0.85,0.14,2.02,1.58,0.92,0.98,0.93,6.0,0.0,2.0,8.0,1.0,1.0,1.0,2.0,0.0,1.0,1.0,5.0,5.0,0.0,0.0,4.0,7.0,0.0,4.0,2.0,2.0,2.0,0.09,0.23,0.65,0.0,0.0,1.0,8.18,6.0,6.03,1.0,0.09,0.36,0.36,0.71,0.7,0.7
848044884829478484149,2025,Kelly-Bardakov-Brindley,COL,line,5on5,8,2302.0,33.0,0.51,0.56,0.55,24.69,2.31,1.69,6.13,0.81,11.77,9.31,2.21,2.38,2.29,25.0,7.0,16.0,48.0,4.0,4.0,1.0,3.0,0.0,11.0,10.0,21.0,28.0,1.0,2.0,18.0,22.0,3.0,9.0,24.0,3.0,5.0,0.68,0.35,1.27,3.0,0.0,1.0,51.62,32.0,33.39,3.0,0.35,1.06,1.06,1.59,1.65,1.61,19.14,2.26,1.26,4.66,0.68,9.78,7.36,2.14,2.21,2.09,13.0,13.0,12.0,38.0,2.0,5.0,1.0,3.0,0.0,7.0,9.0,11.0,24.0,4.0,8.0,29.0,26.0,1.0,11.0,18.0,3.0,5.0,0.58,0.37,1.31,1.0,0.0,1.0,36.36,26.0,25.23,5.0,0.27,1.07,1.07,1.45,1.41,1.4
84815688484783,2025,Vlasic-Levshunov,CHI,pairing,5on5,11,1141.0,112.0,0.54,0.48,0.43,10.79,1.19,0.72,2.75,0.36,5.63,4.35,1.15,1.26,1.21,12.0,3.0,6.0,21.0,1.0,1.0,0.0,4.0,0.0,5.0,4.0,11.0,14.0,0.0,0.0,10.0,3.0,2.0,6.0,8.0,5.0,2.0,0.29,0.49,0.41,0.0,0.0,1.0,21.98,15.0,15.68,3.0,0.16,0.1,0.1,1.25,1.31,1.27,14.54,1.02,0.93,3.21,0.45,8.25,6.14,0.99,0.99,0.96,15.0,5.0,3.0,23.0,1.0,1.0,0.0,6.0,0.0,7.0,5.0,14.0,19.0,0.0,0.0,2.0,13.0,3.0,4.0,16.0,3.0,1.0,0.4,0.35,0.27,1.0,0.0,0.0,21.84,20.0,19.28,2.0,0.19,0.27,0.27,0.94,0.91,0.9
848089384817168484166,2025,Voronkov-Fantilli-Marchenko,CBJ,line,5on5,7,787.0,66.0,0.56,0.5,0.52,13.35,1.71,1.0,2.89,0.42,6.38,4.6,1.57,1.79,1.65,12.0,5.0,2.0,19.0,3.0,2.0,2.0,3.0,0.0,6.0,3.0,9.0,14.0,3.0,6.0,3.0,5.0,0.0,3.0,10.0,5.0,2.0,0.37,0.75,0.59,1.0,0.0,2.0,19.36,17.0,17.37,1.0,0.21,0.59,0.59,1.32,1.38,1.34,12.27,1.35,0.74,3.1,0.38,6.04,4.39,1.29,1.35,1.28,11.0,5.0,3.0,19.0,2.0,3.0,1.0,1.0,0.0,3.0,7.0,9.0,14.0,1.0,2.0,7.0,1.0,1.0,3.0,10.0,3.0,3.0,0.25,0.33,0.77,1.0,0.0,1.0,19.05,16.0,15.97,1.0,0.16,0.77,0.77,0.74,0.73,0.73
848074884820558482691,2025,O'Connor-Raty-Sherwood,VAN,line,5on5,13,3142.0,102.0,0.53,0.59,0.62,35.04,2.39,2.01,9.55,1.17,19.16,13.72,2.3,2.34,2.25,27.0,21.0,12.0,60.0,2.0,3.0,0.0,6.0,0.0,16.0,21.0,25.0,46.0,6.0,12.0,29.0,40.0,4.0,8.0,41.0,3.0,4.0,0.98,0.35,1.06,2.0,0.0,0.0,60.45,48.0,47.99,4.0,0.41,0.77,0.77,2.03,2.0,1.98,22.13,2.1,1.54,5.55,0.79,11.32,8.7,2.02,2.16,2.07,18.0,12.0,12.0,42.0,1.0,2.0,0.0,3.0,0.0,16.0,8.0,17.0,29.0,3.0,6.0,23.0,19.0,3.0,17.0,21.0,7.0,2.0,0.58,0.88,0.64,0.0,1.0,0.0,41.89,30.0,29.89,10.0,0.32,0.49,0.49,1.94,1.98,1.97
84800358481219,2025,Aspirot-Jokiharju,BOS,pairing,5on5,6,3581.0,19.0,0.49,0.43,0.4,22.69,2.34,1.45,5.15,0.73,12.28,9.06,2.17,2.29,2.13,21.0,10.0,19.0,50.0,1.0,4.0,0.0,4.0,0.0,7.0,15.0,20.0,30.0,5.0,13.0,27.0,27.0,1.0,20.0,23.0,5.0,3.0,0.75,0.7,0.89,1.0,0.0,0.0,50.35,31.0,31.08,11.0,0.3,1.04,1.04,1.6,1.56,1.55,32.76,2.4,2.02,8.95,1.18,18.01,14.44,2.35,2.43,2.38,29.0,18.0,20.0,67.0,1.0,5.0,0.0,7.0,0.0,16.0,18.0,28.0,46.0,4.0,11.0,23.0,30.0,7.0,13.0,37.0,7.0,3.0,0.95,0.81,0.64,0.0,1.0,0.0,66.93,47.0,46.93,6.0,0.42,0.43,0.43,2.39,2.42,2.41
84779508480871,2025,Deangelo-Boqvist,NYI,pairing,5on5,4,2197.0,18.0,0.32,0.37,0.36,15.77,1.59,0.95,4.29,0.48,7.9,5.79,1.56,1.61,1.59,15.0,6.0,7.0,28.0,1.0,2.0,0.0,3.0,0.0,6.0,9.0,14.0,20.0,4.0,8.0,15.0,15.0,1.0,10.0,14.0,5.0,2.0,0.38,0.65,0.56,1.0,0.0,0.0,29.31,21.0,21.61,4.0,0.2,0.35,0.35,1.44,1.46,1.45,28.3,3.38,2.08,6.66,0.89,14.64,10.34,3.13,3.36,3.12,28.0,10.0,9.0,47.0,1.0,5.0,0.0,10.0,0.0,12.0,10.0,27.0,37.0,1.0,2.0,24.0,19.0,2.0,14.0,23.0,11.0,4.0,0.72,1.6,1.06,0.0,1.0,0.0,45.66,38.0,37.42,9.0,0.43,1.14,1.14,2.67,2.67,2.6
84756908476931,2025,Mccabe-Tanev,TOR,pairing,5on5,8,5733.0,17.0,0.5,0.51,0.52,41.58,3.48,2.51,10.61,1.3,22.13,15.96,3.46,3.51,3.49,39.0,17.0,25.0,81.0,6.0,1.0,0.0,13.0,0.0,16.0,20.0,33.0,50.0,1.0,2.0,46.0,43.0,5.0,29.0,43.0,9.0,4.0,1.35,1.12,1.01,4.0,0.0,2.0,82.4,56.0,57.3,17.0,0.52,0.26,0.26,3.75,3.8,3.77,37.08,3.48,2.59,9.47,1.21,19.86,14.4,3.3,3.55,3.36,28.0,23.0,27.0,78.0,2.0,2.0,0.0,7.0,0.0,24.0,16.0,26.0,49.0,6.0,12.0,45.0,44.0,12.0,32.0,35.0,11.0,5.0,0.98,1.33,1.17,1.0,1.0,0.0,78.13,51.0,50.69,19.0,0.55,0.27,0.27,3.75,3.82,3.72
847410284763938482092,2025,Perron-Greig-Cousins,OTT,line,5on5,2,1142.0,5.0,0.96,0.73,0.87,9.35,1.28,0.73,2.28,0.36,4.78,3.57,1.17,1.2,1.09,11.0,2.0,3.0,16.0,1.0,2.0,0.0,5.0,0.0,3.0,2.0,10.0,12.0,1.0,2.0,5.0,15.0,0.0,3.0,7.0,5.0,1.0,0.19,0.83,0.27,1.0,0.0,0.0,14.9,13.0,12.22,2.0,0.16,0.46,0.46,0.98,0.91,0.9,1.34,0.06,0.08,0.31,0.04,0.89,0.62,0.06,0.06,0.06,1.0,1.0,4.0,6.0,0.0,0.0,0.0,0.0,0.0,1.0,1.0,1.0,2.0,2.0,4.0,6.0,12.0,0.0,9.0,2.0,0.0,0.0,0.06,0.0,0.0,0.0,0.0,0.0,6.11,2.0,2.06,7.0,0.01,0.0,0.0,0.07,0.08,0.08
84826848483429,2025,Hughes-Casey,NJD,pairing,5on5,2,1083.0,11.0,0.12,0.43,0.24,3.12,0.12,0.19,0.97,0.09,1.58,1.04,0.12,0.12,0.12,3.0,1.0,9.0,13.0,0.0,0.0,0.0,0.0,0.0,4.0,0.0,3.0,4.0,0.0,0.0,10.0,5.0,2.0,8.0,4.0,0.0,0.0,0.12,0.0,0.0,0.0,0.0,0.0,12.04,4.0,3.84,3.0,0.04,0.0,0.0,0.17,0.17,0.15,9.48,0.88,0.56,2.58,0.34,5.0,3.64,0.87,0.9,0.89,11.0,2.0,4.0,17.0,1.0,1.0,0.0,2.0,0.0,4.0,5.0,10.0,12.0,0.0,0.0,10.0,6.0,0.0,4.0,9.0,3.0,1.0,0.22,0.4,0.27,0.0,0.0,1.0,18.43,13.0,13.61,3.0,0.12,0.12,0.12,0.88,0.9,0.89
847690584789758482751,2025,Marchment-Stephenson-Winterton,SEA,line,5on5,6,994.0,67.0,0.51,0.24,0.29,7.21,0.95,0.49,1.92,0.24,3.22,2.17,0.94,0.93,0.92,6.0,3.0,0.0,9.0,1.0,1.0,0.0,0.0,0.0,3.0,4.0,5.0,8.0,1.0,2.0,10.0,8.0,3.0,4.0,6.0,1.0,2.0,0.2,0.11,0.64,0.0,0.0,1.0,9.27,9.0,9.25,4.0,0.11,0.41,0.41,0.65,0.65,0.63,15.98,0.91,1.14,4.06,0.53,9.02,6.35,0.88,0.94,0.91,13.0,9.0,6.0,28.0,0.0,1.0,0.0,3.0,0.0,10.0,8.0,13.0,22.0,1.0,2.0,8.0,5.0,1.0,7.0,19.0,3.0,0.0,0.49,0.42,0.0,0.0,0.0,0.0,27.89,22.0,21.96,2.0,0.24,0.15,0.15,1.0,1.03,1.01
847517084793858480023,2025,Schenn-Thomas-Kyrou,STL,line,5on5,3,601.0,27.0,0.83,0.64,0.67,7.2,0.69,0.6,1.79,0.24,3.93,2.74,0.66,0.69,0.65,6.0,4.0,6.0,16.0,1.0,1.0,0.0,1.0,0.0,5.0,2.0,5.0,9.0,1.0,2.0,5.0,3.0,2.0,4.0,7.0,3.0,0.0,0.23,0.46,0.0,0.0,1.0,0.0,16.42,10.0,10.21,0.0,0.13,0.01,0.01,0.81,0.8,0.76,3.6,0.14,0.18,0.94,0.12,2.05,1.57,0.14,0.14,0.14,4.0,1.0,4.0,9.0,0.0,0.0,0.0,0.0,0.0,2.0,3.0,4.0,5.0,1.0,2.0,4.0,2.0,0.0,2.0,5.0,0.0,0.0,0.14,0.0,0.0,0.0,0.0,0.0,8.71,5.0,4.88,1.0,0.04,0.0,0.0,0.18,0.18,0.17
847584884815238482737,2025,Gallagher-Dach-Bolduc,MTL,line,5on5,11,4201.0,49.0,0.65,0.55,0.58,42.75,4.67,2.71,10.68,1.39,22.3,16.26,4.55,4.67,4.56,44.0,14.0,21.0,79.0,8.0,5.0,2.0,8.0,0.0,16.0,21.0,36.0,50.0,8.0,19.0,33.0,30.0,3.0,14.0,39.0,12.0,7.0,1.13,1.48,2.06,3.0,2.0,3.0,79.84,58.0,58.69,4.0,0.56,1.48,1.48,3.75,3.79,3.72,30.7,2.54,1.82,8.0,0.99,16.75,11.89,2.49,2.56,2.51,25.0,17.0,22.0,64.0,3.0,1.0,0.0,8.0,0.0,16.0,14.0,22.0,39.0,8.0,19.0,34.0,43.0,3.0,20.0,32.0,8.0,2.0,1.04,0.99,0.51,1.0,2.0,0.0,64.48,42.0,42.26,11.0,0.38,0.03,0.03,2.89,2.91,2.86
847795384814918481617,2025,Kapanen-Philp-Podkolzin,EDM,line,5on5,2,1173.0,4.0,0.5,0.69,0.71,12.64,0.73,0.7,3.0,0.38,7.22,4.97,0.7,0.72,0.7,14.0,3.0,5.0,22.0,1.0,0.0,0.0,4.0,0.0,9.0,3.0,13.0,16.0,2.0,4.0,11.0,16.0,2.0,5.0,13.0,3.0,1.0,0.25,0.27,0.21,0.0,1.0,0.0,22.37,17.0,17.29,2.0,0.14,0.0,0.0,0.87,0.86,0.83,5.53,0.72,0.4,1.12,0.16,2.65,1.96,0.7,0.73,0.72,5.0,2.0,3.0,10.0,2.0,0.0,0.0,0.0,0.0,4.0,1.0,3.0,5.0,2.0,4.0,5.0,9.0,1.0,7.0,5.0,1.0,1.0,0.23,0.2,0.29,1.0,0.0,1.0,9.92,7.0,6.93,4.0,0.08,0.0,0.0,0.8,0.82,0.8
84768538478443,2025,Rielly-Carlo,TOR,pairing,5on5,14,8056.0,45.0,0.49,0.49,0.51,77.56,6.23,4.83,19.77,2.55,42.15,30.47,6.05,6.16,5.97,75.0,31.0,26.0,132.0,8.0,7.0,0.0,17.0,0.0,39.0,35.0,67.0,98.0,8.0,16.0,75.0,69.0,10.0,54.0,81.0,22.0,3.0,2.34,2.9,0.99,4.0,4.0,0.0,130.86,106.0,104.89,29.0,1.0,1.32,1.32,5.91,5.79,5.66,73.7,6.43,4.77,18.2,2.35,41.55,29.7,6.35,6.64,6.56,70.0,33.0,36.0,139.0,11.0,3.0,3.0,10.0,0.0,31.0,48.0,59.0,92.0,3.0,6.0,67.0,50.0,15.0,58.0,74.0,24.0,5.0,1.96,2.92,1.55,2.0,6.0,3.0,141.46,103.0,104.58,24.0,0.99,0.46,0.92,6.5,6.68,6.64
84783998483495,2025,Siegenthaler-Nemec,NJD,pairing,5on5,10,2683.0,56.0,0.41,0.37,0.37,19.2,2.21,1.28,4.48,0.61,9.18,7.24,2.11,2.17,2.08,18.0,7.0,12.0,37.0,3.0,2.0,0.0,2.0,0.0,13.0,5.0,15.0,22.0,2.0,4.0,15.0,21.0,2.0,10.0,16.0,5.0,4.0,0.5,0.63,1.08,0.0,2.0,1.0,35.81,25.0,24.74,7.0,0.27,0.57,0.57,1.91,1.87,1.85,31.44,3.12,2.26,7.56,1.11,16.91,12.05,3.01,3.16,3.06,30.0,13.0,19.0,62.0,3.0,7.0,0.0,6.0,0.0,13.0,14.0,27.0,40.0,1.0,2.0,22.0,10.0,3.0,17.0,30.0,10.0,3.0,0.97,1.32,0.83,1.0,1.0,1.0,64.06,43.0,43.86,5.0,0.47,1.12,1.12,2.46,2.52,2.5
847351284780208481596,2025,Amadio-Pinto-Giroux,OTT,line,5on5,9,5191.0,17.0,0.64,0.61,0.61,49.37,4.43,3.04,12.34,1.74,25.84,19.61,4.33,4.53,4.42,38.0,29.0,24.0,91.0,7.0,3.0,1.0,10.0,0.0,24.0,23.0,31.0,60.0,4.0,11.0,62.0,34.0,8.0,25.0,49.0,12.0,6.0,1.3,1.46,1.67,3.0,1.0,3.0,92.06,67.0,67.96,10.0,0.63,0.62,0.97,4.09,4.16,4.11,31.56,2.54,1.87,7.86,0.97,16.38,12.37,2.5,2.52,2.48,28.0,14.0,17.0,59.0,3.0,2.0,0.0,7.0,0.0,14.0,16.0,25.0,39.0,6.0,15.0,39.0,33.0,9.0,24.0,31.0,9.0,2.0,0.85,1.19,0.51,1.0,2.0,0.0,57.93,42.0,41.67,14.0,0.39,0.45,0.45,2.48,2.45,2.43
847804284784018482634,2025,Arvidsson-Zacha-Steeves,BOS,line,5on5,1,640.0,2.0,0.63,0.57,0.61,8.21,0.96,0.56,2.22,0.28,4.1,2.88,0.95,1.03,1.02,8.0,3.0,1.0,12.0,1.0,1.0,0.0,2.0,0.0,4.0,3.0,7.0,10.0,0.0,0.0,9.0,5.0,0.0,5.0,6.0,4.0,1.0,0.15,0.57,0.24,0.0,1.0,0.0,13.05,11.0,11.87,3.0,0.12,0.24,0.24,0.84,0.92,0.9,4.99,0.55,0.37,1.42,0.2,2.34,2.12,0.5,0.51,0.46,3.0,4.0,2.0,9.0,0.0,1.0,0.0,1.0,0.0,2.0,3.0,3.0,7.0,1.0,2.0,6.0,8.0,1.0,2.0,5.0,1.0,1.0,0.09,0.11,0.36,0.0,0.0,0.0,8.2,7.0,6.42,1.0,0.08,0.36,0.36,0.28,0.25,0.25
84768918484783,2025,Grzelcyk-Levshunov,CHI,pairing,5on5,14,3962.0,68.0,0.62,0.56,0.56,32.77,3.57,2.24,8.47,1.07,16.78,11.87,3.41,3.66,3.5,31.0,13.0,11.0,55.0,8.0,3.0,1.0,8.0,0.0,9.0,16.0,23.0,36.0,1.0,2.0,33.0,14.0,4.0,9.0,28.0,11.0,5.0,0.64,1.58,1.35,1.0,4.0,3.0,56.17,44.0,44.56,3.0,0.47,0.71,0.71,3.32,3.41,3.3,24.78,2.2,1.64,5.84,0.77,13.4,10.13,2.12,2.18,2.09,25.0,9.0,10.0,44.0,2.0,3.0,0.0,4.0,0.0,10.0,15.0,23.0,32.0,2.0,4.0,29.0,24.0,5.0,23.0,24.0,8.0,2.0,0.66,1.0,0.53,1.0,1.0,0.0,44.04,34.0,33.95,15.0,0.34,0.57,0.57,1.97,1.95,1.94
84778458480873,2025,Sandin-Van Riemsdyk,WSH,pairing,5on5,6,2694.0,27.0,0.71,0.49,0.47,18.14,2.44,1.33,4.71,0.69,9.27,6.56,2.3,2.4,2.27,12.0,13.0,12.0,37.0,1.0,4.0,1.0,1.0,0.0,8.0,11.0,11.0,24.0,3.0,6.0,25.0,23.0,8.0,11.0,13.0,8.0,4.0,0.35,1.02,1.06,0.0,0.0,1.0,36.62,25.0,24.67,3.0,0.28,0.99,0.99,1.73,1.71,1.66,20.55,0.98,0.99,5.57,0.66,11.11,8.69,0.96,0.98,0.96,16.0,12.0,11.0,39.0,2.0,0.0,0.0,5.0,0.0,10.0,11.0,14.0,26.0,0.0,0.0,17.0,20.0,2.0,18.0,25.0,3.0,0.0,0.62,0.36,0.0,1.0,1.0,0.0,39.19,28.0,28.41,13.0,0.2,0.0,0.0,1.19,1.18,1.16
84763128480069,2025,Makar-Manson,COL,pairing,5on5,12,734.0,122.0,0.91,0.64,0.72,9.63,0.92,0.65,2.23,0.31,4.92,3.97,0.92,0.95,0.95,7.0,6.0,3.0,16.0,1.0,1.0,0.0,0.0,0.0,5.0,6.0,6.0,12.0,0.0,0.0,2.0,9.0,1.0,3.0,8.0,5.0,0.0,0.22,0.7,0.0,0.0,1.0,0.0,16.55,13.0,13.34,0.0,0.13,0.16,0.16,0.89,0.91,0.91,3.69,0.09,0.18,0.98,0.12,2.03,1.61,0.09,0.08,0.08,5.0,0.0,4.0,9.0,0.0,0.0,0.0,1.0,0.0,2.0,2.0,5.0,5.0,2.0,4.0,1.0,6.0,0.0,5.0,5.0,0.0,0.0,0.09,0.0,0.0,0.0,0.0,0.0,8.63,5.0,4.89,0.0,0.03,0.0,0.0,0.12,0.12,0.12
847740984779338478542,2025,Verhaeghe-Rodrigues-Reinhart,FLA,line,5on5,10,5327.0,29.0,0.71,0.62,0.65,59.21,5.84,3.69,15.49,1.98,31.13,22.85,5.55,5.75,5.47,52.0,29.0,33.0,114.0,3.0,6.0,1.0,14.0,1.0,29.0,28.0,49.0,78.0,4.0,8.0,43.0,36.0,7.0,27.0,58.0,16.0,7.0,1.74,1.95,2.15,1.0,2.0,0.0,112.22,81.0,79.49,16.0,0.77,1.28,1.33,5.29,5.22,5.14,30.97,2.41,2.11,8.13,1.13,17.32,11.89,2.33,2.42,2.35,24.0,19.0,28.0,71.0,1.0,3.0,1.0,8.0,0.0,13.0,18.0,23.0,42.0,4.0,8.0,42.0,36.0,8.0,32.0,32.0,9.0,2.0,0.94,0.92,0.55,0.0,1.0,0.0,72.72,43.0,43.94,16.0,0.43,0.65,0.65,2.19,2.22,2.17
84808748482142,2025,Drysdale-Ginning,PHI,pairing,5on5,4,1317.0,22.0,0.53,0.51,0.43,10.57,0.93,0.75,2.6,0.34,5.88,4.5,0.92,0.93,0.92,8.0,7.0,7.0,22.0,0.0,1.0,0.0,2.0,0.0,5.0,7.0,8.0,15.0,2.0,4.0,12.0,6.0,2.0,11.0,13.0,1.0,1.0,0.43,0.19,0.3,0.0,0.0,0.0,21.89,15.0,14.8,5.0,0.15,0.3,0.3,0.78,0.78,0.78,14.35,0.84,0.83,3.58,0.46,8.16,6.14,0.83,0.84,0.83,14.0,6.0,1.0,21.0,0.0,0.0,0.0,5.0,0.0,6.0,9.0,14.0,20.0,2.0,4.0,7.0,9.0,2.0,7.0,17.0,3.0,0.0,0.53,0.31,0.0,0.0,0.0,0.0,21.04,20.0,20.12,4.0,0.17,0.0,0.0,1.01,1.0,0.99
847522084757658478493,2025,Foligno-Eriksson Ek-Tarasenko,MIN,line,5on5,3,1061.0,29.0,0.38,0.59,0.67,8.98,0.25,0.43,2.76,0.32,4.64,3.6,0.24,0.24,0.23,9.0,3.0,8.0,20.0,0.0,1.0,0.0,1.0,0.0,6.0,4.0,9.0,12.0,1.0,2.0,8.0,5.0,2.0,2.0,11.0,1.0,0.0,0.14,0.1,0.0,0.0,0.0,0.0,21.42,12.0,12.2,1.0,0.09,0.03,0.03,0.31,0.3,0.29,3.87,0.4,0.32,0.91,0.16,2.5,1.7,0.4,0.38,0.38,4.0,2.0,8.0,14.0,0.0,0.0,0.0,1.0,0.0,3.0,2.0,4.0,6.0,2.0,4.0,15.0,9.0,1.0,6.0,4.0,1.0,1.0,0.08,0.09,0.23,0.0,0.0,0.0,13.72,6.0,5.65,3.0,0.07,0.0,0.0,0.47,0.45,0.44
84775078480035,2025,Zadorov-Jokiharju,BOS,pairing,5on5,17,6988.0,84.0,0.45,0.5,0.52,63.46,4.38,4.01,16.92,2.22,33.2,25.26,4.28,4.39,4.29,59.0,27.0,34.0,120.0,5.0,7.0,0.0,12.0,0.0,38.0,24.0,54.0,81.0,11.0,25.0,70.0,68.0,6.0,39.0,72.0,11.0,3.0,2.12,1.5,0.76,2.0,3.0,0.0,119.45,86.0,86.14,16.0,0.84,0.75,0.75,4.47,4.48,4.4,58.5,5.32,3.91,15.01,2.01,31.78,22.97,5.15,5.24,5.07,53.0,28.0,38.0,119.0,6.0,8.0,0.0,13.0,0.0,35.0,19.0,47.0,75.0,12.0,27.0,63.0,47.0,7.0,35.0,58.0,16.0,7.0,1.41,1.86,2.06,5.0,1.0,0.0,119.27,81.0,81.58,9.0,0.82,1.78,1.78,4.36,4.33,4.24
848087684820708483447,2025,Douglas-Geekie-Chaffee,TBL,line,5on5,3,655.0,21.0,0.19,0.42,0.4,4.75,0.21,0.25,1.42,0.15,2.24,1.73,0.21,0.22,0.22,3.0,3.0,2.0,8.0,0.0,1.0,0.0,2.0,0.0,1.0,2.0,3.0,6.0,3.0,6.0,3.0,9.0,1.0,1.0,6.0,0.0,0.0,0.21,0.0,0.0,0.0,0.0,0.0,8.61,6.0,6.4,0.0,0.05,0.03,0.03,0.23,0.24,0.24,6.44,0.86,0.38,1.81,0.22,3.4,2.32,0.85,0.8,0.79,4.0,5.0,2.0,11.0,0.0,2.0,0.0,2.0,0.0,3.0,2.0,4.0,9.0,2.0,4.0,8.0,7.0,0.0,7.0,5.0,2.0,2.0,0.1,0.18,0.59,0.0,0.0,0.0,10.13,9.0,8.3,2.0,0.08,0.59,0.59,0.36,0.33,0.31
84763128484258,2025,Manson-Malinski,COL,pairing,5on5,14,2129.0,99.0,0.6,0.6,0.63,19.02,1.63,1.3,5.15,0.66,10.7,7.56,1.59,1.65,1.61,20.0,7.0,14.0,41.0,5.0,1.0,1.0,3.0,0.0,10.0,8.0,15.0,22.0,5.0,13.0,20.0,22.0,2.0,14.0,21.0,5.0,1.0,0.64,0.63,0.36,3.0,1.0,1.0,42.88,27.0,27.84,10.0,0.27,0.36,0.36,1.54,1.56,1.54,11.87,1.09,0.67,2.74,0.34,6.26,4.88,1.08,1.09,1.07,11.0,5.0,11.0,27.0,0.0,1.0,0.0,4.0,0.0,5.0,6.0,11.0,16.0,4.0,11.0,11.0,20.0,1.0,15.0,11.0,4.0,1.0,0.18,0.61,0.29,0.0,0.0,0.0,25.63,16.0,15.5,4.0,0.14,0.29,0.29,0.94,0.92,0.91
84788408482073,2025,Schneider-Borgen,NYR,pairing,5on5,12,963.0,92.0,0.47,0.39,0.45,6.95,0.67,0.45,1.71,0.23,3.42,2.52,0.67,0.66,0.65,4.0,5.0,3.0,12.0,0.0,0.0,0.0,0.0,0.0,4.0,5.0,4.0,9.0,1.0,2.0,7.0,6.0,1.0,6.0,6.0,3.0,0.0,0.31,0.36,0.0,0.0,0.0,0.0,11.91,9.0,8.79,5.0,0.09,0.0,0.0,0.77,0.74,0.74,7.7,0.74,0.49,1.93,0.25,4.42,3.17,0.74,0.71,0.7,5.0,6.0,8.0,19.0,0.0,1.0,0.0,2.0,0.0,4.0,4.0,5.0,11.0,1.0,2.0,6.0,2.0,2.0,7.0,9.0,1.0,1.0,0.32,0.12,0.31,0.0,0.0,0.0,18.85,11.0,10.83,1.0,0.1,0.31,0.31,0.53,0.51,0.51
847574584796718482660,2025,Johnson-Coyle-Olivier,CBJ,line,5on5,4,1322.0,32.0,0.23,0.5,0.44,9.91,0.36,0.51,2.4,0.32,5.87,4.53,0.34,0.38,0.35,11.0,3.0,9.0,23.0,0.0,0.0,0.0,1.0,0.0,6.0,7.0,11.0,14.0,0.0,0.0,14.0,11.0,1.0,6.0,13.0,1.0,0.0,0.27,0.09,0.0,0.0,0.0,0.0,22.41,14.0,13.84,5.0,0.1,0.0,0.0,0.47,0.48,0.46,13.01,1.23,0.85,3.38,0.4,6.99,5.15,1.21,1.2,1.18,13.0,5.0,5.0,23.0,0.0,1.0,0.0,6.0,0.0,6.0,5.0,13.0,18.0,2.0,4.0,10.0,7.0,6.0,7.0,12.0,4.0,2.0,0.22,0.43,0.59,0.0,0.0,0.0,23.56,18.0,18.39,5.0,0.17,0.31,0.31,1.1,1.1,1.07
84740138477220,2025,Schmidt-Cole,UTA,pairing,5on5,15,1434.0,133.0,0.84,0.72,0.77,17.17,1.55,1.04,4.34,0.55,9.6,6.92,1.53,1.6,1.58,17.0,7.0,7.0,31.0,0.0,2.0,0.0,5.0,0.0,7.0,10.0,17.0,24.0,2.0,4.0,9.0,9.0,0.0,8.0,19.0,3.0,2.0,0.46,0.42,0.67,0.0,0.0,0.0,32.14,24.0,24.46,5.0,0.21,0.45,0.45,1.31,1.37,1.36,5.17,0.29,0.25,1.3,0.16,2.82,2.18,0.29,0.28,0.28,4.0,3.0,5.0,12.0,0.0,0.0,0.0,1.0,0.0,2.0,4.0,4.0,7.0,0.0,0.0,7.0,7.0,2.0,8.0,6.0,1.0,0.0,0.12,0.17,0.0,0.0,0.0,0.0,12.0,7.0,7.11,4.0,0.05,0.0,0.0,0.34,0.34,0.34
84808078480839,2025,Dahlin-Samuelsson,BUF,pairing,5on5,12,6228.0,35.0,0.47,0.47,0.45,51.96,4.98,3.49,13.54,1.77,27.06,19.17,4.73,4.88,4.63,52.0,18.0,27.0,97.0,3.0,7.0,0.0,11.0,0.0,26.0,23.0,49.0,67.0,6.0,15.0,54.0,42.0,7.0,23.0,50.0,14.0,6.0,1.58,1.73,1.66,2.0,1.0,0.0,95.01,70.0,68.33,11.0,0.72,1.6,1.6,4.1,3.99,3.93,63.86,5.54,4.0,15.91,2.08,31.42,25.06,5.38,5.72,5.56,50.0,34.0,27.0,111.0,3.0,7.0,0.0,13.0,0.0,29.0,32.0,47.0,81.0,9.0,21.0,48.0,42.0,6.0,29.0,60.0,20.0,4.0,1.81,2.65,1.08,2.0,1.0,0.0,113.77,84.0,86.11,15.0,0.84,0.99,0.99,5.39,5.56,5.42
847847484788318479977,2025,Crouse-Stenlund-Yamamoto,UTA,line,5on5,3,678.0,24.0,0.27,0.48,0.44,8.1,0.41,0.37,2.03,0.25,4.39,3.54,0.41,0.42,0.42,6.0,5.0,4.0,15.0,0.0,0.0,0.0,2.0,0.0,5.0,4.0,6.0,11.0,1.0,2.0,8.0,3.0,0.0,10.0,9.0,2.0,0.0,0.16,0.25,0.0,0.0,0.0,0.0,15.08,11.0,10.89,5.0,0.08,0.0,0.0,0.49,0.5,0.5,9.67,1.09,0.65,2.67,0.37,5.36,3.85,1.07,1.06,1.04,10.0,4.0,2.0,16.0,0.0,2.0,0.0,2.0,0.0,7.0,3.0,10.0,14.0,1.0,2.0,10.0,3.0,0.0,10.0,8.0,4.0,2.0,0.19,0.41,0.5,0.0,0.0,0.0,15.93,14.0,13.95,5.0,0.14,0.5,0.5,0.73,0.7,0.69
847805784784628481711,2025,Maccelli-Roy-Joshua,TOR,line,5on5,6,1586.0,66.0,0.46,0.5,0.45,13.52,1.13,0.92,3.47,0.48,8.33,5.66,1.12,1.09,1.08,12.0,8.0,6.0,26.0,2.0,1.0,0.0,1.0,0.0,8.0,8.0,10.0,18.0,0.0,0.0,20.0,3.0,2.0,12.0,15.0,4.0,1.0,0.5,0.38,0.25,2.0,0.0,0.0,25.4,20.0,19.68,6.0,0.19,0.01,0.01,1.31,1.27,1.26,17.81,1.34,1.2,4.95,0.6,9.12,6.79,1.29,1.38,1.33,13.0,11.0,2.0,26.0,2.0,2.0,0.0,2.0,0.0,11.0,7.0,11.0,22.0,1.0,2.0,11.0,11.0,0.0,9.0,19.0,5.0,0.0,0.61,0.73,0.0,0.0,2.0,0.0,26.34,24.0,24.5,6.0,0.25,0.23,0.23,1.36,1.41,1.36
847456484821468482768,2025,Stamkos-Svechkov-Evangelista,NSH,line,5on5,6,1388.0,44.0,0.44,0.47,0.46,8.31,0.75,0.56,1.87,0.27,4.96,3.59,0.75,0.74,0.74,9.0,3.0,4.0,16.0,0.0,0.0,0.0,0.0,0.0,8.0,4.0,9.0,12.0,3.0,6.0,7.0,2.0,1.0,8.0,7.0,5.0,0.0,0.23,0.52,0.0,0.0,0.0,0.0,16.22,12.0,12.16,3.0,0.12,0.0,0.0,0.86,0.86,0.85,9.86,0.94,0.66,2.34,0.36,5.69,4.0,0.93,0.96,0.94,7.0,7.0,4.0,18.0,1.0,0.0,0.0,2.0,0.0,4.0,7.0,6.0,13.0,3.0,6.0,16.0,14.0,4.0,13.0,10.0,4.0,0.0,0.39,0.55,0.0,0.0,1.0,0.0,18.19,14.0,14.07,4.0,0.14,0.0,0.0,1.08,1.1,1.08
847935984815228482896,2025,Malenstyn-Krebs-Kozak,BUF,line,5on5,3,619.0,18.0,0.31,0.43,0.4,4.25,0.23,0.24,1.18,0.14,2.46,1.74,0.22,0.22,0.22,4.0,2.0,4.0,10.0,0.0,0.0,0.0,0.0,0.0,3.0,3.0,4.0,6.0,0.0,0.0,10.0,7.0,1.0,2.0,5.0,1.0,0.0,0.1,0.13,0.0,0.0,0.0,0.0,9.64,6.0,5.8,2.0,0.05,0.0,0.0,0.28,0.27,0.27,6.4,0.51,0.4,1.71,0.22,3.59,2.57,0.5,0.52,0.52,4.0,5.0,4.0,13.0,0.0,0.0,0.0,0.0,0.0,5.0,4.0,4.0,9.0,0.0,0.0,8.0,4.0,0.0,1.0,7.0,2.0,0.0,0.19,0.32,0.0,0.0,0.0,0.0,13.22,9.0,9.07,1.0,0.08,0.0,0.0,0.59,0.61,0.6
847698184781338480813,2025,Evans-Veleno-Anderson,MTL,line,5on5,5,1711.0,32.0,0.43,0.34,0.38,6.1,0.68,0.37,1.3,0.17,3.16,2.32,0.67,0.68,0.67,6.0,2.0,3.0,11.0,1.0,1.0,0.0,1.0,0.0,1.0,4.0,5.0,7.0,2.0,4.0,16.0,17.0,0.0,6.0,5.0,2.0,1.0,0.18,0.19,0.31,1.0,0.0,0.0,10.86,8.0,7.8,3.0,0.08,0.31,0.31,0.45,0.43,0.43,9.76,0.91,0.5,2.56,0.32,4.75,3.96,0.91,0.98,0.98,10.0,3.0,8.0,21.0,2.0,0.0,0.0,0.0,0.0,3.0,8.0,8.0,11.0,1.0,2.0,11.0,13.0,0.0,9.0,9.0,3.0,1.0,0.29,0.41,0.21,0.0,1.0,1.0,22.14,13.0,13.64,6.0,0.11,0.0,0.0,1.02,1.1,1.09
84789118480873,2025,Sandin-Roy,WSH,pairing,5on5,10,4770.0,45.0,0.51,0.49,0.46,34.69,3.51,2.16,8.56,1.16,17.92,13.69,3.21,3.47,3.17,30.0,17.0,25.0,72.0,2.0,6.0,0.0,7.0,0.0,19.0,13.0,28.0,45.0,4.0,8.0,38.0,42.0,7.0,20.0,31.0,12.0,4.0,0.85,1.42,1.24,2.0,0.0,0.0,70.6,47.0,46.0,8.0,0.45,1.11,1.11,2.85,2.85,2.75,40.72,3.4,2.49,10.07,1.38,21.82,16.84,3.18,3.32,3.11,34.0,22.0,20.0,76.0,1.0,3.0,1.0,8.0,0.0,20.0,24.0,33.0,55.0,4.0,8.0,37.0,40.0,3.0,18.0,43.0,10.0,3.0,1.33,1.21,0.85,0.0,0.0,1.0,73.62,56.0,55.0,6.0,0.52,0.82,0.85,3.06,3.0,2.88
84764578478407,2025,Dunn-Larsson,SEA,pairing,5on5,14,13427.0,20.0,0.42,0.43,0.44,84.6,7.07,5.49,23.01,2.85,46.32,33.26,6.79,7.17,6.89,77.0,41.0,49.0,167.0,6.0,9.0,1.0,14.0,0.0,36.0,53.0,71.0,112.0,10.0,20.0,108.0,68.0,20.0,67.0,89.0,24.0,5.0,2.38,3.19,1.51,2.0,3.0,1.0,167.93,118.0,119.02,30.0,1.15,1.58,1.58,6.64,6.69,6.55,109.34,9.92,7.17,27.5,3.7,60.79,43.91,9.59,9.93,9.6,91.0,62.0,70.0,223.0,10.0,9.0,0.0,22.0,0.0,61.0,51.0,81.0,143.0,7.0,14.0,121.0,84.0,9.0,66.0,115.0,25.0,13.0,3.09,3.21,3.61,6.0,2.0,2.0,223.91,153.0,153.2,18.0,1.48,1.93,1.93,9.47,9.49,9.3
847167584764838482758,2025,Rakell-Crosby-Koivunen,PIT,line,5on5,2,1028.0,4.0,0.52,0.51,0.55,8.4,0.81,0.48,1.9,0.24,4.14,3.42,0.77,0.84,0.79,7.0,4.0,8.0,19.0,0.0,0.0,0.0,1.0,0.0,6.0,4.0,7.0,11.0,2.0,4.0,12.0,4.0,0.0,7.0,8.0,2.0,1.0,0.22,0.25,0.34,0.0,0.0,0.0,20.28,11.0,11.65,3.0,0.1,0.0,0.0,0.91,0.94,0.89,5.89,0.75,0.44,1.5,0.22,3.68,2.41,0.74,0.71,0.71,6.0,3.0,9.0,18.0,0.0,1.0,0.0,0.0,0.0,5.0,3.0,6.0,9.0,2.0,4.0,11.0,7.0,2.0,4.0,5.0,3.0,1.0,0.1,0.33,0.31,0.0,0.0,0.0,17.17,9.0,8.52,2.0,0.09,0.31,0.31,0.53,0.51,0.51
848081384827378483424,2025,Veleno-Beck-Bolduc,MTL,line,5on5,2,856.0,8.0,0.28,0.48,0.52,7.51,0.41,0.45,1.85,0.24,4.79,3.27,0.39,0.4,0.38,5.0,6.0,4.0,15.0,0.0,0.0,0.0,2.0,0.0,4.0,5.0,5.0,11.0,2.0,7.0,9.0,9.0,1.0,2.0,10.0,1.0,0.0,0.28,0.12,0.0,0.0,0.0,0.0,15.13,11.0,11.27,2.0,0.09,0.0,0.0,0.49,0.48,0.46,7.88,1.02,0.45,2.2,0.27,3.38,2.67,1.02,1.05,1.05,7.0,3.0,6.0,16.0,1.0,1.0,0.0,0.0,0.0,4.0,4.0,6.0,9.0,2.0,7.0,6.0,10.0,0.0,2.0,5.0,3.0,2.0,0.15,0.39,0.48,0.0,1.0,0.0,16.21,10.0,10.23,0.0,0.1,0.14,0.14,0.98,1.0,1.0
847464184775088479365,2025,Frederic-Henrique-Lazar,EDM,line,5on5,2,682.0,18.0,0.52,0.45,0.58,4.8,0.26,0.31,1.28,0.19,2.83,2.13,0.25,0.25,0.25,3.0,4.0,2.0,9.0,0.0,0.0,0.0,1.0,0.0,3.0,3.0,3.0,7.0,0.0,0.0,5.0,12.0,1.0,1.0,6.0,1.0,0.0,0.13,0.13,0.0,0.0,0.0,0.0,8.67,7.0,6.78,0.0,0.06,0.0,0.0,0.32,0.32,0.31,3.53,0.23,0.19,0.9,0.12,2.05,1.51,0.23,0.23,0.23,4.0,1.0,6.0,11.0,0.0,0.0,0.0,0.0,0.0,2.0,3.0,4.0,5.0,0.0,0.0,3.0,5.0,1.0,4.0,3.0,2.0,0.0,0.04,0.19,0.0,0.0,0.0,0.0,11.27,5.0,5.07,3.0,0.04,0.0,0.0,0.27,0.27,0.27
847846384815808484186,2025,Beauvillier-Mcmichael-Leonard,WSH,line,5on5,4,691.0,27.0,0.78,0.6,0.64,6.86,1.04,0.45,1.63,0.2,3.3,2.38,0.94,1.12,1.02,6.0,3.0,3.0,12.0,0.0,1.0,0.0,2.0,0.0,2.0,4.0,6.0,9.0,0.0,0.0,3.0,2.0,2.0,2.0,5.0,2.0,2.0,0.11,0.26,0.68,0.0,0.0,0.0,12.42,9.0,9.42,1.0,0.09,0.2,0.2,0.93,1.0,0.99,3.59,0.29,0.28,0.88,0.11,2.06,1.39,0.29,0.27,0.27,5.0,0.0,3.0,8.0,0.0,0.0,0.0,1.0,0.0,4.0,0.0,5.0,5.0,0.0,0.0,6.0,4.0,1.0,2.0,3.0,2.0,0.0,0.05,0.24,0.0,0.0,0.0,0.0,7.65,5.0,4.75,1.0,0.06,0.0,0.0,0.35,0.33,0.33
84774988480831,2025,Nurse-Regula,EDM,pairing,5on5,3,2057.0,7.0,0.57,0.46,0.49,14.85,0.98,0.87,4.09,0.47,8.06,5.52,0.92,0.94,0.89,15.0,5.0,6.0,26.0,0.0,2.0,0.0,4.0,0.0,8.0,6.0,15.0,20.0,1.0,2.0,18.0,22.0,1.0,7.0,16.0,2.0,2.0,0.26,0.23,0.48,0.0,0.0,0.0,25.74,20.0,19.97,1.0,0.18,0.28,0.28,0.88,0.85,0.85,16.07,0.74,0.91,3.89,0.52,8.29,6.65,0.73,0.79,0.78,13.0,8.0,10.0,31.0,2.0,0.0,0.0,1.0,0.0,8.0,10.0,11.0,19.0,2.0,4.0,17.0,17.0,2.0,16.0,19.0,2.0,0.0,0.54,0.2,0.0,2.0,0.0,0.0,33.12,21.0,21.68,6.0,0.19,0.0,0.0,0.93,0.99,0.98
847843884808428481577,2025,Hallander-Novak-Tomasino,PIT,line,5on5,3,1054.0,21.0,0.31,0.38,0.25,3.01,0.29,0.22,0.67,0.08,1.63,1.11,0.29,0.29,0.29,1.0,3.0,7.0,11.0,0.0,0.0,0.0,0.0,0.0,1.0,3.0,1.0,4.0,0.0,0.0,5.0,5.0,0.0,4.0,3.0,1.0,0.0,0.11,0.18,0.0,0.0,0.0,0.0,11.02,4.0,3.98,1.0,0.05,0.0,0.0,0.34,0.34,0.34,9.18,0.65,0.5,1.92,0.27,4.56,4.1,0.65,0.65,0.65,10.0,2.0,6.0,18.0,0.0,0.0,0.0,2.0,0.0,4.0,6.0,10.0,12.0,0.0,0.0,6.0,13.0,2.0,1.0,9.0,3.0,0.0,0.23,0.42,0.0,0.0,0.0,0.0,17.73,12.0,11.86,0.0,0.1,0.0,0.0,0.75,0.76,0.76
848002784821458482740,2025,Robertson-Johnston-Bourque,DAL,line,5on5,12,4538.0,48.0,0.59,0.5,0.54,51.4,4.93,3.3,12.75,1.67,26.22,19.14,4.71,4.82,4.61,52.0,16.0,14.0,82.0,0.0,4.0,0.0,14.0,0.0,24.0,26.0,52.0,68.0,4.0,8.0,41.0,23.0,5.0,18.0,46.0,18.0,4.0,1.41,2.22,1.3,0.0,0.0,0.0,79.49,68.0,65.83,12.0,0.69,1.07,1.07,4.54,4.44,4.33,41.96,3.47,2.55,11.76,1.53,21.33,16.37,3.42,3.54,3.49,35.0,22.0,25.0,82.0,3.0,4.0,0.0,8.0,0.0,23.0,19.0,32.0,54.0,4.0,8.0,39.0,43.0,4.0,20.0,42.0,12.0,3.0,1.41,1.37,0.69,1.0,2.0,0.0,84.13,57.0,58.57,8.0,0.54,0.61,0.61,3.4,3.49,3.47
847646184784398480015,2025,Konecny-Couturier-Tippett,PHI,line,5on5,8,3128.0,53.0,0.57,0.57,0.57,31.89,2.44,2.08,8.15,1.08,17.84,12.4,2.4,2.38,2.34,31.0,13.0,12.0,56.0,2.0,2.0,0.0,8.0,0.0,15.0,17.0,29.0,42.0,5.0,13.0,38.0,19.0,3.0,20.0,37.0,4.0,3.0,1.05,0.55,0.85,1.0,0.0,1.0,55.16,44.0,43.27,2.0,0.43,0.4,0.4,2.48,2.42,2.4,24.6,1.82,1.46,6.57,0.82,13.01,9.31,1.78,1.89,1.84,21.0,12.0,10.0,43.0,3.0,3.0,0.0,5.0,0.0,8.0,14.0,18.0,30.0,4.0,11.0,24.0,9.0,5.0,20.0,28.0,3.0,2.0,0.89,0.39,0.54,2.0,1.0,0.0,44.14,33.0,34.16,8.0,0.3,0.58,0.58,1.55,1.62,1.59
847410284802088481528,2025,Perron-Cozens-Batherson,OTT,line,5on5,4,1462.0,19.0,0.63,0.48,0.52,9.07,0.99,0.6,2.2,0.28,4.72,3.19,0.98,0.99,0.98,7.0,5.0,4.0,16.0,0.0,2.0,0.0,4.0,0.0,2.0,4.0,7.0,12.0,0.0,0.0,10.0,10.0,1.0,10.0,8.0,3.0,1.0,0.24,0.43,0.33,0.0,0.0,0.0,15.42,12.0,11.71,5.0,0.12,0.32,0.32,0.8,0.8,0.79,7.17,0.58,0.43,1.69,0.26,4.64,3.39,0.56,0.6,0.57,5.0,6.0,6.0,17.0,2.0,0.0,0.0,2.0,0.0,2.0,5.0,3.0,9.0,0.0,0.0,9.0,9.0,4.0,3.0,9.0,2.0,0.0,0.37,0.21,0.0,1.0,1.0,0.0,17.29,11.0,11.1,2.0,0.09,0.0,0.0,0.67,0.69,0.66
847842184793168479981,2025,Greer-Kunin-Gadjovich,FLA,line,5on5,9,3148.0,31.0,0.51,0.4,0.4,16.32,1.37,1.06,4.38,0.52,8.72,5.95,1.34,1.36,1.33,15.0,7.0,14.0,36.0,2.0,0.0,0.0,9.0,0.0,6.0,5.0,13.0,20.0,8.0,19.0,28.0,52.0,3.0,14.0,17.0,4.0,1.0,0.55,0.58,0.24,1.0,0.0,1.0,36.71,22.0,22.19,7.0,0.22,0.0,0.0,1.6,1.58,1.54,22.32,1.31,1.41,6.52,0.82,13.12,9.82,1.31,1.32,1.32,20.0,13.0,21.0,54.0,1.0,2.0,0.0,3.0,0.0,13.0,14.0,19.0,32.0,6.0,15.0,36.0,31.0,4.0,20.0,30.0,3.0,0.0,0.89,0.42,0.0,0.0,1.0,0.0,54.58,33.0,33.38,5.0,0.29,0.05,0.05,1.55,1.56,1.56
84795768484806,2025,Dickinson-Desharnais,SJS,pairing,5on5,9,4420.0,31.0,0.7,0.58,0.6,39.75,4.77,3.02,9.58,1.39,21.28,14.95,4.37,4.67,4.28,41.0,14.0,17.0,72.0,4.0,6.0,0.0,10.0,0.0,17.0,18.0,37.0,51.0,2.0,4.0,28.0,40.0,7.0,16.0,36.0,13.0,6.0,1.1,1.79,1.88,2.0,1.0,1.0,70.25,55.0,54.02,7.0,0.63,1.67,1.67,3.74,3.72,3.56,27.08,2.05,1.76,6.71,0.83,14.43,10.22,2.04,2.04,2.03,24.0,12.0,17.0,53.0,3.0,2.0,0.0,7.0,0.0,11.0,13.0,21.0,33.0,4.0,8.0,33.0,31.0,4.0,21.0,30.0,3.0,3.0,0.91,0.35,0.79,2.0,0.0,1.0,53.2,36.0,36.03,13.0,0.37,0.13,0.13,2.29,2.28,2.27
84835038484839,2025,Pickering-Brunicke,PIT,pairing,5on5,2,803.0,9.0,0.47,0.6,0.5,6.17,0.74,0.36,1.78,0.23,3.35,2.53,0.73,0.81,0.8,5.0,4.0,6.0,15.0,0.0,1.0,0.0,0.0,0.0,2.0,6.0,5.0,9.0,1.0,2.0,4.0,2.0,3.0,2.0,6.0,2.0,1.0,0.13,0.36,0.25,0.0,0.0,0.0,16.65,9.0,9.79,0.0,0.08,0.25,0.25,0.57,0.6,0.6,6.58,0.85,0.61,1.44,0.24,3.34,2.51,0.75,0.83,0.73,6.0,3.0,1.0,10.0,4.0,2.0,1.0,1.0,0.0,1.0,1.0,2.0,5.0,0.0,0.0,7.0,11.0,2.0,6.0,5.0,2.0,2.0,0.12,0.24,0.49,2.0,1.0,1.0,9.77,9.0,8.82,1.0,0.13,0.49,0.49,0.49,0.47,0.46
847523184816018484958,2025,Holmstrom-Cizikas-Tsyplakov,NYI,line,5on5,3,616.0,16.0,0.2,0.42,0.37,5.09,0.18,0.29,1.42,0.17,2.96,2.0,0.18,0.17,0.17,4.0,3.0,3.0,10.0,1.0,1.0,0.0,1.0,0.0,2.0,2.0,3.0,6.0,2.0,4.0,1.0,2.0,1.0,3.0,7.0,0.0,0.0,0.18,0.0,0.0,1.0,0.0,0.0,9.61,7.0,6.86,3.0,0.06,0.02,0.02,0.21,0.21,0.21,8.9,0.72,0.6,1.94,0.24,4.8,3.69,0.72,0.75,0.75,9.0,3.0,2.0,14.0,3.0,0.0,0.0,1.0,0.0,6.0,2.0,6.0,9.0,0.0,0.0,8.0,5.0,2.0,1.0,8.0,4.0,0.0,0.24,0.48,0.0,2.0,1.0,0.0,15.0,12.0,12.53,1.0,0.13,0.0,0.0,0.85,0.88,0.88
84810068482733,2025,Tucker-Mailloux,STL,pairing,5on5,9,3584.0,39.0,0.46,0.52,0.51,28.7,2.54,1.99,7.02,1.06,15.27,11.13,2.37,2.47,2.3,21.0,18.0,15.0,54.0,1.0,6.0,0.0,7.0,0.0,8.0,17.0,20.0,38.0,4.0,11.0,22.0,43.0,6.0,14.0,29.0,5.0,5.0,0.81,0.66,1.07,0.0,1.0,0.0,50.83,39.0,37.19,8.0,0.41,0.62,0.62,2.33,2.25,2.23,27.86,3.01,1.9,5.91,0.87,14.09,11.22,2.86,3.18,3.02,20.0,17.0,13.0,50.0,6.0,2.0,1.0,0.0,0.0,13.0,16.0,14.0,31.0,4.0,11.0,20.0,26.0,2.0,13.0,21.0,12.0,4.0,0.48,1.6,0.94,2.0,2.0,2.0,54.29,37.0,39.35,2.0,0.4,0.5,0.5,2.92,3.09,2.99
847795184793438480855,2025,Schmaltz-Mcbain-Keller,UTA,line,5on5,5,1228.0,44.0,0.5,0.44,0.52,11.57,1.3,0.75,3.1,0.34,5.63,3.88,1.24,1.34,1.27,12.0,3.0,4.0,19.0,1.0,3.0,0.0,5.0,0.0,4.0,2.0,11.0,14.0,2.0,4.0,5.0,4.0,0.0,8.0,11.0,1.0,3.0,0.31,0.14,0.85,0.0,0.0,1.0,18.98,15.0,14.93,2.0,0.16,0.56,0.56,0.9,0.93,0.91,10.6,1.3,0.68,2.69,0.35,5.26,3.74,1.21,1.28,1.2,6.0,8.0,10.0,24.0,1.0,4.0,0.0,0.0,0.0,4.0,5.0,5.0,13.0,0.0,0.0,14.0,13.0,2.0,7.0,9.0,3.0,2.0,0.3,0.45,0.54,1.0,0.0,0.0,24.02,14.0,14.26,5.0,0.14,0.7,0.7,0.73,0.73,0.72
847646984815328482408,2025,Malott-Turcotte-Armia,LAK,line,5on5,8,1154.0,70.0,0.71,0.6,0.6,8.48,0.73,0.58,2.05,0.28,4.84,3.52,0.73,0.76,0.75,7.0,5.0,6.0,18.0,1.0,1.0,0.0,1.0,0.0,6.0,3.0,6.0,11.0,2.0,7.0,10.0,16.0,2.0,4.0,9.0,2.0,1.0,0.31,0.2,0.23,0.0,0.0,1.0,17.7,12.0,12.2,2.0,0.12,0.04,0.04,0.82,0.84,0.84,5.38,0.3,0.32,1.43,0.17,3.33,2.44,0.3,0.3,0.3,8.0,0.0,4.0,12.0,1.0,0.0,0.0,1.0,0.0,3.0,3.0,7.0,7.0,1.0,5.0,7.0,15.0,0.0,4.0,7.0,1.0,0.0,0.2,0.1,0.0,1.0,0.0,0.0,11.86,8.0,8.16,1.0,0.07,0.0,0.0,0.37,0.37,0.36
84769238478460,2025,Werenski-Severson,CBJ,pairing,5on5,13,1284.0,85.0,0.63,0.67,0.67,17.42,1.72,1.13,4.37,0.58,9.4,6.8,1.67,1.72,1.67,18.0,6.0,10.0,34.0,1.0,1.0,0.0,7.0,0.0,8.0,7.0,17.0,23.0,2.0,4.0,17.0,15.0,1.0,8.0,17.0,6.0,1.0,0.56,0.83,0.33,1.0,0.0,0.0,33.43,24.0,23.79,2.0,0.24,0.33,0.51,1.45,1.48,1.46,9.18,0.99,0.74,2.12,0.29,4.65,3.21,0.92,0.98,0.92,11.0,1.0,5.0,17.0,1.0,2.0,1.0,3.0,0.0,2.0,4.0,10.0,11.0,1.0,2.0,14.0,8.0,1.0,8.0,8.0,3.0,1.0,0.24,0.47,0.28,0.0,0.0,1.0,17.5,12.0,12.25,3.0,0.16,0.46,0.46,0.68,0.68,0.66
84764228484428,2025,Reilly-Legault,CAR,pairing,5on5,7,4176.0,25.0,0.52,0.55,0.56,36.21,2.7,2.18,10.0,1.22,19.12,13.79,2.63,2.8,2.73,29.0,20.0,19.0,68.0,1.0,2.0,0.0,6.0,0.0,25.0,15.0,28.0,48.0,5.0,10.0,37.0,23.0,6.0,20.0,39.0,7.0,3.0,1.07,0.82,0.81,1.0,0.0,0.0,70.95,49.0,50.98,7.0,0.45,0.6,0.6,2.55,2.66,2.61,28.49,2.54,1.8,7.15,0.96,15.31,11.24,2.44,2.44,2.34,25.0,14.0,17.0,56.0,0.0,3.0,0.0,4.0,0.0,10.0,22.0,25.0,39.0,4.0,8.0,41.0,40.0,10.0,15.0,27.0,10.0,2.0,0.79,1.18,0.56,0.0,0.0,0.0,53.67,39.0,37.75,10.0,0.37,0.67,0.67,2.24,2.16,2.09
84784168482929,2025,Lilleberg-Cernak,TBL,pairing,5on5,12,687.0,110.0,0.37,0.43,0.5,3.62,0.18,0.18,1.05,0.13,2.03,1.43,0.17,0.17,0.17,2.0,3.0,1.0,6.0,0.0,1.0,0.0,0.0,0.0,2.0,2.0,2.0,5.0,1.0,2.0,1.0,5.0,0.0,4.0,4.0,1.0,0.0,0.09,0.09,0.0,0.0,0.0,0.0,6.33,5.0,5.23,1.0,0.04,0.09,0.09,0.13,0.13,0.13,3.49,0.3,0.18,0.8,0.1,2.06,1.56,0.3,0.29,0.29,3.0,2.0,3.0,8.0,1.0,0.0,0.0,0.0,0.0,0.0,4.0,2.0,4.0,0.0,0.0,1.0,7.0,1.0,4.0,4.0,1.0,0.0,0.16,0.14,0.0,1.0,0.0,0.0,7.58,5.0,4.7,3.0,0.04,0.0,0.0,0.33,0.33,0.33
847360484768718480113,2025,Iafallo-Toews-Pearson,WPG,line,5on5,5,1033.0,41.0,0.36,0.31,0.28,5.55,0.91,0.42,1.26,0.17,2.49,1.75,0.85,0.95,0.89,2.0,5.0,4.0,11.0,0.0,2.0,0.0,1.0,0.0,2.0,2.0,2.0,7.0,3.0,6.0,12.0,9.0,1.0,4.0,3.0,1.0,3.0,0.08,0.16,0.68,0.0,0.0,0.0,12.05,7.0,7.48,3.0,0.09,0.4,0.4,0.6,0.63,0.63,12.83,1.6,1.06,3.09,0.47,6.88,4.9,1.51,1.55,1.47,11.0,7.0,7.0,25.0,1.0,4.0,0.0,0.0,0.0,8.0,5.0,10.0,17.0,1.0,2.0,4.0,5.0,2.0,7.0,12.0,3.0,3.0,0.29,0.43,0.88,1.0,0.0,0.0,23.05,18.0,16.6,3.0,0.22,0.89,0.89,0.93,0.88,0.86
847744484827038484144,2025,Burakovsky-Bedard-Dach,CHI,line,5on5,9,2736.0,50.0,0.2,0.39,0.37,16.38,0.92,1.01,4.25,0.54,9.53,6.75,0.88,0.94,0.91,17.0,6.0,7.0,30.0,1.0,2.0,0.0,5.0,0.0,6.0,9.0,16.0,22.0,2.0,4.0,16.0,32.0,9.0,13.0,19.0,4.0,0.0,0.48,0.43,0.0,1.0,0.0,0.0,30.92,23.0,23.55,7.0,0.21,0.18,0.18,0.94,0.98,0.93,30.58,3.7,2.13,7.15,0.91,14.96,11.15,3.49,3.57,3.37,26.0,14.0,6.0,46.0,2.0,3.0,1.0,6.0,0.0,16.0,13.0,24.0,38.0,6.0,12.0,20.0,17.0,1.0,18.0,22.0,13.0,5.0,0.55,1.76,1.39,0.0,1.0,1.0,44.95,40.0,38.93,7.0,0.45,0.83,0.83,3.32,3.23,3.15
847641984816018485702,2025,Shabanov-Pageau-Holmstrom,NYI,line,5on5,2,925.0,7.0,0.29,0.39,0.41,7.83,0.76,0.46,2.01,0.27,4.44,3.06,0.74,0.73,0.71,5.0,6.0,2.0,13.0,1.0,0.0,0.0,0.0,0.0,7.0,3.0,4.0,10.0,1.0,2.0,11.0,8.0,2.0,6.0,8.0,2.0,1.0,0.27,0.27,0.22,1.0,0.0,0.0,12.3,11.0,10.39,5.0,0.09,0.0,0.0,0.85,0.82,0.8,12.55,1.84,0.91,2.94,0.41,5.61,4.29,1.73,1.89,1.77,15.0,1.0,4.0,20.0,2.0,3.0,0.0,2.0,0.0,7.0,2.0,13.0,14.0,1.0,2.0,7.0,10.0,1.0,4.0,7.0,5.0,4.0,0.2,0.62,1.03,1.0,1.0,0.0,21.33,16.0,16.87,2.0,0.19,0.82,0.82,1.21,1.27,1.21
84770188480727,2025,Hutton-Whitecloud,VGK,pairing,5on5,10,7058.0,30.0,0.49,0.53,0.51,65.16,5.86,4.48,16.52,2.23,34.73,25.18,5.69,5.94,5.76,60.0,29.0,49.0,138.0,9.0,7.0,2.0,16.0,0.0,31.0,26.0,51.0,80.0,8.0,19.0,62.0,51.0,3.0,35.0,65.0,19.0,5.0,1.88,2.53,1.46,4.0,5.0,0.0,138.85,89.0,89.6,16.0,0.94,1.28,1.28,5.52,5.57,5.48,65.27,6.22,4.16,16.83,2.16,33.41,24.22,5.99,6.23,6.0,59.0,28.0,35.0,122.0,7.0,8.0,4.0,17.0,0.0,26.0,29.0,52.0,80.0,10.0,23.0,44.0,66.0,9.0,33.0,61.0,20.0,6.0,1.66,2.87,1.7,1.0,3.0,3.0,122.63,87.0,87.38,17.0,0.87,1.79,1.79,5.3,5.26,5.12
847576884769058480009,2025,Schwartz-Stephenson-Tolvanen,SEA,line,5on5,8,3455.0,29.0,0.38,0.41,0.38,20.92,1.55,1.44,4.79,0.64,12.52,9.05,1.53,1.59,1.57,19.0,11.0,19.0,49.0,3.0,1.0,0.0,7.0,0.0,5.0,14.0,16.0,27.0,6.0,12.0,32.0,23.0,9.0,19.0,23.0,7.0,0.0,0.68,0.87,0.0,3.0,0.0,0.0,49.39,30.0,30.11,9.0,0.29,0.1,0.1,1.74,1.78,1.76,35.68,2.54,2.2,9.5,1.27,19.65,14.85,2.51,2.51,2.48,33.0,17.0,22.0,72.0,3.0,2.0,0.0,10.0,0.0,20.0,15.0,30.0,47.0,1.0,2.0,30.0,23.0,8.0,12.0,44.0,3.0,3.0,1.25,0.42,0.86,2.0,0.0,1.0,73.24,50.0,50.91,4.0,0.45,0.04,0.04,2.95,2.92,2.88
84753248482105,2025,Sanderson-Jensen,OTT,pairing,5on5,14,716.0,104.0,0.36,0.44,0.56,7.43,0.47,0.42,1.56,0.22,4.19,3.14,0.47,0.47,0.47,5.0,5.0,1.0,11.0,0.0,0.0,0.0,2.0,0.0,3.0,5.0,5.0,10.0,0.0,0.0,1.0,5.0,0.0,5.0,7.0,3.0,0.0,0.19,0.29,0.0,0.0,0.0,0.0,10.78,10.0,9.85,1.0,0.09,0.0,0.0,0.56,0.56,0.56,6.26,0.85,0.41,1.27,0.19,2.99,2.29,0.8,0.81,0.77,6.0,2.0,6.0,14.0,4.0,1.0,1.0,0.0,0.0,2.0,1.0,2.0,4.0,1.0,2.0,0.0,6.0,2.0,1.0,3.0,4.0,1.0,0.09,0.51,0.25,0.0,3.0,1.0,13.57,8.0,7.84,0.0,0.08,0.25,0.25,0.69,0.67,0.67
848217584826998483431,2025,Guenther-Cooley-Peterka,UTA,line,5on5,14,8452.0,26.0,0.57,0.54,0.55,76.3,6.73,4.78,19.33,2.58,41.05,30.53,6.58,6.86,6.71,70.0,35.0,41.0,146.0,12.0,5.0,0.0,25.0,0.0,32.0,31.0,58.0,93.0,8.0,16.0,59.0,36.0,12.0,46.0,78.0,21.0,6.0,2.27,2.6,1.86,6.0,4.0,2.0,148.76,105.0,107.23,18.0,0.99,1.17,1.17,6.55,6.75,6.63,61.9,5.0,3.92,14.78,1.9,34.42,24.98,4.82,4.96,4.77,63.0,22.0,38.0,123.0,7.0,4.0,0.0,11.0,0.0,36.0,27.0,56.0,78.0,8.0,16.0,81.0,59.0,13.0,46.0,63.0,20.0,2.0,1.74,2.68,0.58,3.0,4.0,0.0,121.35,85.0,84.4,21.0,0.81,0.67,0.67,5.14,5.06,4.94
84809508483425,2025,Bichsel-Lyubushkin,DAL,pairing,5on5,12,1880.0,96.0,0.35,0.34,0.38,12.97,1.17,0.81,3.58,0.42,6.3,4.72,1.17,1.25,1.24,10.0,7.0,4.0,21.0,1.0,2.0,0.0,1.0,0.0,5.0,8.0,9.0,16.0,5.0,12.0,16.0,18.0,2.0,20.0,11.0,5.0,1.0,0.28,0.59,0.3,0.0,0.0,1.0,21.92,17.0,17.76,13.0,0.17,0.18,0.18,1.16,1.22,1.22,20.92,2.23,1.35,5.86,0.73,10.61,7.22,2.06,2.16,2.01,20.0,8.0,13.0,41.0,0.0,4.0,0.0,1.0,0.0,14.0,9.0,20.0,28.0,2.0,4.0,9.0,19.0,2.0,4.0,18.0,6.0,4.0,0.48,0.63,1.12,0.0,0.0,0.0,40.3,28.0,27.83,2.0,0.28,0.65,0.65,1.86,1.81,1.69
84821668484806,2025,Mukhamadullin-Dickinson,SJS,pairing,5on5,3,1190.0,14.0,0.64,0.4,0.43,10.22,1.36,0.81,2.82,0.4,4.57,3.04,1.21,1.38,1.23,12.0,1.0,3.0,16.0,1.0,3.0,1.0,1.0,0.0,6.0,2.0,11.0,12.0,0.0,0.0,11.0,9.0,1.0,4.0,7.0,4.0,2.0,0.22,0.45,0.68,1.0,0.0,0.0,17.13,13.0,13.52,2.0,0.17,0.48,0.48,1.05,1.06,1.02,11.71,0.75,0.86,3.08,0.43,7.02,4.85,0.74,0.75,0.74,13.0,4.0,7.0,24.0,0.0,0.0,0.0,2.0,0.0,11.0,4.0,13.0,17.0,0.0,0.0,12.0,15.0,3.0,4.0,14.0,3.0,0.0,0.32,0.43,0.0,0.0,0.0,0.0,22.42,17.0,16.26,3.0,0.18,0.0,0.0,0.93,0.93,0.91
84745678484798,2025,Buium-Bogosian,MIN,pairing,5on5,4,1684.0,18.0,0.4,0.46,0.42,11.33,0.95,0.67,2.68,0.41,6.35,4.93,0.87,0.98,0.9,12.0,4.0,8.0,24.0,0.0,2.0,0.0,1.0,0.0,6.0,7.0,12.0,16.0,2.0,4.0,15.0,17.0,2.0,6.0,13.0,2.0,1.0,0.37,0.25,0.33,0.0,0.0,0.0,24.05,16.0,16.04,5.0,0.14,0.37,0.37,0.72,0.73,0.72,16.23,1.42,1.0,4.07,0.58,8.37,6.57,1.41,1.39,1.38,16.0,6.0,6.0,28.0,0.0,2.0,0.0,2.0,0.0,11.0,7.0,16.0,22.0,0.0,0.0,13.0,9.0,4.0,7.0,15.0,6.0,1.0,0.37,0.75,0.3,0.0,0.0,0.0,27.94,22.0,21.91,4.0,0.21,0.16,0.16,1.46,1.43,1.43
847931884815828482720,2025,Robertson-Matthews-Knies,TOR,line,5on5,7,1124.0,60.0,0.5,0.44,0.46,9.33,1.37,0.51,2.12,0.31,4.17,3.52,1.32,1.42,1.36,8.0,4.0,4.0,16.0,2.0,2.0,0.0,0.0,0.0,3.0,5.0,6.0,10.0,1.0,2.0,15.0,10.0,2.0,4.0,8.0,1.0,3.0,0.29,0.1,0.98,2.0,0.0,0.0,16.1,12.0,12.23,2.0,0.11,0.7,0.7,0.77,0.78,0.76,10.78,1.35,0.69,2.9,0.34,5.09,3.63,1.33,1.4,1.38,11.0,3.0,6.0,20.0,0.0,1.0,0.0,4.0,0.0,6.0,3.0,11.0,14.0,1.0,2.0,8.0,2.0,1.0,7.0,9.0,3.0,2.0,0.29,0.42,0.64,0.0,0.0,0.0,20.38,14.0,14.48,4.0,0.15,0.43,0.43,1.07,1.1,1.1
847514984774518478508,2025,Johansson-Hartman-Trenin,MIN,line,5on5,4,1097.0,41.0,0.76,0.51,0.65,13.08,1.86,0.87,2.61,0.39,6.19,5.09,1.83,1.84,1.81,14.0,3.0,2.0,19.0,2.0,2.0,0.0,4.0,0.0,4.0,5.0,12.0,15.0,0.0,0.0,11.0,8.0,3.0,6.0,9.0,4.0,4.0,0.16,0.54,1.16,1.0,1.0,0.0,19.43,17.0,17.33,1.0,0.18,0.65,0.65,1.4,1.42,1.4,6.36,0.6,0.48,1.56,0.29,3.57,2.52,0.6,0.59,0.59,5.0,4.0,9.0,18.0,1.0,1.0,0.0,0.0,0.0,3.0,4.0,4.0,8.0,0.0,0.0,8.0,19.0,1.0,4.0,7.0,1.0,1.0,0.21,0.18,0.21,0.0,1.0,0.0,18.33,9.0,8.9,0.0,0.1,0.01,0.01,0.69,0.68,0.68
84821788483490,2025,Mintyukov-Moore,ANA,pairing,5on5,8,3735.0,34.0,0.47,0.52,0.48,28.26,3.54,2.01,6.57,0.98,15.08,10.81,3.41,3.62,3.48,25.0,14.0,21.0,60.0,2.0,3.0,1.0,5.0,0.0,21.0,8.0,23.0,37.0,7.0,14.0,19.0,27.0,7.0,18.0,23.0,10.0,6.0,0.72,1.3,1.52,0.0,2.0,0.0,63.77,39.0,40.85,11.0,0.42,0.65,0.65,3.31,3.41,3.31,31.77,4.02,2.14,7.21,1.05,15.94,11.64,3.88,3.98,3.84,24.0,18.0,13.0,55.0,3.0,5.0,1.0,5.0,0.0,17.0,12.0,21.0,39.0,6.0,12.0,30.0,28.0,5.0,24.0,24.0,12.0,6.0,0.79,1.37,1.86,0.0,2.0,1.0,54.3,42.0,41.51,10.0,0.45,1.31,1.31,3.16,3.1,3.0
847574584796718482705,2025,Sillinger-Coyle-Olivier,CBJ,line,5on5,11,5869.0,37.0,0.55,0.48,0.5,56.57,5.77,3.25,14.95,1.82,27.66,21.56,5.35,5.68,5.28,50.0,25.0,17.0,92.0,8.0,9.0,2.0,13.0,0.0,24.0,21.0,42.0,67.0,7.0,23.0,65.0,51.0,11.0,20.0,54.0,14.0,7.0,1.33,1.82,2.61,4.0,2.0,2.0,91.61,75.0,75.04,7.0,0.68,2.94,2.94,3.51,3.52,3.43,53.41,4.67,3.6,14.14,1.86,29.42,20.31,4.23,4.71,4.24,48.0,26.0,24.0,98.0,3.0,7.0,1.0,11.0,0.0,29.0,24.0,45.0,71.0,3.0,12.0,44.0,34.0,8.0,26.0,54.0,15.0,5.0,1.7,1.68,1.29,1.0,1.0,1.0,96.71,74.0,73.27,12.0,0.74,1.38,1.38,4.03,4.02,3.86
847783984793908481704,2025,Sheary-Parssinen-Raddysh,NYR,line,5on5,3,1224.0,14.0,0.54,0.46,0.5,6.76,0.35,0.37,1.7,0.21,4.35,3.01,0.35,0.36,0.36,4.0,6.0,3.0,13.0,1.0,0.0,0.0,2.0,0.0,3.0,4.0,3.0,9.0,0.0,0.0,6.0,8.0,4.0,3.0,9.0,1.0,0.0,0.23,0.12,0.0,0.0,1.0,0.0,12.83,10.0,9.94,1.0,0.07,0.0,0.0,0.42,0.43,0.43,6.65,0.3,0.4,1.77,0.23,4.3,3.0,0.3,0.3,0.3,7.0,3.0,5.0,15.0,0.0,0.0,0.0,3.0,1.0,1.0,5.0,7.0,10.0,0.0,0.0,10.0,3.0,1.0,3.0,9.0,1.0,0.0,0.21,0.09,0.0,0.0,0.0,0.0,14.9,10.0,10.15,2.0,0.08,0.0,0.0,0.38,0.38,0.38
847688084815808482148,2025,Lapierre-Mcmichael-Wilson,WSH,line,5on5,3,1053.0,10.0,0.67,0.72,0.69,17.11,2.17,1.24,4.13,0.61,9.32,6.54,1.82,2.28,1.9,17.0,7.0,10.0,34.0,1.0,4.0,0.0,4.0,0.0,8.0,7.0,16.0,23.0,0.0,0.0,7.0,2.0,6.0,5.0,15.0,5.0,4.0,0.47,0.61,1.08,1.0,0.0,0.0,35.82,24.0,24.86,2.0,0.26,0.81,0.81,1.61,1.65,1.56,8.32,1.05,0.44,2.06,0.27,4.06,3.12,1.04,0.98,0.96,9.0,2.0,2.0,13.0,0.0,2.0,0.0,1.0,0.0,1.0,7.0,9.0,11.0,2.0,4.0,5.0,5.0,1.0,2.0,8.0,0.0,3.0,0.26,0.0,0.79,0.0,0.0,0.0,12.11,11.0,10.39,1.0,0.09,0.56,0.56,0.59,0.55,0.55
84706138484258,2025,Burns-Malinski,COL,pairing,5on5,15,1727.0,108.0,0.63,0.68,0.67,21.17,1.91,1.3,5.47,0.68,11.21,8.43,1.87,2.02,1.97,21.0,8.0,14.0,43.0,2.0,3.0,0.0,5.0,0.0,8.0,11.0,19.0,27.0,1.0,2.0,11.0,10.0,2.0,10.0,22.0,5.0,2.0,0.69,0.62,0.6,0.0,2.0,0.0,45.67,29.0,30.79,2.0,0.27,0.75,0.75,1.43,1.5,1.47,10.04,1.14,0.7,3.06,0.37,5.0,3.73,1.07,1.13,1.06,7.0,7.0,6.0,20.0,1.0,3.0,0.0,1.0,0.0,5.0,4.0,6.0,13.0,2.0,4.0,17.0,8.0,1.0,10.0,9.0,4.0,1.0,0.36,0.54,0.24,1.0,0.0,0.0,19.34,14.0,13.81,4.0,0.15,0.39,0.39,0.89,0.88,0.86
84706138476312,2025,Burns-Manson,COL,pairing,5on5,14,8938.0,39.0,0.58,0.55,0.54,79.88,6.78,5.02,20.98,2.74,42.43,32.04,6.53,6.95,6.7,78.0,32.0,51.0,161.0,6.0,9.0,0.0,27.0,0.0,36.0,32.0,72.0,104.0,12.0,24.0,94.0,54.0,18.0,44.0,80.0,24.0,6.0,2.04,3.28,1.46,4.0,1.0,1.0,166.15,110.0,113.36,23.0,1.04,1.59,1.59,6.23,6.41,6.26,68.55,4.9,4.14,17.71,2.34,37.34,27.57,4.73,4.7,4.53,60.0,34.0,38.0,132.0,8.0,5.0,1.0,22.0,0.0,31.0,28.0,52.0,86.0,12.0,24.0,90.0,58.0,11.0,39.0,74.0,16.0,4.0,1.89,2.01,1.0,7.0,1.0,0.0,126.94,94.0,90.94,25.0,0.85,0.92,0.92,4.84,4.65,4.54
847519184759138476448,2025,Stone-Karlsson-Smith,VGK,line,5on5,3,1365.0,13.0,0.53,0.6,0.69,14.54,0.79,0.85,3.77,0.46,7.89,6.24,0.72,0.79,0.72,14.0,6.0,5.0,25.0,0.0,1.0,0.0,1.0,0.0,9.0,9.0,14.0,20.0,2.0,4.0,14.0,10.0,0.0,11.0,17.0,3.0,0.0,0.35,0.43,0.0,0.0,0.0,0.0,24.4,20.0,19.48,2.0,0.17,0.17,0.17,0.8,0.8,0.76,6.66,0.7,0.45,1.74,0.21,3.43,2.48,0.7,0.73,0.73,8.0,1.0,8.0,17.0,1.0,0.0,0.0,2.0,0.0,1.0,5.0,7.0,8.0,2.0,4.0,7.0,14.0,2.0,10.0,6.0,2.0,1.0,0.19,0.28,0.23,0.0,0.0,1.0,17.78,9.0,9.45,6.0,0.09,0.0,0.0,0.79,0.83,0.83
847643884779648478403,2025,Saad-Eichel-Barbashev,VGK,line,5on5,5,1669.0,21.0,0.75,0.55,0.6,19.56,2.02,1.53,4.76,0.62,10.25,6.82,1.95,2.02,1.95,19.0,7.0,10.0,36.0,3.0,3.0,1.0,3.0,0.0,8.0,9.0,16.0,23.0,1.0,2.0,13.0,7.0,1.0,13.0,17.0,7.0,2.0,0.51,1.03,0.48,1.0,0.0,2.0,36.74,26.0,26.31,4.0,0.32,0.57,0.57,1.77,1.78,1.76,12.47,0.67,0.65,3.38,0.39,6.85,5.06,0.67,0.65,0.64,8.0,9.0,13.0,30.0,0.0,0.0,0.0,3.0,0.0,9.0,5.0,8.0,17.0,2.0,4.0,16.0,6.0,2.0,12.0,15.0,2.0,0.0,0.43,0.24,0.0,0.0,0.0,0.0,29.3,17.0,16.65,5.0,0.13,0.0,0.0,0.8,0.78,0.78
84826848483495,2025,Hughes-Nemec,NJD,pairing,5on5,13,1647.0,72.0,0.4,0.4,0.36,13.22,1.16,0.87,2.98,0.41,7.26,5.32,1.15,1.15,1.14,11.0,7.0,8.0,26.0,1.0,0.0,0.0,4.0,0.0,7.0,6.0,10.0,17.0,2.0,7.0,9.0,6.0,1.0,5.0,13.0,5.0,0.0,0.44,0.72,0.0,0.0,1.0,0.0,26.34,18.0,18.32,1.0,0.18,0.0,0.0,1.34,1.33,1.32,21.84,1.75,1.54,5.8,0.85,12.78,9.28,1.69,1.76,1.7,22.0,10.0,7.0,39.0,1.0,4.0,0.0,3.0,0.0,14.0,10.0,21.0,31.0,1.0,5.0,7.0,11.0,3.0,9.0,24.0,7.0,1.0,0.64,0.82,0.29,1.0,0.0,0.0,39.01,32.0,31.88,4.0,0.32,0.49,0.49,1.58,1.59,1.53
84754558482684,2025,Hughes-Dillon,NJD,pairing,5on5,11,4066.0,65.0,0.53,0.45,0.46,29.03,3.13,1.71,7.03,0.92,15.0,11.21,2.73,3.15,2.75,26.0,13.0,23.0,62.0,2.0,5.0,0.0,10.0,0.0,8.0,14.0,24.0,37.0,3.0,9.0,35.0,23.0,6.0,16.0,28.0,8.0,3.0,0.96,0.98,1.2,2.0,0.0,0.0,62.06,39.0,39.21,9.0,0.35,1.52,1.52,1.96,2.0,1.94,32.07,2.82,2.24,7.6,1.06,18.27,13.01,2.74,2.74,2.66,31.0,14.0,31.0,76.0,1.0,1.0,0.0,8.0,0.0,21.0,14.0,30.0,44.0,4.0,11.0,28.0,16.0,5.0,25.0,34.0,7.0,4.0,0.9,0.93,0.99,1.0,0.0,0.0,75.24,45.0,43.52,14.0,0.46,0.31,0.31,2.98,2.86,2.78
847519184764488482125,2025,Holtz-Karlsson-Smith,VGK,line,5on5,5,2378.0,14.0,0.53,0.51,0.59,18.72,1.15,1.13,4.81,0.65,11.08,8.19,1.13,1.16,1.14,18.0,9.0,14.0,41.0,1.0,1.0,0.0,4.0,0.0,13.0,8.0,17.0,26.0,2.0,6.0,20.0,7.0,1.0,12.0,25.0,2.0,0.0,0.93,0.22,0.0,1.0,0.0,0.0,42.58,27.0,27.29,3.0,0.23,0.07,0.07,1.3,1.32,1.3,14.19,1.01,0.79,3.59,0.49,7.44,5.69,1.01,0.99,0.99,11.0,8.0,20.0,39.0,1.0,0.0,0.0,3.0,0.0,5.0,10.0,10.0,18.0,1.0,2.0,17.0,21.0,3.0,12.0,15.0,4.0,0.0,0.43,0.58,0.0,0.0,1.0,0.0,37.79,19.0,18.59,5.0,0.16,0.0,0.0,1.17,1.15,1.15
84815938483457,2025,Hutson-Struble,MTL,pairing,5on5,11,7232.0,23.0,0.44,0.43,0.46,48.66,4.33,3.07,11.72,1.61,26.04,19.22,4.15,4.36,4.17,41.0,25.0,23.0,89.0,3.0,5.0,0.0,11.0,0.0,22.0,25.0,38.0,63.0,7.0,17.0,50.0,51.0,5.0,37.0,50.0,10.0,6.0,1.52,1.22,1.59,1.0,2.0,0.0,90.62,66.0,67.23,18.0,0.64,1.15,1.15,3.82,3.82,3.74,56.61,5.41,3.37,15.22,1.96,29.48,21.56,5.11,5.46,5.14,48.0,29.0,39.0,116.0,4.0,10.0,0.0,7.0,0.0,29.0,27.0,44.0,73.0,8.0,19.0,50.0,49.0,6.0,34.0,60.0,10.0,7.0,1.9,1.28,2.24,1.0,3.0,0.0,115.38,77.0,76.19,11.0,0.7,2.15,2.15,3.96,4.02,3.93
84769178477506,2025,Pelech-Pulock,NYI,pairing,5on5,15,11214.0,29.0,0.53,0.53,0.55,90.95,8.53,5.75,23.66,3.12,48.57,35.36,8.22,8.51,8.2,79.0,46.0,51.0,176.0,10.0,12.0,1.0,17.0,0.0,48.0,38.0,69.0,115.0,8.0,16.0,121.0,73.0,14.0,58.0,93.0,24.0,8.0,2.72,3.27,2.54,4.0,5.0,1.0,175.67,125.0,124.45,25.0,1.19,2.43,2.43,7.3,7.29,7.15,77.8,7.52,5.31,19.21,2.43,39.89,29.64,7.23,7.7,7.41,69.0,35.0,50.0,154.0,7.0,7.0,1.0,10.0,0.0,39.0,41.0,62.0,97.0,11.0,24.0,104.0,63.0,16.0,55.0,70.0,22.0,12.0,2.06,2.47,2.99,4.0,1.0,2.0,157.37,104.0,106.05,26.0,1.11,1.53,1.53,7.1,7.27,7.08
84804268482929,2025,Lilleberg-D'Astous,TBL,pairing,5on5,8,3717.0,25.0,0.64,0.51,0.56,29.28,2.62,1.93,7.23,1.04,15.75,11.42,2.35,2.62,2.36,28.0,12.0,7.0,47.0,5.0,4.0,0.0,5.0,0.0,16.0,10.0,23.0,35.0,7.0,23.0,22.0,24.0,4.0,10.0,29.0,9.0,2.0,0.77,1.19,0.66,1.0,4.0,0.0,48.2,40.0,40.9,3.0,0.4,0.91,0.91,2.11,2.15,2.04,24.25,1.45,1.27,6.56,0.74,12.41,9.57,1.42,1.46,1.43,21.0,11.0,14.0,46.0,2.0,2.0,0.0,3.0,0.0,15.0,10.0,19.0,30.0,9.0,27.0,55.0,45.0,8.0,15.0,29.0,2.0,1.0,0.82,0.33,0.3,1.0,1.0,0.0,45.98,32.0,32.02,5.0,0.27,0.32,0.32,1.4,1.4,1.37
847576084775738480074,2025,Texier-Walker-Bjugstad,STL,line,5on5,6,1509.0,34.0,0.6,0.45,0.45,10.66,1.31,0.78,2.36,0.3,5.45,3.79,1.29,1.33,1.31,9.0,5.0,6.0,20.0,1.0,1.0,0.0,0.0,0.0,3.0,9.0,8.0,13.0,1.0,5.0,14.0,20.0,2.0,9.0,8.0,4.0,2.0,0.2,0.58,0.53,0.0,1.0,0.0,20.32,14.0,14.38,6.0,0.16,0.32,0.32,1.16,1.19,1.17,12.52,0.88,0.74,3.56,0.43,6.79,4.59,0.87,0.89,0.88,6.0,11.0,7.0,24.0,1.0,3.0,0.0,2.0,0.0,6.0,5.0,5.0,16.0,2.0,7.0,11.0,15.0,6.0,12.0,14.0,2.0,1.0,0.35,0.29,0.24,1.0,0.0,0.0,25.0,17.0,17.64,4.0,0.16,0.29,0.29,0.74,0.76,0.75
847531484764198481601,2025,Lee-Pageau-Holmstrom,NYI,line,5on5,11,4882.0,40.0,0.58,0.53,0.54,41.34,4.53,2.89,10.53,1.5,23.33,16.23,4.27,4.49,4.24,33.0,26.0,24.0,83.0,5.0,5.0,2.0,9.0,0.0,23.0,17.0,28.0,54.0,6.0,12.0,53.0,21.0,8.0,21.0,41.0,12.0,6.0,1.19,1.42,1.92,2.0,1.0,2.0,83.2,59.0,59.08,11.0,0.6,1.45,1.45,3.69,3.64,3.58,36.46,3.23,2.54,8.66,1.15,19.68,14.74,3.15,3.31,3.23,30.0,20.0,25.0,75.0,7.0,1.0,1.0,5.0,0.0,19.0,18.0,23.0,43.0,3.0,6.0,39.0,39.0,9.0,26.0,35.0,13.0,2.0,1.15,1.6,0.49,1.0,6.0,0.0,77.21,50.0,50.69,12.0,0.53,0.11,0.11,3.65,3.73,3.63
84757538475764,2025,Fowler-Faulk,STL,pairing,5on5,14,6965.0,80.0,0.4,0.43,0.45,50.72,3.91,3.17,12.61,1.58,27.72,20.01,3.79,3.85,3.73,46.0,23.0,27.0,96.0,3.0,5.0,1.0,7.0,0.0,24.0,30.0,43.0,66.0,4.0,11.0,52.0,31.0,6.0,30.0,51.0,16.0,2.0,1.33,1.92,0.66,2.0,1.0,0.0,94.12,69.0,68.5,11.0,0.65,0.94,0.94,3.62,3.54,3.46,63.3,5.83,3.68,15.62,1.97,31.51,25.39,5.34,5.81,5.34,65.0,19.0,43.0,127.0,4.0,6.0,2.0,15.0,0.0,26.0,33.0,61.0,80.0,5.0,13.0,44.0,26.0,9.0,30.0,66.0,12.0,6.0,1.8,1.87,2.16,3.0,0.0,1.0,128.63,84.0,83.66,14.0,0.76,2.01,2.01,4.58,4.59,4.48
847418984770738480188,2025,Macdermid-Eller-Zetterlund,OTT,line,5on5,5,1052.0,25.0,0.22,0.29,0.38,6.91,0.26,0.33,1.88,0.2,3.49,2.83,0.26,0.29,0.28,2.0,7.0,3.0,12.0,0.0,0.0,0.0,0.0,0.0,6.0,3.0,2.0,9.0,3.0,6.0,13.0,8.0,2.0,3.0,8.0,1.0,0.0,0.17,0.09,0.0,0.0,0.0,0.0,12.6,9.0,9.55,3.0,0.07,0.0,0.0,0.33,0.36,0.35,10.61,0.92,0.76,2.86,0.38,5.73,4.35,0.91,0.91,0.91,6.0,9.0,14.0,29.0,2.0,1.0,0.0,0.0,0.0,7.0,5.0,4.0,13.0,3.0,6.0,12.0,18.0,3.0,1.0,12.0,1.0,2.0,0.31,0.17,0.44,2.0,0.0,0.0,27.36,15.0,14.93,0.0,0.16,0.21,0.21,0.86,0.86,0.86
84815428482762,2025,Edvinsson-Seider,DET,pairing,5on5,14,7029.0,51.0,0.58,0.62,0.66,74.75,6.05,4.51,19.22,2.52,41.24,29.45,5.77,6.31,6.01,67.0,36.0,35.0,138.0,6.0,9.0,0.0,11.0,0.0,36.0,41.0,61.0,97.0,5.0,10.0,63.0,37.0,7.0,35.0,82.0,15.0,6.0,2.42,1.83,1.8,4.0,2.0,0.0,138.68,103.0,103.34,14.0,0.93,1.99,1.98,5.0,5.12,5.05,38.8,4.31,2.58,9.77,1.28,19.38,14.68,4.06,4.4,4.14,33.0,19.0,32.0,84.0,4.0,7.0,1.0,5.0,0.0,14.0,22.0,29.0,48.0,6.0,12.0,61.0,39.0,3.0,33.0,32.0,14.0,6.0,0.79,1.78,1.74,1.0,2.0,1.0,85.05,52.0,52.9,18.0,0.55,1.92,1.92,2.94,2.95,2.92
847516984788568480078,2025,Kane-Chytil-Garland,VAN,line,5on5,5,1155.0,45.0,0.44,0.55,0.47,11.49,1.3,0.82,2.6,0.4,6.24,4.64,1.25,1.28,1.24,11.0,5.0,7.0,23.0,1.0,1.0,0.0,3.0,0.0,6.0,5.0,10.0,15.0,3.0,6.0,12.0,9.0,2.0,2.0,11.0,2.0,3.0,0.23,0.32,0.74,0.0,1.0,0.0,22.35,16.0,15.49,2.0,0.17,0.26,0.26,1.21,1.21,1.21,14.44,1.66,0.98,3.2,0.41,6.32,5.44,1.64,1.68,1.67,12.0,6.0,1.0,19.0,0.0,2.0,0.0,1.0,0.0,4.0,11.0,12.0,18.0,0.0,0.0,7.0,8.0,3.0,8.0,10.0,6.0,2.0,0.23,0.8,0.62,0.0,0.0,0.0,20.25,18.0,19.21,4.0,0.21,0.18,0.18,1.68,1.69,1.68
847572284794208483468,2025,Zucker-Thompson-Kulich,BUF,line,5on5,6,633.0,77.0,0.54,0.53,0.52,11.07,1.08,0.68,3.66,0.46,5.34,3.77,0.95,1.12,0.99,12.0,3.0,4.0,19.0,0.0,3.0,0.0,7.0,0.0,3.0,2.0,12.0,15.0,1.0,2.0,5.0,5.0,0.0,2.0,12.0,1.0,2.0,0.31,0.14,0.64,0.0,0.0,0.0,19.14,15.0,14.96,1.0,0.14,0.67,0.67,0.56,0.57,0.53,10.13,0.91,0.84,2.56,0.37,5.24,4.07,0.9,0.92,0.91,12.0,2.0,3.0,17.0,2.0,1.0,0.0,1.0,0.0,6.0,4.0,10.0,12.0,1.0,2.0,7.0,5.0,1.0,3.0,11.0,2.0,1.0,0.24,0.36,0.31,1.0,0.0,1.0,17.16,14.0,14.05,1.0,0.18,0.2,0.2,0.9,0.91,0.9
84763728482142,2025,Seeler-Drysdale,PHI,pairing,5on5,13,10215.0,31.0,0.51,0.53,0.53,81.99,6.46,5.8,20.61,2.83,46.1,32.2,6.28,6.3,6.12,74.0,40.0,54.0,168.0,6.0,5.0,0.0,13.0,0.0,44.0,46.0,68.0,108.0,12.0,24.0,81.0,74.0,12.0,33.0,88.0,21.0,5.0,2.5,2.68,1.28,3.0,1.0,2.0,164.76,114.0,111.69,13.0,1.21,0.74,0.74,6.93,6.76,6.67,75.08,6.32,4.57,19.11,2.42,40.04,29.54,6.08,6.58,6.32,70.0,32.0,46.0,148.0,9.0,7.0,1.0,19.0,0.0,33.0,34.0,61.0,93.0,10.0,20.0,74.0,54.0,8.0,37.0,82.0,14.0,6.0,2.51,1.86,1.95,4.0,4.0,1.0,152.79,102.0,105.45,14.0,0.94,1.84,1.84,5.43,5.6,5.46
847576584784938481557,2025,Boldy-Eriksson Ek-Tarasenko,MIN,line,5on5,7,2986.0,29.0,0.57,0.54,0.58,29.97,2.73,1.96,8.82,1.12,16.19,11.16,2.44,2.66,2.36,27.0,15.0,15.0,57.0,1.0,7.0,0.0,7.0,0.0,16.0,11.0,26.0,41.0,0.0,0.0,39.0,27.0,6.0,13.0,35.0,3.0,4.0,0.93,0.41,1.4,1.0,0.0,0.0,55.0,42.0,40.85,7.0,0.41,1.62,1.62,1.53,1.46,1.41,22.16,2.03,1.53,5.67,0.77,12.02,8.98,1.94,2.13,2.04,18.0,13.0,17.0,48.0,2.0,4.0,1.0,3.0,0.0,9.0,13.0,16.0,29.0,3.0,6.0,34.0,24.0,3.0,8.0,21.0,7.0,3.0,0.45,0.92,0.67,0.0,2.0,0.0,49.06,31.0,31.71,3.0,0.32,0.6,0.6,1.75,1.84,1.8
847847284793858484164,2025,Kyrou-Dvorsky-Joseph,STL,line,5on5,2,823.0,6.0,0.85,0.67,0.78,5.07,0.32,0.37,1.33,0.15,2.87,1.96,0.32,0.33,0.32,4.0,3.0,3.0,10.0,0.0,1.0,0.0,1.0,0.0,3.0,2.0,4.0,7.0,1.0,5.0,14.0,9.0,2.0,3.0,6.0,1.0,0.0,0.24,0.08,0.0,0.0,0.0,0.0,9.97,7.0,7.03,2.0,0.07,0.06,0.06,0.34,0.34,0.34,1.35,0.06,0.07,0.45,0.05,0.83,0.54,0.06,0.06,0.06,1.0,1.0,3.0,5.0,0.0,0.0,0.0,1.0,0.0,1.0,0.0,1.0,2.0,2.0,7.0,4.0,7.0,2.0,3.0,2.0,0.0,0.0,0.06,0.0,0.0,0.0,0.0,0.0,4.91,2.0,1.94,1.0,0.01,0.0,0.0,0.07,0.07,0.07
847793484784028478458,2025,Draisaitl-Mcdavid-Roslovic,EDM,line,5on5,9,1201.0,89.0,0.47,0.71,0.68,14.93,1.05,0.9,3.72,0.48,8.55,6.3,1.01,0.97,0.93,15.0,6.0,9.0,30.0,1.0,0.0,0.0,4.0,0.0,10.0,6.0,14.0,20.0,2.0,4.0,14.0,2.0,3.0,4.0,17.0,4.0,0.0,0.63,0.42,0.0,1.0,0.0,0.0,27.63,21.0,19.39,0.0,0.19,0.0,0.0,1.23,1.14,1.1,7.72,1.17,0.52,1.4,0.22,3.84,2.85,1.17,1.25,1.25,8.0,2.0,2.0,12.0,2.0,0.0,0.0,1.0,0.0,2.0,5.0,6.0,8.0,3.0,6.0,6.0,1.0,2.0,7.0,2.0,7.0,1.0,0.1,0.82,0.25,1.0,1.0,0.0,13.45,10.0,10.88,4.0,0.11,0.0,0.0,1.28,1.36,1.36
84773698482073,2025,Soucy-Schneider,NYR,pairing,5on5,10,2216.0,59.0,0.5,0.44,0.43,17.7,1.78,1.18,4.33,0.55,9.47,6.69,1.77,1.77,1.77,17.0,7.0,10.0,34.0,2.0,0.0,0.0,4.0,0.0,10.0,8.0,15.0,22.0,1.0,5.0,16.0,17.0,2.0,11.0,16.0,6.0,2.0,0.38,0.75,0.65,2.0,0.0,0.0,34.03,24.0,23.83,6.0,0.25,0.0,0.0,2.02,2.02,2.01,23.19,1.81,1.47,5.78,0.75,12.89,9.29,1.79,1.86,1.85,21.0,11.0,11.0,43.0,4.0,1.0,1.0,3.0,0.0,12.0,12.0,17.0,28.0,3.0,9.0,17.0,19.0,5.0,9.0,24.0,7.0,1.0,0.63,0.81,0.37,2.0,1.0,1.0,42.63,32.0,32.15,5.0,0.3,0.37,0.37,1.74,1.76,1.75
84783978479402,2025,Bean-Andersson,CGY,pairing,5on5,9,1258.0,47.0,0.56,0.58,0.65,13.56,1.1,0.89,3.36,0.52,8.04,6.1,1.09,1.06,1.05,14.0,6.0,6.0,26.0,0.0,1.0,0.0,6.0,0.0,6.0,7.0,14.0,20.0,1.0,2.0,4.0,3.0,1.0,12.0,15.0,5.0,0.0,0.42,0.67,0.0,0.0,0.0,0.0,24.41,20.0,19.16,5.0,0.18,0.07,0.07,1.21,1.17,1.17,8.35,0.85,0.59,2.01,0.27,4.25,3.04,0.84,0.85,0.85,10.0,1.0,8.0,19.0,1.0,1.0,0.0,1.0,0.0,5.0,3.0,9.0,10.0,1.0,2.0,7.0,3.0,4.0,8.0,6.0,3.0,2.0,0.13,0.3,0.42,0.0,0.0,1.0,19.39,11.0,11.04,4.0,0.12,0.1,0.1,0.86,0.87,0.87
84740138478507,2025,Cole-Marino,UTA,pairing,5on5,15,2432.0,101.0,0.54,0.48,0.54,21.14,2.37,1.38,4.95,0.7,11.29,8.31,2.32,2.4,2.34,18.0,11.0,6.0,35.0,4.0,2.0,1.0,3.0,0.0,14.0,6.0,14.0,25.0,1.0,2.0,12.0,16.0,3.0,22.0,19.0,7.0,3.0,0.59,0.92,0.86,0.0,1.0,3.0,35.78,29.0,29.36,8.0,0.29,0.44,0.44,2.21,2.25,2.2,19.27,2.01,1.31,4.29,0.61,9.5,7.28,1.95,1.91,1.86,16.0,9.0,13.0,38.0,2.0,2.0,0.0,3.0,0.0,9.0,9.0,14.0,23.0,2.0,4.0,15.0,15.0,2.0,8.0,15.0,8.0,2.0,0.5,0.99,0.52,1.0,1.0,0.0,36.81,25.0,24.4,4.0,0.28,0.41,0.41,1.87,1.8,1.77
847750584807988482667,2025,Eklund-Wennberg-Kurashev,SJS,line,5on5,4,3184.0,6.0,0.39,0.45,0.39,15.37,1.49,1.05,3.81,0.55,8.74,6.36,1.43,1.48,1.42,16.0,6.0,18.0,40.0,4.0,1.0,0.0,4.0,0.0,8.0,5.0,12.0,18.0,2.0,4.0,27.0,19.0,5.0,17.0,15.0,7.0,0.0,0.52,0.97,0.0,2.0,2.0,0.0,39.29,22.0,21.84,9.0,0.22,0.03,0.03,1.67,1.66,1.6,23.9,2.29,1.58,6.51,0.85,13.05,9.73,2.26,2.26,2.23,23.0,11.0,15.0,49.0,2.0,2.0,0.0,3.0,0.0,14.0,13.0,21.0,32.0,2.0,4.0,24.0,17.0,1.0,22.0,24.0,8.0,2.0,0.59,0.96,0.74,1.0,1.0,0.0,47.26,34.0,33.51,11.0,0.33,0.46,0.46,2.15,2.13,2.11
84752008482166,2025,Orlov-Mukhamadullin,SJS,pairing,5on5,5,1105.0,47.0,0.65,0.55,0.56,10.64,1.53,0.76,2.66,0.42,5.61,4.02,1.36,1.51,1.34,10.0,5.0,2.0,17.0,2.0,4.0,1.0,1.0,0.0,4.0,4.0,8.0,13.0,3.0,6.0,8.0,11.0,0.0,8.0,8.0,4.0,3.0,0.19,0.48,0.85,0.0,1.0,1.0,16.83,15.0,15.04,4.0,0.16,1.04,1.04,0.65,0.64,0.61,8.8,0.82,0.68,2.12,0.29,4.61,3.48,0.82,0.85,0.85,8.0,4.0,2.0,14.0,1.0,0.0,0.0,0.0,0.0,5.0,6.0,7.0,11.0,2.0,4.0,12.0,8.0,0.0,3.0,9.0,3.0,0.0,0.39,0.43,0.0,0.0,1.0,0.0,14.29,12.0,12.17,1.0,0.14,0.0,0.0,0.96,1.0,1.0
847571484784628478904,2025,Lorentz-Roy-Jarnkrok,TOR,line,5on5,4,670.0,42.0,0.45,0.27,0.29,3.17,0.55,0.24,0.72,0.08,1.48,0.95,0.54,0.56,0.55,3.0,1.0,3.0,7.0,2.0,0.0,0.0,0.0,0.0,2.0,0.0,1.0,2.0,0.0,0.0,5.0,8.0,0.0,3.0,2.0,1.0,1.0,0.05,0.18,0.32,0.0,1.0,1.0,6.87,4.0,3.96,2.0,0.05,0.0,0.0,0.59,0.61,0.6,6.95,0.67,0.44,1.59,0.24,4.14,2.92,0.65,0.7,0.67,6.0,4.0,9.0,19.0,1.0,0.0,0.0,1.0,0.0,5.0,3.0,5.0,9.0,1.0,2.0,6.0,10.0,0.0,4.0,7.0,2.0,1.0,0.19,0.27,0.2,0.0,1.0,0.0,20.5,10.0,10.73,1.0,0.09,0.0,0.0,0.76,0.79,0.77
848084884822068484911,2025,Graf-Dellandrea-Cardwell,SJS,line,5on5,3,621.0,24.0,0.19,0.55,0.4,2.89,0.08,0.11,0.8,0.11,1.59,1.3,0.08,0.08,0.08,3.0,1.0,7.0,11.0,0.0,0.0,0.0,1.0,0.0,2.0,1.0,3.0,4.0,0.0,0.0,2.0,6.0,1.0,2.0,4.0,0.0,0.0,0.08,0.0,0.0,0.0,0.0,0.0,11.04,4.0,4.06,0.0,0.02,0.0,0.0,0.1,0.1,0.1,4.67,0.33,0.32,1.35,0.16,2.23,1.6,0.32,0.35,0.34,4.0,2.0,3.0,9.0,0.0,1.0,0.0,1.0,0.0,1.0,3.0,4.0,6.0,0.0,0.0,4.0,2.0,0.0,2.0,4.0,2.0,0.0,0.11,0.22,0.0,0.0,0.0,0.0,9.43,6.0,6.25,1.0,0.07,0.14,0.14,0.26,0.28,0.28
84752188478013,2025,Walman-Ekholm,EDM,pairing,5on5,7,1389.0,42.0,0.43,0.47,0.42,11.45,1.01,0.75,2.68,0.37,6.21,4.99,1.01,1.02,1.02,10.0,6.0,6.0,22.0,2.0,0.0,0.0,4.0,0.0,7.0,3.0,8.0,14.0,1.0,2.0,6.0,6.0,1.0,10.0,12.0,4.0,0.0,0.45,0.56,0.0,2.0,0.0,0.0,21.9,16.0,15.92,3.0,0.16,0.0,0.0,1.17,1.18,1.18,15.3,1.34,1.08,3.44,0.53,9.29,6.32,1.32,1.33,1.31,12.0,10.0,3.0,25.0,1.0,1.0,0.0,3.0,0.0,10.0,7.0,11.0,21.0,1.0,2.0,16.0,6.0,2.0,8.0,17.0,3.0,2.0,0.56,0.35,0.43,0.0,0.0,1.0,25.23,22.0,22.19,4.0,0.22,0.23,0.23,1.33,1.33,1.3
847701584810328482110,2025,Cotter-Mercer-Brown,NJD,line,5on5,3,1766.0,7.0,0.52,0.53,0.57,19.34,1.47,1.39,4.45,0.6,11.28,7.81,1.45,1.42,1.4,18.0,9.0,12.0,39.0,3.0,1.0,0.0,4.0,0.0,7.0,12.0,15.0,24.0,4.0,8.0,12.0,8.0,1.0,7.0,20.0,7.0,0.0,0.42,1.05,0.0,1.0,2.0,0.0,38.75,27.0,26.7,2.0,0.28,0.2,0.2,1.56,1.5,1.5,14.48,1.37,0.97,3.74,0.51,7.8,5.61,1.33,1.41,1.38,9.0,11.0,15.0,35.0,1.0,2.0,0.0,2.0,0.0,12.0,3.0,8.0,19.0,4.0,8.0,22.0,13.0,2.0,5.0,12.0,7.0,1.0,0.26,0.89,0.23,0.0,1.0,0.0,35.03,20.0,20.19,2.0,0.21,0.38,0.38,1.19,1.24,1.21
847647484794078481559,2025,Bratt-Hughes-Noesen,NJD,line,5on5,5,2551.0,19.0,0.53,0.57,0.58,24.75,1.91,1.48,5.59,0.79,13.73,10.51,1.86,1.93,1.89,24.0,10.0,19.0,53.0,0.0,2.0,0.0,7.0,0.0,10.0,15.0,24.0,34.0,2.0,4.0,13.0,12.0,3.0,10.0,27.0,6.0,1.0,0.94,0.63,0.33,0.0,0.0,0.0,53.57,34.0,34.75,6.0,0.3,0.48,0.48,1.73,1.75,1.74,18.46,1.71,1.13,4.41,0.6,9.64,7.51,1.67,1.75,1.71,20.0,5.0,15.0,40.0,3.0,1.0,1.0,3.0,0.0,9.0,9.0,17.0,22.0,3.0,6.0,19.0,10.0,2.0,14.0,18.0,5.0,2.0,0.51,0.67,0.53,2.0,0.0,1.0,40.67,25.0,25.14,9.0,0.24,0.3,0.3,1.65,1.67,1.63
847791984817898483497,2025,Kartye-Gaudreau-Nyman,SEA,line,5on5,4,1530.0,14.0,0.38,0.43,0.46,10.96,0.63,0.64,3.26,0.41,6.58,4.49,0.62,0.63,0.62,9.0,7.0,7.0,23.0,1.0,0.0,0.0,1.0,0.0,7.0,7.0,8.0,15.0,0.0,0.0,11.0,27.0,5.0,5.0,13.0,3.0,0.0,0.33,0.29,0.0,0.0,1.0,0.0,23.39,16.0,16.3,3.0,0.13,0.0,0.0,0.76,0.76,0.75,13.65,1.02,0.82,3.8,0.48,7.53,5.34,1.01,1.01,1.0,13.0,6.0,11.0,30.0,0.0,1.0,0.0,5.0,0.0,9.0,4.0,13.0,19.0,3.0,6.0,15.0,12.0,2.0,8.0,14.0,5.0,0.0,0.33,0.69,0.0,0.0,0.0,0.0,29.68,19.0,18.93,3.0,0.17,0.13,0.13,1.06,1.05,1.04
847796484784038479353,2025,Barbashev-Eichel-Howden,VGK,line,5on5,4,673.0,23.0,0.14,0.43,0.17,1.56,0.09,0.11,0.48,0.08,0.76,0.48,0.09,0.08,0.08,1.0,1.0,7.0,9.0,0.0,0.0,0.0,0.0,0.0,1.0,1.0,1.0,2.0,0.0,0.0,7.0,3.0,0.0,5.0,2.0,0.0,0.0,0.09,0.0,0.0,0.0,0.0,0.0,8.87,2.0,1.83,3.0,0.02,0.0,0.0,0.11,0.1,0.1,7.5,0.55,0.42,1.96,0.25,3.92,2.91,0.53,0.58,0.56,4.0,6.0,2.0,12.0,0.0,1.0,0.0,1.0,0.0,4.0,4.0,4.0,10.0,0.0,0.0,5.0,3.0,0.0,5.0,8.0,2.0,0.0,0.29,0.26,0.0,0.0,0.0,0.0,12.38,10.0,10.3,1.0,0.09,0.16,0.16,0.47,0.5,0.48
847793484782338478402,2025,Mangiapane-Draisaitl-Mcdavid,EDM,line,5on5,9,1678.0,71.0,0.51,0.49,0.52,10.45,0.83,0.62,2.85,0.35,5.89,4.45,0.8,0.87,0.84,10.0,5.0,6.0,21.0,0.0,1.0,0.0,3.0,0.0,2.0,9.0,10.0,15.0,0.0,0.0,14.0,1.0,2.0,14.0,11.0,4.0,0.0,0.3,0.54,0.0,0.0,0.0,0.0,21.5,15.0,15.39,4.0,0.13,0.19,0.19,0.77,0.8,0.79,9.26,0.79,0.69,2.5,0.36,5.78,3.88,0.76,0.76,0.74,7.0,7.0,8.0,22.0,1.0,1.0,0.0,1.0,0.0,6.0,5.0,6.0,13.0,0.0,0.0,7.0,11.0,2.0,6.0,11.0,3.0,0.0,0.35,0.44,0.0,1.0,0.0,0.0,21.56,14.0,13.87,3.0,0.14,0.09,0.09,0.84,0.82,0.8
84815638483490,2025,Mintyukov-Helleson,ANA,pairing,5on5,14,4705.0,68.0,0.39,0.41,0.4,33.97,2.67,2.11,8.89,1.16,19.23,13.94,2.6,2.67,2.59,32.0,16.0,17.0,65.0,4.0,3.0,0.0,6.0,0.0,21.0,14.0,28.0,44.0,3.0,6.0,33.0,33.0,2.0,22.0,40.0,5.0,3.0,1.09,0.71,0.87,3.0,1.0,0.0,64.96,48.0,47.98,9.0,0.43,0.64,0.64,2.47,2.47,2.45,52.0,4.16,3.4,12.25,1.65,28.85,20.7,3.91,4.24,3.97,50.0,21.0,24.0,95.0,4.0,2.0,0.0,11.0,0.0,24.0,30.0,46.0,67.0,3.0,6.0,42.0,30.0,5.0,27.0,52.0,15.0,4.0,1.57,1.75,0.84,2.0,1.0,1.0,95.95,71.0,72.17,19.0,0.71,0.33,0.33,4.53,4.6,4.4
84784548482126,2025,Andrae-Juulsen,PHI,pairing,5on5,5,2797.0,15.0,0.55,0.55,0.57,18.51,1.56,1.24,4.65,0.61,10.62,7.31,1.48,1.56,1.48,19.0,7.0,4.0,30.0,0.0,2.0,0.0,4.0,0.0,14.0,6.0,19.0,26.0,7.0,14.0,17.0,38.0,6.0,11.0,20.0,4.0,2.0,0.57,0.47,0.52,0.0,0.0,0.0,29.67,26.0,25.33,4.0,0.26,0.41,0.41,1.41,1.39,1.38,13.0,1.3,0.92,3.15,0.56,8.14,5.93,1.29,1.32,1.31,7.0,13.0,5.0,25.0,0.0,1.0,0.0,3.0,0.0,9.0,7.0,7.0,20.0,0.0,0.0,20.0,31.0,7.0,16.0,14.0,5.0,1.0,0.43,0.67,0.21,0.0,0.0,0.0,24.49,20.0,19.87,9.0,0.19,0.01,0.01,1.48,1.5,1.49
84757628483678,2025,Forbort-Pettersson,VAN,pairing,5on5,2,1043.0,6.0,0.15,0.26,0.29,3.06,0.19,0.15,0.68,0.1,1.62,1.26,0.19,0.19,0.19,3.0,1.0,1.0,5.0,1.0,0.0,0.0,0.0,0.0,1.0,2.0,2.0,3.0,2.0,4.0,5.0,9.0,1.0,11.0,4.0,0.0,0.0,0.19,0.0,0.0,1.0,0.0,0.0,5.23,4.0,4.04,8.0,0.03,0.0,0.0,0.22,0.22,0.22,8.12,1.09,0.55,1.82,0.24,3.48,2.81,1.01,1.05,0.98,7.0,3.0,4.0,14.0,1.0,2.0,0.0,1.0,0.0,2.0,4.0,6.0,9.0,2.0,4.0,10.0,14.0,0.0,3.0,6.0,1.0,3.0,0.2,0.15,0.74,1.0,0.0,0.0,13.63,10.0,9.89,1.0,0.12,0.52,0.52,0.69,0.67,0.66
847571484780578478462,2025,Joshua-Roy-Jarnkrok,TOR,line,5on5,6,1389.0,41.0,0.43,0.41,0.43,8.69,0.68,0.49,2.09,0.26,5.05,3.42,0.68,0.66,0.66,11.0,1.0,2.0,14.0,0.0,1.0,0.0,3.0,0.0,2.0,6.0,11.0,12.0,4.0,8.0,7.0,9.0,3.0,10.0,10.0,1.0,1.0,0.29,0.13,0.26,0.0,0.0,0.0,14.06,12.0,11.97,3.0,0.1,0.26,0.26,0.53,0.52,0.52,11.62,0.91,0.78,2.87,0.34,6.49,4.6,0.9,0.91,0.9,10.0,6.0,4.0,20.0,4.0,1.0,1.0,2.0,0.0,4.0,5.0,6.0,12.0,0.0,0.0,10.0,9.0,1.0,6.0,13.0,2.0,1.0,0.39,0.26,0.26,3.0,0.0,1.0,19.62,16.0,15.88,1.0,0.16,0.26,0.26,0.81,0.82,0.81
847571484775038478904,2025,Lorentz-Domi-Jarnkrok,TOR,line,5on5,2,778.0,7.0,0.5,0.44,0.43,4.52,0.21,0.18,1.33,0.14,2.15,1.98,0.21,0.22,0.22,5.0,1.0,2.0,8.0,0.0,0.0,0.0,0.0,0.0,1.0,5.0,5.0,6.0,1.0,2.0,9.0,8.0,1.0,3.0,5.0,1.0,0.0,0.07,0.14,0.0,0.0,0.0,0.0,8.09,6.0,6.11,1.0,0.04,0.0,0.0,0.25,0.26,0.26,5.2,0.21,0.34,1.4,0.2,3.36,2.48,0.21,0.22,0.22,6.0,2.0,2.0,10.0,2.0,0.0,0.0,0.0,0.0,4.0,2.0,4.0,6.0,0.0,0.0,5.0,1.0,1.0,6.0,7.0,1.0,0.0,0.12,0.09,0.0,2.0,0.0,0.0,10.36,8.0,8.23,3.0,0.07,0.0,0.0,0.28,0.29,0.29
84706138478038,2025,Toews-Burns,COL,pairing,5on5,15,1452.0,114.0,0.81,0.62,0.61,17.21,2.45,1.14,3.94,0.57,8.47,6.41,2.4,2.47,2.41,15.0,8.0,11.0,34.0,3.0,1.0,0.0,4.0,0.0,9.0,6.0,12.0,20.0,3.0,6.0,10.0,6.0,4.0,6.0,10.0,8.0,5.0,0.2,1.02,1.24,0.0,1.0,2.0,33.93,23.0,23.04,3.0,0.24,0.22,0.22,2.48,2.49,2.45,10.6,0.58,0.55,2.73,0.35,6.0,4.79,0.56,0.61,0.58,11.0,4.0,6.0,21.0,1.0,1.0,0.0,2.0,0.0,5.0,6.0,10.0,14.0,0.0,0.0,8.0,6.0,5.0,9.0,14.0,0.0,1.0,0.33,0.0,0.25,1.0,0.0,0.0,21.52,15.0,15.68,3.0,0.11,0.25,0.25,0.45,0.47,0.43
84784548481178,2025,Zamula-Juulsen,PHI,pairing,5on5,7,3809.0,20.0,0.48,0.51,0.49,24.74,2.12,1.67,6.2,0.77,13.77,9.47,2.07,2.09,2.04,25.0,9.0,20.0,54.0,2.0,2.0,1.0,6.0,0.0,16.0,8.0,23.0,32.0,6.0,15.0,31.0,32.0,1.0,20.0,27.0,5.0,2.0,0.78,0.66,0.68,0.0,1.0,1.0,52.9,34.0,33.16,10.0,0.35,0.49,0.67,1.8,1.74,1.7,27.13,2.27,1.66,6.82,0.95,14.03,10.27,2.25,2.31,2.28,21.0,15.0,15.0,51.0,2.0,5.0,0.0,5.0,0.0,10.0,14.0,19.0,34.0,4.0,11.0,34.0,33.0,2.0,21.0,27.0,7.0,2.0,0.83,0.98,0.46,2.0,0.0,0.0,52.65,36.0,36.82,12.0,0.35,0.61,0.61,2.01,2.05,2.04
84799838482861,2025,Ferraro-Iorio,SJS,pairing,5on5,5,2372.0,18.0,0.35,0.37,0.38,13.75,1.03,0.84,3.72,0.46,7.42,5.53,1.03,1.07,1.07,14.0,5.0,6.0,25.0,0.0,0.0,0.0,1.0,0.0,10.0,8.0,14.0,19.0,3.0,6.0,22.0,16.0,3.0,18.0,16.0,3.0,0.0,0.57,0.46,0.0,0.0,0.0,0.0,25.9,19.0,19.74,9.0,0.17,0.0,0.0,1.2,1.25,1.25,21.69,1.92,1.34,5.82,0.79,12.25,8.88,1.85,1.85,1.79,20.0,11.0,11.0,42.0,3.0,2.0,0.0,4.0,0.0,11.0,11.0,17.0,28.0,5.0,10.0,16.0,12.0,2.0,13.0,23.0,6.0,2.0,0.47,0.84,0.61,1.0,1.0,1.0,41.25,31.0,30.42,6.0,0.27,0.41,0.41,1.78,1.72,1.71
847692584784348481133,2025,Reinhardt-Sissons-Kolesar,VGK,line,5on5,6,2425.0,22.0,0.31,0.29,0.25,10.05,0.99,0.74,2.64,0.34,5.56,3.73,0.94,0.93,0.89,9.0,5.0,10.0,24.0,0.0,2.0,0.0,2.0,0.0,5.0,5.0,9.0,14.0,4.0,8.0,19.0,50.0,1.0,14.0,10.0,3.0,1.0,0.32,0.34,0.33,0.0,0.0,0.0,23.54,14.0,13.66,7.0,0.16,0.35,0.35,0.79,0.76,0.76,29.4,2.21,1.99,7.84,1.07,16.82,12.08,2.12,2.25,2.17,26.0,16.0,17.0,59.0,3.0,4.0,1.0,5.0,0.0,21.0,9.0,23.0,39.0,1.0,2.0,23.0,26.0,0.0,9.0,35.0,6.0,1.0,1.12,0.88,0.2,2.0,0.0,1.0,59.4,42.0,42.08,6.0,0.41,0.55,0.55,2.07,2.12,2.08
84794028484768,2025,Bean-Parekh,CGY,pairing,5on5,5,670.0,32.0,0.48,0.67,0.67,7.28,0.32,0.4,2.09,0.25,3.94,2.99,0.32,0.32,0.32,5.0,5.0,2.0,12.0,0.0,0.0,0.0,0.0,0.0,6.0,4.0,5.0,10.0,1.0,5.0,4.0,8.0,0.0,2.0,9.0,1.0,0.0,0.18,0.15,0.0,0.0,0.0,0.0,11.48,10.0,9.75,1.0,0.08,0.0,0.0,0.41,0.4,0.4,3.54,0.35,0.31,0.92,0.11,1.98,1.33,0.34,0.36,0.35,5.0,0.0,1.0,6.0,0.0,0.0,0.0,2.0,0.0,1.0,2.0,5.0,5.0,1.0,5.0,2.0,3.0,0.0,3.0,3.0,2.0,0.0,0.14,0.22,0.0,0.0,0.0,0.0,6.51,5.0,5.24,0.0,0.06,0.0,0.0,0.42,0.42,0.42
84769068482100,2025,Nikishin-Gostisbehere,CAR,pairing,5on5,5,3088.0,20.0,0.82,0.65,0.7,41.87,4.9,3.06,9.64,1.42,21.54,15.43,4.5,5.03,4.61,37.0,19.0,18.0,74.0,8.0,6.0,1.0,6.0,0.0,21.0,15.0,29.0,48.0,5.0,10.0,26.0,16.0,7.0,16.0,36.0,15.0,5.0,1.51,1.98,1.41,2.0,5.0,1.0,77.49,56.0,58.69,6.0,0.65,1.34,1.34,4.21,4.36,4.18,16.66,1.05,1.05,3.79,0.58,9.78,7.75,1.03,1.02,1.01,16.0,8.0,15.0,39.0,1.0,0.0,0.0,2.0,0.0,11.0,10.0,15.0,23.0,3.0,6.0,34.0,31.0,1.0,11.0,20.0,4.0,0.0,0.52,0.53,0.0,1.0,0.0,0.0,37.63,24.0,23.16,4.0,0.21,0.0,0.0,1.26,1.23,1.21
84799808480246,2025,Hague-Perbix,NSH,pairing,5on5,9,848.0,54.0,0.78,0.56,0.47,5.44,0.68,0.39,1.29,0.17,2.6,1.88,0.64,0.64,0.61,4.0,3.0,3.0,10.0,0.0,1.0,0.0,0.0,0.0,4.0,2.0,4.0,7.0,1.0,2.0,8.0,7.0,4.0,3.0,4.0,2.0,1.0,0.17,0.24,0.27,0.0,0.0,0.0,9.61,7.0,6.78,2.0,0.08,0.27,0.27,0.49,0.48,0.47,5.63,0.19,0.3,1.33,0.17,3.54,2.47,0.19,0.21,0.21,5.0,3.0,0.0,8.0,0.0,0.0,0.0,2.0,0.0,3.0,3.0,5.0,8.0,1.0,2.0,1.0,3.0,1.0,6.0,8.0,0.0,0.0,0.19,0.0,0.0,0.0,0.0,0.0,8.59,8.0,8.61,2.0,0.06,0.0,0.0,0.25,0.27,0.27
847517284807978482074,2025,Farabee-Kadri-Zary,CGY,line,5on5,3,1852.0,5.0,0.49,0.47,0.47,13.92,0.87,0.86,3.78,0.48,8.0,6.0,0.85,0.87,0.85,17.0,3.0,8.0,28.0,1.0,2.0,0.0,2.0,0.0,4.0,11.0,16.0,19.0,3.0,12.0,18.0,11.0,2.0,7.0,17.0,2.0,1.0,0.42,0.26,0.2,0.0,1.0,0.0,28.98,20.0,20.2,3.0,0.18,0.24,0.24,0.81,0.82,0.82,16.95,0.91,0.79,4.89,0.55,8.74,7.13,0.9,0.9,0.9,19.0,4.0,9.0,32.0,0.0,0.0,0.0,9.0,0.0,7.0,7.0,19.0,23.0,3.0,12.0,14.0,12.0,4.0,14.0,19.0,4.0,0.0,0.44,0.47,0.0,0.0,0.0,0.0,30.73,23.0,22.66,3.0,0.16,0.0,0.0,1.07,1.06,1.06
847645984785508482109,2025,Lafrenire-Zibanejad-Panarin,NYR,line,5on5,10,3502.0,59.0,0.54,0.57,0.61,36.8,2.68,2.52,9.15,1.13,20.83,14.69,2.65,2.66,2.63,33.0,18.0,15.0,66.0,0.0,2.0,0.0,5.0,0.0,22.0,22.0,33.0,51.0,3.0,6.0,30.0,20.0,4.0,18.0,39.0,11.0,1.0,1.19,1.21,0.28,0.0,0.0,0.0,63.64,51.0,49.2,10.0,0.51,0.31,0.31,2.88,2.82,2.8,23.41,2.27,1.54,5.75,0.78,12.99,9.67,2.16,2.41,2.28,26.0,7.0,17.0,50.0,4.0,1.0,0.0,5.0,0.0,11.0,12.0,22.0,29.0,2.0,4.0,19.0,21.0,4.0,20.0,26.0,5.0,2.0,0.88,0.71,0.68,3.0,1.0,0.0,50.58,33.0,33.62,5.0,0.31,0.2,0.2,2.38,2.51,2.48
847572284815228482097,2025,Zucker-Krebs-Quinn,BUF,line,5on5,5,1611.0,21.0,0.52,0.5,0.47,14.02,1.43,0.96,3.29,0.47,7.41,5.45,1.38,1.43,1.39,13.0,6.0,8.0,27.0,0.0,1.0,0.0,1.0,0.0,11.0,6.0,13.0,19.0,3.0,9.0,8.0,13.0,3.0,5.0,15.0,2.0,2.0,0.61,0.27,0.55,0.0,0.0,0.0,27.66,19.0,19.17,3.0,0.2,0.3,0.3,1.33,1.33,1.3,15.26,1.34,0.95,3.43,0.51,8.34,6.43,1.3,1.33,1.29,8.0,13.0,6.0,27.0,1.0,2.0,0.0,1.0,0.0,6.0,11.0,7.0,20.0,4.0,11.0,13.0,7.0,0.0,8.0,15.0,5.0,1.0,0.49,0.58,0.26,0.0,1.0,0.0,26.38,21.0,20.92,4.0,0.19,0.38,0.38,1.15,1.14,1.13
84817198482929,2025,Lilleberg-Crozier,TBL,pairing,5on5,5,2337.0,16.0,0.36,0.48,0.48,18.84,1.33,1.08,5.09,0.62,9.38,7.52,1.27,1.42,1.36,16.0,9.0,8.0,33.0,2.0,3.0,1.0,1.0,0.0,9.0,10.0,14.0,23.0,5.0,13.0,12.0,31.0,2.0,11.0,21.0,2.0,2.0,0.58,0.31,0.44,1.0,0.0,1.0,34.18,25.0,26.51,3.0,0.22,0.6,0.6,0.96,0.99,0.98,21.0,2.37,1.44,5.29,0.66,9.95,7.29,2.16,2.34,2.14,21.0,6.0,9.0,36.0,1.0,4.0,0.0,7.0,0.0,6.0,9.0,20.0,26.0,6.0,15.0,20.0,29.0,3.0,14.0,18.0,4.0,5.0,0.36,0.56,1.45,0.0,0.0,1.0,36.27,27.0,26.49,11.0,0.31,1.21,1.21,1.46,1.49,1.47
84815688481806,2025,Vlasic-Crevier,CHI,pairing,5on5,14,3520.0,87.0,0.23,0.35,0.33,16.28,1.0,1.07,3.92,0.54,9.4,7.08,0.98,1.0,0.98,12.0,11.0,10.0,33.0,1.0,0.0,0.0,3.0,0.0,4.0,15.0,11.0,22.0,3.0,6.0,26.0,22.0,4.0,12.0,19.0,4.0,0.0,0.59,0.42,0.0,1.0,0.0,0.0,32.91,23.0,22.98,7.0,0.22,0.0,0.0,1.22,1.21,1.19,35.27,3.33,2.51,8.85,1.12,17.96,13.23,3.14,3.24,3.06,32.0,15.0,13.0,60.0,3.0,5.0,1.0,3.0,0.0,14.0,22.0,29.0,44.0,1.0,2.0,20.0,23.0,7.0,14.0,33.0,9.0,5.0,0.87,1.09,1.37,1.0,1.0,1.0,58.46,47.0,46.12,6.0,0.53,1.3,1.3,2.55,2.5,2.47
847750884814918483455,2025,Howard-Philp-Lazar,EDM,line,5on5,2,683.0,8.0,0.37,0.47,0.45,3.53,0.11,0.18,0.94,0.13,2.04,1.6,0.11,0.11,0.11,4.0,1.0,2.0,7.0,0.0,0.0,0.0,1.0,0.0,1.0,3.0,4.0,5.0,1.0,2.0,2.0,9.0,1.0,2.0,5.0,0.0,0.0,0.11,0.0,0.0,0.0,0.0,0.0,7.04,5.0,5.03,1.0,0.04,0.0,0.0,0.15,0.14,0.14,4.35,0.19,0.22,0.86,0.13,2.63,1.97,0.19,0.18,0.18,3.0,3.0,2.0,8.0,0.0,0.0,0.0,0.0,0.0,2.0,4.0,3.0,6.0,2.0,4.0,2.0,3.0,0.0,3.0,6.0,0.0,0.0,0.19,0.0,0.0,0.0,0.0,0.0,7.8,6.0,5.86,3.0,0.04,0.0,0.0,0.23,0.23,0.23
847796084821558483808,2025,Kuzmenko-Kempe-Laferriere,LAK,line,5on5,5,1286.0,26.0,0.26,0.34,0.29,5.17,0.48,0.31,1.07,0.14,2.79,2.22,0.48,0.49,0.49,6.0,1.0,6.0,13.0,2.0,0.0,0.0,0.0,0.0,3.0,2.0,4.0,5.0,3.0,6.0,6.0,11.0,4.0,9.0,4.0,3.0,0.0,0.11,0.36,0.0,0.0,2.0,0.0,12.83,7.0,7.23,4.0,0.06,0.0,0.0,0.54,0.56,0.56,13.05,1.36,0.77,3.56,0.4,6.24,4.67,1.31,1.43,1.38,10.0,7.0,8.0,25.0,1.0,1.0,0.0,4.0,0.0,8.0,3.0,9.0,16.0,0.0,0.0,20.0,7.0,2.0,5.0,10.0,5.0,2.0,0.29,0.59,0.48,0.0,1.0,0.0,26.33,17.0,18.3,3.0,0.16,0.25,0.25,1.27,1.32,1.27
847584284817048482877,2025,Parssinen-Carrick-Chmelar,NYR,line,5on5,2,754.0,7.0,0.48,0.45,0.38,4.14,0.5,0.33,1.26,0.15,2.19,1.56,0.49,0.5,0.49,3.0,3.0,3.0,9.0,0.0,1.0,0.0,1.0,0.0,2.0,2.0,3.0,6.0,1.0,5.0,8.0,7.0,1.0,2.0,4.0,2.0,0.0,0.18,0.32,0.0,0.0,0.0,0.0,8.83,6.0,5.96,0.0,0.07,0.17,0.17,0.41,0.42,0.42,7.64,0.55,0.44,2.1,0.24,3.85,2.82,0.54,0.59,0.58,10.0,0.0,1.0,11.0,1.0,1.0,0.0,2.0,0.0,2.0,4.0,9.0,9.0,1.0,5.0,2.0,8.0,0.0,3.0,9.0,0.0,1.0,0.24,0.0,0.31,1.0,0.0,0.0,11.43,10.0,10.21,1.0,0.09,0.31,0.31,0.33,0.34,0.34
847937084821468482768,2025,Svechkov-Jost-Evangelista,NSH,line,5on5,5,1338.0,51.0,0.62,0.74,0.78,15.46,1.08,0.9,4.42,0.55,8.21,5.84,1.06,1.1,1.08,16.0,5.0,10.0,31.0,0.0,0.0,0.0,3.0,0.0,10.0,8.0,16.0,21.0,1.0,2.0,7.0,3.0,3.0,3.0,18.0,2.0,1.0,0.58,0.23,0.27,0.0,0.0,0.0,30.6,21.0,20.73,2.0,0.18,0.0,0.0,1.27,1.28,1.26,4.71,0.66,0.35,1.1,0.15,2.21,1.54,0.59,0.63,0.56,5.0,1.0,5.0,11.0,1.0,2.0,1.0,2.0,0.0,0.0,1.0,4.0,5.0,3.0,6.0,10.0,11.0,2.0,4.0,3.0,2.0,1.0,0.11,0.33,0.22,0.0,0.0,1.0,10.98,6.0,5.82,3.0,0.07,0.41,0.41,0.31,0.31,0.3
84763318477504,2025,Morrissey-Demelo,WPG,pairing,5on5,14,11862.0,18.0,0.49,0.45,0.47,81.62,7.67,5.78,20.71,2.72,44.9,31.22,7.28,7.72,7.34,82.0,31.0,37.0,150.0,10.0,9.0,0.0,19.0,0.0,33.0,42.0,72.0,103.0,17.0,34.0,104.0,64.0,16.0,56.0,83.0,21.0,9.0,2.39,2.54,2.74,8.0,0.0,2.0,152.78,113.0,114.73,28.0,1.21,2.16,2.16,6.71,6.78,6.66,95.68,7.93,6.27,23.36,3.03,51.49,37.91,7.66,7.83,7.56,87.0,43.0,56.0,186.0,7.0,7.0,1.0,17.0,0.0,50.0,49.0,80.0,123.0,8.0,16.0,119.0,62.0,18.0,47.0,94.0,32.0,4.0,2.56,4.29,1.08,1.0,5.0,1.0,181.33,130.0,127.75,26.0,1.3,1.19,1.19,8.05,7.96,7.77
847517284826798484860,2025,Gridin-Kadri-Coronato,CGY,line,5on5,4,2138.0,8.0,0.38,0.47,0.46,15.94,1.06,0.97,4.3,0.57,8.33,6.77,1.05,1.04,1.03,12.0,10.0,14.0,36.0,2.0,1.0,0.0,1.0,0.0,9.0,9.0,10.0,20.0,1.0,2.0,15.0,3.0,8.0,13.0,18.0,4.0,0.0,0.59,0.47,0.0,2.0,0.0,0.0,35.13,22.0,21.83,10.0,0.21,0.15,0.15,1.12,1.09,1.08,19.88,1.75,1.23,5.3,0.62,9.55,7.54,1.73,1.77,1.74,22.0,4.0,14.0,40.0,4.0,3.0,1.0,7.0,0.0,3.0,9.0,18.0,22.0,1.0,2.0,30.0,20.0,4.0,7.0,19.0,4.0,3.0,0.48,0.55,0.73,2.0,1.0,1.0,40.15,26.0,25.98,4.0,0.26,0.58,0.58,1.44,1.45,1.44
847805784784628484158,2025,Joshua-Roy-Cowan,TOR,line,5on5,5,1951.0,26.0,0.46,0.56,0.46,12.18,1.08,0.84,2.95,0.4,6.86,4.86,1.05,1.06,1.03,12.0,5.0,16.0,33.0,2.0,1.0,1.0,3.0,0.0,6.0,5.0,10.0,15.0,2.0,4.0,15.0,24.0,4.0,9.0,12.0,5.0,0.0,0.48,0.6,0.0,1.0,1.0,0.0,31.1,17.0,16.37,4.0,0.18,0.11,0.11,1.15,1.13,1.1,14.89,1.25,0.86,3.38,0.45,7.89,6.16,1.25,1.28,1.28,15.0,5.0,6.0,26.0,2.0,1.0,0.0,5.0,0.0,5.0,7.0,13.0,18.0,1.0,2.0,16.0,8.0,3.0,11.0,17.0,2.0,1.0,0.52,0.29,0.44,2.0,0.0,0.0,26.9,20.0,20.7,6.0,0.18,0.44,0.44,0.99,1.02,1.02
847692784807488482055,2025,O'Connor-Blueger-Sherwood,VAN,line,5on5,2,985.0,4.0,0.1,0.22,0.22,2.94,0.12,0.12,0.84,0.09,1.65,1.18,0.12,0.14,0.14,2.0,2.0,1.0,5.0,0.0,0.0,0.0,1.0,0.0,2.0,1.0,2.0,4.0,3.0,9.0,8.0,9.0,1.0,6.0,3.0,1.0,0.0,0.04,0.09,0.0,0.0,0.0,0.0,5.6,4.0,4.38,3.0,0.03,0.0,0.0,0.15,0.17,0.17,10.29,1.08,0.72,3.11,0.35,5.37,3.36,0.9,1.04,0.86,7.0,7.0,4.0,18.0,1.0,2.0,1.0,1.0,0.0,8.0,2.0,6.0,13.0,4.0,11.0,10.0,9.0,0.0,1.0,9.0,3.0,2.0,0.28,0.37,0.43,0.0,0.0,1.0,17.18,14.0,13.63,0.0,0.15,0.24,0.24,0.99,0.94,0.83
84834608484798,2025,Buium-Jiricek,MIN,pairing,5on5,9,3212.0,45.0,0.44,0.47,0.44,27.84,2.89,1.94,7.07,0.93,14.12,10.05,2.8,2.79,2.71,26.0,11.0,15.0,52.0,2.0,4.0,0.0,5.0,0.0,13.0,13.0,24.0,35.0,1.0,2.0,18.0,22.0,7.0,16.0,24.0,9.0,4.0,0.59,1.38,0.92,1.0,0.0,1.0,49.79,37.0,35.98,9.0,0.4,0.65,0.65,2.65,2.56,2.54,34.89,3.64,2.49,8.78,1.16,17.64,13.29,3.52,3.83,3.71,32.0,15.0,11.0,58.0,4.0,4.0,0.0,4.0,0.0,16.0,19.0,28.0,43.0,7.0,14.0,27.0,25.0,4.0,14.0,30.0,11.0,6.0,0.75,1.41,1.48,2.0,0.0,2.0,59.71,47.0,48.23,10.0,0.52,0.8,0.8,3.36,3.53,3.48
847576884834978483524,2025,Schwartz-Wright-Nyman,SEA,line,5on5,3,1137.0,10.0,0.46,0.42,0.31,5.9,0.8,0.4,1.65,0.18,2.93,2.04,0.79,0.84,0.83,6.0,2.0,8.0,16.0,1.0,1.0,1.0,1.0,0.0,2.0,3.0,5.0,7.0,2.0,4.0,5.0,3.0,1.0,9.0,6.0,1.0,1.0,0.16,0.18,0.46,0.0,0.0,1.0,16.74,8.0,8.43,5.0,0.09,0.46,0.46,0.42,0.43,0.42,13.16,0.93,0.77,3.52,0.41,7.05,5.31,0.84,0.93,0.84,13.0,5.0,4.0,22.0,0.0,3.0,0.0,2.0,0.0,9.0,4.0,13.0,18.0,1.0,2.0,12.0,13.0,4.0,5.0,15.0,2.0,1.0,0.36,0.27,0.3,0.0,0.0,0.0,21.49,18.0,17.4,1.0,0.16,0.51,0.51,0.58,0.57,0.51
84781368484798,2025,Middleton-Buium,MIN,pairing,5on5,11,766.0,78.0,0.51,0.61,0.5,5.19,0.56,0.38,1.11,0.16,2.75,2.04,0.53,0.56,0.53,4.0,3.0,4.0,11.0,1.0,0.0,0.0,0.0,0.0,3.0,3.0,3.0,6.0,0.0,0.0,3.0,8.0,1.0,4.0,5.0,1.0,1.0,0.19,0.13,0.24,1.0,0.0,0.0,10.89,7.0,6.81,3.0,0.08,0.0,0.0,0.64,0.64,0.6,5.26,0.54,0.4,1.07,0.14,2.85,2.01,0.52,0.56,0.55,5.0,2.0,0.0,7.0,0.0,0.0,0.0,2.0,0.0,3.0,2.0,5.0,7.0,0.0,0.0,3.0,3.0,3.0,3.0,4.0,3.0,0.0,0.14,0.4,0.0,0.0,0.0,0.0,7.34,7.0,7.32,0.0,0.08,0.0,0.0,0.62,0.65,0.63
847933784834648484794,2025,Debrincat-Kasper-Brandsegg-Nygrd,DET,line,5on5,5,1140.0,48.0,0.74,0.67,0.74,14.41,1.05,0.81,4.13,0.48,7.91,5.62,1.05,1.04,1.04,11.0,9.0,9.0,29.0,0.0,0.0,0.0,3.0,0.0,8.0,9.0,11.0,20.0,0.0,0.0,10.0,9.0,1.0,10.0,15.0,5.0,0.0,0.36,0.69,0.0,0.0,0.0,0.0,29.13,20.0,20.08,3.0,0.17,0.0,0.0,1.22,1.21,1.2,5.13,0.37,0.35,1.52,0.17,2.62,1.97,0.37,0.37,0.37,3.0,4.0,7.0,14.0,1.0,0.0,0.0,2.0,0.0,2.0,2.0,2.0,6.0,0.0,0.0,6.0,11.0,3.0,8.0,6.0,1.0,0.0,0.18,0.19,0.0,0.0,1.0,0.0,13.77,7.0,6.87,6.0,0.07,0.0,0.0,0.45,0.44,0.44
847793984793188482259,2025,Mcmann-Matthews-Nylander,TOR,line,5on5,4,1398.0,37.0,0.38,0.5,0.51,13.45,0.84,0.9,3.43,0.4,7.43,4.99,0.83,0.84,0.82,14.0,4.0,6.0,24.0,1.0,2.0,0.0,2.0,0.0,4.0,9.0,13.0,17.0,1.0,2.0,15.0,9.0,3.0,8.0,14.0,4.0,0.0,0.36,0.48,0.0,0.0,1.0,0.0,23.93,18.0,17.78,3.0,0.19,0.09,0.09,0.94,0.93,0.92,12.3,1.41,0.8,2.95,0.41,6.44,5.0,1.37,1.43,1.4,13.0,4.0,7.0,24.0,0.0,3.0,0.0,0.0,0.0,7.0,7.0,13.0,17.0,0.0,0.0,13.0,6.0,2.0,6.0,13.0,2.0,2.0,0.27,0.24,0.9,0.0,0.0,0.0,24.78,17.0,17.69,4.0,0.16,0.91,0.91,0.66,0.69,0.67
84793258482511,2025,Lohrei-Mcavoy,BOS,pairing,5on5,10,7215.0,19.0,0.41,0.49,0.48,64.49,5.57,4.07,16.68,2.15,33.83,24.71,5.43,5.53,5.39,58.0,29.0,49.0,136.0,7.0,5.0,1.0,13.0,0.0,34.0,28.0,51.0,80.0,14.0,37.0,93.0,51.0,10.0,30.0,65.0,18.0,4.0,1.95,2.3,1.32,5.0,1.0,1.0,133.6,87.0,85.48,12.0,0.85,1.15,1.47,4.94,4.86,4.79,72.17,7.95,5.03,19.18,2.44,35.79,25.62,7.7,8.21,7.96,58.0,38.0,43.0,139.0,10.0,12.0,1.0,13.0,0.0,31.0,30.0,48.0,86.0,16.0,41.0,82.0,57.0,10.0,39.0,60.0,26.0,10.0,1.62,3.61,2.71,4.0,4.0,2.0,142.21,96.0,98.81,18.0,1.07,2.23,2.23,6.79,6.95,6.84
847994484808068482660,2025,Johnson-Lundestrom-Aston-Reese,CBJ,line,5on5,4,1050.0,22.0,0.68,0.54,0.56,7.34,0.53,0.48,1.73,0.22,3.98,3.08,0.52,0.53,0.52,7.0,3.0,4.0,14.0,0.0,0.0,0.0,2.0,0.0,4.0,4.0,7.0,10.0,0.0,0.0,7.0,6.0,0.0,5.0,8.0,2.0,0.0,0.24,0.29,0.0,0.0,0.0,0.0,13.64,10.0,9.62,2.0,0.1,0.0,0.0,0.63,0.63,0.62,6.08,0.25,0.25,1.49,0.22,3.06,2.74,0.25,0.24,0.24,6.0,2.0,4.0,12.0,1.0,0.0,0.0,1.0,0.0,2.0,4.0,5.0,7.0,1.0,2.0,8.0,8.0,0.0,8.0,7.0,1.0,0.0,0.14,0.11,0.0,1.0,0.0,0.0,12.56,8.0,8.09,2.0,0.05,0.0,0.0,0.3,0.29,0.29
84773468480860,2025,Bahl-Weegar,CGY,pairing,5on5,12,1095.0,73.0,0.3,0.45,0.48,9.37,0.39,0.45,2.32,0.29,5.21,4.33,0.38,0.4,0.39,9.0,4.0,4.0,17.0,1.0,0.0,0.0,3.0,0.0,4.0,5.0,8.0,12.0,0.0,0.0,0.0,8.0,1.0,8.0,12.0,1.0,0.0,0.31,0.09,0.0,1.0,0.0,0.0,16.39,13.0,12.75,5.0,0.09,0.0,0.0,0.48,0.49,0.48,9.96,0.91,0.63,2.48,0.4,5.14,4.43,0.9,0.94,0.93,12.0,2.0,7.0,21.0,1.0,2.0,0.0,1.0,0.0,2.0,8.0,11.0,13.0,0.0,0.0,2.0,6.0,1.0,5.0,10.0,3.0,1.0,0.31,0.34,0.27,0.0,1.0,0.0,21.41,14.0,14.27,3.0,0.13,0.35,0.35,0.7,0.71,0.71
848028984810438484135,2025,Koepke-Barron-Ford,WPG,line,5on5,4,1062.0,18.0,0.26,0.44,0.53,6.14,0.25,0.32,1.65,0.2,3.79,2.8,0.25,0.27,0.27,6.0,3.0,2.0,11.0,0.0,0.0,0.0,2.0,0.0,3.0,4.0,6.0,9.0,2.0,4.0,10.0,11.0,3.0,4.0,9.0,0.0,0.0,0.25,0.0,0.0,0.0,0.0,0.0,12.17,9.0,9.66,3.0,0.06,0.0,0.0,0.31,0.33,0.33,5.67,0.71,0.4,1.52,0.21,2.97,2.19,0.69,0.69,0.68,0.0,8.0,6.0,14.0,0.0,0.0,0.0,0.0,0.0,3.0,5.0,0.0,8.0,1.0,2.0,7.0,15.0,1.0,1.0,4.0,4.0,0.0,0.15,0.56,0.0,0.0,0.0,0.0,13.04,8.0,7.55,1.0,0.09,0.0,0.0,0.8,0.78,0.77
847752784800688481754,2025,Johnston-Poehling-Nesterenko,ANA,line,5on5,4,1136.0,29.0,0.11,0.32,0.31,3.16,0.13,0.25,1.09,0.14,1.99,1.4,0.13,0.12,0.12,1.0,4.0,2.0,7.0,0.0,0.0,0.0,1.0,0.0,3.0,1.0,1.0,5.0,1.0,5.0,6.0,14.0,0.0,5.0,5.0,0.0,0.0,0.13,0.0,0.0,0.0,0.0,0.0,6.67,5.0,4.75,1.0,0.05,0.0,0.0,0.18,0.17,0.17,8.33,1.04,0.58,2.22,0.28,3.98,2.91,0.94,1.12,1.02,10.0,1.0,4.0,15.0,1.0,1.0,0.0,2.0,0.0,5.0,2.0,9.0,10.0,3.0,9.0,10.0,12.0,1.0,5.0,7.0,2.0,2.0,0.24,0.29,0.51,0.0,0.0,1.0,16.35,11.0,12.03,4.0,0.12,0.31,0.31,0.85,0.92,0.88
847181784766248478874,2025,Goodrow-Gaudette-Reaves,SJS,line,5on5,6,2158.0,22.0,0.5,0.43,0.37,12.93,1.42,1.11,2.95,0.39,6.82,4.3,1.4,1.4,1.37,12.0,5.0,8.0,25.0,2.0,2.0,0.0,2.0,0.0,5.0,6.0,10.0,15.0,3.0,9.0,19.0,34.0,2.0,9.0,11.0,4.0,2.0,0.35,0.54,0.54,0.0,1.0,1.0,24.33,17.0,16.7,5.0,0.23,0.35,0.35,1.3,1.27,1.25,20.76,1.41,1.32,4.88,0.7,11.81,8.87,1.4,1.52,1.51,20.0,9.0,4.0,33.0,4.0,1.0,0.0,3.0,0.0,13.0,8.0,16.0,25.0,3.0,9.0,22.0,13.0,4.0,12.0,25.0,3.0,1.0,0.85,0.34,0.22,3.0,1.0,0.0,35.28,29.0,30.56,5.0,0.27,0.03,0.03,1.66,1.79,1.77
84768548479325,2025,Lindholm-Mcavoy,BOS,pairing,5on5,7,805.0,55.0,0.28,0.38,0.45,6.82,0.33,0.38,1.85,0.23,3.45,2.77,0.32,0.33,0.33,4.0,5.0,1.0,10.0,0.0,1.0,0.0,1.0,0.0,4.0,3.0,4.0,9.0,1.0,2.0,4.0,8.0,0.0,6.0,8.0,1.0,0.0,0.22,0.1,0.0,0.0,0.0,0.0,10.22,9.0,9.22,3.0,0.08,0.03,0.03,0.37,0.38,0.38,8.37,0.83,0.53,2.08,0.3,3.92,3.33,0.77,0.83,0.78,8.0,3.0,5.0,16.0,0.0,2.0,0.0,2.0,0.0,3.0,4.0,8.0,11.0,0.0,0.0,4.0,9.0,1.0,2.0,7.0,3.0,1.0,0.15,0.46,0.21,0.0,0.0,0.0,16.44,11.0,11.2,0.0,0.11,0.4,0.4,0.54,0.53,0.48
84808078481524,2025,Samuelsson-Byram,BUF,pairing,5on5,10,1209.0,86.0,0.6,0.47,0.47,10.75,1.33,0.81,2.55,0.32,5.27,3.72,1.29,1.32,1.28,12.0,2.0,3.0,17.0,1.0,1.0,0.0,3.0,0.0,4.0,5.0,11.0,13.0,2.0,4.0,5.0,6.0,2.0,6.0,7.0,6.0,1.0,0.2,0.84,0.29,0.0,1.0,0.0,17.54,14.0,14.31,2.0,0.17,0.29,0.29,1.21,1.21,1.2,11.09,0.89,0.67,2.99,0.35,6.24,4.85,0.84,0.9,0.85,13.0,3.0,3.0,19.0,2.0,1.0,0.0,0.0,0.0,5.0,8.0,11.0,14.0,2.0,4.0,10.0,13.0,1.0,3.0,13.0,2.0,1.0,0.32,0.23,0.35,1.0,1.0,0.0,18.9,16.0,15.92,2.0,0.14,0.35,0.35,0.69,0.69,0.67
84794028481167,2025,Bean-Pachal,CGY,pairing,5on5,4,2339.0,12.0,0.66,0.52,0.56,19.99,1.69,1.24,5.48,0.77,10.62,8.19,1.65,1.71,1.67,16.0,12.0,7.0,35.0,2.0,2.0,1.0,5.0,0.0,8.0,11.0,14.0,26.0,5.0,10.0,12.0,22.0,2.0,14.0,20.0,7.0,1.0,0.46,0.86,0.37,0.0,1.0,1.0,34.97,28.0,28.29,8.0,0.26,0.5,0.5,1.45,1.48,1.45,14.46,0.86,0.97,4.22,0.55,9.22,6.18,0.86,0.85,0.85,13.0,9.0,10.0,32.0,4.0,0.0,0.0,5.0,0.0,7.0,6.0,9.0,18.0,2.0,6.0,19.0,13.0,5.0,17.0,21.0,1.0,0.0,0.73,0.13,0.0,4.0,0.0,0.0,32.44,22.0,22.02,6.0,0.2,0.0,0.0,1.07,1.06,1.05
84745748480058,2025,Joseph-Myers,VAN,pairing,5on5,8,2387.0,45.0,0.41,0.47,0.42,16.53,1.36,0.98,3.92,0.52,8.32,6.9,1.34,1.36,1.34,12.0,10.0,12.0,34.0,1.0,1.0,0.0,3.0,0.0,10.0,7.0,11.0,21.0,3.0,6.0,8.0,15.0,3.0,9.0,17.0,3.0,2.0,0.41,0.48,0.48,1.0,0.0,0.0,34.06,22.0,22.04,4.0,0.21,0.27,0.27,1.3,1.31,1.3,22.15,1.99,1.44,5.74,0.76,12.18,8.89,1.86,1.98,1.84,21.0,10.0,8.0,39.0,2.0,3.0,1.0,2.0,0.0,15.0,9.0,19.0,29.0,1.0,2.0,15.0,14.0,4.0,7.0,23.0,6.0,2.0,0.59,0.88,0.53,1.0,0.0,1.0,39.39,31.0,31.2,7.0,0.3,0.57,0.57,1.73,1.71,1.65
84768758483457,2025,Hutson-Matheson,MTL,pairing,5on5,12,766.0,102.0,0.71,0.64,0.68,9.53,0.88,0.66,1.92,0.3,5.15,4.09,0.87,0.87,0.85,10.0,3.0,1.0,14.0,1.0,2.0,0.0,3.0,0.0,1.0,6.0,9.0,12.0,1.0,2.0,0.0,0.0,1.0,5.0,8.0,5.0,0.0,0.36,0.53,0.0,0.0,1.0,0.0,13.91,13.0,12.9,5.0,0.13,0.28,0.28,0.74,0.73,0.73,4.57,0.35,0.32,0.95,0.14,2.61,1.62,0.34,0.35,0.33,6.0,0.0,2.0,8.0,1.0,0.0,0.0,0.0,0.0,3.0,2.0,5.0,5.0,1.0,2.0,2.0,2.0,0.0,2.0,5.0,1.0,0.0,0.17,0.18,0.0,1.0,0.0,0.0,8.04,6.0,5.96,0.0,0.06,0.0,0.0,0.42,0.41,0.39
847798784816248483450,2025,Greene-Donato-Mikheyev,CHI,line,5on5,7,649.0,64.0,0.64,0.43,0.4,5.98,0.67,0.43,1.66,0.2,3.05,1.99,0.6,0.65,0.58,7.0,1.0,1.0,9.0,0.0,1.0,0.0,2.0,0.0,3.0,2.0,7.0,8.0,2.0,4.0,4.0,4.0,2.0,3.0,5.0,2.0,1.0,0.2,0.24,0.23,0.0,0.0,0.0,8.93,8.0,7.9,2.0,0.09,0.14,0.14,0.63,0.6,0.54,8.67,0.37,0.49,2.08,0.26,5.02,3.78,0.37,0.38,0.37,10.0,2.0,0.0,12.0,0.0,0.0,0.0,3.0,0.0,7.0,2.0,10.0,12.0,1.0,2.0,5.0,4.0,1.0,4.0,10.0,2.0,0.0,0.18,0.19,0.0,0.0,0.0,0.0,11.84,12.0,11.84,2.0,0.1,0.0,0.0,0.47,0.48,0.47
847841384826598482896,2025,Greenway-Kozak-Doan,BUF,line,5on5,1,618.0,2.0,0.69,0.56,0.53,6.08,0.48,0.42,1.59,0.18,3.03,2.3,0.43,0.48,0.42,6.0,2.0,6.0,14.0,0.0,1.0,0.0,3.0,0.0,1.0,3.0,6.0,8.0,2.0,4.0,8.0,4.0,1.0,2.0,5.0,3.0,0.0,0.15,0.33,0.0,0.0,0.0,0.0,13.14,8.0,7.66,2.0,0.09,0.09,0.09,0.48,0.48,0.43,5.33,0.22,0.27,1.3,0.16,2.9,2.14,0.22,0.22,0.21,4.0,3.0,4.0,11.0,0.0,0.0,0.0,1.0,0.0,5.0,1.0,4.0,7.0,2.0,4.0,7.0,3.0,0.0,6.0,7.0,0.0,0.0,0.22,0.0,0.0,0.0,0.0,0.0,11.21,7.0,7.15,4.0,0.06,0.0,0.0,0.28,0.27,0.27
847514984788648482079,2025,Johansson-Rossi-Kaprizov,MIN,line,5on5,9,4637.0,35.0,0.46,0.48,0.47,33.24,2.74,2.2,8.47,1.05,18.41,13.12,2.64,2.67,2.57,30.0,16.0,15.0,61.0,3.0,2.0,0.0,7.0,0.0,17.0,17.0,27.0,43.0,2.0,4.0,39.0,21.0,4.0,28.0,37.0,5.0,4.0,0.95,0.72,1.07,2.0,0.0,1.0,59.2,46.0,45.03,14.0,0.46,0.59,0.59,2.61,2.54,2.48,36.75,3.26,2.45,9.42,1.2,20.18,14.49,3.15,3.45,3.34,33.0,18.0,15.0,66.0,4.0,2.0,1.0,9.0,0.0,17.0,19.0,29.0,47.0,3.0,6.0,47.0,20.0,9.0,20.0,39.0,10.0,2.0,1.19,1.25,0.82,2.0,1.0,1.0,69.58,51.0,53.69,12.0,0.51,0.82,0.82,2.95,3.11,3.06
847518484788738484153,2025,Kreider-Carlsson-Terry,ANA,line,5on5,9,4185.0,28.0,0.69,0.63,0.61,44.4,4.82,3.08,11.29,1.6,24.73,17.49,4.63,4.91,4.71,34.0,29.0,31.0,94.0,3.0,7.0,0.0,9.0,0.0,25.0,19.0,31.0,60.0,6.0,12.0,41.0,8.0,3.0,19.0,45.0,11.0,7.0,1.42,1.33,2.08,2.0,1.0,0.0,97.18,63.0,64.8,10.0,0.64,1.63,1.63,3.83,3.93,3.79,30.14,2.17,1.89,7.6,0.96,16.57,11.82,2.16,2.16,2.15,31.0,10.0,15.0,56.0,2.0,0.0,0.0,6.0,1.0,12.0,20.0,29.0,39.0,6.0,12.0,43.0,25.0,7.0,29.0,31.0,9.0,1.0,0.9,1.06,0.21,0.0,2.0,0.0,55.23,41.0,40.83,13.0,0.39,0.0,0.0,2.56,2.55,2.54
84757538481598,2025,Broberg-Faulk,STL,pairing,5on5,16,6974.0,71.0,0.58,0.52,0.52,52.26,5.97,3.57,12.56,1.75,26.62,19.52,5.58,5.92,5.52,48.0,22.0,31.0,101.0,2.0,4.0,0.0,7.0,0.0,26.0,31.0,46.0,68.0,9.0,18.0,58.0,52.0,8.0,32.0,44.0,16.0,10.0,1.15,2.32,2.5,1.0,0.0,1.0,99.98,70.0,68.36,20.0,0.75,0.93,1.07,5.66,5.61,5.29,49.15,4.38,3.11,11.74,1.5,25.41,18.86,4.29,4.39,4.3,48.0,17.0,27.0,92.0,4.0,2.0,0.0,10.0,0.0,24.0,25.0,44.0,61.0,9.0,18.0,64.0,29.0,11.0,37.0,47.0,14.0,4.0,1.2,1.95,1.22,1.0,3.0,0.0,93.9,65.0,66.13,18.0,0.65,0.78,0.78,4.25,4.28,4.24
847794984794208480802,2025,Thompson-Mcleod-Tuch,BUF,line,5on5,2,798.0,16.0,0.72,0.46,0.45,7.63,0.75,0.4,1.81,0.22,3.79,3.03,0.75,0.76,0.76,7.0,3.0,1.0,11.0,2.0,0.0,0.0,1.0,0.0,3.0,4.0,5.0,8.0,1.0,2.0,6.0,3.0,1.0,9.0,7.0,2.0,1.0,0.24,0.25,0.26,1.0,1.0,0.0,10.88,10.0,9.89,3.0,0.08,0.0,0.0,0.83,0.84,0.84,8.58,0.3,0.41,2.41,0.27,5.03,3.58,0.29,0.29,0.29,7.0,5.0,1.0,13.0,1.0,0.0,0.0,3.0,0.0,4.0,4.0,6.0,11.0,1.0,2.0,7.0,6.0,0.0,7.0,12.0,0.0,0.0,0.3,0.0,0.0,1.0,0.0,0.0,13.31,12.0,12.24,3.0,0.08,0.0,0.0,0.38,0.37,0.37
84800358480828,2025,Callahan-Jokiharju,BOS,pairing,5on5,3,2255.0,7.0,0.59,0.56,0.63,21.66,1.92,1.31,5.45,0.72,10.9,8.69,1.73,1.88,1.7,20.0,9.0,5.0,34.0,2.0,4.0,0.0,6.0,0.0,8.0,9.0,18.0,27.0,2.0,4.0,18.0,17.0,2.0,11.0,22.0,5.0,2.0,0.53,0.8,0.59,1.0,1.0,0.0,33.19,29.0,28.71,6.0,0.28,0.77,0.77,1.42,1.41,1.39,12.7,1.36,0.84,3.03,0.41,6.61,4.76,1.31,1.43,1.38,12.0,5.0,10.0,27.0,3.0,1.0,0.0,1.0,0.0,9.0,3.0,9.0,14.0,1.0,2.0,23.0,19.0,2.0,10.0,11.0,4.0,2.0,0.39,0.52,0.46,1.0,1.0,1.0,27.87,17.0,17.53,5.0,0.17,0.12,0.12,1.42,1.49,1.44
847410284780208481528,2025,Perron-Cozens-Amadio,OTT,line,5on5,4,1398.0,16.0,0.74,0.63,0.69,13.32,0.89,0.78,3.38,0.39,7.28,5.29,0.88,0.86,0.86,14.0,4.0,4.0,22.0,0.0,1.0,0.0,6.0,0.0,8.0,3.0,14.0,18.0,2.0,4.0,13.0,18.0,3.0,8.0,15.0,2.0,1.0,0.33,0.3,0.26,0.0,0.0,0.0,20.85,18.0,17.18,3.0,0.16,0.19,0.19,0.86,0.83,0.82,5.81,0.31,0.31,1.65,0.19,3.13,2.41,0.31,0.31,0.31,6.0,2.0,5.0,13.0,0.0,0.0,0.0,0.0,0.0,6.0,2.0,6.0,8.0,4.0,8.0,11.0,16.0,1.0,10.0,8.0,0.0,0.0,0.31,0.0,0.0,0.0,0.0,0.0,13.75,8.0,8.27,7.0,0.06,0.0,0.0,0.37,0.38,0.37
847414184793378483464,2025,Kane-Kasper-Debrincat,DET,line,5on5,6,3713.0,10.0,0.44,0.54,0.55,32.34,2.24,1.89,8.2,1.1,19.1,13.47,2.19,2.15,2.1,35.0,11.0,13.0,59.0,2.0,2.0,0.0,7.0,1.0,19.0,15.0,33.0,44.0,3.0,6.0,29.0,25.0,7.0,19.0,39.0,6.0,1.0,1.17,0.74,0.33,1.0,1.0,0.0,55.98,46.0,44.04,7.0,0.38,0.31,0.31,2.31,2.21,2.17,27.94,2.84,1.85,7.62,0.94,14.56,10.21,2.72,3.0,2.87,27.0,11.0,12.0,50.0,4.0,5.0,0.0,9.0,0.0,10.0,10.0,23.0,34.0,1.0,2.0,33.0,22.0,4.0,19.0,28.0,6.0,4.0,0.89,0.76,1.19,1.0,3.0,0.0,51.96,38.0,39.12,9.0,0.39,1.25,1.25,1.98,2.07,2.05
847804784827688484241,2025,Bunting-Svechkov-Wood,NSH,line,5on5,6,1883.0,26.0,0.4,0.51,0.44,12.8,0.95,0.9,3.16,0.48,8.26,5.26,0.94,0.92,0.92,13.0,6.0,11.0,30.0,1.0,1.0,0.0,2.0,0.0,10.0,5.0,12.0,18.0,1.0,2.0,13.0,8.0,1.0,5.0,15.0,4.0,0.0,0.44,0.5,0.0,1.0,0.0,0.0,29.45,19.0,18.75,4.0,0.18,0.17,0.17,0.96,0.95,0.94,17.49,1.39,1.07,4.4,0.71,9.35,7.08,1.35,1.42,1.38,16.0,8.0,5.0,29.0,2.0,1.0,0.0,6.0,0.0,9.0,6.0,14.0,22.0,1.0,2.0,13.0,14.0,0.0,6.0,17.0,6.0,1.0,0.42,0.64,0.33,0.0,1.0,1.0,29.02,24.0,24.18,5.0,0.22,0.13,0.13,1.48,1.52,1.48
847515884768878484241,2025,Forsberg-O'Reilly-Wood,NSH,line,5on5,5,2001.0,18.0,0.44,0.44,0.41,18.15,2.24,1.36,4.59,0.57,8.99,6.24,2.09,2.15,2.01,22.0,2.0,8.0,32.0,3.0,4.0,1.0,4.0,0.0,6.0,7.0,19.0,21.0,3.0,6.0,18.0,13.0,5.0,7.0,16.0,3.0,5.0,0.38,0.35,1.51,1.0,1.0,1.0,31.37,24.0,23.6,3.0,0.29,1.28,1.28,1.25,1.21,1.17,24.33,2.79,1.86,6.11,0.87,12.89,9.48,2.64,2.94,2.77,17.0,17.0,7.0,41.0,0.0,2.0,0.0,9.0,0.0,9.0,14.0,17.0,34.0,1.0,2.0,19.0,12.0,1.0,14.0,23.0,7.0,4.0,0.67,0.9,1.23,0.0,0.0,0.0,42.29,34.0,35.04,4.0,0.39,0.66,0.66,2.53,2.64,2.46
847398684834458484153,2025,Gauthier-Carlsson-Killorn,ANA,line,5on5,3,1756.0,5.0,0.44,0.54,0.5,15.09,1.44,1.02,3.81,0.49,8.41,5.83,1.42,1.52,1.5,18.0,3.0,12.0,33.0,3.0,1.0,1.0,9.0,0.0,5.0,3.0,15.0,18.0,0.0,0.0,16.0,4.0,3.0,9.0,15.0,5.0,1.0,0.42,0.66,0.36,1.0,1.0,1.0,34.1,21.0,21.75,5.0,0.21,0.36,0.36,1.29,1.35,1.33,15.64,1.82,1.12,3.58,0.55,7.97,5.96,1.34,1.72,1.27,13.0,8.0,7.0,28.0,0.0,4.0,0.0,3.0,0.0,5.0,9.0,13.0,21.0,3.0,6.0,16.0,12.0,2.0,16.0,11.0,7.0,3.0,0.25,0.88,0.69,0.0,0.0,0.0,26.39,21.0,19.81,5.0,0.24,0.53,0.53,1.52,1.44,1.26
847515884768878482146,2025,Forsberg-O'Reilly-Evangelista,NSH,line,5on5,11,4407.0,72.0,0.7,0.7,0.67,45.86,4.31,3.19,11.13,1.56,25.63,18.19,4.08,4.22,4.0,44.0,20.0,40.0,104.0,5.0,7.0,1.0,8.0,0.0,26.0,18.0,39.0,59.0,5.0,10.0,51.0,17.0,5.0,22.0,46.0,13.0,5.0,1.35,1.75,1.21,2.0,2.0,1.0,102.3,64.0,62.6,9.0,0.67,1.13,1.13,3.84,3.78,3.69,22.95,1.84,1.44,5.96,0.72,12.2,8.85,1.8,1.91,1.88,23.0,8.0,14.0,45.0,3.0,3.0,0.0,8.0,0.0,6.0,11.0,20.0,28.0,8.0,16.0,37.0,20.0,5.0,30.0,26.0,2.0,3.0,0.7,0.25,0.88,1.0,1.0,1.0,45.82,31.0,31.77,14.0,0.3,0.66,0.66,1.47,1.55,1.54
847687384808298484203,2025,Nadeau-Jankowski-Kotkaniemi,CAR,line,5on5,6,2693.0,23.0,0.43,0.55,0.57,24.43,1.49,1.36,7.64,0.84,13.24,9.42,1.46,1.54,1.51,17.0,17.0,14.0,48.0,2.0,1.0,0.0,8.0,0.0,12.0,11.0,15.0,32.0,1.0,2.0,34.0,23.0,0.0,15.0,29.0,4.0,1.0,0.86,0.42,0.21,2.0,0.0,0.0,50.34,34.0,35.55,8.0,0.28,0.13,0.13,1.64,1.7,1.67,19.46,1.98,1.42,4.44,0.7,9.81,7.65,1.82,1.96,1.81,19.0,7.0,13.0,39.0,1.0,3.0,0.0,5.0,0.0,7.0,10.0,18.0,25.0,2.0,4.0,31.0,33.0,2.0,15.0,16.0,8.0,2.0,0.37,0.92,0.69,0.0,1.0,0.0,37.62,26.0,25.52,12.0,0.29,0.81,0.81,1.47,1.48,1.41
847796484784038478483,2025,Barbashev-Eichel-Marner,VGK,line,5on5,9,3504.0,35.0,0.48,0.49,0.54,40.81,3.46,2.46,10.61,1.38,21.37,16.72,3.33,3.44,3.31,39.0,17.0,10.0,66.0,6.0,5.0,1.0,3.0,0.0,17.0,25.0,33.0,50.0,1.0,2.0,27.0,24.0,8.0,21.0,39.0,16.0,1.0,1.09,2.11,0.25,2.0,4.0,0.0,65.56,56.0,55.41,8.0,0.51,0.69,0.69,3.28,3.24,3.18,34.55,3.75,2.16,8.38,1.1,17.89,13.72,3.65,3.76,3.66,27.0,20.0,22.0,69.0,1.0,4.0,0.0,7.0,0.0,21.0,14.0,26.0,46.0,4.0,8.0,25.0,23.0,6.0,15.0,34.0,10.0,3.0,0.98,1.41,1.36,0.0,0.0,1.0,70.11,47.0,47.46,7.0,0.45,1.23,1.23,2.97,3.01,2.94
84783978482165,2025,Kuznetsov-Andersson,CGY,pairing,5on5,2,815.0,6.0,0.6,0.43,0.5,7.4,0.49,0.44,2.24,0.24,3.83,2.75,0.47,0.48,0.45,7.0,3.0,0.0,10.0,1.0,1.0,0.0,0.0,0.0,4.0,4.0,6.0,9.0,2.0,7.0,12.0,5.0,1.0,6.0,8.0,1.0,1.0,0.19,0.11,0.2,0.0,1.0,0.0,9.53,10.0,9.52,1.0,0.09,0.2,0.2,0.39,0.37,0.37,7.4,0.33,0.36,1.99,0.21,3.91,3.2,0.33,0.36,0.36,8.0,2.0,3.0,13.0,0.0,0.0,0.0,3.0,0.0,3.0,4.0,8.0,10.0,2.0,7.0,4.0,7.0,2.0,2.0,9.0,1.0,0.0,0.25,0.08,0.0,0.0,0.0,0.0,14.08,10.0,10.72,1.0,0.07,0.0,0.0,0.4,0.43,0.43
84821768484783,2025,Kaiser-Levshunov,CHI,pairing,5on5,14,5401.0,57.0,0.47,0.49,0.45,40.58,4.11,2.87,10.28,1.35,21.1,15.29,3.97,4.24,4.1,38.0,17.0,25.0,80.0,1.0,3.0,0.0,7.0,0.0,25.0,19.0,37.0,54.0,7.0,14.0,41.0,42.0,9.0,35.0,33.0,16.0,6.0,0.75,1.98,1.39,0.0,1.0,0.0,81.73,55.0,56.02,16.0,0.6,0.69,0.69,4.02,4.18,4.07,50.28,4.64,3.48,12.74,1.68,26.1,19.37,4.46,4.48,4.31,42.0,26.0,16.0,84.0,3.0,5.0,1.0,8.0,0.0,28.0,24.0,39.0,65.0,5.0,10.0,47.0,44.0,1.0,24.0,51.0,9.0,8.0,1.41,1.2,2.03,1.0,1.0,1.0,81.2,68.0,65.65,11.0,0.72,1.16,1.16,4.2,4.09,4.04
847464184764548478458,2025,Henrique-Nugent-Hopkins-Roslovic,EDM,line,5on5,4,682.0,49.0,0.8,0.71,0.68,8.68,0.86,0.69,2.45,0.39,5.05,3.56,0.81,0.85,0.81,10.0,3.0,7.0,20.0,0.0,4.0,0.0,1.0,0.0,7.0,1.0,10.0,13.0,2.0,4.0,7.0,4.0,0.0,3.0,10.0,2.0,1.0,0.29,0.27,0.3,0.0,0.0,0.0,19.38,13.0,12.57,0.0,0.14,0.58,0.58,0.42,0.42,0.41,4.33,0.21,0.23,0.95,0.13,2.54,1.94,0.21,0.22,0.22,5.0,1.0,2.0,8.0,1.0,0.0,0.0,1.0,0.0,1.0,3.0,4.0,5.0,0.0,0.0,3.0,4.0,1.0,4.0,6.0,0.0,0.0,0.21,0.0,0.0,1.0,0.0,0.0,8.28,6.0,6.3,3.0,0.05,0.0,0.0,0.26,0.27,0.27
84793698482511,2025,Lohrei-Peeke,BOS,pairing,5on5,10,1988.0,64.0,0.29,0.35,0.39,11.8,0.71,0.85,3.16,0.49,7.19,5.61,0.71,0.69,0.69,11.0,7.0,8.0,26.0,2.0,2.0,1.0,3.0,0.0,6.0,5.0,9.0,16.0,1.0,2.0,21.0,15.0,0.0,10.0,16.0,1.0,1.0,0.32,0.18,0.22,2.0,0.0,0.0,24.95,18.0,17.59,7.0,0.17,0.23,0.23,0.66,0.65,0.64,19.66,1.73,1.25,5.07,0.66,11.19,8.1,1.7,1.77,1.74,15.0,13.0,20.0,48.0,0.0,0.0,0.0,10.0,0.0,6.0,12.0,15.0,28.0,1.0,2.0,15.0,9.0,5.0,11.0,21.0,6.0,1.0,0.57,0.86,0.29,0.0,0.0,0.0,48.72,28.0,28.52,5.0,0.26,0.0,0.0,1.99,2.04,2.0
847740284793858480023,2025,Buchnevich-Thomas-Kyrou,STL,line,5on5,2,699.0,13.0,0.92,0.71,0.75,2.47,0.26,0.21,0.6,0.06,1.13,0.74,0.26,0.23,0.23,2.0,1.0,2.0,5.0,0.0,0.0,0.0,0.0,0.0,2.0,1.0,2.0,3.0,0.0,0.0,8.0,0.0,1.0,3.0,2.0,1.0,0.0,0.1,0.16,0.0,0.0,0.0,0.0,4.55,3.0,2.65,2.0,0.04,0.0,0.0,0.31,0.27,0.27,0.58,0.02,0.05,0.13,0.02,0.48,0.29,0.02,0.02,0.02,1.0,0.0,1.0,2.0,0.0,0.0,0.0,0.0,0.0,0.0,1.0,1.0,1.0,1.0,2.0,6.0,2.0,0.0,4.0,1.0,0.0,0.0,0.02,0.0,0.0,0.0,0.0,0.0,2.31,1.0,1.15,2.0,0.01,0.0,0.0,0.03,0.04,0.04
847942084834688484145,2025,Benson-Kulich-Thompson,BUF,line,5on5,8,5337.0,9.0,0.51,0.51,0.49,41.51,3.53,2.73,10.94,1.39,21.56,15.84,3.4,3.55,3.42,35.0,21.0,33.0,89.0,4.0,5.0,0.0,7.0,0.0,20.0,20.0,31.0,52.0,8.0,16.0,45.0,22.0,7.0,21.0,41.0,12.0,3.0,1.08,1.52,0.93,1.0,3.0,0.0,89.91,56.0,56.28,7.0,0.57,1.19,1.19,2.91,2.92,2.87,43.38,3.41,2.83,10.87,1.45,22.0,17.43,3.26,3.43,3.28,38.0,20.0,29.0,87.0,3.0,4.0,0.0,8.0,0.0,23.0,20.0,35.0,55.0,8.0,16.0,57.0,44.0,9.0,27.0,43.0,14.0,1.0,1.16,1.84,0.41,0.0,3.0,0.0,86.05,58.0,58.14,11.0,0.59,0.52,0.52,3.48,3.49,3.39
848044884816418484149,2025,Kiviranta-Kelly-Brindley,COL,line,5on5,5,1705.0,19.0,0.65,0.44,0.46,8.02,0.93,0.59,2.18,0.31,4.08,2.9,0.91,0.93,0.92,10.0,1.0,12.0,23.0,1.0,2.0,0.0,0.0,0.0,5.0,3.0,9.0,10.0,2.0,4.0,13.0,22.0,2.0,9.0,7.0,3.0,1.0,0.26,0.39,0.28,1.0,0.0,0.0,23.62,11.0,11.28,5.0,0.13,0.31,0.31,0.74,0.76,0.75,9.45,0.5,0.54,2.23,0.29,5.19,4.25,0.5,0.47,0.47,6.0,7.0,16.0,29.0,0.0,0.0,0.0,0.0,0.0,9.0,4.0,6.0,13.0,5.0,12.0,13.0,16.0,0.0,11.0,11.0,2.0,0.0,0.29,0.21,0.0,0.0,0.0,0.0,27.22,13.0,12.42,4.0,0.11,0.0,0.0,0.6,0.58,0.58
847646184779898484387,2025,Couturier-Dvorak-Michkov,PHI,line,5on5,3,771.0,23.0,0.62,0.55,0.52,8.57,0.93,0.61,2.18,0.33,4.57,3.38,0.89,0.97,0.93,9.0,3.0,4.0,16.0,0.0,2.0,0.0,2.0,0.0,5.0,3.0,9.0,12.0,2.0,4.0,8.0,3.0,1.0,7.0,7.0,5.0,0.0,0.17,0.76,0.0,0.0,0.0,0.0,16.13,12.0,12.17,3.0,0.13,0.19,0.19,0.87,0.91,0.89,8.36,0.57,0.46,1.95,0.25,4.16,3.61,0.57,0.56,0.56,5.0,6.0,2.0,13.0,0.0,0.0,0.0,2.0,0.0,4.0,5.0,5.0,11.0,0.0,0.0,7.0,6.0,0.0,3.0,8.0,3.0,0.0,0.23,0.34,0.0,0.0,0.0,0.0,13.0,11.0,11.02,1.0,0.09,0.0,0.0,0.67,0.65,0.65
847793384801858482113,2025,Luostarinen-Lundell-Reinhart,FLA,line,5on5,11,2648.0,64.0,0.71,0.57,0.65,26.73,2.23,1.74,6.37,0.89,14.64,11.14,2.17,2.21,2.15,28.0,9.0,8.0,45.0,1.0,3.0,0.0,10.0,0.0,10.0,13.0,27.0,36.0,2.0,4.0,30.0,12.0,0.0,12.0,27.0,8.0,2.0,0.76,0.93,0.54,0.0,1.0,0.0,45.72,37.0,37.28,5.0,0.36,0.62,0.62,1.97,1.96,1.93,14.75,0.9,0.94,3.42,0.44,8.17,6.11,0.9,0.92,0.92,9.0,11.0,14.0,34.0,2.0,0.0,0.0,2.0,1.0,8.0,7.0,7.0,18.0,3.0,8.0,30.0,16.0,6.0,14.0,17.0,3.0,0.0,0.5,0.4,0.0,1.0,1.0,0.0,34.02,20.0,19.96,6.0,0.19,0.0,0.0,1.09,1.11,1.11
847794684793378484471,2025,Finnie-Larkin-Debrincat,DET,line,5on5,4,678.0,46.0,0.63,0.48,0.5,6.99,0.98,0.54,1.58,0.2,3.35,2.34,0.9,0.98,0.9,5.0,4.0,4.0,13.0,0.0,1.0,0.0,0.0,0.0,5.0,3.0,5.0,9.0,1.0,2.0,6.0,8.0,0.0,2.0,5.0,1.0,3.0,0.18,0.14,0.66,0.0,0.0,0.0,12.19,9.0,8.68,1.0,0.12,0.24,0.24,0.86,0.86,0.82,6.18,0.58,0.46,1.69,0.22,3.67,2.38,0.55,0.59,0.55,6.0,3.0,5.0,14.0,1.0,0.0,0.0,2.0,0.0,5.0,1.0,5.0,8.0,1.0,2.0,7.0,6.0,1.0,3.0,6.0,3.0,0.0,0.23,0.36,0.0,1.0,0.0,0.0,14.75,9.0,9.29,2.0,0.1,0.0,0.0,0.68,0.68,0.65
847578484849118485402,2025,Skinner-Misa-Graf,SJS,line,5on5,2,738.0,7.0,0.45,0.28,0.32,4.94,0.68,0.37,1.19,0.17,2.68,1.91,0.6,0.62,0.55,5.0,2.0,1.0,8.0,0.0,1.0,0.0,1.0,0.0,3.0,2.0,5.0,7.0,0.0,0.0,8.0,5.0,1.0,6.0,4.0,2.0,1.0,0.1,0.28,0.3,0.0,0.0,0.0,7.39,7.0,6.49,3.0,0.08,0.3,0.3,0.46,0.42,0.39,11.46,0.83,0.66,3.45,0.34,5.65,4.06,0.79,0.87,0.84,12.0,3.0,6.0,21.0,1.0,1.0,1.0,3.0,0.0,7.0,3.0,11.0,14.0,2.0,4.0,8.0,1.0,1.0,2.0,12.0,2.0,1.0,0.27,0.3,0.26,0.0,0.0,1.0,22.11,15.0,15.81,0.0,0.14,0.26,0.26,0.7,0.74,0.73
847121584775118478438,2025,Novak-Malkin-Mantha,PIT,line,5on5,2,1084.0,4.0,0.15,0.2,0.1,1.41,0.25,0.09,0.38,0.06,0.73,0.49,0.25,0.25,0.25,0.0,2.0,4.0,6.0,0.0,0.0,0.0,0.0,0.0,2.0,0.0,0.0,2.0,1.0,2.0,6.0,8.0,1.0,3.0,0.0,2.0,0.0,0.0,0.25,0.0,0.0,0.0,0.0,6.16,2.0,2.0,2.0,0.02,0.0,0.0,0.27,0.27,0.27,13.29,1.41,0.75,3.34,0.44,6.83,5.23,1.34,1.4,1.32,13.0,5.0,6.0,24.0,0.0,2.0,0.0,3.0,0.0,7.0,6.0,13.0,18.0,3.0,6.0,10.0,9.0,5.0,4.0,11.0,6.0,1.0,0.37,0.72,0.31,0.0,0.0,0.0,23.25,18.0,17.64,3.0,0.16,0.47,0.47,1.1,1.08,1.07
84764678482858,2025,Evans-Oleksiak,SEA,pairing,5on5,1,680.0,3.0,0.45,0.5,0.5,6.77,0.5,0.42,1.53,0.21,3.56,2.76,0.5,0.5,0.5,8.0,1.0,2.0,11.0,1.0,0.0,0.0,1.0,0.0,5.0,2.0,7.0,8.0,0.0,0.0,2.0,6.0,1.0,3.0,7.0,2.0,0.0,0.15,0.35,0.0,1.0,0.0,0.0,10.7,9.0,8.84,1.0,0.09,0.0,0.0,0.59,0.59,0.59,6.51,0.61,0.54,1.63,0.22,3.57,2.43,0.58,0.6,0.57,6.0,3.0,2.0,11.0,1.0,1.0,0.0,2.0,0.0,4.0,1.0,5.0,8.0,1.0,2.0,6.0,7.0,0.0,4.0,6.0,3.0,0.0,0.15,0.46,0.0,0.0,1.0,0.0,11.21,9.0,9.22,2.0,0.12,0.01,0.01,0.71,0.7,0.67
847752784800688482118,2025,Johnston-Poehling-Colangelo,ANA,line,5on5,6,1531.0,42.0,0.63,0.53,0.42,10.6,1.39,0.74,2.65,0.42,5.69,4.11,1.38,1.46,1.44,9.0,6.0,12.0,27.0,2.0,3.0,1.0,2.0,0.0,5.0,3.0,7.0,13.0,3.0,12.0,17.0,10.0,2.0,9.0,8.0,6.0,1.0,0.21,0.95,0.23,0.0,2.0,0.0,27.73,15.0,15.37,4.0,0.15,0.42,0.42,1.13,1.18,1.18,15.79,0.81,0.82,4.35,0.49,8.21,6.31,0.8,0.79,0.78,19.0,2.0,3.0,24.0,2.0,1.0,1.0,5.0,0.0,7.0,6.0,17.0,19.0,3.0,12.0,13.0,12.0,1.0,8.0,19.0,2.0,0.0,0.55,0.26,0.0,1.0,1.0,0.0,23.61,21.0,20.78,6.0,0.17,0.18,0.18,0.8,0.78,0.76
847515884768878485405,2025,Forsberg-O'Reilly-Martin,NSH,line,5on5,3,1041.0,10.0,0.56,0.43,0.46,9.5,0.98,0.58,2.78,0.38,4.91,3.37,0.96,0.95,0.93,6.0,7.0,3.0,16.0,1.0,2.0,0.0,2.0,0.0,4.0,4.0,5.0,12.0,1.0,2.0,12.0,5.0,1.0,3.0,10.0,1.0,2.0,0.32,0.2,0.46,1.0,0.0,0.0,15.68,13.0,12.86,3.0,0.12,0.27,0.27,0.83,0.81,0.8,11.1,0.78,0.65,3.16,0.37,5.89,4.14,0.76,0.81,0.8,13.0,2.0,6.0,21.0,1.0,1.0,0.0,6.0,0.0,5.0,2.0,12.0,14.0,1.0,2.0,10.0,10.0,1.0,8.0,13.0,1.0,1.0,0.41,0.13,0.24,0.0,0.0,1.0,21.62,15.0,15.44,1.0,0.14,0.04,0.04,0.88,0.92,0.91
848165684820888484186,2025,Protas-Sourdif-Leonard,WSH,line,5on5,5,1047.0,46.0,0.45,0.55,0.52,7.7,0.74,0.46,1.89,0.25,4.43,3.23,0.73,0.74,0.73,8.0,3.0,5.0,16.0,2.0,0.0,0.0,2.0,0.0,5.0,2.0,6.0,9.0,2.0,4.0,9.0,9.0,1.0,7.0,7.0,4.0,0.0,0.23,0.51,0.0,0.0,2.0,0.0,16.55,11.0,11.24,4.0,0.1,0.0,0.0,0.83,0.83,0.82,7.07,0.92,0.51,1.57,0.26,3.84,2.89,0.91,0.94,0.94,7.0,3.0,3.0,13.0,0.0,1.0,0.0,2.0,0.0,1.0,6.0,7.0,10.0,2.0,4.0,6.0,16.0,2.0,5.0,5.0,3.0,2.0,0.11,0.35,0.46,0.0,0.0,0.0,13.74,10.0,10.61,2.0,0.11,0.01,0.01,1.02,1.04,1.04
84785008483485,2025,Provorov-Mateychuk,CBJ,pairing,5on5,10,672.0,75.0,0.47,0.5,0.53,5.71,0.31,0.33,1.62,0.19,3.09,2.45,0.31,0.3,0.3,5.0,3.0,2.0,10.0,0.0,1.0,0.0,2.0,0.0,2.0,3.0,5.0,8.0,0.0,0.0,4.0,1.0,0.0,2.0,7.0,1.0,0.0,0.2,0.12,0.0,0.0,0.0,0.0,9.93,8.0,7.79,1.0,0.07,0.29,0.0,0.38,0.36,0.36,5.13,0.35,0.32,1.26,0.17,2.82,2.08,0.34,0.33,0.32,3.0,4.0,3.0,10.0,1.0,0.0,0.0,0.0,0.0,4.0,2.0,2.0,6.0,0.0,0.0,2.0,2.0,0.0,3.0,5.0,2.0,0.0,0.13,0.23,0.0,1.0,0.0,0.0,9.49,7.0,6.71,2.0,0.07,0.0,0.0,0.42,0.39,0.38
847744484834508484144,2025,Burakovsky-Bedard-Greene,CHI,line,5on5,7,3817.0,25.0,0.5,0.57,0.58,42.42,3.92,2.84,10.13,1.37,23.56,17.18,3.77,4.02,3.88,38.0,21.0,19.0,78.0,5.0,4.0,2.0,13.0,0.0,21.0,16.0,33.0,54.0,2.0,2.0,31.0,6.0,4.0,23.0,43.0,12.0,4.0,1.33,1.56,1.02,2.0,2.0,1.0,78.95,59.0,59.81,9.0,0.59,0.94,0.94,3.57,3.67,3.59,31.77,3.98,2.34,7.56,1.04,16.21,11.86,3.78,3.89,3.69,32.0,11.0,15.0,58.0,2.0,7.0,0.0,5.0,0.0,12.0,17.0,30.0,41.0,3.0,6.0,29.0,30.0,6.0,17.0,27.0,9.0,7.0,1.04,0.98,1.96,2.0,0.0,0.0,57.36,43.0,42.41,9.0,0.49,1.68,1.68,2.79,2.72,2.69
84764678479372,2025,Oleksiak-Mahura,SEA,pairing,5on5,12,7276.0,35.0,0.39,0.41,0.39,36.93,2.65,2.34,9.44,1.23,21.13,15.22,2.62,2.64,2.61,31.0,21.0,28.0,80.0,6.0,2.0,1.0,8.0,0.0,14.0,22.0,25.0,46.0,5.0,10.0,54.0,66.0,6.0,44.0,41.0,10.0,1.0,1.17,1.23,0.25,4.0,1.0,1.0,79.45,52.0,52.18,27.0,0.48,0.35,0.35,2.78,2.77,2.75,59.75,4.22,3.71,16.46,2.02,32.47,23.12,4.15,4.33,4.25,55.0,27.0,34.0,116.0,1.0,7.0,1.0,12.0,0.0,30.0,32.0,54.0,81.0,10.0,20.0,59.0,46.0,10.0,37.0,67.0,11.0,4.0,1.64,1.45,1.13,0.0,0.0,1.0,120.09,82.0,84.34,13.0,0.77,0.93,0.93,4.06,4.16,4.12
84775048479378,2025,Morrissey-Stanley,WPG,pairing,5on5,13,767.0,112.0,0.73,0.37,0.54,5.8,0.74,0.3,1.16,0.15,2.31,2.34,0.74,0.75,0.75,5.0,2.0,0.0,7.0,2.0,0.0,0.0,0.0,0.0,0.0,5.0,3.0,5.0,1.0,5.0,2.0,4.0,1.0,5.0,4.0,2.0,1.0,0.08,0.36,0.3,0.0,1.0,1.0,7.17,7.0,7.11,1.0,0.07,0.0,0.0,0.81,0.81,0.81,3.87,0.27,0.26,0.94,0.14,2.37,2.02,0.27,0.27,0.26,4.0,2.0,6.0,12.0,0.0,0.0,0.0,2.0,0.0,3.0,1.0,4.0,6.0,1.0,5.0,1.0,1.0,0.0,5.0,5.0,1.0,0.0,0.15,0.12,0.0,0.0,0.0,0.0,11.53,6.0,5.8,1.0,0.05,0.0,0.0,0.33,0.32,0.31
84745638475208,2025,Dumoulin-Doughty,LAK,pairing,5on5,12,9201.0,24.0,0.5,0.55,0.54,83.64,6.53,5.18,21.39,2.62,44.56,32.72,6.3,6.51,6.29,75.0,38.0,42.0,155.0,4.0,5.0,0.0,12.0,1.0,44.0,47.0,71.0,109.0,6.0,12.0,91.0,50.0,13.0,53.0,87.0,23.0,3.0,2.43,3.19,0.91,2.0,2.0,0.0,153.71,113.0,113.16,26.0,1.08,1.0,1.14,6.47,6.53,6.44,72.17,6.5,4.6,18.36,2.46,37.5,28.58,6.19,6.51,6.2,65.0,33.0,30.0,128.0,4.0,10.0,0.0,12.0,0.0,32.0,40.0,61.0,94.0,7.0,14.0,85.0,53.0,19.0,39.0,70.0,21.0,7.0,1.77,2.95,1.78,2.0,2.0,0.0,129.68,98.0,99.24,20.0,0.96,2.09,2.09,5.37,5.38,5.24
847699484834528483499,2025,Ohgren-Haight-Hinostroza,MIN,line,5on5,2,770.0,8.0,0.2,0.38,0.39,4.96,0.31,0.26,1.34,0.17,2.68,2.24,0.29,0.29,0.27,5.0,2.0,2.0,9.0,0.0,0.0,0.0,1.0,0.0,3.0,3.0,5.0,7.0,1.0,2.0,6.0,8.0,1.0,3.0,6.0,1.0,0.0,0.18,0.12,0.0,0.0,0.0,0.0,8.69,7.0,6.52,1.0,0.05,0.0,0.0,0.36,0.34,0.32,8.71,1.28,0.66,1.74,0.24,4.06,3.02,1.19,1.24,1.16,6.0,5.0,4.0,15.0,1.0,1.0,0.0,1.0,0.0,5.0,3.0,5.0,10.0,0.0,0.0,9.0,6.0,2.0,4.0,5.0,4.0,2.0,0.18,0.51,0.59,0.0,0.0,1.0,14.67,11.0,10.89,2.0,0.14,0.38,0.38,1.03,1.04,0.97
84764638484798,2025,Brodin-Buium,MIN,pairing,5on5,11,719.0,84.0,0.48,0.59,0.5,7.89,0.56,0.47,1.82,0.23,4.38,3.54,0.55,0.54,0.53,7.0,4.0,5.0,16.0,1.0,1.0,0.0,3.0,0.0,3.0,3.0,6.0,10.0,2.0,4.0,0.0,4.0,0.0,3.0,10.0,0.0,1.0,0.27,0.0,0.29,1.0,0.0,0.0,16.04,11.0,10.96,0.0,0.09,0.29,0.29,0.37,0.36,0.36,7.98,0.6,0.45,1.85,0.24,4.42,3.44,0.58,0.61,0.59,7.0,4.0,0.0,11.0,0.0,0.0,0.0,2.0,0.0,4.0,5.0,7.0,11.0,1.0,2.0,2.0,5.0,2.0,4.0,7.0,4.0,0.0,0.14,0.47,0.0,0.0,0.0,0.0,11.47,11.0,11.35,3.0,0.09,0.0,0.0,0.7,0.7,0.68
84778458480796,2025,Fehervary-Van Riemsdyk,WSH,pairing,5on5,11,1040.0,79.0,0.68,0.34,0.48,9.12,1.32,0.63,2.21,0.32,4.3,3.21,1.25,1.23,1.16,10.0,2.0,1.0,13.0,1.0,2.0,1.0,1.0,0.0,4.0,4.0,9.0,11.0,1.0,5.0,7.0,2.0,1.0,5.0,5.0,5.0,2.0,0.11,0.67,0.54,0.0,0.0,1.0,12.43,12.0,11.41,3.0,0.13,0.54,0.54,0.92,0.86,0.86,9.04,0.63,0.63,2.28,0.31,5.34,3.81,0.62,0.62,0.61,10.0,3.0,12.0,25.0,1.0,0.0,0.0,3.0,1.0,4.0,4.0,9.0,12.0,2.0,7.0,5.0,7.0,2.0,5.0,10.0,3.0,0.0,0.33,0.3,0.0,1.0,0.0,0.0,24.04,13.0,12.78,3.0,0.13,0.0,0.0,0.76,0.74,0.73
847804284784018479999,2025,Arvidsson-Zacha-Mittelstadt,BOS,line,5on5,14,7895.0,28.0,0.5,0.51,0.53,67.41,5.21,4.26,17.46,2.36,37.02,27.68,4.7,5.1,4.6,58.0,36.0,33.0,127.0,8.0,11.0,2.0,13.0,0.0,27.0,35.0,50.0,86.0,8.0,16.0,67.0,37.0,9.0,39.0,79.0,11.0,4.0,2.63,1.45,1.14,4.0,3.0,1.0,124.87,94.0,92.59,16.0,0.88,1.41,1.41,4.68,4.58,4.38,62.72,5.21,3.86,16.42,2.14,32.58,24.79,5.12,5.31,5.23,52.0,33.0,39.0,124.0,4.0,4.0,0.0,11.0,0.0,25.0,41.0,48.0,81.0,11.0,22.0,56.0,57.0,13.0,36.0,59.0,23.0,3.0,1.42,3.01,0.78,0.0,4.0,0.0,126.13,85.0,86.49,21.0,0.81,0.52,0.52,5.49,5.64,5.58
847516984800128480748,2025,Sherwood-Pettersson-Kane,VAN,line,5on5,7,1152.0,66.0,0.38,0.48,0.52,10.88,0.89,0.72,2.6,0.35,6.1,4.34,0.89,0.92,0.92,11.0,4.0,5.0,20.0,0.0,0.0,0.0,3.0,0.0,6.0,6.0,11.0,15.0,3.0,6.0,12.0,13.0,3.0,11.0,12.0,3.0,0.0,0.39,0.5,0.0,0.0,0.0,0.0,20.66,15.0,15.53,3.0,0.15,0.0,0.0,1.04,1.07,1.07,10.95,1.49,0.82,2.36,0.3,5.27,3.76,1.41,1.48,1.4,11.0,3.0,8.0,22.0,1.0,1.0,1.0,4.0,0.0,5.0,3.0,10.0,13.0,1.0,2.0,10.0,9.0,2.0,6.0,8.0,3.0,3.0,0.29,0.42,0.77,0.0,0.0,1.0,21.98,14.0,13.93,3.0,0.18,0.22,0.22,1.45,1.43,1.42
847646884778398482109,2025,Sheary-Miller-Lafrenire,NYR,line,5on5,6,3111.0,15.0,0.73,0.61,0.61,30.4,3.6,2.32,7.54,1.12,16.45,11.96,3.47,3.7,3.56,26.0,17.0,14.0,57.0,1.0,3.0,0.0,4.0,0.0,21.0,14.0,25.0,42.0,2.0,4.0,40.0,19.0,4.0,12.0,25.0,14.0,4.0,0.87,1.75,0.98,0.0,1.0,0.0,57.63,43.0,43.75,5.0,0.5,0.67,0.67,3.43,3.54,3.42,19.49,1.36,1.16,4.82,0.61,10.9,8.15,1.35,1.35,1.33,14.0,13.0,9.0,36.0,1.0,2.0,0.0,2.0,0.0,11.0,11.0,13.0,26.0,2.0,4.0,28.0,16.0,5.0,10.0,22.0,5.0,0.0,0.72,0.65,0.0,1.0,0.0,0.0,36.02,27.0,27.02,6.0,0.24,0.24,0.24,1.35,1.32,1.32
84717248478854,2025,Shea-Letang,PIT,pairing,5on5,16,12932.0,29.0,0.5,0.45,0.47,116.95,12.64,8.24,28.2,4.16,61.47,44.31,11.95,13.01,12.31,103.0,56.0,54.0,213.0,11.0,12.0,2.0,16.0,1.0,61.0,58.0,92.0,148.0,12.0,24.0,96.0,59.0,15.0,55.0,108.0,38.0,13.0,3.37,4.65,4.61,6.0,3.0,2.0,220.03,159.0,164.51,24.0,1.72,3.3,3.77,10.59,10.9,10.4,128.63,12.41,8.28,31.79,4.25,69.6,50.68,11.86,12.21,11.67,128.0,49.0,79.0,256.0,9.0,13.0,0.0,24.0,0.0,61.0,70.0,119.0,168.0,7.0,14.0,108.0,107.0,16.0,65.0,132.0,29.0,16.0,4.05,3.96,4.41,5.0,2.0,2.0,250.4,177.0,173.32,34.0,1.72,3.15,3.15,10.98,10.83,10.41
847793484784028481617,2025,Mcdavid-Draisaitl-Podkolzin,EDM,line,5on5,4,1131.0,34.0,0.62,0.57,0.5,8.72,0.67,0.5,1.94,0.26,5.05,3.59,0.66,0.68,0.67,10.0,2.0,5.0,17.0,1.0,0.0,0.0,6.0,0.0,0.0,5.0,9.0,11.0,0.0,0.0,4.0,3.0,0.0,5.0,8.0,4.0,0.0,0.21,0.46,0.0,0.0,1.0,0.0,17.15,12.0,11.94,4.0,0.1,0.0,0.0,0.77,0.79,0.78,8.55,0.41,0.47,2.07,0.28,5.01,3.77,0.41,0.4,0.39,7.0,5.0,1.0,13.0,0.0,0.0,0.0,1.0,0.0,3.0,8.0,7.0,12.0,0.0,0.0,11.0,6.0,0.0,6.0,12.0,0.0,0.0,0.41,0.0,0.0,0.0,0.0,0.0,12.62,12.0,11.75,2.0,0.09,0.0,0.0,0.5,0.48,0.48
84784528484839,2025,Jones-Brunicke,PIT,pairing,5on5,6,4280.0,13.0,0.53,0.46,0.5,38.31,4.75,2.94,9.13,1.19,17.88,13.12,4.3,4.79,4.34,37.0,12.0,17.0,66.0,4.0,7.0,0.0,7.0,0.0,12.0,19.0,33.0,45.0,3.0,6.0,28.0,24.0,3.0,23.0,30.0,10.0,9.0,0.75,1.62,2.38,2.0,2.0,0.0,66.44,49.0,49.66,12.0,0.63,1.75,1.75,3.62,3.66,3.56,37.54,4.23,2.68,8.76,1.14,19.0,13.2,4.03,4.33,4.12,28.0,21.0,27.0,76.0,2.0,4.0,0.0,7.0,0.0,17.0,19.0,26.0,47.0,5.0,10.0,35.0,43.0,7.0,15.0,27.0,18.0,4.0,0.85,2.31,1.07,1.0,1.0,0.0,75.33,49.0,49.29,5.0,0.57,0.88,0.88,3.92,3.98,3.94
84763318479378,2025,Stanley-Demelo,WPG,pairing,5on5,14,1274.0,107.0,0.49,0.38,0.47,11.1,1.45,0.75,2.49,0.32,5.04,3.95,1.39,1.48,1.42,10.0,4.0,2.0,16.0,2.0,1.0,1.0,3.0,0.0,3.0,5.0,8.0,12.0,2.0,6.0,5.0,11.0,5.0,7.0,9.0,3.0,2.0,0.35,0.52,0.58,0.0,1.0,1.0,16.54,14.0,14.32,4.0,0.16,0.36,0.36,1.25,1.26,1.25,12.37,1.51,0.9,2.86,0.39,6.05,4.29,1.46,1.48,1.43,13.0,3.0,10.0,26.0,3.0,2.0,0.0,3.0,0.0,5.0,3.0,10.0,13.0,0.0,0.0,7.0,5.0,2.0,5.0,11.0,3.0,2.0,0.39,0.55,0.57,1.0,2.0,0.0,25.0,16.0,15.3,2.0,0.19,0.57,0.57,1.13,1.12,1.11
847790384837338484779,2025,Grebenkin-Luchanko-Hathaway,PHI,line,5on5,4,1458.0,16.0,0.33,0.45,0.5,7.33,0.64,0.59,2.07,0.31,4.41,2.97,0.61,0.65,0.62,6.0,5.0,4.0,15.0,0.0,1.0,0.0,2.0,0.0,5.0,3.0,6.0,11.0,4.0,11.0,10.0,22.0,1.0,7.0,8.0,3.0,0.0,0.3,0.34,0.0,0.0,0.0,0.0,15.9,11.0,11.33,3.0,0.13,0.01,0.01,0.75,0.77,0.74,8.59,1.28,0.66,1.93,0.26,4.02,2.84,1.22,1.33,1.26,7.0,4.0,7.0,18.0,2.0,1.0,1.0,0.0,0.0,3.0,5.0,5.0,9.0,2.0,7.0,10.0,19.0,2.0,8.0,6.0,3.0,2.0,0.24,0.46,0.58,0.0,1.0,1.0,18.98,11.0,11.66,3.0,0.14,0.36,0.36,1.07,1.09,1.07
848018884808018482116,2025,Zetterlund-Sttzle-Tkachuk,OTT,line,5on5,3,1526.0,6.0,0.67,0.6,0.57,17.81,1.4,1.08,5.05,0.55,9.26,6.66,1.35,1.41,1.36,18.0,6.0,15.0,39.0,1.0,1.0,0.0,8.0,1.0,5.0,8.0,17.0,23.0,2.0,4.0,23.0,18.0,2.0,7.0,20.0,3.0,1.0,0.63,0.49,0.29,1.0,0.0,0.0,37.74,24.0,23.38,4.0,0.23,0.29,0.29,1.34,1.34,1.33,13.21,0.7,0.78,3.66,0.44,7.09,5.32,0.7,0.71,0.71,13.0,5.0,8.0,26.0,0.0,3.0,0.0,1.0,0.0,8.0,6.0,13.0,18.0,4.0,8.0,9.0,14.0,2.0,6.0,16.0,2.0,0.0,0.52,0.18,0.0,0.0,0.0,0.0,27.22,18.0,18.8,2.0,0.16,0.18,0.18,0.68,0.69,0.69
84779488482142,2025,Sanheim-Drysdale,PHI,pairing,5on5,15,1446.0,92.0,0.7,0.59,0.63,14.26,1.32,0.91,3.25,0.42,7.2,5.9,1.32,1.3,1.29,17.0,2.0,5.0,24.0,2.0,1.0,0.0,7.0,0.0,6.0,3.0,15.0,17.0,1.0,2.0,5.0,6.0,2.0,3.0,13.0,4.0,2.0,0.28,0.52,0.52,1.0,1.0,0.0,23.91,19.0,19.0,2.0,0.18,0.23,0.23,1.28,1.27,1.26,8.12,0.58,0.46,1.99,0.24,4.36,3.38,0.57,0.61,0.61,8.0,3.0,6.0,17.0,1.0,0.0,0.0,1.0,0.0,3.0,6.0,7.0,10.0,1.0,2.0,1.0,10.0,1.0,3.0,9.0,1.0,1.0,0.24,0.12,0.22,1.0,0.0,0.0,17.4,11.0,11.34,2.0,0.09,0.0,0.0,0.67,0.71,0.71
847516684815828482259,2025,Robertson-Tavares-Mcmann,TOR,line,5on5,7,1738.0,38.0,0.55,0.49,0.48,14.51,1.35,1.07,3.31,0.52,7.85,5.9,1.25,1.28,1.18,11.0,9.0,2.0,22.0,2.0,3.0,1.0,3.0,0.0,4.0,8.0,9.0,18.0,2.0,4.0,13.0,9.0,3.0,8.0,14.0,4.0,2.0,0.44,0.42,0.49,0.0,1.0,1.0,20.77,20.0,18.93,3.0,0.22,0.53,0.53,1.04,0.98,0.97,15.67,1.11,0.98,4.05,0.56,8.59,6.71,1.1,1.19,1.18,13.0,9.0,1.0,23.0,1.0,1.0,0.0,3.0,0.0,8.0,9.0,12.0,21.0,0.0,0.0,12.0,14.0,2.0,9.0,18.0,3.0,1.0,0.44,0.35,0.32,0.0,0.0,1.0,24.42,22.0,23.29,3.0,0.2,0.01,0.01,1.31,1.4,1.38
84800438484806,2025,Dickinson-Liljegren,SJS,pairing,5on5,7,763.0,56.0,0.41,0.5,0.41,5.36,0.41,0.4,1.17,0.14,2.84,2.03,0.41,0.4,0.4,4.0,3.0,5.0,12.0,1.0,0.0,0.0,0.0,0.0,2.0,4.0,3.0,6.0,0.0,0.0,9.0,6.0,0.0,7.0,4.0,3.0,0.0,0.04,0.37,0.0,0.0,1.0,0.0,12.1,7.0,6.93,3.0,0.08,0.0,0.0,0.49,0.48,0.48,6.93,0.6,0.49,1.65,0.23,4.24,2.79,0.59,0.57,0.57,4.0,6.0,2.0,12.0,1.0,1.0,0.0,2.0,0.0,3.0,3.0,3.0,9.0,0.0,0.0,7.0,5.0,0.0,3.0,8.0,1.0,1.0,0.21,0.1,0.29,1.0,0.0,0.0,11.74,10.0,9.71,1.0,0.1,0.29,0.29,0.41,0.41,0.41
84821318484321,2025,Sebrango-Matinpalo,OTT,pairing,5on5,2,1503.0,5.0,0.4,0.49,0.45,6.54,0.33,0.31,1.67,0.2,3.49,3.01,0.33,0.32,0.32,5.0,4.0,11.0,20.0,0.0,0.0,0.0,2.0,0.0,1.0,6.0,5.0,9.0,1.0,5.0,11.0,15.0,4.0,8.0,7.0,2.0,0.0,0.11,0.21,0.0,0.0,0.0,0.0,19.04,9.0,8.63,3.0,0.06,0.0,0.0,0.39,0.38,0.38,7.77,0.49,0.43,2.17,0.27,4.56,3.07,0.48,0.49,0.48,11.0,0.0,10.0,21.0,1.0,2.0,0.0,1.0,0.0,5.0,2.0,10.0,10.0,2.0,7.0,8.0,27.0,1.0,5.0,8.0,3.0,0.0,0.22,0.27,0.0,1.0,0.0,0.0,22.06,11.0,11.28,1.0,0.09,0.11,0.11,0.48,0.48,0.46
847523584779038479022,2025,Deslauriers-Abols-Hathaway,PHI,line,5on5,5,1726.0,17.0,0.29,0.38,0.35,7.97,0.47,0.56,2.58,0.39,4.54,3.46,0.46,0.47,0.47,6.0,6.0,8.0,20.0,0.0,2.0,0.0,2.0,0.0,5.0,3.0,6.0,12.0,2.0,7.0,18.0,35.0,1.0,9.0,10.0,2.0,0.0,0.19,0.28,0.0,0.0,0.0,0.0,19.54,12.0,11.59,6.0,0.12,0.14,0.14,0.44,0.45,0.44,15.13,1.13,1.06,4.24,0.61,8.81,6.16,1.09,1.11,1.08,14.0,8.0,10.0,32.0,1.0,3.0,0.0,3.0,0.0,8.0,7.0,13.0,21.0,1.0,5.0,5.0,17.0,4.0,9.0,17.0,4.0,1.0,0.4,0.5,0.23,1.0,0.0,0.0,32.43,22.0,22.22,7.0,0.22,0.34,0.34,1.01,1.0,0.99
84836788484240,2025,Pettersson-Willander,VAN,pairing,5on5,5,992.0,27.0,0.47,0.48,0.5,6.06,0.42,0.37,1.54,0.19,3.25,2.24,0.41,0.43,0.43,4.0,4.0,4.0,12.0,1.0,0.0,0.0,1.0,0.0,5.0,1.0,3.0,7.0,0.0,0.0,4.0,12.0,2.0,3.0,6.0,2.0,0.0,0.16,0.25,0.0,0.0,1.0,0.0,11.9,8.0,8.08,2.0,0.07,0.0,0.0,0.49,0.51,0.51,5.89,0.48,0.33,1.34,0.18,3.27,2.4,0.48,0.47,0.47,6.0,2.0,5.0,13.0,0.0,0.0,0.0,3.0,0.0,4.0,1.0,6.0,8.0,1.0,5.0,6.0,10.0,1.0,6.0,7.0,0.0,1.0,0.24,0.0,0.23,0.0,0.0,0.0,12.81,8.0,7.94,4.0,0.07,0.0,0.0,0.54,0.53,0.53
84769028480950,2025,Lindell-Lyubushkin,DAL,pairing,5on5,11,1595.0,69.0,0.56,0.51,0.55,12.66,0.97,0.88,3.13,0.47,6.99,5.56,0.95,0.96,0.94,10.0,8.0,2.0,20.0,3.0,1.0,0.0,1.0,0.0,6.0,7.0,7.0,15.0,1.0,2.0,13.0,9.0,6.0,9.0,14.0,4.0,0.0,0.5,0.48,0.0,2.0,1.0,0.0,19.67,18.0,17.59,4.0,0.18,0.01,0.01,1.14,1.13,1.1,10.91,0.75,0.61,2.82,0.37,5.91,4.53,0.74,0.74,0.73,11.0,4.0,4.0,19.0,1.0,1.0,0.0,3.0,0.0,2.0,8.0,10.0,14.0,2.0,4.0,11.0,13.0,0.0,11.0,11.0,4.0,0.0,0.3,0.46,0.0,1.0,0.0,0.0,19.01,15.0,14.79,8.0,0.13,0.16,0.16,0.72,0.71,0.7
84774888482684,2025,Hughes-Pesce,NJD,pairing,5on5,9,6812.0,18.0,0.6,0.58,0.59,70.87,6.54,4.86,17.76,2.28,37.93,26.63,6.23,6.8,6.47,63.0,33.0,32.0,128.0,4.0,6.0,0.0,14.0,0.0,43.0,29.0,59.0,92.0,9.0,18.0,49.0,47.0,5.0,32.0,69.0,20.0,7.0,2.17,2.69,1.68,3.0,0.0,1.0,133.43,96.0,99.82,13.0,1.01,1.06,1.06,6.5,6.69,6.51,50.49,4.34,3.29,13.0,1.61,26.73,19.03,4.22,4.25,4.13,43.0,25.0,25.0,93.0,2.0,7.0,0.0,9.0,0.0,28.0,22.0,41.0,66.0,5.0,10.0,65.0,49.0,13.0,41.0,48.0,16.0,4.0,1.21,2.14,0.99,0.0,2.0,0.0,89.68,68.0,65.77,21.0,0.69,1.5,1.5,3.53,3.45,3.39
84779868479324,2025,Lindgren-Montour,SEA,pairing,5on5,10,9024.0,14.0,0.43,0.49,0.46,62.85,4.49,3.75,16.01,2.24,36.63,26.87,4.42,4.38,4.32,51.0,39.0,51.0,141.0,5.0,1.0,0.0,14.0,0.0,30.0,40.0,46.0,85.0,10.0,23.0,59.0,64.0,16.0,53.0,76.0,10.0,4.0,2.26,1.18,1.05,3.0,1.0,1.0,138.48,90.0,88.74,26.0,0.77,0.41,0.63,4.64,4.55,4.48,74.53,5.94,4.83,18.93,2.53,40.89,30.87,5.82,6.08,5.95,63.0,41.0,45.0,149.0,4.0,6.0,0.0,16.0,0.0,46.0,32.0,59.0,100.0,10.0,23.0,83.0,65.0,9.0,45.0,80.0,19.0,5.0,2.2,2.44,1.3,2.0,2.0,0.0,151.73,104.0,105.93,22.0,1.01,0.69,0.69,6.26,6.41,6.31
84764738481568,2025,Vlasic-Murphy,CHI,pairing,5on5,14,2519.0,108.0,0.32,0.4,0.44,17.27,1.33,1.07,4.24,0.55,9.5,7.31,1.3,1.4,1.36,18.0,6.0,6.0,30.0,2.0,2.0,1.0,4.0,0.0,7.0,9.0,16.0,22.0,1.0,2.0,11.0,15.0,1.0,13.0,19.0,4.0,1.0,0.56,0.55,0.23,0.0,2.0,0.0,31.0,24.0,24.76,9.0,0.22,0.4,0.4,1.16,1.22,1.2,23.12,2.89,1.53,6.11,0.79,11.53,8.15,2.49,2.89,2.49,17.0,14.0,14.0,45.0,0.0,3.0,0.0,6.0,0.0,10.0,12.0,17.0,31.0,0.0,0.0,15.0,20.0,3.0,13.0,19.0,8.0,4.0,0.51,0.97,1.41,0.0,0.0,0.0,44.35,31.0,30.41,5.0,0.32,0.98,1.41,1.8,1.76,1.73
847629284794078481559,2025,Palat-Hughes-Bratt,NJD,line,5on5,12,5640.0,40.0,0.56,0.53,0.54,53.88,5.25,3.71,12.46,1.79,29.79,21.99,5.05,5.4,5.17,53.0,22.0,30.0,105.0,7.0,3.0,0.0,8.0,0.0,33.0,24.0,46.0,68.0,7.0,14.0,26.0,32.0,11.0,40.0,53.0,17.0,5.0,1.77,2.2,1.29,6.0,1.0,0.0,106.71,75.0,76.66,12.0,0.77,0.82,0.82,5.2,5.27,5.2,46.82,4.09,3.19,12.51,1.74,25.59,17.87,3.92,4.04,3.88,46.0,19.0,27.0,92.0,5.0,10.0,0.0,11.0,0.0,21.0,18.0,41.0,60.0,6.0,12.0,50.0,34.0,8.0,36.0,45.0,18.0,2.0,1.25,2.35,0.5,1.0,3.0,1.0,90.11,65.0,64.01,25.0,0.67,1.03,1.03,3.74,3.71,3.63
847576884769058482751,2025,Schwartz-Stephenson-Winterton,SEA,line,5on5,7,1457.0,57.0,0.08,0.37,0.3,4.22,0.09,0.18,1.08,0.13,2.66,1.85,0.09,0.09,0.09,3.0,3.0,8.0,14.0,0.0,0.0,0.0,3.0,0.0,3.0,0.0,3.0,6.0,3.0,9.0,7.0,8.0,0.0,2.0,6.0,0.0,0.0,0.09,0.0,0.0,0.0,0.0,0.0,13.15,6.0,5.79,1.0,0.04,0.0,0.0,0.13,0.12,0.12,10.47,1.03,0.57,2.83,0.36,5.34,3.86,1.01,1.03,1.02,8.0,6.0,10.0,24.0,1.0,1.0,0.0,1.0,0.0,5.0,6.0,7.0,13.0,2.0,7.0,19.0,10.0,0.0,9.0,11.0,1.0,2.0,0.34,0.1,0.59,1.0,0.0,0.0,24.11,14.0,14.2,1.0,0.12,0.36,0.36,0.78,0.79,0.79
847627884768898477454,2025,Erne-Faksa-Blackwell,DAL,line,5on5,7,977.0,59.0,0.6,0.54,0.56,6.92,0.74,0.47,1.5,0.22,3.49,2.58,0.74,0.72,0.72,7.0,2.0,4.0,13.0,1.0,0.0,0.0,1.0,0.0,4.0,3.0,6.0,8.0,0.0,0.0,7.0,7.0,1.0,7.0,4.0,5.0,0.0,0.1,0.65,0.0,0.0,1.0,0.0,12.91,9.0,8.91,5.0,0.1,0.0,0.0,0.84,0.82,0.82,5.22,0.49,0.37,1.26,0.18,2.71,2.0,0.48,0.47,0.47,4.0,3.0,4.0,11.0,0.0,1.0,0.0,1.0,0.0,2.0,3.0,4.0,7.0,1.0,2.0,7.0,7.0,1.0,4.0,4.0,3.0,0.0,0.19,0.3,0.0,0.0,0.0,0.0,11.07,7.0,6.87,1.0,0.07,0.1,0.1,0.46,0.45,0.45
84752008475906,2025,Orlov-Klingberg,SJS,pairing,5on5,9,1403.0,54.0,0.25,0.42,0.32,8.63,0.72,0.57,2.34,0.35,4.62,3.39,0.72,0.69,0.69,9.0,3.0,10.0,22.0,0.0,1.0,0.0,5.0,0.0,3.0,3.0,9.0,12.0,1.0,2.0,11.0,5.0,2.0,10.0,10.0,1.0,1.0,0.34,0.15,0.24,0.0,0.0,0.0,21.41,12.0,11.82,6.0,0.12,0.03,0.03,0.81,0.77,0.77,19.08,2.14,1.36,4.31,0.56,9.59,7.05,2.06,2.15,2.08,19.0,6.0,5.0,30.0,1.0,2.0,1.0,6.0,0.0,10.0,6.0,18.0,24.0,3.0,6.0,11.0,12.0,3.0,10.0,16.0,6.0,3.0,0.44,0.8,0.9,0.0,0.0,1.0,30.09,25.0,24.93,7.0,0.28,0.43,0.43,1.99,1.99,1.97
84781368482122,2025,Middleton-Faber,MIN,pairing,5on5,13,1789.0,98.0,0.39,0.53,0.47,11.26,0.82,0.72,2.68,0.36,6.02,4.41,0.79,0.82,0.8,9.0,6.0,11.0,26.0,1.0,1.0,0.0,0.0,0.0,7.0,6.0,8.0,14.0,0.0,0.0,15.0,12.0,5.0,1.0,11.0,3.0,1.0,0.22,0.38,0.22,0.0,1.0,0.0,28.04,15.0,15.89,0.0,0.15,0.04,0.04,0.93,0.94,0.91,12.2,1.26,0.86,3.49,0.45,6.44,4.5,1.18,1.17,1.09,10.0,7.0,6.0,23.0,0.0,3.0,0.0,2.0,0.0,4.0,8.0,10.0,17.0,1.0,2.0,13.0,17.0,1.0,12.0,12.0,3.0,2.0,0.25,0.51,0.5,0.0,0.0,0.0,21.34,17.0,15.71,6.0,0.18,0.45,0.45,1.0,0.93,0.91
847749484775008482476,2025,Heineman-Horvat-Drouin,NYI,line,5on5,10,5735.0,22.0,0.47,0.55,0.56,47.4,3.93,2.82,12.95,1.69,24.37,18.24,3.87,3.94,3.87,41.0,23.0,19.0,83.0,6.0,5.0,0.0,6.0,0.0,26.0,21.0,35.0,58.0,5.0,10.0,65.0,56.0,5.0,23.0,48.0,14.0,2.0,1.66,1.76,0.52,5.0,1.0,0.0,83.47,64.0,64.15,11.0,0.59,0.55,0.55,3.97,3.98,3.94,38.06,4.43,2.75,8.92,1.22,19.16,14.52,4.18,4.45,4.21,35.0,16.0,18.0,69.0,3.0,2.0,1.0,8.0,0.0,14.0,24.0,32.0,48.0,9.0,18.0,43.0,49.0,7.0,37.0,33.0,9.0,9.0,0.99,1.21,2.22,1.0,0.0,2.0,69.06,51.0,50.77,23.0,0.59,0.54,0.54,4.48,4.49,4.32
84754628483490,2025,Mintyukov-Gudas,ANA,pairing,5on5,6,1399.0,40.0,0.35,0.43,0.41,12.2,1.19,0.93,2.88,0.41,7.09,4.49,1.17,1.21,1.2,11.0,6.0,4.0,21.0,1.0,2.0,1.0,3.0,0.0,4.0,7.0,10.0,16.0,1.0,2.0,15.0,19.0,5.0,7.0,13.0,4.0,0.0,0.43,0.76,0.0,0.0,1.0,0.0,21.32,17.0,17.12,3.0,0.19,0.37,0.37,1.01,1.03,1.02,18.33,2.21,1.23,4.65,0.6,8.96,6.34,1.97,2.15,1.92,18.0,6.0,4.0,28.0,2.0,4.0,1.0,3.0,0.0,8.0,7.0,16.0,22.0,2.0,4.0,10.0,7.0,5.0,9.0,17.0,4.0,3.0,0.62,0.56,1.03,0.0,1.0,1.0,27.27,24.0,23.59,5.0,0.26,1.16,1.16,1.31,1.28,1.22
84769238483485,2025,Mateychuk-Severson,CBJ,pairing,5on5,9,685.0,73.0,0.47,0.63,0.54,9.91,0.74,0.53,2.53,0.35,4.95,3.92,0.73,0.74,0.73,11.0,2.0,7.0,20.0,2.0,1.0,0.0,0.0,0.0,7.0,3.0,9.0,11.0,1.0,2.0,6.0,4.0,2.0,3.0,10.0,2.0,1.0,0.24,0.26,0.24,1.0,0.0,1.0,20.42,13.0,12.95,1.0,0.11,0.04,0.04,0.81,0.82,0.81,7.7,0.83,0.55,1.53,0.27,4.41,3.41,0.83,0.82,0.82,9.0,2.0,1.0,12.0,0.0,0.0,0.0,1.0,1.0,5.0,4.0,9.0,11.0,0.0,0.0,3.0,2.0,1.0,1.0,5.0,6.0,0.0,0.12,0.71,0.0,0.0,0.0,0.0,11.82,11.0,10.78,1.0,0.12,0.0,0.0,0.94,0.93,0.93
847690584789758480009,2025,Marchment-Stephenson-Tolvanen,SEA,line,5on5,5,1633.0,38.0,0.32,0.35,0.33,9.32,0.58,0.57,2.48,0.29,5.39,3.69,0.57,0.61,0.59,10.0,3.0,6.0,19.0,0.0,0.0,0.0,2.0,0.0,9.0,2.0,10.0,13.0,0.0,0.0,14.0,6.0,3.0,12.0,11.0,2.0,0.0,0.35,0.23,0.0,0.0,0.0,0.0,20.0,13.0,13.62,3.0,0.12,0.0,0.0,0.7,0.73,0.71,18.8,1.25,1.09,4.55,0.63,10.9,8.58,1.23,1.25,1.23,19.0,8.0,8.0,35.0,2.0,1.0,0.0,5.0,0.0,11.0,8.0,17.0,25.0,1.0,2.0,22.0,9.0,3.0,7.0,22.0,5.0,0.0,0.61,0.64,0.0,2.0,0.0,0.0,34.16,27.0,26.19,2.0,0.22,0.02,0.02,1.46,1.46,1.43
847576884769058481554,2025,Schwartz-Stephenson-Kakko,SEA,line,5on5,2,1112.0,4.0,0.38,0.46,0.49,12.13,0.88,0.73,3.29,0.45,6.77,4.88,0.87,0.86,0.85,14.0,3.0,4.0,21.0,0.0,2.0,0.0,3.0,0.0,7.0,5.0,14.0,17.0,0.0,0.0,12.0,6.0,0.0,5.0,13.0,3.0,1.0,0.36,0.3,0.22,0.0,0.0,0.0,20.47,17.0,16.46,0.0,0.15,0.29,0.29,0.74,0.72,0.72,13.0,1.41,0.97,3.61,0.47,6.93,4.6,1.32,1.44,1.35,13.0,5.0,7.0,25.0,1.0,3.0,0.0,3.0,0.0,8.0,3.0,12.0,17.0,1.0,2.0,10.0,4.0,2.0,8.0,9.0,8.0,1.0,0.17,1.03,0.22,0.0,1.0,0.0,25.07,18.0,18.16,3.0,0.2,0.55,0.55,1.06,1.08,1.04
847646084783988480014,2025,Connor-Scheifele-Vilardi,WPG,line,5on5,14,10229.0,14.0,0.5,0.46,0.47,88.68,9.21,6.39,21.19,3.08,49.41,35.71,8.9,9.29,8.99,85.0,40.0,37.0,162.0,12.0,12.0,1.0,16.0,0.0,44.0,41.0,73.0,113.0,10.0,23.0,71.0,39.0,11.0,48.0,85.0,29.0,11.0,2.84,3.62,2.76,8.0,2.0,2.0,165.84,125.0,127.43,23.0,1.34,2.36,2.36,8.19,8.27,8.12,101.06,9.33,7.31,24.33,3.41,55.0,39.63,9.07,9.27,9.0,93.0,46.0,48.0,187.0,7.0,10.0,1.0,17.0,0.0,61.0,44.0,86.0,132.0,11.0,25.0,81.0,53.0,18.0,58.0,99.0,33.0,7.0,2.93,4.48,1.92,0.0,6.0,1.0,183.0,139.0,137.27,31.0,1.52,1.46,1.46,9.39,9.32,9.13
84783968481527,2025,Hanifin-Korczak,VGK,pairing,5on5,2,686.0,8.0,0.67,0.63,0.65,14.97,1.89,1.23,3.64,0.52,7.67,5.04,1.64,1.74,1.51,17.0,3.0,7.0,27.0,1.0,4.0,0.0,3.0,0.0,8.0,4.0,16.0,19.0,0.0,0.0,5.0,3.0,2.0,2.0,11.0,7.0,2.0,0.36,0.96,0.57,0.0,1.0,0.0,24.73,20.0,18.38,0.0,0.27,0.63,0.63,1.53,1.41,1.27,8.2,0.93,0.57,2.07,0.28,4.25,2.9,0.9,1.02,0.99,7.0,4.0,5.0,16.0,0.0,2.0,0.0,0.0,0.0,4.0,5.0,7.0,11.0,1.0,2.0,6.0,2.0,1.0,4.0,8.0,2.0,1.0,0.33,0.28,0.33,0.0,0.0,0.0,17.81,11.0,12.1,3.0,0.12,0.5,0.5,0.55,0.61,0.6
847575484764558477501,2025,Landeskog-Nelson-Nichushkin,COL,line,5on5,13,4918.0,72.0,0.58,0.62,0.59,50.24,4.57,3.38,13.04,1.72,28.1,20.19,4.42,4.62,4.47,47.0,24.0,34.0,105.0,4.0,4.0,0.0,13.0,0.0,29.0,21.0,43.0,67.0,6.0,12.0,46.0,30.0,8.0,23.0,49.0,19.0,3.0,1.47,2.22,0.88,2.0,1.0,1.0,107.76,71.0,72.85,15.0,0.71,0.89,0.89,4.39,4.43,4.29,37.47,3.29,2.34,9.43,1.17,19.09,14.68,3.1,3.24,3.05,35.0,15.0,15.0,65.0,3.0,5.0,0.0,13.0,0.0,16.0,13.0,32.0,47.0,3.0,6.0,55.0,42.0,2.0,30.0,36.0,10.0,4.0,0.98,1.37,0.94,1.0,2.0,0.0,64.2,50.0,49.07,18.0,0.49,0.93,0.93,2.85,2.8,2.71
84764578479372,2025,Mahura-Larsson,SEA,pairing,5on5,10,651.0,77.0,0.51,0.5,0.44,5.72,0.59,0.42,1.35,0.19,3.52,1.94,0.58,0.6,0.59,3.0,5.0,5.0,13.0,0.0,0.0,0.0,0.0,0.0,3.0,5.0,3.0,8.0,0.0,0.0,0.0,1.0,2.0,2.0,5.0,3.0,0.0,0.16,0.42,0.0,0.0,0.0,0.0,13.43,8.0,8.36,1.0,0.08,0.0,0.0,0.67,0.68,0.68,6.94,0.56,0.46,1.84,0.26,3.84,3.04,0.56,0.55,0.55,7.0,3.0,3.0,13.0,1.0,0.0,0.0,3.0,0.0,2.0,4.0,6.0,9.0,0.0,0.0,1.0,3.0,1.0,6.0,9.0,0.0,1.0,0.35,0.0,0.21,1.0,0.0,0.0,13.17,10.0,10.0,2.0,0.09,0.0,0.0,0.66,0.64,0.64
84764738482176,2025,Kaiser-Murphy,CHI,pairing,5on5,14,2778.0,102.0,0.39,0.51,0.48,18.26,1.04,1.03,4.69,0.6,10.08,7.57,1.04,1.06,1.06,17.0,8.0,10.0,35.0,1.0,1.0,0.0,3.0,0.0,9.0,11.0,16.0,24.0,2.0,7.0,25.0,19.0,5.0,15.0,20.0,5.0,0.0,0.47,0.57,0.0,0.0,1.0,0.0,35.98,25.0,25.61,8.0,0.21,0.03,0.03,1.22,1.24,1.24,20.06,1.6,1.2,5.25,0.66,10.4,7.89,1.53,1.59,1.51,16.0,11.0,7.0,34.0,1.0,2.0,0.0,3.0,0.0,12.0,9.0,15.0,26.0,5.0,13.0,18.0,24.0,2.0,16.0,20.0,6.0,1.0,0.46,0.81,0.33,0.0,1.0,0.0,33.29,27.0,26.26,9.0,0.25,0.52,0.52,1.33,1.32,1.29
847467984757998480289,2025,Niederreiter-Barron-Nyquist,WPG,line,5on5,3,726.0,25.0,0.57,0.42,0.4,4.55,0.62,0.3,1.01,0.15,2.09,1.82,0.62,0.65,0.65,4.0,2.0,4.0,10.0,1.0,0.0,0.0,1.0,0.0,2.0,2.0,3.0,5.0,1.0,2.0,10.0,2.0,3.0,1.0,4.0,1.0,1.0,0.18,0.11,0.34,0.0,0.0,1.0,10.52,6.0,6.19,0.0,0.07,0.0,0.0,0.69,0.72,0.72,6.42,0.47,0.36,1.51,0.19,3.53,2.95,0.47,0.45,0.44,7.0,2.0,5.0,14.0,0.0,1.0,0.0,5.0,0.0,1.0,2.0,7.0,9.0,0.0,0.0,3.0,6.0,0.0,2.0,8.0,0.0,1.0,0.2,0.0,0.27,0.0,0.0,0.0,13.39,9.0,8.65,1.0,0.07,0.27,0.27,0.27,0.26,0.26
847517084804598482077,2025,Holloway-Suter-Schenn,STL,line,5on5,3,753.0,16.0,0.52,0.5,0.58,5.01,0.29,0.28,1.54,0.16,2.73,2.0,0.29,0.3,0.3,3.0,4.0,3.0,10.0,0.0,0.0,0.0,3.0,0.0,2.0,2.0,3.0,7.0,2.0,7.0,7.0,5.0,0.0,2.0,6.0,1.0,0.0,0.09,0.19,0.0,0.0,0.0,0.0,10.82,7.0,7.59,2.0,0.06,0.0,0.0,0.35,0.37,0.37,3.71,0.26,0.23,1.13,0.11,1.94,1.34,0.24,0.24,0.23,4.0,1.0,5.0,10.0,0.0,0.0,0.0,2.0,0.0,2.0,1.0,4.0,5.0,2.0,7.0,7.0,6.0,0.0,4.0,4.0,1.0,0.0,0.13,0.13,0.0,0.0,0.0,0.0,9.18,5.0,4.6,3.0,0.05,0.0,0.0,0.31,0.29,0.27
84788518482087,2025,Guhle-Carrier,MTL,pairing,5on5,5,1235.0,21.0,0.51,0.44,0.43,6.62,0.68,0.5,1.51,0.22,3.52,2.57,0.67,0.69,0.68,6.0,3.0,5.0,14.0,0.0,0.0,0.0,3.0,0.0,2.0,4.0,6.0,9.0,3.0,9.0,7.0,11.0,1.0,9.0,6.0,3.0,0.0,0.29,0.4,0.0,0.0,0.0,0.0,14.03,9.0,8.93,3.0,0.1,0.0,0.0,0.78,0.79,0.79,9.28,0.65,0.57,2.3,0.25,4.76,3.47,0.65,0.65,0.65,10.0,2.0,6.0,18.0,1.0,0.0,0.0,2.0,0.0,4.0,5.0,9.0,11.0,4.0,11.0,10.0,13.0,5.0,10.0,9.0,2.0,1.0,0.25,0.18,0.22,1.0,0.0,0.0,18.34,12.0,12.04,3.0,0.12,0.0,0.0,0.77,0.77,0.77
84799828480839,2025,Dahlin-Timmins,BUF,pairing,5on5,11,1251.0,89.0,0.65,0.43,0.47,5.53,0.6,0.36,1.19,0.15,2.79,1.91,0.6,0.59,0.59,5.0,2.0,5.0,12.0,1.0,0.0,0.0,0.0,0.0,3.0,3.0,4.0,6.0,2.0,6.0,2.0,4.0,2.0,7.0,4.0,2.0,1.0,0.12,0.27,0.22,0.0,0.0,1.0,11.97,7.0,7.1,5.0,0.07,0.0,0.0,0.68,0.66,0.66,5.96,0.33,0.36,1.28,0.15,3.13,2.74,0.32,0.33,0.32,5.0,3.0,8.0,16.0,1.0,0.0,0.0,0.0,0.0,2.0,5.0,4.0,7.0,1.0,2.0,4.0,6.0,1.0,5.0,6.0,2.0,0.0,0.11,0.21,0.0,0.0,1.0,0.0,15.71,8.0,8.11,1.0,0.07,0.0,0.0,0.4,0.4,0.39
84769678480831,2025,Kulak-Regula,EDM,pairing,5on5,3,899.0,14.0,0.78,0.5,0.5,3.84,0.57,0.21,1.28,0.11,1.65,1.19,0.54,0.62,0.59,4.0,1.0,1.0,6.0,0.0,1.0,0.0,1.0,0.0,3.0,0.0,4.0,5.0,2.0,4.0,9.0,8.0,0.0,4.0,4.0,0.0,1.0,0.13,0.0,0.44,0.0,0.0,0.0,6.11,5.0,5.28,2.0,0.05,0.44,0.44,0.17,0.18,0.18,3.84,0.16,0.24,0.83,0.1,1.98,1.69,0.16,0.17,0.17,3.0,2.0,1.0,6.0,0.0,0.0,0.0,1.0,0.0,1.0,3.0,3.0,5.0,1.0,2.0,5.0,6.0,0.0,4.0,5.0,0.0,0.0,0.16,0.0,0.0,0.0,0.0,0.0,5.84,5.0,4.88,0.0,0.05,0.0,0.0,0.21,0.21,0.21
84745748483678,2025,Pettersson-Myers,VAN,pairing,5on5,14,4324.0,64.0,0.46,0.45,0.47,34.84,3.25,2.28,9.07,1.11,18.38,12.9,3.07,3.22,3.05,28.0,19.0,19.0,66.0,2.0,4.0,0.0,9.0,0.0,13.0,19.0,26.0,45.0,2.0,4.0,26.0,26.0,7.0,31.0,34.0,7.0,6.0,0.87,0.89,1.49,1.0,0.0,1.0,66.95,47.0,47.91,22.0,0.48,1.0,1.0,2.72,2.74,2.71,38.8,3.77,2.81,9.24,1.32,21.39,15.47,3.73,3.77,3.73,33.0,21.0,27.0,81.0,5.0,2.0,0.0,7.0,0.0,19.0,21.0,28.0,49.0,1.0,2.0,34.0,25.0,9.0,21.0,37.0,15.0,2.0,1.28,1.94,0.54,2.0,3.0,0.0,80.7,54.0,54.13,9.0,0.59,0.26,0.26,4.09,4.11,4.06
847342284821728482703,2025,Slaggert-Foligno-Dach,CHI,line,5on5,3,974.0,10.0,0.75,0.53,0.57,6.56,1.01,0.47,1.39,0.18,2.65,2.29,0.98,1.06,1.03,4.0,4.0,2.0,10.0,0.0,1.0,0.0,0.0,0.0,0.0,7.0,4.0,8.0,1.0,2.0,8.0,13.0,1.0,3.0,4.0,2.0,2.0,0.11,0.23,0.67,0.0,0.0,0.0,10.32,8.0,8.31,1.0,0.1,0.4,0.4,0.71,0.75,0.75,4.28,0.34,0.26,0.91,0.13,2.55,1.8,0.34,0.34,0.34,5.0,1.0,3.0,9.0,0.0,0.0,0.0,1.0,0.0,1.0,4.0,5.0,6.0,0.0,0.0,7.0,9.0,1.0,3.0,4.0,2.0,0.0,0.14,0.2,0.0,0.0,0.0,0.0,8.95,6.0,5.93,1.0,0.06,0.0,0.0,0.4,0.39,0.39
847637484797058480355,2025,Viel-Kuraly-Kastelic,BOS,line,5on5,4,1214.0,19.0,0.52,0.56,0.71,11.46,0.86,0.7,3.06,0.4,5.57,4.41,0.85,0.84,0.83,9.0,6.0,7.0,22.0,2.0,1.0,0.0,1.0,0.0,3.0,8.0,7.0,13.0,1.0,5.0,14.0,15.0,3.0,7.0,11.0,4.0,0.0,0.24,0.61,0.0,2.0,0.0,0.0,21.42,15.0,14.41,2.0,0.15,0.02,0.02,0.99,0.97,0.96,4.49,0.79,0.42,0.92,0.15,2.27,1.46,0.78,0.82,0.81,5.0,1.0,11.0,17.0,1.0,1.0,0.0,0.0,0.0,3.0,1.0,4.0,5.0,4.0,11.0,11.0,11.0,1.0,11.0,2.0,3.0,1.0,0.06,0.43,0.3,0.0,1.0,0.0,17.13,6.0,6.2,6.0,0.09,0.15,0.15,0.73,0.75,0.75
84717248474578,2025,Karlsson-Letang,PIT,pairing,5on5,14,1495.0,84.0,0.49,0.56,0.53,13.72,1.44,0.93,4.04,0.5,6.31,4.78,1.33,1.46,1.34,13.0,5.0,11.0,29.0,2.0,1.0,0.0,3.0,0.0,6.0,6.0,11.0,16.0,2.0,4.0,17.0,3.0,3.0,6.0,12.0,2.0,4.0,0.23,0.23,0.98,0.0,1.0,1.0,29.18,18.0,18.19,4.0,0.2,0.25,0.25,1.39,1.42,1.35,11.68,1.52,0.82,2.82,0.38,6.12,4.33,1.5,1.54,1.52,12.0,4.0,7.0,23.0,2.0,1.0,0.0,2.0,0.0,4.0,7.0,10.0,14.0,1.0,2.0,15.0,12.0,2.0,8.0,9.0,5.0,2.0,0.34,0.75,0.43,1.0,1.0,0.0,24.2,16.0,16.5,4.0,0.17,0.2,0.2,1.49,1.49,1.48
84757648482733,2025,Fowler-Mailloux,STL,pairing,5on5,7,873.0,49.0,0.6,0.67,0.62,5.53,0.76,0.42,1.24,0.19,3.09,2.3,0.76,0.71,0.71,5.0,3.0,4.0,12.0,0.0,0.0,0.0,1.0,0.0,5.0,2.0,5.0,8.0,1.0,2.0,9.0,8.0,0.0,6.0,4.0,2.0,2.0,0.16,0.18,0.41,0.0,0.0,0.0,11.59,8.0,7.6,3.0,0.09,0.0,0.0,0.85,0.8,0.8,3.9,0.51,0.26,0.83,0.11,1.87,1.41,0.51,0.57,0.57,3.0,2.0,1.0,6.0,3.0,0.0,0.0,0.0,0.0,1.0,1.0,0.0,2.0,1.0,2.0,5.0,7.0,1.0,5.0,3.0,1.0,1.0,0.11,0.08,0.32,1.0,1.0,1.0,6.72,5.0,5.34,1.0,0.06,0.0,0.0,0.56,0.62,0.62
84820958482245,2025,Kleven-Zub,OTT,pairing,5on5,13,1357.0,74.0,0.47,0.41,0.43,8.77,0.75,0.56,2.29,0.34,5.36,3.7,0.72,0.72,0.69,8.0,5.0,6.0,19.0,0.0,2.0,0.0,4.0,0.0,4.0,3.0,8.0,13.0,0.0,0.0,5.0,7.0,3.0,7.0,9.0,3.0,1.0,0.22,0.29,0.24,0.0,0.0,0.0,17.86,13.0,12.29,2.0,0.11,0.28,0.28,0.58,0.56,0.55,11.97,0.83,0.78,2.96,0.4,6.62,5.4,0.83,0.8,0.8,14.0,3.0,10.0,27.0,2.0,0.0,0.0,1.0,0.0,7.0,7.0,12.0,15.0,0.0,0.0,3.0,7.0,4.0,3.0,13.0,4.0,0.0,0.28,0.56,0.0,0.0,2.0,0.0,26.34,17.0,16.57,2.0,0.16,0.0,0.0,0.99,0.95,0.95
84803368482911,2025,Walker-Nystrom,CAR,pairing,5on5,6,693.0,50.0,0.46,0.35,0.36,3.81,0.62,0.25,1.0,0.12,1.74,1.27,0.57,0.63,0.58,4.0,1.0,2.0,7.0,0.0,1.0,0.0,0.0,0.0,2.0,2.0,4.0,5.0,0.0,0.0,4.0,6.0,0.0,3.0,3.0,1.0,1.0,0.14,0.13,0.35,0.0,0.0,0.0,7.45,5.0,5.27,3.0,0.05,0.35,0.35,0.32,0.33,0.33,6.54,0.72,0.35,1.57,0.22,3.19,2.96,0.68,0.69,0.65,5.0,4.0,4.0,13.0,1.0,1.0,0.0,0.0,0.0,2.0,5.0,4.0,8.0,0.0,0.0,2.0,7.0,2.0,6.0,5.0,3.0,1.0,0.09,0.41,0.21,0.0,1.0,0.0,12.24,9.0,8.54,3.0,0.07,0.21,0.21,0.58,0.55,0.55
84745678478136,2025,Middleton-Bogosian,MIN,pairing,5on5,3,822.0,20.0,0.66,0.58,0.69,7.56,0.68,0.45,2.24,0.3,3.98,3.35,0.66,0.62,0.61,4.0,7.0,3.0,14.0,0.0,1.0,0.0,3.0,0.0,3.0,4.0,4.0,11.0,2.0,4.0,2.0,7.0,1.0,3.0,7.0,4.0,0.0,0.18,0.49,0.0,0.0,0.0,0.0,13.05,11.0,10.29,1.0,0.1,0.03,0.03,0.74,0.68,0.67,3.67,0.34,0.28,0.81,0.11,1.88,1.58,0.34,0.36,0.36,2.0,3.0,5.0,10.0,0.0,0.0,0.0,2.0,0.0,1.0,2.0,2.0,5.0,1.0,2.0,8.0,4.0,1.0,7.0,3.0,2.0,0.0,0.09,0.25,0.0,0.0,0.0,0.0,10.97,5.0,5.41,1.0,0.06,0.0,0.0,0.4,0.42,0.42
847889184799928481725,2025,Soderblom-Rasmussen-Appleton,DET,line,5on5,8,1426.0,47.0,0.38,0.5,0.42,10.13,0.64,0.68,2.54,0.32,5.75,4.07,0.64,0.61,0.61,4.0,10.0,9.0,23.0,0.0,0.0,0.0,0.0,0.0,7.0,7.0,4.0,14.0,2.0,4.0,10.0,12.0,0.0,5.0,12.0,2.0,0.0,0.38,0.25,0.0,0.0,0.0,0.0,21.4,14.0,13.22,0.0,0.14,0.0,0.0,0.78,0.74,0.74,13.3,1.02,1.02,2.94,0.47,7.72,5.84,1.01,1.06,1.05,14.0,5.0,4.0,23.0,3.0,2.0,0.0,6.0,0.0,4.0,4.0,11.0,16.0,1.0,2.0,7.0,5.0,2.0,5.0,15.0,3.0,1.0,0.43,0.35,0.24,2.0,1.0,0.0,25.0,19.0,20.02,3.0,0.2,0.36,0.36,0.87,0.91,0.9
847843984802208483733,2025,Grebenkin-Cates-Konecny,PHI,line,5on5,4,1171.0,30.0,0.47,0.46,0.54,11.11,0.8,0.66,2.68,0.34,5.72,4.8,0.79,0.83,0.82,12.0,3.0,1.0,16.0,2.0,0.0,0.0,2.0,0.0,7.0,4.0,10.0,13.0,0.0,0.0,11.0,11.0,3.0,4.0,11.0,4.0,0.0,0.33,0.47,0.0,2.0,0.0,0.0,16.64,15.0,15.28,1.0,0.14,0.0,0.0,0.94,0.97,0.95,9.25,0.92,0.6,2.25,0.33,5.08,3.82,0.88,0.88,0.84,6.0,7.0,6.0,19.0,1.0,1.0,0.0,1.0,0.0,6.0,4.0,5.0,12.0,1.0,2.0,10.0,13.0,1.0,4.0,8.0,4.0,1.0,0.2,0.52,0.2,0.0,1.0,0.0,18.45,13.0,12.58,2.0,0.12,0.17,0.17,0.87,0.83,0.8
847749784808938481716,2025,Voronkov-Monahan-Marchenko,CBJ,line,5on5,13,8110.0,24.0,0.5,0.52,0.52,91.9,7.94,5.64,22.86,2.97,46.98,35.62,7.67,8.08,7.8,81.0,41.0,41.0,163.0,9.0,9.0,1.0,20.0,0.0,47.0,37.0,72.0,113.0,10.0,20.0,77.0,53.0,13.0,37.0,93.0,22.0,7.0,3.0,3.03,1.91,3.0,4.0,2.0,164.61,122.0,122.96,24.0,1.18,1.38,1.38,7.75,7.85,7.67,84.38,7.93,5.34,22.85,2.69,42.99,31.21,7.47,7.86,7.4,80.0,33.0,40.0,153.0,1.0,13.0,1.0,16.0,0.0,40.0,43.0,79.0,112.0,6.0,12.0,97.0,30.0,13.0,39.0,85.0,17.0,11.0,2.23,2.28,3.41,0.0,0.0,1.0,151.52,113.0,111.75,16.0,1.12,3.01,3.01,6.04,5.94,5.76
84769588480336,2025,Slavin-Walker,CAR,pairing,5on5,2,1563.0,5.0,0.7,0.7,0.66,15.47,1.66,0.97,3.94,0.52,8.29,5.63,1.47,1.58,1.4,13.0,8.0,11.0,32.0,0.0,3.0,0.0,0.0,0.0,10.0,8.0,13.0,21.0,0.0,0.0,15.0,15.0,3.0,5.0,14.0,5.0,2.0,0.4,0.64,0.63,0.0,0.0,0.0,31.27,21.0,20.51,1.0,0.2,0.79,0.79,1.07,1.03,1.01,8.5,0.71,0.46,2.03,0.24,4.15,3.41,0.71,0.73,0.73,7.0,4.0,3.0,14.0,2.0,0.0,0.0,3.0,0.0,2.0,4.0,5.0,9.0,1.0,2.0,10.0,18.0,2.0,10.0,8.0,2.0,1.0,0.27,0.23,0.21,2.0,0.0,0.0,14.05,11.0,11.0,7.0,0.1,0.0,0.0,0.8,0.83,0.82
84794258480800,2025,Hughes-Hronek,VAN,pairing,5on5,12,8527.0,22.0,0.52,0.49,0.47,76.83,7.63,5.36,19.49,2.55,39.68,28.3,7.1,7.52,7.01,59.0,44.0,41.0,144.0,7.0,13.0,1.0,15.0,0.0,47.0,21.0,52.0,96.0,14.0,28.0,66.0,70.0,7.0,41.0,73.0,15.0,15.0,2.23,1.75,3.66,2.0,2.0,3.0,141.29,103.0,101.44,20.0,1.11,2.54,2.54,6.2,6.21,6.03,83.43,6.95,5.69,21.65,2.72,44.87,32.12,6.49,6.99,6.52,75.0,39.0,35.0,149.0,4.0,12.0,1.0,12.0,0.0,42.0,44.0,71.0,110.0,11.0,22.0,78.0,58.0,11.0,36.0,82.0,26.0,6.0,2.11,3.39,1.45,1.0,2.0,1.0,149.52,114.0,114.67,17.0,1.18,1.89,1.89,6.24,6.26,6.02
84820728484258,2025,Ahcan-Malinski,COL,pairing,5on5,4,1867.0,11.0,0.82,0.73,0.76,26.46,3.07,2.0,6.17,0.9,13.24,9.6,3.01,3.27,3.21,20.0,15.0,12.0,47.0,4.0,4.0,1.0,3.0,0.0,11.0,13.0,16.0,31.0,2.0,7.0,15.0,13.0,3.0,7.0,22.0,8.0,5.0,0.89,0.96,1.22,2.0,1.0,1.0,51.98,35.0,37.41,3.0,0.42,0.96,0.96,2.53,2.7,2.68,8.02,0.67,0.49,2.0,0.27,4.38,3.18,0.67,0.65,0.64,5.0,6.0,6.0,17.0,0.0,1.0,0.0,3.0,0.0,5.0,2.0,5.0,11.0,6.0,15.0,16.0,19.0,1.0,11.0,8.0,3.0,0.0,0.19,0.48,0.0,0.0,0.0,0.0,16.32,11.0,10.73,6.0,0.1,0.03,0.03,0.74,0.72,0.71
84774988478013,2025,Nurse-Walman,EDM,pairing,5on5,10,7526.0,22.0,0.48,0.47,0.49,62.78,5.81,4.06,14.62,1.99,32.67,24.85,5.68,5.91,5.78,55.0,29.0,35.0,119.0,7.0,4.0,1.0,8.0,0.0,27.0,38.0,48.0,77.0,8.0,16.0,60.0,44.0,17.0,31.0,60.0,18.0,6.0,2.04,2.21,1.56,4.0,3.0,0.0,120.71,84.0,85.31,16.0,0.84,0.85,0.85,5.8,5.89,5.77,63.8,6.22,4.23,15.12,2.06,33.77,24.61,6.06,6.24,6.08,58.0,28.0,46.0,132.0,5.0,9.0,0.0,10.0,1.0,25.0,36.0,53.0,81.0,8.0,16.0,52.0,27.0,11.0,36.0,55.0,28.0,3.0,1.76,3.62,0.84,1.0,4.0,0.0,131.09,86.0,85.64,18.0,0.88,1.44,1.44,5.66,5.66,5.57
847578484775058480798,2025,Skinner-Wennberg-Kurashev,SJS,line,5on5,5,729.0,56.0,0.52,0.46,0.47,5.91,0.52,0.42,1.36,0.16,3.2,2.34,0.51,0.5,0.49,7.0,1.0,4.0,12.0,1.0,0.0,0.0,2.0,0.0,4.0,1.0,6.0,7.0,1.0,2.0,5.0,1.0,1.0,3.0,5.0,3.0,0.0,0.17,0.35,0.0,0.0,1.0,0.0,11.68,8.0,7.74,2.0,0.09,0.0,0.0,0.6,0.58,0.57,6.47,0.47,0.36,2.0,0.23,3.37,2.57,0.47,0.49,0.49,6.0,3.0,5.0,14.0,1.0,1.0,0.0,3.0,0.0,3.0,1.0,5.0,8.0,0.0,0.0,9.0,3.0,2.0,7.0,8.0,0.0,1.0,0.17,0.0,0.3,1.0,0.0,0.0,14.59,9.0,9.34,5.0,0.08,0.3,0.3,0.25,0.26,0.26
84768748484386,2025,Simashev-Mtt,UTA,pairing,5on5,13,1051.0,123.0,0.55,0.62,0.65,11.85,1.07,0.73,3.21,0.34,5.29,4.35,0.96,1.14,1.03,10.0,5.0,3.0,18.0,0.0,1.0,0.0,4.0,0.0,4.0,6.0,10.0,15.0,0.0,0.0,5.0,3.0,0.0,6.0,11.0,3.0,1.0,0.35,0.39,0.33,0.0,0.0,0.0,18.86,15.0,15.54,2.0,0.15,0.33,0.33,0.9,0.96,0.93,6.13,0.89,0.45,1.47,0.2,2.75,2.24,0.85,0.85,0.82,8.0,0.0,3.0,11.0,2.0,2.0,0.0,1.0,0.0,0.0,3.0,6.0,6.0,0.0,0.0,4.0,12.0,3.0,8.0,3.0,4.0,1.0,0.1,0.52,0.27,0.0,2.0,0.0,10.94,8.0,7.85,5.0,0.1,0.45,0.45,0.53,0.53,0.52
847682284779968481032,2025,Cotter-Lammikko-Glendening,NJD,line,5on5,4,959.0,19.0,0.3,0.15,0.21,3.06,0.48,0.21,0.66,0.09,1.54,1.01,0.48,0.46,0.46,3.0,1.0,0.0,4.0,0.0,0.0,0.0,1.0,0.0,1.0,2.0,3.0,4.0,1.0,2.0,6.0,8.0,1.0,5.0,1.0,2.0,1.0,0.01,0.23,0.23,0.0,0.0,0.0,3.94,4.0,3.95,3.0,0.05,0.0,0.0,0.52,0.5,0.5,11.2,1.09,0.74,2.78,0.35,5.82,4.21,1.03,1.03,0.98,10.0,5.0,8.0,23.0,0.0,2.0,0.0,1.0,0.0,8.0,4.0,10.0,15.0,0.0,0.0,6.0,4.0,1.0,2.0,11.0,2.0,2.0,0.25,0.22,0.61,0.0,0.0,0.0,22.52,15.0,14.59,1.0,0.15,0.44,0.44,0.8,0.78,0.74
847750384815828482259,2025,Robertson-Domi-Mcmann,TOR,line,5on5,6,1934.0,28.0,0.64,0.57,0.59,19.75,1.35,1.36,4.57,0.59,11.38,7.74,1.34,1.32,1.3,18.0,9.0,9.0,36.0,1.0,0.0,0.0,7.0,0.0,9.0,10.0,17.0,26.0,1.0,2.0,12.0,20.0,1.0,12.0,21.0,6.0,0.0,0.65,0.7,0.0,0.0,1.0,0.0,35.52,27.0,26.68,9.0,0.28,0.0,0.0,1.63,1.59,1.57,13.22,0.77,0.74,3.37,0.42,7.63,6.07,0.76,0.81,0.8,10.0,9.0,8.0,27.0,2.0,0.0,0.0,3.0,0.0,8.0,6.0,8.0,17.0,1.0,2.0,22.0,7.0,7.0,7.0,15.0,4.0,0.0,0.26,0.5,0.0,1.0,1.0,0.0,27.47,19.0,19.43,5.0,0.15,0.0,0.0,0.92,0.96,0.96
847418984801888480245,2025,Zetterlund-Eller-Lycksell,OTT,line,5on5,3,1367.0,11.0,0.39,0.37,0.27,6.46,0.66,0.45,1.29,0.18,2.79,2.64,0.66,0.64,0.64,6.0,2.0,7.0,15.0,0.0,0.0,0.0,1.0,0.0,3.0,4.0,6.0,8.0,0.0,0.0,4.0,5.0,0.0,6.0,5.0,2.0,1.0,0.09,0.33,0.23,0.0,0.0,0.0,14.12,8.0,7.69,3.0,0.1,0.0,0.0,0.75,0.73,0.73,15.34,1.02,1.03,3.95,0.55,9.2,6.24,1.02,1.06,1.06,16.0,6.0,4.0,26.0,1.0,0.0,0.0,2.0,0.0,7.0,12.0,15.0,21.0,0.0,0.0,4.0,8.0,5.0,4.0,18.0,3.0,1.0,0.52,0.28,0.22,1.0,0.0,0.0,27.35,22.0,22.81,1.0,0.21,0.0,0.0,1.23,1.28,1.28
847062184815328482408,2025,Malott-Turcotte-Perry,LAK,line,5on5,7,1919.0,37.0,0.69,0.74,0.7,22.71,1.8,1.53,5.81,0.78,12.47,8.62,1.72,1.79,1.7,19.0,12.0,17.0,48.0,3.0,3.0,0.0,5.0,0.0,14.0,6.0,16.0,28.0,5.0,16.0,18.0,14.0,1.0,6.0,21.0,9.0,1.0,0.53,1.05,0.21,3.0,0.0,0.0,48.11,31.0,31.53,0.0,0.32,0.41,0.41,1.71,1.69,1.63,9.14,0.79,0.59,2.37,0.33,5.23,3.69,0.78,0.8,0.78,8.0,5.0,4.0,17.0,2.0,1.0,0.0,1.0,0.0,5.0,4.0,6.0,11.0,4.0,14.0,13.0,19.0,2.0,9.0,10.0,2.0,1.0,0.28,0.29,0.22,1.0,1.0,0.0,16.68,13.0,12.82,7.0,0.12,0.22,0.22,0.7,0.7,0.69
84789708480817,2025,Miller-Chatfield,CAR,pairing,5on5,6,2328.0,34.0,0.55,0.61,0.61,19.71,1.16,1.14,5.51,0.65,10.89,7.65,1.14,1.16,1.15,15.0,12.0,14.0,41.0,2.0,0.0,0.0,3.0,0.0,12.0,10.0,13.0,25.0,3.0,6.0,26.0,18.0,2.0,12.0,24.0,3.0,0.0,0.76,0.4,0.0,2.0,0.0,0.0,40.88,27.0,27.05,6.0,0.24,0.0,0.0,1.39,1.4,1.38,11.68,0.95,0.89,3.19,0.45,6.64,4.88,0.94,0.99,0.98,12.0,5.0,9.0,26.0,1.0,1.0,0.0,1.0,1.0,6.0,7.0,11.0,16.0,6.0,12.0,26.0,18.0,7.0,22.0,13.0,3.0,1.0,0.33,0.38,0.24,0.0,0.0,1.0,26.35,17.0,17.04,7.0,0.19,0.03,0.03,1.11,1.16,1.14
848178984827518483570,2025,Kartye-Meyers-Winterton,SEA,line,5on5,6,1099.0,37.0,0.34,0.45,0.46,7.98,0.36,0.52,1.98,0.29,5.1,3.74,0.36,0.37,0.37,10.0,2.0,5.0,17.0,1.0,0.0,0.0,5.0,0.0,3.0,3.0,9.0,11.0,0.0,0.0,6.0,8.0,0.0,3.0,12.0,0.0,0.0,0.36,0.0,0.0,1.0,0.0,0.0,17.53,12.0,12.31,3.0,0.1,0.0,0.0,0.46,0.47,0.47,9.46,0.71,0.63,2.33,0.32,5.96,4.06,0.7,0.73,0.72,8.0,6.0,7.0,21.0,2.0,0.0,0.0,2.0,0.0,8.0,2.0,6.0,12.0,0.0,0.0,5.0,8.0,2.0,8.0,12.0,1.0,1.0,0.31,0.15,0.25,1.0,1.0,0.0,21.09,14.0,14.21,4.0,0.13,0.0,0.0,0.84,0.85,0.85
84821008482911,2025,Nikishin-Nystrom,CAR,pairing,5on5,7,1923.0,51.0,0.33,0.56,0.56,22.06,1.15,1.28,5.89,0.78,13.3,9.6,1.14,1.17,1.16,20.0,12.0,11.0,43.0,1.0,0.0,0.0,6.0,0.0,16.0,9.0,19.0,31.0,1.0,2.0,15.0,15.0,2.0,8.0,28.0,4.0,0.0,0.72,0.43,0.0,1.0,0.0,0.0,44.09,32.0,32.71,5.0,0.26,0.0,0.01,1.4,1.42,1.4,19.68,2.32,1.36,4.63,0.69,9.2,6.79,2.09,2.27,2.05,20.0,5.0,9.0,34.0,1.0,5.0,0.0,8.0,0.0,6.0,5.0,19.0,24.0,1.0,2.0,18.0,15.0,0.0,10.0,13.0,10.0,2.0,0.45,1.12,0.75,0.0,1.0,0.0,32.67,25.0,24.08,7.0,0.29,1.13,1.13,1.47,1.44,1.36
847687184810438484135,2025,Pearson-Ford-Koepke,WPG,line,5on5,4,873.0,25.0,0.43,0.5,0.53,7.0,0.66,0.47,1.77,0.21,3.43,2.46,0.66,0.69,0.69,7.0,2.0,3.0,12.0,0.0,0.0,0.0,1.0,0.0,2.0,6.0,7.0,9.0,1.0,2.0,7.0,14.0,2.0,3.0,6.0,2.0,1.0,0.17,0.28,0.21,0.0,0.0,0.0,12.76,9.0,9.44,1.0,0.1,0.0,0.0,0.76,0.79,0.79,6.53,0.87,0.45,1.41,0.18,2.93,2.16,0.84,0.83,0.8,5.0,3.0,4.0,12.0,1.0,1.0,0.0,1.0,0.0,2.0,3.0,4.0,7.0,1.0,2.0,6.0,6.0,1.0,3.0,4.0,2.0,2.0,0.05,0.32,0.5,0.0,0.0,1.0,11.51,8.0,7.77,3.0,0.1,0.2,0.2,0.76,0.74,0.73
84763318480145,2025,Pionk-Demelo,WPG,pairing,5on5,14,730.0,125.0,0.66,0.39,0.56,6.84,0.94,0.56,1.52,0.22,3.93,2.83,0.89,0.94,0.89,8.0,2.0,2.0,12.0,1.0,1.0,0.0,1.0,0.0,2.0,5.0,7.0,9.0,0.0,0.0,0.0,8.0,0.0,4.0,7.0,1.0,2.0,0.2,0.14,0.59,0.0,0.0,1.0,12.11,10.0,9.79,2.0,0.12,0.32,0.32,0.73,0.75,0.75,5.68,0.49,0.44,1.49,0.22,3.14,2.22,0.49,0.48,0.48,6.0,2.0,11.0,19.0,0.0,0.0,0.0,1.0,0.0,5.0,2.0,6.0,8.0,2.0,4.0,1.0,4.0,1.0,4.0,6.0,2.0,0.0,0.23,0.26,0.0,0.0,0.0,0.0,18.62,8.0,7.95,2.0,0.09,0.0,0.0,0.58,0.57,0.57
84779698480058,2025,Pettersson-Joseph,VAN,pairing,5on5,4,1012.0,20.0,0.75,0.63,0.71,11.08,0.83,0.81,2.72,0.34,6.23,4.06,0.82,0.87,0.85,12.0,3.0,5.0,20.0,0.0,1.0,0.0,1.0,0.0,7.0,6.0,12.0,15.0,0.0,0.0,1.0,11.0,1.0,6.0,12.0,2.0,1.0,0.32,0.3,0.22,0.0,0.0,0.0,20.82,15.0,15.65,2.0,0.16,0.13,0.13,0.86,0.9,0.9,4.34,0.28,0.28,0.9,0.13,2.62,1.8,0.28,0.28,0.27,5.0,1.0,6.0,12.0,1.0,0.0,0.0,1.0,0.0,2.0,2.0,4.0,5.0,3.0,6.0,9.0,4.0,1.0,4.0,5.0,1.0,0.0,0.18,0.1,0.0,0.0,1.0,0.0,11.69,6.0,5.87,2.0,0.06,0.0,0.0,0.33,0.33,0.33
84768568477365,2025,Clifton-Dumba,PIT,pairing,5on5,2,1480.0,5.0,0.62,0.46,0.49,11.72,1.11,0.95,2.91,0.48,7.18,5.37,1.09,1.15,1.12,11.0,7.0,7.0,25.0,0.0,1.0,0.0,2.0,0.0,9.0,6.0,11.0,18.0,2.0,7.0,9.0,16.0,2.0,8.0,12.0,5.0,1.0,0.36,0.55,0.2,0.0,0.0,0.0,25.77,18.0,18.71,3.0,0.2,0.01,0.01,1.3,1.34,1.31,13.81,0.69,0.71,3.6,0.42,7.71,5.87,0.68,0.69,0.69,10.0,9.0,10.0,29.0,1.0,0.0,0.0,3.0,0.0,10.0,5.0,9.0,18.0,2.0,7.0,15.0,15.0,3.0,5.0,17.0,2.0,0.0,0.39,0.3,0.0,0.0,1.0,0.0,28.58,19.0,18.56,3.0,0.15,0.0,0.0,0.84,0.84,0.83
847744684793708482062,2025,Jost-Mccarron-Smith,NSH,line,5on5,4,1557.0,23.0,0.29,0.42,0.44,11.89,0.51,0.64,2.84,0.38,6.33,5.3,0.51,0.5,0.5,12.0,4.0,8.0,24.0,0.0,0.0,0.0,4.0,0.0,5.0,7.0,12.0,16.0,2.0,4.0,12.0,17.0,3.0,8.0,15.0,1.0,0.0,0.41,0.11,0.0,0.0,0.0,0.0,24.07,16.0,16.0,3.0,0.13,0.0,0.0,0.64,0.63,0.62,15.29,1.25,0.96,4.13,0.45,7.81,5.4,1.22,1.24,1.21,11.0,9.0,13.0,33.0,1.0,1.0,0.0,2.0,0.0,13.0,3.0,10.0,19.0,0.0,0.0,14.0,12.0,0.0,6.0,15.0,4.0,1.0,0.38,0.55,0.32,0.0,0.0,1.0,32.07,20.0,19.21,2.0,0.2,0.14,0.14,1.31,1.3,1.28
847847484796198480855,2025,Carcone-Mcbain-Crouse,UTA,line,5on5,13,5994.0,45.0,0.62,0.61,0.63,74.46,7.54,5.01,19.16,2.56,37.84,26.89,7.33,7.87,7.64,59.0,40.0,34.0,133.0,4.0,7.0,0.0,17.0,0.0,40.0,31.0,55.0,95.0,6.0,12.0,54.0,71.0,10.0,25.0,66.0,25.0,8.0,2.05,3.25,2.24,0.0,3.0,1.0,139.42,99.0,102.63,11.0,1.06,1.12,1.12,7.48,7.8,7.64,42.73,4.62,2.89,11.85,1.55,21.93,15.17,4.31,4.41,4.12,32.0,26.0,27.0,85.0,5.0,10.0,2.0,6.0,0.0,18.0,19.0,27.0,53.0,8.0,16.0,54.0,67.0,9.0,22.0,39.0,14.0,5.0,1.26,1.94,1.42,2.0,2.0,1.0,82.5,58.0,56.29,10.0,0.6,1.85,1.85,3.37,3.23,3.08
847799884796758481532,2025,Foegele-Turcotte-Moore,LAK,line,5on5,4,675.0,34.0,0.69,0.67,0.7,11.78,1.34,0.88,2.84,0.4,6.18,4.36,1.3,1.26,1.23,11.0,5.0,4.0,20.0,1.0,1.0,0.0,1.0,0.0,8.0,5.0,10.0,15.0,1.0,2.0,5.0,4.0,1.0,2.0,8.0,7.0,1.0,0.26,0.84,0.24,0.0,1.0,0.0,19.12,16.0,15.53,2.0,0.18,0.24,0.24,1.28,1.23,1.2,5.43,0.6,0.48,1.05,0.17,2.73,1.98,0.59,0.62,0.6,5.0,2.0,3.0,10.0,0.0,1.0,0.0,1.0,0.0,3.0,2.0,5.0,7.0,1.0,2.0,2.0,3.0,0.0,2.0,4.0,3.0,0.0,0.19,0.41,0.0,0.0,0.0,0.0,9.58,7.0,6.82,1.0,0.1,0.13,0.13,0.57,0.59,0.57
847579484793518482145,2025,Steel-Seguin-Bourque,DAL,line,5on5,10,1485.0,133.0,0.39,0.55,0.52,10.91,0.62,0.59,2.87,0.37,5.96,4.59,0.62,0.59,0.59,9.0,6.0,7.0,22.0,0.0,0.0,0.0,3.0,0.0,3.0,9.0,9.0,15.0,2.0,4.0,14.0,7.0,1.0,4.0,13.0,2.0,0.0,0.44,0.18,0.0,0.0,0.0,0.0,20.96,15.0,14.37,2.0,0.12,0.0,0.0,0.74,0.7,0.7,9.56,0.97,0.69,2.57,0.37,5.52,3.88,0.93,0.97,0.93,3.0,11.0,4.0,18.0,1.0,4.0,1.0,0.0,0.0,1.0,8.0,2.0,13.0,0.0,0.0,5.0,4.0,4.0,8.0,12.0,0.0,2.0,0.41,0.0,0.57,1.0,0.0,0.0,18.61,14.0,14.54,6.0,0.14,0.67,0.67,0.44,0.46,0.44
847738084778398483690,2025,Sheary-Laba-Brodzinski,NYR,line,5on5,2,913.0,7.0,0.68,0.5,0.5,7.71,1.02,0.53,2.04,0.28,4.21,2.93,1.0,1.08,1.06,7.0,4.0,2.0,13.0,0.0,2.0,0.0,1.0,0.0,4.0,4.0,7.0,11.0,0.0,0.0,7.0,3.0,1.0,2.0,7.0,2.0,2.0,0.2,0.2,0.63,0.0,0.0,0.0,13.58,11.0,11.39,2.0,0.11,0.63,0.63,0.51,0.53,0.53,8.31,0.48,0.47,2.21,0.28,4.45,3.11,0.47,0.49,0.48,7.0,4.0,2.0,13.0,0.0,0.0,0.0,3.0,1.0,3.0,4.0,7.0,11.0,3.0,6.0,10.0,7.0,0.0,3.0,8.0,3.0,0.0,0.14,0.33,0.0,0.0,0.0,0.0,13.01,11.0,10.91,2.0,0.1,0.0,0.0,0.57,0.58,0.58
84793458480990,2025,Chychrun-Chisholm,WSH,pairing,5on5,6,1994.0,34.0,0.35,0.46,0.45,12.74,0.9,0.75,3.3,0.49,7.41,5.15,0.9,0.9,0.9,12.0,6.0,9.0,27.0,2.0,0.0,0.0,4.0,0.0,5.0,7.0,10.0,16.0,2.0,7.0,12.0,16.0,2.0,12.0,13.0,5.0,0.0,0.26,0.63,0.0,2.0,0.0,0.0,27.85,18.0,18.43,8.0,0.16,0.0,0.0,1.05,1.06,1.06,15.95,1.66,1.03,3.94,0.55,8.61,6.2,1.58,1.6,1.52,10.0,12.0,10.0,32.0,0.0,3.0,0.0,3.0,0.0,10.0,6.0,10.0,22.0,3.0,9.0,13.0,14.0,2.0,8.0,15.0,6.0,1.0,0.51,0.89,0.26,0.0,0.0,0.0,30.59,22.0,21.14,5.0,0.21,0.45,0.45,1.43,1.38,1.36
847798784816248484197,2025,Moore-Donato-Mikheyev,CHI,line,5on5,3,1265.0,8.0,0.68,0.56,0.53,14.29,1.61,1.06,4.0,0.48,6.5,4.35,1.48,1.7,1.56,10.0,8.0,6.0,24.0,1.0,4.0,0.0,2.0,0.0,6.0,5.0,9.0,17.0,1.0,2.0,9.0,2.0,3.0,9.0,10.0,7.0,1.0,0.23,1.04,0.34,0.0,1.0,0.0,24.98,18.0,18.6,4.0,0.22,0.6,0.6,1.23,1.3,1.27,11.43,0.77,0.75,2.88,0.36,6.67,4.56,0.77,0.73,0.72,12.0,4.0,3.0,19.0,0.0,0.0,0.0,6.0,0.0,4.0,6.0,12.0,16.0,0.0,0.0,12.0,17.0,3.0,6.0,14.0,1.0,1.0,0.37,0.19,0.21,0.0,0.0,0.0,18.31,16.0,15.32,4.0,0.15,0.0,0.0,0.93,0.87,0.86
847804684809808481481,2025,Heinen-Lizotte-Dewar,PIT,line,5on5,2,667.0,8.0,0.7,0.71,0.67,7.09,0.5,0.47,1.51,0.21,4.29,3.03,0.49,0.52,0.51,7.0,3.0,5.0,15.0,0.0,0.0,0.0,4.0,0.0,3.0,3.0,7.0,10.0,0.0,0.0,6.0,2.0,1.0,1.0,8.0,2.0,0.0,0.3,0.2,0.0,0.0,0.0,0.0,15.34,10.0,10.07,1.0,0.1,0.0,0.0,0.6,0.61,0.61,3.67,0.22,0.27,0.8,0.1,2.17,1.45,0.21,0.21,0.21,4.0,1.0,1.0,6.0,0.0,0.0,0.0,1.0,0.0,2.0,2.0,4.0,5.0,0.0,0.0,4.0,8.0,1.0,0.0,4.0,1.0,0.0,0.11,0.1,0.0,0.0,0.0,0.0,5.89,5.0,4.92,0.0,0.06,0.0,0.0,0.27,0.27,0.27
847637484803558481556,2025,Beecher-Kastelic-Kuraly,BOS,line,5on5,3,1319.0,8.0,0.48,0.39,0.39,8.19,1.2,0.52,2.23,0.33,3.83,2.89,1.17,1.21,1.18,8.0,3.0,8.0,19.0,1.0,2.0,0.0,4.0,0.0,2.0,2.0,7.0,10.0,2.0,7.0,17.0,17.0,1.0,5.0,6.0,2.0,3.0,0.15,0.19,0.85,1.0,0.0,0.0,18.79,11.0,10.98,4.0,0.11,0.36,0.36,0.95,0.95,0.95,12.39,1.32,0.74,3.48,0.38,6.45,4.64,1.28,1.32,1.29,12.0,5.0,13.0,30.0,0.0,1.0,0.0,5.0,0.0,8.0,3.0,12.0,17.0,1.0,5.0,12.0,12.0,1.0,5.0,13.0,2.0,2.0,0.31,0.36,0.65,0.0,0.0,0.0,30.35,17.0,17.44,1.0,0.15,0.36,0.36,1.1,1.11,1.1
84751818480043,2025,Leddy-Liljegren,SJS,pairing,5on5,1,785.0,1.0,0.24,0.15,0.14,2.36,0.27,0.15,0.53,0.06,1.2,0.8,0.27,0.25,0.25,1.0,2.0,1.0,4.0,1.0,0.0,0.0,0.0,0.0,2.0,0.0,0.0,2.0,0.0,0.0,8.0,9.0,0.0,5.0,2.0,1.0,0.0,0.07,0.2,0.0,1.0,0.0,0.0,3.83,3.0,2.91,2.0,0.03,0.0,0.0,0.3,0.28,0.28,11.79,0.83,0.79,2.72,0.43,7.8,5.43,0.81,0.91,0.9,10.0,8.0,5.0,23.0,1.0,1.0,0.0,3.0,0.0,11.0,2.0,9.0,17.0,3.0,6.0,7.0,3.0,2.0,7.0,16.0,2.0,0.0,0.62,0.21,0.0,1.0,0.0,0.0,25.51,18.0,19.72,0.0,0.16,0.03,0.03,0.96,1.06,1.04
847578484788748484801,2025,Skinner-Celebrini-Gaudette,SJS,line,5on5,1,750.0,1.0,0.46,0.52,0.44,5.86,0.4,0.37,1.25,0.17,3.26,2.54,0.4,0.38,0.38,5.0,3.0,5.0,13.0,0.0,0.0,0.0,2.0,0.0,3.0,3.0,5.0,8.0,0.0,0.0,4.0,3.0,2.0,4.0,5.0,3.0,0.0,0.11,0.29,0.0,0.0,0.0,0.0,12.16,8.0,7.61,2.0,0.08,0.0,0.0,0.48,0.45,0.45,6.8,0.48,0.47,1.68,0.23,4.3,2.85,0.48,0.51,0.51,8.0,2.0,2.0,12.0,1.0,0.0,0.0,1.0,0.0,3.0,5.0,7.0,9.0,1.0,2.0,3.0,3.0,1.0,4.0,7.0,3.0,0.0,0.13,0.34,0.0,0.0,1.0,0.0,12.65,10.0,10.49,1.0,0.1,0.0,0.0,0.57,0.61,0.61
847572684775058482667,2025,Eklund-Wennberg-Toffoli,SJS,line,5on5,7,2618.0,51.0,0.39,0.52,0.5,21.77,1.57,1.35,5.59,0.77,13.02,9.7,1.55,1.51,1.49,26.0,6.0,18.0,50.0,0.0,2.0,0.0,7.0,0.0,12.0,11.0,26.0,32.0,2.0,4.0,20.0,9.0,3.0,14.0,27.0,3.0,2.0,0.83,0.3,0.44,0.0,0.0,0.0,47.87,32.0,30.82,5.0,0.27,0.33,0.33,1.51,1.46,1.45,23.86,2.43,1.51,6.04,0.78,12.21,9.03,2.34,2.46,2.38,16.0,16.0,14.0,46.0,3.0,3.0,0.0,2.0,0.0,12.0,12.0,13.0,29.0,2.0,4.0,23.0,12.0,1.0,17.0,21.0,9.0,2.0,0.57,1.25,0.6,1.0,2.0,0.0,46.67,32.0,32.41,10.0,0.31,0.55,0.55,2.19,2.24,2.2
84779698483768,2025,Pettersson-Mancini,VAN,pairing,5on5,5,1258.0,30.0,0.53,0.46,0.52,9.95,1.06,0.69,2.76,0.31,4.77,3.41,1.04,1.04,1.01,10.0,3.0,3.0,16.0,0.0,1.0,0.0,2.0,0.0,7.0,3.0,10.0,13.0,2.0,7.0,4.0,11.0,5.0,11.0,8.0,4.0,1.0,0.25,0.51,0.3,0.0,0.0,0.0,15.41,13.0,12.41,4.0,0.14,0.3,0.3,0.9,0.86,0.86,8.94,0.96,0.62,2.07,0.29,4.49,3.58,0.94,1.03,1.01,9.0,3.0,7.0,19.0,0.0,1.0,0.0,1.0,0.0,6.0,4.0,9.0,12.0,1.0,5.0,5.0,11.0,6.0,8.0,6.0,6.0,0.0,0.11,0.85,0.0,0.0,0.0,0.0,19.92,12.0,12.84,4.0,0.13,0.16,0.16,0.93,0.99,0.97
847966184803558483489,2025,Jeannot-Kastelic-Minten,BOS,line,5on5,8,2421.0,52.0,0.65,0.52,0.53,26.58,3.13,1.74,7.47,0.99,12.54,9.13,2.87,3.13,2.88,23.0,12.0,10.0,45.0,1.0,6.0,0.0,4.0,0.0,13.0,11.0,22.0,34.0,1.0,2.0,24.0,28.0,4.0,11.0,21.0,11.0,3.0,0.62,1.62,0.89,0.0,1.0,0.0,45.38,35.0,35.19,6.0,0.37,1.18,1.18,2.32,2.35,2.31,22.78,1.66,1.27,6.64,0.77,12.12,8.54,1.61,1.59,1.54,18.0,13.0,11.0,42.0,0.0,1.0,0.0,6.0,0.0,14.0,10.0,18.0,31.0,2.0,4.0,20.0,16.0,2.0,13.0,23.0,7.0,1.0,0.47,0.82,0.38,0.0,0.0,0.0,41.2,31.0,30.17,5.0,0.27,0.38,0.38,1.55,1.5,1.45
84795768482166,2025,Mukhamadullin-Desharnais,SJS,pairing,5on5,4,1120.0,29.0,0.4,0.35,0.24,4.34,0.6,0.31,0.86,0.14,2.4,1.68,0.6,0.57,0.57,4.0,2.0,7.0,13.0,1.0,0.0,0.0,0.0,0.0,1.0,4.0,3.0,5.0,0.0,0.0,8.0,7.0,0.0,4.0,3.0,2.0,1.0,0.08,0.23,0.3,0.0,0.0,1.0,12.5,6.0,5.72,1.0,0.06,0.0,0.0,0.67,0.63,0.63,14.0,0.92,0.74,3.59,0.44,7.68,5.63,0.91,0.96,0.95,15.0,4.0,5.0,24.0,0.0,1.0,0.0,5.0,0.0,7.0,6.0,15.0,19.0,2.0,4.0,10.0,6.0,1.0,4.0,15.0,3.0,1.0,0.29,0.38,0.25,0.0,0.0,0.0,24.91,19.0,19.81,1.0,0.15,0.25,0.25,0.82,0.86,0.85
848084084821458484829,2025,Bck-Hryckowian-Bourque,DAL,line,5on5,2,659.0,6.0,0.95,0.73,0.86,4.89,0.91,0.33,1.02,0.14,1.95,1.65,0.86,0.96,0.9,5.0,1.0,2.0,8.0,2.0,1.0,1.0,1.0,0.0,0.0,2.0,3.0,4.0,0.0,0.0,3.0,4.0,1.0,2.0,3.0,1.0,2.0,0.07,0.15,0.69,0.0,0.0,2.0,7.97,6.0,6.0,2.0,0.07,0.36,0.36,0.62,0.65,0.65,0.77,0.05,0.04,0.15,0.02,0.43,0.31,0.05,0.05,0.05,1.0,0.0,2.0,3.0,0.0,0.0,0.0,1.0,0.0,0.0,0.0,1.0,1.0,3.0,6.0,3.0,13.0,1.0,6.0,1.0,0.0,0.0,0.05,0.0,0.0,0.0,0.0,0.0,2.87,1.0,0.96,4.0,0.01,0.0,0.0,0.06,0.06,0.06
848076284808298480830,2025,Robinson-Kotkaniemi-Svechnikov,CAR,line,5on5,3,1207.0,11.0,0.13,0.38,0.25,5.97,0.18,0.3,1.91,0.18,3.27,2.17,0.18,0.19,0.19,3.0,5.0,10.0,18.0,1.0,0.0,0.0,1.0,0.0,5.0,1.0,2.0,7.0,3.0,6.0,15.0,9.0,2.0,4.0,8.0,0.0,0.0,0.18,0.0,0.0,1.0,0.0,0.0,19.54,8.0,8.58,2.0,0.06,0.0,0.0,0.24,0.26,0.26,17.86,1.16,1.2,4.39,0.58,9.65,7.03,1.09,1.12,1.05,16.0,8.0,6.0,30.0,2.0,2.0,0.0,2.0,0.0,8.0,10.0,14.0,22.0,1.0,2.0,11.0,13.0,1.0,4.0,21.0,2.0,1.0,0.55,0.35,0.26,1.0,1.0,0.0,29.27,24.0,23.27,1.0,0.24,0.29,0.29,1.12,1.08,1.05
847688984794148484829,2025,Hryckowian-Faksa-Bastian,DAL,line,5on5,7,1342.0,38.0,0.31,0.38,0.39,6.75,0.51,0.4,1.98,0.24,3.35,2.53,0.5,0.55,0.54,6.0,3.0,4.0,13.0,0.0,1.0,0.0,2.0,0.0,4.0,2.0,6.0,9.0,3.0,6.0,10.0,19.0,1.0,8.0,7.0,2.0,0.0,0.25,0.26,0.0,0.0,0.0,0.0,13.79,9.0,9.5,7.0,0.08,0.15,0.15,0.44,0.47,0.46,10.39,1.14,0.65,2.61,0.33,5.25,4.03,1.14,1.14,1.13,10.0,4.0,7.0,21.0,1.0,0.0,0.0,4.0,0.0,7.0,2.0,9.0,13.0,2.0,4.0,12.0,21.0,5.0,6.0,9.0,3.0,2.0,0.3,0.4,0.44,0.0,1.0,0.0,20.78,14.0,14.06,2.0,0.14,0.0,0.0,1.28,1.28,1.27
847574584764328479671,2025,Jenner-Coyle-Olivier,CBJ,line,5on5,4,733.0,52.0,0.8,0.48,0.54,5.18,0.86,0.49,1.37,0.21,2.3,1.76,0.86,0.84,0.83,5.0,2.0,7.0,14.0,0.0,1.0,0.0,0.0,0.0,2.0,4.0,5.0,7.0,0.0,0.0,6.0,3.0,1.0,4.0,4.0,0.0,3.0,0.13,0.0,0.73,0.0,0.0,0.0,13.6,7.0,6.87,1.0,0.11,0.26,0.26,0.71,0.69,0.69,3.81,0.22,0.24,1.05,0.14,2.53,1.82,0.22,0.24,0.23,3.0,3.0,9.0,15.0,1.0,0.0,0.0,0.0,0.0,3.0,2.0,2.0,5.0,1.0,2.0,8.0,2.0,4.0,5.0,5.0,1.0,0.0,0.14,0.08,0.0,1.0,0.0,0.0,15.38,6.0,6.18,3.0,0.05,0.0,0.0,0.27,0.29,0.28
847692584784348479353,2025,Sissons-Howden-Kolesar,VGK,line,5on5,6,2504.0,20.0,0.39,0.47,0.46,16.48,1.45,1.23,4.25,0.54,9.16,6.36,1.42,1.49,1.45,16.0,7.0,14.0,37.0,1.0,1.0,0.0,4.0,0.0,10.0,7.0,15.0,22.0,4.0,11.0,38.0,45.0,4.0,14.0,17.0,5.0,1.0,0.45,0.65,0.35,0.0,1.0,0.0,36.79,23.0,22.68,8.0,0.26,0.35,0.35,1.36,1.38,1.37,20.71,2.3,1.5,5.62,0.67,9.87,7.04,2.12,2.3,2.12,20.0,7.0,14.0,41.0,3.0,5.0,2.0,5.0,0.0,7.0,7.0,17.0,24.0,5.0,16.0,18.0,36.0,4.0,19.0,17.0,6.0,4.0,0.45,0.9,0.95,0.0,1.0,2.0,41.99,27.0,27.62,6.0,0.32,0.97,0.97,1.65,1.65,1.55
847578484808488482206,2025,Skinner-Dellandrea-Cardwell,SJS,line,5on5,4,1285.0,24.0,0.53,0.49,0.38,6.94,0.61,0.57,1.84,0.28,4.03,2.67,0.6,0.59,0.58,8.0,2.0,7.0,17.0,0.0,1.0,0.0,2.0,0.0,5.0,2.0,8.0,10.0,2.0,4.0,5.0,10.0,1.0,5.0,8.0,1.0,1.0,0.22,0.15,0.24,0.0,0.0,0.0,17.04,10.0,10.04,2.0,0.12,0.24,0.24,0.49,0.48,0.48,11.39,0.55,0.69,2.89,0.38,6.26,5.24,0.55,0.56,0.56,6.0,10.0,2.0,18.0,0.0,0.0,0.0,4.0,0.0,5.0,7.0,6.0,16.0,0.0,0.0,12.0,15.0,1.0,8.0,13.0,3.0,0.0,0.26,0.29,0.0,0.0,0.0,0.0,17.95,16.0,15.78,4.0,0.14,0.0,0.0,0.7,0.7,0.7
84764638482122,2025,Brodin-Faber,MIN,pairing,5on5,15,14608.0,18.0,0.49,0.5,0.51,126.67,10.97,8.07,33.11,4.24,67.33,50.28,10.28,10.9,10.21,118.0,56.0,71.0,245.0,8.0,17.0,2.0,28.0,0.0,72.0,49.0,110.0,166.0,12.0,24.0,123.0,104.0,20.0,64.0,136.0,26.0,12.0,3.6,3.43,3.94,4.0,3.0,1.0,242.37,174.0,172.24,29.0,1.66,3.75,3.75,8.89,8.82,8.62,122.34,11.33,7.98,30.6,4.25,67.3,47.54,10.74,11.55,10.93,112.0,57.0,78.0,247.0,12.0,13.0,1.0,18.0,1.0,62.0,63.0,100.0,157.0,14.0,28.0,136.0,97.0,16.0,69.0,126.0,31.0,12.0,3.78,4.07,3.49,7.0,2.0,3.0,252.53,169.0,172.22,33.0,1.66,2.63,2.63,10.37,10.59,10.22
847883184792938479977,2025,Tanev-Stenlund-Yamamoto,UTA,line,5on5,7,3190.0,24.0,0.3,0.4,0.43,16.35,1.02,1.02,3.76,0.55,9.3,7.36,1.01,1.05,1.04,16.0,7.0,9.0,32.0,1.0,0.0,0.0,4.0,0.0,12.0,6.0,15.0,22.0,3.0,6.0,20.0,24.0,4.0,20.0,18.0,5.0,0.0,0.38,0.64,0.0,1.0,0.0,0.0,32.04,23.0,23.15,11.0,0.2,0.0,0.0,1.23,1.26,1.25,22.32,2.4,1.49,5.05,0.74,11.73,9.6,2.37,2.34,2.31,18.0,13.0,17.0,48.0,3.0,1.0,0.0,1.0,0.0,11.0,15.0,15.0,28.0,4.0,8.0,22.0,28.0,4.0,15.0,19.0,10.0,2.0,0.66,1.19,0.55,1.0,1.0,1.0,47.24,31.0,30.52,9.0,0.31,0.04,0.04,2.68,2.61,2.58
847360484801138482787,2025,Iafallo-Toews-Chibrikov,WPG,line,5on5,5,1640.0,18.0,0.42,0.44,0.34,8.11,0.79,0.54,2.06,0.26,4.37,2.98,0.79,0.78,0.77,5.0,6.0,13.0,24.0,1.0,0.0,0.0,0.0,0.0,4.0,6.0,4.0,10.0,3.0,6.0,23.0,14.0,4.0,12.0,7.0,3.0,1.0,0.17,0.42,0.2,0.0,0.0,1.0,22.93,11.0,10.88,6.0,0.11,0.0,0.0,0.91,0.89,0.89,14.58,1.12,1.03,3.46,0.5,8.61,6.29,1.11,1.18,1.17,12.0,9.0,9.0,30.0,2.0,1.0,0.0,3.0,0.0,5.0,10.0,10.0,19.0,2.0,4.0,9.0,16.0,4.0,5.0,17.0,3.0,1.0,0.55,0.36,0.21,1.0,0.0,1.0,30.82,21.0,21.48,4.0,0.21,0.15,0.15,1.18,1.23,1.23
847519184764488479353,2025,Karlsson-Howden-Smith,VGK,line,5on5,3,952.0,16.0,0.71,0.65,0.62,9.92,0.98,0.64,1.96,0.29,5.32,3.81,0.91,0.93,0.87,11.0,2.0,7.0,20.0,1.0,0.0,0.0,2.0,0.0,4.0,6.0,10.0,12.0,1.0,2.0,10.0,1.0,1.0,4.0,8.0,5.0,0.0,0.31,0.67,0.0,0.0,1.0,0.0,19.4,13.0,12.75,3.0,0.14,0.0,0.0,1.11,1.06,1.0,5.18,0.41,0.36,1.34,0.22,3.16,2.51,0.4,0.42,0.42,3.0,5.0,3.0,11.0,0.0,1.0,0.0,0.0,0.0,2.0,5.0,3.0,8.0,1.0,4.0,5.0,3.0,0.0,1.0,6.0,2.0,0.0,0.14,0.27,0.0,0.0,0.0,0.0,10.96,8.0,7.95,0.0,0.07,0.01,0.01,0.47,0.49,0.48
847643284827058484166,2025,Sillinger-Fantilli-Jenner,CBJ,line,5on5,5,1621.0,30.0,0.44,0.48,0.43,13.79,1.22,0.98,3.41,0.5,7.83,6.06,1.21,1.26,1.25,12.0,8.0,13.0,33.0,2.0,1.0,0.0,4.0,0.0,8.0,5.0,10.0,18.0,4.0,8.0,16.0,10.0,4.0,8.0,15.0,3.0,2.0,0.43,0.35,0.44,2.0,0.0,0.0,34.2,20.0,20.57,6.0,0.21,0.23,0.23,1.2,1.26,1.26,19.38,1.53,1.23,5.07,0.66,10.06,7.44,1.49,1.52,1.48,20.0,6.0,10.0,36.0,1.0,2.0,0.0,5.0,0.0,13.0,5.0,19.0,25.0,3.0,6.0,14.0,10.0,1.0,7.0,20.0,5.0,1.0,0.47,0.72,0.34,1.0,0.0,0.0,36.21,26.0,26.07,4.0,0.25,0.49,0.49,1.3,1.3,1.26
84764678479324,2025,Lindgren-Oleksiak,SEA,pairing,5on5,9,2241.0,59.0,0.5,0.54,0.56,18.94,1.09,1.13,5.32,0.68,11.03,7.75,1.08,1.14,1.13,17.0,10.0,12.0,39.0,0.0,0.0,0.0,8.0,0.0,11.0,8.0,17.0,27.0,0.0,0.0,17.0,12.0,4.0,11.0,23.0,3.0,1.0,0.52,0.33,0.25,0.0,0.0,0.0,40.23,27.0,27.96,6.0,0.23,0.0,0.0,1.32,1.39,1.37,15.55,1.11,0.99,4.41,0.5,8.29,5.71,1.09,1.07,1.06,14.0,7.0,12.0,33.0,3.0,0.0,0.0,3.0,0.0,8.0,7.0,11.0,18.0,2.0,4.0,27.0,16.0,2.0,12.0,16.0,3.0,2.0,0.34,0.29,0.48,1.0,0.0,2.0,31.36,21.0,20.14,6.0,0.21,0.0,0.0,1.32,1.27,1.26
847966184799878483489,2025,Jeannot-Minten-Geekie,BOS,line,5on5,3,862.0,21.0,0.29,0.43,0.41,6.46,0.29,0.38,1.85,0.22,3.59,2.66,0.29,0.29,0.29,4.0,5.0,4.0,13.0,0.0,0.0,0.0,2.0,0.0,3.0,4.0,4.0,9.0,0.0,0.0,5.0,7.0,1.0,4.0,8.0,1.0,0.0,0.18,0.11,0.0,0.0,0.0,0.0,13.37,9.0,9.13,2.0,0.08,0.0,0.0,0.37,0.36,0.36,9.19,0.72,0.64,2.39,0.37,5.23,3.65,0.69,0.72,0.7,10.0,3.0,4.0,17.0,1.0,2.0,0.0,2.0,0.0,2.0,6.0,9.0,12.0,0.0,0.0,8.0,9.0,0.0,2.0,10.0,2.0,1.0,0.25,0.17,0.29,0.0,1.0,0.0,17.28,13.0,12.96,1.0,0.14,0.3,0.3,0.55,0.56,0.56
847842084784498479351,2025,Steel-Hintz-Rantanen,DAL,line,5on5,9,3339.0,36.0,0.66,0.52,0.57,28.03,2.97,1.73,7.54,0.94,14.3,10.52,2.76,2.92,2.71,24.0,14.0,12.0,50.0,2.0,3.0,1.0,6.0,0.0,20.0,7.0,22.0,36.0,7.0,14.0,35.0,19.0,4.0,17.0,24.0,10.0,4.0,0.69,1.18,1.1,1.0,0.0,1.0,48.73,38.0,37.26,12.0,0.37,0.87,0.87,2.47,2.39,2.33,21.41,1.52,1.19,5.34,0.72,11.15,9.09,1.48,1.52,1.48,22.0,7.0,18.0,47.0,1.0,1.0,0.0,6.0,0.0,13.0,8.0,21.0,28.0,3.0,6.0,37.0,20.0,5.0,13.0,23.0,5.0,1.0,0.58,0.61,0.33,1.0,0.0,0.0,47.19,29.0,29.16,6.0,0.25,0.33,0.33,1.44,1.44,1.42
84745678483460,2025,Bogosian-Jiricek,MIN,pairing,5on5,1,760.0,3.0,0.67,0.5,0.5,8.3,0.84,0.56,1.62,0.24,4.23,3.51,0.8,0.95,0.91,6.0,5.0,3.0,14.0,3.0,0.0,0.0,1.0,0.0,5.0,2.0,3.0,8.0,1.0,2.0,3.0,3.0,0.0,3.0,9.0,0.0,2.0,0.37,0.0,0.47,2.0,0.0,1.0,16.46,11.0,12.43,1.0,0.12,0.0,0.0,0.96,1.08,1.04,7.84,0.41,0.41,2.14,0.3,4.54,3.2,0.41,0.37,0.37,7.0,4.0,3.0,14.0,0.0,0.0,0.0,1.0,0.0,3.0,7.0,7.0,11.0,1.0,2.0,1.0,11.0,4.0,3.0,10.0,0.0,1.0,0.2,0.0,0.21,0.0,0.0,0.0,12.39,11.0,9.97,2.0,0.08,0.0,0.0,0.49,0.44,0.44
84826558482929,2025,Lilleberg-Moser,TBL,pairing,5on5,11,1469.0,68.0,0.72,0.6,0.64,10.19,1.15,0.66,2.48,0.35,5.28,4.09,1.13,1.16,1.13,9.0,5.0,4.0,18.0,1.0,3.0,0.0,3.0,0.0,3.0,4.0,8.0,13.0,3.0,6.0,5.0,5.0,3.0,7.0,9.0,3.0,2.0,0.29,0.29,0.57,0.0,1.0,0.0,18.4,14.0,14.42,1.0,0.13,0.6,0.6,0.69,0.71,0.71,5.73,0.45,0.4,1.42,0.19,3.07,2.48,0.45,0.45,0.45,6.0,2.0,4.0,12.0,0.0,0.0,0.0,2.0,0.0,3.0,3.0,6.0,8.0,1.0,2.0,7.0,10.0,0.0,4.0,6.0,2.0,0.0,0.19,0.26,0.0,0.0,0.0,0.0,11.56,8.0,7.9,1.0,0.08,0.0,0.0,0.53,0.53,0.53
84768928481598,2025,Broberg-Parayko,STL,pairing,5on5,16,8590.0,54.0,0.6,0.44,0.49,66.71,7.68,4.85,16.23,2.15,34.51,24.57,7.38,7.53,7.23,65.0,25.0,29.0,119.0,8.0,10.0,1.0,10.0,0.0,32.0,30.0,57.0,82.0,6.0,15.0,65.0,63.0,16.0,41.0,55.0,26.0,9.0,1.64,3.5,2.54,2.0,3.0,3.0,116.44,90.0,88.42,17.0,1.02,2.09,2.09,6.62,6.5,6.36,67.04,5.23,4.4,16.12,2.22,36.64,27.4,4.96,5.22,4.96,54.0,38.0,58.0,150.0,4.0,4.0,0.0,13.0,0.0,30.0,41.0,50.0,88.0,11.0,25.0,70.0,46.0,9.0,50.0,73.0,15.0,4.0,2.18,1.94,1.11,3.0,1.0,0.0,150.39,92.0,92.37,21.0,0.91,0.96,0.96,5.18,5.2,5.0
84752798482762,2025,Edvinsson-Chiarot,DET,pairing,5on5,12,769.0,82.0,0.5,0.56,0.52,7.8,0.7,0.52,1.82,0.26,4.4,3.3,0.7,0.69,0.68,6.0,5.0,3.0,14.0,0.0,0.0,0.0,1.0,0.0,3.0,7.0,6.0,11.0,1.0,2.0,0.0,2.0,0.0,3.0,8.0,2.0,1.0,0.26,0.23,0.2,0.0,0.0,0.0,13.79,11.0,10.93,1.0,0.11,0.0,0.0,0.81,0.79,0.79,7.49,0.69,0.47,1.67,0.22,4.01,2.94,0.69,0.72,0.72,9.0,1.0,1.0,11.0,2.0,0.0,0.0,2.0,0.0,2.0,4.0,7.0,8.0,0.0,0.0,0.0,7.0,0.0,9.0,8.0,1.0,1.0,0.36,0.12,0.22,1.0,0.0,1.0,11.25,10.0,10.17,4.0,0.1,0.0,0.0,0.79,0.82,0.82
847799384790668483609,2025,Lomberg-Kirkland-Klapka,CGY,line,5on5,7,2728.0,26.0,0.59,0.58,0.61,25.98,2.17,1.49,6.97,0.91,13.95,10.52,2.14,2.17,2.15,21.0,15.0,21.0,57.0,0.0,3.0,0.0,7.0,0.0,15.0,11.0,21.0,36.0,7.0,17.0,22.0,39.0,1.0,9.0,28.0,7.0,1.0,0.76,1.04,0.36,0.0,0.0,0.0,57.28,36.0,36.44,6.0,0.31,0.55,0.55,1.92,1.96,1.95,17.13,1.49,1.06,4.39,0.57,8.88,6.61,1.48,1.48,1.47,16.0,7.0,19.0,42.0,2.0,0.0,0.0,4.0,0.0,7.0,10.0,14.0,21.0,4.0,11.0,22.0,26.0,4.0,14.0,17.0,4.0,2.0,0.51,0.48,0.49,1.0,0.0,1.0,42.05,23.0,22.75,8.0,0.22,0.0,0.0,1.71,1.71,1.69
847360484746798475799,2025,Niederreiter-Toews-Nyquist,WPG,line,5on5,7,1582.0,47.0,0.33,0.49,0.49,13.88,0.63,0.79,3.53,0.47,8.42,6.16,0.62,0.62,0.61,14.0,6.0,9.0,29.0,1.0,1.0,0.0,5.0,0.0,3.0,10.0,13.0,19.0,1.0,2.0,14.0,12.0,1.0,13.0,18.0,2.0,0.0,0.34,0.29,0.0,1.0,0.0,0.0,28.86,20.0,19.52,9.0,0.16,0.18,0.18,0.61,0.6,0.59,15.09,1.27,0.96,3.64,0.5,8.43,6.19,1.21,1.25,1.19,9.0,12.0,9.0,30.0,1.0,1.0,0.0,2.0,0.0,11.0,6.0,8.0,20.0,1.0,2.0,8.0,8.0,2.0,6.0,17.0,3.0,1.0,0.54,0.38,0.36,0.0,1.0,0.0,29.85,21.0,21.18,3.0,0.2,0.36,0.36,1.11,1.11,1.05
847889184793378483464,2025,Appleton-Kasper-Debrincat,DET,line,5on5,8,3106.0,39.0,0.56,0.55,0.58,30.62,2.71,1.98,8.79,1.08,15.82,11.62,2.53,2.8,2.62,30.0,12.0,16.0,58.0,4.0,6.0,0.0,3.0,0.0,13.0,16.0,26.0,38.0,1.0,2.0,22.0,11.0,1.0,22.0,31.0,7.0,4.0,0.95,0.88,0.89,3.0,1.0,0.0,58.99,42.0,42.68,10.0,0.41,1.13,1.13,1.99,2.08,2.01,22.94,2.17,1.56,5.26,0.72,12.37,8.93,2.02,2.07,1.93,26.0,5.0,16.0,47.0,0.0,3.0,0.0,9.0,0.0,9.0,10.0,26.0,31.0,1.0,2.0,29.0,18.0,5.0,12.0,22.0,6.0,3.0,0.62,0.76,0.78,0.0,0.0,0.0,44.97,31.0,29.78,6.0,0.32,0.78,0.78,1.71,1.63,1.6
847645684800288482679,2025,Huberdeau-Frost-Coronato,CGY,line,5on5,4,2137.0,12.0,0.63,0.57,0.61,28.26,2.42,1.79,7.53,0.92,15.43,10.92,2.35,2.38,2.31,29.0,10.0,11.0,50.0,3.0,2.0,1.0,10.0,0.0,9.0,15.0,26.0,36.0,1.0,2.0,23.0,6.0,3.0,9.0,30.0,8.0,1.0,0.92,1.13,0.37,0.0,2.0,1.0,49.85,39.0,38.51,5.0,0.38,0.53,0.53,2.26,2.22,2.19,17.85,1.42,1.08,4.64,0.63,9.78,7.46,1.4,1.45,1.43,16.0,9.0,12.0,37.0,1.0,1.0,0.0,7.0,1.0,8.0,7.0,15.0,24.0,1.0,2.0,19.0,12.0,4.0,8.0,19.0,4.0,2.0,0.37,0.39,0.66,0.0,0.0,1.0,36.33,25.0,24.54,2.0,0.22,0.3,0.3,1.34,1.38,1.37
84821768483506,2025,Kaiser-Rinzel,CHI,pairing,5on5,15,2828.0,106.0,0.61,0.59,0.59,38.37,3.78,2.74,10.18,1.25,19.52,13.52,3.5,3.82,3.54,27.0,24.0,13.0,64.0,6.0,9.0,2.0,6.0,0.0,13.0,17.0,21.0,45.0,5.0,10.0,16.0,22.0,3.0,10.0,36.0,10.0,5.0,0.95,1.42,1.41,3.0,1.0,2.0,64.91,51.0,52.1,4.0,0.58,1.5,1.65,2.71,2.74,2.61,26.26,2.44,1.68,6.44,0.82,14.35,10.27,2.4,2.37,2.33,24.0,12.0,9.0,45.0,1.0,2.0,0.0,6.0,0.0,16.0,11.0,23.0,35.0,5.0,10.0,21.0,24.0,3.0,16.0,28.0,5.0,3.0,0.85,0.78,0.81,1.0,0.0,0.0,44.32,36.0,35.41,11.0,0.35,0.55,0.55,2.24,2.18,2.17
847688284816248483493,2025,Teravainen-Nazar-Mikheyev,CHI,line,5on5,3,1179.0,29.0,0.25,0.23,0.24,6.24,0.66,0.41,1.52,0.19,3.69,2.54,0.66,0.7,0.7,5.0,4.0,3.0,12.0,0.0,0.0,0.0,0.0,1.0,4.0,4.0,5.0,9.0,1.0,2.0,9.0,7.0,1.0,6.0,7.0,0.0,2.0,0.24,0.0,0.42,0.0,0.0,0.0,12.32,9.0,9.3,5.0,0.08,0.0,0.0,0.74,0.79,0.78,21.34,1.97,1.33,5.46,0.7,11.58,7.96,1.82,1.96,1.81,21.0,8.0,11.0,40.0,0.0,4.0,0.0,4.0,0.0,16.0,5.0,21.0,29.0,1.0,2.0,12.0,14.0,1.0,5.0,21.0,6.0,2.0,0.65,0.79,0.54,0.0,0.0,0.0,39.08,29.0,28.31,3.0,0.28,0.87,0.87,1.38,1.35,1.32
847841484800028482110,2025,Mercer-Hischier-Meier,NJD,line,5on5,12,7124.0,18.0,0.54,0.5,0.49,59.74,5.56,4.02,15.56,2.07,31.5,23.3,5.37,5.72,5.52,49.0,33.0,42.0,124.0,5.0,4.0,1.0,11.0,0.0,39.0,23.0,44.0,77.0,7.0,14.0,84.0,33.0,8.0,33.0,59.0,17.0,6.0,1.34,2.34,1.88,1.0,2.0,2.0,125.86,82.0,83.65,15.0,0.85,0.97,0.97,5.44,5.61,5.48,61.21,4.76,4.02,15.3,1.99,33.91,24.02,4.6,4.68,4.52,64.0,20.0,41.0,125.0,6.0,2.0,0.0,12.0,0.0,35.0,29.0,58.0,78.0,6.0,12.0,68.0,42.0,10.0,41.0,65.0,14.0,5.0,1.87,1.73,1.17,2.0,3.0,1.0,125.95,84.0,82.91,19.0,0.84,0.48,0.48,5.12,5.04,4.91
847167584758108480842,2025,Hallander-Crosby-Rust,PIT,line,5on5,6,2875.0,17.0,0.55,0.51,0.49,28.37,3.05,2.16,7.27,0.93,14.13,10.45,2.87,3.06,2.88,29.0,9.0,21.0,59.0,5.0,4.0,1.0,9.0,0.0,8.0,12.0,24.0,33.0,1.0,2.0,34.0,7.0,4.0,19.0,26.0,9.0,3.0,0.76,1.18,1.11,2.0,2.0,1.0,58.93,38.0,38.28,11.0,0.45,1.21,1.21,2.3,2.34,2.23,26.81,2.5,2.04,7.0,1.01,15.78,10.68,2.38,2.48,2.37,25.0,14.0,17.0,56.0,1.0,5.0,0.0,4.0,0.0,18.0,11.0,24.0,38.0,3.0,6.0,25.0,15.0,5.0,11.0,31.0,4.0,4.0,0.88,0.55,1.07,1.0,0.0,0.0,55.69,39.0,38.98,6.0,0.42,0.63,0.63,2.29,2.27,2.24
847341984774098477935,2025,Marchand-Bennett-Verhaeghe,FLA,line,5on5,7,2493.0,41.0,0.65,0.63,0.58,28.62,3.12,2.03,6.95,0.89,14.21,9.8,3.02,3.09,2.99,26.0,11.0,18.0,55.0,0.0,2.0,0.0,7.0,0.0,16.0,12.0,26.0,37.0,2.0,4.0,19.0,11.0,3.0,16.0,22.0,12.0,3.0,0.81,1.54,0.78,0.0,0.0,0.0,55.3,37.0,37.03,7.0,0.43,0.18,0.18,3.37,3.33,3.25,19.15,1.72,1.23,4.59,0.66,10.27,8.52,1.7,1.77,1.75,22.0,5.0,5.0,32.0,3.0,1.0,0.0,7.0,0.0,7.0,9.0,19.0,24.0,4.0,8.0,25.0,11.0,9.0,18.0,18.0,9.0,0.0,0.5,1.22,0.0,1.0,2.0,0.0,31.5,27.0,27.03,13.0,0.26,0.01,0.01,1.96,2.02,2.0
84768858481605,2025,Lacombe-Trouba,ANA,pairing,5on5,14,2208.0,80.0,0.64,0.57,0.57,22.38,2.29,1.55,5.84,0.79,11.09,8.43,2.24,2.37,2.31,22.0,8.0,9.0,39.0,3.0,4.0,1.0,4.0,0.0,7.0,12.0,19.0,27.0,4.0,11.0,13.0,15.0,3.0,10.0,22.0,5.0,3.0,0.75,0.7,0.83,1.0,1.0,1.0,40.62,30.0,30.79,7.0,0.33,0.52,0.7,1.91,1.98,1.96,16.88,1.27,1.12,4.08,0.54,9.25,6.74,1.24,1.22,1.2,13.0,10.0,6.0,29.0,0.0,2.0,0.0,4.0,0.0,11.0,6.0,13.0,23.0,2.0,7.0,17.0,10.0,0.0,10.0,16.0,7.0,0.0,0.37,0.89,0.0,0.0,0.0,0.0,28.36,23.0,22.44,3.0,0.23,0.11,0.11,1.39,1.35,1.33
84800588484240,2025,Joseph-Willander,VAN,pairing,5on5,3,880.0,20.0,0.47,0.52,0.57,9.41,0.72,0.63,1.86,0.28,5.57,3.95,0.72,0.67,0.67,5.0,8.0,1.0,14.0,0.0,0.0,0.0,3.0,0.0,4.0,6.0,5.0,13.0,1.0,2.0,2.0,6.0,2.0,3.0,8.0,5.0,0.0,0.18,0.53,0.0,0.0,0.0,0.0,13.39,13.0,12.46,1.0,0.13,0.0,0.0,0.85,0.79,0.79,7.62,0.82,0.54,2.32,0.29,3.55,2.48,0.75,0.87,0.8,7.0,3.0,3.0,13.0,0.0,2.0,0.0,1.0,0.0,2.0,5.0,7.0,10.0,2.0,4.0,9.0,4.0,0.0,5.0,7.0,2.0,1.0,0.19,0.29,0.34,0.0,0.0,0.0,13.88,10.0,10.64,3.0,0.11,0.23,0.23,0.7,0.75,0.74
847516684779398481711,2025,Maccelli-Tavares-Nylander,TOR,line,5on5,5,2500.0,12.0,0.62,0.53,0.56,23.64,2.88,1.75,5.83,0.81,12.33,8.4,2.75,2.79,2.66,16.0,16.0,9.0,41.0,5.0,4.0,1.0,6.0,0.0,4.0,13.0,11.0,27.0,2.0,4.0,27.0,8.0,3.0,14.0,19.0,10.0,3.0,0.61,1.35,0.92,2.0,1.0,2.0,40.08,32.0,31.3,6.0,0.37,0.7,0.7,2.55,2.46,2.39,18.05,1.79,1.2,4.84,0.64,9.56,6.96,1.78,1.88,1.86,21.0,4.0,11.0,36.0,2.0,1.0,0.0,4.0,0.0,8.0,10.0,19.0,23.0,3.0,6.0,18.0,19.0,3.0,10.0,18.0,5.0,2.0,0.6,0.61,0.58,0.0,2.0,0.0,37.15,25.0,25.83,6.0,0.26,0.13,0.13,1.92,2.01,1.99
84769678477498,2025,Nurse-Kulak,EDM,pairing,5on5,14,1744.0,78.0,0.11,0.34,0.34,8.75,0.31,0.39,2.14,0.25,4.5,4.4,0.29,0.31,0.29,9.0,3.0,4.0,16.0,0.0,0.0,0.0,1.0,0.0,8.0,3.0,9.0,12.0,3.0,6.0,11.0,14.0,0.0,11.0,10.0,2.0,0.0,0.11,0.2,0.0,0.0,0.0,0.0,16.54,12.0,12.41,7.0,0.08,0.0,0.0,0.39,0.39,0.37,18.09,2.44,1.35,4.19,0.56,8.35,6.1,2.31,2.48,2.35,15.0,8.0,8.0,31.0,2.0,4.0,1.0,2.0,0.0,7.0,8.0,13.0,21.0,0.0,0.0,7.0,9.0,2.0,8.0,11.0,7.0,5.0,0.21,1.02,1.22,0.0,0.0,2.0,31.87,23.0,23.38,4.0,0.29,0.84,0.84,1.9,1.92,1.9
847682684768788480995,2025,Girgensons-Gourde-Holmberg,TBL,line,5on5,8,4845.0,10.0,0.56,0.53,0.55,35.49,3.73,2.11,9.01,1.21,18.43,13.51,3.64,3.83,3.74,32.0,16.0,17.0,65.0,2.0,5.0,0.0,10.0,0.0,14.0,17.0,30.0,46.0,6.0,12.0,45.0,41.0,5.0,20.0,37.0,6.0,5.0,1.03,0.76,1.95,0.0,2.0,0.0,66.43,48.0,49.0,4.0,0.44,1.7,1.7,2.47,2.53,2.48,28.43,2.92,1.82,7.0,0.97,14.96,11.33,2.83,2.92,2.83,29.0,10.0,18.0,57.0,3.0,5.0,1.0,6.0,0.0,16.0,9.0,26.0,36.0,7.0,14.0,57.0,35.0,6.0,25.0,27.0,10.0,2.0,0.95,1.4,0.57,0.0,3.0,0.0,56.39,39.0,38.73,10.0,0.38,0.93,0.93,2.38,2.36,2.29
847752784783668478424,2025,Johnston-Harkins-Vatrano,ANA,line,5on5,4,1784.0,13.0,0.31,0.34,0.33,8.96,0.83,0.61,2.05,0.33,4.42,3.76,0.8,0.86,0.83,10.0,2.0,4.0,16.0,2.0,0.0,0.0,1.0,0.0,5.0,4.0,8.0,10.0,1.0,2.0,11.0,21.0,3.0,8.0,7.0,5.0,0.0,0.25,0.58,0.0,1.0,1.0,0.0,16.58,12.0,12.31,4.0,0.13,0.0,0.0,0.96,1.0,0.96,18.33,1.87,1.14,4.98,0.64,8.75,6.62,1.78,1.84,1.75,15.0,9.0,7.0,31.0,1.0,4.0,0.0,5.0,0.0,7.0,7.0,14.0,23.0,2.0,4.0,19.0,15.0,5.0,10.0,14.0,8.0,2.0,0.35,0.89,0.64,0.0,1.0,0.0,30.16,24.0,23.28,6.0,0.24,0.76,0.76,1.36,1.32,1.28
847579884783668478873,2025,Terry-Granlund-Vatrano,ANA,line,5on5,6,1602.0,52.0,0.42,0.39,0.38,12.99,1.11,0.79,3.35,0.45,7.21,5.1,1.1,1.09,1.09,13.0,5.0,7.0,25.0,0.0,0.0,0.0,1.0,0.0,6.0,11.0,13.0,18.0,1.0,2.0,16.0,15.0,1.0,6.0,14.0,2.0,2.0,0.33,0.27,0.51,0.0,0.0,0.0,24.22,18.0,17.59,3.0,0.16,0.0,0.0,1.27,1.25,1.25,20.63,1.55,1.46,4.74,0.69,12.11,8.45,1.5,1.62,1.57,18.0,11.0,10.0,39.0,1.0,2.0,1.0,4.0,0.0,15.0,7.0,17.0,28.0,1.0,2.0,11.0,3.0,0.0,6.0,23.0,6.0,0.0,0.81,0.74,0.0,0.0,1.0,0.0,40.59,29.0,29.95,3.0,0.3,0.12,0.12,1.73,1.8,1.74
847579484784498480027,2025,Robertson-Seguin-Hintz,DAL,line,5on5,2,807.0,4.0,0.33,0.47,0.53,5.84,0.29,0.29,1.91,0.19,3.21,2.1,0.29,0.28,0.28,6.0,2.0,1.0,9.0,0.0,1.0,0.0,1.0,0.0,3.0,3.0,6.0,8.0,1.0,2.0,11.0,6.0,1.0,8.0,7.0,1.0,0.0,0.21,0.08,0.0,0.0,0.0,0.0,8.68,8.0,7.8,5.0,0.06,0.03,0.03,0.32,0.31,0.31,5.07,0.58,0.27,1.21,0.17,2.6,2.17,0.58,0.61,0.6,4.0,3.0,3.0,10.0,1.0,0.0,0.0,0.0,0.0,4.0,2.0,3.0,6.0,1.0,2.0,10.0,4.0,1.0,3.0,5.0,1.0,1.0,0.2,0.09,0.29,0.0,1.0,0.0,10.21,7.0,7.21,1.0,0.06,0.0,0.0,0.64,0.67,0.66
84799808483565,2025,Hague-Blankenburg,NSH,pairing,5on5,6,5189.0,10.0,0.48,0.52,0.46,38.24,3.76,2.6,9.47,1.41,21.98,15.78,3.65,3.73,3.63,34.0,21.0,35.0,90.0,4.0,5.0,0.0,9.0,0.0,19.0,18.0,30.0,51.0,7.0,14.0,40.0,35.0,10.0,34.0,40.0,11.0,4.0,1.23,1.33,1.2,3.0,1.0,0.0,88.32,55.0,54.06,15.0,0.54,0.88,0.88,3.42,3.39,3.31,45.28,4.13,3.21,11.29,1.62,26.08,18.67,4.03,4.16,4.05,45.0,20.0,18.0,83.0,4.0,3.0,2.0,17.0,0.0,18.0,23.0,41.0,61.0,5.0,10.0,37.0,37.0,6.0,25.0,50.0,11.0,4.0,1.4,1.46,1.28,2.0,0.0,2.0,83.76,65.0,66.05,15.0,0.67,0.74,0.74,4.06,4.08,4.02
847795184793438480849,2025,Schmaltz-Hayton-Keller,UTA,line,5on5,12,8013.0,15.0,0.67,0.62,0.63,77.08,7.13,5.07,18.77,2.59,41.86,30.59,6.95,7.29,7.11,77.0,29.0,29.0,135.0,9.0,10.0,0.0,12.0,0.0,29.0,46.0,68.0,97.0,6.0,12.0,72.0,7.0,6.0,48.0,79.0,20.0,7.0,2.69,2.5,1.94,5.0,3.0,1.0,138.12,106.0,108.25,19.0,1.05,1.83,1.83,6.34,6.5,6.39,46.86,3.58,2.79,10.94,1.47,24.27,18.95,3.54,3.55,3.51,41.0,21.0,21.0,83.0,6.0,2.0,1.0,7.0,0.0,25.0,22.0,35.0,56.0,5.0,10.0,74.0,46.0,14.0,47.0,42.0,18.0,2.0,1.1,2.04,0.43,3.0,2.0,1.0,82.67,62.0,61.69,22.0,0.58,0.08,0.08,4.08,4.03,4.0
847576884815548482665,2025,Schwartz-Beniers-Kakko,SEA,line,5on5,1,644.0,1.0,0.52,0.61,0.53,5.83,0.45,0.36,1.36,0.17,3.22,2.44,0.45,0.45,0.45,4.0,4.0,9.0,17.0,0.0,0.0,0.0,1.0,0.0,3.0,4.0,4.0,8.0,1.0,2.0,7.0,0.0,0.0,5.0,6.0,2.0,0.0,0.11,0.34,0.0,0.0,0.0,0.0,16.69,8.0,7.91,1.0,0.08,0.0,0.0,0.52,0.53,0.53,5.35,0.41,0.36,1.42,0.15,2.8,1.85,0.4,0.41,0.4,6.0,1.0,4.0,11.0,0.0,0.0,0.0,1.0,0.0,4.0,2.0,6.0,7.0,0.0,0.0,5.0,3.0,0.0,4.0,5.0,2.0,0.0,0.14,0.27,0.0,0.0,0.0,0.0,11.37,7.0,7.21,1.0,0.08,0.0,0.0,0.49,0.49,0.48
84810068482516,2025,Tucker-Kessel,STL,pairing,5on5,7,2513.0,27.0,0.5,0.51,0.53,16.22,1.29,1.08,3.63,0.54,9.58,6.88,1.2,1.32,1.22,13.0,10.0,9.0,32.0,0.0,1.0,0.0,5.0,0.0,8.0,9.0,13.0,23.0,8.0,25.0,14.0,39.0,0.0,9.0,18.0,4.0,1.0,0.45,0.53,0.31,0.0,0.0,0.0,32.46,23.0,23.04,8.0,0.22,0.15,0.15,1.37,1.38,1.33,14.96,1.29,0.99,4.11,0.47,7.77,5.36,1.27,1.26,1.25,15.0,5.0,11.0,31.0,0.0,1.0,0.0,6.0,0.0,10.0,3.0,15.0,20.0,5.0,19.0,23.0,19.0,4.0,13.0,12.0,8.0,0.0,0.3,0.98,0.0,0.0,0.0,0.0,30.68,20.0,19.93,8.0,0.21,0.11,0.11,1.39,1.37,1.35
847906684820748483609,2025,Lomberg-Zary-Klapka,CGY,line,5on5,4,1527.0,15.0,0.37,0.48,0.53,12.71,0.72,0.63,3.38,0.42,6.53,5.33,0.72,0.7,0.7,11.0,6.0,5.0,22.0,0.0,0.0,0.0,7.0,0.0,5.0,5.0,11.0,17.0,2.0,4.0,12.0,35.0,1.0,5.0,15.0,2.0,0.0,0.41,0.31,0.0,0.0,0.0,0.0,20.98,17.0,16.64,4.0,0.13,0.0,0.0,0.85,0.82,0.82,11.16,1.22,0.82,2.74,0.35,5.61,4.26,1.14,1.27,1.19,6.0,9.0,9.0,24.0,0.0,2.0,0.0,0.0,0.0,6.0,7.0,6.0,15.0,1.0,2.0,14.0,14.0,4.0,8.0,11.0,2.0,2.0,0.42,0.31,0.49,0.0,0.0,0.0,25.52,15.0,15.58,3.0,0.17,0.49,0.49,0.9,0.93,0.92
84773468484768,2025,Weegar-Parekh,CGY,pairing,5on5,7,757.0,45.0,0.13,0.41,0.36,3.67,0.13,0.2,0.81,0.09,2.27,1.49,0.13,0.13,0.13,4.0,1.0,2.0,7.0,0.0,0.0,0.0,1.0,0.0,2.0,2.0,4.0,5.0,1.0,2.0,8.0,1.0,1.0,1.0,5.0,0.0,0.0,0.13,0.0,0.0,0.0,0.0,0.0,6.46,5.0,4.74,1.0,0.04,0.0,0.0,0.17,0.16,0.16,7.06,0.89,0.45,1.75,0.22,3.36,2.33,0.84,0.93,0.88,6.0,3.0,1.0,10.0,0.0,1.0,0.0,1.0,0.0,2.0,5.0,6.0,9.0,1.0,2.0,8.0,4.0,1.0,3.0,5.0,2.0,2.0,0.13,0.29,0.46,0.0,0.0,0.0,10.59,9.0,9.37,3.0,0.1,0.25,0.25,0.73,0.76,0.76
84808918481524,2025,Byram-Kesselring,BUF,pairing,5on5,6,4302.0,11.0,0.36,0.35,0.41,27.28,1.59,1.49,7.58,0.89,15.45,11.0,1.57,1.53,1.51,23.0,15.0,9.0,47.0,2.0,1.0,0.0,7.0,0.0,11.0,17.0,21.0,36.0,10.0,26.0,28.0,28.0,4.0,25.0,30.0,8.0,0.0,0.81,0.78,0.0,1.0,1.0,0.0,45.11,38.0,36.6,13.0,0.31,0.03,0.03,1.87,1.8,1.77,40.48,2.77,2.21,10.49,1.29,21.52,16.72,2.72,2.9,2.85,40.0,15.0,34.0,89.0,5.0,2.0,1.0,11.0,0.0,18.0,19.0,35.0,50.0,7.0,20.0,53.0,24.0,5.0,21.0,47.0,5.0,3.0,1.24,0.67,0.85,4.0,0.0,1.0,92.77,55.0,57.32,14.0,0.46,0.63,0.63,2.6,2.69,2.65
847740484780108479542,2025,Hagel-Guentzel-Point,TBL,line,5on5,3,797.0,16.0,0.7,0.67,0.68,14.2,1.51,0.91,3.68,0.52,6.76,5.62,1.21,1.51,1.21,11.0,8.0,5.0,24.0,0.0,6.0,0.0,0.0,0.0,8.0,5.0,11.0,19.0,1.0,2.0,1.0,5.0,3.0,6.0,13.0,4.0,2.0,0.44,0.58,0.49,0.0,0.0,0.0,23.77,19.0,18.52,3.0,0.19,0.68,0.68,1.02,1.02,0.85,6.28,0.65,0.46,1.47,0.23,3.87,2.32,0.64,0.61,0.6,5.0,4.0,3.0,12.0,1.0,1.0,0.0,0.0,0.0,4.0,3.0,4.0,8.0,2.0,4.0,8.0,4.0,2.0,5.0,7.0,2.0,0.0,0.37,0.28,0.0,1.0,0.0,0.0,11.54,9.0,8.6,5.0,0.09,0.16,0.16,0.58,0.55,0.55
84775078479369,2025,Zadorov-Peeke,BOS,pairing,5on5,17,3236.0,96.0,0.53,0.5,0.47,27.54,2.84,1.72,7.35,0.97,14.31,10.81,2.36,2.79,2.33,23.0,15.0,16.0,54.0,1.0,5.0,0.0,3.0,0.0,12.0,17.0,22.0,37.0,4.0,8.0,26.0,34.0,4.0,20.0,24.0,10.0,4.0,0.53,1.31,1.0,1.0,0.0,0.0,53.67,38.0,37.9,10.0,0.36,0.81,0.81,2.39,2.34,2.14,30.09,2.5,2.04,8.43,1.02,16.86,11.15,2.43,2.51,2.44,23.0,19.0,11.0,53.0,1.0,3.0,0.0,7.0,0.0,17.0,14.0,22.0,41.0,5.0,10.0,23.0,18.0,2.0,19.0,31.0,9.0,2.0,0.8,1.18,0.52,0.0,1.0,0.0,54.15,42.0,42.7,8.0,0.42,0.53,0.53,2.4,2.43,2.38
847522084769948477451,2025,Foligno-Hartman-Hinostroza,MIN,line,5on5,8,3865.0,19.0,0.43,0.56,0.51,35.9,2.69,2.24,9.15,1.15,19.17,14.59,2.64,2.67,2.62,25.0,24.0,31.0,80.0,0.0,1.0,0.0,7.0,0.0,25.0,16.0,25.0,49.0,5.0,13.0,26.0,35.0,7.0,22.0,38.0,9.0,2.0,1.17,1.05,0.47,0.0,0.0,0.0,79.9,49.0,48.96,9.0,0.46,0.04,0.04,3.12,3.1,3.04,34.94,3.62,2.4,9.2,1.19,18.32,13.27,3.48,3.69,3.54,32.0,16.0,14.0,62.0,5.0,5.0,1.0,4.0,0.0,19.0,15.0,27.0,43.0,5.0,15.0,35.0,19.0,7.0,27.0,32.0,10.0,6.0,0.95,1.19,1.48,2.0,1.0,2.0,62.59,48.0,48.39,17.0,0.51,0.83,0.83,3.29,3.31,3.25
84752008479983,2025,Orlov-Ferraro,SJS,pairing,5on5,14,3334.0,109.0,0.41,0.47,0.45,33.11,2.37,2.11,8.21,1.04,17.77,13.51,2.27,2.35,2.25,34.0,11.0,15.0,60.0,2.0,2.0,0.0,6.0,0.0,20.0,15.0,32.0,43.0,3.0,6.0,29.0,22.0,6.0,15.0,36.0,7.0,2.0,1.14,0.82,0.41,2.0,0.0,0.0,57.75,45.0,43.43,6.0,0.43,0.2,0.2,2.6,2.57,2.48,41.48,3.4,2.52,11.34,1.42,20.69,16.63,3.04,3.53,3.16,41.0,15.0,11.0,67.0,2.0,5.0,0.0,8.0,0.0,19.0,22.0,39.0,54.0,3.0,6.0,17.0,21.0,5.0,24.0,42.0,9.0,5.0,0.86,1.08,1.45,1.0,1.0,0.0,69.68,56.0,58.02,11.0,0.53,1.29,1.29,2.64,2.74,2.65
84751718478443,2025,Ekman-Larsson-Carlo,TOR,pairing,5on5,11,2005.0,87.0,0.45,0.4,0.35,13.18,1.23,0.95,3.22,0.43,7.18,5.0,1.2,1.24,1.21,13.0,5.0,11.0,29.0,2.0,3.0,1.0,2.0,0.0,5.0,6.0,11.0,16.0,4.0,8.0,12.0,17.0,5.0,7.0,13.0,4.0,1.0,0.48,0.52,0.22,0.0,2.0,0.0,28.37,18.0,17.88,5.0,0.2,0.4,0.4,1.02,1.04,1.03,24.01,1.51,1.51,5.98,0.81,13.45,9.74,1.47,1.48,1.44,18.0,15.0,10.0,43.0,2.0,2.0,0.0,7.0,0.0,10.0,12.0,16.0,31.0,2.0,4.0,19.0,7.0,2.0,9.0,30.0,2.0,1.0,0.87,0.29,0.35,2.0,0.0,0.0,43.58,33.0,33.33,3.0,0.31,0.38,0.38,1.44,1.43,1.42
84793718481161,2025,Christiansen-Fabbro,CBJ,pairing,5on5,9,4432.0,38.0,0.37,0.5,0.46,34.8,2.07,1.97,9.96,1.21,19.07,13.71,2.04,2.12,2.1,31.0,17.0,27.0,75.0,1.0,4.0,0.0,11.0,0.0,21.0,11.0,30.0,47.0,4.0,8.0,23.0,30.0,7.0,16.0,44.0,3.0,1.0,1.29,0.44,0.34,1.0,0.0,0.0,78.99,48.0,49.84,6.0,0.4,0.56,0.56,1.91,1.97,1.95,41.54,3.56,2.47,10.77,1.36,21.81,16.02,3.31,3.52,3.27,39.0,17.0,19.0,75.0,4.0,4.0,1.0,7.0,0.0,19.0,22.0,35.0,52.0,2.0,4.0,37.0,40.0,5.0,22.0,42.0,11.0,3.0,1.16,1.39,1.02,1.0,3.0,0.0,72.88,56.0,54.88,9.0,0.51,1.12,1.12,2.95,2.92,2.87
847936584814918483512,2025,Frederic-Philp-Savoie,EDM,line,5on5,2,622.0,16.0,0.58,0.25,0.3,2.23,0.25,0.14,0.52,0.07,1.13,0.9,0.25,0.27,0.27,3.0,0.0,0.0,3.0,0.0,0.0,0.0,0.0,0.0,1.0,2.0,3.0,3.0,0.0,0.0,3.0,5.0,1.0,3.0,2.0,0.0,1.0,0.04,0.0,0.22,0.0,0.0,0.0,3.17,3.0,3.16,3.0,0.03,0.0,0.0,0.28,0.3,0.3,5.13,0.19,0.27,1.62,0.17,2.52,2.23,0.18,0.17,0.17,6.0,1.0,2.0,9.0,1.0,1.0,0.0,3.0,0.0,1.0,1.0,5.0,6.0,1.0,2.0,8.0,6.0,0.0,3.0,7.0,0.0,0.0,0.19,0.0,0.0,1.0,0.0,0.0,8.55,7.0,6.62,0.0,0.06,0.04,0.04,0.2,0.19,0.19
84829648483457,2025,Hutson-Xhekaj,MTL,pairing,5on5,14,1904.0,89.0,0.57,0.62,0.61,13.89,1.13,0.85,3.53,0.46,8.24,5.78,1.12,1.18,1.17,13.0,7.0,11.0,31.0,1.0,1.0,1.0,5.0,0.0,7.0,6.0,12.0,19.0,1.0,5.0,8.0,12.0,2.0,9.0,16.0,3.0,1.0,0.54,0.36,0.23,0.0,0.0,1.0,32.25,20.0,20.75,4.0,0.17,0.23,0.23,1.08,1.1,1.1,9.88,0.86,0.64,2.6,0.32,4.87,3.72,0.84,0.9,0.87,9.0,4.0,6.0,19.0,3.0,2.0,1.0,2.0,0.0,1.0,5.0,6.0,10.0,3.0,9.0,15.0,14.0,2.0,10.0,8.0,5.0,0.0,0.19,0.67,0.0,1.0,2.0,0.0,19.48,13.0,13.65,4.0,0.13,0.34,0.34,0.65,0.68,0.67
847514984757658478493,2025,Johansson-Eriksson Ek-Tarasenko,MIN,line,5on5,5,1146.0,36.0,0.32,0.37,0.41,7.77,0.6,0.56,1.77,0.3,4.22,3.55,0.58,0.58,0.57,8.0,3.0,3.0,14.0,0.0,2.0,0.0,2.0,0.0,1.0,6.0,8.0,11.0,3.0,8.0,12.0,7.0,2.0,6.0,9.0,2.0,0.0,0.33,0.27,0.0,0.0,0.0,0.0,13.69,11.0,10.66,3.0,0.11,0.16,0.16,0.55,0.55,0.54,12.18,1.26,0.74,3.24,0.43,5.99,4.34,1.05,1.28,1.08,11.0,5.0,8.0,24.0,1.0,1.0,0.0,0.0,0.0,5.0,9.0,10.0,15.0,3.0,6.0,14.0,3.0,2.0,2.0,12.0,3.0,1.0,0.49,0.47,0.3,1.0,0.0,0.0,24.03,16.0,16.2,1.0,0.16,0.19,0.19,1.22,1.25,1.13
847167584758108485414,2025,Kindel-Crosby-Rust,PIT,line,5on5,2,1383.0,2.0,0.29,0.57,0.58,11.8,0.52,0.75,3.18,0.48,7.53,5.54,0.52,0.53,0.52,14.0,4.0,11.0,29.0,0.0,1.0,0.0,3.0,0.0,9.0,5.0,14.0,18.0,1.0,2.0,14.0,5.0,0.0,9.0,17.0,1.0,0.0,0.44,0.08,0.0,0.0,0.0,0.0,29.84,18.0,18.4,3.0,0.15,0.01,0.01,0.66,0.67,0.67,9.57,1.27,0.76,2.2,0.39,5.06,3.32,1.14,1.27,1.14,9.0,4.0,9.0,22.0,1.0,2.0,1.0,3.0,0.0,2.0,5.0,8.0,12.0,0.0,0.0,23.0,5.0,2.0,7.0,7.0,4.0,2.0,0.22,0.55,0.49,0.0,1.0,0.0,21.39,13.0,12.75,3.0,0.16,0.47,0.47,0.95,0.94,0.93
847698184781338479339,2025,Laine-Evans-Anderson,MTL,line,5on5,5,2178.0,18.0,0.54,0.42,0.37,7.2,0.82,0.48,1.59,0.23,3.94,2.93,0.82,0.8,0.8,4.0,6.0,14.0,24.0,0.0,0.0,0.0,1.0,0.0,3.0,6.0,4.0,10.0,2.0,4.0,21.0,15.0,0.0,12.0,7.0,3.0,0.0,0.33,0.5,0.0,0.0,0.0,0.0,25.11,10.0,9.93,7.0,0.1,0.0,0.0,0.92,0.9,0.9,12.77,0.69,0.69,3.44,0.41,6.78,4.99,0.68,0.69,0.67,11.0,6.0,16.0,33.0,1.0,1.0,0.0,3.0,0.0,5.0,7.0,10.0,16.0,4.0,8.0,10.0,24.0,3.0,12.0,12.0,5.0,0.0,0.24,0.45,0.0,0.0,1.0,0.0,32.48,17.0,16.62,6.0,0.14,0.09,0.09,0.74,0.74,0.73
84788518481593,2025,Struble-Carrier,MTL,pairing,5on5,10,1704.0,65.0,0.49,0.5,0.5,14.21,1.5,0.9,3.53,0.46,7.38,5.23,1.42,1.47,1.39,8.0,11.0,6.0,25.0,0.0,1.0,0.0,1.0,0.0,10.0,7.0,8.0,19.0,1.0,2.0,12.0,10.0,2.0,8.0,13.0,3.0,3.0,0.42,0.41,0.66,0.0,0.0,0.0,24.79,19.0,18.84,5.0,0.19,0.21,0.21,1.47,1.45,1.41,14.1,1.54,1.01,3.92,0.52,6.85,5.17,1.38,1.55,1.39,13.0,6.0,6.0,25.0,1.0,3.0,0.0,0.0,0.0,10.0,5.0,12.0,18.0,0.0,0.0,7.0,12.0,5.0,7.0,11.0,5.0,3.0,0.26,0.61,0.67,0.0,1.0,0.0,24.92,19.0,18.91,6.0,0.22,0.67,0.67,1.09,1.1,1.06
847793484784028479365,2025,Frederic-Draisaitl-Mcdavid,EDM,line,5on5,6,1580.0,48.0,0.92,0.72,0.76,21.6,2.85,1.66,4.36,0.6,10.59,7.95,2.81,2.77,2.73,19.0,9.0,5.0,33.0,0.0,2.0,0.0,3.0,0.0,12.0,11.0,19.0,28.0,1.0,2.0,12.0,10.0,1.0,10.0,16.0,8.0,4.0,0.63,1.06,1.17,0.0,0.0,0.0,33.22,28.0,28.18,4.0,0.35,0.55,0.55,2.65,2.58,2.56,6.62,0.25,0.28,1.47,0.19,3.59,3.22,0.25,0.26,0.26,6.0,3.0,4.0,13.0,0.0,0.0,0.0,2.0,0.0,4.0,3.0,6.0,9.0,4.0,8.0,6.0,18.0,3.0,9.0,9.0,0.0,0.0,0.25,0.0,0.0,0.0,0.0,0.0,12.95,9.0,9.03,6.0,0.05,0.0,0.0,0.31,0.32,0.32
84779508485366,2025,Schaefer-Deangelo,NYI,pairing,5on5,15,1214.0,114.0,0.6,0.65,0.65,12.58,1.08,0.85,3.29,0.41,6.49,4.88,1.01,1.09,1.01,8.0,9.0,7.0,24.0,2.0,3.0,0.0,2.0,0.0,5.0,5.0,6.0,15.0,4.0,8.0,9.0,6.0,1.0,5.0,14.0,1.0,2.0,0.45,0.1,0.53,2.0,0.0,0.0,24.07,17.0,16.97,0.0,0.18,0.54,0.54,0.71,0.72,0.68,6.54,0.72,0.38,1.44,0.22,3.37,2.87,0.72,0.74,0.74,8.0,1.0,4.0,13.0,0.0,0.0,0.0,3.0,0.0,1.0,5.0,8.0,9.0,5.0,10.0,4.0,8.0,0.0,6.0,6.0,2.0,1.0,0.15,0.31,0.26,0.0,0.0,0.0,13.11,9.0,8.94,6.0,0.08,0.0,0.0,0.8,0.81,0.81
847458684800098482665,2025,Tolvanen-Beniers-Eberle,SEA,line,5on5,2,1024.0,4.0,0.14,0.48,0.35,4.15,0.13,0.23,1.17,0.13,2.62,1.73,0.13,0.13,0.13,3.0,3.0,6.0,12.0,1.0,0.0,0.0,4.0,0.0,1.0,0.0,2.0,5.0,2.0,4.0,6.0,7.0,2.0,7.0,6.0,0.0,0.0,0.13,0.0,0.0,1.0,0.0,0.0,11.47,6.0,5.81,4.0,0.04,0.0,0.0,0.18,0.17,0.17,8.19,0.79,0.55,2.25,0.29,4.04,3.08,0.74,0.81,0.76,6.0,5.0,2.0,13.0,0.0,1.0,0.0,1.0,0.0,5.0,4.0,6.0,11.0,1.0,2.0,12.0,5.0,1.0,3.0,7.0,3.0,1.0,0.17,0.36,0.27,0.0,0.0,0.0,12.86,11.0,10.94,0.0,0.12,0.27,0.27,0.64,0.66,0.63
84784608483485,2025,Werenski-Mateychuk,CBJ,pairing,5on5,13,9043.0,39.0,0.56,0.53,0.55,97.54,8.57,6.21,23.3,3.03,50.31,38.58,8.2,8.77,8.39,85.0,45.0,41.0,171.0,8.0,8.0,1.0,18.0,1.0,53.0,42.0,77.0,122.0,8.0,22.0,72.0,56.0,11.0,35.0,95.0,29.0,6.0,3.11,4.01,1.45,4.0,3.0,1.0,174.11,130.0,132.07,21.0,1.3,1.57,1.57,8.3,8.45,8.2,78.06,6.75,4.79,20.41,2.53,42.07,30.45,6.42,6.57,6.24,71.0,36.0,44.0,151.0,4.0,9.0,1.0,17.0,0.0,39.0,38.0,67.0,103.0,11.0,25.0,65.0,41.0,17.0,55.0,81.0,18.0,8.0,2.32,2.26,2.17,2.0,0.0,2.0,146.75,107.0,104.02,23.0,0.99,2.09,2.09,5.65,5.48,5.31
84779868479372,2025,Mahura-Montour,SEA,pairing,5on5,8,782.0,42.0,0.69,0.58,0.59,12.11,1.07,0.77,2.7,0.43,6.17,4.85,1.02,1.09,1.03,13.0,3.0,3.0,19.0,2.0,2.0,1.0,4.0,0.0,2.0,6.0,11.0,14.0,0.0,0.0,0.0,4.0,0.0,5.0,11.0,3.0,2.0,0.28,0.32,0.47,0.0,1.0,1.0,18.98,16.0,15.97,1.0,0.16,0.34,0.34,0.9,0.89,0.89,7.45,0.49,0.47,1.97,0.29,4.41,3.38,0.48,0.5,0.49,6.0,5.0,3.0,14.0,0.0,1.0,0.0,1.0,0.0,4.0,5.0,6.0,11.0,0.0,0.0,2.0,3.0,1.0,2.0,10.0,1.0,0.0,0.3,0.19,0.0,0.0,0.0,0.0,14.52,11.0,11.42,2.0,0.1,0.19,0.19,0.4,0.41,0.41
84768548479369,2025,Lindholm-Peeke,BOS,pairing,5on5,9,6503.0,23.0,0.46,0.48,0.51,52.06,3.89,2.85,14.6,1.77,27.32,20.56,3.82,3.95,3.88,41.0,30.0,26.0,97.0,4.0,5.0,1.0,7.0,0.0,24.0,31.0,37.0,67.0,4.0,10.0,66.0,38.0,5.0,22.0,60.0,8.0,3.0,1.58,1.01,1.31,2.0,0.0,2.0,99.1,71.0,72.59,10.0,0.59,1.28,1.28,3.2,3.29,3.27,49.68,4.52,3.21,13.29,1.73,25.5,18.75,4.38,4.45,4.32,46.0,21.0,36.0,103.0,4.0,3.0,0.0,10.0,0.0,25.0,25.0,42.0,63.0,7.0,14.0,48.0,43.0,12.0,32.0,42.0,23.0,2.0,1.05,2.88,0.59,1.0,3.0,0.0,100.55,67.0,65.49,15.0,0.67,0.58,0.58,4.61,4.54,4.44
84775078479325,2025,Zadorov-Mcavoy,BOS,pairing,5on5,14,6065.0,68.0,0.54,0.52,0.5,40.71,3.4,2.38,10.68,1.35,21.4,15.78,3.13,3.38,3.1,33.0,22.0,27.0,82.0,4.0,4.0,1.0,5.0,0.0,18.0,24.0,29.0,51.0,13.0,26.0,50.0,50.0,15.0,33.0,41.0,10.0,4.0,0.96,1.2,1.24,1.0,2.0,1.0,81.06,55.0,54.74,16.0,0.49,0.88,1.13,2.76,2.72,2.68,41.04,2.91,2.33,11.46,1.33,21.09,15.86,2.83,3.0,2.92,28.0,27.0,22.0,77.0,2.0,1.0,0.0,4.0,0.0,22.0,26.0,26.0,53.0,12.0,24.0,43.0,43.0,12.0,15.0,42.0,12.0,1.0,1.18,1.47,0.26,1.0,1.0,0.0,77.92,55.0,55.82,8.0,0.48,0.26,0.26,3.13,3.23,3.2
84772208479410,2025,Sergachev-Schmidt,UTA,pairing,5on5,14,1541.0,137.0,0.59,0.53,0.5,11.36,1.31,0.85,2.93,0.4,6.25,4.27,1.27,1.39,1.35,13.0,3.0,5.0,21.0,3.0,1.0,0.0,6.0,0.0,2.0,4.0,10.0,13.0,4.0,8.0,9.0,10.0,3.0,11.0,10.0,4.0,2.0,0.32,0.4,0.58,1.0,1.0,1.0,21.09,16.0,16.35,5.0,0.18,0.29,0.29,1.19,1.24,1.24,11.19,0.91,0.77,2.84,0.4,6.43,4.66,0.88,0.87,0.84,11.0,5.0,3.0,19.0,1.0,2.0,1.0,1.0,0.0,7.0,5.0,10.0,15.0,4.0,8.0,16.0,13.0,1.0,10.0,11.0,5.0,0.0,0.35,0.56,0.0,0.0,1.0,0.0,18.34,16.0,15.46,5.0,0.16,0.23,0.23,0.83,0.78,0.78
84769318478443,2025,Mccabe-Carlo,TOR,pairing,5on5,13,3446.0,84.0,0.51,0.45,0.5,23.28,1.8,1.48,5.99,0.73,12.71,9.29,1.78,1.73,1.71,21.0,11.0,12.0,44.0,3.0,1.0,0.0,5.0,0.0,13.0,10.0,18.0,29.0,6.0,18.0,34.0,23.0,7.0,17.0,26.0,5.0,1.0,0.83,0.66,0.31,1.0,1.0,1.0,41.68,32.0,30.69,5.0,0.31,0.08,0.08,2.03,1.95,1.92,22.86,1.76,1.46,5.56,0.79,12.6,9.83,1.73,1.82,1.79,23.0,9.0,22.0,54.0,1.0,3.0,0.0,4.0,0.0,11.0,13.0,22.0,31.0,6.0,18.0,17.0,16.0,2.0,18.0,27.0,3.0,2.0,0.77,0.31,0.68,1.0,0.0,0.0,56.26,32.0,32.91,7.0,0.3,0.69,0.69,1.36,1.43,1.42
84751678478416,2025,Hedman-Cernak,TBL,pairing,5on5,15,1171.0,120.0,0.17,0.16,0.18,4.54,0.36,0.37,1.07,0.13,2.28,1.79,0.35,0.38,0.38,3.0,3.0,1.0,7.0,2.0,1.0,0.0,0.0,0.0,1.0,2.0,1.0,4.0,3.0,6.0,1.0,9.0,0.0,6.0,4.0,2.0,0.0,0.11,0.25,0.0,1.0,1.0,0.0,7.23,6.0,6.18,2.0,0.07,0.1,0.1,0.33,0.35,0.35,19.21,1.74,1.25,4.81,0.71,11.31,8.17,1.71,1.79,1.76,18.0,10.0,10.0,38.0,0.0,2.0,0.0,6.0,0.0,11.0,9.0,18.0,28.0,4.0,8.0,6.0,5.0,2.0,3.0,21.0,5.0,2.0,0.67,0.61,0.47,0.0,0.0,0.0,38.44,28.0,28.43,1.0,0.25,0.28,0.28,1.72,1.77,1.75
847690784820558482691,2025,Maceachern-Raty-O'Connor,VAN,line,5on5,3,1231.0,8.0,0.51,0.43,0.48,11.23,0.84,0.78,3.09,0.38,5.74,4.17,0.84,0.88,0.87,9.0,6.0,6.0,21.0,2.0,1.0,1.0,1.0,0.0,6.0,5.0,7.0,13.0,2.0,4.0,8.0,12.0,1.0,5.0,12.0,3.0,0.0,0.37,0.47,0.0,1.0,1.0,0.0,21.23,15.0,15.3,3.0,0.16,0.19,0.19,0.81,0.85,0.85,11.36,0.8,0.78,2.7,0.38,6.63,4.71,0.79,0.77,0.76,5.0,11.0,12.0,28.0,1.0,0.0,0.0,3.0,0.0,10.0,2.0,4.0,15.0,3.0,6.0,10.0,7.0,1.0,8.0,13.0,3.0,0.0,0.43,0.38,0.0,0.0,1.0,0.0,27.21,16.0,15.63,3.0,0.16,0.0,0.0,0.96,0.92,0.92
847398684757988478366,2025,Killorn-Granlund-Vatrano,ANA,line,5on5,3,1043.0,15.0,0.63,0.6,0.67,14.53,0.73,0.93,3.87,0.47,8.24,5.76,0.72,0.75,0.74,17.0,3.0,4.0,24.0,1.0,1.0,0.0,5.0,0.0,7.0,6.0,16.0,19.0,1.0,2.0,9.0,8.0,1.0,4.0,18.0,2.0,0.0,0.37,0.36,0.0,0.0,1.0,0.0,24.08,20.0,20.13,2.0,0.19,0.01,0.01,0.91,0.94,0.93,7.4,0.43,0.43,2.17,0.25,3.92,2.79,0.42,0.42,0.41,7.0,3.0,6.0,16.0,2.0,0.0,0.0,1.0,0.0,3.0,4.0,5.0,8.0,2.0,4.0,13.0,11.0,1.0,9.0,9.0,1.0,0.0,0.26,0.17,0.0,2.0,0.0,0.0,15.96,10.0,10.13,4.0,0.09,0.0,0.0,0.52,0.51,0.5
84816078482762,2025,Edvinsson-Johansson,DET,pairing,5on5,14,1470.0,88.0,0.54,0.51,0.52,10.69,1.09,0.73,2.73,0.34,5.27,3.82,1.06,1.1,1.07,7.0,7.0,6.0,20.0,0.0,2.0,0.0,2.0,0.0,3.0,7.0,7.0,14.0,0.0,0.0,11.0,8.0,1.0,4.0,9.0,2.0,3.0,0.22,0.21,0.66,0.0,0.0,0.0,19.89,14.0,13.96,3.0,0.15,0.27,0.27,0.98,1.01,1.0,9.5,0.93,0.66,2.64,0.32,4.86,3.59,0.88,0.93,0.88,10.0,3.0,6.0,19.0,0.0,1.0,0.0,2.0,0.0,5.0,5.0,10.0,13.0,0.0,0.0,6.0,7.0,1.0,6.0,10.0,2.0,1.0,0.31,0.25,0.37,0.0,0.0,0.0,18.75,13.0,13.04,3.0,0.14,0.37,0.37,0.7,0.7,0.69
847569284788648482079,2025,Kaprizov-Rossi-Zuccarello,MIN,line,5on5,1,798.0,1.0,0.57,0.53,0.5,5.3,0.58,0.34,1.24,0.17,2.65,2.03,0.55,0.66,0.63,4.0,3.0,3.0,10.0,1.0,1.0,0.0,1.0,0.0,3.0,1.0,3.0,6.0,0.0,0.0,7.0,3.0,2.0,4.0,4.0,3.0,0.0,0.15,0.43,0.0,1.0,0.0,0.0,11.67,7.0,8.02,2.0,0.07,0.18,0.18,0.47,0.53,0.52,5.43,0.45,0.35,1.35,0.15,2.82,1.89,0.42,0.4,0.39,5.0,2.0,2.0,9.0,2.0,1.0,0.0,1.0,0.0,1.0,2.0,3.0,5.0,1.0,2.0,8.0,5.0,1.0,6.0,5.0,2.0,0.0,0.17,0.27,0.0,1.0,1.0,0.0,8.12,7.0,6.31,3.0,0.07,0.16,0.16,0.35,0.32,0.3
847528784780478484241,2025,Bunting-Haula-Wood,NSH,line,5on5,6,837.0,48.0,0.46,0.46,0.42,8.83,0.75,0.55,2.27,0.33,5.19,3.91,0.75,0.74,0.74,9.0,4.0,3.0,16.0,2.0,0.0,0.0,5.0,0.0,3.0,3.0,7.0,11.0,3.0,6.0,7.0,2.0,2.0,7.0,11.0,1.0,1.0,0.28,0.12,0.35,1.0,1.0,0.0,15.39,13.0,12.62,4.0,0.11,0.0,0.0,0.86,0.85,0.85,11.81,0.87,0.89,2.96,0.43,7.36,5.49,0.85,0.9,0.88,12.0,6.0,1.0,19.0,2.0,2.0,0.0,4.0,0.0,7.0,3.0,10.0,16.0,2.0,4.0,9.0,7.0,1.0,5.0,14.0,4.0,0.0,0.39,0.48,0.0,1.0,1.0,0.0,19.68,18.0,18.56,4.0,0.18,0.18,0.18,0.88,0.91,0.9
847805784784628482259,2025,Mcmann-Roy-Joshua,TOR,line,5on5,4,880.0,29.0,0.3,0.3,0.31,3.81,0.31,0.28,0.83,0.1,2.12,1.36,0.31,0.29,0.29,3.0,2.0,2.0,7.0,0.0,0.0,0.0,0.0,1.0,2.0,2.0,3.0,5.0,1.0,2.0,6.0,20.0,1.0,6.0,3.0,2.0,0.0,0.05,0.26,0.0,0.0,0.0,0.0,6.88,5.0,4.77,5.0,0.06,0.0,0.0,0.37,0.35,0.35,8.0,0.74,0.49,2.04,0.28,4.25,3.21,0.74,0.81,0.81,8.0,3.0,5.0,16.0,0.0,0.0,0.0,3.0,0.0,7.0,1.0,8.0,11.0,1.0,2.0,6.0,6.0,3.0,7.0,8.0,2.0,1.0,0.14,0.33,0.28,0.0,0.0,0.0,17.12,11.0,12.03,2.0,0.11,0.0,0.0,0.85,0.93,0.92
847629284799968481721,2025,Palat-Glass-Gritsyuk,NJD,line,5on5,3,1222.0,12.0,0.62,0.61,0.71,14.04,0.93,0.79,3.7,0.43,8.5,5.65,0.92,0.9,0.89,13.0,7.0,3.0,23.0,1.0,1.0,0.0,3.0,0.0,6.0,9.0,12.0,19.0,0.0,0.0,17.0,8.0,1.0,7.0,18.0,2.0,0.0,0.65,0.29,0.0,1.0,0.0,0.0,22.7,20.0,19.84,4.0,0.16,0.18,0.18,0.9,0.88,0.87,5.72,0.58,0.38,1.31,0.17,3.17,2.39,0.57,0.6,0.59,6.0,2.0,7.0,15.0,2.0,1.0,0.0,3.0,0.0,2.0,0.0,4.0,6.0,2.0,4.0,9.0,6.0,1.0,1.0,6.0,1.0,1.0,0.19,0.08,0.31,2.0,0.0,0.0,15.31,8.0,8.11,0.0,0.08,0.31,0.31,0.35,0.36,0.35
84789708480336,2025,Walker-Chatfield,CAR,pairing,5on5,8,1162.0,66.0,0.29,0.55,0.43,6.14,0.51,0.38,1.48,0.21,3.62,2.81,0.5,0.54,0.54,4.0,5.0,9.0,18.0,0.0,0.0,0.0,1.0,0.0,3.0,5.0,4.0,9.0,1.0,2.0,9.0,14.0,1.0,11.0,7.0,2.0,0.0,0.25,0.26,0.0,0.0,0.0,0.0,19.15,9.0,9.55,4.0,0.08,0.0,0.0,0.58,0.62,0.62,9.28,1.26,0.59,2.1,0.29,4.25,3.5,1.15,1.2,1.1,9.0,3.0,3.0,15.0,2.0,2.0,0.0,1.0,0.0,6.0,1.0,7.0,10.0,3.0,6.0,7.0,15.0,0.0,6.0,7.0,3.0,2.0,0.4,0.37,0.49,2.0,0.0,0.0,14.34,12.0,11.49,3.0,0.13,0.49,0.49,0.9,0.86,0.85
847843884808428485414,2025,Hallander-Kindel-Novak,PIT,line,5on5,5,2260.0,18.0,0.6,0.5,0.56,26.14,2.98,1.99,6.71,0.88,12.56,8.89,2.61,2.98,2.6,27.0,7.0,9.0,43.0,2.0,7.0,0.0,4.0,0.0,10.0,11.0,25.0,32.0,3.0,6.0,12.0,10.0,4.0,18.0,22.0,6.0,6.0,0.69,0.84,1.46,2.0,0.0,0.0,43.19,34.0,34.5,12.0,0.42,1.49,1.49,1.91,1.89,1.82,20.7,2.02,1.27,5.36,0.63,10.45,7.26,1.92,2.08,1.96,18.0,9.0,16.0,43.0,1.0,2.0,0.0,9.0,0.0,11.0,4.0,17.0,26.0,5.0,10.0,19.0,23.0,4.0,10.0,19.0,4.0,4.0,0.51,0.51,1.0,1.0,0.0,0.0,43.04,27.0,26.74,3.0,0.27,0.34,0.34,1.94,1.96,1.94
847689784804598482077,2025,Holloway-Sundqvist-Suter,STL,line,5on5,2,1024.0,4.0,0.55,0.35,0.37,7.52,0.84,0.42,2.08,0.24,3.63,2.79,0.8,0.86,0.82,9.0,1.0,2.0,12.0,2.0,1.0,0.0,1.0,0.0,5.0,1.0,7.0,8.0,1.0,2.0,7.0,2.0,0.0,2.0,8.0,1.0,1.0,0.24,0.19,0.41,2.0,0.0,0.0,11.91,10.0,9.96,1.0,0.09,0.41,0.41,0.52,0.53,0.51,12.0,0.69,0.67,2.85,0.4,6.72,5.68,0.63,0.68,0.62,10.0,7.0,5.0,22.0,1.0,0.0,0.0,2.0,0.0,8.0,6.0,9.0,16.0,0.0,0.0,10.0,8.0,3.0,7.0,16.0,1.0,0.0,0.56,0.13,0.0,1.0,0.0,0.0,22.15,17.0,17.06,2.0,0.13,0.0,0.0,0.82,0.81,0.74
847579184827028482809,2025,Hall-Stankoven-Blake,CAR,line,5on5,13,5605.0,65.0,0.51,0.56,0.52,51.18,4.68,3.68,12.8,1.67,28.26,19.9,4.47,4.98,4.75,46.0,25.0,36.0,107.0,6.0,2.0,0.0,6.0,0.0,36.0,21.0,40.0,65.0,9.0,18.0,43.0,20.0,11.0,22.0,52.0,15.0,4.0,1.86,1.84,0.98,1.0,4.0,1.0,114.02,71.0,75.29,8.0,0.77,0.34,0.34,5.12,5.42,5.25,48.05,4.41,3.17,11.76,1.66,26.05,18.95,4.11,4.26,3.97,39.0,27.0,17.0,83.0,4.0,6.0,0.0,10.0,0.0,18.0,28.0,35.0,62.0,8.0,16.0,50.0,54.0,2.0,31.0,48.0,15.0,3.0,1.56,2.13,0.73,2.0,2.0,0.0,79.22,66.0,63.31,13.0,0.65,1.17,1.17,3.9,3.78,3.69
847793484816178483512,2025,Savoie-Draisaitl-Podkolzin,EDM,line,5on5,2,685.0,6.0,0.51,0.6,0.58,9.66,0.78,0.68,2.33,0.35,5.43,4.43,0.78,0.79,0.78,9.0,5.0,4.0,18.0,1.0,1.0,0.0,1.0,0.0,5.0,6.0,8.0,13.0,0.0,0.0,12.0,0.0,2.0,1.0,10.0,4.0,0.0,0.24,0.55,0.0,0.0,1.0,0.0,17.67,14.0,13.64,0.0,0.14,0.02,0.02,0.9,0.91,0.9,7.6,0.75,0.57,1.74,0.21,3.9,2.83,0.73,0.77,0.76,7.0,3.0,2.0,12.0,1.0,0.0,0.0,2.0,0.0,6.0,1.0,6.0,9.0,0.0,0.0,3.0,2.0,2.0,3.0,6.0,4.0,0.0,0.29,0.46,0.0,0.0,1.0,0.0,12.45,10.0,10.37,1.0,0.12,0.0,0.0,0.87,0.89,0.88
84735078478055,2025,Forsling-Petry,FLA,pairing,5on5,12,729.0,85.0,0.59,0.4,0.33,2.37,0.35,0.16,0.5,0.08,1.09,0.82,0.34,0.35,0.34,2.0,1.0,3.0,6.0,0.0,1.0,0.0,0.0,0.0,0.0,2.0,2.0,3.0,0.0,0.0,2.0,8.0,0.0,5.0,2.0,0.0,1.0,0.09,0.0,0.26,0.0,0.0,0.0,5.89,3.0,2.9,2.0,0.03,0.26,0.26,0.12,0.12,0.12,3.68,0.25,0.26,1.15,0.17,2.52,1.65,0.25,0.24,0.24,4.0,2.0,3.0,9.0,0.0,1.0,0.0,0.0,0.0,2.0,3.0,4.0,6.0,0.0,0.0,3.0,4.0,2.0,0.0,5.0,1.0,0.0,0.06,0.18,0.0,0.0,0.0,0.0,8.94,6.0,6.04,0.0,0.05,0.18,0.18,0.12,0.12,0.12
847842784808308482093,2025,Jarvis-Aho-Svechnikov,CAR,line,5on5,6,1535.0,48.0,0.69,0.61,0.6,19.03,1.83,1.11,4.76,0.6,10.12,7.57,1.81,1.82,1.79,17.0,9.0,8.0,34.0,2.0,3.0,0.0,3.0,0.0,16.0,2.0,15.0,24.0,1.0,2.0,14.0,14.0,4.0,5.0,19.0,5.0,2.0,0.46,0.62,0.75,2.0,0.0,0.0,34.67,26.0,26.58,1.0,0.23,0.76,0.76,1.3,1.29,1.27,12.17,0.81,0.73,3.07,0.43,6.65,5.31,0.81,0.81,0.81,13.0,4.0,5.0,22.0,2.0,0.0,0.0,3.0,0.0,2.0,10.0,11.0,15.0,1.0,2.0,12.0,14.0,1.0,10.0,15.0,1.0,1.0,0.44,0.09,0.29,0.0,1.0,1.0,21.35,17.0,16.52,6.0,0.15,0.0,0.0,0.97,0.96,0.96
84745748480800,2025,Hughes-Myers,VAN,pairing,5on5,12,2967.0,66.0,0.5,0.46,0.49,29.23,3.48,1.94,6.9,0.95,14.35,10.37,3.11,3.54,3.16,26.0,12.0,7.0,45.0,2.0,6.0,1.0,6.0,0.0,6.0,18.0,24.0,36.0,4.0,8.0,11.0,18.0,3.0,21.0,24.0,5.0,9.0,0.64,0.58,2.26,0.0,0.0,2.0,45.34,38.0,38.54,10.0,0.4,1.44,1.44,2.45,2.51,2.33,29.77,3.52,2.0,7.23,0.93,14.7,10.62,3.4,3.48,3.37,21.0,18.0,13.0,52.0,4.0,3.0,1.0,4.0,0.0,9.0,19.0,17.0,35.0,2.0,4.0,21.0,11.0,4.0,12.0,22.0,11.0,6.0,0.67,1.41,1.44,0.0,2.0,2.0,51.23,39.0,38.45,6.0,0.42,0.45,0.45,3.49,3.48,3.44
84768698480246,2025,Skjei-Perbix,NSH,pairing,5on5,17,14435.0,27.0,0.44,0.48,0.44,99.54,9.4,6.68,24.84,3.31,53.93,38.86,9.02,9.34,8.97,95.0,42.0,73.0,210.0,10.0,10.0,2.0,20.0,0.0,50.0,47.0,85.0,127.0,14.0,28.0,129.0,103.0,25.0,66.0,97.0,28.0,12.0,2.63,3.41,3.36,2.0,4.0,4.0,207.89,137.0,136.07,35.0,1.39,2.3,2.3,8.48,8.44,8.24,130.8,12.06,8.61,32.73,4.27,68.77,50.56,11.49,12.22,11.64,117.0,60.0,54.0,231.0,10.0,15.0,3.0,24.0,0.0,59.0,69.0,107.0,167.0,13.0,26.0,110.0,87.0,19.0,91.0,128.0,36.0,13.0,3.7,4.75,3.62,2.0,5.0,3.0,232.62,177.0,178.58,41.0,1.79,3.27,3.27,10.58,10.73,10.52
84816068482105,2025,Sanderson-Spence,OTT,pairing,5on5,6,930.0,29.0,0.88,0.86,0.79,11.6,1.6,0.82,2.75,0.34,5.49,4.02,1.45,1.57,1.43,10.0,5.0,9.0,24.0,3.0,2.0,0.0,1.0,0.0,4.0,5.0,7.0,12.0,0.0,0.0,11.0,12.0,1.0,7.0,7.0,5.0,3.0,0.17,0.59,0.84,1.0,2.0,0.0,22.59,15.0,14.46,4.0,0.17,0.58,0.58,1.2,1.19,1.15,3.07,0.21,0.2,0.7,0.09,1.61,1.18,0.21,0.23,0.23,3.0,1.0,0.0,4.0,1.0,0.0,0.0,1.0,0.0,2.0,0.0,2.0,3.0,0.0,0.0,2.0,2.0,0.0,5.0,3.0,1.0,0.0,0.07,0.14,0.0,0.0,1.0,0.0,4.21,4.0,4.2,4.0,0.04,0.0,0.0,0.25,0.27,0.27
847645984785508479390,2025,Panarin-Zibanejad-Raddysh,NYR,line,5on5,8,1338.0,85.0,0.57,0.53,0.53,13.08,1.15,0.74,3.06,0.41,7.01,5.64,1.14,1.15,1.15,11.0,7.0,6.0,24.0,1.0,2.0,0.0,2.0,0.0,3.0,10.0,10.0,17.0,2.0,4.0,9.0,5.0,2.0,3.0,14.0,3.0,1.0,0.41,0.34,0.4,1.0,0.0,0.0,25.16,18.0,18.66,0.0,0.15,0.69,0.4,0.9,0.93,0.93,11.48,0.87,0.63,3.03,0.39,6.36,4.72,0.87,0.87,0.86,9.0,7.0,5.0,21.0,1.0,1.0,0.0,2.0,0.0,4.0,8.0,8.0,15.0,1.0,2.0,8.0,6.0,3.0,4.0,12.0,3.0,1.0,0.23,0.42,0.22,0.0,1.0,0.0,21.08,16.0,16.39,1.0,0.13,0.16,0.16,0.84,0.84,0.83
847906684810688483609,2025,Sharangovich-Lomberg-Klapka,CGY,line,5on5,3,992.0,15.0,0.35,0.29,0.38,4.35,0.22,0.21,1.25,0.13,2.33,1.85,0.22,0.23,0.23,4.0,2.0,1.0,7.0,1.0,0.0,0.0,1.0,0.0,1.0,3.0,3.0,5.0,0.0,0.0,2.0,18.0,1.0,3.0,5.0,1.0,0.0,0.12,0.1,0.0,1.0,0.0,0.0,7.59,6.0,6.32,2.0,0.04,0.0,0.0,0.26,0.27,0.27,7.52,0.4,0.47,2.32,0.26,3.77,2.77,0.4,0.4,0.4,6.0,4.0,7.0,17.0,0.0,1.0,0.0,3.0,0.0,4.0,2.0,6.0,10.0,0.0,0.0,9.0,8.0,0.0,3.0,9.0,1.0,0.0,0.21,0.19,0.0,0.0,0.0,0.0,16.63,10.0,9.74,2.0,0.1,0.04,0.04,0.46,0.46,0.46
84794108484386,2025,Sergachev-Simashev,UTA,pairing,5on5,15,8503.0,49.0,0.47,0.51,0.51,72.12,6.5,4.43,18.49,2.3,36.5,26.79,6.3,6.58,6.38,67.0,28.0,32.0,127.0,4.0,8.0,0.0,14.0,0.0,34.0,35.0,63.0,91.0,9.0,21.0,84.0,41.0,11.0,49.0,67.0,21.0,7.0,1.75,2.69,2.06,3.0,1.0,0.0,127.69,95.0,95.53,20.0,0.92,1.81,1.81,5.6,5.68,5.62,68.34,7.33,4.72,16.98,2.23,33.91,24.82,6.97,7.27,6.9,55.0,35.0,34.0,124.0,6.0,10.0,0.0,14.0,0.0,32.0,28.0,49.0,84.0,7.0,17.0,85.0,54.0,11.0,35.0,56.0,27.0,7.0,1.62,3.83,1.87,3.0,3.0,0.0,123.02,90.0,89.53,16.0,0.99,1.87,1.87,6.45,6.36,6.19
847688984774548479414,2025,Erne-Faksa-Bastian,DAL,line,5on5,8,1572.0,58.0,0.49,0.46,0.52,8.46,0.58,0.46,2.15,0.29,4.22,3.31,0.57,0.57,0.57,6.0,5.0,6.0,17.0,1.0,1.0,0.0,1.0,0.0,5.0,3.0,5.0,10.0,1.0,2.0,15.0,28.0,2.0,5.0,7.0,4.0,0.0,0.12,0.45,0.0,0.0,1.0,0.0,16.86,11.0,10.79,3.0,0.1,0.13,0.13,0.54,0.54,0.54,7.41,0.61,0.48,1.73,0.24,3.96,2.99,0.61,0.6,0.6,9.0,1.0,10.0,20.0,0.0,0.0,0.0,0.0,0.0,6.0,4.0,9.0,10.0,3.0,6.0,7.0,17.0,2.0,7.0,7.0,3.0,0.0,0.22,0.39,0.0,0.0,0.0,0.0,20.68,10.0,10.46,4.0,0.1,0.0,0.0,0.71,0.7,0.7
84772208484386,2025,Schmidt-Simashev,UTA,pairing,5on5,13,904.0,135.0,0.42,0.5,0.44,4.92,0.28,0.27,1.16,0.16,2.98,2.16,0.28,0.28,0.28,2.0,5.0,4.0,11.0,0.0,0.0,0.0,0.0,0.0,1.0,6.0,2.0,7.0,0.0,0.0,4.0,8.0,1.0,6.0,7.0,0.0,0.0,0.28,0.0,0.0,0.0,0.0,0.0,11.18,7.0,7.05,2.0,0.06,0.0,0.0,0.33,0.33,0.33,6.07,0.38,0.41,1.47,0.2,3.85,2.69,0.38,0.37,0.37,8.0,1.0,2.0,11.0,0.0,0.0,0.0,1.0,0.0,5.0,3.0,8.0,9.0,0.0,0.0,4.0,8.0,3.0,3.0,8.0,1.0,0.0,0.26,0.13,0.0,0.0,0.0,0.0,10.92,9.0,8.85,2.0,0.08,0.0,0.0,0.46,0.45,0.45
847398684751848484153,2025,Kreider-Killorn-Carlsson,ANA,line,5on5,5,1756.0,32.0,0.59,0.6,0.6,20.02,2.43,1.55,4.73,0.68,10.59,7.01,2.31,2.43,2.3,16.0,11.0,9.0,36.0,2.0,3.0,0.0,3.0,0.0,12.0,7.0,14.0,25.0,1.0,2.0,12.0,12.0,3.0,8.0,17.0,7.0,3.0,0.67,1.0,0.77,2.0,0.0,0.0,34.83,27.0,26.37,2.0,0.33,0.72,0.72,2.05,2.02,1.96,13.52,1.71,1.0,2.95,0.42,7.07,4.85,1.67,1.81,1.77,10.0,8.0,6.0,24.0,2.0,0.0,0.0,1.0,1.0,6.0,8.0,8.0,16.0,4.0,8.0,18.0,10.0,3.0,11.0,9.0,7.0,2.0,0.29,0.84,0.58,1.0,1.0,0.0,25.32,18.0,18.72,5.0,0.21,0.0,0.0,1.93,2.03,1.99
847783984793908483690,2025,Sheary-Laba-Raddysh,NYR,line,5on5,4,898.0,33.0,0.3,0.56,0.58,10.1,0.35,0.48,2.49,0.33,5.62,4.73,0.35,0.35,0.35,9.0,5.0,6.0,20.0,0.0,0.0,0.0,1.0,0.0,8.0,5.0,9.0,14.0,0.0,0.0,6.0,7.0,0.0,3.0,13.0,1.0,0.0,0.23,0.12,0.0,0.0,0.0,0.0,21.18,14.0,14.87,1.0,0.1,0.0,0.0,0.45,0.45,0.45,7.82,0.81,0.53,1.73,0.23,3.71,2.99,0.81,0.84,0.84,4.0,6.0,6.0,16.0,0.0,0.0,0.0,2.0,0.0,3.0,5.0,4.0,10.0,0.0,0.0,3.0,11.0,0.0,3.0,6.0,2.0,2.0,0.1,0.24,0.47,0.0,0.0,0.0,16.87,10.0,10.45,1.0,0.11,0.0,0.0,0.93,0.96,0.96
847638984785508482109,2025,Lafrenire-Trocheck-Panarin,NYR,line,5on5,2,1042.0,5.0,0.49,0.4,0.45,7.34,0.73,0.51,1.94,0.26,3.82,2.74,0.72,0.73,0.72,9.0,1.0,2.0,12.0,1.0,2.0,1.0,1.0,0.0,3.0,3.0,8.0,9.0,0.0,0.0,7.0,7.0,2.0,8.0,7.0,2.0,1.0,0.15,0.28,0.31,0.0,1.0,0.0,11.74,10.0,9.74,4.0,0.11,0.48,0.48,0.36,0.35,0.35,8.49,0.75,0.6,2.16,0.3,4.74,3.46,0.69,0.79,0.73,11.0,1.0,6.0,18.0,1.0,1.0,0.0,2.0,0.0,1.0,7.0,10.0,11.0,1.0,2.0,7.0,8.0,1.0,3.0,10.0,1.0,1.0,0.36,0.15,0.24,0.0,0.0,1.0,18.39,12.0,12.21,3.0,0.13,0.15,0.15,0.73,0.76,0.7
847360484764808480113,2025,Iafallo-Toews-Namestnikov,WPG,line,5on5,6,3039.0,28.0,0.44,0.43,0.46,20.96,2.0,1.4,5.01,0.68,12.21,8.69,1.92,2.07,1.99,18.0,12.0,9.0,39.0,3.0,3.0,0.0,2.0,0.0,13.0,9.0,15.0,27.0,2.0,7.0,27.0,14.0,4.0,8.0,21.0,8.0,1.0,0.62,1.08,0.31,2.0,1.0,0.0,41.44,30.0,31.23,6.0,0.29,0.65,0.65,1.65,1.7,1.67,24.88,2.51,1.96,6.35,0.94,13.5,9.73,2.41,2.46,2.35,22.0,13.0,17.0,52.0,2.0,7.0,1.0,3.0,0.0,12.0,11.0,20.0,33.0,4.0,11.0,25.0,18.0,2.0,15.0,25.0,6.0,4.0,0.79,0.73,0.99,1.0,1.0,0.0,50.47,35.0,34.18,8.0,0.41,1.15,1.15,1.77,1.73,1.65
84773698478840,2025,Soucy-Borgen,NYR,pairing,5on5,12,6583.0,46.0,0.53,0.46,0.46,48.08,4.52,3.48,11.98,1.66,25.5,18.85,4.4,4.57,4.45,46.0,20.0,27.0,93.0,3.0,8.0,1.0,4.0,1.0,25.0,25.0,43.0,63.0,4.0,8.0,50.0,59.0,9.0,30.0,42.0,21.0,3.0,1.08,2.56,0.89,1.0,2.0,0.0,91.84,66.0,66.15,14.0,0.73,1.58,1.58,3.67,3.76,3.67,56.44,4.06,3.68,14.35,1.94,31.91,23.06,3.85,4.07,3.84,53.0,26.0,31.0,110.0,1.0,5.0,0.0,15.0,1.0,23.0,34.0,52.0,78.0,2.0,4.0,39.0,47.0,9.0,27.0,63.0,13.0,3.0,1.72,1.56,0.79,1.0,0.0,0.0,111.11,79.0,78.91,17.0,0.76,1.03,1.03,3.79,3.78,3.66
847740484785198482201,2025,Guentzel-Cirelli-Goncalves,TBL,line,5on5,3,1349.0,15.0,0.39,0.29,0.31,6.28,0.89,0.55,1.18,0.17,3.12,2.09,0.84,0.97,0.92,6.0,2.0,2.0,10.0,3.0,1.0,0.0,1.0,0.0,1.0,2.0,3.0,5.0,1.0,2.0,15.0,4.0,5.0,9.0,4.0,2.0,2.0,0.15,0.28,0.45,1.0,1.0,1.0,11.01,8.0,8.85,3.0,0.12,0.14,0.14,0.86,0.94,0.9,13.23,1.38,0.84,4.14,0.5,6.65,4.49,1.23,1.27,1.13,11.0,7.0,6.0,24.0,2.0,3.0,0.0,1.0,0.0,6.0,6.0,9.0,16.0,0.0,0.0,15.0,12.0,2.0,5.0,13.0,3.0,2.0,0.41,0.4,0.57,2.0,0.0,0.0,22.22,18.0,16.85,2.0,0.18,0.68,0.68,0.88,0.82,0.78
84759068479983,2025,Ferraro-Klingberg,SJS,pairing,5on5,10,4742.0,35.0,0.48,0.4,0.39,27.07,2.51,1.85,6.25,0.87,15.07,10.46,2.45,2.44,2.38,27.0,10.0,20.0,57.0,5.0,2.0,0.0,7.0,0.0,11.0,12.0,22.0,32.0,2.0,4.0,25.0,22.0,6.0,20.0,25.0,9.0,3.0,0.67,1.09,0.76,2.0,3.0,0.0,55.97,37.0,36.44,11.0,0.38,0.55,0.55,2.35,2.3,2.24,40.0,2.69,2.46,10.33,1.38,22.67,17.47,2.68,2.82,2.8,38.0,19.0,28.0,85.0,3.0,2.0,0.0,6.0,0.0,23.0,23.0,35.0,54.0,2.0,6.0,47.0,25.0,9.0,31.0,47.0,9.0,1.0,1.21,1.1,0.38,3.0,0.0,0.0,87.04,57.0,58.47,12.0,0.51,0.19,0.19,3.01,3.16,3.14
847168584779608483808,2025,Kuzmenko-Kopitar-Kempe,LAK,line,5on5,10,4911.0,33.0,0.49,0.49,0.52,40.36,3.58,2.63,10.17,1.36,21.99,16.27,3.51,3.71,3.63,39.0,17.0,27.0,83.0,3.0,3.0,0.0,9.0,0.0,18.0,23.0,36.0,53.0,5.0,10.0,35.0,37.0,8.0,29.0,38.0,17.0,1.0,1.05,2.3,0.23,2.0,1.0,0.0,83.91,56.0,57.09,12.0,0.55,0.38,0.38,3.75,3.89,3.82,37.95,3.68,2.43,9.97,1.28,19.33,14.32,3.43,3.69,3.43,34.0,17.0,36.0,87.0,1.0,6.0,0.0,5.0,0.0,17.0,22.0,33.0,50.0,5.0,10.0,36.0,28.0,7.0,20.0,32.0,16.0,3.0,0.8,2.02,0.86,0.0,1.0,0.0,87.52,51.0,51.02,11.0,0.51,1.2,1.2,2.99,2.97,2.9
847576084775738480281,2025,Walker-Bjugstad-Toropchenko,STL,line,5on5,6,2070.0,26.0,0.67,0.47,0.53,17.95,1.76,1.28,5.15,0.59,8.46,5.76,1.54,1.72,1.51,17.0,6.0,5.0,28.0,0.0,5.0,0.0,2.0,0.0,7.0,9.0,17.0,23.0,4.0,8.0,13.0,32.0,1.0,10.0,17.0,2.0,4.0,0.47,0.36,0.93,0.0,0.0,0.0,27.21,23.0,22.54,5.0,0.27,0.95,0.95,1.08,1.08,1.04,14.38,0.87,0.77,3.62,0.48,8.12,6.14,0.86,0.87,0.86,15.0,5.0,11.0,31.0,3.0,1.0,1.0,2.0,0.0,7.0,7.0,12.0,17.0,1.0,2.0,17.0,10.0,4.0,12.0,18.0,2.0,0.0,0.58,0.28,0.0,2.0,1.0,0.0,31.87,20.0,20.39,4.0,0.16,0.06,0.06,0.97,0.97,0.97
84769178485366,2025,Schaefer-Pelech,NYI,pairing,5on5,11,600.0,94.0,0.52,0.59,0.67,8.03,0.56,0.54,1.84,0.28,5.14,3.64,0.55,0.52,0.52,10.0,2.0,1.0,13.0,1.0,0.0,0.0,2.0,0.0,4.0,5.0,9.0,11.0,0.0,0.0,1.0,3.0,1.0,2.0,10.0,2.0,0.0,0.31,0.24,0.0,1.0,0.0,0.0,12.16,12.0,11.34,0.0,0.11,0.0,0.0,0.66,0.63,0.63,4.31,0.51,0.3,1.12,0.18,2.24,1.65,0.48,0.57,0.54,1.0,5.0,3.0,9.0,0.0,1.0,0.0,0.0,0.0,2.0,3.0,1.0,6.0,2.0,4.0,1.0,4.0,2.0,3.0,3.0,3.0,0.0,0.09,0.42,0.0,0.0,0.0,0.0,10.02,6.0,6.56,1.0,0.06,0.18,0.18,0.38,0.42,0.42
847516984807488482691,2025,Kane-Raty-Sherwood,VAN,line,5on5,9,1247.0,105.0,0.23,0.37,0.37,7.42,0.63,0.42,1.92,0.24,3.8,2.99,0.63,0.64,0.64,4.0,6.0,4.0,14.0,0.0,0.0,0.0,2.0,0.0,4.0,4.0,4.0,10.0,1.0,2.0,9.0,19.0,4.0,8.0,8.0,1.0,1.0,0.22,0.14,0.27,0.0,0.0,0.0,13.67,10.0,9.73,5.0,0.09,0.0,0.0,0.72,0.73,0.73,13.59,2.14,1.05,3.13,0.46,6.12,4.1,1.89,2.08,1.83,12.0,5.0,7.0,24.0,1.0,5.0,0.0,4.0,0.0,1.0,6.0,11.0,16.0,2.0,4.0,10.0,8.0,0.0,3.0,6.0,8.0,3.0,0.16,1.13,0.85,0.0,1.0,0.0,23.7,17.0,17.07,1.0,0.22,1.16,1.16,1.21,1.18,1.13
847646884821098482157,2025,Lafrenire-Miller-Cuylle,NYR,line,5on5,4,1364.0,19.0,0.44,0.39,0.41,9.03,0.71,0.64,2.08,0.24,4.86,3.47,0.69,0.69,0.67,8.0,4.0,5.0,17.0,0.0,0.0,0.0,1.0,0.0,6.0,5.0,8.0,12.0,2.0,4.0,14.0,17.0,4.0,8.0,9.0,2.0,1.0,0.27,0.22,0.22,0.0,0.0,0.0,16.31,12.0,11.39,6.0,0.13,0.0,0.0,0.84,0.82,0.79,12.47,0.89,0.82,2.81,0.38,7.06,5.04,0.88,0.95,0.93,12.0,5.0,10.0,27.0,2.0,0.0,0.0,2.0,0.0,9.0,4.0,10.0,15.0,1.0,2.0,12.0,11.0,2.0,11.0,13.0,4.0,0.0,0.39,0.5,0.0,0.0,2.0,0.0,27.77,17.0,17.62,5.0,0.17,0.0,0.0,1.06,1.12,1.11
847528784780478482146,2025,Bunting-Haula-Evangelista,NSH,line,5on5,8,766.0,84.0,0.47,0.6,0.53,5.17,0.38,0.4,1.06,0.2,3.46,2.49,0.38,0.38,0.38,3.0,5.0,4.0,12.0,0.0,1.0,0.0,0.0,0.0,1.0,6.0,3.0,8.0,1.0,2.0,5.0,6.0,1.0,2.0,7.0,1.0,0.0,0.23,0.15,0.0,0.0,0.0,0.0,11.57,8.0,7.69,0.0,0.08,0.01,0.01,0.45,0.46,0.45,5.39,0.43,0.36,1.07,0.16,2.91,2.07,0.42,0.42,0.41,3.0,4.0,1.0,8.0,0.0,0.0,0.0,0.0,0.0,2.0,5.0,3.0,7.0,0.0,0.0,4.0,3.0,1.0,1.0,6.0,1.0,0.0,0.27,0.17,0.0,0.0,0.0,0.0,8.08,7.0,7.02,0.0,0.08,0.0,0.0,0.5,0.5,0.48
847643284774258484166,2025,Wood-Fantilli-Jenner,CBJ,line,5on5,2,1168.0,5.0,0.36,0.54,0.41,9.11,1.02,0.63,2.48,0.32,4.4,3.14,0.98,1.03,0.99,10.0,2.0,9.0,21.0,1.0,1.0,0.0,3.0,0.0,6.0,1.0,9.0,11.0,0.0,0.0,9.0,7.0,0.0,8.0,7.0,4.0,1.0,0.23,0.58,0.22,0.0,1.0,0.0,20.23,12.0,11.66,2.0,0.14,0.22,0.22,0.94,0.95,0.94,12.51,1.85,0.86,2.9,0.38,6.55,4.46,1.76,1.84,1.75,13.0,4.0,1.0,18.0,2.0,2.0,0.0,3.0,0.0,4.0,6.0,11.0,15.0,1.0,2.0,10.0,7.0,1.0,5.0,9.0,6.0,2.0,0.33,0.88,0.64,1.0,1.0,0.0,18.43,17.0,17.33,3.0,0.18,0.44,0.44,1.59,1.58,1.56
84799808482482,2025,Hague-Wilsby,NSH,pairing,5on5,3,2338.0,6.0,0.3,0.39,0.32,13.56,1.16,0.97,3.27,0.42,7.16,5.01,1.15,1.12,1.11,14.0,4.0,11.0,29.0,1.0,0.0,0.0,4.0,0.0,7.0,6.0,13.0,17.0,3.0,6.0,21.0,21.0,4.0,11.0,13.0,4.0,1.0,0.42,0.52,0.22,1.0,0.0,0.0,28.52,18.0,17.62,6.0,0.21,0.0,0.0,1.37,1.32,1.3,27.11,2.76,1.99,7.21,0.97,14.61,10.46,2.53,2.9,2.65,25.0,13.0,8.0,46.0,3.0,3.0,1.0,11.0,0.0,8.0,13.0,22.0,35.0,1.0,2.0,19.0,14.0,1.0,8.0,28.0,5.0,5.0,0.79,0.56,1.4,1.0,2.0,0.0,47.46,38.0,39.24,2.0,0.42,0.71,0.71,2.46,2.59,2.4
847576584769948477451,2025,Hinostroza-Hartman-Tarasenko,MIN,line,5on5,4,937.0,30.0,0.67,0.34,0.38,6.48,0.72,0.43,1.38,0.2,2.79,2.47,0.66,0.8,0.73,6.0,2.0,3.0,11.0,0.0,1.0,0.0,1.0,0.0,3.0,3.0,6.0,8.0,0.0,0.0,11.0,2.0,1.0,3.0,3.0,5.0,0.0,0.06,0.65,0.0,0.0,0.0,0.0,12.65,8.0,8.95,3.0,0.09,0.18,0.18,0.63,0.69,0.65,9.3,0.35,0.52,2.6,0.34,5.76,3.44,0.35,0.35,0.35,6.0,7.0,8.0,21.0,0.0,1.0,0.0,2.0,0.0,3.0,7.0,6.0,13.0,0.0,0.0,10.0,6.0,0.0,9.0,13.0,0.0,0.0,0.35,0.0,0.0,0.0,0.0,0.0,20.28,13.0,12.94,5.0,0.1,0.02,0.02,0.43,0.43,0.43
84764298477506,2025,Pulock-Mayfield,NYI,pairing,5on5,11,642.0,91.0,0.11,0.13,0.2,1.46,0.07,0.06,0.34,0.05,0.8,0.69,0.07,0.07,0.07,1.0,1.0,0.0,2.0,0.0,0.0,0.0,0.0,0.0,0.0,2.0,1.0,2.0,2.0,4.0,0.0,7.0,1.0,3.0,2.0,0.0,0.0,0.07,0.0,0.0,0.0,0.0,0.0,2.01,2.0,1.99,2.0,0.01,0.0,0.0,0.08,0.08,0.08,5.08,0.57,0.38,1.23,0.19,3.1,2.54,0.57,0.59,0.59,3.0,5.0,5.0,13.0,1.0,1.0,0.0,0.0,0.0,3.0,3.0,2.0,7.0,0.0,0.0,2.0,7.0,0.0,1.0,6.0,2.0,0.0,0.27,0.3,0.0,1.0,0.0,0.0,13.57,8.0,8.42,1.0,0.08,0.2,0.2,0.45,0.48,0.48
84753248482095,2025,Kleven-Jensen,OTT,pairing,5on5,13,677.0,99.0,0.26,0.38,0.38,4.55,0.24,0.22,1.26,0.15,2.3,1.83,0.24,0.23,0.23,3.0,3.0,2.0,8.0,0.0,0.0,0.0,2.0,0.0,3.0,1.0,3.0,6.0,0.0,0.0,1.0,7.0,1.0,2.0,5.0,1.0,0.0,0.12,0.11,0.0,0.0,0.0,0.0,7.76,6.0,5.88,2.0,0.04,0.0,0.0,0.28,0.27,0.27,7.21,0.66,0.46,1.84,0.23,3.97,2.83,0.66,0.69,0.68,7.0,3.0,3.0,13.0,1.0,1.0,0.0,2.0,0.0,3.0,3.0,6.0,9.0,0.0,0.0,2.0,5.0,1.0,3.0,8.0,2.0,0.0,0.37,0.29,0.0,1.0,0.0,0.0,13.27,10.0,10.29,1.0,0.1,0.18,0.18,0.58,0.58,0.58
847793484779538481617,2025,Podkolzin-Draisaitl-Kapanen,EDM,line,5on5,2,780.0,9.0,0.27,0.33,0.41,5.3,0.2,0.28,1.24,0.14,2.61,2.54,0.2,0.21,0.21,7.0,0.0,2.0,9.0,0.0,0.0,0.0,1.0,0.0,1.0,5.0,7.0,7.0,0.0,0.0,8.0,7.0,0.0,6.0,7.0,0.0,0.0,0.2,0.0,0.0,0.0,0.0,0.0,9.19,7.0,7.08,3.0,0.06,0.0,0.0,0.26,0.27,0.27,7.23,0.53,0.41,1.95,0.23,4.11,2.77,0.53,0.52,0.52,7.0,3.0,8.0,18.0,0.0,0.0,0.0,0.0,0.0,8.0,2.0,7.0,10.0,1.0,2.0,5.0,5.0,2.0,1.0,7.0,3.0,0.0,0.14,0.39,0.0,0.0,0.0,0.0,18.2,10.0,10.08,1.0,0.09,0.0,0.0,0.62,0.61,0.6
84815638481605,2025,Lacombe-Helleson,ANA,pairing,5on5,13,7613.0,35.0,0.41,0.49,0.45,56.16,4.73,3.65,14.06,1.86,29.68,22.02,4.64,4.88,4.78,48.0,28.0,38.0,114.0,5.0,5.0,0.0,10.0,0.0,28.0,28.0,43.0,71.0,7.0,17.0,74.0,43.0,7.0,33.0,55.0,17.0,4.0,1.53,2.24,0.96,1.0,3.0,1.0,118.83,76.0,78.61,16.0,0.76,0.76,0.76,4.72,4.87,4.79,69.53,6.68,4.74,18.21,2.32,36.51,25.55,5.82,6.47,5.66,65.0,29.0,24.0,118.0,8.0,9.0,1.0,13.0,1.0,27.0,36.0,57.0,86.0,14.0,31.0,78.0,45.0,15.0,41.0,61.0,25.0,8.0,1.63,2.95,2.1,1.0,7.0,0.0,113.55,94.0,91.18,21.0,1.0,1.65,1.65,6.02,5.84,5.54
84789118479345,2025,Chychrun-Roy,WSH,pairing,5on5,13,6641.0,45.0,0.66,0.62,0.61,76.6,8.95,5.2,19.34,2.68,39.65,29.18,8.46,9.11,8.57,71.0,34.0,44.0,149.0,6.0,10.0,2.0,14.0,0.0,33.0,42.0,65.0,99.0,5.0,10.0,47.0,41.0,6.0,34.0,67.0,26.0,12.0,2.12,3.44,3.39,3.0,2.0,1.0,149.96,105.0,105.38,16.0,1.1,2.46,2.46,7.59,7.63,7.46,48.67,4.64,3.19,11.94,1.66,26.37,19.2,4.57,4.67,4.59,46.0,21.0,26.0,93.0,2.0,3.0,1.0,17.0,0.0,19.0,26.0,44.0,65.0,8.0,16.0,59.0,43.0,8.0,24.0,47.0,16.0,4.0,1.55,1.96,1.13,1.0,0.0,1.0,93.61,67.0,67.4,9.0,0.66,0.57,0.93,4.38,4.42,4.39
84745788478450,2025,Wotherspoon-Karlsson,PIT,pairing,5on5,16,13658.0,30.0,0.47,0.54,0.52,106.82,9.3,7.38,25.7,3.39,57.47,42.77,8.92,9.61,9.23,101.0,45.0,73.0,219.0,8.0,12.0,1.0,23.0,0.0,53.0,50.0,93.0,138.0,13.0,26.0,100.0,59.0,23.0,85.0,106.0,34.0,6.0,3.27,4.58,1.44,4.0,3.0,1.0,225.36,146.0,150.48,41.0,1.54,1.94,1.94,8.9,9.21,8.96,101.67,10.68,6.91,27.18,3.47,50.97,37.8,10.02,10.46,9.82,92.0,45.0,52.0,189.0,5.0,14.0,1.0,19.0,0.0,47.0,52.0,87.0,132.0,11.0,22.0,93.0,95.0,17.0,74.0,93.0,31.0,13.0,2.43,4.15,4.1,3.0,2.0,0.0,186.89,137.0,135.17,35.0,1.46,3.55,3.55,8.59,8.47,8.28
84780388480069,2025,Toews-Makar,COL,pairing,5on5,15,11846.0,17.0,0.54,0.52,0.52,115.84,11.44,7.45,28.36,3.69,59.4,43.66,10.86,11.84,11.24,108.0,46.0,67.0,221.0,16.0,13.0,2.0,18.0,0.0,62.0,45.0,92.0,138.0,11.0,25.0,115.0,55.0,12.0,63.0,102.0,42.0,10.0,3.51,5.02,2.9,8.0,6.0,2.0,229.02,154.0,159.95,27.0,1.57,2.42,2.42,10.6,10.96,10.5,103.55,9.7,6.98,26.59,3.45,53.51,39.77,9.23,9.44,8.97,86.0,54.0,62.0,202.0,8.0,13.0,0.0,24.0,0.0,49.0,46.0,78.0,132.0,11.0,27.0,128.0,56.0,11.0,73.0,104.0,21.0,15.0,3.1,2.67,3.92,5.0,2.0,1.0,193.34,140.0,135.0,36.0,1.46,2.9,2.9,8.25,7.98,7.88
84764228482911,2025,Reilly-Nystrom,CAR,pairing,5on5,5,1049.0,33.0,0.91,0.78,0.81,15.96,1.8,0.86,4.68,0.5,7.69,5.46,1.65,1.8,1.65,7.0,14.0,8.0,29.0,1.0,3.0,0.0,2.0,0.0,4.0,11.0,6.0,20.0,1.0,2.0,17.0,3.0,0.0,4.0,15.0,3.0,3.0,0.46,0.38,0.96,0.0,0.0,1.0,29.49,21.0,21.54,0.0,0.18,0.79,0.79,1.2,1.2,1.15,3.19,0.18,0.19,0.94,0.12,2.08,1.5,0.17,0.17,0.16,4.0,1.0,3.0,8.0,1.0,0.0,0.0,2.0,0.0,1.0,1.0,3.0,4.0,0.0,0.0,8.0,9.0,2.0,2.0,5.0,0.0,0.0,0.18,0.0,0.0,1.0,0.0,0.0,7.59,5.0,4.65,2.0,0.04,0.0,0.0,0.21,0.2,0.19
847793484784588481617,2025,Roslovic-Draisaitl-Podkolzin,EDM,line,5on5,8,4593.0,38.0,0.44,0.55,0.55,50.44,3.67,2.88,12.56,1.54,25.73,20.62,3.62,3.71,3.65,50.0,17.0,20.0,87.0,6.0,1.0,1.0,11.0,0.0,21.0,28.0,44.0,61.0,2.0,4.0,30.0,26.0,10.0,29.0,53.0,13.0,1.0,1.79,1.61,0.28,3.0,3.0,0.0,88.48,67.0,67.74,12.0,0.59,0.12,0.12,4.15,4.19,4.14,39.78,4.59,2.67,9.06,1.27,21.26,15.16,4.51,4.59,4.52,32.0,22.0,18.0,72.0,2.0,4.0,1.0,8.0,0.0,13.0,27.0,30.0,52.0,3.0,4.0,45.0,9.0,7.0,16.0,31.0,19.0,4.0,0.9,2.53,1.16,0.0,1.0,1.0,71.41,54.0,53.69,8.0,0.56,0.94,0.94,4.21,4.21,4.16
84768538479026,2025,Rielly-Myers,TOR,pairing,5on5,5,1880.0,21.0,0.52,0.58,0.61,22.92,1.58,1.42,5.75,0.71,12.51,9.04,1.55,1.52,1.5,18.0,13.0,6.0,37.0,1.0,3.0,0.0,4.0,0.0,10.0,13.0,17.0,30.0,1.0,2.0,10.0,15.0,2.0,11.0,26.0,4.0,1.0,0.74,0.43,0.41,1.0,0.0,0.0,34.93,31.0,29.93,5.0,0.3,0.72,0.43,1.44,1.39,1.36,14.45,1.43,1.09,3.47,0.48,7.87,5.66,1.41,1.53,1.51,16.0,4.0,7.0,27.0,1.0,2.0,0.0,3.0,0.0,7.0,7.0,15.0,19.0,1.0,2.0,8.0,12.0,4.0,18.0,14.0,4.0,2.0,0.36,0.52,0.56,0.0,0.0,1.0,29.31,20.0,21.33,10.0,0.23,0.41,0.41,1.24,1.32,1.31
84794258483678,2025,Pettersson-Hronek,VAN,pairing,5on5,13,3432.0,81.0,0.37,0.41,0.4,23.36,1.68,1.64,6.15,0.82,12.65,9.07,1.65,1.71,1.68,20.0,12.0,7.0,39.0,3.0,2.0,0.0,3.0,0.0,10.0,14.0,17.0,29.0,2.0,4.0,29.0,29.0,3.0,16.0,25.0,6.0,1.0,0.71,0.76,0.2,1.0,2.0,0.0,39.12,32.0,31.89,9.0,0.34,0.21,0.21,1.81,1.84,1.82,34.47,2.92,2.2,8.8,1.16,19.12,13.81,2.87,2.85,2.8,30.0,18.0,8.0,56.0,2.0,2.0,0.0,6.0,0.0,20.0,18.0,28.0,46.0,7.0,14.0,37.0,27.0,3.0,9.0,35.0,11.0,2.0,1.14,1.31,0.47,2.0,0.0,0.0,54.75,48.0,47.19,3.0,0.46,0.42,0.42,2.96,2.88,2.84
848081384815238482737,2025,Veleno-Dach-Bolduc,MTL,line,5on5,5,2253.0,22.0,0.59,0.48,0.55,16.88,2.18,1.17,4.18,0.53,8.11,5.83,2.07,2.24,2.14,15.0,7.0,5.0,27.0,0.0,2.0,0.0,2.0,0.0,12.0,6.0,15.0,22.0,7.0,20.0,20.0,21.0,3.0,9.0,14.0,4.0,4.0,0.41,0.55,1.22,0.0,0.0,0.0,27.28,22.0,22.04,4.0,0.25,0.53,0.53,1.9,1.97,1.93,12.63,1.48,0.9,3.13,0.48,6.95,5.06,1.38,1.43,1.33,12.0,6.0,11.0,29.0,2.0,3.0,0.0,2.0,0.0,8.0,3.0,10.0,16.0,2.0,10.0,18.0,22.0,4.0,10.0,13.0,3.0,2.0,0.34,0.37,0.78,1.0,1.0,0.0,27.44,18.0,17.26,4.0,0.19,0.79,0.79,0.88,0.88,0.81
847516984788568480012,2025,Kane-Pettersson-Garland,VAN,line,5on5,10,2792.0,60.0,0.65,0.54,0.55,40.04,4.58,2.72,9.85,1.32,19.68,13.85,4.21,4.48,4.12,31.0,21.0,15.0,67.0,2.0,10.0,1.0,3.0,0.0,19.0,18.0,29.0,50.0,1.0,2.0,27.0,14.0,6.0,18.0,30.0,13.0,9.0,0.8,1.46,2.32,0.0,0.0,2.0,64.91,52.0,50.5,6.0,0.57,2.03,2.03,3.13,3.09,2.98,30.87,2.51,2.0,7.51,0.94,16.71,12.33,2.48,2.58,2.54,29.0,13.0,16.0,58.0,0.0,0.0,0.0,7.0,0.0,16.0,19.0,29.0,42.0,5.0,10.0,28.0,10.0,8.0,8.0,31.0,11.0,0.0,0.91,1.6,0.0,0.0,0.0,0.0,58.73,42.0,42.9,4.0,0.42,0.0,0.0,2.93,3.01,2.96
847645484779348478458,2025,Nugent-Hopkins-Draisaitl-Roslovic,EDM,line,5on5,7,989.0,84.0,0.52,0.44,0.42,10.54,0.99,0.65,2.32,0.3,5.49,4.24,0.98,1.05,1.03,9.0,5.0,4.0,18.0,1.0,1.0,0.0,0.0,0.0,5.0,7.0,8.0,13.0,1.0,2.0,12.0,1.0,2.0,2.0,11.0,2.0,1.0,0.35,0.25,0.4,1.0,0.0,0.0,18.85,14.0,14.7,0.0,0.14,0.4,0.4,0.73,0.78,0.77,13.5,0.9,0.83,3.54,0.42,7.84,5.46,0.87,0.86,0.83,11.0,8.0,4.0,23.0,0.0,2.0,0.0,6.0,0.0,5.0,6.0,11.0,19.0,0.0,0.0,4.0,5.0,0.0,6.0,16.0,2.0,1.0,0.33,0.22,0.34,0.0,0.0,0.0,21.89,19.0,18.17,3.0,0.17,0.38,0.38,0.69,0.66,0.65
84768798479998,2025,Anderson-Ceci,LAK,pairing,5on5,10,8198.0,20.0,0.49,0.51,0.51,66.3,6.08,4.54,17.3,2.31,35.02,25.76,5.89,6.09,5.9,63.0,28.0,38.0,129.0,4.0,6.0,0.0,13.0,0.0,40.0,28.0,59.0,87.0,10.0,20.0,63.0,52.0,11.0,36.0,61.0,25.0,5.0,1.36,3.21,1.5,1.0,3.0,0.0,126.76,91.0,89.93,18.0,0.95,0.95,0.95,6.08,6.01,5.9,64.11,6.29,4.32,14.87,2.15,35.57,25.81,6.19,6.26,6.17,57.0,32.0,33.0,122.0,3.0,5.0,1.0,10.0,0.0,41.0,30.0,54.0,86.0,3.0,6.0,71.0,49.0,7.0,35.0,58.0,26.0,5.0,1.43,3.44,1.42,1.0,1.0,1.0,123.11,89.0,89.43,17.0,0.89,1.06,1.06,6.12,6.1,6.05
84811788482142,2025,Zamula-Drysdale,PHI,pairing,5on5,6,1664.0,27.0,0.34,0.4,0.35,9.28,0.82,0.69,2.29,0.28,4.76,3.16,0.78,0.85,0.82,9.0,3.0,5.0,17.0,0.0,1.0,0.0,4.0,0.0,4.0,3.0,9.0,12.0,2.0,4.0,10.0,8.0,3.0,10.0,9.0,2.0,1.0,0.36,0.17,0.28,0.0,0.0,0.0,17.53,12.0,12.19,6.0,0.14,0.28,0.28,0.68,0.71,0.7,16.84,1.62,0.96,4.4,0.54,8.28,6.2,1.55,1.58,1.51,17.0,5.0,4.0,26.0,1.0,2.0,1.0,3.0,0.0,6.0,10.0,16.0,21.0,0.0,0.0,20.0,16.0,1.0,3.0,17.0,3.0,2.0,0.5,0.42,0.69,0.0,0.0,1.0,25.99,22.0,22.09,2.0,0.2,0.69,0.69,1.13,1.1,1.1
84746008482482,2025,Wilsby-Josi,NSH,pairing,5on5,8,6799.0,13.0,0.54,0.56,0.54,57.16,5.57,4.03,14.18,1.99,31.4,21.84,5.3,5.45,5.19,58.0,21.0,40.0,119.0,3.0,11.0,0.0,13.0,0.0,27.0,25.0,55.0,76.0,13.0,29.0,53.0,41.0,8.0,29.0,58.0,13.0,8.0,1.67,1.85,2.05,1.0,2.0,0.0,116.75,79.0,78.2,14.0,0.83,2.06,2.06,4.34,4.27,4.2,50.95,4.77,3.19,12.96,1.67,26.24,19.18,4.6,4.86,4.69,43.0,25.0,25.0,93.0,5.0,6.0,1.0,13.0,0.0,19.0,25.0,38.0,63.0,10.0,23.0,64.0,58.0,9.0,33.0,47.0,17.0,4.0,1.4,2.29,1.08,1.0,1.0,3.0,94.08,68.0,68.54,17.0,0.67,1.03,1.03,4.41,4.49,4.38
84764418482730,2025,Edmundson-Clarke,LAK,pairing,5on5,15,10958.0,39.0,0.51,0.55,0.58,101.48,8.02,6.56,26.99,3.52,56.22,39.69,7.83,7.92,7.74,90.0,51.0,61.0,202.0,9.0,11.0,2.0,27.0,0.0,54.0,40.0,81.0,132.0,16.0,38.0,95.0,78.0,16.0,57.0,110.0,24.0,7.0,2.99,2.96,2.07,4.0,4.0,1.0,198.64,141.0,140.11,23.0,1.36,1.99,1.99,7.39,7.35,7.26,75.37,7.67,4.87,19.37,2.55,38.42,29.12,7.31,7.92,7.54,68.0,34.0,63.0,165.0,5.0,13.0,0.0,12.0,0.0,33.0,39.0,63.0,97.0,11.0,28.0,94.0,74.0,14.0,50.0,67.0,25.0,10.0,2.08,3.03,2.56,3.0,2.0,0.0,168.55,102.0,104.94,31.0,1.02,2.66,2.66,6.03,6.25,6.15
84779388480145,2025,Fleury-Pionk,WPG,pairing,5on5,11,3423.0,46.0,0.41,0.5,0.46,25.33,2.07,1.73,6.37,0.91,14.73,10.18,2.02,1.99,1.93,22.0,14.0,20.0,56.0,0.0,4.0,0.0,6.0,0.0,12.0,14.0,22.0,36.0,7.0,14.0,30.0,32.0,4.0,12.0,29.0,4.0,3.0,0.89,0.51,0.67,0.0,0.0,0.0,53.94,36.0,34.95,3.0,0.36,0.61,0.61,1.82,1.75,1.74,30.86,2.97,2.17,7.94,1.1,17.06,11.76,2.81,3.1,2.93,30.0,13.0,13.0,56.0,5.0,6.0,2.0,4.0,0.0,17.0,11.0,25.0,38.0,5.0,10.0,14.0,23.0,6.0,17.0,30.0,11.0,2.0,1.01,1.32,0.64,1.0,3.0,1.0,57.13,43.0,43.92,9.0,0.45,0.75,0.75,2.67,2.77,2.73
847738084793908483690,2025,Brodzinski-Laba-Raddysh,NYR,line,5on5,3,1048.0,14.0,0.67,0.45,0.42,6.24,0.64,0.38,1.84,0.19,2.79,2.15,0.64,0.58,0.58,6.0,2.0,6.0,14.0,0.0,1.0,0.0,2.0,0.0,3.0,2.0,6.0,8.0,0.0,0.0,10.0,3.0,2.0,3.0,6.0,0.0,2.0,0.11,0.0,0.53,0.0,0.0,0.0,12.82,8.0,7.44,0.0,0.08,0.3,0.3,0.43,0.4,0.4,8.09,0.31,0.35,1.97,0.24,4.16,3.97,0.31,0.33,0.33,6.0,5.0,6.0,17.0,0.0,0.0,0.0,1.0,0.0,4.0,6.0,6.0,11.0,1.0,2.0,7.0,7.0,0.0,2.0,10.0,1.0,0.0,0.16,0.15,0.0,0.0,0.0,0.0,18.2,11.0,11.73,0.0,0.07,0.0,0.0,0.38,0.41,0.4
84799828481524,2025,Byram-Timmins,BUF,pairing,5on5,14,2101.0,100.0,0.52,0.48,0.52,16.43,1.09,1.0,3.96,0.53,9.32,7.11,1.08,1.1,1.09,16.0,7.0,4.0,27.0,3.0,0.0,0.0,2.0,0.0,11.0,7.0,13.0,20.0,3.0,9.0,19.0,10.0,1.0,13.0,19.0,4.0,0.0,0.53,0.55,0.0,1.0,2.0,0.0,27.53,23.0,23.33,5.0,0.21,0.0,0.0,1.29,1.3,1.29,14.88,1.0,0.97,4.35,0.54,8.2,5.93,0.96,0.99,0.95,10.0,11.0,8.0,29.0,2.0,2.0,0.0,1.0,0.0,8.0,8.0,8.0,19.0,3.0,9.0,14.0,15.0,1.0,7.0,17.0,4.0,0.0,0.46,0.54,0.0,1.0,1.0,0.0,28.66,21.0,21.01,4.0,0.2,0.13,0.13,1.08,1.07,1.03
84768858483490,2025,Mintyukov-Trouba,ANA,pairing,5on5,13,1747.0,86.0,0.34,0.39,0.36,11.59,0.96,0.67,3.04,0.38,6.43,4.52,0.94,0.98,0.95,7.0,9.0,8.0,24.0,0.0,1.0,0.0,4.0,0.0,3.0,8.0,7.0,16.0,1.0,2.0,5.0,7.0,3.0,13.0,13.0,2.0,1.0,0.5,0.2,0.26,0.0,0.0,0.0,24.22,16.0,16.07,6.0,0.14,0.26,0.26,0.84,0.85,0.83,21.53,1.9,1.19,5.6,0.7,10.14,8.47,1.8,1.88,1.78,20.0,8.0,9.0,37.0,1.0,4.0,0.0,4.0,0.0,11.0,8.0,19.0,27.0,2.0,4.0,11.0,10.0,1.0,10.0,20.0,4.0,4.0,0.48,0.4,1.02,0.0,1.0,0.0,36.06,28.0,27.25,5.0,0.25,0.48,0.48,1.67,1.66,1.6
84751818475200,2025,Orlov-Leddy,SJS,pairing,5on5,5,1175.0,27.0,0.31,0.44,0.36,3.14,0.22,0.25,0.84,0.14,2.0,1.56,0.22,0.22,0.22,5.0,0.0,2.0,7.0,0.0,0.0,0.0,0.0,0.0,1.0,4.0,5.0,5.0,2.0,4.0,8.0,8.0,2.0,9.0,4.0,1.0,0.0,0.13,0.09,0.0,0.0,0.0,0.0,6.93,5.0,4.93,0.0,0.05,0.0,0.0,0.27,0.27,0.27,7.03,0.5,0.42,1.72,0.23,3.45,2.69,0.48,0.51,0.5,5.0,4.0,0.0,9.0,0.0,1.0,0.0,1.0,0.0,1.0,6.0,5.0,9.0,0.0,0.0,8.0,6.0,2.0,8.0,6.0,3.0,0.0,0.17,0.32,0.0,0.0,0.0,0.0,9.75,9.0,9.51,5.0,0.08,0.15,0.15,0.43,0.45,0.45
847856984809808481481,2025,Dewar-Lizotte-Acciari,PIT,line,5on5,13,6258.0,47.0,0.46,0.48,0.48,42.7,3.32,2.83,10.39,1.35,23.02,17.09,3.3,3.37,3.34,40.0,18.0,30.0,88.0,4.0,3.0,0.0,7.0,0.0,23.0,21.0,36.0,54.0,6.0,15.0,56.0,55.0,5.0,28.0,42.0,14.0,2.0,1.05,1.8,0.46,2.0,2.0,0.0,88.48,58.0,58.7,16.0,0.59,0.38,0.38,3.53,3.57,3.55,46.66,3.96,2.98,11.8,1.52,24.81,17.93,3.79,3.94,3.77,47.0,16.0,33.0,96.0,4.0,2.0,0.0,8.0,0.0,23.0,26.0,43.0,59.0,6.0,18.0,39.0,69.0,10.0,26.0,50.0,10.0,3.0,1.61,1.45,0.9,1.0,3.0,0.0,94.54,63.0,62.16,11.0,0.63,0.69,0.69,3.89,3.84,3.74
847938584804598482077,2025,Holloway-Suter-Kyrou,STL,line,5on5,7,992.0,79.0,0.81,0.62,0.64,12.0,1.15,0.86,2.96,0.38,6.08,4.57,1.12,1.07,1.04,11.0,5.0,5.0,21.0,1.0,2.0,0.0,3.0,0.0,4.0,6.0,10.0,15.0,0.0,0.0,6.0,6.0,4.0,4.0,11.0,4.0,1.0,0.37,0.54,0.25,1.0,0.0,0.0,19.66,16.0,15.06,2.0,0.18,0.45,0.45,0.89,0.84,0.84,6.52,0.27,0.33,1.59,0.23,3.5,3.08,0.27,0.3,0.29,5.0,4.0,4.0,13.0,1.0,0.0,0.0,1.0,0.0,2.0,5.0,4.0,8.0,0.0,0.0,6.0,5.0,1.0,1.0,8.0,1.0,0.0,0.18,0.09,0.0,1.0,0.0,0.0,13.79,9.0,9.56,0.0,0.06,0.0,0.0,0.34,0.36,0.36
84804268482655,2025,Moser-D'Astous,TBL,pairing,5on5,8,683.0,70.0,0.44,0.46,0.37,5.22,0.45,0.3,1.21,0.16,2.77,2.11,0.45,0.45,0.45,4.0,3.0,5.0,12.0,0.0,0.0,0.0,1.0,0.0,1.0,5.0,4.0,7.0,0.0,0.0,0.0,3.0,2.0,1.0,5.0,2.0,0.0,0.18,0.26,0.0,0.0,0.0,0.0,12.27,7.0,7.13,0.0,0.06,0.0,0.0,0.51,0.51,0.51,8.07,0.58,0.53,2.07,0.33,4.78,3.71,0.57,0.57,0.57,8.0,4.0,2.0,14.0,2.0,2.0,0.0,1.0,0.0,3.0,4.0,6.0,10.0,0.0,0.0,1.0,5.0,0.0,1.0,10.0,2.0,0.0,0.33,0.25,0.0,2.0,0.0,0.0,13.79,12.0,11.75,1.0,0.11,0.25,0.25,0.43,0.43,0.43
847572284820978483500,2025,Zucker-Ostlund-Quinn,BUF,line,5on5,4,1801.0,13.0,0.38,0.4,0.41,12.34,0.89,0.75,3.15,0.37,6.98,4.86,0.88,0.87,0.86,12.0,5.0,6.0,23.0,1.0,0.0,0.0,3.0,0.0,5.0,8.0,11.0,16.0,1.0,2.0,11.0,9.0,1.0,5.0,13.0,3.0,1.0,0.34,0.32,0.22,0.0,0.0,1.0,22.99,17.0,17.03,2.0,0.15,0.0,0.0,1.04,1.02,1.01,17.79,1.44,1.17,4.53,0.58,9.44,6.83,1.39,1.51,1.46,17.0,7.0,11.0,35.0,1.0,2.0,1.0,5.0,0.0,7.0,9.0,16.0,23.0,0.0,0.0,16.0,15.0,3.0,7.0,18.0,5.0,1.0,0.56,0.66,0.22,0.0,1.0,0.0,35.85,24.0,24.7,3.0,0.24,0.33,0.33,1.35,1.41,1.4
847843884827588485414,2025,Novak-Kindel-Koivunen,PIT,line,5on5,6,2571.0,23.0,0.64,0.61,0.6,28.75,2.95,1.9,6.86,1.01,15.95,12.33,2.9,3.11,3.04,25.0,16.0,10.0,51.0,2.0,4.0,1.0,5.0,0.0,13.0,17.0,23.0,39.0,6.0,12.0,15.0,9.0,4.0,9.0,30.0,7.0,4.0,0.85,0.96,1.15,1.0,0.0,1.0,52.56,41.0,42.09,3.0,0.39,0.63,1.09,2.25,2.32,2.28,20.45,1.67,1.28,5.16,0.65,10.44,7.79,1.54,1.66,1.53,17.0,10.0,5.0,32.0,2.0,3.0,0.0,5.0,0.0,8.0,9.0,15.0,25.0,1.0,2.0,17.0,25.0,2.0,17.0,20.0,5.0,2.0,0.45,0.79,0.43,0.0,2.0,0.0,31.15,27.0,26.34,12.0,0.27,0.59,0.59,1.35,1.34,1.32
847843884815778485414,2025,Novak-Kindel-Tomasino,PIT,line,5on5,2,1257.0,4.0,0.61,0.39,0.45,9.59,1.12,0.77,1.82,0.29,5.17,3.84,1.1,1.18,1.16,9.0,4.0,4.0,17.0,0.0,0.0,0.0,3.0,0.0,6.0,4.0,9.0,13.0,0.0,0.0,8.0,4.0,1.0,10.0,9.0,3.0,1.0,0.45,0.4,0.26,0.0,0.0,0.0,17.85,13.0,13.59,4.0,0.16,0.0,0.0,1.28,1.35,1.33,11.56,0.71,0.76,3.57,0.4,6.36,4.19,0.69,0.67,0.65,9.0,7.0,11.0,27.0,1.0,2.0,0.0,3.0,0.0,6.0,4.0,8.0,15.0,0.0,0.0,10.0,13.0,1.0,11.0,13.0,3.0,0.0,0.38,0.33,0.0,1.0,0.0,0.0,25.75,16.0,15.36,3.0,0.16,0.2,0.2,0.67,0.64,0.64
847842184793938481655,2025,Greer-Schwindt-Gregor,FLA,line,5on5,4,1634.0,15.0,0.68,0.43,0.43,6.69,1.0,0.47,1.75,0.31,3.25,2.22,0.95,1.03,0.98,6.0,3.0,4.0,13.0,0.0,2.0,0.0,1.0,0.0,2.0,4.0,6.0,9.0,4.0,11.0,12.0,24.0,2.0,4.0,3.0,5.0,1.0,0.12,0.57,0.3,0.0,0.0,0.0,13.38,9.0,9.17,2.0,0.1,0.39,0.39,0.71,0.72,0.71,8.45,0.46,0.48,2.19,0.27,5.03,3.56,0.46,0.45,0.45,8.0,4.0,5.0,17.0,1.0,0.0,0.0,2.0,0.0,1.0,8.0,7.0,11.0,1.0,5.0,12.0,13.0,2.0,5.0,11.0,1.0,0.0,0.33,0.13,0.0,0.0,1.0,0.0,16.32,12.0,11.65,4.0,0.1,0.0,0.0,0.56,0.55,0.55
847403784799928481725,2025,Soderblom-Rasmussen-Van Riemsdyk,DET,line,5on5,8,3437.0,28.0,0.65,0.52,0.58,37.07,3.81,2.39,9.61,1.26,19.35,13.58,3.62,3.95,3.75,26.0,24.0,10.0,60.0,1.0,6.0,0.0,7.0,0.0,17.0,19.0,25.0,49.0,4.0,11.0,31.0,28.0,3.0,15.0,35.0,10.0,5.0,1.07,1.35,1.39,0.0,1.0,0.0,60.47,50.0,50.32,8.0,0.5,1.51,1.51,2.8,2.87,2.84,24.96,2.02,1.62,6.29,0.89,14.17,11.02,2.01,1.98,1.97,21.0,15.0,20.0,56.0,0.0,0.0,0.0,4.0,0.0,15.0,17.0,21.0,36.0,3.0,9.0,26.0,42.0,2.0,15.0,25.0,10.0,1.0,0.44,1.33,0.26,0.0,0.0,0.0,55.63,36.0,35.56,6.0,0.34,0.0,0.0,2.37,2.32,2.3
84768748477220,2025,Schmidt-Mtt,UTA,pairing,5on5,14,1328.0,133.0,0.41,0.52,0.55,8.43,0.7,0.43,1.81,0.25,4.07,3.73,0.7,0.73,0.73,11.0,0.0,4.0,15.0,1.0,0.0,0.0,0.0,0.0,2.0,8.0,10.0,10.0,0.0,0.0,7.0,9.0,1.0,6.0,7.0,3.0,1.0,0.14,0.34,0.23,0.0,1.0,0.0,15.63,11.0,11.48,2.0,0.09,0.0,0.0,0.79,0.82,0.82,6.72,1.0,0.42,1.51,0.29,3.24,2.54,0.94,1.0,0.93,8.0,1.0,5.0,14.0,0.0,1.0,0.0,2.0,0.0,4.0,2.0,8.0,9.0,1.0,2.0,6.0,11.0,1.0,11.0,3.0,5.0,1.0,0.06,0.59,0.36,0.0,0.0,0.0,13.96,9.0,8.94,6.0,0.09,0.36,0.36,0.73,0.73,0.72
847418984763938480188,2025,Zetterlund-Eller-Cousins,OTT,line,5on5,7,1090.0,53.0,0.52,0.58,0.53,6.53,0.47,0.32,1.44,0.21,3.47,3.09,0.47,0.5,0.5,8.0,1.0,6.0,15.0,0.0,0.0,0.0,2.0,0.0,2.0,5.0,8.0,9.0,2.0,4.0,12.0,11.0,1.0,6.0,8.0,1.0,0.0,0.32,0.15,0.0,0.0,0.0,0.0,16.67,9.0,9.78,6.0,0.06,0.0,0.0,0.54,0.57,0.57,5.66,0.44,0.33,1.46,0.2,3.29,2.28,0.44,0.45,0.45,4.0,4.0,3.0,11.0,0.0,0.0,0.0,2.0,0.0,3.0,3.0,4.0,8.0,3.0,6.0,13.0,15.0,2.0,7.0,6.0,2.0,0.0,0.15,0.29,0.0,0.0,0.0,0.0,10.64,8.0,7.96,2.0,0.07,0.0,0.0,0.51,0.52,0.51
847579184807628480829,2025,Robinson-Kotkaniemi-Hall,CAR,line,5on5,3,1430.0,11.0,0.61,0.55,0.63,16.21,1.54,1.03,3.96,0.64,8.74,6.08,1.47,1.53,1.46,15.0,7.0,5.0,27.0,5.0,1.0,0.0,2.0,0.0,10.0,4.0,10.0,17.0,1.0,2.0,16.0,14.0,3.0,8.0,16.0,5.0,1.0,0.57,0.69,0.28,3.0,2.0,0.0,27.61,22.0,22.49,4.0,0.22,0.28,0.28,1.48,1.47,1.42,9.34,1.0,0.7,2.16,0.33,5.17,3.64,0.95,1.01,0.96,8.0,5.0,9.0,22.0,1.0,2.0,0.0,2.0,0.0,5.0,3.0,7.0,12.0,2.0,4.0,20.0,17.0,3.0,13.0,7.0,6.0,0.0,0.2,0.8,0.0,1.0,0.0,0.0,21.51,13.0,12.89,6.0,0.15,0.27,0.27,0.88,0.89,0.87
847645484782338478458,2025,Mangiapane-Nugent-Hopkins-Roslovic,EDM,line,5on5,3,1201.0,10.0,0.3,0.43,0.38,4.5,0.26,0.23,1.16,0.13,2.33,1.88,0.26,0.27,0.27,3.0,3.0,7.0,13.0,0.0,0.0,0.0,2.0,0.0,2.0,2.0,3.0,6.0,0.0,0.0,7.0,6.0,2.0,5.0,4.0,2.0,0.0,0.07,0.2,0.0,0.0,0.0,0.0,12.85,6.0,6.15,1.0,0.05,0.0,0.0,0.31,0.33,0.33,7.78,0.62,0.48,1.7,0.22,3.79,3.2,0.62,0.6,0.6,6.0,4.0,7.0,17.0,0.0,0.0,0.0,0.0,0.0,4.0,6.0,6.0,10.0,0.0,0.0,9.0,10.0,1.0,5.0,8.0,2.0,0.0,0.3,0.32,0.0,0.0,0.0,0.0,16.57,10.0,9.74,1.0,0.1,0.0,0.0,0.72,0.7,0.7
847645984764688478550,2025,Panarin-Miller-Zibanejad,NYR,line,5on5,5,1963.0,24.0,0.44,0.57,0.51,18.91,1.04,1.17,5.41,0.85,10.72,7.81,1.02,1.07,1.06,13.0,14.0,15.0,42.0,0.0,2.0,0.0,8.0,0.0,11.0,6.0,13.0,27.0,3.0,6.0,24.0,12.0,1.0,6.0,25.0,1.0,1.0,0.66,0.12,0.26,0.0,0.0,0.0,42.37,27.0,27.26,1.0,0.24,0.06,0.06,1.23,1.27,1.25,18.8,1.32,1.21,4.64,0.58,10.5,7.75,1.31,1.37,1.36,14.0,12.0,6.0,32.0,0.0,2.0,0.0,2.0,0.0,5.0,17.0,14.0,26.0,1.0,2.0,21.0,6.0,4.0,9.0,23.0,1.0,2.0,0.67,0.1,0.55,0.0,0.0,0.0,33.02,26.0,26.77,5.0,0.25,0.4,0.4,1.18,1.19,1.19
848274584834458484762,2025,Gauthier-Mctavish-Sennecke,ANA,line,5on5,13,7845.0,32.0,0.61,0.62,0.58,88.18,9.21,6.38,21.6,3.04,45.75,33.01,8.66,9.33,8.77,72.0,47.0,66.0,185.0,6.0,12.0,1.0,16.0,0.0,54.0,31.0,66.0,113.0,14.0,28.0,63.0,52.0,8.0,38.0,78.0,31.0,10.0,2.42,4.19,2.61,3.0,0.0,3.0,188.13,119.0,119.85,17.0,1.33,2.28,2.28,8.27,8.37,8.12,61.38,6.0,4.17,15.45,2.12,33.39,23.87,5.45,5.98,5.43,54.0,31.0,28.0,113.0,1.0,7.0,0.0,16.0,0.0,22.0,39.0,53.0,84.0,8.0,16.0,69.0,63.0,11.0,44.0,56.0,23.0,6.0,1.76,2.63,1.61,1.0,0.0,0.0,112.39,85.0,84.74,31.0,0.87,1.35,1.35,5.52,5.53,5.29
84769028480036,2025,Heiskanen-Lindell,DAL,pairing,5on5,15,10474.0,25.0,0.59,0.49,0.54,84.33,8.06,5.45,21.84,2.78,43.96,31.92,7.66,8.0,7.61,73.0,41.0,30.0,144.0,6.0,10.0,1.0,19.0,0.0,45.0,34.0,67.0,108.0,9.0,18.0,110.0,61.0,14.0,51.0,80.0,24.0,10.0,2.59,2.91,2.56,2.0,2.0,2.0,143.49,114.0,113.07,34.0,1.15,1.91,1.91,7.29,7.25,7.06,70.58,5.5,4.33,18.44,2.37,37.59,28.77,5.38,5.54,5.41,61.0,36.0,51.0,148.0,5.0,5.0,0.0,14.0,0.0,30.0,43.0,56.0,92.0,19.0,40.0,88.0,77.0,18.0,49.0,77.0,17.0,3.0,2.6,1.92,0.99,3.0,2.0,0.0,149.25,97.0,98.1,18.0,0.89,1.12,1.12,5.27,5.32,5.26
84788408481525,2025,Robertson-Borgen,NYR,pairing,5on5,8,5954.0,17.0,0.6,0.5,0.5,48.31,4.65,3.39,11.66,1.54,26.41,18.36,4.56,4.6,4.51,39.0,27.0,22.0,88.0,2.0,1.0,0.0,9.0,0.0,36.0,18.0,37.0,64.0,9.0,18.0,56.0,56.0,10.0,19.0,46.0,15.0,5.0,1.32,2.05,1.27,2.0,0.0,0.0,86.16,66.0,64.49,13.0,0.71,0.28,0.28,5.08,5.03,4.96,47.59,3.07,2.88,11.83,1.57,26.8,20.84,3.03,3.14,3.1,45.0,22.0,21.0,88.0,3.0,3.0,0.0,11.0,0.0,26.0,24.0,42.0,64.0,3.0,6.0,40.0,37.0,6.0,32.0,58.0,7.0,2.0,1.61,0.91,0.56,1.0,2.0,0.0,90.39,67.0,69.0,16.0,0.59,0.58,0.58,3.08,3.15,3.12
84706138480069,2025,Makar-Burns,COL,pairing,5on5,12,1071.0,110.0,0.63,0.54,0.5,7.6,0.79,0.48,1.9,0.24,3.68,2.92,0.74,0.81,0.76,6.0,4.0,4.0,14.0,1.0,1.0,0.0,2.0,0.0,0.0,6.0,5.0,9.0,0.0,0.0,4.0,3.0,4.0,6.0,8.0,1.0,1.0,0.37,0.2,0.22,1.0,0.0,0.0,14.38,10.0,10.31,3.0,0.1,0.22,0.22,0.67,0.69,0.68,7.33,0.47,0.36,1.93,0.23,3.79,3.23,0.47,0.44,0.44,6.0,4.0,2.0,12.0,0.0,0.0,0.0,2.0,0.0,5.0,3.0,6.0,10.0,1.0,2.0,10.0,1.0,1.0,5.0,9.0,1.0,0.0,0.38,0.09,0.0,0.0,0.0,0.0,11.41,10.0,9.56,2.0,0.07,0.0,0.0,0.54,0.51,0.51
847627884808408484829,2025,Blackwell-Hryckowian-Bck,DAL,line,5on5,4,785.0,47.0,0.03,0.16,0.07,0.74,0.03,0.04,0.18,0.02,0.42,0.31,0.03,0.03,0.03,1.0,0.0,2.0,3.0,0.0,0.0,0.0,0.0,0.0,0.0,1.0,1.0,1.0,1.0,2.0,5.0,8.0,3.0,3.0,1.0,0.0,0.0,0.03,0.0,0.0,0.0,0.0,0.0,2.92,1.0,0.96,2.0,0.01,0.0,0.0,0.04,0.04,0.04,10.51,1.03,0.61,3.23,0.4,5.24,3.49,0.97,1.08,1.01,6.0,8.0,2.0,16.0,0.0,2.0,0.0,2.0,0.0,7.0,3.0,6.0,14.0,1.0,2.0,6.0,8.0,1.0,7.0,12.0,0.0,2.0,0.34,0.0,0.69,0.0,0.0,0.0,16.38,14.0,14.31,4.0,0.13,0.69,0.69,0.47,0.47,0.45
847516684817118482720,2025,Maccelli-Tavares-Knies,TOR,line,5on5,4,2054.0,10.0,0.61,0.51,0.62,20.27,1.43,1.48,5.29,0.67,11.5,7.64,1.39,1.42,1.38,18.0,10.0,7.0,35.0,1.0,1.0,0.0,8.0,0.0,9.0,9.0,17.0,27.0,1.0,2.0,17.0,17.0,3.0,8.0,21.0,7.0,0.0,0.57,0.86,0.0,0.0,1.0,0.0,34.4,28.0,27.66,7.0,0.3,0.1,0.1,1.63,1.61,1.59,12.58,0.93,0.85,3.16,0.39,6.79,4.88,0.91,0.93,0.91,11.0,6.0,17.0,34.0,4.0,1.0,1.0,3.0,0.0,7.0,2.0,7.0,13.0,2.0,4.0,22.0,13.0,1.0,11.0,12.0,5.0,0.0,0.38,0.55,0.0,1.0,3.0,0.0,34.93,17.0,17.28,4.0,0.18,0.12,0.12,0.99,0.99,0.98
84747168476463,2025,Brodin-Spurgeon,MIN,pairing,5on5,13,744.0,103.0,0.54,0.68,0.75,8.15,0.49,0.55,1.97,0.29,5.19,3.51,0.48,0.46,0.45,7.0,5.0,3.0,15.0,1.0,0.0,0.0,0.0,0.0,7.0,4.0,6.0,11.0,0.0,0.0,4.0,3.0,0.0,3.0,11.0,1.0,0.0,0.3,0.19,0.0,0.0,1.0,0.0,14.31,12.0,11.38,1.0,0.11,0.0,0.0,0.6,0.57,0.56,3.28,0.42,0.34,0.69,0.1,1.48,0.98,0.38,0.42,0.38,3.0,1.0,3.0,7.0,0.0,0.0,0.0,0.0,0.0,2.0,2.0,3.0,4.0,0.0,0.0,0.0,11.0,1.0,4.0,2.0,1.0,1.0,0.04,0.15,0.22,0.0,0.0,0.0,7.3,4.0,4.15,2.0,0.07,0.0,0.0,0.49,0.49,0.45
84751718476931,2025,Ekman-Larsson-Mccabe,TOR,pairing,5on5,13,2229.0,104.0,0.56,0.5,0.52,16.44,1.3,1.22,3.63,0.56,10.32,6.97,1.29,1.24,1.23,18.0,6.0,5.0,29.0,2.0,1.0,0.0,3.0,0.0,8.0,10.0,16.0,22.0,1.0,2.0,13.0,16.0,5.0,19.0,17.0,6.0,1.0,0.46,0.58,0.26,1.0,1.0,0.0,27.74,24.0,23.0,5.0,0.25,0.01,0.01,1.54,1.47,1.46,16.3,1.04,0.98,4.55,0.49,8.75,6.18,1.03,1.12,1.11,15.0,7.0,7.0,29.0,1.0,0.0,0.0,5.0,0.0,6.0,10.0,14.0,21.0,4.0,8.0,18.0,5.0,1.0,17.0,20.0,1.0,1.0,0.6,0.17,0.27,1.0,0.0,0.0,31.41,22.0,23.85,10.0,0.21,0.0,0.0,1.25,1.34,1.33
848074884826918483395,2025,Bains-Raty-Sherwood,VAN,line,5on5,3,887.0,20.0,0.79,0.62,0.65,8.29,0.68,0.45,2.63,0.3,4.02,2.92,0.64,0.63,0.59,7.0,4.0,5.0,16.0,1.0,2.0,0.0,2.0,0.0,6.0,0.0,6.0,10.0,0.0,0.0,5.0,16.0,1.0,9.0,8.0,2.0,1.0,0.25,0.22,0.21,1.0,0.0,0.0,14.83,11.0,10.21,1.0,0.09,0.3,0.3,0.48,0.44,0.42,4.15,0.19,0.2,1.26,0.15,2.42,1.79,0.19,0.2,0.2,5.0,1.0,4.0,10.0,0.0,0.0,0.0,0.0,0.0,2.0,4.0,5.0,6.0,0.0,0.0,6.0,10.0,1.0,3.0,5.0,1.0,0.0,0.09,0.1,0.0,0.0,0.0,0.0,10.46,6.0,6.32,2.0,0.04,0.0,0.0,0.23,0.24,0.24
847571484775038478104,2025,Blais-Domi-Jarnkrok,TOR,line,5on5,2,665.0,10.0,0.28,0.36,0.41,5.05,0.31,0.26,1.25,0.17,2.9,2.12,0.3,0.32,0.31,4.0,3.0,2.0,9.0,0.0,0.0,0.0,1.0,0.0,4.0,2.0,4.0,7.0,2.0,4.0,4.0,13.0,0.0,6.0,7.0,0.0,0.0,0.31,0.0,0.0,0.0,0.0,0.0,9.29,7.0,7.03,5.0,0.05,0.0,0.0,0.36,0.37,0.36,7.07,0.78,0.43,1.72,0.21,4.02,2.83,0.76,0.84,0.81,4.0,6.0,6.0,16.0,1.0,0.0,1.0,1.0,0.0,5.0,3.0,3.0,9.0,0.0,0.0,5.0,4.0,1.0,4.0,8.0,1.0,1.0,0.22,0.1,0.47,0.0,0.0,1.0,16.1,10.0,10.29,3.0,0.09,0.0,0.47,0.41,0.41,0.4
847794084784278482093,2025,Ehlers-Aho-Jarvis,CAR,line,5on5,13,7306.0,32.0,0.56,0.57,0.59,82.85,7.19,5.17,21.77,2.88,43.5,32.49,6.77,7.6,7.15,73.0,40.0,35.0,148.0,7.0,7.0,2.0,21.0,0.0,42.0,36.0,66.0,106.0,9.0,18.0,65.0,37.0,5.0,41.0,88.0,17.0,8.0,2.58,2.22,2.38,3.0,3.0,1.0,155.35,113.0,118.42,22.0,1.07,1.52,1.72,6.55,6.86,6.67,59.92,5.63,4.09,14.54,1.9,30.57,23.27,5.37,5.46,5.21,55.0,25.0,33.0,113.0,7.0,5.0,0.0,6.0,1.0,29.0,32.0,48.0,73.0,3.0,6.0,72.0,46.0,11.0,44.0,56.0,20.0,4.0,1.97,2.55,1.12,5.0,1.0,1.0,109.06,80.0,77.54,21.0,0.86,1.03,1.03,5.46,5.28,5.21
847688184784838481604,2025,Dorofeyev-Hertl-Marner,VGK,line,5on5,11,5764.0,30.0,0.71,0.64,0.63,57.03,4.62,3.58,14.98,2.0,30.84,22.98,4.5,4.64,4.52,48.0,31.0,51.0,130.0,4.0,5.0,0.0,16.0,0.0,27.0,27.0,44.0,75.0,9.0,24.0,74.0,28.0,5.0,24.0,60.0,14.0,5.0,1.47,1.69,1.45,2.0,2.0,0.0,129.09,79.0,78.79,12.0,0.75,0.96,0.96,4.4,4.4,4.31,34.73,1.9,1.93,9.79,1.19,18.76,13.43,1.85,1.94,1.88,33.0,14.0,26.0,73.0,2.0,1.0,0.0,11.0,0.0,14.0,19.0,31.0,45.0,7.0,20.0,47.0,24.0,9.0,24.0,41.0,6.0,0.0,1.17,0.73,0.0,2.0,0.0,0.0,73.6,47.0,47.69,15.0,0.41,0.15,0.15,2.16,2.19,2.14
84745688479378,2025,Stanley-Schenn,WPG,pairing,5on5,8,1903.0,47.0,0.46,0.43,0.34,9.62,1.15,0.69,1.88,0.31,5.32,3.66,1.11,1.12,1.09,6.0,7.0,13.0,26.0,0.0,1.0,0.0,2.0,0.0,4.0,6.0,6.0,13.0,4.0,11.0,15.0,18.0,3.0,12.0,7.0,5.0,1.0,0.25,0.62,0.27,0.0,0.0,0.0,25.35,13.0,12.95,7.0,0.14,0.27,0.27,1.02,1.0,0.99,17.76,1.35,1.13,4.0,0.56,10.26,7.7,1.34,1.42,1.41,14.0,11.0,10.0,35.0,1.0,0.0,0.0,1.0,0.0,14.0,9.0,13.0,24.0,2.0,7.0,7.0,11.0,3.0,10.0,17.0,8.0,0.0,0.48,0.87,0.0,0.0,1.0,0.0,36.4,25.0,26.08,6.0,0.23,0.0,0.0,1.58,1.67,1.66
847121484784408481580,2025,Ovechkin-Strome-Mcmichael,WSH,line,5on5,5,967.0,43.0,0.54,0.57,0.46,7.14,0.62,0.53,2.19,0.34,4.26,3.06,0.61,0.65,0.65,5.0,6.0,14.0,25.0,1.0,1.0,0.0,2.0,0.0,4.0,3.0,4.0,10.0,0.0,0.0,10.0,8.0,3.0,7.0,8.0,3.0,0.0,0.29,0.33,0.0,0.0,1.0,0.0,26.31,11.0,11.45,4.0,0.11,0.03,0.03,0.7,0.75,0.74,9.32,0.52,0.57,2.44,0.31,5.3,3.87,0.52,0.51,0.51,6.0,7.0,6.0,19.0,0.0,1.0,0.0,2.0,0.0,5.0,5.0,6.0,13.0,0.0,0.0,10.0,4.0,0.0,7.0,10.0,3.0,0.0,0.24,0.28,0.0,0.0,0.0,0.0,17.75,13.0,12.39,5.0,0.12,0.02,0.02,0.62,0.6,0.6
847515184774078478445,2025,Duclair-Barzal-Palmieri,NYI,line,5on5,7,4779.0,11.0,0.39,0.45,0.45,36.41,2.67,2.35,8.82,1.21,20.72,15.22,2.62,2.69,2.64,30.0,21.0,19.0,70.0,3.0,4.0,1.0,10.0,0.0,11.0,23.0,27.0,48.0,6.0,12.0,18.0,15.0,4.0,22.0,38.0,11.0,2.0,1.01,1.21,0.46,1.0,1.0,1.0,70.6,51.0,51.36,8.0,0.48,0.55,0.55,2.6,2.61,2.59,45.97,4.25,3.44,10.73,1.47,25.54,17.57,4.03,4.24,4.03,45.0,18.0,24.0,87.0,0.0,4.0,0.0,5.0,0.0,27.0,27.0,45.0,63.0,4.0,10.0,48.0,18.0,3.0,23.0,40.0,20.0,3.0,1.17,2.42,0.66,0.0,0.0,0.0,85.1,63.0,62.19,4.0,0.7,0.64,0.64,4.31,4.31,4.22
847847284804598483516,2025,Snuggerud-Suter-Joseph,STL,line,5on5,6,1640.0,39.0,0.48,0.45,0.5,18.45,1.69,1.3,4.85,0.7,9.81,6.64,1.57,1.83,1.69,17.0,8.0,6.0,31.0,1.0,5.0,1.0,2.0,0.0,11.0,6.0,16.0,24.0,0.0,0.0,7.0,14.0,3.0,7.0,16.0,9.0,0.0,0.36,1.33,0.0,0.0,1.0,0.0,32.57,25.0,26.42,4.0,0.27,0.68,0.68,1.28,1.36,1.3,18.35,1.81,1.26,3.95,0.55,10.07,7.36,1.79,1.91,1.89,14.0,11.0,13.0,38.0,1.0,0.0,0.0,1.0,0.0,13.0,10.0,13.0,24.0,2.0,4.0,12.0,6.0,5.0,11.0,16.0,8.0,1.0,0.59,0.91,0.32,0.0,0.0,1.0,40.79,25.0,26.21,3.0,0.26,0.0,0.0,2.07,2.19,2.16
84764628482684,2025,Hughes-Hamilton,NJD,pairing,5on5,12,1677.0,76.0,0.58,0.52,0.53,17.95,1.51,1.14,4.31,0.58,9.56,6.9,1.4,1.47,1.37,15.0,9.0,8.0,32.0,3.0,1.0,0.0,8.0,0.0,4.0,8.0,12.0,21.0,1.0,2.0,18.0,11.0,2.0,9.0,18.0,4.0,2.0,0.48,0.44,0.59,2.0,1.0,0.0,30.63,24.0,23.68,6.0,0.24,0.34,0.34,1.41,1.38,1.3,15.66,1.11,0.89,4.02,0.52,8.44,6.02,1.11,1.13,1.13,14.0,7.0,8.0,29.0,0.0,1.0,0.0,5.0,0.0,6.0,9.0,14.0,21.0,1.0,2.0,12.0,5.0,3.0,6.0,15.0,6.0,0.0,0.46,0.66,0.0,0.0,0.0,0.0,30.49,21.0,21.79,0.0,0.18,0.03,0.03,1.27,1.29,1.29
847887484849118485402,2025,Graf-Misa-Gaudette,SJS,line,5on5,3,1256.0,9.0,0.69,0.58,0.57,10.73,1.82,0.78,2.12,0.29,4.68,3.31,1.68,1.93,1.78,9.0,4.0,5.0,18.0,3.0,2.0,1.0,4.0,0.0,2.0,2.0,6.0,10.0,0.0,0.0,8.0,10.0,1.0,7.0,4.0,7.0,2.0,0.05,1.08,0.69,0.0,2.0,1.0,18.56,13.0,13.38,5.0,0.16,0.69,0.69,1.29,1.35,1.32,7.64,0.8,0.59,1.76,0.23,3.74,2.87,0.8,0.79,0.79,7.0,3.0,3.0,13.0,0.0,1.0,0.0,0.0,0.0,3.0,6.0,7.0,10.0,2.0,4.0,9.0,8.0,0.0,9.0,6.0,3.0,1.0,0.18,0.31,0.32,0.0,0.0,0.0,13.04,10.0,10.11,5.0,0.12,0.11,0.11,0.82,0.8,0.8
847523184812378484958,2025,Maclean-Cizikas-Tsyplakov,NYI,line,5on5,4,1314.0,19.0,0.6,0.56,0.63,10.99,1.2,0.71,3.0,0.39,5.51,4.2,1.16,1.24,1.21,9.0,6.0,7.0,22.0,0.0,1.0,0.0,2.0,0.0,9.0,3.0,9.0,15.0,7.0,20.0,3.0,16.0,3.0,5.0,9.0,4.0,2.0,0.18,0.53,0.49,0.0,0.0,0.0,23.27,15.0,15.5,3.0,0.15,0.23,0.23,1.11,1.17,1.16,7.16,0.79,0.44,2.1,0.21,3.31,2.15,0.78,0.79,0.78,7.0,2.0,8.0,17.0,2.0,1.0,0.0,3.0,0.0,3.0,0.0,5.0,7.0,5.0,16.0,17.0,21.0,1.0,6.0,5.0,3.0,1.0,0.09,0.34,0.37,0.0,2.0,0.0,16.95,9.0,9.04,3.0,0.09,0.37,0.37,0.52,0.5,0.49
84745638482730,2025,Doughty-Clarke,LAK,pairing,5on5,14,933.0,86.0,0.87,0.77,0.79,13.74,1.69,1.01,3.24,0.43,7.17,5.47,1.67,1.7,1.68,15.0,4.0,8.0,27.0,2.0,0.0,0.0,5.0,0.0,7.0,5.0,13.0,17.0,1.0,2.0,3.0,1.0,0.0,7.0,12.0,4.0,3.0,0.34,0.46,0.89,1.0,0.0,1.0,25.8,19.0,18.24,1.0,0.21,0.0,0.0,1.89,1.9,1.88,3.6,0.26,0.21,0.97,0.11,2.02,1.43,0.26,0.27,0.27,4.0,1.0,3.0,8.0,0.0,0.0,0.0,1.0,0.0,2.0,2.0,4.0,5.0,4.0,8.0,1.0,8.0,1.0,2.0,4.0,1.0,0.0,0.11,0.15,0.0,0.0,0.0,0.0,8.12,5.0,5.08,1.0,0.04,0.0,0.0,0.3,0.32,0.32
847742984774568478891,2025,Copp-Compher-Appleton,DET,line,5on5,6,902.0,55.0,0.44,0.63,0.57,9.57,0.87,0.62,2.45,0.32,4.99,3.76,0.86,0.79,0.79,11.0,2.0,9.0,22.0,2.0,0.0,0.0,1.0,0.0,5.0,5.0,9.0,11.0,2.0,4.0,7.0,8.0,0.0,4.0,8.0,5.0,0.0,0.2,0.66,0.0,0.0,2.0,0.0,19.99,13.0,11.95,4.0,0.13,0.0,0.0,0.99,0.91,0.91,7.55,1.1,0.6,1.49,0.23,3.85,2.72,1.07,1.2,1.17,7.0,3.0,3.0,13.0,1.0,1.0,0.0,0.0,0.0,5.0,3.0,6.0,9.0,1.0,2.0,8.0,10.0,2.0,6.0,5.0,3.0,2.0,0.21,0.33,0.56,1.0,0.0,0.0,14.66,10.0,10.89,5.0,0.13,0.32,0.32,0.91,1.0,0.98
84774958478055,2025,Forsling-Jones,FLA,pairing,5on5,11,1007.0,69.0,0.48,0.59,0.56,7.51,0.43,0.44,1.8,0.22,4.02,3.08,0.43,0.43,0.42,7.0,3.0,6.0,16.0,1.0,0.0,0.0,1.0,0.0,4.0,4.0,6.0,9.0,1.0,2.0,4.0,7.0,0.0,0.0,8.0,2.0,0.0,0.24,0.19,0.0,1.0,0.0,0.0,15.92,10.0,9.86,0.0,0.09,0.0,0.0,0.53,0.51,0.51,5.68,0.48,0.34,1.35,0.18,3.38,2.27,0.45,0.49,0.46,4.0,4.0,3.0,11.0,1.0,1.0,0.0,0.0,0.0,3.0,3.0,3.0,7.0,4.0,8.0,5.0,8.0,0.0,3.0,6.0,2.0,0.0,0.15,0.32,0.0,1.0,0.0,0.0,11.52,8.0,8.26,1.0,0.07,0.16,0.16,0.39,0.4,0.4
847517284764568482679,2025,Huberdeau-Kadri-Coronato,CGY,line,5on5,7,677.0,79.0,0.3,0.33,0.24,4.17,0.68,0.29,1.18,0.14,1.51,1.2,0.59,0.68,0.59,4.0,1.0,5.0,10.0,0.0,2.0,0.0,1.0,0.0,1.0,1.0,4.0,5.0,3.0,6.0,5.0,3.0,1.0,4.0,3.0,0.0,2.0,0.13,0.0,0.55,0.0,0.0,0.0,9.94,5.0,4.82,2.0,0.07,0.55,0.55,0.2,0.2,0.19,12.21,1.59,0.86,2.68,0.44,5.71,4.73,1.52,1.56,1.49,13.0,3.0,4.0,20.0,2.0,3.0,0.0,4.0,0.0,4.0,3.0,11.0,14.0,2.0,4.0,10.0,5.0,1.0,2.0,9.0,3.0,4.0,0.28,0.44,0.87,0.0,1.0,1.0,19.74,16.0,15.86,1.0,0.18,0.52,0.52,1.25,1.24,1.22
847742584799448480806,2025,Wood-Lundestrom-Aston-Reese,CBJ,line,5on5,4,972.0,24.0,0.54,0.46,0.42,8.74,0.94,0.54,2.21,0.27,3.85,3.19,0.86,0.93,0.86,6.0,5.0,8.0,19.0,1.0,2.0,0.0,2.0,0.0,4.0,2.0,5.0,10.0,1.0,2.0,7.0,11.0,2.0,6.0,7.0,2.0,2.0,0.14,0.32,0.48,0.0,0.0,1.0,20.0,11.0,11.12,3.0,0.11,0.46,0.46,0.59,0.6,0.58,10.43,0.8,0.68,2.84,0.37,6.03,4.28,0.77,0.76,0.73,11.0,4.0,7.0,22.0,0.0,0.0,0.0,3.0,0.0,5.0,7.0,11.0,15.0,1.0,4.0,10.0,13.0,0.0,10.0,12.0,2.0,1.0,0.34,0.23,0.23,0.0,0.0,0.0,20.69,15.0,14.11,7.0,0.14,0.0,0.0,0.94,0.89,0.86
847794684820788484471,2025,Raymond-Larkin-Finnie,DET,line,5on5,13,7802.0,35.0,0.52,0.55,0.56,70.79,6.41,4.75,17.5,2.38,38.69,27.27,6.29,6.49,6.37,56.0,41.0,37.0,134.0,7.0,8.0,1.0,9.0,0.0,34.0,39.0,49.0,90.0,9.0,21.0,77.0,40.0,12.0,44.0,72.0,17.0,8.0,2.19,2.13,2.09,4.0,2.0,1.0,134.71,97.0,97.45,18.0,0.99,1.73,1.73,5.67,5.72,5.66,57.58,5.91,3.68,14.07,1.84,29.09,22.42,5.73,5.99,5.82,47.0,30.0,32.0,109.0,4.0,5.0,1.0,11.0,0.0,21.0,36.0,43.0,73.0,13.0,29.0,68.0,41.0,6.0,45.0,48.0,25.0,4.0,1.35,3.39,1.16,0.0,2.0,2.0,111.29,77.0,78.49,18.0,0.77,1.26,1.26,5.42,5.51,5.47
84746128481607,2025,Johansson-Hamonic,DET,pairing,5on5,8,4438.0,26.0,0.39,0.43,0.41,30.49,2.31,1.84,8.05,1.0,15.89,11.91,2.29,2.35,2.33,27.0,14.0,19.0,60.0,1.0,2.0,0.0,6.0,0.0,12.0,20.0,26.0,40.0,5.0,16.0,38.0,22.0,5.0,27.0,33.0,7.0,1.0,1.01,1.03,0.27,0.0,1.0,0.0,60.29,41.0,41.03,15.0,0.38,0.41,0.41,2.28,2.32,2.3,42.66,3.64,2.7,10.22,1.36,22.28,17.8,3.59,3.72,3.67,41.0,17.0,21.0,79.0,5.0,3.0,0.0,12.0,0.0,24.0,14.0,36.0,53.0,6.0,18.0,26.0,42.0,7.0,18.0,40.0,15.0,3.0,0.98,1.82,0.84,2.0,3.0,0.0,81.06,58.0,59.54,7.0,0.56,0.84,0.84,3.36,3.4,3.37
84827628484223,2025,Edvinsson-Sandin-Pellikka,DET,pairing,5on5,11,7129.0,41.0,0.34,0.48,0.47,51.67,3.76,3.38,13.42,1.75,29.82,20.87,3.73,3.64,3.61,42.0,31.0,37.0,110.0,2.0,2.0,0.0,10.0,0.0,29.0,30.0,40.0,71.0,9.0,18.0,59.0,44.0,12.0,30.0,57.0,14.0,2.0,1.62,1.6,0.55,2.0,0.0,0.0,106.02,73.0,70.86,12.0,0.7,0.24,0.25,4.21,4.08,4.04,62.01,7.41,4.25,15.54,2.07,30.52,22.22,6.76,7.46,6.81,48.0,34.0,39.0,121.0,8.0,10.0,1.0,13.0,0.0,29.0,22.0,40.0,74.0,12.0,24.0,62.0,62.0,11.0,28.0,56.0,15.0,11.0,1.91,2.34,3.16,4.0,2.0,2.0,123.84,82.0,82.1,13.0,0.9,2.21,2.21,6.1,6.17,5.89
847750584807988484911,2025,Kurashev-Wennberg-Graf,SJS,line,5on5,5,1347.0,38.0,0.4,0.44,0.3,5.28,0.56,0.35,1.19,0.16,2.81,1.92,0.56,0.53,0.53,7.0,0.0,8.0,15.0,0.0,0.0,0.0,0.0,0.0,3.0,4.0,7.0,7.0,2.0,4.0,9.0,3.0,0.0,3.0,4.0,2.0,1.0,0.11,0.22,0.23,0.0,0.0,0.0,14.61,7.0,6.8,2.0,0.07,0.0,0.0,0.63,0.6,0.6,11.56,0.82,0.77,2.8,0.37,6.38,4.87,0.82,0.85,0.84,11.0,5.0,3.0,19.0,1.0,1.0,0.0,2.0,0.0,6.0,6.0,10.0,15.0,0.0,0.0,16.0,8.0,5.0,6.0,11.0,5.0,0.0,0.26,0.57,0.0,0.0,1.0,0.0,19.23,16.0,16.15,2.0,0.16,0.01,0.01,0.97,1.01,0.99
847794984808028482659,2025,Doan-Mcleod-Tuch,BUF,line,5on5,12,5938.0,34.0,0.64,0.58,0.61,77.69,7.44,5.11,19.99,2.56,42.28,29.63,6.91,7.29,6.78,64.0,43.0,28.0,135.0,10.0,12.0,2.0,13.0,0.0,41.0,31.0,54.0,97.0,8.0,19.0,55.0,16.0,9.0,32.0,75.0,23.0,9.0,2.03,2.84,2.57,4.0,4.0,2.0,132.18,107.0,105.02,17.0,1.07,2.28,2.28,6.23,6.1,5.89,51.1,4.25,2.93,13.22,1.79,26.18,20.63,4.03,4.33,4.11,43.0,26.0,27.0,96.0,6.0,7.0,1.0,10.0,0.0,19.0,27.0,37.0,63.0,5.0,13.0,56.0,34.0,6.0,30.0,53.0,11.0,5.0,1.5,1.41,1.33,3.0,2.0,1.0,97.02,69.0,69.91,16.0,0.61,1.55,1.55,3.3,3.36,3.21
84769678480834,2025,Kulak-Emberson,EDM,pairing,5on5,14,10767.0,37.0,0.53,0.52,0.51,76.51,7.38,5.02,19.08,2.63,41.72,31.18,7.15,7.51,7.28,68.0,39.0,50.0,157.0,6.0,12.0,0.0,17.0,0.0,31.0,41.0,62.0,101.0,5.0,10.0,73.0,73.0,16.0,32.0,75.0,26.0,6.0,2.01,3.43,1.94,2.0,4.0,0.0,158.65,107.0,107.75,19.0,1.04,2.25,2.25,6.17,6.27,6.16,73.7,6.53,4.98,17.49,2.43,40.93,29.64,6.42,6.54,6.42,55.0,47.0,42.0,144.0,6.0,6.0,2.0,14.0,0.0,35.0,41.0,49.0,96.0,8.0,16.0,60.0,76.0,16.0,56.0,77.0,17.0,8.0,2.33,2.19,2.0,5.0,0.0,1.0,142.58,102.0,101.2,22.0,1.03,1.17,1.17,6.39,6.35,6.3
84803368482100,2025,Nikishin-Walker,CAR,pairing,5on5,14,4798.0,74.0,0.53,0.54,0.54,40.82,3.76,2.82,11.11,1.37,21.59,15.35,3.64,3.86,3.74,39.0,17.0,17.0,73.0,2.0,2.0,1.0,13.0,0.0,21.0,18.0,37.0,54.0,3.0,6.0,44.0,36.0,6.0,22.0,41.0,10.0,5.0,1.17,1.21,1.37,1.0,0.0,1.0,75.45,56.0,57.76,15.0,0.6,0.64,0.64,3.72,3.79,3.7,36.26,3.39,2.46,9.04,1.21,18.22,13.68,3.22,3.24,3.09,33.0,15.0,15.0,63.0,4.0,3.0,0.0,3.0,0.0,21.0,17.0,29.0,44.0,5.0,10.0,32.0,35.0,7.0,23.0,34.0,11.0,3.0,1.17,1.35,0.87,2.0,1.0,1.0,60.26,48.0,46.23,8.0,0.52,0.59,0.59,3.31,3.2,3.13
84812198482511,2025,Aspirot-Lohrei,BOS,pairing,5on5,1,728.0,3.0,0.74,0.56,0.5,5.29,0.68,0.42,1.05,0.15,2.75,1.95,0.68,0.74,0.74,6.0,1.0,3.0,10.0,2.0,0.0,0.0,1.0,0.0,0.0,4.0,4.0,5.0,1.0,2.0,4.0,8.0,1.0,7.0,3.0,4.0,0.0,0.09,0.59,0.0,0.0,2.0,0.0,10.94,7.0,7.68,5.0,0.09,0.0,0.0,0.77,0.84,0.84,4.43,0.24,0.33,1.11,0.18,2.96,2.18,0.24,0.22,0.22,2.0,5.0,1.0,8.0,0.0,0.0,0.0,2.0,0.0,2.0,3.0,2.0,7.0,1.0,2.0,4.0,8.0,2.0,8.0,6.0,1.0,0.0,0.15,0.09,0.0,0.0,0.0,0.0,7.36,7.0,6.5,4.0,0.07,0.0,0.0,0.31,0.28,0.28
84752798481542,2025,Chiarot-Seider,DET,pairing,5on5,13,8052.0,44.0,0.49,0.52,0.51,68.07,5.44,4.35,17.75,2.31,36.45,26.7,5.35,5.34,5.25,62.0,31.0,42.0,135.0,4.0,2.0,0.0,13.0,1.0,43.0,30.0,58.0,89.0,6.0,12.0,76.0,74.0,9.0,38.0,68.0,22.0,3.0,1.96,2.66,0.82,2.0,2.0,0.0,133.11,93.0,91.93,18.0,0.9,0.48,0.49,5.85,5.77,5.72,65.26,5.61,4.26,16.68,2.23,35.6,26.64,5.28,5.71,5.38,66.0,25.0,34.0,125.0,6.0,7.0,0.0,13.0,0.0,32.0,33.0,60.0,85.0,4.0,8.0,76.0,40.0,6.0,39.0,64.0,24.0,3.0,1.72,2.82,1.06,3.0,2.0,1.0,125.65,91.0,91.11,22.0,0.88,1.01,1.01,5.48,5.59,5.32
847745684788918481013,2025,Appleton-Compher-Berggren,DET,line,5on5,4,835.0,40.0,0.3,0.52,0.31,2.93,0.14,0.18,0.69,0.08,1.68,1.23,0.14,0.15,0.15,2.0,2.0,7.0,11.0,0.0,0.0,0.0,0.0,0.0,2.0,2.0,2.0,4.0,0.0,0.0,7.0,5.0,1.0,4.0,4.0,0.0,0.0,0.14,0.0,0.0,0.0,0.0,0.0,10.75,4.0,4.02,1.0,0.04,0.0,0.0,0.18,0.18,0.18,5.79,0.34,0.34,1.39,0.2,3.88,2.84,0.33,0.34,0.33,3.0,6.0,1.0,10.0,1.0,0.0,0.0,1.0,0.0,3.0,4.0,2.0,8.0,1.0,2.0,4.0,6.0,1.0,2.0,7.0,2.0,0.0,0.15,0.19,0.0,0.0,1.0,0.0,9.7,9.0,8.78,1.0,0.07,0.0,0.0,0.41,0.41,0.4
84764578479324,2025,Lindgren-Larsson,SEA,pairing,5on5,10,668.0,71.0,0.34,0.5,0.5,4.13,0.21,0.27,1.01,0.13,2.54,1.83,0.21,0.21,0.21,4.0,2.0,3.0,9.0,0.0,0.0,0.0,1.0,0.0,3.0,2.0,4.0,6.0,0.0,0.0,1.0,6.0,0.0,4.0,5.0,1.0,0.0,0.13,0.08,0.0,0.0,0.0,0.0,9.0,6.0,5.94,2.0,0.05,0.0,0.0,0.27,0.27,0.27,4.1,0.42,0.27,0.95,0.16,2.4,1.81,0.42,0.42,0.42,4.0,2.0,3.0,9.0,0.0,0.0,0.0,2.0,0.0,2.0,2.0,4.0,6.0,1.0,2.0,6.0,6.0,0.0,2.0,3.0,3.0,0.0,0.07,0.35,0.0,0.0,0.0,0.0,8.93,6.0,5.95,0.0,0.06,0.0,0.0,0.48,0.48,0.48
84799828482671,2025,Power-Timmins,BUF,pairing,5on5,14,8170.0,35.0,0.48,0.46,0.47,69.74,6.76,4.75,18.29,2.38,36.42,26.41,6.26,6.68,6.2,58.0,37.0,28.0,123.0,6.0,11.0,1.0,14.0,0.0,31.0,33.0,52.0,89.0,10.0,20.0,63.0,48.0,15.0,37.0,65.0,21.0,9.0,1.8,2.57,2.38,2.0,3.0,1.0,120.86,95.0,93.33,17.0,0.99,2.33,2.33,5.42,5.34,5.16,78.68,7.32,4.82,20.21,2.7,40.12,29.84,7.03,7.57,7.27,73.0,32.0,41.0,146.0,7.0,10.0,1.0,19.0,0.0,41.0,28.0,66.0,98.0,9.0,18.0,81.0,59.0,13.0,48.0,77.0,19.0,9.0,2.09,2.39,2.84,1.0,5.0,1.0,150.89,105.0,108.29,20.0,1.0,2.04,2.04,6.28,6.52,6.4
84801968482671,2025,Power-Bryson,BUF,pairing,5on5,4,628.0,28.0,0.4,0.47,0.4,4.24,0.22,0.29,1.17,0.17,2.51,1.64,0.22,0.22,0.22,5.0,1.0,3.0,9.0,1.0,0.0,0.0,3.0,0.0,2.0,0.0,4.0,5.0,0.0,0.0,5.0,7.0,1.0,5.0,5.0,1.0,0.0,0.13,0.09,0.0,1.0,0.0,0.0,8.92,6.0,5.99,0.0,0.06,0.0,0.0,0.28,0.29,0.29,6.5,0.33,0.34,1.64,0.21,3.64,2.84,0.33,0.34,0.33,5.0,4.0,1.0,10.0,0.0,0.0,0.0,3.0,0.0,3.0,3.0,5.0,9.0,0.0,0.0,2.0,4.0,0.0,2.0,8.0,1.0,0.0,0.22,0.11,0.0,0.0,0.0,0.0,9.65,9.0,8.92,2.0,0.07,0.0,0.0,0.4,0.4,0.4
847516984784448482117,2025,Kane-Reichel-Boeser,VAN,line,5on5,6,1703.0,62.0,0.4,0.46,0.43,13.83,0.93,0.9,3.8,0.46,7.41,5.49,0.92,0.92,0.9,12.0,7.0,7.0,26.0,1.0,2.0,0.0,2.0,0.0,8.0,6.0,11.0,18.0,1.0,2.0,12.0,4.0,1.0,11.0,14.0,5.0,0.0,0.42,0.51,0.0,1.0,0.0,0.0,26.37,19.0,19.16,3.0,0.18,0.18,0.18,0.93,0.92,0.91,18.67,1.42,1.2,4.59,0.57,9.77,7.45,1.37,1.44,1.4,16.0,9.0,5.0,30.0,4.0,0.0,0.0,5.0,0.0,6.0,10.0,12.0,21.0,2.0,4.0,18.0,8.0,3.0,12.0,18.0,7.0,0.0,0.48,0.94,0.0,2.0,2.0,0.0,29.83,25.0,24.9,6.0,0.25,0.0,0.0,1.67,1.7,1.64
847645984764688482157,2025,Cuylle-Miller-Zibanejad,NYR,line,5on5,4,1191.0,29.0,0.61,0.46,0.48,9.48,1.08,0.68,2.54,0.34,5.03,3.33,1.07,1.04,1.03,7.0,6.0,6.0,19.0,0.0,2.0,0.0,3.0,0.0,5.0,3.0,7.0,13.0,3.0,6.0,13.0,11.0,3.0,5.0,7.0,5.0,1.0,0.2,0.57,0.31,0.0,0.0,0.0,18.39,13.0,12.72,2.0,0.14,0.44,0.44,0.79,0.78,0.77,10.72,0.7,0.76,2.71,0.3,5.59,3.94,0.61,0.74,0.65,8.0,6.0,8.0,22.0,0.0,1.0,0.0,0.0,0.0,8.0,5.0,8.0,14.0,2.0,4.0,9.0,7.0,1.0,5.0,12.0,2.0,0.0,0.4,0.29,0.0,0.0,0.0,0.0,23.19,14.0,14.5,1.0,0.16,0.14,0.14,0.72,0.76,0.66
847398684800688481754,2025,Killorn-Poehling-Nesterenko,ANA,line,5on5,5,2201.0,29.0,0.61,0.5,0.49,20.47,1.94,1.29,5.37,0.7,10.26,7.45,1.87,1.95,1.88,17.0,10.0,15.0,42.0,2.0,2.0,1.0,2.0,0.0,10.0,11.0,15.0,25.0,3.0,6.0,19.0,17.0,3.0,10.0,19.0,5.0,3.0,0.54,0.72,0.68,0.0,2.0,0.0,43.38,27.0,27.63,5.0,0.27,0.32,0.32,1.89,1.92,1.86,20.38,1.22,1.21,5.31,0.67,11.32,8.27,1.19,1.2,1.17,18.0,10.0,14.0,42.0,0.0,1.0,0.0,3.0,0.0,13.0,11.0,18.0,28.0,2.0,4.0,20.0,15.0,3.0,7.0,23.0,5.0,0.0,0.72,0.51,0.0,0.0,0.0,0.0,40.68,28.0,27.47,1.0,0.25,0.03,0.03,1.44,1.42,1.38
847794684788918484471,2025,Finnie-Larkin-Appleton,DET,line,5on5,10,1925.0,75.0,0.29,0.36,0.35,13.3,1.16,0.87,3.33,0.49,7.7,5.44,1.13,1.15,1.12,15.0,4.0,6.0,25.0,4.0,2.0,0.0,1.0,0.0,6.0,6.0,11.0,15.0,3.0,6.0,18.0,14.0,4.0,8.0,12.0,7.0,0.0,0.31,0.84,0.0,2.0,2.0,0.0,25.24,19.0,19.25,5.0,0.18,0.14,0.14,1.2,1.19,1.18,26.11,2.89,1.67,7.0,0.93,13.05,9.46,2.19,2.84,2.14,24.0,11.0,10.0,45.0,0.0,7.0,0.0,4.0,0.0,14.0,10.0,24.0,35.0,0.0,0.0,15.0,15.0,2.0,7.0,24.0,7.0,4.0,0.65,0.91,1.33,0.0,0.0,0.0,43.88,35.0,33.75,4.0,0.35,1.39,1.39,1.85,1.84,1.42
84774958478859,2025,Mikkola-Jones,FLA,pairing,5on5,15,11943.0,27.0,0.58,0.55,0.55,108.78,9.38,7.28,27.89,3.53,57.97,40.94,8.84,9.46,8.92,96.0,51.0,66.0,213.0,7.0,12.0,2.0,19.0,1.0,55.0,53.0,89.0,140.0,14.0,33.0,91.0,97.0,10.0,55.0,109.0,30.0,8.0,3.23,3.87,2.29,2.0,4.0,1.0,216.28,147.0,148.36,37.0,1.51,2.49,2.54,8.35,8.45,8.28,86.73,6.74,5.52,22.08,3.23,48.86,35.59,6.6,6.78,6.65,73.0,49.0,55.0,177.0,6.0,8.0,0.0,18.0,2.0,44.0,44.0,67.0,116.0,19.0,43.0,123.0,82.0,21.0,59.0,93.0,26.0,3.0,2.56,3.32,0.84,0.0,6.0,0.0,177.43,122.0,123.14,28.0,1.14,0.94,0.94,6.93,6.97,6.84
847578484808488484911,2025,Skinner-Dellandrea-Graf,SJS,line,5on5,8,1575.0,68.0,0.65,0.43,0.5,13.09,1.81,0.9,3.4,0.5,6.65,4.74,1.65,1.79,1.63,14.0,4.0,4.0,22.0,2.0,5.0,1.0,3.0,0.0,5.0,3.0,12.0,16.0,1.0,2.0,13.0,17.0,0.0,13.0,11.0,4.0,3.0,0.32,0.64,0.85,1.0,0.0,1.0,22.72,18.0,18.29,8.0,0.19,1.15,1.15,0.85,0.83,0.82,13.34,0.99,0.75,3.73,0.41,6.79,5.32,0.98,1.01,1.0,15.0,3.0,11.0,29.0,1.0,0.0,0.0,3.0,0.0,9.0,5.0,14.0,17.0,1.0,2.0,16.0,16.0,2.0,9.0,14.0,3.0,1.0,0.36,0.43,0.21,0.0,0.0,1.0,28.16,18.0,17.58,5.0,0.16,0.0,0.0,1.15,1.16,1.15
84795768479983,2025,Ferraro-Desharnais,SJS,pairing,5on5,12,1827.0,83.0,0.3,0.42,0.34,7.83,0.47,0.47,1.65,0.27,4.7,3.44,0.44,0.47,0.44,7.0,4.0,13.0,24.0,2.0,0.0,0.0,1.0,0.0,4.0,4.0,5.0,9.0,2.0,4.0,11.0,18.0,0.0,10.0,9.0,2.0,0.0,0.24,0.23,0.0,1.0,1.0,0.0,24.68,11.0,11.23,6.0,0.09,0.0,0.0,0.56,0.57,0.53,15.04,1.11,0.89,4.04,0.52,8.24,6.19,1.1,1.09,1.08,14.0,7.0,12.0,33.0,1.0,1.0,0.0,4.0,0.0,9.0,6.0,13.0,20.0,2.0,4.0,4.0,9.0,2.0,4.0,16.0,4.0,1.0,0.45,0.44,0.23,1.0,0.0,0.0,32.3,21.0,20.41,2.0,0.19,0.23,0.23,1.07,1.04,1.04
84779328478055,2025,Forsling-Ekblad,FLA,pairing,5on5,15,13051.0,24.0,0.58,0.56,0.54,115.89,11.44,7.46,29.59,3.77,58.81,43.94,10.99,11.37,10.92,107.0,48.0,74.0,229.0,11.0,9.0,1.0,31.0,1.0,59.0,44.0,96.0,144.0,15.0,33.0,112.0,102.0,15.0,52.0,101.0,43.0,11.0,2.7,5.57,3.17,0.0,9.0,2.0,227.94,155.0,153.97,19.0,1.57,1.93,1.93,11.08,11.04,10.74,95.61,8.43,6.76,23.76,3.14,50.47,37.43,8.24,8.35,8.16,90.0,40.0,53.0,183.0,8.0,11.0,2.0,25.0,1.0,36.0,49.0,82.0,122.0,14.0,31.0,116.0,58.0,26.0,72.0,91.0,31.0,8.0,2.53,3.9,1.99,4.0,3.0,1.0,182.22,130.0,128.85,41.0,1.4,1.84,1.84,8.0,7.96,7.88
847959184796618483489,2025,Jeannot-Minten-Eyssimont,BOS,line,5on5,11,4184.0,49.0,0.48,0.5,0.52,44.35,2.97,2.85,11.31,1.46,22.84,17.56,2.92,2.94,2.89,36.0,23.0,19.0,78.0,3.0,6.0,1.0,8.0,0.0,18.0,24.0,33.0,56.0,5.0,10.0,43.0,34.0,3.0,20.0,48.0,9.0,2.0,1.34,1.2,0.42,1.0,1.0,1.0,76.01,59.0,57.69,13.0,0.59,0.75,0.75,2.81,2.8,2.78,40.86,3.22,2.67,11.15,1.33,21.31,15.32,3.1,3.38,3.25,37.0,18.0,24.0,79.0,7.0,7.0,2.0,12.0,0.0,15.0,14.0,30.0,48.0,2.0,4.0,37.0,37.0,5.0,20.0,40.0,14.0,1.0,1.19,1.81,0.22,3.0,3.0,1.0,80.83,55.0,56.62,4.0,0.55,1.09,1.09,2.68,2.79,2.72
847744484779878484144,2025,Burakovsky-Bedard-Donato,CHI,line,5on5,7,690.0,97.0,0.57,0.48,0.46,8.35,0.77,0.54,1.74,0.24,4.34,3.38,0.77,0.78,0.78,5.0,6.0,2.0,13.0,1.0,0.0,0.0,0.0,0.0,4.0,6.0,4.0,10.0,1.0,2.0,2.0,5.0,2.0,6.0,7.0,4.0,0.0,0.17,0.6,0.0,0.0,1.0,0.0,13.38,11.0,11.25,5.0,0.11,0.0,0.0,0.88,0.9,0.89,9.5,0.58,0.61,2.35,0.29,5.54,3.63,0.58,0.56,0.56,11.0,2.0,1.0,14.0,0.0,0.0,0.0,6.0,0.0,4.0,3.0,11.0,13.0,0.0,0.0,11.0,4.0,1.0,5.0,11.0,2.0,0.0,0.29,0.29,0.0,0.0,0.0,0.0,13.76,13.0,12.81,3.0,0.12,0.0,0.0,0.7,0.68,0.68
84768918483506,2025,Grzelcyk-Rinzel,CHI,pairing,5on5,14,3472.0,93.0,0.45,0.48,0.46,32.77,3.29,1.9,8.75,1.04,16.23,11.8,3.19,3.45,3.35,28.0,15.0,15.0,58.0,2.0,4.0,0.0,7.0,2.0,15.0,13.0,26.0,41.0,8.0,14.0,29.0,19.0,9.0,14.0,32.0,7.0,4.0,0.98,1.07,1.23,1.0,0.0,1.0,60.01,43.0,44.25,8.0,0.4,0.85,0.85,2.83,2.98,2.92,37.69,4.06,2.64,8.75,1.16,19.81,13.58,3.92,4.01,3.88,37.0,13.0,13.0,63.0,1.0,1.0,0.0,9.0,0.0,19.0,20.0,36.0,49.0,3.0,6.0,36.0,18.0,7.0,22.0,30.0,14.0,6.0,0.85,1.74,1.46,0.0,0.0,1.0,63.31,50.0,50.16,11.0,0.55,0.27,0.27,4.34,4.3,4.21
847467984757998476480,2025,Niederreiter-Namestnikov-Nyquist,WPG,line,5on5,7,2852.0,22.0,0.65,0.53,0.57,21.7,2.89,1.64,5.53,0.73,11.43,7.78,2.59,2.93,2.62,23.0,7.0,11.0,41.0,2.0,3.0,1.0,5.0,0.0,11.0,9.0,21.0,28.0,4.0,11.0,20.0,24.0,3.0,18.0,20.0,5.0,5.0,0.47,0.56,1.85,0.0,0.0,2.0,42.1,30.0,30.41,9.0,0.35,1.26,1.26,1.98,1.99,1.97,16.58,1.55,1.17,3.91,0.54,9.46,6.37,1.49,1.51,1.46,15.0,8.0,14.0,37.0,1.0,2.0,0.0,2.0,0.0,12.0,6.0,14.0,22.0,4.0,11.0,26.0,14.0,5.0,16.0,15.0,7.0,1.0,0.42,0.88,0.25,0.0,0.0,1.0,37.03,23.0,22.72,8.0,0.24,0.27,0.27,1.52,1.49,1.47
848205584834768485385,2025,O'Connor-Cootes-Lekkerimki,VAN,line,5on5,2,833.0,5.0,0.1,0.3,0.32,5.09,0.19,0.26,1.32,0.17,2.84,2.23,0.19,0.19,0.19,2.0,5.0,3.0,10.0,0.0,0.0,0.0,0.0,0.0,4.0,3.0,2.0,7.0,1.0,2.0,2.0,8.0,1.0,11.0,7.0,0.0,0.0,0.19,0.0,0.0,0.0,0.0,0.0,9.7,7.0,6.76,8.0,0.05,0.0,0.0,0.24,0.24,0.24,11.96,1.74,1.04,2.83,0.43,5.61,3.34,1.58,1.83,1.66,11.0,4.0,8.0,23.0,0.0,3.0,0.0,0.0,0.0,8.0,4.0,11.0,15.0,0.0,0.0,2.0,3.0,3.0,7.0,6.0,7.0,2.0,0.23,1.03,0.48,0.0,0.0,0.0,25.35,15.0,16.41,1.0,0.22,0.61,0.61,1.34,1.43,1.38
847688284774798483493,2025,Bertuzzi-Nazar-Teravainen,CHI,line,5on5,12,6586.0,27.0,0.42,0.5,0.48,51.76,4.43,3.36,14.47,1.81,27.38,19.56,4.29,4.55,4.42,44.0,27.0,32.0,103.0,5.0,4.0,0.0,5.0,0.0,34.0,23.0,39.0,66.0,6.0,15.0,59.0,30.0,12.0,34.0,51.0,16.0,4.0,1.3,2.02,1.11,2.0,3.0,0.0,104.26,71.0,71.95,15.0,0.7,1.06,1.06,4.07,4.19,4.09,57.42,6.18,3.99,14.92,1.91,28.88,21.11,5.93,6.01,5.76,52.0,25.0,25.0,102.0,3.0,10.0,1.0,11.0,0.0,23.0,30.0,49.0,74.0,12.0,27.0,75.0,50.0,5.0,33.0,52.0,16.0,9.0,1.89,2.17,2.12,0.0,2.0,1.0,100.36,77.0,75.89,19.0,0.84,1.76,1.76,5.26,5.12,5.01
847744684793708482103,2025,Jost-Mccarron-Wiesblatt,NSH,line,5on5,6,1963.0,37.0,0.38,0.55,0.5,11.76,0.84,0.77,2.54,0.36,7.23,5.26,0.82,0.83,0.81,7.0,10.0,7.0,24.0,0.0,0.0,0.0,5.0,0.0,7.0,5.0,7.0,17.0,4.0,8.0,24.0,21.0,5.0,7.0,12.0,5.0,0.0,0.29,0.55,0.0,0.0,0.0,0.0,24.03,17.0,17.13,4.0,0.16,0.0,0.0,1.0,0.99,0.96,13.11,1.4,0.84,3.24,0.41,6.22,4.89,1.12,1.48,1.18,11.0,6.0,3.0,20.0,1.0,2.0,1.0,1.0,0.0,8.0,5.0,10.0,16.0,1.0,2.0,14.0,13.0,3.0,12.0,11.0,3.0,3.0,0.23,0.31,0.86,0.0,0.0,1.0,20.73,17.0,17.7,8.0,0.18,0.58,0.58,1.0,1.04,0.98
84751678478178,2025,Hedman-Raddysh,TBL,pairing,5on5,9,1806.0,64.0,0.43,0.44,0.47,12.73,0.93,0.71,3.46,0.43,7.02,5.45,0.93,0.91,0.91,10.0,8.0,5.0,23.0,1.0,3.0,0.0,2.0,0.0,5.0,7.0,9.0,17.0,2.0,4.0,8.0,13.0,1.0,9.0,15.0,2.0,1.0,0.45,0.24,0.24,1.0,0.0,0.0,22.54,18.0,17.79,3.0,0.14,0.25,0.15,0.92,0.9,0.9,14.97,1.23,0.83,3.88,0.48,7.52,6.05,1.18,1.29,1.24,16.0,4.0,9.0,29.0,1.0,1.0,1.0,1.0,0.0,6.0,11.0,15.0,19.0,3.0,6.0,15.0,13.0,2.0,5.0,16.0,2.0,2.0,0.43,0.26,0.54,0.0,0.0,1.0,29.99,20.0,20.46,1.0,0.17,0.28,0.28,1.13,1.16,1.16
847645384774048478010,2025,Guentzel-Point-Kucherov,TBL,line,5on5,13,5133.0,55.0,0.44,0.47,0.47,43.09,3.28,2.71,10.35,1.37,24.46,17.85,3.26,3.23,3.22,40.0,20.0,19.0,79.0,5.0,1.0,0.0,12.0,0.0,24.0,18.0,35.0,55.0,6.0,17.0,40.0,10.0,4.0,28.0,44.0,15.0,1.0,1.23,1.79,0.26,2.0,3.0,0.0,79.16,60.0,60.6,11.0,0.55,0.26,0.26,3.57,3.54,3.52,49.53,4.2,3.09,12.34,1.54,26.96,19.87,4.01,4.32,4.13,48.0,20.0,22.0,90.0,6.0,6.0,2.0,10.0,0.0,17.0,29.0,42.0,62.0,7.0,17.0,42.0,21.0,9.0,21.0,51.0,12.0,5.0,1.36,1.45,1.39,2.0,1.0,3.0,90.59,68.0,68.36,7.0,0.64,1.35,1.35,3.49,3.58,3.54
847707084788318479293,2025,Tanev-Stenlund-O'Brien,UTA,line,5on5,6,2557.0,22.0,0.58,0.47,0.52,26.03,3.39,1.88,6.43,0.87,12.39,9.04,3.07,3.55,3.2,22.0,12.0,9.0,43.0,1.0,5.0,0.0,5.0,0.0,12.0,11.0,21.0,33.0,6.0,15.0,25.0,21.0,7.0,19.0,18.0,11.0,5.0,0.52,1.35,1.51,0.0,0.0,1.0,46.12,34.0,36.05,11.0,0.4,1.04,1.04,2.75,2.87,2.77,23.84,2.5,1.5,5.79,0.81,11.85,9.55,2.36,2.42,2.29,23.0,9.0,16.0,48.0,4.0,2.0,1.0,4.0,0.0,11.0,11.0,19.0,28.0,6.0,15.0,30.0,26.0,1.0,16.0,21.0,7.0,4.0,0.62,1.01,0.87,2.0,2.0,0.0,46.46,32.0,30.86,6.0,0.31,0.34,0.34,2.48,2.4,2.3
847844484784988480078,2025,Debrusk-Chytil-Boeser,VAN,line,5on5,4,1683.0,26.0,0.67,0.57,0.53,17.44,1.51,1.24,4.66,0.53,8.59,6.46,1.47,1.53,1.49,17.0,6.0,9.0,32.0,0.0,2.0,0.0,4.0,0.0,11.0,6.0,17.0,23.0,1.0,2.0,14.0,10.0,1.0,3.0,18.0,2.0,3.0,0.39,0.26,0.86,0.0,0.0,0.0,32.53,23.0,23.31,1.0,0.26,0.63,0.63,1.14,1.15,1.13,14.53,0.73,0.87,4.04,0.43,8.28,5.66,0.7,0.74,0.71,11.0,9.0,4.0,24.0,0.0,0.0,0.0,2.0,0.0,11.0,7.0,11.0,20.0,0.0,0.0,25.0,11.0,4.0,5.0,18.0,1.0,1.0,0.43,0.09,0.22,0.0,0.0,0.0,23.71,20.0,19.71,4.0,0.18,0.0,0.0,0.91,0.91,0.87
847517284764568480797,2025,Huberdeau-Kadri-Farabee,CGY,line,5on5,3,1850.0,4.0,0.85,0.78,0.82,23.45,2.09,1.48,6.5,0.77,12.24,8.92,2.05,1.99,1.95,21.0,11.0,15.0,47.0,0.0,4.0,0.0,2.0,0.0,17.0,9.0,21.0,32.0,2.0,4.0,25.0,10.0,3.0,8.0,25.0,4.0,3.0,0.72,0.56,0.81,0.0,0.0,0.0,44.35,32.0,30.57,2.0,0.31,0.71,0.71,1.69,1.63,1.62,5.37,0.38,0.34,1.21,0.16,2.86,2.06,0.38,0.39,0.39,5.0,2.0,6.0,13.0,0.0,0.0,0.0,2.0,0.0,1.0,4.0,5.0,7.0,3.0,6.0,18.0,7.0,5.0,9.0,5.0,2.0,0.0,0.14,0.23,0.0,0.0,0.0,0.0,13.97,7.0,7.48,4.0,0.07,0.0,0.0,0.45,0.46,0.46
84816068482095,2025,Kleven-Spence,OTT,pairing,5on5,6,4561.0,11.0,0.53,0.54,0.57,39.48,3.04,2.39,9.83,1.22,20.49,15.03,2.87,2.94,2.78,37.0,15.0,22.0,74.0,3.0,4.0,0.0,11.0,0.0,19.0,15.0,34.0,49.0,10.0,20.0,36.0,38.0,4.0,23.0,38.0,12.0,2.0,0.92,1.66,0.46,1.0,1.0,1.0,71.86,52.0,50.66,15.0,0.49,0.69,0.69,2.84,2.76,2.71,29.47,2.65,1.88,7.13,0.92,16.12,11.3,2.6,2.71,2.67,28.0,12.0,23.0,63.0,2.0,2.0,0.0,3.0,0.0,16.0,17.0,26.0,38.0,9.0,18.0,39.0,57.0,3.0,23.0,31.0,5.0,4.0,0.95,0.55,1.15,0.0,1.0,1.0,63.41,40.0,40.12,14.0,0.39,0.74,0.74,2.3,2.35,2.32
847742584808068482475,2025,Wood-Lundestrom-Chinakhov,CBJ,line,5on5,3,1686.0,10.0,0.55,0.59,0.57,15.68,0.99,0.94,4.14,0.53,8.41,6.0,0.99,1.01,1.01,13.0,8.0,12.0,33.0,2.0,1.0,0.0,7.0,0.0,5.0,6.0,11.0,19.0,1.0,2.0,14.0,9.0,1.0,10.0,17.0,4.0,0.0,0.38,0.61,0.0,0.0,2.0,0.0,34.49,21.0,21.5,5.0,0.19,0.03,0.03,1.16,1.18,1.17,11.08,0.82,0.72,2.61,0.36,6.89,4.6,0.82,0.8,0.79,11.0,5.0,7.0,23.0,0.0,0.0,0.0,3.0,0.0,6.0,7.0,11.0,16.0,0.0,0.0,11.0,16.0,3.0,8.0,12.0,4.0,0.0,0.36,0.46,0.0,0.0,0.0,0.0,22.11,16.0,15.72,5.0,0.14,0.0,0.0,0.96,0.94,0.93
847637484795918479705,2025,Viel-Kuraly-Eyssimont,BOS,line,5on5,4,607.0,37.0,0.32,0.47,0.57,5.71,0.22,0.32,1.4,0.23,3.21,2.62,0.22,0.23,0.22,3.0,5.0,0.0,8.0,0.0,1.0,0.0,2.0,0.0,1.0,4.0,3.0,8.0,1.0,2.0,5.0,6.0,1.0,3.0,7.0,1.0,0.0,0.12,0.1,0.0,0.0,0.0,0.0,8.66,8.0,8.63,1.0,0.07,0.01,0.01,0.28,0.29,0.28,3.96,0.47,0.33,1.11,0.17,2.29,1.64,0.47,0.43,0.43,4.0,2.0,3.0,9.0,0.0,1.0,0.0,0.0,0.0,3.0,2.0,4.0,6.0,0.0,0.0,9.0,6.0,4.0,4.0,3.0,2.0,1.0,0.03,0.19,0.25,0.0,0.0,0.0,8.26,6.0,5.55,2.0,0.07,0.01,0.01,0.53,0.49,0.48
84800358482511,2025,Lohrei-Jokiharju,BOS,pairing,5on5,11,722.0,95.0,0.17,0.28,0.32,5.27,0.27,0.32,1.18,0.15,2.81,2.27,0.27,0.28,0.28,3.0,4.0,1.0,8.0,1.0,0.0,0.0,0.0,0.0,2.0,4.0,2.0,6.0,0.0,0.0,0.0,4.0,1.0,1.0,6.0,1.0,0.0,0.17,0.11,0.0,0.0,1.0,0.0,7.78,7.0,6.97,1.0,0.07,0.0,0.0,0.34,0.34,0.34,11.78,1.36,0.75,2.96,0.38,5.49,4.06,1.27,1.32,1.23,9.0,6.0,6.0,21.0,0.0,2.0,0.0,3.0,0.0,6.0,4.0,9.0,15.0,0.0,0.0,0.0,2.0,1.0,1.0,9.0,4.0,2.0,0.29,0.51,0.56,0.0,0.0,0.0,20.43,15.0,14.45,0.0,0.16,0.56,0.56,0.96,0.93,0.91
84763128482470,2025,Solovyov-Manson,COL,pairing,5on5,6,653.0,41.0,0.75,0.57,0.65,8.32,0.88,0.52,2.4,0.3,4.07,2.82,0.83,0.91,0.86,9.0,2.0,1.0,12.0,1.0,2.0,1.0,2.0,0.0,2.0,4.0,8.0,10.0,1.0,2.0,4.0,2.0,2.0,4.0,7.0,3.0,1.0,0.2,0.42,0.26,0.0,0.0,1.0,12.83,11.0,11.71,3.0,0.11,0.45,0.45,0.55,0.57,0.57,4.32,0.29,0.21,1.25,0.15,2.32,1.77,0.29,0.27,0.27,5.0,1.0,3.0,9.0,0.0,0.0,0.0,2.0,0.0,3.0,1.0,5.0,6.0,1.0,2.0,2.0,9.0,2.0,2.0,5.0,0.0,1.0,0.09,0.0,0.2,0.0,0.0,0.0,8.82,6.0,5.8,1.0,0.04,0.0,0.0,0.34,0.31,0.31
84764298481014,2025,Romanov-Mayfield,NYI,pairing,5on5,9,1895.0,42.0,0.3,0.36,0.36,12.29,1.11,0.76,3.28,0.38,6.04,4.43,1.08,1.1,1.08,10.0,6.0,5.0,21.0,1.0,2.0,0.0,4.0,1.0,4.0,4.0,9.0,15.0,0.0,0.0,11.0,16.0,1.0,14.0,11.0,4.0,1.0,0.28,0.49,0.34,0.0,1.0,0.0,21.43,16.0,16.41,8.0,0.16,0.38,0.38,0.89,0.9,0.9,20.83,2.61,1.41,5.13,0.67,10.75,7.43,2.5,2.54,2.44,20.0,8.0,10.0,38.0,1.0,4.0,0.0,3.0,0.0,11.0,9.0,19.0,27.0,2.0,4.0,14.0,15.0,2.0,14.0,17.0,6.0,5.0,0.43,0.67,1.51,1.0,0.0,0.0,36.71,28.0,26.79,3.0,0.3,1.12,1.12,1.79,1.78,1.74
847418984763938480245,2025,Cousins-Eller-Lycksell,OTT,line,5on5,4,1292.0,16.0,0.72,0.54,0.57,9.12,0.65,0.47,2.71,0.31,4.45,3.4,0.62,0.64,0.61,9.0,3.0,9.0,21.0,1.0,1.0,0.0,2.0,0.0,5.0,3.0,8.0,11.0,0.0,0.0,10.0,5.0,3.0,7.0,8.0,4.0,0.0,0.16,0.5,0.0,0.0,1.0,0.0,20.22,12.0,11.64,2.0,0.1,0.14,0.14,0.61,0.6,0.58,6.41,0.25,0.38,1.64,0.2,3.8,2.73,0.25,0.25,0.25,7.0,2.0,9.0,18.0,0.0,0.0,0.0,1.0,0.0,4.0,4.0,7.0,9.0,4.0,8.0,10.0,12.0,4.0,3.0,9.0,0.0,0.0,0.25,0.0,0.0,0.0,0.0,0.0,18.08,9.0,8.84,3.0,0.07,0.0,0.0,0.32,0.32,0.32
847701584799968481721,2025,Gritsyuk-Glass-Brown,NJD,line,5on5,5,2273.0,14.0,0.56,0.67,0.61,24.96,1.56,1.49,5.96,0.79,14.67,10.53,1.53,1.64,1.61,25.0,10.0,13.0,48.0,2.0,1.0,0.0,9.0,0.0,12.0,11.0,23.0,33.0,5.0,10.0,16.0,9.0,1.0,9.0,29.0,6.0,0.0,0.81,0.75,0.0,1.0,1.0,0.0,51.14,35.0,36.86,3.0,0.31,0.13,0.13,1.73,1.81,1.79,16.08,1.2,0.96,4.33,0.53,8.55,6.43,1.18,1.16,1.14,15.0,7.0,2.0,24.0,0.0,2.0,0.0,3.0,1.0,5.0,11.0,15.0,22.0,1.0,2.0,24.0,20.0,0.0,13.0,18.0,2.0,2.0,0.46,0.27,0.47,0.0,0.0,0.0,22.99,22.0,21.22,7.0,0.2,0.27,0.27,1.13,1.1,1.09
847795384793658481617,2025,Kapanen-Frederic-Podkolzin,EDM,line,5on5,2,1089.0,3.0,0.5,0.5,0.58,8.54,0.94,0.65,2.23,0.24,4.01,2.93,0.9,1.01,0.97,5.0,6.0,6.0,17.0,1.0,1.0,0.0,0.0,0.0,2.0,7.0,4.0,10.0,2.0,4.0,7.0,10.0,1.0,6.0,7.0,2.0,2.0,0.25,0.25,0.44,0.0,1.0,0.0,17.9,11.0,11.62,1.0,0.14,0.23,0.23,0.85,0.91,0.89,6.35,0.94,0.51,1.36,0.17,2.82,2.2,0.94,0.89,0.89,5.0,3.0,9.0,17.0,0.0,0.0,0.0,1.0,0.0,4.0,3.0,5.0,8.0,0.0,0.0,8.0,11.0,0.0,3.0,4.0,2.0,2.0,0.15,0.27,0.51,0.0,0.0,0.0,16.22,8.0,7.73,3.0,0.11,0.0,0.0,1.05,0.99,0.99
84764578476467,2025,Oleksiak-Larsson,SEA,pairing,5on5,11,618.0,87.0,0.06,0.27,0.11,0.75,0.04,0.04,0.18,0.03,0.38,0.33,0.04,0.04,0.04,1.0,0.0,3.0,4.0,0.0,0.0,0.0,1.0,0.0,0.0,0.0,1.0,1.0,0.0,0.0,2.0,6.0,1.0,3.0,1.0,0.0,0.0,0.04,0.0,0.0,0.0,0.0,0.0,4.24,1.0,1.05,1.0,0.01,0.0,0.0,0.05,0.05,0.05,5.91,0.75,0.44,1.26,0.18,2.9,2.47,0.74,0.72,0.71,7.0,1.0,3.0,11.0,1.0,1.0,0.0,3.0,0.0,1.0,2.0,6.0,7.0,0.0,0.0,2.0,2.0,0.0,5.0,3.0,5.0,0.0,0.14,0.61,0.0,0.0,1.0,0.0,10.83,8.0,7.92,5.0,0.09,0.15,0.15,0.69,0.67,0.67
847646984764798482155,2025,Armia-Danault-Laferriere,LAK,line,5on5,3,600.0,33.0,0.34,0.53,0.55,4.34,0.12,0.21,1.38,0.17,2.31,1.81,0.12,0.11,0.11,4.0,2.0,3.0,9.0,0.0,0.0,0.0,1.0,0.0,4.0,1.0,4.0,6.0,1.0,2.0,8.0,6.0,0.0,5.0,6.0,0.0,0.0,0.12,0.0,0.0,0.0,0.0,0.0,8.27,6.0,5.57,1.0,0.04,0.0,0.0,0.16,0.15,0.14,3.37,0.23,0.26,0.76,0.14,2.09,1.53,0.23,0.24,0.24,3.0,2.0,3.0,8.0,0.0,0.0,0.0,0.0,0.0,2.0,3.0,3.0,5.0,0.0,0.0,5.0,1.0,1.0,4.0,5.0,0.0,0.0,0.23,0.0,0.0,0.0,0.0,0.0,8.4,5.0,5.22,2.0,0.05,0.0,0.0,0.28,0.3,0.3
84783998482684,2025,Hughes-Siegenthaler,NJD,pairing,5on5,9,906.0,58.0,0.36,0.43,0.44,2.94,0.2,0.18,0.66,0.08,1.58,1.29,0.2,0.21,0.21,3.0,1.0,2.0,6.0,0.0,0.0,0.0,0.0,0.0,0.0,4.0,3.0,4.0,3.0,6.0,7.0,5.0,2.0,6.0,3.0,1.0,0.0,0.07,0.14,0.0,0.0,0.0,0.0,6.17,4.0,4.19,5.0,0.04,0.0,0.0,0.24,0.25,0.25,3.84,0.36,0.21,1.2,0.14,1.79,1.3,0.36,0.38,0.38,4.0,1.0,3.0,8.0,0.0,0.0,0.0,1.0,0.0,4.0,0.0,4.0,5.0,1.0,2.0,5.0,7.0,0.0,2.0,3.0,1.0,1.0,0.05,0.1,0.21,0.0,0.0,0.0,8.45,5.0,5.15,1.0,0.04,0.0,0.0,0.41,0.43,0.42
84808398481524,2025,Dahlin-Byram,BUF,pairing,5on5,14,5481.0,71.0,0.47,0.57,0.53,53.8,4.7,3.48,14.36,1.87,29.56,21.03,4.36,4.62,4.29,51.0,24.0,34.0,109.0,3.0,6.0,0.0,12.0,0.0,27.0,27.0,48.0,72.0,10.0,20.0,45.0,31.0,5.0,22.0,60.0,11.0,4.0,1.78,1.44,1.48,1.0,1.0,1.0,105.31,75.0,72.08,13.0,0.72,1.2,1.23,4.19,4.11,3.81,48.77,5.32,3.25,11.78,1.65,25.04,18.97,5.02,5.45,5.15,48.0,18.0,17.0,83.0,6.0,7.0,0.0,12.0,0.0,23.0,18.0,42.0,60.0,9.0,18.0,45.0,33.0,4.0,29.0,43.0,17.0,6.0,1.24,2.37,1.71,2.0,4.0,0.0,84.98,66.0,67.94,13.0,0.68,1.67,1.67,4.33,4.44,4.33
847645584781098480835,2025,Landeskog-Drury-Olofsson,COL,line,5on5,9,2608.0,74.0,0.67,0.6,0.65,34.66,3.1,2.21,8.87,1.15,17.52,13.14,3.01,3.27,3.17,27.0,19.0,12.0,58.0,3.0,3.0,1.0,11.0,0.0,14.0,15.0,24.0,43.0,5.0,13.0,27.0,7.0,4.0,11.0,34.0,9.0,3.0,1.08,1.23,0.8,2.0,0.0,1.0,62.82,46.0,48.96,1.0,0.46,0.75,0.75,2.82,2.99,2.96,17.86,1.54,1.05,4.59,0.64,9.91,7.28,1.43,1.5,1.39,17.0,8.0,13.0,38.0,3.0,1.0,0.0,7.0,0.0,8.0,6.0,14.0,22.0,6.0,15.0,29.0,16.0,2.0,15.0,19.0,4.0,2.0,0.47,0.48,0.59,2.0,1.0,0.0,35.87,25.0,24.11,8.0,0.22,0.34,0.34,1.42,1.38,1.3
84789708482911,2025,Chatfield-Nystrom,CAR,pairing,5on5,6,2757.0,38.0,0.59,0.55,0.56,29.64,2.86,2.01,7.45,0.96,15.53,11.18,2.71,3.01,2.85,28.0,12.0,14.0,54.0,2.0,1.0,0.0,8.0,1.0,16.0,12.0,26.0,38.0,5.0,10.0,20.0,11.0,6.0,18.0,29.0,8.0,3.0,0.86,1.13,0.88,0.0,2.0,0.0,58.22,40.0,42.11,11.0,0.42,0.35,0.35,2.93,3.06,2.97,23.05,1.98,1.58,5.74,0.79,12.77,9.14,1.92,1.9,1.85,18.0,14.0,12.0,44.0,1.0,2.0,1.0,7.0,0.0,11.0,11.0,17.0,31.0,2.0,4.0,32.0,23.0,2.0,12.0,22.0,9.0,1.0,0.63,1.09,0.26,0.0,1.0,0.0,41.44,32.0,30.53,8.0,0.33,0.12,0.12,2.18,2.1,2.06
84808798481607,2025,Johansson-Bernard-Docker,DET,pairing,5on5,8,4493.0,26.0,0.66,0.59,0.58,51.43,5.51,3.57,12.82,1.82,27.58,18.7,5.3,5.54,5.33,44.0,26.0,30.0,100.0,6.0,8.0,1.0,5.0,0.0,28.0,23.0,38.0,64.0,3.0,6.0,39.0,27.0,3.0,22.0,46.0,17.0,7.0,1.44,2.29,1.78,2.0,2.0,2.0,99.11,70.0,70.2,9.0,0.75,1.27,1.27,4.99,5.02,4.91,35.4,2.89,2.27,8.64,1.19,20.43,14.58,2.84,2.91,2.85,34.0,16.0,19.0,69.0,3.0,3.0,0.0,14.0,0.0,15.0,15.0,31.0,47.0,5.0,10.0,29.0,40.0,3.0,29.0,37.0,12.0,1.0,1.09,1.43,0.38,0.0,3.0,0.0,68.61,50.0,49.47,17.0,0.47,0.63,0.63,2.74,2.73,2.69
84741518478416,2025,Mcdonagh-Cernak,TBL,pairing,5on5,15,10868.0,23.0,0.58,0.49,0.52,85.4,8.71,5.97,21.23,2.97,45.79,33.33,8.29,8.74,8.31,64.0,54.0,44.0,162.0,7.0,9.0,1.0,17.0,0.0,44.0,41.0,57.0,111.0,17.0,39.0,104.0,71.0,14.0,56.0,85.0,20.0,13.0,2.27,2.48,3.95,2.0,2.0,3.0,161.99,118.0,118.24,19.0,1.24,2.69,2.7,7.25,7.26,6.92,79.79,6.37,5.0,20.23,2.54,44.5,32.36,6.22,6.37,6.22,76.0,35.0,60.0,171.0,10.0,5.0,1.0,20.0,1.0,26.0,49.0,66.0,101.0,7.0,17.0,119.0,71.0,12.0,52.0,83.0,24.0,4.0,2.49,2.88,1.0,5.0,5.0,0.0,168.62,111.0,109.63,25.0,1.03,0.77,0.77,6.63,6.61,6.5
847572684826678484801,2025,Eklund-Celebrini-Toffoli,SJS,line,5on5,5,808.0,46.0,0.21,0.16,0.2,3.57,0.18,0.18,0.91,0.11,2.11,1.51,0.18,0.17,0.17,2.0,3.0,0.0,5.0,1.0,0.0,0.0,0.0,0.0,1.0,3.0,1.0,4.0,2.0,4.0,5.0,4.0,4.0,4.0,5.0,0.0,0.0,0.18,0.0,0.0,1.0,0.0,0.0,4.78,5.0,4.81,1.0,0.04,0.0,0.0,0.22,0.21,0.21,14.56,0.71,0.78,3.97,0.48,7.96,6.1,0.69,0.77,0.74,13.0,7.0,6.0,26.0,1.0,1.0,0.0,7.0,0.0,5.0,6.0,12.0,19.0,2.0,4.0,12.0,2.0,0.0,2.0,19.0,1.0,0.0,0.6,0.11,0.0,1.0,0.0,0.0,28.04,20.0,21.34,0.0,0.16,0.03,0.03,0.84,0.91,0.88
847810984795258480835,2025,Olofsson-Drury-Colton,COL,line,5on5,11,3949.0,39.0,0.65,0.64,0.65,50.24,4.11,3.14,14.22,1.72,27.38,19.43,3.96,4.25,4.09,48.0,22.0,31.0,101.0,2.0,4.0,0.0,7.0,0.0,36.0,21.0,46.0,68.0,5.0,13.0,40.0,21.0,7.0,17.0,52.0,14.0,4.0,1.37,1.79,0.95,0.0,2.0,0.0,105.01,70.0,72.86,6.0,0.65,0.66,0.66,4.11,4.27,4.14,27.73,2.25,1.68,8.09,0.99,14.61,10.38,2.2,2.18,2.13,21.0,17.0,18.0,56.0,2.0,5.0,1.0,6.0,0.0,13.0,12.0,19.0,36.0,5.0,13.0,32.0,27.0,6.0,32.0,30.0,5.0,3.0,0.67,0.72,0.85,1.0,0.0,1.0,54.11,38.0,36.83,19.0,0.35,0.71,0.71,1.88,1.85,1.84
847931884815828482259,2025,Robertson-Matthews-Mcmann,TOR,line,5on5,4,1367.0,42.0,0.54,0.59,0.56,12.95,1.3,0.73,3.38,0.45,6.72,5.41,1.26,1.28,1.23,11.0,7.0,8.0,26.0,0.0,4.0,0.0,4.0,0.0,5.0,5.0,11.0,18.0,4.0,11.0,14.0,11.0,2.0,6.0,14.0,1.0,3.0,0.36,0.09,0.86,0.0,0.0,0.0,24.77,18.0,17.39,3.0,0.15,1.16,0.86,0.59,0.58,0.56,11.04,1.11,0.84,2.27,0.29,5.33,4.16,1.1,1.16,1.15,7.0,7.0,4.0,18.0,0.0,1.0,0.0,2.0,0.0,5.0,6.0,7.0,14.0,3.0,9.0,11.0,7.0,4.0,9.0,9.0,4.0,1.0,0.35,0.53,0.23,0.0,0.0,0.0,18.44,14.0,14.43,4.0,0.17,0.23,0.23,1.06,1.1,1.09
847351284815968482092,2025,Greig-Pinto-Giroux,OTT,line,5on5,7,1772.0,37.0,0.46,0.51,0.43,15.55,1.46,0.96,3.41,0.44,7.34,6.38,1.44,1.46,1.44,15.0,5.0,11.0,31.0,3.0,0.0,0.0,0.0,0.0,7.0,10.0,12.0,17.0,7.0,14.0,21.0,5.0,4.0,11.0,11.0,8.0,1.0,0.21,1.03,0.22,1.0,2.0,0.0,30.31,20.0,19.65,7.0,0.2,0.0,0.0,1.66,1.66,1.64,18.91,1.73,1.25,4.5,0.64,10.32,7.56,1.68,1.74,1.69,16.0,10.0,4.0,30.0,2.0,2.0,0.0,2.0,0.0,11.0,9.0,14.0,24.0,2.0,4.0,12.0,13.0,2.0,9.0,17.0,8.0,1.0,0.58,0.86,0.3,0.0,2.0,0.0,30.68,26.0,26.46,3.0,0.26,0.41,0.41,1.58,1.59,1.56
84774958484304,2025,Balinskis-Jones,FLA,pairing,5on5,7,621.0,46.0,0.51,0.57,0.58,7.38,0.76,0.52,1.81,0.33,4.24,3.34,0.72,0.75,0.71,5.0,6.0,2.0,13.0,0.0,2.0,0.0,1.0,0.0,5.0,3.0,5.0,11.0,0.0,0.0,3.0,5.0,0.0,2.0,6.0,5.0,0.0,0.19,0.57,0.0,0.0,0.0,0.0,12.33,11.0,10.66,0.0,0.11,0.13,0.13,0.74,0.73,0.7,6.0,0.72,0.42,1.66,0.22,3.03,1.94,0.63,0.74,0.65,4.0,4.0,2.0,10.0,0.0,2.0,0.0,0.0,0.0,2.0,4.0,4.0,8.0,0.0,0.0,5.0,10.0,0.0,2.0,4.0,3.0,1.0,0.1,0.41,0.21,0.0,0.0,0.0,10.89,8.0,8.24,1.0,0.09,0.39,0.39,0.41,0.43,0.4
84784608478500,2025,Werenski-Provorov,CBJ,pairing,5on5,13,965.0,94.0,0.57,0.64,0.6,13.76,1.2,0.8,3.04,0.43,6.66,5.87,1.17,1.24,1.2,10.0,8.0,10.0,28.0,2.0,2.0,0.0,1.0,0.0,7.0,6.0,8.0,16.0,4.0,8.0,4.0,3.0,2.0,3.0,13.0,4.0,1.0,0.33,0.51,0.37,1.0,1.0,0.0,28.8,18.0,17.85,2.0,0.17,0.59,0.37,1.0,1.02,1.0,9.15,0.89,0.66,2.2,0.29,4.58,3.38,0.89,0.84,0.84,10.0,2.0,4.0,16.0,0.0,0.0,0.0,5.0,0.0,1.0,6.0,10.0,12.0,2.0,4.0,4.0,7.0,0.0,3.0,9.0,2.0,1.0,0.32,0.29,0.28,0.0,0.0,0.0,15.61,12.0,11.75,3.0,0.14,0.0,0.0,1.03,0.98,0.98
847584884769818478133,2025,Anderson-Evans-Gallagher,MTL,line,5on5,10,4107.0,35.0,0.4,0.49,0.46,36.19,2.88,2.13,9.02,1.23,19.92,14.83,2.67,2.9,2.69,36.0,14.0,21.0,71.0,2.0,6.0,0.0,7.0,0.0,20.0,15.0,34.0,48.0,3.0,6.0,37.0,24.0,4.0,19.0,41.0,5.0,4.0,1.16,0.58,1.14,1.0,0.0,1.0,73.04,50.0,51.43,10.0,0.43,1.04,1.04,2.27,2.3,2.24,42.45,4.39,2.78,11.28,1.47,22.36,15.72,4.07,4.32,4.0,37.0,21.0,17.0,75.0,2.0,9.0,0.0,5.0,0.0,23.0,19.0,35.0,56.0,1.0,2.0,34.0,28.0,7.0,16.0,42.0,10.0,6.0,1.25,1.26,1.88,1.0,1.0,0.0,72.62,58.0,56.3,9.0,0.58,1.97,1.97,3.01,2.95,2.86
847517084774028483516,2025,Buchnevich-Schenn-Snuggerud,STL,line,5on5,3,1453.0,7.0,0.18,0.4,0.41,8.99,0.64,0.58,2.16,0.29,5.59,3.75,0.64,0.63,0.62,7.0,6.0,7.0,20.0,0.0,0.0,0.0,1.0,0.0,4.0,8.0,7.0,13.0,1.0,5.0,8.0,6.0,0.0,8.0,9.0,4.0,0.0,0.17,0.47,0.0,0.0,0.0,0.0,19.46,13.0,12.96,2.0,0.12,0.0,0.0,0.76,0.74,0.73,14.78,2.84,1.06,3.57,0.59,6.49,4.46,2.31,2.78,2.27,15.0,4.0,11.0,30.0,2.0,5.0,1.0,2.0,0.0,4.0,6.0,13.0,17.0,1.0,5.0,14.0,6.0,1.0,7.0,11.0,3.0,5.0,0.36,0.55,1.94,1.0,0.0,1.0,30.51,19.0,19.26,1.0,0.22,1.75,1.75,1.32,1.36,1.32
847744484816248484144,2025,Burakovsky-Bedard-Mikheyev,CHI,line,5on5,2,634.0,7.0,0.31,0.2,0.24,3.0,0.36,0.18,0.69,0.08,1.48,1.21,0.36,0.35,0.35,3.0,1.0,1.0,5.0,1.0,0.0,0.0,0.0,0.0,1.0,2.0,2.0,3.0,1.0,2.0,4.0,2.0,2.0,1.0,2.0,1.0,1.0,0.04,0.1,0.21,0.0,0.0,1.0,4.8,4.0,3.84,1.0,0.04,0.0,0.0,0.4,0.39,0.39,9.19,0.79,0.6,2.17,0.29,5.4,3.75,0.79,0.79,0.79,7.0,6.0,7.0,20.0,0.0,0.0,0.0,4.0,0.0,6.0,3.0,7.0,13.0,1.0,2.0,6.0,1.0,1.0,5.0,9.0,4.0,0.0,0.24,0.55,0.0,0.0,0.0,0.0,20.2,13.0,13.04,2.0,0.12,0.0,0.0,0.92,0.92,0.91
84763728477948,2025,Sanheim-Seeler,PHI,pairing,5on5,12,3377.0,54.0,0.37,0.37,0.42,20.93,2.05,1.5,5.18,0.79,11.57,8.91,2.02,2.08,2.05,18.0,12.0,8.0,38.0,1.0,2.0,0.0,5.0,0.0,13.0,9.0,17.0,29.0,5.0,13.0,37.0,29.0,2.0,22.0,18.0,11.0,1.0,0.52,1.32,0.21,0.0,1.0,0.0,38.18,30.0,30.18,13.0,0.31,0.11,0.11,2.25,2.29,2.26,31.01,3.46,2.2,7.62,1.13,15.67,11.91,3.15,3.41,3.1,28.0,14.0,22.0,64.0,4.0,5.0,0.0,6.0,0.0,14.0,13.0,24.0,38.0,3.0,9.0,28.0,23.0,2.0,20.0,26.0,11.0,5.0,0.63,1.39,1.45,3.0,1.0,0.0,63.74,42.0,41.68,8.0,0.46,1.04,1.04,2.89,2.85,2.76
848002384820778482089,2025,Neighbours-Thomas-Holloway,STL,line,5on5,2,976.0,6.0,0.42,0.41,0.4,7.3,0.63,0.45,1.69,0.23,4.23,2.76,0.63,0.62,0.62,4.0,6.0,1.0,11.0,0.0,0.0,0.0,0.0,0.0,3.0,7.0,4.0,10.0,0.0,0.0,10.0,5.0,1.0,5.0,8.0,2.0,0.0,0.3,0.33,0.0,0.0,0.0,0.0,11.19,10.0,10.11,2.0,0.1,0.0,0.0,0.73,0.71,0.71,10.54,0.87,0.71,3.08,0.38,5.73,4.23,0.87,0.89,0.88,13.0,2.0,1.0,16.0,1.0,0.0,0.0,4.0,0.0,6.0,4.0,12.0,14.0,0.0,0.0,5.0,7.0,1.0,4.0,11.0,4.0,0.0,0.33,0.55,0.0,1.0,0.0,0.0,15.73,15.0,14.79,3.0,0.15,0.0,0.0,1.02,1.04,1.03
847531484764198477407,2025,Duclair-Pageau-Lee,NYI,line,5on5,1,643.0,2.0,0.74,0.33,0.5,3.19,0.25,0.2,0.73,0.11,1.58,1.14,0.25,0.28,0.28,2.0,2.0,1.0,5.0,1.0,0.0,0.0,0.0,1.0,0.0,2.0,1.0,3.0,0.0,0.0,10.0,5.0,1.0,3.0,3.0,1.0,0.0,0.13,0.12,0.0,1.0,0.0,0.0,5.84,4.0,4.57,1.0,0.04,0.0,0.0,0.29,0.33,0.33,2.7,0.09,0.17,0.7,0.09,1.77,1.19,0.08,0.08,0.07,3.0,1.0,6.0,10.0,0.0,0.0,0.0,0.0,0.0,2.0,2.0,3.0,4.0,0.0,0.0,5.0,4.0,2.0,6.0,4.0,0.0,0.0,0.09,0.0,0.0,0.0,0.0,0.0,8.63,4.0,3.53,4.0,0.03,0.0,0.0,0.12,0.1,0.1
847519184764388476448,2025,Saad-Karlsson-Smith,VGK,line,5on5,7,2682.0,30.0,0.4,0.49,0.44,21.17,1.69,1.29,5.13,0.67,10.87,8.34,1.66,1.64,1.6,21.0,7.0,20.0,48.0,0.0,1.0,0.0,6.0,0.0,10.0,11.0,21.0,28.0,1.0,2.0,19.0,9.0,1.0,9.0,20.0,7.0,1.0,0.49,0.9,0.31,0.0,0.0,0.0,47.42,28.0,27.34,3.0,0.27,0.31,0.31,1.66,1.62,1.6,26.65,2.5,1.76,6.52,0.84,14.41,9.97,2.48,2.59,2.56,22.0,14.0,13.0,49.0,2.0,2.0,1.0,8.0,0.0,12.0,12.0,20.0,34.0,0.0,0.0,25.0,17.0,3.0,15.0,27.0,6.0,3.0,0.65,0.85,1.0,1.0,0.0,1.0,49.79,36.0,36.55,6.0,0.36,0.78,0.78,2.08,2.1,2.09
847682284810328483531,2025,Halonen-Glendening-Cotter,NJD,line,5on5,9,2081.0,67.0,0.27,0.32,0.4,12.74,0.8,0.82,3.69,0.48,6.56,4.65,0.79,0.78,0.77,14.0,3.0,4.0,21.0,0.0,1.0,0.0,4.0,0.0,6.0,6.0,14.0,17.0,2.0,7.0,23.0,29.0,2.0,15.0,15.0,2.0,0.0,0.43,0.37,0.0,0.0,0.0,0.0,21.52,17.0,17.39,7.0,0.17,0.05,0.05,0.93,0.91,0.91,19.66,2.16,1.28,4.03,0.57,10.31,7.65,2.11,2.16,2.12,16.0,10.0,19.0,45.0,2.0,2.0,0.0,4.0,0.0,11.0,7.0,14.0,24.0,1.0,5.0,17.0,16.0,4.0,9.0,17.0,4.0,5.0,0.48,0.43,1.24,1.0,0.0,1.0,44.93,26.0,25.64,6.0,0.27,0.6,0.6,1.82,1.81,1.78
84751818475906,2025,Leddy-Klingberg,SJS,pairing,5on5,2,1609.0,3.0,0.14,0.26,0.24,7.95,0.41,0.43,2.4,0.28,3.85,2.62,0.4,0.41,0.4,6.0,4.0,4.0,14.0,1.0,0.0,0.0,1.0,0.0,3.0,5.0,5.0,9.0,2.0,4.0,16.0,8.0,2.0,11.0,9.0,0.0,1.0,0.2,0.0,0.21,0.0,0.0,1.0,14.18,10.0,10.13,8.0,0.09,0.0,0.0,0.5,0.49,0.49,23.41,2.56,1.69,5.84,0.91,12.15,8.86,2.29,2.59,2.32,23.0,9.0,8.0,40.0,3.0,5.0,0.0,5.0,0.0,10.0,9.0,20.0,29.0,2.0,4.0,16.0,10.0,1.0,13.0,21.0,8.0,3.0,0.5,1.32,0.73,1.0,1.0,1.0,39.39,32.0,31.42,6.0,0.35,1.08,1.08,1.83,1.86,1.83
847804284796618483489,2025,Jeannot-Minten-Arvidsson,BOS,line,5on5,7,891.0,66.0,0.2,0.43,0.41,6.53,0.2,0.31,1.97,0.23,3.6,2.69,0.2,0.2,0.2,7.0,2.0,7.0,16.0,1.0,0.0,0.0,2.0,0.0,6.0,0.0,6.0,8.0,2.0,4.0,13.0,12.0,0.0,3.0,9.0,0.0,0.0,0.2,0.0,0.0,1.0,0.0,0.0,14.94,9.0,8.69,1.0,0.06,0.0,0.0,0.27,0.26,0.26,9.7,0.79,0.66,2.55,0.33,5.08,3.59,0.75,0.8,0.76,8.0,5.0,8.0,21.0,0.0,2.0,0.0,2.0,0.0,8.0,1.0,8.0,13.0,1.0,2.0,12.0,7.0,1.0,3.0,10.0,2.0,1.0,0.27,0.28,0.24,0.0,0.0,0.0,21.85,13.0,13.6,3.0,0.14,0.42,0.42,0.5,0.51,0.49
847353384769218482093,2025,Martinook-Staal-Jarvis,CAR,line,5on5,3,710.0,21.0,0.49,0.62,0.56,6.76,0.58,0.44,1.78,0.21,3.42,2.57,0.56,0.62,0.6,6.0,3.0,4.0,13.0,0.0,0.0,0.0,1.0,0.0,5.0,3.0,6.0,9.0,0.0,0.0,13.0,6.0,0.0,0.0,6.0,3.0,0.0,0.17,0.41,0.0,0.0,0.0,0.0,14.0,9.0,9.68,0.0,0.1,0.0,0.0,0.68,0.72,0.7,5.21,0.61,0.35,1.27,0.18,2.75,1.84,0.56,0.56,0.52,3.0,4.0,1.0,8.0,1.0,1.0,1.0,0.0,0.0,4.0,1.0,2.0,6.0,2.0,4.0,7.0,7.0,1.0,1.0,3.0,4.0,0.0,0.08,0.53,0.0,0.0,1.0,0.0,7.19,7.0,6.33,1.0,0.07,0.09,0.09,0.59,0.54,0.52
847121484779478478440,2025,Milano-Strome-Ovechkin,WSH,line,5on5,4,708.0,40.0,0.69,0.58,0.53,6.47,0.73,0.42,2.0,0.26,3.31,2.27,0.72,0.76,0.74,6.0,3.0,5.0,14.0,0.0,0.0,0.0,2.0,0.0,4.0,3.0,6.0,9.0,0.0,0.0,7.0,4.0,0.0,7.0,6.0,3.0,0.0,0.31,0.42,0.0,0.0,0.0,0.0,14.15,9.0,9.04,3.0,0.09,0.0,0.0,0.82,0.85,0.84,5.9,0.33,0.37,1.57,0.2,3.24,2.28,0.33,0.32,0.32,5.0,3.0,2.0,10.0,0.0,1.0,0.0,3.0,0.0,2.0,2.0,5.0,8.0,0.0,0.0,6.0,5.0,1.0,4.0,6.0,2.0,0.0,0.14,0.19,0.0,0.0,0.0,0.0,9.46,8.0,7.64,3.0,0.07,0.03,0.03,0.38,0.36,0.36
84815688483506,2025,Vlasic-Rinzel,CHI,pairing,5on5,14,7078.0,22.0,0.39,0.44,0.43,51.96,3.73,3.05,13.13,1.7,29.24,21.14,3.62,3.85,3.74,38.0,34.0,33.0,105.0,3.0,4.0,1.0,9.0,0.0,29.0,27.0,35.0,69.0,11.0,25.0,45.0,44.0,14.0,38.0,54.0,16.0,2.0,1.32,1.87,0.53,1.0,1.0,1.0,107.58,72.0,73.64,17.0,0.62,0.71,0.55,3.79,3.86,3.82,70.05,5.89,4.26,17.24,2.27,38.32,29.01,5.76,5.74,5.6,64.0,33.0,34.0,131.0,6.0,7.0,0.0,14.0,0.0,34.0,36.0,58.0,91.0,8.0,19.0,61.0,40.0,6.0,39.0,71.0,21.0,5.0,1.89,2.55,1.46,5.0,1.0,0.0,127.55,97.0,94.75,18.0,0.88,1.41,1.41,5.36,5.19,5.14
84769028481581,2025,Lindell-Harley,DAL,pairing,5on5,15,1737.0,103.0,0.48,0.49,0.42,10.56,1.03,0.69,2.08,0.29,5.57,4.34,1.03,1.06,1.06,11.0,3.0,9.0,23.0,1.0,0.0,0.0,2.0,0.0,5.0,6.0,10.0,13.0,1.0,2.0,5.0,7.0,2.0,8.0,8.0,6.0,0.0,0.39,0.64,0.0,0.0,1.0,0.0,22.91,14.0,14.25,5.0,0.14,0.0,0.0,1.17,1.21,1.2,13.67,1.14,0.76,3.3,0.48,7.27,6.05,1.13,1.13,1.13,11.0,8.0,5.0,24.0,0.0,1.0,0.0,2.0,0.0,9.0,7.0,11.0,19.0,0.0,0.0,2.0,14.0,2.0,13.0,15.0,3.0,1.0,0.55,0.36,0.23,0.0,0.0,0.0,24.21,19.0,19.14,4.0,0.15,0.03,0.03,1.26,1.25,1.25
847516684779398482259,2025,Mcmann-Tavares-Nylander,TOR,line,5on5,4,1221.0,30.0,0.4,0.4,0.39,9.3,0.73,0.61,2.29,0.33,5.33,3.71,0.72,0.7,0.7,10.0,3.0,4.0,17.0,1.0,0.0,0.0,4.0,0.0,4.0,4.0,9.0,12.0,2.0,4.0,9.0,11.0,1.0,3.0,10.0,2.0,1.0,0.27,0.24,0.22,0.0,1.0,0.0,17.04,13.0,12.81,1.0,0.13,0.0,0.0,0.86,0.83,0.82,12.93,1.11,0.93,3.06,0.51,8.55,5.84,1.07,1.04,1.01,10.0,10.0,5.0,25.0,0.0,1.0,0.0,1.0,0.0,10.0,8.0,10.0,20.0,0.0,0.0,9.0,7.0,2.0,7.0,15.0,5.0,0.0,0.59,0.52,0.0,0.0,0.0,0.0,23.55,20.0,18.81,1.0,0.19,0.08,0.08,1.22,1.15,1.11
84789708482100,2025,Nikishin-Chatfield,CAR,pairing,5on5,12,2956.0,57.0,0.33,0.44,0.38,22.63,1.76,1.46,6.21,0.72,11.19,8.65,1.72,1.84,1.8,20.0,10.0,22.0,52.0,2.0,3.0,0.0,5.0,0.0,9.0,11.0,18.0,28.0,4.0,8.0,23.0,19.0,6.0,11.0,23.0,6.0,1.0,0.71,0.85,0.21,0.0,1.0,1.0,53.98,30.0,31.18,7.0,0.31,0.32,0.32,1.75,1.84,1.81,37.1,3.58,2.34,9.36,1.23,19.15,14.33,3.3,3.64,3.35,31.0,19.0,17.0,67.0,1.0,5.0,0.0,6.0,0.0,18.0,20.0,30.0,49.0,3.0,6.0,25.0,18.0,5.0,14.0,36.0,10.0,4.0,1.0,1.18,1.39,0.0,1.0,0.0,67.33,50.0,50.31,7.0,0.49,1.2,1.2,2.87,2.91,2.81
847646884778398482157,2025,Sheary-Miller-Cuylle,NYR,line,5on5,9,3210.0,72.0,0.55,0.52,0.43,22.69,2.77,1.51,5.79,0.79,11.09,8.07,2.5,2.69,2.43,15.0,15.0,24.0,54.0,0.0,5.0,0.0,4.0,0.0,11.0,10.0,15.0,30.0,4.0,8.0,36.0,25.0,3.0,15.0,19.0,8.0,3.0,0.64,1.17,0.95,0.0,0.0,0.0,54.26,30.0,29.77,9.0,0.32,1.23,1.26,1.83,1.78,1.69,29.56,2.3,1.84,7.88,0.9,14.85,11.24,2.16,2.39,2.23,24.0,15.0,10.0,49.0,2.0,2.0,0.0,6.0,0.0,9.0,20.0,22.0,37.0,4.0,8.0,22.0,15.0,7.0,17.0,31.0,6.0,2.0,0.92,0.72,0.67,1.0,1.0,0.0,50.31,39.0,39.9,9.0,0.38,0.67,0.67,2.02,2.05,2.01
847742984774568481013,2025,Copp-Compher-Berggren,DET,line,5on5,6,3293.0,15.0,0.37,0.44,0.39,18.9,1.7,1.03,5.21,0.69,9.77,7.6,1.57,1.8,1.67,15.0,11.0,18.0,44.0,1.0,3.0,0.0,6.0,0.0,6.0,10.0,14.0,25.0,3.0,6.0,33.0,11.0,1.0,21.0,20.0,2.0,4.0,0.33,0.24,1.13,1.0,0.0,0.0,45.3,26.0,26.65,11.0,0.21,0.6,0.6,1.31,1.4,1.39,29.38,2.91,2.08,7.66,0.97,15.36,11.02,2.77,2.83,2.69,22.0,18.0,17.0,57.0,1.0,4.0,0.0,6.0,0.0,19.0,10.0,21.0,39.0,5.0,10.0,24.0,27.0,2.0,17.0,30.0,6.0,4.0,0.93,0.77,1.21,1.0,0.0,0.0,56.01,40.0,39.57,10.0,0.44,1.01,1.01,2.35,2.28,2.24
847415084763998482679,2025,Coleman-Backlund-Coronato,CGY,line,5on5,4,1400.0,20.0,0.43,0.53,0.48,11.46,0.55,0.51,3.26,0.39,5.71,4.58,0.55,0.52,0.52,12.0,3.0,10.0,25.0,0.0,0.0,0.0,4.0,0.0,3.0,8.0,12.0,15.0,1.0,2.0,6.0,7.0,2.0,9.0,14.0,1.0,0.0,0.39,0.16,0.0,0.0,0.0,0.0,23.75,15.0,14.41,4.0,0.11,0.0,0.0,0.65,0.62,0.62,11.63,0.72,0.76,2.84,0.33,6.71,4.64,0.7,0.76,0.74,13.0,3.0,6.0,22.0,0.0,0.0,0.0,3.0,0.0,5.0,8.0,13.0,16.0,2.0,4.0,19.0,4.0,1.0,8.0,14.0,2.0,0.0,0.47,0.25,0.0,0.0,0.0,0.0,23.13,16.0,16.63,2.0,0.16,0.0,0.0,0.88,0.92,0.9
847646984779428482124,2025,Fiala-Byfield-Armia,LAK,line,5on5,9,3035.0,47.0,0.47,0.51,0.52,27.79,2.27,1.83,6.75,0.93,15.6,11.63,2.22,2.23,2.18,29.0,10.0,12.0,51.0,2.0,3.0,1.0,4.0,0.0,14.0,16.0,27.0,37.0,5.0,10.0,19.0,18.0,9.0,16.0,30.0,8.0,1.0,0.89,1.13,0.25,1.0,1.0,0.0,50.12,39.0,38.45,8.0,0.37,0.32,0.32,2.33,2.3,2.27,26.07,2.51,1.83,6.37,0.89,14.47,9.93,2.44,2.57,2.49,24.0,12.0,14.0,50.0,1.0,4.0,0.0,5.0,0.0,10.0,16.0,23.0,35.0,3.0,6.0,30.0,17.0,6.0,12.0,23.0,10.0,3.0,0.62,1.16,0.73,0.0,1.0,0.0,51.65,36.0,36.86,7.0,0.38,0.64,0.64,2.25,2.3,2.27
847578484775058482667,2025,Skinner-Wennberg-Eklund,SJS,line,5on5,3,1895.0,6.0,0.45,0.51,0.5,14.13,0.76,0.95,3.47,0.42,8.27,6.12,0.72,0.77,0.74,15.0,5.0,11.0,31.0,0.0,0.0,0.0,3.0,0.0,9.0,8.0,15.0,20.0,2.0,4.0,15.0,6.0,1.0,12.0,18.0,2.0,0.0,0.5,0.26,0.0,0.0,0.0,0.0,31.44,20.0,20.0,5.0,0.19,0.0,0.0,0.95,0.97,0.93,14.98,0.93,0.91,3.58,0.43,8.17,5.99,0.93,0.89,0.88,12.0,8.0,10.0,30.0,2.0,0.0,0.0,1.0,0.0,5.0,12.0,10.0,18.0,4.0,8.0,9.0,8.0,1.0,12.0,18.0,2.0,0.0,0.71,0.22,0.0,2.0,0.0,0.0,29.06,20.0,19.39,7.0,0.19,0.0,0.0,1.12,1.07,1.06
84740138484386,2025,Simashev-Cole,UTA,pairing,5on5,13,2285.0,99.0,0.61,0.48,0.55,18.19,1.7,1.33,4.79,0.7,9.05,6.42,1.4,1.81,1.48,19.0,5.0,8.0,32.0,2.0,3.0,0.0,4.0,0.0,7.0,8.0,17.0,22.0,4.0,8.0,7.0,16.0,3.0,11.0,17.0,6.0,1.0,0.48,0.84,0.38,1.0,1.0,0.0,33.31,24.0,25.26,6.0,0.28,0.65,0.65,1.33,1.4,1.3,14.14,1.1,0.88,3.61,0.51,7.84,6.06,1.1,1.09,1.08,14.0,6.0,15.0,35.0,1.0,0.0,0.0,5.0,0.0,6.0,8.0,13.0,19.0,2.0,4.0,19.0,23.0,5.0,10.0,16.0,4.0,0.0,0.5,0.6,0.0,1.0,0.0,0.0,35.02,20.0,19.84,4.0,0.18,0.0,0.0,1.28,1.27,1.26
847515184774948484221,2025,Drouin-Ritchie-Palmieri,NYI,line,5on5,4,1937.0,12.0,0.49,0.52,0.54,15.23,1.23,1.0,3.79,0.44,7.91,5.63,1.15,1.19,1.12,15.0,5.0,9.0,29.0,0.0,2.0,0.0,4.0,0.0,8.0,6.0,15.0,20.0,0.0,0.0,13.0,6.0,0.0,11.0,16.0,2.0,2.0,0.53,0.24,0.46,0.0,0.0,0.0,28.45,20.0,19.32,4.0,0.21,0.46,0.46,0.97,0.94,0.9,12.36,1.26,0.71,3.11,0.46,6.22,5.23,1.2,1.32,1.26,10.0,7.0,10.0,27.0,0.0,3.0,0.0,3.0,0.0,7.0,4.0,10.0,17.0,3.0,6.0,23.0,15.0,0.0,9.0,11.0,4.0,2.0,0.32,0.41,0.54,0.0,0.0,0.0,28.56,17.0,17.68,4.0,0.15,0.56,0.56,0.84,0.9,0.89
84768758480865,2025,Matheson-Dobson,MTL,pairing,5on5,15,12779.0,18.0,0.53,0.48,0.49,95.6,9.29,6.31,23.16,3.18,49.58,37.49,8.78,9.43,8.91,86.0,43.0,51.0,180.0,14.0,13.0,3.0,19.0,0.0,34.0,49.0,72.0,115.0,12.0,24.0,120.0,76.0,8.0,47.0,87.0,31.0,11.0,2.44,3.82,3.02,5.0,7.0,2.0,183.43,129.0,131.88,29.0,1.32,2.77,2.77,7.83,7.98,7.74,99.27,8.28,6.04,25.26,3.29,52.38,38.75,8.1,8.3,8.12,81.0,53.0,63.0,197.0,6.0,10.0,0.0,19.0,0.0,47.0,52.0,75.0,128.0,14.0,28.0,92.0,79.0,16.0,62.0,101.0,27.0,6.0,2.94,3.54,1.8,3.0,1.0,2.0,194.94,134.0,132.97,24.0,1.25,1.63,1.63,7.9,7.99,7.91
847637484803558482177,2025,Khusnutdinov-Kastelic-Kuraly,BOS,line,5on5,6,1921.0,29.0,0.61,0.55,0.61,21.93,1.62,1.25,6.27,0.72,11.52,8.61,1.59,1.62,1.58,20.0,10.0,6.0,36.0,0.0,3.0,0.0,8.0,0.0,12.0,7.0,20.0,30.0,5.0,10.0,23.0,17.0,4.0,12.0,24.0,4.0,2.0,0.57,0.48,0.57,0.0,0.0,0.0,35.52,30.0,29.69,7.0,0.26,0.65,0.65,1.24,1.22,1.2,14.91,1.04,0.94,4.33,0.41,7.18,5.09,1.02,1.05,1.04,8.0,11.0,10.0,29.0,1.0,0.0,0.0,1.0,0.0,10.0,7.0,7.0,18.0,5.0,10.0,22.0,21.0,2.0,8.0,14.0,5.0,0.0,0.41,0.62,0.0,1.0,0.0,0.0,29.15,19.0,18.97,6.0,0.2,0.0,0.0,1.24,1.25,1.24
848104384834718484135,2025,Koepke-Ford-Lambert,WPG,line,5on5,2,799.0,8.0,0.17,0.21,0.19,3.07,0.28,0.24,0.67,0.08,1.67,1.07,0.28,0.29,0.29,3.0,1.0,2.0,6.0,1.0,0.0,0.0,0.0,0.0,0.0,3.0,2.0,3.0,3.0,6.0,3.0,13.0,2.0,3.0,3.0,1.0,0.0,0.12,0.16,0.0,0.0,1.0,0.0,6.52,4.0,4.2,1.0,0.05,0.0,0.0,0.33,0.34,0.34,12.62,1.39,0.9,3.53,0.51,6.23,4.44,1.07,1.37,1.05,11.0,6.0,5.0,22.0,0.0,2.0,0.0,3.0,0.0,6.0,6.0,11.0,17.0,0.0,0.0,6.0,4.0,1.0,1.0,12.0,3.0,2.0,0.34,0.5,0.55,0.0,0.0,0.0,20.46,17.0,16.34,1.0,0.19,0.39,0.39,1.2,1.18,0.9
847464184793658483512,2025,Frederic-Henrique-Savoie,EDM,line,5on5,7,2488.0,35.0,0.51,0.52,0.51,15.62,1.92,0.97,3.6,0.47,7.7,6.33,1.88,1.93,1.89,14.0,7.0,8.0,29.0,1.0,1.0,0.0,2.0,0.0,5.0,12.0,13.0,20.0,0.0,0.0,17.0,16.0,2.0,6.0,14.0,5.0,2.0,0.46,0.64,0.83,1.0,0.0,0.0,29.07,21.0,21.1,4.0,0.21,0.44,0.44,1.69,1.65,1.64,15.5,1.81,1.11,3.34,0.49,7.69,5.58,1.75,1.88,1.81,12.0,8.0,7.0,27.0,1.0,1.0,0.0,3.0,0.0,7.0,8.0,11.0,19.0,2.0,4.0,14.0,15.0,3.0,18.0,13.0,3.0,4.0,0.45,0.44,0.92,1.0,0.0,0.0,27.13,20.0,20.33,6.0,0.23,0.24,0.24,1.8,1.86,1.84
84808608484768,2025,Bahl-Parekh,CGY,pairing,5on5,9,864.0,67.0,0.35,0.48,0.4,7.43,0.46,0.39,1.82,0.23,3.86,3.24,0.46,0.46,0.46,7.0,3.0,4.0,14.0,1.0,0.0,0.0,0.0,0.0,1.0,8.0,6.0,9.0,0.0,0.0,2.0,5.0,2.0,8.0,9.0,1.0,0.0,0.35,0.11,0.0,1.0,0.0,0.0,13.51,10.0,9.99,6.0,0.08,0.0,0.0,0.54,0.54,0.54,10.29,0.85,0.7,2.37,0.34,6.45,4.3,0.82,0.84,0.82,12.0,3.0,0.0,15.0,0.0,1.0,0.0,3.0,0.0,4.0,7.0,12.0,15.0,0.0,0.0,3.0,7.0,1.0,8.0,12.0,2.0,1.0,0.41,0.23,0.21,0.0,0.0,0.0,15.57,15.0,15.37,4.0,0.14,0.07,0.07,0.92,0.92,0.91
848084284809808481481,2025,Hallander-Lizotte-Dewar,PIT,line,5on5,5,888.0,32.0,0.17,0.33,0.35,4.84,0.28,0.3,1.44,0.16,2.91,1.92,0.28,0.3,0.3,5.0,2.0,1.0,8.0,0.0,0.0,0.0,0.0,0.0,3.0,4.0,5.0,7.0,2.0,4.0,9.0,7.0,0.0,3.0,6.0,1.0,0.0,0.16,0.12,0.0,0.0,0.0,0.0,9.18,7.0,7.88,2.0,0.06,0.0,0.0,0.34,0.37,0.37,10.04,1.33,0.79,2.26,0.32,4.89,3.41,1.23,1.26,1.17,7.0,6.0,3.0,16.0,1.0,2.0,1.0,0.0,0.0,3.0,7.0,6.0,12.0,1.0,2.0,7.0,10.0,1.0,6.0,7.0,3.0,3.0,0.22,0.41,0.69,0.0,0.0,1.0,15.16,13.0,12.28,1.0,0.17,0.49,0.49,1.01,0.94,0.93
847688084815808481656,2025,Protas-Mcmichael-Wilson,WSH,line,5on5,11,3894.0,59.0,0.51,0.57,0.59,42.81,4.01,3.07,10.31,1.36,23.14,16.11,3.87,4.03,3.89,45.0,13.0,17.0,75.0,5.0,5.0,1.0,11.0,0.0,14.0,23.0,40.0,53.0,6.0,12.0,34.0,31.0,3.0,24.0,37.0,19.0,2.0,1.04,2.36,0.62,2.0,2.0,1.0,74.11,58.0,57.52,14.0,0.64,0.89,0.89,3.76,3.75,3.68,30.28,3.83,2.31,7.1,1.05,15.18,11.53,3.55,3.98,3.67,26.0,15.0,16.0,57.0,3.0,4.0,0.0,7.0,0.0,15.0,12.0,23.0,38.0,2.0,4.0,50.0,14.0,1.0,18.0,23.0,13.0,5.0,0.78,1.72,1.34,0.0,2.0,1.0,58.31,41.0,42.17,8.0,0.49,0.5,0.5,3.82,3.93,3.74
84783968480727,2025,Hanifin-Whitecloud,VGK,pairing,5on5,4,3649.0,5.0,0.61,0.56,0.55,38.29,3.56,2.58,9.39,1.24,20.44,14.79,3.48,3.48,3.39,37.0,15.0,15.0,67.0,3.0,4.0,1.0,7.0,0.0,13.0,25.0,34.0,49.0,1.0,2.0,37.0,21.0,5.0,19.0,35.0,15.0,2.0,0.76,2.1,0.7,1.0,2.0,0.0,65.78,52.0,51.34,7.0,0.54,1.04,1.04,3.06,2.98,2.95,29.6,2.31,2.06,7.42,1.08,17.37,12.77,2.25,2.42,2.36,27.0,16.0,9.0,52.0,6.0,4.0,0.0,3.0,0.0,16.0,14.0,21.0,37.0,0.0,0.0,17.0,20.0,6.0,17.0,37.0,3.0,3.0,1.24,0.31,0.75,3.0,1.0,2.0,53.95,43.0,44.6,5.0,0.42,0.26,0.26,2.47,2.59,2.53
84784168480426,2025,D'Astous-Cernak,TBL,pairing,5on5,7,804.0,60.0,0.55,0.54,0.53,5.43,0.45,0.44,1.22,0.2,3.36,2.34,0.45,0.45,0.45,4.0,4.0,6.0,14.0,1.0,1.0,0.0,0.0,0.0,3.0,3.0,3.0,7.0,2.0,4.0,4.0,7.0,1.0,2.0,5.0,3.0,0.0,0.13,0.32,0.0,1.0,0.0,0.0,14.16,8.0,8.22,0.0,0.09,0.01,0.01,0.53,0.53,0.53,5.2,0.37,0.31,1.39,0.16,2.69,2.08,0.37,0.37,0.37,2.0,5.0,5.0,12.0,0.0,0.0,0.0,3.0,0.0,1.0,3.0,2.0,7.0,1.0,2.0,2.0,4.0,0.0,1.0,6.0,0.0,1.0,0.16,0.0,0.21,0.0,0.0,0.0,12.2,7.0,7.1,0.0,0.06,0.0,0.0,0.43,0.44,0.44
84764628478399,2025,Siegenthaler-Hamilton,NJD,pairing,5on5,14,10568.0,31.0,0.45,0.52,0.55,92.26,6.92,5.79,23.17,3.12,51.22,36.78,6.82,6.96,6.85,80.0,47.0,53.0,180.0,3.0,2.0,0.0,13.0,0.0,62.0,47.0,77.0,124.0,13.0,28.0,95.0,63.0,13.0,56.0,96.0,27.0,4.0,2.41,3.57,0.94,3.0,0.0,0.0,184.81,127.0,129.93,24.0,1.21,0.28,0.28,7.85,7.92,7.83,78.12,8.63,5.53,18.66,2.56,39.43,29.18,7.86,8.57,7.8,67.0,37.0,59.0,163.0,8.0,13.0,1.0,9.0,0.0,35.0,39.0,59.0,96.0,7.0,14.0,93.0,66.0,7.0,63.0,72.0,17.0,15.0,2.24,2.45,3.94,4.0,2.0,2.0,159.16,104.0,101.52,40.0,1.17,3.2,3.2,6.6,6.52,6.34
847579484762788477454,2025,Erne-Seguin-Blackwell,DAL,line,5on5,3,1098.0,9.0,0.5,0.34,0.35,5.77,0.45,0.35,1.39,0.2,3.24,2.37,0.44,0.41,0.41,6.0,2.0,3.0,11.0,1.0,0.0,0.0,2.0,0.0,3.0,2.0,5.0,7.0,2.0,4.0,11.0,13.0,1.0,6.0,6.0,2.0,0.0,0.19,0.26,0.0,1.0,0.0,0.0,10.38,8.0,7.49,4.0,0.07,0.0,0.0,0.52,0.48,0.47,10.62,0.44,0.51,2.82,0.35,6.21,4.67,0.44,0.48,0.48,6.0,9.0,6.0,21.0,0.0,0.0,0.0,1.0,0.0,7.0,7.0,6.0,15.0,1.0,2.0,11.0,8.0,1.0,7.0,15.0,0.0,0.0,0.44,0.0,0.0,0.0,0.0,0.0,22.53,15.0,16.16,3.0,0.1,0.0,0.0,0.54,0.59,0.59
847662484808488484911,2025,Goodrow-Dellandrea-Graf,SJS,line,5on5,8,1195.0,46.0,0.56,0.46,0.46,7.8,1.21,0.64,2.16,0.32,3.86,2.81,1.05,1.13,0.98,9.0,2.0,6.0,17.0,0.0,2.0,0.0,2.0,0.0,3.0,4.0,9.0,11.0,0.0,0.0,9.0,10.0,0.0,7.0,8.0,1.0,2.0,0.25,0.15,0.81,0.0,0.0,0.0,16.29,11.0,10.55,5.0,0.14,0.81,0.81,0.54,0.53,0.51,9.48,0.95,0.74,2.72,0.32,4.79,3.48,0.93,0.97,0.96,7.0,6.0,7.0,20.0,0.0,2.0,0.0,0.0,0.0,6.0,5.0,7.0,13.0,3.0,6.0,9.0,9.0,1.0,7.0,9.0,3.0,1.0,0.22,0.42,0.31,0.0,0.0,0.0,19.9,13.0,12.91,7.0,0.16,0.49,0.49,0.61,0.62,0.62
84784548480874,2025,Juulsen-Ginning,PHI,pairing,5on5,5,2054.0,20.0,0.19,0.26,0.2,4.57,0.33,0.24,1.16,0.15,2.38,1.75,0.32,0.34,0.33,2.0,4.0,6.0,12.0,1.0,0.0,0.0,1.0,0.0,2.0,2.0,1.0,5.0,5.0,13.0,9.0,23.0,2.0,13.0,5.0,1.0,0.0,0.16,0.17,0.0,1.0,0.0,0.0,11.8,6.0,5.94,4.0,0.05,0.0,0.0,0.38,0.39,0.38,17.21,1.42,1.13,4.24,0.58,9.62,7.0,1.39,1.47,1.44,16.0,8.0,11.0,35.0,2.0,1.0,0.0,1.0,0.0,9.0,11.0,14.0,22.0,6.0,15.0,18.0,18.0,3.0,11.0,19.0,4.0,1.0,0.62,0.55,0.26,2.0,0.0,0.0,36.59,24.0,25.01,4.0,0.23,0.16,0.16,1.5,1.56,1.54
847584284793908481726,2025,Edstrom-Carrick-Raddysh,NYR,line,5on5,5,625.0,36.0,0.89,0.65,0.77,7.35,0.95,0.52,1.87,0.26,3.79,2.62,0.93,0.96,0.94,6.0,4.0,1.0,11.0,1.0,1.0,0.0,2.0,0.0,3.0,3.0,5.0,9.0,1.0,2.0,4.0,4.0,0.0,2.0,5.0,4.0,1.0,0.1,0.54,0.31,1.0,0.0,0.0,10.79,10.0,9.87,2.0,0.11,0.31,0.31,0.75,0.72,0.72,2.34,0.12,0.11,0.67,0.08,1.15,0.87,0.12,0.12,0.12,3.0,0.0,3.0,6.0,0.0,0.0,0.0,2.0,0.0,1.0,0.0,3.0,3.0,0.0,0.0,6.0,7.0,0.0,4.0,2.0,1.0,0.0,0.03,0.09,0.0,0.0,0.0,0.0,6.08,3.0,2.88,2.0,0.02,0.0,0.0,0.14,0.14,0.14
84757908483485,2025,Mateychuk-Gudbranson,CBJ,pairing,5on5,4,1059.0,22.0,0.39,0.44,0.41,7.48,0.79,0.52,1.6,0.29,4.11,3.69,0.78,0.84,0.82,10.0,1.0,4.0,15.0,0.0,1.0,0.0,1.0,0.0,2.0,7.0,10.0,11.0,1.0,2.0,9.0,12.0,2.0,7.0,9.0,1.0,1.0,0.31,0.14,0.34,0.0,0.0,0.0,15.84,11.0,11.6,4.0,0.11,0.34,0.34,0.55,0.59,0.58,11.6,1.25,0.82,2.66,0.41,6.06,4.8,1.24,1.17,1.16,9.0,7.0,3.0,19.0,1.0,1.0,0.0,4.0,0.0,4.0,6.0,8.0,15.0,2.0,4.0,4.0,11.0,2.0,8.0,10.0,4.0,2.0,0.25,0.46,0.54,1.0,0.0,0.0,18.08,16.0,15.25,5.0,0.17,0.31,0.31,1.11,1.05,1.04
847796484784038482125,2025,Barbashev-Eichel-Holtz,VGK,line,5on5,2,1034.0,5.0,0.7,0.54,0.52,13.15,2.12,0.83,3.39,0.39,5.02,4.24,1.85,2.2,1.91,11.0,5.0,5.0,21.0,2.0,3.0,0.0,0.0,0.0,9.0,2.0,9.0,14.0,1.0,2.0,14.0,9.0,0.0,4.0,7.0,5.0,4.0,0.24,0.64,1.24,0.0,2.0,0.0,21.16,16.0,16.43,2.0,0.18,0.86,0.86,1.45,1.48,1.44,11.27,0.91,0.69,2.66,0.36,5.91,4.48,0.89,0.92,0.9,7.0,8.0,3.0,18.0,2.0,1.0,0.0,2.0,0.0,5.0,5.0,5.0,13.0,3.0,6.0,14.0,4.0,3.0,5.0,13.0,1.0,1.0,0.52,0.11,0.27,2.0,0.0,0.0,18.84,15.0,15.72,4.0,0.14,0.03,0.03,1.02,1.04,1.02
84800698484258,2025,Makar-Malinski,COL,pairing,5on5,11,715.0,110.0,0.86,0.47,0.67,8.96,1.13,0.6,2.18,0.27,4.47,3.34,1.08,1.12,1.08,8.0,4.0,2.0,14.0,1.0,1.0,0.0,1.0,0.0,4.0,5.0,7.0,11.0,0.0,0.0,1.0,2.0,1.0,6.0,7.0,2.0,3.0,0.14,0.25,0.74,1.0,0.0,0.0,13.92,12.0,11.98,2.0,0.12,0.31,0.31,0.94,0.96,0.94,4.17,0.19,0.24,1.13,0.13,2.47,1.83,0.19,0.19,0.19,2.0,4.0,10.0,16.0,0.0,0.0,0.0,0.0,0.0,1.0,5.0,2.0,6.0,1.0,2.0,2.0,2.0,0.0,5.0,5.0,1.0,0.0,0.1,0.09,0.0,0.0,0.0,0.0,15.86,6.0,5.96,3.0,0.05,0.0,0.0,0.24,0.24,0.24
84773658477435,2025,Graves-Clifton,PIT,pairing,5on5,2,1690.0,5.0,0.59,0.58,0.62,16.09,1.59,1.03,3.61,0.51,9.48,6.77,1.54,1.62,1.58,14.0,9.0,9.0,32.0,2.0,1.0,1.0,5.0,0.0,10.0,5.0,12.0,21.0,2.0,4.0,11.0,10.0,2.0,4.0,18.0,4.0,1.0,0.57,0.59,0.42,1.0,0.0,1.0,33.22,23.0,23.63,3.0,0.21,0.42,0.42,1.38,1.4,1.38,10.14,1.08,0.74,2.38,0.43,5.47,3.89,0.96,1.08,0.95,10.0,4.0,9.0,23.0,1.0,2.0,1.0,2.0,0.0,5.0,4.0,9.0,13.0,3.0,6.0,14.0,21.0,2.0,4.0,9.0,4.0,1.0,0.2,0.6,0.28,0.0,1.0,0.0,22.31,14.0,13.74,2.0,0.15,0.47,0.47,0.76,0.74,0.73
847410284815288482092,2025,Perron-Cozens-Greig,OTT,line,5on5,7,3107.0,27.0,0.51,0.45,0.46,21.18,1.59,1.26,5.71,0.64,11.68,8.1,1.53,1.62,1.56,21.0,8.0,10.0,39.0,1.0,1.0,0.0,4.0,0.0,12.0,11.0,20.0,28.0,5.0,12.0,40.0,28.0,3.0,6.0,23.0,4.0,2.0,0.57,0.51,0.52,1.0,0.0,0.0,39.69,29.0,29.27,4.0,0.27,0.32,0.32,1.55,1.58,1.57,24.99,1.51,1.36,7.18,0.82,13.25,9.88,1.46,1.48,1.43,25.0,9.0,13.0,47.0,2.0,2.0,0.0,8.0,0.0,10.0,12.0,23.0,32.0,5.0,10.0,26.0,31.0,1.0,14.0,28.0,5.0,1.0,0.59,0.63,0.29,1.0,1.0,0.0,45.73,34.0,33.46,9.0,0.28,0.4,0.4,1.39,1.36,1.34
84779508481014,2025,Romanov-Deangelo,NYI,pairing,5on5,10,6639.0,30.0,0.34,0.47,0.49,61.37,4.57,3.9,16.32,2.08,33.45,23.67,4.48,4.37,4.27,59.0,25.0,24.0,108.0,2.0,6.0,0.0,16.0,0.0,33.0,27.0,57.0,82.0,11.0,22.0,54.0,48.0,5.0,32.0,65.0,15.0,4.0,1.77,1.79,1.01,1.0,0.0,1.0,102.67,84.0,80.31,17.0,0.81,1.0,1.01,4.38,4.2,4.16,67.81,9.04,5.08,15.7,2.24,32.99,23.96,8.61,9.41,8.96,65.0,24.0,32.0,121.0,9.0,10.0,0.0,10.0,0.0,30.0,30.0,56.0,80.0,7.0,14.0,71.0,49.0,11.0,26.0,43.0,33.0,13.0,1.25,4.24,3.55,0.0,8.0,1.0,127.71,89.0,93.0,12.0,1.09,2.81,2.81,7.31,7.67,7.5
847744684820628482103,2025,Wiesblatt-Mccarron-Smith,NSH,line,5on5,10,4560.0,23.0,0.64,0.58,0.59,39.27,3.61,2.79,10.32,1.36,20.84,15.09,3.51,3.57,3.48,35.0,19.0,22.0,76.0,4.0,6.0,1.0,8.0,0.0,20.0,16.0,31.0,50.0,6.0,18.0,47.0,63.0,4.0,18.0,37.0,14.0,3.0,1.08,1.73,0.8,1.0,2.0,1.0,74.16,54.0,52.91,7.0,0.58,0.84,0.84,3.35,3.3,3.26,27.68,2.01,1.71,7.1,0.92,15.15,11.12,1.99,2.1,2.08,25.0,13.0,18.0,56.0,4.0,1.0,1.0,5.0,0.0,13.0,15.0,21.0,34.0,4.0,14.0,43.0,35.0,6.0,14.0,30.0,7.0,1.0,0.79,0.86,0.36,2.0,1.0,1.0,57.81,38.0,39.29,5.0,0.35,0.36,0.36,2.0,2.06,2.05
84768928481006,2025,Tucker-Parayko,STL,pairing,5on5,11,956.0,90.0,0.91,0.71,0.79,11.97,1.91,0.87,3.2,0.44,5.0,3.57,1.71,1.87,1.69,9.0,6.0,5.0,20.0,2.0,3.0,2.0,2.0,0.0,5.0,3.0,7.0,13.0,2.0,4.0,7.0,9.0,3.0,4.0,6.0,6.0,3.0,0.17,0.9,0.83,0.0,1.0,1.0,20.32,15.0,15.32,0.0,0.19,0.67,0.67,1.43,1.44,1.41,2.85,0.2,0.18,0.7,0.11,1.64,1.18,0.19,0.21,0.2,2.0,2.0,4.0,8.0,0.0,1.0,0.0,0.0,0.0,2.0,1.0,2.0,4.0,4.0,8.0,6.0,9.0,1.0,9.0,3.0,1.0,0.0,0.08,0.12,0.0,0.0,0.0,0.0,8.4,4.0,4.19,2.0,0.04,0.12,0.12,0.11,0.12,0.12
84775048480145,2025,Morrissey-Pionk,WPG,pairing,5on5,13,1046.0,86.0,0.6,0.5,0.56,9.96,1.26,0.73,2.44,0.42,5.79,4.36,1.24,1.21,1.19,10.0,5.0,2.0,17.0,3.0,1.0,0.0,1.0,0.0,6.0,4.0,7.0,12.0,3.0,6.0,7.0,6.0,2.0,2.0,8.0,5.0,2.0,0.22,0.6,0.44,1.0,2.0,0.0,17.03,15.0,14.92,0.0,0.15,0.15,0.15,1.26,1.22,1.21,9.15,0.83,0.58,2.71,0.27,4.39,3.21,0.77,0.81,0.75,8.0,4.0,5.0,17.0,0.0,2.0,0.0,3.0,0.0,4.0,3.0,8.0,12.0,1.0,2.0,9.0,7.0,0.0,4.0,9.0,2.0,1.0,0.26,0.25,0.32,0.0,0.0,0.0,16.38,12.0,11.64,1.0,0.12,0.46,0.46,0.48,0.47,0.46
84793788480145,2025,Stanley-Pionk,WPG,pairing,5on5,14,8975.0,33.0,0.42,0.44,0.42,64.89,5.71,4.27,16.17,2.23,35.47,26.14,5.56,5.86,5.71,58.0,32.0,43.0,133.0,7.0,6.0,1.0,12.0,0.0,35.0,30.0,51.0,83.0,10.0,20.0,78.0,68.0,7.0,40.0,67.0,17.0,6.0,1.88,2.11,1.72,4.0,1.0,2.0,139.74,90.0,92.98,27.0,0.89,1.34,1.34,5.26,5.39,5.34,87.42,8.02,6.05,22.53,3.09,47.62,34.69,7.68,7.92,7.59,79.0,43.0,48.0,170.0,3.0,14.0,0.0,21.0,0.0,51.0,33.0,76.0,119.0,9.0,18.0,50.0,57.0,9.0,40.0,89.0,23.0,10.0,2.43,3.04,2.55,2.0,1.0,0.0,165.88,122.0,120.58,19.0,1.27,2.33,2.33,6.96,6.87,6.71
847647984779988479675,2025,Moore-Danault-Foegele,LAK,line,5on5,9,4987.0,21.0,0.54,0.58,0.55,44.02,3.19,2.67,12.42,1.52,22.29,16.92,3.04,3.12,2.98,42.0,17.0,34.0,93.0,2.0,5.0,1.0,8.0,1.0,23.0,20.0,40.0,57.0,2.0,4.0,51.0,28.0,6.0,37.0,45.0,12.0,2.0,0.95,1.6,0.63,0.0,2.0,0.0,91.1,59.0,58.33,19.0,0.56,0.73,0.73,3.02,2.98,2.95,34.41,2.73,2.26,8.72,1.23,19.41,14.65,2.69,2.72,2.69,28.0,21.0,19.0,68.0,1.0,3.0,0.0,5.0,0.0,14.0,26.0,27.0,48.0,4.0,8.0,44.0,41.0,7.0,23.0,36.0,11.0,2.0,0.74,1.43,0.56,1.0,0.0,0.0,68.86,49.0,49.79,12.0,0.47,0.57,0.57,2.63,2.66,2.63
847851984795428482201,2025,Hagel-Cirelli-Goncalves,TBL,line,5on5,11,1188.0,101.0,0.41,0.5,0.48,8.91,0.7,0.59,2.34,0.3,4.73,3.35,0.69,0.67,0.66,9.0,3.0,11.0,23.0,0.0,3.0,0.0,1.0,0.0,6.0,2.0,9.0,12.0,2.0,4.0,10.0,12.0,2.0,10.0,7.0,5.0,0.0,0.21,0.49,0.0,0.0,0.0,0.0,22.67,12.0,11.92,5.0,0.12,0.21,0.21,0.61,0.59,0.59,9.9,1.01,0.56,2.4,0.3,4.79,3.94,0.93,1.06,0.97,9.0,4.0,10.0,23.0,1.0,1.0,1.0,2.0,0.0,3.0,6.0,8.0,12.0,0.0,0.0,6.0,11.0,2.0,4.0,9.0,2.0,2.0,0.24,0.2,0.57,0.0,0.0,1.0,23.22,13.0,13.35,4.0,0.12,0.26,0.26,0.87,0.9,0.89
847931884817118482720,2025,Maccelli-Matthews-Knies,TOR,line,5on5,2,1278.0,3.0,0.45,0.44,0.54,10.47,1.03,0.77,2.25,0.35,5.42,4.17,1.02,1.07,1.06,10.0,4.0,3.0,17.0,1.0,0.0,0.0,2.0,0.0,3.0,8.0,9.0,13.0,1.0,2.0,10.0,11.0,0.0,7.0,8.0,6.0,0.0,0.23,0.8,0.0,1.0,0.0,0.0,17.92,14.0,14.91,4.0,0.16,0.0,0.0,1.19,1.24,1.22,8.97,1.25,0.75,2.15,0.29,4.58,2.98,1.21,1.21,1.18,9.0,3.0,10.0,22.0,0.0,1.0,0.0,0.0,0.0,4.0,7.0,9.0,12.0,0.0,0.0,13.0,13.0,3.0,6.0,7.0,3.0,2.0,0.26,0.41,0.58,0.0,0.0,0.0,21.14,12.0,11.37,4.0,0.16,0.35,0.35,1.05,1.04,1.04
847646184784398481533,2025,Zegras-Couturier-Konecny,PHI,line,5on5,4,613.0,28.0,0.27,0.63,0.44,2.9,0.12,0.14,0.83,0.08,1.67,1.16,0.12,0.12,0.12,2.0,2.0,8.0,12.0,0.0,0.0,0.0,2.0,0.0,1.0,1.0,2.0,4.0,0.0,0.0,4.0,1.0,0.0,1.0,4.0,0.0,0.0,0.12,0.0,0.0,0.0,0.0,0.0,11.42,4.0,3.77,1.0,0.03,0.0,0.0,0.15,0.14,0.14,3.64,0.34,0.23,0.96,0.11,1.92,1.43,0.34,0.36,0.36,3.0,2.0,2.0,7.0,0.0,0.0,0.0,1.0,0.0,0.0,4.0,3.0,5.0,0.0,0.0,2.0,3.0,2.0,2.0,4.0,0.0,1.0,0.12,0.0,0.22,0.0,0.0,0.0,7.56,5.0,5.29,0.0,0.05,0.0,0.0,0.39,0.42,0.42
847794084827028482809,2025,Ehlers-Stankoven-Blake,CAR,line,5on5,12,1934.0,103.0,0.51,0.49,0.54,16.75,1.91,1.04,4.37,0.49,7.93,6.25,1.89,1.99,1.96,14.0,8.0,7.0,29.0,1.0,2.0,0.0,4.0,1.0,8.0,6.0,13.0,21.0,1.0,4.0,11.0,4.0,3.0,15.0,17.0,1.0,4.0,0.52,0.19,1.2,0.0,0.0,1.0,30.34,22.0,23.03,8.0,0.22,0.65,0.65,1.48,1.53,1.53,13.4,1.81,0.8,3.67,0.47,7.02,5.23,1.74,1.77,1.7,9.0,10.0,11.0,30.0,0.0,2.0,0.0,4.0,0.0,7.0,6.0,9.0,19.0,2.0,4.0,20.0,12.0,7.0,16.0,11.0,5.0,3.0,0.42,0.56,0.83,0.0,0.0,0.0,28.74,19.0,18.13,10.0,0.17,0.62,0.62,1.36,1.32,1.28
848028184835168484164,2025,Toropchenko-Dvorsky-Snuggerud,STL,line,5on5,2,628.0,9.0,0.27,0.29,0.33,3.05,0.2,0.18,0.72,0.09,1.68,1.13,0.2,0.2,0.2,3.0,1.0,0.0,4.0,0.0,0.0,0.0,1.0,0.0,3.0,0.0,3.0,4.0,2.0,4.0,7.0,12.0,0.0,1.0,3.0,1.0,0.0,0.04,0.16,0.0,0.0,0.0,0.0,4.16,4.0,4.16,0.0,0.04,0.0,0.0,0.23,0.24,0.24,5.97,0.53,0.42,1.35,0.18,3.21,2.3,0.49,0.52,0.48,5.0,3.0,2.0,10.0,0.0,1.0,0.0,2.0,0.0,2.0,3.0,5.0,8.0,0.0,0.0,2.0,6.0,2.0,6.0,7.0,0.0,1.0,0.26,0.0,0.28,0.0,0.0,0.0,9.55,8.0,7.68,4.0,0.09,0.28,0.28,0.35,0.34,0.31
847836684827458484762,2025,Sennecke-Mctavish-Vatrano,ANA,line,5on5,10,1297.0,100.0,0.08,0.17,0.18,5.0,0.26,0.31,1.21,0.15,2.92,2.15,0.25,0.26,0.26,7.0,0.0,1.0,8.0,0.0,0.0,0.0,4.0,0.0,2.0,1.0,7.0,7.0,0.0,0.0,14.0,16.0,1.0,6.0,6.0,1.0,0.0,0.12,0.14,0.0,0.0,0.0,0.0,8.37,7.0,7.25,5.0,0.06,0.0,0.0,0.32,0.33,0.32,23.7,2.96,1.69,6.46,0.8,11.85,8.24,2.73,2.84,2.62,23.0,9.0,8.0,40.0,3.0,6.0,1.0,4.0,0.0,10.0,9.0,20.0,29.0,1.0,2.0,16.0,12.0,2.0,5.0,19.0,9.0,4.0,0.55,1.16,1.25,0.0,2.0,1.0,38.78,32.0,31.11,1.0,0.36,1.28,1.28,2.04,1.94,1.91
847647984779608483808,2025,Kuzmenko-Danault-Kempe,LAK,line,5on5,5,783.0,63.0,0.33,0.48,0.47,6.52,0.48,0.4,1.66,0.21,3.61,2.63,0.48,0.48,0.48,6.0,3.0,3.0,12.0,0.0,1.0,0.0,1.0,0.0,3.0,4.0,6.0,9.0,0.0,0.0,7.0,6.0,0.0,5.0,6.0,3.0,0.0,0.09,0.4,0.0,0.0,0.0,0.0,12.45,9.0,9.34,1.0,0.08,0.13,0.13,0.44,0.44,0.43,7.7,0.97,0.51,1.85,0.26,3.65,2.76,0.93,0.99,0.95,4.0,6.0,3.0,13.0,1.0,1.0,0.0,0.0,0.0,4.0,4.0,3.0,9.0,0.0,0.0,5.0,4.0,0.0,4.0,4.0,6.0,0.0,0.11,0.86,0.0,0.0,1.0,0.0,13.13,10.0,10.03,2.0,0.11,0.18,0.18,0.9,0.9,0.89
847645384785198479542,2025,Hagel-Cirelli-Kucherov,TBL,line,5on5,9,1235.0,63.0,0.58,0.67,0.68,16.19,1.42,1.28,4.35,0.61,9.23,6.1,1.4,1.39,1.37,12.0,11.0,5.0,28.0,0.0,2.0,0.0,2.0,0.0,9.0,10.0,12.0,23.0,0.0,0.0,14.0,4.0,3.0,6.0,17.0,5.0,1.0,0.56,0.65,0.21,0.0,0.0,0.0,27.44,23.0,22.68,2.0,0.27,0.26,0.26,1.44,1.41,1.39,8.42,1.04,0.47,2.14,0.25,3.86,3.24,1.01,1.09,1.05,8.0,3.0,3.0,14.0,0.0,1.0,0.0,3.0,1.0,3.0,3.0,8.0,11.0,0.0,0.0,6.0,5.0,5.0,5.0,7.0,2.0,2.0,0.2,0.23,0.62,0.0,0.0,0.0,14.15,11.0,11.11,4.0,0.1,0.4,0.4,0.74,0.77,0.76
847936584814918481617,2025,Frederic-Philp-Podkolzin,EDM,line,5on5,4,688.0,28.0,0.01,0.16,0.07,0.67,0.01,0.03,0.2,0.02,0.45,0.29,0.01,0.01,0.01,1.0,0.0,2.0,3.0,0.0,0.0,0.0,0.0,0.0,1.0,0.0,1.0,1.0,1.0,2.0,7.0,10.0,0.0,2.0,1.0,0.0,0.0,0.01,0.0,0.0,0.0,0.0,0.0,2.67,1.0,0.88,1.0,0.01,0.0,0.0,0.02,0.02,0.02,9.63,1.34,0.82,2.18,0.43,5.53,3.7,1.26,1.43,1.35,10.0,4.0,2.0,16.0,2.0,2.0,2.0,2.0,0.0,4.0,4.0,8.0,12.0,0.0,0.0,4.0,4.0,1.0,7.0,11.0,1.0,2.0,0.44,0.14,0.76,0.0,0.0,2.0,16.68,14.0,14.5,0.0,0.17,0.76,0.76,0.74,0.79,0.78
84745688477938,2025,Fleury-Schenn,WPG,pairing,5on5,9,3631.0,37.0,0.27,0.37,0.39,21.38,1.67,1.35,5.13,0.63,11.73,8.48,1.66,1.75,1.74,19.0,10.0,10.0,39.0,0.0,0.0,0.0,7.0,0.0,10.0,12.0,19.0,29.0,5.0,13.0,30.0,35.0,5.0,21.0,22.0,5.0,2.0,0.59,0.64,0.43,0.0,0.0,0.0,41.43,29.0,30.01,12.0,0.28,0.0,0.0,1.95,2.04,2.03,33.82,4.4,2.67,7.8,1.09,17.03,12.01,4.24,4.4,4.24,27.0,18.0,22.0,67.0,3.0,6.0,1.0,2.0,0.0,14.0,20.0,24.0,42.0,5.0,13.0,15.0,28.0,7.0,17.0,28.0,10.0,7.0,0.91,1.47,2.02,1.0,1.0,1.0,64.66,45.0,43.91,8.0,0.56,1.7,1.7,3.26,3.24,3.18
84821058482245,2025,Sanderson-Zub,OTT,pairing,5on5,15,11875.0,34.0,0.57,0.56,0.58,99.1,7.97,5.92,25.7,3.16,51.18,39.08,7.73,8.16,7.92,82.0,51.0,57.0,190.0,11.0,5.0,2.0,20.0,0.0,47.0,50.0,71.0,122.0,12.0,27.0,133.0,81.0,18.0,58.0,104.0,21.0,8.0,2.71,2.85,2.4,5.0,2.0,4.0,189.27,133.0,133.43,25.0,1.23,1.12,1.47,7.72,7.84,7.74,71.87,5.98,4.44,18.36,2.51,38.24,28.48,5.76,6.12,5.89,67.0,31.0,53.0,151.0,8.0,7.0,1.0,22.0,0.0,32.0,29.0,59.0,90.0,12.0,27.0,91.0,91.0,15.0,59.0,72.0,21.0,5.0,2.12,2.54,1.32,6.0,2.0,0.0,152.57,98.0,99.23,31.0,0.93,1.32,1.32,5.58,5.68,5.63
84768748479410,2025,Sergachev-Mtt,UTA,pairing,5on5,11,1084.0,131.0,0.19,0.33,0.26,3.77,0.28,0.23,0.98,0.12,1.94,1.44,0.28,0.3,0.3,3.0,2.0,5.0,10.0,0.0,0.0,0.0,2.0,0.0,1.0,2.0,3.0,5.0,0.0,0.0,5.0,9.0,1.0,5.0,3.0,2.0,0.0,0.06,0.22,0.0,0.0,0.0,0.0,10.26,5.0,5.15,4.0,0.05,0.0,0.0,0.33,0.35,0.35,10.17,1.24,0.72,2.52,0.37,5.36,3.79,1.17,1.21,1.15,7.0,7.0,6.0,20.0,1.0,2.0,0.0,1.0,0.0,6.0,4.0,6.0,13.0,2.0,4.0,9.0,9.0,1.0,3.0,8.0,4.0,2.0,0.26,0.47,0.5,1.0,0.0,0.0,19.8,14.0,13.84,1.0,0.15,0.23,0.23,1.16,1.12,1.1
84808008483768,2025,Hughes-Mancini,VAN,pairing,5on5,4,1130.0,18.0,0.26,0.38,0.38,9.86,0.78,0.69,2.7,0.37,5.3,4.16,0.77,0.81,0.8,8.0,6.0,4.0,18.0,0.0,2.0,0.0,1.0,0.0,7.0,4.0,8.0,14.0,2.0,4.0,10.0,12.0,1.0,2.0,11.0,2.0,1.0,0.33,0.22,0.23,0.0,0.0,0.0,18.66,14.0,14.66,2.0,0.15,0.02,0.02,0.91,0.95,0.93,17.53,2.19,1.24,3.68,0.57,8.95,6.37,1.93,2.1,1.86,19.0,4.0,6.0,29.0,2.0,4.0,0.0,2.0,0.0,8.0,7.0,17.0,21.0,2.0,4.0,5.0,6.0,0.0,3.0,12.0,9.0,2.0,0.43,1.16,0.6,0.0,2.0,0.0,27.84,23.0,22.35,2.0,0.25,0.9,0.9,1.54,1.48,1.43
847793984793188482720,2025,Knies-Matthews-Nylander,TOR,line,5on5,11,3114.0,52.0,0.62,0.51,0.52,31.54,3.29,2.21,8.78,1.13,16.41,11.18,3.14,3.07,2.93,31.0,12.0,17.0,60.0,4.0,5.0,0.0,6.0,0.0,15.0,13.0,27.0,39.0,2.0,4.0,48.0,17.0,2.0,20.0,30.0,9.0,4.0,0.95,1.1,1.24,4.0,0.0,0.0,56.16,43.0,40.21,8.0,0.47,1.05,1.05,2.71,2.55,2.49,28.04,2.06,1.78,7.45,0.93,15.65,11.13,2.01,2.15,2.1,26.0,13.0,19.0,58.0,3.0,3.0,0.0,7.0,0.0,12.0,14.0,23.0,36.0,2.0,4.0,31.0,8.0,3.0,23.0,31.0,6.0,2.0,0.74,0.73,0.59,2.0,1.0,0.0,59.81,39.0,40.58,8.0,0.37,0.37,0.37,2.05,2.16,2.13
847591384779648478403,2025,Barbashev-Eichel-Stone,VGK,line,5on5,5,2286.0,24.0,0.6,0.54,0.59,23.75,1.69,1.44,5.66,0.75,12.56,9.89,1.67,1.75,1.72,22.0,10.0,10.0,42.0,5.0,2.0,1.0,4.0,0.0,10.0,11.0,17.0,27.0,1.0,2.0,21.0,10.0,5.0,17.0,27.0,3.0,2.0,0.82,0.38,0.48,2.0,2.0,1.0,43.08,32.0,32.46,3.0,0.29,0.13,0.13,1.85,1.92,1.9,15.94,1.11,0.86,3.99,0.55,8.66,6.82,1.11,1.12,1.11,14.0,8.0,14.0,36.0,3.0,0.0,0.0,4.0,0.0,8.0,7.0,11.0,19.0,3.0,6.0,25.0,9.0,2.0,6.0,17.0,4.0,1.0,0.37,0.52,0.23,2.0,1.0,0.0,35.71,22.0,22.12,2.0,0.18,0.0,0.0,1.29,1.3,1.29
84820878483457,2025,Hutson-Guhle,MTL,pairing,5on5,5,3428.0,9.0,0.48,0.47,0.41,17.49,1.78,1.12,4.13,0.57,9.44,6.97,1.71,1.81,1.74,16.0,8.0,21.0,45.0,4.0,3.0,1.0,1.0,0.0,6.0,10.0,12.0,20.0,2.0,4.0,27.0,29.0,3.0,16.0,17.0,6.0,1.0,0.67,0.89,0.22,2.0,1.0,1.0,46.62,24.0,24.91,9.0,0.23,0.78,0.41,1.6,1.66,1.65,23.46,1.92,1.5,6.45,0.88,14.54,9.7,1.9,1.85,1.83,23.0,12.0,16.0,51.0,2.0,2.0,0.0,7.0,0.0,13.0,11.0,21.0,33.0,1.0,2.0,26.0,32.0,6.0,12.0,28.0,5.0,2.0,0.78,0.66,0.48,1.0,1.0,0.0,49.43,35.0,33.71,7.0,0.31,0.21,0.21,2.02,1.96,1.94
847795184793438483431,2025,Schmaltz-Cooley-Keller,UTA,line,5on5,5,1181.0,29.0,0.43,0.57,0.47,5.49,0.56,0.36,1.06,0.13,2.83,2.05,0.56,0.57,0.56,4.0,3.0,6.0,13.0,0.0,0.0,0.0,2.0,0.0,1.0,4.0,4.0,7.0,1.0,2.0,7.0,0.0,1.0,4.0,4.0,3.0,0.0,0.16,0.41,0.0,0.0,0.0,0.0,12.86,7.0,6.8,2.0,0.07,0.0,0.0,0.64,0.64,0.64,6.55,0.74,0.5,1.34,0.19,3.06,2.16,0.74,0.73,0.73,7.0,1.0,2.0,10.0,2.0,0.0,0.0,3.0,0.0,2.0,1.0,5.0,6.0,0.0,0.0,9.0,5.0,1.0,5.0,3.0,5.0,0.0,0.12,0.62,0.0,1.0,1.0,0.0,10.14,8.0,8.12,0.0,0.11,0.0,0.0,0.85,0.83,0.83
847637484795918481556,2025,Eyssimont-Kuraly-Beecher,BOS,line,5on5,3,1292.0,12.0,0.4,0.51,0.44,7.37,0.53,0.55,1.87,0.28,4.52,3.25,0.52,0.52,0.52,7.0,4.0,10.0,21.0,0.0,0.0,0.0,1.0,0.0,3.0,7.0,7.0,11.0,4.0,8.0,9.0,10.0,2.0,1.0,8.0,3.0,0.0,0.18,0.35,0.0,0.0,0.0,0.0,20.42,11.0,10.74,0.0,0.12,0.0,0.0,0.65,0.64,0.63,9.97,0.78,0.6,2.96,0.35,5.4,3.92,0.77,0.77,0.77,10.0,4.0,6.0,20.0,1.0,2.0,0.0,1.0,0.0,4.0,6.0,9.0,13.0,3.0,6.0,8.0,6.0,3.0,2.0,11.0,2.0,1.0,0.2,0.28,0.31,1.0,0.0,0.0,20.04,14.0,14.1,0.0,0.12,0.32,0.32,0.59,0.58,0.57
84768538476931,2025,Rielly-Mccabe,TOR,pairing,5on5,11,674.0,93.0,0.63,0.59,0.57,5.82,0.7,0.38,1.44,0.22,2.95,2.31,0.67,0.69,0.66,7.0,1.0,5.0,13.0,1.0,1.0,0.0,1.0,0.0,0.0,5.0,6.0,7.0,0.0,0.0,1.0,0.0,1.0,4.0,4.0,3.0,1.0,0.11,0.35,0.24,0.0,1.0,0.0,12.54,8.0,7.94,3.0,0.08,0.24,0.24,0.55,0.54,0.53,4.62,0.4,0.29,0.98,0.13,2.39,1.82,0.4,0.43,0.43,5.0,1.0,3.0,9.0,0.0,0.0,0.0,1.0,0.0,3.0,2.0,5.0,6.0,1.0,2.0,3.0,4.0,0.0,6.0,4.0,1.0,1.0,0.1,0.1,0.21,0.0,0.0,0.0,9.15,6.0,6.17,3.0,0.06,0.0,0.0,0.46,0.49,0.49
84780558478859,2025,Mikkola-Forsling,FLA,pairing,5on5,15,1203.0,91.0,0.73,0.73,0.77,11.9,1.05,0.75,2.88,0.41,7.0,4.9,1.03,1.04,1.03,10.0,7.0,7.0,24.0,0.0,1.0,0.0,3.0,0.0,4.0,9.0,10.0,17.0,2.0,4.0,4.0,11.0,2.0,8.0,13.0,3.0,1.0,0.36,0.38,0.31,0.0,0.0,0.0,24.27,17.0,17.13,3.0,0.15,0.31,0.31,0.89,0.89,0.87,3.73,0.38,0.22,0.99,0.11,1.91,1.39,0.38,0.37,0.37,3.0,2.0,4.0,9.0,1.0,0.0,0.0,1.0,0.0,0.0,3.0,2.0,4.0,3.0,6.0,4.0,4.0,3.0,10.0,3.0,1.0,1.0,0.04,0.09,0.25,0.0,1.0,0.0,9.15,5.0,5.05,4.0,0.04,0.0,0.0,0.42,0.41,0.41
84793698480887,2025,Harris-Peeke,BOS,pairing,5on5,5,3107.0,12.0,0.53,0.56,0.56,32.31,2.25,1.97,9.4,1.11,16.81,12.45,2.2,2.17,2.11,24.0,20.0,16.0,60.0,2.0,5.0,0.0,7.0,0.0,18.0,12.0,22.0,42.0,4.0,8.0,25.0,24.0,5.0,13.0,37.0,5.0,2.0,1.05,0.71,0.49,2.0,0.0,0.0,57.7,44.0,42.08,5.0,0.42,0.59,0.59,2.08,2.02,1.97,25.16,1.99,1.66,6.34,0.88,13.38,9.76,1.98,2.07,2.05,23.0,11.0,14.0,48.0,3.0,3.0,1.0,7.0,0.0,9.0,12.0,20.0,31.0,2.0,4.0,15.0,37.0,2.0,12.0,26.0,7.0,1.0,0.74,0.96,0.29,0.0,3.0,0.0,50.3,34.0,35.76,6.0,0.34,0.37,0.37,1.96,2.04,2.03
