lineId,season,name,team,position,situation,games_played,icetime,iceTimeRank,xGoalsPercentage,corsiPercentage,fenwickPercentage,xOnGoalFor,xGoalsFor,xReboundsFor,xFreezeFor,xPlayStoppedFor,xPlayContinuedInZoneFor,xPlayContinuedOutsideZoneFor,flurryAdjustedxGoalsFor,scoreVenueAdjustedxGoalsFor,flurryScoreVenueAdjustedxGoalsFor,shotsOnGoalFor,missedShotsFor,blockedShotAttemptsFor,shotAttemptsFor,goalsFor,reboundsFor,reboundGoalsFor,freezeFor,playStoppedFor,playContinuedInZoneFor,playContinuedOutsideZoneFor,savedShotsOnGoalFor,savedUnblockedShotAttemptsFor,penaltiesFor,penalityMinutesFor,faceOffsWonFor,hitsFor,takeawaysFor,giveawaysFor,lowDangerShotsFor,mediumDangerShotsFor,highDangerShotsFor,lowDangerxGoalsFor,mediumDangerxGoalsFor,highDangerxGoalsFor,lowDangerGoalsFor,mediumDangerGoalsFor,highDangerGoalsFor,scoreAdjustedShotsAttemptsFor,unblockedShotAttemptsFor,scoreAdjustedUnblockedShotAttemptsFor,dZoneGiveawaysFor,xGoalsFromxReboundsOfShotsFor,xGoalsFromActualReboundsOfShotsFor,reboundxGoalsFor,totalShotCreditFor,scoreAdjustedTotalShotCreditFor,scoreFlurryAdjustedTotalShotCreditFor,xOnGoalAgainst,xGoalsAgainst,xReboundsAgainst,xFreezeAgainst,xPlayStoppedAgainst,xPlayContinuedInZoneAgainst,xPlayContinuedOutsideZoneAgainst,flurryAdjustedxGoalsAgainst,scoreVenueAdjustedxGoalsAgainst,flurryScoreVenueAdjustedxGoalsAgainst,shotsOnGoalAgainst,missedShotsAgainst,blockedShotAttemptsAgainst,shotAttemptsAgainst,goalsAgainst,reboundsAgainst,reboundGoalsAgainst,freezeAgainst,playStoppedAgainst,playContinuedInZoneAgainst,playContinuedOutsideZoneAgainst,savedShotsOnGoalAgainst,savedUnblockedShotAttemptsAgainst,penaltiesAgainst,penalityMinutesAgainst,faceOffsWonAgainst,hitsAgainst,takeawaysAgainst,giveawaysAgainst,lowDangerShotsAgainst,mediumDangerShotsAgainst,highDangerShotsAgainst,lowDangerxGoalsAgainst,mediumDangerxGoalsAgainst,highDangerxGoalsAgainst,lowDangerGoalsAgainst,mediumDangerGoalsAgainst,highDangerGoalsAgainst,scoreAdjustedShotsAttemptsAgainst,unblockedShotAttemptsAgainst,scoreAdjustedUnblockedShotAttemptsAgainst,dZoneGiveawaysAgainst,xGoalsFromxReboundsOfShotsAgainst,xGoalsFromActualReboundsOfShotsAgainst,reboundxGoalsAgainst,totalShotCreditAgainst,scoreAdjustedTotalShotCreditAgainst,scoreFlurryAdjustedTotalShotCreditAgainst
84788828479323,2025,Gavrikov-Fox,NYR,pairing,5on5,3,2568.0,3.0,0.45,0.48,0.47,19.2,1.33,1.15,5.2,0.65,10.96,7.72,1.31,1.37,1.36,14.0,13.0,9.0,36.0,0.0,0.0,0.0,4.0,0.0,11.0,12.0,14.0,27.0,4.0,8.0,24.0,24.0,3.0,13.0,20.0,6.0,1.0,0.46,0.66,0.21,0.0,0.0,0.0,38.33,27.0,28.08,7.0,0.24,0.0,0.0,1.57,1.62,1.61,23.59,1.6,1.59,5.74,0.7,12.37,9.0,1.56,1.59,1.55,23.0,8.0,8.0,39.0,1.0,2.0,0.0,3.0,0.0,12.0,13.0,22.0,30.0,3.0,6.0,23.0,18.0,1.0,11.0,26.0,4.0,1.0,0.91,0.48,0.21,1.0,0.0,0.0,38.73,31.0,30.82,7.0,0.32,0.25,0.25,1.67,1.65,1.62
84745638479998,2025,Anderson-Doughty,LAK,pairing,5on5,3,2674.0,3.0,0.5,0.55,0.5,17.66,1.46,1.09,4.11,0.58,10.1,7.66,1.44,1.52,1.51,20.0,5.0,20.0,45.0,3.0,0.0,0.0,4.0,0.0,9.0,9.0,17.0,22.0,3.0,9.0,12.0,24.0,5.0,19.0,19.0,5.0,1.0,0.49,0.74,0.23,1.0,1.0,1.0,45.43,25.0,25.19,10.0,0.23,0.0,0.0,1.68,1.75,1.73,17.94,1.43,1.03,4.58,0.58,10.2,7.19,1.43,1.41,1.41,17.0,8.0,12.0,37.0,2.0,0.0,0.0,2.0,0.0,9.0,12.0,15.0,23.0,2.0,4.0,20.0,25.0,2.0,19.0,17.0,8.0,0.0,0.32,1.11,0.0,1.0,1.0,0.0,36.19,25.0,24.4,6.0,0.21,0.0,0.0,1.65,1.61,1.61
84775078479369,2025,Zadorov-Peeke,BOS,pairing,5on5,3,766.0,13.0,0.58,0.63,0.68,9.46,0.76,0.56,2.83,0.33,5.05,3.46,0.74,0.76,0.74,8.0,5.0,2.0,15.0,0.0,3.0,0.0,1.0,0.0,3.0,6.0,8.0,13.0,0.0,0.0,9.0,6.0,3.0,6.0,10.0,2.0,1.0,0.22,0.23,0.31,0.0,0.0,0.0,15.01,13.0,13.08,3.0,0.12,0.38,0.38,0.49,0.48,0.47,4.46,0.55,0.29,1.56,0.17,2.03,1.4,0.52,0.53,0.51,5.0,1.0,3.0,9.0,0.0,1.0,0.0,1.0,0.0,3.0,1.0,5.0,6.0,3.0,6.0,5.0,6.0,0.0,3.0,3.0,2.0,1.0,0.11,0.23,0.21,0.0,0.0,0.0,8.93,6.0,5.95,0.0,0.06,0.21,0.21,0.41,0.4,0.4
847783984793908483690,2025,Sheary-Laba-Raddysh,NYR,line,5on5,2,859.0,4.0,0.34,0.59,0.64,10.1,0.35,0.48,2.49,0.33,5.62,4.73,0.35,0.35,0.35,9.0,5.0,6.0,20.0,0.0,0.0,0.0,1.0,0.0,8.0,5.0,9.0,14.0,0.0,0.0,6.0,7.0,0.0,2.0,13.0,1.0,0.0,0.23,0.12,0.0,0.0,0.0,0.0,21.18,14.0,14.87,0.0,0.1,0.0,0.0,0.45,0.45,0.45,6.24,0.67,0.41,1.43,0.18,2.85,2.45,0.67,0.68,0.68,4.0,4.0,6.0,14.0,0.0,0.0,0.0,2.0,0.0,3.0,3.0,4.0,8.0,0.0,0.0,3.0,11.0,0.0,2.0,5.0,1.0,2.0,0.08,0.12,0.47,0.0,0.0,0.0,14.58,8.0,8.24,1.0,0.09,0.0,0.0,0.76,0.77,0.77
847121584775118479638,2025,Brazeau-Malkin-Mantha,PIT,line,5on5,3,1689.0,6.0,0.67,0.57,0.58,17.32,2.53,1.31,4.4,0.57,7.91,5.28,2.24,2.61,2.31,16.0,6.0,7.0,29.0,2.0,5.0,0.0,2.0,0.0,9.0,4.0,14.0,20.0,0.0,0.0,8.0,11.0,2.0,8.0,11.0,7.0,4.0,0.36,0.97,1.2,0.0,1.0,1.0,29.62,22.0,22.61,3.0,0.28,1.22,1.22,1.59,1.62,1.47,12.53,1.25,0.92,2.69,0.35,6.41,4.38,1.23,1.31,1.29,9.0,7.0,6.0,22.0,2.0,1.0,1.0,0.0,0.0,5.0,8.0,7.0,14.0,0.0,0.0,15.0,13.0,2.0,12.0,10.0,5.0,1.0,0.33,0.72,0.2,2.0,0.0,0.0,22.63,16.0,16.41,6.0,0.19,0.06,0.06,1.38,1.44,1.44
84752188480803,2025,Ekholm-Bouchard,EDM,pairing,5on5,2,1817.0,2.0,0.86,0.69,0.79,25.08,3.18,1.87,5.31,0.73,12.61,9.29,3.15,3.1,3.06,26.0,7.0,7.0,40.0,1.0,3.0,0.0,6.0,0.0,13.0,10.0,25.0,32.0,2.0,4.0,16.0,13.0,1.0,13.0,19.0,9.0,5.0,0.7,1.11,1.38,1.0,0.0,0.0,40.5,33.0,33.3,5.0,0.4,0.66,0.66,2.92,2.85,2.83,6.33,0.5,0.36,1.51,0.25,3.25,3.12,0.5,0.5,0.5,6.0,3.0,9.0,18.0,0.0,0.0,0.0,1.0,0.0,2.0,6.0,6.0,9.0,3.0,6.0,9.0,20.0,3.0,11.0,7.0,2.0,0.0,0.16,0.34,0.0,0.0,0.0,0.0,17.09,9.0,8.76,9.0,0.07,0.0,0.0,0.58,0.57,0.57
84757628483678,2025,Forbort-Pettersson,VAN,pairing,5on5,2,1043.0,6.0,0.15,0.26,0.29,3.06,0.19,0.15,0.68,0.1,1.62,1.26,0.19,0.19,0.19,3.0,1.0,1.0,5.0,1.0,0.0,0.0,0.0,0.0,1.0,2.0,2.0,3.0,2.0,4.0,5.0,9.0,1.0,11.0,4.0,0.0,0.0,0.19,0.0,0.0,1.0,0.0,0.0,5.23,4.0,4.04,8.0,0.03,0.0,0.0,0.22,0.22,0.22,8.12,1.09,0.55,1.82,0.24,3.48,2.81,1.01,1.05,0.98,7.0,3.0,4.0,14.0,1.0,2.0,0.0,1.0,0.0,2.0,4.0,6.0,9.0,2.0,4.0,10.0,14.0,0.0,3.0,6.0,1.0,3.0,0.2,0.15,0.74,1.0,0.0,0.0,13.63,10.0,9.89,1.0,0.12,0.52,0.52,0.69,0.67,0.66
84756908476931,2025,Mccabe-Tanev,TOR,pairing,5on5,2,1801.0,3.0,0.34,0.38,0.36,9.62,0.91,0.64,2.01,0.28,5.06,4.1,0.91,0.96,0.96,10.0,3.0,8.0,21.0,1.0,0.0,0.0,3.0,0.0,3.0,6.0,9.0,12.0,0.0,0.0,12.0,13.0,1.0,10.0,10.0,2.0,1.0,0.36,0.23,0.32,0.0,0.0,1.0,21.88,13.0,13.67,7.0,0.13,0.0,0.0,1.04,1.1,1.09,16.75,1.74,1.27,4.34,0.57,8.65,6.43,1.57,1.79,1.61,14.0,9.0,11.0,34.0,0.0,2.0,0.0,4.0,0.0,12.0,5.0,14.0,23.0,2.0,4.0,15.0,16.0,4.0,7.0,14.0,6.0,3.0,0.38,0.67,0.69,0.0,0.0,0.0,34.63,23.0,23.12,4.0,0.27,0.27,0.27,1.74,1.79,1.7
84763728477948,2025,Sanheim-Seeler,PHI,pairing,5on5,2,1883.0,2.0,0.37,0.39,0.44,11.93,1.17,0.89,3.2,0.52,6.82,5.41,1.15,1.2,1.19,10.0,8.0,4.0,22.0,0.0,1.0,0.0,3.0,0.0,9.0,5.0,10.0,18.0,2.0,4.0,28.0,14.0,2.0,14.0,12.0,5.0,1.0,0.25,0.7,0.21,0.0,0.0,0.0,22.43,18.0,18.29,8.0,0.18,0.01,0.01,1.34,1.39,1.37,16.77,2.02,1.19,4.29,0.63,8.67,6.2,1.78,1.96,1.72,14.0,9.0,12.0,35.0,1.0,4.0,0.0,3.0,0.0,7.0,8.0,13.0,22.0,1.0,2.0,18.0,12.0,1.0,9.0,14.0,6.0,3.0,0.31,0.78,0.93,0.0,1.0,0.0,34.34,23.0,22.75,5.0,0.25,0.94,0.94,1.33,1.28,1.26
847740284800238482089,2025,Neighbours-Thomas-Buchnevich,STL,line,5on5,2,666.0,4.0,0.58,0.5,0.44,6.04,0.62,0.38,1.37,0.2,2.87,2.56,0.54,0.61,0.54,6.0,2.0,3.0,11.0,2.0,0.0,0.0,1.0,0.0,2.0,3.0,4.0,6.0,0.0,0.0,8.0,6.0,0.0,6.0,4.0,4.0,0.0,0.08,0.54,0.0,0.0,2.0,0.0,10.37,8.0,7.9,1.0,0.08,0.0,0.0,0.7,0.69,0.61,7.53,0.44,0.35,1.85,0.23,3.89,3.24,0.43,0.48,0.47,7.0,3.0,1.0,11.0,1.0,0.0,0.0,2.0,0.0,3.0,4.0,6.0,9.0,2.0,4.0,9.0,2.0,2.0,1.0,9.0,0.0,1.0,0.2,0.0,0.24,1.0,0.0,0.0,11.71,10.0,10.58,0.0,0.07,0.0,0.0,0.52,0.56,0.54
847168584779608483808,2025,Kuzmenko-Kopitar-Kempe,LAK,line,5on5,3,1701.0,6.0,0.55,0.51,0.55,16.01,1.29,1.04,3.83,0.48,8.52,6.84,1.28,1.35,1.34,17.0,5.0,13.0,35.0,2.0,0.0,0.0,6.0,0.0,6.0,8.0,15.0,20.0,3.0,6.0,14.0,21.0,5.0,13.0,16.0,6.0,0.0,0.42,0.88,0.0,1.0,1.0,0.0,35.39,22.0,22.27,7.0,0.21,0.0,0.0,1.51,1.57,1.56,13.38,1.05,0.83,4.22,0.47,6.61,4.82,0.98,1.04,0.97,11.0,7.0,16.0,34.0,0.0,3.0,0.0,3.0,0.0,7.0,5.0,11.0,18.0,4.0,8.0,12.0,13.0,4.0,11.0,13.0,5.0,0.0,0.33,0.72,0.0,0.0,0.0,0.0,34.41,18.0,17.79,6.0,0.17,0.34,0.34,0.89,0.88,0.85
84764678479372,2025,Mahura-Oleksiak,SEA,pairing,5on5,2,1342.0,6.0,0.36,0.36,0.37,8.13,0.32,0.44,2.27,0.25,4.49,3.23,0.31,0.32,0.31,7.0,4.0,4.0,15.0,0.0,0.0,0.0,1.0,0.0,5.0,5.0,7.0,11.0,1.0,2.0,16.0,20.0,1.0,9.0,10.0,1.0,0.0,0.24,0.08,0.0,0.0,0.0,0.0,15.09,11.0,11.19,5.0,0.09,0.0,0.0,0.41,0.41,0.4,13.73,0.58,0.79,3.7,0.43,7.96,5.54,0.57,0.6,0.59,14.0,5.0,8.0,27.0,0.0,0.0,0.0,3.0,0.0,5.0,11.0,14.0,19.0,1.0,2.0,12.0,6.0,1.0,6.0,17.0,2.0,0.0,0.37,0.21,0.0,0.0,0.0,0.0,27.06,19.0,19.11,1.0,0.16,0.0,0.0,0.74,0.76,0.75
847645984764688482157,2025,Cuylle-Zibanejad-Miller,NYR,line,5on5,2,1035.0,5.0,0.61,0.49,0.48,9.48,1.08,0.68,2.54,0.34,5.03,3.33,1.07,1.04,1.03,7.0,6.0,6.0,19.0,0.0,2.0,0.0,3.0,0.0,5.0,3.0,7.0,13.0,3.0,6.0,12.0,10.0,3.0,5.0,7.0,5.0,1.0,0.2,0.57,0.31,0.0,0.0,0.0,18.39,13.0,12.72,2.0,0.14,0.44,0.44,0.79,0.78,0.77,10.72,0.7,0.76,2.71,0.3,5.59,3.94,0.61,0.74,0.65,7.0,7.0,6.0,20.0,0.0,1.0,0.0,0.0,0.0,8.0,5.0,7.0,14.0,2.0,4.0,7.0,7.0,1.0,4.0,12.0,2.0,0.0,0.4,0.29,0.0,0.0,0.0,0.0,20.88,14.0,14.5,1.0,0.16,0.14,0.14,0.72,0.76,0.66
847842184793168479981,2025,Greer-Kunin-Gadjovich,FLA,line,5on5,3,1207.0,10.0,0.72,0.48,0.5,7.0,0.83,0.48,1.82,0.24,3.3,2.32,0.83,0.81,0.81,8.0,1.0,5.0,14.0,1.0,0.0,0.0,4.0,0.0,3.0,1.0,7.0,8.0,2.0,4.0,10.0,20.0,1.0,5.0,5.0,3.0,1.0,0.13,0.46,0.24,0.0,0.0,1.0,14.12,9.0,8.96,3.0,0.11,0.0,0.0,0.94,0.91,0.91,6.08,0.32,0.33,1.92,0.22,3.56,2.65,0.31,0.31,0.31,5.0,4.0,6.0,15.0,0.0,0.0,0.0,0.0,0.0,5.0,4.0,5.0,9.0,1.0,2.0,14.0,18.0,3.0,12.0,8.0,1.0,0.0,0.19,0.12,0.0,0.0,0.0,0.0,14.56,9.0,8.8,4.0,0.07,0.0,0.0,0.38,0.38,0.38
84815688483506,2025,Rinzel-Vlasic,CHI,pairing,5on5,2,1128.0,3.0,0.23,0.37,0.29,4.32,0.28,0.23,1.09,0.14,2.5,1.75,0.28,0.29,0.29,4.0,2.0,7.0,13.0,0.0,0.0,0.0,3.0,0.0,3.0,0.0,4.0,6.0,2.0,4.0,6.0,7.0,2.0,8.0,4.0,2.0,0.0,0.06,0.23,0.0,0.0,0.0,0.0,13.17,6.0,6.12,4.0,0.04,0.0,0.0,0.33,0.34,0.34,10.81,0.95,0.68,2.51,0.35,5.92,4.6,0.94,0.96,0.95,12.0,3.0,7.0,22.0,1.0,1.0,0.0,3.0,0.0,3.0,7.0,11.0,14.0,3.0,6.0,14.0,7.0,0.0,5.0,10.0,5.0,0.0,0.29,0.66,0.0,1.0,0.0,0.0,22.27,15.0,15.25,3.0,0.14,0.17,0.17,0.92,0.93,0.92
84764738482807,2025,Del Mastro-Murphy,CHI,pairing,5on5,1,857.0,2.0,0.23,0.31,0.32,5.89,0.37,0.31,1.53,0.18,3.18,2.43,0.37,0.39,0.39,5.0,3.0,3.0,11.0,0.0,0.0,0.0,1.0,1.0,3.0,3.0,5.0,8.0,0.0,0.0,9.0,7.0,0.0,5.0,6.0,2.0,0.0,0.14,0.23,0.0,0.0,0.0,0.0,11.24,8.0,8.18,3.0,0.06,0.0,0.0,0.43,0.45,0.45,12.78,1.22,0.86,3.41,0.44,6.46,4.59,1.18,1.19,1.15,11.0,6.0,7.0,24.0,1.0,1.0,0.0,6.0,0.0,1.0,8.0,10.0,16.0,1.0,2.0,8.0,10.0,1.0,1.0,11.0,5.0,1.0,0.32,0.67,0.23,0.0,1.0,0.0,23.51,17.0,16.73,0.0,0.18,0.23,0.23,1.18,1.14,1.13
84768538478443,2025,Rielly-Carlo,TOR,pairing,5on5,2,1598.0,3.0,0.5,0.43,0.46,15.76,1.51,1.01,4.07,0.58,7.98,5.87,1.48,1.52,1.49,19.0,2.0,6.0,27.0,4.0,1.0,0.0,4.0,0.0,6.0,6.0,15.0,17.0,2.0,4.0,14.0,16.0,3.0,4.0,13.0,7.0,1.0,0.33,0.96,0.22,1.0,3.0,0.0,27.92,21.0,21.6,3.0,0.21,0.14,0.14,1.59,1.6,1.57,16.95,1.53,1.21,3.9,0.58,10.44,7.35,1.51,1.48,1.46,20.0,5.0,11.0,36.0,1.0,1.0,0.0,0.0,0.0,9.0,14.0,19.0,24.0,0.0,0.0,14.0,9.0,2.0,7.0,18.0,7.0,0.0,0.76,0.78,0.0,1.0,0.0,0.0,34.8,25.0,23.92,2.0,0.24,0.08,0.08,1.7,1.64,1.62
847528784765398478047,2025,Bunting-Haula-Marchessault,NSH,line,5on5,2,1017.0,3.0,0.38,0.43,0.4,5.84,0.63,0.39,1.46,0.19,3.14,2.19,0.62,0.61,0.6,6.0,2.0,4.0,12.0,1.0,1.0,0.0,0.0,0.0,5.0,1.0,5.0,7.0,1.0,2.0,14.0,11.0,5.0,7.0,6.0,1.0,1.0,0.2,0.16,0.28,1.0,0.0,0.0,11.81,8.0,7.9,3.0,0.08,0.16,0.16,0.55,0.53,0.53,8.85,1.02,0.63,2.04,0.32,4.5,3.5,1.0,1.07,1.06,10.0,2.0,4.0,16.0,1.0,1.0,0.0,1.0,0.0,5.0,4.0,9.0,11.0,3.0,6.0,4.0,6.0,2.0,8.0,8.0,2.0,2.0,0.18,0.28,0.56,0.0,1.0,0.0,16.48,12.0,12.31,5.0,0.13,0.35,0.35,0.8,0.85,0.83
84751888477447,2025,Theodore-Mcnabb,VGK,pairing,5on5,3,2832.0,4.0,0.54,0.57,0.54,22.73,1.9,1.44,5.79,0.73,12.19,8.96,1.83,1.89,1.82,21.0,10.0,21.0,52.0,0.0,2.0,0.0,4.0,0.0,12.0,13.0,21.0,31.0,1.0,2.0,29.0,13.0,3.0,17.0,21.0,10.0,0.0,0.59,1.3,0.0,0.0,0.0,0.0,51.66,31.0,30.56,7.0,0.3,0.2,0.2,1.99,1.98,1.95,18.84,1.6,1.1,5.17,0.67,9.92,7.54,1.58,1.63,1.61,16.0,10.0,13.0,39.0,1.0,1.0,0.0,6.0,0.0,5.0,13.0,15.0,25.0,1.0,2.0,21.0,22.0,3.0,16.0,21.0,2.0,3.0,0.49,0.28,0.83,0.0,0.0,1.0,39.91,26.0,26.55,8.0,0.23,0.41,0.41,1.42,1.46,1.44
84800018482073,2025,Vaakanainen-Schneider,NYR,pairing,5on5,3,2224.0,6.0,0.51,0.48,0.45,16.78,1.9,1.1,4.29,0.54,8.2,5.98,1.77,1.95,1.81,14.0,8.0,10.0,32.0,0.0,4.0,0.0,2.0,0.0,9.0,7.0,14.0,22.0,2.0,4.0,15.0,28.0,4.0,10.0,13.0,6.0,3.0,0.29,0.74,0.87,0.0,0.0,0.0,33.06,22.0,22.81,4.0,0.23,0.79,0.79,1.33,1.37,1.35,20.14,1.83,1.23,5.23,0.7,10.22,7.79,1.64,1.87,1.66,19.0,8.0,7.0,34.0,1.0,4.0,0.0,5.0,0.0,9.0,8.0,18.0,26.0,2.0,4.0,11.0,19.0,1.0,16.0,22.0,1.0,4.0,0.52,0.16,1.15,0.0,0.0,1.0,33.5,27.0,26.55,6.0,0.26,0.95,0.95,1.14,1.13,1.04
847638984785508482109,2025,Lafrenire-Trocheck-Panarin,NYR,line,5on5,2,1042.0,5.0,0.49,0.4,0.45,7.34,0.73,0.51,1.94,0.26,3.82,2.74,0.72,0.73,0.72,9.0,1.0,2.0,12.0,1.0,2.0,1.0,1.0,0.0,3.0,3.0,8.0,9.0,0.0,0.0,7.0,7.0,2.0,8.0,7.0,2.0,1.0,0.15,0.28,0.31,0.0,1.0,0.0,11.74,10.0,9.74,4.0,0.11,0.48,0.48,0.36,0.35,0.35,8.48,0.75,0.59,2.16,0.3,4.74,3.46,0.69,0.79,0.73,11.0,1.0,6.0,18.0,1.0,1.0,0.0,2.0,0.0,1.0,7.0,10.0,11.0,1.0,2.0,7.0,8.0,1.0,3.0,10.0,1.0,1.0,0.36,0.15,0.24,0.0,0.0,1.0,18.39,12.0,12.21,3.0,0.13,0.15,0.15,0.73,0.76,0.7
847576884800098483524,2025,Schwartz-Wright-Tolvanen,SEA,line,5on5,2,840.0,8.0,0.31,0.34,0.33,5.86,0.24,0.29,1.63,0.18,3.32,2.33,0.24,0.24,0.24,7.0,1.0,4.0,12.0,1.0,0.0,0.0,3.0,0.0,2.0,2.0,6.0,7.0,0.0,0.0,8.0,19.0,0.0,5.0,8.0,0.0,0.0,0.24,0.0,0.0,1.0,0.0,0.0,12.02,8.0,8.13,2.0,0.06,0.0,0.0,0.3,0.3,0.29,11.3,0.55,0.67,3.09,0.4,6.56,4.73,0.54,0.56,0.55,12.0,4.0,7.0,23.0,0.0,2.0,0.0,1.0,0.0,7.0,6.0,12.0,16.0,0.0,0.0,7.0,9.0,1.0,2.0,15.0,1.0,0.0,0.36,0.19,0.0,0.0,0.0,0.0,22.91,16.0,15.99,2.0,0.13,0.2,0.2,0.48,0.5,0.49
847959184796618483489,2025,Jeannot-Minten-Eyssimont,BOS,line,5on5,3,1537.0,10.0,0.52,0.43,0.45,13.22,1.13,0.86,3.13,0.42,6.39,5.07,1.1,1.11,1.09,10.0,7.0,7.0,24.0,1.0,2.0,1.0,1.0,0.0,3.0,10.0,9.0,16.0,0.0,0.0,16.0,14.0,0.0,6.0,13.0,3.0,1.0,0.47,0.44,0.21,0.0,0.0,1.0,24.19,17.0,17.17,4.0,0.18,0.41,0.41,0.9,0.9,0.89,15.57,1.03,0.97,4.44,0.53,8.25,5.78,0.98,1.05,1.0,15.0,6.0,11.0,32.0,2.0,2.0,0.0,5.0,0.0,7.0,5.0,13.0,19.0,0.0,0.0,18.0,14.0,2.0,8.0,17.0,4.0,0.0,0.58,0.45,0.0,2.0,0.0,0.0,32.12,21.0,21.15,0.0,0.2,0.21,0.21,1.02,1.03,0.99
84781368482122,2025,Middleton-Faber,MIN,pairing,5on5,2,1144.0,11.0,0.13,0.41,0.32,5.01,0.18,0.26,1.25,0.15,2.97,2.19,0.18,0.2,0.2,6.0,1.0,6.0,13.0,1.0,0.0,0.0,0.0,0.0,4.0,2.0,5.0,6.0,0.0,0.0,13.0,7.0,3.0,1.0,6.0,1.0,0.0,0.05,0.12,0.0,0.0,1.0,0.0,15.07,7.0,7.93,0.0,0.05,0.0,0.0,0.23,0.25,0.25,10.68,1.23,0.79,3.02,0.4,5.61,3.95,1.14,1.13,1.05,9.0,6.0,4.0,19.0,0.0,3.0,0.0,2.0,0.0,3.0,7.0,9.0,15.0,1.0,2.0,13.0,14.0,0.0,6.0,10.0,3.0,2.0,0.22,0.51,0.5,0.0,0.0,0.0,17.4,15.0,13.71,1.0,0.17,0.45,0.45,0.95,0.88,0.86
84764418482730,2025,Edmundson-Clarke,LAK,pairing,5on5,3,2199.0,8.0,0.72,0.51,0.59,17.68,1.61,1.22,4.5,0.57,9.45,6.64,1.59,1.63,1.61,16.0,8.0,11.0,35.0,2.0,1.0,0.0,6.0,0.0,10.0,5.0,14.0,22.0,5.0,13.0,20.0,31.0,6.0,14.0,17.0,5.0,2.0,0.56,0.5,0.55,0.0,1.0,1.0,34.42,24.0,23.78,7.0,0.25,0.32,0.32,1.54,1.58,1.56,12.48,0.61,0.74,4.0,0.4,6.65,4.59,0.6,0.61,0.6,9.0,8.0,16.0,33.0,0.0,1.0,0.0,2.0,0.0,6.0,8.0,9.0,17.0,6.0,15.0,22.0,21.0,3.0,18.0,15.0,2.0,0.0,0.38,0.24,0.0,0.0,0.0,0.0,33.19,17.0,16.95,8.0,0.15,0.03,0.03,0.74,0.73,0.71
847795384814918481617,2025,Kapanen-Philp-Podkolzin,EDM,line,5on5,2,1173.0,4.0,0.5,0.69,0.71,12.64,0.73,0.7,3.0,0.38,7.22,4.97,0.7,0.72,0.7,14.0,3.0,5.0,22.0,1.0,0.0,0.0,4.0,0.0,9.0,3.0,13.0,16.0,2.0,4.0,11.0,16.0,2.0,5.0,13.0,3.0,1.0,0.25,0.27,0.21,0.0,1.0,0.0,22.37,17.0,17.29,2.0,0.14,0.0,0.0,0.87,0.86,0.83,5.53,0.72,0.4,1.12,0.16,2.65,1.96,0.7,0.73,0.72,5.0,2.0,3.0,10.0,2.0,0.0,0.0,0.0,0.0,4.0,1.0,3.0,5.0,2.0,4.0,5.0,9.0,1.0,7.0,5.0,1.0,1.0,0.23,0.2,0.29,1.0,0.0,1.0,9.92,7.0,6.93,4.0,0.08,0.0,0.0,0.8,0.82,0.8
847742584799448480806,2025,Wood-Lundestrom-Aston-Reese,CBJ,line,5on5,2,873.0,6.0,0.25,0.33,0.25,3.99,0.26,0.19,0.99,0.12,1.71,1.74,0.26,0.28,0.28,3.0,2.0,6.0,11.0,1.0,0.0,0.0,2.0,0.0,1.0,1.0,2.0,4.0,1.0,2.0,7.0,10.0,2.0,6.0,4.0,0.0,1.0,0.04,0.0,0.21,0.0,0.0,1.0,12.18,5.0,5.29,3.0,0.04,0.0,0.0,0.3,0.32,0.32,10.43,0.79,0.67,2.81,0.38,6.06,4.28,0.76,0.76,0.73,11.0,4.0,7.0,22.0,0.0,0.0,0.0,3.0,0.0,5.0,7.0,11.0,15.0,0.0,0.0,10.0,9.0,0.0,7.0,12.0,2.0,1.0,0.34,0.23,0.23,0.0,0.0,0.0,20.69,15.0,14.11,6.0,0.14,0.0,0.0,0.93,0.89,0.85
84799838480043,2025,Ferraro-Liljegren,SJS,pairing,5on5,2,1589.0,3.0,0.47,0.37,0.34,7.67,0.8,0.58,1.84,0.26,4.6,2.93,0.79,0.79,0.79,10.0,1.0,9.0,20.0,1.0,1.0,1.0,0.0,0.0,5.0,4.0,9.0,10.0,1.0,2.0,8.0,10.0,2.0,7.0,8.0,1.0,2.0,0.19,0.1,0.51,0.0,0.0,1.0,20.06,11.0,11.17,3.0,0.12,0.31,0.31,0.61,0.6,0.6,15.55,0.89,0.94,4.6,0.51,8.16,5.91,0.86,0.91,0.88,11.0,10.0,13.0,34.0,0.0,1.0,0.0,2.0,0.0,11.0,7.0,11.0,21.0,1.0,2.0,13.0,11.0,1.0,5.0,17.0,4.0,0.0,0.37,0.52,0.0,0.0,0.0,0.0,33.6,21.0,20.69,2.0,0.2,0.04,0.04,1.05,1.06,1.03
847572684775058482667,2025,Eklund-Wennberg-Toffoli,SJS,line,5on5,2,1128.0,4.0,0.32,0.42,0.41,7.7,0.51,0.45,1.91,0.27,4.43,3.44,0.51,0.5,0.5,10.0,1.0,7.0,18.0,0.0,0.0,0.0,3.0,0.0,4.0,4.0,10.0,11.0,0.0,0.0,7.0,2.0,1.0,5.0,9.0,1.0,1.0,0.2,0.1,0.21,0.0,0.0,0.0,17.95,11.0,11.1,2.0,0.09,0.0,0.0,0.6,0.59,0.59,12.01,1.06,0.82,3.16,0.39,6.1,4.47,1.02,1.08,1.05,7.0,9.0,9.0,25.0,1.0,1.0,0.0,0.0,0.0,9.0,5.0,6.0,15.0,0.0,0.0,11.0,9.0,1.0,6.0,11.0,5.0,0.0,0.3,0.76,0.0,0.0,1.0,0.0,24.91,16.0,15.82,4.0,0.17,0.04,0.04,1.19,1.22,1.18
84821058482245,2025,Sanderson-Zub,OTT,pairing,5on5,2,1569.0,5.0,0.64,0.65,0.7,16.06,1.23,0.91,4.01,0.46,8.14,6.25,1.18,1.28,1.23,17.0,4.0,9.0,30.0,2.0,1.0,1.0,3.0,0.0,6.0,9.0,15.0,19.0,4.0,11.0,22.0,24.0,1.0,8.0,16.0,3.0,2.0,0.32,0.41,0.5,0.0,1.0,1.0,29.72,21.0,21.05,4.0,0.19,0.28,0.28,1.14,1.17,1.16,7.12,0.68,0.4,1.97,0.23,3.28,2.45,0.68,0.68,0.68,5.0,4.0,7.0,16.0,1.0,0.0,0.0,1.0,0.0,6.0,1.0,4.0,8.0,3.0,9.0,10.0,16.0,3.0,10.0,6.0,3.0,0.0,0.17,0.51,0.0,1.0,0.0,0.0,16.68,9.0,9.27,5.0,0.08,0.0,0.0,0.76,0.76,0.76
84810068482733,2025,Tucker-Mailloux,STL,pairing,5on5,2,1003.0,6.0,0.35,0.49,0.45,9.41,0.8,0.66,2.34,0.38,5.13,3.7,0.8,0.74,0.74,6.0,7.0,5.0,18.0,0.0,1.0,0.0,5.0,0.0,2.0,5.0,6.0,13.0,2.0,7.0,7.0,16.0,5.0,1.0,10.0,1.0,2.0,0.28,0.1,0.42,0.0,0.0,0.0,16.47,13.0,12.02,0.0,0.14,0.01,0.01,0.93,0.86,0.86,12.44,1.49,0.92,2.51,0.4,5.73,4.95,1.38,1.57,1.46,8.0,8.0,3.0,19.0,3.0,1.0,0.0,0.0,0.0,5.0,7.0,5.0,13.0,2.0,7.0,11.0,7.0,2.0,2.0,8.0,6.0,2.0,0.22,0.84,0.43,1.0,1.0,1.0,20.92,16.0,17.07,0.0,0.2,0.19,0.19,1.5,1.59,1.5
847795184793438480855,2025,Schmaltz-Mcbain-Keller,UTA,line,5on5,2,1158.0,2.0,0.52,0.44,0.54,11.57,1.3,0.75,3.1,0.34,5.63,3.88,1.24,1.34,1.27,12.0,3.0,3.0,18.0,1.0,3.0,0.0,5.0,0.0,4.0,2.0,11.0,14.0,2.0,4.0,5.0,4.0,0.0,8.0,11.0,1.0,3.0,0.31,0.14,0.85,0.0,0.0,1.0,18.01,15.0,14.93,2.0,0.16,0.56,0.56,0.9,0.93,0.91,9.8,1.19,0.64,2.48,0.32,4.89,3.48,1.11,1.17,1.09,6.0,7.0,10.0,23.0,1.0,4.0,0.0,0.0,0.0,4.0,4.0,5.0,12.0,0.0,0.0,14.0,11.0,2.0,6.0,9.0,2.0,2.0,0.3,0.34,0.54,1.0,0.0,0.0,22.98,13.0,13.23,5.0,0.13,0.7,0.7,0.62,0.61,0.6
84784688481527,2025,Lauzon-Korczak,VGK,pairing,5on5,3,1983.0,9.0,0.64,0.67,0.73,18.81,1.2,1.03,4.58,0.61,10.91,8.67,1.2,1.2,1.2,15.0,12.0,9.0,36.0,2.0,0.0,0.0,1.0,0.0,12.0,12.0,13.0,25.0,3.0,6.0,20.0,29.0,3.0,11.0,22.0,5.0,0.0,0.56,0.64,0.0,2.0,0.0,0.0,35.51,27.0,26.66,4.0,0.21,0.0,0.0,1.41,1.41,1.41,7.51,0.69,0.54,1.92,0.26,3.7,2.9,0.68,0.69,0.69,5.0,5.0,8.0,18.0,1.0,1.0,0.0,2.0,0.0,5.0,1.0,4.0,9.0,4.0,11.0,12.0,28.0,0.0,13.0,6.0,4.0,0.0,0.16,0.53,0.0,0.0,1.0,0.0,18.11,10.0,10.19,7.0,0.11,0.04,0.04,0.76,0.77,0.77
847692584784348479353,2025,Howden-Sissons-Kolesar,VGK,line,5on5,3,1620.0,8.0,0.45,0.55,0.5,11.34,0.94,0.81,2.61,0.37,6.6,4.66,0.94,0.95,0.95,12.0,4.0,10.0,26.0,1.0,0.0,0.0,3.0,0.0,8.0,4.0,11.0,15.0,3.0,6.0,20.0,27.0,2.0,10.0,11.0,5.0,0.0,0.29,0.65,0.0,0.0,1.0,0.0,25.9,16.0,15.79,7.0,0.17,0.0,0.0,1.11,1.12,1.12,11.86,1.16,0.79,3.34,0.39,5.91,4.41,1.08,1.15,1.07,11.0,5.0,5.0,21.0,1.0,3.0,1.0,3.0,0.0,5.0,4.0,10.0,15.0,3.0,9.0,10.0,27.0,1.0,16.0,12.0,2.0,2.0,0.38,0.3,0.48,0.0,0.0,1.0,21.31,16.0,16.17,6.0,0.17,0.52,0.52,0.81,0.8,0.78
848161884827758484984,2025,Kapanen-Newhook-Demidov,MTL,line,5on5,3,1513.0,8.0,0.19,0.33,0.25,6.06,0.32,0.32,1.77,0.21,3.53,2.84,0.32,0.33,0.33,6.0,3.0,5.0,14.0,1.0,0.0,0.0,2.0,0.0,2.0,4.0,5.0,8.0,2.0,7.0,10.0,14.0,2.0,7.0,7.0,2.0,0.0,0.12,0.19,0.0,0.0,1.0,0.0,14.6,9.0,9.08,5.0,0.07,0.0,0.0,0.38,0.4,0.4,19.96,1.39,1.19,5.64,0.67,10.59,7.52,1.29,1.3,1.22,21.0,6.0,2.0,29.0,0.0,3.0,0.0,6.0,0.0,12.0,6.0,21.0,27.0,4.0,11.0,17.0,15.0,7.0,7.0,22.0,4.0,1.0,0.63,0.52,0.23,0.0,0.0,0.0,27.38,27.0,25.67,3.0,0.25,0.42,0.42,1.22,1.15,1.07
847414184793378483464,2025,Debrincat-Kasper-Kane,DET,line,5on5,2,1216.0,4.0,0.77,0.78,0.81,16.59,1.19,1.09,3.89,0.61,10.97,7.25,1.15,1.09,1.06,19.0,6.0,7.0,32.0,2.0,1.0,0.0,1.0,0.0,16.0,5.0,17.0,23.0,1.0,2.0,6.0,8.0,2.0,7.0,21.0,4.0,0.0,0.73,0.46,0.0,1.0,1.0,0.0,29.52,25.0,23.2,1.0,0.22,0.14,0.14,1.26,1.17,1.13,4.49,0.35,0.24,1.14,0.14,2.35,1.78,0.35,0.39,0.39,4.0,2.0,3.0,9.0,2.0,0.0,0.0,1.0,0.0,1.0,2.0,2.0,4.0,0.0,0.0,7.0,6.0,0.0,5.0,4.0,2.0,0.0,0.13,0.22,0.0,0.0,2.0,0.0,10.17,6.0,6.66,1.0,0.05,0.0,0.0,0.4,0.45,0.45
84745788478450,2025,Wotherspoon-Karlsson,PIT,pairing,5on5,3,2079.0,5.0,0.5,0.5,0.49,17.37,1.79,1.22,4.23,0.56,8.69,6.52,1.72,1.78,1.7,17.0,6.0,10.0,33.0,0.0,4.0,0.0,4.0,0.0,6.0,9.0,17.0,23.0,2.0,4.0,12.0,13.0,6.0,15.0,15.0,6.0,2.0,0.39,0.89,0.52,0.0,0.0,0.0,32.98,23.0,23.14,7.0,0.26,0.71,0.71,1.33,1.34,1.33,18.07,1.78,1.18,5.16,0.65,8.68,6.56,1.66,1.81,1.68,17.0,7.0,9.0,33.0,2.0,4.0,1.0,2.0,0.0,8.0,8.0,15.0,22.0,2.0,4.0,11.0,18.0,3.0,11.0,18.0,4.0,2.0,0.58,0.59,0.62,2.0,0.0,0.0,34.0,24.0,24.16,4.0,0.25,0.68,0.68,1.35,1.39,1.38
84821318484321,2025,Sebrango-Matinpalo,OTT,pairing,5on5,2,1503.0,5.0,0.4,0.49,0.45,6.54,0.33,0.31,1.67,0.2,3.49,3.01,0.33,0.32,0.32,5.0,4.0,11.0,20.0,0.0,0.0,0.0,2.0,0.0,1.0,6.0,5.0,9.0,1.0,5.0,11.0,17.0,4.0,8.0,7.0,2.0,0.0,0.11,0.21,0.0,0.0,0.0,0.0,19.04,9.0,8.63,3.0,0.06,0.0,0.0,0.39,0.38,0.38,7.77,0.49,0.43,2.17,0.27,4.56,3.07,0.48,0.49,0.48,11.0,0.0,10.0,21.0,1.0,2.0,0.0,1.0,0.0,5.0,2.0,10.0,10.0,2.0,7.0,8.0,30.0,1.0,5.0,8.0,3.0,0.0,0.22,0.27,0.0,1.0,0.0,0.0,22.06,11.0,11.28,1.0,0.09,0.11,0.11,0.48,0.48,0.46
847794284821248482155,2025,Fiala-Byfield-Laferriere,LAK,line,5on5,3,1535.0,5.0,0.44,0.46,0.42,11.11,0.69,0.59,3.28,0.37,5.89,4.17,0.69,0.68,0.67,12.0,3.0,10.0,25.0,0.0,1.0,0.0,4.0,0.0,7.0,3.0,12.0,15.0,4.0,8.0,10.0,20.0,4.0,13.0,13.0,1.0,1.0,0.29,0.08,0.32,0.0,0.0,0.0,24.57,15.0,14.6,6.0,0.12,0.32,0.32,0.49,0.49,0.49,15.24,0.88,0.89,3.82,0.45,8.65,6.31,0.87,0.88,0.87,15.0,6.0,8.0,29.0,2.0,0.0,0.0,3.0,0.0,10.0,6.0,13.0,19.0,3.0,6.0,23.0,11.0,1.0,15.0,17.0,4.0,0.0,0.44,0.44,0.0,1.0,1.0,0.0,28.64,21.0,20.78,5.0,0.18,0.0,0.0,1.06,1.06,1.05
847167584758108476483,2025,Rust-Crosby-Rakell,PIT,line,5on5,1,770.0,1.0,0.26,0.41,0.44,6.13,0.42,0.46,1.35,0.18,3.23,2.36,0.4,0.39,0.36,4.0,4.0,1.0,9.0,0.0,0.0,0.0,2.0,0.0,3.0,3.0,4.0,8.0,0.0,0.0,4.0,5.0,2.0,4.0,6.0,2.0,0.0,0.19,0.23,0.0,0.0,0.0,0.0,8.14,8.0,7.34,4.0,0.09,0.0,0.0,0.52,0.47,0.44,7.99,1.19,0.6,1.78,0.25,3.66,2.52,1.15,1.34,1.3,8.0,2.0,3.0,13.0,2.0,1.0,0.0,0.0,0.0,5.0,2.0,6.0,8.0,1.0,2.0,7.0,12.0,1.0,4.0,5.0,3.0,2.0,0.21,0.41,0.56,0.0,1.0,1.0,15.15,10.0,11.39,0.0,0.13,0.31,0.31,1.0,1.14,1.11
847854284800038482713,2025,Boqvist-Rodrigues-Samoskevich,FLA,line,5on5,3,1603.0,9.0,0.35,0.57,0.5,12.53,0.77,0.68,3.35,0.41,6.93,4.86,0.76,0.76,0.75,13.0,4.0,10.0,27.0,1.0,1.0,0.0,5.0,0.0,4.0,6.0,12.0,16.0,2.0,4.0,15.0,22.0,2.0,5.0,13.0,4.0,0.0,0.32,0.45,0.0,0.0,1.0,0.0,27.42,17.0,17.1,1.0,0.14,0.12,0.12,0.8,0.79,0.78,13.15,1.42,0.76,3.24,0.4,6.29,4.88,1.41,1.43,1.42,11.0,6.0,3.0,20.0,0.0,2.0,0.0,1.0,1.0,7.0,6.0,11.0,17.0,1.0,2.0,19.0,11.0,2.0,11.0,12.0,2.0,3.0,0.3,0.37,0.76,0.0,0.0,0.0,19.64,17.0,16.88,4.0,0.16,0.53,0.53,1.05,1.06,1.06
847629284794078481559,2025,Palat-Hughes-Bratt,NJD,line,5on5,2,728.0,7.0,0.8,0.73,0.78,10.11,1.45,0.72,2.27,0.38,5.24,3.94,1.29,1.64,1.45,8.0,6.0,2.0,16.0,1.0,2.0,0.0,1.0,0.0,7.0,3.0,7.0,13.0,1.0,2.0,5.0,5.0,2.0,5.0,8.0,3.0,3.0,0.28,0.36,0.81,1.0,0.0,0.0,18.24,14.0,15.78,0.0,0.15,0.59,0.59,1.01,1.13,1.1,3.05,0.37,0.18,0.64,0.1,1.57,1.14,0.37,0.35,0.35,2.0,2.0,2.0,6.0,1.0,0.0,0.0,0.0,0.0,2.0,1.0,1.0,3.0,1.0,2.0,5.0,6.0,1.0,3.0,3.0,1.0,0.0,0.21,0.16,0.0,0.0,1.0,0.0,5.64,4.0,3.86,0.0,0.04,0.0,0.0,0.41,0.39,0.39
847574584796718482660,2025,Johnson-Coyle-Olivier,CBJ,line,5on5,2,848.0,7.0,0.25,0.54,0.5,6.25,0.29,0.36,1.49,0.2,3.89,2.77,0.27,0.31,0.29,7.0,2.0,4.0,13.0,0.0,0.0,0.0,1.0,0.0,3.0,5.0,7.0,9.0,0.0,0.0,9.0,8.0,1.0,5.0,8.0,1.0,0.0,0.2,0.09,0.0,0.0,0.0,0.0,13.14,9.0,9.14,4.0,0.07,0.0,0.0,0.37,0.39,0.36,6.83,0.89,0.47,1.52,0.2,3.26,2.66,0.89,0.84,0.83,7.0,2.0,2.0,11.0,0.0,1.0,0.0,3.0,0.0,3.0,2.0,7.0,9.0,1.0,2.0,6.0,6.0,5.0,5.0,5.0,2.0,2.0,0.11,0.2,0.59,0.0,0.0,0.0,10.46,9.0,8.62,5.0,0.1,0.31,0.31,0.68,0.65,0.65
847643284827058484166,2025,Jenner-Fantilli-Sillinger,CBJ,line,5on5,2,1037.0,5.0,0.51,0.59,0.5,10.28,0.91,0.66,2.25,0.34,5.97,4.87,0.91,0.97,0.97,10.0,5.0,11.0,26.0,2.0,0.0,0.0,3.0,0.0,6.0,4.0,8.0,13.0,3.0,6.0,9.0,6.0,3.0,5.0,11.0,3.0,1.0,0.34,0.35,0.21,2.0,0.0,0.0,27.79,15.0,15.98,4.0,0.14,0.0,0.0,1.04,1.11,1.11,11.02,0.89,0.68,2.95,0.38,5.77,4.33,0.87,0.84,0.83,12.0,3.0,3.0,18.0,1.0,1.0,0.0,2.0,0.0,8.0,3.0,11.0,14.0,1.0,2.0,9.0,7.0,1.0,5.0,12.0,2.0,1.0,0.28,0.27,0.34,1.0,0.0,0.0,17.37,15.0,14.64,3.0,0.14,0.34,0.34,0.69,0.66,0.65
847575484764558477501,2025,Landeskog-Nelson-Nichushkin,COL,line,5on5,3,1671.0,6.0,0.48,0.58,0.57,17.52,1.22,1.17,4.29,0.6,10.81,7.91,1.19,1.2,1.17,15.0,11.0,8.0,34.0,0.0,0.0,0.0,2.0,0.0,16.0,8.0,15.0,26.0,2.0,4.0,13.0,11.0,3.0,12.0,19.0,7.0,0.0,0.57,0.65,0.0,0.0,0.0,0.0,34.14,26.0,26.0,6.0,0.24,0.0,0.0,1.46,1.44,1.4,15.05,1.32,0.99,3.91,0.44,7.67,5.67,1.23,1.35,1.26,15.0,5.0,5.0,25.0,1.0,3.0,0.0,6.0,0.0,7.0,3.0,14.0,19.0,2.0,4.0,13.0,14.0,3.0,15.0,16.0,2.0,2.0,0.51,0.28,0.53,0.0,1.0,0.0,24.81,20.0,19.84,11.0,0.2,0.56,0.56,0.97,0.99,0.93
847846384821488484186,2025,Beauvillier-Lapierre-Leonard,WSH,line,5on5,2,695.0,9.0,0.43,0.26,0.32,5.24,0.67,0.28,1.09,0.17,2.74,2.05,0.65,0.71,0.7,4.0,3.0,0.0,7.0,0.0,1.0,0.0,1.0,0.0,4.0,1.0,4.0,7.0,2.0,4.0,1.0,6.0,2.0,5.0,4.0,2.0,1.0,0.1,0.25,0.33,0.0,0.0,0.0,7.67,7.0,7.6,1.0,0.06,0.33,0.33,0.4,0.42,0.41,9.79,0.88,0.69,2.44,0.34,6.41,4.24,0.85,0.84,0.82,5.0,10.0,5.0,20.0,0.0,1.0,0.0,1.0,0.0,6.0,7.0,5.0,15.0,1.0,2.0,6.0,7.0,0.0,2.0,12.0,2.0,1.0,0.47,0.19,0.22,0.0,0.0,0.0,18.74,15.0,14.29,1.0,0.14,0.03,0.03,0.99,0.95,0.92
84789118480873,2025,Sandin-Roy,WSH,pairing,5on5,2,1553.0,4.0,0.4,0.38,0.34,7.16,0.67,0.43,1.75,0.24,3.94,2.97,0.64,0.71,0.68,5.0,5.0,8.0,18.0,0.0,0.0,0.0,3.0,0.0,4.0,3.0,5.0,10.0,1.0,2.0,14.0,17.0,3.0,10.0,6.0,4.0,0.0,0.14,0.53,0.0,0.0,0.0,0.0,19.09,10.0,10.72,4.0,0.09,0.0,0.0,0.76,0.81,0.77,12.93,0.99,0.81,2.99,0.47,7.89,5.84,0.97,0.95,0.93,8.0,11.0,10.0,29.0,0.0,0.0,0.0,1.0,0.0,7.0,11.0,8.0,19.0,0.0,0.0,9.0,22.0,0.0,5.0,15.0,3.0,1.0,0.47,0.29,0.22,0.0,0.0,0.0,27.26,19.0,18.21,3.0,0.17,0.0,0.0,1.16,1.11,1.09
84783968480727,2025,Hanifin-Whitecloud,VGK,pairing,5on5,1,961.0,1.0,0.5,0.59,0.61,10.09,0.53,0.54,2.65,0.32,5.63,4.34,0.53,0.51,0.51,11.0,3.0,3.0,17.0,1.0,1.0,0.0,2.0,0.0,3.0,7.0,10.0,13.0,0.0,0.0,9.0,5.0,1.0,8.0,11.0,3.0,0.0,0.14,0.39,0.0,0.0,1.0,0.0,15.95,14.0,13.18,2.0,0.11,0.14,0.14,0.5,0.48,0.48,6.5,0.53,0.45,1.71,0.19,3.56,2.57,0.53,0.56,0.56,8.0,1.0,3.0,12.0,1.0,0.0,0.0,1.0,0.0,4.0,3.0,7.0,8.0,0.0,0.0,5.0,13.0,2.0,6.0,7.0,1.0,1.0,0.22,0.08,0.23,0.0,0.0,1.0,12.71,9.0,9.51,0.0,0.09,0.0,0.0,0.62,0.66,0.66
847167584764838482758,2025,Rakell-Crosby-Koivunen,PIT,line,5on5,2,1028.0,4.0,0.52,0.51,0.55,8.4,0.81,0.48,1.9,0.24,4.14,3.42,0.77,0.84,0.79,6.0,5.0,8.0,19.0,0.0,0.0,0.0,1.0,0.0,6.0,4.0,6.0,11.0,2.0,4.0,12.0,4.0,0.0,7.0,8.0,2.0,1.0,0.22,0.25,0.34,0.0,0.0,0.0,20.28,11.0,11.65,3.0,0.1,0.0,0.0,0.91,0.94,0.89,5.89,0.75,0.44,1.5,0.22,3.68,2.41,0.74,0.71,0.71,6.0,3.0,9.0,18.0,0.0,1.0,0.0,0.0,0.0,5.0,3.0,6.0,9.0,2.0,4.0,11.0,7.0,2.0,4.0,5.0,3.0,1.0,0.1,0.33,0.31,0.0,0.0,0.0,17.17,9.0,8.52,2.0,0.09,0.31,0.31,0.53,0.51,0.51
84768918483506,2025,Grzelcyk-Rinzel,CHI,pairing,5on5,3,1447.0,10.0,0.26,0.38,0.37,9.64,0.69,0.51,2.7,0.31,5.06,3.74,0.68,0.7,0.69,9.0,4.0,7.0,20.0,1.0,0.0,0.0,2.0,0.0,5.0,5.0,8.0,12.0,3.0,6.0,13.0,6.0,4.0,9.0,11.0,2.0,0.0,0.33,0.36,0.0,1.0,0.0,0.0,20.12,13.0,13.04,4.0,0.11,0.0,0.0,0.79,0.8,0.79,16.74,1.93,1.25,3.71,0.49,8.78,5.84,1.88,1.92,1.87,18.0,4.0,10.0,32.0,1.0,0.0,0.0,5.0,0.0,8.0,8.0,17.0,21.0,3.0,6.0,20.0,5.0,3.0,12.0,12.0,8.0,2.0,0.33,1.1,0.5,0.0,0.0,1.0,32.18,22.0,22.14,5.0,0.26,0.0,0.0,2.19,2.17,2.12
84735078484304,2025,Balinskis-Petry,FLA,pairing,5on5,1,880.0,1.0,0.35,0.38,0.38,4.22,0.17,0.2,1.39,0.17,2.35,1.72,0.17,0.18,0.18,3.0,3.0,2.0,8.0,1.0,0.0,0.0,0.0,0.0,3.0,2.0,2.0,5.0,2.0,4.0,8.0,12.0,0.0,6.0,6.0,0.0,0.0,0.17,0.0,0.0,1.0,0.0,0.0,8.5,6.0,6.14,3.0,0.04,0.0,0.0,0.21,0.22,0.22,7.26,0.33,0.34,1.79,0.23,3.8,3.52,0.32,0.32,0.31,5.0,5.0,3.0,13.0,0.0,0.0,0.0,0.0,0.0,6.0,4.0,5.0,10.0,0.0,0.0,9.0,5.0,3.0,7.0,9.0,1.0,0.0,0.2,0.12,0.0,0.0,0.0,0.0,11.8,10.0,9.55,3.0,0.07,0.0,0.0,0.39,0.38,0.38
84769178477506,2025,Pelech-Pulock,NYI,pairing,5on5,2,1481.0,5.0,0.37,0.48,0.37,9.29,0.9,0.58,2.55,0.36,4.85,3.75,0.9,0.92,0.92,8.0,5.0,10.0,23.0,0.0,1.0,0.0,1.0,0.0,7.0,4.0,8.0,13.0,0.0,0.0,14.0,17.0,0.0,11.0,9.0,3.0,1.0,0.28,0.36,0.26,0.0,0.0,0.0,22.67,13.0,12.77,5.0,0.12,0.02,0.02,1.0,1.02,1.02,16.7,1.53,0.91,4.32,0.51,8.21,6.52,1.47,1.63,1.57,13.0,9.0,3.0,25.0,1.0,1.0,0.0,5.0,0.0,7.0,8.0,12.0,21.0,0.0,0.0,20.0,11.0,4.0,8.0,15.0,5.0,2.0,0.43,0.55,0.55,1.0,0.0,0.0,27.08,22.0,23.49,4.0,0.19,0.05,0.05,1.67,1.78,1.72
847518484788738484153,2025,Kreider-Carlsson-Terry,ANA,line,5on5,2,1076.0,4.0,0.55,0.73,0.65,13.58,0.91,0.94,3.59,0.49,8.22,5.85,0.87,0.93,0.89,10.0,10.0,15.0,35.0,0.0,0.0,0.0,2.0,0.0,11.0,7.0,10.0,20.0,0.0,0.0,11.0,3.0,0.0,7.0,16.0,4.0,0.0,0.4,0.51,0.0,0.0,0.0,0.0,35.0,20.0,19.95,3.0,0.2,0.0,0.0,1.11,1.13,1.08,8.34,0.76,0.62,1.87,0.27,4.39,3.09,0.75,0.76,0.75,8.0,3.0,2.0,13.0,0.0,0.0,0.0,1.0,0.0,5.0,5.0,8.0,11.0,1.0,2.0,9.0,12.0,3.0,7.0,7.0,3.0,1.0,0.25,0.29,0.21,0.0,0.0,0.0,13.31,11.0,11.31,3.0,0.13,0.0,0.0,0.89,0.89,0.88
847794684820788484471,2025,Raymond-Larkin-Finnie,DET,line,5on5,2,1261.0,4.0,0.52,0.5,0.48,8.93,0.99,0.64,2.09,0.28,4.79,3.23,0.95,0.91,0.87,10.0,2.0,4.0,16.0,1.0,1.0,0.0,1.0,0.0,4.0,5.0,9.0,11.0,1.0,2.0,11.0,9.0,1.0,6.0,8.0,3.0,1.0,0.31,0.32,0.35,1.0,0.0,0.0,14.53,12.0,10.92,2.0,0.13,0.35,0.35,0.77,0.71,0.7,10.29,0.9,0.58,2.16,0.29,4.73,4.35,0.89,0.97,0.96,9.0,4.0,3.0,16.0,0.0,0.0,0.0,1.0,0.0,3.0,9.0,9.0,13.0,2.0,4.0,9.0,10.0,0.0,6.0,9.0,4.0,0.0,0.33,0.57,0.0,0.0,0.0,0.0,17.58,13.0,14.06,3.0,0.12,0.0,0.0,1.02,1.1,1.09
847842084784498480027,2025,Robertson-Hintz-Rantanen,DAL,line,5on5,2,714.0,4.0,0.38,0.32,0.46,4.13,0.39,0.28,0.94,0.13,2.47,1.8,0.39,0.42,0.42,5.0,1.0,0.0,6.0,3.0,0.0,0.0,0.0,0.0,1.0,2.0,2.0,3.0,2.0,6.0,4.0,2.0,1.0,6.0,5.0,1.0,0.0,0.25,0.14,0.0,3.0,0.0,0.0,6.62,6.0,6.6,3.0,0.06,0.0,0.0,0.44,0.49,0.49,5.44,0.63,0.4,1.35,0.15,2.63,1.83,0.63,0.59,0.59,5.0,2.0,6.0,13.0,0.0,0.0,0.0,1.0,0.0,4.0,2.0,5.0,7.0,2.0,4.0,10.0,8.0,3.0,4.0,3.0,3.0,1.0,0.08,0.33,0.22,0.0,0.0,0.0,12.21,7.0,6.65,2.0,0.09,0.0,0.0,0.72,0.67,0.67
84706138479398,2025,Girard-Burns,COL,pairing,5on5,2,1260.0,5.0,0.59,0.55,0.49,11.74,1.2,0.72,3.33,0.42,6.73,4.61,1.18,1.18,1.17,14.0,3.0,11.0,28.0,1.0,1.0,0.0,1.0,0.0,10.0,4.0,13.0,16.0,2.0,4.0,15.0,13.0,1.0,11.0,11.0,5.0,1.0,0.29,0.63,0.28,0.0,1.0,0.0,28.83,17.0,17.65,6.0,0.15,0.28,0.28,1.07,1.07,1.06,13.12,0.82,0.68,3.88,0.42,7.14,5.05,0.81,0.8,0.79,10.0,8.0,5.0,23.0,0.0,1.0,0.0,3.0,0.0,6.0,8.0,10.0,18.0,2.0,4.0,10.0,11.0,1.0,14.0,16.0,1.0,1.0,0.4,0.1,0.32,0.0,0.0,0.0,22.29,18.0,17.38,7.0,0.14,0.32,0.32,0.64,0.63,0.63
847514984774518478508,2025,Johansson-Hartman-Trenin,MIN,line,5on5,2,1058.0,5.0,0.76,0.53,0.67,12.34,1.85,0.84,2.4,0.37,5.76,4.78,1.82,1.83,1.8,13.0,3.0,2.0,18.0,2.0,2.0,0.0,3.0,0.0,4.0,5.0,11.0,14.0,0.0,0.0,11.0,8.0,3.0,5.0,8.0,4.0,4.0,0.15,0.54,1.16,1.0,1.0,0.0,18.52,16.0,16.41,1.0,0.18,0.65,0.65,1.38,1.41,1.38,5.6,0.57,0.44,1.33,0.26,3.18,2.22,0.57,0.56,0.56,4.0,4.0,8.0,16.0,1.0,1.0,0.0,0.0,0.0,2.0,4.0,3.0,7.0,0.0,0.0,8.0,19.0,1.0,4.0,6.0,1.0,1.0,0.18,0.18,0.21,0.0,1.0,0.0,16.18,8.0,7.85,0.0,0.1,0.01,0.01,0.66,0.65,0.65
84757648476892,2025,Fowler-Parayko,STL,pairing,5on5,2,1694.0,3.0,0.54,0.5,0.39,10.15,1.21,0.63,2.26,0.3,4.78,3.83,1.12,1.14,1.06,8.0,5.0,12.0,25.0,1.0,2.0,0.0,0.0,0.0,4.0,6.0,7.0,12.0,2.0,4.0,17.0,12.0,1.0,9.0,7.0,5.0,1.0,0.13,0.7,0.38,0.0,1.0,0.0,23.92,13.0,12.62,3.0,0.13,0.46,0.38,0.96,0.93,0.86,14.39,1.04,0.86,3.67,0.5,7.78,6.15,1.02,1.09,1.07,13.0,7.0,5.0,25.0,2.0,0.0,0.0,2.0,0.0,9.0,7.0,11.0,18.0,2.0,4.0,13.0,12.0,2.0,7.0,17.0,2.0,1.0,0.53,0.27,0.24,2.0,0.0,0.0,26.16,20.0,20.88,6.0,0.18,0.0,0.0,1.22,1.27,1.25
84788518482964,2025,Xhekaj-Carrier,MTL,pairing,5on5,3,1296.0,10.0,0.24,0.43,0.36,8.14,0.47,0.5,2.0,0.27,5.04,3.72,0.47,0.5,0.5,8.0,4.0,10.0,22.0,2.0,0.0,0.0,3.0,0.0,2.0,5.0,6.0,10.0,4.0,8.0,8.0,15.0,2.0,3.0,10.0,2.0,0.0,0.19,0.28,0.0,1.0,1.0,0.0,24.01,12.0,12.63,1.0,0.1,0.0,0.0,0.57,0.61,0.61,16.41,1.52,1.05,4.44,0.56,7.75,5.67,1.41,1.43,1.33,15.0,6.0,8.0,29.0,1.0,3.0,0.0,4.0,0.0,6.0,7.0,14.0,20.0,2.0,4.0,11.0,20.0,2.0,7.0,13.0,7.0,1.0,0.37,0.92,0.23,0.0,1.0,0.0,26.9,21.0,19.78,4.0,0.22,0.37,0.37,1.37,1.29,1.21
84745678478136,2025,Middleton-Bogosian,MIN,pairing,5on5,1,724.0,2.0,0.78,0.6,0.71,6.89,0.66,0.41,2.05,0.28,3.6,3.0,0.64,0.6,0.59,4.0,6.0,2.0,12.0,0.0,1.0,0.0,3.0,0.0,2.0,4.0,4.0,10.0,2.0,4.0,2.0,7.0,1.0,3.0,6.0,4.0,0.0,0.16,0.49,0.0,0.0,0.0,0.0,10.98,10.0,9.26,1.0,0.09,0.03,0.03,0.71,0.65,0.64,2.76,0.18,0.2,0.67,0.09,1.52,1.34,0.18,0.2,0.2,1.0,3.0,4.0,8.0,0.0,0.0,0.0,1.0,0.0,1.0,2.0,1.0,4.0,1.0,2.0,7.0,4.0,1.0,5.0,3.0,1.0,0.0,0.09,0.09,0.0,0.0,0.0,0.0,9.03,4.0,4.44,1.0,0.04,0.0,0.0,0.22,0.25,0.25
847749784808938481716,2025,Voronkov-Monahan-Marchenko,CBJ,line,5on5,2,1317.0,2.0,0.55,0.59,0.56,16.83,1.33,0.96,4.39,0.56,8.38,6.38,1.31,1.41,1.38,17.0,5.0,12.0,34.0,3.0,2.0,0.0,4.0,0.0,6.0,7.0,14.0,19.0,2.0,4.0,15.0,6.0,0.0,4.0,18.0,3.0,1.0,0.57,0.52,0.24,1.0,1.0,1.0,35.94,22.0,22.84,2.0,0.2,0.19,0.19,1.34,1.42,1.4,12.04,1.07,0.86,3.45,0.46,6.48,4.68,1.04,1.0,0.97,11.0,6.0,7.0,24.0,0.0,2.0,0.0,2.0,0.0,4.0,9.0,11.0,17.0,0.0,0.0,17.0,1.0,3.0,4.0,12.0,4.0,1.0,0.26,0.54,0.28,0.0,0.0,0.0,22.58,17.0,15.91,3.0,0.18,0.05,0.05,1.21,1.12,1.09
847398684757988478366,2025,Killorn-Granlund-Vatrano,ANA,line,5on5,2,1016.0,6.0,0.63,0.59,0.67,14.55,0.73,0.93,3.88,0.47,8.24,5.75,0.72,0.75,0.74,17.0,3.0,3.0,23.0,1.0,1.0,0.0,3.0,0.0,9.0,6.0,16.0,19.0,1.0,2.0,9.0,10.0,1.0,4.0,18.0,2.0,0.0,0.37,0.36,0.0,0.0,1.0,0.0,23.11,20.0,20.13,2.0,0.19,0.01,0.01,0.91,0.94,0.93,7.4,0.43,0.43,2.17,0.25,3.92,2.79,0.42,0.42,0.41,7.0,3.0,6.0,16.0,2.0,0.0,0.0,1.0,0.0,3.0,4.0,5.0,8.0,2.0,4.0,13.0,16.0,1.0,9.0,9.0,1.0,0.0,0.26,0.17,0.0,2.0,0.0,0.0,15.96,10.0,10.13,4.0,0.09,0.0,0.0,0.52,0.51,0.5
84770188480727,2025,Hutton-Whitecloud,VGK,pairing,5on5,2,1215.0,7.0,0.42,0.51,0.48,11.68,0.94,0.82,3.33,0.36,5.66,3.89,0.93,0.97,0.96,10.0,5.0,5.0,20.0,1.0,0.0,0.0,2.0,0.0,6.0,6.0,9.0,14.0,2.0,7.0,10.0,12.0,0.0,3.0,11.0,3.0,1.0,0.28,0.44,0.22,0.0,1.0,0.0,20.13,15.0,15.06,1.0,0.17,0.0,0.0,1.12,1.15,1.14,10.94,1.29,0.76,2.67,0.44,6.15,4.68,1.21,1.25,1.16,10.0,6.0,3.0,19.0,1.0,3.0,1.0,1.0,0.0,4.0,7.0,9.0,15.0,5.0,13.0,7.0,9.0,0.0,7.0,10.0,4.0,2.0,0.22,0.59,0.48,0.0,0.0,1.0,18.54,16.0,15.67,5.0,0.16,0.49,0.49,0.96,0.92,0.89
847458684779558482665,2025,Mccann-Beniers-Eberle,SEA,line,5on5,2,1358.0,2.0,0.66,0.54,0.58,15.54,1.9,1.21,4.3,0.56,8.5,5.53,1.76,1.88,1.74,11.0,11.0,4.0,26.0,1.0,3.0,0.0,3.0,0.0,7.0,8.0,10.0,21.0,1.0,2.0,12.0,16.0,0.0,10.0,12.0,8.0,2.0,0.3,1.03,0.57,0.0,1.0,0.0,26.24,22.0,22.24,2.0,0.27,0.58,0.58,1.58,1.55,1.51,11.12,0.98,0.81,2.62,0.38,6.51,4.71,0.93,1.01,0.97,9.0,7.0,6.0,22.0,1.0,1.0,0.0,2.0,0.0,5.0,7.0,8.0,15.0,1.0,2.0,12.0,13.0,0.0,7.0,12.0,3.0,1.0,0.33,0.35,0.29,0.0,0.0,1.0,22.11,16.0,16.08,2.0,0.17,0.01,0.01,1.14,1.18,1.12
84774888482684,2025,Hughes-Pesce,NJD,pairing,5on5,2,1567.0,3.0,0.63,0.47,0.55,13.5,1.54,0.83,3.62,0.47,6.58,4.95,1.39,1.72,1.54,11.0,7.0,3.0,21.0,1.0,2.0,0.0,2.0,0.0,8.0,5.0,10.0,17.0,2.0,4.0,13.0,20.0,2.0,13.0,13.0,2.0,3.0,0.48,0.26,0.81,1.0,0.0,0.0,23.41,18.0,19.63,7.0,0.18,0.59,0.59,1.13,1.24,1.21,11.04,0.91,0.7,2.49,0.32,6.2,4.38,0.91,0.87,0.87,9.0,6.0,9.0,24.0,1.0,0.0,0.0,1.0,0.0,6.0,7.0,8.0,14.0,2.0,4.0,13.0,16.0,3.0,10.0,10.0,5.0,0.0,0.25,0.66,0.0,0.0,1.0,0.0,23.34,15.0,14.68,5.0,0.15,0.0,0.0,1.06,1.01,1.01
847646184779898484387,2025,Couturier-Dvorak-Michkov,PHI,line,5on5,2,729.0,14.0,0.44,0.43,0.45,6.04,0.46,0.41,1.67,0.24,3.59,2.63,0.44,0.48,0.46,6.0,3.0,1.0,10.0,0.0,1.0,0.0,2.0,0.0,4.0,2.0,6.0,9.0,2.0,4.0,8.0,2.0,1.0,6.0,7.0,2.0,0.0,0.17,0.28,0.0,0.0,0.0,0.0,10.15,9.0,9.14,3.0,0.09,0.01,0.01,0.54,0.56,0.54,8.36,0.57,0.46,1.95,0.25,4.16,3.61,0.57,0.56,0.56,5.0,6.0,2.0,13.0,0.0,0.0,0.0,2.0,0.0,4.0,5.0,5.0,11.0,0.0,0.0,7.0,6.0,0.0,3.0,8.0,3.0,0.0,0.23,0.34,0.0,0.0,0.0,0.0,13.0,11.0,11.02,1.0,0.09,0.0,0.0,0.67,0.65,0.65
847121484784408481580,2025,Ovechkin-Strome-Mcmichael,WSH,line,5on5,2,779.0,9.0,0.54,0.49,0.43,6.0,0.52,0.47,1.8,0.27,3.49,2.46,0.52,0.57,0.56,4.0,5.0,8.0,17.0,1.0,0.0,0.0,2.0,0.0,3.0,3.0,3.0,8.0,0.0,0.0,10.0,7.0,3.0,5.0,6.0,3.0,0.0,0.19,0.33,0.0,0.0,1.0,0.0,18.25,9.0,9.69,3.0,0.1,0.0,0.0,0.62,0.67,0.67,8.59,0.44,0.52,2.31,0.29,4.88,3.56,0.43,0.41,0.41,5.0,7.0,6.0,18.0,0.0,1.0,0.0,1.0,0.0,5.0,5.0,5.0,12.0,0.0,0.0,9.0,4.0,0.0,6.0,10.0,2.0,0.0,0.24,0.19,0.0,0.0,0.0,0.0,16.54,12.0,11.23,5.0,0.11,0.02,0.02,0.52,0.49,0.49
847645484782338483512,2025,Mangiapane-Nugent-Hopkins-Savoie,EDM,line,5on5,2,950.0,6.0,0.74,0.43,0.47,7.01,0.74,0.51,1.99,0.22,3.39,2.15,0.68,0.71,0.66,8.0,1.0,4.0,13.0,0.0,2.0,0.0,2.0,0.0,3.0,2.0,8.0,9.0,2.0,4.0,6.0,3.0,0.0,3.0,6.0,1.0,2.0,0.1,0.15,0.48,0.0,0.0,0.0,12.99,9.0,9.01,0.0,0.11,0.28,0.28,0.57,0.55,0.55,7.13,0.25,0.32,1.95,0.25,3.93,3.29,0.25,0.25,0.25,3.0,7.0,7.0,17.0,0.0,0.0,0.0,1.0,0.0,5.0,4.0,3.0,10.0,1.0,2.0,10.0,10.0,2.0,9.0,9.0,1.0,0.0,0.11,0.14,0.0,0.0,0.0,0.0,16.53,10.0,9.79,5.0,0.06,0.0,0.0,0.32,0.32,0.32
847519184759138476448,2025,Stone-Karlsson-Smith,VGK,line,5on5,3,1365.0,13.0,0.53,0.6,0.69,14.54,0.79,0.85,3.77,0.46,7.89,6.24,0.72,0.79,0.72,14.0,6.0,5.0,25.0,0.0,1.0,0.0,1.0,0.0,9.0,9.0,14.0,20.0,2.0,4.0,14.0,10.0,0.0,11.0,17.0,3.0,0.0,0.35,0.43,0.0,0.0,0.0,0.0,24.4,20.0,19.48,2.0,0.17,0.17,0.17,0.8,0.8,0.76,6.66,0.7,0.45,1.74,0.21,3.43,2.48,0.7,0.73,0.73,8.0,1.0,8.0,17.0,1.0,0.0,0.0,2.0,0.0,1.0,5.0,7.0,8.0,2.0,4.0,7.0,14.0,2.0,10.0,6.0,2.0,1.0,0.19,0.28,0.23,0.0,0.0,1.0,17.78,9.0,9.45,6.0,0.09,0.0,0.0,0.79,0.83,0.83
84764628478399,2025,Siegenthaler-Hamilton,NJD,pairing,5on5,2,1628.0,3.0,0.48,0.51,0.53,12.41,1.0,0.77,2.81,0.42,6.62,5.37,0.98,1.09,1.07,10.0,7.0,5.0,22.0,3.0,0.0,0.0,0.0,0.0,8.0,6.0,7.0,14.0,1.0,2.0,16.0,9.0,3.0,9.0,13.0,3.0,1.0,0.38,0.4,0.22,2.0,0.0,1.0,24.02,17.0,18.27,4.0,0.16,0.0,0.0,1.16,1.26,1.24,11.26,1.09,0.78,2.83,0.39,5.87,4.03,1.03,1.01,0.96,7.0,8.0,6.0,21.0,1.0,1.0,0.0,2.0,0.0,4.0,7.0,6.0,14.0,0.0,0.0,13.0,13.0,1.0,5.0,12.0,1.0,2.0,0.54,0.1,0.45,1.0,0.0,0.0,19.62,15.0,14.17,0.0,0.17,0.21,0.21,1.05,0.98,0.97
84747168484798,2025,Buium-Spurgeon,MIN,pairing,5on5,2,1694.0,5.0,0.38,0.43,0.46,13.32,0.99,0.87,3.31,0.41,7.28,5.14,0.96,0.96,0.93,12.0,6.0,7.0,25.0,0.0,2.0,0.0,0.0,0.0,6.0,10.0,12.0,18.0,1.0,2.0,12.0,11.0,2.0,9.0,14.0,3.0,1.0,0.38,0.28,0.34,0.0,0.0,0.0,25.35,18.0,17.7,3.0,0.18,0.35,0.35,0.82,0.8,0.78,15.13,1.62,1.05,3.32,0.5,8.32,6.19,1.53,1.54,1.46,13.0,8.0,12.0,33.0,3.0,1.0,0.0,3.0,0.0,8.0,6.0,10.0,18.0,2.0,4.0,12.0,16.0,1.0,7.0,14.0,5.0,2.0,0.41,0.61,0.59,2.0,1.0,0.0,32.14,21.0,20.63,3.0,0.22,0.38,0.38,1.45,1.42,1.34
847688084794008481656,2025,Protas-Dubois-Wilson,WSH,line,5on5,2,1050.0,2.0,0.82,0.67,0.63,11.04,1.15,0.72,3.23,0.39,5.56,3.95,1.08,1.23,1.16,11.0,4.0,9.0,24.0,3.0,2.0,0.0,4.0,0.0,5.0,1.0,8.0,12.0,0.0,0.0,10.0,3.0,2.0,4.0,9.0,4.0,2.0,0.26,0.45,0.44,1.0,2.0,0.0,25.94,15.0,16.07,1.0,0.15,0.2,0.2,1.11,1.21,1.14,6.65,0.26,0.38,1.61,0.2,3.77,2.79,0.26,0.26,0.26,7.0,2.0,3.0,12.0,0.0,0.0,0.0,1.0,0.0,3.0,5.0,7.0,9.0,1.0,2.0,11.0,7.0,1.0,7.0,8.0,1.0,0.0,0.18,0.08,0.0,0.0,0.0,0.0,11.53,9.0,8.68,4.0,0.07,0.0,0.0,0.34,0.33,0.33
847688284774798483493,2025,Bertuzzi-Nazar-Teravainen,CHI,line,5on5,3,1493.0,4.0,0.31,0.49,0.46,12.09,0.87,0.77,3.5,0.43,6.75,4.68,0.87,0.91,0.91,10.0,7.0,8.0,25.0,3.0,0.0,0.0,4.0,0.0,6.0,4.0,7.0,14.0,4.0,11.0,14.0,6.0,5.0,8.0,13.0,4.0,0.0,0.34,0.53,0.0,2.0,1.0,0.0,25.31,17.0,17.18,3.0,0.16,0.0,0.0,1.03,1.08,1.08,14.61,1.94,1.04,3.53,0.53,7.51,5.46,1.85,1.89,1.81,15.0,5.0,6.0,26.0,2.0,3.0,1.0,1.0,0.0,5.0,9.0,13.0,18.0,6.0,15.0,24.0,13.0,1.0,10.0,12.0,5.0,3.0,0.54,0.7,0.7,0.0,1.0,1.0,25.86,20.0,19.96,4.0,0.22,0.61,0.61,1.54,1.51,1.47
848074884820558482691,2025,O'Connor-Raty-Sherwood,VAN,line,5on5,2,639.0,6.0,0.32,0.43,0.45,3.65,0.11,0.15,1.03,0.15,2.09,1.48,0.11,0.11,0.11,3.0,2.0,1.0,6.0,1.0,0.0,0.0,1.0,0.0,1.0,2.0,2.0,4.0,3.0,6.0,7.0,11.0,1.0,0.0,5.0,0.0,0.0,0.11,0.0,0.0,1.0,0.0,0.0,6.36,5.0,5.15,0.0,0.03,0.0,0.0,0.14,0.14,0.14,3.7,0.23,0.32,0.95,0.17,2.57,1.76,0.23,0.23,0.23,1.0,5.0,2.0,8.0,0.0,0.0,0.0,0.0,0.0,4.0,2.0,1.0,6.0,1.0,2.0,6.0,6.0,0.0,4.0,6.0,0.0,0.0,0.23,0.0,0.0,0.0,0.0,0.0,7.89,6.0,5.99,2.0,0.07,0.0,0.0,0.29,0.3,0.3
847841484800028482110,2025,Mercer-Hischier-Meier,NJD,line,5on5,2,1205.0,2.0,0.66,0.62,0.63,14.61,1.52,0.94,4.16,0.51,6.82,5.04,1.43,1.64,1.53,12.0,7.0,7.0,26.0,2.0,2.0,1.0,3.0,0.0,7.0,5.0,10.0,17.0,0.0,0.0,15.0,7.0,0.0,8.0,14.0,2.0,3.0,0.43,0.3,0.79,0.0,0.0,2.0,27.6,19.0,20.01,4.0,0.21,0.29,0.29,1.44,1.54,1.52,8.43,0.77,0.61,2.28,0.28,4.25,2.82,0.72,0.71,0.67,8.0,3.0,5.0,16.0,1.0,1.0,0.0,2.0,0.0,2.0,5.0,7.0,10.0,3.0,6.0,18.0,11.0,0.0,10.0,8.0,1.0,2.0,0.23,0.09,0.45,1.0,0.0,0.0,15.24,11.0,10.39,3.0,0.13,0.21,0.21,0.69,0.64,0.63
84779868479324,2025,Lindgren-Montour,SEA,pairing,5on5,2,1900.0,3.0,0.41,0.27,0.31,9.39,1.05,0.56,2.34,0.33,4.87,3.85,1.05,1.02,1.02,7.0,6.0,4.0,17.0,0.0,1.0,0.0,0.0,0.0,4.0,8.0,7.0,13.0,3.0,9.0,11.0,25.0,3.0,10.0,9.0,3.0,1.0,0.28,0.37,0.41,0.0,0.0,0.0,16.76,13.0,12.91,3.0,0.12,0.41,0.41,0.76,0.74,0.74,21.09,1.5,1.45,5.6,0.74,11.41,8.3,1.46,1.55,1.51,21.0,8.0,17.0,46.0,0.0,2.0,0.0,4.0,0.0,16.0,7.0,21.0,29.0,2.0,7.0,20.0,20.0,2.0,11.0,24.0,5.0,0.0,0.79,0.7,0.0,0.0,0.0,0.0,46.31,29.0,29.33,7.0,0.3,0.16,0.16,1.64,1.7,1.66
84817198482929,2025,Lilleberg-Crozier,TBL,pairing,5on5,2,1322.0,4.0,0.26,0.45,0.44,8.22,0.39,0.38,2.53,0.29,4.06,3.35,0.38,0.38,0.37,7.0,4.0,6.0,17.0,1.0,0.0,0.0,0.0,0.0,7.0,3.0,6.0,10.0,4.0,11.0,7.0,23.0,0.0,6.0,11.0,0.0,0.0,0.39,0.0,0.0,1.0,0.0,0.0,16.5,11.0,11.07,2.0,0.08,0.0,0.0,0.47,0.46,0.45,11.12,1.08,0.74,2.64,0.34,5.17,4.04,1.04,1.13,1.08,10.0,4.0,7.0,21.0,1.0,1.0,0.0,2.0,0.0,3.0,7.0,9.0,13.0,5.0,13.0,16.0,21.0,2.0,10.0,10.0,2.0,2.0,0.24,0.33,0.51,0.0,0.0,1.0,22.4,14.0,14.47,8.0,0.16,0.29,0.29,0.95,1.0,1.0
84754558483495,2025,Dillon-Nemec,NJD,pairing,5on5,2,1454.0,6.0,0.51,0.5,0.45,13.3,1.44,0.9,3.37,0.45,6.76,5.09,1.35,1.56,1.45,14.0,4.0,10.0,28.0,2.0,2.0,1.0,3.0,0.0,4.0,7.0,12.0,16.0,0.0,0.0,14.0,11.0,1.0,5.0,12.0,4.0,2.0,0.33,0.54,0.57,0.0,1.0,1.0,30.3,18.0,19.37,1.0,0.19,0.29,0.29,1.35,1.45,1.43,16.11,1.37,1.06,4.53,0.65,8.13,6.27,1.31,1.33,1.27,13.0,9.0,6.0,28.0,4.0,2.0,0.0,4.0,0.0,5.0,7.0,9.0,18.0,3.0,6.0,13.0,14.0,0.0,8.0,17.0,4.0,1.0,0.6,0.49,0.28,3.0,1.0,0.0,27.12,22.0,21.45,3.0,0.22,0.42,0.42,1.17,1.13,1.11
847646884778398482157,2025,Sheary-Miller-Cuylle,NYR,line,5on5,3,796.0,29.0,0.14,0.43,0.24,3.92,0.21,0.21,0.97,0.1,1.83,1.67,0.21,0.24,0.24,3.0,2.0,8.0,13.0,0.0,0.0,0.0,0.0,0.0,2.0,3.0,3.0,5.0,0.0,0.0,9.0,12.0,2.0,4.0,4.0,1.0,0.0,0.07,0.14,0.0,0.0,0.0,0.0,14.96,5.0,5.6,1.0,0.04,0.0,0.0,0.26,0.29,0.29,12.47,1.29,0.87,3.13,0.37,6.18,4.15,1.15,1.31,1.16,8.0,8.0,1.0,17.0,1.0,2.0,0.0,1.0,0.0,5.0,7.0,7.0,15.0,0.0,0.0,4.0,4.0,1.0,2.0,12.0,2.0,2.0,0.4,0.23,0.67,1.0,0.0,0.0,16.29,16.0,15.53,2.0,0.18,0.67,0.67,0.81,0.76,0.72
84764738476891,2025,Grzelcyk-Murphy,CHI,pairing,5on5,3,761.0,12.0,0.17,0.33,0.35,3.92,0.17,0.24,1.13,0.16,2.44,1.86,0.17,0.18,0.18,5.0,1.0,1.0,7.0,0.0,0.0,0.0,0.0,0.0,2.0,4.0,5.0,6.0,4.0,11.0,4.0,5.0,2.0,5.0,6.0,0.0,0.0,0.17,0.0,0.0,0.0,0.0,0.0,7.11,6.0,6.13,5.0,0.05,0.0,0.0,0.22,0.23,0.23,8.26,0.85,0.54,1.88,0.25,4.56,2.92,0.83,0.82,0.81,7.0,4.0,3.0,14.0,1.0,1.0,1.0,1.0,0.0,3.0,5.0,6.0,10.0,1.0,5.0,5.0,4.0,1.0,2.0,7.0,3.0,1.0,0.28,0.35,0.21,0.0,0.0,1.0,13.65,11.0,10.81,1.0,0.11,0.21,0.21,0.74,0.73,0.72
84808398481524,2025,Dahlin-Byram,BUF,pairing,5on5,2,1512.0,2.0,0.55,0.67,0.63,17.39,0.81,0.99,5.17,0.63,10.23,7.16,0.8,0.77,0.75,17.0,8.0,8.0,33.0,0.0,2.0,0.0,5.0,0.0,6.0,12.0,17.0,25.0,1.0,2.0,11.0,11.0,0.0,5.0,24.0,1.0,0.0,0.64,0.18,0.0,0.0,0.0,0.0,30.85,25.0,23.32,2.0,0.2,0.22,0.25,0.76,0.72,0.71,11.08,0.68,0.57,3.01,0.37,5.9,4.47,0.66,0.68,0.67,10.0,5.0,1.0,16.0,2.0,0.0,0.0,3.0,0.0,6.0,4.0,8.0,13.0,2.0,4.0,19.0,11.0,0.0,10.0,13.0,2.0,0.0,0.42,0.26,0.0,2.0,0.0,0.0,16.35,15.0,15.31,6.0,0.12,0.0,0.0,0.79,0.8,0.79
847353384769218477478,2025,Carrier-Staal-Martinook,CAR,line,5on5,2,1104.0,6.0,0.67,0.61,0.62,12.02,1.09,0.7,3.26,0.37,6.34,4.24,0.92,1.04,0.88,10.0,6.0,7.0,23.0,2.0,2.0,0.0,2.0,0.0,7.0,3.0,8.0,14.0,1.0,2.0,17.0,15.0,1.0,9.0,13.0,1.0,2.0,0.33,0.14,0.63,2.0,0.0,0.0,22.48,16.0,15.63,4.0,0.15,0.63,0.63,0.61,0.59,0.57,7.17,0.55,0.46,2.04,0.28,3.68,2.99,0.53,0.57,0.55,8.0,2.0,5.0,15.0,0.0,1.0,0.0,2.0,0.0,4.0,3.0,8.0,10.0,1.0,2.0,12.0,9.0,1.0,5.0,8.0,2.0,0.0,0.24,0.3,0.0,0.0,0.0,0.0,15.2,10.0,10.11,2.0,0.1,0.03,0.03,0.62,0.65,0.63
847647984779988479675,2025,Foegele-Danault-Moore,LAK,line,5on5,3,1718.0,7.0,0.31,0.44,0.27,5.91,0.37,0.34,1.49,0.2,3.11,2.49,0.37,0.35,0.35,6.0,2.0,13.0,21.0,0.0,0.0,0.0,1.0,0.0,4.0,3.0,6.0,8.0,1.0,2.0,13.0,17.0,1.0,18.0,6.0,2.0,0.0,0.1,0.27,0.0,0.0,0.0,0.0,20.51,8.0,7.85,8.0,0.07,0.0,0.0,0.44,0.42,0.42,15.08,0.82,0.93,3.84,0.53,9.25,6.63,0.82,0.8,0.8,10.0,12.0,5.0,27.0,1.0,0.0,0.0,3.0,0.0,5.0,13.0,9.0,21.0,0.0,0.0,13.0,20.0,3.0,9.0,19.0,3.0,0.0,0.46,0.37,0.0,1.0,0.0,0.0,26.43,22.0,21.67,3.0,0.19,0.0,0.0,1.01,0.99,0.98
84768758480865,2025,Matheson-Dobson,MTL,pairing,5on5,3,2629.0,4.0,0.65,0.56,0.58,20.56,2.27,1.57,4.82,0.68,10.56,8.11,2.07,2.4,2.18,18.0,10.0,9.0,37.0,1.0,3.0,0.0,3.0,0.0,10.0,11.0,17.0,27.0,2.0,4.0,19.0,15.0,2.0,10.0,17.0,7.0,4.0,0.53,0.77,0.97,1.0,0.0,0.0,38.83,28.0,29.1,6.0,0.33,0.56,0.56,2.05,2.16,2.07,15.05,1.23,0.94,3.96,0.49,7.9,5.47,1.22,1.16,1.15,13.0,7.0,9.0,29.0,0.0,2.0,0.0,4.0,0.0,8.0,6.0,13.0,20.0,3.0,6.0,22.0,22.0,5.0,15.0,14.0,5.0,1.0,0.35,0.6,0.28,0.0,0.0,0.0,27.75,20.0,19.16,4.0,0.2,0.42,0.42,1.01,0.95,0.94
84785078479410,2025,Sergachev-Marino,UTA,pairing,5on5,2,1069.0,4.0,0.16,0.34,0.28,5.11,0.26,0.24,1.16,0.16,2.91,2.27,0.26,0.27,0.27,4.0,3.0,6.0,13.0,0.0,0.0,0.0,3.0,0.0,2.0,2.0,4.0,7.0,1.0,2.0,11.0,6.0,1.0,11.0,6.0,1.0,0.0,0.11,0.15,0.0,0.0,0.0,0.0,13.3,7.0,7.08,6.0,0.05,0.0,0.0,0.31,0.32,0.32,12.78,1.38,0.87,3.3,0.46,6.98,5.02,1.34,1.33,1.3,12.0,6.0,7.0,25.0,1.0,3.0,0.0,2.0,0.0,8.0,4.0,11.0,17.0,0.0,0.0,14.0,4.0,1.0,10.0,11.0,5.0,2.0,0.31,0.57,0.5,1.0,0.0,0.0,24.7,18.0,17.9,5.0,0.18,0.66,0.66,0.9,0.86,0.85
847637484803558482177,2025,Khusnutdinov-Kuraly-Kastelic,BOS,line,5on5,3,1223.0,11.0,0.74,0.59,0.66,14.21,0.94,0.76,4.32,0.47,7.0,5.51,0.93,0.98,0.96,14.0,5.0,3.0,22.0,0.0,2.0,0.0,4.0,0.0,9.0,4.0,14.0,19.0,4.0,8.0,15.0,10.0,3.0,7.0,17.0,1.0,1.0,0.44,0.19,0.31,0.0,0.0,0.0,22.36,19.0,19.29,4.0,0.16,0.39,0.39,0.71,0.73,0.72,7.61,0.34,0.37,2.67,0.24,3.67,2.71,0.34,0.35,0.35,5.0,5.0,5.0,15.0,1.0,0.0,0.0,1.0,0.0,5.0,3.0,4.0,9.0,4.0,8.0,16.0,18.0,0.0,6.0,9.0,1.0,0.0,0.22,0.12,0.0,1.0,0.0,0.0,14.77,10.0,9.84,5.0,0.08,0.0,0.0,0.41,0.43,0.43
847810984795258480835,2025,Olofsson-Drury-Colton,COL,line,5on5,3,1132.0,9.0,0.5,0.6,0.57,9.41,0.63,0.57,3.02,0.34,5.06,3.39,0.61,0.62,0.6,10.0,3.0,11.0,24.0,1.0,1.0,0.0,2.0,0.0,8.0,1.0,9.0,12.0,2.0,7.0,15.0,11.0,0.0,3.0,10.0,3.0,0.0,0.29,0.34,0.0,0.0,1.0,0.0,24.4,13.0,13.21,1.0,0.12,0.06,0.06,0.69,0.69,0.67,7.58,0.63,0.43,2.04,0.23,3.78,2.89,0.63,0.66,0.66,5.0,5.0,6.0,16.0,1.0,0.0,0.0,2.0,0.0,3.0,4.0,4.0,9.0,3.0,9.0,9.0,7.0,4.0,13.0,8.0,1.0,1.0,0.15,0.17,0.3,0.0,0.0,1.0,15.87,10.0,9.87,6.0,0.09,0.0,0.0,0.72,0.75,0.75
848274584834458484762,2025,Gauthier-Mctavish-Sennecke,ANA,line,5on5,2,1542.0,2.0,0.84,0.7,0.69,25.53,3.17,2.04,6.41,0.98,12.03,8.37,2.82,3.22,2.87,20.0,13.0,12.0,45.0,2.0,7.0,0.0,3.0,0.0,14.0,7.0,18.0,31.0,4.0,8.0,10.0,18.0,1.0,4.0,18.0,11.0,4.0,0.51,1.65,1.01,0.0,0.0,2.0,44.19,33.0,32.44,1.0,0.43,1.38,1.38,2.21,2.27,2.18,10.12,0.59,0.69,2.85,0.47,6.38,4.02,0.58,0.59,0.58,10.0,5.0,4.0,19.0,1.0,0.0,0.0,5.0,0.0,4.0,5.0,9.0,14.0,0.0,0.0,16.0,18.0,1.0,8.0,14.0,1.0,0.0,0.51,0.08,0.0,1.0,0.0,0.0,19.41,15.0,15.47,6.0,0.14,0.0,0.0,0.73,0.72,0.72
84779328478055,2025,Forsling-Ekblad,FLA,pairing,5on5,3,2634.0,5.0,0.63,0.61,0.59,28.18,2.9,1.98,6.75,0.89,14.39,10.1,2.84,2.85,2.8,32.0,5.0,14.0,51.0,4.0,2.0,0.0,9.0,0.0,13.0,9.0,28.0,33.0,1.0,5.0,28.0,21.0,2.0,9.0,20.0,15.0,2.0,0.67,1.76,0.47,0.0,3.0,1.0,51.85,37.0,37.28,2.0,0.41,0.35,0.35,2.96,2.92,2.9,19.53,1.73,1.32,4.8,0.62,9.89,7.65,1.72,1.76,1.76,18.0,8.0,7.0,33.0,1.0,0.0,0.0,10.0,0.0,6.0,9.0,17.0,25.0,2.0,7.0,23.0,11.0,7.0,21.0,18.0,7.0,1.0,0.48,1.02,0.22,1.0,0.0,0.0,32.26,26.0,25.71,10.0,0.27,0.0,0.0,2.0,2.04,2.04
84811788482142,2025,Zamula-Drysdale,PHI,pairing,5on5,2,1275.0,6.0,0.23,0.38,0.32,6.07,0.42,0.46,1.39,0.19,3.3,2.23,0.41,0.44,0.43,6.0,2.0,5.0,13.0,0.0,0.0,0.0,3.0,0.0,3.0,2.0,6.0,8.0,2.0,4.0,9.0,7.0,3.0,7.0,7.0,1.0,0.0,0.34,0.08,0.0,0.0,0.0,0.0,13.67,8.0,8.32,4.0,0.09,0.0,0.0,0.52,0.54,0.53,13.27,1.45,0.77,3.39,0.42,6.19,4.79,1.38,1.41,1.34,13.0,4.0,4.0,21.0,1.0,2.0,1.0,2.0,0.0,6.0,6.0,12.0,16.0,0.0,0.0,18.0,12.0,0.0,2.0,12.0,3.0,2.0,0.32,0.44,0.69,0.0,0.0,1.0,20.76,17.0,16.86,1.0,0.16,0.69,0.69,0.92,0.89,0.88
847847484788318479977,2025,Crouse-Stenlund-Yamamoto,UTA,line,5on5,2,657.0,6.0,0.27,0.48,0.42,7.4,0.41,0.34,1.84,0.23,3.98,3.2,0.41,0.42,0.42,6.0,4.0,4.0,14.0,0.0,0.0,0.0,2.0,0.0,4.0,4.0,6.0,10.0,1.0,2.0,8.0,3.0,0.0,9.0,8.0,2.0,0.0,0.16,0.25,0.0,0.0,0.0,0.0,14.16,10.0,9.97,5.0,0.07,0.0,0.0,0.48,0.49,0.49,9.67,1.09,0.65,2.67,0.37,5.36,3.85,1.07,1.06,1.04,10.0,4.0,1.0,15.0,0.0,2.0,0.0,2.0,0.0,7.0,3.0,10.0,14.0,1.0,2.0,10.0,3.0,0.0,10.0,8.0,4.0,2.0,0.19,0.41,0.5,0.0,0.0,0.0,14.83,14.0,13.95,5.0,0.14,0.5,0.5,0.73,0.7,0.69
84808788481581,2025,Harley-Lundkvist,DAL,pairing,5on5,2,1423.0,3.0,0.52,0.4,0.52,11.41,1.13,0.83,2.69,0.35,5.76,4.23,1.05,1.23,1.15,11.0,4.0,3.0,18.0,3.0,2.0,0.0,1.0,0.0,6.0,3.0,8.0,12.0,4.0,8.0,7.0,10.0,1.0,5.0,10.0,4.0,1.0,0.34,0.57,0.22,2.0,1.0,0.0,19.88,15.0,16.38,2.0,0.17,0.4,0.4,0.91,1.01,0.99,9.94,1.05,0.71,2.23,0.32,5.61,4.08,1.04,0.99,0.98,8.0,6.0,13.0,27.0,2.0,0.0,0.0,3.0,0.0,3.0,6.0,6.0,12.0,0.0,0.0,13.0,13.0,4.0,9.0,9.0,3.0,2.0,0.3,0.32,0.43,0.0,1.0,1.0,25.57,14.0,13.43,5.0,0.15,0.0,0.0,1.2,1.13,1.12
84768858482803,2025,Zellweger-Trouba,ANA,pairing,5on5,2,1769.0,2.0,0.74,0.72,0.68,31.8,3.8,2.44,7.93,1.19,14.86,10.79,3.45,3.85,3.51,26.0,15.0,19.0,60.0,2.0,7.0,0.0,5.0,0.0,20.0,7.0,24.0,39.0,2.0,7.0,18.0,13.0,2.0,8.0,23.0,15.0,3.0,0.67,2.41,0.72,0.0,1.0,1.0,59.25,41.0,40.55,2.0,0.52,1.38,1.19,3.12,3.17,3.09,14.61,1.3,1.01,4.39,0.47,6.98,4.85,1.19,1.3,1.19,13.0,6.0,4.0,23.0,1.0,2.0,0.0,3.0,0.0,5.0,8.0,12.0,18.0,4.0,11.0,14.0,31.0,2.0,10.0,15.0,1.0,3.0,0.42,0.08,0.8,0.0,0.0,1.0,23.49,19.0,19.41,5.0,0.22,0.57,0.57,0.95,0.94,0.93
84789708480817,2025,Miller-Chatfield,CAR,pairing,5on5,2,1840.0,2.0,0.59,0.55,0.6,15.43,0.88,0.88,4.22,0.53,8.48,6.01,0.87,0.86,0.85,12.0,9.0,7.0,28.0,2.0,0.0,0.0,2.0,0.0,8.0,9.0,10.0,19.0,3.0,6.0,21.0,16.0,1.0,12.0,19.0,2.0,0.0,0.62,0.26,0.0,2.0,0.0,0.0,27.61,21.0,20.82,6.0,0.18,0.0,0.0,1.06,1.04,1.02,9.3,0.61,0.68,2.6,0.39,5.52,4.2,0.59,0.63,0.62,9.0,5.0,9.0,23.0,0.0,1.0,0.0,1.0,0.0,6.0,6.0,9.0,14.0,4.0,8.0,18.0,14.0,4.0,19.0,12.0,2.0,0.0,0.31,0.3,0.0,0.0,0.0,0.0,23.48,14.0,14.17,6.0,0.14,0.03,0.03,0.72,0.75,0.74
84745678483460,2025,Bogosian-Jiricek,MIN,pairing,5on5,1,760.0,3.0,0.67,0.5,0.5,8.3,0.84,0.56,1.62,0.24,4.23,3.51,0.8,0.95,0.91,6.0,5.0,3.0,14.0,3.0,0.0,0.0,1.0,0.0,5.0,2.0,3.0,8.0,1.0,2.0,3.0,3.0,0.0,3.0,9.0,0.0,2.0,0.37,0.0,0.47,2.0,0.0,1.0,16.46,11.0,12.43,1.0,0.12,0.0,0.0,0.96,1.08,1.04,7.84,0.41,0.41,2.14,0.3,4.54,3.2,0.41,0.37,0.37,7.0,4.0,3.0,14.0,0.0,0.0,0.0,1.0,0.0,3.0,7.0,7.0,11.0,1.0,2.0,1.0,11.0,4.0,3.0,10.0,0.0,1.0,0.2,0.0,0.21,0.0,0.0,0.0,12.39,11.0,9.97,2.0,0.08,0.0,0.0,0.49,0.44,0.44
847351284815968482092,2025,Greig-Pinto-Giroux,OTT,line,5on5,2,934.0,5.0,0.7,0.68,0.65,11.74,1.24,0.76,2.55,0.32,5.56,4.58,1.22,1.24,1.23,12.0,3.0,6.0,21.0,3.0,0.0,0.0,0.0,0.0,7.0,5.0,9.0,12.0,2.0,4.0,11.0,6.0,3.0,5.0,8.0,6.0,1.0,0.21,0.81,0.22,1.0,2.0,0.0,20.4,15.0,14.67,3.0,0.16,0.0,0.0,1.39,1.4,1.38,5.98,0.53,0.4,1.45,0.21,3.12,2.29,0.53,0.53,0.52,6.0,2.0,2.0,10.0,1.0,1.0,0.0,1.0,0.0,3.0,2.0,5.0,7.0,0.0,0.0,5.0,8.0,2.0,7.0,5.0,3.0,0.0,0.15,0.39,0.0,0.0,1.0,0.0,10.24,8.0,8.12,2.0,0.08,0.12,0.12,0.5,0.5,0.49
84745908480796,2025,Fehervary-Carlson,WSH,pairing,5on5,2,1424.0,4.0,0.72,0.56,0.61,16.29,1.39,1.09,4.09,0.59,9.12,6.72,1.37,1.48,1.46,12.0,11.0,10.0,33.0,1.0,1.0,0.0,4.0,0.0,11.0,6.0,11.0,22.0,1.0,2.0,9.0,13.0,2.0,6.0,17.0,6.0,0.0,0.49,0.91,0.0,0.0,1.0,0.0,34.73,23.0,24.21,4.0,0.22,0.01,0.01,1.61,1.7,1.67,10.58,0.55,0.64,3.34,0.4,5.78,4.28,0.55,0.52,0.52,9.0,6.0,11.0,26.0,1.0,2.0,0.0,2.0,0.0,6.0,4.0,8.0,14.0,2.0,4.0,18.0,18.0,0.0,9.0,12.0,3.0,0.0,0.25,0.3,0.0,1.0,0.0,0.0,24.78,15.0,14.17,4.0,0.14,0.05,0.05,0.64,0.6,0.6
847515884768878485405,2025,Forsberg-O'Reilly-Martin,NSH,line,5on5,2,932.0,4.0,0.48,0.39,0.42,7.29,0.68,0.45,2.18,0.31,3.78,2.6,0.67,0.67,0.66,3.0,7.0,3.0,13.0,1.0,1.0,0.0,1.0,0.0,4.0,3.0,2.0,9.0,1.0,2.0,10.0,5.0,1.0,3.0,8.0,1.0,1.0,0.26,0.2,0.23,1.0,0.0,0.0,12.95,10.0,10.12,3.0,0.1,0.04,0.04,0.74,0.73,0.71,10.3,0.75,0.62,2.74,0.34,5.59,3.96,0.74,0.78,0.77,12.0,2.0,6.0,20.0,1.0,1.0,0.0,5.0,0.0,5.0,2.0,11.0,13.0,1.0,2.0,8.0,10.0,1.0,8.0,12.0,1.0,1.0,0.38,0.13,0.24,0.0,0.0,1.0,20.47,14.0,14.29,1.0,0.13,0.04,0.04,0.84,0.88,0.87
847643884768818481604,2025,Saad-Hertl-Dorofeyev,VGK,line,5on5,3,1530.0,9.0,0.38,0.55,0.51,12.88,0.78,0.71,3.66,0.39,7.31,5.16,0.77,0.77,0.77,13.0,5.0,9.0,27.0,1.0,1.0,0.0,4.0,0.0,5.0,7.0,12.0,17.0,2.0,4.0,18.0,13.0,2.0,6.0,15.0,3.0,0.0,0.4,0.37,0.0,1.0,0.0,0.0,26.31,18.0,17.55,2.0,0.14,0.14,0.14,0.78,0.78,0.78,12.26,1.25,0.83,3.03,0.48,6.57,4.84,1.14,1.25,1.14,9.0,8.0,5.0,22.0,2.0,2.0,0.0,1.0,0.0,5.0,7.0,7.0,15.0,1.0,2.0,14.0,17.0,0.0,14.0,11.0,5.0,1.0,0.25,0.63,0.37,0.0,2.0,0.0,21.99,17.0,17.27,5.0,0.17,0.55,0.55,0.86,0.87,0.85
848083084827028482809,2025,Blake-Stankoven-Svechnikov,CAR,line,5on5,2,1193.0,4.0,0.84,0.65,0.71,16.16,1.74,1.05,4.27,0.57,8.43,5.94,1.59,1.7,1.55,10.0,12.0,6.0,28.0,1.0,3.0,1.0,3.0,0.0,7.0,8.0,9.0,21.0,1.0,2.0,15.0,7.0,2.0,6.0,15.0,5.0,2.0,0.44,0.61,0.69,0.0,0.0,1.0,27.95,22.0,22.32,1.0,0.22,0.7,0.7,1.26,1.23,1.2,6.27,0.33,0.44,1.56,0.23,3.67,2.77,0.33,0.34,0.34,7.0,2.0,6.0,15.0,1.0,0.0,0.0,1.0,0.0,5.0,2.0,6.0,8.0,1.0,2.0,13.0,9.0,3.0,8.0,8.0,1.0,0.0,0.2,0.13,0.0,1.0,0.0,0.0,15.41,9.0,9.01,4.0,0.09,0.0,0.0,0.42,0.43,0.43
847690584789758482751,2025,Marchment-Stephenson-Winterton,SEA,line,5on5,2,825.0,8.0,0.52,0.27,0.31,7.21,0.95,0.49,1.92,0.24,3.22,2.17,0.94,0.93,0.92,6.0,3.0,0.0,9.0,1.0,1.0,0.0,0.0,0.0,4.0,3.0,5.0,8.0,1.0,2.0,9.0,10.0,3.0,3.0,6.0,1.0,2.0,0.2,0.11,0.64,0.0,0.0,1.0,9.27,9.0,9.25,3.0,0.11,0.41,0.41,0.65,0.65,0.63,14.59,0.88,1.08,3.51,0.47,8.19,5.88,0.85,0.91,0.88,12.0,8.0,4.0,24.0,0.0,1.0,0.0,3.0,0.0,9.0,7.0,12.0,20.0,1.0,2.0,5.0,5.0,1.0,6.0,17.0,3.0,0.0,0.46,0.42,0.0,0.0,0.0,0.0,24.23,20.0,20.13,2.0,0.22,0.15,0.15,0.96,0.99,0.97
847844484784988480012,2025,Debrusk-Pettersson-Boeser,VAN,line,5on5,2,789.0,5.0,0.56,0.48,0.55,9.01,0.75,0.58,2.17,0.27,4.6,3.63,0.71,0.76,0.71,7.0,5.0,1.0,13.0,2.0,1.0,0.0,1.0,0.0,3.0,5.0,5.0,10.0,0.0,0.0,4.0,3.0,1.0,4.0,10.0,1.0,1.0,0.42,0.13,0.21,2.0,0.0,0.0,13.34,12.0,12.14,2.0,0.12,0.21,0.21,0.66,0.66,0.65,7.44,0.59,0.46,1.63,0.22,4.13,2.96,0.56,0.58,0.56,7.0,3.0,4.0,14.0,0.0,0.0,0.0,0.0,0.0,7.0,3.0,7.0,10.0,1.0,2.0,10.0,7.0,1.0,5.0,6.0,4.0,0.0,0.18,0.4,0.0,0.0,0.0,0.0,13.76,10.0,10.01,3.0,0.09,0.0,0.0,0.68,0.68,0.65
847645384774048478010,2025,Guentzel-Point-Kucherov,TBL,line,5on5,2,948.0,6.0,0.26,0.24,0.27,5.35,0.43,0.33,1.18,0.15,2.83,2.08,0.43,0.42,0.42,5.0,2.0,2.0,9.0,1.0,0.0,0.0,1.0,0.0,2.0,3.0,4.0,6.0,0.0,0.0,7.0,3.0,0.0,5.0,6.0,1.0,0.0,0.24,0.18,0.0,1.0,0.0,0.0,9.11,7.0,7.15,2.0,0.07,0.0,0.0,0.49,0.49,0.49,14.12,1.24,0.91,3.38,0.43,7.67,5.37,1.2,1.33,1.28,13.0,6.0,9.0,28.0,4.0,1.0,1.0,1.0,0.0,4.0,9.0,9.0,15.0,0.0,0.0,9.0,8.0,1.0,2.0,13.0,4.0,2.0,0.24,0.5,0.5,1.0,1.0,2.0,28.71,19.0,19.44,0.0,0.19,0.28,0.28,1.15,1.23,1.22
847699484834528483499,2025,Ohgren-Haight-Hinostroza,MIN,line,5on5,2,770.0,8.0,0.2,0.38,0.39,4.96,0.31,0.26,1.34,0.17,2.68,2.24,0.29,0.29,0.27,5.0,2.0,2.0,9.0,0.0,0.0,0.0,1.0,0.0,3.0,3.0,5.0,7.0,1.0,2.0,6.0,8.0,1.0,3.0,6.0,1.0,0.0,0.18,0.12,0.0,0.0,0.0,0.0,8.69,7.0,6.52,1.0,0.05,0.0,0.0,0.36,0.34,0.32,8.71,1.28,0.66,1.74,0.24,4.06,3.02,1.19,1.24,1.16,6.0,5.0,4.0,15.0,1.0,1.0,0.0,1.0,0.0,5.0,3.0,5.0,10.0,0.0,0.0,9.0,6.0,2.0,4.0,5.0,4.0,2.0,0.18,0.51,0.59,0.0,0.0,1.0,14.67,11.0,10.89,2.0,0.14,0.38,0.38,1.03,1.04,0.97
84794258480800,2025,Hughes-Hronek,VAN,pairing,5on5,2,1695.0,2.0,0.56,0.53,0.5,15.2,1.19,0.94,3.94,0.46,7.66,5.8,1.14,1.21,1.16,11.0,9.0,8.0,28.0,2.0,1.0,0.0,4.0,0.0,9.0,4.0,9.0,18.0,3.0,6.0,14.0,20.0,3.0,8.0,17.0,1.0,2.0,0.64,0.13,0.43,1.0,0.0,1.0,28.46,20.0,20.14,5.0,0.2,0.21,0.21,1.18,1.19,1.17,14.18,0.92,0.81,3.68,0.45,8.24,5.9,0.92,0.92,0.92,13.0,7.0,5.0,25.0,0.0,1.0,0.0,3.0,0.0,9.0,7.0,13.0,20.0,3.0,6.0,16.0,16.0,2.0,13.0,14.0,6.0,0.0,0.31,0.61,0.0,0.0,0.0,0.0,24.82,20.0,20.06,7.0,0.17,0.02,0.02,1.06,1.07,1.06
84751818475906,2025,Leddy-Klingberg,SJS,pairing,5on5,2,1609.0,3.0,0.1,0.26,0.24,7.95,0.28,0.38,2.74,0.39,3.66,2.55,0.28,0.28,0.27,6.0,4.0,4.0,14.0,1.0,0.0,0.0,1.0,0.0,3.0,5.0,5.0,9.0,2.0,4.0,16.0,8.0,2.0,11.0,10.0,0.0,0.0,0.28,0.0,0.0,1.0,0.0,0.0,14.18,10.0,10.13,8.0,0.08,0.0,0.0,0.36,0.35,0.35,23.39,2.54,1.69,5.83,0.91,12.17,8.87,2.28,2.57,2.31,22.0,10.0,8.0,40.0,3.0,5.0,0.0,5.0,0.0,10.0,9.0,19.0,29.0,2.0,4.0,16.0,10.0,1.0,13.0,21.0,8.0,3.0,0.5,1.32,0.72,1.0,1.0,1.0,39.39,32.0,31.42,6.0,0.35,1.07,1.07,1.82,1.86,1.83
84788518482087,2025,Guhle-Carrier,MTL,pairing,5on5,3,736.0,12.0,0.53,0.53,0.42,3.85,0.45,0.33,0.85,0.12,1.85,1.39,0.45,0.47,0.47,4.0,1.0,4.0,9.0,0.0,0.0,0.0,1.0,0.0,1.0,3.0,4.0,5.0,3.0,9.0,4.0,8.0,0.0,6.0,3.0,2.0,0.0,0.15,0.3,0.0,0.0,0.0,0.0,9.23,5.0,5.15,2.0,0.07,0.0,0.0,0.52,0.55,0.55,5.3,0.4,0.3,1.44,0.15,2.78,1.93,0.4,0.38,0.38,6.0,1.0,1.0,8.0,1.0,0.0,0.0,1.0,0.0,3.0,2.0,5.0,6.0,4.0,11.0,4.0,8.0,3.0,7.0,5.0,1.0,1.0,0.09,0.09,0.22,1.0,0.0,0.0,7.71,7.0,6.74,2.0,0.07,0.0,0.0,0.46,0.44,0.44
84784528484839,2025,Jones-Brunicke,PIT,pairing,5on5,3,1792.0,7.0,0.46,0.49,0.53,14.83,1.31,1.0,3.48,0.45,7.95,5.8,1.24,1.27,1.21,15.0,5.0,5.0,25.0,3.0,1.0,0.0,4.0,0.0,4.0,8.0,12.0,17.0,2.0,4.0,13.0,9.0,0.0,9.0,16.0,2.0,2.0,0.46,0.36,0.49,2.0,1.0,0.0,24.78,20.0,19.92,5.0,0.21,0.23,0.23,1.29,1.27,1.24,14.18,1.56,0.98,3.34,0.38,7.03,4.7,1.48,1.71,1.61,11.0,7.0,8.0,26.0,2.0,1.0,0.0,3.0,0.0,6.0,6.0,9.0,16.0,2.0,4.0,17.0,20.0,4.0,6.0,11.0,5.0,2.0,0.33,0.67,0.57,1.0,1.0,0.0,27.81,18.0,19.12,2.0,0.21,0.29,0.29,1.48,1.6,1.59
847646984815328482408,2025,Malott-Turcotte-Armia,LAK,line,5on5,3,844.0,12.0,0.82,0.6,0.65,7.71,0.72,0.55,1.89,0.26,4.43,3.15,0.71,0.74,0.73,7.0,4.0,4.0,15.0,1.0,1.0,0.0,1.0,0.0,6.0,2.0,6.0,10.0,1.0,5.0,9.0,15.0,2.0,4.0,8.0,2.0,1.0,0.3,0.2,0.23,0.0,0.0,1.0,14.92,11.0,11.17,2.0,0.12,0.04,0.04,0.8,0.82,0.81,4.15,0.16,0.24,1.18,0.12,2.49,1.8,0.16,0.16,0.16,6.0,0.0,4.0,10.0,1.0,0.0,0.0,1.0,0.0,2.0,2.0,5.0,5.0,1.0,5.0,6.0,14.0,0.0,3.0,6.0,0.0,0.0,0.16,0.0,0.0,1.0,0.0,0.0,9.84,6.0,6.14,1.0,0.05,0.0,0.0,0.21,0.21,0.21
847516984788568480078,2025,Kane-Chytil-Garland,VAN,line,5on5,2,648.0,8.0,0.38,0.61,0.46,4.11,0.59,0.31,0.99,0.17,2.23,1.71,0.59,0.62,0.62,3.0,3.0,5.0,11.0,0.0,0.0,0.0,1.0,0.0,4.0,1.0,3.0,6.0,3.0,6.0,5.0,6.0,1.0,1.0,4.0,0.0,2.0,0.11,0.0,0.48,0.0,0.0,0.0,11.11,6.0,6.12,1.0,0.06,0.0,0.0,0.66,0.69,0.69,5.75,0.98,0.48,1.29,0.16,2.42,1.66,0.98,0.95,0.95,5.0,2.0,0.0,7.0,0.0,1.0,0.0,0.0,0.0,2.0,4.0,5.0,7.0,0.0,0.0,4.0,5.0,0.0,5.0,3.0,2.0,2.0,0.07,0.29,0.62,0.0,0.0,0.0,7.01,7.0,7.07,3.0,0.1,0.02,0.02,1.06,1.03,1.03
848018884808018482116,2025,Tkachuk-Sttzle-Zetterlund,OTT,line,5on5,2,1254.0,3.0,0.71,0.6,0.59,13.99,1.27,0.9,3.54,0.43,7.43,5.42,1.23,1.29,1.24,14.0,5.0,11.0,30.0,1.0,1.0,0.0,6.0,1.0,2.0,8.0,13.0,18.0,2.0,4.0,16.0,18.0,2.0,6.0,15.0,3.0,1.0,0.49,0.49,0.29,1.0,0.0,0.0,29.39,19.0,18.75,3.0,0.19,0.29,0.29,1.17,1.18,1.18,9.5,0.53,0.59,2.79,0.34,5.16,3.59,0.53,0.53,0.53,8.0,5.0,7.0,20.0,0.0,3.0,0.0,0.0,0.0,6.0,4.0,8.0,13.0,4.0,8.0,7.0,17.0,2.0,6.0,11.0,2.0,0.0,0.34,0.18,0.0,0.0,0.0,0.0,20.74,13.0,13.44,2.0,0.12,0.18,0.18,0.47,0.47,0.47
84769588480336,2025,Slavin-Walker,CAR,pairing,5on5,2,1563.0,5.0,0.7,0.7,0.66,15.47,1.66,0.97,3.94,0.52,8.29,5.63,1.47,1.58,1.4,13.0,8.0,11.0,32.0,0.0,3.0,0.0,0.0,0.0,10.0,8.0,13.0,21.0,0.0,0.0,15.0,15.0,3.0,5.0,14.0,5.0,2.0,0.4,0.64,0.63,0.0,0.0,0.0,31.27,21.0,20.51,1.0,0.2,0.79,0.79,1.07,1.03,1.01,8.5,0.71,0.46,2.03,0.24,4.15,3.41,0.71,0.73,0.73,7.0,4.0,3.0,14.0,2.0,0.0,0.0,3.0,0.0,2.0,4.0,5.0,9.0,1.0,2.0,10.0,18.0,2.0,10.0,8.0,2.0,1.0,0.27,0.23,0.21,2.0,0.0,0.0,14.05,11.0,11.0,7.0,0.1,0.0,0.0,0.8,0.83,0.82
84763318477504,2025,Morrissey-Demelo,WPG,pairing,5on5,2,1666.0,2.0,0.62,0.59,0.55,12.51,1.13,0.86,3.02,0.38,6.89,4.71,1.09,1.06,1.03,13.0,4.0,10.0,27.0,0.0,1.0,0.0,5.0,0.0,4.0,7.0,13.0,17.0,4.0,8.0,13.0,21.0,5.0,12.0,13.0,3.0,1.0,0.41,0.35,0.37,0.0,0.0,0.0,25.58,17.0,16.42,5.0,0.18,0.37,0.37,0.94,0.9,0.86,10.13,0.7,0.58,2.38,0.31,5.66,4.38,0.69,0.74,0.73,11.0,3.0,5.0,19.0,1.0,0.0,0.0,2.0,0.0,6.0,5.0,10.0,13.0,0.0,0.0,18.0,12.0,3.0,3.0,10.0,4.0,0.0,0.22,0.48,0.0,1.0,0.0,0.0,20.2,14.0,14.78,3.0,0.12,0.0,0.0,0.82,0.86,0.85
847517284826798484860,2025,Gridin-Kadri-Coronato,CGY,line,5on5,3,1324.0,7.0,0.38,0.51,0.54,9.93,0.63,0.6,2.39,0.33,5.38,4.67,0.63,0.61,0.6,7.0,7.0,9.0,23.0,2.0,0.0,0.0,0.0,0.0,7.0,5.0,5.0,12.0,1.0,2.0,7.0,2.0,5.0,10.0,12.0,2.0,0.0,0.39,0.23,0.0,2.0,0.0,0.0,21.92,14.0,13.58,7.0,0.13,0.0,0.0,0.75,0.73,0.73,9.55,1.03,0.61,2.61,0.26,4.14,3.35,1.02,1.04,1.02,12.0,0.0,10.0,22.0,2.0,2.0,0.0,4.0,0.0,1.0,3.0,10.0,10.0,1.0,2.0,19.0,16.0,3.0,5.0,8.0,1.0,3.0,0.16,0.14,0.73,1.0,0.0,1.0,22.36,12.0,12.21,2.0,0.13,0.52,0.52,0.65,0.65,0.65
84775078480035,2025,Zadorov-Jokiharju,BOS,pairing,5on5,3,1655.0,6.0,0.49,0.45,0.54,13.7,0.73,0.87,3.68,0.47,7.52,5.73,0.73,0.73,0.73,12.0,7.0,5.0,24.0,1.0,1.0,0.0,2.0,0.0,12.0,3.0,11.0,18.0,2.0,4.0,17.0,16.0,0.0,8.0,18.0,1.0,0.0,0.53,0.2,0.0,1.0,0.0,0.0,24.32,19.0,19.15,5.0,0.19,0.2,0.2,0.72,0.73,0.73,10.86,0.74,0.72,2.6,0.4,6.68,4.85,0.74,0.74,0.73,12.0,4.0,13.0,29.0,1.0,0.0,0.0,4.0,0.0,4.0,7.0,11.0,15.0,3.0,6.0,14.0,21.0,0.0,5.0,12.0,4.0,0.0,0.32,0.42,0.0,1.0,0.0,0.0,28.49,16.0,15.83,2.0,0.15,0.0,0.0,0.89,0.89,0.88
84779388480145,2025,Fleury-Pionk,WPG,pairing,5on5,2,1210.0,4.0,0.18,0.47,0.35,5.81,0.26,0.3,1.6,0.18,3.24,2.41,0.26,0.25,0.25,3.0,5.0,9.0,17.0,0.0,0.0,0.0,0.0,0.0,3.0,5.0,3.0,8.0,2.0,4.0,13.0,12.0,2.0,7.0,8.0,0.0,0.0,0.26,0.0,0.0,0.0,0.0,0.0,15.77,8.0,7.49,0.0,0.06,0.0,0.0,0.33,0.31,0.31,11.46,1.22,0.78,2.97,0.38,5.74,3.9,1.14,1.31,1.23,10.0,5.0,4.0,19.0,2.0,2.0,1.0,2.0,0.0,6.0,3.0,8.0,13.0,3.0,6.0,5.0,14.0,2.0,10.0,10.0,4.0,1.0,0.4,0.42,0.39,1.0,0.0,1.0,20.04,15.0,15.8,5.0,0.17,0.41,0.41,0.97,1.04,1.02
84741518478416,2025,Mcdonagh-Cernak,TBL,pairing,5on5,2,1307.0,4.0,0.69,0.58,0.57,9.84,1.05,0.77,2.57,0.36,4.91,3.34,1.0,0.99,0.94,9.0,4.0,8.0,21.0,0.0,1.0,0.0,3.0,0.0,7.0,2.0,9.0,13.0,4.0,8.0,13.0,14.0,1.0,5.0,8.0,3.0,2.0,0.23,0.37,0.45,0.0,0.0,0.0,19.69,13.0,12.37,2.0,0.16,0.21,0.21,1.01,0.95,0.94,7.21,0.47,0.38,1.84,0.22,4.06,3.02,0.47,0.49,0.49,7.0,3.0,5.0,15.0,2.0,0.0,0.0,1.0,0.0,3.0,4.0,5.0,8.0,0.0,0.0,10.0,15.0,2.0,6.0,8.0,2.0,0.0,0.26,0.22,0.0,2.0,0.0,0.0,15.16,10.0,10.16,3.0,0.08,0.0,0.0,0.55,0.57,0.57
84768698480246,2025,Skjei-Perbix,NSH,pairing,5on5,2,1788.0,3.0,0.51,0.47,0.45,13.85,1.42,0.84,3.46,0.48,7.3,5.49,1.4,1.39,1.37,13.0,6.0,9.0,28.0,3.0,2.0,0.0,3.0,0.0,7.0,4.0,10.0,16.0,1.0,2.0,19.0,11.0,4.0,7.0,13.0,5.0,1.0,0.38,0.65,0.39,2.0,0.0,1.0,27.89,19.0,19.19,5.0,0.17,0.35,0.35,1.24,1.22,1.21,16.77,1.37,1.06,4.05,0.53,9.26,6.74,1.35,1.42,1.39,16.0,7.0,8.0,31.0,0.0,1.0,0.0,4.0,0.0,9.0,9.0,16.0,23.0,1.0,2.0,8.0,15.0,3.0,15.0,18.0,3.0,2.0,0.51,0.42,0.44,0.0,0.0,0.0,31.44,23.0,23.24,7.0,0.22,0.15,0.15,1.44,1.48,1.46
84783978480860,2025,Bahl-Andersson,CGY,pairing,5on5,3,2372.0,4.0,0.38,0.41,0.42,15.36,1.25,0.84,3.64,0.47,8.36,6.43,1.25,1.25,1.25,11.0,10.0,9.0,30.0,2.0,0.0,0.0,1.0,0.0,9.0,9.0,9.0,19.0,2.0,4.0,12.0,24.0,4.0,17.0,15.0,5.0,1.0,0.31,0.66,0.29,1.0,0.0,1.0,29.26,21.0,20.64,12.0,0.17,0.0,0.0,1.42,1.42,1.42,21.34,2.05,1.45,4.99,0.61,11.79,8.11,2.03,2.08,2.06,22.0,7.0,14.0,43.0,1.0,3.0,1.0,7.0,0.0,10.0,8.0,21.0,28.0,5.0,10.0,16.0,17.0,2.0,11.0,19.0,8.0,2.0,0.46,1.07,0.52,0.0,1.0,0.0,43.64,29.0,29.47,5.0,0.3,0.63,0.63,1.72,1.75,1.75
84752008484806,2025,Orlov-Dickinson,SJS,pairing,5on5,1,602.0,3.0,0.44,0.54,0.45,3.61,0.3,0.27,0.89,0.12,2.01,1.42,0.29,0.29,0.29,4.0,1.0,2.0,7.0,1.0,0.0,0.0,2.0,0.0,2.0,0.0,3.0,4.0,3.0,9.0,7.0,10.0,0.0,7.0,4.0,1.0,0.0,0.13,0.17,0.0,1.0,0.0,0.0,7.01,5.0,5.0,5.0,0.06,0.0,0.0,0.35,0.34,0.34,4.36,0.38,0.27,1.01,0.13,2.44,1.77,0.38,0.39,0.39,4.0,2.0,0.0,6.0,0.0,0.0,0.0,2.0,0.0,2.0,2.0,4.0,6.0,1.0,5.0,3.0,4.0,1.0,3.0,4.0,2.0,0.0,0.09,0.29,0.0,0.0,0.0,0.0,6.02,6.0,5.98,1.0,0.06,0.0,0.0,0.44,0.45,0.44
84773698478840,2025,Soucy-Borgen,NYR,pairing,5on5,3,1697.0,12.0,0.48,0.43,0.44,15.33,1.36,1.06,4.04,0.59,7.76,6.18,1.34,1.37,1.35,18.0,3.0,9.0,30.0,2.0,4.0,1.0,0.0,0.0,8.0,7.0,16.0,19.0,2.0,4.0,13.0,19.0,0.0,13.0,16.0,3.0,2.0,0.38,0.39,0.59,1.0,1.0,0.0,30.19,21.0,21.2,7.0,0.22,0.89,0.89,0.69,0.69,0.69,20.04,1.5,1.39,5.15,0.63,10.67,7.66,1.39,1.47,1.36,19.0,8.0,12.0,39.0,0.0,3.0,0.0,4.0,0.0,10.0,10.0,19.0,27.0,0.0,0.0,5.0,9.0,2.0,6.0,21.0,5.0,1.0,0.56,0.72,0.23,0.0,0.0,0.0,38.19,27.0,26.38,4.0,0.29,0.55,0.55,1.24,1.23,1.14
84784548480874,2025,Juulsen-Ginning,PHI,pairing,5on5,2,780.0,8.0,0.32,0.39,0.25,2.07,0.28,0.16,0.41,0.07,1.34,0.73,0.27,0.3,0.29,1.0,2.0,4.0,7.0,1.0,0.0,0.0,0.0,0.0,1.0,1.0,0.0,2.0,2.0,4.0,3.0,8.0,1.0,4.0,2.0,1.0,0.0,0.12,0.17,0.0,1.0,0.0,0.0,7.24,3.0,3.16,1.0,0.03,0.0,0.0,0.32,0.34,0.32,6.45,0.61,0.44,1.42,0.22,3.68,2.63,0.59,0.59,0.57,6.0,3.0,2.0,11.0,1.0,1.0,0.0,0.0,0.0,3.0,4.0,5.0,8.0,0.0,0.0,5.0,9.0,1.0,5.0,6.0,3.0,0.0,0.18,0.43,0.0,1.0,0.0,0.0,10.79,9.0,8.85,3.0,0.09,0.16,0.16,0.54,0.52,0.52
84751678478178,2025,Hedman-Raddysh,TBL,pairing,5on5,2,1243.0,4.0,0.34,0.33,0.38,6.89,0.54,0.38,1.76,0.23,3.97,3.12,0.54,0.51,0.51,6.0,4.0,2.0,12.0,1.0,1.0,0.0,2.0,0.0,3.0,3.0,5.0,9.0,1.0,2.0,6.0,13.0,0.0,6.0,8.0,1.0,1.0,0.21,0.09,0.24,1.0,0.0,0.0,11.54,10.0,9.78,3.0,0.08,0.09,0.09,0.53,0.5,0.5,11.89,1.03,0.69,3.1,0.37,5.98,4.82,0.98,1.09,1.04,12.0,4.0,8.0,24.0,1.0,1.0,1.0,1.0,0.0,3.0,10.0,11.0,15.0,1.0,2.0,12.0,17.0,1.0,2.0,12.0,2.0,2.0,0.24,0.26,0.54,0.0,0.0,1.0,25.01,16.0,16.53,1.0,0.14,0.28,0.28,0.9,0.93,0.93
84754628481605,2025,Lacombe-Gudas,ANA,pairing,5on5,2,1699.0,4.0,0.76,0.7,0.75,18.59,1.11,1.14,5.29,0.67,10.98,7.81,1.05,1.14,1.08,17.0,10.0,13.0,40.0,1.0,1.0,0.0,4.0,0.0,9.0,12.0,16.0,26.0,2.0,4.0,11.0,16.0,3.0,7.0,24.0,2.0,1.0,0.55,0.27,0.29,0.0,0.0,1.0,39.7,27.0,26.67,3.0,0.23,0.19,0.19,1.16,1.19,1.13,6.71,0.36,0.36,2.27,0.32,3.26,2.45,0.36,0.36,0.36,7.0,2.0,8.0,17.0,2.0,0.0,0.0,3.0,0.0,2.0,2.0,5.0,7.0,1.0,2.0,23.0,15.0,2.0,12.0,8.0,1.0,0.0,0.26,0.1,0.0,2.0,0.0,0.0,17.71,9.0,9.41,6.0,0.07,0.0,0.0,0.43,0.43,0.43
84827628484223,2025,Edvinsson-Sandin-Pellikka,DET,pairing,5on5,2,1973.0,3.0,0.73,0.64,0.72,17.81,1.33,1.21,4.35,0.63,10.95,7.54,1.31,1.21,1.2,16.0,10.0,15.0,41.0,0.0,0.0,0.0,2.0,0.0,13.0,11.0,16.0,26.0,4.0,8.0,15.0,16.0,4.0,8.0,20.0,6.0,0.0,0.66,0.67,0.0,0.0,0.0,0.0,37.15,26.0,23.59,1.0,0.25,0.0,0.0,1.58,1.44,1.42,7.47,0.48,0.43,1.91,0.28,3.92,2.97,0.48,0.54,0.53,6.0,4.0,13.0,23.0,0.0,0.0,0.0,2.0,0.0,5.0,3.0,6.0,10.0,7.0,14.0,16.0,22.0,2.0,8.0,9.0,1.0,0.0,0.3,0.19,0.0,0.0,0.0,0.0,26.27,10.0,10.94,2.0,0.09,0.0,0.0,0.57,0.63,0.63
84757538481598,2025,Broberg-Faulk,STL,pairing,5on5,2,1684.0,3.0,0.42,0.44,0.5,9.58,0.69,0.65,2.33,0.33,5.77,4.24,0.69,0.67,0.67,9.0,5.0,5.0,19.0,0.0,0.0,0.0,1.0,0.0,5.0,8.0,9.0,14.0,4.0,8.0,14.0,17.0,2.0,7.0,12.0,1.0,1.0,0.27,0.18,0.23,0.0,0.0,0.0,17.88,14.0,13.11,5.0,0.13,0.0,0.0,0.82,0.79,0.79,10.17,0.94,0.58,2.33,0.31,5.71,4.13,0.93,0.94,0.92,11.0,3.0,10.0,24.0,0.0,1.0,0.0,1.0,0.0,6.0,6.0,11.0,14.0,2.0,4.0,13.0,7.0,4.0,6.0,11.0,2.0,1.0,0.24,0.31,0.39,0.0,0.0,0.0,26.16,14.0,14.89,2.0,0.12,0.39,0.39,0.67,0.67,0.67
84784608479371,2025,Werenski-Fabbro,CBJ,pairing,5on5,2,1364.0,3.0,0.22,0.43,0.37,10.0,0.44,0.53,2.59,0.3,5.84,4.3,0.43,0.48,0.47,9.0,5.0,11.0,25.0,1.0,0.0,0.0,5.0,0.0,4.0,4.0,8.0,13.0,3.0,6.0,11.0,11.0,0.0,7.0,12.0,2.0,0.0,0.26,0.18,0.0,1.0,0.0,0.0,26.42,14.0,14.8,2.0,0.11,0.0,0.0,0.55,0.59,0.58,17.6,1.59,1.09,5.29,0.64,9.03,6.36,1.54,1.51,1.46,15.0,9.0,9.0,33.0,0.0,3.0,0.0,3.0,0.0,10.0,8.0,15.0,24.0,2.0,4.0,15.0,5.0,4.0,7.0,18.0,4.0,2.0,0.48,0.49,0.61,0.0,0.0,0.0,31.64,24.0,22.9,3.0,0.23,0.38,0.38,1.44,1.36,1.33
847843884815778485414,2025,Novak-Kindel-Tomasino,PIT,line,5on5,1,608.0,2.0,0.49,0.42,0.42,3.78,0.45,0.26,0.85,0.11,1.86,1.46,0.45,0.47,0.47,4.0,1.0,3.0,8.0,0.0,0.0,0.0,1.0,0.0,1.0,3.0,4.0,5.0,0.0,0.0,3.0,2.0,0.0,8.0,4.0,0.0,1.0,0.18,0.0,0.26,0.0,0.0,0.0,8.61,5.0,5.36,2.0,0.06,0.0,0.0,0.5,0.53,0.53,5.23,0.46,0.38,1.69,0.2,2.65,1.62,0.43,0.42,0.4,4.0,3.0,4.0,11.0,0.0,2.0,0.0,1.0,0.0,1.0,3.0,4.0,7.0,0.0,0.0,1.0,6.0,0.0,5.0,4.0,3.0,0.0,0.13,0.33,0.0,0.0,0.0,0.0,10.12,7.0,6.47,1.0,0.08,0.2,0.2,0.34,0.32,0.31
847886484815578482079,2025,Boldy-Rossi-Kaprizov,MIN,line,5on5,2,1324.0,2.0,0.71,0.63,0.61,15.79,1.13,1.1,3.75,0.48,8.9,6.63,1.08,1.16,1.11,9.0,13.0,10.0,32.0,2.0,1.0,0.0,0.0,0.0,9.0,10.0,7.0,20.0,0.0,0.0,9.0,4.0,2.0,8.0,18.0,3.0,1.0,0.63,0.28,0.23,1.0,0.0,1.0,32.17,22.0,22.12,3.0,0.23,0.02,0.02,1.34,1.38,1.32,9.89,0.47,0.52,2.35,0.31,5.89,4.46,0.47,0.46,0.46,11.0,3.0,5.0,19.0,2.0,0.0,0.0,3.0,0.0,2.0,7.0,9.0,12.0,3.0,6.0,10.0,6.0,2.0,6.0,12.0,2.0,0.0,0.28,0.18,0.0,2.0,0.0,0.0,18.99,14.0,14.12,4.0,0.1,0.0,0.0,0.57,0.56,0.56
84779508481014,2025,Romanov-Deangelo,NYI,pairing,5on5,2,1687.0,3.0,0.24,0.43,0.44,14.79,0.81,0.9,4.32,0.5,7.99,5.47,0.81,0.79,0.78,13.0,7.0,7.0,27.0,0.0,2.0,0.0,2.0,0.0,10.0,6.0,13.0,20.0,4.0,8.0,18.0,20.0,3.0,9.0,17.0,3.0,0.0,0.39,0.42,0.0,0.0,0.0,0.0,25.68,20.0,18.91,6.0,0.18,0.2,0.2,0.8,0.79,0.79,19.04,2.5,1.44,4.25,0.65,9.54,6.62,2.33,2.54,2.38,18.0,7.0,11.0,36.0,2.0,3.0,0.0,0.0,0.0,11.0,9.0,16.0,23.0,2.0,4.0,15.0,19.0,2.0,7.0,12.0,9.0,4.0,0.37,1.05,1.09,0.0,2.0,0.0,38.16,25.0,26.3,4.0,0.31,0.87,0.87,1.94,1.99,1.93
847584284817268482460,2025,Edstrom-Carrick-Rempe,NYR,line,5on5,3,1294.0,9.0,0.68,0.56,0.52,12.44,1.6,0.82,3.05,0.39,5.89,4.25,1.49,1.77,1.65,12.0,4.0,9.0,25.0,2.0,2.0,1.0,1.0,0.0,7.0,4.0,10.0,14.0,1.0,2.0,5.0,19.0,1.0,7.0,10.0,1.0,5.0,0.28,0.09,1.23,1.0,0.0,1.0,27.81,16.0,17.46,7.0,0.17,0.35,0.35,1.42,1.57,1.54,11.39,0.76,0.67,2.82,0.35,5.84,4.56,0.76,0.75,0.75,10.0,5.0,5.0,20.0,0.0,0.0,0.0,1.0,0.0,4.0,10.0,10.0,15.0,1.0,2.0,10.0,11.0,2.0,14.0,13.0,1.0,1.0,0.4,0.16,0.2,0.0,0.0,0.0,19.87,15.0,15.21,6.0,0.14,0.0,0.0,0.9,0.89,0.89
847410284780208481528,2025,Perron-Cozens-Amadio,OTT,line,5on5,2,1079.0,4.0,0.67,0.54,0.6,8.73,0.64,0.47,2.33,0.26,4.71,3.59,0.63,0.63,0.63,10.0,2.0,3.0,15.0,0.0,1.0,0.0,4.0,0.0,4.0,3.0,10.0,12.0,2.0,4.0,9.0,14.0,2.0,5.0,10.0,1.0,1.0,0.19,0.19,0.26,0.0,0.0,0.0,14.39,12.0,11.62,3.0,0.1,0.19,0.19,0.55,0.54,0.54,5.84,0.31,0.32,1.68,0.19,3.12,2.38,0.31,0.32,0.31,6.0,2.0,5.0,13.0,0.0,0.0,0.0,0.0,0.0,6.0,2.0,6.0,8.0,3.0,6.0,7.0,14.0,1.0,7.0,8.0,0.0,0.0,0.31,0.0,0.0,0.0,0.0,0.0,13.75,8.0,8.27,5.0,0.06,0.0,0.0,0.38,0.38,0.37
848001884815408483515,2025,Slafkovsk-Suzuki-Caufield,MTL,line,5on5,3,1957.0,3.0,0.73,0.68,0.72,22.18,2.58,1.73,5.21,0.76,11.89,8.83,2.37,2.73,2.51,19.0,12.0,11.0,42.0,2.0,3.0,0.0,3.0,0.0,12.0,11.0,17.0,29.0,1.0,2.0,10.0,17.0,1.0,5.0,20.0,8.0,3.0,0.83,1.0,0.75,2.0,0.0,0.0,44.53,31.0,32.58,4.0,0.37,0.56,0.56,2.39,2.54,2.44,8.36,0.96,0.69,1.79,0.33,4.92,3.31,0.94,0.89,0.88,8.0,4.0,8.0,20.0,1.0,1.0,0.0,3.0,0.0,4.0,3.0,7.0,11.0,1.0,2.0,16.0,20.0,1.0,6.0,7.0,5.0,0.0,0.25,0.7,0.0,1.0,0.0,0.0,18.65,12.0,11.21,3.0,0.14,0.01,0.01,1.09,1.01,1.0
847747684774928480039,2025,Lehkonen-Mackinnon-Necas,COL,line,5on5,3,2158.0,3.0,0.63,0.52,0.47,20.63,2.56,1.44,4.78,0.69,10.28,7.24,2.39,2.58,2.42,18.0,9.0,15.0,42.0,4.0,3.0,1.0,3.0,0.0,8.0,9.0,14.0,23.0,3.0,9.0,28.0,8.0,1.0,24.0,15.0,8.0,4.0,0.39,1.03,1.14,1.0,2.0,1.0,42.32,27.0,27.63,11.0,0.3,0.93,0.93,1.93,1.94,1.82,21.68,1.48,1.24,6.05,0.74,11.87,8.62,1.45,1.42,1.4,18.0,12.0,9.0,39.0,0.0,2.0,0.0,7.0,0.0,11.0,10.0,18.0,30.0,5.0,13.0,18.0,17.0,2.0,19.0,26.0,2.0,2.0,0.72,0.24,0.51,0.0,0.0,0.0,37.64,30.0,29.11,10.0,0.26,0.51,0.51,1.22,1.19,1.18
847796484784038478483,2025,Barbashev-Eichel-Marner,VGK,line,5on5,3,1704.0,4.0,0.51,0.51,0.52,16.11,1.23,0.96,4.08,0.53,8.58,6.62,1.22,1.23,1.23,12.0,10.0,7.0,29.0,2.0,1.0,0.0,0.0,0.0,8.0,11.0,10.0,20.0,0.0,0.0,15.0,15.0,3.0,10.0,16.0,6.0,0.0,0.46,0.76,0.0,1.0,1.0,0.0,28.86,22.0,21.81,2.0,0.2,0.04,0.04,1.39,1.39,1.39,13.7,1.17,0.79,3.79,0.48,7.87,5.91,1.15,1.14,1.11,12.0,8.0,8.0,28.0,0.0,2.0,0.0,6.0,0.0,9.0,3.0,12.0,20.0,1.0,2.0,12.0,14.0,1.0,7.0,16.0,3.0,1.0,0.35,0.41,0.41,0.0,0.0,0.0,28.21,20.0,20.11,3.0,0.16,0.42,0.42,0.91,0.89,0.87
84821768484783,2025,Kaiser-Levshunov,CHI,pairing,5on5,2,1519.0,4.0,0.56,0.6,0.55,12.75,1.03,0.79,3.33,0.4,6.56,4.89,1.01,1.07,1.06,10.0,7.0,8.0,25.0,1.0,1.0,0.0,3.0,0.0,4.0,8.0,9.0,16.0,3.0,6.0,10.0,14.0,2.0,5.0,12.0,4.0,1.0,0.3,0.49,0.23,0.0,1.0,0.0,25.61,17.0,17.33,0.0,0.16,0.23,0.23,0.96,1.02,1.0,10.85,0.82,0.68,2.68,0.32,5.26,4.24,0.8,0.8,0.79,10.0,4.0,3.0,17.0,0.0,0.0,0.0,4.0,0.0,6.0,4.0,10.0,14.0,1.0,2.0,14.0,16.0,0.0,8.0,12.0,1.0,1.0,0.37,0.18,0.26,0.0,0.0,0.0,16.77,14.0,13.87,4.0,0.14,0.0,0.0,0.96,0.94,0.92
84769238478500,2025,Provorov-Severson,CBJ,pairing,5on5,2,1368.0,3.0,0.69,0.45,0.47,10.79,1.06,0.69,2.47,0.34,5.26,4.18,1.06,1.13,1.12,10.0,4.0,6.0,20.0,2.0,1.0,0.0,2.0,0.0,4.0,5.0,8.0,12.0,0.0,0.0,13.0,8.0,1.0,8.0,10.0,2.0,2.0,0.36,0.28,0.43,1.0,0.0,1.0,20.75,14.0,14.35,7.0,0.14,0.15,0.15,1.06,1.12,1.12,11.68,0.48,0.63,2.91,0.34,6.45,5.2,0.45,0.45,0.43,14.0,2.0,8.0,24.0,0.0,0.0,0.0,2.0,0.0,5.0,9.0,14.0,16.0,0.0,0.0,13.0,6.0,3.0,5.0,15.0,1.0,0.0,0.35,0.12,0.0,0.0,0.0,0.0,22.62,16.0,15.19,5.0,0.13,0.0,0.0,0.6,0.57,0.55
84774958478859,2025,Mikkola-Jones,FLA,pairing,5on5,3,2331.0,6.0,0.54,0.51,0.5,18.49,1.71,1.31,4.51,0.57,9.46,6.43,1.68,1.69,1.66,15.0,9.0,15.0,39.0,0.0,2.0,0.0,6.0,0.0,7.0,9.0,15.0,24.0,1.0,2.0,12.0,21.0,5.0,16.0,16.0,7.0,1.0,0.46,0.99,0.26,0.0,0.0,0.0,39.88,24.0,24.32,12.0,0.27,0.18,0.18,1.8,1.78,1.75,16.83,1.47,1.06,4.11,0.59,9.58,7.2,1.43,1.51,1.48,16.0,8.0,14.0,38.0,2.0,1.0,0.0,2.0,2.0,11.0,6.0,14.0,22.0,7.0,16.0,31.0,27.0,5.0,13.0,17.0,7.0,0.0,0.46,1.01,0.0,0.0,2.0,0.0,38.17,24.0,24.18,7.0,0.22,0.01,0.01,1.68,1.73,1.68
847517084793858482077,2025,Holloway-Schenn-Kyrou,STL,line,5on5,2,1470.0,2.0,0.63,0.62,0.52,10.88,1.42,0.86,2.48,0.36,5.79,4.09,1.41,1.4,1.39,9.0,6.0,14.0,29.0,0.0,2.0,0.0,3.0,0.0,4.0,6.0,9.0,15.0,1.0,2.0,14.0,19.0,3.0,5.0,8.0,5.0,2.0,0.22,0.76,0.44,0.0,0.0,0.0,27.97,15.0,14.37,1.0,0.18,0.24,0.24,1.37,1.33,1.33,10.82,0.82,0.56,2.56,0.32,5.21,4.54,0.81,0.83,0.82,12.0,2.0,4.0,18.0,2.0,1.0,0.0,0.0,0.0,7.0,4.0,10.0,12.0,1.0,2.0,8.0,12.0,2.0,5.0,12.0,1.0,1.0,0.31,0.12,0.39,1.0,1.0,0.0,19.03,14.0,14.62,4.0,0.11,0.39,0.39,0.55,0.56,0.56
84746008482482,2025,Josi-Wilsby,NSH,pairing,5on5,2,1884.0,3.0,0.63,0.49,0.53,14.21,1.75,1.04,3.33,0.47,7.33,5.08,1.69,1.7,1.63,13.0,6.0,8.0,27.0,0.0,2.0,0.0,5.0,0.0,8.0,4.0,13.0,19.0,3.0,6.0,16.0,9.0,3.0,8.0,12.0,5.0,2.0,0.33,0.83,0.6,0.0,0.0,0.0,26.7,19.0,18.87,2.0,0.22,0.5,0.5,1.47,1.41,1.4,13.07,1.05,0.74,3.54,0.43,6.25,4.98,1.03,1.1,1.08,12.0,5.0,11.0,28.0,2.0,1.0,0.0,3.0,0.0,5.0,6.0,10.0,15.0,2.0,4.0,19.0,21.0,2.0,9.0,14.0,2.0,1.0,0.48,0.33,0.24,0.0,1.0,1.0,28.51,17.0,17.32,4.0,0.16,0.04,0.04,1.17,1.23,1.21
84764578478407,2025,Dunn-Larsson,SEA,pairing,5on5,2,1876.0,3.0,0.59,0.47,0.5,15.8,1.87,1.23,4.87,0.55,7.46,5.02,1.73,1.83,1.69,13.0,8.0,7.0,28.0,2.0,3.0,0.0,5.0,0.0,4.0,7.0,11.0,19.0,0.0,0.0,18.0,22.0,1.0,7.0,12.0,7.0,2.0,0.26,1.04,0.57,1.0,1.0,0.0,28.12,21.0,21.21,5.0,0.27,0.58,0.58,1.56,1.51,1.46,14.74,1.27,0.99,3.82,0.54,8.32,6.06,1.23,1.31,1.27,7.0,14.0,11.0,32.0,1.0,1.0,0.0,0.0,0.0,12.0,7.0,6.0,20.0,2.0,4.0,18.0,17.0,1.0,9.0,15.0,4.0,2.0,0.3,0.46,0.52,0.0,0.0,1.0,32.09,21.0,20.96,1.0,0.21,0.01,0.01,1.47,1.52,1.47
84752008482166,2025,Orlov-Mukhamadullin,SJS,pairing,5on5,1,700.0,3.0,0.65,0.52,0.52,8.72,1.41,0.62,2.21,0.36,4.28,3.13,1.24,1.39,1.22,8.0,4.0,1.0,13.0,2.0,4.0,1.0,1.0,0.0,3.0,2.0,6.0,10.0,3.0,6.0,5.0,11.0,0.0,7.0,6.0,3.0,3.0,0.15,0.4,0.85,0.0,1.0,1.0,12.95,12.0,12.06,4.0,0.13,1.04,1.04,0.5,0.49,0.47,8.06,0.74,0.63,1.99,0.27,4.19,3.18,0.74,0.78,0.78,7.0,4.0,1.0,12.0,1.0,0.0,0.0,0.0,0.0,5.0,5.0,6.0,10.0,1.0,2.0,10.0,7.0,0.0,0.0,8.0,3.0,0.0,0.32,0.43,0.0,0.0,1.0,0.0,12.16,11.0,11.14,0.0,0.13,0.0,0.0,0.88,0.91,0.91
84751718481122,2025,Ekman-Larsson-Benoit,TOR,pairing,5on5,2,1313.0,6.0,0.46,0.53,0.41,8.48,0.61,0.48,2.23,0.27,4.14,3.27,0.59,0.6,0.59,6.0,5.0,9.0,20.0,0.0,1.0,0.0,2.0,0.0,4.0,4.0,6.0,11.0,2.0,4.0,18.0,19.0,0.0,7.0,9.0,1.0,1.0,0.21,0.11,0.28,0.0,0.0,0.0,21.18,11.0,11.52,1.0,0.1,0.28,0.28,0.42,0.43,0.43,10.64,0.71,0.72,2.42,0.37,7.06,4.73,0.68,0.66,0.64,8.0,8.0,2.0,18.0,1.0,0.0,0.0,2.0,0.0,5.0,8.0,7.0,15.0,1.0,2.0,7.0,13.0,0.0,5.0,14.0,2.0,0.0,0.51,0.2,0.0,0.0,1.0,0.0,17.09,16.0,15.11,1.0,0.15,0.0,0.0,0.85,0.8,0.77
847515184753148478445,2025,Lee-Barzal-Palmieri,NYI,line,5on5,2,1309.0,2.0,0.66,0.65,0.69,16.48,1.63,1.1,4.23,0.5,8.36,6.17,1.54,1.62,1.53,16.0,6.0,8.0,30.0,1.0,2.0,0.0,0.0,0.0,9.0,10.0,15.0,21.0,0.0,0.0,11.0,7.0,1.0,6.0,17.0,3.0,2.0,0.5,0.45,0.68,1.0,0.0,0.0,28.47,22.0,21.08,5.0,0.23,0.59,0.59,1.28,1.27,1.27,8.0,0.83,0.45,2.0,0.21,3.54,2.96,0.83,0.91,0.91,8.0,2.0,6.0,16.0,1.0,0.0,0.0,2.0,0.0,2.0,5.0,7.0,9.0,2.0,4.0,11.0,6.0,4.0,7.0,6.0,3.0,1.0,0.11,0.48,0.24,0.0,1.0,0.0,16.91,10.0,10.55,2.0,0.1,0.0,0.0,0.93,1.01,1.01
848022084815538482159,2025,Foerster-Cates-Brink,PHI,line,5on5,2,1259.0,4.0,0.54,0.56,0.52,11.77,1.51,0.97,2.75,0.41,6.01,4.34,1.5,1.56,1.54,11.0,5.0,7.0,23.0,3.0,2.0,1.0,1.0,0.0,4.0,6.0,8.0,13.0,2.0,4.0,11.0,8.0,2.0,8.0,10.0,4.0,2.0,0.35,0.55,0.62,2.0,0.0,1.0,23.35,16.0,16.16,4.0,0.21,0.62,0.62,1.1,1.14,1.14,10.64,1.31,0.8,2.93,0.43,5.69,3.83,1.17,1.27,1.13,8.0,7.0,3.0,18.0,1.0,3.0,1.0,0.0,0.0,7.0,4.0,7.0,14.0,2.0,4.0,19.0,11.0,0.0,4.0,10.0,3.0,2.0,0.24,0.38,0.69,0.0,0.0,1.0,18.02,15.0,15.19,1.0,0.17,0.7,0.7,0.78,0.76,0.73
847646084783988480014,2025,Connor-Scheifele-Vilardi,WPG,line,5on5,2,1433.0,2.0,0.34,0.54,0.46,8.74,0.67,0.67,1.94,0.31,5.63,3.77,0.67,0.65,0.65,10.0,3.0,12.0,25.0,3.0,0.0,0.0,4.0,0.0,1.0,5.0,7.0,10.0,4.0,8.0,11.0,8.0,2.0,7.0,10.0,3.0,0.0,0.36,0.31,0.0,2.0,1.0,0.0,23.96,13.0,12.79,1.0,0.14,0.0,0.0,0.81,0.78,0.78,11.61,1.27,0.81,2.46,0.35,5.77,4.33,1.2,1.38,1.3,12.0,3.0,6.0,21.0,2.0,1.0,1.0,1.0,0.0,8.0,3.0,10.0,13.0,3.0,6.0,13.0,11.0,1.0,14.0,10.0,4.0,1.0,0.32,0.57,0.39,0.0,1.0,1.0,22.0,15.0,15.81,8.0,0.17,0.39,0.39,1.06,1.14,1.13
84815638483490,2025,Mintyukov-Helleson,ANA,pairing,5on5,2,1400.0,6.0,0.25,0.45,0.41,10.25,0.42,0.6,2.77,0.34,6.46,4.41,0.42,0.43,0.43,9.0,6.0,7.0,22.0,0.0,0.0,0.0,1.0,0.0,9.0,5.0,9.0,15.0,1.0,2.0,8.0,16.0,0.0,5.0,14.0,1.0,0.0,0.32,0.1,0.0,0.0,0.0,0.0,21.88,15.0,14.92,2.0,0.12,0.0,0.0,0.54,0.55,0.55,16.07,1.24,1.06,3.65,0.51,9.21,6.33,1.23,1.23,1.22,17.0,5.0,5.0,27.0,2.0,0.0,0.0,4.0,0.0,9.0,7.0,15.0,20.0,1.0,2.0,13.0,14.0,2.0,8.0,17.0,4.0,1.0,0.52,0.51,0.21,1.0,1.0,0.0,27.41,22.0,22.67,5.0,0.22,0.0,0.0,1.46,1.45,1.43
847464184834558485493,2025,Howard-Henrique-Tomasek,EDM,line,5on5,2,772.0,8.0,0.71,0.65,0.63,7.14,0.35,0.37,2.0,0.23,4.16,2.9,0.34,0.34,0.34,6.0,4.0,5.0,15.0,0.0,1.0,0.0,1.0,0.0,2.0,6.0,6.0,10.0,1.0,2.0,6.0,5.0,0.0,2.0,8.0,2.0,0.0,0.15,0.2,0.0,0.0,0.0,0.0,14.83,10.0,9.98,1.0,0.08,0.11,0.11,0.31,0.31,0.3,4.65,0.14,0.21,1.3,0.15,2.33,1.87,0.14,0.14,0.14,3.0,3.0,2.0,8.0,0.0,0.0,0.0,0.0,0.0,5.0,1.0,3.0,6.0,1.0,2.0,6.0,6.0,1.0,6.0,6.0,0.0,0.0,0.14,0.0,0.0,0.0,0.0,0.0,8.09,6.0,5.98,4.0,0.04,0.0,0.0,0.18,0.19,0.18
84769068482100,2025,Gostisbehere-Nikishin,CAR,pairing,5on5,2,1519.0,5.0,0.88,0.67,0.75,22.17,3.03,1.69,5.25,0.85,11.27,7.9,2.82,2.97,2.76,17.0,13.0,7.0,37.0,5.0,5.0,1.0,2.0,0.0,9.0,9.0,12.0,25.0,0.0,0.0,19.0,10.0,4.0,3.0,17.0,10.0,3.0,0.67,1.38,0.97,1.0,3.0,1.0,37.11,30.0,30.37,2.0,0.36,1.13,1.13,2.26,2.22,2.18,7.08,0.42,0.46,1.55,0.25,4.15,3.18,0.41,0.43,0.43,7.0,3.0,8.0,18.0,1.0,0.0,0.0,0.0,0.0,6.0,3.0,6.0,9.0,1.0,2.0,16.0,14.0,0.0,6.0,8.0,2.0,0.0,0.17,0.25,0.0,1.0,0.0,0.0,18.44,10.0,10.18,1.0,0.09,0.0,0.0,0.51,0.53,0.52
847744484827038484144,2025,Burakovsky-Bedard-Dach,CHI,line,5on5,2,986.0,3.0,0.27,0.53,0.52,8.39,0.45,0.5,2.13,0.29,4.97,3.66,0.44,0.47,0.45,9.0,3.0,4.0,16.0,1.0,1.0,0.0,2.0,0.0,3.0,5.0,8.0,11.0,0.0,0.0,3.0,13.0,4.0,5.0,11.0,1.0,0.0,0.36,0.09,0.0,1.0,0.0,0.0,16.36,12.0,12.26,2.0,0.1,0.03,0.03,0.52,0.54,0.52,8.82,1.23,0.67,1.87,0.26,3.98,2.99,1.19,1.25,1.2,8.0,3.0,3.0,14.0,1.0,0.0,0.0,1.0,0.0,4.0,5.0,7.0,10.0,2.0,4.0,9.0,4.0,0.0,7.0,4.0,6.0,1.0,0.09,0.88,0.26,0.0,1.0,0.0,14.08,11.0,10.99,3.0,0.14,0.0,0.0,1.37,1.39,1.34
84763128484258,2025,Manson-Malinski,COL,pairing,5on5,3,1295.0,11.0,0.47,0.6,0.64,11.58,0.74,0.78,3.26,0.39,6.46,4.37,0.72,0.73,0.71,10.0,6.0,10.0,26.0,1.0,0.0,0.0,3.0,0.0,10.0,2.0,9.0,15.0,3.0,9.0,11.0,14.0,1.0,9.0,12.0,4.0,0.0,0.31,0.43,0.0,1.0,0.0,0.0,26.54,16.0,16.11,5.0,0.16,0.0,0.0,0.9,0.89,0.87,6.84,0.84,0.44,1.46,0.19,3.3,2.78,0.83,0.85,0.84,7.0,2.0,8.0,17.0,0.0,1.0,0.0,4.0,0.0,1.0,3.0,7.0,9.0,4.0,11.0,7.0,14.0,3.0,15.0,5.0,3.0,1.0,0.09,0.46,0.29,0.0,0.0,0.0,16.34,9.0,8.88,6.0,0.09,0.29,0.29,0.64,0.63,0.63
84799828480807,2025,Samuelsson-Timmins,BUF,pairing,5on5,2,1156.0,4.0,0.46,0.5,0.44,8.7,0.49,0.53,2.21,0.27,5.09,3.42,0.48,0.45,0.44,8.0,4.0,8.0,20.0,0.0,1.0,0.0,2.0,0.0,2.0,7.0,8.0,12.0,6.0,12.0,7.0,13.0,1.0,7.0,11.0,0.0,1.0,0.24,0.0,0.24,0.0,0.0,0.0,18.43,12.0,11.04,5.0,0.11,0.24,0.24,0.35,0.33,0.33,10.39,0.56,0.57,2.47,0.32,6.38,4.68,0.56,0.59,0.59,12.0,3.0,5.0,20.0,2.0,0.0,0.0,2.0,0.0,8.0,3.0,10.0,13.0,3.0,6.0,11.0,11.0,4.0,7.0,13.0,2.0,0.0,0.32,0.24,0.0,2.0,0.0,0.0,22.09,15.0,16.37,3.0,0.12,0.0,0.0,0.68,0.72,0.71
847794084784278482093,2025,Ehlers-Aho-Jarvis,CAR,line,5on5,2,1374.0,2.0,0.66,0.57,0.64,11.45,0.83,0.65,3.24,0.44,6.24,4.59,0.83,0.81,0.81,12.0,4.0,7.0,23.0,1.0,0.0,0.0,2.0,0.0,5.0,8.0,11.0,15.0,1.0,2.0,18.0,8.0,0.0,5.0,14.0,2.0,0.0,0.56,0.27,0.0,0.0,1.0,0.0,22.76,16.0,16.01,3.0,0.14,0.0,0.0,0.97,0.94,0.94,6.59,0.43,0.37,1.35,0.21,3.68,2.97,0.43,0.45,0.45,7.0,2.0,8.0,17.0,2.0,0.0,0.0,0.0,0.0,3.0,4.0,5.0,7.0,0.0,0.0,8.0,11.0,0.0,11.0,8.0,1.0,0.0,0.33,0.1,0.0,2.0,0.0,0.0,17.46,9.0,9.21,5.0,0.07,0.0,0.0,0.5,0.53,0.52
847467984757998476480,2025,Namestnikov-Nyquist-Niederreiter,WPG,line,5on5,2,619.0,8.0,0.23,0.25,0.36,2.86,0.09,0.14,0.76,0.08,1.7,1.22,0.09,0.09,0.09,2.0,2.0,0.0,4.0,0.0,0.0,0.0,1.0,0.0,1.0,2.0,2.0,4.0,1.0,2.0,4.0,6.0,1.0,4.0,4.0,0.0,0.0,0.09,0.0,0.0,0.0,0.0,0.0,3.76,4.0,3.79,2.0,0.03,0.0,0.0,0.12,0.11,0.11,4.57,0.31,0.3,1.07,0.16,3.04,2.11,0.3,0.33,0.32,4.0,3.0,5.0,12.0,0.0,0.0,0.0,1.0,0.0,4.0,2.0,4.0,7.0,0.0,0.0,5.0,2.0,3.0,3.0,5.0,2.0,0.0,0.13,0.18,0.0,0.0,0.0,0.0,12.82,7.0,7.42,2.0,0.06,0.0,0.0,0.37,0.4,0.38
847744684793708482062,2025,Jost-Mccarron-Smith,NSH,line,5on5,2,1005.0,5.0,0.4,0.53,0.68,9.58,0.42,0.54,2.3,0.32,5.26,4.17,0.42,0.4,0.4,10.0,3.0,4.0,17.0,0.0,0.0,0.0,4.0,0.0,4.0,5.0,10.0,13.0,1.0,2.0,9.0,9.0,2.0,6.0,12.0,1.0,0.0,0.31,0.11,0.0,0.0,0.0,0.0,16.77,13.0,12.84,2.0,0.11,0.0,0.0,0.53,0.51,0.5,4.75,0.62,0.31,1.36,0.14,2.13,1.45,0.61,0.65,0.64,3.0,3.0,9.0,15.0,1.0,0.0,0.0,0.0,0.0,3.0,2.0,2.0,5.0,0.0,0.0,7.0,7.0,0.0,3.0,4.0,1.0,1.0,0.11,0.19,0.32,0.0,0.0,1.0,15.2,6.0,6.12,0.0,0.07,0.0,0.0,0.68,0.72,0.71
847804284784018479999,2025,Arvidsson-Mittelstadt-Zacha,BOS,line,5on5,3,1713.0,5.0,0.42,0.48,0.52,15.82,0.96,0.95,4.07,0.56,8.94,6.52,0.96,0.98,0.97,9.0,13.0,2.0,24.0,2.0,3.0,0.0,2.0,0.0,7.0,8.0,7.0,20.0,0.0,0.0,10.0,9.0,1.0,8.0,20.0,2.0,0.0,0.74,0.22,0.0,1.0,1.0,0.0,24.64,22.0,22.56,3.0,0.19,0.1,0.1,1.05,1.07,1.06,14.18,1.33,0.93,3.75,0.54,7.62,5.84,1.26,1.28,1.21,13.0,7.0,6.0,26.0,1.0,2.0,0.0,4.0,0.0,3.0,10.0,12.0,19.0,1.0,2.0,13.0,14.0,2.0,11.0,12.0,7.0,1.0,0.24,0.88,0.21,0.0,1.0,0.0,25.21,20.0,19.47,7.0,0.19,0.4,0.4,1.13,1.11,1.07
847793484784028479365,2025,Frederic-Mcdavid-Draisaitl,EDM,line,5on5,2,1406.0,2.0,0.91,0.72,0.75,18.43,2.57,1.44,3.72,0.51,8.97,6.78,2.54,2.49,2.46,17.0,7.0,5.0,29.0,0.0,2.0,0.0,2.0,0.0,11.0,9.0,17.0,24.0,1.0,2.0,12.0,10.0,1.0,10.0,13.0,7.0,4.0,0.51,0.9,1.17,0.0,0.0,0.0,29.15,24.0,24.11,4.0,0.3,0.55,0.55,2.33,2.26,2.25,5.81,0.24,0.27,1.32,0.17,3.25,2.75,0.24,0.25,0.25,6.0,2.0,3.0,11.0,0.0,0.0,0.0,2.0,0.0,3.0,3.0,6.0,8.0,4.0,8.0,5.0,18.0,3.0,7.0,8.0,0.0,0.0,0.24,0.0,0.0,0.0,0.0,0.0,11.07,8.0,8.11,5.0,0.05,0.0,0.0,0.3,0.31,0.31
84757908483485,2025,Mateychuk-Gudbranson,CBJ,pairing,5on5,2,972.0,6.0,0.39,0.44,0.4,6.62,0.78,0.5,1.44,0.27,3.82,3.19,0.77,0.83,0.82,8.0,2.0,4.0,14.0,0.0,1.0,0.0,1.0,0.0,2.0,6.0,8.0,10.0,1.0,2.0,7.0,12.0,2.0,7.0,8.0,1.0,1.0,0.3,0.14,0.35,0.0,0.0,0.0,14.87,10.0,10.63,4.0,0.1,0.35,0.35,0.54,0.58,0.56,10.95,1.23,0.78,2.45,0.39,5.67,4.48,1.22,1.15,1.14,8.0,7.0,3.0,18.0,1.0,1.0,0.0,4.0,0.0,4.0,5.0,7.0,14.0,2.0,4.0,4.0,10.0,2.0,8.0,9.0,4.0,2.0,0.23,0.46,0.54,1.0,0.0,0.0,17.06,15.0,14.21,5.0,0.16,0.31,0.31,1.08,1.02,1.01
84745748477969,2025,Pettersson-Myers,VAN,pairing,5on5,2,1389.0,4.0,0.22,0.39,0.38,6.44,0.23,0.32,1.72,0.23,3.49,3.01,0.21,0.23,0.22,6.0,3.0,3.0,12.0,2.0,0.0,0.0,0.0,0.0,3.0,4.0,4.0,7.0,4.0,8.0,11.0,10.0,4.0,7.0,9.0,0.0,0.0,0.23,0.0,0.0,2.0,0.0,0.0,12.23,9.0,9.18,1.0,0.06,0.0,0.0,0.29,0.3,0.28,11.24,0.79,0.75,2.71,0.35,5.71,4.68,0.79,0.78,0.78,9.0,6.0,4.0,19.0,0.0,0.0,0.0,1.0,0.0,8.0,6.0,9.0,15.0,1.0,2.0,8.0,13.0,0.0,8.0,13.0,1.0,1.0,0.41,0.15,0.24,0.0,0.0,0.0,18.74,15.0,14.91,4.0,0.16,0.0,0.0,0.95,0.94,0.93
847687184802898481043,2025,Pearson-Barron-Koepke,WPG,line,5on5,2,722.0,6.0,0.54,0.47,0.55,4.57,0.41,0.29,1.07,0.13,2.37,1.73,0.41,0.38,0.38,4.0,2.0,2.0,8.0,0.0,0.0,0.0,2.0,0.0,2.0,2.0,4.0,6.0,0.0,0.0,7.0,18.0,2.0,7.0,4.0,1.0,1.0,0.1,0.09,0.22,0.0,0.0,0.0,7.47,6.0,5.69,4.0,0.06,0.0,0.0,0.48,0.43,0.43,3.89,0.35,0.28,0.73,0.1,1.98,1.56,0.34,0.37,0.36,5.0,0.0,4.0,9.0,1.0,0.0,0.0,2.0,0.0,1.0,1.0,4.0,4.0,1.0,2.0,6.0,4.0,0.0,4.0,3.0,2.0,0.0,0.16,0.19,0.0,1.0,0.0,0.0,9.34,5.0,5.23,1.0,0.06,0.0,0.0,0.41,0.43,0.42
84764298485366,2025,Schaefer-Mayfield,NYI,pairing,5on5,2,1571.0,4.0,0.53,0.53,0.55,16.38,1.74,1.15,3.9,0.51,9.32,6.38,1.63,1.68,1.57,18.0,5.0,11.0,34.0,3.0,1.0,0.0,3.0,0.0,9.0,7.0,15.0,20.0,0.0,0.0,15.0,8.0,1.0,6.0,16.0,5.0,2.0,0.53,0.57,0.64,3.0,0.0,0.0,31.67,23.0,21.75,3.0,0.24,0.42,0.42,1.56,1.49,1.46,13.79,1.53,0.9,3.17,0.46,7.22,5.73,1.5,1.62,1.58,13.0,6.0,11.0,30.0,2.0,2.0,0.0,2.0,0.0,5.0,8.0,11.0,17.0,3.0,6.0,9.0,11.0,2.0,12.0,12.0,5.0,2.0,0.29,0.78,0.46,1.0,1.0,0.0,32.31,19.0,20.2,5.0,0.19,0.23,0.23,1.48,1.58,1.55
847516684779398482259,2025,Mcmann-Tavares-Nylander,TOR,line,5on5,2,1170.0,3.0,0.4,0.41,0.39,9.3,0.73,0.61,2.29,0.33,5.33,3.71,0.72,0.7,0.7,10.0,3.0,4.0,17.0,1.0,0.0,0.0,4.0,0.0,4.0,4.0,9.0,12.0,2.0,4.0,9.0,10.0,1.0,3.0,10.0,2.0,1.0,0.27,0.24,0.22,0.0,1.0,0.0,17.04,13.0,12.81,1.0,0.13,0.0,0.0,0.86,0.83,0.82,12.93,1.11,0.93,3.06,0.51,8.55,5.84,1.07,1.04,1.01,10.0,10.0,4.0,24.0,0.0,1.0,0.0,1.0,0.0,10.0,8.0,10.0,20.0,0.0,0.0,9.0,7.0,2.0,6.0,15.0,5.0,0.0,0.59,0.52,0.0,0.0,0.0,0.0,22.52,20.0,18.81,1.0,0.19,0.08,0.08,1.22,1.15,1.11
848079884842278484801,2025,Kurashev-Celebrini-Smith,SJS,line,5on5,2,1634.0,2.0,0.26,0.34,0.27,8.7,0.81,0.56,2.3,0.31,4.31,2.7,0.81,0.81,0.8,8.0,3.0,7.0,18.0,1.0,1.0,1.0,1.0,0.0,3.0,5.0,7.0,10.0,4.0,8.0,17.0,5.0,3.0,18.0,8.0,1.0,2.0,0.22,0.09,0.51,0.0,0.0,1.0,18.07,11.0,11.09,11.0,0.11,0.31,0.31,0.62,0.61,0.61,22.57,2.29,1.64,5.67,0.87,11.37,8.17,2.0,2.33,2.04,16.0,14.0,5.0,35.0,1.0,5.0,0.0,3.0,0.0,10.0,11.0,15.0,29.0,2.0,4.0,15.0,9.0,1.0,9.0,19.0,9.0,2.0,0.41,1.37,0.51,1.0,0.0,0.0,34.6,30.0,29.57,2.0,0.34,1.05,1.05,1.58,1.61,1.58
847181784766248478874,2025,Goodrow-Gaudette-Reaves,SJS,line,5on5,2,608.0,8.0,0.19,0.27,0.22,1.62,0.08,0.08,0.71,0.15,0.57,0.41,0.08,0.09,0.09,2.0,0.0,1.0,3.0,1.0,0.0,0.0,1.0,0.0,0.0,0.0,1.0,1.0,3.0,9.0,5.0,13.0,1.0,5.0,2.0,0.0,0.0,0.08,0.0,0.0,1.0,0.0,0.0,3.01,2.0,2.02,3.0,0.01,0.0,0.0,0.1,0.1,0.1,5.0,0.35,0.36,1.22,0.19,2.84,2.04,0.35,0.37,0.37,4.0,3.0,1.0,8.0,1.0,0.0,0.0,0.0,0.0,4.0,2.0,3.0,6.0,1.0,5.0,7.0,6.0,0.0,1.0,6.0,1.0,0.0,0.2,0.16,0.0,0.0,1.0,0.0,8.14,7.0,7.08,0.0,0.07,0.0,0.0,0.43,0.45,0.45
84752798481542,2025,Chiarot-Seider,DET,pairing,5on5,2,1462.0,3.0,0.65,0.6,0.6,12.77,1.65,1.0,2.85,0.47,7.21,4.83,1.6,1.52,1.47,11.0,7.0,6.0,24.0,0.0,1.0,0.0,1.0,0.0,8.0,8.0,11.0,18.0,1.0,2.0,13.0,16.0,3.0,5.0,8.0,9.0,1.0,0.27,1.03,0.35,0.0,0.0,0.0,22.13,18.0,16.71,1.0,0.21,0.35,0.36,1.49,1.38,1.36,9.22,0.9,0.57,1.9,0.29,4.4,3.93,0.9,0.99,0.98,9.0,3.0,4.0,16.0,3.0,0.0,0.0,0.0,0.0,2.0,7.0,6.0,9.0,1.0,2.0,14.0,6.0,1.0,9.0,8.0,3.0,1.0,0.24,0.35,0.32,1.0,1.0,1.0,17.75,12.0,13.13,6.0,0.12,0.0,0.0,1.02,1.12,1.11
847641984816018485702,2025,Shabanov-Pageau-Holmstrom,NYI,line,5on5,2,925.0,7.0,0.29,0.39,0.41,7.82,0.75,0.45,2.0,0.27,4.46,3.08,0.72,0.72,0.7,5.0,6.0,2.0,13.0,1.0,0.0,0.0,0.0,0.0,7.0,3.0,4.0,10.0,1.0,2.0,11.0,8.0,2.0,6.0,8.0,2.0,1.0,0.25,0.27,0.22,1.0,0.0,0.0,12.3,11.0,10.39,5.0,0.09,0.0,0.0,0.84,0.81,0.79,12.55,1.86,0.91,2.92,0.41,5.61,4.29,1.75,1.91,1.79,15.0,1.0,4.0,20.0,2.0,3.0,0.0,2.0,0.0,7.0,2.0,13.0,14.0,1.0,2.0,7.0,10.0,1.0,4.0,7.0,5.0,4.0,0.2,0.62,1.05,1.0,1.0,0.0,21.33,16.0,16.87,2.0,0.19,0.84,0.84,1.21,1.27,1.21
84769028480036,2025,Heiskanen-Lindell,DAL,pairing,5on5,2,1449.0,3.0,0.61,0.4,0.5,9.28,0.98,0.63,2.1,0.27,4.63,3.39,0.9,1.05,0.97,9.0,3.0,2.0,14.0,2.0,1.0,1.0,1.0,0.0,3.0,5.0,7.0,10.0,1.0,2.0,15.0,8.0,0.0,5.0,8.0,3.0,1.0,0.28,0.32,0.39,0.0,1.0,1.0,15.11,12.0,12.84,4.0,0.14,0.39,0.39,0.73,0.77,0.75,8.61,0.61,0.52,2.2,0.28,5.01,3.38,0.61,0.58,0.58,5.0,7.0,9.0,21.0,1.0,0.0,0.0,1.0,0.0,4.0,6.0,4.0,11.0,4.0,8.0,12.0,16.0,5.0,8.0,10.0,2.0,0.0,0.37,0.24,0.0,1.0,0.0,0.0,19.58,12.0,11.29,2.0,0.11,0.0,0.0,0.72,0.68,0.68
847843884808428485414,2025,Novak-Kindel-Hallander,PIT,line,5on5,2,817.0,7.0,0.54,0.52,0.54,9.95,1.17,0.75,2.26,0.29,4.91,3.63,1.11,1.08,1.04,11.0,2.0,4.0,17.0,2.0,2.0,0.0,2.0,0.0,5.0,2.0,9.0,11.0,1.0,2.0,5.0,4.0,1.0,8.0,9.0,1.0,3.0,0.32,0.19,0.65,2.0,0.0,0.0,15.9,13.0,12.45,5.0,0.16,0.45,0.45,0.87,0.81,0.8,8.43,0.99,0.51,2.1,0.24,4.23,2.93,0.91,1.12,1.03,8.0,3.0,5.0,16.0,1.0,1.0,0.0,5.0,0.0,3.0,1.0,7.0,10.0,4.0,8.0,6.0,8.0,3.0,5.0,8.0,0.0,3.0,0.21,0.0,0.78,1.0,0.0,0.0,17.99,11.0,11.72,3.0,0.11,0.29,0.29,0.81,0.9,0.9
84778458479345,2025,Chychrun-Van Riemsdyk,WSH,pairing,5on5,2,1359.0,4.0,0.52,0.5,0.39,9.58,1.14,0.64,2.53,0.32,4.97,3.41,1.07,1.26,1.18,8.0,5.0,7.0,20.0,2.0,0.0,0.0,3.0,0.0,2.0,6.0,6.0,11.0,1.0,2.0,12.0,15.0,2.0,6.0,6.0,5.0,2.0,0.17,0.52,0.44,1.0,1.0,0.0,22.82,13.0,14.52,3.0,0.14,0.0,0.0,1.27,1.41,1.32,15.29,1.06,0.9,4.21,0.47,7.64,5.73,1.04,1.06,1.04,11.0,9.0,0.0,20.0,0.0,3.0,0.0,2.0,0.0,6.0,9.0,11.0,20.0,3.0,6.0,16.0,11.0,1.0,8.0,17.0,2.0,1.0,0.5,0.25,0.31,0.0,0.0,0.0,19.6,20.0,19.66,4.0,0.19,0.56,0.56,0.69,0.68,0.67
848044884816418484149,2025,Kiviranta-Kelly-Brindley,COL,line,5on5,3,906.0,12.0,0.62,0.5,0.5,4.74,0.54,0.34,1.52,0.21,2.6,1.8,0.53,0.52,0.51,6.0,1.0,11.0,18.0,1.0,1.0,0.0,0.0,0.0,4.0,1.0,5.0,6.0,1.0,2.0,9.0,14.0,1.0,3.0,5.0,1.0,1.0,0.18,0.08,0.28,1.0,0.0,0.0,18.34,7.0,7.04,2.0,0.07,0.28,0.28,0.33,0.32,0.32,5.0,0.34,0.3,1.24,0.16,2.8,2.17,0.34,0.33,0.33,3.0,4.0,11.0,18.0,0.0,0.0,0.0,0.0,0.0,4.0,3.0,3.0,7.0,3.0,8.0,6.0,12.0,0.0,8.0,5.0,2.0,0.0,0.13,0.21,0.0,0.0,0.0,0.0,17.15,7.0,6.86,3.0,0.06,0.0,0.0,0.4,0.39,0.39
847793384801858482113,2025,Luostarinen-Lundell-Reinhart,FLA,line,5on5,3,2065.0,4.0,0.75,0.55,0.63,17.88,1.59,1.1,4.3,0.56,9.3,7.13,1.55,1.58,1.53,17.0,7.0,4.0,28.0,1.0,3.0,0.0,5.0,0.0,5.0,10.0,16.0,23.0,0.0,0.0,24.0,12.0,0.0,10.0,17.0,5.0,2.0,0.45,0.6,0.54,0.0,1.0,0.0,28.69,24.0,24.38,3.0,0.23,0.62,0.62,1.21,1.19,1.18,10.32,0.54,0.63,2.36,0.3,5.8,4.36,0.54,0.55,0.55,6.0,8.0,9.0,23.0,1.0,0.0,0.0,2.0,1.0,4.0,6.0,5.0,13.0,3.0,8.0,26.0,13.0,4.0,13.0,12.0,2.0,0.0,0.29,0.25,0.0,1.0,0.0,0.0,22.8,14.0,13.89,5.0,0.13,0.0,0.0,0.67,0.68,0.68
84735078475179,2025,Kulikov-Petry,FLA,pairing,5on5,2,991.0,7.0,0.57,0.48,0.45,7.31,0.58,0.47,1.92,0.24,4.02,2.77,0.58,0.56,0.56,7.0,3.0,3.0,13.0,0.0,0.0,0.0,3.0,0.0,3.0,4.0,7.0,10.0,3.0,6.0,14.0,13.0,1.0,7.0,7.0,3.0,0.0,0.12,0.46,0.0,0.0,0.0,0.0,12.67,10.0,9.79,1.0,0.1,0.0,0.0,0.68,0.66,0.66,8.53,0.43,0.45,2.42,0.28,4.66,3.75,0.43,0.44,0.44,9.0,3.0,2.0,14.0,1.0,0.0,0.0,1.0,0.0,2.0,8.0,8.0,11.0,0.0,0.0,6.0,11.0,0.0,4.0,11.0,1.0,0.0,0.3,0.13,0.0,1.0,0.0,0.0,14.28,12.0,12.23,1.0,0.09,0.0,0.0,0.52,0.54,0.54
847791984817898483497,2025,Kartye-Gaudreau-Nyman,SEA,line,5on5,2,854.0,7.0,0.49,0.4,0.5,6.36,0.4,0.39,1.86,0.23,3.56,2.56,0.39,0.39,0.38,4.0,5.0,3.0,12.0,0.0,0.0,0.0,1.0,0.0,4.0,4.0,4.0,9.0,0.0,0.0,4.0,20.0,2.0,3.0,7.0,2.0,0.0,0.2,0.19,0.0,0.0,0.0,0.0,11.86,9.0,8.94,2.0,0.08,0.0,0.0,0.48,0.46,0.46,6.33,0.42,0.36,1.8,0.23,3.58,2.6,0.42,0.42,0.42,6.0,3.0,9.0,18.0,0.0,0.0,0.0,2.0,0.0,3.0,4.0,6.0,9.0,2.0,4.0,11.0,12.0,1.0,6.0,7.0,2.0,0.0,0.14,0.28,0.0,0.0,0.0,0.0,17.87,9.0,9.0,2.0,0.08,0.0,0.0,0.49,0.5,0.5
84794028481167,2025,Bean-Pachal,CGY,pairing,5on5,2,1044.0,6.0,0.45,0.52,0.61,7.41,0.25,0.39,2.36,0.29,4.4,3.3,0.25,0.26,0.26,4.0,7.0,3.0,14.0,0.0,0.0,0.0,1.0,0.0,6.0,4.0,4.0,11.0,3.0,6.0,7.0,13.0,0.0,6.0,11.0,0.0,0.0,0.25,0.0,0.0,0.0,0.0,0.0,14.12,11.0,11.11,5.0,0.08,0.0,0.0,0.33,0.34,0.34,4.72,0.31,0.33,1.56,0.19,2.73,1.87,0.31,0.31,0.31,3.0,4.0,6.0,13.0,1.0,0.0,0.0,2.0,0.0,2.0,2.0,2.0,6.0,0.0,0.0,9.0,6.0,2.0,8.0,6.0,1.0,0.0,0.18,0.13,0.0,1.0,0.0,0.0,13.16,7.0,7.16,1.0,0.07,0.0,0.0,0.38,0.39,0.39
84784508478854,2025,Shea-Wotherspoon,PIT,pairing,5on5,3,720.0,12.0,0.87,0.67,0.67,6.15,0.56,0.39,1.56,0.18,2.93,2.38,0.54,0.53,0.52,5.0,3.0,2.0,10.0,0.0,1.0,0.0,2.0,0.0,2.0,3.0,5.0,8.0,0.0,0.0,7.0,7.0,0.0,2.0,5.0,2.0,1.0,0.16,0.2,0.2,0.0,0.0,0.0,9.36,8.0,7.54,1.0,0.08,0.12,0.12,0.52,0.48,0.48,2.74,0.08,0.16,0.64,0.08,1.84,1.2,0.08,0.09,0.09,3.0,1.0,1.0,5.0,1.0,0.0,0.0,1.0,0.0,1.0,1.0,2.0,3.0,0.0,0.0,4.0,2.0,2.0,4.0,4.0,0.0,0.0,0.08,0.0,0.0,1.0,0.0,0.0,5.18,4.0,3.94,2.0,0.03,0.0,0.0,0.12,0.12,0.12
847856984809808481481,2025,Dewar-Acciari-Lizotte,PIT,line,5on5,3,1440.0,10.0,0.39,0.49,0.54,13.87,0.87,0.93,3.59,0.44,7.96,5.22,0.86,0.87,0.87,12.0,7.0,5.0,24.0,0.0,1.0,0.0,3.0,0.0,7.0,8.0,12.0,19.0,3.0,6.0,10.0,13.0,2.0,7.0,15.0,4.0,0.0,0.38,0.48,0.0,0.0,0.0,0.0,23.84,19.0,19.07,5.0,0.19,0.05,0.05,1.01,1.01,1.01,12.43,1.36,0.76,3.45,0.41,5.62,4.39,1.26,1.39,1.28,13.0,3.0,9.0,25.0,0.0,2.0,0.0,1.0,0.0,7.0,6.0,13.0,16.0,2.0,7.0,10.0,14.0,3.0,6.0,12.0,2.0,2.0,0.33,0.34,0.69,0.0,0.0,0.0,25.17,16.0,15.98,4.0,0.16,0.69,0.69,0.84,0.83,0.81
847534384795208482088,2025,Sourdif-Dowd-Duhaime,WSH,line,5on5,2,908.0,5.0,0.69,0.54,0.5,7.59,0.53,0.4,1.87,0.25,3.66,3.29,0.51,0.58,0.55,7.0,3.0,4.0,14.0,0.0,0.0,0.0,2.0,0.0,2.0,6.0,7.0,10.0,0.0,0.0,10.0,15.0,0.0,1.0,7.0,3.0,0.0,0.12,0.41,0.0,0.0,0.0,0.0,15.24,10.0,10.71,0.0,0.08,0.0,0.0,0.61,0.67,0.64,7.4,0.23,0.38,2.56,0.27,3.85,2.7,0.23,0.23,0.22,5.0,5.0,2.0,12.0,0.0,1.0,0.0,1.0,0.0,6.0,2.0,5.0,10.0,1.0,2.0,9.0,20.0,0.0,10.0,10.0,0.0,0.0,0.23,0.0,0.0,0.0,0.0,0.0,11.19,10.0,9.46,4.0,0.08,0.03,0.03,0.29,0.28,0.27
847698184781338479339,2025,Laine-Evans-Anderson,MTL,line,5on5,3,1304.0,11.0,0.24,0.41,0.21,2.23,0.13,0.15,0.43,0.06,1.26,0.97,0.13,0.14,0.14,0.0,3.0,11.0,14.0,0.0,0.0,0.0,0.0,0.0,1.0,2.0,0.0,3.0,2.0,4.0,16.0,12.0,0.0,6.0,3.0,0.0,0.0,0.13,0.0,0.0,0.0,0.0,0.0,15.29,3.0,3.16,4.0,0.03,0.0,0.0,0.16,0.17,0.17,8.01,0.42,0.45,2.32,0.27,4.35,3.18,0.41,0.4,0.39,6.0,5.0,9.0,20.0,0.0,1.0,0.0,1.0,0.0,4.0,5.0,6.0,11.0,4.0,8.0,4.0,16.0,2.0,7.0,8.0,3.0,0.0,0.14,0.28,0.0,0.0,0.0,0.0,18.92,11.0,10.5,4.0,0.09,0.09,0.09,0.43,0.4,0.4
847579184807628480829,2025,Robinson-Kotkaniemi-Hall,CAR,line,5on5,2,823.0,8.0,0.76,0.59,0.65,9.7,1.3,0.73,2.13,0.41,4.84,3.59,1.25,1.29,1.24,8.0,5.0,3.0,16.0,3.0,1.0,0.0,0.0,0.0,6.0,3.0,5.0,10.0,0.0,0.0,8.0,9.0,2.0,5.0,7.0,5.0,1.0,0.33,0.69,0.28,1.0,2.0,0.0,16.35,13.0,13.32,3.0,0.16,0.28,0.28,1.18,1.17,1.15,4.64,0.41,0.33,1.07,0.17,2.95,2.06,0.41,0.42,0.42,4.0,3.0,4.0,11.0,1.0,0.0,0.0,0.0,0.0,4.0,2.0,3.0,6.0,1.0,2.0,13.0,11.0,1.0,10.0,5.0,2.0,0.0,0.12,0.29,0.0,1.0,0.0,0.0,11.0,7.0,7.09,4.0,0.07,0.0,0.0,0.48,0.49,0.49
84769678480834,2025,Kulak-Emberson,EDM,pairing,5on5,2,1403.0,5.0,0.31,0.42,0.33,5.12,0.41,0.3,1.14,0.16,3.02,1.97,0.41,0.42,0.42,4.0,3.0,8.0,15.0,1.0,0.0,0.0,0.0,0.0,2.0,4.0,3.0,6.0,1.0,2.0,10.0,8.0,2.0,7.0,4.0,3.0,0.0,0.04,0.38,0.0,0.0,1.0,0.0,15.2,7.0,7.15,3.0,0.06,0.0,0.0,0.48,0.48,0.48,10.67,0.91,0.64,2.41,0.31,5.58,4.16,0.91,0.94,0.94,7.0,7.0,7.0,21.0,1.0,0.0,0.0,3.0,0.0,7.0,3.0,6.0,13.0,2.0,4.0,6.0,12.0,2.0,13.0,11.0,1.0,2.0,0.31,0.13,0.47,1.0,0.0,0.0,21.0,14.0,13.99,5.0,0.13,0.0,0.0,1.04,1.08,1.07
84717248478854,2025,Shea-Letang,PIT,pairing,5on5,3,2025.0,6.0,0.54,0.49,0.56,21.61,2.18,1.49,5.05,0.65,10.95,7.69,1.97,2.27,2.04,18.0,10.0,8.0,36.0,0.0,2.0,0.0,2.0,0.0,14.0,10.0,18.0,28.0,2.0,4.0,13.0,17.0,2.0,8.0,20.0,5.0,3.0,0.59,0.58,1.01,0.0,0.0,0.0,37.22,28.0,29.05,5.0,0.31,0.67,0.67,1.83,1.86,1.73,16.35,1.83,1.1,4.23,0.57,8.0,6.27,1.81,1.87,1.85,18.0,4.0,16.0,38.0,0.0,2.0,0.0,3.0,0.0,9.0,8.0,18.0,22.0,1.0,2.0,19.0,20.0,3.0,15.0,16.0,2.0,4.0,0.45,0.32,1.06,0.0,0.0,0.0,38.18,22.0,21.78,10.0,0.23,0.59,0.59,1.48,1.51,1.5
847578484808488484911,2025,Skinner-Dellandrea-Graf,SJS,line,5on5,2,861.0,6.0,0.66,0.5,0.52,8.92,1.41,0.65,2.41,0.36,4.21,2.97,1.25,1.38,1.23,9.0,3.0,3.0,15.0,2.0,4.0,1.0,2.0,0.0,3.0,1.0,7.0,10.0,1.0,2.0,8.0,13.0,0.0,10.0,7.0,2.0,3.0,0.2,0.35,0.85,1.0,0.0,1.0,14.99,12.0,12.07,7.0,0.14,1.04,1.04,0.51,0.49,0.48,8.24,0.73,0.48,2.22,0.25,4.03,3.28,0.73,0.75,0.74,9.0,2.0,4.0,15.0,1.0,0.0,0.0,2.0,0.0,4.0,4.0,8.0,10.0,1.0,2.0,7.0,6.0,1.0,6.0,8.0,2.0,1.0,0.2,0.33,0.21,0.0,0.0,1.0,14.81,11.0,10.87,3.0,0.1,0.0,0.0,0.83,0.85,0.84
84810568482111,2025,Stastney-Barron,NSH,pairing,5on5,2,1410.0,6.0,0.38,0.53,0.5,10.91,0.74,0.66,2.83,0.42,5.86,4.49,0.73,0.72,0.71,8.0,7.0,6.0,21.0,0.0,1.0,0.0,2.0,0.0,6.0,6.0,8.0,15.0,2.0,4.0,8.0,11.0,4.0,20.0,12.0,2.0,1.0,0.31,0.2,0.23,0.0,0.0,0.0,20.88,15.0,14.98,11.0,0.14,0.04,0.04,0.84,0.81,0.8,10.79,1.21,0.71,2.56,0.38,5.66,4.49,1.2,1.25,1.25,12.0,3.0,4.0,19.0,1.0,1.0,0.0,3.0,0.0,6.0,4.0,11.0,14.0,5.0,10.0,12.0,9.0,3.0,10.0,10.0,3.0,2.0,0.17,0.37,0.66,0.0,0.0,1.0,19.21,15.0,15.13,6.0,0.15,0.35,0.35,1.01,1.04,1.04
847798984800158481533,2025,Zegras-Dvorak-Tippett,PHI,line,5on5,1,713.0,1.0,0.44,0.5,0.44,5.03,0.4,0.28,1.31,0.16,2.73,2.12,0.4,0.41,0.41,4.0,3.0,5.0,12.0,0.0,0.0,0.0,2.0,0.0,3.0,2.0,4.0,7.0,0.0,0.0,9.0,4.0,1.0,4.0,6.0,0.0,1.0,0.19,0.0,0.21,0.0,0.0,0.0,12.3,7.0,7.08,2.0,0.06,0.0,0.0,0.46,0.47,0.47,6.5,0.51,0.39,1.83,0.24,3.57,2.47,0.48,0.47,0.45,4.0,5.0,3.0,12.0,0.0,1.0,0.0,0.0,0.0,3.0,5.0,4.0,9.0,0.0,0.0,9.0,2.0,0.0,3.0,6.0,3.0,0.0,0.13,0.38,0.0,0.0,0.0,0.0,11.7,9.0,8.78,2.0,0.08,0.16,0.16,0.42,0.4,0.39
84768548479369,2025,Lindholm-Peeke,BOS,pairing,5on5,2,798.0,9.0,0.48,0.45,0.52,8.0,0.56,0.43,2.27,0.28,4.29,3.18,0.55,0.58,0.57,4.0,7.0,2.0,13.0,0.0,2.0,0.0,1.0,0.0,3.0,5.0,4.0,11.0,0.0,0.0,11.0,7.0,2.0,2.0,9.0,2.0,0.0,0.28,0.28,0.0,0.0,0.0,0.0,13.78,11.0,11.58,1.0,0.09,0.25,0.25,0.4,0.42,0.41,7.38,0.61,0.53,2.49,0.27,3.61,2.48,0.57,0.57,0.53,5.0,5.0,6.0,16.0,1.0,1.0,0.0,2.0,0.0,3.0,3.0,4.0,9.0,1.0,2.0,11.0,5.0,3.0,8.0,6.0,4.0,0.0,0.14,0.47,0.0,0.0,1.0,0.0,14.92,10.0,9.38,5.0,0.11,0.19,0.19,0.54,0.51,0.47
847415084763998482074,2025,Coleman-Backlund-Zary,CGY,line,5on5,2,940.0,3.0,0.66,0.6,0.6,6.97,0.3,0.26,1.68,0.2,3.33,3.23,0.3,0.31,0.31,6.0,3.0,3.0,12.0,0.0,0.0,0.0,2.0,0.0,3.0,4.0,6.0,9.0,1.0,2.0,11.0,11.0,0.0,8.0,7.0,2.0,0.0,0.09,0.21,0.0,0.0,0.0,0.0,12.02,9.0,8.99,5.0,0.05,0.0,0.0,0.35,0.36,0.36,4.57,0.15,0.18,1.13,0.14,2.31,2.08,0.15,0.15,0.15,3.0,3.0,2.0,8.0,1.0,0.0,0.0,0.0,0.0,0.0,5.0,2.0,5.0,2.0,4.0,6.0,8.0,2.0,5.0,6.0,0.0,0.0,0.15,0.0,0.0,1.0,0.0,0.0,8.19,6.0,6.05,3.0,0.04,0.0,0.0,0.18,0.18,0.18
84764638482122,2025,Brodin-Faber,MIN,pairing,5on5,1,825.0,1.0,0.6,0.62,0.63,11.98,0.82,0.82,2.94,0.41,6.73,5.29,0.79,0.75,0.73,16.0,1.0,7.0,24.0,0.0,1.0,0.0,4.0,0.0,7.0,5.0,16.0,17.0,0.0,0.0,7.0,3.0,3.0,3.0,14.0,2.0,1.0,0.28,0.23,0.31,0.0,0.0,0.0,21.88,17.0,15.47,2.0,0.17,0.31,0.31,0.67,0.62,0.59,7.5,0.55,0.51,1.54,0.22,4.24,2.94,0.55,0.6,0.6,7.0,3.0,5.0,15.0,2.0,0.0,0.0,2.0,0.0,2.0,4.0,5.0,8.0,2.0,4.0,13.0,4.0,0.0,2.0,8.0,1.0,1.0,0.25,0.09,0.21,1.0,0.0,1.0,16.72,10.0,10.9,2.0,0.11,0.0,0.0,0.66,0.72,0.71
84752088476879,2025,Dumoulin-Ceci,LAK,pairing,5on5,3,2223.0,7.0,0.25,0.32,0.3,10.28,0.61,0.59,2.96,0.34,5.3,4.2,0.59,0.57,0.56,8.0,6.0,7.0,21.0,0.0,2.0,0.0,3.0,0.0,6.0,3.0,8.0,14.0,2.0,4.0,22.0,30.0,3.0,18.0,13.0,0.0,1.0,0.36,0.0,0.24,0.0,0.0,0.0,20.72,14.0,14.03,9.0,0.12,0.28,0.28,0.45,0.44,0.44,22.46,1.79,1.56,5.56,0.77,12.89,9.43,1.77,1.81,1.78,21.0,11.0,12.0,44.0,5.0,2.0,1.0,5.0,0.0,10.0,10.0,16.0,27.0,1.0,2.0,17.0,24.0,5.0,10.0,24.0,7.0,1.0,0.7,0.86,0.23,2.0,2.0,1.0,43.74,32.0,31.91,4.0,0.32,0.37,0.37,1.75,1.74,1.72
847522084757658478493,2025,Foligno-Eriksson Ek-Tarasenko,MIN,line,5on5,2,1046.0,5.0,0.38,0.59,0.67,8.98,0.25,0.43,2.76,0.32,4.64,3.6,0.24,0.24,0.23,9.0,3.0,8.0,20.0,0.0,1.0,0.0,1.0,0.0,6.0,4.0,9.0,12.0,1.0,2.0,8.0,5.0,2.0,2.0,11.0,1.0,0.0,0.14,0.1,0.0,0.0,0.0,0.0,21.42,12.0,12.2,1.0,0.09,0.03,0.03,0.31,0.3,0.29,3.87,0.4,0.32,0.91,0.16,2.5,1.7,0.4,0.38,0.38,4.0,2.0,8.0,14.0,0.0,0.0,0.0,1.0,0.0,3.0,2.0,4.0,6.0,2.0,4.0,15.0,9.0,1.0,5.0,4.0,1.0,1.0,0.08,0.09,0.23,0.0,0.0,0.0,13.72,6.0,5.65,3.0,0.07,0.0,0.0,0.47,0.45,0.44
84809508483425,2025,Bichsel-Lyubushkin,DAL,pairing,5on5,2,1059.0,6.0,0.36,0.32,0.42,8.31,0.83,0.54,2.46,0.27,3.99,2.91,0.83,0.92,0.91,8.0,3.0,1.0,12.0,1.0,2.0,0.0,1.0,0.0,2.0,5.0,7.0,10.0,4.0,10.0,13.0,7.0,1.0,13.0,7.0,3.0,1.0,0.15,0.37,0.3,0.0,0.0,1.0,13.12,11.0,12.02,9.0,0.11,0.18,0.18,0.77,0.84,0.84,11.48,1.51,0.78,2.88,0.4,5.56,3.87,1.36,1.42,1.28,13.0,2.0,10.0,25.0,0.0,2.0,0.0,0.0,0.0,7.0,6.0,13.0,15.0,1.0,2.0,4.0,10.0,2.0,3.0,9.0,2.0,4.0,0.22,0.17,1.12,0.0,0.0,0.0,23.54,15.0,14.36,2.0,0.17,0.53,0.53,1.14,1.07,0.95
84773468477810,2025,Hanley-Weegar,CGY,pairing,5on5,3,2241.0,5.0,0.57,0.56,0.58,21.02,1.93,1.4,5.66,0.77,11.25,8.0,1.82,1.92,1.81,16.0,13.0,13.0,42.0,0.0,3.0,0.0,7.0,0.0,12.0,7.0,16.0,29.0,6.0,15.0,25.0,23.0,3.0,8.0,22.0,4.0,3.0,0.5,0.59,0.83,0.0,0.0,0.0,41.63,29.0,29.08,3.0,0.29,0.82,0.82,1.4,1.4,1.33,16.23,1.43,0.98,3.96,0.53,7.66,6.45,1.35,1.48,1.4,16.0,5.0,12.0,33.0,4.0,2.0,0.0,3.0,0.0,7.0,5.0,12.0,17.0,6.0,15.0,28.0,28.0,4.0,10.0,13.0,7.0,1.0,0.3,0.92,0.21,1.0,3.0,0.0,34.57,21.0,21.99,5.0,0.21,0.32,0.32,1.32,1.38,1.32
84793258482511,2025,Lohrei-Mcavoy,BOS,pairing,5on5,3,1992.0,4.0,0.74,0.63,0.66,14.89,0.8,0.89,3.58,0.48,8.73,6.53,0.8,0.79,0.79,15.0,6.0,9.0,30.0,0.0,0.0,0.0,3.0,0.0,6.0,12.0,15.0,21.0,4.0,8.0,22.0,17.0,0.0,10.0,20.0,1.0,0.0,0.67,0.13,0.0,0.0,0.0,0.0,30.55,21.0,21.34,2.0,0.18,0.0,0.0,0.97,0.96,0.96,8.04,0.28,0.4,2.6,0.26,4.43,3.03,0.28,0.27,0.27,5.0,6.0,7.0,18.0,0.0,0.0,0.0,4.0,0.0,4.0,3.0,5.0,11.0,3.0,6.0,17.0,19.0,2.0,8.0,11.0,0.0,0.0,0.28,0.0,0.0,0.0,0.0,0.0,17.39,11.0,10.65,5.0,0.08,0.0,0.0,0.37,0.36,0.35
848002884807978481068,2025,Farabee-Frost-Sharangovich,CGY,line,5on5,3,1016.0,14.0,0.42,0.49,0.46,7.97,0.81,0.54,1.93,0.28,4.47,2.96,0.72,0.8,0.71,7.0,4.0,8.0,19.0,1.0,1.0,0.0,1.0,0.0,5.0,3.0,6.0,10.0,0.0,0.0,14.0,7.0,2.0,7.0,7.0,3.0,1.0,0.18,0.43,0.2,1.0,0.0,0.0,18.67,11.0,11.03,4.0,0.11,0.19,0.19,0.73,0.73,0.66,10.12,1.13,0.76,2.22,0.31,4.94,3.65,1.11,1.21,1.19,11.0,2.0,7.0,20.0,1.0,1.0,0.0,3.0,0.0,3.0,5.0,10.0,12.0,3.0,6.0,6.0,12.0,2.0,5.0,6.0,7.0,0.0,0.17,0.95,0.0,0.0,1.0,0.0,20.93,13.0,13.76,3.0,0.16,0.07,0.07,1.21,1.31,1.29
84745688479378,2025,Stanley-Schenn,WPG,pairing,5on5,2,776.0,6.0,0.19,0.37,0.24,2.99,0.15,0.14,0.65,0.09,1.73,1.24,0.15,0.15,0.15,3.0,1.0,6.0,10.0,0.0,0.0,0.0,1.0,0.0,0.0,3.0,3.0,4.0,2.0,7.0,3.0,10.0,1.0,6.0,3.0,1.0,0.0,0.06,0.09,0.0,0.0,0.0,0.0,9.35,4.0,3.9,4.0,0.03,0.0,0.0,0.18,0.17,0.17,9.24,0.63,0.59,2.0,0.29,5.37,4.12,0.63,0.68,0.68,10.0,3.0,4.0,17.0,0.0,0.0,0.0,0.0,0.0,8.0,5.0,10.0,13.0,2.0,7.0,6.0,5.0,1.0,5.0,9.0,4.0,0.0,0.24,0.39,0.0,0.0,0.0,0.0,18.12,13.0,13.88,3.0,0.12,0.0,0.0,0.75,0.81,0.8
84740138484386,2025,Cole-Simashev,UTA,pairing,5on5,2,857.0,6.0,0.37,0.36,0.43,4.25,0.23,0.29,0.97,0.13,2.54,1.84,0.23,0.25,0.25,6.0,0.0,3.0,9.0,1.0,0.0,0.0,1.0,0.0,2.0,2.0,5.0,5.0,1.0,2.0,0.0,5.0,0.0,5.0,5.0,1.0,0.0,0.1,0.14,0.0,0.0,1.0,0.0,9.14,6.0,6.19,4.0,0.06,0.0,0.0,0.29,0.31,0.31,5.69,0.4,0.38,1.53,0.2,3.29,2.2,0.4,0.39,0.39,5.0,3.0,8.0,16.0,0.0,0.0,0.0,3.0,0.0,5.0,0.0,5.0,8.0,1.0,2.0,11.0,14.0,1.0,4.0,7.0,1.0,0.0,0.22,0.18,0.0,0.0,0.0,0.0,15.86,8.0,7.97,2.0,0.08,0.0,0.0,0.48,0.47,0.47
84774988480831,2025,Nurse-Regula,EDM,pairing,5on5,2,1481.0,5.0,0.71,0.57,0.58,14.21,0.83,0.81,3.99,0.44,7.68,5.25,0.77,0.8,0.75,14.0,5.0,5.0,24.0,0.0,2.0,0.0,3.0,0.0,8.0,6.0,14.0,19.0,1.0,2.0,10.0,16.0,1.0,4.0,16.0,1.0,2.0,0.26,0.09,0.48,0.0,0.0,0.0,23.89,19.0,19.0,0.0,0.17,0.28,0.28,0.72,0.7,0.69,10.44,0.34,0.49,2.58,0.32,5.65,4.63,0.32,0.34,0.33,8.0,6.0,4.0,18.0,1.0,0.0,0.0,1.0,0.0,7.0,5.0,7.0,13.0,2.0,4.0,10.0,15.0,1.0,12.0,14.0,0.0,0.0,0.34,0.0,0.0,1.0,0.0,0.0,17.81,14.0,13.81,6.0,0.1,0.0,0.0,0.43,0.44,0.43
847645984785508482109,2025,Lafrenire-Zibanejad-Panarin,NYR,line,5on5,2,853.0,7.0,0.77,0.45,0.53,6.1,0.78,0.41,1.44,0.18,3.07,2.11,0.77,0.85,0.84,6.0,2.0,1.0,9.0,0.0,1.0,0.0,0.0,0.0,4.0,3.0,6.0,8.0,1.0,2.0,9.0,7.0,1.0,7.0,4.0,3.0,1.0,0.12,0.38,0.28,0.0,0.0,0.0,9.82,8.0,8.65,6.0,0.09,0.28,0.28,0.59,0.65,0.65,4.62,0.23,0.26,1.28,0.16,2.95,2.11,0.22,0.2,0.2,6.0,1.0,4.0,11.0,0.0,0.0,0.0,3.0,0.0,3.0,1.0,6.0,7.0,0.0,0.0,2.0,5.0,1.0,5.0,7.0,0.0,0.0,0.23,0.0,0.0,0.0,0.0,0.0,9.76,7.0,6.33,0.0,0.05,0.0,0.0,0.28,0.25,0.25
847750384780578481582,2025,Robertson-Domi-Joshua,TOR,line,5on5,2,865.0,7.0,0.48,0.52,0.5,9.54,0.54,0.5,2.76,0.33,4.28,3.59,0.53,0.54,0.53,10.0,2.0,5.0,17.0,0.0,3.0,0.0,3.0,0.0,1.0,5.0,10.0,12.0,0.0,0.0,11.0,13.0,0.0,3.0,9.0,3.0,0.0,0.21,0.33,0.0,0.0,0.0,0.0,17.73,12.0,12.39,2.0,0.11,0.51,0.22,0.43,0.43,0.42,8.74,0.58,0.51,2.41,0.27,4.78,3.46,0.58,0.6,0.59,10.0,2.0,4.0,16.0,1.0,1.0,1.0,2.0,0.0,2.0,6.0,9.0,11.0,0.0,0.0,4.0,8.0,0.0,1.0,10.0,1.0,1.0,0.25,0.1,0.23,0.0,0.0,1.0,15.56,12.0,11.89,0.0,0.1,0.23,0.23,0.46,0.45,0.45
847341984774098477935,2025,Marchand-Bennett-Verhaeghe,FLA,line,5on5,3,1980.0,7.0,0.6,0.62,0.56,23.88,2.31,1.66,5.8,0.74,12.16,8.33,2.28,2.28,2.25,22.0,9.0,13.0,44.0,0.0,1.0,0.0,6.0,0.0,12.0,12.0,22.0,31.0,2.0,4.0,17.0,8.0,3.0,14.0,19.0,11.0,1.0,0.68,1.38,0.26,0.0,0.0,0.0,44.53,31.0,31.24,7.0,0.35,0.1,0.1,2.56,2.51,2.49,17.07,1.57,1.1,4.1,0.6,9.04,7.59,1.55,1.63,1.6,20.0,4.0,3.0,27.0,2.0,1.0,0.0,7.0,0.0,7.0,7.0,18.0,22.0,4.0,8.0,19.0,10.0,7.0,14.0,16.0,8.0,0.0,0.44,1.13,0.0,1.0,1.0,0.0,26.38,24.0,23.9,9.0,0.23,0.01,0.01,1.79,1.84,1.82
847584884815238482737,2025,Bolduc-Dach-Gallagher,MTL,line,5on5,3,1340.0,8.0,0.57,0.53,0.6,13.12,1.05,0.85,2.97,0.4,7.26,5.47,1.04,1.14,1.13,14.0,4.0,6.0,24.0,3.0,1.0,1.0,3.0,0.0,1.0,10.0,11.0,15.0,2.0,4.0,7.0,6.0,1.0,7.0,13.0,4.0,1.0,0.32,0.51,0.23,1.0,1.0,1.0,25.97,18.0,19.21,2.0,0.17,0.23,0.23,0.99,1.07,1.07,8.86,0.78,0.57,2.32,0.28,4.77,3.28,0.76,0.75,0.73,10.0,2.0,9.0,21.0,2.0,0.0,0.0,4.0,0.0,3.0,3.0,8.0,10.0,4.0,8.0,18.0,18.0,1.0,6.0,8.0,4.0,0.0,0.25,0.53,0.0,0.0,2.0,0.0,20.28,12.0,11.65,3.0,0.12,0.0,0.0,0.91,0.86,0.84
84753248478469,2025,Chabot-Jensen,OTT,pairing,5on5,2,1859.0,2.0,0.56,0.47,0.47,17.29,1.67,1.15,4.21,0.58,9.42,6.96,1.65,1.67,1.65,19.0,5.0,6.0,30.0,2.0,0.0,0.0,4.0,1.0,8.0,9.0,17.0,22.0,3.0,8.0,22.0,25.0,7.0,13.0,17.0,6.0,1.0,0.53,0.88,0.26,1.0,1.0,0.0,28.95,24.0,23.5,9.0,0.24,0.0,0.0,1.9,1.91,1.88,19.74,1.31,1.33,5.39,0.71,10.66,7.62,1.3,1.32,1.31,19.0,8.0,7.0,34.0,1.0,2.0,0.0,2.0,0.0,15.0,7.0,18.0,26.0,3.0,6.0,14.0,18.0,0.0,11.0,23.0,4.0,0.0,0.88,0.43,0.0,0.0,1.0,0.0,35.77,27.0,27.92,6.0,0.27,0.19,0.19,1.39,1.4,1.4
84772208480434,2025,Schmidt-Durzi,UTA,pairing,5on5,2,1086.0,2.0,0.59,0.49,0.56,10.65,0.99,0.6,2.92,0.3,5.21,3.97,0.98,1.02,1.01,10.0,4.0,3.0,17.0,0.0,1.0,0.0,4.0,0.0,3.0,6.0,10.0,14.0,1.0,2.0,4.0,9.0,1.0,13.0,10.0,3.0,1.0,0.24,0.46,0.29,0.0,0.0,0.0,17.2,14.0,14.1,5.0,0.12,0.29,0.29,0.83,0.84,0.84,7.8,0.68,0.47,1.91,0.28,4.31,3.35,0.68,0.68,0.67,8.0,3.0,7.0,18.0,1.0,1.0,0.0,1.0,0.0,4.0,4.0,7.0,10.0,4.0,8.0,14.0,8.0,4.0,7.0,7.0,3.0,1.0,0.17,0.29,0.22,0.0,1.0,0.0,17.96,11.0,11.15,3.0,0.1,0.04,0.04,0.74,0.73,0.73
84820878483457,2025,Hutson-Guhle,MTL,pairing,5on5,3,2074.0,5.0,0.38,0.4,0.32,8.82,0.79,0.55,2.02,0.27,4.78,3.59,0.79,0.86,0.85,6.0,6.0,11.0,23.0,2.0,0.0,0.0,1.0,0.0,4.0,5.0,4.0,10.0,0.0,0.0,13.0,13.0,2.0,9.0,9.0,3.0,0.0,0.38,0.42,0.0,1.0,1.0,0.0,25.05,12.0,12.96,6.0,0.11,0.0,0.0,0.91,0.98,0.98,16.58,1.29,1.07,4.67,0.63,10.37,6.97,1.27,1.19,1.18,18.0,7.0,9.0,34.0,1.0,2.0,0.0,6.0,0.0,8.0,8.0,17.0,24.0,1.0,2.0,17.0,25.0,3.0,5.0,20.0,4.0,1.0,0.56,0.52,0.2,0.0,1.0,0.0,31.81,25.0,23.46,4.0,0.22,0.21,0.21,1.29,1.21,1.19
84780388480069,2025,Toews-Makar,COL,pairing,5on5,3,2181.0,3.0,0.63,0.51,0.49,19.61,2.29,1.41,4.9,0.67,9.81,6.92,2.12,2.3,2.13,18.0,8.0,15.0,41.0,1.0,4.0,1.0,2.0,0.0,12.0,7.0,17.0,25.0,4.0,11.0,23.0,15.0,1.0,18.0,16.0,6.0,4.0,0.54,0.62,1.14,0.0,0.0,1.0,41.52,26.0,26.65,10.0,0.3,0.96,0.96,1.63,1.63,1.51,20.09,1.33,1.25,5.44,0.67,10.61,7.7,1.25,1.32,1.24,17.0,10.0,12.0,39.0,0.0,3.0,0.0,6.0,0.0,9.0,9.0,17.0,27.0,5.0,15.0,13.0,16.0,2.0,19.0,23.0,3.0,1.0,0.68,0.44,0.22,0.0,0.0,0.0,37.65,27.0,26.2,9.0,0.26,0.41,0.41,1.17,1.14,1.13
848217584826998483431,2025,Guenther-Cooley-Peterka,UTA,line,5on5,2,1092.0,4.0,0.67,0.54,0.58,10.26,0.8,0.63,2.73,0.32,5.43,4.09,0.8,0.82,0.82,11.0,3.0,6.0,20.0,1.0,0.0,0.0,4.0,0.0,2.0,7.0,10.0,13.0,1.0,2.0,3.0,6.0,0.0,7.0,11.0,2.0,1.0,0.25,0.33,0.23,0.0,1.0,0.0,20.1,14.0,14.17,2.0,0.13,0.0,0.0,0.94,0.96,0.96,7.16,0.4,0.47,1.62,0.21,4.38,2.92,0.4,0.39,0.39,7.0,3.0,7.0,17.0,1.0,0.0,0.0,1.0,0.0,7.0,1.0,6.0,9.0,1.0,2.0,16.0,6.0,1.0,9.0,8.0,2.0,0.0,0.2,0.2,0.0,0.0,1.0,0.0,17.05,10.0,10.05,4.0,0.09,0.0,0.0,0.49,0.48,0.48
847749684779568479987,2025,Geekie-Lindholm-Pastrnak,BOS,line,5on5,3,1989.0,4.0,0.53,0.52,0.61,20.16,1.23,1.06,5.34,0.69,11.07,8.61,1.22,1.22,1.21,18.0,10.0,8.0,36.0,1.0,1.0,0.0,3.0,0.0,13.0,10.0,17.0,27.0,3.0,6.0,26.0,23.0,1.0,14.0,24.0,4.0,0.0,0.66,0.57,0.0,1.0,0.0,0.0,36.91,28.0,28.79,6.0,0.22,0.17,0.17,1.27,1.27,1.26,13.1,1.09,0.86,3.57,0.49,7.04,4.94,1.04,1.05,1.0,9.0,9.0,15.0,33.0,0.0,1.0,0.0,4.0,0.0,8.0,5.0,9.0,18.0,4.0,8.0,8.0,26.0,1.0,8.0,14.0,3.0,1.0,0.46,0.35,0.28,0.0,0.0,0.0,31.74,18.0,17.45,4.0,0.18,0.28,0.28,0.99,0.96,0.94
847742984774568484794,2025,Compher-Copp-Brandsegg-Nygrd,DET,line,5on5,2,1192.0,4.0,0.85,0.68,0.86,12.94,1.14,0.83,3.02,0.41,7.47,5.13,1.12,1.05,1.03,12.0,6.0,8.0,26.0,0.0,1.0,0.0,2.0,0.0,6.0,9.0,12.0,18.0,1.0,2.0,13.0,9.0,3.0,7.0,11.0,7.0,0.0,0.37,0.77,0.0,0.0,0.0,0.0,23.84,18.0,16.63,1.0,0.17,0.08,0.08,1.23,1.13,1.12,2.18,0.19,0.12,0.57,0.08,1.17,0.87,0.19,0.22,0.22,1.0,2.0,9.0,12.0,0.0,0.0,0.0,0.0,0.0,2.0,1.0,1.0,3.0,4.0,8.0,11.0,13.0,2.0,5.0,2.0,1.0,0.0,0.04,0.15,0.0,0.0,0.0,0.0,13.74,3.0,3.29,2.0,0.03,0.0,0.0,0.22,0.25,0.25
847931884817118482720,2025,Maccelli-Matthews-Knies,TOR,line,5on5,2,1278.0,3.0,0.45,0.44,0.54,10.47,1.03,0.77,2.25,0.35,5.42,4.17,1.02,1.07,1.06,10.0,4.0,3.0,17.0,1.0,0.0,0.0,2.0,0.0,3.0,8.0,9.0,13.0,1.0,2.0,11.0,11.0,0.0,7.0,8.0,6.0,0.0,0.23,0.8,0.0,1.0,0.0,0.0,17.92,14.0,14.91,4.0,0.16,0.0,0.0,1.19,1.24,1.22,8.97,1.25,0.75,2.15,0.29,4.58,2.99,1.21,1.21,1.18,9.0,3.0,10.0,22.0,0.0,1.0,0.0,0.0,0.0,4.0,7.0,9.0,12.0,0.0,0.0,12.0,13.0,3.0,6.0,7.0,3.0,2.0,0.26,0.41,0.58,0.0,0.0,0.0,21.14,12.0,11.37,4.0,0.16,0.35,0.35,1.05,1.04,1.04
