lineId,season,name,team,position,situation,games_played,icetime,iceTimeRank,xGoalsPercentage,corsiPercentage,fenwickPercentage,xOnGoalFor,xGoalsFor,xReboundsFor,xFreezeFor,xPlayStoppedFor,xPlayContinuedInZoneFor,xPlayContinuedOutsideZoneFor,flurryAdjustedxGoalsFor,scoreVenueAdjustedxGoalsFor,flurryScoreVenueAdjustedxGoalsFor,shotsOnGoalFor,missedShotsFor,blockedShotAttemptsFor,shotAttemptsFor,goalsFor,reboundsFor,reboundGoalsFor,freezeFor,playStoppedFor,playContinuedInZoneFor,playContinuedOutsideZoneFor,savedShotsOnGoalFor,savedUnblockedShotAttemptsFor,penaltiesFor,penalityMinutesFor,faceOffsWonFor,hitsFor,takeawaysFor,giveawaysFor,lowDangerShotsFor,mediumDangerShotsFor,highDangerShotsFor,lowDangerxGoalsFor,mediumDangerxGoalsFor,highDangerxGoalsFor,lowDangerGoalsFor,mediumDangerGoalsFor,highDangerGoalsFor,scoreAdjustedShotsAttemptsFor,unblockedShotAttemptsFor,scoreAdjustedUnblockedShotAttemptsFor,dZoneGiveawaysFor,xGoalsFromxReboundsOfShotsFor,xGoalsFromActualReboundsOfShotsFor,reboundxGoalsFor,totalShotCreditFor,scoreAdjustedTotalShotCreditFor,scoreFlurryAdjustedTotalShotCreditFor,xOnGoalAgainst,xGoalsAgainst,xReboundsAgainst,xFreezeAgainst,xPlayStoppedAgainst,xPlayContinuedInZoneAgainst,xPlayContinuedOutsideZoneAgainst,flurryAdjustedxGoalsAgainst,scoreVenueAdjustedxGoalsAgainst,flurryScoreVenueAdjustedxGoalsAgainst,shotsOnGoalAgainst,missedShotsAgainst,blockedShotAttemptsAgainst,shotAttemptsAgainst,goalsAgainst,reboundsAgainst,reboundGoalsAgainst,freezeAgainst,playStoppedAgainst,playContinuedInZoneAgainst,playContinuedOutsideZoneAgainst,savedShotsOnGoalAgainst,savedUnblockedShotAttemptsAgainst,penaltiesAgainst,penalityMinutesAgainst,faceOffsWonAgainst,hitsAgainst,takeawaysAgainst,giveawaysAgainst,lowDangerShotsAgainst,mediumDangerShotsAgainst,highDangerShotsAgainst,lowDangerxGoalsAgainst,mediumDangerxGoalsAgainst,highDangerxGoalsAgainst,lowDangerGoalsAgainst,mediumDangerGoalsAgainst,highDangerGoalsAgainst,scoreAdjustedShotsAttemptsAgainst,unblockedShotAttemptsAgainst,scoreAdjustedUnblockedShotAttemptsAgainst,dZoneGiveawaysAgainst,xGoalsFromxReboundsOfShotsAgainst,xGoalsFromActualReboundsOfShotsAgainst,reboundxGoalsAgainst,totalShotCreditAgainst,scoreAdjustedTotalShotCreditAgainst,scoreFlurryAdjustedTotalShotCreditAgainst
84752008482166,2025,Orlov-Mukhamadullin,SJS,pairing,5on5,1,700.0,3.0,0.65,0.52,0.52,8.72,1.41,0.62,2.21,0.36,4.28,3.13,1.24,1.39,1.22,8.0,4.0,1.0,13.0,2.0,4.0,1.0,1.0,0.0,3.0,2.0,6.0,10.0,3.0,6.0,5.0,11.0,0.0,7.0,6.0,3.0,3.0,0.15,0.4,0.85,0.0,1.0,1.0,12.95,12.0,12.06,4.0,0.13,1.04,1.04,0.5,0.49,0.47,8.06,0.74,0.63,1.99,0.27,4.19,3.18,0.74,0.78,0.78,7.0,4.0,1.0,12.0,1.0,0.0,0.0,0.0,0.0,5.0,5.0,6.0,10.0,1.0,2.0,10.0,7.0,0.0,0.0,8.0,3.0,0.0,0.32,0.43,0.0,0.0,1.0,0.0,12.16,11.0,11.14,0.0,0.13,0.0,0.0,0.88,0.91,0.91
847749484775008482476,2025,Heineman-Horvat-Drouin,NYI,line,5on5,2,991.0,5.0,0.58,0.65,0.68,12.38,1.16,0.8,3.05,0.4,6.65,4.93,1.16,1.13,1.13,13.0,4.0,5.0,22.0,2.0,1.0,0.0,2.0,0.0,7.0,5.0,11.0,15.0,0.0,0.0,13.0,7.0,1.0,9.0,11.0,5.0,1.0,0.33,0.6,0.23,2.0,0.0,0.0,21.06,17.0,16.21,4.0,0.17,0.16,0.16,1.17,1.14,1.14,6.27,0.83,0.38,1.42,0.19,2.88,2.3,0.79,0.84,0.8,5.0,3.0,4.0,12.0,0.0,0.0,0.0,0.0,0.0,3.0,5.0,5.0,8.0,2.0,4.0,10.0,8.0,1.0,10.0,5.0,1.0,2.0,0.1,0.09,0.64,0.0,0.0,0.0,12.23,8.0,8.03,7.0,0.08,0.0,0.0,0.91,0.93,0.88
84745638479998,2025,Anderson-Doughty,LAK,pairing,5on5,4,2750.0,8.0,0.5,0.54,0.49,18.32,1.46,1.11,4.3,0.6,10.53,7.99,1.45,1.52,1.51,20.0,6.0,20.0,46.0,3.0,0.0,0.0,5.0,0.0,9.0,9.0,17.0,23.0,3.0,9.0,12.0,25.0,5.0,17.0,20.0,5.0,1.0,0.5,0.74,0.23,1.0,1.0,1.0,46.32,26.0,26.14,10.0,0.23,0.0,0.0,1.69,1.76,1.74,19.54,1.45,1.05,4.96,0.62,10.86,8.05,1.45,1.42,1.42,19.0,8.0,12.0,39.0,2.0,0.0,0.0,3.0,0.0,9.0,13.0,17.0,25.0,2.0,4.0,21.0,26.0,2.0,16.0,19.0,8.0,0.0,0.34,1.11,0.0,1.0,1.0,0.0,38.46,27.0,26.51,4.0,0.22,0.0,0.0,1.67,1.64,1.63
84775078479369,2025,Zadorov-Peeke,BOS,pairing,5on5,4,837.0,17.0,0.57,0.59,0.65,9.46,0.76,0.56,2.83,0.33,5.05,3.46,0.74,0.76,0.74,8.0,5.0,3.0,16.0,0.0,3.0,0.0,1.0,0.0,3.0,6.0,8.0,13.0,0.0,0.0,9.0,7.0,3.0,7.0,10.0,2.0,1.0,0.22,0.23,0.31,0.0,0.0,0.0,15.92,13.0,13.08,4.0,0.12,0.38,0.38,0.49,0.48,0.47,5.16,0.58,0.33,1.69,0.19,2.51,1.7,0.55,0.57,0.54,6.0,1.0,4.0,11.0,0.0,1.0,0.0,1.0,0.0,3.0,2.0,6.0,7.0,3.0,6.0,6.0,6.0,0.0,4.0,4.0,2.0,1.0,0.15,0.22,0.21,0.0,0.0,0.0,11.14,7.0,7.05,1.0,0.07,0.21,0.21,0.44,0.44,0.44
847688084815808481656,2025,Protas-Mcmichael-Wilson,WSH,line,5on5,2,657.0,25.0,0.67,0.79,0.85,8.08,0.45,0.52,2.2,0.25,4.42,3.15,0.44,0.42,0.41,10.0,1.0,4.0,15.0,1.0,1.0,0.0,3.0,0.0,2.0,4.0,9.0,10.0,0.0,0.0,3.0,3.0,0.0,1.0,10.0,1.0,0.0,0.3,0.15,0.0,1.0,0.0,0.0,14.16,11.0,10.41,0.0,0.1,0.03,0.03,0.52,0.49,0.48,1.65,0.22,0.17,0.27,0.04,0.74,0.56,0.22,0.24,0.24,2.0,0.0,2.0,4.0,0.0,0.0,0.0,2.0,0.0,0.0,0.0,2.0,2.0,0.0,0.0,5.0,4.0,0.0,3.0,1.0,1.0,0.0,0.07,0.15,0.0,0.0,0.0,0.0,4.27,2.0,2.2,1.0,0.04,0.0,0.0,0.26,0.28,0.28
847783984793908483690,2025,Sheary-Laba-Raddysh,NYR,line,5on5,2,859.0,4.0,0.34,0.59,0.64,10.1,0.35,0.48,2.49,0.33,5.62,4.73,0.35,0.35,0.35,9.0,5.0,6.0,20.0,0.0,0.0,0.0,1.0,0.0,8.0,5.0,9.0,14.0,0.0,0.0,6.0,7.0,0.0,2.0,13.0,1.0,0.0,0.23,0.12,0.0,0.0,0.0,0.0,21.18,14.0,14.87,0.0,0.1,0.0,0.0,0.45,0.45,0.45,6.24,0.67,0.41,1.43,0.18,2.85,2.45,0.67,0.68,0.68,4.0,4.0,6.0,14.0,0.0,0.0,0.0,2.0,0.0,3.0,3.0,4.0,8.0,0.0,0.0,3.0,11.0,0.0,2.0,5.0,1.0,2.0,0.08,0.12,0.47,0.0,0.0,0.0,14.58,8.0,8.24,1.0,0.09,0.0,0.0,0.76,0.77,0.77
847646184784398484387,2025,Michkov-Couturier-Konecny,PHI,line,5on5,2,892.0,6.0,0.36,0.36,0.36,5.92,0.62,0.46,1.17,0.17,3.4,2.18,0.62,0.62,0.61,5.0,3.0,4.0,12.0,1.0,0.0,0.0,1.0,0.0,2.0,4.0,4.0,7.0,4.0,8.0,7.0,5.0,3.0,4.0,6.0,1.0,1.0,0.28,0.09,0.25,0.0,1.0,0.0,12.48,8.0,8.31,3.0,0.1,0.0,0.0,0.72,0.71,0.71,10.84,1.11,0.69,2.76,0.33,5.51,3.61,0.94,1.07,0.9,11.0,3.0,7.0,21.0,1.0,2.0,0.0,3.0,0.0,6.0,2.0,10.0,13.0,0.0,0.0,9.0,7.0,1.0,4.0,11.0,1.0,2.0,0.35,0.14,0.63,1.0,0.0,0.0,20.33,14.0,13.54,4.0,0.14,0.63,0.63,0.63,0.61,0.59
847121584775118479638,2025,Brazeau-Malkin-Mantha,PIT,line,5on5,4,2317.0,9.0,0.7,0.6,0.63,24.24,3.24,1.76,6.29,0.84,11.61,8.25,2.94,3.37,3.05,22.0,10.0,12.0,44.0,3.0,6.0,0.0,3.0,0.0,13.0,7.0,19.0,29.0,1.0,2.0,10.0,15.0,3.0,12.0,17.0,11.0,4.0,0.58,1.46,1.2,1.0,1.0,1.0,45.42,32.0,33.11,5.0,0.38,1.23,1.23,2.39,2.47,2.3,14.63,1.41,1.05,3.12,0.42,7.56,5.44,1.39,1.46,1.45,12.0,7.0,10.0,29.0,3.0,1.0,1.0,0.0,0.0,5.0,10.0,9.0,16.0,0.0,0.0,22.0,16.0,2.0,15.0,13.0,5.0,1.0,0.48,0.72,0.2,3.0,0.0,0.0,29.37,19.0,19.33,8.0,0.22,0.06,0.06,1.57,1.62,1.62
84752188480803,2025,Ekholm-Bouchard,EDM,pairing,5on5,3,2756.0,3.0,0.83,0.63,0.73,33.38,3.77,2.4,7.29,0.97,16.71,12.87,3.72,3.73,3.69,34.0,10.0,11.0,55.0,1.0,3.0,0.0,8.0,0.0,15.0,17.0,33.0,43.0,2.0,4.0,25.0,17.0,3.0,19.0,29.0,9.0,6.0,1.08,1.11,1.58,1.0,0.0,0.0,56.48,44.0,45.05,7.0,0.51,0.66,0.66,3.61,3.6,3.58,10.92,0.75,0.66,2.54,0.4,6.44,5.2,0.73,0.73,0.72,9.0,7.0,16.0,32.0,0.0,1.0,0.0,2.0,0.0,5.0,8.0,9.0,16.0,3.0,6.0,16.0,23.0,3.0,15.0,13.0,3.0,0.0,0.32,0.43,0.0,0.0,0.0,0.0,30.17,16.0,15.34,11.0,0.13,0.09,0.09,0.8,0.78,0.77
84784508478854,2025,Wotherspoon-Shea,PIT,pairing,5on5,4,770.0,17.0,0.85,0.63,0.62,6.15,0.56,0.39,1.56,0.18,2.93,2.38,0.54,0.53,0.52,5.0,3.0,2.0,10.0,0.0,1.0,0.0,2.0,0.0,2.0,3.0,5.0,8.0,0.0,0.0,7.0,6.0,0.0,3.0,5.0,2.0,1.0,0.16,0.2,0.2,0.0,0.0,0.0,9.36,8.0,7.54,1.0,0.08,0.12,0.12,0.52,0.48,0.48,3.55,0.1,0.21,0.81,0.1,2.24,1.54,0.1,0.1,0.1,4.0,1.0,1.0,6.0,1.0,0.0,0.0,1.0,0.0,1.0,2.0,3.0,4.0,0.0,0.0,3.0,2.0,2.0,4.0,5.0,0.0,0.0,0.1,0.0,0.0,1.0,0.0,0.0,6.1,5.0,4.86,3.0,0.04,0.0,0.0,0.14,0.14,0.14
847571484780578478462,2025,Joshua-Roy-Jarnkrok,TOR,line,5on5,3,886.0,19.0,0.41,0.44,0.43,6.61,0.6,0.4,1.54,0.19,3.8,2.46,0.6,0.59,0.58,9.0,0.0,2.0,11.0,0.0,1.0,0.0,1.0,0.0,2.0,5.0,9.0,9.0,2.0,4.0,7.0,5.0,2.0,8.0,7.0,1.0,1.0,0.22,0.13,0.26,0.0,0.0,0.0,11.1,9.0,8.99,2.0,0.08,0.26,0.26,0.43,0.42,0.42,8.77,0.88,0.65,2.07,0.26,4.75,3.39,0.86,0.88,0.87,9.0,3.0,2.0,14.0,4.0,1.0,1.0,1.0,0.0,3.0,3.0,5.0,8.0,0.0,0.0,8.0,4.0,1.0,5.0,9.0,2.0,1.0,0.35,0.26,0.26,3.0,0.0,1.0,13.72,12.0,11.95,1.0,0.14,0.26,0.26,0.75,0.76,0.75
84745908480796,2025,Fehervary-Carlson,WSH,pairing,5on5,4,3107.0,9.0,0.67,0.58,0.6,32.33,2.85,2.07,8.4,1.15,18.2,13.33,2.81,2.91,2.88,28.0,18.0,19.0,65.0,2.0,5.0,0.0,6.0,0.0,18.0,15.0,26.0,44.0,2.0,4.0,21.0,29.0,4.0,15.0,33.0,12.0,1.0,0.85,1.66,0.33,1.0,1.0,0.0,66.15,46.0,46.66,9.0,0.42,0.52,0.52,2.75,2.83,2.79,22.34,1.43,1.36,6.6,0.8,11.96,8.86,1.39,1.42,1.38,20.0,11.0,17.0,48.0,2.0,3.0,0.0,5.0,0.0,12.0,9.0,18.0,29.0,4.0,8.0,33.0,23.0,2.0,17.0,25.0,5.0,1.0,0.59,0.6,0.24,1.0,1.0,0.0,46.77,31.0,30.07,7.0,0.28,0.08,0.08,1.63,1.62,1.58
84818068482176,2025,Kaiser-Crevier,CHI,pairing,5on5,3,928.0,11.0,0.49,0.34,0.38,7.41,0.6,0.49,1.87,0.23,4.08,2.73,0.54,0.58,0.52,3.0,7.0,0.0,10.0,0.0,2.0,0.0,3.0,0.0,2.0,3.0,3.0,10.0,5.0,13.0,13.0,10.0,4.0,5.0,7.0,2.0,1.0,0.13,0.24,0.23,0.0,0.0,0.0,9.95,10.0,9.97,2.0,0.1,0.18,0.14,0.57,0.55,0.49,11.07,0.63,0.71,2.91,0.41,6.5,4.84,0.61,0.63,0.62,13.0,3.0,3.0,19.0,0.0,1.0,0.0,3.0,0.0,6.0,6.0,13.0,16.0,2.0,7.0,5.0,9.0,1.0,3.0,14.0,2.0,0.0,0.35,0.28,0.0,0.0,0.0,0.0,18.84,16.0,15.8,3.0,0.14,0.19,0.19,0.58,0.58,0.58
84752008479983,2025,Orlov-Ferraro,SJS,pairing,5on5,3,625.0,20.0,0.46,0.31,0.3,5.36,0.46,0.3,1.38,0.15,2.55,2.15,0.44,0.43,0.42,6.0,1.0,1.0,8.0,0.0,0.0,0.0,0.0,0.0,4.0,3.0,6.0,7.0,1.0,2.0,8.0,2.0,1.0,3.0,6.0,0.0,1.0,0.25,0.0,0.21,0.0,0.0,0.0,7.62,7.0,6.67,0.0,0.06,0.0,0.0,0.52,0.48,0.47,12.07,0.53,0.54,3.66,0.39,6.0,4.89,0.51,0.56,0.54,10.0,6.0,2.0,18.0,1.0,0.0,0.0,6.0,0.0,3.0,6.0,9.0,15.0,1.0,2.0,4.0,5.0,1.0,5.0,14.0,2.0,0.0,0.33,0.2,0.0,1.0,0.0,0.0,19.01,16.0,16.89,2.0,0.11,0.0,0.0,0.64,0.68,0.65
847794684820788484471,2025,Raymond-Larkin-Finnie,DET,line,5on5,3,1633.0,7.0,0.49,0.44,0.44,10.42,1.06,0.7,2.47,0.32,5.59,3.85,1.03,0.99,0.95,10.0,4.0,4.0,18.0,1.0,1.0,0.0,1.0,0.0,5.0,6.0,9.0,13.0,1.0,2.0,14.0,13.0,2.0,9.0,10.0,3.0,1.0,0.39,0.32,0.35,1.0,0.0,0.0,16.6,14.0,12.98,4.0,0.15,0.35,0.35,0.85,0.8,0.79,13.67,1.11,0.79,3.01,0.4,6.84,5.84,1.11,1.17,1.17,14.0,4.0,5.0,23.0,0.0,0.0,0.0,2.0,0.0,4.0,12.0,14.0,18.0,2.0,4.0,12.0,12.0,0.0,11.0,13.0,5.0,0.0,0.46,0.66,0.0,0.0,0.0,0.0,24.26,18.0,18.86,5.0,0.16,0.0,0.0,1.28,1.34,1.34
847699484834528483499,2025,Ohgren-Haight-Hinostroza,MIN,line,5on5,2,770.0,8.0,0.2,0.38,0.39,4.96,0.31,0.26,1.34,0.17,2.68,2.24,0.29,0.29,0.27,5.0,2.0,2.0,9.0,0.0,0.0,0.0,1.0,0.0,3.0,3.0,5.0,7.0,1.0,2.0,6.0,8.0,1.0,3.0,6.0,1.0,0.0,0.18,0.12,0.0,0.0,0.0,0.0,8.69,7.0,6.52,1.0,0.05,0.0,0.0,0.36,0.34,0.32,8.71,1.28,0.66,1.74,0.24,4.06,3.02,1.19,1.24,1.16,6.0,5.0,4.0,15.0,1.0,1.0,0.0,1.0,0.0,5.0,3.0,5.0,10.0,0.0,0.0,9.0,6.0,2.0,4.0,5.0,4.0,2.0,0.18,0.51,0.59,0.0,0.0,1.0,14.67,11.0,10.89,2.0,0.14,0.38,0.38,1.03,1.04,0.97
84816068482095,2025,Kleven-Spence,OTT,pairing,5on5,1,678.0,1.0,0.61,0.46,0.56,7.65,0.54,0.47,1.9,0.23,4.08,2.77,0.52,0.51,0.48,6.0,4.0,3.0,13.0,0.0,1.0,0.0,3.0,0.0,6.0,0.0,6.0,10.0,1.0,2.0,7.0,9.0,0.0,2.0,7.0,3.0,0.0,0.18,0.36,0.0,0.0,0.0,0.0,12.17,10.0,9.38,2.0,0.1,0.14,0.14,0.49,0.46,0.45,5.89,0.34,0.39,1.31,0.17,3.43,2.36,0.34,0.37,0.37,7.0,1.0,7.0,15.0,1.0,0.0,0.0,0.0,0.0,2.0,5.0,6.0,7.0,1.0,2.0,6.0,11.0,1.0,2.0,7.0,1.0,0.0,0.25,0.09,0.0,0.0,1.0,0.0,15.84,8.0,8.52,1.0,0.08,0.0,0.0,0.42,0.45,0.45
84745908479345,2025,Chychrun-Carlson,WSH,pairing,5on5,4,886.0,16.0,0.8,0.73,0.67,13.97,1.18,0.88,3.98,0.42,6.51,5.03,1.13,1.17,1.13,11.0,7.0,12.0,30.0,1.0,1.0,0.0,1.0,0.0,5.0,10.0,10.0,17.0,1.0,2.0,7.0,5.0,1.0,5.0,12.0,6.0,0.0,0.46,0.73,0.0,0.0,1.0,0.0,29.35,18.0,17.83,1.0,0.18,0.19,0.19,1.18,1.18,1.14,7.03,0.29,0.32,1.33,0.21,3.34,3.51,0.29,0.31,0.31,6.0,3.0,2.0,11.0,0.0,0.0,0.0,1.0,0.0,3.0,5.0,6.0,9.0,0.0,0.0,6.0,4.0,1.0,8.0,8.0,1.0,0.0,0.2,0.1,0.0,0.0,0.0,0.0,11.58,9.0,9.56,5.0,0.06,0.0,0.0,0.36,0.38,0.38
84824708484258,2025,Solovyov-Malinski,COL,pairing,5on5,2,830.0,6.0,0.55,0.36,0.44,5.47,0.81,0.45,1.23,0.19,3.21,2.12,0.8,0.84,0.82,4.0,4.0,1.0,9.0,0.0,0.0,0.0,0.0,0.0,4.0,4.0,4.0,8.0,0.0,0.0,5.0,10.0,4.0,6.0,4.0,3.0,1.0,0.2,0.35,0.26,0.0,0.0,0.0,9.11,8.0,8.13,2.0,0.1,0.0,0.0,0.91,0.93,0.92,7.22,0.67,0.57,1.68,0.22,4.2,2.65,0.66,0.63,0.61,6.0,4.0,6.0,16.0,0.0,1.0,0.0,0.0,0.0,5.0,4.0,6.0,10.0,0.0,0.0,8.0,9.0,1.0,5.0,7.0,3.0,0.0,0.22,0.45,0.0,0.0,0.0,0.0,15.01,10.0,9.32,4.0,0.12,0.14,0.14,0.66,0.61,0.59
847795384814918481617,2025,Kapanen-Philp-Podkolzin,EDM,line,5on5,2,1173.0,4.0,0.5,0.69,0.71,12.64,0.73,0.7,3.0,0.38,7.22,4.97,0.7,0.72,0.7,14.0,3.0,5.0,22.0,1.0,0.0,0.0,4.0,0.0,9.0,3.0,13.0,16.0,2.0,4.0,11.0,16.0,2.0,5.0,13.0,3.0,1.0,0.25,0.27,0.21,0.0,1.0,0.0,22.37,17.0,17.29,2.0,0.14,0.0,0.0,0.87,0.86,0.83,5.53,0.72,0.4,1.12,0.16,2.65,1.96,0.7,0.73,0.72,5.0,2.0,3.0,10.0,2.0,0.0,0.0,0.0,0.0,4.0,1.0,3.0,5.0,2.0,4.0,5.0,9.0,1.0,7.0,5.0,1.0,1.0,0.23,0.2,0.29,1.0,0.0,1.0,9.92,7.0,6.93,4.0,0.08,0.0,0.0,0.8,0.82,0.8
847687184802898481043,2025,Koepke-Barron-Pearson,WPG,line,5on5,3,830.0,10.0,0.61,0.41,0.5,5.48,0.58,0.36,1.21,0.15,2.71,1.99,0.58,0.56,0.56,5.0,2.0,2.0,9.0,1.0,0.0,0.0,2.0,0.0,2.0,2.0,4.0,6.0,1.0,2.0,7.0,19.0,2.0,7.0,4.0,2.0,1.0,0.1,0.25,0.22,0.0,1.0,0.0,8.57,7.0,6.79,4.0,0.08,0.0,0.0,0.66,0.64,0.64,5.25,0.36,0.35,1.1,0.14,2.9,2.15,0.36,0.38,0.37,6.0,1.0,6.0,13.0,1.0,0.0,0.0,2.0,0.0,3.0,1.0,5.0,6.0,1.0,2.0,8.0,6.0,0.0,4.0,5.0,2.0,0.0,0.17,0.19,0.0,1.0,0.0,0.0,13.14,7.0,7.17,1.0,0.07,0.0,0.0,0.43,0.45,0.44
84784688481527,2025,Lauzon-Korczak,VGK,pairing,5on5,4,2861.0,11.0,0.58,0.62,0.63,26.79,1.87,1.54,6.62,0.89,15.22,11.87,1.87,1.91,1.91,21.0,17.0,13.0,51.0,4.0,0.0,0.0,5.0,0.0,13.0,16.0,17.0,34.0,5.0,10.0,33.0,44.0,4.0,16.0,30.0,7.0,1.0,0.74,0.86,0.27,2.0,1.0,1.0,50.4,38.0,37.64,6.0,0.31,0.0,0.0,2.18,2.23,2.22,16.51,1.34,1.04,4.55,0.55,8.35,6.17,1.33,1.34,1.33,13.0,9.0,9.0,31.0,2.0,2.0,0.0,4.0,0.0,7.0,7.0,11.0,20.0,5.0,13.0,21.0,34.0,3.0,17.0,15.0,7.0,0.0,0.42,0.92,0.0,0.0,2.0,0.0,31.42,22.0,22.44,10.0,0.22,0.19,0.19,1.38,1.37,1.37
848079884842278484801,2025,Kurashev-Celebrini-Smith,SJS,line,5on5,2,1600.0,2.0,0.26,0.34,0.27,8.7,0.81,0.56,2.3,0.31,4.31,2.7,0.81,0.81,0.8,8.0,3.0,7.0,18.0,1.0,1.0,1.0,1.0,0.0,3.0,5.0,7.0,10.0,4.0,8.0,17.0,5.0,3.0,18.0,8.0,1.0,2.0,0.22,0.09,0.51,0.0,0.0,1.0,18.07,11.0,11.09,11.0,0.11,0.31,0.31,0.62,0.61,0.61,22.57,2.3,1.63,5.67,0.87,11.36,8.17,2.01,2.34,2.04,17.0,13.0,5.0,35.0,1.0,5.0,0.0,3.0,0.0,10.0,11.0,16.0,29.0,2.0,4.0,15.0,9.0,1.0,9.0,19.0,9.0,2.0,0.41,1.37,0.52,1.0,0.0,0.0,34.6,30.0,29.57,2.0,0.34,1.06,1.06,1.58,1.61,1.57
84801968481564,2025,Bryson-Johnson,BUF,pairing,5on5,2,1029.0,6.0,0.49,0.45,0.41,9.38,0.91,0.7,2.28,0.31,4.46,3.34,0.87,0.83,0.79,6.0,6.0,6.0,18.0,0.0,2.0,0.0,0.0,0.0,6.0,4.0,6.0,12.0,0.0,0.0,9.0,10.0,2.0,4.0,8.0,3.0,1.0,0.23,0.47,0.2,0.0,0.0,0.0,16.47,12.0,11.07,2.0,0.15,0.34,0.34,0.71,0.66,0.65,12.27,0.93,0.81,3.32,0.45,6.34,5.14,0.88,1.01,0.96,11.0,6.0,5.0,22.0,1.0,2.0,1.0,0.0,0.0,6.0,8.0,10.0,16.0,1.0,2.0,5.0,13.0,1.0,7.0,12.0,5.0,0.0,0.22,0.71,0.0,0.0,1.0,0.0,24.02,17.0,18.49,4.0,0.17,0.3,0.3,0.8,0.86,0.81
847517284826798484860,2025,Gridin-Kadri-Coronato,CGY,line,5on5,4,2138.0,8.0,0.37,0.47,0.46,15.9,1.03,0.95,4.29,0.57,8.35,6.81,1.02,1.01,1.0,12.0,10.0,14.0,36.0,2.0,1.0,0.0,1.0,0.0,9.0,9.0,10.0,20.0,1.0,2.0,15.0,3.0,8.0,13.0,18.0,4.0,0.0,0.56,0.47,0.0,2.0,0.0,0.0,35.13,22.0,21.83,10.0,0.2,0.15,0.15,1.08,1.05,1.05,19.88,1.75,1.23,5.3,0.62,9.55,7.54,1.73,1.77,1.74,22.0,4.0,14.0,40.0,4.0,3.0,1.0,7.0,0.0,3.0,9.0,18.0,22.0,1.0,2.0,30.0,20.0,4.0,7.0,19.0,4.0,3.0,0.48,0.55,0.73,2.0,1.0,1.0,40.15,26.0,25.98,4.0,0.26,0.58,0.58,1.44,1.45,1.44
84780388480069,2025,Toews-Makar,COL,pairing,5on5,4,2930.0,4.0,0.61,0.53,0.53,30.7,3.39,2.13,7.91,1.02,15.53,11.04,3.14,3.52,3.26,29.0,12.0,18.0,59.0,2.0,6.0,1.0,4.0,0.0,18.0,11.0,27.0,39.0,5.0,13.0,32.0,18.0,2.0,21.0,25.0,11.0,5.0,0.76,1.22,1.4,0.0,1.0,1.0,61.99,41.0,43.61,12.0,0.45,1.35,1.35,2.48,2.58,2.39,26.93,2.16,1.76,7.07,0.9,13.87,10.24,2.04,2.09,1.97,22.0,14.0,17.0,53.0,0.0,4.0,0.0,8.0,0.0,14.0,10.0,22.0,36.0,7.0,19.0,23.0,19.0,3.0,24.0,27.0,7.0,2.0,0.78,0.95,0.42,0.0,0.0,0.0,50.5,36.0,34.5,15.0,0.37,0.62,0.62,1.91,1.82,1.81
848274584834458484762,2025,Gauthier-Mctavish-Sennecke,ANA,line,5on5,3,2418.0,3.0,0.76,0.66,0.66,30.58,3.64,2.35,7.65,1.14,14.71,10.51,3.29,3.68,3.32,26.0,14.0,21.0,61.0,3.0,7.0,0.0,3.0,0.0,16.0,11.0,23.0,37.0,4.0,8.0,21.0,22.0,1.0,9.0,24.0,12.0,4.0,0.77,1.84,1.03,1.0,0.0,2.0,59.77,40.0,39.26,4.0,0.49,1.39,1.39,2.74,2.77,2.69,14.16,1.13,1.06,3.27,0.51,8.98,6.06,1.12,1.17,1.17,13.0,8.0,11.0,32.0,0.0,0.0,0.0,6.0,0.0,6.0,9.0,13.0,21.0,3.0,6.0,20.0,20.0,2.0,12.0,16.0,5.0,0.0,0.57,0.56,0.0,0.0,0.0,0.0,33.02,21.0,21.75,9.0,0.21,0.0,0.0,1.34,1.39,1.38
84793458480990,2025,Chychrun-Chisholm,WSH,pairing,5on5,1,755.0,3.0,0.38,0.53,0.53,5.28,0.37,0.32,1.36,0.23,3.37,2.36,0.37,0.39,0.39,5.0,3.0,2.0,10.0,1.0,0.0,0.0,1.0,0.0,3.0,3.0,4.0,7.0,0.0,0.0,4.0,6.0,0.0,6.0,6.0,2.0,0.0,0.12,0.25,0.0,1.0,0.0,0.0,10.6,8.0,8.45,5.0,0.06,0.0,0.0,0.43,0.46,0.46,4.78,0.6,0.33,1.44,0.19,2.6,1.83,0.55,0.57,0.52,4.0,3.0,2.0,9.0,0.0,2.0,0.0,2.0,0.0,2.0,1.0,4.0,7.0,0.0,0.0,5.0,8.0,1.0,3.0,5.0,1.0,1.0,0.14,0.19,0.26,0.0,0.0,0.0,8.51,7.0,6.63,3.0,0.07,0.29,0.29,0.38,0.36,0.35
847645984764688482157,2025,Cuylle-Zibanejad-Miller,NYR,line,5on5,2,1035.0,5.0,0.61,0.49,0.48,9.48,1.08,0.68,2.54,0.34,5.03,3.33,1.07,1.04,1.03,7.0,6.0,6.0,19.0,0.0,2.0,0.0,3.0,0.0,5.0,3.0,7.0,13.0,3.0,6.0,12.0,10.0,3.0,5.0,7.0,5.0,1.0,0.2,0.57,0.31,0.0,0.0,0.0,18.39,13.0,12.72,2.0,0.14,0.44,0.44,0.79,0.78,0.77,10.72,0.7,0.76,2.71,0.3,5.59,3.94,0.61,0.74,0.65,8.0,6.0,6.0,20.0,0.0,1.0,0.0,0.0,0.0,8.0,5.0,8.0,14.0,2.0,4.0,7.0,7.0,1.0,4.0,12.0,2.0,0.0,0.4,0.29,0.0,0.0,0.0,0.0,20.88,14.0,14.5,1.0,0.16,0.14,0.14,0.72,0.76,0.66
84788408481525,2025,Robertson-Borgen,NYR,pairing,5on5,2,1854.0,4.0,0.63,0.52,0.51,14.05,1.13,0.95,3.46,0.52,8.2,5.74,1.13,1.06,1.06,10.0,10.0,7.0,27.0,0.0,0.0,0.0,6.0,0.0,8.0,6.0,10.0,20.0,1.0,2.0,17.0,14.0,4.0,7.0,15.0,5.0,0.0,0.4,0.73,0.0,0.0,0.0,0.0,25.42,20.0,18.82,5.0,0.2,0.0,0.0,1.33,1.25,1.24,13.04,0.67,0.81,2.96,0.47,7.43,6.66,0.67,0.72,0.72,14.0,5.0,6.0,25.0,0.0,0.0,0.0,4.0,0.0,6.0,9.0,14.0,19.0,1.0,2.0,14.0,11.0,2.0,9.0,17.0,2.0,0.0,0.43,0.25,0.0,0.0,0.0,0.0,26.54,19.0,20.23,8.0,0.17,0.0,0.0,0.84,0.9,0.9
84768698480246,2025,Skjei-Perbix,NSH,pairing,5on5,4,3463.0,5.0,0.48,0.48,0.46,28.19,2.41,1.72,7.48,0.92,14.67,10.79,2.29,2.4,2.28,27.0,11.0,19.0,57.0,5.0,3.0,1.0,5.0,0.0,15.0,10.0,22.0,33.0,3.0,6.0,30.0,26.0,7.0,15.0,28.0,7.0,3.0,0.71,0.82,0.88,2.0,1.0,2.0,57.02,38.0,38.22,9.0,0.35,0.61,0.61,2.16,2.15,2.04,34.03,2.64,2.31,8.89,1.02,17.76,12.38,2.61,2.63,2.59,27.0,18.0,16.0,61.0,1.0,1.0,0.0,9.0,0.0,19.0,15.0,26.0,44.0,3.0,6.0,34.0,25.0,5.0,27.0,34.0,9.0,2.0,1.05,1.15,0.44,0.0,1.0,0.0,60.14,45.0,44.24,13.0,0.49,0.15,0.15,2.98,2.95,2.91
84811788482142,2025,Zamula-Drysdale,PHI,pairing,5on5,2,1275.0,6.0,0.23,0.38,0.32,6.07,0.42,0.46,1.39,0.19,3.3,2.23,0.41,0.44,0.43,6.0,2.0,5.0,13.0,0.0,0.0,0.0,3.0,0.0,3.0,2.0,6.0,8.0,2.0,4.0,9.0,7.0,3.0,7.0,7.0,1.0,0.0,0.34,0.08,0.0,0.0,0.0,0.0,13.67,8.0,8.32,4.0,0.09,0.0,0.0,0.52,0.54,0.53,13.27,1.45,0.77,3.39,0.42,6.19,4.79,1.38,1.41,1.34,13.0,4.0,4.0,21.0,1.0,2.0,1.0,2.0,0.0,6.0,6.0,12.0,16.0,0.0,0.0,18.0,12.0,0.0,2.0,12.0,3.0,2.0,0.32,0.44,0.69,0.0,0.0,1.0,20.76,17.0,16.86,1.0,0.16,0.69,0.69,0.92,0.89,0.88
84745688479378,2025,Stanley-Schenn,WPG,pairing,5on5,3,838.0,14.0,0.19,0.39,0.24,2.99,0.15,0.14,0.65,0.09,1.73,1.24,0.15,0.15,0.15,3.0,1.0,7.0,11.0,0.0,0.0,0.0,1.0,0.0,0.0,3.0,3.0,4.0,2.0,7.0,3.0,10.0,1.0,6.0,3.0,1.0,0.0,0.06,0.09,0.0,0.0,0.0,0.0,10.5,4.0,3.9,4.0,0.03,0.0,0.0,0.18,0.17,0.17,9.24,0.63,0.59,2.0,0.29,5.37,4.12,0.63,0.68,0.68,10.0,3.0,4.0,17.0,0.0,0.0,0.0,0.0,0.0,8.0,5.0,10.0,13.0,2.0,7.0,6.0,5.0,1.0,6.0,9.0,4.0,0.0,0.24,0.39,0.0,0.0,0.0,0.0,18.12,13.0,13.88,4.0,0.12,0.0,0.0,0.75,0.81,0.8
84754558483495,2025,Dillon-Nemec,NJD,pairing,5on5,3,2081.0,9.0,0.49,0.49,0.47,16.4,1.6,1.13,4.25,0.59,8.77,6.65,1.51,1.73,1.63,18.0,5.0,14.0,37.0,2.0,2.0,1.0,6.0,0.0,5.0,8.0,16.0,21.0,1.0,2.0,18.0,17.0,2.0,9.0,16.0,5.0,2.0,0.37,0.66,0.57,0.0,1.0,1.0,40.16,23.0,24.8,3.0,0.24,0.29,0.29,1.56,1.67,1.65,19.16,1.68,1.27,5.11,0.75,9.81,7.39,1.61,1.62,1.55,15.0,11.0,13.0,39.0,4.0,2.0,0.0,4.0,0.0,7.0,9.0,11.0,22.0,3.0,6.0,20.0,18.0,2.0,10.0,19.0,6.0,1.0,0.69,0.71,0.28,3.0,1.0,0.0,37.35,26.0,25.23,4.0,0.27,0.42,0.42,1.52,1.46,1.43
847351284815968482092,2025,Greig-Pinto-Giroux,OTT,line,5on5,3,1240.0,7.0,0.65,0.61,0.55,13.36,1.42,0.88,2.96,0.38,6.23,5.14,1.4,1.41,1.4,14.0,3.0,8.0,25.0,3.0,0.0,0.0,0.0,0.0,7.0,7.0,11.0,14.0,3.0,6.0,15.0,2.0,3.0,7.0,8.0,8.0,1.0,0.16,1.03,0.22,1.0,2.0,0.0,24.11,17.0,16.56,5.0,0.18,0.0,0.0,1.6,1.6,1.57,9.94,0.78,0.66,2.31,0.35,5.65,4.25,0.77,0.8,0.79,9.0,5.0,2.0,16.0,1.0,1.0,0.0,1.0,0.0,4.0,7.0,8.0,13.0,0.0,0.0,6.0,8.0,2.0,8.0,10.0,4.0,0.0,0.31,0.47,0.0,0.0,1.0,0.0,16.76,14.0,14.63,2.0,0.14,0.12,0.12,0.8,0.82,0.82
84810068482733,2025,Tucker-Mailloux,STL,pairing,5on5,3,1057.0,14.0,0.35,0.47,0.45,9.41,0.8,0.66,2.34,0.38,5.13,3.7,0.8,0.74,0.74,6.0,7.0,5.0,18.0,0.0,1.0,0.0,5.0,0.0,2.0,5.0,6.0,13.0,2.0,7.0,7.0,16.0,5.0,2.0,10.0,1.0,2.0,0.28,0.1,0.42,0.0,0.0,0.0,16.47,13.0,12.02,0.0,0.14,0.01,0.01,0.93,0.86,0.86,12.44,1.49,0.92,2.51,0.4,5.73,4.95,1.38,1.57,1.46,8.0,8.0,4.0,20.0,3.0,1.0,0.0,0.0,0.0,5.0,7.0,5.0,13.0,2.0,7.0,12.0,7.0,2.0,3.0,8.0,6.0,2.0,0.22,0.84,0.43,1.0,1.0,1.0,21.77,16.0,17.07,0.0,0.2,0.19,0.19,1.5,1.59,1.5
84764628478399,2025,Siegenthaler-Hamilton,NJD,pairing,5on5,3,2379.0,5.0,0.35,0.43,0.43,16.54,1.15,0.97,4.17,0.56,9.01,7.14,1.12,1.24,1.21,14.0,9.0,9.0,32.0,2.0,0.0,0.0,2.0,0.0,11.0,8.0,12.0,21.0,2.0,6.0,25.0,12.0,4.0,16.0,19.0,4.0,0.0,0.58,0.57,0.0,2.0,0.0,0.0,34.94,23.0,24.81,8.0,0.2,0.0,0.0,1.35,1.46,1.42,22.32,2.15,1.49,5.71,0.73,11.69,8.23,2.02,2.01,1.9,17.0,13.0,12.0,42.0,2.0,3.0,0.0,3.0,0.0,12.0,10.0,15.0,28.0,0.0,0.0,21.0,16.0,2.0,9.0,24.0,2.0,4.0,0.92,0.3,0.92,1.0,0.0,1.0,39.33,30.0,28.36,3.0,0.31,0.67,0.67,1.79,1.68,1.64
848205584834768485385,2025,O'Connor-Cootes-Lekkerimki,VAN,line,5on5,2,833.0,5.0,0.1,0.3,0.32,5.09,0.19,0.26,1.32,0.17,2.84,2.23,0.19,0.19,0.19,2.0,5.0,3.0,10.0,0.0,0.0,0.0,0.0,0.0,4.0,3.0,2.0,7.0,1.0,2.0,2.0,8.0,1.0,11.0,7.0,0.0,0.0,0.19,0.0,0.0,0.0,0.0,0.0,9.7,7.0,6.76,8.0,0.05,0.0,0.0,0.24,0.24,0.24,11.96,1.74,1.03,2.83,0.43,5.62,3.35,1.58,1.83,1.66,11.0,4.0,8.0,23.0,0.0,3.0,0.0,0.0,0.0,8.0,4.0,11.0,15.0,0.0,0.0,2.0,3.0,3.0,7.0,6.0,7.0,2.0,0.23,1.03,0.48,0.0,0.0,0.0,25.35,15.0,16.41,1.0,0.22,0.61,0.61,1.34,1.42,1.37
847688084794008481656,2025,Protas-Dubois-Wilson,WSH,line,5on5,3,1655.0,3.0,0.42,0.52,0.43,14.15,1.27,0.85,4.28,0.48,6.87,5.25,1.2,1.35,1.28,13.0,6.0,12.0,31.0,3.0,2.0,0.0,4.0,0.0,5.0,5.0,10.0,16.0,1.0,2.0,13.0,8.0,2.0,5.0,13.0,4.0,2.0,0.37,0.45,0.44,1.0,2.0,0.0,33.38,19.0,20.26,2.0,0.18,0.2,0.2,1.25,1.36,1.28,18.56,1.79,1.16,5.11,0.64,9.58,6.72,1.55,1.71,1.48,17.0,8.0,4.0,29.0,0.0,3.0,0.0,4.0,0.0,9.0,9.0,17.0,25.0,2.0,4.0,22.0,12.0,1.0,8.0,18.0,5.0,2.0,0.45,0.7,0.64,0.0,0.0,0.0,27.97,25.0,24.17,4.0,0.24,0.83,0.86,1.17,1.12,1.03
847572684775058482667,2025,Eklund-Wennberg-Toffoli,SJS,line,5on5,2,1128.0,4.0,0.32,0.42,0.41,7.7,0.51,0.45,1.91,0.27,4.43,3.44,0.51,0.5,0.5,10.0,1.0,7.0,18.0,0.0,0.0,0.0,3.0,0.0,4.0,4.0,10.0,11.0,0.0,0.0,7.0,2.0,1.0,5.0,9.0,1.0,1.0,0.2,0.1,0.21,0.0,0.0,0.0,17.95,11.0,11.1,2.0,0.09,0.0,0.0,0.6,0.59,0.59,12.01,1.06,0.82,3.16,0.39,6.1,4.47,1.02,1.08,1.05,7.0,9.0,9.0,25.0,1.0,1.0,0.0,0.0,0.0,9.0,5.0,6.0,15.0,0.0,0.0,11.0,9.0,1.0,6.0,11.0,5.0,0.0,0.3,0.76,0.0,0.0,1.0,0.0,24.91,16.0,15.82,4.0,0.17,0.04,0.04,1.19,1.22,1.18
847514984757658478493,2025,Johansson-Eriksson Ek-Tarasenko,MIN,line,5on5,2,753.0,8.0,0.41,0.37,0.38,3.48,0.29,0.26,0.76,0.12,2.1,1.46,0.29,0.3,0.3,5.0,0.0,2.0,7.0,0.0,0.0,0.0,2.0,0.0,1.0,2.0,5.0,5.0,2.0,4.0,7.0,6.0,1.0,3.0,4.0,1.0,0.0,0.17,0.12,0.0,0.0,0.0,0.0,7.11,5.0,5.05,1.0,0.05,0.0,0.0,0.35,0.35,0.35,5.66,0.42,0.31,1.69,0.22,3.16,2.21,0.41,0.41,0.4,6.0,2.0,4.0,12.0,1.0,0.0,0.0,0.0,0.0,2.0,5.0,5.0,7.0,3.0,6.0,10.0,3.0,1.0,1.0,7.0,1.0,0.0,0.27,0.15,0.0,1.0,0.0,0.0,11.76,8.0,7.91,1.0,0.07,0.0,0.0,0.48,0.47,0.47
84752008484806,2025,Orlov-Dickinson,SJS,pairing,5on5,2,825.0,7.0,0.31,0.5,0.38,3.61,0.3,0.27,0.89,0.12,2.01,1.42,0.29,0.29,0.29,4.0,1.0,3.0,8.0,1.0,0.0,0.0,2.0,0.0,2.0,0.0,3.0,4.0,5.0,13.0,8.0,11.0,1.0,9.0,4.0,1.0,0.0,0.13,0.17,0.0,1.0,0.0,0.0,7.86,5.0,5.0,5.0,0.06,0.0,0.0,0.35,0.34,0.34,6.09,0.66,0.42,1.32,0.17,3.14,2.29,0.66,0.71,0.71,6.0,2.0,0.0,8.0,0.0,0.0,0.0,3.0,0.0,1.0,4.0,6.0,8.0,2.0,7.0,4.0,4.0,1.0,5.0,5.0,2.0,1.0,0.15,0.29,0.22,0.0,0.0,0.0,8.45,8.0,8.31,3.0,0.09,0.0,0.0,0.75,0.81,0.8
84769678480834,2025,Kulak-Emberson,EDM,pairing,5on5,3,2219.0,8.0,0.25,0.38,0.38,10.07,0.63,0.55,2.41,0.3,5.87,4.24,0.63,0.65,0.65,8.0,6.0,11.0,25.0,2.0,0.0,0.0,1.0,0.0,5.0,6.0,6.0,12.0,2.0,4.0,12.0,10.0,3.0,9.0,10.0,4.0,0.0,0.13,0.51,0.0,0.0,2.0,0.0,25.88,14.0,14.57,3.0,0.11,0.0,0.0,0.75,0.77,0.77,17.64,1.91,1.18,3.9,0.5,8.79,6.71,1.91,1.89,1.89,13.0,10.0,17.0,40.0,1.0,0.0,0.0,4.0,0.0,10.0,8.0,12.0,22.0,2.0,4.0,9.0,15.0,3.0,14.0,16.0,3.0,4.0,0.52,0.37,1.02,1.0,0.0,0.0,38.99,23.0,22.57,6.0,0.24,0.0,0.0,2.16,2.13,2.13
84751818480043,2025,Leddy-Liljegren,SJS,pairing,5on5,1,785.0,1.0,0.24,0.15,0.14,2.36,0.27,0.15,0.53,0.06,1.2,0.8,0.27,0.25,0.25,1.0,2.0,1.0,4.0,1.0,0.0,0.0,0.0,0.0,2.0,0.0,0.0,2.0,0.0,0.0,8.0,9.0,0.0,5.0,2.0,1.0,0.0,0.07,0.2,0.0,1.0,0.0,0.0,3.83,3.0,2.91,2.0,0.03,0.0,0.0,0.3,0.28,0.28,11.79,0.83,0.79,2.72,0.43,7.8,5.43,0.81,0.91,0.9,10.0,8.0,5.0,23.0,1.0,1.0,0.0,3.0,0.0,11.0,2.0,9.0,17.0,3.0,6.0,7.0,3.0,2.0,7.0,16.0,2.0,0.0,0.62,0.21,0.0,1.0,0.0,0.0,25.51,18.0,19.72,0.0,0.16,0.03,0.03,0.96,1.06,1.04
847584884815238482737,2025,Bolduc-Dach-Gallagher,MTL,line,5on5,4,1896.0,10.0,0.7,0.55,0.59,19.15,2.06,1.21,4.44,0.61,10.05,7.64,2.04,2.15,2.12,21.0,5.0,9.0,35.0,4.0,2.0,1.0,4.0,0.0,3.0,13.0,17.0,22.0,3.0,6.0,14.0,9.0,1.0,9.0,17.0,6.0,3.0,0.47,0.78,0.81,1.0,1.0,2.0,36.97,26.0,27.39,2.0,0.25,0.59,0.59,1.72,1.79,1.79,13.28,0.88,0.77,3.53,0.41,7.35,5.07,0.86,0.85,0.82,11.0,7.0,11.0,29.0,3.0,0.0,0.0,4.0,0.0,6.0,5.0,8.0,15.0,4.0,8.0,22.0,28.0,1.0,9.0,14.0,4.0,0.0,0.35,0.53,0.0,1.0,2.0,0.0,28.25,18.0,17.57,3.0,0.16,0.0,0.0,1.04,1.0,0.98
84752798481542,2025,Chiarot-Seider,DET,pairing,5on5,3,2509.0,4.0,0.59,0.51,0.52,19.47,2.06,1.36,4.72,0.67,10.7,7.48,2.0,1.97,1.92,17.0,10.0,11.0,38.0,2.0,1.0,0.0,2.0,0.0,11.0,11.0,15.0,25.0,3.0,6.0,21.0,25.0,7.0,11.0,15.0,11.0,1.0,0.41,1.3,0.35,0.0,2.0,0.0,37.13,27.0,26.31,4.0,0.29,0.35,0.36,1.98,1.91,1.89,18.48,1.45,1.14,4.4,0.59,9.87,7.55,1.44,1.5,1.48,21.0,4.0,11.0,36.0,3.0,1.0,0.0,4.0,0.0,5.0,12.0,18.0,22.0,3.0,6.0,34.0,16.0,3.0,19.0,19.0,5.0,1.0,0.58,0.56,0.32,1.0,1.0,1.0,36.32,25.0,25.26,10.0,0.23,0.1,0.1,1.59,1.65,1.63
848018884808018482116,2025,Zetterlund-Sttzle-Tkachuk,OTT,line,5on5,3,1526.0,6.0,0.67,0.6,0.57,17.81,1.4,1.08,5.05,0.55,9.26,6.66,1.35,1.41,1.36,18.0,6.0,15.0,39.0,1.0,1.0,0.0,8.0,1.0,5.0,8.0,17.0,23.0,2.0,4.0,23.0,18.0,2.0,7.0,20.0,3.0,1.0,0.63,0.49,0.29,1.0,0.0,0.0,37.74,24.0,23.38,4.0,0.23,0.29,0.29,1.34,1.34,1.33,13.21,0.7,0.78,3.66,0.44,7.09,5.32,0.7,0.71,0.71,13.0,5.0,8.0,26.0,0.0,3.0,0.0,1.0,0.0,8.0,6.0,13.0,18.0,4.0,8.0,9.0,14.0,2.0,6.0,16.0,2.0,0.0,0.52,0.18,0.0,0.0,0.0,0.0,27.22,18.0,18.8,2.0,0.16,0.18,0.18,0.68,0.69,0.69
847414184793378483464,2025,Debrincat-Kasper-Kane,DET,line,5on5,3,1773.0,5.0,0.67,0.63,0.66,19.71,1.55,1.25,4.67,0.69,12.39,8.45,1.51,1.47,1.44,22.0,7.0,7.0,36.0,2.0,1.0,0.0,2.0,0.0,17.0,7.0,20.0,27.0,1.0,2.0,12.0,11.0,4.0,8.0,24.0,4.0,1.0,0.76,0.46,0.33,1.0,1.0,0.0,33.72,29.0,27.39,2.0,0.25,0.14,0.14,1.66,1.58,1.55,10.9,0.78,0.61,2.94,0.35,6.1,4.22,0.77,0.78,0.78,11.0,4.0,6.0,21.0,2.0,0.0,0.0,4.0,0.0,3.0,6.0,9.0,13.0,1.0,2.0,15.0,10.0,2.0,10.0,11.0,4.0,0.0,0.26,0.52,0.0,0.0,2.0,0.0,21.36,15.0,15.02,4.0,0.13,0.0,0.0,0.91,0.91,0.91
84815988482733,2025,Broberg-Mailloux,STL,pairing,5on5,3,788.0,16.0,0.79,0.5,0.56,3.69,0.4,0.26,0.71,0.11,2.01,1.51,0.39,0.43,0.42,3.0,2.0,2.0,7.0,0.0,0.0,0.0,1.0,0.0,2.0,2.0,3.0,5.0,1.0,2.0,4.0,7.0,1.0,6.0,3.0,2.0,0.0,0.15,0.25,0.0,0.0,0.0,0.0,7.7,5.0,5.43,1.0,0.06,0.0,0.0,0.45,0.49,0.48,2.89,0.11,0.14,0.83,0.09,1.59,1.24,0.11,0.1,0.1,4.0,0.0,3.0,7.0,0.0,0.0,0.0,1.0,0.0,2.0,1.0,4.0,4.0,1.0,2.0,2.0,18.0,1.0,6.0,4.0,0.0,0.0,0.11,0.0,0.0,0.0,0.0,0.0,6.59,4.0,3.77,2.0,0.03,0.0,0.0,0.13,0.12,0.12
84763318477504,2025,Morrissey-Demelo,WPG,pairing,5on5,3,2251.0,4.0,0.54,0.49,0.47,14.8,1.37,0.99,3.7,0.46,7.95,5.53,1.33,1.33,1.3,16.0,4.0,10.0,30.0,0.0,2.0,0.0,5.0,0.0,5.0,8.0,16.0,20.0,4.0,8.0,18.0,21.0,6.0,17.0,15.0,3.0,2.0,0.44,0.35,0.58,0.0,0.0,0.0,29.04,20.0,19.86,6.0,0.2,0.58,0.58,1.0,0.96,0.93,16.99,1.16,1.0,3.97,0.5,9.21,7.15,1.15,1.17,1.16,19.0,4.0,8.0,31.0,1.0,1.0,0.0,4.0,0.0,8.0,9.0,18.0,22.0,0.0,0.0,24.0,14.0,5.0,6.0,16.0,7.0,0.0,0.33,0.82,0.0,1.0,0.0,0.0,31.05,23.0,23.01,6.0,0.2,0.16,0.16,1.2,1.22,1.21
847522084757658478493,2025,Foligno-Eriksson Ek-Tarasenko,MIN,line,5on5,2,1046.0,5.0,0.38,0.59,0.67,8.98,0.25,0.43,2.76,0.32,4.64,3.6,0.24,0.24,0.23,9.0,3.0,8.0,20.0,0.0,1.0,0.0,1.0,0.0,6.0,4.0,9.0,12.0,1.0,2.0,8.0,5.0,2.0,2.0,11.0,1.0,0.0,0.14,0.1,0.0,0.0,0.0,0.0,21.42,12.0,12.2,1.0,0.09,0.03,0.03,0.31,0.3,0.29,3.87,0.4,0.32,0.91,0.16,2.5,1.7,0.4,0.38,0.38,4.0,2.0,8.0,14.0,0.0,0.0,0.0,1.0,0.0,3.0,2.0,4.0,6.0,2.0,4.0,15.0,9.0,1.0,5.0,4.0,1.0,1.0,0.08,0.09,0.23,0.0,0.0,0.0,13.72,6.0,5.65,3.0,0.07,0.0,0.0,0.47,0.45,0.44
847360484801138482787,2025,Iafallo-Toews-Chibrikov,WPG,line,5on5,3,827.0,10.0,0.39,0.38,0.32,4.34,0.38,0.28,1.14,0.14,2.44,1.62,0.37,0.37,0.37,3.0,3.0,5.0,11.0,0.0,0.0,0.0,0.0,0.0,2.0,4.0,3.0,6.0,0.0,0.0,9.0,9.0,2.0,8.0,4.0,2.0,0.0,0.12,0.25,0.0,0.0,0.0,0.0,10.43,6.0,6.01,4.0,0.06,0.0,0.0,0.44,0.43,0.43,9.19,0.59,0.58,2.32,0.29,5.33,3.88,0.59,0.65,0.64,8.0,5.0,5.0,18.0,1.0,1.0,0.0,2.0,0.0,1.0,8.0,7.0,12.0,1.0,2.0,5.0,12.0,2.0,3.0,11.0,2.0,0.0,0.33,0.26,0.0,1.0,0.0,0.0,18.48,13.0,13.37,3.0,0.12,0.15,0.15,0.56,0.6,0.6
847747684774928480039,2025,Lehkonen-Mackinnon-Necas,COL,line,5on5,4,2758.0,4.0,0.6,0.54,0.49,26.26,2.88,1.76,6.22,0.86,13.54,9.76,2.7,2.93,2.76,23.0,12.0,21.0,56.0,5.0,3.0,1.0,3.0,0.0,12.0,12.0,18.0,30.0,4.0,11.0,36.0,11.0,2.0,27.0,22.0,9.0,4.0,0.58,1.16,1.14,2.0,2.0,1.0,58.1,35.0,36.61,12.0,0.37,0.93,0.93,2.31,2.36,2.24,26.92,1.88,1.53,7.6,0.93,14.43,10.62,1.85,1.8,1.77,22.0,15.0,10.0,47.0,0.0,2.0,0.0,9.0,0.0,14.0,12.0,22.0,37.0,7.0,17.0,23.0,19.0,4.0,19.0,30.0,5.0,2.0,0.76,0.61,0.51,0.0,0.0,0.0,45.2,37.0,35.71,12.0,0.32,0.51,0.51,1.69,1.62,1.62
84735078484304,2025,Balinskis-Petry,FLA,pairing,5on5,2,1362.0,4.0,0.26,0.33,0.38,6.46,0.24,0.3,2.12,0.25,3.5,2.58,0.24,0.24,0.24,6.0,3.0,2.0,11.0,1.0,0.0,0.0,2.0,0.0,3.0,3.0,5.0,8.0,3.0,6.0,11.0,18.0,0.0,11.0,9.0,0.0,0.0,0.24,0.0,0.0,1.0,0.0,0.0,11.43,9.0,9.04,8.0,0.06,0.0,0.0,0.3,0.31,0.31,10.95,0.68,0.62,2.44,0.32,5.9,5.03,0.68,0.67,0.66,8.0,7.0,7.0,22.0,2.0,0.0,0.0,0.0,0.0,8.0,5.0,6.0,13.0,3.0,6.0,11.0,6.0,4.0,9.0,11.0,4.0,0.0,0.29,0.39,0.0,0.0,2.0,0.0,20.91,15.0,14.62,5.0,0.13,0.0,0.0,0.81,0.79,0.78
84763128484258,2025,Manson-Malinski,COL,pairing,5on5,4,1413.0,15.0,0.47,0.59,0.62,12.97,0.78,0.86,3.79,0.44,7.24,4.89,0.77,0.78,0.77,12.0,6.0,12.0,30.0,1.0,0.0,0.0,3.0,0.0,9.0,5.0,11.0,17.0,3.0,9.0,13.0,15.0,1.0,9.0,14.0,4.0,0.0,0.36,0.43,0.0,1.0,0.0,0.0,31.16,18.0,18.4,5.0,0.18,0.0,0.0,0.96,0.96,0.94,8.21,0.89,0.51,1.77,0.23,4.25,3.35,0.87,0.89,0.88,9.0,2.0,10.0,21.0,0.0,1.0,0.0,4.0,0.0,3.0,3.0,9.0,11.0,4.0,11.0,9.0,14.0,1.0,12.0,7.0,3.0,1.0,0.14,0.46,0.29,0.0,0.0,0.0,20.05,11.0,10.74,4.0,0.11,0.29,0.29,0.7,0.69,0.69
84774958478859,2025,Mikkola-Jones,FLA,pairing,5on5,4,3004.0,7.0,0.52,0.52,0.51,25.12,2.11,1.76,5.98,0.76,13.17,9.23,2.06,2.09,2.05,23.0,10.0,20.0,53.0,0.0,2.0,0.0,9.0,0.0,11.0,11.0,23.0,33.0,3.0,6.0,18.0,27.0,6.0,18.0,24.0,8.0,1.0,0.74,1.11,0.26,0.0,0.0,0.0,53.53,33.0,33.0,13.0,0.36,0.18,0.18,2.29,2.27,2.23,22.33,1.92,1.43,5.35,0.77,12.91,9.63,1.87,1.97,1.92,20.0,12.0,17.0,49.0,2.0,1.0,0.0,2.0,2.0,16.0,9.0,18.0,30.0,7.0,16.0,36.0,29.0,6.0,17.0,23.0,9.0,0.0,0.74,1.18,0.0,0.0,2.0,0.0,49.46,32.0,32.48,10.0,0.29,0.01,0.01,2.2,2.25,2.19
84778458479345,2025,Chychrun-Van Riemsdyk,WSH,pairing,5on5,3,2242.0,5.0,0.43,0.44,0.38,13.37,1.32,0.8,3.51,0.43,7.04,4.9,1.25,1.43,1.36,12.0,6.0,7.0,25.0,2.0,0.0,0.0,4.0,0.0,2.0,10.0,10.0,16.0,3.0,6.0,19.0,22.0,2.0,9.0,11.0,5.0,2.0,0.36,0.52,0.44,1.0,1.0,0.0,27.5,18.0,19.21,5.0,0.17,0.0,0.0,1.49,1.61,1.53,22.36,1.73,1.39,6.11,0.7,10.88,8.2,1.7,1.78,1.74,16.0,13.0,3.0,32.0,0.0,4.0,0.0,4.0,0.0,8.0,13.0,16.0,29.0,5.0,10.0,24.0,12.0,2.0,13.0,23.0,5.0,1.0,0.73,0.69,0.31,0.0,0.0,0.0,32.34,29.0,29.15,6.0,0.29,0.73,0.73,1.29,1.33,1.32
84746008482482,2025,Josi-Wilsby,NSH,pairing,5on5,4,3551.0,7.0,0.49,0.47,0.45,25.33,2.7,1.84,5.83,0.84,14.05,9.73,2.61,2.67,2.58,26.0,9.0,20.0,55.0,2.0,5.0,0.0,8.0,0.0,11.0,9.0,24.0,33.0,5.0,10.0,28.0,24.0,4.0,17.0,25.0,7.0,3.0,0.76,1.11,0.83,1.0,1.0,0.0,54.42,35.0,35.11,7.0,0.38,0.92,0.92,2.16,2.13,2.12,31.77,2.79,1.87,8.53,1.08,15.78,11.95,2.66,2.81,2.68,28.0,14.0,20.0,62.0,4.0,4.0,1.0,9.0,0.0,11.0,14.0,24.0,38.0,4.0,8.0,40.0,33.0,3.0,17.0,32.0,8.0,2.0,0.98,1.22,0.6,1.0,1.0,2.0,62.01,42.0,41.99,7.0,0.39,0.71,0.71,2.47,2.5,2.42
847575484764558477501,2025,Landeskog-Nelson-Nichushkin,COL,line,5on5,4,1977.0,10.0,0.41,0.54,0.53,19.64,1.35,1.29,4.8,0.66,12.1,8.79,1.32,1.34,1.32,17.0,12.0,9.0,38.0,1.0,0.0,0.0,2.0,0.0,16.0,10.0,16.0,28.0,2.0,4.0,16.0,12.0,3.0,12.0,21.0,8.0,0.0,0.6,0.76,0.0,0.0,1.0,0.0,38.7,29.0,29.39,7.0,0.27,0.0,0.0,1.62,1.61,1.58,19.62,1.95,1.34,5.04,0.61,9.85,7.21,1.81,1.93,1.8,20.0,6.0,6.0,32.0,1.0,4.0,0.0,7.0,0.0,11.0,3.0,19.0,25.0,2.0,4.0,17.0,15.0,2.0,16.0,18.0,5.0,3.0,0.55,0.67,0.74,0.0,1.0,0.0,31.3,26.0,25.42,11.0,0.28,0.76,0.76,1.47,1.45,1.39
847752784800688481754,2025,Johnston-Poehling-Nesterenko,ANA,line,5on5,2,758.0,7.0,0.27,0.5,0.43,2.16,0.09,0.14,0.83,0.07,1.13,0.74,0.09,0.09,0.09,0.0,3.0,2.0,5.0,0.0,0.0,0.0,1.0,0.0,2.0,0.0,0.0,3.0,1.0,5.0,3.0,10.0,0.0,4.0,3.0,0.0,0.0,0.09,0.0,0.0,0.0,0.0,0.0,4.91,3.0,2.98,1.0,0.03,0.0,0.0,0.12,0.12,0.12,3.05,0.25,0.2,0.85,0.09,1.54,1.07,0.25,0.26,0.26,4.0,0.0,1.0,5.0,1.0,0.0,0.0,1.0,0.0,1.0,1.0,3.0,3.0,2.0,7.0,8.0,7.0,1.0,2.0,3.0,0.0,1.0,0.04,0.0,0.21,0.0,0.0,1.0,5.46,4.0,4.4,2.0,0.04,0.0,0.0,0.29,0.3,0.3
84772208480434,2025,Schmidt-Durzi,UTA,pairing,5on5,2,1086.0,2.0,0.59,0.49,0.56,10.65,0.99,0.6,2.92,0.3,5.21,3.97,0.98,1.02,1.01,10.0,4.0,3.0,17.0,0.0,1.0,0.0,4.0,0.0,3.0,6.0,10.0,14.0,1.0,2.0,4.0,9.0,1.0,13.0,10.0,3.0,1.0,0.24,0.46,0.29,0.0,0.0,0.0,17.2,14.0,14.1,5.0,0.12,0.29,0.29,0.83,0.84,0.84,7.8,0.68,0.47,1.91,0.28,4.31,3.35,0.68,0.68,0.67,8.0,3.0,7.0,18.0,1.0,1.0,0.0,1.0,0.0,4.0,4.0,7.0,10.0,4.0,8.0,14.0,8.0,4.0,7.0,7.0,3.0,1.0,0.17,0.29,0.22,0.0,1.0,0.0,17.96,11.0,11.15,3.0,0.1,0.04,0.04,0.74,0.73,0.73
84789708480817,2025,Miller-Chatfield,CAR,pairing,5on5,2,1840.0,2.0,0.59,0.55,0.6,15.43,0.88,0.88,4.22,0.53,8.48,6.01,0.87,0.86,0.85,12.0,9.0,7.0,28.0,2.0,0.0,0.0,2.0,0.0,8.0,9.0,10.0,19.0,3.0,6.0,21.0,16.0,1.0,12.0,19.0,2.0,0.0,0.62,0.26,0.0,2.0,0.0,0.0,27.61,21.0,20.82,6.0,0.18,0.0,0.0,1.06,1.04,1.02,9.3,0.61,0.68,2.6,0.39,5.52,4.2,0.59,0.63,0.62,9.0,5.0,9.0,23.0,0.0,1.0,0.0,1.0,0.0,6.0,6.0,9.0,14.0,4.0,8.0,18.0,14.0,4.0,19.0,12.0,2.0,0.0,0.31,0.3,0.0,0.0,0.0,0.0,23.48,14.0,14.17,6.0,0.14,0.03,0.03,0.72,0.75,0.74
84789118480873,2025,Sandin-Roy,WSH,pairing,5on5,4,3288.0,7.0,0.45,0.38,0.34,18.17,2.23,1.0,4.59,0.58,8.5,7.09,1.97,2.28,2.02,13.0,11.0,14.0,38.0,0.0,3.0,0.0,6.0,0.0,7.0,8.0,13.0,24.0,3.0,6.0,25.0,27.0,7.0,16.0,15.0,5.0,4.0,0.33,0.66,1.24,0.0,0.0,0.0,38.97,24.0,24.61,6.0,0.21,0.77,0.77,1.67,1.75,1.68,33.17,2.78,2.04,8.05,1.13,18.1,13.91,2.57,2.69,2.48,28.0,18.0,16.0,62.0,0.0,2.0,0.0,6.0,0.0,17.0,21.0,28.0,46.0,2.0,4.0,27.0,28.0,2.0,12.0,35.0,9.0,2.0,1.09,1.1,0.6,0.0,0.0,0.0,59.46,46.0,44.72,4.0,0.42,0.56,0.6,2.6,2.52,2.41
84794028481167,2025,Bean-Pachal,CGY,pairing,5on5,2,1044.0,6.0,0.45,0.52,0.61,7.41,0.25,0.39,2.36,0.29,4.4,3.3,0.25,0.26,0.26,4.0,7.0,3.0,14.0,0.0,0.0,0.0,1.0,0.0,6.0,4.0,4.0,11.0,3.0,6.0,7.0,13.0,0.0,6.0,11.0,0.0,0.0,0.25,0.0,0.0,0.0,0.0,0.0,14.12,11.0,11.11,5.0,0.08,0.0,0.0,0.33,0.34,0.34,4.72,0.31,0.33,1.56,0.19,2.73,1.87,0.31,0.31,0.31,3.0,4.0,6.0,13.0,1.0,0.0,0.0,2.0,0.0,2.0,2.0,2.0,6.0,0.0,0.0,9.0,6.0,2.0,8.0,6.0,1.0,0.0,0.18,0.13,0.0,1.0,0.0,0.0,13.16,7.0,7.16,1.0,0.07,0.0,0.0,0.38,0.39,0.39
847740484785198482201,2025,Guentzel-Cirelli-Goncalves,TBL,line,5on5,3,1349.0,15.0,0.39,0.29,0.31,6.28,0.89,0.55,1.18,0.17,3.12,2.09,0.84,0.97,0.92,6.0,2.0,2.0,10.0,3.0,1.0,0.0,1.0,0.0,1.0,2.0,3.0,5.0,1.0,2.0,15.0,4.0,5.0,9.0,4.0,2.0,2.0,0.15,0.28,0.45,1.0,1.0,1.0,11.01,8.0,8.85,3.0,0.12,0.14,0.14,0.86,0.94,0.9,13.23,1.38,0.84,4.14,0.5,6.65,4.49,1.23,1.27,1.13,11.0,7.0,6.0,24.0,2.0,3.0,0.0,1.0,0.0,6.0,6.0,9.0,16.0,0.0,0.0,15.0,12.0,2.0,5.0,13.0,3.0,2.0,0.41,0.4,0.57,2.0,0.0,0.0,22.22,18.0,16.85,2.0,0.18,0.68,0.68,0.88,0.82,0.78
84815638483490,2025,Mintyukov-Helleson,ANA,pairing,5on5,3,2231.0,8.0,0.39,0.47,0.44,16.68,1.21,1.01,4.35,0.57,9.93,6.93,1.2,1.19,1.18,15.0,9.0,11.0,35.0,2.0,1.0,0.0,2.0,0.0,11.0,8.0,13.0,22.0,1.0,2.0,16.0,17.0,0.0,7.0,21.0,2.0,1.0,0.56,0.3,0.35,2.0,0.0,0.0,34.61,24.0,23.74,3.0,0.2,0.35,0.35,1.06,1.06,1.05,22.59,1.86,1.53,4.79,0.69,12.91,9.22,1.84,1.89,1.86,23.0,8.0,8.0,39.0,3.0,0.0,0.0,5.0,0.0,11.0,12.0,20.0,28.0,3.0,6.0,20.0,17.0,3.0,10.0,22.0,7.0,2.0,0.65,0.79,0.42,1.0,1.0,1.0,40.25,31.0,32.22,6.0,0.32,0.0,0.0,2.18,2.21,2.18
84756908476931,2025,Mccabe-Tanev,TOR,pairing,5on5,4,3498.0,5.0,0.45,0.46,0.44,20.17,2.03,1.37,4.76,0.6,10.55,7.69,2.02,2.05,2.03,20.0,7.0,19.0,46.0,3.0,1.0,0.0,5.0,0.0,4.0,14.0,17.0,24.0,1.0,2.0,27.0,18.0,4.0,20.0,19.0,5.0,3.0,0.61,0.64,0.78,1.0,0.0,2.0,46.36,27.0,27.51,13.0,0.29,0.26,0.26,2.07,2.09,2.08,26.06,2.53,1.85,6.73,0.85,13.3,9.74,2.36,2.59,2.41,20.0,15.0,20.0,55.0,1.0,2.0,0.0,5.0,0.0,16.0,11.0,19.0,34.0,3.0,6.0,29.0,28.0,6.0,17.0,22.0,9.0,4.0,0.57,1.04,0.92,0.0,1.0,0.0,55.33,35.0,35.03,12.0,0.39,0.27,0.27,2.65,2.71,2.62
84827628484223,2025,Edvinsson-Sandin-Pellikka,DET,pairing,5on5,3,2851.0,5.0,0.48,0.57,0.58,21.14,1.54,1.4,5.07,0.74,13.12,9.12,1.52,1.44,1.42,17.0,14.0,18.0,49.0,0.0,0.0,0.0,2.0,0.0,16.0,13.0,17.0,31.0,4.0,8.0,20.0,21.0,5.0,13.0,24.0,7.0,0.0,0.77,0.77,0.0,0.0,0.0,0.0,45.69,31.0,28.96,4.0,0.29,0.0,0.0,1.82,1.71,1.68,16.61,1.64,1.1,4.31,0.55,8.49,5.92,1.62,1.6,1.58,16.0,6.0,15.0,37.0,2.0,2.0,0.0,4.0,0.0,7.0,7.0,14.0,20.0,7.0,14.0,23.0,30.0,4.0,12.0,17.0,2.0,3.0,0.54,0.36,0.73,1.0,0.0,1.0,39.4,22.0,22.21,5.0,0.23,0.52,0.52,1.35,1.35,1.35
84757538481598,2025,Broberg-Faulk,STL,pairing,5on5,3,2075.0,7.0,0.41,0.45,0.49,12.52,0.79,0.84,3.04,0.42,7.39,5.51,0.78,0.79,0.78,10.0,8.0,7.0,25.0,0.0,0.0,0.0,1.0,0.0,6.0,11.0,10.0,18.0,4.0,8.0,19.0,21.0,2.0,9.0,16.0,1.0,1.0,0.38,0.18,0.23,0.0,0.0,0.0,24.65,18.0,17.61,7.0,0.17,0.0,0.0,0.96,0.95,0.93,14.01,1.14,0.82,3.24,0.42,7.78,5.6,1.13,1.12,1.11,14.0,5.0,12.0,31.0,0.0,1.0,0.0,3.0,0.0,8.0,7.0,14.0,19.0,2.0,4.0,18.0,8.0,4.0,10.0,15.0,3.0,1.0,0.33,0.42,0.39,0.0,0.0,0.0,32.47,19.0,19.41,5.0,0.17,0.39,0.39,0.92,0.9,0.9
847515184753148478445,2025,Lee-Barzal-Palmieri,NYI,line,5on5,3,1329.0,15.0,0.66,0.65,0.69,16.49,1.63,1.11,4.23,0.5,8.35,6.17,1.54,1.61,1.52,16.0,6.0,8.0,30.0,1.0,2.0,0.0,0.0,0.0,9.0,10.0,15.0,21.0,0.0,0.0,11.0,7.0,1.0,7.0,17.0,3.0,2.0,0.5,0.45,0.68,1.0,0.0,0.0,28.47,22.0,21.08,5.0,0.24,0.59,0.59,1.28,1.27,1.26,8.0,0.83,0.45,2.0,0.21,3.54,2.96,0.83,0.91,0.91,8.0,2.0,6.0,16.0,1.0,0.0,0.0,2.0,0.0,2.0,5.0,7.0,9.0,2.0,4.0,11.0,7.0,4.0,7.0,6.0,3.0,1.0,0.11,0.48,0.24,0.0,1.0,0.0,16.91,10.0,10.55,2.0,0.1,0.0,0.0,0.93,1.01,1.01
84757908483485,2025,Mateychuk-Gudbranson,CBJ,pairing,5on5,2,972.0,6.0,0.39,0.44,0.4,6.62,0.78,0.5,1.43,0.26,3.82,3.2,0.77,0.83,0.81,9.0,1.0,4.0,14.0,0.0,1.0,0.0,1.0,0.0,2.0,6.0,9.0,10.0,1.0,2.0,7.0,12.0,2.0,7.0,8.0,1.0,1.0,0.3,0.14,0.34,0.0,0.0,0.0,14.87,10.0,10.63,4.0,0.1,0.34,0.34,0.54,0.58,0.56,10.95,1.24,0.78,2.48,0.39,5.64,4.48,1.22,1.16,1.14,8.0,7.0,3.0,18.0,1.0,1.0,0.0,4.0,0.0,4.0,5.0,7.0,14.0,2.0,4.0,4.0,10.0,2.0,8.0,9.0,4.0,2.0,0.23,0.46,0.54,1.0,0.0,0.0,17.06,15.0,14.21,5.0,0.16,0.31,0.31,1.09,1.03,1.01
84768748479410,2025,Sergachev-Mtt,UTA,pairing,5on5,2,600.0,18.0,0.49,0.69,0.57,3.06,0.25,0.2,0.82,0.1,1.53,1.1,0.25,0.27,0.27,2.0,2.0,5.0,9.0,0.0,0.0,0.0,1.0,0.0,1.0,2.0,2.0,4.0,0.0,0.0,3.0,5.0,0.0,3.0,2.0,2.0,0.0,0.03,0.22,0.0,0.0,0.0,0.0,9.23,4.0,4.12,2.0,0.04,0.0,0.0,0.29,0.31,0.31,2.11,0.26,0.14,0.45,0.06,1.19,0.9,0.26,0.25,0.25,1.0,2.0,1.0,4.0,0.0,0.0,0.0,0.0,0.0,2.0,1.0,1.0,3.0,2.0,4.0,7.0,6.0,0.0,0.0,1.0,2.0,0.0,0.01,0.25,0.0,0.0,0.0,0.0,3.99,3.0,2.98,0.0,0.03,0.0,0.0,0.29,0.28,0.28
847646984815328482408,2025,Malott-Turcotte-Armia,LAK,line,5on5,4,894.0,20.0,0.82,0.62,0.65,7.71,0.72,0.55,1.89,0.26,4.43,3.15,0.71,0.74,0.73,7.0,4.0,5.0,16.0,1.0,1.0,0.0,1.0,0.0,6.0,2.0,6.0,10.0,1.0,5.0,9.0,15.0,1.0,2.0,8.0,2.0,1.0,0.3,0.2,0.23,0.0,0.0,1.0,15.81,11.0,11.17,1.0,0.12,0.04,0.04,0.8,0.82,0.81,4.15,0.16,0.24,1.18,0.12,2.49,1.8,0.16,0.16,0.16,6.0,0.0,4.0,10.0,1.0,0.0,0.0,1.0,0.0,2.0,2.0,5.0,5.0,1.0,5.0,6.0,14.0,0.0,3.0,6.0,0.0,0.0,0.16,0.0,0.0,1.0,0.0,0.0,9.84,6.0,6.14,1.0,0.05,0.0,0.0,0.21,0.21,0.21
84751888477447,2025,Theodore-Mcnabb,VGK,pairing,5on5,4,3882.0,5.0,0.55,0.57,0.54,31.23,2.44,1.88,7.9,0.99,16.3,12.48,2.37,2.46,2.39,28.0,14.0,28.0,70.0,0.0,2.0,0.0,5.0,0.0,16.0,19.0,28.0,42.0,1.0,2.0,41.0,18.0,4.0,20.0,30.0,11.0,1.0,0.83,1.41,0.21,0.0,0.0,0.0,70.15,42.0,41.88,7.0,0.39,0.2,0.2,2.63,2.64,2.61,26.29,2.02,1.47,6.94,0.91,14.12,10.53,2.0,2.03,2.01,23.0,13.0,17.0,53.0,2.0,1.0,0.0,8.0,0.0,6.0,19.0,21.0,34.0,2.0,4.0,29.0,27.0,3.0,19.0,30.0,2.0,4.0,0.68,0.28,1.06,1.0,0.0,1.0,53.93,36.0,36.57,11.0,0.3,0.41,0.41,1.92,1.94,1.92
847410284780208481528,2025,Perron-Cozens-Amadio,OTT,line,5on5,3,1337.0,8.0,0.74,0.63,0.69,13.32,0.89,0.78,3.38,0.39,7.28,5.29,0.88,0.86,0.86,14.0,4.0,4.0,22.0,0.0,1.0,0.0,6.0,0.0,8.0,3.0,14.0,18.0,2.0,4.0,13.0,18.0,3.0,8.0,15.0,2.0,1.0,0.33,0.3,0.26,0.0,0.0,0.0,20.85,18.0,17.18,3.0,0.16,0.19,0.19,0.86,0.83,0.82,5.81,0.31,0.31,1.65,0.19,3.13,2.41,0.31,0.31,0.31,6.0,2.0,5.0,13.0,0.0,0.0,0.0,0.0,0.0,6.0,2.0,6.0,8.0,4.0,8.0,10.0,15.0,1.0,10.0,8.0,0.0,0.0,0.31,0.0,0.0,0.0,0.0,0.0,13.75,8.0,8.27,7.0,0.06,0.0,0.0,0.37,0.38,0.37
84821318484321,2025,Sebrango-Matinpalo,OTT,pairing,5on5,2,1503.0,5.0,0.4,0.49,0.45,6.54,0.33,0.31,1.67,0.2,3.49,3.01,0.33,0.32,0.32,5.0,4.0,11.0,20.0,0.0,0.0,0.0,2.0,0.0,1.0,6.0,5.0,9.0,1.0,5.0,11.0,15.0,4.0,8.0,7.0,2.0,0.0,0.11,0.21,0.0,0.0,0.0,0.0,19.04,9.0,8.63,3.0,0.06,0.0,0.0,0.39,0.38,0.38,7.77,0.49,0.43,2.17,0.27,4.56,3.07,0.48,0.49,0.48,11.0,0.0,10.0,21.0,1.0,2.0,0.0,1.0,0.0,5.0,2.0,10.0,10.0,2.0,7.0,8.0,27.0,1.0,5.0,8.0,3.0,0.0,0.22,0.27,0.0,1.0,0.0,0.0,22.06,11.0,11.28,1.0,0.09,0.11,0.11,0.48,0.48,0.46
84820878483457,2025,Hutson-Guhle,MTL,pairing,5on5,4,2953.0,7.0,0.42,0.44,0.38,14.22,1.18,0.86,3.42,0.45,8.11,5.98,1.17,1.24,1.24,12.0,8.0,16.0,36.0,3.0,1.0,0.0,1.0,0.0,6.0,9.0,9.0,17.0,1.0,2.0,25.0,27.0,2.0,14.0,16.0,4.0,0.0,0.61,0.57,0.0,2.0,1.0,0.0,38.0,20.0,21.13,8.0,0.18,0.36,0.0,1.35,1.43,1.42,21.94,1.61,1.4,6.06,0.81,13.84,9.27,1.59,1.53,1.5,22.0,11.0,13.0,46.0,2.0,2.0,0.0,7.0,0.0,12.0,10.0,20.0,31.0,1.0,2.0,23.0,32.0,5.0,9.0,27.0,5.0,1.0,0.74,0.66,0.2,1.0,1.0,0.0,44.2,33.0,31.65,6.0,0.28,0.21,0.21,1.68,1.61,1.59
847931884827208484158,2025,Knies-Matthews-Cowan,TOR,line,5on5,2,1270.0,2.0,0.67,0.59,0.64,13.61,1.26,1.07,3.54,0.44,6.73,4.95,1.24,1.2,1.18,16.0,2.0,6.0,24.0,1.0,2.0,0.0,4.0,0.0,3.0,8.0,15.0,17.0,1.0,2.0,12.0,10.0,0.0,7.0,12.0,5.0,1.0,0.43,0.57,0.26,0.0,1.0,0.0,23.09,18.0,17.23,3.0,0.23,0.36,0.36,1.13,1.09,1.08,7.62,0.62,0.42,1.94,0.22,3.92,2.88,0.62,0.65,0.65,3.0,7.0,7.0,17.0,0.0,0.0,0.0,2.0,0.0,2.0,6.0,3.0,10.0,2.0,4.0,7.0,11.0,2.0,13.0,8.0,0.0,2.0,0.17,0.0,0.45,0.0,0.0,0.0,16.88,10.0,10.01,8.0,0.09,0.0,0.0,0.71,0.73,0.73
847121484784408481580,2025,Ovechkin-Strome-Mcmichael,WSH,line,5on5,2,779.0,9.0,0.54,0.49,0.43,6.0,0.52,0.47,1.8,0.27,3.49,2.46,0.52,0.57,0.56,4.0,5.0,8.0,17.0,1.0,0.0,0.0,2.0,0.0,3.0,3.0,3.0,8.0,0.0,0.0,10.0,7.0,3.0,5.0,6.0,3.0,0.0,0.19,0.33,0.0,0.0,1.0,0.0,18.25,9.0,9.69,3.0,0.1,0.0,0.0,0.62,0.67,0.67,8.59,0.44,0.52,2.31,0.29,4.88,3.56,0.43,0.41,0.41,5.0,7.0,6.0,18.0,0.0,1.0,0.0,1.0,0.0,5.0,5.0,5.0,12.0,0.0,0.0,9.0,4.0,0.0,6.0,10.0,2.0,0.0,0.24,0.19,0.0,0.0,0.0,0.0,16.54,12.0,11.23,5.0,0.11,0.02,0.02,0.52,0.49,0.49
84768858482803,2025,Zellweger-Trouba,ANA,pairing,5on5,3,2568.0,5.0,0.67,0.67,0.62,38.13,4.38,2.83,9.57,1.4,18.49,13.33,4.01,4.43,4.06,30.0,20.0,24.0,74.0,2.0,7.0,0.0,8.0,0.0,21.0,12.0,28.0,48.0,2.0,7.0,22.0,19.0,2.0,10.0,30.0,16.0,4.0,0.92,2.49,0.97,0.0,1.0,1.0,73.0,50.0,49.49,3.0,0.6,1.39,1.21,3.78,3.82,3.71,23.08,2.14,1.68,6.32,0.77,11.67,8.41,2.01,2.19,2.06,22.0,9.0,6.0,37.0,3.0,3.0,0.0,5.0,0.0,11.0,9.0,19.0,28.0,5.0,13.0,19.0,30.0,3.0,12.0,23.0,5.0,3.0,0.71,0.63,0.8,1.0,1.0,1.0,38.11,31.0,32.02,5.0,0.36,0.58,0.58,1.92,1.97,1.93
84768568477365,2025,Clifton-Dumba,PIT,pairing,5on5,1,691.0,3.0,0.82,0.61,0.65,8.73,0.87,0.69,2.13,0.34,5.14,3.82,0.85,0.91,0.89,8.0,5.0,4.0,17.0,0.0,1.0,0.0,2.0,0.0,7.0,3.0,8.0,13.0,1.0,2.0,3.0,9.0,1.0,3.0,8.0,4.0,1.0,0.21,0.46,0.2,0.0,0.0,0.0,17.79,13.0,13.64,2.0,0.14,0.01,0.01,1.0,1.05,1.03,4.96,0.19,0.27,1.41,0.15,2.88,2.11,0.19,0.18,0.18,3.0,4.0,4.0,11.0,0.0,0.0,0.0,1.0,0.0,2.0,4.0,3.0,7.0,0.0,0.0,10.0,8.0,0.0,4.0,7.0,0.0,0.0,0.19,0.0,0.0,0.0,0.0,0.0,10.62,7.0,6.74,2.0,0.06,0.0,0.0,0.25,0.23,0.23
847897584800098483524,2025,Marchment-Wright-Tolvanen,SEA,line,5on5,3,670.0,24.0,0.31,0.55,0.4,3.02,0.23,0.17,0.78,0.1,1.58,1.14,0.23,0.23,0.23,1.0,3.0,8.0,12.0,0.0,0.0,0.0,1.0,0.0,2.0,1.0,1.0,4.0,0.0,0.0,8.0,10.0,0.0,4.0,3.0,1.0,0.0,0.08,0.14,0.0,0.0,0.0,0.0,11.83,4.0,4.02,2.0,0.03,0.0,0.0,0.26,0.26,0.26,4.31,0.5,0.29,0.95,0.14,2.46,1.64,0.5,0.51,0.51,4.0,2.0,4.0,10.0,1.0,0.0,0.0,1.0,0.0,2.0,2.0,3.0,5.0,1.0,2.0,5.0,6.0,0.0,3.0,3.0,2.0,1.0,0.04,0.25,0.21,0.0,0.0,1.0,10.11,6.0,6.09,1.0,0.06,0.0,0.0,0.57,0.57,0.57
84757558483425,2025,Bichsel-Petrovic,DAL,pairing,5on5,1,613.0,3.0,0.6,0.46,0.4,2.82,0.32,0.22,0.48,0.1,1.55,1.33,0.32,0.32,0.32,3.0,1.0,2.0,6.0,0.0,0.0,0.0,0.0,0.0,3.0,1.0,3.0,4.0,2.0,7.0,4.0,8.0,1.0,2.0,1.0,3.0,0.0,0.01,0.31,0.0,0.0,0.0,0.0,6.42,4.0,4.11,2.0,0.05,0.0,0.0,0.37,0.37,0.37,4.48,0.21,0.18,1.17,0.17,2.38,1.89,0.21,0.22,0.22,5.0,1.0,1.0,7.0,0.0,0.0,0.0,0.0,0.0,1.0,5.0,5.0,6.0,1.0,5.0,4.0,8.0,1.0,2.0,5.0,1.0,0.0,0.09,0.12,0.0,0.0,0.0,0.0,6.58,6.0,5.8,2.0,0.04,0.0,0.0,0.25,0.25,0.25
847841484800028482110,2025,Mercer-Hischier-Meier,NJD,line,5on5,3,1759.0,4.0,0.68,0.65,0.65,23.25,2.25,1.53,6.69,0.81,11.36,8.36,2.13,2.44,2.3,18.0,13.0,14.0,45.0,2.0,2.0,1.0,5.0,0.0,15.0,7.0,16.0,29.0,1.0,2.0,24.0,8.0,0.0,10.0,22.0,6.0,3.0,0.51,0.93,0.81,0.0,0.0,2.0,48.42,31.0,33.14,4.0,0.33,0.29,0.29,2.3,2.48,2.42,12.67,1.07,0.85,3.3,0.42,6.8,4.56,1.02,0.99,0.94,14.0,3.0,7.0,24.0,1.0,1.0,0.0,3.0,0.0,5.0,7.0,13.0,16.0,3.0,6.0,23.0,13.0,0.0,14.0,13.0,2.0,2.0,0.41,0.22,0.45,1.0,0.0,0.0,22.73,17.0,16.0,6.0,0.18,0.21,0.21,1.04,0.97,0.96
84764678479372,2025,Mahura-Oleksiak,SEA,pairing,5on5,3,2099.0,9.0,0.46,0.46,0.45,13.76,0.58,0.73,3.73,0.45,7.93,5.58,0.57,0.59,0.59,12.0,7.0,8.0,27.0,2.0,0.0,0.0,2.0,0.0,8.0,7.0,10.0,17.0,3.0,6.0,24.0,27.0,1.0,11.0,17.0,2.0,0.0,0.4,0.18,0.0,1.0,1.0,0.0,27.34,19.0,19.24,6.0,0.15,0.0,0.0,0.73,0.74,0.73,16.54,0.69,0.94,4.51,0.52,9.64,6.69,0.69,0.71,0.7,17.0,6.0,9.0,32.0,0.0,0.0,0.0,5.0,0.0,4.0,14.0,17.0,23.0,3.0,6.0,18.0,15.0,2.0,6.0,21.0,2.0,0.0,0.48,0.21,0.0,0.0,0.0,0.0,32.03,23.0,23.13,1.0,0.19,0.0,0.0,0.89,0.91,0.9
84747168484798,2025,Buium-Spurgeon,MIN,pairing,5on5,3,1788.0,10.0,0.38,0.46,0.46,13.32,0.99,0.87,3.31,0.41,7.28,5.14,0.96,0.96,0.93,12.0,6.0,10.0,28.0,0.0,2.0,0.0,0.0,0.0,6.0,10.0,12.0,18.0,1.0,2.0,12.0,11.0,2.0,10.0,14.0,3.0,1.0,0.38,0.28,0.34,0.0,0.0,0.0,28.23,18.0,17.7,4.0,0.18,0.35,0.35,0.82,0.8,0.78,15.13,1.62,1.05,3.32,0.5,8.32,6.19,1.53,1.54,1.46,13.0,8.0,12.0,33.0,3.0,1.0,0.0,3.0,0.0,8.0,6.0,10.0,18.0,3.0,6.0,12.0,17.0,1.0,9.0,14.0,5.0,2.0,0.41,0.61,0.59,2.0,1.0,0.0,32.14,21.0,20.63,5.0,0.22,0.38,0.38,1.45,1.42,1.34
84757648476892,2025,Fowler-Parayko,STL,pairing,5on5,3,2642.0,4.0,0.49,0.5,0.43,23.02,2.13,1.38,5.88,0.75,11.17,8.7,1.93,2.16,1.96,21.0,9.0,18.0,48.0,1.0,4.0,0.0,2.0,0.0,10.0,13.0,20.0,29.0,2.0,4.0,24.0,16.0,4.0,10.0,20.0,8.0,2.0,0.34,1.18,0.6,0.0,1.0,0.0,49.76,30.0,31.74,4.0,0.29,0.81,0.74,1.68,1.73,1.61,27.99,2.23,1.77,7.2,0.95,15.4,11.45,2.12,2.17,2.07,24.0,15.0,9.0,48.0,2.0,1.0,0.0,5.0,0.0,18.0,13.0,22.0,37.0,3.0,6.0,24.0,19.0,6.0,12.0,30.0,7.0,2.0,0.89,0.89,0.46,2.0,0.0,0.0,46.75,39.0,37.95,7.0,0.37,0.21,0.21,2.39,2.34,2.24
84784608479371,2025,Werenski-Fabbro,CBJ,pairing,5on5,3,2154.0,4.0,0.43,0.53,0.49,22.36,1.65,1.41,5.91,0.74,12.41,8.89,1.56,1.62,1.54,19.0,12.0,18.0,49.0,2.0,3.0,0.0,6.0,0.0,14.0,6.0,17.0,29.0,3.0,6.0,19.0,14.0,2.0,9.0,25.0,3.0,3.0,0.57,0.38,0.7,1.0,0.0,1.0,48.88,31.0,30.87,3.0,0.29,0.69,0.69,1.25,1.25,1.22,23.76,2.21,1.46,6.96,0.82,12.01,8.55,2.14,2.15,2.08,22.0,10.0,11.0,43.0,0.0,4.0,0.0,7.0,0.0,9.0,12.0,22.0,32.0,5.0,12.0,22.0,8.0,6.0,13.0,23.0,6.0,3.0,0.65,0.72,0.84,0.0,0.0,0.0,42.47,32.0,31.51,5.0,0.3,0.61,0.61,1.91,1.87,1.81
84753248478469,2025,Chabot-Jensen,OTT,pairing,5on5,3,2442.0,5.0,0.54,0.49,0.5,23.07,1.9,1.49,5.97,0.75,12.72,9.16,1.88,1.89,1.87,24.0,8.0,10.0,42.0,2.0,0.0,0.0,5.0,1.0,12.0,12.0,22.0,30.0,5.0,12.0,29.0,26.0,7.0,15.0,25.0,6.0,1.0,0.76,0.88,0.26,1.0,1.0,0.0,40.04,32.0,30.88,11.0,0.31,0.0,0.0,2.21,2.2,2.17,23.33,1.65,1.55,6.07,0.83,12.75,9.14,1.63,1.68,1.67,23.0,9.0,12.0,44.0,2.0,3.0,0.0,3.0,0.0,14.0,10.0,21.0,30.0,3.0,6.0,20.0,14.0,1.0,13.0,26.0,6.0,0.0,0.93,0.71,0.0,0.0,2.0,0.0,46.64,32.0,33.33,8.0,0.32,0.33,0.33,1.64,1.68,1.67
84779508481014,2025,Romanov-Deangelo,NYI,pairing,5on5,3,2400.0,5.0,0.33,0.5,0.52,23.72,1.59,1.55,6.43,0.82,13.36,9.26,1.57,1.5,1.48,24.0,9.0,11.0,44.0,1.0,2.0,0.0,4.0,0.0,16.0,10.0,23.0,32.0,6.0,12.0,23.0,24.0,3.0,12.0,26.0,6.0,1.0,0.65,0.7,0.25,0.0,0.0,1.0,41.02,33.0,30.71,6.0,0.32,0.2,0.21,1.7,1.61,1.6,23.71,3.19,1.82,5.1,0.78,11.91,8.2,3.02,3.31,3.13,23.0,8.0,13.0,44.0,4.0,3.0,0.0,1.0,0.0,12.0,11.0,19.0,27.0,4.0,8.0,21.0,25.0,3.0,8.0,14.0,12.0,5.0,0.43,1.4,1.35,0.0,3.0,1.0,47.16,31.0,32.92,4.0,0.39,0.87,0.87,2.71,2.84,2.77
847701584799968481721,2025,Gritsyuk-Glass-Brown,NJD,line,5on5,2,933.0,6.0,0.49,0.6,0.58,9.75,0.62,0.57,2.3,0.31,5.87,4.34,0.62,0.69,0.69,12.0,2.0,4.0,18.0,2.0,0.0,0.0,7.0,0.0,2.0,3.0,10.0,12.0,2.0,4.0,6.0,4.0,0.0,5.0,12.0,2.0,0.0,0.38,0.24,0.0,1.0,1.0,0.0,20.06,14.0,15.42,2.0,0.11,0.0,0.0,0.73,0.81,0.81,7.17,0.65,0.48,2.03,0.28,3.87,2.69,0.64,0.59,0.58,6.0,4.0,2.0,12.0,0.0,1.0,0.0,1.0,0.0,4.0,4.0,6.0,10.0,0.0,0.0,9.0,10.0,0.0,7.0,8.0,0.0,2.0,0.18,0.0,0.47,0.0,0.0,0.0,10.88,10.0,9.1,3.0,0.1,0.23,0.23,0.52,0.48,0.47
847646884778398482157,2025,Cuylle-Miller-Sheary,NYR,line,5on5,5,2311.0,33.0,0.5,0.51,0.43,18.14,2.02,1.21,4.69,0.62,8.95,6.51,1.78,1.96,1.72,13.0,11.0,17.0,41.0,0.0,4.0,0.0,3.0,0.0,9.0,8.0,13.0,24.0,1.0,2.0,28.0,17.0,3.0,12.0,16.0,6.0,2.0,0.49,0.89,0.64,0.0,0.0,0.0,41.74,24.0,23.94,6.0,0.26,0.91,0.95,1.33,1.3,1.21,24.74,2.05,1.6,6.57,0.74,12.0,9.05,1.9,2.12,1.96,19.0,13.0,8.0,40.0,1.0,2.0,0.0,6.0,0.0,8.0,15.0,18.0,31.0,1.0,2.0,15.0,9.0,5.0,10.0,26.0,3.0,3.0,0.85,0.33,0.87,1.0,0.0,0.0,40.59,32.0,32.37,5.0,0.33,0.67,0.67,1.71,1.73,1.68
84769588480336,2025,Slavin-Walker,CAR,pairing,5on5,2,1563.0,5.0,0.7,0.7,0.66,15.47,1.66,0.97,3.94,0.52,8.29,5.63,1.47,1.58,1.4,13.0,8.0,11.0,32.0,0.0,3.0,0.0,0.0,0.0,10.0,8.0,13.0,21.0,0.0,0.0,15.0,15.0,3.0,5.0,14.0,5.0,2.0,0.4,0.64,0.63,0.0,0.0,0.0,31.27,21.0,20.51,1.0,0.2,0.79,0.79,1.07,1.03,1.01,8.5,0.71,0.46,2.03,0.24,4.15,3.41,0.71,0.73,0.73,7.0,4.0,3.0,14.0,2.0,0.0,0.0,3.0,0.0,2.0,4.0,5.0,9.0,1.0,2.0,10.0,18.0,2.0,10.0,8.0,2.0,1.0,0.27,0.23,0.21,2.0,0.0,0.0,14.05,11.0,11.0,7.0,0.1,0.0,0.0,0.8,0.83,0.82
848074884826918483395,2025,Bains-Raty-Sherwood,VAN,line,5on5,2,840.0,5.0,0.79,0.64,0.65,8.29,0.68,0.45,2.63,0.3,4.02,2.92,0.64,0.63,0.59,7.0,4.0,5.0,16.0,1.0,2.0,0.0,2.0,0.0,6.0,0.0,6.0,10.0,0.0,0.0,5.0,14.0,1.0,9.0,8.0,2.0,1.0,0.25,0.22,0.21,1.0,0.0,0.0,14.83,11.0,10.21,1.0,0.09,0.3,0.3,0.48,0.44,0.42,4.15,0.19,0.2,1.26,0.15,2.42,1.79,0.19,0.2,0.2,5.0,1.0,3.0,9.0,0.0,0.0,0.0,0.0,0.0,2.0,4.0,5.0,6.0,0.0,0.0,6.0,10.0,0.0,3.0,5.0,1.0,0.0,0.09,0.1,0.0,0.0,0.0,0.0,9.43,6.0,6.32,2.0,0.04,0.0,0.0,0.23,0.24,0.24
847906684820748483609,2025,Lomberg-Zary-Klapka,CGY,line,5on5,2,783.0,8.0,0.43,0.48,0.55,8.33,0.41,0.38,2.26,0.27,4.23,3.45,0.41,0.39,0.39,8.0,3.0,2.0,13.0,0.0,0.0,0.0,5.0,0.0,4.0,2.0,8.0,11.0,2.0,4.0,7.0,19.0,0.0,1.0,10.0,1.0,0.0,0.23,0.17,0.0,0.0,0.0,0.0,12.94,11.0,10.98,1.0,0.08,0.0,0.0,0.48,0.47,0.47,6.82,0.53,0.47,1.59,0.19,3.44,2.77,0.52,0.56,0.54,3.0,6.0,5.0,14.0,0.0,1.0,0.0,0.0,0.0,4.0,4.0,3.0,9.0,1.0,2.0,11.0,12.0,2.0,3.0,8.0,0.0,1.0,0.29,0.0,0.24,0.0,0.0,0.0,14.38,9.0,9.28,0.0,0.1,0.24,0.24,0.4,0.41,0.41
847519184759138476448,2025,Stone-Karlsson-Smith,VGK,line,5on5,3,1365.0,13.0,0.53,0.6,0.69,14.54,0.79,0.85,3.77,0.46,7.89,6.24,0.72,0.79,0.72,14.0,6.0,5.0,25.0,0.0,1.0,0.0,1.0,0.0,9.0,9.0,14.0,20.0,2.0,4.0,14.0,10.0,0.0,11.0,17.0,3.0,0.0,0.35,0.43,0.0,0.0,0.0,0.0,24.4,20.0,19.48,2.0,0.17,0.17,0.17,0.8,0.8,0.76,6.66,0.7,0.45,1.74,0.21,3.43,2.48,0.7,0.73,0.73,8.0,1.0,8.0,17.0,1.0,0.0,0.0,2.0,0.0,1.0,5.0,7.0,8.0,2.0,4.0,7.0,14.0,2.0,10.0,6.0,2.0,1.0,0.19,0.28,0.23,0.0,0.0,1.0,17.78,9.0,9.45,6.0,0.09,0.0,0.0,0.79,0.83,0.83
84741518478416,2025,Mcdonagh-Cernak,TBL,pairing,5on5,4,2701.0,7.0,0.62,0.44,0.42,16.0,1.79,1.3,3.82,0.54,8.12,5.43,1.69,1.79,1.7,13.0,8.0,10.0,31.0,3.0,2.0,0.0,3.0,0.0,8.0,5.0,10.0,18.0,8.0,16.0,26.0,15.0,3.0,12.0,12.0,6.0,3.0,0.39,0.74,0.66,1.0,1.0,1.0,30.7,21.0,21.22,5.0,0.28,0.36,0.36,1.71,1.72,1.67,20.88,1.07,1.21,5.73,0.66,11.84,8.48,1.05,1.04,1.02,21.0,8.0,11.0,40.0,3.0,1.0,0.0,5.0,0.0,7.0,13.0,18.0,26.0,1.0,2.0,35.0,25.0,4.0,13.0,25.0,4.0,0.0,0.62,0.45,0.0,3.0,0.0,0.0,38.11,29.0,27.67,6.0,0.25,0.03,0.03,1.29,1.24,1.22
847574584796718482660,2025,Johnson-Coyle-Olivier,CBJ,line,5on5,3,1308.0,10.0,0.22,0.5,0.42,9.03,0.36,0.5,2.22,0.29,5.64,3.98,0.34,0.37,0.35,10.0,3.0,9.0,22.0,0.0,0.0,0.0,1.0,0.0,5.0,7.0,10.0,13.0,0.0,0.0,14.0,11.0,1.0,6.0,12.0,1.0,0.0,0.27,0.09,0.0,0.0,0.0,0.0,21.49,13.0,12.92,5.0,0.1,0.0,0.0,0.46,0.47,0.45,13.0,1.23,0.85,3.38,0.4,6.98,5.16,1.21,1.2,1.18,13.0,5.0,4.0,22.0,0.0,1.0,0.0,6.0,0.0,6.0,5.0,13.0,18.0,2.0,4.0,10.0,7.0,6.0,7.0,12.0,4.0,2.0,0.22,0.43,0.59,0.0,0.0,0.0,22.45,18.0,18.39,5.0,0.17,0.31,0.31,1.1,1.1,1.07
847456484821468482768,2025,Stamkos-Svechkov-Evangelista,NSH,line,5on5,3,962.0,12.0,0.49,0.52,0.5,6.82,0.67,0.5,1.46,0.22,4.22,2.93,0.67,0.67,0.67,7.0,3.0,3.0,13.0,0.0,0.0,0.0,0.0,0.0,7.0,3.0,7.0,10.0,2.0,4.0,5.0,2.0,1.0,5.0,5.0,5.0,0.0,0.15,0.52,0.0,0.0,0.0,0.0,13.2,10.0,10.15,1.0,0.1,0.0,0.0,0.78,0.77,0.77,6.98,0.69,0.45,1.67,0.24,4.06,2.88,0.69,0.69,0.69,5.0,5.0,2.0,12.0,0.0,0.0,0.0,2.0,0.0,3.0,5.0,5.0,10.0,3.0,6.0,12.0,12.0,3.0,8.0,7.0,3.0,0.0,0.28,0.42,0.0,0.0,0.0,0.0,11.93,10.0,9.88,4.0,0.1,0.0,0.0,0.79,0.78,0.78
84781368482122,2025,Middleton-Faber,MIN,pairing,5on5,3,1202.0,16.0,0.13,0.41,0.32,5.01,0.18,0.26,1.25,0.15,2.97,2.19,0.18,0.2,0.2,6.0,1.0,6.0,13.0,1.0,0.0,0.0,0.0,0.0,4.0,2.0,5.0,6.0,0.0,0.0,13.0,7.0,4.0,1.0,6.0,1.0,0.0,0.05,0.12,0.0,0.0,1.0,0.0,15.07,7.0,7.93,0.0,0.05,0.0,0.0,0.23,0.25,0.25,10.68,1.23,0.79,3.02,0.4,5.61,3.95,1.14,1.13,1.05,9.0,6.0,4.0,19.0,0.0,3.0,0.0,2.0,0.0,3.0,7.0,9.0,15.0,1.0,2.0,13.0,14.0,1.0,8.0,10.0,3.0,2.0,0.22,0.51,0.5,0.0,0.0,0.0,17.4,15.0,13.71,3.0,0.17,0.45,0.45,0.95,0.88,0.86
84768918483506,2025,Grzelcyk-Rinzel,CHI,pairing,5on5,4,1463.0,22.0,0.26,0.38,0.37,9.64,0.69,0.51,2.7,0.31,5.06,3.74,0.68,0.7,0.69,9.0,4.0,7.0,20.0,1.0,0.0,0.0,2.0,0.0,5.0,5.0,8.0,12.0,4.0,8.0,13.0,8.0,4.0,9.0,11.0,2.0,0.0,0.33,0.36,0.0,1.0,0.0,0.0,20.12,13.0,13.04,4.0,0.11,0.0,0.0,0.79,0.8,0.79,16.74,1.93,1.25,3.71,0.49,8.78,5.84,1.88,1.92,1.87,18.0,4.0,10.0,32.0,1.0,0.0,0.0,5.0,0.0,8.0,8.0,17.0,21.0,3.0,6.0,20.0,5.0,3.0,12.0,12.0,8.0,2.0,0.33,1.1,0.5,0.0,0.0,1.0,32.18,22.0,22.14,5.0,0.26,0.0,0.0,2.19,2.17,2.12
84773698478840,2025,Soucy-Borgen,NYR,pairing,5on5,3,1697.0,12.0,0.48,0.43,0.44,15.33,1.36,1.06,4.04,0.59,7.76,6.18,1.34,1.37,1.35,18.0,3.0,9.0,30.0,2.0,4.0,1.0,0.0,0.0,8.0,7.0,16.0,19.0,2.0,4.0,13.0,19.0,0.0,13.0,16.0,3.0,2.0,0.38,0.39,0.59,1.0,1.0,0.0,30.19,21.0,21.2,7.0,0.22,0.89,0.89,0.69,0.69,0.69,20.04,1.5,1.39,5.15,0.63,10.67,7.66,1.39,1.47,1.36,19.0,8.0,12.0,39.0,0.0,3.0,0.0,4.0,0.0,10.0,10.0,19.0,27.0,0.0,0.0,5.0,9.0,2.0,6.0,21.0,5.0,1.0,0.56,0.72,0.23,0.0,0.0,0.0,38.19,27.0,26.38,4.0,0.29,0.55,0.55,1.24,1.23,1.14
847688284774798483493,2025,Bertuzzi-Nazar-Teravainen,CHI,line,5on5,4,2129.0,5.0,0.3,0.42,0.4,13.54,1.12,0.87,3.77,0.47,7.51,5.25,1.12,1.15,1.15,10.0,9.0,8.0,27.0,3.0,0.0,0.0,4.0,0.0,7.0,5.0,7.0,16.0,4.0,11.0,19.0,10.0,5.0,13.0,13.0,6.0,0.0,0.34,0.78,0.0,2.0,1.0,0.0,27.25,19.0,19.12,4.0,0.18,0.0,0.0,1.3,1.34,1.34,21.16,2.59,1.5,4.99,0.74,11.14,8.04,2.5,2.55,2.46,19.0,10.0,9.0,38.0,2.0,4.0,1.0,3.0,0.0,8.0,12.0,17.0,27.0,7.0,17.0,31.0,19.0,1.0,13.0,18.0,8.0,3.0,0.77,1.13,0.7,0.0,1.0,1.0,37.78,29.0,28.84,6.0,0.31,0.81,0.81,2.1,2.08,2.03
847856984809808481481,2025,Dewar-Acciari-Lizotte,PIT,line,5on5,3,1440.0,10.0,0.39,0.49,0.54,13.87,0.87,0.93,3.59,0.44,7.95,5.23,0.86,0.87,0.87,12.0,7.0,5.0,24.0,0.0,1.0,0.0,3.0,0.0,7.0,8.0,12.0,19.0,3.0,6.0,10.0,13.0,2.0,7.0,15.0,4.0,0.0,0.38,0.48,0.0,0.0,0.0,0.0,23.84,19.0,19.07,5.0,0.19,0.05,0.05,1.01,1.01,1.01,12.43,1.36,0.76,3.45,0.41,5.62,4.39,1.26,1.39,1.28,13.0,3.0,9.0,25.0,0.0,2.0,0.0,1.0,0.0,7.0,6.0,13.0,16.0,2.0,7.0,10.0,14.0,3.0,6.0,12.0,2.0,2.0,0.33,0.34,0.69,0.0,0.0,0.0,25.17,16.0,15.98,4.0,0.16,0.69,0.69,0.84,0.83,0.81
847745084779878481624,2025,Donato-Dickinson-Mikheyev,CHI,line,5on5,2,735.0,6.0,0.84,0.62,0.69,8.96,1.28,0.77,2.13,0.26,3.94,2.62,1.13,1.24,1.1,8.0,3.0,2.0,13.0,1.0,2.0,0.0,2.0,0.0,3.0,3.0,7.0,10.0,1.0,2.0,9.0,3.0,1.0,4.0,4.0,6.0,1.0,0.09,0.9,0.3,0.0,0.0,1.0,12.72,11.0,10.82,2.0,0.16,0.37,0.37,1.07,1.04,0.93,3.65,0.24,0.2,1.05,0.23,1.99,1.29,0.24,0.25,0.25,4.0,1.0,3.0,8.0,0.0,0.0,0.0,0.0,0.0,2.0,3.0,4.0,5.0,0.0,0.0,6.0,7.0,1.0,2.0,4.0,1.0,0.0,0.11,0.14,0.0,0.0,0.0,0.0,8.07,5.0,4.98,2.0,0.04,0.0,0.0,0.29,0.29,0.29
84764228478970,2025,Reilly-Chatfield,CAR,pairing,5on5,1,784.0,2.0,0.64,0.78,0.77,14.25,0.75,0.83,3.41,0.44,8.17,6.39,0.74,0.84,0.82,13.0,7.0,5.0,25.0,2.0,0.0,0.0,4.0,0.0,10.0,4.0,11.0,18.0,1.0,2.0,11.0,5.0,1.0,5.0,18.0,2.0,0.0,0.54,0.21,0.0,2.0,0.0,0.0,28.24,20.0,22.23,3.0,0.17,0.0,0.0,0.92,1.02,1.01,4.45,0.41,0.36,1.14,0.14,2.41,1.54,0.4,0.39,0.38,4.0,2.0,1.0,7.0,1.0,1.0,0.0,0.0,0.0,2.0,2.0,3.0,5.0,0.0,0.0,7.0,6.0,0.0,5.0,4.0,2.0,0.0,0.14,0.27,0.0,1.0,0.0,0.0,6.5,6.0,5.66,1.0,0.08,0.02,0.02,0.47,0.44,0.43
847519184764388476448,2025,Saad-Karlsson-Smith,VGK,line,5on5,3,972.0,15.0,0.43,0.56,0.47,6.93,0.35,0.35,1.9,0.22,3.38,2.8,0.35,0.35,0.35,7.0,2.0,5.0,14.0,0.0,0.0,0.0,2.0,0.0,4.0,3.0,7.0,9.0,0.0,0.0,6.0,3.0,1.0,2.0,7.0,2.0,0.0,0.15,0.21,0.0,0.0,0.0,0.0,13.76,9.0,8.84,1.0,0.07,0.0,0.0,0.43,0.43,0.42,7.43,0.47,0.41,1.57,0.21,4.3,3.04,0.47,0.46,0.46,7.0,3.0,1.0,11.0,0.0,0.0,0.0,3.0,0.0,3.0,4.0,7.0,10.0,0.0,0.0,10.0,7.0,1.0,6.0,8.0,2.0,0.0,0.2,0.27,0.0,0.0,0.0,0.0,10.62,10.0,9.69,3.0,0.08,0.0,0.0,0.55,0.54,0.54
84799828480807,2025,Samuelsson-Timmins,BUF,pairing,5on5,2,1156.0,4.0,0.46,0.5,0.44,8.7,0.49,0.53,2.21,0.27,5.09,3.42,0.48,0.45,0.44,8.0,4.0,8.0,20.0,0.0,1.0,0.0,2.0,0.0,2.0,7.0,8.0,12.0,6.0,12.0,7.0,13.0,1.0,7.0,11.0,0.0,1.0,0.24,0.0,0.24,0.0,0.0,0.0,18.43,12.0,11.04,5.0,0.11,0.24,0.24,0.35,0.33,0.33,10.39,0.56,0.57,2.47,0.32,6.38,4.68,0.56,0.59,0.59,12.0,3.0,5.0,20.0,2.0,0.0,0.0,2.0,0.0,8.0,3.0,10.0,13.0,3.0,6.0,11.0,11.0,4.0,7.0,13.0,2.0,0.0,0.32,0.24,0.0,2.0,0.0,0.0,22.09,15.0,16.37,3.0,0.12,0.0,0.0,0.68,0.72,0.71
84779698483768,2025,Pettersson-Mancini,VAN,pairing,5on5,1,703.0,3.0,0.36,0.38,0.44,5.12,0.46,0.28,1.6,0.16,2.62,1.88,0.46,0.42,0.42,5.0,2.0,1.0,8.0,0.0,0.0,0.0,1.0,0.0,4.0,2.0,5.0,7.0,1.0,2.0,4.0,6.0,3.0,7.0,4.0,3.0,0.0,0.1,0.37,0.0,0.0,0.0,0.0,7.12,7.0,6.29,3.0,0.06,0.0,0.0,0.52,0.47,0.47,6.83,0.84,0.5,1.57,0.23,3.29,2.57,0.82,0.92,0.9,6.0,3.0,4.0,13.0,0.0,1.0,0.0,0.0,0.0,5.0,3.0,6.0,9.0,0.0,0.0,2.0,10.0,4.0,5.0,4.0,5.0,0.0,0.08,0.76,0.0,0.0,0.0,0.0,14.38,9.0,10.02,2.0,0.1,0.16,0.16,0.78,0.85,0.83
84764298485366,2025,Schaefer-Mayfield,NYI,pairing,5on5,3,2316.0,5.0,0.53,0.55,0.58,23.09,2.15,1.65,5.52,0.75,13.68,9.26,2.02,2.06,1.94,24.0,9.0,18.0,51.0,3.0,2.0,0.0,5.0,0.0,14.0,9.0,21.0,30.0,1.0,2.0,16.0,13.0,2.0,9.0,24.0,7.0,2.0,0.7,0.8,0.64,3.0,0.0,0.0,47.13,33.0,30.95,6.0,0.34,0.5,0.5,1.99,1.89,1.85,17.53,1.88,1.13,4.07,0.57,9.21,7.14,1.85,1.99,1.96,17.0,7.0,18.0,42.0,3.0,2.0,0.0,2.0,0.0,7.0,10.0,14.0,21.0,3.0,6.0,15.0,15.0,2.0,16.0,16.0,5.0,3.0,0.35,0.78,0.76,2.0,1.0,0.0,45.79,24.0,25.81,6.0,0.23,0.23,0.23,1.88,2.01,1.98
847528784765398478047,2025,Bunting-Haula-Marchessault,NSH,line,5on5,4,2169.0,5.0,0.27,0.42,0.36,11.13,0.86,0.69,2.53,0.33,5.91,4.68,0.85,0.85,0.84,13.0,2.0,12.0,27.0,2.0,1.0,0.0,1.0,0.0,6.0,5.0,11.0,13.0,2.0,4.0,22.0,19.0,5.0,18.0,12.0,2.0,1.0,0.33,0.25,0.28,1.0,1.0,0.0,27.12,15.0,15.03,10.0,0.14,0.16,0.16,0.84,0.83,0.83,20.6,2.31,1.56,5.33,0.68,10.05,7.07,2.19,2.33,2.22,21.0,6.0,11.0,38.0,2.0,3.0,0.0,3.0,0.0,9.0,10.0,19.0,25.0,5.0,10.0,18.0,20.0,2.0,9.0,15.0,10.0,2.0,0.35,1.4,0.56,0.0,2.0,0.0,38.34,27.0,27.19,6.0,0.33,0.7,0.7,1.94,1.97,1.89
847692584784348479353,2025,Howden-Sissons-Kolesar,VGK,line,5on5,3,1620.0,8.0,0.45,0.55,0.5,11.34,0.94,0.81,2.61,0.37,6.6,4.66,0.94,0.95,0.95,12.0,4.0,10.0,26.0,1.0,0.0,0.0,3.0,0.0,8.0,4.0,11.0,15.0,3.0,6.0,20.0,27.0,2.0,10.0,11.0,5.0,0.0,0.29,0.65,0.0,0.0,1.0,0.0,25.9,16.0,15.79,7.0,0.17,0.0,0.0,1.11,1.12,1.12,11.86,1.16,0.79,3.34,0.39,5.91,4.41,1.08,1.15,1.07,11.0,5.0,5.0,21.0,1.0,3.0,1.0,3.0,0.0,5.0,4.0,10.0,15.0,3.0,9.0,10.0,27.0,1.0,16.0,12.0,2.0,2.0,0.38,0.3,0.48,0.0,0.0,1.0,21.31,16.0,16.17,6.0,0.17,0.52,0.52,0.81,0.8,0.78
847579184807628480829,2025,Robinson-Kotkaniemi-Hall,CAR,line,5on5,2,823.0,8.0,0.74,0.59,0.65,9.7,1.3,0.73,2.13,0.41,4.84,3.59,1.25,1.29,1.24,8.0,5.0,3.0,16.0,3.0,1.0,0.0,0.0,0.0,6.0,3.0,5.0,10.0,0.0,0.0,8.0,9.0,2.0,5.0,7.0,5.0,1.0,0.33,0.69,0.28,1.0,2.0,0.0,16.35,13.0,13.32,3.0,0.16,0.28,0.28,1.18,1.17,1.15,4.44,0.46,0.33,0.97,0.18,2.95,2.11,0.45,0.47,0.46,4.0,3.0,4.0,11.0,1.0,0.0,0.0,0.0,0.0,4.0,2.0,3.0,6.0,1.0,2.0,13.0,11.0,1.0,10.0,5.0,2.0,0.0,0.17,0.29,0.0,1.0,0.0,0.0,11.0,7.0,7.09,4.0,0.07,0.0,0.0,0.53,0.54,0.53
84775078480035,2025,Zadorov-Jokiharju,BOS,pairing,5on5,4,2460.0,7.0,0.39,0.41,0.46,18.99,0.91,1.18,5.18,0.63,10.24,7.86,0.91,0.9,0.9,18.0,8.0,7.0,33.0,1.0,1.0,0.0,2.0,0.0,16.0,6.0,17.0,25.0,2.0,4.0,25.0,26.0,1.0,14.0,25.0,1.0,0.0,0.72,0.2,0.0,1.0,0.0,0.0,32.58,26.0,25.59,7.0,0.25,0.2,0.2,0.97,0.96,0.95,21.02,1.43,1.48,5.21,0.8,12.7,9.39,1.41,1.5,1.48,20.0,11.0,16.0,47.0,2.0,2.0,0.0,6.0,0.0,9.0,12.0,18.0,29.0,4.0,8.0,18.0,22.0,1.0,9.0,24.0,6.0,1.0,0.58,0.63,0.22,2.0,0.0,0.0,48.82,31.0,32.69,2.0,0.3,0.23,0.23,1.5,1.57,1.55
84821768484783,2025,Kaiser-Levshunov,CHI,pairing,5on5,3,1822.0,9.0,0.54,0.57,0.51,13.41,1.04,0.82,3.51,0.42,6.99,5.23,1.02,1.09,1.07,10.0,8.0,8.0,26.0,1.0,1.0,0.0,3.0,0.0,4.0,9.0,9.0,17.0,3.0,6.0,11.0,20.0,3.0,7.0,13.0,4.0,1.0,0.32,0.49,0.23,0.0,1.0,0.0,26.58,18.0,18.3,1.0,0.17,0.23,0.23,0.98,1.03,1.02,12.58,0.87,0.82,3.2,0.42,6.5,5.19,0.85,0.86,0.84,12.0,5.0,3.0,20.0,0.0,0.0,0.0,4.0,0.0,7.0,6.0,12.0,17.0,1.0,2.0,14.0,16.0,0.0,11.0,15.0,1.0,1.0,0.42,0.18,0.26,0.0,0.0,0.0,19.87,17.0,16.96,4.0,0.17,0.0,0.0,1.03,1.02,1.0
84808798481607,2025,Johansson-Bernard-Docker,DET,pairing,5on5,2,1085.0,6.0,0.62,0.59,0.6,12.85,1.05,0.79,3.08,0.4,7.43,5.25,1.04,1.06,1.05,15.0,3.0,6.0,24.0,3.0,1.0,0.0,2.0,0.0,6.0,6.0,12.0,15.0,0.0,0.0,10.0,5.0,1.0,5.0,15.0,2.0,1.0,0.51,0.21,0.33,2.0,1.0,0.0,23.59,18.0,18.04,3.0,0.16,0.08,0.08,1.13,1.15,1.14,8.3,0.65,0.57,1.77,0.27,5.17,3.57,0.64,0.64,0.63,10.0,2.0,5.0,17.0,0.0,0.0,0.0,4.0,0.0,3.0,5.0,10.0,12.0,0.0,0.0,3.0,6.0,0.0,10.0,9.0,3.0,0.0,0.3,0.34,0.0,0.0,0.0,0.0,16.66,12.0,11.71,5.0,0.12,0.0,0.0,0.76,0.75,0.74
847742984774568484794,2025,Compher-Copp-Brandsegg-Nygrd,DET,line,5on5,3,1723.0,6.0,0.65,0.62,0.69,14.32,1.17,0.89,3.39,0.46,8.33,5.75,1.15,1.08,1.07,13.0,7.0,12.0,32.0,0.0,1.0,0.0,2.0,0.0,8.0,9.0,13.0,20.0,1.0,2.0,15.0,12.0,3.0,11.0,13.0,7.0,0.0,0.4,0.77,0.0,0.0,0.0,0.0,30.38,20.0,18.83,4.0,0.18,0.08,0.08,1.27,1.18,1.16,6.47,0.64,0.4,1.84,0.22,3.45,2.45,0.63,0.64,0.63,5.0,4.0,11.0,20.0,1.0,0.0,0.0,4.0,0.0,3.0,1.0,4.0,8.0,5.0,10.0,17.0,18.0,2.0,6.0,6.0,2.0,1.0,0.16,0.27,0.21,0.0,0.0,1.0,21.33,9.0,8.95,3.0,0.08,0.0,0.0,0.73,0.72,0.71
848083084827028482809,2025,Blake-Stankoven-Svechnikov,CAR,line,5on5,3,1484.0,8.0,0.82,0.64,0.7,16.87,1.79,1.09,4.43,0.6,8.83,6.27,1.64,1.75,1.61,10.0,13.0,9.0,32.0,1.0,3.0,1.0,3.0,0.0,8.0,8.0,9.0,22.0,1.0,2.0,15.0,9.0,2.0,10.0,16.0,5.0,2.0,0.49,0.61,0.69,0.0,0.0,1.0,32.22,23.0,23.42,3.0,0.23,0.7,0.7,1.32,1.3,1.26,6.98,0.38,0.49,1.72,0.25,4.1,3.05,0.38,0.39,0.39,8.0,2.0,8.0,18.0,1.0,0.0,0.0,1.0,0.0,5.0,3.0,7.0,9.0,2.0,4.0,16.0,11.0,3.0,8.0,9.0,1.0,0.0,0.26,0.13,0.0,1.0,0.0,0.0,18.26,10.0,9.98,4.0,0.1,0.0,0.0,0.48,0.49,0.49
84764418482730,2025,Edmundson-Clarke,LAK,pairing,5on5,4,2983.0,10.0,0.65,0.52,0.57,23.22,2.24,1.65,5.78,0.8,12.62,8.91,2.22,2.24,2.22,23.0,9.0,17.0,49.0,3.0,2.0,1.0,7.0,0.0,11.0,9.0,20.0,29.0,6.0,15.0,28.0,36.0,7.0,17.0,22.0,7.0,3.0,0.7,0.74,0.79,1.0,1.0,1.0,47.27,32.0,31.41,9.0,0.34,0.33,0.33,2.25,2.26,2.25,17.79,1.18,1.12,5.28,0.58,9.39,6.45,1.17,1.18,1.17,12.0,12.0,21.0,45.0,0.0,1.0,0.0,2.0,0.0,11.0,10.0,12.0,24.0,6.0,15.0,30.0,28.0,6.0,19.0,19.0,4.0,1.0,0.45,0.49,0.24,0.0,0.0,0.0,45.39,24.0,24.1,10.0,0.23,0.03,0.03,1.39,1.38,1.36
847398684751848484153,2025,Killorn-Carlsson-Kreider,ANA,line,5on5,3,611.0,28.0,0.58,0.61,0.56,6.55,0.8,0.49,1.58,0.23,3.47,2.43,0.78,0.79,0.76,4.0,5.0,5.0,14.0,1.0,0.0,0.0,1.0,0.0,4.0,3.0,3.0,8.0,0.0,0.0,3.0,3.0,1.0,1.0,5.0,3.0,1.0,0.16,0.41,0.23,1.0,0.0,0.0,13.72,9.0,8.88,0.0,0.1,0.0,0.0,0.91,0.89,0.86,5.23,0.57,0.37,1.12,0.16,2.75,2.03,0.56,0.62,0.61,6.0,1.0,2.0,9.0,2.0,0.0,0.0,0.0,1.0,3.0,1.0,4.0,5.0,2.0,4.0,8.0,2.0,0.0,3.0,4.0,3.0,0.0,0.2,0.38,0.0,1.0,1.0,0.0,9.83,7.0,7.62,0.0,0.08,0.0,0.0,0.65,0.71,0.69
847591384779648478403,2025,Barbashev-Eichel-Stone,VGK,line,5on5,3,1026.0,19.0,0.62,0.62,0.65,12.96,0.92,0.72,3.2,0.4,6.49,5.27,0.91,0.97,0.96,11.0,6.0,6.0,23.0,2.0,1.0,1.0,2.0,0.0,5.0,7.0,9.0,15.0,1.0,2.0,11.0,5.0,2.0,8.0,15.0,0.0,2.0,0.43,0.0,0.48,1.0,0.0,1.0,23.43,17.0,17.18,0.0,0.15,0.06,0.06,1.0,1.06,1.06,6.72,0.57,0.35,1.7,0.22,3.55,2.6,0.57,0.56,0.56,6.0,3.0,5.0,14.0,2.0,0.0,0.0,1.0,0.0,2.0,4.0,4.0,7.0,1.0,2.0,6.0,4.0,1.0,2.0,6.0,2.0,1.0,0.1,0.24,0.23,1.0,1.0,0.0,14.16,9.0,9.19,2.0,0.07,0.0,0.0,0.65,0.64,0.64
84740138484386,2025,Cole-Simashev,UTA,pairing,5on5,3,1203.0,10.0,0.4,0.43,0.43,6.49,0.4,0.4,1.66,0.31,3.64,2.59,0.39,0.42,0.42,8.0,1.0,6.0,15.0,1.0,0.0,0.0,2.0,0.0,2.0,4.0,7.0,8.0,2.0,4.0,3.0,8.0,0.0,7.0,7.0,2.0,0.0,0.12,0.28,0.0,0.0,1.0,0.0,15.28,9.0,9.28,5.0,0.08,0.0,0.0,0.48,0.51,0.51,8.49,0.6,0.52,2.34,0.3,4.93,3.32,0.59,0.58,0.57,7.0,5.0,8.0,20.0,0.0,0.0,0.0,4.0,0.0,5.0,3.0,7.0,12.0,1.0,2.0,16.0,17.0,5.0,6.0,10.0,2.0,0.0,0.27,0.33,0.0,0.0,0.0,0.0,19.74,12.0,11.86,3.0,0.11,0.0,0.0,0.71,0.68,0.68
847798984800158481533,2025,Zegras-Dvorak-Tippett,PHI,line,5on5,2,1114.0,3.0,0.55,0.55,0.5,9.35,0.77,0.56,2.21,0.29,5.16,4.01,0.76,0.77,0.76,6.0,7.0,9.0,22.0,0.0,0.0,0.0,2.0,0.0,7.0,4.0,6.0,13.0,1.0,2.0,9.0,7.0,2.0,5.0,10.0,2.0,1.0,0.38,0.17,0.21,0.0,0.0,0.0,22.5,13.0,13.25,3.0,0.11,0.0,0.0,0.88,0.89,0.88,9.49,0.62,0.56,2.67,0.34,5.11,3.7,0.6,0.59,0.57,6.0,7.0,5.0,18.0,0.0,1.0,0.0,2.0,0.0,4.0,6.0,6.0,13.0,2.0,4.0,11.0,5.0,0.0,3.0,10.0,3.0,0.0,0.24,0.38,0.0,0.0,0.0,0.0,17.61,13.0,12.7,2.0,0.11,0.16,0.16,0.58,0.56,0.55
847464184834558485493,2025,Howard-Henrique-Tomasek,EDM,line,5on5,3,1067.0,12.0,0.62,0.64,0.62,9.12,0.39,0.49,2.46,0.28,5.46,3.92,0.39,0.39,0.38,8.0,5.0,5.0,18.0,0.0,1.0,0.0,2.0,0.0,3.0,7.0,8.0,13.0,2.0,4.0,8.0,5.0,0.0,2.0,11.0,2.0,0.0,0.19,0.2,0.0,0.0,0.0,0.0,17.93,13.0,13.07,1.0,0.1,0.11,0.11,0.38,0.38,0.38,6.04,0.24,0.31,1.59,0.19,3.16,2.51,0.24,0.24,0.24,4.0,4.0,2.0,10.0,0.0,0.0,0.0,0.0,0.0,6.0,2.0,4.0,8.0,1.0,2.0,9.0,7.0,1.0,6.0,8.0,0.0,0.0,0.24,0.0,0.0,0.0,0.0,0.0,10.03,8.0,7.93,4.0,0.06,0.0,0.0,0.3,0.3,0.3
847645384774048478010,2025,Guentzel-Point-Kucherov,TBL,line,5on5,4,1022.0,28.0,0.29,0.26,0.3,5.87,0.51,0.38,1.27,0.18,3.26,2.4,0.51,0.52,0.52,5.0,3.0,2.0,10.0,1.0,0.0,0.0,1.0,0.0,2.0,4.0,4.0,7.0,1.0,2.0,7.0,2.0,0.0,5.0,6.0,2.0,0.0,0.24,0.27,0.0,1.0,0.0,0.0,10.22,8.0,8.25,2.0,0.08,0.0,0.0,0.59,0.6,0.6,14.15,1.26,0.91,3.38,0.42,7.65,5.38,1.21,1.35,1.3,13.0,6.0,9.0,28.0,4.0,1.0,1.0,1.0,0.0,4.0,9.0,9.0,15.0,1.0,2.0,9.0,6.0,1.0,2.0,13.0,4.0,2.0,0.24,0.5,0.52,1.0,1.0,2.0,28.71,19.0,19.44,0.0,0.19,0.28,0.28,1.17,1.25,1.24
847698184781338479339,2025,Laine-Evans-Anderson,MTL,line,5on5,4,1733.0,14.0,0.43,0.42,0.29,4.08,0.39,0.26,0.95,0.15,2.39,1.88,0.39,0.39,0.39,2.0,4.0,14.0,20.0,0.0,0.0,0.0,0.0,0.0,1.0,5.0,2.0,6.0,2.0,4.0,18.0,12.0,0.0,9.0,5.0,1.0,0.0,0.23,0.15,0.0,0.0,0.0,0.0,21.34,6.0,6.15,5.0,0.06,0.0,0.0,0.44,0.44,0.44,11.08,0.52,0.58,3.11,0.36,6.04,4.39,0.51,0.5,0.49,9.0,6.0,13.0,28.0,0.0,1.0,0.0,3.0,0.0,4.0,7.0,9.0,15.0,4.0,8.0,7.0,20.0,2.0,9.0,12.0,3.0,0.0,0.24,0.28,0.0,0.0,0.0,0.0,27.04,15.0,14.42,4.0,0.12,0.09,0.09,0.55,0.53,0.52
847750384780578481582,2025,Robertson-Domi-Joshua,TOR,line,5on5,2,865.0,7.0,0.47,0.52,0.5,9.52,0.53,0.49,2.75,0.33,4.32,3.59,0.51,0.53,0.51,10.0,2.0,5.0,17.0,0.0,3.0,0.0,3.0,0.0,1.0,5.0,10.0,12.0,0.0,0.0,11.0,11.0,0.0,3.0,9.0,3.0,0.0,0.2,0.33,0.0,0.0,0.0,0.0,17.73,12.0,12.39,2.0,0.11,0.51,0.22,0.41,0.42,0.41,8.74,0.58,0.51,2.41,0.27,4.78,3.46,0.58,0.6,0.59,10.0,2.0,4.0,16.0,1.0,1.0,1.0,2.0,0.0,2.0,6.0,9.0,11.0,0.0,0.0,4.0,7.0,0.0,1.0,10.0,1.0,1.0,0.25,0.1,0.23,0.0,0.0,1.0,15.56,12.0,11.89,0.0,0.1,0.23,0.23,0.46,0.45,0.45
84810568482111,2025,Stastney-Barron,NSH,pairing,5on5,4,2853.0,12.0,0.42,0.52,0.5,23.63,1.58,1.4,6.03,0.8,12.76,9.43,1.57,1.59,1.57,19.0,13.0,14.0,46.0,1.0,1.0,0.0,4.0,0.0,11.0,15.0,18.0,31.0,3.0,6.0,19.0,14.0,6.0,25.0,25.0,5.0,2.0,0.61,0.51,0.46,0.0,1.0,0.0,46.25,32.0,32.26,13.0,0.29,0.04,0.04,1.83,1.84,1.82,23.12,2.15,1.56,5.71,0.75,12.55,9.28,2.13,2.17,2.14,26.0,6.0,10.0,42.0,3.0,2.0,0.0,5.0,0.0,13.0,9.0,23.0,29.0,6.0,12.0,25.0,25.0,4.0,15.0,22.0,8.0,2.0,0.47,1.02,0.66,1.0,1.0,1.0,42.41,32.0,32.16,10.0,0.32,0.53,0.53,1.95,1.97,1.96
84768538478443,2025,Rielly-Carlo,TOR,pairing,5on5,4,3148.0,9.0,0.48,0.47,0.48,30.98,2.77,2.14,7.95,1.09,16.46,11.59,2.67,2.74,2.63,33.0,9.0,13.0,55.0,4.0,2.0,0.0,9.0,0.0,14.0,13.0,29.0,38.0,4.0,8.0,33.0,34.0,5.0,16.0,29.0,12.0,1.0,0.83,1.73,0.22,1.0,3.0,0.0,55.06,42.0,41.96,11.0,0.45,0.31,0.31,2.91,2.88,2.79,32.2,3.02,2.22,7.84,1.03,18.66,13.23,2.99,3.04,3.01,32.0,14.0,17.0,63.0,4.0,2.0,1.0,2.0,0.0,15.0,23.0,28.0,42.0,1.0,2.0,23.0,17.0,10.0,14.0,33.0,10.0,3.0,1.09,1.13,0.8,1.0,2.0,1.0,62.27,46.0,45.38,4.0,0.46,0.34,0.34,3.14,3.16,3.14
847645384780108479542,2025,Hagel-Point-Kucherov,TBL,line,5on5,4,1984.0,18.0,0.64,0.54,0.54,20.02,1.88,1.48,4.79,0.73,10.79,8.33,1.85,1.99,1.96,12.0,16.0,10.0,38.0,0.0,3.0,0.0,4.0,0.0,8.0,13.0,12.0,28.0,4.0,8.0,10.0,7.0,3.0,11.0,21.0,6.0,1.0,0.85,0.81,0.22,0.0,0.0,0.0,40.09,28.0,30.12,3.0,0.31,0.4,0.4,1.78,1.89,1.88,16.75,1.08,1.0,4.49,0.59,9.76,7.08,1.07,1.05,1.04,15.0,9.0,9.0,33.0,1.0,2.0,0.0,4.0,0.0,6.0,11.0,14.0,23.0,2.0,4.0,19.0,13.0,1.0,4.0,21.0,3.0,0.0,0.64,0.44,0.0,1.0,0.0,0.0,31.98,24.0,23.03,3.0,0.21,0.04,0.04,1.24,1.21,1.2
847121484784408478463,2025,Beauvillier-Strome-Ovechkin,WSH,line,5on5,3,827.0,26.0,0.67,0.62,0.65,8.63,0.9,0.53,2.46,0.31,5.28,3.53,0.76,0.84,0.71,7.0,6.0,3.0,16.0,1.0,2.0,0.0,2.0,0.0,2.0,6.0,6.0,12.0,1.0,2.0,9.0,6.0,0.0,5.0,10.0,1.0,2.0,0.25,0.08,0.57,1.0,0.0,0.0,15.35,13.0,12.5,1.0,0.11,0.57,0.57,0.44,0.42,0.39,5.14,0.44,0.27,1.18,0.19,2.58,2.33,0.44,0.47,0.47,5.0,2.0,3.0,10.0,0.0,1.0,0.0,1.0,0.0,2.0,3.0,5.0,7.0,0.0,0.0,9.0,1.0,1.0,4.0,6.0,0.0,1.0,0.21,0.0,0.24,0.0,0.0,0.0,10.56,7.0,7.37,3.0,0.06,0.03,0.03,0.47,0.5,0.5
847516984788568480078,2025,Kane-Chytil-Garland,VAN,line,5on5,3,1119.0,11.0,0.42,0.54,0.45,9.97,1.12,0.73,2.32,0.36,5.46,4.01,1.07,1.1,1.06,9.0,5.0,7.0,21.0,0.0,1.0,0.0,3.0,0.0,6.0,4.0,9.0,14.0,3.0,6.0,12.0,9.0,2.0,2.0,10.0,1.0,3.0,0.21,0.17,0.74,0.0,0.0,0.0,20.27,14.0,13.42,2.0,0.15,0.26,0.26,1.01,1.01,1.01,13.77,1.56,0.94,3.1,0.39,5.96,5.05,1.55,1.59,1.57,12.0,5.0,1.0,18.0,0.0,2.0,0.0,1.0,0.0,4.0,10.0,12.0,17.0,0.0,0.0,7.0,8.0,3.0,8.0,10.0,5.0,2.0,0.23,0.71,0.62,0.0,0.0,0.0,19.18,17.0,18.16,4.0,0.2,0.18,0.18,1.58,1.59,1.58
847744484827038484144,2025,Burakovsky-Bedard-Dach,CHI,line,5on5,3,1591.0,5.0,0.26,0.49,0.47,10.47,0.49,0.6,2.74,0.35,6.25,4.56,0.47,0.5,0.49,11.0,4.0,5.0,20.0,1.0,1.0,0.0,3.0,0.0,4.0,6.0,10.0,14.0,1.0,2.0,8.0,26.0,4.0,6.0,14.0,1.0,0.0,0.4,0.09,0.0,1.0,0.0,0.0,20.36,15.0,15.24,2.0,0.12,0.03,0.03,0.58,0.6,0.58,13.06,1.4,0.89,2.95,0.39,6.45,4.91,1.36,1.43,1.38,11.0,6.0,4.0,21.0,1.0,0.0,0.0,2.0,0.0,6.0,8.0,10.0,16.0,4.0,8.0,12.0,8.0,0.0,12.0,9.0,7.0,1.0,0.17,0.97,0.26,0.0,1.0,0.0,21.19,17.0,17.11,5.0,0.18,0.0,0.0,1.59,1.61,1.56
84808748482142,2025,Drysdale-Ginning,PHI,pairing,5on5,3,1256.0,15.0,0.51,0.5,0.41,9.09,0.82,0.65,2.25,0.3,5.18,3.8,0.82,0.83,0.83,6.0,7.0,7.0,20.0,0.0,1.0,0.0,2.0,0.0,4.0,6.0,6.0,13.0,2.0,4.0,12.0,5.0,2.0,11.0,11.0,1.0,1.0,0.33,0.19,0.3,0.0,0.0,0.0,20.06,13.0,12.96,5.0,0.13,0.3,0.3,0.65,0.66,0.66,13.57,0.78,0.78,3.44,0.43,7.81,5.76,0.77,0.78,0.77,13.0,6.0,1.0,20.0,0.0,0.0,0.0,5.0,0.0,6.0,8.0,13.0,19.0,2.0,4.0,7.0,9.0,2.0,7.0,16.0,3.0,0.0,0.47,0.31,0.0,0.0,0.0,0.0,19.94,19.0,19.02,4.0,0.16,0.0,0.0,0.94,0.93,0.92
847749684779568479987,2025,Geekie-Lindholm-Pastrnak,BOS,line,5on5,4,2661.0,5.0,0.43,0.49,0.55,26.34,1.5,1.39,7.11,0.91,13.94,11.15,1.49,1.47,1.46,26.0,10.0,10.0,46.0,1.0,1.0,0.0,4.0,0.0,16.0,14.0,25.0,35.0,3.0,6.0,37.0,31.0,3.0,19.0,31.0,5.0,0.0,0.78,0.72,0.0,1.0,0.0,0.0,46.04,36.0,36.12,8.0,0.29,0.17,0.17,1.61,1.59,1.57,21.62,1.96,1.52,5.45,0.77,11.9,8.39,1.91,2.0,1.95,14.0,16.0,18.0,48.0,2.0,1.0,0.0,5.0,0.0,15.0,7.0,12.0,28.0,4.0,8.0,13.0,27.0,2.0,12.0,21.0,6.0,3.0,0.57,0.66,0.74,1.0,0.0,1.0,48.49,30.0,30.84,4.0,0.31,0.28,0.28,1.99,2.06,2.04
847931884817118482720,2025,Maccelli-Matthews-Knies,TOR,line,5on5,2,1278.0,3.0,0.45,0.44,0.54,10.47,1.03,0.77,2.25,0.35,5.42,4.17,1.02,1.07,1.06,10.0,4.0,3.0,17.0,1.0,0.0,0.0,2.0,0.0,3.0,8.0,9.0,13.0,1.0,2.0,10.0,11.0,0.0,7.0,8.0,6.0,0.0,0.23,0.8,0.0,1.0,0.0,0.0,17.92,14.0,14.91,4.0,0.16,0.0,0.0,1.19,1.24,1.22,8.97,1.25,0.75,2.15,0.29,4.58,2.99,1.21,1.21,1.18,9.0,3.0,10.0,22.0,0.0,1.0,0.0,0.0,0.0,4.0,7.0,9.0,12.0,0.0,0.0,13.0,13.0,3.0,6.0,7.0,3.0,2.0,0.26,0.41,0.58,0.0,0.0,0.0,21.14,12.0,11.37,4.0,0.16,0.35,0.35,1.05,1.04,1.04
848217584826998483431,2025,Peterka-Cooley-Guenther,UTA,line,5on5,3,1751.0,6.0,0.58,0.54,0.57,17.41,1.31,1.09,4.32,0.53,9.59,7.15,1.31,1.35,1.35,17.0,7.0,9.0,33.0,2.0,0.0,0.0,9.0,0.0,5.0,8.0,15.0,22.0,1.0,2.0,5.0,8.0,1.0,9.0,18.0,5.0,1.0,0.44,0.65,0.23,1.0,1.0,0.0,33.23,24.0,24.21,3.0,0.23,0.0,0.0,1.54,1.58,1.58,13.14,0.93,0.9,3.2,0.4,7.5,5.07,0.91,0.9,0.88,12.0,6.0,10.0,28.0,1.0,1.0,0.0,2.0,0.0,10.0,4.0,11.0,17.0,1.0,2.0,21.0,11.0,3.0,11.0,13.0,5.0,0.0,0.29,0.65,0.0,0.0,1.0,0.0,27.83,18.0,17.88,5.0,0.18,0.19,0.19,0.92,0.9,0.88
847646184779898484387,2025,Couturier-Dvorak-Michkov,PHI,line,5on5,2,729.0,14.0,0.44,0.43,0.45,6.04,0.46,0.41,1.67,0.24,3.59,2.63,0.44,0.48,0.46,6.0,3.0,1.0,10.0,0.0,1.0,0.0,2.0,0.0,4.0,2.0,6.0,9.0,2.0,4.0,8.0,2.0,1.0,6.0,7.0,2.0,0.0,0.17,0.28,0.0,0.0,0.0,0.0,10.15,9.0,9.14,3.0,0.09,0.01,0.01,0.54,0.56,0.54,8.36,0.57,0.46,1.95,0.25,4.16,3.61,0.57,0.56,0.56,5.0,6.0,2.0,13.0,0.0,0.0,0.0,2.0,0.0,4.0,5.0,5.0,11.0,0.0,0.0,7.0,6.0,0.0,3.0,8.0,3.0,0.0,0.23,0.34,0.0,0.0,0.0,0.0,13.0,11.0,11.02,1.0,0.09,0.0,0.0,0.67,0.65,0.65
84783978480860,2025,Bahl-Andersson,CGY,pairing,5on5,4,3350.0,5.0,0.52,0.47,0.48,30.78,2.8,1.75,7.71,1.01,15.79,11.93,2.7,2.78,2.68,23.0,18.0,15.0,56.0,2.0,2.0,0.0,4.0,0.0,15.0,18.0,21.0,39.0,3.0,6.0,22.0,27.0,9.0,21.0,27.0,11.0,3.0,0.6,1.38,0.82,1.0,0.0,1.0,55.63,41.0,41.0,16.0,0.37,0.45,0.45,2.72,2.7,2.67,32.64,2.62,2.07,7.96,1.0,17.5,12.85,2.59,2.65,2.62,30.0,14.0,20.0,64.0,2.0,4.0,2.0,9.0,0.0,14.0,15.0,28.0,42.0,6.0,12.0,27.0,23.0,4.0,14.0,32.0,10.0,2.0,0.76,1.34,0.52,1.0,1.0,0.0,64.73,44.0,44.56,5.0,0.43,0.69,0.69,2.35,2.39,2.39
847643284827058484166,2025,Sillinger-Jenner-Fantilli,CBJ,line,5on5,3,1525.0,7.0,0.54,0.55,0.5,13.79,1.22,0.98,3.41,0.5,7.83,6.06,1.21,1.26,1.25,12.0,8.0,13.0,33.0,2.0,1.0,0.0,4.0,0.0,8.0,5.0,10.0,18.0,4.0,8.0,16.0,9.0,4.0,7.0,15.0,3.0,2.0,0.43,0.35,0.44,2.0,0.0,0.0,34.2,20.0,20.57,5.0,0.21,0.23,0.23,1.2,1.26,1.26,14.81,1.03,0.86,3.96,0.5,7.77,5.88,1.01,0.99,0.98,16.0,4.0,7.0,27.0,1.0,1.0,0.0,5.0,0.0,9.0,4.0,15.0,19.0,3.0,6.0,14.0,10.0,1.0,7.0,17.0,2.0,1.0,0.42,0.27,0.34,1.0,0.0,0.0,27.15,20.0,20.0,4.0,0.18,0.34,0.34,0.87,0.84,0.84
84764578478407,2025,Dunn-Larsson,SEA,pairing,5on5,3,2724.0,5.0,0.49,0.44,0.43,18.78,2.05,1.38,5.61,0.65,9.03,6.28,1.91,2.02,1.88,15.0,10.0,13.0,38.0,2.0,3.0,0.0,6.0,0.0,5.0,9.0,13.0,23.0,0.0,0.0,23.0,22.0,2.0,10.0,15.0,8.0,2.0,0.35,1.13,0.57,1.0,1.0,0.0,38.25,25.0,25.2,6.0,0.3,0.58,0.58,1.78,1.73,1.68,23.48,2.15,1.47,6.02,0.81,12.99,9.56,2.09,2.18,2.12,17.0,16.0,16.0,49.0,2.0,2.0,0.0,1.0,0.0,15.0,13.0,15.0,31.0,2.0,4.0,28.0,22.0,1.0,12.0,25.0,4.0,4.0,0.58,0.47,1.09,0.0,0.0,2.0,48.98,33.0,33.08,2.0,0.31,0.37,0.37,2.08,2.12,2.06
847688184784838481604,2025,Marner-Hertl-Dorofeyev,VGK,line,5on5,2,1204.0,4.0,0.67,0.64,0.65,13.98,0.97,0.91,3.89,0.53,7.78,5.92,0.95,0.98,0.97,7.0,13.0,7.0,27.0,0.0,1.0,0.0,4.0,0.0,5.0,10.0,7.0,20.0,1.0,5.0,16.0,6.0,1.0,4.0,16.0,3.0,1.0,0.34,0.4,0.22,0.0,0.0,0.0,26.76,20.0,19.81,3.0,0.19,0.01,0.01,1.15,1.17,1.15,7.81,0.47,0.46,2.41,0.31,4.27,3.07,0.47,0.47,0.46,6.0,5.0,4.0,15.0,0.0,1.0,0.0,2.0,0.0,2.0,6.0,6.0,11.0,3.0,9.0,13.0,4.0,4.0,5.0,9.0,2.0,0.0,0.24,0.24,0.0,0.0,0.0,0.0,15.2,11.0,11.24,4.0,0.1,0.15,0.15,0.42,0.42,0.41
847645484782338483512,2025,Mangiapane-Nugent-Hopkins-Savoie,EDM,line,5on5,2,950.0,6.0,0.74,0.43,0.47,7.01,0.74,0.51,1.99,0.22,3.39,2.15,0.68,0.71,0.66,8.0,1.0,4.0,13.0,0.0,2.0,0.0,2.0,0.0,3.0,2.0,8.0,9.0,2.0,4.0,6.0,3.0,0.0,3.0,6.0,1.0,2.0,0.1,0.15,0.48,0.0,0.0,0.0,12.99,9.0,9.01,0.0,0.11,0.28,0.28,0.57,0.55,0.55,7.13,0.25,0.32,1.95,0.25,3.93,3.29,0.25,0.25,0.25,3.0,7.0,7.0,17.0,0.0,0.0,0.0,1.0,0.0,5.0,4.0,3.0,10.0,1.0,2.0,10.0,10.0,2.0,9.0,9.0,1.0,0.0,0.11,0.14,0.0,0.0,0.0,0.0,16.53,10.0,9.79,5.0,0.06,0.0,0.0,0.32,0.32,0.32
847791984817898483497,2025,Kartye-Gaudreau-Nyman,SEA,line,5on5,3,1261.0,10.0,0.48,0.49,0.56,10.22,0.59,0.6,2.9,0.39,6.25,4.28,0.59,0.6,0.59,8.0,7.0,5.0,20.0,1.0,0.0,0.0,1.0,0.0,7.0,6.0,7.0,14.0,0.0,0.0,8.0,22.0,4.0,3.0,12.0,3.0,0.0,0.3,0.29,0.0,0.0,1.0,0.0,20.29,15.0,15.27,2.0,0.12,0.0,0.0,0.72,0.72,0.71,8.47,0.64,0.49,2.33,0.3,4.81,3.43,0.64,0.64,0.64,9.0,3.0,9.0,21.0,0.0,0.0,0.0,3.0,0.0,5.0,4.0,9.0,12.0,3.0,6.0,12.0,11.0,2.0,7.0,9.0,3.0,0.0,0.21,0.43,0.0,0.0,0.0,0.0,20.89,12.0,12.05,2.0,0.1,0.0,0.0,0.74,0.74,0.74
847738084793908483690,2025,Brodzinski-Laba-Raddysh,NYR,line,5on5,2,801.0,8.0,0.52,0.36,0.31,3.75,0.34,0.18,0.9,0.11,1.93,1.53,0.34,0.32,0.32,3.0,2.0,4.0,9.0,0.0,0.0,0.0,1.0,0.0,3.0,1.0,3.0,5.0,0.0,0.0,7.0,2.0,2.0,2.0,4.0,0.0,1.0,0.06,0.0,0.28,0.0,0.0,0.0,8.57,5.0,4.8,0.0,0.04,0.0,0.0,0.38,0.35,0.35,8.09,0.32,0.35,1.97,0.24,4.15,3.98,0.32,0.33,0.33,6.0,5.0,5.0,16.0,0.0,0.0,0.0,1.0,0.0,4.0,6.0,6.0,11.0,1.0,2.0,4.0,4.0,0.0,2.0,10.0,1.0,0.0,0.16,0.15,0.0,0.0,0.0,0.0,16.99,11.0,11.73,0.0,0.07,0.0,0.0,0.38,0.41,0.41
848074884820558482691,2025,O'Connor-Raty-Sherwood,VAN,line,5on5,3,658.0,23.0,0.32,0.43,0.45,3.65,0.11,0.15,1.03,0.15,2.09,1.48,0.11,0.11,0.11,3.0,2.0,1.0,6.0,1.0,0.0,0.0,1.0,0.0,1.0,2.0,2.0,4.0,3.0,6.0,7.0,12.0,1.0,0.0,5.0,0.0,0.0,0.11,0.0,0.0,1.0,0.0,0.0,6.36,5.0,5.15,0.0,0.03,0.0,0.0,0.14,0.14,0.14,3.7,0.23,0.32,0.95,0.17,2.57,1.76,0.23,0.23,0.23,1.0,5.0,2.0,8.0,0.0,0.0,0.0,0.0,0.0,4.0,2.0,1.0,6.0,1.0,2.0,6.0,6.0,0.0,5.0,6.0,0.0,0.0,0.23,0.0,0.0,0.0,0.0,0.0,7.89,6.0,5.99,3.0,0.07,0.0,0.0,0.29,0.3,0.3
84763728477948,2025,Sanheim-Seeler,PHI,pairing,5on5,3,2549.0,3.0,0.36,0.38,0.43,16.3,1.59,1.2,4.0,0.64,9.33,7.24,1.57,1.62,1.6,13.0,11.0,6.0,30.0,1.0,1.0,0.0,3.0,0.0,13.0,6.0,12.0,23.0,3.0,6.0,36.0,18.0,2.0,17.0,16.0,7.0,1.0,0.5,0.88,0.21,0.0,1.0,0.0,30.47,24.0,24.32,11.0,0.25,0.01,0.01,1.83,1.87,1.84,23.69,2.88,1.65,5.96,0.85,11.89,8.78,2.58,2.82,2.52,21.0,11.0,16.0,48.0,1.0,4.0,0.0,6.0,0.0,12.0,9.0,20.0,31.0,2.0,4.0,26.0,15.0,1.0,13.0,18.0,10.0,4.0,0.35,1.29,1.23,0.0,1.0,0.0,47.08,32.0,31.5,6.0,0.35,0.94,0.94,2.28,2.24,2.15
847168584779608483808,2025,Kuzmenko-Kopitar-Kempe,LAK,line,5on5,4,2366.0,7.0,0.58,0.54,0.56,19.41,1.52,1.25,4.67,0.61,10.63,8.32,1.51,1.58,1.56,21.0,6.0,17.0,44.0,2.0,0.0,0.0,6.0,0.0,7.0,12.0,19.0,25.0,4.0,8.0,21.0,26.0,5.0,13.0,20.0,7.0,0.0,0.5,1.02,0.0,1.0,1.0,0.0,43.67,27.0,27.05,7.0,0.26,0.0,0.0,1.78,1.84,1.82,15.53,1.11,0.94,4.69,0.52,7.98,5.76,1.04,1.1,1.03,14.0,7.0,17.0,38.0,0.0,3.0,0.0,4.0,0.0,8.0,6.0,14.0,21.0,4.0,8.0,15.0,16.0,4.0,15.0,16.0,5.0,0.0,0.39,0.72,0.0,0.0,0.0,0.0,38.45,21.0,20.78,8.0,0.2,0.34,0.34,0.97,0.96,0.93
84821058482245,2025,Sanderson-Zub,OTT,pairing,5on5,3,2197.0,7.0,0.64,0.63,0.67,22.22,1.54,1.23,6.31,0.65,11.07,8.2,1.49,1.57,1.52,23.0,6.0,12.0,41.0,2.0,1.0,1.0,5.0,0.0,10.0,11.0,21.0,27.0,5.0,13.0,37.0,22.0,2.0,14.0,23.0,4.0,2.0,0.49,0.55,0.5,0.0,1.0,1.0,40.17,29.0,28.66,6.0,0.26,0.28,0.28,1.52,1.52,1.51,10.55,0.87,0.6,2.77,0.34,5.4,4.01,0.87,0.89,0.88,9.0,5.0,10.0,24.0,1.0,0.0,0.0,2.0,0.0,8.0,3.0,8.0,13.0,4.0,11.0,13.0,21.0,3.0,14.0,10.0,4.0,0.0,0.28,0.59,0.0,1.0,0.0,0.0,25.37,14.0,14.7,6.0,0.13,0.0,0.0,1.0,1.02,1.02
847456484751588476887,2025,Forsberg-O'Reilly-Stamkos,NSH,line,5on5,4,824.0,23.0,0.68,0.59,0.52,8.62,0.84,0.6,2.07,0.32,4.81,3.37,0.82,0.86,0.84,8.0,4.0,8.0,20.0,1.0,2.0,0.0,2.0,0.0,5.0,2.0,7.0,11.0,1.0,2.0,9.0,2.0,2.0,2.0,7.0,5.0,0.0,0.16,0.68,0.0,0.0,1.0,0.0,19.57,12.0,12.07,1.0,0.12,0.32,0.32,0.64,0.66,0.64,7.83,0.4,0.45,1.89,0.23,4.65,3.36,0.4,0.39,0.39,7.0,4.0,3.0,14.0,0.0,0.0,0.0,3.0,0.0,4.0,4.0,7.0,11.0,0.0,0.0,8.0,6.0,0.0,3.0,10.0,1.0,0.0,0.29,0.11,0.0,0.0,0.0,0.0,14.03,11.0,10.92,1.0,0.09,0.0,0.0,0.49,0.48,0.48
84779868479324,2025,Lindgren-Montour,SEA,pairing,5on5,3,2804.0,4.0,0.44,0.36,0.41,17.26,1.43,1.0,4.37,0.58,9.64,7.0,1.41,1.42,1.41,14.0,10.0,8.0,32.0,1.0,1.0,0.0,2.0,0.0,7.0,13.0,13.0,23.0,3.0,9.0,18.0,34.0,7.0,17.0,19.0,4.0,1.0,0.49,0.53,0.41,0.0,1.0,0.0,32.18,24.0,24.19,5.0,0.21,0.41,0.41,1.22,1.24,1.23,24.02,1.85,1.71,6.42,0.88,13.4,9.74,1.81,1.9,1.86,22.0,12.0,22.0,56.0,0.0,2.0,0.0,5.0,0.0,18.0,9.0,22.0,34.0,2.0,7.0,32.0,19.0,2.0,18.0,27.0,7.0,0.0,0.87,0.98,0.0,0.0,0.0,0.0,56.34,34.0,34.45,9.0,0.36,0.16,0.16,2.05,2.1,2.07
847645984785508482109,2025,Lafrenire-Zibanejad-Panarin,NYR,line,5on5,4,2440.0,9.0,0.5,0.52,0.59,24.46,1.84,1.65,6.14,0.78,13.92,9.66,1.83,1.86,1.84,23.0,11.0,10.0,44.0,0.0,2.0,0.0,4.0,0.0,15.0,13.0,23.0,34.0,1.0,2.0,16.0,14.0,3.0,16.0,26.0,7.0,1.0,0.76,0.81,0.28,0.0,0.0,0.0,42.78,34.0,33.08,10.0,0.33,0.31,0.31,1.87,1.85,1.84,16.8,1.88,1.15,4.17,0.58,9.25,6.97,1.76,1.98,1.86,18.0,6.0,16.0,40.0,1.0,1.0,0.0,5.0,0.0,7.0,10.0,17.0,23.0,1.0,2.0,14.0,14.0,3.0,12.0,19.0,3.0,2.0,0.72,0.48,0.68,1.0,0.0,0.0,40.19,24.0,24.26,4.0,0.24,0.2,0.2,1.91,2.0,1.98
84745748477969,2025,Pettersson-Myers,VAN,pairing,5on5,3,1505.0,8.0,0.22,0.36,0.37,7.16,0.27,0.36,1.89,0.26,3.92,3.3,0.26,0.27,0.26,6.0,4.0,3.0,13.0,2.0,0.0,0.0,0.0,0.0,3.0,5.0,4.0,8.0,4.0,8.0,11.0,11.0,4.0,7.0,10.0,0.0,0.0,0.27,0.0,0.0,2.0,0.0,0.0,13.11,10.0,10.07,1.0,0.07,0.0,0.0,0.34,0.35,0.33,12.79,0.94,0.85,3.07,0.4,6.43,5.31,0.94,0.94,0.94,10.0,7.0,6.0,23.0,1.0,1.0,1.0,1.0,0.0,8.0,6.0,9.0,16.0,1.0,2.0,8.0,13.0,0.0,8.0,14.0,2.0,1.0,0.41,0.29,0.24,0.0,1.0,0.0,22.94,17.0,17.04,4.0,0.18,0.14,0.14,0.98,0.97,0.97
847795184793438480855,2025,Schmaltz-Mcbain-Keller,UTA,line,5on5,2,1158.0,2.0,0.52,0.44,0.54,11.57,1.3,0.75,3.1,0.34,5.63,3.88,1.24,1.34,1.27,12.0,3.0,3.0,18.0,1.0,3.0,0.0,5.0,0.0,4.0,2.0,11.0,14.0,2.0,4.0,5.0,4.0,0.0,8.0,11.0,1.0,3.0,0.31,0.14,0.85,0.0,0.0,1.0,18.01,15.0,14.93,2.0,0.16,0.56,0.56,0.9,0.93,0.91,9.8,1.19,0.64,2.48,0.32,4.89,3.48,1.11,1.17,1.09,6.0,7.0,10.0,23.0,1.0,4.0,0.0,0.0,0.0,4.0,4.0,5.0,12.0,0.0,0.0,14.0,11.0,2.0,6.0,9.0,2.0,2.0,0.3,0.34,0.54,1.0,0.0,0.0,22.98,13.0,13.23,5.0,0.13,0.7,0.7,0.62,0.61,0.6
84788518482964,2025,Xhekaj-Carrier,MTL,pairing,5on5,4,1705.0,13.0,0.3,0.42,0.39,11.03,0.76,0.67,2.67,0.37,6.7,4.83,0.76,0.79,0.79,11.0,5.0,10.0,26.0,3.0,0.0,0.0,4.0,0.0,2.0,7.0,8.0,13.0,5.0,10.0,11.0,16.0,3.0,4.0,13.0,2.0,1.0,0.28,0.28,0.21,1.0,1.0,1.0,28.0,16.0,16.65,1.0,0.14,0.0,0.0,0.9,0.94,0.94,19.22,1.81,1.25,5.08,0.66,9.44,6.77,1.7,1.74,1.64,17.0,8.0,11.0,36.0,3.0,3.0,0.0,4.0,0.0,7.0,8.0,14.0,22.0,2.0,4.0,18.0,26.0,3.0,8.0,15.0,9.0,1.0,0.4,1.17,0.23,0.0,3.0,0.0,34.08,25.0,23.98,4.0,0.26,0.37,0.37,1.7,1.65,1.56
847584284817268482460,2025,Edstrom-Carrick-Rempe,NYR,line,5on5,5,2527.0,15.0,0.69,0.63,0.58,23.92,2.74,1.66,5.88,0.77,12.11,8.84,2.62,2.85,2.72,19.0,13.0,21.0,53.0,2.0,3.0,1.0,5.0,0.0,14.0,8.0,17.0,30.0,1.0,2.0,15.0,33.0,3.0,12.0,21.0,5.0,6.0,0.56,0.67,1.5,1.0,0.0,1.0,54.09,32.0,32.5,10.0,0.35,0.38,0.38,2.71,2.79,2.75,16.76,1.21,0.97,4.14,0.58,9.17,6.92,1.21,1.24,1.24,15.0,8.0,8.0,31.0,1.0,0.0,0.0,2.0,0.0,7.0,13.0,14.0,22.0,1.0,2.0,14.0,19.0,2.0,22.0,18.0,4.0,1.0,0.47,0.54,0.2,0.0,1.0,0.0,31.7,23.0,23.77,12.0,0.2,0.0,0.0,1.41,1.44,1.44
84745638475208,2025,Dumoulin-Doughty,LAK,pairing,5on5,2,956.0,6.0,0.74,0.6,0.56,6.49,0.35,0.36,1.58,0.21,3.59,2.92,0.35,0.34,0.34,7.0,2.0,3.0,12.0,0.0,1.0,0.0,1.0,0.0,4.0,3.0,7.0,9.0,1.0,2.0,8.0,5.0,2.0,7.0,8.0,1.0,0.0,0.24,0.11,0.0,0.0,0.0,0.0,11.31,9.0,8.83,3.0,0.07,0.02,0.02,0.4,0.39,0.39,4.91,0.13,0.24,1.47,0.15,2.89,2.12,0.13,0.13,0.13,3.0,4.0,1.0,8.0,0.0,0.0,0.0,3.0,0.0,1.0,3.0,3.0,7.0,0.0,0.0,10.0,8.0,2.0,3.0,7.0,0.0,0.0,0.13,0.0,0.0,0.0,0.0,0.0,8.41,7.0,7.24,1.0,0.05,0.0,0.0,0.17,0.17,0.17
847794284821248482155,2025,Fiala-Byfield-Laferriere,LAK,line,5on5,4,1617.0,10.0,0.44,0.45,0.41,11.11,0.69,0.59,3.28,0.37,5.89,4.17,0.69,0.68,0.67,12.0,3.0,10.0,25.0,0.0,1.0,0.0,4.0,0.0,7.0,3.0,12.0,15.0,3.0,6.0,10.0,20.0,4.0,11.0,13.0,1.0,1.0,0.29,0.08,0.32,0.0,0.0,0.0,24.57,15.0,14.6,5.0,0.12,0.32,0.32,0.49,0.49,0.49,16.09,0.89,0.89,4.0,0.48,8.9,6.85,0.88,0.89,0.88,16.0,6.0,8.0,30.0,2.0,0.0,0.0,3.0,0.0,10.0,7.0,14.0,20.0,3.0,6.0,25.0,13.0,1.0,13.0,18.0,4.0,0.0,0.45,0.44,0.0,1.0,1.0,0.0,29.77,22.0,21.83,5.0,0.18,0.0,0.0,1.07,1.07,1.06
847647984779988479675,2025,Foegele-Danault-Moore,LAK,line,5on5,4,2315.0,9.0,0.41,0.44,0.36,11.18,0.77,0.66,2.75,0.37,6.0,4.44,0.77,0.75,0.75,10.0,5.0,13.0,28.0,0.0,0.0,0.0,1.0,0.0,9.0,5.0,10.0,15.0,1.0,2.0,18.0,21.0,2.0,23.0,12.0,2.0,1.0,0.24,0.27,0.27,0.0,0.0,0.0,27.05,15.0,14.68,12.0,0.14,0.0,0.0,0.91,0.88,0.88,18.67,1.11,1.16,4.9,0.66,11.17,8.0,1.1,1.09,1.09,11.0,16.0,9.0,36.0,1.0,0.0,0.0,3.0,0.0,7.0,16.0,10.0,26.0,1.0,2.0,18.0,25.0,5.0,12.0,22.0,5.0,0.0,0.49,0.62,0.0,1.0,0.0,0.0,35.87,27.0,26.88,5.0,0.24,0.0,0.0,1.35,1.32,1.32
847514984774518478508,2025,Johansson-Hartman-Trenin,MIN,line,5on5,2,1058.0,5.0,0.76,0.53,0.67,12.34,1.85,0.84,2.4,0.37,5.76,4.78,1.82,1.83,1.8,13.0,3.0,2.0,18.0,2.0,2.0,0.0,3.0,0.0,4.0,5.0,11.0,14.0,0.0,0.0,11.0,8.0,3.0,5.0,8.0,4.0,4.0,0.15,0.54,1.16,1.0,1.0,0.0,18.52,16.0,16.41,1.0,0.18,0.65,0.65,1.38,1.41,1.38,5.6,0.57,0.44,1.33,0.26,3.18,2.22,0.57,0.56,0.56,4.0,4.0,8.0,16.0,1.0,1.0,0.0,0.0,0.0,2.0,4.0,3.0,7.0,0.0,0.0,8.0,19.0,1.0,4.0,6.0,1.0,1.0,0.18,0.18,0.21,0.0,1.0,0.0,16.18,8.0,7.85,0.0,0.1,0.01,0.01,0.66,0.65,0.65
847637484803558482177,2025,Khusnutdinov-Kuraly-Kastelic,BOS,line,5on5,4,1533.0,15.0,0.71,0.59,0.67,19.02,1.44,1.07,5.67,0.64,9.78,7.4,1.41,1.44,1.41,17.0,9.0,4.0,30.0,0.0,3.0,0.0,7.0,0.0,11.0,5.0,17.0,26.0,4.0,8.0,20.0,13.0,3.0,9.0,21.0,3.0,2.0,0.51,0.37,0.57,0.0,0.0,0.0,29.54,26.0,25.61,5.0,0.22,0.65,0.65,1.02,1.01,0.99,10.16,0.58,0.59,3.06,0.3,4.89,3.58,0.58,0.62,0.62,6.0,7.0,8.0,21.0,1.0,0.0,0.0,1.0,0.0,6.0,5.0,5.0,12.0,5.0,10.0,18.0,21.0,1.0,6.0,11.0,2.0,0.0,0.3,0.28,0.0,1.0,0.0,0.0,21.44,13.0,13.19,5.0,0.12,0.0,0.0,0.71,0.75,0.75
847750384815828482259,2025,Robertson-Domi-Mcmann,TOR,line,5on5,3,1080.0,13.0,0.66,0.52,0.54,11.05,0.9,0.83,2.38,0.33,6.37,4.2,0.89,0.88,0.87,9.0,6.0,7.0,22.0,1.0,0.0,0.0,3.0,0.0,6.0,5.0,8.0,14.0,1.0,2.0,9.0,11.0,0.0,8.0,10.0,5.0,0.0,0.29,0.6,0.0,0.0,1.0,0.0,21.83,15.0,14.93,7.0,0.17,0.0,0.0,1.07,1.04,1.04,9.2,0.46,0.48,2.34,0.29,5.17,4.27,0.46,0.48,0.48,6.0,7.0,7.0,20.0,0.0,0.0,0.0,3.0,0.0,6.0,4.0,6.0,13.0,0.0,0.0,12.0,2.0,5.0,2.0,11.0,2.0,0.0,0.2,0.26,0.0,0.0,0.0,0.0,20.27,13.0,13.3,2.0,0.1,0.0,0.0,0.56,0.58,0.58
84793258482511,2025,Lohrei-Mcavoy,BOS,pairing,5on5,4,2742.0,7.0,0.41,0.57,0.56,22.1,1.42,1.41,5.45,0.77,12.69,9.27,1.41,1.35,1.34,21.0,10.0,12.0,43.0,1.0,1.0,0.0,4.0,0.0,9.0,16.0,20.0,30.0,4.0,8.0,33.0,20.0,1.0,12.0,27.0,4.0,0.0,0.88,0.54,0.0,1.0,0.0,0.0,41.99,31.0,30.22,3.0,0.28,0.11,0.11,1.6,1.53,1.52,19.01,2.03,1.37,4.79,0.57,8.98,6.26,1.96,2.2,2.13,11.0,13.0,9.0,33.0,2.0,4.0,1.0,4.0,0.0,7.0,7.0,9.0,22.0,5.0,10.0,23.0,26.0,7.0,16.0,15.0,5.0,4.0,0.35,0.68,1.0,0.0,0.0,2.0,34.2,24.0,25.16,9.0,0.29,0.84,0.84,1.48,1.57,1.56
84769028480036,2025,Lindell-Heiskanen,DAL,pairing,5on5,3,2192.0,4.0,0.54,0.5,0.53,19.86,1.58,1.29,4.83,0.6,10.28,7.42,1.5,1.66,1.57,20.0,6.0,8.0,34.0,3.0,1.0,1.0,4.0,0.0,8.0,10.0,17.0,23.0,2.0,4.0,23.0,9.0,1.0,7.0,19.0,6.0,1.0,0.57,0.62,0.39,1.0,1.0,1.0,36.24,26.0,27.13,4.0,0.27,0.39,0.39,1.47,1.52,1.48,16.87,1.34,1.06,4.18,0.56,8.95,6.9,1.27,1.33,1.26,15.0,8.0,11.0,34.0,1.0,2.0,0.0,1.0,0.0,8.0,11.0,14.0,22.0,6.0,12.0,19.0,20.0,5.0,11.0,18.0,4.0,1.0,0.59,0.42,0.33,1.0,0.0,0.0,32.47,23.0,22.4,4.0,0.22,0.37,0.37,1.19,1.16,1.14
848002884807978481068,2025,Farabee-Frost-Sharangovich,CGY,line,5on5,4,1672.0,16.0,0.44,0.45,0.48,14.8,1.17,0.92,3.46,0.47,8.38,5.59,1.08,1.15,1.06,14.0,6.0,8.0,28.0,1.0,1.0,0.0,4.0,0.0,7.0,7.0,13.0,19.0,0.0,0.0,20.0,11.0,3.0,9.0,15.0,4.0,1.0,0.35,0.62,0.2,1.0,0.0,0.0,27.5,20.0,19.84,5.0,0.19,0.19,0.19,1.17,1.15,1.09,16.95,1.48,1.16,4.0,0.53,8.41,6.42,1.47,1.57,1.55,17.0,5.0,12.0,34.0,1.0,1.0,0.0,6.0,0.0,5.0,9.0,16.0,21.0,3.0,6.0,10.0,19.0,4.0,8.0,13.0,9.0,0.0,0.31,1.17,0.0,0.0,1.0,0.0,34.53,22.0,22.66,4.0,0.25,0.07,0.07,1.66,1.75,1.73
847847484788318479977,2025,Crouse-Stenlund-Yamamoto,UTA,line,5on5,2,657.0,6.0,0.27,0.48,0.42,7.4,0.41,0.34,1.84,0.23,3.98,3.2,0.41,0.42,0.42,6.0,4.0,4.0,14.0,0.0,0.0,0.0,2.0,0.0,4.0,4.0,6.0,10.0,1.0,2.0,8.0,3.0,0.0,9.0,8.0,2.0,0.0,0.16,0.25,0.0,0.0,0.0,0.0,14.16,10.0,9.97,5.0,0.07,0.0,0.0,0.48,0.49,0.49,9.67,1.09,0.65,2.67,0.37,5.36,3.85,1.07,1.06,1.04,10.0,4.0,1.0,15.0,0.0,2.0,0.0,2.0,0.0,7.0,3.0,10.0,14.0,1.0,2.0,10.0,3.0,0.0,10.0,8.0,4.0,2.0,0.19,0.41,0.5,0.0,0.0,0.0,14.83,14.0,13.95,5.0,0.14,0.5,0.5,0.73,0.7,0.69
84808788481581,2025,Harley-Lundkvist,DAL,pairing,5on5,3,2127.0,5.0,0.46,0.38,0.44,12.83,1.2,0.9,3.01,0.4,6.59,4.88,1.12,1.3,1.22,12.0,5.0,7.0,24.0,3.0,2.0,0.0,1.0,0.0,6.0,5.0,9.0,14.0,6.0,12.0,13.0,14.0,2.0,8.0,12.0,4.0,1.0,0.41,0.57,0.22,2.0,1.0,0.0,26.25,17.0,18.46,5.0,0.19,0.4,0.4,0.99,1.09,1.07,15.5,1.39,1.06,3.47,0.5,8.84,6.74,1.37,1.33,1.31,13.0,9.0,18.0,40.0,2.0,0.0,0.0,5.0,0.0,7.0,8.0,11.0,20.0,0.0,0.0,18.0,15.0,5.0,12.0,16.0,4.0,2.0,0.53,0.43,0.43,0.0,1.0,1.0,37.77,22.0,21.23,7.0,0.22,0.0,0.0,1.6,1.54,1.52
84751718481122,2025,Ekman-Larsson-Benoit,TOR,pairing,5on5,4,2961.0,10.0,0.63,0.53,0.54,28.25,2.47,1.99,6.93,0.93,15.16,10.52,2.42,2.38,2.34,26.0,12.0,13.0,51.0,3.0,3.0,0.0,11.0,0.0,7.0,14.0,23.0,35.0,4.0,8.0,33.0,30.0,3.0,15.0,27.0,9.0,2.0,0.87,1.04,0.55,1.0,2.0,0.0,51.59,38.0,37.69,4.0,0.41,0.65,0.65,2.24,2.18,2.16,22.13,1.43,1.36,5.31,0.73,13.29,9.88,1.4,1.41,1.38,19.0,13.0,14.0,46.0,2.0,0.0,0.0,5.0,0.0,10.0,15.0,17.0,30.0,1.0,2.0,24.0,16.0,2.0,10.0,27.0,5.0,0.0,0.84,0.59,0.0,1.0,1.0,0.0,45.29,32.0,31.34,3.0,0.28,0.0,0.0,1.71,1.69,1.65
847795384793658481617,2025,Kapanen-Frederic-Podkolzin,EDM,line,5on5,1,638.0,1.0,0.23,0.42,0.5,4.23,0.24,0.23,1.06,0.13,2.46,1.88,0.24,0.26,0.26,2.0,4.0,4.0,10.0,1.0,0.0,0.0,0.0,0.0,2.0,3.0,1.0,5.0,1.0,2.0,4.0,5.0,0.0,2.0,5.0,1.0,0.0,0.11,0.13,0.0,0.0,1.0,0.0,10.53,6.0,6.32,1.0,0.04,0.0,0.0,0.29,0.31,0.31,4.89,0.81,0.42,0.94,0.12,2.07,1.65,0.81,0.76,0.76,5.0,1.0,8.0,14.0,0.0,0.0,0.0,1.0,0.0,2.0,3.0,5.0,6.0,0.0,0.0,4.0,4.0,0.0,3.0,3.0,1.0,2.0,0.15,0.11,0.55,0.0,0.0,0.0,13.25,6.0,5.72,3.0,0.09,0.0,0.0,0.9,0.85,0.85
84783968480727,2025,Hanifin-Whitecloud,VGK,pairing,5on5,1,961.0,1.0,0.5,0.59,0.61,10.09,0.53,0.54,2.65,0.32,5.63,4.34,0.53,0.51,0.51,11.0,3.0,3.0,17.0,1.0,1.0,0.0,2.0,0.0,3.0,7.0,10.0,13.0,0.0,0.0,9.0,5.0,1.0,8.0,11.0,3.0,0.0,0.14,0.39,0.0,0.0,1.0,0.0,15.95,14.0,13.18,2.0,0.11,0.14,0.14,0.5,0.48,0.48,6.5,0.53,0.45,1.71,0.19,3.56,2.57,0.53,0.56,0.56,8.0,1.0,3.0,12.0,1.0,0.0,0.0,1.0,0.0,4.0,3.0,7.0,8.0,0.0,0.0,5.0,13.0,2.0,6.0,7.0,1.0,1.0,0.22,0.08,0.23,0.0,0.0,1.0,12.71,9.0,9.51,0.0,0.09,0.0,0.0,0.62,0.66,0.66
84773468482624,2025,Weegar-Miromanov,CGY,pairing,5on5,1,838.0,2.0,0.22,0.33,0.29,3.7,0.2,0.18,0.86,0.11,2.09,1.55,0.2,0.2,0.2,4.0,1.0,3.0,8.0,2.0,0.0,0.0,2.0,0.0,0.0,1.0,2.0,3.0,0.0,0.0,7.0,4.0,0.0,2.0,4.0,1.0,0.0,0.09,0.11,0.0,1.0,1.0,0.0,8.19,5.0,5.09,1.0,0.04,0.0,0.0,0.23,0.24,0.24,9.21,0.72,0.56,2.19,0.29,4.59,3.65,0.72,0.76,0.76,9.0,3.0,4.0,16.0,2.0,0.0,0.0,2.0,0.0,0.0,8.0,7.0,10.0,0.0,0.0,10.0,7.0,1.0,2.0,9.0,2.0,1.0,0.22,0.23,0.27,0.0,1.0,1.0,15.75,12.0,11.87,0.0,0.12,0.0,0.0,0.84,0.88,0.88
84764638482122,2025,Brodin-Faber,MIN,pairing,5on5,3,3065.0,3.0,0.52,0.55,0.55,28.68,1.93,1.75,7.37,0.97,15.65,12.34,1.88,1.85,1.8,31.0,9.0,17.0,57.0,0.0,2.0,0.0,9.0,0.0,16.0,13.0,31.0,40.0,1.0,2.0,22.0,21.0,8.0,14.0,33.0,5.0,2.0,0.71,0.63,0.59,0.0,0.0,0.0,54.59,40.0,38.25,6.0,0.35,0.59,0.59,1.69,1.63,1.59,23.93,1.75,1.39,5.69,0.78,13.27,10.13,1.74,1.79,1.78,24.0,9.0,14.0,47.0,2.0,0.0,0.0,5.0,1.0,7.0,18.0,22.0,31.0,7.0,14.0,34.0,18.0,1.0,14.0,26.0,5.0,2.0,0.69,0.58,0.48,1.0,0.0,1.0,48.41,33.0,33.71,9.0,0.29,0.0,0.0,2.04,2.08,2.07
847578484808488484911,2025,Skinner-Dellandrea-Graf,SJS,line,5on5,2,861.0,6.0,0.66,0.5,0.52,8.92,1.41,0.65,2.41,0.36,4.21,2.97,1.25,1.38,1.23,9.0,3.0,3.0,15.0,2.0,4.0,1.0,2.0,0.0,3.0,1.0,7.0,10.0,1.0,2.0,8.0,12.0,0.0,10.0,7.0,2.0,3.0,0.2,0.35,0.85,1.0,0.0,1.0,14.99,12.0,12.07,7.0,0.14,1.04,1.04,0.51,0.49,0.48,8.24,0.73,0.48,2.22,0.25,4.03,3.28,0.73,0.75,0.74,9.0,2.0,4.0,15.0,1.0,0.0,0.0,3.0,0.0,3.0,4.0,8.0,10.0,1.0,2.0,7.0,6.0,1.0,6.0,8.0,2.0,1.0,0.2,0.33,0.21,0.0,0.0,1.0,14.81,11.0,10.87,3.0,0.1,0.0,0.0,0.83,0.85,0.84
84817198482929,2025,Lilleberg-Crozier,TBL,pairing,5on5,4,2138.0,11.0,0.45,0.51,0.51,18.19,1.3,1.04,4.93,0.59,8.94,7.2,1.25,1.4,1.33,16.0,8.0,7.0,31.0,2.0,3.0,1.0,1.0,0.0,9.0,9.0,14.0,22.0,5.0,13.0,10.0,28.0,2.0,11.0,20.0,2.0,2.0,0.55,0.31,0.44,1.0,0.0,1.0,32.11,24.0,25.48,3.0,0.22,0.6,0.6,0.92,0.96,0.94,17.46,1.61,1.08,4.44,0.54,8.73,6.6,1.56,1.62,1.57,17.0,6.0,7.0,30.0,1.0,2.0,0.0,6.0,0.0,5.0,9.0,16.0,22.0,6.0,15.0,19.0,29.0,3.0,13.0,16.0,4.0,3.0,0.27,0.56,0.79,0.0,0.0,1.0,30.57,23.0,22.66,10.0,0.23,0.55,0.55,1.29,1.32,1.31
847516684779398482259,2025,Mcmann-Tavares-Nylander,TOR,line,5on5,3,1199.0,15.0,0.4,0.41,0.39,9.3,0.73,0.61,2.29,0.33,5.33,3.71,0.72,0.7,0.7,10.0,3.0,4.0,17.0,1.0,0.0,0.0,4.0,0.0,4.0,4.0,9.0,12.0,2.0,4.0,9.0,11.0,1.0,3.0,10.0,2.0,1.0,0.27,0.24,0.22,0.0,1.0,0.0,17.04,13.0,12.81,1.0,0.13,0.0,0.0,0.86,0.83,0.82,12.93,1.11,0.93,3.06,0.51,8.55,5.84,1.07,1.04,1.01,10.0,10.0,4.0,24.0,0.0,1.0,0.0,1.0,0.0,10.0,8.0,10.0,20.0,0.0,0.0,9.0,7.0,2.0,7.0,15.0,5.0,0.0,0.59,0.52,0.0,0.0,0.0,0.0,22.52,20.0,18.81,1.0,0.19,0.08,0.08,1.22,1.15,1.11
84769238478460,2025,Werenski-Severson,CBJ,pairing,5on5,3,652.0,13.0,0.57,0.62,0.63,8.29,0.64,0.51,2.17,0.29,5.0,3.38,0.63,0.67,0.66,8.0,4.0,6.0,18.0,1.0,0.0,0.0,2.0,0.0,5.0,4.0,7.0,11.0,1.0,2.0,10.0,7.0,0.0,2.0,9.0,3.0,0.0,0.26,0.38,0.0,1.0,0.0,0.0,18.25,12.0,12.39,1.0,0.11,0.0,0.0,0.75,0.79,0.77,5.05,0.48,0.42,1.04,0.17,2.89,2.0,0.47,0.48,0.47,6.0,1.0,4.0,11.0,0.0,1.0,0.0,2.0,0.0,1.0,3.0,6.0,7.0,0.0,0.0,8.0,2.0,0.0,3.0,5.0,2.0,0.0,0.14,0.34,0.0,0.0,0.0,0.0,11.24,7.0,7.18,1.0,0.09,0.19,0.19,0.38,0.38,0.37
848161884827758484984,2025,Newhook-Kapanen-Demidov,MTL,line,5on5,4,1936.0,12.0,0.26,0.33,0.29,8.91,0.57,0.51,2.48,0.29,5.24,3.92,0.57,0.58,0.58,8.0,5.0,6.0,19.0,2.0,0.0,0.0,2.0,0.0,3.0,6.0,6.0,11.0,2.0,7.0,13.0,16.0,2.0,9.0,10.0,2.0,1.0,0.16,0.19,0.21,0.0,1.0,1.0,19.51,13.0,13.1,6.0,0.1,0.0,0.0,0.67,0.69,0.69,23.16,1.63,1.43,6.4,0.78,12.89,8.86,1.53,1.57,1.48,24.0,8.0,6.0,38.0,1.0,3.0,0.0,6.0,0.0,15.0,7.0,23.0,31.0,4.0,11.0,22.0,20.0,8.0,10.0,26.0,5.0,1.0,0.71,0.68,0.23,0.0,1.0,0.0,36.78,32.0,31.11,4.0,0.3,0.42,0.42,1.51,1.47,1.39
848001884815408483515,2025,Slafkovsk-Suzuki-Caufield,MTL,line,5on5,4,2706.0,4.0,0.71,0.69,0.75,28.98,2.88,2.15,7.01,1.01,16.06,11.91,2.67,3.02,2.8,26.0,15.0,15.0,56.0,3.0,3.0,0.0,5.0,0.0,15.0,15.0,23.0,38.0,3.0,6.0,23.0,29.0,1.0,9.0,30.0,8.0,3.0,1.13,1.0,0.75,3.0,0.0,0.0,58.45,41.0,42.63,5.0,0.45,0.56,0.56,2.77,2.91,2.8,9.9,1.15,0.79,2.15,0.38,5.64,3.9,1.13,1.08,1.07,9.0,5.0,11.0,25.0,1.0,1.0,0.0,4.0,0.0,4.0,4.0,8.0,13.0,2.0,4.0,22.0,22.0,4.0,10.0,8.0,6.0,0.0,0.3,0.85,0.0,1.0,0.0,0.0,23.84,14.0,13.14,5.0,0.16,0.01,0.01,1.3,1.23,1.21
84764738482176,2025,Kaiser-Murphy,CHI,pairing,5on5,3,728.0,14.0,0.68,0.69,0.8,5.56,0.32,0.32,1.6,0.2,3.16,2.39,0.32,0.31,0.31,4.0,4.0,3.0,11.0,0.0,1.0,0.0,1.0,0.0,2.0,4.0,4.0,8.0,0.0,0.0,5.0,4.0,3.0,1.0,7.0,1.0,0.0,0.2,0.13,0.0,0.0,0.0,0.0,10.92,8.0,7.84,0.0,0.06,0.03,0.03,0.36,0.34,0.34,1.45,0.15,0.09,0.32,0.05,0.79,0.6,0.15,0.15,0.15,1.0,1.0,3.0,5.0,0.0,0.0,0.0,0.0,0.0,1.0,1.0,1.0,2.0,2.0,4.0,5.0,6.0,0.0,6.0,1.0,1.0,0.0,0.01,0.14,0.0,0.0,0.0,0.0,4.93,2.0,1.94,3.0,0.02,0.0,0.0,0.17,0.17,0.17
847641984816018485702,2025,Shabanov-Pageau-Holmstrom,NYI,line,5on5,2,925.0,7.0,0.29,0.39,0.41,7.83,0.75,0.45,2.01,0.27,4.45,3.07,0.73,0.72,0.7,5.0,6.0,2.0,13.0,1.0,0.0,0.0,0.0,0.0,7.0,3.0,4.0,10.0,1.0,2.0,11.0,8.0,2.0,6.0,8.0,2.0,1.0,0.25,0.27,0.22,1.0,0.0,0.0,12.3,11.0,10.39,5.0,0.09,0.0,0.0,0.84,0.81,0.79,12.55,1.86,0.91,2.92,0.41,5.61,4.29,1.75,1.91,1.79,15.0,1.0,4.0,20.0,2.0,3.0,0.0,2.0,0.0,7.0,2.0,13.0,14.0,1.0,2.0,7.0,10.0,1.0,4.0,7.0,5.0,4.0,0.2,0.62,1.05,1.0,1.0,0.0,21.33,16.0,16.87,2.0,0.19,0.84,0.84,1.21,1.27,1.21
84770188480727,2025,Hutton-Whitecloud,VGK,pairing,5on5,3,1947.0,10.0,0.45,0.55,0.53,23.29,1.64,1.54,6.28,0.74,12.0,8.79,1.63,1.67,1.65,20.0,11.0,11.0,42.0,2.0,1.0,1.0,6.0,0.0,11.0,11.0,18.0,29.0,2.0,7.0,16.0,16.0,1.0,6.0,24.0,6.0,1.0,0.59,0.83,0.22,1.0,1.0,0.0,41.57,31.0,30.68,3.0,0.33,0.06,0.06,1.91,1.94,1.92,20.07,2.03,1.3,4.99,0.74,10.84,8.11,1.94,1.97,1.88,19.0,9.0,6.0,34.0,1.0,4.0,1.0,5.0,0.0,9.0,9.0,18.0,27.0,5.0,13.0,15.0,17.0,1.0,9.0,18.0,8.0,2.0,0.4,1.15,0.48,0.0,0.0,1.0,33.47,28.0,27.58,7.0,0.27,0.69,0.69,1.61,1.56,1.53
847572684826678484801,2025,Eklund-Celebrini-Toffoli,SJS,line,5on5,2,737.0,10.0,0.19,0.14,0.17,2.87,0.16,0.15,0.71,0.09,1.7,1.19,0.16,0.15,0.15,1.0,3.0,0.0,4.0,1.0,0.0,0.0,0.0,0.0,1.0,2.0,0.0,3.0,2.0,4.0,5.0,4.0,3.0,3.0,4.0,0.0,0.0,0.16,0.0,0.0,1.0,0.0,0.0,3.67,4.0,3.71,0.0,0.03,0.0,0.0,0.19,0.17,0.17,13.8,0.68,0.74,3.8,0.46,7.56,5.76,0.65,0.73,0.71,12.0,7.0,5.0,24.0,1.0,1.0,0.0,7.0,0.0,4.0,6.0,11.0,18.0,2.0,4.0,12.0,2.0,0.0,2.0,18.0,1.0,0.0,0.57,0.11,0.0,1.0,0.0,0.0,25.97,19.0,20.3,0.0,0.15,0.03,0.03,0.8,0.86,0.84
847516884757948482740,2025,Duchene-Johnston-Seguin,DAL,line,5on5,3,689.0,11.0,0.86,0.48,0.56,7.21,0.85,0.55,1.37,0.2,3.21,2.82,0.84,0.91,0.9,8.0,1.0,2.0,11.0,2.0,0.0,0.0,2.0,1.0,2.0,2.0,6.0,7.0,0.0,0.0,4.0,3.0,1.0,6.0,5.0,3.0,1.0,0.18,0.36,0.3,1.0,0.0,1.0,12.44,9.0,9.77,2.0,0.11,0.0,0.0,0.97,1.04,1.02,5.08,0.14,0.25,1.52,0.17,2.86,2.06,0.14,0.13,0.13,5.0,2.0,5.0,12.0,0.0,1.0,0.0,0.0,0.0,1.0,5.0,5.0,7.0,1.0,2.0,5.0,6.0,0.0,4.0,7.0,0.0,0.0,0.14,0.0,0.0,0.0,0.0,0.0,11.27,7.0,6.63,2.0,0.05,0.06,0.06,0.13,0.13,0.13
84799828482671,2025,Power-Timmins,BUF,pairing,5on5,2,691.0,10.0,0.33,0.42,0.39,5.32,0.41,0.31,1.59,0.21,2.53,1.95,0.41,0.39,0.38,4.0,3.0,4.0,11.0,0.0,0.0,0.0,1.0,0.0,3.0,3.0,4.0,7.0,2.0,4.0,7.0,1.0,3.0,3.0,4.0,3.0,0.0,0.05,0.36,0.0,0.0,0.0,0.0,10.21,7.0,6.58,3.0,0.07,0.0,0.0,0.48,0.45,0.45,7.96,0.85,0.51,1.93,0.23,4.42,3.06,0.85,0.94,0.93,8.0,3.0,4.0,15.0,1.0,0.0,0.0,2.0,0.0,5.0,3.0,7.0,10.0,1.0,2.0,8.0,4.0,3.0,5.0,8.0,1.0,2.0,0.26,0.12,0.47,1.0,0.0,0.0,16.95,11.0,12.31,3.0,0.1,0.0,0.0,0.96,1.06,1.05
84809508483425,2025,Bichsel-Lyubushkin,DAL,pairing,5on5,2,1059.0,6.0,0.36,0.32,0.42,8.31,0.83,0.54,2.46,0.27,3.99,2.91,0.83,0.92,0.91,8.0,3.0,1.0,12.0,1.0,2.0,0.0,1.0,0.0,2.0,5.0,7.0,10.0,4.0,10.0,13.0,7.0,1.0,13.0,7.0,3.0,1.0,0.15,0.37,0.3,0.0,0.0,1.0,13.12,11.0,12.02,9.0,0.11,0.18,0.18,0.77,0.84,0.84,11.48,1.51,0.78,2.88,0.4,5.56,3.87,1.36,1.42,1.28,13.0,2.0,10.0,25.0,0.0,2.0,0.0,0.0,0.0,7.0,6.0,13.0,15.0,1.0,2.0,4.0,10.0,2.0,3.0,9.0,2.0,4.0,0.22,0.17,1.12,0.0,0.0,0.0,23.54,15.0,14.36,2.0,0.17,0.53,0.53,1.14,1.07,0.95
84745678484798,2025,Buium-Bogosian,MIN,pairing,5on5,3,1216.0,15.0,0.53,0.54,0.54,9.89,0.84,0.57,2.44,0.37,5.42,4.36,0.77,0.87,0.79,11.0,3.0,5.0,19.0,0.0,2.0,0.0,1.0,0.0,5.0,6.0,11.0,14.0,2.0,4.0,10.0,10.0,2.0,5.0,11.0,2.0,1.0,0.26,0.25,0.33,0.0,0.0,0.0,19.06,14.0,14.12,4.0,0.12,0.37,0.37,0.59,0.61,0.59,8.83,0.76,0.54,2.25,0.34,4.53,3.58,0.76,0.74,0.74,10.0,2.0,4.0,16.0,0.0,1.0,0.0,1.0,0.0,8.0,2.0,10.0,12.0,0.0,0.0,9.0,6.0,4.0,5.0,9.0,2.0,1.0,0.25,0.21,0.3,0.0,0.0,0.0,15.91,12.0,11.87,2.0,0.11,0.02,0.02,0.85,0.83,0.83
84774888482684,2025,Hughes-Pesce,NJD,pairing,5on5,3,2387.0,4.0,0.65,0.51,0.57,25.56,2.65,1.58,6.77,0.84,12.81,9.36,2.47,2.94,2.73,21.0,13.0,7.0,41.0,2.0,2.0,0.0,7.0,0.0,14.0,9.0,19.0,32.0,4.0,8.0,20.0,23.0,3.0,16.0,25.0,4.0,5.0,0.84,0.55,1.26,1.0,0.0,1.0,45.37,34.0,37.16,8.0,0.34,0.59,0.59,2.39,2.63,2.58,18.85,1.45,1.25,4.71,0.63,10.63,7.34,1.44,1.37,1.35,15.0,11.0,13.0,39.0,1.0,1.0,0.0,2.0,0.0,12.0,10.0,14.0,25.0,2.0,4.0,24.0,22.0,3.0,15.0,19.0,6.0,1.0,0.45,0.78,0.23,0.0,1.0,0.0,37.17,26.0,24.87,9.0,0.26,0.23,0.23,1.49,1.4,1.4
847851984795428482201,2025,Hagel-Cirelli-Goncalves,TBL,line,5on5,4,658.0,27.0,0.3,0.46,0.47,5.25,0.36,0.37,1.5,0.17,2.75,1.85,0.36,0.35,0.34,5.0,2.0,5.0,12.0,0.0,2.0,0.0,0.0,0.0,4.0,1.0,5.0,7.0,2.0,4.0,6.0,9.0,1.0,3.0,4.0,3.0,0.0,0.08,0.28,0.0,0.0,0.0,0.0,11.98,7.0,7.01,1.0,0.08,0.11,0.11,0.33,0.32,0.32,6.19,0.82,0.38,1.52,0.19,2.86,2.23,0.74,0.87,0.78,6.0,2.0,6.0,14.0,1.0,1.0,1.0,1.0,0.0,1.0,4.0,5.0,7.0,0.0,0.0,4.0,8.0,1.0,2.0,5.0,1.0,2.0,0.16,0.09,0.57,0.0,0.0,1.0,13.79,8.0,7.97,2.0,0.08,0.26,0.26,0.64,0.66,0.66
847629284794078481559,2025,Palat-Hughes-Bratt,NJD,line,5on5,3,1286.0,8.0,0.68,0.57,0.63,13.8,1.69,0.93,3.21,0.49,7.17,5.51,1.52,1.9,1.71,11.0,8.0,5.0,24.0,1.0,2.0,0.0,3.0,0.0,9.0,4.0,10.0,18.0,1.0,2.0,7.0,6.0,3.0,8.0,12.0,4.0,3.0,0.39,0.49,0.81,1.0,0.0,0.0,27.07,19.0,21.28,1.0,0.19,0.59,0.59,1.28,1.43,1.4,7.74,0.78,0.56,1.61,0.27,4.57,3.2,0.78,0.75,0.74,7.0,4.0,7.0,18.0,2.0,1.0,0.0,0.0,0.0,4.0,4.0,5.0,9.0,1.0,2.0,14.0,6.0,2.0,5.0,8.0,2.0,1.0,0.3,0.28,0.21,0.0,1.0,1.0,16.89,11.0,10.55,1.0,0.12,0.01,0.01,0.89,0.85,0.84
84757538481006,2025,Tucker-Faulk,STL,pairing,5on5,3,979.0,13.0,0.53,0.56,0.56,10.99,1.07,0.7,2.45,0.31,5.3,4.17,1.05,1.16,1.14,13.0,1.0,5.0,19.0,1.0,1.0,0.0,0.0,0.0,6.0,6.0,12.0,13.0,0.0,0.0,4.0,12.0,1.0,7.0,8.0,6.0,0.0,0.17,0.9,0.0,0.0,1.0,0.0,20.59,14.0,15.31,1.0,0.15,0.16,0.16,1.05,1.14,1.12,8.36,0.93,0.58,2.4,0.31,3.79,2.98,0.85,0.85,0.78,5.0,6.0,4.0,15.0,0.0,3.0,0.0,3.0,0.0,4.0,1.0,5.0,11.0,0.0,0.0,2.0,3.0,2.0,3.0,7.0,2.0,2.0,0.21,0.26,0.47,0.0,0.0,0.0,13.87,11.0,10.16,2.0,0.12,0.56,0.56,0.5,0.46,0.44
847517084793858482077,2025,Holloway-Schenn-Kyrou,STL,line,5on5,3,2149.0,5.0,0.61,0.55,0.49,14.81,1.63,0.98,3.5,0.47,7.42,5.99,1.63,1.63,1.63,14.0,6.0,15.0,35.0,1.0,2.0,0.0,4.0,0.0,4.0,9.0,13.0,19.0,1.0,2.0,20.0,28.0,3.0,8.0,12.0,6.0,2.0,0.27,0.92,0.44,0.0,1.0,0.0,34.42,20.0,19.78,4.0,0.21,0.24,0.24,1.61,1.6,1.59,15.65,1.06,0.87,3.67,0.46,8.28,6.67,1.04,1.05,1.04,18.0,3.0,8.0,29.0,3.0,1.0,0.0,3.0,0.0,9.0,5.0,15.0,18.0,2.0,4.0,12.0,22.0,3.0,8.0,19.0,1.0,1.0,0.54,0.12,0.39,2.0,1.0,0.0,29.13,21.0,21.09,4.0,0.18,0.39,0.39,0.84,0.84,0.84
847576884769058482751,2025,Schwartz-Stephenson-Winterton,SEA,line,5on5,2,962.0,4.0,0.04,0.25,0.25,2.81,0.05,0.12,0.78,0.09,1.7,1.27,0.05,0.04,0.04,2.0,2.0,3.0,7.0,0.0,0.0,0.0,2.0,0.0,2.0,0.0,2.0,4.0,2.0,7.0,4.0,5.0,0.0,2.0,4.0,0.0,0.0,0.05,0.0,0.0,0.0,0.0,0.0,6.92,4.0,3.94,1.0,0.02,0.0,0.0,0.07,0.07,0.07,8.98,0.97,0.49,2.5,0.32,4.51,3.21,0.96,0.98,0.96,8.0,4.0,9.0,21.0,1.0,1.0,0.0,1.0,0.0,5.0,4.0,7.0,11.0,2.0,7.0,12.0,8.0,0.0,3.0,9.0,1.0,2.0,0.28,0.1,0.59,1.0,0.0,0.0,21.05,12.0,12.08,0.0,0.1,0.36,0.36,0.71,0.72,0.72
84779328478055,2025,Forsling-Ekblad,FLA,pairing,5on5,4,3277.0,7.0,0.65,0.61,0.59,31.28,3.46,2.25,7.46,0.99,15.8,11.04,3.35,3.42,3.31,34.0,7.0,19.0,60.0,4.0,2.0,0.0,10.0,0.0,16.0,9.0,30.0,37.0,1.0,5.0,32.0,26.0,2.0,13.0,21.0,17.0,3.0,0.68,2.01,0.77,0.0,3.0,1.0,60.62,41.0,41.14,2.0,0.47,0.35,0.35,3.58,3.55,3.46,20.89,1.85,1.41,5.11,0.66,10.71,8.25,1.85,1.89,1.89,19.0,9.0,11.0,39.0,2.0,0.0,0.0,11.0,0.0,6.0,9.0,17.0,26.0,3.0,9.0,29.0,13.0,7.0,24.0,19.0,8.0,1.0,0.5,1.13,0.22,1.0,1.0,0.0,38.36,28.0,27.79,13.0,0.29,0.0,0.0,2.14,2.18,2.18
847794084784278482093,2025,Ehlers-Aho-Jarvis,CAR,line,5on5,3,1985.0,3.0,0.7,0.66,0.69,22.27,1.38,1.25,6.4,0.81,12.26,8.91,1.35,1.41,1.38,22.0,9.0,11.0,42.0,2.0,1.0,0.0,7.0,0.0,9.0,12.0,20.0,29.0,2.0,4.0,24.0,10.0,1.0,10.0,28.0,3.0,0.0,1.0,0.38,0.0,1.0,1.0,0.0,43.5,31.0,32.25,3.0,0.26,0.03,0.03,1.61,1.64,1.61,10.36,0.6,0.52,2.29,0.31,5.58,4.7,0.59,0.6,0.6,9.0,5.0,8.0,22.0,3.0,0.0,0.0,0.0,0.0,4.0,7.0,6.0,11.0,0.0,0.0,15.0,14.0,2.0,14.0,13.0,1.0,0.0,0.5,0.1,0.0,3.0,0.0,0.0,22.1,14.0,13.89,6.0,0.1,0.0,0.0,0.7,0.71,0.7
847846384821488484186,2025,Beauvillier-Lapierre-Leonard,WSH,line,5on5,3,735.0,22.0,0.45,0.31,0.38,6.67,0.72,0.34,1.69,0.23,3.48,2.54,0.7,0.76,0.74,4.0,5.0,0.0,9.0,0.0,2.0,0.0,1.0,0.0,4.0,2.0,4.0,9.0,2.0,4.0,2.0,7.0,3.0,5.0,6.0,2.0,1.0,0.14,0.25,0.33,0.0,0.0,0.0,9.5,9.0,9.43,1.0,0.07,0.35,0.35,0.44,0.45,0.44,9.79,0.88,0.69,2.44,0.34,6.41,4.24,0.85,0.84,0.82,5.0,10.0,5.0,20.0,0.0,1.0,0.0,1.0,0.0,6.0,7.0,5.0,15.0,1.0,2.0,6.0,7.0,0.0,2.0,12.0,2.0,1.0,0.47,0.19,0.22,0.0,0.0,0.0,18.74,15.0,14.29,1.0,0.14,0.03,0.03,0.99,0.95,0.92
847742584799448480806,2025,Wood-Lundestrom-Aston-Reese,CBJ,line,5on5,3,934.0,14.0,0.54,0.45,0.42,8.74,0.94,0.54,2.21,0.27,3.85,3.19,0.86,0.93,0.86,6.0,5.0,7.0,18.0,1.0,2.0,0.0,2.0,0.0,4.0,2.0,5.0,10.0,1.0,2.0,7.0,11.0,2.0,6.0,7.0,2.0,2.0,0.14,0.32,0.48,0.0,0.0,1.0,18.97,11.0,11.12,3.0,0.11,0.46,0.46,0.59,0.6,0.58,10.43,0.8,0.68,2.84,0.37,6.03,4.28,0.77,0.76,0.73,11.0,4.0,7.0,22.0,0.0,0.0,0.0,3.0,0.0,5.0,7.0,11.0,15.0,1.0,4.0,10.0,11.0,0.0,8.0,12.0,2.0,1.0,0.34,0.23,0.23,0.0,0.0,0.0,20.69,15.0,14.11,7.0,0.14,0.0,0.0,0.94,0.89,0.86
847744684793708482062,2025,Jost-Mccarron-Smith,NSH,line,5on5,3,1517.0,7.0,0.29,0.43,0.46,11.89,0.51,0.64,2.84,0.38,6.33,5.3,0.51,0.5,0.5,12.0,4.0,8.0,24.0,0.0,0.0,0.0,4.0,0.0,5.0,7.0,12.0,16.0,2.0,4.0,12.0,15.0,3.0,8.0,15.0,1.0,0.0,0.41,0.11,0.0,0.0,0.0,0.0,24.07,16.0,16.0,3.0,0.13,0.0,0.0,0.64,0.63,0.62,14.61,1.24,0.92,3.94,0.43,7.42,5.05,1.2,1.23,1.19,10.0,9.0,13.0,32.0,1.0,1.0,0.0,2.0,0.0,13.0,2.0,9.0,18.0,0.0,0.0,13.0,12.0,0.0,6.0,14.0,4.0,1.0,0.37,0.55,0.32,0.0,0.0,1.0,30.94,19.0,18.16,2.0,0.2,0.14,0.14,1.29,1.28,1.26
847646084783988480014,2025,Connor-Scheifele-Vilardi,WPG,line,5on5,3,2000.0,3.0,0.33,0.51,0.44,13.07,0.98,0.9,3.08,0.45,8.12,5.47,0.97,0.99,0.99,16.0,3.0,15.0,34.0,3.0,1.0,0.0,4.0,0.0,5.0,6.0,13.0,16.0,6.0,12.0,14.0,8.0,2.0,12.0,15.0,3.0,1.0,0.45,0.31,0.22,2.0,1.0,0.0,34.34,19.0,19.66,3.0,0.19,0.22,0.22,0.95,0.94,0.93,18.59,1.99,1.27,4.05,0.55,9.13,7.01,1.92,2.04,1.96,20.0,4.0,9.0,33.0,2.0,2.0,1.0,3.0,0.0,11.0,6.0,18.0,22.0,4.0,8.0,19.0,14.0,2.0,17.0,15.0,7.0,2.0,0.45,0.93,0.61,0.0,1.0,1.0,32.84,24.0,24.04,10.0,0.27,0.55,0.55,1.71,1.73,1.72
84799838480043,2025,Ferraro-Liljegren,SJS,pairing,5on5,3,1622.0,15.0,0.47,0.37,0.34,7.67,0.8,0.58,1.84,0.26,4.6,2.93,0.79,0.79,0.79,10.0,1.0,9.0,20.0,1.0,1.0,1.0,0.0,0.0,5.0,4.0,9.0,10.0,1.0,2.0,9.0,10.0,2.0,7.0,8.0,1.0,2.0,0.19,0.1,0.51,0.0,0.0,1.0,20.06,11.0,11.17,3.0,0.12,0.31,0.31,0.61,0.6,0.6,15.55,0.89,0.94,4.6,0.51,8.16,5.91,0.86,0.91,0.88,11.0,10.0,13.0,34.0,0.0,1.0,0.0,2.0,0.0,11.0,7.0,11.0,21.0,1.0,2.0,13.0,11.0,1.0,5.0,17.0,4.0,0.0,0.37,0.52,0.0,0.0,0.0,0.0,33.6,21.0,20.69,2.0,0.2,0.04,0.04,1.05,1.06,1.03
847515884768878485405,2025,Forsberg-O'Reilly-Martin,NSH,line,5on5,2,932.0,4.0,0.55,0.41,0.44,8.11,0.92,0.51,2.4,0.34,4.06,2.77,0.9,0.9,0.87,4.0,7.0,3.0,14.0,1.0,2.0,0.0,2.0,0.0,3.0,3.0,3.0,10.0,1.0,2.0,10.0,5.0,1.0,3.0,8.0,1.0,2.0,0.26,0.2,0.46,1.0,0.0,0.0,13.92,11.0,11.09,3.0,0.11,0.27,0.27,0.76,0.74,0.73,10.3,0.75,0.62,2.74,0.34,5.59,3.96,0.74,0.78,0.77,12.0,2.0,6.0,20.0,1.0,1.0,0.0,5.0,0.0,5.0,2.0,11.0,13.0,1.0,2.0,8.0,10.0,1.0,8.0,12.0,1.0,1.0,0.38,0.13,0.24,0.0,0.0,1.0,20.47,14.0,14.29,1.0,0.13,0.04,0.04,0.84,0.88,0.87
847415084763998484180,2025,Honzek-Backlund-Coleman,CGY,line,5on5,2,1180.0,5.0,0.69,0.64,0.67,13.89,1.47,0.79,3.74,0.45,6.51,5.04,1.46,1.45,1.43,14.0,4.0,5.0,23.0,2.0,2.0,0.0,2.0,0.0,6.0,6.0,12.0,16.0,3.0,6.0,13.0,9.0,4.0,3.0,12.0,4.0,2.0,0.26,0.6,0.62,1.0,1.0,0.0,23.23,18.0,18.19,2.0,0.17,0.58,0.58,1.06,1.04,1.04,7.13,0.66,0.39,1.82,0.23,3.07,2.83,0.64,0.71,0.69,7.0,2.0,4.0,13.0,3.0,0.0,0.0,1.0,0.0,1.0,4.0,4.0,6.0,2.0,4.0,11.0,13.0,1.0,9.0,6.0,2.0,1.0,0.08,0.3,0.27,0.0,2.0,1.0,13.25,9.0,9.21,3.0,0.09,0.0,0.0,0.74,0.79,0.78
847690584789758482751,2025,Marchment-Stephenson-Winterton,SEA,line,5on5,3,840.0,34.0,0.52,0.27,0.31,7.21,0.95,0.49,1.92,0.24,3.22,2.17,0.94,0.93,0.92,6.0,3.0,0.0,9.0,1.0,1.0,0.0,0.0,0.0,3.0,4.0,5.0,8.0,1.0,2.0,9.0,8.0,3.0,3.0,6.0,1.0,2.0,0.2,0.11,0.64,0.0,0.0,1.0,9.27,9.0,9.25,3.0,0.11,0.41,0.41,0.65,0.65,0.63,14.59,0.88,1.08,3.51,0.47,8.18,5.88,0.85,0.91,0.88,12.0,8.0,4.0,24.0,0.0,1.0,0.0,3.0,0.0,9.0,7.0,12.0,20.0,1.0,2.0,5.0,4.0,1.0,7.0,17.0,3.0,0.0,0.46,0.42,0.0,0.0,0.0,0.0,24.23,20.0,20.13,2.0,0.22,0.15,0.15,0.96,0.99,0.97
847579884783668478873,2025,Terry-Granlund-Vatrano,ANA,line,5on5,3,843.0,24.0,0.15,0.33,0.3,4.9,0.18,0.22,1.43,0.17,2.95,2.06,0.17,0.17,0.17,3.0,4.0,4.0,11.0,0.0,0.0,0.0,1.0,0.0,2.0,4.0,3.0,7.0,0.0,0.0,9.0,6.0,1.0,4.0,7.0,0.0,0.0,0.18,0.0,0.0,0.0,0.0,0.0,10.48,7.0,6.71,3.0,0.04,0.0,0.0,0.22,0.21,0.21,11.06,0.96,0.8,2.61,0.39,6.5,4.74,0.93,1.0,0.97,10.0,6.0,6.0,22.0,0.0,1.0,0.0,2.0,0.0,11.0,2.0,10.0,16.0,0.0,0.0,7.0,1.0,0.0,3.0,12.0,4.0,0.0,0.43,0.53,0.0,0.0,0.0,0.0,22.87,16.0,16.62,1.0,0.17,0.01,0.01,1.12,1.17,1.13
84751678482655,2025,Moser-Hedman,TBL,pairing,5on5,2,1600.0,3.0,0.61,0.47,0.47,12.52,1.47,0.92,2.68,0.4,5.86,4.68,1.45,1.6,1.59,11.0,5.0,8.0,24.0,1.0,1.0,0.0,4.0,0.0,4.0,6.0,10.0,15.0,0.0,0.0,13.0,5.0,5.0,8.0,10.0,5.0,1.0,0.53,0.7,0.24,0.0,1.0,0.0,26.16,16.0,17.32,5.0,0.19,0.17,0.17,1.49,1.63,1.63,12.9,0.95,0.9,3.41,0.47,7.25,5.03,0.93,0.88,0.86,11.0,7.0,9.0,27.0,1.0,2.0,0.0,1.0,0.0,5.0,9.0,10.0,17.0,1.0,2.0,13.0,11.0,1.0,5.0,15.0,3.0,0.0,0.55,0.39,0.0,1.0,0.0,0.0,24.79,18.0,16.6,1.0,0.19,0.12,0.12,1.02,0.94,0.94
847398684757988478366,2025,Killorn-Granlund-Vatrano,ANA,line,5on5,3,1043.0,15.0,0.63,0.6,0.67,14.53,0.73,0.93,3.87,0.47,8.24,5.76,0.72,0.75,0.74,17.0,3.0,4.0,24.0,1.0,1.0,0.0,5.0,0.0,7.0,6.0,16.0,19.0,1.0,2.0,9.0,8.0,1.0,4.0,18.0,2.0,0.0,0.37,0.36,0.0,0.0,1.0,0.0,24.08,20.0,20.13,2.0,0.19,0.01,0.01,0.91,0.94,0.93,7.4,0.43,0.43,2.17,0.25,3.92,2.79,0.42,0.42,0.41,7.0,3.0,6.0,16.0,2.0,0.0,0.0,1.0,0.0,3.0,4.0,5.0,8.0,2.0,4.0,13.0,11.0,1.0,9.0,9.0,1.0,0.0,0.26,0.17,0.0,2.0,0.0,0.0,15.96,10.0,10.13,4.0,0.09,0.0,0.0,0.52,0.51,0.5
847842084784498480027,2025,Robertson-Hintz-Rantanen,DAL,line,5on5,3,1131.0,5.0,0.45,0.42,0.5,8.09,0.62,0.49,1.78,0.24,4.42,3.44,0.62,0.67,0.66,9.0,2.0,3.0,14.0,3.0,0.0,0.0,0.0,0.0,3.0,5.0,6.0,8.0,2.0,6.0,10.0,6.0,1.0,8.0,9.0,2.0,0.0,0.37,0.26,0.0,3.0,0.0,0.0,15.14,11.0,11.82,3.0,0.1,0.0,0.0,0.72,0.77,0.77,8.22,0.76,0.54,2.0,0.24,4.28,3.18,0.75,0.71,0.7,7.0,4.0,8.0,19.0,0.0,0.0,0.0,2.0,0.0,6.0,3.0,7.0,11.0,3.0,6.0,14.0,14.0,3.0,5.0,7.0,3.0,1.0,0.2,0.33,0.22,0.0,0.0,0.0,17.62,11.0,10.47,3.0,0.11,0.0,0.0,0.87,0.81,0.81
84800018482073,2025,Vaakanainen-Schneider,NYR,pairing,5on5,5,3646.0,12.0,0.57,0.56,0.54,33.22,3.02,2.1,8.58,1.07,17.69,12.55,2.89,3.01,2.86,26.0,19.0,24.0,69.0,0.0,5.0,0.0,7.0,0.0,19.0,14.0,26.0,45.0,2.0,4.0,21.0,32.0,6.0,17.0,32.0,9.0,4.0,0.78,1.09,1.15,0.0,0.0,0.0,68.29,45.0,44.82,6.0,0.43,0.82,0.82,2.63,2.6,2.57,27.83,2.25,1.62,7.09,0.93,14.67,11.44,2.05,2.31,2.1,24.0,14.0,16.0,54.0,3.0,4.0,0.0,5.0,0.0,13.0,13.0,21.0,35.0,2.0,4.0,15.0,31.0,5.0,22.0,32.0,2.0,4.0,0.81,0.29,1.15,1.0,1.0,1.0,54.56,38.0,38.09,9.0,0.33,0.95,0.95,1.63,1.66,1.56
84745788478450,2025,Wotherspoon-Karlsson,PIT,pairing,5on5,4,3061.0,6.0,0.51,0.49,0.49,21.48,1.98,1.46,5.11,0.68,11.29,8.49,1.94,2.04,2.01,23.0,6.0,14.0,43.0,0.0,3.0,0.0,6.0,0.0,9.0,11.0,23.0,29.0,6.0,12.0,20.0,16.0,7.0,17.0,20.0,8.0,1.0,0.67,1.08,0.22,0.0,0.0,0.0,43.94,29.0,29.76,8.0,0.31,0.42,0.42,1.86,1.93,1.91,22.07,1.93,1.4,6.33,0.8,11.07,8.47,1.8,1.92,1.8,21.0,9.0,14.0,44.0,2.0,4.0,1.0,4.0,0.0,10.0,10.0,19.0,28.0,2.0,4.0,13.0,25.0,3.0,15.0,24.0,4.0,2.0,0.75,0.56,0.62,2.0,0.0,0.0,44.4,30.0,29.73,6.0,0.29,0.68,0.68,1.55,1.55,1.53
847699484834998483525,2025,Ohgren-Yurov-Hinostroza,MIN,line,5on5,2,765.0,7.0,0.38,0.5,0.55,4.78,0.3,0.22,1.08,0.17,2.25,1.99,0.3,0.3,0.3,6.0,0.0,3.0,9.0,0.0,0.0,0.0,0.0,0.0,1.0,5.0,6.0,6.0,1.0,5.0,7.0,11.0,5.0,3.0,4.0,2.0,0.0,0.04,0.26,0.0,0.0,0.0,0.0,9.14,6.0,6.01,3.0,0.04,0.0,0.0,0.34,0.35,0.35,3.24,0.48,0.34,0.61,0.14,2.05,1.39,0.48,0.47,0.47,5.0,0.0,4.0,9.0,1.0,1.0,1.0,2.0,0.0,1.0,0.0,4.0,4.0,2.0,7.0,7.0,4.0,2.0,5.0,4.0,0.0,1.0,0.19,0.0,0.3,1.0,0.0,0.0,8.54,5.0,4.87,4.0,0.07,0.01,0.01,0.54,0.53,0.53
84793788480145,2025,Stanley-Pionk,WPG,pairing,5on5,3,940.0,10.0,0.19,0.28,0.28,4.96,0.23,0.3,1.24,0.15,3.0,2.08,0.23,0.24,0.24,5.0,2.0,4.0,11.0,1.0,0.0,0.0,1.0,0.0,3.0,2.0,4.0,6.0,1.0,2.0,9.0,7.0,0.0,2.0,6.0,1.0,0.0,0.13,0.1,0.0,1.0,0.0,0.0,11.81,7.0,7.44,2.0,0.06,0.0,0.0,0.29,0.3,0.3,12.74,0.98,0.89,3.19,0.43,7.3,5.21,0.95,0.98,0.95,11.0,7.0,10.0,28.0,0.0,3.0,0.0,2.0,0.0,7.0,6.0,11.0,18.0,2.0,4.0,4.0,8.0,1.0,2.0,13.0,5.0,0.0,0.32,0.66,0.0,0.0,0.0,0.0,26.99,18.0,17.59,1.0,0.18,0.24,0.24,0.92,0.9,0.88
847167584758108476483,2025,Rust-Crosby-Rakell,PIT,line,5on5,2,1422.0,2.0,0.38,0.55,0.57,12.44,1.0,0.91,2.79,0.38,6.93,4.99,0.95,1.01,0.97,10.0,7.0,7.0,24.0,1.0,0.0,0.0,4.0,0.0,7.0,5.0,9.0,16.0,1.0,2.0,11.0,7.0,2.0,7.0,12.0,5.0,0.0,0.4,0.59,0.0,0.0,1.0,0.0,24.38,17.0,17.15,4.0,0.19,0.0,0.0,1.19,1.21,1.16,10.1,1.65,0.79,2.33,0.34,4.7,3.19,1.6,1.8,1.73,8.0,5.0,7.0,20.0,2.0,1.0,0.0,0.0,0.0,7.0,3.0,6.0,11.0,1.0,2.0,12.0,18.0,1.0,6.0,5.0,5.0,3.0,0.21,0.64,0.8,0.0,1.0,1.0,22.0,13.0,14.38,2.0,0.17,0.31,0.31,1.51,1.63,1.58
847796484784038478483,2025,Barbashev-Eichel-Marner,VGK,line,5on5,3,1704.0,4.0,0.51,0.51,0.52,16.11,1.23,0.96,4.08,0.53,8.58,6.62,1.22,1.23,1.23,12.0,10.0,7.0,29.0,2.0,1.0,0.0,0.0,0.0,8.0,11.0,10.0,20.0,0.0,0.0,15.0,15.0,3.0,10.0,16.0,6.0,0.0,0.46,0.76,0.0,1.0,1.0,0.0,28.86,22.0,21.81,2.0,0.2,0.04,0.04,1.39,1.39,1.39,13.7,1.17,0.79,3.79,0.48,7.87,5.91,1.15,1.14,1.11,12.0,8.0,8.0,28.0,0.0,2.0,0.0,6.0,0.0,9.0,3.0,12.0,20.0,1.0,2.0,12.0,14.0,1.0,7.0,16.0,3.0,1.0,0.35,0.41,0.41,0.0,0.0,0.0,28.21,20.0,20.11,3.0,0.16,0.42,0.42,0.91,0.89,0.87
84768798479998,2025,Anderson-Ceci,LAK,pairing,5on5,1,626.0,3.0,0.55,0.59,0.62,5.62,0.44,0.32,1.46,0.21,3.18,2.4,0.43,0.43,0.42,5.0,3.0,2.0,10.0,0.0,0.0,0.0,1.0,0.0,5.0,2.0,5.0,8.0,1.0,2.0,6.0,6.0,0.0,2.0,6.0,1.0,1.0,0.09,0.08,0.27,0.0,0.0,0.0,9.38,8.0,7.8,1.0,0.06,0.0,0.0,0.5,0.49,0.49,2.97,0.36,0.24,0.67,0.13,2.18,1.42,0.36,0.37,0.37,4.0,1.0,2.0,7.0,0.0,0.0,0.0,2.0,0.0,2.0,1.0,4.0,5.0,0.0,0.0,4.0,6.0,2.0,5.0,3.0,2.0,0.0,0.11,0.25,0.0,0.0,0.0,0.0,7.92,5.0,5.25,2.0,0.05,0.0,0.0,0.41,0.42,0.42
847959184796618483489,2025,Jeannot-Minten-Eyssimont,BOS,line,5on5,4,2064.0,13.0,0.44,0.46,0.46,20.56,1.52,1.35,5.31,0.7,10.41,7.71,1.48,1.46,1.43,15.0,12.0,10.0,37.0,1.0,3.0,1.0,1.0,0.0,8.0,14.0,14.0,26.0,0.0,0.0,23.0,18.0,0.0,9.0,22.0,4.0,1.0,0.75,0.55,0.21,0.0,0.0,1.0,35.69,27.0,26.1,5.0,0.28,0.51,0.51,1.28,1.24,1.23,24.29,1.94,1.57,6.58,0.8,12.25,8.86,1.84,2.06,1.96,22.0,10.0,12.0,44.0,4.0,5.0,1.0,7.0,0.0,8.0,8.0,18.0,28.0,0.0,0.0,21.0,16.0,4.0,11.0,23.0,8.0,1.0,0.7,1.01,0.22,2.0,1.0,1.0,45.73,32.0,33.51,1.0,0.33,0.73,0.73,1.53,1.6,1.55
847522084774518478508,2025,Foligno-Hartman-Trenin,MIN,line,5on5,2,1204.0,3.0,0.64,0.47,0.48,10.28,0.85,0.66,2.37,0.31,5.71,4.09,0.85,0.87,0.87,11.0,3.0,3.0,17.0,0.0,0.0,0.0,3.0,0.0,7.0,4.0,11.0,14.0,1.0,2.0,13.0,15.0,2.0,7.0,10.0,3.0,1.0,0.2,0.42,0.24,0.0,0.0,0.0,17.18,14.0,13.95,4.0,0.14,0.0,0.0,0.99,1.01,1.0,11.5,0.49,0.62,2.62,0.36,5.95,4.96,0.48,0.48,0.47,12.0,3.0,4.0,19.0,0.0,0.0,0.0,1.0,0.0,8.0,6.0,12.0,15.0,3.0,6.0,17.0,8.0,0.0,9.0,12.0,3.0,0.0,0.2,0.29,0.0,0.0,0.0,0.0,19.1,15.0,14.97,6.0,0.13,0.0,0.0,0.62,0.61,0.6
84788828479323,2025,Gavrikov-Fox,NYR,pairing,5on5,5,4553.0,5.0,0.48,0.48,0.5,38.55,3.35,2.55,10.21,1.3,21.61,14.98,3.09,3.29,3.04,34.0,20.0,16.0,70.0,0.0,5.0,0.0,8.0,0.0,21.0,20.0,34.0,54.0,4.0,8.0,41.0,33.0,4.0,23.0,38.0,13.0,3.0,0.94,1.56,0.85,0.0,0.0,0.0,70.49,54.0,53.7,13.0,0.54,0.95,0.98,2.9,2.88,2.77,41.42,3.65,2.66,10.49,1.24,20.52,15.44,3.5,3.79,3.63,38.0,16.0,21.0,75.0,1.0,3.0,0.0,7.0,0.0,18.0,25.0,37.0,53.0,5.0,10.0,34.0,24.0,3.0,22.0,42.0,8.0,4.0,1.45,1.11,1.09,1.0,0.0,0.0,76.59,54.0,55.01,11.0,0.55,0.46,0.46,3.75,3.87,3.81
847842084784498479351,2025,Steel-Hintz-Rantanen,DAL,line,5on5,3,810.0,8.0,0.63,0.39,0.52,9.32,0.97,0.61,2.39,0.32,5.17,3.52,0.88,1.02,0.92,7.0,6.0,0.0,13.0,2.0,1.0,1.0,0.0,0.0,7.0,3.0,5.0,11.0,4.0,8.0,10.0,4.0,1.0,4.0,9.0,3.0,1.0,0.29,0.29,0.39,1.0,0.0,1.0,13.43,13.0,13.44,4.0,0.13,0.39,0.39,0.72,0.73,0.69,8.97,0.57,0.5,1.93,0.28,4.53,4.19,0.56,0.54,0.53,10.0,2.0,8.0,20.0,1.0,0.0,0.0,2.0,0.0,7.0,2.0,9.0,11.0,1.0,2.0,10.0,6.0,1.0,5.0,9.0,3.0,0.0,0.23,0.35,0.0,1.0,0.0,0.0,19.35,12.0,11.58,3.0,0.1,0.0,0.0,0.68,0.64,0.63
847646984779428482124,2025,Fiala-Byfield-Armia,LAK,line,5on5,3,773.0,18.0,0.56,0.55,0.53,6.06,0.4,0.39,1.38,0.22,3.67,2.93,0.4,0.41,0.4,5.0,4.0,3.0,12.0,1.0,1.0,1.0,1.0,0.0,4.0,2.0,4.0,8.0,1.0,2.0,6.0,5.0,4.0,5.0,7.0,2.0,0.0,0.21,0.19,0.0,1.0,0.0,0.0,11.89,9.0,9.03,3.0,0.08,0.01,0.01,0.47,0.48,0.47,5.31,0.32,0.3,1.46,0.2,3.44,2.27,0.32,0.33,0.32,4.0,4.0,2.0,10.0,0.0,0.0,0.0,2.0,0.0,4.0,2.0,4.0,8.0,0.0,0.0,11.0,9.0,2.0,2.0,7.0,1.0,0.0,0.18,0.14,0.0,0.0,0.0,0.0,10.57,8.0,8.15,0.0,0.06,0.0,0.0,0.38,0.39,0.38
847167584764838482758,2025,Rakell-Crosby-Koivunen,PIT,line,5on5,2,1028.0,4.0,0.52,0.51,0.55,8.4,0.81,0.48,1.9,0.24,4.14,3.42,0.77,0.84,0.79,7.0,4.0,8.0,19.0,0.0,0.0,0.0,1.0,0.0,6.0,4.0,7.0,11.0,2.0,4.0,12.0,4.0,0.0,7.0,8.0,2.0,1.0,0.22,0.25,0.34,0.0,0.0,0.0,20.28,11.0,11.65,3.0,0.1,0.0,0.0,0.91,0.94,0.89,5.89,0.75,0.44,1.5,0.22,3.68,2.41,0.74,0.71,0.71,6.0,3.0,9.0,18.0,0.0,1.0,0.0,0.0,0.0,5.0,3.0,6.0,9.0,2.0,4.0,11.0,7.0,2.0,4.0,5.0,3.0,1.0,0.1,0.33,0.31,0.0,0.0,0.0,17.17,9.0,8.52,2.0,0.09,0.31,0.31,0.53,0.51,0.51
84747168478136,2025,Middleton-Spurgeon,MIN,pairing,5on5,3,1615.0,9.0,0.48,0.41,0.51,14.22,1.06,0.86,3.22,0.43,7.54,5.88,1.05,1.08,1.08,15.0,4.0,2.0,21.0,0.0,0.0,0.0,3.0,0.0,7.0,9.0,15.0,19.0,2.0,7.0,18.0,12.0,2.0,7.0,14.0,4.0,1.0,0.33,0.48,0.24,0.0,0.0,0.0,21.2,19.0,19.07,5.0,0.18,0.0,0.0,1.23,1.26,1.26,13.74,1.12,0.98,3.1,0.44,7.0,5.35,1.11,1.12,1.11,12.0,6.0,12.0,30.0,2.0,1.0,1.0,3.0,0.0,7.0,5.0,10.0,16.0,4.0,11.0,18.0,11.0,2.0,8.0,12.0,5.0,1.0,0.36,0.51,0.24,2.0,0.0,0.0,30.64,18.0,18.12,4.0,0.21,0.01,0.01,1.32,1.32,1.31
847847284804598483516,2025,Snuggerud-Suter-Joseph,STL,line,5on5,2,826.0,10.0,0.74,0.59,0.69,14.77,1.5,1.11,3.8,0.58,7.79,5.23,1.38,1.66,1.52,13.0,7.0,3.0,23.0,1.0,4.0,1.0,2.0,0.0,9.0,4.0,12.0,19.0,0.0,0.0,4.0,2.0,2.0,3.0,12.0,8.0,0.0,0.29,1.22,0.0,0.0,1.0,0.0,25.4,20.0,21.95,1.0,0.23,0.66,0.66,1.07,1.18,1.11,6.49,0.54,0.46,1.36,0.19,3.62,2.84,0.53,0.49,0.49,5.0,4.0,7.0,16.0,0.0,0.0,0.0,1.0,0.0,4.0,4.0,5.0,9.0,1.0,2.0,6.0,3.0,3.0,6.0,6.0,3.0,0.0,0.19,0.35,0.0,0.0,0.0,0.0,15.56,9.0,8.31,2.0,0.09,0.0,0.0,0.63,0.58,0.58
848022084815538482159,2025,Foerster-Cates-Brink,PHI,line,5on5,3,1813.0,5.0,0.46,0.5,0.46,12.43,1.59,1.03,2.87,0.44,6.43,4.64,1.58,1.64,1.62,11.0,6.0,9.0,26.0,3.0,2.0,1.0,1.0,0.0,5.0,6.0,8.0,14.0,2.0,4.0,20.0,8.0,2.0,11.0,11.0,4.0,2.0,0.42,0.55,0.62,2.0,0.0,1.0,26.37,17.0,17.2,7.0,0.22,0.62,0.62,1.19,1.23,1.23,14.46,1.88,1.09,3.84,0.55,7.46,5.18,1.69,1.85,1.65,11.0,9.0,6.0,26.0,1.0,3.0,1.0,2.0,0.0,10.0,4.0,10.0,19.0,3.0,6.0,25.0,13.0,0.0,7.0,12.0,5.0,3.0,0.26,0.64,0.99,0.0,0.0,1.0,25.82,20.0,20.01,2.0,0.23,0.7,0.7,1.41,1.39,1.31
84774988480831,2025,Nurse-Regula,EDM,pairing,5on5,2,1481.0,5.0,0.71,0.57,0.58,14.21,0.83,0.81,3.99,0.44,7.68,5.25,0.77,0.8,0.75,14.0,5.0,5.0,24.0,0.0,2.0,0.0,3.0,0.0,8.0,6.0,14.0,19.0,1.0,2.0,10.0,16.0,1.0,4.0,16.0,1.0,2.0,0.26,0.09,0.48,0.0,0.0,0.0,23.89,19.0,19.0,0.0,0.17,0.28,0.28,0.72,0.7,0.69,10.44,0.34,0.49,2.58,0.32,5.65,4.63,0.32,0.34,0.33,8.0,6.0,4.0,18.0,1.0,0.0,0.0,1.0,0.0,7.0,5.0,7.0,13.0,2.0,4.0,10.0,15.0,1.0,12.0,14.0,0.0,0.0,0.34,0.0,0.0,1.0,0.0,0.0,17.81,14.0,13.81,6.0,0.1,0.0,0.0,0.43,0.44,0.43
847844484784988480012,2025,Debrusk-Pettersson-Boeser,VAN,line,5on5,3,1196.0,9.0,0.55,0.4,0.47,11.15,0.98,0.71,2.83,0.34,5.74,4.4,0.93,0.97,0.92,8.0,7.0,2.0,17.0,2.0,1.0,0.0,1.0,0.0,4.0,7.0,6.0,13.0,1.0,2.0,6.0,5.0,2.0,5.0,12.0,2.0,1.0,0.51,0.25,0.21,2.0,0.0,0.0,17.11,15.0,14.95,3.0,0.15,0.21,0.21,0.91,0.9,0.88,12.4,0.79,0.72,3.04,0.38,6.89,5.19,0.77,0.81,0.78,12.0,5.0,8.0,25.0,1.0,1.0,1.0,1.0,0.0,9.0,5.0,11.0,16.0,1.0,2.0,13.0,9.0,1.0,6.0,12.0,5.0,0.0,0.25,0.54,0.0,0.0,1.0,0.0,25.73,17.0,17.64,4.0,0.15,0.14,0.14,0.8,0.81,0.78
847740284800238482089,2025,Neighbours-Thomas-Buchnevich,STL,line,5on5,3,1364.0,5.0,0.39,0.53,0.43,11.95,0.98,0.74,2.85,0.38,6.16,4.89,0.9,1.01,0.94,13.0,3.0,11.0,27.0,2.0,0.0,0.0,2.0,0.0,7.0,5.0,11.0,14.0,0.0,0.0,13.0,8.0,0.0,10.0,11.0,4.0,1.0,0.23,0.54,0.22,0.0,2.0,0.0,28.19,16.0,16.84,3.0,0.15,0.0,0.0,1.14,1.17,1.09,15.76,1.54,1.01,3.86,0.53,8.0,6.06,1.39,1.48,1.35,13.0,8.0,3.0,24.0,1.0,2.0,0.0,5.0,0.0,7.0,6.0,12.0,20.0,3.0,6.0,14.0,5.0,2.0,5.0,15.0,3.0,3.0,0.4,0.42,0.72,1.0,0.0,0.0,23.49,21.0,20.54,1.0,0.21,0.47,0.47,1.28,1.25,1.17
84751678478178,2025,Hedman-Raddysh,TBL,pairing,5on5,2,1243.0,4.0,0.34,0.33,0.38,6.89,0.54,0.38,1.76,0.23,3.97,3.12,0.54,0.51,0.51,6.0,4.0,2.0,12.0,1.0,1.0,0.0,2.0,0.0,2.0,4.0,5.0,9.0,1.0,2.0,6.0,11.0,0.0,6.0,8.0,1.0,1.0,0.21,0.09,0.24,1.0,0.0,0.0,11.54,10.0,9.78,3.0,0.08,0.09,0.09,0.53,0.5,0.5,11.89,1.03,0.69,3.1,0.37,5.98,4.82,0.98,1.09,1.04,12.0,4.0,8.0,24.0,1.0,1.0,1.0,1.0,0.0,3.0,10.0,11.0,15.0,1.0,2.0,12.0,9.0,1.0,2.0,12.0,2.0,2.0,0.24,0.26,0.54,0.0,0.0,1.0,25.01,16.0,16.53,1.0,0.14,0.28,0.28,0.9,0.93,0.93
847518484788738484153,2025,Kreider-Carlsson-Terry,ANA,line,5on5,3,1109.0,10.0,0.6,0.73,0.65,15.1,1.3,1.04,3.96,0.55,8.91,6.24,1.24,1.3,1.25,11.0,11.0,15.0,37.0,0.0,1.0,0.0,2.0,0.0,11.0,8.0,11.0,22.0,0.0,0.0,11.0,2.0,0.0,7.0,17.0,4.0,1.0,0.44,0.51,0.35,0.0,0.0,0.0,36.94,22.0,21.89,3.0,0.22,0.35,0.35,1.16,1.19,1.13,9.06,0.86,0.7,1.97,0.29,4.78,3.41,0.85,0.86,0.85,9.0,3.0,2.0,14.0,1.0,0.0,0.0,1.0,0.0,4.0,6.0,8.0,11.0,1.0,2.0,9.0,8.0,3.0,7.0,7.0,4.0,1.0,0.25,0.39,0.21,0.0,1.0,0.0,14.35,12.0,12.34,3.0,0.15,0.0,0.0,1.0,1.01,1.0
847341984774098477935,2025,Marchand-Bennett-Verhaeghe,FLA,line,5on5,4,2354.0,9.0,0.62,0.61,0.56,26.99,2.83,1.89,6.55,0.84,13.55,9.32,2.75,2.8,2.72,24.0,11.0,16.0,51.0,0.0,1.0,0.0,7.0,0.0,15.0,12.0,24.0,35.0,2.0,4.0,19.0,11.0,3.0,16.0,21.0,12.0,2.0,0.73,1.54,0.56,0.0,0.0,0.0,51.35,35.0,35.1,7.0,0.4,0.1,0.1,3.13,3.08,3.0,19.15,1.72,1.23,4.59,0.66,10.27,8.52,1.7,1.77,1.75,22.0,5.0,5.0,32.0,3.0,1.0,0.0,7.0,0.0,7.0,9.0,19.0,24.0,4.0,8.0,24.0,10.0,8.0,18.0,18.0,9.0,0.0,0.5,1.22,0.0,1.0,2.0,0.0,31.5,27.0,27.03,13.0,0.26,0.01,0.01,1.96,2.02,2.0
84788518482087,2025,Guhle-Carrier,MTL,pairing,5on5,4,889.0,16.0,0.48,0.45,0.36,3.85,0.45,0.33,0.85,0.12,1.85,1.39,0.45,0.47,0.47,4.0,1.0,5.0,10.0,0.0,0.0,0.0,1.0,0.0,1.0,3.0,4.0,5.0,3.0,9.0,5.0,11.0,0.0,7.0,3.0,2.0,0.0,0.15,0.3,0.0,0.0,0.0,0.0,10.26,5.0,5.15,2.0,0.07,0.0,0.0,0.52,0.55,0.55,6.68,0.48,0.38,1.78,0.19,3.57,2.59,0.48,0.47,0.47,8.0,1.0,3.0,12.0,1.0,0.0,0.0,2.0,0.0,3.0,3.0,7.0,8.0,4.0,11.0,5.0,9.0,4.0,9.0,7.0,1.0,1.0,0.17,0.09,0.22,1.0,0.0,0.0,11.86,9.0,8.81,2.0,0.08,0.0,0.0,0.57,0.55,0.55
84764738482807,2025,Del Mastro-Murphy,CHI,pairing,5on5,1,857.0,2.0,0.23,0.31,0.32,5.89,0.37,0.31,1.53,0.18,3.18,2.43,0.37,0.39,0.39,5.0,3.0,3.0,11.0,0.0,0.0,0.0,1.0,1.0,3.0,3.0,5.0,8.0,0.0,0.0,9.0,7.0,0.0,5.0,6.0,2.0,0.0,0.14,0.23,0.0,0.0,0.0,0.0,11.24,8.0,8.18,3.0,0.06,0.0,0.0,0.43,0.45,0.45,12.78,1.22,0.86,3.41,0.44,6.46,4.59,1.18,1.19,1.15,11.0,6.0,7.0,24.0,1.0,1.0,0.0,6.0,0.0,1.0,8.0,10.0,16.0,1.0,2.0,8.0,10.0,1.0,1.0,11.0,5.0,1.0,0.32,0.67,0.23,0.0,1.0,0.0,23.51,17.0,16.73,0.0,0.18,0.23,0.23,1.18,1.14,1.13
84803368480817,2025,Miller-Walker,CAR,pairing,5on5,3,973.0,14.0,0.57,0.72,0.65,10.76,0.6,0.64,3.31,0.42,5.9,4.14,0.58,0.64,0.61,8.0,7.0,8.0,23.0,1.0,2.0,0.0,4.0,0.0,3.0,5.0,7.0,14.0,2.0,4.0,8.0,5.0,0.0,6.0,14.0,1.0,0.0,0.49,0.11,0.0,1.0,0.0,0.0,24.38,15.0,15.99,2.0,0.13,0.06,0.06,0.68,0.72,0.69,6.04,0.45,0.35,1.5,0.2,3.17,2.34,0.45,0.43,0.43,4.0,4.0,1.0,9.0,0.0,0.0,0.0,1.0,0.0,3.0,4.0,4.0,8.0,1.0,2.0,8.0,6.0,3.0,7.0,7.0,0.0,1.0,0.24,0.0,0.21,0.0,0.0,0.0,8.59,8.0,7.65,1.0,0.07,0.0,0.0,0.52,0.5,0.5
84784528484839,2025,Jones-Brunicke,PIT,pairing,5on5,3,1834.0,7.0,0.51,0.51,0.54,16.61,1.8,1.17,3.89,0.51,8.46,6.17,1.68,1.73,1.61,17.0,5.0,6.0,28.0,3.0,2.0,0.0,4.0,0.0,5.0,8.0,14.0,19.0,2.0,4.0,13.0,10.0,0.0,10.0,16.0,3.0,3.0,0.46,0.56,0.79,2.0,1.0,0.0,27.53,22.0,21.75,5.0,0.25,0.52,0.52,1.53,1.49,1.45,15.09,1.74,1.05,3.5,0.41,7.38,4.93,1.65,1.9,1.8,12.0,7.0,8.0,27.0,2.0,1.0,0.0,3.0,0.0,6.0,7.0,10.0,17.0,2.0,4.0,18.0,21.0,4.0,6.0,11.0,6.0,2.0,0.33,0.84,0.57,1.0,1.0,0.0,28.91,19.0,20.22,2.0,0.22,0.29,0.29,1.67,1.8,1.8
84774988479442,2025,Nurse-Stecher,EDM,pairing,5on5,1,870.0,2.0,0.35,0.4,0.33,4.96,0.36,0.35,1.01,0.14,2.93,2.22,0.36,0.39,0.39,4.0,3.0,5.0,12.0,0.0,0.0,0.0,1.0,0.0,3.0,3.0,4.0,7.0,1.0,2.0,6.0,5.0,2.0,6.0,6.0,1.0,0.0,0.21,0.15,0.0,0.0,0.0,0.0,12.67,7.0,7.49,2.0,0.07,0.0,0.0,0.43,0.47,0.47,9.59,0.68,0.66,2.4,0.33,6.0,3.92,0.67,0.63,0.63,8.0,6.0,4.0,18.0,0.0,1.0,0.0,2.0,0.0,5.0,6.0,8.0,14.0,0.0,0.0,6.0,6.0,0.0,4.0,11.0,3.0,0.0,0.34,0.34,0.0,0.0,0.0,0.0,16.75,14.0,13.05,3.0,0.14,0.03,0.03,0.78,0.73,0.72
84768548479369,2025,Lindholm-Peeke,BOS,pairing,5on5,2,798.0,9.0,0.48,0.45,0.52,8.0,0.56,0.43,2.27,0.28,4.29,3.18,0.55,0.58,0.57,4.0,7.0,2.0,13.0,0.0,2.0,0.0,1.0,0.0,3.0,5.0,4.0,11.0,0.0,0.0,11.0,7.0,2.0,2.0,9.0,2.0,0.0,0.28,0.28,0.0,0.0,0.0,0.0,13.78,11.0,11.58,1.0,0.09,0.25,0.25,0.4,0.42,0.41,7.38,0.61,0.53,2.49,0.27,3.61,2.48,0.57,0.57,0.53,5.0,5.0,6.0,16.0,1.0,1.0,0.0,2.0,0.0,3.0,3.0,4.0,9.0,1.0,2.0,11.0,4.0,3.0,8.0,6.0,4.0,0.0,0.14,0.47,0.0,0.0,1.0,0.0,14.92,10.0,9.38,5.0,0.11,0.19,0.19,0.54,0.51,0.47
84745678478136,2025,Middleton-Bogosian,MIN,pairing,5on5,2,734.0,11.0,0.78,0.6,0.71,6.89,0.66,0.41,2.05,0.28,3.6,3.0,0.64,0.6,0.59,4.0,6.0,2.0,12.0,0.0,1.0,0.0,3.0,0.0,2.0,4.0,4.0,10.0,2.0,4.0,2.0,7.0,1.0,3.0,6.0,4.0,0.0,0.16,0.49,0.0,0.0,0.0,0.0,10.98,10.0,9.26,1.0,0.09,0.03,0.03,0.71,0.65,0.64,2.76,0.18,0.2,0.67,0.09,1.52,1.34,0.18,0.2,0.2,1.0,3.0,4.0,8.0,0.0,0.0,0.0,1.0,0.0,1.0,2.0,1.0,4.0,1.0,2.0,8.0,4.0,1.0,5.0,3.0,1.0,0.0,0.09,0.09,0.0,0.0,0.0,0.0,9.03,4.0,4.44,1.0,0.04,0.0,0.0,0.22,0.25,0.25
847790384837338484779,2025,Grebenkin-Luchanko-Hathaway,PHI,line,5on5,2,757.0,8.0,0.48,0.53,0.56,3.18,0.39,0.32,0.63,0.14,2.13,1.39,0.37,0.39,0.38,2.0,3.0,4.0,9.0,0.0,0.0,0.0,0.0,0.0,3.0,2.0,2.0,5.0,2.0,4.0,4.0,8.0,1.0,6.0,3.0,2.0,0.0,0.13,0.25,0.0,0.0,0.0,0.0,9.27,5.0,5.1,2.0,0.07,0.0,0.0,0.45,0.46,0.44,3.17,0.42,0.21,0.65,0.09,1.51,1.12,0.41,0.41,0.4,4.0,0.0,4.0,8.0,1.0,0.0,0.0,0.0,0.0,1.0,2.0,3.0,3.0,0.0,0.0,5.0,11.0,1.0,6.0,2.0,2.0,0.0,0.11,0.3,0.0,0.0,1.0,0.0,7.89,4.0,4.01,1.0,0.05,0.0,0.0,0.46,0.46,0.45
847854284800038482713,2025,Boqvist-Rodrigues-Samoskevich,FLA,line,5on5,4,2038.0,10.0,0.34,0.55,0.47,13.29,0.81,0.73,3.56,0.43,7.33,5.13,0.8,0.8,0.79,14.0,4.0,10.0,28.0,1.0,1.0,0.0,5.0,0.0,4.0,7.0,13.0,17.0,3.0,6.0,17.0,26.0,2.0,6.0,14.0,4.0,0.0,0.36,0.45,0.0,0.0,1.0,0.0,28.39,18.0,18.06,2.0,0.15,0.12,0.12,0.85,0.84,0.83,15.34,1.57,0.94,3.63,0.46,7.58,5.81,1.56,1.58,1.57,12.0,8.0,3.0,23.0,0.0,2.0,0.0,2.0,1.0,9.0,6.0,12.0,20.0,3.0,6.0,23.0,13.0,3.0,12.0,14.0,3.0,3.0,0.36,0.45,0.76,0.0,0.0,0.0,22.6,20.0,19.86,5.0,0.2,0.53,0.53,1.24,1.24,1.24
84764738476891,2025,Grzelcyk-Murphy,CHI,pairing,5on5,4,1180.0,14.0,0.35,0.41,0.44,8.54,0.67,0.59,2.4,0.32,4.66,3.36,0.64,0.65,0.62,9.0,3.0,3.0,15.0,0.0,1.0,0.0,1.0,0.0,4.0,6.0,9.0,12.0,4.0,11.0,6.0,8.0,2.0,5.0,9.0,3.0,0.0,0.22,0.45,0.0,0.0,0.0,0.0,14.87,12.0,11.96,5.0,0.12,0.19,0.19,0.6,0.59,0.57,11.33,1.24,0.76,2.8,0.47,5.94,3.79,1.22,1.23,1.22,7.0,8.0,7.0,22.0,1.0,1.0,1.0,1.0,0.0,3.0,9.0,6.0,14.0,2.0,7.0,10.0,6.0,1.0,2.0,8.0,6.0,1.0,0.3,0.73,0.21,0.0,0.0,1.0,21.91,15.0,14.94,1.0,0.16,0.21,0.21,1.19,1.19,1.19
84752088476879,2025,Dumoulin-Ceci,LAK,pairing,5on5,4,2354.0,11.0,0.34,0.35,0.34,12.86,1.02,0.82,3.37,0.41,6.38,5.01,1.0,0.98,0.96,11.0,6.0,7.0,24.0,0.0,2.0,0.0,4.0,0.0,8.0,3.0,11.0,17.0,3.0,6.0,23.0,31.0,3.0,17.0,15.0,0.0,2.0,0.47,0.0,0.54,0.0,0.0,0.0,23.68,17.0,17.04,8.0,0.17,0.28,0.28,0.91,0.89,0.89,23.39,1.95,1.65,5.7,0.79,13.23,9.68,1.93,1.98,1.94,22.0,11.0,12.0,45.0,5.0,2.0,1.0,5.0,0.0,9.0,12.0,17.0,28.0,1.0,2.0,18.0,24.0,4.0,11.0,24.0,8.0,1.0,0.7,1.02,0.23,2.0,2.0,1.0,44.87,33.0,32.96,5.0,0.35,0.37,0.37,1.93,1.93,1.91
84808398481524,2025,Dahlin-Byram,BUF,pairing,5on5,3,2470.0,3.0,0.51,0.63,0.61,27.86,1.53,1.69,7.71,0.97,16.64,11.46,1.5,1.44,1.41,28.0,12.0,12.0,52.0,1.0,2.0,0.0,7.0,0.0,15.0,15.0,27.0,39.0,4.0,8.0,19.0,15.0,2.0,13.0,36.0,4.0,0.0,0.99,0.54,0.0,1.0,0.0,0.0,48.62,40.0,37.39,8.0,0.34,0.22,0.25,1.62,1.52,1.5,19.05,1.45,1.13,5.18,0.65,10.04,7.54,1.42,1.54,1.51,20.0,6.0,4.0,30.0,3.0,2.0,0.0,5.0,0.0,8.0,8.0,17.0,23.0,4.0,8.0,26.0,18.0,1.0,15.0,21.0,4.0,1.0,0.66,0.53,0.26,2.0,1.0,0.0,32.18,26.0,27.73,8.0,0.23,0.42,0.42,1.26,1.32,1.3
84772208478507,2025,Schmidt-Marino,UTA,pairing,5on5,3,912.0,26.0,0.44,0.74,0.75,12.69,1.0,0.85,3.31,0.46,7.17,5.21,0.98,1.02,1.01,9.0,9.0,2.0,20.0,1.0,2.0,0.0,2.0,0.0,5.0,8.0,8.0,17.0,0.0,0.0,8.0,3.0,1.0,3.0,14.0,3.0,1.0,0.35,0.41,0.23,1.0,0.0,0.0,20.18,18.0,18.09,1.0,0.17,0.41,0.41,0.76,0.78,0.78,5.32,1.27,0.46,1.08,0.15,1.81,1.24,1.06,1.24,1.04,5.0,1.0,1.0,7.0,2.0,1.0,0.0,0.0,0.0,3.0,0.0,3.0,4.0,1.0,2.0,3.0,3.0,0.0,10.0,1.0,2.0,3.0,0.02,0.33,0.92,0.0,0.0,2.0,6.96,6.0,6.03,3.0,0.1,0.18,0.18,1.19,1.17,0.97
84785078479410,2025,Sergachev-Marino,UTA,pairing,5on5,3,1111.0,14.0,0.16,0.34,0.28,5.11,0.26,0.24,1.16,0.16,2.91,2.27,0.26,0.27,0.27,4.0,3.0,6.0,13.0,0.0,0.0,0.0,3.0,0.0,2.0,2.0,4.0,7.0,1.0,2.0,11.0,6.0,1.0,11.0,6.0,1.0,0.0,0.11,0.15,0.0,0.0,0.0,0.0,13.3,7.0,7.08,6.0,0.05,0.0,0.0,0.31,0.32,0.32,12.78,1.38,0.87,3.3,0.46,6.98,5.02,1.35,1.33,1.3,12.0,6.0,7.0,25.0,1.0,3.0,0.0,2.0,0.0,8.0,4.0,11.0,17.0,0.0,0.0,14.0,5.0,1.0,10.0,11.0,5.0,2.0,0.31,0.57,0.5,1.0,0.0,0.0,24.7,18.0,17.9,5.0,0.18,0.66,0.66,0.9,0.86,0.85
848087684820708483447,2025,Douglas-Geekie-Chaffee,TBL,line,5on5,3,655.0,21.0,0.2,0.42,0.4,4.74,0.21,0.25,1.41,0.15,2.24,1.73,0.21,0.23,0.23,3.0,3.0,2.0,8.0,0.0,1.0,0.0,2.0,0.0,1.0,2.0,3.0,6.0,3.0,6.0,3.0,9.0,1.0,1.0,6.0,0.0,0.0,0.21,0.0,0.0,0.0,0.0,0.0,8.61,6.0,6.4,0.0,0.05,0.03,0.03,0.23,0.25,0.25,6.44,0.86,0.38,1.81,0.22,3.4,2.32,0.85,0.8,0.79,4.0,5.0,2.0,11.0,0.0,2.0,0.0,2.0,0.0,3.0,2.0,4.0,9.0,2.0,4.0,8.0,7.0,0.0,7.0,5.0,2.0,2.0,0.1,0.18,0.59,0.0,0.0,0.0,10.13,9.0,8.3,2.0,0.08,0.59,0.59,0.36,0.33,0.31
847843884808428485414,2025,Novak-Kindel-Hallander,PIT,line,5on5,2,817.0,7.0,0.54,0.52,0.54,9.95,1.17,0.75,2.26,0.29,4.91,3.63,1.11,1.08,1.04,11.0,2.0,4.0,17.0,2.0,2.0,0.0,2.0,0.0,5.0,2.0,9.0,11.0,1.0,2.0,5.0,4.0,1.0,8.0,9.0,1.0,3.0,0.32,0.19,0.65,2.0,0.0,0.0,15.9,13.0,12.45,5.0,0.16,0.45,0.45,0.87,0.81,0.8,8.43,0.99,0.51,2.1,0.24,4.23,2.93,0.91,1.12,1.03,8.0,3.0,5.0,16.0,1.0,1.0,0.0,5.0,0.0,3.0,1.0,7.0,10.0,4.0,8.0,6.0,8.0,3.0,5.0,8.0,0.0,3.0,0.21,0.0,0.78,1.0,0.0,0.0,17.99,11.0,11.72,3.0,0.11,0.29,0.29,0.81,0.9,0.9
847843884815778485414,2025,Novak-Kindel-Tomasino,PIT,line,5on5,2,1257.0,4.0,0.61,0.39,0.45,9.59,1.12,0.77,1.82,0.29,5.17,3.84,1.1,1.18,1.16,9.0,4.0,4.0,17.0,0.0,0.0,0.0,3.0,0.0,6.0,4.0,9.0,13.0,0.0,0.0,8.0,4.0,1.0,10.0,9.0,3.0,1.0,0.45,0.4,0.26,0.0,0.0,0.0,17.85,13.0,13.59,4.0,0.16,0.0,0.0,1.28,1.35,1.33,11.55,0.71,0.76,3.57,0.4,6.36,4.2,0.69,0.67,0.65,9.0,7.0,11.0,27.0,1.0,2.0,0.0,3.0,0.0,6.0,4.0,8.0,15.0,0.0,0.0,10.0,13.0,1.0,11.0,13.0,3.0,0.0,0.38,0.33,0.0,1.0,0.0,0.0,25.75,16.0,15.36,3.0,0.16,0.2,0.2,0.67,0.64,0.64
847353384769218477478,2025,Martinook-Staal-Carrier,CAR,line,5on5,3,1640.0,8.0,0.57,0.65,0.64,20.29,1.6,1.23,5.7,0.65,10.57,7.25,1.43,1.59,1.43,16.0,11.0,12.0,39.0,2.0,3.0,0.0,4.0,0.0,13.0,5.0,14.0,25.0,4.0,8.0,25.0,21.0,3.0,10.0,22.0,3.0,2.0,0.6,0.37,0.63,2.0,0.0,0.0,39.9,27.0,27.46,4.0,0.26,0.66,0.66,1.2,1.22,1.21,11.15,1.2,0.76,3.06,0.41,5.44,4.13,1.17,1.19,1.15,11.0,4.0,6.0,21.0,0.0,2.0,0.0,2.0,0.0,7.0,4.0,11.0,15.0,3.0,6.0,18.0,12.0,1.0,9.0,10.0,4.0,1.0,0.32,0.68,0.21,0.0,0.0,0.0,20.82,15.0,14.85,4.0,0.16,0.05,0.05,1.32,1.3,1.27
847810984795258480835,2025,Olofsson-Drury-Colton,COL,line,5on5,4,1562.0,11.0,0.56,0.6,0.59,16.14,1.1,0.94,4.99,0.54,8.57,5.86,1.08,1.15,1.13,17.0,5.0,12.0,34.0,1.0,1.0,0.0,2.0,0.0,10.0,8.0,16.0,21.0,3.0,9.0,19.0,14.0,3.0,7.0,18.0,3.0,1.0,0.55,0.34,0.21,0.0,1.0,0.0,35.79,22.0,23.39,1.0,0.2,0.06,0.06,1.24,1.3,1.28,11.35,0.88,0.67,3.08,0.35,5.81,4.22,0.88,0.88,0.88,9.0,6.0,8.0,23.0,1.0,0.0,0.0,2.0,0.0,4.0,8.0,8.0,14.0,3.0,9.0,12.0,8.0,4.0,14.0,12.0,2.0,1.0,0.24,0.33,0.3,0.0,0.0,1.0,22.13,15.0,14.39,8.0,0.14,0.0,0.0,1.02,1.02,1.02
847793384801858482113,2025,Luostarinen-Reinhart-Lundell,FLA,line,5on5,4,2318.0,8.0,0.73,0.56,0.65,22.27,1.89,1.39,5.34,0.7,11.73,8.95,1.83,1.88,1.81,23.0,7.0,6.0,36.0,1.0,3.0,0.0,9.0,0.0,7.0,10.0,22.0,29.0,2.0,4.0,30.0,12.0,0.0,11.0,21.0,7.0,2.0,0.54,0.81,0.54,0.0,1.0,0.0,36.49,30.0,30.16,4.0,0.28,0.62,0.62,1.56,1.55,1.52,11.69,0.69,0.73,2.61,0.34,6.66,4.95,0.69,0.7,0.69,6.0,10.0,12.0,28.0,1.0,0.0,0.0,2.0,1.0,6.0,6.0,5.0,15.0,3.0,8.0,28.0,14.0,5.0,13.0,14.0,2.0,0.0,0.44,0.25,0.0,1.0,0.0,0.0,27.82,16.0,15.9,5.0,0.15,0.0,0.0,0.84,0.85,0.84
84794108484386,2025,Sergachev-Simashev,UTA,pairing,5on5,3,627.0,28.0,0.32,0.5,0.5,6.55,0.47,0.44,1.59,0.2,3.72,2.57,0.46,0.47,0.46,6.0,3.0,2.0,11.0,0.0,1.0,0.0,3.0,0.0,3.0,2.0,6.0,9.0,1.0,2.0,5.0,1.0,0.0,2.0,7.0,2.0,0.0,0.2,0.27,0.0,0.0,0.0,0.0,10.78,9.0,8.68,0.0,0.09,0.19,0.19,0.37,0.37,0.37,7.27,1.02,0.62,1.85,0.25,3.15,2.12,0.92,1.0,0.91,4.0,5.0,2.0,11.0,0.0,4.0,0.0,1.0,0.0,2.0,2.0,4.0,9.0,0.0,0.0,4.0,6.0,0.0,1.0,4.0,4.0,1.0,0.1,0.59,0.32,0.0,0.0,0.0,11.01,9.0,9.14,0.0,0.13,0.73,0.73,0.41,0.4,0.39
84745678483460,2025,Bogosian-Jiricek,MIN,pairing,5on5,1,760.0,3.0,0.67,0.5,0.5,8.3,0.84,0.56,1.62,0.24,4.23,3.51,0.8,0.95,0.91,6.0,5.0,3.0,14.0,3.0,0.0,0.0,1.0,0.0,5.0,2.0,3.0,8.0,1.0,2.0,3.0,3.0,0.0,3.0,9.0,0.0,2.0,0.37,0.0,0.47,2.0,0.0,1.0,16.46,11.0,12.43,1.0,0.12,0.0,0.0,0.96,1.08,1.04,7.84,0.41,0.41,2.14,0.3,4.54,3.2,0.41,0.37,0.37,7.0,4.0,3.0,14.0,0.0,0.0,0.0,1.0,0.0,3.0,7.0,7.0,11.0,1.0,2.0,1.0,11.0,4.0,3.0,10.0,0.0,1.0,0.2,0.0,0.21,0.0,0.0,0.0,12.39,11.0,9.97,2.0,0.08,0.0,0.0,0.49,0.44,0.44
84779388480145,2025,Fleury-Pionk,WPG,pairing,5on5,2,1210.0,4.0,0.18,0.47,0.35,5.81,0.26,0.3,1.6,0.18,3.24,2.41,0.26,0.25,0.25,3.0,5.0,9.0,17.0,0.0,0.0,0.0,0.0,0.0,3.0,5.0,3.0,8.0,2.0,4.0,13.0,12.0,2.0,7.0,8.0,0.0,0.0,0.26,0.0,0.0,0.0,0.0,0.0,15.77,8.0,7.49,0.0,0.06,0.0,0.0,0.33,0.31,0.31,11.46,1.22,0.78,2.97,0.38,5.74,3.9,1.14,1.31,1.23,10.0,5.0,4.0,19.0,2.0,2.0,1.0,2.0,0.0,6.0,3.0,8.0,13.0,3.0,6.0,5.0,14.0,2.0,10.0,10.0,4.0,1.0,0.4,0.42,0.39,1.0,0.0,1.0,20.04,15.0,15.8,5.0,0.17,0.41,0.41,0.97,1.04,1.02
847794984794208482659,2025,Tuch-Thompson-Doan,BUF,line,5on5,1,658.0,1.0,0.65,0.66,0.64,12.14,1.16,0.85,3.17,0.39,6.11,4.33,1.1,1.07,1.02,9.0,7.0,5.0,21.0,1.0,1.0,0.0,4.0,0.0,9.0,1.0,8.0,15.0,2.0,4.0,8.0,1.0,3.0,3.0,10.0,5.0,1.0,0.24,0.71,0.2,1.0,0.0,0.0,19.7,16.0,15.04,2.0,0.18,0.2,0.2,1.13,1.06,1.03,6.58,0.61,0.41,1.73,0.2,3.45,2.59,0.59,0.68,0.66,8.0,1.0,2.0,11.0,0.0,1.0,0.0,2.0,0.0,2.0,4.0,8.0,9.0,1.0,2.0,6.0,7.0,0.0,5.0,7.0,1.0,1.0,0.24,0.11,0.26,0.0,0.0,0.0,12.54,9.0,10.22,3.0,0.09,0.26,0.26,0.44,0.49,0.48
847795184793438480849,2025,Schmaltz-Hayton-Keller,UTA,line,5on5,1,668.0,1.0,1.0,1.0,1.0,11.03,0.84,0.7,2.91,0.36,6.04,4.15,0.83,0.86,0.85,10.0,5.0,1.0,16.0,0.0,2.0,0.0,2.0,0.0,5.0,6.0,10.0,15.0,1.0,2.0,9.0,0.0,0.0,2.0,11.0,3.0,1.0,0.21,0.4,0.23,0.0,0.0,0.0,16.0,15.0,14.86,0.0,0.14,0.41,0.41,0.58,0.59,0.59,0.0,0.0,0.0,0.0,0.0,0.0,0.0,0.0,0.0,0.0,0.0,0.0,0.0,0.0,0.0,0.0,0.0,0.0,0.0,0.0,0.0,0.0,0.0,1.0,2.0,6.0,6.0,1.0,6.0,0.0,0.0,0.0,0.0,0.0,0.0,0.0,0.0,0.0,0.0,0.0,0.0,2.0,0.0,0.0,0.0,0.0,0.0,0.0
84784548480874,2025,Ginning-Juulsen,PHI,pairing,5on5,3,915.0,14.0,0.3,0.3,0.21,2.07,0.28,0.16,0.41,0.07,1.34,0.73,0.27,0.3,0.29,1.0,2.0,4.0,7.0,1.0,0.0,0.0,0.0,0.0,1.0,1.0,0.0,2.0,2.0,4.0,3.0,8.0,1.0,7.0,2.0,1.0,0.0,0.12,0.17,0.0,1.0,0.0,0.0,7.24,3.0,3.16,2.0,0.03,0.0,0.0,0.32,0.34,0.32,7.95,0.68,0.52,1.86,0.27,4.44,3.23,0.66,0.65,0.63,8.0,3.0,5.0,16.0,1.0,1.0,0.0,0.0,0.0,3.0,6.0,7.0,10.0,1.0,2.0,6.0,10.0,1.0,6.0,8.0,3.0,0.0,0.25,0.43,0.0,1.0,0.0,0.0,15.66,11.0,10.78,3.0,0.11,0.16,0.16,0.62,0.61,0.6
847643884768818481604,2025,Saad-Hertl-Dorofeyev,VGK,line,5on5,3,1530.0,9.0,0.38,0.55,0.51,12.88,0.78,0.71,3.66,0.39,7.31,5.16,0.77,0.77,0.77,13.0,5.0,9.0,27.0,1.0,1.0,0.0,4.0,0.0,5.0,7.0,12.0,17.0,2.0,4.0,18.0,13.0,2.0,6.0,15.0,3.0,0.0,0.4,0.37,0.0,1.0,0.0,0.0,26.31,18.0,17.55,2.0,0.14,0.14,0.14,0.78,0.78,0.78,12.26,1.25,0.83,3.03,0.48,6.57,4.84,1.14,1.25,1.14,9.0,8.0,5.0,22.0,2.0,2.0,0.0,1.0,0.0,5.0,7.0,7.0,15.0,1.0,2.0,14.0,17.0,0.0,14.0,11.0,5.0,1.0,0.25,0.63,0.37,0.0,2.0,0.0,21.99,17.0,17.27,5.0,0.17,0.55,0.55,0.86,0.87,0.85
84754628481605,2025,Lacombe-Gudas,ANA,pairing,5on5,3,2633.0,5.0,0.58,0.63,0.65,23.11,1.39,1.42,6.7,0.81,13.24,9.44,1.33,1.4,1.34,19.0,14.0,20.0,53.0,1.0,1.0,0.0,4.0,0.0,12.0,15.0,18.0,32.0,2.0,4.0,20.0,22.0,4.0,13.0,29.0,3.0,1.0,0.68,0.42,0.29,0.0,0.0,1.0,51.98,33.0,32.34,6.0,0.29,0.19,0.19,1.5,1.51,1.45,12.35,1.01,0.9,3.42,0.46,7.18,5.03,0.99,1.07,1.05,12.0,6.0,13.0,31.0,2.0,0.0,0.0,4.0,1.0,6.0,5.0,10.0,16.0,3.0,6.0,30.0,11.0,3.0,16.0,13.0,5.0,0.0,0.45,0.56,0.0,1.0,1.0,0.0,32.47,18.0,18.92,8.0,0.19,0.0,0.0,1.2,1.27,1.24
847534384795208482088,2025,Duhaime-Dowd-Sourdif,WSH,line,5on5,4,1880.0,11.0,0.43,0.44,0.42,11.76,0.74,0.61,2.83,0.42,5.85,5.55,0.72,0.8,0.77,11.0,5.0,6.0,22.0,0.0,0.0,0.0,4.0,0.0,4.0,8.0,11.0,16.0,1.0,2.0,16.0,24.0,1.0,5.0,12.0,4.0,0.0,0.18,0.56,0.0,0.0,0.0,0.0,23.45,16.0,16.78,1.0,0.13,0.0,0.0,0.87,0.93,0.9,16.48,0.97,0.89,5.04,0.56,8.36,6.18,0.92,1.0,0.94,12.0,10.0,6.0,28.0,1.0,2.0,0.0,2.0,0.0,11.0,6.0,11.0,21.0,2.0,4.0,17.0,28.0,5.0,17.0,19.0,3.0,0.0,0.56,0.41,0.0,0.0,1.0,0.0,27.61,22.0,21.93,6.0,0.18,0.2,0.2,0.95,0.98,0.93
84706138479398,2025,Girard-Burns,COL,pairing,5on5,2,1260.0,5.0,0.59,0.55,0.49,11.74,1.2,0.72,3.33,0.42,6.73,4.61,1.18,1.18,1.17,14.0,3.0,11.0,28.0,1.0,1.0,0.0,1.0,0.0,10.0,4.0,13.0,16.0,2.0,4.0,15.0,13.0,2.0,10.0,11.0,5.0,1.0,0.29,0.63,0.28,0.0,1.0,0.0,28.83,17.0,17.65,5.0,0.15,0.28,0.28,1.07,1.07,1.06,13.12,0.82,0.68,3.88,0.42,7.14,5.05,0.81,0.8,0.79,10.0,8.0,5.0,23.0,0.0,1.0,0.0,3.0,0.0,6.0,8.0,10.0,18.0,2.0,4.0,10.0,11.0,1.0,13.0,16.0,1.0,1.0,0.4,0.1,0.32,0.0,0.0,0.0,22.29,18.0,17.38,7.0,0.14,0.32,0.32,0.64,0.63,0.63
847793484784028479365,2025,Frederic-Mcdavid-Draisaitl,EDM,line,5on5,2,1406.0,2.0,0.91,0.72,0.75,18.43,2.57,1.44,3.72,0.51,8.97,6.78,2.54,2.49,2.46,17.0,7.0,5.0,29.0,0.0,2.0,0.0,2.0,0.0,11.0,9.0,17.0,24.0,1.0,2.0,12.0,10.0,1.0,10.0,13.0,7.0,4.0,0.51,0.9,1.17,0.0,0.0,0.0,29.15,24.0,24.11,4.0,0.3,0.55,0.55,2.33,2.26,2.25,5.81,0.24,0.27,1.32,0.17,3.25,2.75,0.24,0.25,0.25,6.0,2.0,3.0,11.0,0.0,0.0,0.0,2.0,0.0,3.0,3.0,6.0,8.0,4.0,8.0,5.0,18.0,3.0,7.0,8.0,0.0,0.0,0.24,0.0,0.0,0.0,0.0,0.0,11.07,8.0,8.11,5.0,0.05,0.0,0.0,0.3,0.31,0.31
84815688483506,2025,Vlasic-Rinzel,CHI,pairing,5on5,3,1668.0,4.0,0.24,0.31,0.25,5.11,0.41,0.29,1.23,0.17,2.88,2.03,0.41,0.41,0.41,4.0,3.0,7.0,14.0,0.0,0.0,0.0,3.0,0.0,4.0,0.0,4.0,7.0,3.0,6.0,10.0,13.0,2.0,13.0,4.0,3.0,0.0,0.06,0.35,0.0,0.0,0.0,0.0,14.14,7.0,7.09,5.0,0.06,0.0,0.0,0.47,0.47,0.47,15.34,1.27,0.93,3.67,0.49,8.31,6.32,1.25,1.28,1.26,15.0,6.0,10.0,31.0,2.0,2.0,0.0,3.0,0.0,4.0,10.0,13.0,19.0,3.0,6.0,18.0,8.0,0.0,6.0,15.0,5.0,1.0,0.38,0.66,0.23,2.0,0.0,0.0,31.44,21.0,21.3,3.0,0.19,0.41,0.41,1.06,1.07,1.07
84745748483678,2025,Pettersson-Myers,VAN,pairing,5on5,2,859.0,6.0,0.64,0.48,0.44,6.04,0.67,0.44,1.5,0.19,3.03,2.16,0.63,0.62,0.58,5.0,3.0,5.0,13.0,1.0,1.0,0.0,1.0,0.0,2.0,3.0,4.0,7.0,0.0,0.0,7.0,3.0,1.0,7.0,6.0,1.0,1.0,0.24,0.17,0.26,1.0,0.0,0.0,11.95,8.0,7.41,5.0,0.09,0.26,0.26,0.51,0.47,0.46,7.43,0.38,0.49,1.76,0.23,4.25,2.89,0.36,0.41,0.39,8.0,2.0,4.0,14.0,0.0,0.0,0.0,2.0,0.0,4.0,4.0,8.0,10.0,0.0,0.0,10.0,2.0,1.0,4.0,9.0,1.0,0.0,0.26,0.11,0.0,0.0,0.0,0.0,15.44,10.0,11.08,2.0,0.1,0.0,0.0,0.48,0.52,0.5
847749784808938481716,2025,Voronkov-Monahan-Marchenko,CBJ,line,5on5,3,2015.0,3.0,0.55,0.59,0.57,22.78,1.94,1.35,5.73,0.73,11.52,8.71,1.91,1.98,1.95,22.0,8.0,18.0,48.0,4.0,2.0,0.0,5.0,0.0,11.0,8.0,18.0,26.0,2.0,4.0,22.0,10.0,2.0,8.0,24.0,4.0,2.0,0.87,0.63,0.45,1.0,1.0,2.0,49.03,30.0,30.39,5.0,0.28,0.19,0.19,2.04,2.07,2.04,16.82,1.6,1.16,4.75,0.6,8.63,6.25,1.55,1.54,1.5,15.0,8.0,11.0,34.0,0.0,3.0,0.0,3.0,0.0,6.0,11.0,15.0,23.0,0.0,0.0,26.0,4.0,4.0,9.0,16.0,5.0,2.0,0.37,0.72,0.51,0.0,0.0,0.0,33.41,23.0,22.38,6.0,0.24,0.28,0.28,1.57,1.52,1.48
848044884816418484149,2025,Kiviranta-Kelly-Brindley,COL,line,5on5,4,1255.0,15.0,0.62,0.43,0.44,5.6,0.71,0.42,1.62,0.23,2.99,2.04,0.69,0.69,0.68,7.0,1.0,11.0,19.0,1.0,1.0,0.0,0.0,0.0,5.0,1.0,6.0,7.0,2.0,4.0,10.0,19.0,2.0,5.0,5.0,2.0,1.0,0.18,0.25,0.28,1.0,0.0,0.0,19.37,8.0,8.07,3.0,0.09,0.28,0.28,0.51,0.52,0.51,7.22,0.43,0.46,1.78,0.22,4.06,3.04,0.43,0.42,0.42,4.0,6.0,15.0,25.0,0.0,0.0,0.0,0.0,0.0,7.0,3.0,4.0,10.0,5.0,12.0,11.0,14.0,0.0,8.0,8.0,2.0,0.0,0.23,0.21,0.0,0.0,0.0,0.0,23.39,10.0,9.55,4.0,0.09,0.0,0.0,0.53,0.5,0.5
84778108484768,2025,Hanley-Parekh,CGY,pairing,5on5,1,691.0,3.0,0.7,0.52,0.6,6.65,0.56,0.39,1.74,0.21,3.64,2.47,0.55,0.54,0.54,6.0,3.0,2.0,11.0,0.0,1.0,0.0,2.0,0.0,3.0,3.0,6.0,9.0,0.0,0.0,6.0,12.0,0.0,2.0,7.0,2.0,0.0,0.17,0.39,0.0,0.0,0.0,0.0,11.05,9.0,9.1,1.0,0.08,0.2,0.2,0.44,0.43,0.43,4.1,0.24,0.24,1.15,0.13,2.46,1.78,0.23,0.24,0.24,4.0,2.0,4.0,10.0,0.0,0.0,0.0,2.0,0.0,4.0,0.0,4.0,6.0,0.0,0.0,6.0,9.0,2.0,4.0,5.0,1.0,0.0,0.13,0.12,0.0,0.0,0.0,0.0,9.95,6.0,5.89,2.0,0.05,0.0,0.0,0.29,0.29,0.28
847638984785508482109,2025,Lafrenire-Trocheck-Panarin,NYR,line,5on5,2,1042.0,5.0,0.49,0.4,0.45,7.34,0.73,0.51,1.94,0.26,3.82,2.74,0.72,0.73,0.72,9.0,1.0,2.0,12.0,1.0,2.0,1.0,1.0,0.0,3.0,3.0,8.0,9.0,0.0,0.0,7.0,7.0,2.0,8.0,7.0,2.0,1.0,0.15,0.28,0.31,0.0,1.0,0.0,11.74,10.0,9.74,4.0,0.11,0.48,0.48,0.36,0.35,0.35,8.48,0.75,0.59,2.16,0.3,4.74,3.46,0.69,0.79,0.73,11.0,1.0,6.0,18.0,1.0,1.0,0.0,2.0,0.0,1.0,7.0,10.0,11.0,1.0,2.0,7.0,8.0,1.0,3.0,10.0,1.0,1.0,0.36,0.15,0.24,0.0,0.0,1.0,18.39,12.0,12.21,3.0,0.13,0.15,0.15,0.73,0.76,0.7
84773468477810,2025,Hanley-Weegar,CGY,pairing,5on5,4,2366.0,10.0,0.57,0.56,0.58,21.02,1.93,1.4,5.66,0.77,11.25,8.0,1.82,1.92,1.81,16.0,13.0,13.0,42.0,0.0,3.0,0.0,7.0,0.0,12.0,7.0,16.0,29.0,6.0,15.0,26.0,23.0,3.0,9.0,22.0,4.0,3.0,0.5,0.59,0.83,0.0,0.0,0.0,41.63,29.0,29.08,3.0,0.29,0.82,0.82,1.4,1.4,1.33,16.23,1.43,0.98,3.96,0.53,7.66,6.45,1.35,1.48,1.4,16.0,5.0,12.0,33.0,4.0,2.0,0.0,3.0,0.0,7.0,5.0,12.0,17.0,6.0,15.0,28.0,29.0,4.0,12.0,13.0,7.0,1.0,0.3,0.92,0.21,1.0,3.0,0.0,34.57,21.0,21.99,6.0,0.21,0.32,0.32,1.32,1.38,1.32
847842184793168479981,2025,Gadjovich-Kunin-Greer,FLA,line,5on5,4,1531.0,13.0,0.69,0.44,0.47,7.0,0.83,0.48,1.82,0.24,3.3,2.32,0.83,0.81,0.81,8.0,1.0,7.0,16.0,1.0,0.0,0.0,4.0,0.0,3.0,1.0,7.0,8.0,2.0,4.0,13.0,26.0,1.0,7.0,5.0,3.0,1.0,0.13,0.46,0.24,0.0,0.0,1.0,16.07,9.0,8.96,4.0,0.11,0.0,0.0,0.94,0.91,0.91,6.79,0.38,0.38,2.1,0.24,3.97,2.93,0.37,0.37,0.37,6.0,4.0,10.0,20.0,0.0,0.0,0.0,0.0,0.0,6.0,4.0,6.0,10.0,2.0,4.0,16.0,19.0,3.0,13.0,9.0,1.0,0.0,0.25,0.12,0.0,0.0,0.0,0.0,19.68,10.0,9.84,4.0,0.08,0.0,0.0,0.45,0.45,0.45
847682684774168480995,2025,Bjorkstrand-Gourde-Holmberg,TBL,line,5on5,4,1412.0,28.0,0.76,0.48,0.5,14.46,1.6,0.93,3.43,0.45,6.25,5.35,1.55,1.77,1.71,12.0,6.0,4.0,22.0,2.0,4.0,1.0,2.0,0.0,5.0,5.0,10.0,16.0,2.0,4.0,10.0,6.0,1.0,7.0,11.0,4.0,3.0,0.27,0.55,0.78,0.0,1.0,1.0,24.3,18.0,19.8,4.0,0.2,0.73,0.73,1.07,1.17,1.17,13.13,0.51,0.79,3.61,0.42,7.35,5.33,0.49,0.47,0.45,12.0,6.0,6.0,24.0,0.0,1.0,0.0,3.0,0.0,4.0,10.0,12.0,18.0,1.0,2.0,18.0,8.0,2.0,8.0,17.0,1.0,0.0,0.42,0.08,0.0,0.0,0.0,0.0,22.34,18.0,16.71,3.0,0.16,0.03,0.03,0.64,0.59,0.58
847181784766248478874,2025,Goodrow-Gaudette-Reaves,SJS,line,5on5,3,1077.0,11.0,0.25,0.22,0.18,3.27,0.32,0.29,0.69,0.08,1.6,1.02,0.32,0.32,0.32,3.0,1.0,2.0,6.0,1.0,0.0,0.0,1.0,0.0,1.0,1.0,2.0,3.0,3.0,9.0,9.0,20.0,1.0,7.0,2.0,1.0,1.0,0.02,0.1,0.21,0.0,0.0,1.0,5.69,4.0,3.85,4.0,0.06,0.0,0.0,0.38,0.38,0.37,13.13,0.98,0.9,2.99,0.42,7.36,5.34,0.98,1.07,1.06,12.0,6.0,3.0,21.0,2.0,0.0,0.0,2.0,0.0,10.0,4.0,10.0,16.0,1.0,5.0,12.0,6.0,1.0,8.0,16.0,1.0,1.0,0.61,0.16,0.22,1.0,1.0,0.0,22.65,18.0,19.21,3.0,0.19,0.0,0.0,1.17,1.28,1.27
84751818475906,2025,Leddy-Klingberg,SJS,pairing,5on5,2,1609.0,3.0,0.14,0.26,0.24,7.95,0.41,0.43,2.4,0.28,3.85,2.62,0.4,0.41,0.4,6.0,4.0,4.0,14.0,1.0,0.0,0.0,1.0,0.0,3.0,5.0,5.0,9.0,2.0,4.0,16.0,8.0,2.0,11.0,9.0,0.0,1.0,0.2,0.0,0.21,0.0,0.0,1.0,14.18,10.0,10.13,8.0,0.09,0.0,0.0,0.5,0.49,0.49,23.39,2.55,1.69,5.83,0.91,12.16,8.86,2.29,2.59,2.32,23.0,9.0,8.0,40.0,3.0,5.0,0.0,5.0,0.0,10.0,9.0,20.0,29.0,2.0,4.0,16.0,10.0,1.0,13.0,21.0,8.0,3.0,0.5,1.32,0.73,1.0,1.0,1.0,39.39,32.0,31.42,6.0,0.35,1.08,1.08,1.82,1.86,1.83
84706138476312,2025,Manson-Burns,COL,pairing,5on5,3,1008.0,17.0,0.42,0.4,0.37,5.0,0.35,0.3,1.11,0.15,2.91,2.17,0.35,0.35,0.35,5.0,2.0,5.0,12.0,2.0,0.0,0.0,1.0,0.0,1.0,3.0,3.0,5.0,1.0,2.0,10.0,9.0,1.0,3.0,6.0,0.0,1.0,0.15,0.0,0.2,1.0,0.0,1.0,12.15,7.0,7.12,1.0,0.06,0.0,0.0,0.41,0.41,0.41,8.93,0.48,0.49,2.51,0.3,4.77,3.44,0.48,0.47,0.47,7.0,5.0,6.0,18.0,0.0,0.0,0.0,1.0,0.0,8.0,3.0,7.0,12.0,2.0,4.0,6.0,4.0,5.0,3.0,9.0,3.0,0.0,0.17,0.31,0.0,0.0,0.0,0.0,17.28,12.0,11.6,3.0,0.1,0.0,0.0,0.58,0.57,0.57
847576884800098483524,2025,Schwartz-Wright-Tolvanen,SEA,line,5on5,2,840.0,8.0,0.31,0.34,0.33,5.86,0.24,0.29,1.63,0.18,3.32,2.33,0.24,0.24,0.24,7.0,1.0,4.0,12.0,1.0,0.0,0.0,3.0,0.0,2.0,2.0,6.0,7.0,0.0,0.0,8.0,14.0,0.0,5.0,8.0,0.0,0.0,0.24,0.0,0.0,1.0,0.0,0.0,12.02,8.0,8.13,2.0,0.06,0.0,0.0,0.3,0.3,0.29,11.29,0.55,0.67,3.07,0.4,6.55,4.75,0.54,0.56,0.55,12.0,4.0,7.0,23.0,0.0,2.0,0.0,2.0,0.0,6.0,6.0,12.0,16.0,0.0,0.0,7.0,6.0,1.0,2.0,15.0,1.0,0.0,0.36,0.19,0.0,0.0,0.0,0.0,22.91,16.0,15.99,2.0,0.13,0.2,0.2,0.49,0.5,0.49
84735078475179,2025,Kulikov-Petry,FLA,pairing,5on5,2,991.0,7.0,0.57,0.48,0.45,7.31,0.58,0.47,1.92,0.24,4.02,2.77,0.58,0.56,0.56,7.0,3.0,3.0,13.0,0.0,0.0,0.0,3.0,0.0,3.0,4.0,7.0,10.0,3.0,6.0,14.0,13.0,1.0,7.0,7.0,3.0,0.0,0.12,0.46,0.0,0.0,0.0,0.0,12.67,10.0,9.79,1.0,0.1,0.0,0.0,0.68,0.66,0.66,8.53,0.43,0.45,2.42,0.28,4.66,3.75,0.43,0.44,0.44,9.0,3.0,2.0,14.0,1.0,0.0,0.0,1.0,0.0,2.0,8.0,8.0,11.0,0.0,0.0,6.0,11.0,0.0,4.0,11.0,1.0,0.0,0.3,0.13,0.0,1.0,0.0,0.0,14.28,12.0,12.23,1.0,0.09,0.0,0.0,0.52,0.54,0.54
847467984757998476480,2025,Niederreiter-Namestnikov-Nyquist,WPG,line,5on5,3,871.0,11.0,0.31,0.26,0.28,3.81,0.39,0.24,0.94,0.11,1.92,1.4,0.39,0.4,0.4,3.0,2.0,2.0,7.0,0.0,0.0,0.0,1.0,0.0,1.0,3.0,3.0,5.0,1.0,2.0,6.0,8.0,1.0,5.0,4.0,0.0,1.0,0.09,0.0,0.29,0.0,0.0,0.0,6.86,5.0,4.82,3.0,0.05,0.0,0.0,0.44,0.45,0.45,9.11,0.86,0.61,2.06,0.3,5.49,3.68,0.83,0.84,0.81,10.0,3.0,7.0,20.0,1.0,1.0,0.0,2.0,0.0,6.0,3.0,9.0,12.0,1.0,2.0,7.0,4.0,3.0,3.0,8.0,4.0,1.0,0.2,0.41,0.25,0.0,0.0,1.0,20.17,13.0,13.02,2.0,0.13,0.08,0.08,0.9,0.89,0.87
84757628483678,2025,Forbort-Pettersson,VAN,pairing,5on5,2,1043.0,6.0,0.15,0.26,0.29,3.06,0.19,0.15,0.68,0.1,1.62,1.26,0.19,0.19,0.19,3.0,1.0,1.0,5.0,1.0,0.0,0.0,0.0,0.0,1.0,2.0,2.0,3.0,2.0,4.0,5.0,9.0,1.0,11.0,4.0,0.0,0.0,0.19,0.0,0.0,1.0,0.0,0.0,5.23,4.0,4.04,8.0,0.03,0.0,0.0,0.22,0.22,0.22,8.12,1.09,0.55,1.82,0.24,3.48,2.81,1.01,1.05,0.98,7.0,3.0,4.0,14.0,1.0,2.0,0.0,1.0,0.0,2.0,4.0,6.0,9.0,2.0,4.0,10.0,14.0,0.0,3.0,6.0,1.0,3.0,0.2,0.15,0.74,1.0,0.0,0.0,13.63,10.0,9.89,1.0,0.12,0.52,0.52,0.69,0.67,0.66
84769178477506,2025,Pelech-Pulock,NYI,pairing,5on5,3,2044.0,8.0,0.46,0.53,0.47,17.05,1.54,1.08,4.38,0.6,8.57,6.82,1.54,1.5,1.5,15.0,8.0,11.0,34.0,0.0,2.0,0.0,2.0,0.0,11.0,8.0,15.0,23.0,0.0,0.0,18.0,21.0,0.0,15.0,16.0,5.0,2.0,0.42,0.63,0.49,0.0,0.0,0.0,32.59,23.0,21.84,8.0,0.23,0.18,0.18,1.58,1.55,1.55,19.67,1.79,1.09,5.21,0.61,9.7,7.6,1.73,1.92,1.86,16.0,10.0,4.0,30.0,1.0,2.0,0.0,5.0,0.0,9.0,9.0,15.0,25.0,1.0,2.0,26.0,14.0,5.0,14.0,18.0,5.0,3.0,0.47,0.55,0.76,1.0,0.0,0.0,32.97,26.0,28.09,7.0,0.23,0.27,0.27,1.76,1.88,1.81
84829648483457,2025,Hutson-Xhekaj,MTL,pairing,5on5,4,605.0,21.0,0.91,0.74,0.82,6.1,0.65,0.44,1.61,0.22,3.61,2.48,0.64,0.68,0.68,7.0,2.0,5.0,14.0,1.0,1.0,1.0,2.0,0.0,3.0,2.0,6.0,8.0,0.0,0.0,4.0,5.0,1.0,4.0,7.0,1.0,1.0,0.27,0.15,0.23,0.0,0.0,1.0,14.79,9.0,9.43,3.0,0.09,0.23,0.23,0.51,0.53,0.53,1.37,0.06,0.08,0.38,0.04,0.84,0.6,0.06,0.06,0.06,2.0,0.0,3.0,5.0,0.0,0.0,0.0,1.0,0.0,0.0,1.0,2.0,2.0,2.0,4.0,4.0,4.0,0.0,3.0,2.0,0.0,0.0,0.06,0.0,0.0,0.0,0.0,0.0,4.61,2.0,1.94,1.0,0.02,0.0,0.0,0.08,0.08,0.08
847804284784018479999,2025,Arvidsson-Mittelstadt-Zacha,BOS,line,5on5,4,2272.0,7.0,0.44,0.49,0.53,20.2,1.26,1.3,5.42,0.74,11.82,8.47,1.25,1.25,1.24,14.0,15.0,3.0,32.0,3.0,4.0,0.0,3.0,0.0,9.0,10.0,11.0,26.0,0.0,0.0,14.0,10.0,2.0,11.0,26.0,3.0,0.0,0.9,0.36,0.0,2.0,1.0,0.0,31.89,29.0,28.94,5.0,0.27,0.11,0.11,1.42,1.4,1.4,18.07,1.57,1.24,4.69,0.71,10.13,7.67,1.5,1.56,1.49,15.0,11.0,7.0,33.0,1.0,3.0,0.0,4.0,0.0,5.0,13.0,14.0,25.0,3.0,6.0,17.0,19.0,6.0,14.0,17.0,8.0,1.0,0.37,0.99,0.21,0.0,1.0,0.0,33.2,26.0,26.24,9.0,0.26,0.41,0.41,1.42,1.45,1.4
84769068482100,2025,Gostisbehere-Nikishin,CAR,pairing,5on5,3,2247.0,8.0,0.84,0.7,0.77,34.26,4.08,2.52,7.91,1.2,17.6,12.71,3.85,4.13,3.91,29.0,17.0,11.0,57.0,7.0,5.0,1.0,5.0,0.0,16.0,13.0,22.0,39.0,2.0,4.0,23.0,12.0,6.0,11.0,29.0,13.0,4.0,1.14,1.74,1.19,1.0,5.0,1.0,58.96,46.0,47.66,4.0,0.54,1.13,1.13,3.49,3.57,3.51,10.08,0.79,0.64,2.13,0.34,5.53,4.57,0.77,0.78,0.77,9.0,5.0,11.0,25.0,1.0,0.0,0.0,0.0,0.0,7.0,6.0,8.0,13.0,3.0,6.0,25.0,19.0,0.0,7.0,11.0,3.0,0.0,0.34,0.45,0.0,1.0,0.0,0.0,24.88,14.0,13.98,2.0,0.13,0.0,0.0,0.92,0.91,0.9
84717248478854,2025,Shea-Letang,PIT,pairing,5on5,4,2892.0,8.0,0.54,0.48,0.57,29.83,3.01,2.06,6.97,0.91,15.26,10.79,2.78,3.17,2.92,25.0,14.0,13.0,52.0,2.0,2.0,0.0,3.0,1.0,18.0,13.0,23.0,37.0,2.0,4.0,18.0,18.0,3.0,10.0,27.0,9.0,3.0,0.88,1.12,1.01,1.0,1.0,0.0,54.43,39.0,40.83,6.0,0.43,0.67,0.67,2.78,2.9,2.74,22.33,2.59,1.47,6.07,0.78,10.9,8.2,2.56,2.59,2.56,20.0,10.0,26.0,56.0,0.0,3.0,0.0,3.0,0.0,11.0,13.0,20.0,30.0,1.0,2.0,28.0,27.0,4.0,20.0,22.0,3.0,5.0,0.67,0.5,1.42,0.0,0.0,0.0,55.42,30.0,29.5,11.0,0.31,0.94,0.94,1.96,1.97,1.96
847516684779398481711,2025,Maccelli-Tavares-Nylander,TOR,line,5on5,2,1096.0,4.0,0.65,0.56,0.6,13.51,1.57,1.04,3.41,0.45,6.9,4.62,1.47,1.55,1.45,10.0,8.0,4.0,22.0,2.0,2.0,1.0,5.0,0.0,1.0,8.0,8.0,16.0,1.0,2.0,17.0,6.0,2.0,5.0,12.0,5.0,1.0,0.42,0.79,0.36,1.0,0.0,1.0,21.82,18.0,17.82,2.0,0.22,0.53,0.53,1.26,1.23,1.18,9.27,0.83,0.58,2.52,0.28,4.57,3.23,0.83,0.87,0.87,11.0,1.0,5.0,17.0,2.0,0.0,0.0,1.0,0.0,4.0,5.0,9.0,10.0,1.0,2.0,8.0,11.0,1.0,3.0,9.0,2.0,1.0,0.23,0.27,0.33,0.0,2.0,0.0,17.32,12.0,12.23,3.0,0.13,0.0,0.0,0.95,1.0,1.0
84769238478500,2025,Provorov-Severson,CBJ,pairing,5on5,3,2108.0,5.0,0.52,0.39,0.4,15.12,1.35,0.93,3.54,0.49,7.72,5.98,1.34,1.39,1.38,15.0,5.0,8.0,28.0,2.0,1.0,0.0,3.0,0.0,6.0,8.0,13.0,18.0,0.0,0.0,21.0,11.0,1.0,13.0,15.0,3.0,2.0,0.52,0.4,0.43,1.0,0.0,1.0,28.18,20.0,19.9,12.0,0.19,0.15,0.15,1.39,1.43,1.42,21.93,1.26,1.28,5.85,0.66,11.95,9.0,1.23,1.31,1.28,21.0,9.0,14.0,44.0,0.0,0.0,0.0,5.0,0.0,13.0,12.0,21.0,30.0,0.0,0.0,21.0,9.0,4.0,8.0,26.0,3.0,1.0,0.56,0.49,0.21,0.0,0.0,0.0,44.54,30.0,30.53,7.0,0.26,0.0,0.0,1.52,1.58,1.54
847415084763998482074,2025,Coleman-Backlund-Zary,CGY,line,5on5,2,940.0,3.0,0.66,0.6,0.6,6.97,0.3,0.26,1.68,0.2,3.33,3.23,0.3,0.31,0.31,6.0,3.0,3.0,12.0,0.0,0.0,0.0,2.0,0.0,3.0,4.0,6.0,9.0,1.0,2.0,11.0,11.0,0.0,8.0,7.0,2.0,0.0,0.09,0.21,0.0,0.0,0.0,0.0,12.02,9.0,8.99,5.0,0.05,0.0,0.0,0.35,0.36,0.36,4.57,0.15,0.18,1.13,0.14,2.31,2.08,0.15,0.15,0.15,3.0,3.0,2.0,8.0,1.0,0.0,0.0,0.0,0.0,0.0,5.0,2.0,5.0,2.0,4.0,6.0,8.0,2.0,5.0,6.0,0.0,0.0,0.15,0.0,0.0,1.0,0.0,0.0,8.19,6.0,6.05,3.0,0.04,0.0,0.0,0.18,0.18,0.18
84794258480800,2025,Hughes-Hronek,VAN,pairing,5on5,3,3024.0,3.0,0.53,0.52,0.51,30.67,2.48,2.0,7.94,0.99,15.87,11.71,2.31,2.38,2.22,24.0,17.0,16.0,57.0,2.0,4.0,0.0,9.0,0.0,19.0,7.0,22.0,39.0,5.0,10.0,24.0,33.0,5.0,16.0,32.0,5.0,4.0,1.06,0.57,0.85,1.0,0.0,1.0,54.59,41.0,39.09,8.0,0.41,0.72,0.72,2.18,2.1,2.0,29.63,2.17,1.71,7.64,0.94,15.61,11.94,2.06,2.31,2.2,28.0,12.0,12.0,52.0,1.0,3.0,0.0,4.0,0.0,16.0,16.0,27.0,39.0,3.0,6.0,24.0,24.0,4.0,19.0,28.0,11.0,1.0,0.56,1.39,0.22,0.0,1.0,0.0,55.17,40.0,42.45,9.0,0.35,0.38,0.38,2.14,2.26,2.22
847458684779558482665,2025,Mccann-Beniers-Eberle,SEA,line,5on5,3,1892.0,3.0,0.61,0.54,0.6,22.18,2.17,1.57,6.02,0.75,12.37,8.12,2.03,2.16,2.02,17.0,14.0,5.0,36.0,3.0,3.0,0.0,5.0,0.0,8.0,12.0,14.0,28.0,1.0,2.0,16.0,17.0,0.0,13.0,20.0,9.0,2.0,0.46,1.14,0.57,1.0,2.0,0.0,36.28,31.0,31.19,2.0,0.34,0.58,0.58,1.93,1.91,1.86,14.8,1.39,1.04,3.49,0.5,8.49,6.09,1.35,1.42,1.38,10.0,11.0,10.0,31.0,2.0,1.0,0.0,2.0,0.0,7.0,9.0,8.0,19.0,1.0,2.0,19.0,12.0,0.0,9.0,15.0,4.0,2.0,0.39,0.49,0.52,0.0,0.0,2.0,31.07,21.0,21.21,3.0,0.22,0.01,0.01,1.6,1.64,1.58
84768758480865,2025,Matheson-Dobson,MTL,pairing,5on5,4,3562.0,5.0,0.65,0.54,0.56,26.11,2.8,1.97,6.18,0.88,13.72,10.44,2.59,2.91,2.7,22.0,14.0,13.0,49.0,3.0,3.0,0.0,4.0,0.0,12.0,14.0,19.0,33.0,3.0,6.0,30.0,19.0,2.0,14.0,22.0,9.0,5.0,0.62,0.99,1.19,1.0,1.0,1.0,50.75,36.0,37.14,7.0,0.42,0.56,0.56,2.66,2.77,2.67,21.23,1.54,1.25,5.45,0.65,11.3,7.8,1.52,1.48,1.46,18.0,10.0,13.0,41.0,0.0,2.0,0.0,6.0,0.0,9.0,11.0,18.0,28.0,4.0,8.0,27.0,31.0,6.0,21.0,21.0,6.0,1.0,0.47,0.78,0.28,0.0,0.0,0.0,39.75,28.0,27.01,6.0,0.26,0.42,0.42,1.38,1.33,1.32
847886484815578482079,2025,Boldy-Rossi-Kaprizov,MIN,line,5on5,4,2394.0,5.0,0.66,0.65,0.62,27.37,2.1,1.81,6.95,0.91,14.96,11.27,1.97,2.16,2.03,18.0,20.0,16.0,54.0,2.0,3.0,0.0,0.0,0.0,15.0,18.0,16.0,36.0,0.0,0.0,16.0,7.0,2.0,13.0,29.0,7.0,2.0,0.83,0.71,0.56,1.0,0.0,1.0,54.81,38.0,38.54,7.0,0.37,0.38,0.38,2.09,2.14,2.06,16.63,1.07,0.94,3.97,0.51,9.5,7.03,1.06,1.05,1.05,16.0,7.0,6.0,29.0,2.0,0.0,0.0,4.0,0.0,5.0,12.0,14.0,21.0,3.0,6.0,17.0,12.0,4.0,15.0,19.0,3.0,1.0,0.5,0.3,0.27,2.0,0.0,0.0,28.84,23.0,22.99,7.0,0.19,0.0,0.0,1.25,1.24,1.24
84793698480887,2025,Harris-Peeke,BOS,pairing,5on5,2,1389.0,4.0,0.6,0.6,0.63,15.3,1.03,0.97,4.67,0.55,8.72,6.06,1.01,0.98,0.95,10.0,12.0,4.0,26.0,1.0,2.0,0.0,4.0,0.0,10.0,5.0,9.0,21.0,1.0,2.0,12.0,11.0,2.0,5.0,18.0,3.0,1.0,0.43,0.34,0.26,1.0,0.0,0.0,24.63,22.0,20.95,3.0,0.2,0.27,0.27,0.97,0.92,0.9,9.53,0.69,0.58,2.21,0.33,5.25,3.93,0.69,0.74,0.74,8.0,5.0,4.0,17.0,1.0,1.0,0.0,4.0,0.0,4.0,3.0,7.0,12.0,0.0,0.0,5.0,16.0,1.0,6.0,10.0,3.0,0.0,0.3,0.4,0.0,0.0,1.0,0.0,18.08,13.0,13.76,2.0,0.12,0.03,0.03,0.78,0.84,0.84
