lineId,season,name,team,position,situation,games_played,icetime,iceTimeRank,xGoalsPercentage,corsiPercentage,fenwickPercentage,xOnGoalFor,xGoalsFor,xReboundsFor,xFreezeFor,xPlayStoppedFor,xPlayContinuedInZoneFor,xPlayContinuedOutsideZoneFor,flurryAdjustedxGoalsFor,scoreVenueAdjustedxGoalsFor,flurryScoreVenueAdjustedxGoalsFor,shotsOnGoalFor,missedShotsFor,blockedShotAttemptsFor,shotAttemptsFor,goalsFor,reboundsFor,reboundGoalsFor,freezeFor,playStoppedFor,playContinuedInZoneFor,playContinuedOutsideZoneFor,savedShotsOnGoalFor,savedUnblockedShotAttemptsFor,penaltiesFor,penalityMinutesFor,faceOffsWonFor,hitsFor,takeawaysFor,giveawaysFor,lowDangerShotsFor,mediumDangerShotsFor,highDangerShotsFor,lowDangerxGoalsFor,mediumDangerxGoalsFor,highDangerxGoalsFor,lowDangerGoalsFor,mediumDangerGoalsFor,highDangerGoalsFor,scoreAdjustedShotsAttemptsFor,unblockedShotAttemptsFor,scoreAdjustedUnblockedShotAttemptsFor,dZoneGiveawaysFor,xGoalsFromxReboundsOfShotsFor,xGoalsFromActualReboundsOfShotsFor,reboundxGoalsFor,totalShotCreditFor,scoreAdjustedTotalShotCreditFor,scoreFlurryAdjustedTotalShotCreditFor,xOnGoalAgainst,xGoalsAgainst,xReboundsAgainst,xFreezeAgainst,xPlayStoppedAgainst,xPlayContinuedInZoneAgainst,xPlayContinuedOutsideZoneAgainst,flurryAdjustedxGoalsAgainst,scoreVenueAdjustedxGoalsAgainst,flurryScoreVenueAdjustedxGoalsAgainst,shotsOnGoalAgainst,missedShotsAgainst,blockedShotAttemptsAgainst,shotAttemptsAgainst,goalsAgainst,reboundsAgainst,reboundGoalsAgainst,freezeAgainst,playStoppedAgainst,playContinuedInZoneAgainst,playContinuedOutsideZoneAgainst,savedShotsOnGoalAgainst,savedUnblockedShotAttemptsAgainst,penaltiesAgainst,penalityMinutesAgainst,faceOffsWonAgainst,hitsAgainst,takeawaysAgainst,giveawaysAgainst,lowDangerShotsAgainst,mediumDangerShotsAgainst,highDangerShotsAgainst,lowDangerxGoalsAgainst,mediumDangerxGoalsAgainst,highDangerxGoalsAgainst,lowDangerGoalsAgainst,mediumDangerGoalsAgainst,highDangerGoalsAgainst,scoreAdjustedShotsAttemptsAgainst,unblockedShotAttemptsAgainst,scoreAdjustedUnblockedShotAttemptsAgainst,dZoneGiveawaysAgainst,xGoalsFromxReboundsOfShotsAgainst,xGoalsFromActualReboundsOfShotsAgainst,reboundxGoalsAgainst,totalShotCreditAgainst,scoreAdjustedTotalShotCreditAgainst,scoreFlurryAdjustedTotalShotCreditAgainst
847794784821488484186,2025,Milano-Lapierre-Leonard,WSH,line,5on5,3,1005.0,10.0,0.63,0.53,0.54,9.98,0.99,0.61,2.44,0.31,5.09,3.55,0.98,0.97,0.96,9.0,4.0,5.0,18.0,0.0,2.0,0.0,2.0,0.0,4.0,5.0,9.0,13.0,0.0,0.0,9.0,9.0,2.0,4.0,10.0,2.0,1.0,0.36,0.3,0.33,0.0,0.0,0.0,18.15,13.0,12.87,3.0,0.13,0.47,0.47,0.65,0.64,0.63,8.43,0.58,0.37,1.86,0.25,4.21,3.74,0.55,0.57,0.55,5.0,6.0,5.0,16.0,0.0,1.0,0.0,0.0,0.0,3.0,7.0,5.0,11.0,0.0,0.0,7.0,6.0,0.0,4.0,9.0,2.0,0.0,0.25,0.32,0.0,0.0,0.0,0.0,15.89,11.0,11.1,2.0,0.08,0.15,0.15,0.5,0.5,0.5
84775078479369,2025,Zadorov-Peeke,BOS,pairing,5on5,8,1210.0,39.0,0.55,0.57,0.6,11.02,0.79,0.62,3.15,0.38,5.7,4.37,0.78,0.79,0.78,9.0,6.0,5.0,20.0,0.0,3.0,0.0,1.0,0.0,3.0,8.0,9.0,15.0,0.0,0.0,9.0,15.0,3.0,7.0,12.0,2.0,1.0,0.25,0.23,0.31,0.0,0.0,0.0,19.82,15.0,15.01,4.0,0.13,0.38,0.38,0.54,0.52,0.51,7.13,0.65,0.46,2.27,0.25,3.83,2.53,0.62,0.64,0.61,8.0,2.0,5.0,15.0,0.0,1.0,0.0,2.0,0.0,4.0,3.0,8.0,10.0,3.0,6.0,8.0,8.0,1.0,6.0,7.0,2.0,1.0,0.22,0.22,0.21,0.0,0.0,0.0,15.24,10.0,10.16,1.0,0.1,0.21,0.21,0.54,0.54,0.54
847783984793908483690,2025,Sheary-Laba-Raddysh,NYR,line,5on5,2,859.0,4.0,0.34,0.59,0.64,10.1,0.35,0.48,2.49,0.33,5.62,4.73,0.35,0.35,0.35,9.0,5.0,6.0,20.0,0.0,0.0,0.0,1.0,0.0,8.0,5.0,9.0,14.0,0.0,0.0,6.0,7.0,0.0,2.0,13.0,1.0,0.0,0.23,0.12,0.0,0.0,0.0,0.0,21.18,14.0,14.87,0.0,0.1,0.0,0.0,0.45,0.45,0.45,6.24,0.67,0.41,1.43,0.18,2.85,2.45,0.67,0.68,0.68,4.0,4.0,6.0,14.0,0.0,0.0,0.0,2.0,0.0,3.0,3.0,4.0,8.0,0.0,0.0,3.0,11.0,0.0,2.0,5.0,1.0,2.0,0.08,0.12,0.47,0.0,0.0,0.0,14.58,8.0,8.24,1.0,0.09,0.0,0.0,0.76,0.77,0.77
847467984757998476480,2025,Niederreiter-Namestnikov-Nyquist,WPG,line,5on5,5,1795.0,18.0,0.51,0.45,0.44,11.51,1.43,0.8,2.73,0.34,5.69,4.01,1.38,1.5,1.44,12.0,3.0,8.0,23.0,2.0,1.0,1.0,1.0,0.0,5.0,6.0,10.0,13.0,1.0,2.0,10.0,15.0,1.0,13.0,10.0,2.0,3.0,0.21,0.26,0.95,0.0,0.0,2.0,24.53,15.0,15.66,7.0,0.17,0.36,0.36,1.24,1.28,1.28,13.9,1.37,0.99,3.24,0.44,7.74,5.21,1.32,1.34,1.28,13.0,6.0,9.0,28.0,1.0,2.0,0.0,2.0,0.0,11.0,3.0,12.0,18.0,1.0,2.0,14.0,10.0,3.0,9.0,11.0,7.0,1.0,0.25,0.88,0.25,0.0,0.0,1.0,27.64,19.0,18.73,4.0,0.21,0.27,0.27,1.31,1.28,1.25
847799384790668483609,2025,Lomberg-Kirkland-Klapka,CGY,line,5on5,3,1006.0,12.0,0.7,0.68,0.81,9.66,0.9,0.52,2.33,0.35,4.8,4.1,0.89,0.88,0.87,9.0,4.0,6.0,19.0,0.0,1.0,0.0,3.0,0.0,6.0,3.0,9.0,13.0,5.0,13.0,6.0,16.0,0.0,2.0,10.0,2.0,1.0,0.28,0.27,0.36,0.0,0.0,0.0,18.86,13.0,12.92,1.0,0.11,0.36,0.36,0.65,0.65,0.65,2.44,0.38,0.13,0.48,0.08,1.11,0.82,0.38,0.39,0.39,3.0,0.0,6.0,9.0,1.0,0.0,0.0,0.0,0.0,2.0,0.0,2.0,2.0,2.0,7.0,9.0,13.0,1.0,4.0,2.0,0.0,1.0,0.1,0.0,0.28,0.0,0.0,1.0,9.4,3.0,3.13,3.0,0.03,0.0,0.0,0.41,0.41,0.41
84752188480803,2025,Ekholm-Bouchard,EDM,pairing,5on5,7,6365.0,9.0,0.66,0.58,0.64,68.69,7.01,5.01,15.63,2.15,36.63,27.57,6.87,7.13,6.98,69.0,25.0,24.0,118.0,1.0,7.0,0.0,17.0,0.0,30.0,39.0,68.0,93.0,6.0,12.0,50.0,28.0,7.0,42.0,65.0,20.0,9.0,2.15,2.54,2.32,1.0,0.0,0.0,120.89,94.0,96.13,15.0,1.05,1.38,1.38,6.67,6.8,6.73,36.78,3.54,2.69,8.64,1.42,21.73,15.98,3.5,3.42,3.38,37.0,17.0,31.0,85.0,3.0,3.0,0.0,8.0,0.0,17.0,23.0,34.0,51.0,6.0,12.0,39.0,45.0,8.0,30.0,39.0,12.0,3.0,1.15,1.61,0.78,2.0,1.0,0.0,81.78,54.0,52.44,17.0,0.56,0.32,0.32,3.78,3.65,3.63
847464184834558483512,2025,Howard-Henrique-Savoie,EDM,line,5on5,3,661.0,15.0,0.17,0.33,0.28,3.66,0.19,0.21,1.0,0.11,1.99,1.49,0.19,0.2,0.2,3.0,2.0,3.0,8.0,0.0,0.0,0.0,1.0,0.0,0.0,4.0,3.0,5.0,0.0,0.0,6.0,0.0,1.0,6.0,5.0,0.0,0.0,0.19,0.0,0.0,0.0,0.0,0.0,8.14,5.0,5.02,2.0,0.05,0.0,0.0,0.23,0.24,0.24,8.72,0.92,0.76,2.05,0.36,5.19,3.73,0.91,0.88,0.87,6.0,7.0,3.0,16.0,0.0,2.0,0.0,1.0,0.0,5.0,5.0,6.0,13.0,1.0,2.0,3.0,2.0,0.0,3.0,8.0,4.0,1.0,0.2,0.4,0.32,0.0,0.0,0.0,15.47,13.0,12.57,2.0,0.16,0.12,0.12,0.96,0.92,0.91
847584884769818478133,2025,Gallagher-Evans-Anderson,MTL,line,5on5,5,1448.0,22.0,0.42,0.45,0.44,15.06,1.61,0.89,3.67,0.46,7.89,5.48,1.42,1.58,1.4,16.0,4.0,5.0,25.0,1.0,3.0,0.0,3.0,0.0,10.0,3.0,15.0,19.0,1.0,2.0,12.0,7.0,1.0,4.0,15.0,2.0,3.0,0.43,0.28,0.9,1.0,0.0,0.0,24.85,20.0,19.94,0.0,0.18,0.9,0.9,0.89,0.87,0.82,17.77,2.27,1.14,4.7,0.68,9.45,6.75,2.1,2.28,2.11,14.0,11.0,5.0,30.0,1.0,6.0,0.0,0.0,0.0,12.0,6.0,13.0,24.0,0.0,0.0,14.0,11.0,2.0,6.0,17.0,5.0,3.0,0.55,0.59,1.12,0.0,1.0,0.0,29.57,25.0,24.57,4.0,0.24,1.21,1.21,1.3,1.32,1.27
847403784774298479992,2025,Van Riemsdyk-Copp-Rasmussen,DET,line,5on5,2,606.0,10.0,0.68,0.45,0.5,6.46,0.98,0.64,1.3,0.23,2.94,1.92,0.97,0.98,0.96,6.0,2.0,1.0,9.0,1.0,2.0,0.0,0.0,0.0,3.0,2.0,5.0,7.0,2.0,4.0,6.0,3.0,0.0,4.0,3.0,4.0,1.0,0.12,0.54,0.32,0.0,1.0,0.0,9.03,8.0,8.08,3.0,0.14,0.19,0.19,0.93,0.93,0.93,5.61,0.45,0.38,1.39,0.2,3.16,2.41,0.45,0.46,0.45,5.0,3.0,3.0,11.0,0.0,1.0,0.0,2.0,0.0,2.0,3.0,5.0,8.0,1.0,2.0,6.0,1.0,1.0,5.0,7.0,1.0,0.0,0.36,0.09,0.0,0.0,0.0,0.0,10.74,8.0,7.81,1.0,0.08,0.07,0.07,0.46,0.46,0.46
847740984779338482113,2025,Verhaeghe-Lundell-Reinhart,FLA,line,5on5,3,671.0,18.0,0.42,0.45,0.44,5.15,0.2,0.32,1.42,0.16,2.94,1.97,0.2,0.2,0.2,4.0,3.0,2.0,9.0,0.0,0.0,0.0,1.0,0.0,1.0,5.0,4.0,7.0,0.0,0.0,7.0,4.0,0.0,3.0,7.0,0.0,0.0,0.2,0.0,0.0,0.0,0.0,0.0,8.95,7.0,6.88,0.0,0.07,0.0,0.0,0.27,0.27,0.27,6.18,0.28,0.38,1.42,0.19,4.07,2.66,0.28,0.27,0.27,7.0,2.0,2.0,11.0,0.0,0.0,0.0,1.0,0.0,4.0,4.0,7.0,9.0,0.0,0.0,8.0,2.0,0.0,4.0,8.0,1.0,0.0,0.18,0.1,0.0,0.0,0.0,0.0,10.62,9.0,8.7,2.0,0.08,0.0,0.0,0.35,0.34,0.34
84793718481161,2025,Christiansen-Fabbro,CBJ,pairing,5on5,3,1303.0,16.0,0.49,0.56,0.57,12.35,0.72,0.72,3.93,0.44,6.4,4.78,0.71,0.73,0.72,11.0,6.0,5.0,22.0,0.0,1.0,0.0,2.0,0.0,10.0,4.0,11.0,17.0,3.0,6.0,8.0,17.0,3.0,9.0,15.0,2.0,0.0,0.47,0.25,0.0,0.0,0.0,0.0,23.17,17.0,17.64,4.0,0.15,0.16,0.16,0.71,0.74,0.73,9.89,0.75,0.57,2.81,0.33,4.95,3.59,0.74,0.75,0.74,6.0,7.0,4.0,17.0,1.0,1.0,0.0,0.0,0.0,6.0,5.0,5.0,12.0,2.0,4.0,16.0,14.0,1.0,3.0,10.0,2.0,1.0,0.33,0.22,0.21,1.0,0.0,0.0,16.84,13.0,12.68,0.0,0.12,0.13,0.13,0.74,0.74,0.73
847517284764568480797,2025,Farabee-Kadri-Huberdeau,CGY,line,5on5,2,1258.0,2.0,0.83,0.8,0.87,14.29,1.33,0.98,3.67,0.49,7.88,5.66,1.31,1.28,1.27,13.0,7.0,13.0,33.0,0.0,1.0,0.0,2.0,0.0,10.0,7.0,13.0,20.0,2.0,4.0,14.0,4.0,2.0,7.0,15.0,4.0,1.0,0.56,0.56,0.21,0.0,0.0,0.0,31.26,20.0,19.3,2.0,0.21,0.07,0.07,1.46,1.42,1.41,2.39,0.27,0.2,0.42,0.06,1.2,0.85,0.27,0.28,0.28,2.0,1.0,5.0,8.0,0.0,0.0,0.0,0.0,0.0,0.0,3.0,2.0,3.0,2.0,4.0,13.0,4.0,2.0,7.0,1.0,2.0,0.0,0.04,0.23,0.0,0.0,0.0,0.0,8.53,3.0,3.15,2.0,0.04,0.0,0.0,0.31,0.32,0.32
847847484788318479977,2025,Crouse-Stenlund-Yamamoto,UTA,line,5on5,3,678.0,24.0,0.27,0.48,0.44,8.1,0.41,0.37,2.03,0.25,4.39,3.54,0.41,0.42,0.42,6.0,5.0,4.0,15.0,0.0,0.0,0.0,2.0,0.0,5.0,4.0,6.0,11.0,1.0,2.0,8.0,3.0,0.0,10.0,9.0,2.0,0.0,0.16,0.25,0.0,0.0,0.0,0.0,15.08,11.0,10.89,5.0,0.08,0.0,0.0,0.49,0.5,0.5,9.67,1.09,0.65,2.67,0.37,5.36,3.85,1.07,1.06,1.04,10.0,4.0,2.0,16.0,0.0,2.0,0.0,2.0,0.0,7.0,3.0,10.0,14.0,1.0,2.0,10.0,3.0,0.0,10.0,8.0,4.0,2.0,0.19,0.41,0.5,0.0,0.0,0.0,15.93,14.0,13.95,5.0,0.14,0.5,0.5,0.73,0.7,0.69
84811678484768,2025,Parekh-Pachal,CGY,pairing,5on5,2,1057.0,5.0,0.49,0.55,0.52,12.14,1.07,0.69,2.91,0.36,5.83,5.14,1.06,1.06,1.05,8.0,8.0,7.0,23.0,0.0,0.0,0.0,1.0,0.0,9.0,6.0,8.0,16.0,1.0,2.0,4.0,12.0,3.0,5.0,11.0,5.0,0.0,0.33,0.74,0.0,0.0,0.0,0.0,22.48,16.0,15.69,2.0,0.15,0.0,0.0,1.22,1.2,1.19,11.57,1.12,0.71,2.9,0.35,5.57,4.35,1.1,1.15,1.13,10.0,5.0,4.0,19.0,1.0,2.0,0.0,1.0,0.0,4.0,7.0,9.0,14.0,3.0,6.0,8.0,13.0,3.0,3.0,12.0,1.0,2.0,0.45,0.14,0.52,0.0,0.0,1.0,19.41,15.0,15.37,3.0,0.15,0.31,0.31,0.96,0.98,0.97
84745638479998,2025,Anderson-Doughty,LAK,pairing,5on5,5,3001.0,12.0,0.5,0.55,0.5,19.09,1.47,1.13,4.51,0.62,10.88,8.39,1.46,1.53,1.52,21.0,6.0,20.0,47.0,3.0,0.0,0.0,5.0,0.0,9.0,10.0,18.0,24.0,3.0,9.0,14.0,26.0,5.0,17.0,21.0,5.0,1.0,0.51,0.74,0.23,1.0,1.0,1.0,47.42,27.0,27.24,10.0,0.23,0.0,0.0,1.71,1.77,1.76,19.54,1.45,1.05,4.96,0.62,10.86,8.05,1.45,1.42,1.42,19.0,8.0,12.0,39.0,2.0,0.0,0.0,3.0,0.0,9.0,13.0,17.0,25.0,2.0,4.0,24.0,29.0,2.0,16.0,19.0,8.0,0.0,0.34,1.11,0.0,1.0,1.0,0.0,38.46,27.0,26.51,4.0,0.22,0.0,0.0,1.67,1.64,1.63
847690584789758482751,2025,Marchment-Stephenson-Winterton,SEA,line,5on5,3,840.0,34.0,0.52,0.27,0.31,7.21,0.95,0.49,1.92,0.24,3.22,2.17,0.94,0.93,0.92,6.0,3.0,0.0,9.0,1.0,1.0,0.0,0.0,0.0,3.0,4.0,5.0,8.0,1.0,2.0,9.0,8.0,3.0,3.0,6.0,1.0,2.0,0.2,0.11,0.64,0.0,0.0,1.0,9.27,9.0,9.25,3.0,0.11,0.41,0.41,0.65,0.65,0.63,14.59,0.88,1.08,3.51,0.47,8.18,5.88,0.85,0.91,0.88,12.0,8.0,4.0,24.0,0.0,1.0,0.0,3.0,0.0,9.0,7.0,12.0,20.0,1.0,2.0,5.0,4.0,1.0,7.0,17.0,3.0,0.0,0.46,0.42,0.0,0.0,0.0,0.0,24.23,20.0,20.13,2.0,0.22,0.15,0.15,0.96,0.99,0.97
847515184753148478445,2025,Lee-Barzal-Palmieri,NYI,line,5on5,5,1356.0,43.0,0.68,0.66,0.7,17.39,1.77,1.21,4.36,0.53,8.72,6.43,1.68,1.77,1.68,17.0,6.0,8.0,31.0,2.0,2.0,0.0,0.0,0.0,9.0,10.0,15.0,21.0,0.0,0.0,11.0,7.0,1.0,7.0,17.0,4.0,2.0,0.5,0.59,0.68,1.0,1.0,0.0,29.57,23.0,22.18,5.0,0.26,0.59,0.59,1.44,1.45,1.44,8.0,0.83,0.45,2.0,0.21,3.54,2.96,0.83,0.91,0.91,8.0,2.0,6.0,16.0,1.0,0.0,0.0,2.0,0.0,2.0,5.0,7.0,9.0,2.0,4.0,11.0,7.0,4.0,8.0,6.0,3.0,1.0,0.11,0.48,0.24,0.0,1.0,0.0,16.91,10.0,10.55,2.0,0.1,0.0,0.0,0.93,1.01,1.01
847523184816018484958,2025,Holmstrom-Cizikas-Tsyplakov,NYI,line,5on5,3,616.0,16.0,0.19,0.42,0.37,5.09,0.18,0.29,1.42,0.17,2.96,2.0,0.18,0.17,0.17,4.0,3.0,3.0,10.0,1.0,1.0,0.0,1.0,0.0,2.0,2.0,3.0,6.0,2.0,4.0,1.0,2.0,1.0,3.0,7.0,0.0,0.0,0.18,0.0,0.0,1.0,0.0,0.0,9.61,7.0,6.86,3.0,0.06,0.02,0.02,0.21,0.21,0.21,8.9,0.74,0.6,1.93,0.24,4.8,3.68,0.74,0.77,0.77,9.0,3.0,2.0,14.0,3.0,0.0,0.0,1.0,0.0,6.0,2.0,6.0,9.0,0.0,0.0,8.0,5.0,2.0,1.0,8.0,4.0,0.0,0.24,0.5,0.0,2.0,1.0,0.0,15.0,12.0,12.53,1.0,0.13,0.0,0.0,0.86,0.9,0.9
84784688481527,2025,Lauzon-Korczak,VGK,pairing,5on5,7,5321.0,17.0,0.56,0.55,0.55,41.25,2.93,2.44,10.39,1.38,23.73,18.14,2.92,2.98,2.97,36.0,23.0,31.0,90.0,7.0,0.0,0.0,8.0,0.0,19.0,25.0,29.0,52.0,11.0,28.0,58.0,66.0,5.0,29.0,46.0,12.0,1.0,1.23,1.42,0.27,3.0,3.0,1.0,91.16,59.0,59.29,11.0,0.5,0.0,0.0,3.43,3.48,3.47,35.51,2.32,2.21,9.74,1.18,18.82,13.72,2.29,2.33,2.29,29.0,19.0,27.0,75.0,4.0,3.0,0.0,6.0,0.0,19.0,16.0,25.0,44.0,7.0,23.0,42.0,59.0,4.0,27.0,38.0,9.0,1.0,0.98,1.13,0.22,2.0,2.0,0.0,74.18,48.0,47.9,15.0,0.46,0.21,0.21,2.58,2.58,2.55
847692584784348479353,2025,Howden-Sissons-Kolesar,VGK,line,5on5,3,1620.0,8.0,0.45,0.55,0.5,11.34,0.94,0.81,2.61,0.37,6.6,4.66,0.94,0.95,0.95,12.0,4.0,10.0,26.0,1.0,0.0,0.0,3.0,0.0,8.0,4.0,11.0,15.0,3.0,6.0,20.0,27.0,2.0,10.0,11.0,5.0,0.0,0.29,0.65,0.0,0.0,1.0,0.0,25.9,16.0,15.79,7.0,0.17,0.0,0.0,1.11,1.12,1.12,11.86,1.16,0.79,3.34,0.39,5.91,4.41,1.08,1.15,1.07,11.0,5.0,5.0,21.0,1.0,3.0,1.0,3.0,0.0,5.0,4.0,10.0,15.0,3.0,9.0,10.0,27.0,1.0,16.0,12.0,2.0,2.0,0.38,0.3,0.48,0.0,0.0,1.0,21.31,16.0,16.17,6.0,0.17,0.52,0.52,0.81,0.8,0.78
847744684820628482103,2025,Wiesblatt-Mccarron-Smith,NSH,line,5on5,4,1847.0,9.0,0.66,0.65,0.68,22.25,1.79,1.56,5.71,0.74,11.6,8.6,1.73,1.77,1.72,17.0,13.0,11.0,41.0,3.0,4.0,1.0,4.0,0.0,11.0,8.0,14.0,27.0,5.0,16.0,14.0,25.0,2.0,9.0,21.0,8.0,1.0,0.6,0.93,0.26,1.0,1.0,1.0,39.7,30.0,29.13,3.0,0.32,0.51,0.51,1.6,1.6,1.57,10.31,0.92,0.7,2.67,0.37,5.42,3.92,0.92,0.96,0.95,9.0,5.0,8.0,22.0,3.0,1.0,1.0,0.0,0.0,2.0,8.0,6.0,11.0,3.0,12.0,19.0,11.0,3.0,6.0,10.0,3.0,1.0,0.19,0.37,0.36,1.0,1.0,1.0,22.89,14.0,14.44,2.0,0.14,0.36,0.36,0.71,0.71,0.71
84751818482861,2025,Leddy-Iorio,SJS,pairing,5on5,3,1567.0,14.0,0.58,0.58,0.52,11.67,1.36,0.82,2.59,0.37,6.12,4.73,1.34,1.32,1.3,13.0,3.0,9.0,25.0,0.0,1.0,0.0,3.0,0.0,8.0,4.0,13.0,16.0,0.0,0.0,11.0,8.0,1.0,8.0,8.0,6.0,2.0,0.19,0.72,0.46,0.0,0.0,0.0,23.89,16.0,15.4,3.0,0.17,0.23,0.23,1.31,1.27,1.26,11.55,1.0,0.74,2.72,0.35,5.94,4.25,0.98,1.02,1.0,10.0,5.0,3.0,18.0,2.0,1.0,1.0,1.0,0.0,4.0,7.0,8.0,13.0,0.0,0.0,11.0,4.0,2.0,7.0,11.0,3.0,1.0,0.39,0.39,0.23,1.0,0.0,1.0,18.73,15.0,15.52,5.0,0.15,0.23,0.23,0.93,0.95,0.95
847410284780208481528,2025,Perron-Cozens-Amadio,OTT,line,5on5,3,1337.0,8.0,0.74,0.63,0.69,13.32,0.89,0.78,3.38,0.39,7.28,5.29,0.88,0.86,0.86,14.0,4.0,4.0,22.0,0.0,1.0,0.0,6.0,0.0,8.0,3.0,14.0,18.0,2.0,4.0,13.0,18.0,3.0,8.0,15.0,2.0,1.0,0.33,0.3,0.26,0.0,0.0,0.0,20.85,18.0,17.18,3.0,0.16,0.19,0.19,0.86,0.83,0.82,5.81,0.31,0.31,1.65,0.19,3.13,2.41,0.31,0.31,0.31,6.0,2.0,5.0,13.0,0.0,0.0,0.0,0.0,0.0,6.0,2.0,6.0,8.0,4.0,8.0,10.0,15.0,1.0,10.0,8.0,0.0,0.0,0.31,0.0,0.0,0.0,0.0,0.0,13.75,8.0,8.27,7.0,0.06,0.0,0.0,0.37,0.38,0.37
84820878483457,2025,Hutson-Guhle,MTL,pairing,5on5,5,3428.0,9.0,0.48,0.47,0.41,17.49,1.78,1.12,4.13,0.57,9.44,6.97,1.71,1.81,1.74,16.0,8.0,21.0,45.0,4.0,3.0,1.0,1.0,0.0,6.0,10.0,12.0,20.0,2.0,4.0,27.0,29.0,3.0,16.0,17.0,6.0,1.0,0.67,0.89,0.22,2.0,1.0,1.0,46.62,24.0,24.91,9.0,0.23,0.78,0.41,1.6,1.66,1.65,23.46,1.92,1.5,6.45,0.88,14.54,9.7,1.9,1.85,1.83,23.0,12.0,16.0,51.0,2.0,2.0,0.0,7.0,0.0,13.0,11.0,21.0,33.0,1.0,2.0,26.0,32.0,6.0,12.0,28.0,5.0,2.0,0.78,0.66,0.48,1.0,1.0,0.0,49.43,35.0,33.71,7.0,0.31,0.21,0.21,2.02,1.96,1.94
84780388480069,2025,Toews-Makar,COL,pairing,5on5,7,5698.0,7.0,0.6,0.55,0.54,57.5,6.07,3.87,14.15,1.88,28.99,21.04,5.68,6.3,5.9,55.0,21.0,42.0,118.0,5.0,10.0,1.0,10.0,0.0,30.0,21.0,50.0,71.0,6.0,15.0,58.0,29.0,6.0,33.0,48.0,22.0,6.0,1.61,2.68,1.78,2.0,2.0,1.0,123.17,76.0,80.01,17.0,0.82,1.98,1.98,4.9,5.07,4.8,47.58,4.01,3.12,12.27,1.59,24.45,18.55,3.84,3.85,3.68,41.0,23.0,32.0,96.0,0.0,6.0,0.0,12.0,0.0,24.0,22.0,41.0,64.0,9.0,23.0,52.0,31.0,4.0,39.0,48.0,12.0,4.0,1.42,1.65,0.95,0.0,0.0,0.0,91.36,64.0,61.34,19.0,0.65,0.98,0.98,3.69,3.52,3.48
84772208478507,2025,Schmidt-Marino,UTA,pairing,5on5,7,3290.0,32.0,0.59,0.6,0.65,36.24,3.89,2.4,8.63,1.19,19.07,13.82,3.84,3.83,3.78,26.0,23.0,9.0,58.0,4.0,4.0,0.0,3.0,0.0,14.0,24.0,22.0,45.0,1.0,2.0,31.0,16.0,5.0,13.0,34.0,8.0,7.0,1.03,1.07,1.79,1.0,1.0,2.0,57.8,49.0,48.85,6.0,0.5,0.87,0.87,3.52,3.47,3.45,20.91,2.7,1.47,4.51,0.61,9.56,7.15,2.48,2.71,2.49,17.0,9.0,12.0,38.0,3.0,2.0,0.0,1.0,0.0,10.0,10.0,14.0,23.0,6.0,12.0,23.0,24.0,3.0,19.0,13.0,9.0,4.0,0.38,1.2,1.13,0.0,0.0,3.0,38.29,26.0,26.14,5.0,0.31,0.21,0.21,2.8,2.82,2.61
84793788480145,2025,Stanley-Pionk,WPG,pairing,5on5,6,3389.0,15.0,0.19,0.32,0.28,13.71,0.71,0.81,3.51,0.42,7.79,5.75,0.71,0.75,0.74,14.0,5.0,16.0,35.0,2.0,0.0,0.0,2.0,0.0,8.0,7.0,12.0,17.0,5.0,10.0,32.0,23.0,2.0,18.0,16.0,3.0,0.0,0.34,0.37,0.0,2.0,0.0,0.0,37.6,19.0,20.23,11.0,0.16,0.0,0.0,0.88,0.92,0.92,34.41,2.97,2.28,9.09,1.29,19.14,14.23,2.91,2.91,2.85,32.0,17.0,27.0,76.0,1.0,6.0,0.0,5.0,0.0,23.0,14.0,31.0,48.0,4.0,8.0,18.0,24.0,4.0,14.0,36.0,11.0,2.0,0.91,1.5,0.57,1.0,0.0,0.0,72.35,49.0,47.35,6.0,0.48,0.65,0.65,2.8,2.71,2.67
847167584758108476483,2025,Rust-Crosby-Rakell,PIT,line,5on5,5,3506.0,5.0,0.41,0.46,0.46,27.62,2.47,2.12,6.41,0.88,15.38,10.74,2.36,2.55,2.44,21.0,17.0,15.0,53.0,3.0,1.0,0.0,8.0,0.0,14.0,12.0,18.0,35.0,3.0,6.0,30.0,10.0,4.0,19.0,26.0,10.0,2.0,0.84,1.2,0.42,1.0,2.0,0.0,53.89,38.0,38.61,11.0,0.45,0.2,0.2,2.71,2.78,2.69,31.95,3.6,2.21,7.84,1.05,16.94,12.38,3.5,3.67,3.58,30.0,14.0,17.0,61.0,2.0,5.0,0.0,2.0,0.0,19.0,16.0,28.0,42.0,3.0,6.0,29.0,25.0,3.0,19.0,29.0,9.0,6.0,0.86,1.14,1.6,0.0,1.0,1.0,60.96,44.0,44.33,8.0,0.46,1.07,1.07,2.99,3.06,3.0
847692784807488482055,2025,O'Connor-Blueger-Sherwood,VAN,line,5on5,2,985.0,4.0,0.1,0.22,0.22,2.94,0.12,0.12,0.84,0.09,1.65,1.18,0.12,0.14,0.14,2.0,2.0,1.0,5.0,0.0,0.0,0.0,1.0,0.0,2.0,1.0,2.0,4.0,3.0,9.0,8.0,9.0,1.0,6.0,3.0,1.0,0.0,0.04,0.09,0.0,0.0,0.0,0.0,5.6,4.0,4.38,3.0,0.03,0.0,0.0,0.15,0.17,0.17,10.29,1.08,0.72,3.11,0.35,5.37,3.36,0.9,1.04,0.86,7.0,7.0,4.0,18.0,1.0,2.0,1.0,1.0,0.0,8.0,2.0,6.0,13.0,4.0,11.0,10.0,9.0,0.0,1.0,9.0,3.0,2.0,0.28,0.37,0.43,0.0,0.0,1.0,17.18,14.0,13.63,0.0,0.15,0.24,0.24,0.99,0.94,0.83
847793384801858482113,2025,Luostarinen-Lundell-Reinhart,FLA,line,5on5,6,2423.0,21.0,0.74,0.58,0.66,24.36,2.09,1.53,5.84,0.77,12.96,9.81,2.02,2.07,2.01,25.0,8.0,7.0,40.0,1.0,3.0,0.0,10.0,0.0,8.0,11.0,24.0,32.0,2.0,4.0,30.0,12.0,0.0,11.0,23.0,8.0,2.0,0.62,0.93,0.54,0.0,1.0,0.0,40.31,33.0,33.05,4.0,0.31,0.62,0.62,1.79,1.77,1.74,12.42,0.72,0.77,2.82,0.37,7.06,5.26,0.72,0.72,0.72,7.0,10.0,12.0,29.0,1.0,0.0,0.0,2.0,1.0,6.0,7.0,6.0,16.0,3.0,8.0,30.0,15.0,5.0,14.0,15.0,2.0,0.0,0.47,0.25,0.0,1.0,0.0,0.0,28.79,17.0,16.87,6.0,0.15,0.0,0.0,0.88,0.88,0.88
847750384793188482720,2025,Knies-Matthews-Domi,TOR,line,5on5,3,626.0,27.0,0.08,0.23,0.22,2.88,0.1,0.14,0.78,0.09,1.69,1.2,0.1,0.09,0.09,3.0,1.0,2.0,6.0,0.0,0.0,0.0,1.0,0.0,0.0,3.0,3.0,4.0,2.0,4.0,8.0,1.0,1.0,2.0,4.0,0.0,0.0,0.1,0.0,0.0,0.0,0.0,0.0,5.9,4.0,3.88,1.0,0.03,0.0,0.0,0.13,0.12,0.12,10.39,1.13,0.88,2.41,0.32,5.43,3.83,0.94,1.17,0.97,8.0,6.0,6.0,20.0,1.0,3.0,0.0,0.0,0.0,6.0,4.0,7.0,13.0,2.0,4.0,3.0,2.0,3.0,5.0,8.0,5.0,1.0,0.3,0.56,0.26,1.0,0.0,0.0,20.51,14.0,14.08,1.0,0.19,0.4,0.4,0.92,0.95,0.85
84789708480817,2025,Miller-Chatfield,CAR,pairing,5on5,5,2164.0,27.0,0.62,0.59,0.62,18.88,1.13,1.1,5.05,0.63,10.61,7.48,1.12,1.14,1.12,14.0,12.0,10.0,36.0,2.0,0.0,0.0,3.0,0.0,11.0,10.0,12.0,24.0,3.0,6.0,25.0,17.0,1.0,12.0,23.0,3.0,0.0,0.73,0.4,0.0,2.0,0.0,0.0,36.14,26.0,26.13,6.0,0.23,0.0,0.0,1.36,1.36,1.34,10.73,0.71,0.76,3.06,0.43,6.35,4.69,0.7,0.72,0.71,11.0,5.0,9.0,25.0,0.0,1.0,0.0,1.0,1.0,6.0,7.0,11.0,16.0,5.0,10.0,23.0,17.0,7.0,21.0,13.0,3.0,0.0,0.33,0.38,0.0,0.0,0.0,0.0,25.24,16.0,15.94,7.0,0.16,0.03,0.03,0.84,0.86,0.85
84789118480873,2025,Sandin-Roy,WSH,pairing,5on5,7,4568.0,20.0,0.49,0.47,0.43,32.16,3.26,1.96,7.96,1.05,16.28,12.48,2.95,3.21,2.91,27.0,16.0,24.0,67.0,1.0,5.0,0.0,7.0,0.0,19.0,11.0,26.0,42.0,4.0,8.0,36.0,42.0,7.0,20.0,29.0,10.0,4.0,0.78,1.24,1.24,1.0,0.0,0.0,65.57,43.0,42.06,8.0,0.41,1.0,1.0,2.66,2.66,2.56,40.71,3.41,2.48,10.07,1.38,21.82,16.85,3.19,3.33,3.12,34.0,22.0,19.0,75.0,1.0,3.0,1.0,8.0,0.0,20.0,24.0,33.0,55.0,4.0,8.0,37.0,40.0,3.0,18.0,43.0,10.0,3.0,1.34,1.22,0.85,0.0,0.0,1.0,72.6,56.0,55.0,6.0,0.52,0.82,0.85,3.07,3.01,2.89
84763728477948,2025,Sanheim-Seeler,PHI,pairing,5on5,6,2834.0,21.0,0.34,0.37,0.41,16.3,1.59,1.2,4.0,0.64,9.33,7.24,1.57,1.62,1.6,13.0,11.0,7.0,31.0,1.0,1.0,0.0,3.0,0.0,13.0,6.0,12.0,23.0,5.0,13.0,37.0,23.0,2.0,17.0,16.0,7.0,1.0,0.5,0.88,0.21,0.0,1.0,0.0,31.39,24.0,24.32,11.0,0.25,0.01,0.01,1.83,1.87,1.84,25.31,3.13,1.79,6.3,0.89,12.61,9.27,2.83,3.08,2.78,22.0,12.0,19.0,53.0,2.0,4.0,0.0,6.0,0.0,12.0,10.0,20.0,32.0,3.0,9.0,26.0,20.0,1.0,16.0,19.0,10.0,5.0,0.39,1.29,1.45,1.0,1.0,0.0,52.52,34.0,33.61,7.0,0.38,0.94,0.94,2.57,2.54,2.44
847645984785508482109,2025,Lafrenire-Zibanejad-Panarin,NYR,line,5on5,5,2653.0,14.0,0.49,0.53,0.58,25.13,1.87,1.69,6.32,0.8,14.31,10.02,1.85,1.88,1.86,24.0,11.0,11.0,46.0,0.0,2.0,0.0,4.0,0.0,16.0,13.0,24.0,35.0,2.0,4.0,20.0,15.0,3.0,16.0,27.0,7.0,1.0,0.78,0.81,0.28,0.0,0.0,0.0,44.73,35.0,34.05,10.0,0.34,0.31,0.31,1.9,1.88,1.87,17.57,1.92,1.18,4.36,0.6,9.68,7.26,1.8,2.02,1.9,19.0,6.0,16.0,41.0,1.0,1.0,0.0,5.0,0.0,8.0,10.0,18.0,24.0,1.0,2.0,15.0,15.0,3.0,14.0,20.0,3.0,2.0,0.76,0.48,0.68,1.0,0.0,0.0,41.16,25.0,25.24,4.0,0.24,0.2,0.2,1.96,2.05,2.02
847740284800238482089,2025,Neighbours-Thomas-Buchnevich,STL,line,5on5,5,2391.0,9.0,0.52,0.51,0.46,23.77,2.65,1.58,5.53,0.75,12.28,9.2,2.42,2.54,2.32,22.0,10.0,13.0,45.0,4.0,3.0,1.0,4.0,0.0,10.0,11.0,18.0,28.0,4.0,8.0,20.0,11.0,1.0,14.0,21.0,7.0,4.0,0.55,0.99,1.12,1.0,2.0,1.0,44.42,32.0,31.49,4.0,0.33,0.83,0.83,2.15,2.09,2.0,27.84,2.45,1.63,6.64,0.92,14.02,11.34,2.22,2.51,2.28,26.0,11.0,7.0,44.0,5.0,4.0,1.0,7.0,0.0,11.0,10.0,21.0,32.0,3.0,6.0,24.0,8.0,5.0,12.0,28.0,4.0,5.0,0.7,0.52,1.22,3.0,1.0,1.0,45.81,37.0,38.13,3.0,0.34,0.98,0.98,1.8,1.84,1.74
84781368483460,2025,Middleton-Jiricek,MIN,pairing,5on5,3,1271.0,14.0,0.45,0.45,0.47,10.13,0.76,0.63,2.42,0.36,6.23,4.59,0.76,0.82,0.82,8.0,7.0,7.0,22.0,0.0,0.0,0.0,1.0,0.0,4.0,10.0,8.0,15.0,2.0,7.0,6.0,9.0,1.0,5.0,13.0,2.0,0.0,0.46,0.3,0.0,0.0,0.0,0.0,23.31,15.0,15.87,2.0,0.13,0.0,0.0,0.89,0.96,0.96,12.71,0.92,0.8,3.07,0.4,6.77,5.04,0.91,0.87,0.87,10.0,7.0,10.0,27.0,0.0,1.0,0.0,1.0,0.0,7.0,8.0,10.0,17.0,1.0,5.0,11.0,14.0,1.0,7.0,14.0,3.0,0.0,0.48,0.44,0.0,0.0,0.0,0.0,26.19,17.0,16.52,5.0,0.17,0.17,0.17,0.92,0.87,0.87
848076284808298480830,2025,Robinson-Kotkaniemi-Svechnikov,CAR,line,5on5,2,997.0,8.0,0.2,0.41,0.28,5.18,0.15,0.27,1.73,0.15,2.89,1.81,0.15,0.16,0.16,2.0,5.0,9.0,16.0,0.0,0.0,0.0,1.0,0.0,5.0,1.0,2.0,7.0,2.0,4.0,10.0,7.0,2.0,3.0,7.0,0.0,0.0,0.15,0.0,0.0,0.0,0.0,0.0,17.34,7.0,7.48,2.0,0.06,0.0,0.0,0.21,0.22,0.22,13.0,0.59,0.79,3.27,0.43,7.45,5.47,0.59,0.58,0.58,12.0,6.0,5.0,23.0,2.0,1.0,0.0,2.0,0.0,5.0,8.0,10.0,16.0,0.0,0.0,9.0,10.0,1.0,2.0,17.0,1.0,0.0,0.42,0.18,0.0,1.0,1.0,0.0,22.71,18.0,17.66,1.0,0.16,0.03,0.03,0.72,0.71,0.71
847576084775738480074,2025,Walker-Bjugstad-Texier,STL,line,5on5,5,1397.0,29.0,0.6,0.46,0.47,10.66,1.31,0.78,2.36,0.3,5.45,3.79,1.29,1.33,1.31,9.0,5.0,5.0,19.0,1.0,1.0,0.0,0.0,0.0,3.0,9.0,8.0,13.0,1.0,5.0,13.0,20.0,2.0,9.0,8.0,4.0,2.0,0.2,0.58,0.53,0.0,1.0,0.0,19.47,14.0,14.38,6.0,0.16,0.32,0.32,1.16,1.19,1.17,11.8,0.86,0.71,3.16,0.4,6.46,4.41,0.85,0.87,0.85,6.0,10.0,6.0,22.0,1.0,3.0,0.0,2.0,0.0,6.0,4.0,5.0,15.0,2.0,7.0,9.0,15.0,6.0,11.0,13.0,2.0,1.0,0.33,0.29,0.24,1.0,0.0,0.0,22.57,16.0,16.48,4.0,0.15,0.29,0.29,0.72,0.73,0.72
847341984774098477935,2025,Marchand-Bennett-Verhaeghe,FLA,line,5on5,7,2493.0,41.0,0.65,0.63,0.58,28.62,3.12,2.03,6.95,0.89,14.21,9.8,3.02,3.09,2.99,26.0,11.0,18.0,55.0,0.0,2.0,0.0,7.0,0.0,16.0,12.0,26.0,37.0,2.0,4.0,19.0,11.0,3.0,16.0,22.0,12.0,3.0,0.81,1.54,0.78,0.0,0.0,0.0,55.3,37.0,37.03,7.0,0.43,0.18,0.18,3.37,3.33,3.25,19.15,1.72,1.23,4.59,0.66,10.27,8.52,1.7,1.77,1.75,22.0,5.0,5.0,32.0,3.0,1.0,0.0,7.0,0.0,7.0,9.0,19.0,24.0,4.0,8.0,25.0,11.0,9.0,18.0,18.0,9.0,0.0,0.5,1.22,0.0,1.0,2.0,0.0,31.5,27.0,27.03,13.0,0.26,0.01,0.01,1.96,2.02,2.0
84745748483678,2025,Pettersson-Myers,VAN,pairing,5on5,6,2088.0,22.0,0.43,0.44,0.45,15.67,1.3,0.96,4.16,0.47,8.16,5.95,1.25,1.29,1.25,13.0,8.0,8.0,29.0,1.0,1.0,0.0,3.0,0.0,6.0,10.0,12.0,20.0,2.0,4.0,10.0,14.0,3.0,16.0,17.0,2.0,2.0,0.5,0.26,0.54,1.0,0.0,0.0,29.28,21.0,21.59,12.0,0.2,0.26,0.26,1.24,1.26,1.25,19.25,1.71,1.35,4.83,0.66,10.42,7.03,1.69,1.7,1.68,17.0,9.0,11.0,37.0,0.0,2.0,0.0,4.0,0.0,9.0,11.0,17.0,26.0,1.0,2.0,23.0,14.0,4.0,10.0,19.0,5.0,2.0,0.53,0.64,0.54,0.0,0.0,0.0,37.03,26.0,26.29,5.0,0.28,0.26,0.26,1.73,1.72,1.7
847516984807488482691,2025,Kane-Raty-Sherwood,VAN,line,5on5,4,952.0,43.0,0.2,0.3,0.29,4.74,0.53,0.28,1.22,0.15,2.04,1.78,0.53,0.54,0.54,2.0,4.0,3.0,9.0,0.0,0.0,0.0,0.0,0.0,3.0,3.0,2.0,6.0,1.0,2.0,6.0,15.0,1.0,6.0,4.0,1.0,1.0,0.12,0.14,0.27,0.0,0.0,0.0,8.87,6.0,5.92,4.0,0.06,0.0,0.0,0.59,0.6,0.6,12.29,2.11,0.97,2.75,0.42,5.32,3.43,1.86,2.04,1.8,10.0,5.0,6.0,21.0,1.0,5.0,0.0,4.0,0.0,1.0,4.0,9.0,14.0,1.0,2.0,9.0,7.0,0.0,3.0,4.0,8.0,3.0,0.13,1.13,0.85,0.0,1.0,0.0,20.54,15.0,14.93,1.0,0.21,1.16,1.16,1.16,1.13,1.08
848079884842278484801,2025,Kurashev-Celebrini-Smith,SJS,line,5on5,2,1600.0,2.0,0.26,0.34,0.27,8.7,0.81,0.56,2.3,0.31,4.31,2.7,0.81,0.81,0.8,8.0,3.0,7.0,18.0,1.0,1.0,1.0,1.0,0.0,3.0,5.0,7.0,10.0,4.0,8.0,17.0,5.0,3.0,18.0,8.0,1.0,2.0,0.22,0.09,0.51,0.0,0.0,1.0,18.07,11.0,11.09,11.0,0.11,0.31,0.31,0.62,0.61,0.61,22.57,2.3,1.63,5.67,0.87,11.36,8.17,2.01,2.34,2.04,17.0,13.0,5.0,35.0,1.0,5.0,0.0,3.0,0.0,10.0,11.0,16.0,29.0,2.0,4.0,15.0,9.0,1.0,9.0,19.0,9.0,2.0,0.41,1.37,0.52,1.0,0.0,0.0,34.6,30.0,29.57,2.0,0.34,1.06,1.06,1.58,1.61,1.57
84770188480727,2025,Hutton-Whitecloud,VGK,pairing,5on5,6,4227.0,19.0,0.52,0.55,0.55,50.13,4.54,3.63,12.79,1.75,26.36,18.93,4.45,4.58,4.48,46.0,22.0,23.0,91.0,7.0,5.0,2.0,10.0,0.0,24.0,22.0,39.0,61.0,3.0,9.0,34.0,24.0,1.0,16.0,48.0,17.0,3.0,1.42,2.35,0.77,2.0,5.0,0.0,92.74,68.0,68.64,8.0,0.76,0.6,0.6,4.71,4.75,4.71,40.76,4.21,2.58,10.18,1.38,21.18,15.47,4.09,4.2,4.09,34.0,21.0,19.0,74.0,3.0,5.0,2.0,9.0,0.0,16.0,22.0,31.0,52.0,9.0,21.0,30.0,35.0,5.0,17.0,38.0,13.0,4.0,1.03,1.94,1.23,1.0,0.0,2.0,72.4,55.0,54.12,11.0,0.54,1.24,1.24,3.52,3.47,3.42
847414184793378483464,2025,Debrincat-Kasper-Kane,DET,line,5on5,5,3043.0,9.0,0.58,0.58,0.61,28.7,2.07,1.7,7.23,0.98,17.0,12.02,2.02,1.99,1.95,30.0,11.0,10.0,51.0,2.0,2.0,0.0,7.0,1.0,18.0,11.0,28.0,39.0,2.0,4.0,25.0,19.0,6.0,14.0,34.0,6.0,1.0,1.01,0.74,0.33,1.0,1.0,0.0,48.71,41.0,39.38,6.0,0.34,0.31,0.31,2.11,2.03,1.98,19.38,1.49,1.2,5.31,0.61,10.26,7.13,1.48,1.52,1.51,18.0,8.0,11.0,37.0,3.0,2.0,0.0,6.0,0.0,6.0,9.0,15.0,23.0,1.0,2.0,23.0,19.0,4.0,18.0,21.0,4.0,1.0,0.59,0.52,0.38,1.0,2.0,0.0,37.3,26.0,25.82,8.0,0.25,0.44,0.44,1.3,1.32,1.31
847522084757658478493,2025,Foligno-Eriksson Ek-Tarasenko,MIN,line,5on5,2,1046.0,5.0,0.38,0.59,0.67,8.98,0.25,0.43,2.76,0.32,4.64,3.6,0.24,0.24,0.23,9.0,3.0,8.0,20.0,0.0,1.0,0.0,1.0,0.0,6.0,4.0,9.0,12.0,1.0,2.0,8.0,5.0,2.0,2.0,11.0,1.0,0.0,0.14,0.1,0.0,0.0,0.0,0.0,21.42,12.0,12.2,1.0,0.09,0.03,0.03,0.31,0.3,0.29,3.87,0.4,0.32,0.91,0.16,2.5,1.7,0.4,0.38,0.38,4.0,2.0,8.0,14.0,0.0,0.0,0.0,1.0,0.0,3.0,2.0,4.0,6.0,2.0,4.0,15.0,9.0,1.0,5.0,4.0,1.0,1.0,0.08,0.09,0.23,0.0,0.0,0.0,13.72,6.0,5.65,3.0,0.07,0.0,0.0,0.47,0.45,0.44
847514984757658482079,2025,Johansson-Rossi-Tarasenko,MIN,line,5on5,3,756.0,20.0,0.57,0.5,0.4,4.4,0.63,0.24,1.0,0.12,2.31,1.71,0.63,0.64,0.64,3.0,3.0,7.0,13.0,1.0,0.0,0.0,0.0,0.0,3.0,2.0,2.0,5.0,0.0,0.0,7.0,2.0,2.0,6.0,4.0,1.0,1.0,0.12,0.08,0.42,1.0,0.0,0.0,13.35,6.0,6.26,4.0,0.05,0.0,0.0,0.68,0.7,0.7,6.53,0.47,0.44,1.5,0.19,3.72,2.68,0.46,0.44,0.43,5.0,4.0,4.0,13.0,0.0,0.0,0.0,1.0,0.0,4.0,4.0,5.0,9.0,0.0,0.0,5.0,4.0,0.0,4.0,7.0,2.0,0.0,0.21,0.26,0.0,0.0,0.0,0.0,12.5,9.0,8.52,2.0,0.09,0.0,0.0,0.56,0.53,0.51
84788408481525,2025,Robertson-Borgen,NYR,pairing,5on5,5,4224.0,10.0,0.59,0.48,0.48,36.04,3.6,2.51,8.72,1.16,19.36,13.65,3.51,3.49,3.41,27.0,22.0,13.0,62.0,2.0,1.0,0.0,9.0,0.0,24.0,13.0,25.0,47.0,4.0,8.0,39.0,37.0,8.0,18.0,33.0,12.0,4.0,0.93,1.63,1.03,2.0,0.0,0.0,59.82,49.0,47.42,12.0,0.52,0.28,0.28,3.84,3.74,3.67,38.02,2.54,2.29,9.3,1.23,20.9,16.73,2.5,2.63,2.59,34.0,19.0,14.0,67.0,2.0,3.0,0.0,10.0,0.0,20.0,18.0,32.0,51.0,3.0,6.0,32.0,24.0,4.0,22.0,46.0,6.0,1.0,1.38,0.83,0.34,1.0,1.0,0.0,69.4,53.0,55.0,14.0,0.47,0.58,0.58,2.43,2.52,2.5
84783978479402,2025,Bean-Andersson,CGY,pairing,5on5,4,792.0,19.0,0.59,0.58,0.63,7.18,0.87,0.51,1.58,0.25,3.89,2.9,0.86,0.84,0.83,6.0,4.0,4.0,14.0,0.0,1.0,0.0,2.0,0.0,3.0,4.0,6.0,10.0,1.0,2.0,4.0,1.0,1.0,8.0,5.0,5.0,0.0,0.19,0.67,0.0,0.0,0.0,0.0,12.93,10.0,9.58,3.0,0.11,0.07,0.07,0.91,0.88,0.88,4.53,0.61,0.35,1.03,0.15,2.22,1.64,0.61,0.63,0.63,6.0,0.0,4.0,10.0,1.0,0.0,0.0,1.0,0.0,2.0,2.0,5.0,5.0,0.0,0.0,7.0,3.0,2.0,5.0,3.0,1.0,2.0,0.09,0.1,0.42,0.0,0.0,1.0,11.09,6.0,6.3,2.0,0.07,0.0,0.0,0.68,0.7,0.7
847574584796718482660,2025,Johnson-Coyle-Olivier,CBJ,line,5on5,4,1322.0,32.0,0.23,0.5,0.44,9.91,0.36,0.51,2.4,0.32,5.87,4.53,0.34,0.38,0.35,11.0,3.0,9.0,23.0,0.0,0.0,0.0,1.0,0.0,6.0,7.0,11.0,14.0,0.0,0.0,14.0,11.0,1.0,6.0,13.0,1.0,0.0,0.27,0.09,0.0,0.0,0.0,0.0,22.41,14.0,13.84,5.0,0.1,0.0,0.0,0.47,0.48,0.46,13.0,1.23,0.85,3.38,0.4,6.98,5.16,1.21,1.2,1.18,13.0,5.0,5.0,23.0,0.0,1.0,0.0,6.0,0.0,6.0,5.0,13.0,18.0,2.0,4.0,10.0,7.0,6.0,7.0,12.0,4.0,2.0,0.22,0.43,0.59,0.0,0.0,0.0,23.56,18.0,18.39,5.0,0.17,0.31,0.31,1.1,1.1,1.07
84816078482762,2025,Edvinsson-Johansson,DET,pairing,5on5,6,771.0,33.0,0.63,0.52,0.54,5.18,0.42,0.34,1.44,0.18,2.66,1.96,0.41,0.43,0.43,3.0,4.0,4.0,11.0,0.0,1.0,0.0,1.0,0.0,2.0,3.0,3.0,7.0,0.0,0.0,10.0,6.0,1.0,3.0,5.0,1.0,1.0,0.11,0.09,0.22,0.0,0.0,0.0,11.05,7.0,7.04,2.0,0.07,0.03,0.03,0.46,0.47,0.47,4.38,0.25,0.28,1.2,0.16,2.34,1.77,0.25,0.25,0.24,4.0,2.0,4.0,10.0,0.0,0.0,0.0,0.0,0.0,2.0,4.0,4.0,6.0,0.0,0.0,3.0,5.0,1.0,3.0,6.0,0.0,0.0,0.25,0.0,0.0,0.0,0.0,0.0,9.76,6.0,5.83,2.0,0.06,0.0,0.0,0.31,0.3,0.3
847576884769058482751,2025,Schwartz-Stephenson-Winterton,SEA,line,5on5,5,1067.0,44.0,0.06,0.33,0.28,3.45,0.06,0.15,0.94,0.11,2.24,1.51,0.06,0.06,0.06,3.0,2.0,6.0,11.0,0.0,0.0,0.0,2.0,0.0,3.0,0.0,3.0,5.0,2.0,7.0,5.0,5.0,0.0,2.0,5.0,0.0,0.0,0.06,0.0,0.0,0.0,0.0,0.0,10.5,5.0,4.9,1.0,0.03,0.0,0.0,0.09,0.09,0.09,9.7,0.99,0.54,2.63,0.34,4.97,3.54,0.98,0.99,0.98,8.0,5.0,9.0,22.0,1.0,1.0,0.0,1.0,0.0,5.0,5.0,7.0,12.0,2.0,7.0,12.0,9.0,0.0,3.0,10.0,1.0,2.0,0.3,0.1,0.59,1.0,0.0,0.0,22.02,13.0,13.05,0.0,0.11,0.36,0.36,0.74,0.74,0.74
84781368482122,2025,Middleton-Faber,MIN,pairing,5on5,5,1333.0,28.0,0.12,0.43,0.3,5.01,0.18,0.26,1.25,0.15,2.97,2.19,0.18,0.2,0.2,6.0,1.0,8.0,15.0,1.0,0.0,0.0,0.0,0.0,4.0,2.0,5.0,6.0,0.0,0.0,13.0,9.0,4.0,1.0,6.0,1.0,0.0,0.05,0.12,0.0,0.0,1.0,0.0,17.27,7.0,7.93,0.0,0.05,0.0,0.0,0.23,0.25,0.25,11.4,1.24,0.82,3.31,0.43,6.03,4.18,1.15,1.14,1.07,10.0,6.0,4.0,20.0,0.0,3.0,0.0,2.0,0.0,4.0,7.0,10.0,16.0,1.0,2.0,13.0,15.0,1.0,11.0,11.0,3.0,2.0,0.23,0.51,0.5,0.0,0.0,0.0,18.37,16.0,14.68,5.0,0.18,0.45,0.45,0.97,0.9,0.88
847574584796718482705,2025,Sillinger-Coyle-Olivier,CBJ,line,5on5,3,1438.0,15.0,0.64,0.49,0.56,16.29,1.19,0.95,4.47,0.56,9.06,6.76,1.19,1.21,1.21,14.0,9.0,1.0,24.0,1.0,1.0,0.0,5.0,0.0,9.0,7.0,13.0,22.0,3.0,9.0,22.0,11.0,2.0,6.0,17.0,6.0,0.0,0.45,0.75,0.0,1.0,0.0,0.0,24.93,23.0,23.9,3.0,0.2,0.13,0.13,1.26,1.27,1.27,12.44,0.67,0.78,3.6,0.44,7.42,5.1,0.65,0.63,0.61,9.0,9.0,7.0,25.0,0.0,1.0,0.0,4.0,0.0,5.0,8.0,9.0,18.0,1.0,5.0,11.0,10.0,3.0,9.0,17.0,1.0,0.0,0.51,0.16,0.0,0.0,0.0,0.0,23.9,18.0,17.07,4.0,0.15,0.16,0.16,0.66,0.62,0.61
84809508481581,2025,Harley-Lyubushkin,DAL,pairing,5on5,3,1244.0,13.0,0.61,0.47,0.48,7.87,0.82,0.52,1.58,0.25,4.55,3.27,0.82,0.79,0.79,7.0,4.0,6.0,17.0,1.0,0.0,0.0,4.0,0.0,2.0,4.0,6.0,10.0,1.0,2.0,15.0,8.0,2.0,6.0,7.0,4.0,0.0,0.3,0.51,0.0,1.0,0.0,0.0,16.57,11.0,10.67,1.0,0.11,0.0,0.0,0.93,0.9,0.9,9.09,0.53,0.55,2.27,0.26,4.68,3.7,0.53,0.55,0.55,8.0,4.0,7.0,19.0,0.0,0.0,0.0,2.0,0.0,5.0,5.0,8.0,12.0,2.0,4.0,8.0,6.0,1.0,3.0,10.0,2.0,0.0,0.32,0.21,0.0,0.0,0.0,0.0,20.83,12.0,13.0,1.0,0.12,0.0,0.0,0.65,0.68,0.67
847793484782338478402,2025,Mangiapane-Mcdavid-Draisaitl,EDM,line,5on5,5,1449.0,22.0,0.5,0.48,0.5,7.82,0.73,0.46,2.21,0.27,4.16,3.17,0.7,0.76,0.73,7.0,4.0,5.0,16.0,0.0,1.0,0.0,3.0,0.0,0.0,7.0,7.0,11.0,0.0,0.0,8.0,1.0,1.0,13.0,7.0,4.0,0.0,0.19,0.54,0.0,0.0,0.0,0.0,16.4,11.0,11.33,3.0,0.1,0.19,0.19,0.63,0.66,0.65,7.09,0.73,0.58,1.65,0.3,4.61,3.13,0.71,0.71,0.69,7.0,4.0,6.0,17.0,1.0,1.0,0.0,1.0,0.0,4.0,4.0,6.0,10.0,0.0,0.0,6.0,11.0,2.0,5.0,8.0,3.0,0.0,0.3,0.44,0.0,1.0,0.0,0.0,16.66,11.0,10.88,2.0,0.12,0.09,0.09,0.77,0.75,0.73
84746008482482,2025,Josi-Wilsby,NSH,pairing,5on5,7,6156.0,11.0,0.51,0.53,0.5,47.17,4.65,3.35,11.59,1.65,25.88,17.89,4.47,4.56,4.39,44.0,21.0,34.0,99.0,3.0,9.0,0.0,10.0,0.0,21.0,22.0,41.0,62.0,12.0,27.0,49.0,37.0,8.0,28.0,46.0,13.0,6.0,1.3,1.85,1.5,1.0,2.0,0.0,97.24,65.0,64.47,14.0,0.69,1.5,1.5,3.84,3.78,3.72,48.08,4.53,2.97,12.31,1.58,24.63,17.99,4.37,4.6,4.44,42.0,22.0,24.0,88.0,5.0,6.0,1.0,13.0,0.0,18.0,22.0,37.0,59.0,7.0,17.0,62.0,53.0,9.0,31.0,45.0,15.0,4.0,1.37,2.08,1.08,1.0,1.0,3.0,88.98,64.0,64.48,15.0,0.62,1.03,1.03,4.12,4.19,4.09
847856984809808481481,2025,Dewar-Acciari-Lizotte,PIT,line,5on5,6,3076.0,18.0,0.37,0.5,0.48,22.23,1.36,1.43,5.48,0.72,12.86,9.14,1.33,1.37,1.34,21.0,10.0,21.0,52.0,2.0,2.0,0.0,3.0,0.0,11.0,13.0,19.0,29.0,4.0,8.0,24.0,26.0,3.0,14.0,25.0,6.0,0.0,0.65,0.71,0.0,2.0,0.0,0.0,51.84,31.0,31.05,9.0,0.29,0.18,0.18,1.47,1.48,1.46,24.84,2.34,1.57,6.76,0.84,12.27,9.21,2.21,2.34,2.22,23.0,10.0,20.0,53.0,2.0,2.0,0.0,3.0,0.0,13.0,13.0,21.0,31.0,3.0,9.0,19.0,29.0,4.0,12.0,25.0,5.0,3.0,0.69,0.75,0.9,1.0,1.0,0.0,52.44,33.0,32.77,6.0,0.34,0.69,0.69,1.98,1.96,1.92
84756908476931,2025,Mccabe-Tanev,TOR,pairing,5on5,7,5240.0,15.0,0.46,0.48,0.48,31.95,2.78,2.01,8.11,0.97,16.99,12.14,2.77,2.76,2.74,29.0,14.0,24.0,67.0,3.0,1.0,0.0,11.0,0.0,11.0,17.0,26.0,40.0,1.0,2.0,39.0,39.0,5.0,28.0,32.0,7.0,4.0,0.89,0.89,1.01,1.0,0.0,2.0,66.9,43.0,43.16,17.0,0.42,0.26,0.26,2.95,2.93,2.9,34.21,3.32,2.42,8.82,1.13,18.11,13.21,3.14,3.41,3.22,26.0,21.0,27.0,74.0,2.0,2.0,0.0,5.0,0.0,23.0,15.0,24.0,45.0,5.0,10.0,42.0,39.0,12.0,27.0,31.0,11.0,5.0,0.82,1.33,1.17,1.0,1.0,0.0,74.48,47.0,47.0,16.0,0.51,0.27,0.27,3.56,3.65,3.55
84751678478178,2025,Hedman-Raddysh,TBL,pairing,5on5,4,1370.0,18.0,0.36,0.39,0.41,8.39,0.62,0.48,2.28,0.29,4.72,3.61,0.62,0.59,0.59,8.0,4.0,4.0,16.0,1.0,2.0,0.0,2.0,0.0,3.0,4.0,7.0,11.0,2.0,4.0,7.0,11.0,1.0,8.0,10.0,1.0,1.0,0.29,0.09,0.24,1.0,0.0,0.0,15.45,12.0,11.7,3.0,0.1,0.15,0.15,0.57,0.54,0.54,12.7,1.1,0.73,3.31,0.4,6.35,5.11,1.05,1.15,1.1,13.0,4.0,8.0,25.0,1.0,1.0,1.0,1.0,0.0,4.0,10.0,12.0,16.0,2.0,4.0,13.0,10.0,1.0,2.0,13.0,2.0,2.0,0.3,0.26,0.54,0.0,0.0,1.0,26.03,17.0,17.57,1.0,0.15,0.28,0.28,0.97,1.01,1.0
847514984757658478493,2025,Johansson-Eriksson Ek-Tarasenko,MIN,line,5on5,4,955.0,31.0,0.26,0.29,0.32,4.29,0.31,0.28,1.05,0.15,2.45,1.76,0.31,0.32,0.31,6.0,0.0,2.0,8.0,0.0,0.0,0.0,2.0,0.0,1.0,3.0,6.0,6.0,3.0,8.0,12.0,6.0,1.0,4.0,5.0,1.0,0.0,0.19,0.12,0.0,0.0,0.0,0.0,8.14,6.0,6.08,2.0,0.06,0.0,0.0,0.36,0.37,0.37,9.64,0.88,0.56,2.85,0.36,4.97,3.38,0.67,0.86,0.66,9.0,4.0,7.0,20.0,1.0,1.0,0.0,0.0,0.0,4.0,7.0,8.0,12.0,3.0,6.0,11.0,3.0,2.0,2.0,10.0,3.0,0.0,0.41,0.47,0.0,1.0,0.0,0.0,19.69,13.0,12.97,1.0,0.12,0.19,0.19,0.8,0.78,0.67
84745638475208,2025,Dumoulin-Doughty,LAK,pairing,5on5,5,4051.0,10.0,0.7,0.61,0.62,39.03,3.59,2.43,10.0,1.26,20.3,15.42,3.42,3.47,3.32,37.0,16.0,16.0,69.0,1.0,4.0,0.0,6.0,1.0,21.0,20.0,36.0,52.0,4.0,8.0,35.0,26.0,9.0,22.0,38.0,12.0,3.0,0.99,1.68,0.91,0.0,1.0,0.0,66.59,53.0,51.74,10.0,0.51,0.87,1.0,3.09,3.03,2.99,23.7,1.53,1.36,6.86,0.73,12.29,9.23,1.47,1.65,1.58,20.0,12.0,12.0,44.0,1.0,2.0,0.0,6.0,0.0,9.0,14.0,19.0,31.0,2.0,4.0,36.0,24.0,9.0,20.0,25.0,6.0,1.0,0.51,0.82,0.2,0.0,1.0,0.0,46.82,32.0,34.03,8.0,0.28,0.37,0.37,1.44,1.54,1.49
847456484751588476887,2025,Forsberg-O'Reilly-Stamkos,NSH,line,5on5,6,1772.0,27.0,0.49,0.51,0.45,16.62,1.68,1.17,3.69,0.54,8.71,6.21,1.65,1.73,1.7,10.0,12.0,11.0,33.0,1.0,2.0,0.0,2.0,0.0,9.0,8.0,9.0,21.0,3.0,6.0,20.0,5.0,3.0,5.0,12.0,10.0,0.0,0.35,1.34,0.0,0.0,1.0,0.0,32.63,22.0,22.23,2.0,0.24,0.32,0.32,1.6,1.65,1.62,19.65,1.73,1.3,4.5,0.61,10.92,7.94,1.67,1.71,1.65,17.0,10.0,5.0,32.0,0.0,2.0,0.0,7.0,0.0,7.0,11.0,17.0,27.0,0.0,0.0,11.0,9.0,1.0,8.0,19.0,6.0,2.0,0.52,0.75,0.46,0.0,0.0,0.0,32.37,27.0,27.05,4.0,0.27,0.4,0.4,1.59,1.56,1.55
847514984774518478508,2025,Johansson-Hartman-Trenin,MIN,line,5on5,3,1082.0,24.0,0.76,0.5,0.64,12.34,1.85,0.84,2.4,0.37,5.76,4.78,1.82,1.83,1.8,13.0,3.0,2.0,18.0,2.0,2.0,0.0,3.0,0.0,4.0,5.0,11.0,14.0,0.0,0.0,11.0,8.0,3.0,6.0,8.0,4.0,4.0,0.15,0.54,1.16,1.0,1.0,0.0,18.52,16.0,16.41,1.0,0.18,0.65,0.65,1.38,1.41,1.38,6.36,0.6,0.48,1.56,0.29,3.57,2.52,0.6,0.59,0.59,5.0,4.0,9.0,18.0,1.0,1.0,0.0,0.0,0.0,3.0,4.0,4.0,8.0,0.0,0.0,8.0,19.0,1.0,4.0,7.0,1.0,1.0,0.21,0.18,0.21,0.0,1.0,0.0,18.33,9.0,8.9,0.0,0.1,0.01,0.01,0.69,0.68,0.68
84769678480834,2025,Kulak-Emberson,EDM,pairing,5on5,7,5370.0,19.0,0.49,0.47,0.46,30.31,3.21,1.95,7.36,1.01,16.36,12.11,3.15,3.34,3.28,25.0,17.0,25.0,67.0,5.0,4.0,0.0,5.0,0.0,14.0,14.0,20.0,37.0,3.0,6.0,36.0,28.0,9.0,22.0,27.0,12.0,3.0,0.8,1.48,0.93,1.0,4.0,0.0,68.58,42.0,42.97,12.0,0.41,1.0,1.0,2.62,2.73,2.71,36.77,3.34,2.51,8.31,1.14,19.95,14.75,3.33,3.27,3.26,26.0,24.0,27.0,77.0,3.0,1.0,0.0,7.0,0.0,18.0,21.0,23.0,47.0,5.0,10.0,32.0,42.0,7.0,28.0,38.0,8.0,4.0,1.23,1.08,1.02,3.0,0.0,0.0,74.95,50.0,48.96,11.0,0.52,0.08,0.08,3.78,3.7,3.69
84815248482671,2025,Byram-Power,BUF,pairing,5on5,5,739.0,37.0,0.6,0.5,0.5,6.75,0.95,0.43,1.63,0.22,3.28,2.49,0.89,0.97,0.91,7.0,2.0,1.0,10.0,0.0,2.0,0.0,2.0,0.0,2.0,3.0,7.0,9.0,1.0,2.0,2.0,12.0,1.0,2.0,5.0,2.0,2.0,0.08,0.26,0.61,0.0,0.0,0.0,10.36,9.0,9.13,1.0,0.09,0.49,0.49,0.55,0.56,0.55,6.52,0.62,0.41,1.65,0.2,3.52,2.6,0.6,0.61,0.6,6.0,3.0,1.0,10.0,0.0,1.0,0.0,2.0,0.0,2.0,4.0,6.0,9.0,0.0,0.0,4.0,6.0,0.0,4.0,7.0,1.0,1.0,0.28,0.12,0.22,0.0,0.0,0.0,9.63,9.0,8.8,2.0,0.09,0.07,0.07,0.63,0.62,0.62
847795384793658481617,2025,Kapanen-Frederic-Podkolzin,EDM,line,5on5,2,1089.0,3.0,0.49,0.5,0.58,8.54,0.94,0.65,2.23,0.24,4.01,2.93,0.9,1.01,0.97,5.0,6.0,6.0,17.0,1.0,1.0,0.0,0.0,0.0,2.0,7.0,4.0,10.0,2.0,4.0,7.0,10.0,1.0,6.0,7.0,2.0,2.0,0.25,0.25,0.44,0.0,1.0,0.0,17.9,11.0,11.62,1.0,0.14,0.23,0.23,0.85,0.91,0.89,6.34,0.98,0.51,1.34,0.17,2.81,2.19,0.98,0.92,0.92,5.0,3.0,9.0,17.0,0.0,0.0,0.0,1.0,0.0,4.0,3.0,5.0,8.0,0.0,0.0,8.0,11.0,0.0,3.0,4.0,2.0,2.0,0.15,0.27,0.55,0.0,0.0,0.0,16.22,8.0,7.73,3.0,0.11,0.0,0.0,1.09,1.03,1.03
84745678478136,2025,Middleton-Bogosian,MIN,pairing,5on5,3,822.0,20.0,0.66,0.58,0.69,7.56,0.68,0.45,2.24,0.3,3.98,3.35,0.66,0.62,0.61,4.0,7.0,3.0,14.0,0.0,1.0,0.0,3.0,0.0,3.0,4.0,4.0,11.0,2.0,4.0,2.0,7.0,1.0,3.0,7.0,4.0,0.0,0.18,0.49,0.0,0.0,0.0,0.0,13.05,11.0,10.29,1.0,0.1,0.03,0.03,0.74,0.68,0.67,3.67,0.34,0.28,0.81,0.11,1.88,1.58,0.34,0.36,0.36,2.0,3.0,5.0,10.0,0.0,0.0,0.0,2.0,0.0,1.0,2.0,2.0,5.0,1.0,2.0,8.0,4.0,1.0,7.0,3.0,2.0,0.0,0.09,0.25,0.0,0.0,0.0,0.0,10.97,5.0,5.41,1.0,0.06,0.0,0.0,0.4,0.42,0.42
847415084763998484180,2025,Honzek-Backlund-Coleman,CGY,line,5on5,4,2112.0,10.0,0.59,0.57,0.57,21.3,2.04,1.18,5.74,0.69,10.48,7.86,2.02,2.03,2.01,20.0,8.0,7.0,35.0,2.0,2.0,0.0,4.0,0.0,11.0,9.0,18.0,26.0,6.0,15.0,24.0,16.0,5.0,4.0,19.0,7.0,2.0,0.44,0.99,0.62,1.0,1.0,0.0,34.92,28.0,28.01,3.0,0.25,0.58,0.58,1.71,1.71,1.7,16.44,1.45,0.92,4.26,0.53,7.51,6.34,1.43,1.48,1.46,17.0,4.0,5.0,26.0,5.0,1.0,0.0,3.0,0.0,2.0,10.0,12.0,16.0,6.0,15.0,23.0,18.0,2.0,12.0,14.0,5.0,2.0,0.29,0.64,0.52,0.0,4.0,1.0,26.29,21.0,21.17,4.0,0.19,0.24,0.24,1.4,1.44,1.42
848001884815408483515,2025,Slafkovsk-Suzuki-Caufield,MTL,line,5on5,7,4903.0,7.0,0.65,0.63,0.66,46.25,4.5,3.16,11.45,1.58,24.62,18.69,4.17,4.6,4.26,41.0,23.0,23.0,87.0,5.0,4.0,0.0,11.0,0.0,22.0,22.0,36.0,59.0,5.0,10.0,40.0,38.0,1.0,17.0,46.0,13.0,5.0,1.63,1.66,1.21,3.0,2.0,0.0,88.97,64.0,65.42,7.0,0.66,0.77,0.77,4.39,4.48,4.3,24.84,2.43,1.68,5.8,0.83,13.06,9.19,2.4,2.39,2.36,21.0,12.0,19.0,52.0,1.0,3.0,0.0,6.0,0.0,11.0,12.0,20.0,32.0,3.0,6.0,45.0,33.0,7.0,18.0,22.0,9.0,2.0,0.72,1.17,0.54,1.0,0.0,0.0,50.91,33.0,32.19,6.0,0.35,0.55,0.55,2.23,2.17,2.15
847641984816018485702,2025,Shabanov-Pageau-Holmstrom,NYI,line,5on5,2,925.0,7.0,0.29,0.39,0.41,7.83,0.75,0.45,2.01,0.27,4.45,3.07,0.73,0.72,0.7,5.0,6.0,2.0,13.0,1.0,0.0,0.0,0.0,0.0,7.0,3.0,4.0,10.0,1.0,2.0,11.0,8.0,2.0,6.0,8.0,2.0,1.0,0.25,0.27,0.22,1.0,0.0,0.0,12.3,11.0,10.39,5.0,0.09,0.0,0.0,0.84,0.81,0.79,12.55,1.86,0.91,2.92,0.41,5.61,4.29,1.75,1.91,1.79,15.0,1.0,4.0,20.0,2.0,3.0,0.0,2.0,0.0,7.0,2.0,13.0,14.0,1.0,2.0,7.0,10.0,1.0,4.0,7.0,5.0,4.0,0.2,0.62,1.05,1.0,1.0,0.0,21.33,16.0,16.87,2.0,0.19,0.84,0.84,1.21,1.27,1.21
847740984779338478542,2025,Verhaeghe-Rodrigues-Reinhart,FLA,line,5on5,3,803.0,19.0,0.83,0.68,0.78,13.54,1.46,0.9,3.12,0.42,7.01,5.08,1.43,1.47,1.44,8.0,10.0,3.0,21.0,0.0,1.0,0.0,2.0,0.0,9.0,6.0,8.0,18.0,0.0,0.0,8.0,8.0,1.0,5.0,12.0,4.0,2.0,0.43,0.44,0.59,0.0,0.0,0.0,20.63,18.0,17.73,3.0,0.19,0.26,0.26,1.39,1.4,1.37,4.05,0.3,0.29,1.28,0.12,1.81,1.19,0.29,0.29,0.29,4.0,1.0,5.0,10.0,0.0,0.0,0.0,1.0,0.0,2.0,2.0,4.0,5.0,2.0,4.0,9.0,5.0,1.0,10.0,2.0,3.0,0.0,0.03,0.27,0.0,0.0,0.0,0.0,10.18,5.0,5.0,7.0,0.06,0.0,0.0,0.36,0.35,0.35
847458684779558482665,2025,Mccann-Beniers-Eberle,SEA,line,5on5,5,3322.0,6.0,0.54,0.52,0.56,33.9,2.82,2.26,9.21,1.24,19.23,13.24,2.67,2.84,2.68,27.0,21.0,12.0,60.0,3.0,4.0,0.0,7.0,0.0,14.0,20.0,24.0,45.0,1.0,2.0,28.0,25.0,0.0,20.0,34.0,12.0,2.0,0.77,1.48,0.57,1.0,2.0,0.0,60.9,48.0,48.65,5.0,0.48,0.59,0.59,2.71,2.73,2.66,26.4,2.38,1.77,6.31,0.86,15.09,10.6,2.32,2.36,2.3,18.0,19.0,19.0,56.0,3.0,1.0,0.0,4.0,0.0,15.0,14.0,15.0,34.0,3.0,6.0,37.0,23.0,1.0,18.0,28.0,5.0,4.0,0.72,0.67,0.98,1.0,0.0,2.0,55.16,37.0,36.61,5.0,0.37,0.01,0.01,2.74,2.71,2.64
84745678484798,2025,Buium-Bogosian,MIN,pairing,5on5,4,1684.0,18.0,0.4,0.46,0.42,11.33,0.95,0.67,2.68,0.41,6.35,4.93,0.87,0.98,0.9,12.0,4.0,8.0,24.0,0.0,2.0,0.0,1.0,0.0,6.0,7.0,12.0,16.0,2.0,4.0,15.0,17.0,2.0,6.0,13.0,2.0,1.0,0.37,0.25,0.33,0.0,0.0,0.0,24.05,16.0,16.04,5.0,0.14,0.37,0.37,0.72,0.73,0.72,16.23,1.42,1.0,4.07,0.58,8.37,6.57,1.41,1.39,1.38,16.0,6.0,6.0,28.0,0.0,2.0,0.0,2.0,0.0,11.0,7.0,16.0,22.0,0.0,0.0,13.0,9.0,4.0,7.0,15.0,6.0,1.0,0.37,0.75,0.3,0.0,0.0,0.0,27.94,22.0,21.91,4.0,0.21,0.16,0.16,1.46,1.43,1.43
84808798481607,2025,Johansson-Bernard-Docker,DET,pairing,5on5,5,3117.0,15.0,0.63,0.55,0.54,28.72,3.18,1.98,6.82,1.0,16.08,10.95,3.09,3.15,3.06,26.0,14.0,16.0,56.0,4.0,6.0,1.0,3.0,0.0,11.0,16.0,22.0,36.0,2.0,4.0,26.0,19.0,2.0,18.0,26.0,11.0,3.0,0.92,1.49,0.77,2.0,1.0,1.0,55.88,40.0,40.25,8.0,0.41,0.88,0.88,2.71,2.69,2.64,23.54,1.84,1.45,5.75,0.8,13.97,10.18,1.82,1.86,1.84,25.0,9.0,12.0,46.0,1.0,2.0,0.0,10.0,0.0,10.0,11.0,24.0,33.0,2.0,4.0,19.0,30.0,3.0,22.0,27.0,6.0,1.0,0.84,0.62,0.38,0.0,1.0,0.0,45.48,34.0,33.49,13.0,0.3,0.45,0.45,1.7,1.7,1.68
848083084827028482809,2025,Blake-Stankoven-Svechnikov,CAR,line,5on5,4,1516.0,18.0,0.83,0.66,0.71,17.73,1.93,1.14,4.63,0.62,9.14,6.55,1.78,1.9,1.75,11.0,13.0,11.0,35.0,1.0,3.0,1.0,3.0,0.0,8.0,9.0,10.0,23.0,1.0,2.0,15.0,10.0,2.0,10.0,16.0,6.0,2.0,0.49,0.75,0.69,0.0,0.0,1.0,35.31,24.0,24.45,3.0,0.24,0.7,0.7,1.46,1.45,1.42,6.98,0.38,0.49,1.72,0.25,4.1,3.05,0.38,0.39,0.39,8.0,2.0,8.0,18.0,1.0,0.0,0.0,1.0,0.0,5.0,3.0,7.0,9.0,2.0,4.0,16.0,11.0,3.0,8.0,9.0,1.0,0.0,0.26,0.13,0.0,1.0,0.0,0.0,18.26,10.0,9.98,4.0,0.1,0.0,0.0,0.48,0.49,0.49
84799828480807,2025,Samuelsson-Timmins,BUF,pairing,5on5,4,1313.0,23.0,0.45,0.49,0.41,8.7,0.49,0.53,2.21,0.27,5.09,3.42,0.48,0.45,0.44,8.0,4.0,9.0,21.0,0.0,1.0,0.0,2.0,0.0,2.0,7.0,8.0,12.0,6.0,12.0,8.0,13.0,1.0,8.0,11.0,0.0,1.0,0.24,0.0,0.24,0.0,0.0,0.0,19.4,12.0,11.04,5.0,0.11,0.24,0.24,0.35,0.33,0.33,11.87,0.59,0.64,2.9,0.37,7.25,5.25,0.58,0.62,0.61,13.0,4.0,5.0,22.0,2.0,0.0,0.0,2.0,0.0,9.0,4.0,11.0,15.0,3.0,6.0,11.0,12.0,4.0,7.0,15.0,2.0,0.0,0.35,0.24,0.0,2.0,0.0,0.0,24.14,17.0,18.45,3.0,0.13,0.0,0.0,0.72,0.75,0.74
84778458479345,2025,Chychrun-Van Riemsdyk,WSH,pairing,5on5,5,2791.0,15.0,0.52,0.51,0.47,19.8,1.87,1.21,5.43,0.72,10.42,7.35,1.8,1.93,1.85,17.0,10.0,9.0,36.0,2.0,2.0,0.0,4.0,0.0,4.0,15.0,15.0,25.0,4.0,8.0,22.0,27.0,4.0,12.0,17.0,8.0,2.0,0.55,0.88,0.44,1.0,1.0,0.0,37.72,27.0,27.53,7.0,0.25,0.04,0.04,2.08,2.14,2.05,23.74,1.75,1.44,6.48,0.74,11.73,8.86,1.72,1.8,1.77,16.0,15.0,4.0,35.0,0.0,4.0,0.0,5.0,0.0,8.0,14.0,16.0,31.0,5.0,10.0,26.0,15.0,5.0,17.0,25.0,5.0,1.0,0.75,0.69,0.31,0.0,0.0,0.0,35.65,31.0,31.35,8.0,0.3,0.73,0.73,1.32,1.36,1.35
84757538481006,2025,Tucker-Faulk,STL,pairing,5on5,6,1954.0,36.0,0.45,0.46,0.46,19.28,1.66,1.21,4.45,0.57,9.74,7.38,1.64,1.71,1.69,22.0,3.0,6.0,31.0,3.0,1.0,0.0,2.0,0.0,8.0,11.0,19.0,22.0,1.0,2.0,10.0,18.0,2.0,13.0,17.0,7.0,1.0,0.45,1.0,0.21,2.0,1.0,0.0,31.32,25.0,25.36,6.0,0.25,0.16,0.16,1.75,1.79,1.76,21.85,1.99,1.34,6.07,0.79,10.63,8.18,1.83,2.05,1.88,16.0,13.0,8.0,37.0,2.0,7.0,1.0,5.0,0.0,8.0,7.0,14.0,27.0,0.0,0.0,10.0,7.0,6.0,10.0,22.0,3.0,4.0,0.66,0.36,0.97,1.0,0.0,1.0,39.1,29.0,30.25,4.0,0.28,1.11,1.11,1.16,1.19,1.16
84811618483485,2025,Mateychuk-Christiansen,CBJ,pairing,5on5,2,747.0,6.0,0.49,0.55,0.5,6.25,0.38,0.31,1.42,0.19,3.19,2.5,0.37,0.36,0.35,5.0,3.0,4.0,12.0,0.0,0.0,0.0,2.0,0.0,3.0,3.0,5.0,8.0,1.0,2.0,7.0,6.0,1.0,4.0,6.0,2.0,0.0,0.16,0.22,0.0,0.0,0.0,0.0,11.31,8.0,7.61,1.0,0.07,0.0,0.0,0.45,0.42,0.41,5.51,0.39,0.37,1.31,0.18,3.33,2.42,0.39,0.41,0.4,5.0,3.0,2.0,10.0,0.0,0.0,0.0,3.0,0.0,2.0,3.0,5.0,8.0,1.0,2.0,11.0,11.0,0.0,4.0,6.0,2.0,0.0,0.13,0.27,0.0,0.0,0.0,0.0,10.35,8.0,8.18,3.0,0.08,0.0,0.0,0.47,0.49,0.48
84751818475906,2025,Leddy-Klingberg,SJS,pairing,5on5,2,1609.0,3.0,0.14,0.26,0.24,7.95,0.41,0.43,2.4,0.28,3.85,2.62,0.4,0.41,0.4,6.0,4.0,4.0,14.0,1.0,0.0,0.0,1.0,0.0,3.0,5.0,5.0,9.0,2.0,4.0,16.0,8.0,2.0,11.0,9.0,0.0,1.0,0.2,0.0,0.21,0.0,0.0,1.0,14.18,10.0,10.13,8.0,0.09,0.0,0.0,0.5,0.49,0.49,23.39,2.55,1.69,5.83,0.91,12.16,8.86,2.29,2.59,2.32,23.0,9.0,8.0,40.0,3.0,5.0,0.0,5.0,0.0,10.0,9.0,20.0,29.0,2.0,4.0,16.0,10.0,1.0,13.0,21.0,8.0,3.0,0.5,1.32,0.73,1.0,1.0,1.0,39.39,32.0,31.42,6.0,0.35,1.08,1.08,1.82,1.86,1.83
84780388484258,2025,Toews-Malinski,COL,pairing,5on5,7,743.0,53.0,0.65,0.78,0.67,9.13,0.98,0.58,2.48,0.35,4.46,3.15,0.93,0.99,0.93,9.0,3.0,9.0,21.0,1.0,2.0,0.0,1.0,0.0,4.0,4.0,8.0,11.0,1.0,2.0,5.0,0.0,0.0,1.0,8.0,3.0,1.0,0.24,0.38,0.36,1.0,0.0,0.0,20.77,12.0,12.02,0.0,0.12,0.41,0.41,0.7,0.7,0.7,4.43,0.52,0.31,0.98,0.13,2.36,1.7,0.52,0.55,0.55,3.0,3.0,0.0,6.0,1.0,0.0,0.0,1.0,0.0,2.0,2.0,2.0,5.0,0.0,0.0,2.0,5.0,1.0,5.0,4.0,1.0,1.0,0.11,0.1,0.3,0.0,0.0,1.0,6.1,6.0,6.08,4.0,0.07,0.0,0.0,0.59,0.62,0.61
847846384821488484186,2025,Beauvillier-Lapierre-Leonard,WSH,line,5on5,6,893.0,53.0,0.43,0.28,0.33,6.67,0.72,0.34,1.69,0.23,3.48,2.54,0.7,0.76,0.74,4.0,5.0,0.0,9.0,0.0,2.0,0.0,1.0,0.0,4.0,2.0,4.0,9.0,2.0,4.0,4.0,8.0,3.0,8.0,6.0,2.0,1.0,0.14,0.25,0.33,0.0,0.0,0.0,9.5,9.0,9.43,2.0,0.07,0.35,0.35,0.44,0.45,0.44,11.39,0.95,0.83,2.89,0.44,7.66,5.24,0.92,0.91,0.88,7.0,11.0,5.0,23.0,0.0,1.0,0.0,2.0,0.0,7.0,8.0,7.0,18.0,1.0,2.0,6.0,8.0,0.0,2.0,15.0,2.0,1.0,0.54,0.19,0.22,0.0,0.0,0.0,21.51,18.0,17.16,1.0,0.17,0.03,0.03,1.09,1.04,1.01
847749484775008482476,2025,Drouin-Horvat-Heineman,NYI,line,5on5,5,2843.0,12.0,0.56,0.57,0.61,28.75,2.32,1.64,7.48,0.94,14.93,11.69,2.31,2.3,2.29,24.0,15.0,10.0,49.0,3.0,2.0,0.0,4.0,0.0,18.0,12.0,21.0,36.0,2.0,4.0,31.0,27.0,3.0,14.0,29.0,9.0,1.0,0.89,1.2,0.23,2.0,1.0,0.0,48.58,39.0,38.61,8.0,0.34,0.19,0.19,2.47,2.45,2.44,18.24,1.85,1.23,4.22,0.61,9.54,7.54,1.73,1.88,1.77,16.0,9.0,12.0,37.0,0.0,0.0,0.0,3.0,0.0,7.0,15.0,16.0,25.0,4.0,8.0,24.0,25.0,4.0,20.0,18.0,3.0,4.0,0.46,0.33,1.06,0.0,0.0,0.0,37.33,25.0,25.13,12.0,0.26,0.0,0.0,2.11,2.15,2.02
84808788481581,2025,Harley-Lundkvist,DAL,pairing,5on5,4,2666.0,8.0,0.55,0.47,0.54,21.66,2.12,1.43,5.14,0.68,11.37,8.26,2.03,2.21,2.11,19.0,10.0,10.0,39.0,4.0,3.0,0.0,3.0,0.0,11.0,8.0,15.0,25.0,6.0,12.0,18.0,17.0,2.0,9.0,19.0,9.0,1.0,0.72,1.18,0.22,3.0,1.0,0.0,41.28,29.0,30.47,5.0,0.3,0.57,0.57,1.85,1.93,1.9,17.49,1.77,1.22,3.87,0.59,9.93,7.64,1.75,1.73,1.71,16.0,9.0,19.0,44.0,4.0,0.0,0.0,5.0,0.0,7.0,9.0,12.0,21.0,1.0,2.0,22.0,26.0,5.0,15.0,17.0,5.0,3.0,0.54,0.58,0.64,0.0,2.0,2.0,41.93,25.0,24.39,9.0,0.25,0.0,0.0,2.02,1.97,1.96
84706138484258,2025,Burns-Malinski,COL,pairing,5on5,7,660.0,56.0,0.52,0.69,0.65,9.08,0.76,0.6,2.4,0.28,5.39,3.57,0.72,0.83,0.79,10.0,3.0,7.0,20.0,1.0,1.0,0.0,3.0,0.0,4.0,4.0,9.0,12.0,0.0,0.0,3.0,3.0,0.0,4.0,11.0,1.0,1.0,0.35,0.13,0.28,0.0,1.0,0.0,21.77,13.0,14.29,2.0,0.13,0.28,0.28,0.61,0.65,0.62,5.29,0.69,0.41,1.57,0.18,2.47,1.69,0.64,0.69,0.64,4.0,3.0,2.0,9.0,1.0,2.0,0.0,1.0,0.0,2.0,1.0,3.0,6.0,1.0,2.0,8.0,3.0,1.0,7.0,4.0,2.0,1.0,0.14,0.3,0.24,1.0,0.0,0.0,8.76,7.0,6.88,2.0,0.09,0.27,0.27,0.51,0.51,0.49
847519184759138476448,2025,Stone-Karlsson-Smith,VGK,line,5on5,3,1365.0,13.0,0.53,0.6,0.69,14.54,0.79,0.85,3.77,0.46,7.89,6.24,0.72,0.79,0.72,14.0,6.0,5.0,25.0,0.0,1.0,0.0,1.0,0.0,9.0,9.0,14.0,20.0,2.0,4.0,14.0,10.0,0.0,11.0,17.0,3.0,0.0,0.35,0.43,0.0,0.0,0.0,0.0,24.4,20.0,19.48,2.0,0.17,0.17,0.17,0.8,0.8,0.76,6.66,0.7,0.45,1.74,0.21,3.43,2.48,0.7,0.73,0.73,8.0,1.0,8.0,17.0,1.0,0.0,0.0,2.0,0.0,1.0,5.0,7.0,8.0,2.0,4.0,7.0,14.0,2.0,10.0,6.0,2.0,1.0,0.19,0.28,0.23,0.0,0.0,1.0,17.78,9.0,9.45,6.0,0.09,0.0,0.0,0.79,0.83,0.83
847637484803558481556,2025,Beecher-Kuraly-Kastelic,BOS,line,5on5,2,940.0,5.0,0.49,0.38,0.3,4.73,1.03,0.33,1.14,0.19,1.83,1.48,1.0,1.05,1.02,6.0,0.0,8.0,14.0,1.0,1.0,0.0,2.0,0.0,1.0,1.0,5.0,5.0,2.0,7.0,12.0,11.0,1.0,5.0,2.0,1.0,3.0,0.08,0.09,0.85,1.0,0.0,0.0,13.89,6.0,6.1,4.0,0.07,0.33,0.33,0.77,0.78,0.78,10.2,1.05,0.6,2.9,0.31,5.41,3.74,1.02,1.04,1.01,9.0,5.0,9.0,23.0,0.0,1.0,0.0,3.0,0.0,7.0,3.0,9.0,14.0,1.0,5.0,11.0,10.0,1.0,5.0,11.0,1.0,2.0,0.23,0.17,0.65,0.0,0.0,0.0,23.31,14.0,14.42,1.0,0.13,0.36,0.36,0.81,0.8,0.79
847842084784498479351,2025,Steel-Hintz-Rantanen,DAL,line,5on5,6,2321.0,13.0,0.6,0.5,0.57,18.17,1.63,1.12,5.04,0.61,9.81,6.8,1.53,1.65,1.54,14.0,11.0,7.0,32.0,2.0,1.0,1.0,2.0,0.0,13.0,7.0,12.0,23.0,5.0,10.0,26.0,15.0,3.0,11.0,18.0,6.0,1.0,0.53,0.71,0.39,1.0,0.0,1.0,31.54,25.0,24.8,9.0,0.24,0.39,0.39,1.48,1.47,1.42,14.11,1.08,0.78,3.31,0.45,7.21,6.17,1.05,1.06,1.03,14.0,5.0,13.0,32.0,1.0,1.0,0.0,4.0,0.0,7.0,6.0,13.0,18.0,3.0,6.0,24.0,13.0,3.0,11.0,15.0,3.0,1.0,0.41,0.35,0.33,1.0,0.0,0.0,31.56,19.0,18.79,6.0,0.16,0.33,0.33,0.92,0.89,0.88
84815638483490,2025,Mintyukov-Helleson,ANA,pairing,5on5,6,3290.0,23.0,0.41,0.45,0.42,24.87,2.13,1.55,6.53,0.84,14.11,9.84,2.06,2.11,2.04,25.0,10.0,14.0,49.0,3.0,2.0,0.0,3.0,0.0,17.0,10.0,22.0,32.0,2.0,4.0,23.0,25.0,1.0,15.0,29.0,3.0,3.0,0.79,0.47,0.87,3.0,0.0,0.0,48.26,35.0,34.58,6.0,0.32,0.63,0.63,1.82,1.8,1.78,34.78,3.05,2.32,8.03,1.12,19.66,13.82,2.82,3.16,2.91,33.0,15.0,12.0,60.0,4.0,1.0,0.0,8.0,0.0,15.0,20.0,29.0,44.0,3.0,6.0,31.0,26.0,3.0,19.0,33.0,11.0,4.0,0.99,1.21,0.84,2.0,1.0,1.0,62.12,48.0,49.82,13.0,0.48,0.22,0.22,3.31,3.41,3.23
847360484746798475799,2025,Niederreiter-Toews-Nyquist,WPG,line,5on5,5,885.0,38.0,0.18,0.41,0.38,5.51,0.22,0.31,1.33,0.18,3.38,2.57,0.22,0.23,0.23,4.0,4.0,5.0,13.0,1.0,0.0,0.0,1.0,0.0,1.0,5.0,3.0,7.0,1.0,2.0,11.0,4.0,1.0,4.0,7.0,1.0,0.0,0.11,0.12,0.0,1.0,0.0,0.0,14.0,8.0,8.36,3.0,0.06,0.0,0.0,0.28,0.29,0.29,9.34,1.04,0.67,2.07,0.3,5.14,3.77,0.98,1.0,0.95,6.0,7.0,6.0,19.0,1.0,1.0,0.0,1.0,0.0,5.0,5.0,5.0,12.0,0.0,0.0,3.0,6.0,2.0,1.0,10.0,2.0,1.0,0.44,0.25,0.36,0.0,1.0,0.0,17.93,13.0,12.58,1.0,0.14,0.36,0.36,0.82,0.8,0.74
847799884796758481532,2025,Foegele-Turcotte-Moore,LAK,line,5on5,4,675.0,34.0,0.69,0.67,0.7,11.78,1.34,0.88,2.84,0.4,6.18,4.36,1.3,1.26,1.23,11.0,5.0,4.0,20.0,1.0,1.0,0.0,1.0,0.0,8.0,5.0,10.0,15.0,1.0,2.0,5.0,4.0,1.0,2.0,8.0,7.0,1.0,0.26,0.84,0.24,0.0,1.0,0.0,19.12,16.0,15.53,2.0,0.18,0.24,0.24,1.28,1.23,1.2,5.43,0.6,0.48,1.05,0.17,2.73,1.98,0.59,0.62,0.6,5.0,2.0,3.0,10.0,0.0,1.0,0.0,1.0,0.0,3.0,2.0,5.0,7.0,1.0,2.0,2.0,3.0,0.0,2.0,4.0,3.0,0.0,0.19,0.41,0.0,0.0,0.0,0.0,9.58,7.0,6.82,1.0,0.1,0.13,0.13,0.57,0.59,0.57
84757648476892,2025,Fowler-Parayko,STL,pairing,5on5,6,5433.0,8.0,0.63,0.55,0.53,48.36,5.13,3.24,11.76,1.59,25.92,18.35,4.71,4.94,4.53,39.0,27.0,27.0,93.0,2.0,8.0,1.0,6.0,0.0,27.0,23.0,37.0,64.0,3.0,6.0,46.0,37.0,7.0,21.0,44.0,16.0,6.0,1.11,2.25,1.77,0.0,1.0,1.0,91.61,66.0,65.7,8.0,0.67,1.82,1.75,4.06,3.92,3.75,42.13,3.06,2.52,11.03,1.43,23.18,17.77,2.95,3.04,2.94,43.0,16.0,17.0,76.0,4.0,1.0,0.0,10.0,0.0,25.0,19.0,39.0,55.0,5.0,10.0,42.0,33.0,10.0,31.0,48.0,8.0,3.0,1.38,0.98,0.7,4.0,0.0,0.0,75.79,59.0,58.69,18.0,0.52,0.21,0.21,3.37,3.37,3.27
84799838480043,2025,Ferraro-Liljegren,SJS,pairing,5on5,3,1622.0,15.0,0.47,0.37,0.34,7.67,0.8,0.58,1.84,0.26,4.6,2.93,0.79,0.79,0.79,10.0,1.0,9.0,20.0,1.0,1.0,1.0,0.0,0.0,5.0,4.0,9.0,10.0,1.0,2.0,9.0,10.0,2.0,7.0,8.0,1.0,2.0,0.19,0.1,0.51,0.0,0.0,1.0,20.06,11.0,11.17,3.0,0.12,0.31,0.31,0.61,0.6,0.6,15.55,0.89,0.94,4.6,0.51,8.16,5.91,0.86,0.91,0.88,11.0,10.0,13.0,34.0,0.0,1.0,0.0,2.0,0.0,11.0,7.0,11.0,21.0,1.0,2.0,13.0,11.0,1.0,5.0,17.0,4.0,0.0,0.37,0.52,0.0,0.0,0.0,0.0,33.6,21.0,20.69,2.0,0.2,0.04,0.04,1.05,1.06,1.03
84774958478055,2025,Forsling-Jones,FLA,pairing,5on5,6,685.0,41.0,0.46,0.62,0.6,6.79,0.39,0.4,1.66,0.2,3.58,2.77,0.38,0.38,0.38,6.0,3.0,4.0,13.0,1.0,0.0,0.0,0.0,0.0,4.0,4.0,5.0,8.0,1.0,2.0,2.0,5.0,0.0,0.0,7.0,2.0,0.0,0.19,0.19,0.0,1.0,0.0,0.0,12.64,9.0,8.89,0.0,0.08,0.0,0.0,0.47,0.46,0.45,4.35,0.45,0.27,0.98,0.14,2.47,1.68,0.43,0.47,0.44,3.0,3.0,2.0,8.0,1.0,1.0,0.0,0.0,0.0,2.0,2.0,2.0,5.0,4.0,8.0,4.0,5.0,0.0,3.0,4.0,2.0,0.0,0.13,0.32,0.0,1.0,0.0,0.0,8.42,6.0,6.2,1.0,0.06,0.16,0.16,0.35,0.36,0.36
84754628481605,2025,Lacombe-Gudas,ANA,pairing,5on5,6,3722.0,18.0,0.43,0.55,0.55,28.47,1.97,1.81,7.95,1.01,16.39,11.89,1.9,1.96,1.9,26.0,15.0,26.0,67.0,1.0,1.0,0.0,6.0,0.0,15.0,18.0,25.0,40.0,5.0,10.0,30.0,32.0,5.0,17.0,34.0,5.0,2.0,0.76,0.65,0.56,0.0,0.0,1.0,65.42,41.0,40.01,8.0,0.37,0.19,0.19,2.15,2.15,2.08,23.35,2.65,1.75,5.62,0.84,13.14,8.99,2.59,2.76,2.69,20.0,13.0,21.0,54.0,3.0,2.0,1.0,6.0,1.0,12.0,9.0,17.0,30.0,4.0,8.0,38.0,17.0,3.0,18.0,18.0,14.0,1.0,0.65,1.67,0.34,1.0,2.0,0.0,55.88,33.0,34.25,9.0,0.37,0.45,0.45,2.58,2.65,2.6
84764738482176,2025,Kaiser-Murphy,CHI,pairing,5on5,6,1282.0,36.0,0.43,0.6,0.62,9.14,0.43,0.48,2.51,0.31,5.32,3.94,0.43,0.42,0.42,8.0,5.0,5.0,18.0,0.0,1.0,0.0,1.0,0.0,5.0,6.0,8.0,13.0,1.0,2.0,10.0,9.0,3.0,4.0,12.0,1.0,0.0,0.3,0.13,0.0,0.0,0.0,0.0,18.22,13.0,13.11,3.0,0.1,0.03,0.03,0.49,0.49,0.49,6.01,0.57,0.32,1.57,0.2,3.11,2.23,0.55,0.57,0.55,5.0,3.0,4.0,12.0,0.0,1.0,0.0,1.0,0.0,5.0,1.0,5.0,8.0,2.0,4.0,7.0,10.0,0.0,8.0,6.0,1.0,1.0,0.1,0.14,0.33,0.0,0.0,0.0,11.68,8.0,7.7,4.0,0.07,0.33,0.33,0.31,0.31,0.31
84827628484223,2025,Edvinsson-Sandin-Pellikka,DET,pairing,5on5,6,5586.0,11.0,0.39,0.5,0.51,40.94,3.05,2.58,10.96,1.4,23.46,16.55,3.02,2.92,2.89,34.0,24.0,30.0,88.0,2.0,2.0,0.0,9.0,0.0,21.0,24.0,32.0,56.0,7.0,14.0,43.0,36.0,10.0,24.0,45.0,11.0,2.0,1.29,1.22,0.55,2.0,0.0,0.0,85.04,58.0,56.31,9.0,0.54,0.24,0.24,3.35,3.2,3.16,41.78,4.73,2.78,10.78,1.42,20.41,14.88,4.17,4.73,4.17,35.0,20.0,33.0,88.0,4.0,8.0,0.0,10.0,0.0,20.0,13.0,31.0,51.0,8.0,16.0,46.0,55.0,5.0,26.0,40.0,7.0,8.0,1.39,1.08,2.26,3.0,0.0,1.0,90.03,55.0,54.6,11.0,0.59,1.69,1.69,3.63,3.67,3.42
847515184774078478445,2025,Duclair-Barzal-Palmieri,NYI,line,5on5,4,2839.0,5.0,0.35,0.49,0.46,22.16,1.59,1.47,5.35,0.74,12.54,9.3,1.55,1.55,1.51,21.0,10.0,13.0,44.0,2.0,3.0,1.0,8.0,0.0,7.0,11.0,19.0,29.0,2.0,4.0,11.0,10.0,1.0,13.0,21.0,9.0,1.0,0.48,0.89,0.23,1.0,0.0,1.0,42.96,31.0,30.51,5.0,0.3,0.32,0.32,1.57,1.53,1.51,27.0,2.98,2.1,6.11,0.87,14.47,9.47,2.78,3.02,2.82,24.0,12.0,10.0,46.0,0.0,4.0,0.0,4.0,0.0,15.0,13.0,24.0,36.0,1.0,2.0,35.0,11.0,0.0,14.0,19.0,14.0,3.0,0.6,1.73,0.66,0.0,0.0,0.0,46.58,36.0,36.46,3.0,0.43,0.64,0.64,2.77,2.83,2.76
84810568482111,2025,Stastney-Barron,NSH,pairing,5on5,7,4924.0,21.0,0.46,0.56,0.55,41.88,3.15,2.74,10.67,1.5,23.96,16.99,3.08,3.14,3.06,31.0,28.0,23.0,82.0,2.0,4.0,0.0,8.0,0.0,25.0,20.0,29.0,57.0,4.0,8.0,37.0,22.0,6.0,33.0,44.0,12.0,3.0,1.12,1.32,0.71,0.0,2.0,0.0,81.12,59.0,58.52,16.0,0.56,0.16,0.16,3.55,3.54,3.47,35.74,3.67,2.38,8.55,1.13,18.52,13.76,3.58,3.71,3.63,38.0,10.0,17.0,65.0,4.0,4.0,1.0,8.0,0.0,18.0,14.0,34.0,44.0,7.0,14.0,40.0,38.0,6.0,19.0,31.0,13.0,4.0,0.74,1.64,1.28,1.0,1.0,2.0,66.52,48.0,48.71,12.0,0.5,1.15,1.15,3.02,3.03,2.99
84768858482803,2025,Zellweger-Trouba,ANA,pairing,5on5,6,4849.0,9.0,0.62,0.61,0.58,56.81,5.88,3.96,14.4,2.08,28.68,21.0,5.49,6.0,5.61,48.0,28.0,33.0,109.0,5.0,9.0,1.0,12.0,0.0,30.0,20.0,43.0,71.0,4.0,17.0,42.0,34.0,5.0,19.0,49.0,22.0,5.0,1.42,3.13,1.33,1.0,2.0,2.0,108.42,76.0,76.12,7.0,0.83,1.86,1.67,5.04,5.12,5.01,40.03,3.6,2.7,11.39,1.4,20.43,14.48,3.35,3.69,3.43,39.0,15.0,17.0,71.0,3.0,6.0,0.0,7.0,0.0,21.0,17.0,36.0,51.0,9.0,27.0,35.0,44.0,6.0,28.0,41.0,8.0,5.0,1.26,1.01,1.33,1.0,1.0,1.0,72.89,54.0,55.59,16.0,0.58,1.14,1.14,3.04,3.11,3.03
847688984794148484829,2025,Hryckowian-Faksa-Bastian,DAL,line,5on5,4,772.0,24.0,0.34,0.37,0.42,3.71,0.34,0.21,1.19,0.12,1.81,1.33,0.33,0.39,0.38,3.0,2.0,2.0,7.0,0.0,1.0,0.0,1.0,0.0,2.0,1.0,3.0,5.0,2.0,4.0,8.0,11.0,0.0,6.0,3.0,2.0,0.0,0.07,0.26,0.0,0.0,0.0,0.0,7.85,5.0,5.61,5.0,0.05,0.15,0.15,0.23,0.26,0.26,5.36,0.66,0.28,1.43,0.18,2.38,2.07,0.66,0.63,0.63,6.0,1.0,5.0,12.0,0.0,0.0,0.0,2.0,0.0,5.0,0.0,6.0,7.0,1.0,2.0,5.0,13.0,4.0,2.0,5.0,0.0,2.0,0.23,0.0,0.44,0.0,0.0,0.0,11.42,7.0,6.77,1.0,0.06,0.0,0.0,0.72,0.69,0.69
847842084784498480027,2025,Robertson-Hintz-Rantanen,DAL,line,5on5,6,1405.0,43.0,0.42,0.39,0.46,8.09,0.62,0.49,1.78,0.24,4.42,3.44,0.62,0.67,0.66,9.0,2.0,3.0,14.0,3.0,0.0,0.0,0.0,0.0,3.0,5.0,6.0,8.0,2.0,6.0,12.0,9.0,1.0,8.0,9.0,2.0,0.0,0.37,0.26,0.0,3.0,0.0,0.0,15.14,11.0,11.82,3.0,0.1,0.0,0.0,0.72,0.77,0.77,9.75,0.85,0.62,2.33,0.28,5.14,3.77,0.85,0.8,0.8,8.0,5.0,9.0,22.0,0.0,0.0,0.0,2.0,0.0,8.0,3.0,8.0,13.0,3.0,6.0,15.0,18.0,4.0,5.0,9.0,3.0,1.0,0.29,0.33,0.22,0.0,0.0,0.0,20.73,13.0,12.57,3.0,0.13,0.0,0.0,0.98,0.92,0.92
84821318484321,2025,Sebrango-Matinpalo,OTT,pairing,5on5,2,1503.0,5.0,0.4,0.49,0.45,6.54,0.33,0.31,1.67,0.2,3.49,3.01,0.33,0.32,0.32,5.0,4.0,11.0,20.0,0.0,0.0,0.0,2.0,0.0,1.0,6.0,5.0,9.0,1.0,5.0,11.0,15.0,4.0,8.0,7.0,2.0,0.0,0.11,0.21,0.0,0.0,0.0,0.0,19.04,9.0,8.63,3.0,0.06,0.0,0.0,0.39,0.38,0.38,7.77,0.49,0.43,2.17,0.27,4.56,3.07,0.48,0.49,0.48,11.0,0.0,10.0,21.0,1.0,2.0,0.0,1.0,0.0,5.0,2.0,10.0,10.0,2.0,7.0,8.0,27.0,1.0,5.0,8.0,3.0,0.0,0.22,0.27,0.0,1.0,0.0,0.0,22.06,11.0,11.28,1.0,0.09,0.11,0.11,0.48,0.48,0.46
847360484801138482787,2025,Iafallo-Toews-Chibrikov,WPG,line,5on5,3,827.0,10.0,0.39,0.38,0.32,4.34,0.38,0.28,1.14,0.14,2.44,1.62,0.37,0.37,0.37,3.0,3.0,5.0,11.0,0.0,0.0,0.0,0.0,0.0,2.0,4.0,3.0,6.0,0.0,0.0,9.0,9.0,2.0,8.0,4.0,2.0,0.0,0.12,0.25,0.0,0.0,0.0,0.0,10.43,6.0,6.01,4.0,0.06,0.0,0.0,0.44,0.43,0.43,9.19,0.59,0.58,2.32,0.29,5.33,3.88,0.59,0.65,0.64,8.0,5.0,5.0,18.0,1.0,1.0,0.0,2.0,0.0,1.0,8.0,7.0,12.0,1.0,2.0,5.0,12.0,2.0,3.0,11.0,2.0,0.0,0.33,0.26,0.0,1.0,0.0,0.0,18.48,13.0,13.37,3.0,0.12,0.15,0.15,0.56,0.6,0.6
848274584834458484762,2025,Gauthier-Mctavish-Sennecke,ANA,line,5on5,6,4068.0,10.0,0.69,0.64,0.63,51.23,5.62,3.65,12.75,1.77,25.48,18.73,5.21,5.65,5.24,44.0,24.0,33.0,101.0,3.0,8.0,0.0,7.0,0.0,30.0,20.0,41.0,65.0,6.0,12.0,34.0,35.0,4.0,17.0,43.0,19.0,6.0,1.24,2.72,1.66,1.0,0.0,2.0,98.69,68.0,66.53,7.0,0.76,1.72,1.72,4.66,4.68,4.57,28.19,2.56,1.95,6.54,0.96,16.46,11.52,2.35,2.66,2.43,25.0,15.0,18.0,58.0,1.0,1.0,0.0,8.0,0.0,13.0,17.0,24.0,39.0,3.0,6.0,35.0,38.0,3.0,24.0,28.0,11.0,1.0,1.02,1.32,0.22,1.0,0.0,0.0,59.72,40.0,41.41,19.0,0.4,0.22,0.22,2.75,2.84,2.67
84769028480036,2025,Heiskanen-Lindell,DAL,pairing,5on5,6,4162.0,10.0,0.57,0.5,0.55,34.44,3.03,2.23,8.88,1.07,18.16,12.63,2.92,3.12,2.99,32.0,14.0,13.0,59.0,3.0,3.0,1.0,6.0,0.0,17.0,17.0,29.0,43.0,5.0,10.0,40.0,28.0,5.0,19.0,33.0,10.0,3.0,1.02,1.12,0.89,1.0,1.0,1.0,60.59,46.0,46.66,11.0,0.47,0.77,0.77,2.73,2.79,2.73,27.51,2.28,1.69,6.69,0.88,14.4,11.07,2.18,2.28,2.18,24.0,13.0,23.0,60.0,1.0,3.0,0.0,3.0,0.0,15.0,15.0,23.0,36.0,9.0,18.0,29.0,31.0,10.0,19.0,29.0,6.0,2.0,1.02,0.59,0.66,1.0,0.0,0.0,59.65,37.0,36.92,8.0,0.35,0.69,0.69,1.93,1.92,1.89
847353384769218477478,2025,Carrier-Staal-Martinook,CAR,line,5on5,6,3425.0,15.0,0.59,0.61,0.59,33.83,3.19,2.15,9.03,1.12,17.92,12.59,2.98,3.32,3.11,29.0,17.0,30.0,76.0,4.0,5.0,0.0,7.0,0.0,22.0,8.0,25.0,42.0,4.0,8.0,58.0,35.0,4.0,16.0,31.0,11.0,4.0,0.78,1.33,1.08,2.0,2.0,0.0,78.86,46.0,47.91,8.0,0.45,1.07,1.07,2.57,2.7,2.63,23.38,2.22,1.46,6.1,0.84,11.95,9.44,2.19,2.15,2.11,24.0,8.0,16.0,48.0,0.0,2.0,0.0,3.0,0.0,17.0,10.0,24.0,32.0,6.0,12.0,33.0,29.0,1.0,19.0,22.0,8.0,2.0,0.6,1.17,0.45,0.0,0.0,0.0,46.56,32.0,31.19,10.0,0.31,0.05,0.05,2.48,2.4,2.37
847854284800038482713,2025,Boqvist-Rodrigues-Samoskevich,FLA,line,5on5,7,3036.0,31.0,0.46,0.53,0.5,20.41,1.71,1.24,5.3,0.66,10.57,7.51,1.64,1.77,1.69,21.0,6.0,14.0,41.0,1.0,2.0,0.0,6.0,0.0,5.0,13.0,20.0,26.0,6.0,12.0,23.0,38.0,3.0,11.0,20.0,5.0,2.0,0.61,0.61,0.49,0.0,1.0,0.0,42.27,27.0,27.62,4.0,0.26,0.35,0.35,1.62,1.67,1.65,20.6,1.99,1.38,4.85,0.62,10.28,7.89,1.97,1.98,1.96,17.0,10.0,10.0,37.0,0.0,2.0,0.0,3.0,1.0,12.0,9.0,17.0,27.0,4.0,8.0,32.0,23.0,6.0,14.0,19.0,5.0,3.0,0.51,0.73,0.76,0.0,0.0,0.0,36.23,27.0,26.53,5.0,0.29,0.53,0.53,1.74,1.73,1.72
848074884826918483395,2025,Bains-Raty-Sherwood,VAN,line,5on5,2,840.0,5.0,0.79,0.64,0.65,8.29,0.68,0.45,2.63,0.3,4.02,2.92,0.64,0.63,0.59,7.0,4.0,5.0,16.0,1.0,2.0,0.0,2.0,0.0,6.0,0.0,6.0,10.0,0.0,0.0,5.0,14.0,1.0,9.0,8.0,2.0,1.0,0.25,0.22,0.21,1.0,0.0,0.0,14.83,11.0,10.21,1.0,0.09,0.3,0.3,0.48,0.44,0.42,4.15,0.19,0.2,1.26,0.15,2.42,1.79,0.19,0.2,0.2,5.0,1.0,3.0,9.0,0.0,0.0,0.0,0.0,0.0,2.0,4.0,5.0,6.0,0.0,0.0,6.0,10.0,0.0,3.0,5.0,1.0,0.0,0.09,0.1,0.0,0.0,0.0,0.0,9.43,6.0,6.32,2.0,0.04,0.0,0.0,0.23,0.24,0.24
847646984779428482124,2025,Fiala-Byfield-Armia,LAK,line,5on5,6,2270.0,26.0,0.48,0.53,0.55,23.03,1.7,1.47,5.51,0.76,13.39,10.17,1.67,1.7,1.67,24.0,9.0,8.0,41.0,2.0,1.0,1.0,4.0,0.0,12.0,14.0,22.0,31.0,3.0,6.0,14.0,15.0,8.0,12.0,27.0,5.0,1.0,0.78,0.67,0.25,1.0,1.0,0.0,40.69,33.0,32.82,7.0,0.3,0.01,0.01,1.98,1.98,1.95,19.17,1.84,1.39,4.77,0.65,10.97,7.37,1.79,1.92,1.85,17.0,10.0,9.0,36.0,1.0,3.0,0.0,3.0,0.0,7.0,13.0,16.0,26.0,1.0,2.0,26.0,14.0,4.0,9.0,16.0,9.0,2.0,0.36,1.07,0.41,0.0,1.0,0.0,37.55,27.0,27.68,4.0,0.29,0.33,0.33,1.81,1.86,1.83
84779388480145,2025,Fleury-Pionk,WPG,pairing,5on5,5,1450.0,22.0,0.18,0.46,0.36,6.45,0.28,0.35,1.75,0.2,3.67,2.75,0.28,0.26,0.26,3.0,6.0,9.0,18.0,0.0,0.0,0.0,0.0,0.0,3.0,6.0,3.0,9.0,2.0,4.0,14.0,13.0,2.0,7.0,9.0,0.0,0.0,0.28,0.0,0.0,0.0,0.0,0.0,16.84,9.0,8.54,0.0,0.07,0.0,0.0,0.35,0.33,0.33,12.39,1.27,0.86,3.12,0.4,6.14,4.2,1.19,1.36,1.28,10.0,6.0,5.0,21.0,2.0,2.0,1.0,2.0,0.0,6.0,4.0,8.0,14.0,3.0,6.0,7.0,15.0,3.0,10.0,11.0,4.0,1.0,0.46,0.42,0.39,1.0,0.0,1.0,21.91,16.0,16.75,5.0,0.18,0.41,0.41,1.04,1.1,1.08
847571484784628478904,2025,Lorentz-Roy-Jarnkrok,TOR,line,5on5,3,660.0,20.0,0.53,0.28,0.31,3.17,0.55,0.24,0.72,0.08,1.48,0.95,0.54,0.56,0.55,3.0,1.0,3.0,7.0,2.0,0.0,0.0,0.0,0.0,2.0,0.0,1.0,2.0,0.0,0.0,5.0,8.0,0.0,3.0,2.0,1.0,1.0,0.05,0.18,0.32,0.0,1.0,1.0,6.87,4.0,3.96,2.0,0.05,0.0,0.0,0.59,0.61,0.6,6.12,0.49,0.4,1.46,0.21,3.8,2.64,0.47,0.52,0.49,5.0,4.0,9.0,18.0,0.0,0.0,0.0,1.0,0.0,5.0,3.0,5.0,9.0,1.0,2.0,6.0,10.0,0.0,4.0,7.0,1.0,1.0,0.19,0.09,0.2,0.0,0.0,0.0,19.47,9.0,9.69,1.0,0.08,0.0,0.0,0.57,0.61,0.58
84747168478136,2025,Middleton-Spurgeon,MIN,pairing,5on5,6,2680.0,19.0,0.35,0.41,0.45,17.79,1.24,1.04,4.02,0.57,9.55,7.58,1.23,1.27,1.26,17.0,7.0,8.0,32.0,0.0,0.0,0.0,3.0,0.0,10.0,11.0,17.0,24.0,3.0,11.0,28.0,20.0,2.0,15.0,19.0,4.0,1.0,0.52,0.48,0.24,0.0,0.0,0.0,32.28,24.0,23.96,8.0,0.21,0.0,0.0,1.45,1.48,1.47,21.55,2.29,1.45,5.21,0.72,11.21,8.12,2.23,2.26,2.2,20.0,9.0,17.0,46.0,3.0,2.0,1.0,6.0,0.0,11.0,7.0,17.0,26.0,6.0,15.0,30.0,18.0,3.0,14.0,18.0,8.0,3.0,0.46,0.92,0.92,2.0,1.0,0.0,46.31,29.0,28.99,7.0,0.31,0.41,0.41,2.19,2.15,2.14
847646084783988480014,2025,Connor-Scheifele-Vilardi,WPG,line,5on5,6,4166.0,6.0,0.41,0.42,0.41,25.79,2.41,1.77,5.75,0.82,14.93,10.3,2.34,2.47,2.4,28.0,8.0,19.0,55.0,5.0,2.0,0.0,7.0,0.0,9.0,13.0,23.0,31.0,8.0,19.0,29.0,15.0,3.0,22.0,26.0,7.0,3.0,0.88,0.79,0.73,3.0,1.0,1.0,56.92,36.0,37.69,8.0,0.37,0.47,0.47,2.31,2.35,2.3,37.32,3.45,2.53,8.86,1.29,19.61,15.28,3.35,3.42,3.32,40.0,11.0,25.0,76.0,2.0,4.0,1.0,9.0,0.0,23.0,13.0,38.0,49.0,6.0,15.0,36.0,21.0,5.0,27.0,35.0,13.0,3.0,0.96,1.64,0.85,0.0,1.0,1.0,73.72,51.0,49.92,15.0,0.53,0.8,0.8,3.18,3.14,3.11
847646184784398480015,2025,Tippett-Couturier-Konecny,PHI,line,5on5,3,900.0,23.0,0.7,0.71,0.68,11.18,1.03,0.74,3.0,0.39,5.89,3.95,1.02,1.01,1.0,13.0,2.0,7.0,22.0,2.0,0.0,0.0,3.0,0.0,5.0,5.0,11.0,13.0,2.0,7.0,13.0,9.0,2.0,8.0,12.0,1.0,2.0,0.29,0.12,0.62,1.0,0.0,1.0,21.9,15.0,14.88,1.0,0.16,0.0,0.0,1.19,1.16,1.15,5.28,0.43,0.3,1.32,0.19,2.75,2.01,0.43,0.44,0.44,5.0,2.0,2.0,9.0,0.0,1.0,0.0,0.0,0.0,1.0,5.0,5.0,7.0,3.0,9.0,7.0,4.0,0.0,8.0,5.0,1.0,1.0,0.12,0.08,0.23,0.0,0.0,0.0,8.96,7.0,7.12,3.0,0.06,0.23,0.23,0.27,0.28,0.28
847168584779608483808,2025,Kuzmenko-Kopitar-Kempe,LAK,line,5on5,4,2366.0,7.0,0.58,0.54,0.56,19.41,1.52,1.25,4.67,0.61,10.63,8.32,1.51,1.58,1.56,21.0,6.0,17.0,44.0,2.0,0.0,0.0,6.0,0.0,7.0,12.0,19.0,25.0,4.0,8.0,21.0,26.0,5.0,13.0,20.0,7.0,0.0,0.5,1.02,0.0,1.0,1.0,0.0,43.67,27.0,27.05,7.0,0.26,0.0,0.0,1.78,1.84,1.82,15.53,1.11,0.94,4.69,0.52,7.98,5.76,1.04,1.1,1.03,14.0,7.0,17.0,38.0,0.0,3.0,0.0,4.0,0.0,8.0,6.0,14.0,21.0,4.0,8.0,15.0,16.0,4.0,15.0,16.0,5.0,0.0,0.39,0.72,0.0,0.0,0.0,0.0,38.45,21.0,20.78,8.0,0.2,0.34,0.34,0.97,0.96,0.93
84768758478851,2025,Matheson-Carrier,MTL,pairing,5on5,6,842.0,38.0,0.7,0.58,0.57,8.31,0.76,0.52,2.12,0.29,4.81,3.5,0.71,0.77,0.72,8.0,4.0,7.0,19.0,0.0,0.0,0.0,2.0,0.0,8.0,2.0,8.0,12.0,2.0,4.0,9.0,2.0,0.0,1.0,9.0,2.0,1.0,0.23,0.26,0.26,0.0,0.0,0.0,19.0,12.0,12.02,0.0,0.11,0.0,0.0,0.86,0.88,0.82,6.15,0.33,0.45,1.69,0.28,3.54,2.71,0.32,0.33,0.33,6.0,3.0,5.0,14.0,0.0,3.0,0.0,0.0,0.0,2.0,4.0,6.0,9.0,3.0,6.0,3.0,9.0,0.0,1.0,9.0,0.0,0.0,0.33,0.0,0.0,0.0,0.0,0.0,14.25,9.0,9.15,1.0,0.09,0.12,0.12,0.31,0.31,0.31
847698184781338479339,2025,Laine-Evans-Anderson,MTL,line,5on5,5,2178.0,18.0,0.54,0.42,0.37,7.2,0.82,0.48,1.59,0.23,3.94,2.93,0.82,0.8,0.8,4.0,6.0,14.0,24.0,0.0,0.0,0.0,1.0,0.0,3.0,6.0,4.0,10.0,2.0,4.0,21.0,15.0,0.0,12.0,7.0,3.0,0.0,0.33,0.5,0.0,0.0,0.0,0.0,25.11,10.0,9.93,7.0,0.1,0.0,0.0,0.92,0.9,0.9,12.77,0.69,0.69,3.44,0.41,6.78,4.99,0.68,0.69,0.67,11.0,6.0,16.0,33.0,1.0,1.0,0.0,3.0,0.0,5.0,7.0,10.0,16.0,4.0,8.0,10.0,24.0,3.0,12.0,12.0,5.0,0.0,0.24,0.45,0.0,0.0,1.0,0.0,32.48,17.0,16.62,6.0,0.14,0.09,0.09,0.74,0.74,0.73
847410284763938482092,2025,Perron-Greig-Cousins,OTT,line,5on5,1,603.0,2.0,0.98,0.93,0.91,7.24,1.24,0.64,1.71,0.29,3.47,2.64,1.13,1.16,1.06,8.0,2.0,3.0,13.0,1.0,2.0,0.0,2.0,0.0,3.0,2.0,7.0,9.0,0.0,0.0,2.0,7.0,0.0,1.0,4.0,5.0,1.0,0.15,0.83,0.27,1.0,0.0,0.0,11.99,10.0,9.29,0.0,0.14,0.46,0.46,0.92,0.86,0.84,0.75,0.03,0.03,0.2,0.02,0.41,0.31,0.03,0.03,0.03,1.0,0.0,0.0,1.0,0.0,0.0,0.0,0.0,0.0,0.0,1.0,1.0,1.0,0.0,0.0,3.0,4.0,0.0,8.0,1.0,0.0,0.0,0.03,0.0,0.0,0.0,0.0,0.0,1.1,1.0,1.1,6.0,0.01,0.0,0.0,0.04,0.04,0.04
847793484784028479365,2025,Frederic-Mcdavid-Draisaitl,EDM,line,5on5,3,1442.0,13.0,0.91,0.71,0.75,18.43,2.57,1.44,3.72,0.51,8.97,6.78,2.54,2.49,2.46,17.0,7.0,5.0,29.0,0.0,2.0,0.0,2.0,0.0,11.0,9.0,17.0,24.0,1.0,2.0,12.0,10.0,1.0,10.0,13.0,7.0,4.0,0.51,0.9,1.17,0.0,0.0,0.0,29.15,24.0,24.11,4.0,0.3,0.55,0.55,2.33,2.26,2.25,5.81,0.24,0.27,1.32,0.17,3.25,2.75,0.24,0.25,0.25,6.0,2.0,4.0,12.0,0.0,0.0,0.0,2.0,0.0,3.0,3.0,6.0,8.0,4.0,8.0,5.0,18.0,3.0,7.0,8.0,0.0,0.0,0.24,0.0,0.0,0.0,0.0,0.0,12.04,8.0,8.11,5.0,0.05,0.0,0.0,0.3,0.31,0.31
84745908479345,2025,Chychrun-Carlson,WSH,pairing,5on5,7,1700.0,30.0,0.72,0.71,0.69,25.28,2.52,1.58,7.52,0.82,12.03,8.52,2.19,2.47,2.15,20.0,13.0,15.0,48.0,1.0,4.0,0.0,3.0,0.0,10.0,15.0,19.0,32.0,1.0,2.0,16.0,7.0,2.0,10.0,22.0,10.0,1.0,0.74,1.38,0.4,0.0,1.0,0.0,46.35,33.0,32.16,3.0,0.34,0.81,0.81,2.04,2.0,1.82,11.59,0.98,0.57,2.29,0.34,5.44,5.38,0.98,1.02,1.02,10.0,5.0,5.0,20.0,2.0,0.0,0.0,1.0,0.0,6.0,6.0,8.0,13.0,0.0,0.0,14.0,5.0,2.0,12.0,12.0,2.0,1.0,0.34,0.21,0.42,1.0,1.0,0.0,20.69,15.0,15.77,6.0,0.11,0.0,0.0,1.1,1.14,1.14
847572684775058482667,2025,Eklund-Wennberg-Toffoli,SJS,line,5on5,4,2553.0,7.0,0.41,0.54,0.52,21.77,1.57,1.35,5.59,0.77,13.02,9.7,1.55,1.51,1.49,26.0,6.0,18.0,50.0,0.0,2.0,0.0,7.0,0.0,12.0,11.0,26.0,32.0,2.0,4.0,20.0,9.0,3.0,13.0,27.0,3.0,2.0,0.83,0.3,0.44,0.0,0.0,0.0,47.87,32.0,30.82,4.0,0.27,0.33,0.33,1.51,1.46,1.45,22.36,2.29,1.43,5.6,0.73,11.51,8.44,2.2,2.32,2.23,15.0,15.0,13.0,43.0,3.0,2.0,0.0,2.0,0.0,12.0,11.0,12.0,27.0,2.0,4.0,23.0,12.0,1.0,16.0,20.0,8.0,2.0,0.56,1.13,0.6,1.0,2.0,0.0,43.63,30.0,30.35,9.0,0.3,0.42,0.42,2.17,2.22,2.17
84768548479369,2025,Lindholm-Peeke,BOS,pairing,5on5,3,1334.0,11.0,0.33,0.34,0.4,8.75,0.58,0.45,2.7,0.31,4.57,3.39,0.56,0.6,0.59,4.0,8.0,3.0,15.0,0.0,2.0,0.0,1.0,0.0,3.0,6.0,4.0,12.0,1.0,2.0,19.0,11.0,2.0,7.0,10.0,2.0,0.0,0.3,0.28,0.0,0.0,0.0,0.0,15.73,12.0,12.55,3.0,0.1,0.25,0.25,0.42,0.44,0.44,13.23,1.19,0.91,3.77,0.48,6.87,4.77,1.14,1.14,1.09,10.0,8.0,11.0,29.0,2.0,1.0,0.0,3.0,0.0,8.0,4.0,8.0,16.0,1.0,2.0,14.0,8.0,4.0,9.0,11.0,7.0,0.0,0.31,0.88,0.0,0.0,2.0,0.0,28.15,18.0,17.62,5.0,0.2,0.19,0.19,1.2,1.16,1.11
847522084769948477451,2025,Foligno-Hartman-Hinostroza,MIN,line,5on5,2,865.0,5.0,0.44,0.61,0.56,7.43,0.39,0.38,1.95,0.24,3.99,3.05,0.39,0.41,0.41,7.0,3.0,9.0,19.0,0.0,0.0,0.0,1.0,0.0,5.0,4.0,7.0,10.0,1.0,5.0,5.0,7.0,1.0,5.0,9.0,1.0,0.0,0.27,0.12,0.0,0.0,0.0,0.0,19.86,10.0,10.38,2.0,0.08,0.0,0.0,0.47,0.5,0.49,6.12,0.5,0.39,1.38,0.21,3.08,2.44,0.5,0.47,0.47,4.0,4.0,4.0,12.0,0.0,0.0,0.0,1.0,0.0,3.0,4.0,4.0,8.0,2.0,7.0,11.0,8.0,1.0,6.0,6.0,2.0,0.0,0.23,0.27,0.0,0.0,0.0,0.0,11.58,8.0,7.71,5.0,0.08,0.0,0.0,0.58,0.55,0.55
847415084763998482074,2025,Coleman-Backlund-Zary,CGY,line,5on5,2,940.0,3.0,0.66,0.6,0.6,6.97,0.3,0.26,1.68,0.2,3.33,3.23,0.3,0.31,0.31,6.0,3.0,3.0,12.0,0.0,0.0,0.0,2.0,0.0,3.0,4.0,6.0,9.0,1.0,2.0,11.0,11.0,0.0,8.0,7.0,2.0,0.0,0.09,0.21,0.0,0.0,0.0,0.0,12.02,9.0,8.99,5.0,0.05,0.0,0.0,0.35,0.36,0.36,4.57,0.15,0.18,1.13,0.14,2.31,2.08,0.15,0.15,0.15,3.0,3.0,2.0,8.0,1.0,0.0,0.0,0.0,0.0,0.0,5.0,2.0,5.0,2.0,4.0,6.0,8.0,2.0,5.0,6.0,0.0,0.0,0.15,0.0,0.0,1.0,0.0,0.0,8.19,6.0,6.05,3.0,0.04,0.0,0.0,0.18,0.18,0.18
847516984788568480078,2025,Kane-Chytil-Garland,VAN,line,5on5,5,1155.0,45.0,0.44,0.55,0.47,11.49,1.3,0.82,2.6,0.4,6.24,4.64,1.25,1.28,1.24,11.0,5.0,7.0,23.0,1.0,1.0,0.0,3.0,0.0,6.0,5.0,10.0,15.0,3.0,6.0,12.0,9.0,2.0,2.0,11.0,2.0,3.0,0.23,0.32,0.74,0.0,1.0,0.0,22.35,16.0,15.49,2.0,0.17,0.26,0.26,1.21,1.21,1.21,14.44,1.66,0.98,3.2,0.41,6.32,5.44,1.64,1.68,1.67,12.0,6.0,1.0,19.0,0.0,2.0,0.0,1.0,0.0,4.0,11.0,12.0,18.0,0.0,0.0,7.0,8.0,3.0,8.0,10.0,6.0,2.0,0.23,0.8,0.62,0.0,0.0,0.0,20.25,18.0,19.21,4.0,0.21,0.18,0.18,1.68,1.69,1.68
84751888477447,2025,Theodore-Mcnabb,VGK,pairing,5on5,7,6936.0,8.0,0.55,0.52,0.51,54.14,4.0,3.34,13.84,1.75,29.37,21.71,3.91,4.02,3.93,51.0,23.0,46.0,120.0,1.0,3.0,0.0,10.0,0.0,30.0,30.0,50.0,73.0,5.0,10.0,66.0,28.0,9.0,38.0,57.0,15.0,2.0,1.7,1.86,0.44,0.0,0.0,1.0,122.19,74.0,74.7,11.0,0.69,0.27,0.27,4.43,4.44,4.39,50.92,3.25,2.84,12.81,1.71,27.77,21.62,3.22,3.27,3.25,42.0,28.0,40.0,110.0,2.0,1.0,0.0,14.0,0.0,21.0,32.0,40.0,68.0,8.0,16.0,64.0,38.0,6.0,34.0,61.0,5.0,4.0,1.48,0.7,1.06,1.0,0.0,1.0,108.74,70.0,69.84,19.0,0.58,0.41,0.41,3.42,3.46,3.43
847794284821248482155,2025,Fiala-Byfield-Laferriere,LAK,line,5on5,5,1659.0,23.0,0.44,0.47,0.41,11.11,0.69,0.59,3.28,0.37,5.89,4.17,0.69,0.68,0.67,12.0,3.0,12.0,27.0,0.0,1.0,0.0,4.0,0.0,7.0,3.0,12.0,15.0,3.0,6.0,10.0,20.0,4.0,11.0,13.0,1.0,1.0,0.29,0.08,0.32,0.0,0.0,0.0,26.4,15.0,14.6,5.0,0.12,0.32,0.32,0.49,0.49,0.49,16.09,0.89,0.89,4.0,0.48,8.9,6.85,0.88,0.89,0.88,16.0,6.0,8.0,30.0,2.0,0.0,0.0,3.0,0.0,10.0,7.0,14.0,20.0,3.0,6.0,25.0,13.0,1.0,14.0,18.0,4.0,0.0,0.45,0.44,0.0,1.0,1.0,0.0,29.77,22.0,21.83,5.0,0.18,0.0,0.0,1.07,1.07,1.06
84821768483506,2025,Rinzel-Kaiser,CHI,pairing,5on5,7,1243.0,42.0,0.69,0.64,0.65,17.58,1.87,1.27,4.68,0.6,9.26,6.31,1.68,1.86,1.67,13.0,11.0,5.0,29.0,4.0,5.0,2.0,2.0,0.0,6.0,7.0,9.0,20.0,4.0,8.0,9.0,10.0,2.0,5.0,18.0,2.0,4.0,0.53,0.24,1.1,2.0,0.0,2.0,29.41,24.0,24.57,2.0,0.27,0.8,0.8,1.34,1.33,1.24,9.24,0.84,0.55,2.42,0.31,5.23,3.66,0.84,0.8,0.79,6.0,7.0,3.0,16.0,0.0,0.0,0.0,3.0,0.0,7.0,3.0,6.0,13.0,2.0,4.0,10.0,13.0,1.0,6.0,10.0,2.0,1.0,0.24,0.34,0.26,0.0,0.0,0.0,15.56,13.0,12.63,4.0,0.12,0.0,0.0,0.96,0.91,0.91
847749684779568479987,2025,Geekie-Lindholm-Pastrnak,BOS,line,5on5,7,4622.0,9.0,0.43,0.51,0.52,40.08,2.58,2.17,10.61,1.32,20.43,16.89,2.55,2.53,2.51,35.0,19.0,24.0,78.0,1.0,2.0,0.0,4.0,0.0,24.0,23.0,34.0,53.0,7.0,14.0,59.0,49.0,11.0,31.0,44.0,9.0,1.0,1.06,1.28,0.24,1.0,0.0,0.0,77.53,54.0,53.67,10.0,0.46,0.41,0.41,2.62,2.6,2.58,37.03,3.38,2.37,9.79,1.28,19.06,14.13,3.26,3.47,3.34,27.0,23.0,26.0,76.0,3.0,3.0,0.0,8.0,0.0,24.0,12.0,24.0,47.0,10.0,20.0,35.0,37.0,4.0,28.0,36.0,8.0,6.0,0.92,0.92,1.54,2.0,0.0,1.0,76.76,50.0,51.4,9.0,0.5,0.82,0.82,3.05,3.17,3.13
84764738481568,2025,Vlasic-Murphy,CHI,pairing,5on5,6,1067.0,43.0,0.24,0.41,0.4,7.03,0.5,0.43,1.8,0.22,4.21,2.83,0.49,0.54,0.52,7.0,3.0,3.0,13.0,0.0,0.0,0.0,2.0,0.0,4.0,4.0,7.0,10.0,0.0,0.0,7.0,6.0,1.0,5.0,8.0,2.0,0.0,0.24,0.27,0.0,0.0,0.0,0.0,13.37,10.0,10.29,4.0,0.09,0.0,0.0,0.59,0.63,0.61,11.45,1.63,0.79,2.92,0.37,5.45,3.84,1.23,1.62,1.23,8.0,7.0,4.0,19.0,0.0,2.0,0.0,3.0,0.0,6.0,4.0,8.0,15.0,0.0,0.0,5.0,9.0,2.0,7.0,9.0,3.0,3.0,0.25,0.41,0.97,0.0,0.0,0.0,18.53,15.0,14.6,2.0,0.17,0.54,0.97,0.82,0.82,0.79
84795768484806,2025,Desharnais-Dickinson,SJS,pairing,5on5,3,1961.0,8.0,0.66,0.64,0.63,21.18,2.54,1.63,5.25,0.76,11.67,8.15,2.22,2.45,2.14,21.0,9.0,13.0,43.0,2.0,4.0,0.0,8.0,0.0,11.0,5.0,19.0,28.0,0.0,0.0,15.0,21.0,1.0,12.0,19.0,8.0,3.0,0.54,0.99,1.02,1.0,1.0,0.0,41.14,30.0,28.79,5.0,0.34,1.04,1.04,1.84,1.82,1.69,13.99,1.33,0.96,3.47,0.43,6.99,4.83,1.32,1.33,1.32,11.0,7.0,6.0,24.0,2.0,2.0,0.0,3.0,0.0,5.0,6.0,9.0,16.0,2.0,4.0,13.0,9.0,2.0,14.0,14.0,1.0,3.0,0.44,0.09,0.79,1.0,0.0,1.0,25.15,18.0,18.59,11.0,0.2,0.11,0.11,1.41,1.42,1.41
84793728479985,2025,Mahura-Fleury,SEA,pairing,5on5,3,746.0,13.0,0.23,0.11,0.15,1.6,0.24,0.14,0.48,0.05,0.68,0.42,0.24,0.24,0.24,1.0,1.0,0.0,2.0,0.0,0.0,0.0,0.0,0.0,1.0,1.0,1.0,2.0,3.0,9.0,4.0,9.0,0.0,4.0,1.0,0.0,1.0,0.02,0.0,0.22,0.0,0.0,0.0,2.01,2.0,1.99,1.0,0.03,0.0,0.0,0.27,0.27,0.27,8.31,0.81,0.55,1.9,0.21,4.37,3.16,0.8,0.8,0.78,9.0,2.0,5.0,16.0,1.0,0.0,0.0,4.0,0.0,4.0,2.0,8.0,10.0,3.0,9.0,11.0,13.0,1.0,4.0,8.0,1.0,2.0,0.18,0.13,0.5,0.0,1.0,0.0,15.94,11.0,10.76,0.0,0.11,0.0,0.0,0.93,0.91,0.89
84783978480860,2025,Bahl-Andersson,CGY,pairing,5on5,7,5267.0,11.0,0.55,0.51,0.5,45.56,4.26,2.63,11.32,1.53,23.15,18.11,4.09,4.23,4.06,37.0,24.0,28.0,89.0,3.0,3.0,0.0,7.0,0.0,24.0,24.0,34.0,58.0,6.0,15.0,43.0,41.0,12.0,25.0,40.0,17.0,4.0,0.97,2.25,1.04,2.0,0.0,1.0,88.05,61.0,60.49,19.0,0.55,0.67,0.67,4.14,4.11,4.05,44.17,3.54,2.75,11.3,1.41,23.38,17.63,3.5,3.57,3.53,38.0,22.0,27.0,87.0,3.0,5.0,2.0,11.0,0.0,17.0,24.0,35.0,57.0,12.0,27.0,47.0,35.0,6.0,22.0,44.0,13.0,3.0,1.08,1.7,0.76,1.0,2.0,0.0,88.59,60.0,60.68,11.0,0.57,0.94,0.94,3.17,3.22,3.2
84740138477220,2025,Cole-Schmidt,UTA,pairing,5on5,7,658.0,64.0,0.9,0.42,0.56,3.58,0.42,0.2,0.86,0.13,1.87,1.52,0.41,0.42,0.41,4.0,1.0,0.0,5.0,0.0,1.0,0.0,0.0,0.0,2.0,2.0,4.0,5.0,1.0,2.0,4.0,5.0,0.0,4.0,3.0,1.0,1.0,0.06,0.09,0.27,0.0,0.0,0.0,5.02,5.0,4.93,3.0,0.04,0.27,0.27,0.19,0.19,0.19,2.83,0.05,0.11,0.8,0.09,1.64,1.31,0.05,0.05,0.05,2.0,2.0,3.0,7.0,0.0,0.0,0.0,1.0,0.0,2.0,1.0,2.0,4.0,0.0,0.0,5.0,2.0,0.0,1.0,4.0,0.0,0.0,0.05,0.0,0.0,0.0,0.0,0.0,7.29,4.0,4.19,0.0,0.02,0.0,0.0,0.07,0.07,0.07
84745678483460,2025,Bogosian-Jiricek,MIN,pairing,5on5,1,760.0,3.0,0.67,0.5,0.5,8.3,0.84,0.56,1.62,0.24,4.23,3.51,0.8,0.95,0.91,6.0,5.0,3.0,14.0,3.0,0.0,0.0,1.0,0.0,5.0,2.0,3.0,8.0,1.0,2.0,3.0,3.0,0.0,3.0,9.0,0.0,2.0,0.37,0.0,0.47,2.0,0.0,1.0,16.46,11.0,12.43,1.0,0.12,0.0,0.0,0.96,1.08,1.04,7.84,0.41,0.41,2.14,0.3,4.54,3.2,0.41,0.37,0.37,7.0,4.0,3.0,14.0,0.0,0.0,0.0,1.0,0.0,3.0,7.0,7.0,11.0,1.0,2.0,1.0,11.0,4.0,3.0,10.0,0.0,1.0,0.2,0.0,0.21,0.0,0.0,0.0,12.39,11.0,9.97,2.0,0.08,0.0,0.0,0.49,0.44,0.44
84752008482166,2025,Orlov-Mukhamadullin,SJS,pairing,5on5,1,700.0,3.0,0.65,0.52,0.52,8.72,1.41,0.62,2.21,0.36,4.28,3.13,1.24,1.39,1.22,8.0,4.0,1.0,13.0,2.0,4.0,1.0,1.0,0.0,3.0,2.0,6.0,10.0,3.0,6.0,5.0,11.0,0.0,7.0,6.0,3.0,3.0,0.15,0.4,0.85,0.0,1.0,1.0,12.95,12.0,12.06,4.0,0.13,1.04,1.04,0.5,0.49,0.47,8.06,0.74,0.63,1.99,0.27,4.19,3.18,0.74,0.78,0.78,7.0,4.0,1.0,12.0,1.0,0.0,0.0,0.0,0.0,5.0,5.0,6.0,10.0,1.0,2.0,10.0,7.0,0.0,0.0,8.0,3.0,0.0,0.32,0.43,0.0,0.0,1.0,0.0,12.16,11.0,11.14,0.0,0.13,0.0,0.0,0.88,0.91,0.91
847647984779608483808,2025,Kuzmenko-Danault-Kempe,LAK,line,5on5,2,697.0,10.0,0.38,0.5,0.5,5.78,0.48,0.38,1.45,0.19,3.21,2.3,0.47,0.48,0.47,6.0,2.0,3.0,11.0,0.0,1.0,0.0,1.0,0.0,3.0,3.0,6.0,8.0,0.0,0.0,7.0,4.0,0.0,5.0,5.0,3.0,0.0,0.08,0.4,0.0,0.0,0.0,0.0,11.35,8.0,8.24,1.0,0.08,0.13,0.13,0.43,0.42,0.42,6.21,0.78,0.39,1.59,0.21,2.86,2.16,0.74,0.81,0.77,3.0,5.0,3.0,11.0,0.0,1.0,0.0,0.0,0.0,4.0,3.0,3.0,8.0,0.0,0.0,5.0,3.0,0.0,4.0,3.0,5.0,0.0,0.04,0.75,0.0,0.0,0.0,0.0,11.25,8.0,8.15,2.0,0.08,0.18,0.18,0.68,0.7,0.68
847121584775118479638,2025,Mantha-Malkin-Brazeau,PIT,line,5on5,7,4034.0,16.0,0.52,0.47,0.48,36.03,4.96,2.68,8.72,1.21,17.71,12.73,4.63,5.13,4.79,34.0,14.0,17.0,65.0,5.0,7.0,1.0,5.0,0.0,18.0,13.0,29.0,43.0,3.0,6.0,18.0,20.0,3.0,21.0,26.0,16.0,6.0,0.89,2.1,1.97,1.0,2.0,2.0,67.27,48.0,49.69,8.0,0.57,1.71,1.71,3.82,3.94,3.77,39.15,4.54,2.91,9.05,1.23,20.41,14.85,4.27,4.5,4.24,33.0,20.0,20.0,73.0,3.0,5.0,1.0,6.0,0.0,17.0,22.0,30.0,50.0,1.0,2.0,31.0,26.0,4.0,26.0,33.0,15.0,5.0,0.98,1.98,1.58,3.0,0.0,0.0,72.0,53.0,52.59,13.0,0.61,1.33,1.33,3.83,3.85,3.81
84793458480990,2025,Chychrun-Chisholm,WSH,pairing,5on5,2,1524.0,4.0,0.42,0.49,0.5,10.64,0.85,0.65,2.67,0.42,6.19,4.22,0.85,0.86,0.86,10.0,5.0,6.0,21.0,2.0,0.0,0.0,3.0,0.0,4.0,6.0,8.0,13.0,0.0,0.0,11.0,11.0,2.0,11.0,10.0,5.0,0.0,0.22,0.63,0.0,2.0,0.0,0.0,21.7,15.0,15.33,8.0,0.14,0.0,0.0,0.99,1.0,1.0,10.82,1.17,0.65,2.73,0.4,5.8,4.25,1.08,1.13,1.04,7.0,8.0,7.0,22.0,0.0,3.0,0.0,2.0,0.0,7.0,3.0,7.0,15.0,1.0,2.0,13.0,12.0,1.0,6.0,11.0,3.0,1.0,0.39,0.52,0.26,0.0,0.0,0.0,20.9,15.0,14.3,4.0,0.13,0.44,0.44,0.86,0.83,0.81
84745908480796,2025,Fehervary-Carlson,WSH,pairing,5on5,7,4658.0,17.0,0.65,0.63,0.63,53.23,4.98,3.44,13.42,1.86,30.44,21.85,4.86,5.03,4.91,48.0,28.0,32.0,108.0,4.0,8.0,1.0,12.0,0.0,28.0,24.0,44.0,72.0,4.0,8.0,33.0,38.0,8.0,30.0,55.0,19.0,2.0,1.64,2.67,0.67,1.0,2.0,1.0,110.83,76.0,77.15,17.0,0.71,1.08,1.08,4.61,4.67,4.61,33.69,2.74,2.1,9.26,1.16,16.66,13.09,2.46,2.85,2.54,32.0,13.0,19.0,64.0,4.0,5.0,0.0,6.0,0.0,14.0,16.0,28.0,41.0,8.0,18.0,44.0,30.0,4.0,20.0,33.0,8.0,4.0,0.85,0.96,0.92,1.0,2.0,1.0,63.54,45.0,44.79,7.0,0.45,0.56,0.56,2.62,2.69,2.5
847531484764198485702,2025,Lee-Pageau-Shabanov,NYI,line,5on5,4,2108.0,10.0,0.59,0.57,0.59,24.86,2.78,1.76,6.53,0.85,13.17,8.91,2.73,2.75,2.7,21.0,13.0,10.0,44.0,2.0,5.0,0.0,2.0,0.0,14.0,11.0,19.0,32.0,3.0,6.0,17.0,17.0,0.0,11.0,25.0,4.0,5.0,0.75,0.5,1.54,0.0,0.0,2.0,42.38,34.0,32.78,6.0,0.37,1.21,1.21,1.94,1.89,1.88,18.04,1.9,1.21,4.27,0.53,9.2,6.91,1.84,1.96,1.91,17.0,7.0,9.0,33.0,3.0,2.0,0.0,2.0,0.0,11.0,6.0,14.0,21.0,4.0,8.0,15.0,17.0,4.0,9.0,18.0,4.0,2.0,0.67,0.44,0.79,1.0,2.0,0.0,34.17,24.0,24.68,6.0,0.25,0.79,0.79,1.36,1.42,1.37
84784438481122,2025,Benoit-Carlo,TOR,pairing,5on5,7,714.0,43.0,0.16,0.21,0.18,1.3,0.08,0.1,0.29,0.04,0.92,0.57,0.08,0.08,0.08,1.0,1.0,1.0,3.0,1.0,0.0,0.0,0.0,0.0,0.0,1.0,0.0,1.0,1.0,5.0,7.0,5.0,0.0,1.0,2.0,0.0,0.0,0.08,0.0,0.0,1.0,0.0,0.0,3.23,2.0,2.02,1.0,0.02,0.0,0.0,0.1,0.1,0.1,6.99,0.44,0.4,2.07,0.22,3.52,2.35,0.4,0.44,0.4,5.0,4.0,2.0,11.0,0.0,1.0,0.0,2.0,0.0,6.0,0.0,5.0,9.0,2.0,7.0,8.0,2.0,0.0,4.0,7.0,2.0,0.0,0.17,0.27,0.0,0.0,0.0,0.0,10.73,9.0,8.85,0.0,0.08,0.13,0.13,0.4,0.4,0.36
847936584814918483512,2025,Frederic-Philp-Savoie,EDM,line,5on5,2,622.0,16.0,0.58,0.25,0.3,2.23,0.25,0.14,0.52,0.07,1.13,0.9,0.25,0.27,0.27,3.0,0.0,0.0,3.0,0.0,0.0,0.0,0.0,0.0,1.0,2.0,3.0,3.0,0.0,0.0,3.0,5.0,1.0,3.0,2.0,0.0,1.0,0.04,0.0,0.22,0.0,0.0,0.0,3.17,3.0,3.16,3.0,0.03,0.0,0.0,0.28,0.3,0.3,5.13,0.19,0.27,1.62,0.17,2.52,2.23,0.18,0.17,0.17,6.0,1.0,2.0,9.0,1.0,1.0,0.0,3.0,0.0,1.0,1.0,5.0,6.0,1.0,2.0,8.0,6.0,0.0,3.0,7.0,0.0,0.0,0.19,0.0,0.0,1.0,0.0,0.0,8.55,7.0,6.62,0.0,0.06,0.04,0.04,0.2,0.19,0.19
84829648483457,2025,Hutson-Xhekaj,MTL,pairing,5on5,6,1106.0,32.0,0.64,0.62,0.63,10.39,0.87,0.66,2.69,0.35,6.19,4.24,0.86,0.9,0.89,9.0,6.0,6.0,21.0,1.0,1.0,1.0,3.0,0.0,6.0,4.0,8.0,14.0,1.0,5.0,7.0,7.0,2.0,6.0,12.0,2.0,1.0,0.37,0.27,0.23,0.0,0.0,1.0,21.91,15.0,15.59,4.0,0.14,0.23,0.23,0.78,0.79,0.78,6.54,0.5,0.37,1.8,0.21,3.46,2.65,0.5,0.53,0.52,7.0,2.0,4.0,13.0,2.0,1.0,0.0,2.0,0.0,1.0,3.0,5.0,7.0,3.0,9.0,5.0,8.0,1.0,5.0,6.0,3.0,0.0,0.12,0.38,0.0,1.0,1.0,0.0,13.08,9.0,9.37,2.0,0.08,0.14,0.14,0.44,0.45,0.45
84784548481178,2025,Zamula-Juulsen,PHI,pairing,5on5,3,1624.0,8.0,0.55,0.44,0.43,9.15,0.97,0.64,2.3,0.26,4.62,3.21,0.96,0.98,0.97,11.0,1.0,7.0,19.0,2.0,1.0,1.0,1.0,0.0,7.0,1.0,9.0,10.0,2.0,7.0,17.0,16.0,0.0,10.0,9.0,1.0,2.0,0.16,0.13,0.68,0.0,1.0,1.0,19.59,12.0,12.08,5.0,0.14,0.31,0.31,0.79,0.79,0.79,11.98,0.79,0.63,3.38,0.45,6.27,4.48,0.77,0.79,0.77,9.0,7.0,8.0,24.0,1.0,3.0,0.0,1.0,0.0,6.0,5.0,8.0,15.0,3.0,9.0,16.0,14.0,0.0,7.0,12.0,3.0,1.0,0.22,0.34,0.23,1.0,0.0,0.0,24.44,16.0,16.18,4.0,0.13,0.44,0.44,0.48,0.48,0.48
847844484784988480078,2025,Debrusk-Chytil-Boeser,VAN,line,5on5,4,1683.0,26.0,0.67,0.57,0.53,17.44,1.51,1.24,4.66,0.53,8.59,6.46,1.47,1.53,1.49,17.0,6.0,9.0,32.0,0.0,2.0,0.0,4.0,0.0,11.0,6.0,17.0,23.0,1.0,2.0,14.0,10.0,1.0,3.0,18.0,2.0,3.0,0.39,0.26,0.86,0.0,0.0,0.0,32.53,23.0,23.31,1.0,0.26,0.63,0.63,1.14,1.15,1.13,14.53,0.73,0.87,4.04,0.43,8.28,5.66,0.7,0.74,0.71,11.0,9.0,4.0,24.0,0.0,0.0,0.0,2.0,0.0,11.0,7.0,11.0,20.0,0.0,0.0,25.0,11.0,4.0,5.0,18.0,1.0,1.0,0.43,0.09,0.22,0.0,0.0,0.0,23.71,20.0,19.71,4.0,0.18,0.0,0.0,0.91,0.91,0.87
84751818480043,2025,Leddy-Liljegren,SJS,pairing,5on5,1,785.0,1.0,0.24,0.15,0.14,2.36,0.27,0.15,0.53,0.06,1.2,0.8,0.27,0.25,0.25,1.0,2.0,1.0,4.0,1.0,0.0,0.0,0.0,0.0,2.0,0.0,0.0,2.0,0.0,0.0,8.0,9.0,0.0,5.0,2.0,1.0,0.0,0.07,0.2,0.0,1.0,0.0,0.0,3.83,3.0,2.91,2.0,0.03,0.0,0.0,0.3,0.28,0.28,11.79,0.83,0.79,2.72,0.43,7.8,5.43,0.81,0.91,0.9,10.0,8.0,5.0,23.0,1.0,1.0,0.0,3.0,0.0,11.0,2.0,9.0,17.0,3.0,6.0,7.0,3.0,2.0,7.0,16.0,2.0,0.0,0.62,0.21,0.0,1.0,0.0,0.0,25.51,18.0,19.72,0.0,0.16,0.03,0.03,0.96,1.06,1.04
848028984810438484135,2025,Koepke-Barron-Ford,WPG,line,5on5,2,927.0,6.0,0.24,0.41,0.47,4.7,0.23,0.27,1.27,0.16,2.9,2.17,0.23,0.24,0.24,4.0,3.0,2.0,9.0,0.0,0.0,0.0,1.0,0.0,3.0,3.0,4.0,7.0,2.0,4.0,10.0,9.0,2.0,3.0,7.0,0.0,0.0,0.23,0.0,0.0,0.0,0.0,0.0,9.96,7.0,7.56,2.0,0.05,0.0,0.0,0.28,0.3,0.3,5.67,0.71,0.4,1.52,0.21,2.97,2.19,0.69,0.69,0.68,0.0,8.0,5.0,13.0,0.0,0.0,0.0,0.0,0.0,3.0,5.0,0.0,8.0,1.0,2.0,6.0,12.0,1.0,1.0,4.0,4.0,0.0,0.15,0.56,0.0,0.0,0.0,0.0,12.15,8.0,7.55,1.0,0.09,0.0,0.0,0.8,0.78,0.77
847795184793438480855,2025,Schmaltz-Mcbain-Keller,UTA,line,5on5,3,1173.0,19.0,0.5,0.44,0.52,11.57,1.3,0.75,3.1,0.34,5.63,3.88,1.24,1.34,1.27,12.0,3.0,4.0,19.0,1.0,3.0,0.0,5.0,0.0,4.0,2.0,11.0,14.0,2.0,4.0,5.0,4.0,0.0,8.0,11.0,1.0,3.0,0.31,0.14,0.85,0.0,0.0,1.0,18.98,15.0,14.93,2.0,0.16,0.56,0.56,0.9,0.93,0.91,10.6,1.3,0.68,2.69,0.35,5.26,3.74,1.21,1.28,1.2,6.0,8.0,10.0,24.0,1.0,4.0,0.0,0.0,0.0,4.0,5.0,5.0,13.0,0.0,0.0,14.0,11.0,2.0,6.0,9.0,3.0,2.0,0.3,0.45,0.54,1.0,0.0,0.0,24.02,14.0,14.26,5.0,0.14,0.7,0.7,0.73,0.73,0.72
847572684842278484801,2025,Smith-Celebrini-Toffoli,SJS,line,5on5,2,830.0,14.0,0.87,0.6,0.58,8.29,0.88,0.55,1.9,0.27,4.09,3.31,0.86,0.9,0.88,9.0,2.0,4.0,15.0,1.0,0.0,0.0,1.0,0.0,5.0,4.0,8.0,10.0,2.0,4.0,13.0,3.0,1.0,3.0,7.0,2.0,2.0,0.27,0.18,0.43,1.0,0.0,0.0,14.96,11.0,10.97,1.0,0.12,0.0,0.0,0.99,1.01,1.0,6.03,0.13,0.21,1.88,0.19,2.9,2.7,0.13,0.13,0.13,4.0,4.0,2.0,10.0,0.0,0.0,0.0,2.0,0.0,4.0,2.0,4.0,8.0,1.0,2.0,12.0,5.0,1.0,3.0,8.0,0.0,0.0,0.13,0.0,0.0,0.0,0.0,0.0,10.39,8.0,8.29,2.0,0.04,0.0,0.0,0.17,0.17,0.17
84769678477498,2025,Nurse-Kulak,EDM,pairing,5on5,7,1193.0,33.0,0.17,0.44,0.48,8.12,0.29,0.34,1.99,0.23,4.08,4.07,0.26,0.29,0.27,9.0,2.0,4.0,15.0,0.0,0.0,0.0,1.0,0.0,7.0,3.0,9.0,11.0,2.0,4.0,11.0,10.0,0.0,10.0,9.0,2.0,0.0,0.09,0.2,0.0,0.0,0.0,0.0,15.44,11.0,11.31,6.0,0.07,0.0,0.0,0.35,0.36,0.33,9.19,1.4,0.71,2.03,0.31,4.43,3.12,1.29,1.38,1.27,6.0,6.0,7.0,19.0,0.0,2.0,0.0,2.0,0.0,4.0,4.0,6.0,12.0,0.0,0.0,7.0,7.0,1.0,4.0,5.0,5.0,2.0,0.11,0.77,0.52,0.0,0.0,0.0,19.1,12.0,11.93,2.0,0.15,0.46,0.46,1.1,1.09,1.08
847939084817048483690,2025,Parssinen-Laba-Raddysh,NYR,line,5on5,4,1686.0,15.0,0.36,0.41,0.41,9.49,0.68,0.62,2.3,0.29,5.5,3.6,0.67,0.72,0.71,9.0,4.0,6.0,19.0,2.0,0.0,0.0,2.0,0.0,6.0,3.0,7.0,11.0,0.0,0.0,11.0,15.0,2.0,7.0,10.0,3.0,0.0,0.26,0.42,0.0,0.0,2.0,0.0,19.1,13.0,13.14,3.0,0.13,0.0,0.0,0.81,0.85,0.84,13.5,1.19,0.94,3.51,0.44,7.71,5.2,1.14,1.18,1.14,8.0,11.0,8.0,27.0,1.0,1.0,0.0,2.0,0.0,7.0,8.0,7.0,18.0,1.0,2.0,15.0,11.0,0.0,2.0,13.0,4.0,2.0,0.21,0.54,0.44,1.0,0.0,0.0,27.02,19.0,18.75,1.0,0.2,0.23,0.23,1.16,1.17,1.15
847796084821558483808,2025,Kuzmenko-Laferriere-Kempe,LAK,line,5on5,4,872.0,24.0,0.3,0.38,0.31,3.71,0.36,0.24,0.72,0.1,1.99,1.59,0.36,0.36,0.36,4.0,1.0,5.0,10.0,1.0,0.0,0.0,0.0,0.0,2.0,2.0,3.0,4.0,2.0,4.0,4.0,8.0,3.0,7.0,3.0,2.0,0.0,0.08,0.28,0.0,0.0,1.0,0.0,9.59,5.0,5.03,4.0,0.05,0.0,0.0,0.41,0.41,0.41,8.48,0.86,0.42,2.61,0.27,3.76,3.08,0.82,0.96,0.92,7.0,4.0,5.0,16.0,1.0,1.0,0.0,3.0,0.0,5.0,1.0,6.0,10.0,0.0,0.0,16.0,5.0,2.0,5.0,6.0,4.0,1.0,0.14,0.48,0.25,0.0,1.0,0.0,17.76,11.0,12.53,3.0,0.09,0.25,0.25,0.7,0.79,0.74
84768918484783,2025,Grzelcyk-Levshunov,CHI,pairing,5on5,6,1507.0,31.0,0.66,0.47,0.46,8.76,1.35,0.69,2.32,0.27,3.78,2.58,1.23,1.38,1.26,10.0,1.0,4.0,15.0,3.0,1.0,0.0,4.0,0.0,1.0,2.0,7.0,8.0,1.0,2.0,14.0,4.0,2.0,5.0,5.0,3.0,3.0,0.07,0.5,0.78,0.0,1.0,2.0,15.76,11.0,11.26,2.0,0.15,0.18,0.18,1.32,1.35,1.25,9.86,0.69,0.63,2.4,0.3,4.94,4.03,0.69,0.71,0.7,8.0,5.0,4.0,17.0,1.0,1.0,0.0,0.0,0.0,4.0,7.0,7.0,12.0,1.0,2.0,10.0,11.0,0.0,9.0,9.0,4.0,0.0,0.2,0.5,0.0,0.0,1.0,0.0,16.94,13.0,12.97,7.0,0.13,0.17,0.17,0.65,0.66,0.65
847579184807628480829,2025,Robinson-Kotkaniemi-Hall,CAR,line,5on5,2,823.0,8.0,0.74,0.59,0.65,9.7,1.3,0.73,2.13,0.41,4.84,3.59,1.25,1.29,1.24,8.0,5.0,3.0,16.0,3.0,1.0,0.0,0.0,0.0,6.0,3.0,5.0,10.0,0.0,0.0,8.0,9.0,2.0,5.0,7.0,5.0,1.0,0.33,0.69,0.28,1.0,2.0,0.0,16.35,13.0,13.32,3.0,0.16,0.28,0.28,1.18,1.17,1.15,4.44,0.46,0.33,0.97,0.18,2.95,2.11,0.45,0.47,0.46,4.0,3.0,4.0,11.0,1.0,0.0,0.0,0.0,0.0,4.0,2.0,3.0,6.0,1.0,2.0,13.0,11.0,1.0,10.0,5.0,2.0,0.0,0.17,0.29,0.0,1.0,0.0,0.0,11.0,7.0,7.09,4.0,0.07,0.0,0.0,0.53,0.54,0.53
847121484779478478440,2025,Milano-Strome-Ovechkin,WSH,line,5on5,2,657.0,10.0,0.75,0.61,0.56,6.47,0.73,0.42,2.0,0.26,3.31,2.27,0.72,0.76,0.74,6.0,3.0,5.0,14.0,0.0,0.0,0.0,2.0,0.0,4.0,3.0,6.0,9.0,0.0,0.0,7.0,3.0,0.0,6.0,6.0,3.0,0.0,0.31,0.42,0.0,0.0,0.0,0.0,14.15,9.0,9.04,3.0,0.09,0.0,0.0,0.82,0.85,0.84,5.16,0.24,0.33,1.43,0.18,2.87,1.95,0.23,0.22,0.22,5.0,2.0,2.0,9.0,0.0,1.0,0.0,3.0,0.0,2.0,1.0,5.0,7.0,0.0,0.0,6.0,5.0,1.0,4.0,6.0,1.0,0.0,0.14,0.09,0.0,0.0,0.0,0.0,8.56,7.0,6.69,3.0,0.07,0.03,0.03,0.28,0.26,0.26
847645484782338478458,2025,Mangiapane-Nugent-Hopkins-Roslovic,EDM,line,5on5,2,824.0,7.0,0.38,0.47,0.55,4.5,0.26,0.23,1.16,0.13,2.33,1.88,0.26,0.27,0.27,3.0,3.0,3.0,9.0,0.0,0.0,0.0,2.0,0.0,2.0,2.0,3.0,6.0,0.0,0.0,5.0,4.0,0.0,5.0,4.0,2.0,0.0,0.07,0.2,0.0,0.0,0.0,0.0,9.03,6.0,6.15,1.0,0.05,0.0,0.0,0.31,0.33,0.33,3.97,0.43,0.28,0.89,0.12,1.96,1.33,0.43,0.41,0.41,2.0,3.0,5.0,10.0,0.0,0.0,0.0,0.0,0.0,2.0,3.0,2.0,5.0,0.0,0.0,5.0,7.0,1.0,2.0,3.0,2.0,0.0,0.12,0.32,0.0,0.0,0.0,0.0,9.35,5.0,4.59,0.0,0.06,0.0,0.0,0.49,0.46,0.46
84808748482142,2025,Drysdale-Ginning,PHI,pairing,5on5,3,1256.0,15.0,0.51,0.5,0.41,9.09,0.82,0.65,2.25,0.3,5.18,3.8,0.82,0.83,0.83,6.0,7.0,7.0,20.0,0.0,1.0,0.0,2.0,0.0,4.0,6.0,6.0,13.0,2.0,4.0,12.0,5.0,2.0,11.0,11.0,1.0,1.0,0.33,0.19,0.3,0.0,0.0,0.0,20.06,13.0,12.96,5.0,0.13,0.3,0.3,0.65,0.66,0.66,13.57,0.78,0.78,3.44,0.43,7.81,5.76,0.77,0.78,0.77,13.0,6.0,1.0,20.0,0.0,0.0,0.0,5.0,0.0,6.0,8.0,13.0,19.0,2.0,4.0,7.0,9.0,2.0,7.0,16.0,3.0,0.0,0.47,0.31,0.0,0.0,0.0,0.0,19.94,19.0,19.02,4.0,0.16,0.0,0.0,0.94,0.93,0.92
847579884783668478873,2025,Terry-Granlund-Vatrano,ANA,line,5on5,5,1592.0,30.0,0.42,0.38,0.37,12.26,1.1,0.75,3.17,0.43,6.76,4.8,1.1,1.08,1.08,12.0,5.0,7.0,24.0,0.0,0.0,0.0,1.0,0.0,6.0,10.0,12.0,17.0,1.0,2.0,16.0,15.0,1.0,6.0,13.0,2.0,2.0,0.32,0.27,0.51,0.0,0.0,0.0,23.19,17.0,16.56,3.0,0.16,0.0,0.0,1.25,1.23,1.23,20.63,1.55,1.46,4.74,0.69,12.11,8.45,1.5,1.62,1.57,18.0,11.0,10.0,39.0,1.0,2.0,1.0,4.0,0.0,15.0,7.0,17.0,28.0,1.0,2.0,11.0,3.0,0.0,6.0,23.0,6.0,0.0,0.81,0.74,0.0,0.0,1.0,0.0,40.59,29.0,29.95,3.0,0.3,0.12,0.12,1.73,1.8,1.74
84735078484304,2025,Balinskis-Petry,FLA,pairing,5on5,6,3405.0,15.0,0.41,0.41,0.4,23.25,2.14,1.6,6.69,0.79,11.5,8.28,2.09,2.26,2.21,17.0,14.0,14.0,45.0,2.0,4.0,0.0,3.0,0.0,7.0,15.0,15.0,29.0,5.0,10.0,30.0,46.0,2.0,20.0,23.0,6.0,2.0,0.73,0.83,0.57,2.0,0.0,0.0,47.24,31.0,32.28,11.0,0.34,0.42,0.42,2.05,2.15,2.13,35.24,3.05,2.3,8.24,1.1,18.44,13.87,2.97,2.93,2.86,25.0,22.0,17.0,64.0,4.0,2.0,0.0,6.0,0.0,20.0,15.0,21.0,43.0,5.0,10.0,25.0,22.0,10.0,18.0,33.0,14.0,0.0,1.14,1.91,0.0,0.0,4.0,0.0,61.5,47.0,45.41,7.0,0.48,0.18,0.18,3.35,3.22,3.16
84763128484258,2025,Manson-Malinski,COL,pairing,5on5,6,1526.0,32.0,0.49,0.59,0.63,14.13,0.88,0.95,3.99,0.48,8.13,5.56,0.87,0.88,0.86,14.0,6.0,12.0,32.0,1.0,0.0,0.0,3.0,0.0,10.0,6.0,13.0,19.0,4.0,11.0,13.0,15.0,1.0,9.0,16.0,4.0,0.0,0.46,0.43,0.0,1.0,0.0,0.0,33.31,20.0,20.5,5.0,0.2,0.0,0.0,1.08,1.08,1.06,8.99,0.9,0.55,1.95,0.26,4.68,3.66,0.89,0.91,0.9,9.0,3.0,10.0,22.0,0.0,1.0,0.0,4.0,0.0,3.0,4.0,9.0,12.0,4.0,11.0,10.0,15.0,1.0,12.0,8.0,3.0,1.0,0.16,0.46,0.29,0.0,0.0,0.0,21.07,12.0,11.78,4.0,0.11,0.29,0.29,0.73,0.72,0.72
847794684788918484471,2025,Finnie-Larkin-Appleton,DET,line,5on5,5,1660.0,31.0,0.31,0.37,0.36,11.8,1.15,0.81,2.79,0.44,6.93,4.89,1.11,1.14,1.1,14.0,3.0,5.0,22.0,4.0,2.0,0.0,1.0,0.0,6.0,4.0,10.0,13.0,3.0,6.0,17.0,13.0,4.0,8.0,11.0,6.0,0.0,0.36,0.78,0.0,2.0,2.0,0.0,22.26,17.0,17.19,5.0,0.17,0.14,0.14,1.18,1.17,1.15,22.22,2.53,1.43,6.02,0.81,11.11,8.09,1.88,2.5,1.85,21.0,9.0,8.0,38.0,0.0,6.0,0.0,4.0,0.0,11.0,9.0,21.0,30.0,0.0,0.0,14.0,13.0,1.0,5.0,21.0,5.0,4.0,0.59,0.62,1.33,0.0,0.0,0.0,37.2,30.0,28.98,2.0,0.3,1.2,1.2,1.64,1.63,1.25
847579884788738481754,2025,Nesterenko-Granlund-Terry,ANA,line,5on5,1,688.0,1.0,0.51,0.56,0.58,8.46,0.51,0.46,2.12,0.28,3.95,3.69,0.5,0.53,0.53,7.0,4.0,3.0,14.0,0.0,2.0,0.0,0.0,0.0,3.0,6.0,7.0,11.0,0.0,0.0,7.0,1.0,2.0,0.0,9.0,1.0,1.0,0.2,0.09,0.22,0.0,0.0,0.0,14.91,11.0,11.62,0.0,0.09,0.26,0.26,0.34,0.36,0.36,5.62,0.48,0.36,1.6,0.2,3.18,2.17,0.48,0.44,0.44,7.0,1.0,3.0,11.0,1.0,0.0,0.0,0.0,0.0,4.0,3.0,6.0,7.0,0.0,0.0,9.0,1.0,1.0,3.0,6.0,1.0,1.0,0.16,0.09,0.23,0.0,1.0,0.0,10.0,8.0,7.37,2.0,0.08,0.0,0.0,0.56,0.51,0.51
847959184796618483489,2025,Jeannot-Minten-Eyssimont,BOS,line,5on5,7,3270.0,22.0,0.47,0.51,0.52,34.39,2.22,2.16,8.76,1.1,17.3,13.45,2.18,2.18,2.14,28.0,17.0,19.0,64.0,2.0,5.0,1.0,5.0,0.0,16.0,17.0,26.0,43.0,3.0,6.0,34.0,25.0,3.0,12.0,38.0,5.0,2.0,1.15,0.65,0.42,1.0,0.0,1.0,62.0,45.0,43.61,7.0,0.45,0.6,0.6,2.07,2.04,2.02,31.08,2.48,2.0,8.76,1.0,15.53,11.24,2.38,2.61,2.5,28.0,13.0,21.0,62.0,6.0,7.0,2.0,8.0,0.0,10.0,10.0,22.0,35.0,0.0,0.0,30.0,29.0,5.0,18.0,30.0,10.0,1.0,0.89,1.37,0.22,3.0,2.0,1.0,63.75,41.0,42.56,4.0,0.42,1.09,1.09,1.81,1.88,1.83
847575484764558477501,2025,Landeskog-Nelson-Nichushkin,COL,line,5on5,7,3961.0,16.0,0.5,0.59,0.55,39.04,2.94,2.51,10.13,1.33,22.66,16.42,2.82,3.03,2.9,36.0,20.0,26.0,82.0,3.0,2.0,0.0,10.0,0.0,24.0,17.0,33.0,53.0,2.0,4.0,38.0,24.0,5.0,20.0,42.0,13.0,1.0,1.22,1.44,0.28,2.0,1.0,0.0,85.21,56.0,58.09,13.0,0.53,0.46,0.46,3.01,3.07,2.97,33.51,2.96,2.13,8.41,1.04,17.37,13.08,2.78,2.91,2.73,32.0,13.0,13.0,58.0,2.0,5.0,0.0,12.0,0.0,15.0,11.0,30.0,43.0,3.0,6.0,45.0,32.0,2.0,23.0,33.0,8.0,4.0,0.94,1.08,0.94,1.0,1.0,0.0,56.49,45.0,43.85,16.0,0.44,0.93,0.93,2.48,2.43,2.34
847181784766248478874,2025,Goodrow-Gaudette-Reaves,SJS,line,5on5,4,1509.0,14.0,0.27,0.32,0.26,5.96,0.44,0.47,1.54,0.18,3.27,2.1,0.44,0.44,0.43,6.0,2.0,4.0,12.0,1.0,1.0,0.0,1.0,0.0,3.0,2.0,5.0,7.0,3.0,9.0,15.0,27.0,2.0,8.0,6.0,1.0,1.0,0.14,0.1,0.21,0.0,0.0,1.0,11.5,8.0,7.75,4.0,0.09,0.02,0.02,0.51,0.51,0.5,16.73,1.17,1.07,3.94,0.57,9.25,6.99,1.16,1.26,1.25,14.0,9.0,3.0,26.0,3.0,1.0,0.0,2.0,0.0,10.0,7.0,11.0,20.0,1.0,5.0,14.0,8.0,2.0,10.0,20.0,2.0,1.0,0.71,0.24,0.22,2.0,1.0,0.0,27.99,23.0,24.3,5.0,0.22,0.03,0.03,1.37,1.48,1.47
847578484807988484801,2025,Skinner-Celebrini-Kurashev,SJS,line,5on5,1,686.0,2.0,0.28,0.43,0.42,3.29,0.25,0.25,0.74,0.13,2.04,1.59,0.25,0.25,0.25,5.0,0.0,1.0,6.0,1.0,0.0,0.0,0.0,0.0,1.0,3.0,4.0,4.0,1.0,2.0,3.0,4.0,1.0,5.0,4.0,1.0,0.0,0.15,0.09,0.0,1.0,0.0,0.0,5.94,5.0,4.93,1.0,0.05,0.0,0.0,0.29,0.29,0.29,5.22,0.65,0.37,1.34,0.16,2.67,1.83,0.65,0.64,0.63,4.0,3.0,1.0,8.0,1.0,0.0,0.0,1.0,0.0,1.0,4.0,3.0,6.0,1.0,2.0,3.0,4.0,1.0,4.0,5.0,0.0,2.0,0.2,0.0,0.45,0.0,0.0,1.0,8.13,7.0,7.04,2.0,0.08,0.0,0.0,0.73,0.71,0.71
847791984817898483497,2025,Kartye-Gaudreau-Nyman,SEA,line,5on5,4,1530.0,14.0,0.38,0.43,0.46,10.96,0.63,0.64,3.26,0.41,6.58,4.49,0.62,0.63,0.62,9.0,7.0,7.0,23.0,1.0,0.0,0.0,1.0,0.0,7.0,7.0,8.0,15.0,0.0,0.0,11.0,27.0,5.0,5.0,13.0,3.0,0.0,0.33,0.29,0.0,0.0,1.0,0.0,23.39,16.0,16.3,3.0,0.13,0.0,0.0,0.76,0.76,0.75,13.65,1.02,0.82,3.8,0.48,7.53,5.34,1.01,1.01,1.0,13.0,6.0,11.0,30.0,0.0,1.0,0.0,5.0,0.0,9.0,4.0,13.0,19.0,3.0,6.0,15.0,12.0,2.0,8.0,14.0,5.0,0.0,0.33,0.69,0.0,0.0,0.0,0.0,29.68,19.0,18.93,3.0,0.17,0.13,0.13,1.06,1.05,1.04
847591384779648478403,2025,Barbashev-Eichel-Stone,VGK,line,5on5,5,2286.0,24.0,0.6,0.54,0.59,23.75,1.69,1.44,5.66,0.75,12.56,9.89,1.67,1.75,1.72,22.0,10.0,10.0,42.0,5.0,2.0,1.0,4.0,0.0,10.0,11.0,17.0,27.0,1.0,2.0,21.0,10.0,5.0,17.0,27.0,3.0,2.0,0.82,0.38,0.48,2.0,2.0,1.0,43.08,32.0,32.46,3.0,0.29,0.13,0.13,1.85,1.92,1.9,15.94,1.11,0.86,3.99,0.55,8.66,6.82,1.11,1.12,1.11,14.0,8.0,14.0,36.0,3.0,0.0,0.0,4.0,0.0,8.0,7.0,11.0,19.0,3.0,6.0,25.0,9.0,2.0,6.0,17.0,4.0,1.0,0.37,0.52,0.23,2.0,1.0,0.0,35.71,22.0,22.12,2.0,0.18,0.0,0.0,1.29,1.3,1.29
847744684793708482062,2025,Jost-Mccarron-Smith,NSH,line,5on5,4,1557.0,23.0,0.29,0.42,0.44,11.89,0.51,0.64,2.84,0.38,6.33,5.3,0.51,0.5,0.5,12.0,4.0,8.0,24.0,0.0,0.0,0.0,4.0,0.0,5.0,7.0,12.0,16.0,2.0,4.0,12.0,17.0,3.0,8.0,15.0,1.0,0.0,0.41,0.11,0.0,0.0,0.0,0.0,24.07,16.0,16.0,3.0,0.13,0.0,0.0,0.64,0.63,0.62,15.29,1.25,0.96,4.13,0.45,7.81,5.4,1.22,1.24,1.21,11.0,9.0,13.0,33.0,1.0,1.0,0.0,2.0,0.0,13.0,3.0,10.0,19.0,0.0,0.0,14.0,12.0,0.0,6.0,15.0,4.0,1.0,0.38,0.55,0.32,0.0,0.0,1.0,32.07,20.0,19.21,2.0,0.2,0.14,0.14,1.31,1.3,1.28
847398684757988478366,2025,Killorn-Granlund-Vatrano,ANA,line,5on5,3,1043.0,15.0,0.63,0.6,0.67,14.53,0.73,0.93,3.87,0.47,8.24,5.76,0.72,0.75,0.74,17.0,3.0,4.0,24.0,1.0,1.0,0.0,5.0,0.0,7.0,6.0,16.0,19.0,1.0,2.0,9.0,8.0,1.0,4.0,18.0,2.0,0.0,0.37,0.36,0.0,0.0,1.0,0.0,24.08,20.0,20.13,2.0,0.19,0.01,0.01,0.91,0.94,0.93,7.4,0.43,0.43,2.17,0.25,3.92,2.79,0.42,0.42,0.41,7.0,3.0,6.0,16.0,2.0,0.0,0.0,1.0,0.0,3.0,4.0,5.0,8.0,2.0,4.0,13.0,11.0,1.0,9.0,9.0,1.0,0.0,0.26,0.17,0.0,2.0,0.0,0.0,15.96,10.0,10.13,4.0,0.09,0.0,0.0,0.52,0.51,0.5
847847484796198480855,2025,Carcone-Mcbain-Crouse,UTA,line,5on5,5,1665.0,20.0,0.67,0.56,0.62,17.81,2.12,1.21,4.88,0.79,8.79,6.21,2.07,2.09,2.05,14.0,10.0,9.0,33.0,1.0,2.0,0.0,3.0,0.0,9.0,9.0,13.0,23.0,0.0,0.0,12.0,23.0,0.0,8.0,13.0,9.0,2.0,0.33,1.27,0.51,0.0,1.0,0.0,33.2,24.0,23.97,4.0,0.26,0.3,0.3,2.07,2.05,2.04,11.2,1.06,0.72,3.45,0.37,5.58,3.82,0.93,1.04,0.92,10.0,5.0,11.0,26.0,1.0,2.0,0.0,2.0,0.0,5.0,5.0,9.0,14.0,3.0,6.0,20.0,17.0,3.0,7.0,11.0,3.0,1.0,0.27,0.49,0.3,0.0,0.0,1.0,25.8,15.0,14.85,3.0,0.15,0.2,0.2,1.01,1.0,0.89
847418984763938480245,2025,Cousins-Eller-Lycksell,OTT,line,5on5,2,890.0,2.0,0.8,0.61,0.69,8.29,0.63,0.43,2.24,0.29,4.18,3.23,0.6,0.62,0.59,9.0,2.0,8.0,19.0,1.0,1.0,0.0,2.0,0.0,4.0,3.0,8.0,10.0,0.0,0.0,6.0,4.0,2.0,4.0,7.0,4.0,0.0,0.13,0.5,0.0,0.0,1.0,0.0,18.15,11.0,10.61,0.0,0.09,0.14,0.14,0.58,0.57,0.55,3.66,0.15,0.17,0.98,0.11,2.02,1.56,0.15,0.16,0.16,4.0,1.0,7.0,12.0,0.0,0.0,0.0,0.0,0.0,3.0,2.0,4.0,5.0,3.0,6.0,8.0,8.0,3.0,2.0,5.0,0.0,0.0,0.15,0.0,0.0,0.0,0.0,0.0,12.63,5.0,5.26,2.0,0.03,0.0,0.0,0.19,0.2,0.2
847571484780578478462,2025,Joshua-Roy-Jarnkrok,TOR,line,5on5,4,1290.0,23.0,0.43,0.44,0.44,8.69,0.68,0.49,2.09,0.26,5.05,3.42,0.68,0.66,0.66,11.0,1.0,2.0,14.0,0.0,1.0,0.0,3.0,0.0,2.0,6.0,11.0,12.0,3.0,6.0,7.0,9.0,3.0,9.0,10.0,1.0,1.0,0.29,0.13,0.26,0.0,0.0,0.0,14.06,12.0,11.97,3.0,0.1,0.26,0.26,0.53,0.52,0.52,10.88,0.9,0.75,2.66,0.32,6.05,4.31,0.89,0.9,0.89,10.0,5.0,3.0,18.0,4.0,1.0,1.0,2.0,0.0,3.0,5.0,6.0,11.0,0.0,0.0,10.0,8.0,1.0,6.0,12.0,2.0,1.0,0.38,0.26,0.26,3.0,0.0,1.0,17.68,15.0,14.91,1.0,0.15,0.26,0.26,0.79,0.8,0.79
847534384795208482088,2025,Duhaime-Dowd-Sourdif,WSH,line,5on5,7,2707.0,28.0,0.46,0.56,0.51,19.62,1.34,1.08,4.74,0.69,10.31,8.84,1.31,1.39,1.36,19.0,8.0,16.0,43.0,0.0,0.0,0.0,4.0,0.0,11.0,12.0,19.0,27.0,2.0,7.0,21.0,30.0,1.0,10.0,21.0,6.0,0.0,0.43,0.91,0.0,0.0,0.0,0.0,44.57,27.0,28.06,2.0,0.22,0.0,0.0,1.57,1.63,1.58,19.83,1.6,1.12,5.9,0.67,9.65,7.05,1.55,1.63,1.57,15.0,11.0,8.0,34.0,1.0,2.0,0.0,3.0,0.0,14.0,6.0,14.0,25.0,7.0,19.0,27.0,34.0,5.0,22.0,21.0,4.0,1.0,0.64,0.53,0.42,0.0,1.0,0.0,33.51,26.0,25.92,6.0,0.24,0.2,0.2,1.63,1.66,1.61
847645384774048478010,2025,Guentzel-Point-Kucherov,TBL,line,5on5,4,1022.0,28.0,0.29,0.26,0.3,5.87,0.51,0.38,1.27,0.18,3.26,2.4,0.51,0.52,0.52,5.0,3.0,2.0,10.0,1.0,0.0,0.0,1.0,0.0,2.0,4.0,4.0,7.0,1.0,2.0,7.0,2.0,0.0,5.0,6.0,2.0,0.0,0.24,0.27,0.0,1.0,0.0,0.0,10.22,8.0,8.25,2.0,0.08,0.0,0.0,0.59,0.6,0.6,14.15,1.26,0.91,3.38,0.42,7.65,5.38,1.21,1.35,1.3,13.0,6.0,9.0,28.0,4.0,1.0,1.0,1.0,0.0,4.0,9.0,9.0,15.0,1.0,2.0,9.0,6.0,1.0,2.0,13.0,4.0,2.0,0.24,0.5,0.52,1.0,1.0,2.0,28.71,19.0,19.44,0.0,0.19,0.28,0.28,1.17,1.25,1.24
847707084788318479293,2025,Tanev-Stenlund-O'Brien,UTA,line,5on5,3,1245.0,10.0,0.65,0.42,0.52,11.99,1.7,0.7,2.94,0.4,5.76,4.5,1.68,1.66,1.64,11.0,5.0,2.0,18.0,1.0,2.0,0.0,4.0,0.0,4.0,5.0,10.0,15.0,4.0,11.0,10.0,10.0,5.0,13.0,10.0,2.0,4.0,0.3,0.26,1.14,0.0,0.0,1.0,18.17,16.0,16.07,8.0,0.15,0.39,0.39,1.46,1.42,1.42,10.88,0.92,0.64,2.74,0.39,5.61,4.7,0.88,0.94,0.89,10.0,5.0,10.0,25.0,2.0,1.0,0.0,2.0,0.0,5.0,5.0,8.0,13.0,4.0,11.0,17.0,12.0,0.0,7.0,11.0,3.0,1.0,0.29,0.4,0.22,2.0,0.0,0.0,25.52,15.0,15.17,1.0,0.13,0.22,0.22,0.83,0.85,0.85
84808008483768,2025,Hughes-Mancini,VAN,pairing,5on5,4,1130.0,18.0,0.26,0.38,0.38,9.86,0.78,0.69,2.7,0.37,5.3,4.16,0.77,0.81,0.8,8.0,6.0,4.0,18.0,0.0,2.0,0.0,1.0,0.0,7.0,4.0,8.0,14.0,2.0,4.0,10.0,12.0,1.0,2.0,11.0,2.0,1.0,0.33,0.22,0.23,0.0,0.0,0.0,18.66,14.0,14.66,2.0,0.15,0.02,0.02,0.91,0.95,0.93,17.53,2.19,1.24,3.68,0.57,8.95,6.37,1.93,2.1,1.86,19.0,4.0,6.0,29.0,2.0,4.0,0.0,2.0,0.0,8.0,7.0,17.0,21.0,2.0,4.0,5.0,6.0,0.0,3.0,12.0,9.0,2.0,0.43,1.16,0.6,0.0,2.0,0.0,27.84,23.0,22.35,2.0,0.25,0.9,0.9,1.54,1.48,1.43
84799838482861,2025,Ferraro-Iorio,SJS,pairing,5on5,2,901.0,8.0,0.25,0.3,0.32,5.19,0.43,0.31,1.39,0.16,2.73,1.97,0.43,0.43,0.43,5.0,2.0,2.0,9.0,0.0,0.0,0.0,1.0,0.0,3.0,3.0,5.0,7.0,1.0,2.0,8.0,6.0,1.0,9.0,6.0,1.0,0.0,0.26,0.17,0.0,0.0,0.0,0.0,8.49,7.0,6.83,5.0,0.07,0.0,0.0,0.5,0.49,0.49,11.23,1.3,0.59,3.04,0.37,5.57,4.13,1.24,1.27,1.22,8.0,7.0,6.0,21.0,2.0,2.0,0.0,0.0,0.0,6.0,5.0,6.0,13.0,2.0,4.0,8.0,2.0,0.0,5.0,10.0,3.0,2.0,0.26,0.44,0.61,0.0,1.0,1.0,21.13,15.0,15.02,2.0,0.12,0.41,0.41,1.01,1.0,0.99
847518484788738484153,2025,Kreider-Carlsson-Terry,ANA,line,5on5,4,1155.0,20.0,0.6,0.71,0.63,15.1,1.3,1.04,3.96,0.55,8.91,6.24,1.24,1.3,1.25,11.0,11.0,15.0,37.0,0.0,1.0,0.0,2.0,0.0,11.0,8.0,11.0,22.0,0.0,0.0,11.0,3.0,0.0,8.0,17.0,4.0,1.0,0.44,0.51,0.35,0.0,0.0,0.0,36.94,22.0,21.89,4.0,0.22,0.35,0.35,1.16,1.19,1.13,9.68,0.86,0.74,2.14,0.3,5.24,3.71,0.86,0.87,0.86,10.0,3.0,2.0,15.0,1.0,0.0,0.0,1.0,0.0,4.0,7.0,9.0,12.0,1.0,2.0,9.0,8.0,3.0,7.0,8.0,4.0,1.0,0.26,0.39,0.21,0.0,1.0,0.0,15.37,13.0,13.38,3.0,0.15,0.0,0.0,1.02,1.02,1.02
847750384780578481582,2025,Robertson-Domi-Joshua,TOR,line,5on5,2,865.0,7.0,0.47,0.52,0.5,9.52,0.53,0.49,2.75,0.33,4.32,3.59,0.51,0.53,0.51,10.0,2.0,5.0,17.0,0.0,3.0,0.0,3.0,0.0,1.0,5.0,10.0,12.0,0.0,0.0,11.0,11.0,0.0,3.0,9.0,3.0,0.0,0.2,0.33,0.0,0.0,0.0,0.0,17.73,12.0,12.39,2.0,0.11,0.51,0.22,0.41,0.42,0.41,8.74,0.58,0.51,2.41,0.27,4.78,3.46,0.58,0.6,0.59,10.0,2.0,4.0,16.0,1.0,1.0,1.0,2.0,0.0,2.0,6.0,9.0,11.0,0.0,0.0,4.0,7.0,0.0,1.0,10.0,1.0,1.0,0.25,0.1,0.23,0.0,0.0,1.0,15.56,12.0,11.89,0.0,0.1,0.23,0.23,0.46,0.45,0.45
84788518482087,2025,Guhle-Carrier,MTL,pairing,5on5,5,1235.0,21.0,0.51,0.44,0.43,6.62,0.68,0.5,1.51,0.22,3.52,2.57,0.67,0.69,0.68,6.0,3.0,5.0,14.0,0.0,0.0,0.0,3.0,0.0,2.0,4.0,6.0,9.0,3.0,9.0,7.0,11.0,1.0,9.0,6.0,3.0,0.0,0.29,0.4,0.0,0.0,0.0,0.0,14.03,9.0,8.93,3.0,0.1,0.0,0.0,0.78,0.79,0.79,9.28,0.65,0.57,2.3,0.25,4.76,3.47,0.65,0.65,0.65,10.0,2.0,6.0,18.0,1.0,0.0,0.0,2.0,0.0,4.0,5.0,9.0,11.0,4.0,11.0,10.0,13.0,5.0,10.0,9.0,2.0,1.0,0.25,0.18,0.22,1.0,0.0,0.0,18.34,12.0,12.04,3.0,0.12,0.0,0.0,0.77,0.77,0.77
84810068482733,2025,Tucker-Mailloux,STL,pairing,5on5,4,1160.0,20.0,0.33,0.45,0.44,10.13,0.83,0.7,2.49,0.41,5.58,4.01,0.82,0.77,0.76,6.0,8.0,5.0,19.0,0.0,1.0,0.0,5.0,0.0,2.0,6.0,6.0,14.0,2.0,7.0,8.0,16.0,5.0,3.0,11.0,1.0,2.0,0.3,0.1,0.42,0.0,0.0,0.0,17.32,14.0,12.9,1.0,0.15,0.01,0.01,0.96,0.89,0.89,14.12,1.67,1.03,2.9,0.44,6.46,5.5,1.56,1.78,1.67,9.0,9.0,5.0,23.0,4.0,1.0,0.0,0.0,0.0,5.0,8.0,5.0,14.0,2.0,7.0,12.0,7.0,2.0,4.0,9.0,7.0,2.0,0.24,1.01,0.43,2.0,1.0,1.0,25.41,18.0,19.39,0.0,0.22,0.19,0.19,1.7,1.82,1.73
84784688480727,2025,Lauzon-Whitecloud,VGK,pairing,5on5,6,752.0,31.0,0.34,0.42,0.44,4.54,0.24,0.32,1.22,0.19,2.85,2.18,0.24,0.25,0.25,4.0,3.0,1.0,8.0,0.0,1.0,0.0,2.0,0.0,2.0,2.0,4.0,7.0,1.0,2.0,4.0,6.0,1.0,4.0,6.0,1.0,0.0,0.11,0.13,0.0,0.0,0.0,0.0,7.93,7.0,6.94,3.0,0.07,0.01,0.01,0.3,0.31,0.3,6.34,0.47,0.4,1.41,0.2,3.81,2.7,0.45,0.45,0.44,6.0,3.0,2.0,11.0,1.0,0.0,0.0,1.0,0.0,4.0,3.0,5.0,8.0,0.0,0.0,4.0,5.0,0.0,3.0,6.0,3.0,0.0,0.11,0.35,0.0,0.0,1.0,0.0,10.75,9.0,8.89,1.0,0.08,0.0,0.0,0.55,0.54,0.52
84815688481806,2025,Vlasic-Crevier,CHI,pairing,5on5,6,991.0,44.0,0.24,0.41,0.37,7.42,0.51,0.52,1.66,0.23,4.11,2.97,0.51,0.5,0.5,3.0,7.0,3.0,13.0,0.0,0.0,0.0,1.0,0.0,1.0,8.0,3.0,10.0,2.0,4.0,7.0,7.0,2.0,2.0,7.0,3.0,0.0,0.2,0.32,0.0,0.0,0.0,0.0,12.99,10.0,9.97,0.0,0.11,0.0,0.0,0.62,0.6,0.6,13.04,1.59,1.05,3.46,0.43,6.24,4.24,1.42,1.56,1.4,12.0,5.0,2.0,19.0,1.0,3.0,1.0,1.0,0.0,5.0,7.0,11.0,16.0,1.0,2.0,6.0,6.0,3.0,2.0,11.0,3.0,3.0,0.3,0.35,0.95,0.0,0.0,1.0,18.85,17.0,16.81,0.0,0.22,0.95,0.95,0.87,0.87,0.85
847790384837338484779,2025,Grebenkin-Luchanko-Hathaway,PHI,line,5on5,4,1458.0,16.0,0.33,0.45,0.5,7.33,0.64,0.59,2.07,0.31,4.41,2.97,0.61,0.65,0.62,6.0,5.0,4.0,15.0,0.0,1.0,0.0,2.0,0.0,5.0,3.0,6.0,11.0,4.0,11.0,10.0,22.0,1.0,7.0,8.0,3.0,0.0,0.3,0.34,0.0,0.0,0.0,0.0,15.9,11.0,11.33,3.0,0.13,0.01,0.01,0.75,0.77,0.74,8.59,1.28,0.66,1.93,0.26,4.02,2.84,1.22,1.33,1.26,7.0,4.0,7.0,18.0,2.0,1.0,1.0,0.0,0.0,3.0,5.0,5.0,9.0,2.0,7.0,10.0,19.0,2.0,8.0,6.0,3.0,2.0,0.24,0.46,0.58,0.0,1.0,1.0,18.98,11.0,11.66,3.0,0.14,0.36,0.36,1.07,1.09,1.07
84788518481593,2025,Struble-Carrier,MTL,pairing,5on5,3,955.0,11.0,0.58,0.48,0.53,7.49,1.02,0.52,1.88,0.25,3.76,2.57,0.95,0.99,0.92,5.0,5.0,3.0,13.0,0.0,1.0,0.0,1.0,0.0,4.0,4.0,5.0,10.0,1.0,2.0,7.0,7.0,1.0,4.0,5.0,3.0,2.0,0.15,0.41,0.46,0.0,0.0,0.0,12.78,10.0,9.87,3.0,0.11,0.21,0.21,0.92,0.89,0.86,6.93,0.75,0.47,1.83,0.23,3.34,2.39,0.71,0.76,0.72,6.0,3.0,5.0,14.0,0.0,1.0,0.0,0.0,0.0,6.0,2.0,6.0,9.0,0.0,0.0,4.0,6.0,2.0,5.0,5.0,3.0,1.0,0.18,0.33,0.23,0.0,0.0,0.0,13.88,9.0,8.81,4.0,0.1,0.23,0.23,0.62,0.63,0.6
84779488482142,2025,Sanheim-Drysdale,PHI,pairing,5on5,6,703.0,34.0,0.48,0.37,0.38,3.8,0.37,0.23,0.79,0.11,1.94,1.57,0.37,0.38,0.38,4.0,1.0,2.0,7.0,1.0,0.0,0.0,1.0,0.0,0.0,3.0,3.0,4.0,1.0,2.0,3.0,2.0,2.0,3.0,2.0,3.0,0.0,0.05,0.32,0.0,0.0,1.0,0.0,6.98,5.0,4.99,2.0,0.05,0.0,0.0,0.42,0.42,0.42,6.0,0.4,0.32,1.45,0.17,3.22,2.45,0.4,0.43,0.43,6.0,2.0,4.0,12.0,1.0,0.0,0.0,1.0,0.0,2.0,4.0,5.0,7.0,1.0,2.0,1.0,6.0,1.0,1.0,7.0,0.0,1.0,0.18,0.0,0.22,1.0,0.0,0.0,12.23,8.0,8.3,0.0,0.07,0.0,0.0,0.46,0.5,0.5
847121484784408478463,2025,Beauvillier-Strome-Ovechkin,WSH,line,5on5,6,2143.0,32.0,0.79,0.63,0.63,26.28,3.63,1.63,7.22,0.93,13.34,9.24,3.18,3.54,3.1,24.0,12.0,9.0,45.0,4.0,7.0,1.0,4.0,0.0,9.0,12.0,20.0,32.0,2.0,4.0,22.0,19.0,3.0,10.0,21.0,10.0,5.0,0.56,1.36,1.72,2.0,1.0,1.0,44.5,36.0,35.52,2.0,0.35,2.06,2.06,1.92,1.88,1.74,14.89,0.95,0.81,3.68,0.51,8.36,6.7,0.95,1.01,1.01,13.0,8.0,6.0,27.0,0.0,1.0,0.0,2.0,0.0,7.0,11.0,13.0,21.0,1.0,2.0,16.0,7.0,3.0,8.0,19.0,1.0,1.0,0.64,0.08,0.24,0.0,0.0,0.0,27.78,21.0,21.68,5.0,0.16,0.03,0.03,1.09,1.15,1.15
847897584827518483524,2025,Marchment-Wright-Winterton,SEA,line,5on5,5,1461.0,25.0,0.69,0.49,0.52,12.06,1.08,0.75,2.97,0.45,6.24,4.51,1.01,1.11,1.03,8.0,8.0,3.0,19.0,1.0,2.0,1.0,1.0,0.0,6.0,6.0,7.0,15.0,2.0,4.0,11.0,8.0,2.0,12.0,10.0,5.0,1.0,0.29,0.56,0.24,0.0,1.0,0.0,19.01,16.0,16.09,6.0,0.16,0.34,0.34,0.9,0.92,0.89,10.62,0.48,0.64,3.2,0.36,5.96,4.34,0.47,0.47,0.47,9.0,6.0,5.0,20.0,1.0,1.0,0.0,4.0,0.0,5.0,4.0,8.0,14.0,1.0,2.0,16.0,13.0,0.0,10.0,14.0,1.0,0.0,0.37,0.11,0.0,1.0,0.0,0.0,20.04,15.0,14.81,5.0,0.13,0.01,0.01,0.61,0.6,0.58
84774988478013,2025,Nurse-Walman,EDM,pairing,5on5,1,934.0,1.0,0.5,0.25,0.4,4.56,0.37,0.27,1.36,0.13,2.27,1.6,0.37,0.4,0.4,6.0,0.0,0.0,6.0,0.0,0.0,0.0,1.0,0.0,2.0,3.0,6.0,6.0,1.0,2.0,4.0,7.0,0.0,6.0,4.0,1.0,1.0,0.07,0.09,0.22,0.0,0.0,0.0,6.44,6.0,6.41,3.0,0.06,0.0,0.0,0.43,0.46,0.46,6.3,0.38,0.38,1.73,0.22,3.72,2.57,0.37,0.34,0.34,4.0,5.0,9.0,18.0,0.0,1.0,0.0,1.0,0.0,2.0,5.0,4.0,9.0,0.0,0.0,6.0,2.0,0.0,2.0,8.0,1.0,0.0,0.21,0.17,0.0,0.0,0.0,0.0,16.49,9.0,8.15,0.0,0.08,0.04,0.04,0.41,0.38,0.37
847747684774928480039,2025,Lehkonen-Mackinnon-Necas,COL,line,5on5,7,5020.0,7.0,0.66,0.59,0.56,54.65,6.46,3.69,13.22,1.76,27.27,19.6,6.08,6.62,6.23,48.0,24.0,44.0,116.0,8.0,6.0,1.0,10.0,0.0,26.0,22.0,40.0,64.0,6.0,15.0,62.0,19.0,8.0,39.0,41.0,25.0,6.0,1.3,3.43,1.74,4.0,3.0,1.0,119.9,72.0,74.76,18.0,0.78,1.72,1.72,5.52,5.65,5.41,41.04,3.29,2.46,11.54,1.42,21.3,15.99,3.26,3.16,3.13,35.0,21.0,23.0,79.0,1.0,2.0,0.0,9.0,0.0,21.0,23.0,34.0,55.0,9.0,21.0,49.0,31.0,7.0,38.0,44.0,7.0,5.0,1.15,0.86,1.28,1.0,0.0,0.0,76.14,56.0,54.28,22.0,0.52,0.51,0.51,3.3,3.17,3.17
847578484775058482667,2025,Skinner-Wennberg-Eklund,SJS,line,5on5,1,616.0,2.0,0.64,0.75,0.69,7.63,0.3,0.55,1.62,0.21,4.83,3.5,0.3,0.3,0.29,8.0,3.0,4.0,15.0,0.0,0.0,0.0,2.0,0.0,7.0,2.0,8.0,11.0,0.0,0.0,6.0,4.0,0.0,3.0,11.0,0.0,0.0,0.3,0.0,0.0,0.0,0.0,0.0,14.48,11.0,10.6,1.0,0.11,0.0,0.0,0.41,0.41,0.4,4.0,0.17,0.18,0.87,0.11,1.9,1.75,0.17,0.17,0.17,4.0,1.0,0.0,5.0,1.0,0.0,0.0,0.0,0.0,0.0,4.0,3.0,4.0,0.0,0.0,3.0,0.0,0.0,6.0,5.0,0.0,0.0,0.17,0.0,0.0,1.0,0.0,0.0,5.02,5.0,5.06,4.0,0.04,0.0,0.0,0.21,0.21,0.21
847643884769258478434,2025,Saad-Sissons-Kolesar,VGK,line,5on5,3,666.0,14.0,0.1,0.32,0.23,2.2,0.11,0.12,0.64,0.07,1.22,0.84,0.11,0.11,0.11,1.0,2.0,4.0,7.0,0.0,0.0,0.0,0.0,0.0,2.0,1.0,1.0,3.0,3.0,6.0,7.0,0.0,0.0,3.0,3.0,0.0,0.0,0.11,0.0,0.0,0.0,0.0,0.0,7.76,3.0,3.15,0.0,0.02,0.0,0.0,0.14,0.14,0.14,7.64,1.01,0.58,1.49,0.24,3.92,2.77,0.92,0.99,0.9,4.0,6.0,5.0,15.0,0.0,1.0,0.0,0.0,0.0,4.0,5.0,4.0,10.0,2.0,4.0,5.0,4.0,0.0,4.0,6.0,2.0,2.0,0.24,0.26,0.5,0.0,0.0,0.0,14.24,10.0,9.8,2.0,0.12,0.3,0.3,0.83,0.81,0.79
847646184779898484387,2025,Couturier-Dvorak-Michkov,PHI,line,5on5,2,729.0,14.0,0.44,0.43,0.45,6.04,0.46,0.41,1.67,0.24,3.59,2.63,0.44,0.48,0.46,6.0,3.0,1.0,10.0,0.0,1.0,0.0,2.0,0.0,4.0,2.0,6.0,9.0,2.0,4.0,8.0,2.0,1.0,6.0,7.0,2.0,0.0,0.17,0.28,0.0,0.0,0.0,0.0,10.15,9.0,9.14,3.0,0.09,0.01,0.01,0.54,0.56,0.54,8.36,0.57,0.46,1.95,0.25,4.16,3.61,0.57,0.56,0.56,5.0,6.0,2.0,13.0,0.0,0.0,0.0,2.0,0.0,4.0,5.0,5.0,11.0,0.0,0.0,7.0,6.0,0.0,3.0,8.0,3.0,0.0,0.23,0.34,0.0,0.0,0.0,0.0,13.0,11.0,11.02,1.0,0.09,0.0,0.0,0.67,0.65,0.65
847646884778398482109,2025,Sheary-Miller-Lafrenire,NYR,line,5on5,3,1948.0,5.0,0.72,0.61,0.59,19.6,2.18,1.36,5.23,0.69,10.16,7.38,2.1,2.15,2.08,15.0,12.0,13.0,40.0,0.0,2.0,0.0,3.0,0.0,15.0,7.0,15.0,27.0,1.0,2.0,28.0,10.0,2.0,9.0,18.0,5.0,4.0,0.56,0.64,0.98,0.0,0.0,0.0,39.34,27.0,26.57,5.0,0.29,0.51,0.51,1.96,1.94,1.9,13.54,0.84,0.79,3.46,0.43,7.62,5.87,0.82,0.86,0.84,11.0,8.0,7.0,26.0,1.0,2.0,0.0,1.0,0.0,9.0,6.0,10.0,18.0,2.0,4.0,19.0,10.0,1.0,8.0,17.0,2.0,0.0,0.59,0.25,0.0,1.0,0.0,0.0,26.52,19.0,19.49,4.0,0.16,0.24,0.24,0.75,0.76,0.76
847576884800098483524,2025,Schwartz-Wright-Tolvanen,SEA,line,5on5,4,899.0,29.0,0.31,0.39,0.33,5.86,0.24,0.29,1.63,0.18,3.32,2.33,0.24,0.24,0.24,7.0,1.0,7.0,15.0,1.0,0.0,0.0,3.0,0.0,2.0,2.0,6.0,7.0,0.0,0.0,8.0,15.0,0.0,5.0,8.0,0.0,0.0,0.24,0.0,0.0,1.0,0.0,0.0,15.13,8.0,8.13,2.0,0.06,0.0,0.0,0.3,0.3,0.29,11.29,0.55,0.67,3.07,0.4,6.55,4.75,0.54,0.56,0.55,12.0,4.0,7.0,23.0,0.0,2.0,0.0,2.0,0.0,6.0,6.0,12.0,16.0,0.0,0.0,7.0,8.0,1.0,5.0,15.0,1.0,0.0,0.36,0.19,0.0,0.0,0.0,0.0,22.91,16.0,15.99,5.0,0.13,0.2,0.2,0.49,0.5,0.49
84735078475179,2025,Kulikov-Petry,FLA,pairing,5on5,2,991.0,7.0,0.57,0.48,0.45,7.31,0.58,0.47,1.92,0.24,4.02,2.77,0.58,0.56,0.56,7.0,3.0,3.0,13.0,0.0,0.0,0.0,3.0,0.0,3.0,4.0,7.0,10.0,3.0,6.0,14.0,13.0,1.0,7.0,7.0,3.0,0.0,0.12,0.46,0.0,0.0,0.0,0.0,12.67,10.0,9.79,1.0,0.1,0.0,0.0,0.68,0.66,0.66,8.53,0.43,0.45,2.42,0.28,4.66,3.75,0.43,0.44,0.44,9.0,3.0,2.0,14.0,1.0,0.0,0.0,1.0,0.0,2.0,8.0,8.0,11.0,0.0,0.0,6.0,11.0,0.0,4.0,11.0,1.0,0.0,0.3,0.13,0.0,1.0,0.0,0.0,14.28,12.0,12.23,1.0,0.09,0.0,0.0,0.52,0.54,0.54
84794028481167,2025,Bean-Pachal,CGY,pairing,5on5,2,1044.0,6.0,0.45,0.52,0.61,7.41,0.25,0.39,2.36,0.29,4.4,3.3,0.25,0.26,0.26,4.0,7.0,3.0,14.0,0.0,0.0,0.0,1.0,0.0,6.0,4.0,4.0,11.0,3.0,6.0,7.0,13.0,0.0,6.0,11.0,0.0,0.0,0.25,0.0,0.0,0.0,0.0,0.0,14.12,11.0,11.11,5.0,0.08,0.0,0.0,0.33,0.34,0.34,4.72,0.31,0.33,1.56,0.19,2.73,1.87,0.31,0.31,0.31,3.0,4.0,6.0,13.0,1.0,0.0,0.0,2.0,0.0,2.0,2.0,2.0,6.0,0.0,0.0,9.0,6.0,2.0,8.0,6.0,1.0,0.0,0.18,0.13,0.0,1.0,0.0,0.0,13.16,7.0,7.16,1.0,0.07,0.0,0.0,0.38,0.39,0.39
847351284815968482092,2025,Greig-Pinto-Giroux,OTT,line,5on5,4,1533.0,11.0,0.53,0.58,0.5,14.68,1.46,0.95,3.3,0.42,7.09,5.78,1.44,1.45,1.43,14.0,5.0,11.0,30.0,3.0,0.0,0.0,0.0,0.0,7.0,9.0,11.0,16.0,6.0,12.0,18.0,2.0,3.0,9.0,10.0,8.0,1.0,0.2,1.03,0.22,1.0,2.0,0.0,29.27,19.0,18.62,6.0,0.2,0.0,0.0,1.65,1.65,1.63,13.86,1.28,0.97,3.37,0.49,7.38,5.52,1.24,1.31,1.27,13.0,6.0,3.0,22.0,1.0,2.0,0.0,1.0,0.0,8.0,7.0,12.0,18.0,2.0,4.0,10.0,11.0,2.0,9.0,14.0,4.0,1.0,0.52,0.47,0.3,0.0,1.0,0.0,23.08,19.0,19.77,3.0,0.21,0.41,0.41,1.07,1.1,1.09
847643884779648478403,2025,Barbashev-Eichel-Saad,VGK,line,5on5,1,633.0,1.0,0.87,0.64,0.71,9.06,0.74,0.65,2.22,0.26,4.86,3.26,0.74,0.74,0.74,9.0,3.0,4.0,16.0,2.0,0.0,0.0,2.0,0.0,4.0,4.0,7.0,10.0,0.0,0.0,5.0,2.0,1.0,5.0,10.0,1.0,1.0,0.35,0.16,0.23,1.0,0.0,1.0,16.74,12.0,12.46,2.0,0.14,0.0,0.0,0.88,0.88,0.87,3.46,0.11,0.2,0.8,0.11,2.22,1.57,0.11,0.11,0.11,3.0,2.0,4.0,9.0,0.0,0.0,0.0,2.0,0.0,3.0,0.0,3.0,5.0,1.0,2.0,7.0,2.0,0.0,5.0,5.0,0.0,0.0,0.11,0.0,0.0,0.0,0.0,0.0,8.7,5.0,4.8,4.0,0.04,0.0,0.0,0.15,0.15,0.14
84773698478840,2025,Soucy-Borgen,NYR,pairing,5on5,4,1763.0,17.0,0.47,0.43,0.43,15.33,1.36,1.06,4.04,0.59,7.76,6.18,1.34,1.37,1.35,18.0,3.0,9.0,30.0,2.0,4.0,1.0,0.0,0.0,8.0,7.0,16.0,19.0,2.0,4.0,13.0,21.0,0.0,13.0,16.0,3.0,2.0,0.38,0.39,0.59,1.0,1.0,0.0,30.19,21.0,21.2,7.0,0.22,0.89,0.89,0.69,0.69,0.69,20.76,1.54,1.43,5.31,0.65,11.06,8.01,1.43,1.51,1.4,20.0,8.0,12.0,40.0,0.0,3.0,0.0,4.0,0.0,10.0,11.0,20.0,28.0,0.0,0.0,5.0,13.0,2.0,6.0,22.0,5.0,1.0,0.6,0.72,0.23,0.0,0.0,0.0,39.22,28.0,27.41,4.0,0.3,0.55,0.55,1.28,1.27,1.18
84808078480839,2025,Dahlin-Samuelsson,BUF,pairing,5on5,4,872.0,21.0,0.49,0.56,0.5,10.77,0.98,0.7,2.77,0.35,5.38,3.82,0.94,1.0,0.95,11.0,3.0,5.0,19.0,1.0,2.0,0.0,4.0,0.0,3.0,4.0,10.0,13.0,2.0,4.0,8.0,4.0,0.0,5.0,9.0,5.0,0.0,0.36,0.62,0.0,1.0,0.0,0.0,19.41,14.0,13.98,1.0,0.15,0.23,0.23,0.89,0.91,0.89,10.9,1.02,0.71,2.67,0.36,5.15,4.09,0.97,1.0,0.96,7.0,7.0,1.0,15.0,1.0,3.0,0.0,1.0,0.0,4.0,5.0,6.0,13.0,3.0,6.0,12.0,8.0,0.0,4.0,10.0,3.0,1.0,0.32,0.44,0.26,0.0,1.0,0.0,14.47,14.0,13.89,3.0,0.15,0.33,0.33,0.83,0.82,0.78
84757558483425,2025,Bichsel-Petrovic,DAL,pairing,5on5,4,2715.0,7.0,0.48,0.37,0.36,13.74,1.75,0.91,3.07,0.46,6.88,4.94,1.53,1.69,1.49,15.0,3.0,9.0,27.0,0.0,3.0,0.0,4.0,0.0,6.0,5.0,15.0,18.0,2.0,7.0,15.0,27.0,4.0,17.0,8.0,8.0,2.0,0.16,0.98,0.6,0.0,0.0,0.0,26.15,18.0,17.3,11.0,0.19,0.72,0.72,1.21,1.18,1.17,24.09,1.93,1.39,6.26,0.79,12.4,9.24,1.83,2.01,1.92,23.0,9.0,14.0,46.0,3.0,1.0,1.0,0.0,0.0,11.0,17.0,20.0,29.0,1.0,5.0,20.0,35.0,6.0,12.0,25.0,5.0,2.0,0.72,0.63,0.58,1.0,1.0,1.0,47.34,32.0,33.45,6.0,0.29,0.28,0.28,1.94,2.03,2.02
84769178477506,2025,Pelech-Pulock,NYI,pairing,5on5,6,4683.0,13.0,0.47,0.52,0.5,38.58,3.5,2.48,10.27,1.37,19.32,15.06,3.46,3.5,3.47,31.0,21.0,21.0,73.0,3.0,6.0,0.0,6.0,0.0,20.0,17.0,28.0,49.0,2.0,4.0,45.0,37.0,3.0,27.0,39.0,9.0,4.0,1.04,1.23,1.23,1.0,2.0,0.0,72.2,52.0,51.31,14.0,0.52,0.96,0.96,3.05,3.04,3.02,39.02,3.89,2.54,9.68,1.25,19.7,14.93,3.74,4.08,3.93,38.0,14.0,16.0,68.0,3.0,4.0,0.0,7.0,0.0,21.0,17.0,35.0,49.0,3.0,6.0,50.0,32.0,10.0,24.0,34.0,12.0,6.0,1.01,1.29,1.59,3.0,0.0,0.0,70.93,52.0,54.26,13.0,0.53,0.76,0.76,3.66,3.83,3.7
847745084779878481624,2025,Donato-Dickinson-Mikheyev,CHI,line,5on5,4,2061.0,8.0,0.83,0.69,0.71,29.79,2.68,2.02,7.61,0.99,15.72,10.99,2.45,2.75,2.51,28.0,12.0,7.0,47.0,4.0,6.0,1.0,8.0,0.0,11.0,11.0,24.0,36.0,1.0,2.0,26.0,9.0,6.0,12.0,29.0,8.0,3.0,0.75,1.13,0.8,2.0,0.0,2.0,49.29,40.0,41.69,6.0,0.42,0.93,0.93,2.17,2.18,2.05,11.77,0.56,0.61,3.34,0.48,6.45,4.57,0.56,0.54,0.54,11.0,5.0,5.0,21.0,1.0,0.0,0.0,1.0,0.0,6.0,8.0,10.0,15.0,1.0,2.0,15.0,21.0,3.0,11.0,14.0,2.0,0.0,0.33,0.22,0.0,1.0,0.0,0.0,19.66,16.0,14.98,6.0,0.13,0.0,0.0,0.68,0.67,0.66
847699484834528483499,2025,Ohgren-Haight-Hinostroza,MIN,line,5on5,2,770.0,8.0,0.2,0.38,0.39,4.96,0.31,0.26,1.34,0.17,2.68,2.24,0.29,0.29,0.27,5.0,2.0,2.0,9.0,0.0,0.0,0.0,1.0,0.0,3.0,3.0,5.0,7.0,1.0,2.0,6.0,8.0,1.0,3.0,6.0,1.0,0.0,0.18,0.12,0.0,0.0,0.0,0.0,8.69,7.0,6.52,1.0,0.05,0.0,0.0,0.36,0.34,0.32,8.71,1.28,0.66,1.74,0.24,4.06,3.02,1.19,1.24,1.16,6.0,5.0,4.0,15.0,1.0,1.0,0.0,1.0,0.0,5.0,3.0,5.0,10.0,0.0,0.0,9.0,6.0,2.0,4.0,5.0,4.0,2.0,0.18,0.51,0.59,0.0,0.0,1.0,14.67,11.0,10.89,2.0,0.14,0.38,0.38,1.03,1.04,0.97
84772208480434,2025,Schmidt-Durzi,UTA,pairing,5on5,2,1086.0,2.0,0.59,0.49,0.56,10.65,0.99,0.6,2.92,0.3,5.21,3.97,0.98,1.02,1.01,10.0,4.0,3.0,17.0,0.0,1.0,0.0,4.0,0.0,3.0,6.0,10.0,14.0,1.0,2.0,4.0,9.0,1.0,13.0,10.0,3.0,1.0,0.24,0.46,0.29,0.0,0.0,0.0,17.2,14.0,14.1,5.0,0.12,0.29,0.29,0.83,0.84,0.84,7.8,0.68,0.47,1.91,0.28,4.31,3.35,0.68,0.68,0.67,8.0,3.0,7.0,18.0,1.0,1.0,0.0,1.0,0.0,4.0,4.0,7.0,10.0,4.0,8.0,14.0,8.0,4.0,7.0,7.0,3.0,1.0,0.17,0.29,0.22,0.0,1.0,0.0,17.96,11.0,11.15,3.0,0.1,0.04,0.04,0.74,0.73,0.73
84752008484806,2025,Orlov-Dickinson,SJS,pairing,5on5,4,938.0,24.0,0.33,0.53,0.44,5.24,0.34,0.33,1.27,0.15,2.68,2.22,0.33,0.33,0.33,6.0,1.0,3.0,10.0,1.0,0.0,0.0,2.0,0.0,2.0,2.0,5.0,6.0,5.0,13.0,9.0,11.0,1.0,9.0,6.0,1.0,0.0,0.17,0.17,0.0,1.0,0.0,0.0,9.86,7.0,7.0,5.0,0.07,0.0,0.0,0.41,0.4,0.39,6.86,0.69,0.45,1.55,0.19,3.54,2.57,0.69,0.74,0.74,7.0,2.0,0.0,9.0,0.0,0.0,0.0,4.0,0.0,1.0,4.0,7.0,9.0,2.0,7.0,4.0,4.0,1.0,5.0,6.0,2.0,1.0,0.18,0.29,0.22,0.0,0.0,0.0,9.58,9.0,9.36,3.0,0.09,0.0,0.0,0.79,0.84,0.84
847579184827028482809,2025,Hall-Stankoven-Blake,CAR,line,5on5,6,2490.0,20.0,0.63,0.61,0.58,25.33,2.24,1.68,6.47,0.8,13.81,9.99,2.1,2.44,2.28,24.0,11.0,18.0,53.0,2.0,1.0,0.0,2.0,0.0,18.0,12.0,22.0,33.0,5.0,10.0,20.0,4.0,4.0,13.0,27.0,6.0,2.0,0.99,0.73,0.53,1.0,1.0,0.0,57.07,35.0,37.7,4.0,0.35,0.31,0.31,2.28,2.48,2.39,18.07,1.31,1.28,4.38,0.59,10.11,7.33,1.27,1.23,1.2,16.0,9.0,9.0,34.0,2.0,1.0,0.0,5.0,0.0,9.0,8.0,14.0,23.0,5.0,10.0,19.0,23.0,0.0,16.0,20.0,5.0,0.0,0.7,0.61,0.0,1.0,1.0,0.0,31.55,25.0,23.43,7.0,0.26,0.18,0.18,1.39,1.31,1.28
848022084815538482159,2025,Foerster-Cates-Brink,PHI,line,5on5,6,3765.0,10.0,0.55,0.49,0.5,22.0,2.62,1.76,5.18,0.78,11.36,8.3,2.57,2.6,2.55,20.0,10.0,13.0,43.0,3.0,4.0,1.0,3.0,0.0,10.0,10.0,17.0,27.0,3.0,6.0,35.0,18.0,5.0,18.0,19.0,8.0,3.0,0.74,1.03,0.85,2.0,0.0,1.0,42.61,30.0,29.6,12.0,0.37,1.02,1.02,1.97,1.95,1.94,21.58,2.18,1.47,5.72,0.78,11.7,8.16,1.97,2.15,1.95,16.0,14.0,15.0,45.0,1.0,3.0,1.0,4.0,0.0,14.0,8.0,15.0,29.0,3.0,6.0,38.0,29.0,0.0,14.0,21.0,6.0,3.0,0.43,0.76,0.99,0.0,0.0,1.0,45.81,30.0,30.43,7.0,0.31,0.7,0.7,1.78,1.77,1.69
84751678482655,2025,Hedman-Moser,TBL,pairing,5on5,4,3451.0,5.0,0.63,0.53,0.53,36.7,4.44,2.42,9.13,1.23,18.05,13.73,3.81,4.6,3.96,31.0,18.0,17.0,66.0,2.0,6.0,0.0,11.0,0.0,16.0,14.0,29.0,47.0,2.0,4.0,36.0,12.0,8.0,15.0,33.0,9.0,7.0,1.04,1.22,2.18,1.0,1.0,0.0,67.89,49.0,49.95,10.0,0.51,1.43,1.43,3.53,3.7,3.35,31.64,2.57,2.14,8.61,1.13,17.66,11.87,2.54,2.44,2.41,28.0,16.0,14.0,58.0,1.0,4.0,0.0,5.0,0.0,14.0,20.0,27.0,43.0,5.0,10.0,31.0,27.0,3.0,10.0,34.0,9.0,1.0,1.21,1.13,0.23,1.0,0.0,0.0,55.37,44.0,42.41,5.0,0.45,0.5,0.5,2.52,2.4,2.38
84779508481014,2025,Romanov-Deangelo,NYI,pairing,5on5,4,3202.0,6.0,0.34,0.49,0.52,32.26,2.29,2.13,8.35,1.1,18.46,12.68,2.26,2.16,2.13,31.0,14.0,11.0,56.0,1.0,3.0,0.0,9.0,0.0,18.0,14.0,30.0,44.0,7.0,14.0,28.0,35.0,3.0,16.0,35.0,8.0,2.0,0.92,0.9,0.47,0.0,0.0,1.0,52.5,45.0,42.2,7.0,0.44,0.42,0.43,2.3,2.18,2.17,32.12,4.36,2.41,7.13,1.03,16.08,10.99,4.16,4.56,4.36,29.0,13.0,16.0,58.0,4.0,4.0,0.0,1.0,0.0,13.0,20.0,25.0,38.0,5.0,10.0,33.0,26.0,4.0,13.0,19.0,15.0,8.0,0.56,1.78,2.02,0.0,3.0,1.0,62.03,42.0,44.6,5.0,0.51,1.09,1.09,3.78,3.99,3.91
847795184793438480849,2025,Schmaltz-Hayton-Keller,UTA,line,5on5,5,3056.0,6.0,0.7,0.62,0.67,35.45,3.04,2.23,8.78,1.15,18.1,13.7,2.94,2.98,2.89,34.0,13.0,8.0,55.0,5.0,5.0,0.0,6.0,0.0,11.0,20.0,29.0,42.0,2.0,4.0,33.0,3.0,1.0,15.0,34.0,9.0,4.0,0.92,1.21,0.91,2.0,2.0,1.0,54.24,47.0,46.37,9.0,0.46,1.0,1.0,2.49,2.45,2.42,17.99,1.28,0.93,4.48,0.6,8.38,7.33,1.27,1.34,1.32,17.0,6.0,11.0,34.0,3.0,1.0,0.0,1.0,0.0,7.0,11.0,14.0,20.0,4.0,8.0,25.0,23.0,9.0,20.0,15.0,7.0,1.0,0.35,0.72,0.21,1.0,1.0,1.0,34.74,23.0,23.59,8.0,0.19,0.03,0.03,1.44,1.5,1.49
848044884829478484149,2025,Kelly-Bardakov-Brindley,COL,line,5on5,2,700.0,8.0,0.16,0.43,0.42,5.26,0.24,0.3,1.34,0.2,3.43,2.5,0.22,0.24,0.22,5.0,3.0,1.0,9.0,1.0,0.0,0.0,1.0,0.0,3.0,3.0,4.0,7.0,1.0,2.0,4.0,6.0,2.0,2.0,8.0,0.0,0.0,0.24,0.0,0.0,1.0,0.0,0.0,9.51,8.0,8.4,0.0,0.06,0.0,0.0,0.3,0.3,0.28,8.27,1.23,0.51,1.75,0.29,4.09,3.12,1.2,1.2,1.17,7.0,4.0,1.0,12.0,2.0,2.0,1.0,1.0,0.0,3.0,3.0,5.0,9.0,0.0,0.0,10.0,7.0,1.0,1.0,6.0,2.0,3.0,0.23,0.27,0.74,1.0,0.0,1.0,11.69,11.0,10.71,0.0,0.11,0.46,0.46,0.88,0.85,0.85
847849884788568480012,2025,Debrusk-Pettersson-Garland,VAN,line,5on5,3,916.0,16.0,0.2,0.28,0.29,5.68,0.34,0.33,1.2,0.16,3.23,2.74,0.34,0.37,0.37,6.0,2.0,2.0,10.0,2.0,0.0,0.0,0.0,0.0,1.0,5.0,4.0,6.0,1.0,2.0,9.0,2.0,0.0,5.0,6.0,2.0,0.0,0.16,0.17,0.0,1.0,1.0,0.0,10.63,8.0,8.69,4.0,0.07,0.0,0.0,0.41,0.44,0.44,14.9,1.34,1.01,4.29,0.52,7.69,5.16,1.29,1.22,1.18,8.0,12.0,6.0,26.0,0.0,3.0,0.0,2.0,0.0,8.0,7.0,8.0,20.0,1.0,2.0,12.0,10.0,0.0,7.0,13.0,6.0,1.0,0.36,0.76,0.22,0.0,0.0,0.0,23.76,20.0,18.28,4.0,0.21,0.26,0.26,1.29,1.19,1.15
84774888482684,2025,Hughes-Pesce,NJD,pairing,5on5,6,4716.0,10.0,0.69,0.6,0.63,49.85,5.0,3.24,12.63,1.62,25.94,18.57,4.74,5.3,5.02,44.0,23.0,24.0,91.0,4.0,5.0,0.0,10.0,0.0,29.0,19.0,40.0,63.0,6.0,12.0,36.0,36.0,4.0,24.0,47.0,14.0,6.0,1.62,1.91,1.47,3.0,0.0,1.0,96.04,67.0,70.7,10.0,0.68,1.04,1.04,4.64,4.89,4.77,29.03,2.23,1.91,7.19,0.93,16.43,11.32,2.19,2.14,2.1,23.0,17.0,20.0,60.0,1.0,3.0,0.0,6.0,0.0,17.0,13.0,22.0,39.0,4.0,8.0,39.0,38.0,9.0,34.0,29.0,10.0,1.0,0.66,1.34,0.23,0.0,1.0,0.0,57.44,40.0,38.48,18.0,0.4,0.57,0.57,2.06,1.97,1.96
847851984795428482201,2025,Hagel-Cirelli-Goncalves,TBL,line,5on5,5,717.0,35.0,0.27,0.43,0.41,5.25,0.36,0.37,1.5,0.17,2.75,1.85,0.36,0.35,0.34,5.0,2.0,5.0,12.0,0.0,2.0,0.0,0.0,0.0,4.0,1.0,5.0,7.0,2.0,4.0,6.0,9.0,1.0,4.0,4.0,3.0,0.0,0.08,0.28,0.0,0.0,0.0,0.0,11.98,7.0,7.01,1.0,0.08,0.11,0.11,0.33,0.32,0.32,7.67,0.96,0.47,1.86,0.23,3.63,2.85,0.88,1.0,0.91,8.0,2.0,6.0,16.0,1.0,1.0,1.0,2.0,0.0,1.0,5.0,7.0,9.0,0.0,0.0,4.0,8.0,2.0,2.0,6.0,2.0,2.0,0.18,0.2,0.57,0.0,0.0,1.0,15.84,10.0,10.05,2.0,0.1,0.26,0.26,0.8,0.82,0.81
84779868479324,2025,Lindgren-Montour,SEA,pairing,5on5,4,3704.0,5.0,0.45,0.4,0.44,24.96,1.9,1.45,6.13,0.87,14.02,10.64,1.89,1.92,1.9,19.0,16.0,14.0,49.0,1.0,1.0,0.0,4.0,0.0,12.0,17.0,18.0,34.0,4.0,11.0,24.0,41.0,8.0,20.0,29.0,5.0,1.0,0.86,0.63,0.41,0.0,1.0,0.0,49.74,35.0,35.4,8.0,0.3,0.41,0.41,1.79,1.83,1.82,32.12,2.31,2.17,8.4,1.13,17.83,13.16,2.27,2.34,2.29,27.0,18.0,28.0,73.0,0.0,2.0,0.0,7.0,0.0,23.0,13.0,27.0,45.0,3.0,9.0,39.0,28.0,2.0,23.0,36.0,9.0,0.0,1.02,1.29,0.0,0.0,0.0,0.0,73.0,45.0,45.28,13.0,0.46,0.16,0.16,2.61,2.64,2.6
847750384815828482259,2025,Robertson-Domi-Mcmann,TOR,line,5on5,5,1887.0,20.0,0.64,0.57,0.59,19.75,1.35,1.36,4.57,0.59,11.38,7.74,1.34,1.32,1.3,18.0,9.0,9.0,36.0,1.0,0.0,0.0,7.0,0.0,9.0,10.0,17.0,26.0,1.0,2.0,12.0,20.0,0.0,12.0,21.0,6.0,0.0,0.65,0.7,0.0,0.0,1.0,0.0,35.52,27.0,26.68,9.0,0.28,0.0,0.0,1.63,1.59,1.57,13.22,0.77,0.74,3.37,0.42,7.63,6.07,0.76,0.81,0.8,10.0,9.0,8.0,27.0,2.0,0.0,0.0,3.0,0.0,8.0,6.0,8.0,17.0,1.0,2.0,22.0,7.0,7.0,7.0,15.0,4.0,0.0,0.26,0.5,0.0,1.0,1.0,0.0,27.47,19.0,19.43,5.0,0.15,0.0,0.0,0.92,0.96,0.96
847517084793858482077,2025,Holloway-Schenn-Kyrou,STL,line,5on5,6,3610.0,12.0,0.57,0.54,0.49,25.27,2.96,1.74,5.9,0.8,12.84,9.76,2.91,2.85,2.8,24.0,10.0,21.0,55.0,2.0,4.0,0.0,6.0,0.0,10.0,12.0,22.0,32.0,1.0,2.0,32.0,41.0,3.0,16.0,21.0,8.0,5.0,0.57,1.2,1.2,1.0,1.0,0.0,52.61,34.0,32.65,9.0,0.37,0.65,0.65,2.68,2.58,2.57,26.75,2.28,1.58,6.12,0.77,13.6,10.65,2.26,2.4,2.39,30.0,5.0,12.0,47.0,4.0,1.0,0.0,3.0,0.0,15.0,12.0,26.0,31.0,3.0,6.0,24.0,29.0,9.0,20.0,27.0,5.0,3.0,0.74,0.62,0.92,2.0,1.0,1.0,48.94,35.0,36.28,10.0,0.33,0.39,0.39,2.22,2.35,2.35
84779328478055,2025,Forsling-Ekblad,FLA,pairing,5on5,8,6447.0,13.0,0.59,0.54,0.53,53.4,5.76,3.6,13.13,1.72,26.95,19.84,5.55,5.82,5.61,49.0,22.0,33.0,104.0,6.0,4.0,0.0,15.0,0.0,29.0,17.0,43.0,65.0,4.0,11.0,56.0,54.0,5.0,30.0,41.0,24.0,6.0,1.22,2.94,1.59,0.0,5.0,1.0,104.95,71.0,71.5,12.0,0.76,0.78,0.78,5.73,5.79,5.66,47.76,3.98,3.25,12.4,1.47,24.57,18.33,3.93,3.88,3.84,45.0,19.0,24.0,88.0,3.0,3.0,0.0,17.0,0.0,17.0,24.0,42.0,61.0,9.0,21.0,59.0,32.0,12.0,40.0,45.0,17.0,2.0,1.23,2.29,0.46,2.0,1.0,0.0,85.49,64.0,61.84,21.0,0.68,0.54,0.54,4.12,4.06,4.04
847842184793168479981,2025,Gadjovich-Kunin-Greer,FLA,line,5on5,8,2847.0,26.0,0.51,0.38,0.37,13.0,1.13,0.87,3.53,0.4,6.58,4.47,1.13,1.14,1.13,13.0,4.0,14.0,31.0,2.0,0.0,0.0,6.0,0.0,5.0,4.0,11.0,15.0,8.0,19.0,26.0,45.0,2.0,13.0,12.0,4.0,1.0,0.31,0.58,0.24,1.0,0.0,1.0,32.08,17.0,17.55,7.0,0.18,0.0,0.0,1.32,1.32,1.32,19.38,1.09,1.24,5.94,0.75,11.65,8.35,1.09,1.08,1.08,17.0,12.0,21.0,50.0,0.0,2.0,0.0,3.0,0.0,12.0,12.0,17.0,29.0,6.0,15.0,31.0,31.0,4.0,20.0,27.0,2.0,0.0,0.8,0.29,0.0,0.0,0.0,0.0,50.07,29.0,28.89,5.0,0.25,0.05,0.05,1.3,1.28,1.28
847795384814918481617,2025,Kapanen-Philp-Podkolzin,EDM,line,5on5,2,1173.0,4.0,0.5,0.69,0.71,12.64,0.73,0.7,3.0,0.38,7.22,4.97,0.7,0.72,0.7,14.0,3.0,5.0,22.0,1.0,0.0,0.0,4.0,0.0,9.0,3.0,13.0,16.0,2.0,4.0,11.0,16.0,2.0,5.0,13.0,3.0,1.0,0.25,0.27,0.21,0.0,1.0,0.0,22.37,17.0,17.29,2.0,0.14,0.0,0.0,0.87,0.86,0.83,5.53,0.72,0.4,1.12,0.16,2.65,1.96,0.7,0.73,0.72,5.0,2.0,3.0,10.0,2.0,0.0,0.0,0.0,0.0,4.0,1.0,3.0,5.0,2.0,4.0,5.0,9.0,1.0,7.0,5.0,1.0,1.0,0.23,0.2,0.29,1.0,0.0,1.0,9.92,7.0,6.93,4.0,0.08,0.0,0.0,0.8,0.82,0.8
84754628483490,2025,Mintyukov-Gudas,ANA,pairing,5on5,5,1185.0,34.0,0.5,0.45,0.45,10.11,0.9,0.72,2.38,0.35,5.52,4.12,0.89,0.91,0.9,10.0,4.0,3.0,17.0,1.0,2.0,1.0,2.0,0.0,3.0,6.0,9.0,13.0,1.0,2.0,14.0,16.0,5.0,7.0,11.0,3.0,0.0,0.34,0.57,0.0,0.0,1.0,0.0,17.2,14.0,14.02,3.0,0.15,0.37,0.37,0.68,0.69,0.68,12.35,0.91,0.85,3.15,0.41,6.93,4.75,0.87,0.89,0.84,12.0,5.0,4.0,21.0,1.0,1.0,0.0,3.0,0.0,7.0,5.0,11.0,16.0,2.0,4.0,7.0,6.0,5.0,8.0,14.0,3.0,0.0,0.53,0.38,0.0,0.0,1.0,0.0,20.31,17.0,16.59,4.0,0.17,0.14,0.14,0.95,0.93,0.89
848165684820888484186,2025,Protas-Sourdif-Leonard,WSH,line,5on5,2,645.0,7.0,0.51,0.63,0.58,4.97,0.46,0.28,1.33,0.16,2.79,1.99,0.45,0.43,0.42,4.0,3.0,3.0,10.0,1.0,0.0,0.0,1.0,0.0,4.0,1.0,3.0,6.0,2.0,4.0,5.0,5.0,1.0,3.0,4.0,3.0,0.0,0.1,0.36,0.0,0.0,1.0,0.0,9.99,7.0,6.98,1.0,0.06,0.0,0.0,0.51,0.48,0.48,3.9,0.44,0.23,0.83,0.1,1.95,1.46,0.44,0.48,0.48,4.0,1.0,1.0,6.0,0.0,0.0,0.0,1.0,0.0,0.0,4.0,4.0,5.0,2.0,4.0,4.0,10.0,0.0,4.0,3.0,1.0,1.0,0.08,0.13,0.23,0.0,0.0,0.0,6.58,5.0,5.47,2.0,0.05,0.0,0.0,0.49,0.53,0.53
847458684826658484800,2025,Catton-Beniers-Eberle,SEA,line,5on5,2,1220.0,2.0,0.51,0.46,0.48,10.59,1.16,0.67,2.82,0.34,5.13,3.88,1.16,1.17,1.17,10.0,4.0,4.0,18.0,1.0,0.0,0.0,1.0,0.0,4.0,8.0,9.0,13.0,1.0,5.0,11.0,7.0,1.0,5.0,9.0,4.0,1.0,0.32,0.62,0.22,0.0,1.0,0.0,17.35,14.0,13.7,0.0,0.15,0.0,0.0,1.31,1.32,1.31,11.14,1.12,0.75,2.92,0.32,5.88,4.02,1.11,1.12,1.1,9.0,6.0,6.0,21.0,0.0,1.0,0.0,5.0,0.0,6.0,3.0,9.0,15.0,3.0,9.0,15.0,10.0,2.0,9.0,11.0,2.0,2.0,0.23,0.2,0.69,0.0,0.0,0.0,22.3,15.0,15.54,4.0,0.16,0.41,0.41,0.87,0.89,0.88
847688284774798483493,2025,Teravainen-Bertuzzi-Nazar,CHI,line,5on5,6,3177.0,9.0,0.34,0.46,0.44,20.34,1.56,1.23,5.79,0.68,11.06,7.67,1.53,1.63,1.6,16.0,12.0,13.0,41.0,4.0,0.0,0.0,4.0,0.0,14.0,6.0,12.0,24.0,5.0,13.0,30.0,15.0,6.0,18.0,20.0,8.0,0.0,0.58,0.99,0.0,2.0,2.0,0.0,42.43,28.0,28.63,6.0,0.26,0.0,0.0,1.82,1.89,1.85,26.34,3.09,1.81,6.64,0.92,13.67,9.87,2.98,3.0,2.9,23.0,13.0,13.0,49.0,2.0,5.0,1.0,4.0,0.0,12.0,13.0,21.0,34.0,10.0,23.0,42.0,34.0,2.0,17.0,23.0,9.0,4.0,0.87,1.22,1.0,0.0,1.0,1.0,47.68,36.0,35.33,7.0,0.38,0.83,0.83,2.64,2.57,2.52
84752008479983,2025,Orlov-Ferraro,SJS,pairing,5on5,6,2739.0,27.0,0.4,0.49,0.45,27.51,2.13,1.79,6.82,0.86,14.59,10.8,2.03,2.1,2.01,28.0,9.0,13.0,50.0,1.0,2.0,0.0,5.0,0.0,18.0,11.0,27.0,36.0,2.0,4.0,28.0,16.0,6.0,13.0,28.0,7.0,2.0,0.9,0.82,0.41,1.0,0.0,0.0,47.79,37.0,35.46,5.0,0.37,0.2,0.2,2.29,2.26,2.18,33.81,3.16,2.13,9.21,1.21,16.77,13.51,2.79,3.3,2.91,33.0,13.0,7.0,53.0,2.0,5.0,0.0,7.0,0.0,13.0,19.0,31.0,44.0,3.0,6.0,14.0,17.0,3.0,19.0,32.0,9.0,5.0,0.6,1.08,1.48,1.0,1.0,0.0,56.02,46.0,48.14,9.0,0.45,1.31,1.31,2.3,2.39,2.31
847643884768818481604,2025,Saad-Hertl-Dorofeyev,VGK,line,5on5,4,1544.0,23.0,0.38,0.55,0.51,12.88,0.78,0.71,3.66,0.39,7.31,5.16,0.77,0.77,0.77,13.0,5.0,9.0,27.0,1.0,1.0,0.0,4.0,0.0,5.0,7.0,12.0,17.0,2.0,4.0,18.0,13.0,3.0,6.0,15.0,3.0,0.0,0.4,0.37,0.0,1.0,0.0,0.0,26.31,18.0,17.55,2.0,0.14,0.14,0.14,0.78,0.78,0.78,12.26,1.25,0.83,3.03,0.48,6.57,4.84,1.14,1.25,1.14,9.0,8.0,5.0,22.0,2.0,2.0,0.0,1.0,0.0,5.0,7.0,7.0,15.0,1.0,2.0,14.0,18.0,0.0,14.0,11.0,5.0,1.0,0.25,0.63,0.37,0.0,2.0,0.0,21.99,17.0,17.27,5.0,0.17,0.55,0.55,0.86,0.87,0.85
84781788482929,2025,Lilleberg-Raddysh,TBL,pairing,5on5,4,1549.0,18.0,0.37,0.35,0.33,10.89,1.39,0.64,2.79,0.36,4.68,4.14,1.26,1.39,1.26,10.0,4.0,6.0,20.0,0.0,3.0,0.0,0.0,0.0,5.0,6.0,10.0,14.0,4.0,11.0,9.0,16.0,0.0,5.0,8.0,3.0,3.0,0.27,0.4,0.72,0.0,0.0,0.0,19.86,14.0,13.77,1.0,0.14,0.45,0.45,1.08,1.08,1.03,20.01,2.33,1.4,4.97,0.71,10.98,7.6,2.19,2.36,2.21,21.0,7.0,9.0,37.0,3.0,3.0,1.0,8.0,0.0,9.0,5.0,18.0,25.0,2.0,7.0,15.0,11.0,2.0,10.0,19.0,4.0,5.0,0.52,0.43,1.38,1.0,1.0,1.0,37.42,28.0,28.55,5.0,0.29,0.82,0.82,1.81,1.81,1.79
847794684820788484471,2025,Raymond-Larkin-Finnie,DET,line,5on5,4,2543.0,8.0,0.49,0.51,0.47,17.3,1.82,1.22,4.11,0.6,9.64,6.62,1.78,1.75,1.71,17.0,7.0,9.0,33.0,3.0,2.0,1.0,2.0,0.0,7.0,10.0,14.0,21.0,1.0,2.0,19.0,21.0,4.0,11.0,18.0,3.0,3.0,0.66,0.32,0.84,2.0,0.0,1.0,31.64,24.0,23.19,4.0,0.25,0.59,0.59,1.48,1.42,1.41,20.18,1.91,1.19,4.77,0.62,10.2,8.3,1.88,1.99,1.96,20.0,7.0,5.0,32.0,1.0,1.0,0.0,5.0,0.0,5.0,15.0,19.0,26.0,2.0,4.0,19.0,14.0,0.0,17.0,17.0,10.0,0.0,0.6,1.32,0.0,0.0,1.0,0.0,33.22,27.0,27.79,8.0,0.25,0.19,0.19,1.97,2.05,2.03
847897584834978483524,2025,Marchment-Wright-Nyman,SEA,line,5on5,3,767.0,28.0,0.35,0.43,0.57,5.6,0.22,0.28,1.49,0.19,3.31,2.51,0.22,0.24,0.24,6.0,2.0,1.0,9.0,1.0,0.0,0.0,0.0,0.0,7.0,0.0,5.0,7.0,2.0,4.0,2.0,2.0,1.0,2.0,7.0,1.0,0.0,0.13,0.1,0.0,0.0,1.0,0.0,9.43,8.0,8.38,1.0,0.06,0.0,0.0,0.28,0.3,0.3,4.72,0.42,0.33,1.01,0.12,2.33,1.8,0.42,0.41,0.41,6.0,0.0,6.0,12.0,1.0,0.0,0.0,0.0,0.0,3.0,2.0,5.0,5.0,0.0,0.0,9.0,8.0,0.0,6.0,4.0,2.0,0.0,0.1,0.31,0.0,0.0,1.0,0.0,12.02,6.0,5.99,2.0,0.07,0.0,0.0,0.49,0.48,0.48
847584884815238482737,2025,Gallagher-Dach-Bolduc,MTL,line,5on5,5,2390.0,13.0,0.65,0.52,0.57,25.28,2.81,1.53,5.92,0.77,13.14,9.83,2.76,2.84,2.8,28.0,6.0,10.0,44.0,4.0,3.0,1.0,5.0,0.0,7.0,15.0,24.0,30.0,4.0,8.0,18.0,12.0,2.0,9.0,22.0,8.0,4.0,0.54,1.04,1.23,1.0,1.0,2.0,45.37,34.0,34.83,2.0,0.32,1.01,1.01,2.11,2.17,2.14,19.72,1.51,1.1,5.27,0.63,10.25,7.25,1.47,1.52,1.48,15.0,11.0,14.0,40.0,3.0,0.0,0.0,4.0,0.0,9.0,10.0,12.0,23.0,4.0,8.0,24.0,31.0,1.0,12.0,19.0,6.0,1.0,0.47,0.76,0.27,1.0,2.0,0.0,39.95,26.0,26.02,6.0,0.23,0.0,0.0,1.74,1.75,1.71
84779698483768,2025,Pettersson-Mancini,VAN,pairing,5on5,4,1155.0,22.0,0.53,0.47,0.54,9.95,1.06,0.69,2.76,0.31,4.77,3.41,1.04,1.04,1.01,10.0,3.0,3.0,16.0,0.0,1.0,0.0,2.0,0.0,7.0,3.0,10.0,13.0,2.0,7.0,4.0,9.0,5.0,10.0,8.0,4.0,1.0,0.25,0.51,0.3,0.0,0.0,0.0,15.41,13.0,12.41,3.0,0.14,0.3,0.3,0.9,0.86,0.86,8.28,0.94,0.59,1.9,0.27,4.07,3.23,0.93,1.01,1.0,8.0,3.0,7.0,18.0,0.0,1.0,0.0,1.0,0.0,5.0,4.0,8.0,11.0,1.0,5.0,4.0,11.0,6.0,8.0,5.0,6.0,0.0,0.1,0.85,0.0,0.0,0.0,0.0,18.89,11.0,11.81,4.0,0.12,0.16,0.16,0.9,0.96,0.94
84784608479371,2025,Werenski-Fabbro,CBJ,pairing,5on5,6,3254.0,13.0,0.42,0.47,0.45,32.28,2.59,2.09,8.85,1.09,16.79,12.6,2.5,2.53,2.45,28.0,16.0,25.0,69.0,3.0,4.0,0.0,9.0,0.0,17.0,11.0,25.0,41.0,3.0,6.0,28.0,21.0,4.0,16.0,34.0,5.0,5.0,0.78,0.65,1.17,1.0,1.0,1.0,68.67,44.0,43.96,7.0,0.43,0.72,0.72,2.31,2.28,2.25,39.67,3.54,2.56,10.97,1.37,20.8,14.76,3.43,3.53,3.42,38.0,16.0,23.0,77.0,1.0,7.0,0.0,9.0,0.0,18.0,19.0,37.0,53.0,6.0,14.0,28.0,10.0,9.0,15.0,39.0,12.0,3.0,1.21,1.48,0.84,1.0,0.0,0.0,77.16,54.0,53.74,6.0,0.53,0.83,0.83,3.24,3.25,3.16
847646984815328482408,2025,Malott-Turcotte-Armia,LAK,line,5on5,5,905.0,46.0,0.78,0.59,0.61,7.71,0.72,0.55,1.89,0.26,4.43,3.15,0.71,0.74,0.73,7.0,4.0,5.0,16.0,1.0,1.0,0.0,1.0,0.0,6.0,2.0,6.0,10.0,1.0,5.0,9.0,15.0,1.0,2.0,8.0,2.0,1.0,0.3,0.2,0.23,0.0,0.0,1.0,15.81,11.0,11.17,1.0,0.12,0.04,0.04,0.8,0.82,0.81,4.81,0.2,0.28,1.33,0.14,2.89,2.14,0.2,0.21,0.2,7.0,0.0,4.0,11.0,1.0,0.0,0.0,1.0,0.0,2.0,3.0,6.0,6.0,1.0,5.0,6.0,14.0,0.0,3.0,7.0,0.0,0.0,0.2,0.0,0.0,1.0,0.0,0.0,10.94,7.0,7.24,1.0,0.06,0.0,0.0,0.26,0.27,0.26
847886484815578482079,2025,Kaprizov-Rossi-Boldy,MIN,line,5on5,6,2692.0,28.0,0.55,0.63,0.58,28.78,2.13,1.87,7.33,0.94,15.65,12.07,2.0,2.19,2.06,18.0,22.0,20.0,60.0,2.0,3.0,0.0,0.0,0.0,16.0,19.0,16.0,38.0,0.0,0.0,20.0,8.0,2.0,13.0,31.0,7.0,2.0,0.86,0.71,0.56,1.0,0.0,1.0,60.95,40.0,40.53,7.0,0.39,0.38,0.38,2.13,2.18,2.1,20.69,1.72,1.22,5.15,0.71,11.64,8.56,1.67,1.7,1.65,22.0,7.0,6.0,35.0,3.0,1.0,0.0,6.0,0.0,6.0,13.0,19.0,26.0,4.0,8.0,19.0,13.0,5.0,17.0,23.0,4.0,2.0,0.63,0.42,0.67,3.0,0.0,0.0,34.71,29.0,28.9,8.0,0.25,0.4,0.4,1.57,1.54,1.54
84764738476891,2025,Grzelcyk-Murphy,CHI,pairing,5on5,7,1789.0,39.0,0.4,0.42,0.5,11.97,0.86,0.81,3.15,0.44,6.86,4.87,0.84,0.85,0.82,12.0,5.0,4.0,21.0,0.0,1.0,0.0,1.0,0.0,7.0,8.0,12.0,17.0,4.0,11.0,10.0,11.0,2.0,10.0,13.0,4.0,0.0,0.31,0.55,0.0,0.0,0.0,0.0,21.02,17.0,17.08,8.0,0.17,0.19,0.19,0.84,0.83,0.82,12.83,1.32,0.83,3.31,0.53,6.66,4.35,1.3,1.31,1.29,9.0,8.0,12.0,29.0,2.0,1.0,1.0,1.0,0.0,3.0,10.0,7.0,15.0,4.0,11.0,14.0,10.0,2.0,5.0,10.0,6.0,1.0,0.38,0.73,0.21,1.0,0.0,1.0,28.82,17.0,16.94,2.0,0.17,0.21,0.21,1.28,1.28,1.28
847645384780108479542,2025,Hagel-Point-Kucherov,TBL,line,5on5,4,1984.0,18.0,0.64,0.54,0.54,20.02,1.88,1.48,4.79,0.73,10.79,8.33,1.85,1.99,1.96,12.0,16.0,10.0,38.0,0.0,3.0,0.0,4.0,0.0,8.0,13.0,12.0,28.0,4.0,8.0,10.0,7.0,3.0,11.0,21.0,6.0,1.0,0.85,0.81,0.22,0.0,0.0,0.0,40.09,28.0,30.12,3.0,0.31,0.4,0.4,1.78,1.89,1.88,16.75,1.08,1.0,4.49,0.59,9.76,7.08,1.07,1.05,1.04,15.0,9.0,9.0,33.0,1.0,2.0,0.0,4.0,0.0,6.0,11.0,14.0,23.0,2.0,4.0,19.0,13.0,1.0,4.0,21.0,3.0,0.0,0.64,0.44,0.0,1.0,0.0,0.0,31.98,24.0,23.03,3.0,0.21,0.04,0.04,1.24,1.21,1.2
848018884808018482116,2025,Zetterlund-Sttzle-Tkachuk,OTT,line,5on5,3,1526.0,6.0,0.67,0.6,0.57,17.81,1.4,1.08,5.05,0.55,9.26,6.66,1.35,1.41,1.36,18.0,6.0,15.0,39.0,1.0,1.0,0.0,8.0,1.0,5.0,8.0,17.0,23.0,2.0,4.0,23.0,18.0,2.0,7.0,20.0,3.0,1.0,0.63,0.49,0.29,1.0,0.0,0.0,37.74,24.0,23.38,4.0,0.23,0.29,0.29,1.34,1.34,1.33,13.21,0.7,0.78,3.66,0.44,7.09,5.32,0.7,0.71,0.71,13.0,5.0,8.0,26.0,0.0,3.0,0.0,1.0,0.0,8.0,6.0,13.0,18.0,4.0,8.0,9.0,14.0,2.0,6.0,16.0,2.0,0.0,0.52,0.18,0.0,0.0,0.0,0.0,27.22,18.0,18.8,2.0,0.16,0.18,0.18,0.68,0.69,0.69
847937084821468482768,2025,Jost-Svechkov-Evangelista,NSH,line,5on5,4,927.0,48.0,0.54,0.69,0.73,11.78,0.77,0.66,3.5,0.43,6.21,4.44,0.76,0.8,0.79,12.0,4.0,8.0,24.0,0.0,0.0,0.0,3.0,0.0,7.0,6.0,12.0,16.0,0.0,0.0,7.0,1.0,2.0,2.0,14.0,1.0,1.0,0.4,0.1,0.27,0.0,0.0,0.0,23.76,16.0,15.8,2.0,0.13,0.0,0.0,0.9,0.93,0.92,4.71,0.66,0.35,1.1,0.15,2.21,1.54,0.59,0.63,0.56,5.0,1.0,5.0,11.0,1.0,2.0,1.0,2.0,0.0,0.0,1.0,4.0,5.0,1.0,2.0,9.0,7.0,2.0,3.0,3.0,2.0,1.0,0.11,0.33,0.22,0.0,0.0,1.0,10.98,6.0,5.82,2.0,0.07,0.41,0.41,0.31,0.31,0.3
847744484827038484144,2025,Burakovsky-Bedard-Dach,CHI,line,5on5,6,2442.0,28.0,0.21,0.41,0.38,15.13,0.89,0.93,3.85,0.5,8.62,6.2,0.85,0.92,0.88,16.0,5.0,7.0,28.0,1.0,2.0,0.0,4.0,0.0,6.0,8.0,15.0,20.0,2.0,4.0,13.0,30.0,8.0,12.0,17.0,4.0,0.0,0.46,0.43,0.0,1.0,0.0,0.0,28.9,21.0,21.53,6.0,0.19,0.18,0.18,0.9,0.93,0.89,26.75,3.45,1.9,6.07,0.81,13.01,9.76,3.25,3.33,3.13,22.0,13.0,5.0,40.0,2.0,3.0,1.0,4.0,0.0,14.0,12.0,20.0,33.0,6.0,12.0,15.0,15.0,0.0,17.0,18.0,12.0,5.0,0.46,1.6,1.39,0.0,1.0,1.0,38.71,35.0,33.79,7.0,0.4,0.83,0.83,3.02,2.95,2.87
84764638482122,2025,Brodin-Faber,MIN,pairing,5on5,6,5985.0,6.0,0.46,0.49,0.5,50.71,3.77,3.0,13.32,1.68,26.98,21.26,3.7,3.79,3.72,50.0,20.0,26.0,96.0,3.0,4.0,1.0,12.0,0.0,28.0,23.0,47.0,67.0,4.0,8.0,45.0,38.0,10.0,25.0,58.0,8.0,4.0,1.4,0.98,1.38,2.0,0.0,1.0,95.07,70.0,69.25,11.0,0.61,1.04,1.04,3.34,3.35,3.3,50.42,4.47,3.19,12.9,1.86,27.01,19.58,4.15,4.42,4.1,43.0,26.0,32.0,101.0,4.0,5.0,1.0,9.0,1.0,19.0,31.0,39.0,65.0,10.0,20.0,56.0,48.0,5.0,23.0,51.0,14.0,4.0,1.52,1.85,1.1,2.0,0.0,2.0,101.25,69.0,68.77,14.0,0.67,0.87,0.87,4.27,4.21,4.05
84801968481564,2025,Bryson-Johnson,BUF,pairing,5on5,3,1269.0,9.0,0.64,0.44,0.46,12.54,1.68,0.99,2.99,0.43,5.76,4.16,1.45,1.58,1.36,10.0,6.0,6.0,22.0,1.0,4.0,1.0,0.0,0.0,7.0,4.0,9.0,15.0,1.0,2.0,11.0,17.0,3.0,4.0,8.0,5.0,3.0,0.23,0.72,0.73,0.0,0.0,1.0,20.41,16.0,15.03,2.0,0.21,0.87,0.87,1.02,0.95,0.9,13.75,0.96,0.87,3.6,0.49,7.09,5.99,0.92,1.04,0.99,13.0,6.0,9.0,28.0,1.0,2.0,1.0,0.0,0.0,6.0,10.0,12.0,18.0,2.0,4.0,7.0,14.0,2.0,9.0,14.0,5.0,0.0,0.25,0.71,0.0,0.0,1.0,0.0,29.91,19.0,20.48,4.0,0.18,0.3,0.3,0.84,0.91,0.85
84763318477504,2025,Morrissey-Demelo,WPG,pairing,5on5,6,4844.0,8.0,0.51,0.44,0.45,26.73,2.68,1.83,6.31,0.85,14.98,10.35,2.59,2.7,2.61,27.0,10.0,19.0,56.0,3.0,3.0,0.0,7.0,0.0,8.0,16.0,24.0,34.0,9.0,18.0,35.0,29.0,8.0,26.0,27.0,6.0,4.0,0.85,0.73,1.1,2.0,0.0,1.0,57.6,37.0,38.17,12.0,0.38,0.84,0.84,2.22,2.26,2.19,33.03,2.54,2.09,7.87,1.03,17.82,13.65,2.47,2.48,2.42,30.0,15.0,25.0,70.0,2.0,2.0,0.0,7.0,0.0,18.0,16.0,28.0,43.0,1.0,2.0,47.0,31.0,7.0,15.0,32.0,12.0,1.0,0.81,1.49,0.24,1.0,1.0,0.0,67.59,45.0,43.84,10.0,0.43,0.4,0.4,2.57,2.53,2.48
84800018482073,2025,Vaakanainen-Schneider,NYR,pairing,5on5,7,4945.0,18.0,0.53,0.53,0.51,42.33,3.58,2.64,10.8,1.4,23.16,16.42,3.45,3.59,3.45,36.0,22.0,28.0,86.0,1.0,5.0,0.0,10.0,0.0,24.0,18.0,35.0,57.0,4.0,11.0,28.0,45.0,7.0,22.0,43.0,11.0,4.0,1.07,1.36,1.15,0.0,1.0,0.0,85.4,58.0,57.96,8.0,0.55,0.82,0.82,3.31,3.3,3.27,39.83,3.14,2.31,10.19,1.32,21.66,16.38,2.92,3.2,2.96,38.0,17.0,22.0,77.0,3.0,5.0,0.0,8.0,0.0,19.0,20.0,35.0,52.0,4.0,11.0,23.0,40.0,6.0,27.0,45.0,6.0,4.0,1.2,0.79,1.15,1.0,1.0,1.0,77.77,55.0,55.48,12.0,0.47,1.11,1.11,2.51,2.52,2.4
847579484800278482740,2025,Robertson-Johnston-Seguin,DAL,line,5on5,5,829.0,67.0,0.6,0.51,0.54,10.81,1.15,0.75,2.6,0.32,5.37,3.81,1.07,1.16,1.07,9.0,5.0,4.0,18.0,0.0,3.0,0.0,2.0,0.0,3.0,6.0,9.0,14.0,0.0,0.0,7.0,3.0,3.0,3.0,9.0,3.0,2.0,0.32,0.36,0.47,0.0,0.0,0.0,17.34,14.0,13.71,2.0,0.16,0.65,0.65,0.66,0.65,0.63,8.6,0.77,0.56,2.19,0.29,4.75,3.43,0.75,0.78,0.76,10.0,2.0,5.0,17.0,0.0,1.0,0.0,1.0,0.0,7.0,3.0,10.0,12.0,1.0,2.0,4.0,5.0,0.0,4.0,9.0,2.0,1.0,0.26,0.23,0.28,0.0,0.0,0.0,17.76,12.0,12.46,0.0,0.12,0.28,0.28,0.61,0.63,0.62
84775078480035,2025,Zadorov-Jokiharju,BOS,pairing,5on5,8,5625.0,13.0,0.43,0.48,0.48,40.38,2.51,2.5,10.58,1.33,21.46,16.61,2.5,2.46,2.45,39.0,16.0,32.0,87.0,3.0,2.0,0.0,7.0,0.0,30.0,13.0,36.0,52.0,9.0,18.0,58.0,56.0,4.0,33.0,48.0,5.0,2.0,1.32,0.67,0.52,2.0,1.0,0.0,84.8,55.0,53.67,12.0,0.52,0.22,0.22,2.82,2.77,2.75,42.26,3.38,2.87,10.8,1.49,24.02,17.45,3.28,3.44,3.34,37.0,23.0,36.0,96.0,4.0,5.0,0.0,9.0,0.0,26.0,16.0,33.0,56.0,10.0,20.0,51.0,40.0,6.0,24.0,45.0,12.0,3.0,1.09,1.47,0.82,3.0,1.0,0.0,98.08,60.0,62.22,6.0,0.59,0.97,0.97,3.01,3.07,3.01
847931884817118482720,2025,Maccelli-Matthews-Knies,TOR,line,5on5,2,1278.0,3.0,0.45,0.44,0.54,10.47,1.03,0.77,2.25,0.35,5.42,4.17,1.02,1.07,1.06,10.0,4.0,3.0,17.0,1.0,0.0,0.0,2.0,0.0,3.0,8.0,9.0,13.0,1.0,2.0,10.0,11.0,0.0,7.0,8.0,6.0,0.0,0.23,0.8,0.0,1.0,0.0,0.0,17.92,14.0,14.91,4.0,0.16,0.0,0.0,1.19,1.24,1.22,8.97,1.25,0.75,2.15,0.29,4.58,2.99,1.21,1.21,1.18,9.0,3.0,10.0,22.0,0.0,1.0,0.0,0.0,0.0,4.0,7.0,9.0,12.0,0.0,0.0,13.0,13.0,3.0,6.0,7.0,3.0,2.0,0.26,0.41,0.58,0.0,0.0,0.0,21.14,12.0,11.37,4.0,0.16,0.35,0.35,1.05,1.04,1.04
847688184784838481604,2025,Dorofeyev-Hertl-Marner,VGK,line,5on5,5,2924.0,10.0,0.69,0.61,0.59,28.81,2.36,1.9,8.07,1.08,16.01,11.58,2.34,2.36,2.34,22.0,19.0,22.0,63.0,2.0,1.0,0.0,9.0,0.0,13.0,16.0,20.0,39.0,5.0,16.0,42.0,15.0,1.0,13.0,31.0,8.0,2.0,0.83,1.01,0.52,0.0,2.0,0.0,63.2,41.0,41.13,5.0,0.4,0.01,0.01,2.75,2.75,2.73,20.79,1.09,1.17,6.39,0.71,11.08,7.56,1.05,1.09,1.05,20.0,8.0,13.0,41.0,1.0,1.0,0.0,6.0,0.0,8.0,12.0,19.0,27.0,4.0,14.0,30.0,11.0,7.0,13.0,24.0,4.0,0.0,0.57,0.51,0.0,1.0,0.0,0.0,40.55,28.0,27.86,9.0,0.25,0.15,0.15,1.19,1.18,1.15
84794258483678,2025,Pettersson-Hronek,VAN,pairing,5on5,5,1160.0,29.0,0.23,0.3,0.27,5.58,0.43,0.38,1.21,0.15,2.78,2.04,0.43,0.45,0.45,3.0,4.0,2.0,9.0,2.0,0.0,0.0,0.0,0.0,1.0,4.0,1.0,5.0,1.0,2.0,5.0,12.0,2.0,9.0,5.0,2.0,0.0,0.15,0.28,0.0,0.0,2.0,0.0,9.48,7.0,7.31,4.0,0.08,0.0,0.0,0.51,0.53,0.53,14.57,1.49,0.87,3.86,0.46,7.14,5.19,1.48,1.41,1.4,11.0,8.0,2.0,21.0,0.0,1.0,0.0,4.0,0.0,8.0,6.0,11.0,19.0,3.0,6.0,17.0,13.0,1.0,3.0,10.0,8.0,1.0,0.24,1.05,0.2,0.0,0.0,0.0,19.76,19.0,17.98,1.0,0.19,0.15,0.15,1.52,1.43,1.43
847752784800688481754,2025,Johnston-Poehling-Nesterenko,ANA,line,5on5,4,1136.0,28.0,0.11,0.32,0.31,3.16,0.13,0.25,1.09,0.14,1.99,1.4,0.13,0.12,0.12,1.0,4.0,2.0,7.0,0.0,0.0,0.0,1.0,0.0,3.0,1.0,1.0,5.0,1.0,5.0,6.0,14.0,0.0,5.0,5.0,0.0,0.0,0.13,0.0,0.0,0.0,0.0,0.0,6.67,5.0,4.75,1.0,0.05,0.0,0.0,0.18,0.17,0.17,8.33,1.04,0.57,2.21,0.28,3.98,2.91,0.94,1.12,1.02,10.0,1.0,4.0,15.0,1.0,1.0,0.0,2.0,0.0,5.0,2.0,9.0,10.0,3.0,9.0,10.0,12.0,1.0,5.0,7.0,2.0,2.0,0.24,0.29,0.51,0.0,0.0,1.0,16.35,11.0,12.03,4.0,0.12,0.31,0.31,0.85,0.92,0.88
847645484782338483512,2025,Mangiapane-Nugent-Hopkins-Savoie,EDM,line,5on5,2,950.0,6.0,0.74,0.43,0.47,7.01,0.74,0.51,1.99,0.22,3.39,2.15,0.68,0.71,0.66,8.0,1.0,4.0,13.0,0.0,2.0,0.0,2.0,0.0,3.0,2.0,8.0,9.0,2.0,4.0,6.0,3.0,0.0,3.0,6.0,1.0,2.0,0.1,0.15,0.48,0.0,0.0,0.0,12.99,9.0,9.01,0.0,0.11,0.28,0.28,0.57,0.55,0.55,7.13,0.25,0.32,1.95,0.25,3.93,3.29,0.25,0.25,0.25,3.0,7.0,7.0,17.0,0.0,0.0,0.0,1.0,0.0,5.0,4.0,3.0,10.0,1.0,2.0,10.0,10.0,2.0,9.0,9.0,1.0,0.0,0.11,0.14,0.0,0.0,0.0,0.0,16.53,10.0,9.79,5.0,0.06,0.0,0.0,0.32,0.32,0.32
848102484833958484136,2025,Bains-Sasson-Karlsson,VAN,line,5on5,4,1699.0,12.0,0.52,0.64,0.63,18.63,1.47,1.19,5.07,0.62,9.81,6.85,1.39,1.49,1.41,10.0,15.0,12.0,37.0,1.0,3.0,0.0,0.0,0.0,11.0,10.0,9.0,24.0,1.0,2.0,5.0,12.0,2.0,7.0,20.0,3.0,2.0,0.54,0.43,0.5,0.0,1.0,0.0,37.31,25.0,25.64,2.0,0.25,0.49,0.49,1.23,1.26,1.25,11.21,1.37,0.87,2.95,0.39,5.49,3.93,1.35,1.33,1.31,9.0,6.0,6.0,21.0,1.0,3.0,0.0,1.0,0.0,3.0,7.0,8.0,14.0,0.0,0.0,18.0,14.0,3.0,2.0,7.0,6.0,2.0,0.16,0.66,0.55,0.0,1.0,0.0,19.81,15.0,14.28,0.0,0.19,0.39,0.39,1.16,1.11,1.09
847646184784398484387,2025,Michkov-Couturier-Konecny,PHI,line,5on5,5,2065.0,28.0,0.36,0.37,0.38,10.93,0.91,0.8,2.28,0.32,6.43,4.27,0.9,0.88,0.87,11.0,4.0,9.0,24.0,1.0,0.0,0.0,2.0,0.0,7.0,5.0,10.0,14.0,4.0,8.0,15.0,10.0,4.0,13.0,12.0,2.0,1.0,0.44,0.21,0.25,0.0,1.0,0.0,23.38,15.0,14.72,8.0,0.17,0.0,0.0,1.07,1.04,1.03,18.27,1.63,1.09,4.58,0.55,9.46,6.7,1.46,1.64,1.47,17.0,7.0,17.0,41.0,2.0,2.0,0.0,5.0,0.0,11.0,4.0,15.0,22.0,0.0,0.0,22.0,10.0,1.0,9.0,19.0,2.0,3.0,0.57,0.22,0.84,2.0,0.0,0.0,41.9,24.0,24.24,5.0,0.23,0.63,0.63,1.23,1.27,1.25
84768568477365,2025,Clifton-Dumba,PIT,pairing,5on5,1,691.0,3.0,0.82,0.61,0.65,8.73,0.87,0.69,2.13,0.34,5.14,3.82,0.85,0.91,0.89,8.0,5.0,4.0,17.0,0.0,1.0,0.0,2.0,0.0,7.0,3.0,8.0,13.0,1.0,2.0,3.0,9.0,1.0,3.0,8.0,4.0,1.0,0.21,0.46,0.2,0.0,0.0,0.0,17.79,13.0,13.64,2.0,0.14,0.01,0.01,1.0,1.05,1.03,4.96,0.19,0.27,1.41,0.15,2.88,2.11,0.19,0.18,0.18,3.0,4.0,4.0,11.0,0.0,0.0,0.0,1.0,0.0,2.0,4.0,3.0,7.0,0.0,0.0,10.0,8.0,0.0,4.0,7.0,0.0,0.0,0.19,0.0,0.0,0.0,0.0,0.0,10.62,7.0,6.74,2.0,0.06,0.0,0.0,0.25,0.23,0.23
84784508478854,2025,Wotherspoon-Shea,PIT,pairing,5on5,7,1033.0,39.0,0.47,0.48,0.5,6.82,0.66,0.46,1.67,0.2,3.34,2.68,0.65,0.63,0.61,5.0,4.0,2.0,11.0,0.0,1.0,0.0,2.0,0.0,2.0,4.0,5.0,9.0,0.0,0.0,7.0,6.0,0.0,6.0,5.0,3.0,1.0,0.16,0.3,0.2,0.0,0.0,0.0,10.33,9.0,8.51,2.0,0.09,0.12,0.12,0.64,0.6,0.59,6.62,0.75,0.47,1.41,0.19,3.64,2.55,0.75,0.78,0.78,5.0,4.0,3.0,12.0,1.0,0.0,0.0,2.0,0.0,2.0,4.0,4.0,8.0,0.0,0.0,4.0,4.0,2.0,6.0,7.0,0.0,2.0,0.2,0.0,0.55,1.0,0.0,0.0,12.13,9.0,8.94,3.0,0.1,0.0,0.0,0.85,0.88,0.88
847752784800688482118,2025,Johnston-Poehling-Colangelo,ANA,line,5on5,2,818.0,8.0,0.7,0.58,0.44,5.75,0.71,0.37,1.49,0.22,2.94,2.28,0.69,0.72,0.71,5.0,3.0,7.0,15.0,1.0,2.0,1.0,1.0,0.0,2.0,2.0,4.0,7.0,1.0,5.0,13.0,5.0,2.0,5.0,5.0,3.0,0.0,0.14,0.56,0.0,0.0,1.0,0.0,14.98,8.0,8.04,2.0,0.08,0.38,0.38,0.4,0.4,0.4,7.5,0.3,0.35,2.04,0.23,3.93,3.14,0.29,0.29,0.28,9.0,1.0,1.0,11.0,0.0,0.0,0.0,3.0,0.0,4.0,3.0,9.0,10.0,1.0,5.0,7.0,8.0,1.0,4.0,10.0,0.0,0.0,0.3,0.0,0.0,0.0,0.0,0.0,10.78,10.0,9.88,3.0,0.07,0.0,0.0,0.37,0.36,0.35
84784548480874,2025,Ginning-Juulsen,PHI,pairing,5on5,4,1500.0,17.0,0.26,0.29,0.2,2.87,0.3,0.2,0.67,0.09,1.75,1.0,0.29,0.32,0.3,1.0,3.0,5.0,9.0,1.0,0.0,0.0,0.0,0.0,1.0,2.0,0.0,3.0,2.0,4.0,5.0,14.0,2.0,11.0,3.0,1.0,0.0,0.13,0.17,0.0,1.0,0.0,0.0,9.0,4.0,4.05,3.0,0.04,0.0,0.0,0.34,0.36,0.34,11.22,0.87,0.72,2.68,0.38,6.6,4.75,0.85,0.86,0.84,12.0,4.0,6.0,22.0,2.0,1.0,0.0,1.0,0.0,4.0,8.0,10.0,14.0,3.0,6.0,10.0,13.0,3.0,9.0,13.0,3.0,0.0,0.44,0.43,0.0,2.0,0.0,0.0,22.26,16.0,16.25,4.0,0.15,0.16,0.16,0.85,0.86,0.85
84779508480871,2025,Deangelo-Boqvist,NYI,pairing,5on5,2,1492.0,6.0,0.3,0.37,0.33,10.18,1.14,0.62,2.55,0.3,4.79,3.61,1.13,1.15,1.15,10.0,3.0,5.0,18.0,0.0,1.0,0.0,1.0,0.0,4.0,7.0,10.0,13.0,1.0,2.0,9.0,12.0,0.0,7.0,7.0,5.0,1.0,0.19,0.63,0.32,0.0,0.0,0.0,18.54,13.0,13.31,3.0,0.13,0.09,0.09,1.18,1.2,1.19,20.16,2.66,1.56,4.48,0.65,10.3,7.36,2.42,2.63,2.41,20.0,7.0,4.0,31.0,1.0,5.0,0.0,7.0,0.0,7.0,7.0,19.0,26.0,0.0,0.0,12.0,14.0,2.0,12.0,15.0,9.0,3.0,0.54,1.31,0.81,0.0,1.0,0.0,30.64,27.0,26.74,8.0,0.32,1.14,1.14,1.84,1.84,1.79
847464184834558485493,2025,Howard-Henrique-Tomasek,EDM,line,5on5,5,1544.0,25.0,0.53,0.63,0.63,12.76,0.64,0.76,3.69,0.45,7.82,5.64,0.63,0.65,0.65,12.0,7.0,5.0,24.0,0.0,1.0,0.0,2.0,0.0,7.0,9.0,12.0,19.0,3.0,6.0,12.0,7.0,1.0,6.0,16.0,3.0,0.0,0.31,0.32,0.0,0.0,0.0,0.0,24.43,19.0,19.56,3.0,0.16,0.11,0.11,0.68,0.7,0.7,7.78,0.57,0.51,1.98,0.29,4.32,3.33,0.57,0.55,0.55,6.0,5.0,3.0,14.0,0.0,0.0,0.0,0.0,0.0,8.0,3.0,6.0,11.0,1.0,2.0,11.0,11.0,1.0,10.0,9.0,2.0,0.0,0.25,0.32,0.0,0.0,0.0,0.0,13.73,11.0,10.67,7.0,0.1,0.0,0.0,0.68,0.65,0.64
84821058482245,2025,Sanderson-Zub,OTT,pairing,5on5,7,5236.0,16.0,0.49,0.56,0.55,44.87,3.26,2.63,12.14,1.39,24.06,17.51,3.19,3.26,3.19,40.0,21.0,32.0,93.0,2.0,2.0,1.0,11.0,0.0,22.0,24.0,38.0,59.0,6.0,15.0,65.0,41.0,5.0,29.0,50.0,8.0,3.0,1.28,1.16,0.83,0.0,1.0,1.0,90.58,61.0,59.84,12.0,0.55,0.41,0.41,3.39,3.36,3.33,37.9,3.36,2.33,9.33,1.31,19.33,14.32,3.24,3.51,3.37,34.0,16.0,22.0,72.0,4.0,5.0,1.0,9.0,0.0,19.0,13.0,30.0,46.0,7.0,17.0,34.0,42.0,5.0,26.0,34.0,13.0,3.0,1.06,1.55,0.75,3.0,1.0,0.0,75.12,50.0,51.75,12.0,0.49,0.94,0.94,2.91,3.02,2.98
847643284826608484166,2025,Johnson-Jenner-Fantilli,CBJ,line,5on5,4,1275.0,39.0,0.63,0.71,0.72,17.16,1.11,1.08,4.17,0.51,9.38,6.75,1.09,1.09,1.08,15.0,8.0,9.0,32.0,2.0,1.0,0.0,2.0,0.0,13.0,5.0,13.0,21.0,4.0,8.0,11.0,13.0,5.0,10.0,19.0,4.0,0.0,0.55,0.56,0.0,1.0,1.0,0.0,32.4,23.0,23.07,5.0,0.22,0.16,0.16,1.18,1.17,1.16,6.65,0.66,0.43,1.5,0.2,3.5,2.7,0.65,0.65,0.64,4.0,5.0,4.0,13.0,2.0,0.0,0.0,0.0,0.0,5.0,2.0,2.0,7.0,2.0,4.0,12.0,6.0,1.0,10.0,5.0,3.0,1.0,0.14,0.32,0.21,2.0,0.0,0.0,12.68,9.0,8.75,4.0,0.09,0.0,0.0,0.75,0.74,0.73
847802084815968482092,2025,Greig-Pinto-Amadio,OTT,line,5on5,4,980.0,22.0,0.66,0.61,0.7,9.84,0.69,0.68,2.16,0.31,6.02,4.14,0.67,0.67,0.65,9.0,5.0,5.0,19.0,1.0,0.0,0.0,5.0,0.0,4.0,4.0,8.0,13.0,0.0,0.0,13.0,6.0,0.0,5.0,10.0,4.0,0.0,0.3,0.39,0.0,0.0,1.0,0.0,18.19,14.0,13.8,1.0,0.14,0.0,0.0,0.82,0.8,0.79,4.4,0.35,0.27,1.25,0.13,2.31,1.71,0.35,0.37,0.37,4.0,2.0,6.0,12.0,1.0,0.0,0.0,2.0,0.0,2.0,1.0,3.0,5.0,1.0,2.0,9.0,7.0,1.0,4.0,4.0,2.0,0.0,0.14,0.21,0.0,1.0,0.0,0.0,12.57,6.0,6.27,2.0,0.06,0.0,0.0,0.4,0.43,0.43
847804284784018479999,2025,Arvidsson-Zacha-Mittelstadt,BOS,line,5on5,6,3142.0,14.0,0.41,0.46,0.49,26.31,1.76,1.71,7.08,0.94,14.86,10.65,1.75,1.71,1.7,19.0,18.0,7.0,44.0,4.0,4.0,0.0,7.0,0.0,11.0,11.0,15.0,33.0,1.0,2.0,21.0,14.0,5.0,17.0,32.0,5.0,0.0,1.15,0.61,0.0,2.0,2.0,0.0,43.11,37.0,36.39,6.0,0.36,0.11,0.11,2.01,1.95,1.94,28.02,2.54,1.81,7.17,1.02,15.17,11.29,2.46,2.57,2.5,23.0,16.0,13.0,52.0,3.0,3.0,0.0,7.0,0.0,8.0,18.0,20.0,36.0,4.0,8.0,29.0,27.0,6.0,17.0,26.0,11.0,2.0,0.64,1.34,0.56,0.0,3.0,0.0,53.07,39.0,39.82,10.0,0.38,0.41,0.41,2.51,2.58,2.54
84769068482100,2025,Gostisbehere-Nikishin,CAR,pairing,5on5,5,3088.0,20.0,0.82,0.65,0.7,41.87,4.9,3.06,9.61,1.42,21.55,15.46,4.5,5.03,4.61,37.0,19.0,18.0,74.0,8.0,6.0,1.0,6.0,0.0,21.0,15.0,29.0,48.0,5.0,10.0,26.0,16.0,7.0,16.0,36.0,15.0,5.0,1.49,2.0,1.41,2.0,5.0,1.0,77.49,56.0,58.69,6.0,0.65,1.34,1.34,4.21,4.36,4.18,16.66,1.05,1.05,3.79,0.58,9.78,7.75,1.03,1.02,1.01,16.0,8.0,15.0,39.0,1.0,0.0,0.0,2.0,0.0,11.0,10.0,15.0,23.0,3.0,6.0,34.0,31.0,1.0,11.0,20.0,4.0,0.0,0.52,0.53,0.0,1.0,0.0,0.0,37.63,24.0,23.16,4.0,0.21,0.0,0.0,1.26,1.23,1.21
84784608483485,2025,Werenski-Mateychuk,CBJ,pairing,5on5,6,2562.0,29.0,0.53,0.48,0.49,23.16,1.56,1.36,5.59,0.71,12.14,9.64,1.54,1.6,1.58,19.0,12.0,8.0,39.0,2.0,1.0,0.0,3.0,0.0,13.0,12.0,17.0,29.0,3.0,6.0,29.0,16.0,2.0,12.0,25.0,6.0,0.0,0.7,0.86,0.0,2.0,0.0,0.0,40.0,31.0,31.88,8.0,0.28,0.13,0.13,1.72,1.74,1.72,22.23,1.41,1.32,6.06,0.75,12.94,9.52,1.38,1.36,1.33,19.0,13.0,11.0,43.0,1.0,1.0,0.0,9.0,0.0,13.0,8.0,18.0,31.0,1.0,2.0,16.0,9.0,7.0,23.0,28.0,3.0,1.0,0.77,0.39,0.25,1.0,0.0,0.0,41.88,32.0,30.88,11.0,0.26,0.16,0.16,1.51,1.47,1.44
84717248478854,2025,Shea-Letang,PIT,pairing,5on5,7,5325.0,13.0,0.56,0.47,0.51,49.96,5.79,3.72,11.34,1.62,26.26,18.27,5.48,6.01,5.68,45.0,22.0,24.0,91.0,5.0,4.0,1.0,7.0,1.0,25.0,25.0,40.0,62.0,6.0,12.0,36.0,26.0,5.0,20.0,42.0,20.0,5.0,1.46,2.63,1.7,3.0,1.0,1.0,94.19,67.0,69.26,13.0,0.78,1.32,1.32,5.25,5.41,5.22,47.45,4.6,3.0,12.55,1.57,24.7,18.57,4.53,4.56,4.49,47.0,18.0,39.0,104.0,3.0,5.0,0.0,7.0,0.0,24.0,26.0,44.0,62.0,2.0,4.0,43.0,43.0,5.0,30.0,49.0,9.0,7.0,1.33,1.33,1.94,1.0,2.0,0.0,102.8,65.0,64.36,15.0,0.63,1.46,1.46,3.76,3.75,3.72
847360484768718480113,2025,Iafallo-Toews-Pearson,WPG,line,5on5,4,1022.0,27.0,0.36,0.31,0.28,5.55,0.91,0.42,1.26,0.17,2.49,1.75,0.85,0.95,0.89,2.0,5.0,4.0,11.0,0.0,2.0,0.0,1.0,0.0,2.0,2.0,2.0,7.0,3.0,6.0,12.0,9.0,1.0,4.0,3.0,1.0,3.0,0.08,0.16,0.68,0.0,0.0,0.0,12.05,7.0,7.48,3.0,0.09,0.4,0.4,0.6,0.63,0.63,12.83,1.6,1.06,3.09,0.47,6.88,4.9,1.51,1.55,1.47,11.0,7.0,7.0,25.0,1.0,4.0,0.0,0.0,0.0,8.0,5.0,10.0,17.0,1.0,2.0,4.0,5.0,1.0,7.0,12.0,3.0,3.0,0.29,0.43,0.88,1.0,0.0,0.0,23.05,18.0,16.6,3.0,0.22,0.89,0.89,0.93,0.88,0.86
84769588480336,2025,Slavin-Walker,CAR,pairing,5on5,2,1563.0,5.0,0.7,0.7,0.66,15.47,1.66,0.97,3.94,0.52,8.29,5.63,1.47,1.58,1.4,13.0,8.0,11.0,32.0,0.0,3.0,0.0,0.0,0.0,10.0,8.0,13.0,21.0,0.0,0.0,15.0,15.0,3.0,5.0,14.0,5.0,2.0,0.4,0.64,0.63,0.0,0.0,0.0,31.27,21.0,20.51,1.0,0.2,0.79,0.79,1.07,1.03,1.01,8.5,0.71,0.46,2.03,0.24,4.15,3.41,0.71,0.73,0.73,7.0,4.0,3.0,14.0,2.0,0.0,0.0,3.0,0.0,2.0,4.0,5.0,9.0,1.0,2.0,10.0,18.0,2.0,10.0,8.0,2.0,1.0,0.27,0.23,0.21,2.0,0.0,0.0,14.05,11.0,11.0,7.0,0.1,0.0,0.0,0.8,0.83,0.82
84751678478416,2025,Hedman-Cernak,TBL,pairing,5on5,6,610.0,43.0,0.03,0.12,0.1,1.4,0.04,0.1,0.31,0.04,0.77,0.76,0.04,0.04,0.04,0.0,2.0,1.0,3.0,0.0,0.0,0.0,0.0,0.0,1.0,1.0,0.0,2.0,1.0,2.0,0.0,7.0,0.0,5.0,2.0,0.0,0.0,0.04,0.0,0.0,0.0,0.0,0.0,2.86,2.0,1.84,1.0,0.02,0.0,0.0,0.06,0.05,0.05,11.93,1.06,0.8,3.01,0.46,7.31,5.36,1.04,1.12,1.1,11.0,7.0,5.0,23.0,0.0,1.0,0.0,4.0,0.0,6.0,7.0,11.0,18.0,1.0,2.0,4.0,4.0,2.0,1.0,15.0,2.0,1.0,0.53,0.31,0.22,0.0,0.0,0.0,23.8,18.0,18.73,1.0,0.16,0.03,0.03,1.2,1.26,1.24
84778108484768,2025,Hanley-Parekh,CGY,pairing,5on5,4,1355.0,23.0,0.77,0.62,0.64,10.25,0.9,0.6,2.63,0.36,5.48,4.03,0.87,0.87,0.84,9.0,5.0,10.0,24.0,0.0,1.0,0.0,2.0,0.0,6.0,5.0,9.0,14.0,1.0,2.0,10.0,21.0,1.0,4.0,11.0,3.0,0.0,0.35,0.54,0.0,0.0,0.0,0.0,23.7,14.0,14.01,2.0,0.12,0.2,0.2,0.82,0.8,0.78,5.45,0.27,0.32,1.47,0.17,3.34,2.43,0.26,0.27,0.27,6.0,2.0,7.0,15.0,0.0,0.0,0.0,2.0,0.0,6.0,0.0,6.0,8.0,1.0,2.0,12.0,16.0,3.0,12.0,7.0,1.0,0.0,0.15,0.12,0.0,0.0,0.0,0.0,15.3,8.0,7.98,6.0,0.07,0.0,0.0,0.34,0.34,0.33
847523184812378481601,2025,Maclean-Cizikas-Holmstrom,NYI,line,5on5,2,987.0,7.0,0.07,0.26,0.27,2.52,0.08,0.13,0.72,0.1,1.76,1.22,0.08,0.08,0.08,2.0,2.0,3.0,7.0,0.0,0.0,0.0,0.0,0.0,3.0,1.0,2.0,4.0,0.0,0.0,8.0,9.0,0.0,4.0,4.0,0.0,0.0,0.08,0.0,0.0,0.0,0.0,0.0,7.03,4.0,4.07,3.0,0.03,0.0,0.0,0.1,0.1,0.1,7.84,1.04,0.61,2.0,0.32,4.25,2.79,0.99,1.07,1.02,10.0,1.0,9.0,20.0,1.0,2.0,0.0,2.0,0.0,5.0,1.0,9.0,10.0,0.0,0.0,10.0,11.0,2.0,7.0,6.0,3.0,2.0,0.23,0.35,0.47,1.0,0.0,0.0,20.2,11.0,11.27,5.0,0.13,0.47,0.47,0.7,0.72,0.72
84768758480865,2025,Matheson-Dobson,MTL,pairing,5on5,7,6120.0,8.0,0.63,0.54,0.55,47.51,5.25,3.15,11.62,1.55,24.05,18.38,4.81,5.3,4.85,41.0,23.0,24.0,88.0,5.0,6.0,0.0,10.0,0.0,19.0,24.0,36.0,59.0,5.0,10.0,51.0,38.0,4.0,22.0,42.0,14.0,8.0,1.17,1.81,2.27,1.0,3.0,1.0,89.26,64.0,64.89,11.0,0.67,1.63,1.63,4.29,4.35,4.14,40.45,3.03,2.27,10.49,1.26,20.77,15.17,3.01,3.02,3.01,30.0,23.0,23.0,76.0,2.0,2.0,0.0,8.0,0.0,15.0,26.0,28.0,51.0,7.0,14.0,47.0,44.0,10.0,34.0,40.0,11.0,2.0,1.05,1.42,0.55,1.0,1.0,0.0,75.51,53.0,52.56,10.0,0.47,0.42,0.42,3.08,3.1,3.09
847942084834688484145,2025,Benson-Kulich-Thompson,BUF,line,5on5,3,1876.0,4.0,0.6,0.51,0.55,17.09,1.79,1.3,4.5,0.61,8.8,6.0,1.68,1.83,1.72,13.0,10.0,11.0,34.0,1.0,4.0,0.0,1.0,0.0,8.0,9.0,12.0,22.0,5.0,10.0,11.0,13.0,1.0,9.0,15.0,6.0,2.0,0.53,0.78,0.48,0.0,1.0,0.0,35.57,23.0,23.38,2.0,0.27,0.75,0.75,1.32,1.35,1.32,13.84,1.2,0.86,3.39,0.44,7.16,5.94,1.13,1.18,1.11,13.0,6.0,14.0,33.0,3.0,0.0,0.0,2.0,0.0,7.0,7.0,10.0,16.0,3.0,6.0,22.0,19.0,2.0,7.0,13.0,6.0,0.0,0.29,0.9,0.0,0.0,3.0,0.0,31.39,19.0,18.58,3.0,0.18,0.0,0.0,1.38,1.35,1.28
84816068482105,2025,Sanderson-Spence,OTT,pairing,5on5,4,744.0,18.0,0.87,0.84,0.76,10.05,1.39,0.75,2.33,0.29,4.8,3.45,1.24,1.33,1.19,9.0,4.0,8.0,21.0,2.0,2.0,0.0,1.0,0.0,3.0,5.0,7.0,11.0,0.0,0.0,11.0,10.0,0.0,5.0,6.0,5.0,2.0,0.16,0.59,0.63,0.0,2.0,0.0,19.55,13.0,12.35,3.0,0.16,0.58,0.58,0.97,0.94,0.9,3.07,0.21,0.2,0.7,0.09,1.61,1.18,0.21,0.23,0.23,3.0,1.0,0.0,4.0,1.0,0.0,0.0,1.0,0.0,2.0,0.0,2.0,3.0,0.0,0.0,2.0,1.0,0.0,3.0,3.0,1.0,0.0,0.07,0.14,0.0,0.0,1.0,0.0,4.21,4.0,4.2,2.0,0.04,0.0,0.0,0.25,0.27,0.27
84764418482730,2025,Edmundson-Clarke,LAK,pairing,5on5,7,5299.0,19.0,0.43,0.49,0.51,41.13,3.0,2.62,10.78,1.36,22.81,16.43,2.97,2.99,2.95,38.0,19.0,29.0,86.0,4.0,2.0,1.0,10.0,0.0,22.0,19.0,34.0,53.0,10.0,26.0,42.0,55.0,10.0,32.0,45.0,9.0,3.0,1.26,0.95,0.79,1.0,2.0,1.0,83.75,57.0,56.46,17.0,0.54,0.33,0.33,3.2,3.2,3.17,40.78,3.93,2.56,11.02,1.41,20.56,15.52,3.83,4.05,3.95,34.0,21.0,36.0,91.0,2.0,7.0,0.0,5.0,0.0,20.0,21.0,32.0,53.0,10.0,26.0,48.0,38.0,8.0,28.0,34.0,17.0,4.0,0.86,2.03,1.04,1.0,1.0,0.0,93.32,55.0,56.96,15.0,0.54,1.14,1.14,3.33,3.44,3.38
847121484784408481580,2025,Ovechkin-Mcmichael-Strome,WSH,line,5on5,4,935.0,26.0,0.54,0.55,0.46,7.14,0.62,0.53,2.19,0.34,4.26,3.06,0.61,0.65,0.65,5.0,6.0,12.0,23.0,1.0,1.0,0.0,2.0,0.0,4.0,3.0,4.0,10.0,0.0,0.0,10.0,7.0,3.0,7.0,8.0,3.0,0.0,0.29,0.33,0.0,0.0,1.0,0.0,24.24,11.0,11.45,4.0,0.11,0.03,0.03,0.7,0.75,0.74,9.32,0.52,0.57,2.44,0.31,5.3,3.87,0.52,0.51,0.5,6.0,7.0,6.0,19.0,0.0,1.0,0.0,2.0,0.0,5.0,5.0,6.0,13.0,0.0,0.0,10.0,4.0,0.0,7.0,10.0,3.0,0.0,0.24,0.28,0.0,0.0,0.0,0.0,17.75,13.0,12.39,5.0,0.12,0.02,0.02,0.61,0.6,0.6
847688084815808482148,2025,Lapierre-Mcmichael-Wilson,WSH,line,5on5,2,624.0,8.0,0.97,0.88,0.94,10.99,1.13,0.82,2.63,0.38,6.62,4.41,1.06,1.1,1.03,10.0,6.0,7.0,23.0,0.0,2.0,0.0,3.0,0.0,5.0,6.0,10.0,16.0,0.0,0.0,4.0,2.0,5.0,3.0,11.0,4.0,1.0,0.37,0.52,0.24,0.0,0.0,0.0,23.24,16.0,15.82,1.0,0.17,0.27,0.27,1.03,0.99,0.97,0.64,0.03,0.04,0.25,0.02,0.39,0.27,0.03,0.03,0.03,0.0,1.0,2.0,3.0,0.0,0.0,0.0,0.0,0.0,0.0,1.0,0.0,1.0,1.0,2.0,4.0,1.0,0.0,2.0,1.0,0.0,0.0,0.03,0.0,0.0,0.0,0.0,0.0,2.77,1.0,0.95,1.0,0.01,0.0,0.0,0.04,0.04,0.04
84794108484386,2025,Sergachev-Simashev,UTA,pairing,5on5,7,3208.0,34.0,0.51,0.55,0.55,36.5,3.29,2.16,9.84,1.22,17.95,13.54,3.13,3.21,3.05,35.0,13.0,18.0,66.0,2.0,6.0,0.0,7.0,0.0,17.0,16.0,33.0,46.0,7.0,17.0,29.0,17.0,2.0,24.0,35.0,9.0,4.0,0.76,1.28,1.25,1.0,1.0,0.0,64.69,48.0,47.14,9.0,0.44,1.32,1.32,2.41,2.35,2.33,30.5,3.2,1.86,8.31,1.05,13.94,10.64,2.95,3.28,3.02,26.0,13.0,15.0,54.0,1.0,8.0,0.0,9.0,0.0,12.0,9.0,25.0,38.0,4.0,11.0,33.0,22.0,3.0,13.0,26.0,10.0,3.0,0.73,1.55,0.92,1.0,0.0,0.0,54.4,39.0,39.39,6.0,0.39,1.43,1.43,2.17,2.22,2.14
847793484784028481617,2025,Draisaitl-Mcdavid-Podkolzin,EDM,line,5on5,3,1083.0,21.0,0.61,0.55,0.48,7.98,0.64,0.46,1.75,0.23,4.62,3.29,0.64,0.66,0.65,9.0,2.0,5.0,16.0,1.0,0.0,0.0,5.0,0.0,0.0,5.0,8.0,10.0,0.0,0.0,3.0,3.0,0.0,5.0,7.0,4.0,0.0,0.18,0.46,0.0,0.0,1.0,0.0,16.21,11.0,10.98,4.0,0.1,0.0,0.0,0.74,0.75,0.75,8.55,0.41,0.47,2.07,0.28,5.01,3.77,0.41,0.4,0.39,7.0,5.0,1.0,13.0,0.0,0.0,0.0,1.0,0.0,3.0,8.0,7.0,12.0,0.0,0.0,10.0,5.0,0.0,6.0,12.0,0.0,0.0,0.41,0.0,0.0,0.0,0.0,0.0,12.62,12.0,11.75,2.0,0.09,0.0,0.0,0.5,0.48,0.48
84740138484386,2025,Cole-Simashev,UTA,pairing,5on5,7,1612.0,48.0,0.39,0.39,0.42,9.35,0.64,0.56,2.41,0.41,5.29,3.69,0.63,0.65,0.65,11.0,2.0,7.0,20.0,1.0,0.0,0.0,4.0,0.0,4.0,4.0,10.0,12.0,4.0,8.0,4.0,12.0,1.0,8.0,10.0,3.0,0.0,0.19,0.45,0.0,0.0,1.0,0.0,20.23,13.0,13.19,6.0,0.12,0.0,0.0,0.75,0.77,0.76,12.66,0.98,0.78,3.3,0.46,7.07,5.41,0.98,0.98,0.97,12.0,6.0,13.0,31.0,1.0,0.0,0.0,5.0,0.0,6.0,6.0,11.0,17.0,2.0,4.0,17.0,19.0,5.0,8.0,14.0,4.0,0.0,0.38,0.6,0.0,1.0,0.0,0.0,30.96,18.0,17.98,3.0,0.16,0.0,0.0,1.14,1.14,1.13
847662484808488484911,2025,Goodrow-Dellandrea-Graf,SJS,line,5on5,4,803.0,20.0,0.53,0.46,0.47,5.59,0.99,0.46,1.57,0.24,2.71,2.03,0.82,0.91,0.76,8.0,0.0,5.0,13.0,0.0,2.0,0.0,2.0,0.0,1.0,3.0,8.0,8.0,0.0,0.0,4.0,8.0,0.0,4.0,6.0,0.0,2.0,0.17,0.0,0.81,0.0,0.0,0.0,12.17,8.0,7.44,2.0,0.1,0.81,0.81,0.28,0.26,0.24,7.02,0.87,0.55,1.98,0.2,3.07,2.32,0.85,0.9,0.88,5.0,4.0,6.0,15.0,0.0,2.0,0.0,0.0,0.0,3.0,4.0,5.0,9.0,2.0,4.0,8.0,6.0,1.0,5.0,5.0,3.0,1.0,0.13,0.42,0.31,0.0,0.0,0.0,15.16,9.0,9.13,5.0,0.12,0.49,0.49,0.49,0.51,0.51
847515884768878485405,2025,Forsberg-O'Reilly-Martin,NSH,line,5on5,3,1041.0,10.0,0.56,0.43,0.46,9.5,0.98,0.58,2.78,0.38,4.91,3.37,0.96,0.95,0.93,6.0,7.0,3.0,16.0,1.0,2.0,0.0,2.0,0.0,4.0,4.0,5.0,12.0,1.0,2.0,12.0,5.0,1.0,3.0,10.0,1.0,2.0,0.32,0.2,0.46,1.0,0.0,0.0,15.68,13.0,12.86,3.0,0.12,0.27,0.27,0.83,0.81,0.8,11.1,0.78,0.65,3.16,0.37,5.89,4.14,0.76,0.81,0.8,13.0,2.0,6.0,21.0,1.0,1.0,0.0,6.0,0.0,5.0,2.0,12.0,14.0,1.0,2.0,10.0,10.0,1.0,8.0,13.0,1.0,1.0,0.41,0.13,0.24,0.0,0.0,1.0,21.62,15.0,15.44,1.0,0.14,0.04,0.04,0.88,0.92,0.91
84774988480831,2025,Nurse-Regula,EDM,pairing,5on5,2,1481.0,5.0,0.71,0.57,0.58,14.21,0.83,0.81,3.99,0.44,7.68,5.25,0.77,0.8,0.75,14.0,5.0,5.0,24.0,0.0,2.0,0.0,3.0,0.0,8.0,6.0,14.0,19.0,1.0,2.0,10.0,16.0,1.0,4.0,16.0,1.0,2.0,0.26,0.09,0.48,0.0,0.0,0.0,23.89,19.0,19.0,0.0,0.17,0.28,0.28,0.72,0.7,0.69,10.44,0.34,0.49,2.58,0.32,5.65,4.63,0.32,0.34,0.33,8.0,6.0,4.0,18.0,1.0,0.0,0.0,1.0,0.0,7.0,5.0,7.0,13.0,2.0,4.0,10.0,15.0,1.0,12.0,14.0,0.0,0.0,0.34,0.0,0.0,1.0,0.0,0.0,17.81,14.0,13.81,6.0,0.1,0.0,0.0,0.43,0.44,0.43
847403784799928481725,2025,Soderblom-Rasmussen-Van Riemsdyk,DET,line,5on5,2,698.0,8.0,0.83,0.65,0.73,7.85,0.84,0.57,2.09,0.28,4.38,2.84,0.82,0.83,0.8,7.0,4.0,4.0,15.0,0.0,2.0,0.0,3.0,0.0,4.0,2.0,7.0,11.0,0.0,0.0,10.0,4.0,1.0,2.0,7.0,2.0,2.0,0.22,0.19,0.43,0.0,0.0,0.0,15.2,11.0,11.1,0.0,0.12,0.43,0.43,0.53,0.52,0.52,2.71,0.17,0.17,0.72,0.09,1.68,1.16,0.17,0.17,0.17,4.0,0.0,4.0,8.0,0.0,0.0,0.0,1.0,0.0,2.0,1.0,4.0,4.0,1.0,2.0,5.0,10.0,0.0,3.0,3.0,1.0,0.0,0.06,0.11,0.0,0.0,0.0,0.0,8.03,4.0,3.92,2.0,0.04,0.0,0.0,0.21,0.21,0.21
847682284810328483531,2025,Cotter-Glendening-Halonen,NJD,line,5on5,4,1473.0,16.0,0.33,0.37,0.44,10.96,0.75,0.68,3.23,0.38,5.31,3.65,0.74,0.73,0.72,11.0,3.0,3.0,17.0,0.0,1.0,0.0,3.0,0.0,4.0,6.0,11.0,14.0,2.0,7.0,19.0,24.0,2.0,10.0,12.0,2.0,0.0,0.38,0.37,0.0,0.0,0.0,0.0,17.42,14.0,14.25,4.0,0.14,0.05,0.05,0.85,0.83,0.83,13.49,1.55,0.91,2.74,0.41,7.05,5.35,1.52,1.54,1.51,11.0,7.0,11.0,29.0,2.0,2.0,0.0,2.0,0.0,8.0,4.0,9.0,16.0,1.0,5.0,13.0,11.0,4.0,6.0,11.0,4.0,3.0,0.3,0.43,0.81,1.0,0.0,1.0,28.62,18.0,17.72,4.0,0.19,0.6,0.6,1.14,1.11,1.1
84793698482511,2025,Lohrei-Peeke,BOS,pairing,5on5,6,782.0,45.0,0.12,0.29,0.28,3.63,0.1,0.17,0.9,0.11,1.95,1.77,0.1,0.1,0.1,3.0,2.0,3.0,8.0,0.0,0.0,0.0,2.0,0.0,2.0,1.0,3.0,5.0,0.0,0.0,7.0,5.0,0.0,2.0,5.0,0.0,0.0,0.1,0.0,0.0,0.0,0.0,0.0,7.85,5.0,4.85,1.0,0.03,0.0,0.0,0.13,0.13,0.13,9.11,0.73,0.58,2.22,0.3,5.31,3.86,0.73,0.75,0.75,7.0,6.0,7.0,20.0,0.0,0.0,0.0,4.0,0.0,2.0,7.0,7.0,13.0,0.0,0.0,5.0,5.0,2.0,7.0,10.0,3.0,0.0,0.29,0.44,0.0,0.0,0.0,0.0,20.77,13.0,13.45,2.0,0.12,0.0,0.0,0.85,0.87,0.87
847578484788748484801,2025,Skinner-Celebrini-Gaudette,SJS,line,5on5,1,750.0,1.0,0.46,0.52,0.44,5.86,0.4,0.37,1.25,0.17,3.26,2.54,0.4,0.38,0.38,5.0,3.0,5.0,13.0,0.0,0.0,0.0,2.0,0.0,3.0,3.0,5.0,8.0,0.0,0.0,4.0,3.0,2.0,4.0,5.0,3.0,0.0,0.11,0.29,0.0,0.0,0.0,0.0,12.16,8.0,7.61,2.0,0.08,0.0,0.0,0.48,0.45,0.45,6.8,0.48,0.47,1.68,0.23,4.3,2.85,0.48,0.51,0.51,8.0,2.0,2.0,12.0,1.0,0.0,0.0,1.0,0.0,3.0,5.0,7.0,9.0,1.0,2.0,3.0,3.0,1.0,4.0,7.0,3.0,0.0,0.13,0.34,0.0,0.0,1.0,0.0,12.65,10.0,10.49,1.0,0.1,0.0,0.0,0.57,0.61,0.61
84768798479998,2025,Anderson-Ceci,LAK,pairing,5on5,4,3439.0,8.0,0.44,0.46,0.47,27.65,2.33,1.84,6.62,0.89,14.55,10.77,2.3,2.29,2.26,29.0,8.0,11.0,48.0,3.0,1.0,0.0,4.0,0.0,17.0,12.0,26.0,34.0,1.0,2.0,20.0,25.0,4.0,15.0,24.0,12.0,1.0,0.61,1.45,0.27,1.0,2.0,0.0,45.73,37.0,35.88,9.0,0.38,0.12,0.12,2.6,2.54,2.51,30.14,2.96,2.09,6.89,1.02,16.69,12.36,2.89,3.03,2.95,25.0,17.0,15.0,57.0,1.0,3.0,0.0,7.0,0.0,18.0,13.0,24.0,41.0,0.0,0.0,35.0,17.0,3.0,15.0,27.0,13.0,2.0,0.71,1.8,0.44,0.0,1.0,0.0,59.68,42.0,43.3,4.0,0.43,0.33,0.33,3.07,3.15,3.12
84747168484798,2025,Spurgeon-Buium,MIN,pairing,5on5,6,3414.0,21.0,0.4,0.46,0.47,25.16,1.9,1.59,6.05,0.8,13.73,9.93,1.84,1.91,1.86,20.0,14.0,20.0,54.0,0.0,4.0,0.0,0.0,0.0,13.0,17.0,20.0,34.0,1.0,2.0,22.0,19.0,4.0,15.0,25.0,8.0,1.0,0.7,0.86,0.34,0.0,0.0,0.0,55.11,34.0,34.33,8.0,0.33,0.62,0.62,1.6,1.62,1.59,28.46,2.85,2.0,6.14,0.89,15.71,11.4,2.72,2.73,2.62,28.0,11.0,24.0,63.0,4.0,1.0,0.0,4.0,0.0,17.0,13.0,24.0,35.0,5.0,10.0,24.0,26.0,3.0,13.0,28.0,8.0,3.0,1.03,1.01,0.81,3.0,1.0,0.0,61.47,39.0,38.32,9.0,0.41,0.38,0.38,2.88,2.8,2.68
847687184802898481043,2025,Pearson-Barron-Koepke,WPG,line,5on5,4,1050.0,15.0,0.5,0.29,0.35,5.48,0.58,0.36,1.21,0.15,2.71,1.99,0.58,0.56,0.56,5.0,2.0,2.0,9.0,1.0,0.0,0.0,2.0,0.0,2.0,2.0,4.0,6.0,2.0,4.0,9.0,22.0,2.0,8.0,4.0,2.0,1.0,0.1,0.25,0.22,0.0,1.0,0.0,8.57,7.0,6.79,5.0,0.08,0.0,0.0,0.66,0.64,0.64,9.23,0.58,0.57,2.34,0.27,5.41,3.83,0.57,0.58,0.58,9.0,4.0,9.0,22.0,1.0,0.0,0.0,3.0,0.0,8.0,1.0,8.0,12.0,1.0,2.0,9.0,7.0,1.0,6.0,11.0,2.0,0.0,0.39,0.19,0.0,1.0,0.0,0.0,21.98,13.0,13.07,1.0,0.12,0.0,0.0,0.7,0.7,0.69
84769318478443,2025,Mccabe-Carlo,TOR,pairing,5on5,5,786.0,39.0,0.76,0.5,0.57,6.08,0.52,0.42,1.5,0.17,3.29,2.1,0.52,0.5,0.5,4.0,4.0,3.0,11.0,0.0,0.0,0.0,1.0,0.0,4.0,3.0,4.0,8.0,1.0,2.0,5.0,5.0,2.0,4.0,6.0,2.0,0.0,0.2,0.32,0.0,0.0,0.0,0.0,10.36,8.0,7.63,0.0,0.09,0.0,0.0,0.61,0.59,0.58,4.33,0.17,0.21,1.11,0.14,2.41,1.97,0.17,0.18,0.18,4.0,2.0,5.0,11.0,1.0,0.0,0.0,1.0,0.0,1.0,3.0,3.0,5.0,2.0,4.0,2.0,4.0,1.0,2.0,6.0,0.0,0.0,0.17,0.0,0.0,1.0,0.0,0.0,12.28,6.0,6.6,0.0,0.04,0.0,0.0,0.21,0.23,0.23
847889184799928481725,2025,Soderblom-Rasmussen-Appleton,DET,line,5on5,3,715.0,16.0,0.61,0.59,0.5,5.11,0.34,0.33,1.48,0.18,2.77,1.91,0.34,0.31,0.31,1.0,6.0,6.0,13.0,0.0,0.0,0.0,0.0,0.0,3.0,4.0,1.0,7.0,2.0,4.0,4.0,9.0,0.0,3.0,6.0,1.0,0.0,0.17,0.17,0.0,0.0,0.0,0.0,11.83,7.0,6.44,0.0,0.07,0.0,0.0,0.41,0.37,0.37,4.94,0.22,0.33,1.1,0.14,3.05,2.16,0.21,0.24,0.23,4.0,3.0,2.0,9.0,1.0,0.0,0.0,0.0,0.0,3.0,3.0,3.0,6.0,1.0,2.0,3.0,2.0,2.0,4.0,7.0,0.0,0.0,0.22,0.0,0.0,1.0,0.0,0.0,9.9,7.0,7.52,3.0,0.06,0.0,0.0,0.28,0.31,0.3
84764298485366,2025,Schaefer-Mayfield,NYI,pairing,5on5,6,4722.0,11.0,0.47,0.48,0.49,39.97,3.35,2.64,9.81,1.31,23.42,16.46,3.22,3.27,3.14,37.0,20.0,24.0,81.0,6.0,3.0,0.0,8.0,0.0,25.0,15.0,31.0,51.0,3.0,6.0,29.0,25.0,3.0,19.0,43.0,11.0,3.0,1.24,1.26,0.85,4.0,1.0,1.0,77.52,57.0,55.29,14.0,0.54,0.52,0.52,3.37,3.28,3.24,42.69,3.75,2.91,10.2,1.39,23.22,17.53,3.61,3.88,3.73,39.0,20.0,29.0,88.0,5.0,3.0,0.0,6.0,0.0,25.0,20.0,34.0,54.0,6.0,12.0,41.0,33.0,4.0,33.0,44.0,11.0,4.0,1.29,1.47,1.0,3.0,2.0,0.0,91.72,59.0,60.85,14.0,0.6,0.48,0.48,3.88,4.03,3.89
84752088476879,2025,Dumoulin-Ceci,LAK,pairing,5on5,6,2494.0,22.0,0.34,0.35,0.34,13.63,1.04,0.85,3.55,0.44,6.78,5.33,1.02,1.01,0.99,11.0,7.0,7.0,25.0,0.0,2.0,0.0,4.0,0.0,8.0,4.0,11.0,18.0,3.0,6.0,24.0,31.0,3.0,19.0,16.0,0.0,2.0,0.5,0.0,0.54,0.0,0.0,0.0,24.78,18.0,18.14,9.0,0.18,0.28,0.28,0.94,0.93,0.93,24.86,2.03,1.74,6.15,0.85,13.99,10.25,2.0,2.04,2.01,24.0,11.0,12.0,47.0,5.0,2.0,1.0,5.0,0.0,10.0,13.0,19.0,30.0,1.0,2.0,18.0,26.0,4.0,12.0,26.0,8.0,1.0,0.77,1.02,0.23,2.0,2.0,1.0,46.81,35.0,34.9,6.0,0.36,0.37,0.37,2.02,2.01,1.99
848087684820708483447,2025,Douglas-Geekie-Chaffee,TBL,line,5on5,3,655.0,21.0,0.2,0.42,0.4,4.74,0.21,0.25,1.41,0.15,2.24,1.73,0.21,0.23,0.23,3.0,3.0,2.0,8.0,0.0,1.0,0.0,2.0,0.0,1.0,2.0,3.0,6.0,3.0,6.0,3.0,9.0,1.0,1.0,6.0,0.0,0.0,0.21,0.0,0.0,0.0,0.0,0.0,8.61,6.0,6.4,0.0,0.05,0.03,0.03,0.23,0.25,0.25,6.44,0.86,0.38,1.81,0.22,3.4,2.32,0.85,0.8,0.79,4.0,5.0,2.0,11.0,0.0,2.0,0.0,2.0,0.0,3.0,2.0,4.0,9.0,2.0,4.0,8.0,7.0,0.0,7.0,5.0,2.0,2.0,0.1,0.18,0.59,0.0,0.0,0.0,10.13,9.0,8.3,2.0,0.08,0.59,0.59,0.36,0.33,0.31
847740984779338477935,2025,Verhaeghe-Bennett-Reinhart,FLA,line,5on5,8,1613.0,63.0,0.49,0.43,0.46,11.82,1.1,0.75,3.3,0.43,6.67,4.75,1.06,1.14,1.09,7.0,10.0,4.0,21.0,1.0,3.0,0.0,2.0,0.0,4.0,7.0,6.0,16.0,4.0,8.0,14.0,11.0,1.0,9.0,12.0,5.0,0.0,0.35,0.75,0.0,0.0,1.0,0.0,21.0,17.0,17.28,4.0,0.16,0.46,0.46,0.79,0.82,0.79,14.87,1.14,0.95,3.92,0.48,7.71,5.8,1.13,1.09,1.09,14.0,6.0,8.0,28.0,1.0,0.0,0.0,3.0,0.0,8.0,8.0,13.0,19.0,4.0,8.0,15.0,12.0,4.0,6.0,14.0,6.0,0.0,0.42,0.72,0.0,0.0,1.0,0.0,27.43,20.0,19.64,4.0,0.2,0.0,0.0,1.34,1.29,1.28
84799828482671,2025,Power-Timmins,BUF,pairing,5on5,5,2448.0,15.0,0.51,0.5,0.49,19.73,2.06,1.29,5.58,0.75,9.92,7.4,1.86,2.06,1.85,13.0,14.0,11.0,38.0,1.0,4.0,0.0,3.0,0.0,11.0,8.0,12.0,26.0,7.0,14.0,16.0,13.0,7.0,11.0,18.0,6.0,3.0,0.57,0.76,0.73,1.0,0.0,0.0,38.17,27.0,26.82,7.0,0.28,0.91,0.91,1.42,1.4,1.36,21.06,2.02,1.23,5.24,0.65,10.64,8.22,1.98,2.08,2.05,21.0,7.0,10.0,38.0,3.0,1.0,0.0,5.0,0.0,10.0,9.0,18.0,25.0,4.0,8.0,26.0,16.0,6.0,19.0,21.0,3.0,4.0,0.71,0.35,0.97,1.0,2.0,0.0,39.23,28.0,29.05,6.0,0.25,0.24,0.24,2.03,2.11,2.08
84821768484783,2025,Kaiser-Levshunov,CHI,pairing,5on5,6,2600.0,26.0,0.5,0.52,0.47,17.36,1.46,1.1,4.56,0.55,8.84,6.49,1.44,1.53,1.51,15.0,8.0,10.0,33.0,1.0,1.0,0.0,4.0,0.0,6.0,11.0,14.0,22.0,4.0,8.0,16.0,24.0,4.0,14.0,15.0,7.0,1.0,0.38,0.86,0.23,0.0,1.0,0.0,34.22,23.0,23.67,4.0,0.23,0.23,0.23,1.46,1.55,1.52,19.58,1.45,1.38,4.81,0.61,10.09,7.66,1.43,1.43,1.41,17.0,9.0,5.0,31.0,1.0,0.0,0.0,5.0,0.0,10.0,10.0,16.0,25.0,1.0,2.0,23.0,27.0,0.0,12.0,21.0,3.0,2.0,0.53,0.45,0.47,0.0,1.0,0.0,30.32,26.0,25.63,5.0,0.28,0.0,0.0,1.73,1.71,1.69
847410284802088481528,2025,Perron-Cozens-Batherson,OTT,line,5on5,3,1399.0,7.0,0.63,0.53,0.55,9.07,0.99,0.6,2.2,0.28,4.72,3.19,0.98,0.99,0.98,7.0,5.0,4.0,16.0,0.0,2.0,0.0,4.0,0.0,2.0,4.0,7.0,12.0,0.0,0.0,10.0,10.0,1.0,10.0,8.0,3.0,1.0,0.24,0.43,0.33,0.0,0.0,0.0,15.42,12.0,11.71,5.0,0.12,0.32,0.32,0.8,0.8,0.79,6.46,0.58,0.41,1.51,0.24,4.21,3.06,0.55,0.59,0.57,5.0,5.0,4.0,14.0,2.0,0.0,0.0,2.0,0.0,2.0,4.0,3.0,8.0,0.0,0.0,9.0,9.0,4.0,3.0,8.0,2.0,0.0,0.36,0.21,0.0,1.0,1.0,0.0,14.21,10.0,10.06,2.0,0.08,0.0,0.0,0.66,0.68,0.65
847906684820748483609,2025,Lomberg-Zary-Klapka,CGY,line,5on5,3,1343.0,10.0,0.37,0.47,0.52,12.0,0.71,0.6,3.22,0.4,6.08,5.0,0.71,0.69,0.69,11.0,5.0,5.0,21.0,0.0,0.0,0.0,7.0,0.0,5.0,4.0,11.0,16.0,2.0,4.0,12.0,32.0,0.0,3.0,14.0,2.0,0.0,0.4,0.31,0.0,0.0,0.0,0.0,20.1,16.0,15.75,2.0,0.12,0.0,0.0,0.83,0.8,0.8,11.16,1.22,0.82,2.74,0.35,5.61,4.26,1.14,1.27,1.19,6.0,9.0,9.0,24.0,0.0,2.0,0.0,0.0,0.0,6.0,7.0,6.0,15.0,1.0,2.0,13.0,14.0,3.0,5.0,11.0,2.0,2.0,0.42,0.31,0.49,0.0,0.0,0.0,25.52,15.0,15.58,2.0,0.17,0.49,0.49,0.9,0.93,0.92
848217584826998483431,2025,Guenther-Cooley-Peterka,UTA,line,5on5,7,4054.0,13.0,0.6,0.55,0.56,39.62,3.63,2.35,10.05,1.31,20.97,15.69,3.54,3.58,3.5,32.0,22.0,23.0,77.0,4.0,3.0,0.0,12.0,0.0,16.0,19.0,28.0,50.0,6.0,12.0,21.0,22.0,4.0,22.0,38.0,12.0,4.0,0.91,1.52,1.2,1.0,2.0,1.0,76.29,54.0,53.67,7.0,0.49,0.82,0.82,3.29,3.29,3.25,31.2,2.4,1.86,7.43,0.96,16.71,12.65,2.27,2.45,2.3,32.0,10.0,20.0,62.0,1.0,3.0,0.0,8.0,0.0,19.0,11.0,31.0,41.0,4.0,8.0,41.0,32.0,6.0,22.0,32.0,9.0,1.0,0.82,1.2,0.38,0.0,1.0,0.0,62.31,42.0,42.09,8.0,0.38,0.64,0.64,2.14,2.16,2.09
84817198482929,2025,Lilleberg-Crozier,TBL,pairing,5on5,4,2138.0,11.0,0.45,0.51,0.51,18.19,1.3,1.04,4.93,0.59,8.94,7.2,1.25,1.4,1.33,16.0,8.0,7.0,31.0,2.0,3.0,1.0,1.0,0.0,9.0,9.0,14.0,22.0,5.0,13.0,10.0,28.0,2.0,11.0,20.0,2.0,2.0,0.55,0.31,0.44,1.0,0.0,1.0,32.11,24.0,25.48,3.0,0.22,0.6,0.6,0.92,0.96,0.94,17.46,1.61,1.08,4.44,0.54,8.73,6.6,1.56,1.62,1.57,17.0,6.0,7.0,30.0,1.0,2.0,0.0,6.0,0.0,5.0,9.0,16.0,22.0,6.0,15.0,19.0,29.0,3.0,13.0,16.0,4.0,3.0,0.27,0.56,0.79,0.0,0.0,1.0,30.57,23.0,22.66,10.0,0.23,0.55,0.55,1.29,1.32,1.31
84773468477810,2025,Hanley-Weegar,CGY,pairing,5on5,7,3772.0,23.0,0.51,0.56,0.55,30.91,2.6,2.0,7.94,1.05,16.57,11.84,2.49,2.58,2.46,22.0,20.0,21.0,63.0,0.0,3.0,0.0,10.0,0.0,15.0,14.0,22.0,42.0,11.0,28.0,36.0,35.0,4.0,11.0,33.0,5.0,4.0,0.85,0.71,1.04,0.0,0.0,0.0,60.91,42.0,41.52,5.0,0.42,0.82,0.82,2.2,2.18,2.11,26.28,2.49,1.75,6.31,0.92,13.19,10.34,2.39,2.52,2.42,28.0,7.0,15.0,50.0,6.0,3.0,0.0,3.0,0.0,12.0,11.0,22.0,29.0,9.0,24.0,37.0,38.0,4.0,16.0,21.0,12.0,2.0,0.53,1.53,0.44,1.0,5.0,0.0,51.98,35.0,36.25,7.0,0.37,0.51,0.51,2.35,2.4,2.34
84741518478416,2025,Mcdonagh-Cernak,TBL,pairing,5on5,6,4325.0,11.0,0.51,0.46,0.45,27.03,2.1,1.87,6.91,0.93,14.72,10.47,2.01,2.11,2.01,23.0,14.0,21.0,58.0,4.0,2.0,0.0,6.0,0.0,13.0,12.0,19.0,33.0,10.0,23.0,35.0,24.0,4.0,23.0,28.0,6.0,3.0,0.7,0.74,0.66,2.0,1.0,1.0,57.81,37.0,36.98,8.0,0.39,0.36,0.36,2.13,2.15,2.1,32.13,2.0,1.93,8.52,1.01,18.43,13.12,1.98,1.94,1.92,31.0,14.0,23.0,68.0,6.0,1.0,0.0,9.0,0.0,12.0,17.0,25.0,39.0,4.0,11.0,59.0,39.0,5.0,23.0,36.0,9.0,0.0,0.92,1.08,0.0,5.0,1.0,0.0,66.17,45.0,43.71,10.0,0.4,0.03,0.03,2.36,2.29,2.27
84815638481605,2025,Lacombe-Helleson,ANA,pairing,5on5,5,1678.0,18.0,0.49,0.56,0.51,16.77,1.3,1.03,4.13,0.52,8.29,6.73,1.27,1.32,1.3,13.0,9.0,8.0,30.0,0.0,2.0,0.0,1.0,0.0,10.0,9.0,13.0,22.0,0.0,0.0,15.0,11.0,1.0,7.0,17.0,3.0,2.0,0.45,0.33,0.52,0.0,0.0,0.0,30.52,22.0,22.26,3.0,0.21,0.26,0.26,1.25,1.27,1.24,15.36,1.33,1.09,3.67,0.52,8.49,5.89,1.29,1.34,1.29,15.0,6.0,3.0,24.0,2.0,2.0,1.0,3.0,0.0,6.0,8.0,13.0,19.0,4.0,8.0,16.0,7.0,5.0,9.0,15.0,5.0,1.0,0.41,0.69,0.23,0.0,2.0,0.0,23.7,21.0,20.77,5.0,0.23,0.2,0.2,1.35,1.33,1.31
848002884807978481068,2025,Farabee-Frost-Sharangovich,CGY,line,5on5,5,1915.0,21.0,0.43,0.44,0.45,15.47,1.19,0.96,3.64,0.49,8.77,5.95,1.1,1.17,1.08,14.0,7.0,9.0,30.0,1.0,1.0,0.0,4.0,0.0,8.0,7.0,13.0,20.0,2.0,4.0,20.0,14.0,3.0,9.0,16.0,4.0,1.0,0.37,0.62,0.2,1.0,0.0,0.0,29.56,21.0,20.87,5.0,0.2,0.19,0.19,1.2,1.18,1.12,19.93,1.57,1.31,4.82,0.63,10.03,7.65,1.55,1.65,1.63,18.0,8.0,12.0,38.0,1.0,1.0,0.0,6.0,0.0,7.0,11.0,17.0,25.0,3.0,6.0,12.0,22.0,4.0,9.0,17.0,9.0,0.0,0.4,1.17,0.0,0.0,1.0,0.0,38.25,26.0,26.38,5.0,0.28,0.07,0.07,1.77,1.85,1.83
847398684751848484153,2025,Kreider-Killorn-Carlsson,ANA,line,5on5,5,1756.0,32.0,0.59,0.6,0.6,20.02,2.43,1.55,4.73,0.68,10.59,7.01,2.31,2.43,2.3,16.0,11.0,9.0,36.0,2.0,3.0,0.0,3.0,0.0,12.0,7.0,14.0,25.0,1.0,2.0,12.0,12.0,3.0,8.0,17.0,7.0,3.0,0.67,1.0,0.77,2.0,0.0,0.0,34.83,27.0,26.37,2.0,0.33,0.72,0.72,2.05,2.02,1.96,13.52,1.71,1.0,2.95,0.42,7.07,4.85,1.67,1.81,1.77,10.0,8.0,6.0,24.0,2.0,0.0,0.0,1.0,1.0,6.0,8.0,8.0,16.0,4.0,8.0,18.0,10.0,3.0,11.0,9.0,7.0,2.0,0.29,0.84,0.58,1.0,1.0,0.0,25.32,18.0,18.72,5.0,0.21,0.0,0.0,1.93,2.03,1.99
847742584799448480806,2025,Wood-Lundestrom-Aston-Reese,CBJ,line,5on5,3,934.0,14.0,0.54,0.45,0.42,8.74,0.94,0.54,2.21,0.27,3.85,3.19,0.86,0.93,0.86,6.0,5.0,7.0,18.0,1.0,2.0,0.0,2.0,0.0,4.0,2.0,5.0,10.0,1.0,2.0,7.0,11.0,2.0,6.0,7.0,2.0,2.0,0.14,0.32,0.48,0.0,0.0,1.0,18.97,11.0,11.12,3.0,0.11,0.46,0.46,0.59,0.6,0.58,10.43,0.8,0.68,2.84,0.37,6.03,4.28,0.77,0.76,0.73,11.0,4.0,7.0,22.0,0.0,0.0,0.0,3.0,0.0,5.0,7.0,11.0,15.0,1.0,4.0,10.0,11.0,0.0,8.0,12.0,2.0,1.0,0.34,0.23,0.23,0.0,0.0,0.0,20.69,15.0,14.11,7.0,0.14,0.0,0.0,0.94,0.89,0.86
84764578478407,2025,Dunn-Larsson,SEA,pairing,5on5,7,6521.0,10.0,0.46,0.45,0.45,41.56,4.05,2.86,11.37,1.42,21.65,15.65,3.85,4.09,3.89,38.0,19.0,28.0,85.0,4.0,5.0,0.0,8.0,0.0,15.0,25.0,34.0,53.0,6.0,12.0,53.0,44.0,10.0,29.0,36.0,18.0,3.0,0.89,2.37,0.78,2.0,2.0,0.0,85.84,57.0,57.93,14.0,0.61,0.8,0.8,3.86,3.88,3.79,50.56,4.8,3.27,13.12,1.75,27.39,19.67,4.67,4.78,4.64,44.0,26.0,34.0,104.0,6.0,4.0,0.0,6.0,0.0,30.0,24.0,38.0,64.0,3.0,6.0,62.0,42.0,5.0,35.0,53.0,10.0,7.0,1.46,1.29,2.05,3.0,1.0,2.0,104.55,70.0,70.1,9.0,0.68,0.75,0.75,4.73,4.7,4.61
847167584764838482758,2025,Rakell-Crosby-Koivunen,PIT,line,5on5,2,1028.0,4.0,0.52,0.51,0.55,8.4,0.81,0.48,1.9,0.24,4.14,3.42,0.77,0.84,0.79,7.0,4.0,8.0,19.0,0.0,0.0,0.0,1.0,0.0,6.0,4.0,7.0,11.0,2.0,4.0,12.0,4.0,0.0,7.0,8.0,2.0,1.0,0.22,0.25,0.34,0.0,0.0,0.0,20.28,11.0,11.65,3.0,0.1,0.0,0.0,0.91,0.94,0.89,5.89,0.75,0.44,1.5,0.22,3.68,2.41,0.74,0.71,0.71,6.0,3.0,9.0,18.0,0.0,1.0,0.0,0.0,0.0,5.0,3.0,6.0,9.0,2.0,4.0,11.0,7.0,2.0,4.0,5.0,3.0,1.0,0.1,0.33,0.31,0.0,0.0,0.0,17.17,9.0,8.52,2.0,0.09,0.31,0.31,0.53,0.51,0.51
84773468479402,2025,Bean-Weegar,CGY,pairing,5on5,4,1139.0,19.0,0.66,0.71,0.73,13.63,1.19,0.81,3.58,0.45,7.48,5.49,1.18,1.15,1.14,15.0,4.0,8.0,27.0,0.0,1.0,0.0,5.0,0.0,6.0,7.0,15.0,19.0,1.0,2.0,4.0,12.0,1.0,8.0,15.0,3.0,1.0,0.43,0.4,0.36,0.0,0.0,0.0,26.48,19.0,18.76,2.0,0.17,0.36,0.36,1.0,0.97,0.97,5.29,0.6,0.44,1.01,0.14,2.83,1.98,0.59,0.64,0.63,6.0,1.0,4.0,11.0,1.0,0.0,0.0,1.0,0.0,3.0,2.0,5.0,6.0,1.0,2.0,14.0,7.0,2.0,7.0,4.0,2.0,1.0,0.1,0.24,0.26,0.0,0.0,1.0,11.61,7.0,7.34,2.0,0.09,0.0,0.0,0.7,0.74,0.73
84826848483495,2025,Hughes-Nemec,NJD,pairing,5on5,6,700.0,29.0,0.29,0.38,0.35,5.11,0.3,0.31,1.13,0.15,2.98,2.14,0.3,0.31,0.31,4.0,3.0,2.0,9.0,0.0,0.0,0.0,4.0,0.0,2.0,1.0,4.0,7.0,2.0,7.0,6.0,4.0,0.0,3.0,6.0,1.0,0.0,0.21,0.09,0.0,0.0,0.0,0.0,9.47,7.0,7.32,0.0,0.06,0.0,0.0,0.36,0.38,0.38,9.23,0.74,0.64,2.36,0.3,5.27,3.69,0.72,0.74,0.72,12.0,1.0,2.0,15.0,1.0,2.0,0.0,2.0,0.0,5.0,3.0,11.0,12.0,1.0,5.0,4.0,3.0,0.0,4.0,11.0,1.0,1.0,0.33,0.12,0.29,1.0,0.0,0.0,14.78,13.0,12.73,1.0,0.13,0.3,0.3,0.57,0.56,0.54
84706138478038,2025,Toews-Burns,COL,pairing,5on5,7,750.0,53.0,0.85,0.75,0.69,8.07,0.91,0.47,2.0,0.29,4.03,3.29,0.9,0.94,0.93,7.0,4.0,7.0,18.0,2.0,0.0,0.0,1.0,0.0,5.0,3.0,5.0,9.0,1.0,2.0,7.0,3.0,2.0,3.0,5.0,5.0,1.0,0.08,0.63,0.21,0.0,1.0,1.0,18.24,11.0,11.12,2.0,0.1,0.0,0.0,1.02,1.04,1.03,3.46,0.16,0.2,0.95,0.11,2.01,1.58,0.14,0.17,0.14,4.0,1.0,1.0,6.0,1.0,0.0,0.0,1.0,0.0,1.0,2.0,3.0,4.0,0.0,0.0,5.0,4.0,2.0,5.0,5.0,0.0,0.0,0.16,0.0,0.0,1.0,0.0,0.0,6.15,5.0,5.23,3.0,0.04,0.0,0.0,0.2,0.21,0.18
84784528484839,2025,Jones-Brunicke,PIT,pairing,5on5,6,4280.0,13.0,0.53,0.46,0.5,38.26,4.77,2.91,9.07,1.21,17.91,13.13,4.31,4.82,4.35,37.0,12.0,17.0,66.0,4.0,7.0,0.0,7.0,0.0,12.0,19.0,33.0,45.0,3.0,6.0,28.0,24.0,3.0,23.0,30.0,10.0,9.0,0.75,1.62,2.4,2.0,2.0,0.0,66.44,49.0,49.66,12.0,0.62,1.78,1.78,3.61,3.65,3.56,37.54,4.2,2.69,8.76,1.14,19.01,13.21,4.01,4.3,4.09,28.0,21.0,27.0,76.0,2.0,4.0,0.0,7.0,0.0,17.0,19.0,26.0,47.0,5.0,10.0,35.0,43.0,7.0,15.0,27.0,18.0,4.0,0.84,2.29,1.07,1.0,1.0,0.0,75.33,49.0,49.29,5.0,0.57,0.88,0.88,3.9,3.96,3.91
84774988479442,2025,Nurse-Stecher,EDM,pairing,5on5,4,3296.0,8.0,0.32,0.35,0.32,15.77,1.1,0.93,4.24,0.48,8.83,6.41,1.1,1.17,1.17,14.0,8.0,11.0,33.0,0.0,0.0,0.0,3.0,0.0,6.0,13.0,14.0,22.0,3.0,6.0,27.0,20.0,3.0,20.0,18.0,3.0,1.0,0.43,0.45,0.22,0.0,0.0,0.0,34.14,22.0,22.82,8.0,0.19,0.0,0.0,1.29,1.37,1.37,33.44,2.33,2.1,9.05,1.07,18.66,12.79,2.29,2.24,2.21,27.0,19.0,14.0,60.0,0.0,2.0,0.0,9.0,0.0,21.0,14.0,27.0,46.0,2.0,4.0,24.0,30.0,5.0,12.0,34.0,12.0,0.0,0.83,1.49,0.0,0.0,0.0,0.0,58.98,46.0,45.15,5.0,0.43,0.15,0.15,2.61,2.52,2.49
847516684779398482259,2025,Mcmann-Tavares-Nylander,TOR,line,5on5,3,1199.0,15.0,0.4,0.41,0.39,9.3,0.73,0.61,2.29,0.33,5.33,3.71,0.72,0.7,0.7,10.0,3.0,4.0,17.0,1.0,0.0,0.0,4.0,0.0,4.0,4.0,9.0,12.0,2.0,4.0,9.0,11.0,1.0,3.0,10.0,2.0,1.0,0.27,0.24,0.22,0.0,1.0,0.0,17.04,13.0,12.81,1.0,0.13,0.0,0.0,0.86,0.83,0.82,12.93,1.11,0.93,3.06,0.51,8.55,5.84,1.07,1.04,1.01,10.0,10.0,4.0,24.0,0.0,1.0,0.0,1.0,0.0,10.0,8.0,10.0,20.0,0.0,0.0,9.0,7.0,2.0,7.0,15.0,5.0,0.0,0.59,0.52,0.0,0.0,0.0,0.0,22.52,20.0,18.81,1.0,0.19,0.08,0.08,1.22,1.15,1.11
847701584799968481721,2025,Gritsyuk-Glass-Brown,NJD,line,5on5,5,2273.0,14.0,0.56,0.67,0.61,24.95,1.56,1.49,5.95,0.8,14.66,10.55,1.53,1.64,1.61,25.0,10.0,13.0,48.0,2.0,1.0,0.0,9.0,0.0,12.0,11.0,23.0,33.0,5.0,10.0,16.0,9.0,1.0,9.0,29.0,6.0,0.0,0.8,0.76,0.0,1.0,1.0,0.0,51.14,35.0,36.86,3.0,0.31,0.13,0.13,1.73,1.81,1.79,16.07,1.2,0.96,4.32,0.53,8.55,6.43,1.18,1.16,1.14,15.0,7.0,2.0,24.0,0.0,2.0,0.0,3.0,1.0,5.0,11.0,15.0,22.0,1.0,2.0,24.0,20.0,0.0,13.0,18.0,2.0,2.0,0.46,0.27,0.47,0.0,0.0,0.0,22.99,22.0,21.22,7.0,0.2,0.27,0.27,1.13,1.1,1.09
847646884778398482157,2025,Sheary-Miller-Cuylle,NYR,line,5on5,7,2540.0,49.0,0.54,0.52,0.44,20.53,2.41,1.36,5.28,0.7,9.93,7.32,2.15,2.35,2.1,15.0,12.0,19.0,46.0,0.0,5.0,0.0,4.0,0.0,10.0,8.0,15.0,27.0,1.0,2.0,30.0,18.0,3.0,12.0,18.0,6.0,3.0,0.57,0.89,0.95,0.0,0.0,0.0,46.61,27.0,26.84,6.0,0.29,1.23,1.26,1.44,1.42,1.32,26.2,2.08,1.66,6.97,0.78,12.88,9.63,1.94,2.15,2.0,20.0,14.0,9.0,43.0,1.0,2.0,0.0,6.0,0.0,8.0,17.0,19.0,33.0,1.0,2.0,16.0,9.0,6.0,11.0,28.0,3.0,3.0,0.88,0.33,0.87,1.0,0.0,0.0,43.66,34.0,34.38,6.0,0.35,0.67,0.67,1.76,1.77,1.73
84752798481542,2025,Chiarot-Seider,DET,pairing,5on5,6,5917.0,7.0,0.47,0.49,0.49,45.92,3.9,2.95,11.68,1.58,25.06,17.83,3.81,3.78,3.7,44.0,19.0,27.0,90.0,3.0,2.0,0.0,9.0,1.0,26.0,22.0,41.0,60.0,4.0,8.0,55.0,55.0,8.0,30.0,45.0,16.0,2.0,1.41,1.9,0.6,1.0,2.0,0.0,88.98,63.0,62.25,15.0,0.61,0.48,0.49,4.02,3.91,3.88,47.79,4.33,3.06,12.0,1.57,25.84,19.2,4.07,4.42,4.16,46.0,20.0,28.0,94.0,4.0,5.0,0.0,8.0,0.0,22.0,27.0,42.0,62.0,3.0,6.0,56.0,30.0,5.0,32.0,47.0,16.0,3.0,1.3,1.97,1.06,1.0,2.0,1.0,93.74,66.0,65.52,18.0,0.64,0.88,0.88,4.09,4.18,3.98
84789118479345,2025,Chychrun-Roy,WSH,pairing,5on5,5,853.0,34.0,0.81,0.68,0.7,13.03,1.77,0.91,3.24,0.45,7.49,5.15,1.7,1.77,1.7,12.0,7.0,7.0,26.0,0.0,2.0,0.0,4.0,0.0,7.0,6.0,12.0,19.0,0.0,0.0,7.0,4.0,2.0,4.0,12.0,4.0,3.0,0.38,0.46,0.93,0.0,0.0,0.0,27.32,19.0,19.51,2.0,0.19,0.65,0.65,1.31,1.33,1.3,5.11,0.42,0.35,1.33,0.18,3.35,2.37,0.42,0.42,0.42,4.0,4.0,4.0,12.0,0.0,0.0,0.0,2.0,0.0,2.0,4.0,4.0,8.0,1.0,2.0,8.0,6.0,0.0,3.0,7.0,1.0,0.0,0.32,0.1,0.0,0.0,0.0,0.0,11.5,8.0,7.75,0.0,0.07,0.0,0.0,0.49,0.49,0.49
847576884769058480009,2025,Schwartz-Stephenson-Tolvanen,SEA,line,5on5,6,2592.0,22.0,0.43,0.43,0.38,16.09,1.39,1.17,3.68,0.49,9.41,6.85,1.37,1.43,1.41,15.0,8.0,16.0,39.0,2.0,1.0,0.0,6.0,0.0,5.0,9.0,13.0,21.0,6.0,12.0,23.0,20.0,8.0,16.0,16.0,7.0,0.0,0.52,0.87,0.0,2.0,0.0,0.0,39.8,23.0,23.37,8.0,0.24,0.1,0.1,1.53,1.57,1.56,26.48,1.85,1.63,7.37,0.93,14.53,10.7,1.82,1.77,1.75,25.0,12.0,15.0,52.0,3.0,1.0,0.0,7.0,0.0,14.0,12.0,22.0,34.0,1.0,2.0,20.0,17.0,7.0,9.0,33.0,2.0,2.0,0.94,0.3,0.61,2.0,0.0,1.0,51.81,37.0,37.0,2.0,0.34,0.03,0.03,2.15,2.06,2.03
848020884815288482116,2025,Cozens-Sttzle-Batherson,OTT,line,5on5,3,1262.0,10.0,0.28,0.53,0.36,5.65,0.38,0.39,1.27,0.18,3.31,2.47,0.38,0.36,0.36,3.0,5.0,12.0,20.0,1.0,0.0,0.0,0.0,0.0,2.0,5.0,2.0,7.0,2.0,4.0,12.0,12.0,1.0,4.0,6.0,2.0,0.0,0.18,0.2,0.0,0.0,1.0,0.0,18.65,8.0,7.51,1.0,0.08,0.0,0.0,0.46,0.44,0.44,10.68,0.99,0.72,2.91,0.36,5.17,3.85,0.96,1.05,1.02,8.0,6.0,4.0,18.0,0.0,2.0,0.0,3.0,0.0,4.0,5.0,8.0,14.0,2.0,4.0,6.0,5.0,1.0,3.0,9.0,4.0,1.0,0.28,0.49,0.23,0.0,0.0,0.0,19.08,14.0,14.78,1.0,0.15,0.26,0.26,0.89,0.94,0.94
84808398481524,2025,Dahlin-Byram,BUF,pairing,5on5,6,4138.0,14.0,0.48,0.56,0.54,42.46,3.77,2.7,11.43,1.49,23.33,16.29,3.44,3.69,3.37,40.0,19.0,23.0,82.0,2.0,6.0,0.0,7.0,0.0,23.0,21.0,38.0,57.0,8.0,16.0,33.0,27.0,3.0,17.0,48.0,8.0,3.0,1.42,1.13,1.21,1.0,0.0,1.0,78.92,59.0,56.29,12.0,0.56,1.2,1.23,3.09,3.02,2.74,38.16,4.16,2.46,9.53,1.27,19.32,14.27,3.87,4.25,3.97,40.0,11.0,14.0,65.0,5.0,6.0,0.0,11.0,0.0,15.0,14.0,35.0,46.0,7.0,14.0,36.0,29.0,3.0,20.0,35.0,10.0,6.0,1.08,1.37,1.71,2.0,3.0,0.0,66.86,51.0,52.89,9.0,0.51,1.48,1.48,3.19,3.26,3.17
84780558478859,2025,Forsling-Mikkola,FLA,pairing,5on5,8,681.0,57.0,0.62,0.72,0.7,5.01,0.46,0.27,1.28,0.18,2.79,2.01,0.45,0.46,0.45,5.0,2.0,6.0,13.0,0.0,1.0,0.0,2.0,0.0,0.0,4.0,5.0,7.0,0.0,0.0,3.0,5.0,0.0,6.0,6.0,0.0,1.0,0.15,0.0,0.31,0.0,0.0,0.0,13.29,7.0,7.12,2.0,0.06,0.31,0.31,0.2,0.2,0.2,2.22,0.28,0.14,0.62,0.07,1.11,0.78,0.28,0.26,0.26,2.0,1.0,2.0,5.0,0.0,0.0,0.0,1.0,0.0,0.0,2.0,2.0,3.0,1.0,2.0,4.0,3.0,3.0,7.0,2.0,0.0,1.0,0.02,0.0,0.25,0.0,0.0,0.0,4.97,3.0,2.91,3.0,0.03,0.0,0.0,0.3,0.29,0.29
84785078479410,2025,Sergachev-Marino,UTA,pairing,5on5,6,1493.0,39.0,0.17,0.35,0.28,5.85,0.3,0.27,1.38,0.18,3.31,2.55,0.3,0.31,0.31,5.0,3.0,7.0,15.0,0.0,0.0,0.0,3.0,0.0,3.0,2.0,5.0,8.0,2.0,4.0,12.0,8.0,2.0,13.0,7.0,1.0,0.0,0.15,0.15,0.0,0.0,0.0,0.0,15.35,8.0,8.13,8.0,0.06,0.0,0.0,0.36,0.37,0.37,15.1,1.45,0.96,3.94,0.53,7.97,6.16,1.42,1.4,1.38,14.0,7.0,7.0,28.0,1.0,3.0,0.0,3.0,0.0,9.0,5.0,13.0,20.0,0.0,0.0,16.0,7.0,2.0,12.0,14.0,5.0,2.0,0.38,0.57,0.5,1.0,0.0,0.0,27.64,21.0,20.85,5.0,0.2,0.66,0.66,0.99,0.96,0.95
847645484779348478458,2025,Nugent-Hopkins-Draisaitl-Roslovic,EDM,line,5on5,2,844.0,6.0,0.53,0.42,0.43,8.88,0.87,0.55,2.0,0.26,4.67,3.65,0.86,0.93,0.91,8.0,4.0,2.0,14.0,1.0,1.0,0.0,0.0,0.0,4.0,6.0,7.0,11.0,1.0,2.0,12.0,1.0,2.0,2.0,10.0,1.0,1.0,0.32,0.15,0.4,1.0,0.0,0.0,14.87,12.0,12.65,0.0,0.11,0.4,0.4,0.59,0.63,0.62,11.38,0.77,0.7,3.04,0.36,6.62,4.52,0.74,0.73,0.7,8.0,8.0,3.0,19.0,0.0,2.0,0.0,5.0,0.0,5.0,4.0,8.0,16.0,0.0,0.0,4.0,5.0,0.0,5.0,13.0,2.0,1.0,0.21,0.22,0.34,0.0,0.0,0.0,17.93,16.0,15.21,2.0,0.14,0.38,0.38,0.54,0.5,0.49
848044884816418484149,2025,Kiviranta-Kelly-Brindley,COL,line,5on5,5,1705.0,19.0,0.65,0.44,0.46,8.02,0.93,0.59,2.18,0.31,4.08,2.9,0.91,0.93,0.92,10.0,1.0,12.0,23.0,1.0,2.0,0.0,0.0,0.0,5.0,3.0,9.0,10.0,2.0,4.0,13.0,22.0,2.0,9.0,7.0,3.0,1.0,0.26,0.39,0.28,1.0,0.0,0.0,23.62,11.0,11.28,5.0,0.13,0.31,0.31,0.74,0.76,0.75,9.45,0.5,0.54,2.23,0.29,5.19,4.25,0.5,0.47,0.47,6.0,7.0,16.0,29.0,0.0,0.0,0.0,0.0,0.0,9.0,4.0,6.0,13.0,5.0,12.0,13.0,16.0,0.0,11.0,11.0,2.0,0.0,0.29,0.21,0.0,0.0,0.0,0.0,27.22,13.0,12.42,4.0,0.11,0.0,0.0,0.6,0.58,0.58
847931884827208484158,2025,Knies-Matthews-Cowan,TOR,line,5on5,4,2229.0,5.0,0.68,0.54,0.62,23.09,1.83,1.65,6.13,0.74,11.96,8.68,1.81,1.75,1.73,24.0,7.0,7.0,38.0,1.0,3.0,0.0,8.0,0.0,9.0,10.0,23.0,30.0,3.0,6.0,24.0,14.0,0.0,19.0,23.0,7.0,1.0,0.69,0.88,0.26,0.0,1.0,0.0,36.85,31.0,30.17,10.0,0.35,0.52,0.52,1.66,1.6,1.59,13.98,0.88,0.77,3.71,0.41,7.73,5.5,0.88,0.91,0.91,12.0,7.0,13.0,32.0,0.0,0.0,0.0,3.0,0.0,8.0,8.0,12.0,19.0,5.0,10.0,15.0,15.0,3.0,16.0,16.0,1.0,2.0,0.31,0.12,0.45,0.0,0.0,0.0,32.16,19.0,19.09,9.0,0.16,0.0,0.0,1.03,1.07,1.07
847629284794078481559,2025,Palat-Hughes-Bratt,NJD,line,5on5,6,2784.0,15.0,0.61,0.53,0.55,27.37,2.89,1.91,6.17,0.9,15.18,10.95,2.71,3.09,2.89,25.0,13.0,11.0,49.0,4.0,2.0,0.0,5.0,0.0,19.0,8.0,21.0,34.0,4.0,8.0,12.0,19.0,8.0,20.0,25.0,10.0,3.0,0.79,1.29,0.81,3.0,1.0,0.0,52.08,38.0,40.16,3.0,0.4,0.59,0.59,2.69,2.82,2.78,21.93,1.84,1.52,5.7,0.83,12.51,8.59,1.78,1.77,1.72,20.0,11.0,13.0,44.0,2.0,5.0,0.0,4.0,0.0,10.0,10.0,18.0,29.0,4.0,8.0,23.0,18.0,4.0,19.0,23.0,7.0,1.0,0.67,0.97,0.21,0.0,1.0,1.0,41.46,31.0,29.67,11.0,0.32,0.35,0.35,1.81,1.76,1.74
847456484821468482768,2025,Stamkos-Svechkov-Evangelista,NSH,line,5on5,3,962.0,12.0,0.49,0.52,0.5,6.82,0.67,0.5,1.46,0.22,4.22,2.93,0.67,0.67,0.67,7.0,3.0,3.0,13.0,0.0,0.0,0.0,0.0,0.0,7.0,3.0,7.0,10.0,2.0,4.0,5.0,2.0,1.0,5.0,5.0,5.0,0.0,0.15,0.52,0.0,0.0,0.0,0.0,13.2,10.0,10.15,1.0,0.1,0.0,0.0,0.78,0.77,0.77,6.98,0.69,0.45,1.67,0.24,4.06,2.88,0.69,0.69,0.69,5.0,5.0,2.0,12.0,0.0,0.0,0.0,2.0,0.0,3.0,5.0,5.0,10.0,3.0,6.0,12.0,12.0,3.0,8.0,7.0,3.0,0.0,0.28,0.42,0.0,0.0,0.0,0.0,11.93,10.0,9.88,4.0,0.1,0.0,0.0,0.79,0.78,0.78
84789708482100,2025,Nikishin-Chatfield,CAR,pairing,5on5,6,1666.0,28.0,0.34,0.44,0.35,11.17,0.72,0.64,3.07,0.35,5.65,4.58,0.72,0.75,0.75,11.0,4.0,16.0,31.0,0.0,0.0,0.0,3.0,0.0,5.0,7.0,11.0,15.0,3.0,6.0,15.0,8.0,2.0,6.0,13.0,2.0,0.0,0.41,0.31,0.0,0.0,0.0,0.0,31.53,15.0,15.22,6.0,0.14,0.0,0.0,0.85,0.89,0.89,20.02,1.37,1.3,4.95,0.72,11.26,8.41,1.36,1.35,1.34,18.0,10.0,11.0,39.0,1.0,2.0,0.0,3.0,0.0,10.0,12.0,17.0,27.0,1.0,2.0,12.0,6.0,1.0,8.0,22.0,6.0,0.0,0.59,0.78,0.0,0.0,1.0,0.0,38.63,28.0,27.7,4.0,0.27,0.1,0.1,1.53,1.51,1.51
847643284827058484166,2025,Sillinger-Fantilli-Jenner,CBJ,line,5on5,4,1592.0,15.0,0.45,0.49,0.44,13.79,1.22,0.98,3.41,0.5,7.83,6.06,1.21,1.26,1.25,12.0,8.0,13.0,33.0,2.0,1.0,0.0,4.0,0.0,8.0,5.0,10.0,18.0,4.0,8.0,16.0,9.0,4.0,7.0,15.0,3.0,2.0,0.43,0.35,0.44,2.0,0.0,0.0,34.2,20.0,20.57,5.0,0.21,0.23,0.23,1.2,1.26,1.26,18.68,1.52,1.19,4.89,0.64,9.63,7.13,1.47,1.51,1.46,20.0,5.0,9.0,34.0,1.0,2.0,0.0,5.0,0.0,12.0,5.0,19.0,24.0,3.0,6.0,14.0,10.0,1.0,7.0,19.0,5.0,1.0,0.46,0.72,0.34,1.0,0.0,0.0,34.38,25.0,25.15,4.0,0.25,0.49,0.49,1.28,1.27,1.23
84788828479323,2025,Gavrikov-Fox,NYR,pairing,5on5,8,7797.0,8.0,0.53,0.52,0.52,62.94,5.51,4.0,17.4,2.37,34.41,24.31,5.2,5.46,5.17,48.0,40.0,36.0,124.0,1.0,9.0,0.0,11.0,0.0,35.0,32.0,47.0,87.0,5.0,10.0,70.0,54.0,7.0,28.0,66.0,16.0,6.0,1.85,2.0,1.65,1.0,0.0,0.0,123.89,88.0,87.43,14.0,0.84,1.68,1.71,4.64,4.62,4.49,59.97,4.92,3.79,15.14,1.83,31.18,23.14,4.76,5.08,4.92,50.0,30.0,34.0,114.0,1.0,3.0,0.0,9.0,0.0,25.0,42.0,49.0,79.0,6.0,12.0,64.0,38.0,5.0,36.0,62.0,13.0,5.0,1.94,1.67,1.31,1.0,0.0,0.0,116.75,80.0,81.71,21.0,0.78,0.46,0.46,5.24,5.39,5.33
847682684774168480995,2025,Bjorkstrand-Gourde-Holmberg,TBL,line,5on5,6,2507.0,30.0,0.63,0.48,0.47,21.04,1.91,1.23,5.19,0.64,9.83,8.2,1.87,2.1,2.04,18.0,9.0,10.0,37.0,3.0,4.0,1.0,3.0,0.0,8.0,9.0,15.0,24.0,3.0,6.0,23.0,11.0,1.0,11.0,19.0,4.0,4.0,0.38,0.55,0.99,1.0,1.0,1.0,39.7,27.0,29.01,5.0,0.26,0.73,0.73,1.44,1.56,1.56,22.58,1.1,1.36,6.17,0.73,12.64,9.0,1.08,1.03,1.01,20.0,11.0,9.0,40.0,0.0,1.0,0.0,6.0,0.0,9.0,15.0,20.0,31.0,3.0,6.0,29.0,22.0,2.0,13.0,27.0,4.0,0.0,0.68,0.42,0.0,0.0,0.0,0.0,37.86,31.0,29.37,6.0,0.28,0.03,0.03,1.35,1.27,1.25
84754558483495,2025,Dillon-Nemec,NJD,pairing,5on5,6,4147.0,17.0,0.48,0.46,0.46,29.93,2.78,2.09,7.31,1.03,17.1,12.69,2.68,2.9,2.79,31.0,12.0,20.0,63.0,6.0,2.0,1.0,6.0,0.0,13.0,16.0,25.0,37.0,4.0,8.0,26.0,33.0,8.0,18.0,29.0,12.0,2.0,0.72,1.48,0.57,3.0,2.0,1.0,66.42,43.0,45.0,5.0,0.44,0.29,0.29,2.92,3.04,3.02,37.02,3.04,2.45,9.39,1.32,20.24,14.57,2.95,2.98,2.88,33.0,18.0,22.0,73.0,6.0,4.0,0.0,7.0,1.0,13.0,20.0,27.0,45.0,6.0,12.0,34.0,34.0,5.0,18.0,39.0,11.0,1.0,1.35,1.41,0.28,4.0,2.0,0.0,70.66,51.0,49.55,8.0,0.51,0.49,0.49,3.05,2.98,2.94
84788828482073,2025,Gavrikov-Schneider,NYR,pairing,5on5,7,769.0,37.0,0.44,0.46,0.47,4.8,0.3,0.27,0.98,0.15,2.92,2.38,0.3,0.34,0.34,7.0,0.0,4.0,11.0,1.0,0.0,0.0,1.0,0.0,1.0,4.0,6.0,6.0,2.0,4.0,1.0,8.0,1.0,2.0,6.0,1.0,0.0,0.21,0.1,0.0,1.0,0.0,0.0,11.55,7.0,7.43,1.0,0.05,0.0,0.0,0.36,0.4,0.39,5.64,0.38,0.36,1.28,0.2,3.37,2.4,0.38,0.39,0.39,7.0,1.0,5.0,13.0,0.0,0.0,0.0,3.0,0.0,2.0,3.0,7.0,8.0,1.0,2.0,6.0,2.0,0.0,1.0,7.0,1.0,0.0,0.3,0.09,0.0,0.0,0.0,0.0,12.25,8.0,7.84,1.0,0.08,0.0,0.0,0.46,0.46,0.46
84789118480796,2025,Fehervary-Roy,WSH,pairing,5on5,7,1199.0,36.0,0.73,0.63,0.68,14.48,1.88,0.92,3.6,0.5,6.99,5.1,1.83,1.85,1.81,17.0,2.0,7.0,26.0,1.0,2.0,0.0,3.0,0.0,6.0,7.0,16.0,18.0,0.0,0.0,5.0,14.0,0.0,2.0,10.0,6.0,3.0,0.27,0.79,0.83,0.0,1.0,0.0,25.93,19.0,19.08,0.0,0.2,0.61,0.61,1.46,1.43,1.42,6.54,0.7,0.49,1.56,0.22,3.49,2.53,0.67,0.71,0.68,3.0,6.0,6.0,15.0,0.0,1.0,0.0,0.0,0.0,3.0,5.0,3.0,9.0,0.0,0.0,4.0,9.0,0.0,7.0,6.0,2.0,1.0,0.24,0.22,0.24,0.0,0.0,0.0,14.95,9.0,9.0,5.0,0.1,0.03,0.03,0.77,0.79,0.75
84768918483506,2025,Grzelcyk-Rinzel,CHI,pairing,5on5,6,1825.0,37.0,0.31,0.44,0.44,14.9,1.03,0.81,4.38,0.49,7.71,5.57,0.99,1.02,0.99,14.0,6.0,7.0,27.0,1.0,1.0,0.0,5.0,0.0,7.0,6.0,13.0,19.0,4.0,8.0,16.0,12.0,5.0,12.0,17.0,3.0,0.0,0.51,0.52,0.0,1.0,0.0,0.0,26.91,20.0,19.84,6.0,0.17,0.15,0.15,1.04,1.04,1.01,19.02,2.27,1.4,4.28,0.57,9.83,6.64,2.23,2.28,2.23,21.0,4.0,10.0,35.0,1.0,0.0,0.0,6.0,0.0,8.0,10.0,20.0,24.0,3.0,6.0,22.0,9.0,3.0,14.0,14.0,8.0,3.0,0.41,1.1,0.77,0.0,0.0,1.0,35.28,25.0,25.23,6.0,0.29,0.0,0.0,2.57,2.57,2.52
84799828481524,2025,Byram-Timmins,BUF,pairing,5on5,6,845.0,48.0,0.31,0.25,0.33,4.53,0.27,0.23,1.18,0.15,2.15,2.01,0.27,0.28,0.28,5.0,1.0,0.0,6.0,1.0,0.0,0.0,0.0,0.0,3.0,2.0,4.0,5.0,0.0,0.0,10.0,6.0,1.0,5.0,5.0,1.0,0.0,0.13,0.15,0.0,0.0,1.0,0.0,6.15,6.0,6.0,2.0,0.05,0.0,0.0,0.32,0.33,0.33,8.64,0.61,0.55,2.84,0.32,4.47,3.2,0.57,0.59,0.56,4.0,8.0,6.0,18.0,0.0,1.0,0.0,1.0,0.0,4.0,6.0,4.0,12.0,0.0,0.0,6.0,4.0,0.0,1.0,10.0,2.0,0.0,0.31,0.3,0.0,0.0,0.0,0.0,17.21,12.0,11.63,1.0,0.12,0.12,0.12,0.61,0.59,0.56
847897584800098483524,2025,Marchment-Wright-Tolvanen,SEA,line,5on5,5,740.0,50.0,0.31,0.52,0.36,3.02,0.23,0.17,0.78,0.1,1.58,1.14,0.23,0.23,0.23,1.0,3.0,8.0,12.0,0.0,0.0,0.0,1.0,0.0,2.0,1.0,1.0,4.0,0.0,0.0,8.0,10.0,0.0,5.0,3.0,1.0,0.0,0.08,0.14,0.0,0.0,0.0,0.0,11.83,4.0,4.02,2.0,0.03,0.0,0.0,0.26,0.26,0.26,4.98,0.51,0.33,1.16,0.16,2.87,1.96,0.51,0.52,0.52,4.0,3.0,4.0,11.0,1.0,0.0,0.0,1.0,0.0,2.0,3.0,3.0,6.0,1.0,2.0,5.0,7.0,0.0,4.0,4.0,2.0,1.0,0.06,0.25,0.21,0.0,0.0,1.0,11.03,7.0,7.0,1.0,0.07,0.0,0.0,0.58,0.59,0.59
84751818475200,2025,Orlov-Leddy,SJS,pairing,5on5,5,1175.0,27.0,0.3,0.44,0.36,3.14,0.22,0.25,0.84,0.14,2.0,1.56,0.22,0.22,0.22,5.0,0.0,2.0,7.0,0.0,0.0,0.0,0.0,0.0,1.0,4.0,5.0,5.0,2.0,4.0,8.0,8.0,2.0,9.0,4.0,1.0,0.0,0.13,0.09,0.0,0.0,0.0,0.0,6.93,5.0,4.93,0.0,0.05,0.0,0.0,0.27,0.27,0.27,7.02,0.5,0.41,1.73,0.23,3.45,2.69,0.48,0.52,0.5,5.0,4.0,0.0,9.0,0.0,1.0,0.0,1.0,0.0,1.0,6.0,5.0,9.0,0.0,0.0,8.0,6.0,2.0,8.0,6.0,3.0,0.0,0.17,0.32,0.0,0.0,0.0,0.0,9.75,9.0,9.51,5.0,0.08,0.15,0.15,0.43,0.45,0.45
848074884820558482691,2025,O'Connor-Raty-Sherwood,VAN,line,5on5,5,776.0,47.0,0.36,0.47,0.5,5.07,0.14,0.21,1.46,0.2,2.9,2.09,0.14,0.15,0.15,4.0,3.0,1.0,8.0,1.0,0.0,0.0,1.0,0.0,2.0,3.0,3.0,6.0,4.0,8.0,7.0,13.0,2.0,0.0,7.0,0.0,0.0,0.14,0.0,0.0,1.0,0.0,0.0,8.57,7.0,7.35,0.0,0.04,0.0,0.0,0.18,0.19,0.19,4.38,0.25,0.35,1.18,0.2,2.99,2.03,0.25,0.25,0.25,2.0,5.0,2.0,9.0,0.0,0.0,0.0,1.0,0.0,4.0,2.0,2.0,7.0,1.0,2.0,8.0,7.0,0.0,5.0,7.0,0.0,0.0,0.25,0.0,0.0,0.0,0.0,0.0,8.77,7.0,6.88,3.0,0.07,0.0,0.0,0.32,0.32,0.32
847994184820978483468,2025,Quinn-Kulich-Danforth,BUF,line,5on5,2,619.0,24.0,0.23,0.29,0.25,2.77,0.29,0.21,0.76,0.1,1.58,1.06,0.29,0.26,0.26,3.0,1.0,3.0,7.0,0.0,0.0,0.0,0.0,0.0,1.0,3.0,3.0,4.0,4.0,8.0,7.0,2.0,0.0,6.0,2.0,2.0,0.0,0.04,0.25,0.0,0.0,0.0,0.0,6.17,4.0,3.55,5.0,0.04,0.0,0.0,0.33,0.3,0.3,8.7,0.95,0.65,2.29,0.33,4.55,3.24,0.9,1.03,0.97,9.0,3.0,5.0,17.0,1.0,1.0,0.0,1.0,0.0,7.0,2.0,8.0,11.0,1.0,2.0,5.0,1.0,2.0,6.0,7.0,5.0,0.0,0.25,0.7,0.0,0.0,1.0,0.0,18.91,12.0,13.36,2.0,0.14,0.16,0.16,0.92,0.99,0.94
84764228478970,2025,Reilly-Chatfield,CAR,pairing,5on5,4,2126.0,13.0,0.7,0.62,0.69,31.3,3.37,2.03,7.44,1.02,16.01,12.12,3.21,3.72,3.54,28.0,14.0,11.0,53.0,5.0,4.0,1.0,8.0,0.0,19.0,6.0,23.0,37.0,2.0,4.0,30.0,10.0,2.0,12.0,28.0,10.0,4.0,0.85,1.29,1.23,2.0,3.0,0.0,59.48,42.0,46.71,5.0,0.42,0.86,0.86,2.93,3.23,3.18,14.24,1.45,0.95,3.49,0.43,7.49,5.19,1.44,1.36,1.35,15.0,4.0,13.0,32.0,2.0,1.0,0.0,2.0,0.0,10.0,4.0,13.0,17.0,2.0,4.0,18.0,14.0,0.0,11.0,12.0,6.0,1.0,0.43,0.78,0.24,2.0,0.0,0.0,29.62,19.0,17.86,3.0,0.2,0.02,0.02,1.63,1.53,1.52
847844484784988480012,2025,Debrusk-Pettersson-Boeser,VAN,line,5on5,3,1196.0,9.0,0.55,0.4,0.47,11.15,0.98,0.71,2.83,0.34,5.74,4.4,0.93,0.97,0.92,8.0,7.0,2.0,17.0,2.0,1.0,0.0,1.0,0.0,4.0,7.0,6.0,13.0,1.0,2.0,6.0,5.0,2.0,5.0,12.0,2.0,1.0,0.51,0.25,0.21,2.0,0.0,0.0,17.11,15.0,14.95,3.0,0.15,0.21,0.21,0.91,0.9,0.88,12.4,0.79,0.72,3.04,0.38,6.89,5.19,0.77,0.81,0.78,12.0,5.0,8.0,25.0,1.0,1.0,1.0,1.0,0.0,9.0,5.0,11.0,16.0,1.0,2.0,13.0,9.0,1.0,6.0,12.0,5.0,0.0,0.25,0.54,0.0,0.0,1.0,0.0,25.73,17.0,17.64,4.0,0.15,0.14,0.14,0.8,0.81,0.78
847744484774798484144,2025,Bertuzzi-Bedard-Burakovsky,CHI,line,5on5,3,1166.0,17.0,0.68,0.69,0.71,18.25,1.52,1.27,5.16,0.63,9.93,6.5,1.34,1.47,1.3,16.0,9.0,4.0,29.0,1.0,2.0,1.0,6.0,0.0,7.0,9.0,15.0,24.0,5.0,10.0,10.0,8.0,2.0,6.0,19.0,4.0,2.0,0.59,0.49,0.43,0.0,0.0,1.0,28.46,25.0,24.63,4.0,0.26,0.24,0.24,1.53,1.48,1.37,7.69,0.7,0.55,2.02,0.23,3.75,2.75,0.7,0.74,0.74,5.0,5.0,3.0,13.0,0.0,0.0,0.0,1.0,0.0,4.0,5.0,5.0,10.0,1.0,2.0,5.0,5.0,3.0,9.0,7.0,2.0,1.0,0.18,0.26,0.27,0.0,0.0,0.0,13.13,10.0,10.11,3.0,0.11,0.0,0.0,0.82,0.86,0.86
84793458480873,2025,Chychrun-Sandin,WSH,pairing,5on5,7,768.0,53.0,0.49,0.63,0.58,7.92,0.62,0.53,1.91,0.26,4.12,3.56,0.61,0.6,0.59,7.0,4.0,6.0,17.0,2.0,1.0,0.0,1.0,0.0,4.0,3.0,5.0,9.0,0.0,0.0,1.0,7.0,0.0,2.0,9.0,1.0,1.0,0.28,0.11,0.23,1.0,1.0,0.0,16.5,11.0,10.78,1.0,0.11,0.23,0.23,0.5,0.49,0.48,6.25,0.64,0.37,1.35,0.19,3.0,2.46,0.64,0.68,0.68,4.0,4.0,2.0,10.0,0.0,1.0,0.0,2.0,0.0,0.0,5.0,4.0,8.0,1.0,2.0,2.0,6.0,1.0,1.0,5.0,2.0,1.0,0.13,0.28,0.23,0.0,0.0,0.0,10.63,8.0,8.54,1.0,0.08,0.03,0.03,0.69,0.73,0.73
847519184764388476448,2025,Saad-Karlsson-Smith,VGK,line,5on5,4,1482.0,18.0,0.28,0.51,0.42,10.4,0.61,0.57,2.84,0.36,5.41,4.21,0.6,0.61,0.6,10.0,4.0,12.0,26.0,0.0,0.0,0.0,2.0,0.0,8.0,4.0,10.0,14.0,0.0,0.0,10.0,6.0,1.0,4.0,11.0,3.0,0.0,0.28,0.33,0.0,0.0,0.0,0.0,26.06,14.0,13.97,2.0,0.12,0.0,0.0,0.73,0.73,0.72,14.54,1.54,0.88,3.16,0.42,7.59,5.41,1.53,1.59,1.58,13.0,6.0,6.0,25.0,2.0,1.0,1.0,5.0,0.0,6.0,5.0,11.0,17.0,0.0,0.0,15.0,11.0,2.0,9.0,14.0,3.0,2.0,0.32,0.46,0.76,1.0,0.0,1.0,24.76,19.0,18.83,4.0,0.18,0.55,0.55,1.18,1.18,1.18
84815688483506,2025,Vlasic-Rinzel,CHI,pairing,5on5,6,3425.0,10.0,0.43,0.42,0.42,24.4,2.29,1.62,5.83,0.79,13.47,9.0,2.21,2.37,2.28,18.0,15.0,15.0,48.0,1.0,2.0,0.0,6.0,0.0,13.0,11.0,17.0,32.0,4.0,8.0,22.0,22.0,5.0,23.0,20.0,12.0,1.0,0.48,1.51,0.3,1.0,0.0,0.0,49.99,33.0,34.01,13.0,0.33,0.32,0.32,2.3,2.34,2.31,33.4,3.07,2.04,8.54,1.1,18.01,13.23,2.98,3.05,2.95,32.0,14.0,19.0,65.0,2.0,5.0,0.0,7.0,0.0,18.0,14.0,30.0,44.0,3.0,6.0,28.0,22.0,3.0,18.0,33.0,9.0,4.0,0.83,1.17,1.07,2.0,0.0,0.0,63.51,46.0,45.2,7.0,0.43,0.96,0.96,2.54,2.48,2.46
84824708484258,2025,Solovyov-Malinski,COL,pairing,5on5,5,2761.0,14.0,0.63,0.61,0.64,26.68,2.43,1.81,6.93,0.97,15.72,11.14,2.34,2.54,2.45,22.0,17.0,16.0,55.0,0.0,1.0,0.0,3.0,0.0,20.0,15.0,22.0,39.0,1.0,2.0,18.0,19.0,5.0,18.0,29.0,9.0,1.0,1.03,1.14,0.26,0.0,0.0,0.0,57.31,39.0,40.53,9.0,0.37,0.15,0.15,2.66,2.77,2.67,16.41,1.45,1.04,3.79,0.53,8.65,6.54,1.42,1.39,1.36,16.0,6.0,13.0,35.0,1.0,2.0,1.0,0.0,0.0,13.0,6.0,15.0,21.0,1.0,2.0,26.0,29.0,1.0,19.0,17.0,3.0,2.0,0.47,0.45,0.53,0.0,0.0,1.0,32.98,22.0,20.76,14.0,0.21,0.44,0.44,1.23,1.16,1.14
84768748479410,2025,Sergachev-Mtt,UTA,pairing,5on5,4,753.0,40.0,0.26,0.5,0.36,3.06,0.25,0.2,0.82,0.1,1.53,1.1,0.25,0.27,0.27,2.0,2.0,5.0,9.0,0.0,0.0,0.0,1.0,0.0,1.0,2.0,2.0,4.0,0.0,0.0,4.0,7.0,0.0,4.0,2.0,2.0,0.0,0.03,0.22,0.0,0.0,0.0,0.0,9.23,4.0,4.12,3.0,0.04,0.0,0.0,0.29,0.31,0.31,5.27,0.72,0.36,1.25,0.18,2.64,1.86,0.65,0.7,0.64,4.0,3.0,2.0,9.0,0.0,1.0,0.0,0.0,0.0,4.0,2.0,4.0,7.0,2.0,4.0,7.0,7.0,1.0,1.0,3.0,3.0,1.0,0.11,0.38,0.22,0.0,0.0,0.0,8.79,7.0,6.84,0.0,0.07,0.22,0.22,0.56,0.55,0.53
84740138479410,2025,Sergachev-Cole,UTA,pairing,5on5,7,828.0,62.0,0.23,0.29,0.44,3.06,0.08,0.13,0.9,0.09,1.64,1.16,0.08,0.08,0.08,4.0,0.0,1.0,5.0,1.0,0.0,0.0,1.0,0.0,0.0,2.0,3.0,3.0,1.0,2.0,8.0,5.0,0.0,3.0,4.0,0.0,0.0,0.08,0.0,0.0,1.0,0.0,0.0,5.02,4.0,4.02,1.0,0.03,0.0,0.0,0.1,0.11,0.11,3.65,0.27,0.18,0.88,0.11,1.97,1.59,0.27,0.26,0.26,3.0,2.0,7.0,12.0,0.0,0.0,0.0,0.0,0.0,3.0,2.0,3.0,5.0,0.0,0.0,7.0,7.0,2.0,8.0,4.0,1.0,0.0,0.15,0.11,0.0,0.0,0.0,0.0,11.85,5.0,4.81,1.0,0.04,0.0,0.0,0.3,0.3,0.3
84753248478469,2025,Chabot-Jensen,OTT,pairing,5on5,7,5863.0,13.0,0.42,0.47,0.47,41.38,3.42,2.75,10.34,1.37,23.09,17.04,3.38,3.35,3.31,40.0,18.0,22.0,80.0,4.0,1.0,0.0,8.0,1.0,23.0,21.0,36.0,54.0,7.0,16.0,57.0,45.0,10.0,27.0,45.0,11.0,2.0,1.38,1.53,0.51,2.0,2.0,0.0,76.17,58.0,55.83,15.0,0.56,0.19,0.19,3.8,3.71,3.67,48.22,4.7,3.29,12.37,1.67,25.47,18.5,4.39,4.81,4.49,50.0,16.0,23.0,89.0,6.0,9.0,1.0,8.0,0.0,25.0,18.0,44.0,60.0,4.0,8.0,34.0,43.0,11.0,26.0,47.0,14.0,5.0,1.62,1.73,1.34,2.0,3.0,1.0,93.62,66.0,68.45,16.0,0.69,1.6,1.6,3.78,3.89,3.81
847584284817268482460,2025,Edstrom-Carrick-Rempe,NYR,line,5on5,8,3920.0,25.0,0.59,0.56,0.51,33.54,3.52,2.22,8.42,1.1,17.22,12.51,3.39,3.62,3.49,27.0,18.0,30.0,75.0,2.0,4.0,1.0,8.0,0.0,16.0,15.0,25.0,43.0,4.0,8.0,27.0,54.0,5.0,16.0,32.0,6.0,7.0,0.93,0.81,1.77,1.0,0.0,1.0,76.14,45.0,45.61,11.0,0.47,0.52,0.52,3.47,3.52,3.48,31.29,2.49,1.9,7.67,1.03,17.26,12.65,2.45,2.55,2.51,31.0,12.0,16.0,59.0,2.0,1.0,1.0,6.0,0.0,18.0,16.0,29.0,41.0,2.0,4.0,27.0,33.0,3.0,29.0,33.0,8.0,2.0,0.91,1.0,0.57,0.0,1.0,1.0,60.24,43.0,44.4,16.0,0.39,0.37,0.37,2.51,2.54,2.51
84769238478460,2025,Werenski-Severson,CBJ,pairing,5on5,5,796.0,29.0,0.71,0.7,0.71,11.6,1.16,0.7,2.9,0.41,6.95,4.88,1.12,1.14,1.11,12.0,5.0,9.0,26.0,1.0,1.0,0.0,3.0,0.0,7.0,5.0,11.0,16.0,1.0,2.0,11.0,8.0,0.0,3.0,13.0,3.0,1.0,0.44,0.38,0.33,1.0,0.0,0.0,25.59,17.0,16.88,1.0,0.15,0.33,0.33,0.97,0.99,0.97,5.05,0.48,0.42,1.04,0.17,2.89,2.0,0.47,0.48,0.47,6.0,1.0,4.0,11.0,0.0,1.0,0.0,2.0,0.0,1.0,3.0,6.0,7.0,1.0,2.0,9.0,3.0,1.0,5.0,5.0,2.0,0.0,0.14,0.34,0.0,0.0,0.0,0.0,11.24,7.0,7.18,2.0,0.09,0.19,0.19,0.38,0.38,0.37
84763728482142,2025,Seeler-Drysdale,PHI,pairing,5on5,4,2388.0,14.0,0.68,0.59,0.7,25.47,1.91,1.78,6.93,0.93,13.83,9.61,1.87,1.81,1.77,23.0,12.0,11.0,46.0,2.0,1.0,0.0,4.0,0.0,14.0,14.0,21.0,33.0,4.0,8.0,20.0,14.0,3.0,5.0,27.0,6.0,2.0,0.74,0.67,0.49,1.0,0.0,1.0,44.45,35.0,33.67,2.0,0.37,0.24,0.24,2.04,1.95,1.92,11.07,0.9,0.72,2.79,0.35,6.08,4.15,0.84,0.95,0.89,7.0,8.0,17.0,32.0,1.0,1.0,1.0,3.0,0.0,5.0,5.0,6.0,14.0,1.0,2.0,20.0,10.0,0.0,11.0,12.0,2.0,1.0,0.3,0.24,0.36,0.0,0.0,1.0,33.46,15.0,15.65,3.0,0.15,0.36,0.36,0.69,0.72,0.71
84815988482733,2025,Broberg-Mailloux,STL,pairing,5on5,4,1596.0,19.0,0.22,0.4,0.38,7.3,0.48,0.44,1.77,0.23,4.07,3.0,0.47,0.51,0.49,6.0,4.0,7.0,17.0,0.0,1.0,0.0,1.0,0.0,4.0,4.0,6.0,10.0,2.0,4.0,12.0,17.0,1.0,10.0,8.0,2.0,0.0,0.24,0.25,0.0,0.0,0.0,0.0,16.42,10.0,9.86,2.0,0.09,0.02,0.02,0.55,0.58,0.56,12.43,1.76,0.83,2.95,0.39,5.77,4.3,1.69,1.97,1.89,13.0,3.0,9.0,25.0,3.0,1.0,0.0,1.0,0.0,4.0,7.0,10.0,13.0,1.0,2.0,12.0,20.0,3.0,10.0,7.0,6.0,3.0,0.21,0.77,0.78,0.0,1.0,2.0,27.17,16.0,17.36,4.0,0.17,0.3,0.3,1.64,1.81,1.8
847517284826798484860,2025,Gridin-Kadri-Coronato,CGY,line,5on5,4,2138.0,8.0,0.37,0.47,0.46,15.9,1.03,0.95,4.29,0.57,8.35,6.81,1.02,1.01,1.0,12.0,10.0,14.0,36.0,2.0,1.0,0.0,1.0,0.0,9.0,9.0,10.0,20.0,1.0,2.0,15.0,3.0,8.0,13.0,18.0,4.0,0.0,0.56,0.47,0.0,2.0,0.0,0.0,35.13,22.0,21.83,10.0,0.2,0.15,0.15,1.08,1.05,1.05,19.88,1.75,1.23,5.3,0.62,9.55,7.54,1.73,1.77,1.74,22.0,4.0,14.0,40.0,4.0,3.0,1.0,7.0,0.0,3.0,9.0,18.0,22.0,1.0,2.0,30.0,20.0,4.0,7.0,19.0,4.0,3.0,0.48,0.55,0.73,2.0,1.0,1.0,40.15,26.0,25.98,4.0,0.26,0.58,0.58,1.44,1.45,1.44
847740484780108479542,2025,Hagel-Point-Guentzel,TBL,line,5on5,2,748.0,5.0,0.7,0.69,0.68,14.2,1.51,0.91,3.68,0.52,6.76,5.62,1.21,1.51,1.21,11.0,8.0,5.0,24.0,0.0,6.0,0.0,0.0,0.0,8.0,5.0,11.0,19.0,1.0,2.0,1.0,5.0,3.0,6.0,13.0,4.0,2.0,0.44,0.58,0.49,0.0,0.0,0.0,23.77,19.0,18.52,3.0,0.19,0.68,0.68,1.02,1.02,0.85,6.28,0.65,0.46,1.47,0.23,3.87,2.32,0.64,0.61,0.6,5.0,4.0,2.0,11.0,1.0,1.0,0.0,0.0,0.0,4.0,3.0,4.0,8.0,2.0,4.0,8.0,4.0,2.0,5.0,7.0,2.0,0.0,0.37,0.28,0.0,1.0,0.0,0.0,10.51,9.0,8.6,5.0,0.09,0.16,0.16,0.58,0.55,0.55
84768698480246,2025,Skjei-Perbix,NSH,pairing,5on5,7,6026.0,10.0,0.42,0.44,0.41,44.44,4.26,2.78,11.71,1.49,23.07,16.68,4.09,4.26,4.1,42.0,18.0,29.0,89.0,6.0,5.0,1.0,6.0,0.0,24.0,19.0,36.0,54.0,6.0,12.0,49.0,45.0,12.0,30.0,43.0,11.0,6.0,1.17,1.28,1.81,2.0,2.0,2.0,88.13,60.0,59.7,14.0,0.58,1.26,1.26,3.57,3.57,3.46,65.41,5.86,4.2,16.5,2.03,33.38,25.03,5.67,5.81,5.62,56.0,31.0,25.0,112.0,6.0,8.0,2.0,14.0,0.0,26.0,33.0,50.0,81.0,3.0,6.0,54.0,35.0,7.0,34.0,65.0,15.0,7.0,1.9,2.12,1.84,2.0,2.0,2.0,111.64,87.0,86.37,18.0,0.88,1.62,1.62,5.12,5.08,5.01
847810984795258480835,2025,Olofsson-Drury-Colton,COL,line,5on5,7,3121.0,20.0,0.66,0.67,0.69,39.46,2.99,2.49,11.04,1.33,22.07,15.08,2.89,3.12,3.01,39.0,16.0,25.0,80.0,1.0,3.0,0.0,5.0,0.0,29.0,17.0,38.0,54.0,4.0,11.0,31.0,18.0,4.0,15.0,42.0,11.0,2.0,1.17,1.37,0.44,0.0,1.0,0.0,83.93,55.0,57.88,5.0,0.52,0.44,0.44,3.07,3.21,3.1,18.96,1.56,1.06,5.18,0.59,9.65,6.96,1.53,1.51,1.49,16.0,9.0,14.0,39.0,1.0,1.0,0.0,4.0,0.0,10.0,9.0,15.0,24.0,4.0,11.0,23.0,17.0,5.0,27.0,20.0,3.0,2.0,0.42,0.49,0.64,0.0,0.0,1.0,37.2,25.0,23.88,15.0,0.22,0.33,0.33,1.45,1.43,1.42
847688084815808481656,2025,Protas-Mcmichael-Wilson,WSH,line,5on5,5,1594.0,36.0,0.46,0.68,0.68,20.19,1.44,1.36,5.07,0.62,11.49,8.01,1.42,1.38,1.37,22.0,6.0,11.0,39.0,2.0,1.0,0.0,5.0,0.0,10.0,10.0,20.0,26.0,3.0,6.0,16.0,13.0,0.0,10.0,22.0,6.0,0.0,0.66,0.78,0.0,2.0,0.0,0.0,37.29,28.0,27.04,8.0,0.28,0.03,0.03,1.68,1.62,1.6,9.77,1.65,0.94,2.1,0.38,4.36,3.57,1.41,1.79,1.52,9.0,4.0,5.0,18.0,3.0,4.0,0.0,3.0,0.0,1.0,2.0,6.0,10.0,0.0,0.0,17.0,8.0,0.0,7.0,4.0,6.0,3.0,0.1,0.87,0.68,0.0,2.0,1.0,19.29,13.0,14.12,3.0,0.21,0.5,0.5,1.36,1.47,1.32
84764678479324,2025,Oleksiak-Lindgren,SEA,pairing,5on5,5,1207.0,32.0,0.42,0.47,0.5,9.27,0.7,0.57,2.5,0.33,5.24,3.66,0.69,0.73,0.72,7.0,6.0,6.0,19.0,0.0,0.0,0.0,2.0,0.0,7.0,4.0,7.0,13.0,0.0,0.0,7.0,4.0,2.0,6.0,10.0,2.0,1.0,0.23,0.22,0.25,0.0,0.0,0.0,19.0,13.0,13.03,4.0,0.12,0.0,0.0,0.82,0.85,0.84,9.87,0.96,0.72,2.8,0.32,4.79,3.41,0.95,0.93,0.92,9.0,4.0,8.0,21.0,3.0,0.0,0.0,1.0,0.0,5.0,4.0,6.0,10.0,1.0,2.0,13.0,8.0,2.0,4.0,8.0,3.0,2.0,0.19,0.29,0.48,1.0,0.0,2.0,19.94,13.0,12.48,3.0,0.16,0.0,0.0,1.11,1.08,1.06
847796484784038478483,2025,Barbashev-Eichel-Marner,VGK,line,5on5,5,1851.0,15.0,0.54,0.5,0.53,19.51,1.78,1.18,4.83,0.64,9.79,7.79,1.73,1.8,1.74,13.0,13.0,7.0,33.0,2.0,2.0,0.0,0.0,0.0,8.0,14.0,11.0,24.0,0.0,0.0,15.0,17.0,3.0,10.0,17.0,8.0,1.0,0.47,1.05,0.25,1.0,1.0,0.0,33.23,26.0,26.0,2.0,0.25,0.29,0.29,1.73,1.74,1.74,16.14,1.51,0.98,4.18,0.54,9.09,6.7,1.48,1.47,1.44,14.0,9.0,10.0,33.0,0.0,2.0,0.0,6.0,0.0,9.0,6.0,14.0,23.0,2.0,4.0,12.0,15.0,1.0,7.0,17.0,5.0,1.0,0.42,0.68,0.41,0.0,0.0,0.0,32.84,23.0,22.98,3.0,0.2,0.42,0.42,1.29,1.26,1.24
84751718481122,2025,Ekman-Larsson-Benoit,TOR,pairing,5on5,7,5132.0,13.0,0.55,0.47,0.46,39.27,3.87,2.76,9.75,1.3,20.89,14.43,3.8,3.71,3.65,36.0,17.0,23.0,76.0,4.0,4.0,0.0,12.0,0.0,13.0,20.0,32.0,49.0,6.0,12.0,52.0,50.0,4.0,28.0,35.0,14.0,4.0,1.1,1.66,1.11,2.0,2.0,0.0,76.04,53.0,52.28,12.0,0.57,0.79,0.79,3.66,3.53,3.5,43.66,3.21,2.71,10.68,1.47,25.2,18.74,3.14,3.24,3.18,39.0,23.0,25.0,87.0,3.0,1.0,0.0,11.0,0.0,23.0,24.0,36.0,59.0,2.0,4.0,39.0,37.0,6.0,21.0,50.0,10.0,2.0,1.44,1.2,0.57,1.0,2.0,0.0,87.47,62.0,62.05,7.0,0.56,0.31,0.31,3.45,3.49,3.44
847794984794208482659,2025,Tuch-Thompson-Doan,BUF,line,5on5,1,658.0,1.0,0.65,0.66,0.64,12.14,1.16,0.85,3.17,0.39,6.11,4.33,1.1,1.07,1.02,9.0,7.0,5.0,21.0,1.0,1.0,0.0,4.0,0.0,9.0,1.0,8.0,15.0,2.0,4.0,8.0,1.0,3.0,3.0,10.0,5.0,1.0,0.24,0.71,0.2,1.0,0.0,0.0,19.7,16.0,15.04,2.0,0.18,0.2,0.2,1.13,1.06,1.03,6.58,0.61,0.41,1.73,0.2,3.45,2.59,0.59,0.68,0.66,8.0,1.0,2.0,11.0,0.0,1.0,0.0,2.0,0.0,2.0,4.0,8.0,9.0,1.0,2.0,6.0,7.0,0.0,5.0,7.0,1.0,1.0,0.24,0.11,0.26,0.0,0.0,0.0,12.54,9.0,10.22,3.0,0.09,0.26,0.26,0.44,0.49,0.48
847688084794008481656,2025,Protas-Dubois-Wilson,WSH,line,5on5,3,1655.0,3.0,0.42,0.52,0.43,14.15,1.27,0.85,4.28,0.48,6.87,5.25,1.2,1.35,1.28,13.0,6.0,12.0,31.0,3.0,2.0,0.0,4.0,0.0,5.0,5.0,10.0,16.0,1.0,2.0,13.0,8.0,2.0,5.0,13.0,4.0,2.0,0.37,0.45,0.44,1.0,2.0,0.0,33.38,19.0,20.26,2.0,0.18,0.2,0.2,1.25,1.36,1.28,18.56,1.79,1.16,5.11,0.64,9.58,6.72,1.55,1.71,1.48,17.0,8.0,4.0,29.0,0.0,3.0,0.0,4.0,0.0,9.0,9.0,17.0,25.0,2.0,4.0,22.0,12.0,1.0,8.0,18.0,5.0,2.0,0.45,0.7,0.64,0.0,0.0,0.0,27.97,25.0,24.17,4.0,0.24,0.83,0.86,1.17,1.12,1.03
84757628483678,2025,Forbort-Pettersson,VAN,pairing,5on5,2,1043.0,6.0,0.15,0.26,0.29,3.06,0.19,0.15,0.68,0.1,1.62,1.26,0.19,0.19,0.19,3.0,1.0,1.0,5.0,1.0,0.0,0.0,0.0,0.0,1.0,2.0,2.0,3.0,2.0,4.0,5.0,9.0,1.0,11.0,4.0,0.0,0.0,0.19,0.0,0.0,1.0,0.0,0.0,5.23,4.0,4.04,8.0,0.03,0.0,0.0,0.22,0.22,0.22,8.12,1.09,0.55,1.82,0.24,3.48,2.81,1.01,1.05,0.98,7.0,3.0,4.0,14.0,1.0,2.0,0.0,1.0,0.0,2.0,4.0,6.0,9.0,2.0,4.0,10.0,14.0,0.0,3.0,6.0,1.0,3.0,0.2,0.15,0.74,1.0,0.0,0.0,13.63,10.0,9.89,1.0,0.12,0.52,0.52,0.69,0.67,0.66
84757908483485,2025,Mateychuk-Gudbranson,CBJ,pairing,5on5,2,972.0,6.0,0.39,0.44,0.4,6.62,0.78,0.5,1.43,0.26,3.82,3.2,0.77,0.83,0.81,9.0,1.0,4.0,14.0,0.0,1.0,0.0,1.0,0.0,2.0,6.0,9.0,10.0,1.0,2.0,7.0,12.0,2.0,7.0,8.0,1.0,1.0,0.3,0.14,0.34,0.0,0.0,0.0,14.87,10.0,10.63,4.0,0.1,0.34,0.34,0.54,0.58,0.56,10.95,1.24,0.78,2.48,0.39,5.64,4.48,1.22,1.16,1.14,8.0,7.0,3.0,18.0,1.0,1.0,0.0,4.0,0.0,4.0,5.0,7.0,14.0,2.0,4.0,4.0,10.0,2.0,8.0,9.0,4.0,2.0,0.23,0.46,0.54,1.0,0.0,0.0,17.06,15.0,14.21,5.0,0.16,0.31,0.31,1.09,1.03,1.01
84815938483457,2025,Hutson-Struble,MTL,pairing,5on5,3,1552.0,8.0,0.28,0.4,0.43,11.93,0.96,0.69,2.71,0.36,6.33,4.96,0.93,0.93,0.91,13.0,3.0,3.0,19.0,1.0,1.0,0.0,2.0,0.0,5.0,7.0,12.0,15.0,1.0,2.0,9.0,11.0,1.0,7.0,12.0,3.0,1.0,0.37,0.34,0.24,0.0,1.0,0.0,18.86,16.0,15.91,3.0,0.14,0.24,0.24,0.86,0.84,0.82,16.25,2.48,0.94,4.41,0.58,7.2,5.39,2.32,2.5,2.33,13.0,8.0,7.0,28.0,0.0,6.0,0.0,2.0,0.0,7.0,6.0,13.0,21.0,2.0,4.0,14.0,11.0,1.0,10.0,14.0,2.0,5.0,0.52,0.34,1.63,0.0,0.0,0.0,28.17,21.0,20.76,4.0,0.2,1.48,1.48,1.21,1.23,1.2
84745688477938,2025,Fleury-Schenn,WPG,pairing,5on5,4,1857.0,14.0,0.26,0.36,0.38,8.72,0.64,0.56,1.97,0.26,5.0,3.57,0.64,0.69,0.68,10.0,2.0,4.0,16.0,0.0,0.0,0.0,5.0,0.0,4.0,3.0,10.0,12.0,3.0,6.0,18.0,16.0,0.0,10.0,10.0,1.0,1.0,0.35,0.08,0.22,0.0,0.0,0.0,17.63,12.0,12.85,7.0,0.12,0.0,0.0,0.76,0.81,0.81,14.59,1.83,1.14,3.32,0.5,7.69,5.53,1.73,1.84,1.74,11.0,9.0,8.0,28.0,2.0,2.0,0.0,0.0,0.0,6.0,10.0,9.0,18.0,2.0,4.0,8.0,13.0,2.0,11.0,12.0,6.0,2.0,0.45,0.83,0.56,1.0,1.0,0.0,26.91,20.0,19.44,4.0,0.24,0.56,0.56,1.52,1.53,1.48
84818068482176,2025,Kaiser-Crevier,CHI,pairing,5on5,6,1837.0,25.0,0.38,0.33,0.35,13.57,0.96,0.84,3.45,0.4,7.36,4.98,0.87,0.96,0.87,10.0,8.0,2.0,20.0,1.0,2.0,0.0,5.0,0.0,3.0,7.0,9.0,17.0,6.0,15.0,23.0,19.0,8.0,7.0,13.0,4.0,1.0,0.29,0.43,0.23,0.0,1.0,0.0,20.76,18.0,18.43,3.0,0.17,0.18,0.14,0.99,1.0,0.91,24.0,1.56,1.48,6.54,0.84,13.45,10.12,1.52,1.53,1.48,23.0,11.0,7.0,41.0,1.0,2.0,0.0,3.0,0.0,16.0,12.0,22.0,33.0,4.0,11.0,9.0,12.0,2.0,7.0,29.0,4.0,1.0,0.73,0.6,0.23,1.0,0.0,0.0,39.39,34.0,32.82,5.0,0.31,0.38,0.38,1.49,1.46,1.43
848002784821458482740,2025,Robertson-Johnston-Bourque,DAL,line,5on5,6,1702.0,33.0,0.75,0.63,0.68,20.47,1.58,1.2,5.43,0.64,11.23,7.93,1.56,1.57,1.55,21.0,7.0,6.0,34.0,0.0,0.0,0.0,7.0,0.0,10.0,11.0,21.0,28.0,1.0,2.0,17.0,8.0,3.0,6.0,21.0,6.0,1.0,0.56,0.77,0.25,0.0,0.0,0.0,32.55,28.0,26.8,2.0,0.25,0.0,0.0,1.83,1.81,1.79,9.74,0.54,0.53,2.57,0.32,4.89,4.16,0.54,0.57,0.57,8.0,5.0,7.0,20.0,1.0,1.0,0.0,1.0,0.0,5.0,5.0,7.0,12.0,1.0,2.0,11.0,19.0,2.0,6.0,10.0,3.0,0.0,0.25,0.29,0.0,1.0,0.0,0.0,20.92,13.0,13.72,2.0,0.11,0.11,0.11,0.53,0.56,0.56
84779488481546,2025,Sanheim-York,PHI,pairing,5on5,3,2900.0,3.0,0.63,0.57,0.58,19.03,1.44,1.27,5.05,0.64,10.29,7.3,1.4,1.39,1.34,18.0,8.0,11.0,37.0,2.0,3.0,0.0,3.0,0.0,8.0,10.0,16.0,24.0,3.0,9.0,21.0,17.0,5.0,10.0,22.0,4.0,0.0,0.84,0.6,0.0,2.0,0.0,0.0,36.62,26.0,25.65,4.0,0.26,0.37,0.37,1.34,1.29,1.27,13.6,0.83,0.79,3.48,0.42,7.58,5.89,0.82,0.88,0.87,12.0,7.0,9.0,28.0,0.0,0.0,0.0,3.0,0.0,10.0,6.0,12.0,19.0,5.0,13.0,17.0,22.0,1.0,15.0,15.0,4.0,0.0,0.4,0.43,0.0,0.0,0.0,0.0,29.79,19.0,20.05,9.0,0.16,0.0,0.0,1.0,1.05,1.04
84816068482095,2025,Kleven-Spence,OTT,pairing,5on5,4,3118.0,5.0,0.56,0.59,0.6,30.15,2.35,1.77,7.69,0.93,14.93,11.32,2.19,2.25,2.1,28.0,11.0,18.0,57.0,2.0,4.0,0.0,8.0,0.0,16.0,9.0,26.0,37.0,7.0,14.0,24.0,31.0,2.0,17.0,28.0,9.0,2.0,0.64,1.25,0.46,0.0,1.0,1.0,55.0,39.0,37.82,13.0,0.37,0.69,0.69,2.02,1.95,1.92,19.23,1.84,1.23,4.77,0.6,10.25,7.32,1.81,1.91,1.88,18.0,8.0,14.0,40.0,2.0,2.0,0.0,1.0,0.0,8.0,13.0,16.0,24.0,5.0,10.0,29.0,43.0,1.0,17.0,21.0,2.0,3.0,0.71,0.18,0.94,0.0,1.0,1.0,41.09,26.0,26.63,10.0,0.25,0.74,0.74,1.36,1.41,1.4
84793248479985,2025,Lindgren-Fleury,SEA,pairing,5on5,3,1255.0,14.0,0.56,0.56,0.57,11.97,1.04,0.7,3.06,0.41,6.88,4.9,1.03,1.07,1.06,9.0,8.0,6.0,23.0,1.0,1.0,0.0,0.0,0.0,8.0,7.0,8.0,16.0,3.0,9.0,10.0,8.0,1.0,6.0,13.0,3.0,1.0,0.35,0.46,0.23,0.0,1.0,0.0,22.27,17.0,16.98,3.0,0.15,0.23,0.23,0.96,0.99,0.98,8.82,0.84,0.58,2.46,0.28,5.33,3.52,0.82,0.81,0.8,9.0,4.0,5.0,18.0,0.0,1.0,0.0,5.0,0.0,5.0,2.0,9.0,13.0,1.0,5.0,8.0,8.0,1.0,5.0,11.0,1.0,1.0,0.29,0.14,0.41,0.0,0.0,0.0,18.8,13.0,13.36,2.0,0.12,0.41,0.41,0.55,0.54,0.54
847522084774518478508,2025,Foligno-Hartman-Trenin,MIN,line,5on5,5,1832.0,34.0,0.5,0.41,0.44,12.9,0.97,0.83,3.02,0.4,7.47,5.3,0.97,0.99,0.99,14.0,4.0,3.0,21.0,0.0,0.0,0.0,4.0,0.0,8.0,6.0,14.0,18.0,2.0,4.0,17.0,22.0,2.0,9.0,14.0,3.0,1.0,0.32,0.42,0.24,0.0,0.0,0.0,21.11,18.0,17.93,5.0,0.17,0.0,0.0,1.15,1.16,1.16,17.5,0.98,0.98,4.07,0.55,9.2,7.21,0.97,0.96,0.95,18.0,5.0,7.0,30.0,1.0,0.0,0.0,3.0,0.0,10.0,9.0,17.0,22.0,3.0,6.0,26.0,12.0,2.0,12.0,17.0,6.0,0.0,0.31,0.68,0.0,1.0,0.0,0.0,30.03,23.0,22.89,9.0,0.2,0.0,0.0,1.19,1.16,1.15
84745748477969,2025,Pettersson-Myers,VAN,pairing,5on5,7,3949.0,16.0,0.39,0.4,0.4,24.76,1.82,1.49,6.39,0.87,12.96,10.46,1.79,1.89,1.86,22.0,12.0,16.0,50.0,4.0,2.0,0.0,3.0,0.0,10.0,15.0,18.0,30.0,7.0,14.0,25.0,23.0,5.0,13.0,26.0,6.0,2.0,0.58,0.7,0.54,2.0,1.0,1.0,51.12,34.0,35.12,2.0,0.31,0.36,0.36,1.77,1.85,1.82,37.15,2.8,2.34,10.14,1.23,19.22,14.27,2.75,2.73,2.67,30.0,20.0,25.0,75.0,2.0,4.0,1.0,6.0,0.0,24.0,14.0,28.0,48.0,3.0,6.0,41.0,27.0,2.0,21.0,39.0,8.0,3.0,1.12,0.98,0.7,1.0,1.0,0.0,73.07,50.0,49.09,12.0,0.49,0.57,0.57,2.73,2.63,2.6
84775078479325,2025,Zadorov-Mcavoy,BOS,pairing,5on5,6,694.0,46.0,0.61,0.42,0.33,2.23,0.29,0.13,0.67,0.11,1.09,0.71,0.13,0.29,0.13,2.0,1.0,2.0,5.0,1.0,0.0,0.0,0.0,0.0,1.0,1.0,1.0,2.0,0.0,0.0,9.0,8.0,3.0,1.0,2.0,0.0,1.0,0.04,0.0,0.25,1.0,0.0,0.0,5.07,3.0,3.13,0.0,0.03,0.0,0.25,0.07,0.07,0.06,4.42,0.18,0.26,1.18,0.15,2.4,1.83,0.18,0.19,0.19,3.0,3.0,1.0,7.0,0.0,0.0,0.0,1.0,0.0,2.0,3.0,3.0,6.0,0.0,0.0,0.0,7.0,1.0,0.0,6.0,0.0,0.0,0.18,0.0,0.0,0.0,0.0,0.0,7.43,6.0,6.24,0.0,0.05,0.0,0.0,0.24,0.25,0.25
847843884815778485414,2025,Novak-Kindel-Tomasino,PIT,line,5on5,2,1257.0,4.0,0.61,0.39,0.45,9.59,1.12,0.77,1.82,0.29,5.17,3.84,1.1,1.18,1.16,9.0,4.0,4.0,17.0,0.0,0.0,0.0,3.0,0.0,6.0,4.0,9.0,13.0,0.0,0.0,8.0,4.0,1.0,10.0,9.0,3.0,1.0,0.45,0.4,0.26,0.0,0.0,0.0,17.85,13.0,13.59,4.0,0.16,0.0,0.0,1.28,1.35,1.33,11.55,0.71,0.76,3.57,0.4,6.36,4.2,0.69,0.67,0.65,9.0,7.0,11.0,27.0,1.0,2.0,0.0,3.0,0.0,6.0,4.0,8.0,15.0,0.0,0.0,10.0,13.0,1.0,11.0,13.0,3.0,0.0,0.38,0.33,0.0,1.0,0.0,0.0,25.75,16.0,15.36,3.0,0.16,0.2,0.2,0.67,0.64,0.64
847793484779538481617,2025,Podkolzin-Draisaitl-Kapanen,EDM,line,5on5,2,780.0,9.0,0.27,0.33,0.41,5.3,0.2,0.28,1.24,0.14,2.61,2.54,0.2,0.21,0.21,7.0,0.0,2.0,9.0,0.0,0.0,0.0,1.0,0.0,1.0,5.0,7.0,7.0,0.0,0.0,8.0,7.0,0.0,6.0,7.0,0.0,0.0,0.2,0.0,0.0,0.0,0.0,0.0,9.19,7.0,7.08,3.0,0.06,0.0,0.0,0.26,0.27,0.27,7.23,0.53,0.41,1.94,0.23,4.1,2.79,0.52,0.52,0.52,7.0,3.0,8.0,18.0,0.0,0.0,0.0,0.0,0.0,8.0,2.0,7.0,10.0,1.0,2.0,5.0,5.0,2.0,1.0,7.0,3.0,0.0,0.14,0.39,0.0,0.0,0.0,0.0,18.2,10.0,10.08,1.0,0.09,0.0,0.0,0.61,0.61,0.6
847637484797058480355,2025,Viel-Kuraly-Kastelic,BOS,line,5on5,2,1104.0,4.0,0.6,0.64,0.78,10.73,0.85,0.68,2.85,0.35,5.23,4.03,0.83,0.83,0.82,8.0,6.0,7.0,21.0,2.0,1.0,0.0,1.0,0.0,3.0,7.0,6.0,12.0,1.0,5.0,14.0,14.0,3.0,6.0,10.0,4.0,0.0,0.23,0.61,0.0,2.0,0.0,0.0,20.54,14.0,13.53,2.0,0.15,0.02,0.02,0.97,0.96,0.94,2.84,0.57,0.25,0.66,0.11,1.44,0.97,0.56,0.58,0.58,3.0,1.0,8.0,12.0,0.0,1.0,0.0,0.0,0.0,2.0,1.0,3.0,4.0,4.0,11.0,10.0,11.0,1.0,10.0,1.0,2.0,1.0,0.04,0.23,0.3,0.0,0.0,0.0,12.35,4.0,4.21,5.0,0.05,0.15,0.15,0.47,0.47,0.47
847638984785508482109,2025,Lafrenire-Trocheck-Panarin,NYR,line,5on5,2,1042.0,5.0,0.49,0.4,0.45,7.34,0.73,0.51,1.94,0.26,3.82,2.74,0.72,0.73,0.72,9.0,1.0,2.0,12.0,1.0,2.0,1.0,1.0,0.0,3.0,3.0,8.0,9.0,0.0,0.0,7.0,7.0,2.0,8.0,7.0,2.0,1.0,0.15,0.28,0.31,0.0,1.0,0.0,11.74,10.0,9.74,4.0,0.11,0.48,0.48,0.36,0.35,0.35,8.48,0.75,0.59,2.16,0.3,4.74,3.46,0.69,0.79,0.73,11.0,1.0,6.0,18.0,1.0,1.0,0.0,2.0,0.0,1.0,7.0,10.0,11.0,1.0,2.0,7.0,8.0,1.0,3.0,10.0,1.0,1.0,0.36,0.15,0.24,0.0,0.0,1.0,18.39,12.0,12.21,3.0,0.13,0.15,0.15,0.73,0.76,0.7
847456484752878478047,2025,Bunting-Haula-Stamkos,NSH,line,5on5,2,661.0,17.0,0.56,0.52,0.5,6.8,0.6,0.41,2.26,0.24,3.35,2.14,0.58,0.56,0.55,7.0,2.0,4.0,13.0,0.0,1.0,0.0,0.0,0.0,6.0,2.0,7.0,9.0,1.0,2.0,9.0,3.0,0.0,6.0,7.0,0.0,2.0,0.15,0.0,0.46,0.0,0.0,0.0,12.17,9.0,8.49,3.0,0.09,0.23,0.23,0.47,0.43,0.42,7.2,0.48,0.31,1.45,0.2,3.12,3.44,0.48,0.51,0.51,8.0,1.0,3.0,12.0,1.0,0.0,0.0,1.0,0.0,2.0,5.0,7.0,8.0,0.0,0.0,8.0,1.0,3.0,3.0,7.0,2.0,0.0,0.19,0.29,0.0,1.0,0.0,0.0,12.71,9.0,9.55,2.0,0.07,0.0,0.0,0.55,0.58,0.58
847645984764688482157,2025,Cuylle-Zibanejad-Miller,NYR,line,5on5,2,1035.0,5.0,0.61,0.49,0.48,9.48,1.08,0.68,2.54,0.34,5.03,3.33,1.07,1.04,1.03,7.0,6.0,6.0,19.0,0.0,2.0,0.0,3.0,0.0,5.0,3.0,7.0,13.0,3.0,6.0,12.0,10.0,3.0,5.0,7.0,5.0,1.0,0.2,0.57,0.31,0.0,0.0,0.0,18.39,13.0,12.72,2.0,0.14,0.44,0.44,0.79,0.78,0.77,10.72,0.7,0.76,2.71,0.3,5.59,3.94,0.61,0.74,0.65,8.0,6.0,6.0,20.0,0.0,1.0,0.0,0.0,0.0,8.0,5.0,8.0,14.0,2.0,4.0,7.0,7.0,1.0,4.0,12.0,2.0,0.0,0.4,0.29,0.0,0.0,0.0,0.0,20.88,14.0,14.5,1.0,0.16,0.14,0.14,0.72,0.76,0.66
847742984774568484794,2025,Compher-Copp-Brandsegg-Nygrd,DET,line,5on5,5,2904.0,11.0,0.47,0.49,0.53,21.01,1.56,1.23,5.52,0.68,11.85,8.15,1.54,1.47,1.45,19.0,10.0,16.0,45.0,0.0,1.0,0.0,3.0,0.0,10.0,15.0,19.0,29.0,3.0,6.0,29.0,22.0,3.0,17.0,21.0,8.0,0.0,0.68,0.88,0.0,0.0,0.0,0.0,43.44,29.0,27.97,8.0,0.25,0.08,0.08,1.74,1.64,1.62,18.14,1.8,1.19,4.7,0.6,10.42,7.3,1.77,1.81,1.79,12.0,14.0,21.0,47.0,1.0,0.0,0.0,6.0,0.0,12.0,7.0,11.0,25.0,7.0,14.0,35.0,27.0,4.0,13.0,18.0,6.0,2.0,0.55,0.7,0.54,0.0,0.0,1.0,48.11,26.0,25.74,7.0,0.25,0.0,0.0,2.05,2.06,2.03
84774958478859,2025,Mikkola-Jones,FLA,pairing,5on5,8,5956.0,15.0,0.55,0.51,0.52,55.08,4.49,3.74,13.99,1.68,29.02,20.07,4.28,4.61,4.39,51.0,22.0,30.0,103.0,2.0,5.0,1.0,15.0,0.0,24.0,27.0,49.0,71.0,11.0,25.0,45.0,53.0,6.0,31.0,55.0,15.0,3.0,1.62,2.11,0.76,1.0,0.0,1.0,105.91,73.0,74.69,23.0,0.78,0.86,0.86,4.42,4.51,4.44,47.68,3.71,3.09,11.95,1.7,27.57,19.99,3.63,3.7,3.61,44.0,24.0,31.0,99.0,3.0,5.0,0.0,9.0,2.0,27.0,22.0,41.0,65.0,14.0,33.0,73.0,50.0,10.0,32.0,51.0,17.0,0.0,1.54,2.17,0.0,0.0,3.0,0.0,98.2,68.0,67.94,20.0,0.63,0.24,0.24,4.11,4.09,4.0
847849384788648481557,2025,Boldy-Eriksson Ek-Kaprizov,MIN,line,5on5,6,1835.0,44.0,0.51,0.52,0.53,18.01,1.62,1.08,4.2,0.59,9.8,7.71,1.57,1.66,1.62,15.0,10.0,9.0,34.0,1.0,4.0,0.0,2.0,0.0,7.0,11.0,14.0,24.0,0.0,0.0,12.0,6.0,0.0,5.0,21.0,2.0,2.0,0.68,0.32,0.61,1.0,0.0,0.0,34.86,25.0,25.55,2.0,0.22,0.86,0.86,0.98,1.02,1.02,16.72,1.53,1.17,4.8,0.7,8.09,5.71,1.49,1.46,1.43,12.0,10.0,9.0,31.0,0.0,3.0,0.0,1.0,0.0,7.0,11.0,12.0,22.0,2.0,4.0,19.0,12.0,4.0,5.0,16.0,5.0,1.0,0.61,0.64,0.28,0.0,0.0,0.0,30.35,22.0,21.38,2.0,0.25,0.46,0.46,1.31,1.25,1.25
847794084784278482093,2025,Ehlers-Aho-Jarvis,CAR,line,5on5,6,4007.0,8.0,0.57,0.56,0.61,47.72,4.07,3.03,12.43,1.76,25.6,19.11,3.82,4.34,4.06,47.0,19.0,18.0,84.0,5.0,4.0,1.0,15.0,0.0,23.0,19.0,42.0,61.0,4.0,8.0,40.0,17.0,2.0,20.0,52.0,11.0,3.0,1.66,1.48,0.93,3.0,2.0,0.0,88.78,66.0,69.94,11.0,0.63,0.6,0.79,3.91,4.13,3.97,31.42,3.02,2.14,8.12,1.03,15.88,11.82,2.86,2.89,2.75,28.0,14.0,23.0,65.0,4.0,3.0,0.0,2.0,1.0,13.0,19.0,24.0,38.0,1.0,2.0,41.0,22.0,5.0,25.0,31.0,8.0,3.0,1.12,0.99,0.91,3.0,0.0,1.0,62.65,42.0,40.59,12.0,0.45,0.63,0.63,2.84,2.74,2.7
84811788482142,2025,Zamula-Drysdale,PHI,pairing,5on5,4,1469.0,19.0,0.22,0.37,0.31,6.07,0.42,0.46,1.39,0.19,3.3,2.23,0.41,0.44,0.43,6.0,2.0,5.0,13.0,0.0,0.0,0.0,3.0,0.0,3.0,2.0,6.0,8.0,2.0,4.0,10.0,8.0,3.0,10.0,7.0,1.0,0.0,0.34,0.08,0.0,0.0,0.0,0.0,13.67,8.0,8.32,6.0,0.09,0.0,0.0,0.52,0.54,0.53,13.85,1.52,0.81,3.58,0.45,6.57,5.07,1.45,1.48,1.42,13.0,5.0,4.0,22.0,1.0,2.0,1.0,2.0,0.0,6.0,7.0,12.0,17.0,0.0,0.0,18.0,16.0,0.0,2.0,13.0,3.0,2.0,0.4,0.44,0.69,0.0,0.0,1.0,21.87,18.0,17.96,1.0,0.17,0.69,0.69,1.0,0.98,0.97
84751718476853,2025,Rielly-Ekman-Larsson,TOR,pairing,5on5,7,1244.0,31.0,0.75,0.68,0.69,19.57,2.05,1.5,5.05,0.72,10.53,7.15,1.96,1.97,1.89,17.0,10.0,11.0,38.0,3.0,6.0,1.0,2.0,1.0,8.0,7.0,14.0,24.0,1.0,2.0,13.0,4.0,2.0,5.0,17.0,8.0,2.0,0.5,0.99,0.57,0.0,1.0,2.0,35.77,27.0,25.46,2.0,0.32,0.79,0.79,1.58,1.52,1.51,8.71,0.67,0.61,2.07,0.29,4.94,3.42,0.67,0.71,0.71,9.0,3.0,6.0,18.0,3.0,1.0,0.0,2.0,0.0,2.0,4.0,6.0,9.0,1.0,2.0,9.0,7.0,2.0,9.0,10.0,2.0,0.0,0.35,0.32,0.0,3.0,0.0,0.0,18.87,12.0,12.77,3.0,0.13,0.05,0.05,0.75,0.79,0.78
84745688479378,2025,Stanley-Schenn,WPG,pairing,5on5,5,971.0,30.0,0.37,0.43,0.32,4.7,0.38,0.27,0.92,0.13,2.54,1.77,0.37,0.38,0.36,4.0,2.0,7.0,13.0,0.0,0.0,0.0,1.0,0.0,1.0,4.0,4.0,6.0,2.0,7.0,4.0,10.0,1.0,6.0,4.0,2.0,0.0,0.12,0.26,0.0,0.0,0.0,0.0,12.56,6.0,5.97,4.0,0.06,0.0,0.0,0.44,0.43,0.42,9.24,0.63,0.59,2.0,0.29,5.37,4.12,0.63,0.68,0.68,10.0,3.0,4.0,17.0,0.0,0.0,0.0,0.0,0.0,8.0,5.0,10.0,13.0,2.0,7.0,6.0,5.0,1.0,6.0,9.0,4.0,0.0,0.24,0.39,0.0,0.0,0.0,0.0,18.12,13.0,13.88,4.0,0.12,0.0,0.0,0.75,0.81,0.8
84706138476312,2025,Burns-Manson,COL,pairing,5on5,6,3403.0,24.0,0.55,0.54,0.54,29.99,2.27,1.8,7.65,0.97,16.18,12.13,2.18,2.35,2.25,29.0,12.0,18.0,59.0,4.0,1.0,0.0,7.0,0.0,15.0,14.0,25.0,37.0,3.0,6.0,37.0,23.0,6.0,15.0,31.0,8.0,2.0,0.7,1.13,0.44,3.0,0.0,1.0,60.98,41.0,42.54,8.0,0.38,0.24,0.24,2.41,2.5,2.4,25.93,1.87,1.46,6.86,0.87,13.92,10.02,1.85,1.8,1.77,20.0,15.0,16.0,51.0,2.0,1.0,0.0,8.0,0.0,15.0,9.0,18.0,33.0,6.0,12.0,36.0,15.0,7.0,17.0,27.0,6.0,2.0,0.68,0.74,0.45,2.0,0.0,0.0,49.2,35.0,33.84,12.0,0.31,0.15,0.15,2.02,1.95,1.94
84783968480727,2025,Hanifin-Whitecloud,VGK,pairing,5on5,1,961.0,1.0,0.5,0.59,0.61,10.09,0.53,0.54,2.65,0.32,5.63,4.34,0.53,0.51,0.51,11.0,3.0,3.0,17.0,1.0,1.0,0.0,2.0,0.0,3.0,7.0,10.0,13.0,0.0,0.0,9.0,5.0,1.0,8.0,11.0,3.0,0.0,0.14,0.39,0.0,0.0,1.0,0.0,15.95,14.0,13.18,2.0,0.11,0.14,0.14,0.5,0.48,0.48,6.5,0.53,0.45,1.71,0.19,3.56,2.57,0.53,0.56,0.56,8.0,1.0,3.0,12.0,1.0,0.0,0.0,1.0,0.0,4.0,3.0,7.0,8.0,0.0,0.0,5.0,13.0,2.0,6.0,7.0,1.0,1.0,0.22,0.08,0.23,0.0,0.0,1.0,12.71,9.0,9.51,0.0,0.09,0.0,0.0,0.62,0.66,0.66
84764628478399,2025,Siegenthaler-Hamilton,NJD,pairing,5on5,6,5035.0,9.0,0.46,0.5,0.53,45.77,3.38,2.91,11.84,1.59,25.33,17.94,3.3,3.42,3.34,38.0,25.0,22.0,85.0,2.0,2.0,0.0,10.0,0.0,28.0,21.0,36.0,61.0,6.0,14.0,49.0,33.0,8.0,30.0,48.0,14.0,1.0,1.19,1.96,0.23,2.0,0.0,0.0,89.41,63.0,65.31,12.0,0.61,0.28,0.28,3.72,3.78,3.73,40.57,3.98,2.74,10.25,1.37,21.11,15.56,3.69,3.88,3.59,32.0,23.0,29.0,84.0,3.0,6.0,1.0,6.0,0.0,20.0,20.0,29.0,52.0,3.0,6.0,43.0,39.0,3.0,27.0,41.0,7.0,7.0,1.28,0.97,1.73,1.0,0.0,2.0,80.7,55.0,53.09,15.0,0.58,1.48,1.48,3.08,2.97,2.92
847740484785198482201,2025,Guentzel-Cirelli-Goncalves,TBL,line,5on5,3,1349.0,15.0,0.39,0.29,0.31,6.28,0.89,0.55,1.18,0.17,3.12,2.09,0.84,0.97,0.92,6.0,2.0,2.0,10.0,3.0,1.0,0.0,1.0,0.0,1.0,2.0,3.0,5.0,1.0,2.0,15.0,4.0,5.0,9.0,4.0,2.0,2.0,0.15,0.28,0.45,1.0,1.0,1.0,11.01,8.0,8.85,3.0,0.12,0.14,0.14,0.86,0.94,0.9,13.23,1.38,0.84,4.14,0.5,6.65,4.49,1.23,1.27,1.13,11.0,7.0,6.0,24.0,2.0,3.0,0.0,1.0,0.0,6.0,6.0,9.0,16.0,0.0,0.0,15.0,12.0,2.0,5.0,13.0,3.0,2.0,0.41,0.4,0.57,2.0,0.0,0.0,22.22,18.0,16.85,2.0,0.18,0.68,0.68,0.88,0.82,0.78
847740284804598483516,2025,Buchnevich-Suter-Snuggerud,STL,line,5on5,2,819.0,9.0,0.62,0.6,0.57,5.88,1.01,0.45,1.22,0.2,3.09,2.02,0.91,1.01,0.91,5.0,3.0,4.0,12.0,1.0,1.0,1.0,2.0,0.0,3.0,1.0,4.0,7.0,0.0,0.0,4.0,2.0,1.0,4.0,3.0,3.0,2.0,0.09,0.34,0.58,0.0,0.0,1.0,12.48,8.0,8.31,1.0,0.1,0.28,0.28,0.83,0.83,0.81,4.74,0.62,0.31,1.13,0.13,2.14,1.68,0.61,0.65,0.64,4.0,2.0,2.0,8.0,0.0,0.0,0.0,1.0,0.0,2.0,3.0,4.0,6.0,0.0,0.0,8.0,3.0,1.0,5.0,3.0,2.0,1.0,0.09,0.28,0.25,0.0,0.0,0.0,8.06,6.0,6.11,1.0,0.07,0.0,0.0,0.68,0.71,0.7
847519184764488482125,2025,Smith-Karlsson-Holtz,VGK,line,5on5,2,1178.0,4.0,0.58,0.55,0.58,10.4,0.65,0.69,2.65,0.36,6.25,4.4,0.64,0.67,0.65,12.0,3.0,8.0,23.0,0.0,1.0,0.0,2.0,0.0,7.0,5.0,12.0,15.0,0.0,0.0,10.0,3.0,1.0,4.0,13.0,2.0,0.0,0.43,0.22,0.0,0.0,0.0,0.0,25.3,15.0,15.66,1.0,0.14,0.07,0.07,0.72,0.73,0.72,8.17,0.47,0.43,2.06,0.31,4.22,3.51,0.47,0.46,0.46,5.0,6.0,8.0,19.0,0.0,0.0,0.0,1.0,0.0,3.0,7.0,5.0,11.0,1.0,2.0,7.0,11.0,1.0,5.0,9.0,2.0,0.0,0.23,0.24,0.0,0.0,0.0,0.0,17.84,11.0,10.6,3.0,0.09,0.0,0.0,0.56,0.55,0.55
847572284815228482097,2025,Zucker-Krebs-Quinn,BUF,line,5on5,3,1401.0,8.0,0.52,0.51,0.45,11.16,1.27,0.78,2.69,0.38,5.73,4.15,1.23,1.29,1.24,11.0,4.0,8.0,23.0,0.0,1.0,0.0,1.0,0.0,10.0,3.0,11.0,15.0,2.0,4.0,7.0,11.0,2.0,5.0,11.0,2.0,2.0,0.45,0.27,0.55,0.0,0.0,0.0,23.98,15.0,15.47,3.0,0.17,0.3,0.3,1.14,1.15,1.12,13.03,1.18,0.82,2.86,0.43,7.13,5.58,1.15,1.17,1.14,7.0,11.0,4.0,22.0,1.0,2.0,0.0,1.0,0.0,4.0,10.0,6.0,17.0,3.0,6.0,12.0,6.0,0.0,7.0,13.0,4.0,1.0,0.44,0.47,0.26,0.0,1.0,0.0,21.12,18.0,17.79,3.0,0.17,0.38,0.38,0.97,0.96,0.94
84764678479372,2025,Oleksiak-Mahura,SEA,pairing,5on5,7,4185.0,20.0,0.4,0.43,0.42,24.67,1.47,1.47,6.46,0.83,14.51,10.27,1.44,1.5,1.47,22.0,13.0,20.0,55.0,4.0,2.0,1.0,6.0,0.0,10.0,13.0,18.0,31.0,3.0,6.0,38.0,41.0,4.0,25.0,29.0,5.0,1.0,0.72,0.49,0.25,2.0,1.0,1.0,54.84,35.0,35.28,14.0,0.3,0.35,0.35,1.41,1.45,1.43,35.72,2.19,2.14,10.07,1.17,19.62,13.81,2.18,2.21,2.19,30.0,19.0,24.0,73.0,0.0,2.0,0.0,9.0,0.0,13.0,25.0,30.0,49.0,5.0,10.0,35.0,26.0,6.0,20.0,41.0,6.0,2.0,1.02,0.7,0.47,0.0,0.0,0.0,74.72,49.0,49.56,5.0,0.45,0.04,0.04,2.6,2.61,2.58
84788408482073,2025,Borgen-Schneider,NYR,pairing,5on5,7,695.0,47.0,0.67,0.5,0.54,5.46,0.5,0.36,1.33,0.18,2.66,1.97,0.5,0.49,0.49,3.0,4.0,3.0,10.0,0.0,0.0,0.0,0.0,0.0,3.0,4.0,3.0,7.0,0.0,0.0,6.0,4.0,1.0,3.0,5.0,2.0,0.0,0.28,0.23,0.0,0.0,0.0,0.0,9.97,7.0,6.85,3.0,0.07,0.0,0.0,0.58,0.57,0.56,3.93,0.25,0.25,0.94,0.13,2.59,1.84,0.24,0.24,0.23,4.0,2.0,4.0,10.0,0.0,0.0,0.0,2.0,0.0,3.0,1.0,4.0,6.0,1.0,2.0,4.0,1.0,1.0,7.0,6.0,0.0,0.0,0.25,0.0,0.0,0.0,0.0,0.0,10.01,6.0,5.97,1.0,0.05,0.0,0.0,0.3,0.29,0.28
847793984793188482720,2025,Knies-Matthews-Nylander,TOR,line,5on5,7,1252.0,42.0,0.49,0.51,0.49,11.78,1.11,0.89,3.65,0.48,6.74,4.13,1.05,1.04,0.98,11.0,6.0,12.0,29.0,1.0,3.0,0.0,6.0,0.0,3.0,4.0,10.0,16.0,1.0,2.0,21.0,7.0,0.0,12.0,12.0,4.0,1.0,0.36,0.51,0.25,1.0,0.0,0.0,27.42,17.0,15.97,5.0,0.19,0.32,0.32,0.98,0.93,0.91,12.5,1.17,0.9,3.2,0.45,7.32,4.95,1.13,1.2,1.17,11.0,7.0,10.0,28.0,2.0,3.0,0.0,1.0,0.0,8.0,4.0,9.0,16.0,0.0,0.0,13.0,3.0,1.0,6.0,13.0,4.0,1.0,0.38,0.48,0.31,1.0,1.0,0.0,28.1,18.0,18.2,4.0,0.18,0.37,0.37,0.98,1.02,1.0
847841484800028482110,2025,Mercer-Hischier-Meier,NJD,line,5on5,6,3528.0,7.0,0.7,0.61,0.61,38.06,3.85,2.65,9.96,1.31,19.72,14.51,3.72,4.05,3.91,30.0,22.0,25.0,77.0,4.0,2.0,1.0,6.0,0.0,26.0,14.0,26.0,48.0,2.0,4.0,41.0,12.0,2.0,19.0,32.0,16.0,4.0,0.67,2.16,1.02,1.0,1.0,2.0,81.11,52.0,54.61,7.0,0.57,0.29,0.29,4.13,4.33,4.26,23.81,1.61,1.54,6.3,0.81,13.29,9.45,1.55,1.54,1.47,27.0,6.0,16.0,49.0,1.0,1.0,0.0,6.0,0.0,14.0,11.0,26.0,32.0,5.0,10.0,38.0,27.0,3.0,22.0,27.0,4.0,2.0,0.7,0.47,0.45,1.0,0.0,0.0,47.59,33.0,31.58,10.0,0.32,0.21,0.21,1.72,1.66,1.62
84706138479398,2025,Girard-Burns,COL,pairing,5on5,2,1260.0,5.0,0.59,0.55,0.49,11.74,1.2,0.72,3.33,0.42,6.73,4.61,1.18,1.18,1.17,14.0,3.0,11.0,28.0,1.0,1.0,0.0,1.0,0.0,10.0,4.0,13.0,16.0,2.0,4.0,15.0,13.0,2.0,10.0,11.0,5.0,1.0,0.29,0.63,0.28,0.0,1.0,0.0,28.83,17.0,17.65,5.0,0.15,0.28,0.28,1.07,1.07,1.06,13.12,0.82,0.68,3.88,0.42,7.14,5.05,0.81,0.8,0.79,10.0,8.0,5.0,23.0,0.0,1.0,0.0,3.0,0.0,6.0,8.0,10.0,18.0,2.0,4.0,10.0,11.0,1.0,13.0,16.0,1.0,1.0,0.4,0.1,0.32,0.0,0.0,0.0,22.29,18.0,17.38,7.0,0.14,0.32,0.32,0.64,0.63,0.63
84764738482807,2025,Del Mastro-Murphy,CHI,pairing,5on5,1,857.0,2.0,0.23,0.31,0.32,5.89,0.37,0.31,1.53,0.18,3.18,2.43,0.37,0.39,0.39,5.0,3.0,3.0,11.0,0.0,0.0,0.0,1.0,1.0,3.0,3.0,5.0,8.0,0.0,0.0,9.0,7.0,0.0,5.0,6.0,2.0,0.0,0.14,0.23,0.0,0.0,0.0,0.0,11.24,8.0,8.18,3.0,0.06,0.0,0.0,0.43,0.45,0.45,12.78,1.22,0.86,3.41,0.44,6.46,4.59,1.18,1.19,1.15,11.0,6.0,7.0,24.0,1.0,1.0,0.0,6.0,0.0,1.0,8.0,10.0,16.0,1.0,2.0,8.0,10.0,1.0,1.0,11.0,5.0,1.0,0.32,0.67,0.23,0.0,1.0,0.0,23.51,17.0,16.73,0.0,0.18,0.23,0.23,1.18,1.14,1.13
84788518482964,2025,Xhekaj-Carrier,MTL,pairing,5on5,6,2522.0,19.0,0.31,0.45,0.45,20.17,1.28,1.21,4.9,0.65,12.28,8.69,1.27,1.31,1.3,20.0,9.0,13.0,42.0,4.0,0.0,0.0,7.0,0.0,9.0,9.0,16.0,25.0,6.0,12.0,18.0,19.0,3.0,6.0,24.0,4.0,1.0,0.52,0.55,0.21,1.0,2.0,1.0,44.52,29.0,30.17,1.0,0.24,0.0,0.0,1.52,1.56,1.54,26.19,2.78,1.78,6.87,0.93,13.17,9.48,2.47,2.73,2.42,23.0,12.0,16.0,51.0,4.0,3.0,0.0,5.0,0.0,12.0,11.0,19.0,31.0,4.0,8.0,24.0,34.0,3.0,9.0,22.0,9.0,4.0,0.58,1.17,1.03,0.0,3.0,1.0,48.72,35.0,33.66,5.0,0.38,0.37,0.37,2.78,2.74,2.44
84768538478443,2025,Rielly-Carlo,TOR,pairing,5on5,7,5005.0,17.0,0.5,0.46,0.49,48.77,3.82,3.2,12.65,1.66,26.81,18.86,3.7,3.76,3.64,50.0,17.0,17.0,84.0,5.0,4.0,0.0,14.0,0.0,20.0,24.0,45.0,62.0,6.0,12.0,42.0,45.0,6.0,32.0,50.0,16.0,1.0,1.39,2.22,0.22,2.0,3.0,0.0,83.5,67.0,66.67,19.0,0.67,0.51,0.51,3.98,3.91,3.81,50.03,3.85,3.25,12.46,1.61,29.18,20.66,3.81,3.91,3.86,52.0,19.0,26.0,97.0,6.0,2.0,1.0,4.0,0.0,24.0,35.0,46.0,65.0,3.0,6.0,38.0,27.0,12.0,27.0,54.0,14.0,3.0,1.47,1.58,0.8,2.0,3.0,1.0,97.54,71.0,71.19,12.0,0.67,0.34,0.34,4.18,4.25,4.21
847798984800158481533,2025,Zegras-Dvorak-Tippett,PHI,line,5on5,4,2275.0,8.0,0.72,0.58,0.58,21.36,1.98,1.46,5.18,0.7,11.33,8.35,1.91,1.92,1.85,15.0,14.0,14.0,43.0,2.0,1.0,0.0,2.0,0.0,14.0,10.0,13.0,27.0,4.0,8.0,14.0,14.0,3.0,7.0,20.0,8.0,1.0,0.71,1.06,0.21,2.0,0.0,0.0,42.29,29.0,28.32,3.0,0.3,0.19,0.19,2.09,2.03,1.98,14.95,0.79,0.86,4.23,0.5,8.52,6.11,0.76,0.77,0.75,11.0,10.0,10.0,31.0,0.0,1.0,0.0,4.0,0.0,8.0,8.0,11.0,21.0,3.0,6.0,18.0,12.0,1.0,8.0,18.0,3.0,0.0,0.41,0.38,0.0,0.0,0.0,0.0,31.64,21.0,21.22,4.0,0.17,0.16,0.16,0.8,0.79,0.78
847578484808488484911,2025,Skinner-Dellandrea-Graf,SJS,line,5on5,3,904.0,14.0,0.66,0.48,0.52,8.92,1.41,0.65,2.41,0.36,4.21,2.97,1.25,1.38,1.23,9.0,3.0,3.0,15.0,2.0,4.0,1.0,2.0,0.0,3.0,1.0,7.0,10.0,1.0,2.0,8.0,12.0,0.0,10.0,7.0,2.0,3.0,0.2,0.35,0.85,1.0,0.0,1.0,14.99,12.0,12.07,7.0,0.14,1.04,1.04,0.51,0.49,0.48,8.24,0.73,0.48,2.22,0.25,4.03,3.28,0.73,0.75,0.74,9.0,2.0,5.0,16.0,1.0,0.0,0.0,3.0,0.0,3.0,4.0,8.0,10.0,1.0,2.0,7.0,7.0,1.0,6.0,8.0,2.0,1.0,0.2,0.33,0.21,0.0,0.0,1.0,15.92,11.0,10.87,3.0,0.1,0.0,0.0,0.83,0.85,0.84
847745684788918481013,2025,Appleton-Compher-Berggren,DET,line,5on5,1,647.0,3.0,0.2,0.44,0.27,2.27,0.08,0.13,0.58,0.06,1.22,0.93,0.08,0.08,0.08,1.0,2.0,4.0,7.0,0.0,0.0,0.0,0.0,0.0,1.0,2.0,1.0,3.0,0.0,0.0,5.0,4.0,1.0,2.0,3.0,0.0,0.0,0.08,0.0,0.0,0.0,0.0,0.0,6.89,3.0,2.99,1.0,0.03,0.0,0.0,0.11,0.11,0.11,5.09,0.33,0.3,1.24,0.18,3.41,2.53,0.32,0.33,0.32,3.0,5.0,1.0,9.0,1.0,0.0,0.0,1.0,0.0,3.0,3.0,2.0,7.0,0.0,0.0,3.0,4.0,1.0,1.0,6.0,2.0,0.0,0.13,0.19,0.0,0.0,1.0,0.0,8.73,8.0,7.81,1.0,0.06,0.0,0.0,0.39,0.39,0.38
847749784808938481716,2025,Voronkov-Monahan-Marchenko,CBJ,line,5on5,6,3582.0,12.0,0.52,0.55,0.54,38.5,2.79,2.19,10.07,1.25,19.43,15.27,2.74,2.86,2.81,35.0,16.0,26.0,77.0,5.0,3.0,0.0,8.0,0.0,21.0,14.0,30.0,46.0,3.0,6.0,40.0,26.0,2.0,15.0,42.0,7.0,2.0,1.37,0.97,0.45,2.0,1.0,2.0,79.0,51.0,52.37,10.0,0.46,0.22,0.22,3.03,3.1,3.05,32.34,2.58,2.06,8.81,1.08,17.07,12.4,2.49,2.56,2.47,30.0,14.0,18.0,62.0,0.0,5.0,0.0,9.0,0.0,14.0,16.0,30.0,44.0,1.0,2.0,41.0,10.0,8.0,16.0,34.0,7.0,3.0,0.88,0.92,0.78,0.0,0.0,0.0,61.71,44.0,43.39,8.0,0.43,0.59,0.59,2.42,2.38,2.3
84745788478450,2025,Wotherspoon-Karlsson,PIT,pairing,5on5,7,5366.0,13.0,0.52,0.53,0.53,40.39,3.8,3.0,9.31,1.34,22.17,16.39,3.67,3.94,3.81,42.0,14.0,25.0,81.0,2.0,7.0,0.0,8.0,0.0,16.0,23.0,40.0,54.0,6.0,12.0,34.0,26.0,8.0,31.0,37.0,17.0,2.0,1.2,2.17,0.43,1.0,1.0,0.0,82.77,56.0,57.46,17.0,0.63,0.88,0.88,3.55,3.67,3.59,35.91,3.57,2.4,9.87,1.3,18.14,13.72,3.28,3.46,3.18,36.0,13.0,24.0,73.0,2.0,6.0,1.0,7.0,0.0,17.0,17.0,34.0,47.0,3.0,6.0,24.0,45.0,6.0,34.0,37.0,8.0,4.0,0.99,1.15,1.43,2.0,0.0,0.0,72.85,49.0,48.47,15.0,0.5,1.49,1.49,2.58,2.55,2.52
84809508483425,2025,Bichsel-Lyubushkin,DAL,pairing,5on5,4,1341.0,18.0,0.36,0.32,0.38,9.8,0.94,0.64,2.76,0.32,4.81,3.53,0.93,1.02,1.01,8.0,5.0,2.0,15.0,1.0,2.0,0.0,1.0,0.0,4.0,5.0,7.0,12.0,4.0,10.0,14.0,11.0,1.0,14.0,8.0,4.0,1.0,0.17,0.46,0.3,0.0,0.0,1.0,15.86,13.0,13.85,9.0,0.14,0.18,0.18,0.9,0.96,0.96,15.66,1.69,0.99,4.6,0.57,7.82,5.33,1.54,1.62,1.47,16.0,5.0,11.0,32.0,0.0,3.0,0.0,0.0,0.0,12.0,6.0,16.0,21.0,1.0,2.0,9.0,14.0,2.0,3.0,14.0,3.0,4.0,0.32,0.26,1.12,0.0,0.0,0.0,31.17,21.0,20.86,2.0,0.21,0.56,0.56,1.34,1.29,1.16
847637484803558482177,2025,Khusnutdinov-Kuraly-Kastelic,BOS,line,5on5,4,1533.0,15.0,0.71,0.59,0.67,19.02,1.44,1.07,5.67,0.64,9.78,7.4,1.41,1.44,1.41,17.0,9.0,4.0,30.0,0.0,3.0,0.0,7.0,0.0,11.0,5.0,17.0,26.0,4.0,8.0,20.0,13.0,3.0,9.0,21.0,3.0,2.0,0.51,0.37,0.57,0.0,0.0,0.0,29.54,26.0,25.61,5.0,0.22,0.65,0.65,1.02,1.01,0.99,10.16,0.58,0.59,3.06,0.3,4.89,3.58,0.58,0.62,0.62,6.0,7.0,8.0,21.0,1.0,0.0,0.0,1.0,0.0,6.0,5.0,5.0,12.0,5.0,10.0,18.0,21.0,1.0,6.0,11.0,2.0,0.0,0.3,0.28,0.0,1.0,0.0,0.0,21.44,13.0,13.19,5.0,0.12,0.0,0.0,0.71,0.75,0.75
847516984788568480012,2025,Kane-Pettersson-Garland,VAN,line,5on5,6,1013.0,53.0,0.63,0.49,0.5,13.12,1.38,0.9,3.1,0.41,6.6,4.61,1.29,1.37,1.28,9.0,8.0,5.0,22.0,1.0,1.0,0.0,1.0,0.0,8.0,6.0,8.0,16.0,0.0,0.0,10.0,5.0,2.0,4.0,10.0,5.0,2.0,0.29,0.59,0.49,0.0,0.0,1.0,21.06,17.0,16.4,0.0,0.19,0.21,0.21,1.36,1.36,1.29,12.17,0.8,0.83,2.92,0.36,7.1,4.99,0.78,0.79,0.76,13.0,4.0,6.0,23.0,0.0,0.0,0.0,4.0,0.0,7.0,6.0,13.0,17.0,2.0,4.0,15.0,1.0,2.0,5.0,14.0,3.0,0.0,0.39,0.41,0.0,0.0,0.0,0.0,22.49,17.0,16.97,3.0,0.17,0.0,0.0,0.97,0.96,0.92
847572684826678484801,2025,Eklund-Celebrini-Toffoli,SJS,line,5on5,2,737.0,10.0,0.19,0.14,0.17,2.87,0.16,0.15,0.71,0.09,1.7,1.19,0.16,0.15,0.15,1.0,3.0,0.0,4.0,1.0,0.0,0.0,0.0,0.0,1.0,2.0,0.0,3.0,2.0,4.0,5.0,4.0,3.0,3.0,4.0,0.0,0.0,0.16,0.0,0.0,1.0,0.0,0.0,3.67,4.0,3.71,0.0,0.03,0.0,0.0,0.19,0.17,0.17,13.8,0.68,0.74,3.8,0.46,7.56,5.76,0.65,0.73,0.71,12.0,7.0,5.0,24.0,1.0,1.0,0.0,7.0,0.0,4.0,6.0,11.0,18.0,2.0,4.0,12.0,2.0,0.0,2.0,18.0,1.0,0.0,0.57,0.11,0.0,1.0,0.0,0.0,25.97,19.0,20.3,0.0,0.15,0.03,0.03,0.8,0.86,0.84
84793258482511,2025,Lohrei-Mcavoy,BOS,pairing,5on5,8,5536.0,15.0,0.42,0.5,0.49,47.27,4.05,2.96,12.07,1.62,24.98,18.32,3.94,4.05,3.94,44.0,20.0,34.0,98.0,5.0,4.0,1.0,11.0,0.0,21.0,23.0,39.0,59.0,11.0,28.0,74.0,38.0,8.0,24.0,49.0,12.0,3.0,1.46,1.49,1.09,3.0,1.0,1.0,96.6,64.0,62.92,7.0,0.61,0.96,1.29,3.37,3.33,3.29,50.88,5.52,3.44,13.93,1.68,24.74,17.69,5.38,5.73,5.59,40.0,27.0,32.0,99.0,6.0,9.0,1.0,11.0,0.0,20.0,21.0,34.0,61.0,14.0,34.0,61.0,49.0,8.0,32.0,44.0,15.0,8.0,1.21,2.15,2.16,3.0,1.0,2.0,101.43,67.0,69.34,16.0,0.73,1.72,1.72,4.53,4.66,4.6
84768928481598,2025,Broberg-Parayko,STL,pairing,5on5,6,703.0,34.0,0.9,0.75,0.8,12.27,1.49,0.89,3.36,0.4,5.79,4.07,1.38,1.47,1.37,12.0,4.0,2.0,18.0,1.0,3.0,0.0,1.0,0.0,7.0,4.0,11.0,15.0,0.0,0.0,4.0,7.0,5.0,0.0,10.0,4.0,2.0,0.34,0.65,0.5,0.0,1.0,0.0,17.32,16.0,15.43,0.0,0.19,0.68,0.68,1.01,1.01,0.99,3.18,0.17,0.15,0.71,0.1,1.46,1.41,0.17,0.17,0.17,3.0,1.0,2.0,6.0,0.0,0.0,0.0,0.0,0.0,1.0,3.0,3.0,4.0,0.0,0.0,4.0,6.0,0.0,3.0,3.0,1.0,0.0,0.04,0.13,0.0,0.0,0.0,0.0,6.01,4.0,3.96,1.0,0.03,0.0,0.0,0.2,0.2,0.2
84800368481581,2025,Heiskanen-Harley,DAL,pairing,5on5,6,1426.0,28.0,0.34,0.48,0.45,12.69,0.68,0.72,3.71,0.37,6.73,4.79,0.64,0.65,0.62,8.0,9.0,7.0,24.0,0.0,0.0,0.0,2.0,0.0,9.0,6.0,8.0,17.0,2.0,4.0,21.0,10.0,3.0,4.0,16.0,1.0,0.0,0.5,0.17,0.0,0.0,0.0,0.0,22.56,17.0,16.09,3.0,0.15,0.0,0.0,0.83,0.8,0.76,15.18,1.28,0.94,3.39,0.51,8.63,6.24,1.24,1.28,1.23,11.0,10.0,5.0,26.0,1.0,1.0,0.0,4.0,0.0,9.0,6.0,10.0,20.0,1.0,2.0,9.0,7.0,2.0,6.0,16.0,4.0,1.0,0.5,0.5,0.28,1.0,0.0,0.0,26.52,21.0,21.33,2.0,0.19,0.28,0.28,1.2,1.2,1.16
848081384827378483424,2025,Veleno-Beck-Bolduc,MTL,line,5on5,2,856.0,8.0,0.28,0.48,0.52,7.51,0.41,0.45,1.85,0.24,4.79,3.27,0.39,0.4,0.38,5.0,6.0,4.0,15.0,0.0,0.0,0.0,2.0,0.0,4.0,5.0,5.0,11.0,2.0,7.0,9.0,9.0,1.0,2.0,10.0,1.0,0.0,0.28,0.12,0.0,0.0,0.0,0.0,15.13,11.0,11.27,2.0,0.09,0.0,0.0,0.49,0.48,0.46,7.88,1.02,0.45,2.2,0.27,3.38,2.67,1.02,1.05,1.05,7.0,3.0,6.0,16.0,1.0,1.0,0.0,0.0,0.0,4.0,4.0,6.0,9.0,2.0,7.0,6.0,10.0,0.0,2.0,5.0,3.0,2.0,0.15,0.39,0.48,0.0,1.0,0.0,16.21,10.0,10.23,0.0,0.1,0.14,0.14,0.98,1.0,1.0
848205584834768485385,2025,O'Connor-Cootes-Lekkerimki,VAN,line,5on5,2,833.0,5.0,0.1,0.3,0.32,5.09,0.19,0.26,1.32,0.17,2.84,2.23,0.19,0.19,0.19,2.0,5.0,3.0,10.0,0.0,0.0,0.0,0.0,0.0,4.0,3.0,2.0,7.0,1.0,2.0,2.0,8.0,1.0,11.0,7.0,0.0,0.0,0.19,0.0,0.0,0.0,0.0,0.0,9.7,7.0,6.76,8.0,0.05,0.0,0.0,0.24,0.24,0.24,11.96,1.74,1.03,2.83,0.43,5.62,3.35,1.58,1.83,1.66,11.0,4.0,8.0,23.0,0.0,3.0,0.0,0.0,0.0,8.0,4.0,11.0,15.0,0.0,0.0,2.0,3.0,3.0,7.0,6.0,7.0,2.0,0.23,1.03,0.48,0.0,0.0,0.0,25.35,15.0,16.41,1.0,0.22,0.61,0.61,1.34,1.42,1.37
84820958484321,2025,Kleven-Matinpalo,OTT,pairing,5on5,1,636.0,3.0,0.84,0.5,0.5,3.9,0.78,0.32,0.97,0.14,1.66,1.13,0.67,0.75,0.64,3.0,2.0,0.0,5.0,0.0,2.0,0.0,1.0,0.0,0.0,2.0,3.0,5.0,1.0,2.0,3.0,4.0,0.0,2.0,1.0,3.0,1.0,0.01,0.51,0.27,0.0,0.0,0.0,4.76,5.0,4.77,2.0,0.07,0.46,0.46,0.4,0.38,0.37,3.16,0.15,0.23,0.78,0.13,2.12,1.59,0.15,0.17,0.17,4.0,1.0,0.0,5.0,0.0,0.0,0.0,0.0,0.0,2.0,3.0,4.0,5.0,0.0,0.0,4.0,5.0,1.0,3.0,4.0,1.0,0.0,0.06,0.09,0.0,0.0,0.0,0.0,5.35,5.0,5.34,3.0,0.05,0.0,0.0,0.2,0.22,0.22
847794284779608482124,2025,Fiala-Byfield-Kempe,LAK,line,5on5,3,743.0,21.0,0.23,0.35,0.36,3.73,0.16,0.18,1.08,0.12,2.03,1.43,0.16,0.16,0.16,4.0,1.0,1.0,6.0,1.0,0.0,0.0,1.0,0.0,0.0,3.0,3.0,4.0,1.0,2.0,8.0,5.0,0.0,5.0,5.0,0.0,0.0,0.16,0.0,0.0,1.0,0.0,0.0,5.68,5.0,4.78,3.0,0.04,0.0,0.0,0.2,0.19,0.19,6.59,0.56,0.44,1.71,0.23,3.59,2.48,0.51,0.54,0.5,7.0,2.0,2.0,11.0,0.0,1.0,0.0,2.0,0.0,4.0,2.0,7.0,9.0,0.0,0.0,5.0,5.0,1.0,4.0,7.0,1.0,1.0,0.14,0.18,0.23,0.0,0.0,0.0,11.26,9.0,9.19,1.0,0.09,0.18,0.18,0.47,0.45,0.45
847528784765398478047,2025,Bunting-Haula-Marchessault,NSH,line,5on5,5,2714.0,8.0,0.29,0.4,0.36,15.67,1.28,0.9,3.88,0.51,8.13,6.3,1.27,1.29,1.28,17.0,4.0,14.0,35.0,2.0,2.0,0.0,1.0,0.0,8.0,8.0,15.0,19.0,3.0,6.0,24.0,22.0,6.0,24.0,17.0,2.0,2.0,0.44,0.25,0.58,1.0,1.0,0.0,35.45,21.0,21.28,13.0,0.18,0.47,0.47,1.0,1.0,1.0,29.03,3.11,1.98,7.62,0.95,14.1,10.23,2.97,3.08,2.94,28.0,10.0,14.0,52.0,2.0,4.0,0.0,8.0,0.0,13.0,11.0,26.0,36.0,5.0,10.0,21.0,22.0,2.0,12.0,24.0,11.0,3.0,0.58,1.55,0.98,0.0,2.0,0.0,51.48,38.0,37.44,8.0,0.42,1.12,1.12,2.41,2.4,2.31
847794984808028482659,2025,Tuch-Mcleod-Doan,BUF,line,5on5,4,1593.0,18.0,0.67,0.61,0.62,23.42,3.13,1.52,6.1,0.84,11.93,8.48,2.77,3.13,2.77,21.0,11.0,7.0,39.0,2.0,8.0,1.0,4.0,0.0,10.0,8.0,19.0,30.0,1.0,2.0,15.0,7.0,3.0,8.0,20.0,7.0,5.0,0.57,0.91,1.65,1.0,0.0,1.0,39.74,32.0,32.06,6.0,0.32,1.74,1.74,1.71,1.73,1.63,14.92,1.52,0.99,3.85,0.53,7.71,5.41,1.41,1.48,1.37,13.0,7.0,5.0,25.0,0.0,3.0,0.0,2.0,0.0,6.0,9.0,13.0,20.0,3.0,6.0,10.0,9.0,1.0,9.0,15.0,2.0,3.0,0.54,0.28,0.7,0.0,0.0,0.0,24.13,20.0,19.58,5.0,0.21,0.59,0.59,1.13,1.11,1.06
84757538481598,2025,Broberg-Faulk,STL,pairing,5on5,6,4232.0,14.0,0.45,0.45,0.44,25.16,2.29,1.64,6.19,0.82,14.03,10.03,2.26,2.2,2.17,21.0,14.0,15.0,50.0,0.0,1.0,0.0,3.0,0.0,13.0,18.0,21.0,35.0,7.0,14.0,39.0,31.0,6.0,20.0,25.0,7.0,3.0,0.56,1.0,0.72,0.0,0.0,0.0,48.84,35.0,33.94,13.0,0.34,0.23,0.38,2.25,2.16,2.14,33.63,2.81,2.04,8.22,1.01,17.64,13.27,2.77,2.87,2.83,34.0,11.0,17.0,62.0,1.0,1.0,0.0,8.0,0.0,19.0,16.0,33.0,44.0,5.0,10.0,40.0,19.0,10.0,19.0,33.0,10.0,2.0,0.78,1.4,0.63,0.0,1.0,0.0,64.08,45.0,46.01,10.0,0.43,0.39,0.39,2.85,2.92,2.89
847516684779398481711,2025,Maccelli-Tavares-Nylander,TOR,line,5on5,5,2500.0,12.0,0.62,0.53,0.56,23.63,2.88,1.75,5.82,0.81,12.34,8.4,2.75,2.79,2.66,16.0,16.0,9.0,41.0,5.0,4.0,1.0,6.0,0.0,4.0,13.0,11.0,27.0,2.0,4.0,27.0,8.0,3.0,14.0,19.0,10.0,3.0,0.61,1.35,0.92,2.0,1.0,2.0,40.08,32.0,31.3,6.0,0.37,0.7,0.7,2.55,2.46,2.39,18.05,1.79,1.2,4.84,0.64,9.56,6.96,1.78,1.88,1.86,21.0,4.0,11.0,36.0,2.0,1.0,0.0,4.0,0.0,8.0,10.0,19.0,23.0,3.0,6.0,18.0,19.0,3.0,10.0,18.0,5.0,2.0,0.6,0.61,0.58,0.0,2.0,0.0,37.15,25.0,25.83,6.0,0.26,0.13,0.13,1.92,2.01,1.99
847645984785508482157,2025,Cuylle-Zibanejad-Panarin,NYR,line,5on5,4,2041.0,21.0,0.65,0.63,0.64,21.97,1.5,1.34,5.52,0.68,12.3,8.66,1.5,1.49,1.49,16.0,14.0,7.0,37.0,2.0,0.0,0.0,3.0,0.0,10.0,15.0,14.0,28.0,1.0,2.0,14.0,19.0,3.0,8.0,25.0,4.0,1.0,0.69,0.54,0.27,2.0,0.0,0.0,36.6,30.0,29.69,2.0,0.28,0.0,0.0,1.78,1.77,1.76,12.5,0.79,0.67,3.35,0.39,6.72,5.08,0.78,0.81,0.8,10.0,7.0,5.0,22.0,1.0,0.0,0.0,3.0,0.0,3.0,10.0,9.0,16.0,1.0,2.0,14.0,9.0,1.0,17.0,15.0,2.0,0.0,0.5,0.29,0.0,0.0,1.0,0.0,22.66,17.0,17.51,11.0,0.14,0.0,0.0,0.93,0.95,0.94
84803368480817,2025,Miller-Walker,CAR,pairing,5on5,6,3521.0,18.0,0.58,0.62,0.62,39.05,2.89,2.52,10.83,1.47,22.26,16.03,2.76,3.13,2.99,33.0,23.0,21.0,77.0,2.0,4.0,0.0,10.0,0.0,23.0,17.0,31.0,54.0,6.0,12.0,34.0,16.0,6.0,20.0,43.0,11.0,2.0,1.18,1.25,0.46,1.0,1.0,0.0,82.7,56.0,60.12,10.0,0.52,0.32,0.32,3.09,3.34,3.19,24.6,2.05,1.77,6.12,0.85,13.34,9.87,2.02,1.95,1.91,22.0,12.0,13.0,47.0,3.0,1.0,0.0,3.0,0.0,12.0,15.0,19.0,31.0,5.0,10.0,30.0,29.0,4.0,27.0,28.0,4.0,2.0,1.01,0.6,0.44,2.0,0.0,1.0,44.85,34.0,32.58,13.0,0.37,0.18,0.18,2.24,2.14,2.1
847885684800128482055,2025,O'Connor-Pettersson-Garland,VAN,line,5on5,3,667.0,30.0,0.42,0.55,0.45,3.32,0.29,0.3,0.8,0.14,2.01,1.46,0.29,0.3,0.3,4.0,1.0,7.0,12.0,0.0,0.0,0.0,0.0,0.0,2.0,3.0,4.0,5.0,1.0,2.0,1.0,2.0,1.0,2.0,4.0,1.0,0.0,0.17,0.12,0.0,0.0,0.0,0.0,12.04,5.0,5.09,2.0,0.06,0.0,0.0,0.36,0.37,0.37,4.41,0.4,0.32,1.22,0.14,2.3,1.62,0.4,0.39,0.39,5.0,1.0,4.0,10.0,1.0,0.0,0.0,3.0,0.0,1.0,1.0,4.0,5.0,0.0,0.0,4.0,7.0,0.0,6.0,5.0,0.0,1.0,0.2,0.0,0.2,1.0,0.0,0.0,9.91,6.0,6.05,4.0,0.07,0.0,0.0,0.47,0.46,0.45
84769238478500,2025,Provorov-Severson,CBJ,pairing,5on5,6,4861.0,10.0,0.47,0.44,0.45,38.85,3.11,2.29,9.15,1.18,20.56,15.72,3.06,3.2,3.15,36.0,16.0,19.0,71.0,4.0,3.0,0.0,9.0,0.0,15.0,21.0,32.0,48.0,3.0,9.0,41.0,33.0,7.0,28.0,41.0,7.0,4.0,1.27,0.8,1.03,3.0,0.0,1.0,73.16,52.0,53.55,19.0,0.47,0.62,0.62,2.96,3.05,3.03,46.95,3.5,2.86,11.43,1.4,25.66,19.15,3.35,3.67,3.52,43.0,21.0,25.0,89.0,2.0,1.0,0.0,11.0,0.0,24.0,26.0,41.0,62.0,2.0,7.0,44.0,21.0,6.0,25.0,51.0,10.0,3.0,1.31,1.43,0.75,1.0,1.0,0.0,91.47,64.0,66.09,16.0,0.59,0.28,0.28,3.81,3.98,3.82
847574584764328479671,2025,Jenner-Coyle-Olivier,CBJ,line,5on5,2,667.0,24.0,0.74,0.46,0.5,3.76,0.59,0.42,1.03,0.16,1.63,1.19,0.59,0.57,0.57,3.0,2.0,7.0,12.0,0.0,0.0,0.0,0.0,0.0,2.0,3.0,3.0,5.0,0.0,0.0,6.0,3.0,1.0,4.0,3.0,0.0,2.0,0.12,0.0,0.47,0.0,0.0,0.0,11.66,5.0,4.93,1.0,0.09,0.0,0.0,0.68,0.66,0.66,3.13,0.2,0.2,0.91,0.12,2.14,1.42,0.2,0.22,0.22,3.0,2.0,9.0,14.0,1.0,0.0,0.0,0.0,0.0,2.0,2.0,2.0,4.0,1.0,2.0,8.0,2.0,2.0,5.0,4.0,1.0,0.0,0.12,0.08,0.0,1.0,0.0,0.0,14.49,5.0,5.23,3.0,0.04,0.0,0.0,0.24,0.26,0.26
84768748477220,2025,Schmidt-Mtt,UTA,pairing,5on5,7,791.0,62.0,0.38,0.38,0.36,3.08,0.45,0.19,0.64,0.09,1.51,1.13,0.45,0.45,0.45,4.0,0.0,2.0,6.0,0.0,0.0,0.0,0.0,0.0,0.0,4.0,4.0,4.0,0.0,0.0,4.0,7.0,1.0,4.0,1.0,2.0,1.0,0.01,0.2,0.23,0.0,0.0,0.0,6.11,4.0,4.08,2.0,0.04,0.0,0.0,0.49,0.49,0.49,5.19,0.74,0.32,1.2,0.24,2.57,1.93,0.67,0.75,0.69,6.0,1.0,3.0,10.0,0.0,1.0,0.0,2.0,0.0,3.0,1.0,6.0,7.0,1.0,2.0,5.0,8.0,1.0,6.0,3.0,3.0,1.0,0.06,0.32,0.36,0.0,0.0,0.0,10.16,7.0,7.08,3.0,0.07,0.36,0.36,0.45,0.47,0.45
84794258480800,2025,Hughes-Hronek,VAN,pairing,5on5,7,5551.0,11.0,0.49,0.49,0.46,46.49,3.99,2.95,12.08,1.51,23.83,17.64,3.81,3.99,3.83,35.0,27.0,28.0,90.0,5.0,4.0,0.0,12.0,0.0,29.0,12.0,30.0,57.0,10.0,20.0,45.0,54.0,5.0,29.0,48.0,6.0,8.0,1.49,0.66,1.84,2.0,1.0,2.0,88.43,62.0,61.27,14.0,0.61,0.72,0.72,3.88,3.92,3.81,53.4,4.23,3.54,14.08,1.7,28.76,20.69,3.93,4.3,3.99,45.0,28.0,20.0,93.0,3.0,7.0,1.0,9.0,0.0,26.0,28.0,42.0,70.0,6.0,12.0,47.0,46.0,6.0,30.0,53.0,17.0,3.0,1.35,2.22,0.66,0.0,2.0,1.0,94.48,73.0,74.3,16.0,0.73,0.77,0.77,4.19,4.23,4.05
847883184792938479977,2025,Tanev-Stenlund-Yamamoto,UTA,line,5on5,2,733.0,6.0,0.09,0.33,0.36,2.51,0.06,0.17,0.65,0.12,1.72,1.27,0.06,0.06,0.06,4.0,0.0,1.0,5.0,0.0,0.0,0.0,0.0,0.0,2.0,2.0,4.0,4.0,0.0,0.0,5.0,10.0,0.0,5.0,4.0,0.0,0.0,0.06,0.0,0.0,0.0,0.0,0.0,4.98,4.0,4.0,4.0,0.03,0.0,0.0,0.09,0.09,0.09,5.17,0.59,0.29,1.3,0.15,2.63,2.03,0.58,0.58,0.57,2.0,5.0,3.0,10.0,0.0,0.0,0.0,0.0,0.0,4.0,3.0,2.0,7.0,0.0,0.0,5.0,9.0,0.0,2.0,4.0,3.0,0.0,0.16,0.43,0.0,0.0,0.0,0.0,9.91,7.0,6.9,1.0,0.06,0.0,0.0,0.65,0.64,0.63
84740138476874,2025,Cole-Mtt,UTA,pairing,5on5,6,1522.0,35.0,0.69,0.54,0.61,14.94,1.27,0.86,3.88,0.54,7.69,5.76,1.24,1.24,1.22,13.0,7.0,5.0,25.0,0.0,2.0,0.0,3.0,0.0,8.0,7.0,13.0,20.0,3.0,9.0,12.0,11.0,1.0,7.0,15.0,3.0,2.0,0.41,0.41,0.45,0.0,0.0,0.0,24.86,20.0,19.75,4.0,0.18,0.39,0.39,1.05,1.03,1.02,9.63,0.56,0.45,2.9,0.3,5.0,3.78,0.55,0.57,0.56,8.0,5.0,8.0,21.0,1.0,0.0,0.0,0.0,0.0,6.0,6.0,7.0,12.0,3.0,9.0,17.0,23.0,1.0,6.0,11.0,2.0,0.0,0.31,0.26,0.0,1.0,0.0,0.0,21.2,13.0,13.13,1.0,0.09,0.0,0.0,0.66,0.67,0.65
847699484834998483525,2025,Ohgren-Yurov-Hinostroza,MIN,line,5on5,3,1160.0,9.0,0.47,0.48,0.5,8.54,0.71,0.43,1.93,0.3,4.21,3.44,0.68,0.7,0.67,7.0,4.0,5.0,16.0,0.0,1.0,0.0,0.0,0.0,3.0,7.0,7.0,11.0,1.0,5.0,8.0,14.0,5.0,3.0,7.0,4.0,0.0,0.13,0.58,0.0,0.0,0.0,0.0,15.75,11.0,10.8,3.0,0.09,0.15,0.15,0.64,0.64,0.64,7.66,0.81,0.56,1.52,0.28,4.44,3.39,0.81,0.8,0.79,10.0,1.0,6.0,17.0,2.0,1.0,1.0,2.0,0.0,3.0,3.0,8.0,9.0,2.0,7.0,10.0,9.0,4.0,8.0,9.0,1.0,1.0,0.33,0.18,0.3,1.0,1.0,0.0,17.06,11.0,11.07,5.0,0.12,0.01,0.01,0.92,0.9,0.9
847843884808428485414,2025,Hallander-Kindel-Novak,PIT,line,5on5,4,1724.0,15.0,0.67,0.56,0.62,22.03,2.78,1.71,5.54,0.74,10.12,7.12,2.4,2.75,2.37,24.0,4.0,9.0,37.0,2.0,6.0,0.0,3.0,0.0,8.0,9.0,22.0,26.0,2.0,4.0,10.0,6.0,3.0,17.0,17.0,5.0,6.0,0.52,0.76,1.5,2.0,0.0,0.0,36.58,28.0,27.89,11.0,0.36,1.45,1.45,1.69,1.64,1.59,12.98,1.35,0.8,3.33,0.39,6.54,4.59,1.26,1.46,1.36,13.0,4.0,12.0,29.0,1.0,1.0,0.0,6.0,0.0,7.0,2.0,12.0,16.0,4.0,8.0,14.0,21.0,4.0,8.0,12.0,2.0,3.0,0.35,0.22,0.78,1.0,0.0,0.0,30.2,17.0,17.44,3.0,0.16,0.29,0.29,1.23,1.3,1.28
847647984779988479675,2025,Foegele-Danault-Moore,LAK,line,5on5,6,3734.0,11.0,0.48,0.5,0.46,27.46,2.31,1.71,7.56,0.89,13.31,10.23,2.17,2.19,2.06,26.0,10.0,22.0,58.0,1.0,2.0,0.0,2.0,1.0,16.0,14.0,25.0,35.0,2.0,4.0,33.0,24.0,4.0,30.0,25.0,9.0,2.0,0.5,1.18,0.63,0.0,1.0,0.0,54.61,36.0,34.34,17.0,0.36,0.56,0.56,2.11,2.03,2.0,29.25,2.5,2.0,7.47,1.08,16.69,12.24,2.47,2.51,2.48,23.0,19.0,16.0,58.0,1.0,3.0,0.0,4.0,0.0,12.0,22.0,22.0,41.0,3.0,6.0,31.0,32.0,6.0,17.0,30.0,10.0,2.0,0.66,1.29,0.56,1.0,0.0,0.0,59.22,42.0,42.99,8.0,0.41,0.57,0.57,2.36,2.4,2.37
84740138478507,2025,Cole-Marino,UTA,pairing,5on5,7,1202.0,52.0,0.76,0.58,0.63,14.02,1.88,0.94,3.11,0.46,7.35,5.26,1.83,1.87,1.82,12.0,7.0,6.0,25.0,3.0,2.0,1.0,2.0,0.0,9.0,3.0,9.0,16.0,1.0,2.0,6.0,11.0,1.0,9.0,11.0,6.0,2.0,0.41,0.82,0.65,0.0,1.0,2.0,25.38,19.0,19.02,5.0,0.2,0.44,0.44,1.64,1.63,1.59,8.57,0.61,0.47,2.02,0.25,4.1,3.55,0.61,0.6,0.6,7.0,4.0,7.0,18.0,0.0,0.0,0.0,2.0,0.0,4.0,5.0,7.0,11.0,1.0,2.0,8.0,6.0,2.0,6.0,8.0,3.0,0.0,0.17,0.44,0.0,0.0,0.0,0.0,17.89,11.0,10.97,3.0,0.1,0.0,0.0,0.71,0.7,0.7
847933784834648484794,2025,Debrincat-Kasper-Brandsegg-Nygrd,DET,line,5on5,3,693.0,29.0,0.95,0.84,0.92,8.56,0.62,0.47,2.65,0.28,4.78,3.19,0.61,0.6,0.59,7.0,5.0,9.0,21.0,0.0,0.0,0.0,3.0,0.0,3.0,6.0,7.0,12.0,0.0,0.0,7.0,6.0,1.0,7.0,10.0,2.0,0.0,0.28,0.34,0.0,0.0,0.0,0.0,21.17,12.0,12.12,2.0,0.1,0.0,0.0,0.71,0.69,0.69,0.76,0.03,0.04,0.4,0.02,0.31,0.2,0.03,0.03,0.03,0.0,1.0,3.0,4.0,0.0,0.0,0.0,0.0,0.0,1.0,0.0,0.0,1.0,0.0,0.0,3.0,9.0,1.0,5.0,1.0,0.0,0.0,0.03,0.0,0.0,0.0,0.0,0.0,4.07,1.0,1.03,3.0,0.01,0.0,0.0,0.04,0.04,0.04
84770188481527,2025,Hutton-Korczak,VGK,pairing,5on5,6,787.0,34.0,0.33,0.55,0.54,5.19,0.33,0.35,1.55,0.16,2.71,1.89,0.33,0.35,0.35,3.0,4.0,4.0,11.0,0.0,0.0,0.0,1.0,0.0,2.0,4.0,3.0,7.0,2.0,4.0,9.0,3.0,1.0,4.0,6.0,1.0,0.0,0.15,0.18,0.0,0.0,0.0,0.0,11.1,7.0,7.18,1.0,0.08,0.0,0.0,0.41,0.43,0.43,4.61,0.67,0.29,1.29,0.18,2.06,1.52,0.57,0.67,0.57,4.0,2.0,3.0,9.0,0.0,2.0,0.0,2.0,0.0,1.0,1.0,4.0,6.0,1.0,2.0,4.0,6.0,2.0,8.0,4.0,1.0,1.0,0.11,0.18,0.37,0.0,0.0,0.0,8.89,6.0,6.16,4.0,0.06,0.55,0.55,0.17,0.17,0.17
84745748480800,2025,Hughes-Myers,VAN,pairing,5on5,7,774.0,47.0,0.56,0.46,0.46,9.55,1.5,0.76,2.16,0.33,4.29,2.96,1.25,1.62,1.35,7.0,5.0,1.0,13.0,1.0,2.0,0.0,1.0,0.0,3.0,5.0,6.0,11.0,0.0,0.0,0.0,6.0,0.0,3.0,6.0,1.0,5.0,0.16,0.18,1.15,0.0,0.0,1.0,13.62,12.0,12.66,1.0,0.16,0.48,0.48,1.18,1.26,1.11,10.5,1.19,0.74,2.83,0.37,5.32,3.55,1.15,1.09,1.05,4.0,10.0,1.0,15.0,1.0,2.0,0.0,1.0,0.0,4.0,6.0,3.0,13.0,1.0,2.0,3.0,3.0,2.0,2.0,7.0,6.0,1.0,0.21,0.76,0.22,0.0,1.0,0.0,13.36,14.0,12.78,2.0,0.15,0.23,0.23,1.11,1.02,0.99
84793698480887,2025,Harris-Peeke,BOS,pairing,5on5,5,3107.0,12.0,0.53,0.56,0.56,32.31,2.25,1.97,9.4,1.11,16.81,12.45,2.2,2.17,2.11,24.0,20.0,16.0,60.0,2.0,5.0,0.0,7.0,0.0,18.0,12.0,22.0,42.0,4.0,8.0,25.0,24.0,5.0,13.0,37.0,5.0,2.0,1.05,0.71,0.49,2.0,0.0,0.0,57.7,44.0,42.08,5.0,0.42,0.59,0.59,2.08,2.02,1.97,25.15,2.0,1.65,6.33,0.88,13.38,9.76,1.98,2.07,2.06,23.0,11.0,14.0,48.0,3.0,3.0,1.0,7.0,0.0,9.0,12.0,20.0,31.0,2.0,4.0,15.0,37.0,2.0,12.0,26.0,7.0,1.0,0.75,0.96,0.29,0.0,3.0,0.0,50.3,34.0,35.76,6.0,0.34,0.37,0.37,1.96,2.04,2.03
847415084763998482679,2025,Coleman-Backlund-Coronato,CGY,line,5on5,2,760.0,8.0,0.45,0.54,0.5,6.94,0.4,0.33,2.04,0.25,3.34,2.65,0.4,0.38,0.38,7.0,2.0,6.0,15.0,0.0,0.0,0.0,1.0,0.0,1.0,7.0,7.0,9.0,0.0,0.0,3.0,5.0,1.0,7.0,8.0,1.0,0.0,0.24,0.16,0.0,0.0,0.0,0.0,14.44,9.0,8.86,3.0,0.07,0.0,0.0,0.46,0.45,0.45,6.69,0.48,0.46,1.69,0.18,3.6,2.59,0.47,0.5,0.49,8.0,1.0,4.0,13.0,0.0,0.0,0.0,2.0,0.0,3.0,4.0,8.0,9.0,1.0,2.0,9.0,1.0,0.0,5.0,7.0,2.0,0.0,0.23,0.25,0.0,0.0,0.0,0.0,13.76,9.0,9.33,1.0,0.1,0.0,0.0,0.57,0.6,0.59
847517084784728479385,2025,Kyrou-Schenn-Joseph,STL,line,5on5,2,797.0,7.0,0.57,0.62,0.58,4.88,0.3,0.34,1.29,0.15,2.96,1.96,0.3,0.3,0.29,5.0,2.0,6.0,13.0,1.0,0.0,0.0,0.0,0.0,2.0,4.0,4.0,6.0,1.0,2.0,10.0,8.0,1.0,5.0,5.0,2.0,0.0,0.08,0.22,0.0,0.0,1.0,0.0,13.08,7.0,7.1,1.0,0.07,0.0,0.0,0.37,0.36,0.36,3.7,0.23,0.23,0.91,0.13,2.04,1.47,0.21,0.24,0.22,4.0,1.0,3.0,8.0,0.0,1.0,0.0,1.0,0.0,1.0,2.0,4.0,5.0,0.0,0.0,5.0,8.0,0.0,6.0,4.0,1.0,0.0,0.11,0.12,0.0,0.0,0.0,0.0,8.06,5.0,5.08,4.0,0.04,0.12,0.12,0.15,0.16,0.15
847749684779568478401,2025,Zacha-Lindholm-Pastrnak,BOS,line,5on5,3,832.0,17.0,0.36,0.32,0.39,5.11,0.45,0.27,1.56,0.17,2.66,1.89,0.29,0.45,0.29,4.0,3.0,1.0,8.0,0.0,0.0,0.0,2.0,0.0,2.0,3.0,4.0,7.0,0.0,0.0,15.0,4.0,1.0,4.0,6.0,0.0,1.0,0.21,0.0,0.25,0.0,0.0,0.0,7.89,7.0,6.96,0.0,0.06,0.0,0.25,0.26,0.26,0.25,7.85,0.8,0.56,1.74,0.29,4.56,3.04,0.78,0.79,0.77,7.0,4.0,6.0,17.0,2.0,1.0,0.0,1.0,0.0,4.0,3.0,5.0,9.0,0.0,0.0,7.0,1.0,0.0,2.0,7.0,4.0,0.0,0.29,0.51,0.0,1.0,1.0,0.0,17.41,11.0,11.34,1.0,0.12,0.07,0.07,0.85,0.84,0.83
848002384820778482089,2025,Neighbours-Thomas-Holloway,STL,line,5on5,2,976.0,6.0,0.42,0.41,0.4,7.3,0.63,0.45,1.69,0.23,4.23,2.76,0.63,0.62,0.62,4.0,6.0,1.0,11.0,0.0,0.0,0.0,0.0,0.0,3.0,7.0,4.0,10.0,0.0,0.0,10.0,5.0,1.0,5.0,8.0,2.0,0.0,0.3,0.33,0.0,0.0,0.0,0.0,11.19,10.0,10.11,2.0,0.1,0.0,0.0,0.73,0.71,0.71,10.54,0.87,0.71,3.08,0.38,5.73,4.23,0.87,0.89,0.88,13.0,2.0,1.0,16.0,1.0,0.0,0.0,4.0,0.0,6.0,4.0,12.0,14.0,0.0,0.0,5.0,7.0,1.0,4.0,11.0,4.0,0.0,0.33,0.55,0.0,1.0,0.0,0.0,15.73,15.0,14.79,3.0,0.15,0.0,0.0,1.02,1.04,1.03
84773468482624,2025,Weegar-Miromanov,CGY,pairing,5on5,1,838.0,2.0,0.22,0.33,0.29,3.7,0.2,0.18,0.86,0.11,2.09,1.55,0.2,0.2,0.2,4.0,1.0,3.0,8.0,2.0,0.0,0.0,2.0,0.0,0.0,1.0,2.0,3.0,0.0,0.0,7.0,4.0,0.0,2.0,4.0,1.0,0.0,0.09,0.11,0.0,1.0,1.0,0.0,8.19,5.0,5.09,1.0,0.04,0.0,0.0,0.23,0.24,0.24,9.21,0.72,0.56,2.19,0.29,4.59,3.65,0.72,0.76,0.76,9.0,3.0,4.0,16.0,2.0,0.0,0.0,2.0,0.0,0.0,8.0,7.0,10.0,0.0,0.0,10.0,7.0,1.0,2.0,9.0,2.0,1.0,0.22,0.23,0.27,0.0,1.0,1.0,15.75,12.0,11.87,0.0,0.12,0.0,0.0,0.84,0.88,0.88
847516884757948482740,2025,Duchene-Johnston-Seguin,DAL,line,5on5,4,749.0,23.0,0.79,0.44,0.53,7.21,0.85,0.55,1.37,0.2,3.21,2.82,0.84,0.91,0.9,8.0,1.0,2.0,11.0,2.0,0.0,0.0,2.0,1.0,2.0,2.0,6.0,7.0,0.0,0.0,4.0,3.0,1.0,6.0,5.0,3.0,1.0,0.18,0.36,0.3,1.0,0.0,1.0,12.44,9.0,9.77,2.0,0.11,0.0,0.0,0.97,1.04,1.02,5.82,0.23,0.3,1.65,0.19,3.3,2.32,0.23,0.22,0.22,6.0,2.0,6.0,14.0,0.0,1.0,0.0,1.0,0.0,1.0,5.0,6.0,8.0,1.0,2.0,5.0,6.0,0.0,4.0,7.0,1.0,0.0,0.14,0.09,0.0,0.0,0.0,0.0,13.42,8.0,7.68,2.0,0.06,0.06,0.06,0.24,0.23,0.23
847994484808068482475,2025,Aston-Reese-Lundestrom-Chinakhov,CBJ,line,5on5,3,1128.0,12.0,0.39,0.35,0.38,6.75,0.83,0.44,1.56,0.19,3.5,2.48,0.83,0.84,0.84,6.0,3.0,3.0,12.0,1.0,1.0,0.0,1.0,0.0,2.0,4.0,5.0,8.0,0.0,0.0,4.0,8.0,3.0,8.0,5.0,2.0,2.0,0.17,0.2,0.46,1.0,0.0,0.0,12.5,9.0,9.46,5.0,0.09,0.11,0.11,0.81,0.82,0.82,11.57,1.31,0.64,3.11,0.38,5.42,4.14,1.27,1.32,1.27,8.0,7.0,7.0,22.0,1.0,1.0,0.0,1.0,0.0,6.0,6.0,7.0,14.0,1.0,2.0,11.0,7.0,1.0,4.0,9.0,4.0,2.0,0.26,0.55,0.51,0.0,1.0,0.0,22.04,15.0,14.95,2.0,0.14,0.13,0.13,1.32,1.33,1.28
847692584784348481133,2025,Reinhardt-Sissons-Kolesar,VGK,line,5on5,3,1373.0,12.0,0.18,0.27,0.2,3.97,0.26,0.3,1.05,0.15,2.53,1.71,0.26,0.25,0.25,2.0,4.0,7.0,13.0,0.0,1.0,0.0,0.0,0.0,3.0,2.0,2.0,6.0,2.0,4.0,12.0,28.0,1.0,9.0,5.0,1.0,0.0,0.17,0.09,0.0,0.0,0.0,0.0,12.85,6.0,6.0,5.0,0.06,0.03,0.03,0.29,0.29,0.29,17.37,1.17,1.1,4.69,0.58,9.6,6.86,1.15,1.17,1.15,15.0,9.0,11.0,35.0,1.0,2.0,0.0,2.0,0.0,15.0,4.0,14.0,23.0,1.0,2.0,12.0,19.0,0.0,4.0,21.0,3.0,0.0,0.65,0.51,0.0,1.0,0.0,0.0,34.76,24.0,23.79,1.0,0.23,0.22,0.22,1.18,1.19,1.17
84808398482671,2025,Dahlin-Power,BUF,pairing,5on5,4,701.0,28.0,0.26,0.61,0.5,7.18,0.18,0.43,2.33,0.3,4.48,3.27,0.18,0.18,0.18,8.0,3.0,6.0,17.0,0.0,2.0,0.0,1.0,0.0,7.0,1.0,8.0,11.0,0.0,0.0,3.0,9.0,0.0,3.0,11.0,0.0,0.0,0.18,0.0,0.0,0.0,0.0,0.0,17.4,11.0,10.99,1.0,0.09,0.04,0.01,0.26,0.26,0.26,8.11,0.51,0.56,2.25,0.27,4.2,3.2,0.51,0.52,0.51,7.0,4.0,0.0,11.0,0.0,1.0,0.0,1.0,0.0,5.0,4.0,7.0,11.0,0.0,0.0,9.0,6.0,0.0,3.0,10.0,1.0,0.0,0.32,0.2,0.0,0.0,0.0,0.0,11.46,11.0,11.42,3.0,0.12,0.2,0.2,0.44,0.45,0.45
847738084793908483690,2025,Brodzinski-Laba-Raddysh,NYR,line,5on5,2,801.0,8.0,0.52,0.36,0.31,3.75,0.34,0.18,0.9,0.11,1.93,1.53,0.34,0.32,0.32,3.0,2.0,4.0,9.0,0.0,0.0,0.0,1.0,0.0,3.0,1.0,3.0,5.0,0.0,0.0,7.0,2.0,2.0,2.0,4.0,0.0,1.0,0.06,0.0,0.28,0.0,0.0,0.0,8.57,5.0,4.8,0.0,0.04,0.0,0.0,0.38,0.35,0.35,8.09,0.31,0.35,1.97,0.24,4.16,3.97,0.31,0.33,0.33,6.0,5.0,5.0,16.0,0.0,0.0,0.0,1.0,0.0,4.0,6.0,6.0,11.0,1.0,2.0,4.0,5.0,0.0,2.0,10.0,1.0,0.0,0.16,0.15,0.0,0.0,0.0,0.0,16.99,11.0,11.73,0.0,0.07,0.0,0.0,0.38,0.41,0.41
848161884827758484984,2025,Kapanen-Newhook-Demidov,MTL,line,5on5,7,3442.0,20.0,0.38,0.43,0.39,20.15,1.62,1.2,4.98,0.63,11.06,8.52,1.54,1.59,1.52,18.0,10.0,13.0,41.0,4.0,2.0,1.0,2.0,0.0,8.0,12.0,14.0,24.0,3.0,9.0,26.0,19.0,4.0,17.0,20.0,6.0,2.0,0.4,0.78,0.43,0.0,2.0,2.0,41.35,28.0,28.0,11.0,0.25,0.41,0.41,1.45,1.44,1.43,31.31,2.67,1.95,8.27,1.03,17.12,11.97,2.37,2.63,2.33,29.0,14.0,11.0,54.0,2.0,3.0,0.0,8.0,0.0,18.0,12.0,27.0,41.0,4.0,11.0,32.0,28.0,9.0,16.0,33.0,7.0,3.0,0.9,0.95,0.81,0.0,1.0,1.0,53.02,43.0,42.04,7.0,0.41,0.42,0.42,2.65,2.64,2.34
847341984801858482113,2025,Marchand-Lundell-Luostarinen,FLA,line,5on5,3,1383.0,9.0,0.37,0.4,0.38,11.3,1.11,0.75,3.39,0.3,4.99,3.46,1.1,1.19,1.17,11.0,3.0,3.0,17.0,2.0,1.0,0.0,0.0,0.0,6.0,5.0,9.0,12.0,2.0,4.0,16.0,11.0,0.0,10.0,10.0,3.0,1.0,0.32,0.45,0.35,1.0,1.0,0.0,17.5,14.0,14.56,7.0,0.16,0.18,0.18,1.1,1.17,1.15,17.63,1.93,1.2,4.4,0.58,8.75,6.15,1.77,1.92,1.76,14.0,9.0,2.0,25.0,1.0,5.0,0.0,3.0,0.0,5.0,9.0,13.0,22.0,4.0,8.0,16.0,9.0,3.0,5.0,14.0,7.0,2.0,0.37,1.11,0.45,1.0,0.0,0.0,25.77,23.0,22.93,2.0,0.25,0.92,0.92,1.26,1.26,1.22
84778458480873,2025,Sandin-Van Riemsdyk,WSH,pairing,5on5,3,802.0,20.0,0.81,0.54,0.53,7.54,1.21,0.56,1.85,0.27,3.56,2.54,1.17,1.16,1.13,6.0,4.0,4.0,14.0,0.0,2.0,0.0,0.0,0.0,3.0,5.0,6.0,10.0,1.0,2.0,5.0,8.0,3.0,3.0,3.0,5.0,2.0,0.08,0.7,0.43,0.0,0.0,0.0,13.55,10.0,9.73,1.0,0.12,0.36,0.36,0.98,0.95,0.95,6.73,0.29,0.3,2.05,0.2,3.54,2.62,0.29,0.3,0.3,4.0,5.0,3.0,12.0,0.0,0.0,0.0,0.0,0.0,4.0,5.0,4.0,9.0,0.0,0.0,5.0,3.0,0.0,5.0,8.0,1.0,0.0,0.2,0.08,0.0,0.0,0.0,0.0,12.29,9.0,9.39,5.0,0.06,0.0,0.0,0.35,0.36,0.36
847847284804598483516,2025,Joseph-Suter-Snuggerud,STL,line,5on5,4,1353.0,20.0,0.64,0.52,0.61,18.45,1.69,1.3,4.85,0.7,9.81,6.64,1.57,1.83,1.69,17.0,8.0,5.0,30.0,1.0,5.0,1.0,2.0,0.0,11.0,6.0,16.0,24.0,0.0,0.0,6.0,8.0,3.0,5.0,16.0,9.0,0.0,0.36,1.33,0.0,0.0,1.0,0.0,31.6,25.0,26.42,2.0,0.27,0.68,0.68,1.28,1.36,1.3,11.68,0.93,0.78,2.67,0.35,6.39,4.88,0.92,0.93,0.92,9.0,7.0,12.0,28.0,0.0,0.0,0.0,1.0,0.0,7.0,8.0,9.0,16.0,2.0,4.0,11.0,5.0,3.0,10.0,11.0,5.0,0.0,0.39,0.55,0.0,0.0,0.0,0.0,29.06,16.0,16.07,3.0,0.16,0.0,0.0,1.09,1.09,1.07
