lineId,season,name,team,position,situation,games_played,icetime,iceTimeRank,xGoalsPercentage,corsiPercentage,fenwickPercentage,xOnGoalFor,xGoalsFor,xReboundsFor,xFreezeFor,xPlayStoppedFor,xPlayContinuedInZoneFor,xPlayContinuedOutsideZoneFor,flurryAdjustedxGoalsFor,scoreVenueAdjustedxGoalsFor,flurryScoreVenueAdjustedxGoalsFor,shotsOnGoalFor,missedShotsFor,blockedShotAttemptsFor,shotAttemptsFor,goalsFor,reboundsFor,reboundGoalsFor,freezeFor,playStoppedFor,playContinuedInZoneFor,playContinuedOutsideZoneFor,savedShotsOnGoalFor,savedUnblockedShotAttemptsFor,penaltiesFor,penalityMinutesFor,faceOffsWonFor,hitsFor,takeawaysFor,giveawaysFor,lowDangerShotsFor,mediumDangerShotsFor,highDangerShotsFor,lowDangerxGoalsFor,mediumDangerxGoalsFor,highDangerxGoalsFor,lowDangerGoalsFor,mediumDangerGoalsFor,highDangerGoalsFor,scoreAdjustedShotsAttemptsFor,unblockedShotAttemptsFor,scoreAdjustedUnblockedShotAttemptsFor,dZoneGiveawaysFor,xGoalsFromxReboundsOfShotsFor,xGoalsFromActualReboundsOfShotsFor,reboundxGoalsFor,totalShotCreditFor,scoreAdjustedTotalShotCreditFor,scoreFlurryAdjustedTotalShotCreditFor,xOnGoalAgainst,xGoalsAgainst,xReboundsAgainst,xFreezeAgainst,xPlayStoppedAgainst,xPlayContinuedInZoneAgainst,xPlayContinuedOutsideZoneAgainst,flurryAdjustedxGoalsAgainst,scoreVenueAdjustedxGoalsAgainst,flurryScoreVenueAdjustedxGoalsAgainst,shotsOnGoalAgainst,missedShotsAgainst,blockedShotAttemptsAgainst,shotAttemptsAgainst,goalsAgainst,reboundsAgainst,reboundGoalsAgainst,freezeAgainst,playStoppedAgainst,playContinuedInZoneAgainst,playContinuedOutsideZoneAgainst,savedShotsOnGoalAgainst,savedUnblockedShotAttemptsAgainst,penaltiesAgainst,penalityMinutesAgainst,faceOffsWonAgainst,hitsAgainst,takeawaysAgainst,giveawaysAgainst,lowDangerShotsAgainst,mediumDangerShotsAgainst,highDangerShotsAgainst,lowDangerxGoalsAgainst,mediumDangerxGoalsAgainst,highDangerxGoalsAgainst,lowDangerGoalsAgainst,mediumDangerGoalsAgainst,highDangerGoalsAgainst,scoreAdjustedShotsAttemptsAgainst,unblockedShotAttemptsAgainst,scoreAdjustedUnblockedShotAttemptsAgainst,dZoneGiveawaysAgainst,xGoalsFromxReboundsOfShotsAgainst,xGoalsFromActualReboundsOfShotsAgainst,reboundxGoalsAgainst,totalShotCreditAgainst,scoreAdjustedTotalShotCreditAgainst,scoreFlurryAdjustedTotalShotCreditAgainst
847798784816248484144,2025,Donato-Bedard-Mikheyev,CHI,line,5on5,9,602.0,87.0,0.08,0.12,0.14,1.44,0.06,0.08,0.34,0.05,0.84,0.64,0.06,0.06,0.06,2.0,0.0,1.0,3.0,0.0,0.0,0.0,0.0,0.0,0.0,2.0,2.0,2.0,0.0,0.0,1.0,2.0,1.0,3.0,2.0,0.0,0.0,0.06,0.0,0.0,0.0,0.0,0.0,3.03,2.0,2.01,3.0,0.02,0.0,0.0,0.08,0.07,0.07,8.86,0.67,0.6,2.08,0.27,4.9,3.48,0.66,0.66,0.65,6.0,6.0,10.0,22.0,0.0,1.0,0.0,2.0,0.0,5.0,4.0,6.0,12.0,0.0,0.0,3.0,2.0,2.0,1.0,10.0,2.0,0.0,0.37,0.31,0.0,0.0,0.0,0.0,21.63,12.0,11.82,0.0,0.12,0.2,0.2,0.6,0.59,0.59
84811788482142,2025,Zamula-Drysdale,PHI,pairing,5on5,10,2208.0,51.0,0.34,0.39,0.36,11.19,0.95,0.83,2.74,0.35,6.07,4.06,0.92,0.98,0.94,10.0,5.0,6.0,21.0,0.0,1.0,0.0,4.0,0.0,6.0,4.0,10.0,15.0,4.0,8.0,16.0,9.0,4.0,14.0,12.0,2.0,1.0,0.49,0.18,0.28,0.0,0.0,0.0,21.63,15.0,15.07,8.0,0.17,0.28,0.28,0.84,0.86,0.84,20.46,1.81,1.21,5.15,0.64,10.39,7.8,1.73,1.78,1.7,21.0,6.0,6.0,33.0,1.0,2.0,1.0,4.0,0.0,6.0,14.0,20.0,26.0,0.0,0.0,22.0,18.0,2.0,5.0,21.0,4.0,2.0,0.58,0.55,0.69,0.0,0.0,1.0,33.14,27.0,27.17,4.0,0.25,0.69,0.69,1.38,1.36,1.33
84815468482142,2025,York-Drysdale,PHI,pairing,5on5,21,1389.0,146.0,0.66,0.51,0.58,9.53,0.82,0.55,2.39,0.34,5.67,4.22,0.65,0.86,0.67,11.0,3.0,4.0,18.0,1.0,2.0,1.0,2.0,0.0,0.0,9.0,10.0,13.0,1.0,2.0,8.0,4.0,1.0,6.0,11.0,2.0,1.0,0.32,0.17,0.34,0.0,0.0,1.0,17.75,14.0,13.99,3.0,0.11,0.42,0.42,0.51,0.52,0.48,7.42,0.42,0.41,1.79,0.21,3.98,3.19,0.4,0.42,0.4,7.0,3.0,7.0,17.0,2.0,1.0,0.0,0.0,0.0,5.0,2.0,5.0,8.0,0.0,0.0,6.0,6.0,3.0,8.0,9.0,1.0,0.0,0.27,0.14,0.0,1.0,1.0,0.0,17.15,10.0,10.09,4.0,0.08,0.03,0.03,0.47,0.48,0.45
84784548482804,2025,Murchison-Juulsen,PHI,pairing,5on5,3,2152.0,9.0,0.49,0.41,0.43,6.72,0.56,0.42,1.83,0.23,4.2,2.75,0.56,0.54,0.54,5.0,5.0,4.0,14.0,1.0,1.0,0.0,2.0,0.0,1.0,5.0,4.0,9.0,2.0,4.0,20.0,23.0,2.0,8.0,8.0,1.0,1.0,0.24,0.12,0.21,1.0,0.0,0.0,13.78,10.0,9.88,5.0,0.09,0.21,0.21,0.44,0.43,0.43,9.93,0.57,0.62,2.43,0.28,5.13,3.97,0.56,0.58,0.57,7.0,6.0,7.0,20.0,1.0,0.0,0.0,1.0,0.0,3.0,8.0,6.0,12.0,1.0,2.0,22.0,22.0,2.0,8.0,11.0,2.0,0.0,0.33,0.24,0.0,1.0,0.0,0.0,19.91,13.0,13.04,3.0,0.13,0.0,0.0,0.7,0.71,0.69
84793258479369,2025,Mcavoy-Peeke,BOS,pairing,5on5,20,842.0,184.0,0.37,0.39,0.44,9.34,0.68,0.52,2.06,0.29,4.47,3.99,0.68,0.7,0.7,8.0,4.0,0.0,12.0,1.0,0.0,0.0,4.0,0.0,1.0,6.0,7.0,11.0,0.0,0.0,0.0,5.0,0.0,5.0,9.0,3.0,0.0,0.31,0.36,0.0,0.0,1.0,0.0,12.48,12.0,12.41,3.0,0.11,0.0,0.0,0.78,0.81,0.81,11.24,1.13,0.75,2.41,0.38,6.02,4.31,1.1,1.19,1.16,13.0,2.0,4.0,19.0,3.0,2.0,0.0,2.0,0.0,5.0,3.0,10.0,12.0,0.0,0.0,0.0,1.0,0.0,1.0,10.0,5.0,0.0,0.45,0.69,0.0,1.0,2.0,0.0,19.29,15.0,15.42,0.0,0.15,0.21,0.21,1.08,1.14,1.11
84745638479998,2025,Anderson-Doughty,LAK,pairing,5on5,29,20718.0,62.0,0.51,0.52,0.51,160.15,11.88,9.98,40.58,5.27,85.73,65.56,11.56,12.03,11.71,137.0,82.0,106.0,325.0,13.0,12.0,2.0,33.0,0.0,81.0,80.0,124.0,206.0,20.0,43.0,175.0,132.0,21.0,96.0,175.0,36.0,8.0,4.99,4.46,2.42,4.0,7.0,2.0,328.31,219.0,220.02,40.0,2.07,2.74,2.74,11.21,11.29,11.16,156.02,11.34,9.84,38.84,5.17,83.14,63.66,11.05,11.19,10.91,138.0,74.0,91.0,303.0,11.0,9.0,0.0,40.0,0.0,66.0,86.0,127.0,201.0,20.0,40.0,172.0,127.0,18.0,107.0,169.0,33.0,10.0,4.86,4.0,2.48,5.0,5.0,1.0,298.41,212.0,209.58,46.0,2.05,1.9,1.9,11.48,11.35,11.22
84772208484386,2025,Schmidt-Simashev,UTA,pairing,5on5,18,1133.0,188.0,0.31,0.39,0.36,6.46,0.33,0.35,1.53,0.21,3.86,2.72,0.33,0.34,0.34,4.0,5.0,4.0,13.0,0.0,0.0,0.0,0.0,0.0,1.0,8.0,4.0,9.0,0.0,0.0,5.0,8.0,2.0,6.0,9.0,0.0,0.0,0.33,0.0,0.0,0.0,0.0,0.0,13.31,9.0,9.19,2.0,0.07,0.0,0.0,0.4,0.41,0.41,11.33,0.73,0.74,2.6,0.34,6.77,4.83,0.72,0.72,0.72,12.0,4.0,4.0,20.0,0.0,0.0,0.0,3.0,0.0,9.0,4.0,12.0,16.0,0.0,0.0,4.0,9.0,3.0,3.0,14.0,2.0,0.0,0.45,0.28,0.0,0.0,0.0,0.0,20.17,16.0,16.06,2.0,0.15,0.0,0.0,0.87,0.87,0.87
847579984768718480289,2025,Pearson-Barron-Niederreiter,WPG,line,5on5,5,896.0,52.0,0.55,0.38,0.47,6.12,0.4,0.44,1.5,0.17,3.04,2.46,0.4,0.4,0.4,6.0,2.0,1.0,9.0,0.0,0.0,0.0,3.0,0.0,1.0,4.0,6.0,8.0,2.0,4.0,7.0,5.0,0.0,2.0,6.0,2.0,0.0,0.12,0.28,0.0,0.0,0.0,0.0,9.75,8.0,8.24,2.0,0.09,0.0,0.0,0.49,0.49,0.49,6.32,0.32,0.36,1.5,0.2,3.73,2.89,0.3,0.32,0.3,6.0,3.0,6.0,15.0,0.0,0.0,0.0,1.0,0.0,5.0,3.0,6.0,9.0,1.0,2.0,8.0,7.0,0.0,1.0,9.0,0.0,0.0,0.32,0.0,0.0,0.0,0.0,0.0,14.13,9.0,8.68,1.0,0.07,0.0,0.0,0.39,0.39,0.37
84821228484798,2025,Buium-Faber,MIN,pairing,5on5,25,3654.0,169.0,0.53,0.44,0.44,29.93,2.88,1.88,6.95,0.99,15.51,12.79,2.83,2.83,2.78,25.0,16.0,15.0,56.0,1.0,2.0,0.0,5.0,0.0,11.0,22.0,24.0,40.0,3.0,6.0,15.0,20.0,3.0,10.0,29.0,9.0,3.0,0.97,1.12,0.79,1.0,0.0,0.0,55.23,41.0,40.52,5.0,0.39,0.43,0.43,2.83,2.78,2.77,37.07,2.55,2.62,8.29,1.22,21.18,16.14,2.53,2.65,2.63,37.0,15.0,18.0,70.0,2.0,3.0,1.0,10.0,0.0,15.0,22.0,35.0,50.0,1.0,2.0,27.0,21.0,6.0,23.0,44.0,7.0,1.0,1.4,0.85,0.3,1.0,1.0,0.0,71.49,52.0,52.86,13.0,0.54,0.29,0.29,2.79,2.9,2.89
84821008484428,2025,Nikishin-Legault,CAR,pairing,5on5,6,723.0,38.0,0.49,0.61,0.57,8.85,0.83,0.56,1.84,0.28,4.89,3.59,0.82,0.89,0.88,9.0,3.0,5.0,17.0,3.0,1.0,1.0,0.0,0.0,3.0,5.0,6.0,9.0,2.0,4.0,6.0,6.0,3.0,4.0,10.0,1.0,1.0,0.34,0.19,0.3,2.0,1.0,0.0,18.27,12.0,13.03,1.0,0.11,0.19,0.19,0.76,0.8,0.79,7.37,0.86,0.57,1.77,0.23,3.26,2.31,0.81,0.81,0.76,7.0,2.0,2.0,11.0,0.0,1.0,0.0,0.0,0.0,5.0,3.0,7.0,9.0,0.0,0.0,4.0,4.0,0.0,3.0,4.0,4.0,1.0,0.09,0.51,0.26,0.0,0.0,0.0,10.07,9.0,8.34,2.0,0.12,0.26,0.26,0.72,0.67,0.66
847516984784988480012,2025,Kane-Pettersson-Debrusk,VAN,line,5on5,9,1984.0,80.0,0.43,0.52,0.49,15.27,1.13,1.1,3.25,0.48,8.47,6.58,1.11,1.14,1.11,16.0,5.0,8.0,29.0,2.0,0.0,0.0,3.0,0.0,5.0,11.0,14.0,19.0,6.0,12.0,21.0,10.0,4.0,7.0,16.0,4.0,1.0,0.44,0.49,0.21,1.0,1.0,0.0,29.11,21.0,20.99,2.0,0.22,0.0,0.0,1.36,1.37,1.33,16.68,1.47,1.18,3.93,0.51,8.62,6.29,1.4,1.4,1.33,14.0,8.0,5.0,27.0,0.0,2.0,0.0,4.0,0.0,8.0,8.0,14.0,22.0,2.0,4.0,22.0,11.0,2.0,9.0,16.0,4.0,2.0,0.55,0.45,0.48,0.0,0.0,0.0,26.19,22.0,21.36,5.0,0.24,0.48,0.48,1.24,1.19,1.14
84801968484305,2025,Bryson-Metsa,BUF,pairing,5on5,2,941.0,6.0,0.18,0.38,0.36,5.88,0.24,0.32,2.28,0.23,2.71,2.22,0.23,0.24,0.22,6.0,2.0,4.0,12.0,0.0,0.0,0.0,0.0,0.0,2.0,6.0,6.0,8.0,2.0,4.0,7.0,5.0,0.0,8.0,8.0,0.0,0.0,0.24,0.0,0.0,0.0,0.0,0.0,11.45,8.0,7.76,4.0,0.07,0.0,0.0,0.31,0.31,0.29,10.3,1.07,0.82,2.8,0.36,5.25,3.69,1.06,1.11,1.1,8.0,6.0,6.0,20.0,0.0,1.0,0.0,0.0,0.0,6.0,7.0,8.0,14.0,1.0,2.0,10.0,10.0,2.0,4.0,10.0,2.0,2.0,0.33,0.26,0.48,0.0,0.0,0.0,21.36,14.0,14.58,2.0,0.17,0.15,0.15,1.1,1.14,1.14
847121584775118479638,2025,Brazeau-Malkin-Mantha,PIT,line,5on5,12,7563.0,25.0,0.49,0.42,0.42,58.2,6.62,4.24,14.47,2.09,28.88,20.7,6.2,6.85,6.41,57.0,20.0,29.0,106.0,9.0,9.0,1.0,9.0,0.0,29.0,21.0,48.0,68.0,7.0,14.0,42.0,34.0,10.0,49.0,52.0,17.0,8.0,1.81,2.24,2.57,4.0,3.0,2.0,109.9,77.0,80.23,15.0,0.9,2.35,2.35,5.17,5.33,5.14,77.01,6.76,5.37,18.91,2.49,41.61,29.86,6.42,6.65,6.33,66.0,39.0,43.0,148.0,6.0,6.0,1.0,12.0,1.0,39.0,41.0,60.0,99.0,3.0,6.0,58.0,40.0,8.0,46.0,77.0,24.0,4.0,2.42,3.01,1.33,4.0,2.0,0.0,145.32,105.0,103.7,21.0,1.12,1.53,1.58,6.3,6.26,6.15
84752188480803,2025,Ekholm-Bouchard,EDM,pairing,5on5,42,36640.0,80.0,0.54,0.56,0.56,349.04,31.15,24.51,83.1,11.24,186.48,137.52,29.22,31.39,29.43,326.0,148.0,157.0,631.0,26.0,32.0,2.0,72.0,0.0,169.0,175.0,300.0,448.0,27.0,54.0,293.0,158.0,47.0,213.0,343.0,100.0,31.0,10.84,11.75,8.55,15.0,7.0,4.0,635.14,474.0,475.66,83.0,5.12,7.41,7.41,28.86,29.09,28.45,270.17,26.75,18.54,67.37,9.16,141.48,103.7,25.18,26.58,25.07,243.0,124.0,124.0,491.0,30.0,33.0,7.0,48.0,0.0,122.0,134.0,213.0,337.0,36.0,70.0,289.0,202.0,46.0,197.0,259.0,75.0,33.0,7.48,9.37,9.89,10.0,10.0,10.0,486.49,367.0,364.51,95.0,3.9,8.37,8.37,22.26,22.21,21.85
84763728482126,2025,Seeler-Andrae,PHI,pairing,5on5,19,1003.0,145.0,0.72,0.65,0.76,11.38,0.81,0.72,2.58,0.39,6.4,5.1,0.8,0.79,0.79,12.0,4.0,4.0,20.0,0.0,1.0,0.0,1.0,0.0,8.0,6.0,12.0,16.0,0.0,0.0,2.0,8.0,2.0,2.0,13.0,3.0,0.0,0.44,0.37,0.0,0.0,0.0,0.0,19.73,16.0,15.67,1.0,0.15,0.01,0.01,0.95,0.93,0.92,3.97,0.31,0.21,0.77,0.1,1.76,1.86,0.31,0.32,0.32,2.0,3.0,6.0,11.0,1.0,0.0,0.0,0.0,0.0,2.0,2.0,1.0,4.0,1.0,2.0,3.0,8.0,0.0,4.0,3.0,2.0,0.0,0.09,0.22,0.0,0.0,1.0,0.0,10.95,5.0,4.98,3.0,0.04,0.0,0.0,0.35,0.36,0.36
847523184842218484958,2025,Cizikas-Ritchie-Tsyplakov,NYI,line,5on5,5,1720.0,18.0,0.59,0.46,0.47,11.75,1.27,0.74,3.11,0.45,6.16,4.26,1.24,1.35,1.32,10.0,6.0,7.0,23.0,0.0,3.0,0.0,3.0,0.0,5.0,5.0,10.0,16.0,4.0,8.0,15.0,18.0,3.0,7.0,11.0,3.0,2.0,0.27,0.32,0.68,0.0,0.0,0.0,24.25,16.0,16.68,2.0,0.16,0.72,0.72,0.71,0.74,0.73,12.72,0.87,0.87,3.83,0.45,6.96,5.03,0.86,0.81,0.81,10.0,8.0,9.0,27.0,0.0,1.0,0.0,4.0,0.0,4.0,9.0,10.0,18.0,1.0,2.0,14.0,17.0,1.0,7.0,15.0,2.0,1.0,0.38,0.23,0.25,0.0,0.0,0.0,25.91,18.0,17.3,0.0,0.18,0.25,0.25,0.8,0.76,0.76
847885684800128482055,2025,O'Connor-Pettersson-Garland,VAN,line,5on5,8,807.0,109.0,0.25,0.5,0.33,3.32,0.29,0.3,0.8,0.14,2.01,1.46,0.29,0.3,0.3,4.0,1.0,10.0,15.0,0.0,0.0,0.0,0.0,0.0,2.0,3.0,4.0,5.0,1.0,2.0,1.0,3.0,2.0,4.0,4.0,1.0,0.0,0.17,0.12,0.0,0.0,0.0,0.0,14.68,5.0,5.09,3.0,0.06,0.0,0.0,0.36,0.37,0.37,7.33,0.88,0.6,1.8,0.25,3.72,2.76,0.88,0.9,0.9,8.0,2.0,5.0,15.0,1.0,0.0,0.0,4.0,0.0,2.0,3.0,7.0,9.0,0.0,0.0,4.0,9.0,0.0,8.0,7.0,1.0,2.0,0.26,0.11,0.51,1.0,0.0,0.0,15.28,10.0,10.35,4.0,0.13,0.0,0.0,1.01,1.03,1.03
84757628483678,2025,Forbort-Pettersson,VAN,pairing,5on5,2,1043.0,6.0,0.15,0.26,0.29,3.06,0.19,0.15,0.68,0.1,1.62,1.26,0.19,0.19,0.19,3.0,1.0,1.0,5.0,1.0,0.0,0.0,0.0,0.0,1.0,2.0,2.0,3.0,2.0,4.0,5.0,9.0,1.0,11.0,4.0,0.0,0.0,0.19,0.0,0.0,1.0,0.0,0.0,5.23,4.0,4.04,8.0,0.03,0.0,0.0,0.22,0.22,0.22,8.12,1.09,0.55,1.82,0.24,3.48,2.81,1.01,1.05,0.98,7.0,3.0,4.0,14.0,1.0,2.0,0.0,1.0,0.0,2.0,4.0,6.0,9.0,2.0,4.0,10.0,14.0,0.0,3.0,6.0,1.0,3.0,0.2,0.15,0.74,1.0,0.0,0.0,13.63,10.0,9.89,1.0,0.12,0.52,0.52,0.69,0.67,0.66
847843984800158481533,2025,Konecny-Zegras-Tippett,PHI,line,5on5,3,758.0,19.0,0.54,0.5,0.53,6.01,0.34,0.41,1.71,0.19,3.19,2.17,0.33,0.34,0.33,6.0,2.0,1.0,9.0,0.0,1.0,0.0,1.0,0.0,5.0,1.0,6.0,8.0,0.0,0.0,5.0,1.0,3.0,5.0,6.0,2.0,0.0,0.11,0.22,0.0,0.0,0.0,0.0,9.04,8.0,8.06,2.0,0.08,0.14,0.14,0.28,0.28,0.28,5.14,0.28,0.26,1.3,0.15,2.97,2.03,0.28,0.28,0.28,7.0,0.0,2.0,9.0,0.0,0.0,0.0,2.0,0.0,0.0,5.0,7.0,7.0,1.0,2.0,7.0,6.0,0.0,6.0,6.0,1.0,0.0,0.19,0.09,0.0,0.0,0.0,0.0,8.95,7.0,7.0,4.0,0.05,0.0,0.0,0.34,0.33,0.33
847745184785088483499,2025,Ohgren-Hartman-Trenin,MIN,line,5on5,6,1143.0,55.0,0.6,0.51,0.58,11.37,0.89,0.73,2.68,0.35,5.89,4.47,0.88,0.84,0.83,9.0,6.0,4.0,19.0,0.0,0.0,0.0,2.0,0.0,6.0,7.0,9.0,15.0,2.0,4.0,7.0,20.0,2.0,4.0,11.0,4.0,0.0,0.44,0.45,0.0,0.0,0.0,0.0,18.52,15.0,14.53,2.0,0.15,0.0,0.0,1.04,0.99,0.97,8.08,0.6,0.53,1.74,0.24,4.61,3.28,0.6,0.61,0.61,7.0,4.0,7.0,18.0,0.0,0.0,0.0,0.0,0.0,4.0,7.0,7.0,11.0,1.0,2.0,9.0,5.0,2.0,5.0,8.0,3.0,0.0,0.28,0.33,0.0,0.0,0.0,0.0,17.93,11.0,10.96,3.0,0.11,0.0,0.0,0.71,0.72,0.72
84784768481609,2025,Capobianco-Kolyachonok,DAL,pairing,5on5,9,3312.0,40.0,0.45,0.53,0.46,22.29,2.06,1.36,5.82,0.72,11.72,8.31,1.99,2.09,2.02,18.0,12.0,17.0,47.0,2.0,3.0,1.0,6.0,0.0,9.0,10.0,16.0,28.0,5.0,10.0,22.0,15.0,6.0,9.0,22.0,7.0,1.0,0.69,0.91,0.46,1.0,0.0,1.0,48.17,30.0,30.53,4.0,0.28,0.7,0.7,1.64,1.67,1.66,25.5,2.49,1.68,6.21,0.8,13.92,9.9,2.46,2.41,2.37,22.0,13.0,7.0,42.0,2.0,3.0,1.0,3.0,0.0,10.0,17.0,20.0,33.0,4.0,8.0,17.0,29.0,8.0,20.0,23.0,9.0,3.0,0.62,0.95,0.92,1.0,0.0,1.0,41.0,35.0,34.14,10.0,0.35,0.85,0.85,1.98,1.91,1.9
847515884768878485405,2025,Forsberg-O'Reilly-Martin,NSH,line,5on5,3,1041.0,10.0,0.55,0.43,0.46,9.5,0.77,0.6,2.84,0.39,4.98,3.42,0.75,0.74,0.73,6.0,7.0,3.0,16.0,1.0,2.0,0.0,2.0,0.0,4.0,4.0,5.0,12.0,1.0,2.0,12.0,5.0,1.0,3.0,10.0,3.0,0.0,0.32,0.45,0.0,1.0,0.0,0.0,15.68,13.0,12.86,3.0,0.13,0.21,0.21,0.68,0.67,0.66,11.1,0.63,0.67,3.2,0.38,5.95,4.18,0.62,0.66,0.65,13.0,2.0,6.0,21.0,1.0,1.0,0.0,6.0,0.0,5.0,2.0,12.0,14.0,1.0,2.0,10.0,10.0,1.0,8.0,14.0,1.0,0.0,0.48,0.14,0.0,0.0,1.0,0.0,21.62,15.0,15.44,1.0,0.14,0.04,0.04,0.73,0.77,0.76
84778108481167,2025,Hanley-Pachal,CGY,pairing,5on5,15,6093.0,75.0,0.63,0.56,0.56,46.35,3.94,3.01,12.3,1.58,24.36,17.82,3.82,3.99,3.88,45.0,18.0,32.0,95.0,2.0,5.0,0.0,9.0,0.0,24.0,23.0,43.0,61.0,6.0,18.0,40.0,49.0,7.0,31.0,45.0,13.0,5.0,1.16,1.53,1.25,1.0,1.0,0.0,96.99,63.0,64.47,13.0,0.63,1.06,1.06,3.52,3.59,3.55,35.71,2.34,2.28,9.2,1.28,19.93,14.97,2.3,2.3,2.26,29.0,21.0,24.0,74.0,1.0,1.0,0.0,11.0,0.0,19.0,18.0,28.0,49.0,9.0,24.0,35.0,59.0,12.0,24.0,41.0,8.0,1.0,1.11,0.99,0.24,1.0,0.0,0.0,73.5,50.0,48.87,8.0,0.47,0.03,0.03,2.78,2.73,2.68
84752008479576,2025,Orlov-Desharnais,SJS,pairing,5on5,15,1127.0,141.0,0.41,0.41,0.5,9.71,0.75,0.55,2.53,0.33,4.91,3.93,0.7,0.8,0.74,9.0,4.0,3.0,16.0,1.0,1.0,0.0,3.0,0.0,3.0,5.0,8.0,12.0,1.0,2.0,7.0,8.0,1.0,4.0,9.0,3.0,1.0,0.14,0.34,0.27,0.0,1.0,0.0,16.49,13.0,13.22,2.0,0.12,0.17,0.17,0.7,0.73,0.72,10.1,1.07,0.7,2.64,0.33,4.77,3.48,1.01,1.07,1.01,8.0,5.0,10.0,23.0,0.0,2.0,0.0,1.0,0.0,3.0,7.0,8.0,13.0,1.0,2.0,8.0,5.0,0.0,5.0,9.0,2.0,2.0,0.27,0.3,0.51,0.0,0.0,0.0,22.55,13.0,13.02,1.0,0.15,0.39,0.39,0.83,0.83,0.8
84821668482861,2025,Mukhamadullin-Iorio,SJS,pairing,5on5,5,1370.0,32.0,0.55,0.41,0.45,10.19,1.49,0.86,2.56,0.34,4.37,3.38,1.41,1.48,1.41,9.0,4.0,2.0,15.0,3.0,2.0,1.0,2.0,0.0,2.0,4.0,6.0,10.0,1.0,2.0,8.0,15.0,1.0,9.0,6.0,4.0,3.0,0.21,0.57,0.7,1.0,1.0,1.0,15.3,13.0,13.34,5.0,0.19,0.48,0.48,1.19,1.18,1.18,11.4,1.22,0.76,2.98,0.4,6.36,4.29,1.17,1.22,1.17,11.0,5.0,6.0,22.0,3.0,2.0,0.0,0.0,0.0,7.0,4.0,8.0,13.0,2.0,4.0,16.0,9.0,2.0,5.0,9.0,5.0,2.0,0.28,0.52,0.42,2.0,1.0,0.0,22.33,16.0,16.19,2.0,0.16,0.42,0.42,0.96,0.97,0.96
847793484793658481617,2025,Frederic-Draisaitl-Podkolzin,EDM,line,5on5,4,681.0,32.0,0.42,0.29,0.36,3.31,0.42,0.26,0.82,0.12,1.99,1.39,0.42,0.45,0.45,2.0,3.0,0.0,5.0,1.0,0.0,0.0,0.0,0.0,2.0,2.0,1.0,4.0,3.0,6.0,7.0,7.0,1.0,3.0,4.0,0.0,1.0,0.21,0.0,0.21,0.0,0.0,1.0,5.13,5.0,5.09,2.0,0.06,0.0,0.0,0.48,0.51,0.5,6.59,0.59,0.47,1.68,0.21,3.6,2.44,0.56,0.58,0.55,7.0,2.0,3.0,12.0,0.0,0.0,0.0,2.0,0.0,6.0,1.0,7.0,9.0,3.0,6.0,8.0,4.0,0.0,3.0,7.0,1.0,1.0,0.24,0.14,0.21,0.0,0.0,0.0,11.8,9.0,9.1,1.0,0.1,0.0,0.0,0.69,0.68,0.64
84781788483398,2025,Carlile-Raddysh,TBL,pairing,5on5,17,1612.0,127.0,0.23,0.37,0.37,7.22,0.41,0.4,1.72,0.23,3.96,3.28,0.4,0.42,0.42,6.0,4.0,8.0,18.0,1.0,1.0,0.0,1.0,0.0,2.0,5.0,5.0,9.0,4.0,8.0,3.0,10.0,2.0,8.0,9.0,1.0,0.0,0.3,0.1,0.0,1.0,0.0,0.0,19.22,10.0,10.29,7.0,0.08,0.02,0.02,0.46,0.48,0.48,12.7,1.39,0.75,3.17,0.41,6.38,4.89,1.38,1.35,1.34,13.0,4.0,14.0,31.0,2.0,1.0,0.0,4.0,0.0,7.0,3.0,11.0,15.0,0.0,0.0,1.0,4.0,4.0,1.0,12.0,3.0,2.0,0.34,0.36,0.69,2.0,0.0,0.0,29.65,17.0,16.66,0.0,0.16,0.47,0.47,1.08,1.05,1.04
847741684774268483752,2025,Paul-James-Bjorkstrand,TBL,line,5on5,7,1996.0,51.0,0.51,0.51,0.49,17.14,1.38,1.13,4.88,0.58,8.84,6.17,1.28,1.47,1.35,15.0,8.0,11.0,34.0,1.0,4.0,0.0,4.0,1.0,4.0,9.0,14.0,22.0,2.0,4.0,10.0,11.0,2.0,12.0,19.0,2.0,2.0,0.55,0.33,0.5,0.0,1.0,0.0,35.08,23.0,23.26,3.0,0.24,0.7,0.7,0.93,0.96,0.94,18.13,1.33,1.09,4.89,0.54,9.49,6.66,1.32,1.28,1.27,13.0,11.0,9.0,33.0,2.0,1.0,0.0,6.0,0.0,6.0,9.0,11.0,22.0,2.0,4.0,21.0,15.0,4.0,12.0,19.0,3.0,2.0,0.48,0.34,0.52,1.0,1.0,0.0,31.41,24.0,22.94,5.0,0.23,0.13,0.13,1.43,1.38,1.37
847638984773808484210,2025,Brodzinski-Trocheck-Perreault,NYR,line,5on5,2,719.0,8.0,0.26,0.41,0.33,3.94,0.36,0.22,1.44,0.14,1.69,1.14,0.34,0.39,0.37,5.0,0.0,4.0,9.0,1.0,1.0,1.0,1.0,0.0,0.0,2.0,4.0,4.0,2.0,4.0,9.0,2.0,1.0,1.0,4.0,0.0,1.0,0.14,0.0,0.22,0.0,0.0,1.0,9.08,5.0,5.14,0.0,0.05,0.22,0.22,0.19,0.2,0.19,7.79,1.01,0.48,2.02,0.25,3.57,2.67,0.95,0.99,0.94,7.0,3.0,3.0,13.0,1.0,2.0,1.0,1.0,0.0,2.0,4.0,6.0,9.0,1.0,2.0,6.0,3.0,0.0,3.0,7.0,1.0,2.0,0.22,0.17,0.62,0.0,1.0,0.0,13.08,10.0,10.17,2.0,0.1,0.54,0.54,0.57,0.55,0.55
84775068477950,2025,Deangelo-Pulock,NYI,pairing,5on5,30,1769.0,261.0,0.29,0.46,0.45,14.95,0.78,0.81,3.81,0.48,8.42,6.7,0.77,0.77,0.76,14.0,7.0,6.0,27.0,1.0,0.0,0.0,2.0,0.0,9.0,9.0,13.0,20.0,0.0,0.0,4.0,9.0,0.0,11.0,18.0,3.0,0.0,0.47,0.31,0.0,1.0,0.0,0.0,26.68,21.0,20.76,6.0,0.16,0.0,0.0,0.95,0.94,0.92,19.5,1.93,1.35,5.06,0.66,10.0,7.0,1.77,1.99,1.83,16.0,10.0,6.0,32.0,1.0,5.0,0.0,4.0,0.0,5.0,11.0,15.0,25.0,3.0,6.0,1.0,7.0,1.0,5.0,16.0,9.0,1.0,0.42,1.25,0.26,0.0,1.0,0.0,32.45,26.0,26.17,1.0,0.29,0.79,0.79,1.42,1.45,1.44
84735078482131,2025,Sebrango-Petry,FLA,pairing,5on5,8,5663.0,22.0,0.53,0.47,0.49,50.93,4.31,3.62,12.78,1.89,27.58,19.81,4.22,4.33,4.24,41.0,29.0,25.0,95.0,4.0,6.0,1.0,10.0,0.0,26.0,24.0,37.0,66.0,8.0,22.0,46.0,51.0,2.0,30.0,53.0,12.0,5.0,1.5,1.53,1.29,2.0,1.0,1.0,93.91,70.0,69.1,19.0,0.75,1.12,1.12,3.94,3.94,3.9,53.44,3.79,3.32,12.91,1.77,28.51,22.69,3.7,3.76,3.67,47.0,26.0,34.0,107.0,3.0,4.0,0.0,12.0,0.0,22.0,32.0,44.0,70.0,11.0,28.0,46.0,53.0,6.0,26.0,60.0,10.0,3.0,1.57,1.31,0.91,1.0,2.0,0.0,106.52,73.0,73.0,15.0,0.69,0.91,0.91,3.57,3.58,3.52
84770188478396,2025,Hanifin-Hutton,VGK,pairing,5on5,12,5086.0,49.0,0.63,0.46,0.5,48.61,6.23,3.64,11.67,1.64,25.07,17.75,5.42,5.97,5.21,47.0,19.0,13.0,79.0,6.0,12.0,3.0,8.0,0.0,26.0,14.0,41.0,60.0,2.0,7.0,38.0,25.0,4.0,21.0,42.0,17.0,7.0,1.25,2.23,2.76,2.0,1.0,3.0,75.25,66.0,64.18,11.0,0.77,3.27,3.27,3.74,3.6,3.52,46.86,3.65,3.39,12.3,1.69,26.22,18.75,3.44,3.68,3.47,39.0,27.0,26.0,92.0,5.0,8.0,0.0,6.0,0.0,27.0,20.0,34.0,61.0,9.0,18.0,42.0,32.0,7.0,26.0,52.0,10.0,4.0,1.41,1.25,0.99,3.0,2.0,0.0,92.02,66.0,66.25,12.0,0.71,1.14,1.14,3.22,3.27,3.16
847750384780578478462,2025,Domi-Roy-Joshua,TOR,line,5on5,7,640.0,97.0,0.42,0.37,0.45,3.96,0.35,0.32,0.92,0.11,2.04,1.26,0.35,0.34,0.34,4.0,1.0,2.0,7.0,0.0,0.0,0.0,1.0,0.0,2.0,2.0,4.0,5.0,2.0,4.0,8.0,6.0,1.0,4.0,3.0,2.0,0.0,0.08,0.27,0.0,0.0,0.0,0.0,6.62,5.0,4.76,1.0,0.07,0.0,0.0,0.42,0.4,0.4,4.33,0.48,0.34,0.95,0.13,2.27,1.83,0.45,0.52,0.49,4.0,2.0,6.0,12.0,0.0,1.0,0.0,0.0,0.0,2.0,3.0,4.0,6.0,0.0,0.0,5.0,4.0,2.0,2.0,4.0,1.0,1.0,0.11,0.12,0.25,0.0,0.0,0.0,13.15,6.0,6.49,1.0,0.07,0.25,0.25,0.3,0.32,0.32
848275184828748483570,2025,Winterton-Meyers-Melanson,SEA,line,5on5,4,1659.0,15.0,0.74,0.61,0.64,21.95,2.2,1.53,5.17,0.71,11.16,8.23,2.14,2.27,2.2,23.0,6.0,7.0,36.0,2.0,3.0,0.0,3.0,0.0,11.0,10.0,21.0,27.0,0.0,0.0,8.0,11.0,2.0,8.0,20.0,6.0,3.0,0.63,0.72,0.84,0.0,2.0,0.0,38.31,29.0,30.49,4.0,0.32,0.68,0.68,1.84,1.91,1.88,11.31,0.78,0.71,3.28,0.43,6.27,4.53,0.72,0.77,0.71,11.0,5.0,7.0,23.0,0.0,1.0,0.0,6.0,0.0,8.0,1.0,11.0,16.0,1.0,2.0,9.0,16.0,3.0,7.0,14.0,0.0,2.0,0.32,0.0,0.46,0.0,0.0,0.0,22.55,16.0,15.77,4.0,0.15,0.23,0.23,0.7,0.69,0.68
84764228480336,2025,Reilly-Walker,CAR,pairing,5on5,21,1900.0,166.0,0.62,0.62,0.57,23.57,1.94,1.35,6.51,0.79,12.65,9.76,1.78,2.01,1.84,19.0,14.0,11.0,44.0,3.0,5.0,0.0,7.0,0.0,10.0,8.0,16.0,30.0,1.0,4.0,15.0,10.0,1.0,7.0,25.0,6.0,2.0,0.53,0.79,0.62,2.0,1.0,0.0,45.67,33.0,33.8,2.0,0.28,1.06,1.06,1.15,1.19,1.17,17.94,1.19,1.09,5.18,0.64,9.49,7.41,1.16,1.15,1.13,13.0,12.0,2.0,27.0,2.0,1.0,0.0,2.0,0.0,13.0,7.0,11.0,23.0,3.0,8.0,12.0,24.0,3.0,7.0,21.0,4.0,0.0,0.66,0.53,0.0,0.0,2.0,0.0,25.08,25.0,23.31,4.0,0.23,0.04,0.04,1.38,1.34,1.3
84763318480049,2025,Samberg-Demelo,WPG,pairing,5on5,22,4410.0,130.0,0.62,0.6,0.64,46.3,4.38,3.07,10.9,1.46,23.48,18.72,4.04,4.41,4.07,48.0,14.0,19.0,81.0,5.0,5.0,1.0,9.0,0.0,26.0,17.0,43.0,57.0,5.0,10.0,38.0,39.0,9.0,16.0,44.0,13.0,5.0,1.12,1.58,1.68,1.0,3.0,1.0,80.4,62.0,61.82,9.0,0.64,1.61,1.61,3.41,3.4,3.29,26.14,2.65,1.82,6.97,0.83,12.98,9.75,2.35,2.76,2.43,24.0,11.0,19.0,54.0,2.0,6.0,0.0,7.0,0.0,10.0,10.0,22.0,33.0,3.0,6.0,27.0,27.0,3.0,18.0,23.0,7.0,5.0,0.63,0.76,1.26,2.0,0.0,0.0,54.81,35.0,35.86,7.0,0.38,1.3,1.3,1.74,1.8,1.75
848269984834318484388,2025,But-Cooley-Guenther,UTA,line,5on5,2,1204.0,5.0,0.47,0.48,0.53,15.9,1.51,1.05,4.0,0.52,8.03,5.89,1.38,1.63,1.49,13.0,8.0,5.0,26.0,1.0,3.0,0.0,3.0,0.0,7.0,7.0,12.0,20.0,2.0,4.0,9.0,6.0,1.0,9.0,16.0,3.0,2.0,0.59,0.35,0.57,0.0,1.0,0.0,29.16,21.0,23.17,3.0,0.22,0.65,0.65,1.08,1.19,1.17,14.17,1.69,1.16,3.58,0.51,7.1,4.96,1.55,1.56,1.44,12.0,7.0,9.0,28.0,0.0,3.0,0.0,3.0,0.0,10.0,3.0,12.0,19.0,0.0,0.0,8.0,1.0,1.0,8.0,10.0,7.0,2.0,0.25,0.94,0.5,0.0,0.0,0.0,25.73,19.0,17.52,5.0,0.24,0.59,0.59,1.33,1.24,1.22
847843884808428485414,2025,Hallander-Kindel-Novak,PIT,line,5on5,5,2260.0,18.0,0.61,0.5,0.56,26.14,2.77,2.01,6.77,0.88,12.63,8.94,2.41,2.78,2.4,27.0,7.0,9.0,43.0,2.0,7.0,0.0,4.0,0.0,10.0,11.0,25.0,32.0,3.0,6.0,12.0,10.0,4.0,18.0,23.0,7.0,4.0,0.7,1.02,1.05,2.0,0.0,0.0,43.19,34.0,34.5,12.0,0.43,1.39,1.39,1.81,1.78,1.72,20.7,1.79,1.29,5.41,0.64,10.54,7.32,1.72,1.85,1.76,18.0,9.0,16.0,43.0,1.0,2.0,0.0,9.0,0.0,11.0,4.0,17.0,26.0,5.0,10.0,19.0,23.0,4.0,10.0,21.0,3.0,3.0,0.65,0.45,0.7,1.0,0.0,0.0,43.04,27.0,26.74,3.0,0.27,0.3,0.3,1.76,1.79,1.77
847639384802088482116,2025,Cousins-Sttzle-Batherson,OTT,line,5on5,16,3419.0,131.0,0.5,0.58,0.56,34.88,2.55,2.35,8.38,1.1,19.63,13.99,2.49,2.63,2.57,24.0,24.0,20.0,68.0,5.0,1.0,1.0,4.0,0.0,23.0,15.0,19.0,43.0,4.0,11.0,21.0,31.0,6.0,15.0,35.0,12.0,1.0,0.79,1.44,0.33,3.0,1.0,1.0,68.29,48.0,48.33,8.0,0.49,0.33,0.33,2.71,2.77,2.74,27.37,2.54,1.88,6.66,0.94,14.51,10.46,2.35,2.53,2.33,19.0,18.0,13.0,50.0,3.0,3.0,0.0,3.0,0.0,19.0,9.0,16.0,34.0,7.0,17.0,20.0,28.0,7.0,18.0,28.0,7.0,2.0,0.98,0.91,0.65,1.0,1.0,1.0,48.69,37.0,35.85,11.0,0.4,0.54,0.54,2.39,2.36,2.19
847851984795428482201,2025,Hagel-Cirelli-Goncalves,TBL,line,5on5,13,1313.0,119.0,0.43,0.51,0.5,9.68,0.73,0.62,2.56,0.32,5.11,3.67,0.72,0.71,0.7,10.0,3.0,11.0,24.0,0.0,3.0,0.0,1.0,0.0,6.0,3.0,10.0,13.0,2.0,4.0,10.0,12.0,2.0,10.0,9.0,4.0,0.0,0.34,0.39,0.0,0.0,0.0,0.0,23.64,13.0,12.88,5.0,0.13,0.21,0.21,0.65,0.63,0.63,9.9,0.97,0.57,2.41,0.3,4.81,3.95,0.88,1.01,0.92,9.0,4.0,10.0,23.0,1.0,1.0,1.0,2.0,0.0,3.0,6.0,8.0,12.0,0.0,0.0,7.0,12.0,2.0,4.0,10.0,1.0,2.0,0.3,0.09,0.57,0.0,0.0,1.0,23.22,13.0,13.35,4.0,0.12,0.26,0.26,0.82,0.85,0.85
847519184793538483890,2025,Bowman-Howden-Smith,VGK,line,5on5,8,2503.0,58.0,0.62,0.47,0.4,16.42,2.15,1.21,3.88,0.62,7.7,5.46,2.07,2.14,2.06,11.0,10.0,11.0,32.0,3.0,2.0,0.0,3.0,0.0,7.0,6.0,8.0,18.0,2.0,4.0,20.0,17.0,6.0,17.0,12.0,6.0,3.0,0.49,0.87,0.78,2.0,1.0,0.0,32.19,21.0,21.38,9.0,0.26,0.43,0.43,1.98,1.96,1.96,21.54,1.31,1.41,4.88,0.72,13.22,9.47,1.29,1.33,1.31,16.0,15.0,5.0,36.0,6.0,1.0,0.0,3.0,0.0,13.0,8.0,10.0,25.0,2.0,4.0,22.0,17.0,4.0,8.0,25.0,6.0,0.0,0.69,0.62,0.0,5.0,1.0,0.0,36.9,31.0,31.65,4.0,0.29,0.19,0.19,1.41,1.45,1.44
847645984785508479390,2025,Panarin-Zibanejad-Raddysh,NYR,line,5on5,11,1444.0,124.0,0.58,0.5,0.49,13.08,1.09,0.74,3.06,0.41,7.03,5.66,1.09,1.1,1.09,11.0,7.0,7.0,25.0,1.0,2.0,0.0,2.0,0.0,3.0,10.0,10.0,17.0,2.0,4.0,9.0,5.0,2.0,4.0,15.0,2.0,1.0,0.44,0.25,0.4,1.0,0.0,0.0,26.14,18.0,18.66,1.0,0.15,0.65,0.4,0.84,0.87,0.87,13.64,0.78,0.72,3.49,0.44,7.65,5.92,0.77,0.77,0.77,11.0,8.0,6.0,25.0,1.0,1.0,0.0,2.0,0.0,4.0,11.0,10.0,18.0,1.0,2.0,8.0,7.0,3.0,4.0,16.0,3.0,0.0,0.31,0.46,0.0,0.0,1.0,0.0,24.61,19.0,19.07,1.0,0.15,0.16,0.16,0.77,0.76,0.75
847887384800688481754,2025,Nesterenko-Poehling-Terry,ANA,line,5on5,7,1253.0,78.0,0.79,0.65,0.67,13.84,1.53,0.85,3.75,0.46,6.4,5.02,1.5,1.42,1.39,15.0,3.0,4.0,22.0,1.0,2.0,0.0,2.0,0.0,7.0,6.0,14.0,17.0,0.0,0.0,13.0,9.0,2.0,8.0,13.0,2.0,3.0,0.46,0.24,0.83,0.0,0.0,1.0,20.52,18.0,16.94,5.0,0.18,0.24,0.24,1.46,1.37,1.36,6.17,0.41,0.42,1.54,0.19,3.81,2.62,0.41,0.43,0.43,7.0,2.0,3.0,12.0,1.0,0.0,0.0,2.0,0.0,3.0,3.0,6.0,8.0,0.0,0.0,8.0,8.0,0.0,12.0,7.0,2.0,0.0,0.15,0.27,0.0,1.0,0.0,0.0,12.65,9.0,9.4,8.0,0.09,0.0,0.0,0.5,0.53,0.52
84815688481806,2025,Vlasic-Crevier,CHI,pairing,5on5,40,19160.0,168.0,0.45,0.5,0.49,153.47,11.93,9.88,40.11,5.41,84.72,60.96,11.67,11.78,11.51,126.0,87.0,83.0,296.0,10.0,24.0,1.0,31.0,0.0,69.0,79.0,116.0,203.0,21.0,42.0,157.0,109.0,24.0,82.0,166.0,35.0,12.0,4.47,4.38,3.07,5.0,3.0,2.0,291.96,213.0,209.15,49.0,2.04,3.54,3.18,10.79,10.61,10.52,167.45,14.3,11.27,40.57,5.39,86.82,65.66,13.64,14.26,13.61,140.0,84.0,75.0,299.0,19.0,19.0,7.0,25.0,0.0,77.0,84.0,121.0,205.0,16.0,34.0,171.0,129.0,28.0,102.0,170.0,41.0,13.0,5.23,4.92,4.15,9.0,4.0,6.0,299.74,224.0,223.49,48.0,2.36,4.61,4.61,12.04,12.0,11.85
84769678478013,2025,Walman-Kulak,EDM,pairing,5on5,9,1001.0,67.0,0.28,0.56,0.44,7.72,0.42,0.46,1.8,0.27,4.58,3.46,0.42,0.41,0.4,4.0,7.0,8.0,19.0,0.0,0.0,0.0,0.0,0.0,5.0,6.0,4.0,11.0,2.0,4.0,9.0,2.0,1.0,5.0,10.0,1.0,0.0,0.32,0.1,0.0,0.0,0.0,0.0,17.49,11.0,10.37,2.0,0.09,0.0,0.0,0.52,0.49,0.49,10.48,1.09,0.69,2.42,0.34,5.29,4.18,1.06,1.16,1.14,9.0,5.0,1.0,15.0,3.0,1.0,1.0,1.0,0.0,5.0,4.0,6.0,11.0,1.0,2.0,6.0,1.0,1.0,5.0,12.0,1.0,1.0,0.57,0.18,0.34,2.0,0.0,1.0,16.2,14.0,14.99,2.0,0.14,0.34,0.34,0.89,0.97,0.96
847842184793168479981,2025,Greer-Kunin-Gadjovich,FLA,line,5on5,9,3148.0,31.0,0.51,0.4,0.4,16.32,1.25,1.07,4.4,0.52,8.77,5.98,1.23,1.24,1.22,15.0,7.0,14.0,36.0,2.0,0.0,0.0,9.0,0.0,6.0,5.0,13.0,20.0,8.0,19.0,28.0,52.0,3.0,14.0,17.0,4.0,1.0,0.51,0.49,0.24,1.0,0.0,1.0,36.71,22.0,22.19,7.0,0.23,0.0,0.0,1.47,1.46,1.44,22.32,1.21,1.41,6.53,0.82,13.17,9.86,1.2,1.22,1.21,20.0,13.0,21.0,54.0,1.0,2.0,0.0,3.0,0.0,13.0,14.0,19.0,32.0,6.0,15.0,36.0,31.0,4.0,20.0,31.0,2.0,0.0,0.91,0.3,0.0,0.0,1.0,0.0,54.58,33.0,33.38,5.0,0.29,0.05,0.05,1.45,1.46,1.45
84768548479325,2025,Lindholm-Mcavoy,BOS,pairing,5on5,18,2151.0,135.0,0.51,0.57,0.62,24.55,1.5,1.64,6.49,0.79,13.18,9.39,1.44,1.52,1.45,20.0,13.0,6.0,39.0,2.0,4.0,1.0,5.0,0.0,15.0,7.0,18.0,31.0,3.0,6.0,16.0,17.0,0.0,13.0,27.0,4.0,2.0,0.61,0.4,0.48,1.0,1.0,0.0,37.69,33.0,32.62,8.0,0.34,0.46,0.46,1.38,1.4,1.37,15.32,1.46,0.98,3.99,0.54,7.34,5.7,1.4,1.51,1.45,12.0,8.0,9.0,29.0,1.0,2.0,0.0,3.0,0.0,5.0,9.0,11.0,19.0,2.0,4.0,11.0,14.0,2.0,6.0,13.0,6.0,1.0,0.32,0.93,0.21,1.0,0.0,0.0,30.36,20.0,20.62,2.0,0.21,0.34,0.34,1.32,1.37,1.32
84754558477488,2025,Dillon-Pesce,NJD,pairing,5on5,15,1169.0,101.0,0.46,0.48,0.47,6.84,0.65,0.42,1.41,0.21,3.47,2.83,0.65,0.68,0.68,8.0,1.0,5.0,14.0,1.0,1.0,0.0,0.0,0.0,3.0,4.0,7.0,8.0,2.0,4.0,4.0,10.0,0.0,3.0,7.0,2.0,0.0,0.3,0.35,0.0,0.0,1.0,0.0,14.94,9.0,9.55,0.0,0.09,0.1,0.0,0.74,0.78,0.78,7.8,0.76,0.56,1.55,0.23,3.89,3.0,0.76,0.76,0.76,9.0,1.0,5.0,15.0,3.0,0.0,0.0,2.0,0.0,2.0,3.0,6.0,7.0,0.0,0.0,5.0,7.0,2.0,6.0,6.0,3.0,1.0,0.2,0.28,0.29,2.0,1.0,0.0,14.72,10.0,9.96,3.0,0.12,0.0,0.0,0.88,0.87,0.87
847745684788918481013,2025,Appleton-Compher-Berggren,DET,line,5on5,5,872.0,46.0,0.38,0.52,0.31,2.93,0.14,0.18,0.69,0.08,1.68,1.23,0.14,0.15,0.15,2.0,2.0,7.0,11.0,0.0,0.0,0.0,0.0,0.0,2.0,2.0,2.0,4.0,0.0,0.0,7.0,5.0,1.0,4.0,4.0,0.0,0.0,0.14,0.0,0.0,0.0,0.0,0.0,10.75,4.0,4.02,1.0,0.04,0.0,0.0,0.18,0.18,0.18,5.79,0.23,0.35,1.4,0.2,3.94,2.88,0.22,0.23,0.22,3.0,6.0,1.0,10.0,1.0,0.0,0.0,1.0,0.0,3.0,4.0,2.0,8.0,1.0,2.0,4.0,7.0,1.0,3.0,9.0,0.0,0.0,0.23,0.0,0.0,1.0,0.0,0.0,9.7,9.0,8.78,1.0,0.07,0.0,0.0,0.3,0.3,0.29
847842084800278482740,2025,Robertson-Johnston-Rantanen,DAL,line,5on5,33,4482.0,266.0,0.58,0.56,0.57,51.1,4.97,3.51,11.91,1.71,27.64,20.27,4.82,4.89,4.75,51.0,19.0,23.0,93.0,7.0,8.0,0.0,11.0,0.0,25.0,19.0,44.0,63.0,2.0,4.0,26.0,18.0,6.0,20.0,48.0,18.0,4.0,1.9,2.17,0.9,3.0,4.0,0.0,91.29,70.0,68.51,13.0,0.73,1.15,1.15,4.56,4.5,4.45,39.29,3.57,2.5,9.86,1.33,20.32,15.42,3.51,3.66,3.6,41.0,12.0,19.0,72.0,2.0,5.0,0.0,9.0,0.0,17.0,20.0,39.0,51.0,7.0,14.0,28.0,27.0,12.0,20.0,37.0,12.0,4.0,1.2,1.44,0.93,1.0,1.0,0.0,73.89,53.0,54.74,9.0,0.52,0.49,0.49,3.59,3.68,3.63
847574584774258480806,2025,Wood-Coyle-Lundestrm,CBJ,line,5on5,9,4080.0,43.0,0.49,0.47,0.45,35.38,3.49,2.26,8.83,1.22,17.8,12.4,3.33,3.51,3.36,32.0,14.0,13.0,59.0,5.0,5.0,1.0,11.0,0.0,12.0,13.0,27.0,41.0,4.0,8.0,39.0,33.0,8.0,21.0,32.0,11.0,3.0,1.01,1.57,0.9,1.0,4.0,0.0,59.0,46.0,46.57,12.0,0.48,1.01,1.01,2.95,2.99,2.94,40.89,3.59,2.7,10.08,1.4,21.95,16.28,3.48,3.58,3.47,32.0,24.0,11.0,67.0,6.0,4.0,0.0,8.0,1.0,20.0,17.0,26.0,50.0,5.0,10.0,45.0,22.0,2.0,24.0,45.0,7.0,4.0,1.48,0.96,1.15,6.0,0.0,0.0,66.65,56.0,55.49,8.0,0.56,1.06,1.06,3.09,3.1,3.03
84821118482482,2025,Wilsby-Barron,NSH,pairing,5on5,7,677.0,46.0,0.87,0.63,0.67,5.98,0.55,0.4,1.75,0.21,2.94,2.15,0.5,0.53,0.48,7.0,1.0,2.0,10.0,0.0,0.0,0.0,0.0,0.0,5.0,3.0,7.0,8.0,1.0,2.0,3.0,4.0,2.0,4.0,5.0,3.0,0.0,0.2,0.35,0.0,0.0,0.0,0.0,9.74,8.0,7.74,3.0,0.08,0.0,0.0,0.63,0.61,0.55,2.71,0.08,0.15,0.68,0.08,1.72,1.28,0.08,0.09,0.09,2.0,2.0,2.0,6.0,0.0,0.0,0.0,0.0,0.0,1.0,3.0,2.0,4.0,1.0,2.0,2.0,1.0,2.0,2.0,4.0,0.0,0.0,0.08,0.0,0.0,0.0,0.0,0.0,6.74,4.0,4.37,2.0,0.03,0.0,0.0,0.11,0.12,0.12
847936584814918483512,2025,Frederic-Philp-Savoie,EDM,line,5on5,2,622.0,16.0,0.47,0.25,0.3,2.23,0.17,0.14,0.54,0.07,1.16,0.93,0.17,0.17,0.17,3.0,0.0,0.0,3.0,0.0,0.0,0.0,0.0,0.0,1.0,2.0,3.0,3.0,0.0,0.0,3.0,5.0,1.0,3.0,2.0,1.0,0.0,0.04,0.13,0.0,0.0,0.0,0.0,3.17,3.0,3.16,3.0,0.03,0.0,0.0,0.2,0.21,0.21,5.13,0.19,0.27,1.62,0.17,2.52,2.23,0.18,0.17,0.17,6.0,1.0,2.0,9.0,1.0,1.0,0.0,3.0,0.0,1.0,1.0,5.0,6.0,1.0,2.0,8.0,6.0,0.0,3.0,7.0,0.0,0.0,0.19,0.0,0.0,1.0,0.0,0.0,8.55,7.0,6.62,0.0,0.06,0.04,0.04,0.2,0.19,0.19
84764298484287,2025,Mayfield-Mcward,NYI,pairing,5on5,1,791.0,3.0,0.19,0.29,0.33,4.33,0.22,0.28,1.18,0.14,2.4,1.77,0.22,0.21,0.21,5.0,1.0,0.0,6.0,0.0,0.0,0.0,1.0,0.0,1.0,4.0,5.0,6.0,0.0,0.0,5.0,5.0,2.0,6.0,5.0,1.0,0.0,0.14,0.09,0.0,0.0,0.0,0.0,5.77,6.0,5.79,3.0,0.06,0.0,0.0,0.28,0.27,0.27,8.85,0.96,0.62,1.8,0.29,4.61,3.71,0.96,1.02,1.01,9.0,3.0,3.0,15.0,2.0,0.0,0.0,0.0,0.0,4.0,6.0,7.0,10.0,0.0,0.0,8.0,11.0,0.0,4.0,8.0,3.0,1.0,0.34,0.42,0.21,0.0,1.0,1.0,15.38,12.0,12.3,0.0,0.13,0.0,0.0,1.09,1.15,1.15
847168584779608483808,2025,Kuzmenko-Kopitar-Kempe,LAK,line,5on5,15,5848.0,71.0,0.49,0.47,0.5,46.11,4.14,3.01,11.76,1.63,24.43,18.05,3.89,4.29,4.03,42.0,21.0,30.0,93.0,3.0,5.0,0.0,9.0,0.0,20.0,26.0,39.0,60.0,5.0,10.0,44.0,41.0,10.0,37.0,44.0,16.0,3.0,1.31,1.84,0.98,2.0,1.0,0.0,94.12,63.0,64.17,14.0,0.63,1.13,1.13,3.63,3.77,3.71,47.33,4.34,3.09,12.34,1.59,23.81,17.82,4.08,4.35,4.08,40.0,23.0,41.0,104.0,1.0,7.0,0.0,7.0,0.0,22.0,26.0,39.0,62.0,5.0,10.0,46.0,32.0,7.0,25.0,42.0,17.0,4.0,1.31,1.88,1.15,0.0,1.0,0.0,104.46,63.0,63.07,13.0,0.65,1.44,1.44,3.55,3.53,3.46
847749784827058484214,2025,Sillinger-Monahan-Pinelli,CBJ,line,5on5,3,1558.0,8.0,0.55,0.53,0.54,14.9,1.69,1.1,3.72,0.52,7.41,5.57,1.6,1.61,1.53,16.0,4.0,6.0,26.0,1.0,2.0,1.0,3.0,0.0,10.0,4.0,15.0,19.0,0.0,0.0,15.0,7.0,3.0,8.0,14.0,3.0,3.0,0.52,0.36,0.81,0.0,0.0,1.0,25.12,20.0,19.52,5.0,0.23,0.61,0.61,1.31,1.25,1.23,13.1,1.37,1.05,3.04,0.42,6.45,4.67,1.26,1.42,1.31,12.0,5.0,6.0,23.0,1.0,2.0,0.0,2.0,0.0,7.0,5.0,11.0,16.0,0.0,0.0,7.0,10.0,3.0,7.0,11.0,4.0,2.0,0.34,0.53,0.51,0.0,1.0,0.0,23.77,17.0,17.59,2.0,0.22,0.34,0.34,1.25,1.29,1.25
847531484764198478445,2025,Lee-Barzal-Pageau,NYI,line,5on5,10,1585.0,101.0,0.54,0.53,0.52,20.21,1.46,1.35,5.49,0.71,11.1,7.89,1.37,1.43,1.35,19.0,9.0,9.0,37.0,0.0,2.0,0.0,6.0,0.0,14.0,6.0,19.0,28.0,0.0,0.0,18.0,3.0,2.0,6.0,22.0,5.0,1.0,0.57,0.62,0.27,0.0,0.0,0.0,36.69,28.0,27.51,3.0,0.28,0.28,0.28,1.46,1.42,1.35,19.34,1.25,1.17,4.97,0.63,10.15,7.83,1.19,1.34,1.27,15.0,11.0,7.0,33.0,2.0,1.0,0.0,5.0,0.0,12.0,6.0,13.0,24.0,1.0,2.0,13.0,7.0,1.0,15.0,20.0,6.0,0.0,0.57,0.68,0.0,2.0,0.0,0.0,34.7,26.0,27.17,6.0,0.25,0.16,0.16,1.34,1.43,1.37
847516984807488482691,2025,Kane-Raty-Sherwood,VAN,line,5on5,18,2585.0,202.0,0.39,0.5,0.5,22.66,2.02,1.47,5.67,0.74,11.94,9.15,2.0,2.01,1.99,16.0,15.0,9.0,40.0,3.0,2.0,0.0,2.0,0.0,12.0,12.0,13.0,28.0,3.0,6.0,28.0,34.0,6.0,15.0,24.0,5.0,2.0,0.75,0.71,0.57,2.0,0.0,1.0,38.96,31.0,30.07,8.0,0.31,0.45,0.45,1.87,1.85,1.83,24.34,3.15,1.63,5.98,0.8,11.01,8.42,2.84,3.17,2.86,20.0,11.0,9.0,40.0,2.0,7.0,1.0,4.0,0.0,6.0,12.0,18.0,29.0,4.0,8.0,16.0,13.0,4.0,12.0,17.0,9.0,5.0,0.46,1.24,1.45,0.0,1.0,1.0,40.85,31.0,31.97,3.0,0.35,1.75,1.75,1.74,1.75,1.7
848000984835248484800,2025,Catton-Wright-Tolvanen,SEA,line,5on5,8,1528.0,68.0,0.61,0.52,0.59,13.85,0.76,0.79,4.12,0.41,7.72,5.2,0.73,0.74,0.71,10.0,9.0,5.0,24.0,1.0,1.0,0.0,6.0,0.0,5.0,6.0,9.0,18.0,1.0,2.0,10.0,8.0,1.0,4.0,18.0,0.0,1.0,0.46,0.0,0.29,1.0,0.0,0.0,23.89,19.0,19.0,2.0,0.16,0.29,0.29,0.63,0.62,0.6,9.06,0.48,0.55,2.37,0.31,5.45,3.83,0.48,0.49,0.49,9.0,4.0,9.0,22.0,1.0,1.0,0.0,1.0,0.0,4.0,6.0,8.0,12.0,1.0,2.0,11.0,7.0,5.0,6.0,11.0,2.0,0.0,0.24,0.24,0.0,0.0,1.0,0.0,22.52,13.0,13.37,4.0,0.11,0.02,0.02,0.57,0.59,0.59
84768548480035,2025,Lindholm-Jokiharju,BOS,pairing,5on5,15,4829.0,79.0,0.51,0.55,0.53,42.34,3.15,2.68,10.56,1.49,23.29,17.83,3.09,3.16,3.11,35.0,24.0,22.0,81.0,4.0,2.0,0.0,8.0,0.0,22.0,23.0,31.0,55.0,4.0,8.0,43.0,36.0,5.0,16.0,46.0,9.0,4.0,1.3,0.89,0.95,3.0,1.0,0.0,78.84,59.0,57.94,10.0,0.55,0.23,0.23,3.47,3.51,3.46,39.5,3.07,2.6,10.43,1.25,20.78,14.87,3.0,3.08,3.01,37.0,16.0,13.0,66.0,6.0,3.0,1.0,11.0,0.0,13.0,20.0,31.0,47.0,3.0,6.0,43.0,33.0,4.0,22.0,42.0,9.0,2.0,1.25,1.23,0.58,4.0,1.0,1.0,66.35,53.0,53.39,13.0,0.54,0.67,0.67,2.94,2.94,2.9
84772208480084,2025,Schmidt-Desimone,UTA,pairing,5on5,15,1265.0,127.0,0.6,0.47,0.52,9.46,0.8,0.5,2.15,0.28,4.55,3.72,0.8,0.8,0.8,8.0,4.0,3.0,15.0,2.0,0.0,0.0,3.0,0.0,3.0,4.0,6.0,10.0,0.0,0.0,7.0,12.0,0.0,8.0,9.0,2.0,1.0,0.27,0.28,0.25,2.0,0.0,0.0,14.73,12.0,11.81,4.0,0.1,0.0,0.0,0.9,0.9,0.9,8.28,0.53,0.51,2.08,0.26,4.28,3.34,0.53,0.54,0.54,8.0,3.0,6.0,17.0,0.0,1.0,0.0,3.0,0.0,0.0,7.0,8.0,11.0,0.0,0.0,7.0,6.0,2.0,8.0,9.0,2.0,0.0,0.25,0.28,0.0,0.0,0.0,0.0,17.07,11.0,11.03,4.0,0.1,0.16,0.16,0.47,0.47,0.47
84769068478970,2025,Gostisbehere-Chatfield,CAR,pairing,5on5,20,12138.0,81.0,0.48,0.58,0.56,119.66,8.11,7.3,31.9,4.12,67.25,47.33,7.93,8.03,7.85,102.0,64.0,53.0,219.0,12.0,5.0,1.0,37.0,0.0,58.0,54.0,90.0,154.0,14.0,31.0,110.0,66.0,20.0,56.0,140.0,22.0,4.0,4.23,2.77,1.1,6.0,6.0,0.0,217.83,166.0,164.37,26.0,1.52,0.79,0.79,8.83,8.69,8.58,97.24,8.74,6.69,24.12,3.25,50.33,37.87,8.27,8.97,8.47,71.0,60.0,27.0,158.0,8.0,15.0,1.0,18.0,1.0,40.0,49.0,63.0,123.0,14.0,31.0,113.0,84.0,16.0,58.0,92.0,28.0,11.0,2.32,3.39,3.03,2.0,5.0,1.0,160.85,131.0,133.71,36.0,1.41,2.59,2.59,7.56,7.8,7.62
847794984794208480802,2025,Mcleod-Thompson-Tuch,BUF,line,5on5,7,2229.0,67.0,0.59,0.46,0.46,18.13,1.88,1.09,4.16,0.55,9.12,7.2,1.86,1.91,1.89,18.0,6.0,6.0,30.0,4.0,2.0,2.0,3.0,0.0,7.0,8.0,14.0,20.0,1.0,2.0,22.0,7.0,3.0,23.0,16.0,6.0,2.0,0.5,0.73,0.65,1.0,2.0,1.0,29.75,24.0,23.7,9.0,0.22,0.54,0.54,1.57,1.59,1.58,20.42,1.3,1.23,5.59,0.64,11.31,7.93,1.26,1.28,1.25,16.0,12.0,7.0,35.0,3.0,2.0,1.0,4.0,0.0,9.0,10.0,13.0,25.0,2.0,4.0,28.0,14.0,3.0,15.0,23.0,5.0,0.0,0.56,0.74,0.0,1.0,2.0,0.0,35.41,28.0,28.37,7.0,0.25,0.35,0.35,1.2,1.19,1.17
84775078479325,2025,Zadorov-Mcavoy,BOS,pairing,5on5,28,16240.0,93.0,0.44,0.47,0.47,121.72,10.12,7.85,30.54,4.12,65.96,48.4,9.65,10.04,9.58,108.0,59.0,68.0,235.0,10.0,13.0,2.0,21.0,0.0,67.0,56.0,98.0,157.0,30.0,73.0,144.0,125.0,28.0,81.0,128.0,29.0,10.0,3.61,3.6,2.91,4.0,4.0,2.0,233.58,167.0,165.73,37.0,1.64,2.63,2.87,8.88,8.82,8.66,140.14,13.12,9.3,36.77,4.75,70.57,51.49,12.28,12.94,12.16,120.0,66.0,75.0,261.0,9.0,20.0,1.0,28.0,0.0,65.0,64.0,111.0,177.0,22.0,53.0,133.0,117.0,30.0,55.0,131.0,39.0,16.0,3.7,4.87,4.55,5.0,3.0,1.0,260.49,186.0,185.68,26.0,1.95,4.51,4.51,10.56,10.59,10.35
847783984821578483690,2025,Cuylle-Laba-Sheary,NYR,line,5on5,9,1462.0,71.0,0.38,0.53,0.49,12.33,0.74,0.8,3.53,0.46,7.38,5.09,0.73,0.77,0.76,11.0,7.0,9.0,27.0,0.0,1.0,0.0,3.0,0.0,8.0,6.0,11.0,18.0,2.0,7.0,13.0,17.0,1.0,6.0,15.0,3.0,0.0,0.47,0.28,0.0,0.0,0.0,0.0,27.73,18.0,18.53,2.0,0.17,0.09,0.09,0.81,0.85,0.84,14.24,1.2,0.83,3.47,0.43,7.32,5.75,1.17,1.15,1.13,12.0,7.0,5.0,24.0,0.0,1.0,0.0,6.0,0.0,6.0,6.0,12.0,19.0,4.0,11.0,16.0,13.0,0.0,7.0,15.0,2.0,2.0,0.37,0.22,0.6,0.0,0.0,0.0,23.34,19.0,18.38,4.0,0.17,0.37,0.37,0.99,0.97,0.95
847886484815578482079,2025,Boldy-Rossi-Kaprizov,MIN,line,5on5,13,3021.0,114.0,0.53,0.59,0.53,31.23,2.38,2.08,7.73,1.0,16.88,12.92,2.25,2.44,2.31,21.0,22.0,21.0,64.0,4.0,3.0,0.0,0.0,0.0,17.0,19.0,17.0,39.0,0.0,0.0,21.0,10.0,3.0,15.0,35.0,6.0,2.0,1.04,0.78,0.56,1.0,2.0,1.0,64.93,43.0,43.5,7.0,0.43,0.38,0.38,2.42,2.48,2.39,27.35,2.15,1.71,7.02,0.95,15.05,11.12,2.11,2.15,2.11,26.0,12.0,7.0,45.0,3.0,3.0,0.0,8.0,0.0,7.0,17.0,23.0,35.0,4.0,8.0,19.0,14.0,5.0,19.0,31.0,5.0,2.0,1.0,0.48,0.67,3.0,0.0,0.0,45.1,38.0,38.23,9.0,0.35,0.58,0.58,1.92,1.92,1.91
847790384837338484779,2025,Grebenkin-Luchanko-Hathaway,PHI,line,5on5,4,1458.0,16.0,0.34,0.45,0.5,7.33,0.61,0.6,2.07,0.32,4.43,2.98,0.59,0.61,0.59,6.0,5.0,4.0,15.0,0.0,1.0,0.0,2.0,0.0,5.0,3.0,6.0,11.0,4.0,11.0,10.0,22.0,1.0,7.0,8.0,3.0,0.0,0.27,0.34,0.0,0.0,0.0,0.0,15.9,11.0,11.33,3.0,0.13,0.01,0.01,0.72,0.73,0.71,8.59,1.17,0.67,1.94,0.27,4.07,2.88,1.11,1.22,1.15,7.0,4.0,7.0,18.0,2.0,1.0,1.0,0.0,0.0,3.0,5.0,5.0,9.0,2.0,7.0,10.0,19.0,2.0,8.0,7.0,2.0,2.0,0.28,0.31,0.58,0.0,1.0,1.0,18.98,11.0,11.66,3.0,0.15,0.36,0.36,0.96,0.98,0.97
84779488482142,2025,Sanheim-Drysdale,PHI,pairing,5on5,37,3708.0,246.0,0.49,0.43,0.48,29.14,2.81,1.96,6.9,0.94,14.4,11.98,2.7,2.85,2.74,26.0,13.0,11.0,50.0,4.0,5.0,0.0,8.0,0.0,12.0,10.0,22.0,35.0,2.0,4.0,18.0,25.0,6.0,15.0,27.0,8.0,4.0,0.7,1.03,1.08,2.0,2.0,0.0,50.63,39.0,39.45,8.0,0.41,0.93,0.93,2.28,2.32,2.3,32.49,2.97,2.0,8.03,1.03,16.56,12.41,2.9,2.93,2.86,28.0,15.0,22.0,65.0,3.0,3.0,0.0,7.0,0.0,14.0,16.0,25.0,40.0,2.0,4.0,13.0,20.0,3.0,14.0,32.0,7.0,4.0,0.86,0.98,1.14,2.0,1.0,0.0,65.03,43.0,43.02,6.0,0.41,0.87,0.87,2.52,2.5,2.49
847842084784498480027,2025,Robertson-Hintz-Rantanen,DAL,line,5on5,24,2713.0,249.0,0.28,0.39,0.42,15.88,0.87,0.9,3.76,0.5,8.93,7.03,0.86,0.91,0.89,16.0,6.0,8.0,30.0,3.0,0.0,0.0,3.0,0.0,7.0,9.0,13.0,19.0,2.0,6.0,21.0,16.0,2.0,14.0,20.0,2.0,0.0,0.68,0.2,0.0,3.0,0.0,0.0,30.99,22.0,22.94,9.0,0.18,0.0,0.0,1.06,1.1,1.08,24.05,2.26,1.58,6.57,0.81,11.58,8.19,2.19,2.26,2.19,21.0,10.0,15.0,46.0,1.0,5.0,0.0,4.0,0.0,15.0,6.0,20.0,30.0,8.0,16.0,22.0,25.0,4.0,10.0,18.0,12.0,1.0,0.57,1.47,0.22,1.0,0.0,0.0,45.25,31.0,30.81,3.0,0.34,0.62,0.62,1.98,1.97,1.95
84752008482861,2025,Orlov-Iorio,SJS,pairing,5on5,13,1200.0,94.0,0.45,0.52,0.43,6.98,0.62,0.52,1.59,0.24,3.95,3.08,0.62,0.57,0.57,6.0,4.0,6.0,16.0,1.0,1.0,0.0,2.0,0.0,3.0,3.0,5.0,9.0,2.0,7.0,4.0,7.0,2.0,6.0,8.0,1.0,1.0,0.21,0.15,0.26,0.0,0.0,1.0,14.94,10.0,9.32,2.0,0.11,0.01,0.01,0.72,0.66,0.66,9.28,0.76,0.56,2.41,0.3,4.95,4.02,0.76,0.78,0.77,10.0,3.0,2.0,15.0,2.0,1.0,1.0,0.0,0.0,4.0,6.0,8.0,11.0,2.0,7.0,5.0,8.0,0.0,3.0,9.0,3.0,1.0,0.18,0.33,0.25,1.0,1.0,0.0,15.58,13.0,13.6,1.0,0.12,0.16,0.16,0.72,0.71,0.7
847794984794208481522,2025,Krebs-Thompson-Tuch,BUF,line,5on5,10,1386.0,87.0,0.67,0.51,0.5,12.07,1.12,0.73,2.88,0.39,6.05,4.83,1.1,1.18,1.17,11.0,5.0,7.0,23.0,2.0,0.0,0.0,0.0,0.0,6.0,8.0,9.0,14.0,1.0,2.0,10.0,9.0,3.0,2.0,11.0,4.0,1.0,0.35,0.5,0.27,0.0,1.0,1.0,24.18,16.0,16.87,1.0,0.16,0.0,0.0,1.28,1.35,1.33,11.1,0.55,0.7,2.47,0.33,6.97,4.99,0.54,0.53,0.52,9.0,7.0,6.0,22.0,1.0,0.0,0.0,2.0,0.0,8.0,5.0,8.0,15.0,1.0,2.0,11.0,10.0,0.0,2.0,16.0,0.0,0.0,0.55,0.0,0.0,1.0,0.0,0.0,21.35,16.0,15.26,0.0,0.14,0.0,0.0,0.69,0.66,0.66
847699484834998483525,2025,Ohgren-Yurov-Hinostroza,MIN,line,5on5,5,1418.0,27.0,0.47,0.45,0.44,9.27,0.7,0.47,2.1,0.32,4.68,3.74,0.68,0.69,0.67,8.0,4.0,5.0,17.0,0.0,1.0,0.0,0.0,0.0,4.0,7.0,8.0,12.0,1.0,5.0,9.0,17.0,5.0,5.0,8.0,4.0,0.0,0.14,0.56,0.0,0.0,0.0,0.0,16.77,12.0,11.83,4.0,0.1,0.14,0.14,0.66,0.66,0.66,10.59,0.78,0.69,2.37,0.39,6.11,4.66,0.78,0.77,0.77,13.0,2.0,6.0,21.0,2.0,1.0,1.0,3.0,0.0,4.0,5.0,11.0,13.0,4.0,15.0,12.0,13.0,4.0,8.0,13.0,1.0,1.0,0.35,0.13,0.3,1.0,1.0,0.0,21.13,15.0,15.12,5.0,0.14,0.01,0.01,0.91,0.9,0.9
84774638483398,2025,Carlile-Santini,TBL,pairing,5on5,9,4955.0,25.0,0.48,0.47,0.42,26.77,2.26,1.74,6.89,0.88,13.8,10.43,2.15,2.3,2.19,23.0,13.0,21.0,57.0,1.0,4.0,0.0,1.0,0.0,13.0,17.0,22.0,35.0,3.0,9.0,34.0,38.0,3.0,19.0,26.0,8.0,2.0,0.91,0.9,0.45,1.0,0.0,0.0,59.7,36.0,36.5,10.0,0.36,0.64,0.64,1.98,2.02,1.99,36.97,2.46,2.06,9.41,1.26,19.1,15.71,2.37,2.49,2.39,33.0,17.0,15.0,65.0,2.0,7.0,0.0,3.0,0.0,16.0,22.0,31.0,48.0,1.0,5.0,47.0,35.0,9.0,18.0,43.0,5.0,2.0,1.31,0.61,0.54,2.0,0.0,0.0,64.59,50.0,50.01,10.0,0.42,1.01,1.01,1.87,1.87,1.85
847360484757998482149,2025,Perfetti-Toews-Niederreiter,WPG,line,5on5,10,604.0,104.0,0.39,0.42,0.4,4.52,0.14,0.23,0.95,0.13,2.41,2.13,0.14,0.14,0.13,3.0,3.0,5.0,11.0,0.0,0.0,0.0,1.0,0.0,3.0,2.0,3.0,6.0,0.0,0.0,2.0,2.0,0.0,2.0,6.0,0.0,0.0,0.14,0.0,0.0,0.0,0.0,0.0,10.36,6.0,5.59,0.0,0.05,0.0,0.0,0.19,0.18,0.18,6.35,0.22,0.34,1.54,0.18,3.76,2.97,0.22,0.22,0.22,6.0,3.0,6.0,15.0,0.0,0.0,0.0,1.0,0.0,3.0,5.0,6.0,9.0,1.0,2.0,2.0,3.0,0.0,2.0,8.0,1.0,0.0,0.14,0.08,0.0,0.0,0.0,0.0,15.04,9.0,9.0,2.0,0.07,0.0,0.0,0.29,0.29,0.29
84821268482142,2025,Andrae-Drysdale,PHI,pairing,5on5,28,18540.0,77.0,0.51,0.47,0.45,138.57,12.43,9.48,33.47,4.41,74.18,53.02,12.11,12.75,12.4,132.0,55.0,79.0,266.0,18.0,12.0,3.0,29.0,0.0,60.0,68.0,114.0,169.0,18.0,42.0,134.0,133.0,19.0,55.0,139.0,35.0,13.0,4.43,4.47,3.54,4.0,8.0,6.0,274.46,187.0,191.4,19.0,1.98,2.67,2.67,11.75,12.03,11.93,167.89,12.06,10.67,43.01,5.72,92.54,68.0,11.68,11.93,11.56,152.0,80.0,69.0,301.0,9.0,14.0,0.0,33.0,0.0,88.0,88.0,143.0,223.0,18.0,42.0,139.0,134.0,27.0,88.0,192.0,31.0,9.0,5.99,3.65,2.42,4.0,4.0,1.0,296.34,232.0,228.44,45.0,2.21,2.17,2.17,12.11,11.97,11.76
847534384795208482167,2025,Duhaime-Dowd-Trineyev,WSH,line,5on5,2,1020.0,3.0,0.61,0.65,0.7,11.41,0.54,0.63,2.66,0.34,6.79,5.04,0.53,0.53,0.52,11.0,5.0,4.0,20.0,0.0,0.0,0.0,3.0,0.0,5.0,8.0,11.0,16.0,0.0,0.0,8.0,6.0,1.0,4.0,14.0,2.0,0.0,0.35,0.19,0.0,0.0,0.0,0.0,19.32,16.0,15.76,1.0,0.13,0.0,0.0,0.67,0.65,0.64,4.6,0.34,0.32,1.06,0.17,2.87,2.23,0.34,0.35,0.35,5.0,2.0,4.0,11.0,0.0,1.0,0.0,2.0,0.0,2.0,2.0,5.0,7.0,0.0,0.0,8.0,9.0,2.0,4.0,5.0,2.0,0.0,0.13,0.21,0.0,0.0,0.0,0.0,11.45,7.0,7.06,3.0,0.07,0.01,0.01,0.4,0.4,0.4
847516984784448482117,2025,Kane-Reichel-Boeser,VAN,line,5on5,6,1703.0,62.0,0.41,0.46,0.43,13.83,0.88,0.91,3.81,0.46,7.43,5.5,0.87,0.87,0.86,12.0,7.0,7.0,26.0,1.0,2.0,0.0,2.0,0.0,8.0,6.0,11.0,18.0,1.0,2.0,12.0,4.0,1.0,11.0,14.0,5.0,0.0,0.38,0.51,0.0,1.0,0.0,0.0,26.37,19.0,19.16,3.0,0.18,0.18,0.18,0.89,0.88,0.87,18.67,1.29,1.21,4.62,0.58,9.82,7.49,1.25,1.31,1.27,16.0,9.0,5.0,30.0,4.0,0.0,0.0,5.0,0.0,6.0,10.0,12.0,21.0,2.0,4.0,18.0,8.0,3.0,12.0,19.0,6.0,0.0,0.54,0.75,0.0,2.0,2.0,0.0,29.83,25.0,24.9,6.0,0.25,0.0,0.0,1.54,1.57,1.52
84773468484768,2025,Weegar-Parekh,CGY,pairing,5on5,7,757.0,45.0,0.16,0.41,0.36,3.67,0.13,0.2,0.81,0.09,2.27,1.49,0.13,0.13,0.13,4.0,1.0,2.0,7.0,0.0,0.0,0.0,1.0,0.0,2.0,2.0,4.0,5.0,1.0,2.0,8.0,1.0,1.0,1.0,5.0,0.0,0.0,0.13,0.0,0.0,0.0,0.0,0.0,6.46,5.0,4.74,1.0,0.04,0.0,0.0,0.17,0.16,0.16,7.06,0.68,0.47,1.8,0.23,3.44,2.39,0.66,0.71,0.68,6.0,3.0,1.0,10.0,0.0,1.0,0.0,1.0,0.0,2.0,5.0,6.0,9.0,1.0,2.0,8.0,4.0,1.0,3.0,5.0,3.0,1.0,0.13,0.33,0.22,0.0,0.0,0.0,10.59,9.0,9.37,3.0,0.1,0.22,0.22,0.56,0.59,0.59
84794028484768,2025,Bean-Parekh,CGY,pairing,5on5,5,670.0,32.0,0.5,0.67,0.67,7.28,0.32,0.4,2.09,0.25,3.94,2.99,0.32,0.32,0.32,5.0,5.0,2.0,12.0,0.0,0.0,0.0,0.0,0.0,6.0,4.0,5.0,10.0,1.0,5.0,4.0,8.0,0.0,2.0,9.0,1.0,0.0,0.17,0.15,0.0,0.0,0.0,0.0,11.48,10.0,9.75,1.0,0.08,0.0,0.0,0.41,0.4,0.4,3.54,0.32,0.31,0.92,0.12,1.99,1.34,0.32,0.33,0.32,5.0,0.0,1.0,6.0,0.0,0.0,0.0,2.0,0.0,1.0,2.0,5.0,5.0,1.0,5.0,2.0,3.0,0.0,3.0,3.0,2.0,0.0,0.1,0.22,0.0,0.0,0.0,0.0,6.51,5.0,5.24,0.0,0.06,0.0,0.0,0.39,0.4,0.39
848045984810708484164,2025,Mcging-Dvorsky-Suter,STL,line,5on5,1,622.0,1.0,0.31,0.39,0.4,4.33,0.29,0.28,1.14,0.13,2.51,1.65,0.29,0.27,0.26,3.0,3.0,1.0,7.0,1.0,1.0,0.0,0.0,0.0,3.0,1.0,2.0,5.0,0.0,0.0,4.0,5.0,0.0,3.0,5.0,1.0,0.0,0.13,0.16,0.0,1.0,0.0,0.0,6.26,6.0,5.41,0.0,0.06,0.16,0.16,0.19,0.17,0.17,6.68,0.66,0.44,1.45,0.2,3.66,2.58,0.62,0.73,0.69,7.0,2.0,2.0,11.0,0.0,1.0,0.0,5.0,0.0,1.0,2.0,7.0,9.0,1.0,2.0,5.0,2.0,1.0,3.0,6.0,2.0,1.0,0.13,0.33,0.2,0.0,0.0,0.0,12.38,9.0,9.91,1.0,0.09,0.17,0.17,0.58,0.66,0.62
84747168480800,2025,Hughes-Spurgeon,MIN,pairing,5on5,9,907.0,58.0,0.48,0.48,0.45,7.56,0.6,0.42,1.71,0.23,3.93,3.09,0.59,0.58,0.57,7.0,3.0,3.0,13.0,1.0,0.0,0.0,1.0,0.0,5.0,3.0,6.0,9.0,2.0,4.0,3.0,3.0,0.0,2.0,7.0,3.0,0.0,0.19,0.42,0.0,0.0,1.0,0.0,12.73,10.0,9.76,1.0,0.09,0.0,0.0,0.69,0.67,0.65,8.77,0.65,0.54,2.2,0.28,4.68,3.64,0.63,0.64,0.62,5.0,7.0,2.0,14.0,0.0,1.0,0.0,3.0,0.0,3.0,5.0,5.0,12.0,1.0,2.0,2.0,3.0,2.0,5.0,10.0,1.0,1.0,0.29,0.11,0.26,0.0,0.0,0.0,14.42,12.0,12.28,4.0,0.11,0.11,0.11,0.65,0.63,0.61
847575484764558477501,2025,Landeskog-Nelson-Nichushkin,COL,line,5on5,22,7607.0,120.0,0.62,0.6,0.58,85.02,8.27,6.13,21.89,2.95,45.97,32.8,7.87,8.35,7.95,81.0,37.0,51.0,169.0,6.0,15.0,1.0,17.0,0.0,43.0,37.0,75.0,112.0,9.0,18.0,73.0,40.0,9.0,33.0,85.0,21.0,12.0,2.65,2.54,3.08,2.0,2.0,2.0,173.34,118.0,120.67,21.0,1.3,3.23,3.23,6.33,6.39,6.21,63.81,5.06,4.09,15.7,2.02,32.59,25.53,4.7,4.98,4.63,65.0,20.0,27.0,112.0,5.0,10.0,1.0,14.0,0.0,30.0,26.0,60.0,80.0,6.0,12.0,71.0,58.0,4.0,37.0,63.0,17.0,5.0,1.62,2.09,1.35,1.0,3.0,1.0,109.35,85.0,83.14,21.0,0.85,1.84,1.84,4.06,3.99,3.89
847517284807978483609,2025,Farabee-Kadri-Klapka,CGY,line,5on5,8,929.0,69.0,0.54,0.46,0.48,7.98,0.65,0.46,2.05,0.3,4.13,3.41,0.62,0.64,0.61,8.0,3.0,8.0,19.0,0.0,0.0,0.0,1.0,0.0,6.0,4.0,8.0,11.0,2.0,4.0,5.0,15.0,2.0,8.0,8.0,2.0,1.0,0.17,0.24,0.23,0.0,0.0,0.0,18.39,11.0,10.63,7.0,0.09,0.0,0.0,0.74,0.74,0.71,8.6,0.55,0.57,2.08,0.26,4.86,3.69,0.55,0.55,0.55,10.0,2.0,10.0,22.0,0.0,0.0,0.0,3.0,0.0,7.0,2.0,10.0,12.0,0.0,0.0,6.0,9.0,3.0,6.0,10.0,1.0,1.0,0.23,0.11,0.21,0.0,0.0,0.0,22.67,12.0,12.38,2.0,0.11,0.0,0.0,0.66,0.67,0.67
847584884808138483728,2025,Davidson-Veleno-Gallagher,MTL,line,5on5,6,2314.0,19.0,0.47,0.48,0.47,20.6,1.68,1.4,5.18,0.82,12.08,8.85,1.62,1.62,1.57,20.0,10.0,13.0,43.0,1.0,3.0,0.0,5.0,0.0,14.0,7.0,19.0,29.0,9.0,18.0,18.0,23.0,2.0,13.0,27.0,1.0,2.0,0.94,0.14,0.6,1.0,0.0,0.0,42.77,30.0,29.1,8.0,0.29,0.61,0.61,1.36,1.32,1.31,24.77,1.89,1.53,5.85,0.84,13.77,10.12,1.86,1.86,1.82,18.0,16.0,13.0,47.0,3.0,2.0,1.0,3.0,0.0,12.0,14.0,15.0,31.0,4.0,8.0,12.0,18.0,2.0,11.0,29.0,4.0,1.0,0.91,0.57,0.41,1.0,2.0,0.0,46.07,34.0,33.54,5.0,0.31,0.23,0.23,1.97,1.94,1.91
847647484779968481032,2025,Cotter-Lammikko-Noesen,NJD,line,5on5,9,2219.0,93.0,0.58,0.49,0.44,18.32,1.67,1.3,5.05,0.65,9.1,6.23,1.53,1.61,1.48,18.0,6.0,9.0,33.0,2.0,3.0,0.0,6.0,0.0,6.0,7.0,16.0,22.0,2.0,4.0,17.0,15.0,1.0,8.0,17.0,5.0,2.0,0.37,0.62,0.69,0.0,2.0,0.0,32.62,24.0,23.5,5.0,0.27,0.7,0.7,1.25,1.23,1.21,21.47,1.21,1.4,5.42,0.72,12.0,9.26,1.19,1.17,1.16,19.0,11.0,5.0,35.0,0.0,2.0,0.0,7.0,0.0,10.0,11.0,19.0,30.0,1.0,2.0,17.0,12.0,3.0,9.0,25.0,4.0,1.0,0.56,0.41,0.23,0.0,0.0,0.0,35.4,30.0,30.21,2.0,0.29,0.31,0.31,1.18,1.16,1.16
84793718483485,2025,Mateychuk-Fabbro,CBJ,pairing,5on5,31,2693.0,203.0,0.42,0.38,0.38,17.46,1.95,1.27,4.27,0.58,8.2,6.74,1.9,2.0,1.95,13.0,10.0,9.0,32.0,2.0,3.0,2.0,4.0,0.0,5.0,9.0,11.0,21.0,1.0,2.0,13.0,11.0,4.0,14.0,14.0,6.0,3.0,0.45,0.65,0.85,0.0,1.0,1.0,31.62,23.0,23.02,9.0,0.27,0.72,0.72,1.49,1.55,1.54,28.03,2.72,1.92,6.96,0.97,14.35,11.07,2.58,2.72,2.59,23.0,15.0,15.0,53.0,1.0,5.0,0.0,4.0,0.0,14.0,14.0,22.0,37.0,2.0,4.0,8.0,17.0,2.0,13.0,28.0,7.0,3.0,0.88,1.09,0.75,1.0,0.0,0.0,54.05,38.0,38.64,5.0,0.4,0.99,0.99,2.13,2.15,2.12
847351284815968482092,2025,Pinto-Greig-Giroux,OTT,line,5on5,8,1790.0,51.0,0.47,0.51,0.43,15.55,1.46,0.96,3.41,0.44,7.34,6.39,1.44,1.46,1.44,15.0,5.0,11.0,31.0,3.0,0.0,0.0,0.0,0.0,7.0,10.0,12.0,17.0,7.0,14.0,22.0,5.0,4.0,11.0,11.0,8.0,1.0,0.21,1.03,0.22,1.0,2.0,0.0,30.31,20.0,19.65,7.0,0.2,0.0,0.0,1.66,1.66,1.64,18.91,1.62,1.26,4.51,0.65,10.37,7.59,1.58,1.62,1.58,16.0,10.0,4.0,30.0,2.0,2.0,0.0,2.0,0.0,11.0,9.0,14.0,24.0,2.0,4.0,12.0,13.0,2.0,10.0,18.0,7.0,1.0,0.57,0.76,0.3,0.0,2.0,0.0,30.68,26.0,26.46,3.0,0.27,0.41,0.41,1.47,1.47,1.45
847749684779568482177,2025,Khusnutdinov-Lindholm-Pastrnak,BOS,line,5on5,10,1728.0,85.0,0.75,0.63,0.58,10.91,0.8,0.73,2.4,0.35,6.05,4.68,0.78,0.77,0.74,8.0,7.0,12.0,27.0,2.0,1.0,0.0,1.0,0.0,7.0,4.0,6.0,13.0,7.0,14.0,19.0,9.0,5.0,7.0,12.0,2.0,1.0,0.34,0.2,0.25,2.0,0.0,0.0,26.25,15.0,14.87,4.0,0.15,0.25,0.25,0.7,0.69,0.68,7.51,0.27,0.42,2.31,0.28,4.44,3.28,0.27,0.29,0.29,4.0,7.0,5.0,16.0,0.0,0.0,0.0,2.0,0.0,6.0,3.0,4.0,11.0,2.0,4.0,14.0,12.0,2.0,16.0,10.0,1.0,0.0,0.18,0.09,0.0,0.0,0.0,0.0,16.73,11.0,11.65,9.0,0.09,0.0,0.0,0.36,0.38,0.38
84765258477504,2025,Morrissey-Miller,WPG,pairing,5on5,10,867.0,80.0,0.46,0.56,0.57,9.31,0.38,0.54,2.68,0.36,4.68,4.37,0.37,0.36,0.36,8.0,5.0,5.0,18.0,0.0,0.0,0.0,1.0,0.0,5.0,7.0,8.0,13.0,0.0,0.0,6.0,5.0,2.0,4.0,13.0,0.0,0.0,0.38,0.0,0.0,0.0,0.0,0.0,16.98,13.0,12.34,2.0,0.11,0.0,0.0,0.49,0.47,0.47,7.24,0.44,0.48,1.71,0.26,4.04,3.07,0.44,0.43,0.43,8.0,2.0,4.0,14.0,0.0,1.0,0.0,0.0,0.0,3.0,6.0,8.0,10.0,1.0,2.0,4.0,6.0,2.0,2.0,9.0,1.0,0.0,0.33,0.1,0.0,0.0,0.0,0.0,14.3,10.0,10.09,1.0,0.1,0.06,0.06,0.47,0.47,0.47
847689784796448480281,2025,Toropchenko-Sundqvist-Luff,STL,line,5on5,2,647.0,9.0,0.36,0.68,0.65,8.06,0.28,0.5,2.16,0.29,4.35,3.43,0.28,0.26,0.26,7.0,4.0,2.0,13.0,0.0,0.0,0.0,1.0,0.0,7.0,3.0,7.0,11.0,2.0,4.0,1.0,5.0,0.0,2.0,11.0,0.0,0.0,0.28,0.0,0.0,0.0,0.0,0.0,11.67,11.0,10.02,1.0,0.1,0.0,0.0,0.38,0.35,0.35,4.71,0.49,0.28,1.11,0.13,1.96,2.03,0.48,0.56,0.55,3.0,3.0,0.0,6.0,0.0,1.0,0.0,0.0,0.0,2.0,3.0,3.0,6.0,0.0,0.0,5.0,7.0,2.0,2.0,5.0,0.0,1.0,0.15,0.0,0.34,0.0,0.0,0.0,6.75,6.0,6.63,0.0,0.06,0.34,0.34,0.21,0.23,0.23
847517084774028484164,2025,Buchnevich-Dvorsky-Schenn,STL,line,5on5,8,3582.0,42.0,0.56,0.57,0.57,38.91,3.64,2.58,9.5,1.29,21.23,15.77,3.57,3.75,3.68,40.0,14.0,23.0,77.0,2.0,4.0,0.0,11.0,0.0,22.0,15.0,38.0,52.0,1.0,2.0,29.0,27.0,2.0,23.0,40.0,10.0,4.0,1.18,1.18,1.28,1.0,1.0,0.0,78.67,54.0,55.71,8.0,0.54,0.82,0.82,3.35,3.44,3.43,30.58,2.83,2.13,7.79,1.02,15.81,11.43,2.61,2.84,2.62,27.0,14.0,16.0,57.0,2.0,6.0,1.0,4.0,0.0,19.0,10.0,25.0,39.0,3.0,6.0,33.0,13.0,2.0,11.0,32.0,5.0,4.0,0.96,0.69,1.18,1.0,0.0,1.0,55.91,41.0,40.07,9.0,0.44,1.25,1.25,2.02,2.0,1.96
84775068485366,2025,Schaefer-Pulock,NYI,pairing,5on5,40,22611.0,140.0,0.46,0.48,0.49,180.04,14.53,12.08,46.33,6.47,99.55,72.05,14.16,14.6,14.23,163.0,88.0,100.0,351.0,15.0,19.0,4.0,32.0,0.0,92.0,93.0,148.0,236.0,17.0,39.0,185.0,114.0,53.0,96.0,191.0,48.0,12.0,5.35,5.88,3.3,8.0,4.0,3.0,353.78,251.0,252.2,51.0,2.51,3.75,3.75,13.29,13.27,13.09,195.22,16.73,13.09,48.06,6.38,104.29,76.45,15.77,16.54,15.58,159.0,106.0,114.0,379.0,9.0,22.0,0.0,36.0,1.0,98.0,99.0,150.0,256.0,19.0,40.0,166.0,113.0,27.0,109.0,204.0,39.0,22.0,6.2,5.08,5.45,5.0,3.0,1.0,374.96,265.0,262.76,50.0,2.72,4.42,4.42,15.03,14.9,14.54
847889184793378483464,2025,Appleton-Kasper-Debrincat,DET,line,5on5,8,3106.0,39.0,0.55,0.55,0.58,30.62,2.37,2.0,8.88,1.1,15.95,11.71,2.23,2.44,2.31,30.0,12.0,16.0,58.0,4.0,6.0,0.0,3.0,0.0,13.0,16.0,26.0,38.0,1.0,2.0,22.0,11.0,1.0,22.0,33.0,6.0,3.0,1.04,0.65,0.67,3.0,1.0,0.0,58.99,42.0,42.68,10.0,0.42,1.03,1.03,1.75,1.83,1.78,22.94,1.92,1.58,5.31,0.73,12.46,9.0,1.81,1.83,1.72,26.0,5.0,16.0,47.0,0.0,3.0,0.0,9.0,0.0,9.0,10.0,26.0,31.0,1.0,2.0,29.0,18.0,5.0,12.0,23.0,5.0,3.0,0.67,0.54,0.71,0.0,0.0,0.0,44.97,31.0,29.78,6.0,0.33,0.71,0.71,1.54,1.47,1.44
84751818475200,2025,Orlov-Leddy,SJS,pairing,5on5,9,2175.0,51.0,0.36,0.4,0.39,9.38,0.55,0.73,2.3,0.36,5.39,3.67,0.53,0.55,0.54,10.0,3.0,5.0,18.0,1.0,1.0,0.0,0.0,0.0,5.0,6.0,9.0,12.0,4.0,8.0,17.0,19.0,3.0,15.0,11.0,2.0,0.0,0.34,0.2,0.0,1.0,0.0,0.0,18.46,13.0,13.27,3.0,0.15,0.08,0.08,0.62,0.62,0.62,14.84,0.97,1.0,3.54,0.46,8.24,5.8,0.95,0.98,0.96,11.0,9.0,7.0,27.0,0.0,1.0,0.0,2.0,0.0,6.0,11.0,11.0,20.0,1.0,2.0,16.0,11.0,4.0,11.0,14.0,6.0,0.0,0.36,0.61,0.0,0.0,0.0,0.0,26.99,20.0,20.12,6.0,0.2,0.13,0.13,1.04,1.06,1.05
847514984757658483525,2025,Johansson-Yurov-Tarasenko,MIN,line,5on5,7,643.0,87.0,0.54,0.46,0.41,8.63,1.04,0.56,2.53,0.26,3.74,2.86,0.77,1.13,0.83,8.0,3.0,5.0,16.0,1.0,2.0,1.0,0.0,0.0,2.0,6.0,7.0,10.0,1.0,2.0,4.0,1.0,1.0,3.0,8.0,0.0,3.0,0.19,0.0,0.85,0.0,0.0,1.0,16.93,11.0,11.56,2.0,0.12,0.65,0.65,0.51,0.54,0.4,11.55,0.89,0.79,2.68,0.34,6.82,4.48,0.88,0.86,0.84,13.0,3.0,3.0,19.0,1.0,0.0,0.0,5.0,0.0,6.0,4.0,12.0,15.0,1.0,2.0,5.0,10.0,0.0,1.0,13.0,2.0,1.0,0.42,0.22,0.24,1.0,0.0,0.0,18.05,16.0,15.34,1.0,0.16,0.0,0.0,1.05,1.01,0.99
84764628479395,2025,Cholowski-Hamilton,NJD,pairing,5on5,8,2465.0,36.0,0.4,0.53,0.51,22.81,1.22,1.33,6.5,0.73,12.38,8.84,1.21,1.22,1.2,23.0,8.0,7.0,38.0,0.0,4.0,0.0,5.0,0.0,13.0,9.0,23.0,31.0,0.0,0.0,19.0,21.0,5.0,7.0,28.0,2.0,1.0,0.79,0.2,0.24,0.0,0.0,0.0,36.79,31.0,30.22,4.0,0.27,0.32,0.32,1.18,1.16,1.15,22.29,1.81,1.31,5.57,0.68,11.89,8.74,1.8,1.82,1.81,19.0,11.0,4.0,34.0,2.0,1.0,0.0,2.0,0.0,5.0,20.0,17.0,28.0,2.0,4.0,12.0,14.0,2.0,9.0,24.0,5.0,1.0,0.89,0.67,0.24,1.0,0.0,1.0,35.43,30.0,31.04,1.0,0.27,0.08,0.08,2.0,2.01,2.0
84774988480834,2025,Nurse-Emberson,EDM,pairing,5on5,23,891.0,184.0,0.76,0.48,0.55,8.54,1.5,0.53,1.97,0.25,3.75,3.0,1.38,1.48,1.37,8.0,3.0,2.0,13.0,1.0,3.0,1.0,1.0,0.0,3.0,3.0,7.0,10.0,2.0,7.0,1.0,9.0,1.0,3.0,7.0,1.0,3.0,0.14,0.09,1.27,0.0,0.0,1.0,13.23,11.0,10.91,1.0,0.11,1.27,1.27,0.34,0.35,0.33,6.16,0.47,0.46,1.5,0.25,3.38,2.95,0.47,0.47,0.46,4.0,5.0,5.0,14.0,0.0,0.0,0.0,1.0,0.0,3.0,5.0,4.0,9.0,3.0,9.0,2.0,6.0,3.0,4.0,6.0,3.0,0.0,0.17,0.3,0.0,0.0,0.0,0.0,13.87,9.0,8.87,0.0,0.09,0.0,0.0,0.57,0.57,0.56
847841484794078482110,2025,Bratt-Mercer-Meier,NJD,line,5on5,12,612.0,151.0,0.67,0.61,0.67,8.91,0.48,0.55,1.92,0.25,5.11,3.68,0.47,0.48,0.48,8.0,4.0,2.0,14.0,0.0,0.0,0.0,1.0,0.0,5.0,6.0,8.0,12.0,0.0,0.0,0.0,4.0,0.0,1.0,9.0,3.0,0.0,0.22,0.26,0.0,0.0,0.0,0.0,13.96,12.0,11.86,0.0,0.11,0.0,0.0,0.59,0.6,0.59,3.76,0.23,0.29,0.9,0.14,2.7,1.73,0.23,0.23,0.23,2.0,4.0,3.0,9.0,0.0,0.0,0.0,0.0,0.0,2.0,4.0,2.0,6.0,0.0,0.0,0.0,1.0,4.0,1.0,6.0,0.0,0.0,0.23,0.0,0.0,0.0,0.0,0.0,8.98,6.0,6.07,1.0,0.06,0.0,0.0,0.29,0.29,0.28
847456484827688484241,2025,Stamkos-Svechkov-Wood,NSH,line,5on5,13,1796.0,158.0,0.66,0.54,0.52,19.83,2.83,1.6,4.72,0.6,9.82,6.43,2.7,2.98,2.84,17.0,9.0,8.0,34.0,4.0,5.0,3.0,3.0,0.0,7.0,7.0,13.0,22.0,0.0,0.0,15.0,5.0,2.0,12.0,16.0,4.0,6.0,0.61,0.53,1.69,1.0,0.0,3.0,35.95,26.0,27.11,7.0,0.34,1.48,1.48,1.69,1.78,1.71,18.3,1.47,1.22,4.72,0.59,9.04,6.96,1.4,1.48,1.4,17.0,7.0,5.0,29.0,1.0,4.0,0.0,4.0,0.0,11.0,4.0,16.0,23.0,2.0,4.0,11.0,9.0,2.0,11.0,17.0,6.0,1.0,0.39,0.78,0.31,1.0,0.0,0.0,29.57,24.0,24.57,7.0,0.25,0.78,0.78,0.94,0.95,0.9
847528784765398478047,2025,Bunting-Haula-Marchessault,NSH,line,5on5,19,5800.0,115.0,0.32,0.41,0.38,40.47,2.98,2.63,10.15,1.35,21.59,16.3,2.93,2.98,2.94,37.0,18.0,25.0,80.0,4.0,6.0,0.0,7.0,0.0,17.0,21.0,33.0,51.0,7.0,14.0,46.0,45.0,8.0,40.0,44.0,8.0,3.0,1.17,1.03,0.78,3.0,1.0,0.0,79.93,55.0,54.97,20.0,0.55,1.14,1.14,2.39,2.39,2.37,65.77,6.37,4.68,16.8,2.2,34.4,24.54,6.07,6.48,6.17,62.0,27.0,25.0,114.0,5.0,10.0,1.0,14.0,0.0,33.0,27.0,57.0,84.0,8.0,16.0,50.0,39.0,6.0,25.0,64.0,16.0,9.0,1.79,2.04,2.55,1.0,3.0,1.0,114.81,89.0,89.01,12.0,0.98,2.1,2.1,5.25,5.3,5.17
84768548482511,2025,Lindholm-Lohrei,BOS,pairing,5on5,22,1308.0,184.0,0.69,0.55,0.56,11.75,0.93,0.77,3.17,0.44,5.18,4.5,0.91,0.94,0.92,10.0,5.0,6.0,21.0,1.0,2.0,0.0,3.0,0.0,2.0,7.0,9.0,14.0,1.0,2.0,3.0,3.0,0.0,4.0,9.0,6.0,0.0,0.24,0.68,0.0,0.0,1.0,0.0,20.75,15.0,15.15,1.0,0.17,0.22,0.22,0.87,0.88,0.88,8.73,0.42,0.42,2.52,0.3,4.48,3.85,0.42,0.44,0.44,5.0,7.0,5.0,17.0,0.0,0.0,0.0,0.0,0.0,1.0,11.0,5.0,12.0,0.0,0.0,3.0,9.0,3.0,4.0,10.0,2.0,0.0,0.22,0.2,0.0,0.0,0.0,0.0,17.44,12.0,12.2,2.0,0.08,0.0,0.0,0.51,0.53,0.53
847522084769948481477,2025,Foligno-Sturm-Hinostroza,MIN,line,5on5,5,1570.0,21.0,0.59,0.39,0.45,10.22,0.64,0.63,2.98,0.34,5.62,3.8,0.64,0.64,0.63,9.0,5.0,5.0,19.0,1.0,1.0,0.0,1.0,0.0,4.0,7.0,8.0,13.0,3.0,6.0,14.0,14.0,5.0,2.0,12.0,1.0,1.0,0.35,0.08,0.21,1.0,0.0,0.0,18.91,14.0,14.02,1.0,0.13,0.02,0.02,0.75,0.75,0.74,10.3,0.45,0.79,3.07,0.44,7.37,4.88,0.44,0.46,0.45,8.0,9.0,13.0,30.0,0.0,2.0,0.0,2.0,0.0,7.0,6.0,8.0,17.0,1.0,2.0,11.0,9.0,1.0,5.0,17.0,0.0,0.0,0.45,0.0,0.0,0.0,0.0,0.0,31.12,17.0,17.37,3.0,0.16,0.1,0.1,0.52,0.53,0.52
847418984770738480188,2025,Macdermid-Eller-Zetterlund,OTT,line,5on5,7,1115.0,57.0,0.24,0.29,0.38,6.91,0.25,0.33,1.88,0.2,3.5,2.84,0.25,0.27,0.27,2.0,7.0,3.0,12.0,0.0,0.0,0.0,0.0,0.0,6.0,3.0,2.0,9.0,3.0,6.0,13.0,9.0,2.0,3.0,9.0,0.0,0.0,0.25,0.0,0.0,0.0,0.0,0.0,12.6,9.0,9.55,3.0,0.07,0.0,0.0,0.32,0.34,0.34,10.61,0.81,0.77,2.89,0.38,5.77,4.38,0.8,0.81,0.81,6.0,9.0,15.0,30.0,2.0,1.0,0.0,0.0,0.0,7.0,5.0,4.0,13.0,3.0,6.0,12.0,19.0,3.0,2.0,12.0,2.0,1.0,0.3,0.3,0.21,2.0,0.0,0.0,28.33,15.0,14.93,0.0,0.16,0.21,0.21,0.76,0.76,0.76
84775048483510,2025,Morrissey-Salomonsson,WPG,pairing,5on5,2,729.0,9.0,0.32,0.47,0.27,4.25,0.33,0.29,1.02,0.17,2.38,1.8,0.32,0.33,0.33,2.0,4.0,9.0,15.0,0.0,0.0,0.0,0.0,0.0,3.0,3.0,2.0,6.0,1.0,2.0,6.0,6.0,0.0,2.0,5.0,1.0,0.0,0.23,0.1,0.0,0.0,0.0,0.0,14.64,6.0,6.03,0.0,0.06,0.0,0.0,0.39,0.39,0.39,11.77,0.68,0.69,2.9,0.38,6.62,4.73,0.68,0.67,0.67,10.0,6.0,1.0,17.0,1.0,0.0,0.0,4.0,0.0,8.0,3.0,9.0,15.0,0.0,0.0,9.0,2.0,1.0,2.0,14.0,2.0,0.0,0.42,0.26,0.0,1.0,0.0,0.0,17.07,16.0,16.06,1.0,0.14,0.0,0.0,0.82,0.81,0.81
847353384774788480762,2025,Carrier-Staal-Robinson,CAR,line,5on5,7,1140.0,42.0,0.24,0.4,0.43,9.4,0.43,0.47,3.02,0.32,5.17,3.6,0.43,0.47,0.47,7.0,6.0,4.0,17.0,1.0,0.0,0.0,3.0,0.0,2.0,7.0,6.0,12.0,1.0,2.0,25.0,11.0,2.0,6.0,12.0,1.0,0.0,0.32,0.1,0.0,1.0,0.0,0.0,18.83,13.0,14.25,5.0,0.1,0.0,0.0,0.53,0.57,0.57,13.25,1.36,0.87,3.79,0.5,6.09,4.38,1.35,1.26,1.25,12.0,5.0,8.0,25.0,1.0,1.0,0.0,4.0,0.0,5.0,6.0,11.0,16.0,0.0,0.0,14.0,11.0,0.0,5.0,12.0,3.0,2.0,0.29,0.39,0.68,0.0,1.0,0.0,23.19,17.0,15.77,3.0,0.19,0.39,0.39,1.16,1.08,1.07
84768918481806,2025,Grzelcyk-Crevier,CHI,pairing,5on5,33,3672.0,295.0,0.66,0.65,0.66,42.85,4.0,2.77,12.89,1.48,20.36,14.5,3.8,4.13,3.91,39.0,17.0,18.0,74.0,5.0,10.0,1.0,8.0,0.0,16.0,17.0,34.0,51.0,1.0,2.0,27.0,17.0,7.0,20.0,41.0,9.0,6.0,1.13,1.22,1.66,2.0,2.0,1.0,74.86,56.0,57.23,8.0,0.59,1.55,1.59,3.0,3.03,2.98,21.6,2.05,1.51,4.77,0.65,11.73,8.29,2.0,2.07,2.02,19.0,10.0,10.0,39.0,1.0,2.0,0.0,6.0,0.0,6.0,14.0,18.0,28.0,2.0,4.0,25.0,31.0,2.0,21.0,22.0,5.0,2.0,0.78,0.77,0.51,0.0,1.0,0.0,40.04,29.0,29.61,13.0,0.31,0.47,0.47,1.9,1.92,1.91
847121584775118481577,2025,Mantha-Malkin-Tomasino,PIT,line,5on5,5,798.0,43.0,0.49,0.59,0.65,8.85,0.59,0.62,2.45,0.33,5.21,3.79,0.58,0.61,0.6,9.0,4.0,4.0,17.0,0.0,2.0,0.0,1.0,0.0,5.0,5.0,9.0,13.0,3.0,6.0,5.0,2.0,1.0,2.0,11.0,1.0,1.0,0.27,0.08,0.24,0.0,0.0,0.0,17.41,13.0,13.44,1.0,0.13,0.27,0.27,0.46,0.47,0.47,5.62,0.63,0.38,1.53,0.17,2.46,1.84,0.62,0.62,0.61,5.0,2.0,5.0,12.0,1.0,1.0,0.0,0.0,0.0,1.0,4.0,4.0,6.0,0.0,0.0,7.0,11.0,1.0,3.0,4.0,2.0,1.0,0.11,0.23,0.29,0.0,1.0,0.0,12.04,7.0,6.81,1.0,0.08,0.29,0.29,0.42,0.41,0.41
847814784809808481481,2025,Imama-Lizotte-Dewar,PIT,line,5on5,2,667.0,8.0,0.73,0.55,0.56,6.96,0.56,0.42,1.8,0.26,3.46,2.49,0.54,0.63,0.6,6.0,3.0,2.0,11.0,0.0,1.0,0.0,0.0,0.0,3.0,5.0,6.0,9.0,4.0,8.0,10.0,6.0,1.0,3.0,6.0,3.0,0.0,0.25,0.31,0.0,0.0,0.0,0.0,12.5,9.0,10.04,0.0,0.09,0.08,0.08,0.58,0.65,0.61,5.11,0.21,0.27,1.57,0.17,2.7,2.08,0.21,0.2,0.2,4.0,3.0,2.0,9.0,0.0,0.0,0.0,2.0,0.0,1.0,4.0,4.0,7.0,2.0,4.0,3.0,8.0,1.0,5.0,7.0,0.0,0.0,0.21,0.0,0.0,0.0,0.0,0.0,8.15,7.0,6.41,4.0,0.05,0.0,0.0,0.26,0.24,0.24
847579184768738480829,2025,Jankowski-Kotkaniemi-Hall,CAR,line,5on5,3,680.0,32.0,0.47,0.54,0.57,2.81,0.12,0.15,0.89,0.1,1.65,1.11,0.12,0.13,0.13,3.0,1.0,3.0,7.0,0.0,0.0,0.0,1.0,0.0,1.0,2.0,3.0,4.0,0.0,0.0,6.0,4.0,0.0,3.0,4.0,0.0,0.0,0.12,0.0,0.0,0.0,0.0,0.0,7.7,4.0,4.45,1.0,0.03,0.0,0.0,0.15,0.16,0.16,2.36,0.13,0.14,0.52,0.09,1.29,0.83,0.13,0.12,0.12,3.0,0.0,3.0,6.0,0.0,0.0,0.0,1.0,0.0,0.0,2.0,3.0,3.0,1.0,2.0,7.0,5.0,2.0,4.0,2.0,1.0,0.0,0.05,0.08,0.0,0.0,0.0,0.0,5.98,3.0,2.8,3.0,0.03,0.0,0.0,0.16,0.15,0.15
847687384807628480830,2025,Robinson-Jankowski-Svechnikov,CAR,line,5on5,4,679.0,29.0,0.64,0.68,0.75,10.74,0.66,0.75,2.6,0.37,6.28,4.33,0.65,0.74,0.72,9.0,6.0,2.0,17.0,1.0,1.0,0.0,3.0,0.0,8.0,2.0,8.0,14.0,1.0,2.0,8.0,3.0,0.0,3.0,14.0,0.0,1.0,0.45,0.0,0.21,1.0,0.0,0.0,19.2,15.0,16.63,2.0,0.16,0.02,0.02,0.8,0.89,0.87,3.8,0.37,0.32,0.87,0.13,1.96,1.34,0.37,0.34,0.34,2.0,3.0,3.0,8.0,1.0,0.0,0.0,0.0,0.0,1.0,3.0,1.0,4.0,0.0,0.0,6.0,6.0,1.0,1.0,3.0,2.0,0.0,0.13,0.25,0.0,1.0,0.0,0.0,7.25,5.0,4.58,0.0,0.07,0.0,0.0,0.44,0.41,0.4
84768918484783,2025,Grzelcyk-Levshunov,CHI,pairing,5on5,39,13932.0,193.0,0.48,0.51,0.49,120.34,10.34,7.96,30.82,4.03,64.16,46.69,10.01,10.3,9.99,110.0,54.0,57.0,221.0,12.0,10.0,1.0,30.0,0.0,50.0,62.0,98.0,152.0,17.0,36.0,95.0,69.0,14.0,49.0,121.0,30.0,13.0,3.34,3.6,3.4,1.0,8.0,3.0,217.48,164.0,161.77,25.0,1.65,1.97,2.35,9.64,9.59,9.43,128.71,11.34,8.71,31.02,4.23,67.83,49.87,10.82,11.61,11.07,117.0,56.0,43.0,216.0,12.0,12.0,1.0,22.0,0.0,63.0,64.0,105.0,161.0,12.0,24.0,117.0,90.0,18.0,66.0,128.0,36.0,9.0,3.93,4.59,2.83,7.0,5.0,0.0,223.12,173.0,177.62,38.0,1.82,2.91,2.91,10.25,10.49,10.28
84815988482733,2025,Broberg-Mailloux,STL,pairing,5on5,20,2924.0,139.0,0.39,0.5,0.51,19.65,1.34,1.15,5.13,0.67,10.82,7.89,1.28,1.32,1.26,12.0,15.0,12.0,39.0,0.0,2.0,0.0,4.0,0.0,11.0,10.0,12.0,27.0,7.0,14.0,25.0,27.0,5.0,16.0,22.0,4.0,1.0,0.6,0.47,0.27,0.0,0.0,0.0,37.06,27.0,26.22,3.0,0.24,0.29,0.29,1.29,1.3,1.27,19.79,2.09,1.28,5.0,0.64,9.66,7.34,2.03,2.28,2.22,22.0,4.0,13.0,39.0,3.0,1.0,0.0,3.0,0.0,9.0,10.0,19.0,23.0,2.0,4.0,20.0,29.0,6.0,16.0,15.0,9.0,2.0,0.43,1.07,0.58,0.0,2.0,1.0,41.29,26.0,27.38,7.0,0.27,0.3,0.3,2.06,2.23,2.19
847688184779648481604,2025,Barbashev-Hertl-Dorofeyev,VGK,line,5on5,15,1326.0,151.0,0.53,0.55,0.59,12.18,0.89,0.84,3.31,0.4,6.1,4.46,0.83,0.85,0.79,12.0,4.0,2.0,18.0,0.0,2.0,0.0,3.0,0.0,7.0,4.0,12.0,16.0,0.0,0.0,12.0,6.0,1.0,4.0,11.0,3.0,2.0,0.16,0.32,0.41,0.0,0.0,0.0,17.48,16.0,15.55,3.0,0.17,0.41,0.41,0.65,0.62,0.61,7.9,0.79,0.55,1.86,0.28,4.36,3.16,0.78,0.84,0.82,6.0,5.0,4.0,15.0,1.0,1.0,0.0,1.0,0.0,4.0,4.0,5.0,10.0,0.0,0.0,5.0,10.0,2.0,5.0,8.0,2.0,1.0,0.21,0.26,0.33,1.0,0.0,0.0,15.38,11.0,11.26,2.0,0.11,0.33,0.33,0.58,0.6,0.59
84746008479980,2025,Josi-Hague,NSH,pairing,5on5,20,8619.0,104.0,0.57,0.55,0.55,82.96,7.4,5.76,20.3,2.62,43.59,32.34,7.13,7.34,7.07,73.0,39.0,41.0,153.0,12.0,10.0,4.0,17.0,0.0,36.0,37.0,61.0,100.0,8.0,19.0,79.0,62.0,12.0,30.0,85.0,18.0,9.0,2.86,2.29,2.25,5.0,2.0,5.0,150.58,112.0,110.0,11.0,1.21,1.98,1.98,6.63,6.6,6.5,68.12,5.54,4.39,16.8,2.23,36.49,26.55,5.43,5.73,5.62,61.0,31.0,33.0,125.0,11.0,2.0,1.0,14.0,0.0,33.0,32.0,50.0,81.0,10.0,25.0,75.0,56.0,13.0,39.0,68.0,22.0,2.0,2.12,2.74,0.68,4.0,7.0,0.0,129.96,92.0,94.97,15.0,0.92,0.54,0.54,5.91,6.12,6.08
84780628481161,2025,Christiansen-Mayo,CBJ,pairing,5on5,2,903.0,6.0,0.71,0.77,0.83,14.02,1.07,0.94,3.85,0.49,7.41,5.23,1.02,1.06,1.01,13.0,6.0,5.0,24.0,1.0,1.0,1.0,4.0,0.0,11.0,2.0,12.0,18.0,1.0,2.0,13.0,5.0,2.0,5.0,14.0,5.0,0.0,0.38,0.7,0.0,0.0,1.0,0.0,23.84,19.0,19.0,1.0,0.2,0.11,0.11,1.16,1.15,1.12,3.17,0.45,0.2,0.67,0.1,1.52,1.08,0.42,0.45,0.42,4.0,0.0,3.0,7.0,1.0,1.0,0.0,1.0,0.0,0.0,1.0,3.0,3.0,0.0,0.0,5.0,11.0,1.0,6.0,2.0,2.0,0.0,0.12,0.33,0.0,1.0,0.0,0.0,7.31,4.0,4.12,4.0,0.04,0.16,0.16,0.32,0.33,0.33
847576084768978478472,2025,Bjugstad-Sundqvist-Joseph,STL,line,5on5,4,706.0,59.0,0.55,0.63,0.65,9.85,0.51,0.55,2.54,0.35,5.03,4.03,0.49,0.51,0.5,7.0,6.0,4.0,17.0,0.0,1.0,0.0,4.0,0.0,5.0,3.0,7.0,13.0,0.0,0.0,7.0,8.0,1.0,2.0,10.0,3.0,0.0,0.22,0.29,0.0,0.0,0.0,0.0,16.43,13.0,12.8,1.0,0.11,0.05,0.05,0.57,0.57,0.56,5.13,0.41,0.32,1.26,0.18,2.77,2.06,0.39,0.39,0.36,4.0,3.0,3.0,10.0,1.0,1.0,0.0,0.0,0.0,2.0,3.0,3.0,6.0,0.0,0.0,6.0,0.0,0.0,3.0,5.0,2.0,0.0,0.09,0.32,0.0,1.0,0.0,0.0,10.07,7.0,7.07,2.0,0.07,0.2,0.2,0.28,0.27,0.26
84769028480950,2025,Lindell-Lyubushkin,DAL,pairing,5on5,23,3271.0,147.0,0.52,0.49,0.52,19.1,1.06,1.21,4.65,0.67,10.94,8.47,1.04,1.05,1.03,15.0,12.0,6.0,33.0,4.0,1.0,0.0,2.0,0.0,9.0,11.0,11.0,23.0,4.0,8.0,27.0,16.0,6.0,13.0,23.0,4.0,0.0,0.61,0.45,0.0,3.0,1.0,0.0,33.19,27.0,26.84,7.0,0.25,0.01,0.01,1.3,1.28,1.26,18.2,0.98,1.02,4.94,0.59,10.01,7.46,0.98,0.96,0.95,17.0,8.0,10.0,35.0,2.0,1.0,0.0,6.0,0.0,5.0,11.0,15.0,23.0,2.0,4.0,18.0,21.0,1.0,17.0,22.0,3.0,0.0,0.62,0.36,0.0,2.0,0.0,0.0,34.29,25.0,24.53,11.0,0.21,0.16,0.16,1.03,1.01,1.0
84768698480246,2025,Skjei-Perbix,NSH,pairing,5on5,36,22937.0,114.0,0.48,0.49,0.46,171.98,15.02,11.65,43.05,5.64,90.84,66.8,14.38,15.01,14.37,161.0,72.0,102.0,335.0,14.0,20.0,3.0,35.0,0.0,78.0,86.0,147.0,219.0,21.0,42.0,223.0,151.0,41.0,102.0,178.0,35.0,20.0,4.97,4.25,5.8,3.0,6.0,5.0,328.93,233.0,229.48,56.0,2.43,4.85,4.85,12.6,12.51,12.27,200.08,16.49,13.08,50.09,6.54,107.93,78.86,15.91,16.9,16.29,178.0,95.0,81.0,354.0,18.0,20.0,5.0,38.0,0.0,97.0,100.0,160.0,255.0,22.0,44.0,185.0,123.0,34.0,127.0,211.0,45.0,17.0,6.16,5.62,4.72,7.0,6.0,5.0,360.11,273.0,277.66,55.0,2.72,4.29,4.29,14.92,15.21,14.99
848081384827378483728,2025,Davidson-Veleno-Bolduc,MTL,line,5on5,7,2046.0,44.0,0.69,0.54,0.55,12.5,1.09,0.72,3.28,0.42,6.56,4.92,1.06,1.05,1.03,11.0,6.0,9.0,26.0,1.0,1.0,0.0,5.0,0.0,6.0,4.0,10.0,16.0,3.0,6.0,17.0,29.0,2.0,11.0,12.0,4.0,1.0,0.34,0.54,0.21,0.0,0.0,1.0,24.68,17.0,16.58,4.0,0.15,0.15,0.15,1.08,1.06,1.04,10.05,0.49,0.51,2.67,0.3,5.81,4.22,0.49,0.53,0.53,9.0,5.0,8.0,22.0,1.0,0.0,0.0,2.0,0.0,6.0,5.0,8.0,13.0,0.0,0.0,11.0,22.0,3.0,15.0,13.0,1.0,0.0,0.36,0.12,0.0,0.0,1.0,0.0,23.36,14.0,14.85,6.0,0.1,0.0,0.0,0.59,0.64,0.64
84793728479985,2025,Mahura-Fleury,SEA,pairing,5on5,5,1339.0,23.0,0.35,0.27,0.3,6.47,0.46,0.43,1.88,0.21,3.65,2.38,0.46,0.47,0.47,6.0,3.0,1.0,10.0,0.0,0.0,0.0,2.0,0.0,5.0,2.0,6.0,9.0,4.0,11.0,6.0,12.0,1.0,7.0,8.0,0.0,1.0,0.24,0.0,0.22,0.0,0.0,0.0,10.55,9.0,9.42,3.0,0.09,0.0,0.0,0.55,0.57,0.57,15.47,0.86,0.94,3.88,0.43,8.64,6.25,0.85,0.83,0.82,14.0,7.0,6.0,27.0,1.0,0.0,0.0,6.0,0.0,10.0,4.0,13.0,20.0,4.0,11.0,12.0,21.0,3.0,4.0,17.0,4.0,0.0,0.35,0.51,0.0,0.0,1.0,0.0,26.28,21.0,20.14,0.0,0.19,0.0,0.0,1.05,1.01,1.01
847686784808068482475,2025,Lundestrm-Gaunce-Chinakhov,CBJ,line,5on5,3,982.0,13.0,0.14,0.42,0.23,2.37,0.08,0.15,0.52,0.07,1.18,1.01,0.08,0.08,0.08,1.0,2.0,8.0,11.0,0.0,0.0,0.0,1.0,0.0,1.0,1.0,1.0,3.0,1.0,2.0,13.0,7.0,2.0,8.0,3.0,0.0,0.0,0.08,0.0,0.0,0.0,0.0,0.0,11.07,3.0,3.09,6.0,0.03,0.0,0.0,0.11,0.12,0.12,7.22,0.49,0.34,1.68,0.21,4.04,3.24,0.49,0.49,0.49,7.0,3.0,5.0,15.0,1.0,0.0,0.0,0.0,0.0,3.0,6.0,6.0,9.0,1.0,2.0,8.0,4.0,0.0,3.0,9.0,0.0,1.0,0.25,0.0,0.24,1.0,0.0,0.0,15.37,10.0,10.24,2.0,0.07,0.0,0.0,0.56,0.56,0.56
847167584758108478438,2025,Novak-Crosby-Rust,PIT,line,5on5,8,2963.0,47.0,0.55,0.5,0.54,29.76,2.58,2.26,7.61,1.06,16.18,11.31,2.41,2.5,2.33,22.0,19.0,15.0,56.0,3.0,6.0,1.0,2.0,0.0,16.0,14.0,19.0,38.0,0.0,0.0,37.0,14.0,3.0,17.0,33.0,5.0,3.0,1.23,0.7,0.65,2.0,1.0,0.0,53.88,41.0,39.54,9.0,0.48,0.63,0.63,2.43,2.38,2.26,25.85,2.08,1.76,6.1,0.87,13.64,10.56,1.99,2.15,2.07,26.0,9.0,20.0,55.0,3.0,3.0,0.0,8.0,0.0,10.0,11.0,23.0,32.0,4.0,8.0,24.0,8.0,5.0,15.0,26.0,7.0,2.0,0.79,0.74,0.56,3.0,0.0,0.0,56.85,35.0,36.26,10.0,0.37,0.49,0.49,1.95,2.05,2.0
84741518482655,2025,Moser-Mcdonagh,TBL,pairing,5on5,13,1579.0,76.0,0.66,0.53,0.53,11.17,0.79,0.73,2.71,0.41,6.3,5.06,0.78,0.81,0.81,11.0,5.0,4.0,20.0,0.0,1.0,0.0,4.0,0.0,6.0,5.0,11.0,16.0,0.0,0.0,4.0,8.0,0.0,7.0,13.0,3.0,0.0,0.41,0.38,0.0,0.0,0.0,0.0,20.61,16.0,16.64,1.0,0.15,0.16,0.16,0.78,0.8,0.8,10.34,0.41,0.51,2.62,0.33,5.55,4.58,0.41,0.4,0.4,8.0,6.0,4.0,18.0,0.0,0.0,0.0,2.0,0.0,7.0,5.0,8.0,14.0,1.0,2.0,2.0,9.0,1.0,9.0,14.0,0.0,0.0,0.41,0.0,0.0,0.0,0.0,0.0,17.58,14.0,13.61,5.0,0.1,0.0,0.0,0.51,0.5,0.49
847750884782338485493,2025,Mangiapane-Lazar-Tomasek,EDM,line,5on5,4,932.0,22.0,0.38,0.42,0.48,6.97,0.49,0.45,1.71,0.26,4.05,3.04,0.49,0.52,0.51,6.0,4.0,1.0,11.0,0.0,1.0,0.0,3.0,0.0,3.0,3.0,6.0,10.0,0.0,0.0,5.0,10.0,0.0,5.0,8.0,2.0,0.0,0.23,0.27,0.0,0.0,0.0,0.0,12.13,10.0,10.76,3.0,0.09,0.01,0.01,0.57,0.6,0.59,7.9,0.81,0.43,1.98,0.27,4.13,3.38,0.81,0.77,0.76,5.0,6.0,4.0,15.0,1.0,2.0,1.0,0.0,0.0,3.0,5.0,4.0,10.0,0.0,0.0,5.0,6.0,1.0,4.0,8.0,1.0,2.0,0.12,0.15,0.55,0.0,0.0,1.0,14.14,11.0,10.27,3.0,0.09,0.55,0.55,0.35,0.34,0.34
848002384820898483516,2025,Neighbours-Thomas-Snuggerud,STL,line,5on5,10,2345.0,94.0,0.28,0.36,0.32,11.2,0.97,0.75,2.54,0.33,5.9,4.51,0.97,1.05,1.04,10.0,5.0,10.0,25.0,2.0,0.0,0.0,1.0,0.0,4.0,8.0,8.0,13.0,0.0,0.0,16.0,15.0,3.0,16.0,11.0,4.0,0.0,0.43,0.54,0.0,1.0,1.0,0.0,27.75,15.0,16.38,9.0,0.16,0.0,0.0,1.13,1.22,1.22,24.22,2.54,1.93,5.57,0.74,12.84,8.37,2.42,2.39,2.29,20.0,12.0,13.0,45.0,3.0,1.0,0.0,3.0,0.0,15.0,10.0,17.0,29.0,1.0,2.0,18.0,26.0,3.0,8.0,23.0,5.0,4.0,0.92,0.67,0.95,2.0,0.0,1.0,42.03,32.0,30.14,4.0,0.41,0.27,0.27,2.67,2.53,2.43
84808608484768,2025,Bahl-Parekh,CGY,pairing,5on5,9,864.0,67.0,0.36,0.48,0.4,7.43,0.43,0.39,1.82,0.23,3.88,3.25,0.43,0.43,0.43,7.0,3.0,4.0,14.0,1.0,0.0,0.0,0.0,0.0,1.0,8.0,6.0,9.0,0.0,0.0,2.0,5.0,2.0,8.0,9.0,1.0,0.0,0.31,0.11,0.0,1.0,0.0,0.0,13.51,10.0,9.99,6.0,0.08,0.0,0.0,0.51,0.51,0.51,10.29,0.77,0.71,2.38,0.34,6.48,4.32,0.75,0.77,0.75,12.0,3.0,0.0,15.0,0.0,1.0,0.0,3.0,0.0,4.0,7.0,12.0,15.0,0.0,0.0,3.0,7.0,1.0,8.0,12.0,2.0,1.0,0.39,0.17,0.21,0.0,0.0,0.0,15.57,15.0,15.37,4.0,0.14,0.07,0.07,0.85,0.85,0.84
848155484834978483524,2025,Nyman-Wright-Kakko,SEA,line,5on5,7,3289.0,24.0,0.71,0.56,0.61,43.9,5.44,2.96,10.72,1.47,20.85,15.55,4.65,5.23,4.47,41.0,16.0,19.0,76.0,2.0,8.0,2.0,8.0,0.0,20.0,19.0,39.0,55.0,3.0,8.0,19.0,18.0,5.0,26.0,41.0,8.0,8.0,1.25,1.15,3.05,0.0,0.0,2.0,72.11,57.0,54.93,16.0,0.63,2.98,2.98,3.1,2.98,2.91,26.26,2.28,1.97,6.33,0.94,14.74,10.74,2.23,2.29,2.24,28.0,9.0,23.0,60.0,2.0,2.0,1.0,6.0,1.0,11.0,15.0,26.0,35.0,3.0,6.0,32.0,22.0,4.0,15.0,26.0,10.0,1.0,0.69,1.29,0.3,0.0,1.0,1.0,60.37,37.0,36.99,9.0,0.42,0.46,0.46,2.23,2.23,2.2
847399484793518482740,2025,Benn-Steel-Johnston,DAL,line,5on5,4,613.0,46.0,0.66,0.45,0.41,5.23,1.07,0.45,0.93,0.16,2.59,1.8,1.03,1.21,1.17,5.0,2.0,3.0,10.0,2.0,1.0,1.0,0.0,0.0,2.0,2.0,3.0,5.0,0.0,0.0,3.0,5.0,1.0,2.0,3.0,3.0,1.0,0.16,0.36,0.55,0.0,1.0,1.0,11.59,7.0,7.95,1.0,0.09,0.55,0.55,0.61,0.68,0.68,7.0,0.55,0.46,1.86,0.26,4.12,2.74,0.54,0.5,0.49,3.0,7.0,2.0,12.0,1.0,1.0,1.0,0.0,0.0,3.0,5.0,2.0,9.0,1.0,2.0,5.0,1.0,0.0,8.0,8.0,1.0,1.0,0.19,0.12,0.25,0.0,0.0,1.0,11.01,10.0,9.17,4.0,0.1,0.25,0.25,0.4,0.37,0.37
84794028481167,2025,Bean-Pachal,CGY,pairing,5on5,7,4702.0,21.0,0.64,0.52,0.54,44.61,3.64,2.9,11.9,1.63,23.94,16.99,3.53,3.59,3.48,40.0,21.0,21.0,82.0,4.0,5.0,1.0,10.0,0.0,18.0,24.0,36.0,57.0,7.0,14.0,35.0,36.0,6.0,19.0,47.0,10.0,4.0,1.42,1.08,1.13,1.0,2.0,1.0,80.85,61.0,60.62,10.0,0.6,1.21,1.21,3.03,3.0,2.95,34.57,2.07,2.25,9.18,1.22,21.2,15.07,2.07,2.12,2.11,27.0,24.0,25.0,76.0,6.0,0.0,0.0,10.0,0.0,14.0,21.0,21.0,45.0,7.0,16.0,33.0,30.0,7.0,26.0,47.0,3.0,1.0,1.44,0.41,0.23,4.0,2.0,0.0,78.01,51.0,52.03,11.0,0.46,0.0,0.0,2.54,2.59,2.58
847638984785508482157,2025,Cuylle-Trocheck-Panarin,NYR,line,5on5,5,1619.0,46.0,0.41,0.6,0.56,17.53,1.15,1.09,4.64,0.57,9.61,6.95,1.13,1.18,1.17,12.0,12.0,15.0,39.0,2.0,1.0,0.0,2.0,0.0,8.0,11.0,10.0,22.0,0.0,0.0,17.0,11.0,1.0,6.0,19.0,5.0,0.0,0.56,0.59,0.0,1.0,1.0,0.0,40.12,24.0,25.1,4.0,0.23,0.19,0.19,1.19,1.21,1.2,13.95,1.64,1.05,3.63,0.52,7.0,5.16,1.59,1.69,1.63,11.0,8.0,7.0,26.0,2.0,5.0,0.0,1.0,0.0,4.0,7.0,9.0,17.0,2.0,4.0,7.0,8.0,4.0,7.0,11.0,6.0,2.0,0.33,0.8,0.51,1.0,1.0,0.0,26.16,19.0,19.48,2.0,0.22,0.69,0.69,1.17,1.2,1.16
847579484762788477454,2025,Erne-Seguin-Blackwell,DAL,line,5on5,3,1098.0,9.0,0.51,0.34,0.35,5.77,0.43,0.35,1.4,0.2,3.25,2.38,0.42,0.4,0.39,6.0,2.0,3.0,11.0,1.0,0.0,0.0,2.0,0.0,3.0,2.0,5.0,7.0,2.0,4.0,11.0,13.0,1.0,6.0,6.0,2.0,0.0,0.17,0.26,0.0,1.0,0.0,0.0,10.38,8.0,7.49,4.0,0.07,0.0,0.0,0.5,0.46,0.46,10.62,0.41,0.51,2.82,0.35,6.23,4.68,0.41,0.44,0.44,6.0,9.0,6.0,21.0,0.0,0.0,0.0,1.0,0.0,7.0,7.0,6.0,15.0,1.0,2.0,11.0,8.0,1.0,7.0,15.0,0.0,0.0,0.41,0.0,0.0,0.0,0.0,0.0,22.53,15.0,16.16,3.0,0.1,0.0,0.0,0.51,0.55,0.55
848171684824758484166,2025,Voronkov-Fantilli-Chinakhov,CBJ,line,5on5,4,671.0,52.0,0.13,0.25,0.21,2.22,0.07,0.14,0.73,0.07,1.11,0.88,0.07,0.07,0.07,2.0,1.0,2.0,5.0,0.0,0.0,0.0,2.0,0.0,1.0,0.0,2.0,3.0,0.0,0.0,6.0,5.0,0.0,3.0,3.0,0.0,0.0,0.07,0.0,0.0,0.0,0.0,0.0,4.88,3.0,2.89,1.0,0.03,0.0,0.0,0.1,0.1,0.1,7.71,0.48,0.45,2.02,0.27,4.64,3.15,0.47,0.48,0.48,8.0,3.0,4.0,15.0,3.0,0.0,0.0,2.0,0.0,2.0,4.0,5.0,8.0,0.0,0.0,8.0,1.0,0.0,0.0,8.0,3.0,0.0,0.21,0.27,0.0,1.0,2.0,0.0,15.64,11.0,11.35,0.0,0.09,0.0,0.0,0.57,0.57,0.57
847856984809808481481,2025,Dewar-Acciari-Lizotte,PIT,line,5on5,18,9175.0,63.0,0.49,0.51,0.51,65.86,5.03,4.47,15.99,2.12,36.07,26.33,4.99,5.19,5.15,60.0,30.0,47.0,137.0,7.0,4.0,0.0,10.0,0.0,39.0,30.0,53.0,83.0,9.0,24.0,88.0,79.0,7.0,37.0,70.0,17.0,3.0,2.01,2.33,0.69,4.0,3.0,0.0,141.66,90.0,92.89,20.0,0.93,0.51,0.51,5.45,5.62,5.59,64.97,5.14,4.25,16.49,2.1,33.85,25.18,4.94,5.05,4.86,62.0,25.0,45.0,132.0,4.0,4.0,0.0,13.0,0.0,32.0,34.0,58.0,83.0,9.0,27.0,63.0,97.0,13.0,46.0,69.0,14.0,4.0,2.12,1.89,1.13,2.0,2.0,0.0,128.46,87.0,84.96,19.0,0.9,1.13,1.13,4.91,4.8,4.66
84763728477948,2025,Sanheim-Seeler,PHI,pairing,5on5,30,8115.0,169.0,0.44,0.44,0.47,59.99,5.34,4.37,14.85,2.13,32.44,23.87,5.16,5.23,5.05,53.0,30.0,25.0,108.0,3.0,7.0,0.0,17.0,0.0,31.0,25.0,50.0,80.0,10.0,23.0,65.0,65.0,9.0,37.0,52.0,29.0,2.0,1.45,3.46,0.43,0.0,3.0,0.0,106.63,83.0,81.68,19.0,0.91,0.95,0.95,5.3,5.23,5.14,70.73,6.73,4.7,17.25,2.28,35.53,27.5,6.23,6.84,6.33,58.0,36.0,41.0,135.0,8.0,8.0,0.0,7.0,0.0,39.0,32.0,50.0,86.0,5.0,11.0,52.0,51.0,7.0,35.0,65.0,21.0,8.0,1.88,2.52,2.33,5.0,2.0,1.0,136.12,94.0,95.24,16.0,0.99,1.87,1.87,5.86,5.96,5.78
84745748480058,2025,Joseph-Myers,VAN,pairing,5on5,13,4177.0,63.0,0.49,0.53,0.5,34.84,2.43,2.21,8.65,1.11,20.01,14.59,2.4,2.41,2.38,25.0,24.0,19.0,68.0,1.0,1.0,0.0,5.0,0.0,24.0,18.0,24.0,48.0,4.0,8.0,17.0,31.0,7.0,16.0,41.0,5.0,3.0,1.05,0.7,0.68,1.0,0.0,0.0,66.94,49.0,48.22,4.0,0.45,0.23,0.23,2.65,2.63,2.6,34.86,2.57,2.23,9.46,1.19,19.48,14.07,2.44,2.54,2.42,31.0,18.0,12.0,61.0,4.0,4.0,1.0,7.0,0.0,19.0,15.0,27.0,45.0,1.0,2.0,27.0,25.0,7.0,21.0,39.0,8.0,2.0,1.06,1.03,0.48,1.0,2.0,1.0,61.26,49.0,49.19,18.0,0.47,0.63,0.63,2.41,2.39,2.33
847464184834558485493,2025,Howard-Tomasek-Henrique,EDM,line,5on5,8,1900.0,45.0,0.51,0.54,0.6,16.75,1.05,1.07,4.69,0.56,9.68,6.95,0.99,1.04,0.99,15.0,9.0,6.0,30.0,0.0,2.0,0.0,3.0,0.0,9.0,10.0,15.0,24.0,3.0,6.0,18.0,9.0,1.0,6.0,20.0,3.0,1.0,0.41,0.31,0.32,0.0,0.0,0.0,30.25,24.0,24.41,3.0,0.22,0.42,0.42,0.85,0.86,0.81,11.92,1.01,0.84,2.9,0.41,6.22,4.62,0.98,1.01,0.99,8.0,8.0,10.0,26.0,0.0,0.0,0.0,0.0,0.0,12.0,4.0,8.0,16.0,2.0,4.0,14.0,12.0,1.0,11.0,10.0,6.0,0.0,0.26,0.74,0.0,0.0,0.0,0.0,26.18,16.0,15.82,7.0,0.17,0.0,0.0,1.18,1.19,1.16
847591384779648478483,2025,Barbashev-Marner-Stone,VGK,line,5on5,5,2884.0,9.0,0.56,0.47,0.46,24.26,3.48,1.79,5.3,0.76,12.23,8.44,3.01,3.3,2.88,18.0,14.0,10.0,42.0,4.0,3.0,1.0,1.0,0.0,16.0,8.0,14.0,28.0,0.0,0.0,11.0,23.0,5.0,20.0,18.0,10.0,4.0,0.53,1.21,1.73,0.0,2.0,2.0,40.54,32.0,31.05,7.0,0.38,1.49,1.49,2.36,2.29,2.27,27.01,2.75,1.9,7.54,1.15,14.37,10.29,2.61,2.82,2.68,20.0,18.0,9.0,47.0,1.0,6.0,0.0,6.0,0.0,14.0,11.0,19.0,37.0,3.0,6.0,25.0,19.0,2.0,14.0,28.0,5.0,5.0,0.81,0.6,1.34,1.0,0.0,0.0,48.08,38.0,38.72,6.0,0.4,1.15,1.15,2.0,2.06,2.04
84754558483429,2025,Dillon-Casey,NJD,pairing,5on5,1,903.0,1.0,0.54,0.61,0.52,8.43,0.47,0.46,2.54,0.28,4.64,3.6,0.47,0.46,0.46,8.0,4.0,5.0,17.0,0.0,0.0,0.0,3.0,0.0,4.0,5.0,8.0,12.0,2.0,4.0,10.0,10.0,1.0,3.0,11.0,1.0,0.0,0.32,0.16,0.0,0.0,0.0,0.0,15.74,12.0,11.47,2.0,0.1,0.0,0.0,0.57,0.56,0.55,7.68,0.41,0.44,2.18,0.28,4.52,3.18,0.4,0.42,0.41,8.0,3.0,0.0,11.0,2.0,0.0,0.0,2.0,0.0,3.0,4.0,6.0,9.0,1.0,2.0,6.0,9.0,1.0,7.0,9.0,2.0,0.0,0.21,0.19,0.0,2.0,0.0,0.0,12.16,11.0,11.55,6.0,0.09,0.0,0.0,0.5,0.51,0.5
84788828481525,2025,Robertson-Gavrikov,NYR,pairing,5on5,23,1309.0,184.0,0.41,0.37,0.45,10.02,0.73,0.56,2.61,0.33,5.41,4.36,0.73,0.72,0.72,12.0,2.0,2.0,16.0,1.0,1.0,0.0,2.0,0.0,5.0,5.0,11.0,13.0,1.0,2.0,2.0,5.0,0.0,7.0,11.0,3.0,0.0,0.35,0.38,0.0,1.0,0.0,0.0,15.68,14.0,13.81,5.0,0.11,0.07,0.07,0.77,0.75,0.74,12.34,1.05,0.72,3.13,0.44,6.21,5.45,1.05,1.11,1.11,13.0,4.0,10.0,27.0,1.0,1.0,0.0,3.0,0.0,3.0,9.0,12.0,16.0,1.0,2.0,2.0,11.0,1.0,2.0,12.0,4.0,1.0,0.28,0.47,0.3,0.0,1.0,0.0,27.68,17.0,17.55,0.0,0.15,0.3,0.3,0.9,0.95,0.95
847578484788748480848,2025,Skinner-Dellandrea-Gaudette,SJS,line,5on5,5,1482.0,33.0,0.25,0.35,0.34,10.45,0.44,0.63,2.59,0.32,6.41,4.6,0.43,0.46,0.46,9.0,6.0,5.0,20.0,0.0,0.0,0.0,3.0,0.0,6.0,6.0,9.0,15.0,2.0,4.0,13.0,9.0,2.0,7.0,15.0,0.0,0.0,0.44,0.0,0.0,0.0,0.0,0.0,20.77,15.0,15.58,4.0,0.13,0.0,0.0,0.57,0.6,0.59,20.28,1.35,1.35,5.42,0.75,11.61,8.53,1.29,1.27,1.22,21.0,8.0,8.0,37.0,1.0,2.0,0.0,3.0,0.0,17.0,6.0,20.0,28.0,1.0,2.0,13.0,10.0,4.0,3.0,26.0,3.0,0.0,0.9,0.44,0.0,1.0,0.0,0.0,34.97,29.0,27.43,0.0,0.28,0.21,0.21,1.42,1.35,1.32
84769068480817,2025,Gostisbehere-Miller,CAR,pairing,5on5,19,1167.0,152.0,0.79,0.68,0.74,10.96,1.05,0.77,2.38,0.31,5.41,4.09,1.05,1.09,1.08,9.0,5.0,5.0,19.0,1.0,0.0,0.0,0.0,0.0,5.0,8.0,8.0,13.0,3.0,6.0,3.0,8.0,3.0,4.0,11.0,2.0,1.0,0.48,0.32,0.25,0.0,0.0,1.0,19.19,14.0,14.25,0.0,0.16,0.0,0.0,1.21,1.25,1.25,3.77,0.28,0.21,0.79,0.12,1.8,1.79,0.28,0.3,0.3,4.0,1.0,4.0,9.0,1.0,0.0,0.0,1.0,0.0,0.0,3.0,3.0,4.0,1.0,2.0,4.0,6.0,1.0,11.0,3.0,2.0,0.0,0.04,0.24,0.0,0.0,1.0,0.0,9.06,5.0,5.1,5.0,0.05,0.0,0.0,0.32,0.35,0.35
84788518481593,2025,Struble-Carrier,MTL,pairing,5on5,24,2695.0,171.0,0.44,0.45,0.46,23.04,2.1,1.39,5.64,0.72,12.32,8.83,2.03,2.06,2.0,14.0,17.0,12.0,43.0,0.0,1.0,0.0,2.0,0.0,15.0,13.0,14.0,31.0,7.0,14.0,15.0,16.0,4.0,13.0,23.0,6.0,2.0,0.75,0.85,0.51,0.0,0.0,0.0,42.44,31.0,30.59,6.0,0.29,0.18,0.18,2.21,2.16,2.13,26.64,2.63,2.02,6.81,0.95,13.85,9.75,2.43,2.66,2.47,24.0,12.0,16.0,52.0,2.0,6.0,1.0,2.0,0.0,18.0,8.0,22.0,34.0,3.0,6.0,13.0,17.0,8.0,12.0,23.0,13.0,0.0,0.69,1.94,0.0,1.0,1.0,0.0,52.95,36.0,36.24,8.0,0.43,1.02,1.02,2.04,2.08,2.02
84816068482095,2025,Kleven-Spence,OTT,pairing,5on5,28,17385.0,78.0,0.59,0.57,0.61,170.65,13.23,11.09,42.86,5.67,93.24,66.91,12.86,13.34,12.98,150.0,83.0,67.0,300.0,13.0,17.0,1.0,31.0,0.0,94.0,78.0,137.0,220.0,23.0,46.0,136.0,158.0,25.0,79.0,183.0,38.0,12.0,5.0,4.97,3.26,5.0,6.0,2.0,305.44,233.0,236.23,36.0,2.29,2.73,2.73,12.78,12.91,12.73,111.45,9.18,7.17,27.02,3.65,60.12,44.85,8.97,9.15,8.94,106.0,46.0,71.0,223.0,10.0,9.0,0.0,22.0,0.0,60.0,51.0,96.0,142.0,19.0,38.0,136.0,161.0,16.0,93.0,121.0,23.0,8.0,3.65,2.95,2.58,4.0,6.0,0.0,219.69,152.0,149.82,48.0,1.48,2.67,2.67,8.0,7.94,7.85
847121584757638477511,2025,Hayes-Malkin-Mantha,PIT,line,5on5,5,2726.0,19.0,0.45,0.46,0.43,15.33,1.16,1.19,3.56,0.55,9.01,6.53,1.15,1.12,1.11,15.0,7.0,10.0,32.0,2.0,1.0,1.0,4.0,0.0,8.0,7.0,13.0,20.0,2.0,4.0,17.0,8.0,1.0,15.0,16.0,6.0,0.0,0.48,0.68,0.0,2.0,0.0,0.0,31.83,22.0,21.66,2.0,0.25,0.01,0.01,1.4,1.35,1.34,21.01,1.41,1.29,5.62,0.68,11.46,8.54,1.4,1.48,1.46,15.0,14.0,8.0,37.0,1.0,0.0,0.0,5.0,0.0,11.0,12.0,14.0,28.0,2.0,4.0,18.0,12.0,7.0,14.0,25.0,3.0,1.0,0.76,0.44,0.21,1.0,0.0,0.0,38.25,29.0,29.9,5.0,0.27,0.0,0.0,1.68,1.75,1.73
847646184800158484142,2025,Barkey-Couturier-Tippett,PHI,line,5on5,7,4024.0,15.0,0.74,0.59,0.65,48.52,4.82,3.32,12.01,1.59,24.41,17.86,4.49,4.96,4.63,42.0,22.0,24.0,88.0,4.0,5.0,0.0,8.0,0.0,27.0,20.0,38.0,60.0,2.0,7.0,47.0,24.0,2.0,16.0,45.0,13.0,6.0,1.32,1.86,1.65,2.0,2.0,0.0,91.89,64.0,66.55,4.0,0.7,1.04,1.04,4.48,4.65,4.52,23.72,1.67,1.63,6.45,0.94,14.14,10.16,1.57,1.6,1.5,23.0,12.0,26.0,61.0,4.0,4.0,0.0,3.0,0.0,14.0,10.0,19.0,31.0,3.0,9.0,37.0,23.0,8.0,21.0,29.0,5.0,1.0,0.78,0.67,0.21,2.0,1.0,1.0,58.27,35.0,33.26,11.0,0.34,0.2,0.2,1.81,1.72,1.61
84775418481122,2025,Benoit-Mermis,TOR,pairing,5on5,4,712.0,33.0,0.61,0.48,0.56,7.65,0.71,0.54,1.77,0.22,4.1,2.67,0.7,0.72,0.71,9.0,1.0,1.0,11.0,1.0,1.0,1.0,4.0,0.0,3.0,1.0,8.0,9.0,3.0,15.0,3.0,5.0,1.0,3.0,8.0,0.0,2.0,0.17,0.0,0.55,0.0,0.0,1.0,10.74,10.0,10.0,1.0,0.11,0.33,0.33,0.5,0.48,0.48,5.86,0.46,0.37,1.43,0.2,3.15,2.39,0.46,0.47,0.47,3.0,5.0,4.0,12.0,0.0,0.0,0.0,0.0,0.0,4.0,4.0,3.0,8.0,4.0,17.0,1.0,4.0,0.0,3.0,5.0,3.0,0.0,0.14,0.32,0.0,0.0,0.0,0.0,12.23,8.0,8.1,3.0,0.08,0.0,0.0,0.54,0.55,0.55
847572284820978483500,2025,Zucker-Ostlund-Quinn,BUF,line,5on5,10,2356.0,64.0,0.48,0.43,0.43,16.12,1.35,1.06,3.95,0.48,8.85,6.3,1.33,1.33,1.31,16.0,6.0,9.0,31.0,1.0,0.0,0.0,3.0,0.0,7.0,11.0,15.0,21.0,1.0,2.0,11.0,10.0,2.0,6.0,16.0,4.0,2.0,0.46,0.4,0.49,0.0,0.0,1.0,30.89,22.0,21.99,3.0,0.22,0.0,0.0,1.57,1.54,1.52,21.28,1.47,1.38,5.4,0.72,11.49,8.55,1.44,1.53,1.49,20.0,9.0,12.0,41.0,1.0,2.0,1.0,6.0,0.0,7.0,13.0,19.0,28.0,1.0,2.0,19.0,20.0,4.0,8.0,23.0,6.0,0.0,0.76,0.72,0.0,0.0,1.0,0.0,41.75,29.0,29.65,3.0,0.29,0.27,0.27,1.48,1.53,1.52
847793484784588481617,2025,Roslovic-Draisaitl-Podkolzin,EDM,line,5on5,22,9713.0,113.0,0.44,0.52,0.52,91.72,6.6,5.23,23.18,2.82,47.31,36.86,6.47,6.67,6.54,86.0,36.0,42.0,164.0,8.0,2.0,1.0,20.0,0.0,37.0,55.0,78.0,114.0,9.0,18.0,71.0,52.0,17.0,64.0,97.0,23.0,2.0,3.3,2.62,0.68,4.0,4.0,0.0,165.4,122.0,122.19,31.0,1.08,0.29,0.29,7.39,7.45,7.38,83.15,8.39,5.62,19.86,2.73,44.08,32.31,8.08,8.4,8.1,71.0,42.0,39.0,152.0,7.0,8.0,1.0,12.0,0.0,35.0,51.0,64.0,106.0,8.0,14.0,80.0,46.0,15.0,49.0,77.0,27.0,9.0,2.6,3.53,2.27,3.0,3.0,1.0,152.13,113.0,113.2,23.0,1.17,1.71,1.71,7.86,7.88,7.8
847168584796758482155,2025,Moore-Kopitar-Laferriere,LAK,line,5on5,6,692.0,98.0,0.68,0.4,0.33,4.81,0.78,0.33,1.18,0.15,2.02,1.54,0.7,0.83,0.74,5.0,1.0,4.0,10.0,1.0,3.0,1.0,1.0,0.0,1.0,0.0,4.0,5.0,0.0,0.0,6.0,7.0,1.0,5.0,2.0,2.0,2.0,0.02,0.24,0.52,0.0,1.0,0.0,10.65,6.0,6.25,4.0,0.07,0.68,0.68,0.17,0.18,0.17,8.52,0.37,0.43,2.45,0.28,4.89,3.58,0.37,0.35,0.35,7.0,5.0,3.0,15.0,0.0,0.0,0.0,0.0,0.0,7.0,5.0,7.0,12.0,0.0,0.0,5.0,0.0,4.0,6.0,12.0,0.0,0.0,0.37,0.0,0.0,0.0,0.0,0.0,14.16,12.0,11.48,2.0,0.09,0.0,0.0,0.46,0.43,0.43
847692584784348479353,2025,Sissons-Howden-Kolesar,VGK,line,5on5,7,2600.0,26.0,0.39,0.48,0.48,18.01,1.32,1.32,4.73,0.59,10.02,7.03,1.3,1.34,1.32,18.0,7.0,14.0,39.0,1.0,1.0,0.0,4.0,0.0,10.0,9.0,17.0,24.0,4.0,11.0,39.0,45.0,4.0,15.0,19.0,5.0,1.0,0.41,0.56,0.35,0.0,1.0,0.0,38.62,25.0,24.51,8.0,0.28,0.35,0.35,1.24,1.25,1.24,20.71,2.08,1.52,5.68,0.68,9.95,7.09,1.91,2.07,1.9,20.0,7.0,15.0,42.0,3.0,5.0,2.0,5.0,0.0,7.0,7.0,17.0,24.0,5.0,16.0,19.0,39.0,4.0,19.0,18.0,6.0,3.0,0.48,0.91,0.69,0.0,2.0,1.0,43.09,27.0,27.62,6.0,0.32,0.83,0.83,1.57,1.57,1.48
84752798481542,2025,Chiarot-Seider,DET,pairing,5on5,34,11425.0,205.0,0.54,0.53,0.53,100.68,7.35,6.46,26.09,3.38,54.83,39.89,7.16,7.21,7.03,97.0,41.0,59.0,197.0,8.0,5.0,1.0,23.0,1.0,62.0,39.0,89.0,130.0,10.0,23.0,114.0,97.0,12.0,55.0,109.0,25.0,4.0,3.11,3.08,1.16,5.0,2.0,1.0,192.39,138.0,135.54,23.0,1.34,1.09,1.1,7.59,7.47,7.37,89.63,6.24,5.67,23.2,3.06,48.44,37.4,6.0,6.4,6.16,89.0,35.0,51.0,175.0,7.0,8.0,0.0,20.0,0.0,42.0,47.0,82.0,117.0,10.0,23.0,104.0,63.0,9.0,54.0,99.0,21.0,4.0,2.77,2.36,1.1,4.0,1.0,2.0,178.04,124.0,125.57,30.0,1.18,0.91,0.91,6.51,6.68,6.47
84811678482165,2025,Kuznetsov-Pachal,CGY,pairing,5on5,12,1889.0,70.0,0.52,0.53,0.53,16.04,0.98,1.19,3.65,0.51,9.68,7.0,0.97,0.99,0.98,14.0,9.0,12.0,35.0,1.0,1.0,0.0,3.0,0.0,11.0,7.0,13.0,22.0,1.0,2.0,6.0,18.0,3.0,8.0,18.0,5.0,0.0,0.41,0.57,0.0,1.0,0.0,0.0,35.44,23.0,22.98,3.0,0.24,0.01,0.01,1.21,1.22,1.22,14.54,0.92,0.8,3.95,0.45,7.87,6.01,0.92,0.91,0.91,12.0,8.0,11.0,31.0,0.0,0.0,0.0,2.0,0.0,11.0,7.0,12.0,20.0,2.0,4.0,12.0,13.0,1.0,3.0,17.0,3.0,0.0,0.45,0.47,0.0,0.0,0.0,0.0,30.42,20.0,19.66,1.0,0.16,0.0,0.0,1.08,1.07,1.07
848155684836098484821,2025,Beecher-Morton-Klapka,CGY,line,5on5,2,646.0,8.0,0.18,0.41,0.38,3.89,0.1,0.15,1.21,0.13,1.76,1.65,0.1,0.12,0.12,4.0,1.0,4.0,9.0,0.0,0.0,0.0,1.0,0.0,3.0,1.0,4.0,5.0,0.0,0.0,4.0,6.0,1.0,4.0,5.0,0.0,0.0,0.1,0.0,0.0,0.0,0.0,0.0,10.04,5.0,5.62,2.0,0.03,0.0,0.0,0.14,0.15,0.15,5.49,0.47,0.39,1.4,0.18,3.27,2.3,0.46,0.42,0.42,5.0,3.0,5.0,13.0,0.0,1.0,0.0,1.0,0.0,4.0,2.0,5.0,8.0,1.0,2.0,6.0,6.0,0.0,1.0,7.0,0.0,1.0,0.26,0.0,0.21,0.0,0.0,0.0,11.71,8.0,7.24,0.0,0.08,0.21,0.21,0.34,0.31,0.31
847847284793858484164,2025,Kyrou-Dvorsky-Joseph,STL,line,5on5,2,823.0,6.0,0.84,0.67,0.78,5.07,0.3,0.37,1.33,0.15,2.88,1.97,0.3,0.3,0.3,4.0,3.0,3.0,10.0,0.0,1.0,0.0,1.0,0.0,3.0,2.0,4.0,7.0,1.0,5.0,14.0,9.0,2.0,3.0,6.0,1.0,0.0,0.22,0.08,0.0,0.0,0.0,0.0,9.97,7.0,7.03,2.0,0.07,0.06,0.06,0.31,0.32,0.32,1.35,0.06,0.07,0.45,0.05,0.83,0.54,0.06,0.06,0.06,1.0,1.0,3.0,5.0,0.0,0.0,0.0,1.0,0.0,1.0,0.0,1.0,2.0,2.0,7.0,4.0,7.0,2.0,3.0,2.0,0.0,0.0,0.06,0.0,0.0,0.0,0.0,0.0,4.91,2.0,1.94,1.0,0.01,0.0,0.0,0.07,0.07,0.07
84800438484806,2025,Dickinson-Liljegren,SJS,pairing,5on5,16,2597.0,112.0,0.39,0.32,0.28,14.36,1.39,1.13,3.3,0.4,6.95,4.83,1.3,1.38,1.28,13.0,5.0,11.0,29.0,1.0,2.0,0.0,2.0,0.0,7.0,6.0,12.0,17.0,4.0,8.0,26.0,23.0,3.0,15.0,10.0,7.0,1.0,0.22,0.89,0.28,0.0,1.0,0.0,29.1,18.0,17.75,6.0,0.23,0.41,0.41,1.21,1.19,1.18,32.92,2.17,2.1,8.45,1.06,19.02,13.21,2.1,2.16,2.09,25.0,21.0,16.0,62.0,5.0,2.0,0.0,5.0,0.0,19.0,15.0,20.0,41.0,5.0,8.0,21.0,12.0,2.0,11.0,39.0,6.0,1.0,1.1,0.79,0.29,4.0,1.0,0.0,62.82,46.0,46.19,2.0,0.43,0.33,0.33,2.27,2.29,2.2
84784078479324,2025,Dunn-Lindgren,SEA,pairing,5on5,23,1168.0,196.0,0.44,0.56,0.5,9.17,0.54,0.49,2.38,0.3,5.23,4.06,0.54,0.54,0.54,8.0,5.0,6.0,19.0,1.0,0.0,0.0,1.0,0.0,5.0,6.0,7.0,12.0,0.0,0.0,0.0,4.0,0.0,2.0,10.0,3.0,0.0,0.23,0.31,0.0,1.0,0.0,0.0,19.36,13.0,13.28,1.0,0.1,0.0,0.0,0.64,0.64,0.64,9.3,0.69,0.66,2.04,0.27,5.3,4.04,0.69,0.7,0.69,8.0,5.0,2.0,15.0,0.0,0.0,0.0,1.0,0.0,5.0,7.0,8.0,13.0,1.0,2.0,3.0,15.0,3.0,4.0,10.0,3.0,0.0,0.32,0.36,0.0,0.0,0.0,0.0,15.48,13.0,13.27,1.0,0.14,0.0,0.0,0.82,0.83,0.83
847398684834458484153,2025,Killorn-Carlsson-Gauthier,ANA,line,5on5,10,4316.0,42.0,0.49,0.55,0.54,40.2,2.97,2.63,10.72,1.31,22.18,16.18,2.93,3.05,3.0,41.0,15.0,28.0,84.0,3.0,4.0,1.0,13.0,0.0,17.0,19.0,38.0,53.0,2.0,4.0,35.0,20.0,9.0,25.0,46.0,7.0,3.0,1.12,0.87,0.99,1.0,1.0,1.0,82.68,56.0,55.46,12.0,0.55,1.17,1.17,2.35,2.35,2.32,34.79,3.09,2.35,8.23,1.22,18.98,14.13,2.75,3.0,2.68,29.0,19.0,20.0,68.0,1.0,4.0,0.0,9.0,0.0,16.0,18.0,28.0,47.0,7.0,14.0,39.0,24.0,4.0,27.0,31.0,15.0,2.0,0.79,1.79,0.5,1.0,0.0,0.0,67.87,48.0,47.31,9.0,0.49,0.46,0.46,3.12,3.05,2.92
848007484827758484984,2025,Texier-Kapanen-Demidov,MTL,line,5on5,6,2650.0,30.0,0.52,0.53,0.51,19.24,1.93,1.23,4.25,0.62,10.5,7.47,1.87,1.85,1.8,16.0,10.0,15.0,41.0,1.0,1.0,0.0,3.0,0.0,10.0,11.0,15.0,25.0,2.0,4.0,14.0,7.0,2.0,11.0,17.0,8.0,1.0,0.69,1.03,0.21,0.0,1.0,0.0,39.11,26.0,25.07,6.0,0.25,0.09,0.09,2.09,2.01,1.96,19.63,1.81,1.23,4.96,0.62,9.09,7.29,1.73,1.92,1.83,20.0,5.0,12.0,37.0,1.0,4.0,0.0,6.0,0.0,5.0,9.0,19.0,24.0,3.0,6.0,23.0,15.0,4.0,15.0,15.0,8.0,2.0,0.33,1.03,0.46,0.0,1.0,0.0,39.44,25.0,26.29,7.0,0.26,0.77,0.77,1.31,1.35,1.34
847747684774928480039,2025,Lehkonen-Mackinnon-Necas,COL,line,5on5,38,23034.0,101.0,0.58,0.55,0.54,249.02,23.86,16.6,61.77,8.1,131.76,95.91,22.58,24.58,23.27,224.0,114.0,148.0,486.0,33.0,27.0,7.0,37.0,0.0,129.0,112.0,191.0,305.0,28.0,57.0,209.0,79.0,33.0,134.0,243.0,73.0,22.0,8.52,9.15,6.19,17.0,11.0,5.0,501.15,338.0,347.8,54.0,3.49,6.07,6.07,21.28,21.88,21.22,215.89,17.54,13.98,55.66,7.23,111.62,82.97,16.9,17.05,16.43,187.0,102.0,108.0,397.0,10.0,28.0,2.0,50.0,0.0,94.0,107.0,177.0,279.0,27.0,57.0,252.0,128.0,33.0,117.0,217.0,53.0,19.0,5.73,7.15,4.66,4.0,4.0,2.0,384.68,289.0,281.06,62.0,2.93,4.9,4.9,15.57,15.14,14.92
84781368484798,2025,Middleton-Buium,MIN,pairing,5on5,18,1114.0,129.0,0.57,0.62,0.53,6.59,0.7,0.48,1.47,0.21,3.48,2.66,0.67,0.71,0.68,6.0,3.0,7.0,16.0,1.0,0.0,0.0,0.0,0.0,5.0,3.0,5.0,8.0,0.0,0.0,4.0,13.0,2.0,5.0,6.0,2.0,1.0,0.18,0.27,0.24,1.0,0.0,0.0,16.17,9.0,8.87,4.0,0.1,0.0,0.0,0.8,0.81,0.78,6.08,0.53,0.45,1.3,0.18,3.27,2.27,0.52,0.55,0.54,5.0,3.0,2.0,10.0,0.0,0.0,0.0,2.0,0.0,3.0,3.0,5.0,8.0,0.0,0.0,4.0,5.0,4.0,6.0,6.0,2.0,0.0,0.25,0.28,0.0,0.0,0.0,0.0,10.32,8.0,8.35,2.0,0.1,0.0,0.0,0.62,0.65,0.64
847645384774048478519,2025,Guentzel-Cirelli-Kucherov,TBL,line,5on5,16,1030.0,175.0,0.58,0.61,0.57,8.21,0.51,0.55,1.9,0.25,5.02,3.77,0.51,0.5,0.5,7.0,5.0,5.0,17.0,1.0,0.0,0.0,3.0,0.0,4.0,4.0,6.0,11.0,0.0,0.0,5.0,4.0,5.0,5.0,11.0,1.0,0.0,0.42,0.09,0.0,1.0,0.0,0.0,17.21,12.0,12.12,1.0,0.11,0.0,0.0,0.62,0.61,0.61,6.53,0.37,0.37,1.67,0.21,3.75,2.62,0.37,0.4,0.4,8.0,1.0,2.0,11.0,1.0,0.0,0.0,1.0,0.0,2.0,5.0,7.0,8.0,3.0,6.0,9.0,12.0,0.0,3.0,9.0,0.0,0.0,0.37,0.0,0.0,1.0,0.0,0.0,11.53,9.0,9.38,2.0,0.08,0.0,0.0,0.45,0.48,0.48
84775048480145,2025,Morrissey-Pionk,WPG,pairing,5on5,32,5182.0,198.0,0.51,0.51,0.54,46.43,3.3,2.97,10.95,1.56,25.94,20.29,3.24,3.28,3.22,38.0,27.0,16.0,81.0,6.0,2.0,0.0,8.0,0.0,25.0,24.0,32.0,59.0,6.0,12.0,32.0,31.0,8.0,18.0,50.0,13.0,2.0,1.34,1.53,0.43,3.0,3.0,0.0,81.15,65.0,65.33,9.0,0.61,0.35,0.35,3.56,3.57,3.53,41.2,3.17,2.77,10.23,1.39,22.47,15.98,3.07,3.19,3.1,40.0,16.0,23.0,79.0,4.0,5.0,0.0,8.0,0.0,22.0,17.0,36.0,52.0,6.0,12.0,45.0,20.0,10.0,19.0,44.0,9.0,3.0,1.27,1.09,0.82,2.0,2.0,0.0,79.49,56.0,55.81,6.0,0.57,0.72,0.72,3.02,3.04,3.02
847579884775278480068,2025,Johnston-Poehling-Granlund,ANA,line,5on5,5,1511.0,35.0,0.36,0.4,0.41,12.12,0.94,0.78,3.28,0.44,6.74,4.81,0.92,0.97,0.95,13.0,4.0,6.0,23.0,0.0,1.0,0.0,3.0,0.0,4.0,9.0,13.0,17.0,1.0,2.0,12.0,12.0,2.0,4.0,13.0,3.0,1.0,0.43,0.32,0.2,0.0,0.0,0.0,24.03,17.0,17.49,2.0,0.17,0.2,0.2,0.91,0.93,0.91,15.84,1.66,1.23,4.1,0.63,9.74,6.63,1.6,1.61,1.55,17.0,7.0,11.0,35.0,1.0,2.0,1.0,0.0,0.0,12.0,9.0,16.0,23.0,0.0,0.0,13.0,7.0,6.0,6.0,21.0,1.0,2.0,0.83,0.11,0.71,0.0,0.0,1.0,34.09,24.0,23.57,3.0,0.26,0.71,0.71,1.2,1.17,1.12
84764678479324,2025,Lindgren-Oleksiak,SEA,pairing,5on5,25,5051.0,198.0,0.35,0.45,0.43,37.58,2.19,2.39,9.78,1.28,21.5,15.86,2.17,2.31,2.29,37.0,16.0,22.0,75.0,1.0,0.0,0.0,13.0,0.0,22.0,17.0,36.0,52.0,2.0,4.0,31.0,28.0,8.0,23.0,47.0,5.0,1.0,1.4,0.54,0.25,0.0,1.0,0.0,77.79,53.0,55.03,11.0,0.49,0.0,0.0,2.68,2.82,2.79,49.81,4.15,3.43,12.58,1.67,27.18,19.99,4.07,3.96,3.88,48.0,21.0,22.0,91.0,3.0,4.0,0.0,11.0,0.0,26.0,25.0,45.0,66.0,5.0,10.0,46.0,31.0,7.0,24.0,52.0,14.0,3.0,1.44,1.81,0.9,1.0,1.0,1.0,87.21,69.0,66.35,12.0,0.71,0.49,0.49,4.37,4.17,4.09
847994484808068483432,2025,Aston-Reese-Del Bel Belluz-Lundestrm,CBJ,line,5on5,2,915.0,8.0,0.4,0.35,0.41,4.27,0.36,0.43,1.13,0.21,2.8,2.07,0.36,0.39,0.39,3.0,4.0,2.0,9.0,0.0,1.0,0.0,1.0,0.0,2.0,3.0,3.0,7.0,2.0,4.0,3.0,8.0,1.0,3.0,6.0,0.0,1.0,0.11,0.0,0.25,0.0,0.0,0.0,9.34,7.0,7.2,2.0,0.09,0.01,0.01,0.44,0.47,0.47,6.98,0.55,0.49,1.74,0.24,4.03,2.95,0.53,0.57,0.54,6.0,4.0,7.0,17.0,0.0,1.0,0.0,1.0,0.0,6.0,2.0,6.0,10.0,1.0,2.0,12.0,5.0,0.0,3.0,9.0,0.0,1.0,0.27,0.0,0.28,0.0,0.0,0.0,17.54,10.0,10.32,1.0,0.1,0.28,0.28,0.37,0.38,0.37
84799808483565,2025,Hague-Blankenburg,NSH,pairing,5on5,24,15978.0,84.0,0.57,0.54,0.52,139.47,13.46,10.11,33.83,4.76,75.59,54.25,12.89,13.45,12.89,121.0,71.0,88.0,280.0,7.0,19.0,1.0,30.0,0.0,72.0,64.0,114.0,185.0,9.0,18.0,117.0,115.0,27.0,67.0,141.0,36.0,15.0,4.44,4.66,4.36,5.0,2.0,0.0,275.09,192.0,189.47,32.0,2.12,4.21,4.21,11.37,11.36,11.13,129.41,10.34,9.06,31.82,4.54,72.07,52.17,10.03,10.36,10.05,121.0,59.0,55.0,235.0,10.0,10.0,3.0,28.0,0.0,61.0,71.0,111.0,170.0,13.0,26.0,98.0,119.0,13.0,73.0,140.0,34.0,6.0,4.14,4.37,1.82,8.0,0.0,2.0,239.32,180.0,182.71,44.0,1.89,1.92,1.92,10.31,10.35,10.22
84745688477504,2025,Morrissey-Schenn,WPG,pairing,5on5,18,1677.0,145.0,0.28,0.4,0.32,5.56,0.28,0.33,1.47,0.22,3.27,2.43,0.27,0.26,0.26,6.0,2.0,6.0,14.0,0.0,0.0,0.0,5.0,0.0,2.0,1.0,6.0,8.0,0.0,0.0,9.0,13.0,2.0,6.0,7.0,1.0,0.0,0.16,0.11,0.0,0.0,0.0,0.0,14.38,8.0,7.9,2.0,0.07,0.0,0.0,0.34,0.33,0.33,11.86,0.71,0.79,3.17,0.37,7.03,4.93,0.7,0.72,0.71,10.0,7.0,4.0,21.0,1.0,0.0,0.0,1.0,0.0,9.0,6.0,9.0,16.0,3.0,6.0,11.0,8.0,3.0,1.0,14.0,3.0,0.0,0.39,0.33,0.0,0.0,1.0,0.0,20.89,17.0,16.85,1.0,0.16,0.0,0.0,0.87,0.88,0.87
84757538476892,2025,Parayko-Faulk,STL,pairing,5on5,34,1833.0,275.0,0.28,0.33,0.2,4.38,0.39,0.33,0.9,0.14,2.41,1.83,0.39,0.38,0.38,4.0,2.0,9.0,15.0,0.0,0.0,0.0,2.0,0.0,2.0,2.0,4.0,6.0,2.0,4.0,2.0,7.0,2.0,13.0,4.0,2.0,0.0,0.12,0.27,0.0,0.0,0.0,0.0,14.86,6.0,5.76,6.0,0.07,0.0,0.0,0.46,0.44,0.44,17.1,0.99,1.19,3.83,0.56,9.7,7.73,0.98,1.02,1.0,13.0,11.0,7.0,31.0,2.0,1.0,0.0,3.0,0.0,8.0,10.0,11.0,22.0,0.0,0.0,2.0,8.0,4.0,5.0,21.0,3.0,0.0,0.67,0.33,0.0,2.0,0.0,0.0,31.58,24.0,24.56,2.0,0.24,0.11,0.11,1.12,1.17,1.14
847531484764198477494,2025,Lee-Pageau-Drouin,NYI,line,5on5,3,776.0,19.0,0.66,0.68,0.65,10.49,1.03,0.81,2.69,0.42,6.0,4.05,0.96,1.12,1.04,7.0,8.0,6.0,21.0,0.0,4.0,0.0,3.0,0.0,3.0,5.0,7.0,15.0,0.0,0.0,7.0,4.0,0.0,3.0,11.0,3.0,1.0,0.32,0.38,0.34,0.0,0.0,0.0,22.73,15.0,16.27,2.0,0.16,0.65,0.65,0.55,0.6,0.57,5.86,0.53,0.41,1.25,0.18,3.37,2.26,0.53,0.49,0.49,6.0,2.0,2.0,10.0,0.0,0.0,0.0,2.0,0.0,2.0,4.0,6.0,8.0,1.0,2.0,4.0,4.0,1.0,3.0,5.0,2.0,1.0,0.16,0.17,0.2,0.0,0.0,0.0,9.18,8.0,7.41,1.0,0.09,0.0,0.0,0.62,0.57,0.57
847351284780208482092,2025,Amadio-Greig-Giroux,OTT,line,5on5,14,6254.0,62.0,0.53,0.52,0.53,49.73,3.85,3.34,11.77,1.53,24.89,19.63,3.54,3.84,3.55,40.0,25.0,26.0,91.0,4.0,6.0,0.0,9.0,0.0,27.0,19.0,36.0,61.0,6.0,15.0,79.0,30.0,4.0,20.0,50.0,12.0,3.0,1.21,1.61,1.03,1.0,2.0,1.0,91.48,65.0,65.25,10.0,0.7,1.13,1.13,3.43,3.48,3.41,40.38,3.46,3.12,10.08,1.41,22.73,16.19,3.1,3.47,3.11,42.0,15.0,26.0,83.0,2.0,8.0,1.0,10.0,0.0,22.0,15.0,40.0,55.0,3.0,9.0,57.0,51.0,6.0,35.0,44.0,10.0,3.0,1.38,1.3,0.78,1.0,0.0,1.0,83.29,57.0,57.15,18.0,0.65,1.04,1.04,3.08,3.06,2.9
847701584817218482110,2025,Gritsyuk-Mercer-Brown,NJD,line,5on5,6,924.0,41.0,0.65,0.65,0.65,9.12,0.63,0.58,2.57,0.32,5.19,3.71,0.62,0.62,0.61,6.0,7.0,0.0,13.0,0.0,1.0,0.0,1.0,0.0,5.0,6.0,6.0,13.0,2.0,4.0,4.0,4.0,4.0,1.0,10.0,3.0,0.0,0.26,0.38,0.0,0.0,0.0,0.0,12.28,13.0,12.68,0.0,0.12,0.02,0.02,0.73,0.71,0.7,5.3,0.34,0.24,1.34,0.18,2.55,2.33,0.34,0.35,0.35,6.0,1.0,0.0,7.0,2.0,1.0,0.0,0.0,0.0,0.0,4.0,4.0,5.0,2.0,4.0,4.0,1.0,3.0,7.0,5.0,2.0,0.0,0.13,0.21,0.0,2.0,0.0,0.0,7.82,7.0,7.34,4.0,0.05,0.03,0.03,0.36,0.37,0.37
847740784775008482476,2025,Duclair-Horvat-Heineman,NYI,line,5on5,4,665.0,45.0,0.42,0.64,0.53,7.0,0.3,0.44,1.86,0.23,4.15,3.02,0.3,0.28,0.28,6.0,4.0,8.0,18.0,1.0,1.0,0.0,1.0,0.0,3.0,4.0,5.0,9.0,1.0,2.0,5.0,4.0,0.0,2.0,9.0,1.0,0.0,0.2,0.1,0.0,1.0,0.0,0.0,16.48,10.0,9.32,0.0,0.09,0.02,0.02,0.36,0.34,0.34,6.18,0.41,0.38,1.51,0.24,3.63,2.83,0.4,0.44,0.43,5.0,4.0,1.0,10.0,0.0,1.0,0.0,2.0,0.0,3.0,3.0,5.0,9.0,1.0,2.0,5.0,6.0,2.0,5.0,7.0,2.0,0.0,0.19,0.22,0.0,0.0,0.0,0.0,11.37,9.0,10.09,2.0,0.08,0.01,0.01,0.47,0.51,0.51
847523184812378483553,2025,Maclean-Cizikas-Gatcomb,NYI,line,5on5,13,6572.0,33.0,0.53,0.47,0.51,44.58,3.91,2.78,11.99,1.52,23.77,17.03,3.8,3.87,3.76,38.0,23.0,22.0,83.0,2.0,7.0,1.0,10.0,0.0,24.0,18.0,36.0,59.0,7.0,14.0,57.0,105.0,10.0,26.0,48.0,8.0,5.0,1.14,1.12,1.65,0.0,2.0,0.0,82.94,61.0,60.58,15.0,0.58,1.57,1.57,2.92,2.91,2.88,42.34,3.5,2.61,10.95,1.44,22.27,17.24,3.3,3.53,3.33,36.0,22.0,35.0,93.0,2.0,2.0,1.0,6.0,0.0,30.0,18.0,34.0,56.0,6.0,14.0,57.0,48.0,7.0,25.0,45.0,10.0,3.0,1.23,1.34,0.93,1.0,0.0,1.0,92.66,58.0,58.05,11.0,0.55,0.71,0.71,3.34,3.32,3.18
84752798481607,2025,Chiarot-Johansson,DET,pairing,5on5,36,3581.0,227.0,0.22,0.32,0.29,13.9,0.93,0.9,3.19,0.47,8.25,6.25,0.93,0.94,0.94,15.0,5.0,13.0,33.0,1.0,0.0,0.0,3.0,0.0,8.0,8.0,14.0,19.0,5.0,10.0,25.0,21.0,9.0,18.0,17.0,3.0,0.0,0.59,0.34,0.0,1.0,0.0,0.0,33.45,20.0,20.2,5.0,0.19,0.0,0.0,1.12,1.13,1.12,35.88,3.3,2.53,8.71,1.23,18.76,13.48,2.98,3.18,2.89,31.0,17.0,21.0,69.0,0.0,4.0,0.0,7.0,0.0,25.0,12.0,31.0,48.0,4.0,8.0,21.0,16.0,5.0,12.0,35.0,10.0,3.0,1.15,1.31,0.85,0.0,0.0,0.0,66.84,48.0,46.7,5.0,0.53,0.92,0.92,2.91,2.83,2.73
84793458480873,2025,Chychrun-Sandin,WSH,pairing,5on5,30,3090.0,235.0,0.52,0.61,0.58,27.06,2.28,1.72,6.52,0.87,14.42,11.18,2.23,2.33,2.29,24.0,13.0,18.0,55.0,6.0,2.0,1.0,2.0,0.0,11.0,16.0,18.0,31.0,3.0,6.0,17.0,26.0,2.0,13.0,29.0,5.0,3.0,0.88,0.52,0.88,2.0,2.0,2.0,55.43,37.0,37.2,7.0,0.36,0.54,0.54,2.09,2.13,2.1,20.38,2.13,1.44,4.74,0.66,10.21,7.82,2.11,2.18,2.16,16.0,11.0,8.0,35.0,1.0,4.0,0.0,3.0,0.0,8.0,11.0,15.0,26.0,5.0,10.0,20.0,20.0,4.0,9.0,17.0,7.0,3.0,0.47,0.86,0.8,1.0,0.0,0.0,35.47,27.0,27.53,5.0,0.3,0.57,0.57,1.87,1.92,1.91
848480184849118484994,2025,Chernyshov-Celebrini-Graf,SJS,line,5on5,5,2712.0,19.0,0.71,0.54,0.53,26.87,3.55,2.24,6.46,0.9,12.69,9.16,3.35,3.4,3.21,20.0,15.0,11.0,46.0,4.0,5.0,2.0,6.0,0.0,12.0,8.0,16.0,31.0,1.0,2.0,23.0,13.0,2.0,18.0,19.0,12.0,4.0,0.7,1.76,1.1,1.0,1.0,2.0,43.93,35.0,34.01,5.0,0.48,0.89,0.89,3.14,3.01,2.94,21.53,1.43,1.47,5.72,0.74,12.61,9.03,1.4,1.49,1.46,21.0,10.0,8.0,39.0,2.0,2.0,0.0,4.0,0.0,15.0,8.0,19.0,29.0,4.0,8.0,30.0,7.0,4.0,13.0,25.0,5.0,1.0,0.63,0.54,0.27,1.0,1.0,0.0,40.96,31.0,32.26,8.0,0.3,0.43,0.43,1.31,1.38,1.35
847168584796758483808,2025,Kuzmenko-Kopitar-Moore,LAK,line,5on5,7,1732.0,46.0,0.57,0.61,0.51,15.33,1.29,1.07,3.87,0.5,8.43,5.84,1.2,1.26,1.17,12.0,9.0,13.0,34.0,1.0,2.0,0.0,5.0,0.0,8.0,5.0,11.0,20.0,1.0,2.0,14.0,3.0,2.0,3.0,15.0,5.0,1.0,0.31,0.75,0.22,0.0,1.0,0.0,33.48,21.0,20.57,1.0,0.23,0.39,0.39,1.12,1.1,1.09,15.06,0.96,1.0,3.51,0.48,8.06,5.98,0.93,0.95,0.92,14.0,6.0,2.0,22.0,1.0,2.0,0.0,4.0,0.0,7.0,6.0,13.0,19.0,4.0,8.0,12.0,14.0,2.0,10.0,15.0,5.0,0.0,0.32,0.64,0.0,0.0,1.0,0.0,21.92,20.0,20.0,3.0,0.21,0.18,0.18,0.99,1.0,0.99
84769068482100,2025,Nikishin-Gostisbehere,CAR,pairing,5on5,22,5176.0,148.0,0.72,0.6,0.63,63.99,6.18,4.36,15.66,2.15,32.22,24.42,5.8,6.24,5.86,57.0,28.0,25.0,110.0,9.0,6.0,1.0,12.0,0.0,33.0,25.0,48.0,76.0,9.0,18.0,41.0,28.0,10.0,25.0,59.0,19.0,7.0,1.99,2.31,1.88,3.0,5.0,1.0,112.79,85.0,86.96,8.0,0.92,1.32,1.32,5.78,5.86,5.68,35.03,2.43,2.18,8.38,1.19,19.4,15.41,2.39,2.42,2.38,33.0,16.0,24.0,73.0,2.0,1.0,1.0,7.0,0.0,16.0,23.0,31.0,47.0,10.0,20.0,50.0,45.0,5.0,24.0,40.0,8.0,1.0,1.22,0.96,0.25,1.0,0.0,1.0,71.63,49.0,48.52,9.0,0.45,0.25,0.25,2.63,2.61,2.58
847842784808308482809,2025,Svechnikov-Aho-Blake,CAR,line,5on5,12,907.0,122.0,0.38,0.69,0.62,11.45,0.46,0.59,2.91,0.35,6.78,4.91,0.45,0.45,0.44,6.0,10.0,6.0,22.0,0.0,0.0,0.0,6.0,0.0,6.0,4.0,6.0,16.0,1.0,2.0,3.0,6.0,2.0,4.0,16.0,0.0,0.0,0.46,0.0,0.0,0.0,0.0,0.0,21.44,16.0,15.74,2.0,0.12,0.0,0.0,0.57,0.56,0.55,7.24,0.76,0.54,1.33,0.25,3.76,3.36,0.73,0.74,0.71,9.0,1.0,0.0,10.0,2.0,1.0,1.0,1.0,0.0,2.0,4.0,7.0,8.0,1.0,2.0,1.0,4.0,1.0,3.0,8.0,1.0,1.0,0.33,0.1,0.33,1.0,0.0,1.0,9.68,10.0,9.7,2.0,0.11,0.33,0.33,0.54,0.53,0.53
847844484784988480012,2025,Debrusk-Pettersson-Boeser,VAN,line,5on5,14,2420.0,121.0,0.38,0.41,0.41,17.87,1.41,1.21,4.67,0.54,9.37,6.8,1.35,1.38,1.32,14.0,10.0,8.0,32.0,2.0,2.0,0.0,1.0,0.0,8.0,11.0,12.0,22.0,1.0,2.0,18.0,14.0,4.0,11.0,20.0,2.0,2.0,0.75,0.22,0.44,2.0,0.0,0.0,31.59,24.0,23.57,6.0,0.25,0.44,0.44,1.22,1.21,1.18,24.95,2.29,1.64,5.98,0.84,13.51,9.74,2.12,2.35,2.18,26.0,8.0,12.0,46.0,2.0,4.0,2.0,3.0,0.0,15.0,10.0,24.0,32.0,4.0,8.0,24.0,16.0,2.0,8.0,25.0,6.0,3.0,0.77,0.7,0.83,0.0,1.0,1.0,46.66,34.0,34.77,5.0,0.34,0.97,0.97,1.66,1.66,1.58
84779868479372,2025,Mahura-Montour,SEA,pairing,5on5,11,1059.0,58.0,0.66,0.55,0.58,15.58,1.1,0.99,3.75,0.57,8.19,6.4,1.07,1.11,1.08,14.0,7.0,3.0,24.0,2.0,2.0,1.0,5.0,0.0,3.0,9.0,12.0,19.0,0.0,0.0,1.0,9.0,3.0,5.0,17.0,2.0,2.0,0.46,0.21,0.43,0.0,1.0,1.0,23.83,21.0,20.83,1.0,0.2,0.29,0.29,1.02,1.01,1.01,10.28,0.56,0.61,2.71,0.38,6.16,4.58,0.55,0.58,0.56,8.0,7.0,5.0,20.0,0.0,1.0,0.0,1.0,0.0,7.0,6.0,8.0,15.0,0.0,0.0,2.0,4.0,1.0,4.0,14.0,1.0,0.0,0.37,0.19,0.0,0.0,0.0,0.0,20.7,15.0,15.55,3.0,0.12,0.19,0.19,0.5,0.52,0.51
847467984757998480289,2025,Niederreiter-Barron-Nyquist,WPG,line,5on5,4,767.0,37.0,0.55,0.43,0.42,5.9,0.63,0.38,1.31,0.2,2.86,2.63,0.62,0.65,0.65,6.0,2.0,4.0,12.0,1.0,0.0,0.0,2.0,0.0,3.0,2.0,5.0,7.0,1.0,2.0,10.0,2.0,3.0,2.0,7.0,0.0,1.0,0.29,0.0,0.34,0.0,0.0,1.0,12.22,8.0,7.95,0.0,0.08,0.0,0.0,0.71,0.73,0.73,7.75,0.5,0.42,1.91,0.25,4.29,3.62,0.5,0.49,0.49,9.0,2.0,5.0,16.0,0.0,1.0,0.0,5.0,0.0,2.0,3.0,9.0,11.0,0.0,0.0,3.0,6.0,0.0,2.0,10.0,0.0,1.0,0.23,0.0,0.27,0.0,0.0,0.0,15.64,11.0,10.84,1.0,0.09,0.27,0.27,0.32,0.32,0.32
847403784774568479992,2025,Van Riemsdyk-Compher-Rasmussen,DET,line,5on5,12,5822.0,53.0,0.49,0.38,0.43,44.88,3.9,2.93,10.92,1.47,24.16,17.63,3.72,4.05,3.88,38.0,23.0,18.0,79.0,3.0,4.0,1.0,7.0,0.0,17.0,30.0,35.0,58.0,1.0,2.0,58.0,22.0,12.0,32.0,45.0,13.0,3.0,1.36,1.68,0.86,0.0,2.0,1.0,82.44,61.0,62.74,15.0,0.61,0.73,0.73,3.78,3.92,3.84,60.23,4.1,3.91,15.37,1.88,32.91,23.82,3.93,4.0,3.83,52.0,30.0,46.0,128.0,3.0,4.0,0.0,10.0,0.0,32.0,33.0,49.0,79.0,6.0,12.0,50.0,49.0,4.0,21.0,69.0,11.0,2.0,2.08,1.59,0.43,2.0,1.0,0.0,123.33,82.0,78.69,8.0,0.81,0.7,0.7,4.21,4.08,3.98
847645384780108479542,2025,Hagel-Point-Kucherov,TBL,line,5on5,16,3590.0,129.0,0.55,0.51,0.52,32.36,2.44,2.21,7.4,1.09,17.87,13.98,2.39,2.61,2.56,24.0,21.0,20.0,65.0,2.0,3.0,0.0,6.0,0.0,13.0,21.0,22.0,43.0,4.0,8.0,25.0,13.0,4.0,17.0,37.0,7.0,1.0,1.33,0.88,0.22,2.0,0.0,0.0,68.41,45.0,48.15,4.0,0.46,0.4,0.4,2.49,2.66,2.63,29.84,1.97,1.85,7.67,0.99,17.01,12.5,1.96,1.94,1.93,28.0,14.0,20.0,62.0,1.0,2.0,0.0,7.0,0.0,11.0,21.0,27.0,41.0,2.0,4.0,28.0,22.0,5.0,8.0,34.0,7.0,1.0,0.98,0.77,0.21,1.0,0.0,0.0,61.12,42.0,41.38,5.0,0.38,0.04,0.04,2.3,2.27,2.26
84740908479371,2025,Smith-Fabbro,CBJ,pairing,5on5,15,6629.0,55.0,0.45,0.43,0.42,41.35,3.75,2.69,10.41,1.37,21.13,15.65,3.56,3.73,3.54,39.0,16.0,26.0,81.0,3.0,7.0,0.0,9.0,0.0,21.0,15.0,36.0,52.0,8.0,19.0,54.0,62.0,10.0,36.0,40.0,12.0,3.0,1.3,1.71,0.74,1.0,2.0,0.0,80.5,55.0,54.71,25.0,0.57,1.24,1.24,3.08,3.09,3.0,55.06,4.56,3.36,12.85,1.73,29.07,23.42,4.5,4.62,4.56,48.0,27.0,33.0,108.0,6.0,1.0,0.0,11.0,0.0,26.0,31.0,42.0,69.0,10.0,23.0,45.0,46.0,8.0,29.0,58.0,13.0,4.0,1.9,1.5,1.17,2.0,3.0,1.0,108.69,75.0,76.17,13.0,0.69,0.42,0.42,4.83,4.92,4.88
847741684822018483752,2025,Goncalves-James-Bjorkstrand,TBL,line,5on5,12,3441.0,89.0,0.66,0.56,0.63,33.27,3.14,2.13,7.96,1.09,17.47,13.2,2.9,3.14,2.9,26.0,19.0,17.0,62.0,2.0,7.0,1.0,9.0,0.0,17.0,10.0,24.0,43.0,4.0,14.0,22.0,34.0,6.0,14.0,31.0,10.0,4.0,0.89,1.09,1.17,0.0,0.0,2.0,62.6,45.0,45.42,4.0,0.44,1.34,1.34,2.24,2.26,2.2,19.02,1.64,1.32,4.94,0.63,10.21,7.26,1.6,1.65,1.61,15.0,11.0,22.0,48.0,3.0,3.0,0.0,2.0,0.0,10.0,8.0,12.0,23.0,8.0,22.0,27.0,48.0,5.0,8.0,22.0,2.0,2.0,0.71,0.33,0.61,2.0,1.0,0.0,47.66,26.0,25.88,2.0,0.28,0.62,0.62,1.29,1.28,1.27
847794284815328483808,2025,Fiala-Turcotte-Kuzmenko,LAK,line,5on5,6,2811.0,27.0,0.59,0.58,0.56,29.1,2.43,2.09,7.68,0.95,15.73,11.11,2.36,2.42,2.35,24.0,16.0,16.0,56.0,1.0,2.0,0.0,8.0,0.0,16.0,13.0,23.0,39.0,5.0,10.0,35.0,7.0,3.0,16.0,31.0,8.0,1.0,1.01,1.17,0.26,1.0,0.0,0.0,56.08,40.0,39.87,7.0,0.44,0.38,0.38,2.49,2.46,2.42,22.64,1.72,1.53,6.31,0.78,12.03,8.63,1.66,1.73,1.67,21.0,10.0,9.0,40.0,2.0,4.0,0.0,5.0,0.0,10.0,10.0,19.0,29.0,4.0,8.0,26.0,13.0,4.0,12.0,25.0,5.0,1.0,0.79,0.69,0.23,1.0,1.0,0.0,39.29,31.0,30.92,5.0,0.32,0.51,0.51,1.54,1.55,1.5
847935984826238483500,2025,Malenstyn-Dunne-Ostlund,BUF,line,5on5,8,988.0,79.0,0.39,0.36,0.39,6.07,0.57,0.41,1.39,0.21,3.71,2.72,0.54,0.56,0.53,9.0,0.0,3.0,12.0,3.0,1.0,0.0,0.0,0.0,2.0,3.0,6.0,6.0,0.0,0.0,4.0,13.0,2.0,7.0,8.0,0.0,1.0,0.33,0.0,0.24,3.0,0.0,0.0,11.76,9.0,9.02,3.0,0.08,0.24,0.24,0.41,0.41,0.38,10.57,0.88,0.71,2.68,0.34,5.31,4.08,0.79,0.86,0.77,11.0,3.0,7.0,21.0,1.0,1.0,0.0,4.0,0.0,5.0,3.0,10.0,13.0,2.0,4.0,11.0,2.0,0.0,6.0,10.0,4.0,0.0,0.27,0.61,0.0,1.0,0.0,0.0,20.62,14.0,13.83,3.0,0.15,0.17,0.17,0.86,0.84,0.77
847749684799878482634,2025,Steeves-Lindholm-Geekie,BOS,line,5on5,12,5570.0,38.0,0.55,0.54,0.56,48.04,4.08,3.05,12.93,1.73,25.1,18.11,3.99,4.12,4.03,41.0,24.0,29.0,94.0,6.0,8.0,0.0,4.0,0.0,31.0,16.0,35.0,59.0,6.0,12.0,54.0,47.0,10.0,24.0,48.0,14.0,3.0,1.67,1.76,0.65,1.0,4.0,1.0,94.87,65.0,65.4,9.0,0.64,0.45,0.45,4.27,4.31,4.23,37.95,3.35,2.56,9.92,1.28,20.23,14.66,3.26,3.33,3.24,33.0,19.0,27.0,79.0,3.0,4.0,1.0,9.0,0.0,14.0,22.0,30.0,49.0,5.0,10.0,50.0,43.0,4.0,36.0,38.0,12.0,2.0,1.0,1.63,0.72,1.0,2.0,0.0,78.95,52.0,51.52,15.0,0.53,0.93,0.93,2.96,2.92,2.88
847643284808938484166,2025,Jenner-Fantilli-Marchenko,CBJ,line,5on5,20,1606.0,192.0,0.3,0.37,0.37,12.31,1.1,0.84,2.74,0.39,6.85,5.08,1.09,1.08,1.07,13.0,4.0,7.0,24.0,0.0,0.0,0.0,4.0,0.0,4.0,9.0,13.0,17.0,0.0,0.0,11.0,8.0,5.0,10.0,11.0,5.0,1.0,0.24,0.58,0.28,0.0,0.0,0.0,23.69,17.0,16.73,4.0,0.17,0.0,0.0,1.27,1.25,1.23,21.11,2.51,1.36,5.54,0.82,10.87,7.9,2.38,2.49,2.37,20.0,9.0,12.0,41.0,1.0,4.0,0.0,5.0,0.0,12.0,7.0,19.0,28.0,2.0,4.0,9.0,6.0,2.0,5.0,21.0,4.0,4.0,0.48,0.47,1.55,0.0,0.0,1.0,40.5,29.0,28.72,0.0,0.28,1.1,1.1,1.68,1.65,1.65
847938584820778484164,2025,Holloway-Dvorsky-Kyrou,STL,line,5on5,9,1187.0,107.0,0.32,0.33,0.38,8.75,0.48,0.44,2.2,0.28,4.58,4.02,0.48,0.48,0.48,11.0,1.0,1.0,13.0,1.0,1.0,0.0,3.0,0.0,2.0,5.0,10.0,11.0,2.0,4.0,9.0,11.0,1.0,3.0,11.0,1.0,0.0,0.31,0.17,0.0,1.0,0.0,0.0,13.29,12.0,12.31,1.0,0.09,0.17,0.17,0.4,0.4,0.4,14.41,1.04,0.88,3.94,0.51,8.21,5.43,1.03,1.02,1.01,16.0,4.0,7.0,27.0,2.0,1.0,0.0,1.0,0.0,8.0,8.0,14.0,18.0,2.0,4.0,8.0,5.0,3.0,1.0,16.0,3.0,1.0,0.43,0.39,0.21,2.0,0.0,0.0,26.38,20.0,19.56,0.0,0.18,0.21,0.21,1.0,0.99,0.99
84764738482176,2025,Kaiser-Murphy,CHI,pairing,5on5,39,11275.0,240.0,0.47,0.52,0.51,78.98,5.11,4.84,20.53,2.59,42.3,31.64,4.92,5.0,4.81,68.0,39.0,40.0,147.0,6.0,8.0,0.0,18.0,0.0,34.0,41.0,62.0,101.0,12.0,36.0,77.0,82.0,17.0,59.0,87.0,16.0,4.0,2.11,1.98,1.02,3.0,3.0,0.0,144.13,107.0,105.71,31.0,0.99,1.17,1.17,4.93,4.87,4.81,73.2,5.7,4.7,18.72,2.44,40.63,29.81,5.53,5.81,5.64,68.0,34.0,36.0,138.0,7.0,4.0,0.0,9.0,0.0,42.0,40.0,61.0,95.0,13.0,38.0,76.0,91.0,12.0,48.0,84.0,9.0,9.0,2.33,1.1,2.26,5.0,2.0,0.0,141.86,102.0,104.08,25.0,0.98,0.94,0.94,5.73,5.88,5.81
84769178477950,2025,Pelech-Deangelo,NYI,pairing,5on5,38,20349.0,137.0,0.48,0.53,0.53,184.93,14.39,11.83,46.68,6.14,101.56,74.4,13.93,14.22,13.78,159.0,96.0,106.0,361.0,11.0,20.0,2.0,54.0,0.0,96.0,74.0,148.0,244.0,17.0,37.0,175.0,136.0,25.0,97.0,202.0,41.0,12.0,5.62,5.12,3.66,6.0,4.0,1.0,358.52,255.0,253.22,57.0,2.44,4.04,3.82,13.02,12.85,12.63,170.92,15.61,10.75,45.48,5.79,87.28,65.09,14.77,15.75,14.92,145.0,85.0,87.0,317.0,14.0,24.0,2.0,26.0,0.0,85.0,81.0,131.0,216.0,13.0,29.0,191.0,109.0,22.0,98.0,167.0,47.0,16.0,5.09,6.14,4.38,7.0,6.0,1.0,316.36,230.0,230.6,50.0,2.27,4.49,4.69,13.18,13.24,12.81
84752188476967,2025,Ekholm-Kulak,EDM,pairing,5on5,20,1086.0,147.0,0.2,0.39,0.42,7.01,0.29,0.39,1.83,0.25,4.07,3.18,0.29,0.3,0.3,4.0,6.0,4.0,14.0,1.0,0.0,0.0,4.0,0.0,3.0,2.0,3.0,9.0,1.0,2.0,4.0,6.0,2.0,6.0,9.0,1.0,0.0,0.15,0.14,0.0,0.0,1.0,0.0,14.37,10.0,10.26,3.0,0.08,0.0,0.0,0.37,0.38,0.38,10.26,1.14,0.65,2.49,0.31,5.32,4.09,1.13,1.14,1.12,8.0,6.0,8.0,22.0,3.0,2.0,1.0,1.0,0.0,2.0,6.0,5.0,11.0,2.0,4.0,2.0,10.0,2.0,6.0,12.0,0.0,2.0,0.43,0.0,0.71,2.0,0.0,1.0,22.65,14.0,14.11,5.0,0.13,0.71,0.71,0.56,0.58,0.57
847575284785088483525,2025,Trenin-Yurov-Pitlick,MIN,line,5on5,5,1722.0,33.0,0.41,0.48,0.47,14.58,0.95,0.84,3.46,0.49,7.29,5.98,0.91,0.91,0.88,13.0,6.0,7.0,26.0,0.0,2.0,0.0,0.0,0.0,8.0,9.0,13.0,19.0,2.0,7.0,5.0,24.0,1.0,10.0,15.0,3.0,1.0,0.39,0.36,0.2,0.0,0.0,0.0,25.07,19.0,18.61,9.0,0.18,0.31,0.31,0.81,0.78,0.78,15.69,1.36,0.99,3.97,0.51,8.1,6.07,1.34,1.42,1.4,15.0,6.0,7.0,28.0,0.0,2.0,0.0,4.0,0.0,8.0,7.0,15.0,21.0,2.0,7.0,17.0,17.0,2.0,6.0,15.0,6.0,0.0,0.49,0.87,0.0,0.0,0.0,0.0,29.6,21.0,21.96,2.0,0.21,0.36,0.36,1.21,1.27,1.25
84789708482911,2025,Chatfield-Nystrom,CAR,pairing,5on5,13,3069.0,110.0,0.6,0.55,0.55,32.62,2.99,2.19,8.14,1.06,17.15,12.48,2.84,3.13,2.97,31.0,13.0,14.0,58.0,2.0,1.0,0.0,9.0,1.0,17.0,14.0,29.0,42.0,5.0,10.0,20.0,13.0,7.0,20.0,32.0,9.0,3.0,0.9,1.21,0.88,0.0,2.0,0.0,62.32,44.0,46.14,11.0,0.45,0.35,0.35,3.09,3.22,3.13,26.01,2.01,1.76,6.43,0.88,14.47,10.44,1.95,1.94,1.89,20.0,16.0,12.0,48.0,1.0,2.0,1.0,7.0,0.0,13.0,13.0,19.0,35.0,3.0,6.0,32.0,25.0,2.0,13.0,25.0,10.0,1.0,0.71,1.04,0.26,0.0,1.0,0.0,45.39,36.0,34.46,8.0,0.37,0.12,0.12,2.25,2.17,2.14
84793958483495,2025,Cholowski-Nemec,NJD,pairing,5on5,12,3778.0,68.0,0.31,0.38,0.41,25.06,1.39,1.71,6.53,1.05,15.11,11.2,1.34,1.4,1.35,20.0,17.0,13.0,50.0,1.0,2.0,0.0,5.0,0.0,8.0,21.0,19.0,36.0,0.0,0.0,20.0,19.0,5.0,13.0,33.0,4.0,0.0,0.89,0.5,0.0,1.0,0.0,0.0,49.66,37.0,36.98,4.0,0.35,0.32,0.32,1.41,1.42,1.41,38.21,3.08,2.6,9.82,1.27,21.06,15.17,3.0,3.1,3.02,35.0,18.0,28.0,81.0,4.0,5.0,1.0,8.0,0.0,17.0,19.0,31.0,49.0,0.0,0.0,23.0,22.0,3.0,21.0,42.0,8.0,3.0,1.33,1.02,0.72,1.0,2.0,1.0,81.75,53.0,52.81,6.0,0.54,0.81,0.81,2.81,2.84,2.77
847794984800648483500,2025,Ostlund-Norris-Tuch,BUF,line,5on5,9,5158.0,25.0,0.51,0.5,0.51,46.31,3.09,2.94,12.78,1.53,24.58,18.09,3.01,3.16,3.07,44.0,19.0,21.0,84.0,7.0,2.0,1.0,9.0,0.0,22.0,23.0,37.0,56.0,6.0,12.0,61.0,18.0,7.0,26.0,53.0,6.0,4.0,1.46,0.61,1.02,4.0,2.0,1.0,86.19,63.0,64.62,13.0,0.62,0.51,0.51,3.2,3.27,3.23,43.65,2.96,2.83,10.99,1.45,24.57,18.19,2.87,2.86,2.77,37.0,24.0,23.0,84.0,3.0,2.0,1.0,6.0,1.0,25.0,24.0,34.0,58.0,3.0,6.0,51.0,31.0,2.0,22.0,51.0,8.0,2.0,1.6,0.9,0.46,2.0,0.0,1.0,81.33,61.0,59.23,15.0,0.6,0.31,0.31,3.25,3.13,3.04
847688284779878483493,2025,Teravainen-Nazar-Donato,CHI,line,5on5,7,1034.0,77.0,0.89,0.75,0.8,11.99,1.27,0.63,3.2,0.4,5.77,4.72,1.22,1.28,1.23,12.0,4.0,5.0,21.0,2.0,2.0,2.0,3.0,0.0,3.0,6.0,10.0,14.0,0.0,0.0,9.0,6.0,1.0,6.0,12.0,2.0,2.0,0.43,0.2,0.64,0.0,0.0,2.0,21.33,16.0,15.87,2.0,0.13,0.64,0.64,0.76,0.75,0.74,3.16,0.15,0.15,0.69,0.09,1.45,1.47,0.15,0.16,0.16,2.0,2.0,3.0,7.0,0.0,0.0,0.0,0.0,0.0,2.0,2.0,2.0,4.0,3.0,6.0,9.0,4.0,1.0,5.0,3.0,1.0,0.0,0.04,0.11,0.0,0.0,0.0,0.0,7.23,4.0,4.11,3.0,0.03,0.0,0.0,0.18,0.2,0.2
847931884815828482720,2025,Robertson-Matthews-Knies,TOR,line,5on5,9,2043.0,65.0,0.43,0.34,0.34,12.75,1.56,0.76,2.94,0.44,6.27,5.03,1.51,1.63,1.57,11.0,6.0,6.0,23.0,2.0,3.0,0.0,0.0,0.0,5.0,7.0,9.0,15.0,2.0,4.0,26.0,15.0,2.0,11.0,12.0,2.0,3.0,0.48,0.2,0.88,2.0,0.0,0.0,23.87,17.0,17.77,5.0,0.16,0.7,0.7,1.02,1.06,1.04,24.78,2.06,1.55,6.62,0.85,12.51,9.41,2.01,2.04,2.0,22.0,11.0,11.0,44.0,1.0,3.0,1.0,5.0,0.0,17.0,7.0,21.0,32.0,1.0,2.0,17.0,7.0,1.0,12.0,25.0,6.0,2.0,0.73,0.75,0.57,0.0,1.0,0.0,42.93,33.0,32.31,8.0,0.33,0.66,0.66,1.73,1.71,1.7
84835038484839,2025,Pickering-Brunicke,PIT,pairing,5on5,2,803.0,9.0,0.4,0.6,0.5,6.17,0.58,0.37,1.81,0.24,3.42,2.59,0.57,0.64,0.63,5.0,4.0,6.0,15.0,0.0,1.0,0.0,0.0,0.0,2.0,6.0,5.0,9.0,1.0,2.0,4.0,2.0,3.0,2.0,6.0,2.0,1.0,0.12,0.21,0.25,0.0,0.0,0.0,16.65,9.0,9.79,0.0,0.08,0.25,0.25,0.4,0.43,0.43,6.58,0.84,0.61,1.44,0.24,3.35,2.52,0.75,0.82,0.73,6.0,3.0,1.0,10.0,4.0,2.0,1.0,1.0,0.0,1.0,1.0,2.0,5.0,0.0,0.0,7.0,11.0,2.0,6.0,5.0,2.0,2.0,0.11,0.24,0.49,2.0,1.0,1.0,9.77,9.0,8.82,1.0,0.13,0.49,0.49,0.48,0.47,0.46
847353384769218477478,2025,Martinook-Staal-Carrier,CAR,line,5on5,29,16136.0,73.0,0.58,0.63,0.59,161.85,13.09,10.19,44.21,5.51,85.25,60.75,12.63,13.03,12.58,125.0,94.0,114.0,333.0,13.0,14.0,1.0,35.0,0.0,87.0,70.0,112.0,206.0,10.0,23.0,211.0,163.0,25.0,63.0,166.0,42.0,11.0,4.52,5.45,3.12,5.0,8.0,0.0,331.71,219.0,218.74,33.0,2.14,2.56,2.56,12.67,12.62,12.44,111.94,9.62,7.33,27.6,3.73,58.44,44.28,9.44,9.76,9.58,97.0,54.0,43.0,194.0,14.0,8.0,1.0,17.0,0.0,62.0,50.0,83.0,137.0,18.0,39.0,172.0,120.0,16.0,94.0,108.0,37.0,6.0,3.59,4.35,1.67,4.0,8.0,2.0,195.84,151.0,153.06,51.0,1.54,1.04,1.04,10.12,10.26,10.16
847688984794148480840,2025,Bck-Faksa-Bastian,DAL,line,5on5,4,844.0,32.0,0.19,0.29,0.33,3.95,0.19,0.22,1.25,0.15,2.44,1.75,0.19,0.19,0.18,4.0,2.0,0.0,6.0,1.0,0.0,0.0,3.0,0.0,1.0,1.0,3.0,5.0,0.0,0.0,7.0,6.0,1.0,5.0,6.0,0.0,0.0,0.19,0.0,0.0,1.0,0.0,0.0,5.78,6.0,5.76,0.0,0.05,0.0,0.0,0.24,0.23,0.23,8.88,0.82,0.67,2.31,0.39,4.43,3.37,0.79,0.87,0.84,9.0,3.0,3.0,15.0,0.0,3.0,0.0,1.0,0.0,3.0,5.0,9.0,12.0,0.0,0.0,6.0,10.0,0.0,3.0,7.0,4.0,1.0,0.16,0.42,0.25,0.0,0.0,0.0,15.2,12.0,12.27,2.0,0.14,0.34,0.34,0.63,0.65,0.65
84764418482730,2025,Edmundson-Clarke,LAK,pairing,5on5,40,26454.0,115.0,0.52,0.54,0.55,232.98,16.62,15.53,61.96,8.01,129.02,92.87,16.34,16.61,16.34,206.0,118.0,145.0,469.0,17.0,17.0,2.0,55.0,0.0,121.0,114.0,189.0,307.0,30.0,72.0,222.0,168.0,43.0,125.0,263.0,47.0,14.0,7.44,5.45,3.73,7.0,8.0,2.0,468.19,324.0,323.6,50.0,3.23,2.83,2.83,17.02,17.12,16.91,197.1,15.53,12.32,50.16,6.71,103.93,80.35,14.98,15.77,15.21,172.0,97.0,135.0,404.0,15.0,23.0,1.0,34.0,0.0,94.0,103.0,157.0,254.0,27.0,66.0,224.0,161.0,36.0,122.0,207.0,48.0,14.0,6.23,5.79,3.51,9.0,5.0,1.0,405.98,269.0,272.1,63.0,2.56,4.16,4.16,13.94,14.13,13.9
848001584815338484387,2025,Tippett-Zegras-Michkov,PHI,line,5on5,15,1310.0,124.0,0.78,0.6,0.59,16.16,1.77,1.13,3.7,0.5,8.56,6.35,1.72,1.78,1.73,15.0,7.0,5.0,27.0,3.0,3.0,0.0,2.0,0.0,6.0,8.0,12.0,19.0,2.0,4.0,5.0,5.0,0.0,11.0,16.0,3.0,3.0,0.58,0.42,0.77,3.0,0.0,0.0,27.09,22.0,22.11,4.0,0.24,0.7,0.7,1.31,1.32,1.3,11.01,0.51,0.56,3.14,0.38,5.96,4.45,0.51,0.54,0.54,8.0,7.0,3.0,18.0,1.0,0.0,0.0,1.0,0.0,8.0,5.0,7.0,14.0,2.0,4.0,18.0,8.0,0.0,6.0,14.0,1.0,0.0,0.42,0.09,0.0,1.0,0.0,0.0,18.79,15.0,15.87,4.0,0.11,0.0,0.0,0.62,0.66,0.66
847181784766248478874,2025,Goodrow-Gaudette-Reaves,SJS,line,5on5,11,3444.0,48.0,0.5,0.38,0.33,18.5,2.13,1.61,4.02,0.55,9.55,6.15,2.09,2.13,2.09,16.0,8.0,13.0,37.0,2.0,2.0,0.0,2.0,0.0,10.0,8.0,14.0,22.0,5.0,13.0,26.0,56.0,5.0,12.0,17.0,3.0,4.0,0.61,0.41,1.11,1.0,0.0,1.0,36.43,24.0,23.78,7.0,0.34,0.35,0.35,2.12,2.11,2.07,34.23,2.17,2.22,8.83,1.22,19.36,14.2,2.15,2.27,2.24,33.0,15.0,12.0,60.0,5.0,2.0,0.0,5.0,0.0,21.0,15.0,28.0,43.0,3.0,9.0,39.0,22.0,7.0,17.0,42.0,4.0,2.0,1.28,0.45,0.44,3.0,1.0,1.0,62.55,48.0,49.95,6.0,0.46,0.1,0.1,2.53,2.65,2.62
84747168478136,2025,Middleton-Spurgeon,MIN,pairing,5on5,31,18704.0,111.0,0.48,0.44,0.44,140.69,12.72,10.04,34.35,4.7,77.48,55.71,12.04,12.69,12.03,122.0,73.0,74.0,269.0,9.0,13.0,1.0,21.0,0.0,83.0,69.0,113.0,186.0,14.0,39.0,153.0,158.0,20.0,94.0,144.0,35.0,16.0,4.34,4.26,4.13,5.0,3.0,1.0,272.35,195.0,197.57,42.0,2.1,3.16,3.16,11.67,11.72,11.43,180.36,13.56,11.39,46.4,6.09,97.94,72.62,13.21,13.54,13.17,154.0,94.0,88.0,336.0,10.0,19.0,4.0,39.0,0.0,87.0,93.0,144.0,238.0,25.0,63.0,193.0,100.0,18.0,84.0,199.0,38.0,11.0,5.88,4.28,3.4,3.0,3.0,4.0,330.34,248.0,244.3,45.0,2.37,3.42,3.42,12.5,12.4,12.24
847662484788748482859,2025,Goodrow-Ostapchuk-Gaudette,SJS,line,5on5,5,940.0,37.0,0.45,0.46,0.39,4.86,0.21,0.25,1.29,0.15,2.82,2.27,0.21,0.22,0.22,5.0,2.0,5.0,12.0,0.0,0.0,0.0,2.0,0.0,2.0,3.0,5.0,7.0,0.0,0.0,10.0,9.0,2.0,0.0,6.0,1.0,0.0,0.07,0.14,0.0,0.0,0.0,0.0,12.55,7.0,7.48,0.0,0.05,0.0,0.0,0.27,0.27,0.27,7.24,0.26,0.38,2.12,0.3,4.16,3.79,0.26,0.25,0.25,4.0,7.0,3.0,14.0,0.0,0.0,0.0,1.0,0.0,3.0,7.0,4.0,11.0,1.0,2.0,8.0,1.0,0.0,2.0,11.0,0.0,0.0,0.26,0.0,0.0,0.0,0.0,0.0,13.34,11.0,10.47,2.0,0.08,0.0,0.0,0.34,0.32,0.32
847341984801858482113,2025,Marchand-Lundell-Luostarinen,FLA,line,5on5,18,7142.0,118.0,0.47,0.51,0.49,69.92,5.87,4.68,17.93,2.22,36.31,25.98,5.73,5.82,5.69,58.0,35.0,34.0,127.0,8.0,5.0,0.0,8.0,1.0,39.0,32.0,50.0,85.0,12.0,24.0,81.0,58.0,7.0,37.0,67.0,21.0,5.0,1.85,2.53,1.5,3.0,5.0,0.0,126.52,93.0,92.74,19.0,0.99,1.14,1.14,5.72,5.74,5.64,70.27,6.62,4.99,17.7,2.59,37.05,27.05,6.18,6.63,6.17,62.0,34.0,25.0,121.0,6.0,11.0,0.0,8.0,1.0,33.0,37.0,56.0,90.0,16.0,32.0,71.0,38.0,13.0,32.0,68.0,22.0,6.0,1.94,3.02,1.67,4.0,2.0,0.0,122.23,96.0,96.17,13.0,1.05,1.97,1.97,5.7,5.67,5.48
847519184764488482125,2025,Holtz-Karlsson-Smith,VGK,line,5on5,5,2378.0,14.0,0.53,0.51,0.59,18.72,1.09,1.13,4.82,0.65,11.11,8.21,1.08,1.11,1.09,18.0,9.0,14.0,41.0,1.0,1.0,0.0,4.0,0.0,13.0,8.0,17.0,26.0,2.0,6.0,20.0,7.0,1.0,12.0,25.0,2.0,0.0,0.87,0.22,0.0,1.0,0.0,0.0,42.58,27.0,27.29,3.0,0.23,0.07,0.07,1.25,1.26,1.25,14.19,0.97,0.8,3.59,0.49,7.45,5.7,0.97,0.96,0.95,11.0,8.0,20.0,39.0,1.0,0.0,0.0,3.0,0.0,5.0,10.0,10.0,18.0,1.0,2.0,17.0,21.0,3.0,12.0,15.0,4.0,0.0,0.43,0.54,0.0,0.0,1.0,0.0,37.79,19.0,18.59,5.0,0.16,0.0,0.0,1.13,1.12,1.12
84783968481527,2025,Hanifin-Korczak,VGK,pairing,5on5,22,5099.0,118.0,0.57,0.56,0.57,52.96,4.13,3.82,12.93,1.8,28.57,20.76,3.91,3.93,3.73,52.0,20.0,28.0,100.0,1.0,6.0,0.0,11.0,0.0,31.0,23.0,51.0,71.0,1.0,2.0,32.0,25.0,12.0,31.0,51.0,18.0,3.0,1.29,2.06,0.77,0.0,1.0,0.0,95.34,72.0,68.51,13.0,0.81,0.83,0.84,4.1,3.94,3.81,40.21,3.12,2.49,10.9,1.41,21.55,15.53,2.98,3.28,3.13,31.0,24.0,23.0,78.0,2.0,5.0,0.0,6.0,0.0,23.0,19.0,29.0,53.0,3.0,8.0,35.0,20.0,7.0,20.0,43.0,9.0,3.0,1.13,1.01,0.98,2.0,0.0,0.0,80.01,55.0,56.63,11.0,0.52,1.26,1.26,2.38,2.44,2.39
847647984769818482737,2025,Anderson-Danault-Bolduc,MTL,line,5on5,4,1282.0,19.0,0.63,0.63,0.52,7.04,0.58,0.52,2.01,0.31,4.34,3.25,0.57,0.6,0.6,3.0,8.0,14.0,25.0,1.0,0.0,0.0,0.0,0.0,4.0,6.0,2.0,10.0,1.0,2.0,12.0,10.0,2.0,7.0,9.0,1.0,1.0,0.21,0.15,0.21,0.0,1.0,0.0,24.54,11.0,11.12,4.0,0.11,0.0,0.0,0.68,0.72,0.71,7.07,0.34,0.4,1.88,0.22,4.27,2.88,0.34,0.33,0.33,5.0,5.0,5.0,15.0,1.0,0.0,0.0,1.0,0.0,2.0,6.0,4.0,9.0,2.0,4.0,6.0,8.0,1.0,4.0,9.0,1.0,0.0,0.25,0.09,0.0,1.0,0.0,0.0,14.29,10.0,9.5,4.0,0.08,0.0,0.0,0.43,0.41,0.41
84773468479402,2025,Bean-Weegar,CGY,pairing,5on5,13,4674.0,58.0,0.58,0.62,0.63,44.67,3.75,3.04,11.46,1.51,25.02,17.21,3.7,3.77,3.71,46.0,16.0,34.0,96.0,2.0,6.0,0.0,15.0,0.0,19.0,20.0,44.0,60.0,5.0,13.0,29.0,32.0,5.0,23.0,51.0,7.0,4.0,1.63,1.01,1.11,1.0,0.0,1.0,96.41,62.0,62.59,8.0,0.63,1.1,1.1,3.28,3.29,3.27,27.29,2.71,1.89,6.4,0.91,14.17,10.92,2.51,2.72,2.52,28.0,9.0,23.0,60.0,4.0,3.0,0.0,4.0,0.0,15.0,11.0,24.0,33.0,11.0,25.0,43.0,37.0,11.0,26.0,27.0,7.0,3.0,0.71,0.96,1.04,2.0,1.0,1.0,59.88,37.0,37.08,12.0,0.4,0.98,0.98,2.13,2.16,2.14
847745084779878481624,2025,Donato-Dickinson-Mikheyev,CHI,line,5on5,15,6377.0,111.0,0.59,0.58,0.58,68.76,5.54,4.53,17.39,2.28,36.02,26.25,5.26,5.61,5.33,61.0,31.0,23.0,115.0,7.0,10.0,1.0,16.0,0.0,30.0,29.0,54.0,85.0,7.0,14.0,56.0,37.0,13.0,31.0,71.0,14.0,7.0,1.92,1.76,1.86,4.0,1.0,2.0,116.99,92.0,93.52,15.0,0.94,1.7,1.7,4.79,4.78,4.67,48.73,3.83,3.14,12.13,1.76,25.95,19.2,3.75,3.93,3.83,42.0,24.0,18.0,84.0,5.0,3.0,1.0,3.0,0.0,26.0,29.0,37.0,61.0,4.0,8.0,51.0,62.0,7.0,40.0,50.0,14.0,2.0,1.62,1.68,0.54,4.0,1.0,0.0,84.22,66.0,65.89,19.0,0.65,0.53,0.53,3.95,4.01,4.0
847637484796618480355,2025,Jeannot-Kuraly-Kastelic,BOS,line,5on5,19,3412.0,158.0,0.49,0.48,0.45,23.5,2.56,1.6,6.23,0.8,11.12,8.69,2.43,2.63,2.5,22.0,9.0,25.0,56.0,4.0,6.0,1.0,3.0,0.0,14.0,4.0,18.0,27.0,5.0,13.0,36.0,49.0,6.0,22.0,22.0,6.0,3.0,0.55,0.89,1.12,1.0,1.0,2.0,56.06,31.0,31.46,11.0,0.34,1.18,1.17,1.72,1.81,1.77,27.17,2.63,2.1,7.61,1.11,14.57,9.98,2.5,2.57,2.45,21.0,17.0,22.0,60.0,2.0,7.0,0.0,3.0,0.0,15.0,11.0,19.0,36.0,2.0,7.0,28.0,28.0,6.0,13.0,25.0,11.0,2.0,0.78,1.38,0.47,1.0,1.0,0.0,59.53,38.0,37.16,6.0,0.45,0.9,0.9,2.18,2.13,2.09
847168584764698477960,2025,Kempe-Kopitar-Armia,LAK,line,5on5,14,3114.0,145.0,0.48,0.57,0.56,25.7,1.75,1.57,6.35,0.82,14.21,10.29,1.75,1.79,1.79,20.0,15.0,14.0,49.0,3.0,0.0,0.0,3.0,0.0,14.0,15.0,17.0,32.0,2.0,4.0,29.0,8.0,4.0,6.0,29.0,5.0,1.0,0.77,0.73,0.25,1.0,2.0,0.0,50.42,35.0,35.93,1.0,0.32,0.0,0.0,2.08,2.13,2.12,20.7,1.9,1.43,4.74,0.76,10.83,8.35,1.85,1.85,1.81,19.0,9.0,9.0,37.0,2.0,3.0,0.0,2.0,0.0,7.0,14.0,17.0,26.0,4.0,8.0,22.0,15.0,6.0,13.0,20.0,6.0,2.0,0.57,0.66,0.66,0.0,1.0,1.0,36.04,28.0,27.3,6.0,0.3,0.64,0.64,1.55,1.52,1.51
847572284815228482097,2025,Zucker-Krebs-Quinn,BUF,line,5on5,7,1691.0,48.0,0.5,0.48,0.45,14.81,1.26,1.01,3.5,0.5,7.84,5.88,1.23,1.27,1.23,13.0,7.0,8.0,28.0,0.0,1.0,0.0,2.0,0.0,11.0,6.0,13.0,20.0,3.0,9.0,8.0,14.0,3.0,5.0,16.0,3.0,1.0,0.57,0.4,0.3,0.0,0.0,0.0,28.58,20.0,20.09,3.0,0.22,0.3,0.3,1.18,1.18,1.15,17.34,1.26,1.07,4.05,0.59,9.61,7.41,1.23,1.26,1.23,11.0,13.0,6.0,30.0,1.0,2.0,0.0,1.0,0.0,8.0,12.0,10.0,23.0,4.0,11.0,13.0,9.0,0.0,9.0,20.0,3.0,1.0,0.66,0.34,0.26,0.0,1.0,0.0,29.56,24.0,24.05,5.0,0.22,0.38,0.38,1.1,1.09,1.08
84810568482111,2025,Stastney-Barron,NSH,pairing,5on5,19,12467.0,57.0,0.5,0.54,0.53,98.86,7.8,6.77,25.57,3.54,55.64,38.69,7.65,7.69,7.55,83.0,55.0,64.0,202.0,8.0,11.0,1.0,15.0,0.0,59.0,45.0,75.0,130.0,13.0,26.0,98.0,68.0,15.0,71.0,103.0,30.0,5.0,2.97,3.36,1.47,4.0,3.0,1.0,199.29,138.0,136.22,37.0,1.4,1.54,1.54,7.66,7.57,7.46,90.16,7.82,6.1,22.4,3.0,47.09,34.59,7.63,8.04,7.85,82.0,39.0,51.0,172.0,8.0,8.0,1.0,19.0,0.0,46.0,40.0,74.0,113.0,11.0,22.0,111.0,90.0,12.0,47.0,87.0,27.0,7.0,2.52,3.09,2.21,1.0,5.0,2.0,175.91,121.0,123.78,26.0,1.27,2.04,2.04,7.05,7.22,7.09
847794984808028482097,2025,Tuch-Mcleod-Quinn,BUF,line,5on5,15,830.0,177.0,0.31,0.43,0.39,7.66,0.5,0.47,1.8,0.25,4.61,3.36,0.5,0.5,0.5,6.0,5.0,5.0,16.0,2.0,0.0,0.0,1.0,0.0,4.0,4.0,4.0,9.0,1.0,2.0,5.0,4.0,1.0,6.0,10.0,1.0,0.0,0.38,0.12,0.0,2.0,0.0,0.0,15.29,11.0,10.5,3.0,0.1,0.0,0.0,0.59,0.59,0.59,12.35,1.13,0.85,2.66,0.39,6.91,5.06,1.11,1.13,1.11,13.0,4.0,4.0,21.0,1.0,1.0,0.0,4.0,0.0,7.0,4.0,12.0,16.0,0.0,0.0,3.0,4.0,2.0,4.0,13.0,4.0,0.0,0.59,0.54,0.0,1.0,0.0,0.0,21.07,17.0,17.0,2.0,0.18,0.07,0.07,1.23,1.23,1.21
847846284815828482720,2025,Robertson-Roy-Knies,TOR,line,5on5,2,914.0,7.0,0.53,0.42,0.47,6.22,0.74,0.46,1.62,0.24,3.48,2.46,0.71,0.75,0.73,6.0,3.0,2.0,11.0,1.0,2.0,0.0,2.0,0.0,3.0,1.0,5.0,8.0,0.0,0.0,7.0,9.0,1.0,8.0,5.0,3.0,1.0,0.08,0.36,0.3,0.0,1.0,0.0,11.68,9.0,9.27,3.0,0.1,0.31,0.31,0.52,0.53,0.53,7.78,0.65,0.49,2.09,0.25,3.69,2.82,0.65,0.66,0.66,7.0,3.0,5.0,15.0,1.0,0.0,0.0,1.0,0.0,4.0,4.0,6.0,9.0,0.0,0.0,8.0,8.0,0.0,5.0,8.0,1.0,1.0,0.27,0.13,0.25,1.0,0.0,0.0,14.95,10.0,9.91,2.0,0.11,0.0,0.0,0.75,0.77,0.77
847341984821138482713,2025,Marchand-Lundell-Samoskevich,FLA,line,5on5,7,4019.0,15.0,0.42,0.47,0.46,39.37,3.36,2.7,9.34,1.28,21.96,15.35,3.27,3.3,3.21,30.0,24.0,16.0,70.0,2.0,3.0,1.0,5.0,0.0,25.0,19.0,28.0,52.0,1.0,2.0,35.0,30.0,3.0,14.0,42.0,10.0,2.0,1.35,1.33,0.69,1.0,0.0,1.0,70.08,54.0,53.91,8.0,0.56,0.7,0.7,3.22,3.19,3.17,47.65,4.56,3.04,12.43,1.69,24.13,18.14,4.31,4.67,4.41,45.0,19.0,14.0,78.0,5.0,11.0,1.0,4.0,0.0,23.0,21.0,40.0,59.0,8.0,18.0,39.0,24.0,3.0,24.0,48.0,9.0,7.0,1.42,1.25,1.89,4.0,0.0,1.0,77.86,64.0,63.89,9.0,0.64,2.39,2.39,2.81,2.84,2.77
848266784848018484994,2025,Chernyshov-Celebrini-Eklund,SJS,line,5on5,6,3341.0,28.0,0.48,0.52,0.53,37.25,3.38,2.78,8.87,1.25,19.68,14.04,3.26,3.38,3.26,27.0,23.0,11.0,61.0,7.0,5.0,1.0,4.0,0.0,18.0,16.0,20.0,43.0,4.0,8.0,27.0,13.0,2.0,20.0,36.0,13.0,1.0,1.3,1.67,0.41,4.0,3.0,0.0,61.21,50.0,50.85,10.0,0.58,0.81,0.81,3.14,3.18,3.11,33.12,3.61,2.24,7.97,1.13,17.28,12.77,3.4,3.6,3.38,31.0,14.0,12.0,57.0,7.0,6.0,0.0,4.0,0.0,16.0,12.0,24.0,38.0,3.0,6.0,26.0,19.0,3.0,21.0,27.0,14.0,4.0,0.88,1.71,1.03,3.0,3.0,1.0,57.41,45.0,44.29,10.0,0.48,0.79,0.79,3.3,3.31,3.15
847516984784448482079,2025,Kane-Rossi-Boeser,VAN,line,5on5,6,1095.0,64.0,0.45,0.47,0.48,11.05,1.13,0.77,3.06,0.41,5.58,4.05,1.0,1.15,1.02,10.0,5.0,5.0,20.0,0.0,1.0,0.0,1.0,0.0,6.0,7.0,10.0,15.0,0.0,0.0,11.0,6.0,0.0,2.0,10.0,5.0,0.0,0.36,0.77,0.0,0.0,0.0,0.0,19.8,15.0,14.96,1.0,0.16,0.14,0.14,1.16,1.18,1.06,12.52,1.39,0.85,2.62,0.35,6.36,4.44,1.3,1.39,1.29,12.0,4.0,7.0,23.0,0.0,1.0,0.0,3.0,0.0,6.0,6.0,12.0,16.0,2.0,4.0,8.0,6.0,2.0,5.0,10.0,4.0,2.0,0.28,0.58,0.53,0.0,0.0,0.0,23.22,16.0,16.27,2.0,0.17,0.11,0.11,1.45,1.45,1.38
847740484822018483752,2025,Guentzel-James-Goncalves,TBL,line,5on5,6,936.0,56.0,0.28,0.32,0.32,4.02,0.38,0.31,0.78,0.14,2.46,1.93,0.38,0.36,0.36,4.0,2.0,1.0,7.0,0.0,0.0,0.0,1.0,0.0,1.0,4.0,4.0,6.0,1.0,2.0,1.0,8.0,1.0,5.0,4.0,2.0,0.0,0.2,0.18,0.0,0.0,0.0,0.0,6.9,6.0,5.91,3.0,0.07,0.0,0.0,0.44,0.43,0.43,9.65,0.98,0.63,2.25,0.32,5.02,3.79,0.97,0.98,0.97,7.0,6.0,2.0,15.0,1.0,1.0,0.0,2.0,0.0,5.0,4.0,6.0,12.0,0.0,0.0,9.0,8.0,0.0,3.0,10.0,2.0,1.0,0.36,0.34,0.29,1.0,0.0,0.0,14.9,13.0,13.01,1.0,0.13,0.17,0.17,0.94,0.94,0.93
84789708482100,2025,Nikishin-Chatfield,CAR,pairing,5on5,28,4068.0,176.0,0.33,0.44,0.36,27.31,1.99,1.72,7.15,0.85,13.56,10.72,1.95,2.06,2.01,24.0,12.0,30.0,66.0,2.0,3.0,0.0,6.0,0.0,11.0,14.0,22.0,34.0,5.0,10.0,30.0,31.0,8.0,15.0,28.0,7.0,1.0,0.87,0.92,0.21,0.0,1.0,1.0,67.33,36.0,37.02,9.0,0.36,0.31,0.31,2.05,2.12,2.09,48.43,4.0,3.06,12.52,1.62,25.12,18.68,3.77,4.11,3.87,41.0,24.0,20.0,85.0,1.0,7.0,0.0,9.0,0.0,21.0,27.0,40.0,64.0,5.0,10.0,31.0,28.0,6.0,21.0,50.0,12.0,3.0,1.51,1.4,1.09,0.0,1.0,0.0,86.76,65.0,66.24,12.0,0.64,1.33,1.33,3.31,3.39,3.3
847653984774468478047,2025,Bunting-Mccarron-Marchessault,NSH,line,5on5,10,1393.0,106.0,0.47,0.58,0.52,17.44,1.3,1.3,3.89,0.52,10.29,6.7,1.27,1.21,1.18,16.0,8.0,9.0,33.0,0.0,1.0,0.0,5.0,0.0,10.0,8.0,16.0,24.0,1.0,2.0,16.0,12.0,2.0,3.0,20.0,3.0,1.0,0.6,0.46,0.24,0.0,0.0,0.0,30.38,24.0,22.08,1.0,0.27,0.24,0.24,1.33,1.24,1.22,16.4,1.46,1.11,3.98,0.53,8.52,6.41,1.42,1.53,1.5,16.0,6.0,2.0,24.0,4.0,2.0,1.0,2.0,0.0,5.0,9.0,12.0,18.0,2.0,4.0,13.0,7.0,0.0,7.0,15.0,5.0,2.0,0.41,0.54,0.51,2.0,2.0,0.0,25.54,22.0,23.31,4.0,0.23,0.39,0.39,1.3,1.38,1.37
847745084816248484197,2025,Moore-Dickinson-Mikheyev,CHI,line,5on5,10,892.0,106.0,0.34,0.43,0.38,8.17,0.63,0.46,2.34,0.3,4.22,3.05,0.62,0.62,0.62,6.0,5.0,4.0,15.0,1.0,1.0,0.0,2.0,0.0,5.0,2.0,5.0,10.0,2.0,4.0,6.0,7.0,1.0,5.0,8.0,3.0,0.0,0.25,0.38,0.0,0.0,1.0,0.0,14.65,11.0,10.96,3.0,0.1,0.11,0.11,0.61,0.6,0.59,13.52,1.22,0.93,3.37,0.44,7.12,4.93,1.19,1.21,1.18,15.0,3.0,2.0,20.0,1.0,1.0,0.0,2.0,0.0,10.0,4.0,14.0,17.0,0.0,0.0,11.0,14.0,0.0,4.0,12.0,5.0,1.0,0.42,0.58,0.21,1.0,0.0,0.0,20.58,18.0,18.36,1.0,0.2,0.21,0.21,1.2,1.2,1.19
847747984834508484144,2025,Bertuzzi-Bedard-Greene,CHI,line,5on5,11,3005.0,108.0,0.55,0.47,0.53,35.43,2.95,2.4,8.85,1.17,18.75,13.89,2.86,2.89,2.8,31.0,17.0,7.0,55.0,4.0,7.0,2.0,3.0,0.0,18.0,16.0,27.0,44.0,3.0,6.0,29.0,7.0,6.0,29.0,36.0,7.0,5.0,0.97,0.85,1.13,1.0,1.0,2.0,53.32,48.0,47.12,21.0,0.49,0.72,0.72,2.73,2.65,2.6,31.21,2.4,2.23,7.99,1.05,17.17,12.16,2.35,2.42,2.37,30.0,13.0,20.0,63.0,6.0,2.0,0.0,6.0,0.0,20.0,9.0,24.0,37.0,1.0,2.0,21.0,11.0,6.0,15.0,31.0,12.0,0.0,0.88,1.52,0.0,2.0,4.0,0.0,64.69,43.0,43.25,5.0,0.47,0.31,0.31,2.56,2.59,2.55
847576884769058480009,2025,Schwartz-Stephenson-Tolvanen,SEA,line,5on5,15,6338.0,51.0,0.45,0.45,0.44,47.15,3.23,3.15,11.42,1.47,27.01,19.72,3.14,3.3,3.2,42.0,24.0,32.0,98.0,4.0,2.0,0.0,13.0,0.0,15.0,32.0,38.0,62.0,8.0,16.0,65.0,41.0,13.0,37.0,55.0,10.0,1.0,1.83,1.13,0.28,3.0,1.0,0.0,98.97,66.0,66.28,18.0,0.64,0.36,0.36,3.51,3.59,3.49,59.2,3.98,3.82,15.34,2.14,33.57,25.15,3.89,3.99,3.9,58.0,26.0,36.0,120.0,4.0,4.0,0.0,16.0,0.0,30.0,30.0,54.0,80.0,7.0,14.0,54.0,28.0,14.0,29.0,73.0,7.0,4.0,2.09,0.86,1.03,3.0,0.0,1.0,120.69,84.0,84.75,10.0,0.79,0.31,0.31,4.46,4.44,4.38
847467984768718480289,2025,Pearson-Barron-Nyquist,WPG,line,5on5,6,1513.0,50.0,0.41,0.49,0.51,12.97,0.79,0.8,3.37,0.43,7.21,5.4,0.78,0.81,0.81,10.0,8.0,4.0,22.0,0.0,0.0,0.0,2.0,0.0,11.0,5.0,10.0,18.0,2.0,4.0,15.0,21.0,5.0,2.0,14.0,4.0,0.0,0.35,0.44,0.0,0.0,0.0,0.0,22.17,18.0,18.45,1.0,0.17,0.0,0.0,0.95,0.98,0.97,13.0,1.14,0.93,3.04,0.38,6.79,4.72,0.99,1.07,0.94,11.0,6.0,6.0,23.0,0.0,2.0,0.0,6.0,0.0,4.0,5.0,11.0,17.0,2.0,4.0,15.0,11.0,2.0,5.0,13.0,2.0,2.0,0.39,0.17,0.58,0.0,0.0,0.0,22.49,17.0,16.28,2.0,0.2,0.58,0.58,0.75,0.72,0.71
84789118480990,2025,Chisholm-Roy,WSH,pairing,5on5,12,953.0,103.0,0.58,0.3,0.39,5.21,0.56,0.33,1.2,0.18,2.67,2.05,0.56,0.54,0.54,3.0,4.0,2.0,9.0,0.0,0.0,0.0,0.0,0.0,0.0,7.0,3.0,7.0,0.0,0.0,1.0,6.0,0.0,7.0,4.0,2.0,1.0,0.13,0.18,0.25,0.0,0.0,0.0,9.18,7.0,7.09,3.0,0.07,0.0,0.0,0.63,0.61,0.61,8.35,0.41,0.48,1.98,0.24,4.54,3.36,0.41,0.41,0.4,5.0,6.0,10.0,21.0,0.0,0.0,0.0,2.0,0.0,4.0,5.0,5.0,11.0,0.0,0.0,4.0,5.0,2.0,1.0,10.0,1.0,0.0,0.28,0.13,0.0,0.0,0.0,0.0,20.92,11.0,11.15,0.0,0.1,0.0,0.0,0.51,0.51,0.5
847645984785508482157,2025,Cuylle-Zibanejad-Panarin,NYR,line,5on5,11,4722.0,69.0,0.6,0.55,0.55,44.32,3.58,2.85,10.92,1.45,23.87,17.32,3.51,3.71,3.63,40.0,20.0,25.0,85.0,4.0,3.0,0.0,7.0,1.0,20.0,25.0,36.0,56.0,3.0,6.0,43.0,42.0,6.0,17.0,43.0,14.0,3.0,1.21,1.54,0.83,2.0,2.0,0.0,86.47,60.0,60.93,5.0,0.59,0.76,0.76,3.42,3.5,3.46,35.52,2.38,2.14,9.51,1.16,19.49,14.32,2.34,2.3,2.26,29.0,20.0,21.0,70.0,1.0,2.0,0.0,6.0,0.0,16.0,24.0,28.0,48.0,1.0,2.0,31.0,32.0,6.0,31.0,41.0,6.0,2.0,1.25,0.66,0.47,0.0,1.0,0.0,68.25,49.0,47.83,18.0,0.44,0.4,0.4,2.42,2.35,2.31
847360484801138482149,2025,Iafallo-Toews-Perfetti,WPG,line,5on5,4,1761.0,16.0,0.71,0.77,0.81,20.59,0.98,1.26,5.65,0.71,12.33,9.07,0.98,1.0,0.99,19.0,11.0,13.0,43.0,2.0,0.0,0.0,9.0,0.0,9.0,10.0,17.0,28.0,1.0,2.0,24.0,15.0,2.0,5.0,27.0,3.0,0.0,0.65,0.33,0.0,2.0,0.0,0.0,43.19,30.0,30.35,1.0,0.26,0.0,0.0,1.25,1.27,1.25,5.25,0.41,0.36,1.17,0.16,2.77,2.13,0.41,0.39,0.39,5.0,2.0,6.0,13.0,0.0,0.0,0.0,1.0,0.0,3.0,3.0,5.0,7.0,0.0,0.0,9.0,12.0,2.0,5.0,5.0,2.0,0.0,0.14,0.27,0.0,0.0,0.0,0.0,12.35,7.0,6.73,4.0,0.07,0.0,0.0,0.49,0.46,0.46
847997784808498482699,2025,Guenther-Hayton-Yamamoto,UTA,line,5on5,5,872.0,34.0,0.58,0.61,0.6,8.49,0.63,0.56,1.95,0.27,5.09,3.51,0.62,0.62,0.61,8.0,4.0,5.0,17.0,0.0,1.0,0.0,5.0,0.0,2.0,4.0,8.0,12.0,1.0,2.0,7.0,4.0,2.0,4.0,9.0,3.0,0.0,0.25,0.38,0.0,0.0,0.0,0.0,16.1,12.0,11.5,0.0,0.11,0.12,0.12,0.62,0.61,0.61,5.68,0.44,0.33,1.58,0.19,3.28,2.18,0.43,0.45,0.44,6.0,2.0,3.0,11.0,1.0,1.0,0.0,2.0,0.0,1.0,3.0,5.0,7.0,1.0,2.0,10.0,5.0,1.0,5.0,7.0,0.0,1.0,0.18,0.0,0.27,1.0,0.0,0.0,11.57,8.0,8.29,3.0,0.07,0.27,0.27,0.24,0.25,0.24
847889184834648484160,2025,Danielson-Kasper-Appleton,DET,line,5on5,9,3235.0,49.0,0.45,0.55,0.5,26.37,1.76,1.54,7.96,0.98,14.47,10.29,1.7,1.7,1.64,23.0,14.0,23.0,60.0,0.0,1.0,0.0,6.0,0.0,20.0,10.0,23.0,37.0,2.0,4.0,28.0,29.0,4.0,14.0,32.0,3.0,2.0,0.92,0.34,0.5,0.0,0.0,0.0,57.82,37.0,35.65,6.0,0.32,0.04,0.04,2.04,1.98,1.91,27.4,2.12,1.7,6.85,0.9,14.51,10.92,2.07,2.18,2.13,23.0,14.0,13.0,50.0,0.0,2.0,0.0,7.0,0.0,13.0,15.0,23.0,37.0,2.0,4.0,26.0,26.0,6.0,9.0,30.0,5.0,2.0,0.98,0.55,0.59,0.0,0.0,0.0,50.85,37.0,37.62,3.0,0.35,0.59,0.59,1.89,1.94,1.92
848002884807978481068,2025,Farabee-Frost-Sharangovich,CGY,line,5on5,14,2431.0,112.0,0.5,0.43,0.44,21.13,1.9,1.41,5.06,0.73,11.17,7.73,1.69,1.87,1.66,19.0,9.0,11.0,39.0,1.0,3.0,0.0,5.0,0.0,9.0,10.0,18.0,27.0,2.0,4.0,22.0,16.0,4.0,10.0,21.0,5.0,2.0,0.56,0.78,0.56,1.0,0.0,0.0,38.01,28.0,27.61,6.0,0.3,0.73,0.73,1.47,1.45,1.38,26.17,1.94,1.8,6.36,0.85,13.85,10.2,1.92,1.99,1.97,26.0,9.0,17.0,52.0,2.0,2.0,0.0,10.0,0.0,8.0,13.0,24.0,33.0,4.0,8.0,16.0,23.0,6.0,12.0,25.0,9.0,1.0,0.62,1.1,0.22,1.0,0.0,1.0,53.3,35.0,35.61,5.0,0.38,0.07,0.07,2.24,2.3,2.28
847798984784398481533,2025,Zegras-Dvorak-Konecny,PHI,line,5on5,26,10043.0,151.0,0.51,0.48,0.47,91.19,8.14,6.5,22.99,3.23,48.07,35.06,7.86,8.14,7.85,85.0,39.0,44.0,168.0,9.0,13.0,1.0,13.0,0.0,42.0,47.0,76.0,115.0,11.0,22.0,89.0,32.0,14.0,50.0,88.0,29.0,7.0,2.91,3.52,1.71,2.0,4.0,3.0,168.29,124.0,123.43,21.0,1.36,1.99,1.99,7.52,7.5,7.31,104.52,7.93,6.26,26.76,3.25,55.5,40.3,7.73,7.86,7.65,82.0,58.0,43.0,183.0,9.0,7.0,0.0,12.0,0.0,48.0,64.0,73.0,131.0,9.0,19.0,79.0,59.0,8.0,50.0,106.0,27.0,7.0,3.24,3.02,1.67,3.0,6.0,0.0,180.59,140.0,138.63,21.0,1.3,1.33,1.33,7.91,7.82,7.72
847639384780208482092,2025,Cousins-Greig-Amadio,OTT,line,5on5,7,620.0,69.0,0.45,0.52,0.44,5.21,0.42,0.28,1.54,0.16,2.73,1.86,0.4,0.42,0.4,6.0,1.0,4.0,11.0,0.0,1.0,0.0,1.0,0.0,2.0,3.0,6.0,7.0,0.0,0.0,3.0,5.0,2.0,1.0,6.0,0.0,1.0,0.12,0.0,0.3,0.0,0.0,0.0,11.22,7.0,7.32,1.0,0.06,0.03,0.03,0.45,0.45,0.43,6.68,0.51,0.45,2.0,0.23,3.32,2.5,0.47,0.49,0.46,8.0,1.0,1.0,10.0,0.0,1.0,0.0,3.0,0.0,4.0,1.0,8.0,9.0,1.0,2.0,6.0,7.0,0.0,2.0,7.0,1.0,1.0,0.12,0.16,0.23,0.0,0.0,0.0,9.96,9.0,8.99,2.0,0.1,0.23,0.23,0.38,0.37,0.36
848074884820558484136,2025,Sherwood-Sasson-O'Connor,VAN,line,5on5,14,1447.0,138.0,0.49,0.56,0.5,14.8,1.28,0.91,3.97,0.49,7.3,6.05,1.19,1.32,1.24,12.0,8.0,10.0,30.0,1.0,4.0,0.0,1.0,0.0,6.0,8.0,11.0,19.0,0.0,0.0,11.0,17.0,1.0,7.0,16.0,2.0,2.0,0.46,0.27,0.55,1.0,0.0,0.0,30.65,20.0,20.25,1.0,0.19,0.7,0.39,1.08,1.12,1.07,14.9,1.34,0.93,3.77,0.48,7.94,5.54,1.2,1.36,1.22,14.0,6.0,4.0,24.0,0.0,2.0,0.0,5.0,0.0,6.0,7.0,14.0,20.0,3.0,6.0,14.0,16.0,1.0,4.0,15.0,2.0,3.0,0.32,0.19,0.82,0.0,0.0,0.0,23.8,20.0,19.76,2.0,0.2,0.57,0.57,0.96,0.95,0.94
847639284801138480289,2025,Iafallo-Lowry-Barron,WPG,line,5on5,9,2441.0,53.0,0.34,0.51,0.57,18.72,0.99,1.19,4.4,0.6,10.6,8.21,0.98,0.99,0.98,18.0,8.0,10.0,36.0,2.0,1.0,0.0,4.0,0.0,9.0,10.0,16.0,24.0,1.0,2.0,22.0,25.0,3.0,9.0,23.0,3.0,0.0,0.63,0.36,0.0,1.0,1.0,0.0,37.02,26.0,26.32,4.0,0.25,0.15,0.15,1.08,1.08,1.06,14.86,1.89,1.17,3.91,0.53,7.32,5.19,1.77,1.91,1.78,12.0,8.0,14.0,34.0,1.0,4.0,1.0,2.0,0.0,7.0,6.0,11.0,19.0,2.0,4.0,19.0,19.0,2.0,13.0,10.0,8.0,2.0,0.27,1.14,0.48,0.0,1.0,0.0,34.18,20.0,20.26,4.0,0.25,0.71,0.71,1.43,1.43,1.4
848161884827758484984,2025,Newhook-Kapanen-Demidov,MTL,line,5on5,17,7960.0,56.0,0.48,0.44,0.44,59.08,5.1,3.75,14.62,1.91,31.24,23.38,4.9,5.16,4.96,50.0,30.0,26.0,106.0,11.0,6.0,3.0,9.0,0.0,24.0,30.0,39.0,69.0,8.0,19.0,58.0,44.0,8.0,37.0,53.0,24.0,3.0,1.43,2.78,0.89,1.0,7.0,3.0,106.42,80.0,80.37,23.0,0.78,1.28,1.28,4.6,4.63,4.53,72.96,5.42,4.53,19.83,2.46,39.41,28.35,4.99,5.43,5.0,64.0,36.0,34.0,134.0,6.0,8.0,0.0,12.0,0.0,40.0,34.0,58.0,94.0,7.0,17.0,74.0,59.0,12.0,32.0,78.0,17.0,5.0,2.02,1.95,1.45,3.0,2.0,1.0,132.79,100.0,98.8,16.0,0.94,1.28,1.28,5.07,5.08,4.75
847750884793658485493,2025,Frederic-Lazar-Tomasek,EDM,line,5on5,3,867.0,23.0,0.58,0.37,0.41,6.82,0.79,0.4,1.57,0.2,3.65,2.38,0.74,0.81,0.77,5.0,4.0,1.0,10.0,1.0,1.0,0.0,1.0,0.0,3.0,3.0,4.0,8.0,2.0,4.0,6.0,4.0,2.0,2.0,5.0,3.0,1.0,0.12,0.35,0.32,0.0,1.0,0.0,11.16,9.0,9.37,1.0,0.08,0.32,0.32,0.55,0.57,0.56,9.68,0.56,0.58,2.2,0.3,5.2,4.15,0.55,0.57,0.56,8.0,5.0,4.0,17.0,0.0,0.0,0.0,3.0,0.0,7.0,3.0,8.0,13.0,1.0,2.0,6.0,21.0,1.0,5.0,11.0,2.0,0.0,0.38,0.18,0.0,0.0,0.0,0.0,16.34,13.0,12.99,0.0,0.12,0.0,0.0,0.68,0.69,0.68
84800358481219,2025,Aspirot-Jokiharju,BOS,pairing,5on5,11,4060.0,55.0,0.46,0.43,0.4,25.69,2.23,1.66,6.01,0.83,13.86,10.41,2.08,2.19,2.05,22.0,13.0,20.0,55.0,1.0,4.0,0.0,5.0,0.0,8.0,17.0,21.0,34.0,5.0,13.0,28.0,34.0,2.0,24.0,27.0,6.0,2.0,0.85,0.83,0.56,1.0,0.0,0.0,55.31,35.0,34.99,13.0,0.34,0.92,0.92,1.66,1.63,1.62,36.52,2.59,2.3,9.99,1.33,19.91,15.88,2.54,2.62,2.56,31.0,21.0,21.0,73.0,1.0,6.0,0.0,8.0,0.0,17.0,20.0,30.0,51.0,5.0,13.0,26.0,35.0,8.0,14.0,41.0,8.0,3.0,1.0,0.91,0.67,0.0,1.0,0.0,73.49,52.0,52.31,6.0,0.48,0.65,0.65,2.41,2.46,2.45
847643884768818481604,2025,Saad-Hertl-Dorofeyev,VGK,line,5on5,18,8285.0,71.0,0.58,0.6,0.57,70.56,5.61,4.73,17.68,2.21,38.51,27.27,5.41,5.4,5.21,61.0,35.0,58.0,154.0,2.0,6.0,1.0,21.0,0.0,42.0,25.0,59.0,94.0,8.0,19.0,76.0,47.0,13.0,33.0,71.0,21.0,4.0,2.05,2.55,1.01,1.0,1.0,0.0,148.1,96.0,92.31,9.0,0.99,1.19,1.19,5.41,5.27,5.18,52.75,4.0,3.57,13.66,1.88,28.88,21.01,3.8,4.13,3.93,47.0,26.0,30.0,103.0,6.0,5.0,0.0,12.0,0.0,24.0,26.0,41.0,67.0,6.0,15.0,66.0,60.0,10.0,39.0,57.0,13.0,3.0,1.7,1.47,0.82,2.0,3.0,1.0,106.12,73.0,75.33,20.0,0.74,0.76,0.76,3.97,4.11,3.97
847794284779608482124,2025,Fiala-Byfield-Kempe,LAK,line,5on5,20,5098.0,164.0,0.39,0.49,0.49,30.95,2.01,2.04,7.82,1.03,18.04,13.06,1.99,1.97,1.95,31.0,13.0,25.0,69.0,2.0,1.0,0.0,7.0,0.0,13.0,21.0,29.0,42.0,6.0,12.0,30.0,18.0,3.0,24.0,37.0,7.0,0.0,1.17,0.84,0.0,2.0,0.0,0.0,67.58,44.0,42.9,13.0,0.42,0.15,0.15,2.28,2.24,2.23,33.02,3.12,2.32,7.88,1.15,17.52,13.01,2.99,3.05,2.93,32.0,13.0,28.0,73.0,4.0,4.0,1.0,6.0,0.0,17.0,14.0,28.0,41.0,4.0,8.0,35.0,26.0,6.0,20.0,33.0,8.0,4.0,1.05,1.08,0.98,1.0,2.0,1.0,73.24,45.0,44.89,7.0,0.48,0.76,0.76,2.84,2.8,2.79
84821058482245,2025,Sanderson-Zub,OTT,pairing,5on5,39,31274.0,69.0,0.57,0.55,0.58,262.43,20.75,16.48,65.57,8.35,137.71,103.14,20.12,21.17,20.52,225.0,127.0,126.0,478.0,25.0,21.0,2.0,44.0,0.0,130.0,132.0,200.0,327.0,38.0,85.0,318.0,212.0,51.0,136.0,269.0,61.0,22.0,7.04,7.4,6.31,14.0,7.0,4.0,482.87,352.0,357.22,61.0,3.43,4.6,4.95,19.23,19.55,19.27,188.51,15.75,13.0,47.58,6.61,101.72,75.35,14.97,15.7,14.93,179.0,81.0,134.0,394.0,17.0,23.0,3.0,43.0,0.0,86.0,91.0,162.0,243.0,37.0,85.0,258.0,223.0,36.0,168.0,198.0,50.0,12.0,6.11,6.56,3.08,9.0,5.0,3.0,390.54,260.0,258.6,87.0,2.73,3.54,3.54,14.93,14.85,14.57
84769678480803,2025,Kulak-Bouchard,EDM,pairing,5on5,19,860.0,162.0,0.48,0.54,0.47,6.44,0.4,0.4,1.3,0.2,3.84,2.87,0.39,0.41,0.4,7.0,2.0,5.0,14.0,1.0,0.0,0.0,3.0,0.0,4.0,1.0,6.0,8.0,0.0,0.0,4.0,1.0,0.0,7.0,8.0,1.0,0.0,0.29,0.1,0.0,1.0,0.0,0.0,13.84,9.0,9.01,3.0,0.08,0.0,0.0,0.47,0.49,0.48,7.19,0.42,0.41,1.84,0.24,3.78,3.3,0.42,0.43,0.43,7.0,3.0,2.0,12.0,0.0,0.0,0.0,4.0,0.0,3.0,3.0,7.0,10.0,1.0,2.0,2.0,4.0,2.0,5.0,9.0,1.0,0.0,0.28,0.14,0.0,0.0,0.0,0.0,12.4,10.0,10.27,2.0,0.08,0.0,0.0,0.51,0.52,0.52
847579884764588478366,2025,Strome-Granlund-Vatrano,ANA,line,5on5,6,1001.0,47.0,0.4,0.42,0.57,8.71,0.57,0.52,2.21,0.28,4.73,3.68,0.55,0.56,0.54,9.0,3.0,2.0,14.0,2.0,0.0,0.0,0.0,0.0,7.0,3.0,7.0,10.0,2.0,4.0,5.0,5.0,3.0,8.0,11.0,1.0,0.0,0.47,0.1,0.0,1.0,1.0,0.0,14.11,12.0,12.05,4.0,0.11,0.0,0.0,0.68,0.67,0.64,6.86,0.86,0.41,1.71,0.25,3.0,2.77,0.83,0.91,0.88,7.0,2.0,10.0,19.0,2.0,1.0,1.0,0.0,0.0,3.0,3.0,5.0,7.0,0.0,0.0,14.0,6.0,2.0,2.0,5.0,3.0,1.0,0.18,0.36,0.32,0.0,1.0,1.0,19.61,9.0,9.27,1.0,0.09,0.32,0.32,0.63,0.65,0.65
847467984768718484135,2025,Pearson-Ford-Nyquist,WPG,line,5on5,2,740.0,8.0,0.47,0.51,0.52,9.36,0.9,0.67,2.55,0.34,4.96,3.57,0.89,0.95,0.94,5.0,8.0,6.0,19.0,1.0,1.0,0.0,1.0,0.0,7.0,3.0,4.0,12.0,2.0,4.0,4.0,4.0,0.0,5.0,10.0,1.0,2.0,0.28,0.14,0.49,0.0,1.0,0.0,19.78,13.0,13.61,4.0,0.14,0.26,0.26,0.78,0.83,0.82,8.81,1.03,0.67,2.56,0.35,4.36,3.04,0.92,0.99,0.88,10.0,2.0,6.0,18.0,1.0,2.0,0.0,1.0,0.0,6.0,2.0,9.0,11.0,0.0,0.0,8.0,5.0,2.0,0.0,8.0,1.0,3.0,0.22,0.09,0.73,1.0,0.0,0.0,17.24,12.0,11.54,0.0,0.14,0.49,0.49,0.69,0.65,0.63
84815688483506,2025,Vlasic-Rinzel,CHI,pairing,5on5,27,9647.0,111.0,0.39,0.46,0.45,72.99,4.51,4.32,18.85,2.44,41.57,30.3,4.44,4.64,4.55,53.0,49.0,47.0,149.0,5.0,6.0,1.0,11.0,0.0,42.0,38.0,48.0,97.0,12.0,27.0,63.0,54.0,19.0,57.0,84.0,15.0,3.0,2.21,1.57,0.74,2.0,1.0,2.0,151.29,102.0,103.82,25.0,0.88,0.76,0.6,4.79,4.85,4.81,92.61,6.99,5.91,23.12,3.0,50.17,37.81,6.86,6.9,6.76,85.0,42.0,49.0,176.0,10.0,7.0,0.0,18.0,1.0,44.0,47.0,75.0,117.0,10.0,23.0,78.0,51.0,11.0,49.0,95.0,28.0,4.0,2.7,3.16,1.13,6.0,4.0,0.0,173.71,127.0,124.69,21.0,1.23,1.38,1.38,6.85,6.73,6.67
84764678478407,2025,Dunn-Oleksiak,SEA,pairing,5on5,21,1157.0,158.0,0.4,0.56,0.48,7.88,0.42,0.47,2.09,0.24,4.45,3.33,0.4,0.42,0.4,9.0,2.0,11.0,22.0,0.0,1.0,0.0,3.0,0.0,3.0,4.0,9.0,11.0,2.0,4.0,3.0,5.0,1.0,7.0,10.0,1.0,0.0,0.26,0.16,0.0,0.0,0.0,0.0,22.05,11.0,11.01,2.0,0.1,0.16,0.16,0.36,0.36,0.35,8.4,0.64,0.56,2.09,0.28,5.03,3.38,0.64,0.67,0.67,6.0,6.0,5.0,17.0,0.0,1.0,0.0,1.0,0.0,3.0,7.0,6.0,12.0,1.0,2.0,0.0,8.0,3.0,6.0,10.0,1.0,1.0,0.32,0.08,0.24,0.0,0.0,0.0,17.79,12.0,12.32,2.0,0.11,0.24,0.24,0.52,0.53,0.52
84815248482671,2025,Byram-Power,BUF,pairing,5on5,39,6326.0,252.0,0.52,0.55,0.53,64.91,5.33,4.1,16.34,2.02,34.17,26.03,5.07,5.34,5.09,61.0,27.0,34.0,122.0,5.0,7.0,0.0,13.0,0.0,35.0,28.0,56.0,83.0,4.0,8.0,25.0,34.0,5.0,27.0,69.0,14.0,5.0,1.95,1.71,1.67,4.0,1.0,0.0,119.1,88.0,87.14,13.0,0.85,1.82,1.82,4.36,4.38,4.31,56.82,4.87,3.55,13.94,1.83,31.0,21.82,4.71,4.92,4.76,47.0,30.0,24.0,101.0,2.0,5.0,0.0,16.0,0.0,26.0,28.0,45.0,75.0,6.0,12.0,34.0,32.0,9.0,29.0,59.0,11.0,7.0,1.79,1.16,1.92,2.0,0.0,0.0,103.51,77.0,78.21,17.0,0.73,1.28,1.28,4.33,4.37,4.32
84768538478443,2025,Rielly-Carlo,TOR,pairing,5on5,17,9964.0,51.0,0.48,0.46,0.48,90.71,7.02,5.73,22.99,3.0,48.35,35.92,6.68,6.92,6.58,85.0,38.0,35.0,158.0,8.0,9.0,0.0,19.0,0.0,44.0,43.0,77.0,115.0,9.0,18.0,94.0,88.0,11.0,61.0,97.0,21.0,5.0,2.96,2.67,1.39,6.0,2.0,0.0,155.85,123.0,121.48,35.0,1.19,1.7,1.7,6.51,6.39,6.23,96.13,7.64,6.37,24.52,3.19,53.7,38.58,7.5,7.82,7.68,88.0,46.0,52.0,186.0,12.0,5.0,3.0,15.0,0.0,40.0,62.0,76.0,122.0,5.0,10.0,82.0,60.0,15.0,66.0,104.0,23.0,7.0,2.86,2.77,2.01,3.0,6.0,3.0,188.22,134.0,134.91,27.0,1.33,0.9,1.52,7.45,7.62,7.57
84768698482482,2025,Skjei-Wilsby,NSH,pairing,5on5,24,12595.0,105.0,0.5,0.5,0.48,100.89,8.74,6.85,24.74,3.34,52.75,39.59,8.48,8.63,8.38,91.0,45.0,53.0,189.0,8.0,14.0,2.0,15.0,1.0,51.0,47.0,83.0,128.0,17.0,40.0,115.0,78.0,20.0,55.0,102.0,24.0,10.0,2.86,3.24,2.64,4.0,2.0,2.0,187.6,136.0,134.94,30.0,1.43,2.35,2.35,7.83,7.78,7.66,104.67,8.79,7.08,26.45,3.54,58.14,41.0,8.37,8.88,8.45,93.0,52.0,42.0,187.0,5.0,12.0,1.0,24.0,0.0,57.0,47.0,88.0,140.0,16.0,38.0,110.0,70.0,12.0,67.0,112.0,22.0,11.0,3.16,2.5,3.13,3.0,1.0,1.0,189.15,145.0,145.9,32.0,1.48,2.7,2.7,7.57,7.59,7.4
847575484781098479525,2025,Olofsson-Nelson-Colton,COL,line,5on5,17,884.0,242.0,0.67,0.68,0.68,11.85,0.59,0.63,3.54,0.41,6.99,4.84,0.58,0.61,0.61,14.0,3.0,6.0,23.0,0.0,2.0,0.0,5.0,0.0,5.0,5.0,14.0,17.0,1.0,2.0,7.0,1.0,1.0,7.0,16.0,1.0,0.0,0.42,0.17,0.0,0.0,0.0,0.0,23.97,17.0,17.44,5.0,0.13,0.2,0.2,0.52,0.53,0.52,5.58,0.3,0.33,1.42,0.18,3.45,2.32,0.29,0.28,0.28,2.0,6.0,3.0,11.0,0.0,1.0,0.0,0.0,0.0,4.0,3.0,2.0,8.0,1.0,2.0,8.0,9.0,1.0,6.0,7.0,1.0,0.0,0.16,0.14,0.0,0.0,0.0,0.0,10.16,8.0,7.48,1.0,0.07,0.14,0.14,0.23,0.21,0.21
84751718479026,2025,Ekman-Larsson-Myers,TOR,pairing,5on5,19,3022.0,129.0,0.53,0.44,0.52,28.11,2.33,1.83,6.73,0.9,14.9,11.31,2.28,2.31,2.26,28.0,10.0,5.0,43.0,2.0,4.0,0.0,6.0,0.0,9.0,17.0,26.0,36.0,4.0,8.0,25.0,33.0,1.0,16.0,29.0,6.0,3.0,0.76,0.7,0.88,1.0,1.0,0.0,42.12,38.0,37.8,10.0,0.38,0.68,0.97,1.74,1.73,1.7,25.56,2.1,1.62,6.46,0.84,13.6,10.39,2.06,2.22,2.18,24.0,11.0,20.0,55.0,2.0,2.0,0.0,5.0,0.0,12.0,14.0,22.0,33.0,2.0,4.0,9.0,13.0,2.0,10.0,26.0,7.0,2.0,0.57,0.88,0.65,1.0,1.0,0.0,57.65,35.0,36.82,6.0,0.33,0.39,0.39,2.04,2.16,2.14
847846284827208484158,2025,Knies-Roy-Cowan,TOR,line,5on5,5,822.0,45.0,0.73,0.7,0.63,8.0,1.02,0.66,1.7,0.23,3.69,2.71,1.01,1.05,1.04,6.0,4.0,6.0,16.0,0.0,0.0,0.0,1.0,0.0,3.0,6.0,6.0,10.0,2.0,4.0,8.0,7.0,5.0,3.0,5.0,3.0,2.0,0.18,0.32,0.51,0.0,0.0,0.0,16.32,10.0,10.12,2.0,0.14,0.0,0.0,1.16,1.19,1.18,4.47,0.37,0.26,1.07,0.14,2.56,1.61,0.37,0.36,0.36,4.0,2.0,1.0,7.0,0.0,0.0,0.0,0.0,0.0,3.0,3.0,4.0,6.0,0.0,0.0,4.0,9.0,0.0,3.0,4.0,2.0,0.0,0.11,0.27,0.0,0.0,0.0,0.0,6.91,6.0,5.95,1.0,0.05,0.0,0.0,0.43,0.41,0.41
847646984764798479675,2025,Moore-Danault-Armia,LAK,line,5on5,11,1503.0,116.0,0.21,0.38,0.27,4.44,0.36,0.29,1.05,0.13,2.34,1.83,0.36,0.4,0.4,3.0,3.0,9.0,15.0,0.0,0.0,0.0,0.0,0.0,5.0,1.0,3.0,6.0,2.0,4.0,20.0,6.0,2.0,8.0,4.0,2.0,0.0,0.09,0.28,0.0,0.0,0.0,0.0,15.71,6.0,6.61,5.0,0.06,0.0,0.0,0.43,0.47,0.47,11.92,1.38,0.9,2.97,0.48,5.81,4.45,1.3,1.32,1.25,9.0,7.0,9.0,25.0,0.0,2.0,0.0,3.0,0.0,5.0,6.0,9.0,16.0,1.0,2.0,12.0,12.0,2.0,7.0,10.0,3.0,3.0,0.25,0.31,0.83,0.0,0.0,0.0,23.79,16.0,15.46,2.0,0.19,0.59,0.59,0.99,0.95,0.92
84769238478500,2025,Provorov-Severson,CBJ,pairing,5on5,38,19031.0,162.0,0.53,0.51,0.49,170.33,15.53,10.82,43.11,5.73,87.68,65.14,14.74,15.41,14.66,160.0,68.0,93.0,321.0,18.0,18.0,4.0,41.0,0.0,74.0,77.0,142.0,210.0,18.0,45.0,167.0,117.0,27.0,105.0,174.0,32.0,22.0,5.3,3.83,6.39,9.0,5.0,4.0,323.53,228.0,229.48,56.0,2.26,4.41,4.56,13.23,13.25,12.99,171.56,13.99,10.85,43.14,5.59,92.08,68.35,12.86,14.28,13.11,157.0,77.0,75.0,309.0,12.0,15.0,2.0,32.0,0.0,100.0,75.0,145.0,222.0,12.0,30.0,156.0,83.0,23.0,98.0,190.0,26.0,18.0,5.7,3.22,5.07,9.0,1.0,2.0,312.69,234.0,237.38,52.0,2.25,3.7,3.7,12.53,12.79,12.17
84817198482929,2025,Lilleberg-Crozier,TBL,pairing,5on5,11,4612.0,55.0,0.48,0.52,0.54,41.56,3.46,2.45,10.97,1.4,20.77,15.95,3.19,3.6,3.31,35.0,20.0,15.0,70.0,5.0,5.0,1.0,4.0,0.0,23.0,18.0,30.0,50.0,9.0,21.0,37.0,55.0,4.0,23.0,43.0,7.0,5.0,1.3,0.86,1.3,3.0,1.0,1.0,70.78,55.0,56.5,7.0,0.51,1.17,1.17,2.81,2.83,2.74,35.23,3.69,2.32,8.87,1.15,17.13,12.84,3.47,3.79,3.57,37.0,9.0,19.0,65.0,3.0,4.0,0.0,10.0,0.0,16.0,13.0,34.0,43.0,8.0,19.0,41.0,43.0,5.0,25.0,30.0,10.0,6.0,0.75,1.24,1.71,1.0,1.0,1.0,67.64,46.0,46.83,19.0,0.49,1.21,1.21,2.97,3.13,3.09
84772208479410,2025,Schmidt-Sergachev,UTA,pairing,5on5,32,2861.0,299.0,0.65,0.6,0.56,26.79,2.87,1.89,6.81,0.9,14.45,10.08,2.77,2.92,2.82,29.0,8.0,15.0,52.0,4.0,4.0,1.0,8.0,0.0,7.0,14.0,25.0,33.0,6.0,12.0,14.0,13.0,3.0,19.0,23.0,9.0,5.0,0.7,0.92,1.25,1.0,1.0,2.0,51.36,37.0,37.08,9.0,0.39,0.83,0.83,2.43,2.45,2.42,20.74,1.52,1.44,5.12,0.74,11.63,8.55,1.49,1.5,1.47,20.0,9.0,6.0,35.0,4.0,2.0,1.0,5.0,0.0,10.0,8.0,16.0,25.0,6.0,12.0,21.0,21.0,3.0,12.0,23.0,6.0,0.0,0.77,0.75,0.0,1.0,3.0,0.0,34.47,29.0,28.49,5.0,0.3,0.19,0.19,1.64,1.61,1.58
847749784826608482705,2025,Johnson-Monahan-Sillinger,CBJ,line,5on5,7,2437.0,63.0,0.46,0.44,0.43,18.74,1.76,1.21,4.51,0.58,9.52,7.42,1.69,1.84,1.77,17.0,8.0,9.0,34.0,2.0,3.0,1.0,3.0,0.0,8.0,9.0,15.0,23.0,1.0,2.0,26.0,5.0,5.0,18.0,16.0,7.0,2.0,0.47,0.82,0.48,0.0,1.0,1.0,35.11,25.0,25.79,12.0,0.25,0.58,0.58,1.44,1.49,1.48,24.9,2.05,1.7,6.35,0.8,13.23,8.86,2.02,1.99,1.95,23.0,10.0,11.0,44.0,4.0,2.0,0.0,5.0,0.0,14.0,8.0,19.0,29.0,0.0,0.0,25.0,23.0,4.0,7.0,26.0,6.0,1.0,0.98,0.87,0.21,3.0,0.0,1.0,43.43,33.0,32.79,2.0,0.36,0.36,0.36,2.06,1.99,1.95
847516984788568480078,2025,Kane-Chytil-Garland,VAN,line,5on5,5,1155.0,45.0,0.4,0.55,0.47,11.49,1.1,0.84,2.63,0.41,6.33,4.69,1.07,1.09,1.06,11.0,5.0,7.0,23.0,1.0,1.0,0.0,3.0,0.0,6.0,5.0,10.0,15.0,3.0,6.0,12.0,9.0,2.0,2.0,11.0,4.0,1.0,0.23,0.61,0.26,0.0,1.0,0.0,22.35,16.0,15.49,2.0,0.17,0.26,0.26,1.01,1.02,1.01,14.44,1.66,0.98,3.2,0.41,6.32,5.44,1.64,1.68,1.67,12.0,6.0,1.0,19.0,0.0,2.0,0.0,1.0,0.0,4.0,11.0,12.0,18.0,0.0,0.0,7.0,8.0,3.0,8.0,10.0,6.0,2.0,0.23,0.8,0.62,0.0,0.0,0.0,20.25,18.0,19.21,4.0,0.21,0.18,0.18,1.68,1.69,1.68
847740284800238481013,2025,Buchnevich-Thomas-Berggren,STL,line,5on5,4,2033.0,7.0,0.63,0.56,0.58,20.54,1.92,1.46,4.97,0.66,10.98,8.0,1.79,1.93,1.81,18.0,10.0,6.0,34.0,2.0,3.0,0.0,2.0,0.0,14.0,7.0,16.0,26.0,0.0,0.0,15.0,4.0,5.0,8.0,20.0,6.0,2.0,0.66,0.69,0.57,2.0,0.0,0.0,34.06,28.0,28.17,2.0,0.31,0.61,0.61,1.62,1.61,1.54,14.09,1.15,0.9,3.62,0.47,8.04,5.82,1.1,1.16,1.11,16.0,4.0,7.0,27.0,3.0,2.0,0.0,5.0,0.0,5.0,5.0,13.0,17.0,1.0,2.0,19.0,7.0,2.0,8.0,16.0,2.0,2.0,0.49,0.22,0.45,3.0,0.0,0.0,28.83,20.0,20.48,4.0,0.19,0.45,0.45,0.89,0.89,0.88
84764578479324,2025,Lindgren-Larsson,SEA,pairing,5on5,29,1910.0,218.0,0.3,0.31,0.28,7.62,1.09,0.55,1.77,0.24,3.69,2.66,0.89,1.07,0.87,8.0,2.0,5.0,15.0,1.0,2.0,1.0,1.0,0.0,4.0,2.0,7.0,9.0,0.0,0.0,8.0,16.0,5.0,8.0,6.0,2.0,2.0,0.19,0.25,0.65,0.0,0.0,1.0,14.82,10.0,9.89,3.0,0.11,0.65,0.65,0.55,0.54,0.53,19.42,2.58,1.49,4.94,0.72,8.91,7.36,2.21,2.52,2.16,16.0,10.0,7.0,33.0,0.0,7.0,0.0,3.0,0.0,7.0,9.0,16.0,26.0,1.0,2.0,12.0,9.0,0.0,4.0,18.0,3.0,5.0,0.55,0.27,1.76,0.0,0.0,0.0,31.93,26.0,25.31,0.0,0.32,1.81,1.81,1.09,1.07,1.03
84764228478970,2025,Reilly-Chatfield,CAR,pairing,5on5,14,3070.0,88.0,0.5,0.54,0.57,34.93,3.18,2.36,8.42,1.18,18.24,13.62,3.07,3.48,3.36,31.0,16.0,20.0,67.0,5.0,5.0,1.0,8.0,0.0,21.0,8.0,26.0,42.0,3.0,6.0,35.0,14.0,3.0,15.0,33.0,10.0,4.0,1.05,1.22,0.92,2.0,3.0,0.0,73.86,47.0,51.63,8.0,0.49,0.92,0.92,2.76,3.02,2.98,26.61,3.15,2.02,6.68,0.94,13.14,9.08,2.95,2.96,2.78,27.0,8.0,22.0,57.0,2.0,5.0,0.0,5.0,0.0,13.0,10.0,25.0,33.0,3.0,6.0,25.0,17.0,0.0,16.0,19.0,13.0,3.0,0.69,1.74,0.71,2.0,0.0,0.0,52.95,35.0,32.9,6.0,0.43,0.85,0.85,2.73,2.56,2.53
847403784799928481725,2025,Soderblom-Rasmussen-Van Riemsdyk,DET,line,5on5,8,3437.0,28.0,0.69,0.52,0.58,37.07,3.36,2.43,9.73,1.28,19.51,13.68,3.2,3.49,3.33,26.0,24.0,10.0,60.0,1.0,6.0,0.0,7.0,0.0,17.0,19.0,25.0,49.0,4.0,11.0,31.0,28.0,3.0,15.0,35.0,12.0,3.0,0.99,1.47,0.91,0.0,1.0,0.0,60.47,50.0,50.32,8.0,0.51,1.31,1.31,2.56,2.63,2.61,24.96,1.53,1.65,6.37,0.9,14.38,11.16,1.52,1.5,1.49,21.0,15.0,20.0,56.0,0.0,0.0,0.0,4.0,0.0,15.0,17.0,21.0,36.0,3.0,9.0,26.0,42.0,2.0,15.0,29.0,7.0,0.0,0.69,0.84,0.0,0.0,0.0,0.0,55.63,36.0,35.56,6.0,0.35,0.0,0.0,1.88,1.84,1.83
84764298481569,2025,Warren-Mayfield,NYI,pairing,5on5,8,3566.0,29.0,0.52,0.51,0.49,26.23,2.91,1.76,6.79,0.85,13.51,9.18,2.78,2.9,2.77,24.0,11.0,17.0,52.0,1.0,4.0,0.0,9.0,0.0,14.0,7.0,23.0,34.0,4.0,8.0,25.0,32.0,4.0,21.0,21.0,11.0,3.0,0.51,1.41,0.99,0.0,1.0,0.0,52.46,35.0,35.67,9.0,0.37,0.91,0.91,2.37,2.34,2.27,27.49,2.64,1.7,7.44,0.91,13.94,10.38,2.59,2.71,2.66,20.0,17.0,12.0,49.0,2.0,3.0,0.0,4.0,0.0,17.0,11.0,18.0,35.0,2.0,4.0,34.0,24.0,2.0,19.0,29.0,5.0,3.0,1.06,0.56,1.02,2.0,0.0,0.0,50.16,37.0,37.5,10.0,0.36,0.87,0.87,2.13,2.16,2.15
84751678478416,2025,Hedman-Cernak,TBL,pairing,5on5,15,1171.0,120.0,0.17,0.16,0.18,4.54,0.32,0.37,1.08,0.13,2.3,1.8,0.31,0.34,0.34,3.0,3.0,1.0,7.0,2.0,1.0,0.0,0.0,0.0,1.0,2.0,1.0,4.0,3.0,6.0,1.0,9.0,0.0,6.0,4.0,2.0,0.0,0.08,0.24,0.0,1.0,1.0,0.0,7.23,6.0,6.18,2.0,0.07,0.09,0.09,0.3,0.33,0.33,19.21,1.51,1.26,4.85,0.72,11.41,8.24,1.48,1.54,1.51,18.0,10.0,10.0,38.0,0.0,2.0,0.0,6.0,0.0,11.0,9.0,18.0,28.0,4.0,8.0,6.0,5.0,2.0,3.0,21.0,6.0,1.0,0.63,0.63,0.25,0.0,0.0,0.0,38.44,28.0,28.43,1.0,0.26,0.28,0.28,1.49,1.52,1.5
847883184792938479977,2025,Tanev-Stenlund-Yamamoto,UTA,line,5on5,13,5015.0,60.0,0.31,0.48,0.49,30.34,1.53,1.82,7.27,1.02,17.7,13.66,1.52,1.53,1.53,29.0,14.0,21.0,64.0,1.0,1.0,0.0,7.0,0.0,19.0,15.0,28.0,42.0,3.0,6.0,35.0,31.0,4.0,25.0,39.0,4.0,0.0,1.11,0.42,0.0,1.0,0.0,0.0,63.3,43.0,42.53,14.0,0.37,0.09,0.09,1.81,1.82,1.81,33.48,3.48,2.26,7.5,1.06,17.09,13.61,3.36,3.54,3.41,29.0,16.0,25.0,70.0,5.0,2.0,0.0,4.0,0.0,15.0,19.0,24.0,40.0,6.0,12.0,34.0,49.0,8.0,26.0,30.0,12.0,3.0,1.11,1.47,0.9,2.0,2.0,1.0,70.58,45.0,45.58,13.0,0.48,0.43,0.43,3.53,3.55,3.44
84815938483686,2025,Struble-Engstrom,MTL,pairing,5on5,2,1295.0,6.0,0.38,0.44,0.39,5.52,0.4,0.41,1.27,0.19,4.0,2.73,0.4,0.42,0.42,5.0,4.0,5.0,14.0,1.0,0.0,0.0,1.0,0.0,5.0,2.0,4.0,8.0,3.0,6.0,9.0,12.0,1.0,6.0,9.0,0.0,0.0,0.4,0.0,0.0,1.0,0.0,0.0,15.27,9.0,9.66,4.0,0.08,0.0,0.0,0.48,0.51,0.51,9.86,0.65,0.56,2.53,0.33,5.94,3.99,0.64,0.59,0.58,10.0,4.0,4.0,18.0,0.0,0.0,0.0,1.0,0.0,6.0,7.0,10.0,14.0,2.0,4.0,6.0,12.0,3.0,5.0,12.0,1.0,1.0,0.27,0.11,0.27,0.0,0.0,0.0,16.51,14.0,12.98,1.0,0.12,0.0,0.0,0.76,0.69,0.69
84740138480084,2025,Cole-Desimone,UTA,pairing,5on5,17,8326.0,62.0,0.6,0.58,0.58,68.3,5.42,4.69,17.15,2.6,39.42,28.72,5.35,5.46,5.39,62.0,36.0,51.0,149.0,4.0,5.0,2.0,10.0,0.0,46.0,33.0,58.0,94.0,12.0,32.0,67.0,49.0,5.0,32.0,77.0,16.0,5.0,2.41,1.79,1.23,0.0,3.0,1.0,149.2,98.0,97.92,19.0,0.97,0.97,1.09,5.3,5.31,5.27,52.97,3.55,3.18,12.92,1.76,28.17,22.42,3.46,3.59,3.5,46.0,26.0,37.0,109.0,7.0,2.0,1.0,10.0,0.0,30.0,23.0,39.0,65.0,9.0,27.0,59.0,65.0,12.0,33.0,57.0,15.0,0.0,1.83,1.72,0.0,3.0,4.0,0.0,110.66,72.0,72.86,17.0,0.66,0.26,0.26,3.95,3.99,3.89
847403784774298479992,2025,Van Riemsdyk-Copp-Rasmussen,DET,line,5on5,8,1959.0,69.0,0.73,0.55,0.59,20.56,2.36,1.78,4.93,0.77,10.02,7.15,2.31,2.37,2.32,19.0,8.0,13.0,40.0,1.0,5.0,0.0,0.0,0.0,14.0,7.0,18.0,26.0,6.0,12.0,20.0,13.0,0.0,13.0,14.0,11.0,2.0,0.39,1.37,0.59,0.0,1.0,0.0,40.34,27.0,27.35,8.0,0.37,0.76,0.76,1.97,1.99,1.97,13.71,0.87,0.88,3.64,0.46,7.65,5.51,0.86,0.88,0.87,13.0,6.0,14.0,33.0,1.0,1.0,0.0,5.0,0.0,4.0,8.0,12.0,18.0,2.0,4.0,19.0,12.0,2.0,9.0,17.0,2.0,0.0,0.67,0.2,0.0,1.0,0.0,0.0,32.52,19.0,18.83,4.0,0.18,0.07,0.07,0.98,0.99,0.98
84779328484304,2025,Balinskis-Ekblad,FLA,pairing,5on5,20,1249.0,160.0,0.2,0.35,0.45,9.49,0.29,0.51,2.62,0.29,5.37,3.91,0.29,0.28,0.28,7.0,6.0,2.0,15.0,0.0,0.0,0.0,0.0,0.0,5.0,8.0,7.0,13.0,3.0,6.0,5.0,12.0,1.0,4.0,13.0,0.0,0.0,0.29,0.0,0.0,0.0,0.0,0.0,13.8,13.0,12.23,3.0,0.1,0.0,0.0,0.39,0.37,0.37,11.54,1.19,0.89,2.94,0.44,6.15,4.39,1.15,1.19,1.15,10.0,6.0,12.0,28.0,0.0,1.0,0.0,3.0,0.0,6.0,6.0,10.0,16.0,1.0,2.0,4.0,11.0,2.0,8.0,10.0,5.0,1.0,0.32,0.62,0.25,0.0,0.0,0.0,30.27,16.0,16.73,3.0,0.19,0.07,0.07,1.3,1.3,1.26
847514984774518478508,2025,Johansson-Hartman-Trenin,MIN,line,5on5,7,1278.0,77.0,0.69,0.47,0.59,14.41,1.69,0.96,2.97,0.43,7.21,5.74,1.66,1.64,1.62,16.0,3.0,2.0,21.0,2.0,2.0,0.0,5.0,0.0,4.0,6.0,14.0,17.0,0.0,0.0,11.0,11.0,4.0,8.0,12.0,4.0,3.0,0.25,0.52,0.92,1.0,1.0,0.0,21.43,19.0,19.34,2.0,0.2,0.65,0.65,1.24,1.24,1.23,8.86,0.75,0.64,2.12,0.37,5.27,3.86,0.75,0.74,0.74,8.0,5.0,11.0,24.0,1.0,1.0,0.0,2.0,0.0,3.0,6.0,7.0,12.0,0.0,0.0,9.0,19.0,2.0,5.0,11.0,1.0,1.0,0.35,0.18,0.21,0.0,1.0,0.0,24.35,13.0,12.89,1.0,0.14,0.01,0.01,0.87,0.87,0.87
84804268482655,2025,D'Astous-Moser,TBL,pairing,5on5,22,1445.0,193.0,0.45,0.55,0.48,11.36,0.82,0.64,2.5,0.36,5.65,5.03,0.82,0.81,0.81,10.0,5.0,8.0,23.0,0.0,0.0,0.0,2.0,0.0,3.0,10.0,10.0,15.0,0.0,0.0,1.0,5.0,2.0,4.0,10.0,5.0,0.0,0.28,0.54,0.0,0.0,0.0,0.0,22.98,15.0,14.71,0.0,0.13,0.0,0.0,0.95,0.94,0.94,11.56,0.98,0.82,2.75,0.42,6.25,4.78,0.96,0.97,0.95,11.0,5.0,3.0,19.0,2.0,2.0,0.0,1.0,0.0,4.0,7.0,9.0,14.0,1.0,2.0,3.0,8.0,2.0,2.0,11.0,5.0,0.0,0.36,0.62,0.0,2.0,0.0,0.0,18.44,16.0,15.66,1.0,0.17,0.25,0.25,0.89,0.88,0.87
847168584779608479675,2025,Moore-Kopitar-Kempe,LAK,line,5on5,8,1416.0,88.0,0.25,0.43,0.35,7.98,0.34,0.4,2.4,0.26,4.11,3.49,0.33,0.31,0.31,5.0,6.0,9.0,20.0,1.0,0.0,0.0,1.0,0.0,3.0,6.0,4.0,10.0,1.0,2.0,15.0,11.0,3.0,9.0,11.0,0.0,0.0,0.34,0.0,0.0,1.0,0.0,0.0,18.76,11.0,10.27,6.0,0.08,0.0,0.0,0.42,0.39,0.39,14.44,0.98,0.9,4.29,0.55,7.63,5.64,0.96,1.06,1.04,14.0,6.0,7.0,27.0,0.0,1.0,0.0,4.0,0.0,6.0,9.0,14.0,20.0,1.0,2.0,11.0,6.0,6.0,7.0,17.0,3.0,0.0,0.51,0.47,0.0,0.0,0.0,0.0,29.13,20.0,21.47,2.0,0.19,0.16,0.16,1.01,1.09,1.07
847952584808358484149,2025,Colton-Drury-Brindley,COL,line,5on5,15,648.0,176.0,0.21,0.3,0.31,3.63,0.17,0.22,1.15,0.12,1.96,1.38,0.17,0.17,0.17,2.0,3.0,1.0,6.0,1.0,1.0,0.0,0.0,0.0,2.0,1.0,1.0,4.0,0.0,0.0,6.0,3.0,0.0,6.0,5.0,0.0,0.0,0.17,0.0,0.0,1.0,0.0,0.0,6.15,5.0,5.07,4.0,0.04,0.03,0.03,0.18,0.18,0.18,7.95,0.65,0.56,1.91,0.24,4.48,3.15,0.65,0.65,0.65,6.0,5.0,3.0,14.0,1.0,1.0,0.0,1.0,0.0,4.0,4.0,5.0,10.0,2.0,4.0,5.0,9.0,2.0,4.0,8.0,3.0,0.0,0.17,0.48,0.0,1.0,0.0,0.0,13.98,11.0,11.0,3.0,0.11,0.19,0.19,0.57,0.59,0.59
847458684815548482665,2025,Eberle-Beniers-Kakko,SEA,line,5on5,9,5234.0,27.0,0.37,0.38,0.35,33.36,2.84,2.25,8.49,1.1,17.62,12.69,2.67,2.92,2.75,36.0,9.0,20.0,65.0,4.0,2.0,1.0,6.0,0.0,13.0,20.0,32.0,41.0,6.0,12.0,31.0,19.0,3.0,27.0,31.0,11.0,3.0,0.87,1.19,0.78,2.0,1.0,1.0,67.47,45.0,46.6,13.0,0.47,0.57,0.57,2.73,2.81,2.72,60.04,4.77,3.97,16.17,2.15,32.64,23.31,4.52,4.62,4.38,47.0,36.0,21.0,104.0,2.0,11.0,1.0,8.0,0.0,29.0,33.0,45.0,81.0,1.0,2.0,51.0,36.0,5.0,27.0,67.0,11.0,5.0,1.99,1.35,1.43,0.0,2.0,0.0,99.5,83.0,79.79,13.0,0.83,1.93,1.93,3.67,3.56,3.52
847682284810658483841,2025,Crookshank-Glendening-Parent,NJD,line,5on5,5,1838.0,20.0,0.22,0.41,0.41,14.73,0.55,0.81,4.63,0.56,7.25,5.21,0.54,0.54,0.52,10.0,9.0,7.0,26.0,0.0,1.0,0.0,4.0,0.0,4.0,10.0,10.0,19.0,0.0,0.0,19.0,17.0,2.0,5.0,19.0,0.0,0.0,0.55,0.0,0.0,0.0,0.0,0.0,25.49,19.0,18.52,4.0,0.17,0.04,0.04,0.68,0.66,0.65,20.25,1.97,1.34,5.53,0.69,9.68,7.8,1.77,1.98,1.78,20.0,7.0,11.0,38.0,1.0,6.0,0.0,5.0,0.0,11.0,4.0,19.0,26.0,1.0,2.0,13.0,19.0,3.0,5.0,19.0,5.0,3.0,0.48,0.62,0.86,0.0,1.0,0.0,37.19,27.0,26.92,4.0,0.28,1.17,1.17,1.08,1.09,1.05
847515884765398476887,2025,Forsberg-O'Reilly-Marchessault,NSH,line,5on5,13,755.0,161.0,0.55,0.57,0.53,6.34,0.41,0.42,1.49,0.19,3.84,2.66,0.4,0.41,0.4,7.0,2.0,3.0,12.0,0.0,0.0,0.0,2.0,0.0,4.0,3.0,7.0,9.0,0.0,0.0,9.0,9.0,1.0,6.0,8.0,1.0,0.0,0.24,0.17,0.0,0.0,0.0,0.0,12.11,9.0,8.73,3.0,0.08,0.0,0.0,0.49,0.49,0.47,5.67,0.33,0.36,1.37,0.21,3.29,2.43,0.33,0.34,0.34,5.0,3.0,1.0,9.0,1.0,0.0,0.0,2.0,0.0,4.0,1.0,4.0,7.0,0.0,0.0,4.0,3.0,1.0,3.0,7.0,1.0,0.0,0.21,0.12,0.0,0.0,1.0,0.0,8.67,8.0,7.84,0.0,0.07,0.0,0.0,0.41,0.42,0.42
847966184799878483489,2025,Jeannot-Minten-Geekie,BOS,line,5on5,6,906.0,70.0,0.28,0.43,0.41,6.46,0.27,0.38,1.85,0.22,3.6,2.67,0.27,0.27,0.27,4.0,5.0,4.0,13.0,0.0,0.0,0.0,2.0,0.0,3.0,4.0,4.0,9.0,0.0,0.0,5.0,10.0,1.0,4.0,8.0,1.0,0.0,0.16,0.11,0.0,0.0,0.0,0.0,13.37,9.0,9.13,2.0,0.08,0.0,0.0,0.35,0.35,0.34,9.19,0.72,0.64,2.39,0.37,5.23,3.65,0.69,0.72,0.7,10.0,3.0,4.0,17.0,1.0,2.0,0.0,2.0,0.0,2.0,6.0,9.0,12.0,0.0,0.0,8.0,9.0,0.0,2.0,10.0,2.0,1.0,0.25,0.17,0.29,0.0,1.0,0.0,17.28,13.0,12.96,1.0,0.14,0.3,0.3,0.55,0.56,0.56
847627884808408484829,2025,Hryckowian-Blackwell-Bck,DAL,line,5on5,8,977.0,107.0,0.05,0.3,0.11,1.35,0.05,0.08,0.35,0.04,0.89,0.58,0.05,0.05,0.05,2.0,0.0,6.0,8.0,0.0,0.0,0.0,0.0,0.0,1.0,1.0,2.0,2.0,1.0,2.0,5.0,11.0,3.0,3.0,2.0,0.0,0.0,0.05,0.0,0.0,0.0,0.0,0.0,8.27,2.0,1.93,2.0,0.02,0.0,0.0,0.07,0.07,0.07,11.91,1.01,0.71,3.57,0.46,6.06,4.19,0.96,1.06,1.01,6.0,10.0,3.0,19.0,0.0,2.0,0.0,2.0,0.0,8.0,4.0,6.0,16.0,1.0,2.0,6.0,8.0,1.0,9.0,14.0,1.0,1.0,0.43,0.15,0.44,0.0,0.0,0.0,19.3,16.0,16.23,6.0,0.15,0.59,0.59,0.57,0.58,0.56
847840284784588483512,2025,Roslovic-Mcdavid-Savoie,EDM,line,5on5,8,1386.0,88.0,0.41,0.52,0.48,18.13,2.28,1.27,4.21,0.56,9.14,6.54,1.74,2.34,1.74,13.0,11.0,8.0,32.0,3.0,4.0,1.0,3.0,0.0,7.0,7.0,10.0,21.0,2.0,4.0,9.0,3.0,4.0,5.0,13.0,7.0,4.0,0.36,0.8,1.13,2.0,0.0,1.0,32.19,24.0,24.42,2.0,0.27,1.13,1.13,1.43,1.42,1.29,20.52,3.27,1.54,4.75,0.66,9.41,6.38,3.03,3.23,3.01,16.0,10.0,3.0,29.0,3.0,6.0,3.0,1.0,0.0,4.0,12.0,13.0,23.0,0.0,0.0,12.0,9.0,1.0,5.0,14.0,7.0,5.0,0.49,0.89,1.89,0.0,0.0,3.0,28.04,26.0,25.19,4.0,0.32,2.03,2.03,1.55,1.5,1.46
847398684751848484153,2025,Killorn-Carlsson-Kreider,ANA,line,5on5,9,1871.0,85.0,0.64,0.61,0.61,22.13,2.34,1.72,5.23,0.75,11.97,7.98,2.25,2.33,2.24,19.0,11.0,9.0,39.0,3.0,3.0,0.0,3.0,0.0,12.0,9.0,16.0,27.0,1.0,2.0,12.0,12.0,3.0,9.0,21.0,7.0,2.0,0.81,1.0,0.54,3.0,0.0,0.0,37.75,30.0,29.27,3.0,0.36,0.72,0.72,1.99,1.97,1.92,14.21,1.35,1.08,3.21,0.45,7.65,5.27,1.32,1.42,1.39,11.0,8.0,6.0,25.0,2.0,0.0,0.0,1.0,1.0,6.0,9.0,9.0,17.0,4.0,8.0,18.0,11.0,3.0,11.0,13.0,4.0,2.0,0.47,0.45,0.43,1.0,1.0,0.0,26.4,19.0,19.77,5.0,0.23,0.0,0.0,1.58,1.66,1.63
847645984764688484210,2025,Zibanejad-Miller-Perreault,NYR,line,5on5,3,1430.0,8.0,0.59,0.45,0.52,9.88,0.84,0.68,2.46,0.34,4.88,3.81,0.82,0.87,0.84,10.0,3.0,2.0,15.0,2.0,1.0,0.0,2.0,0.0,5.0,3.0,8.0,11.0,0.0,0.0,20.0,14.0,1.0,11.0,9.0,3.0,1.0,0.2,0.36,0.29,0.0,2.0,0.0,15.92,13.0,13.65,6.0,0.14,0.29,0.29,0.7,0.73,0.72,8.89,0.59,0.51,2.39,0.28,4.9,3.32,0.59,0.57,0.56,8.0,4.0,6.0,18.0,0.0,0.0,0.0,3.0,0.0,4.0,5.0,8.0,12.0,1.0,2.0,14.0,7.0,0.0,7.0,10.0,2.0,0.0,0.38,0.22,0.0,0.0,0.0,0.0,16.62,12.0,11.25,0.0,0.11,0.0,0.0,0.7,0.67,0.66
847844084784638483573,2025,Beauvillier-Strome-Frank,WSH,line,5on5,16,676.0,247.0,0.71,0.45,0.5,6.96,1.13,0.48,1.76,0.24,3.09,2.3,1.05,1.16,1.07,9.0,0.0,5.0,14.0,3.0,2.0,1.0,2.0,0.0,1.0,1.0,6.0,6.0,2.0,4.0,11.0,1.0,0.0,1.0,4.0,3.0,2.0,0.18,0.41,0.54,0.0,3.0,0.0,13.73,9.0,8.94,1.0,0.1,0.44,0.44,0.78,0.8,0.79,6.3,0.46,0.36,1.69,0.25,3.52,2.72,0.45,0.45,0.45,4.0,5.0,8.0,17.0,0.0,0.0,0.0,1.0,0.0,2.0,6.0,4.0,9.0,2.0,4.0,6.0,4.0,1.0,3.0,6.0,3.0,0.0,0.16,0.29,0.0,0.0,0.0,0.0,17.11,9.0,9.08,1.0,0.07,0.0,0.0,0.53,0.53,0.53
847795684799878483489,2025,Geekie-Minten-Pastrnak,BOS,line,5on5,13,630.0,133.0,0.88,0.77,0.76,9.97,1.21,0.8,2.33,0.32,4.82,3.51,1.16,1.22,1.18,8.0,5.0,7.0,20.0,1.0,1.0,0.0,0.0,0.0,8.0,3.0,7.0,12.0,0.0,0.0,3.0,6.0,0.0,2.0,9.0,3.0,1.0,0.45,0.53,0.24,0.0,1.0,0.0,20.27,13.0,13.13,0.0,0.17,0.2,0.23,1.15,1.17,1.12,2.64,0.16,0.22,0.6,0.09,1.77,1.16,0.16,0.15,0.15,3.0,1.0,2.0,6.0,0.0,0.0,0.0,1.0,0.0,2.0,1.0,3.0,4.0,1.0,2.0,4.0,8.0,0.0,2.0,4.0,0.0,0.0,0.16,0.0,0.0,0.0,0.0,0.0,5.88,4.0,3.9,1.0,0.04,0.0,0.0,0.2,0.19,0.19
84764628478399,2025,Siegenthaler-Hamilton,NJD,pairing,5on5,37,29443.0,75.0,0.5,0.53,0.53,274.84,20.36,17.52,71.83,9.71,147.68,106.91,19.35,19.94,18.97,251.0,123.0,145.0,519.0,12.0,27.0,0.0,51.0,0.0,155.0,129.0,239.0,362.0,33.0,71.0,266.0,191.0,36.0,146.0,292.0,68.0,14.0,8.08,8.25,4.03,9.0,3.0,0.0,513.97,374.0,370.5,67.0,3.66,4.37,4.37,19.65,19.4,19.02,241.93,20.06,16.05,60.12,7.92,126.8,95.05,19.04,20.13,19.12,223.0,103.0,142.0,468.0,19.0,28.0,3.0,48.0,0.0,112.0,119.0,204.0,307.0,25.0,53.0,248.0,193.0,36.0,148.0,250.0,55.0,21.0,7.39,7.18,5.49,11.0,3.0,5.0,465.45,326.0,324.75,82.0,3.35,5.28,5.28,18.13,18.21,17.89
847398684775278480068,2025,Johnston-Poehling-Killorn,ANA,line,5on5,17,3058.0,162.0,0.42,0.45,0.45,22.93,1.98,1.67,5.9,0.84,13.28,9.32,1.96,1.96,1.93,17.0,16.0,16.0,49.0,2.0,2.0,0.0,8.0,0.0,6.0,15.0,15.0,31.0,5.0,13.0,25.0,27.0,2.0,15.0,28.0,3.0,2.0,0.93,0.4,0.66,2.0,0.0,0.0,48.18,33.0,32.67,8.0,0.35,0.38,0.38,1.96,1.94,1.92,29.57,2.75,2.12,7.3,1.01,15.32,11.51,2.58,2.79,2.62,24.0,16.0,21.0,61.0,3.0,5.0,1.0,4.0,0.0,15.0,13.0,21.0,37.0,5.0,13.0,29.0,15.0,4.0,16.0,28.0,8.0,4.0,0.81,0.96,0.98,1.0,1.0,1.0,62.43,40.0,40.39,9.0,0.45,1.07,1.07,2.13,2.15,2.09
84752008480043,2025,Orlov-Liljegren,SJS,pairing,5on5,29,16273.0,76.0,0.47,0.43,0.41,98.56,9.85,7.0,22.97,3.28,51.38,38.53,9.36,9.67,9.19,89.0,44.0,77.0,210.0,7.0,12.0,3.0,13.0,0.0,43.0,58.0,82.0,126.0,24.0,48.0,132.0,89.0,14.0,67.0,94.0,31.0,8.0,3.1,4.0,2.75,4.0,2.0,1.0,209.29,133.0,132.34,34.0,1.47,3.06,3.06,8.25,8.14,7.98,137.19,11.15,9.23,34.56,4.59,74.96,54.51,10.85,11.11,10.81,117.0,72.0,86.0,275.0,13.0,14.0,0.0,30.0,0.0,62.0,70.0,104.0,176.0,20.0,40.0,138.0,85.0,14.0,75.0,139.0,41.0,9.0,3.91,5.2,2.05,7.0,4.0,2.0,274.44,189.0,189.1,31.0,1.92,1.93,1.93,11.13,11.12,10.92
84773468482624,2025,Weegar-Miromanov,CGY,pairing,5on5,1,838.0,2.0,0.22,0.33,0.29,3.7,0.2,0.18,0.86,0.11,2.09,1.55,0.2,0.2,0.2,4.0,1.0,3.0,8.0,2.0,0.0,0.0,2.0,0.0,0.0,1.0,2.0,3.0,0.0,0.0,7.0,4.0,0.0,2.0,4.0,1.0,0.0,0.09,0.11,0.0,1.0,1.0,0.0,8.19,5.0,5.09,1.0,0.04,0.0,0.0,0.23,0.24,0.24,9.21,0.71,0.56,2.19,0.29,4.6,3.65,0.7,0.74,0.74,9.0,3.0,4.0,16.0,2.0,0.0,0.0,2.0,0.0,0.0,8.0,7.0,10.0,0.0,0.0,10.0,7.0,1.0,2.0,9.0,2.0,1.0,0.2,0.23,0.27,0.0,1.0,1.0,15.75,12.0,11.87,0.0,0.12,0.0,0.0,0.82,0.86,0.86
84808008482122,2025,Hughes-Faber,MIN,pairing,5on5,11,11765.0,11.0,0.57,0.51,0.53,112.59,9.5,7.85,28.62,3.84,61.5,43.71,8.98,9.72,9.18,97.0,58.0,60.0,215.0,13.0,12.0,2.0,20.0,0.0,64.0,46.0,84.0,142.0,8.0,16.0,115.0,51.0,18.0,55.0,121.0,25.0,9.0,3.61,3.11,2.78,6.0,3.0,4.0,224.39,155.0,159.83,21.0,1.65,2.53,2.53,8.61,8.77,8.52,97.39,7.21,6.47,26.26,3.32,53.3,38.44,6.91,7.01,6.73,93.0,42.0,69.0,204.0,11.0,7.0,0.0,24.0,0.0,43.0,50.0,82.0,124.0,9.0,18.0,133.0,71.0,14.0,51.0,109.0,22.0,4.0,3.17,2.78,1.25,4.0,7.0,0.0,197.54,135.0,131.71,17.0,1.35,1.75,1.75,6.82,6.65,6.48
84775418479442,2025,Mermis-Stecher,TOR,pairing,5on5,7,3215.0,33.0,0.64,0.54,0.55,24.35,2.0,1.63,5.62,0.77,13.37,9.62,1.95,2.05,2.01,21.0,12.0,16.0,49.0,1.0,2.0,0.0,5.0,0.0,11.0,14.0,20.0,32.0,3.0,6.0,20.0,27.0,2.0,19.0,26.0,5.0,2.0,0.86,0.61,0.53,1.0,0.0,0.0,49.61,33.0,33.4,8.0,0.34,0.38,0.38,1.96,2.02,2.0,19.34,1.14,1.29,4.47,0.59,11.33,8.18,1.14,1.14,1.14,17.0,10.0,15.0,42.0,2.0,0.0,0.0,5.0,0.0,11.0,9.0,15.0,25.0,2.0,6.0,19.0,33.0,6.0,14.0,24.0,3.0,0.0,0.79,0.35,0.0,2.0,0.0,0.0,41.89,27.0,26.94,8.0,0.26,0.0,0.0,1.4,1.4,1.4
848275884834878485414,2025,Koivunen-Kindel-Mcgroarty,PIT,line,5on5,10,5515.0,29.0,0.6,0.6,0.63,58.52,4.92,3.71,15.0,2.02,31.71,23.64,4.68,5.0,4.76,55.0,26.0,24.0,105.0,1.0,8.0,0.0,10.0,0.0,27.0,35.0,54.0,80.0,4.0,8.0,27.0,30.0,13.0,18.0,69.0,6.0,6.0,2.23,0.82,1.86,1.0,0.0,0.0,107.74,81.0,83.26,12.0,0.76,1.38,1.38,4.3,4.44,4.26,35.21,3.32,2.21,9.14,1.24,18.03,13.06,3.15,3.3,3.12,27.0,20.0,24.0,71.0,3.0,5.0,0.0,10.0,0.0,14.0,15.0,24.0,44.0,7.0,14.0,46.0,45.0,5.0,24.0,33.0,10.0,4.0,1.01,1.14,1.17,2.0,1.0,0.0,70.43,47.0,46.94,10.0,0.46,1.32,1.32,2.47,2.45,2.43
847646884821098482157,2025,Lafrenire-Miller-Cuylle,NYR,line,5on5,4,1364.0,19.0,0.41,0.39,0.41,9.03,0.59,0.65,2.1,0.24,4.91,3.5,0.57,0.58,0.56,8.0,4.0,5.0,17.0,0.0,0.0,0.0,1.0,0.0,6.0,5.0,8.0,12.0,2.0,4.0,14.0,17.0,4.0,8.0,9.0,3.0,0.0,0.24,0.35,0.0,0.0,0.0,0.0,16.31,12.0,11.39,6.0,0.13,0.0,0.0,0.72,0.71,0.69,12.47,0.84,0.82,2.81,0.38,7.08,5.06,0.84,0.9,0.89,12.0,5.0,10.0,27.0,2.0,0.0,0.0,2.0,0.0,9.0,4.0,10.0,15.0,1.0,2.0,12.0,11.0,2.0,11.0,13.0,4.0,0.0,0.34,0.5,0.0,0.0,2.0,0.0,27.77,17.0,17.62,5.0,0.17,0.0,0.0,1.01,1.07,1.06
84842408484798,2025,Buium-Willander,VAN,pairing,5on5,10,2351.0,53.0,0.35,0.44,0.4,15.57,1.03,1.03,4.58,0.6,9.3,6.46,1.0,1.08,1.05,14.0,9.0,8.0,31.0,1.0,3.0,0.0,6.0,0.0,8.0,5.0,13.0,22.0,0.0,0.0,10.0,16.0,5.0,11.0,20.0,3.0,0.0,0.65,0.39,0.0,0.0,1.0,0.0,31.58,23.0,23.24,7.0,0.21,0.27,0.27,0.98,0.99,0.98,25.13,1.95,1.62,5.84,0.83,14.9,9.86,1.9,1.92,1.87,24.0,11.0,4.0,39.0,2.0,4.0,1.0,1.0,0.0,12.0,16.0,22.0,33.0,0.0,0.0,17.0,12.0,2.0,9.0,26.0,7.0,2.0,0.66,0.84,0.44,1.0,1.0,0.0,39.03,35.0,35.07,5.0,0.34,0.61,0.61,1.67,1.65,1.61
84773658478854,2025,Shea-Clifton,PIT,pairing,5on5,5,1030.0,37.0,0.37,0.53,0.45,6.76,0.44,0.47,1.59,0.19,3.63,2.67,0.44,0.44,0.43,7.0,2.0,7.0,16.0,0.0,1.0,0.0,1.0,0.0,6.0,1.0,7.0,9.0,1.0,2.0,2.0,9.0,0.0,5.0,7.0,2.0,0.0,0.22,0.22,0.0,0.0,0.0,0.0,15.36,9.0,8.76,1.0,0.1,0.05,0.05,0.48,0.48,0.48,7.92,0.75,0.49,1.95,0.23,4.45,3.13,0.74,0.76,0.75,7.0,4.0,3.0,14.0,1.0,1.0,1.0,2.0,0.0,5.0,2.0,6.0,10.0,2.0,4.0,4.0,7.0,2.0,2.0,9.0,1.0,1.0,0.3,0.09,0.36,0.0,0.0,1.0,14.24,11.0,10.97,1.0,0.1,0.36,0.36,0.49,0.48,0.48
847645984764688482109,2025,Lafrenire-Miller-Zibanejad,NYR,line,5on5,2,1447.0,3.0,0.51,0.47,0.48,10.55,0.82,0.64,2.64,0.34,5.48,4.07,0.79,0.88,0.84,8.0,6.0,4.0,18.0,1.0,1.0,0.0,1.0,0.0,2.0,9.0,7.0,13.0,0.0,0.0,16.0,14.0,2.0,7.0,10.0,4.0,0.0,0.32,0.51,0.0,0.0,1.0,0.0,18.77,14.0,14.62,4.0,0.13,0.16,0.16,0.8,0.83,0.81,11.42,0.8,0.73,2.94,0.37,5.84,4.32,0.76,0.82,0.79,10.0,5.0,5.0,20.0,2.0,2.0,1.0,2.0,0.0,5.0,4.0,8.0,13.0,0.0,0.0,10.0,11.0,3.0,9.0,11.0,4.0,0.0,0.34,0.46,0.0,1.0,1.0,0.0,20.27,15.0,15.3,7.0,0.15,0.18,0.18,0.76,0.78,0.76
847517084804598482077,2025,Holloway-Schenn-Suter,STL,line,5on5,5,909.0,32.0,0.52,0.42,0.5,5.82,0.33,0.31,1.74,0.18,3.09,2.34,0.33,0.35,0.35,4.0,4.0,3.0,11.0,0.0,0.0,0.0,3.0,0.0,2.0,3.0,4.0,8.0,3.0,9.0,8.0,6.0,0.0,4.0,7.0,1.0,0.0,0.14,0.19,0.0,0.0,0.0,0.0,11.92,8.0,8.69,4.0,0.07,0.0,0.0,0.4,0.42,0.42,5.84,0.31,0.36,1.73,0.17,3.24,2.19,0.29,0.29,0.27,4.0,4.0,7.0,15.0,0.0,0.0,0.0,3.0,0.0,4.0,1.0,4.0,8.0,2.0,7.0,10.0,6.0,0.0,4.0,7.0,1.0,0.0,0.2,0.11,0.0,0.0,0.0,0.0,13.8,8.0,7.38,3.0,0.08,0.0,0.0,0.38,0.36,0.33
84764738482807,2025,Del Mastro-Murphy,CHI,pairing,5on5,2,1615.0,5.0,0.25,0.33,0.32,9.41,0.57,0.49,2.25,0.29,5.09,4.3,0.57,0.61,0.61,9.0,4.0,6.0,19.0,0.0,0.0,0.0,2.0,1.0,5.0,5.0,9.0,13.0,2.0,4.0,13.0,9.0,1.0,10.0,11.0,2.0,0.0,0.34,0.23,0.0,0.0,0.0,0.0,19.93,13.0,13.68,7.0,0.1,0.0,0.0,0.68,0.72,0.71,20.19,1.71,1.41,5.47,0.75,10.87,7.79,1.68,1.63,1.6,16.0,12.0,11.0,39.0,1.0,1.0,0.0,7.0,0.0,7.0,12.0,15.0,27.0,1.0,2.0,14.0,17.0,1.0,5.0,19.0,8.0,1.0,0.55,0.93,0.23,0.0,1.0,0.0,36.89,28.0,26.63,1.0,0.3,0.23,0.23,1.78,1.69,1.67
84773698480001,2025,Soucy-Vaakanainen,NYR,pairing,5on5,9,1002.0,69.0,0.62,0.32,0.38,3.56,0.37,0.19,0.71,0.11,1.92,1.7,0.37,0.37,0.37,1.0,4.0,1.0,6.0,1.0,0.0,0.0,1.0,0.0,1.0,2.0,0.0,4.0,0.0,0.0,3.0,9.0,3.0,2.0,3.0,2.0,0.0,0.08,0.29,0.0,0.0,1.0,0.0,6.01,5.0,5.09,1.0,0.04,0.0,0.0,0.41,0.41,0.41,5.51,0.23,0.36,1.35,0.22,3.15,2.69,0.23,0.23,0.23,4.0,4.0,5.0,13.0,0.0,0.0,0.0,1.0,0.0,1.0,6.0,4.0,8.0,0.0,0.0,4.0,6.0,1.0,2.0,7.0,1.0,0.0,0.12,0.11,0.0,0.0,0.0,0.0,13.37,8.0,8.13,2.0,0.07,0.0,0.0,0.3,0.3,0.3
847798984800158481533,2025,Zegras-Dvorak-Tippett,PHI,line,5on5,24,10964.0,99.0,0.5,0.5,0.5,95.62,8.53,6.5,22.98,3.11,50.68,38.21,8.32,8.55,8.35,84.0,46.0,42.0,172.0,13.0,8.0,0.0,10.0,0.0,53.0,46.0,71.0,117.0,11.0,22.0,90.0,56.0,9.0,52.0,94.0,31.0,5.0,3.16,3.91,1.46,5.0,7.0,1.0,172.3,130.0,129.4,24.0,1.35,1.46,1.46,8.42,8.43,8.3,95.52,8.41,6.47,23.8,3.25,52.17,37.9,8.07,8.4,8.06,80.0,52.0,42.0,174.0,9.0,14.0,0.0,16.0,0.0,47.0,46.0,71.0,123.0,11.0,22.0,79.0,60.0,11.0,62.0,104.0,19.0,9.0,3.45,2.37,2.6,8.0,1.0,0.0,175.75,132.0,133.45,37.0,1.34,2.79,2.79,6.97,7.02,6.86
847645484782338478458,2025,Mangiapane-Nugent-Hopkins-Roslovic,EDM,line,5on5,3,1201.0,10.0,0.25,0.43,0.38,4.5,0.21,0.24,1.17,0.13,2.35,1.9,0.2,0.22,0.21,3.0,3.0,7.0,13.0,0.0,0.0,0.0,2.0,0.0,2.0,2.0,3.0,6.0,0.0,0.0,7.0,6.0,2.0,5.0,6.0,0.0,0.0,0.21,0.0,0.0,0.0,0.0,0.0,12.85,6.0,6.15,1.0,0.05,0.0,0.0,0.26,0.27,0.27,7.78,0.61,0.48,1.7,0.22,3.79,3.2,0.61,0.59,0.59,6.0,4.0,7.0,17.0,0.0,0.0,0.0,0.0,0.0,4.0,6.0,6.0,10.0,0.0,0.0,9.0,10.0,1.0,5.0,8.0,2.0,0.0,0.29,0.32,0.0,0.0,0.0,0.0,16.57,10.0,9.74,1.0,0.1,0.0,0.0,0.71,0.69,0.69
847688784827688484241,2025,Forsberg-Svechkov-Wood,NSH,line,5on5,16,2050.0,129.0,0.47,0.61,0.6,25.45,1.84,1.6,6.31,0.81,13.82,10.61,1.81,1.83,1.81,22.0,13.0,14.0,49.0,2.0,1.0,0.0,2.0,0.0,17.0,13.0,20.0,33.0,1.0,2.0,15.0,14.0,1.0,7.0,27.0,7.0,1.0,0.76,0.85,0.23,0.0,2.0,0.0,46.55,35.0,34.01,4.0,0.34,0.07,0.07,2.1,2.1,2.07,17.67,2.09,1.36,4.15,0.55,8.67,6.17,1.95,2.15,2.0,16.0,7.0,8.0,31.0,3.0,3.0,0.0,1.0,0.0,8.0,8.0,13.0,20.0,1.0,2.0,16.0,13.0,3.0,11.0,15.0,4.0,4.0,0.49,0.59,1.01,1.0,2.0,0.0,32.62,23.0,23.95,3.0,0.28,0.77,0.77,1.6,1.65,1.62
847464184774068477508,2025,Janmark-Henrique-Lazar,EDM,line,5on5,6,649.0,76.0,0.54,0.43,0.4,3.09,0.34,0.2,0.6,0.1,1.41,1.34,0.34,0.38,0.38,2.0,2.0,2.0,6.0,0.0,0.0,0.0,0.0,0.0,2.0,2.0,2.0,4.0,0.0,0.0,9.0,7.0,1.0,1.0,2.0,2.0,0.0,0.06,0.29,0.0,0.0,0.0,0.0,6.46,4.0,4.38,1.0,0.04,0.0,0.0,0.39,0.43,0.43,4.44,0.29,0.24,1.27,0.13,2.4,1.68,0.29,0.27,0.27,3.0,3.0,2.0,8.0,0.0,0.0,0.0,2.0,1.0,2.0,1.0,3.0,6.0,0.0,0.0,6.0,1.0,2.0,2.0,5.0,1.0,0.0,0.2,0.1,0.0,0.0,0.0,0.0,7.53,6.0,5.67,2.0,0.05,0.0,0.0,0.34,0.32,0.32
84765258479378,2025,Stanley-Miller,WPG,pairing,5on5,12,6258.0,45.0,0.38,0.49,0.48,42.67,2.82,2.73,10.46,1.36,24.57,18.06,2.63,2.95,2.75,38.0,22.0,28.0,88.0,1.0,2.0,0.0,13.0,1.0,14.0,29.0,37.0,59.0,12.0,30.0,43.0,53.0,5.0,25.0,51.0,7.0,2.0,1.33,0.74,0.75,1.0,0.0,0.0,88.67,60.0,60.87,17.0,0.57,0.75,0.75,2.63,2.71,2.68,48.79,4.55,3.4,11.51,1.54,26.24,18.77,4.42,4.5,4.37,54.0,12.0,25.0,91.0,9.0,5.0,2.0,9.0,0.0,23.0,20.0,45.0,57.0,9.0,24.0,45.0,41.0,7.0,21.0,49.0,12.0,5.0,1.75,1.56,1.24,6.0,2.0,1.0,92.0,66.0,65.95,11.0,0.71,0.95,0.95,4.31,4.25,4.2
847523184812378481601,2025,Maclean-Cizikas-Holmstrom,NYI,line,5on5,9,1203.0,89.0,0.06,0.25,0.25,3.44,0.07,0.14,0.86,0.15,1.94,1.84,0.07,0.08,0.08,3.0,2.0,4.0,9.0,0.0,0.0,0.0,0.0,0.0,3.0,2.0,3.0,5.0,0.0,0.0,9.0,10.0,0.0,5.0,5.0,0.0,0.0,0.07,0.0,0.0,0.0,0.0,0.0,9.17,5.0,5.17,3.0,0.03,0.0,0.0,0.1,0.1,0.1,11.06,1.21,0.83,3.05,0.42,5.7,3.79,1.14,1.23,1.16,13.0,2.0,12.0,27.0,2.0,2.0,0.0,2.0,0.0,7.0,2.0,11.0,13.0,0.0,0.0,11.0,13.0,2.0,9.0,10.0,3.0,2.0,0.35,0.41,0.45,2.0,0.0,0.0,27.2,15.0,15.29,5.0,0.17,0.43,0.43,0.95,0.97,0.93
847516684815828482259,2025,Robertson-Tavares-Mcmann,TOR,line,5on5,10,2687.0,65.0,0.63,0.47,0.48,22.82,2.35,1.64,5.34,0.79,12.0,8.88,2.13,2.22,2.01,19.0,12.0,7.0,38.0,3.0,5.0,2.0,5.0,0.0,8.0,10.0,16.0,28.0,4.0,8.0,27.0,19.0,4.0,12.0,22.0,5.0,4.0,0.71,0.55,1.1,1.0,0.0,2.0,35.89,31.0,29.27,5.0,0.34,1.14,1.14,1.56,1.45,1.44,23.76,1.38,1.37,6.54,0.81,12.91,10.0,1.36,1.48,1.46,20.0,13.0,10.0,43.0,1.0,1.0,0.0,5.0,0.0,15.0,11.0,19.0,32.0,3.0,6.0,16.0,18.0,3.0,17.0,31.0,1.0,1.0,0.92,0.14,0.32,0.0,0.0,1.0,45.23,33.0,34.83,8.0,0.28,0.01,0.01,1.65,1.77,1.74
847804784827688484241,2025,Bunting-Svechkov-Wood,NSH,line,5on5,16,3153.0,156.0,0.53,0.52,0.45,24.61,2.04,1.66,6.33,0.89,14.26,9.82,1.93,2.03,1.93,24.0,11.0,16.0,51.0,1.0,3.0,0.0,5.0,0.0,15.0,11.0,23.0,34.0,1.0,2.0,17.0,16.0,2.0,10.0,26.0,8.0,1.0,0.72,1.02,0.29,1.0,0.0,0.0,50.61,35.0,34.73,7.0,0.34,0.57,0.57,1.81,1.8,1.74,30.27,1.82,1.84,7.74,1.13,16.85,12.61,1.79,1.86,1.84,26.0,16.0,6.0,48.0,3.0,1.0,0.0,8.0,0.0,18.0,12.0,23.0,39.0,2.0,4.0,25.0,27.0,2.0,11.0,34.0,8.0,0.0,0.93,0.89,0.0,1.0,2.0,0.0,48.6,42.0,42.57,6.0,0.38,0.08,0.08,2.12,2.17,2.14
84793258480035,2025,Mcavoy-Jokiharju,BOS,pairing,5on5,11,813.0,84.0,0.54,0.45,0.52,9.6,1.18,0.62,2.15,0.3,4.34,3.41,1.15,1.14,1.11,10.0,2.0,2.0,14.0,3.0,2.0,2.0,2.0,0.0,1.0,4.0,7.0,9.0,1.0,2.0,5.0,3.0,1.0,6.0,8.0,2.0,2.0,0.28,0.26,0.64,0.0,1.0,2.0,13.35,12.0,11.46,2.0,0.13,0.64,0.64,0.67,0.64,0.63,7.82,1.02,0.59,2.43,0.34,4.04,2.6,0.89,1.06,0.93,8.0,3.0,6.0,17.0,1.0,2.0,0.0,2.0,0.0,3.0,3.0,7.0,10.0,0.0,0.0,4.0,8.0,1.0,5.0,7.0,2.0,2.0,0.19,0.18,0.64,1.0,0.0,0.0,17.78,11.0,11.46,2.0,0.12,0.64,0.64,0.5,0.52,0.49
847517284826798484860,2025,Gridin-Kadri-Coronato,CGY,line,5on5,4,2138.0,8.0,0.38,0.47,0.46,15.94,1.0,0.97,4.31,0.57,8.35,6.79,0.99,0.98,0.97,12.0,10.0,14.0,36.0,2.0,1.0,0.0,1.0,0.0,9.0,9.0,10.0,20.0,1.0,2.0,15.0,3.0,8.0,13.0,18.0,4.0,0.0,0.59,0.41,0.0,2.0,0.0,0.0,35.13,22.0,21.83,10.0,0.21,0.15,0.15,1.06,1.03,1.03,19.88,1.67,1.23,5.32,0.62,9.59,7.57,1.65,1.69,1.67,22.0,4.0,14.0,40.0,4.0,3.0,1.0,7.0,0.0,3.0,9.0,18.0,22.0,1.0,2.0,30.0,20.0,4.0,7.0,20.0,3.0,3.0,0.51,0.43,0.73,2.0,1.0,1.0,40.15,26.0,25.98,4.0,0.26,0.57,0.57,1.37,1.38,1.37
847740984779338478542,2025,Verhaeghe-Rodrigues-Reinhart,FLA,line,5on5,19,7176.0,123.0,0.6,0.56,0.57,76.31,6.68,4.85,20.45,2.63,40.5,29.9,6.43,6.55,6.31,63.0,42.0,39.0,144.0,4.0,10.0,2.0,16.0,1.0,38.0,36.0,59.0,101.0,5.0,10.0,58.0,44.0,9.0,35.0,86.0,11.0,8.0,2.86,1.34,2.48,1.0,2.0,1.0,142.37,105.0,103.39,19.0,1.01,1.91,1.96,5.74,5.67,5.6,57.16,4.45,3.73,14.8,2.08,30.75,23.18,4.24,4.45,4.24,45.0,34.0,34.0,113.0,4.0,8.0,2.0,15.0,0.0,24.0,28.0,41.0,75.0,7.0,16.0,57.0,48.0,12.0,39.0,58.0,18.0,3.0,1.54,2.13,0.78,1.0,3.0,0.0,113.97,79.0,79.42,18.0,0.77,1.51,1.51,3.72,3.74,3.58
847688284816248483450,2025,Teravainen-Greene-Mikheyev,CHI,line,5on5,9,1620.0,113.0,0.13,0.26,0.21,5.12,0.28,0.28,1.45,0.15,2.86,1.99,0.28,0.26,0.26,6.0,1.0,4.0,11.0,0.0,0.0,0.0,3.0,0.0,1.0,3.0,6.0,7.0,1.0,2.0,12.0,8.0,0.0,12.0,6.0,1.0,0.0,0.08,0.2,0.0,0.0,0.0,0.0,11.11,7.0,7.01,8.0,0.06,0.0,0.0,0.34,0.32,0.32,20.6,1.79,1.36,4.87,0.63,10.29,8.05,1.77,1.73,1.71,17.0,10.0,4.0,31.0,0.0,1.0,0.0,6.0,0.0,4.0,16.0,17.0,27.0,0.0,0.0,16.0,5.0,5.0,8.0,19.0,5.0,3.0,0.39,0.61,0.79,0.0,0.0,0.0,29.31,27.0,25.41,5.0,0.29,0.16,0.16,1.92,1.85,1.84
84808398481524,2025,Dahlin-Byram,BUF,pairing,5on5,34,8118.0,212.0,0.54,0.59,0.57,82.17,7.55,5.3,21.22,2.83,44.91,32.19,7.05,7.46,6.96,79.0,35.0,47.0,161.0,5.0,8.0,0.0,17.0,0.0,44.0,40.0,74.0,109.0,10.0,20.0,61.0,47.0,9.0,34.0,93.0,12.0,9.0,2.76,1.6,3.19,3.0,1.0,1.0,156.08,114.0,110.17,19.0,1.1,1.91,2.45,6.21,6.12,5.79,64.21,6.31,4.33,16.13,2.18,33.36,24.7,5.99,6.44,6.12,61.0,26.0,23.0,110.0,8.0,11.0,0.0,14.0,0.0,30.0,24.0,53.0,79.0,11.0,22.0,60.0,51.0,10.0,38.0,58.0,23.0,6.0,1.62,2.9,1.79,3.0,5.0,0.0,112.38,87.0,89.28,20.0,0.9,2.1,2.1,5.11,5.22,5.09
84808608481167,2025,Bahl-Pachal,CGY,pairing,5on5,15,682.0,120.0,0.72,0.54,0.5,5.09,0.29,0.37,1.39,0.17,2.93,1.86,0.29,0.31,0.31,3.0,4.0,6.0,13.0,1.0,1.0,0.0,1.0,0.0,2.0,2.0,2.0,6.0,1.0,2.0,2.0,4.0,1.0,2.0,6.0,1.0,0.0,0.15,0.14,0.0,0.0,1.0,0.0,13.38,7.0,7.28,1.0,0.07,0.03,0.03,0.33,0.36,0.36,5.1,0.11,0.22,1.42,0.18,2.66,2.41,0.11,0.11,0.11,4.0,3.0,4.0,11.0,0.0,0.0,0.0,1.0,0.0,4.0,2.0,4.0,7.0,1.0,2.0,0.0,3.0,3.0,2.0,7.0,0.0,0.0,0.11,0.0,0.0,0.0,0.0,0.0,10.68,7.0,6.73,2.0,0.04,0.0,0.0,0.16,0.15,0.15
847515884768878482146,2025,Forsberg-O'Reilly-Evangelista,NSH,line,5on5,31,10727.0,213.0,0.56,0.64,0.6,102.48,8.43,7.0,25.06,3.49,56.99,41.03,8.06,8.2,7.85,101.0,41.0,75.0,217.0,9.0,10.0,1.0,24.0,1.0,60.0,38.0,92.0,133.0,9.0,18.0,119.0,45.0,18.0,57.0,113.0,20.0,9.0,3.38,2.59,2.46,7.0,0.0,2.0,211.15,142.0,137.81,23.0,1.46,1.83,1.83,8.07,7.89,7.74,68.73,6.53,4.41,16.96,2.17,36.1,26.84,6.39,6.78,6.63,64.0,29.0,31.0,124.0,8.0,8.0,1.0,16.0,0.0,28.0,33.0,56.0,85.0,18.0,38.0,100.0,50.0,15.0,66.0,71.0,12.0,10.0,2.11,1.37,3.04,4.0,2.0,2.0,128.54,93.0,95.99,29.0,0.92,2.28,2.28,5.18,5.38,5.33
84768538479026,2025,Rielly-Myers,TOR,pairing,5on5,18,6579.0,83.0,0.43,0.45,0.46,55.91,3.92,3.56,14.17,1.8,28.83,21.72,3.79,3.92,3.78,45.0,29.0,20.0,94.0,4.0,6.0,0.0,9.0,0.0,26.0,29.0,41.0,70.0,7.0,17.0,46.0,56.0,6.0,25.0,57.0,13.0,4.0,1.49,1.55,0.88,3.0,1.0,0.0,93.22,74.0,73.37,13.0,0.75,1.03,0.74,3.93,3.92,3.87,63.05,5.29,4.31,15.69,2.1,34.29,24.32,5.13,5.36,5.21,63.0,23.0,28.0,114.0,7.0,6.0,1.0,14.0,0.0,35.0,24.0,56.0,79.0,5.0,13.0,43.0,33.0,12.0,30.0,64.0,17.0,5.0,1.69,2.13,1.46,2.0,2.0,3.0,114.52,86.0,86.75,16.0,0.89,1.05,1.05,5.13,5.17,5.12
847796484784038478483,2025,Barbashev-Eichel-Marner,VGK,line,5on5,16,5297.0,78.0,0.49,0.5,0.55,55.73,4.26,3.47,13.68,1.85,30.07,23.67,4.11,4.19,4.05,52.0,25.0,20.0,97.0,7.0,5.0,1.0,3.0,0.0,27.0,35.0,45.0,70.0,3.0,6.0,36.0,29.0,12.0,29.0,60.0,16.0,1.0,1.89,2.15,0.22,2.0,5.0,0.0,95.35,77.0,75.6,9.0,0.72,0.63,0.63,4.35,4.27,4.15,46.0,4.39,2.88,11.64,1.51,23.77,17.81,4.28,4.44,4.32,37.0,25.0,34.0,96.0,2.0,7.0,1.0,9.0,0.0,29.0,15.0,35.0,60.0,4.0,8.0,41.0,31.0,10.0,21.0,47.0,11.0,4.0,1.3,1.49,1.6,0.0,0.0,2.0,98.45,62.0,63.15,10.0,0.6,1.63,1.63,3.36,3.43,3.37
84706138480069,2025,Makar-Burns,COL,pairing,5on5,28,1892.0,251.0,0.7,0.59,0.59,21.76,2.33,1.53,5.22,0.73,10.78,8.41,2.22,2.41,2.29,16.0,13.0,10.0,39.0,2.0,5.0,0.0,4.0,0.0,4.0,14.0,14.0,27.0,0.0,0.0,5.0,4.0,4.0,10.0,20.0,7.0,2.0,0.77,1.09,0.47,1.0,1.0,0.0,40.75,29.0,30.26,5.0,0.32,0.98,0.98,1.67,1.74,1.72,14.88,1.01,0.94,3.48,0.44,7.82,6.3,1.01,0.97,0.97,14.0,6.0,7.0,27.0,0.0,0.0,0.0,5.0,0.0,7.0,8.0,14.0,20.0,2.0,4.0,11.0,2.0,2.0,10.0,18.0,2.0,0.0,0.75,0.26,0.0,0.0,0.0,0.0,26.01,20.0,19.2,5.0,0.19,0.0,0.0,1.2,1.15,1.15
847516684817118482720,2025,Maccelli-Tavares-Knies,TOR,line,5on5,9,4352.0,26.0,0.56,0.49,0.52,37.24,2.54,2.55,9.68,1.23,20.62,14.38,2.51,2.53,2.5,31.0,20.0,18.0,69.0,3.0,2.0,0.0,11.0,0.0,15.0,20.0,28.0,48.0,1.0,2.0,35.0,28.0,7.0,15.0,40.0,11.0,0.0,1.13,1.41,0.0,2.0,1.0,0.0,68.55,51.0,50.66,10.0,0.53,0.19,0.19,2.88,2.86,2.84,35.09,2.01,2.11,9.39,1.14,19.2,14.15,1.98,1.99,1.96,32.0,16.0,24.0,72.0,7.0,2.0,1.0,8.0,0.0,19.0,12.0,25.0,41.0,3.0,6.0,39.0,22.0,5.0,20.0,41.0,7.0,0.0,1.15,0.86,0.0,4.0,3.0,0.0,72.73,48.0,48.43,7.0,0.44,0.15,0.15,2.3,2.27,2.26
847845884793658483512,2025,Roslovic-Frederic-Savoie,EDM,line,5on5,4,652.0,43.0,0.43,0.5,0.5,5.92,0.38,0.38,1.36,0.18,3.38,2.32,0.38,0.4,0.39,5.0,3.0,0.0,8.0,0.0,0.0,0.0,1.0,0.0,3.0,4.0,5.0,8.0,0.0,0.0,6.0,2.0,0.0,8.0,7.0,1.0,0.0,0.19,0.19,0.0,0.0,0.0,0.0,7.91,8.0,7.9,7.0,0.08,0.0,0.0,0.46,0.47,0.47,5.72,0.5,0.42,1.41,0.21,3.22,2.24,0.5,0.5,0.49,5.0,3.0,0.0,8.0,0.0,0.0,0.0,2.0,0.0,3.0,3.0,5.0,8.0,2.0,4.0,4.0,10.0,2.0,5.0,5.0,3.0,0.0,0.15,0.35,0.0,0.0,0.0,0.0,7.81,8.0,7.84,0.0,0.09,0.0,0.0,0.59,0.58,0.58
847750584826678484911,2025,Eklund-Wennberg-Graf,SJS,line,5on5,8,1812.0,56.0,0.69,0.45,0.47,13.35,1.67,0.99,3.11,0.47,6.97,4.79,1.57,1.6,1.51,11.0,7.0,5.0,23.0,0.0,3.0,0.0,2.0,0.0,5.0,8.0,11.0,18.0,0.0,0.0,9.0,10.0,2.0,7.0,12.0,3.0,3.0,0.27,0.42,0.98,0.0,0.0,0.0,23.12,18.0,18.06,1.0,0.21,0.9,0.9,0.98,0.97,0.96,13.86,0.76,0.83,3.38,0.47,8.14,6.42,0.76,0.77,0.77,11.0,9.0,8.0,28.0,0.0,0.0,0.0,3.0,0.0,10.0,7.0,11.0,20.0,1.0,2.0,12.0,9.0,2.0,6.0,18.0,2.0,0.0,0.55,0.21,0.0,0.0,0.0,0.0,27.93,20.0,20.09,0.0,0.17,0.0,0.0,0.93,0.94,0.94
84754628482803,2025,Zellweger-Gudas,ANA,pairing,5on5,23,5468.0,151.0,0.48,0.52,0.5,52.7,3.65,3.15,13.42,1.77,27.66,21.36,3.51,3.56,3.43,43.0,28.0,33.0,104.0,4.0,9.0,0.0,8.0,0.0,24.0,26.0,39.0,67.0,4.0,8.0,33.0,44.0,6.0,34.0,58.0,11.0,2.0,1.68,1.49,0.48,2.0,2.0,0.0,100.21,71.0,68.97,10.0,0.65,1.0,1.0,3.3,3.22,3.15,49.6,3.99,3.27,12.81,1.82,27.42,20.69,3.86,3.99,3.86,49.0,21.0,27.0,97.0,5.0,9.0,2.0,12.0,0.0,24.0,20.0,44.0,65.0,6.0,12.0,33.0,36.0,4.0,26.0,58.0,7.0,5.0,1.69,0.91,1.38,1.0,2.0,2.0,101.37,70.0,71.98,11.0,0.68,1.63,1.63,3.03,3.05,3.01
847794084784278482093,2025,Ehlers-Aho-Jarvis,CAR,line,5on5,25,7710.0,170.0,0.55,0.55,0.57,84.89,6.54,5.36,22.39,2.98,45.03,33.7,6.19,6.9,6.53,76.0,40.0,35.0,151.0,8.0,7.0,2.0,22.0,0.0,42.0,37.0,68.0,108.0,10.0,20.0,65.0,38.0,5.0,41.0,96.0,13.0,7.0,3.04,1.67,1.83,4.0,4.0,0.0,158.7,116.0,121.71,22.0,1.12,1.31,1.51,6.15,6.44,6.28,65.32,5.45,4.46,15.82,2.13,33.95,26.18,5.22,5.29,5.07,61.0,27.0,35.0,123.0,7.0,6.0,0.0,7.0,1.0,32.0,35.0,54.0,81.0,4.0,8.0,72.0,48.0,12.0,45.0,64.0,20.0,4.0,2.06,2.38,1.02,5.0,1.0,1.0,119.52,88.0,86.07,21.0,0.93,0.99,0.99,5.4,5.24,5.17
847584284817048481726,2025,Edstrom-Carrick-Parssinen,NYR,line,5on5,5,915.0,45.0,0.19,0.34,0.23,3.79,0.18,0.23,1.04,0.12,1.95,1.47,0.18,0.19,0.18,2.0,3.0,6.0,11.0,0.0,0.0,0.0,0.0,0.0,4.0,1.0,2.0,5.0,1.0,2.0,10.0,10.0,3.0,2.0,4.0,1.0,0.0,0.1,0.08,0.0,0.0,0.0,0.0,10.65,5.0,4.92,1.0,0.05,0.0,0.0,0.23,0.24,0.23,11.66,0.78,0.69,3.43,0.45,6.88,4.76,0.76,0.75,0.74,14.0,3.0,4.0,21.0,0.0,2.0,0.0,1.0,0.0,9.0,5.0,14.0,17.0,0.0,0.0,6.0,9.0,2.0,4.0,14.0,3.0,0.0,0.33,0.44,0.0,0.0,0.0,0.0,21.1,17.0,17.09,3.0,0.14,0.26,0.26,0.66,0.65,0.65
847522084774518477979,2025,Foligno-Hartman-Aube-Kubel,MIN,line,5on5,2,1136.0,4.0,0.62,0.6,0.59,14.52,0.8,0.86,3.58,0.45,8.21,6.09,0.79,0.82,0.81,17.0,3.0,7.0,27.0,0.0,1.0,0.0,5.0,0.0,6.0,8.0,17.0,20.0,1.0,2.0,8.0,2.0,1.0,4.0,17.0,3.0,0.0,0.5,0.3,0.0,0.0,0.0,0.0,28.23,20.0,20.71,2.0,0.18,0.08,0.08,0.9,0.92,0.91,9.86,0.5,0.59,2.69,0.33,5.58,4.32,0.49,0.5,0.49,10.0,4.0,4.0,18.0,0.0,1.0,0.0,1.0,0.0,5.0,7.0,10.0,14.0,2.0,4.0,11.0,4.0,1.0,4.0,13.0,1.0,0.0,0.39,0.11,0.0,0.0,0.0,0.0,17.47,14.0,13.98,1.0,0.12,0.11,0.11,0.51,0.51,0.5
847794684793378484471,2025,Finnie-Larkin-Debrincat,DET,line,5on5,4,678.0,46.0,0.64,0.48,0.5,6.99,0.9,0.55,1.6,0.21,3.39,2.36,0.81,0.89,0.81,5.0,4.0,4.0,13.0,0.0,1.0,0.0,0.0,0.0,5.0,3.0,5.0,9.0,1.0,2.0,6.0,8.0,0.0,2.0,5.0,2.0,2.0,0.18,0.27,0.45,0.0,0.0,0.0,12.19,9.0,8.68,1.0,0.12,0.24,0.24,0.78,0.77,0.74,6.18,0.49,0.47,1.7,0.22,3.71,2.4,0.47,0.5,0.48,6.0,3.0,5.0,14.0,1.0,0.0,0.0,2.0,0.0,5.0,1.0,5.0,8.0,1.0,2.0,7.0,6.0,1.0,3.0,8.0,1.0,0.0,0.33,0.16,0.0,1.0,0.0,0.0,14.75,9.0,9.29,2.0,0.1,0.0,0.0,0.59,0.59,0.57
847682284797728481032,2025,Cotter-Glendening-Macewen,NJD,line,5on5,3,870.0,15.0,0.73,0.75,0.79,8.22,0.36,0.49,1.94,0.25,4.63,3.33,0.36,0.37,0.36,5.0,6.0,4.0,15.0,0.0,1.0,0.0,0.0,0.0,3.0,7.0,5.0,11.0,1.0,2.0,5.0,12.0,2.0,5.0,11.0,0.0,0.0,0.36,0.0,0.0,0.0,0.0,0.0,16.17,11.0,11.57,1.0,0.1,0.07,0.07,0.4,0.4,0.4,2.25,0.13,0.09,0.42,0.06,1.06,1.23,0.13,0.13,0.13,2.0,1.0,2.0,5.0,0.0,0.0,0.0,1.0,0.0,0.0,2.0,2.0,3.0,0.0,0.0,7.0,7.0,1.0,2.0,3.0,0.0,0.0,0.13,0.0,0.0,0.0,0.0,0.0,4.87,3.0,2.9,2.0,0.02,0.0,0.0,0.15,0.15,0.15
847638984764688477839,2025,Sheary-Miller-Trocheck,NYR,line,5on5,8,4816.0,29.0,0.49,0.45,0.46,44.16,4.33,3.25,11.34,1.64,24.57,16.86,3.92,4.34,3.92,35.0,27.0,17.0,79.0,1.0,8.0,1.0,2.0,0.0,27.0,24.0,34.0,61.0,3.0,6.0,49.0,40.0,6.0,22.0,47.0,10.0,5.0,1.43,1.33,1.57,0.0,1.0,0.0,78.97,62.0,61.83,12.0,0.68,1.85,1.85,3.16,3.17,3.05,52.57,4.45,3.63,12.57,1.68,28.26,21.42,4.23,4.5,4.29,42.0,30.0,24.0,96.0,4.0,7.0,2.0,5.0,0.0,30.0,26.0,38.0,68.0,2.0,4.0,39.0,19.0,12.0,16.0,53.0,14.0,5.0,1.64,1.55,1.26,2.0,0.0,2.0,96.92,72.0,72.51,9.0,0.75,1.49,1.49,3.71,3.73,3.61
84800358480828,2025,Callahan-Jokiharju,BOS,pairing,5on5,3,2255.0,7.0,0.59,0.56,0.63,21.66,1.75,1.32,5.49,0.73,10.97,8.74,1.6,1.71,1.57,20.0,9.0,5.0,34.0,2.0,4.0,0.0,6.0,0.0,8.0,9.0,18.0,27.0,2.0,4.0,18.0,17.0,2.0,11.0,22.0,5.0,2.0,0.51,0.65,0.59,1.0,1.0,0.0,33.19,29.0,28.71,6.0,0.28,0.77,0.77,1.25,1.24,1.23,12.7,1.21,0.85,3.07,0.41,6.66,4.8,1.17,1.27,1.23,12.0,5.0,10.0,27.0,3.0,1.0,0.0,1.0,0.0,9.0,3.0,9.0,14.0,1.0,2.0,23.0,19.0,2.0,10.0,11.0,5.0,1.0,0.38,0.61,0.21,1.0,2.0,0.0,27.87,17.0,17.53,5.0,0.18,0.09,0.09,1.3,1.37,1.32
847798784827038484197,2025,Dach-Donato-Moore,CHI,line,5on5,9,668.0,85.0,0.66,0.75,0.76,9.6,0.52,0.59,3.56,0.32,4.65,3.35,0.5,0.52,0.5,11.0,2.0,5.0,18.0,0.0,2.0,0.0,5.0,0.0,5.0,1.0,11.0,13.0,0.0,0.0,8.0,3.0,1.0,3.0,12.0,0.0,1.0,0.29,0.0,0.24,0.0,0.0,0.0,18.12,13.0,13.43,1.0,0.13,0.27,0.27,0.39,0.4,0.39,2.97,0.27,0.17,0.62,0.09,1.37,1.48,0.27,0.3,0.3,4.0,0.0,2.0,6.0,2.0,0.0,0.0,0.0,0.0,1.0,1.0,2.0,2.0,1.0,2.0,10.0,4.0,1.0,4.0,3.0,1.0,0.0,0.11,0.16,0.0,1.0,1.0,0.0,6.62,4.0,4.23,3.0,0.04,0.0,0.0,0.31,0.34,0.33
847844484788568480144,2025,Boeser-Kampf-Garland,VAN,line,5on5,9,4875.0,14.0,0.59,0.53,0.55,49.15,3.94,3.24,12.78,1.67,27.64,19.73,3.84,3.9,3.8,43.0,26.0,13.0,82.0,1.0,6.0,0.0,20.0,0.0,26.0,16.0,42.0,68.0,6.0,12.0,59.0,22.0,6.0,31.0,56.0,10.0,3.0,1.82,1.3,0.82,1.0,0.0,0.0,78.97,69.0,66.51,14.0,0.68,0.83,0.83,3.79,3.67,3.59,39.86,2.76,2.6,10.81,1.38,21.97,16.47,2.7,2.86,2.8,35.0,21.0,18.0,74.0,1.0,3.0,0.0,13.0,0.0,23.0,16.0,34.0,55.0,6.0,12.0,44.0,23.0,9.0,28.0,47.0,8.0,1.0,1.51,1.03,0.21,1.0,0.0,0.0,75.12,56.0,57.66,7.0,0.54,0.29,0.29,3.01,3.12,3.05
84799828481524,2025,Byram-Timmins,BUF,pairing,5on5,32,14321.0,138.0,0.46,0.45,0.47,108.74,8.27,6.91,28.8,3.67,59.11,43.25,8.01,8.29,8.03,97.0,53.0,44.0,194.0,10.0,14.0,3.0,22.0,0.0,51.0,53.0,87.0,140.0,14.0,34.0,114.0,85.0,23.0,77.0,123.0,19.0,8.0,3.5,2.29,2.48,5.0,3.0,2.0,196.55,150.0,150.68,40.0,1.44,3.05,3.05,6.66,6.7,6.58,124.47,9.66,8.17,31.55,4.0,67.51,49.12,9.39,9.63,9.37,103.0,67.0,69.0,239.0,15.0,9.0,4.0,17.0,0.0,63.0,66.0,88.0,155.0,18.0,42.0,132.0,93.0,17.0,55.0,132.0,28.0,10.0,3.71,3.42,2.53,5.0,5.0,5.0,235.66,170.0,169.16,25.0,1.71,1.85,1.85,9.53,9.45,9.28
84784548482126,2025,Andrae-Juulsen,PHI,pairing,5on5,13,5915.0,56.0,0.46,0.5,0.5,39.51,2.9,2.63,9.81,1.3,21.79,15.57,2.81,2.86,2.78,39.0,15.0,19.0,73.0,4.0,5.0,0.0,8.0,0.0,20.0,17.0,35.0,50.0,9.0,18.0,35.0,64.0,9.0,31.0,44.0,9.0,1.0,1.37,1.28,0.24,1.0,3.0,0.0,70.22,54.0,52.14,15.0,0.55,0.77,0.77,2.67,2.61,2.58,38.24,3.43,2.83,9.66,1.47,21.82,15.78,3.29,3.55,3.41,23.0,32.0,17.0,72.0,2.0,4.0,0.0,6.0,0.0,25.0,18.0,21.0,53.0,2.0,4.0,41.0,58.0,11.0,28.0,39.0,13.0,3.0,1.01,1.67,0.75,2.0,0.0,0.0,74.86,55.0,56.94,12.0,0.6,0.37,0.37,3.65,3.78,3.72
847847484796198480855,2025,Crouse-Mcbain-Carcone,UTA,line,5on5,24,10657.0,91.0,0.56,0.58,0.58,119.24,11.12,8.16,30.81,4.06,60.12,42.72,10.65,11.5,11.01,94.0,63.0,64.0,221.0,8.0,12.0,0.0,25.0,0.0,62.0,50.0,86.0,149.0,10.0,20.0,103.0,143.0,14.0,46.0,106.0,41.0,10.0,3.14,5.03,2.96,1.0,5.0,2.0,228.44,157.0,161.53,20.0,1.73,1.84,1.84,11.0,11.4,11.13,84.87,8.85,5.79,22.66,3.07,41.84,30.8,8.39,8.64,8.2,68.0,45.0,47.0,160.0,10.0,17.0,3.0,14.0,0.0,33.0,39.0,58.0,103.0,10.0,20.0,93.0,105.0,14.0,45.0,79.0,23.0,11.0,2.53,2.97,3.35,3.0,4.0,3.0,157.03,113.0,111.08,22.0,1.22,3.18,3.18,6.89,6.73,6.57
84784548480874,2025,Juulsen-Ginning,PHI,pairing,5on5,5,2054.0,20.0,0.19,0.26,0.2,4.57,0.3,0.24,1.16,0.15,2.39,1.76,0.29,0.31,0.3,2.0,4.0,6.0,12.0,1.0,0.0,0.0,1.0,0.0,2.0,2.0,1.0,5.0,5.0,13.0,9.0,23.0,2.0,13.0,5.0,1.0,0.0,0.13,0.17,0.0,1.0,0.0,0.0,11.8,6.0,5.94,4.0,0.05,0.0,0.0,0.35,0.36,0.35,17.21,1.24,1.14,4.27,0.59,9.7,7.05,1.23,1.3,1.28,16.0,8.0,11.0,35.0,2.0,1.0,0.0,1.0,0.0,9.0,11.0,14.0,22.0,6.0,15.0,18.0,18.0,3.0,11.0,21.0,2.0,1.0,0.73,0.26,0.26,2.0,0.0,0.0,36.59,24.0,25.01,4.0,0.23,0.07,0.07,1.41,1.47,1.45
84745688477938,2025,Fleury-Schenn,WPG,pairing,5on5,11,4419.0,44.0,0.27,0.36,0.41,25.73,1.73,1.57,6.25,0.76,14.02,10.67,1.72,1.8,1.8,22.0,13.0,10.0,45.0,0.0,0.0,0.0,8.0,0.0,11.0,16.0,22.0,35.0,6.0,15.0,34.0,41.0,6.0,26.0,28.0,6.0,1.0,0.71,0.8,0.21,0.0,0.0,0.0,47.47,35.0,36.11,14.0,0.33,0.0,0.0,2.05,2.14,2.13,38.24,4.56,2.93,8.83,1.24,19.54,13.91,4.42,4.55,4.42,29.0,22.0,29.0,80.0,4.0,6.0,1.0,2.0,0.0,16.0,23.0,25.0,47.0,6.0,15.0,18.0,36.0,8.0,20.0,33.0,12.0,6.0,1.1,1.66,1.79,1.0,2.0,1.0,78.35,51.0,50.11,8.0,0.62,1.7,1.7,3.47,3.45,3.4
847795184793438482175,2025,Keller-Schmaltz-Peterka,UTA,line,5on5,19,11652.0,37.0,0.54,0.56,0.55,110.33,8.78,7.29,25.7,3.44,60.97,44.81,8.64,8.96,8.82,101.0,50.0,61.0,212.0,13.0,4.0,1.0,20.0,1.0,53.0,60.0,88.0,138.0,13.0,26.0,101.0,30.0,18.0,61.0,116.0,31.0,4.0,3.7,3.93,1.14,8.0,3.0,2.0,215.36,151.0,152.87,21.0,1.52,1.11,1.11,9.18,9.35,9.25,90.85,7.47,5.87,21.56,2.9,48.43,35.77,7.26,7.51,7.29,81.0,41.0,46.0,168.0,5.0,6.0,0.0,25.0,1.0,46.0,39.0,76.0,117.0,10.0,20.0,93.0,62.0,25.0,51.0,88.0,28.0,6.0,2.36,3.58,1.53,1.0,4.0,0.0,169.11,122.0,122.32,23.0,1.22,1.25,1.25,7.44,7.42,7.29
847692584784348481133,2025,Reinhardt-Sissons-Kolesar,VGK,line,5on5,22,8992.0,82.0,0.45,0.42,0.42,56.9,4.04,3.39,15.0,1.9,29.82,23.85,3.96,4.02,3.94,49.0,29.0,30.0,108.0,3.0,7.0,1.0,7.0,0.0,33.0,28.0,46.0,75.0,10.0,26.0,77.0,132.0,7.0,39.0,65.0,8.0,5.0,1.68,0.97,1.4,1.0,0.0,2.0,107.27,78.0,77.8,19.0,0.7,1.29,1.29,3.46,3.47,3.44,75.39,4.94,4.88,20.78,2.75,42.63,31.0,4.77,5.03,4.85,66.0,41.0,42.0,149.0,6.0,7.0,1.0,12.0,0.0,42.0,40.0,60.0,101.0,11.0,30.0,70.0,71.0,7.0,38.0,91.0,13.0,3.0,2.45,1.67,0.82,4.0,1.0,1.0,150.73,107.0,107.87,24.0,1.02,1.19,1.19,4.77,4.82,4.73
84795768484806,2025,Dickinson-Desharnais,SJS,pairing,5on5,15,7603.0,52.0,0.57,0.49,0.51,58.98,6.03,4.35,14.51,2.11,31.46,22.54,5.68,5.92,5.6,61.0,20.0,30.0,111.0,5.0,8.0,0.0,17.0,0.0,23.0,28.0,56.0,76.0,8.0,16.0,49.0,79.0,8.0,33.0,58.0,16.0,7.0,1.81,2.05,2.17,3.0,2.0,0.0,109.32,81.0,80.38,15.0,0.91,2.19,2.19,4.74,4.75,4.63,59.09,4.56,3.86,14.69,1.91,31.22,22.77,4.27,4.56,4.27,51.0,28.0,38.0,117.0,6.0,7.0,0.0,10.0,0.0,29.0,27.0,45.0,73.0,6.0,12.0,61.0,53.0,8.0,34.0,63.0,12.0,4.0,1.75,1.45,1.35,3.0,2.0,1.0,117.87,79.0,79.2,18.0,0.8,1.31,1.31,4.05,4.04,4.01
847795684784018481712,2025,Pastrnak-Zacha-Blmel,BOS,line,5on5,3,972.0,15.0,0.39,0.52,0.48,7.16,0.36,0.44,1.67,0.21,4.21,3.09,0.36,0.38,0.38,8.0,2.0,4.0,14.0,0.0,0.0,0.0,1.0,0.0,4.0,5.0,8.0,10.0,2.0,4.0,7.0,3.0,0.0,2.0,10.0,0.0,0.0,0.36,0.0,0.0,0.0,0.0,0.0,14.31,10.0,10.17,0.0,0.09,0.0,0.0,0.45,0.47,0.47,8.74,0.56,0.47,2.45,0.25,4.18,3.09,0.56,0.55,0.54,9.0,2.0,2.0,13.0,1.0,0.0,0.0,1.0,0.0,6.0,3.0,8.0,10.0,2.0,4.0,11.0,4.0,0.0,6.0,9.0,2.0,0.0,0.21,0.36,0.0,0.0,1.0,0.0,12.67,11.0,10.76,4.0,0.1,0.0,0.0,0.66,0.65,0.64
84752008484806,2025,Orlov-Dickinson,SJS,pairing,5on5,22,2156.0,179.0,0.42,0.52,0.45,16.07,1.41,1.07,3.54,0.46,7.82,6.7,1.41,1.37,1.36,14.0,7.0,11.0,32.0,1.0,0.0,0.0,4.0,0.0,5.0,11.0,13.0,20.0,9.0,21.0,15.0,19.0,3.0,17.0,16.0,3.0,2.0,0.51,0.37,0.54,1.0,0.0,0.0,30.39,21.0,20.21,9.0,0.22,0.0,0.0,1.63,1.59,1.58,19.75,1.95,1.22,4.96,0.6,9.93,7.34,1.95,2.02,2.01,17.0,9.0,3.0,29.0,1.0,0.0,0.0,10.0,0.0,7.0,8.0,16.0,25.0,6.0,15.0,12.0,9.0,2.0,11.0,17.0,7.0,2.0,0.47,0.84,0.64,0.0,0.0,1.0,29.95,26.0,26.48,6.0,0.25,0.0,0.0,2.21,2.28,2.27
84757558480036,2025,Heiskanen-Petrovic,DAL,pairing,5on5,27,2089.0,241.0,0.38,0.4,0.4,14.48,0.96,0.81,3.15,0.46,7.45,6.19,0.94,0.95,0.94,16.0,3.0,6.0,25.0,1.0,1.0,0.0,1.0,0.0,7.0,9.0,15.0,18.0,2.0,4.0,4.0,14.0,1.0,12.0,15.0,4.0,0.0,0.48,0.48,0.0,0.0,1.0,0.0,25.6,19.0,19.24,7.0,0.17,0.16,0.16,0.95,0.97,0.96,21.8,1.56,1.35,5.45,0.68,11.41,8.55,1.48,1.52,1.45,21.0,8.0,8.0,37.0,4.0,3.0,1.0,4.0,0.0,9.0,9.0,17.0,25.0,2.0,4.0,7.0,14.0,1.0,15.0,23.0,4.0,2.0,0.54,0.53,0.49,2.0,1.0,1.0,37.61,29.0,29.18,7.0,0.28,0.62,0.62,1.22,1.22,1.2
847414184774298479337,2025,Debrincat-Copp-Kane,DET,line,5on5,15,8295.0,48.0,0.53,0.48,0.54,83.3,6.91,5.42,20.87,2.85,45.79,34.17,6.57,7.1,6.76,85.0,31.0,27.0,143.0,14.0,10.0,1.0,14.0,1.0,39.0,38.0,71.0,102.0,12.0,24.0,72.0,40.0,11.0,46.0,89.0,19.0,8.0,2.54,2.29,2.08,10.0,4.0,0.0,147.75,116.0,119.55,25.0,1.13,1.84,1.85,6.18,6.41,6.31,73.42,6.03,4.86,17.89,2.33,38.71,29.18,5.69,5.84,5.52,65.0,34.0,56.0,155.0,1.0,8.0,0.0,17.0,0.0,34.0,39.0,64.0,98.0,9.0,22.0,67.0,49.0,10.0,33.0,73.0,19.0,7.0,2.06,2.26,1.71,0.0,1.0,0.0,148.68,99.0,96.45,13.0,1.01,1.6,1.6,5.44,5.31,5.21
847842184793938481655,2025,Greer-Schwindt-Gregor,FLA,line,5on5,4,1634.0,15.0,0.68,0.43,0.43,6.69,0.88,0.48,1.77,0.31,3.3,2.26,0.85,0.91,0.88,6.0,3.0,4.0,13.0,0.0,2.0,0.0,1.0,0.0,2.0,4.0,6.0,9.0,4.0,11.0,12.0,24.0,2.0,4.0,4.0,4.0,1.0,0.17,0.41,0.3,0.0,0.0,0.0,13.38,9.0,9.17,2.0,0.1,0.39,0.39,0.59,0.6,0.6,8.45,0.41,0.49,2.2,0.27,5.05,3.57,0.41,0.4,0.4,8.0,4.0,5.0,17.0,1.0,0.0,0.0,2.0,0.0,1.0,8.0,7.0,11.0,1.0,5.0,12.0,13.0,2.0,5.0,12.0,0.0,0.0,0.41,0.0,0.0,1.0,0.0,0.0,16.32,12.0,11.65,4.0,0.1,0.0,0.0,0.51,0.49,0.49
847795284804598484164,2025,Fabbri-Dvorsky-Suter,STL,line,5on5,5,1666.0,25.0,0.58,0.51,0.59,14.02,0.93,0.81,3.68,0.43,7.32,5.83,0.93,0.95,0.95,14.0,5.0,3.0,22.0,0.0,0.0,0.0,3.0,0.0,7.0,9.0,14.0,19.0,3.0,8.0,9.0,11.0,3.0,4.0,15.0,4.0,0.0,0.4,0.52,0.0,0.0,0.0,0.0,22.89,19.0,19.88,2.0,0.17,0.0,0.0,1.1,1.13,1.13,9.53,0.66,0.68,2.19,0.28,5.45,3.75,0.65,0.66,0.66,7.0,6.0,8.0,21.0,1.0,1.0,0.0,4.0,0.0,2.0,5.0,6.0,12.0,1.0,2.0,12.0,12.0,1.0,10.0,11.0,1.0,1.0,0.31,0.1,0.25,1.0,0.0,0.0,20.98,13.0,13.07,6.0,0.14,0.25,0.25,0.54,0.55,0.55
847840184799998482177,2025,Mittelstadt-Zacha-Khusnutdinov,BOS,line,5on5,5,2296.0,17.0,0.5,0.59,0.63,19.57,1.4,1.14,5.18,0.65,10.95,7.67,1.38,1.38,1.36,16.0,11.0,11.0,38.0,1.0,2.0,1.0,7.0,0.0,8.0,9.0,15.0,26.0,5.0,10.0,15.0,8.0,6.0,11.0,21.0,6.0,0.0,0.55,0.84,0.0,0.0,1.0,0.0,37.69,27.0,26.71,5.0,0.23,0.33,0.33,1.3,1.27,1.27,11.97,1.4,0.76,2.89,0.43,5.94,4.59,1.34,1.5,1.44,11.0,5.0,10.0,26.0,2.0,3.0,0.0,2.0,0.0,2.0,7.0,9.0,14.0,2.0,4.0,16.0,15.0,4.0,7.0,11.0,3.0,2.0,0.47,0.41,0.52,1.0,1.0,0.0,27.04,16.0,16.84,1.0,0.17,0.71,0.71,0.85,0.9,0.89
84740138476874,2025,Cole-Mtt,UTA,pairing,5on5,18,7125.0,70.0,0.53,0.55,0.54,59.97,4.94,4.09,14.84,2.12,33.0,24.0,4.81,5.09,4.95,51.0,32.0,43.0,126.0,5.0,5.0,0.0,9.0,0.0,43.0,21.0,46.0,78.0,11.0,25.0,38.0,45.0,7.0,35.0,62.0,18.0,3.0,1.96,2.2,0.78,1.0,3.0,1.0,127.72,83.0,84.55,21.0,0.86,0.78,0.78,5.02,5.15,5.07,52.88,4.34,3.22,12.97,1.75,28.21,21.52,4.29,4.27,4.22,42.0,30.0,33.0,105.0,8.0,5.0,1.0,8.0,0.0,24.0,27.0,34.0,64.0,11.0,25.0,58.0,76.0,8.0,30.0,52.0,17.0,3.0,1.48,2.03,0.83,2.0,5.0,1.0,103.16,72.0,71.32,16.0,0.66,0.89,0.89,4.11,4.07,4.04
847698184800748483424,2025,Texier-Beck-Anderson,MTL,line,5on5,4,952.0,28.0,0.4,0.62,0.59,9.01,0.67,0.66,2.06,0.35,5.22,4.05,0.62,0.76,0.7,7.0,6.0,8.0,21.0,2.0,1.0,0.0,0.0,0.0,5.0,5.0,5.0,11.0,2.0,4.0,9.0,11.0,1.0,5.0,10.0,2.0,1.0,0.21,0.21,0.25,1.0,1.0,0.0,23.14,13.0,14.25,4.0,0.13,0.25,0.25,0.56,0.62,0.6,6.79,1.02,0.53,1.67,0.22,3.34,2.21,1.01,0.95,0.94,5.0,4.0,4.0,13.0,0.0,1.0,0.0,1.0,0.0,4.0,3.0,5.0,9.0,3.0,6.0,4.0,12.0,3.0,5.0,5.0,1.0,3.0,0.12,0.09,0.81,0.0,0.0,0.0,12.0,9.0,8.37,3.0,0.11,0.2,0.2,0.93,0.87,0.86
84779388480145,2025,Fleury-Pionk,WPG,pairing,5on5,12,3484.0,56.0,0.43,0.49,0.46,26.0,1.97,1.78,6.57,0.93,15.21,10.54,1.93,1.89,1.85,23.0,14.0,20.0,57.0,0.0,4.0,0.0,6.0,0.0,13.0,14.0,23.0,37.0,7.0,14.0,31.0,32.0,4.0,12.0,30.0,5.0,2.0,0.86,0.68,0.44,0.0,0.0,0.0,55.05,37.0,36.05,3.0,0.37,0.57,0.57,1.77,1.7,1.69,31.5,2.62,2.22,8.18,1.14,17.68,12.17,2.49,2.73,2.6,31.0,13.0,15.0,59.0,5.0,6.0,2.0,4.0,0.0,18.0,11.0,26.0,39.0,5.0,10.0,14.0,23.0,6.0,17.0,35.0,7.0,2.0,1.15,0.82,0.64,1.0,3.0,1.0,59.88,44.0,44.84,9.0,0.46,0.72,0.72,2.36,2.44,2.4
847399484784208482740,2025,Benn-Johnston-Rantanen,DAL,line,5on5,9,3043.0,52.0,0.4,0.43,0.41,20.82,1.7,1.43,4.78,0.64,11.44,8.01,1.69,1.74,1.72,23.0,5.0,12.0,40.0,3.0,1.0,0.0,5.0,0.0,12.0,7.0,20.0,25.0,5.0,10.0,23.0,17.0,5.0,11.0,21.0,7.0,0.0,0.72,0.98,0.0,1.0,2.0,0.0,40.68,28.0,28.42,3.0,0.3,0.13,0.13,1.86,1.91,1.9,29.11,2.52,2.02,7.31,0.94,16.26,10.94,2.43,2.49,2.4,28.0,12.0,14.0,54.0,3.0,3.0,0.0,10.0,0.0,8.0,16.0,25.0,37.0,2.0,8.0,38.0,21.0,2.0,13.0,33.0,4.0,3.0,1.12,0.58,0.82,2.0,0.0,1.0,53.64,40.0,39.81,7.0,0.42,0.49,0.49,2.46,2.44,2.41
84783978479402,2025,Bean-Andersson,CGY,pairing,5on5,12,1376.0,69.0,0.54,0.59,0.65,14.97,1.06,0.99,3.71,0.57,8.92,6.76,1.05,1.03,1.02,16.0,6.0,7.0,29.0,0.0,1.0,0.0,7.0,0.0,7.0,7.0,16.0,22.0,2.0,4.0,4.0,3.0,2.0,12.0,18.0,4.0,0.0,0.62,0.44,0.0,0.0,0.0,0.0,27.4,22.0,21.24,5.0,0.2,0.07,0.07,1.19,1.15,1.15,9.14,0.9,0.66,2.14,0.29,4.68,3.34,0.9,0.92,0.92,10.0,2.0,8.0,20.0,1.0,1.0,0.0,1.0,0.0,6.0,3.0,9.0,11.0,1.0,2.0,8.0,4.0,5.0,9.0,6.0,4.0,2.0,0.1,0.38,0.42,0.0,0.0,1.0,20.5,12.0,12.14,5.0,0.14,0.1,0.1,0.94,0.96,0.96
84821768484783,2025,Levshunov-Kaiser,CHI,pairing,5on5,39,13878.0,172.0,0.43,0.47,0.43,100.26,8.2,6.82,24.32,3.2,54.34,39.12,7.97,8.23,8.0,90.0,46.0,58.0,194.0,5.0,9.0,0.0,13.0,0.0,54.0,55.0,85.0,131.0,13.0,29.0,84.0,82.0,24.0,77.0,98.0,31.0,7.0,3.04,3.37,1.8,3.0,2.0,0.0,193.97,136.0,135.53,38.0,1.41,1.62,1.62,7.99,8.04,7.87,132.47,10.87,8.93,32.4,4.49,70.38,52.93,10.58,10.84,10.54,120.0,60.0,43.0,223.0,14.0,12.0,2.0,26.0,0.0,63.0,65.0,106.0,166.0,14.0,31.0,110.0,113.0,17.0,56.0,137.0,33.0,10.0,3.97,4.31,2.59,7.0,6.0,1.0,221.42,180.0,178.08,30.0,1.85,2.01,2.01,10.72,10.74,10.59
847579184768738480762,2025,Hall-Jankowski-Robinson,CAR,line,5on5,19,7390.0,88.0,0.69,0.64,0.62,80.8,7.97,5.7,20.92,2.65,42.29,29.46,7.14,7.84,7.04,65.0,44.0,51.0,160.0,3.0,13.0,0.0,14.0,1.0,44.0,34.0,62.0,106.0,4.0,8.0,68.0,49.0,13.0,40.0,81.0,15.0,13.0,2.42,1.95,3.61,2.0,0.0,1.0,159.71,109.0,108.89,21.0,1.21,2.98,2.98,6.19,6.16,5.97,47.97,3.6,3.16,13.18,1.7,26.28,19.08,3.49,3.72,3.6,37.0,30.0,23.0,90.0,2.0,4.0,0.0,12.0,0.0,24.0,25.0,35.0,65.0,6.0,12.0,71.0,70.0,7.0,41.0,51.0,13.0,3.0,1.3,1.51,0.79,1.0,1.0,0.0,91.88,67.0,68.06,19.0,0.67,0.37,0.37,3.9,4.01,3.97
84774958478859,2025,Mikkola-Jones,FLA,pairing,5on5,40,32815.0,77.0,0.54,0.52,0.52,298.11,24.22,19.99,76.61,10.04,159.23,113.9,23.06,24.14,23.0,254.0,150.0,146.0,550.0,21.0,36.0,5.0,53.0,1.0,162.0,131.0,233.0,383.0,39.0,83.0,266.0,261.0,33.0,141.0,318.0,62.0,24.0,9.79,7.79,6.64,9.0,9.0,3.0,551.37,404.0,404.65,77.0,4.17,6.37,6.42,21.97,21.95,21.51,275.33,20.89,17.1,71.63,9.42,147.09,110.86,19.71,21.45,20.2,239.0,138.0,131.0,508.0,18.0,28.0,2.0,52.0,2.0,142.0,135.0,221.0,359.0,54.0,115.0,309.0,233.0,55.0,147.0,297.0,64.0,16.0,8.29,8.13,4.47,6.0,11.0,1.0,515.46,377.0,383.36,72.0,3.56,5.19,5.19,19.26,19.66,19.12
847854284800038482713,2025,Boqvist-Rodrigues-Samoskevich,FLA,line,5on5,18,3881.0,126.0,0.49,0.52,0.5,27.24,2.07,1.72,6.81,0.9,15.01,10.5,2.02,2.11,2.06,26.0,11.0,18.0,55.0,2.0,2.0,0.0,8.0,0.0,10.0,15.0,24.0,35.0,7.0,14.0,29.0,38.0,5.0,15.0,28.0,8.0,1.0,0.88,0.99,0.2,0.0,2.0,0.0,55.68,37.0,37.41,7.0,0.36,0.32,0.32,2.12,2.14,2.13,27.85,2.16,1.74,7.4,0.87,14.15,10.69,2.14,2.16,2.14,23.0,14.0,14.0,51.0,0.0,3.0,0.0,6.0,1.0,15.0,12.0,23.0,37.0,5.0,10.0,40.0,25.0,7.0,15.0,29.0,5.0,3.0,0.67,0.73,0.76,0.0,0.0,0.0,51.43,37.0,37.2,6.0,0.36,0.6,0.6,1.91,1.91,1.9
84784698482105,2025,Sanderson-Chabot,OTT,pairing,5on5,9,709.0,57.0,0.6,0.56,0.64,5.02,0.24,0.31,1.24,0.17,3.05,2.0,0.23,0.23,0.22,5.0,2.0,3.0,10.0,1.0,0.0,0.0,0.0,0.0,4.0,2.0,4.0,6.0,2.0,4.0,9.0,2.0,1.0,2.0,7.0,0.0,0.0,0.24,0.0,0.0,1.0,0.0,0.0,9.25,7.0,6.42,0.0,0.06,0.0,0.0,0.3,0.28,0.28,3.02,0.16,0.16,0.6,0.08,1.53,1.48,0.16,0.17,0.17,3.0,1.0,4.0,8.0,0.0,0.0,0.0,1.0,0.0,1.0,2.0,3.0,4.0,2.0,4.0,12.0,3.0,0.0,1.0,3.0,1.0,0.0,0.05,0.11,0.0,0.0,0.0,0.0,8.54,4.0,4.25,1.0,0.03,0.0,0.0,0.19,0.2,0.2
847519184764488479353,2025,Karlsson-Howden-Smith,VGK,line,5on5,3,952.0,16.0,0.68,0.65,0.62,9.92,0.86,0.65,1.98,0.29,5.38,3.84,0.82,0.82,0.79,11.0,2.0,7.0,20.0,1.0,0.0,0.0,2.0,0.0,4.0,6.0,10.0,12.0,1.0,2.0,10.0,1.0,1.0,4.0,8.0,5.0,0.0,0.3,0.56,0.0,0.0,1.0,0.0,19.4,13.0,12.75,3.0,0.14,0.0,0.0,1.0,0.95,0.92,5.18,0.41,0.36,1.34,0.22,3.16,2.51,0.4,0.42,0.42,3.0,5.0,3.0,11.0,0.0,1.0,0.0,0.0,0.0,2.0,5.0,3.0,8.0,1.0,4.0,5.0,3.0,0.0,1.0,6.0,2.0,0.0,0.14,0.27,0.0,0.0,0.0,0.0,10.96,8.0,7.95,0.0,0.07,0.01,0.01,0.47,0.49,0.48
847647484784148480002,2025,Meier-Hischier-Noesen,NJD,line,5on5,7,1672.0,58.0,0.26,0.42,0.41,13.07,0.81,0.67,3.46,0.46,7.18,5.43,0.8,0.79,0.78,17.0,1.0,7.0,25.0,1.0,2.0,0.0,6.0,0.0,4.0,5.0,16.0,17.0,0.0,0.0,21.0,11.0,2.0,12.0,15.0,2.0,1.0,0.3,0.26,0.25,1.0,0.0,0.0,23.86,18.0,17.44,6.0,0.14,0.27,0.27,0.68,0.65,0.64,20.0,2.33,1.48,5.26,0.64,9.55,6.74,2.04,2.34,2.05,21.0,5.0,9.0,35.0,2.0,5.0,1.0,4.0,0.0,9.0,6.0,19.0,24.0,1.0,2.0,17.0,10.0,1.0,9.0,18.0,5.0,3.0,0.61,0.71,1.01,0.0,1.0,1.0,34.99,26.0,25.92,0.0,0.32,1.36,1.36,1.29,1.3,1.26
847906684815568483609,2025,Lomberg-Beecher-Klapka,CGY,line,5on5,15,4993.0,64.0,0.36,0.42,0.43,37.39,2.58,2.38,9.44,1.21,19.89,14.51,2.55,2.61,2.58,28.0,22.0,24.0,74.0,0.0,1.0,0.0,8.0,0.0,24.0,17.0,28.0,50.0,10.0,29.0,33.0,68.0,8.0,26.0,40.0,8.0,2.0,1.09,1.0,0.49,0.0,0.0,0.0,73.77,50.0,50.34,11.0,0.5,0.19,0.19,2.89,2.92,2.89,49.01,4.61,3.35,12.46,1.67,26.04,18.86,4.3,4.68,4.37,45.0,22.0,36.0,103.0,4.0,7.0,0.0,11.0,0.0,29.0,16.0,41.0,63.0,9.0,27.0,40.0,56.0,8.0,26.0,48.0,13.0,6.0,1.54,1.5,1.57,1.0,3.0,0.0,104.71,67.0,67.79,14.0,0.7,1.29,1.29,4.02,4.13,4.01
847517084784728480459,2025,Suter-Schenn-Joseph,STL,line,5on5,4,946.0,14.0,0.73,0.55,0.58,4.98,0.27,0.27,1.12,0.16,3.01,2.17,0.27,0.28,0.28,6.0,1.0,4.0,11.0,0.0,0.0,0.0,2.0,0.0,1.0,4.0,6.0,7.0,0.0,0.0,7.0,9.0,2.0,5.0,6.0,1.0,0.0,0.15,0.12,0.0,0.0,0.0,0.0,11.22,7.0,7.17,1.0,0.05,0.0,0.0,0.33,0.33,0.33,3.71,0.1,0.16,1.17,0.12,2.06,1.39,0.1,0.1,0.1,5.0,0.0,4.0,9.0,0.0,0.0,0.0,4.0,0.0,1.0,0.0,5.0,5.0,1.0,2.0,6.0,6.0,0.0,2.0,5.0,0.0,0.0,0.1,0.0,0.0,0.0,0.0,0.0,8.79,5.0,4.9,0.0,0.03,0.0,0.0,0.13,0.13,0.13
84784698482245,2025,Chabot-Zub,OTT,pairing,5on5,24,1894.0,147.0,0.31,0.47,0.45,14.75,0.78,0.98,3.67,0.47,8.14,5.96,0.76,0.82,0.79,13.0,7.0,7.0,27.0,3.0,1.0,0.0,4.0,0.0,6.0,6.0,10.0,17.0,3.0,9.0,4.0,15.0,2.0,9.0,18.0,2.0,0.0,0.52,0.26,0.0,3.0,0.0,0.0,27.94,20.0,20.77,5.0,0.2,0.09,0.09,0.89,0.92,0.91,17.28,1.72,1.28,3.86,0.61,9.22,7.32,1.68,1.73,1.7,19.0,5.0,7.0,31.0,2.0,2.0,1.0,5.0,0.0,7.0,8.0,17.0,22.0,1.0,5.0,2.0,12.0,3.0,8.0,16.0,7.0,1.0,0.45,1.02,0.25,0.0,2.0,0.0,31.65,24.0,24.28,5.0,0.27,0.29,0.29,1.69,1.72,1.71
847646184815538484387,2025,Michkov-Couturier-Brink,PHI,line,5on5,16,5835.0,89.0,0.4,0.54,0.53,49.95,3.3,3.23,12.47,1.65,29.42,20.93,3.22,3.45,3.36,52.0,19.0,27.0,98.0,5.0,4.0,0.0,11.0,0.0,24.0,27.0,47.0,66.0,7.0,16.0,44.0,32.0,14.0,28.0,61.0,9.0,1.0,1.85,1.22,0.23,3.0,2.0,0.0,100.83,71.0,72.52,16.0,0.66,0.59,0.63,3.33,3.45,3.4,46.01,4.86,3.21,11.21,1.57,24.48,17.72,4.68,4.77,4.59,45.0,19.0,18.0,82.0,6.0,8.0,0.0,7.0,0.0,28.0,15.0,39.0,58.0,8.0,16.0,48.0,45.0,11.0,30.0,43.0,17.0,4.0,1.53,2.14,1.19,2.0,4.0,0.0,81.71,64.0,63.97,14.0,0.67,1.5,1.5,3.97,3.95,3.86
847518484788738482745,2025,Kreider-Mctavish-Terry,ANA,line,5on5,12,1800.0,104.0,0.38,0.52,0.49,17.37,1.16,1.2,4.2,0.59,10.29,7.56,1.15,1.09,1.08,17.0,8.0,13.0,38.0,2.0,0.0,0.0,1.0,0.0,11.0,11.0,15.0,23.0,0.0,0.0,12.0,8.0,3.0,8.0,21.0,4.0,0.0,0.76,0.4,0.0,1.0,1.0,0.0,35.86,25.0,23.41,3.0,0.25,0.0,0.0,1.41,1.32,1.31,20.1,1.92,1.34,4.75,0.67,9.57,7.75,1.85,2.06,1.98,21.0,5.0,9.0,35.0,3.0,3.0,1.0,5.0,0.0,6.0,9.0,18.0,23.0,1.0,2.0,20.0,9.0,3.0,13.0,18.0,7.0,1.0,0.6,1.07,0.24,2.0,1.0,0.0,37.38,26.0,27.64,4.0,0.28,0.39,0.39,1.81,1.94,1.91
847519184759138476448,2025,Stone-Karlsson-Smith,VGK,line,5on5,3,1365.0,13.0,0.52,0.6,0.69,14.54,0.73,0.85,3.79,0.46,7.91,6.26,0.68,0.74,0.68,14.0,6.0,5.0,25.0,0.0,1.0,0.0,1.0,0.0,9.0,9.0,14.0,20.0,2.0,4.0,14.0,10.0,0.0,11.0,17.0,3.0,0.0,0.35,0.38,0.0,0.0,0.0,0.0,24.4,20.0,19.48,2.0,0.17,0.14,0.14,0.77,0.77,0.74,6.66,0.67,0.45,1.75,0.21,3.44,2.49,0.67,0.71,0.71,8.0,1.0,8.0,17.0,1.0,0.0,0.0,2.0,0.0,1.0,5.0,7.0,8.0,2.0,4.0,7.0,14.0,2.0,10.0,6.0,2.0,1.0,0.17,0.28,0.23,0.0,0.0,1.0,17.78,9.0,9.45,6.0,0.09,0.0,0.0,0.77,0.81,0.81
84811228481567,2025,Benoit-Thrun,TOR,pairing,5on5,4,2123.0,12.0,0.29,0.37,0.38,11.13,0.84,0.7,2.93,0.36,5.99,4.18,0.84,0.81,0.81,9.0,6.0,7.0,22.0,0.0,0.0,0.0,1.0,0.0,10.0,4.0,9.0,15.0,1.0,2.0,17.0,21.0,2.0,9.0,9.0,6.0,0.0,0.17,0.68,0.0,0.0,0.0,0.0,21.05,15.0,14.73,4.0,0.14,0.0,0.0,0.99,0.95,0.95,19.05,2.04,1.28,4.81,0.6,9.3,6.96,1.93,2.18,2.07,16.0,9.0,12.0,37.0,1.0,4.0,0.0,4.0,0.0,10.0,6.0,15.0,24.0,1.0,2.0,19.0,17.0,4.0,6.0,18.0,5.0,2.0,0.53,0.66,0.85,1.0,0.0,0.0,40.04,25.0,26.78,3.0,0.27,0.99,0.99,1.32,1.41,1.38
847794784821488483573,2025,Milano-Lapierre-Frank,WSH,line,5on5,10,3211.0,49.0,0.54,0.58,0.57,25.76,2.17,1.6,5.81,0.85,14.84,10.73,2.14,2.18,2.16,22.0,14.0,14.0,50.0,4.0,2.0,0.0,7.0,0.0,10.0,13.0,18.0,32.0,1.0,2.0,9.0,18.0,5.0,9.0,28.0,6.0,2.0,0.95,0.67,0.55,3.0,1.0,0.0,50.95,36.0,36.59,3.0,0.33,0.55,0.55,1.95,1.99,1.98,20.34,1.87,1.16,5.18,0.67,9.87,8.25,1.84,1.86,1.82,18.0,9.0,9.0,36.0,3.0,3.0,0.0,4.0,0.0,5.0,12.0,15.0,24.0,3.0,6.0,23.0,20.0,1.0,9.0,19.0,5.0,3.0,0.53,0.52,0.82,2.0,0.0,1.0,35.87,27.0,26.63,7.0,0.24,0.83,0.6,1.51,1.53,1.53
84779698480058,2025,Pettersson-Joseph,VAN,pairing,5on5,4,1012.0,20.0,0.77,0.63,0.71,11.08,0.77,0.82,2.74,0.34,6.26,4.08,0.76,0.81,0.79,12.0,3.0,5.0,20.0,0.0,1.0,0.0,1.0,0.0,7.0,6.0,12.0,15.0,0.0,0.0,1.0,11.0,1.0,6.0,12.0,3.0,0.0,0.31,0.46,0.0,0.0,0.0,0.0,20.82,15.0,15.65,2.0,0.16,0.11,0.11,0.82,0.86,0.86,4.34,0.24,0.28,0.9,0.13,2.64,1.81,0.23,0.23,0.23,5.0,1.0,6.0,12.0,1.0,0.0,0.0,1.0,0.0,2.0,2.0,4.0,5.0,3.0,6.0,9.0,4.0,1.0,4.0,6.0,0.0,0.0,0.24,0.0,0.0,1.0,0.0,0.0,11.69,6.0,5.87,2.0,0.06,0.0,0.0,0.29,0.29,0.29
84735078477495,2025,Jones-Petry,FLA,pairing,5on5,25,1139.0,201.0,0.37,0.48,0.42,5.95,0.59,0.36,1.44,0.17,3.2,2.23,0.59,0.6,0.59,5.0,3.0,6.0,14.0,0.0,1.0,0.0,2.0,0.0,2.0,3.0,5.0,8.0,2.0,4.0,2.0,8.0,0.0,6.0,7.0,0.0,1.0,0.21,0.0,0.38,0.0,0.0,0.0,13.6,8.0,7.7,4.0,0.08,0.38,0.38,0.29,0.28,0.28,8.67,1.0,0.66,2.18,0.26,3.88,3.03,0.96,1.01,0.97,8.0,3.0,4.0,15.0,1.0,2.0,1.0,0.0,0.0,2.0,6.0,7.0,10.0,3.0,6.0,5.0,9.0,2.0,6.0,6.0,4.0,1.0,0.21,0.55,0.24,0.0,1.0,0.0,15.58,11.0,11.1,1.0,0.15,0.44,0.44,0.7,0.72,0.71
847799884796758481532,2025,Moore-Turcotte-Foegele,LAK,line,5on5,14,1691.0,131.0,0.64,0.6,0.62,21.13,1.75,1.58,5.72,0.74,11.32,7.89,1.7,1.66,1.62,20.0,9.0,8.0,37.0,1.0,3.0,0.0,3.0,0.0,14.0,8.0,19.0,28.0,1.0,2.0,18.0,8.0,4.0,6.0,20.0,8.0,1.0,0.66,0.85,0.24,0.0,1.0,0.0,35.49,29.0,28.07,3.0,0.33,0.49,0.49,1.6,1.54,1.51,13.44,1.0,0.91,3.24,0.42,7.25,5.18,0.98,1.02,1.01,13.0,5.0,7.0,25.0,0.0,1.0,0.0,5.0,0.0,7.0,5.0,13.0,18.0,1.0,2.0,9.0,7.0,2.0,9.0,14.0,4.0,0.0,0.44,0.56,0.0,0.0,0.0,0.0,24.47,18.0,17.76,4.0,0.19,0.13,0.13,1.05,1.08,1.07
84784508478854,2025,Wotherspoon-Shea,PIT,pairing,5on5,32,3166.0,197.0,0.49,0.44,0.47,19.97,1.73,1.34,5.35,0.63,10.19,7.76,1.7,1.74,1.7,16.0,11.0,7.0,34.0,3.0,2.0,0.0,5.0,0.0,9.0,8.0,13.0,24.0,4.0,11.0,19.0,19.0,2.0,15.0,18.0,8.0,1.0,0.46,1.02,0.26,1.0,1.0,1.0,33.02,27.0,26.33,8.0,0.28,0.27,0.27,1.75,1.73,1.71,22.29,1.81,1.55,5.79,0.79,12.42,8.64,1.74,1.81,1.75,19.0,12.0,12.0,43.0,1.0,2.0,0.0,8.0,0.0,9.0,11.0,18.0,30.0,2.0,7.0,15.0,18.0,4.0,17.0,24.0,6.0,1.0,0.72,0.81,0.28,1.0,0.0,0.0,42.66,31.0,30.57,7.0,0.32,0.24,0.28,1.85,1.85,1.78
84768758481593,2025,Matheson-Struble,MTL,pairing,5on5,17,937.0,152.0,0.67,0.63,0.62,9.51,0.57,0.48,1.97,0.34,4.87,4.77,0.57,0.59,0.59,8.0,5.0,2.0,15.0,2.0,1.0,0.0,1.0,0.0,4.0,5.0,6.0,11.0,1.0,2.0,1.0,2.0,1.0,5.0,11.0,2.0,0.0,0.35,0.22,0.0,1.0,1.0,0.0,15.59,13.0,13.59,2.0,0.1,0.01,0.01,0.66,0.68,0.68,5.88,0.28,0.3,1.43,0.18,3.1,2.7,0.28,0.3,0.3,4.0,4.0,1.0,9.0,1.0,0.0,0.0,2.0,0.0,1.0,4.0,3.0,7.0,3.0,6.0,1.0,9.0,4.0,1.0,7.0,1.0,0.0,0.15,0.13,0.0,0.0,1.0,0.0,9.49,8.0,8.44,0.0,0.06,0.0,0.0,0.34,0.37,0.37
847579884834458484153,2025,Gauthier-Granlund-Carlsson,ANA,line,5on5,3,616.0,18.0,0.36,0.46,0.53,5.86,0.26,0.39,1.53,0.23,3.91,2.68,0.25,0.24,0.23,5.0,4.0,7.0,16.0,1.0,1.0,0.0,1.0,0.0,3.0,3.0,4.0,8.0,0.0,0.0,7.0,3.0,0.0,4.0,8.0,1.0,0.0,0.17,0.1,0.0,0.0,1.0,0.0,14.53,9.0,8.19,1.0,0.08,0.07,0.07,0.28,0.26,0.25,5.86,0.47,0.42,1.51,0.19,3.02,2.39,0.45,0.49,0.48,4.0,4.0,11.0,19.0,1.0,0.0,0.0,0.0,0.0,5.0,2.0,3.0,7.0,0.0,0.0,3.0,3.0,1.0,2.0,7.0,1.0,0.0,0.32,0.15,0.0,1.0,0.0,0.0,20.26,8.0,8.31,1.0,0.09,0.0,0.0,0.55,0.58,0.57
84757558481581,2025,Harley-Petrovic,DAL,pairing,5on5,26,5299.0,174.0,0.55,0.49,0.47,42.51,5.0,3.26,10.7,1.47,20.84,14.74,4.73,5.05,4.78,40.0,16.0,30.0,86.0,6.0,8.0,2.0,12.0,0.0,10.0,20.0,34.0,50.0,3.0,6.0,35.0,32.0,5.0,17.0,32.0,17.0,7.0,0.95,2.15,1.9,1.0,5.0,0.0,88.36,56.0,57.01,6.0,0.68,1.66,1.66,4.02,4.06,3.97,46.82,4.13,3.12,10.82,1.49,25.71,18.73,3.98,4.12,3.97,40.0,24.0,24.0,88.0,7.0,4.0,1.0,5.0,0.0,24.0,24.0,33.0,57.0,4.0,8.0,32.0,50.0,8.0,24.0,50.0,10.0,4.0,1.71,1.21,1.21,2.0,3.0,2.0,87.21,64.0,63.84,11.0,0.64,1.14,1.14,3.63,3.64,3.6
84746128475279,2025,Chiarot-Hamonic,DET,pairing,5on5,17,2188.0,103.0,0.45,0.42,0.39,15.77,1.29,1.02,3.73,0.54,8.99,6.44,1.28,1.25,1.24,12.0,10.0,9.0,31.0,2.0,2.0,0.0,1.0,0.0,7.0,10.0,10.0,20.0,3.0,6.0,12.0,10.0,0.0,11.0,17.0,5.0,0.0,0.6,0.69,0.0,0.0,2.0,0.0,30.87,22.0,21.85,4.0,0.21,0.27,0.27,1.22,1.19,1.19,24.05,1.6,1.54,6.0,0.85,13.62,10.39,1.57,1.66,1.63,23.0,11.0,9.0,43.0,4.0,2.0,0.0,1.0,0.0,7.0,20.0,19.0,30.0,0.0,0.0,16.0,9.0,1.0,13.0,28.0,6.0,0.0,0.95,0.65,0.0,2.0,2.0,0.0,44.25,34.0,34.99,7.0,0.32,0.1,0.1,1.82,1.9,1.87
84775048477938,2025,Morrissey-Fleury,WPG,pairing,5on5,11,874.0,85.0,0.54,0.4,0.39,8.75,0.94,0.6,2.11,0.24,4.03,3.07,0.89,0.95,0.9,7.0,4.0,1.0,12.0,2.0,1.0,0.0,1.0,0.0,5.0,2.0,5.0,9.0,0.0,0.0,2.0,6.0,3.0,5.0,7.0,2.0,2.0,0.2,0.29,0.46,1.0,1.0,0.0,12.11,11.0,11.04,1.0,0.13,0.25,0.25,0.82,0.83,0.82,11.5,0.79,0.85,2.6,0.42,7.2,5.14,0.76,0.77,0.74,10.0,7.0,1.0,18.0,1.0,2.0,0.0,1.0,0.0,6.0,7.0,9.0,16.0,2.0,4.0,1.0,2.0,2.0,5.0,14.0,3.0,0.0,0.45,0.34,0.0,1.0,0.0,0.0,17.83,17.0,16.73,2.0,0.17,0.16,0.16,0.81,0.79,0.77
84754628481563,2025,Gudas-Helleson,ANA,pairing,5on5,11,1250.0,85.0,0.4,0.33,0.3,7.04,0.71,0.5,1.74,0.22,3.32,2.51,0.69,0.75,0.72,8.0,1.0,6.0,15.0,2.0,1.0,0.0,3.0,0.0,0.0,3.0,6.0,7.0,0.0,0.0,6.0,8.0,0.0,5.0,5.0,4.0,0.0,0.16,0.55,0.0,0.0,2.0,0.0,14.8,9.0,9.25,3.0,0.11,0.18,0.18,0.64,0.66,0.66,15.56,1.04,1.11,4.05,0.55,8.28,5.96,1.03,1.05,1.04,15.0,6.0,10.0,31.0,4.0,3.0,1.0,3.0,0.0,6.0,5.0,11.0,17.0,1.0,2.0,9.0,9.0,2.0,4.0,16.0,5.0,0.0,0.42,0.62,0.0,1.0,3.0,0.0,32.23,21.0,21.25,1.0,0.23,0.17,0.17,1.1,1.12,1.1
84773468480860,2025,Bahl-Weegar,CGY,pairing,5on5,35,2864.0,198.0,0.46,0.51,0.52,27.78,1.9,1.72,6.56,0.9,14.7,12.21,1.85,1.88,1.84,27.0,11.0,11.0,49.0,2.0,2.0,1.0,7.0,0.0,11.0,16.0,25.0,36.0,2.0,4.0,8.0,21.0,1.0,19.0,30.0,6.0,2.0,0.72,0.7,0.47,1.0,0.0,1.0,47.94,38.0,37.53,11.0,0.36,0.21,0.21,2.04,2.02,2.0,24.95,2.25,1.71,6.26,0.98,13.24,10.55,2.21,2.28,2.24,24.0,11.0,13.0,48.0,2.0,5.0,0.0,2.0,0.0,8.0,18.0,22.0,33.0,3.0,6.0,4.0,11.0,2.0,10.0,27.0,6.0,2.0,1.01,0.72,0.52,0.0,2.0,0.0,48.41,35.0,35.34,6.0,0.36,0.71,0.71,1.89,1.93,1.92
84826848483429,2025,Hughes-Casey,NJD,pairing,5on5,2,1083.0,11.0,0.13,0.43,0.24,3.12,0.12,0.19,0.97,0.09,1.58,1.04,0.12,0.12,0.12,3.0,1.0,9.0,13.0,0.0,0.0,0.0,0.0,0.0,4.0,0.0,3.0,4.0,0.0,0.0,10.0,5.0,2.0,8.0,4.0,0.0,0.0,0.12,0.0,0.0,0.0,0.0,0.0,12.04,4.0,3.84,3.0,0.04,0.0,0.0,0.17,0.17,0.16,9.48,0.8,0.57,2.6,0.34,5.04,3.66,0.79,0.81,0.81,11.0,2.0,4.0,17.0,1.0,1.0,0.0,2.0,0.0,4.0,5.0,10.0,12.0,0.0,0.0,10.0,6.0,0.0,4.0,10.0,2.0,1.0,0.28,0.29,0.23,0.0,0.0,1.0,18.43,13.0,13.61,3.0,0.12,0.12,0.12,0.8,0.81,0.81
847646184800158484387,2025,Tippett-Couturier-Michkov,PHI,line,5on5,16,3582.0,170.0,0.63,0.5,0.53,30.68,3.7,2.34,7.84,1.17,15.85,11.1,3.4,3.68,3.38,25.0,17.0,14.0,56.0,2.0,7.0,1.0,5.0,0.0,16.0,12.0,23.0,40.0,6.0,12.0,40.0,27.0,7.0,14.0,27.0,8.0,7.0,0.78,1.01,1.92,1.0,0.0,1.0,56.43,42.0,41.75,6.0,0.49,1.75,1.75,2.44,2.42,2.36,27.7,2.16,1.88,6.72,0.86,14.92,11.47,2.11,2.23,2.18,19.0,19.0,18.0,56.0,2.0,1.0,0.0,6.0,0.0,10.0,19.0,17.0,36.0,3.0,6.0,33.0,18.0,6.0,18.0,30.0,6.0,2.0,0.95,0.66,0.54,2.0,0.0,0.0,57.29,38.0,38.95,11.0,0.39,0.31,0.31,2.24,2.3,2.27
84779508485366,2025,Schaefer-Deangelo,NYI,pairing,5on5,42,4399.0,304.0,0.63,0.6,0.58,38.24,3.32,2.54,9.83,1.23,19.59,14.49,3.22,3.27,3.17,31.0,20.0,26.0,77.0,5.0,6.0,0.0,6.0,0.0,16.0,18.0,26.0,46.0,7.0,14.0,27.0,19.0,6.0,16.0,40.0,8.0,3.0,1.31,1.13,0.88,3.0,2.0,0.0,75.47,51.0,50.23,2.0,0.53,1.25,1.25,2.6,2.56,2.5,25.55,1.97,1.71,6.36,0.94,14.83,11.19,1.95,2.09,2.07,26.0,11.0,14.0,51.0,2.0,3.0,0.0,5.0,0.0,9.0,18.0,24.0,35.0,9.0,20.0,14.0,23.0,4.0,21.0,28.0,8.0,1.0,0.67,1.05,0.26,0.0,2.0,0.0,54.24,37.0,39.29,12.0,0.35,0.27,0.27,2.06,2.15,2.15
847940784800028481559,2025,Bratt-Hischier-Hughes,NJD,line,5on5,11,1994.0,86.0,0.5,0.56,0.52,19.5,1.71,1.43,4.72,0.69,10.77,7.69,1.64,1.71,1.65,16.0,11.0,10.0,37.0,1.0,2.0,1.0,2.0,0.0,14.0,8.0,15.0,26.0,2.0,4.0,27.0,10.0,1.0,9.0,21.0,5.0,1.0,0.83,0.61,0.27,1.0,0.0,0.0,36.4,27.0,26.61,4.0,0.3,0.34,0.34,1.67,1.66,1.64,17.88,1.72,1.28,4.35,0.62,9.96,7.07,1.63,1.72,1.63,17.0,8.0,4.0,29.0,1.0,3.0,0.0,4.0,0.0,8.0,9.0,16.0,24.0,0.0,0.0,14.0,11.0,5.0,10.0,17.0,7.0,1.0,0.46,0.91,0.35,1.0,0.0,0.0,28.81,25.0,25.06,3.0,0.27,0.54,0.54,1.46,1.46,1.42
847410284802088482116,2025,Perron-Sttzle-Batherson,OTT,line,5on5,17,5062.0,140.0,0.54,0.5,0.52,43.52,3.69,3.16,11.52,1.63,24.93,17.07,3.64,3.73,3.67,36.0,26.0,16.0,78.0,4.0,7.0,0.0,9.0,0.0,24.0,18.0,32.0,58.0,5.0,10.0,32.0,42.0,10.0,25.0,47.0,14.0,1.0,1.46,1.83,0.4,3.0,1.0,0.0,79.41,62.0,63.08,12.0,0.66,0.92,0.92,3.44,3.46,3.42,41.16,3.14,2.57,10.17,1.36,23.06,16.71,3.0,3.11,2.97,45.0,12.0,20.0,77.0,1.0,5.0,1.0,13.0,0.0,25.0,13.0,44.0,56.0,7.0,14.0,37.0,37.0,6.0,24.0,45.0,8.0,4.0,1.14,0.94,1.06,0.0,0.0,1.0,75.49,57.0,55.7,10.0,0.52,1.22,1.22,2.45,2.4,2.38
84740908481161,2025,Smith-Christiansen,CBJ,pairing,5on5,3,1377.0,9.0,0.28,0.53,0.5,10.74,0.42,0.62,2.66,0.34,6.25,4.7,0.42,0.46,0.46,6.0,9.0,6.0,21.0,0.0,0.0,0.0,2.0,0.0,6.0,7.0,6.0,15.0,3.0,6.0,11.0,12.0,2.0,7.0,14.0,1.0,0.0,0.28,0.15,0.0,0.0,0.0,0.0,22.74,15.0,16.23,1.0,0.13,0.0,0.0,0.55,0.6,0.59,10.62,1.1,0.75,2.33,0.34,6.12,4.37,1.04,1.03,0.97,12.0,3.0,4.0,19.0,0.0,1.0,0.0,0.0,0.0,7.0,7.0,12.0,15.0,0.0,0.0,9.0,9.0,0.0,6.0,10.0,4.0,1.0,0.32,0.41,0.37,0.0,0.0,0.0,17.98,15.0,14.18,4.0,0.15,0.37,0.37,0.88,0.83,0.81
84751678481719,2025,Hedman-Crozier,TBL,pairing,5on5,6,2323.0,25.0,0.53,0.63,0.59,16.6,0.99,1.0,3.92,0.5,9.39,7.2,0.98,0.98,0.97,15.0,8.0,15.0,38.0,0.0,0.0,0.0,4.0,0.0,8.0,11.0,15.0,23.0,7.0,20.0,7.0,13.0,4.0,10.0,20.0,3.0,0.0,0.67,0.31,0.0,0.0,0.0,0.0,38.15,23.0,22.88,3.0,0.21,0.0,0.0,1.19,1.18,1.18,11.43,0.86,0.72,3.01,0.39,6.65,4.37,0.86,0.87,0.87,12.0,4.0,6.0,22.0,0.0,0.0,0.0,4.0,0.0,5.0,7.0,12.0,16.0,4.0,14.0,12.0,22.0,4.0,5.0,13.0,1.0,2.0,0.28,0.08,0.51,0.0,0.0,0.0,22.59,16.0,16.49,3.0,0.15,0.0,0.0,1.01,1.02,1.02
84820958482245,2025,Kleven-Zub,OTT,pairing,5on5,32,3840.0,179.0,0.33,0.39,0.4,24.36,1.21,1.31,5.96,0.85,14.18,11.5,1.19,1.17,1.16,22.0,13.0,13.0,48.0,0.0,2.0,0.0,7.0,0.0,16.0,10.0,22.0,35.0,2.0,4.0,19.0,27.0,3.0,12.0,31.0,3.0,1.0,0.64,0.33,0.24,0.0,0.0,0.0,46.13,35.0,33.8,6.0,0.26,0.28,0.28,1.19,1.16,1.15,35.79,2.44,2.26,9.47,1.26,20.61,15.96,2.37,2.42,2.36,38.0,14.0,22.0,74.0,5.0,3.0,0.0,4.0,0.0,26.0,14.0,33.0,47.0,1.0,2.0,14.0,29.0,7.0,10.0,42.0,9.0,1.0,1.05,1.15,0.23,1.0,4.0,0.0,73.39,52.0,51.41,6.0,0.47,0.61,0.61,2.29,2.28,2.25
84816078484223,2025,Johansson-Sandin-Pellikka,DET,pairing,5on5,23,1593.0,181.0,0.59,0.55,0.54,16.21,2.04,1.2,3.76,0.53,7.6,5.86,1.81,1.95,1.73,13.0,8.0,9.0,30.0,0.0,5.0,0.0,1.0,0.0,7.0,8.0,13.0,21.0,1.0,2.0,12.0,7.0,2.0,5.0,12.0,5.0,4.0,0.26,0.64,1.15,0.0,0.0,0.0,27.67,21.0,19.84,2.0,0.25,1.33,1.33,0.97,0.95,0.91,13.59,1.45,0.95,2.82,0.41,6.98,5.4,1.42,1.45,1.43,16.0,2.0,7.0,25.0,5.0,1.0,0.0,3.0,0.0,4.0,5.0,11.0,13.0,1.0,2.0,8.0,7.0,5.0,5.0,13.0,2.0,3.0,0.51,0.18,0.75,2.0,2.0,1.0,25.47,18.0,17.95,3.0,0.2,0.25,0.25,1.4,1.43,1.43
84793988484258,2025,Girard-Malinski,COL,pairing,5on5,25,17694.0,65.0,0.55,0.56,0.55,163.21,13.7,10.79,41.46,5.49,89.33,65.22,13.23,14.07,13.57,141.0,85.0,99.0,325.0,18.0,14.0,1.0,30.0,0.0,90.0,74.0,123.0,208.0,10.0,20.0,142.0,106.0,14.0,77.0,173.0,43.0,10.0,5.0,5.64,3.07,10.0,5.0,3.0,334.58,226.0,230.94,37.0,2.26,2.9,2.9,13.05,13.37,13.15,133.35,10.99,8.69,34.07,4.69,71.88,52.68,10.25,10.68,9.97,114.0,69.0,73.0,256.0,10.0,21.0,3.0,26.0,0.0,61.0,65.0,104.0,173.0,14.0,28.0,136.0,193.0,19.0,76.0,141.0,30.0,12.0,3.58,3.82,3.59,3.0,4.0,3.0,246.58,183.0,177.44,40.0,1.8,3.97,3.97,8.83,8.61,8.47
847062184764698481532,2025,Perry-Turcotte-Armia,LAK,line,5on5,9,1158.0,101.0,0.37,0.33,0.41,7.87,0.6,0.6,1.86,0.27,4.44,3.23,0.59,0.63,0.62,9.0,2.0,1.0,12.0,2.0,0.0,0.0,1.0,0.0,2.0,6.0,7.0,9.0,3.0,6.0,9.0,1.0,0.0,6.0,8.0,3.0,0.0,0.27,0.34,0.0,1.0,1.0,0.0,12.37,11.0,11.33,4.0,0.12,0.0,0.0,0.73,0.77,0.75,12.26,1.03,0.64,3.0,0.35,5.92,5.07,1.02,1.0,1.0,10.0,6.0,8.0,24.0,2.0,1.0,1.0,0.0,0.0,4.0,9.0,8.0,14.0,2.0,4.0,10.0,11.0,4.0,4.0,11.0,4.0,1.0,0.14,0.47,0.42,1.0,0.0,1.0,23.5,16.0,16.15,2.0,0.13,0.42,0.42,0.74,0.73,0.73
847584284817048482877,2025,Parssinen-Carrick-Chmelar,NYR,line,5on5,2,754.0,7.0,0.41,0.45,0.38,4.14,0.38,0.34,1.28,0.15,2.24,1.6,0.38,0.37,0.37,3.0,3.0,3.0,9.0,0.0,1.0,0.0,1.0,0.0,2.0,2.0,3.0,6.0,1.0,5.0,8.0,7.0,1.0,2.0,4.0,2.0,0.0,0.13,0.26,0.0,0.0,0.0,0.0,8.83,6.0,5.96,0.0,0.07,0.17,0.17,0.29,0.3,0.3,7.64,0.55,0.44,2.1,0.24,3.85,2.82,0.54,0.59,0.58,10.0,0.0,1.0,11.0,1.0,1.0,0.0,2.0,0.0,2.0,4.0,9.0,9.0,1.0,5.0,2.0,8.0,0.0,3.0,9.0,0.0,1.0,0.24,0.0,0.31,1.0,0.0,0.0,11.43,10.0,10.21,1.0,0.09,0.31,0.31,0.33,0.34,0.34
847794084784278480830,2025,Ehlers-Aho-Svechnikov,CAR,line,5on5,3,1451.0,12.0,0.55,0.54,0.57,18.52,2.34,1.27,4.71,0.64,8.78,6.27,2.27,2.25,2.18,17.0,7.0,4.0,28.0,3.0,3.0,0.0,2.0,0.0,8.0,8.0,14.0,21.0,4.0,8.0,13.0,6.0,3.0,5.0,11.0,10.0,3.0,0.45,1.17,0.72,1.0,2.0,0.0,27.1,24.0,23.29,3.0,0.28,0.37,0.37,2.24,2.16,2.12,13.65,1.91,1.13,2.94,0.47,6.78,4.77,1.84,1.93,1.87,14.0,4.0,6.0,24.0,1.0,3.0,0.0,2.0,0.0,3.0,9.0,13.0,17.0,3.0,6.0,17.0,11.0,2.0,7.0,7.0,9.0,2.0,0.24,1.0,0.67,0.0,1.0,0.0,25.02,18.0,18.72,4.0,0.24,0.76,0.76,1.39,1.46,1.45
84808178482911,2025,Miller-Nystrom,CAR,pairing,5on5,17,4521.0,121.0,0.75,0.72,0.71,56.94,5.39,3.68,15.67,2.0,28.02,20.24,4.87,5.43,4.9,45.0,30.0,29.0,104.0,6.0,10.0,2.0,13.0,0.0,26.0,20.0,39.0,69.0,4.0,8.0,37.0,30.0,11.0,27.0,55.0,13.0,7.0,1.63,1.73,2.03,2.0,2.0,2.0,101.85,75.0,73.66,9.0,0.77,2.21,2.21,3.95,3.96,3.88,23.38,1.79,1.3,5.88,0.72,11.87,9.44,1.77,1.85,1.84,22.0,9.0,10.0,41.0,3.0,1.0,0.0,6.0,0.0,6.0,15.0,19.0,28.0,3.0,6.0,44.0,35.0,3.0,33.0,24.0,5.0,2.0,0.74,0.59,0.45,1.0,1.0,1.0,42.48,31.0,31.67,23.0,0.27,0.22,0.22,1.84,1.89,1.89
847740484774168477426,2025,Guentzel-Paul-Bjorkstrand,TBL,line,5on5,9,2068.0,64.0,0.79,0.57,0.59,20.53,2.33,1.47,5.2,0.73,9.83,7.43,2.23,2.33,2.23,15.0,12.0,8.0,35.0,1.0,5.0,1.0,2.0,0.0,11.0,8.0,14.0,26.0,6.0,12.0,25.0,12.0,3.0,6.0,16.0,9.0,2.0,0.59,1.24,0.51,0.0,0.0,1.0,35.5,27.0,27.13,2.0,0.32,1.02,1.02,1.63,1.63,1.61,12.84,0.62,0.75,3.26,0.45,7.9,6.02,0.61,0.64,0.63,17.0,2.0,7.0,26.0,2.0,1.0,0.0,4.0,0.0,6.0,6.0,15.0,17.0,5.0,10.0,19.0,17.0,3.0,13.0,19.0,0.0,0.0,0.62,0.0,0.0,2.0,0.0,0.0,26.02,19.0,19.24,7.0,0.15,0.01,0.01,0.76,0.78,0.77
847842784808308482702,2025,Stankoven-Aho-Svechnikov,CAR,line,5on5,4,1250.0,41.0,0.84,0.8,0.82,20.02,1.57,1.18,5.44,0.79,10.79,8.22,1.55,1.5,1.48,17.0,11.0,9.0,37.0,1.0,2.0,0.0,6.0,0.0,9.0,10.0,16.0,27.0,3.0,6.0,14.0,7.0,6.0,9.0,22.0,5.0,1.0,0.79,0.56,0.22,0.0,1.0,0.0,36.15,28.0,27.21,3.0,0.24,0.27,0.27,1.55,1.48,1.47,4.56,0.3,0.25,1.31,0.16,2.23,1.74,0.3,0.32,0.32,2.0,4.0,3.0,9.0,0.0,0.0,0.0,1.0,0.0,2.0,3.0,2.0,6.0,1.0,2.0,9.0,9.0,2.0,7.0,4.0,2.0,0.0,0.09,0.21,0.0,0.0,0.0,0.0,9.39,6.0,6.19,4.0,0.05,0.0,0.0,0.35,0.38,0.38
84764638478136,2025,Brodin-Middleton,MIN,pairing,5on5,30,2577.0,180.0,0.71,0.42,0.51,18.94,2.07,1.38,4.55,0.62,9.05,7.33,2.06,2.11,2.1,17.0,8.0,10.0,35.0,5.0,2.0,0.0,2.0,0.0,10.0,6.0,12.0,20.0,0.0,0.0,8.0,19.0,2.0,6.0,17.0,4.0,4.0,0.52,0.47,1.08,3.0,1.0,1.0,36.14,25.0,25.8,2.0,0.3,0.24,0.24,2.12,2.19,2.18,16.66,0.84,0.97,4.05,0.58,10.22,7.34,0.83,0.82,0.81,16.0,8.0,24.0,48.0,2.0,0.0,0.0,7.0,0.0,7.0,8.0,14.0,22.0,1.0,2.0,12.0,9.0,1.0,15.0,22.0,2.0,0.0,0.58,0.26,0.0,1.0,1.0,0.0,46.81,24.0,23.34,8.0,0.2,0.0,0.0,1.03,1.01,1.0
847458684779558482665,2025,Mccann-Beniers-Eberle,SEA,line,5on5,12,6326.0,42.0,0.59,0.56,0.57,68.69,5.03,4.75,17.97,2.49,39.94,27.82,4.82,4.94,4.74,55.0,43.0,27.0,125.0,5.0,8.0,1.0,18.0,0.0,27.0,40.0,50.0,93.0,5.0,13.0,54.0,34.0,4.0,34.0,76.0,18.0,4.0,1.98,2.01,1.03,2.0,2.0,1.0,122.43,98.0,96.61,12.0,1.0,1.13,1.13,4.9,4.82,4.73,51.61,3.52,3.59,12.63,1.8,30.32,21.13,3.45,3.58,3.5,43.0,30.0,27.0,100.0,4.0,4.0,0.0,11.0,0.0,23.0,31.0,39.0,69.0,7.0,17.0,66.0,41.0,2.0,37.0,63.0,8.0,2.0,1.97,1.1,0.45,2.0,1.0,1.0,101.75,73.0,74.23,15.0,0.74,0.25,0.25,4.02,4.07,4.0
84815638481605,2025,Lacombe-Helleson,ANA,pairing,5on5,35,16682.0,128.0,0.49,0.5,0.48,137.93,12.06,9.25,33.62,4.64,74.05,54.38,11.7,11.95,11.6,126.0,62.0,77.0,265.0,12.0,15.0,2.0,22.0,0.0,69.0,70.0,114.0,176.0,25.0,55.0,151.0,88.0,24.0,69.0,140.0,36.0,12.0,4.19,4.32,3.55,5.0,3.0,4.0,266.71,188.0,188.36,31.0,1.93,3.03,2.88,11.11,11.04,10.89,151.07,12.77,10.32,38.26,5.02,78.79,56.84,11.89,12.7,11.85,137.0,65.0,64.0,266.0,19.0,19.0,2.0,20.0,2.0,72.0,70.0,118.0,183.0,25.0,53.0,147.0,100.0,28.0,83.0,147.0,44.0,11.0,4.75,5.11,2.91,10.0,8.0,1.0,264.89,202.0,201.28,46.0,2.17,2.93,2.93,12.01,12.01,11.63
84793788480145,2025,Stanley-Pionk,WPG,pairing,5on5,33,12531.0,149.0,0.4,0.45,0.42,94.0,7.74,6.14,23.7,3.23,51.2,37.98,7.58,7.98,7.81,77.0,53.0,61.0,191.0,8.0,8.0,2.0,17.0,0.0,51.0,46.0,69.0,122.0,15.0,30.0,106.0,106.0,9.0,59.0,103.0,19.0,8.0,2.97,2.43,2.34,4.0,1.0,3.0,197.09,130.0,132.91,36.0,1.28,1.64,1.64,7.38,7.58,7.5,127.73,11.65,9.07,33.17,4.55,68.29,49.27,10.98,11.46,10.81,114.0,62.0,62.0,238.0,3.0,26.0,0.0,33.0,0.0,71.0,43.0,111.0,173.0,14.0,28.0,70.0,77.0,11.0,55.0,133.0,27.0,16.0,3.77,3.41,4.47,2.0,1.0,0.0,233.62,176.0,173.65,26.0,1.89,4.58,4.58,8.96,8.82,8.6
847523184842218485702,2025,Ritchie-Cizikas-Shabanov,NYI,line,5on5,4,1195.0,27.0,0.6,0.5,0.5,11.45,0.99,0.64,3.24,0.46,5.65,4.01,0.91,0.98,0.91,9.0,6.0,6.0,21.0,2.0,1.0,0.0,5.0,0.0,4.0,3.0,7.0,13.0,1.0,5.0,10.0,8.0,3.0,4.0,11.0,3.0,1.0,0.31,0.36,0.32,1.0,1.0,0.0,22.15,15.0,15.35,3.0,0.13,0.32,0.32,0.8,0.82,0.79,10.45,0.66,0.71,2.66,0.37,6.29,4.32,0.65,0.65,0.64,11.0,4.0,6.0,21.0,1.0,0.0,0.0,0.0,0.0,8.0,6.0,10.0,14.0,2.0,7.0,9.0,10.0,1.0,7.0,13.0,2.0,0.0,0.45,0.21,0.0,1.0,0.0,0.0,20.14,15.0,14.47,5.0,0.14,0.0,0.0,0.8,0.79,0.77
84768798479421,2025,Moverare-Ceci,LAK,pairing,5on5,7,3879.0,21.0,0.64,0.61,0.59,41.71,3.4,2.78,10.92,1.46,22.33,16.11,3.18,3.3,3.1,35.0,22.0,35.0,92.0,2.0,6.0,0.0,6.0,0.0,27.0,16.0,33.0,55.0,3.0,6.0,25.0,15.0,4.0,14.0,40.0,15.0,2.0,1.11,1.84,0.44,1.0,1.0,0.0,90.54,57.0,55.69,7.0,0.58,0.98,0.98,3.0,2.94,2.87,28.05,1.87,1.94,6.21,0.91,16.05,12.02,1.84,1.85,1.82,23.0,16.0,20.0,59.0,4.0,2.0,0.0,5.0,0.0,11.0,17.0,19.0,35.0,2.0,4.0,28.0,47.0,7.0,12.0,33.0,6.0,0.0,1.09,0.78,0.0,2.0,2.0,0.0,58.98,39.0,38.95,3.0,0.4,0.09,0.09,2.18,2.16,2.14
84799828480807,2025,Samuelsson-Timmins,BUF,pairing,5on5,31,4375.0,212.0,0.4,0.4,0.39,35.93,2.92,2.4,8.89,1.16,19.21,13.42,2.79,2.87,2.74,32.0,16.0,15.0,63.0,2.0,5.0,1.0,10.0,0.0,14.0,17.0,30.0,46.0,10.0,20.0,31.0,27.0,6.0,19.0,34.0,10.0,4.0,0.89,1.08,0.95,0.0,0.0,2.0,61.13,48.0,47.06,11.0,0.5,1.05,0.92,2.51,2.48,2.42,53.72,4.45,3.55,13.42,1.91,28.91,21.76,4.33,4.48,4.37,49.0,25.0,20.0,94.0,6.0,8.0,2.0,5.0,0.0,34.0,21.0,43.0,68.0,7.0,14.0,34.0,27.0,7.0,10.0,55.0,15.0,4.0,1.4,1.85,1.21,2.0,2.0,2.0,95.89,74.0,75.08,5.0,0.74,1.63,1.63,3.56,3.61,3.57
847516684757148477939,2025,Jarnkrok-Tavares-Nylander,TOR,line,5on5,6,894.0,46.0,0.4,0.52,0.52,9.5,0.54,0.58,2.55,0.31,5.05,3.97,0.52,0.52,0.5,11.0,2.0,4.0,17.0,0.0,1.0,0.0,3.0,0.0,4.0,5.0,11.0,13.0,1.0,2.0,15.0,4.0,1.0,5.0,11.0,2.0,0.0,0.24,0.3,0.0,0.0,0.0,0.0,16.46,13.0,12.58,2.0,0.12,0.2,0.2,0.46,0.45,0.45,8.79,0.81,0.53,2.43,0.31,4.63,3.3,0.77,0.87,0.82,8.0,4.0,4.0,16.0,2.0,2.0,0.0,1.0,0.0,4.0,3.0,6.0,10.0,1.0,2.0,6.0,6.0,0.0,3.0,8.0,3.0,1.0,0.19,0.37,0.25,1.0,1.0,0.0,16.82,12.0,12.68,1.0,0.11,0.27,0.27,0.65,0.69,0.68
84754558478399,2025,Siegenthaler-Dillon,NJD,pairing,5on5,28,2108.0,184.0,0.48,0.47,0.47,12.98,0.94,0.77,3.56,0.44,6.71,5.6,0.93,0.92,0.91,11.0,7.0,4.0,22.0,0.0,1.0,0.0,1.0,0.0,5.0,11.0,11.0,18.0,2.0,4.0,6.0,21.0,4.0,7.0,14.0,3.0,1.0,0.38,0.33,0.23,0.0,0.0,0.0,21.7,18.0,17.67,2.0,0.16,0.23,0.23,0.87,0.85,0.85,14.02,1.03,0.8,3.35,0.47,8.14,6.21,1.01,1.03,1.01,13.0,7.0,5.0,25.0,2.0,1.0,1.0,2.0,0.0,7.0,8.0,11.0,18.0,0.0,0.0,9.0,14.0,3.0,8.0,16.0,3.0,1.0,0.48,0.32,0.22,0.0,1.0,1.0,25.54,20.0,20.27,4.0,0.16,0.16,0.16,1.03,1.03,1.03
847886484815578483525,2025,Boldy-Yurov-Kaprizov,MIN,line,5on5,16,639.0,221.0,0.52,0.36,0.39,5.39,0.55,0.43,0.92,0.16,2.82,2.11,0.53,0.55,0.53,6.0,1.0,1.0,8.0,1.0,0.0,0.0,0.0,0.0,4.0,2.0,5.0,6.0,1.0,2.0,1.0,1.0,1.0,2.0,3.0,4.0,0.0,0.12,0.43,0.0,0.0,1.0,0.0,7.97,7.0,6.83,1.0,0.09,0.0,0.0,0.64,0.64,0.62,8.18,0.51,0.52,1.91,0.25,4.54,3.27,0.51,0.49,0.49,7.0,4.0,3.0,14.0,0.0,0.0,0.0,1.0,0.0,3.0,7.0,7.0,11.0,0.0,0.0,1.0,4.0,1.0,1.0,10.0,1.0,0.0,0.34,0.17,0.0,0.0,0.0,0.0,13.32,11.0,10.56,0.0,0.11,0.0,0.0,0.62,0.59,0.59
848044884816418484149,2025,Kiviranta-Kelly-Brindley,COL,line,5on5,7,2025.0,39.0,0.59,0.44,0.44,10.37,0.99,0.77,2.93,0.39,5.3,3.64,0.97,0.99,0.97,11.0,3.0,14.0,28.0,1.0,2.0,0.0,0.0,0.0,8.0,3.0,10.0,13.0,3.0,6.0,16.0,24.0,2.0,9.0,10.0,3.0,1.0,0.36,0.39,0.24,1.0,0.0,0.0,28.58,14.0,14.33,5.0,0.16,0.27,0.27,0.88,0.89,0.88,12.96,0.69,0.76,3.2,0.42,7.21,5.73,0.68,0.68,0.68,7.0,11.0,17.0,35.0,0.0,1.0,0.0,1.0,0.0,11.0,5.0,7.0,18.0,6.0,14.0,17.0,18.0,0.0,11.0,15.0,3.0,0.0,0.3,0.39,0.0,0.0,0.0,0.0,33.2,18.0,17.37,4.0,0.15,0.18,0.18,0.66,0.64,0.64
84808738480990,2025,Sandin-Chisholm,WSH,pairing,5on5,8,2802.0,38.0,0.32,0.5,0.45,23.75,1.64,1.54,6.44,0.79,12.57,9.03,1.59,1.66,1.6,22.0,10.0,18.0,50.0,1.0,3.0,0.0,9.0,0.0,11.0,8.0,21.0,31.0,3.0,6.0,18.0,17.0,2.0,15.0,24.0,7.0,1.0,0.58,0.82,0.24,0.0,1.0,0.0,50.1,32.0,32.29,5.0,0.32,0.39,0.41,1.55,1.55,1.5,29.91,3.5,2.0,7.71,1.06,13.94,10.79,3.25,3.54,3.28,26.0,13.0,11.0,50.0,2.0,7.0,1.0,6.0,0.0,13.0,11.0,24.0,37.0,2.0,4.0,21.0,29.0,5.0,10.0,25.0,7.0,7.0,0.77,0.86,1.88,1.0,1.0,0.0,50.35,39.0,39.49,8.0,0.42,1.6,1.6,2.33,2.32,2.29
847629284794078481559,2025,Bratt-Palat-Hughes,NJD,line,5on5,15,6993.0,50.0,0.56,0.55,0.54,67.98,5.94,4.67,15.93,2.31,38.19,27.96,5.77,6.1,5.9,66.0,29.0,42.0,137.0,8.0,5.0,0.0,10.0,0.0,43.0,29.0,58.0,87.0,7.0,14.0,26.0,35.0,13.0,44.0,69.0,21.0,5.0,2.13,2.65,1.16,7.0,1.0,0.0,138.78,95.0,96.64,13.0,0.96,0.93,0.93,5.98,6.06,6.0,58.07,4.67,3.92,14.81,2.11,31.69,22.8,4.52,4.61,4.46,57.0,23.0,33.0,113.0,7.0,11.0,1.0,14.0,0.0,26.0,22.0,50.0,73.0,6.0,12.0,52.0,41.0,10.0,41.0,59.0,19.0,2.0,1.75,2.42,0.5,2.0,4.0,1.0,110.89,80.0,78.83,27.0,0.82,1.17,1.17,4.33,4.28,4.21
847360484764808482149,2025,Perfetti-Toews-Namestnikov,WPG,line,5on5,15,6392.0,87.0,0.49,0.52,0.5,57.37,4.58,3.94,15.05,2.05,30.78,23.59,4.28,4.8,4.49,48.0,32.0,38.0,118.0,2.0,8.0,0.0,18.0,0.0,29.0,23.0,46.0,78.0,8.0,19.0,65.0,54.0,5.0,39.0,64.0,10.0,6.0,1.59,1.28,1.7,0.0,2.0,0.0,121.22,80.0,82.17,23.0,0.83,1.68,1.68,3.72,3.87,3.8,56.7,4.81,3.9,14.76,2.1,31.28,22.14,4.61,4.66,4.47,45.0,34.0,31.0,110.0,4.0,7.0,0.0,11.0,0.0,27.0,30.0,41.0,75.0,3.0,9.0,44.0,41.0,6.0,24.0,61.0,13.0,5.0,1.9,1.45,1.47,1.0,3.0,0.0,108.69,79.0,77.16,8.0,0.81,1.29,1.29,4.34,4.25,4.17
84811618483485,2025,Mateychuk-Christiansen,CBJ,pairing,5on5,9,1127.0,64.0,0.53,0.47,0.42,8.44,0.7,0.52,1.95,0.27,4.34,3.22,0.69,0.69,0.68,6.0,5.0,4.0,15.0,0.0,0.0,0.0,2.0,0.0,4.0,5.0,6.0,11.0,1.0,2.0,8.0,11.0,1.0,5.0,8.0,2.0,1.0,0.24,0.21,0.25,0.0,0.0,0.0,14.65,11.0,10.76,2.0,0.11,0.0,0.0,0.81,0.8,0.79,10.58,0.63,0.67,2.52,0.35,6.11,4.71,0.62,0.62,0.62,9.0,6.0,2.0,17.0,0.0,1.0,0.0,3.0,0.0,7.0,4.0,9.0,15.0,1.0,2.0,11.0,14.0,1.0,5.0,13.0,2.0,0.0,0.28,0.35,0.0,0.0,0.0,0.0,16.85,15.0,14.68,3.0,0.14,0.18,0.18,0.58,0.59,0.58
847702184770708478831,2025,O'Brien-Stenlund-Kerfoot,UTA,line,5on5,6,2201.0,21.0,0.42,0.44,0.41,9.62,0.72,0.78,2.04,0.35,6.54,4.58,0.71,0.73,0.72,8.0,7.0,16.0,31.0,1.0,0.0,0.0,4.0,0.0,7.0,3.0,7.0,14.0,3.0,8.0,18.0,13.0,0.0,6.0,12.0,3.0,0.0,0.37,0.35,0.0,0.0,1.0,0.0,32.13,15.0,15.55,4.0,0.16,0.0,0.0,0.88,0.89,0.89,15.31,0.98,0.95,3.95,0.56,8.8,6.77,0.97,0.96,0.95,17.0,5.0,18.0,40.0,1.0,1.0,0.0,2.0,0.0,9.0,9.0,16.0,21.0,0.0,0.0,18.0,17.0,4.0,13.0,19.0,3.0,0.0,0.61,0.37,0.0,1.0,0.0,0.0,39.05,22.0,21.7,4.0,0.19,0.01,0.01,1.16,1.14,1.13
84808918481524,2025,Byram-Kesselring,BUF,pairing,5on5,13,4966.0,68.0,0.43,0.37,0.42,33.38,2.22,2.0,8.98,1.07,18.54,13.2,2.2,2.16,2.14,28.0,18.0,13.0,59.0,2.0,1.0,0.0,9.0,0.0,13.0,21.0,26.0,44.0,10.0,26.0,31.0,31.0,7.0,26.0,37.0,7.0,2.0,1.0,0.71,0.51,1.0,1.0,0.0,57.21,46.0,44.69,13.0,0.42,0.03,0.03,2.6,2.54,2.51,47.01,2.98,2.6,11.87,1.52,25.14,19.9,2.93,3.09,3.05,45.0,19.0,37.0,101.0,5.0,2.0,1.0,12.0,0.0,20.0,25.0,40.0,59.0,8.0,22.0,56.0,29.0,5.0,23.0,54.0,8.0,2.0,1.41,0.99,0.58,4.0,0.0,1.0,104.93,64.0,66.36,15.0,0.54,0.58,0.58,2.93,3.02,2.98
84735078475179,2025,Kulikov-Petry,FLA,pairing,5on5,2,991.0,7.0,0.55,0.48,0.45,7.31,0.51,0.48,1.94,0.24,4.05,2.79,0.51,0.49,0.49,7.0,3.0,3.0,13.0,0.0,0.0,0.0,3.0,0.0,3.0,4.0,7.0,10.0,3.0,6.0,14.0,13.0,1.0,7.0,7.0,3.0,0.0,0.12,0.39,0.0,0.0,0.0,0.0,12.67,10.0,9.79,1.0,0.1,0.0,0.0,0.61,0.59,0.59,8.53,0.41,0.45,2.43,0.28,4.67,3.76,0.41,0.43,0.43,9.0,3.0,2.0,14.0,1.0,0.0,0.0,1.0,0.0,2.0,8.0,8.0,11.0,0.0,0.0,6.0,11.0,0.0,4.0,11.0,1.0,0.0,0.28,0.13,0.0,1.0,0.0,0.0,14.28,12.0,12.23,1.0,0.09,0.0,0.0,0.51,0.52,0.52
847742584799448480806,2025,Wood-Lundestrm-Aston-Reese,CBJ,line,5on5,5,1566.0,28.0,0.42,0.42,0.39,12.53,1.02,0.68,3.12,0.39,5.78,5.01,0.95,1.01,0.95,9.0,7.0,8.0,24.0,1.0,2.0,0.0,3.0,0.0,7.0,3.0,8.0,15.0,1.0,2.0,14.0,12.0,3.0,8.0,12.0,2.0,2.0,0.26,0.32,0.44,0.0,0.0,1.0,25.02,16.0,16.18,4.0,0.14,0.42,0.42,0.74,0.75,0.73,17.37,1.42,1.22,4.8,0.63,9.93,7.01,1.31,1.38,1.27,17.0,8.0,8.0,33.0,0.0,1.0,0.0,4.0,0.0,10.0,10.0,17.0,25.0,2.0,6.0,13.0,18.0,0.0,11.0,20.0,3.0,2.0,0.47,0.37,0.58,0.0,0.0,0.0,31.41,25.0,23.85,7.0,0.26,0.27,0.27,1.4,1.36,1.3
84789118480873,2025,Sandin-Roy,WSH,pairing,5on5,33,7550.0,214.0,0.49,0.5,0.48,56.75,4.53,3.59,14.19,1.97,30.0,23.72,4.33,4.55,4.35,54.0,24.0,36.0,114.0,4.0,7.0,0.0,12.0,0.0,29.0,26.0,50.0,74.0,9.0,18.0,51.0,59.0,12.0,35.0,60.0,15.0,3.0,1.78,1.94,0.81,2.0,2.0,0.0,114.16,78.0,78.3,16.0,0.74,1.04,1.04,4.23,4.29,4.21,61.55,4.8,3.95,14.77,2.05,33.92,25.51,4.6,4.75,4.56,57.0,28.0,31.0,116.0,3.0,4.0,1.0,13.0,0.0,35.0,30.0,54.0,82.0,7.0,14.0,48.0,61.0,7.0,32.0,65.0,17.0,3.0,1.89,2.02,0.9,1.0,1.0,1.0,112.9,85.0,83.67,10.0,0.82,1.06,1.09,4.53,4.49,4.38
84779508481569,2025,Warren-Deangelo,NYI,pairing,5on5,4,1249.0,25.0,0.56,0.54,0.52,10.01,0.75,0.64,2.55,0.39,5.24,4.44,0.72,0.78,0.75,6.0,8.0,5.0,19.0,1.0,1.0,0.0,2.0,0.0,5.0,5.0,5.0,13.0,1.0,2.0,6.0,7.0,2.0,5.0,12.0,1.0,1.0,0.41,0.11,0.23,0.0,1.0,0.0,19.29,14.0,14.37,3.0,0.14,0.23,0.23,0.66,0.69,0.67,9.47,0.58,0.62,2.58,0.29,5.2,3.72,0.56,0.54,0.53,8.0,5.0,3.0,16.0,1.0,0.0,0.0,1.0,0.0,6.0,5.0,7.0,12.0,1.0,2.0,12.0,14.0,2.0,6.0,12.0,1.0,0.0,0.44,0.14,0.0,1.0,0.0,0.0,15.2,13.0,12.3,1.0,0.13,0.0,0.0,0.71,0.67,0.64
847643884779648478403,2025,Saad-Eichel-Barbashev,VGK,line,5on5,5,1669.0,21.0,0.77,0.55,0.6,19.56,1.98,1.54,4.77,0.62,10.26,6.83,1.92,1.99,1.92,19.0,7.0,10.0,36.0,3.0,3.0,1.0,3.0,0.0,8.0,9.0,16.0,23.0,1.0,2.0,13.0,7.0,1.0,13.0,17.0,7.0,2.0,0.51,1.03,0.45,1.0,0.0,2.0,36.74,26.0,26.31,4.0,0.32,0.53,0.53,1.78,1.78,1.76,12.47,0.6,0.65,3.39,0.4,6.88,5.08,0.6,0.58,0.58,8.0,9.0,13.0,30.0,0.0,0.0,0.0,3.0,0.0,9.0,5.0,8.0,17.0,2.0,4.0,16.0,6.0,2.0,12.0,15.0,2.0,0.0,0.43,0.18,0.0,0.0,0.0,0.0,29.3,17.0,16.65,5.0,0.14,0.0,0.0,0.74,0.72,0.71
84773468482165,2025,Kuznetsov-Weegar,CGY,pairing,5on5,27,23333.0,49.0,0.51,0.49,0.51,200.68,17.42,13.0,50.15,6.96,103.92,77.56,16.67,17.21,16.48,185.0,84.0,111.0,380.0,12.0,24.0,1.0,38.0,0.0,95.0,100.0,173.0,257.0,31.0,80.0,192.0,178.0,30.0,116.0,202.0,46.0,21.0,5.82,5.88,5.72,5.0,4.0,3.0,379.23,269.0,269.68,65.0,2.72,5.24,5.55,14.59,14.55,14.31,193.28,16.72,13.49,47.12,6.58,101.88,77.21,16.06,16.92,16.25,173.0,90.0,127.0,390.0,18.0,24.0,0.0,39.0,0.0,105.0,77.0,155.0,245.0,28.0,77.0,227.0,143.0,36.0,113.0,185.0,65.0,13.0,5.53,7.96,3.23,8.0,9.0,1.0,388.55,263.0,262.87,45.0,2.82,3.41,3.41,16.14,16.26,15.97
847516984784448484136,2025,Kane-Sasson-Boeser,VAN,line,5on5,4,1329.0,25.0,0.16,0.33,0.26,6.93,0.4,0.43,2.06,0.26,4.02,2.83,0.39,0.37,0.36,5.0,5.0,5.0,15.0,0.0,1.0,0.0,4.0,0.0,2.0,3.0,5.0,10.0,2.0,4.0,9.0,6.0,3.0,9.0,9.0,1.0,0.0,0.23,0.17,0.0,0.0,0.0,0.0,14.15,10.0,9.43,5.0,0.09,0.17,0.17,0.32,0.3,0.29,21.33,2.15,1.45,5.57,0.71,10.55,7.57,2.08,2.28,2.21,20.0,8.0,2.0,30.0,2.0,5.0,0.0,4.0,0.0,14.0,3.0,18.0,26.0,2.0,4.0,15.0,8.0,3.0,2.0,20.0,6.0,2.0,0.77,0.71,0.67,1.0,1.0,0.0,31.84,28.0,29.77,0.0,0.31,0.87,0.87,1.58,1.69,1.63
84800368480878,2025,Heiskanen-Lundkvist,DAL,pairing,5on5,10,640.0,89.0,0.51,0.43,0.56,3.89,0.42,0.3,1.12,0.14,1.69,1.33,0.39,0.42,0.39,3.0,2.0,1.0,6.0,0.0,1.0,0.0,0.0,0.0,1.0,3.0,3.0,5.0,0.0,0.0,2.0,2.0,0.0,4.0,4.0,0.0,1.0,0.18,0.0,0.25,0.0,0.0,0.0,6.37,5.0,5.18,3.0,0.06,0.03,0.28,0.21,0.22,0.22,3.01,0.41,0.15,0.91,0.1,1.48,0.95,0.41,0.38,0.38,3.0,1.0,4.0,8.0,0.0,1.0,0.0,1.0,0.0,0.0,2.0,3.0,4.0,0.0,0.0,4.0,9.0,0.0,2.0,3.0,0.0,1.0,0.05,0.0,0.36,0.0,0.0,0.0,7.91,4.0,3.83,1.0,0.03,0.36,0.36,0.08,0.08,0.08
84754628482178,2025,Moore-Gudas,ANA,pairing,5on5,7,2327.0,36.0,0.37,0.45,0.39,17.64,1.18,1.18,4.22,0.63,10.75,8.04,1.14,1.15,1.12,15.0,11.0,16.0,42.0,3.0,2.0,1.0,5.0,0.0,5.0,11.0,12.0,23.0,3.0,12.0,14.0,19.0,2.0,9.0,23.0,2.0,1.0,0.66,0.2,0.32,2.0,0.0,1.0,41.48,26.0,26.06,7.0,0.24,0.38,0.38,1.04,1.02,1.01,27.75,1.98,1.9,6.19,0.98,16.5,12.45,1.86,2.1,1.96,23.0,17.0,12.0,52.0,2.0,2.0,0.0,3.0,0.0,19.0,14.0,21.0,38.0,4.0,14.0,14.0,24.0,4.0,7.0,32.0,7.0,1.0,0.97,0.76,0.26,1.0,1.0,0.0,53.76,40.0,41.28,4.0,0.38,0.34,0.34,2.03,2.14,2.02
848158084820888484186,2025,Mcmichael-Sourdif-Leonard,WSH,line,5on5,8,645.0,116.0,0.77,0.57,0.67,2.82,0.15,0.21,0.64,0.1,1.77,1.14,0.15,0.14,0.14,4.0,0.0,4.0,8.0,0.0,0.0,0.0,0.0,0.0,1.0,3.0,4.0,4.0,1.0,2.0,2.0,5.0,0.0,2.0,3.0,1.0,0.0,0.07,0.08,0.0,0.0,0.0,0.0,7.53,4.0,3.76,0.0,0.04,0.0,0.0,0.19,0.18,0.18,1.48,0.04,0.07,0.37,0.04,0.91,0.57,0.04,0.04,0.04,2.0,0.0,4.0,6.0,0.0,0.0,0.0,1.0,0.0,1.0,0.0,2.0,2.0,0.0,0.0,5.0,3.0,2.0,5.0,2.0,0.0,0.0,0.04,0.0,0.0,0.0,0.0,0.0,6.05,2.0,1.93,2.0,0.01,0.0,0.0,0.06,0.06,0.06
847698184800748480813,2025,Texier-Veleno-Anderson,MTL,line,5on5,5,681.0,50.0,0.37,0.55,0.53,6.97,0.5,0.44,1.8,0.19,3.26,2.81,0.5,0.51,0.51,7.0,2.0,3.0,12.0,0.0,0.0,0.0,2.0,0.0,3.0,4.0,7.0,9.0,2.0,4.0,7.0,5.0,1.0,8.0,6.0,3.0,0.0,0.15,0.35,0.0,0.0,0.0,0.0,12.13,9.0,9.13,4.0,0.09,0.0,0.0,0.59,0.61,0.6,5.96,0.86,0.4,1.5,0.2,2.83,2.2,0.75,0.83,0.73,6.0,2.0,2.0,10.0,0.0,2.0,0.0,3.0,0.0,2.0,1.0,6.0,8.0,0.0,0.0,5.0,5.0,2.0,3.0,5.0,1.0,2.0,0.12,0.12,0.62,0.0,0.0,0.0,10.03,8.0,7.98,2.0,0.08,0.62,0.62,0.32,0.32,0.31
847576584785088481477,2025,Trenin-Sturm-Tarasenko,MIN,line,5on5,6,1250.0,64.0,0.64,0.48,0.57,11.21,1.04,0.8,3.15,0.43,6.16,4.43,1.03,1.1,1.09,12.0,4.0,6.0,22.0,1.0,2.0,0.0,3.0,0.0,4.0,6.0,11.0,15.0,0.0,0.0,16.0,15.0,0.0,3.0,11.0,4.0,1.0,0.32,0.43,0.29,0.0,1.0,0.0,23.09,16.0,16.65,2.0,0.17,0.3,0.3,0.91,0.96,0.95,8.29,0.59,0.54,1.93,0.27,5.03,3.65,0.59,0.57,0.57,9.0,3.0,12.0,24.0,1.0,0.0,0.0,2.0,0.0,7.0,2.0,8.0,11.0,0.0,0.0,12.0,11.0,2.0,4.0,11.0,0.0,1.0,0.38,0.0,0.21,1.0,0.0,0.0,23.4,12.0,11.72,1.0,0.11,0.0,0.0,0.7,0.68,0.68
847804684785698480980,2025,Heinen-Dewar-Acciari,PIT,line,5on5,4,1947.0,13.0,0.48,0.52,0.6,17.51,0.98,1.13,4.68,0.6,9.77,6.84,0.95,0.93,0.91,14.0,10.0,5.0,29.0,1.0,2.0,0.0,3.0,0.0,12.0,6.0,13.0,23.0,4.0,8.0,17.0,16.0,4.0,9.0,20.0,3.0,1.0,0.41,0.36,0.21,1.0,0.0,0.0,26.9,24.0,22.77,2.0,0.23,0.32,0.32,0.89,0.84,0.84,11.66,1.08,0.72,2.36,0.36,6.3,5.19,1.05,1.12,1.09,12.0,4.0,11.0,27.0,1.0,1.0,0.0,3.0,0.0,6.0,5.0,11.0,15.0,1.0,2.0,12.0,17.0,2.0,9.0,12.0,2.0,2.0,0.37,0.23,0.48,0.0,1.0,0.0,29.44,16.0,17.02,3.0,0.15,0.21,0.21,1.02,1.06,1.03
847795184788318479343,2025,Stenlund-Schmaltz-Keller,UTA,line,5on5,15,756.0,177.0,0.23,0.43,0.53,6.72,0.26,0.31,1.81,0.21,3.47,2.94,0.26,0.29,0.29,7.0,2.0,1.0,10.0,1.0,0.0,0.0,1.0,0.0,3.0,4.0,6.0,8.0,1.0,2.0,13.0,1.0,1.0,3.0,9.0,0.0,0.0,0.26,0.0,0.0,1.0,0.0,0.0,10.85,9.0,9.67,2.0,0.06,0.0,0.0,0.33,0.36,0.35,6.32,0.88,0.42,1.4,0.19,2.88,2.23,0.85,0.86,0.83,6.0,2.0,5.0,13.0,2.0,1.0,0.0,0.0,0.0,2.0,3.0,4.0,6.0,1.0,2.0,3.0,8.0,2.0,1.0,3.0,4.0,1.0,0.08,0.56,0.25,0.0,2.0,0.0,12.64,8.0,7.9,0.0,0.09,0.25,0.25,0.72,0.71,0.7
847931684793938480003,2025,Gregor-Kunin-Boqvist,FLA,line,5on5,3,709.0,22.0,0.42,0.5,0.54,4.8,0.38,0.39,1.28,0.23,2.79,1.94,0.37,0.37,0.36,5.0,2.0,1.0,8.0,0.0,2.0,0.0,1.0,0.0,3.0,1.0,5.0,7.0,2.0,4.0,9.0,11.0,1.0,2.0,5.0,2.0,0.0,0.19,0.19,0.0,0.0,0.0,0.0,7.93,7.0,7.0,2.0,0.08,0.11,0.11,0.35,0.34,0.33,4.5,0.52,0.31,1.09,0.15,2.3,1.63,0.5,0.53,0.51,6.0,0.0,2.0,8.0,0.0,1.0,0.0,1.0,0.0,1.0,3.0,6.0,6.0,1.0,2.0,2.0,9.0,1.0,1.0,4.0,1.0,1.0,0.09,0.09,0.34,0.0,0.0,0.0,8.27,6.0,6.18,1.0,0.07,0.34,0.34,0.24,0.26,0.26
84763318477938,2025,Fleury-Demelo,WPG,pairing,5on5,11,613.0,91.0,0.65,0.43,0.46,4.41,0.75,0.41,1.08,0.16,2.06,1.53,0.66,0.76,0.67,4.0,2.0,0.0,6.0,0.0,2.0,0.0,2.0,0.0,1.0,1.0,4.0,6.0,0.0,0.0,2.0,0.0,0.0,4.0,3.0,1.0,2.0,0.12,0.15,0.48,0.0,0.0,0.0,6.42,6.0,6.08,1.0,0.09,0.48,0.48,0.36,0.35,0.34,5.55,0.41,0.38,1.36,0.15,2.71,1.99,0.41,0.42,0.42,6.0,1.0,1.0,8.0,0.0,0.0,0.0,1.0,0.0,2.0,4.0,6.0,7.0,3.0,6.0,3.0,2.0,2.0,7.0,6.0,0.0,1.0,0.18,0.0,0.23,0.0,0.0,0.0,8.57,7.0,7.34,2.0,0.08,0.0,0.0,0.49,0.51,0.51
847398684764588478366,2025,Killorn-Strome-Vatrano,ANA,line,5on5,12,4228.0,62.0,0.64,0.56,0.57,45.49,3.97,2.88,11.04,1.57,24.22,18.31,3.86,3.87,3.76,39.0,23.0,22.0,84.0,3.0,5.0,0.0,12.0,0.0,22.0,20.0,36.0,59.0,6.0,15.0,35.0,23.0,6.0,15.0,46.0,12.0,4.0,1.4,1.39,1.19,0.0,3.0,0.0,83.06,62.0,61.14,8.0,0.6,1.1,1.1,3.47,3.39,3.35,33.85,2.25,2.12,8.73,1.13,18.15,13.63,2.2,2.31,2.26,25.0,21.0,21.0,67.0,2.0,2.0,0.0,5.0,0.0,22.0,15.0,23.0,44.0,5.0,13.0,42.0,31.0,2.0,21.0,39.0,6.0,1.0,1.29,0.71,0.25,1.0,1.0,0.0,69.0,46.0,47.04,16.0,0.44,0.36,0.36,2.32,2.4,2.36
847687284789048481582,2025,Robertson-Laughton-Lorentz,TOR,line,5on5,9,1761.0,68.0,0.43,0.31,0.36,11.46,0.79,0.57,3.17,0.34,5.8,4.32,0.79,0.87,0.87,9.0,6.0,4.0,19.0,3.0,0.0,0.0,5.0,0.0,5.0,2.0,6.0,12.0,3.0,6.0,22.0,12.0,3.0,6.0,12.0,2.0,1.0,0.19,0.29,0.31,0.0,2.0,1.0,20.24,15.0,16.02,3.0,0.12,0.0,0.0,0.91,0.99,0.99,18.94,1.04,1.2,4.88,0.69,11.18,8.02,1.03,0.97,0.95,15.0,12.0,15.0,42.0,0.0,0.0,0.0,1.0,0.0,11.0,15.0,15.0,27.0,2.0,4.0,10.0,13.0,2.0,7.0,23.0,4.0,0.0,0.63,0.41,0.0,0.0,0.0,0.0,38.25,27.0,25.04,2.0,0.25,0.0,0.0,1.29,1.2,1.18
84751818475906,2025,Leddy-Klingberg,SJS,pairing,5on5,7,1948.0,42.0,0.19,0.3,0.27,11.47,0.67,0.69,3.33,0.4,5.91,4.01,0.67,0.67,0.67,10.0,5.0,6.0,21.0,1.0,0.0,0.0,1.0,0.0,5.0,8.0,9.0,14.0,2.0,4.0,17.0,10.0,2.0,15.0,13.0,1.0,1.0,0.28,0.18,0.21,0.0,0.0,1.0,20.98,15.0,15.19,11.0,0.14,0.0,0.0,0.81,0.81,0.81,28.96,2.77,2.08,7.09,1.09,15.45,11.52,2.54,2.78,2.55,27.0,13.0,9.0,49.0,5.0,5.0,0.0,5.0,0.0,13.0,12.0,22.0,35.0,2.0,4.0,18.0,11.0,1.0,13.0,28.0,10.0,2.0,0.79,1.46,0.52,3.0,2.0,0.0,48.12,40.0,39.16,6.0,0.42,1.08,1.08,2.12,2.13,2.1
847796484784038482125,2025,Barbashev-Eichel-Holtz,VGK,line,5on5,2,1034.0,5.0,0.67,0.54,0.52,13.15,1.85,0.85,3.46,0.4,5.13,4.32,1.65,1.92,1.71,11.0,5.0,5.0,21.0,2.0,3.0,0.0,0.0,0.0,9.0,2.0,9.0,14.0,1.0,2.0,14.0,9.0,0.0,4.0,7.0,7.0,2.0,0.24,0.95,0.66,0.0,2.0,0.0,21.16,16.0,16.43,2.0,0.18,0.86,0.86,1.17,1.21,1.18,11.27,0.9,0.69,2.66,0.36,5.91,4.48,0.88,0.91,0.89,7.0,8.0,3.0,18.0,2.0,1.0,0.0,2.0,0.0,5.0,5.0,5.0,13.0,3.0,6.0,14.0,4.0,3.0,5.0,13.0,1.0,1.0,0.52,0.11,0.27,2.0,0.0,0.0,18.84,15.0,15.72,4.0,0.14,0.03,0.03,1.02,1.03,1.01
84763128479398,2025,Girard-Manson,COL,pairing,5on5,21,1828.0,139.0,0.6,0.69,0.66,21.72,1.18,1.21,5.33,0.72,12.7,9.86,1.16,1.21,1.19,22.0,9.0,11.0,42.0,1.0,0.0,0.0,8.0,0.0,11.0,11.0,21.0,30.0,0.0,0.0,10.0,11.0,1.0,4.0,27.0,4.0,0.0,0.68,0.5,0.0,0.0,1.0,0.0,45.09,31.0,32.34,1.0,0.25,0.0,0.0,1.43,1.46,1.44,11.89,0.77,0.75,2.85,0.36,6.26,5.0,0.77,0.75,0.75,9.0,7.0,3.0,19.0,1.0,0.0,0.0,5.0,0.0,4.0,6.0,8.0,15.0,1.0,2.0,7.0,14.0,1.0,12.0,13.0,3.0,0.0,0.26,0.52,0.0,0.0,1.0,0.0,18.06,16.0,15.26,6.0,0.15,0.0,0.0,0.93,0.9,0.9
84745748479425,2025,Hronek-Myers,VAN,pairing,5on5,21,1044.0,197.0,0.49,0.42,0.42,5.84,0.43,0.34,1.37,0.18,3.29,2.39,0.43,0.43,0.43,5.0,3.0,3.0,11.0,1.0,1.0,1.0,1.0,0.0,3.0,2.0,4.0,7.0,2.0,7.0,3.0,4.0,1.0,0.0,6.0,2.0,0.0,0.15,0.28,0.0,0.0,1.0,0.0,10.79,8.0,7.88,0.0,0.07,0.19,0.19,0.31,0.31,0.31,7.57,0.45,0.53,2.13,0.29,4.47,3.14,0.44,0.46,0.45,8.0,3.0,4.0,15.0,0.0,1.0,0.0,1.0,0.0,4.0,5.0,8.0,11.0,1.0,5.0,6.0,4.0,3.0,3.0,11.0,0.0,0.0,0.45,0.0,0.0,0.0,0.0,0.0,15.29,11.0,11.21,0.0,0.11,0.05,0.05,0.51,0.52,0.51
847574584764328479671,2025,Jenner-Coyle-Olivier,CBJ,line,5on5,9,3057.0,67.0,0.73,0.53,0.58,33.76,3.26,2.46,8.84,1.22,16.57,12.65,3.11,3.2,3.05,29.0,16.0,19.0,64.0,1.0,6.0,0.0,4.0,0.0,20.0,14.0,28.0,44.0,3.0,6.0,27.0,31.0,4.0,15.0,34.0,4.0,7.0,0.95,0.56,1.75,1.0,0.0,0.0,64.79,45.0,45.69,9.0,0.52,1.19,1.19,2.59,2.58,2.53,22.46,1.18,1.39,5.82,0.75,13.72,10.14,1.15,1.18,1.16,22.0,11.0,24.0,57.0,1.0,0.0,0.0,7.0,0.0,15.0,10.0,21.0,32.0,4.0,8.0,31.0,8.0,4.0,13.0,28.0,5.0,0.0,0.67,0.5,0.0,1.0,0.0,0.0,56.01,33.0,32.46,6.0,0.28,0.0,0.0,1.45,1.46,1.43
847647984821558483808,2025,Kuzmenko-Danault-Laferriere,LAK,line,5on5,6,952.0,69.0,0.64,0.65,0.68,9.39,0.45,0.62,2.72,0.31,5.34,3.56,0.43,0.43,0.42,7.0,6.0,4.0,17.0,0.0,1.0,0.0,2.0,0.0,9.0,1.0,7.0,13.0,2.0,7.0,5.0,4.0,1.0,4.0,11.0,2.0,0.0,0.25,0.2,0.0,0.0,0.0,0.0,16.49,13.0,12.72,3.0,0.13,0.1,0.1,0.48,0.46,0.45,4.54,0.25,0.31,0.88,0.16,2.28,2.11,0.25,0.27,0.26,3.0,3.0,3.0,9.0,0.0,0.0,0.0,1.0,0.0,2.0,3.0,3.0,6.0,3.0,9.0,3.0,8.0,1.0,3.0,5.0,1.0,0.0,0.17,0.09,0.0,0.0,0.0,0.0,9.17,6.0,6.12,1.0,0.06,0.0,0.0,0.32,0.33,0.32
84793958482684,2025,Hughes-Cholowski,NJD,pairing,5on5,11,815.0,77.0,0.32,0.38,0.46,8.09,0.41,0.51,1.78,0.23,4.46,3.6,0.41,0.41,0.41,9.0,2.0,2.0,13.0,1.0,0.0,0.0,0.0,0.0,6.0,4.0,8.0,10.0,0.0,0.0,3.0,4.0,0.0,1.0,11.0,0.0,0.0,0.41,0.0,0.0,1.0,0.0,0.0,12.83,11.0,10.84,1.0,0.1,0.0,0.0,0.51,0.51,0.51,9.73,0.87,0.64,2.2,0.28,5.17,3.83,0.82,0.89,0.84,10.0,3.0,8.0,21.0,2.0,1.0,1.0,2.0,0.0,4.0,4.0,8.0,11.0,0.0,0.0,4.0,5.0,1.0,1.0,9.0,3.0,1.0,0.21,0.46,0.2,1.0,1.0,0.0,21.25,13.0,13.14,0.0,0.13,0.18,0.18,0.82,0.83,0.77
84812198482511,2025,Aspirot-Lohrei,BOS,pairing,5on5,10,2161.0,57.0,0.5,0.48,0.45,18.04,1.48,1.16,4.86,0.56,9.1,6.84,1.44,1.52,1.48,15.0,9.0,7.0,31.0,3.0,2.0,0.0,5.0,0.0,5.0,9.0,12.0,21.0,2.0,4.0,15.0,21.0,1.0,17.0,19.0,4.0,1.0,0.65,0.53,0.31,1.0,2.0,0.0,32.4,24.0,24.77,9.0,0.24,0.33,0.33,1.39,1.46,1.45,20.81,1.5,1.39,5.3,0.69,11.36,8.75,1.46,1.58,1.54,14.0,15.0,5.0,34.0,1.0,1.0,0.0,6.0,0.0,10.0,11.0,13.0,28.0,1.0,2.0,14.0,26.0,4.0,15.0,23.0,5.0,1.0,0.66,0.62,0.22,0.0,1.0,0.0,35.54,29.0,29.81,6.0,0.29,0.16,0.16,1.63,1.69,1.66
847639384781738483676,2025,Cousins-Halliday-Hodgson,OTT,line,5on5,5,765.0,26.0,0.46,0.41,0.39,6.47,0.68,0.39,1.72,0.21,3.47,2.52,0.67,0.72,0.7,8.0,1.0,2.0,11.0,0.0,1.0,0.0,1.0,0.0,5.0,2.0,8.0,9.0,2.0,4.0,4.0,17.0,0.0,4.0,7.0,1.0,1.0,0.13,0.19,0.36,0.0,0.0,0.0,11.83,9.0,9.55,2.0,0.08,0.36,0.36,0.4,0.4,0.38,9.96,0.82,0.74,2.45,0.33,5.75,3.92,0.8,0.76,0.74,7.0,7.0,2.0,16.0,0.0,1.0,0.0,2.0,0.0,8.0,3.0,7.0,14.0,1.0,2.0,8.0,9.0,1.0,3.0,11.0,2.0,1.0,0.29,0.29,0.24,0.0,0.0,0.0,15.14,14.0,13.21,2.0,0.15,0.19,0.19,0.78,0.73,0.72
847937084821468482768,2025,Jost-Svechkov-Evangelista,NSH,line,5on5,13,1859.0,145.0,0.46,0.66,0.67,20.66,1.26,1.22,5.74,0.72,11.08,7.98,1.23,1.28,1.25,22.0,6.0,13.0,41.0,1.0,1.0,1.0,3.0,0.0,11.0,12.0,21.0,27.0,1.0,2.0,10.0,3.0,4.0,5.0,25.0,3.0,0.0,0.83,0.42,0.0,0.0,1.0,0.0,40.65,28.0,27.79,3.0,0.25,0.16,0.16,1.34,1.36,1.34,10.83,1.48,0.83,2.5,0.39,5.25,3.55,1.36,1.41,1.3,11.0,3.0,7.0,21.0,1.0,3.0,1.0,3.0,0.0,3.0,4.0,10.0,13.0,3.0,6.0,15.0,12.0,2.0,5.0,8.0,4.0,2.0,0.31,0.64,0.53,0.0,0.0,1.0,20.83,14.0,13.73,3.0,0.17,0.73,0.73,0.93,0.91,0.9
847121484784408481656,2025,Ovechkin-Strome-Protas,WSH,line,5on5,23,2440.0,267.0,0.35,0.43,0.41,17.95,1.47,1.18,4.59,0.57,9.31,6.89,1.44,1.51,1.48,12.0,12.0,16.0,40.0,3.0,1.0,1.0,0.0,0.0,9.0,11.0,9.0,21.0,3.0,6.0,23.0,14.0,5.0,14.0,20.0,2.0,2.0,0.57,0.29,0.61,1.0,0.0,2.0,39.6,24.0,23.81,7.0,0.24,0.28,0.28,1.44,1.45,1.42,26.61,2.73,1.76,6.34,0.88,13.11,10.17,2.65,2.8,2.71,25.0,10.0,19.0,54.0,3.0,3.0,1.0,3.0,0.0,10.0,16.0,22.0,32.0,3.0,6.0,23.0,12.0,5.0,10.0,22.0,11.0,2.0,0.88,1.33,0.53,1.0,1.0,1.0,54.92,35.0,35.32,5.0,0.37,0.46,0.46,2.65,2.73,2.7
847576584784938481557,2025,Boldy-Eriksson Ek-Tarasenko,MIN,line,5on5,10,3058.0,77.0,0.6,0.54,0.57,29.97,2.62,1.97,8.85,1.13,16.24,11.19,2.36,2.55,2.29,27.0,15.0,15.0,57.0,1.0,7.0,0.0,7.0,0.0,16.0,11.0,26.0,41.0,0.0,0.0,39.0,27.0,7.0,14.0,35.0,3.0,4.0,0.88,0.39,1.35,1.0,0.0,0.0,55.0,42.0,40.85,7.0,0.41,1.57,1.57,1.46,1.4,1.35,22.91,1.78,1.58,5.88,0.8,12.61,9.36,1.71,1.88,1.8,18.0,14.0,17.0,49.0,2.0,4.0,1.0,3.0,0.0,9.0,14.0,16.0,30.0,3.0,6.0,34.0,24.0,3.0,8.0,25.0,5.0,2.0,0.61,0.7,0.47,0.0,2.0,0.0,49.91,32.0,32.59,3.0,0.33,0.57,0.57,1.54,1.62,1.59
84763318477504,2025,Morrissey-Demelo,WPG,pairing,5on5,40,32687.0,59.0,0.51,0.51,0.52,260.67,21.94,18.26,65.49,8.92,141.84,103.55,21.12,22.04,21.22,234.0,126.0,120.0,480.0,29.0,27.0,4.0,61.0,1.0,115.0,127.0,205.0,331.0,39.0,81.0,285.0,176.0,39.0,140.0,276.0,67.0,17.0,8.36,8.5,5.09,16.0,8.0,5.0,479.29,360.0,360.71,67.0,3.83,4.62,4.62,21.15,21.26,20.85,244.05,20.77,16.18,60.15,7.99,130.24,96.67,20.17,20.71,20.11,212.0,120.0,136.0,468.0,21.0,21.0,4.0,45.0,1.0,122.0,122.0,191.0,311.0,31.0,65.0,302.0,193.0,53.0,135.0,245.0,67.0,20.0,6.98,8.39,5.4,3.0,13.0,5.0,467.43,332.0,330.49,69.0,3.37,4.41,4.41,19.73,19.64,19.35
847398684757988478366,2025,Killorn-Granlund-Vatrano,ANA,line,5on5,4,1084.0,30.0,0.62,0.61,0.68,15.22,0.71,0.96,4.05,0.49,8.72,6.07,0.7,0.73,0.73,18.0,3.0,4.0,25.0,1.0,1.0,0.0,5.0,0.0,8.0,6.0,17.0,20.0,1.0,2.0,9.0,8.0,1.0,4.0,19.0,2.0,0.0,0.36,0.36,0.0,0.0,1.0,0.0,25.01,21.0,21.08,2.0,0.2,0.01,0.01,0.9,0.92,0.91,7.4,0.43,0.43,2.17,0.25,3.92,2.79,0.42,0.42,0.41,7.0,3.0,6.0,16.0,2.0,0.0,0.0,1.0,0.0,3.0,4.0,5.0,8.0,2.0,4.0,13.0,11.0,1.0,10.0,9.0,1.0,0.0,0.26,0.17,0.0,2.0,0.0,0.0,15.96,10.0,10.13,5.0,0.09,0.0,0.0,0.52,0.51,0.5
847645384780108482201,2025,Goncalves-Point-Kucherov,TBL,line,5on5,9,3248.0,48.0,0.56,0.51,0.49,27.8,2.45,1.82,6.7,0.93,14.92,11.2,2.36,2.53,2.44,24.0,14.0,13.0,51.0,7.0,2.0,0.0,5.0,0.0,14.0,10.0,17.0,31.0,5.0,10.0,26.0,9.0,0.0,21.0,26.0,11.0,1.0,0.79,1.37,0.28,3.0,4.0,0.0,53.27,38.0,39.51,7.0,0.38,0.41,0.41,2.42,2.52,2.46,28.02,1.91,1.76,7.61,1.0,15.18,11.55,1.87,1.93,1.89,24.0,15.0,11.0,50.0,2.0,4.0,0.0,8.0,0.0,9.0,16.0,22.0,37.0,3.0,6.0,25.0,23.0,9.0,15.0,33.0,6.0,0.0,1.17,0.74,0.0,1.0,1.0,0.0,48.67,39.0,38.32,9.0,0.36,0.31,0.31,1.96,1.98,1.96
847522084757658478493,2025,Foligno-Eriksson Ek-Tarasenko,MIN,line,5on5,3,1061.0,29.0,0.4,0.59,0.67,8.98,0.23,0.44,2.77,0.32,4.65,3.6,0.22,0.22,0.21,9.0,3.0,8.0,20.0,0.0,1.0,0.0,1.0,0.0,6.0,4.0,9.0,12.0,1.0,2.0,8.0,5.0,2.0,2.0,11.0,1.0,0.0,0.14,0.09,0.0,0.0,0.0,0.0,21.42,12.0,12.2,1.0,0.09,0.03,0.03,0.29,0.28,0.28,3.87,0.34,0.33,0.93,0.17,2.52,1.72,0.34,0.33,0.33,4.0,2.0,8.0,14.0,0.0,0.0,0.0,1.0,0.0,3.0,2.0,4.0,6.0,2.0,4.0,15.0,9.0,1.0,6.0,4.0,2.0,0.0,0.08,0.26,0.0,0.0,0.0,0.0,13.72,6.0,5.65,3.0,0.07,0.0,0.0,0.4,0.39,0.39
847456484751588478047,2025,Bunting-Stamkos-O'Reilly,NSH,line,5on5,11,758.0,154.0,0.33,0.63,0.61,11.7,0.66,0.72,2.95,0.43,7.06,5.19,0.64,0.64,0.62,5.0,12.0,5.0,22.0,1.0,0.0,0.0,2.0,0.0,10.0,4.0,4.0,16.0,1.0,2.0,9.0,1.0,2.0,2.0,14.0,3.0,0.0,0.34,0.32,0.0,0.0,1.0,0.0,20.5,17.0,16.39,0.0,0.15,0.0,0.0,0.81,0.79,0.76,8.69,1.35,0.57,1.89,0.25,4.11,2.82,1.27,1.36,1.28,7.0,4.0,2.0,13.0,2.0,1.0,0.0,0.0,0.0,3.0,5.0,5.0,9.0,3.0,6.0,5.0,2.0,0.0,5.0,7.0,1.0,3.0,0.27,0.2,0.89,1.0,0.0,1.0,13.79,11.0,11.44,4.0,0.12,0.39,0.39,1.08,1.08,1.08
84793248482858,2025,Lindgren-Evans,SEA,pairing,5on5,15,1047.0,121.0,0.14,0.17,0.12,2.5,0.24,0.18,0.74,0.06,1.06,0.72,0.24,0.23,0.23,0.0,3.0,3.0,6.0,0.0,0.0,0.0,1.0,0.0,1.0,1.0,0.0,3.0,0.0,0.0,3.0,2.0,1.0,4.0,2.0,1.0,0.0,0.08,0.15,0.0,0.0,0.0,0.0,5.81,3.0,2.9,3.0,0.04,0.0,0.0,0.28,0.27,0.27,16.09,1.48,1.3,4.19,0.62,9.01,6.41,1.39,1.43,1.34,15.0,8.0,7.0,30.0,0.0,4.0,0.0,8.0,0.0,5.0,6.0,15.0,23.0,1.0,2.0,4.0,7.0,1.0,2.0,18.0,3.0,2.0,0.4,0.44,0.63,0.0,0.0,0.0,29.42,23.0,22.48,1.0,0.27,0.81,0.81,0.94,0.93,0.9
84808658483686,2025,Engstrom-Dobson,MTL,pairing,5on5,6,972.0,47.0,0.27,0.52,0.52,9.95,0.52,0.59,2.53,0.32,5.89,4.16,0.52,0.55,0.54,6.0,8.0,3.0,17.0,1.0,0.0,0.0,1.0,1.0,3.0,8.0,5.0,13.0,1.0,2.0,7.0,5.0,0.0,6.0,14.0,0.0,0.0,0.52,0.0,0.0,1.0,0.0,0.0,17.48,14.0,14.58,4.0,0.12,0.0,0.0,0.64,0.67,0.67,9.88,1.4,0.78,2.54,0.37,4.55,3.38,1.28,1.33,1.23,9.0,4.0,3.0,16.0,0.0,3.0,0.0,1.0,0.0,1.0,8.0,9.0,13.0,0.0,0.0,10.0,5.0,3.0,5.0,7.0,3.0,3.0,0.18,0.28,0.93,0.0,0.0,0.0,15.44,13.0,12.68,1.0,0.17,0.7,0.7,0.86,0.82,0.81
847360484746798481043,2025,Koepke-Toews-Nyquist,WPG,line,5on5,4,1279.0,18.0,0.45,0.61,0.59,13.1,0.69,0.82,3.83,0.42,6.53,4.71,0.67,0.7,0.68,14.0,3.0,5.0,22.0,0.0,2.0,0.0,2.0,0.0,4.0,9.0,14.0,17.0,1.0,2.0,16.0,8.0,0.0,4.0,13.0,4.0,0.0,0.3,0.39,0.0,0.0,0.0,0.0,22.58,17.0,17.15,3.0,0.17,0.22,0.22,0.64,0.65,0.64,9.38,0.84,0.64,2.47,0.29,4.5,3.26,0.82,0.82,0.81,8.0,4.0,2.0,14.0,0.0,1.0,0.0,3.0,0.0,2.0,6.0,8.0,12.0,0.0,0.0,6.0,8.0,2.0,3.0,10.0,1.0,1.0,0.39,0.17,0.27,0.0,0.0,0.0,13.51,12.0,11.88,2.0,0.14,0.17,0.17,0.8,0.79,0.79
847646184779898484387,2025,Couturier-Dvorak-Michkov,PHI,line,5on5,3,771.0,23.0,0.59,0.55,0.52,8.57,0.82,0.61,2.2,0.34,4.61,3.41,0.78,0.85,0.81,9.0,3.0,4.0,16.0,0.0,2.0,0.0,2.0,0.0,5.0,3.0,9.0,12.0,2.0,4.0,8.0,3.0,1.0,7.0,7.0,5.0,0.0,0.17,0.64,0.0,0.0,0.0,0.0,16.13,12.0,12.17,3.0,0.13,0.19,0.19,0.75,0.79,0.77,8.36,0.56,0.46,1.95,0.25,4.17,3.61,0.56,0.55,0.55,5.0,6.0,2.0,13.0,0.0,0.0,0.0,2.0,0.0,4.0,5.0,5.0,11.0,0.0,0.0,7.0,6.0,0.0,3.0,9.0,2.0,0.0,0.3,0.26,0.0,0.0,0.0,0.0,13.0,11.0,11.02,1.0,0.09,0.0,0.0,0.65,0.64,0.64
847698184781338484403,2025,Xhekaj-Evans-Anderson,MTL,line,5on5,3,1252.0,7.0,0.42,0.43,0.48,6.9,0.39,0.41,1.73,0.23,4.22,3.01,0.39,0.41,0.4,8.0,2.0,3.0,13.0,1.0,0.0,0.0,3.0,0.0,4.0,2.0,7.0,9.0,4.0,11.0,9.0,12.0,3.0,4.0,9.0,1.0,0.0,0.3,0.1,0.0,1.0,0.0,0.0,14.16,10.0,10.39,2.0,0.08,0.0,0.0,0.48,0.49,0.49,8.34,0.54,0.52,2.06,0.27,4.32,3.29,0.53,0.56,0.56,6.0,5.0,6.0,17.0,1.0,1.0,1.0,1.0,0.0,4.0,4.0,5.0,10.0,3.0,9.0,14.0,9.0,1.0,9.0,9.0,2.0,0.0,0.33,0.21,0.0,0.0,1.0,0.0,16.78,11.0,11.29,4.0,0.11,0.12,0.12,0.53,0.54,0.54
84785008481161,2025,Provorov-Christiansen,CBJ,pairing,5on5,14,653.0,130.0,0.77,0.53,0.53,6.45,0.92,0.3,1.58,0.24,2.35,2.62,0.87,0.87,0.83,6.0,2.0,2.0,10.0,0.0,2.0,0.0,0.0,0.0,2.0,4.0,6.0,8.0,0.0,0.0,2.0,3.0,0.0,4.0,6.0,0.0,2.0,0.17,0.0,0.75,0.0,0.0,0.0,9.83,8.0,7.75,1.0,0.07,0.75,0.75,0.23,0.23,0.21,5.12,0.28,0.26,1.48,0.18,2.73,2.07,0.28,0.29,0.28,3.0,4.0,2.0,9.0,0.0,0.0,0.0,1.0,0.0,3.0,3.0,3.0,7.0,0.0,0.0,2.0,3.0,0.0,2.0,6.0,1.0,0.0,0.17,0.11,0.0,0.0,0.0,0.0,9.01,7.0,7.04,2.0,0.05,0.0,0.0,0.33,0.34,0.34
848102484833958484136,2025,Bains-Sasson-Karlsson,VAN,line,5on5,19,5781.0,101.0,0.49,0.55,0.53,48.67,4.3,3.41,12.31,1.71,25.72,18.56,4.11,4.29,4.1,38.0,28.0,30.0,96.0,2.0,8.0,1.0,5.0,0.0,27.0,24.0,36.0,64.0,6.0,12.0,23.0,41.0,9.0,26.0,47.0,16.0,3.0,1.34,2.24,0.72,0.0,2.0,0.0,96.32,66.0,66.36,13.0,0.72,1.37,1.37,3.65,3.67,3.62,43.43,4.48,2.9,11.17,1.47,21.92,16.07,4.32,4.45,4.29,42.0,16.0,20.0,78.0,3.0,11.0,1.0,11.0,0.0,16.0,17.0,39.0,55.0,7.0,17.0,48.0,47.0,8.0,17.0,39.0,13.0,6.0,1.14,1.74,1.6,0.0,2.0,1.0,76.58,58.0,57.26,5.0,0.61,1.69,1.69,3.4,3.36,3.33
847783984793908483690,2025,Sheary-Laba-Raddysh,NYR,line,5on5,10,3020.0,63.0,0.36,0.49,0.49,24.27,1.52,1.34,5.93,0.75,13.33,10.13,1.52,1.53,1.53,20.0,13.0,14.0,47.0,0.0,0.0,0.0,3.0,0.0,14.0,16.0,20.0,33.0,0.0,0.0,22.0,22.0,6.0,12.0,27.0,5.0,1.0,0.65,0.58,0.29,0.0,0.0,0.0,47.91,33.0,33.9,6.0,0.27,0.0,0.0,1.79,1.81,1.81,26.9,2.69,1.72,6.42,0.84,13.38,9.96,2.6,2.83,2.74,20.0,15.0,14.0,49.0,3.0,3.0,0.0,2.0,0.0,15.0,12.0,17.0,32.0,1.0,2.0,18.0,24.0,4.0,14.0,24.0,7.0,4.0,0.59,1.03,1.07,1.0,2.0,0.0,51.34,35.0,36.82,5.0,0.36,0.63,0.63,2.42,2.51,2.5
847399484793518484829,2025,Benn-Steel-Hryckowian,DAL,line,5on5,5,1198.0,36.0,0.75,0.49,0.52,10.19,1.1,0.76,2.3,0.31,5.06,3.47,1.06,1.11,1.08,11.0,2.0,4.0,17.0,1.0,1.0,0.0,3.0,0.0,3.0,5.0,10.0,12.0,1.0,2.0,7.0,2.0,2.0,5.0,7.0,4.0,2.0,0.17,0.45,0.49,0.0,0.0,1.0,17.21,13.0,13.26,1.0,0.16,0.28,0.28,0.98,0.99,0.99,8.78,0.36,0.43,2.17,0.28,4.82,3.93,0.36,0.35,0.35,6.0,6.0,6.0,18.0,1.0,1.0,0.0,3.0,0.0,3.0,4.0,5.0,11.0,0.0,0.0,8.0,11.0,2.0,8.0,10.0,2.0,0.0,0.19,0.17,0.0,1.0,0.0,0.0,17.51,12.0,11.67,3.0,0.09,0.03,0.03,0.42,0.41,0.41
848345084841858484197,2025,Lardis-Greene-Moore,CHI,line,5on5,5,2465.0,15.0,0.4,0.47,0.45,17.74,1.33,1.1,4.44,0.56,10.03,7.54,1.28,1.26,1.21,13.0,12.0,10.0,35.0,1.0,1.0,0.0,5.0,0.0,10.0,8.0,12.0,24.0,2.0,4.0,20.0,19.0,1.0,12.0,20.0,4.0,1.0,0.59,0.41,0.33,1.0,0.0,0.0,32.81,25.0,23.98,6.0,0.22,0.33,0.33,1.23,1.18,1.14,21.83,1.99,1.6,5.07,0.74,11.7,8.89,1.93,2.09,2.02,21.0,9.0,9.0,39.0,2.0,1.0,1.0,2.0,0.0,11.0,14.0,19.0,28.0,3.0,6.0,15.0,18.0,2.0,8.0,23.0,5.0,2.0,0.76,0.72,0.52,1.0,0.0,1.0,41.14,30.0,31.45,4.0,0.33,0.32,0.32,2.01,2.07,2.05
847795584835248484800,2025,Mccann-Catton-Wright,SEA,line,5on5,5,2546.0,17.0,0.51,0.53,0.52,20.82,1.67,1.35,5.99,0.7,11.5,7.79,1.6,1.65,1.58,19.0,10.0,14.0,43.0,1.0,3.0,1.0,7.0,0.0,12.0,6.0,18.0,28.0,3.0,6.0,21.0,7.0,4.0,17.0,21.0,7.0,1.0,0.54,0.85,0.28,1.0,0.0,0.0,44.9,29.0,29.4,4.0,0.28,0.43,0.43,1.52,1.53,1.49,19.22,1.63,1.2,4.92,0.67,10.54,8.03,1.6,1.66,1.64,17.0,10.0,11.0,38.0,1.0,3.0,0.0,4.0,0.0,11.0,8.0,16.0,26.0,1.0,4.0,26.0,22.0,2.0,12.0,22.0,3.0,2.0,0.64,0.31,0.68,1.0,0.0,0.0,37.34,27.0,26.75,5.0,0.25,0.8,0.8,1.08,1.1,1.09
84754558482684,2025,Hughes-Dillon,NJD,pairing,5on5,33,15026.0,150.0,0.46,0.5,0.48,121.47,9.41,7.45,31.64,3.99,62.82,47.69,9.01,9.5,9.09,106.0,57.0,79.0,242.0,5.0,17.0,0.0,28.0,0.0,52.0,61.0,101.0,158.0,10.0,26.0,135.0,89.0,23.0,74.0,129.0,24.0,10.0,3.62,3.06,2.73,4.0,1.0,0.0,242.12,163.0,163.12,36.0,1.55,3.36,3.36,7.59,7.62,7.48,127.09,10.97,8.72,31.43,4.25,68.75,49.87,10.41,10.9,10.35,115.0,59.0,69.0,243.0,13.0,13.0,1.0,30.0,0.0,61.0,57.0,102.0,161.0,12.0,30.0,112.0,79.0,21.0,76.0,130.0,32.0,12.0,3.87,3.94,3.16,8.0,4.0,1.0,244.75,174.0,173.87,34.0,1.83,2.46,2.46,10.35,10.32,10.1
847740484785198482201,2025,Goncalves-Cirelli-Guentzel,TBL,line,5on5,7,1445.0,86.0,0.43,0.31,0.33,7.9,0.89,0.69,1.44,0.21,4.01,2.76,0.84,0.97,0.92,8.0,2.0,2.0,12.0,4.0,1.0,0.0,1.0,0.0,2.0,2.0,4.0,6.0,1.0,2.0,15.0,6.0,5.0,9.0,6.0,3.0,1.0,0.24,0.41,0.24,2.0,2.0,0.0,13.14,10.0,10.98,3.0,0.15,0.14,0.14,0.89,0.97,0.92,14.39,1.2,0.96,4.49,0.55,7.67,5.13,1.1,1.11,1.02,12.0,8.0,7.0,27.0,2.0,3.0,0.0,1.0,0.0,6.0,8.0,10.0,18.0,0.0,0.0,16.0,12.0,3.0,5.0,16.0,3.0,1.0,0.52,0.41,0.27,2.0,0.0,0.0,25.32,20.0,18.92,2.0,0.2,0.51,0.51,0.89,0.83,0.81
84793788483510,2025,Stanley-Salomonsson,WPG,pairing,5on5,3,1351.0,18.0,0.31,0.33,0.33,7.6,0.82,0.47,1.89,0.27,3.47,3.09,0.79,0.86,0.83,8.0,2.0,2.0,12.0,1.0,1.0,0.0,2.0,0.0,2.0,4.0,7.0,9.0,1.0,2.0,5.0,11.0,1.0,6.0,6.0,2.0,2.0,0.12,0.23,0.47,1.0,0.0,0.0,12.55,10.0,10.39,4.0,0.1,0.24,0.24,0.68,0.71,0.7,14.91,1.82,1.03,3.87,0.51,7.4,5.38,1.73,1.77,1.68,12.0,8.0,4.0,24.0,0.0,3.0,0.0,3.0,0.0,9.0,5.0,12.0,20.0,3.0,4.0,8.0,14.0,2.0,4.0,12.0,5.0,3.0,0.35,0.64,0.83,0.0,0.0,0.0,23.22,20.0,19.35,2.0,0.22,0.83,0.83,1.21,1.18,1.17
84799838482166,2025,Ferraro-Mukhamadullin,SJS,pairing,5on5,20,10313.0,85.0,0.39,0.44,0.45,78.96,5.81,5.31,20.17,2.7,44.36,31.65,5.56,5.92,5.66,75.0,35.0,37.0,147.0,3.0,11.0,0.0,21.0,0.0,39.0,36.0,72.0,107.0,8.0,16.0,84.0,61.0,13.0,56.0,89.0,16.0,5.0,2.24,2.12,1.45,2.0,1.0,0.0,146.95,110.0,110.53,27.0,1.1,1.46,1.46,5.44,5.53,5.45,96.05,9.01,6.55,23.28,3.42,53.22,38.51,8.46,8.97,8.42,92.0,42.0,54.0,188.0,11.0,13.0,2.0,19.0,0.0,59.0,32.0,81.0,123.0,9.0,18.0,83.0,53.0,16.0,45.0,99.0,26.0,9.0,2.8,3.12,3.09,4.0,5.0,2.0,188.04,134.0,133.05,20.0,1.36,3.24,3.24,7.13,7.11,6.99
848045984810138484164,2025,Suter-Dvorsky-Berggren,STL,line,5on5,2,830.0,6.0,0.95,0.81,0.79,14.48,1.61,1.12,3.35,0.52,7.41,4.99,1.27,1.54,1.22,14.0,5.0,3.0,22.0,1.0,3.0,0.0,1.0,0.0,11.0,3.0,13.0,18.0,0.0,0.0,2.0,1.0,0.0,3.0,14.0,2.0,3.0,0.48,0.26,0.87,1.0,0.0,0.0,21.73,19.0,18.86,1.0,0.23,0.76,0.76,1.07,1.03,0.89,3.76,0.08,0.13,1.15,0.13,1.76,1.75,0.08,0.09,0.09,3.0,2.0,0.0,5.0,0.0,0.0,0.0,3.0,0.0,0.0,2.0,3.0,5.0,1.0,2.0,6.0,9.0,1.0,4.0,5.0,0.0,0.0,0.08,0.0,0.0,0.0,0.0,0.0,5.16,5.0,5.15,3.0,0.03,0.0,0.0,0.11,0.12,0.12
847579184807628482785,2025,Hall-Robidas-Robinson,CAR,line,5on5,2,705.0,8.0,0.5,0.63,0.62,5.76,0.21,0.29,1.95,0.2,3.12,2.24,0.21,0.2,0.2,7.0,1.0,4.0,12.0,1.0,0.0,0.0,3.0,0.0,4.0,0.0,6.0,7.0,0.0,0.0,9.0,4.0,1.0,1.0,8.0,0.0,0.0,0.21,0.0,0.0,1.0,0.0,0.0,12.14,8.0,7.92,0.0,0.06,0.0,0.0,0.27,0.26,0.26,3.72,0.22,0.2,0.78,0.11,2.06,1.64,0.22,0.22,0.22,2.0,3.0,2.0,7.0,0.0,0.0,0.0,0.0,0.0,1.0,4.0,2.0,5.0,1.0,2.0,8.0,7.0,1.0,6.0,4.0,1.0,0.0,0.1,0.12,0.0,0.0,0.0,0.0,6.93,5.0,4.87,4.0,0.04,0.0,0.0,0.26,0.26,0.26
84754558476462,2025,Dillon-Hamilton,NJD,pairing,5on5,25,1258.0,227.0,0.76,0.65,0.63,19.85,2.23,1.34,4.73,0.69,9.38,7.63,2.07,2.18,2.03,14.0,12.0,9.0,35.0,1.0,4.0,0.0,5.0,1.0,11.0,4.0,13.0,25.0,1.0,2.0,6.0,9.0,2.0,7.0,16.0,7.0,3.0,0.44,0.9,0.89,0.0,1.0,0.0,34.32,26.0,25.44,1.0,0.28,1.08,1.08,1.42,1.4,1.36,10.9,0.71,0.71,2.53,0.35,6.17,4.53,0.7,0.72,0.71,5.0,10.0,4.0,19.0,0.0,1.0,0.0,3.0,0.0,6.0,5.0,5.0,15.0,0.0,0.0,4.0,10.0,4.0,7.0,13.0,2.0,0.0,0.53,0.18,0.0,0.0,0.0,0.0,19.17,15.0,15.15,3.0,0.15,0.07,0.07,0.79,0.8,0.79
84778108479402,2025,Bean-Hanley,CGY,pairing,5on5,10,2465.0,71.0,0.56,0.52,0.56,23.05,2.22,1.71,5.38,0.74,12.18,8.77,2.12,2.24,2.14,19.0,12.0,10.0,41.0,1.0,2.0,0.0,4.0,0.0,13.0,11.0,18.0,30.0,2.0,4.0,10.0,18.0,3.0,15.0,24.0,3.0,4.0,0.77,0.37,1.07,0.0,1.0,0.0,41.44,31.0,31.66,5.0,0.36,0.57,0.57,2.01,2.03,2.0,17.63,1.71,1.09,4.36,0.58,9.54,6.72,1.61,1.7,1.6,16.0,8.0,14.0,38.0,1.0,0.0,0.0,4.0,0.0,11.0,8.0,15.0,23.0,2.0,4.0,15.0,23.0,4.0,14.0,18.0,4.0,2.0,0.51,0.45,0.75,1.0,0.0,0.0,37.19,24.0,23.38,4.0,0.23,0.0,0.0,1.94,1.93,1.81
84784608478500,2025,Provorov-Werenski,CBJ,pairing,5on5,34,19629.0,136.0,0.48,0.49,0.47,173.89,14.19,11.17,45.88,5.76,90.02,67.98,13.38,14.3,13.5,148.0,87.0,96.0,331.0,18.0,23.0,2.0,32.0,0.0,91.0,71.0,130.0,217.0,26.0,57.0,181.0,91.0,31.0,100.0,182.0,38.0,15.0,5.47,4.61,4.1,9.0,8.0,1.0,333.32,235.0,236.26,52.0,2.34,3.89,3.67,12.87,12.99,12.69,192.66,15.38,12.38,48.84,6.51,104.19,75.7,14.82,15.19,14.65,168.0,95.0,80.0,343.0,16.0,20.0,0.0,43.0,1.0,105.0,78.0,152.0,247.0,16.0,35.0,195.0,119.0,22.0,83.0,210.0,37.0,16.0,6.62,4.64,4.12,14.0,1.0,1.0,340.9,263.0,260.63,42.0,2.59,3.77,3.77,14.2,14.07,13.79
848101384841648484230,2025,Stenberg-Dvorsky-Berggren,STL,line,5on5,4,1181.0,34.0,0.73,0.43,0.5,7.7,0.75,0.35,1.73,0.24,3.64,3.29,0.71,0.73,0.69,7.0,3.0,2.0,12.0,2.0,1.0,0.0,0.0,0.0,3.0,4.0,5.0,8.0,1.0,2.0,9.0,10.0,2.0,10.0,7.0,2.0,1.0,0.15,0.28,0.32,1.0,1.0,0.0,11.61,10.0,9.85,4.0,0.07,0.32,0.32,0.5,0.49,0.48,7.52,0.28,0.35,2.11,0.26,3.85,3.15,0.28,0.29,0.29,6.0,4.0,6.0,16.0,0.0,0.0,0.0,3.0,0.0,2.0,5.0,6.0,10.0,1.0,2.0,11.0,9.0,1.0,8.0,9.0,1.0,0.0,0.19,0.09,0.0,0.0,0.0,0.0,16.04,10.0,10.1,4.0,0.07,0.0,0.0,0.35,0.36,0.36
847456484751588482146,2025,O'Reilly-Stamkos-Evangelista,NSH,line,5on5,19,4405.0,166.0,0.67,0.57,0.55,43.43,4.27,3.32,10.54,1.45,22.77,16.64,3.91,4.34,3.97,32.0,27.0,19.0,78.0,5.0,8.0,1.0,5.0,1.0,16.0,24.0,27.0,54.0,8.0,18.0,48.0,12.0,10.0,17.0,41.0,14.0,4.0,1.25,1.85,1.17,1.0,3.0,1.0,78.1,59.0,59.37,10.0,0.7,1.57,1.57,3.4,3.46,3.33,34.83,2.07,2.06,9.31,1.09,19.54,13.93,2.04,2.11,2.08,31.0,17.0,11.0,59.0,3.0,2.0,1.0,10.0,0.0,18.0,15.0,28.0,45.0,1.0,2.0,36.0,25.0,5.0,27.0,40.0,7.0,1.0,0.96,0.9,0.22,1.0,1.0,1.0,60.07,48.0,48.33,10.0,0.43,0.26,0.26,2.24,2.26,2.24
847515184774078478445,2025,Duclair-Barzal-Palmieri,NYI,line,5on5,7,4779.0,11.0,0.4,0.45,0.45,36.41,2.43,2.37,8.86,1.22,20.82,15.3,2.39,2.44,2.4,30.0,21.0,19.0,70.0,3.0,4.0,1.0,10.0,0.0,11.0,23.0,27.0,48.0,6.0,12.0,18.0,15.0,4.0,22.0,39.0,10.0,2.0,1.04,0.96,0.42,1.0,1.0,1.0,70.6,51.0,51.36,8.0,0.48,0.51,0.51,2.4,2.4,2.38,45.97,3.69,3.48,10.84,1.49,25.77,17.73,3.48,3.67,3.47,45.0,18.0,24.0,87.0,0.0,4.0,0.0,5.0,0.0,27.0,27.0,45.0,63.0,4.0,10.0,48.0,18.0,3.0,23.0,46.0,16.0,1.0,1.56,1.92,0.21,0.0,0.0,0.0,85.1,63.0,62.19,4.0,0.71,0.64,0.64,3.76,3.76,3.68
847937084821038482768,2025,Jost-Svechkov-Wiesblatt,NSH,line,5on5,6,850.0,80.0,0.44,0.5,0.5,8.18,0.59,0.49,1.98,0.25,4.38,3.32,0.56,0.54,0.52,9.0,2.0,3.0,14.0,1.0,1.0,1.0,3.0,0.0,3.0,3.0,8.0,10.0,0.0,0.0,5.0,8.0,2.0,5.0,9.0,1.0,1.0,0.19,0.14,0.26,0.0,0.0,1.0,12.43,11.0,9.88,5.0,0.1,0.26,0.26,0.44,0.39,0.39,8.02,0.76,0.54,1.95,0.28,4.28,3.19,0.75,0.84,0.84,8.0,3.0,3.0,14.0,1.0,1.0,1.0,3.0,0.0,4.0,2.0,7.0,10.0,0.0,0.0,7.0,11.0,1.0,2.0,7.0,4.0,0.0,0.15,0.6,0.0,0.0,1.0,0.0,15.97,11.0,12.33,1.0,0.12,0.15,0.15,0.72,0.8,0.8
847742584808068482475,2025,Wood-Lundestrm-Chinakhov,CBJ,line,5on5,7,2446.0,44.0,0.57,0.55,0.54,21.19,1.41,1.3,5.37,0.74,11.59,8.59,1.39,1.41,1.39,16.0,13.0,15.0,44.0,2.0,1.0,0.0,8.0,0.0,9.0,9.0,14.0,27.0,3.0,6.0,22.0,16.0,1.0,13.0,24.0,4.0,1.0,0.65,0.53,0.23,0.0,2.0,0.0,45.49,29.0,29.48,6.0,0.27,0.03,0.03,1.65,1.65,1.63,17.36,1.05,1.08,4.35,0.57,10.7,7.25,1.04,1.04,1.04,17.0,8.0,11.0,36.0,1.0,0.0,0.0,5.0,0.0,8.0,11.0,16.0,24.0,0.0,0.0,14.0,23.0,3.0,10.0,21.0,4.0,0.0,0.6,0.44,0.0,1.0,0.0,0.0,35.33,25.0,24.92,7.0,0.22,0.0,0.0,1.26,1.26,1.25
847517084793858484230,2025,Stenberg-Schenn-Kyrou,STL,line,5on5,2,810.0,5.0,0.67,0.41,0.44,8.94,1.09,0.66,2.04,0.29,4.62,3.29,1.04,1.09,1.03,7.0,5.0,2.0,14.0,1.0,2.0,0.0,2.0,0.0,2.0,5.0,6.0,11.0,1.0,2.0,7.0,5.0,1.0,5.0,7.0,4.0,1.0,0.3,0.5,0.3,1.0,0.0,0.0,14.14,12.0,12.26,5.0,0.14,0.47,0.47,0.76,0.75,0.74,11.2,0.54,0.66,2.98,0.38,6.08,4.35,0.53,0.56,0.55,10.0,5.0,5.0,20.0,1.0,1.0,0.0,1.0,0.0,9.0,3.0,9.0,14.0,0.0,0.0,7.0,3.0,0.0,2.0,13.0,1.0,1.0,0.25,0.08,0.2,0.0,1.0,0.0,19.72,15.0,14.79,1.0,0.13,0.02,0.02,0.66,0.68,0.66
84821668484806,2025,Mukhamadullin-Dickinson,SJS,pairing,5on5,9,1542.0,67.0,0.53,0.41,0.44,13.13,1.41,1.01,3.75,0.49,6.13,4.21,1.29,1.43,1.31,14.0,3.0,4.0,21.0,3.0,3.0,1.0,1.0,0.0,6.0,4.0,11.0,14.0,0.0,0.0,13.0,11.0,1.0,5.0,11.0,4.0,2.0,0.43,0.39,0.58,3.0,0.0,0.0,22.18,17.0,17.59,2.0,0.22,0.44,0.44,1.18,1.19,1.16,15.67,1.27,1.21,3.87,0.55,8.92,6.18,1.21,1.27,1.2,17.0,5.0,8.0,30.0,1.0,1.0,0.0,2.0,0.0,12.0,6.0,16.0,21.0,0.0,0.0,14.0,15.0,3.0,5.0,17.0,4.0,1.0,0.5,0.51,0.25,0.0,1.0,0.0,28.38,22.0,21.16,4.0,0.25,0.25,0.25,1.27,1.26,1.24
847646984815328482408,2025,Malott-Turcotte-Armia,LAK,line,5on5,11,1328.0,104.0,0.71,0.57,0.62,9.31,0.65,0.62,2.39,0.31,5.24,3.81,0.64,0.66,0.66,8.0,5.0,7.0,20.0,1.0,1.0,0.0,1.0,0.0,7.0,3.0,7.0,12.0,3.0,9.0,11.0,16.0,2.0,4.0,11.0,2.0,0.0,0.37,0.28,0.0,0.0,1.0,0.0,19.57,13.0,13.16,2.0,0.13,0.04,0.04,0.74,0.75,0.75,5.38,0.26,0.33,1.43,0.17,3.35,2.46,0.26,0.26,0.26,8.0,0.0,7.0,15.0,1.0,0.0,0.0,1.0,0.0,3.0,3.0,7.0,7.0,1.0,5.0,8.0,16.0,0.0,4.0,8.0,0.0,0.0,0.26,0.0,0.0,1.0,0.0,0.0,14.84,8.0,8.16,1.0,0.07,0.0,0.0,0.33,0.33,0.33
847952584804488480835,2025,Colton-Kelly-Drury,COL,line,5on5,16,1019.0,159.0,0.62,0.62,0.67,15.73,1.15,0.88,4.19,0.6,8.66,6.51,1.11,1.2,1.16,14.0,8.0,4.0,26.0,3.0,2.0,0.0,5.0,0.0,7.0,5.0,11.0,19.0,4.0,8.0,9.0,15.0,3.0,5.0,19.0,2.0,1.0,0.66,0.28,0.21,1.0,1.0,1.0,27.25,22.0,22.63,4.0,0.18,0.06,0.06,1.28,1.33,1.28,8.24,0.7,0.57,2.06,0.25,4.23,3.19,0.66,0.71,0.67,8.0,3.0,5.0,16.0,0.0,1.0,0.0,1.0,0.0,7.0,2.0,8.0,11.0,2.0,4.0,12.0,2.0,0.0,7.0,9.0,1.0,1.0,0.22,0.09,0.39,0.0,0.0,0.0,16.11,11.0,11.26,6.0,0.12,0.39,0.39,0.42,0.44,0.43
848001884815408483515,2025,Slafkovsk-Suzuki-Caufield,MTL,line,5on5,36,16776.0,145.0,0.61,0.57,0.61,162.57,13.49,10.75,40.08,5.6,88.83,66.24,12.86,13.6,12.94,139.0,86.0,72.0,297.0,11.0,21.0,1.0,43.0,0.0,74.0,76.0,128.0,214.0,16.0,32.0,139.0,86.0,18.0,69.0,171.0,42.0,12.0,5.37,5.03,3.1,6.0,5.0,0.0,297.78,225.0,226.2,27.0,2.22,3.78,3.78,11.93,11.93,11.66,108.01,8.57,6.67,26.14,3.57,57.54,43.49,8.36,8.79,8.57,97.0,49.0,75.0,221.0,7.0,5.0,0.0,29.0,0.0,53.0,52.0,90.0,139.0,14.0,28.0,147.0,107.0,27.0,70.0,110.0,28.0,8.0,3.15,3.31,2.1,3.0,3.0,1.0,225.93,146.0,148.49,34.0,1.39,1.09,1.09,8.87,9.09,8.94
84800018482073,2025,Vaakanainen-Schneider,NYR,pairing,5on5,15,9497.0,49.0,0.47,0.49,0.48,71.06,5.3,4.52,17.9,2.31,39.73,28.24,5.17,5.39,5.25,60.0,38.0,43.0,141.0,6.0,7.0,0.0,14.0,0.0,43.0,28.0,54.0,92.0,9.0,24.0,49.0,85.0,16.0,41.0,73.0,21.0,4.0,1.82,2.44,1.04,1.0,5.0,0.0,142.51,98.0,98.89,15.0,0.93,0.95,0.95,5.28,5.37,5.32,78.52,5.98,4.81,20.4,2.64,42.78,31.38,5.67,5.88,5.57,72.0,36.0,38.0,146.0,6.0,9.0,0.0,15.0,0.0,35.0,43.0,66.0,102.0,10.0,26.0,49.0,70.0,11.0,52.0,88.0,13.0,7.0,2.5,1.58,1.91,4.0,1.0,1.0,143.74,108.0,106.6,27.0,1.0,1.81,1.81,5.16,5.07,4.93
84763128480069,2025,Makar-Manson,COL,pairing,5on5,33,1895.0,294.0,0.65,0.53,0.56,19.53,1.43,1.27,4.32,0.65,10.54,8.78,1.43,1.49,1.48,16.0,11.0,4.0,31.0,1.0,1.0,0.0,2.0,0.0,11.0,12.0,15.0,26.0,0.0,0.0,2.0,13.0,6.0,7.0,22.0,5.0,0.0,0.76,0.67,0.0,0.0,1.0,0.0,32.37,27.0,28.04,3.0,0.26,0.16,0.16,1.53,1.57,1.57,15.06,0.76,0.91,3.82,0.48,8.82,6.22,0.75,0.72,0.71,14.0,7.0,7.0,28.0,0.0,0.0,0.0,2.0,0.0,8.0,11.0,14.0,21.0,2.0,4.0,2.0,12.0,1.0,10.0,18.0,3.0,0.0,0.4,0.36,0.0,0.0,0.0,0.0,27.38,21.0,20.58,2.0,0.18,0.0,0.0,0.93,0.89,0.88
847842784807628480830,2025,Robinson-Aho-Svechnikov,CAR,line,5on5,13,1483.0,121.0,0.59,0.6,0.53,16.83,1.67,1.16,4.01,0.62,9.61,6.94,1.63,1.63,1.59,18.0,6.0,13.0,37.0,1.0,2.0,0.0,5.0,0.0,9.0,7.0,17.0,23.0,1.0,2.0,8.0,15.0,1.0,9.0,20.0,3.0,1.0,0.78,0.5,0.39,0.0,1.0,0.0,35.38,24.0,23.17,5.0,0.24,0.59,0.59,1.32,1.28,1.27,15.59,1.14,0.99,4.14,0.48,8.08,6.16,1.13,1.16,1.15,14.0,7.0,4.0,25.0,1.0,1.0,0.0,4.0,0.0,10.0,5.0,13.0,20.0,1.0,2.0,20.0,8.0,0.0,8.0,16.0,4.0,1.0,0.43,0.48,0.23,0.0,1.0,0.0,26.58,21.0,21.59,7.0,0.21,0.13,0.13,1.22,1.24,1.23
847750384815828482259,2025,Robertson-Domi-Mcmann,TOR,line,5on5,9,3237.0,39.0,0.56,0.49,0.51,27.43,1.66,1.72,6.6,0.83,15.07,11.12,1.64,1.62,1.6,23.0,14.0,13.0,50.0,2.0,1.0,0.0,8.0,0.0,12.0,14.0,21.0,35.0,4.0,8.0,27.0,35.0,3.0,19.0,30.0,7.0,0.0,0.88,0.78,0.0,0.0,2.0,0.0,49.17,37.0,36.52,13.0,0.35,0.04,0.04,1.97,1.91,1.9,23.44,1.3,1.51,6.34,0.86,14.1,10.88,1.29,1.36,1.35,19.0,16.0,17.0,52.0,3.0,1.0,0.0,5.0,0.0,16.0,10.0,16.0,32.0,3.0,6.0,29.0,12.0,8.0,13.0,29.0,6.0,0.0,0.66,0.64,0.0,2.0,1.0,0.0,53.54,35.0,35.95,6.0,0.31,0.19,0.19,1.43,1.5,1.49
84799808481056,2025,Hague-Stastney,NSH,pairing,5on5,17,1150.0,123.0,0.68,0.64,0.63,10.98,1.16,0.83,2.46,0.36,5.95,4.24,1.11,1.11,1.06,10.0,5.0,6.0,21.0,0.0,3.0,0.0,2.0,0.0,6.0,4.0,10.0,15.0,0.0,0.0,7.0,6.0,1.0,5.0,12.0,1.0,2.0,0.46,0.1,0.6,0.0,0.0,0.0,20.23,15.0,14.53,2.0,0.17,0.64,0.64,0.69,0.67,0.65,6.49,0.54,0.45,1.53,0.19,3.55,2.73,0.54,0.57,0.57,5.0,4.0,3.0,12.0,1.0,0.0,0.0,0.0,0.0,2.0,6.0,4.0,8.0,0.0,0.0,6.0,8.0,0.0,1.0,7.0,1.0,1.0,0.2,0.09,0.24,0.0,1.0,0.0,12.66,9.0,9.53,0.0,0.09,0.0,0.0,0.63,0.67,0.67
84826418483460,2025,Kiersted-Jiricek,MIN,pairing,5on5,3,980.0,16.0,0.2,0.3,0.36,3.91,0.17,0.24,0.83,0.11,2.09,1.56,0.17,0.16,0.16,4.0,1.0,1.0,6.0,0.0,0.0,0.0,2.0,0.0,1.0,2.0,4.0,5.0,1.0,2.0,8.0,9.0,0.0,3.0,5.0,0.0,0.0,0.17,0.0,0.0,0.0,0.0,0.0,6.04,5.0,5.06,2.0,0.05,0.0,0.0,0.22,0.21,0.21,6.48,0.68,0.44,1.24,0.2,3.38,3.06,0.67,0.69,0.68,6.0,3.0,5.0,14.0,0.0,1.0,0.0,0.0,0.0,2.0,6.0,6.0,9.0,2.0,4.0,8.0,9.0,0.0,1.0,7.0,1.0,1.0,0.26,0.17,0.26,0.0,0.0,0.0,13.75,9.0,8.85,0.0,0.09,0.26,0.26,0.51,0.52,0.52
847844084816568484186,2025,Protas-Strome-Leonard,WSH,line,5on5,5,946.0,47.0,0.53,0.55,0.6,10.87,0.88,0.61,2.74,0.36,6.0,4.41,0.87,0.88,0.86,7.0,8.0,6.0,21.0,1.0,1.0,0.0,0.0,0.0,4.0,9.0,6.0,14.0,1.0,4.0,7.0,3.0,0.0,1.0,12.0,2.0,1.0,0.4,0.26,0.23,1.0,0.0,0.0,20.93,15.0,15.03,1.0,0.13,0.23,0.23,0.78,0.78,0.77,7.7,0.78,0.54,1.53,0.21,3.96,2.97,0.78,0.79,0.79,6.0,4.0,7.0,17.0,0.0,0.0,0.0,2.0,0.0,4.0,4.0,6.0,10.0,1.0,2.0,6.0,5.0,2.0,2.0,6.0,4.0,0.0,0.18,0.6,0.0,0.0,0.0,0.0,17.06,10.0,9.92,0.0,0.11,0.0,0.0,0.89,0.9,0.9
847689784804598482077,2025,Holloway-Suter-Sundqvist,STL,line,5on5,4,1153.0,31.0,0.52,0.32,0.33,7.52,0.79,0.43,2.09,0.24,3.65,2.8,0.75,0.81,0.77,9.0,1.0,2.0,12.0,2.0,1.0,0.0,1.0,0.0,5.0,1.0,7.0,8.0,1.0,2.0,7.0,3.0,0.0,2.0,8.0,1.0,1.0,0.24,0.14,0.41,2.0,0.0,0.0,11.91,10.0,9.96,1.0,0.09,0.41,0.41,0.47,0.48,0.46,13.95,0.73,0.78,3.34,0.46,8.12,6.57,0.68,0.73,0.68,11.0,9.0,5.0,25.0,2.0,0.0,0.0,2.0,0.0,10.0,6.0,9.0,18.0,0.0,0.0,12.0,8.0,3.0,7.0,19.0,1.0,0.0,0.6,0.13,0.0,2.0,0.0,0.0,25.51,20.0,20.41,2.0,0.15,0.0,0.0,0.88,0.89,0.83
847933784834648484794,2025,Debrincat-Kasper-Brandsegg-Nygrd,DET,line,5on5,5,1140.0,48.0,0.72,0.67,0.74,14.41,0.96,0.82,4.15,0.48,7.95,5.64,0.95,0.95,0.94,11.0,9.0,9.0,29.0,0.0,0.0,0.0,3.0,0.0,8.0,9.0,11.0,20.0,0.0,0.0,10.0,9.0,1.0,10.0,15.0,5.0,0.0,0.36,0.6,0.0,0.0,0.0,0.0,29.13,20.0,20.08,3.0,0.17,0.0,0.0,1.13,1.12,1.11,5.13,0.37,0.35,1.52,0.17,2.62,1.97,0.37,0.37,0.37,3.0,4.0,7.0,14.0,1.0,0.0,0.0,2.0,0.0,2.0,2.0,2.0,6.0,0.0,0.0,6.0,11.0,3.0,8.0,6.0,1.0,0.0,0.18,0.19,0.0,0.0,1.0,0.0,13.77,7.0,6.87,6.0,0.07,0.0,0.0,0.45,0.44,0.44
84770188481527,2025,Hutton-Korczak,VGK,pairing,5on5,31,10912.0,149.0,0.57,0.5,0.52,84.2,7.67,5.31,21.67,2.81,44.22,32.32,7.4,7.75,7.49,64.0,50.0,49.0,163.0,7.0,9.0,1.0,17.0,0.0,49.0,32.0,57.0,107.0,13.0,29.0,82.0,64.0,12.0,54.0,82.0,25.0,7.0,2.42,3.0,2.25,4.0,2.0,1.0,164.35,114.0,114.89,22.0,1.12,2.37,2.37,6.42,6.52,6.39,77.72,5.68,4.98,20.32,2.66,42.69,30.68,5.43,5.6,5.37,66.0,41.0,59.0,166.0,4.0,9.0,1.0,15.0,0.0,36.0,43.0,62.0,103.0,11.0,25.0,69.0,97.0,16.0,52.0,90.0,11.0,6.0,2.52,1.41,1.74,3.0,1.0,0.0,166.07,107.0,107.0,30.0,1.02,1.94,1.94,4.77,4.72,4.63
847942084834688484145,2025,Benson-Kulich-Thompson,BUF,line,5on5,8,5337.0,9.0,0.51,0.51,0.49,41.51,3.25,2.76,11.02,1.4,21.66,15.91,3.17,3.26,3.19,35.0,21.0,33.0,89.0,4.0,5.0,0.0,7.0,0.0,20.0,20.0,31.0,52.0,8.0,16.0,45.0,22.0,7.0,21.0,41.0,13.0,2.0,1.03,1.54,0.68,1.0,3.0,0.0,89.91,56.0,56.28,7.0,0.58,1.01,1.01,2.81,2.82,2.78,43.38,3.17,2.85,10.93,1.46,22.1,17.5,3.05,3.19,3.07,38.0,20.0,29.0,87.0,3.0,4.0,0.0,8.0,0.0,23.0,20.0,35.0,55.0,8.0,16.0,57.0,44.0,9.0,27.0,43.0,14.0,1.0,1.12,1.63,0.41,0.0,3.0,0.0,86.05,58.0,58.14,11.0,0.6,0.51,0.51,3.25,3.27,3.19
84768748484386,2025,Simashev-Mtt,UTA,pairing,5on5,13,1051.0,123.0,0.53,0.62,0.65,11.85,1.0,0.74,3.24,0.34,5.32,4.37,0.92,1.06,0.97,10.0,5.0,3.0,18.0,0.0,1.0,0.0,4.0,0.0,4.0,6.0,10.0,15.0,0.0,0.0,5.0,3.0,0.0,6.0,11.0,3.0,1.0,0.34,0.33,0.33,0.0,0.0,0.0,18.86,15.0,15.54,2.0,0.15,0.33,0.33,0.83,0.88,0.86,6.13,0.89,0.45,1.47,0.2,2.75,2.24,0.85,0.85,0.82,8.0,0.0,3.0,11.0,2.0,2.0,0.0,1.0,0.0,0.0,3.0,6.0,6.0,0.0,0.0,4.0,12.0,3.0,8.0,3.0,4.0,1.0,0.1,0.52,0.27,0.0,2.0,0.0,10.94,8.0,7.85,5.0,0.1,0.45,0.45,0.53,0.53,0.52
84815638482178,2025,Moore-Helleson,ANA,pairing,5on5,10,2436.0,62.0,0.59,0.56,0.59,21.89,1.49,1.25,5.67,0.71,11.6,9.28,1.45,1.45,1.4,19.0,11.0,13.0,43.0,1.0,1.0,0.0,6.0,0.0,8.0,14.0,18.0,29.0,1.0,2.0,10.0,13.0,3.0,8.0,24.0,5.0,1.0,0.55,0.61,0.33,1.0,0.0,0.0,39.72,30.0,28.27,2.0,0.26,0.33,0.33,1.42,1.37,1.37,14.9,1.04,0.97,3.5,0.54,8.7,6.25,1.04,1.09,1.09,12.0,9.0,13.0,34.0,4.0,0.0,0.0,3.0,0.0,8.0,6.0,8.0,17.0,1.0,2.0,26.0,10.0,2.0,15.0,17.0,4.0,0.0,0.58,0.46,0.0,3.0,1.0,0.0,37.1,21.0,22.02,9.0,0.2,0.0,0.0,1.24,1.3,1.29
847181784766248482859,2025,Goodrow-Ostapchuk-Reaves,SJS,line,5on5,17,7196.0,61.0,0.43,0.46,0.48,48.27,4.13,3.45,12.63,1.71,25.52,18.56,4.0,4.07,3.94,46.0,20.0,28.0,94.0,3.0,12.0,1.0,7.0,0.0,25.0,19.0,43.0,63.0,13.0,26.0,71.0,115.0,7.0,30.0,50.0,11.0,5.0,1.27,1.51,1.35,1.0,1.0,1.0,93.07,66.0,65.51,12.0,0.73,1.72,1.72,3.14,3.08,3.04,52.46,5.43,3.93,12.63,1.81,27.89,20.32,5.1,5.46,5.14,54.0,18.0,38.0,110.0,4.0,8.0,0.0,10.0,0.0,26.0,24.0,50.0,68.0,9.0,18.0,63.0,37.0,7.0,31.0,49.0,17.0,6.0,1.46,2.32,1.65,1.0,2.0,1.0,111.21,72.0,72.63,16.0,0.82,1.59,1.59,4.67,4.74,4.67
847528784768878484241,2025,Forsberg-Haula-Wood,NSH,line,5on5,6,1060.0,43.0,0.48,0.53,0.55,7.94,0.42,0.49,1.99,0.27,4.5,3.34,0.42,0.42,0.42,7.0,4.0,7.0,18.0,0.0,0.0,0.0,3.0,0.0,6.0,2.0,7.0,11.0,0.0,0.0,18.0,6.0,3.0,6.0,9.0,2.0,0.0,0.23,0.19,0.0,0.0,0.0,0.0,17.93,11.0,11.04,4.0,0.1,0.0,0.0,0.52,0.52,0.52,6.27,0.46,0.39,1.52,0.21,3.78,2.65,0.45,0.45,0.45,4.0,5.0,7.0,16.0,0.0,0.0,0.0,2.0,0.0,4.0,3.0,4.0,9.0,4.0,8.0,7.0,15.0,2.0,2.0,7.0,2.0,0.0,0.28,0.18,0.0,0.0,0.0,0.0,16.18,9.0,9.02,1.0,0.08,0.0,0.0,0.53,0.53,0.53
847997784826998483431,2025,Yamamoto-Cooley-Guenther,UTA,line,5on5,8,2719.0,36.0,0.7,0.59,0.63,31.29,2.78,2.03,7.49,1.02,16.48,12.2,2.74,2.77,2.73,25.0,17.0,10.0,52.0,5.0,2.0,0.0,6.0,0.0,16.0,13.0,20.0,37.0,3.0,8.0,12.0,20.0,4.0,12.0,31.0,8.0,3.0,1.0,0.88,0.89,2.0,2.0,1.0,51.45,42.0,41.91,7.0,0.42,0.28,0.28,2.92,2.89,2.87,18.02,1.22,1.09,5.05,0.64,9.53,7.47,1.22,1.23,1.22,16.0,9.0,11.0,36.0,2.0,0.0,0.0,5.0,0.0,6.0,12.0,14.0,23.0,1.0,2.0,24.0,16.0,5.0,10.0,21.0,4.0,0.0,0.74,0.48,0.0,0.0,2.0,0.0,36.22,25.0,24.83,6.0,0.23,0.0,0.0,1.44,1.45,1.45
847682684768788477416,2025,Girgensons-Gourde-Bjorkstrand,TBL,line,5on5,12,1549.0,152.0,0.63,0.38,0.46,8.91,1.17,0.7,2.15,0.3,4.0,2.68,1.14,1.17,1.13,8.0,3.0,4.0,15.0,1.0,1.0,0.0,1.0,0.0,4.0,4.0,7.0,10.0,2.0,4.0,9.0,16.0,2.0,4.0,4.0,5.0,2.0,0.08,0.61,0.48,0.0,0.0,1.0,14.6,11.0,10.88,1.0,0.15,0.24,0.24,1.08,1.07,1.05,9.66,0.68,0.67,2.32,0.29,5.37,3.68,0.68,0.69,0.69,6.0,7.0,12.0,25.0,1.0,0.0,0.0,1.0,0.0,8.0,3.0,5.0,12.0,1.0,2.0,16.0,18.0,2.0,4.0,10.0,3.0,0.0,0.3,0.38,0.0,1.0,0.0,0.0,25.78,13.0,13.17,2.0,0.14,0.0,0.0,0.82,0.83,0.83
847687884785198480995,2025,Girgensons-Cirelli-Holmberg,TBL,line,5on5,8,1230.0,93.0,0.61,0.55,0.53,11.0,1.17,0.96,2.57,0.41,6.29,4.59,1.12,1.17,1.11,9.0,7.0,6.0,22.0,3.0,1.0,0.0,3.0,0.0,6.0,3.0,6.0,13.0,1.0,2.0,10.0,8.0,1.0,2.0,12.0,3.0,1.0,0.44,0.48,0.25,2.0,1.0,0.0,22.86,16.0,16.5,1.0,0.2,0.25,0.26,1.11,1.1,1.08,9.71,0.74,0.68,2.6,0.37,5.65,3.97,0.72,0.74,0.72,7.0,7.0,4.0,18.0,0.0,2.0,0.0,2.0,0.0,3.0,7.0,7.0,14.0,0.0,0.0,7.0,8.0,5.0,6.0,11.0,2.0,1.0,0.31,0.22,0.2,0.0,0.0,0.0,17.85,14.0,14.22,5.0,0.14,0.15,0.15,0.73,0.73,0.73
847692784807488482055,2025,O'Connor-Blueger-Sherwood,VAN,line,5on5,2,985.0,4.0,0.11,0.22,0.22,2.94,0.11,0.13,0.84,0.09,1.65,1.18,0.11,0.13,0.13,2.0,2.0,1.0,5.0,0.0,0.0,0.0,1.0,0.0,2.0,1.0,2.0,4.0,3.0,9.0,8.0,9.0,1.0,6.0,4.0,0.0,0.0,0.11,0.0,0.0,0.0,0.0,0.0,5.6,4.0,4.38,3.0,0.03,0.0,0.0,0.14,0.15,0.15,10.29,0.87,0.74,3.15,0.36,5.46,3.42,0.76,0.84,0.73,7.0,7.0,4.0,18.0,1.0,2.0,1.0,1.0,0.0,8.0,2.0,6.0,13.0,4.0,11.0,10.0,9.0,0.0,1.0,11.0,2.0,1.0,0.4,0.25,0.23,0.0,0.0,1.0,17.18,14.0,13.63,0.0,0.15,0.24,0.24,0.78,0.74,0.68
847576084768978482077,2025,Holloway-Sundqvist-Bjugstad,STL,line,5on5,7,623.0,86.0,0.55,0.5,0.47,5.67,0.58,0.46,1.26,0.17,3.24,2.3,0.58,0.63,0.63,1.0,7.0,3.0,11.0,0.0,0.0,0.0,0.0,0.0,6.0,2.0,1.0,8.0,2.0,4.0,8.0,8.0,3.0,0.0,5.0,2.0,1.0,0.13,0.23,0.21,0.0,0.0,0.0,12.04,8.0,8.32,0.0,0.1,0.0,0.0,0.67,0.73,0.73,6.66,0.46,0.39,1.81,0.22,3.67,2.45,0.46,0.44,0.43,4.0,5.0,2.0,11.0,0.0,0.0,0.0,1.0,0.0,6.0,2.0,4.0,9.0,1.0,2.0,6.0,3.0,3.0,0.0,7.0,1.0,1.0,0.17,0.09,0.2,0.0,0.0,0.0,10.43,9.0,8.62,0.0,0.08,0.0,0.0,0.55,0.52,0.51
84706138484258,2025,Burns-Malinski,COL,pairing,5on5,34,2803.0,279.0,0.61,0.6,0.63,30.97,2.89,1.93,7.8,1.02,15.92,12.44,2.84,3.02,2.96,32.0,10.0,18.0,60.0,2.0,4.0,0.0,8.0,0.0,12.0,16.0,30.0,40.0,1.0,2.0,14.0,15.0,2.0,13.0,32.0,6.0,4.0,1.04,0.67,1.18,1.0,1.0,0.0,63.95,42.0,44.3,4.0,0.4,1.05,1.05,2.24,2.35,2.32,18.25,1.83,1.27,5.31,0.63,9.48,6.48,1.69,1.78,1.64,15.0,10.0,15.0,40.0,1.0,5.0,0.0,3.0,0.0,9.0,7.0,14.0,24.0,4.0,6.0,21.0,11.0,2.0,13.0,17.0,6.0,2.0,0.5,0.84,0.49,1.0,0.0,0.0,37.93,25.0,24.34,4.0,0.27,0.84,0.84,1.26,1.23,1.18
847645484782338483512,2025,Mangiapane-Savoie-Nugent-Hopkins,EDM,line,5on5,4,1035.0,32.0,0.76,0.45,0.5,7.77,0.74,0.54,2.22,0.24,3.76,2.5,0.69,0.72,0.67,9.0,1.0,4.0,14.0,0.0,2.0,0.0,2.0,0.0,3.0,3.0,9.0,10.0,2.0,4.0,6.0,3.0,0.0,3.0,7.0,1.0,2.0,0.11,0.15,0.48,0.0,0.0,0.0,14.03,10.0,10.04,0.0,0.12,0.28,0.28,0.58,0.57,0.56,7.13,0.24,0.33,1.96,0.25,3.94,3.29,0.24,0.24,0.24,3.0,7.0,7.0,17.0,0.0,0.0,0.0,1.0,0.0,5.0,4.0,3.0,10.0,1.0,2.0,12.0,10.0,3.0,9.0,9.0,1.0,0.0,0.11,0.12,0.0,0.0,0.0,0.0,16.53,10.0,9.79,5.0,0.07,0.0,0.0,0.3,0.3,0.3
847531484784458484958,2025,Lee-Barzal-Tsyplakov,NYI,line,5on5,4,1806.0,17.0,0.69,0.57,0.67,18.88,1.48,1.17,4.99,0.64,10.42,7.3,1.44,1.5,1.46,16.0,10.0,7.0,33.0,3.0,2.0,0.0,1.0,0.0,8.0,12.0,13.0,23.0,0.0,0.0,8.0,9.0,4.0,7.0,20.0,5.0,1.0,0.67,0.57,0.23,2.0,1.0,0.0,34.19,26.0,26.38,4.0,0.25,0.35,0.35,1.38,1.4,1.39,8.72,0.66,0.6,2.29,0.34,5.43,3.68,0.62,0.64,0.6,6.0,7.0,12.0,25.0,1.0,0.0,0.0,0.0,0.0,5.0,7.0,5.0,12.0,0.0,0.0,21.0,8.0,3.0,6.0,10.0,3.0,0.0,0.32,0.34,0.0,1.0,0.0,0.0,23.94,13.0,12.52,4.0,0.13,0.0,0.0,0.79,0.76,0.72
847576884834978483524,2025,Schwartz-Wright-Nyman,SEA,line,5on5,4,1151.0,29.0,0.44,0.41,0.3,5.9,0.76,0.4,1.65,0.18,2.95,2.05,0.76,0.81,0.8,6.0,2.0,8.0,16.0,1.0,1.0,1.0,1.0,0.0,2.0,3.0,5.0,7.0,2.0,4.0,5.0,3.0,1.0,9.0,6.0,1.0,1.0,0.13,0.18,0.46,0.0,0.0,1.0,16.74,8.0,8.43,5.0,0.09,0.46,0.46,0.39,0.39,0.39,13.95,0.98,0.82,3.66,0.44,7.46,5.64,0.91,0.97,0.89,14.0,5.0,4.0,23.0,0.0,3.0,0.0,2.0,0.0,9.0,5.0,14.0,19.0,1.0,2.0,12.0,13.0,4.0,5.0,16.0,2.0,1.0,0.42,0.26,0.3,0.0,0.0,0.0,22.46,19.0,18.37,1.0,0.17,0.51,0.51,0.64,0.62,0.57
84757538481598,2025,Broberg-Faulk,STL,pairing,5on5,38,9211.0,223.0,0.51,0.5,0.49,68.36,6.26,4.66,16.59,2.28,35.65,26.55,5.89,6.24,5.86,65.0,27.0,44.0,136.0,5.0,5.0,0.0,8.0,0.0,34.0,40.0,60.0,87.0,12.0,24.0,69.0,71.0,10.0,45.0,63.0,22.0,7.0,1.79,2.75,1.72,3.0,2.0,0.0,134.69,92.0,90.78,24.0,0.97,0.99,1.14,6.1,6.08,5.76,72.89,6.12,4.86,17.88,2.24,37.2,27.69,5.97,6.13,5.99,72.0,24.0,41.0,137.0,6.0,4.0,1.0,15.0,0.0,35.0,36.0,66.0,90.0,10.0,20.0,75.0,42.0,13.0,48.0,74.0,14.0,8.0,2.08,1.94,2.09,2.0,3.0,1.0,138.47,96.0,96.93,21.0,1.02,1.21,1.21,5.93,5.97,5.89
84783968480727,2025,Hanifin-Whitecloud,VGK,pairing,5on5,28,20439.0,71.0,0.55,0.55,0.55,174.94,13.55,11.25,43.56,5.75,94.45,71.44,13.19,13.62,13.27,155.0,85.0,87.0,327.0,10.0,14.0,1.0,40.0,1.0,80.0,95.0,145.0,230.0,14.0,28.0,182.0,113.0,22.0,80.0,185.0,42.0,13.0,4.63,5.42,3.51,2.0,7.0,1.0,325.88,240.0,240.03,33.0,2.35,2.77,2.77,13.13,13.23,13.03,138.18,11.15,9.19,34.97,4.86,77.13,56.71,10.8,11.3,10.95,122.0,72.0,75.0,269.0,16.0,20.0,3.0,25.0,0.0,73.0,60.0,106.0,178.0,15.0,30.0,144.0,160.0,33.0,80.0,156.0,24.0,14.0,4.42,2.8,3.93,5.0,5.0,6.0,269.65,194.0,195.66,30.0,1.91,3.3,3.3,9.76,9.88,9.71
847645884775278478366,2025,Johnston-Strome-Vatrano,ANA,line,5on5,6,1368.0,53.0,0.49,0.62,0.52,10.34,1.02,0.78,2.91,0.42,5.61,4.25,1.0,1.04,1.01,11.0,4.0,13.0,28.0,0.0,3.0,0.0,0.0,0.0,7.0,5.0,11.0,15.0,1.0,2.0,11.0,18.0,3.0,7.0,12.0,2.0,1.0,0.44,0.32,0.27,0.0,0.0,0.0,28.55,15.0,15.44,5.0,0.17,0.49,0.49,0.7,0.7,0.7,11.0,1.05,0.75,2.39,0.31,5.53,3.97,1.04,1.1,1.08,10.0,4.0,3.0,17.0,2.0,1.0,0.0,4.0,0.0,3.0,4.0,8.0,12.0,1.0,2.0,8.0,4.0,1.0,4.0,9.0,4.0,1.0,0.31,0.43,0.31,1.0,1.0,0.0,17.3,14.0,14.32,3.0,0.16,0.31,0.31,0.9,0.93,0.92
84769068480336,2025,Gostisbehere-Walker,CAR,pairing,5on5,17,6398.0,104.0,0.64,0.65,0.63,81.18,6.37,5.05,21.18,2.64,42.88,31.88,6.2,6.24,6.06,78.0,32.0,40.0,150.0,6.0,10.0,0.0,23.0,0.0,38.0,33.0,72.0,104.0,4.0,8.0,55.0,31.0,5.0,20.0,89.0,16.0,5.0,3.1,2.02,1.25,2.0,3.0,1.0,146.47,110.0,107.3,9.0,1.05,1.35,1.35,6.07,5.97,5.8,46.7,3.63,3.25,11.11,1.62,25.32,19.08,3.52,3.65,3.55,43.0,21.0,17.0,81.0,5.0,4.0,1.0,10.0,0.0,21.0,24.0,38.0,59.0,5.0,10.0,55.0,42.0,9.0,29.0,49.0,13.0,2.0,1.57,1.48,0.57,1.0,3.0,1.0,83.23,64.0,65.8,16.0,0.68,0.66,0.66,3.64,3.69,3.63
847952084821488483573,2025,Frank-Lapierre-Duhaime,WSH,line,5on5,16,1938.0,168.0,0.75,0.53,0.61,14.68,1.06,0.92,3.67,0.48,7.85,6.01,1.05,1.1,1.08,13.0,7.0,9.0,29.0,0.0,1.0,0.0,1.0,0.0,7.0,11.0,13.0,20.0,5.0,16.0,11.0,10.0,1.0,2.0,16.0,3.0,1.0,0.49,0.27,0.31,0.0,0.0,0.0,29.42,20.0,20.3,2.0,0.2,0.31,0.31,0.95,0.97,0.97,9.4,0.35,0.5,2.63,0.32,5.05,4.14,0.35,0.35,0.35,8.0,5.0,13.0,26.0,1.0,0.0,0.0,0.0,0.0,7.0,5.0,7.0,12.0,4.0,14.0,15.0,19.0,1.0,9.0,13.0,0.0,0.0,0.35,0.0,0.0,1.0,0.0,0.0,25.2,13.0,12.7,6.0,0.11,0.0,0.0,0.46,0.46,0.45
847638984764688482157,2025,Cuylle-Trocheck-Miller,NYR,line,5on5,6,988.0,41.0,0.7,0.56,0.6,4.01,0.49,0.42,0.84,0.17,2.52,1.57,0.46,0.44,0.42,4.0,2.0,3.0,9.0,0.0,1.0,0.0,1.0,0.0,1.0,3.0,4.0,6.0,2.0,4.0,11.0,12.0,1.0,1.0,3.0,2.0,1.0,0.08,0.17,0.24,0.0,0.0,0.0,7.97,6.0,5.32,1.0,0.09,0.01,0.01,0.57,0.52,0.49,2.94,0.21,0.19,0.8,0.1,1.52,1.19,0.2,0.22,0.22,2.0,2.0,3.0,7.0,0.0,0.0,0.0,0.0,0.0,2.0,2.0,2.0,4.0,1.0,2.0,7.0,6.0,0.0,5.0,3.0,1.0,0.0,0.1,0.1,0.0,0.0,0.0,0.0,7.7,4.0,4.38,5.0,0.04,0.0,0.0,0.24,0.27,0.26
847690584789758480009,2025,Marchment-Stephenson-Tolvanen,SEA,line,5on5,12,3419.0,99.0,0.36,0.41,0.34,20.62,1.56,1.37,5.58,0.76,11.39,8.33,1.52,1.53,1.49,19.0,10.0,24.0,53.0,1.0,2.0,0.0,3.0,0.0,16.0,7.0,18.0,28.0,2.0,4.0,27.0,19.0,10.0,21.0,25.0,3.0,1.0,0.89,0.37,0.29,1.0,0.0,0.0,52.99,29.0,29.17,8.0,0.28,0.45,0.45,1.4,1.38,1.35,38.83,2.78,2.52,9.35,1.45,22.14,17.78,2.63,2.9,2.74,38.0,18.0,21.0,77.0,4.0,5.0,1.0,8.0,1.0,23.0,15.0,34.0,52.0,4.0,8.0,30.0,16.0,6.0,12.0,47.0,7.0,2.0,1.4,0.8,0.58,3.0,1.0,0.0,77.87,56.0,56.42,4.0,0.52,0.48,0.49,2.81,2.91,2.84
847464184775088479365,2025,Frederic-Henrique-Lazar,EDM,line,5on5,5,736.0,83.0,0.51,0.45,0.58,4.8,0.2,0.32,1.29,0.19,2.86,2.15,0.2,0.2,0.2,3.0,4.0,2.0,9.0,0.0,0.0,0.0,1.0,0.0,3.0,3.0,3.0,7.0,0.0,0.0,6.0,13.0,1.0,1.0,7.0,0.0,0.0,0.2,0.0,0.0,0.0,0.0,0.0,8.67,7.0,6.78,0.0,0.06,0.0,0.0,0.27,0.27,0.26,3.53,0.2,0.19,0.9,0.12,2.07,1.52,0.2,0.2,0.2,4.0,1.0,6.0,11.0,0.0,0.0,0.0,0.0,0.0,2.0,3.0,4.0,5.0,0.0,0.0,3.0,7.0,2.0,4.0,4.0,1.0,0.0,0.09,0.1,0.0,0.0,0.0,0.0,11.27,5.0,5.07,3.0,0.04,0.0,0.0,0.23,0.23,0.23
847578484807988480848,2025,Skinner-Dellandrea-Kurashev,SJS,line,5on5,3,802.0,27.0,0.3,0.32,0.25,4.51,0.34,0.3,1.04,0.13,2.47,1.72,0.34,0.37,0.37,4.0,2.0,5.0,11.0,0.0,0.0,0.0,2.0,0.0,2.0,2.0,4.0,6.0,2.0,4.0,9.0,5.0,2.0,5.0,5.0,1.0,0.0,0.15,0.18,0.0,0.0,0.0,0.0,11.63,6.0,6.44,2.0,0.06,0.0,0.0,0.4,0.44,0.44,12.94,0.77,0.73,3.41,0.42,7.49,5.19,0.76,0.73,0.72,6.0,12.0,5.0,23.0,0.0,1.0,0.0,4.0,0.0,7.0,6.0,6.0,18.0,3.0,4.0,6.0,5.0,1.0,3.0,15.0,3.0,0.0,0.44,0.33,0.0,0.0,0.0,0.0,21.91,18.0,17.31,2.0,0.15,0.04,0.04,0.88,0.84,0.83
848020884815288482116,2025,Sttzle-Cozens-Batherson,OTT,line,5on5,10,1990.0,123.0,0.37,0.51,0.4,10.38,0.72,0.67,2.36,0.32,5.63,4.29,0.72,0.69,0.69,9.0,5.0,16.0,30.0,2.0,1.0,0.0,0.0,0.0,5.0,6.0,7.0,12.0,2.0,4.0,14.0,16.0,4.0,8.0,12.0,1.0,1.0,0.38,0.11,0.23,1.0,1.0,0.0,28.38,14.0,13.49,3.0,0.14,0.23,0.23,0.63,0.61,0.61,15.66,1.26,1.07,4.17,0.51,8.09,5.9,1.23,1.34,1.31,11.0,10.0,8.0,29.0,0.0,3.0,0.0,4.0,0.0,5.0,9.0,11.0,21.0,3.0,6.0,11.0,9.0,1.0,6.0,16.0,4.0,1.0,0.53,0.5,0.23,0.0,0.0,0.0,30.35,21.0,22.07,3.0,0.22,0.44,0.44,1.04,1.1,1.1
847849884800128481024,2025,Debrusk-Pettersson-Karlsson,VAN,line,5on5,6,1869.0,47.0,0.86,0.69,0.72,29.02,3.51,2.42,6.67,1.0,15.13,10.28,3.32,3.3,3.12,22.0,17.0,11.0,50.0,2.0,8.0,1.0,6.0,0.0,14.0,9.0,20.0,37.0,1.0,2.0,11.0,14.0,3.0,10.0,23.0,12.0,4.0,0.78,1.76,0.98,1.0,1.0,0.0,47.13,39.0,37.0,4.0,0.51,1.46,1.46,2.57,2.42,2.37,10.25,0.59,0.68,2.65,0.41,6.19,4.48,0.58,0.65,0.63,8.0,7.0,7.0,22.0,1.0,0.0,0.0,1.0,0.0,7.0,6.0,7.0,14.0,2.0,4.0,20.0,10.0,1.0,12.0,14.0,1.0,0.0,0.47,0.12,0.0,1.0,0.0,0.0,23.88,15.0,16.22,7.0,0.14,0.0,0.0,0.74,0.8,0.78
847740684793658479368,2025,Jones-Frederic-Janmark,EDM,line,5on5,4,950.0,26.0,0.49,0.5,0.45,3.85,0.35,0.25,0.96,0.1,1.92,1.42,0.34,0.34,0.34,4.0,1.0,5.0,10.0,0.0,1.0,0.0,1.0,0.0,2.0,1.0,4.0,5.0,1.0,5.0,6.0,15.0,2.0,6.0,4.0,1.0,0.0,0.18,0.17,0.0,0.0,0.0,0.0,10.24,5.0,5.05,3.0,0.05,0.17,0.17,0.23,0.23,0.23,3.95,0.37,0.25,1.09,0.14,2.46,1.69,0.37,0.36,0.36,4.0,2.0,4.0,10.0,1.0,0.0,0.0,1.0,0.0,2.0,2.0,3.0,5.0,2.0,7.0,10.0,20.0,1.0,6.0,5.0,0.0,1.0,0.13,0.0,0.23,0.0,0.0,1.0,9.78,6.0,6.03,2.0,0.05,0.0,0.0,0.42,0.41,0.41
847531484764198485702,2025,Lee-Pageau-Shabanov,NYI,line,5on5,8,2280.0,57.0,0.56,0.54,0.56,25.6,2.48,1.83,6.83,0.88,13.72,9.26,2.44,2.45,2.41,22.0,13.0,10.0,45.0,2.0,5.0,0.0,2.0,0.0,15.0,11.0,20.0,33.0,3.0,6.0,18.0,19.0,0.0,13.0,27.0,6.0,2.0,0.73,0.9,0.85,0.0,2.0,0.0,43.3,35.0,33.7,7.0,0.38,1.16,1.16,1.7,1.65,1.64,20.39,1.92,1.31,4.88,0.6,10.28,8.02,1.88,1.99,1.94,19.0,8.0,11.0,38.0,3.0,2.0,0.0,3.0,0.0,12.0,7.0,16.0,24.0,4.0,8.0,16.0,18.0,4.0,10.0,20.0,5.0,2.0,0.62,0.52,0.79,1.0,2.0,0.0,38.83,27.0,27.58,6.0,0.27,0.79,0.79,1.41,1.46,1.43
847752784800688482118,2025,Johnston-Poehling-Colangelo,ANA,line,5on5,6,1531.0,42.0,0.6,0.53,0.42,10.6,1.22,0.75,2.68,0.43,5.76,4.16,1.21,1.28,1.27,9.0,6.0,12.0,27.0,2.0,3.0,1.0,2.0,0.0,5.0,3.0,7.0,13.0,3.0,12.0,17.0,10.0,2.0,9.0,9.0,6.0,0.0,0.26,0.97,0.0,0.0,2.0,0.0,27.73,15.0,15.37,4.0,0.16,0.42,0.42,0.97,1.01,1.01,15.79,0.81,0.82,4.35,0.49,8.21,6.31,0.8,0.79,0.78,19.0,2.0,3.0,24.0,2.0,1.0,1.0,5.0,0.0,7.0,6.0,17.0,19.0,3.0,12.0,13.0,12.0,1.0,8.0,19.0,2.0,0.0,0.55,0.26,0.0,1.0,1.0,0.0,23.61,21.0,20.78,6.0,0.17,0.18,0.18,0.8,0.78,0.76
84757558483425,2025,Bichsel-Petrovic,DAL,pairing,5on5,24,16177.0,54.0,0.42,0.41,0.4,92.51,8.98,6.5,21.61,3.06,50.07,35.79,8.58,9.19,8.8,93.0,33.0,56.0,182.0,12.0,13.0,1.0,14.0,0.0,50.0,37.0,81.0,114.0,18.0,47.0,100.0,165.0,23.0,69.0,87.0,30.0,9.0,2.76,3.75,2.47,5.0,7.0,0.0,185.21,126.0,128.36,34.0,1.34,2.62,2.62,7.7,7.86,7.75,139.72,12.39,9.08,37.04,4.74,72.17,52.59,11.94,12.48,12.04,124.0,64.0,74.0,262.0,8.0,17.0,1.0,29.0,0.0,74.0,60.0,116.0,180.0,14.0,36.0,109.0,144.0,29.0,86.0,142.0,30.0,16.0,4.32,3.83,4.24,2.0,4.0,2.0,262.03,188.0,189.12,43.0,1.9,3.53,3.53,10.75,10.87,10.72
84818068482176,2025,Kaiser-Crevier,CHI,pairing,5on5,38,8711.0,221.0,0.34,0.37,0.39,58.24,4.09,3.53,14.53,1.87,31.62,23.37,3.95,4.16,4.02,55.0,24.0,17.0,96.0,6.0,6.0,0.0,16.0,0.0,19.0,32.0,49.0,73.0,13.0,29.0,69.0,51.0,16.0,40.0,64.0,10.0,5.0,1.73,1.1,1.25,4.0,2.0,0.0,96.95,79.0,80.1,21.0,0.72,0.8,0.76,4.04,4.12,4.02,91.54,7.98,6.04,23.96,3.24,48.12,35.64,7.72,7.97,7.71,75.0,50.0,38.0,163.0,4.0,12.0,0.0,13.0,0.0,49.0,47.0,71.0,121.0,8.0,19.0,64.0,64.0,9.0,32.0,94.0,24.0,7.0,2.5,3.19,2.29,4.0,0.0,0.0,161.69,125.0,123.61,20.0,1.26,2.62,2.62,6.61,6.58,6.47
84781368483460,2025,Middleton-Jiricek,MIN,pairing,5on5,11,3944.0,70.0,0.46,0.49,0.5,38.2,2.84,2.58,8.95,1.28,21.4,15.95,2.67,2.76,2.61,32.0,21.0,19.0,72.0,0.0,4.0,0.0,8.0,0.0,15.0,26.0,32.0,53.0,7.0,20.0,30.0,45.0,2.0,15.0,40.0,10.0,3.0,1.09,1.02,0.73,0.0,0.0,0.0,69.52,53.0,51.84,7.0,0.53,0.74,0.74,2.63,2.57,2.46,40.85,3.36,2.78,10.66,1.29,20.84,15.07,3.04,3.5,3.16,35.0,19.0,21.0,75.0,2.0,6.0,0.0,10.0,0.0,17.0,19.0,33.0,52.0,2.0,10.0,34.0,30.0,2.0,20.0,40.0,12.0,2.0,1.24,1.44,0.67,1.0,1.0,0.0,77.49,54.0,55.97,12.0,0.59,1.11,1.11,2.83,2.92,2.82
847847484788318479293,2025,Tanev-Stenlund-Crouse,UTA,line,5on5,9,691.0,77.0,0.5,0.45,0.5,6.97,0.37,0.38,1.88,0.2,3.46,2.71,0.37,0.37,0.37,7.0,2.0,1.0,10.0,0.0,0.0,0.0,0.0,0.0,5.0,4.0,7.0,9.0,0.0,0.0,7.0,7.0,1.0,8.0,7.0,2.0,0.0,0.1,0.27,0.0,0.0,0.0,0.0,9.97,9.0,8.95,2.0,0.08,0.0,0.0,0.45,0.45,0.45,6.18,0.36,0.39,1.69,0.23,3.69,2.64,0.36,0.36,0.36,4.0,5.0,3.0,12.0,0.0,0.0,0.0,3.0,0.0,5.0,1.0,4.0,9.0,1.0,2.0,5.0,5.0,0.0,4.0,7.0,2.0,0.0,0.19,0.17,0.0,0.0,0.0,0.0,12.0,9.0,9.04,2.0,0.08,0.0,0.0,0.45,0.44,0.44
847802084801888481596,2025,Zetterlund-Pinto-Amadio,OTT,line,5on5,11,809.0,156.0,0.55,0.48,0.59,7.27,0.48,0.46,1.66,0.23,3.97,3.2,0.47,0.46,0.46,6.0,4.0,4.0,14.0,0.0,0.0,0.0,0.0,0.0,7.0,3.0,6.0,10.0,3.0,6.0,7.0,7.0,1.0,3.0,9.0,1.0,0.0,0.28,0.2,0.0,0.0,0.0,0.0,13.58,10.0,9.62,2.0,0.09,0.0,0.0,0.57,0.55,0.55,4.99,0.4,0.3,1.18,0.15,2.78,2.19,0.4,0.38,0.38,4.0,3.0,8.0,15.0,0.0,0.0,0.0,0.0,0.0,5.0,2.0,4.0,7.0,0.0,0.0,6.0,8.0,0.0,1.0,5.0,2.0,0.0,0.18,0.21,0.0,0.0,0.0,0.0,14.45,7.0,6.87,0.0,0.06,0.0,0.0,0.46,0.44,0.44
847810984795258480039,2025,Olofsson-Colton-Necas,COL,line,5on5,3,611.0,29.0,0.34,0.55,0.56,6.86,0.26,0.34,1.78,0.21,3.55,2.86,0.26,0.26,0.26,5.0,4.0,3.0,12.0,0.0,0.0,0.0,2.0,0.0,2.0,5.0,5.0,9.0,1.0,2.0,3.0,3.0,2.0,3.0,8.0,1.0,0.0,0.16,0.1,0.0,0.0,0.0,0.0,12.72,9.0,9.41,3.0,0.07,0.0,0.0,0.33,0.33,0.33,5.28,0.5,0.46,1.18,0.17,2.7,2.0,0.49,0.5,0.49,4.0,3.0,3.0,10.0,1.0,1.0,0.0,1.0,0.0,2.0,2.0,3.0,6.0,0.0,0.0,7.0,4.0,0.0,0.0,4.0,3.0,0.0,0.08,0.42,0.0,0.0,1.0,0.0,9.59,7.0,6.74,0.0,0.09,0.17,0.17,0.43,0.42,0.42
84808078484305,2025,Samuelsson-Metsa,BUF,pairing,5on5,11,1367.0,94.0,0.64,0.48,0.49,18.79,2.0,1.18,4.91,0.63,8.72,6.55,1.95,1.99,1.95,16.0,8.0,7.0,31.0,4.0,4.0,0.0,1.0,0.0,8.0,7.0,12.0,20.0,2.0,4.0,8.0,15.0,2.0,8.0,15.0,6.0,3.0,0.41,0.91,0.68,2.0,2.0,0.0,30.93,24.0,23.81,3.0,0.25,0.56,0.56,1.69,1.68,1.67,18.61,1.13,1.02,4.76,0.62,10.1,7.37,1.12,1.13,1.12,14.0,11.0,8.0,33.0,0.0,1.0,0.0,5.0,0.0,10.0,9.0,14.0,25.0,1.0,2.0,14.0,12.0,1.0,5.0,21.0,4.0,0.0,0.64,0.49,0.0,0.0,0.0,0.0,33.2,25.0,25.21,2.0,0.21,0.14,0.14,1.2,1.21,1.21
847637484795918482177,2025,Khusnutdinov-Kuraly-Eyssimont,BOS,line,5on5,8,2210.0,66.0,0.35,0.47,0.4,17.52,1.23,1.19,4.8,0.62,10.09,7.07,1.18,1.19,1.14,18.0,7.0,13.0,38.0,1.0,3.0,0.0,5.0,0.0,8.0,8.0,17.0,24.0,0.0,0.0,14.0,8.0,2.0,12.0,22.0,2.0,1.0,0.7,0.21,0.32,1.0,0.0,0.0,36.88,25.0,24.45,4.0,0.25,0.36,0.36,1.11,1.08,1.06,26.96,2.25,1.67,8.0,1.07,13.97,10.04,2.0,2.31,2.06,20.0,17.0,6.0,43.0,1.0,5.0,0.0,4.0,0.0,14.0,13.0,19.0,36.0,1.0,2.0,21.0,13.0,4.0,10.0,28.0,6.0,3.0,0.74,0.66,0.85,1.0,0.0,0.0,44.5,37.0,37.88,4.0,0.35,1.03,1.03,1.57,1.61,1.56
847518484827458484762,2025,Kreider-Mctavish-Sennecke,ANA,line,5on5,15,4388.0,108.0,0.57,0.55,0.53,43.22,3.67,2.78,11.94,1.57,22.6,16.43,3.5,3.53,3.37,31.0,28.0,27.0,86.0,5.0,6.0,0.0,5.0,0.0,22.0,21.0,26.0,54.0,6.0,14.0,44.0,27.0,5.0,23.0,44.0,12.0,3.0,1.31,1.45,0.91,3.0,2.0,0.0,81.46,59.0,56.39,12.0,0.58,1.19,1.19,3.06,2.95,2.89,37.54,2.74,2.51,9.06,1.23,21.04,15.41,2.72,2.87,2.85,31.0,21.0,19.0,71.0,4.0,3.0,1.0,11.0,0.0,15.0,19.0,27.0,48.0,4.0,8.0,30.0,28.0,5.0,25.0,43.0,6.0,3.0,1.29,0.77,0.68,2.0,0.0,2.0,75.05,52.0,54.93,12.0,0.52,0.5,0.5,2.76,2.9,2.89
847637484797058480355,2025,Viel-Kuraly-Kastelic,BOS,line,5on5,7,1293.0,64.0,0.49,0.5,0.6,11.46,0.78,0.71,3.07,0.41,5.6,4.43,0.77,0.77,0.76,9.0,6.0,8.0,23.0,2.0,1.0,0.0,1.0,0.0,3.0,8.0,7.0,13.0,1.0,5.0,14.0,16.0,3.0,7.0,11.0,4.0,0.0,0.24,0.54,0.0,2.0,0.0,0.0,22.52,15.0,14.41,2.0,0.15,0.02,0.02,0.92,0.9,0.88,7.24,0.81,0.57,1.73,0.26,3.89,2.73,0.81,0.84,0.84,8.0,2.0,13.0,23.0,1.0,1.0,0.0,2.0,0.0,4.0,2.0,7.0,9.0,4.0,11.0,11.0,13.0,1.0,11.0,7.0,2.0,1.0,0.2,0.32,0.3,0.0,1.0,0.0,23.14,10.0,10.2,6.0,0.12,0.13,0.13,0.81,0.83,0.83
84784528484839,2025,Jones-Brunicke,PIT,pairing,5on5,6,4280.0,13.0,0.55,0.46,0.5,38.31,4.42,2.97,9.2,1.2,18.01,13.2,3.99,4.46,4.02,37.0,12.0,17.0,66.0,4.0,7.0,0.0,7.0,0.0,12.0,19.0,33.0,45.0,3.0,6.0,28.0,24.0,3.0,23.0,31.0,10.0,8.0,0.78,1.53,2.12,2.0,2.0,0.0,66.44,49.0,49.66,12.0,0.63,1.72,1.72,3.34,3.38,3.29,37.54,3.69,2.72,8.89,1.15,19.21,13.34,3.55,3.78,3.63,28.0,21.0,27.0,76.0,2.0,4.0,0.0,7.0,0.0,17.0,19.0,26.0,47.0,5.0,10.0,35.0,43.0,7.0,15.0,32.0,15.0,2.0,1.17,2.03,0.48,1.0,1.0,0.0,75.33,49.0,49.29,5.0,0.58,0.69,0.69,3.57,3.63,3.6
847342284780438482172,2025,Slaggert-Foligno-Lafferty,CHI,line,5on5,2,637.0,7.0,0.45,0.56,0.58,4.58,0.2,0.3,1.09,0.16,3.16,2.09,0.2,0.2,0.2,5.0,2.0,2.0,9.0,2.0,0.0,0.0,0.0,0.0,3.0,2.0,3.0,5.0,0.0,0.0,2.0,13.0,1.0,4.0,7.0,0.0,0.0,0.2,0.0,0.0,2.0,0.0,0.0,8.84,7.0,7.01,1.0,0.06,0.0,0.0,0.26,0.26,0.26,3.7,0.25,0.26,1.11,0.13,1.91,1.35,0.25,0.25,0.25,1.0,4.0,2.0,7.0,0.0,0.0,0.0,0.0,0.0,3.0,2.0,1.0,5.0,0.0,0.0,6.0,4.0,0.0,4.0,3.0,2.0,0.0,0.04,0.21,0.0,0.0,0.0,0.0,6.82,5.0,4.82,2.0,0.06,0.0,0.0,0.3,0.3,0.3
848247584834878485414,2025,Chinakhov-Kindel-Mcgroarty,PIT,line,5on5,2,1046.0,4.0,0.3,0.47,0.35,4.67,0.26,0.2,0.93,0.13,2.19,2.29,0.25,0.28,0.28,6.0,0.0,9.0,15.0,1.0,0.0,0.0,0.0,0.0,0.0,5.0,5.0,5.0,1.0,2.0,6.0,11.0,0.0,3.0,5.0,1.0,0.0,0.16,0.1,0.0,0.0,1.0,0.0,16.16,6.0,6.69,1.0,0.04,0.0,0.0,0.3,0.33,0.33,7.69,0.6,0.54,1.68,0.26,4.63,3.3,0.6,0.59,0.59,9.0,2.0,6.0,17.0,2.0,0.0,0.0,1.0,0.0,6.0,2.0,7.0,9.0,0.0,0.0,6.0,10.0,1.0,8.0,8.0,3.0,0.0,0.27,0.33,0.0,0.0,2.0,0.0,16.12,11.0,10.46,1.0,0.11,0.0,0.0,0.71,0.7,0.7
847360484768718480113,2025,Iafallo-Toews-Pearson,WPG,line,5on5,5,1033.0,41.0,0.38,0.31,0.28,5.55,0.88,0.42,1.27,0.17,2.51,1.76,0.82,0.91,0.85,2.0,5.0,4.0,11.0,0.0,2.0,0.0,1.0,0.0,2.0,2.0,2.0,7.0,3.0,6.0,12.0,9.0,1.0,4.0,3.0,2.0,2.0,0.08,0.34,0.46,0.0,0.0,0.0,12.05,7.0,7.48,3.0,0.09,0.4,0.4,0.56,0.6,0.59,12.83,1.45,1.07,3.12,0.48,6.94,4.94,1.38,1.41,1.33,11.0,7.0,7.0,25.0,1.0,4.0,0.0,0.0,0.0,8.0,5.0,10.0,17.0,1.0,2.0,4.0,5.0,2.0,7.0,12.0,3.0,3.0,0.29,0.36,0.8,1.0,0.0,0.0,23.05,18.0,16.6,3.0,0.22,0.81,0.81,0.87,0.82,0.8
848084984826998484388,2025,But-Hayton-Guenther,UTA,line,5on5,2,1130.0,5.0,0.54,0.55,0.55,8.53,0.56,0.57,2.03,0.28,4.97,3.59,0.56,0.55,0.55,10.0,2.0,5.0,17.0,0.0,0.0,0.0,3.0,0.0,5.0,4.0,10.0,12.0,1.0,2.0,6.0,3.0,1.0,4.0,10.0,1.0,1.0,0.25,0.08,0.23,0.0,0.0,0.0,15.89,12.0,11.3,1.0,0.12,0.0,0.0,0.68,0.67,0.66,7.5,0.48,0.41,1.92,0.24,4.08,2.88,0.48,0.52,0.51,8.0,2.0,4.0,14.0,1.0,1.0,0.0,0.0,0.0,3.0,5.0,7.0,9.0,1.0,2.0,15.0,4.0,1.0,3.0,8.0,2.0,0.0,0.18,0.3,0.0,0.0,1.0,0.0,14.86,10.0,10.71,2.0,0.08,0.17,0.17,0.4,0.42,0.42
847690784820558482691,2025,Maceachern-Raty-O'Connor,VAN,line,5on5,4,1283.0,19.0,0.59,0.44,0.5,12.1,0.94,0.85,3.25,0.41,6.11,4.43,0.94,0.98,0.98,9.0,7.0,6.0,22.0,2.0,1.0,1.0,1.0,0.0,6.0,6.0,7.0,14.0,2.0,4.0,8.0,12.0,1.0,6.0,12.0,4.0,0.0,0.35,0.59,0.0,1.0,1.0,0.0,22.17,16.0,16.25,4.0,0.18,0.19,0.19,0.94,0.97,0.97,11.36,0.66,0.79,2.73,0.38,6.69,4.75,0.65,0.63,0.63,5.0,11.0,12.0,28.0,1.0,0.0,0.0,3.0,0.0,10.0,2.0,4.0,15.0,4.0,8.0,11.0,7.0,1.0,9.0,14.0,2.0,0.0,0.46,0.2,0.0,0.0,1.0,0.0,27.21,16.0,15.63,3.0,0.16,0.0,0.0,0.82,0.79,0.78
847849884820558482691,2025,Debrusk-Raty-O'Connor,VAN,line,5on5,9,3263.0,62.0,0.49,0.46,0.51,26.37,2.4,1.85,6.16,0.82,14.47,10.29,2.32,2.27,2.2,22.0,14.0,9.0,45.0,3.0,3.0,1.0,3.0,0.0,12.0,15.0,19.0,33.0,4.0,8.0,32.0,22.0,4.0,11.0,28.0,4.0,4.0,0.9,0.49,1.02,0.0,2.0,1.0,43.48,36.0,34.64,6.0,0.38,0.73,0.73,2.05,1.96,1.92,26.04,2.53,1.72,6.72,0.8,12.83,9.4,2.49,2.59,2.54,16.0,18.0,18.0,52.0,1.0,2.0,0.0,2.0,0.0,19.0,10.0,15.0,33.0,2.0,4.0,22.0,23.0,4.0,14.0,20.0,12.0,2.0,0.49,1.4,0.65,0.0,1.0,0.0,52.66,34.0,34.56,5.0,0.36,0.23,0.23,2.67,2.74,2.69
848345584835128485493,2025,Howard-Tomasek-Savoie,EDM,line,5on5,4,957.0,25.0,0.66,0.48,0.6,6.97,0.43,0.36,1.54,0.21,3.39,3.06,0.43,0.41,0.41,5.0,4.0,3.0,12.0,0.0,0.0,0.0,2.0,0.0,4.0,3.0,5.0,9.0,4.0,8.0,10.0,5.0,2.0,3.0,8.0,1.0,0.0,0.26,0.17,0.0,0.0,0.0,0.0,11.19,9.0,8.39,1.0,0.07,0.0,0.0,0.5,0.48,0.48,4.79,0.22,0.27,1.11,0.14,2.25,2.01,0.22,0.23,0.23,4.0,2.0,7.0,13.0,1.0,0.0,0.0,2.0,0.0,1.0,2.0,3.0,5.0,1.0,2.0,10.0,3.0,0.0,3.0,5.0,1.0,0.0,0.11,0.11,0.0,1.0,0.0,0.0,13.75,6.0,6.15,1.0,0.06,0.0,0.0,0.28,0.29,0.29
84794258483678,2025,Pettersson-Hronek,VAN,pairing,5on5,33,6289.0,218.0,0.31,0.39,0.39,43.56,2.65,2.79,11.24,1.41,23.15,17.75,2.63,2.65,2.63,39.0,20.0,15.0,74.0,4.0,2.0,0.0,9.0,0.0,24.0,20.0,35.0,55.0,4.0,8.0,50.0,56.0,8.0,29.0,48.0,10.0,1.0,1.29,1.16,0.2,1.0,3.0,0.0,73.21,59.0,58.16,16.0,0.57,0.21,0.21,3.01,3.01,2.99,67.71,6.01,4.47,17.19,2.29,35.92,26.12,5.84,5.86,5.69,55.0,37.0,26.0,118.0,3.0,9.0,1.0,13.0,0.0,38.0,29.0,52.0,89.0,13.0,26.0,43.0,49.0,4.0,18.0,67.0,21.0,4.0,2.34,2.65,1.03,2.0,1.0,0.0,115.24,92.0,90.4,5.0,0.94,1.62,1.62,5.33,5.21,5.12
847942084815228482659,2025,Krebs-Thompson-Doan,BUF,line,5on5,15,6891.0,100.0,0.53,0.49,0.5,62.88,5.56,4.18,16.01,2.06,32.83,23.37,5.37,5.75,5.56,54.0,30.0,31.0,115.0,5.0,7.0,0.0,12.0,0.0,25.0,35.0,49.0,79.0,3.0,6.0,54.0,35.0,19.0,39.0,58.0,22.0,4.0,1.81,2.69,1.06,2.0,3.0,0.0,118.5,84.0,86.89,20.0,0.87,1.2,1.2,5.23,5.39,5.3,60.87,4.85,4.04,14.79,2.0,32.99,25.32,4.69,4.68,4.53,52.0,32.0,34.0,118.0,5.0,3.0,1.0,12.0,0.0,39.0,25.0,47.0,79.0,5.0,12.0,63.0,48.0,2.0,35.0,66.0,14.0,4.0,1.99,1.85,1.01,4.0,0.0,1.0,114.42,84.0,81.61,21.0,0.85,0.68,0.68,5.02,4.84,4.78
84768758480865,2025,Matheson-Dobson,MTL,pairing,5on5,38,31647.0,53.0,0.48,0.46,0.48,245.16,20.06,15.55,60.59,8.04,129.66,97.1,19.21,20.17,19.31,218.0,113.0,127.0,458.0,25.0,25.0,3.0,50.0,0.0,106.0,125.0,193.0,306.0,35.0,76.0,281.0,190.0,37.0,118.0,242.0,75.0,14.0,7.26,9.2,3.59,10.0,13.0,2.0,456.95,331.0,331.22,70.0,3.24,4.69,4.69,18.6,18.68,18.25,270.76,22.0,17.59,68.4,8.99,142.87,105.14,21.28,22.19,21.46,229.0,136.0,171.0,536.0,23.0,25.0,0.0,50.0,0.0,136.0,131.0,206.0,342.0,32.0,72.0,261.0,185.0,36.0,162.0,273.0,73.0,19.0,7.91,9.07,5.01,10.0,9.0,4.0,539.6,365.0,367.78,80.0,3.65,4.03,4.03,21.62,21.86,21.42
84768538481122,2025,Rielly-Benoit,TOR,pairing,5on5,26,1649.0,224.0,0.52,0.42,0.49,13.44,1.49,0.91,3.34,0.5,7.38,5.39,1.46,1.47,1.45,10.0,9.0,4.0,23.0,0.0,1.0,0.0,2.0,0.0,6.0,10.0,10.0,19.0,1.0,2.0,6.0,11.0,1.0,10.0,15.0,2.0,2.0,0.59,0.27,0.63,0.0,0.0,0.0,22.31,19.0,18.48,3.0,0.19,0.25,0.63,1.05,1.02,1.02,14.13,1.37,1.0,3.32,0.46,8.06,5.79,1.34,1.44,1.4,12.0,8.0,12.0,32.0,2.0,2.0,0.0,3.0,0.0,7.0,6.0,10.0,18.0,2.0,4.0,4.0,9.0,3.0,1.0,13.0,6.0,1.0,0.44,0.68,0.25,1.0,1.0,0.0,32.37,20.0,20.33,0.0,0.21,0.38,0.38,1.2,1.24,1.23
847810984795258484149,2025,Olofsson-Brindley-Colton,COL,line,5on5,7,2228.0,46.0,0.43,0.55,0.54,25.04,2.06,1.58,6.49,0.76,12.78,9.33,2.02,2.14,2.09,24.0,9.0,14.0,47.0,2.0,3.0,1.0,4.0,0.0,13.0,11.0,22.0,31.0,1.0,5.0,23.0,18.0,2.0,5.0,26.0,4.0,3.0,0.79,0.51,0.77,0.0,1.0,1.0,49.9,33.0,34.52,3.0,0.33,0.69,0.69,1.7,1.73,1.72,21.9,2.7,1.51,5.14,0.74,10.28,7.63,2.29,2.57,2.19,15.0,13.0,10.0,38.0,1.0,4.0,1.0,3.0,0.0,11.0,9.0,14.0,27.0,1.0,5.0,20.0,20.0,4.0,10.0,20.0,3.0,5.0,0.58,0.49,1.63,0.0,0.0,1.0,36.97,28.0,27.31,3.0,0.32,1.38,1.38,1.64,1.58,1.55
847750884814918483455,2025,Howard-Philp-Lazar,EDM,line,5on5,2,683.0,8.0,0.37,0.47,0.45,3.53,0.11,0.18,0.94,0.13,2.04,1.6,0.11,0.11,0.11,4.0,1.0,2.0,7.0,0.0,0.0,0.0,1.0,0.0,1.0,3.0,4.0,5.0,1.0,2.0,2.0,9.0,1.0,2.0,5.0,0.0,0.0,0.11,0.0,0.0,0.0,0.0,0.0,7.04,5.0,5.03,1.0,0.04,0.0,0.0,0.15,0.14,0.14,4.35,0.19,0.22,0.86,0.13,2.63,1.97,0.19,0.18,0.18,3.0,3.0,2.0,8.0,0.0,0.0,0.0,0.0,0.0,2.0,4.0,3.0,6.0,2.0,4.0,2.0,3.0,0.0,3.0,6.0,0.0,0.0,0.19,0.0,0.0,0.0,0.0,0.0,7.8,6.0,5.86,3.0,0.04,0.0,0.0,0.23,0.23,0.23
847534384784638483573,2025,Beauvillier-Dowd-Frank,WSH,line,5on5,12,2776.0,118.0,0.57,0.57,0.58,25.17,1.7,1.66,6.31,0.83,14.31,10.2,1.67,1.72,1.69,20.0,15.0,15.0,50.0,0.0,1.0,0.0,3.0,0.0,19.0,12.0,20.0,35.0,2.0,4.0,22.0,22.0,2.0,9.0,30.0,5.0,0.0,0.95,0.74,0.0,0.0,0.0,0.0,50.62,35.0,35.63,4.0,0.34,0.19,0.19,1.86,1.89,1.86,18.32,1.27,1.07,4.43,0.57,10.01,7.64,1.23,1.31,1.27,15.0,10.0,12.0,37.0,2.0,2.0,1.0,3.0,0.0,11.0,7.0,13.0,23.0,1.0,2.0,19.0,12.0,1.0,11.0,21.0,3.0,1.0,0.67,0.38,0.22,0.0,1.0,1.0,37.79,25.0,25.38,6.0,0.23,0.33,0.33,1.17,1.18,1.16
847742984774568481013,2025,Copp-Compher-Berggren,DET,line,5on5,6,3293.0,15.0,0.33,0.44,0.39,18.9,1.33,1.06,5.29,0.71,9.91,7.71,1.22,1.41,1.29,15.0,11.0,18.0,44.0,1.0,3.0,0.0,6.0,0.0,6.0,10.0,14.0,25.0,3.0,6.0,33.0,11.0,1.0,21.0,21.0,3.0,2.0,0.39,0.41,0.54,1.0,0.0,0.0,45.3,26.0,26.65,11.0,0.22,0.56,0.56,0.99,1.05,1.04,29.38,2.72,2.1,7.72,0.97,15.42,11.07,2.6,2.64,2.53,22.0,18.0,17.0,57.0,1.0,4.0,0.0,6.0,0.0,19.0,10.0,21.0,39.0,5.0,10.0,24.0,27.0,2.0,17.0,31.0,5.0,4.0,0.95,0.65,1.11,1.0,0.0,0.0,56.01,40.0,39.57,10.0,0.45,0.91,0.91,2.26,2.2,2.16
848020884808018482116,2025,Sttzle-Tkachuk-Batherson,OTT,line,5on5,11,648.0,128.0,0.73,0.67,0.69,6.67,0.8,0.37,1.59,0.2,3.31,2.72,0.77,0.75,0.73,5.0,4.0,5.0,14.0,0.0,1.0,0.0,0.0,0.0,3.0,5.0,5.0,9.0,1.0,2.0,6.0,3.0,0.0,4.0,6.0,2.0,1.0,0.11,0.24,0.44,0.0,0.0,0.0,13.33,9.0,8.62,1.0,0.08,0.44,0.44,0.44,0.41,0.41,2.76,0.3,0.21,0.53,0.09,1.6,1.27,0.3,0.32,0.32,2.0,2.0,3.0,7.0,1.0,0.0,0.0,0.0,0.0,1.0,2.0,1.0,3.0,2.0,4.0,4.0,3.0,0.0,3.0,3.0,1.0,0.0,0.16,0.14,0.0,0.0,1.0,0.0,7.86,4.0,4.39,1.0,0.04,0.0,0.0,0.34,0.37,0.36
847810984795258480835,2025,Olofsson-Drury-Colton,COL,line,5on5,19,5665.0,93.0,0.66,0.65,0.65,66.21,5.13,4.26,18.6,2.31,35.87,25.83,4.98,5.3,5.15,64.0,28.0,39.0,131.0,3.0,6.0,0.0,11.0,0.0,45.0,27.0,61.0,89.0,6.0,15.0,56.0,30.0,8.0,20.0,73.0,12.0,7.0,2.04,1.48,1.6,2.0,1.0,0.0,136.83,92.0,95.58,6.0,0.89,0.91,0.91,5.1,5.3,5.18,36.2,2.61,2.13,10.6,1.32,19.42,13.92,2.53,2.53,2.46,28.0,22.0,20.0,70.0,3.0,6.0,1.0,7.0,0.0,15.0,19.0,25.0,47.0,7.0,17.0,44.0,41.0,7.0,41.0,41.0,5.0,4.0,0.86,0.58,1.18,2.0,0.0,1.0,67.47,50.0,48.44,28.0,0.44,1.04,1.04,2.02,1.99,1.97
848028184835168484164,2025,Snuggerud-Dvorsky-Toropchenko,STL,line,5on5,3,679.0,20.0,0.52,0.35,0.4,4.78,0.66,0.33,1.12,0.16,2.25,1.49,0.6,0.68,0.62,5.0,1.0,0.0,6.0,0.0,1.0,0.0,1.0,0.0,4.0,0.0,5.0,6.0,2.0,4.0,8.0,12.0,1.0,1.0,3.0,1.0,2.0,0.04,0.14,0.49,0.0,0.0,0.0,6.31,6.0,6.26,0.0,0.07,0.25,0.25,0.48,0.49,0.49,6.74,0.62,0.5,1.46,0.2,3.64,2.59,0.57,0.61,0.57,6.0,3.0,2.0,11.0,0.0,1.0,0.0,2.0,0.0,3.0,3.0,6.0,9.0,0.0,0.0,2.0,6.0,2.0,7.0,7.0,1.0,1.0,0.23,0.11,0.28,0.0,0.0,0.0,10.48,9.0,8.64,5.0,0.1,0.28,0.28,0.45,0.44,0.41
84764228480817,2025,Miller-Reilly,CAR,pairing,5on5,15,851.0,126.0,0.51,0.76,0.75,10.76,0.92,0.63,2.77,0.36,5.75,4.57,0.89,0.92,0.89,12.0,3.0,7.0,22.0,0.0,2.0,0.0,3.0,0.0,6.0,4.0,12.0,15.0,2.0,4.0,2.0,3.0,5.0,8.0,13.0,1.0,1.0,0.4,0.2,0.33,0.0,0.0,0.0,21.95,15.0,15.11,2.0,0.13,0.53,0.53,0.52,0.53,0.51,4.37,0.88,0.25,0.91,0.15,1.49,1.32,0.8,0.92,0.84,4.0,1.0,2.0,7.0,0.0,1.0,0.0,1.0,0.0,0.0,3.0,4.0,5.0,1.0,2.0,1.0,6.0,0.0,3.0,2.0,1.0,2.0,0.04,0.17,0.66,0.0,0.0,0.0,6.94,5.0,5.02,2.0,0.05,0.17,0.17,0.76,0.79,0.78
84774888478399,2025,Siegenthaler-Pesce,NJD,pairing,5on5,14,961.0,98.0,0.15,0.36,0.28,4.63,0.26,0.29,1.29,0.19,2.73,2.25,0.25,0.27,0.26,3.0,4.0,6.0,13.0,0.0,2.0,0.0,1.0,0.0,2.0,2.0,3.0,7.0,3.0,9.0,3.0,7.0,2.0,3.0,6.0,1.0,0.0,0.15,0.11,0.0,0.0,0.0,0.0,13.21,7.0,7.08,2.0,0.06,0.12,0.12,0.2,0.21,0.2,13.23,1.5,0.91,3.18,0.47,6.51,5.43,1.34,1.46,1.3,10.0,8.0,5.0,23.0,0.0,5.0,0.0,3.0,0.0,6.0,4.0,10.0,18.0,1.0,5.0,2.0,6.0,2.0,4.0,13.0,2.0,3.0,0.36,0.28,0.86,0.0,0.0,0.0,22.77,18.0,17.96,1.0,0.19,0.99,0.99,0.7,0.68,0.65
847687284775038478904,2025,Lorentz-Laughton-Domi,TOR,line,5on5,5,1189.0,38.0,0.51,0.53,0.57,10.99,1.0,0.73,3.02,0.39,6.36,4.51,0.98,0.95,0.93,8.0,8.0,4.0,20.0,0.0,2.0,0.0,3.0,0.0,5.0,6.0,8.0,16.0,1.0,2.0,11.0,16.0,0.0,8.0,13.0,2.0,1.0,0.34,0.26,0.39,0.0,0.0,0.0,18.59,16.0,14.83,4.0,0.15,0.48,0.48,0.67,0.64,0.63,9.04,0.96,0.66,1.88,0.29,4.83,3.38,0.95,1.0,0.99,7.0,5.0,6.0,18.0,3.0,1.0,1.0,4.0,0.0,2.0,2.0,4.0,9.0,1.0,2.0,7.0,6.0,3.0,12.0,8.0,3.0,1.0,0.28,0.4,0.28,0.0,2.0,1.0,19.19,12.0,12.4,7.0,0.14,0.17,0.17,0.92,0.97,0.97
847747684774928484149,2025,Lehkonen-Mackinnon-Brindley,COL,line,5on5,5,1255.0,43.0,0.52,0.45,0.5,11.35,1.07,0.84,2.65,0.38,6.42,4.64,1.06,1.11,1.09,13.0,3.0,3.0,19.0,4.0,1.0,0.0,2.0,0.0,8.0,1.0,9.0,12.0,1.0,2.0,9.0,10.0,0.0,7.0,10.0,6.0,0.0,0.39,0.68,0.0,3.0,1.0,0.0,20.67,16.0,16.76,2.0,0.18,0.14,0.14,1.11,1.14,1.14,12.07,0.99,0.81,2.52,0.34,6.41,4.94,0.98,0.97,0.96,12.0,4.0,7.0,23.0,1.0,1.0,0.0,1.0,0.0,8.0,5.0,11.0,15.0,4.0,8.0,6.0,8.0,2.0,3.0,12.0,4.0,0.0,0.39,0.6,0.0,0.0,1.0,0.0,21.74,16.0,15.35,1.0,0.17,0.14,0.14,1.02,1.0,0.99
84759068482166,2025,Mukhamadullin-Klingberg,SJS,pairing,5on5,12,941.0,103.0,0.54,0.59,0.64,9.97,0.92,0.7,2.25,0.38,5.59,4.16,0.85,0.89,0.83,7.0,7.0,2.0,16.0,0.0,1.0,0.0,4.0,0.0,6.0,3.0,7.0,14.0,0.0,0.0,4.0,5.0,2.0,2.0,11.0,1.0,2.0,0.34,0.12,0.47,0.0,0.0,0.0,15.93,14.0,14.05,1.0,0.14,0.21,0.21,0.86,0.84,0.82,6.5,0.79,0.48,1.37,0.2,2.92,2.24,0.76,0.84,0.81,5.0,3.0,3.0,11.0,1.0,1.0,1.0,1.0,0.0,0.0,5.0,4.0,7.0,0.0,0.0,3.0,3.0,4.0,2.0,4.0,3.0,1.0,0.12,0.34,0.33,0.0,0.0,1.0,11.42,8.0,8.34,1.0,0.1,0.33,0.33,0.56,0.59,0.59
84815258482666,2025,Robertson-Morrow,NYR,pairing,5on5,16,9640.0,51.0,0.47,0.52,0.52,92.74,6.76,6.24,22.9,3.17,51.14,37.8,6.56,6.81,6.61,79.0,49.0,58.0,186.0,4.0,7.0,2.0,18.0,0.0,56.0,43.0,75.0,124.0,11.0,25.0,65.0,77.0,4.0,35.0,97.0,26.0,5.0,2.86,2.71,1.19,2.0,1.0,1.0,187.1,128.0,128.45,19.0,1.3,0.87,0.87,7.18,7.21,7.07,88.67,7.59,5.64,22.25,3.0,46.11,35.4,7.25,7.45,7.11,74.0,46.0,51.0,171.0,4.0,11.0,0.0,11.0,0.0,47.0,47.0,70.0,116.0,10.0,23.0,57.0,60.0,10.0,39.0,91.0,22.0,7.0,2.78,2.85,1.97,1.0,3.0,0.0,168.66,120.0,118.05,23.0,1.17,2.18,2.18,6.58,6.45,6.36
84745678483460,2025,Bogosian-Jiricek,MIN,pairing,5on5,2,799.0,12.0,0.7,0.55,0.54,10.84,1.07,0.82,2.23,0.33,5.35,4.2,1.01,1.16,1.1,8.0,6.0,4.0,18.0,3.0,2.0,0.0,1.0,0.0,5.0,3.0,5.0,11.0,1.0,2.0,3.0,3.0,0.0,3.0,10.0,2.0,2.0,0.38,0.22,0.46,2.0,0.0,1.0,20.51,14.0,15.55,1.0,0.17,0.32,0.32,0.92,1.03,0.99,8.65,0.46,0.45,2.34,0.33,4.87,3.55,0.46,0.42,0.42,8.0,4.0,3.0,15.0,0.0,0.0,0.0,1.0,0.0,4.0,7.0,8.0,12.0,1.0,2.0,1.0,11.0,4.0,3.0,11.0,0.0,1.0,0.25,0.0,0.21,0.0,0.0,0.0,13.42,12.0,11.0,2.0,0.09,0.0,0.0,0.55,0.51,0.51
84779868482858,2025,Evans-Montour,SEA,pairing,5on5,14,1535.0,80.0,0.47,0.51,0.59,11.82,0.79,0.75,3.17,0.41,6.75,5.12,0.79,0.76,0.75,12.0,5.0,6.0,23.0,0.0,0.0,0.0,3.0,0.0,8.0,6.0,12.0,17.0,0.0,0.0,4.0,12.0,2.0,2.0,14.0,2.0,1.0,0.35,0.25,0.2,0.0,0.0,0.0,22.0,17.0,16.31,2.0,0.16,0.0,0.0,0.95,0.91,0.9,8.97,0.89,0.65,2.21,0.3,4.65,3.29,0.84,0.91,0.86,10.0,2.0,10.0,22.0,0.0,1.0,0.0,1.0,0.0,7.0,3.0,10.0,12.0,2.0,4.0,4.0,11.0,4.0,8.0,9.0,2.0,1.0,0.43,0.19,0.27,0.0,0.0,0.0,22.34,12.0,12.16,4.0,0.14,0.1,0.1,0.92,0.94,0.92
84788828482666,2025,Gavrikov-Morrow,NYR,pairing,5on5,13,1217.0,76.0,0.48,0.58,0.52,9.13,0.86,0.59,2.13,0.3,4.39,3.73,0.83,0.82,0.8,10.0,2.0,6.0,18.0,1.0,1.0,0.0,2.0,0.0,3.0,5.0,9.0,11.0,0.0,0.0,14.0,8.0,1.0,4.0,9.0,1.0,2.0,0.25,0.11,0.49,1.0,0.0,0.0,17.28,12.0,11.28,1.0,0.12,0.2,0.2,0.78,0.74,0.73,8.39,0.94,0.48,2.35,0.27,3.98,2.97,0.84,0.96,0.86,6.0,5.0,2.0,13.0,0.0,2.0,0.0,1.0,0.0,3.0,5.0,6.0,11.0,2.0,4.0,4.0,6.0,3.0,3.0,9.0,1.0,1.0,0.37,0.16,0.41,0.0,0.0,0.0,13.7,11.0,11.64,1.0,0.1,0.45,0.45,0.6,0.62,0.6
847847284820778484164,2025,Holloway-Dvorsky-Joseph,STL,line,5on5,5,678.0,80.0,0.33,0.45,0.46,4.37,0.25,0.23,1.07,0.13,2.52,1.81,0.25,0.23,0.23,3.0,3.0,3.0,9.0,0.0,0.0,0.0,1.0,0.0,1.0,4.0,3.0,6.0,0.0,0.0,2.0,2.0,1.0,6.0,5.0,1.0,0.0,0.14,0.11,0.0,0.0,0.0,0.0,8.62,6.0,5.8,1.0,0.05,0.0,0.0,0.29,0.28,0.28,5.17,0.51,0.38,1.24,0.19,2.74,1.95,0.47,0.56,0.52,5.0,2.0,4.0,11.0,0.0,2.0,0.0,2.0,0.0,2.0,1.0,5.0,7.0,0.0,0.0,5.0,9.0,1.0,3.0,5.0,2.0,0.0,0.21,0.3,0.0,0.0,0.0,0.0,11.91,7.0,7.64,1.0,0.08,0.19,0.19,0.39,0.43,0.43
847646184784398484387,2025,Konecny-Couturier-Michkov,PHI,line,5on5,19,3511.0,193.0,0.51,0.47,0.49,26.07,2.17,1.88,6.01,0.84,14.78,10.31,2.14,2.18,2.15,26.0,10.0,18.0,54.0,3.0,1.0,0.0,5.0,0.0,15.0,12.0,23.0,33.0,5.0,10.0,24.0,18.0,6.0,24.0,27.0,8.0,1.0,0.89,1.0,0.28,0.0,2.0,1.0,53.11,36.0,35.57,13.0,0.39,0.14,0.14,2.41,2.43,2.4,27.83,2.1,1.67,6.83,0.84,14.97,10.58,1.96,2.1,1.96,27.0,10.0,24.0,61.0,5.0,2.0,0.0,6.0,0.0,15.0,9.0,22.0,32.0,0.0,0.0,34.0,15.0,3.0,16.0,30.0,6.0,1.0,0.95,0.76,0.4,4.0,1.0,0.0,62.59,37.0,37.74,7.0,0.35,0.59,0.59,1.86,1.89,1.87
84768758483457,2025,Hutson-Matheson,MTL,pairing,5on5,30,1952.0,241.0,0.52,0.52,0.53,17.51,1.62,1.24,3.71,0.61,9.07,7.75,1.6,1.61,1.58,19.0,5.0,6.0,30.0,2.0,3.0,0.0,3.0,0.0,3.0,13.0,17.0,22.0,1.0,2.0,1.0,3.0,3.0,10.0,14.0,10.0,0.0,0.55,1.07,0.0,1.0,1.0,0.0,29.87,24.0,23.73,9.0,0.25,0.38,0.38,1.49,1.49,1.49,16.39,1.47,1.2,4.21,0.52,8.15,5.46,1.31,1.48,1.32,15.0,6.0,7.0,28.0,1.0,3.0,0.0,3.0,0.0,8.0,6.0,14.0,20.0,3.0,6.0,4.0,10.0,2.0,5.0,16.0,4.0,1.0,0.62,0.65,0.2,1.0,0.0,0.0,29.17,21.0,21.66,0.0,0.25,0.55,0.55,1.17,1.2,1.16
84800848480434,2025,Durzi-Desimone,UTA,pairing,5on5,7,642.0,45.0,0.89,0.75,0.74,10.42,1.04,0.7,2.46,0.31,5.51,3.97,0.93,1.06,0.94,10.0,4.0,4.0,18.0,1.0,2.0,0.0,4.0,0.0,6.0,1.0,9.0,13.0,0.0,0.0,3.0,3.0,0.0,3.0,11.0,2.0,1.0,0.3,0.29,0.45,1.0,0.0,0.0,18.18,14.0,14.33,0.0,0.15,0.57,0.57,0.62,0.63,0.61,3.64,0.13,0.17,0.9,0.11,2.14,1.55,0.13,0.13,0.13,4.0,1.0,1.0,6.0,0.0,0.0,0.0,1.0,0.0,1.0,3.0,4.0,5.0,1.0,2.0,1.0,2.0,1.0,3.0,5.0,0.0,0.0,0.13,0.0,0.0,0.0,0.0,0.0,6.06,5.0,5.0,3.0,0.03,0.0,0.0,0.16,0.16,0.16
84829648483457,2025,Hutson-Xhekaj,MTL,pairing,5on5,32,2684.0,255.0,0.56,0.64,0.62,21.84,1.52,1.37,5.53,0.74,12.73,9.11,1.51,1.55,1.54,19.0,12.0,15.0,46.0,2.0,1.0,1.0,6.0,0.0,10.0,12.0,17.0,29.0,1.0,5.0,11.0,19.0,4.0,11.0,24.0,7.0,0.0,0.73,0.8,0.0,0.0,2.0,0.0,46.63,31.0,31.34,4.0,0.28,0.2,0.2,1.61,1.62,1.61,14.51,1.19,0.9,3.68,0.45,7.17,5.6,1.17,1.23,1.21,12.0,7.0,7.0,26.0,3.0,2.0,1.0,4.0,0.0,3.0,7.0,9.0,16.0,3.0,9.0,16.0,16.0,5.0,13.0,12.0,7.0,0.0,0.36,0.83,0.0,1.0,2.0,0.0,26.44,19.0,19.77,6.0,0.18,0.34,0.34,1.04,1.07,1.06
84752798482762,2025,Chiarot-Edvinsson,DET,pairing,5on5,34,2271.0,240.0,0.64,0.54,0.52,20.45,2.14,1.26,5.05,0.67,9.93,7.95,2.04,2.07,1.96,17.0,10.0,8.0,35.0,0.0,2.0,0.0,4.0,0.0,8.0,13.0,17.0,27.0,2.0,4.0,0.0,10.0,1.0,6.0,20.0,3.0,4.0,0.69,0.38,1.07,0.0,0.0,0.0,33.86,27.0,26.18,2.0,0.26,0.59,0.59,1.81,1.74,1.7,17.34,1.23,1.17,4.11,0.62,10.22,7.66,1.22,1.26,1.24,19.0,6.0,5.0,30.0,3.0,1.0,0.0,4.0,0.0,7.0,10.0,16.0,22.0,0.0,0.0,0.0,14.0,0.0,13.0,20.0,5.0,0.0,0.62,0.61,0.0,2.0,1.0,0.0,30.46,25.0,25.33,6.0,0.24,0.01,0.01,1.46,1.49,1.47
84745748484798,2025,Buium-Myers,VAN,pairing,5on5,10,4267.0,42.0,0.55,0.52,0.53,38.43,2.78,2.24,10.52,1.32,20.43,15.7,2.72,2.93,2.87,34.0,19.0,19.0,72.0,3.0,3.0,0.0,8.0,0.0,17.0,22.0,31.0,50.0,4.0,8.0,40.0,24.0,8.0,17.0,43.0,7.0,3.0,1.08,0.91,0.79,1.0,2.0,0.0,77.34,53.0,56.8,6.0,0.47,0.7,0.7,2.54,2.67,2.65,34.15,2.31,2.08,8.77,1.07,18.87,13.89,2.29,2.25,2.22,29.0,18.0,19.0,66.0,1.0,1.0,0.0,7.0,0.0,20.0,18.0,28.0,46.0,9.0,18.0,29.0,24.0,6.0,26.0,38.0,8.0,1.0,0.92,1.0,0.39,1.0,0.0,0.0,64.49,47.0,46.18,13.0,0.43,0.39,0.39,2.36,2.31,2.29
847519184764388476448,2025,Saad-Karlsson-Smith,VGK,line,5on5,7,2682.0,30.0,0.4,0.49,0.44,21.17,1.58,1.3,5.15,0.67,10.92,8.38,1.55,1.53,1.49,21.0,7.0,20.0,48.0,0.0,1.0,0.0,6.0,0.0,10.0,11.0,21.0,28.0,1.0,2.0,19.0,9.0,1.0,9.0,20.0,7.0,1.0,0.47,0.8,0.31,0.0,0.0,0.0,47.42,28.0,27.34,3.0,0.27,0.31,0.31,1.54,1.51,1.49,26.65,2.33,1.77,6.54,0.85,14.48,10.02,2.31,2.42,2.4,22.0,14.0,13.0,49.0,2.0,2.0,1.0,8.0,0.0,12.0,12.0,20.0,34.0,0.0,0.0,25.0,17.0,3.0,15.0,28.0,5.0,3.0,0.7,0.64,1.0,1.0,0.0,1.0,49.79,36.0,36.55,6.0,0.37,0.78,0.78,1.92,1.94,1.93
84784768480878,2025,Capobianco-Lundkvist,DAL,pairing,5on5,3,853.0,14.0,0.48,0.52,0.53,6.08,0.42,0.4,1.63,0.2,3.05,2.3,0.42,0.45,0.45,5.0,3.0,4.0,12.0,0.0,0.0,0.0,2.0,0.0,4.0,2.0,5.0,8.0,0.0,0.0,4.0,2.0,3.0,5.0,6.0,2.0,0.0,0.15,0.27,0.0,0.0,0.0,0.0,13.09,8.0,8.73,0.0,0.09,0.0,0.0,0.5,0.54,0.54,4.8,0.45,0.32,1.16,0.2,2.83,2.05,0.43,0.41,0.4,5.0,2.0,4.0,11.0,2.0,1.0,1.0,1.0,0.0,2.0,1.0,3.0,5.0,2.0,4.0,8.0,13.0,2.0,6.0,4.0,3.0,0.0,0.11,0.34,0.0,0.0,2.0,0.0,10.24,7.0,6.51,3.0,0.07,0.12,0.12,0.4,0.36,0.36
847522084757658477451,2025,Foligno-Hartman-Tarasenko,MIN,line,5on5,7,652.0,104.0,0.28,0.34,0.35,5.08,0.36,0.32,1.15,0.15,2.89,2.14,0.36,0.33,0.32,5.0,2.0,5.0,12.0,0.0,0.0,0.0,0.0,0.0,4.0,3.0,5.0,7.0,0.0,0.0,4.0,10.0,0.0,4.0,5.0,2.0,0.0,0.17,0.19,0.0,0.0,0.0,0.0,10.62,7.0,6.3,0.0,0.07,0.0,0.0,0.42,0.39,0.39,9.4,0.92,0.71,2.6,0.34,4.83,3.59,0.87,1.03,0.98,10.0,3.0,10.0,23.0,1.0,0.0,0.0,0.0,0.0,5.0,7.0,9.0,12.0,0.0,0.0,11.0,2.0,0.0,3.0,8.0,4.0,1.0,0.17,0.48,0.26,0.0,1.0,0.0,25.84,13.0,14.47,2.0,0.15,0.0,0.0,1.07,1.2,1.14
847418984763938477073,2025,Macdermid-Eller-Cousins,OTT,line,5on5,4,817.0,17.0,0.06,0.11,0.13,0.69,0.02,0.03,0.17,0.02,0.43,0.32,0.02,0.02,0.02,0.0,1.0,1.0,2.0,0.0,0.0,0.0,0.0,0.0,0.0,1.0,0.0,1.0,2.0,10.0,9.0,7.0,0.0,4.0,1.0,0.0,0.0,0.02,0.0,0.0,0.0,0.0,0.0,1.87,1.0,0.96,2.0,0.01,0.0,0.0,0.03,0.03,0.03,5.14,0.29,0.24,1.46,0.17,2.84,2.0,0.28,0.29,0.28,6.0,1.0,9.0,16.0,0.0,0.0,0.0,2.0,0.0,3.0,2.0,6.0,7.0,2.0,10.0,7.0,9.0,1.0,2.0,6.0,1.0,0.0,0.2,0.08,0.0,0.0,0.0,0.0,16.59,7.0,7.18,1.0,0.05,0.0,0.0,0.34,0.34,0.33
847740284804598482077,2025,Holloway-Suter-Buchnevich,STL,line,5on5,3,659.0,21.0,0.45,0.39,0.33,2.86,0.23,0.21,0.57,0.08,1.77,1.14,0.23,0.23,0.23,2.0,2.0,3.0,7.0,0.0,0.0,0.0,0.0,0.0,1.0,3.0,2.0,4.0,0.0,0.0,2.0,3.0,0.0,3.0,3.0,1.0,0.0,0.12,0.11,0.0,0.0,0.0,0.0,7.17,4.0,4.08,1.0,0.04,0.0,0.0,0.27,0.27,0.27,5.59,0.28,0.32,1.41,0.17,3.36,2.45,0.28,0.28,0.28,4.0,4.0,3.0,11.0,0.0,0.0,0.0,1.0,0.0,1.0,6.0,4.0,8.0,0.0,0.0,4.0,2.0,0.0,4.0,7.0,1.0,0.0,0.12,0.16,0.0,0.0,0.0,0.0,10.8,8.0,7.79,3.0,0.07,0.0,0.0,0.34,0.34,0.34
847517284807978481068,2025,Farabee-Kadri-Sharangovich,CGY,line,5on5,30,14217.0,111.0,0.48,0.53,0.52,140.36,11.24,9.7,36.09,4.74,75.11,54.13,10.78,11.24,10.8,129.0,62.0,81.0,272.0,11.0,16.0,2.0,24.0,0.0,66.0,74.0,118.0,180.0,9.0,18.0,129.0,58.0,20.0,60.0,141.0,41.0,9.0,4.11,4.88,2.25,4.0,6.0,1.0,274.01,191.0,192.91,33.0,2.03,2.91,2.91,10.36,10.38,10.22,131.26,12.22,9.1,31.2,4.35,69.81,51.31,11.83,12.3,11.9,123.0,55.0,65.0,243.0,16.0,16.0,1.0,25.0,0.0,70.0,51.0,107.0,162.0,15.0,30.0,135.0,103.0,37.0,59.0,128.0,36.0,14.0,3.78,4.59,3.85,9.0,6.0,1.0,241.82,178.0,177.1,26.0,1.9,3.25,3.25,10.87,10.87,10.68
848209084822018483752,2025,Goncalves-Finley-James,TBL,line,5on5,3,1040.0,19.0,0.48,0.39,0.3,4.52,0.51,0.3,1.08,0.15,2.4,1.55,0.5,0.5,0.49,3.0,3.0,6.0,12.0,1.0,1.0,0.0,0.0,0.0,4.0,0.0,2.0,5.0,2.0,6.0,9.0,5.0,2.0,5.0,3.0,2.0,1.0,0.04,0.25,0.23,0.0,1.0,0.0,12.0,6.0,5.95,4.0,0.06,0.23,0.23,0.35,0.33,0.32,9.77,0.55,0.6,2.81,0.38,5.75,3.9,0.54,0.57,0.55,6.0,8.0,5.0,19.0,0.0,2.0,0.0,1.0,0.0,5.0,6.0,6.0,14.0,2.0,4.0,7.0,15.0,1.0,1.0,13.0,1.0,0.0,0.39,0.17,0.0,0.0,0.0,0.0,19.04,14.0,14.24,0.0,0.12,0.21,0.21,0.47,0.48,0.47
84763728482142,2025,Seeler-Drysdale,PHI,pairing,5on5,37,15254.0,187.0,0.54,0.54,0.54,129.05,9.75,8.79,33.29,4.48,71.0,50.68,9.39,9.64,9.28,110.0,68.0,77.0,255.0,7.0,9.0,0.0,19.0,0.0,72.0,71.0,103.0,171.0,14.0,28.0,102.0,99.0,24.0,53.0,137.0,34.0,7.0,3.75,4.17,1.83,3.0,2.0,2.0,251.66,178.0,175.5,24.0,1.83,1.26,1.26,10.32,10.2,9.95,112.23,8.16,6.99,28.66,3.57,60.7,44.92,7.95,8.43,8.21,103.0,50.0,64.0,217.0,14.0,7.0,1.0,29.0,0.0,48.0,55.0,89.0,139.0,13.0,26.0,107.0,73.0,12.0,57.0,127.0,19.0,7.0,3.84,2.22,2.1,9.0,4.0,1.0,224.04,153.0,158.16,24.0,1.44,1.68,1.68,7.91,8.13,8.01
84794258480800,2025,Hughes-Hronek,VAN,pairing,5on5,26,20894.0,40.0,0.52,0.56,0.53,204.45,16.19,13.66,51.24,6.83,111.8,82.26,15.43,15.87,15.14,166.0,116.0,114.0,396.0,17.0,24.0,2.0,43.0,1.0,114.0,83.0,149.0,265.0,32.0,67.0,186.0,144.0,24.0,89.0,228.0,38.0,16.0,7.07,5.08,4.04,9.0,4.0,4.0,386.95,282.0,276.32,35.0,2.83,4.5,4.74,14.28,14.17,13.83,182.94,15.16,12.62,47.23,6.19,95.49,69.32,14.35,15.37,14.55,158.0,88.0,69.0,315.0,13.0,22.0,1.0,34.0,0.0,85.0,92.0,145.0,233.0,33.0,69.0,189.0,121.0,27.0,104.0,178.0,57.0,11.0,4.9,7.32,2.93,7.0,5.0,1.0,319.85,246.0,250.14,44.0,2.65,3.58,3.58,14.23,14.41,14.03
847804684827588485414,2025,Heinen-Kindel-Koivunen,PIT,line,5on5,2,845.0,7.0,0.92,0.7,0.77,7.11,0.53,0.46,1.7,0.23,4.18,2.91,0.51,0.47,0.46,5.0,5.0,4.0,14.0,0.0,1.0,0.0,0.0,0.0,4.0,5.0,5.0,10.0,0.0,0.0,3.0,4.0,1.0,3.0,7.0,3.0,0.0,0.15,0.38,0.0,0.0,0.0,0.0,12.82,10.0,9.2,2.0,0.09,0.13,0.13,0.49,0.44,0.42,2.25,0.04,0.09,0.84,0.07,1.03,0.92,0.04,0.05,0.04,1.0,2.0,3.0,6.0,0.0,0.0,0.0,0.0,0.0,2.0,1.0,1.0,3.0,1.0,2.0,9.0,5.0,1.0,8.0,3.0,0.0,0.0,0.04,0.0,0.0,0.0,0.0,0.0,6.36,3.0,3.29,5.0,0.02,0.0,0.0,0.06,0.07,0.07
84820878483457,2025,Hutson-Guhle,MTL,pairing,5on5,5,3428.0,9.0,0.5,0.47,0.41,17.49,1.54,1.14,4.17,0.57,9.54,7.03,1.48,1.56,1.5,16.0,8.0,21.0,45.0,4.0,3.0,1.0,1.0,0.0,6.0,10.0,12.0,20.0,2.0,4.0,27.0,29.0,3.0,16.0,18.0,5.0,1.0,0.69,0.64,0.22,2.0,1.0,1.0,46.62,24.0,24.91,9.0,0.24,0.78,0.41,1.37,1.42,1.41,23.46,1.57,1.53,6.53,0.89,14.7,9.79,1.55,1.5,1.48,23.0,12.0,16.0,51.0,2.0,2.0,0.0,7.0,0.0,13.0,11.0,21.0,33.0,1.0,2.0,26.0,32.0,6.0,12.0,29.0,5.0,1.0,0.76,0.6,0.2,2.0,0.0,0.0,49.43,35.0,33.71,7.0,0.31,0.21,0.21,1.66,1.61,1.59
84768698482111,2025,Skjei-Barron,NSH,pairing,5on5,13,799.0,99.0,0.78,0.62,0.67,9.19,0.84,0.64,2.16,0.28,4.59,3.48,0.79,0.82,0.77,8.0,4.0,1.0,13.0,1.0,2.0,0.0,2.0,0.0,5.0,2.0,7.0,11.0,1.0,2.0,2.0,7.0,1.0,7.0,9.0,2.0,1.0,0.33,0.3,0.21,1.0,0.0,0.0,12.77,12.0,11.77,2.0,0.13,0.38,0.38,0.6,0.61,0.59,4.53,0.24,0.26,1.16,0.14,2.41,1.79,0.24,0.24,0.24,4.0,2.0,2.0,8.0,1.0,0.0,0.0,1.0,0.0,2.0,2.0,3.0,5.0,2.0,4.0,3.0,6.0,2.0,2.0,6.0,0.0,0.0,0.24,0.0,0.0,1.0,0.0,0.0,8.2,6.0,6.06,2.0,0.05,0.0,0.0,0.29,0.3,0.3
84769028483425,2025,Lindell-Bichsel,DAL,pairing,5on5,15,717.0,165.0,0.17,0.25,0.27,2.29,0.1,0.12,0.49,0.06,1.2,1.02,0.1,0.1,0.1,1.0,2.0,0.0,3.0,0.0,0.0,0.0,0.0,0.0,1.0,2.0,1.0,3.0,1.0,2.0,0.0,7.0,1.0,4.0,3.0,0.0,0.0,0.1,0.0,0.0,0.0,0.0,0.0,2.82,3.0,2.83,2.0,0.03,0.0,0.0,0.13,0.12,0.12,6.34,0.52,0.33,1.72,0.2,2.87,2.35,0.52,0.54,0.54,4.0,4.0,1.0,9.0,0.0,1.0,0.0,0.0,0.0,3.0,4.0,4.0,8.0,0.0,0.0,1.0,5.0,2.0,0.0,5.0,3.0,0.0,0.19,0.33,0.0,0.0,0.0,0.0,9.44,8.0,8.32,0.0,0.07,0.03,0.03,0.56,0.58,0.58
84774478478396,2025,Theodore-Hanifin,VGK,pairing,5on5,18,1240.0,125.0,0.74,0.67,0.66,16.28,1.57,1.1,3.97,0.49,7.71,6.15,1.45,1.49,1.38,16.0,5.0,3.0,24.0,2.0,3.0,1.0,1.0,0.0,7.0,8.0,14.0,19.0,0.0,0.0,5.0,5.0,1.0,8.0,15.0,4.0,2.0,0.34,0.63,0.6,1.0,1.0,0.0,23.16,21.0,20.37,3.0,0.23,0.67,0.67,1.13,1.09,1.08,8.24,0.54,0.55,1.8,0.25,4.62,3.24,0.54,0.54,0.54,8.0,3.0,1.0,12.0,0.0,0.0,0.0,1.0,0.0,2.0,8.0,8.0,11.0,0.0,0.0,2.0,7.0,1.0,5.0,9.0,2.0,0.0,0.31,0.23,0.0,0.0,0.0,0.0,12.42,11.0,11.34,1.0,0.11,0.0,0.0,0.66,0.65,0.65
84769028481609,2025,Lindell-Kolyachonok,DAL,pairing,5on5,8,684.0,60.0,0.68,0.57,0.46,4.95,0.66,0.46,0.95,0.14,2.23,1.55,0.65,0.7,0.69,6.0,0.0,6.0,12.0,2.0,1.0,1.0,0.0,0.0,1.0,2.0,4.0,4.0,0.0,0.0,2.0,4.0,0.0,2.0,2.0,3.0,1.0,0.04,0.4,0.21,0.0,1.0,1.0,13.12,6.0,6.45,0.0,0.1,0.14,0.14,0.62,0.66,0.66,5.02,0.31,0.27,1.28,0.21,2.59,2.35,0.31,0.28,0.28,5.0,2.0,2.0,9.0,0.0,0.0,0.0,0.0,0.0,1.0,6.0,5.0,7.0,0.0,0.0,1.0,5.0,2.0,1.0,6.0,1.0,0.0,0.14,0.17,0.0,0.0,0.0,0.0,8.13,7.0,6.39,0.0,0.06,0.0,0.0,0.36,0.33,0.33
84789708480336,2025,Chatfield-Walker,CAR,pairing,5on5,21,1751.0,170.0,0.44,0.63,0.55,12.56,1.02,0.75,3.17,0.39,6.37,5.32,1.01,1.03,1.03,9.0,8.0,12.0,29.0,0.0,0.0,0.0,2.0,0.0,4.0,11.0,9.0,17.0,1.0,2.0,10.0,17.0,3.0,14.0,13.0,3.0,1.0,0.39,0.32,0.3,0.0,0.0,0.0,29.55,17.0,17.28,4.0,0.15,0.0,0.0,1.17,1.19,1.18,10.84,1.32,0.71,2.43,0.33,5.08,4.13,1.22,1.27,1.18,11.0,3.0,3.0,17.0,2.0,2.0,0.0,1.0,0.0,6.0,3.0,9.0,12.0,3.0,6.0,7.0,24.0,1.0,6.0,8.0,5.0,1.0,0.38,0.66,0.28,2.0,0.0,0.0,16.58,14.0,13.64,3.0,0.15,0.46,0.46,1.01,0.98,0.97
847571484768728478904,2025,Lorentz-Laughton-Jarnkrok,TOR,line,5on5,9,3123.0,52.0,0.38,0.39,0.41,21.07,1.48,1.1,5.28,0.71,11.31,9.12,1.46,1.48,1.47,21.0,8.0,5.0,34.0,1.0,1.0,0.0,7.0,0.0,10.0,10.0,20.0,28.0,1.0,2.0,30.0,22.0,3.0,10.0,24.0,3.0,2.0,0.5,0.39,0.58,1.0,0.0,0.0,34.79,29.0,29.59,6.0,0.22,0.37,0.37,1.33,1.35,1.34,30.07,2.38,1.93,7.57,0.95,17.04,12.13,2.27,2.42,2.3,26.0,16.0,11.0,53.0,1.0,2.0,0.0,6.0,0.0,21.0,12.0,25.0,41.0,1.0,2.0,23.0,24.0,5.0,17.0,33.0,7.0,2.0,0.91,0.85,0.62,1.0,0.0,0.0,52.96,42.0,41.86,6.0,0.4,0.56,0.56,2.22,2.22,2.16
847798984815338484387,2025,Zegras-Dvorak-Michkov,PHI,line,5on5,14,2625.0,136.0,0.53,0.49,0.49,22.49,1.84,1.55,5.76,0.72,11.64,8.5,1.77,1.83,1.75,19.0,11.0,14.0,44.0,2.0,3.0,0.0,7.0,0.0,9.0,9.0,17.0,28.0,0.0,0.0,28.0,16.0,1.0,19.0,22.0,7.0,1.0,0.65,0.95,0.24,1.0,1.0,0.0,43.4,30.0,29.49,10.0,0.33,0.56,0.56,1.6,1.56,1.53,22.44,1.65,1.6,5.65,0.81,12.11,9.19,1.62,1.73,1.7,19.0,12.0,14.0,45.0,1.0,3.0,0.0,4.0,0.0,12.0,11.0,18.0,30.0,4.0,8.0,11.0,17.0,0.0,14.0,24.0,6.0,1.0,0.67,0.72,0.26,1.0,0.0,0.0,46.14,31.0,31.64,6.0,0.33,0.24,0.24,1.73,1.82,1.8
847744484774798483493,2025,Burakovsky-Nazar-Bertuzzi,CHI,line,5on5,8,2245.0,87.0,0.42,0.53,0.42,18.42,1.44,1.29,4.42,0.61,9.68,7.55,1.43,1.43,1.42,14.0,11.0,18.0,43.0,1.0,1.0,0.0,4.0,0.0,10.0,9.0,13.0,24.0,2.0,4.0,14.0,6.0,5.0,9.0,19.0,6.0,0.0,0.67,0.77,0.0,0.0,1.0,0.0,42.04,25.0,24.7,2.0,0.27,0.03,0.03,1.68,1.66,1.65,26.39,1.98,1.71,6.23,0.8,14.28,10.0,1.95,1.96,1.94,20.0,15.0,3.0,38.0,4.0,1.0,0.0,2.0,0.0,13.0,15.0,16.0,31.0,0.0,0.0,19.0,16.0,2.0,15.0,27.0,7.0,1.0,0.83,0.88,0.27,2.0,1.0,1.0,37.46,35.0,34.64,7.0,0.35,0.12,0.12,2.21,2.2,2.17
84773658478452,2025,Jones-Clifton,PIT,pairing,5on5,1,877.0,2.0,0.11,0.3,0.29,3.33,0.07,0.15,1.0,0.12,2.07,1.59,0.07,0.08,0.08,1.0,4.0,4.0,9.0,0.0,0.0,0.0,1.0,1.0,2.0,1.0,1.0,5.0,1.0,2.0,6.0,7.0,1.0,3.0,5.0,0.0,0.0,0.07,0.0,0.0,0.0,0.0,0.0,10.08,5.0,5.55,1.0,0.03,0.0,0.0,0.1,0.11,0.11,8.85,0.61,0.55,2.46,0.31,4.71,3.36,0.58,0.56,0.54,7.0,5.0,9.0,21.0,1.0,1.0,0.0,1.0,1.0,6.0,2.0,6.0,11.0,0.0,0.0,7.0,7.0,1.0,4.0,10.0,2.0,0.0,0.39,0.21,0.0,0.0,1.0,0.0,19.07,12.0,10.94,0.0,0.12,0.05,0.1,0.62,0.56,0.55
847514984784938481557,2025,Johansson-Eriksson Ek-Boldy,MIN,line,5on5,28,14647.0,81.0,0.56,0.53,0.53,144.11,10.7,9.82,34.43,4.7,80.32,59.04,10.38,10.93,10.6,128.0,71.0,67.0,266.0,16.0,13.0,2.0,20.0,0.0,88.0,62.0,112.0,183.0,15.0,33.0,132.0,61.0,22.0,63.0,158.0,34.0,7.0,4.28,4.21,2.21,6.0,8.0,2.0,274.51,199.0,204.93,25.0,2.03,2.38,2.38,10.35,10.59,10.46,126.76,8.4,8.65,33.88,4.4,72.13,50.55,8.08,8.21,7.89,113.0,65.0,60.0,238.0,3.0,9.0,0.0,33.0,0.0,58.0,75.0,110.0,175.0,15.0,33.0,143.0,92.0,19.0,72.0,152.0,21.0,5.0,4.49,2.65,1.25,2.0,1.0,0.0,232.13,178.0,173.13,33.0,1.79,1.23,1.23,8.96,8.75,8.57
848018884802088482116,2025,Zetterlund-Sttzle-Batherson,OTT,line,5on5,16,717.0,232.0,0.57,0.64,0.65,7.98,0.5,0.54,2.1,0.25,4.29,3.31,0.5,0.5,0.5,6.0,5.0,3.0,14.0,1.0,0.0,0.0,3.0,0.0,4.0,3.0,5.0,10.0,0.0,0.0,3.0,8.0,3.0,3.0,9.0,2.0,0.0,0.26,0.24,0.0,0.0,1.0,0.0,13.47,11.0,10.73,2.0,0.11,0.0,0.0,0.61,0.61,0.61,4.22,0.38,0.29,0.98,0.16,2.39,1.81,0.38,0.39,0.39,4.0,2.0,2.0,8.0,1.0,0.0,0.0,1.0,0.0,1.0,3.0,3.0,5.0,0.0,0.0,4.0,2.0,0.0,7.0,4.0,2.0,0.0,0.17,0.21,0.0,0.0,1.0,0.0,8.08,6.0,5.97,4.0,0.06,0.0,0.0,0.44,0.45,0.45
847645484782338478402,2025,Mangiapane-Mcdavid-Nugent-Hopkins,EDM,line,5on5,7,4826.0,13.0,0.5,0.55,0.46,38.56,3.57,2.73,8.72,1.17,20.53,15.28,3.54,3.67,3.63,33.0,19.0,35.0,87.0,3.0,2.0,0.0,9.0,0.0,17.0,21.0,30.0,49.0,4.0,8.0,35.0,13.0,7.0,23.0,35.0,14.0,3.0,1.12,1.61,0.84,2.0,1.0,0.0,88.42,52.0,53.26,10.0,0.57,0.48,0.48,3.66,3.75,3.71,45.77,3.52,3.12,11.76,1.52,24.36,17.71,3.44,3.56,3.48,44.0,18.0,10.0,72.0,3.0,7.0,0.0,7.0,1.0,22.0,22.0,41.0,59.0,5.0,10.0,41.0,21.0,13.0,28.0,46.0,15.0,1.0,1.3,1.94,0.28,1.0,2.0,0.0,72.4,62.0,62.55,15.0,0.65,0.99,0.99,3.19,3.21,3.17
84795768479983,2025,Ferraro-Desharnais,SJS,pairing,5on5,19,2632.0,136.0,0.39,0.43,0.38,12.7,0.94,0.85,3.03,0.45,7.41,5.32,0.91,0.93,0.89,11.0,7.0,16.0,34.0,2.0,2.0,0.0,1.0,0.0,7.0,6.0,9.0,16.0,2.0,4.0,14.0,21.0,0.0,12.0,15.0,2.0,1.0,0.39,0.25,0.3,1.0,1.0,0.0,34.66,18.0,18.1,7.0,0.18,0.34,0.34,0.78,0.78,0.75,21.08,1.5,1.25,5.32,0.7,11.38,8.85,1.48,1.49,1.47,21.0,8.0,16.0,45.0,1.0,1.0,0.0,7.0,0.0,12.0,8.0,20.0,28.0,3.0,6.0,6.0,11.0,4.0,6.0,23.0,5.0,1.0,0.71,0.56,0.23,1.0,0.0,0.0,44.56,29.0,28.64,2.0,0.26,0.23,0.23,1.53,1.51,1.51
847627884768898477454,2025,Erne-Blackwell-Faksa,DAL,line,5on5,9,1648.0,67.0,0.55,0.51,0.5,9.84,0.71,0.61,2.37,0.31,5.06,3.94,0.71,0.69,0.69,9.0,4.0,7.0,20.0,1.0,0.0,0.0,1.0,0.0,6.0,5.0,8.0,12.0,0.0,0.0,12.0,16.0,1.0,9.0,9.0,4.0,0.0,0.21,0.5,0.0,0.0,1.0,0.0,19.64,13.0,12.75,5.0,0.13,0.0,0.0,0.83,0.82,0.82,9.55,0.58,0.58,2.32,0.32,5.09,4.11,0.57,0.57,0.56,8.0,5.0,6.0,19.0,0.0,1.0,0.0,2.0,0.0,5.0,5.0,8.0,13.0,2.0,4.0,11.0,13.0,1.0,6.0,11.0,2.0,0.0,0.39,0.19,0.0,0.0,0.0,0.0,19.24,13.0,12.96,2.0,0.12,0.1,0.1,0.59,0.59,0.58
847959184796618483489,2025,Jeannot-Minten-Eyssimont,BOS,line,5on5,19,4418.0,156.0,0.51,0.51,0.53,49.77,3.18,3.24,12.83,1.63,25.65,19.47,3.14,3.15,3.11,41.0,25.0,21.0,87.0,3.0,6.0,1.0,8.0,0.0,21.0,28.0,38.0,63.0,5.0,10.0,44.0,35.0,3.0,21.0,53.0,11.0,2.0,1.45,1.31,0.42,1.0,1.0,1.0,84.72,66.0,64.5,13.0,0.67,0.71,0.71,3.15,3.13,3.11,43.88,3.11,2.81,11.92,1.43,22.81,16.92,3.01,3.26,3.15,39.0,20.0,24.0,83.0,7.0,7.0,2.0,13.0,0.0,15.0,17.0,32.0,52.0,2.0,4.0,37.0,41.0,6.0,21.0,47.0,11.0,1.0,1.47,1.42,0.22,3.0,3.0,1.0,84.98,59.0,60.66,5.0,0.58,1.04,1.04,2.65,2.75,2.7
84764628482684,2025,Hughes-Hamilton,NJD,pairing,5on5,30,3418.0,192.0,0.54,0.59,0.54,30.1,2.16,1.97,7.48,1.01,16.64,11.74,2.09,2.09,2.02,28.0,13.0,26.0,67.0,4.0,1.0,0.0,14.0,1.0,11.0,10.0,24.0,37.0,3.0,6.0,31.0,17.0,4.0,16.0,31.0,9.0,1.0,0.79,1.11,0.26,2.0,2.0,0.0,63.29,41.0,39.68,7.0,0.41,0.15,0.15,2.41,2.34,2.26,25.08,1.84,1.62,6.19,0.88,14.16,10.3,1.83,1.89,1.88,22.0,13.0,12.0,47.0,0.0,2.0,0.0,7.0,0.0,12.0,14.0,22.0,35.0,4.0,8.0,26.0,13.0,5.0,13.0,27.0,7.0,1.0,0.83,0.74,0.27,0.0,0.0,0.0,50.34,35.0,36.81,4.0,0.34,0.04,0.04,2.13,2.19,2.19
84780388484258,2025,Toews-Malinski,COL,pairing,5on5,34,2921.0,265.0,0.63,0.67,0.64,33.24,3.71,2.32,7.89,1.1,16.79,12.18,3.57,3.84,3.7,31.0,13.0,15.0,59.0,3.0,5.0,1.0,4.0,0.0,17.0,15.0,28.0,41.0,7.0,14.0,14.0,10.0,4.0,11.0,28.0,10.0,6.0,0.9,1.23,1.58,2.0,1.0,0.0,60.51,44.0,45.23,2.0,0.5,0.89,0.89,3.32,3.44,3.41,18.71,2.21,1.25,4.17,0.58,9.47,7.32,2.06,2.14,2.0,17.0,8.0,4.0,29.0,2.0,2.0,0.0,1.0,0.0,8.0,12.0,15.0,23.0,4.0,8.0,13.0,21.0,4.0,18.0,16.0,6.0,3.0,0.5,0.77,0.94,1.0,0.0,1.0,27.96,25.0,24.0,9.0,0.26,0.56,0.56,1.91,1.89,1.88
84754558483495,2025,Dillon-Nemec,NJD,pairing,5on5,21,7656.0,117.0,0.52,0.54,0.55,60.18,4.2,4.16,14.9,2.07,35.76,25.91,4.1,4.27,4.16,65.0,22.0,45.0,132.0,9.0,3.0,1.0,11.0,0.0,28.0,36.0,56.0,78.0,6.0,12.0,46.0,60.0,17.0,31.0,70.0,14.0,3.0,1.64,1.67,0.89,6.0,2.0,1.0,133.51,87.0,88.18,13.0,0.86,0.6,0.6,4.46,4.53,4.5,51.67,3.9,3.38,12.98,1.77,28.21,20.76,3.76,3.87,3.72,49.0,22.0,40.0,111.0,10.0,5.0,1.0,12.0,1.0,20.0,23.0,39.0,61.0,12.0,24.0,61.0,55.0,11.0,26.0,58.0,12.0,1.0,2.09,1.53,0.28,8.0,2.0,0.0,109.23,71.0,69.86,14.0,0.71,0.55,0.55,4.06,4.02,3.92
847994484808068482475,2025,Aston-Reese-Lundestrm-Chinakhov,CBJ,line,5on5,8,2048.0,71.0,0.54,0.45,0.5,16.52,1.49,0.97,4.1,0.54,8.4,6.5,1.49,1.48,1.47,17.0,5.0,4.0,26.0,2.0,1.0,0.0,5.0,0.0,5.0,9.0,15.0,20.0,1.0,2.0,12.0,13.0,4.0,9.0,16.0,5.0,1.0,0.55,0.72,0.22,2.0,0.0,0.0,26.46,22.0,22.5,5.0,0.2,0.11,0.11,1.59,1.56,1.56,16.51,1.28,0.94,4.41,0.54,8.42,6.41,1.24,1.29,1.25,14.0,8.0,10.0,32.0,2.0,1.0,0.0,2.0,0.0,10.0,7.0,12.0,20.0,2.0,4.0,19.0,18.0,1.0,6.0,17.0,4.0,1.0,0.51,0.51,0.26,2.0,0.0,0.0,32.84,22.0,22.45,3.0,0.2,0.13,0.13,1.35,1.37,1.32
847843484793538481133,2025,Reinhardt-Howden-Kolesar,VGK,line,5on5,8,1345.0,97.0,0.49,0.46,0.5,8.35,0.83,0.57,1.64,0.24,4.31,3.4,0.83,0.86,0.86,6.0,5.0,2.0,13.0,1.0,0.0,0.0,2.0,0.0,3.0,5.0,5.0,10.0,0.0,0.0,9.0,18.0,2.0,8.0,6.0,5.0,0.0,0.15,0.68,0.0,0.0,1.0,0.0,12.89,11.0,11.09,6.0,0.12,0.0,0.0,0.95,0.98,0.98,8.13,0.88,0.6,2.19,0.3,4.22,2.81,0.85,0.9,0.87,6.0,5.0,4.0,15.0,1.0,1.0,0.0,4.0,0.0,3.0,2.0,5.0,10.0,0.0,0.0,14.0,11.0,0.0,8.0,6.0,5.0,0.0,0.21,0.67,0.0,0.0,1.0,0.0,15.24,11.0,11.3,4.0,0.13,0.16,0.16,0.85,0.88,0.84
847994484808068482660,2025,Aston-Reese-Lundestrm-Johnson,CBJ,line,5on5,5,1423.0,26.0,0.5,0.5,0.48,9.57,0.56,0.6,2.45,0.29,5.2,3.89,0.56,0.56,0.56,9.0,4.0,7.0,20.0,0.0,0.0,0.0,2.0,0.0,7.0,4.0,9.0,13.0,1.0,2.0,10.0,10.0,1.0,6.0,12.0,1.0,0.0,0.37,0.19,0.0,0.0,0.0,0.0,19.58,13.0,12.6,2.0,0.13,0.0,0.0,0.69,0.69,0.69,10.56,0.56,0.56,2.44,0.34,5.45,4.64,0.56,0.58,0.57,9.0,5.0,6.0,20.0,2.0,0.0,0.0,2.0,0.0,4.0,6.0,7.0,12.0,2.0,4.0,11.0,10.0,1.0,8.0,12.0,2.0,0.0,0.34,0.22,0.0,1.0,1.0,0.0,20.83,14.0,14.27,2.0,0.11,0.0,0.0,0.68,0.69,0.69
847791984817898483497,2025,Kartye-Gaudreau-Nyman,SEA,line,5on5,7,2310.0,30.0,0.3,0.35,0.39,13.51,0.71,0.89,3.83,0.53,8.3,5.74,0.7,0.71,0.71,12.0,8.0,8.0,28.0,1.0,0.0,0.0,2.0,0.0,8.0,9.0,11.0,19.0,1.0,2.0,20.0,30.0,6.0,7.0,19.0,1.0,0.0,0.63,0.08,0.0,1.0,0.0,0.0,28.48,20.0,20.37,4.0,0.19,0.0,0.0,0.89,0.9,0.89,22.43,1.65,1.45,6.13,0.78,12.2,8.79,1.6,1.66,1.61,20.0,11.0,20.0,51.0,0.0,2.0,0.0,6.0,0.0,15.0,8.0,20.0,31.0,4.0,8.0,23.0,17.0,2.0,9.0,22.0,8.0,1.0,0.57,0.86,0.21,0.0,0.0,0.0,50.78,31.0,31.01,3.0,0.3,0.22,0.22,1.74,1.74,1.69
84745688480049,2025,Samberg-Schenn,WPG,pairing,5on5,11,3069.0,68.0,0.39,0.49,0.44,18.33,1.22,1.23,4.43,0.61,10.46,8.04,1.22,1.26,1.25,17.0,9.0,18.0,44.0,2.0,0.0,0.0,1.0,0.0,14.0,9.0,15.0,24.0,3.0,6.0,25.0,32.0,4.0,12.0,21.0,4.0,1.0,0.44,0.55,0.24,0.0,2.0,0.0,43.34,26.0,25.97,5.0,0.25,0.0,0.0,1.48,1.52,1.5,24.01,1.92,1.63,5.79,0.76,12.93,9.97,1.76,1.84,1.7,16.0,17.0,13.0,46.0,2.0,3.0,0.0,4.0,0.0,9.0,15.0,14.0,31.0,3.0,6.0,21.0,17.0,1.0,11.0,26.0,5.0,2.0,0.82,0.52,0.58,2.0,0.0,0.0,45.33,33.0,32.06,4.0,0.34,0.71,0.71,1.55,1.52,1.5
847849884820558484136,2025,O'Connor-Sasson-Debrusk,VAN,line,5on5,5,713.0,51.0,0.45,0.45,0.4,4.5,0.4,0.28,1.43,0.13,2.21,1.56,0.4,0.4,0.39,2.0,4.0,3.0,9.0,0.0,0.0,0.0,0.0,0.0,3.0,3.0,2.0,6.0,0.0,0.0,3.0,1.0,0.0,5.0,4.0,1.0,1.0,0.06,0.09,0.24,0.0,0.0,0.0,8.83,6.0,6.03,1.0,0.06,0.0,0.0,0.46,0.46,0.45,6.16,0.5,0.36,1.53,0.21,3.83,2.57,0.49,0.48,0.47,4.0,5.0,2.0,11.0,2.0,1.0,1.0,0.0,0.0,1.0,5.0,2.0,7.0,1.0,2.0,3.0,3.0,0.0,1.0,7.0,2.0,0.0,0.2,0.29,0.0,0.0,2.0,0.0,10.89,9.0,8.79,1.0,0.07,0.17,0.17,0.41,0.4,0.4
847796484784038479353,2025,Barbashev-Eichel-Howden,VGK,line,5on5,4,673.0,23.0,0.14,0.43,0.17,1.56,0.09,0.11,0.48,0.08,0.76,0.48,0.09,0.08,0.08,1.0,1.0,7.0,9.0,0.0,0.0,0.0,0.0,0.0,1.0,1.0,1.0,2.0,0.0,0.0,7.0,3.0,0.0,5.0,2.0,0.0,0.0,0.09,0.0,0.0,0.0,0.0,0.0,8.87,2.0,1.83,3.0,0.02,0.0,0.0,0.11,0.1,0.1,7.5,0.55,0.42,1.96,0.25,3.92,2.91,0.53,0.58,0.56,4.0,6.0,2.0,12.0,0.0,1.0,0.0,1.0,0.0,4.0,4.0,4.0,10.0,0.0,0.0,5.0,3.0,0.0,5.0,8.0,2.0,0.0,0.29,0.26,0.0,0.0,0.0,0.0,12.38,10.0,10.3,1.0,0.09,0.16,0.16,0.47,0.5,0.48
847793384785428480003,2025,Boqvist-Rodrigues-Reinhart,FLA,line,5on5,10,4281.0,45.0,0.52,0.41,0.44,33.29,3.39,2.33,7.87,1.08,17.09,12.24,3.12,3.47,3.21,31.0,13.0,18.0,62.0,4.0,7.0,1.0,5.0,0.0,15.0,13.0,27.0,40.0,6.0,12.0,34.0,30.0,8.0,21.0,32.0,6.0,6.0,1.05,0.72,1.63,2.0,2.0,0.0,64.09,44.0,45.29,6.0,0.49,1.37,1.37,2.51,2.56,2.51,40.05,3.11,2.47,10.6,1.27,21.13,16.42,2.51,3.3,2.64,32.0,23.0,34.0,89.0,3.0,6.0,0.0,10.0,0.0,14.0,22.0,29.0,52.0,7.0,14.0,46.0,30.0,6.0,13.0,44.0,7.0,4.0,1.14,0.8,1.17,3.0,0.0,0.0,89.95,55.0,56.41,6.0,0.52,1.42,1.42,2.2,2.3,2.11
84768748477220,2025,Schmidt-Mtt,UTA,pairing,5on5,16,1504.0,148.0,0.45,0.59,0.62,11.69,0.74,0.65,2.65,0.36,6.31,5.29,0.74,0.76,0.76,12.0,4.0,7.0,23.0,1.0,0.0,0.0,0.0,0.0,5.0,10.0,11.0,15.0,0.0,0.0,7.0,11.0,1.0,6.0,12.0,4.0,0.0,0.27,0.47,0.0,0.0,1.0,0.0,23.46,16.0,16.39,2.0,0.13,0.0,0.0,0.87,0.89,0.89,7.43,0.92,0.45,1.71,0.32,3.65,2.95,0.88,0.92,0.88,9.0,1.0,6.0,16.0,0.0,1.0,0.0,2.0,0.0,5.0,2.0,9.0,10.0,1.0,2.0,6.0,12.0,1.0,12.0,5.0,4.0,1.0,0.14,0.42,0.36,0.0,0.0,0.0,15.96,10.0,9.91,6.0,0.1,0.36,0.36,0.66,0.66,0.64
847579184768738482809,2025,Hall-Jankowski-Blake,CAR,line,5on5,7,713.0,92.0,0.46,0.41,0.33,3.33,0.31,0.21,0.74,0.08,1.56,1.09,0.31,0.3,0.3,2.0,2.0,5.0,9.0,0.0,0.0,0.0,2.0,0.0,0.0,2.0,2.0,4.0,1.0,2.0,6.0,2.0,0.0,2.0,3.0,1.0,0.0,0.15,0.16,0.0,0.0,0.0,0.0,9.11,4.0,4.02,1.0,0.05,0.0,0.0,0.36,0.35,0.35,5.8,0.37,0.42,1.31,0.19,3.34,2.37,0.36,0.38,0.37,3.0,5.0,5.0,13.0,0.0,0.0,0.0,2.0,0.0,3.0,3.0,3.0,8.0,2.0,4.0,7.0,7.0,1.0,1.0,7.0,1.0,0.0,0.28,0.09,0.0,0.0,0.0,0.0,13.42,8.0,8.0,0.0,0.09,0.0,0.0,0.46,0.47,0.46
847646984779988482155,2025,Foegele-Armia-Laferriere,LAK,line,5on5,4,744.0,35.0,0.66,0.39,0.5,4.54,0.18,0.22,1.32,0.13,2.36,1.78,0.18,0.19,0.19,6.0,0.0,1.0,7.0,0.0,0.0,0.0,3.0,0.0,3.0,0.0,6.0,6.0,0.0,0.0,6.0,8.0,0.0,2.0,6.0,0.0,0.0,0.18,0.0,0.0,0.0,0.0,0.0,7.27,6.0,6.14,0.0,0.05,0.0,0.0,0.23,0.24,0.24,4.04,0.09,0.24,1.03,0.13,2.61,1.9,0.09,0.09,0.09,4.0,2.0,5.0,11.0,0.0,0.0,0.0,0.0,0.0,4.0,2.0,4.0,6.0,0.0,0.0,6.0,6.0,2.0,2.0,6.0,0.0,0.0,0.09,0.0,0.0,0.0,0.0,0.0,10.5,6.0,5.86,1.0,0.05,0.0,0.0,0.14,0.13,0.13
84756908476931,2025,Mccabe-Tanev,TOR,pairing,5on5,11,8609.0,20.0,0.5,0.48,0.49,62.51,4.71,4.04,15.43,1.96,34.83,25.02,4.64,4.78,4.71,59.0,27.0,30.0,116.0,7.0,3.0,1.0,20.0,0.0,25.0,31.0,52.0,79.0,1.0,2.0,68.0,68.0,9.0,41.0,68.0,15.0,3.0,1.99,1.9,0.83,4.0,2.0,1.0,118.75,86.0,88.28,22.0,0.83,0.68,0.68,4.87,4.96,4.92,63.99,4.64,4.5,17.03,2.19,34.93,25.71,4.45,4.7,4.5,48.0,41.0,38.0,127.0,2.0,5.0,0.0,11.0,0.0,40.0,31.0,46.0,87.0,8.0,16.0,71.0,64.0,15.0,40.0,69.0,18.0,2.0,1.98,2.15,0.51,1.0,1.0,0.0,125.79,89.0,87.77,24.0,0.96,0.63,0.63,4.97,5.03,4.92
84745908480873,2025,Sandin-Carlson,WSH,pairing,5on5,31,5507.0,203.0,0.42,0.55,0.53,48.08,2.96,3.12,12.03,1.71,27.84,20.33,2.94,2.93,2.9,48.0,20.0,36.0,104.0,7.0,3.0,0.0,10.0,0.0,28.0,20.0,41.0,61.0,6.0,18.0,35.0,29.0,6.0,22.0,57.0,10.0,1.0,1.58,1.17,0.21,4.0,3.0,0.0,103.08,68.0,67.53,4.0,0.64,0.31,0.31,3.3,3.26,3.23,46.0,4.17,3.06,11.17,1.55,23.46,17.58,4.04,4.22,4.09,46.0,15.0,25.0,86.0,6.0,7.0,0.0,8.0,0.0,21.0,19.0,40.0,55.0,7.0,20.0,40.0,24.0,7.0,28.0,37.0,22.0,2.0,1.11,2.53,0.53,3.0,3.0,0.0,86.27,61.0,60.61,15.0,0.64,0.93,0.93,3.89,3.92,3.87
84793458480796,2025,Chychrun-Fehervary,WSH,pairing,5on5,21,1224.0,217.0,0.54,0.32,0.33,8.89,1.27,0.66,2.01,0.27,3.93,2.86,1.26,1.28,1.27,7.0,4.0,3.0,14.0,0.0,1.0,0.0,0.0,0.0,4.0,6.0,7.0,11.0,1.0,2.0,5.0,6.0,2.0,8.0,5.0,5.0,1.0,0.14,0.73,0.4,0.0,0.0,0.0,14.37,11.0,11.22,2.0,0.14,0.4,0.4,1.01,1.01,1.01,15.84,1.08,0.93,3.73,0.51,9.2,6.54,1.07,1.08,1.07,16.0,6.0,8.0,30.0,1.0,0.0,0.0,5.0,0.0,8.0,8.0,15.0,21.0,1.0,2.0,4.0,4.0,2.0,4.0,17.0,5.0,0.0,0.48,0.6,0.0,1.0,0.0,0.0,29.77,22.0,21.83,3.0,0.19,0.0,0.0,1.27,1.27,1.26
848018884815288482092,2025,Zetterlund-Greig-Cozens,OTT,line,5on5,10,2336.0,130.0,0.48,0.53,0.53,18.0,1.78,1.27,4.12,0.63,10.01,7.19,1.75,1.75,1.73,12.0,13.0,8.0,33.0,2.0,2.0,0.0,2.0,0.0,6.0,13.0,10.0,23.0,3.0,9.0,23.0,15.0,6.0,16.0,19.0,3.0,3.0,0.65,0.4,0.73,1.0,0.0,1.0,33.49,25.0,25.47,5.0,0.27,0.26,0.26,1.78,1.77,1.76,16.82,1.94,1.29,4.44,0.52,8.07,5.75,1.8,2.0,1.86,15.0,7.0,7.0,29.0,1.0,2.0,0.0,4.0,0.0,11.0,4.0,14.0,21.0,2.0,7.0,22.0,13.0,1.0,7.0,13.0,6.0,3.0,0.34,0.67,0.94,0.0,1.0,0.0,29.65,22.0,22.52,4.0,0.28,0.59,0.59,1.62,1.68,1.64
84751678478178,2025,Hedman-Raddysh,TBL,pairing,5on5,12,2002.0,87.0,0.4,0.43,0.45,12.73,0.91,0.71,3.46,0.43,7.03,5.46,0.91,0.89,0.89,10.0,8.0,5.0,23.0,1.0,3.0,0.0,2.0,0.0,5.0,7.0,9.0,17.0,2.0,4.0,8.0,14.0,1.0,10.0,15.0,2.0,1.0,0.43,0.24,0.24,1.0,0.0,0.0,22.54,18.0,17.79,4.0,0.14,0.25,0.15,0.91,0.89,0.89,16.55,1.36,0.96,4.2,0.52,8.28,6.67,1.32,1.43,1.38,17.0,5.0,9.0,31.0,1.0,1.0,1.0,1.0,0.0,6.0,13.0,16.0,21.0,3.0,6.0,15.0,13.0,2.0,5.0,17.0,3.0,2.0,0.48,0.35,0.54,0.0,0.0,1.0,32.05,22.0,22.52,1.0,0.2,0.28,0.28,1.28,1.33,1.32
847752784784248481754,2025,Johnston-Harkins-Nesterenko,ANA,line,5on5,6,1869.0,33.0,0.51,0.55,0.54,17.32,1.4,1.17,4.73,0.67,10.2,6.83,1.34,1.33,1.26,15.0,10.0,13.0,38.0,1.0,3.0,1.0,5.0,0.0,9.0,7.0,14.0,24.0,5.0,15.0,17.0,31.0,0.0,4.0,19.0,4.0,2.0,0.39,0.42,0.59,0.0,0.0,1.0,36.9,25.0,24.2,2.0,0.24,0.62,0.62,1.03,0.97,0.96,15.24,1.34,1.08,3.6,0.52,8.54,5.93,1.21,1.44,1.29,14.0,7.0,10.0,31.0,3.0,2.0,0.0,3.0,0.0,9.0,4.0,11.0,18.0,1.0,5.0,13.0,19.0,1.0,11.0,15.0,5.0,1.0,0.46,0.62,0.26,2.0,1.0,0.0,32.58,21.0,22.05,6.0,0.22,0.34,0.34,1.22,1.31,1.19
84769318481122,2025,Mccabe-Benoit,TOR,pairing,5on5,32,11175.0,157.0,0.48,0.4,0.4,66.15,5.78,4.33,16.13,2.15,33.12,25.5,5.56,5.84,5.63,57.0,30.0,40.0,127.0,4.0,9.0,1.0,19.0,0.0,24.0,31.0,53.0,83.0,11.0,22.0,115.0,109.0,17.0,59.0,64.0,18.0,5.0,2.01,2.48,1.28,2.0,2.0,0.0,125.9,87.0,86.6,33.0,0.9,1.72,1.51,5.17,5.18,5.12,91.37,6.27,5.64,24.12,3.22,51.28,37.47,6.11,6.3,6.14,79.0,49.0,63.0,191.0,7.0,7.0,0.0,17.0,0.0,52.0,45.0,72.0,121.0,8.0,16.0,73.0,61.0,9.0,64.0,104.0,20.0,4.0,2.87,2.28,1.11,5.0,2.0,0.0,194.29,128.0,129.73,31.0,1.17,1.1,1.1,6.34,6.38,6.29
84763128478038,2025,Toews-Manson,COL,pairing,5on5,29,1846.0,244.0,0.53,0.59,0.58,15.46,1.49,1.07,3.82,0.5,8.68,6.42,1.41,1.53,1.44,12.0,10.0,7.0,29.0,1.0,2.0,0.0,3.0,0.0,8.0,8.0,11.0,21.0,1.0,2.0,10.0,11.0,1.0,9.0,17.0,2.0,3.0,0.44,0.26,0.79,0.0,0.0,1.0,29.4,22.0,22.38,6.0,0.23,0.57,0.57,1.14,1.16,1.09,11.95,1.34,0.86,2.78,0.38,6.11,4.53,1.28,1.27,1.21,10.0,6.0,4.0,20.0,1.0,2.0,0.0,3.0,0.0,5.0,5.0,9.0,15.0,0.0,0.0,8.0,9.0,2.0,7.0,10.0,4.0,2.0,0.28,0.51,0.55,1.0,0.0,0.0,19.56,16.0,15.72,4.0,0.18,0.55,0.55,0.97,0.94,0.93
847744484774798483450,2025,Bertuzzi-Greene-Burakovsky,CHI,line,5on5,9,2658.0,67.0,0.56,0.53,0.51,26.63,2.58,1.85,6.47,0.82,14.25,10.03,2.49,2.6,2.51,22.0,14.0,16.0,52.0,0.0,3.0,0.0,5.0,0.0,13.0,15.0,22.0,36.0,1.0,2.0,18.0,8.0,3.0,15.0,27.0,5.0,4.0,0.92,0.56,1.09,0.0,0.0,0.0,52.71,36.0,36.58,8.0,0.39,0.66,0.66,2.3,2.33,2.27,24.89,2.02,1.72,5.86,0.82,14.12,10.46,1.99,1.99,1.97,25.0,10.0,11.0,46.0,4.0,2.0,1.0,7.0,0.0,11.0,11.0,21.0,31.0,2.0,4.0,19.0,18.0,3.0,13.0,26.0,8.0,1.0,0.78,0.96,0.28,3.0,0.0,1.0,45.86,35.0,34.94,4.0,0.35,0.4,0.4,1.98,1.96,1.95
84800018481525,2025,Robertson-Vaakanainen,NYR,pairing,5on5,8,2725.0,44.0,0.36,0.49,0.44,19.52,1.17,1.18,4.98,0.64,10.83,8.21,1.16,1.19,1.19,11.0,16.0,14.0,41.0,1.0,0.0,0.0,5.0,0.0,8.0,13.0,10.0,26.0,3.0,8.0,26.0,31.0,2.0,9.0,23.0,4.0,0.0,0.63,0.53,0.0,1.0,0.0,0.0,41.73,27.0,27.23,4.0,0.24,0.0,0.0,1.41,1.43,1.43,23.99,2.09,1.66,6.45,0.93,13.46,9.41,2.03,2.03,1.98,20.0,14.0,9.0,43.0,3.0,4.0,0.0,6.0,0.0,13.0,8.0,17.0,31.0,0.0,0.0,17.0,23.0,1.0,11.0,28.0,4.0,2.0,1.12,0.41,0.56,2.0,1.0,0.0,42.21,34.0,33.33,6.0,0.34,0.63,0.63,1.8,1.76,1.73
847572684775058482667,2025,Eklund-Wennberg-Toffoli,SJS,line,5on5,19,8151.0,90.0,0.45,0.49,0.48,66.41,5.37,4.44,16.09,2.32,37.17,28.62,5.11,5.21,4.97,65.0,29.0,45.0,139.0,1.0,8.0,0.0,18.0,0.0,38.0,29.0,64.0,93.0,9.0,21.0,67.0,34.0,10.0,38.0,76.0,11.0,7.0,2.23,1.34,1.79,1.0,0.0,0.0,135.71,94.0,91.7,14.0,0.91,1.69,1.69,4.58,4.48,4.38,74.84,6.6,4.92,18.31,2.56,38.6,29.01,6.24,6.66,6.31,60.0,40.0,43.0,143.0,11.0,8.0,1.0,10.0,0.0,36.0,35.0,49.0,89.0,6.0,15.0,82.0,45.0,10.0,39.0,74.0,19.0,7.0,2.02,2.54,2.04,5.0,4.0,2.0,144.43,100.0,101.17,22.0,1.02,1.98,1.98,5.64,5.73,5.63
84753248478502,2025,Gilbert-Jensen,OTT,pairing,5on5,1,796.0,3.0,0.71,0.53,0.65,8.95,1.22,0.83,2.21,0.38,4.93,3.43,1.17,1.11,1.07,9.0,4.0,4.0,17.0,0.0,3.0,0.0,2.0,0.0,4.0,4.0,9.0,13.0,0.0,0.0,2.0,8.0,2.0,5.0,8.0,4.0,1.0,0.25,0.53,0.44,0.0,0.0,0.0,15.16,13.0,11.62,5.0,0.18,0.65,0.65,0.75,0.68,0.68,5.38,0.49,0.45,1.25,0.19,2.72,1.91,0.48,0.53,0.53,5.0,2.0,8.0,15.0,1.0,1.0,0.0,1.0,0.0,2.0,2.0,4.0,6.0,1.0,2.0,6.0,11.0,0.0,7.0,5.0,2.0,0.0,0.25,0.24,0.0,1.0,0.0,0.0,16.73,7.0,7.72,5.0,0.1,0.07,0.07,0.51,0.55,0.55
84717248478854,2025,Shea-Letang,PIT,pairing,5on5,40,27806.0,100.0,0.52,0.48,0.5,248.11,22.03,17.57,60.89,8.73,135.12,97.66,21.0,22.23,21.2,212.0,130.0,117.0,459.0,22.0,22.0,4.0,35.0,2.0,125.0,136.0,190.0,320.0,24.0,48.0,201.0,132.0,36.0,117.0,257.0,63.0,22.0,7.76,7.68,6.59,13.0,4.0,5.0,463.25,342.0,346.26,50.0,3.68,4.91,5.25,20.46,20.67,20.01,246.61,20.67,16.58,61.16,8.35,136.67,99.57,19.85,20.74,19.92,229.0,114.0,146.0,489.0,20.0,23.0,0.0,47.0,0.0,127.0,126.0,209.0,323.0,24.0,50.0,194.0,182.0,33.0,137.0,266.0,53.0,24.0,8.24,6.07,6.35,11.0,8.0,1.0,487.49,343.0,342.16,68.0,3.43,5.06,5.06,19.04,19.15,18.68
84779488481178,2025,Sanheim-Zamula,PHI,pairing,5on5,11,608.0,84.0,0.59,0.75,0.69,7.82,0.49,0.54,2.07,0.29,4.34,3.28,0.48,0.47,0.46,8.0,3.0,7.0,18.0,1.0,1.0,0.0,3.0,0.0,3.0,3.0,7.0,10.0,0.0,0.0,0.0,5.0,0.0,2.0,9.0,2.0,0.0,0.24,0.24,0.0,1.0,0.0,0.0,17.6,11.0,10.49,1.0,0.11,0.03,0.03,0.56,0.54,0.53,3.47,0.34,0.22,1.02,0.13,1.94,1.35,0.34,0.34,0.34,1.0,4.0,1.0,6.0,0.0,1.0,0.0,0.0,0.0,3.0,1.0,1.0,5.0,0.0,0.0,3.0,4.0,1.0,4.0,4.0,0.0,1.0,0.11,0.0,0.23,0.0,0.0,0.0,5.91,5.0,5.02,3.0,0.05,0.23,0.23,0.15,0.15,0.15
84768568483503,2025,Pickering-Dumba,PIT,pairing,5on5,2,1454.0,6.0,0.37,0.39,0.42,11.54,0.88,0.83,3.37,0.43,6.04,4.44,0.81,0.93,0.85,13.0,3.0,4.0,20.0,1.0,2.0,0.0,4.0,0.0,3.0,6.0,12.0,15.0,2.0,4.0,13.0,7.0,2.0,8.0,13.0,2.0,1.0,0.44,0.18,0.25,1.0,0.0,0.0,20.54,16.0,16.45,4.0,0.18,0.35,0.35,0.71,0.74,0.71,16.6,1.5,1.02,4.49,0.57,8.14,6.28,1.4,1.48,1.38,14.0,8.0,9.0,31.0,0.0,2.0,0.0,3.0,0.0,7.0,10.0,14.0,22.0,0.0,0.0,13.0,10.0,0.0,4.0,17.0,2.0,3.0,0.4,0.26,0.84,0.0,0.0,0.0,30.47,22.0,22.11,2.0,0.21,0.57,0.57,1.15,1.13,1.11
847515184775008482476,2025,Heineman-Horvat-Palmieri,NYI,line,5on5,12,6542.0,36.0,0.49,0.56,0.52,56.57,5.02,3.7,14.28,1.91,31.13,21.96,4.93,5.21,5.12,51.0,27.0,40.0,118.0,4.0,7.0,0.0,13.0,0.0,27.0,27.0,47.0,74.0,7.0,14.0,53.0,47.0,6.0,27.0,58.0,17.0,3.0,1.81,2.27,0.93,1.0,3.0,0.0,119.62,78.0,79.57,14.0,0.77,1.61,1.61,4.18,4.29,4.26,55.04,5.22,3.87,13.12,1.72,28.51,20.56,4.97,5.1,4.86,41.0,32.0,21.0,94.0,5.0,6.0,0.0,7.0,0.0,29.0,26.0,36.0,68.0,6.0,12.0,53.0,39.0,7.0,32.0,51.0,16.0,6.0,1.75,1.88,1.58,2.0,2.0,1.0,93.14,73.0,72.56,14.0,0.81,0.95,0.95,5.07,4.98,4.87
84774998481546,2025,York-Ristolainen,PHI,pairing,5on5,5,1224.0,35.0,0.68,0.65,0.63,8.64,0.72,0.59,2.38,0.36,4.62,3.32,0.7,0.71,0.69,6.0,6.0,8.0,20.0,0.0,2.0,0.0,0.0,0.0,4.0,6.0,6.0,12.0,2.0,4.0,7.0,5.0,3.0,8.0,9.0,2.0,1.0,0.3,0.2,0.23,0.0,0.0,0.0,19.08,12.0,11.65,4.0,0.13,0.27,0.27,0.58,0.58,0.56,5.04,0.34,0.26,1.29,0.17,2.71,2.23,0.34,0.33,0.33,5.0,2.0,4.0,11.0,0.0,0.0,0.0,1.0,0.0,1.0,5.0,5.0,7.0,0.0,0.0,15.0,9.0,1.0,2.0,6.0,1.0,0.0,0.19,0.14,0.0,0.0,0.0,0.0,11.43,7.0,7.13,1.0,0.05,0.0,0.0,0.39,0.39,0.39
847523184774078481237,2025,Duclair-Cizikas-Maclean,NYI,line,5on5,7,2080.0,44.0,0.49,0.43,0.51,16.11,1.31,0.87,4.28,0.54,8.09,5.91,1.29,1.26,1.24,16.0,5.0,5.0,26.0,2.0,2.0,0.0,1.0,0.0,3.0,13.0,14.0,19.0,5.0,10.0,24.0,16.0,2.0,12.0,15.0,5.0,1.0,0.35,0.7,0.27,2.0,0.0,0.0,24.81,21.0,20.2,5.0,0.18,0.35,0.35,1.14,1.1,1.09,14.19,1.38,0.95,3.37,0.47,8.13,5.7,1.32,1.51,1.43,14.0,6.0,15.0,35.0,1.0,1.0,0.0,2.0,0.0,6.0,10.0,13.0,19.0,2.0,4.0,13.0,11.0,4.0,8.0,15.0,4.0,1.0,0.45,0.53,0.4,0.0,1.0,0.0,36.64,20.0,20.8,3.0,0.2,0.4,0.4,1.18,1.25,1.24
847517084820898484230,2025,Neighbours-Schenn-Stenberg,STL,line,5on5,4,2274.0,7.0,0.51,0.49,0.49,19.14,1.38,1.3,4.94,0.66,11.8,7.93,1.36,1.42,1.4,15.0,13.0,9.0,37.0,3.0,0.0,0.0,3.0,0.0,12.0,10.0,12.0,25.0,5.0,10.0,22.0,21.0,7.0,13.0,25.0,2.0,1.0,0.82,0.29,0.27,2.0,1.0,0.0,36.89,28.0,28.42,7.0,0.27,0.0,0.0,1.64,1.69,1.67,20.5,1.35,1.25,5.62,0.7,10.86,9.22,1.31,1.38,1.34,14.0,15.0,9.0,38.0,0.0,2.0,0.0,1.0,0.0,16.0,10.0,14.0,29.0,2.0,4.0,25.0,18.0,3.0,11.0,24.0,4.0,1.0,0.64,0.46,0.25,0.0,0.0,0.0,38.89,29.0,29.43,8.0,0.26,0.27,0.27,1.34,1.37,1.34
84751818479576,2025,Leddy-Desharnais,SJS,pairing,5on5,5,1208.0,21.0,0.33,0.56,0.5,6.56,0.46,0.43,1.64,0.24,4.18,3.04,0.46,0.47,0.46,7.0,3.0,8.0,18.0,0.0,1.0,0.0,1.0,0.0,5.0,3.0,7.0,10.0,2.0,4.0,8.0,9.0,3.0,4.0,9.0,1.0,0.0,0.35,0.12,0.0,0.0,0.0,0.0,17.63,10.0,9.9,2.0,0.09,0.12,0.12,0.44,0.43,0.43,7.61,0.92,0.53,2.01,0.28,3.61,2.63,0.87,0.93,0.88,7.0,3.0,4.0,14.0,1.0,1.0,0.0,3.0,0.0,3.0,2.0,6.0,9.0,1.0,2.0,8.0,7.0,1.0,8.0,5.0,4.0,1.0,0.15,0.4,0.37,0.0,1.0,0.0,13.93,10.0,10.19,2.0,0.11,0.37,0.37,0.66,0.67,0.67
847579184779408482702,2025,Ehlers-Stankoven-Hall,CAR,line,5on5,11,702.0,111.0,0.49,0.57,0.6,11.11,0.85,0.67,2.72,0.37,6.04,4.35,0.85,0.89,0.89,10.0,5.0,2.0,17.0,1.0,0.0,0.0,1.0,0.0,4.0,9.0,9.0,14.0,0.0,0.0,3.0,0.0,3.0,3.0,11.0,3.0,1.0,0.31,0.33,0.21,0.0,0.0,1.0,18.47,15.0,15.84,1.0,0.14,0.0,0.0,0.99,1.03,1.03,7.68,0.87,0.62,1.6,0.25,3.92,2.74,0.83,0.83,0.8,8.0,2.0,3.0,13.0,2.0,1.0,0.0,1.0,0.0,2.0,4.0,6.0,8.0,0.0,0.0,6.0,2.0,1.0,2.0,6.0,4.0,0.0,0.23,0.64,0.0,1.0,1.0,0.0,12.57,10.0,9.85,2.0,0.13,0.18,0.18,0.82,0.79,0.79
847744484774798484144,2025,Bertuzzi-Bedard-Burakovsky,CHI,line,5on5,11,2853.0,108.0,0.54,0.48,0.49,27.59,2.91,1.92,7.57,0.94,14.14,9.53,2.68,3.02,2.78,28.0,9.0,10.0,47.0,4.0,4.0,1.0,7.0,0.0,10.0,12.0,24.0,33.0,8.0,16.0,25.0,16.0,7.0,10.0,27.0,6.0,4.0,0.96,0.79,1.16,1.0,1.0,2.0,47.75,37.0,37.71,4.0,0.4,0.81,0.81,2.5,2.56,2.48,29.48,2.43,1.89,7.36,0.89,15.31,11.12,2.39,2.32,2.28,24.0,15.0,12.0,51.0,2.0,1.0,0.0,7.0,0.0,17.0,12.0,22.0,37.0,3.0,6.0,23.0,15.0,5.0,19.0,30.0,8.0,1.0,0.84,1.18,0.41,1.0,1.0,0.0,49.19,39.0,37.74,7.0,0.39,0.41,0.41,2.41,2.34,2.32
847121484815808484186,2025,Ovechkin-Mcmichael-Leonard,WSH,line,5on5,5,960.0,66.0,0.28,0.25,0.19,1.94,0.19,0.16,0.36,0.07,1.27,0.95,0.18,0.19,0.18,1.0,2.0,3.0,6.0,0.0,0.0,0.0,0.0,0.0,2.0,1.0,1.0,3.0,3.0,6.0,4.0,7.0,3.0,5.0,2.0,1.0,0.0,0.1,0.09,0.0,0.0,0.0,0.0,5.85,3.0,2.89,2.0,0.03,0.0,0.0,0.23,0.23,0.22,9.12,0.5,0.54,2.23,0.3,5.44,4.0,0.5,0.54,0.54,11.0,2.0,5.0,18.0,2.0,0.0,0.0,3.0,0.0,5.0,3.0,9.0,11.0,4.0,8.0,12.0,4.0,4.0,3.0,12.0,1.0,0.0,0.37,0.13,0.0,1.0,1.0,0.0,19.4,13.0,13.89,1.0,0.11,0.0,0.0,0.61,0.66,0.66
84752798484223,2025,Chiarot-Sandin-Pellikka,DET,pairing,5on5,41,25251.0,134.0,0.46,0.47,0.46,204.5,17.06,13.24,53.62,7.24,108.16,80.68,16.28,17.16,16.36,190.0,90.0,111.0,391.0,18.0,24.0,3.0,34.0,0.0,99.0,105.0,172.0,262.0,23.0,48.0,214.0,136.0,40.0,137.0,210.0,53.0,17.0,5.67,6.66,4.73,5.0,9.0,4.0,392.47,280.0,279.72,62.0,2.77,4.79,4.79,15.05,15.08,14.72,235.78,20.29,16.29,58.47,7.92,128.24,92.79,19.73,20.3,19.74,193.0,131.0,115.0,439.0,17.0,21.0,1.0,55.0,0.0,126.0,105.0,176.0,307.0,22.0,44.0,187.0,194.0,39.0,103.0,240.0,65.0,19.0,7.25,8.09,4.95,10.0,4.0,3.0,437.79,324.0,323.13,47.0,3.4,4.11,4.11,19.58,19.58,19.29
84764738481568,2025,Vlasic-Murphy,CHI,pairing,5on5,40,6145.0,292.0,0.43,0.42,0.42,34.65,3.48,2.24,8.37,1.12,17.56,13.23,3.36,3.55,3.42,34.0,12.0,23.0,69.0,3.0,4.0,1.0,6.0,0.0,15.0,18.0,31.0,43.0,8.0,19.0,26.0,30.0,6.0,29.0,28.0,14.0,4.0,0.75,1.71,1.02,0.0,2.0,1.0,70.03,46.0,47.02,17.0,0.47,0.75,0.75,3.2,3.26,3.22,47.52,4.7,2.94,12.16,1.61,23.95,17.64,4.28,4.67,4.25,38.0,25.0,33.0,96.0,2.0,4.0,0.0,11.0,1.0,21.0,24.0,36.0,61.0,3.0,9.0,38.0,55.0,4.0,33.0,44.0,13.0,6.0,1.2,1.57,1.93,1.0,1.0,0.0,94.93,63.0,61.91,14.0,0.62,1.28,1.71,3.61,3.55,3.51
847842784808308482093,2025,Jarvis-Aho-Svechnikov,CAR,line,5on5,26,13902.0,88.0,0.6,0.65,0.63,171.27,12.96,10.44,44.14,5.62,92.15,66.69,12.37,12.94,12.34,140.0,92.0,81.0,313.0,12.0,13.0,0.0,44.0,0.0,97.0,66.0,128.0,220.0,10.0,20.0,125.0,99.0,27.0,71.0,188.0,35.0,9.0,5.84,4.56,2.56,8.0,3.0,1.0,312.53,232.0,231.14,24.0,2.16,2.5,2.5,12.62,12.57,12.34,102.39,8.65,7.06,25.29,3.47,52.97,40.56,8.34,8.75,8.41,90.0,48.0,32.0,170.0,9.0,13.0,1.0,16.0,0.0,41.0,59.0,81.0,129.0,19.0,38.0,129.0,84.0,22.0,77.0,99.0,30.0,9.0,2.93,3.44,2.28,0.0,6.0,3.0,170.9,138.0,138.53,40.0,1.48,2.14,2.14,8.0,8.1,7.93
848344584841538484762,2025,Gauthier-Carlsson-Sennecke,ANA,line,5on5,23,2462.0,244.0,0.4,0.51,0.54,26.31,1.55,1.51,6.6,0.9,15.19,11.25,1.5,1.49,1.45,18.0,19.0,12.0,49.0,3.0,3.0,1.0,3.0,0.0,18.0,10.0,15.0,34.0,4.0,8.0,18.0,11.0,2.0,15.0,32.0,4.0,1.0,0.87,0.37,0.31,1.0,1.0,1.0,46.59,37.0,35.53,6.0,0.31,0.45,0.45,1.4,1.34,1.32,23.02,2.29,1.58,5.32,0.77,12.4,9.63,2.28,2.41,2.4,21.0,11.0,15.0,47.0,1.0,1.0,0.0,5.0,1.0,9.0,15.0,20.0,31.0,2.0,4.0,21.0,18.0,0.0,19.0,21.0,9.0,2.0,0.66,1.05,0.57,0.0,1.0,0.0,49.52,32.0,33.64,7.0,0.33,0.33,0.33,2.29,2.39,2.38
847740784816018484221,2025,Duclair-Ritchie-Holmstrom,NYI,line,5on5,9,3460.0,44.0,0.45,0.4,0.4,25.24,2.0,1.62,6.2,0.84,14.62,10.72,1.92,1.95,1.88,26.0,10.0,12.0,48.0,3.0,1.0,1.0,4.0,0.0,8.0,20.0,23.0,33.0,3.0,6.0,21.0,10.0,4.0,18.0,30.0,5.0,1.0,1.05,0.67,0.27,2.0,0.0,1.0,48.02,36.0,35.82,10.0,0.33,0.27,0.27,2.06,2.0,1.93,39.39,2.43,2.46,10.14,1.32,22.11,16.54,2.39,2.45,2.41,40.0,15.0,18.0,73.0,3.0,3.0,0.0,10.0,1.0,16.0,22.0,37.0,52.0,2.0,6.0,33.0,18.0,7.0,16.0,48.0,6.0,1.0,1.42,0.8,0.2,2.0,1.0,0.0,72.43,55.0,55.02,5.0,0.51,0.52,0.52,2.41,2.41,2.39
84757538481006,2025,Tucker-Faulk,STL,pairing,5on5,34,14384.0,147.0,0.39,0.46,0.47,97.39,6.31,5.86,25.51,3.21,54.06,39.04,6.25,6.45,6.4,93.0,41.0,48.0,182.0,9.0,3.0,0.0,20.0,0.0,46.0,56.0,84.0,125.0,6.0,12.0,97.0,123.0,18.0,56.0,113.0,17.0,4.0,3.24,2.01,1.05,8.0,1.0,0.0,182.77,134.0,135.99,32.0,1.22,0.66,0.66,6.87,6.99,6.94,114.77,9.68,7.71,29.47,3.85,58.95,44.34,9.32,9.86,9.48,93.0,61.0,59.0,213.0,11.0,14.0,1.0,29.0,0.0,47.0,53.0,82.0,143.0,9.0,18.0,100.0,103.0,22.0,63.0,117.0,25.0,12.0,3.5,3.07,3.12,7.0,1.0,3.0,216.09,154.0,155.46,41.0,1.62,2.32,2.32,8.99,9.13,8.94
847353384769218480830,2025,Martinook-Staal-Svechnikov,CAR,line,5on5,16,2949.0,116.0,0.43,0.5,0.47,29.12,2.63,1.92,8.2,1.0,15.14,11.11,2.55,2.65,2.57,24.0,16.0,19.0,59.0,1.0,3.0,1.0,11.0,0.0,10.0,15.0,23.0,39.0,6.0,12.0,37.0,23.0,5.0,16.0,30.0,8.0,2.0,0.96,1.1,0.57,0.0,0.0,1.0,61.53,40.0,41.12,9.0,0.4,0.58,0.58,2.46,2.47,2.43,34.85,3.54,2.2,9.21,1.25,17.11,12.69,3.29,3.6,3.34,32.0,14.0,12.0,58.0,0.0,4.0,0.0,7.0,0.0,21.0,14.0,32.0,46.0,4.0,8.0,30.0,28.0,3.0,9.0,30.0,13.0,3.0,0.96,1.54,1.04,0.0,0.0,0.0,57.73,46.0,46.07,8.0,0.46,1.0,1.0,3.0,3.02,2.92
848044884808358481641,2025,Kiviranta-Drury-Kelly,COL,line,5on5,17,3500.0,115.0,0.56,0.61,0.57,31.75,1.87,1.87,7.89,1.0,18.98,13.4,1.82,1.92,1.87,24.0,21.0,21.0,66.0,1.0,1.0,0.0,7.0,0.0,22.0,14.0,23.0,44.0,3.0,6.0,43.0,26.0,6.0,13.0,37.0,6.0,2.0,0.73,0.72,0.42,1.0,0.0,0.0,68.43,45.0,46.46,9.0,0.38,0.2,0.2,2.05,2.09,2.04,24.34,1.49,1.61,6.11,0.81,13.7,10.27,1.46,1.46,1.42,24.0,10.0,9.0,43.0,2.0,1.0,0.0,5.0,0.0,16.0,10.0,22.0,32.0,2.0,4.0,20.0,24.0,2.0,14.0,30.0,4.0,0.0,0.9,0.6,0.0,1.0,1.0,0.0,41.71,34.0,33.02,9.0,0.34,0.15,0.15,1.68,1.64,1.6
84821008482911,2025,Nikishin-Nystrom,CAR,pairing,5on5,26,8823.0,148.0,0.47,0.58,0.54,77.21,5.96,4.67,20.62,2.64,42.36,30.75,5.68,5.84,5.58,68.0,39.0,56.0,163.0,5.0,10.0,0.0,21.0,0.0,44.0,27.0,63.0,102.0,6.0,12.0,67.0,66.0,8.0,45.0,90.0,10.0,7.0,2.66,1.2,2.1,4.0,1.0,0.0,163.18,107.0,106.65,24.0,0.97,2.28,2.06,4.87,4.81,4.72,70.43,6.66,4.53,17.05,2.36,34.81,26.59,6.31,6.67,6.33,60.0,32.0,27.0,119.0,6.0,8.0,1.0,17.0,0.0,30.0,31.0,54.0,86.0,9.0,18.0,78.0,82.0,8.0,39.0,61.0,25.0,6.0,2.0,2.88,1.78,2.0,3.0,1.0,117.91,92.0,91.76,23.0,0.95,1.77,1.77,5.85,5.92,5.8
848084884822068484911,2025,Graf-Dellandrea-Cardwell,SJS,line,5on5,3,621.0,24.0,0.19,0.55,0.4,2.89,0.08,0.11,0.8,0.11,1.59,1.3,0.08,0.08,0.08,3.0,1.0,7.0,11.0,0.0,0.0,0.0,1.0,0.0,2.0,1.0,3.0,4.0,0.0,0.0,2.0,6.0,1.0,2.0,4.0,0.0,0.0,0.08,0.0,0.0,0.0,0.0,0.0,11.04,4.0,4.06,0.0,0.02,0.0,0.0,0.1,0.1,0.1,4.67,0.33,0.32,1.35,0.16,2.23,1.61,0.32,0.35,0.34,4.0,2.0,3.0,9.0,0.0,1.0,0.0,1.0,0.0,1.0,3.0,4.0,6.0,0.0,0.0,4.0,2.0,0.0,2.0,4.0,2.0,0.0,0.11,0.22,0.0,0.0,0.0,0.0,9.43,6.0,6.25,1.0,0.07,0.14,0.14,0.26,0.28,0.28
84745638476879,2025,Doughty-Ceci,LAK,pairing,5on5,20,856.0,173.0,0.7,0.6,0.63,7.79,0.86,0.44,1.79,0.23,3.7,2.98,0.84,0.85,0.84,3.0,7.0,2.0,12.0,0.0,2.0,0.0,0.0,0.0,2.0,6.0,3.0,10.0,3.0,6.0,1.0,4.0,1.0,6.0,8.0,1.0,1.0,0.25,0.18,0.43,0.0,0.0,0.0,12.19,10.0,10.17,3.0,0.09,0.54,0.43,0.52,0.52,0.52,4.52,0.36,0.23,1.08,0.12,2.26,1.95,0.36,0.35,0.35,4.0,2.0,2.0,8.0,1.0,0.0,0.0,1.0,0.0,1.0,3.0,3.0,5.0,3.0,6.0,0.0,4.0,1.0,5.0,4.0,2.0,0.0,0.13,0.23,0.0,0.0,1.0,0.0,8.0,6.0,5.91,2.0,0.05,0.0,0.0,0.41,0.4,0.4
84808658482964,2025,Xhekaj-Dobson,MTL,pairing,5on5,18,883.0,176.0,0.19,0.37,0.35,5.41,0.25,0.32,1.32,0.17,3.27,2.66,0.25,0.25,0.25,5.0,3.0,3.0,11.0,0.0,0.0,0.0,4.0,0.0,1.0,3.0,5.0,8.0,2.0,4.0,4.0,7.0,2.0,2.0,8.0,0.0,0.0,0.25,0.0,0.0,0.0,0.0,0.0,11.3,8.0,8.19,2.0,0.06,0.0,0.0,0.32,0.31,0.31,11.45,1.09,0.72,2.53,0.31,5.98,4.37,1.02,1.06,1.0,10.0,5.0,4.0,19.0,1.0,1.0,0.0,1.0,0.0,8.0,4.0,9.0,14.0,1.0,2.0,2.0,5.0,1.0,10.0,10.0,4.0,1.0,0.3,0.46,0.32,0.0,1.0,0.0,18.44,15.0,14.79,7.0,0.15,0.32,0.32,0.92,0.9,0.83
847939084821578483690,2025,Cuylle-Laba-Raddysh,NYR,line,5on5,5,1427.0,40.0,0.43,0.43,0.3,6.23,0.72,0.47,1.56,0.2,2.9,2.15,0.7,0.74,0.71,6.0,2.0,8.0,16.0,1.0,1.0,0.0,1.0,0.0,4.0,1.0,5.0,7.0,2.0,4.0,7.0,10.0,1.0,6.0,4.0,3.0,1.0,0.14,0.28,0.3,1.0,0.0,0.0,16.48,8.0,8.21,2.0,0.1,0.3,0.3,0.53,0.55,0.54,13.73,0.96,0.87,3.88,0.49,7.4,5.4,0.92,0.94,0.91,11.0,8.0,2.0,21.0,0.0,2.0,0.0,5.0,0.0,8.0,4.0,11.0,19.0,3.0,6.0,15.0,8.0,0.0,2.0,17.0,1.0,1.0,0.54,0.19,0.23,0.0,0.0,0.0,20.33,19.0,18.8,1.0,0.18,0.26,0.26,0.88,0.86,0.84
847574584774258482705,2025,Wood-Coyle-Sillinger,CBJ,line,5on5,10,3000.0,83.0,0.67,0.51,0.49,29.47,2.98,2.04,7.58,1.05,15.04,10.31,2.64,2.84,2.52,29.0,10.0,19.0,58.0,1.0,5.0,0.0,7.0,0.0,16.0,10.0,28.0,38.0,4.0,8.0,29.0,26.0,1.0,10.0,29.0,5.0,5.0,0.91,0.58,1.49,1.0,0.0,0.0,55.83,39.0,37.56,8.0,0.42,1.06,1.06,2.35,2.23,2.12,28.17,1.5,1.68,7.16,0.92,16.44,12.3,1.48,1.58,1.56,22.0,18.0,15.0,55.0,1.0,1.0,0.0,8.0,0.0,17.0,13.0,21.0,39.0,2.0,4.0,31.0,16.0,7.0,12.0,38.0,1.0,1.0,1.11,0.17,0.22,1.0,0.0,0.0,57.38,40.0,41.57,6.0,0.35,0.22,0.22,1.62,1.71,1.69
847627884768898482145,2025,Faksa-Bourque-Blackwell,DAL,line,5on5,6,663.0,62.0,0.49,0.35,0.46,4.54,0.44,0.31,1.14,0.16,2.4,1.55,0.44,0.42,0.42,4.0,2.0,1.0,7.0,1.0,1.0,0.0,0.0,0.0,1.0,3.0,3.0,5.0,0.0,0.0,8.0,3.0,0.0,3.0,3.0,3.0,0.0,0.05,0.4,0.0,1.0,0.0,0.0,6.96,6.0,5.97,1.0,0.07,0.18,0.18,0.33,0.32,0.32,4.96,0.46,0.31,1.12,0.15,2.86,2.1,0.45,0.48,0.48,7.0,0.0,6.0,13.0,1.0,0.0,0.0,1.0,0.0,2.0,3.0,6.0,6.0,1.0,2.0,0.0,8.0,2.0,1.0,5.0,1.0,1.0,0.12,0.1,0.24,0.0,0.0,1.0,13.23,7.0,7.15,1.0,0.06,0.0,0.0,0.52,0.55,0.55
847688984774548479414,2025,Erne-Faksa-Bastian,DAL,line,5on5,8,1572.0,58.0,0.49,0.46,0.52,8.46,0.52,0.46,2.16,0.29,4.25,3.33,0.51,0.51,0.51,6.0,5.0,6.0,17.0,1.0,1.0,0.0,1.0,0.0,5.0,3.0,5.0,10.0,1.0,2.0,15.0,28.0,2.0,5.0,8.0,3.0,0.0,0.19,0.33,0.0,1.0,0.0,0.0,16.86,11.0,10.79,3.0,0.1,0.13,0.13,0.49,0.48,0.48,7.41,0.55,0.49,1.74,0.24,3.98,3.01,0.55,0.54,0.54,9.0,1.0,10.0,20.0,0.0,0.0,0.0,0.0,0.0,6.0,4.0,9.0,10.0,3.0,6.0,7.0,17.0,2.0,7.0,7.0,3.0,0.0,0.22,0.33,0.0,0.0,0.0,0.0,20.68,10.0,10.46,4.0,0.1,0.0,0.0,0.65,0.65,0.65
847464184784588481617,2025,Roslovic-Henrique-Podkolzin,EDM,line,5on5,9,834.0,97.0,0.71,0.59,0.57,9.07,1.01,0.76,2.1,0.33,5.26,3.54,0.98,1.03,1.0,9.0,4.0,7.0,20.0,1.0,2.0,0.0,2.0,0.0,5.0,3.0,8.0,12.0,2.0,4.0,4.0,5.0,1.0,5.0,9.0,2.0,2.0,0.35,0.2,0.46,0.0,1.0,0.0,20.06,13.0,12.94,2.0,0.16,0.3,0.3,0.86,0.89,0.88,6.78,0.4,0.41,1.71,0.24,4.23,3.01,0.39,0.41,0.4,5.0,5.0,4.0,14.0,0.0,0.0,0.0,1.0,0.0,4.0,5.0,5.0,10.0,0.0,0.0,5.0,2.0,3.0,6.0,10.0,0.0,0.0,0.4,0.0,0.0,0.0,0.0,0.0,14.48,10.0,10.3,2.0,0.08,0.0,0.0,0.48,0.49,0.48
848155484835248484800,2025,Wright-Catton-Kakko,SEA,line,5on5,5,835.0,35.0,0.33,0.42,0.5,6.46,0.23,0.35,1.7,0.19,3.73,2.79,0.23,0.22,0.22,5.0,4.0,4.0,13.0,0.0,0.0,0.0,3.0,0.0,4.0,2.0,5.0,9.0,1.0,2.0,7.0,3.0,3.0,4.0,9.0,0.0,0.0,0.23,0.0,0.0,0.0,0.0,0.0,12.55,9.0,8.73,2.0,0.07,0.0,0.0,0.31,0.29,0.29,6.39,0.48,0.42,1.72,0.25,3.54,2.6,0.45,0.48,0.46,7.0,2.0,9.0,18.0,0.0,1.0,0.0,2.0,0.0,2.0,4.0,7.0,9.0,0.0,0.0,8.0,5.0,0.0,3.0,7.0,1.0,1.0,0.13,0.11,0.25,0.0,0.0,0.0,19.15,9.0,9.37,0.0,0.09,0.25,0.25,0.32,0.33,0.33
847750084824768485702,2025,Heineman-Horvat-Shabanov,NYI,line,5on5,10,4670.0,36.0,0.38,0.44,0.48,43.3,3.2,2.55,10.68,1.45,24.21,17.91,3.1,3.16,3.07,44.0,16.0,18.0,78.0,3.0,5.0,2.0,8.0,0.0,23.0,21.0,41.0,57.0,3.0,6.0,37.0,31.0,6.0,27.0,48.0,10.0,2.0,1.52,1.17,0.51,1.0,0.0,2.0,78.39,60.0,59.82,14.0,0.52,0.82,0.82,2.89,2.86,2.82,47.16,5.26,3.42,12.08,1.63,24.03,17.58,4.77,5.3,4.81,44.0,20.0,35.0,99.0,4.0,10.0,0.0,5.0,0.0,27.0,18.0,40.0,60.0,7.0,14.0,33.0,34.0,7.0,18.0,45.0,9.0,10.0,1.33,1.18,2.76,3.0,1.0,0.0,98.61,64.0,64.25,11.0,0.73,2.36,2.36,3.63,3.68,3.55
84774988480803,2025,Nurse-Bouchard,EDM,pairing,5on5,32,4303.0,196.0,0.63,0.56,0.58,48.13,4.5,3.23,10.95,1.39,24.05,18.88,4.35,4.5,4.37,48.0,15.0,24.0,87.0,8.0,2.0,0.0,13.0,0.0,16.0,24.0,40.0,55.0,2.0,4.0,24.0,15.0,8.0,18.0,41.0,18.0,4.0,1.27,2.22,1.01,6.0,1.0,1.0,85.35,63.0,61.6,11.0,0.68,0.45,0.45,4.72,4.76,4.66,33.86,2.65,2.08,8.22,1.1,18.44,13.5,2.61,2.64,2.6,30.0,16.0,22.0,68.0,2.0,3.0,0.0,4.0,0.0,19.0,18.0,28.0,44.0,5.0,10.0,37.0,14.0,8.0,14.0,34.0,11.0,1.0,0.97,1.34,0.34,1.0,1.0,0.0,68.64,46.0,46.56,4.0,0.43,0.57,0.57,2.51,2.53,2.51
847740484774268482201,2025,Guentzel-Paul-Goncalves,TBL,line,5on5,4,900.0,28.0,0.38,0.5,0.38,7.5,0.56,0.42,2.15,0.21,3.88,2.78,0.56,0.61,0.6,7.0,3.0,8.0,18.0,2.0,1.0,0.0,0.0,0.0,2.0,5.0,5.0,8.0,0.0,0.0,7.0,6.0,1.0,7.0,8.0,1.0,1.0,0.16,0.1,0.3,2.0,0.0,0.0,19.83,10.0,10.64,2.0,0.09,0.3,0.3,0.35,0.36,0.36,11.67,0.91,0.63,2.67,0.4,6.29,5.1,0.89,0.88,0.86,9.0,7.0,2.0,18.0,1.0,2.0,0.0,1.0,0.0,4.0,8.0,8.0,15.0,0.0,0.0,2.0,7.0,1.0,4.0,13.0,2.0,1.0,0.38,0.2,0.33,1.0,0.0,0.0,16.68,16.0,15.39,3.0,0.13,0.34,0.34,0.7,0.67,0.66
847795684784018479987,2025,Geekie-Zacha-Pastrnak,BOS,line,5on5,18,1124.0,204.0,0.52,0.71,0.67,12.88,0.8,0.76,3.39,0.44,7.16,5.45,0.78,0.84,0.83,10.0,8.0,7.0,25.0,1.0,1.0,0.0,1.0,0.0,6.0,9.0,9.0,17.0,2.0,4.0,6.0,7.0,1.0,3.0,16.0,2.0,0.0,0.5,0.29,0.0,1.0,0.0,0.0,25.29,18.0,18.29,0.0,0.15,0.18,0.18,0.77,0.81,0.8,6.78,0.73,0.5,1.71,0.23,3.38,2.44,0.72,0.72,0.71,6.0,3.0,1.0,10.0,1.0,1.0,0.0,3.0,0.0,3.0,1.0,5.0,8.0,1.0,2.0,5.0,5.0,1.0,5.0,6.0,2.0,1.0,0.21,0.25,0.27,0.0,0.0,1.0,9.82,9.0,8.83,2.0,0.1,0.16,0.16,0.67,0.67,0.66
847751184784388482758,2025,Mantha-Novak-Koivunen,PIT,line,5on5,5,1189.0,34.0,0.48,0.46,0.48,9.97,0.71,0.67,2.57,0.32,5.78,3.96,0.7,0.69,0.68,9.0,5.0,7.0,21.0,0.0,1.0,0.0,4.0,0.0,4.0,5.0,9.0,14.0,3.0,6.0,6.0,2.0,1.0,1.0,10.0,4.0,0.0,0.22,0.49,0.0,0.0,0.0,0.0,21.57,14.0,14.24,1.0,0.14,0.13,0.13,0.71,0.7,0.69,10.72,0.76,0.71,2.45,0.32,6.26,4.5,0.74,0.75,0.74,7.0,8.0,10.0,25.0,0.0,0.0,0.0,2.0,0.0,9.0,4.0,7.0,15.0,1.0,2.0,9.0,7.0,1.0,6.0,13.0,1.0,1.0,0.36,0.17,0.24,0.0,0.0,0.0,24.23,15.0,14.63,3.0,0.15,0.0,0.0,0.91,0.9,0.89
84752008479983,2025,Orlov-Ferraro,SJS,pairing,5on5,27,4099.0,218.0,0.47,0.5,0.47,40.18,2.97,2.65,9.86,1.27,21.76,16.49,2.88,2.91,2.81,39.0,16.0,20.0,75.0,2.0,3.0,0.0,8.0,0.0,24.0,18.0,37.0,53.0,5.0,10.0,32.0,32.0,7.0,18.0,44.0,10.0,1.0,1.38,1.37,0.23,2.0,0.0,0.0,71.91,55.0,53.1,8.0,0.54,0.37,0.37,3.14,3.08,3.01,45.16,3.29,2.77,12.16,1.55,22.83,18.39,2.95,3.42,3.06,44.0,17.0,13.0,74.0,2.0,5.0,0.0,9.0,0.0,21.0,24.0,42.0,59.0,3.0,6.0,17.0,21.0,7.0,25.0,48.0,9.0,4.0,1.09,1.07,1.13,1.0,1.0,0.0,77.38,61.0,63.38,11.0,0.58,1.29,1.29,2.59,2.68,2.6
84784438481122,2025,Benoit-Carlo,TOR,pairing,5on5,15,1311.0,117.0,0.48,0.38,0.36,6.54,0.87,0.47,1.49,0.21,3.55,2.41,0.76,0.83,0.72,7.0,2.0,4.0,13.0,2.0,2.0,1.0,0.0,0.0,3.0,2.0,5.0,7.0,2.0,7.0,10.0,6.0,2.0,3.0,6.0,1.0,2.0,0.17,0.09,0.61,1.0,0.0,1.0,13.0,9.0,8.84,1.0,0.1,0.61,0.61,0.36,0.35,0.35,12.02,0.95,0.73,3.22,0.39,6.27,4.43,0.9,0.99,0.94,11.0,5.0,5.0,21.0,1.0,1.0,0.0,4.0,0.0,8.0,2.0,10.0,15.0,2.0,7.0,14.0,4.0,1.0,7.0,13.0,2.0,1.0,0.34,0.27,0.34,0.0,0.0,1.0,20.72,16.0,15.86,3.0,0.15,0.13,0.13,0.98,1.02,0.97
847571484775038478904,2025,Lorentz-Domi-Jarnkrok,TOR,line,5on5,3,808.0,22.0,0.45,0.4,0.4,4.52,0.15,0.19,1.34,0.15,2.17,2.0,0.15,0.16,0.16,5.0,1.0,2.0,8.0,0.0,0.0,0.0,0.0,0.0,1.0,5.0,5.0,6.0,1.0,2.0,9.0,9.0,1.0,4.0,5.0,1.0,0.0,0.07,0.08,0.0,0.0,0.0,0.0,8.09,6.0,6.11,2.0,0.04,0.0,0.0,0.19,0.2,0.2,5.8,0.19,0.39,1.57,0.22,3.84,2.79,0.19,0.2,0.2,7.0,2.0,3.0,12.0,2.0,0.0,0.0,0.0,0.0,4.0,3.0,5.0,7.0,0.0,0.0,5.0,1.0,1.0,6.0,9.0,0.0,0.0,0.19,0.0,0.0,2.0,0.0,0.0,12.42,9.0,9.26,3.0,0.08,0.0,0.0,0.27,0.28,0.28
84793718481161,2025,Christiansen-Fabbro,CBJ,pairing,5on5,22,9771.0,95.0,0.43,0.5,0.49,73.56,5.07,4.71,19.99,2.59,41.27,29.38,5.01,5.22,5.16,65.0,38.0,56.0,159.0,1.0,6.0,0.0,25.0,0.0,44.0,27.0,64.0,102.0,6.0,12.0,66.0,64.0,12.0,42.0,91.0,5.0,7.0,2.53,0.86,1.67,1.0,0.0,0.0,166.49,103.0,106.97,12.0,0.97,0.92,0.92,5.12,5.28,5.24,78.8,6.8,5.01,20.39,2.67,41.31,30.82,6.33,6.75,6.28,75.0,32.0,53.0,160.0,9.0,8.0,1.0,17.0,0.0,34.0,39.0,66.0,98.0,5.0,10.0,71.0,71.0,10.0,44.0,78.0,22.0,7.0,2.06,2.52,2.22,3.0,6.0,0.0,157.27,107.0,105.59,21.0,1.05,2.17,2.17,5.67,5.63,5.52
847643284826608484166,2025,Johnson-Fantilli-Jenner,CBJ,line,5on5,10,5183.0,51.0,0.45,0.6,0.56,50.61,3.62,3.22,12.42,1.55,27.06,20.12,3.55,3.55,3.49,46.0,22.0,46.0,114.0,4.0,2.0,0.0,10.0,1.0,35.0,16.0,42.0,64.0,8.0,22.0,42.0,36.0,11.0,28.0,54.0,13.0,1.0,1.65,1.64,0.33,2.0,2.0,0.0,114.54,68.0,67.51,12.0,0.67,0.49,0.49,3.8,3.78,3.72,39.48,4.42,2.78,9.28,1.31,20.69,15.51,4.28,4.4,4.26,35.0,19.0,23.0,77.0,7.0,5.0,1.0,5.0,0.0,18.0,19.0,28.0,47.0,5.0,13.0,37.0,25.0,5.0,41.0,33.0,17.0,4.0,1.06,2.24,1.13,4.0,2.0,1.0,75.83,54.0,53.76,17.0,0.59,1.26,1.26,3.75,3.77,3.71
84751818484806,2025,Leddy-Dickinson,SJS,pairing,5on5,11,3723.0,68.0,0.35,0.34,0.29,18.07,1.96,1.34,4.27,0.62,8.6,6.21,1.86,1.98,1.87,16.0,7.0,12.0,35.0,2.0,4.0,1.0,2.0,0.0,7.0,8.0,14.0,21.0,4.0,8.0,28.0,30.0,8.0,14.0,15.0,6.0,2.0,0.65,0.79,0.53,0.0,1.0,1.0,34.55,23.0,22.91,6.0,0.28,0.69,0.69,1.55,1.55,1.53,39.79,3.62,2.84,9.14,1.42,22.27,15.71,3.53,3.61,3.52,32.0,23.0,13.0,68.0,3.0,4.0,0.0,8.0,0.0,23.0,17.0,29.0,52.0,2.0,4.0,22.0,21.0,6.0,18.0,41.0,11.0,3.0,1.18,1.6,0.84,1.0,2.0,0.0,68.34,55.0,54.75,9.0,0.59,0.88,0.88,3.32,3.29,3.27
847360484763928482149,2025,Perfetti-Lowry-Toews,WPG,line,5on5,2,705.0,9.0,0.58,0.42,0.38,2.24,0.13,0.12,0.76,0.07,1.1,0.82,0.12,0.13,0.13,3.0,0.0,2.0,5.0,0.0,0.0,0.0,1.0,0.0,0.0,2.0,3.0,3.0,0.0,0.0,9.0,4.0,2.0,4.0,3.0,0.0,0.0,0.13,0.0,0.0,0.0,0.0,0.0,5.18,3.0,3.12,2.0,0.03,0.0,0.0,0.15,0.16,0.15,3.33,0.09,0.21,1.07,0.11,2.07,1.45,0.08,0.09,0.08,3.0,2.0,2.0,7.0,0.0,0.0,0.0,1.0,0.0,2.0,2.0,3.0,5.0,0.0,0.0,5.0,1.0,0.0,2.0,5.0,0.0,0.0,0.09,0.0,0.0,0.0,0.0,0.0,6.94,5.0,4.96,1.0,0.04,0.0,0.0,0.13,0.13,0.12
847456484751588476887,2025,Forsberg-O'Reilly-Stamkos,NSH,line,5on5,24,6761.0,134.0,0.52,0.54,0.52,59.77,5.1,4.26,14.18,2.02,32.83,23.61,4.97,5.09,4.95,44.0,38.0,33.0,115.0,4.0,7.0,1.0,9.0,0.0,30.0,32.0,40.0,78.0,8.0,16.0,74.0,23.0,16.0,27.0,61.0,17.0,4.0,1.99,2.22,0.89,2.0,1.0,1.0,113.06,82.0,81.33,15.0,0.88,1.03,1.03,4.96,4.98,4.89,56.13,4.79,3.83,13.43,1.85,30.08,22.02,4.6,4.8,4.6,51.0,25.0,23.0,99.0,3.0,6.0,0.0,10.0,0.0,24.0,33.0,48.0,73.0,1.0,2.0,50.0,26.0,7.0,35.0,57.0,14.0,5.0,1.81,1.68,1.3,1.0,2.0,0.0,99.77,76.0,76.52,20.0,0.8,1.35,1.35,4.23,4.21,4.17
847645984821098482157,2025,Lafrenire-Zibanejad-Cuylle,NYR,line,5on5,9,2831.0,85.0,0.5,0.47,0.46,16.87,1.21,1.04,4.53,0.54,9.13,6.55,1.2,1.22,1.21,11.0,12.0,13.0,36.0,1.0,1.0,0.0,3.0,0.0,9.0,9.0,10.0,22.0,4.0,8.0,29.0,36.0,2.0,11.0,17.0,6.0,0.0,0.4,0.81,0.0,0.0,1.0,0.0,36.57,23.0,23.64,4.0,0.21,0.02,0.02,1.4,1.41,1.41,19.9,1.21,1.32,5.09,0.64,10.87,7.87,1.2,1.17,1.16,18.0,9.0,14.0,41.0,0.0,0.0,0.0,3.0,0.0,12.0,12.0,18.0,27.0,2.0,4.0,27.0,18.0,6.0,16.0,23.0,4.0,0.0,0.82,0.4,0.0,0.0,0.0,0.0,40.09,27.0,26.06,4.0,0.27,0.0,0.0,1.49,1.43,1.42
84747168484798,2025,Buium-Spurgeon,MIN,pairing,5on5,23,5878.0,145.0,0.45,0.47,0.46,43.49,3.25,2.87,10.82,1.42,23.34,17.32,3.16,3.26,3.18,39.0,20.0,34.0,93.0,1.0,7.0,0.0,3.0,0.0,24.0,24.0,38.0,58.0,2.0,4.0,42.0,39.0,9.0,29.0,45.0,11.0,3.0,1.34,1.08,0.83,1.0,0.0,0.0,92.9,59.0,58.79,17.0,0.6,1.05,1.05,2.79,2.8,2.74,50.97,4.0,3.51,11.98,1.57,28.35,20.57,3.93,3.95,3.89,54.0,16.0,35.0,105.0,6.0,1.0,0.0,11.0,0.0,27.0,25.0,48.0,64.0,9.0,18.0,44.0,36.0,7.0,23.0,52.0,16.0,2.0,1.58,1.83,0.59,4.0,2.0,0.0,106.05,70.0,70.67,15.0,0.73,0.38,0.38,4.35,4.34,4.27
847575484774768480039,2025,Lehkonen-Nelson-Necas,COL,line,5on5,14,696.0,193.0,0.72,0.58,0.5,5.41,0.6,0.32,1.35,0.17,2.44,2.11,0.56,0.62,0.57,2.0,5.0,4.0,11.0,0.0,1.0,0.0,0.0,0.0,1.0,5.0,2.0,7.0,1.0,2.0,4.0,3.0,1.0,5.0,5.0,1.0,1.0,0.16,0.19,0.26,0.0,0.0,0.0,11.73,7.0,7.23,2.0,0.07,0.26,0.26,0.41,0.43,0.42,4.72,0.24,0.29,1.08,0.15,2.99,2.25,0.24,0.23,0.23,5.0,2.0,1.0,8.0,0.0,0.0,0.0,1.0,0.0,1.0,5.0,5.0,7.0,2.0,4.0,4.0,8.0,1.0,5.0,6.0,1.0,0.0,0.14,0.1,0.0,0.0,0.0,0.0,7.75,7.0,6.7,3.0,0.06,0.0,0.0,0.3,0.29,0.29
847415084763998476456,2025,Huberdeau-Backlund-Coleman,CGY,line,5on5,17,824.0,185.0,0.31,0.39,0.42,7.63,0.52,0.51,1.58,0.22,4.14,3.03,0.52,0.5,0.5,10.0,0.0,3.0,13.0,1.0,0.0,0.0,2.0,0.0,2.0,5.0,9.0,9.0,2.0,4.0,8.0,6.0,2.0,5.0,7.0,3.0,0.0,0.18,0.34,0.0,0.0,1.0,0.0,12.87,10.0,9.78,1.0,0.1,0.0,0.0,0.62,0.6,0.6,10.43,1.17,0.7,2.64,0.32,5.24,3.93,1.06,1.17,1.06,12.0,2.0,6.0,20.0,2.0,3.0,1.0,2.0,0.0,2.0,5.0,10.0,12.0,1.0,2.0,4.0,5.0,0.0,3.0,11.0,1.0,2.0,0.43,0.13,0.62,1.0,0.0,1.0,20.0,14.0,14.02,0.0,0.15,0.67,0.67,0.65,0.65,0.64
847531484774948478445,2025,Drouin-Barzal-Lee,NYI,line,5on5,15,4346.0,80.0,0.5,0.52,0.52,42.95,3.48,2.9,11.65,1.53,22.86,16.57,3.35,3.28,3.17,38.0,21.0,20.0,79.0,1.0,5.0,0.0,10.0,0.0,19.0,24.0,37.0,58.0,2.0,4.0,25.0,16.0,2.0,20.0,46.0,10.0,3.0,1.41,1.19,0.88,0.0,1.0,0.0,75.73,59.0,56.57,15.0,0.6,1.01,1.11,2.97,2.84,2.8,38.84,3.41,2.68,9.69,1.32,21.42,15.49,3.23,3.48,3.29,32.0,22.0,19.0,73.0,3.0,4.0,0.0,7.0,0.0,22.0,18.0,29.0,51.0,4.0,8.0,48.0,20.0,3.0,12.0,40.0,13.0,1.0,1.33,1.86,0.23,0.0,3.0,0.0,74.0,54.0,54.61,3.0,0.55,0.53,0.53,3.44,3.51,3.4
84745748477969,2025,Pettersson-Myers,VAN,pairing,5on5,41,15423.0,166.0,0.39,0.41,0.42,108.82,8.23,6.87,27.77,3.65,56.36,44.12,8.1,8.01,7.88,90.0,57.0,52.0,199.0,9.0,12.0,0.0,19.0,0.0,43.0,64.0,81.0,138.0,22.0,47.0,114.0,95.0,22.0,73.0,113.0,25.0,9.0,3.11,2.86,2.26,3.0,5.0,1.0,195.09,147.0,144.22,33.0,1.44,1.64,1.64,8.03,7.87,7.8,152.87,13.11,9.93,39.23,4.92,77.78,58.04,12.64,13.27,12.8,135.0,68.0,79.0,282.0,15.0,19.0,5.0,23.0,0.0,84.0,62.0,120.0,188.0,16.0,35.0,123.0,101.0,17.0,71.0,153.0,35.0,15.0,4.79,4.37,3.95,7.0,4.0,4.0,284.47,203.0,205.71,33.0,2.09,3.86,3.86,11.33,11.47,11.27
847637484795918479705,2025,Viel-Kuraly-Eyssimont,BOS,line,5on5,10,2898.0,59.0,0.48,0.55,0.56,27.89,1.52,1.81,6.88,0.92,15.19,11.68,1.43,1.52,1.43,21.0,17.0,16.0,54.0,1.0,4.0,0.0,5.0,0.0,15.0,13.0,20.0,37.0,7.0,17.0,24.0,29.0,3.0,11.0,33.0,4.0,1.0,0.85,0.41,0.27,1.0,0.0,0.0,54.55,38.0,38.0,5.0,0.37,0.43,0.43,1.46,1.47,1.41,21.25,1.65,1.37,5.48,0.78,11.96,8.75,1.57,1.62,1.54,18.0,12.0,14.0,44.0,2.0,3.0,0.0,4.0,0.0,9.0,12.0,16.0,28.0,3.0,9.0,30.0,33.0,7.0,15.0,24.0,5.0,1.0,0.73,0.59,0.33,2.0,0.0,0.0,43.09,30.0,29.45,9.0,0.29,0.37,0.37,1.56,1.53,1.48
84808918482671,2025,Power-Kesselring,BUF,pairing,5on5,15,5779.0,69.0,0.44,0.56,0.54,54.92,3.01,3.63,14.54,1.91,31.44,21.48,2.95,3.08,3.01,48.0,28.0,34.0,110.0,1.0,4.0,1.0,9.0,0.0,34.0,28.0,47.0,75.0,4.0,8.0,40.0,30.0,8.0,26.0,63.0,13.0,0.0,1.53,1.48,0.0,0.0,1.0,0.0,111.83,76.0,77.3,13.0,0.75,0.45,0.45,3.31,3.38,3.33,48.53,3.87,3.08,11.95,1.58,25.29,20.24,3.75,3.79,3.67,43.0,23.0,21.0,87.0,2.0,3.0,1.0,10.0,1.0,24.0,26.0,41.0,64.0,5.0,10.0,47.0,37.0,6.0,27.0,51.0,12.0,3.0,1.51,1.63,0.74,1.0,0.0,1.0,84.26,66.0,64.05,13.0,0.64,0.68,0.68,3.83,3.74,3.65
84717248476967,2025,Kulak-Letang,PIT,pairing,5on5,8,7185.0,14.0,0.5,0.49,0.52,56.21,4.27,3.97,13.1,1.81,30.73,23.12,4.22,4.39,4.34,47.0,30.0,28.0,105.0,3.0,5.0,0.0,6.0,0.0,30.0,33.0,44.0,74.0,5.0,10.0,62.0,34.0,10.0,39.0,61.0,13.0,3.0,1.91,1.68,0.68,2.0,1.0,0.0,109.09,77.0,79.53,25.0,0.82,0.6,0.6,4.49,4.64,4.6,51.63,4.33,3.27,12.84,1.77,28.03,21.76,4.16,4.15,3.99,43.0,29.0,38.0,110.0,1.0,5.0,0.0,12.0,0.0,28.0,26.0,42.0,71.0,4.0,8.0,47.0,43.0,7.0,38.0,56.0,11.0,5.0,1.67,1.25,1.41,0.0,1.0,0.0,105.38,72.0,69.95,21.0,0.68,1.26,1.26,3.76,3.65,3.61
84788548481030,2025,Shea-St. Ivany,PIT,pairing,5on5,7,4760.0,22.0,0.55,0.49,0.5,40.15,3.54,2.63,9.51,1.33,21.09,15.9,3.38,3.75,3.59,36.0,18.0,22.0,76.0,5.0,3.0,0.0,7.0,0.0,17.0,22.0,31.0,49.0,5.0,10.0,36.0,36.0,12.0,19.0,40.0,10.0,4.0,1.02,1.48,1.03,1.0,3.0,1.0,81.64,54.0,57.17,5.0,0.55,0.53,0.53,3.56,3.78,3.63,38.87,2.87,2.53,9.81,1.32,21.15,16.31,2.75,2.79,2.68,29.0,25.0,25.0,79.0,2.0,4.0,0.0,10.0,0.0,20.0,18.0,27.0,52.0,2.0,4.0,37.0,38.0,3.0,24.0,45.0,6.0,3.0,1.31,0.72,0.85,2.0,0.0,0.0,75.39,54.0,52.08,11.0,0.52,0.99,0.99,2.4,2.35,2.28
848266784842278484801,2025,Eklund-Celebrini-Smith,SJS,line,5on5,16,2060.0,131.0,0.34,0.38,0.39,18.96,1.71,1.32,4.49,0.58,9.74,7.16,1.67,1.7,1.66,18.0,7.0,6.0,31.0,1.0,1.0,0.0,4.0,0.0,10.0,9.0,17.0,24.0,2.0,4.0,10.0,7.0,4.0,9.0,16.0,6.0,3.0,0.36,0.6,0.75,0.0,1.0,0.0,30.59,25.0,25.07,7.0,0.28,0.27,0.27,1.72,1.72,1.67,29.8,3.38,1.93,7.66,1.01,14.72,10.3,3.03,3.42,3.06,23.0,16.0,12.0,51.0,3.0,7.0,1.0,3.0,0.0,13.0,13.0,20.0,36.0,5.0,10.0,19.0,17.0,0.0,10.0,25.0,8.0,6.0,0.64,0.92,1.82,1.0,1.0,1.0,52.15,39.0,39.09,2.0,0.41,1.58,1.58,2.21,2.24,2.21
847576884815548482665,2025,Schwartz-Beniers-Kakko,SEA,line,5on5,3,1642.0,6.0,0.3,0.56,0.42,8.97,0.59,0.56,2.23,0.31,5.36,3.96,0.59,0.59,0.59,7.0,6.0,16.0,29.0,1.0,0.0,0.0,1.0,0.0,5.0,6.0,6.0,12.0,2.0,4.0,12.0,3.0,2.0,11.0,11.0,2.0,0.0,0.25,0.34,0.0,1.0,0.0,0.0,28.7,13.0,12.9,3.0,0.12,0.0,0.0,0.71,0.71,0.71,13.67,1.36,0.93,3.74,0.45,6.69,4.83,1.29,1.4,1.32,11.0,7.0,5.0,23.0,0.0,2.0,0.0,1.0,0.0,8.0,7.0,11.0,18.0,0.0,0.0,17.0,10.0,2.0,11.0,11.0,6.0,1.0,0.35,0.67,0.35,0.0,0.0,0.0,23.46,18.0,18.29,1.0,0.2,0.45,0.45,1.12,1.13,1.1
847534384835738484186,2025,Frank-Dowd-Leonard,WSH,line,5on5,5,867.0,48.0,0.29,0.31,0.29,4.51,0.2,0.27,1.18,0.15,2.96,2.24,0.2,0.21,0.21,5.0,2.0,2.0,9.0,0.0,0.0,0.0,2.0,0.0,1.0,4.0,5.0,7.0,2.0,4.0,5.0,5.0,1.0,5.0,7.0,0.0,0.0,0.2,0.0,0.0,0.0,0.0,0.0,9.84,7.0,7.5,2.0,0.05,0.0,0.0,0.25,0.27,0.27,11.32,0.5,0.68,3.19,0.42,7.1,5.12,0.49,0.48,0.47,11.0,6.0,3.0,20.0,0.0,2.0,0.0,1.0,0.0,10.0,4.0,11.0,17.0,0.0,0.0,9.0,5.0,3.0,2.0,16.0,1.0,0.0,0.35,0.15,0.0,0.0,0.0,0.0,18.93,17.0,16.18,0.0,0.14,0.16,0.16,0.48,0.46,0.45
847629284770158479996,2025,Palat-Glass-Brown,NJD,line,5on5,15,4874.0,126.0,0.47,0.43,0.46,31.77,2.25,2.03,7.91,0.99,17.6,12.21,2.2,2.27,2.22,23.0,20.0,14.0,57.0,3.0,0.0,0.0,5.0,0.0,15.0,20.0,20.0,40.0,1.0,5.0,52.0,30.0,6.0,23.0,33.0,10.0,0.0,0.98,1.27,0.0,1.0,2.0,0.0,57.71,43.0,43.84,13.0,0.43,0.0,0.0,2.68,2.7,2.64,36.63,2.55,2.48,9.51,1.26,20.31,14.9,2.5,2.56,2.52,30.0,21.0,25.0,76.0,2.0,2.0,0.0,9.0,0.0,19.0,19.0,28.0,49.0,4.0,11.0,37.0,37.0,3.0,12.0,40.0,11.0,0.0,1.18,1.37,0.0,0.0,2.0,0.0,76.36,51.0,51.37,5.0,0.52,0.2,0.2,2.87,2.89,2.86
84752088476879,2025,Dumoulin-Ceci,LAK,pairing,5on5,38,20167.0,134.0,0.47,0.48,0.47,152.85,12.66,10.15,39.0,5.18,80.74,60.27,12.15,12.77,12.27,124.0,84.0,102.0,310.0,9.0,18.0,1.0,30.0,0.0,88.0,63.0,115.0,199.0,19.0,41.0,146.0,118.0,24.0,111.0,157.0,39.0,12.0,4.61,4.77,3.28,3.0,5.0,1.0,314.01,208.0,210.87,51.0,2.11,3.69,3.69,11.08,11.19,10.93,172.3,14.04,11.57,43.96,5.66,93.35,68.42,13.52,13.99,13.48,145.0,92.0,102.0,339.0,14.0,20.0,3.0,33.0,0.0,89.0,81.0,131.0,223.0,20.0,45.0,158.0,155.0,20.0,83.0,183.0,41.0,13.0,5.47,5.05,3.51,6.0,4.0,4.0,335.49,237.0,236.69,39.0,2.42,3.89,3.89,12.56,12.56,12.36
847648084800148482149,2025,Perfetti-Namestnikov-Vilardi,WPG,line,5on5,4,1043.0,28.0,0.47,0.41,0.44,4.89,0.4,0.35,1.52,0.18,2.73,1.81,0.37,0.37,0.35,4.0,3.0,4.0,11.0,1.0,1.0,1.0,2.0,0.0,0.0,3.0,3.0,6.0,0.0,0.0,8.0,8.0,2.0,3.0,5.0,2.0,0.0,0.14,0.26,0.0,0.0,1.0,0.0,10.33,7.0,6.54,1.0,0.08,0.12,0.12,0.35,0.33,0.32,6.31,0.46,0.33,1.47,0.21,3.62,2.92,0.46,0.49,0.49,5.0,4.0,7.0,16.0,2.0,0.0,0.0,1.0,0.0,4.0,2.0,3.0,7.0,0.0,0.0,6.0,6.0,3.0,1.0,6.0,3.0,0.0,0.16,0.29,0.0,1.0,1.0,0.0,17.96,9.0,9.79,0.0,0.07,0.0,0.0,0.52,0.56,0.56
848208884821488484186,2025,Lapierre-Sourdif-Leonard,WSH,line,5on5,5,950.0,48.0,0.46,0.56,0.56,10.76,1.01,0.77,2.48,0.35,5.97,4.42,1.0,1.02,1.02,12.0,3.0,7.0,22.0,0.0,1.0,0.0,3.0,0.0,6.0,5.0,12.0,15.0,0.0,0.0,5.0,5.0,2.0,7.0,10.0,4.0,1.0,0.4,0.39,0.22,0.0,0.0,0.0,21.91,15.0,15.35,2.0,0.16,0.14,0.14,1.03,1.04,1.04,9.16,1.18,0.61,2.0,0.29,4.61,3.31,1.16,1.11,1.09,9.0,3.0,5.0,17.0,2.0,0.0,0.0,4.0,0.0,1.0,5.0,7.0,10.0,3.0,6.0,5.0,7.0,1.0,3.0,5.0,5.0,2.0,0.1,0.63,0.45,0.0,2.0,0.0,16.25,12.0,11.45,2.0,0.13,0.0,0.0,1.31,1.23,1.2
847687384808298484203,2025,Nadeau-Jankowski-Kotkaniemi,CAR,line,5on5,7,2948.0,27.0,0.45,0.56,0.57,25.77,1.47,1.43,7.95,0.89,14.16,10.1,1.44,1.51,1.49,18.0,18.0,15.0,51.0,2.0,1.0,0.0,8.0,0.0,12.0,13.0,16.0,34.0,4.0,8.0,37.0,25.0,1.0,15.0,32.0,3.0,1.0,0.93,0.33,0.21,2.0,0.0,0.0,53.51,36.0,37.68,8.0,0.3,0.13,0.13,1.63,1.69,1.66,20.22,1.81,1.48,4.82,0.74,10.24,7.91,1.69,1.79,1.68,19.0,8.0,13.0,40.0,1.0,3.0,0.0,5.0,0.0,8.0,10.0,18.0,26.0,4.0,8.0,35.0,36.0,2.0,15.0,19.0,6.0,2.0,0.45,0.66,0.69,0.0,1.0,0.0,38.47,27.0,26.4,12.0,0.31,0.81,0.81,1.31,1.32,1.28
847528784780478484241,2025,Bunting-Haula-Wood,NSH,line,5on5,19,1380.0,271.0,0.44,0.44,0.4,12.43,0.89,0.75,3.2,0.44,7.18,5.54,0.88,0.87,0.87,11.0,7.0,6.0,24.0,3.0,0.0,0.0,5.0,0.0,4.0,6.0,8.0,15.0,3.0,6.0,9.0,4.0,2.0,8.0,16.0,1.0,1.0,0.42,0.12,0.35,2.0,1.0,0.0,23.17,18.0,17.61,5.0,0.15,0.0,0.0,1.04,1.02,1.02,18.01,1.13,1.24,4.44,0.64,11.18,8.36,1.12,1.15,1.14,19.0,8.0,4.0,31.0,2.0,2.0,0.0,5.0,0.0,12.0,6.0,17.0,25.0,3.0,6.0,13.0,9.0,1.0,6.0,24.0,3.0,0.0,0.77,0.36,0.0,1.0,1.0,0.0,31.53,27.0,27.55,4.0,0.26,0.15,0.15,1.24,1.26,1.25
84808798481607,2025,Johansson-Bernard-Docker,DET,pairing,5on5,26,14778.0,90.0,0.51,0.48,0.48,126.38,10.9,8.43,32.47,4.28,68.05,47.87,10.52,10.98,10.6,105.0,67.0,77.0,249.0,9.0,14.0,1.0,18.0,0.0,72.0,59.0,96.0,163.0,7.0,14.0,125.0,98.0,15.0,66.0,128.0,31.0,13.0,3.91,3.67,3.32,5.0,2.0,2.0,249.13,172.0,172.97,30.0,1.76,2.34,2.34,10.31,10.42,10.23,134.3,10.59,8.53,33.47,4.52,74.01,54.88,10.17,10.6,10.16,124.0,62.0,88.0,274.0,8.0,12.0,1.0,37.0,0.0,62.0,67.0,116.0,178.0,16.0,32.0,111.0,129.0,17.0,72.0,150.0,28.0,8.0,4.78,3.51,2.3,3.0,4.0,1.0,270.13,186.0,184.23,33.0,1.77,2.56,2.56,9.81,9.75,9.6
847749684799878482177,2025,Khusnutdinov-Lindholm-Geekie,BOS,line,5on5,5,729.0,34.0,0.1,0.27,0.22,2.57,0.13,0.18,0.77,0.09,1.69,1.14,0.13,0.12,0.12,3.0,1.0,2.0,6.0,0.0,0.0,0.0,1.0,0.0,1.0,2.0,3.0,4.0,1.0,2.0,4.0,5.0,0.0,2.0,4.0,0.0,0.0,0.13,0.0,0.0,0.0,0.0,0.0,5.53,4.0,3.78,2.0,0.04,0.0,0.0,0.16,0.16,0.16,11.1,1.1,0.88,2.48,0.33,5.28,3.92,1.08,1.18,1.16,7.0,7.0,2.0,16.0,1.0,1.0,0.0,1.0,0.0,3.0,8.0,6.0,13.0,0.0,0.0,3.0,5.0,0.0,1.0,9.0,4.0,1.0,0.37,0.5,0.23,1.0,0.0,0.0,17.57,14.0,15.02,0.0,0.18,0.09,0.09,1.2,1.29,1.28
848002884810688482679,2025,Sharangovich-Frost-Coronato,CGY,line,5on5,11,821.0,107.0,0.46,0.58,0.67,2.69,0.11,0.17,0.67,0.09,1.77,1.2,0.11,0.11,0.11,3.0,1.0,3.0,7.0,0.0,0.0,0.0,0.0,0.0,0.0,4.0,3.0,4.0,1.0,2.0,2.0,3.0,1.0,2.0,4.0,0.0,0.0,0.11,0.0,0.0,0.0,0.0,0.0,6.74,4.0,3.99,1.0,0.03,0.0,0.0,0.14,0.14,0.14,1.59,0.13,0.13,0.32,0.04,0.78,0.6,0.13,0.13,0.13,2.0,0.0,3.0,5.0,1.0,0.0,0.0,0.0,0.0,0.0,1.0,1.0,1.0,0.0,0.0,6.0,4.0,1.0,4.0,1.0,1.0,0.0,0.02,0.12,0.0,0.0,1.0,0.0,5.03,2.0,2.02,1.0,0.03,0.0,0.0,0.16,0.16,0.16
847744684793708483513,2025,Schaefer-Mccarron-Jost,NSH,line,5on5,6,954.0,83.0,0.21,0.23,0.24,4.01,0.26,0.3,0.81,0.1,2.01,1.51,0.26,0.27,0.27,3.0,2.0,2.0,7.0,1.0,0.0,0.0,0.0,0.0,2.0,2.0,2.0,4.0,4.0,11.0,14.0,10.0,1.0,2.0,4.0,1.0,0.0,0.1,0.16,0.0,1.0,0.0,0.0,7.59,5.0,5.42,1.0,0.06,0.0,0.0,0.32,0.34,0.33,11.15,0.99,0.84,2.8,0.41,6.52,4.44,0.95,0.96,0.92,12.0,4.0,8.0,24.0,1.0,0.0,0.0,0.0,0.0,9.0,6.0,11.0,15.0,1.0,5.0,7.0,9.0,0.0,2.0,13.0,1.0,2.0,0.41,0.14,0.44,1.0,0.0,0.0,23.6,16.0,15.67,1.0,0.18,0.0,0.0,1.17,1.13,1.09
847714984774268480876,2025,Douglas-Paul-Sabourin,TBL,line,5on5,4,1585.0,14.0,0.39,0.4,0.42,7.7,0.44,0.49,2.07,0.31,4.22,3.48,0.43,0.43,0.43,8.0,3.0,1.0,12.0,1.0,1.0,0.0,1.0,0.0,4.0,4.0,7.0,10.0,8.0,22.0,13.0,19.0,3.0,8.0,9.0,2.0,0.0,0.24,0.2,0.0,0.0,1.0,0.0,11.64,11.0,10.76,2.0,0.1,0.02,0.02,0.52,0.51,0.51,11.57,0.68,0.67,3.03,0.38,5.77,4.48,0.67,0.64,0.63,12.0,3.0,3.0,18.0,2.0,2.0,0.0,2.0,0.0,5.0,4.0,10.0,13.0,3.0,12.0,18.0,15.0,3.0,8.0,12.0,3.0,0.0,0.4,0.28,0.0,1.0,1.0,0.0,16.29,15.0,13.87,6.0,0.14,0.13,0.13,0.69,0.65,0.64
847456484821468482768,2025,Svechkov-Stamkos-Evangelista,NSH,line,5on5,13,1641.0,168.0,0.5,0.44,0.44,9.87,0.94,0.69,2.17,0.31,5.79,4.1,0.94,0.96,0.96,11.0,3.0,5.0,19.0,1.0,0.0,0.0,0.0,0.0,8.0,5.0,10.0,13.0,3.0,6.0,8.0,3.0,2.0,8.0,10.0,3.0,1.0,0.34,0.32,0.27,0.0,0.0,1.0,19.56,14.0,14.31,3.0,0.14,0.0,0.0,1.08,1.11,1.1,12.36,0.94,0.83,2.97,0.46,7.42,5.38,0.93,0.95,0.94,9.0,9.0,6.0,24.0,1.0,0.0,0.0,3.0,0.0,5.0,9.0,8.0,17.0,3.0,6.0,16.0,15.0,4.0,14.0,14.0,4.0,0.0,0.51,0.43,0.0,0.0,1.0,0.0,24.43,18.0,18.27,4.0,0.17,0.0,0.0,1.11,1.13,1.12
847528784768878482146,2025,Forsberg-Haula-Evangelista,NSH,line,5on5,18,801.0,264.0,0.73,0.76,0.75,10.72,0.97,0.7,2.69,0.4,5.93,4.3,0.94,0.94,0.91,10.0,5.0,7.0,22.0,0.0,2.0,0.0,1.0,0.0,4.0,8.0,10.0,15.0,1.0,2.0,4.0,7.0,0.0,3.0,11.0,3.0,1.0,0.31,0.35,0.31,0.0,0.0,0.0,21.13,15.0,14.57,1.0,0.15,0.43,0.43,0.69,0.66,0.66,3.94,0.35,0.23,0.87,0.11,1.84,1.6,0.35,0.35,0.35,5.0,0.0,2.0,7.0,0.0,0.0,0.0,0.0,0.0,2.0,3.0,5.0,5.0,3.0,6.0,1.0,4.0,2.0,2.0,3.0,2.0,0.0,0.04,0.31,0.0,0.0,0.0,0.0,7.11,5.0,5.08,1.0,0.05,0.0,0.0,0.4,0.4,0.4
848102484834998484136,2025,Ohgren-Sasson-Karlsson,VAN,line,5on5,7,1978.0,32.0,0.57,0.63,0.61,15.82,0.92,0.86,4.91,0.58,8.64,6.09,0.9,1.0,0.98,12.0,10.0,9.0,31.0,2.0,1.0,0.0,2.0,0.0,11.0,6.0,10.0,20.0,2.0,4.0,12.0,15.0,3.0,11.0,20.0,1.0,1.0,0.47,0.13,0.31,1.0,1.0,0.0,32.75,22.0,22.9,5.0,0.18,0.31,0.31,0.78,0.83,0.82,9.86,0.7,0.58,2.57,0.33,5.62,4.2,0.67,0.72,0.69,9.0,5.0,4.0,18.0,2.0,1.0,1.0,2.0,0.0,3.0,6.0,7.0,12.0,2.0,4.0,13.0,12.0,0.0,14.0,11.0,2.0,1.0,0.2,0.21,0.28,0.0,1.0,1.0,17.77,14.0,13.71,6.0,0.12,0.28,0.28,0.54,0.53,0.53
847688084784408481656,2025,Protas-Strome-Wilson,WSH,line,5on5,20,2264.0,226.0,0.56,0.58,0.58,23.96,2.49,1.66,5.8,0.82,12.5,9.72,2.44,2.62,2.57,22.0,11.0,8.0,41.0,1.0,4.0,1.0,3.0,0.0,12.0,13.0,21.0,32.0,0.0,0.0,22.0,11.0,5.0,13.0,22.0,8.0,3.0,0.68,1.01,0.8,0.0,1.0,0.0,42.48,33.0,34.18,2.0,0.35,0.82,0.82,2.02,2.13,2.12,18.09,1.92,1.19,4.3,0.58,9.15,6.86,1.82,2.01,1.9,15.0,9.0,6.0,30.0,4.0,3.0,0.0,0.0,0.0,3.0,14.0,11.0,20.0,3.0,6.0,17.0,5.0,7.0,14.0,15.0,6.0,3.0,0.54,0.65,0.72,4.0,0.0,0.0,30.66,24.0,24.86,7.0,0.25,0.61,0.61,1.55,1.6,1.59
848084284809808481481,2025,Hallander-Lizotte-Dewar,PIT,line,5on5,5,888.0,32.0,0.19,0.33,0.35,4.84,0.28,0.3,1.44,0.16,2.91,1.92,0.28,0.3,0.3,5.0,2.0,1.0,8.0,0.0,0.0,0.0,0.0,0.0,3.0,4.0,5.0,7.0,2.0,4.0,9.0,7.0,0.0,3.0,6.0,1.0,0.0,0.15,0.12,0.0,0.0,0.0,0.0,9.18,7.0,7.88,2.0,0.06,0.0,0.0,0.34,0.37,0.36,10.04,1.17,0.8,2.3,0.33,4.95,3.45,1.07,1.11,1.02,7.0,6.0,3.0,16.0,1.0,2.0,1.0,0.0,0.0,3.0,7.0,6.0,12.0,1.0,2.0,7.0,10.0,1.0,6.0,7.0,4.0,2.0,0.22,0.46,0.49,0.0,0.0,1.0,15.16,13.0,12.28,1.0,0.17,0.49,0.49,0.85,0.8,0.79
847647484794078481559,2025,Bratt-Hughes-Noesen,NJD,line,5on5,6,2951.0,23.0,0.52,0.56,0.58,28.34,1.91,1.73,6.48,0.9,15.95,12.03,1.88,1.93,1.9,29.0,10.0,19.0,58.0,0.0,2.0,0.0,8.0,0.0,11.0,18.0,29.0,39.0,2.0,4.0,13.0,14.0,3.0,15.0,32.0,6.0,1.0,0.99,0.68,0.24,0.0,0.0,0.0,58.53,39.0,39.74,8.0,0.35,0.39,0.39,1.87,1.89,1.88,20.75,1.77,1.27,5.23,0.69,10.76,8.29,1.73,1.8,1.77,22.0,6.0,17.0,45.0,3.0,1.0,1.0,4.0,0.0,10.0,10.0,19.0,25.0,3.0,6.0,24.0,11.0,3.0,16.0,22.0,4.0,2.0,0.71,0.57,0.49,2.0,0.0,1.0,45.72,28.0,28.17,9.0,0.27,0.25,0.25,1.78,1.79,1.76
84785008479371,2025,Provorov-Fabbro,CBJ,pairing,5on5,34,6194.0,212.0,0.49,0.41,0.46,48.29,3.94,3.28,11.95,1.8,26.02,20.01,3.67,3.88,3.63,47.0,20.0,21.0,88.0,2.0,9.0,1.0,11.0,0.0,21.0,24.0,45.0,65.0,9.0,24.0,42.0,44.0,9.0,30.0,50.0,14.0,3.0,1.29,1.91,0.74,1.0,1.0,0.0,88.74,67.0,68.02,13.0,0.68,0.8,0.8,3.82,3.77,3.63,57.27,4.04,3.4,15.3,2.0,31.23,24.03,3.88,4.09,3.92,53.0,27.0,45.0,125.0,5.0,5.0,1.0,11.0,1.0,26.0,32.0,48.0,75.0,14.0,37.0,49.0,31.0,8.0,29.0,70.0,6.0,4.0,1.97,0.8,1.27,4.0,0.0,1.0,122.46,80.0,79.52,14.0,0.7,1.2,1.2,3.54,3.53,3.49
847646184793368480015,2025,Tippett-Couturier-Grundstrom,PHI,line,5on5,5,1385.0,48.0,0.63,0.55,0.46,7.99,0.71,0.53,1.74,0.28,4.4,3.33,0.69,0.75,0.73,5.0,6.0,7.0,18.0,1.0,1.0,0.0,0.0,0.0,2.0,7.0,4.0,10.0,3.0,6.0,19.0,12.0,1.0,9.0,8.0,2.0,1.0,0.29,0.19,0.23,1.0,0.0,0.0,18.99,11.0,11.52,5.0,0.11,0.09,0.33,0.49,0.51,0.51,9.02,0.41,0.56,2.32,0.3,5.5,3.92,0.4,0.39,0.38,7.0,6.0,2.0,15.0,1.0,0.0,0.0,3.0,0.0,7.0,2.0,6.0,12.0,2.0,4.0,9.0,9.0,1.0,8.0,12.0,1.0,0.0,0.32,0.09,0.0,1.0,0.0,0.0,14.2,13.0,12.4,6.0,0.11,0.0,0.0,0.52,0.5,0.49
847360484746798475799,2025,Nyquist-Toews-Niederreiter,WPG,line,5on5,18,3321.0,129.0,0.58,0.55,0.57,33.51,2.73,1.98,9.2,1.14,17.69,13.25,2.59,2.65,2.52,32.0,14.0,18.0,64.0,1.0,4.0,0.0,9.0,0.0,11.0,21.0,31.0,45.0,3.0,6.0,28.0,26.0,3.0,17.0,38.0,5.0,3.0,0.85,0.71,1.17,1.0,0.0,0.0,62.99,46.0,44.88,11.0,0.41,1.35,1.35,1.79,1.74,1.69,25.68,1.95,1.61,6.32,0.82,13.98,10.32,1.89,1.98,1.93,17.0,18.0,17.0,52.0,3.0,1.0,0.0,5.0,0.0,16.0,10.0,14.0,32.0,2.0,4.0,18.0,29.0,4.0,10.0,26.0,7.0,2.0,0.7,0.78,0.47,0.0,3.0,0.0,52.97,35.0,35.98,5.0,0.34,0.26,0.26,2.02,2.08,2.03
847464184834558483512,2025,Howard-Henrique-Savoie,EDM,line,5on5,9,935.0,93.0,0.28,0.41,0.35,6.74,0.48,0.41,1.7,0.2,3.52,2.69,0.48,0.47,0.47,7.0,2.0,6.0,15.0,1.0,0.0,0.0,2.0,0.0,2.0,4.0,6.0,8.0,0.0,0.0,7.0,0.0,1.0,8.0,8.0,1.0,0.0,0.29,0.19,0.0,0.0,1.0,0.0,14.95,9.0,8.97,3.0,0.09,0.0,0.0,0.56,0.56,0.56,11.84,1.24,0.99,2.57,0.45,6.89,4.87,1.22,1.21,1.19,8.0,9.0,5.0,22.0,1.0,2.0,0.0,1.0,0.0,7.0,6.0,7.0,16.0,1.0,2.0,6.0,5.0,0.0,3.0,10.0,6.0,1.0,0.31,0.61,0.32,0.0,1.0,0.0,21.69,17.0,16.58,2.0,0.21,0.12,0.12,1.32,1.29,1.28
847646084783988480014,2025,Connor-Scheifele-Vilardi,WPG,line,5on5,40,29159.0,49.0,0.48,0.49,0.48,243.75,21.25,16.91,60.02,8.4,134.71,99.71,20.52,21.43,20.7,226.0,115.0,118.0,459.0,33.0,22.0,4.0,52.0,1.0,114.0,119.0,193.0,308.0,30.0,66.0,218.0,118.0,31.0,132.0,259.0,65.0,17.0,8.74,7.99,4.53,17.0,11.0,5.0,464.03,341.0,345.18,63.0,3.55,3.53,3.53,21.27,21.48,21.03,274.17,23.37,18.77,65.07,9.12,149.54,109.13,22.37,23.25,22.25,264.0,111.0,106.0,481.0,26.0,29.0,4.0,53.0,0.0,149.0,118.0,238.0,349.0,40.0,86.0,242.0,159.0,52.0,140.0,283.0,72.0,20.0,8.56,9.04,5.77,7.0,15.0,4.0,478.97,375.0,373.4,63.0,3.89,5.65,5.44,21.81,21.65,21.23
84788418479395,2025,Cholowski-White,NJD,pairing,5on5,6,3767.0,18.0,0.55,0.5,0.5,25.5,1.77,1.55,6.88,0.79,13.77,9.24,1.71,1.81,1.75,24.0,10.0,14.0,48.0,1.0,2.0,0.0,6.0,0.0,10.0,15.0,23.0,33.0,0.0,0.0,22.0,22.0,3.0,15.0,27.0,5.0,2.0,0.7,0.63,0.44,0.0,1.0,0.0,48.14,34.0,34.19,9.0,0.32,0.33,0.33,1.77,1.79,1.77,23.95,1.48,1.58,6.76,0.85,13.33,10.01,1.47,1.49,1.48,17.0,17.0,14.0,48.0,0.0,0.0,0.0,10.0,0.0,15.0,9.0,17.0,34.0,1.0,2.0,20.0,24.0,8.0,18.0,28.0,6.0,0.0,0.81,0.67,0.0,0.0,0.0,0.0,47.75,34.0,33.97,12.0,0.33,0.0,0.0,1.81,1.82,1.81
847937084827688483513,2025,Schaefer-Svechkov-Jost,NSH,line,5on5,4,800.0,41.0,0.68,0.66,0.61,10.61,1.23,0.89,2.42,0.31,5.52,3.62,1.08,1.18,1.04,9.0,5.0,7.0,21.0,0.0,2.0,0.0,1.0,0.0,8.0,3.0,9.0,14.0,2.0,4.0,8.0,4.0,0.0,3.0,10.0,2.0,2.0,0.35,0.3,0.58,0.0,0.0,0.0,20.12,14.0,13.56,2.0,0.19,0.58,0.58,0.84,0.83,0.81,6.3,0.58,0.5,1.24,0.22,3.8,2.66,0.57,0.57,0.56,5.0,4.0,2.0,11.0,1.0,0.0,0.0,1.0,0.0,4.0,3.0,4.0,8.0,1.0,2.0,4.0,6.0,1.0,2.0,7.0,2.0,0.0,0.26,0.32,0.0,1.0,0.0,0.0,10.61,9.0,8.82,0.0,0.11,0.0,0.0,0.68,0.67,0.67
848002384820778482089,2025,Holloway-Thomas-Neighbours,STL,line,5on5,4,1017.0,39.0,0.37,0.4,0.41,7.97,0.52,0.5,1.89,0.25,4.72,3.13,0.52,0.51,0.51,5.0,6.0,1.0,12.0,0.0,0.0,0.0,1.0,0.0,3.0,7.0,5.0,11.0,0.0,0.0,10.0,5.0,1.0,5.0,9.0,2.0,0.0,0.32,0.19,0.0,0.0,0.0,0.0,12.29,11.0,11.21,2.0,0.11,0.0,0.0,0.62,0.61,0.61,11.34,0.87,0.76,3.23,0.4,6.14,4.6,0.86,0.88,0.87,14.0,2.0,2.0,18.0,2.0,0.0,0.0,4.0,0.0,6.0,4.0,12.0,14.0,0.0,0.0,5.0,8.0,1.0,4.0,12.0,4.0,0.0,0.32,0.54,0.0,1.0,1.0,0.0,17.72,16.0,15.83,3.0,0.16,0.0,0.0,1.02,1.04,1.03
84768748479410,2025,Sergachev-Mtt,UTA,pairing,5on5,14,1256.0,160.0,0.18,0.34,0.32,5.14,0.26,0.31,1.34,0.17,2.85,2.08,0.26,0.27,0.27,4.0,3.0,5.0,12.0,0.0,0.0,0.0,2.0,0.0,1.0,4.0,4.0,7.0,0.0,0.0,5.0,10.0,1.0,5.0,5.0,2.0,0.0,0.1,0.17,0.0,0.0,0.0,0.0,12.09,7.0,7.06,4.0,0.06,0.0,0.0,0.33,0.34,0.34,10.72,1.17,0.77,2.67,0.4,5.89,4.11,1.11,1.15,1.09,8.0,7.0,8.0,23.0,1.0,2.0,0.0,1.0,0.0,6.0,5.0,7.0,14.0,2.0,4.0,10.0,11.0,1.0,3.0,10.0,4.0,1.0,0.36,0.54,0.28,1.0,0.0,0.0,23.02,15.0,14.89,1.0,0.16,0.2,0.2,1.13,1.1,1.08
847456484765398482768,2025,Svechkov-Stamkos-Marchessault,NSH,line,5on5,5,831.0,41.0,0.49,0.58,0.53,7.28,0.94,0.55,1.67,0.22,3.37,2.26,0.93,0.93,0.92,5.0,4.0,5.0,14.0,0.0,0.0,0.0,1.0,0.0,6.0,2.0,5.0,9.0,0.0,0.0,6.0,6.0,1.0,9.0,5.0,3.0,1.0,0.22,0.45,0.27,0.0,0.0,0.0,13.88,9.0,8.96,1.0,0.12,0.0,0.0,1.06,1.05,1.04,6.35,0.99,0.49,1.25,0.18,2.86,2.23,0.94,1.0,0.94,7.0,1.0,2.0,10.0,1.0,1.0,1.0,2.0,0.0,1.0,3.0,6.0,7.0,0.0,0.0,4.0,7.0,0.0,4.0,4.0,2.0,2.0,0.11,0.23,0.65,0.0,0.0,1.0,10.01,8.0,7.86,1.0,0.1,0.36,0.36,0.74,0.72,0.72
84827628484223,2025,Edvinsson-Sandin-Pellikka,DET,pairing,5on5,27,7823.0,173.0,0.35,0.48,0.49,57.81,3.77,3.78,14.95,1.97,33.89,23.65,3.75,3.64,3.62,48.0,34.0,38.0,120.0,2.0,2.0,0.0,11.0,0.0,32.0,35.0,46.0,80.0,9.0,18.0,60.0,48.0,12.0,35.0,69.0,11.0,2.0,2.09,1.14,0.55,2.0,0.0,0.0,115.33,82.0,79.21,15.0,0.78,0.24,0.25,4.3,4.15,4.12,63.41,6.89,4.37,16.05,2.12,31.55,23.02,6.36,6.94,6.4,50.0,34.0,45.0,129.0,8.0,10.0,1.0,13.0,0.0,30.0,23.0,42.0,76.0,12.0,24.0,64.0,70.0,14.0,31.0,59.0,17.0,8.0,1.94,2.51,2.43,4.0,3.0,1.0,132.71,84.0,84.31,14.0,0.93,2.18,2.18,5.63,5.7,5.45
847398684800688481754,2025,Killorn-Poehling-Nesterenko,ANA,line,5on5,10,4373.0,49.0,0.53,0.46,0.48,35.63,2.81,2.25,9.1,1.21,18.17,13.46,2.73,2.82,2.74,26.0,21.0,25.0,72.0,2.0,4.0,1.0,4.0,0.0,16.0,21.0,24.0,45.0,5.0,10.0,38.0,24.0,4.0,18.0,36.0,8.0,3.0,1.04,1.09,0.67,0.0,2.0,0.0,73.72,47.0,47.53,10.0,0.47,0.48,0.48,2.8,2.84,2.79,36.44,2.46,2.19,9.63,1.17,19.86,14.68,2.38,2.43,2.34,31.0,19.0,33.0,83.0,2.0,1.0,0.0,4.0,0.0,21.0,22.0,29.0,48.0,4.0,8.0,42.0,36.0,5.0,14.0,42.0,7.0,1.0,1.32,0.7,0.45,1.0,0.0,1.0,81.29,50.0,49.2,3.0,0.46,0.03,0.03,2.89,2.85,2.76
84768798482730,2025,Ceci-Clarke,LAK,pairing,5on5,24,1099.0,209.0,0.49,0.65,0.59,12.75,0.91,0.72,2.8,0.39,6.37,5.81,0.89,0.89,0.87,10.0,7.0,11.0,28.0,0.0,0.0,0.0,1.0,0.0,8.0,8.0,10.0,17.0,4.0,8.0,2.0,3.0,1.0,4.0,12.0,5.0,0.0,0.33,0.57,0.0,0.0,0.0,0.0,27.47,17.0,16.95,0.0,0.15,0.0,0.0,1.05,1.03,1.01,9.0,0.93,0.57,2.31,0.3,4.39,3.5,0.91,0.93,0.91,7.0,5.0,3.0,15.0,1.0,2.0,0.0,1.0,0.0,4.0,4.0,6.0,11.0,3.0,6.0,0.0,13.0,1.0,5.0,9.0,2.0,1.0,0.35,0.28,0.3,0.0,1.0,0.0,15.5,12.0,12.35,1.0,0.12,0.34,0.34,0.71,0.72,0.72
847341984774098477935,2025,Marchand-Bennett-Verhaeghe,FLA,line,5on5,25,10829.0,124.0,0.51,0.51,0.49,109.07,9.99,7.4,27.27,3.7,56.45,40.19,9.69,9.87,9.56,95.0,50.0,55.0,200.0,11.0,10.0,1.0,21.0,0.0,51.0,52.0,84.0,134.0,11.0,20.0,83.0,71.0,13.0,53.0,104.0,32.0,9.0,3.67,4.0,2.33,2.0,6.0,3.0,197.66,145.0,142.86,30.0,1.54,1.47,1.47,10.06,9.91,9.72,109.23,9.73,7.14,26.94,3.63,57.98,43.58,9.42,9.85,9.54,100.0,49.0,41.0,190.0,13.0,11.0,2.0,20.0,0.0,55.0,50.0,87.0,136.0,11.0,22.0,105.0,52.0,33.0,61.0,106.0,34.0,9.0,3.15,4.13,2.46,6.0,6.0,1.0,193.04,149.0,151.46,31.0,1.49,1.98,1.98,9.24,9.42,9.27
847793484784028479365,2025,Frederic-Draisaitl-Mcdavid,EDM,line,5on5,8,1699.0,82.0,0.89,0.71,0.74,22.28,2.8,1.7,4.52,0.63,11.1,8.26,2.75,2.71,2.67,19.0,10.0,5.0,34.0,0.0,2.0,0.0,3.0,0.0,13.0,11.0,19.0,29.0,1.0,2.0,13.0,10.0,1.0,10.0,17.0,8.0,4.0,0.66,0.97,1.17,0.0,0.0,0.0,34.14,29.0,29.1,4.0,0.36,0.55,0.55,2.61,2.54,2.51,7.43,0.34,0.33,1.59,0.21,4.02,3.52,0.34,0.34,0.34,7.0,3.0,4.0,14.0,0.0,0.0,0.0,3.0,0.0,4.0,3.0,7.0,10.0,5.0,10.0,8.0,18.0,3.0,9.0,9.0,1.0,0.0,0.25,0.08,0.0,0.0,0.0,0.0,13.98,10.0,10.07,6.0,0.06,0.0,0.0,0.4,0.41,0.41
84745678480800,2025,Hughes-Bogosian,MIN,pairing,5on5,7,726.0,40.0,0.29,0.27,0.29,5.66,0.43,0.4,1.5,0.29,2.95,2.43,0.42,0.49,0.47,3.0,5.0,1.0,9.0,1.0,2.0,0.0,0.0,0.0,0.0,5.0,2.0,7.0,0.0,0.0,0.0,2.0,0.0,4.0,6.0,2.0,0.0,0.17,0.26,0.0,0.0,1.0,0.0,10.45,8.0,9.03,3.0,0.08,0.18,0.18,0.33,0.37,0.37,15.13,1.04,0.92,3.49,0.46,8.0,6.1,1.03,0.97,0.97,11.0,9.0,4.0,24.0,1.0,0.0,0.0,3.0,0.0,7.0,9.0,10.0,19.0,2.0,4.0,6.0,3.0,3.0,4.0,15.0,5.0,0.0,0.45,0.59,0.0,1.0,0.0,0.0,22.47,20.0,19.03,2.0,0.19,0.0,0.0,1.23,1.16,1.15
84810068482733,2025,Tucker-Mailloux,STL,pairing,5on5,17,4568.0,101.0,0.39,0.51,0.49,35.66,2.61,2.4,8.87,1.29,19.75,14.08,2.49,2.54,2.41,28.0,21.0,20.0,69.0,1.0,6.0,0.0,8.0,0.0,15.0,19.0,27.0,48.0,5.0,16.0,29.0,53.0,6.0,15.0,39.0,7.0,3.0,1.05,0.92,0.65,0.0,1.0,0.0,65.13,49.0,46.8,9.0,0.49,0.59,0.59,2.52,2.44,2.42,37.95,4.03,2.72,8.87,1.28,19.39,14.72,3.83,4.21,4.0,28.0,23.0,15.0,66.0,7.0,8.0,2.0,1.0,0.0,17.0,18.0,21.0,44.0,7.0,20.0,26.0,38.0,3.0,17.0,32.0,13.0,6.0,0.83,1.58,1.62,2.0,2.0,3.0,71.35,51.0,53.89,5.0,0.57,1.59,1.59,3.01,3.18,3.07
847517284807978482209,2025,Farabee-Kadri-Kerins,CGY,line,5on5,2,1294.0,5.0,0.85,0.58,0.59,14.63,2.02,1.12,3.3,0.61,7.53,5.42,1.89,1.92,1.8,12.0,8.0,9.0,29.0,0.0,3.0,0.0,2.0,0.0,6.0,9.0,12.0,20.0,0.0,0.0,8.0,5.0,2.0,7.0,14.0,1.0,5.0,0.57,0.08,1.37,0.0,0.0,0.0,28.3,20.0,19.61,1.0,0.24,0.91,0.91,1.35,1.29,1.28,9.33,0.36,0.54,2.27,0.33,5.99,4.52,0.35,0.38,0.38,9.0,5.0,7.0,21.0,0.0,0.0,0.0,4.0,0.0,6.0,4.0,9.0,14.0,0.0,0.0,11.0,12.0,2.0,4.0,14.0,0.0,0.0,0.36,0.0,0.0,0.0,0.0,0.0,22.14,14.0,14.71,3.0,0.11,0.0,0.0,0.46,0.5,0.49
847745084779878482703,2025,Donato-Dickinson-Dach,CHI,line,5on5,10,1500.0,78.0,0.19,0.26,0.19,4.71,0.35,0.21,1.36,0.14,2.25,1.67,0.35,0.35,0.35,2.0,4.0,4.0,10.0,0.0,1.0,0.0,1.0,0.0,2.0,2.0,2.0,6.0,4.0,8.0,8.0,22.0,3.0,10.0,5.0,0.0,1.0,0.13,0.0,0.23,0.0,0.0,0.0,9.98,6.0,5.96,7.0,0.04,0.23,0.23,0.17,0.17,0.17,18.03,1.55,1.23,4.84,0.61,10.19,6.58,1.46,1.49,1.4,12.0,13.0,3.0,28.0,2.0,2.0,0.0,2.0,0.0,15.0,4.0,10.0,23.0,1.0,2.0,15.0,11.0,1.0,8.0,19.0,4.0,2.0,0.45,0.47,0.63,2.0,0.0,0.0,27.04,25.0,24.43,3.0,0.26,0.63,0.63,1.18,1.15,1.14
847456484752878478047,2025,Bunting-Haula-Stamkos,NSH,line,5on5,9,2041.0,87.0,0.53,0.54,0.54,20.37,1.29,1.26,5.91,0.69,10.47,7.38,1.25,1.26,1.22,22.0,5.0,13.0,40.0,2.0,2.0,0.0,6.0,0.0,7.0,10.0,20.0,25.0,4.0,8.0,23.0,12.0,1.0,12.0,22.0,5.0,0.0,0.55,0.74,0.0,1.0,1.0,0.0,38.88,27.0,26.35,6.0,0.27,0.32,0.32,1.24,1.22,1.18,17.55,1.12,1.03,4.31,0.52,8.65,7.37,1.11,1.18,1.17,17.0,6.0,11.0,34.0,1.0,0.0,0.0,4.0,0.0,9.0,9.0,16.0,22.0,0.0,0.0,17.0,9.0,6.0,12.0,17.0,6.0,0.0,0.39,0.73,0.0,0.0,1.0,0.0,35.02,23.0,23.82,8.0,0.22,0.0,0.0,1.34,1.4,1.39
84800438482166,2025,Mukhamadullin-Liljegren,SJS,pairing,5on5,9,637.0,76.0,0.26,0.21,0.18,2.37,0.35,0.18,0.41,0.06,1.18,0.81,0.35,0.34,0.34,2.0,1.0,2.0,5.0,1.0,0.0,0.0,0.0,0.0,0.0,2.0,1.0,2.0,2.0,4.0,0.0,5.0,1.0,1.0,1.0,1.0,1.0,0.01,0.1,0.24,0.0,1.0,0.0,5.53,3.0,3.24,1.0,0.04,0.0,0.0,0.39,0.38,0.38,10.71,0.97,0.71,3.02,0.36,5.18,3.77,0.96,0.98,0.97,9.0,5.0,5.0,19.0,0.0,3.0,0.0,2.0,0.0,3.0,6.0,9.0,14.0,0.0,0.0,3.0,5.0,1.0,5.0,10.0,2.0,2.0,0.25,0.18,0.54,0.0,0.0,0.0,18.96,14.0,14.06,3.0,0.15,0.64,0.64,0.49,0.5,0.5
848153584826918483499,2025,Hoglander-Raty-Ohgren,VAN,line,5on5,2,979.0,7.0,0.51,0.59,0.5,7.59,0.51,0.49,2.01,0.3,5.18,3.52,0.51,0.48,0.47,4.0,8.0,10.0,22.0,0.0,0.0,0.0,2.0,0.0,5.0,5.0,4.0,12.0,0.0,0.0,5.0,8.0,3.0,6.0,11.0,1.0,0.0,0.34,0.17,0.0,0.0,0.0,0.0,20.53,12.0,11.19,2.0,0.1,0.0,0.0,0.61,0.57,0.57,8.49,0.48,0.56,2.15,0.27,5.01,3.52,0.48,0.51,0.51,9.0,3.0,3.0,15.0,0.0,0.0,0.0,1.0,0.0,5.0,6.0,9.0,12.0,2.0,4.0,4.0,7.0,0.0,5.0,11.0,1.0,0.0,0.37,0.12,0.0,0.0,0.0,0.0,15.55,12.0,12.44,2.0,0.11,0.0,0.0,0.6,0.63,0.63
847843984802208483733,2025,Konecny-Cates-Grebenkin,PHI,line,5on5,8,1342.0,75.0,0.49,0.48,0.52,12.64,0.75,0.74,3.21,0.4,6.52,5.37,0.74,0.78,0.76,13.0,4.0,3.0,20.0,2.0,0.0,0.0,2.0,0.0,9.0,4.0,11.0,15.0,0.0,0.0,12.0,12.0,3.0,6.0,14.0,3.0,0.0,0.44,0.32,0.0,2.0,0.0,0.0,20.54,17.0,17.22,2.0,0.15,0.0,0.0,0.91,0.93,0.92,10.77,0.8,0.72,2.69,0.41,6.5,4.89,0.77,0.76,0.74,6.0,10.0,6.0,22.0,1.0,1.0,0.0,1.0,0.0,6.0,7.0,5.0,15.0,1.0,2.0,10.0,15.0,1.0,4.0,12.0,4.0,0.0,0.32,0.48,0.0,1.0,0.0,0.0,21.55,16.0,15.69,2.0,0.15,0.17,0.17,0.77,0.74,0.72
847518484788738484153,2025,Kreider-Carlsson-Terry,ANA,line,5on5,28,14564.0,75.0,0.54,0.55,0.56,153.67,12.72,9.89,39.44,5.15,81.86,60.92,12.15,12.71,12.14,127.0,83.0,78.0,288.0,11.0,18.0,1.0,38.0,1.0,70.0,72.0,116.0,199.0,14.0,28.0,124.0,51.0,19.0,73.0,171.0,27.0,12.0,5.53,3.42,3.77,9.0,2.0,0.0,288.63,210.0,210.12,32.0,2.06,4.11,4.11,10.68,10.69,10.47,124.86,10.63,8.23,30.84,4.06,65.87,48.36,10.26,10.71,10.33,110.0,58.0,68.0,236.0,13.0,11.0,1.0,20.0,1.0,68.0,55.0,97.0,155.0,17.0,34.0,138.0,86.0,22.0,84.0,127.0,29.0,12.0,4.12,3.53,2.99,6.0,6.0,1.0,238.79,168.0,170.06,41.0,1.72,2.5,2.5,9.86,9.96,9.79
84745788478450,2025,Wotherspoon-Karlsson,PIT,pairing,5on5,40,34519.0,77.0,0.5,0.54,0.53,301.52,24.71,20.83,74.29,10.09,163.8,120.28,23.77,24.87,23.94,278.0,136.0,158.0,572.0,26.0,30.0,1.0,57.0,1.0,158.0,142.0,252.0,388.0,33.0,74.0,280.0,166.0,55.0,193.0,315.0,82.0,17.0,9.86,10.42,4.44,16.0,6.0,4.0,577.74,414.0,418.13,88.0,4.34,4.67,4.82,24.23,24.42,23.88,271.67,24.91,18.46,69.85,9.13,139.81,103.84,23.77,24.75,23.63,239.0,127.0,127.0,493.0,27.0,32.0,2.0,54.0,1.0,116.0,136.0,212.0,339.0,34.0,74.0,276.0,207.0,49.0,203.0,259.0,84.0,23.0,7.47,10.17,7.27,16.0,10.0,1.0,492.09,366.0,365.18,97.0,3.88,6.54,6.54,22.25,22.22,21.9
848275184834978483524,2025,Winterton-Wright-Nyman,SEA,line,5on5,5,1815.0,19.0,0.61,0.44,0.45,15.24,1.91,1.08,3.79,0.51,7.57,5.14,1.8,1.92,1.8,11.0,9.0,4.0,24.0,1.0,3.0,0.0,3.0,0.0,5.0,8.0,10.0,19.0,0.0,0.0,8.0,6.0,4.0,10.0,12.0,6.0,2.0,0.47,0.77,0.67,1.0,0.0,0.0,23.78,20.0,19.9,9.0,0.23,0.83,0.83,1.31,1.33,1.31,16.33,1.21,1.05,4.09,0.58,9.71,7.36,1.19,1.18,1.16,16.0,8.0,7.0,31.0,1.0,1.0,0.0,6.0,0.0,7.0,9.0,15.0,23.0,0.0,0.0,10.0,9.0,3.0,8.0,21.0,2.0,1.0,0.67,0.28,0.27,1.0,0.0,0.0,31.2,24.0,23.91,2.0,0.21,0.27,0.27,1.16,1.13,1.13
84764228476906,2025,Gostisbehere-Reilly,CAR,pairing,5on5,10,807.0,74.0,0.47,0.58,0.56,10.48,1.04,0.68,2.36,0.33,5.68,3.9,1.04,1.02,1.02,9.0,5.0,4.0,18.0,1.0,1.0,1.0,2.0,0.0,4.0,6.0,8.0,13.0,0.0,0.0,3.0,2.0,1.0,1.0,9.0,4.0,1.0,0.29,0.46,0.3,0.0,1.0,0.0,17.68,14.0,13.86,0.0,0.14,0.11,0.11,1.07,1.04,1.04,7.95,1.18,0.54,2.05,0.28,4.02,2.92,1.11,1.12,1.05,6.0,5.0,2.0,13.0,1.0,2.0,1.0,2.0,0.0,4.0,2.0,5.0,10.0,0.0,0.0,2.0,6.0,0.0,5.0,7.0,2.0,2.0,0.2,0.26,0.72,0.0,0.0,1.0,12.49,11.0,10.5,4.0,0.11,0.72,0.72,0.57,0.55,0.53
847579484793518482145,2025,Steel-Bourque-Seguin,DAL,line,5on5,13,1590.0,169.0,0.35,0.52,0.48,11.66,0.66,0.63,3.02,0.39,6.41,4.89,0.66,0.63,0.63,10.0,6.0,7.0,23.0,0.0,0.0,0.0,3.0,0.0,3.0,10.0,10.0,16.0,2.0,4.0,14.0,7.0,1.0,4.0,14.0,2.0,0.0,0.48,0.18,0.0,0.0,0.0,0.0,21.99,16.0,15.4,2.0,0.13,0.0,0.0,0.79,0.76,0.76,11.59,1.21,0.83,2.97,0.44,6.74,4.81,1.17,1.21,1.16,6.0,11.0,4.0,21.0,1.0,4.0,1.0,0.0,0.0,3.0,9.0,5.0,16.0,0.0,0.0,5.0,4.0,5.0,9.0,14.0,1.0,2.0,0.49,0.16,0.57,1.0,0.0,0.0,21.54,17.0,17.44,7.0,0.17,0.67,0.67,0.71,0.72,0.7
84768538476931,2025,Mccabe-Rielly,TOR,pairing,5on5,33,2224.0,274.0,0.47,0.43,0.45,22.7,1.74,1.51,5.49,0.7,11.36,9.2,1.69,1.76,1.72,23.0,7.0,8.0,38.0,4.0,1.0,0.0,3.0,0.0,4.0,18.0,19.0,26.0,1.0,2.0,9.0,2.0,1.0,9.0,20.0,10.0,0.0,0.52,1.21,0.0,0.0,4.0,0.0,38.06,30.0,30.37,7.0,0.32,0.17,0.17,1.88,1.92,1.87,26.68,1.98,1.66,6.19,0.84,14.39,10.95,1.95,2.02,1.99,24.0,12.0,14.0,50.0,5.0,3.0,1.0,4.0,0.0,11.0,13.0,19.0,31.0,1.0,2.0,6.0,10.0,1.0,13.0,29.0,6.0,1.0,0.96,0.81,0.21,1.0,4.0,0.0,50.58,36.0,36.22,4.0,0.34,0.24,0.24,2.07,2.13,2.12
84779698484240,2025,Pettersson-Willander,VAN,pairing,5on5,30,9719.0,150.0,0.46,0.45,0.41,65.57,5.18,4.37,16.86,2.23,35.21,26.14,5.03,5.15,5.0,55.0,35.0,42.0,132.0,6.0,9.0,1.0,11.0,0.0,30.0,34.0,49.0,84.0,18.0,39.0,71.0,68.0,8.0,49.0,68.0,18.0,4.0,1.75,2.25,1.19,3.0,3.0,0.0,129.41,90.0,88.49,21.0,0.9,1.67,1.67,4.41,4.37,4.26,91.22,6.02,5.87,24.4,3.18,50.73,36.8,5.85,6.1,5.93,85.0,42.0,37.0,164.0,6.0,10.0,0.0,18.0,0.0,48.0,45.0,79.0,121.0,12.0,27.0,85.0,63.0,10.0,38.0,108.0,14.0,5.0,3.08,1.72,1.22,5.0,1.0,0.0,165.21,127.0,128.1,14.0,1.22,1.3,1.3,5.93,5.99,5.89
84799828480196,2025,Bryson-Timmins,BUF,pairing,5on5,12,820.0,119.0,0.61,0.45,0.48,7.33,1.18,0.53,1.72,0.24,3.66,2.68,1.17,1.08,1.07,8.0,2.0,4.0,14.0,0.0,2.0,0.0,0.0,0.0,2.0,6.0,8.0,10.0,0.0,0.0,2.0,4.0,1.0,3.0,6.0,2.0,2.0,0.14,0.18,0.86,0.0,0.0,0.0,13.19,10.0,9.49,0.0,0.11,0.86,0.86,0.43,0.42,0.42,8.33,0.75,0.55,1.68,0.26,4.25,3.52,0.73,0.74,0.73,8.0,3.0,6.0,17.0,1.0,1.0,0.0,0.0,0.0,4.0,5.0,7.0,10.0,1.0,2.0,4.0,7.0,0.0,5.0,8.0,2.0,1.0,0.24,0.25,0.26,0.0,1.0,0.0,17.58,11.0,11.05,2.0,0.12,0.26,0.26,0.6,0.62,0.62
847645684800288483609,2025,Huberdeau-Frost-Klapka,CGY,line,5on5,9,1057.0,71.0,0.39,0.59,0.57,9.09,0.37,0.52,2.45,0.31,5.39,3.96,0.36,0.37,0.36,11.0,2.0,7.0,20.0,2.0,0.0,0.0,2.0,0.0,4.0,5.0,9.0,11.0,1.0,2.0,10.0,3.0,0.0,7.0,13.0,0.0,0.0,0.37,0.0,0.0,2.0,0.0,0.0,20.74,13.0,13.04,5.0,0.11,0.0,0.0,0.47,0.47,0.47,7.77,0.56,0.47,1.86,0.23,3.77,3.11,0.54,0.56,0.54,8.0,2.0,4.0,14.0,1.0,1.0,0.0,5.0,0.0,1.0,2.0,7.0,9.0,1.0,2.0,11.0,8.0,0.0,7.0,6.0,4.0,0.0,0.1,0.46,0.0,0.0,1.0,0.0,13.88,10.0,10.0,3.0,0.1,0.09,0.09,0.57,0.58,0.56
847695284779878482703,2025,Donato-Toninato-Dach,CHI,line,5on5,3,1461.0,11.0,0.45,0.57,0.6,13.08,0.6,0.76,3.5,0.43,7.2,5.52,0.6,0.6,0.59,12.0,6.0,9.0,27.0,1.0,1.0,0.0,3.0,0.0,5.0,8.0,11.0,17.0,3.0,6.0,7.0,18.0,1.0,4.0,17.0,1.0,0.0,0.51,0.09,0.0,1.0,0.0,0.0,26.62,18.0,17.78,1.0,0.16,0.09,0.09,0.67,0.67,0.67,9.01,0.73,0.51,2.24,0.28,4.6,3.64,0.71,0.73,0.71,8.0,4.0,8.0,20.0,0.0,0.0,0.0,0.0,0.0,10.0,2.0,8.0,12.0,2.0,4.0,10.0,10.0,0.0,3.0,9.0,2.0,1.0,0.26,0.19,0.28,0.0,0.0,0.0,20.34,12.0,11.98,2.0,0.11,0.0,0.0,0.84,0.83,0.81
84757908479371,2025,Gudbranson-Fabbro,CBJ,pairing,5on5,2,1092.0,6.0,0.62,0.53,0.5,8.24,0.99,0.6,2.2,0.28,3.99,2.93,0.99,0.98,0.97,7.0,4.0,8.0,19.0,0.0,1.0,0.0,2.0,0.0,4.0,4.0,7.0,11.0,1.0,2.0,9.0,15.0,1.0,3.0,6.0,4.0,1.0,0.19,0.54,0.26,0.0,0.0,0.0,18.97,11.0,10.87,1.0,0.13,0.26,0.26,0.86,0.85,0.85,7.98,0.61,0.52,1.96,0.25,4.36,3.3,0.61,0.64,0.64,6.0,5.0,6.0,17.0,1.0,0.0,0.0,1.0,0.0,6.0,3.0,5.0,10.0,0.0,0.0,11.0,12.0,1.0,4.0,8.0,3.0,0.0,0.25,0.36,0.0,0.0,1.0,0.0,17.67,11.0,11.52,2.0,0.11,0.0,0.0,0.72,0.76,0.75
847740684775088481491,2025,Janmark-Philp-Lazar,EDM,line,5on5,5,1016.0,27.0,0.45,0.61,0.6,6.85,0.35,0.41,2.0,0.26,3.14,2.84,0.34,0.36,0.35,5.0,4.0,5.0,14.0,0.0,0.0,0.0,1.0,0.0,6.0,2.0,5.0,9.0,0.0,0.0,11.0,9.0,0.0,2.0,8.0,1.0,0.0,0.22,0.14,0.0,0.0,0.0,0.0,14.1,9.0,9.12,2.0,0.09,0.0,0.0,0.44,0.45,0.43,3.96,0.43,0.29,0.86,0.15,2.47,1.81,0.41,0.42,0.41,6.0,0.0,3.0,9.0,2.0,1.0,0.0,0.0,0.0,1.0,2.0,4.0,4.0,1.0,2.0,7.0,7.0,0.0,6.0,5.0,0.0,1.0,0.19,0.0,0.24,2.0,0.0,0.0,9.14,6.0,6.18,4.0,0.06,0.24,0.24,0.24,0.24,0.24
847342284780438482703,2025,Foligno-Lafferty-Dach,CHI,line,5on5,3,1264.0,10.0,0.6,0.5,0.5,8.18,0.54,0.56,2.24,0.28,4.36,3.01,0.54,0.52,0.51,9.0,2.0,3.0,14.0,2.0,0.0,0.0,1.0,0.0,6.0,2.0,7.0,9.0,2.0,7.0,7.0,17.0,1.0,6.0,9.0,2.0,0.0,0.28,0.27,0.0,1.0,1.0,0.0,14.03,11.0,11.01,4.0,0.12,0.0,0.0,0.66,0.63,0.63,7.96,0.36,0.47,1.88,0.24,4.61,3.45,0.36,0.4,0.4,4.0,7.0,3.0,14.0,0.0,0.0,0.0,3.0,0.0,5.0,3.0,4.0,11.0,2.0,7.0,18.0,9.0,0.0,4.0,10.0,1.0,0.0,0.2,0.16,0.0,0.0,0.0,0.0,15.09,11.0,11.7,1.0,0.1,0.0,0.0,0.46,0.5,0.5
84745688479378,2025,Stanley-Schenn,WPG,pairing,5on5,23,7993.0,108.0,0.52,0.54,0.5,65.52,4.94,4.45,16.54,2.27,36.48,26.31,4.82,4.88,4.76,54.0,37.0,52.0,143.0,5.0,5.0,1.0,16.0,0.0,34.0,31.0,49.0,86.0,11.0,28.0,66.0,88.0,9.0,39.0,71.0,17.0,3.0,2.17,2.09,0.69,2.0,3.0,0.0,141.61,91.0,90.3,20.0,0.93,0.82,0.81,5.06,5.01,4.94,64.46,4.49,3.94,16.22,2.26,36.04,27.05,4.32,4.58,4.41,54.0,36.0,32.0,122.0,5.0,3.0,0.0,12.0,0.0,35.0,35.0,49.0,85.0,6.0,18.0,51.0,45.0,11.0,44.0,71.0,15.0,4.0,1.81,1.58,1.09,3.0,2.0,0.0,125.32,90.0,92.42,21.0,0.81,0.38,0.38,4.92,5.07,4.96
847579484800278482740,2025,Robertson-Johnston-Seguin,DAL,line,5on5,17,1536.0,199.0,0.39,0.34,0.33,11.3,1.09,0.81,2.73,0.35,5.88,4.14,1.02,1.1,1.03,9.0,6.0,5.0,20.0,0.0,3.0,0.0,2.0,0.0,3.0,7.0,9.0,15.0,0.0,0.0,10.0,8.0,3.0,9.0,11.0,3.0,1.0,0.44,0.43,0.21,0.0,0.0,0.0,19.35,15.0,14.74,4.0,0.17,0.55,0.55,0.71,0.7,0.68,21.48,1.68,1.42,5.35,0.76,11.8,8.99,1.63,1.67,1.62,22.0,8.0,8.0,38.0,0.0,4.0,0.0,2.0,0.0,11.0,13.0,22.0,30.0,1.0,2.0,6.0,10.0,0.0,7.0,22.0,7.0,1.0,0.62,0.85,0.2,0.0,0.0,0.0,38.76,30.0,30.52,1.0,0.29,0.48,0.48,1.49,1.5,1.49
847846384821488483573,2025,Beauvillier-Lapierre-Frank,WSH,line,5on5,6,839.0,52.0,0.83,0.62,0.67,10.75,1.12,0.72,2.73,0.36,5.15,3.94,1.05,1.11,1.04,6.0,8.0,2.0,16.0,0.0,2.0,0.0,2.0,0.0,6.0,4.0,6.0,14.0,1.0,2.0,3.0,2.0,1.0,4.0,9.0,4.0,1.0,0.36,0.53,0.23,0.0,0.0,0.0,15.22,14.0,13.45,2.0,0.15,0.4,0.4,0.87,0.87,0.85,5.13,0.23,0.28,1.22,0.14,2.81,2.32,0.23,0.23,0.22,4.0,3.0,3.0,10.0,1.0,0.0,0.0,1.0,0.0,2.0,3.0,3.0,6.0,1.0,2.0,4.0,13.0,1.0,4.0,6.0,1.0,0.0,0.12,0.11,0.0,0.0,1.0,0.0,10.62,7.0,7.0,4.0,0.06,0.0,0.0,0.28,0.28,0.28
847801084785198479542,2025,Hagel-Cirelli-Point,TBL,line,5on5,6,644.0,52.0,0.7,0.58,0.64,9.59,0.71,0.63,2.77,0.4,5.27,4.22,0.7,0.73,0.72,8.0,6.0,0.0,14.0,0.0,1.0,0.0,2.0,0.0,4.0,7.0,8.0,14.0,0.0,0.0,7.0,3.0,2.0,0.0,11.0,2.0,1.0,0.23,0.27,0.21,0.0,0.0,0.0,13.86,14.0,13.88,0.0,0.13,0.01,0.01,0.83,0.85,0.84,5.46,0.3,0.32,1.24,0.2,3.38,2.56,0.3,0.3,0.3,4.0,4.0,2.0,10.0,0.0,0.0,0.0,2.0,0.0,3.0,3.0,4.0,8.0,1.0,2.0,11.0,2.0,0.0,1.0,7.0,1.0,0.0,0.22,0.08,0.0,0.0,0.0,0.0,10.03,8.0,8.07,1.0,0.07,0.0,0.0,0.37,0.37,0.37
847531484784458481601,2025,Barzal-Lee-Holmstrom,NYI,line,5on5,14,3013.0,125.0,0.61,0.58,0.55,24.94,2.6,1.8,5.87,0.89,13.69,10.15,2.47,2.53,2.41,23.0,12.0,22.0,57.0,4.0,4.0,3.0,10.0,0.0,10.0,7.0,19.0,31.0,4.0,11.0,23.0,12.0,7.0,12.0,22.0,10.0,3.0,0.57,1.17,0.86,1.0,2.0,1.0,55.0,35.0,34.06,6.0,0.38,0.94,0.94,2.04,1.96,1.91,21.59,1.7,1.34,6.24,0.75,10.81,8.18,1.65,1.78,1.72,19.0,10.0,13.0,42.0,0.0,4.0,0.0,5.0,0.0,8.0,12.0,19.0,29.0,4.0,8.0,22.0,22.0,3.0,10.0,22.0,6.0,1.0,0.61,0.85,0.24,0.0,0.0,0.0,43.38,29.0,30.05,6.0,0.28,0.45,0.45,1.52,1.56,1.55
84815638483490,2025,Mintyukov-Helleson,ANA,pairing,5on5,30,9928.0,165.0,0.44,0.47,0.47,77.2,5.83,4.88,20.87,2.74,42.22,30.46,5.68,5.79,5.64,69.0,38.0,40.0,147.0,9.0,6.0,0.0,14.0,0.0,40.0,38.0,60.0,98.0,7.0,14.0,71.0,50.0,11.0,48.0,89.0,11.0,7.0,2.79,1.31,1.73,6.0,3.0,0.0,146.92,107.0,106.91,20.0,1.01,1.31,1.47,5.38,5.37,5.3,89.24,7.48,5.84,21.24,2.8,48.17,35.47,7.12,7.63,7.25,83.0,38.0,46.0,167.0,8.0,5.0,1.0,13.0,0.0,44.0,51.0,75.0,113.0,7.0,14.0,81.0,58.0,14.0,52.0,91.0,23.0,7.0,2.91,2.8,1.78,4.0,2.0,2.0,170.62,121.0,123.48,31.0,1.22,1.2,1.2,7.5,7.61,7.39
847902284793368483733,2025,Grundstrom-Abols-Grebenkin,PHI,line,5on5,6,2755.0,25.0,0.39,0.45,0.44,20.04,1.51,1.33,5.13,0.68,10.62,7.72,1.46,1.55,1.5,19.0,8.0,13.0,40.0,4.0,3.0,1.0,5.0,0.0,7.0,8.0,15.0,23.0,3.0,6.0,22.0,19.0,4.0,9.0,21.0,5.0,1.0,0.69,0.58,0.24,2.0,1.0,1.0,40.74,27.0,27.97,6.0,0.28,0.35,0.35,1.45,1.49,1.48,24.95,2.34,1.73,6.28,0.95,13.72,9.97,2.24,2.26,2.17,21.0,14.0,14.0,49.0,2.0,5.0,1.0,5.0,0.0,10.0,13.0,19.0,33.0,1.0,2.0,23.0,27.0,3.0,15.0,25.0,7.0,3.0,0.67,0.87,0.8,0.0,1.0,1.0,48.02,35.0,34.33,6.0,0.36,0.95,0.95,1.75,1.71,1.7
847740284804598483516,2025,Buchnevich-Suter-Snuggerud,STL,line,5on5,9,1616.0,107.0,0.34,0.44,0.4,11.07,1.17,0.76,2.63,0.39,6.57,4.47,1.07,1.18,1.08,8.0,8.0,5.0,21.0,1.0,1.0,1.0,3.0,0.0,7.0,4.0,7.0,15.0,0.0,0.0,10.0,3.0,4.0,5.0,10.0,4.0,2.0,0.21,0.37,0.58,0.0,0.0,1.0,21.71,16.0,16.34,1.0,0.16,0.28,0.28,1.05,1.05,1.03,18.26,2.29,1.27,4.44,0.55,8.99,6.45,2.24,2.29,2.24,18.0,6.0,3.0,27.0,1.0,2.0,0.0,3.0,0.0,6.0,12.0,17.0,23.0,0.0,0.0,12.0,6.0,2.0,13.0,17.0,4.0,3.0,0.51,0.57,1.21,0.0,1.0,0.0,27.17,24.0,24.25,4.0,0.27,0.96,0.96,1.59,1.62,1.61
847686784799448482660,2025,Aston-Reese-Gaunce-Johnson,CBJ,line,5on5,3,1298.0,10.0,0.29,0.37,0.36,6.95,0.35,0.39,2.07,0.24,4.17,2.79,0.35,0.35,0.35,3.0,7.0,6.0,16.0,0.0,0.0,0.0,2.0,0.0,6.0,2.0,3.0,10.0,3.0,6.0,12.0,14.0,5.0,7.0,10.0,0.0,0.0,0.35,0.0,0.0,0.0,0.0,0.0,17.25,10.0,10.37,2.0,0.08,0.0,0.0,0.43,0.44,0.43,12.31,0.83,0.83,3.53,0.5,7.13,5.17,0.83,0.84,0.83,10.0,8.0,9.0,27.0,0.0,1.0,0.0,5.0,1.0,6.0,5.0,10.0,18.0,3.0,6.0,9.0,6.0,0.0,2.0,16.0,2.0,0.0,0.51,0.32,0.0,0.0,0.0,0.0,25.27,18.0,17.45,1.0,0.17,0.01,0.01,1.0,1.0,0.99
84763728477499,2025,Seeler-Ristolainen,PHI,pairing,5on5,9,6776.0,21.0,0.42,0.46,0.47,48.18,3.44,3.06,12.55,1.75,26.57,19.63,3.34,3.54,3.44,39.0,28.0,25.0,92.0,1.0,4.0,0.0,10.0,0.0,27.0,25.0,38.0,66.0,7.0,20.0,55.0,47.0,3.0,18.0,49.0,16.0,2.0,1.13,1.77,0.54,1.0,0.0,0.0,96.41,67.0,69.86,9.0,0.64,0.48,0.48,3.59,3.71,3.63,53.52,4.72,3.51,13.85,2.0,29.78,22.14,4.47,4.42,4.19,40.0,36.0,33.0,109.0,3.0,9.0,1.0,6.0,0.0,29.0,29.0,37.0,73.0,9.0,24.0,48.0,56.0,9.0,31.0,62.0,7.0,7.0,1.94,0.83,1.95,1.0,1.0,1.0,102.97,76.0,71.84,15.0,0.73,1.95,1.95,3.5,3.31,3.18
84799838480043,2025,Ferraro-Liljegren,SJS,pairing,5on5,27,6056.0,169.0,0.48,0.41,0.4,34.61,3.63,2.44,8.49,1.21,18.64,13.58,3.55,3.54,3.45,31.0,17.0,27.0,75.0,3.0,5.0,2.0,6.0,0.0,17.0,17.0,28.0,45.0,7.0,14.0,43.0,50.0,11.0,32.0,35.0,7.0,6.0,1.14,0.91,1.58,1.0,0.0,2.0,74.91,48.0,47.71,14.0,0.51,1.22,1.22,2.92,2.88,2.85,52.22,3.93,3.54,13.86,1.77,28.04,19.85,3.77,4.02,3.84,48.0,23.0,39.0,110.0,3.0,6.0,1.0,7.0,0.0,27.0,28.0,45.0,68.0,5.0,10.0,53.0,39.0,10.0,24.0,58.0,8.0,5.0,1.82,0.97,1.14,2.0,1.0,0.0,110.57,71.0,71.37,11.0,0.74,1.05,1.05,3.62,3.69,3.63
84820958484321,2025,Kleven-Matinpalo,OTT,pairing,5on5,18,7210.0,92.0,0.44,0.41,0.42,41.92,3.14,2.69,10.16,1.33,23.41,17.27,3.0,3.06,2.93,38.0,20.0,26.0,84.0,0.0,4.0,0.0,6.0,0.0,25.0,23.0,38.0,58.0,9.0,21.0,76.0,57.0,8.0,30.0,46.0,10.0,2.0,1.4,1.24,0.5,0.0,0.0,0.0,83.08,58.0,57.29,17.0,0.56,0.7,0.7,3.0,2.95,2.91,57.99,4.03,3.72,14.54,1.89,31.78,24.04,3.83,4.1,3.9,44.0,36.0,43.0,123.0,4.0,4.0,1.0,16.0,0.0,32.0,24.0,40.0,76.0,11.0,25.0,47.0,81.0,9.0,27.0,68.0,8.0,4.0,1.89,0.98,1.16,2.0,1.0,1.0,123.75,80.0,81.45,15.0,0.77,1.05,1.35,3.45,3.53,3.5
847534384784638484186,2025,Beauvillier-Dowd-Leonard,WSH,line,5on5,8,2134.0,67.0,0.46,0.42,0.48,16.77,1.45,1.05,3.93,0.56,9.03,6.98,1.43,1.48,1.46,15.0,8.0,8.0,31.0,1.0,2.0,0.0,4.0,0.0,6.0,10.0,14.0,22.0,4.0,8.0,12.0,10.0,2.0,6.0,16.0,6.0,1.0,0.54,0.7,0.21,0.0,1.0,0.0,32.04,23.0,23.79,4.0,0.22,0.4,0.4,1.27,1.28,1.28,18.88,1.68,1.15,4.74,0.62,9.59,7.23,1.68,1.65,1.65,17.0,8.0,18.0,43.0,1.0,0.0,0.0,4.0,0.0,13.0,7.0,16.0,24.0,5.0,10.0,19.0,22.0,7.0,11.0,14.0,11.0,0.0,0.52,1.16,0.0,0.0,1.0,0.0,41.56,25.0,24.28,4.0,0.24,0.0,0.0,1.93,1.89,1.88
847575484775018478109,2025,Olofsson-Nelson-Nichushkin,COL,line,5on5,7,653.0,79.0,0.79,0.56,0.62,9.54,0.86,0.58,2.45,0.33,5.06,3.71,0.82,0.88,0.84,9.0,4.0,2.0,15.0,2.0,2.0,0.0,3.0,0.0,2.0,4.0,7.0,11.0,1.0,2.0,4.0,1.0,1.0,3.0,9.0,4.0,0.0,0.23,0.63,0.0,1.0,1.0,0.0,15.31,13.0,13.22,3.0,0.12,0.32,0.32,0.66,0.67,0.67,5.83,0.22,0.38,1.43,0.17,3.43,2.36,0.22,0.22,0.22,6.0,2.0,4.0,12.0,1.0,0.0,0.0,1.0,0.0,3.0,3.0,5.0,7.0,0.0,0.0,6.0,4.0,0.0,2.0,7.0,1.0,0.0,0.13,0.09,0.0,1.0,0.0,0.0,12.02,8.0,8.09,1.0,0.08,0.0,0.0,0.3,0.3,0.29
84774478480727,2025,Theodore-Whitecloud,VGK,pairing,5on5,16,760.0,124.0,0.67,0.57,0.71,7.6,0.53,0.39,1.98,0.24,3.47,3.4,0.52,0.51,0.5,9.0,1.0,2.0,12.0,0.0,1.0,0.0,2.0,0.0,2.0,5.0,9.0,10.0,1.0,2.0,1.0,4.0,1.0,5.0,8.0,1.0,1.0,0.13,0.08,0.31,0.0,0.0,0.0,12.22,10.0,9.97,3.0,0.08,0.31,0.31,0.3,0.29,0.29,2.73,0.26,0.19,0.67,0.11,1.56,1.22,0.26,0.28,0.28,2.0,2.0,5.0,9.0,0.0,0.0,0.0,0.0,0.0,2.0,2.0,2.0,4.0,0.0,0.0,3.0,5.0,2.0,3.0,3.0,1.0,0.0,0.09,0.17,0.0,0.0,0.0,0.0,9.12,4.0,4.13,2.0,0.04,0.0,0.0,0.3,0.32,0.32
847410284763938482092,2025,Perron-Greig-Cousins,OTT,line,5on5,7,1776.0,77.0,0.87,0.67,0.72,15.42,1.63,1.09,3.77,0.57,8.03,5.91,1.51,1.55,1.43,15.0,6.0,5.0,26.0,1.0,3.0,0.0,6.0,0.0,4.0,7.0,14.0,20.0,1.0,2.0,6.0,22.0,2.0,6.0,13.0,7.0,1.0,0.37,1.0,0.27,1.0,0.0,0.0,24.54,21.0,19.94,3.0,0.23,0.58,0.58,1.28,1.2,1.19,5.23,0.24,0.3,1.3,0.17,3.55,2.45,0.24,0.25,0.25,7.0,1.0,5.0,13.0,0.0,0.0,0.0,0.0,0.0,5.0,3.0,7.0,8.0,2.0,4.0,10.0,13.0,2.0,13.0,7.0,1.0,0.0,0.15,0.09,0.0,0.0,0.0,0.0,13.57,8.0,8.26,9.0,0.06,0.0,0.0,0.3,0.31,0.3
84784548481178,2025,Zamula-Juulsen,PHI,pairing,5on5,8,4163.0,23.0,0.51,0.51,0.48,27.46,2.21,1.87,6.91,0.87,15.46,10.69,2.16,2.18,2.14,27.0,11.0,22.0,60.0,3.0,2.0,1.0,6.0,0.0,17.0,10.0,24.0,35.0,6.0,15.0,33.0,38.0,1.0,23.0,32.0,4.0,2.0,0.95,0.58,0.68,1.0,1.0,1.0,58.63,38.0,37.11,13.0,0.39,0.49,0.67,1.93,1.87,1.84,30.68,2.16,1.84,7.81,1.06,16.19,11.94,2.13,2.2,2.18,25.0,16.0,17.0,58.0,4.0,5.0,0.0,5.0,0.0,13.0,14.0,21.0,37.0,4.0,11.0,34.0,36.0,3.0,22.0,32.0,8.0,1.0,0.92,1.0,0.23,4.0,0.0,0.0,60.08,41.0,42.09,13.0,0.38,0.49,0.49,2.04,2.09,2.08
84764678479372,2025,Oleksiak-Mahura,SEA,pairing,5on5,17,9115.0,60.0,0.37,0.38,0.38,49.33,3.14,3.03,12.57,1.63,28.27,20.37,3.11,3.18,3.14,43.0,26.0,32.0,101.0,9.0,2.0,1.0,9.0,0.0,18.0,31.0,34.0,60.0,7.0,14.0,66.0,73.0,7.0,53.0,59.0,9.0,1.0,1.81,1.08,0.25,7.0,1.0,1.0,101.93,69.0,70.34,33.0,0.62,0.34,0.34,3.42,3.47,3.44,81.12,5.41,5.25,21.73,2.81,45.41,32.39,5.34,5.42,5.35,76.0,37.0,55.0,168.0,2.0,8.0,1.0,18.0,0.0,42.0,43.0,74.0,111.0,11.0,22.0,83.0,61.0,12.0,45.0,94.0,16.0,3.0,2.45,2.07,0.89,0.0,0.0,2.0,169.31,113.0,113.57,18.0,1.09,0.98,0.98,5.52,5.49,5.46
847897584827518483524,2025,Marchment-Wright-Winterton,SEA,line,5on5,9,2423.0,42.0,0.65,0.5,0.5,17.62,1.41,1.18,4.6,0.67,9.29,6.85,1.32,1.41,1.32,12.0,12.0,7.0,31.0,2.0,2.0,1.0,2.0,0.0,8.0,10.0,10.0,22.0,2.0,4.0,15.0,14.0,3.0,18.0,19.0,3.0,2.0,0.59,0.4,0.41,0.0,1.0,1.0,30.78,24.0,23.89,9.0,0.25,0.29,0.29,1.37,1.35,1.29,17.02,0.76,1.05,4.77,0.55,9.79,7.07,0.75,0.77,0.76,16.0,8.0,7.0,31.0,2.0,1.0,0.0,7.0,0.0,7.0,7.0,14.0,22.0,3.0,6.0,22.0,26.0,1.0,14.0,23.0,1.0,0.0,0.66,0.1,0.0,2.0,0.0,0.0,32.22,24.0,24.57,7.0,0.22,0.01,0.01,0.97,0.97,0.96
847804284784018479999,2025,Arvidsson-Zacha-Mittelstadt,BOS,line,5on5,24,13842.0,48.0,0.46,0.48,0.49,108.81,8.01,6.8,27.86,3.74,58.94,44.66,7.41,7.94,7.37,94.0,56.0,60.0,210.0,12.0,15.0,2.0,20.0,0.0,51.0,52.0,82.0,138.0,15.0,32.0,121.0,57.0,15.0,67.0,124.0,20.0,6.0,3.76,2.51,1.74,8.0,3.0,1.0,208.91,150.0,149.45,26.0,1.4,2.35,2.35,7.07,7.01,6.81,115.0,9.41,7.53,29.95,4.03,61.33,44.75,8.97,9.41,9.0,101.0,56.0,72.0,229.0,6.0,11.0,0.0,25.0,0.0,46.0,69.0,95.0,151.0,19.0,38.0,104.0,103.0,21.0,67.0,112.0,36.0,9.0,3.0,4.33,2.08,1.0,4.0,1.0,228.78,157.0,156.91,36.0,1.57,1.8,1.8,9.18,9.27,9.09
84773698478882,2025,Gavrikov-Soucy,NYR,pairing,5on5,30,2044.0,214.0,0.3,0.37,0.37,11.07,0.61,0.67,2.56,0.39,4.94,4.84,0.58,0.67,0.63,9.0,5.0,5.0,19.0,0.0,2.0,0.0,2.0,0.0,5.0,5.0,9.0,14.0,2.0,4.0,3.0,8.0,3.0,6.0,11.0,3.0,0.0,0.3,0.32,0.0,0.0,0.0,0.0,20.13,14.0,14.8,5.0,0.14,0.2,0.2,0.55,0.59,0.57,17.98,1.39,1.18,4.5,0.59,9.23,7.1,1.36,1.45,1.42,19.0,5.0,8.0,32.0,1.0,1.0,0.0,7.0,0.0,4.0,11.0,18.0,23.0,1.0,2.0,3.0,9.0,2.0,10.0,18.0,4.0,2.0,0.44,0.45,0.5,0.0,1.0,0.0,32.14,24.0,24.38,6.0,0.25,0.24,0.24,1.4,1.46,1.45
847645984785508482109,2025,Lafrenire-Zibanejad-Panarin,NYR,line,5on5,30,13325.0,143.0,0.49,0.55,0.56,125.65,8.41,8.34,30.78,4.04,72.01,51.43,8.27,8.37,8.23,114.0,61.0,69.0,244.0,6.0,7.0,1.0,18.0,0.0,71.0,73.0,108.0,169.0,10.0,20.0,103.0,66.0,20.0,69.0,138.0,34.0,3.0,3.86,3.75,0.8,5.0,1.0,0.0,239.68,175.0,172.11,32.0,1.71,1.07,1.07,9.05,8.96,8.89,101.78,8.78,6.73,25.01,3.49,54.88,41.11,8.45,9.01,8.66,92.0,48.0,60.0,200.0,9.0,12.0,0.0,18.0,0.0,40.0,61.0,83.0,131.0,12.0,24.0,103.0,75.0,17.0,59.0,106.0,25.0,9.0,3.13,3.38,2.27,6.0,3.0,0.0,203.96,140.0,143.19,22.0,1.4,2.17,2.17,8.01,8.21,8.11
84793698481219,2025,Aspirot-Peeke,BOS,pairing,5on5,18,1736.0,138.0,0.37,0.49,0.5,12.63,0.65,0.7,3.27,0.39,6.74,5.24,0.65,0.63,0.63,12.0,5.0,10.0,27.0,1.0,0.0,0.0,3.0,0.0,7.0,6.0,11.0,16.0,2.0,7.0,7.0,20.0,2.0,5.0,14.0,3.0,0.0,0.31,0.34,0.0,0.0,1.0,0.0,26.27,17.0,16.73,1.0,0.15,0.0,0.0,0.8,0.78,0.77,12.48,1.09,0.86,3.56,0.45,6.45,4.59,1.06,1.12,1.09,11.0,6.0,11.0,28.0,1.0,1.0,0.0,1.0,0.0,8.0,6.0,10.0,16.0,3.0,9.0,11.0,20.0,3.0,8.0,10.0,6.0,1.0,0.32,0.57,0.2,0.0,1.0,0.0,29.6,17.0,17.68,3.0,0.19,0.01,0.01,1.27,1.3,1.27
847572284794208483468,2025,Zucker-Thompson-Kulich,BUF,line,5on5,6,633.0,77.0,0.54,0.53,0.52,11.07,1.03,0.69,3.67,0.47,5.36,3.79,0.9,1.07,0.93,12.0,3.0,4.0,19.0,0.0,3.0,0.0,7.0,0.0,3.0,2.0,12.0,15.0,1.0,2.0,5.0,5.0,0.0,2.0,12.0,1.0,2.0,0.31,0.08,0.64,0.0,0.0,0.0,19.14,15.0,14.96,1.0,0.14,0.67,0.67,0.5,0.51,0.47,10.13,0.89,0.84,2.57,0.37,5.25,4.08,0.88,0.9,0.89,12.0,2.0,3.0,17.0,2.0,1.0,0.0,1.0,0.0,6.0,4.0,10.0,12.0,1.0,2.0,7.0,5.0,1.0,3.0,11.0,2.0,1.0,0.24,0.34,0.31,1.0,0.0,1.0,17.16,14.0,14.05,1.0,0.18,0.2,0.2,0.87,0.89,0.88
847804784821468482768,2025,Bunting-Svechkov-Evangelista,NSH,line,5on5,14,615.0,190.0,0.33,0.56,0.57,5.69,0.3,0.36,1.49,0.17,3.34,2.33,0.3,0.28,0.27,4.0,4.0,6.0,14.0,0.0,0.0,0.0,1.0,0.0,5.0,2.0,4.0,8.0,0.0,0.0,4.0,3.0,0.0,1.0,7.0,1.0,0.0,0.19,0.11,0.0,0.0,0.0,0.0,13.64,8.0,7.5,0.0,0.08,0.0,0.0,0.38,0.35,0.34,4.65,0.61,0.33,1.19,0.15,2.04,1.69,0.61,0.63,0.63,3.0,3.0,5.0,11.0,0.0,0.0,0.0,1.0,0.0,2.0,3.0,3.0,6.0,0.0,0.0,3.0,7.0,1.0,1.0,4.0,1.0,1.0,0.13,0.17,0.31,0.0,0.0,0.0,11.76,6.0,6.36,1.0,0.07,0.0,0.0,0.68,0.7,0.7
847804684795338481481,2025,Koppanen-Lizotte-Heinen,PIT,line,5on5,5,1704.0,40.0,0.61,0.54,0.54,14.77,1.44,1.11,3.64,0.47,7.36,4.97,1.36,1.39,1.32,10.0,9.0,8.0,27.0,1.0,3.0,0.0,4.0,0.0,6.0,5.0,9.0,18.0,2.0,6.0,15.0,11.0,3.0,4.0,12.0,5.0,2.0,0.33,0.65,0.47,1.0,0.0,0.0,26.65,19.0,18.56,3.0,0.24,0.63,0.63,1.05,1.02,1.01,12.06,0.91,0.67,3.55,0.39,5.91,4.57,0.88,0.91,0.88,10.0,6.0,7.0,23.0,0.0,1.0,0.0,2.0,0.0,7.0,6.0,10.0,16.0,1.0,2.0,17.0,10.0,6.0,8.0,13.0,2.0,1.0,0.37,0.19,0.34,0.0,0.0,0.0,22.81,16.0,16.23,4.0,0.15,0.34,0.34,0.71,0.73,0.7
847415084763998482679,2025,Coleman-Backlund-Coronato,CGY,line,5on5,8,3459.0,32.0,0.55,0.53,0.51,28.89,2.01,1.63,7.36,0.94,15.66,11.4,1.98,1.95,1.92,27.0,12.0,19.0,58.0,4.0,1.0,0.0,6.0,0.0,10.0,18.0,23.0,35.0,2.0,4.0,30.0,24.0,5.0,21.0,32.0,6.0,1.0,0.97,0.78,0.26,4.0,0.0,0.0,56.85,39.0,38.25,9.0,0.34,0.26,0.26,2.09,2.02,2.0,26.02,1.67,1.67,6.18,0.8,15.62,11.07,1.63,1.74,1.7,25.0,12.0,15.0,52.0,0.0,0.0,0.0,9.0,0.0,12.0,16.0,25.0,37.0,5.0,10.0,40.0,8.0,8.0,23.0,31.0,6.0,0.0,0.93,0.74,0.0,0.0,0.0,0.0,53.87,37.0,38.14,11.0,0.35,0.0,0.0,2.01,2.1,2.05
84789708480817,2025,Miller-Chatfield,CAR,pairing,5on5,24,9440.0,121.0,0.48,0.6,0.59,90.29,5.54,5.45,23.75,3.13,51.12,37.01,5.46,5.51,5.42,71.0,55.0,59.0,185.0,5.0,5.0,0.0,22.0,0.0,52.0,42.0,66.0,121.0,10.0,20.0,86.0,53.0,16.0,41.0,106.0,18.0,2.0,2.81,2.05,0.68,3.0,2.0,0.0,183.83,126.0,126.08,18.0,1.13,0.89,0.89,5.78,5.76,5.72,62.04,5.98,4.9,15.82,2.3,33.2,23.81,5.85,5.94,5.82,59.0,27.0,35.0,121.0,11.0,9.0,1.0,6.0,1.0,28.0,31.0,48.0,75.0,13.0,26.0,93.0,74.0,10.0,57.0,62.0,18.0,6.0,2.12,2.31,1.55,4.0,5.0,2.0,121.85,86.0,85.69,26.0,1.04,1.36,1.36,5.66,5.65,5.59
84821318484321,2025,Sebrango-Matinpalo,OTT,pairing,5on5,2,1503.0,5.0,0.37,0.49,0.45,6.54,0.27,0.31,1.67,0.2,3.51,3.03,0.27,0.27,0.27,5.0,4.0,11.0,20.0,0.0,0.0,0.0,2.0,0.0,1.0,6.0,5.0,9.0,1.0,5.0,11.0,15.0,4.0,8.0,8.0,1.0,0.0,0.18,0.09,0.0,0.0,0.0,0.0,19.04,9.0,8.63,3.0,0.06,0.0,0.0,0.34,0.33,0.33,7.77,0.46,0.44,2.17,0.27,4.58,3.08,0.45,0.46,0.45,11.0,0.0,10.0,21.0,1.0,2.0,0.0,1.0,0.0,5.0,2.0,10.0,10.0,2.0,7.0,8.0,27.0,1.0,5.0,9.0,2.0,0.0,0.29,0.17,0.0,1.0,0.0,0.0,22.06,11.0,11.28,1.0,0.09,0.11,0.11,0.45,0.45,0.44
847793484784028478458,2025,Draisaitl-Mcdavid-Roslovic,EDM,line,5on5,16,2024.0,166.0,0.36,0.57,0.53,20.33,1.27,1.16,5.18,0.65,11.4,8.33,1.24,1.18,1.14,20.0,8.0,12.0,40.0,1.0,0.0,0.0,5.0,0.0,15.0,7.0,19.0,27.0,3.0,6.0,24.0,5.0,4.0,10.0,22.0,6.0,0.0,0.7,0.57,0.0,1.0,0.0,0.0,36.83,28.0,25.86,2.0,0.24,0.0,0.0,1.51,1.4,1.36,19.35,2.25,1.32,4.37,0.6,9.44,7.02,2.18,2.38,2.31,14.0,11.0,5.0,30.0,3.0,2.0,1.0,2.0,0.0,6.0,12.0,11.0,22.0,5.0,10.0,12.0,2.0,4.0,14.0,13.0,9.0,3.0,0.41,1.1,0.74,1.0,1.0,1.0,33.13,25.0,27.17,8.0,0.28,0.42,0.42,2.1,2.23,2.21
848087684820708483447,2025,Douglas-Geekie-Chaffee,TBL,line,5on5,3,655.0,21.0,0.18,0.42,0.4,4.75,0.18,0.25,1.42,0.15,2.26,1.74,0.18,0.19,0.19,3.0,3.0,2.0,8.0,0.0,1.0,0.0,2.0,0.0,1.0,2.0,3.0,6.0,3.0,6.0,3.0,9.0,1.0,1.0,6.0,0.0,0.0,0.18,0.0,0.0,0.0,0.0,0.0,8.61,6.0,6.4,0.0,0.05,0.03,0.03,0.2,0.21,0.21,6.44,0.83,0.38,1.82,0.22,3.42,2.33,0.81,0.78,0.76,4.0,5.0,2.0,11.0,0.0,2.0,0.0,2.0,0.0,3.0,2.0,4.0,9.0,2.0,4.0,8.0,7.0,0.0,7.0,6.0,1.0,2.0,0.14,0.1,0.59,0.0,0.0,0.0,10.13,9.0,8.3,2.0,0.08,0.59,0.59,0.32,0.3,0.28
84793238482073,2025,Fox-Schneider,NYR,pairing,5on5,20,1002.0,147.0,0.37,0.45,0.44,9.17,0.71,0.58,2.05,0.26,4.79,3.6,0.69,0.73,0.72,10.0,2.0,5.0,17.0,2.0,1.0,1.0,2.0,0.0,0.0,7.0,8.0,10.0,2.0,4.0,4.0,7.0,3.0,2.0,10.0,1.0,1.0,0.41,0.09,0.2,2.0,0.0,0.0,17.49,12.0,12.38,0.0,0.12,0.06,0.06,0.77,0.79,0.79,11.63,1.18,0.8,2.56,0.35,5.94,4.16,0.98,1.25,1.03,9.0,6.0,6.0,21.0,1.0,1.0,1.0,3.0,0.0,6.0,4.0,8.0,14.0,1.0,2.0,1.0,2.0,0.0,3.0,11.0,2.0,2.0,0.36,0.18,0.64,0.0,0.0,1.0,21.66,15.0,15.7,1.0,0.17,0.31,0.64,0.71,0.72,0.7
847689784775738478472,2025,Walker-Sundqvist-Joseph,STL,line,5on5,5,1156.0,65.0,0.56,0.53,0.6,8.75,0.76,0.63,1.85,0.27,5.01,3.48,0.75,0.77,0.76,8.0,4.0,5.0,17.0,2.0,1.0,1.0,3.0,0.0,2.0,4.0,6.0,10.0,4.0,8.0,9.0,14.0,1.0,4.0,8.0,3.0,1.0,0.26,0.29,0.21,1.0,0.0,1.0,17.33,12.0,12.3,2.0,0.13,0.21,0.21,0.68,0.7,0.7,6.1,0.58,0.39,1.49,0.18,2.8,2.56,0.58,0.6,0.6,4.0,4.0,7.0,15.0,1.0,0.0,0.0,1.0,0.0,2.0,4.0,3.0,7.0,1.0,2.0,7.0,11.0,4.0,5.0,6.0,1.0,1.0,0.14,0.2,0.24,0.0,0.0,1.0,15.18,8.0,8.11,2.0,0.08,0.0,0.0,0.67,0.68,0.68
84764578482858,2025,Evans-Larsson,SEA,pairing,5on5,19,2028.0,141.0,0.47,0.33,0.37,11.72,1.11,0.78,2.79,0.35,5.69,4.28,1.1,1.1,1.09,7.0,8.0,5.0,20.0,0.0,1.0,0.0,2.0,0.0,3.0,9.0,7.0,15.0,1.0,2.0,12.0,12.0,1.0,8.0,11.0,2.0,2.0,0.37,0.18,0.56,0.0,0.0,0.0,20.71,15.0,15.49,5.0,0.16,0.27,0.27,1.01,1.01,1.01,19.56,1.27,1.17,6.02,0.65,9.64,7.25,1.2,1.23,1.16,19.0,7.0,15.0,41.0,2.0,2.0,0.0,5.0,0.0,10.0,7.0,17.0,24.0,3.0,6.0,16.0,11.0,1.0,5.0,22.0,2.0,2.0,0.58,0.23,0.46,1.0,1.0,0.0,39.41,26.0,24.99,4.0,0.25,0.37,0.37,1.14,1.11,1.09
847645884775278480068,2025,Johnston-Poehling-Strome,ANA,line,5on5,5,1359.0,41.0,0.63,0.55,0.5,10.75,1.06,0.84,2.85,0.47,6.18,4.59,1.05,1.05,1.04,8.0,8.0,10.0,26.0,2.0,2.0,0.0,4.0,0.0,3.0,5.0,6.0,14.0,1.0,2.0,11.0,18.0,2.0,5.0,11.0,5.0,0.0,0.44,0.63,0.0,0.0,2.0,0.0,25.35,16.0,15.63,4.0,0.18,0.14,0.14,1.1,1.08,1.08,11.82,0.63,0.65,2.88,0.35,6.26,5.23,0.62,0.64,0.64,10.0,6.0,5.0,21.0,2.0,0.0,0.0,6.0,0.0,3.0,5.0,8.0,14.0,1.0,2.0,15.0,8.0,1.0,4.0,14.0,2.0,0.0,0.33,0.3,0.0,1.0,1.0,0.0,21.59,16.0,16.31,3.0,0.13,0.0,0.0,0.76,0.77,0.77
84800368483425,2025,Heiskanen-Bichsel,DAL,pairing,5on5,16,861.0,159.0,0.48,0.5,0.46,8.75,1.07,0.59,2.02,0.28,3.83,3.21,1.03,1.08,1.04,8.0,3.0,4.0,15.0,2.0,1.0,0.0,2.0,0.0,4.0,2.0,6.0,9.0,1.0,5.0,3.0,8.0,1.0,2.0,6.0,3.0,2.0,0.23,0.4,0.44,1.0,1.0,0.0,14.9,11.0,10.92,2.0,0.12,0.23,0.23,0.97,0.99,0.96,9.73,1.17,0.64,2.24,0.33,4.9,3.73,1.14,1.1,1.07,11.0,2.0,2.0,15.0,1.0,3.0,1.0,3.0,0.0,3.0,3.0,10.0,12.0,4.0,13.0,4.0,5.0,1.0,3.0,9.0,2.0,2.0,0.28,0.28,0.61,0.0,0.0,1.0,14.22,13.0,12.46,2.0,0.13,0.76,0.76,0.54,0.53,0.51
847747984841448484197,2025,Bertuzzi-Bedard-Moore,CHI,line,5on5,4,638.0,38.0,0.33,0.28,0.26,3.29,0.32,0.23,0.81,0.13,2.13,1.37,0.32,0.32,0.32,4.0,1.0,2.0,7.0,0.0,0.0,0.0,0.0,0.0,3.0,2.0,4.0,5.0,1.0,2.0,3.0,1.0,1.0,3.0,4.0,0.0,1.0,0.08,0.0,0.25,0.0,0.0,0.0,7.02,5.0,5.05,3.0,0.05,0.0,0.0,0.37,0.37,0.37,9.81,0.67,0.57,2.22,0.33,5.47,4.74,0.67,0.68,0.67,8.0,6.0,4.0,18.0,1.0,1.0,0.0,2.0,0.0,3.0,7.0,7.0,13.0,1.0,2.0,4.0,4.0,1.0,3.0,10.0,4.0,0.0,0.24,0.43,0.0,1.0,0.0,0.0,18.13,14.0,14.04,2.0,0.12,0.02,0.02,0.77,0.77,0.77
84745748480800,2025,Hughes-Myers,VAN,pairing,5on5,26,5140.0,151.0,0.55,0.51,0.53,51.28,5.28,3.38,12.19,1.71,26.72,19.72,4.82,5.33,4.85,44.0,25.0,19.0,88.0,3.0,9.0,2.0,10.0,0.0,14.0,33.0,41.0,66.0,9.0,18.0,19.0,30.0,7.0,30.0,51.0,8.0,10.0,1.55,1.03,2.7,0.0,0.0,3.0,86.7,69.0,68.64,13.0,0.7,2.1,2.1,3.88,3.91,3.72,46.65,4.34,3.15,11.05,1.46,24.29,17.7,4.17,4.35,4.19,35.0,27.0,23.0,85.0,5.0,3.0,1.0,8.0,0.0,22.0,24.0,30.0,57.0,2.0,4.0,31.0,16.0,7.0,22.0,42.0,16.0,4.0,1.33,2.01,1.01,1.0,3.0,1.0,85.88,62.0,62.71,9.0,0.66,0.45,0.45,4.55,4.59,4.49
847846384820888482148,2025,Beauvillier-Sourdif-Lapierre,WSH,line,5on5,10,812.0,101.0,0.65,0.63,0.6,8.99,0.96,0.64,2.05,0.34,4.55,3.46,0.92,0.93,0.89,9.0,3.0,5.0,17.0,1.0,1.0,0.0,1.0,0.0,5.0,4.0,8.0,11.0,2.0,4.0,2.0,10.0,1.0,4.0,7.0,4.0,1.0,0.26,0.42,0.28,0.0,1.0,0.0,16.34,12.0,11.65,2.0,0.14,0.28,0.28,0.81,0.8,0.79,6.2,0.51,0.38,1.68,0.19,2.96,2.27,0.48,0.54,0.5,5.0,3.0,2.0,10.0,0.0,1.0,0.0,1.0,0.0,1.0,5.0,5.0,8.0,2.0,4.0,7.0,10.0,1.0,2.0,7.0,0.0,1.0,0.27,0.0,0.24,0.0,0.0,0.0,10.64,8.0,8.51,1.0,0.08,0.07,0.07,0.53,0.55,0.52
847740484780108482201,2025,Goncalves-Point-Guentzel,TBL,line,5on5,10,1272.0,118.0,0.63,0.47,0.41,8.16,0.94,0.53,1.79,0.26,4.32,3.16,0.94,0.93,0.92,10.0,1.0,7.0,18.0,2.0,0.0,0.0,0.0,0.0,4.0,5.0,8.0,9.0,0.0,0.0,5.0,3.0,1.0,3.0,7.0,2.0,2.0,0.22,0.22,0.5,1.0,0.0,1.0,17.74,11.0,10.76,1.0,0.11,0.0,0.0,1.05,1.04,1.03,11.35,0.55,0.63,3.04,0.39,6.33,5.06,0.55,0.56,0.55,12.0,4.0,4.0,20.0,0.0,0.0,0.0,2.0,0.0,5.0,9.0,12.0,16.0,2.0,4.0,13.0,6.0,2.0,9.0,14.0,2.0,0.0,0.34,0.21,0.0,0.0,0.0,0.0,20.24,16.0,16.2,3.0,0.13,0.0,0.0,0.68,0.69,0.68
847798784780438482703,2025,Donato-Dach-Lafferty,CHI,line,5on5,8,858.0,85.0,0.36,0.5,0.6,4.21,0.1,0.2,1.42,0.14,2.42,1.72,0.1,0.1,0.1,4.0,2.0,1.0,7.0,0.0,0.0,0.0,0.0,0.0,2.0,4.0,4.0,6.0,2.0,7.0,6.0,9.0,1.0,1.0,6.0,0.0,0.0,0.1,0.0,0.0,0.0,0.0,0.0,6.68,6.0,5.73,0.0,0.04,0.0,0.0,0.14,0.14,0.14,3.0,0.18,0.2,0.65,0.09,1.74,1.15,0.18,0.19,0.19,4.0,0.0,3.0,7.0,0.0,0.0,0.0,1.0,0.0,1.0,2.0,4.0,4.0,2.0,7.0,3.0,14.0,2.0,2.0,3.0,1.0,0.0,0.07,0.11,0.0,0.0,0.0,0.0,7.22,4.0,4.21,1.0,0.04,0.0,0.0,0.22,0.23,0.23
847688284841858484197,2025,Lardis-Moore-Teravainen,CHI,line,5on5,3,1605.0,8.0,0.45,0.63,0.61,12.24,0.61,0.72,3.23,0.39,7.0,5.05,0.61,0.6,0.59,11.0,6.0,9.0,26.0,1.0,1.0,0.0,1.0,0.0,8.0,6.0,10.0,16.0,0.0,0.0,12.0,7.0,3.0,7.0,16.0,1.0,0.0,0.53,0.08,0.0,1.0,0.0,0.0,26.49,17.0,16.85,4.0,0.15,0.05,0.05,0.71,0.69,0.69,7.9,0.76,0.54,1.97,0.27,4.04,3.42,0.72,0.75,0.71,8.0,3.0,4.0,15.0,0.0,1.0,0.0,2.0,0.0,4.0,4.0,8.0,11.0,0.0,0.0,9.0,9.0,1.0,7.0,8.0,2.0,1.0,0.22,0.25,0.28,0.0,0.0,0.0,14.64,11.0,10.69,4.0,0.11,0.28,0.28,0.59,0.58,0.58
847351284808018482116,2025,Tkachuk-Giroux-Sttzle,OTT,line,5on5,11,706.0,143.0,0.77,0.63,0.63,9.27,0.75,0.61,2.58,0.28,4.67,3.11,0.74,0.75,0.74,6.0,6.0,3.0,15.0,1.0,0.0,0.0,3.0,0.0,4.0,4.0,5.0,11.0,2.0,4.0,15.0,5.0,0.0,6.0,10.0,2.0,0.0,0.46,0.29,0.0,1.0,0.0,0.0,14.87,12.0,12.03,5.0,0.13,0.0,0.0,0.88,0.88,0.87,4.55,0.22,0.38,1.13,0.21,3.03,2.03,0.22,0.22,0.22,6.0,1.0,2.0,9.0,0.0,0.0,0.0,1.0,0.0,1.0,5.0,6.0,7.0,1.0,2.0,7.0,5.0,0.0,6.0,7.0,0.0,0.0,0.22,0.0,0.0,0.0,0.0,0.0,9.53,7.0,7.31,3.0,0.08,0.0,0.0,0.3,0.3,0.3
847414184774568479337,2025,Debrincat-Compher-Kane,DET,line,5on5,13,2530.0,118.0,0.48,0.48,0.51,28.4,2.33,1.71,6.91,0.95,15.3,11.8,2.28,2.22,2.17,25.0,14.0,9.0,48.0,2.0,3.0,1.0,2.0,0.0,17.0,15.0,23.0,37.0,6.0,14.0,27.0,10.0,2.0,11.0,31.0,4.0,4.0,0.91,0.52,0.91,1.0,0.0,1.0,44.64,39.0,36.54,5.0,0.35,0.65,0.65,2.03,1.9,1.89,27.88,2.51,1.73,6.59,0.88,13.97,11.32,2.42,2.6,2.51,26.0,11.0,14.0,51.0,4.0,2.0,0.0,7.0,0.0,11.0,13.0,22.0,33.0,3.0,6.0,18.0,14.0,3.0,7.0,26.0,8.0,3.0,0.75,0.93,0.83,1.0,3.0,0.0,53.85,37.0,38.94,3.0,0.36,0.43,0.43,2.44,2.55,2.53
847410284801888481528,2025,Zetterlund-Cozens-Perron,OTT,line,5on5,14,863.0,163.0,0.43,0.47,0.47,5.22,0.25,0.29,1.66,0.16,2.86,1.78,0.25,0.24,0.24,2.0,5.0,2.0,9.0,0.0,0.0,0.0,1.0,0.0,1.0,5.0,2.0,7.0,1.0,2.0,8.0,5.0,1.0,5.0,6.0,1.0,0.0,0.13,0.12,0.0,0.0,0.0,0.0,9.12,7.0,6.96,3.0,0.06,0.0,0.0,0.31,0.3,0.3,5.5,0.34,0.33,1.23,0.18,3.51,2.41,0.33,0.34,0.34,6.0,2.0,2.0,10.0,0.0,0.0,0.0,1.0,0.0,5.0,2.0,6.0,8.0,2.0,4.0,5.0,6.0,0.0,5.0,7.0,1.0,0.0,0.22,0.12,0.0,0.0,0.0,0.0,10.74,8.0,8.53,3.0,0.07,0.0,0.0,0.41,0.41,0.4
847795384814918481617,2025,Kapanen-Philp-Podkolzin,EDM,line,5on5,2,1173.0,4.0,0.52,0.69,0.71,12.64,0.69,0.7,3.01,0.38,7.24,4.98,0.67,0.68,0.66,14.0,3.0,5.0,22.0,1.0,0.0,0.0,4.0,0.0,9.0,3.0,13.0,16.0,2.0,4.0,11.0,16.0,2.0,5.0,14.0,2.0,1.0,0.29,0.19,0.21,0.0,1.0,0.0,22.37,17.0,17.29,2.0,0.14,0.0,0.0,0.83,0.82,0.8,5.53,0.63,0.4,1.13,0.16,2.69,1.99,0.62,0.64,0.63,5.0,2.0,3.0,10.0,2.0,0.0,0.0,0.0,0.0,4.0,1.0,3.0,5.0,2.0,4.0,5.0,9.0,1.0,7.0,5.0,1.0,1.0,0.22,0.12,0.29,1.0,0.0,1.0,9.92,7.0,6.93,4.0,0.08,0.0,0.0,0.71,0.73,0.72
847682684774168480995,2025,Bjorkstrand-Gourde-Holmberg,TBL,line,5on5,11,3147.0,97.0,0.69,0.53,0.51,30.06,2.55,1.77,6.97,0.92,14.55,12.24,2.49,2.7,2.64,25.0,14.0,16.0,55.0,3.0,5.0,1.0,4.0,0.0,14.0,13.0,22.0,36.0,3.0,6.0,26.0,16.0,1.0,11.0,30.0,4.0,5.0,0.72,0.52,1.31,1.0,1.0,1.0,56.97,39.0,40.64,5.0,0.37,1.02,1.02,1.9,1.99,1.99,26.94,1.15,1.66,7.29,0.9,15.74,11.27,1.13,1.1,1.09,22.0,16.0,11.0,49.0,0.0,1.0,0.0,6.0,0.0,12.0,19.0,22.0,38.0,3.0,6.0,31.0,25.0,2.0,15.0,37.0,1.0,0.0,1.04,0.11,0.0,0.0,0.0,0.0,47.28,38.0,36.67,7.0,0.34,0.03,0.03,1.46,1.4,1.38
847575484775018479525,2025,Colton-Nelson-Nichushkin,COL,line,5on5,14,4436.0,79.0,0.64,0.56,0.59,44.75,4.23,3.24,11.41,1.65,24.02,17.45,3.99,4.36,4.12,42.0,20.0,27.0,89.0,3.0,9.0,0.0,11.0,0.0,18.0,21.0,39.0,59.0,4.0,8.0,57.0,23.0,10.0,17.0,46.0,11.0,5.0,1.42,1.42,1.39,1.0,2.0,0.0,93.7,62.0,64.94,10.0,0.67,1.75,1.75,3.15,3.32,3.26,31.7,2.34,2.11,8.61,1.02,16.62,12.29,2.29,2.2,2.14,28.0,15.0,28.0,71.0,3.0,3.0,0.0,7.0,0.0,18.0,12.0,25.0,40.0,6.0,12.0,41.0,20.0,4.0,13.0,34.0,8.0,1.0,1.02,1.05,0.28,3.0,0.0,0.0,66.87,43.0,40.43,8.0,0.44,0.58,0.58,2.2,2.08,2.04
847967584815328483808,2025,Kuzmenko-Turcotte-Moore,LAK,line,5on5,5,921.0,45.0,0.87,0.7,0.76,11.44,1.35,0.75,2.8,0.38,6.2,4.52,1.25,1.38,1.28,13.0,3.0,5.0,21.0,0.0,2.0,0.0,2.0,0.0,7.0,5.0,13.0,16.0,0.0,0.0,10.0,2.0,2.0,3.0,11.0,3.0,2.0,0.27,0.36,0.73,0.0,0.0,0.0,20.78,16.0,15.98,2.0,0.15,0.73,0.73,0.78,0.8,0.72,3.69,0.21,0.23,0.8,0.11,2.11,1.53,0.21,0.2,0.2,2.0,3.0,4.0,9.0,0.0,0.0,0.0,1.0,0.0,2.0,2.0,2.0,5.0,1.0,2.0,6.0,6.0,2.0,5.0,4.0,1.0,0.0,0.1,0.11,0.0,0.0,0.0,0.0,8.79,5.0,4.94,1.0,0.05,0.0,0.0,0.26,0.25,0.25
847578484807988484801,2025,Skinner-Celebrini-Kurashev,SJS,line,5on5,1,686.0,2.0,0.29,0.43,0.42,3.29,0.24,0.25,0.74,0.13,2.04,1.59,0.24,0.24,0.24,5.0,0.0,1.0,6.0,1.0,0.0,0.0,0.0,0.0,1.0,3.0,4.0,4.0,1.0,2.0,3.0,4.0,1.0,5.0,4.0,1.0,0.0,0.15,0.09,0.0,1.0,0.0,0.0,5.94,5.0,4.93,1.0,0.05,0.0,0.0,0.29,0.29,0.29,5.22,0.58,0.37,1.35,0.16,2.69,1.84,0.58,0.58,0.58,4.0,3.0,1.0,8.0,1.0,0.0,0.0,1.0,0.0,1.0,4.0,3.0,6.0,1.0,2.0,3.0,4.0,1.0,4.0,5.0,1.0,1.0,0.17,0.2,0.22,0.0,0.0,1.0,8.13,7.0,7.04,2.0,0.08,0.0,0.0,0.67,0.66,0.65
847740284793858480023,2025,Buchnevich-Thomas-Kyrou,STL,line,5on5,10,1589.0,96.0,0.56,0.6,0.56,7.46,0.56,0.54,1.69,0.23,4.11,2.88,0.55,0.56,0.55,7.0,3.0,8.0,18.0,0.0,0.0,0.0,1.0,0.0,4.0,5.0,7.0,10.0,1.0,2.0,14.0,1.0,5.0,8.0,8.0,2.0,0.0,0.29,0.27,0.0,0.0,0.0,0.0,18.11,10.0,9.9,5.0,0.11,0.0,0.0,0.67,0.66,0.66,5.69,0.44,0.37,1.52,0.19,3.25,2.23,0.43,0.42,0.42,6.0,2.0,4.0,12.0,0.0,1.0,0.0,0.0,0.0,1.0,6.0,6.0,8.0,1.0,2.0,15.0,9.0,0.0,8.0,7.0,0.0,1.0,0.21,0.0,0.23,0.0,0.0,0.0,12.08,8.0,7.89,4.0,0.08,0.23,0.23,0.28,0.27,0.27
847744684793708482062,2025,Jost-Mccarron-Smith,NSH,line,5on5,5,1589.0,45.0,0.3,0.43,0.46,12.74,0.49,0.65,3.11,0.41,6.55,5.79,0.49,0.48,0.48,12.0,5.0,8.0,25.0,0.0,0.0,0.0,4.0,0.0,5.0,8.0,12.0,17.0,2.0,4.0,12.0,17.0,3.0,8.0,16.0,1.0,0.0,0.39,0.11,0.0,0.0,0.0,0.0,25.1,17.0,17.03,3.0,0.13,0.0,0.0,0.62,0.61,0.61,15.29,1.14,0.97,4.16,0.45,7.86,5.42,1.11,1.13,1.1,11.0,9.0,13.0,33.0,1.0,1.0,0.0,2.0,0.0,13.0,3.0,10.0,19.0,0.0,0.0,14.0,12.0,0.0,6.0,15.0,4.0,1.0,0.35,0.47,0.32,0.0,0.0,1.0,32.07,20.0,19.21,2.0,0.2,0.14,0.14,1.2,1.19,1.17
847514984757658477451,2025,Johansson-Hartman-Tarasenko,MIN,line,5on5,17,794.0,205.0,0.71,0.46,0.47,6.64,0.65,0.41,1.68,0.22,3.38,2.67,0.6,0.67,0.62,4.0,5.0,3.0,12.0,0.0,2.0,0.0,1.0,0.0,4.0,2.0,4.0,9.0,1.0,2.0,3.0,1.0,1.0,5.0,6.0,2.0,1.0,0.18,0.25,0.22,0.0,0.0,0.0,12.39,9.0,9.28,2.0,0.08,0.36,0.36,0.37,0.38,0.37,6.82,0.26,0.4,1.58,0.23,4.5,3.02,0.26,0.26,0.26,4.0,6.0,4.0,14.0,0.0,0.0,0.0,0.0,0.0,2.0,8.0,4.0,10.0,1.0,2.0,7.0,5.0,0.0,3.0,10.0,0.0,0.0,0.26,0.0,0.0,0.0,0.0,0.0,14.0,10.0,9.94,3.0,0.08,0.0,0.0,0.34,0.34,0.34
847578684779348478402,2025,Hyman-Mcdavid-Draisaitl,EDM,line,5on5,23,4569.0,122.0,0.65,0.63,0.66,52.55,4.94,3.51,12.04,1.63,27.71,21.16,4.7,4.98,4.75,43.0,28.0,27.0,98.0,5.0,5.0,1.0,15.0,0.0,22.0,24.0,38.0,66.0,3.0,6.0,40.0,17.0,7.0,25.0,49.0,17.0,5.0,1.52,2.09,1.33,2.0,1.0,2.0,96.36,71.0,69.49,9.0,0.73,1.16,1.16,4.51,4.55,4.45,27.24,2.63,1.7,6.83,0.92,14.54,10.38,2.48,2.67,2.52,31.0,6.0,20.0,57.0,5.0,3.0,1.0,7.0,0.0,11.0,11.0,26.0,32.0,4.0,8.0,40.0,27.0,11.0,22.0,28.0,5.0,4.0,0.82,0.57,1.24,2.0,2.0,1.0,60.05,37.0,38.76,11.0,0.35,1.0,1.0,1.98,2.02,2.01
84799808480246,2025,Hague-Perbix,NSH,pairing,5on5,24,1903.0,180.0,0.58,0.49,0.42,12.56,1.06,0.9,2.91,0.39,6.79,4.95,1.04,1.02,1.0,10.0,7.0,8.0,25.0,2.0,1.0,0.0,1.0,0.0,6.0,7.0,8.0,15.0,2.0,4.0,16.0,12.0,6.0,9.0,12.0,4.0,1.0,0.39,0.44,0.23,1.0,1.0,0.0,23.94,17.0,16.65,5.0,0.19,0.23,0.23,1.02,0.99,0.99,16.29,0.76,0.9,3.85,0.5,9.72,7.28,0.75,0.77,0.77,17.0,6.0,3.0,26.0,0.0,0.0,0.0,5.0,0.0,10.0,8.0,17.0,23.0,2.0,4.0,5.0,7.0,4.0,10.0,22.0,1.0,0.0,0.59,0.17,0.0,0.0,0.0,0.0,27.12,23.0,23.8,3.0,0.18,0.0,0.0,0.94,0.96,0.95
84810068482516,2025,Tucker-Kessel,STL,pairing,5on5,14,6269.0,50.0,0.47,0.47,0.48,45.02,3.34,2.88,10.92,1.53,26.5,18.82,3.19,3.4,3.26,38.0,26.0,20.0,84.0,2.0,4.0,0.0,10.0,0.0,24.0,24.0,36.0,62.0,11.0,33.0,38.0,76.0,5.0,21.0,52.0,10.0,2.0,1.44,1.27,0.63,2.0,0.0,0.0,84.76,64.0,64.97,14.0,0.59,0.69,0.69,3.24,3.33,3.25,50.72,3.7,3.2,12.88,1.67,27.69,20.86,3.6,3.64,3.55,47.0,23.0,26.0,96.0,4.0,3.0,1.0,15.0,0.0,28.0,20.0,43.0,66.0,10.0,29.0,49.0,44.0,9.0,27.0,56.0,11.0,3.0,1.52,1.38,0.79,2.0,1.0,1.0,97.58,70.0,69.86,16.0,0.66,0.66,0.66,3.7,3.64,3.57
847464184757868479365,2025,Hyman-Henrique-Frederic,EDM,line,5on5,4,941.0,33.0,0.24,0.36,0.33,7.06,0.36,0.41,1.56,0.23,4.15,3.29,0.35,0.39,0.38,4.0,6.0,4.0,14.0,1.0,1.0,0.0,1.0,0.0,3.0,4.0,3.0,9.0,1.0,2.0,5.0,9.0,2.0,2.0,9.0,1.0,0.0,0.23,0.12,0.0,1.0,0.0,0.0,14.97,10.0,10.96,1.0,0.08,0.12,0.12,0.32,0.34,0.34,14.67,1.13,1.01,3.47,0.49,7.87,6.02,1.08,1.05,1.01,12.0,8.0,5.0,25.0,1.0,3.0,0.0,2.0,0.0,10.0,4.0,11.0,19.0,1.0,2.0,10.0,12.0,2.0,4.0,18.0,0.0,2.0,0.53,0.0,0.61,1.0,0.0,0.0,23.53,20.0,18.78,1.0,0.21,0.63,0.63,0.71,0.67,0.65
847569284788648483525,2025,Kaprizov-Yurov-Zuccarello,MIN,line,5on5,17,7643.0,85.0,0.48,0.46,0.47,60.76,4.97,4.36,14.31,2.3,35.15,26.91,4.74,5.19,4.95,55.0,33.0,28.0,116.0,9.0,7.0,0.0,11.0,0.0,27.0,34.0,46.0,79.0,4.0,8.0,54.0,21.0,15.0,28.0,67.0,18.0,3.0,1.94,2.2,0.83,5.0,4.0,0.0,122.79,88.0,92.44,12.0,0.91,0.7,0.7,5.18,5.4,5.21,70.95,5.44,4.69,18.3,2.57,38.06,28.94,5.29,5.29,5.15,68.0,30.0,39.0,137.0,9.0,9.0,1.0,18.0,0.0,25.0,37.0,59.0,89.0,7.0,14.0,83.0,39.0,10.0,48.0,81.0,13.0,4.0,2.43,1.66,1.35,4.0,3.0,2.0,131.04,98.0,94.37,24.0,0.97,1.74,1.74,4.68,4.54,4.44
848103284817218482110,2025,Cotter-Mercer-Gritsyuk,NJD,line,5on5,9,1125.0,93.0,0.21,0.32,0.33,7.89,0.3,0.39,2.14,0.28,4.45,3.45,0.29,0.31,0.3,6.0,5.0,3.0,14.0,0.0,0.0,0.0,2.0,0.0,1.0,8.0,6.0,11.0,1.0,2.0,10.0,6.0,0.0,3.0,11.0,0.0,0.0,0.3,0.0,0.0,0.0,0.0,0.0,14.47,11.0,11.29,2.0,0.08,0.0,0.0,0.38,0.39,0.38,15.84,1.15,0.97,4.05,0.56,8.73,6.54,1.09,1.06,1.01,12.0,10.0,8.0,30.0,1.0,1.0,0.0,3.0,1.0,5.0,11.0,11.0,21.0,1.0,2.0,6.0,3.0,4.0,2.0,17.0,3.0,2.0,0.41,0.29,0.45,0.0,1.0,0.0,28.04,22.0,20.49,0.0,0.2,0.23,0.23,1.11,1.03,1.02
84808078480839,2025,Dahlin-Samuelsson,BUF,pairing,5on5,34,24569.0,65.0,0.54,0.5,0.51,205.72,17.33,13.73,51.73,6.64,110.01,79.56,16.79,17.31,16.77,199.0,80.0,98.0,377.0,20.0,18.0,0.0,38.0,1.0,102.0,100.0,179.0,259.0,21.0,43.0,199.0,155.0,29.0,109.0,211.0,51.0,17.0,6.34,6.47,4.52,11.0,9.0,0.0,375.94,279.0,277.39,55.0,2.86,3.68,3.68,16.51,16.51,16.3,195.58,14.52,12.92,49.43,6.46,103.33,79.34,14.2,14.6,14.28,157.0,109.0,106.0,372.0,15.0,13.0,2.0,38.0,0.0,106.0,94.0,142.0,251.0,25.0,53.0,213.0,184.0,23.0,130.0,215.0,41.0,10.0,6.72,5.23,2.57,6.0,8.0,1.0,374.11,266.0,268.99,67.0,2.7,2.17,2.17,15.05,15.09,14.88
84800498483510,2025,Samberg-Salomonsson,WPG,pairing,5on5,3,1056.0,18.0,0.14,0.35,0.28,5.41,0.24,0.4,1.3,0.2,3.34,2.52,0.24,0.24,0.24,5.0,3.0,7.0,15.0,0.0,0.0,0.0,2.0,0.0,5.0,1.0,5.0,8.0,1.0,2.0,11.0,5.0,1.0,7.0,7.0,1.0,0.0,0.15,0.09,0.0,0.0,0.0,0.0,14.48,8.0,7.9,4.0,0.08,0.0,0.0,0.32,0.32,0.31,15.53,1.51,1.14,3.98,0.55,8.07,5.74,1.38,1.47,1.35,16.0,5.0,7.0,28.0,3.0,3.0,0.0,4.0,0.0,6.0,5.0,13.0,18.0,1.0,2.0,5.0,4.0,1.0,4.0,14.0,4.0,3.0,0.37,0.45,0.69,1.0,2.0,0.0,28.29,21.0,21.1,3.0,0.23,0.49,0.49,1.25,1.22,1.17
847516984807488482055,2025,Kane-O'Connor-Sherwood,VAN,line,5on5,11,2451.0,112.0,0.72,0.72,0.71,36.43,3.18,2.55,9.03,1.23,19.29,13.72,2.82,3.18,2.83,28.0,21.0,22.0,71.0,2.0,7.0,0.0,6.0,0.0,18.0,16.0,26.0,47.0,2.0,4.0,14.0,22.0,4.0,16.0,35.0,10.0,4.0,0.74,1.33,1.11,1.0,1.0,0.0,70.2,49.0,49.25,6.0,0.53,1.38,1.38,2.34,2.33,2.22,14.25,1.26,1.07,3.18,0.49,8.3,5.69,1.23,1.24,1.22,13.0,7.0,8.0,28.0,1.0,1.0,0.0,1.0,0.0,8.0,9.0,12.0,19.0,2.0,4.0,19.0,9.0,7.0,12.0,14.0,5.0,1.0,0.39,0.64,0.24,1.0,0.0,0.0,26.51,20.0,18.9,5.0,0.22,0.01,0.01,1.47,1.44,1.42
84775048479378,2025,Morrissey-Stanley,WPG,pairing,5on5,31,2376.0,246.0,0.38,0.41,0.46,17.21,1.38,1.06,3.91,0.57,9.37,7.73,1.36,1.36,1.35,16.0,8.0,4.0,28.0,5.0,1.0,1.0,3.0,0.0,4.0,11.0,11.0,19.0,3.0,9.0,7.0,11.0,2.0,13.0,20.0,3.0,1.0,0.59,0.53,0.26,2.0,2.0,1.0,27.16,24.0,23.52,5.0,0.22,0.17,0.17,1.42,1.4,1.4,20.2,2.27,1.38,4.79,0.69,10.73,8.14,2.19,2.35,2.27,20.0,8.0,12.0,40.0,3.0,3.0,1.0,4.0,0.0,10.0,8.0,17.0,25.0,6.0,15.0,7.0,15.0,3.0,11.0,18.0,7.0,3.0,0.5,1.01,0.76,0.0,1.0,2.0,40.85,28.0,28.64,4.0,0.28,0.76,0.76,1.8,1.85,1.83
847646884778398482109,2025,Sheary-Miller-Lafrenire,NYR,line,5on5,6,3111.0,15.0,0.7,0.61,0.61,30.4,2.76,2.38,7.7,1.14,16.8,12.2,2.69,2.83,2.76,26.0,17.0,14.0,57.0,1.0,3.0,0.0,4.0,0.0,21.0,14.0,25.0,42.0,2.0,4.0,40.0,19.0,4.0,12.0,34.0,7.0,2.0,1.36,0.87,0.53,0.0,1.0,0.0,57.63,43.0,43.75,5.0,0.51,0.6,0.6,2.68,2.77,2.71,19.49,1.18,1.18,4.85,0.61,10.97,8.21,1.17,1.18,1.16,14.0,13.0,9.0,36.0,1.0,2.0,0.0,2.0,0.0,11.0,11.0,13.0,26.0,2.0,4.0,28.0,16.0,5.0,10.0,23.0,4.0,0.0,0.76,0.42,0.0,1.0,0.0,0.0,36.02,27.0,27.02,6.0,0.24,0.22,0.22,1.2,1.18,1.18
84757538475764,2025,Fowler-Faulk,STL,pairing,5on5,40,17818.0,181.0,0.45,0.45,0.45,131.54,10.36,8.38,33.48,4.36,70.53,51.89,10.02,10.48,10.14,133.0,46.0,75.0,254.0,12.0,16.0,2.0,24.0,0.0,61.0,66.0,121.0,167.0,12.0,32.0,151.0,101.0,17.0,69.0,141.0,29.0,9.0,4.13,3.36,2.87,6.0,6.0,0.0,255.21,179.0,181.51,28.0,1.74,3.11,3.11,8.99,9.05,8.87,161.12,12.6,9.99,41.53,5.2,84.14,63.54,11.89,12.63,11.92,151.0,66.0,96.0,313.0,10.0,14.0,4.0,37.0,0.0,84.0,72.0,141.0,207.0,13.0,29.0,142.0,72.0,28.0,75.0,176.0,30.0,11.0,4.86,4.41,3.32,6.0,2.0,2.0,316.32,217.0,216.31,35.0,2.08,3.5,3.5,11.18,11.19,10.97
84773658477435,2025,Graves-Clifton,PIT,pairing,5on5,11,8993.0,20.0,0.61,0.55,0.6,75.72,6.88,5.11,18.12,2.45,41.44,30.0,6.72,6.86,6.69,68.0,36.0,43.0,147.0,3.0,10.0,2.0,18.0,0.0,37.0,36.0,65.0,101.0,12.0,26.0,51.0,61.0,17.0,35.0,78.0,16.0,10.0,2.36,1.7,2.83,1.0,0.0,2.0,147.74,104.0,104.15,17.0,1.07,2.16,2.16,5.8,5.76,5.67,51.42,4.33,3.48,12.71,1.75,27.54,20.2,4.15,4.39,4.21,45.0,25.0,51.0,121.0,3.0,4.0,1.0,9.0,0.0,31.0,23.0,42.0,67.0,8.0,16.0,69.0,80.0,12.0,45.0,55.0,9.0,6.0,1.51,1.34,1.48,2.0,1.0,0.0,120.69,70.0,69.87,22.0,0.73,0.91,0.91,4.14,4.23,4.19
848044884829478482953,2025,Makar-Kelly-Bardakov,COL,line,5on5,4,1136.0,16.0,0.56,0.54,0.52,9.12,0.75,0.64,2.76,0.3,4.42,3.13,0.73,0.75,0.73,7.0,5.0,8.0,20.0,0.0,1.0,0.0,0.0,0.0,6.0,5.0,7.0,12.0,3.0,6.0,10.0,14.0,2.0,3.0,9.0,2.0,1.0,0.27,0.24,0.24,0.0,0.0,0.0,20.31,12.0,12.21,2.0,0.14,0.15,0.15,0.73,0.74,0.72,8.03,0.59,0.48,1.9,0.24,4.61,3.18,0.59,0.59,0.59,5.0,6.0,6.0,17.0,0.0,0.0,0.0,4.0,0.0,2.0,5.0,5.0,11.0,0.0,0.0,11.0,11.0,1.0,4.0,7.0,4.0,0.0,0.2,0.4,0.0,0.0,0.0,0.0,16.71,11.0,10.99,0.0,0.1,0.0,0.0,0.7,0.69,0.69
84745638475208,2025,Dumoulin-Doughty,LAK,pairing,5on5,28,10192.0,140.0,0.5,0.54,0.53,95.75,7.21,6.06,24.61,3.1,51.25,37.77,6.99,7.14,6.92,86.0,44.0,47.0,177.0,5.0,7.0,0.0,14.0,1.0,49.0,54.0,81.0,125.0,8.0,16.0,95.0,56.0,13.0,57.0,100.0,26.0,4.0,2.68,3.27,1.26,2.0,3.0,0.0,174.79,130.0,129.27,27.0,1.26,1.6,1.71,6.76,6.79,6.71,85.4,7.24,5.54,21.95,2.91,43.99,33.37,6.97,7.25,6.98,78.0,37.0,33.0,148.0,4.0,13.0,0.0,13.0,0.0,36.0,49.0,74.0,111.0,10.0,20.0,91.0,58.0,21.0,41.0,82.0,27.0,6.0,2.13,3.53,1.58,2.0,2.0,0.0,149.99,115.0,116.5,22.0,1.16,2.48,2.48,5.92,5.94,5.83
847805784784628481582,2025,Robertson-Roy-Joshua,TOR,line,5on5,7,803.0,105.0,0.55,0.47,0.5,8.36,0.78,0.5,2.1,0.26,4.2,3.17,0.77,0.8,0.8,8.0,3.0,3.0,14.0,1.0,1.0,0.0,0.0,0.0,5.0,4.0,7.0,10.0,2.0,4.0,11.0,6.0,1.0,2.0,7.0,4.0,0.0,0.19,0.58,0.0,1.0,0.0,0.0,14.39,11.0,11.32,1.0,0.1,0.19,0.19,0.69,0.71,0.71,8.2,0.63,0.48,2.15,0.27,4.33,3.13,0.63,0.65,0.64,7.0,4.0,5.0,16.0,2.0,0.0,0.0,1.0,0.0,5.0,3.0,5.0,9.0,2.0,4.0,5.0,5.0,2.0,5.0,9.0,1.0,1.0,0.21,0.17,0.25,1.0,1.0,0.0,16.33,11.0,11.05,2.0,0.1,0.0,0.0,0.73,0.75,0.74
847645684800288482679,2025,Huberdeau-Frost-Coronato,CGY,line,5on5,27,14526.0,76.0,0.51,0.52,0.52,145.96,11.97,9.8,39.57,4.97,76.91,54.78,11.49,11.96,11.48,144.0,54.0,71.0,269.0,11.0,14.0,1.0,36.0,0.0,67.0,70.0,133.0,187.0,13.0,29.0,158.0,66.0,20.0,74.0,151.0,35.0,12.0,4.17,4.65,3.16,5.0,4.0,2.0,267.98,198.0,197.53,31.0,2.07,2.68,2.68,11.36,11.39,11.1,131.96,11.36,9.17,31.97,4.53,72.09,53.89,11.07,11.41,11.13,109.0,74.0,67.0,250.0,13.0,14.0,1.0,27.0,1.0,56.0,72.0,96.0,170.0,14.0,34.0,136.0,71.0,22.0,69.0,135.0,39.0,9.0,3.99,4.67,2.69,4.0,7.0,2.0,247.06,183.0,182.07,22.0,1.92,2.45,2.45,10.82,10.91,10.79
847576084775738480074,2025,Texier-Walker-Bjugstad,STL,line,5on5,6,1509.0,34.0,0.6,0.45,0.45,10.66,1.15,0.79,2.38,0.31,5.52,3.84,1.13,1.15,1.14,9.0,5.0,6.0,20.0,1.0,1.0,0.0,0.0,0.0,3.0,9.0,8.0,13.0,1.0,5.0,14.0,20.0,2.0,9.0,9.0,3.0,2.0,0.27,0.35,0.53,0.0,1.0,0.0,20.32,14.0,14.38,6.0,0.17,0.32,0.32,0.99,1.01,1.0,12.52,0.75,0.76,3.6,0.44,6.83,4.62,0.74,0.77,0.76,6.0,11.0,7.0,24.0,1.0,3.0,0.0,2.0,0.0,6.0,5.0,5.0,16.0,2.0,7.0,11.0,15.0,6.0,12.0,14.0,3.0,0.0,0.35,0.4,0.0,1.0,0.0,0.0,25.0,17.0,17.64,4.0,0.16,0.16,0.16,0.75,0.77,0.76
847579184807628480829,2025,Hall-Kotkaniemi-Robinson,CAR,line,5on5,10,3624.0,69.0,0.55,0.59,0.59,35.03,2.63,2.12,9.56,1.3,18.49,12.9,2.43,2.61,2.41,34.0,13.0,21.0,68.0,5.0,1.0,0.0,10.0,0.0,21.0,10.0,29.0,42.0,2.0,4.0,38.0,29.0,5.0,14.0,39.0,6.0,2.0,1.26,0.82,0.55,4.0,1.0,0.0,68.58,47.0,47.03,8.0,0.45,0.28,0.55,2.53,2.5,2.34,23.28,2.11,1.45,5.78,0.76,12.39,9.51,1.95,2.09,1.93,20.0,12.0,16.0,48.0,3.0,4.0,1.0,7.0,0.0,10.0,8.0,17.0,29.0,3.0,6.0,48.0,41.0,5.0,20.0,22.0,8.0,2.0,0.51,0.99,0.61,1.0,1.0,1.0,47.99,32.0,32.34,9.0,0.3,0.88,0.88,1.54,1.56,1.53
84821788482803,2025,Zellweger-Moore,ANA,pairing,5on5,22,5493.0,126.0,0.59,0.57,0.6,54.23,4.52,3.36,13.3,1.91,29.12,22.79,4.28,4.38,4.16,46.0,29.0,24.0,99.0,4.0,6.0,0.0,13.0,0.0,21.0,31.0,42.0,71.0,6.0,12.0,25.0,24.0,10.0,25.0,61.0,10.0,4.0,1.92,1.24,1.36,2.0,2.0,0.0,97.57,75.0,74.18,13.0,0.7,1.45,1.45,3.76,3.69,3.64,35.78,3.1,2.53,8.52,1.19,19.56,14.11,3.02,3.06,2.98,27.0,22.0,27.0,76.0,3.0,3.0,0.0,8.0,1.0,18.0,16.0,24.0,46.0,4.0,8.0,32.0,49.0,6.0,30.0,32.0,16.0,1.0,0.95,1.94,0.21,3.0,0.0,0.0,76.36,49.0,48.9,14.0,0.54,0.34,0.34,3.29,3.25,3.21
84764628483495,2025,Nemec-Hamilton,NJD,pairing,5on5,16,791.0,136.0,0.53,0.52,0.58,8.3,0.71,0.6,2.08,0.28,4.07,3.25,0.71,0.69,0.69,5.0,6.0,1.0,12.0,0.0,0.0,0.0,1.0,0.0,4.0,6.0,5.0,11.0,1.0,2.0,2.0,4.0,0.0,7.0,7.0,4.0,0.0,0.21,0.5,0.0,0.0,0.0,0.0,11.04,11.0,10.2,5.0,0.13,0.0,0.0,0.84,0.81,0.81,6.06,0.62,0.37,1.74,0.21,2.99,2.07,0.59,0.61,0.59,5.0,3.0,3.0,11.0,0.0,1.0,0.0,1.0,0.0,4.0,2.0,5.0,8.0,1.0,2.0,1.0,7.0,3.0,5.0,6.0,1.0,1.0,0.18,0.11,0.33,0.0,0.0,0.0,11.16,8.0,8.13,0.0,0.08,0.33,0.33,0.37,0.36,0.34
84810568482482,2025,Wilsby-Stastney,NSH,pairing,5on5,9,1962.0,63.0,0.43,0.63,0.63,13.64,0.52,0.74,3.97,0.42,7.83,5.53,0.52,0.51,0.51,11.0,8.0,11.0,30.0,0.0,0.0,0.0,8.0,0.0,5.0,6.0,11.0,19.0,1.0,5.0,16.0,11.0,1.0,9.0,18.0,1.0,0.0,0.41,0.12,0.0,0.0,0.0,0.0,28.22,19.0,18.24,4.0,0.15,0.0,0.0,0.67,0.65,0.65,7.67,0.69,0.56,1.98,0.3,4.24,3.23,0.68,0.71,0.7,7.0,4.0,7.0,18.0,1.0,1.0,0.0,3.0,0.0,2.0,4.0,6.0,10.0,1.0,5.0,16.0,17.0,3.0,7.0,8.0,3.0,0.0,0.29,0.4,0.0,1.0,0.0,0.0,19.17,11.0,11.34,3.0,0.12,0.14,0.14,0.66,0.68,0.68
847688084815808482088,2025,Mcmichael-Sourdif-Wilson,WSH,line,5on5,8,1823.0,63.0,0.63,0.54,0.51,15.62,1.98,1.16,3.47,0.54,8.1,5.75,1.81,2.01,1.83,14.0,7.0,15.0,36.0,3.0,1.0,0.0,2.0,0.0,8.0,7.0,11.0,18.0,1.0,2.0,16.0,15.0,3.0,10.0,12.0,6.0,3.0,0.45,0.67,0.85,0.0,2.0,1.0,36.44,21.0,21.48,5.0,0.25,0.3,0.3,1.92,1.94,1.78,15.95,1.15,1.06,4.08,0.57,7.18,5.97,1.09,1.15,1.1,15.0,5.0,11.0,31.0,0.0,4.0,0.0,4.0,0.0,6.0,6.0,15.0,20.0,1.0,2.0,18.0,9.0,3.0,12.0,12.0,8.0,0.0,0.36,0.79,0.0,0.0,0.0,0.0,30.8,20.0,19.68,4.0,0.22,0.36,0.36,1.0,1.0,0.99
847794084784278482809,2025,Ehlers-Aho-Blake,CAR,line,5on5,12,723.0,133.0,0.36,0.53,0.5,5.31,0.17,0.19,1.25,0.15,2.79,2.45,0.17,0.18,0.18,3.0,4.0,3.0,10.0,0.0,0.0,0.0,0.0,0.0,5.0,2.0,3.0,7.0,0.0,0.0,1.0,2.0,0.0,2.0,6.0,1.0,0.0,0.08,0.09,0.0,0.0,0.0,0.0,10.61,7.0,7.49,1.0,0.04,0.0,0.0,0.2,0.22,0.22,4.8,0.3,0.28,1.17,0.16,2.82,2.27,0.29,0.31,0.31,5.0,2.0,2.0,9.0,1.0,0.0,0.0,0.0,0.0,2.0,4.0,4.0,6.0,0.0,0.0,5.0,4.0,1.0,1.0,7.0,0.0,0.0,0.3,0.0,0.0,1.0,0.0,0.0,8.92,7.0,7.13,1.0,0.06,0.0,0.0,0.35,0.37,0.36
84775078480035,2025,Zadorov-Jokiharju,BOS,pairing,5on5,21,7824.0,117.0,0.45,0.49,0.51,68.42,4.34,4.28,18.24,2.38,36.32,27.44,4.24,4.34,4.24,64.0,29.0,37.0,130.0,5.0,7.0,0.0,14.0,0.0,41.0,26.0,59.0,88.0,12.0,27.0,82.0,74.0,7.0,45.0,79.0,12.0,2.0,2.17,1.63,0.54,2.0,3.0,0.0,128.97,93.0,92.86,20.0,0.89,0.75,0.75,4.48,4.47,4.4,65.22,5.4,4.46,16.7,2.28,36.04,26.12,5.24,5.38,5.22,57.0,34.0,43.0,134.0,7.0,8.0,0.0,14.0,0.0,39.0,23.0,50.0,84.0,13.0,29.0,70.0,56.0,8.0,37.0,71.0,13.0,7.0,1.91,1.47,2.01,5.0,1.0,1.0,135.5,91.0,92.22,9.0,0.93,1.73,1.73,4.6,4.64,4.57
847931684793938480021,2025,Gregor-Kunin-Studnicka,FLA,line,5on5,3,1073.0,12.0,0.41,0.53,0.48,6.64,0.48,0.44,2.0,0.27,4.04,2.77,0.46,0.49,0.46,7.0,3.0,6.0,16.0,1.0,1.0,1.0,3.0,0.0,0.0,5.0,6.0,9.0,1.0,2.0,8.0,12.0,2.0,1.0,8.0,1.0,1.0,0.14,0.1,0.25,0.0,0.0,1.0,15.45,10.0,9.78,0.0,0.09,0.25,0.25,0.33,0.32,0.32,8.9,0.69,0.53,2.25,0.24,4.04,3.26,0.68,0.73,0.72,9.0,2.0,3.0,14.0,1.0,1.0,1.0,1.0,0.0,3.0,5.0,8.0,10.0,0.0,0.0,10.0,9.0,1.0,4.0,9.0,1.0,1.0,0.28,0.13,0.28,0.0,0.0,1.0,14.88,11.0,11.54,0.0,0.11,0.28,0.28,0.52,0.55,0.54
847740484785198479542,2025,Hagel-Cirelli-Guentzel,TBL,line,5on5,16,4299.0,84.0,0.67,0.63,0.6,51.13,5.25,3.8,13.03,1.77,27.01,19.14,4.78,5.38,4.9,41.0,29.0,39.0,109.0,7.0,7.0,3.0,12.0,0.0,28.0,16.0,34.0,63.0,10.0,22.0,28.0,26.0,8.0,21.0,47.0,19.0,4.0,1.6,2.56,1.08,2.0,4.0,1.0,111.58,70.0,71.84,11.0,0.8,0.92,0.92,5.13,5.28,4.92,33.51,2.63,2.34,7.65,1.13,18.09,14.16,2.59,2.54,2.5,29.0,17.0,17.0,63.0,3.0,3.0,1.0,4.0,0.0,17.0,19.0,26.0,43.0,9.0,20.0,35.0,32.0,6.0,26.0,35.0,10.0,1.0,1.14,1.23,0.26,0.0,2.0,1.0,60.2,46.0,44.3,12.0,0.49,0.35,0.35,2.77,2.66,2.62
84821788483490,2025,Mintyukov-Moore,ANA,pairing,5on5,19,9081.0,76.0,0.51,0.48,0.51,78.7,7.4,5.31,19.55,2.8,42.77,31.17,7.14,7.28,7.03,68.0,41.0,36.0,145.0,6.0,10.0,1.0,14.0,0.0,49.0,30.0,62.0,103.0,16.0,32.0,59.0,58.0,11.0,41.0,79.0,23.0,7.0,2.45,2.98,1.97,2.0,3.0,1.0,144.7,109.0,107.61,20.0,1.11,1.69,1.51,7.0,6.95,6.78,77.63,7.07,4.91,19.54,2.56,40.48,30.43,6.64,7.18,6.72,59.0,46.0,52.0,157.0,5.0,6.0,1.0,14.0,0.0,44.0,36.0,54.0,100.0,11.0,22.0,77.0,63.0,11.0,53.0,76.0,20.0,9.0,2.4,2.36,2.31,2.0,2.0,1.0,161.28,105.0,107.49,19.0,1.03,1.33,1.33,6.77,6.87,6.58
847690784810248484136,2025,Maceachern-Sasson-Karlsson,VAN,line,5on5,3,872.0,12.0,0.43,0.67,0.59,7.17,0.56,0.43,1.73,0.23,4.05,3.0,0.56,0.54,0.54,7.0,3.0,6.0,16.0,1.0,0.0,0.0,2.0,0.0,5.0,2.0,6.0,9.0,1.0,2.0,4.0,3.0,0.0,5.0,7.0,3.0,0.0,0.2,0.36,0.0,0.0,1.0,0.0,15.25,10.0,9.76,3.0,0.09,0.0,0.0,0.65,0.63,0.62,5.02,0.75,0.4,1.08,0.18,2.59,2.0,0.74,0.81,0.8,5.0,2.0,1.0,8.0,2.0,1.0,0.0,2.0,0.0,0.0,2.0,3.0,5.0,3.0,6.0,5.0,5.0,1.0,8.0,4.0,2.0,1.0,0.16,0.35,0.24,1.0,1.0,0.0,8.27,7.0,7.24,5.0,0.08,0.18,0.18,0.65,0.71,0.71
848079784810688482074,2025,Farabee-Sharangovich-Zary,CGY,line,5on5,6,1545.0,34.0,0.61,0.47,0.51,13.77,1.35,0.99,3.34,0.46,7.61,5.26,1.32,1.41,1.38,13.0,6.0,5.0,24.0,1.0,3.0,0.0,2.0,0.0,6.0,7.0,12.0,18.0,0.0,0.0,6.0,6.0,2.0,12.0,15.0,2.0,2.0,0.47,0.29,0.6,0.0,1.0,0.0,25.2,19.0,19.93,7.0,0.2,0.65,0.65,0.91,0.95,0.94,13.04,0.87,0.82,3.14,0.42,7.62,5.13,0.86,0.85,0.85,13.0,5.0,9.0,27.0,1.0,0.0,0.0,5.0,0.0,6.0,6.0,12.0,17.0,0.0,0.0,11.0,18.0,3.0,5.0,15.0,2.0,1.0,0.43,0.2,0.24,0.0,1.0,0.0,26.13,18.0,17.53,2.0,0.17,0.0,0.0,1.03,1.01,1.01
848079784810688482679,2025,Farabee-Sharangovich-Coronato,CGY,line,5on5,2,890.0,6.0,0.46,0.58,0.48,6.86,0.38,0.41,1.91,0.27,3.96,3.08,0.38,0.41,0.4,10.0,0.0,8.0,18.0,0.0,1.0,0.0,3.0,0.0,2.0,4.0,10.0,10.0,2.0,4.0,4.0,4.0,2.0,6.0,9.0,1.0,0.0,0.23,0.15,0.0,0.0,0.0,0.0,18.67,10.0,10.28,5.0,0.08,0.05,0.05,0.41,0.43,0.43,7.65,0.45,0.49,1.78,0.24,4.71,3.34,0.44,0.43,0.42,9.0,2.0,2.0,13.0,2.0,0.0,0.0,2.0,0.0,5.0,2.0,7.0,9.0,1.0,2.0,7.0,3.0,4.0,7.0,10.0,1.0,0.0,0.34,0.11,0.0,2.0,0.0,0.0,12.98,11.0,10.76,3.0,0.1,0.0,0.0,0.54,0.53,0.52
847802084801888482116,2025,Zetterlund-Sttzle-Amadio,OTT,line,5on5,13,789.0,193.0,0.72,0.77,0.74,12.34,1.38,0.77,2.96,0.38,6.57,4.93,1.36,1.39,1.37,13.0,4.0,10.0,27.0,1.0,1.0,0.0,2.0,0.0,7.0,6.0,12.0,16.0,2.0,4.0,4.0,9.0,0.0,3.0,13.0,3.0,1.0,0.45,0.32,0.61,0.0,1.0,0.0,26.82,17.0,17.02,3.0,0.16,0.61,0.61,0.93,0.94,0.94,4.35,0.53,0.37,1.14,0.15,2.27,1.55,0.52,0.53,0.53,5.0,1.0,2.0,8.0,1.0,1.0,1.0,1.0,0.0,1.0,2.0,4.0,5.0,1.0,2.0,2.0,11.0,1.0,2.0,4.0,1.0,1.0,0.11,0.16,0.25,0.0,1.0,0.0,7.98,6.0,6.01,1.0,0.08,0.16,0.16,0.44,0.44,0.44
847840184799878479999,2025,Mittelstadt-Zacha-Geekie,BOS,line,5on5,8,807.0,64.0,0.3,0.46,0.48,7.06,0.36,0.39,1.78,0.21,4.27,2.99,0.36,0.35,0.35,8.0,2.0,3.0,13.0,0.0,0.0,0.0,2.0,0.0,5.0,3.0,8.0,10.0,3.0,6.0,7.0,4.0,0.0,5.0,9.0,1.0,0.0,0.26,0.1,0.0,0.0,0.0,0.0,12.16,10.0,9.55,2.0,0.08,0.0,0.0,0.44,0.43,0.42,8.48,0.84,0.59,2.12,0.27,4.3,2.88,0.84,0.86,0.85,10.0,1.0,4.0,15.0,1.0,1.0,0.0,3.0,0.0,3.0,3.0,9.0,10.0,1.0,2.0,4.0,6.0,0.0,2.0,8.0,3.0,0.0,0.32,0.52,0.0,0.0,1.0,0.0,15.38,11.0,11.09,2.0,0.13,0.03,0.03,0.93,0.95,0.95
847690584779198480009,2025,Stephenson-Gaudreau-Tolvanen,SEA,line,5on5,12,6449.0,47.0,0.27,0.34,0.35,41.59,2.64,2.54,11.0,1.39,23.72,16.7,2.58,2.69,2.63,41.0,17.0,21.0,79.0,4.0,2.0,0.0,11.0,0.0,24.0,17.0,37.0,54.0,7.0,14.0,68.0,34.0,8.0,30.0,51.0,6.0,1.0,1.6,0.71,0.33,2.0,2.0,0.0,80.56,58.0,59.1,15.0,0.53,0.49,0.49,2.67,2.71,2.66,76.6,7.25,5.47,20.77,2.82,40.74,30.96,6.67,6.99,6.43,63.0,45.0,46.0,154.0,3.0,16.0,0.0,15.0,0.0,39.0,35.0,60.0,105.0,4.0,8.0,65.0,35.0,13.0,27.0,85.0,12.0,11.0,2.43,1.63,3.19,2.0,0.0,1.0,148.11,108.0,104.29,13.0,1.15,3.21,3.21,5.2,5.02,4.8
84775078481219,2025,Zadorov-Aspirot,BOS,pairing,5on5,17,7948.0,91.0,0.5,0.49,0.49,69.52,6.08,4.48,18.07,2.26,35.63,26.5,5.63,6.17,5.71,61.0,32.0,35.0,128.0,8.0,8.0,0.0,15.0,0.0,38.0,24.0,53.0,85.0,12.0,27.0,59.0,74.0,14.0,37.0,73.0,11.0,9.0,2.18,1.35,2.55,3.0,3.0,2.0,130.14,93.0,93.83,17.0,0.94,1.83,1.83,5.18,5.28,5.18,70.69,5.97,4.92,18.77,2.6,38.36,27.39,5.79,5.87,5.69,60.0,38.0,33.0,131.0,3.0,12.0,0.0,14.0,0.0,31.0,38.0,57.0,95.0,9.0,21.0,54.0,50.0,4.0,44.0,72.0,22.0,4.0,1.99,2.76,1.22,1.0,2.0,0.0,128.28,98.0,96.32,20.0,1.03,1.83,1.83,5.17,5.08,5.01
847637484795918480355,2025,Eyssimont-Kastelic-Kuraly,BOS,line,5on5,14,2723.0,103.0,0.42,0.59,0.54,24.97,1.47,1.61,6.36,0.78,13.65,10.13,1.46,1.48,1.47,23.0,11.0,20.0,54.0,3.0,2.0,0.0,7.0,0.0,16.0,6.0,20.0,31.0,10.0,20.0,26.0,26.0,3.0,19.0,29.0,3.0,2.0,0.67,0.32,0.48,2.0,1.0,0.0,53.99,34.0,34.4,11.0,0.33,0.48,0.48,1.31,1.32,1.32,20.08,2.0,1.34,5.56,0.77,11.36,7.98,1.94,1.95,1.89,18.0,11.0,8.0,37.0,2.0,4.0,0.0,4.0,0.0,11.0,8.0,16.0,27.0,5.0,10.0,24.0,16.0,4.0,16.0,24.0,3.0,2.0,0.96,0.45,0.59,2.0,0.0,0.0,36.45,29.0,28.5,7.0,0.28,0.76,0.76,1.52,1.51,1.48
847643284827058484166,2025,Jenner-Fantilli-Sillinger,CBJ,line,5on5,6,1624.0,48.0,0.42,0.47,0.43,13.79,1.11,0.98,3.42,0.51,7.88,6.09,1.1,1.14,1.13,12.0,8.0,13.0,33.0,2.0,1.0,0.0,4.0,0.0,8.0,5.0,10.0,18.0,4.0,8.0,16.0,10.0,4.0,8.0,16.0,2.0,2.0,0.48,0.19,0.44,2.0,0.0,0.0,34.2,20.0,20.57,6.0,0.21,0.23,0.23,1.09,1.14,1.13,20.11,1.55,1.27,5.28,0.69,10.48,7.74,1.51,1.54,1.5,21.0,6.0,10.0,37.0,2.0,2.0,0.0,5.0,0.0,13.0,5.0,19.0,25.0,3.0,6.0,14.0,10.0,1.0,7.0,21.0,5.0,1.0,0.5,0.71,0.34,2.0,0.0,0.0,37.24,27.0,27.1,4.0,0.26,0.49,0.49,1.32,1.32,1.28
847523184774078484958,2025,Duclair-Cizikas-Tsyplakov,NYI,line,5on5,5,1389.0,37.0,0.34,0.43,0.45,11.3,0.92,0.58,2.77,0.35,5.75,4.63,0.9,0.89,0.87,11.0,4.0,8.0,23.0,0.0,1.0,0.0,5.0,0.0,6.0,3.0,11.0,15.0,0.0,0.0,13.0,17.0,2.0,10.0,13.0,1.0,1.0,0.32,0.09,0.51,0.0,0.0,0.0,22.84,15.0,14.72,5.0,0.12,0.51,0.51,0.53,0.52,0.52,13.71,1.77,0.99,3.34,0.46,6.59,4.86,1.69,1.77,1.69,11.0,7.0,12.0,30.0,2.0,2.0,0.0,2.0,0.0,5.0,7.0,9.0,16.0,0.0,0.0,13.0,8.0,2.0,5.0,12.0,2.0,4.0,0.51,0.24,1.02,1.0,0.0,1.0,30.66,18.0,18.34,3.0,0.21,0.3,0.3,1.68,1.69,1.67
847752784800688481754,2025,Johnston-Poehling-Nesterenko,ANA,line,5on5,4,1136.0,29.0,0.14,0.32,0.31,3.16,0.13,0.25,1.09,0.14,1.99,1.4,0.13,0.12,0.12,1.0,4.0,2.0,7.0,0.0,0.0,0.0,1.0,0.0,3.0,1.0,1.0,5.0,1.0,5.0,6.0,14.0,0.0,5.0,5.0,0.0,0.0,0.13,0.0,0.0,0.0,0.0,0.0,6.67,5.0,4.75,1.0,0.05,0.0,0.0,0.18,0.17,0.17,8.33,0.81,0.6,2.28,0.29,4.06,2.97,0.76,0.87,0.81,10.0,1.0,4.0,15.0,1.0,1.0,0.0,2.0,0.0,5.0,2.0,9.0,10.0,3.0,9.0,10.0,12.0,1.0,5.0,7.0,2.0,2.0,0.21,0.17,0.43,0.0,0.0,1.0,16.35,11.0,12.03,4.0,0.13,0.23,0.23,0.71,0.76,0.74
84759068479983,2025,Ferraro-Klingberg,SJS,pairing,5on5,28,12465.0,112.0,0.45,0.44,0.44,85.15,6.23,5.58,21.21,3.14,46.65,35.19,6.14,6.22,6.13,80.0,38.0,50.0,168.0,11.0,7.0,0.0,14.0,0.0,45.0,41.0,69.0,107.0,13.0,26.0,75.0,81.0,15.0,57.0,93.0,20.0,5.0,2.61,2.38,1.24,4.0,7.0,0.0,168.16,118.0,118.53,22.0,1.15,0.96,0.96,6.43,6.45,6.38,108.21,7.57,6.81,28.43,3.73,59.42,44.03,7.31,7.76,7.48,97.0,53.0,65.0,215.0,5.0,7.0,1.0,23.0,0.0,50.0,65.0,92.0,145.0,11.0,24.0,119.0,62.0,21.0,65.0,122.0,21.0,7.0,3.35,2.52,1.71,3.0,0.0,2.0,217.03,150.0,151.65,25.0,1.42,1.34,1.34,7.65,7.79,7.68
847701584799968481032,2025,Cotter-Glass-Brown,NJD,line,5on5,16,3174.0,91.0,0.24,0.36,0.32,11.18,0.62,0.69,2.63,0.37,6.59,5.11,0.61,0.65,0.65,11.0,5.0,10.0,26.0,2.0,0.0,0.0,3.0,0.0,5.0,6.0,9.0,14.0,2.0,4.0,35.0,26.0,5.0,14.0,14.0,2.0,0.0,0.38,0.23,0.0,1.0,1.0,0.0,26.18,16.0,16.41,10.0,0.14,0.0,0.0,0.76,0.8,0.79,24.85,1.97,1.73,5.95,0.75,13.68,9.92,1.92,1.94,1.88,26.0,8.0,13.0,47.0,2.0,2.0,0.0,8.0,0.0,6.0,16.0,24.0,32.0,0.0,0.0,21.0,16.0,6.0,15.0,23.0,10.0,1.0,0.61,1.11,0.26,1.0,1.0,0.0,46.42,34.0,33.32,5.0,0.36,0.4,0.4,1.94,1.93,1.91
84811678484768,2025,Pachal-Parekh,CGY,pairing,5on5,4,1811.0,11.0,0.42,0.43,0.42,15.74,1.07,0.86,4.14,0.49,7.71,6.73,1.06,1.06,1.05,13.0,8.0,8.0,29.0,0.0,0.0,0.0,3.0,0.0,10.0,8.0,13.0,21.0,1.0,2.0,10.0,20.0,4.0,11.0,17.0,4.0,0.0,0.52,0.55,0.0,0.0,0.0,0.0,28.37,21.0,20.61,5.0,0.18,0.0,0.0,1.26,1.24,1.23,21.16,1.47,1.31,5.68,0.73,11.04,8.75,1.45,1.49,1.47,18.0,11.0,9.0,38.0,1.0,3.0,0.0,5.0,0.0,9.0,11.0,17.0,28.0,4.0,8.0,13.0,15.0,5.0,8.0,25.0,2.0,2.0,0.7,0.24,0.52,0.0,0.0,1.0,38.02,29.0,29.08,6.0,0.27,0.34,0.34,1.4,1.4,1.4
84746128481607,2025,Johansson-Hamonic,DET,pairing,5on5,19,10761.0,57.0,0.42,0.44,0.45,85.74,5.98,5.52,22.19,2.85,45.85,33.6,5.91,5.89,5.81,69.0,47.0,45.0,161.0,3.0,5.0,0.0,20.0,0.0,35.0,53.0,66.0,113.0,13.0,32.0,98.0,66.0,11.0,57.0,92.0,20.0,4.0,2.73,2.31,0.95,1.0,2.0,0.0,157.53,116.0,113.38,33.0,1.15,0.71,0.73,6.4,6.28,6.24,103.04,8.25,6.77,26.11,3.32,54.41,41.13,7.89,8.49,8.11,95.0,45.0,65.0,205.0,13.0,9.0,1.0,24.0,0.0,54.0,40.0,82.0,127.0,16.0,38.0,87.0,78.0,18.0,38.0,105.0,26.0,9.0,2.93,3.06,2.26,5.0,7.0,1.0,210.16,140.0,143.85,14.0,1.41,2.16,2.16,7.51,7.67,7.53
847645384774048478010,2025,Guentzel-Point-Kucherov,TBL,line,5on5,28,8075.0,138.0,0.42,0.51,0.51,73.84,4.97,4.43,18.1,2.36,41.86,30.28,4.88,4.96,4.87,65.0,37.0,33.0,135.0,9.0,1.0,0.0,23.0,0.0,39.0,30.0,56.0,93.0,6.0,17.0,68.0,21.0,6.0,36.0,82.0,19.0,1.0,2.61,2.15,0.22,4.0,5.0,0.0,135.78,102.0,102.5,13.0,0.91,0.22,0.22,5.66,5.66,5.55,74.42,6.79,4.65,18.56,2.42,38.75,28.82,6.33,6.82,6.38,73.0,27.0,29.0,129.0,8.0,11.0,2.0,12.0,0.0,27.0,42.0,65.0,92.0,9.0,21.0,63.0,41.0,14.0,34.0,75.0,17.0,8.0,2.14,2.08,2.58,3.0,2.0,3.0,128.86,100.0,99.96,11.0,0.96,2.8,2.8,4.95,5.04,4.96
847793484784028483512,2025,Mcdavid-Draisaitl-Savoie,EDM,line,5on5,7,1078.0,79.0,0.6,0.53,0.64,12.04,0.83,0.81,3.09,0.48,7.67,5.11,0.79,0.83,0.79,10.0,8.0,3.0,21.0,3.0,1.0,0.0,2.0,0.0,9.0,3.0,7.0,15.0,0.0,0.0,12.0,1.0,2.0,7.0,14.0,4.0,0.0,0.42,0.42,0.0,3.0,0.0,0.0,20.47,18.0,17.59,4.0,0.17,0.13,0.13,0.86,0.87,0.82,7.19,0.55,0.46,1.41,0.26,3.91,3.42,0.55,0.57,0.57,8.0,2.0,9.0,19.0,1.0,1.0,0.0,0.0,0.0,3.0,5.0,7.0,9.0,0.0,0.0,11.0,1.0,2.0,4.0,6.0,4.0,0.0,0.15,0.41,0.0,0.0,1.0,0.0,19.86,10.0,10.43,3.0,0.1,0.01,0.01,0.64,0.66,0.66
847648084801138482149,2025,Iafallo-Namestnikov-Perfetti,WPG,line,5on5,2,664.0,7.0,0.5,0.6,0.64,5.84,0.24,0.34,1.57,0.23,3.9,2.72,0.24,0.23,0.23,5.0,4.0,3.0,12.0,0.0,1.0,0.0,0.0,0.0,5.0,3.0,5.0,9.0,0.0,0.0,4.0,3.0,0.0,3.0,9.0,0.0,0.0,0.24,0.0,0.0,0.0,0.0,0.0,11.81,9.0,8.88,0.0,0.07,0.02,0.02,0.29,0.28,0.28,3.73,0.24,0.21,0.85,0.11,2.05,1.52,0.24,0.26,0.26,2.0,3.0,3.0,8.0,0.0,0.0,0.0,1.0,0.0,1.0,3.0,2.0,5.0,0.0,0.0,5.0,4.0,3.0,6.0,4.0,1.0,0.0,0.13,0.11,0.0,0.0,0.0,0.0,8.09,5.0,5.09,3.0,0.04,0.0,0.0,0.29,0.3,0.3
848160184842218485702,2025,Holmstrom-Ritchie-Shabanov,NYI,line,5on5,6,2317.0,22.0,0.61,0.58,0.59,22.28,1.42,1.46,5.59,0.72,12.09,8.71,1.4,1.37,1.35,19.0,11.0,12.0,42.0,2.0,2.0,0.0,7.0,0.0,11.0,8.0,17.0,28.0,2.0,4.0,12.0,8.0,4.0,9.0,23.0,7.0,0.0,0.56,0.86,0.0,1.0,1.0,0.0,41.02,30.0,29.41,3.0,0.3,0.33,0.33,1.4,1.36,1.35,15.04,0.92,0.96,4.24,0.51,8.2,6.17,0.91,0.97,0.95,11.0,10.0,10.0,31.0,0.0,1.0,0.0,2.0,0.0,13.0,5.0,11.0,21.0,2.0,6.0,12.0,22.0,4.0,14.0,19.0,1.0,1.0,0.59,0.08,0.25,0.0,0.0,0.0,32.1,21.0,21.55,10.0,0.2,0.25,0.25,0.88,0.91,0.9
847121484816568482088,2025,Ovechkin-Sourdif-Protas,WSH,line,5on5,11,755.0,149.0,0.85,0.67,0.61,11.1,1.62,0.81,2.65,0.37,5.02,3.52,1.54,1.64,1.55,6.0,8.0,4.0,18.0,1.0,4.0,0.0,1.0,0.0,1.0,7.0,5.0,13.0,0.0,0.0,7.0,2.0,2.0,2.0,6.0,5.0,3.0,0.23,0.63,0.77,0.0,1.0,0.0,18.08,14.0,13.97,2.0,0.18,0.96,0.96,0.84,0.82,0.81,6.18,0.27,0.39,1.59,0.25,3.53,2.97,0.27,0.27,0.27,4.0,5.0,0.0,9.0,1.0,0.0,0.0,1.0,0.0,3.0,4.0,3.0,8.0,1.0,2.0,5.0,1.0,0.0,2.0,8.0,1.0,0.0,0.19,0.08,0.0,1.0,0.0,0.0,9.12,9.0,8.98,0.0,0.08,0.0,0.0,0.35,0.35,0.35
84788598484304,2025,Mikkola-Balinskis,FLA,pairing,5on5,22,1268.0,157.0,0.67,0.54,0.61,15.01,1.31,0.88,3.49,0.49,7.54,6.29,1.29,1.25,1.23,15.0,5.0,2.0,22.0,1.0,1.0,0.0,4.0,0.0,6.0,8.0,14.0,19.0,5.0,10.0,4.0,15.0,1.0,2.0,14.0,5.0,1.0,0.43,0.67,0.21,1.0,0.0,0.0,21.2,20.0,19.27,0.0,0.18,0.19,0.41,1.09,1.04,1.03,9.11,0.64,0.59,2.56,0.31,5.31,3.58,0.64,0.68,0.67,10.0,3.0,6.0,19.0,0.0,2.0,0.0,1.0,0.0,5.0,5.0,10.0,13.0,8.0,16.0,5.0,17.0,4.0,4.0,11.0,2.0,0.0,0.28,0.36,0.0,0.0,0.0,0.0,20.27,13.0,13.68,1.0,0.12,0.21,0.21,0.55,0.6,0.6
847931884815828482259,2025,Robertson-Matthews-Mcmann,TOR,line,5on5,8,1426.0,115.0,0.5,0.57,0.56,13.72,1.02,0.81,3.67,0.48,7.17,5.85,0.99,1.01,0.98,12.0,7.0,8.0,27.0,0.0,4.0,0.0,4.0,0.0,5.0,6.0,12.0,19.0,4.0,11.0,15.0,11.0,2.0,6.0,16.0,2.0,1.0,0.42,0.36,0.24,0.0,0.0,0.0,25.87,19.0,18.5,3.0,0.17,0.89,0.6,0.59,0.58,0.57,11.7,1.03,0.89,2.46,0.31,5.79,4.51,1.02,1.07,1.06,8.0,7.0,5.0,20.0,1.0,1.0,0.0,2.0,0.0,5.0,6.0,7.0,14.0,3.0,9.0,11.0,8.0,4.0,9.0,10.0,5.0,0.0,0.32,0.71,0.0,1.0,0.0,0.0,20.7,15.0,15.57,4.0,0.18,0.19,0.19,1.02,1.06,1.06
84740138479410,2025,Sergachev-Cole,UTA,pairing,5on5,39,5292.0,295.0,0.38,0.42,0.43,35.9,3.1,2.25,9.05,1.2,19.19,14.21,3.0,3.12,3.02,35.0,14.0,21.0,70.0,4.0,5.0,1.0,9.0,0.0,11.0,20.0,31.0,45.0,6.0,12.0,45.0,27.0,6.0,17.0,38.0,8.0,3.0,1.22,1.0,0.88,2.0,1.0,1.0,70.02,49.0,49.64,8.0,0.46,0.96,0.96,2.6,2.63,2.61,47.22,4.97,3.19,11.74,1.64,24.71,17.75,4.75,4.97,4.76,38.0,26.0,34.0,98.0,3.0,8.0,0.0,10.0,0.0,19.0,24.0,35.0,61.0,0.0,0.0,43.0,20.0,2.0,28.0,46.0,11.0,7.0,1.51,1.37,2.09,2.0,1.0,0.0,97.01,64.0,63.42,9.0,0.67,1.67,1.67,3.98,3.97,3.87
847749784817168482705,2025,Voronkov-Monahan-Sillinger,CBJ,line,5on5,3,670.0,21.0,0.53,0.67,0.57,9.56,0.92,0.65,2.36,0.32,4.84,3.92,0.84,0.92,0.84,9.0,4.0,11.0,24.0,1.0,1.0,0.0,3.0,0.0,6.0,2.0,8.0,12.0,1.0,2.0,8.0,2.0,1.0,2.0,11.0,1.0,1.0,0.52,0.19,0.21,1.0,0.0,0.0,23.74,13.0,12.68,1.0,0.14,0.21,0.21,0.85,0.85,0.81,7.91,0.83,0.46,2.05,0.23,3.53,2.9,0.69,0.84,0.7,8.0,2.0,2.0,12.0,2.0,1.0,0.0,1.0,1.0,4.0,1.0,6.0,8.0,0.0,0.0,4.0,3.0,1.0,4.0,6.0,3.0,1.0,0.13,0.35,0.34,0.0,2.0,0.0,12.78,10.0,10.68,2.0,0.1,0.34,0.34,0.58,0.6,0.56
847794284779988482124,2025,Fiala-Byfield-Foegele,LAK,line,5on5,4,1041.0,33.0,0.42,0.41,0.42,7.3,0.32,0.46,1.92,0.25,3.97,3.07,0.31,0.32,0.32,5.0,5.0,5.0,15.0,1.0,1.0,0.0,1.0,0.0,4.0,3.0,4.0,9.0,0.0,0.0,8.0,6.0,1.0,6.0,10.0,0.0,0.0,0.32,0.0,0.0,1.0,0.0,0.0,15.1,10.0,9.98,3.0,0.09,0.06,0.06,0.35,0.36,0.36,9.8,0.44,0.52,2.83,0.35,5.52,4.36,0.43,0.43,0.42,8.0,6.0,8.0,22.0,1.0,0.0,0.0,2.0,0.0,7.0,4.0,7.0,13.0,1.0,2.0,21.0,8.0,2.0,4.0,12.0,2.0,0.0,0.25,0.19,0.0,1.0,0.0,0.0,21.84,14.0,13.96,2.0,0.11,0.0,0.0,0.54,0.53,0.53
847940784800028482110,2025,Bratt-Hischier-Mercer,NJD,line,5on5,5,3011.0,14.0,0.58,0.64,0.56,28.1,2.83,2.02,6.77,0.96,15.65,10.77,2.7,2.88,2.75,23.0,16.0,26.0,65.0,0.0,6.0,0.0,2.0,1.0,16.0,14.0,23.0,39.0,5.0,10.0,34.0,7.0,5.0,12.0,29.0,6.0,4.0,1.01,0.62,1.2,0.0,0.0,0.0,64.91,39.0,38.91,3.0,0.42,1.05,1.05,2.2,2.23,2.1,23.43,2.06,1.72,5.32,0.76,12.08,9.06,2.03,1.98,1.95,16.0,15.0,6.0,37.0,0.0,3.0,0.0,6.0,0.0,7.0,15.0,16.0,31.0,3.0,6.0,25.0,19.0,7.0,14.0,20.0,11.0,0.0,0.59,1.47,0.0,0.0,0.0,0.0,36.05,31.0,30.31,5.0,0.36,0.4,0.4,2.02,1.95,1.93
848018884808018482116,2025,Zetterlund-Sttzle-Tkachuk,OTT,line,5on5,18,7944.0,67.0,0.73,0.63,0.66,101.51,8.35,6.63,26.23,3.11,52.49,37.19,8.02,8.39,8.05,93.0,41.0,45.0,179.0,7.0,6.0,0.0,23.0,1.0,49.0,48.0,86.0,127.0,11.0,22.0,77.0,80.0,16.0,35.0,102.0,25.0,7.0,3.19,3.22,1.94,5.0,1.0,1.0,179.7,134.0,134.17,15.0,1.39,1.43,1.43,8.3,8.35,8.2,51.57,3.12,3.3,12.86,1.67,27.97,21.09,3.07,3.17,3.13,50.0,20.0,34.0,104.0,6.0,6.0,0.0,7.0,0.0,29.0,22.0,44.0,64.0,17.0,38.0,58.0,51.0,7.0,40.0,60.0,10.0,0.0,1.81,1.3,0.0,3.0,3.0,0.0,104.52,70.0,71.3,22.0,0.68,0.44,0.44,3.36,3.41,3.38
847522084785088480259,2025,Foligno-Jones-Trenin,MIN,line,5on5,6,857.0,52.0,0.25,0.32,0.33,4.34,0.2,0.26,1.05,0.13,2.54,1.82,0.2,0.2,0.2,4.0,2.0,3.0,9.0,0.0,0.0,0.0,2.0,0.0,1.0,3.0,4.0,6.0,0.0,0.0,10.0,17.0,1.0,4.0,5.0,1.0,0.0,0.12,0.08,0.0,0.0,0.0,0.0,8.96,6.0,6.02,1.0,0.05,0.0,0.0,0.25,0.25,0.25,8.71,0.6,0.5,2.49,0.28,4.89,3.24,0.58,0.6,0.58,6.0,6.0,7.0,19.0,0.0,1.0,0.0,2.0,0.0,2.0,7.0,6.0,12.0,0.0,0.0,8.0,9.0,0.0,6.0,10.0,2.0,0.0,0.3,0.3,0.0,0.0,0.0,0.0,19.36,12.0,12.3,1.0,0.1,0.13,0.13,0.57,0.58,0.56
847121484784408484186,2025,Ovechkin-Strome-Leonard,WSH,line,5on5,10,610.0,117.0,0.32,0.35,0.36,3.15,0.4,0.2,0.76,0.09,1.49,1.05,0.37,0.36,0.34,3.0,1.0,3.0,7.0,0.0,1.0,0.0,2.0,0.0,1.0,0.0,3.0,4.0,1.0,2.0,5.0,3.0,0.0,8.0,2.0,1.0,1.0,0.05,0.1,0.25,0.0,0.0,0.0,7.03,4.0,3.74,4.0,0.04,0.25,0.25,0.2,0.18,0.18,5.6,0.84,0.45,1.57,0.21,2.3,1.64,0.81,0.84,0.81,6.0,1.0,6.0,13.0,0.0,3.0,0.0,2.0,0.0,0.0,2.0,6.0,7.0,1.0,2.0,1.0,4.0,2.0,5.0,5.0,0.0,2.0,0.19,0.0,0.65,0.0,0.0,0.0,12.65,7.0,6.96,1.0,0.09,0.71,0.71,0.23,0.23,0.23
847572684826678484801,2025,Eklund-Celebrini-Toffoli,SJS,line,5on5,13,1314.0,118.0,0.37,0.27,0.26,6.67,0.46,0.32,1.79,0.22,3.47,2.73,0.46,0.44,0.44,5.0,4.0,3.0,12.0,2.0,0.0,0.0,0.0,0.0,1.0,6.0,3.0,7.0,2.0,4.0,8.0,6.0,6.0,8.0,7.0,2.0,0.0,0.2,0.25,0.0,1.0,1.0,0.0,11.66,9.0,8.74,2.0,0.07,0.0,0.0,0.52,0.5,0.5,18.65,0.79,1.01,5.09,0.63,10.54,7.94,0.77,0.85,0.83,15.0,11.0,6.0,32.0,1.0,1.0,0.0,8.0,0.0,8.0,8.0,14.0,25.0,2.0,4.0,14.0,4.0,1.0,5.0,26.0,0.0,0.0,0.79,0.0,0.0,1.0,0.0,0.0,34.05,26.0,27.33,1.0,0.21,0.03,0.03,0.97,1.03,1.01
847062184824088482726,2025,Malott-Helenius-Perry,LAK,line,5on5,4,1042.0,16.0,0.23,0.37,0.39,6.12,0.34,0.36,1.64,0.22,3.74,2.69,0.33,0.35,0.34,7.0,2.0,4.0,13.0,1.0,0.0,0.0,3.0,0.0,4.0,1.0,6.0,8.0,0.0,0.0,10.0,18.0,1.0,2.0,8.0,1.0,0.0,0.25,0.09,0.0,0.0,1.0,0.0,13.34,9.0,9.22,1.0,0.07,0.0,0.0,0.41,0.42,0.41,10.85,1.15,0.63,3.33,0.37,4.69,3.82,1.13,1.13,1.11,11.0,3.0,8.0,22.0,1.0,2.0,0.0,3.0,0.0,4.0,4.0,10.0,13.0,1.0,2.0,12.0,14.0,0.0,5.0,10.0,3.0,1.0,0.41,0.49,0.25,1.0,0.0,0.0,21.68,14.0,13.82,4.0,0.14,0.43,0.43,0.86,0.85,0.84
84763128484258,2025,Manson-Malinski,COL,pairing,5on5,32,3061.0,269.0,0.67,0.63,0.66,32.26,2.83,2.15,8.59,1.11,17.54,12.78,2.71,2.87,2.76,34.0,11.0,21.0,66.0,7.0,4.0,2.0,5.0,0.0,15.0,14.0,27.0,38.0,6.0,15.0,25.0,28.0,2.0,16.0,34.0,8.0,3.0,0.97,1.05,0.8,4.0,1.0,2.0,69.18,45.0,46.57,10.0,0.45,0.96,0.96,2.32,2.38,2.34,16.98,1.38,0.98,4.12,0.51,9.05,6.97,1.36,1.36,1.34,15.0,8.0,15.0,38.0,0.0,1.0,0.0,5.0,0.0,8.0,9.0,15.0,23.0,5.0,13.0,15.0,28.0,1.0,24.0,17.0,5.0,1.0,0.28,0.81,0.29,0.0,0.0,0.0,35.96,23.0,22.14,8.0,0.2,0.29,0.29,1.29,1.25,1.24
84779488482126,2025,Sanheim-Andrae,PHI,pairing,5on5,21,1219.0,159.0,0.54,0.54,0.46,8.67,0.72,0.58,1.99,0.3,4.72,3.69,0.69,0.7,0.68,6.0,6.0,8.0,20.0,1.0,1.0,0.0,0.0,0.0,4.0,6.0,5.0,11.0,2.0,4.0,3.0,4.0,3.0,2.0,8.0,3.0,1.0,0.19,0.29,0.23,1.0,0.0,0.0,19.74,12.0,11.8,2.0,0.12,0.23,0.23,0.61,0.6,0.59,9.94,0.62,0.63,2.4,0.34,5.79,4.23,0.62,0.62,0.62,9.0,5.0,3.0,17.0,0.0,1.0,0.0,3.0,0.0,6.0,4.0,9.0,14.0,2.0,4.0,2.0,9.0,2.0,9.0,11.0,3.0,0.0,0.26,0.36,0.0,0.0,0.0,0.0,16.96,14.0,14.13,2.0,0.13,0.01,0.01,0.74,0.74,0.73
84735078477932,2025,Ekblad-Petry,FLA,pairing,5on5,14,625.0,127.0,0.72,0.5,0.53,7.6,1.06,0.61,1.97,0.38,3.59,2.39,0.88,1.04,0.86,6.0,4.0,1.0,11.0,2.0,5.0,1.0,0.0,0.0,3.0,0.0,4.0,8.0,1.0,2.0,1.0,6.0,0.0,6.0,5.0,2.0,3.0,0.08,0.24,0.73,0.0,1.0,1.0,10.85,10.0,9.81,3.0,0.13,0.77,0.74,0.45,0.44,0.43,7.14,0.41,0.3,1.74,0.22,3.26,3.06,0.41,0.42,0.42,9.0,0.0,2.0,11.0,1.0,0.0,0.0,2.0,0.0,3.0,3.0,8.0,8.0,2.0,4.0,2.0,1.0,0.0,2.0,7.0,2.0,0.0,0.11,0.3,0.0,0.0,1.0,0.0,10.86,9.0,8.86,1.0,0.06,0.0,0.0,0.48,0.48,0.48
84784698484321,2025,Chabot-Matinpalo,OTT,pairing,5on5,13,691.0,93.0,0.84,0.56,0.59,12.21,1.38,0.9,2.82,0.38,5.97,4.55,1.33,1.41,1.36,13.0,3.0,2.0,18.0,3.0,2.0,0.0,6.0,0.0,2.0,3.0,10.0,13.0,3.0,6.0,1.0,4.0,1.0,1.0,8.0,7.0,1.0,0.27,0.82,0.29,1.0,2.0,0.0,18.03,16.0,16.01,1.0,0.19,0.48,0.48,1.1,1.13,1.12,8.12,0.26,0.34,2.11,0.26,4.46,3.58,0.26,0.25,0.24,7.0,4.0,3.0,14.0,1.0,0.0,0.0,1.0,0.0,5.0,4.0,6.0,10.0,4.0,8.0,1.0,2.0,0.0,1.0,11.0,0.0,0.0,0.26,0.0,0.0,1.0,0.0,0.0,13.61,11.0,10.64,0.0,0.07,0.0,0.0,0.33,0.31,0.31
847842184785428482713,2025,Greer-Rodrigues-Samoskevich,FLA,line,5on5,13,6524.0,48.0,0.56,0.62,0.6,67.44,5.55,4.27,17.93,2.25,35.28,25.72,5.31,5.61,5.35,67.0,24.0,35.0,126.0,3.0,11.0,0.0,17.0,0.0,35.0,25.0,64.0,88.0,13.0,26.0,64.0,59.0,8.0,28.0,72.0,14.0,5.0,2.32,1.85,1.38,2.0,1.0,0.0,126.67,91.0,91.42,14.0,0.89,1.93,1.91,4.54,4.48,4.36,46.16,4.34,3.09,12.41,1.52,22.29,17.37,4.17,4.42,4.26,42.0,19.0,17.0,78.0,5.0,5.0,1.0,10.0,0.0,24.0,17.0,37.0,56.0,10.0,20.0,57.0,57.0,9.0,27.0,41.0,16.0,4.0,1.12,2.09,1.13,0.0,4.0,1.0,78.48,61.0,61.32,14.0,0.66,1.22,1.22,3.78,3.86,3.76
847682284779968481032,2025,Cotter-Glendening-Lammikko,NJD,line,5on5,8,1239.0,74.0,0.31,0.23,0.27,4.55,0.39,0.3,1.26,0.18,2.36,1.5,0.39,0.37,0.37,4.0,2.0,1.0,7.0,0.0,0.0,0.0,1.0,0.0,3.0,2.0,4.0,6.0,2.0,7.0,7.0,12.0,1.0,5.0,4.0,2.0,0.0,0.15,0.24,0.0,0.0,0.0,0.0,6.64,6.0,5.8,3.0,0.07,0.0,0.0,0.46,0.44,0.43,12.03,0.9,0.8,3.17,0.39,6.25,4.49,0.86,0.86,0.82,11.0,5.0,8.0,24.0,0.0,2.0,0.0,1.0,0.0,8.0,5.0,11.0,16.0,1.0,5.0,13.0,6.0,1.0,3.0,12.0,3.0,1.0,0.28,0.39,0.24,0.0,0.0,0.0,23.49,16.0,15.56,2.0,0.17,0.28,0.28,0.78,0.77,0.73
84821318484304,2025,Balinskis-Sebrango,FLA,pairing,5on5,2,1148.0,6.0,0.62,0.56,0.52,9.83,0.79,0.57,2.43,0.31,5.1,3.8,0.78,0.75,0.74,9.0,4.0,6.0,19.0,0.0,2.0,0.0,3.0,0.0,3.0,5.0,9.0,13.0,0.0,0.0,13.0,16.0,4.0,9.0,10.0,2.0,1.0,0.32,0.28,0.2,0.0,0.0,0.0,18.27,13.0,12.47,4.0,0.11,0.21,0.21,0.7,0.67,0.66,8.88,0.48,0.48,2.42,0.27,4.81,3.53,0.48,0.52,0.52,8.0,4.0,3.0,15.0,1.0,0.0,0.0,1.0,0.0,7.0,3.0,7.0,11.0,1.0,2.0,8.0,13.0,2.0,6.0,10.0,2.0,0.0,0.22,0.26,0.0,0.0,1.0,0.0,15.89,12.0,12.67,3.0,0.1,0.0,0.0,0.58,0.63,0.62
847574584796718482705,2025,Coyle-Sillinger-Olivier,CBJ,line,5on5,19,10662.0,55.0,0.57,0.49,0.51,102.41,8.69,6.47,26.81,3.42,53.9,40.71,8.08,8.68,8.08,94.0,46.0,35.0,175.0,13.0,13.0,3.0,24.0,0.0,51.0,39.0,81.0,127.0,11.0,34.0,104.0,86.0,20.0,41.0,108.0,20.0,12.0,2.86,2.37,3.46,6.0,4.0,3.0,177.05,140.0,141.85,12.0,1.35,3.36,3.36,6.67,6.74,6.54,94.06,6.68,6.17,25.43,3.48,53.08,37.16,6.21,6.7,6.19,84.0,48.0,52.0,184.0,5.0,11.0,1.0,20.0,0.0,59.0,37.0,79.0,127.0,5.0,19.0,91.0,60.0,15.0,51.0,107.0,20.0,5.0,3.22,2.21,1.25,4.0,0.0,1.0,181.77,132.0,130.35,24.0,1.27,1.78,1.78,6.16,6.14,5.94
84751718481122,2025,Ekman-Larsson-Benoit,TOR,pairing,5on5,31,9874.0,163.0,0.46,0.43,0.45,69.5,5.97,4.77,17.25,2.29,37.3,26.43,5.82,5.86,5.71,61.0,33.0,30.0,124.0,6.0,7.0,0.0,20.0,0.0,27.0,34.0,55.0,88.0,14.0,28.0,80.0,92.0,11.0,61.0,68.0,20.0,6.0,2.05,2.5,1.42,3.0,2.0,1.0,123.43,94.0,92.77,30.0,0.99,1.16,1.16,5.79,5.67,5.61,83.2,6.97,5.39,20.21,2.75,46.38,34.3,6.82,7.01,6.87,71.0,45.0,49.0,165.0,6.0,7.0,0.0,17.0,0.0,43.0,43.0,65.0,110.0,6.0,12.0,69.0,56.0,9.0,40.0,93.0,16.0,7.0,2.91,1.85,2.21,4.0,2.0,0.0,166.04,116.0,116.15,15.0,1.12,1.8,1.8,6.29,6.32,6.24
847639384780208481596,2025,Cousins-Pinto-Amadio,OTT,line,5on5,13,808.0,165.0,0.75,0.56,0.55,9.3,1.17,0.63,2.02,0.31,4.58,3.29,1.08,1.17,1.08,6.0,6.0,3.0,15.0,0.0,2.0,0.0,0.0,0.0,3.0,7.0,6.0,12.0,3.0,6.0,8.0,4.0,2.0,1.0,6.0,4.0,2.0,0.19,0.48,0.51,0.0,0.0,0.0,14.76,12.0,12.07,1.0,0.13,0.51,0.51,0.79,0.76,0.75,7.13,0.39,0.41,1.71,0.25,4.07,3.17,0.38,0.41,0.41,7.0,3.0,2.0,12.0,1.0,0.0,0.0,0.0,0.0,6.0,3.0,6.0,9.0,0.0,0.0,5.0,3.0,4.0,2.0,9.0,1.0,0.0,0.23,0.15,0.0,1.0,0.0,0.0,12.19,10.0,10.15,1.0,0.08,0.0,0.0,0.47,0.49,0.49
847842084784498479351,2025,Steel-Hintz-Rantanen,DAL,line,5on5,16,3562.0,136.0,0.64,0.49,0.55,28.03,2.71,1.74,7.59,0.95,14.41,10.6,2.54,2.66,2.48,24.0,14.0,13.0,51.0,2.0,3.0,1.0,6.0,0.0,20.0,7.0,22.0,36.0,7.0,14.0,35.0,19.0,5.0,17.0,29.0,6.0,3.0,0.94,0.86,0.9,1.0,0.0,1.0,49.94,38.0,37.26,12.0,0.37,0.84,0.84,2.24,2.17,2.12,22.6,1.52,1.37,5.63,0.8,11.99,9.7,1.49,1.5,1.47,23.0,8.0,22.0,53.0,1.0,1.0,0.0,6.0,0.0,14.0,9.0,22.0,30.0,3.0,6.0,38.0,22.0,5.0,13.0,27.0,3.0,1.0,0.78,0.41,0.33,1.0,0.0,0.0,52.79,31.0,30.96,6.0,0.29,0.33,0.33,1.48,1.46,1.45
847647984779608483808,2025,Kuzmenko-Danault-Kempe,LAK,line,5on5,6,797.0,89.0,0.3,0.46,0.45,6.52,0.4,0.41,1.68,0.22,3.64,2.65,0.4,0.4,0.4,6.0,3.0,3.0,12.0,0.0,1.0,0.0,1.0,0.0,3.0,4.0,6.0,9.0,0.0,0.0,7.0,6.0,0.0,5.0,6.0,3.0,0.0,0.08,0.32,0.0,0.0,0.0,0.0,12.45,9.0,9.34,1.0,0.09,0.11,0.11,0.37,0.37,0.37,8.4,0.95,0.55,2.04,0.29,4.11,3.06,0.91,0.96,0.92,5.0,6.0,3.0,14.0,1.0,1.0,0.0,0.0,0.0,4.0,5.0,4.0,10.0,0.0,0.0,5.0,4.0,0.0,4.0,6.0,5.0,0.0,0.21,0.74,0.0,0.0,1.0,0.0,14.16,11.0,11.07,2.0,0.12,0.18,0.18,0.88,0.88,0.87
847522084769948477451,2025,Foligno-Hartman-Hinostroza,MIN,line,5on5,13,3964.0,106.0,0.49,0.58,0.52,39.29,3.05,2.53,9.9,1.25,20.6,15.68,3.01,3.01,2.97,28.0,25.0,32.0,85.0,1.0,2.0,0.0,7.0,0.0,25.0,18.0,27.0,52.0,5.0,13.0,26.0,36.0,7.0,22.0,40.0,11.0,2.0,1.12,1.37,0.56,1.0,0.0,0.0,84.7,53.0,52.74,9.0,0.53,0.27,0.27,3.31,3.28,3.23,34.94,3.21,2.43,9.29,1.2,18.48,13.39,3.1,3.28,3.16,32.0,16.0,14.0,62.0,5.0,5.0,1.0,4.0,0.0,19.0,15.0,27.0,43.0,5.0,15.0,35.0,20.0,7.0,28.0,33.0,10.0,5.0,0.97,1.1,1.13,2.0,2.0,1.0,62.59,48.0,48.39,18.0,0.51,0.79,0.79,2.93,2.95,2.9
847575284802598483499,2025,Ohgren-Jones-Pitlick,MIN,line,5on5,6,2057.0,22.0,0.14,0.3,0.26,9.06,0.3,0.4,2.8,0.3,4.45,3.76,0.3,0.33,0.33,9.0,3.0,7.0,19.0,0.0,0.0,0.0,3.0,0.0,6.0,3.0,9.0,12.0,1.0,2.0,17.0,17.0,4.0,9.0,12.0,0.0,0.0,0.3,0.0,0.0,0.0,0.0,0.0,21.29,12.0,13.3,6.0,0.08,0.0,0.0,0.38,0.42,0.42,24.26,1.83,1.7,7.07,0.85,13.33,9.22,1.67,1.76,1.6,21.0,13.0,11.0,45.0,0.0,4.0,0.0,5.0,0.0,15.0,10.0,21.0,34.0,0.0,0.0,21.0,15.0,3.0,10.0,28.0,3.0,3.0,0.71,0.39,0.73,0.0,0.0,0.0,42.38,34.0,32.47,6.0,0.36,0.71,0.71,1.47,1.42,1.38
847688284774798483493,2025,Bertuzzi-Nazar-Teravainen,CHI,line,5on5,18,7641.0,89.0,0.42,0.51,0.49,61.56,4.68,3.99,16.77,2.12,33.44,23.99,4.56,4.78,4.66,54.0,31.0,36.0,121.0,7.0,4.0,0.0,8.0,0.0,40.0,26.0,47.0,78.0,8.0,19.0,68.0,35.0,13.0,41.0,67.0,13.0,5.0,1.85,1.51,1.31,3.0,3.0,1.0,121.35,85.0,85.31,18.0,0.83,1.06,1.06,4.45,4.54,4.45,66.07,6.35,4.75,17.03,2.22,33.92,24.72,6.1,6.23,5.99,61.0,28.0,28.0,117.0,4.0,11.0,1.0,13.0,0.0,26.0,35.0,57.0,85.0,14.0,31.0,87.0,59.0,6.0,35.0,64.0,18.0,7.0,2.21,2.51,1.62,0.0,3.0,1.0,116.27,89.0,88.73,21.0,1.0,1.96,1.96,5.39,5.32,5.23
848209784827658483500,2025,Rosen-Ostlund-Quinn,BUF,line,5on5,7,2499.0,27.0,0.62,0.46,0.5,16.72,1.74,1.06,4.09,0.6,9.12,6.38,1.7,1.77,1.73,13.0,10.0,6.0,29.0,4.0,3.0,0.0,2.0,0.0,9.0,5.0,9.0,19.0,1.0,2.0,7.0,4.0,6.0,15.0,11.0,11.0,1.0,0.26,1.24,0.25,0.0,4.0,0.0,28.86,23.0,23.04,10.0,0.21,0.5,0.5,1.47,1.49,1.48,16.8,1.09,0.95,4.3,0.51,9.27,6.88,1.05,1.07,1.03,13.0,10.0,11.0,34.0,1.0,0.0,0.0,8.0,0.0,9.0,5.0,12.0,22.0,1.0,2.0,37.0,14.0,5.0,10.0,21.0,1.0,1.0,0.68,0.16,0.25,1.0,0.0,0.0,34.37,23.0,23.5,6.0,0.19,0.0,0.0,1.28,1.26,1.22
847517284807978482074,2025,Farabee-Kadri-Zary,CGY,line,5on5,10,2213.0,91.0,0.54,0.43,0.43,16.08,1.05,1.02,4.23,0.56,9.18,6.95,1.03,1.05,1.03,19.0,4.0,9.0,32.0,1.0,2.0,0.0,3.0,0.0,5.0,12.0,18.0,22.0,3.0,12.0,21.0,14.0,3.0,11.0,19.0,4.0,0.0,0.53,0.52,0.0,0.0,1.0,0.0,32.85,23.0,23.22,3.0,0.21,0.21,0.21,1.05,1.06,1.05,21.67,0.9,1.06,6.34,0.75,11.46,9.48,0.9,0.89,0.89,23.0,7.0,12.0,42.0,0.0,1.0,0.0,9.0,0.0,10.0,10.0,23.0,30.0,3.0,12.0,17.0,14.0,4.0,14.0,29.0,1.0,0.0,0.78,0.11,0.0,0.0,0.0,0.0,41.15,30.0,29.73,3.0,0.22,0.04,0.04,1.08,1.07,1.07
847740284800238482089,2025,Neighbours-Thomas-Buchnevich,STL,line,5on5,18,7614.0,64.0,0.53,0.51,0.5,67.35,5.75,4.74,15.35,2.1,36.43,26.64,5.51,5.71,5.48,61.0,30.0,37.0,128.0,10.0,5.0,1.0,15.0,0.0,29.0,32.0,51.0,81.0,8.0,18.0,72.0,47.0,6.0,28.0,62.0,26.0,3.0,1.94,2.96,0.85,4.0,5.0,1.0,127.58,91.0,91.56,12.0,0.98,1.04,1.04,5.7,5.7,5.59,67.13,5.16,4.29,17.32,2.24,35.6,26.39,4.89,5.24,4.97,58.0,33.0,30.0,121.0,8.0,8.0,1.0,16.0,1.0,30.0,28.0,50.0,83.0,6.0,12.0,67.0,35.0,15.0,47.0,69.0,17.0,5.0,1.86,2.1,1.2,6.0,1.0,1.0,122.99,91.0,92.3,20.0,0.89,1.37,1.37,4.68,4.73,4.6
847744684793708482103,2025,Jost-Mccarron-Wiesblatt,NSH,line,5on5,8,2496.0,45.0,0.35,0.54,0.5,15.39,0.81,1.02,3.56,0.49,9.36,6.75,0.8,0.8,0.78,10.0,12.0,7.0,29.0,0.0,1.0,0.0,5.0,0.0,9.0,7.0,10.0,22.0,6.0,12.0,30.0,26.0,6.0,8.0,20.0,2.0,0.0,0.62,0.19,0.0,0.0,0.0,0.0,28.52,22.0,21.86,5.0,0.21,0.03,0.03,0.99,0.98,0.96,16.64,1.49,1.1,4.19,0.52,8.34,6.35,1.27,1.56,1.32,15.0,7.0,3.0,25.0,3.0,2.0,1.0,1.0,0.0,10.0,6.0,12.0,19.0,1.0,2.0,20.0,15.0,3.0,13.0,15.0,5.0,2.0,0.35,0.56,0.58,2.0,0.0,1.0,25.93,22.0,22.83,8.0,0.23,0.58,0.58,1.15,1.18,1.12
847842084793518482740,2025,Johnston-Steel-Rantanen,DAL,line,5on5,34,10380.0,247.0,0.53,0.44,0.45,73.58,8.09,5.04,18.17,2.38,36.83,26.49,7.72,8.19,7.82,75.0,22.0,46.0,143.0,9.0,11.0,3.0,14.0,0.0,22.0,41.0,66.0,88.0,13.0,28.0,83.0,48.0,17.0,41.0,62.0,26.0,9.0,2.52,3.22,2.34,5.0,2.0,2.0,144.77,97.0,98.3,24.0,1.05,2.27,2.27,6.87,6.94,6.83,87.87,7.08,5.42,23.26,3.03,47.57,34.63,6.7,7.12,6.73,82.0,39.0,58.0,179.0,6.0,7.0,0.0,18.0,0.0,42.0,48.0,76.0,115.0,10.0,20.0,95.0,64.0,20.0,51.0,95.0,19.0,7.0,2.78,2.12,2.19,2.0,4.0,0.0,176.83,121.0,119.76,20.0,1.12,1.72,1.72,6.49,6.47,6.33
847534384795208482088,2025,Sourdif-Dowd-Duhaime,WSH,line,5on5,13,4996.0,52.0,0.52,0.56,0.52,36.63,2.75,2.25,9.16,1.3,19.29,15.25,2.71,2.77,2.73,32.0,18.0,30.0,80.0,0.0,3.0,0.0,8.0,0.0,18.0,21.0,32.0,50.0,7.0,20.0,45.0,49.0,3.0,22.0,36.0,12.0,2.0,0.76,1.5,0.48,0.0,0.0,0.0,81.88,50.0,50.88,10.0,0.47,0.6,0.73,2.48,2.54,2.5,34.56,2.55,2.16,9.77,1.14,17.76,12.62,2.43,2.59,2.47,26.0,20.0,16.0,62.0,2.0,3.0,0.0,10.0,0.0,20.0,11.0,24.0,44.0,10.0,28.0,37.0,51.0,7.0,33.0,38.0,7.0,1.0,1.19,0.93,0.42,0.0,2.0,0.0,61.68,46.0,45.94,11.0,0.46,0.39,0.39,2.62,2.65,2.55
847576384795338482758,2025,Koppanen-Hayes-Koivunen,PIT,line,5on5,2,829.0,7.0,0.73,0.48,0.47,6.1,0.92,0.46,1.68,0.23,2.78,1.92,0.84,0.86,0.79,5.0,3.0,3.0,11.0,0.0,2.0,0.0,1.0,0.0,1.0,4.0,5.0,8.0,0.0,0.0,4.0,9.0,0.0,5.0,5.0,0.0,3.0,0.08,0.0,0.84,0.0,0.0,0.0,10.63,8.0,7.65,3.0,0.1,0.63,0.63,0.39,0.37,0.36,6.09,0.35,0.46,1.43,0.22,3.81,2.74,0.35,0.36,0.36,5.0,4.0,3.0,12.0,0.0,0.0,0.0,4.0,0.0,0.0,5.0,5.0,9.0,0.0,0.0,5.0,5.0,0.0,0.0,7.0,2.0,0.0,0.16,0.19,0.0,0.0,0.0,0.0,12.21,9.0,9.23,0.0,0.09,0.0,0.0,0.44,0.46,0.46
847698184781338480074,2025,Evans-Texier-Anderson,MTL,line,5on5,8,3216.0,34.0,0.41,0.45,0.45,24.59,2.05,1.63,5.91,0.89,13.86,10.66,2.03,2.03,2.01,22.0,13.0,10.0,45.0,2.0,2.0,0.0,6.0,0.0,12.0,13.0,20.0,33.0,6.0,12.0,31.0,28.0,5.0,13.0,26.0,7.0,2.0,0.82,0.81,0.42,0.0,1.0,1.0,43.98,35.0,34.45,7.0,0.34,0.1,0.1,2.29,2.28,2.27,30.81,2.91,2.11,7.78,1.04,16.76,12.4,2.8,2.9,2.79,24.0,19.0,13.0,56.0,3.0,6.0,0.0,3.0,0.0,20.0,11.0,21.0,40.0,1.0,2.0,27.0,12.0,4.0,16.0,33.0,6.0,4.0,1.0,0.74,1.18,1.0,0.0,2.0,56.05,43.0,42.82,3.0,0.44,0.87,0.87,2.48,2.46,2.4
847682684768788480995,2025,Girgensons-Gourde-Holmberg,TBL,line,5on5,27,16249.0,49.0,0.58,0.56,0.56,135.11,13.31,8.63,33.7,4.74,68.56,52.05,12.39,13.99,13.0,118.0,63.0,73.0,254.0,7.0,24.0,1.0,30.0,0.0,70.0,50.0,111.0,174.0,25.0,53.0,138.0,136.0,11.0,71.0,130.0,32.0,19.0,3.64,3.92,5.75,4.0,2.0,1.0,265.17,181.0,186.86,23.0,1.81,6.0,6.0,9.12,9.53,9.31,104.07,9.51,6.8,27.18,3.5,54.98,40.02,9.11,9.29,8.91,104.0,38.0,56.0,198.0,9.0,13.0,2.0,23.0,0.0,50.0,47.0,95.0,133.0,27.0,57.0,167.0,115.0,17.0,71.0,103.0,27.0,12.0,2.97,3.44,3.1,4.0,3.0,2.0,191.97,142.0,139.17,25.0,1.42,2.86,2.86,8.08,7.9,7.74
84808008483768,2025,Hughes-Mancini,VAN,pairing,5on5,4,1130.0,18.0,0.24,0.38,0.38,9.86,0.68,0.69,2.72,0.37,5.34,4.19,0.67,0.71,0.7,8.0,6.0,4.0,18.0,0.0,2.0,0.0,1.0,0.0,7.0,4.0,8.0,14.0,2.0,4.0,10.0,12.0,1.0,2.0,12.0,2.0,0.0,0.4,0.28,0.0,0.0,0.0,0.0,18.66,14.0,14.66,2.0,0.15,0.02,0.02,0.81,0.84,0.83,17.53,2.14,1.25,3.69,0.57,8.97,6.39,1.89,2.05,1.81,19.0,4.0,6.0,29.0,2.0,4.0,0.0,2.0,0.0,8.0,7.0,17.0,21.0,2.0,4.0,5.0,6.0,0.0,3.0,12.0,9.0,2.0,0.38,1.16,0.6,0.0,2.0,0.0,27.84,23.0,22.35,2.0,0.25,0.9,0.9,1.49,1.44,1.39
84779488481546,2025,York-Sanheim,PHI,pairing,5on5,33,29323.0,59.0,0.51,0.49,0.51,210.73,16.95,14.0,52.88,7.07,113.77,83.33,16.56,17.23,16.85,193.0,95.0,108.0,396.0,21.0,17.0,0.0,35.0,0.0,109.0,106.0,172.0,267.0,28.0,65.0,264.0,153.0,42.0,158.0,225.0,53.0,10.0,7.56,6.64,2.74,13.0,8.0,0.0,401.4,288.0,291.36,75.0,2.9,3.24,3.24,16.61,16.89,16.7,200.78,16.34,12.64,51.9,6.8,109.27,80.11,15.92,16.36,15.94,173.0,105.0,142.0,420.0,18.0,18.0,1.0,37.0,0.0,102.0,103.0,155.0,260.0,30.0,72.0,272.0,170.0,31.0,164.0,214.0,48.0,16.0,5.98,5.79,4.58,11.0,6.0,1.0,421.44,278.0,280.94,68.0,2.63,3.71,3.71,15.19,15.2,14.99
84757558481609,2025,Kolyachonok-Petrovic,DAL,pairing,5on5,9,802.0,74.0,0.37,0.39,0.32,4.48,0.27,0.28,1.34,0.14,2.34,1.64,0.27,0.29,0.29,5.0,1.0,5.0,11.0,0.0,0.0,0.0,1.0,0.0,3.0,2.0,5.0,6.0,1.0,2.0,5.0,0.0,0.0,3.0,5.0,1.0,0.0,0.1,0.17,0.0,0.0,0.0,0.0,11.13,6.0,6.08,1.0,0.06,0.0,0.0,0.33,0.35,0.35,9.77,0.45,0.46,2.79,0.32,5.04,3.94,0.45,0.44,0.43,10.0,3.0,4.0,17.0,0.0,1.0,0.0,3.0,0.0,4.0,5.0,10.0,13.0,2.0,4.0,3.0,3.0,1.0,2.0,12.0,1.0,0.0,0.27,0.18,0.0,0.0,0.0,0.0,16.84,13.0,12.85,1.0,0.09,0.02,0.02,0.53,0.51,0.51
847643284774258484166,2025,Wood-Fantilli-Jenner,CBJ,line,5on5,3,1185.0,18.0,0.37,0.54,0.41,9.11,0.86,0.64,2.51,0.32,4.47,3.19,0.82,0.87,0.82,10.0,2.0,9.0,21.0,1.0,1.0,0.0,3.0,0.0,6.0,1.0,9.0,11.0,0.0,0.0,9.0,7.0,0.0,9.0,9.0,2.0,1.0,0.36,0.28,0.22,0.0,1.0,0.0,20.23,12.0,11.66,2.0,0.14,0.22,0.22,0.78,0.79,0.78,12.51,1.49,0.9,2.98,0.39,6.69,4.55,1.42,1.49,1.42,13.0,4.0,1.0,18.0,2.0,2.0,0.0,3.0,0.0,4.0,6.0,11.0,15.0,1.0,2.0,10.0,7.0,1.0,6.0,9.0,6.0,2.0,0.28,0.76,0.45,1.0,1.0,0.0,18.43,17.0,17.33,4.0,0.19,0.4,0.4,1.28,1.28,1.26
84763128482470,2025,Solovyov-Manson,COL,pairing,5on5,6,653.0,41.0,0.81,0.57,0.65,8.35,0.88,0.55,2.53,0.31,3.94,2.78,0.82,0.91,0.85,9.0,2.0,1.0,12.0,1.0,2.0,1.0,2.0,0.0,2.0,4.0,8.0,10.0,1.0,2.0,4.0,2.0,2.0,4.0,8.0,2.0,1.0,0.27,0.35,0.26,0.0,0.0,1.0,12.83,11.0,11.71,3.0,0.12,0.42,0.42,0.58,0.61,0.6,4.32,0.21,0.22,1.27,0.15,2.35,1.8,0.21,0.19,0.19,5.0,1.0,3.0,9.0,0.0,0.0,0.0,2.0,0.0,3.0,1.0,5.0,6.0,1.0,2.0,2.0,9.0,2.0,2.0,5.0,1.0,0.0,0.09,0.12,0.0,0.0,0.0,0.0,8.82,6.0,5.8,1.0,0.05,0.0,0.0,0.25,0.24,0.24
84779508481014,2025,Romanov-Deangelo,NYI,pairing,5on5,12,6863.0,45.0,0.34,0.47,0.48,62.75,4.2,4.03,16.66,2.14,34.55,24.42,4.12,4.01,3.94,60.0,26.0,24.0,110.0,2.0,6.0,0.0,16.0,0.0,34.0,28.0,58.0,84.0,11.0,22.0,54.0,49.0,5.0,33.0,67.0,16.0,3.0,1.73,1.74,0.73,1.0,1.0,0.0,104.62,86.0,82.24,18.0,0.84,0.96,0.97,4.07,3.91,3.88,69.86,8.15,5.28,16.47,2.34,34.52,25.25,7.76,8.47,8.06,67.0,25.0,33.0,125.0,9.0,10.0,0.0,10.0,0.0,32.0,31.0,58.0,83.0,7.0,14.0,71.0,49.0,11.0,26.0,51.0,31.0,10.0,1.68,3.67,2.8,1.0,7.0,1.0,131.65,92.0,95.98,12.0,1.13,2.66,2.66,6.62,6.92,6.78
84768568477435,2025,Graves-Dumba,PIT,pairing,5on5,6,4851.0,18.0,0.39,0.46,0.47,33.86,2.29,2.18,8.89,1.17,19.53,13.93,2.27,2.3,2.27,31.0,17.0,23.0,71.0,2.0,1.0,0.0,7.0,1.0,15.0,22.0,29.0,46.0,1.0,2.0,31.0,33.0,5.0,12.0,41.0,4.0,3.0,1.22,0.41,0.67,2.0,0.0,0.0,69.34,48.0,47.32,6.0,0.45,0.21,0.21,2.54,2.52,2.5,39.65,3.59,2.6,10.08,1.31,20.98,15.45,3.48,3.62,3.51,34.0,20.0,29.0,83.0,6.0,3.0,1.0,7.0,0.0,18.0,20.0,28.0,48.0,2.0,4.0,36.0,36.0,9.0,25.0,40.0,11.0,3.0,1.45,1.37,0.77,3.0,2.0,1.0,82.93,54.0,54.37,8.0,0.55,0.66,0.66,3.47,3.52,3.46
84801968481564,2025,Bryson-Johnson,BUF,pairing,5on5,3,1269.0,9.0,0.6,0.44,0.46,12.54,1.4,1.01,3.05,0.43,5.88,4.23,1.25,1.32,1.17,10.0,6.0,6.0,22.0,1.0,4.0,1.0,0.0,0.0,7.0,4.0,9.0,15.0,1.0,2.0,11.0,17.0,3.0,4.0,9.0,5.0,2.0,0.23,0.67,0.5,0.0,0.0,1.0,20.41,16.0,15.03,2.0,0.21,0.83,0.83,0.78,0.73,0.7,13.75,0.92,0.87,3.6,0.49,7.11,6.01,0.87,0.99,0.94,13.0,6.0,9.0,28.0,1.0,2.0,1.0,0.0,0.0,6.0,10.0,12.0,18.0,2.0,4.0,7.0,14.0,2.0,9.0,14.0,5.0,0.0,0.21,0.71,0.0,0.0,1.0,0.0,29.91,19.0,20.48,4.0,0.18,0.3,0.3,0.8,0.86,0.81
84785078479410,2025,Sergachev-Marino,UTA,pairing,5on5,38,6997.0,302.0,0.44,0.48,0.47,56.72,5.06,3.42,14.43,1.87,29.93,22.28,4.88,5.15,4.97,57.0,20.0,35.0,112.0,5.0,4.0,1.0,15.0,0.0,23.0,30.0,52.0,72.0,8.0,16.0,73.0,43.0,9.0,42.0,60.0,13.0,4.0,1.76,1.7,1.6,2.0,2.0,1.0,114.85,77.0,78.79,19.0,0.71,1.29,1.4,4.37,4.46,4.38,64.85,6.55,4.66,16.93,2.39,32.52,23.95,6.2,6.36,6.03,58.0,29.0,32.0,119.0,7.0,13.0,3.0,20.0,1.0,23.0,23.0,51.0,80.0,5.0,10.0,59.0,41.0,11.0,33.0,57.0,22.0,8.0,1.65,2.73,2.17,2.0,3.0,2.0,117.21,87.0,85.76,14.0,0.99,2.71,2.71,4.83,4.71,4.62
847575484795258484149,2025,Colton-Nelson-Brindley,COL,line,5on5,6,1440.0,60.0,0.63,0.52,0.59,13.98,1.59,0.96,3.39,0.46,7.44,5.15,1.49,1.57,1.47,12.0,7.0,3.0,22.0,3.0,2.0,0.0,1.0,0.0,9.0,4.0,9.0,16.0,2.0,4.0,19.0,12.0,3.0,6.0,13.0,4.0,2.0,0.42,0.56,0.61,2.0,1.0,0.0,22.29,19.0,19.29,5.0,0.21,0.43,0.43,1.37,1.36,1.35,9.62,0.92,0.63,2.48,0.33,4.94,3.69,0.91,0.93,0.92,8.0,5.0,7.0,20.0,2.0,1.0,0.0,2.0,0.0,5.0,3.0,6.0,11.0,2.0,4.0,17.0,10.0,2.0,7.0,9.0,3.0,1.0,0.24,0.35,0.32,1.0,1.0,0.0,19.81,13.0,12.92,4.0,0.13,0.32,0.32,0.73,0.74,0.74
847168584779608482155,2025,Kempe-Kopitar-Laferriere,LAK,line,5on5,19,6641.0,121.0,0.52,0.57,0.58,69.79,4.02,3.99,18.52,2.27,37.63,28.58,3.96,4.07,4.01,67.0,28.0,35.0,130.0,7.0,2.0,0.0,20.0,0.0,36.0,30.0,60.0,88.0,4.0,8.0,71.0,49.0,6.0,34.0,81.0,13.0,1.0,2.23,1.53,0.26,2.0,4.0,1.0,131.28,95.0,95.07,10.0,0.82,0.31,0.31,4.53,4.57,4.5,50.31,3.68,3.25,12.35,1.67,26.88,20.17,3.58,3.71,3.61,47.0,21.0,30.0,98.0,2.0,3.0,0.0,12.0,0.0,28.0,23.0,45.0,66.0,3.0,6.0,52.0,33.0,2.0,24.0,54.0,13.0,1.0,1.85,1.6,0.24,1.0,1.0,0.0,97.38,68.0,68.23,14.0,0.68,0.44,0.44,3.92,3.97,3.88
847742584774978481716,2025,Wood-Monahan-Voronkov,CBJ,line,5on5,4,607.0,30.0,0.7,0.64,0.69,6.52,0.53,0.33,1.89,0.22,3.56,2.48,0.51,0.52,0.5,5.0,4.0,5.0,14.0,0.0,1.0,0.0,0.0,0.0,3.0,5.0,5.0,9.0,2.0,4.0,7.0,5.0,0.0,3.0,6.0,3.0,0.0,0.16,0.37,0.0,0.0,0.0,0.0,14.04,9.0,9.26,2.0,0.07,0.2,0.2,0.39,0.4,0.4,2.85,0.22,0.17,0.56,0.09,1.68,1.28,0.22,0.21,0.21,3.0,1.0,4.0,8.0,0.0,0.0,0.0,0.0,0.0,2.0,2.0,3.0,4.0,1.0,2.0,4.0,2.0,2.0,2.0,3.0,1.0,0.0,0.08,0.14,0.0,0.0,0.0,0.0,7.71,4.0,3.94,1.0,0.03,0.0,0.0,0.26,0.24,0.24
84788408482073,2025,Schneider-Borgen,NYR,pairing,5on5,24,2253.0,198.0,0.45,0.37,0.44,18.55,1.71,1.2,4.13,0.57,9.13,7.26,1.7,1.69,1.68,14.0,10.0,8.0,32.0,0.0,0.0,0.0,5.0,0.0,8.0,11.0,14.0,24.0,2.0,4.0,11.0,16.0,5.0,11.0,13.0,11.0,0.0,0.53,1.17,0.0,0.0,0.0,0.0,31.37,24.0,23.38,8.0,0.25,0.0,0.0,1.96,1.94,1.93,21.64,2.05,1.37,5.31,0.73,11.73,8.81,2.04,2.0,1.99,14.0,16.0,25.0,55.0,2.0,1.0,0.0,4.0,0.0,11.0,12.0,12.0,28.0,2.0,4.0,17.0,13.0,5.0,12.0,22.0,6.0,2.0,0.7,0.78,0.57,0.0,2.0,0.0,54.65,30.0,29.76,4.0,0.29,0.27,0.27,2.07,2.02,2.01
847062184764698482124,2025,Armia-Byfield-Perry,LAK,line,5on5,10,607.0,116.0,0.44,0.5,0.38,3.58,0.23,0.21,0.83,0.11,2.02,1.59,0.23,0.24,0.24,3.0,2.0,4.0,9.0,1.0,0.0,0.0,1.0,0.0,2.0,1.0,2.0,4.0,0.0,0.0,3.0,1.0,0.0,2.0,4.0,1.0,0.0,0.08,0.16,0.0,0.0,1.0,0.0,8.87,5.0,5.05,0.0,0.04,0.0,0.0,0.28,0.28,0.28,6.01,0.3,0.33,1.3,0.18,3.04,2.86,0.3,0.3,0.3,5.0,3.0,1.0,9.0,0.0,0.0,0.0,1.0,0.0,2.0,5.0,5.0,8.0,1.0,2.0,1.0,6.0,2.0,2.0,6.0,2.0,0.0,0.08,0.22,0.0,0.0,0.0,0.0,9.1,8.0,8.0,1.0,0.07,0.0,0.0,0.36,0.37,0.37
848018584821138482713,2025,Luostarinen-Lundell-Samoskevich,FLA,line,5on5,7,660.0,86.0,0.71,0.56,0.57,6.13,0.35,0.35,1.34,0.18,3.13,2.65,0.34,0.33,0.31,3.0,5.0,2.0,10.0,1.0,0.0,0.0,0.0,0.0,1.0,6.0,2.0,7.0,1.0,2.0,3.0,4.0,0.0,2.0,7.0,1.0,0.0,0.21,0.14,0.0,0.0,1.0,0.0,9.22,8.0,7.53,1.0,0.07,0.0,0.0,0.43,0.4,0.38,4.14,0.14,0.21,1.08,0.14,2.53,1.89,0.14,0.16,0.15,4.0,2.0,2.0,8.0,0.0,0.0,0.0,1.0,0.0,2.0,3.0,4.0,6.0,2.0,4.0,3.0,4.0,0.0,6.0,6.0,0.0,0.0,0.14,0.0,0.0,0.0,0.0,0.0,8.62,6.0,6.53,4.0,0.04,0.0,0.0,0.18,0.2,0.2
84794428481122,2025,Benoit-Stecher,TOR,pairing,5on5,12,2014.0,95.0,0.5,0.6,0.56,19.67,1.34,1.3,5.09,0.67,10.97,7.64,1.29,1.32,1.27,18.0,9.0,13.0,40.0,1.0,2.0,0.0,3.0,0.0,12.0,9.0,17.0,26.0,1.0,2.0,16.0,14.0,2.0,6.0,22.0,4.0,1.0,0.62,0.45,0.27,1.0,0.0,0.0,40.12,27.0,27.04,3.0,0.26,0.27,0.27,1.33,1.31,1.29,15.28,1.36,0.92,4.2,0.58,8.2,5.75,1.26,1.43,1.33,12.0,9.0,6.0,27.0,0.0,2.0,0.0,1.0,0.0,11.0,7.0,12.0,21.0,0.0,0.0,11.0,12.0,2.0,14.0,16.0,3.0,2.0,0.36,0.37,0.62,0.0,0.0,0.0,28.57,21.0,22.05,7.0,0.19,0.62,0.62,0.92,0.96,0.94
847637484793628479591,2025,Tufte-Kuraly-Eyssimont,BOS,line,5on5,4,1763.0,9.0,0.52,0.42,0.5,20.28,1.4,1.27,5.32,0.68,10.18,8.14,1.3,1.31,1.21,22.0,5.0,4.0,31.0,0.0,4.0,0.0,6.0,0.0,5.0,12.0,22.0,27.0,1.0,2.0,13.0,11.0,3.0,10.0,23.0,1.0,3.0,0.56,0.11,0.73,0.0,0.0,0.0,29.21,27.0,25.67,6.0,0.26,0.84,0.84,0.82,0.77,0.77,19.8,1.29,1.25,6.15,0.68,10.33,7.3,1.25,1.38,1.33,12.0,15.0,16.0,43.0,1.0,1.0,0.0,1.0,1.0,11.0,12.0,11.0,26.0,2.0,4.0,15.0,15.0,5.0,9.0,21.0,5.0,1.0,0.5,0.57,0.22,0.0,1.0,0.0,46.55,27.0,28.98,5.0,0.26,0.16,0.16,1.39,1.48,1.44
847645484779348478458,2025,Nugent-Hopkins-Draisaitl-Roslovic,EDM,line,5on5,9,1038.0,116.0,0.49,0.42,0.4,10.54,0.91,0.66,2.33,0.31,5.53,4.27,0.9,0.96,0.95,9.0,5.0,4.0,18.0,1.0,1.0,0.0,0.0,0.0,5.0,7.0,8.0,13.0,1.0,2.0,12.0,1.0,2.0,2.0,11.0,2.0,1.0,0.35,0.17,0.4,1.0,0.0,0.0,18.85,14.0,14.7,0.0,0.14,0.4,0.4,0.65,0.69,0.69,15.02,0.96,0.92,3.83,0.46,8.81,6.02,0.93,0.92,0.89,13.0,8.0,4.0,25.0,0.0,2.0,0.0,6.0,0.0,5.0,8.0,13.0,21.0,0.0,0.0,4.0,6.0,0.0,6.0,18.0,2.0,1.0,0.41,0.21,0.34,0.0,0.0,0.0,23.67,21.0,20.01,3.0,0.19,0.38,0.38,0.77,0.73,0.72
84745788478854,2025,Shea-Karlsson,PIT,pairing,5on5,23,1087.0,185.0,0.5,0.56,0.51,12.92,1.33,1.04,3.33,0.56,7.14,5.6,1.29,1.39,1.35,14.0,5.0,6.0,25.0,3.0,6.0,1.0,1.0,0.0,3.0,6.0,11.0,16.0,0.0,0.0,1.0,2.0,2.0,3.0,15.0,2.0,2.0,0.44,0.25,0.64,3.0,0.0,0.0,25.88,19.0,19.6,1.0,0.22,0.91,0.91,0.64,0.67,0.66,13.52,1.35,0.91,3.48,0.48,6.79,4.98,1.24,1.39,1.28,12.0,6.0,2.0,20.0,1.0,4.0,0.0,4.0,0.0,3.0,6.0,11.0,17.0,3.0,6.0,5.0,8.0,2.0,3.0,13.0,3.0,2.0,0.4,0.47,0.48,0.0,1.0,0.0,20.49,18.0,18.08,0.0,0.19,0.77,0.77,0.77,0.81,0.79
847688184784838481604,2025,Dorofeyev-Hertl-Marner,VGK,line,5on5,20,10179.0,70.0,0.65,0.6,0.59,98.87,7.85,6.28,25.31,3.37,53.37,39.82,7.47,8.0,7.62,85.0,51.0,76.0,212.0,7.0,11.0,0.0,25.0,1.0,42.0,50.0,78.0,129.0,11.0,28.0,117.0,45.0,9.0,46.0,103.0,27.0,6.0,2.62,3.24,1.99,4.0,3.0,0.0,214.36,136.0,137.81,23.0,1.32,2.19,2.19,6.97,7.12,7.0,67.61,4.2,4.02,18.57,2.33,37.07,26.79,4.08,4.14,4.02,59.0,34.0,47.0,140.0,3.0,5.0,0.0,17.0,0.0,39.0,29.0,56.0,90.0,11.0,28.0,80.0,62.0,15.0,46.0,81.0,9.0,3.0,2.36,1.08,0.77,2.0,0.0,1.0,138.88,93.0,92.34,21.0,0.84,0.88,0.88,4.16,4.13,4.06
84751718476853,2025,Rielly-Ekman-Larsson,TOR,pairing,5on5,40,17044.0,156.0,0.53,0.52,0.5,164.39,12.76,10.97,44.75,5.67,86.06,62.77,12.19,12.8,12.24,134.0,89.0,82.0,305.0,16.0,17.0,4.0,29.0,1.0,77.0,83.0,118.0,207.0,15.0,28.0,200.0,96.0,29.0,78.0,171.0,43.0,9.0,4.74,5.54,2.48,8.0,4.0,4.0,304.27,223.0,223.13,35.0,2.32,3.02,2.64,12.44,12.49,12.21,159.84,11.26,10.45,40.49,5.4,88.58,64.83,11.07,11.36,11.17,159.0,62.0,63.0,284.0,19.0,15.0,1.0,37.0,0.0,84.0,66.0,140.0,202.0,16.0,32.0,149.0,87.0,25.0,93.0,179.0,35.0,7.0,5.0,4.66,1.61,10.0,9.0,0.0,287.07,221.0,223.18,40.0,2.16,1.9,1.9,11.52,11.6,11.51
84779328478859,2025,Mikkola-Ekblad,FLA,pairing,5on5,30,1738.0,230.0,0.17,0.46,0.35,6.84,0.29,0.36,1.59,0.17,3.68,2.91,0.29,0.27,0.27,8.0,1.0,13.0,22.0,0.0,0.0,0.0,0.0,0.0,4.0,5.0,8.0,9.0,5.0,10.0,3.0,14.0,1.0,6.0,8.0,1.0,0.0,0.19,0.1,0.0,0.0,0.0,0.0,21.38,9.0,8.63,2.0,0.07,0.0,0.0,0.36,0.33,0.33,12.95,1.39,0.82,3.41,0.4,5.95,5.03,1.36,1.38,1.34,15.0,2.0,9.0,26.0,1.0,2.0,0.0,2.0,0.0,4.0,8.0,14.0,16.0,3.0,6.0,7.0,11.0,5.0,7.0,10.0,6.0,1.0,0.31,0.78,0.3,0.0,1.0,0.0,25.54,17.0,16.78,3.0,0.17,0.45,0.45,1.12,1.1,1.08
847121584775118478438,2025,Novak-Malkin-Mantha,PIT,line,5on5,10,4556.0,53.0,0.45,0.47,0.47,33.45,2.83,2.4,8.57,1.19,18.55,13.46,2.78,2.88,2.83,29.0,18.0,20.0,67.0,4.0,2.0,0.0,5.0,0.0,16.0,20.0,25.0,43.0,7.0,14.0,28.0,17.0,10.0,18.0,36.0,8.0,3.0,1.19,0.89,0.74,2.0,0.0,2.0,65.68,47.0,47.07,8.0,0.5,0.23,0.23,3.1,3.14,3.09,38.63,3.4,2.57,9.59,1.27,20.97,15.21,3.28,3.29,3.18,36.0,17.0,23.0,76.0,2.0,6.0,0.0,8.0,0.0,17.0,20.0,34.0,51.0,8.0,16.0,38.0,25.0,11.0,27.0,37.0,14.0,2.0,1.33,1.53,0.54,2.0,0.0,0.0,73.94,53.0,51.81,15.0,0.53,0.97,0.97,2.96,2.87,2.85
847517284764568480028,2025,Huberdeau-Kadri-Frost,CGY,line,5on5,7,2580.0,48.0,0.56,0.53,0.48,19.23,1.4,1.29,4.98,0.62,10.47,7.24,1.37,1.45,1.42,19.0,7.0,12.0,38.0,4.0,3.0,0.0,6.0,0.0,5.0,8.0,15.0,22.0,2.0,4.0,21.0,13.0,1.0,15.0,22.0,3.0,1.0,0.64,0.3,0.45,3.0,1.0,0.0,39.38,26.0,27.17,11.0,0.27,0.56,0.56,1.11,1.16,1.15,20.23,1.12,1.3,5.02,0.64,11.21,8.71,1.11,1.07,1.07,16.0,12.0,6.0,34.0,0.0,1.0,0.0,3.0,0.0,9.0,15.0,16.0,28.0,4.0,8.0,33.0,10.0,4.0,9.0,25.0,3.0,0.0,0.85,0.27,0.0,0.0,0.0,0.0,32.7,28.0,26.96,4.0,0.27,0.07,0.07,1.31,1.26,1.26
84768538479442,2025,Rielly-Stecher,TOR,pairing,5on5,20,2955.0,150.0,0.59,0.53,0.5,23.43,2.04,1.4,6.09,0.76,11.57,9.15,1.93,2.04,1.94,20.0,11.0,12.0,43.0,2.0,3.0,0.0,4.0,0.0,6.0,16.0,18.0,29.0,1.0,2.0,16.0,19.0,3.0,15.0,18.0,11.0,2.0,0.38,1.16,0.51,0.0,2.0,0.0,42.66,31.0,31.2,8.0,0.29,0.61,0.61,1.72,1.75,1.7,22.24,1.44,1.37,5.96,0.76,12.31,9.16,1.34,1.44,1.35,20.0,11.0,7.0,38.0,2.0,1.0,0.0,9.0,2.0,5.0,12.0,18.0,29.0,5.0,10.0,21.0,20.0,4.0,15.0,26.0,4.0,1.0,0.75,0.49,0.21,2.0,0.0,0.0,38.19,31.0,31.18,7.0,0.28,0.21,0.21,1.52,1.53,1.48
84784168480426,2025,D'Astous-Cernak,TBL,pairing,5on5,14,5557.0,80.0,0.53,0.48,0.44,33.39,3.29,2.34,8.13,1.09,17.61,12.53,3.1,3.42,3.22,27.0,18.0,33.0,78.0,4.0,2.0,0.0,6.0,0.0,15.0,18.0,23.0,41.0,6.0,14.0,34.0,43.0,7.0,27.0,30.0,13.0,2.0,1.04,1.8,0.46,2.0,2.0,0.0,80.52,45.0,46.46,13.0,0.49,0.24,0.24,3.54,3.69,3.5,41.88,2.87,2.51,10.64,1.4,23.2,17.39,2.83,2.82,2.78,30.0,28.0,26.0,84.0,7.0,3.0,2.0,10.0,0.0,18.0,20.0,23.0,51.0,6.0,12.0,55.0,37.0,7.0,24.0,49.0,6.0,3.0,1.43,0.71,0.73,3.0,2.0,2.0,83.95,58.0,57.98,9.0,0.52,0.65,0.65,2.75,2.73,2.71
847638984821578484210,2025,Cuylle-Trocheck-Perreault,NYR,line,5on5,4,1289.0,17.0,0.26,0.39,0.34,7.23,0.38,0.43,1.91,0.23,4.0,3.05,0.37,0.4,0.39,7.0,3.0,8.0,18.0,0.0,1.0,0.0,3.0,0.0,6.0,0.0,7.0,10.0,1.0,2.0,12.0,14.0,0.0,7.0,9.0,1.0,0.0,0.28,0.1,0.0,0.0,0.0,0.0,18.7,10.0,10.24,5.0,0.09,0.07,0.07,0.4,0.42,0.41,12.41,1.09,0.84,3.5,0.56,7.73,5.29,1.07,1.02,1.01,9.0,10.0,9.0,28.0,0.0,1.0,0.0,2.0,0.0,8.0,8.0,9.0,19.0,0.0,0.0,13.0,8.0,3.0,8.0,15.0,3.0,1.0,0.51,0.36,0.22,0.0,0.0,0.0,26.91,19.0,18.18,4.0,0.17,0.22,0.22,1.04,0.98,0.97
84800498480145,2025,Samberg-Pionk,WPG,pairing,5on5,20,14057.0,55.0,0.52,0.57,0.56,128.77,9.26,8.14,33.85,4.47,70.12,53.16,8.92,9.17,8.83,121.0,58.0,72.0,251.0,4.0,17.0,0.0,24.0,0.0,74.0,60.0,117.0,175.0,12.0,30.0,117.0,115.0,23.0,72.0,149.0,22.0,8.0,4.06,2.91,2.29,0.0,4.0,0.0,249.65,179.0,177.87,36.0,1.7,2.66,2.66,8.3,8.27,8.14,100.97,8.49,6.87,26.13,3.61,54.38,39.52,8.03,8.44,8.0,91.0,48.0,52.0,191.0,5.0,11.0,0.0,22.0,0.0,44.0,57.0,86.0,134.0,8.0,22.0,100.0,72.0,10.0,66.0,106.0,25.0,8.0,3.06,2.92,2.5,1.0,4.0,0.0,191.74,139.0,139.12,26.0,1.43,2.67,2.67,7.25,7.25,7.04
847579984763928480014,2025,Vilardi-Lowry-Niederreiter,WPG,line,5on5,4,608.0,31.0,0.78,0.58,0.56,3.97,0.49,0.35,0.88,0.11,1.87,1.3,0.48,0.48,0.48,4.0,1.0,2.0,7.0,0.0,0.0,0.0,3.0,0.0,0.0,2.0,4.0,5.0,0.0,0.0,5.0,11.0,0.0,3.0,3.0,2.0,0.0,0.11,0.38,0.0,0.0,0.0,0.0,6.53,5.0,4.75,3.0,0.07,0.0,0.0,0.57,0.56,0.55,3.07,0.14,0.18,0.76,0.09,1.58,1.26,0.14,0.15,0.15,3.0,1.0,1.0,5.0,0.0,0.0,0.0,1.0,0.0,2.0,1.0,3.0,4.0,0.0,0.0,6.0,7.0,1.0,4.0,3.0,1.0,0.0,0.03,0.11,0.0,0.0,0.0,0.0,5.63,4.0,4.35,1.0,0.04,0.0,0.0,0.17,0.2,0.2
847517084774028483516,2025,Buchnevich-Schenn-Snuggerud,STL,line,5on5,5,2567.0,12.0,0.34,0.45,0.45,21.7,1.88,1.52,5.32,0.72,12.51,8.05,1.82,1.87,1.81,17.0,13.0,12.0,42.0,2.0,3.0,1.0,3.0,0.0,10.0,12.0,15.0,28.0,3.0,9.0,16.0,10.0,0.0,13.0,24.0,4.0,2.0,0.76,0.48,0.63,1.0,0.0,1.0,42.09,30.0,30.54,4.0,0.31,0.55,0.55,1.64,1.63,1.6,27.59,3.62,2.06,6.77,1.09,13.43,10.03,3.15,3.56,3.11,30.0,7.0,14.0,51.0,3.0,7.0,1.0,6.0,0.0,12.0,9.0,27.0,34.0,1.0,5.0,26.0,14.0,4.0,11.0,27.0,3.0,7.0,0.92,0.47,2.23,1.0,0.0,2.0,50.81,37.0,36.76,5.0,0.44,1.91,1.91,2.15,2.19,2.12
847584884808138484403,2025,Xhekaj-Veleno-Gallagher,MTL,line,5on5,3,1232.0,12.0,0.22,0.3,0.23,3.75,0.18,0.22,1.09,0.12,1.87,1.52,0.17,0.19,0.18,4.0,1.0,6.0,11.0,0.0,0.0,0.0,0.0,0.0,2.0,3.0,4.0,5.0,1.0,2.0,8.0,18.0,0.0,4.0,4.0,1.0,0.0,0.09,0.09,0.0,0.0,0.0,0.0,10.62,5.0,4.98,2.0,0.05,0.0,0.0,0.23,0.24,0.24,11.31,0.62,0.76,3.11,0.45,6.95,5.12,0.62,0.6,0.6,12.0,5.0,9.0,26.0,1.0,1.0,0.0,2.0,0.0,8.0,5.0,11.0,16.0,2.0,4.0,12.0,5.0,3.0,4.0,16.0,1.0,0.0,0.51,0.11,0.0,0.0,1.0,0.0,25.09,17.0,16.63,1.0,0.16,0.04,0.04,0.73,0.72,0.72
847517084784728479385,2025,Kyrou-Schenn-Joseph,STL,line,5on5,5,1301.0,24.0,0.63,0.53,0.53,11.93,0.93,0.84,3.11,0.41,6.86,4.86,0.84,0.92,0.83,12.0,5.0,7.0,24.0,1.0,3.0,0.0,1.0,0.0,5.0,7.0,11.0,16.0,1.0,2.0,13.0,10.0,1.0,7.0,12.0,5.0,0.0,0.33,0.59,0.0,0.0,1.0,0.0,24.44,17.0,17.2,1.0,0.17,0.18,0.18,0.92,0.92,0.86,11.26,0.55,0.66,2.96,0.37,6.0,4.47,0.54,0.53,0.52,13.0,2.0,6.0,21.0,2.0,1.0,0.0,2.0,0.0,3.0,7.0,11.0,13.0,1.0,2.0,11.0,11.0,1.0,8.0,13.0,2.0,0.0,0.3,0.24,0.0,0.0,2.0,0.0,20.32,15.0,14.42,5.0,0.13,0.06,0.06,0.63,0.6,0.59
847688284774508481624,2025,Teravainen-Dickinson-Mikheyev,CHI,line,5on5,16,5286.0,139.0,0.35,0.49,0.48,36.15,2.35,2.17,9.53,1.23,20.0,14.73,2.3,2.36,2.31,33.0,17.0,21.0,71.0,0.0,6.0,0.0,12.0,0.0,16.0,16.0,33.0,50.0,3.0,6.0,42.0,14.0,6.0,24.0,42.0,5.0,3.0,0.99,0.53,0.82,0.0,0.0,0.0,71.01,50.0,49.58,11.0,0.45,1.27,0.9,1.9,1.92,1.9,40.5,4.3,2.81,9.78,1.34,21.15,15.61,4.16,4.32,4.18,29.0,26.0,19.0,74.0,5.0,4.0,0.0,5.0,1.0,11.0,29.0,24.0,50.0,1.0,2.0,51.0,32.0,4.0,16.0,36.0,12.0,7.0,0.98,1.32,2.0,2.0,3.0,0.0,74.33,55.0,54.81,10.0,0.6,1.32,1.32,3.58,3.63,3.6
847456484752878484241,2025,Stamkos-Haula-Wood,NSH,line,5on5,7,1090.0,76.0,0.29,0.5,0.44,8.05,0.46,0.39,2.63,0.27,4.14,3.12,0.45,0.42,0.42,4.0,7.0,6.0,17.0,0.0,1.0,0.0,1.0,0.0,4.0,5.0,4.0,11.0,2.0,4.0,13.0,3.0,6.0,8.0,10.0,0.0,1.0,0.17,0.0,0.29,0.0,0.0,0.0,15.19,11.0,10.08,4.0,0.08,0.29,0.29,0.25,0.23,0.22,10.33,1.14,0.78,2.49,0.33,5.36,3.89,1.07,1.25,1.18,8.0,6.0,3.0,17.0,2.0,1.0,0.0,3.0,0.0,3.0,5.0,6.0,12.0,0.0,0.0,8.0,10.0,3.0,4.0,10.0,2.0,2.0,0.37,0.26,0.51,1.0,1.0,0.0,18.79,14.0,15.19,2.0,0.17,0.26,0.26,1.04,1.15,1.14
847823384784028483512,2025,Mangiapane-Mcdavid-Savoie,EDM,line,5on5,9,1536.0,98.0,0.34,0.53,0.47,12.64,1.01,1.04,3.65,0.56,7.56,5.17,0.97,1.0,0.96,13.0,6.0,6.0,25.0,1.0,3.0,0.0,3.0,0.0,5.0,7.0,12.0,18.0,2.0,7.0,14.0,5.0,2.0,16.0,16.0,2.0,1.0,0.52,0.26,0.24,1.0,0.0,0.0,25.4,19.0,19.24,6.0,0.22,0.26,0.26,0.97,0.98,0.96,15.49,1.93,1.04,3.9,0.49,7.87,5.77,1.72,1.94,1.72,12.0,9.0,1.0,22.0,4.0,3.0,2.0,1.0,0.0,5.0,8.0,8.0,17.0,2.0,7.0,14.0,7.0,1.0,9.0,14.0,2.0,5.0,0.47,0.23,1.23,1.0,1.0,2.0,22.23,21.0,21.17,5.0,0.22,0.8,0.8,1.35,1.35,1.28
84740138483472,2025,Cole-Lamoureux,UTA,pairing,5on5,5,3487.0,11.0,0.38,0.45,0.51,26.87,1.56,1.55,6.44,0.88,14.91,11.66,1.54,1.64,1.62,22.0,15.0,11.0,48.0,5.0,1.0,0.0,9.0,1.0,9.0,12.0,17.0,32.0,3.0,6.0,14.0,37.0,3.0,13.0,33.0,3.0,1.0,0.94,0.34,0.28,4.0,1.0,0.0,51.0,37.0,38.71,5.0,0.32,0.28,0.28,1.6,1.71,1.69,27.13,2.52,1.65,7.35,0.86,13.37,10.26,2.31,2.49,2.3,24.0,12.0,22.0,58.0,1.0,4.0,0.0,4.0,0.0,14.0,13.0,23.0,35.0,3.0,6.0,19.0,21.0,3.0,14.0,28.0,5.0,3.0,0.82,0.76,0.93,0.0,1.0,0.0,56.32,36.0,35.43,5.0,0.35,1.08,1.08,1.78,1.76,1.71
84706138478038,2025,Toews-Burns,COL,pairing,5on5,39,3398.0,273.0,0.62,0.56,0.54,34.4,3.06,2.23,8.91,1.14,18.38,13.28,3.03,3.06,3.02,30.0,17.0,25.0,72.0,3.0,2.0,0.0,5.0,0.0,20.0,17.0,27.0,44.0,3.0,6.0,21.0,13.0,5.0,17.0,34.0,8.0,5.0,0.87,1.01,1.18,0.0,1.0,2.0,73.65,47.0,47.26,10.0,0.47,0.37,0.37,3.16,3.17,3.14,28.9,1.86,1.66,7.35,0.93,16.15,12.05,1.79,1.84,1.77,30.0,10.0,16.0,56.0,2.0,1.0,0.0,6.0,0.0,14.0,17.0,28.0,38.0,3.0,6.0,20.0,11.0,7.0,21.0,32.0,8.0,0.0,0.77,1.09,0.0,1.0,1.0,0.0,55.02,40.0,39.83,10.0,0.34,0.15,0.15,2.05,2.03,1.96
847584884764798482737,2025,Gallagher-Danault-Bolduc,MTL,line,5on5,3,621.0,25.0,0.51,0.67,0.67,8.9,0.87,0.64,2.29,0.32,4.39,3.49,0.8,0.87,0.81,9.0,3.0,2.0,14.0,0.0,2.0,0.0,1.0,0.0,6.0,3.0,9.0,12.0,0.0,0.0,9.0,7.0,2.0,1.0,10.0,1.0,1.0,0.44,0.13,0.29,0.0,0.0,0.0,13.69,12.0,11.68,1.0,0.14,0.37,0.37,0.64,0.64,0.63,4.86,0.82,0.37,1.24,0.15,2.11,1.32,0.76,0.8,0.74,5.0,1.0,1.0,7.0,1.0,1.0,0.0,0.0,0.0,2.0,2.0,4.0,5.0,1.0,2.0,5.0,1.0,2.0,5.0,2.0,2.0,2.0,0.07,0.26,0.49,0.0,1.0,0.0,7.17,6.0,6.12,2.0,0.08,0.29,0.29,0.61,0.6,0.6
847742984799928481013,2025,Rasmussen-Copp-Berggren,DET,line,5on5,3,990.0,13.0,0.54,0.59,0.59,7.52,0.58,0.41,1.85,0.24,4.04,2.88,0.57,0.57,0.56,6.0,4.0,6.0,16.0,1.0,0.0,0.0,1.0,0.0,4.0,4.0,5.0,9.0,1.0,2.0,17.0,7.0,2.0,6.0,7.0,3.0,0.0,0.22,0.37,0.0,1.0,0.0,0.0,16.11,10.0,10.02,3.0,0.08,0.0,0.0,0.67,0.65,0.64,4.98,0.51,0.35,1.03,0.18,2.84,2.09,0.49,0.52,0.5,5.0,2.0,4.0,11.0,0.0,0.0,0.0,2.0,0.0,5.0,0.0,5.0,7.0,1.0,2.0,6.0,10.0,3.0,5.0,6.0,1.0,0.0,0.32,0.18,0.0,0.0,0.0,0.0,10.61,7.0,6.92,3.0,0.07,0.0,0.0,0.58,0.59,0.57
847791984827518483570,2025,Meyers-Gaudreau-Winterton,SEA,line,5on5,4,674.0,38.0,0.66,0.5,0.42,3.74,0.33,0.26,0.93,0.12,2.06,1.3,0.33,0.31,0.31,2.0,3.0,5.0,10.0,0.0,0.0,0.0,0.0,0.0,2.0,3.0,2.0,5.0,2.0,4.0,7.0,5.0,0.0,2.0,4.0,1.0,0.0,0.22,0.11,0.0,0.0,0.0,0.0,9.48,5.0,4.75,0.0,0.06,0.0,0.0,0.38,0.36,0.36,5.2,0.17,0.21,1.28,0.14,2.74,2.46,0.16,0.17,0.17,5.0,2.0,3.0,10.0,1.0,0.0,0.0,1.0,0.0,1.0,4.0,4.0,6.0,1.0,2.0,5.0,2.0,1.0,5.0,7.0,0.0,0.0,0.17,0.0,0.0,1.0,0.0,0.0,10.26,7.0,7.15,3.0,0.04,0.0,0.0,0.21,0.21,0.21
84794108480084,2025,Sergachev-Desimone,UTA,pairing,5on5,10,3114.0,56.0,0.53,0.6,0.56,25.67,1.97,1.49,6.87,0.83,13.74,10.09,1.95,1.94,1.91,23.0,12.0,15.0,50.0,2.0,1.0,0.0,5.0,0.0,12.0,15.0,21.0,33.0,2.0,4.0,23.0,15.0,7.0,7.0,27.0,6.0,2.0,0.72,0.79,0.47,1.0,1.0,0.0,49.14,35.0,34.3,2.0,0.31,0.04,0.04,2.24,2.2,2.18,19.77,1.77,1.28,4.43,0.64,11.04,7.82,1.73,1.86,1.81,21.0,6.0,6.0,33.0,2.0,1.0,0.0,6.0,0.0,8.0,10.0,19.0,25.0,1.0,2.0,29.0,24.0,0.0,10.0,17.0,10.0,0.0,0.59,1.18,0.0,0.0,2.0,0.0,33.7,27.0,27.77,4.0,0.27,0.14,0.14,1.9,1.98,1.95
847740484774168483752,2025,Guentzel-James-Bjorkstrand,TBL,line,5on5,4,740.0,28.0,0.78,0.67,0.67,4.56,0.41,0.29,1.33,0.16,2.17,1.65,0.4,0.45,0.44,4.0,2.0,6.0,12.0,0.0,2.0,0.0,0.0,0.0,2.0,2.0,4.0,6.0,0.0,0.0,4.0,3.0,1.0,3.0,3.0,3.0,0.0,0.08,0.33,0.0,0.0,0.0,0.0,13.19,6.0,6.64,1.0,0.06,0.07,0.07,0.4,0.43,0.43,2.15,0.11,0.1,0.49,0.07,1.24,0.98,0.11,0.1,0.1,1.0,2.0,3.0,6.0,0.0,0.0,0.0,0.0,0.0,1.0,2.0,1.0,3.0,1.0,2.0,4.0,5.0,2.0,4.0,3.0,0.0,0.0,0.11,0.0,0.0,0.0,0.0,0.0,5.41,3.0,2.72,2.0,0.02,0.0,0.0,0.13,0.12,0.12
847843984802208482159,2025,Foerster-Cates-Konecny,PHI,line,5on5,10,4767.0,32.0,0.37,0.42,0.44,31.03,2.11,1.88,8.18,1.04,18.3,12.49,2.09,2.11,2.1,30.0,14.0,20.0,64.0,5.0,1.0,1.0,5.0,0.0,17.0,16.0,25.0,39.0,5.0,10.0,21.0,27.0,8.0,24.0,37.0,7.0,0.0,1.3,0.81,0.0,3.0,2.0,0.0,63.68,44.0,44.13,13.0,0.38,0.15,0.15,2.33,2.36,2.35,39.75,3.55,2.79,10.98,1.5,22.59,15.6,3.43,3.54,3.42,37.0,20.0,33.0,90.0,0.0,5.0,0.0,10.0,0.0,19.0,23.0,37.0,57.0,3.0,6.0,56.0,29.0,7.0,23.0,44.0,11.0,2.0,1.38,1.51,0.66,0.0,0.0,0.0,88.53,57.0,57.11,10.0,0.58,0.84,0.84,3.29,3.23,3.17
84802468481056,2025,Stastney-Perbix,NSH,pairing,5on5,12,652.0,113.0,0.24,0.39,0.33,2.26,0.13,0.15,0.64,0.11,1.75,1.23,0.12,0.12,0.12,2.0,2.0,3.0,7.0,0.0,0.0,0.0,0.0,0.0,1.0,3.0,2.0,4.0,0.0,0.0,6.0,4.0,0.0,3.0,4.0,0.0,0.0,0.13,0.0,0.0,0.0,0.0,0.0,6.78,4.0,4.02,2.0,0.03,0.0,0.0,0.15,0.15,0.15,5.81,0.41,0.41,1.69,0.24,2.94,2.33,0.4,0.44,0.44,5.0,3.0,3.0,11.0,1.0,1.0,0.0,1.0,0.0,2.0,3.0,4.0,7.0,1.0,2.0,2.0,8.0,1.0,3.0,6.0,2.0,0.0,0.17,0.24,0.0,0.0,1.0,0.0,11.65,8.0,8.4,3.0,0.08,0.03,0.03,0.46,0.51,0.5
847522084774518478508,2025,Foligno-Hartman-Trenin,MIN,line,5on5,12,2024.0,126.0,0.51,0.42,0.45,16.16,1.16,1.1,4.05,0.56,9.44,6.69,1.15,1.17,1.16,16.0,7.0,3.0,26.0,0.0,1.0,0.0,5.0,0.0,9.0,8.0,16.0,23.0,2.0,4.0,18.0,24.0,2.0,12.0,18.0,4.0,1.0,0.44,0.47,0.24,0.0,0.0,0.0,26.07,23.0,22.93,7.0,0.23,0.07,0.07,1.31,1.32,1.31,21.34,1.12,1.16,4.89,0.66,11.13,9.04,1.11,1.09,1.08,21.0,7.0,8.0,36.0,2.0,0.0,0.0,4.0,0.0,11.0,11.0,19.0,26.0,3.0,6.0,27.0,12.0,2.0,12.0,22.0,6.0,0.0,0.49,0.63,0.0,1.0,1.0,0.0,35.99,28.0,27.88,9.0,0.24,0.0,0.0,1.36,1.33,1.32
847574584764328480893,2025,Jenner-Coyle-Marchenko,CBJ,line,5on5,3,694.0,34.0,0.59,0.56,0.47,5.32,0.41,0.32,1.62,0.17,2.61,1.88,0.4,0.42,0.41,4.0,3.0,7.0,14.0,0.0,0.0,0.0,2.0,0.0,3.0,2.0,4.0,7.0,0.0,0.0,12.0,3.0,0.0,2.0,5.0,2.0,0.0,0.15,0.26,0.0,0.0,0.0,0.0,14.11,7.0,7.16,0.0,0.07,0.0,0.0,0.48,0.5,0.48,6.03,0.28,0.31,1.31,0.17,3.25,2.68,0.28,0.28,0.28,6.0,2.0,3.0,11.0,0.0,0.0,0.0,0.0,0.0,1.0,7.0,6.0,8.0,1.0,2.0,1.0,2.0,1.0,6.0,8.0,0.0,0.0,0.28,0.0,0.0,0.0,0.0,0.0,11.27,8.0,8.25,3.0,0.06,0.0,0.0,0.35,0.35,0.34
848213284821578483690,2025,Berard-Laba-Cuylle,NYR,line,5on5,6,2794.0,18.0,0.41,0.47,0.53,19.16,1.24,1.43,5.05,0.67,11.04,7.57,1.21,1.23,1.21,16.0,11.0,12.0,39.0,1.0,2.0,1.0,7.0,0.0,6.0,11.0,15.0,26.0,3.0,6.0,19.0,32.0,1.0,13.0,23.0,4.0,0.0,0.74,0.5,0.0,1.0,0.0,0.0,38.35,27.0,26.29,8.0,0.3,0.14,0.14,1.4,1.38,1.37,17.66,1.75,1.26,4.54,0.57,9.16,6.73,1.7,1.7,1.65,22.0,2.0,20.0,44.0,2.0,0.0,0.0,3.0,0.0,7.0,12.0,20.0,22.0,0.0,0.0,19.0,15.0,6.0,9.0,18.0,4.0,2.0,0.59,0.5,0.66,1.0,1.0,0.0,43.85,24.0,23.7,6.0,0.27,0.0,0.44,1.58,1.56,1.55
847516684779398481711,2025,Maccelli-Tavares-Nylander,TOR,line,5on5,10,4831.0,32.0,0.58,0.55,0.56,46.97,4.38,3.24,11.31,1.59,25.67,17.8,4.23,4.33,4.18,32.0,32.0,20.0,84.0,8.0,5.0,1.0,11.0,0.0,15.0,25.0,24.0,56.0,4.0,8.0,48.0,21.0,5.0,29.0,43.0,17.0,4.0,1.35,1.99,1.04,4.0,2.0,2.0,84.07,64.0,63.77,15.0,0.68,0.89,0.89,4.18,4.13,4.06,36.3,3.18,2.54,9.11,1.2,19.74,14.23,3.16,3.28,3.25,38.0,12.0,19.0,69.0,6.0,1.0,0.0,8.0,0.0,19.0,16.0,32.0,44.0,5.0,10.0,30.0,33.0,7.0,18.0,37.0,10.0,3.0,1.07,1.21,0.9,3.0,2.0,1.0,69.77,50.0,50.73,11.0,0.54,0.13,0.13,3.59,3.69,3.66
84803368482100,2025,Nikishin-Walker,CAR,pairing,5on5,36,11652.0,206.0,0.57,0.6,0.57,110.42,9.67,7.56,29.28,3.88,60.44,43.16,9.44,9.57,9.35,94.0,60.0,67.0,221.0,7.0,11.0,1.0,27.0,0.0,59.0,50.0,87.0,147.0,8.0,16.0,103.0,84.0,26.0,54.0,118.0,25.0,11.0,3.82,3.0,2.85,3.0,3.0,1.0,219.69,154.0,154.34,32.0,1.6,1.8,1.8,9.47,9.33,9.14,85.39,7.34,5.83,19.95,2.81,43.92,34.14,7.13,7.33,7.13,74.0,40.0,34.0,148.0,10.0,6.0,0.0,10.0,0.0,43.0,45.0,64.0,104.0,10.0,20.0,85.0,89.0,17.0,57.0,83.0,25.0,6.0,2.83,2.92,1.59,6.0,3.0,1.0,149.8,114.0,114.49,28.0,1.23,1.22,1.22,7.35,7.39,7.29
84751888480727,2025,Mcnabb-Whitecloud,VGK,pairing,5on5,24,1683.0,163.0,0.41,0.37,0.41,6.87,0.74,0.46,1.5,0.24,3.41,2.65,0.74,0.75,0.75,5.0,4.0,4.0,13.0,1.0,0.0,0.0,0.0,0.0,2.0,6.0,4.0,8.0,1.0,2.0,3.0,9.0,0.0,2.0,4.0,5.0,0.0,0.12,0.61,0.0,1.0,0.0,0.0,12.71,9.0,8.84,1.0,0.09,0.0,0.0,0.83,0.84,0.84,9.94,1.05,0.72,2.16,0.3,5.15,3.62,1.04,1.01,1.01,6.0,7.0,9.0,22.0,2.0,1.0,0.0,2.0,0.0,1.0,7.0,4.0,11.0,2.0,4.0,7.0,10.0,2.0,6.0,8.0,3.0,2.0,0.26,0.36,0.43,1.0,0.0,1.0,21.71,13.0,12.99,3.0,0.15,0.16,0.16,1.04,1.0,1.0
847689784775738480281,2025,Walker-Sundqvist-Toropchenko,STL,line,5on5,8,3134.0,32.0,0.34,0.33,0.36,17.83,1.18,1.14,4.45,0.57,9.98,6.74,1.16,1.23,1.21,15.0,10.0,7.0,32.0,5.0,0.0,0.0,2.0,0.0,12.0,6.0,10.0,20.0,2.0,4.0,24.0,49.0,2.0,8.0,19.0,6.0,0.0,0.49,0.69,0.0,3.0,2.0,0.0,32.73,25.0,25.58,5.0,0.23,0.0,0.0,1.35,1.39,1.38,32.45,2.27,1.89,9.0,1.04,17.24,12.56,2.23,2.26,2.23,29.0,15.0,22.0,66.0,6.0,2.0,0.0,6.0,0.0,14.0,16.0,23.0,38.0,1.0,2.0,23.0,26.0,7.0,23.0,38.0,4.0,2.0,1.05,0.57,0.65,4.0,1.0,1.0,65.9,44.0,43.79,14.0,0.4,0.59,0.59,2.07,2.08,2.07
848001884815408482737,2025,Bolduc-Suzuki-Caufield,MTL,line,5on5,17,10436.0,37.0,0.53,0.49,0.53,91.81,8.43,5.99,21.94,3.13,49.26,36.25,8.14,8.63,8.33,71.0,54.0,43.0,168.0,9.0,8.0,0.0,17.0,0.0,51.0,40.0,62.0,116.0,4.0,6.0,77.0,58.0,17.0,38.0,89.0,27.0,9.0,3.05,3.06,2.32,3.0,5.0,1.0,170.97,125.0,126.52,22.0,1.25,1.68,1.68,8.0,8.14,8.0,82.9,7.53,5.58,21.56,2.91,43.41,31.01,7.17,7.61,7.23,73.0,39.0,62.0,174.0,7.0,10.0,1.0,15.0,0.0,44.0,36.0,66.0,105.0,2.0,4.0,84.0,61.0,16.0,56.0,79.0,24.0,9.0,2.27,2.97,2.29,2.0,4.0,1.0,175.61,112.0,112.91,29.0,1.17,1.84,1.84,6.86,6.88,6.68
847629284799968481721,2025,Palat-Glass-Gritsyuk,NJD,line,5on5,8,1828.0,68.0,0.6,0.61,0.65,23.6,1.95,1.42,6.23,0.8,13.39,9.21,1.84,1.9,1.79,24.0,9.0,8.0,41.0,1.0,3.0,0.0,7.0,0.0,8.0,14.0,23.0,32.0,0.0,0.0,22.0,9.0,2.0,11.0,27.0,3.0,3.0,0.8,0.34,0.81,1.0,0.0,0.0,40.44,33.0,32.75,7.0,0.29,0.66,0.66,1.59,1.55,1.53,12.93,1.31,0.88,3.42,0.41,6.94,5.05,1.27,1.33,1.28,14.0,4.0,8.0,26.0,2.0,2.0,0.0,6.0,0.0,6.0,2.0,12.0,16.0,2.0,4.0,13.0,9.0,3.0,3.0,13.0,3.0,2.0,0.37,0.38,0.56,2.0,0.0,0.0,26.08,18.0,17.83,2.0,0.18,0.56,0.56,0.94,0.94,0.92
847961984808498482699,2025,Carcone-Hayton-Guenther,UTA,line,5on5,8,1272.0,97.0,0.63,0.62,0.64,16.77,1.17,0.92,4.28,0.56,9.37,6.7,1.09,1.12,1.05,14.0,9.0,6.0,29.0,1.0,1.0,0.0,1.0,0.0,8.0,12.0,13.0,22.0,0.0,0.0,12.0,5.0,2.0,5.0,21.0,1.0,1.0,0.64,0.16,0.37,1.0,0.0,0.0,28.76,23.0,22.75,1.0,0.19,0.37,0.37,0.99,0.97,0.94,9.9,0.69,0.58,2.48,0.35,4.9,4.01,0.65,0.68,0.64,5.0,8.0,5.0,18.0,0.0,1.0,0.0,2.0,0.0,2.0,8.0,5.0,13.0,2.0,4.0,8.0,8.0,2.0,7.0,10.0,3.0,0.0,0.29,0.4,0.0,0.0,0.0,0.0,17.61,13.0,12.67,5.0,0.12,0.18,0.18,0.63,0.61,0.57
847418984763938478020,2025,Cousins-Eller-Amadio,OTT,line,5on5,8,739.0,76.0,0.28,0.31,0.33,2.07,0.11,0.14,0.59,0.07,1.18,0.92,0.11,0.1,0.1,2.0,1.0,2.0,5.0,0.0,0.0,0.0,1.0,0.0,2.0,0.0,2.0,3.0,0.0,0.0,7.0,15.0,4.0,4.0,3.0,0.0,0.0,0.11,0.0,0.0,0.0,0.0,0.0,4.63,3.0,2.88,1.0,0.03,0.0,0.0,0.13,0.13,0.13,4.27,0.28,0.26,1.31,0.18,2.21,1.77,0.27,0.3,0.29,5.0,1.0,5.0,11.0,1.0,1.0,0.0,1.0,0.0,3.0,0.0,4.0,5.0,0.0,0.0,3.0,14.0,1.0,3.0,5.0,1.0,0.0,0.13,0.15,0.0,1.0,0.0,0.0,10.96,6.0,6.2,1.0,0.05,0.05,0.05,0.28,0.3,0.3
848084084821458484829,2025,Hryckowian-Bourque-Bck,DAL,line,5on5,21,9728.0,63.0,0.55,0.53,0.52,67.53,6.73,4.95,17.32,2.3,35.02,24.68,6.38,7.0,6.64,64.0,27.0,38.0,129.0,8.0,11.0,1.0,15.0,0.0,36.0,21.0,56.0,83.0,5.0,12.0,72.0,58.0,12.0,40.0,63.0,19.0,9.0,1.82,2.44,2.47,4.0,2.0,2.0,135.39,91.0,95.38,16.0,1.04,2.34,2.34,5.43,5.64,5.51,58.82,5.53,3.98,15.1,2.19,32.91,23.3,5.36,5.41,5.25,51.0,32.0,30.0,113.0,6.0,12.0,2.0,6.0,1.0,30.0,28.0,45.0,77.0,10.0,20.0,54.0,100.0,14.0,37.0,58.0,21.0,4.0,1.46,2.81,1.26,2.0,4.0,0.0,109.81,83.0,81.49,24.0,0.82,1.91,1.91,4.44,4.36,4.32
84779698483678,2025,Pettersson-Pettersson,VAN,pairing,5on5,11,686.0,103.0,0.39,0.5,0.42,3.62,0.47,0.33,0.98,0.14,1.92,1.17,0.41,0.46,0.41,1.0,4.0,4.0,9.0,0.0,2.0,0.0,0.0,0.0,1.0,2.0,1.0,5.0,0.0,0.0,6.0,11.0,0.0,2.0,3.0,2.0,0.0,0.13,0.34,0.0,0.0,0.0,0.0,8.69,5.0,4.86,1.0,0.07,0.34,0.34,0.2,0.2,0.19,5.75,0.73,0.34,1.23,0.16,2.3,2.24,0.7,0.76,0.73,6.0,1.0,2.0,9.0,1.0,1.0,1.0,1.0,0.0,3.0,1.0,5.0,6.0,2.0,4.0,3.0,5.0,2.0,5.0,5.0,1.0,1.0,0.13,0.12,0.47,0.0,0.0,1.0,9.75,7.0,7.32,0.0,0.07,0.47,0.47,0.33,0.34,0.34
84808288482511,2025,Lohrei-Callahan,BOS,pairing,5on5,4,773.0,29.0,0.69,0.47,0.63,3.68,0.34,0.27,0.95,0.13,1.9,1.41,0.34,0.34,0.34,4.0,1.0,3.0,8.0,0.0,0.0,0.0,2.0,0.0,2.0,1.0,4.0,5.0,2.0,4.0,4.0,3.0,1.0,6.0,3.0,2.0,0.0,0.11,0.23,0.0,0.0,0.0,0.0,7.98,5.0,5.02,1.0,0.05,0.0,0.0,0.4,0.4,0.4,2.16,0.16,0.15,0.42,0.06,1.12,1.08,0.16,0.15,0.15,2.0,1.0,6.0,9.0,0.0,0.0,0.0,1.0,0.0,1.0,1.0,2.0,3.0,2.0,4.0,7.0,11.0,1.0,5.0,3.0,0.0,0.0,0.16,0.0,0.0,0.0,0.0,0.0,8.88,3.0,2.9,1.0,0.03,0.0,0.0,0.19,0.19,0.19
84816078482762,2025,Edvinsson-Johansson,DET,pairing,5on5,32,2612.0,213.0,0.62,0.58,0.59,19.55,1.72,1.33,4.69,0.63,10.04,7.58,1.68,1.73,1.68,14.0,12.0,9.0,35.0,0.0,4.0,0.0,2.0,0.0,5.0,15.0,14.0,26.0,1.0,2.0,13.0,12.0,3.0,8.0,20.0,5.0,1.0,0.66,0.79,0.28,0.0,0.0,0.0,34.63,26.0,25.84,4.0,0.28,0.53,0.51,1.49,1.5,1.49,13.52,1.03,0.93,3.41,0.42,6.82,5.37,0.99,1.04,1.0,15.0,3.0,7.0,25.0,1.0,1.0,0.0,3.0,0.0,6.0,7.0,14.0,17.0,1.0,2.0,6.0,13.0,2.0,13.0,14.0,3.0,1.0,0.44,0.33,0.27,0.0,1.0,0.0,24.92,18.0,18.05,4.0,0.2,0.27,0.27,0.96,0.96,0.95
847645984764688478550,2025,Panarin-Zibanejad-Miller,NYR,line,5on5,15,2378.0,133.0,0.48,0.58,0.53,23.49,1.25,1.49,6.46,0.98,13.26,9.56,1.24,1.29,1.28,19.0,14.0,17.0,50.0,1.0,2.0,0.0,10.0,0.0,12.0,8.0,18.0,32.0,3.0,6.0,25.0,12.0,1.0,6.0,31.0,1.0,1.0,0.86,0.13,0.26,0.0,1.0,0.0,50.47,33.0,33.38,1.0,0.31,0.06,0.06,1.5,1.55,1.54,20.78,1.34,1.33,5.18,0.65,11.78,8.72,1.33,1.38,1.37,17.0,12.0,7.0,36.0,0.0,2.0,0.0,3.0,0.0,6.0,18.0,17.0,29.0,1.0,2.0,25.0,8.0,5.0,10.0,26.0,1.0,2.0,0.69,0.1,0.55,0.0,0.0,0.0,36.87,29.0,29.66,5.0,0.27,0.39,0.39,1.23,1.23,1.23
84793728482858,2025,Evans-Mahura,SEA,pairing,5on5,6,3179.0,26.0,0.51,0.51,0.52,25.85,1.61,1.63,5.94,0.81,14.57,10.42,1.6,1.64,1.63,21.0,14.0,12.0,47.0,2.0,1.0,0.0,7.0,1.0,11.0,13.0,19.0,33.0,5.0,10.0,25.0,26.0,2.0,13.0,28.0,7.0,0.0,0.94,0.68,0.0,2.0,0.0,0.0,47.05,35.0,35.26,5.0,0.33,0.11,0.11,1.84,1.88,1.87,23.33,1.57,1.46,5.64,0.77,12.61,9.96,1.56,1.55,1.54,26.0,6.0,14.0,46.0,1.0,1.0,0.0,6.0,0.0,12.0,12.0,25.0,31.0,0.0,0.0,19.0,26.0,4.0,11.0,26.0,6.0,0.0,0.72,0.84,0.0,0.0,1.0,0.0,46.48,32.0,31.73,7.0,0.31,0.07,0.07,1.8,1.78,1.77
848044884816418482947,2025,Kiviranta-Bardakov-Kelly,COL,line,5on5,8,1315.0,62.0,0.39,0.51,0.5,8.87,0.61,0.6,2.33,0.35,5.45,3.66,0.61,0.63,0.62,7.0,6.0,9.0,22.0,0.0,1.0,0.0,0.0,0.0,9.0,3.0,7.0,13.0,1.0,2.0,6.0,18.0,3.0,5.0,10.0,3.0,0.0,0.25,0.37,0.0,0.0,0.0,0.0,22.93,13.0,13.41,2.0,0.12,0.19,0.19,0.55,0.56,0.56,9.6,0.94,0.75,2.4,0.33,5.01,3.57,0.91,0.94,0.91,11.0,2.0,8.0,21.0,2.0,2.0,1.0,1.0,0.0,3.0,5.0,9.0,11.0,0.0,0.0,12.0,13.0,0.0,11.0,9.0,3.0,1.0,0.22,0.47,0.25,0.0,2.0,0.0,20.6,13.0,13.04,4.0,0.16,0.18,0.18,0.93,0.92,0.91
84735078478859,2025,Mikkola-Petry,FLA,pairing,5on5,24,1565.0,181.0,0.37,0.41,0.43,9.03,0.66,0.47,2.56,0.31,4.44,3.56,0.63,0.67,0.64,6.0,6.0,3.0,15.0,0.0,1.0,0.0,2.0,0.0,2.0,7.0,6.0,12.0,0.0,0.0,6.0,15.0,1.0,3.0,10.0,2.0,0.0,0.35,0.32,0.0,0.0,0.0,0.0,14.86,12.0,11.92,1.0,0.1,0.17,0.17,0.59,0.58,0.58,12.31,1.11,0.8,3.78,0.4,5.98,3.94,1.05,1.22,1.15,11.0,5.0,6.0,22.0,2.0,2.0,1.0,2.0,0.0,5.0,5.0,9.0,14.0,0.0,0.0,13.0,12.0,1.0,4.0,12.0,2.0,2.0,0.26,0.2,0.66,1.0,0.0,1.0,23.38,16.0,17.13,3.0,0.17,0.66,0.66,0.62,0.68,0.67
84740138478507,2025,Cole-Marino,UTA,pairing,5on5,39,5042.0,270.0,0.55,0.5,0.51,40.89,3.54,2.7,9.76,1.39,21.54,16.08,3.48,3.58,3.52,34.0,21.0,16.0,71.0,8.0,2.0,1.0,6.0,0.0,22.0,17.0,26.0,47.0,5.0,10.0,32.0,34.0,6.0,32.0,40.0,12.0,3.0,1.34,1.39,0.81,0.0,5.0,3.0,72.62,55.0,55.61,14.0,0.57,0.39,0.39,3.72,3.76,3.71,38.64,2.87,2.42,10.08,1.29,20.07,15.27,2.79,2.82,2.73,28.0,24.0,19.0,71.0,3.0,4.0,0.0,8.0,0.0,18.0,19.0,25.0,49.0,4.0,8.0,32.0,33.0,4.0,23.0,40.0,11.0,1.0,1.27,1.34,0.27,2.0,1.0,0.0,70.08,52.0,51.71,8.0,0.51,0.47,0.47,2.91,2.86,2.8
84774888482684,2025,Hughes-Pesce,NJD,pairing,5on5,17,14710.0,29.0,0.55,0.54,0.55,143.2,12.32,9.74,36.81,4.79,76.65,54.7,11.89,12.58,12.14,126.0,69.0,70.0,265.0,8.0,17.0,1.0,28.0,0.0,80.0,62.0,118.0,187.0,13.0,26.0,106.0,68.0,15.0,61.0,153.0,29.0,13.0,4.9,3.9,3.52,7.0,0.0,1.0,271.49,195.0,199.55,29.0,2.03,3.11,3.11,11.23,11.44,11.21,117.47,10.28,8.4,28.42,3.9,63.38,45.62,9.96,10.13,9.81,98.0,62.0,62.0,222.0,5.0,17.0,2.0,20.0,0.0,59.0,59.0,93.0,155.0,7.0,14.0,143.0,94.0,19.0,76.0,112.0,38.0,10.0,3.05,4.65,2.58,0.0,4.0,1.0,216.87,160.0,156.96,37.0,1.76,3.38,3.38,8.66,8.51,8.32
847519184769258478434,2025,Smith-Sissons-Kolesar,VGK,line,5on5,9,1330.0,78.0,0.32,0.43,0.42,10.57,0.53,0.59,2.56,0.34,5.48,4.51,0.53,0.49,0.49,9.0,5.0,7.0,21.0,0.0,0.0,0.0,4.0,0.0,5.0,5.0,9.0,14.0,1.0,2.0,13.0,9.0,0.0,7.0,13.0,1.0,0.0,0.33,0.2,0.0,0.0,0.0,0.0,19.19,14.0,13.09,4.0,0.12,0.0,0.0,0.65,0.61,0.61,13.65,1.1,0.9,3.63,0.48,7.51,5.38,1.06,1.19,1.15,11.0,8.0,9.0,28.0,1.0,1.0,0.0,3.0,0.0,11.0,3.0,10.0,18.0,2.0,4.0,12.0,15.0,2.0,8.0,15.0,3.0,1.0,0.39,0.35,0.36,1.0,0.0,0.0,30.17,19.0,20.62,6.0,0.19,0.36,0.36,0.92,1.0,0.95
847534384795208483573,2025,Frank-Dowd-Duhaime,WSH,line,5on5,14,3382.0,134.0,0.37,0.42,0.43,23.16,1.65,1.59,5.8,0.79,13.29,9.87,1.61,1.69,1.64,20.0,13.0,13.0,46.0,4.0,1.0,0.0,4.0,0.0,11.0,13.0,16.0,29.0,6.0,12.0,33.0,23.0,5.0,11.0,25.0,7.0,1.0,0.55,0.87,0.24,3.0,1.0,0.0,46.65,33.0,33.62,3.0,0.33,0.18,0.18,1.8,1.83,1.79,31.96,2.8,2.06,8.33,1.02,16.93,11.87,2.71,2.74,2.65,29.0,14.0,20.0,63.0,1.0,6.0,1.0,4.0,0.0,14.0,18.0,28.0,42.0,4.0,11.0,33.0,20.0,3.0,13.0,33.0,6.0,4.0,0.93,0.88,0.99,0.0,0.0,1.0,61.74,43.0,42.96,9.0,0.43,1.08,1.08,2.15,2.14,2.12
84735078478055,2025,Forsling-Petry,FLA,pairing,5on5,28,2034.0,199.0,0.63,0.52,0.51,13.52,1.33,0.92,3.07,0.45,7.55,5.68,1.25,1.28,1.2,12.0,7.0,8.0,27.0,0.0,3.0,0.0,1.0,0.0,4.0,11.0,12.0,19.0,1.0,2.0,3.0,18.0,1.0,7.0,15.0,1.0,3.0,0.49,0.08,0.75,0.0,0.0,0.0,25.58,19.0,17.96,4.0,0.19,0.62,0.62,0.9,0.85,0.84,11.93,0.78,0.84,3.32,0.48,7.39,5.19,0.77,0.78,0.78,9.0,9.0,7.0,25.0,0.0,2.0,0.0,1.0,0.0,7.0,8.0,9.0,18.0,1.0,2.0,7.0,9.0,3.0,7.0,15.0,3.0,0.0,0.38,0.4,0.0,0.0,0.0,0.0,25.83,18.0,18.27,1.0,0.17,0.18,0.18,0.78,0.79,0.78
848172584834648484160,2025,Soderblom-Danielson-Kasper,DET,line,5on5,12,5535.0,43.0,0.57,0.47,0.51,51.15,5.37,3.6,12.9,1.9,24.52,18.72,4.89,5.69,5.19,45.0,22.0,17.0,84.0,3.0,11.0,0.0,5.0,0.0,23.0,25.0,42.0,64.0,4.0,8.0,36.0,44.0,4.0,20.0,42.0,18.0,7.0,1.13,2.14,2.1,0.0,3.0,0.0,89.5,67.0,69.79,13.0,0.76,2.36,2.36,3.76,4.0,3.81,45.97,4.0,3.21,12.67,1.71,24.72,17.67,3.52,3.78,3.32,47.0,17.0,31.0,95.0,2.0,6.0,0.0,17.0,0.0,22.0,17.0,45.0,62.0,4.0,8.0,44.0,62.0,7.0,21.0,51.0,7.0,6.0,1.23,0.89,1.89,1.0,1.0,0.0,90.83,64.0,61.2,8.0,0.67,1.64,1.64,3.04,2.89,2.78
84815998482511,2025,Lohrei-Soderstrom,BOS,pairing,5on5,8,5698.0,21.0,0.42,0.42,0.42,42.14,3.44,2.66,11.12,1.47,22.5,16.81,3.35,3.41,3.32,36.0,22.0,25.0,83.0,4.0,5.0,0.0,11.0,0.0,17.0,21.0,32.0,54.0,6.0,15.0,46.0,44.0,8.0,34.0,43.0,12.0,3.0,1.17,1.59,0.69,2.0,2.0,0.0,81.72,58.0,57.42,15.0,0.56,0.74,0.74,3.26,3.23,3.19,57.66,4.73,3.92,16.25,2.3,30.64,22.15,4.38,5.01,4.63,44.0,36.0,33.0,113.0,2.0,11.0,0.0,14.0,0.0,27.0,26.0,42.0,78.0,7.0,17.0,45.0,46.0,4.0,33.0,61.0,15.0,4.0,1.78,1.99,0.96,2.0,0.0,0.0,116.07,80.0,82.19,16.0,0.82,1.89,1.89,3.66,3.83,3.72
84778458478911,2025,Roy-Van Riemsdyk,WSH,pairing,5on5,19,951.0,186.0,0.11,0.37,0.23,4.1,0.19,0.26,1.01,0.15,2.52,1.88,0.19,0.18,0.18,3.0,3.0,9.0,15.0,0.0,0.0,0.0,2.0,0.0,1.0,3.0,3.0,6.0,0.0,0.0,3.0,7.0,0.0,2.0,6.0,0.0,0.0,0.19,0.0,0.0,0.0,0.0,0.0,14.86,6.0,5.82,1.0,0.05,0.0,0.0,0.24,0.23,0.23,14.41,1.57,1.15,3.31,0.5,7.75,5.71,1.52,1.63,1.57,13.0,7.0,6.0,26.0,2.0,4.0,1.0,3.0,0.0,5.0,6.0,11.0,18.0,2.0,4.0,4.0,2.0,1.0,9.0,13.0,5.0,2.0,0.47,0.61,0.49,0.0,1.0,1.0,27.18,20.0,20.96,4.0,0.24,0.51,0.51,1.31,1.34,1.32
84808788481581,2025,Harley-Lundkvist,DAL,pairing,5on5,13,7838.0,36.0,0.49,0.48,0.51,63.73,5.71,4.13,15.53,2.13,35.63,25.86,5.58,5.87,5.74,52.0,37.0,29.0,118.0,9.0,5.0,0.0,11.0,0.0,32.0,32.0,43.0,80.0,11.0,22.0,67.0,42.0,15.0,34.0,62.0,26.0,1.0,2.08,3.35,0.28,7.0,2.0,0.0,123.5,89.0,92.2,20.0,0.86,1.05,0.8,5.77,5.96,5.9,62.76,6.04,4.14,14.46,2.03,32.75,25.57,5.87,5.94,5.76,55.0,30.0,42.0,127.0,5.0,4.0,0.0,16.0,0.0,28.0,32.0,50.0,80.0,7.0,14.0,58.0,63.0,11.0,47.0,58.0,20.0,7.0,1.73,2.5,1.81,1.0,2.0,2.0,122.87,85.0,83.2,26.0,0.86,1.09,1.09,5.82,5.72,5.62
847639284768718480289,2025,Pearson-Lowry-Barron,WPG,line,5on5,10,2890.0,60.0,0.67,0.6,0.62,30.14,2.58,2.0,7.02,0.98,17.04,12.37,2.41,2.61,2.44,26.0,16.0,13.0,55.0,3.0,4.0,0.0,2.0,0.0,20.0,13.0,23.0,39.0,5.0,13.0,31.0,26.0,5.0,12.0,33.0,6.0,3.0,0.86,0.81,0.91,1.0,2.0,0.0,54.2,42.0,41.62,6.0,0.42,0.85,0.85,2.15,2.16,2.1,18.03,1.3,1.34,4.53,0.64,10.82,7.38,1.27,1.29,1.27,18.0,8.0,11.0,37.0,2.0,2.0,0.0,5.0,0.0,13.0,4.0,16.0,24.0,1.0,5.0,25.0,18.0,7.0,13.0,20.0,6.0,0.0,0.6,0.69,0.0,1.0,1.0,0.0,37.8,26.0,26.24,5.0,0.28,0.07,0.07,1.51,1.51,1.48
84817198483398,2025,Carlile-Crozier,TBL,pairing,5on5,12,6955.0,34.0,0.49,0.47,0.43,49.35,4.71,3.3,12.62,1.67,25.4,18.3,4.53,4.9,4.71,40.0,26.0,36.0,102.0,5.0,7.0,0.0,12.0,0.0,23.0,19.0,35.0,61.0,16.0,43.0,51.0,35.0,11.0,25.0,44.0,17.0,5.0,1.34,2.13,1.23,1.0,4.0,0.0,105.87,66.0,67.97,13.0,0.7,1.26,1.26,4.15,4.25,4.17,63.33,4.87,3.95,16.86,2.13,33.1,25.1,4.73,4.77,4.63,54.0,32.0,30.0,116.0,6.0,8.0,0.0,11.0,0.0,26.0,35.0,48.0,80.0,14.0,37.0,58.0,55.0,12.0,31.0,69.0,13.0,4.0,2.01,1.84,1.02,3.0,2.0,1.0,112.33,86.0,84.24,18.0,0.83,1.52,1.52,4.18,4.1,4.05
84775078479369,2025,Zadorov-Peeke,BOS,pairing,5on5,40,7169.0,214.0,0.54,0.53,0.5,63.07,5.38,4.29,16.24,2.26,33.32,24.52,4.95,5.33,4.91,59.0,27.0,43.0,129.0,5.0,13.0,0.0,9.0,0.0,29.0,30.0,54.0,81.0,8.0,16.0,46.0,70.0,7.0,38.0,59.0,23.0,4.0,1.67,2.73,0.98,3.0,2.0,0.0,126.12,86.0,85.04,15.0,0.89,1.67,1.67,4.6,4.54,4.35,62.05,4.51,4.12,16.76,2.24,33.83,24.54,4.41,4.59,4.48,49.0,37.0,30.0,116.0,3.0,6.0,0.0,14.0,0.0,34.0,29.0,46.0,83.0,7.0,14.0,54.0,38.0,8.0,36.0,68.0,16.0,2.0,2.02,1.97,0.52,1.0,2.0,0.0,118.77,86.0,87.95,17.0,0.86,0.82,0.82,4.54,4.63,4.56
848178984827518483570,2025,Kartye-Meyers-Winterton,SEA,line,5on5,13,2647.0,90.0,0.41,0.41,0.38,17.94,1.44,1.31,4.04,0.59,10.31,7.32,1.41,1.41,1.38,18.0,7.0,12.0,37.0,3.0,1.0,0.0,6.0,0.0,6.0,9.0,15.0,22.0,2.0,4.0,14.0,20.0,3.0,10.0,20.0,4.0,1.0,0.65,0.43,0.37,1.0,2.0,0.0,37.44,25.0,25.12,6.0,0.27,0.37,0.37,1.34,1.33,1.32,28.68,2.05,1.78,6.97,0.92,16.99,12.3,2.03,2.11,2.1,27.0,14.0,12.0,53.0,6.0,0.0,0.0,6.0,0.0,17.0,12.0,21.0,35.0,1.0,2.0,17.0,16.0,4.0,15.0,34.0,5.0,2.0,0.84,0.74,0.47,2.0,3.0,1.0,53.2,41.0,41.4,8.0,0.36,0.0,0.0,2.41,2.47,2.46
847360484764808480113,2025,Iafallo-Toews-Namestnikov,WPG,line,5on5,9,3166.0,57.0,0.43,0.42,0.45,20.96,1.83,1.41,5.04,0.69,12.28,8.75,1.76,1.89,1.82,18.0,12.0,9.0,39.0,3.0,3.0,0.0,2.0,0.0,13.0,9.0,15.0,27.0,2.0,7.0,28.0,15.0,4.0,11.0,23.0,6.0,1.0,0.69,0.83,0.31,3.0,0.0,0.0,41.44,30.0,31.23,6.0,0.29,0.62,0.62,1.5,1.55,1.52,25.58,2.4,2.03,6.5,0.97,13.99,10.12,2.32,2.34,2.26,23.0,13.0,18.0,54.0,2.0,7.0,1.0,3.0,0.0,12.0,12.0,21.0,34.0,4.0,11.0,26.0,19.0,2.0,15.0,26.0,7.0,3.0,0.82,0.88,0.69,1.0,1.0,0.0,52.67,36.0,35.23,8.0,0.42,1.0,1.0,1.82,1.77,1.72
84764578479372,2025,Mahura-Larsson,SEA,pairing,5on5,12,753.0,96.0,0.51,0.5,0.44,5.72,0.55,0.42,1.36,0.19,3.53,1.95,0.55,0.56,0.56,3.0,5.0,5.0,13.0,0.0,0.0,0.0,0.0,0.0,3.0,5.0,3.0,8.0,0.0,0.0,0.0,2.0,2.0,2.0,6.0,2.0,0.0,0.21,0.34,0.0,0.0,0.0,0.0,13.43,8.0,8.36,1.0,0.08,0.0,0.0,0.64,0.65,0.65,6.94,0.54,0.46,1.84,0.26,3.85,3.05,0.53,0.53,0.52,7.0,3.0,3.0,13.0,1.0,0.0,0.0,3.0,0.0,2.0,4.0,6.0,9.0,0.0,0.0,2.0,3.0,1.0,7.0,9.0,0.0,1.0,0.33,0.0,0.21,1.0,0.0,0.0,13.17,10.0,10.0,3.0,0.09,0.0,0.0,0.63,0.62,0.61
84810148485366,2025,Schaefer-Romanov,NYI,pairing,5on5,11,954.0,89.0,0.37,0.45,0.44,9.64,0.89,0.68,2.49,0.37,5.39,4.17,0.87,0.89,0.86,9.0,5.0,5.0,19.0,1.0,2.0,0.0,3.0,0.0,5.0,3.0,8.0,13.0,2.0,4.0,2.0,3.0,0.0,6.0,10.0,3.0,1.0,0.28,0.39,0.21,1.0,0.0,0.0,18.98,14.0,13.85,3.0,0.14,0.23,0.21,0.82,0.8,0.8,13.61,1.49,1.05,3.22,0.47,6.73,5.04,1.31,1.43,1.26,10.0,8.0,5.0,23.0,1.0,4.0,1.0,0.0,0.0,3.0,10.0,9.0,17.0,1.0,2.0,1.0,2.0,3.0,1.0,12.0,4.0,2.0,0.41,0.51,0.57,0.0,1.0,0.0,22.19,18.0,17.38,0.0,0.22,0.69,0.78,0.94,0.91,0.89
84793888480834,2025,Stillman-Emberson,EDM,pairing,5on5,3,1872.0,9.0,0.39,0.38,0.37,11.56,1.35,0.75,3.24,0.42,5.36,3.89,1.31,1.45,1.4,9.0,6.0,5.0,20.0,1.0,2.0,0.0,4.0,0.0,5.0,3.0,8.0,14.0,1.0,2.0,16.0,13.0,2.0,13.0,9.0,4.0,2.0,0.32,0.56,0.46,0.0,0.0,1.0,20.66,15.0,15.66,4.0,0.16,0.45,0.45,1.05,1.13,1.11,19.47,2.12,1.33,5.5,0.65,9.81,6.58,1.99,2.06,1.93,17.0,9.0,6.0,32.0,1.0,3.0,0.0,4.0,1.0,5.0,12.0,16.0,25.0,2.0,4.0,18.0,27.0,1.0,7.0,17.0,7.0,2.0,0.51,0.93,0.69,1.0,0.0,0.0,31.29,26.0,25.7,3.0,0.28,0.7,0.7,1.71,1.66,1.63
847576884769058481554,2025,Schwartz-Stephenson-Kakko,SEA,line,5on5,3,1295.0,8.0,0.41,0.48,0.53,14.48,0.89,0.84,3.99,0.53,7.79,5.96,0.88,0.86,0.85,17.0,3.0,5.0,25.0,1.0,2.0,0.0,3.0,0.0,9.0,5.0,16.0,19.0,0.0,0.0,13.0,8.0,1.0,6.0,17.0,3.0,0.0,0.52,0.37,0.0,0.0,1.0,0.0,24.35,20.0,19.38,0.0,0.17,0.26,0.26,0.8,0.78,0.77,13.0,1.26,0.98,3.66,0.47,6.99,4.63,1.19,1.29,1.22,13.0,5.0,9.0,27.0,1.0,3.0,0.0,3.0,0.0,8.0,3.0,12.0,17.0,2.0,4.0,16.0,5.0,2.0,8.0,10.0,8.0,0.0,0.22,1.04,0.0,0.0,1.0,0.0,27.13,18.0,18.16,3.0,0.2,0.53,0.53,0.94,0.96,0.93
847414184774568483464,2025,Kasper-Compher-Kane,DET,line,5on5,5,751.0,41.0,0.68,0.56,0.58,7.77,0.68,0.61,1.86,0.29,4.27,3.3,0.63,0.65,0.6,6.0,5.0,4.0,15.0,0.0,1.0,0.0,1.0,0.0,5.0,4.0,6.0,11.0,1.0,2.0,5.0,8.0,0.0,1.0,8.0,2.0,1.0,0.19,0.22,0.27,0.0,0.0,0.0,14.88,11.0,10.88,0.0,0.13,0.27,0.27,0.54,0.52,0.5,5.24,0.32,0.36,1.29,0.19,3.54,2.29,0.32,0.33,0.33,4.0,4.0,4.0,12.0,2.0,0.0,0.0,2.0,0.0,1.0,3.0,2.0,6.0,0.0,0.0,7.0,2.0,1.0,3.0,8.0,0.0,0.0,0.32,0.0,0.0,2.0,0.0,0.0,12.5,8.0,8.03,0.0,0.07,0.0,0.0,0.39,0.4,0.4
84764678482858,2025,Evans-Oleksiak,SEA,pairing,5on5,22,13861.0,78.0,0.53,0.49,0.51,120.0,10.37,8.14,30.23,4.02,64.63,46.62,9.68,10.14,9.48,112.0,52.0,55.0,219.0,10.0,12.0,1.0,23.0,0.0,69.0,50.0,102.0,154.0,17.0,39.0,82.0,84.0,15.0,53.0,122.0,32.0,10.0,3.29,3.86,3.22,4.0,5.0,1.0,216.79,164.0,162.26,27.0,1.69,3.1,3.1,8.96,8.84,8.69,112.86,9.3,7.71,28.72,3.89,61.63,44.75,8.97,9.41,9.08,96.0,60.0,68.0,224.0,9.0,15.0,1.0,17.0,0.0,56.0,59.0,87.0,147.0,12.0,29.0,97.0,106.0,17.0,62.0,120.0,27.0,9.0,3.42,3.33,2.55,4.0,4.0,1.0,225.93,156.0,157.79,27.0,1.61,2.94,2.94,7.96,8.02,7.82
847805784784628484158,2025,Joshua-Roy-Cowan,TOR,line,5on5,10,2146.0,96.0,0.46,0.57,0.45,13.6,1.05,0.96,3.27,0.44,7.8,5.47,1.02,1.03,1.0,14.0,5.0,19.0,38.0,2.0,1.0,1.0,4.0,0.0,6.0,6.0,12.0,17.0,2.0,4.0,15.0,26.0,4.0,9.0,16.0,3.0,0.0,0.67,0.38,0.0,1.0,1.0,0.0,35.84,19.0,18.26,4.0,0.2,0.11,0.11,1.14,1.12,1.09,16.87,1.25,0.98,3.91,0.52,9.24,7.12,1.24,1.27,1.27,16.0,7.0,6.0,29.0,2.0,1.0,0.0,6.0,0.0,5.0,9.0,14.0,21.0,2.0,4.0,16.0,10.0,3.0,11.0,21.0,1.0,1.0,0.61,0.19,0.44,2.0,0.0,0.0,29.88,23.0,23.66,6.0,0.2,0.44,0.44,1.01,1.04,1.03
848018884808018481528,2025,Zetterlund-Cozens-Tkachuk,OTT,line,5on5,8,1177.0,116.0,0.63,0.56,0.63,15.41,1.38,1.07,3.78,0.49,7.91,5.37,1.35,1.44,1.41,11.0,9.0,9.0,29.0,1.0,2.0,0.0,1.0,0.0,10.0,6.0,10.0,19.0,3.0,6.0,12.0,19.0,1.0,8.0,17.0,0.0,3.0,0.61,0.0,0.77,0.0,0.0,1.0,29.49,20.0,20.35,5.0,0.22,0.29,0.29,1.31,1.36,1.34,8.65,0.8,0.51,2.41,0.34,4.51,3.43,0.79,0.77,0.76,8.0,4.0,11.0,23.0,1.0,1.0,0.0,2.0,0.0,4.0,4.0,7.0,11.0,3.0,6.0,12.0,13.0,2.0,4.0,8.0,3.0,1.0,0.19,0.39,0.22,0.0,1.0,0.0,23.31,12.0,12.08,3.0,0.1,0.22,0.22,0.68,0.66,0.66
847790384790228483733,2025,Hathaway-Abols-Grebenkin,PHI,line,5on5,12,3787.0,68.0,0.47,0.5,0.49,23.74,1.92,1.53,6.47,0.79,12.53,8.76,1.84,1.94,1.85,17.0,15.0,18.0,50.0,0.0,1.0,0.0,6.0,0.0,11.0,14.0,17.0,32.0,11.0,28.0,36.0,61.0,6.0,15.0,24.0,7.0,1.0,0.63,0.9,0.39,0.0,0.0,0.0,50.0,32.0,31.87,7.0,0.32,0.39,0.39,1.85,1.85,1.83,25.18,2.15,1.78,6.53,0.83,12.7,9.01,2.09,2.13,2.07,20.0,13.0,17.0,50.0,3.0,1.0,0.0,5.0,0.0,13.0,11.0,17.0,30.0,8.0,22.0,37.0,32.0,8.0,15.0,23.0,7.0,3.0,0.74,0.73,0.68,2.0,1.0,0.0,50.05,33.0,33.06,7.0,0.38,0.23,0.23,2.29,2.29,2.22
847629284794078482110,2025,Palat-Mercer-Bratt,NJD,line,5on5,7,1392.0,92.0,0.54,0.51,0.5,8.57,0.59,0.63,2.1,0.35,5.52,3.8,0.56,0.58,0.55,10.0,3.0,10.0,23.0,0.0,1.0,0.0,3.0,0.0,8.0,1.0,10.0,13.0,1.0,2.0,7.0,6.0,1.0,9.0,12.0,1.0,0.0,0.49,0.1,0.0,0.0,0.0,0.0,22.23,13.0,12.71,6.0,0.13,0.07,0.07,0.64,0.63,0.6,8.8,0.49,0.6,2.23,0.3,5.76,3.61,0.49,0.5,0.5,9.0,4.0,9.0,22.0,0.0,0.0,0.0,1.0,0.0,7.0,5.0,9.0,13.0,0.0,0.0,12.0,10.0,2.0,11.0,11.0,2.0,0.0,0.31,0.19,0.0,0.0,0.0,0.0,21.91,13.0,12.88,8.0,0.12,0.0,0.0,0.62,0.62,0.62
847707084788318479977,2025,O'Brien-Stenlund-Yamamoto,UTA,line,5on5,7,2982.0,27.0,0.64,0.65,0.58,22.81,1.69,1.44,6.11,0.78,13.04,8.93,1.65,1.76,1.71,20.0,12.0,21.0,53.0,2.0,1.0,0.0,6.0,0.0,11.0,12.0,18.0,30.0,4.0,11.0,34.0,30.0,0.0,11.0,25.0,6.0,1.0,0.69,0.74,0.26,2.0,0.0,0.0,54.09,32.0,32.74,7.0,0.3,0.26,0.26,1.73,1.79,1.76,16.76,0.94,0.99,5.05,0.53,9.1,6.38,0.93,0.91,0.89,13.0,10.0,6.0,29.0,1.0,2.0,0.0,5.0,1.0,5.0,9.0,12.0,22.0,3.0,9.0,21.0,21.0,3.0,18.0,21.0,1.0,1.0,0.58,0.1,0.26,0.0,1.0,0.0,28.15,23.0,22.41,10.0,0.21,0.29,0.29,0.85,0.83,0.82
84785008483485,2025,Provorov-Mateychuk,CBJ,pairing,5on5,31,2072.0,225.0,0.46,0.52,0.55,17.12,0.84,0.91,4.39,0.56,9.53,7.77,0.83,0.84,0.83,17.0,7.0,6.0,30.0,2.0,3.0,0.0,4.0,0.0,5.0,10.0,15.0,22.0,2.0,4.0,7.0,7.0,2.0,5.0,21.0,3.0,0.0,0.55,0.3,0.0,1.0,1.0,0.0,30.4,24.0,23.88,3.0,0.18,0.73,0.0,1.03,1.03,1.01,14.98,0.99,0.88,3.67,0.48,7.68,6.3,0.98,0.94,0.94,10.0,10.0,8.0,28.0,1.0,0.0,0.0,2.0,1.0,7.0,9.0,9.0,19.0,0.0,0.0,6.0,9.0,0.0,8.0,15.0,5.0,0.0,0.39,0.6,0.0,1.0,0.0,0.0,26.69,20.0,19.12,3.0,0.19,0.0,0.0,1.17,1.12,1.11
847843884808428481577,2025,Hallander-Novak-Tomasino,PIT,line,5on5,3,1054.0,21.0,0.36,0.38,0.25,3.01,0.29,0.22,0.67,0.08,1.63,1.11,0.29,0.29,0.29,1.0,3.0,7.0,11.0,0.0,0.0,0.0,0.0,0.0,1.0,3.0,1.0,4.0,0.0,0.0,5.0,5.0,0.0,4.0,3.0,1.0,0.0,0.11,0.18,0.0,0.0,0.0,0.0,11.02,4.0,3.98,1.0,0.05,0.0,0.0,0.34,0.33,0.33,9.18,0.52,0.51,1.94,0.27,4.61,4.14,0.52,0.53,0.53,10.0,2.0,6.0,18.0,0.0,0.0,0.0,2.0,0.0,4.0,6.0,10.0,12.0,0.0,0.0,6.0,13.0,2.0,1.0,9.0,3.0,0.0,0.23,0.29,0.0,0.0,0.0,0.0,17.73,12.0,11.86,0.0,0.1,0.0,0.0,0.63,0.63,0.63
84746008480246,2025,Josi-Perbix,NSH,pairing,5on5,21,9592.0,95.0,0.47,0.47,0.47,85.94,7.21,5.88,22.03,2.79,44.47,32.61,6.74,7.22,6.75,72.0,43.0,49.0,164.0,8.0,15.0,1.0,18.0,0.0,41.0,33.0,64.0,107.0,20.0,40.0,75.0,58.0,11.0,47.0,88.0,18.0,9.0,2.54,2.24,2.43,5.0,2.0,1.0,162.55,115.0,114.76,29.0,1.24,2.84,2.84,5.6,5.66,5.49,96.19,8.21,6.22,24.74,3.4,49.43,37.01,7.8,8.21,7.79,80.0,49.0,56.0,185.0,9.0,12.0,2.0,14.0,0.0,45.0,49.0,71.0,120.0,12.0,22.0,95.0,79.0,10.0,42.0,97.0,20.0,12.0,2.43,2.33,3.45,5.0,2.0,2.0,185.37,129.0,129.33,27.0,1.3,3.19,3.19,6.33,6.28,6.17
847579984764808482149,2025,Perfetti-Namestnikov-Niederreiter,WPG,line,5on5,8,2542.0,49.0,0.53,0.51,0.49,19.77,1.31,1.23,4.63,0.6,10.94,8.28,1.26,1.31,1.26,18.0,9.0,11.0,38.0,0.0,1.0,0.0,6.0,0.0,10.0,10.0,18.0,27.0,2.0,4.0,13.0,16.0,2.0,18.0,21.0,5.0,1.0,0.42,0.67,0.23,0.0,0.0,0.0,37.86,27.0,26.81,10.0,0.26,0.23,0.23,1.34,1.35,1.32,20.39,1.19,1.22,5.09,0.73,10.87,8.91,1.16,1.18,1.15,21.0,7.0,9.0,37.0,4.0,2.0,0.0,2.0,0.0,9.0,11.0,17.0,24.0,2.0,4.0,15.0,14.0,2.0,8.0,24.0,4.0,0.0,0.64,0.55,0.0,1.0,3.0,0.0,36.52,28.0,27.67,5.0,0.25,0.25,0.25,1.18,1.18,1.18
84803368482911,2025,Walker-Nystrom,CAR,pairing,5on5,16,1256.0,132.0,0.51,0.42,0.39,6.8,0.86,0.4,1.65,0.21,3.23,2.65,0.82,0.87,0.83,7.0,2.0,5.0,14.0,0.0,1.0,0.0,1.0,0.0,4.0,3.0,7.0,9.0,0.0,0.0,4.0,8.0,0.0,6.0,6.0,2.0,1.0,0.28,0.24,0.35,0.0,0.0,0.0,14.44,9.0,9.27,5.0,0.08,0.35,0.35,0.6,0.61,0.6,9.38,0.83,0.62,2.27,0.35,5.37,4.55,0.79,0.81,0.77,9.0,5.0,5.0,19.0,1.0,2.0,0.0,0.0,0.0,2.0,9.0,8.0,13.0,0.0,0.0,2.0,9.0,2.0,7.0,10.0,3.0,1.0,0.27,0.35,0.21,0.0,1.0,0.0,18.49,14.0,13.67,3.0,0.13,0.22,0.22,0.73,0.72,0.71
847793984793188482720,2025,Knies-Matthews-Nylander,TOR,line,5on5,19,5305.0,122.0,0.51,0.46,0.45,44.16,3.87,3.01,12.07,1.53,23.02,16.5,3.72,3.63,3.49,42.0,18.0,24.0,84.0,7.0,5.0,0.0,10.0,0.0,18.0,20.0,35.0,53.0,3.0,6.0,70.0,29.0,6.0,28.0,44.0,13.0,3.0,1.27,1.61,0.99,5.0,2.0,0.0,79.1,60.0,56.51,11.0,0.65,1.05,1.05,3.46,3.27,3.2,51.8,3.7,3.27,13.22,1.73,28.84,21.24,3.64,3.87,3.81,53.0,19.0,28.0,100.0,7.0,5.0,0.0,17.0,0.0,17.0,26.0,46.0,65.0,4.0,8.0,50.0,18.0,4.0,31.0,58.0,10.0,4.0,1.45,1.25,1.0,5.0,2.0,0.0,103.91,72.0,75.12,12.0,0.68,0.59,0.59,3.79,3.96,3.93
84764638484798,2025,Brodin-Buium,MIN,pairing,5on5,24,1274.0,185.0,0.47,0.57,0.53,13.14,0.73,0.68,2.99,0.38,7.0,6.23,0.72,0.71,0.69,14.0,4.0,10.0,28.0,1.0,1.0,0.0,3.0,0.0,9.0,4.0,13.0,17.0,2.0,4.0,0.0,8.0,0.0,3.0,17.0,0.0,1.0,0.44,0.0,0.29,1.0,0.0,0.0,27.83,18.0,17.87,0.0,0.14,0.29,0.29,0.58,0.57,0.57,11.57,0.84,0.73,2.61,0.36,6.52,4.93,0.82,0.85,0.83,11.0,5.0,5.0,21.0,0.0,0.0,0.0,4.0,0.0,5.0,7.0,11.0,16.0,2.0,4.0,2.0,6.0,4.0,5.0,11.0,5.0,0.0,0.32,0.52,0.0,0.0,0.0,0.0,21.14,16.0,16.31,4.0,0.15,0.0,0.0,0.99,1.0,0.98
84751888481527,2025,Mcnabb-Korczak,VGK,pairing,5on5,22,6976.0,119.0,0.52,0.48,0.49,58.84,5.47,4.25,13.42,1.89,30.14,22.84,5.31,5.37,5.21,46.0,32.0,24.0,102.0,5.0,7.0,0.0,11.0,0.0,30.0,25.0,41.0,73.0,1.0,5.0,40.0,44.0,11.0,45.0,54.0,17.0,7.0,1.79,2.13,1.55,2.0,1.0,2.0,99.54,78.0,76.55,21.0,0.89,1.01,1.01,5.35,5.25,5.16,58.28,5.15,3.9,15.01,2.22,31.88,23.85,4.94,5.35,5.13,49.0,33.0,27.0,109.0,7.0,9.0,0.0,9.0,0.0,29.0,28.0,42.0,75.0,5.0,13.0,49.0,29.0,11.0,28.0,65.0,9.0,8.0,1.87,1.0,2.27,4.0,1.0,2.0,112.2,82.0,84.03,13.0,0.81,1.64,1.64,4.32,4.47,4.37
847637484803558482177,2025,Khusnutdinov-Kastelic-Kuraly,BOS,line,5on5,10,2070.0,71.0,0.58,0.54,0.61,22.64,1.53,1.3,6.5,0.75,11.96,8.97,1.5,1.52,1.49,21.0,10.0,6.0,37.0,0.0,3.0,0.0,9.0,0.0,12.0,7.0,21.0,31.0,5.0,10.0,23.0,17.0,5.0,16.0,26.0,3.0,2.0,0.6,0.4,0.52,0.0,0.0,0.0,36.73,31.0,30.85,10.0,0.27,0.59,0.59,1.21,1.2,1.18,15.78,1.12,1.04,4.51,0.44,7.56,5.33,1.11,1.12,1.11,9.0,11.0,11.0,31.0,1.0,0.0,0.0,1.0,0.0,11.0,7.0,8.0,19.0,5.0,10.0,22.0,24.0,2.0,8.0,15.0,5.0,0.0,0.46,0.66,0.0,1.0,0.0,0.0,31.15,20.0,19.94,6.0,0.22,0.0,0.0,1.34,1.34,1.32
84774478481527,2025,Theodore-Korczak,VGK,pairing,5on5,19,710.0,157.0,0.6,0.5,0.53,6.46,0.56,0.42,1.51,0.2,3.47,2.83,0.54,0.56,0.54,6.0,3.0,3.0,12.0,2.0,1.0,1.0,1.0,0.0,3.0,2.0,4.0,7.0,0.0,0.0,0.0,8.0,2.0,6.0,8.0,0.0,1.0,0.21,0.0,0.35,1.0,0.0,1.0,12.17,9.0,8.99,3.0,0.09,0.01,0.35,0.3,0.29,0.29,5.57,0.38,0.42,1.26,0.23,3.31,2.4,0.37,0.39,0.38,4.0,4.0,4.0,12.0,0.0,0.0,0.0,1.0,0.0,6.0,1.0,4.0,8.0,0.0,0.0,1.0,4.0,2.0,6.0,7.0,1.0,0.0,0.28,0.1,0.0,0.0,0.0,0.0,12.06,8.0,8.12,1.0,0.09,0.0,0.0,0.46,0.47,0.46
84754558479395,2025,Dillon-Cholowski,NJD,pairing,5on5,10,1360.0,63.0,0.73,0.6,0.59,13.76,1.4,0.98,3.36,0.48,7.19,5.59,1.28,1.34,1.23,9.0,10.0,2.0,21.0,0.0,2.0,0.0,2.0,0.0,9.0,6.0,9.0,19.0,3.0,6.0,8.0,7.0,2.0,6.0,13.0,4.0,2.0,0.31,0.6,0.49,0.0,0.0,0.0,19.93,19.0,18.37,2.0,0.2,0.34,0.34,1.27,1.22,1.17,9.11,0.52,0.59,2.56,0.31,5.35,3.67,0.52,0.55,0.54,10.0,3.0,1.0,14.0,2.0,0.0,0.0,1.0,0.0,3.0,7.0,8.0,11.0,2.0,4.0,8.0,9.0,4.0,8.0,12.0,1.0,0.0,0.42,0.1,0.0,2.0,0.0,0.0,15.16,13.0,13.77,4.0,0.12,0.0,0.0,0.65,0.68,0.67
847576384834878485414,2025,Mcgroarty-Kindel-Hayes,PIT,line,5on5,1,729.0,2.0,0.53,0.69,0.64,4.87,0.13,0.24,1.24,0.17,3.01,2.21,0.13,0.12,0.12,3.0,4.0,2.0,9.0,0.0,0.0,0.0,1.0,0.0,3.0,3.0,3.0,7.0,0.0,0.0,4.0,3.0,0.0,4.0,7.0,0.0,0.0,0.13,0.0,0.0,0.0,0.0,0.0,8.18,7.0,6.69,2.0,0.05,0.0,0.0,0.17,0.17,0.17,2.96,0.11,0.14,0.58,0.08,1.63,1.46,0.11,0.11,0.11,2.0,2.0,0.0,4.0,0.0,0.0,0.0,1.0,0.0,0.0,3.0,2.0,4.0,0.0,0.0,5.0,5.0,0.0,1.0,4.0,0.0,0.0,0.11,0.0,0.0,0.0,0.0,0.0,4.21,4.0,4.17,0.0,0.03,0.0,0.0,0.14,0.14,0.14
847458684769058478975,2025,Marchment-Stephenson-Eberle,SEA,line,5on5,11,2101.0,123.0,0.28,0.54,0.49,18.01,1.04,1.11,4.97,0.68,10.11,8.09,1.01,1.03,1.0,18.0,8.0,15.0,41.0,0.0,3.0,0.0,6.0,0.0,8.0,9.0,18.0,26.0,3.0,6.0,13.0,5.0,4.0,8.0,23.0,3.0,0.0,0.65,0.4,0.0,0.0,0.0,0.0,40.8,26.0,25.84,3.0,0.23,0.24,0.24,1.03,1.02,1.0,21.5,2.68,1.51,5.16,0.67,9.73,7.24,2.47,2.65,2.45,19.0,8.0,8.0,35.0,0.0,3.0,0.0,2.0,0.0,13.0,9.0,19.0,27.0,2.0,4.0,15.0,14.0,4.0,8.0,19.0,3.0,5.0,0.8,0.32,1.57,0.0,0.0,0.0,35.41,27.0,27.21,4.0,0.33,1.07,1.07,1.94,1.93,1.91
84783998483495,2025,Siegenthaler-Nemec,NJD,pairing,5on5,24,8036.0,132.0,0.42,0.42,0.43,56.92,4.99,3.7,13.73,1.96,29.78,22.84,4.82,5.02,4.85,53.0,24.0,31.0,108.0,6.0,6.0,0.0,3.0,0.0,29.0,33.0,47.0,71.0,4.0,8.0,49.0,43.0,9.0,47.0,60.0,11.0,6.0,1.83,1.4,1.76,3.0,2.0,1.0,107.85,77.0,77.54,23.0,0.77,1.13,1.13,4.63,4.66,4.61,75.61,6.93,5.09,18.68,2.56,39.84,28.91,6.78,6.96,6.81,73.0,29.0,50.0,152.0,5.0,11.0,0.0,16.0,1.0,34.0,35.0,68.0,97.0,5.0,10.0,52.0,43.0,10.0,32.0,74.0,20.0,8.0,2.13,2.61,2.18,2.0,2.0,1.0,153.71,102.0,102.45,11.0,1.05,2.02,2.02,5.96,6.01,5.97
847569284788648482079,2025,Kaprizov-Rossi-Zuccarello,MIN,line,5on5,3,2090.0,3.0,0.41,0.35,0.34,11.31,1.07,0.86,2.81,0.4,6.26,4.6,1.04,1.13,1.11,10.0,6.0,6.0,22.0,1.0,1.0,0.0,1.0,0.0,7.0,6.0,9.0,15.0,2.0,4.0,16.0,6.0,4.0,8.0,11.0,5.0,0.0,0.43,0.64,0.0,1.0,0.0,0.0,23.53,16.0,16.96,4.0,0.18,0.16,0.16,1.09,1.14,1.14,22.27,1.53,1.46,5.4,0.65,12.85,9.11,1.5,1.52,1.49,22.0,9.0,10.0,41.0,2.0,1.0,0.0,7.0,0.0,11.0,10.0,20.0,29.0,3.0,6.0,18.0,15.0,3.0,10.0,27.0,3.0,1.0,0.93,0.38,0.22,1.0,1.0,0.0,40.45,31.0,30.45,5.0,0.3,0.14,0.14,1.69,1.69,1.67
847643284774978482475,2025,Jenner-Monahan-Chinakhov,CBJ,line,5on5,3,1639.0,9.0,0.7,0.63,0.59,16.68,2.41,1.3,4.55,0.55,7.66,5.53,2.24,2.42,2.24,17.0,5.0,16.0,38.0,2.0,5.0,1.0,2.0,0.0,10.0,3.0,15.0,20.0,1.0,2.0,16.0,12.0,3.0,14.0,11.0,7.0,4.0,0.31,0.85,1.24,0.0,1.0,1.0,38.16,22.0,22.08,4.0,0.29,1.34,1.34,1.35,1.35,1.31,11.46,1.02,0.74,2.76,0.36,5.83,4.3,0.98,1.02,0.98,11.0,4.0,7.0,22.0,0.0,1.0,0.0,5.0,0.0,1.0,8.0,11.0,15.0,1.0,2.0,11.0,7.0,1.0,9.0,13.0,1.0,1.0,0.55,0.1,0.37,0.0,0.0,0.0,22.28,15.0,15.2,3.0,0.15,0.37,0.37,0.8,0.82,0.82
847415084763998482074,2025,Coleman-Backlund-Zary,CGY,line,5on5,24,12301.0,78.0,0.5,0.54,0.53,107.78,9.06,6.65,28.27,3.5,53.66,41.86,8.69,9.16,8.78,94.0,49.0,58.0,201.0,8.0,17.0,4.0,17.0,0.0,49.0,52.0,86.0,135.0,14.0,31.0,124.0,83.0,13.0,56.0,110.0,22.0,11.0,2.85,3.14,3.08,2.0,2.0,4.0,201.92,143.0,144.46,32.0,1.4,3.63,3.63,6.84,6.83,6.74,97.52,9.04,6.25,25.48,3.19,48.07,36.98,8.24,9.13,8.33,75.0,54.0,45.0,174.0,7.0,15.0,1.0,20.0,1.0,38.0,48.0,68.0,122.0,12.0,27.0,123.0,75.0,15.0,67.0,93.0,27.0,9.0,2.68,3.49,2.87,4.0,1.0,2.0,173.2,129.0,128.01,28.0,1.32,3.36,3.36,7.0,7.05,6.87
847351284780208481596,2025,Pinto-Giroux-Amadio,OTT,line,5on5,24,12439.0,46.0,0.64,0.57,0.61,113.57,9.44,7.42,28.26,3.92,61.06,44.88,9.07,9.63,9.25,102.0,53.0,47.0,202.0,13.0,14.0,2.0,22.0,0.0,52.0,54.0,89.0,142.0,10.0,23.0,124.0,84.0,16.0,48.0,116.0,27.0,12.0,2.82,3.22,3.4,5.0,5.0,3.0,204.99,155.0,157.7,20.0,1.54,2.8,3.15,7.83,7.93,7.8,72.96,5.38,4.6,18.41,2.49,39.31,30.81,5.23,5.3,5.15,66.0,35.0,50.0,151.0,7.0,7.0,1.0,12.0,0.0,38.0,37.0,59.0,94.0,13.0,29.0,94.0,71.0,20.0,62.0,81.0,17.0,3.0,2.19,2.31,0.88,2.0,4.0,1.0,148.51,101.0,99.74,31.0,0.95,1.45,1.45,4.88,4.79,4.76
847795184793438480849,2025,Hayton-Schmaltz-Keller,UTA,line,5on5,19,10872.0,72.0,0.62,0.6,0.61,97.37,8.3,6.36,24.25,3.24,52.46,38.39,8.08,8.35,8.14,96.0,37.0,43.0,176.0,9.0,13.0,0.0,15.0,0.0,41.0,55.0,87.0,124.0,9.0,18.0,98.0,11.0,10.0,60.0,103.0,22.0,8.0,3.33,2.91,2.06,5.0,3.0,1.0,176.98,133.0,134.03,23.0,1.32,2.28,2.28,7.33,7.4,7.29,64.82,5.13,4.01,15.34,2.02,32.86,25.63,5.0,5.21,5.07,56.0,29.0,33.0,118.0,8.0,3.0,1.0,10.0,0.0,34.0,30.0,48.0,77.0,7.0,14.0,112.0,63.0,19.0,59.0,59.0,22.0,4.0,1.6,2.36,1.17,3.0,4.0,1.0,119.34,85.0,85.49,27.0,0.83,0.4,0.4,5.57,5.63,5.55
84784768480036,2025,Heiskanen-Capobianco,DAL,pairing,5on5,15,1003.0,134.0,0.7,0.65,0.62,12.39,1.4,0.93,3.56,0.42,5.66,4.03,1.23,1.36,1.21,12.0,4.0,4.0,20.0,1.0,2.0,0.0,4.0,0.0,5.0,4.0,11.0,15.0,0.0,0.0,7.0,5.0,0.0,5.0,10.0,4.0,2.0,0.3,0.45,0.65,1.0,0.0,0.0,19.75,16.0,15.83,0.0,0.2,0.39,0.39,1.21,1.2,1.15,6.87,0.59,0.45,1.82,0.26,4.04,2.83,0.58,0.61,0.61,7.0,3.0,1.0,11.0,0.0,2.0,0.0,1.0,0.0,1.0,6.0,7.0,10.0,0.0,0.0,4.0,7.0,1.0,9.0,8.0,1.0,1.0,0.17,0.12,0.3,0.0,0.0,0.0,11.07,10.0,10.09,5.0,0.09,0.31,0.31,0.38,0.39,0.38
847627884768898480840,2025,Faksa-Bck-Blackwell,DAL,line,5on5,11,2785.0,90.0,0.58,0.48,0.53,15.29,1.74,1.09,4.11,0.56,8.01,5.49,1.67,1.7,1.64,15.0,6.0,11.0,32.0,2.0,1.0,0.0,4.0,0.0,8.0,6.0,13.0,19.0,5.0,12.0,34.0,21.0,2.0,7.0,14.0,5.0,2.0,0.52,0.72,0.51,1.0,1.0,0.0,31.45,21.0,20.72,6.0,0.23,0.25,0.25,1.72,1.69,1.64,13.75,1.26,0.97,3.82,0.5,7.35,5.11,1.17,1.3,1.21,12.0,7.0,16.0,35.0,0.0,1.0,0.0,5.0,0.0,12.0,1.0,12.0,19.0,2.0,4.0,18.0,37.0,1.0,13.0,16.0,1.0,2.0,0.51,0.14,0.61,0.0,0.0,0.0,35.77,19.0,19.54,6.0,0.21,0.4,0.4,1.06,1.11,1.09
84764738476891,2025,Grzelcyk-Murphy,CHI,pairing,5on5,37,11250.0,206.0,0.44,0.45,0.47,82.91,6.43,5.36,21.16,2.71,44.57,32.78,6.14,6.63,6.33,75.0,38.0,32.0,145.0,5.0,8.0,0.0,11.0,0.0,44.0,45.0,70.0,108.0,14.0,34.0,64.0,79.0,18.0,60.0,91.0,17.0,5.0,2.8,2.25,1.38,3.0,2.0,0.0,145.59,113.0,114.0,36.0,1.11,1.68,1.68,5.87,6.0,5.92,91.93,8.08,6.11,24.02,3.18,48.51,35.09,7.86,8.13,7.91,90.0,35.0,53.0,178.0,10.0,14.0,4.0,23.0,0.0,38.0,40.0,80.0,115.0,14.0,34.0,90.0,73.0,14.0,38.0,91.0,25.0,9.0,2.58,3.0,2.49,4.0,4.0,2.0,178.75,125.0,125.44,18.0,1.28,2.64,2.64,6.73,6.79,6.72
84764578476467,2025,Oleksiak-Larsson,SEA,pairing,5on5,26,1401.0,208.0,0.35,0.34,0.26,4.67,0.6,0.34,1.0,0.16,2.09,1.8,0.53,0.56,0.5,6.0,0.0,6.0,12.0,0.0,1.0,0.0,3.0,0.0,1.0,1.0,6.0,6.0,0.0,0.0,2.0,11.0,3.0,5.0,4.0,1.0,1.0,0.14,0.16,0.31,0.0,0.0,0.0,11.82,6.0,5.78,1.0,0.07,0.31,0.31,0.37,0.35,0.32,12.42,1.14,0.84,2.7,0.38,6.82,5.12,1.13,1.12,1.11,13.0,4.0,6.0,23.0,2.0,1.0,0.0,5.0,0.0,3.0,6.0,11.0,15.0,2.0,4.0,4.0,9.0,0.0,8.0,11.0,6.0,0.0,0.41,0.73,0.0,1.0,1.0,0.0,22.98,17.0,16.88,6.0,0.17,0.15,0.15,1.17,1.15,1.15
84770188480727,2025,Hutton-Whitecloud,VGK,pairing,5on5,24,8589.0,123.0,0.47,0.53,0.51,76.57,5.81,5.11,19.54,2.62,40.82,30.1,5.66,5.89,5.74,69.0,35.0,51.0,155.0,9.0,7.0,2.0,23.0,0.0,33.0,32.0,60.0,95.0,11.0,23.0,72.0,58.0,7.0,40.0,80.0,20.0,4.0,2.17,2.45,1.2,4.0,5.0,0.0,155.56,104.0,104.38,19.0,1.06,1.23,1.23,5.64,5.7,5.62,73.27,6.56,4.72,18.69,2.42,38.09,27.52,6.31,6.58,6.33,67.0,31.0,37.0,135.0,8.0,9.0,5.0,21.0,0.0,27.0,33.0,59.0,90.0,11.0,25.0,46.0,79.0,11.0,38.0,73.0,19.0,6.0,2.21,2.54,1.81,1.0,4.0,3.0,136.13,98.0,98.69,19.0,0.99,2.02,2.02,5.53,5.51,5.38
847688284816248483493,2025,Teravainen-Nazar-Mikheyev,CHI,line,5on5,10,1707.0,116.0,0.17,0.28,0.24,7.75,0.52,0.49,2.06,0.25,4.52,3.16,0.52,0.54,0.54,5.0,6.0,8.0,19.0,0.0,0.0,0.0,0.0,1.0,5.0,5.0,5.0,11.0,1.0,2.0,13.0,10.0,1.0,8.0,9.0,2.0,0.0,0.27,0.25,0.0,0.0,0.0,0.0,18.58,11.0,11.21,7.0,0.1,0.0,0.0,0.62,0.65,0.64,25.77,2.55,1.63,6.38,0.85,13.87,9.72,2.38,2.53,2.36,25.0,10.0,15.0,50.0,1.0,5.0,0.0,5.0,0.0,18.0,6.0,24.0,34.0,1.0,2.0,15.0,18.0,2.0,6.0,25.0,7.0,3.0,0.76,0.83,0.96,0.0,1.0,0.0,49.4,35.0,34.28,3.0,0.34,1.29,1.29,1.6,1.57,1.54
84808748482142,2025,Drysdale-Ginning,PHI,pairing,5on5,4,1317.0,22.0,0.54,0.51,0.43,10.57,0.91,0.75,2.6,0.34,5.89,4.5,0.91,0.92,0.91,8.0,7.0,7.0,22.0,0.0,1.0,0.0,2.0,0.0,5.0,7.0,8.0,15.0,2.0,4.0,12.0,6.0,2.0,11.0,13.0,1.0,1.0,0.42,0.19,0.3,0.0,0.0,0.0,21.89,15.0,14.8,5.0,0.15,0.3,0.3,0.76,0.76,0.76,14.35,0.77,0.83,3.59,0.46,8.19,6.16,0.76,0.77,0.76,14.0,6.0,1.0,21.0,0.0,0.0,0.0,5.0,0.0,6.0,9.0,14.0,20.0,2.0,4.0,7.0,9.0,2.0,7.0,18.0,2.0,0.0,0.58,0.19,0.0,0.0,0.0,0.0,21.04,20.0,20.12,4.0,0.17,0.0,0.0,0.93,0.93,0.92
847514984757658482079,2025,Johansson-Rossi-Tarasenko,MIN,line,5on5,6,1244.0,43.0,0.71,0.56,0.52,12.26,1.56,0.82,2.93,0.41,6.69,4.61,1.44,1.55,1.44,11.0,6.0,12.0,29.0,2.0,1.0,1.0,2.0,0.0,8.0,4.0,9.0,15.0,0.0,0.0,13.0,4.0,5.0,7.0,11.0,4.0,2.0,0.41,0.49,0.65,1.0,0.0,1.0,28.85,17.0,17.04,4.0,0.18,0.23,0.23,1.51,1.51,1.45,11.46,0.62,0.79,2.67,0.34,6.8,4.77,0.61,0.6,0.59,10.0,6.0,7.0,23.0,0.0,0.0,0.0,2.0,0.0,7.0,7.0,10.0,16.0,0.0,0.0,9.0,5.0,0.0,4.0,13.0,3.0,0.0,0.29,0.33,0.0,0.0,0.0,0.0,22.37,16.0,15.46,2.0,0.16,0.0,0.0,0.79,0.75,0.74
84775418479026,2025,Mermis-Myers,TOR,pairing,5on5,3,1344.0,14.0,0.47,0.33,0.32,8.01,0.94,0.55,2.13,0.25,4.12,3.02,0.93,0.92,0.92,4.0,7.0,5.0,16.0,0.0,1.0,0.0,0.0,1.0,3.0,6.0,4.0,11.0,1.0,2.0,10.0,9.0,2.0,7.0,9.0,0.0,2.0,0.27,0.0,0.67,0.0,0.0,0.0,16.63,11.0,11.36,4.0,0.12,0.39,0.39,0.66,0.67,0.67,16.79,1.06,1.07,4.25,0.51,9.36,6.75,1.06,1.02,1.01,14.0,9.0,9.0,32.0,3.0,1.0,0.0,1.0,0.0,10.0,8.0,11.0,20.0,0.0,0.0,7.0,4.0,2.0,2.0,19.0,4.0,0.0,0.56,0.5,0.0,1.0,2.0,0.0,29.88,23.0,21.94,2.0,0.22,0.13,0.13,1.16,1.12,1.12
847795184793438483431,2025,Cooley-Schmaltz-Keller,UTA,line,5on5,12,5186.0,48.0,0.6,0.59,0.59,48.41,5.37,3.4,10.86,1.63,25.4,18.34,5.19,5.3,5.13,43.0,22.0,22.0,87.0,4.0,6.0,1.0,8.0,0.0,26.0,21.0,39.0,61.0,3.0,6.0,34.0,7.0,10.0,23.0,45.0,17.0,3.0,1.76,2.29,1.32,1.0,2.0,1.0,84.69,65.0,63.46,9.0,0.71,1.67,1.67,4.4,4.34,4.3,33.71,3.52,2.14,8.77,1.25,16.6,12.73,3.45,3.57,3.5,27.0,18.0,15.0,60.0,4.0,7.0,0.0,6.0,0.0,11.0,17.0,23.0,41.0,5.0,10.0,43.0,25.0,10.0,24.0,27.0,15.0,3.0,0.74,1.91,0.87,2.0,2.0,0.0,62.11,45.0,46.56,11.0,0.45,1.01,1.01,2.95,2.99,2.97
84769028480036,2025,Heiskanen-Lindell,DAL,pairing,5on5,41,32911.0,58.0,0.58,0.5,0.51,256.13,24.98,17.6,64.96,8.55,132.93,96.98,23.7,25.53,24.21,229.0,117.0,125.0,471.0,29.0,35.0,4.0,46.0,0.0,127.0,109.0,200.0,317.0,34.0,73.0,330.0,141.0,48.0,155.0,249.0,66.0,31.0,8.44,8.14,8.39,13.0,9.0,7.0,481.12,346.0,353.14,86.0,3.7,7.04,7.04,21.64,21.99,21.55,237.55,18.02,15.31,61.62,7.99,129.69,94.37,17.55,17.8,17.33,206.0,121.0,139.0,466.0,18.0,22.0,2.0,43.0,0.0,107.0,137.0,188.0,309.0,37.0,79.0,278.0,214.0,47.0,155.0,260.0,54.0,13.0,7.94,6.25,3.82,11.0,6.0,1.0,459.11,327.0,322.46,58.0,3.18,3.42,3.42,17.78,17.55,17.34
84781788482655,2025,Moser-Raddysh,TBL,pairing,5on5,30,21620.0,70.0,0.63,0.61,0.59,223.91,19.98,15.29,57.77,7.94,118.64,86.39,18.65,20.24,18.89,191.0,115.0,109.0,415.0,20.0,39.0,4.0,41.0,1.0,114.0,91.0,171.0,286.0,22.0,50.0,192.0,130.0,33.0,76.0,229.0,55.0,22.0,7.38,6.45,6.15,13.0,3.0,4.0,421.81,306.0,308.98,25.0,3.21,7.56,7.56,15.63,15.85,15.39,153.12,11.76,9.9,39.59,5.33,83.19,60.21,11.29,11.58,11.12,137.0,73.0,58.0,268.0,4.0,18.0,2.0,31.0,0.0,71.0,86.0,133.0,206.0,25.0,56.0,170.0,150.0,26.0,109.0,162.0,40.0,8.0,4.67,4.84,2.25,2.0,0.0,2.0,263.12,210.0,207.55,60.0,2.05,2.65,2.65,11.16,11.01,10.76
84753248482105,2025,Sanderson-Jensen,OTT,pairing,5on5,36,2341.0,266.0,0.45,0.41,0.47,21.88,2.04,1.45,4.84,0.67,11.45,8.55,1.98,2.08,2.02,21.0,8.0,6.0,35.0,4.0,2.0,1.0,5.0,0.0,9.0,9.0,17.0,25.0,0.0,0.0,6.0,11.0,3.0,9.0,19.0,8.0,2.0,0.58,0.87,0.59,2.0,0.0,2.0,35.18,29.0,28.99,3.0,0.3,0.46,0.46,1.88,1.9,1.88,24.51,2.54,1.51,5.75,0.77,12.56,9.86,2.38,2.53,2.38,24.0,9.0,17.0,50.0,7.0,4.0,2.0,5.0,0.0,9.0,8.0,17.0,26.0,2.0,4.0,5.0,11.0,3.0,8.0,24.0,7.0,2.0,0.66,1.02,0.86,1.0,4.0,2.0,49.19,33.0,32.92,5.0,0.31,1.19,1.19,1.66,1.65,1.63
84752798480879,2025,Chiarot-Bernard-Docker,DET,pairing,5on5,25,2608.0,164.0,0.35,0.27,0.31,13.25,1.28,0.92,2.72,0.44,7.03,5.61,1.28,1.37,1.37,10.0,8.0,3.0,21.0,0.0,1.0,0.0,2.0,0.0,5.0,10.0,10.0,18.0,2.0,4.0,14.0,14.0,2.0,17.0,13.0,3.0,2.0,0.54,0.3,0.45,0.0,0.0,0.0,21.88,18.0,18.86,11.0,0.19,0.01,0.01,1.46,1.56,1.56,28.41,2.38,2.0,7.04,1.03,16.78,11.77,2.31,2.31,2.24,25.0,16.0,16.0,57.0,1.0,3.0,0.0,5.0,0.0,17.0,15.0,24.0,40.0,3.0,6.0,15.0,19.0,3.0,9.0,32.0,8.0,1.0,1.1,0.98,0.29,1.0,0.0,0.0,54.4,41.0,39.16,4.0,0.42,0.53,0.53,2.26,2.2,2.16
84780388479398,2025,Toews-Girard,COL,pairing,5on5,14,679.0,117.0,0.62,0.53,0.58,5.24,0.34,0.22,1.17,0.15,2.52,2.59,0.34,0.35,0.35,6.0,1.0,2.0,9.0,1.0,0.0,0.0,1.0,0.0,2.0,3.0,5.0,6.0,1.0,2.0,0.0,6.0,1.0,8.0,5.0,2.0,0.0,0.17,0.17,0.0,0.0,1.0,0.0,9.38,7.0,7.37,6.0,0.05,0.0,0.0,0.39,0.4,0.4,3.75,0.21,0.23,1.08,0.13,1.94,1.41,0.21,0.21,0.21,4.0,1.0,3.0,8.0,1.0,0.0,0.0,1.0,0.0,2.0,1.0,3.0,4.0,0.0,0.0,1.0,5.0,2.0,1.0,4.0,1.0,0.0,0.11,0.1,0.0,0.0,1.0,0.0,7.74,5.0,4.84,0.0,0.05,0.0,0.0,0.26,0.26,0.26
847519184764388479353,2025,Saad-Howden-Smith,VGK,line,5on5,10,3810.0,55.0,0.42,0.47,0.51,33.84,2.26,2.08,8.7,1.14,17.8,14.01,2.2,2.35,2.28,30.0,16.0,16.0,62.0,3.0,0.0,0.0,12.0,0.0,19.0,12.0,27.0,43.0,3.0,6.0,42.0,24.0,6.0,24.0,36.0,10.0,0.0,0.97,1.29,0.0,1.0,2.0,0.0,64.91,46.0,48.08,15.0,0.44,0.0,0.0,2.7,2.81,2.73,31.15,3.09,2.23,8.48,1.18,18.02,12.0,3.0,3.05,2.96,26.0,19.0,26.0,71.0,1.0,10.0,0.0,7.0,0.0,15.0,12.0,25.0,44.0,2.0,4.0,35.0,34.0,5.0,14.0,35.0,5.0,5.0,0.92,0.61,1.56,1.0,0.0,0.0,68.58,45.0,44.06,5.0,0.47,1.7,1.7,1.86,1.81,1.76
847841384815228482896,2025,Greenway-Kozak-Krebs,BUF,line,5on5,3,1361.0,12.0,0.5,0.3,0.39,9.05,1.13,0.65,1.97,0.29,4.74,3.22,1.08,1.06,1.01,8.0,4.0,2.0,14.0,1.0,1.0,0.0,2.0,0.0,5.0,3.0,7.0,11.0,2.0,7.0,11.0,12.0,1.0,9.0,7.0,4.0,1.0,0.3,0.5,0.33,1.0,0.0,0.0,13.34,12.0,11.48,3.0,0.14,0.33,0.33,0.94,0.88,0.85,14.02,1.13,0.97,3.93,0.44,7.53,5.0,1.11,1.16,1.14,15.0,4.0,13.0,32.0,1.0,1.0,0.0,2.0,0.0,9.0,6.0,14.0,18.0,3.0,9.0,18.0,7.0,3.0,7.0,14.0,3.0,2.0,0.42,0.29,0.42,0.0,1.0,0.0,33.09,19.0,19.59,4.0,0.21,0.22,0.22,1.12,1.15,1.13
84768858482803,2025,Zellweger-Trouba,ANA,pairing,5on5,40,22086.0,132.0,0.51,0.53,0.51,213.39,16.82,14.05,54.62,7.34,114.05,83.12,15.94,16.98,16.1,182.0,108.0,122.0,412.0,23.0,29.0,4.0,42.0,0.0,106.0,90.0,159.0,267.0,20.0,57.0,172.0,152.0,32.0,110.0,224.0,53.0,13.0,6.17,7.12,3.53,9.0,11.0,3.0,413.15,290.0,289.78,49.0,2.93,5.22,5.03,14.73,14.83,14.5,203.21,15.96,13.24,51.49,6.73,107.61,78.98,15.34,16.21,15.58,190.0,84.0,96.0,370.0,19.0,17.0,2.0,45.0,0.0,98.0,95.0,171.0,255.0,26.0,67.0,176.0,158.0,25.0,125.0,205.0,58.0,11.0,6.28,6.82,2.87,7.0,11.0,1.0,371.37,274.0,277.16,62.0,2.77,2.95,2.95,15.78,15.99,15.7
84768548481219,2025,Lindholm-Aspirot,BOS,pairing,5on5,15,2982.0,128.0,0.63,0.61,0.58,23.58,2.57,1.56,6.45,0.8,11.26,8.35,2.45,2.75,2.62,19.0,12.0,15.0,46.0,2.0,6.0,1.0,3.0,0.0,8.0,12.0,17.0,29.0,7.0,17.0,21.0,22.0,6.0,13.0,21.0,6.0,4.0,0.53,0.9,1.15,1.0,0.0,1.0,48.6,31.0,32.5,7.0,0.33,1.14,1.14,1.76,1.86,1.83,16.2,1.51,1.23,3.63,0.52,8.93,6.17,1.48,1.41,1.38,15.0,7.0,8.0,30.0,0.0,2.0,0.0,4.0,0.0,9.0,7.0,15.0,22.0,3.0,9.0,15.0,26.0,7.0,16.0,15.0,7.0,0.0,0.58,0.93,0.0,0.0,0.0,0.0,28.71,22.0,20.99,6.0,0.26,0.26,0.26,1.51,1.42,1.4
84820948483460,2025,Hunt-Jiricek,MIN,pairing,5on5,4,1634.0,21.0,0.48,0.48,0.47,15.7,1.09,1.08,4.13,0.48,8.43,5.78,1.03,1.1,1.04,12.0,9.0,10.0,31.0,1.0,3.0,0.0,2.0,0.0,9.0,6.0,11.0,20.0,1.0,2.0,13.0,8.0,3.0,3.0,18.0,1.0,2.0,0.52,0.13,0.45,1.0,0.0,0.0,32.35,21.0,21.63,2.0,0.23,0.5,0.5,0.82,0.83,0.82,16.63,1.21,1.22,4.31,0.57,9.75,6.94,1.18,1.21,1.18,17.0,7.0,9.0,33.0,0.0,2.0,0.0,5.0,0.0,12.0,5.0,17.0,24.0,4.0,8.0,15.0,14.0,2.0,6.0,20.0,3.0,1.0,0.62,0.35,0.24,0.0,0.0,0.0,32.32,24.0,23.56,3.0,0.25,0.38,0.38,1.08,1.09,1.08
84801968480807,2025,Samuelsson-Bryson,BUF,pairing,5on5,12,1281.0,112.0,0.79,0.67,0.64,7.17,0.69,0.49,1.78,0.24,3.4,2.39,0.68,0.68,0.67,6.0,3.0,7.0,16.0,2.0,1.0,0.0,1.0,0.0,3.0,2.0,4.0,7.0,2.0,4.0,17.0,12.0,5.0,10.0,6.0,3.0,0.0,0.21,0.48,0.0,2.0,0.0,0.0,15.41,9.0,8.77,7.0,0.1,0.11,0.11,0.68,0.66,0.66,3.62,0.18,0.21,0.93,0.11,2.01,1.56,0.18,0.18,0.18,4.0,1.0,3.0,8.0,0.0,0.0,0.0,2.0,0.0,1.0,2.0,4.0,5.0,3.0,6.0,6.0,10.0,2.0,3.0,4.0,1.0,0.0,0.1,0.09,0.0,0.0,0.0,0.0,8.32,5.0,5.0,1.0,0.04,0.0,0.0,0.23,0.22,0.22
84815688484783,2025,Levshunov-Vlasic,CHI,pairing,5on5,36,5973.0,270.0,0.39,0.43,0.41,42.07,3.19,2.87,10.38,1.31,23.15,17.09,3.11,3.26,3.18,40.0,18.0,24.0,82.0,3.0,4.0,0.0,12.0,0.0,18.0,21.0,37.0,55.0,3.0,6.0,28.0,24.0,10.0,24.0,47.0,10.0,1.0,1.73,1.23,0.24,1.0,2.0,0.0,83.51,58.0,59.32,8.0,0.6,0.51,0.51,3.28,3.35,3.29,59.94,5.0,3.88,14.39,1.98,32.52,24.23,4.88,4.93,4.82,57.0,25.0,26.0,108.0,3.0,5.0,0.0,14.0,0.0,31.0,29.0,54.0,79.0,4.0,8.0,37.0,45.0,9.0,31.0,66.0,12.0,4.0,2.12,1.61,1.27,3.0,0.0,0.0,108.55,82.0,82.46,15.0,0.8,1.22,1.22,4.58,4.55,4.5
84779388479378,2025,Stanley-Fleury,WPG,pairing,5on5,10,862.0,83.0,0.32,0.47,0.39,7.77,0.48,0.43,2.05,0.26,4.46,3.33,0.47,0.47,0.47,6.0,5.0,6.0,17.0,0.0,2.0,0.0,2.0,0.0,2.0,5.0,6.0,11.0,3.0,9.0,3.0,7.0,0.0,1.0,9.0,2.0,0.0,0.17,0.31,0.0,0.0,0.0,0.0,16.68,11.0,10.85,1.0,0.08,0.31,0.31,0.25,0.25,0.25,12.7,1.0,0.71,2.81,0.4,6.77,5.32,0.99,1.0,1.0,13.0,4.0,2.0,19.0,2.0,1.0,0.0,2.0,0.0,7.0,5.0,11.0,15.0,1.0,5.0,2.0,6.0,0.0,2.0,14.0,1.0,2.0,0.39,0.14,0.47,1.0,1.0,0.0,19.44,17.0,17.29,1.0,0.14,0.27,0.27,0.87,0.88,0.88
84765258477938,2025,Fleury-Miller,WPG,pairing,5on5,3,1334.0,16.0,0.34,0.36,0.38,9.81,1.12,0.81,1.9,0.33,5.53,4.31,1.08,1.14,1.1,7.0,7.0,3.0,17.0,1.0,2.0,0.0,0.0,0.0,7.0,4.0,6.0,13.0,0.0,0.0,3.0,14.0,1.0,3.0,9.0,3.0,2.0,0.35,0.26,0.51,1.0,0.0,0.0,17.41,14.0,14.04,1.0,0.17,0.51,0.51,0.77,0.79,0.76,16.97,2.21,1.39,4.33,0.64,8.59,5.85,1.87,2.18,1.84,11.0,12.0,7.0,30.0,0.0,3.0,0.0,2.0,0.0,9.0,9.0,11.0,23.0,2.0,4.0,11.0,7.0,1.0,3.0,13.0,7.0,3.0,0.42,0.97,0.81,0.0,0.0,0.0,28.75,23.0,22.64,1.0,0.3,0.55,0.55,1.95,1.92,1.64
84794258484798,2025,Buium-Hronek,VAN,pairing,5on5,10,3053.0,51.0,0.55,0.61,0.61,27.98,2.56,2.02,6.95,1.04,15.78,11.65,2.4,2.46,2.31,20.0,20.0,17.0,57.0,2.0,5.0,1.0,5.0,0.0,14.0,14.0,18.0,38.0,3.0,6.0,23.0,18.0,3.0,14.0,29.0,10.0,1.0,0.81,1.49,0.26,1.0,1.0,0.0,54.52,40.0,38.02,2.0,0.42,0.96,0.96,2.03,1.96,1.84,19.95,2.12,1.51,4.45,0.62,10.25,7.05,2.02,2.2,2.11,19.0,7.0,11.0,37.0,2.0,2.0,1.0,3.0,0.0,9.0,10.0,17.0,24.0,5.0,10.0,27.0,13.0,3.0,14.0,16.0,8.0,2.0,0.63,1.01,0.48,0.0,1.0,1.0,39.19,26.0,27.49,4.0,0.32,0.35,0.35,2.08,2.18,2.15
84768918482176,2025,Grzelcyk-Kaiser,CHI,pairing,5on5,10,1307.0,83.0,0.73,0.66,0.62,9.53,0.92,0.55,2.36,0.29,5.25,3.63,0.91,0.99,0.98,10.0,3.0,6.0,19.0,1.0,1.0,0.0,2.0,0.0,5.0,4.0,9.0,12.0,0.0,0.0,10.0,4.0,3.0,4.0,12.0,0.0,1.0,0.35,0.0,0.57,1.0,0.0,0.0,20.23,13.0,13.56,2.0,0.11,0.57,0.57,0.46,0.47,0.47,5.66,0.34,0.38,1.4,0.18,3.21,2.49,0.33,0.33,0.33,4.0,4.0,2.0,10.0,0.0,1.0,0.0,0.0,0.0,2.0,5.0,4.0,8.0,0.0,0.0,5.0,10.0,1.0,4.0,7.0,1.0,0.0,0.2,0.14,0.0,0.0,0.0,0.0,10.04,8.0,7.97,1.0,0.08,0.03,0.03,0.38,0.38,0.37
847805784784628481711,2025,Maccelli-Roy-Joshua,TOR,line,5on5,10,3555.0,77.0,0.45,0.45,0.44,22.14,1.56,1.45,5.53,0.77,13.17,9.53,1.55,1.56,1.55,16.0,16.0,13.0,45.0,2.0,1.0,0.0,1.0,0.0,14.0,14.0,14.0,30.0,2.0,4.0,33.0,22.0,3.0,19.0,24.0,8.0,0.0,0.71,0.85,0.0,2.0,0.0,0.0,45.26,32.0,32.1,9.0,0.3,0.01,0.01,1.85,1.84,1.83,29.56,1.89,1.89,8.02,0.98,15.55,11.67,1.85,1.91,1.86,24.0,16.0,15.0,55.0,2.0,2.0,0.0,6.0,0.0,16.0,14.0,22.0,38.0,4.0,8.0,26.0,24.0,2.0,16.0,33.0,7.0,0.0,1.06,0.83,0.0,0.0,2.0,0.0,54.6,40.0,39.88,7.0,0.4,0.23,0.23,2.06,2.08,2.04
84751818482166,2025,Mukhamadullin-Leddy,SJS,pairing,5on5,4,877.0,27.0,0.34,0.39,0.4,5.86,0.27,0.3,1.7,0.22,3.2,2.31,0.27,0.28,0.28,6.0,2.0,3.0,11.0,0.0,0.0,0.0,1.0,0.0,3.0,4.0,6.0,8.0,0.0,0.0,4.0,7.0,3.0,6.0,7.0,1.0,0.0,0.17,0.1,0.0,0.0,0.0,0.0,11.31,8.0,8.11,2.0,0.06,0.0,0.0,0.34,0.34,0.34,8.34,0.54,0.58,1.92,0.26,5.21,3.49,0.53,0.53,0.52,8.0,4.0,5.0,17.0,1.0,1.0,0.0,2.0,0.0,5.0,3.0,7.0,11.0,0.0,0.0,12.0,1.0,0.0,2.0,11.0,1.0,0.0,0.42,0.12,0.0,1.0,0.0,0.0,17.35,12.0,12.01,0.0,0.12,0.12,0.12,0.54,0.53,0.53
847627884768898479351,2025,Steel-Blackwell-Faksa,DAL,line,5on5,14,2806.0,118.0,0.38,0.46,0.47,16.13,1.08,1.02,4.48,0.62,9.69,7.11,1.07,1.11,1.09,12.0,12.0,12.0,36.0,0.0,1.0,0.0,0.0,0.0,15.0,8.0,12.0,24.0,5.0,10.0,31.0,15.0,8.0,9.0,21.0,2.0,1.0,0.6,0.18,0.3,0.0,0.0,0.0,37.08,24.0,24.48,5.0,0.21,0.3,0.3,0.99,1.0,1.0,20.59,1.8,1.4,5.05,0.66,10.45,7.64,1.74,1.77,1.71,17.0,10.0,16.0,43.0,1.0,2.0,0.0,3.0,0.0,11.0,10.0,16.0,26.0,4.0,8.0,20.0,25.0,2.0,17.0,19.0,7.0,1.0,0.71,0.89,0.2,0.0,1.0,0.0,42.01,27.0,26.47,8.0,0.29,0.33,0.33,1.76,1.73,1.69
84741518480426,2025,D'Astous-Mcdonagh,TBL,pairing,5on5,5,2638.0,26.0,0.79,0.63,0.68,28.28,3.22,2.07,7.05,0.94,14.25,10.47,3.08,3.04,2.91,20.0,18.0,14.0,52.0,2.0,5.0,0.0,4.0,0.0,16.0,11.0,18.0,36.0,2.0,4.0,14.0,13.0,1.0,12.0,25.0,10.0,3.0,0.64,1.48,1.1,0.0,2.0,0.0,50.1,38.0,36.61,5.0,0.44,1.43,1.43,2.23,2.12,2.09,12.77,0.87,0.69,3.55,0.45,7.03,5.41,0.86,0.91,0.9,11.0,7.0,12.0,30.0,3.0,1.0,0.0,4.0,0.0,5.0,5.0,8.0,15.0,4.0,8.0,24.0,25.0,5.0,19.0,16.0,1.0,1.0,0.49,0.12,0.26,2.0,0.0,1.0,29.82,18.0,18.09,11.0,0.14,0.12,0.12,0.89,0.93,0.93
848002784821458482740,2025,Robertson-Johnston-Bourque,DAL,line,5on5,19,4762.0,129.0,0.56,0.49,0.52,52.92,4.89,3.42,13.07,1.71,27.09,19.82,4.72,4.79,4.63,52.0,18.0,15.0,85.0,0.0,4.0,0.0,14.0,0.0,26.0,26.0,52.0,70.0,5.0,10.0,41.0,23.0,7.0,20.0,49.0,17.0,4.0,1.53,2.06,1.3,0.0,0.0,0.0,82.52,70.0,67.84,13.0,0.71,1.07,1.07,4.53,4.44,4.36,47.52,3.86,3.09,13.17,1.76,23.92,18.21,3.78,3.94,3.86,39.0,25.0,25.0,89.0,5.0,6.0,1.0,8.0,0.0,23.0,22.0,34.0,59.0,4.0,8.0,39.0,45.0,4.0,20.0,48.0,13.0,3.0,1.69,1.47,0.7,1.0,3.0,1.0,91.32,64.0,65.75,8.0,0.65,0.95,0.95,3.56,3.65,3.63
84808348481056,2025,Stastney-Emberson,EDM,pairing,5on5,11,5681.0,41.0,0.51,0.49,0.5,39.44,3.35,2.75,9.98,1.32,20.18,15.43,3.2,3.46,3.3,33.0,20.0,24.0,77.0,1.0,6.0,1.0,9.0,0.0,16.0,21.0,32.0,52.0,3.0,8.0,51.0,40.0,6.0,28.0,38.0,13.0,2.0,1.1,1.81,0.44,0.0,1.0,0.0,80.99,53.0,55.5,10.0,0.57,0.9,0.9,3.02,3.1,3.01,39.31,3.19,2.73,10.66,1.31,20.94,15.17,3.02,3.05,2.89,38.0,16.0,25.0,79.0,2.0,3.0,0.0,10.0,0.0,20.0,19.0,36.0,52.0,6.0,12.0,50.0,61.0,3.0,28.0,40.0,10.0,4.0,1.04,1.16,0.99,1.0,1.0,0.0,76.83,54.0,53.16,13.0,0.57,0.57,0.57,3.2,3.1,3.02
847579184784278480830,2025,Hall-Aho-Svechnikov,CAR,line,5on5,3,974.0,16.0,0.67,0.65,0.68,12.25,1.03,0.73,3.38,0.45,6.27,5.13,1.02,1.0,1.0,9.0,8.0,5.0,22.0,1.0,1.0,0.0,0.0,0.0,7.0,8.0,8.0,16.0,0.0,0.0,8.0,4.0,2.0,3.0,14.0,1.0,2.0,0.43,0.08,0.52,0.0,1.0,0.0,22.13,17.0,17.04,0.0,0.15,0.32,0.32,0.87,0.86,0.86,5.93,0.51,0.41,1.42,0.16,3.27,2.23,0.49,0.53,0.51,7.0,1.0,4.0,12.0,0.0,1.0,0.0,3.0,0.0,1.0,3.0,7.0,8.0,0.0,0.0,11.0,6.0,4.0,3.0,6.0,1.0,1.0,0.2,0.1,0.22,0.0,0.0,0.0,11.9,8.0,8.1,2.0,0.08,0.22,0.22,0.38,0.37,0.36
847515184753148478445,2025,Lee-Barzal-Palmieri,NYI,line,5on5,7,1398.0,71.0,0.68,0.65,0.7,17.39,1.55,1.23,4.43,0.53,8.79,6.46,1.5,1.56,1.51,17.0,6.0,8.0,31.0,2.0,2.0,0.0,0.0,0.0,9.0,10.0,15.0,21.0,1.0,2.0,11.0,7.0,1.0,7.0,18.0,3.0,2.0,0.53,0.41,0.62,1.0,1.0,0.0,29.57,23.0,22.18,5.0,0.26,0.53,0.53,1.29,1.31,1.3,8.0,0.74,0.46,2.02,0.22,3.58,2.99,0.74,0.81,0.81,8.0,2.0,7.0,17.0,1.0,0.0,0.0,2.0,0.0,2.0,5.0,7.0,9.0,2.0,4.0,11.0,7.0,4.0,9.0,6.0,3.0,1.0,0.11,0.4,0.24,0.0,1.0,0.0,17.83,10.0,10.55,3.0,0.1,0.0,0.0,0.84,0.91,0.91
84815988482516,2025,Broberg-Kessel,STL,pairing,5on5,15,887.0,108.0,0.31,0.36,0.37,5.61,0.38,0.3,1.39,0.16,2.53,2.23,0.38,0.41,0.41,7.0,0.0,2.0,9.0,0.0,0.0,0.0,0.0,0.0,3.0,4.0,7.0,7.0,0.0,0.0,6.0,7.0,1.0,2.0,5.0,1.0,1.0,0.07,0.08,0.23,0.0,0.0,0.0,9.44,7.0,7.35,1.0,0.06,0.0,0.0,0.44,0.48,0.48,8.59,0.84,0.64,1.85,0.32,4.59,3.76,0.8,0.91,0.87,10.0,2.0,4.0,16.0,1.0,2.0,0.0,1.0,0.0,4.0,4.0,9.0,11.0,1.0,2.0,0.0,7.0,0.0,3.0,8.0,4.0,0.0,0.29,0.55,0.0,0.0,1.0,0.0,16.63,12.0,12.66,2.0,0.13,0.19,0.19,0.78,0.84,0.83
847516884784208482740,2025,Johnston-Duchene-Rantanen,DAL,line,5on5,11,3880.0,58.0,0.37,0.39,0.39,24.02,1.94,1.7,6.04,0.89,14.86,10.57,1.88,1.98,1.92,22.0,14.0,18.0,54.0,3.0,1.0,0.0,6.0,0.0,12.0,14.0,19.0,33.0,4.0,8.0,40.0,13.0,9.0,27.0,28.0,7.0,1.0,0.75,0.93,0.26,1.0,2.0,0.0,57.3,36.0,37.94,13.0,0.35,0.13,0.13,2.16,2.21,2.14,40.22,3.24,2.62,9.7,1.37,23.17,16.89,3.2,3.16,3.12,43.0,14.0,28.0,85.0,5.0,2.0,1.0,7.0,0.0,19.0,24.0,38.0,52.0,3.0,6.0,36.0,32.0,7.0,16.0,45.0,10.0,2.0,1.37,1.2,0.67,2.0,2.0,1.0,82.79,57.0,55.79,7.0,0.54,0.67,0.67,3.11,3.05,3.02
847849384788648481557,2025,Boldy-Eriksson Ek-Kaprizov,MIN,line,5on5,39,7341.0,281.0,0.49,0.51,0.52,64.81,5.33,4.38,15.5,2.11,35.26,26.42,5.16,5.46,5.28,59.0,30.0,31.0,120.0,8.0,7.0,1.0,12.0,0.0,34.0,28.0,51.0,81.0,2.0,4.0,60.0,20.0,3.0,32.0,71.0,11.0,7.0,2.07,1.31,1.95,3.0,2.0,3.0,122.31,89.0,90.02,16.0,0.92,1.36,1.36,4.88,4.99,4.94,61.22,5.46,4.19,14.88,2.12,32.09,24.27,5.22,5.35,5.13,48.0,35.0,34.0,117.0,4.0,4.0,0.0,6.0,0.0,32.0,37.0,44.0,79.0,5.0,10.0,84.0,34.0,10.0,27.0,60.0,18.0,5.0,1.7,2.48,1.27,0.0,4.0,0.0,114.84,83.0,81.84,12.0,0.88,0.73,0.73,5.6,5.5,5.35
84751678482655,2025,Moser-Hedman,TBL,pairing,5on5,14,9607.0,31.0,0.58,0.57,0.56,102.51,8.71,6.61,25.25,3.44,54.94,41.05,7.97,8.86,8.13,87.0,53.0,60.0,200.0,7.0,14.0,4.0,25.0,0.0,54.0,40.0,80.0,133.0,7.0,14.0,86.0,32.0,14.0,47.0,106.0,26.0,8.0,3.11,3.37,2.22,2.0,5.0,0.0,202.09,140.0,141.76,28.0,1.37,2.39,2.39,7.69,7.86,7.51,80.84,6.3,5.26,19.99,2.7,44.1,32.65,6.12,6.19,6.01,81.0,30.0,38.0,149.0,5.0,10.0,2.0,16.0,0.0,36.0,44.0,76.0,106.0,15.0,30.0,73.0,68.0,15.0,31.0,89.0,18.0,4.0,2.87,2.28,1.15,2.0,1.0,2.0,146.33,111.0,109.71,13.0,1.1,1.68,1.68,5.72,5.61,5.53
847415084763998484180,2025,Honzek-Backlund-Coleman,CGY,line,5on5,17,8922.0,41.0,0.58,0.57,0.58,83.8,6.34,5.6,21.61,2.97,45.68,33.81,6.23,6.3,6.2,81.0,35.0,39.0,155.0,8.0,6.0,0.0,17.0,0.0,46.0,39.0,73.0,108.0,16.0,38.0,107.0,68.0,10.0,47.0,91.0,19.0,6.0,2.3,2.33,1.71,4.0,2.0,2.0,155.51,116.0,115.91,20.0,1.16,1.2,1.2,6.3,6.33,6.27,62.24,4.67,3.88,17.53,2.13,31.2,23.6,4.57,4.61,4.51,59.0,24.0,35.0,118.0,8.0,5.0,0.0,13.0,0.0,26.0,31.0,51.0,75.0,14.0,36.0,91.0,59.0,16.0,46.0,59.0,21.0,3.0,1.27,2.57,0.83,1.0,5.0,2.0,116.26,83.0,81.78,23.0,0.82,0.73,0.78,4.72,4.67,4.61
847579984763928480113,2025,Iafallo-Lowry-Niederreiter,WPG,line,5on5,12,6140.0,39.0,0.43,0.44,0.44,38.81,3.96,2.89,9.29,1.43,21.6,15.84,3.85,4.13,4.03,37.0,18.0,25.0,80.0,4.0,4.0,1.0,12.0,0.0,18.0,17.0,33.0,51.0,3.0,9.0,53.0,50.0,11.0,30.0,41.0,8.0,6.0,1.11,1.06,1.79,1.0,1.0,2.0,83.06,55.0,57.27,18.0,0.61,1.19,1.19,3.37,3.53,3.51,50.88,5.23,3.68,14.18,1.9,26.81,19.2,4.95,5.03,4.77,42.0,29.0,32.0,103.0,6.0,12.0,1.0,6.0,1.0,25.0,21.0,36.0,65.0,4.0,9.0,50.0,30.0,6.0,35.0,51.0,13.0,7.0,1.54,1.64,2.05,5.0,1.0,0.0,100.17,71.0,69.04,13.0,0.77,2.42,2.42,3.58,3.46,3.35
84808008484240,2025,Hughes-Willander,VAN,pairing,5on5,17,3090.0,89.0,0.47,0.47,0.49,30.14,3.27,2.15,7.28,1.09,16.14,12.06,3.07,3.08,2.9,24.0,18.0,15.0,57.0,0.0,5.0,0.0,5.0,0.0,18.0,14.0,24.0,42.0,2.0,4.0,23.0,17.0,4.0,14.0,31.0,6.0,5.0,0.97,0.74,1.56,0.0,0.0,0.0,53.2,42.0,39.17,6.0,0.45,1.17,1.17,2.55,2.43,2.38,31.68,3.74,2.29,7.21,1.09,16.71,11.96,3.49,3.86,3.6,24.0,19.0,20.0,63.0,3.0,4.0,1.0,6.0,0.0,15.0,15.0,21.0,40.0,6.0,12.0,17.0,18.0,3.0,19.0,26.0,14.0,3.0,0.89,2.08,0.78,0.0,2.0,1.0,64.58,43.0,43.97,9.0,0.48,0.5,0.5,3.73,3.88,3.67
847637484821778482634,2025,Khusnutdinov-Kuraly-Steeves,BOS,line,5on5,2,695.0,6.0,0.76,0.5,0.62,5.97,0.67,0.48,1.41,0.21,3.12,2.12,0.65,0.69,0.67,6.0,2.0,3.0,11.0,1.0,1.0,0.0,0.0,0.0,4.0,2.0,5.0,7.0,0.0,0.0,4.0,8.0,3.0,3.0,3.0,5.0,0.0,0.11,0.56,0.0,0.0,1.0,0.0,11.47,8.0,8.28,2.0,0.1,0.15,0.15,0.62,0.64,0.63,3.74,0.21,0.25,0.84,0.1,2.15,1.45,0.21,0.21,0.21,4.0,1.0,6.0,11.0,1.0,0.0,0.0,2.0,0.0,1.0,1.0,3.0,4.0,0.0,0.0,4.0,5.0,3.0,4.0,4.0,1.0,0.0,0.11,0.1,0.0,0.0,1.0,0.0,11.11,5.0,5.05,3.0,0.05,0.0,0.0,0.26,0.27,0.27
847627884768898479414,2025,Blackwell-Faksa-Bastian,DAL,line,5on5,9,2946.0,50.0,0.5,0.44,0.46,17.89,1.54,1.26,3.87,0.56,9.47,7.29,1.51,1.68,1.65,17.0,7.0,8.0,32.0,4.0,2.0,1.0,3.0,0.0,5.0,10.0,13.0,20.0,5.0,10.0,17.0,29.0,8.0,5.0,16.0,8.0,0.0,0.49,1.05,0.0,1.0,3.0,0.0,35.8,24.0,26.4,2.0,0.26,0.19,0.19,1.61,1.74,1.72,21.05,1.51,1.25,5.66,0.75,10.88,7.94,1.5,1.39,1.38,14.0,14.0,12.0,40.0,2.0,1.0,0.0,3.0,0.0,11.0,11.0,12.0,26.0,2.0,4.0,26.0,31.0,3.0,9.0,22.0,6.0,0.0,0.64,0.87,0.0,1.0,1.0,0.0,36.52,28.0,25.78,4.0,0.26,0.1,0.1,1.68,1.54,1.53
84757958477845,2025,Van Riemsdyk-Mcilrath,WSH,pairing,5on5,2,633.0,12.0,0.08,0.57,0.29,1.39,0.02,0.06,0.35,0.05,0.84,0.68,0.02,0.02,0.02,0.0,2.0,6.0,8.0,0.0,0.0,0.0,0.0,0.0,2.0,0.0,0.0,2.0,0.0,0.0,3.0,6.0,1.0,4.0,2.0,0.0,0.0,0.02,0.0,0.0,0.0,0.0,0.0,7.13,2.0,1.76,1.0,0.01,0.0,0.0,0.04,0.03,0.03,3.85,0.28,0.24,0.83,0.11,1.98,1.57,0.28,0.32,0.32,4.0,1.0,1.0,6.0,0.0,0.0,0.0,0.0,0.0,1.0,4.0,4.0,5.0,0.0,0.0,6.0,4.0,0.0,4.0,5.0,0.0,0.0,0.28,0.0,0.0,0.0,0.0,0.0,7.1,5.0,5.67,2.0,0.05,0.0,0.0,0.32,0.37,0.37
84757648482516,2025,Fowler-Kessel,STL,pairing,5on5,15,1937.0,96.0,0.29,0.59,0.45,12.68,1.03,0.93,3.34,0.41,6.78,4.5,1.02,1.04,1.03,9.0,8.0,16.0,33.0,2.0,1.0,1.0,1.0,0.0,8.0,5.0,7.0,15.0,2.0,4.0,16.0,15.0,2.0,9.0,13.0,4.0,0.0,0.43,0.6,0.0,0.0,2.0,0.0,33.09,17.0,17.15,6.0,0.2,0.14,0.14,1.09,1.11,1.1,15.98,2.49,1.24,3.96,0.66,7.4,5.26,2.22,2.42,2.16,14.0,7.0,2.0,23.0,1.0,6.0,0.0,4.0,0.0,4.0,6.0,13.0,20.0,0.0,0.0,8.0,10.0,2.0,14.0,10.0,7.0,4.0,0.21,1.02,1.26,0.0,1.0,0.0,22.44,21.0,20.44,5.0,0.27,1.29,1.29,1.47,1.42,1.4
847578484775058482667,2025,Skinner-Wennberg-Eklund,SJS,line,5on5,4,1920.0,16.0,0.45,0.52,0.51,14.84,0.76,1.02,3.69,0.46,8.65,6.42,0.74,0.78,0.76,16.0,5.0,11.0,32.0,0.0,0.0,0.0,4.0,0.0,9.0,8.0,16.0,21.0,2.0,4.0,16.0,6.0,1.0,12.0,20.0,1.0,0.0,0.59,0.17,0.0,0.0,0.0,0.0,32.41,21.0,20.97,5.0,0.2,0.0,0.0,0.96,0.99,0.96,14.98,0.91,0.91,3.58,0.43,8.17,5.99,0.91,0.87,0.87,12.0,8.0,10.0,30.0,2.0,0.0,0.0,1.0,0.0,5.0,12.0,10.0,18.0,4.0,8.0,9.0,8.0,1.0,12.0,18.0,2.0,0.0,0.69,0.22,0.0,2.0,0.0,0.0,29.06,20.0,19.39,7.0,0.19,0.0,0.0,1.1,1.05,1.05
847516984784448480012,2025,Kane-Pettersson-Boeser,VAN,line,5on5,16,2074.0,140.0,0.51,0.62,0.52,16.72,1.13,0.97,4.1,0.56,9.53,7.7,1.08,1.1,1.05,13.0,11.0,17.0,41.0,1.0,2.0,0.0,4.0,0.0,7.0,10.0,12.0,23.0,3.0,9.0,10.0,10.0,5.0,5.0,22.0,1.0,1.0,0.5,0.18,0.46,1.0,0.0,0.0,40.05,24.0,23.41,2.0,0.2,0.47,0.47,0.86,0.87,0.85,16.29,1.09,0.98,3.81,0.48,9.0,6.64,1.08,1.08,1.07,15.0,7.0,3.0,25.0,2.0,0.0,0.0,2.0,0.0,7.0,11.0,13.0,20.0,4.0,11.0,23.0,11.0,1.0,8.0,17.0,5.0,0.0,0.48,0.61,0.0,1.0,1.0,0.0,25.0,22.0,22.08,5.0,0.2,0.0,0.0,1.29,1.28,1.27
84735078484304,2025,Balinskis-Petry,FLA,pairing,5on5,29,18029.0,83.0,0.49,0.51,0.49,137.6,10.4,8.95,35.77,4.71,74.76,53.41,10.19,10.42,10.2,123.0,65.0,94.0,282.0,13.0,12.0,1.0,30.0,0.0,55.0,78.0,110.0,175.0,32.0,70.0,137.0,202.0,18.0,85.0,148.0,33.0,7.0,4.46,4.19,1.75,8.0,5.0,0.0,281.13,188.0,187.96,39.0,1.86,1.59,1.62,10.64,10.59,10.47,139.98,11.01,8.77,36.43,4.93,76.1,56.76,10.58,10.97,10.55,110.0,84.0,77.0,271.0,12.0,13.0,1.0,25.0,0.0,83.0,61.0,98.0,182.0,32.0,70.0,184.0,142.0,27.0,73.0,159.0,24.0,11.0,4.71,3.12,3.17,6.0,5.0,1.0,268.77,194.0,193.4,33.0,1.83,3.03,3.03,9.81,9.73,9.51
847647984779988479675,2025,Foegele-Danault-Moore,LAK,line,5on5,19,9408.0,69.0,0.57,0.56,0.56,85.4,6.52,5.39,23.58,2.81,43.07,32.63,6.34,6.56,6.4,74.0,40.0,61.0,175.0,5.0,7.0,1.0,17.0,1.0,42.0,42.0,69.0,109.0,8.0,16.0,88.0,49.0,9.0,57.0,87.0,22.0,5.0,2.21,2.81,1.51,2.0,3.0,0.0,175.49,114.0,114.59,33.0,1.14,1.4,1.4,6.25,6.32,6.25,65.29,4.85,4.26,16.65,2.18,36.43,26.63,4.73,4.77,4.65,55.0,36.0,46.0,137.0,2.0,6.0,0.0,11.0,0.0,27.0,45.0,53.0,89.0,7.0,14.0,86.0,67.0,11.0,50.0,71.0,16.0,4.0,1.67,2.09,1.1,2.0,0.0,0.0,135.77,91.0,90.99,22.0,0.89,1.25,1.25,4.48,4.44,4.38
847403784793378483464,2025,Van Riemsdyk-Kasper-Debrincat,DET,line,5on5,3,871.0,17.0,0.64,0.56,0.59,9.63,0.9,0.54,2.62,0.34,4.86,3.74,0.87,0.83,0.81,9.0,4.0,1.0,14.0,0.0,2.0,0.0,1.0,0.0,3.0,7.0,9.0,13.0,1.0,2.0,7.0,3.0,1.0,3.0,11.0,1.0,1.0,0.3,0.09,0.5,0.0,0.0,0.0,12.86,13.0,12.09,2.0,0.11,0.51,0.51,0.5,0.47,0.46,6.61,0.5,0.5,1.58,0.19,3.71,2.52,0.5,0.51,0.5,4.0,5.0,2.0,11.0,0.0,1.0,0.0,0.0,0.0,2.0,6.0,4.0,9.0,0.0,0.0,10.0,1.0,4.0,7.0,5.0,4.0,0.0,0.12,0.38,0.0,0.0,0.0,0.0,11.61,9.0,9.37,5.0,0.1,0.01,0.0,0.6,0.61,0.61
848081384815238482737,2025,Veleno-Dach-Bolduc,MTL,line,5on5,6,2310.0,31.0,0.62,0.52,0.58,19.1,2.2,1.3,4.82,0.62,9.36,6.7,2.09,2.25,2.15,16.0,9.0,6.0,31.0,0.0,2.0,0.0,2.0,0.0,14.0,7.0,16.0,25.0,7.0,20.0,20.0,22.0,3.0,10.0,17.0,4.0,4.0,0.47,0.55,1.17,0.0,0.0,0.0,30.68,25.0,24.68,4.0,0.28,0.48,0.48,1.99,2.04,2.0,12.63,1.37,0.9,3.15,0.48,7.0,5.09,1.28,1.31,1.22,12.0,6.0,11.0,29.0,2.0,3.0,0.0,2.0,0.0,8.0,3.0,10.0,16.0,2.0,10.0,19.0,22.0,4.0,12.0,13.0,3.0,2.0,0.29,0.31,0.78,1.0,1.0,0.0,27.44,18.0,17.26,5.0,0.19,0.79,0.79,0.77,0.76,0.7
847464184764548478458,2025,Henrique-Nugent-Hopkins-Roslovic,EDM,line,5on5,4,682.0,49.0,0.79,0.71,0.68,8.68,0.82,0.69,2.45,0.39,5.07,3.57,0.79,0.81,0.78,10.0,3.0,7.0,20.0,0.0,4.0,0.0,1.0,0.0,7.0,1.0,10.0,13.0,2.0,4.0,7.0,4.0,0.0,3.0,11.0,1.0,1.0,0.35,0.17,0.3,0.0,0.0,0.0,19.38,13.0,12.57,0.0,0.14,0.58,0.58,0.38,0.38,0.37,4.33,0.21,0.23,0.95,0.13,2.54,1.94,0.21,0.22,0.22,5.0,1.0,2.0,8.0,1.0,0.0,0.0,1.0,0.0,1.0,3.0,4.0,5.0,0.0,0.0,3.0,4.0,1.0,4.0,6.0,0.0,0.0,0.21,0.0,0.0,1.0,0.0,0.0,8.28,6.0,6.3,3.0,0.05,0.0,0.0,0.26,0.27,0.27
847575284785088480259,2025,Trenin-Jones-Pitlick,MIN,line,5on5,7,1302.0,65.0,0.48,0.39,0.39,6.24,0.52,0.37,1.55,0.23,3.71,2.61,0.52,0.54,0.53,5.0,4.0,7.0,16.0,0.0,0.0,0.0,1.0,0.0,5.0,3.0,5.0,9.0,1.0,2.0,13.0,22.0,1.0,4.0,6.0,3.0,0.0,0.18,0.34,0.0,0.0,0.0,0.0,16.63,9.0,9.21,2.0,0.08,0.0,0.0,0.6,0.61,0.61,10.41,0.57,0.58,2.23,0.32,5.39,4.91,0.56,0.57,0.57,9.0,5.0,11.0,25.0,2.0,0.0,0.0,3.0,0.0,4.0,5.0,7.0,12.0,2.0,4.0,7.0,6.0,0.0,5.0,13.0,1.0,0.0,0.39,0.18,0.0,1.0,1.0,0.0,24.49,14.0,13.72,2.0,0.12,0.0,0.0,0.69,0.69,0.69
848028984810438484135,2025,Koepke-Barron-Ford,WPG,line,5on5,4,1062.0,18.0,0.26,0.44,0.53,6.14,0.22,0.32,1.65,0.2,3.8,2.81,0.22,0.23,0.23,6.0,3.0,2.0,11.0,0.0,0.0,0.0,2.0,0.0,3.0,4.0,6.0,9.0,2.0,4.0,10.0,11.0,3.0,4.0,9.0,0.0,0.0,0.22,0.0,0.0,0.0,0.0,0.0,12.17,9.0,9.66,3.0,0.06,0.0,0.0,0.28,0.3,0.3,5.67,0.61,0.4,1.55,0.21,3.01,2.23,0.6,0.59,0.58,0.0,8.0,6.0,14.0,0.0,0.0,0.0,0.0,0.0,3.0,5.0,0.0,8.0,1.0,2.0,7.0,15.0,1.0,1.0,4.0,4.0,0.0,0.13,0.48,0.0,0.0,0.0,0.0,13.04,8.0,7.55,1.0,0.09,0.0,0.0,0.69,0.68,0.67
847464184782338483512,2025,Mangiapane-Henrique-Savoie,EDM,line,5on5,16,2038.0,159.0,0.56,0.54,0.57,18.02,0.9,1.11,4.86,0.61,9.5,8.02,0.88,0.89,0.87,14.0,11.0,10.0,35.0,0.0,2.0,0.0,6.0,0.0,3.0,14.0,14.0,25.0,5.0,10.0,19.0,7.0,5.0,8.0,23.0,2.0,0.0,0.69,0.21,0.0,0.0,0.0,0.0,35.43,25.0,25.16,5.0,0.23,0.02,0.02,1.1,1.09,1.07,13.51,0.69,0.8,3.46,0.46,7.85,5.75,0.68,0.68,0.67,13.0,6.0,11.0,30.0,0.0,1.0,0.0,3.0,0.0,7.0,8.0,13.0,19.0,2.0,4.0,21.0,24.0,5.0,9.0,17.0,2.0,0.0,0.48,0.21,0.0,0.0,0.0,0.0,29.64,19.0,18.81,4.0,0.16,0.01,0.01,0.84,0.83,0.81
84788828482073,2025,Gavrikov-Schneider,NYR,pairing,5on5,36,16017.0,143.0,0.45,0.45,0.45,112.35,9.19,7.4,28.92,3.84,60.74,43.9,8.63,9.31,8.74,94.0,60.0,64.0,218.0,6.0,15.0,0.0,18.0,0.0,53.0,62.0,88.0,148.0,9.0,18.0,132.0,141.0,20.0,71.0,118.0,26.0,10.0,3.21,3.22,2.76,4.0,2.0,0.0,216.43,154.0,153.46,39.0,1.55,3.09,3.09,7.65,7.74,7.64,133.34,11.08,8.85,33.45,4.65,72.96,55.02,10.72,11.14,10.8,122.0,64.0,81.0,267.0,12.0,17.0,2.0,23.0,0.0,67.0,67.0,110.0,174.0,11.0,24.0,109.0,100.0,25.0,65.0,149.0,27.0,10.0,4.7,3.74,2.64,6.0,5.0,1.0,269.33,186.0,188.11,34.0,1.84,3.09,3.09,9.82,9.9,9.77
847687184827878484135,2025,Pearson-Ford-Chibrikov,WPG,line,5on5,3,854.0,16.0,0.22,0.37,0.44,5.3,0.12,0.2,1.59,0.17,2.62,2.32,0.12,0.12,0.12,4.0,3.0,3.0,10.0,0.0,0.0,0.0,1.0,0.0,2.0,4.0,4.0,7.0,1.0,2.0,4.0,7.0,0.0,0.0,7.0,0.0,0.0,0.12,0.0,0.0,0.0,0.0,0.0,10.04,7.0,7.17,0.0,0.04,0.0,0.0,0.16,0.16,0.16,6.64,0.43,0.44,1.62,0.22,3.56,2.72,0.42,0.4,0.39,5.0,4.0,8.0,17.0,0.0,1.0,0.0,1.0,0.0,3.0,4.0,5.0,9.0,1.0,2.0,5.0,4.0,0.0,6.0,7.0,2.0,0.0,0.22,0.2,0.0,0.0,0.0,0.0,15.93,9.0,8.35,1.0,0.09,0.05,0.05,0.47,0.43,0.43
847794684820788483464,2025,Raymond-Larkin-Kasper,DET,line,5on5,4,662.0,22.0,0.18,0.25,0.29,3.67,0.18,0.2,0.69,0.11,1.86,1.96,0.18,0.17,0.17,3.0,2.0,1.0,6.0,0.0,0.0,0.0,1.0,0.0,3.0,1.0,3.0,5.0,0.0,0.0,3.0,3.0,0.0,3.0,4.0,1.0,0.0,0.09,0.09,0.0,0.0,0.0,0.0,5.64,5.0,4.79,0.0,0.04,0.0,0.0,0.22,0.21,0.21,8.75,0.81,0.59,2.29,0.31,4.54,3.47,0.8,0.85,0.84,9.0,3.0,6.0,18.0,0.0,2.0,0.0,0.0,0.0,2.0,8.0,9.0,12.0,0.0,0.0,4.0,2.0,2.0,1.0,9.0,3.0,0.0,0.34,0.47,0.0,0.0,0.0,0.0,19.21,12.0,12.8,1.0,0.12,0.3,0.3,0.63,0.66,0.66
84778108478397,2025,Hanley-Andersson,CGY,pairing,5on5,28,1465.0,227.0,0.53,0.54,0.57,18.15,1.31,1.18,4.01,0.58,10.01,7.9,1.31,1.31,1.3,17.0,8.0,6.0,31.0,2.0,0.0,0.0,4.0,0.0,11.0,8.0,15.0,23.0,1.0,2.0,8.0,6.0,1.0,5.0,21.0,3.0,1.0,0.61,0.36,0.34,0.0,1.0,1.0,29.73,25.0,24.31,3.0,0.25,0.0,0.0,1.56,1.55,1.54,13.5,1.17,0.85,3.27,0.48,7.36,5.89,1.14,1.19,1.16,12.0,7.0,7.0,26.0,2.0,1.0,0.0,3.0,0.0,6.0,7.0,10.0,17.0,2.0,4.0,3.0,12.0,1.0,6.0,15.0,2.0,2.0,0.41,0.23,0.52,0.0,1.0,1.0,26.67,19.0,19.18,3.0,0.18,0.32,0.32,1.03,1.04,1.01
848081384827378483424,2025,Veleno-Beck-Bolduc,MTL,line,5on5,4,890.0,42.0,0.4,0.53,0.58,9.54,0.57,0.59,2.39,0.34,6.12,3.98,0.55,0.55,0.54,8.0,6.0,4.0,18.0,0.0,1.0,0.0,2.0,0.0,5.0,6.0,8.0,14.0,2.0,7.0,9.0,10.0,1.0,2.0,13.0,1.0,0.0,0.45,0.12,0.0,0.0,0.0,0.0,18.04,14.0,14.19,2.0,0.12,0.07,0.07,0.61,0.6,0.58,7.88,0.84,0.46,2.24,0.27,3.45,2.73,0.84,0.87,0.87,7.0,3.0,6.0,16.0,1.0,1.0,0.0,0.0,0.0,4.0,4.0,6.0,9.0,2.0,7.0,6.0,11.0,0.0,2.0,5.0,4.0,1.0,0.15,0.47,0.23,0.0,1.0,0.0,16.21,10.0,10.23,0.0,0.1,0.14,0.14,0.8,0.82,0.82
84768858483490,2025,Mintyukov-Trouba,ANA,pairing,5on5,33,3410.0,221.0,0.46,0.47,0.49,30.83,2.11,1.77,7.82,1.0,17.3,13.0,2.05,2.06,2.0,23.0,20.0,13.0,56.0,0.0,1.0,0.0,9.0,0.0,16.0,17.0,23.0,43.0,4.0,8.0,12.0,13.0,6.0,19.0,39.0,2.0,2.0,1.38,0.2,0.52,0.0,0.0,0.0,54.58,43.0,41.8,8.0,0.36,0.26,0.26,2.21,2.14,2.08,33.93,2.52,1.88,8.72,1.08,16.03,13.76,2.41,2.56,2.45,32.0,12.0,18.0,62.0,2.0,5.0,0.0,9.0,0.0,14.0,14.0,30.0,42.0,3.0,6.0,21.0,16.0,5.0,20.0,32.0,9.0,3.0,0.74,1.05,0.73,0.0,2.0,0.0,62.6,44.0,44.3,11.0,0.4,0.69,0.69,2.22,2.26,2.21
847747984834938484197,2025,Bertuzzi-Nazar-Moore,CHI,line,5on5,10,3395.0,36.0,0.6,0.5,0.51,25.88,2.01,1.64,6.17,0.83,14.54,10.81,1.96,2.07,2.01,20.0,16.0,12.0,48.0,3.0,2.0,0.0,4.0,0.0,13.0,14.0,17.0,33.0,3.0,6.0,26.0,15.0,5.0,20.0,28.0,7.0,1.0,0.95,0.83,0.23,1.0,2.0,0.0,48.51,36.0,36.35,7.0,0.33,0.28,0.28,2.07,2.11,2.09,25.07,1.33,1.5,6.23,0.8,14.32,10.82,1.32,1.32,1.31,19.0,16.0,13.0,48.0,3.0,1.0,0.0,4.0,0.0,15.0,12.0,16.0,32.0,3.0,6.0,30.0,18.0,6.0,16.0,33.0,2.0,0.0,1.07,0.26,0.0,3.0,0.0,0.0,48.39,35.0,35.13,7.0,0.3,0.04,0.04,1.59,1.58,1.56
84793248479985,2025,Lindgren-Fleury,SEA,pairing,5on5,9,5109.0,36.0,0.42,0.5,0.5,41.62,2.99,2.52,10.99,1.45,22.69,16.37,2.88,3.04,2.94,37.0,20.0,22.0,79.0,3.0,3.0,0.0,5.0,0.0,26.0,20.0,34.0,54.0,7.0,20.0,32.0,27.0,8.0,24.0,46.0,9.0,2.0,1.3,1.15,0.54,0.0,3.0,0.0,80.41,57.0,58.32,7.0,0.53,0.51,0.51,3.0,3.04,2.94,42.68,4.07,2.81,11.55,1.38,21.44,15.76,3.84,3.97,3.75,39.0,18.0,23.0,80.0,1.0,8.0,0.0,11.0,0.0,17.0,20.0,38.0,56.0,5.0,16.0,43.0,39.0,7.0,26.0,46.0,4.0,7.0,1.45,0.69,1.93,0.0,1.0,0.0,77.7,57.0,55.85,14.0,0.59,2.11,2.11,2.56,2.52,2.47
847844484807488484136,2025,Sherwood-Sasson-Boeser,VAN,line,5on5,6,1169.0,33.0,0.2,0.39,0.39,7.84,0.33,0.42,2.02,0.24,4.6,3.39,0.32,0.33,0.32,8.0,3.0,3.0,14.0,0.0,0.0,0.0,1.0,0.0,4.0,6.0,8.0,11.0,0.0,0.0,6.0,9.0,2.0,4.0,11.0,0.0,0.0,0.33,0.0,0.0,0.0,0.0,0.0,13.36,11.0,10.62,1.0,0.08,0.0,0.0,0.41,0.41,0.4,13.24,1.29,0.86,3.08,0.37,6.69,4.71,1.19,1.24,1.15,8.0,9.0,5.0,22.0,1.0,1.0,0.0,2.0,0.0,6.0,7.0,7.0,16.0,0.0,0.0,12.0,4.0,0.0,6.0,12.0,4.0,1.0,0.47,0.57,0.24,0.0,1.0,0.0,21.29,17.0,16.6,2.0,0.18,0.24,0.24,1.23,1.19,1.08
84769678481030,2025,Kulak-St. Ivany,PIT,pairing,5on5,6,2073.0,25.0,0.28,0.38,0.32,9.2,0.63,0.57,2.05,0.29,5.46,3.99,0.63,0.64,0.64,7.0,6.0,8.0,21.0,0.0,0.0,0.0,3.0,0.0,6.0,4.0,7.0,13.0,2.0,4.0,10.0,12.0,1.0,13.0,11.0,2.0,0.0,0.34,0.29,0.0,0.0,0.0,0.0,20.07,13.0,12.86,7.0,0.12,0.0,0.0,0.75,0.76,0.76,19.62,1.61,1.38,4.49,0.65,11.57,8.29,1.5,1.72,1.6,13.0,15.0,7.0,35.0,1.0,3.0,0.0,2.0,0.0,11.0,11.0,12.0,27.0,1.0,2.0,13.0,14.0,3.0,5.0,22.0,5.0,1.0,0.78,0.59,0.24,1.0,0.0,0.0,38.06,28.0,29.95,3.0,0.28,0.53,0.53,1.36,1.43,1.35
847517284764568482679,2025,Huberdeau-Kadri-Coronato,CGY,line,5on5,19,1750.0,191.0,0.45,0.45,0.33,10.66,1.64,0.81,2.89,0.4,4.18,3.09,1.51,1.61,1.48,10.0,3.0,13.0,26.0,0.0,4.0,0.0,1.0,0.0,3.0,5.0,10.0,13.0,3.0,6.0,13.0,10.0,1.0,7.0,6.0,2.0,5.0,0.22,0.18,1.23,0.0,0.0,0.0,25.12,13.0,12.45,2.0,0.17,1.02,1.02,0.8,0.78,0.77,19.55,2.02,1.29,4.65,0.67,9.7,7.67,1.94,2.01,1.93,22.0,4.0,6.0,32.0,3.0,4.0,0.0,4.0,0.0,6.0,9.0,19.0,23.0,4.0,8.0,17.0,13.0,8.0,7.0,19.0,4.0,3.0,0.64,0.64,0.75,2.0,1.0,0.0,32.84,26.0,26.34,5.0,0.27,0.8,0.8,1.49,1.48,1.45
847750384780578481582,2025,Robertson-Domi-Joshua,TOR,line,5on5,5,1248.0,33.0,0.4,0.47,0.44,12.01,0.59,0.69,3.33,0.39,5.34,4.66,0.58,0.59,0.58,12.0,3.0,7.0,22.0,0.0,3.0,0.0,4.0,0.0,2.0,6.0,12.0,15.0,0.0,0.0,13.0,16.0,0.0,3.0,13.0,2.0,0.0,0.36,0.23,0.0,0.0,0.0,0.0,22.78,15.0,15.42,2.0,0.15,0.38,0.21,0.53,0.53,0.53,13.44,0.88,0.81,3.54,0.43,7.84,5.5,0.86,0.89,0.87,13.0,6.0,6.0,25.0,2.0,1.0,1.0,3.0,0.0,5.0,8.0,11.0,17.0,0.0,0.0,8.0,11.0,1.0,2.0,17.0,2.0,0.0,0.57,0.3,0.0,1.0,1.0,0.0,24.87,19.0,19.01,0.0,0.16,0.2,0.2,0.84,0.83,0.83
847690584789758482751,2025,Marchment-Stephenson-Winterton,SEA,line,5on5,8,1035.0,99.0,0.5,0.28,0.31,7.9,0.86,0.54,2.14,0.27,3.63,2.55,0.85,0.85,0.83,7.0,3.0,1.0,11.0,1.0,1.0,0.0,0.0,0.0,3.0,5.0,6.0,9.0,1.0,2.0,10.0,8.0,3.0,4.0,7.0,1.0,2.0,0.22,0.11,0.53,0.0,0.0,1.0,11.32,10.0,10.28,4.0,0.12,0.3,0.3,0.68,0.68,0.66,15.98,0.87,1.14,4.07,0.53,9.03,6.36,0.85,0.9,0.88,13.0,9.0,6.0,28.0,0.0,1.0,0.0,3.0,0.0,10.0,8.0,13.0,22.0,1.0,2.0,8.0,5.0,1.0,7.0,19.0,3.0,0.0,0.45,0.42,0.0,0.0,0.0,0.0,27.89,22.0,21.96,2.0,0.24,0.15,0.15,0.96,0.99,0.97
847584884815238482737,2025,Bolduc-Dach-Gallagher,MTL,line,5on5,14,5360.0,57.0,0.58,0.53,0.55,51.37,4.34,3.18,13.04,1.7,26.61,20.13,4.25,4.31,4.21,50.0,19.0,25.0,94.0,8.0,6.0,2.0,9.0,0.0,23.0,23.0,42.0,61.0,10.0,26.0,38.0,48.0,5.0,21.0,53.0,12.0,4.0,1.57,1.59,1.19,3.0,4.0,1.0,93.33,69.0,68.83,6.0,0.66,1.39,1.39,3.62,3.61,3.56,41.69,3.13,2.46,10.58,1.35,22.41,17.07,3.07,3.23,3.17,35.0,22.0,26.0,83.0,5.0,2.0,0.0,9.0,0.0,25.0,16.0,30.0,52.0,9.0,24.0,48.0,49.0,4.0,26.0,43.0,13.0,1.0,1.19,1.6,0.35,3.0,2.0,0.0,85.52,57.0,58.72,16.0,0.51,0.37,0.37,3.27,3.36,3.31
84781788482929,2025,Lilleberg-Raddysh,TBL,pairing,5on5,18,3826.0,120.0,0.45,0.47,0.45,26.22,2.58,1.62,6.44,0.84,13.22,10.3,2.41,2.55,2.38,26.0,9.0,18.0,53.0,1.0,4.0,0.0,2.0,0.0,9.0,19.0,25.0,34.0,8.0,19.0,21.0,39.0,2.0,13.0,26.0,5.0,4.0,0.84,0.67,1.07,0.0,0.0,1.0,52.7,35.0,34.16,5.0,0.34,0.78,0.78,2.14,2.15,2.05,31.03,3.21,2.17,7.66,1.06,16.93,11.96,3.04,3.29,3.11,31.0,12.0,16.0,59.0,3.0,4.0,1.0,9.0,0.0,13.0,14.0,28.0,40.0,8.0,21.0,33.0,31.0,4.0,19.0,32.0,6.0,5.0,0.89,0.74,1.58,2.0,0.0,1.0,58.98,43.0,43.66,10.0,0.45,1.14,1.14,2.53,2.57,2.54
84764298480871,2025,Mayfield-Boqvist,NYI,pairing,5on5,8,3681.0,37.0,0.35,0.29,0.33,19.27,1.78,1.05,4.32,0.58,9.68,7.6,1.76,1.75,1.73,18.0,7.0,8.0,33.0,2.0,1.0,0.0,5.0,0.0,7.0,10.0,16.0,23.0,2.0,4.0,27.0,29.0,3.0,16.0,19.0,4.0,2.0,0.64,0.4,0.74,0.0,1.0,1.0,32.87,25.0,24.77,7.0,0.22,0.51,0.51,1.49,1.48,1.48,37.11,3.3,2.58,9.0,1.14,19.96,14.01,3.25,3.39,3.33,33.0,17.0,32.0,82.0,3.0,3.0,0.0,5.0,0.0,23.0,16.0,30.0,47.0,2.0,4.0,25.0,25.0,6.0,14.0,36.0,10.0,4.0,1.13,1.13,1.04,1.0,1.0,1.0,85.64,50.0,52.12,3.0,0.54,0.56,0.56,3.28,3.35,3.3
847519184784348481133,2025,Reinhardt-Smith-Kolesar,VGK,line,5on5,2,930.0,8.0,0.35,0.53,0.55,8.01,0.32,0.48,2.25,0.26,5.23,3.46,0.32,0.34,0.34,4.0,8.0,5.0,17.0,0.0,1.0,0.0,0.0,0.0,7.0,4.0,4.0,12.0,3.0,9.0,4.0,11.0,2.0,3.0,12.0,0.0,0.0,0.32,0.0,0.0,0.0,0.0,0.0,17.95,12.0,12.65,3.0,0.1,0.07,0.07,0.34,0.36,0.36,7.75,0.61,0.42,1.92,0.24,3.75,3.07,0.61,0.57,0.57,6.0,4.0,5.0,15.0,0.0,0.0,0.0,3.0,0.0,2.0,5.0,6.0,10.0,2.0,7.0,2.0,10.0,1.0,4.0,7.0,2.0,1.0,0.18,0.21,0.22,0.0,0.0,0.0,14.17,10.0,9.51,1.0,0.09,0.0,0.0,0.7,0.65,0.65
847572684775058484911,2025,Toffoli-Wennberg-Graf,SJS,line,5on5,8,3305.0,44.0,0.38,0.41,0.44,21.97,1.44,1.37,5.4,0.72,12.74,9.33,1.43,1.43,1.41,15.0,16.0,10.0,41.0,3.0,1.0,1.0,5.0,0.0,6.0,16.0,12.0,28.0,1.0,2.0,25.0,12.0,6.0,19.0,28.0,2.0,1.0,0.81,0.27,0.36,2.0,0.0,1.0,41.23,31.0,31.63,9.0,0.28,0.36,0.36,1.36,1.36,1.36,28.69,2.33,1.79,7.27,0.95,15.18,11.46,2.13,2.38,2.19,23.0,16.0,20.0,59.0,1.0,4.0,0.0,8.0,0.0,13.0,13.0,22.0,38.0,2.0,4.0,41.0,16.0,1.0,17.0,29.0,9.0,1.0,0.68,1.16,0.49,1.0,0.0,0.0,60.85,39.0,39.54,9.0,0.37,0.82,0.82,1.88,1.92,1.88
847646884778398482157,2025,Sheary-Miller-Cuylle,NYR,line,5on5,10,3682.0,74.0,0.56,0.53,0.44,26.96,3.15,1.79,6.86,0.96,13.47,9.77,2.89,3.04,2.8,20.0,16.0,27.0,63.0,0.0,6.0,0.0,5.0,0.0,13.0,12.0,20.0,36.0,5.0,10.0,40.0,29.0,5.0,16.0,24.0,8.0,4.0,0.81,1.17,1.16,0.0,0.0,0.0,62.77,36.0,35.49,9.0,0.38,1.41,1.45,2.08,2.02,1.94,33.92,2.47,2.15,9.08,1.02,17.29,12.99,2.32,2.57,2.41,28.0,17.0,11.0,56.0,2.0,3.0,0.0,6.0,0.0,12.0,22.0,26.0,43.0,4.0,8.0,24.0,19.0,7.0,21.0,36.0,7.0,2.0,0.96,0.85,0.67,1.0,1.0,0.0,57.54,45.0,46.08,12.0,0.45,0.85,0.85,2.07,2.11,2.06
847578484808488482206,2025,Skinner-Dellandrea-Cardwell,SJS,line,5on5,6,2083.0,31.0,0.35,0.44,0.35,11.28,1.19,0.89,2.91,0.45,6.27,4.29,1.16,1.17,1.14,9.0,7.0,11.0,27.0,0.0,2.0,0.0,2.0,0.0,7.0,5.0,9.0,16.0,3.0,6.0,13.0,17.0,5.0,10.0,12.0,2.0,2.0,0.33,0.28,0.58,0.0,0.0,0.0,26.91,16.0,16.04,4.0,0.19,0.43,0.43,0.96,0.94,0.94,22.56,2.22,1.67,5.3,0.7,11.38,8.73,2.08,2.24,2.1,17.0,13.0,5.0,35.0,4.0,2.0,0.0,6.0,0.0,7.0,11.0,13.0,26.0,0.0,0.0,18.0,19.0,3.0,11.0,20.0,7.0,3.0,0.59,0.93,0.7,1.0,2.0,1.0,34.7,30.0,29.56,4.0,0.35,0.4,0.4,2.17,2.19,2.11
847935984815228482623,2025,Malenstyn-Dunne-Krebs,BUF,line,5on5,19,6038.0,104.0,0.47,0.48,0.5,46.49,4.04,2.92,11.41,1.53,24.48,18.61,3.89,4.06,3.91,41.0,22.0,23.0,86.0,2.0,7.0,2.0,7.0,0.0,23.0,24.0,39.0,61.0,10.0,23.0,46.0,78.0,6.0,31.0,49.0,8.0,6.0,1.02,1.01,2.01,0.0,0.0,2.0,84.67,63.0,62.22,19.0,0.6,2.11,2.11,2.54,2.54,2.5,46.57,4.49,3.26,12.1,1.62,24.72,16.8,4.21,4.45,4.18,34.0,29.0,32.0,95.0,5.0,7.0,1.0,11.0,0.0,17.0,23.0,29.0,58.0,12.0,27.0,60.0,55.0,4.0,24.0,44.0,13.0,6.0,1.31,1.7,1.49,2.0,1.0,2.0,95.8,63.0,63.28,13.0,0.69,1.38,1.38,3.8,3.79,3.68
847844484784988482117,2025,Debrusk-Reichel-Boeser,VAN,line,5on5,5,1635.0,34.0,0.63,0.48,0.55,16.92,1.74,1.07,4.13,0.57,9.09,6.39,1.57,1.67,1.51,15.0,8.0,2.0,25.0,1.0,3.0,0.0,5.0,0.0,5.0,9.0,14.0,22.0,0.0,0.0,14.0,6.0,2.0,12.0,15.0,7.0,1.0,0.51,0.85,0.39,0.0,1.0,0.0,24.99,23.0,22.97,9.0,0.22,0.7,0.7,1.27,1.25,1.22,13.23,1.0,0.87,3.68,0.49,7.51,5.46,0.99,1.03,1.01,15.0,4.0,8.0,27.0,1.0,2.0,0.0,2.0,0.0,8.0,6.0,14.0,18.0,1.0,2.0,15.0,6.0,0.0,13.0,15.0,3.0,1.0,0.38,0.32,0.3,0.0,1.0,0.0,27.38,19.0,19.06,4.0,0.18,0.43,0.43,0.76,0.78,0.77
847403784774298483464,2025,Van Riemsdyk-Copp-Kasper,DET,line,5on5,4,713.0,40.0,0.3,0.51,0.42,7.35,0.45,0.47,1.73,0.23,4.14,2.97,0.44,0.41,0.4,8.0,2.0,9.0,19.0,0.0,0.0,0.0,2.0,0.0,5.0,3.0,8.0,10.0,1.0,5.0,8.0,9.0,0.0,3.0,9.0,1.0,0.0,0.32,0.13,0.0,0.0,0.0,0.0,17.09,10.0,9.04,1.0,0.1,0.0,0.0,0.55,0.5,0.49,10.57,1.05,0.75,2.5,0.32,5.4,3.98,0.96,1.17,1.07,10.0,4.0,4.0,18.0,2.0,2.0,0.0,3.0,0.0,3.0,4.0,8.0,12.0,1.0,5.0,2.0,5.0,0.0,2.0,10.0,1.0,3.0,0.22,0.1,0.72,1.0,1.0,0.0,20.2,14.0,15.57,0.0,0.15,0.52,0.52,0.69,0.76,0.71
847584884800748480813,2025,Texier-Veleno-Gallagher,MTL,line,5on5,6,610.0,79.0,0.52,0.58,0.64,5.69,0.28,0.41,1.37,0.23,3.9,2.8,0.28,0.26,0.25,3.0,6.0,2.0,11.0,0.0,0.0,0.0,0.0,0.0,6.0,3.0,3.0,9.0,3.0,6.0,4.0,5.0,1.0,3.0,9.0,0.0,0.0,0.28,0.0,0.0,0.0,0.0,0.0,9.74,9.0,8.0,1.0,0.08,0.0,0.0,0.37,0.33,0.33,3.44,0.27,0.32,0.76,0.15,2.11,1.4,0.27,0.28,0.28,3.0,2.0,3.0,8.0,1.0,0.0,0.0,0.0,0.0,2.0,2.0,2.0,4.0,1.0,2.0,5.0,6.0,1.0,4.0,3.0,2.0,0.0,0.08,0.19,0.0,0.0,1.0,0.0,9.14,5.0,5.5,2.0,0.07,0.0,0.0,0.33,0.35,0.35
84800368481581,2025,Heiskanen-Harley,DAL,pairing,5on5,27,4643.0,176.0,0.37,0.44,0.43,35.21,2.31,2.13,9.55,1.11,18.99,13.91,2.25,2.23,2.17,30.0,18.0,18.0,66.0,1.0,2.0,0.0,11.0,0.0,19.0,15.0,29.0,47.0,5.0,10.0,48.0,27.0,6.0,11.0,40.0,8.0,0.0,1.28,1.03,0.0,0.0,1.0,0.0,62.85,48.0,45.68,6.0,0.45,0.21,0.21,2.54,2.45,2.39,45.82,3.89,3.16,11.02,1.72,25.05,18.17,3.8,4.0,3.91,36.0,27.0,20.0,83.0,5.0,9.0,1.0,6.0,0.0,26.0,17.0,31.0,58.0,4.0,8.0,38.0,28.0,5.0,24.0,43.0,17.0,3.0,1.28,1.94,0.68,3.0,2.0,0.0,85.73,63.0,65.01,12.0,0.65,1.16,1.16,3.38,3.47,3.42
84793788480049,2025,Samberg-Stanley,WPG,pairing,5on5,15,1053.0,121.0,0.67,0.5,0.44,8.61,1.17,0.74,2.32,0.33,4.45,3.0,0.99,1.11,0.95,6.0,6.0,4.0,16.0,1.0,2.0,0.0,1.0,0.0,5.0,3.0,5.0,11.0,0.0,0.0,3.0,14.0,1.0,1.0,7.0,2.0,3.0,0.2,0.2,0.77,0.0,1.0,0.0,15.77,12.0,11.97,0.0,0.16,0.55,0.56,0.76,0.75,0.74,9.84,0.58,0.67,2.31,0.36,6.47,4.6,0.58,0.61,0.6,8.0,7.0,1.0,16.0,1.0,0.0,0.0,3.0,0.0,8.0,3.0,7.0,14.0,0.0,0.0,2.0,8.0,1.0,7.0,13.0,2.0,0.0,0.38,0.2,0.0,1.0,0.0,0.0,16.78,15.0,15.63,2.0,0.14,0.0,0.0,0.72,0.76,0.75
847516984800128483476,2025,Kane-Pettersson-Lekkerimki,VAN,line,5on5,3,818.0,24.0,0.52,0.56,0.5,4.25,0.19,0.26,1.09,0.12,2.56,1.78,0.19,0.21,0.21,2.0,4.0,3.0,9.0,0.0,0.0,0.0,1.0,0.0,2.0,3.0,2.0,6.0,2.0,4.0,8.0,2.0,0.0,3.0,6.0,0.0,0.0,0.19,0.0,0.0,0.0,0.0,0.0,9.5,6.0,6.39,1.0,0.05,0.0,0.0,0.24,0.26,0.26,4.23,0.18,0.22,1.04,0.14,2.56,1.86,0.18,0.17,0.17,5.0,1.0,1.0,7.0,0.0,0.0,0.0,3.0,0.0,2.0,1.0,5.0,6.0,0.0,0.0,6.0,3.0,0.0,6.0,6.0,0.0,0.0,0.18,0.0,0.0,0.0,0.0,0.0,6.9,6.0,5.96,2.0,0.04,0.0,0.0,0.22,0.21,0.21
84834608484798,2025,Buium-Jiricek,MIN,pairing,5on5,11,3319.0,59.0,0.48,0.49,0.46,30.73,2.95,2.11,8.02,1.05,15.76,11.11,2.86,2.86,2.76,30.0,11.0,16.0,57.0,2.0,5.0,0.0,6.0,0.0,14.0,14.0,28.0,39.0,1.0,2.0,18.0,24.0,7.0,16.0,27.0,10.0,4.0,0.64,1.33,0.98,1.0,1.0,0.0,54.75,41.0,39.99,9.0,0.44,0.96,0.96,2.44,2.35,2.33,35.6,3.18,2.57,9.07,1.19,18.25,13.74,3.09,3.36,3.26,33.0,15.0,11.0,59.0,4.0,4.0,0.0,4.0,0.0,17.0,19.0,29.0,44.0,7.0,14.0,27.0,26.0,4.0,15.0,33.0,11.0,4.0,0.82,1.46,0.9,2.0,2.0,0.0,60.75,48.0,49.27,10.0,0.54,0.74,0.74,2.98,3.13,3.09
84790268481122,2025,Benoit-Myers,TOR,pairing,5on5,14,3580.0,95.0,0.29,0.32,0.29,16.55,1.12,0.88,4.17,0.63,8.85,7.36,1.07,1.14,1.1,13.0,10.0,13.0,36.0,3.0,2.0,0.0,1.0,0.0,7.0,10.0,10.0,20.0,2.0,4.0,25.0,41.0,2.0,14.0,18.0,4.0,1.0,0.31,0.6,0.21,1.0,2.0,0.0,35.72,23.0,23.04,11.0,0.18,0.4,0.4,0.9,0.91,0.89,40.77,2.8,2.56,10.8,1.45,22.81,16.58,2.73,2.85,2.78,36.0,21.0,21.0,78.0,6.0,5.0,1.0,10.0,0.0,21.0,15.0,30.0,51.0,2.0,4.0,20.0,29.0,3.0,11.0,45.0,10.0,2.0,1.09,1.16,0.55,2.0,3.0,1.0,76.28,57.0,56.49,3.0,0.53,0.49,0.49,2.84,2.88,2.81
84745638482730,2025,Doughty-Clarke,LAK,pairing,5on5,31,2346.0,186.0,0.83,0.71,0.76,29.22,2.67,2.07,7.23,1.03,15.74,12.26,2.55,2.71,2.59,32.0,9.0,18.0,59.0,3.0,3.0,0.0,7.0,0.0,12.0,16.0,29.0,38.0,4.0,8.0,8.0,5.0,2.0,14.0,32.0,3.0,6.0,0.78,0.37,1.52,2.0,0.0,1.0,56.99,41.0,39.77,6.0,0.43,0.62,0.62,2.48,2.48,2.41,9.12,0.55,0.59,2.77,0.34,5.08,3.67,0.55,0.56,0.56,11.0,2.0,11.0,24.0,0.0,0.0,0.0,2.0,0.0,7.0,4.0,11.0,13.0,6.0,12.0,13.0,14.0,2.0,9.0,11.0,2.0,0.0,0.28,0.27,0.0,0.0,0.0,0.0,24.56,13.0,13.31,2.0,0.12,0.0,0.0,0.67,0.69,0.68
847578484775058480798,2025,Skinner-Wennberg-Kurashev,SJS,line,5on5,7,841.0,75.0,0.5,0.39,0.38,5.91,0.44,0.43,1.37,0.16,3.24,2.37,0.43,0.42,0.41,7.0,1.0,4.0,12.0,1.0,0.0,0.0,2.0,0.0,4.0,1.0,6.0,7.0,1.0,2.0,5.0,2.0,1.0,4.0,5.0,3.0,0.0,0.17,0.27,0.0,0.0,1.0,0.0,11.68,8.0,7.74,3.0,0.09,0.0,0.0,0.52,0.5,0.5,8.85,0.44,0.57,2.72,0.34,5.1,3.82,0.44,0.45,0.45,10.0,3.0,6.0,19.0,1.0,1.0,0.0,4.0,0.0,6.0,1.0,9.0,12.0,0.0,0.0,9.0,3.0,4.0,9.0,12.0,1.0,0.0,0.27,0.18,0.0,1.0,0.0,0.0,19.28,13.0,13.12,5.0,0.12,0.18,0.18,0.38,0.39,0.38
847584884808138483424,2025,Veleno-Beck-Gallagher,MTL,line,5on5,4,1807.0,15.0,0.6,0.58,0.54,14.59,1.12,0.85,3.93,0.45,7.81,5.84,1.1,1.08,1.05,14.0,6.0,11.0,31.0,1.0,0.0,0.0,2.0,0.0,10.0,7.0,13.0,19.0,0.0,0.0,13.0,22.0,2.0,4.0,17.0,2.0,1.0,0.62,0.21,0.28,1.0,0.0,0.0,30.28,20.0,19.6,2.0,0.17,0.0,0.0,1.29,1.24,1.22,12.6,0.76,0.68,3.24,0.38,6.97,4.97,0.75,0.76,0.75,11.0,6.0,5.0,22.0,0.0,0.0,0.0,2.0,0.0,9.0,6.0,11.0,17.0,2.0,4.0,12.0,19.0,1.0,5.0,15.0,1.0,1.0,0.43,0.11,0.22,0.0,0.0,0.0,21.45,17.0,16.7,1.0,0.14,0.0,0.0,0.89,0.89,0.89
847516884757948482740,2025,Duchene-Johnston-Seguin,DAL,line,5on5,4,749.0,23.0,0.79,0.44,0.53,7.21,0.85,0.55,1.37,0.2,3.22,2.82,0.84,0.91,0.9,8.0,1.0,2.0,11.0,2.0,0.0,0.0,2.0,1.0,2.0,2.0,6.0,7.0,0.0,0.0,4.0,3.0,1.0,6.0,5.0,3.0,1.0,0.18,0.36,0.3,1.0,0.0,1.0,12.44,9.0,9.77,2.0,0.11,0.0,0.0,0.97,1.03,1.02,5.82,0.23,0.3,1.65,0.19,3.3,2.32,0.23,0.22,0.22,6.0,2.0,6.0,14.0,0.0,1.0,0.0,1.0,0.0,1.0,5.0,6.0,8.0,1.0,2.0,5.0,6.0,0.0,4.0,7.0,1.0,0.0,0.14,0.09,0.0,0.0,0.0,0.0,13.42,8.0,7.68,2.0,0.06,0.06,0.06,0.24,0.23,0.23
847522084785088483525,2025,Foligno-Yurov-Trenin,MIN,line,5on5,18,2705.0,170.0,0.59,0.54,0.51,20.3,2.02,1.25,5.01,0.63,10.39,7.7,1.94,2.14,2.06,15.0,12.0,15.0,42.0,3.0,1.0,0.0,2.0,0.0,14.0,7.0,12.0,24.0,5.0,10.0,16.0,31.0,3.0,15.0,20.0,5.0,2.0,0.58,0.83,0.61,1.0,2.0,0.0,43.91,27.0,28.03,10.0,0.26,0.4,0.61,1.67,1.73,1.71,19.02,1.4,1.07,4.76,0.63,10.1,8.04,1.38,1.38,1.36,19.0,7.0,10.0,36.0,1.0,1.0,0.0,6.0,0.0,8.0,10.0,18.0,25.0,2.0,4.0,21.0,20.0,2.0,16.0,20.0,5.0,1.0,0.47,0.66,0.27,0.0,1.0,0.0,34.9,26.0,25.15,10.0,0.22,0.27,0.27,1.35,1.35,1.33
84808078482671,2025,Power-Samuelsson,BUF,pairing,5on5,31,5162.0,219.0,0.52,0.47,0.47,42.2,3.22,2.55,10.35,1.34,22.67,16.86,3.16,3.26,3.2,37.0,20.0,21.0,78.0,5.0,4.0,0.0,6.0,0.0,27.0,15.0,32.0,52.0,5.0,13.0,28.0,19.0,13.0,22.0,42.0,12.0,3.0,1.13,1.34,0.76,1.0,3.0,1.0,77.75,57.0,56.81,12.0,0.53,0.83,0.72,3.04,3.07,3.06,47.07,2.95,2.74,12.26,1.5,25.17,19.38,2.78,2.9,2.73,40.0,24.0,25.0,89.0,4.0,4.0,0.0,13.0,0.0,19.0,24.0,36.0,60.0,4.0,13.0,39.0,32.0,7.0,27.0,54.0,9.0,1.0,1.54,1.15,0.25,2.0,2.0,0.0,88.66,64.0,63.72,16.0,0.57,0.6,0.6,2.92,2.88,2.84
847167584764838482758,2025,Rakell-Crosby-Koivunen,PIT,line,5on5,2,1028.0,4.0,0.49,0.51,0.55,8.4,0.61,0.49,1.96,0.25,4.21,3.48,0.59,0.63,0.61,7.0,4.0,8.0,19.0,0.0,0.0,0.0,1.0,0.0,6.0,4.0,7.0,11.0,2.0,4.0,12.0,4.0,0.0,7.0,9.0,1.0,1.0,0.27,0.13,0.2,0.0,0.0,0.0,20.28,11.0,11.65,3.0,0.1,0.0,0.0,0.72,0.74,0.72,5.89,0.63,0.45,1.51,0.22,3.74,2.44,0.63,0.6,0.6,6.0,3.0,9.0,18.0,0.0,1.0,0.0,0.0,0.0,5.0,3.0,6.0,9.0,2.0,4.0,11.0,7.0,2.0,4.0,7.0,1.0,1.0,0.21,0.11,0.31,0.0,0.0,0.0,17.17,9.0,8.52,2.0,0.09,0.31,0.31,0.41,0.4,0.4
847738084793908483690,2025,Brodzinski-Laba-Raddysh,NYR,line,5on5,7,1415.0,47.0,0.38,0.44,0.44,9.25,0.57,0.51,2.62,0.28,4.33,3.69,0.57,0.52,0.52,9.0,3.0,8.0,20.0,0.0,1.0,0.0,4.0,0.0,4.0,3.0,9.0,12.0,0.0,0.0,13.0,5.0,3.0,7.0,10.0,1.0,1.0,0.18,0.14,0.25,0.0,0.0,0.0,18.83,12.0,11.37,3.0,0.11,0.25,0.25,0.43,0.4,0.4,11.45,0.94,0.55,2.66,0.34,5.53,4.98,0.83,0.95,0.85,10.0,5.0,10.0,25.0,0.0,1.0,0.0,2.0,0.0,6.0,6.0,10.0,15.0,1.0,2.0,7.0,7.0,1.0,3.0,12.0,2.0,1.0,0.28,0.25,0.41,0.0,0.0,0.0,26.08,15.0,15.82,0.0,0.11,0.41,0.41,0.64,0.65,0.64
847795684799878482177,2025,Geekie-Khusnutdinov-Pastrnak,BOS,line,5on5,12,5430.0,46.0,0.53,0.49,0.47,43.32,4.3,2.68,10.15,1.4,22.51,16.95,4.21,4.37,4.28,39.0,19.0,27.0,85.0,4.0,3.0,1.0,8.0,0.0,18.0,25.0,35.0,54.0,7.0,17.0,34.0,43.0,5.0,30.0,41.0,13.0,4.0,1.1,1.6,1.6,0.0,2.0,2.0,86.68,58.0,58.79,16.0,0.56,1.11,1.11,3.74,3.84,3.83,47.76,3.82,2.97,11.5,1.56,25.73,19.42,3.75,3.87,3.79,46.0,19.0,23.0,88.0,4.0,5.0,1.0,8.0,0.0,28.0,20.0,42.0,61.0,10.0,23.0,39.0,35.0,7.0,28.0,47.0,15.0,3.0,1.27,1.77,0.78,1.0,2.0,1.0,87.9,65.0,65.24,12.0,0.61,0.71,0.71,3.72,3.76,3.71
847579484784498480027,2025,Robertson-Hintz-Seguin,DAL,line,5on5,14,7010.0,37.0,0.52,0.51,0.52,56.94,4.51,3.46,14.2,1.9,30.57,23.36,4.4,4.58,4.46,59.0,19.0,23.0,101.0,11.0,6.0,1.0,10.0,0.0,24.0,27.0,48.0,67.0,5.0,10.0,76.0,36.0,7.0,44.0,62.0,13.0,3.0,2.03,1.45,1.04,7.0,3.0,1.0,104.03,78.0,79.86,22.0,0.72,1.17,1.17,4.06,4.13,4.1,53.57,4.17,3.37,13.47,1.73,28.54,20.71,4.1,4.17,4.1,45.0,27.0,26.0,98.0,2.0,4.0,0.0,15.0,0.0,29.0,22.0,43.0,70.0,8.0,16.0,59.0,49.0,7.0,39.0,57.0,10.0,5.0,1.71,1.07,1.39,1.0,1.0,0.0,96.09,72.0,71.15,17.0,0.7,1.07,1.07,3.81,3.78,3.73
84788518480865,2025,Dobson-Carrier,MTL,pairing,5on5,24,1007.0,238.0,0.11,0.34,0.38,5.85,0.2,0.31,1.44,0.18,3.37,2.51,0.19,0.19,0.19,4.0,4.0,2.0,10.0,0.0,0.0,0.0,1.0,0.0,6.0,1.0,4.0,8.0,3.0,6.0,1.0,8.0,1.0,5.0,8.0,0.0,0.0,0.2,0.0,0.0,0.0,0.0,0.0,9.94,8.0,7.99,2.0,0.06,0.0,0.0,0.26,0.25,0.25,10.68,1.62,0.91,2.14,0.3,4.7,3.34,1.58,1.62,1.58,9.0,4.0,6.0,19.0,4.0,2.0,0.0,2.0,0.0,1.0,4.0,5.0,9.0,1.0,2.0,0.0,3.0,1.0,1.0,5.0,7.0,1.0,0.29,0.95,0.38,1.0,3.0,0.0,18.99,13.0,13.04,1.0,0.2,0.57,0.57,1.25,1.23,1.22
847750384793188482720,2025,Knies-Matthews-Domi,TOR,line,5on5,15,6780.0,80.0,0.42,0.43,0.47,59.28,4.29,4.12,15.52,1.92,31.48,22.68,4.24,4.43,4.38,55.0,25.0,17.0,97.0,3.0,4.0,1.0,18.0,0.0,23.0,32.0,52.0,77.0,7.0,14.0,72.0,37.0,11.0,42.0,61.0,18.0,1.0,1.83,2.18,0.29,1.0,2.0,0.0,101.15,80.0,83.33,18.0,0.87,0.62,0.62,4.54,4.7,4.66,67.89,5.88,4.51,16.98,2.22,35.84,26.57,5.58,5.84,5.54,56.0,36.0,35.0,127.0,4.0,9.0,0.0,13.0,1.0,31.0,34.0,52.0,88.0,6.0,12.0,51.0,33.0,10.0,39.0,70.0,16.0,6.0,2.21,2.0,1.66,3.0,1.0,0.0,124.75,92.0,90.55,13.0,0.94,1.11,1.11,5.71,5.67,5.52
84794108480434,2025,Sergachev-Durzi,UTA,pairing,5on5,20,11646.0,60.0,0.54,0.54,0.53,101.45,7.85,6.82,26.04,3.42,54.07,39.79,7.46,7.81,7.41,92.0,46.0,77.0,215.0,6.0,10.0,0.0,20.0,0.0,52.0,50.0,86.0,132.0,12.0,26.0,126.0,73.0,14.0,51.0,112.0,18.0,8.0,3.42,2.39,2.03,5.0,1.0,0.0,211.14,138.0,135.88,19.0,1.42,2.16,2.16,7.11,7.06,6.95,89.93,6.75,5.64,22.6,2.98,47.58,36.46,6.67,6.74,6.66,91.0,31.0,62.0,184.0,15.0,6.0,2.0,16.0,1.0,42.0,42.0,76.0,107.0,15.0,30.0,114.0,77.0,19.0,55.0,100.0,18.0,4.0,3.15,2.32,1.27,10.0,4.0,1.0,185.33,122.0,122.71,36.0,1.18,1.32,1.32,6.6,6.59,6.54
847516984807488482117,2025,Kane-Reichel-Sherwood,VAN,line,5on5,9,648.0,127.0,0.39,0.37,0.39,6.32,0.46,0.49,1.64,0.25,3.62,2.54,0.45,0.46,0.45,5.0,4.0,1.0,10.0,0.0,2.0,0.0,2.0,0.0,3.0,2.0,5.0,9.0,2.0,4.0,3.0,4.0,0.0,4.0,7.0,1.0,1.0,0.13,0.13,0.2,0.0,0.0,0.0,9.96,9.0,8.87,4.0,0.1,0.21,0.21,0.35,0.35,0.35,9.95,0.72,0.75,2.86,0.38,5.42,3.88,0.7,0.7,0.68,11.0,3.0,3.0,17.0,1.0,2.0,0.0,0.0,0.0,6.0,5.0,10.0,13.0,0.0,0.0,5.0,7.0,2.0,2.0,12.0,2.0,0.0,0.46,0.26,0.0,1.0,0.0,0.0,16.88,14.0,13.91,1.0,0.16,0.08,0.08,0.79,0.77,0.76
847698184781338479339,2025,Laine-Evans-Anderson,MTL,line,5on5,5,2178.0,18.0,0.54,0.42,0.37,7.2,0.75,0.49,1.6,0.23,3.97,2.96,0.75,0.72,0.72,4.0,6.0,14.0,24.0,0.0,0.0,0.0,1.0,0.0,3.0,6.0,4.0,10.0,2.0,4.0,21.0,15.0,0.0,12.0,7.0,3.0,0.0,0.31,0.43,0.0,0.0,0.0,0.0,25.11,10.0,9.93,7.0,0.1,0.0,0.0,0.85,0.82,0.82,12.77,0.65,0.69,3.45,0.41,6.79,5.0,0.64,0.64,0.63,11.0,6.0,16.0,33.0,1.0,1.0,0.0,3.0,0.0,5.0,7.0,10.0,16.0,4.0,8.0,10.0,24.0,3.0,12.0,14.0,3.0,0.0,0.39,0.26,0.0,0.0,1.0,0.0,32.48,17.0,16.62,6.0,0.14,0.07,0.07,0.71,0.71,0.7
847794084827028482809,2025,Ehlers-Stankoven-Blake,CAR,line,5on5,34,14218.0,165.0,0.62,0.65,0.63,141.96,12.18,8.99,35.96,4.69,75.87,56.31,11.87,12.15,11.83,122.0,72.0,92.0,286.0,9.0,15.0,1.0,34.0,1.0,75.0,60.0,113.0,185.0,16.0,34.0,91.0,31.0,25.0,79.0,154.0,26.0,14.0,5.23,3.11,3.84,5.0,3.0,1.0,282.93,194.0,192.59,30.0,1.87,2.95,2.84,11.21,11.08,10.93,85.07,7.54,5.53,20.51,2.75,45.54,34.14,7.32,7.54,7.33,77.0,39.0,39.0,155.0,4.0,7.0,0.0,20.0,1.0,34.0,50.0,73.0,112.0,12.0,24.0,132.0,111.0,20.0,72.0,82.0,28.0,6.0,2.52,3.33,1.68,3.0,1.0,0.0,154.9,116.0,116.08,39.0,1.16,1.5,1.5,7.2,7.25,7.13
848155984817218482110,2025,Hughes-Mercer-Gritsyuk,NJD,line,5on5,4,1670.0,16.0,0.87,0.75,0.81,20.69,1.38,1.32,5.24,0.71,11.46,8.89,1.36,1.38,1.36,15.0,14.0,13.0,42.0,2.0,3.0,0.0,1.0,0.0,11.0,12.0,13.0,27.0,2.0,4.0,10.0,4.0,6.0,8.0,23.0,6.0,0.0,0.63,0.75,0.0,2.0,0.0,0.0,41.35,29.0,28.5,4.0,0.27,0.22,0.22,1.43,1.43,1.42,4.93,0.2,0.26,1.11,0.16,3.02,2.24,0.2,0.21,0.21,3.0,4.0,7.0,14.0,0.0,0.0,0.0,0.0,0.0,3.0,4.0,3.0,7.0,1.0,2.0,7.0,9.0,2.0,13.0,7.0,0.0,0.0,0.2,0.0,0.0,0.0,0.0,0.0,14.38,7.0,7.38,9.0,0.06,0.0,0.0,0.26,0.27,0.27
847745084774798482172,2025,Slaggert-Dickinson-Bertuzzi,CHI,line,5on5,4,1299.0,31.0,0.62,0.54,0.63,9.56,1.24,0.68,2.01,0.34,4.29,3.44,1.22,1.19,1.17,8.0,4.0,3.0,15.0,3.0,1.0,0.0,2.0,0.0,3.0,3.0,5.0,9.0,0.0,0.0,10.0,12.0,0.0,5.0,6.0,4.0,2.0,0.23,0.42,0.59,2.0,1.0,0.0,14.23,12.0,11.47,2.0,0.14,0.25,0.25,1.13,1.06,1.06,5.35,0.75,0.43,0.91,0.15,2.8,1.96,0.75,0.76,0.76,5.0,2.0,6.0,13.0,1.0,0.0,0.0,0.0,0.0,3.0,3.0,4.0,6.0,1.0,2.0,18.0,7.0,3.0,7.0,3.0,4.0,0.0,0.16,0.59,0.0,1.0,0.0,0.0,13.75,7.0,7.2,3.0,0.09,0.0,0.0,0.84,0.86,0.86
84808658481593,2025,Struble-Dobson,MTL,pairing,5on5,16,2176.0,144.0,0.53,0.42,0.48,15.94,1.55,1.03,3.79,0.59,8.52,6.51,1.49,1.56,1.51,13.0,9.0,5.0,27.0,1.0,2.0,0.0,2.0,0.0,7.0,10.0,12.0,21.0,2.0,4.0,14.0,11.0,4.0,11.0,15.0,5.0,2.0,0.49,0.51,0.54,1.0,0.0,0.0,27.0,22.0,21.92,7.0,0.21,0.54,0.63,1.13,1.11,1.1,17.97,1.35,1.04,4.73,0.61,9.07,7.19,1.35,1.37,1.37,18.0,6.0,14.0,38.0,1.0,1.0,0.0,6.0,0.0,6.0,10.0,17.0,23.0,4.0,8.0,11.0,14.0,5.0,6.0,17.0,7.0,0.0,0.53,0.83,0.0,0.0,1.0,0.0,38.57,24.0,24.35,1.0,0.22,0.11,0.11,1.47,1.5,1.49
847578684764548478402,2025,Hyman-Mcdavid-Nugent-Hopkins,EDM,line,5on5,16,9485.0,38.0,0.67,0.58,0.58,112.63,12.73,8.73,25.46,3.83,58.04,42.21,11.55,12.68,11.53,106.0,45.0,40.0,191.0,11.0,19.0,2.0,19.0,0.0,49.0,53.0,95.0,140.0,11.0,30.0,67.0,23.0,10.0,42.0,100.0,34.0,17.0,3.21,4.28,5.23,3.0,4.0,4.0,193.78,151.0,151.31,17.0,1.84,4.98,4.79,9.78,9.8,9.51,79.21,6.35,5.36,19.62,2.67,44.02,31.98,6.17,6.29,6.11,73.0,37.0,28.0,138.0,6.0,8.0,2.0,12.0,0.0,42.0,42.0,67.0,104.0,15.0,36.0,71.0,47.0,11.0,49.0,87.0,19.0,4.0,2.65,2.66,1.04,3.0,1.0,2.0,136.2,110.0,109.22,25.0,1.12,1.16,1.16,6.3,6.26,6.17
847846284815828484158,2025,Robertson-Roy-Cowan,TOR,line,5on5,6,1877.0,50.0,0.69,0.61,0.67,21.23,1.74,1.38,4.91,0.72,12.06,9.19,1.72,1.73,1.71,15.0,15.0,6.0,36.0,1.0,1.0,0.0,0.0,0.0,11.0,17.0,14.0,29.0,0.0,0.0,13.0,21.0,1.0,9.0,23.0,5.0,2.0,0.68,0.58,0.48,0.0,0.0,1.0,35.81,30.0,29.76,2.0,0.28,0.27,0.27,1.75,1.76,1.75,10.79,0.79,0.78,2.66,0.36,5.92,4.48,0.78,0.82,0.8,12.0,3.0,8.0,23.0,0.0,1.0,0.0,3.0,0.0,6.0,5.0,12.0,15.0,3.0,6.0,12.0,13.0,5.0,14.0,12.0,2.0,1.0,0.4,0.17,0.23,0.0,0.0,0.0,24.03,15.0,15.42,7.0,0.16,0.23,0.23,0.73,0.75,0.74
84808038480834,2025,Bouchard-Emberson,EDM,pairing,5on5,16,742.0,124.0,0.23,0.32,0.29,4.46,0.31,0.24,0.98,0.14,2.3,2.03,0.31,0.32,0.32,5.0,1.0,4.0,10.0,0.0,0.0,0.0,1.0,0.0,0.0,5.0,5.0,6.0,1.0,2.0,0.0,9.0,0.0,3.0,6.0,0.0,0.0,0.31,0.0,0.0,0.0,0.0,0.0,10.15,6.0,6.14,3.0,0.05,0.0,0.0,0.36,0.37,0.37,10.77,1.06,0.74,2.51,0.37,5.55,4.76,1.05,1.05,1.04,7.0,8.0,6.0,21.0,0.0,1.0,0.0,3.0,0.0,5.0,6.0,7.0,15.0,1.0,2.0,1.0,3.0,1.0,5.0,10.0,3.0,2.0,0.3,0.34,0.42,0.0,0.0,0.0,20.69,15.0,14.88,1.0,0.16,0.21,0.21,1.01,1.02,1.01
847843884815778485414,2025,Novak-Kindel-Tomasino,PIT,line,5on5,3,1812.0,7.0,0.64,0.47,0.51,14.15,1.37,1.11,3.02,0.45,7.55,5.5,1.36,1.44,1.43,11.0,8.0,8.0,27.0,0.0,0.0,0.0,4.0,0.0,6.0,9.0,11.0,19.0,1.0,2.0,10.0,8.0,2.0,12.0,15.0,3.0,1.0,0.69,0.42,0.26,0.0,0.0,0.0,29.01,19.0,19.88,5.0,0.23,0.0,0.0,1.6,1.68,1.67,13.16,0.77,0.89,3.84,0.44,7.2,4.84,0.75,0.73,0.71,11.0,7.0,13.0,31.0,1.0,2.0,0.0,3.0,0.0,6.0,6.0,10.0,17.0,0.0,0.0,14.0,24.0,1.0,16.0,16.0,2.0,0.0,0.53,0.24,0.0,1.0,0.0,0.0,29.34,18.0,17.27,5.0,0.19,0.2,0.2,0.76,0.72,0.72
84784688481527,2025,Lauzon-Korczak,VGK,pairing,5on5,24,13095.0,92.0,0.52,0.5,0.5,95.78,6.65,5.96,23.91,3.1,54.05,40.33,6.55,6.74,6.64,83.0,51.0,61.0,195.0,12.0,3.0,1.0,22.0,0.0,51.0,46.0,71.0,122.0,20.0,51.0,112.0,145.0,11.0,66.0,104.0,27.0,3.0,2.86,2.95,0.84,4.0,6.0,2.0,195.9,134.0,134.35,33.0,1.23,0.58,0.58,7.3,7.38,7.32,95.13,6.18,5.91,25.6,3.32,52.51,38.49,5.99,6.34,6.14,70.0,62.0,62.0,194.0,6.0,10.0,1.0,19.0,0.0,47.0,50.0,64.0,126.0,14.0,40.0,103.0,100.0,9.0,60.0,109.0,18.0,5.0,2.77,2.06,1.35,2.0,3.0,1.0,193.97,132.0,132.96,31.0,1.23,1.51,1.51,5.89,5.96,5.84
847793584784218482713,2025,Greer-Bennett-Samoskevich,FLA,line,5on5,14,1128.0,167.0,0.31,0.56,0.59,12.14,0.8,0.81,3.14,0.46,6.86,4.93,0.79,0.75,0.74,12.0,5.0,8.0,25.0,0.0,1.0,0.0,5.0,0.0,7.0,4.0,12.0,17.0,1.0,2.0,4.0,7.0,1.0,3.0,14.0,3.0,0.0,0.44,0.36,0.0,0.0,0.0,0.0,23.25,17.0,15.83,1.0,0.17,0.06,0.06,0.91,0.85,0.84,9.48,1.76,0.78,2.11,0.3,3.92,3.13,1.73,1.83,1.8,7.0,5.0,8.0,20.0,1.0,1.0,0.0,2.0,0.0,3.0,5.0,6.0,11.0,1.0,2.0,10.0,9.0,1.0,5.0,5.0,4.0,3.0,0.22,0.55,0.99,0.0,0.0,1.0,21.7,12.0,12.74,3.0,0.17,0.38,0.38,1.55,1.66,1.65
847574584764328482705,2025,Jenner-Sillinger-Coyle,CBJ,line,5on5,6,630.0,64.0,0.9,0.83,0.82,7.16,0.95,0.56,1.57,0.19,3.17,2.56,0.89,0.98,0.92,8.0,1.0,6.0,15.0,3.0,1.0,1.0,1.0,0.0,4.0,0.0,5.0,6.0,1.0,2.0,11.0,5.0,2.0,3.0,4.0,3.0,2.0,0.13,0.34,0.49,0.0,3.0,0.0,15.67,9.0,9.46,1.0,0.12,0.14,0.14,0.93,0.96,0.93,1.42,0.1,0.11,0.35,0.05,0.77,0.63,0.1,0.09,0.09,1.0,1.0,1.0,3.0,0.0,0.0,0.0,0.0,0.0,0.0,2.0,1.0,2.0,1.0,2.0,2.0,4.0,0.0,2.0,1.0,1.0,0.0,0.02,0.08,0.0,0.0,0.0,0.0,2.83,2.0,1.8,2.0,0.02,0.0,0.0,0.12,0.11,0.11
847744684820628482103,2025,Wiesblatt-Mccarron-Smith,NSH,line,5on5,10,4560.0,23.0,0.62,0.58,0.59,39.27,3.12,2.83,10.41,1.37,21.04,15.22,3.04,3.09,3.01,35.0,19.0,22.0,76.0,4.0,6.0,1.0,8.0,0.0,20.0,16.0,31.0,50.0,6.0,18.0,47.0,63.0,4.0,18.0,41.0,10.0,3.0,1.28,1.09,0.76,2.0,1.0,1.0,74.16,54.0,52.91,7.0,0.59,0.79,0.79,2.92,2.88,2.84,27.68,1.88,1.71,7.12,0.92,15.21,11.16,1.87,1.96,1.94,25.0,13.0,18.0,56.0,4.0,1.0,1.0,5.0,0.0,13.0,15.0,21.0,34.0,4.0,14.0,43.0,35.0,6.0,14.0,31.0,6.0,1.0,0.85,0.67,0.36,2.0,1.0,1.0,57.81,38.0,39.29,5.0,0.35,0.36,0.36,1.87,1.93,1.92
84775048480049,2025,Morrissey-Samberg,WPG,pairing,5on5,19,1036.0,168.0,0.67,0.6,0.62,9.56,0.89,0.62,2.15,0.32,4.83,4.19,0.87,0.85,0.84,9.0,4.0,5.0,18.0,1.0,1.0,0.0,4.0,0.0,1.0,6.0,8.0,12.0,2.0,7.0,2.0,5.0,2.0,2.0,10.0,2.0,1.0,0.39,0.2,0.29,0.0,1.0,0.0,17.37,13.0,12.66,0.0,0.13,0.29,0.29,0.72,0.71,0.71,6.08,0.45,0.41,1.3,0.18,3.42,2.24,0.44,0.44,0.43,4.0,4.0,4.0,12.0,1.0,0.0,0.0,1.0,0.0,3.0,3.0,3.0,7.0,1.0,5.0,0.0,4.0,0.0,4.0,5.0,3.0,0.0,0.12,0.33,0.0,0.0,1.0,0.0,11.86,8.0,7.78,1.0,0.08,0.0,0.0,0.53,0.52,0.51
847749784808938481716,2025,Voronkov-Monahan-Marchenko,CBJ,line,5on5,19,8970.0,116.0,0.49,0.52,0.52,99.42,7.58,6.08,25.0,3.23,51.04,39.07,7.35,7.67,7.44,88.0,44.0,48.0,180.0,9.0,10.0,1.0,23.0,0.0,49.0,41.0,79.0,123.0,10.0,20.0,86.0,54.0,14.0,43.0,104.0,23.0,5.0,3.25,2.93,1.4,3.0,5.0,1.0,180.12,132.0,132.26,27.0,1.27,1.41,1.41,7.44,7.51,7.36,92.57,7.97,5.98,24.79,2.94,47.74,34.59,7.54,7.98,7.54,91.0,33.0,42.0,166.0,4.0,13.0,1.0,19.0,0.0,43.0,45.0,87.0,120.0,6.0,12.0,107.0,37.0,13.0,44.0,92.0,23.0,9.0,2.38,2.8,2.79,0.0,3.0,1.0,166.23,124.0,124.05,18.0,1.25,2.74,2.74,6.48,6.46,6.3
847641984774948481601,2025,Drouin-Pageau-Holmstrom,NYI,line,5on5,4,802.0,31.0,0.79,0.55,0.68,10.12,0.4,0.6,2.69,0.39,6.35,4.57,0.4,0.37,0.37,8.0,7.0,1.0,16.0,1.0,0.0,0.0,4.0,0.0,5.0,5.0,7.0,14.0,1.0,2.0,7.0,1.0,0.0,3.0,15.0,0.0,0.0,0.4,0.0,0.0,1.0,0.0,0.0,15.07,15.0,14.18,0.0,0.12,0.0,0.0,0.52,0.49,0.48,4.56,0.11,0.24,1.52,0.19,2.79,2.15,0.11,0.11,0.11,2.0,5.0,6.0,13.0,0.0,1.0,0.0,0.0,0.0,2.0,4.0,2.0,7.0,0.0,0.0,7.0,3.0,0.0,5.0,7.0,0.0,0.0,0.11,0.0,0.0,0.0,0.0,0.0,13.7,7.0,7.36,4.0,0.05,0.01,0.01,0.14,0.15,0.15
84789118479345,2025,Chychrun-Roy,WSH,pairing,5on5,40,27491.0,81.0,0.56,0.55,0.56,284.2,24.29,18.45,71.87,9.83,152.42,115.14,23.28,24.61,23.52,253.0,139.0,143.0,535.0,29.0,30.0,6.0,54.0,0.0,132.0,147.0,224.0,363.0,32.0,69.0,203.0,156.0,35.0,108.0,299.0,69.0,24.0,9.27,8.39,6.64,13.0,11.0,5.0,537.11,392.0,395.18,53.0,3.86,5.83,6.08,22.07,22.21,21.73,229.85,19.13,14.54,58.36,7.71,122.82,91.44,18.75,19.26,18.87,213.0,101.0,119.0,433.0,11.0,22.0,2.0,49.0,0.0,111.0,121.0,202.0,303.0,34.0,71.0,227.0,164.0,38.0,133.0,241.0,53.0,20.0,7.44,6.46,5.23,4.0,3.0,4.0,434.72,314.0,315.14,66.0,3.01,3.71,4.06,18.08,18.24,18.04
847456484752878476539,2025,Stamkos-Haula-Marchessault,NSH,line,5on5,17,4954.0,131.0,0.55,0.48,0.49,35.45,3.62,2.54,9.24,1.24,18.85,13.51,3.51,3.55,3.45,30.0,19.0,26.0,75.0,0.0,5.0,0.0,4.0,0.0,17.0,23.0,30.0,49.0,2.0,4.0,44.0,28.0,4.0,31.0,35.0,9.0,5.0,1.2,0.95,1.46,0.0,0.0,0.0,73.21,49.0,47.98,17.0,0.54,1.46,1.46,2.69,2.62,2.6,36.54,2.92,2.48,9.22,1.29,20.71,14.37,2.82,3.01,2.91,31.0,20.0,29.0,80.0,2.0,4.0,1.0,9.0,0.0,15.0,21.0,29.0,49.0,3.0,6.0,40.0,26.0,7.0,34.0,38.0,11.0,2.0,1.07,1.33,0.52,0.0,2.0,0.0,83.45,51.0,52.84,19.0,0.52,0.67,0.67,2.77,2.86,2.79
847569284784938478864,2025,Kaprizov-Eriksson Ek-Zuccarello,MIN,line,5on5,14,806.0,139.0,0.42,0.35,0.42,5.87,0.3,0.34,1.41,0.18,3.23,2.53,0.3,0.31,0.31,8.0,0.0,0.0,8.0,1.0,0.0,0.0,1.0,0.0,3.0,3.0,7.0,7.0,1.0,2.0,0.0,2.0,0.0,6.0,7.0,1.0,0.0,0.21,0.09,0.0,1.0,0.0,0.0,8.42,8.0,8.43,2.0,0.07,0.0,0.0,0.37,0.38,0.38,8.17,0.42,0.4,2.04,0.25,4.75,3.13,0.42,0.42,0.41,5.0,6.0,4.0,15.0,0.0,1.0,0.0,2.0,0.0,5.0,3.0,5.0,11.0,0.0,0.0,2.0,6.0,1.0,3.0,10.0,1.0,0.0,0.27,0.15,0.0,0.0,0.0,0.0,14.74,11.0,10.74,1.0,0.08,0.15,0.15,0.34,0.34,0.33
84757958480796,2025,Fehervary-Mcilrath,WSH,pairing,5on5,4,909.0,26.0,0.46,0.42,0.5,3.22,0.14,0.2,0.86,0.12,2.16,1.53,0.14,0.13,0.13,2.0,3.0,5.0,10.0,0.0,0.0,0.0,0.0,0.0,3.0,2.0,2.0,5.0,1.0,2.0,8.0,6.0,1.0,4.0,5.0,0.0,0.0,0.14,0.0,0.0,0.0,0.0,0.0,9.75,5.0,4.92,1.0,0.04,0.0,0.0,0.17,0.17,0.17,3.01,0.16,0.22,0.74,0.13,2.09,1.66,0.16,0.16,0.16,2.0,3.0,9.0,14.0,0.0,0.0,0.0,1.0,0.0,2.0,2.0,2.0,5.0,1.0,2.0,9.0,10.0,1.0,3.0,4.0,1.0,0.0,0.08,0.08,0.0,0.0,0.0,0.0,13.39,5.0,4.69,2.0,0.04,0.0,0.0,0.21,0.2,0.2
847418984802088482116,2025,Eller-Sttzle-Batherson,OTT,line,5on5,10,888.0,109.0,0.66,0.65,0.59,7.19,0.54,0.45,1.96,0.24,3.98,2.84,0.53,0.55,0.54,5.0,5.0,7.0,17.0,0.0,1.0,0.0,1.0,0.0,6.0,2.0,5.0,10.0,1.0,2.0,12.0,3.0,1.0,6.0,8.0,1.0,1.0,0.23,0.09,0.22,0.0,0.0,0.0,16.43,10.0,9.72,0.0,0.09,0.22,0.22,0.41,0.4,0.4,5.18,0.27,0.26,1.25,0.16,2.92,2.13,0.27,0.26,0.26,5.0,2.0,2.0,9.0,0.0,0.0,0.0,0.0,0.0,4.0,3.0,5.0,7.0,0.0,0.0,4.0,6.0,0.0,8.0,6.0,1.0,0.0,0.18,0.09,0.0,0.0,0.0,0.0,9.0,7.0,7.06,4.0,0.05,0.0,0.0,0.32,0.31,0.31
84765258480049,2025,Samberg-Miller,WPG,pairing,5on5,8,684.0,56.0,0.46,0.35,0.29,2.78,0.16,0.2,0.61,0.09,1.66,1.28,0.16,0.17,0.17,3.0,1.0,3.0,7.0,0.0,0.0,0.0,1.0,0.0,1.0,2.0,3.0,4.0,1.0,2.0,5.0,2.0,2.0,4.0,4.0,0.0,0.0,0.16,0.0,0.0,0.0,0.0,0.0,6.89,4.0,4.12,1.0,0.04,0.0,0.0,0.2,0.21,0.21,7.31,0.19,0.34,1.95,0.23,3.99,3.31,0.19,0.2,0.2,10.0,0.0,3.0,13.0,0.0,1.0,0.0,2.0,0.0,4.0,3.0,10.0,10.0,0.0,0.0,4.0,11.0,0.0,1.0,10.0,0.0,0.0,0.19,0.0,0.0,0.0,0.0,0.0,13.83,10.0,10.52,0.0,0.07,0.03,0.03,0.23,0.24,0.24
84817198482655,2025,Moser-Crozier,TBL,pairing,5on5,20,1956.0,133.0,0.61,0.56,0.54,21.52,2.58,1.29,5.36,0.68,10.11,7.97,2.43,2.63,2.48,19.0,9.0,9.0,37.0,4.0,5.0,0.0,5.0,0.0,9.0,5.0,15.0,24.0,4.0,8.0,7.0,13.0,1.0,2.0,16.0,8.0,4.0,0.44,0.99,1.15,2.0,2.0,0.0,38.35,28.0,28.76,0.0,0.27,1.32,1.32,1.53,1.58,1.54,18.01,1.64,1.02,4.32,0.59,9.1,7.34,1.6,1.64,1.6,17.0,7.0,5.0,29.0,1.0,3.0,0.0,3.0,0.0,9.0,8.0,16.0,23.0,1.0,2.0,10.0,16.0,2.0,5.0,18.0,4.0,2.0,0.61,0.41,0.62,0.0,0.0,1.0,28.02,24.0,23.8,2.0,0.21,0.53,0.53,1.31,1.32,1.3
847516984800128480748,2025,Sherwood-Pettersson-Kane,VAN,line,5on5,13,2752.0,119.0,0.34,0.44,0.47,22.25,1.47,1.36,5.68,0.76,12.42,9.32,1.46,1.46,1.45,17.0,14.0,10.0,41.0,2.0,1.0,0.0,4.0,0.0,14.0,10.0,15.0,29.0,5.0,10.0,28.0,24.0,4.0,19.0,26.0,5.0,0.0,0.82,0.64,0.0,2.0,0.0,0.0,40.44,31.0,30.45,7.0,0.28,0.13,0.13,1.62,1.63,1.62,26.42,2.85,1.78,6.18,0.76,13.4,10.03,2.73,2.83,2.71,28.0,7.0,17.0,52.0,5.0,2.0,1.0,7.0,0.0,11.0,10.0,23.0,30.0,6.0,12.0,26.0,20.0,7.0,15.0,26.0,4.0,5.0,0.86,0.57,1.42,3.0,0.0,2.0,53.41,35.0,36.1,6.0,0.38,0.54,0.54,2.69,2.7,2.64
847647484768228477996,2025,Lammikko-Glendening-Noesen,NJD,line,5on5,6,2091.0,24.0,0.28,0.29,0.24,7.55,0.8,0.61,2.01,0.31,4.42,2.85,0.74,0.76,0.71,8.0,3.0,7.0,18.0,1.0,1.0,0.0,0.0,0.0,7.0,2.0,7.0,10.0,7.0,20.0,15.0,15.0,2.0,8.0,8.0,2.0,1.0,0.18,0.29,0.33,1.0,0.0,0.0,17.19,11.0,10.7,8.0,0.13,0.33,0.33,0.6,0.57,0.56,25.5,2.08,1.64,6.57,0.85,13.64,10.21,2.05,2.11,2.08,23.0,12.0,10.0,45.0,2.0,3.0,1.0,6.0,0.0,11.0,13.0,21.0,33.0,4.0,14.0,13.0,14.0,2.0,3.0,28.0,4.0,3.0,0.74,0.57,0.77,0.0,2.0,0.0,43.97,35.0,34.96,2.0,0.34,0.72,0.72,1.7,1.71,1.7
847793584800038482713,2025,Boqvist-Bennett-Samoskevich,FLA,line,5on5,12,5027.0,67.0,0.5,0.48,0.5,44.55,2.69,2.62,11.78,1.51,24.32,18.07,2.61,2.73,2.65,34.0,27.0,20.0,81.0,2.0,5.0,1.0,6.0,0.0,28.0,20.0,32.0,59.0,6.0,17.0,52.0,50.0,0.0,17.0,52.0,8.0,1.0,1.34,1.07,0.29,1.0,0.0,1.0,81.3,61.0,60.88,8.0,0.54,0.7,0.7,2.52,2.55,2.52,42.73,2.72,2.79,10.91,1.49,24.93,18.16,2.69,2.71,2.68,43.0,18.0,28.0,89.0,1.0,2.0,0.0,13.0,0.0,21.0,24.0,42.0,60.0,5.0,13.0,39.0,28.0,10.0,19.0,53.0,6.0,2.0,1.43,0.72,0.57,1.0,0.0,0.0,86.81,61.0,60.26,8.0,0.57,0.45,0.45,2.84,2.81,2.78
84788548484839,2025,Shea-Brunicke,PIT,pairing,5on5,6,996.0,38.0,0.4,0.46,0.38,5.8,0.47,0.36,1.5,0.19,3.21,2.26,0.47,0.46,0.46,5.0,3.0,4.0,12.0,0.0,1.0,0.0,2.0,0.0,2.0,3.0,5.0,8.0,0.0,0.0,4.0,5.0,0.0,3.0,6.0,1.0,1.0,0.12,0.12,0.24,0.0,0.0,0.0,11.24,8.0,7.56,1.0,0.07,0.24,0.24,0.3,0.3,0.29,9.27,0.72,0.62,2.03,0.3,5.43,3.91,0.67,0.74,0.68,10.0,3.0,1.0,14.0,0.0,2.0,0.0,3.0,0.0,6.0,2.0,10.0,13.0,2.0,4.0,2.0,12.0,0.0,3.0,10.0,3.0,0.0,0.32,0.41,0.0,0.0,0.0,0.0,14.75,13.0,13.23,2.0,0.13,0.32,0.32,0.54,0.54,0.53
84740138477220,2025,Schmidt-Cole,UTA,pairing,5on5,35,2878.0,315.0,0.82,0.65,0.74,30.77,2.7,1.8,7.68,1.01,16.19,12.63,2.61,2.7,2.62,30.0,12.0,9.0,51.0,1.0,5.0,1.0,10.0,0.0,11.0,15.0,29.0,41.0,3.0,6.0,13.0,17.0,1.0,12.0,34.0,4.0,4.0,0.84,0.64,1.22,0.0,0.0,1.0,51.37,42.0,41.97,8.0,0.38,1.17,1.17,1.9,1.94,1.92,10.98,0.58,0.65,2.59,0.33,6.18,4.68,0.57,0.58,0.57,5.0,10.0,12.0,27.0,0.0,0.0,0.0,3.0,0.0,4.0,8.0,5.0,15.0,2.0,4.0,12.0,19.0,5.0,15.0,14.0,1.0,0.0,0.41,0.17,0.0,0.0,0.0,0.0,28.05,15.0,15.51,7.0,0.13,0.0,0.0,0.71,0.72,0.7
84752188478013,2025,Ekholm-Walman,EDM,pairing,5on5,13,2736.0,85.0,0.49,0.55,0.49,22.25,1.98,1.54,5.39,0.78,11.85,9.46,1.93,1.99,1.93,19.0,12.0,16.0,47.0,2.0,4.0,0.0,5.0,0.0,14.0,6.0,17.0,29.0,2.0,4.0,18.0,10.0,1.0,14.0,23.0,6.0,2.0,0.86,0.68,0.45,2.0,0.0,0.0,46.15,31.0,30.4,4.0,0.32,0.57,0.57,1.73,1.74,1.73,22.54,2.04,1.6,5.08,0.8,13.26,9.22,2.01,2.04,2.01,17.0,15.0,6.0,38.0,2.0,1.0,0.0,4.0,0.0,13.0,12.0,15.0,30.0,2.0,4.0,23.0,13.0,3.0,11.0,23.0,7.0,2.0,0.78,0.82,0.45,0.0,1.0,1.0,38.49,32.0,32.47,5.0,0.33,0.14,0.14,2.23,2.23,2.2
84764228484428,2025,Reilly-Legault,CAR,pairing,5on5,8,4465.0,28.0,0.51,0.55,0.55,38.53,2.63,2.29,10.83,1.3,20.23,14.73,2.56,2.72,2.65,31.0,21.0,21.0,73.0,1.0,2.0,0.0,7.0,0.0,26.0,16.0,30.0,51.0,5.0,10.0,38.0,25.0,7.0,22.0,43.0,7.0,2.0,1.18,0.85,0.6,1.0,0.0,0.0,76.0,52.0,54.0,8.0,0.48,0.57,0.57,2.53,2.64,2.58,31.06,2.48,1.93,7.89,1.03,16.37,12.3,2.39,2.39,2.29,28.0,14.0,18.0,60.0,1.0,3.0,0.0,4.0,0.0,10.0,24.0,27.0,41.0,4.0,8.0,46.0,42.0,10.0,17.0,30.0,10.0,2.0,0.8,1.12,0.56,0.0,1.0,0.0,57.49,42.0,40.68,11.0,0.4,0.67,0.67,2.21,2.13,2.07
847714984808768482090,2025,Douglas-Finley-Sabourin,TBL,line,5on5,3,1334.0,8.0,0.77,0.6,0.66,16.8,2.07,0.99,4.21,0.64,8.57,6.53,1.81,2.1,1.82,13.0,10.0,3.0,26.0,2.0,4.0,0.0,3.0,0.0,10.0,4.0,11.0,21.0,2.0,4.0,12.0,22.0,0.0,6.0,16.0,3.0,4.0,0.55,0.32,1.2,1.0,1.0,0.0,25.89,23.0,23.09,3.0,0.21,1.2,1.2,1.08,1.09,1.0,8.53,0.61,0.52,1.9,0.28,5.0,3.69,0.6,0.66,0.64,9.0,3.0,5.0,17.0,1.0,0.0,0.0,3.0,0.0,5.0,3.0,8.0,11.0,1.0,2.0,15.0,13.0,1.0,7.0,10.0,2.0,0.0,0.39,0.23,0.0,1.0,0.0,0.0,18.37,12.0,12.95,4.0,0.11,0.0,0.0,0.72,0.78,0.75
847464184793658483512,2025,Frederic-Henrique-Savoie,EDM,line,5on5,10,2957.0,69.0,0.51,0.51,0.49,18.66,1.94,1.15,4.21,0.58,9.16,7.96,1.91,1.98,1.95,17.0,8.0,11.0,36.0,1.0,1.0,0.0,2.0,0.0,7.0,14.0,16.0,24.0,2.0,7.0,21.0,17.0,2.0,7.0,19.0,4.0,2.0,0.63,0.49,0.83,1.0,0.0,0.0,36.53,25.0,25.37,5.0,0.24,0.44,0.44,1.75,1.74,1.73,20.04,1.89,1.43,4.49,0.63,10.2,7.36,1.84,1.92,1.87,16.0,10.0,9.0,35.0,1.0,1.0,0.0,4.0,0.0,10.0,10.0,15.0,25.0,3.0,9.0,16.0,20.0,3.0,19.0,18.0,6.0,2.0,0.6,0.83,0.46,1.0,0.0,0.0,34.45,26.0,25.83,6.0,0.3,0.24,0.24,1.94,1.96,1.94
847353384769218482093,2025,Martinook-Staal-Jarvis,CAR,line,5on5,4,730.0,35.0,0.49,0.62,0.56,6.76,0.51,0.45,1.8,0.22,3.44,2.59,0.5,0.54,0.53,6.0,3.0,4.0,13.0,0.0,0.0,0.0,1.0,0.0,5.0,3.0,6.0,9.0,1.0,2.0,15.0,6.0,0.0,0.0,6.0,3.0,0.0,0.17,0.35,0.0,0.0,0.0,0.0,14.0,9.0,9.68,0.0,0.1,0.0,0.0,0.61,0.65,0.63,5.21,0.53,0.35,1.29,0.18,2.79,1.87,0.49,0.49,0.45,3.0,4.0,1.0,8.0,1.0,1.0,1.0,0.0,0.0,4.0,1.0,2.0,6.0,2.0,4.0,7.0,8.0,1.0,1.0,3.0,4.0,0.0,0.08,0.45,0.0,0.0,1.0,0.0,7.19,7.0,6.33,1.0,0.07,0.09,0.09,0.52,0.47,0.45
847842184785428480003,2025,Greer-Rodrigues-Boqvist,FLA,line,5on5,12,1070.0,119.0,0.33,0.43,0.35,5.4,0.53,0.41,1.39,0.17,2.63,1.86,0.5,0.51,0.48,3.0,4.0,5.0,12.0,2.0,1.0,1.0,1.0,0.0,2.0,1.0,1.0,5.0,1.0,2.0,8.0,14.0,1.0,10.0,4.0,3.0,0.0,0.09,0.44,0.0,0.0,2.0,0.0,11.45,7.0,6.78,6.0,0.09,0.17,0.17,0.45,0.44,0.44,9.81,1.11,0.76,2.36,0.32,4.82,3.62,1.1,1.19,1.19,9.0,4.0,3.0,16.0,3.0,1.0,0.0,1.0,0.0,4.0,4.0,6.0,10.0,2.0,4.0,7.0,13.0,2.0,5.0,9.0,3.0,1.0,0.36,0.43,0.32,2.0,1.0,0.0,17.08,13.0,13.96,3.0,0.16,0.32,0.32,0.95,1.02,1.02
84799808482111,2025,Hague-Barron,NSH,pairing,5on5,8,898.0,50.0,0.16,0.45,0.17,1.35,0.09,0.1,0.47,0.06,0.75,0.54,0.09,0.1,0.1,1.0,1.0,7.0,9.0,0.0,0.0,0.0,1.0,0.0,1.0,0.0,1.0,2.0,1.0,2.0,8.0,6.0,0.0,6.0,2.0,0.0,0.0,0.09,0.0,0.0,0.0,0.0,0.0,8.79,2.0,2.06,4.0,0.02,0.0,0.0,0.12,0.12,0.12,6.85,0.49,0.43,1.69,0.25,4.04,3.1,0.49,0.51,0.51,7.0,3.0,1.0,11.0,2.0,0.0,0.0,3.0,0.0,5.0,0.0,5.0,8.0,0.0,0.0,5.0,4.0,0.0,4.0,9.0,1.0,0.0,0.31,0.18,0.0,2.0,0.0,0.0,11.94,10.0,10.63,2.0,0.09,0.0,0.0,0.58,0.6,0.6
847749784826608483432,2025,Johnson-Monahan-Del Bel Belluz,CBJ,line,5on5,2,942.0,6.0,0.74,0.59,0.56,6.8,0.63,0.41,2.1,0.22,3.35,2.29,0.61,0.63,0.61,7.0,2.0,4.0,13.0,1.0,1.0,0.0,0.0,0.0,2.0,5.0,6.0,8.0,0.0,0.0,12.0,3.0,1.0,5.0,7.0,1.0,1.0,0.22,0.16,0.25,0.0,1.0,0.0,12.98,9.0,9.06,2.0,0.09,0.25,0.25,0.47,0.46,0.45,4.71,0.22,0.29,1.08,0.17,2.8,2.43,0.22,0.23,0.23,4.0,3.0,2.0,9.0,1.0,0.0,0.0,2.0,0.0,2.0,2.0,3.0,6.0,0.0,0.0,9.0,9.0,0.0,7.0,7.0,0.0,0.0,0.22,0.0,0.0,1.0,0.0,0.0,9.04,7.0,7.07,4.0,0.06,0.0,0.0,0.28,0.29,0.29
84809508481581,2025,Harley-Lyubushkin,DAL,pairing,5on5,23,10548.0,87.0,0.32,0.32,0.32,47.92,4.01,2.92,11.58,1.57,25.31,18.6,3.95,3.92,3.85,47.0,17.0,30.0,94.0,3.0,3.0,0.0,15.0,0.0,19.0,24.0,44.0,61.0,6.0,15.0,82.0,64.0,11.0,52.0,46.0,15.0,3.0,1.48,1.76,0.77,3.0,0.0,0.0,92.41,64.0,63.09,33.0,0.61,0.77,0.77,3.85,3.77,3.75,100.91,8.7,6.35,26.92,3.62,53.09,39.32,8.15,8.77,8.22,92.0,46.0,60.0,198.0,7.0,15.0,1.0,14.0,0.0,37.0,65.0,85.0,131.0,9.0,21.0,84.0,80.0,12.0,46.0,105.0,26.0,7.0,3.43,3.1,2.18,4.0,3.0,0.0,201.7,138.0,140.33,19.0,1.33,3.02,3.02,7.01,7.14,7.01
847961984808558484388,2025,Carcone-Mcbain-But,UTA,line,5on5,11,5326.0,31.0,0.68,0.63,0.59,47.33,5.24,3.91,12.24,2.01,25.13,18.47,4.9,5.23,4.89,42.0,25.0,45.0,112.0,3.0,9.0,1.0,5.0,0.0,31.0,19.0,39.0,64.0,3.0,6.0,36.0,52.0,5.0,17.0,47.0,9.0,11.0,1.38,1.07,2.79,2.0,0.0,1.0,111.71,67.0,66.72,10.0,0.82,2.16,2.16,3.9,3.91,3.86,34.04,2.48,2.41,8.64,1.15,18.64,13.68,2.38,2.46,2.36,37.0,10.0,19.0,66.0,4.0,3.0,0.0,9.0,0.0,17.0,14.0,33.0,43.0,6.0,12.0,54.0,46.0,9.0,14.0,37.0,9.0,1.0,1.19,1.05,0.23,1.0,3.0,0.0,65.16,47.0,46.33,7.0,0.51,0.43,0.43,2.55,2.53,2.46
847793484782338478402,2025,Mangiapane-Draisaitl-Mcdavid,EDM,line,5on5,14,1873.0,160.0,0.59,0.53,0.57,14.7,1.18,0.92,3.66,0.48,8.51,6.24,1.15,1.23,1.2,13.0,8.0,6.0,27.0,1.0,1.0,0.0,3.0,0.0,6.0,10.0,12.0,20.0,0.0,0.0,16.0,1.0,2.0,15.0,16.0,5.0,0.0,0.51,0.67,0.0,1.0,0.0,0.0,27.54,21.0,21.43,4.0,0.19,0.19,0.19,1.18,1.23,1.2,10.78,0.82,0.79,2.77,0.41,6.71,4.5,0.8,0.79,0.77,8.0,8.0,8.0,24.0,2.0,1.0,0.0,1.0,0.0,7.0,5.0,6.0,14.0,0.0,0.0,7.0,12.0,2.0,8.0,11.0,5.0,0.0,0.3,0.53,0.0,1.0,1.0,0.0,23.5,16.0,15.81,4.0,0.16,0.09,0.09,0.9,0.87,0.85
848089384817168484166,2025,Voronkov-Fantilli-Marchenko,CBJ,line,5on5,24,11678.0,106.0,0.55,0.54,0.55,115.77,10.45,8.03,29.43,3.9,60.6,43.61,9.91,10.73,10.17,93.0,63.0,51.0,207.0,10.0,18.0,3.0,20.0,0.0,59.0,49.0,83.0,146.0,9.0,20.0,102.0,58.0,17.0,77.0,111.0,35.0,10.0,3.35,4.28,2.82,4.0,3.0,3.0,211.74,156.0,160.1,38.0,1.68,3.27,3.27,8.86,9.12,8.91,96.25,8.44,6.32,22.71,3.1,50.37,38.06,8.24,8.35,8.15,85.0,44.0,46.0,175.0,9.0,10.0,1.0,16.0,0.0,48.0,46.0,76.0,120.0,10.0,18.0,105.0,65.0,14.0,52.0,95.0,24.0,10.0,2.93,2.96,2.55,4.0,3.0,2.0,173.19,129.0,127.89,27.0,1.32,2.05,2.05,7.71,7.66,7.55
847844484807488482117,2025,Sherwood-Reichel-Boeser,VAN,line,5on5,5,1925.0,28.0,0.29,0.35,0.36,11.9,0.77,0.65,2.61,0.38,6.25,5.33,0.77,0.74,0.74,11.0,5.0,9.0,25.0,3.0,0.0,0.0,1.0,0.0,7.0,5.0,8.0,13.0,2.0,4.0,11.0,24.0,4.0,5.0,13.0,3.0,0.0,0.39,0.38,0.0,1.0,2.0,0.0,23.71,16.0,15.46,1.0,0.13,0.0,0.0,0.91,0.87,0.86,22.23,1.88,1.39,5.8,0.72,10.54,8.66,1.83,1.93,1.88,21.0,8.0,18.0,47.0,1.0,6.0,0.0,4.0,0.0,9.0,9.0,20.0,28.0,0.0,0.0,20.0,11.0,3.0,9.0,22.0,5.0,2.0,0.65,0.79,0.44,1.0,0.0,0.0,48.58,29.0,29.61,7.0,0.29,0.87,0.87,1.3,1.34,1.31
84768568477365,2025,Clifton-Dumba,PIT,pairing,5on5,2,1480.0,5.0,0.57,0.46,0.49,11.72,0.84,0.97,2.98,0.49,7.28,5.44,0.83,0.87,0.85,11.0,7.0,7.0,25.0,0.0,1.0,0.0,2.0,0.0,9.0,6.0,11.0,18.0,2.0,7.0,9.0,16.0,2.0,8.0,15.0,3.0,0.0,0.52,0.33,0.0,0.0,0.0,0.0,25.77,18.0,18.71,3.0,0.2,0.01,0.01,1.03,1.06,1.05,13.81,0.62,0.71,3.61,0.42,7.74,5.89,0.62,0.63,0.62,10.0,9.0,10.0,29.0,1.0,0.0,0.0,3.0,0.0,10.0,5.0,9.0,18.0,2.0,7.0,15.0,15.0,3.0,5.0,17.0,2.0,0.0,0.38,0.24,0.0,0.0,1.0,0.0,28.58,19.0,18.56,3.0,0.15,0.0,0.0,0.77,0.77,0.77
847584884769818478133,2025,Gallagher-Evans-Anderson,MTL,line,5on5,19,6577.0,82.0,0.44,0.49,0.47,54.38,4.64,3.29,13.54,1.83,29.96,21.74,4.38,4.59,4.34,52.0,23.0,33.0,108.0,2.0,8.0,0.0,10.0,1.0,29.0,25.0,50.0,73.0,9.0,27.0,55.0,54.0,10.0,35.0,58.0,11.0,6.0,1.6,1.31,1.72,1.0,0.0,1.0,108.66,75.0,75.92,18.0,0.68,1.51,1.51,3.81,3.79,3.73,63.95,5.91,4.2,17.43,2.28,32.93,23.25,5.39,5.98,5.43,54.0,32.0,25.0,111.0,3.0,13.0,0.0,10.0,0.0,31.0,29.0,51.0,83.0,7.0,23.0,52.0,61.0,11.0,28.0,65.0,16.0,5.0,1.94,2.13,1.84,2.0,1.0,0.0,111.01,86.0,85.79,17.0,0.88,2.66,2.66,4.13,4.14,4.0
847647484768228483531,2025,Halonen-Glendening-Noesen,NJD,line,5on5,3,810.0,12.0,0.5,0.46,0.54,5.2,0.33,0.3,1.21,0.15,2.96,2.06,0.33,0.33,0.33,4.0,3.0,5.0,12.0,0.0,0.0,0.0,1.0,0.0,1.0,5.0,4.0,7.0,0.0,0.0,7.0,4.0,2.0,2.0,5.0,2.0,0.0,0.09,0.24,0.0,0.0,0.0,0.0,12.17,7.0,7.18,0.0,0.06,0.0,0.0,0.4,0.39,0.39,4.44,0.34,0.32,1.0,0.13,2.43,1.78,0.33,0.35,0.35,2.0,4.0,8.0,14.0,0.0,0.0,0.0,1.0,0.0,4.0,1.0,2.0,6.0,0.0,0.0,9.0,8.0,1.0,1.0,5.0,1.0,0.0,0.16,0.17,0.0,0.0,0.0,0.0,14.0,6.0,6.12,0.0,0.07,0.0,0.0,0.4,0.43,0.42
84788418483495,2025,White-Nemec,NJD,pairing,5on5,8,2264.0,48.0,0.46,0.52,0.56,18.62,1.15,1.16,4.97,0.69,11.03,8.01,1.12,1.13,1.1,18.0,9.0,9.0,36.0,1.0,1.0,0.0,4.0,0.0,8.0,13.0,17.0,26.0,2.0,4.0,20.0,13.0,2.0,12.0,22.0,5.0,0.0,0.59,0.56,0.0,0.0,1.0,0.0,34.48,27.0,25.88,7.0,0.24,0.04,0.04,1.34,1.32,1.29,15.5,1.32,1.02,3.92,0.47,8.13,6.15,1.31,1.39,1.38,15.0,6.0,12.0,33.0,1.0,1.0,0.0,3.0,0.0,11.0,5.0,14.0,20.0,1.0,2.0,14.0,15.0,1.0,14.0,15.0,5.0,1.0,0.33,0.67,0.31,1.0,0.0,0.0,34.98,21.0,22.23,10.0,0.21,0.31,0.31,1.22,1.26,1.26
847181784766248480848,2025,Goodrow-Dellandrea-Reaves,SJS,line,5on5,20,2107.0,211.0,0.44,0.5,0.5,17.22,1.23,1.07,4.26,0.59,9.73,7.12,1.21,1.25,1.22,16.0,8.0,13.0,37.0,1.0,0.0,0.0,2.0,0.0,7.0,14.0,15.0,23.0,3.0,9.0,15.0,39.0,4.0,9.0,19.0,5.0,0.0,0.49,0.74,0.0,0.0,1.0,0.0,36.85,24.0,24.0,5.0,0.23,0.0,0.0,1.46,1.48,1.44,17.61,1.6,1.04,4.38,0.57,9.47,6.94,1.56,1.56,1.52,17.0,7.0,13.0,37.0,3.0,2.0,0.0,4.0,0.0,8.0,7.0,14.0,21.0,3.0,9.0,9.0,16.0,4.0,9.0,20.0,2.0,2.0,0.52,0.26,0.82,3.0,0.0,0.0,37.22,24.0,24.22,6.0,0.21,0.44,0.44,1.37,1.36,1.35
847687384769218477478,2025,Martinook-Jankowski-Carrier,CAR,line,5on5,5,892.0,36.0,0.82,0.61,0.75,11.38,1.43,0.89,2.83,0.38,5.55,3.92,1.31,1.37,1.25,12.0,3.0,7.0,22.0,2.0,2.0,0.0,4.0,0.0,3.0,4.0,10.0,13.0,2.0,4.0,8.0,7.0,3.0,7.0,10.0,1.0,4.0,0.38,0.15,0.9,2.0,0.0,0.0,21.26,15.0,14.62,4.0,0.19,0.46,0.46,1.17,1.12,1.06,3.74,0.32,0.28,1.17,0.18,1.75,1.29,0.3,0.34,0.32,2.0,3.0,9.0,14.0,1.0,0.0,0.0,0.0,0.0,3.0,1.0,1.0,4.0,2.0,4.0,6.0,7.0,0.0,3.0,3.0,2.0,0.0,0.08,0.24,0.0,1.0,0.0,0.0,14.67,5.0,5.18,2.0,0.06,0.0,0.0,0.38,0.4,0.38
847464184784588483512,2025,Savoie-Henrique-Roslovic,EDM,line,5on5,11,664.0,133.0,0.45,0.45,0.5,3.34,0.16,0.21,0.84,0.11,2.16,1.53,0.16,0.15,0.15,3.0,2.0,4.0,9.0,1.0,0.0,0.0,0.0,0.0,3.0,1.0,2.0,4.0,2.0,4.0,6.0,4.0,3.0,4.0,5.0,0.0,0.0,0.16,0.0,0.0,1.0,0.0,0.0,8.64,5.0,4.68,1.0,0.04,0.0,0.0,0.2,0.19,0.19,3.77,0.19,0.27,1.02,0.14,1.91,1.48,0.19,0.19,0.19,3.0,2.0,6.0,11.0,0.0,0.0,0.0,1.0,0.0,2.0,2.0,3.0,5.0,1.0,2.0,5.0,4.0,0.0,1.0,4.0,1.0,0.0,0.11,0.08,0.0,0.0,0.0,0.0,11.46,5.0,5.24,1.0,0.06,0.0,0.0,0.25,0.25,0.25
847794684820788484471,2025,Raymond-Larkin-Finnie,DET,line,5on5,38,24329.0,82.0,0.5,0.52,0.51,200.85,16.58,13.39,50.58,6.83,109.51,79.12,16.19,16.72,16.33,174.0,102.0,119.0,395.0,15.0,19.0,3.0,41.0,0.0,90.0,111.0,159.0,261.0,20.0,43.0,236.0,113.0,31.0,125.0,210.0,52.0,14.0,6.22,6.59,3.76,9.0,3.0,3.0,395.76,276.0,275.64,50.0,2.79,4.1,3.82,15.55,15.61,15.42,189.52,16.27,12.09,47.95,6.21,101.37,76.11,15.82,16.33,15.87,155.0,105.0,109.0,369.0,15.0,16.0,4.0,34.0,0.0,88.0,107.0,140.0,245.0,29.0,61.0,220.0,118.0,27.0,130.0,194.0,51.0,15.0,5.91,6.36,4.0,7.0,2.0,6.0,368.91,260.0,260.31,56.0,2.53,3.5,3.5,15.29,15.26,15.08
84768758478851,2025,Matheson-Carrier,MTL,pairing,5on5,36,6576.0,213.0,0.54,0.53,0.54,63.57,5.85,4.31,15.57,2.24,34.32,25.71,5.57,5.97,5.7,55.0,33.0,36.0,124.0,6.0,7.0,0.0,13.0,0.0,38.0,24.0,49.0,82.0,9.0,18.0,54.0,34.0,12.0,23.0,63.0,19.0,6.0,1.87,2.4,1.58,3.0,1.0,2.0,125.9,88.0,89.41,14.0,0.89,1.24,1.24,5.51,5.61,5.47,56.73,5.08,3.71,14.1,1.97,29.1,22.05,4.86,5.04,4.81,42.0,34.0,34.0,110.0,5.0,10.0,2.0,3.0,0.0,23.0,35.0,37.0,71.0,5.0,10.0,51.0,52.0,3.0,23.0,55.0,14.0,7.0,1.62,1.59,1.87,0.0,4.0,1.0,109.72,76.0,75.26,14.0,0.78,1.76,1.76,4.09,4.06,3.97
847740984785428480003,2025,Boqvist-Rodrigues-Verhaeghe,FLA,line,5on5,7,688.0,73.0,0.22,0.26,0.29,2.91,0.14,0.19,0.72,0.09,1.74,1.11,0.14,0.15,0.15,3.0,1.0,1.0,5.0,0.0,0.0,0.0,0.0,0.0,2.0,2.0,3.0,4.0,1.0,2.0,4.0,9.0,2.0,6.0,4.0,0.0,0.0,0.14,0.0,0.0,0.0,0.0,0.0,5.14,4.0,4.18,3.0,0.04,0.0,0.0,0.18,0.2,0.19,7.31,0.5,0.36,2.0,0.23,4.06,2.84,0.5,0.51,0.5,4.0,6.0,4.0,14.0,0.0,0.0,0.0,2.0,0.0,3.0,5.0,4.0,10.0,0.0,0.0,3.0,10.0,0.0,3.0,8.0,2.0,0.0,0.21,0.29,0.0,0.0,0.0,0.0,14.14,10.0,9.98,2.0,0.07,0.0,0.0,0.58,0.58,0.57
847796484784038483890,2025,Barbashev-Eichel-Bowman,VGK,line,5on5,16,10537.0,26.0,0.55,0.48,0.5,91.16,8.12,6.19,22.94,3.01,46.26,35.48,7.82,8.21,7.91,86.0,36.0,41.0,163.0,9.0,9.0,1.0,26.0,0.0,33.0,45.0,77.0,113.0,5.0,10.0,79.0,45.0,11.0,52.0,86.0,29.0,7.0,2.56,3.76,1.8,2.0,7.0,0.0,165.33,122.0,123.39,21.0,1.31,1.47,1.47,7.96,8.05,7.88,88.46,6.69,5.71,22.14,3.35,50.1,36.01,6.47,6.65,6.42,76.0,48.0,51.0,175.0,9.0,10.0,1.0,16.0,0.0,47.0,42.0,67.0,115.0,5.0,10.0,98.0,58.0,21.0,33.0,102.0,17.0,5.0,3.36,1.86,1.47,7.0,1.0,1.0,173.3,124.0,123.09,15.0,1.19,1.89,1.89,5.99,5.93,5.85
847841484800028482110,2025,Mercer-Hischier-Meier,NJD,line,5on5,19,10130.0,56.0,0.54,0.52,0.54,97.43,7.67,6.63,25.94,3.46,51.69,37.61,7.32,7.87,7.49,84.0,49.0,56.0,189.0,6.0,12.0,1.0,17.0,0.0,61.0,37.0,78.0,127.0,8.0,19.0,120.0,40.0,14.0,44.0,101.0,26.0,6.0,2.75,3.29,1.63,2.0,2.0,2.0,190.81,133.0,134.58,20.0,1.39,1.53,1.53,7.53,7.71,7.57,83.17,6.46,5.58,20.81,2.78,45.84,32.52,6.26,6.45,6.24,81.0,33.0,59.0,173.0,7.0,4.0,0.0,14.0,0.0,47.0,42.0,74.0,107.0,10.0,23.0,102.0,59.0,15.0,47.0,88.0,20.0,6.0,2.54,2.52,1.4,3.0,3.0,1.0,174.0,114.0,113.31,24.0,1.17,0.91,0.91,6.72,6.68,6.54
847578484788748484801,2025,Skinner-Celebrini-Gaudette,SJS,line,5on5,1,750.0,1.0,0.49,0.52,0.44,5.86,0.39,0.37,1.26,0.17,3.26,2.55,0.39,0.37,0.37,5.0,3.0,5.0,13.0,0.0,0.0,0.0,2.0,0.0,3.0,3.0,5.0,8.0,0.0,0.0,4.0,3.0,2.0,4.0,6.0,2.0,0.0,0.18,0.21,0.0,0.0,0.0,0.0,12.16,8.0,7.61,2.0,0.08,0.0,0.0,0.47,0.44,0.44,6.8,0.4,0.47,1.69,0.23,4.34,2.88,0.4,0.43,0.43,8.0,2.0,2.0,12.0,1.0,0.0,0.0,1.0,0.0,3.0,5.0,7.0,9.0,1.0,2.0,3.0,3.0,1.0,4.0,8.0,2.0,0.0,0.18,0.22,0.0,0.0,1.0,0.0,12.65,10.0,10.49,1.0,0.1,0.0,0.0,0.5,0.53,0.53
84757958480873,2025,Sandin-Mcilrath,WSH,pairing,5on5,4,1288.0,18.0,0.61,0.44,0.42,7.46,0.79,0.46,1.79,0.27,3.8,2.9,0.78,0.82,0.81,6.0,4.0,7.0,17.0,1.0,0.0,0.0,0.0,0.0,3.0,6.0,5.0,9.0,0.0,0.0,9.0,10.0,0.0,1.0,7.0,2.0,1.0,0.22,0.27,0.3,1.0,0.0,0.0,18.55,10.0,10.82,0.0,0.09,0.0,0.0,0.88,0.92,0.9,9.29,0.5,0.66,2.39,0.36,5.74,4.35,0.49,0.49,0.48,8.0,6.0,8.0,22.0,0.0,1.0,0.0,1.0,0.0,5.0,7.0,8.0,14.0,0.0,0.0,15.0,8.0,1.0,7.0,13.0,1.0,0.0,0.39,0.11,0.0,0.0,0.0,0.0,20.95,14.0,13.35,4.0,0.14,0.01,0.01,0.62,0.61,0.6
84836788484240,2025,Pettersson-Willander,VAN,pairing,5on5,23,6361.0,119.0,0.37,0.43,0.4,36.67,2.97,2.52,9.85,1.3,20.32,14.04,2.87,3.0,2.9,33.0,18.0,29.0,80.0,6.0,4.0,0.0,6.0,0.0,21.0,14.0,27.0,45.0,5.0,10.0,41.0,65.0,5.0,30.0,39.0,9.0,3.0,1.04,1.15,0.78,4.0,1.0,1.0,79.29,51.0,50.42,13.0,0.52,0.8,0.8,2.69,2.71,2.66,57.12,5.06,3.66,14.34,1.81,30.17,21.96,4.9,5.15,4.98,51.0,26.0,28.0,105.0,4.0,9.0,3.0,12.0,0.0,27.0,25.0,47.0,73.0,4.0,11.0,34.0,52.0,8.0,25.0,57.0,13.0,7.0,1.43,1.63,2.01,0.0,1.0,3.0,105.63,77.0,77.16,10.0,0.77,2.2,2.2,3.63,3.58,3.56
847940784800028481721,2025,Bratt-Hischier-Gritsyuk,NJD,line,5on5,5,1340.0,37.0,0.76,0.67,0.68,20.07,1.7,1.31,5.56,0.74,10.33,7.36,1.57,1.69,1.57,18.0,9.0,8.0,35.0,1.0,3.0,0.0,5.0,0.0,10.0,8.0,17.0,26.0,0.0,0.0,19.0,12.0,1.0,6.0,19.0,6.0,2.0,0.57,0.62,0.51,1.0,0.0,0.0,33.24,27.0,26.11,2.0,0.28,0.61,0.61,1.37,1.36,1.26,8.97,0.53,0.55,2.08,0.29,5.6,3.94,0.53,0.53,0.53,6.0,7.0,4.0,17.0,2.0,0.0,0.0,2.0,0.0,3.0,6.0,4.0,11.0,1.0,2.0,11.0,7.0,1.0,7.0,12.0,1.0,0.0,0.41,0.12,0.0,2.0,0.0,0.0,17.4,13.0,13.36,3.0,0.11,0.0,0.0,0.64,0.64,0.64
84764298481014,2025,Romanov-Mayfield,NYI,pairing,5on5,12,4611.0,45.0,0.29,0.34,0.34,25.01,2.02,1.45,7.04,0.87,12.47,9.15,1.97,2.07,2.02,21.0,12.0,11.0,44.0,1.0,4.0,0.0,10.0,1.0,8.0,9.0,20.0,32.0,3.0,8.0,30.0,34.0,4.0,25.0,24.0,8.0,1.0,0.61,1.07,0.34,0.0,1.0,0.0,45.08,33.0,34.02,17.0,0.3,0.69,0.69,1.64,1.68,1.67,47.66,4.89,3.33,12.07,1.52,25.19,17.0,4.7,4.78,4.6,45.0,19.0,23.0,87.0,2.0,7.0,0.0,10.0,0.0,29.0,16.0,43.0,62.0,5.0,13.0,37.0,31.0,8.0,23.0,48.0,6.0,10.0,1.45,0.69,2.76,2.0,0.0,0.0,84.83,64.0,62.49,6.0,0.7,1.49,1.49,4.1,4.03,3.98
84764298485366,2025,Schaefer-Mayfield,NYI,pairing,5on5,40,12873.0,218.0,0.51,0.49,0.52,95.64,8.04,6.55,23.44,3.26,53.23,38.48,7.87,8.02,7.85,97.0,36.0,55.0,188.0,9.0,11.0,1.0,19.0,0.0,52.0,42.0,88.0,124.0,15.0,36.0,80.0,69.0,12.0,44.0,100.0,28.0,5.0,3.17,3.41,1.47,6.0,2.0,1.0,185.58,133.0,131.25,22.0,1.35,1.63,1.63,7.77,7.73,7.66,90.97,7.84,6.64,21.79,3.04,49.09,36.6,7.52,7.91,7.58,79.0,46.0,70.0,195.0,10.0,10.0,0.0,15.0,0.0,47.0,43.0,69.0,115.0,23.0,56.0,78.0,87.0,15.0,62.0,93.0,26.0,6.0,2.88,3.28,1.68,4.0,6.0,0.0,198.6,125.0,126.68,24.0,1.38,1.77,1.77,7.46,7.58,7.41
84751718479442,2025,Ekman-Larsson-Stecher,TOR,pairing,5on5,18,3134.0,132.0,0.44,0.51,0.46,28.12,2.41,1.9,7.31,0.99,15.31,11.09,2.14,2.44,2.17,28.0,11.0,15.0,54.0,4.0,5.0,1.0,9.0,0.0,9.0,12.0,24.0,35.0,3.0,6.0,19.0,19.0,6.0,15.0,27.0,11.0,1.0,0.7,1.35,0.35,1.0,2.0,1.0,55.41,39.0,39.42,7.0,0.39,0.75,0.75,2.06,2.09,1.99,34.93,3.02,2.07,8.99,1.13,17.07,12.73,2.88,2.97,2.82,30.0,15.0,7.0,52.0,5.0,3.0,1.0,4.0,0.0,20.0,13.0,25.0,40.0,4.0,8.0,16.0,14.0,1.0,19.0,37.0,4.0,4.0,1.27,0.56,1.18,4.0,1.0,0.0,50.13,45.0,43.62,9.0,0.43,0.71,0.71,2.74,2.62,2.59
847844084784638484186,2025,Beauvillier-Strome-Leonard,WSH,line,5on5,16,1097.0,186.0,0.56,0.49,0.54,15.39,1.48,1.08,3.76,0.58,8.61,6.48,1.42,1.56,1.49,14.0,8.0,6.0,28.0,2.0,3.0,1.0,2.0,0.0,7.0,8.0,12.0,20.0,3.0,6.0,10.0,5.0,1.0,6.0,14.0,7.0,1.0,0.38,0.78,0.33,1.0,0.0,1.0,28.63,22.0,22.62,3.0,0.22,0.54,0.54,1.17,1.21,1.16,14.32,1.18,0.82,3.47,0.45,7.44,5.64,1.16,1.15,1.13,13.0,6.0,10.0,29.0,1.0,1.0,0.0,2.0,0.0,6.0,9.0,12.0,18.0,0.0,0.0,3.0,9.0,5.0,6.0,15.0,2.0,2.0,0.32,0.31,0.54,0.0,1.0,0.0,28.8,19.0,18.83,4.0,0.17,0.03,0.03,1.32,1.28,1.26
847418984763938478173,2025,Cousins-Eller-Hodgson,OTT,line,5on5,6,1261.0,54.0,0.13,0.31,0.12,1.4,0.11,0.1,0.41,0.05,0.77,0.55,0.11,0.11,0.11,1.0,1.0,7.0,9.0,0.0,0.0,0.0,0.0,0.0,1.0,1.0,1.0,2.0,0.0,0.0,8.0,17.0,1.0,2.0,2.0,0.0,0.0,0.11,0.0,0.0,0.0,0.0,0.0,8.58,2.0,1.95,0.0,0.02,0.0,0.0,0.13,0.13,0.13,11.18,0.71,0.78,3.06,0.36,5.67,4.41,0.6,0.74,0.63,8.0,7.0,5.0,20.0,0.0,3.0,0.0,3.0,0.0,3.0,6.0,8.0,15.0,0.0,0.0,8.0,12.0,0.0,10.0,11.0,4.0,0.0,0.24,0.47,0.0,0.0,0.0,0.0,20.33,15.0,15.08,8.0,0.16,0.35,0.35,0.51,0.53,0.51
84820728484258,2025,Ahcan-Malinski,COL,pairing,5on5,6,2911.0,17.0,0.69,0.65,0.65,39.4,4.04,2.85,9.26,1.32,20.55,14.98,3.96,4.27,4.18,35.0,18.0,18.0,71.0,4.0,4.0,1.0,6.0,0.0,21.0,18.0,31.0,49.0,2.0,7.0,23.0,20.0,3.0,10.0,37.0,11.0,5.0,1.32,1.39,1.34,2.0,1.0,1.0,77.11,53.0,56.31,4.0,0.6,0.84,0.84,3.8,4.01,3.95,20.69,1.8,1.29,5.08,0.69,10.95,8.19,1.76,1.72,1.68,17.0,11.0,11.0,39.0,0.0,3.0,0.0,4.0,0.0,12.0,9.0,17.0,28.0,7.0,17.0,21.0,25.0,2.0,18.0,22.0,4.0,2.0,0.71,0.57,0.52,0.0,0.0,0.0,37.31,28.0,26.96,11.0,0.27,0.55,0.55,1.51,1.46,1.44
84747168482094,2025,Hunt-Spurgeon,MIN,pairing,5on5,6,1219.0,39.0,0.64,0.35,0.44,5.25,0.33,0.24,1.25,0.16,2.63,2.39,0.33,0.32,0.32,3.0,4.0,2.0,9.0,0.0,0.0,0.0,0.0,0.0,5.0,2.0,3.0,7.0,0.0,0.0,6.0,17.0,4.0,7.0,5.0,2.0,0.0,0.1,0.22,0.0,0.0,0.0,0.0,8.91,7.0,6.92,5.0,0.05,0.0,0.0,0.38,0.36,0.36,6.09,0.18,0.31,1.88,0.2,3.59,2.84,0.18,0.18,0.18,7.0,2.0,8.0,17.0,0.0,0.0,0.0,2.0,0.0,3.0,4.0,7.0,9.0,0.0,0.0,7.0,6.0,2.0,5.0,9.0,0.0,0.0,0.18,0.0,0.0,0.0,0.0,0.0,16.87,9.0,8.83,4.0,0.06,0.0,0.0,0.25,0.25,0.25
84772208478507,2025,Schmidt-Marino,UTA,pairing,5on5,42,27187.0,110.0,0.59,0.59,0.59,252.97,22.34,17.24,61.34,8.42,135.17,97.49,21.57,22.47,21.7,216.0,126.0,132.0,474.0,31.0,25.0,1.0,47.0,0.0,116.0,123.0,185.0,311.0,16.0,32.0,230.0,140.0,35.0,112.0,259.0,62.0,21.0,8.39,7.76,6.19,14.0,12.0,5.0,476.94,342.0,344.33,50.0,3.6,5.13,5.13,20.82,21.05,20.75,178.85,15.77,11.88,45.08,5.98,94.09,69.19,15.01,15.89,15.11,166.0,76.0,81.0,323.0,17.0,24.0,2.0,31.0,0.0,84.0,86.0,149.0,225.0,27.0,54.0,239.0,152.0,41.0,143.0,177.0,47.0,18.0,4.85,5.88,5.04,7.0,4.0,6.0,324.73,242.0,243.07,58.0,2.47,3.7,3.95,14.29,14.36,13.96
847531484764198477407,2025,Lee-Pageau-Duclair,NYI,line,5on5,8,3704.0,24.0,0.36,0.31,0.32,17.65,1.6,1.13,4.23,0.6,8.65,6.79,1.56,1.66,1.62,13.0,10.0,8.0,31.0,1.0,1.0,0.0,3.0,1.0,7.0,10.0,12.0,22.0,2.0,4.0,28.0,14.0,7.0,20.0,16.0,5.0,2.0,0.54,0.51,0.55,1.0,0.0,0.0,33.54,23.0,24.6,13.0,0.24,0.27,0.27,1.56,1.66,1.64,35.46,2.86,2.18,9.09,1.14,19.33,13.4,2.83,2.68,2.65,32.0,16.0,20.0,68.0,1.0,2.0,0.0,3.0,0.0,17.0,25.0,31.0,47.0,3.0,8.0,31.0,25.0,4.0,17.0,38.0,5.0,5.0,1.08,0.54,1.25,1.0,0.0,0.0,64.18,48.0,45.74,9.0,0.45,0.33,0.33,2.98,2.81,2.78
847062184779428482124,2025,Fiala-Byfield-Perry,LAK,line,5on5,18,1920.0,184.0,0.56,0.56,0.54,16.53,1.36,1.02,4.22,0.51,8.35,6.52,1.32,1.32,1.28,13.0,9.0,9.0,31.0,0.0,2.0,0.0,3.0,0.0,8.0,9.0,13.0,22.0,0.0,0.0,15.0,7.0,3.0,9.0,17.0,4.0,1.0,0.55,0.42,0.4,0.0,0.0,0.0,29.79,22.0,21.35,5.0,0.22,0.55,0.55,1.03,1.02,1.01,12.93,1.06,0.82,3.51,0.49,7.47,5.65,1.0,1.11,1.04,13.0,6.0,5.0,24.0,0.0,3.0,0.0,1.0,0.0,10.0,5.0,13.0,19.0,0.0,0.0,16.0,8.0,1.0,9.0,17.0,0.0,2.0,0.61,0.0,0.46,0.0,0.0,0.0,25.4,19.0,19.75,5.0,0.17,0.48,0.48,0.75,0.77,0.77
847579484784208479351,2025,Steel-Seguin-Rantanen,DAL,line,5on5,6,1441.0,62.0,0.21,0.37,0.36,9.3,0.51,0.54,2.67,0.33,5.05,3.91,0.49,0.51,0.5,7.0,6.0,4.0,17.0,0.0,0.0,0.0,3.0,0.0,5.0,5.0,7.0,13.0,1.0,2.0,20.0,12.0,7.0,9.0,11.0,2.0,0.0,0.28,0.23,0.0,0.0,0.0,0.0,17.11,13.0,13.12,4.0,0.11,0.0,0.0,0.62,0.62,0.61,16.0,1.88,1.14,3.65,0.6,8.81,6.92,1.69,1.84,1.66,14.0,9.0,6.0,29.0,1.0,3.0,0.0,2.0,0.0,5.0,12.0,13.0,22.0,1.0,2.0,8.0,16.0,4.0,9.0,15.0,5.0,3.0,0.4,0.5,0.99,0.0,1.0,0.0,28.76,23.0,22.87,4.0,0.24,0.99,0.99,1.13,1.13,1.07
847745684788918481725,2025,Soderblom-Compher-Appleton,DET,line,5on5,4,654.0,38.0,0.69,0.5,0.83,3.5,0.09,0.16,0.99,0.13,2.07,1.57,0.09,0.09,0.09,4.0,1.0,0.0,5.0,1.0,0.0,0.0,2.0,0.0,2.0,0.0,3.0,4.0,3.0,6.0,6.0,7.0,2.0,5.0,5.0,0.0,0.0,0.09,0.0,0.0,1.0,0.0,0.0,4.76,5.0,4.77,0.0,0.03,0.0,0.0,0.12,0.12,0.12,0.73,0.04,0.04,0.19,0.02,0.38,0.33,0.04,0.04,0.04,0.0,1.0,4.0,5.0,0.0,0.0,0.0,0.0,0.0,1.0,0.0,0.0,1.0,1.0,2.0,4.0,4.0,0.0,0.0,1.0,0.0,0.0,0.04,0.0,0.0,0.0,0.0,0.0,5.17,1.0,0.96,0.0,0.01,0.0,0.0,0.05,0.05,0.05
847690584779198478975,2025,Marchment-Gaudreau-Stephenson,SEA,line,5on5,5,768.0,53.0,0.22,0.22,0.29,3.53,0.31,0.28,0.72,0.12,2.06,1.51,0.3,0.33,0.32,3.0,2.0,1.0,6.0,1.0,0.0,0.0,0.0,0.0,2.0,2.0,2.0,4.0,1.0,2.0,10.0,4.0,0.0,3.0,3.0,2.0,0.0,0.12,0.19,0.0,0.0,1.0,0.0,6.15,5.0,5.09,1.0,0.06,0.0,0.0,0.37,0.39,0.38,9.03,1.08,0.75,2.29,0.33,4.53,3.02,1.02,1.1,1.04,7.0,5.0,9.0,21.0,1.0,2.0,0.0,0.0,0.0,4.0,5.0,6.0,11.0,0.0,0.0,6.0,5.0,2.0,3.0,6.0,4.0,2.0,0.13,0.53,0.42,0.0,0.0,1.0,21.31,12.0,12.28,1.0,0.16,0.37,0.37,0.87,0.86,0.84
847847484808558482175,2025,Crouse-Mcbain-Peterka,UTA,line,5on5,16,4877.0,104.0,0.49,0.49,0.49,37.12,3.01,2.2,9.82,1.28,20.27,14.42,2.98,2.94,2.91,34.0,17.0,21.0,72.0,5.0,3.0,1.0,5.0,0.0,20.0,18.0,29.0,46.0,4.0,11.0,48.0,40.0,5.0,24.0,41.0,6.0,4.0,1.29,0.78,0.94,3.0,1.0,1.0,71.57,51.0,50.8,12.0,0.46,0.43,0.43,3.03,2.95,2.94,39.78,3.17,2.45,9.79,1.37,21.43,15.78,3.14,3.24,3.21,33.0,21.0,20.0,74.0,3.0,4.0,1.0,8.0,0.0,25.0,14.0,30.0,51.0,4.0,11.0,33.0,33.0,10.0,24.0,40.0,12.0,2.0,1.22,1.5,0.45,0.0,2.0,1.0,74.5,54.0,54.71,11.0,0.51,0.37,0.62,3.06,3.11,3.09
847575484764558479525,2025,Landeskog-Nelson-Colton,COL,line,5on5,13,5218.0,44.0,0.65,0.54,0.57,57.3,5.24,3.71,15.69,2.08,29.98,21.31,4.99,5.49,5.22,51.0,27.0,22.0,100.0,5.0,5.0,0.0,11.0,0.0,23.0,34.0,46.0,73.0,4.0,8.0,49.0,35.0,6.0,25.0,57.0,18.0,3.0,1.96,2.26,1.01,2.0,2.0,1.0,104.75,78.0,81.15,11.0,0.78,1.0,1.0,5.02,5.23,5.1,42.21,2.78,2.83,10.13,1.43,23.02,17.81,2.71,2.68,2.61,39.0,19.0,28.0,86.0,4.0,2.0,0.0,7.0,0.0,16.0,29.0,35.0,54.0,4.0,8.0,57.0,28.0,11.0,21.0,47.0,9.0,2.0,1.31,0.98,0.49,0.0,4.0,0.0,82.22,58.0,55.87,12.0,0.59,0.02,0.02,3.35,3.23,3.15
847571484775038478104,2025,Blais-Domi-Jarnkrok,TOR,line,5on5,3,949.0,14.0,0.22,0.33,0.33,6.68,0.45,0.36,1.79,0.22,3.59,2.59,0.44,0.44,0.44,5.0,4.0,4.0,13.0,0.0,0.0,0.0,1.0,0.0,4.0,4.0,5.0,9.0,2.0,4.0,10.0,18.0,1.0,6.0,8.0,1.0,0.0,0.33,0.12,0.0,0.0,0.0,0.0,13.11,9.0,8.86,5.0,0.07,0.0,0.0,0.52,0.52,0.51,13.88,1.6,1.05,3.45,0.48,6.76,4.67,1.52,1.66,1.58,11.0,7.0,8.0,26.0,1.0,0.0,1.0,3.0,0.0,11.0,3.0,10.0,17.0,0.0,0.0,9.0,5.0,2.0,7.0,13.0,1.0,4.0,0.45,0.09,1.06,0.0,0.0,1.0,26.13,18.0,18.27,3.0,0.22,0.0,0.62,1.21,1.23,1.19
847516684779398484158,2025,Nylander-Tavares-Cowan,TOR,line,5on5,9,5055.0,20.0,0.48,0.43,0.39,33.59,3.01,2.34,9.05,1.12,16.69,11.78,2.9,3.14,3.03,25.0,19.0,23.0,67.0,6.0,3.0,0.0,4.0,0.0,13.0,18.0,19.0,38.0,5.0,10.0,54.0,26.0,6.0,21.0,29.0,13.0,2.0,0.9,1.69,0.42,4.0,2.0,0.0,68.11,44.0,45.39,9.0,0.5,0.55,0.55,2.96,3.07,3.03,49.88,3.21,3.06,12.54,1.6,28.24,20.36,3.18,3.15,3.12,46.0,23.0,19.0,88.0,3.0,2.0,0.0,13.0,0.0,22.0,29.0,43.0,66.0,3.0,6.0,36.0,27.0,9.0,21.0,56.0,13.0,0.0,1.63,1.58,0.0,2.0,1.0,0.0,86.1,69.0,67.0,10.0,0.63,0.16,0.16,3.69,3.63,3.58
847579884788738481754,2025,Nesterenko-Granlund-Terry,ANA,line,5on5,5,2473.0,16.0,0.64,0.53,0.56,30.36,2.41,1.98,7.77,1.02,16.0,11.83,2.29,2.46,2.35,22.0,19.0,15.0,56.0,4.0,4.0,0.0,4.0,0.0,14.0,15.0,18.0,37.0,2.0,4.0,34.0,5.0,7.0,9.0,32.0,7.0,2.0,0.87,0.99,0.54,1.0,3.0,0.0,57.07,41.0,41.57,5.0,0.41,0.73,0.73,2.08,2.11,2.04,23.75,1.34,1.44,6.02,0.79,12.53,9.88,1.32,1.34,1.32,24.0,8.0,17.0,49.0,1.0,0.0,0.0,6.0,0.0,15.0,10.0,23.0,31.0,2.0,4.0,21.0,9.0,4.0,7.0,27.0,5.0,0.0,0.74,0.6,0.0,1.0,0.0,0.0,49.65,32.0,32.23,4.0,0.3,0.0,0.0,1.65,1.64,1.61
847740484774268478010,2025,Guentzel-Paul-Point,TBL,line,5on5,6,925.0,54.0,0.53,0.52,0.5,6.51,0.46,0.43,1.87,0.22,3.35,2.66,0.46,0.48,0.48,6.0,3.0,5.0,14.0,0.0,1.0,0.0,2.0,0.0,3.0,3.0,6.0,9.0,2.0,4.0,10.0,11.0,1.0,7.0,7.0,1.0,1.0,0.14,0.1,0.22,0.0,0.0,0.0,13.87,9.0,8.98,4.0,0.09,0.22,0.22,0.33,0.34,0.34,6.62,0.41,0.35,1.66,0.21,3.64,2.73,0.39,0.44,0.43,7.0,2.0,4.0,13.0,0.0,0.0,0.0,1.0,0.0,4.0,4.0,7.0,9.0,0.0,0.0,8.0,6.0,1.0,3.0,7.0,2.0,0.0,0.15,0.25,0.0,0.0,0.0,0.0,13.57,9.0,9.51,1.0,0.07,0.0,0.0,0.48,0.51,0.5
847793384801858482113,2025,Luostarinen-Lundell-Reinhart,FLA,line,5on5,27,11096.0,116.0,0.56,0.5,0.52,92.56,7.66,6.23,23.56,3.04,51.27,37.24,7.52,7.65,7.49,89.0,40.0,41.0,170.0,10.0,8.0,1.0,22.0,0.0,45.0,44.0,79.0,119.0,10.0,20.0,112.0,66.0,13.0,48.0,103.0,18.0,8.0,3.28,2.09,2.29,5.0,4.0,1.0,168.67,129.0,128.57,24.0,1.3,1.78,1.78,7.17,7.13,7.04,87.91,6.14,5.29,22.55,2.87,46.51,36.65,5.85,6.33,6.03,77.0,43.0,48.0,168.0,10.0,8.0,1.0,12.0,1.0,51.0,38.0,67.0,110.0,8.0,18.0,113.0,81.0,13.0,52.0,99.0,15.0,6.0,2.7,1.69,1.75,6.0,4.0,0.0,170.57,120.0,121.9,28.0,1.09,1.75,1.75,5.48,5.64,5.55
847647484768228481032,2025,Cotter-Glendening-Noesen,NJD,line,5on5,18,4496.0,119.0,0.38,0.45,0.42,33.01,2.8,2.04,9.49,1.16,16.37,13.14,2.61,2.82,2.62,34.0,11.0,23.0,68.0,1.0,7.0,0.0,4.0,0.0,24.0,9.0,33.0,44.0,5.0,10.0,42.0,56.0,5.0,17.0,38.0,2.0,5.0,0.95,0.26,1.59,0.0,1.0,0.0,65.79,45.0,44.21,12.0,0.43,1.59,1.58,1.66,1.64,1.61,45.33,4.52,3.03,11.95,1.69,24.39,17.42,4.34,4.54,4.36,46.0,17.0,20.0,83.0,2.0,10.0,0.0,9.0,0.0,18.0,24.0,44.0,61.0,5.0,10.0,41.0,40.0,4.0,21.0,47.0,8.0,8.0,1.21,0.86,2.45,2.0,0.0,0.0,84.9,63.0,63.22,12.0,0.63,1.99,1.99,3.16,3.14,3.1
84794108484386,2025,Sergachev-Simashev,UTA,pairing,5on5,22,11635.0,81.0,0.48,0.51,0.52,100.36,8.51,6.67,25.49,3.35,52.08,37.9,8.2,8.48,8.18,93.0,41.0,39.0,173.0,4.0,14.0,0.0,20.0,0.0,50.0,46.0,89.0,130.0,15.0,33.0,103.0,60.0,14.0,66.0,97.0,29.0,8.0,2.6,3.62,2.28,3.0,1.0,0.0,171.59,134.0,132.89,28.0,1.39,2.55,2.55,7.34,7.34,7.25,91.91,9.07,6.35,23.38,3.05,46.42,33.74,8.7,9.12,8.74,76.0,46.0,47.0,169.0,8.0,12.0,0.0,18.0,0.0,46.0,38.0,68.0,114.0,16.0,35.0,115.0,81.0,15.0,50.0,81.0,33.0,8.0,2.46,4.37,2.24,3.0,4.0,1.0,170.82,122.0,123.52,23.0,1.33,2.17,2.17,8.23,8.26,8.05
84784078482858,2025,Evans-Dunn,SEA,pairing,5on5,15,976.0,107.0,0.51,0.48,0.42,7.52,0.84,0.49,1.76,0.23,3.8,2.89,0.81,0.83,0.8,6.0,4.0,5.0,15.0,2.0,1.0,1.0,0.0,0.0,3.0,4.0,4.0,8.0,1.0,2.0,6.0,2.0,0.0,4.0,8.0,1.0,1.0,0.29,0.19,0.36,1.0,0.0,1.0,14.6,10.0,9.9,0.0,0.1,0.36,0.36,0.58,0.58,0.58,10.0,0.8,0.68,2.37,0.35,5.58,4.22,0.77,0.83,0.8,9.0,5.0,2.0,16.0,1.0,2.0,0.0,4.0,0.0,2.0,5.0,8.0,13.0,0.0,0.0,4.0,5.0,0.0,1.0,11.0,2.0,1.0,0.28,0.28,0.24,0.0,1.0,0.0,16.61,14.0,14.38,1.0,0.14,0.35,0.35,0.59,0.62,0.61
84769318479442,2025,Mccabe-Stecher,TOR,pairing,5on5,19,11062.0,88.0,0.58,0.48,0.5,93.63,9.66,6.54,22.18,3.07,48.85,35.69,9.08,9.85,9.24,86.0,40.0,37.0,163.0,13.0,13.0,2.0,19.0,0.0,43.0,38.0,73.0,113.0,8.0,16.0,101.0,74.0,19.0,52.0,85.0,29.0,12.0,2.58,3.42,3.66,5.0,5.0,3.0,166.2,126.0,128.3,21.0,1.37,2.59,2.8,8.23,8.42,8.24,91.47,7.0,5.64,23.51,2.97,48.69,36.2,6.83,6.92,6.75,91.0,33.0,52.0,176.0,4.0,7.0,0.0,28.0,0.0,37.0,48.0,87.0,120.0,16.0,32.0,58.0,72.0,16.0,52.0,100.0,15.0,9.0,3.09,1.57,2.34,3.0,1.0,0.0,174.42,124.0,123.09,20.0,1.17,1.47,1.47,6.69,6.61,6.5
84706138476312,2025,Manson-Burns,COL,pairing,5on5,39,27217.0,102.0,0.58,0.56,0.56,283.31,22.5,18.24,76.84,9.74,151.4,109.28,21.81,23.09,22.39,271.0,117.0,143.0,531.0,28.0,35.0,5.0,67.0,0.0,139.0,119.0,243.0,360.0,34.0,71.0,254.0,179.0,38.0,127.0,306.0,60.0,22.0,8.96,8.08,5.46,16.0,6.0,6.0,553.1,388.0,400.49,64.0,3.81,5.92,5.92,20.39,20.88,20.55,222.51,16.52,14.22,56.28,7.35,119.12,88.51,16.02,16.08,15.58,192.0,110.0,117.0,419.0,16.0,22.0,2.0,47.0,0.0,106.0,111.0,176.0,286.0,35.0,73.0,277.0,151.0,36.0,131.0,239.0,51.0,12.0,6.55,6.36,3.62,10.0,5.0,1.0,405.16,302.0,293.91,73.0,2.95,4.48,4.48,15.0,14.6,14.36
84789118480796,2025,Fehervary-Roy,WSH,pairing,5on5,41,6562.0,240.0,0.43,0.45,0.51,53.94,4.23,3.36,13.44,1.79,28.02,22.17,4.12,4.3,4.19,59.0,14.0,17.0,90.0,2.0,7.0,0.0,12.0,0.0,27.0,25.0,57.0,71.0,9.0,18.0,31.0,49.0,5.0,21.0,55.0,15.0,3.0,1.55,1.83,0.85,1.0,1.0,0.0,91.48,73.0,74.47,13.0,0.7,1.32,0.93,4.0,4.08,4.02,53.56,5.64,3.61,12.93,1.77,26.46,19.59,5.47,5.6,5.44,37.0,33.0,38.0,108.0,5.0,7.0,2.0,3.0,0.0,22.0,33.0,32.0,65.0,3.0,6.0,28.0,38.0,7.0,23.0,46.0,17.0,7.0,1.58,2.08,1.98,1.0,3.0,1.0,106.79,70.0,69.28,13.0,0.76,1.44,1.44,4.96,4.93,4.83
847534384784638479520,2025,Beauvillier-Dowd-Duhaime,WSH,line,5on5,11,993.0,116.0,0.63,0.49,0.46,7.47,0.84,0.54,1.98,0.31,4.33,3.01,0.77,0.78,0.72,6.0,5.0,6.0,17.0,0.0,3.0,0.0,3.0,0.0,4.0,1.0,6.0,11.0,1.0,2.0,6.0,9.0,1.0,2.0,7.0,3.0,1.0,0.15,0.36,0.33,0.0,0.0,0.0,15.26,11.0,10.0,0.0,0.11,0.56,0.56,0.39,0.35,0.34,8.56,0.5,0.59,2.34,0.32,5.4,3.86,0.5,0.54,0.54,5.0,8.0,5.0,18.0,2.0,0.0,0.0,0.0,0.0,6.0,5.0,3.0,11.0,0.0,0.0,15.0,4.0,1.0,2.0,13.0,0.0,0.0,0.5,0.0,0.0,2.0,0.0,0.0,19.82,13.0,14.02,0.0,0.13,0.0,0.0,0.62,0.67,0.67
847885684820798483499,2025,Ohgren-Rossi-Garland,VAN,line,5on5,4,867.0,31.0,0.3,0.46,0.48,9.09,0.38,0.47,2.43,0.3,5.4,4.02,0.38,0.39,0.39,7.0,6.0,3.0,16.0,0.0,0.0,0.0,2.0,0.0,3.0,8.0,7.0,13.0,3.0,9.0,8.0,7.0,0.0,8.0,13.0,0.0,0.0,0.38,0.0,0.0,0.0,0.0,0.0,16.1,13.0,13.08,2.0,0.1,0.0,0.0,0.48,0.49,0.49,10.57,0.89,0.74,2.63,0.33,5.61,3.8,0.82,0.87,0.8,12.0,2.0,5.0,19.0,1.0,0.0,0.0,4.0,0.0,9.0,0.0,11.0,13.0,3.0,9.0,7.0,11.0,0.0,4.0,10.0,3.0,1.0,0.29,0.39,0.21,1.0,0.0,0.0,18.93,14.0,13.88,0.0,0.15,0.0,0.0,1.04,1.02,0.94
847167584758108480980,2025,Dewar-Crosby-Rust,PIT,line,5on5,16,3090.0,169.0,0.42,0.43,0.45,25.01,1.72,1.65,5.63,0.74,14.47,10.78,1.71,1.66,1.65,23.0,12.0,7.0,42.0,3.0,1.0,0.0,2.0,0.0,11.0,18.0,20.0,32.0,3.0,6.0,28.0,13.0,3.0,19.0,29.0,5.0,1.0,0.83,0.54,0.35,2.0,0.0,1.0,40.92,35.0,34.32,5.0,0.34,0.09,0.09,1.97,1.91,1.9,29.95,2.38,2.23,7.09,1.09,17.42,12.8,2.31,2.52,2.44,27.0,16.0,12.0,55.0,4.0,3.0,0.0,5.0,0.0,14.0,17.0,23.0,39.0,0.0,0.0,22.0,23.0,6.0,17.0,32.0,9.0,2.0,0.94,1.02,0.42,3.0,1.0,0.0,56.9,43.0,44.66,11.0,0.46,0.3,0.3,2.54,2.67,2.62
84769178477506,2025,Pelech-Pulock,NYI,pairing,5on5,42,15541.0,181.0,0.56,0.52,0.54,132.97,11.99,8.51,34.96,4.59,70.74,51.21,11.59,11.84,11.45,119.0,63.0,61.0,243.0,11.0,20.0,1.0,26.0,0.0,65.0,60.0,108.0,171.0,13.0,26.0,149.0,98.0,20.0,77.0,138.0,32.0,12.0,4.04,4.14,3.81,4.0,6.0,1.0,241.99,182.0,180.69,31.0,1.76,3.62,4.1,9.66,9.59,9.45,111.92,9.53,7.68,27.95,3.63,59.37,43.82,9.25,9.72,9.43,99.0,53.0,74.0,226.0,8.0,7.0,1.0,19.0,0.0,53.0,65.0,91.0,144.0,14.0,30.0,128.0,88.0,20.0,70.0,111.0,29.0,12.0,3.42,3.21,2.91,5.0,1.0,2.0,230.35,152.0,155.26,33.0,1.6,1.53,1.53,9.61,9.78,9.58
848000984817898483570,2025,Kartye-Meyers-Tolvanen,SEA,line,5on5,4,725.0,41.0,0.79,0.54,0.64,6.44,0.37,0.41,1.56,0.21,3.89,2.56,0.37,0.37,0.37,7.0,2.0,4.0,13.0,1.0,0.0,0.0,0.0,0.0,6.0,2.0,6.0,8.0,0.0,0.0,2.0,10.0,0.0,3.0,8.0,1.0,0.0,0.2,0.17,0.0,1.0,0.0,0.0,12.84,9.0,8.78,3.0,0.08,0.0,0.0,0.46,0.45,0.45,3.45,0.1,0.2,0.96,0.12,2.21,1.42,0.1,0.1,0.1,2.0,3.0,6.0,11.0,0.0,0.0,0.0,0.0,0.0,3.0,2.0,2.0,5.0,1.0,2.0,5.0,7.0,1.0,4.0,5.0,0.0,0.0,0.1,0.0,0.0,0.0,0.0,0.0,11.25,5.0,5.19,0.0,0.04,0.0,0.0,0.14,0.14,0.14
847938584800238482089,2025,Neighbours-Thomas-Kyrou,STL,line,5on5,10,2880.0,74.0,0.83,0.67,0.67,25.45,2.23,1.77,6.17,0.78,13.62,9.42,2.18,2.12,2.07,23.0,11.0,19.0,53.0,2.0,2.0,0.0,3.0,0.0,16.0,11.0,21.0,32.0,0.0,0.0,18.0,7.0,3.0,20.0,24.0,8.0,2.0,0.82,0.95,0.46,0.0,2.0,0.0,51.88,34.0,33.39,4.0,0.37,0.22,0.22,2.37,2.26,2.21,12.49,0.47,0.56,3.05,0.41,6.47,6.05,0.47,0.48,0.48,10.0,7.0,9.0,26.0,0.0,0.0,0.0,1.0,0.0,7.0,9.0,10.0,17.0,4.0,8.0,27.0,16.0,9.0,14.0,16.0,1.0,0.0,0.33,0.13,0.0,0.0,0.0,0.0,26.34,17.0,17.24,10.0,0.11,0.0,0.0,0.58,0.59,0.59
848275184835248484800,2025,Catton-Wright-Winterton,SEA,line,5on5,8,1433.0,63.0,0.35,0.39,0.45,13.4,0.83,0.79,4.15,0.47,7.07,4.69,0.8,0.86,0.83,10.0,8.0,2.0,20.0,0.0,1.0,0.0,4.0,0.0,6.0,7.0,10.0,18.0,1.0,2.0,7.0,9.0,2.0,8.0,16.0,1.0,1.0,0.49,0.11,0.23,0.0,0.0,0.0,20.61,18.0,18.58,6.0,0.16,0.23,0.23,0.76,0.79,0.75,16.68,1.56,1.11,3.86,0.53,8.8,6.14,1.49,1.48,1.41,14.0,8.0,9.0,31.0,0.0,1.0,0.0,5.0,0.0,11.0,5.0,14.0,22.0,1.0,2.0,11.0,9.0,3.0,7.0,15.0,6.0,1.0,0.44,0.76,0.37,0.0,0.0,0.0,30.27,22.0,21.44,2.0,0.23,0.37,0.37,1.42,1.37,1.34
84754558478841,2025,Dillon-White,NJD,pairing,5on5,17,7994.0,81.0,0.5,0.45,0.45,55.78,5.11,3.69,14.09,1.86,29.07,21.18,4.93,5.28,5.1,55.0,20.0,27.0,102.0,7.0,6.0,0.0,13.0,0.0,29.0,20.0,48.0,68.0,5.0,12.0,63.0,65.0,10.0,37.0,50.0,21.0,4.0,1.31,2.56,1.24,2.0,5.0,0.0,104.03,75.0,76.81,19.0,0.77,1.51,1.61,4.27,4.37,4.31,64.65,5.05,3.86,16.66,2.15,35.82,26.46,4.91,4.95,4.81,62.0,28.0,37.0,127.0,1.0,7.0,0.0,19.0,0.0,24.0,39.0,61.0,89.0,5.0,10.0,44.0,68.0,12.0,29.0,74.0,11.0,5.0,1.78,1.41,1.86,1.0,0.0,0.0,126.25,90.0,89.9,16.0,0.8,1.83,1.83,4.02,3.96,3.92
84773698479323,2025,Soucy-Fox,NYR,pairing,5on5,12,958.0,76.0,0.54,0.6,0.57,8.81,1.06,0.68,2.46,0.39,4.48,2.93,0.97,1.11,1.01,7.0,5.0,6.0,18.0,1.0,2.0,0.0,1.0,0.0,4.0,4.0,6.0,11.0,2.0,7.0,3.0,7.0,0.0,2.0,7.0,3.0,2.0,0.24,0.36,0.46,1.0,0.0,0.0,17.95,12.0,12.17,1.0,0.14,0.46,0.46,0.75,0.76,0.73,6.82,0.91,0.55,1.45,0.2,3.42,2.46,0.91,0.96,0.95,5.0,4.0,3.0,12.0,1.0,0.0,0.0,0.0,0.0,2.0,6.0,4.0,8.0,2.0,7.0,7.0,10.0,1.0,7.0,4.0,4.0,1.0,0.16,0.54,0.21,0.0,1.0,0.0,12.79,9.0,9.51,3.0,0.12,0.0,0.0,1.03,1.08,1.08
847790384790228479336,2025,Grundstrom-Abols-Hathaway,PHI,line,5on5,5,2239.0,16.0,0.39,0.45,0.42,11.59,0.53,0.66,3.83,0.45,6.79,4.75,0.53,0.54,0.54,11.0,6.0,9.0,26.0,3.0,0.0,0.0,7.0,0.0,5.0,2.0,8.0,14.0,5.0,13.0,20.0,38.0,2.0,8.0,16.0,1.0,0.0,0.42,0.1,0.0,2.0,1.0,0.0,27.62,17.0,17.74,0.0,0.13,0.0,0.0,0.66,0.67,0.67,15.79,0.83,0.91,4.21,0.55,9.57,6.92,0.81,0.82,0.8,9.0,14.0,9.0,32.0,0.0,0.0,0.0,2.0,0.0,17.0,4.0,9.0,23.0,3.0,9.0,19.0,18.0,1.0,11.0,21.0,2.0,0.0,0.63,0.2,0.0,0.0,0.0,0.0,32.04,23.0,23.0,6.0,0.19,0.0,0.0,1.01,1.0,0.99
847458684757688482665,2025,Schwartz-Beniers-Eberle,SEA,line,5on5,13,947.0,138.0,0.49,0.52,0.5,6.62,0.4,0.38,1.73,0.27,3.52,2.71,0.4,0.39,0.39,8.0,1.0,3.0,12.0,1.0,1.0,0.0,1.0,0.0,2.0,4.0,7.0,8.0,0.0,0.0,5.0,4.0,1.0,6.0,7.0,2.0,0.0,0.15,0.25,0.0,0.0,1.0,0.0,11.73,9.0,8.98,2.0,0.08,0.14,0.14,0.34,0.34,0.34,6.28,0.42,0.35,1.61,0.22,3.55,2.85,0.42,0.41,0.41,5.0,4.0,2.0,11.0,0.0,0.0,0.0,0.0,0.0,2.0,7.0,5.0,9.0,0.0,0.0,2.0,2.0,0.0,6.0,8.0,0.0,1.0,0.21,0.0,0.21,0.0,0.0,0.0,11.04,9.0,8.91,3.0,0.07,0.0,0.0,0.49,0.49,0.49
848080284820978484145,2025,Benson-Mcleod-Quinn,BUF,line,5on5,13,5649.0,57.0,0.4,0.46,0.46,47.6,3.57,3.09,12.16,1.64,25.27,19.28,3.44,3.67,3.54,43.0,22.0,20.0,85.0,6.0,4.0,0.0,8.0,1.0,28.0,18.0,37.0,59.0,3.0,6.0,34.0,23.0,8.0,37.0,54.0,5.0,6.0,1.45,0.59,1.53,3.0,3.0,0.0,87.11,65.0,66.55,21.0,0.64,0.87,0.87,3.34,3.47,3.42,56.54,5.34,3.87,14.19,2.02,29.79,21.8,5.21,5.22,5.09,44.0,33.0,21.0,98.0,1.0,9.0,0.0,11.0,0.0,27.0,29.0,43.0,76.0,8.0,16.0,48.0,51.0,10.0,20.0,53.0,20.0,4.0,1.61,2.54,1.19,1.0,0.0,0.0,95.51,77.0,74.9,8.0,0.81,1.88,1.88,4.27,4.16,4.14
84753248478469,2025,Chabot-Jensen,OTT,pairing,5on5,23,16674.0,60.0,0.51,0.49,0.51,133.46,11.04,9.08,33.26,4.51,73.21,51.89,10.74,11.07,10.77,127.0,56.0,63.0,246.0,13.0,9.0,2.0,27.0,1.0,66.0,67.0,114.0,170.0,22.0,54.0,133.0,133.0,26.0,65.0,138.0,38.0,7.0,4.21,5.07,1.76,4.0,9.0,0.0,245.72,183.0,183.24,33.0,1.89,1.81,1.81,11.12,11.14,11.03,128.93,10.58,8.5,32.8,4.3,69.67,50.15,10.2,10.61,10.23,112.0,64.0,78.0,254.0,13.0,17.0,3.0,22.0,0.0,69.0,55.0,99.0,163.0,33.0,74.0,104.0,124.0,25.0,68.0,134.0,34.0,8.0,4.1,3.76,2.72,5.0,5.0,3.0,257.03,176.0,177.5,41.0,1.75,3.47,3.47,8.86,8.9,8.79
847751184784388479638,2025,Mantha-Novak-Brazeau,PIT,line,5on5,8,4118.0,25.0,0.5,0.52,0.53,43.13,3.37,3.02,10.84,1.55,22.89,17.33,3.32,3.48,3.43,35.0,24.0,20.0,79.0,4.0,3.0,0.0,4.0,0.0,27.0,21.0,31.0,55.0,7.0,14.0,23.0,23.0,9.0,19.0,46.0,10.0,3.0,1.33,1.33,0.7,2.0,2.0,0.0,81.18,59.0,60.97,10.0,0.63,0.47,0.47,3.53,3.65,3.6,37.94,3.36,2.48,10.14,1.32,20.79,14.91,3.11,3.24,3.0,27.0,26.0,20.0,73.0,3.0,6.0,0.0,6.0,0.0,24.0,14.0,24.0,50.0,2.0,4.0,26.0,27.0,9.0,24.0,43.0,4.0,6.0,1.21,0.47,1.68,3.0,0.0,0.0,70.97,53.0,51.35,12.0,0.51,1.68,1.68,2.19,2.13,2.09
847121484784408478463,2025,Beauvillier-Strome-Ovechkin,WSH,line,5on5,35,14066.0,141.0,0.55,0.53,0.53,141.67,12.28,8.85,37.17,4.97,75.14,56.59,11.45,12.29,11.46,126.0,69.0,56.0,251.0,16.0,21.0,3.0,18.0,0.0,68.0,72.0,110.0,179.0,7.0,14.0,115.0,78.0,19.0,68.0,147.0,37.0,11.0,4.26,4.64,3.38,9.0,5.0,2.0,253.01,195.0,195.63,23.0,1.85,4.11,4.11,10.02,10.05,9.57,122.09,10.2,8.01,28.71,4.17,68.45,50.45,10.01,10.28,10.08,115.0,55.0,55.0,225.0,9.0,13.0,1.0,23.0,1.0,59.0,65.0,106.0,161.0,11.0,22.0,101.0,82.0,20.0,72.0,132.0,30.0,8.0,4.4,3.5,2.3,6.0,1.0,2.0,222.71,170.0,168.99,42.0,1.65,2.51,2.51,9.35,9.38,9.29
84753248484321,2025,Matinpalo-Jensen,OTT,pairing,5on5,17,11708.0,45.0,0.55,0.48,0.44,82.6,7.86,5.56,19.63,2.63,42.68,31.63,7.46,8.15,7.72,76.0,34.0,54.0,164.0,7.0,11.0,2.0,20.0,1.0,34.0,37.0,69.0,103.0,12.0,24.0,95.0,105.0,9.0,51.0,81.0,19.0,10.0,2.57,2.5,2.78,3.0,1.0,3.0,169.95,110.0,113.39,24.0,1.16,2.39,2.39,6.63,6.83,6.65,100.87,6.35,6.47,25.38,3.24,55.76,40.81,6.11,6.19,5.96,87.0,51.0,42.0,180.0,8.0,7.0,2.0,18.0,0.0,57.0,48.0,79.0,130.0,16.0,32.0,79.0,95.0,11.0,49.0,113.0,19.0,6.0,2.83,2.03,1.49,2.0,4.0,2.0,176.08,138.0,135.21,25.0,1.33,1.38,1.38,6.3,6.13,6.06
847578684784028478458,2025,Hyman-Mcdavid-Roslovic,EDM,line,5on5,4,695.0,36.0,0.35,0.54,0.44,6.03,0.58,0.42,1.59,0.2,3.11,2.1,0.57,0.62,0.6,5.0,3.0,5.0,13.0,0.0,0.0,0.0,1.0,0.0,2.0,5.0,5.0,8.0,0.0,0.0,8.0,6.0,0.0,3.0,4.0,4.0,0.0,0.09,0.49,0.0,0.0,0.0,0.0,13.61,8.0,8.36,2.0,0.09,0.0,0.0,0.67,0.71,0.7,7.83,1.09,0.54,1.96,0.23,3.66,2.52,0.86,1.0,0.79,9.0,1.0,1.0,11.0,0.0,3.0,0.0,1.0,0.0,4.0,2.0,9.0,10.0,1.0,2.0,7.0,3.0,1.0,3.0,6.0,2.0,2.0,0.16,0.23,0.7,0.0,0.0,0.0,10.12,10.0,9.22,1.0,0.12,0.83,0.83,0.38,0.35,0.29
847341984779338482113,2025,Marchand-Lundell-Reinhart,FLA,line,5on5,7,1311.0,64.0,0.45,0.49,0.44,12.48,0.97,0.78,2.94,0.41,6.71,5.2,0.94,0.89,0.86,8.0,9.0,7.0,24.0,1.0,1.0,0.0,3.0,0.0,8.0,4.0,7.0,16.0,1.0,2.0,4.0,4.0,3.0,5.0,14.0,2.0,1.0,0.45,0.2,0.32,1.0,0.0,0.0,21.84,17.0,15.44,2.0,0.16,0.32,0.32,0.81,0.74,0.73,16.42,1.19,1.01,4.26,0.54,8.64,6.38,1.16,1.31,1.28,15.0,7.0,3.0,25.0,0.0,0.0,0.0,1.0,0.0,7.0,14.0,15.0,22.0,0.0,0.0,15.0,7.0,1.0,3.0,19.0,3.0,0.0,0.71,0.48,0.0,0.0,0.0,0.0,28.06,22.0,24.52,1.0,0.21,0.0,0.0,1.4,1.54,1.51
84799988482730,2025,Anderson-Clarke,LAK,pairing,5on5,24,1156.0,208.0,0.71,0.66,0.67,13.96,1.61,0.9,2.97,0.43,6.79,5.29,1.56,1.56,1.51,13.0,5.0,7.0,25.0,1.0,1.0,0.0,1.0,0.0,4.0,11.0,12.0,17.0,1.0,2.0,1.0,5.0,4.0,3.0,11.0,4.0,3.0,0.29,0.44,0.88,0.0,1.0,0.0,24.59,18.0,17.69,2.0,0.19,0.37,0.37,1.43,1.4,1.4,6.89,0.66,0.5,1.51,0.21,3.4,2.73,0.65,0.68,0.67,9.0,0.0,4.0,13.0,1.0,1.0,0.0,1.0,0.0,2.0,4.0,8.0,8.0,1.0,2.0,3.0,5.0,1.0,4.0,6.0,3.0,0.0,0.23,0.44,0.0,0.0,1.0,0.0,13.37,9.0,9.51,2.0,0.1,0.2,0.2,0.57,0.59,0.59
847747884807628480829,2025,Carrier-Kotkaniemi-Robinson,CAR,line,5on5,6,823.0,49.0,0.35,0.5,0.37,5.55,0.43,0.35,1.58,0.17,2.69,1.76,0.43,0.44,0.43,4.0,3.0,7.0,14.0,1.0,1.0,0.0,2.0,0.0,2.0,1.0,3.0,6.0,0.0,0.0,4.0,7.0,2.0,5.0,4.0,3.0,0.0,0.08,0.36,0.0,0.0,1.0,0.0,13.38,7.0,6.86,3.0,0.07,0.12,0.12,0.38,0.4,0.39,8.36,0.81,0.6,2.04,0.33,4.74,3.49,0.81,0.83,0.83,6.0,6.0,2.0,14.0,1.0,1.0,0.0,1.0,0.0,5.0,4.0,5.0,11.0,1.0,2.0,8.0,4.0,0.0,1.0,9.0,1.0,2.0,0.27,0.12,0.42,1.0,0.0,0.0,14.44,12.0,12.17,0.0,0.13,0.02,0.02,0.91,0.93,0.93
84804268482929,2025,D'Astous-Lilleberg,TBL,pairing,5on5,23,14892.0,62.0,0.53,0.51,0.52,122.22,11.35,8.42,31.38,4.15,63.33,46.38,10.71,11.61,10.96,117.0,48.0,58.0,223.0,13.0,16.0,1.0,32.0,0.0,56.0,48.0,104.0,152.0,19.0,52.0,118.0,106.0,17.0,61.0,112.0,42.0,11.0,3.06,5.19,3.1,2.0,9.0,2.0,230.7,165.0,169.48,20.0,1.78,3.39,3.39,9.73,9.94,9.7,113.27,10.11,7.06,29.15,3.78,58.94,44.95,9.61,9.88,9.42,103.0,51.0,59.0,213.0,8.0,14.0,1.0,18.0,0.0,55.0,59.0,95.0,146.0,22.0,56.0,144.0,128.0,24.0,64.0,119.0,20.0,15.0,3.63,2.38,4.09,3.0,2.0,3.0,206.01,154.0,150.5,18.0,1.48,2.75,2.75,8.84,8.72,8.53
84764298477506,2025,Pulock-Mayfield,NYI,pairing,5on5,25,1488.0,223.0,0.32,0.19,0.23,4.76,0.43,0.32,1.06,0.16,2.36,1.68,0.41,0.44,0.42,2.0,4.0,1.0,7.0,0.0,1.0,0.0,0.0,0.0,1.0,4.0,2.0,6.0,2.0,4.0,1.0,13.0,1.0,5.0,4.0,2.0,0.0,0.15,0.29,0.0,0.0,0.0,0.0,7.33,6.0,6.2,4.0,0.07,0.11,0.11,0.39,0.39,0.39,14.0,0.93,0.84,3.77,0.49,7.63,6.33,0.92,0.95,0.93,11.0,9.0,10.0,30.0,1.0,2.0,0.0,1.0,0.0,8.0,8.0,10.0,19.0,0.0,0.0,2.0,12.0,0.0,5.0,16.0,4.0,0.0,0.48,0.44,0.0,1.0,0.0,0.0,31.3,20.0,20.86,1.0,0.17,0.26,0.26,0.84,0.88,0.87
847744484827038484144,2025,Burakovsky-Bedard-Dach,CHI,line,5on5,13,2896.0,125.0,0.24,0.41,0.38,17.84,0.98,1.11,4.49,0.58,10.42,7.42,0.95,1.01,0.97,17.0,8.0,8.0,33.0,1.0,2.0,0.0,5.0,0.0,7.0,10.0,16.0,24.0,2.0,4.0,17.0,35.0,9.0,14.0,21.0,4.0,0.0,0.55,0.43,0.0,1.0,0.0,0.0,33.56,25.0,25.38,7.0,0.22,0.18,0.18,1.02,1.06,1.02,31.2,3.16,2.21,7.45,0.95,15.63,11.6,2.98,3.05,2.87,27.0,14.0,7.0,48.0,2.0,3.0,1.0,6.0,0.0,16.0,14.0,25.0,39.0,6.0,12.0,21.0,20.0,1.0,19.0,24.0,15.0,2.0,0.61,1.91,0.64,0.0,1.0,1.0,47.22,41.0,39.98,8.0,0.47,0.75,0.75,2.87,2.8,2.75
84774988479442,2025,Nurse-Stecher,EDM,pairing,5on5,6,3877.0,17.0,0.29,0.36,0.32,18.85,1.15,1.22,4.82,0.58,10.61,7.63,1.14,1.19,1.18,16.0,10.0,15.0,41.0,0.0,0.0,0.0,3.0,0.0,9.0,14.0,16.0,26.0,3.0,6.0,28.0,24.0,3.0,25.0,20.0,6.0,0.0,0.5,0.65,0.0,0.0,0.0,0.0,42.11,26.0,26.79,12.0,0.26,0.0,0.0,1.41,1.45,1.45,40.18,2.78,2.58,10.7,1.35,22.74,15.85,2.74,2.72,2.68,33.0,23.0,17.0,73.0,1.0,4.0,0.0,10.0,0.0,23.0,18.0,32.0,55.0,2.0,4.0,26.0,34.0,5.0,13.0,44.0,11.0,1.0,1.18,1.27,0.34,1.0,0.0,0.0,71.71,56.0,55.07,6.0,0.53,0.5,0.5,2.82,2.75,2.72
847418984763938480188,2025,Zetterlund-Eller-Cousins,OTT,line,5on5,10,1259.0,96.0,0.54,0.58,0.53,7.25,0.52,0.38,1.59,0.23,3.89,3.39,0.51,0.54,0.54,9.0,1.0,8.0,18.0,0.0,0.0,0.0,2.0,0.0,3.0,5.0,9.0,10.0,2.0,4.0,13.0,12.0,2.0,8.0,9.0,1.0,0.0,0.37,0.15,0.0,0.0,0.0,0.0,19.75,10.0,10.82,6.0,0.08,0.0,0.0,0.59,0.62,0.62,6.36,0.45,0.37,1.62,0.22,3.67,2.68,0.44,0.45,0.45,5.0,4.0,4.0,13.0,0.0,0.0,0.0,3.0,0.0,3.0,3.0,5.0,9.0,3.0,6.0,16.0,15.0,2.0,10.0,7.0,2.0,0.0,0.19,0.26,0.0,0.0,0.0,0.0,12.61,9.0,8.91,4.0,0.08,0.0,0.0,0.52,0.53,0.52
848022084815538483733,2025,Brink-Cates-Grebenkin,PHI,line,5on5,13,3236.0,119.0,0.29,0.43,0.39,15.79,1.09,1.03,3.78,0.49,9.26,6.35,1.07,1.06,1.04,17.0,5.0,16.0,38.0,2.0,0.0,0.0,5.0,0.0,7.0,8.0,15.0,20.0,1.0,2.0,21.0,23.0,7.0,11.0,17.0,5.0,0.0,0.49,0.6,0.0,1.0,1.0,0.0,37.49,22.0,21.63,6.0,0.21,0.0,0.0,1.29,1.26,1.24,26.54,2.67,1.68,6.86,0.82,13.22,9.75,2.51,2.68,2.53,25.0,10.0,15.0,50.0,1.0,3.0,0.0,5.0,0.0,12.0,14.0,24.0,34.0,1.0,2.0,19.0,29.0,6.0,17.0,25.0,8.0,2.0,0.81,1.02,0.83,1.0,0.0,0.0,49.91,35.0,35.49,9.0,0.35,1.01,1.01,2.01,2.05,2.0
84820948482122,2025,Hunt-Faber,MIN,pairing,5on5,5,1198.0,34.0,0.35,0.24,0.27,5.41,0.55,0.41,1.1,0.14,2.86,1.93,0.55,0.57,0.57,5.0,2.0,2.0,9.0,1.0,0.0,0.0,0.0,0.0,4.0,2.0,4.0,6.0,3.0,6.0,11.0,10.0,2.0,7.0,4.0,3.0,0.0,0.17,0.39,0.0,0.0,1.0,0.0,9.19,7.0,7.2,2.0,0.09,0.0,0.0,0.64,0.66,0.66,13.39,1.05,0.89,3.38,0.44,7.77,5.48,1.02,1.08,1.06,9.0,10.0,10.0,29.0,0.0,2.0,0.0,4.0,0.0,7.0,6.0,9.0,19.0,1.0,2.0,12.0,12.0,2.0,6.0,16.0,2.0,1.0,0.37,0.28,0.4,0.0,0.0,0.0,29.32,19.0,19.04,3.0,0.18,0.41,0.41,0.81,0.83,0.82
847645584781098480835,2025,Landeskog-Drury-Olofsson,COL,line,5on5,16,4470.0,117.0,0.61,0.58,0.6,50.52,4.01,3.17,13.63,1.69,26.22,19.28,3.92,4.18,4.09,38.0,30.0,22.0,90.0,4.0,3.0,1.0,16.0,0.0,24.0,21.0,34.0,64.0,9.0,21.0,46.0,17.0,8.0,14.0,56.0,9.0,3.0,1.8,1.26,0.95,3.0,0.0,1.0,95.32,68.0,71.37,3.0,0.67,0.67,0.67,4.02,4.2,4.15,33.63,2.54,2.01,8.72,1.12,18.25,13.36,2.44,2.55,2.44,34.0,12.0,19.0,65.0,4.0,4.0,1.0,12.0,0.0,15.0,11.0,30.0,42.0,7.0,17.0,41.0,30.0,7.0,34.0,36.0,8.0,2.0,0.87,1.02,0.65,2.0,1.0,1.0,62.92,46.0,45.18,17.0,0.41,0.85,0.85,2.1,2.08,2.01
84778108484768,2025,Hanley-Parekh,CGY,pairing,5on5,8,3157.0,35.0,0.71,0.65,0.65,31.27,2.81,1.95,7.76,0.99,16.61,11.88,2.75,2.82,2.76,32.0,10.0,24.0,66.0,3.0,5.0,0.0,4.0,0.0,16.0,14.0,29.0,39.0,2.0,4.0,29.0,35.0,3.0,13.0,32.0,8.0,2.0,0.9,1.15,0.77,2.0,1.0,0.0,66.68,42.0,42.59,7.0,0.4,1.18,1.18,2.03,2.06,2.03,16.51,1.13,0.95,4.19,0.51,9.52,6.7,1.12,1.13,1.13,16.0,7.0,13.0,36.0,1.0,0.0,0.0,6.0,0.0,11.0,5.0,15.0,22.0,3.0,6.0,23.0,36.0,9.0,16.0,19.0,3.0,1.0,0.49,0.34,0.29,1.0,0.0,0.0,36.24,23.0,23.11,9.0,0.2,0.0,0.0,1.32,1.33,1.32
847740284800238483516,2025,Buchnevich-Thomas-Snuggerud,STL,line,5on5,14,4574.0,72.0,0.37,0.42,0.39,29.02,2.24,1.86,7.18,0.93,15.06,11.74,2.2,2.2,2.16,27.0,12.0,23.0,62.0,2.0,2.0,0.0,4.0,0.0,10.0,21.0,25.0,37.0,2.0,7.0,43.0,15.0,11.0,21.0,26.0,13.0,0.0,0.82,1.42,0.0,0.0,2.0,0.0,62.0,39.0,39.46,13.0,0.38,0.18,0.18,2.44,2.41,2.37,45.18,3.75,3.13,11.04,1.47,24.68,17.93,3.65,3.83,3.72,38.0,24.0,23.0,85.0,3.0,2.0,0.0,8.0,0.0,24.0,25.0,35.0,59.0,4.0,11.0,35.0,19.0,4.0,22.0,44.0,16.0,2.0,1.25,2.02,0.48,2.0,1.0,0.0,87.02,62.0,62.58,5.0,0.65,0.43,0.43,3.98,4.06,3.97
847062184764698482726,2025,Armia-Helenius-Perry,LAK,line,5on5,7,1097.0,52.0,0.43,0.49,0.5,8.57,0.46,0.54,2.59,0.35,5.21,3.84,0.45,0.48,0.46,6.0,7.0,5.0,18.0,0.0,1.0,0.0,1.0,0.0,4.0,7.0,6.0,13.0,1.0,2.0,8.0,7.0,1.0,6.0,11.0,2.0,0.0,0.16,0.3,0.0,0.0,0.0,0.0,19.09,13.0,13.16,2.0,0.11,0.17,0.17,0.4,0.41,0.4,9.2,0.6,0.61,2.41,0.3,5.33,3.76,0.6,0.6,0.6,6.0,7.0,6.0,19.0,0.0,1.0,0.0,3.0,0.0,5.0,4.0,6.0,13.0,2.0,4.0,4.0,10.0,1.0,4.0,10.0,3.0,0.0,0.26,0.35,0.0,0.0,0.0,0.0,18.85,13.0,13.05,0.0,0.13,0.12,0.12,0.61,0.62,0.61
847575484774768477501,2025,Lehkonen-Nelson-Nichushkin,COL,line,5on5,20,3640.0,216.0,0.7,0.61,0.59,36.49,3.57,2.49,9.85,1.33,20.24,14.51,3.47,3.6,3.51,34.0,18.0,22.0,74.0,4.0,6.0,3.0,6.0,0.0,15.0,21.0,30.0,48.0,4.0,8.0,27.0,11.0,7.0,21.0,40.0,7.0,5.0,1.22,1.04,1.3,1.0,1.0,2.0,77.08,52.0,52.91,9.0,0.53,1.28,1.28,2.81,2.83,2.81,25.15,1.5,1.55,6.51,0.82,14.88,10.73,1.45,1.47,1.42,20.0,16.0,11.0,47.0,1.0,3.0,0.0,6.0,0.0,15.0,11.0,19.0,35.0,3.0,6.0,33.0,28.0,4.0,19.0,32.0,4.0,0.0,0.93,0.56,0.0,1.0,0.0,0.0,45.68,36.0,35.01,10.0,0.32,0.66,0.32,1.49,1.46,1.44
847516984788568480012,2025,Kane-Pettersson-Garland,VAN,line,5on5,16,5696.0,90.0,0.51,0.48,0.49,61.77,5.63,4.09,15.22,2.02,32.84,23.19,5.34,5.47,5.21,50.0,33.0,28.0,111.0,2.0,13.0,1.0,7.0,0.0,34.0,27.0,48.0,81.0,4.0,11.0,50.0,27.0,10.0,31.0,63.0,12.0,8.0,1.94,1.56,2.12,0.0,0.0,2.0,106.18,83.0,79.71,13.0,0.85,2.34,2.34,4.13,4.04,3.93,64.93,5.45,4.49,16.54,2.24,33.98,25.3,5.27,5.57,5.38,55.0,33.0,33.0,121.0,3.0,3.0,0.0,15.0,0.0,32.0,35.0,52.0,85.0,10.0,23.0,56.0,25.0,10.0,19.0,64.0,21.0,3.0,1.94,2.76,0.76,2.0,1.0,0.0,123.24,88.0,90.08,10.0,0.96,0.68,0.68,5.73,5.86,5.71
847638984821098484210,2025,Lafrenire-Trocheck-Perreault,NYR,line,5on5,3,1235.0,25.0,0.66,0.61,0.64,19.52,1.99,1.4,5.13,0.69,9.09,6.7,1.89,2.1,2.0,16.0,9.0,10.0,35.0,0.0,5.0,0.0,4.0,0.0,8.0,8.0,16.0,25.0,2.0,4.0,13.0,4.0,1.0,4.0,13.0,11.0,1.0,0.5,1.14,0.34,0.0,0.0,0.0,36.38,25.0,25.79,1.0,0.3,0.69,0.69,1.59,1.66,1.63,10.42,1.03,0.67,2.23,0.33,5.79,3.95,1.02,0.97,0.95,9.0,5.0,8.0,22.0,1.0,1.0,0.0,1.0,0.0,6.0,5.0,8.0,13.0,1.0,2.0,9.0,4.0,1.0,6.0,8.0,6.0,0.0,0.3,0.73,0.0,0.0,1.0,0.0,20.7,14.0,13.08,5.0,0.14,0.19,0.19,0.98,0.92,0.92
84800368480950,2025,Heiskanen-Lyubushkin,DAL,pairing,5on5,17,1164.0,165.0,0.61,0.41,0.44,8.92,0.66,0.59,2.09,0.27,4.98,3.4,0.65,0.69,0.68,10.0,2.0,3.0,15.0,0.0,1.0,0.0,2.0,0.0,5.0,4.0,10.0,12.0,1.0,2.0,3.0,8.0,2.0,8.0,9.0,3.0,0.0,0.36,0.31,0.0,0.0,0.0,0.0,15.77,12.0,12.33,4.0,0.12,0.11,0.11,0.67,0.7,0.69,10.22,0.42,0.62,2.81,0.37,6.28,4.5,0.42,0.41,0.41,10.0,5.0,7.0,22.0,1.0,2.0,0.0,4.0,0.0,4.0,4.0,9.0,14.0,1.0,2.0,7.0,9.0,1.0,7.0,14.0,1.0,0.0,0.33,0.09,0.0,1.0,0.0,0.0,21.04,15.0,14.57,4.0,0.13,0.06,0.06,0.49,0.47,0.47
84752008475906,2025,Orlov-Klingberg,SJS,pairing,5on5,29,12705.0,118.0,0.53,0.54,0.51,111.27,10.86,7.58,27.45,3.77,57.15,43.18,10.43,10.71,10.27,90.0,60.0,71.0,221.0,13.0,16.0,1.0,22.0,0.0,46.0,53.0,77.0,137.0,6.0,12.0,101.0,76.0,19.0,69.0,108.0,28.0,14.0,3.15,3.51,4.2,7.0,3.0,3.0,218.95,150.0,148.58,35.0,1.59,2.8,2.8,9.65,9.56,9.44,107.72,9.52,7.4,26.32,3.57,57.24,42.96,8.9,9.54,8.91,106.0,41.0,42.0,189.0,10.0,14.0,2.0,18.0,0.0,53.0,52.0,96.0,137.0,16.0,32.0,108.0,67.0,11.0,61.0,111.0,26.0,10.0,3.37,3.41,2.74,3.0,4.0,3.0,191.39,147.0,148.08,33.0,1.55,2.65,2.65,8.42,8.4,8.09
847994184820978483468,2025,Quinn-Kulich-Danforth,BUF,line,5on5,2,619.0,24.0,0.19,0.29,0.25,2.77,0.23,0.21,0.77,0.1,1.61,1.08,0.23,0.21,0.21,3.0,1.0,3.0,7.0,0.0,0.0,0.0,0.0,0.0,1.0,3.0,3.0,4.0,4.0,8.0,7.0,2.0,0.0,6.0,3.0,1.0,0.0,0.09,0.14,0.0,0.0,0.0,0.0,6.17,4.0,3.55,5.0,0.04,0.0,0.0,0.27,0.25,0.25,8.7,0.95,0.65,2.29,0.33,4.55,3.24,0.9,1.03,0.98,9.0,3.0,5.0,17.0,1.0,1.0,0.0,1.0,0.0,7.0,2.0,8.0,11.0,1.0,2.0,5.0,1.0,2.0,6.0,7.0,5.0,0.0,0.25,0.7,0.0,0.0,1.0,0.0,18.91,12.0,13.36,2.0,0.14,0.16,0.16,0.92,0.99,0.94
847783984793908481704,2025,Sheary-Parssinen-Raddysh,NYR,line,5on5,3,1224.0,14.0,0.57,0.46,0.5,6.76,0.32,0.37,1.7,0.22,4.37,3.02,0.32,0.32,0.32,4.0,6.0,3.0,13.0,1.0,0.0,0.0,2.0,0.0,3.0,4.0,3.0,9.0,0.0,0.0,6.0,8.0,4.0,3.0,9.0,1.0,0.0,0.19,0.12,0.0,0.0,1.0,0.0,12.83,10.0,9.94,1.0,0.07,0.0,0.0,0.39,0.4,0.4,6.65,0.24,0.4,1.78,0.23,4.33,3.02,0.24,0.25,0.24,7.0,3.0,5.0,15.0,0.0,0.0,0.0,3.0,1.0,1.0,5.0,7.0,10.0,0.0,0.0,10.0,3.0,1.0,3.0,10.0,0.0,0.0,0.24,0.0,0.0,0.0,0.0,0.0,14.9,10.0,10.15,2.0,0.08,0.0,0.0,0.33,0.33,0.33
847959184826348483489,2025,Eyssimont-Minten-Steeves,BOS,line,5on5,3,1432.0,8.0,0.51,0.52,0.57,15.77,0.83,0.84,4.41,0.51,8.33,6.08,0.82,0.8,0.79,17.0,4.0,4.0,25.0,2.0,0.0,0.0,5.0,0.0,10.0,4.0,15.0,19.0,3.0,6.0,16.0,12.0,0.0,5.0,17.0,4.0,0.0,0.33,0.5,0.0,0.0,2.0,0.0,24.05,21.0,20.4,1.0,0.18,0.0,0.0,1.0,0.97,0.96,11.56,0.79,0.87,2.53,0.38,6.5,4.92,0.78,0.83,0.82,9.0,7.0,7.0,23.0,0.0,0.0,0.0,5.0,0.0,7.0,4.0,9.0,16.0,2.0,4.0,12.0,12.0,3.0,5.0,12.0,4.0,0.0,0.34,0.45,0.0,0.0,0.0,0.0,23.93,16.0,16.58,2.0,0.18,0.0,0.0,0.97,1.02,1.01
84808798481542,2025,Seider-Bernard-Docker,DET,pairing,5on5,18,655.0,166.0,0.83,0.55,0.75,6.61,0.38,0.36,1.52,0.19,3.62,2.95,0.38,0.38,0.38,9.0,0.0,2.0,11.0,1.0,0.0,0.0,0.0,0.0,2.0,6.0,8.0,8.0,1.0,2.0,2.0,3.0,1.0,4.0,7.0,2.0,0.0,0.13,0.25,0.0,0.0,1.0,0.0,11.16,9.0,9.04,2.0,0.07,0.0,0.0,0.45,0.46,0.46,2.21,0.08,0.11,0.58,0.06,1.19,0.98,0.08,0.09,0.09,1.0,2.0,6.0,9.0,0.0,0.0,0.0,0.0,0.0,0.0,3.0,1.0,3.0,1.0,2.0,0.0,3.0,1.0,4.0,3.0,0.0,0.0,0.08,0.0,0.0,0.0,0.0,0.0,9.14,3.0,3.16,2.0,0.02,0.0,0.0,0.1,0.11,0.11
84768698479980,2025,Skjei-Hague,NSH,pairing,5on5,28,1374.0,245.0,0.13,0.38,0.36,6.43,0.15,0.31,1.54,0.19,3.56,3.25,0.15,0.15,0.15,6.0,3.0,4.0,13.0,0.0,0.0,0.0,1.0,0.0,3.0,5.0,6.0,9.0,3.0,9.0,8.0,6.0,1.0,5.0,9.0,0.0,0.0,0.15,0.0,0.0,0.0,0.0,0.0,12.84,9.0,9.23,2.0,0.06,0.0,0.0,0.21,0.22,0.22,11.95,1.05,0.77,3.43,0.4,6.04,4.3,1.04,1.05,1.04,12.0,4.0,5.0,21.0,0.0,2.0,0.0,2.0,0.0,7.0,5.0,12.0,16.0,2.0,7.0,5.0,11.0,3.0,6.0,12.0,3.0,1.0,0.33,0.43,0.29,0.0,0.0,0.0,20.59,16.0,15.99,2.0,0.16,0.34,0.34,0.88,0.88,0.88
84808718485366,2025,Schaefer-Boqvist,NYI,pairing,5on5,9,710.0,79.0,0.78,0.56,0.63,8.72,0.78,0.66,2.03,0.3,4.67,3.57,0.76,0.83,0.82,9.0,3.0,3.0,15.0,1.0,2.0,1.0,2.0,0.0,0.0,7.0,8.0,11.0,1.0,2.0,2.0,4.0,0.0,3.0,10.0,0.0,2.0,0.25,0.0,0.53,0.0,0.0,1.0,15.33,12.0,12.23,3.0,0.14,0.53,0.53,0.39,0.39,0.39,4.42,0.22,0.29,1.15,0.15,3.04,2.15,0.22,0.24,0.24,4.0,3.0,5.0,12.0,0.0,0.0,0.0,1.0,0.0,2.0,4.0,4.0,7.0,1.0,2.0,1.0,2.0,0.0,3.0,6.0,1.0,0.0,0.12,0.1,0.0,0.0,0.0,0.0,12.17,7.0,7.24,1.0,0.06,0.0,0.0,0.28,0.29,0.29
84759068484806,2025,Dickinson-Klingberg,SJS,pairing,5on5,20,2454.0,132.0,0.44,0.46,0.43,18.84,1.36,1.16,5.1,0.6,9.73,7.05,1.35,1.34,1.33,19.0,6.0,13.0,38.0,2.0,2.0,1.0,3.0,0.0,9.0,9.0,17.0,23.0,4.0,8.0,13.0,19.0,6.0,8.0,20.0,4.0,1.0,0.48,0.52,0.36,0.0,1.0,1.0,37.14,25.0,24.63,5.0,0.24,0.38,0.43,1.17,1.16,1.16,25.33,1.74,1.7,6.42,0.77,13.06,9.31,1.7,1.76,1.72,20.0,13.0,12.0,45.0,2.0,2.0,0.0,6.0,0.0,11.0,12.0,18.0,31.0,4.0,8.0,23.0,13.0,4.0,12.0,27.0,4.0,2.0,0.84,0.48,0.42,0.0,2.0,0.0,45.27,33.0,33.42,6.0,0.35,0.24,0.24,1.85,1.88,1.87
847341984779358482713,2025,Marchand-Bennett-Samoskevich,FLA,line,5on5,6,726.0,51.0,0.47,0.46,0.38,4.5,0.55,0.28,1.08,0.13,2.3,1.66,0.54,0.57,0.56,4.0,2.0,5.0,11.0,0.0,1.0,0.0,2.0,0.0,2.0,1.0,4.0,6.0,1.0,2.0,3.0,6.0,0.0,4.0,4.0,1.0,1.0,0.06,0.12,0.38,0.0,0.0,0.0,11.12,6.0,6.0,3.0,0.06,0.38,0.38,0.23,0.23,0.22,7.77,0.62,0.45,2.37,0.27,3.75,2.54,0.61,0.64,0.63,8.0,2.0,3.0,13.0,1.0,1.0,1.0,1.0,0.0,4.0,3.0,7.0,9.0,0.0,0.0,6.0,5.0,0.0,2.0,9.0,0.0,1.0,0.3,0.0,0.31,0.0,0.0,1.0,13.73,10.0,10.33,2.0,0.1,0.31,0.31,0.4,0.41,0.41
847514984788648482079,2025,Johansson-Rossi-Kaprizov,MIN,line,5on5,9,4637.0,35.0,0.45,0.48,0.47,33.24,2.46,2.23,8.54,1.05,18.52,13.19,2.39,2.4,2.32,30.0,16.0,15.0,61.0,3.0,2.0,0.0,7.0,0.0,17.0,17.0,27.0,43.0,2.0,4.0,39.0,21.0,4.0,28.0,37.0,6.0,3.0,0.95,0.72,0.79,2.0,1.0,0.0,59.2,46.0,45.03,14.0,0.46,0.59,0.59,2.34,2.27,2.22,36.75,3.04,2.46,9.45,1.21,20.28,14.56,2.94,3.22,3.11,33.0,18.0,15.0,66.0,4.0,2.0,1.0,9.0,0.0,17.0,19.0,29.0,47.0,3.0,6.0,47.0,20.0,9.0,20.0,42.0,7.0,2.0,1.31,0.91,0.82,2.0,1.0,1.0,69.58,51.0,53.69,12.0,0.51,0.82,0.82,2.73,2.88,2.84
84793458480990,2025,Chychrun-Chisholm,WSH,pairing,5on5,14,3042.0,84.0,0.34,0.46,0.41,18.47,1.37,1.08,4.61,0.65,10.72,7.57,1.37,1.37,1.37,19.0,7.0,17.0,43.0,2.0,0.0,0.0,5.0,0.0,11.0,8.0,17.0,24.0,2.0,7.0,14.0,22.0,2.0,18.0,21.0,4.0,1.0,0.52,0.5,0.36,2.0,0.0,0.0,43.69,26.0,26.53,11.0,0.22,0.0,0.0,1.6,1.6,1.6,27.29,2.66,1.81,6.73,0.96,14.27,10.57,2.51,2.56,2.41,21.0,16.0,14.0,51.0,2.0,5.0,0.0,6.0,0.0,15.0,9.0,19.0,35.0,4.0,11.0,16.0,21.0,3.0,14.0,26.0,8.0,3.0,0.87,1.11,0.68,1.0,1.0,0.0,48.65,37.0,35.39,9.0,0.38,0.69,0.69,2.35,2.26,2.21
847744484816248484144,2025,Burakovsky-Bedard-Mikheyev,CHI,line,5on5,2,634.0,7.0,0.27,0.2,0.24,3.0,0.27,0.19,0.7,0.08,1.51,1.24,0.27,0.26,0.26,3.0,1.0,1.0,5.0,1.0,0.0,0.0,0.0,0.0,1.0,2.0,2.0,3.0,1.0,2.0,4.0,2.0,2.0,1.0,2.0,2.0,0.0,0.04,0.23,0.0,0.0,1.0,0.0,4.8,4.0,3.84,1.0,0.04,0.0,0.0,0.31,0.3,0.3,9.19,0.73,0.6,2.18,0.29,5.42,3.77,0.73,0.73,0.73,7.0,6.0,7.0,20.0,0.0,0.0,0.0,4.0,0.0,6.0,3.0,7.0,13.0,1.0,2.0,6.0,1.0,1.0,5.0,9.0,4.0,0.0,0.24,0.49,0.0,0.0,0.0,0.0,20.2,13.0,13.04,2.0,0.13,0.0,0.0,0.86,0.86,0.85
847701584779968481721,2025,Brown-Lammikko-Gritsyuk,NJD,line,5on5,3,1157.0,16.0,0.51,0.57,0.54,11.06,0.71,0.62,3.07,0.34,5.99,4.26,0.7,0.69,0.68,12.0,3.0,5.0,20.0,0.0,1.0,0.0,3.0,0.0,9.0,2.0,12.0,15.0,0.0,0.0,13.0,16.0,3.0,6.0,14.0,0.0,1.0,0.4,0.0,0.31,0.0,0.0,0.0,18.46,15.0,14.36,5.0,0.13,0.31,0.31,0.53,0.52,0.51,9.17,0.68,0.62,2.53,0.3,5.28,3.59,0.65,0.69,0.66,11.0,2.0,2.0,15.0,1.0,2.0,1.0,1.0,0.0,4.0,5.0,10.0,12.0,0.0,0.0,10.0,3.0,1.0,6.0,11.0,2.0,0.0,0.45,0.22,0.0,1.0,0.0,0.0,16.69,13.0,13.65,1.0,0.13,0.19,0.19,0.61,0.63,0.61
847576084775738480281,2025,Walker-Bjugstad-Toropchenko,STL,line,5on5,8,2623.0,43.0,0.52,0.41,0.46,20.5,1.92,1.51,5.87,0.68,9.51,6.5,1.75,1.92,1.76,19.0,7.0,8.0,34.0,0.0,6.0,0.0,2.0,0.0,9.0,9.0,19.0,26.0,4.0,8.0,16.0,39.0,1.0,11.0,18.0,5.0,3.0,0.46,0.78,0.69,0.0,0.0,0.0,33.98,26.0,25.94,6.0,0.32,1.06,1.06,1.18,1.2,1.16,22.79,1.8,1.38,5.43,0.81,12.4,9.18,1.71,1.73,1.64,24.0,7.0,18.0,49.0,3.0,2.0,1.0,5.0,0.0,13.0,8.0,21.0,28.0,1.0,2.0,18.0,14.0,5.0,15.0,26.0,4.0,1.0,0.91,0.57,0.32,2.0,1.0,0.0,48.37,31.0,30.63,6.0,0.28,0.37,0.37,1.72,1.66,1.62
847742584774978482660,2025,Wood-Monahan-Johnson,CBJ,line,5on5,5,2841.0,13.0,0.49,0.47,0.46,26.59,2.46,1.79,6.93,0.91,13.65,10.25,2.45,2.58,2.56,25.0,11.0,13.0,49.0,2.0,2.0,0.0,6.0,0.0,10.0,16.0,23.0,34.0,4.0,8.0,26.0,11.0,2.0,8.0,28.0,3.0,5.0,0.78,0.39,1.3,0.0,1.0,1.0,50.46,36.0,37.11,4.0,0.38,0.51,0.27,2.57,2.71,2.69,31.0,2.56,1.9,7.92,1.04,16.68,11.9,2.38,2.54,2.37,26.0,16.0,13.0,55.0,5.0,6.0,1.0,3.0,0.0,13.0,15.0,21.0,37.0,5.0,10.0,25.0,12.0,3.0,15.0,33.0,6.0,3.0,1.02,0.77,0.77,3.0,1.0,1.0,54.81,42.0,41.89,9.0,0.39,1.04,1.04,1.91,1.87,1.83
84770188478468,2025,Lauzon-Hutton,VGK,pairing,5on5,6,1327.0,32.0,0.26,0.31,0.38,6.72,0.31,0.28,1.75,0.23,3.45,2.99,0.31,0.28,0.28,5.0,4.0,2.0,11.0,0.0,0.0,0.0,0.0,0.0,3.0,6.0,5.0,9.0,4.0,11.0,7.0,18.0,1.0,5.0,9.0,0.0,0.0,0.31,0.0,0.0,0.0,0.0,0.0,10.11,9.0,8.42,2.0,0.06,0.0,0.0,0.36,0.34,0.34,10.37,0.88,0.7,2.84,0.43,6.01,4.14,0.77,0.87,0.76,7.0,8.0,9.0,24.0,1.0,2.0,1.0,1.0,0.0,5.0,6.0,6.0,14.0,1.0,5.0,13.0,15.0,0.0,2.0,12.0,1.0,2.0,0.27,0.15,0.46,0.0,0.0,1.0,25.4,15.0,15.82,0.0,0.14,0.46,0.46,0.56,0.57,0.56
847802084815968482092,2025,Pinto-Greig-Amadio,OTT,line,5on5,15,1814.0,152.0,0.58,0.55,0.6,17.43,1.31,1.22,4.25,0.56,9.75,6.91,1.23,1.26,1.18,18.0,6.0,7.0,31.0,4.0,3.0,2.0,5.0,0.0,6.0,6.0,14.0,20.0,1.0,2.0,22.0,10.0,2.0,10.0,19.0,5.0,0.0,0.66,0.65,0.0,2.0,2.0,0.0,29.94,24.0,23.52,5.0,0.25,0.43,0.43,1.14,1.1,1.08,11.62,0.96,0.89,2.83,0.4,6.47,4.44,0.94,1.01,0.99,10.0,6.0,9.0,25.0,2.0,1.0,0.0,3.0,0.0,7.0,3.0,8.0,14.0,2.0,4.0,15.0,12.0,1.0,8.0,12.0,4.0,0.0,0.56,0.4,0.0,2.0,0.0,0.0,26.06,16.0,16.67,3.0,0.19,0.11,0.11,1.05,1.09,1.07
84745908478911,2025,Carlson-Roy,WSH,pairing,5on5,14,834.0,144.0,0.47,0.52,0.46,4.25,0.31,0.32,0.94,0.18,2.2,2.06,0.31,0.31,0.31,4.0,2.0,6.0,12.0,0.0,0.0,0.0,1.0,0.0,1.0,4.0,4.0,6.0,2.0,4.0,1.0,6.0,3.0,6.0,5.0,1.0,0.0,0.11,0.19,0.0,0.0,0.0,0.0,12.11,6.0,6.08,4.0,0.07,0.0,0.0,0.37,0.38,0.38,5.27,0.34,0.32,1.3,0.19,2.82,2.03,0.34,0.33,0.33,6.0,1.0,4.0,11.0,2.0,0.0,0.0,2.0,0.0,1.0,2.0,4.0,5.0,0.0,0.0,4.0,5.0,2.0,4.0,5.0,2.0,0.0,0.18,0.17,0.0,1.0,1.0,0.0,10.75,7.0,6.98,2.0,0.07,0.0,0.0,0.41,0.4,0.4
847517084793858480023,2025,Schenn-Thomas-Kyrou,STL,line,5on5,6,647.0,77.0,0.86,0.68,0.72,9.28,0.89,0.76,2.16,0.31,5.23,3.65,0.85,0.87,0.84,7.0,6.0,6.0,19.0,1.0,1.0,0.0,1.0,0.0,5.0,5.0,6.0,12.0,1.0,2.0,5.0,3.0,2.0,5.0,9.0,4.0,0.0,0.32,0.57,0.0,0.0,1.0,0.0,19.52,13.0,13.31,0.0,0.16,0.01,0.01,1.04,1.02,0.98,3.6,0.14,0.18,0.94,0.12,2.05,1.57,0.14,0.14,0.14,4.0,1.0,4.0,9.0,0.0,0.0,0.0,0.0,0.0,2.0,3.0,4.0,5.0,1.0,2.0,4.0,2.0,0.0,4.0,5.0,0.0,0.0,0.14,0.0,0.0,0.0,0.0,0.0,8.71,5.0,4.88,3.0,0.04,0.0,0.0,0.18,0.18,0.17
847167584758108480842,2025,Hallander-Crosby-Rust,PIT,line,5on5,6,2875.0,17.0,0.54,0.51,0.49,28.37,2.88,2.17,7.3,0.93,14.21,10.5,2.72,2.88,2.72,29.0,9.0,21.0,59.0,5.0,4.0,1.0,9.0,0.0,8.0,12.0,24.0,33.0,1.0,2.0,34.0,7.0,4.0,19.0,27.0,8.0,3.0,0.74,1.03,1.11,3.0,1.0,1.0,58.93,38.0,38.28,11.0,0.46,1.21,1.21,2.13,2.16,2.07,26.81,2.43,2.04,7.01,1.01,15.8,10.7,2.32,2.41,2.3,25.0,14.0,17.0,56.0,1.0,5.0,0.0,4.0,0.0,18.0,11.0,24.0,38.0,3.0,6.0,25.0,15.0,5.0,11.0,31.0,4.0,4.0,0.86,0.5,1.07,1.0,0.0,0.0,55.69,39.0,38.98,6.0,0.42,0.61,0.61,2.24,2.22,2.19
847942084800648484145,2025,Benson-Norris-Thompson,BUF,line,5on5,4,1898.0,9.0,0.57,0.62,0.63,23.05,1.94,1.67,5.9,0.7,11.64,8.16,1.79,1.92,1.78,21.0,9.0,12.0,42.0,2.0,2.0,0.0,5.0,0.0,14.0,7.0,19.0,28.0,0.0,0.0,21.0,2.0,0.0,3.0,21.0,7.0,2.0,0.59,0.8,0.56,1.0,1.0,0.0,40.67,30.0,29.66,1.0,0.35,0.56,0.56,1.73,1.72,1.68,14.15,1.44,1.1,3.26,0.4,6.81,4.99,1.38,1.44,1.37,16.0,2.0,8.0,26.0,4.0,1.0,1.0,2.0,0.0,7.0,4.0,12.0,14.0,4.0,8.0,16.0,17.0,3.0,11.0,10.0,7.0,1.0,0.37,0.84,0.23,0.0,3.0,1.0,26.26,18.0,18.23,6.0,0.23,0.23,0.23,1.44,1.44,1.4
847531484764198481601,2025,Lee-Pageau-Holmstrom,NYI,line,5on5,24,7134.0,139.0,0.54,0.5,0.51,59.38,5.53,4.4,15.11,2.24,33.36,23.37,5.25,5.49,5.21,47.0,37.0,30.0,114.0,8.0,9.0,2.0,13.0,0.0,33.0,21.0,39.0,76.0,7.0,14.0,76.0,28.0,10.0,29.0,59.0,20.0,5.0,1.65,2.4,1.49,3.0,3.0,2.0,114.85,84.0,84.28,14.0,0.92,1.74,1.74,4.71,4.66,4.57,59.03,4.77,3.94,14.79,1.97,32.49,24.05,4.66,4.9,4.79,48.0,34.0,32.0,114.0,7.0,6.0,1.0,12.0,0.0,28.0,29.0,41.0,75.0,4.0,8.0,60.0,57.0,14.0,35.0,62.0,15.0,5.0,1.74,1.67,1.37,1.0,6.0,0.0,116.72,82.0,82.83,16.0,0.82,0.85,0.85,4.74,4.82,4.72
84769678480834,2025,Kulak-Emberson,EDM,pairing,5on5,26,20237.0,66.0,0.48,0.46,0.47,132.4,10.77,8.6,33.84,4.6,72.78,54.41,10.52,11.03,10.77,118.0,67.0,80.0,265.0,12.0,18.0,3.0,29.0,0.0,57.0,69.0,106.0,173.0,22.0,44.0,130.0,125.0,27.0,68.0,146.0,30.0,9.0,3.96,4.19,2.62,4.0,4.0,4.0,272.08,185.0,189.19,43.0,1.79,3.41,3.41,9.15,9.38,9.27,150.11,11.65,10.16,35.69,5.01,83.96,61.53,11.47,11.66,11.49,116.0,92.0,108.0,316.0,11.0,10.0,3.0,27.0,0.0,80.0,80.0,105.0,197.0,14.0,28.0,110.0,159.0,24.0,87.0,165.0,37.0,6.0,5.32,4.49,1.84,7.0,2.0,2.0,312.19,208.0,206.48,42.0,2.09,2.01,2.01,11.73,11.74,11.65
847841384793598481522,2025,Greenway-Krebs-Malenstyn,BUF,line,5on5,7,2632.0,35.0,0.66,0.56,0.54,24.07,2.09,1.7,6.56,0.84,13.57,9.23,2.05,2.06,2.02,25.0,9.0,14.0,48.0,1.0,3.0,0.0,6.0,0.0,13.0,11.0,24.0,33.0,7.0,15.0,22.0,38.0,6.0,10.0,25.0,6.0,3.0,0.59,0.71,0.79,0.0,1.0,0.0,49.05,34.0,33.48,7.0,0.36,0.73,0.73,1.72,1.71,1.69,20.13,1.07,1.25,5.35,0.67,11.81,8.85,1.06,1.07,1.06,18.0,11.0,8.0,37.0,1.0,2.0,1.0,4.0,0.0,13.0,9.0,17.0,28.0,6.0,15.0,22.0,23.0,2.0,9.0,26.0,3.0,0.0,0.69,0.39,0.0,0.0,1.0,0.0,35.97,29.0,29.16,4.0,0.25,0.21,0.21,1.12,1.12,1.11
847646984779988482124,2025,Foegele-Byfield-Armia,LAK,line,5on5,9,1365.0,119.0,0.44,0.42,0.44,11.3,0.85,0.74,2.86,0.42,5.55,4.58,0.79,0.85,0.78,9.0,6.0,3.0,18.0,0.0,2.0,0.0,2.0,0.0,4.0,7.0,9.0,15.0,3.0,6.0,11.0,4.0,2.0,10.0,13.0,0.0,2.0,0.39,0.0,0.46,0.0,0.0,0.0,18.08,15.0,15.24,3.0,0.16,0.46,0.46,0.55,0.54,0.53,13.79,1.1,0.98,3.44,0.53,7.57,5.38,1.03,1.14,1.06,14.0,5.0,6.0,25.0,2.0,2.0,0.0,1.0,0.0,7.0,7.0,12.0,17.0,3.0,6.0,15.0,11.0,1.0,4.0,16.0,2.0,1.0,0.57,0.25,0.28,2.0,0.0,0.0,25.59,19.0,19.34,3.0,0.2,0.4,0.4,0.9,0.94,0.92
84757908483485,2025,Mateychuk-Gudbranson,CBJ,pairing,5on5,4,1059.0,22.0,0.42,0.44,0.41,7.48,0.74,0.52,1.61,0.3,4.13,3.7,0.73,0.79,0.77,10.0,1.0,4.0,15.0,0.0,1.0,0.0,1.0,0.0,2.0,7.0,10.0,11.0,1.0,2.0,9.0,12.0,2.0,7.0,9.0,1.0,1.0,0.3,0.1,0.34,0.0,0.0,0.0,15.84,11.0,11.6,4.0,0.11,0.34,0.34,0.5,0.54,0.53,11.6,1.04,0.84,2.71,0.42,6.14,4.86,1.03,0.97,0.96,9.0,7.0,3.0,19.0,1.0,1.0,0.0,4.0,0.0,4.0,6.0,8.0,15.0,2.0,4.0,4.0,11.0,2.0,8.0,12.0,3.0,1.0,0.33,0.4,0.31,1.0,0.0,0.0,18.08,16.0,15.25,5.0,0.17,0.31,0.31,0.9,0.85,0.84
847647984779988482155,2025,Foegele-Danault-Laferriere,LAK,line,5on5,8,1174.0,72.0,0.56,0.56,0.56,9.61,0.44,0.63,2.74,0.41,6.05,4.74,0.44,0.43,0.43,8.0,7.0,5.0,20.0,0.0,1.0,0.0,1.0,0.0,5.0,8.0,8.0,15.0,1.0,2.0,11.0,10.0,0.0,9.0,14.0,1.0,0.0,0.35,0.08,0.0,0.0,0.0,0.0,19.66,15.0,14.68,5.0,0.13,0.08,0.08,0.48,0.48,0.47,8.46,0.34,0.5,2.41,0.27,5.0,3.47,0.34,0.35,0.35,5.0,7.0,4.0,16.0,0.0,0.0,0.0,3.0,0.0,5.0,4.0,5.0,12.0,0.0,0.0,7.0,16.0,1.0,3.0,12.0,0.0,0.0,0.34,0.0,0.0,0.0,0.0,0.0,16.42,12.0,12.18,0.0,0.1,0.0,0.0,0.44,0.45,0.45
848265984828968484145,2025,Benson-Kozak-Doan,BUF,line,5on5,4,645.0,32.0,0.47,0.63,0.55,4.37,0.38,0.35,0.91,0.14,2.5,1.73,0.36,0.38,0.37,5.0,1.0,4.0,10.0,0.0,0.0,0.0,2.0,0.0,3.0,1.0,5.0,6.0,0.0,0.0,6.0,4.0,0.0,5.0,4.0,2.0,0.0,0.2,0.18,0.0,0.0,0.0,0.0,10.32,6.0,6.16,1.0,0.07,0.0,0.0,0.45,0.45,0.44,3.73,0.42,0.35,0.85,0.13,1.87,1.39,0.42,0.39,0.39,4.0,1.0,1.0,6.0,1.0,0.0,0.0,1.0,0.0,2.0,1.0,3.0,4.0,2.0,4.0,8.0,2.0,2.0,5.0,2.0,3.0,0.0,0.07,0.35,0.0,0.0,1.0,0.0,5.56,5.0,4.62,4.0,0.07,0.0,0.0,0.49,0.46,0.46
847887384817548484153,2025,Nesterenko-Carlsson-Terry,ANA,line,5on5,3,665.0,29.0,0.41,0.4,0.33,3.61,0.24,0.21,0.74,0.1,2.17,1.52,0.24,0.25,0.25,2.0,3.0,3.0,8.0,0.0,0.0,0.0,1.0,0.0,0.0,4.0,2.0,5.0,2.0,4.0,5.0,1.0,2.0,3.0,4.0,1.0,0.0,0.12,0.12,0.0,0.0,0.0,0.0,8.35,5.0,5.24,1.0,0.04,0.0,0.0,0.28,0.3,0.3,6.51,0.35,0.49,1.94,0.27,4.0,2.95,0.34,0.37,0.36,5.0,5.0,2.0,12.0,0.0,2.0,0.0,0.0,0.0,3.0,5.0,5.0,10.0,0.0,0.0,6.0,7.0,0.0,3.0,9.0,1.0,0.0,0.19,0.16,0.0,0.0,0.0,0.0,11.66,10.0,9.9,2.0,0.1,0.17,0.17,0.28,0.28,0.27
847850884814778483499,2025,Ohgren-Sturm-Trenin,MIN,line,5on5,8,830.0,82.0,0.29,0.52,0.45,6.66,0.35,0.34,1.94,0.21,3.57,2.6,0.35,0.37,0.37,8.0,1.0,6.0,15.0,1.0,0.0,0.0,0.0,0.0,5.0,3.0,7.0,8.0,0.0,0.0,6.0,13.0,1.0,2.0,7.0,2.0,0.0,0.16,0.19,0.0,1.0,0.0,0.0,15.87,9.0,9.55,2.0,0.07,0.0,0.0,0.42,0.45,0.45,7.76,0.86,0.58,1.79,0.28,4.42,3.07,0.84,0.82,0.8,5.0,6.0,3.0,14.0,0.0,2.0,0.0,1.0,0.0,5.0,3.0,5.0,11.0,0.0,0.0,4.0,3.0,1.0,3.0,7.0,3.0,1.0,0.27,0.32,0.27,0.0,0.0,0.0,13.42,11.0,10.57,3.0,0.13,0.37,0.37,0.61,0.58,0.58
847844484784988482079,2025,Debrusk-Rossi-Boeser,VAN,line,5on5,4,1412.0,29.0,0.23,0.38,0.33,5.22,0.24,0.36,1.3,0.18,3.38,2.53,0.24,0.27,0.27,4.0,4.0,6.0,14.0,0.0,0.0,0.0,1.0,0.0,5.0,2.0,4.0,8.0,3.0,6.0,9.0,6.0,1.0,7.0,7.0,1.0,0.0,0.15,0.1,0.0,0.0,0.0,0.0,15.51,8.0,8.94,4.0,0.07,0.0,0.0,0.32,0.35,0.35,11.24,0.81,0.72,2.54,0.35,6.5,5.08,0.81,0.77,0.77,11.0,5.0,7.0,23.0,0.0,0.0,0.0,3.0,0.0,8.0,5.0,11.0,16.0,1.0,2.0,9.0,14.0,2.0,7.0,14.0,1.0,1.0,0.41,0.12,0.29,0.0,0.0,0.0,21.67,16.0,15.38,1.0,0.15,0.0,0.0,0.96,0.92,0.91
84803368480817,2025,Miller-Walker,CAR,pairing,5on5,32,18912.0,104.0,0.6,0.61,0.62,201.3,15.58,12.5,52.82,6.69,107.71,77.69,14.87,15.61,14.9,152.0,121.0,109.0,382.0,9.0,17.0,0.0,45.0,0.0,104.0,98.0,143.0,264.0,20.0,40.0,165.0,115.0,33.0,97.0,224.0,33.0,16.0,7.37,4.31,3.9,6.0,3.0,0.0,385.47,273.0,275.38,43.0,2.6,2.23,2.73,15.45,15.5,15.07,123.41,10.38,8.15,31.34,4.26,66.58,49.29,10.03,10.36,10.03,110.0,60.0,70.0,240.0,12.0,8.0,0.0,17.0,0.0,62.0,71.0,98.0,158.0,19.0,38.0,172.0,127.0,21.0,98.0,129.0,34.0,7.0,4.25,4.25,1.88,7.0,3.0,2.0,238.27,170.0,169.57,42.0,1.7,1.44,1.44,10.63,10.65,10.51
847579884783668478873,2025,Terry-Granlund-Vatrano,ANA,line,5on5,9,3079.0,60.0,0.51,0.41,0.42,23.91,2.26,1.73,6.24,0.9,12.76,9.11,2.2,2.18,2.12,24.0,9.0,12.0,45.0,1.0,3.0,0.0,3.0,0.0,10.0,16.0,23.0,32.0,4.0,8.0,25.0,26.0,2.0,13.0,24.0,7.0,2.0,0.76,1.0,0.51,1.0,0.0,0.0,43.87,33.0,32.22,6.0,0.36,0.51,0.51,2.12,2.08,2.07,32.96,2.17,2.25,7.77,1.09,19.38,13.33,2.12,2.21,2.16,29.0,17.0,18.0,64.0,2.0,3.0,1.0,5.0,0.0,25.0,11.0,27.0,44.0,3.0,6.0,24.0,13.0,2.0,14.0,39.0,6.0,1.0,1.31,0.65,0.21,1.0,1.0,0.0,65.62,46.0,46.93,8.0,0.46,0.33,0.33,2.3,2.35,2.31
84799838484806,2025,Ferraro-Dickinson,SJS,pairing,5on5,20,1336.0,163.0,0.53,0.55,0.59,12.14,1.12,0.72,2.68,0.36,5.81,5.3,0.99,1.06,0.94,14.0,2.0,6.0,22.0,1.0,2.0,0.0,1.0,0.0,5.0,7.0,13.0,15.0,1.0,2.0,4.0,12.0,4.0,3.0,11.0,3.0,2.0,0.26,0.29,0.58,1.0,0.0,0.0,21.46,16.0,15.61,2.0,0.15,0.58,0.58,0.69,0.68,0.63,7.7,1.0,0.65,1.67,0.28,4.67,2.73,0.97,1.0,0.97,5.0,6.0,7.0,18.0,1.0,2.0,0.0,1.0,0.0,6.0,1.0,4.0,10.0,1.0,2.0,2.0,7.0,0.0,4.0,6.0,4.0,1.0,0.26,0.41,0.33,0.0,1.0,0.0,18.29,11.0,11.22,4.0,0.13,0.45,0.45,0.68,0.68,0.67
84775078482511,2025,Zadorov-Lohrei,BOS,pairing,5on5,28,2276.0,215.0,0.24,0.42,0.4,17.83,0.83,0.83,4.45,0.52,8.38,7.98,0.8,0.81,0.79,18.0,5.0,11.0,34.0,0.0,0.0,0.0,4.0,0.0,4.0,15.0,18.0,23.0,10.0,23.0,8.0,17.0,1.0,11.0,21.0,2.0,0.0,0.57,0.26,0.0,0.0,0.0,0.0,33.35,23.0,22.41,4.0,0.17,0.0,0.0,1.0,0.98,0.95,25.67,2.69,1.83,6.65,0.92,12.69,9.22,2.45,2.69,2.44,27.0,7.0,12.0,46.0,0.0,7.0,0.0,2.0,0.0,12.0,13.0,27.0,34.0,5.0,13.0,7.0,10.0,5.0,8.0,26.0,5.0,3.0,0.94,0.81,0.94,0.0,0.0,0.0,46.31,34.0,34.06,5.0,0.39,1.41,1.41,1.67,1.64,1.62
848020884808018481528,2025,Tkachuk-Cozens-Batherson,OTT,line,5on5,8,2240.0,38.0,0.57,0.64,0.7,27.99,1.42,1.62,6.93,0.89,15.69,11.45,1.4,1.37,1.35,27.0,11.0,6.0,44.0,1.0,0.0,0.0,6.0,0.0,17.0,14.0,26.0,37.0,3.0,6.0,30.0,18.0,3.0,12.0,34.0,4.0,0.0,0.97,0.45,0.0,1.0,0.0,0.0,41.86,38.0,36.52,3.0,0.34,0.0,0.0,1.76,1.69,1.67,12.56,1.06,0.85,2.7,0.38,5.76,5.25,1.05,1.09,1.08,14.0,2.0,9.0,25.0,0.0,0.0,0.0,4.0,0.0,4.0,8.0,14.0,16.0,6.0,12.0,22.0,16.0,1.0,16.0,11.0,5.0,0.0,0.36,0.7,0.0,0.0,0.0,0.0,25.54,16.0,16.48,10.0,0.18,0.0,0.0,1.24,1.27,1.27
84751888477447,2025,Theodore-Mcnabb,VGK,pairing,5on5,31,30098.0,37.0,0.53,0.51,0.52,253.54,19.89,16.62,63.57,8.16,133.25,100.5,19.24,20.1,19.42,241.0,101.0,158.0,500.0,18.0,22.0,1.0,50.0,0.0,124.0,128.0,223.0,324.0,20.0,42.0,280.0,126.0,43.0,161.0,263.0,66.0,13.0,8.03,8.55,3.32,4.0,11.0,3.0,504.99,342.0,344.2,64.0,3.47,3.89,3.54,19.82,19.98,19.66,233.54,17.92,14.55,58.84,8.13,126.66,93.9,17.45,17.88,17.42,200.0,120.0,155.0,475.0,15.0,17.0,0.0,47.0,0.0,128.0,113.0,185.0,305.0,31.0,64.0,265.0,149.0,44.0,123.0,250.0,57.0,13.0,7.27,6.91,3.74,11.0,3.0,1.0,473.84,320.0,320.27,64.0,3.02,3.2,3.2,17.74,17.78,17.48
847528784765398476887,2025,Forsberg-Haula-Marchessault,NSH,line,5on5,13,2029.0,146.0,0.43,0.47,0.49,17.8,0.95,1.0,4.37,0.58,10.13,7.97,0.94,0.98,0.98,13.0,12.0,4.0,29.0,1.0,1.0,0.0,1.0,0.0,11.0,11.0,12.0,24.0,3.0,6.0,22.0,15.0,2.0,10.0,22.0,2.0,1.0,0.54,0.2,0.21,0.0,0.0,1.0,30.04,25.0,25.67,4.0,0.2,0.07,0.07,1.09,1.13,1.12,18.95,1.25,1.18,4.92,0.63,10.6,7.42,1.23,1.26,1.25,21.0,5.0,7.0,33.0,2.0,1.0,0.0,8.0,0.0,7.0,8.0,19.0,24.0,1.0,2.0,25.0,11.0,4.0,13.0,21.0,5.0,0.0,0.68,0.56,0.0,1.0,1.0,0.0,33.1,26.0,26.1,9.0,0.24,0.04,0.04,1.45,1.47,1.46
847740784842218484958,2025,Duclair-Ritchie-Tsyplakov,NYI,line,5on5,5,620.0,69.0,0.71,0.5,0.5,5.83,0.63,0.43,1.36,0.2,3.18,2.21,0.6,0.64,0.61,5.0,3.0,0.0,8.0,1.0,1.0,0.0,1.0,0.0,3.0,2.0,4.0,7.0,1.0,2.0,6.0,4.0,0.0,6.0,4.0,4.0,0.0,0.07,0.56,0.0,0.0,1.0,0.0,8.01,8.0,7.98,3.0,0.09,0.19,0.19,0.52,0.54,0.54,5.68,0.26,0.32,1.57,0.18,3.33,2.35,0.26,0.26,0.26,6.0,2.0,0.0,8.0,0.0,0.0,0.0,3.0,0.0,2.0,3.0,6.0,8.0,0.0,0.0,6.0,3.0,1.0,3.0,8.0,0.0,0.0,0.26,0.0,0.0,0.0,0.0,0.0,8.3,8.0,8.33,2.0,0.07,0.0,0.0,0.33,0.33,0.33
847794284821248482155,2025,Fiala-Byfield-Laferriere,LAK,line,5on5,21,7349.0,119.0,0.59,0.56,0.55,68.77,5.57,4.58,17.17,2.36,37.49,27.83,5.46,5.6,5.5,59.0,36.0,36.0,131.0,4.0,6.0,1.0,13.0,0.0,38.0,34.0,55.0,91.0,7.0,14.0,54.0,52.0,12.0,47.0,76.0,13.0,6.0,2.38,1.46,1.74,1.0,2.0,1.0,132.59,95.0,95.82,19.0,0.95,1.35,1.35,5.16,5.24,5.2,58.08,3.85,3.67,14.02,1.79,31.79,23.89,3.78,3.74,3.68,52.0,27.0,23.0,102.0,6.0,1.0,0.0,11.0,0.0,31.0,30.0,46.0,73.0,10.0,20.0,80.0,48.0,11.0,41.0,64.0,15.0,0.0,2.03,1.82,0.0,4.0,2.0,0.0,98.94,79.0,76.83,21.0,0.76,0.1,0.1,4.51,4.39,4.32
848217584826998483431,2025,Peterka-Cooley-Guenther,UTA,line,5on5,16,8553.0,40.0,0.56,0.53,0.54,76.3,6.12,4.83,19.46,2.6,41.29,30.7,6.0,6.24,6.11,70.0,35.0,41.0,146.0,12.0,5.0,0.0,25.0,0.0,32.0,31.0,58.0,93.0,9.0,18.0,60.0,37.0,12.0,46.0,81.0,19.0,5.0,2.32,2.21,1.59,6.0,4.0,2.0,148.76,105.0,107.23,18.0,1.0,1.12,1.12,6.0,6.18,6.11,63.54,4.86,4.08,15.13,1.98,35.92,26.02,4.68,4.83,4.64,64.0,24.0,40.0,128.0,7.0,4.0,0.0,12.0,0.0,37.0,28.0,57.0,81.0,8.0,16.0,82.0,60.0,13.0,46.0,70.0,16.0,2.0,2.13,2.15,0.58,4.0,3.0,0.0,125.96,88.0,87.34,21.0,0.84,0.67,0.67,5.04,4.97,4.84
847740984779338477935,2025,Verhaeghe-Bennett-Reinhart,FLA,line,5on5,24,2524.0,233.0,0.43,0.47,0.45,17.65,1.17,1.05,4.78,0.61,10.21,7.18,1.14,1.18,1.15,13.0,12.0,11.0,36.0,1.0,3.0,0.0,4.0,0.0,7.0,10.0,12.0,24.0,6.0,12.0,16.0,19.0,2.0,19.0,20.0,5.0,0.0,0.54,0.63,0.0,0.0,1.0,0.0,35.18,25.0,24.78,8.0,0.21,0.41,0.41,0.97,0.97,0.95,22.57,1.52,1.37,5.87,0.72,12.29,9.23,1.51,1.49,1.48,21.0,10.0,9.0,40.0,1.0,1.0,0.0,7.0,0.0,11.0,11.0,20.0,30.0,4.0,8.0,18.0,17.0,5.0,12.0,24.0,7.0,0.0,0.65,0.87,0.0,0.0,1.0,0.0,40.12,31.0,31.24,5.0,0.29,0.19,0.19,1.62,1.59,1.58
848014484807488482055,2025,Sherwood-Kampf-O'Connor,VAN,line,5on5,8,2127.0,87.0,0.74,0.61,0.7,23.21,2.06,1.38,5.99,0.76,12.6,9.21,1.97,1.93,1.84,14.0,18.0,8.0,40.0,3.0,3.0,1.0,2.0,0.0,15.0,9.0,11.0,29.0,3.0,6.0,19.0,29.0,2.0,12.0,25.0,5.0,2.0,0.72,0.59,0.76,1.0,1.0,1.0,37.82,32.0,30.33,3.0,0.29,0.79,0.79,1.56,1.49,1.43,10.61,0.72,0.68,2.58,0.3,5.67,4.05,0.71,0.77,0.76,7.0,7.0,12.0,26.0,0.0,0.0,0.0,3.0,0.0,2.0,9.0,7.0,14.0,0.0,0.0,20.0,14.0,5.0,10.0,11.0,2.0,1.0,0.26,0.25,0.21,0.0,0.0,0.0,27.67,14.0,14.91,4.0,0.14,0.0,0.0,0.86,0.92,0.91
84801968482671,2025,Power-Bryson,BUF,pairing,5on5,20,7595.0,83.0,0.55,0.52,0.51,65.87,6.37,4.62,16.53,2.29,35.51,24.67,6.17,6.35,6.15,60.0,30.0,38.0,128.0,5.0,5.0,1.0,16.0,0.0,32.0,32.0,55.0,85.0,6.0,12.0,61.0,42.0,14.0,28.0,65.0,17.0,8.0,2.17,2.15,2.06,3.0,1.0,1.0,128.36,90.0,88.8,10.0,0.96,1.3,1.55,5.79,5.77,5.67,65.23,5.21,4.15,17.57,2.12,33.37,25.58,4.87,5.12,4.79,61.0,27.0,28.0,116.0,6.0,11.0,1.0,19.0,0.0,31.0,21.0,55.0,82.0,8.0,16.0,53.0,58.0,12.0,28.0,69.0,13.0,6.0,1.71,1.73,1.77,2.0,3.0,1.0,112.79,88.0,87.06,16.0,0.87,2.06,2.06,4.02,4.01,3.87
847638984764688477380,2025,Trocheck-Miller-Brodzinski,NYR,line,5on5,4,833.0,30.0,0.25,0.33,0.32,5.87,0.36,0.45,1.64,0.2,3.18,2.16,0.36,0.35,0.35,4.0,4.0,4.0,12.0,0.0,0.0,0.0,2.0,0.0,4.0,2.0,4.0,8.0,2.0,4.0,8.0,6.0,1.0,3.0,6.0,2.0,0.0,0.13,0.24,0.0,0.0,0.0,0.0,11.77,8.0,7.94,2.0,0.09,0.0,0.0,0.46,0.44,0.44,12.96,1.12,0.83,2.86,0.39,6.84,4.96,1.1,1.17,1.15,14.0,3.0,7.0,24.0,2.0,1.0,0.0,2.0,0.0,7.0,5.0,12.0,15.0,1.0,2.0,8.0,11.0,3.0,6.0,13.0,3.0,1.0,0.45,0.36,0.3,1.0,1.0,0.0,24.35,17.0,17.26,4.0,0.18,0.11,0.11,1.18,1.24,1.22
847579184827028482809,2025,Hall-Stankoven-Blake,CAR,line,5on5,33,7470.0,228.0,0.53,0.56,0.51,63.63,5.52,4.5,16.08,2.14,34.66,25.11,5.28,5.79,5.54,57.0,31.0,45.0,133.0,7.0,4.0,1.0,8.0,0.0,41.0,28.0,50.0,81.0,9.0,18.0,52.0,27.0,16.0,30.0,64.0,18.0,6.0,2.09,1.94,1.48,1.0,4.0,2.0,138.79,88.0,91.63,11.0,0.94,0.84,0.94,5.51,5.78,5.64,59.99,4.99,4.04,14.32,2.12,32.96,24.57,4.71,4.86,4.61,50.0,33.0,22.0,105.0,5.0,8.0,0.0,10.0,0.0,20.0,40.0,45.0,78.0,10.0,20.0,58.0,70.0,3.0,37.0,61.0,20.0,2.0,1.89,2.59,0.51,2.0,3.0,0.0,101.44,83.0,80.57,16.0,0.84,1.16,1.16,4.66,4.57,4.49
84779868479324,2025,Lindgren-Montour,SEA,pairing,5on5,27,22696.0,48.0,0.46,0.5,0.48,172.08,12.03,11.15,44.57,6.15,100.16,72.94,11.58,11.75,11.32,135.0,112.0,123.0,370.0,11.0,15.0,1.0,41.0,0.0,85.0,95.0,124.0,236.0,31.0,67.0,156.0,139.0,36.0,119.0,212.0,28.0,7.0,6.21,3.52,2.3,8.0,2.0,1.0,360.93,247.0,242.1,60.0,2.3,2.67,2.83,11.5,11.29,11.14,186.66,14.29,12.78,46.53,6.59,104.87,78.94,13.89,14.54,14.14,163.0,101.0,105.0,369.0,14.0,17.0,1.0,40.0,1.0,98.0,94.0,149.0,250.0,28.0,59.0,194.0,138.0,28.0,124.0,207.0,45.0,12.0,5.73,5.24,3.33,7.0,5.0,2.0,374.8,264.0,268.51,56.0,2.67,2.33,2.34,14.62,14.89,14.72
847952084815808484186,2025,Leonard-Mcmichael-Duhaime,WSH,line,5on5,8,3598.0,24.0,0.51,0.43,0.44,29.14,2.9,2.0,7.31,1.01,14.99,10.8,2.83,2.9,2.83,29.0,10.0,17.0,56.0,2.0,3.0,0.0,4.0,0.0,18.0,12.0,27.0,37.0,2.0,4.0,25.0,26.0,4.0,11.0,27.0,9.0,3.0,1.06,1.08,0.75,1.0,1.0,0.0,56.81,39.0,39.59,8.0,0.42,0.36,0.36,2.97,2.96,2.92,35.01,2.73,2.27,9.04,1.23,19.21,14.53,2.69,2.63,2.6,30.0,19.0,25.0,74.0,2.0,3.0,0.0,5.0,0.0,22.0,17.0,28.0,47.0,2.0,4.0,36.0,26.0,7.0,18.0,38.0,10.0,1.0,1.3,1.21,0.22,1.0,1.0,0.0,71.48,49.0,47.34,10.0,0.47,0.27,0.27,2.94,2.83,2.8
84757538482516,2025,Faulk-Kessel,STL,pairing,5on5,16,3617.0,108.0,0.54,0.43,0.46,22.09,1.69,1.45,5.27,0.68,12.46,9.44,1.67,1.64,1.62,22.0,9.0,6.0,37.0,2.0,1.0,0.0,6.0,0.0,7.0,15.0,20.0,29.0,3.0,8.0,25.0,30.0,2.0,16.0,26.0,3.0,2.0,0.79,0.32,0.58,2.0,0.0,0.0,36.6,31.0,30.63,8.0,0.3,0.36,0.36,1.63,1.59,1.59,26.23,1.46,1.46,6.71,0.82,14.05,11.5,1.44,1.5,1.48,23.0,13.0,13.0,49.0,1.0,0.0,0.0,6.0,0.0,12.0,17.0,22.0,35.0,3.0,6.0,21.0,30.0,3.0,18.0,30.0,5.0,1.0,0.55,0.6,0.3,0.0,1.0,0.0,50.05,36.0,36.36,10.0,0.3,0.0,0.0,1.76,1.81,1.78
848079884842278484801,2025,Kurashev-Celebrini-Smith,SJS,line,5on5,20,4897.0,155.0,0.45,0.49,0.42,36.81,3.76,2.54,8.79,1.2,19.38,13.34,3.63,3.81,3.67,31.0,18.0,29.0,78.0,4.0,4.0,2.0,6.0,0.0,19.0,16.0,27.0,45.0,8.0,16.0,37.0,11.0,10.0,35.0,30.0,14.0,5.0,0.87,1.53,1.36,1.0,2.0,1.0,78.17,49.0,49.51,18.0,0.53,0.78,0.78,3.52,3.56,3.54,49.27,4.63,3.52,11.77,1.81,26.33,18.94,4.29,4.63,4.29,40.0,27.0,14.0,81.0,4.0,6.0,0.0,7.0,0.0,23.0,27.0,36.0,63.0,10.0,20.0,36.0,26.0,5.0,25.0,46.0,17.0,4.0,1.25,2.23,1.15,2.0,2.0,0.0,80.03,67.0,66.2,10.0,0.73,1.44,1.44,3.92,3.92,3.85
847794684793378482078,2025,Raymond-Larkin-Debrincat,DET,line,5on5,21,3992.0,191.0,0.72,0.66,0.68,48.09,4.36,3.24,10.72,1.45,24.81,18.42,4.26,4.26,4.16,46.0,17.0,17.0,80.0,6.0,6.0,1.0,7.0,0.0,18.0,26.0,40.0,57.0,4.0,8.0,35.0,16.0,9.0,17.0,44.0,16.0,3.0,1.44,2.21,0.71,1.0,5.0,0.0,78.9,63.0,62.07,6.0,0.67,1.13,1.13,3.9,3.82,3.77,21.44,1.73,1.4,4.98,0.7,11.41,8.78,1.7,1.76,1.73,20.0,9.0,12.0,41.0,3.0,2.0,1.0,7.0,0.0,9.0,8.0,17.0,26.0,3.0,6.0,24.0,12.0,5.0,23.0,21.0,7.0,1.0,0.69,0.83,0.21,1.0,1.0,1.0,41.04,29.0,29.26,12.0,0.29,0.25,0.25,1.77,1.8,1.78
84752008482166,2025,Orlov-Mukhamadullin,SJS,pairing,5on5,14,2615.0,106.0,0.63,0.56,0.52,18.57,2.22,1.35,4.84,0.7,9.91,6.99,2.06,2.19,2.04,16.0,10.0,13.0,39.0,4.0,4.0,1.0,3.0,0.0,6.0,9.0,12.0,22.0,5.0,13.0,16.0,17.0,2.0,11.0,17.0,5.0,4.0,0.56,0.58,1.07,2.0,1.0,1.0,39.45,26.0,26.22,6.0,0.28,1.01,1.01,1.49,1.47,1.45,17.35,1.3,1.23,4.17,0.58,9.63,7.09,1.3,1.31,1.31,18.0,6.0,7.0,31.0,3.0,0.0,0.0,0.0,0.0,10.0,11.0,15.0,21.0,5.0,13.0,22.0,19.0,1.0,8.0,19.0,5.0,0.0,0.6,0.7,0.0,1.0,2.0,0.0,30.64,24.0,23.89,3.0,0.26,0.0,0.0,1.55,1.57,1.57
847795684796618483489,2025,Jeannot-Minten-Pastrnak,BOS,line,5on5,16,823.0,195.0,0.49,0.62,0.56,6.58,0.33,0.45,1.49,0.23,3.58,2.91,0.33,0.32,0.31,7.0,2.0,4.0,13.0,0.0,0.0,0.0,2.0,0.0,1.0,6.0,7.0,9.0,3.0,6.0,4.0,9.0,0.0,8.0,9.0,0.0,0.0,0.33,0.0,0.0,0.0,0.0,0.0,12.16,9.0,8.43,4.0,0.1,0.0,0.0,0.42,0.4,0.4,5.21,0.34,0.25,1.19,0.15,2.73,2.33,0.34,0.34,0.34,5.0,2.0,1.0,8.0,0.0,0.0,0.0,0.0,0.0,4.0,3.0,5.0,7.0,1.0,2.0,6.0,3.0,0.0,3.0,6.0,1.0,0.0,0.22,0.12,0.0,0.0,0.0,0.0,8.23,7.0,7.04,2.0,0.05,0.0,0.0,0.39,0.39,0.39
847749684779568478401,2025,Lindholm-Zacha-Pastrnak,BOS,line,5on5,6,954.0,58.0,0.35,0.3,0.37,5.11,0.45,0.27,1.56,0.17,2.66,1.89,0.29,0.45,0.29,4.0,3.0,1.0,8.0,0.0,0.0,0.0,2.0,0.0,2.0,3.0,4.0,7.0,0.0,0.0,17.0,5.0,1.0,5.0,6.0,0.0,1.0,0.2,0.0,0.25,0.0,0.0,0.0,7.89,7.0,6.96,0.0,0.06,0.0,0.25,0.26,0.26,0.25,8.66,0.83,0.62,2.0,0.33,4.92,3.3,0.82,0.83,0.81,8.0,4.0,7.0,19.0,2.0,1.0,0.0,1.0,0.0,4.0,4.0,6.0,10.0,0.0,0.0,7.0,1.0,1.0,2.0,8.0,4.0,0.0,0.35,0.48,0.0,1.0,1.0,0.0,19.46,12.0,12.37,1.0,0.13,0.07,0.07,0.9,0.89,0.88
847804284796618483489,2025,Jeannot-Minten-Arvidsson,BOS,line,5on5,12,1035.0,121.0,0.18,0.35,0.32,7.42,0.33,0.38,2.11,0.25,3.96,2.96,0.33,0.33,0.33,8.0,2.0,7.0,17.0,1.0,0.0,0.0,3.0,0.0,6.0,0.0,7.0,9.0,2.0,4.0,13.0,15.0,0.0,3.0,9.0,1.0,0.0,0.2,0.13,0.0,1.0,0.0,0.0,15.96,10.0,9.73,1.0,0.08,0.0,0.0,0.41,0.41,0.41,15.72,1.48,1.16,4.28,0.59,7.89,5.61,1.41,1.48,1.41,13.0,8.0,10.0,31.0,1.0,5.0,0.0,3.0,0.0,8.0,4.0,12.0,20.0,1.0,2.0,12.0,8.0,2.0,3.0,14.0,6.0,1.0,0.41,0.83,0.24,1.0,0.0,0.0,31.75,21.0,21.41,3.0,0.24,0.68,0.68,1.04,1.04,1.02
848079884808488484911,2025,Kurashev-Dellandrea-Graf,SJS,line,5on5,12,2340.0,89.0,0.44,0.44,0.4,15.63,1.24,0.93,4.17,0.57,7.79,6.31,1.2,1.24,1.2,13.0,8.0,11.0,32.0,2.0,2.0,1.0,2.0,0.0,6.0,9.0,11.0,19.0,4.0,8.0,13.0,28.0,4.0,5.0,16.0,4.0,1.0,0.47,0.5,0.27,1.0,0.0,1.0,31.89,21.0,20.84,3.0,0.19,0.46,0.46,0.97,0.96,0.94,21.52,1.6,1.44,4.9,0.66,13.16,9.24,1.57,1.63,1.61,21.0,10.0,10.0,41.0,2.0,2.0,0.0,6.0,0.0,15.0,6.0,19.0,29.0,2.0,4.0,13.0,14.0,3.0,10.0,25.0,5.0,1.0,0.75,0.64,0.21,0.0,2.0,0.0,42.82,31.0,32.52,3.0,0.3,0.28,0.28,1.61,1.65,1.63
847794084808298482809,2025,Ehlers-Kotkaniemi-Blake,CAR,line,5on5,5,1746.0,32.0,0.69,0.69,0.68,19.1,1.53,1.18,5.64,0.61,9.95,7.09,1.45,1.5,1.42,20.0,6.0,15.0,41.0,1.0,3.0,0.0,8.0,0.0,6.0,8.0,19.0,25.0,3.0,6.0,22.0,8.0,1.0,11.0,22.0,2.0,2.0,0.72,0.27,0.54,1.0,0.0,0.0,39.91,26.0,25.68,6.0,0.25,0.57,0.57,1.21,1.18,1.12,8.49,0.67,0.56,2.03,0.28,4.83,3.63,0.67,0.7,0.7,7.0,5.0,6.0,18.0,1.0,0.0,0.0,1.0,0.0,4.0,6.0,6.0,11.0,2.0,4.0,19.0,10.0,1.0,6.0,9.0,3.0,0.0,0.24,0.43,0.0,0.0,1.0,0.0,18.77,12.0,12.34,2.0,0.12,0.0,0.0,0.79,0.82,0.82
847576884800098483524,2025,Schwartz-Wright-Tolvanen,SEA,line,5on5,7,1009.0,65.0,0.34,0.4,0.36,7.27,0.29,0.37,1.95,0.24,4.15,3.01,0.28,0.29,0.28,8.0,2.0,7.0,17.0,1.0,0.0,0.0,3.0,0.0,2.0,4.0,7.0,9.0,0.0,0.0,8.0,15.0,0.0,5.0,10.0,0.0,0.0,0.29,0.0,0.0,1.0,0.0,0.0,17.19,10.0,10.19,2.0,0.07,0.0,0.0,0.36,0.36,0.36,12.86,0.56,0.72,3.51,0.45,7.35,5.41,0.55,0.57,0.56,13.0,5.0,8.0,26.0,0.0,2.0,0.0,3.0,0.0,6.0,7.0,13.0,18.0,0.0,0.0,7.0,8.0,1.0,5.0,17.0,1.0,0.0,0.37,0.19,0.0,0.0,0.0,0.0,26.25,18.0,18.11,5.0,0.14,0.2,0.2,0.51,0.52,0.51
847698184781338480813,2025,Veleno-Evans-Anderson,MTL,line,5on5,14,2981.0,95.0,0.45,0.49,0.48,17.21,1.42,1.11,4.27,0.67,9.89,7.64,1.41,1.4,1.39,18.0,7.0,12.0,37.0,3.0,2.0,0.0,2.0,0.0,6.0,12.0,15.0,22.0,5.0,10.0,22.0,31.0,3.0,10.0,18.0,6.0,1.0,0.48,0.63,0.31,2.0,1.0,0.0,35.65,25.0,24.23,6.0,0.23,0.32,0.32,1.33,1.29,1.29,20.05,1.74,1.07,5.42,0.66,10.18,7.94,1.72,1.89,1.87,17.0,10.0,12.0,39.0,5.0,1.0,1.0,2.0,0.0,6.0,13.0,12.0,22.0,4.0,8.0,22.0,20.0,2.0,14.0,19.0,6.0,2.0,0.47,0.77,0.49,1.0,2.0,2.0,41.72,27.0,28.65,9.0,0.23,0.28,0.28,1.68,1.81,1.8
848045984820778483516,2025,Holloway-Suter-Snuggerud,STL,line,5on5,12,908.0,143.0,0.5,0.54,0.5,8.74,1.02,0.59,2.86,0.28,3.72,2.53,0.89,0.99,0.87,8.0,3.0,8.0,19.0,1.0,2.0,1.0,1.0,0.0,4.0,3.0,7.0,10.0,1.0,2.0,7.0,6.0,1.0,4.0,8.0,0.0,3.0,0.21,0.0,0.81,0.0,0.0,1.0,18.68,11.0,10.98,2.0,0.13,0.54,0.54,0.61,0.6,0.56,8.32,1.02,0.61,1.99,0.3,4.23,2.85,0.92,1.0,0.91,7.0,4.0,5.0,16.0,1.0,2.0,0.0,1.0,0.0,7.0,0.0,6.0,10.0,3.0,6.0,9.0,3.0,3.0,9.0,7.0,2.0,2.0,0.24,0.31,0.47,0.0,1.0,0.0,15.18,11.0,10.62,2.0,0.13,0.47,0.47,0.68,0.67,0.61
847576584774518478864,2025,Kaprizov-Hartman-Tarasenko,MIN,line,5on5,11,888.0,118.0,0.32,0.36,0.27,4.94,0.54,0.38,1.18,0.17,2.68,2.05,0.51,0.55,0.52,4.0,3.0,6.0,13.0,0.0,0.0,0.0,1.0,0.0,4.0,2.0,4.0,7.0,0.0,0.0,5.0,2.0,0.0,4.0,5.0,1.0,1.0,0.15,0.15,0.24,0.0,0.0,0.0,12.9,7.0,6.9,3.0,0.08,0.0,0.0,0.62,0.63,0.6,14.32,1.16,1.09,3.81,0.48,7.18,5.27,1.12,1.19,1.14,12.0,7.0,4.0,23.0,0.0,3.0,0.0,2.0,0.0,8.0,6.0,12.0,19.0,2.0,4.0,12.0,5.0,1.0,5.0,13.0,6.0,0.0,0.33,0.83,0.0,0.0,0.0,0.0,23.55,19.0,19.39,2.0,0.23,0.33,0.33,1.06,1.07,1.06
847840184817128482634,2025,Steeves-Zacha-Blmel,BOS,line,5on5,2,816.0,6.0,0.27,0.38,0.47,4.97,0.26,0.27,1.38,0.16,2.92,2.01,0.25,0.25,0.25,5.0,2.0,2.0,9.0,0.0,1.0,0.0,3.0,0.0,1.0,2.0,5.0,7.0,0.0,0.0,11.0,10.0,1.0,8.0,6.0,1.0,0.0,0.17,0.08,0.0,0.0,0.0,0.0,8.54,7.0,6.61,4.0,0.05,0.08,0.08,0.23,0.22,0.22,5.47,0.69,0.4,1.25,0.2,3.18,2.28,0.66,0.71,0.68,3.0,5.0,7.0,15.0,1.0,1.0,1.0,1.0,0.0,2.0,3.0,2.0,7.0,0.0,0.0,9.0,8.0,1.0,5.0,6.0,1.0,1.0,0.28,0.09,0.32,0.0,0.0,1.0,15.67,8.0,8.52,2.0,0.08,0.32,0.32,0.46,0.48,0.48
84774988480831,2025,Nurse-Regula,EDM,pairing,5on5,22,15850.0,54.0,0.52,0.48,0.51,141.15,12.3,9.67,35.17,4.86,76.5,54.5,11.69,12.35,11.74,121.0,72.0,54.0,247.0,6.0,21.0,0.0,28.0,0.0,65.0,73.0,115.0,187.0,23.0,55.0,125.0,112.0,21.0,82.0,139.0,40.0,14.0,3.89,4.68,3.73,2.0,4.0,0.0,252.12,193.0,195.44,39.0,2.02,3.69,3.69,10.63,10.72,10.53,135.51,11.14,8.9,32.41,4.31,72.41,53.83,10.84,11.26,10.96,120.0,63.0,82.0,265.0,15.0,10.0,6.0,20.0,0.0,68.0,70.0,105.0,168.0,25.0,61.0,108.0,118.0,25.0,80.0,145.0,26.0,12.0,4.7,3.14,3.3,5.0,4.0,6.0,266.67,183.0,183.96,38.0,1.85,1.98,1.98,11.0,11.11,10.99
847740284800238480281,2025,Buchnevich-Thomas-Toropchenko,STL,line,5on5,3,643.0,22.0,0.28,0.44,0.47,4.81,0.33,0.34,1.3,0.18,2.92,1.93,0.32,0.32,0.31,6.0,1.0,4.0,11.0,0.0,0.0,0.0,1.0,0.0,5.0,1.0,6.0,7.0,1.0,2.0,4.0,0.0,0.0,3.0,5.0,2.0,0.0,0.13,0.2,0.0,0.0,0.0,0.0,10.84,7.0,6.87,1.0,0.07,0.0,0.0,0.4,0.38,0.37,6.71,0.84,0.54,1.91,0.2,2.63,1.89,0.79,0.88,0.83,7.0,1.0,6.0,14.0,0.0,1.0,0.0,0.0,0.0,0.0,7.0,7.0,8.0,0.0,0.0,7.0,2.0,0.0,3.0,4.0,3.0,1.0,0.11,0.46,0.27,0.0,0.0,0.0,14.29,8.0,8.24,2.0,0.12,0.27,0.27,0.68,0.71,0.71
848002884820748484180,2025,Honzek-Frost-Zary,CGY,line,5on5,2,839.0,6.0,0.68,0.75,0.75,6.01,0.34,0.42,1.64,0.21,3.88,2.51,0.32,0.32,0.3,6.0,3.0,6.0,15.0,0.0,0.0,0.0,2.0,0.0,2.0,5.0,6.0,9.0,1.0,2.0,7.0,5.0,0.0,3.0,9.0,0.0,0.0,0.34,0.0,0.0,0.0,0.0,0.0,14.28,9.0,8.59,2.0,0.09,0.0,0.0,0.43,0.41,0.38,2.14,0.16,0.12,0.45,0.07,1.31,0.89,0.16,0.16,0.16,2.0,1.0,2.0,5.0,0.0,0.0,0.0,1.0,0.0,1.0,1.0,2.0,3.0,3.0,6.0,11.0,7.0,0.0,5.0,2.0,1.0,0.0,0.03,0.13,0.0,0.0,0.0,0.0,5.16,3.0,3.09,4.0,0.02,0.0,0.0,0.18,0.19,0.19
84747168482122,2025,Faber-Spurgeon,MIN,pairing,5on5,33,1521.0,294.0,0.6,0.5,0.56,17.4,1.52,1.18,4.38,0.57,9.23,7.11,1.49,1.53,1.5,18.0,6.0,2.0,26.0,0.0,4.0,0.0,7.0,0.0,4.0,9.0,18.0,24.0,0.0,0.0,3.0,11.0,1.0,5.0,18.0,4.0,2.0,0.53,0.43,0.56,0.0,0.0,0.0,26.49,24.0,24.26,2.0,0.24,0.82,0.68,1.08,1.08,1.08,14.79,1.03,1.0,3.62,0.43,6.89,6.03,0.99,1.07,1.03,8.0,11.0,7.0,26.0,0.0,2.0,0.0,2.0,0.0,4.0,11.0,8.0,19.0,1.0,2.0,7.0,7.0,5.0,9.0,15.0,4.0,0.0,0.43,0.6,0.0,0.0,0.0,0.0,26.47,19.0,19.5,5.0,0.2,0.32,0.32,0.92,0.95,0.94
84768858482178,2025,Trouba-Moore,ANA,pairing,5on5,15,1070.0,124.0,0.58,0.73,0.73,11.73,0.62,0.67,3.25,0.4,6.11,4.95,0.61,0.62,0.61,8.0,8.0,6.0,22.0,0.0,1.0,0.0,2.0,0.0,6.0,7.0,8.0,16.0,3.0,6.0,11.0,5.0,1.0,1.0,14.0,2.0,0.0,0.38,0.24,0.0,0.0,0.0,0.0,21.97,16.0,16.11,1.0,0.14,0.01,0.01,0.75,0.75,0.74,4.8,0.44,0.43,1.08,0.12,2.29,1.63,0.43,0.46,0.45,4.0,2.0,2.0,8.0,1.0,0.0,0.0,3.0,0.0,1.0,1.0,3.0,5.0,3.0,6.0,7.0,5.0,2.0,2.0,5.0,1.0,0.0,0.29,0.15,0.0,1.0,0.0,0.0,8.74,6.0,6.31,0.0,0.09,0.0,0.0,0.54,0.56,0.54
847167584758108485414,2025,Kindel-Crosby-Rust,PIT,line,5on5,5,2701.0,10.0,0.42,0.52,0.57,24.3,1.56,1.47,6.07,0.9,14.23,10.77,1.54,1.64,1.62,26.0,9.0,13.0,48.0,0.0,2.0,0.0,5.0,0.0,13.0,15.0,26.0,35.0,2.0,4.0,27.0,8.0,2.0,13.0,30.0,4.0,1.0,0.87,0.37,0.32,0.0,0.0,0.0,49.74,35.0,36.19,5.0,0.3,0.33,0.33,1.53,1.59,1.58,19.2,2.12,1.54,4.15,0.71,10.38,7.11,1.98,2.13,1.98,18.0,8.0,18.0,44.0,2.0,3.0,1.0,4.0,0.0,8.0,9.0,16.0,24.0,1.0,2.0,34.0,12.0,2.0,16.0,16.0,8.0,2.0,0.53,1.02,0.56,0.0,2.0,0.0,43.33,26.0,25.9,6.0,0.32,0.48,0.48,1.95,1.96,1.93
847584284793908481726,2025,Edstrom-Carrick-Raddysh,NYR,line,5on5,13,4031.0,62.0,0.47,0.43,0.44,28.78,2.44,1.9,7.82,1.02,14.94,10.88,2.4,2.6,2.55,25.0,14.0,15.0,54.0,3.0,3.0,0.0,7.0,0.0,12.0,14.0,22.0,36.0,8.0,19.0,31.0,40.0,2.0,12.0,28.0,8.0,3.0,0.72,0.93,0.8,1.0,1.0,1.0,56.03,39.0,40.69,10.0,0.4,0.62,0.62,2.22,2.33,2.32,35.39,2.7,2.14,9.44,1.2,19.29,14.23,2.58,2.67,2.55,32.0,17.0,22.0,71.0,2.0,6.0,0.0,9.0,0.0,19.0,13.0,30.0,47.0,2.0,7.0,30.0,27.0,1.0,18.0,42.0,3.0,4.0,1.36,0.31,1.03,2.0,0.0,0.0,69.59,49.0,48.03,9.0,0.44,1.08,1.08,2.06,2.03,2.01
847682684768788477426,2025,Paul-Gourde-Girgensons,TBL,line,5on5,3,985.0,33.0,0.17,0.38,0.29,3.6,0.18,0.21,1.44,0.13,1.85,1.19,0.17,0.17,0.16,3.0,2.0,6.0,11.0,0.0,1.0,0.0,1.0,0.0,1.0,2.0,3.0,5.0,1.0,2.0,11.0,5.0,2.0,7.0,4.0,1.0,0.0,0.1,0.08,0.0,0.0,0.0,0.0,11.09,5.0,4.96,6.0,0.05,0.08,0.08,0.14,0.14,0.14,8.74,0.88,0.59,2.48,0.34,4.48,3.22,0.85,0.83,0.8,8.0,4.0,6.0,18.0,0.0,2.0,0.0,2.0,0.0,6.0,2.0,8.0,12.0,1.0,2.0,6.0,4.0,1.0,3.0,8.0,2.0,2.0,0.23,0.19,0.47,0.0,0.0,0.0,16.81,12.0,11.27,1.0,0.13,0.26,0.26,0.75,0.72,0.71
84768698483565,2025,Skjei-Blankenburg,NSH,pairing,5on5,13,622.0,104.0,0.56,0.67,0.65,8.65,0.55,0.62,1.88,0.3,5.48,4.17,0.54,0.53,0.52,7.0,6.0,3.0,16.0,1.0,0.0,0.0,0.0,0.0,4.0,8.0,6.0,12.0,0.0,0.0,0.0,3.0,0.0,0.0,12.0,1.0,0.0,0.43,0.12,0.0,0.0,1.0,0.0,14.89,13.0,12.36,0.0,0.13,0.0,0.0,0.68,0.65,0.64,5.21,0.44,0.31,1.11,0.15,2.92,2.06,0.44,0.49,0.48,6.0,1.0,1.0,8.0,2.0,0.0,0.0,2.0,0.0,2.0,1.0,4.0,5.0,1.0,2.0,2.0,2.0,0.0,2.0,5.0,2.0,0.0,0.13,0.31,0.0,0.0,2.0,0.0,8.76,7.0,7.57,1.0,0.06,0.0,0.0,0.51,0.55,0.55
847935184821458484829,2025,Hryckowian-Steel-Bourque,DAL,line,5on5,26,1807.0,342.0,0.66,0.59,0.62,17.11,1.19,1.22,4.42,0.54,10.07,6.55,1.15,1.21,1.16,17.0,7.0,8.0,32.0,1.0,1.0,0.0,3.0,0.0,16.0,3.0,16.0,23.0,5.0,16.0,9.0,15.0,0.0,2.0,20.0,2.0,2.0,0.56,0.2,0.44,1.0,0.0,0.0,32.41,24.0,24.21,0.0,0.24,0.22,0.22,1.22,1.23,1.19,11.41,0.62,0.67,3.27,0.37,5.55,4.53,0.62,0.61,0.61,12.0,3.0,7.0,22.0,2.0,1.0,0.0,2.0,0.0,5.0,5.0,10.0,13.0,4.0,14.0,12.0,19.0,2.0,7.0,13.0,2.0,0.0,0.35,0.26,0.0,1.0,1.0,0.0,21.88,15.0,15.16,4.0,0.14,0.03,0.03,0.73,0.72,0.72
847849884788568480012,2025,Debrusk-Pettersson-Garland,VAN,line,5on5,12,2758.0,110.0,0.44,0.38,0.42,21.02,1.79,1.6,4.97,0.76,11.96,8.92,1.76,1.77,1.75,18.0,12.0,6.0,36.0,3.0,3.0,0.0,1.0,0.0,6.0,17.0,15.0,27.0,5.0,13.0,31.0,5.0,1.0,11.0,21.0,7.0,2.0,0.59,0.71,0.49,1.0,2.0,0.0,36.3,30.0,30.33,7.0,0.33,0.32,0.32,1.8,1.79,1.79,30.6,2.31,1.94,8.53,1.05,15.82,11.35,2.24,2.21,2.15,19.0,22.0,17.0,58.0,0.0,5.0,0.0,6.0,0.0,16.0,14.0,19.0,41.0,3.0,9.0,34.0,20.0,0.0,13.0,32.0,8.0,1.0,0.99,1.08,0.24,0.0,0.0,0.0,55.46,41.0,38.97,5.0,0.41,0.66,0.66,2.06,1.97,1.93
847844484788568482079,2025,Boeser-Rossi-Garland,VAN,line,5on5,7,1290.0,73.0,0.31,0.33,0.32,6.54,0.77,0.49,1.47,0.2,3.47,2.61,0.75,0.83,0.81,9.0,0.0,6.0,15.0,1.0,1.0,0.0,1.0,0.0,2.0,4.0,8.0,8.0,1.0,2.0,10.0,4.0,1.0,8.0,6.0,2.0,1.0,0.13,0.3,0.33,0.0,1.0,0.0,16.04,9.0,9.64,4.0,0.1,0.33,0.33,0.53,0.56,0.56,14.52,1.7,1.0,3.72,0.49,7.01,5.08,1.63,1.69,1.62,12.0,7.0,11.0,30.0,1.0,2.0,0.0,1.0,0.0,8.0,7.0,11.0,18.0,2.0,4.0,9.0,6.0,1.0,7.0,10.0,8.0,1.0,0.28,1.19,0.22,0.0,1.0,0.0,29.25,19.0,19.07,3.0,0.21,0.42,0.42,1.49,1.49,1.48
847942084828968484145,2025,Benson-Kozak-Thompson,BUF,line,5on5,5,764.0,48.0,0.58,0.56,0.62,5.48,0.3,0.38,1.65,0.2,3.24,2.24,0.3,0.29,0.29,7.0,1.0,1.0,9.0,0.0,0.0,0.0,0.0,0.0,3.0,5.0,7.0,8.0,0.0,0.0,8.0,3.0,1.0,4.0,7.0,1.0,0.0,0.14,0.16,0.0,0.0,0.0,0.0,8.92,8.0,7.78,2.0,0.08,0.0,0.0,0.38,0.36,0.36,3.74,0.22,0.24,0.8,0.11,2.08,1.56,0.22,0.22,0.22,4.0,1.0,2.0,7.0,0.0,0.0,0.0,1.0,0.0,1.0,3.0,4.0,5.0,0.0,0.0,7.0,3.0,1.0,2.0,4.0,1.0,0.0,0.13,0.08,0.0,0.0,0.0,0.0,7.33,5.0,5.19,1.0,0.05,0.0,0.0,0.27,0.27,0.27
84788518482087,2025,Guhle-Carrier,MTL,pairing,5on5,5,1235.0,21.0,0.51,0.44,0.43,6.62,0.64,0.51,1.51,0.22,3.54,2.58,0.64,0.65,0.65,6.0,3.0,5.0,14.0,0.0,0.0,0.0,3.0,0.0,2.0,4.0,6.0,9.0,3.0,9.0,7.0,11.0,1.0,9.0,7.0,2.0,0.0,0.34,0.3,0.0,0.0,0.0,0.0,14.03,9.0,8.93,3.0,0.11,0.0,0.0,0.75,0.76,0.76,9.28,0.61,0.57,2.31,0.26,4.78,3.48,0.61,0.6,0.6,10.0,2.0,6.0,18.0,1.0,0.0,0.0,2.0,0.0,4.0,5.0,9.0,11.0,4.0,11.0,10.0,13.0,5.0,10.0,10.0,1.0,1.0,0.3,0.09,0.22,1.0,0.0,0.0,18.34,12.0,12.04,3.0,0.12,0.0,0.0,0.73,0.72,0.72
84745908479345,2025,Chychrun-Carlson,WSH,pairing,5on5,38,6630.0,224.0,0.55,0.6,0.58,68.93,5.55,4.34,18.19,2.39,35.8,27.72,5.13,5.54,5.11,59.0,35.0,32.0,126.0,6.0,9.0,1.0,11.0,0.0,27.0,41.0,53.0,88.0,8.0,19.0,37.0,38.0,11.0,35.0,76.0,15.0,3.0,2.54,2.04,0.98,4.0,2.0,0.0,124.1,94.0,93.02,10.0,0.9,1.59,1.73,4.72,4.74,4.54,49.37,4.58,3.08,11.0,1.65,25.96,20.74,4.49,4.64,4.56,44.0,23.0,17.0,84.0,4.0,4.0,0.0,7.0,0.0,24.0,28.0,40.0,63.0,8.0,19.0,40.0,35.0,8.0,35.0,47.0,16.0,4.0,1.58,1.69,1.3,2.0,1.0,1.0,85.28,67.0,67.44,18.0,0.63,0.61,0.61,4.59,4.64,4.59
847579984764808480113,2025,Iafallo-Namestnikov-Niederreiter,WPG,line,5on5,9,1316.0,90.0,0.28,0.49,0.5,8.42,0.3,0.44,2.28,0.28,4.89,3.81,0.3,0.3,0.3,7.0,5.0,5.0,17.0,0.0,0.0,0.0,0.0,0.0,9.0,3.0,7.0,12.0,1.0,2.0,9.0,23.0,2.0,4.0,12.0,0.0,0.0,0.3,0.0,0.0,0.0,0.0,0.0,16.46,12.0,11.91,2.0,0.09,0.0,0.0,0.39,0.39,0.38,9.04,0.77,0.57,2.42,0.29,4.65,3.29,0.73,0.78,0.74,7.0,5.0,6.0,18.0,1.0,1.0,1.0,2.0,0.0,5.0,3.0,6.0,11.0,2.0,4.0,12.0,12.0,1.0,6.0,9.0,2.0,1.0,0.22,0.2,0.34,0.0,0.0,1.0,18.32,12.0,12.21,5.0,0.12,0.34,0.34,0.54,0.55,0.55
847752784783668478424,2025,Johnston-Harkins-Vatrano,ANA,line,5on5,9,3029.0,46.0,0.26,0.33,0.32,14.73,0.96,0.92,3.57,0.52,7.69,6.34,0.93,0.99,0.96,14.0,6.0,8.0,28.0,2.0,0.0,0.0,1.0,0.0,10.0,7.0,12.0,18.0,2.0,4.0,23.0,43.0,5.0,12.0,15.0,5.0,0.0,0.38,0.58,0.0,1.0,1.0,0.0,29.01,20.0,20.41,7.0,0.19,0.0,0.0,1.15,1.18,1.15,32.54,2.67,2.09,8.73,1.11,16.29,12.11,2.53,2.65,2.51,28.0,15.0,13.0,56.0,1.0,5.0,0.0,8.0,0.0,16.0,13.0,27.0,42.0,4.0,8.0,28.0,22.0,5.0,17.0,31.0,9.0,3.0,0.9,1.0,0.78,0.0,1.0,0.0,55.54,43.0,42.73,11.0,0.44,0.74,0.74,2.37,2.32,2.21
848289684835008484145,2025,Benson-Kozak-Ostlund,BUF,line,5on5,3,1375.0,10.0,0.66,0.56,0.53,12.31,1.17,0.82,3.35,0.42,6.64,4.61,1.1,1.08,1.02,9.0,8.0,6.0,23.0,0.0,2.0,0.0,3.0,0.0,7.0,5.0,9.0,17.0,1.0,2.0,9.0,9.0,5.0,9.0,12.0,4.0,1.0,0.4,0.51,0.26,0.0,0.0,0.0,21.13,17.0,15.68,2.0,0.18,0.45,0.45,0.9,0.84,0.82,10.81,0.61,0.53,3.04,0.35,5.68,4.8,0.61,0.62,0.61,6.0,9.0,3.0,18.0,1.0,1.0,0.0,2.0,0.0,4.0,7.0,5.0,14.0,2.0,4.0,9.0,13.0,3.0,7.0,13.0,2.0,0.0,0.42,0.2,0.0,1.0,0.0,0.0,18.03,15.0,15.17,4.0,0.11,0.03,0.03,0.69,0.7,0.69
84810568483565,2025,Stastney-Blankenburg,NSH,pairing,5on5,14,5758.0,71.0,0.6,0.63,0.64,64.31,6.27,4.65,16.3,2.18,34.76,23.84,6.06,6.22,6.02,56.0,32.0,32.0,120.0,5.0,9.0,0.0,10.0,1.0,38.0,25.0,51.0,83.0,13.0,34.0,54.0,39.0,5.0,23.0,67.0,12.0,9.0,1.89,1.73,2.65,1.0,1.0,3.0,118.03,88.0,86.57,10.0,0.98,1.86,1.86,5.39,5.4,5.32,38.38,4.21,2.5,9.84,1.26,18.15,14.05,3.93,4.5,4.19,35.0,15.0,21.0,71.0,1.0,6.0,0.0,10.0,0.0,13.0,20.0,34.0,49.0,8.0,22.0,36.0,45.0,12.0,41.0,37.0,6.0,7.0,1.25,0.78,2.19,1.0,0.0,0.0,74.04,50.0,52.25,31.0,0.53,1.68,1.68,3.07,3.25,3.21
84779698479425,2025,Pettersson-Hronek,VAN,pairing,5on5,40,13893.0,213.0,0.52,0.48,0.52,97.61,7.31,6.29,23.88,3.32,54.13,41.09,7.08,7.35,7.11,84.0,52.0,44.0,180.0,7.0,11.0,0.0,21.0,0.0,41.0,56.0,77.0,129.0,7.0,14.0,121.0,82.0,12.0,55.0,110.0,23.0,3.0,3.23,3.09,0.98,2.0,5.0,0.0,180.7,136.0,137.28,32.0,1.3,1.87,1.49,7.12,7.12,7.04,92.86,6.81,6.19,23.1,2.97,51.9,37.02,6.69,6.72,6.6,87.0,41.0,67.0,195.0,3.0,6.0,0.0,22.0,0.0,49.0,48.0,84.0,125.0,9.0,18.0,106.0,70.0,17.0,56.0,105.0,17.0,6.0,3.39,1.91,1.51,1.0,1.0,1.0,191.64,128.0,126.53,20.0,1.29,0.8,0.8,7.3,7.25,7.19
84768698481056,2025,Skjei-Stastney,NSH,pairing,5on5,17,704.0,137.0,0.18,0.48,0.33,4.23,0.17,0.22,0.9,0.14,2.4,2.18,0.16,0.15,0.15,2.0,4.0,5.0,11.0,0.0,0.0,0.0,0.0,0.0,4.0,2.0,2.0,6.0,2.0,4.0,2.0,6.0,1.0,4.0,6.0,0.0,0.0,0.17,0.0,0.0,0.0,0.0,0.0,10.57,6.0,5.64,0.0,0.04,0.0,0.0,0.21,0.2,0.19,8.64,0.78,0.7,1.82,0.3,4.93,3.48,0.74,0.78,0.74,6.0,6.0,0.0,12.0,0.0,0.0,0.0,3.0,0.0,6.0,3.0,6.0,12.0,2.0,4.0,1.0,4.0,0.0,2.0,9.0,2.0,1.0,0.34,0.22,0.22,0.0,0.0,0.0,12.1,12.0,11.99,1.0,0.14,0.0,0.0,0.92,0.92,0.87
848158084816568484186,2025,Protas-Mcmichael-Leonard,WSH,line,5on5,14,607.0,199.0,0.43,0.58,0.57,8.1,0.53,0.59,2.03,0.32,4.78,3.75,0.52,0.52,0.52,7.0,5.0,3.0,15.0,2.0,2.0,0.0,1.0,0.0,1.0,6.0,5.0,10.0,0.0,0.0,1.0,1.0,2.0,5.0,9.0,3.0,0.0,0.22,0.31,0.0,1.0,1.0,0.0,14.71,12.0,12.02,1.0,0.12,0.02,0.02,0.63,0.62,0.62,6.87,0.71,0.39,1.61,0.22,3.36,2.71,0.65,0.68,0.63,3.0,6.0,2.0,11.0,0.0,2.0,0.0,1.0,0.0,3.0,3.0,3.0,9.0,3.0,6.0,4.0,5.0,1.0,1.0,6.0,2.0,1.0,0.21,0.22,0.28,0.0,0.0,0.0,11.02,9.0,8.94,0.0,0.08,0.31,0.31,0.48,0.46,0.44
847645484784588481617,2025,Nugent-Hopkins-Roslovic-Podkolzin,EDM,line,5on5,4,673.0,27.0,0.36,0.37,0.36,2.99,0.12,0.12,1.2,0.1,1.41,1.04,0.12,0.13,0.13,1.0,3.0,3.0,7.0,0.0,0.0,0.0,1.0,0.0,1.0,2.0,1.0,4.0,0.0,0.0,4.0,9.0,1.0,1.0,4.0,0.0,0.0,0.12,0.0,0.0,0.0,0.0,0.0,7.17,4.0,4.12,0.0,0.03,0.0,0.0,0.15,0.15,0.15,4.82,0.21,0.27,1.51,0.16,2.9,1.94,0.21,0.2,0.2,4.0,3.0,5.0,12.0,0.0,0.0,0.0,0.0,0.0,3.0,4.0,4.0,7.0,1.0,2.0,7.0,4.0,0.0,3.0,7.0,0.0,0.0,0.21,0.0,0.0,0.0,0.0,0.0,11.9,7.0,7.02,2.0,0.06,0.0,0.0,0.27,0.26,0.26
848076284808298480830,2025,Robinson-Kotkaniemi-Svechnikov,CAR,line,5on5,6,1303.0,51.0,0.14,0.37,0.26,6.64,0.21,0.34,2.06,0.2,3.74,2.45,0.2,0.22,0.22,4.0,5.0,10.0,19.0,1.0,0.0,0.0,1.0,0.0,5.0,2.0,3.0,8.0,4.0,8.0,15.0,10.0,2.0,4.0,9.0,0.0,0.0,0.21,0.0,0.0,1.0,0.0,0.0,20.67,9.0,9.63,2.0,0.07,0.0,0.0,0.28,0.3,0.29,19.38,1.24,1.3,4.68,0.62,10.46,7.7,1.18,1.2,1.14,16.0,10.0,7.0,33.0,2.0,2.0,0.0,2.0,0.0,9.0,11.0,14.0,24.0,2.0,4.0,11.0,14.0,1.0,4.0,23.0,2.0,1.0,0.66,0.32,0.26,1.0,1.0,0.0,32.32,26.0,25.27,1.0,0.27,0.29,0.29,1.22,1.19,1.16
847849884810248484136,2025,Debrusk-Sasson-Karlsson,VAN,line,5on5,7,1641.0,52.0,0.49,0.56,0.59,18.24,0.86,1.04,4.94,0.63,10.61,7.92,0.83,0.81,0.79,13.0,13.0,7.0,33.0,1.0,0.0,0.0,1.0,0.0,10.0,14.0,12.0,25.0,2.0,4.0,7.0,18.0,1.0,7.0,24.0,2.0,0.0,0.66,0.2,0.0,0.0,1.0,0.0,31.21,26.0,24.82,3.0,0.21,0.0,0.0,1.07,1.02,0.99,13.29,0.91,0.81,4.14,0.48,6.68,4.98,0.9,0.94,0.93,9.0,9.0,8.0,26.0,0.0,2.0,0.0,2.0,0.0,6.0,8.0,9.0,18.0,3.0,6.0,16.0,7.0,2.0,4.0,16.0,1.0,1.0,0.38,0.18,0.35,0.0,0.0,0.0,27.18,18.0,18.67,2.0,0.17,0.22,0.22,0.86,0.89,0.89
84808178482100,2025,Miller-Nikishin,CAR,pairing,5on5,29,1560.0,231.0,0.47,0.46,0.46,12.88,1.05,0.68,2.74,0.39,6.32,5.81,1.05,1.04,1.04,14.0,3.0,5.0,22.0,1.0,0.0,0.0,1.0,0.0,4.0,11.0,13.0,16.0,3.0,6.0,1.0,15.0,1.0,6.0,14.0,3.0,0.0,0.64,0.41,0.0,1.0,0.0,0.0,22.31,17.0,17.28,1.0,0.14,0.0,0.0,1.19,1.18,1.18,14.72,1.18,0.93,3.43,0.45,8.06,5.95,1.18,1.19,1.19,13.0,7.0,6.0,26.0,2.0,0.0,0.0,4.0,0.0,7.0,7.0,11.0,18.0,4.0,8.0,0.0,5.0,1.0,4.0,15.0,4.0,1.0,0.47,0.45,0.26,1.0,1.0,0.0,26.12,20.0,20.18,2.0,0.19,0.0,0.0,1.38,1.38,1.38
847641984816018485702,2025,Shabanov-Pageau-Holmstrom,NYI,line,5on5,5,1149.0,38.0,0.26,0.34,0.36,8.73,0.64,0.47,2.16,0.3,4.79,3.63,0.63,0.62,0.61,6.0,6.0,2.0,14.0,1.0,0.0,0.0,0.0,0.0,7.0,4.0,5.0,11.0,1.0,2.0,16.0,10.0,2.0,9.0,9.0,3.0,0.0,0.26,0.38,0.0,1.0,0.0,0.0,13.27,12.0,11.35,6.0,0.1,0.0,0.0,0.74,0.72,0.7,16.28,1.82,1.15,3.85,0.52,7.8,5.85,1.73,1.87,1.77,18.0,3.0,6.0,27.0,2.0,3.0,0.0,4.0,0.0,8.0,4.0,16.0,19.0,1.0,2.0,8.0,11.0,1.0,4.0,13.0,5.0,3.0,0.43,0.62,0.78,1.0,1.0,0.0,28.55,21.0,22.16,2.0,0.24,0.69,0.69,1.37,1.43,1.38
847686784799448482475,2025,Aston-Reese-Gaunce-Chinakhov,CBJ,line,5on5,3,1048.0,12.0,0.57,0.56,0.56,6.04,0.35,0.42,1.67,0.2,3.69,2.67,0.34,0.33,0.33,7.0,2.0,5.0,14.0,0.0,0.0,0.0,0.0,0.0,4.0,5.0,7.0,9.0,2.0,4.0,7.0,15.0,2.0,6.0,8.0,1.0,0.0,0.19,0.15,0.0,0.0,0.0,0.0,13.57,9.0,8.71,4.0,0.09,0.0,0.0,0.43,0.42,0.41,4.93,0.26,0.27,1.5,0.17,2.8,2.0,0.25,0.27,0.25,4.0,3.0,4.0,11.0,0.0,0.0,0.0,0.0,0.0,3.0,4.0,4.0,7.0,1.0,2.0,8.0,4.0,3.0,2.0,6.0,1.0,0.0,0.17,0.1,0.0,0.0,0.0,0.0,11.11,7.0,7.02,1.0,0.05,0.0,0.0,0.32,0.32,0.31
84800588484240,2025,Joseph-Willander,VAN,pairing,5on5,8,1812.0,52.0,0.4,0.45,0.49,17.58,1.27,1.1,3.94,0.53,9.96,7.21,1.24,1.19,1.16,9.0,15.0,3.0,27.0,1.0,1.0,1.0,4.0,0.0,8.0,10.0,8.0,23.0,2.0,4.0,7.0,16.0,3.0,8.0,18.0,5.0,1.0,0.44,0.48,0.35,0.0,0.0,1.0,25.74,24.0,22.82,4.0,0.23,0.35,0.35,1.15,1.08,1.08,18.95,1.93,1.34,4.93,0.64,9.64,6.52,1.83,2.04,1.94,17.0,8.0,8.0,33.0,1.0,3.0,0.0,6.0,0.0,7.0,8.0,16.0,24.0,3.0,6.0,19.0,14.0,3.0,8.0,18.0,5.0,2.0,0.59,0.67,0.67,1.0,0.0,0.0,35.13,25.0,26.52,4.0,0.28,0.56,0.56,1.66,1.75,1.72
84757558480950,2025,Petrovic-Lyubushkin,DAL,pairing,5on5,11,3536.0,54.0,0.38,0.42,0.41,19.35,1.46,1.13,5.08,0.62,9.83,7.86,1.44,1.49,1.47,23.0,3.0,13.0,39.0,1.0,1.0,0.0,6.0,0.0,10.0,8.0,22.0,25.0,5.0,12.0,22.0,37.0,3.0,13.0,19.0,6.0,1.0,0.53,0.72,0.22,1.0,0.0,0.0,39.5,26.0,26.3,5.0,0.24,0.22,0.22,1.48,1.5,1.5,26.18,2.36,1.61,7.2,1.04,14.08,10.71,2.3,2.24,2.19,24.0,13.0,16.0,53.0,2.0,4.0,1.0,7.0,1.0,9.0,14.0,22.0,35.0,5.0,10.0,20.0,45.0,5.0,14.0,31.0,4.0,2.0,0.96,0.66,0.74,1.0,0.0,1.0,50.99,37.0,35.7,9.0,0.33,0.92,0.92,1.77,1.7,1.7
848080684824758483432,2025,Lundestrm-Del Bel Belluz-Chinakhov,CBJ,line,5on5,2,831.0,8.0,0.2,0.25,0.26,3.73,0.25,0.25,1.09,0.13,1.92,1.37,0.24,0.26,0.25,3.0,2.0,2.0,7.0,0.0,0.0,0.0,1.0,0.0,4.0,0.0,3.0,5.0,0.0,0.0,6.0,2.0,1.0,7.0,4.0,1.0,0.0,0.1,0.15,0.0,0.0,0.0,0.0,7.11,5.0,5.02,4.0,0.06,0.0,0.0,0.3,0.32,0.31,9.69,0.97,0.75,2.69,0.36,5.36,3.86,0.95,0.96,0.95,11.0,3.0,7.0,21.0,1.0,2.0,0.0,3.0,0.0,1.0,7.0,10.0,13.0,0.0,0.0,7.0,3.0,1.0,1.0,11.0,1.0,2.0,0.32,0.15,0.5,1.0,0.0,0.0,20.7,14.0,14.17,1.0,0.16,0.5,0.5,0.63,0.63,0.63
847647984796758483808,2025,Moore-Danault-Kuzmenko,LAK,line,5on5,8,1479.0,55.0,0.34,0.49,0.43,10.87,0.84,0.74,2.7,0.35,6.18,4.19,0.83,0.85,0.84,11.0,4.0,10.0,25.0,0.0,2.0,0.0,3.0,0.0,5.0,5.0,11.0,15.0,1.0,2.0,6.0,7.0,1.0,6.0,12.0,2.0,1.0,0.29,0.2,0.35,0.0,0.0,0.0,24.33,15.0,14.92,3.0,0.15,0.41,0.41,0.59,0.58,0.58,14.03,1.67,1.06,3.2,0.51,7.68,5.88,1.6,1.77,1.69,11.0,9.0,6.0,26.0,2.0,3.0,1.0,0.0,0.0,7.0,8.0,9.0,18.0,0.0,0.0,8.0,13.0,1.0,6.0,13.0,4.0,3.0,0.41,0.45,0.8,0.0,1.0,1.0,27.4,20.0,20.87,3.0,0.22,0.8,0.8,1.09,1.16,1.13
848018884802088481528,2025,Zetterlund-Cozens-Batherson,OTT,line,5on5,9,1093.0,101.0,0.76,0.65,0.67,10.17,1.07,0.8,2.19,0.33,5.66,3.96,1.02,1.14,1.09,9.0,5.0,6.0,20.0,1.0,2.0,1.0,2.0,0.0,5.0,4.0,8.0,13.0,1.0,2.0,3.0,6.0,1.0,7.0,9.0,4.0,1.0,0.29,0.45,0.32,0.0,1.0,0.0,20.55,14.0,14.45,3.0,0.16,0.44,0.44,0.79,0.82,0.82,5.22,0.34,0.26,1.3,0.16,2.78,2.16,0.34,0.32,0.32,4.0,3.0,4.0,11.0,1.0,0.0,0.0,2.0,0.0,2.0,2.0,3.0,6.0,0.0,0.0,7.0,6.0,2.0,5.0,5.0,2.0,0.0,0.13,0.2,0.0,1.0,0.0,0.0,10.65,7.0,6.88,3.0,0.05,0.0,0.0,0.39,0.37,0.37
84783978482165,2025,Kuznetsov-Andersson,CGY,pairing,5on5,25,2719.0,138.0,0.39,0.45,0.45,20.76,1.15,1.21,5.45,0.66,11.33,9.21,1.14,1.13,1.11,23.0,6.0,8.0,37.0,3.0,2.0,0.0,3.0,0.0,9.0,12.0,20.0,26.0,3.0,9.0,15.0,14.0,2.0,13.0,24.0,5.0,0.0,0.59,0.56,0.0,2.0,1.0,0.0,35.98,29.0,28.29,5.0,0.25,0.48,0.17,1.23,1.2,1.2,25.38,1.79,1.44,6.34,0.81,13.9,10.72,1.77,1.81,1.8,23.0,12.0,11.0,46.0,2.0,0.0,0.0,6.0,0.0,10.0,17.0,21.0,33.0,5.0,13.0,8.0,15.0,3.0,10.0,30.0,3.0,2.0,0.94,0.32,0.53,1.0,0.0,1.0,47.97,35.0,36.29,5.0,0.29,0.0,0.0,2.08,2.11,2.09
848083084827028482809,2025,Blake-Stankoven-Svechnikov,CAR,line,5on5,21,2248.0,186.0,0.77,0.65,0.69,25.82,2.79,1.68,6.38,0.88,13.48,9.79,2.61,2.74,2.57,17.0,18.0,13.0,48.0,1.0,3.0,1.0,4.0,0.0,12.0,15.0,16.0,34.0,2.0,4.0,16.0,15.0,5.0,16.0,25.0,6.0,4.0,0.83,0.71,1.25,0.0,0.0,1.0,47.77,35.0,35.11,5.0,0.35,0.7,0.7,2.44,2.4,2.33,11.13,0.82,0.85,2.81,0.43,6.25,4.84,0.82,0.8,0.8,13.0,3.0,10.0,26.0,1.0,1.0,0.0,2.0,0.0,6.0,6.0,12.0,15.0,5.0,10.0,20.0,13.0,5.0,13.0,14.0,1.0,1.0,0.51,0.1,0.21,1.0,0.0,0.0,26.2,16.0,15.86,6.0,0.18,0.01,0.01,0.99,0.97,0.97
847576384785698480980,2025,Dewar-Acciari-Hayes,PIT,line,5on5,6,2237.0,29.0,0.53,0.52,0.48,19.55,1.56,1.2,4.7,0.62,10.17,7.75,1.51,1.58,1.53,21.0,5.0,12.0,38.0,2.0,2.0,0.0,3.0,0.0,9.0,10.0,19.0,24.0,3.0,6.0,22.0,22.0,3.0,11.0,20.0,4.0,2.0,0.6,0.51,0.44,1.0,0.0,1.0,38.31,26.0,26.23,9.0,0.25,0.28,0.28,1.53,1.54,1.52,19.96,1.39,1.23,5.85,0.71,10.57,8.26,1.35,1.39,1.35,18.0,10.0,7.0,35.0,4.0,3.0,0.0,1.0,0.0,13.0,7.0,14.0,24.0,1.0,2.0,22.0,17.0,4.0,15.0,24.0,3.0,1.0,0.73,0.38,0.28,3.0,1.0,0.0,34.87,28.0,27.9,7.0,0.26,0.36,0.36,1.28,1.29,1.27
847403784834648484160,2025,Van Riemsdyk-Kasper-Danielson,DET,line,5on5,6,1007.0,56.0,0.41,0.43,0.43,6.64,0.38,0.4,1.66,0.23,3.63,2.7,0.38,0.37,0.37,7.0,2.0,3.0,12.0,0.0,0.0,0.0,1.0,0.0,6.0,2.0,7.0,9.0,1.0,2.0,9.0,8.0,2.0,5.0,7.0,2.0,0.0,0.14,0.24,0.0,0.0,0.0,0.0,11.97,9.0,9.0,3.0,0.09,0.0,0.0,0.47,0.45,0.45,8.48,0.56,0.54,1.95,0.28,5.14,3.54,0.55,0.57,0.57,9.0,3.0,4.0,16.0,2.0,0.0,0.0,4.0,0.0,4.0,2.0,7.0,10.0,2.0,4.0,6.0,12.0,1.0,1.0,11.0,1.0,0.0,0.39,0.16,0.0,2.0,0.0,0.0,16.13,12.0,12.08,0.0,0.11,0.0,0.0,0.67,0.69,0.68
848210984821578483690,2025,Cuylle-Laba-Lafrenire,NYR,line,5on5,12,1606.0,127.0,0.69,0.56,0.61,14.21,1.49,0.91,3.95,0.5,7.79,5.37,1.47,1.52,1.5,12.0,8.0,7.0,27.0,3.0,4.0,1.0,0.0,0.0,9.0,4.0,9.0,17.0,4.0,8.0,13.0,10.0,2.0,4.0,13.0,5.0,2.0,0.3,0.51,0.68,0.0,2.0,1.0,27.35,20.0,20.39,1.0,0.19,0.83,0.83,0.84,0.85,0.84,8.94,0.65,0.61,2.47,0.34,5.22,3.72,0.65,0.68,0.68,9.0,4.0,8.0,21.0,2.0,1.0,1.0,1.0,0.0,2.0,7.0,7.0,11.0,1.0,2.0,12.0,9.0,0.0,13.0,10.0,2.0,1.0,0.2,0.21,0.25,1.0,1.0,0.0,22.03,13.0,13.63,6.0,0.13,0.11,0.11,0.67,0.7,0.7
847646184784398481533,2025,Zegras-Couturier-Konecny,PHI,line,5on5,12,868.0,135.0,0.47,0.63,0.5,4.51,0.35,0.3,1.09,0.13,2.4,1.73,0.35,0.35,0.35,4.0,2.0,9.0,15.0,1.0,0.0,0.0,2.0,0.0,1.0,2.0,3.0,5.0,0.0,0.0,4.0,4.0,0.0,2.0,4.0,2.0,0.0,0.12,0.22,0.0,0.0,1.0,0.0,14.63,6.0,5.93,2.0,0.06,0.0,0.0,0.41,0.42,0.42,4.49,0.39,0.33,1.07,0.14,2.35,1.72,0.39,0.41,0.41,3.0,3.0,3.0,9.0,0.0,0.0,0.0,1.0,0.0,1.0,4.0,3.0,6.0,0.0,0.0,2.0,4.0,2.0,3.0,4.0,2.0,0.0,0.12,0.27,0.0,0.0,0.0,0.0,9.69,6.0,6.33,0.0,0.07,0.0,0.0,0.46,0.48,0.48
847749784824758482660,2025,Johnson-Monahan-Chinakhov,CBJ,line,5on5,4,755.0,40.0,0.18,0.41,0.32,4.5,0.32,0.24,1.02,0.14,2.4,1.88,0.32,0.32,0.32,5.0,1.0,5.0,11.0,0.0,0.0,0.0,1.0,0.0,1.0,4.0,5.0,6.0,0.0,0.0,4.0,2.0,1.0,1.0,5.0,0.0,1.0,0.09,0.0,0.23,0.0,0.0,0.0,11.37,6.0,6.2,0.0,0.05,0.0,0.0,0.37,0.37,0.37,10.7,1.49,0.88,2.89,0.33,4.3,3.11,1.29,1.45,1.26,10.0,3.0,3.0,16.0,2.0,3.0,0.0,1.0,0.0,4.0,3.0,8.0,11.0,0.0,0.0,7.0,2.0,3.0,2.0,6.0,4.0,3.0,0.13,0.6,0.76,0.0,2.0,0.0,15.52,13.0,12.57,1.0,0.19,0.76,0.76,0.92,0.91,0.88
847688084815808481656,2025,Protas-Mcmichael-Wilson,WSH,line,5on5,23,5847.0,170.0,0.48,0.55,0.57,62.09,4.8,4.36,15.15,1.98,34.23,24.49,4.69,4.86,4.74,62.0,23.0,23.0,108.0,7.0,6.0,2.0,14.0,0.0,22.0,36.0,55.0,78.0,9.0,18.0,54.0,36.0,5.0,33.0,66.0,17.0,2.0,2.07,2.11,0.62,3.0,3.0,1.0,108.05,85.0,85.65,19.0,0.9,1.06,1.09,4.62,4.67,4.61,48.33,5.27,3.45,12.61,1.63,23.49,17.55,4.96,5.3,4.97,42.0,22.0,26.0,90.0,5.0,5.0,1.0,10.0,0.0,23.0,21.0,37.0,59.0,4.0,8.0,71.0,27.0,2.0,31.0,38.0,19.0,7.0,1.25,2.37,1.64,0.0,3.0,2.0,89.0,64.0,63.67,13.0,0.74,0.8,0.8,5.21,5.22,4.99
84826558482929,2025,Moser-Lilleberg,TBL,pairing,5on5,27,3363.0,161.0,0.49,0.56,0.56,29.42,2.44,1.82,7.2,0.95,15.42,12.17,2.35,2.42,2.34,27.0,13.0,12.0,52.0,4.0,4.0,0.0,9.0,0.0,11.0,12.0,23.0,36.0,4.0,8.0,16.0,14.0,4.0,16.0,30.0,8.0,2.0,1.01,0.9,0.54,2.0,2.0,0.0,53.44,40.0,40.86,5.0,0.37,0.69,0.69,2.12,2.13,2.09,23.97,2.58,1.71,6.91,0.88,11.09,7.83,2.29,2.49,2.22,22.0,9.0,10.0,41.0,1.0,4.0,0.0,7.0,0.0,12.0,7.0,21.0,30.0,6.0,12.0,17.0,24.0,5.0,7.0,17.0,13.0,1.0,0.41,1.69,0.48,0.0,1.0,0.0,39.77,31.0,30.47,2.0,0.36,0.83,0.83,2.11,2.07,2.02
847794984794208484145,2025,Benson-Thompson-Tuch,BUF,line,5on5,3,616.0,18.0,0.35,0.32,0.33,3.15,0.32,0.24,0.58,0.08,1.58,1.2,0.31,0.31,0.31,3.0,1.0,2.0,6.0,0.0,0.0,0.0,1.0,0.0,2.0,1.0,3.0,4.0,1.0,2.0,5.0,5.0,2.0,1.0,3.0,1.0,0.0,0.13,0.18,0.0,0.0,0.0,0.0,5.73,4.0,3.84,1.0,0.05,0.0,0.0,0.36,0.36,0.36,6.01,0.59,0.4,1.18,0.16,3.15,2.53,0.59,0.61,0.61,6.0,2.0,5.0,13.0,1.0,0.0,0.0,2.0,0.0,4.0,1.0,5.0,7.0,1.0,2.0,3.0,1.0,2.0,1.0,6.0,1.0,1.0,0.16,0.1,0.33,1.0,0.0,0.0,13.26,8.0,8.22,1.0,0.08,0.0,0.0,0.67,0.7,0.69
847740984779358478421,2025,Greer-Bennett-Verhaeghe,FLA,line,5on5,9,4653.0,36.0,0.61,0.61,0.57,44.43,3.65,2.91,11.11,1.5,24.09,17.75,3.48,3.63,3.47,43.0,18.0,28.0,89.0,9.0,5.0,1.0,12.0,0.0,27.0,8.0,34.0,52.0,12.0,24.0,37.0,42.0,8.0,23.0,46.0,13.0,2.0,1.42,1.68,0.55,5.0,3.0,1.0,88.6,61.0,61.24,8.0,0.6,0.6,0.73,3.52,3.5,3.38,34.57,2.38,2.17,8.18,1.06,18.36,13.86,2.3,2.41,2.33,25.0,21.0,12.0,58.0,2.0,3.0,0.0,3.0,0.0,20.0,18.0,23.0,44.0,8.0,16.0,41.0,28.0,2.0,24.0,36.0,9.0,1.0,1.03,1.13,0.21,2.0,0.0,0.0,57.16,46.0,45.47,12.0,0.45,0.49,0.49,2.34,2.36,2.34
847897584826608484166,2025,Marchment-Fantilli-Johnson,CBJ,line,5on5,1,869.0,1.0,0.5,0.52,0.48,7.53,0.63,0.48,1.82,0.25,3.88,2.93,0.61,0.63,0.62,6.0,4.0,4.0,14.0,1.0,2.0,0.0,3.0,0.0,2.0,2.0,5.0,9.0,1.0,2.0,5.0,4.0,2.0,3.0,8.0,2.0,0.0,0.34,0.29,0.0,1.0,0.0,0.0,13.78,10.0,9.7,2.0,0.1,0.22,0.22,0.51,0.51,0.51,7.68,0.62,0.61,1.54,0.28,4.81,3.14,0.6,0.61,0.58,3.0,8.0,2.0,13.0,1.0,0.0,0.0,0.0,0.0,5.0,5.0,2.0,10.0,0.0,0.0,11.0,8.0,1.0,7.0,11.0,0.0,0.0,0.62,0.0,0.0,1.0,0.0,0.0,12.95,11.0,11.02,4.0,0.13,0.0,0.0,0.75,0.73,0.7
847121484815808482088,2025,Ovechkin-Sourdif-Mcmichael,WSH,line,5on5,8,1951.0,124.0,0.34,0.41,0.39,15.37,0.78,0.77,3.63,0.46,7.5,6.85,0.77,0.79,0.78,14.0,6.0,8.0,28.0,0.0,0.0,0.0,3.0,0.0,9.0,8.0,14.0,20.0,2.0,4.0,10.0,3.0,0.0,8.0,18.0,1.0,1.0,0.44,0.13,0.21,0.0,0.0,0.0,27.96,20.0,20.01,5.0,0.16,0.0,0.0,0.94,0.95,0.94,22.64,1.52,1.43,5.77,0.74,12.67,8.88,1.49,1.46,1.44,22.0,9.0,9.0,40.0,2.0,3.0,1.0,3.0,0.0,11.0,12.0,20.0,29.0,1.0,2.0,11.0,14.0,5.0,15.0,25.0,6.0,0.0,0.72,0.8,0.0,1.0,1.0,0.0,39.56,31.0,30.27,6.0,0.29,0.44,0.44,1.36,1.32,1.31
847889184799928481725,2025,Soderblom-Rasmussen-Appleton,DET,line,5on5,8,1426.0,47.0,0.38,0.5,0.42,10.13,0.58,0.69,2.55,0.32,5.78,4.09,0.58,0.55,0.55,4.0,10.0,9.0,23.0,0.0,0.0,0.0,0.0,0.0,7.0,7.0,4.0,14.0,2.0,4.0,10.0,12.0,0.0,5.0,13.0,1.0,0.0,0.41,0.17,0.0,0.0,0.0,0.0,21.4,14.0,13.22,0.0,0.14,0.0,0.0,0.72,0.69,0.69,13.3,0.96,1.02,2.95,0.47,7.74,5.85,0.95,1.0,0.99,14.0,5.0,4.0,23.0,3.0,2.0,0.0,6.0,0.0,4.0,4.0,11.0,16.0,1.0,2.0,7.0,5.0,2.0,5.0,15.0,3.0,1.0,0.42,0.33,0.2,2.0,1.0,0.0,25.0,19.0,20.02,3.0,0.21,0.3,0.3,0.86,0.9,0.89
847738084778398483690,2025,Sheary-Laba-Brodzinski,NYR,line,5on5,10,2465.0,69.0,0.5,0.5,0.5,20.86,1.47,1.35,5.44,0.72,11.73,8.29,1.44,1.51,1.48,18.0,11.0,14.0,43.0,0.0,3.0,0.0,4.0,0.0,14.0,8.0,18.0,29.0,2.0,4.0,14.0,7.0,3.0,9.0,24.0,3.0,2.0,0.6,0.33,0.55,0.0,0.0,0.0,42.99,29.0,29.0,4.0,0.28,0.65,0.65,1.1,1.11,1.1,21.17,1.48,1.3,5.42,0.73,11.8,8.28,1.47,1.49,1.48,16.0,13.0,14.0,43.0,0.0,0.0,0.0,4.0,1.0,11.0,13.0,16.0,29.0,4.0,8.0,20.0,20.0,2.0,10.0,21.0,8.0,0.0,0.59,0.89,0.0,0.0,0.0,0.0,42.87,29.0,29.07,8.0,0.27,0.0,0.0,1.75,1.76,1.75
847645984773808482157,2025,Cuylle-Zibanejad-Brodzinski,NYR,line,5on5,3,680.0,28.0,0.27,0.38,0.41,5.11,0.15,0.25,1.54,0.2,2.84,2.03,0.15,0.16,0.16,3.0,4.0,2.0,9.0,0.0,1.0,0.0,2.0,0.0,1.0,3.0,3.0,7.0,1.0,2.0,9.0,6.0,3.0,3.0,7.0,0.0,0.0,0.15,0.0,0.0,0.0,0.0,0.0,9.0,7.0,6.95,3.0,0.05,0.03,0.03,0.17,0.17,0.17,7.41,0.41,0.38,2.11,0.24,3.84,3.02,0.41,0.4,0.4,6.0,4.0,5.0,15.0,0.0,0.0,0.0,0.0,0.0,4.0,6.0,6.0,10.0,2.0,4.0,3.0,1.0,0.0,1.0,9.0,1.0,0.0,0.28,0.13,0.0,0.0,0.0,0.0,14.85,10.0,9.97,0.0,0.08,0.0,0.0,0.49,0.47,0.47
84801968480891,2025,Bryson-Kesselring,BUF,pairing,5on5,3,1193.0,14.0,0.38,0.33,0.31,7.68,0.64,0.48,2.19,0.26,3.8,2.63,0.58,0.66,0.59,7.0,3.0,3.0,13.0,0.0,1.0,0.0,4.0,0.0,2.0,3.0,7.0,10.0,0.0,0.0,9.0,7.0,1.0,13.0,6.0,4.0,0.0,0.18,0.45,0.0,0.0,0.0,0.0,13.12,10.0,10.23,7.0,0.1,0.03,0.03,0.71,0.73,0.66,15.63,1.02,0.89,3.94,0.55,8.7,6.88,1.01,1.01,0.99,14.0,8.0,5.0,27.0,2.0,1.0,0.0,5.0,0.0,7.0,7.0,12.0,20.0,0.0,0.0,10.0,8.0,1.0,4.0,19.0,3.0,0.0,0.6,0.42,0.0,1.0,1.0,0.0,26.88,22.0,21.69,2.0,0.18,0.17,0.17,1.04,1.01,1.01
847749484784458481601,2025,Drouin-Barzal-Holmstrom,NYI,line,5on5,10,4402.0,66.0,0.54,0.5,0.51,34.09,2.85,2.12,8.63,1.19,19.05,14.16,2.77,2.97,2.88,26.0,22.0,19.0,67.0,2.0,2.0,1.0,7.0,0.0,18.0,19.0,24.0,46.0,4.0,8.0,29.0,7.0,6.0,12.0,36.0,9.0,3.0,0.93,1.07,0.85,0.0,1.0,1.0,69.1,48.0,49.63,7.0,0.44,0.6,0.85,2.44,2.53,2.49,33.44,2.46,2.26,7.86,1.08,19.6,13.74,2.44,2.38,2.36,29.0,18.0,20.0,67.0,2.0,2.0,0.0,6.0,0.0,17.0,20.0,27.0,45.0,3.0,6.0,31.0,21.0,7.0,28.0,39.0,7.0,1.0,1.2,0.86,0.4,1.0,1.0,0.0,64.34,47.0,45.81,8.0,0.46,0.46,0.46,2.45,2.37,2.35
847572284808028482097,2025,Zucker-Mcleod-Quinn,BUF,line,5on5,11,5517.0,29.0,0.57,0.56,0.57,54.23,5.3,3.77,13.24,1.87,29.94,21.88,5.2,5.16,5.06,44.0,32.0,20.0,96.0,6.0,5.0,0.0,7.0,0.0,28.0,30.0,38.0,70.0,5.0,10.0,44.0,20.0,9.0,29.0,56.0,15.0,5.0,1.96,1.7,1.64,4.0,2.0,0.0,94.11,76.0,74.15,12.0,0.79,1.37,1.37,4.72,4.67,4.62,44.13,3.99,3.03,10.63,1.29,22.53,16.55,3.81,4.08,3.89,42.0,16.0,17.0,75.0,4.0,4.0,1.0,9.0,0.0,17.0,24.0,38.0,54.0,2.0,4.0,40.0,33.0,6.0,30.0,41.0,13.0,4.0,0.99,1.7,1.3,0.0,3.0,1.0,76.14,58.0,59.03,15.0,0.64,1.3,1.3,3.33,3.42,3.37
84768568484839,2025,Brunicke-Dumba,PIT,pairing,5on5,1,851.0,3.0,0.39,0.41,0.42,5.49,0.36,0.39,1.2,0.16,3.47,2.42,0.36,0.36,0.35,4.0,4.0,3.0,11.0,0.0,0.0,0.0,0.0,0.0,4.0,4.0,4.0,8.0,2.0,4.0,3.0,3.0,2.0,6.0,7.0,1.0,0.0,0.23,0.13,0.0,0.0,0.0,0.0,11.22,8.0,8.19,2.0,0.08,0.0,0.0,0.44,0.43,0.43,8.08,0.57,0.57,1.81,0.26,4.53,3.26,0.56,0.57,0.57,10.0,1.0,5.0,16.0,2.0,0.0,0.0,2.0,0.0,4.0,3.0,8.0,9.0,0.0,0.0,4.0,5.0,0.0,4.0,10.0,1.0,0.0,0.4,0.16,0.0,1.0,1.0,0.0,15.49,11.0,10.71,3.0,0.12,0.0,0.0,0.68,0.69,0.69
84769028480878,2025,Lindell-Lundkvist,DAL,pairing,5on5,12,1325.0,93.0,0.1,0.22,0.19,2.03,0.11,0.13,0.45,0.06,1.35,0.89,0.11,0.11,0.11,2.0,1.0,4.0,7.0,0.0,0.0,0.0,1.0,0.0,1.0,1.0,2.0,3.0,0.0,0.0,11.0,6.0,0.0,5.0,3.0,0.0,0.0,0.11,0.0,0.0,0.0,0.0,0.0,6.74,3.0,2.98,4.0,0.02,0.0,0.0,0.14,0.13,0.13,9.85,1.03,0.67,2.55,0.31,4.98,3.46,0.94,1.02,0.94,10.0,3.0,12.0,25.0,1.0,1.0,0.0,1.0,0.0,4.0,6.0,9.0,12.0,0.0,0.0,11.0,12.0,1.0,5.0,10.0,1.0,2.0,0.32,0.1,0.61,1.0,0.0,0.0,23.87,13.0,12.97,2.0,0.14,0.4,0.4,0.77,0.76,0.76
847690584779198481554,2025,Stephenson-Gaudreau-Kakko,SEA,line,5on5,4,851.0,34.0,0.19,0.41,0.38,5.6,0.21,0.36,1.46,0.18,3.42,2.38,0.21,0.19,0.19,3.0,5.0,4.0,12.0,0.0,0.0,0.0,1.0,0.0,3.0,4.0,3.0,8.0,1.0,2.0,10.0,5.0,1.0,4.0,8.0,0.0,0.0,0.21,0.0,0.0,0.0,0.0,0.0,11.17,8.0,7.41,4.0,0.07,0.0,0.0,0.28,0.26,0.26,9.75,0.9,0.71,2.53,0.31,5.12,3.43,0.85,0.97,0.92,4.0,9.0,4.0,17.0,0.0,2.0,0.0,1.0,0.0,7.0,3.0,4.0,13.0,0.0,0.0,7.0,3.0,0.0,5.0,10.0,2.0,1.0,0.38,0.28,0.24,0.0,0.0,0.0,18.27,13.0,13.84,2.0,0.15,0.35,0.35,0.7,0.75,0.74
847688084784408481580,2025,Mcmichael-Strome-Wilson,WSH,line,5on5,7,759.0,75.0,0.32,0.53,0.53,5.67,0.26,0.28,1.22,0.21,2.94,3.1,0.26,0.27,0.27,7.0,1.0,2.0,10.0,0.0,0.0,0.0,0.0,0.0,3.0,5.0,7.0,8.0,0.0,0.0,9.0,4.0,1.0,4.0,7.0,1.0,0.0,0.14,0.11,0.0,0.0,0.0,0.0,10.0,8.0,8.25,3.0,0.06,0.0,0.0,0.32,0.33,0.33,5.1,0.54,0.34,0.99,0.14,2.86,2.13,0.54,0.52,0.52,7.0,0.0,2.0,9.0,3.0,0.0,0.0,0.0,0.0,3.0,1.0,4.0,4.0,0.0,0.0,4.0,4.0,0.0,0.0,4.0,2.0,1.0,0.07,0.21,0.25,1.0,2.0,0.0,9.12,7.0,7.08,0.0,0.07,0.0,0.0,0.61,0.59,0.59
847418984801888481528,2025,Zetterlund-Cozens-Eller,OTT,line,5on5,6,1670.0,34.0,0.45,0.51,0.47,13.53,1.03,0.9,3.25,0.43,7.24,5.13,1.0,1.09,1.06,11.0,7.0,9.0,27.0,0.0,0.0,0.0,2.0,0.0,7.0,9.0,11.0,18.0,3.0,6.0,19.0,6.0,4.0,8.0,13.0,4.0,1.0,0.37,0.45,0.21,0.0,0.0,0.0,27.94,18.0,18.57,3.0,0.19,0.0,0.0,1.22,1.29,1.25,15.08,1.27,0.9,3.38,0.5,7.47,6.49,1.22,1.22,1.17,14.0,6.0,6.0,26.0,2.0,1.0,1.0,1.0,0.0,8.0,8.0,12.0,18.0,1.0,2.0,13.0,16.0,1.0,9.0,15.0,4.0,1.0,0.47,0.48,0.31,0.0,1.0,1.0,24.99,20.0,19.08,5.0,0.19,0.31,0.31,1.14,1.1,1.07
847846384815808484186,2025,Beauvillier-Mcmichael-Leonard,WSH,line,5on5,9,950.0,83.0,0.56,0.52,0.5,7.57,0.84,0.52,1.86,0.23,3.83,2.73,0.79,0.9,0.84,6.0,4.0,6.0,16.0,0.0,1.0,0.0,2.0,0.0,3.0,4.0,6.0,10.0,0.0,0.0,3.0,6.0,2.0,2.0,6.0,3.0,1.0,0.14,0.42,0.28,0.0,0.0,0.0,16.83,10.0,10.46,1.0,0.11,0.17,0.17,0.77,0.82,0.81,7.48,0.65,0.63,1.67,0.23,4.08,2.73,0.65,0.62,0.62,9.0,1.0,5.0,15.0,0.0,1.0,0.0,1.0,0.0,6.0,2.0,9.0,10.0,1.0,2.0,9.0,6.0,1.0,2.0,6.0,3.0,1.0,0.14,0.3,0.21,0.0,0.0,0.0,14.24,10.0,9.45,1.0,0.13,0.21,0.21,0.57,0.55,0.55
847410284802088481528,2025,Perron-Cozens-Batherson,OTT,line,5on5,19,7529.0,76.0,0.65,0.53,0.53,67.7,5.93,4.96,16.28,2.15,37.21,25.47,5.72,5.98,5.76,53.0,39.0,30.0,122.0,5.0,10.0,0.0,14.0,1.0,29.0,33.0,48.0,87.0,0.0,0.0,66.0,60.0,12.0,30.0,69.0,18.0,5.0,2.3,2.3,1.33,3.0,2.0,0.0,123.22,92.0,93.04,12.0,1.04,1.8,1.8,5.16,5.23,5.13,57.24,3.17,3.34,14.92,1.98,31.86,24.74,3.11,3.14,3.08,52.0,28.0,29.0,109.0,6.0,5.0,0.0,17.0,0.0,23.0,29.0,46.0,74.0,6.0,12.0,57.0,54.0,9.0,23.0,70.0,9.0,1.0,1.99,0.95,0.24,4.0,2.0,0.0,108.08,80.0,79.35,16.0,0.68,0.55,0.55,3.29,3.25,3.23
84808658483457,2025,Hutson-Dobson,MTL,pairing,5on5,35,6526.0,206.0,0.7,0.58,0.63,61.76,5.93,4.32,14.92,2.22,33.85,24.77,5.71,6.13,5.9,60.0,26.0,39.0,125.0,10.0,5.0,1.0,13.0,0.0,32.0,26.0,50.0,76.0,7.0,12.0,42.0,24.0,8.0,23.0,64.0,16.0,6.0,2.21,1.75,1.97,5.0,4.0,1.0,126.95,86.0,87.33,9.0,0.9,1.07,1.44,5.39,5.55,5.42,34.82,2.58,2.29,8.23,1.26,20.49,15.15,2.55,2.61,2.58,31.0,19.0,39.0,89.0,3.0,2.0,1.0,4.0,0.0,15.0,26.0,28.0,47.0,7.0,14.0,51.0,50.0,14.0,24.0,39.0,11.0,0.0,1.34,1.23,0.0,2.0,1.0,0.0,88.6,50.0,50.54,11.0,0.47,0.06,0.06,2.98,3.02,3.0
84807968480990,2025,Fehervary-Chisholm,WSH,pairing,5on5,11,1158.0,94.0,0.53,0.57,0.52,11.27,1.01,0.76,2.87,0.36,5.66,4.35,0.98,1.0,0.97,10.0,5.0,12.0,27.0,2.0,2.0,0.0,1.0,0.0,3.0,7.0,8.0,13.0,0.0,0.0,11.0,9.0,1.0,5.0,10.0,5.0,0.0,0.33,0.69,0.0,1.0,1.0,0.0,25.98,15.0,14.97,0.0,0.16,0.17,0.17,1.0,0.99,0.96,10.3,0.9,0.68,2.21,0.32,5.83,4.05,0.88,0.92,0.9,8.0,6.0,6.0,20.0,1.0,0.0,0.0,2.0,0.0,7.0,4.0,7.0,13.0,0.0,0.0,6.0,6.0,1.0,3.0,11.0,2.0,1.0,0.38,0.27,0.26,0.0,1.0,0.0,21.25,14.0,14.67,2.0,0.15,0.0,0.0,1.05,1.07,1.04
847647984796758482155,2025,Moore-Danault-Laferriere,LAK,line,5on5,11,786.0,168.0,0.46,0.51,0.52,9.4,0.5,0.47,2.31,0.28,5.29,4.16,0.49,0.47,0.46,11.0,2.0,5.0,18.0,0.0,0.0,0.0,1.0,0.0,6.0,6.0,11.0,13.0,0.0,0.0,8.0,4.0,1.0,5.0,11.0,1.0,1.0,0.2,0.09,0.2,0.0,0.0,0.0,16.7,13.0,12.15,4.0,0.09,0.0,0.0,0.59,0.56,0.55,8.46,0.57,0.54,1.98,0.27,5.06,3.59,0.57,0.6,0.6,12.0,0.0,5.0,17.0,1.0,0.0,0.0,2.0,0.0,4.0,5.0,11.0,11.0,0.0,0.0,6.0,6.0,2.0,5.0,11.0,1.0,0.0,0.38,0.19,0.0,0.0,1.0,0.0,17.74,12.0,12.54,1.0,0.11,0.0,0.0,0.68,0.72,0.72
84768858481605,2025,Lacombe-Trouba,ANA,pairing,5on5,40,16718.0,181.0,0.54,0.53,0.54,166.92,14.01,11.39,43.81,5.95,90.52,65.32,13.47,13.76,13.23,163.0,68.0,71.0,302.0,10.0,24.0,2.0,33.0,1.0,83.0,80.0,153.0,221.0,17.0,37.0,139.0,116.0,20.0,79.0,184.0,31.0,16.0,5.48,4.12,4.41,6.0,2.0,2.0,294.52,231.0,226.54,41.0,2.38,4.08,4.27,12.12,11.96,11.75,143.08,11.78,9.09,36.94,4.73,75.98,56.48,11.45,11.95,11.63,119.0,76.0,69.0,264.0,9.0,13.0,1.0,30.0,1.0,74.0,68.0,110.0,186.0,15.0,33.0,140.0,63.0,18.0,77.0,149.0,34.0,12.0,4.3,3.97,3.51,3.0,3.0,3.0,270.06,195.0,198.74,34.0,1.9,2.79,2.79,10.88,11.0,10.83
847591384779648478403,2025,Barbashev-Eichel-Stone,VGK,line,5on5,11,3041.0,59.0,0.56,0.59,0.64,34.28,1.94,2.02,8.53,1.09,18.85,14.57,1.92,2.0,1.98,32.0,15.0,14.0,61.0,6.0,2.0,1.0,8.0,0.0,19.0,12.0,26.0,41.0,1.0,2.0,29.0,15.0,5.0,21.0,43.0,3.0,1.0,1.28,0.38,0.27,4.0,1.0,1.0,62.68,47.0,48.01,4.0,0.41,0.12,0.12,2.23,2.31,2.29,19.96,1.54,1.18,4.94,0.66,10.56,8.13,1.5,1.52,1.48,18.0,9.0,15.0,42.0,3.0,1.0,0.0,5.0,0.0,9.0,9.0,15.0,24.0,3.0,6.0,32.0,14.0,3.0,12.0,21.0,4.0,2.0,0.53,0.44,0.57,2.0,1.0,0.0,41.58,27.0,27.05,7.0,0.24,0.34,0.34,1.44,1.44,1.43
847647484794078480002,2025,Bratt-Hischier-Noesen,NJD,line,5on5,3,678.0,38.0,0.69,0.56,0.58,10.61,1.65,0.9,3.11,0.48,4.74,3.13,1.3,1.48,1.17,13.0,1.0,4.0,18.0,0.0,4.0,0.0,2.0,0.0,4.0,4.0,13.0,14.0,1.0,2.0,9.0,8.0,0.0,1.0,7.0,4.0,3.0,0.16,0.48,1.0,0.0,0.0,0.0,15.53,14.0,12.38,1.0,0.19,0.99,0.99,0.85,0.76,0.71,7.64,0.73,0.54,2.14,0.24,3.58,2.77,0.73,0.82,0.82,8.0,2.0,4.0,14.0,1.0,1.0,0.0,3.0,0.0,2.0,3.0,7.0,9.0,0.0,0.0,9.0,4.0,1.0,3.0,7.0,2.0,1.0,0.17,0.26,0.31,1.0,0.0,0.0,16.28,10.0,11.12,2.0,0.12,0.31,0.31,0.54,0.61,0.6
84764678477986,2025,Oleksiak-Montour,SEA,pairing,5on5,17,1060.0,127.0,0.64,0.68,0.63,12.67,0.95,0.78,2.68,0.38,6.91,5.32,0.91,0.94,0.9,12.0,5.0,6.0,23.0,1.0,1.0,0.0,1.0,0.0,6.0,8.0,11.0,16.0,0.0,0.0,3.0,5.0,2.0,2.0,14.0,2.0,1.0,0.49,0.19,0.28,0.0,1.0,0.0,22.44,17.0,16.58,0.0,0.16,0.28,0.28,0.83,0.83,0.81,7.34,0.54,0.48,1.72,0.22,4.13,2.9,0.49,0.54,0.49,9.0,1.0,1.0,11.0,0.0,1.0,0.0,1.0,0.0,3.0,5.0,9.0,10.0,0.0,0.0,1.0,6.0,2.0,1.0,8.0,2.0,0.0,0.3,0.25,0.0,0.0,0.0,0.0,10.85,10.0,9.89,1.0,0.1,0.15,0.15,0.49,0.5,0.45
84779698483768,2025,Pettersson-Mancini,VAN,pairing,5on5,5,1258.0,30.0,0.57,0.46,0.52,9.95,1.01,0.69,2.76,0.31,4.8,3.43,0.99,0.99,0.97,10.0,3.0,3.0,16.0,0.0,1.0,0.0,2.0,0.0,7.0,3.0,10.0,13.0,2.0,7.0,4.0,11.0,5.0,11.0,9.0,3.0,1.0,0.31,0.4,0.3,0.0,0.0,0.0,15.41,13.0,12.41,4.0,0.15,0.3,0.3,0.85,0.82,0.81,8.94,0.76,0.63,2.11,0.3,4.56,3.64,0.75,0.82,0.8,9.0,3.0,7.0,19.0,0.0,1.0,0.0,1.0,0.0,6.0,4.0,9.0,12.0,1.0,5.0,5.0,11.0,6.0,8.0,8.0,4.0,0.0,0.25,0.52,0.0,0.0,0.0,0.0,19.92,12.0,12.84,4.0,0.13,0.16,0.16,0.73,0.78,0.76
847342284779878481624,2025,Donato-Foligno-Mikheyev,CHI,line,5on5,5,767.0,61.0,0.68,0.64,0.63,8.75,0.73,0.55,2.29,0.28,4.77,3.38,0.72,0.7,0.69,4.0,8.0,4.0,16.0,0.0,1.0,0.0,1.0,0.0,4.0,6.0,4.0,12.0,2.0,7.0,6.0,5.0,0.0,6.0,10.0,0.0,2.0,0.16,0.0,0.58,0.0,0.0,0.0,15.63,12.0,11.73,4.0,0.11,0.37,0.37,0.48,0.46,0.46,5.44,0.35,0.27,1.32,0.16,2.61,2.29,0.35,0.34,0.34,3.0,4.0,2.0,9.0,0.0,0.0,0.0,2.0,0.0,1.0,4.0,3.0,7.0,3.0,11.0,7.0,2.0,2.0,5.0,6.0,0.0,1.0,0.14,0.0,0.2,0.0,0.0,0.0,9.12,7.0,7.05,3.0,0.06,0.0,0.0,0.41,0.4,0.4
847629284817218482110,2025,Palat-Mercer-Gritsyuk,NJD,line,5on5,10,3325.0,53.0,0.6,0.71,0.67,40.84,3.62,2.78,10.88,1.45,21.76,15.52,3.49,3.61,3.48,37.0,19.0,26.0,82.0,3.0,7.0,0.0,4.0,1.0,29.0,12.0,34.0,53.0,1.0,2.0,22.0,20.0,4.0,9.0,43.0,9.0,4.0,1.21,1.22,1.19,0.0,3.0,0.0,81.71,56.0,55.75,3.0,0.58,1.29,1.29,2.92,2.92,2.85,21.01,2.39,1.37,5.22,0.65,10.59,7.78,2.34,2.34,2.3,19.0,9.0,6.0,34.0,1.0,3.0,1.0,9.0,0.0,5.0,10.0,18.0,27.0,1.0,2.0,33.0,25.0,4.0,19.0,20.0,4.0,4.0,0.64,0.39,1.36,0.0,0.0,1.0,33.99,28.0,27.88,14.0,0.29,1.12,1.12,1.55,1.6,1.6
847687184802898481043,2025,Pearson-Barron-Koepke,WPG,line,5on5,12,4018.0,62.0,0.35,0.36,0.37,27.98,2.33,1.99,6.66,0.94,15.17,10.9,2.31,2.27,2.25,26.0,12.0,10.0,48.0,4.0,1.0,0.0,7.0,0.0,18.0,8.0,22.0,34.0,7.0,14.0,38.0,68.0,4.0,21.0,28.0,8.0,2.0,0.95,0.95,0.43,1.0,3.0,0.0,45.87,38.0,36.89,10.0,0.42,0.2,0.2,2.55,2.48,2.46,47.45,4.27,2.97,13.04,1.51,24.57,17.64,4.08,4.37,4.17,44.0,20.0,22.0,86.0,2.0,6.0,0.0,13.0,0.0,28.0,15.0,42.0,62.0,3.0,6.0,33.0,33.0,4.0,26.0,48.0,11.0,5.0,1.47,1.39,1.42,1.0,1.0,0.0,87.28,64.0,64.65,10.0,0.62,1.44,1.44,3.45,3.54,3.49
847584284773808482460,2025,Brodzinski-Carrick-Rempe,NYR,line,5on5,4,752.0,23.0,0.35,0.35,0.33,2.15,0.33,0.15,0.55,0.09,1.16,0.72,0.32,0.36,0.35,1.0,2.0,3.0,6.0,1.0,1.0,1.0,0.0,0.0,0.0,1.0,0.0,2.0,0.0,0.0,3.0,9.0,0.0,2.0,2.0,0.0,1.0,0.06,0.0,0.27,0.0,0.0,1.0,6.03,3.0,3.1,2.0,0.03,0.27,0.27,0.1,0.1,0.1,4.56,0.61,0.37,0.99,0.14,2.24,1.65,0.61,0.59,0.59,3.0,3.0,5.0,11.0,0.0,0.0,0.0,0.0,0.0,2.0,4.0,3.0,6.0,0.0,0.0,3.0,3.0,0.0,4.0,3.0,2.0,1.0,0.08,0.22,0.3,0.0,0.0,0.0,10.65,6.0,5.85,4.0,0.08,0.0,0.0,0.69,0.66,0.66
847121484779478478440,2025,Milano-Strome-Ovechkin,WSH,line,5on5,6,763.0,70.0,0.75,0.66,0.6,8.62,0.95,0.57,2.7,0.36,4.34,3.09,0.93,0.98,0.96,8.0,4.0,7.0,19.0,0.0,1.0,0.0,3.0,0.0,4.0,4.0,8.0,12.0,0.0,0.0,7.0,4.0,0.0,8.0,8.0,4.0,0.0,0.39,0.56,0.0,0.0,0.0,0.0,19.34,12.0,12.02,3.0,0.12,0.13,0.13,0.94,0.97,0.95,5.9,0.31,0.37,1.57,0.21,3.25,2.29,0.3,0.29,0.29,5.0,3.0,2.0,10.0,0.0,1.0,0.0,3.0,0.0,2.0,2.0,5.0,8.0,0.0,0.0,6.0,6.0,1.0,4.0,6.0,2.0,0.0,0.13,0.18,0.0,0.0,0.0,0.0,9.46,8.0,7.64,3.0,0.08,0.03,0.03,0.35,0.34,0.34
84774988478013,2025,Nurse-Walman,EDM,pairing,5on5,16,12627.0,35.0,0.42,0.45,0.45,98.52,7.57,6.16,23.84,3.11,51.79,39.54,7.44,7.73,7.6,91.0,41.0,57.0,189.0,10.0,5.0,1.0,16.0,0.0,44.0,57.0,81.0,122.0,12.0,30.0,105.0,74.0,20.0,58.0,101.0,26.0,5.0,3.25,2.95,1.37,6.0,4.0,0.0,192.36,132.0,134.22,30.0,1.27,0.86,0.86,7.98,8.15,8.03,117.61,10.34,7.7,28.34,3.79,63.61,46.22,10.05,10.32,10.03,102.0,58.0,70.0,230.0,10.0,15.0,1.0,20.0,1.0,47.0,67.0,92.0,150.0,13.0,32.0,86.0,55.0,20.0,57.0,119.0,34.0,7.0,4.16,4.32,1.85,4.0,5.0,1.0,229.22,160.0,159.88,28.0,1.59,2.64,2.64,9.29,9.2,9.04
847842184793168481655,2025,Greer-Schwindt-Kunin,FLA,line,5on5,3,1279.0,12.0,0.2,0.27,0.29,6.6,0.27,0.33,1.93,0.24,3.65,2.58,0.27,0.27,0.27,6.0,3.0,3.0,12.0,0.0,0.0,0.0,0.0,0.0,5.0,4.0,6.0,9.0,2.0,4.0,10.0,19.0,0.0,9.0,9.0,0.0,0.0,0.27,0.0,0.0,0.0,0.0,0.0,12.24,9.0,9.16,6.0,0.07,0.0,0.0,0.34,0.34,0.33,15.98,1.05,0.96,4.01,0.55,8.3,7.13,1.01,1.09,1.05,16.0,6.0,10.0,32.0,2.0,1.0,0.0,4.0,0.0,10.0,5.0,14.0,20.0,4.0,8.0,15.0,13.0,2.0,5.0,17.0,4.0,1.0,0.32,0.49,0.24,0.0,2.0,0.0,31.56,22.0,21.86,3.0,0.2,0.18,0.18,1.08,1.11,1.07
84780388480069,2025,Toews-Makar,COL,pairing,5on5,40,33469.0,51.0,0.55,0.55,0.53,332.04,30.69,22.14,84.11,10.89,174.95,127.23,28.94,31.44,29.65,302.0,148.0,203.0,653.0,35.0,44.0,7.0,50.0,0.0,175.0,146.0,267.0,415.0,40.0,81.0,342.0,141.0,57.0,153.0,330.0,84.0,36.0,10.83,10.29,9.57,17.0,12.0,6.0,674.05,450.0,462.44,65.0,4.66,9.32,9.32,26.02,26.62,25.77,294.15,24.86,19.75,75.59,9.95,153.94,113.91,23.48,24.21,22.87,258.0,140.0,146.0,544.0,16.0,45.0,2.0,71.0,0.0,140.0,126.0,242.0,382.0,33.0,71.0,319.0,156.0,45.0,168.0,302.0,65.0,31.0,7.92,8.65,8.29,6.0,7.0,3.0,524.34,398.0,385.91,79.0,4.13,8.57,8.57,20.41,19.89,19.51
847531484784458482476,2025,Lee-Barzal-Heineman,NYI,line,5on5,6,1040.0,56.0,0.47,0.57,0.53,11.8,0.89,0.74,3.03,0.37,6.3,4.67,0.87,0.86,0.84,7.0,9.0,5.0,21.0,1.0,0.0,0.0,1.0,0.0,10.0,4.0,6.0,15.0,2.0,4.0,8.0,9.0,2.0,7.0,13.0,3.0,0.0,0.51,0.38,0.0,1.0,0.0,0.0,20.04,16.0,15.4,5.0,0.16,0.0,0.0,1.05,1.01,0.99,9.98,1.01,0.6,2.65,0.38,5.4,3.96,1.0,1.07,1.06,8.0,6.0,2.0,16.0,2.0,1.0,0.0,0.0,0.0,8.0,3.0,6.0,12.0,1.0,2.0,8.0,0.0,0.0,7.0,11.0,1.0,2.0,0.38,0.17,0.46,1.0,0.0,1.0,16.85,14.0,14.58,2.0,0.12,0.03,0.03,1.1,1.17,1.16
847687284789048484158,2025,Lorentz-Laughton-Cowan,TOR,line,5on5,6,1409.0,45.0,0.35,0.37,0.38,12.17,1.0,0.72,3.14,0.38,6.21,4.56,0.99,0.97,0.96,9.0,7.0,4.0,20.0,1.0,1.0,1.0,2.0,0.0,6.0,6.0,8.0,15.0,0.0,0.0,8.0,16.0,1.0,3.0,11.0,4.0,1.0,0.23,0.43,0.34,0.0,0.0,1.0,19.49,16.0,15.61,1.0,0.15,0.34,0.34,0.81,0.79,0.79,19.1,1.9,1.41,5.41,0.73,9.16,7.41,1.68,1.9,1.69,14.0,12.0,8.0,34.0,1.0,6.0,0.0,3.0,0.0,9.0,7.0,13.0,25.0,3.0,6.0,14.0,9.0,2.0,10.0,18.0,5.0,3.0,0.45,0.75,0.7,1.0,0.0,0.0,34.4,26.0,26.34,6.0,0.31,0.9,0.9,1.3,1.31,1.25
847638984785508482109,2025,Lafrenire-Trocheck-Panarin,NYR,line,5on5,19,6889.0,103.0,0.5,0.57,0.54,55.69,4.64,3.7,12.89,1.89,32.22,23.66,4.53,4.75,4.64,50.0,29.0,37.0,116.0,11.0,3.0,1.0,11.0,0.0,29.0,25.0,39.0,68.0,3.0,4.0,58.0,61.0,8.0,40.0,63.0,13.0,3.0,2.1,1.63,0.91,7.0,4.0,0.0,118.62,79.0,80.31,19.0,0.77,0.8,0.8,4.61,4.71,4.67,49.55,4.64,3.2,12.07,1.7,25.9,19.48,4.49,4.54,4.38,48.0,19.0,22.0,89.0,5.0,8.0,1.0,10.0,0.0,14.0,30.0,43.0,62.0,6.0,12.0,61.0,46.0,14.0,37.0,49.0,11.0,7.0,1.57,1.39,1.68,0.0,2.0,3.0,87.78,67.0,66.3,25.0,0.67,1.29,1.29,4.02,3.94,3.88
847519184759138479353,2025,Stone-Howden-Smith,VGK,line,5on5,4,1133.0,24.0,0.73,0.55,0.6,10.78,0.89,0.8,2.68,0.37,5.61,4.67,0.88,0.85,0.85,9.0,6.0,2.0,17.0,1.0,3.0,0.0,2.0,0.0,5.0,4.0,8.0,14.0,0.0,0.0,8.0,7.0,2.0,7.0,11.0,4.0,0.0,0.3,0.58,0.0,0.0,1.0,0.0,15.77,15.0,14.27,3.0,0.17,0.19,0.19,0.87,0.84,0.83,7.29,0.34,0.41,1.74,0.2,4.08,3.24,0.33,0.35,0.35,5.0,5.0,4.0,14.0,0.0,0.0,0.0,1.0,0.0,1.0,8.0,5.0,10.0,1.0,2.0,9.0,6.0,1.0,6.0,9.0,1.0,0.0,0.19,0.15,0.0,0.0,0.0,0.0,14.91,10.0,10.41,3.0,0.08,0.0,0.0,0.42,0.44,0.43
847523184812378484958,2025,Maclean-Cizikas-Tsyplakov,NYI,line,5on5,9,2732.0,50.0,0.76,0.61,0.7,25.36,2.43,1.82,6.48,0.9,13.33,10.03,2.39,2.42,2.38,18.0,17.0,15.0,50.0,0.0,4.0,0.0,3.0,0.0,18.0,10.0,18.0,35.0,9.0,24.0,15.0,36.0,3.0,13.0,26.0,6.0,3.0,0.82,0.88,0.72,0.0,0.0,0.0,50.21,35.0,34.72,8.0,0.38,0.54,0.54,2.26,2.28,2.25,11.31,0.78,0.67,3.19,0.36,5.68,4.31,0.77,0.79,0.78,9.0,6.0,17.0,32.0,3.0,1.0,0.0,3.0,0.0,3.0,5.0,6.0,12.0,6.0,18.0,20.0,33.0,3.0,11.0,12.0,2.0,1.0,0.3,0.21,0.27,1.0,2.0,0.0,32.35,15.0,15.27,6.0,0.14,0.27,0.27,0.65,0.65,0.64
847897584808938484166,2025,Marchment-Fantilli-Marchenko,CBJ,line,5on5,6,3695.0,10.0,0.61,0.52,0.53,38.26,3.41,2.56,9.03,1.27,21.15,15.57,3.25,3.41,3.25,35.0,18.0,14.0,67.0,4.0,4.0,1.0,6.0,0.0,19.0,20.0,31.0,49.0,5.0,10.0,32.0,17.0,7.0,28.0,41.0,9.0,3.0,1.44,1.11,0.85,1.0,3.0,0.0,69.26,53.0,54.98,11.0,0.53,0.58,0.58,3.36,3.37,3.23,35.39,2.22,2.18,8.86,1.16,18.46,14.12,2.19,2.18,2.15,33.0,14.0,14.0,61.0,2.0,2.0,0.0,9.0,0.0,16.0,18.0,31.0,45.0,4.0,11.0,31.0,19.0,6.0,21.0,39.0,8.0,0.0,1.2,1.03,0.0,2.0,0.0,0.0,57.79,47.0,44.86,11.0,0.45,0.07,0.07,2.61,2.56,2.52
847931884817118482720,2025,Maccelli-Matthews-Knies,TOR,line,5on5,4,1410.0,18.0,0.5,0.48,0.55,12.18,1.05,0.92,2.56,0.4,6.31,4.77,1.03,1.08,1.06,11.0,5.0,5.0,21.0,1.0,0.0,0.0,2.0,0.0,5.0,8.0,10.0,15.0,1.0,2.0,11.0,12.0,0.0,7.0,10.0,6.0,0.0,0.31,0.74,0.0,1.0,0.0,0.0,21.5,16.0,16.82,4.0,0.19,0.0,0.0,1.24,1.28,1.25,9.86,1.06,0.77,2.33,0.31,4.88,3.65,1.03,1.03,1.0,10.0,3.0,10.0,23.0,0.0,1.0,0.0,0.0,0.0,4.0,8.0,10.0,13.0,0.0,0.0,13.0,15.0,3.0,6.0,9.0,3.0,1.0,0.31,0.4,0.35,0.0,0.0,0.0,22.28,13.0,12.42,4.0,0.17,0.35,0.35,0.87,0.86,0.86
847843884827588485414,2025,Kindel-Novak-Koivunen,PIT,line,5on5,11,2662.0,98.0,0.63,0.61,0.59,28.75,2.53,1.93,6.95,1.02,16.12,12.45,2.48,2.66,2.6,25.0,16.0,11.0,52.0,2.0,4.0,1.0,5.0,0.0,13.0,17.0,23.0,39.0,6.0,12.0,15.0,9.0,4.0,10.0,30.0,8.0,3.0,0.79,0.94,0.8,1.0,0.0,1.0,53.53,41.0,42.09,3.0,0.4,0.6,0.95,1.98,2.04,2.01,21.19,1.51,1.33,5.37,0.68,10.91,8.2,1.42,1.5,1.41,18.0,10.0,5.0,33.0,2.0,3.0,0.0,5.0,0.0,9.0,9.0,16.0,26.0,1.0,2.0,17.0,28.0,2.0,17.0,21.0,6.0,1.0,0.42,0.86,0.23,0.0,2.0,0.0,32.03,28.0,27.23,12.0,0.28,0.54,0.54,1.25,1.24,1.23
847793484784028481617,2025,Mcdavid-Draisaitl-Podkolzin,EDM,line,5on5,11,1673.0,112.0,0.51,0.57,0.52,17.88,1.47,1.14,4.12,0.56,10.32,7.4,1.45,1.45,1.43,20.0,5.0,8.0,33.0,3.0,1.0,0.0,7.0,0.0,5.0,9.0,17.0,22.0,0.0,0.0,8.0,10.0,0.0,7.0,18.0,6.0,1.0,0.54,0.66,0.27,1.0,1.0,1.0,32.39,25.0,24.29,5.0,0.23,0.12,0.12,1.58,1.57,1.56,17.38,1.44,1.08,4.18,0.55,9.05,6.7,1.35,1.39,1.31,12.0,11.0,2.0,25.0,0.0,2.0,0.0,2.0,0.0,7.0,12.0,12.0,23.0,0.0,0.0,16.0,6.0,0.0,8.0,17.0,5.0,1.0,0.6,0.63,0.21,0.0,0.0,0.0,23.6,23.0,22.06,3.0,0.22,0.31,0.31,1.35,1.32,1.27
84815248484305,2025,Byram-Metsa,BUF,pairing,5on5,10,3175.0,57.0,0.53,0.43,0.45,20.62,1.44,1.42,5.47,0.78,12.03,8.87,1.44,1.48,1.48,17.0,13.0,8.0,38.0,5.0,1.0,0.0,3.0,0.0,12.0,9.0,12.0,25.0,2.0,4.0,16.0,12.0,4.0,18.0,23.0,6.0,1.0,0.52,0.67,0.26,2.0,3.0,0.0,39.32,30.0,30.93,12.0,0.29,0.12,0.12,1.61,1.66,1.66,25.95,1.27,1.51,6.76,0.9,14.64,10.92,1.21,1.22,1.17,19.0,17.0,15.0,51.0,1.0,3.0,1.0,5.0,0.0,13.0,14.0,18.0,35.0,4.0,8.0,27.0,26.0,3.0,16.0,33.0,2.0,1.0,0.82,0.24,0.21,0.0,1.0,0.0,49.52,36.0,35.11,8.0,0.31,0.35,0.35,1.23,1.19,1.17
84807968480873,2025,Fehervary-Sandin,WSH,pairing,5on5,19,2298.0,170.0,0.43,0.46,0.45,17.78,0.84,0.91,4.84,0.57,9.65,7.19,0.8,0.85,0.82,14.0,10.0,9.0,33.0,1.0,1.0,0.0,3.0,1.0,8.0,10.0,13.0,23.0,6.0,12.0,22.0,15.0,2.0,10.0,22.0,2.0,0.0,0.64,0.2,0.0,0.0,1.0,0.0,33.69,24.0,24.55,7.0,0.19,0.03,0.0,1.02,1.04,1.0,21.48,1.11,1.19,5.25,0.66,11.69,9.09,1.08,1.12,1.09,23.0,6.0,10.0,39.0,1.0,1.0,0.0,2.0,0.0,16.0,9.0,22.0,28.0,1.0,2.0,11.0,14.0,5.0,3.0,28.0,1.0,0.0,0.98,0.14,0.0,1.0,0.0,0.0,37.95,29.0,28.4,1.0,0.24,0.14,0.14,1.22,1.22,1.2
84779328478055,2025,Forsling-Ekblad,FLA,pairing,5on5,39,33086.0,61.0,0.5,0.52,0.51,294.3,25.06,19.07,75.56,9.87,156.81,114.63,24.29,25.05,24.27,265.0,136.0,155.0,556.0,29.0,27.0,4.0,70.0,1.0,149.0,125.0,236.0,372.0,45.0,94.0,291.0,257.0,43.0,127.0,297.0,85.0,19.0,8.96,10.45,5.66,7.0,17.0,5.0,553.73,401.0,399.84,51.0,3.98,4.77,4.98,24.06,23.94,23.48,284.67,24.82,19.18,70.75,9.44,148.41,112.39,23.8,25.02,23.99,260.0,125.0,133.0,518.0,35.0,36.0,6.0,56.0,1.0,127.0,130.0,225.0,350.0,34.0,78.0,271.0,165.0,48.0,157.0,284.0,72.0,29.0,8.09,8.98,7.76,19.0,10.0,6.0,521.5,385.0,386.46,79.0,3.99,7.34,7.34,21.47,21.78,21.4
84769238479371,2025,Fabbro-Severson,CBJ,pairing,5on5,26,1285.0,225.0,0.51,0.53,0.51,14.87,1.12,0.93,3.54,0.48,7.94,5.98,1.11,1.13,1.13,13.0,7.0,5.0,25.0,0.0,1.0,0.0,4.0,0.0,5.0,10.0,13.0,20.0,2.0,4.0,3.0,9.0,2.0,8.0,15.0,5.0,0.0,0.46,0.66,0.0,0.0,0.0,0.0,25.5,20.0,20.46,4.0,0.19,0.19,0.19,1.11,1.15,1.15,13.26,1.07,0.87,2.91,0.49,7.8,5.87,1.02,1.04,0.99,11.0,8.0,3.0,22.0,1.0,1.0,0.0,0.0,0.0,11.0,6.0,10.0,18.0,1.0,2.0,2.0,11.0,4.0,9.0,15.0,4.0,0.0,0.56,0.5,0.0,0.0,1.0,0.0,21.2,19.0,18.38,5.0,0.18,0.2,0.2,1.05,1.02,1.0
847571484784628478904,2025,Lorentz-Roy-Jarnkrok,TOR,line,5on5,7,787.0,84.0,0.5,0.3,0.33,3.96,0.57,0.28,0.93,0.11,1.9,1.22,0.56,0.58,0.57,3.0,2.0,3.0,8.0,2.0,0.0,0.0,0.0,0.0,3.0,0.0,1.0,3.0,0.0,0.0,9.0,11.0,0.0,3.0,3.0,1.0,1.0,0.07,0.18,0.32,0.0,1.0,1.0,7.72,5.0,4.84,2.0,0.06,0.0,0.0,0.62,0.64,0.63,6.95,0.57,0.45,1.61,0.24,4.18,2.95,0.56,0.59,0.58,6.0,4.0,9.0,19.0,1.0,0.0,0.0,1.0,0.0,5.0,3.0,5.0,9.0,1.0,2.0,6.0,11.0,0.0,4.0,8.0,2.0,0.0,0.22,0.35,0.0,0.0,1.0,0.0,20.5,10.0,10.73,1.0,0.09,0.0,0.0,0.66,0.69,0.68
847847484788318479977,2025,Crouse-Stenlund-Yamamoto,UTA,line,5on5,4,688.0,48.0,0.28,0.48,0.44,8.1,0.35,0.38,2.04,0.25,4.42,3.57,0.35,0.36,0.36,6.0,5.0,4.0,15.0,0.0,0.0,0.0,2.0,0.0,5.0,4.0,6.0,11.0,1.0,2.0,8.0,3.0,0.0,11.0,9.0,2.0,0.0,0.16,0.19,0.0,0.0,0.0,0.0,15.08,11.0,10.89,5.0,0.08,0.0,0.0,0.43,0.44,0.44,9.67,0.89,0.67,2.71,0.38,5.45,3.91,0.88,0.86,0.85,10.0,4.0,2.0,16.0,0.0,2.0,0.0,2.0,0.0,7.0,3.0,10.0,14.0,1.0,2.0,10.0,3.0,0.0,10.0,10.0,2.0,2.0,0.26,0.17,0.46,0.0,0.0,0.0,15.93,14.0,13.95,5.0,0.14,0.46,0.46,0.57,0.55,0.54
847575284802598481477,2025,Jones-Sturm-Pitlick,MIN,line,5on5,6,2132.0,21.0,0.57,0.41,0.44,18.88,1.82,1.26,4.05,0.55,10.93,7.38,1.8,1.77,1.75,15.0,11.0,9.0,35.0,1.0,2.0,0.0,2.0,0.0,11.0,10.0,14.0,25.0,1.0,2.0,13.0,31.0,0.0,8.0,21.0,3.0,2.0,0.56,0.38,0.88,1.0,0.0,0.0,36.13,26.0,26.65,6.0,0.26,0.7,0.7,1.39,1.39,1.38,23.0,1.39,1.4,7.35,0.83,12.75,9.29,1.28,1.38,1.27,19.0,14.0,18.0,51.0,1.0,1.0,0.0,8.0,0.0,10.0,13.0,18.0,32.0,0.0,0.0,23.0,14.0,1.0,7.0,30.0,2.0,1.0,0.81,0.25,0.33,1.0,0.0,0.0,49.88,33.0,32.31,2.0,0.29,0.33,0.33,1.36,1.35,1.26
847522084785088481477,2025,Foligno-Sturm-Trenin,MIN,line,5on5,6,2749.0,22.0,0.64,0.48,0.54,32.73,3.38,2.22,8.74,1.1,15.89,11.68,3.29,3.65,3.55,22.0,21.0,14.0,57.0,1.0,7.0,0.0,7.0,0.0,19.0,9.0,21.0,42.0,2.0,7.0,22.0,48.0,4.0,14.0,30.0,7.0,6.0,0.93,0.8,1.65,1.0,0.0,0.0,62.19,43.0,46.91,6.0,0.48,1.81,1.61,2.25,2.43,2.4,26.98,1.92,1.79,6.53,0.97,14.69,11.1,1.81,1.8,1.7,22.0,15.0,24.0,61.0,1.0,4.0,0.0,4.0,0.0,16.0,12.0,21.0,36.0,1.0,5.0,17.0,18.0,1.0,12.0,30.0,5.0,2.0,0.89,0.6,0.43,1.0,0.0,0.0,56.86,37.0,34.88,7.0,0.37,0.47,0.47,1.82,1.7,1.66
847795684784018479999,2025,Mittelstadt-Zacha-Pastrnak,BOS,line,5on5,15,1299.0,183.0,0.42,0.5,0.53,12.73,0.97,0.9,3.3,0.48,7.79,5.57,0.96,0.94,0.93,11.0,8.0,4.0,23.0,2.0,0.0,0.0,6.0,0.0,3.0,8.0,9.0,17.0,1.0,2.0,12.0,7.0,3.0,6.0,15.0,4.0,0.0,0.35,0.62,0.0,1.0,1.0,0.0,21.19,19.0,18.12,3.0,0.18,0.0,0.0,1.15,1.12,1.11,13.44,1.32,0.83,3.26,0.4,6.42,4.76,1.21,1.46,1.33,14.0,3.0,6.0,23.0,4.0,2.0,0.0,2.0,0.0,6.0,3.0,10.0,13.0,0.0,0.0,9.0,6.0,2.0,5.0,11.0,5.0,1.0,0.37,0.68,0.27,2.0,2.0,0.0,25.87,17.0,18.75,2.0,0.17,0.46,0.46,1.03,1.14,1.04
847627884793518484829,2025,Hryckowian-Steel-Blackwell,DAL,line,5on5,11,735.0,135.0,0.3,0.28,0.24,3.05,0.3,0.21,0.69,0.08,1.53,1.2,0.3,0.29,0.29,2.0,2.0,1.0,5.0,0.0,0.0,0.0,1.0,0.0,3.0,0.0,2.0,4.0,1.0,2.0,4.0,9.0,1.0,2.0,2.0,2.0,0.0,0.05,0.25,0.0,0.0,0.0,0.0,4.96,4.0,3.93,0.0,0.04,0.0,0.0,0.34,0.34,0.34,9.5,0.71,0.59,3.19,0.34,4.87,3.31,0.69,0.69,0.67,7.0,6.0,0.0,13.0,1.0,2.0,1.0,0.0,0.0,6.0,4.0,6.0,12.0,0.0,0.0,6.0,9.0,3.0,3.0,11.0,2.0,0.0,0.4,0.3,0.0,1.0,0.0,0.0,13.12,13.0,13.12,1.0,0.12,0.1,0.1,0.73,0.72,0.71
847688984774548480840,2025,Erne-Faksa-Bck,DAL,line,5on5,2,1042.0,8.0,0.42,0.44,0.44,6.41,0.64,0.52,1.27,0.17,3.09,2.31,0.64,0.72,0.71,5.0,3.0,3.0,11.0,1.0,0.0,0.0,1.0,0.0,3.0,3.0,4.0,7.0,0.0,0.0,8.0,13.0,1.0,8.0,5.0,2.0,1.0,0.21,0.23,0.2,0.0,1.0,0.0,12.69,8.0,8.95,5.0,0.11,0.0,0.0,0.75,0.84,0.84,7.71,0.88,0.52,2.07,0.26,3.67,2.59,0.83,0.79,0.74,7.0,3.0,4.0,14.0,0.0,1.0,0.0,3.0,0.0,3.0,3.0,7.0,10.0,1.0,2.0,12.0,4.0,0.0,1.0,6.0,3.0,1.0,0.19,0.4,0.3,0.0,0.0,0.0,12.68,10.0,9.2,0.0,0.11,0.3,0.3,0.7,0.63,0.62
84764578478407,2025,Dunn-Larsson,SEA,pairing,5on5,38,35587.0,50.0,0.42,0.44,0.44,251.09,19.78,16.24,66.38,8.43,134.93,98.23,19.02,19.89,19.13,232.0,112.0,144.0,488.0,17.0,24.0,3.0,57.0,0.0,111.0,135.0,215.0,327.0,31.0,62.0,316.0,198.0,52.0,177.0,270.0,57.0,17.0,8.01,6.94,4.83,7.0,6.0,4.0,488.03,344.0,344.09,80.0,3.4,4.89,4.89,18.3,18.35,18.02,313.01,26.79,21.03,80.92,10.86,170.01,123.4,25.51,26.98,25.7,259.0,174.0,190.0,623.0,22.0,40.0,1.0,62.0,1.0,159.0,149.0,237.0,411.0,25.0,50.0,312.0,189.0,40.0,173.0,330.0,71.0,32.0,9.33,8.73,8.73,13.0,5.0,4.0,625.14,433.0,434.15,65.0,4.37,7.63,7.63,23.53,23.71,23.16
848276884835138484241,2025,Schaefer-Svechkov-Wood,NSH,line,5on5,8,873.0,81.0,0.48,0.3,0.38,5.89,0.48,0.48,1.68,0.21,3.0,2.15,0.48,0.49,0.48,6.0,2.0,1.0,9.0,1.0,0.0,0.0,2.0,0.0,3.0,2.0,5.0,7.0,4.0,11.0,12.0,7.0,0.0,5.0,6.0,1.0,1.0,0.14,0.13,0.22,0.0,0.0,1.0,9.17,8.0,8.02,4.0,0.1,0.0,0.0,0.58,0.58,0.58,9.52,0.52,0.58,2.51,0.33,5.22,3.85,0.5,0.51,0.49,7.0,6.0,8.0,21.0,0.0,0.0,0.0,0.0,0.0,6.0,7.0,7.0,13.0,4.0,11.0,10.0,12.0,3.0,5.0,11.0,2.0,0.0,0.33,0.19,0.0,0.0,0.0,0.0,20.39,13.0,12.69,4.0,0.12,0.0,0.0,0.64,0.63,0.6
847516684822598484158,2025,Mcmann-Tavares-Cowan,TOR,line,5on5,7,1317.0,59.0,0.53,0.62,0.55,18.09,1.42,1.07,4.55,0.6,9.13,7.24,1.4,1.54,1.52,16.0,8.0,13.0,37.0,1.0,1.0,0.0,1.0,0.0,13.0,8.0,15.0,23.0,0.0,0.0,13.0,10.0,0.0,7.0,19.0,4.0,1.0,0.6,0.53,0.28,1.0,0.0,0.0,40.04,24.0,26.02,2.0,0.22,0.13,0.13,1.5,1.63,1.61,14.92,1.28,1.04,3.57,0.51,7.9,5.7,1.26,1.22,1.2,13.0,7.0,3.0,23.0,3.0,1.0,0.0,2.0,0.0,7.0,7.0,10.0,17.0,3.0,6.0,7.0,13.0,1.0,11.0,13.0,7.0,0.0,0.46,0.81,0.0,1.0,2.0,0.0,21.74,20.0,19.04,4.0,0.22,0.12,0.12,1.38,1.32,1.31
84774958484304,2025,Balinskis-Jones,FLA,pairing,5on5,19,1220.0,135.0,0.45,0.53,0.56,12.77,1.03,0.89,2.98,0.52,7.63,5.95,1.0,0.99,0.97,11.0,8.0,4.0,23.0,0.0,2.0,0.0,2.0,0.0,7.0,8.0,11.0,19.0,0.0,0.0,3.0,9.0,0.0,4.0,15.0,4.0,0.0,0.6,0.43,0.0,0.0,0.0,0.0,21.7,19.0,18.22,1.0,0.18,0.13,0.13,1.08,1.05,1.02,11.06,1.28,0.79,2.9,0.39,5.8,3.84,1.16,1.31,1.19,10.0,5.0,5.0,20.0,1.0,4.0,1.0,1.0,0.0,3.0,6.0,9.0,14.0,0.0,0.0,8.0,12.0,1.0,7.0,8.0,6.0,1.0,0.17,0.73,0.37,0.0,1.0,0.0,20.45,15.0,15.14,1.0,0.16,0.75,0.75,0.69,0.69,0.66
847629284810328482110,2025,Palat-Cotter-Mercer,NJD,line,5on5,2,658.0,20.0,0.69,0.5,0.56,6.72,0.52,0.4,1.79,0.2,3.5,2.6,0.49,0.47,0.45,6.0,3.0,0.0,9.0,0.0,1.0,0.0,1.0,0.0,4.0,3.0,6.0,9.0,0.0,0.0,3.0,10.0,2.0,7.0,7.0,1.0,1.0,0.22,0.08,0.21,0.0,0.0,0.0,7.9,9.0,8.03,4.0,0.09,0.21,0.21,0.39,0.35,0.35,5.04,0.23,0.26,1.17,0.15,2.82,2.36,0.23,0.26,0.26,6.0,1.0,2.0,9.0,1.0,0.0,0.0,0.0,0.0,2.0,4.0,5.0,6.0,1.0,2.0,8.0,2.0,0.0,1.0,6.0,1.0,0.0,0.14,0.09,0.0,1.0,0.0,0.0,10.5,7.0,7.97,0.0,0.05,0.0,0.0,0.29,0.32,0.32
847841384793598482623,2025,Greenway-Dunne-Malenstyn,BUF,line,5on5,9,3786.0,45.0,0.62,0.59,0.62,30.65,1.97,2.0,8.27,1.1,17.13,12.53,1.93,2.04,2.0,29.0,14.0,10.0,53.0,1.0,4.0,0.0,4.0,0.0,17.0,17.0,28.0,42.0,4.0,8.0,26.0,36.0,5.0,18.0,34.0,9.0,0.0,0.8,1.18,0.0,1.0,0.0,0.0,54.5,43.0,43.99,11.0,0.42,0.41,0.41,1.98,2.05,2.03,18.6,1.19,1.23,5.15,0.67,10.28,7.47,1.18,1.21,1.19,14.0,12.0,11.0,37.0,1.0,1.0,0.0,4.0,0.0,12.0,8.0,13.0,25.0,3.0,6.0,32.0,24.0,6.0,24.0,23.0,2.0,1.0,0.68,0.26,0.25,1.0,0.0,0.0,37.32,26.0,26.08,13.0,0.26,0.15,0.15,1.3,1.32,1.31
847690584800098484800,2025,Catton-Stephenson-Tolvanen,SEA,line,5on5,6,873.0,65.0,0.63,0.55,0.54,4.48,0.39,0.4,1.24,0.21,2.81,1.95,0.38,0.38,0.37,2.0,5.0,5.0,12.0,0.0,0.0,0.0,0.0,0.0,4.0,3.0,2.0,7.0,1.0,2.0,4.0,5.0,1.0,4.0,5.0,2.0,0.0,0.11,0.27,0.0,0.0,0.0,0.0,11.03,7.0,6.71,3.0,0.08,0.0,0.0,0.47,0.46,0.45,4.26,0.23,0.29,0.8,0.11,2.61,1.96,0.22,0.23,0.23,5.0,1.0,4.0,10.0,1.0,0.0,0.0,1.0,0.0,3.0,1.0,4.0,5.0,0.0,0.0,5.0,7.0,1.0,1.0,5.0,1.0,0.0,0.14,0.09,0.0,1.0,0.0,0.0,10.68,6.0,6.14,1.0,0.06,0.0,0.0,0.29,0.29,0.29
848165684820888484186,2025,Protas-Sourdif-Leonard,WSH,line,5on5,15,1452.0,192.0,0.46,0.55,0.53,11.69,0.87,0.7,2.82,0.39,7.08,5.15,0.86,0.86,0.86,12.0,5.0,6.0,23.0,2.0,0.0,0.0,2.0,0.0,8.0,5.0,10.0,15.0,2.0,4.0,10.0,10.0,3.0,8.0,13.0,4.0,0.0,0.36,0.51,0.0,0.0,2.0,0.0,23.22,17.0,17.02,4.0,0.14,0.0,0.0,1.01,1.01,1.0,10.53,1.03,0.75,2.38,0.37,6.0,4.48,1.02,1.03,1.03,11.0,4.0,4.0,19.0,0.0,1.0,0.0,4.0,0.0,2.0,8.0,11.0,15.0,2.0,4.0,9.0,17.0,2.0,7.0,11.0,3.0,1.0,0.39,0.42,0.22,0.0,0.0,0.0,19.4,15.0,15.28,4.0,0.16,0.01,0.01,1.17,1.18,1.18
847522084769948478508,2025,Foligno-Trenin-Hinostroza,MIN,line,5on5,2,926.0,7.0,0.39,0.41,0.37,4.95,0.27,0.32,1.31,0.16,2.87,2.08,0.26,0.28,0.27,3.0,4.0,4.0,11.0,0.0,1.0,0.0,0.0,0.0,5.0,1.0,3.0,7.0,1.0,2.0,4.0,13.0,2.0,8.0,6.0,1.0,0.0,0.17,0.09,0.0,0.0,0.0,0.0,12.07,7.0,7.53,5.0,0.06,0.09,0.09,0.24,0.24,0.24,8.58,0.41,0.5,2.23,0.27,4.95,3.63,0.41,0.41,0.4,8.0,4.0,4.0,16.0,0.0,2.0,0.0,1.0,0.0,5.0,4.0,8.0,12.0,1.0,4.0,9.0,5.0,1.0,3.0,11.0,1.0,0.0,0.28,0.13,0.0,0.0,0.0,0.0,15.03,12.0,11.35,2.0,0.1,0.17,0.03,0.48,0.48,0.47
84753248482095,2025,Kleven-Jensen,OTT,pairing,5on5,30,3261.0,200.0,0.3,0.47,0.41,20.23,1.35,1.34,5.07,0.7,11.03,8.51,1.34,1.32,1.31,14.0,14.0,16.0,44.0,1.0,3.0,0.0,2.0,0.0,12.0,10.0,13.0,27.0,1.0,5.0,11.0,28.0,7.0,11.0,21.0,7.0,0.0,0.5,0.85,0.0,0.0,1.0,0.0,43.17,28.0,27.75,5.0,0.28,0.15,0.15,1.48,1.44,1.42,29.75,3.09,1.92,7.2,0.96,15.24,11.59,2.89,3.16,2.94,29.0,11.0,9.0,49.0,6.0,3.0,0.0,5.0,0.0,11.0,15.0,23.0,34.0,3.0,9.0,21.0,23.0,3.0,14.0,25.0,12.0,3.0,0.81,1.37,0.91,1.0,4.0,1.0,49.03,40.0,40.31,5.0,0.41,0.75,0.75,2.74,2.8,2.63
84793698482511,2025,Lohrei-Peeke,BOS,pairing,5on5,30,8755.0,154.0,0.38,0.45,0.46,67.06,4.08,4.28,17.51,2.35,37.53,28.24,3.92,4.11,3.96,59.0,35.0,44.0,138.0,4.0,9.0,1.0,12.0,0.0,37.0,32.0,55.0,90.0,9.0,18.0,66.0,69.0,7.0,40.0,80.0,11.0,3.0,2.22,1.13,0.73,4.0,0.0,0.0,139.88,94.0,95.15,21.0,0.87,1.04,1.04,3.91,4.02,3.95,79.55,6.74,5.17,20.68,2.71,42.5,31.2,6.4,6.55,6.22,69.0,40.0,61.0,170.0,4.0,6.0,1.0,24.0,0.0,37.0,38.0,65.0,105.0,9.0,18.0,49.0,55.0,12.0,42.0,79.0,23.0,7.0,1.73,3.12,1.89,2.0,2.0,0.0,168.42,109.0,108.11,19.0,1.08,1.31,1.31,6.52,6.36,6.2
847750584807988484911,2025,Kurashev-Wennberg-Graf,SJS,line,5on5,8,1409.0,88.0,0.43,0.43,0.3,5.28,0.51,0.36,1.21,0.16,2.83,1.93,0.51,0.49,0.49,7.0,0.0,8.0,15.0,0.0,0.0,0.0,0.0,0.0,3.0,4.0,7.0,7.0,2.0,4.0,9.0,4.0,1.0,4.0,4.0,3.0,0.0,0.11,0.4,0.0,0.0,0.0,0.0,14.61,7.0,6.8,3.0,0.07,0.0,0.0,0.58,0.56,0.56,11.56,0.67,0.78,2.82,0.38,6.44,4.92,0.67,0.7,0.69,11.0,5.0,4.0,20.0,1.0,1.0,0.0,2.0,0.0,6.0,6.0,10.0,15.0,0.0,0.0,16.0,10.0,5.0,6.0,13.0,3.0,0.0,0.34,0.34,0.0,0.0,1.0,0.0,20.25,16.0,16.15,2.0,0.16,0.01,0.01,0.83,0.85,0.84
84752088476441,2025,Dumoulin-Edmundson,LAK,pairing,5on5,20,773.0,183.0,0.32,0.52,0.4,4.38,0.28,0.24,0.92,0.13,2.28,2.15,0.28,0.29,0.29,5.0,1.0,6.0,12.0,0.0,0.0,0.0,1.0,0.0,2.0,3.0,5.0,6.0,0.0,0.0,3.0,0.0,1.0,3.0,5.0,1.0,0.0,0.17,0.11,0.0,0.0,0.0,0.0,12.43,6.0,6.25,1.0,0.05,0.0,0.0,0.33,0.34,0.34,7.03,0.6,0.59,1.55,0.25,3.31,2.71,0.6,0.62,0.61,7.0,2.0,2.0,11.0,0.0,1.0,0.0,0.0,0.0,4.0,4.0,7.0,9.0,0.0,0.0,1.0,4.0,1.0,5.0,5.0,4.0,0.0,0.06,0.54,0.0,0.0,0.0,0.0,11.37,9.0,9.35,2.0,0.12,0.11,0.11,0.61,0.64,0.64
847701584810328482110,2025,Mercer-Cotter-Brown,NJD,line,5on5,9,1945.0,105.0,0.54,0.53,0.56,20.05,1.46,1.42,4.65,0.63,11.74,8.1,1.44,1.41,1.39,18.0,10.0,14.0,42.0,3.0,1.0,0.0,4.0,0.0,7.0,13.0,15.0,25.0,5.0,10.0,12.0,12.0,1.0,8.0,21.0,7.0,0.0,0.42,1.04,0.0,1.0,2.0,0.0,41.9,28.0,27.67,2.0,0.29,0.2,0.2,1.55,1.5,1.5,15.91,1.23,1.06,4.23,0.56,8.71,6.21,1.21,1.26,1.24,11.0,11.0,15.0,37.0,1.0,2.0,0.0,3.0,0.0,12.0,4.0,10.0,21.0,4.0,8.0,23.0,14.0,2.0,5.0,18.0,3.0,1.0,0.59,0.41,0.23,0.0,1.0,0.0,36.91,22.0,22.07,2.0,0.22,0.3,0.3,1.16,1.19,1.17
84799828480839,2025,Dahlin-Timmins,BUF,pairing,5on5,21,1952.0,188.0,0.39,0.35,0.37,8.75,0.91,0.59,1.89,0.25,4.32,3.04,0.91,0.92,0.92,7.0,4.0,6.0,17.0,1.0,0.0,0.0,0.0,0.0,3.0,7.0,6.0,10.0,2.0,6.0,3.0,8.0,4.0,13.0,6.0,4.0,1.0,0.18,0.51,0.22,0.0,0.0,1.0,17.44,11.0,11.38,10.0,0.13,0.0,0.0,1.03,1.04,1.04,14.19,1.44,1.04,2.99,0.38,7.33,5.82,1.39,1.41,1.35,13.0,6.0,12.0,31.0,1.0,1.0,0.0,3.0,0.0,5.0,9.0,12.0,18.0,2.0,4.0,6.0,9.0,2.0,7.0,12.0,5.0,2.0,0.33,0.6,0.51,0.0,1.0,0.0,30.19,19.0,18.85,2.0,0.22,0.29,0.29,1.37,1.34,1.32
84745748483678,2025,Pettersson-Myers,VAN,pairing,5on5,35,10913.0,161.0,0.46,0.48,0.48,94.0,7.54,6.11,25.17,3.14,50.15,35.88,7.08,7.35,6.91,75.0,53.0,51.0,179.0,5.0,13.0,0.0,19.0,0.0,44.0,47.0,70.0,123.0,9.0,18.0,70.0,92.0,19.0,59.0,100.0,19.0,9.0,2.62,2.57,2.36,2.0,1.0,2.0,176.21,128.0,126.71,38.0,1.29,2.19,2.19,6.63,6.52,6.34,100.59,8.89,6.79,24.54,3.37,53.03,39.38,8.68,8.96,8.74,93.0,43.0,56.0,192.0,10.0,8.0,0.0,23.0,0.0,48.0,47.0,83.0,126.0,8.0,16.0,72.0,67.0,19.0,44.0,103.0,25.0,8.0,3.55,3.25,2.08,5.0,5.0,0.0,193.9,136.0,138.0,19.0,1.41,1.16,1.16,9.15,9.22,9.0
847686784824758483432,2025,Gaunce-Del Bel Belluz-Chinakhov,CBJ,line,5on5,4,1705.0,16.0,0.49,0.51,0.58,21.4,1.46,1.3,5.6,0.73,11.19,8.71,1.42,1.47,1.44,19.0,10.0,7.0,36.0,1.0,2.0,0.0,2.0,0.0,16.0,8.0,18.0,28.0,5.0,10.0,10.0,11.0,1.0,5.0,24.0,4.0,1.0,0.69,0.56,0.21,1.0,0.0,0.0,36.45,29.0,29.23,3.0,0.27,0.33,0.33,1.39,1.41,1.4,15.75,1.55,0.97,3.91,0.47,8.22,5.88,1.5,1.5,1.46,12.0,9.0,13.0,34.0,1.0,1.0,0.0,3.0,0.0,7.0,9.0,11.0,20.0,1.0,4.0,10.0,12.0,4.0,6.0,14.0,5.0,2.0,0.45,0.6,0.5,0.0,1.0,0.0,33.3,21.0,20.39,5.0,0.2,0.19,0.19,1.56,1.52,1.48
84800698484258,2025,Makar-Malinski,COL,pairing,5on5,33,2031.0,290.0,0.69,0.48,0.56,23.23,1.98,1.51,5.73,0.78,12.78,10.22,1.92,2.01,1.96,21.0,12.0,6.0,39.0,3.0,3.0,0.0,5.0,0.0,10.0,12.0,18.0,30.0,2.0,4.0,4.0,11.0,2.0,12.0,26.0,4.0,3.0,0.78,0.47,0.72,3.0,0.0,0.0,40.33,33.0,33.92,4.0,0.31,0.35,0.35,1.94,2.0,1.98,18.77,0.91,1.1,4.77,0.62,10.54,8.06,0.91,0.89,0.89,13.0,13.0,16.0,42.0,0.0,0.0,0.0,1.0,0.0,13.0,12.0,13.0,26.0,6.0,12.0,6.0,11.0,2.0,11.0,25.0,1.0,0.0,0.82,0.09,0.0,0.0,0.0,0.0,40.95,26.0,25.33,5.0,0.23,0.0,0.0,1.14,1.11,1.11
847740484780108483752,2025,Guentzel-James-Point,TBL,line,5on5,3,610.0,21.0,0.57,0.57,0.67,4.52,0.28,0.27,1.28,0.13,2.29,1.75,0.26,0.26,0.24,2.0,4.0,2.0,8.0,0.0,0.0,0.0,0.0,0.0,2.0,4.0,2.0,6.0,0.0,0.0,4.0,4.0,0.0,0.0,5.0,1.0,0.0,0.18,0.1,0.0,0.0,0.0,0.0,7.68,6.0,5.55,0.0,0.06,0.0,0.0,0.34,0.32,0.29,2.32,0.22,0.16,0.4,0.06,1.19,0.97,0.22,0.21,0.21,3.0,0.0,3.0,6.0,0.0,0.0,0.0,0.0,0.0,1.0,2.0,3.0,3.0,0.0,0.0,5.0,5.0,1.0,0.0,2.0,1.0,0.0,0.09,0.13,0.0,0.0,0.0,0.0,5.76,3.0,2.87,0.0,0.03,0.0,0.0,0.25,0.24,0.24
847572684842278484801,2025,Smith-Celebrini-Toffoli,SJS,line,5on5,19,11807.0,44.0,0.44,0.45,0.42,73.54,6.11,4.88,18.38,2.7,39.85,29.08,6.02,6.09,6.0,78.0,23.0,57.0,158.0,15.0,5.0,1.0,11.0,0.0,33.0,37.0,63.0,86.0,15.0,30.0,108.0,44.0,14.0,62.0,75.0,21.0,5.0,2.37,2.49,1.25,10.0,4.0,1.0,158.61,101.0,101.79,29.0,1.02,0.69,0.69,6.44,6.43,6.35,100.66,7.74,6.85,23.93,3.28,57.57,40.64,7.56,7.63,7.46,85.0,55.0,55.0,195.0,4.0,9.0,1.0,20.0,0.0,56.0,51.0,81.0,136.0,14.0,30.0,128.0,61.0,17.0,50.0,105.0,28.0,7.0,2.76,3.14,1.84,3.0,0.0,1.0,192.39,140.0,138.78,23.0,1.42,1.86,1.86,7.3,7.2,7.11
84788518482964,2025,Xhekaj-Carrier,MTL,pairing,5on5,34,14072.0,147.0,0.49,0.48,0.49,101.9,8.46,6.62,26.21,3.66,58.04,42.02,8.22,8.32,8.09,92.0,53.0,63.0,208.0,7.0,10.0,0.0,26.0,1.0,57.0,44.0,85.0,138.0,32.0,79.0,92.0,160.0,17.0,58.0,113.0,25.0,7.0,3.26,3.01,2.19,2.0,4.0,1.0,203.57,145.0,143.01,22.0,1.36,1.85,1.85,7.97,7.92,7.8,109.39,8.93,6.79,28.18,3.82,58.49,43.81,8.35,9.12,8.52,97.0,53.0,74.0,224.0,12.0,15.0,0.0,17.0,0.0,56.0,50.0,85.0,138.0,20.0,55.0,115.0,144.0,21.0,68.0,117.0,23.0,10.0,3.2,2.85,2.87,4.0,6.0,2.0,225.65,150.0,151.33,33.0,1.4,2.58,2.74,7.59,7.71,7.34
84769028481581,2025,Harley-Lindell,DAL,pairing,5on5,28,2812.0,217.0,0.53,0.47,0.45,17.64,1.57,1.17,3.72,0.54,9.54,7.46,1.56,1.58,1.58,19.0,5.0,9.0,33.0,1.0,1.0,0.0,2.0,0.0,10.0,10.0,18.0,23.0,1.0,2.0,7.0,9.0,4.0,13.0,16.0,8.0,0.0,0.67,0.9,0.0,0.0,1.0,0.0,32.89,24.0,24.25,6.0,0.24,0.13,0.13,1.68,1.7,1.7,20.71,1.39,1.22,4.85,0.72,11.54,9.27,1.39,1.39,1.38,17.0,12.0,8.0,37.0,1.0,1.0,0.0,2.0,0.0,14.0,11.0,16.0,28.0,0.0,0.0,4.0,21.0,4.0,19.0,25.0,4.0,0.0,0.88,0.52,0.0,1.0,0.0,0.0,37.13,29.0,28.96,6.0,0.25,0.03,0.03,1.61,1.6,1.59
847168584779428477960,2025,Fiala-Kopitar-Kempe,LAK,line,5on5,26,2735.0,214.0,0.44,0.43,0.45,15.51,1.1,0.93,3.97,0.49,8.26,6.26,1.09,1.08,1.08,10.0,11.0,7.0,28.0,3.0,0.0,0.0,3.0,0.0,5.0,10.0,7.0,18.0,4.0,8.0,20.0,8.0,3.0,6.0,16.0,4.0,1.0,0.42,0.45,0.23,0.0,2.0,1.0,27.74,21.0,20.64,1.0,0.19,0.0,0.0,1.29,1.27,1.27,19.01,1.4,1.27,4.77,0.63,10.23,7.7,1.39,1.4,1.4,17.0,9.0,11.0,37.0,1.0,1.0,0.0,5.0,0.0,12.0,7.0,16.0,25.0,0.0,0.0,13.0,13.0,2.0,5.0,18.0,8.0,0.0,0.54,0.87,0.0,0.0,1.0,0.0,36.75,26.0,26.09,4.0,0.26,0.08,0.08,1.58,1.6,1.59
84751718477541,2025,Ekman-Larsson-Mermis,TOR,pairing,5on5,8,1250.0,66.0,0.28,0.51,0.58,11.63,0.38,0.55,3.3,0.36,5.33,5.09,0.35,0.38,0.35,10.0,5.0,4.0,19.0,0.0,0.0,0.0,2.0,0.0,7.0,6.0,10.0,15.0,0.0,0.0,15.0,7.0,1.0,7.0,13.0,2.0,0.0,0.21,0.17,0.0,0.0,0.0,0.0,19.2,15.0,15.24,3.0,0.11,0.0,0.0,0.49,0.49,0.46,7.98,0.97,0.55,2.2,0.29,4.04,2.95,0.81,0.96,0.8,8.0,3.0,7.0,18.0,0.0,2.0,0.0,0.0,0.0,4.0,5.0,8.0,11.0,1.0,2.0,3.0,9.0,4.0,7.0,8.0,1.0,2.0,0.25,0.1,0.61,0.0,0.0,0.0,17.35,11.0,10.49,3.0,0.11,0.61,0.61,0.47,0.46,0.43
847885684801448481535,2025,Hoglander-Kampf-Garland,VAN,line,5on5,2,1057.0,5.0,0.19,0.22,0.27,1.72,0.07,0.13,0.49,0.09,1.23,0.99,0.07,0.07,0.07,2.0,1.0,1.0,4.0,0.0,0.0,0.0,0.0,0.0,0.0,3.0,2.0,3.0,0.0,0.0,16.0,7.0,2.0,5.0,3.0,0.0,0.0,0.07,0.0,0.0,0.0,0.0,0.0,4.39,3.0,3.23,3.0,0.03,0.0,0.0,0.1,0.1,0.1,5.29,0.29,0.33,1.27,0.18,3.74,2.2,0.29,0.26,0.26,4.0,4.0,6.0,14.0,0.0,0.0,0.0,0.0,0.0,4.0,4.0,4.0,8.0,2.0,4.0,11.0,10.0,3.0,5.0,8.0,0.0,0.0,0.29,0.0,0.0,0.0,0.0,0.0,12.7,8.0,7.33,3.0,0.06,0.0,0.0,0.35,0.32,0.32
847639384770738483676,2025,Macdermid-Halliday-Cousins,OTT,line,5on5,5,773.0,23.0,0.34,0.38,0.28,3.7,0.21,0.26,1.07,0.11,1.94,1.42,0.21,0.22,0.22,2.0,3.0,4.0,9.0,0.0,0.0,0.0,0.0,0.0,0.0,5.0,2.0,5.0,5.0,16.0,7.0,14.0,0.0,4.0,5.0,0.0,0.0,0.21,0.0,0.0,0.0,0.0,0.0,9.71,5.0,5.35,2.0,0.05,0.0,0.0,0.26,0.28,0.28,9.32,0.41,0.58,2.19,0.29,5.54,3.99,0.41,0.41,0.41,6.0,7.0,2.0,15.0,1.0,0.0,0.0,1.0,0.0,6.0,5.0,5.0,12.0,2.0,10.0,8.0,11.0,1.0,2.0,13.0,0.0,0.0,0.41,0.0,0.0,1.0,0.0,0.0,14.83,13.0,12.92,1.0,0.12,0.0,0.0,0.53,0.53,0.52
847931684793938483433,2025,Kunin-Gregor-Devine,FLA,line,5on5,6,2253.0,24.0,0.48,0.53,0.53,20.47,1.15,1.35,5.73,0.73,11.14,7.9,1.13,1.09,1.07,17.0,11.0,12.0,40.0,0.0,3.0,0.0,5.0,0.0,13.0,7.0,17.0,28.0,1.0,2.0,17.0,25.0,1.0,6.0,25.0,2.0,1.0,0.71,0.2,0.24,0.0,0.0,0.0,37.95,28.0,26.97,1.0,0.28,0.34,0.34,1.09,1.05,1.03,18.15,1.26,1.2,4.61,0.58,10.27,7.08,1.23,1.27,1.24,17.0,8.0,11.0,36.0,2.0,2.0,1.0,4.0,0.0,12.0,5.0,15.0,23.0,1.0,2.0,18.0,27.0,1.0,8.0,21.0,2.0,2.0,0.52,0.25,0.49,1.0,0.0,1.0,37.17,25.0,25.5,3.0,0.24,0.49,0.49,1.01,1.02,1.01
84768928481006,2025,Tucker-Parayko,STL,pairing,5on5,20,1342.0,169.0,0.82,0.54,0.59,13.73,2.28,1.03,3.63,0.51,5.6,3.96,2.02,2.23,1.98,10.0,7.0,5.0,22.0,2.0,4.0,2.0,2.0,0.0,6.0,3.0,8.0,15.0,2.0,4.0,9.0,15.0,3.0,4.0,6.0,7.0,4.0,0.15,0.89,1.24,0.0,1.0,1.0,22.37,17.0,17.4,0.0,0.23,1.07,1.07,1.43,1.42,1.39,8.79,0.5,0.59,2.26,0.3,4.93,3.42,0.49,0.51,0.5,6.0,6.0,7.0,19.0,2.0,1.0,0.0,1.0,0.0,5.0,3.0,4.0,10.0,4.0,8.0,9.0,11.0,1.0,10.0,11.0,1.0,0.0,0.33,0.17,0.0,2.0,0.0,0.0,19.67,12.0,12.53,3.0,0.12,0.06,0.06,0.56,0.58,0.57
847843884815918485414,2025,Novak-Kindel-Poulin,PIT,line,5on5,2,1186.0,4.0,0.49,0.57,0.65,11.94,0.72,0.8,2.84,0.38,7.32,4.94,0.71,0.66,0.65,10.0,7.0,7.0,24.0,0.0,0.0,0.0,4.0,0.0,6.0,7.0,10.0,17.0,0.0,0.0,11.0,4.0,2.0,10.0,15.0,2.0,0.0,0.51,0.21,0.0,0.0,0.0,0.0,21.33,17.0,15.42,5.0,0.16,0.0,0.0,0.88,0.81,0.8,6.74,0.74,0.43,1.77,0.23,3.3,2.53,0.74,0.8,0.8,6.0,3.0,9.0,18.0,2.0,0.0,0.0,3.0,0.0,2.0,2.0,4.0,7.0,1.0,2.0,6.0,12.0,2.0,10.0,7.0,1.0,1.0,0.28,0.19,0.26,2.0,0.0,0.0,20.09,9.0,9.67,4.0,0.09,0.0,0.0,0.83,0.9,0.9
847638984773808478550,2025,Panarin-Trocheck-Brodzinski,NYR,line,5on5,9,1121.0,105.0,0.3,0.56,0.52,9.24,0.61,0.67,1.98,0.27,5.79,3.68,0.6,0.59,0.58,8.0,5.0,7.0,20.0,1.0,0.0,0.0,3.0,0.0,5.0,4.0,7.0,12.0,0.0,0.0,9.0,10.0,2.0,4.0,10.0,3.0,0.0,0.24,0.37,0.0,1.0,0.0,0.0,19.63,13.0,12.84,1.0,0.14,0.0,0.0,0.74,0.71,0.71,9.5,1.42,0.57,2.42,0.3,3.99,3.3,1.3,1.42,1.3,9.0,3.0,4.0,16.0,0.0,3.0,0.0,2.0,0.0,4.0,3.0,9.0,12.0,1.0,2.0,6.0,6.0,2.0,4.0,8.0,1.0,3.0,0.24,0.17,1.01,0.0,0.0,0.0,15.92,12.0,12.02,0.0,0.12,1.01,1.01,0.53,0.56,0.54
847752784784248480068,2025,Johnston-Poehling-Harkins,ANA,line,5on5,4,856.0,27.0,0.51,0.63,0.71,6.76,0.57,0.48,1.79,0.28,4.11,2.78,0.56,0.52,0.51,6.0,4.0,2.0,12.0,1.0,1.0,0.0,1.0,0.0,4.0,3.0,5.0,9.0,0.0,0.0,7.0,6.0,0.0,6.0,7.0,3.0,0.0,0.12,0.45,0.0,0.0,1.0,0.0,10.64,10.0,9.02,2.0,0.1,0.18,0.18,0.49,0.45,0.45,3.18,0.54,0.19,0.72,0.1,1.38,1.08,0.53,0.59,0.58,3.0,1.0,3.0,7.0,1.0,1.0,0.0,0.0,0.0,0.0,2.0,2.0,3.0,1.0,2.0,4.0,2.0,0.0,4.0,2.0,1.0,1.0,0.04,0.14,0.36,0.0,1.0,0.0,7.86,4.0,4.45,2.0,0.04,0.36,0.36,0.21,0.24,0.24
84788408480001,2025,Vaakanainen-Borgen,NYR,pairing,5on5,11,802.0,88.0,0.44,0.56,0.57,8.18,0.43,0.52,1.98,0.27,5.01,3.78,0.43,0.47,0.47,5.0,7.0,7.0,19.0,0.0,0.0,0.0,1.0,0.0,4.0,7.0,5.0,12.0,0.0,0.0,4.0,6.0,2.0,3.0,10.0,2.0,0.0,0.26,0.17,0.0,0.0,0.0,0.0,20.1,12.0,12.5,2.0,0.1,0.0,0.0,0.54,0.58,0.58,6.56,0.56,0.42,1.61,0.22,3.59,2.6,0.54,0.52,0.51,6.0,3.0,6.0,15.0,0.0,0.0,0.0,1.0,0.0,4.0,4.0,6.0,9.0,2.0,4.0,3.0,2.0,2.0,5.0,5.0,4.0,0.0,0.11,0.44,0.0,0.0,0.0,0.0,14.67,9.0,8.57,3.0,0.08,0.0,0.0,0.64,0.6,0.58
848274584834458484762,2025,Gauthier-Mctavish-Sennecke,ANA,line,5on5,39,18328.0,138.0,0.59,0.56,0.55,213.89,19.94,14.9,53.76,7.27,110.31,80.82,18.72,19.73,18.54,181.0,106.0,116.0,403.0,15.0,32.0,3.0,40.0,0.0,110.0,90.0,166.0,272.0,31.0,65.0,146.0,93.0,26.0,89.0,211.0,54.0,22.0,6.66,7.19,6.09,8.0,3.0,4.0,402.41,287.0,285.91,35.0,3.12,5.9,5.9,17.17,17.06,16.64,173.61,13.68,11.34,44.51,5.85,94.3,68.32,12.97,13.79,13.07,157.0,81.0,80.0,318.0,11.0,17.0,1.0,42.0,2.0,78.0,88.0,146.0,227.0,22.0,47.0,169.0,121.0,26.0,100.0,176.0,54.0,8.0,5.55,6.02,2.12,6.0,5.0,0.0,321.84,238.0,240.04,55.0,2.36,2.27,2.27,13.78,13.95,13.58
847576084775738478472,2025,Walker-Bjugstad-Joseph,STL,line,5on5,8,1617.0,72.0,0.27,0.4,0.36,7.38,0.45,0.47,1.6,0.23,4.18,3.07,0.45,0.48,0.48,7.0,3.0,7.0,17.0,1.0,0.0,0.0,1.0,0.0,2.0,6.0,6.0,9.0,3.0,6.0,14.0,18.0,2.0,6.0,9.0,0.0,1.0,0.22,0.0,0.23,1.0,0.0,0.0,17.52,10.0,10.35,2.0,0.1,0.0,0.0,0.55,0.58,0.58,13.42,1.21,0.99,3.48,0.43,7.01,4.88,1.14,1.19,1.12,13.0,5.0,8.0,26.0,0.0,2.0,0.0,4.0,0.0,9.0,3.0,13.0,18.0,1.0,2.0,13.0,11.0,3.0,7.0,12.0,4.0,2.0,0.22,0.53,0.47,0.0,0.0,0.0,25.58,18.0,18.03,1.0,0.21,0.27,0.27,1.15,1.16,1.14
84809508483425,2025,Bichsel-Lyubushkin,DAL,pairing,5on5,17,2604.0,131.0,0.32,0.36,0.39,17.59,1.34,1.1,4.68,0.58,9.54,6.76,1.33,1.4,1.39,13.0,11.0,6.0,30.0,1.0,2.0,0.0,1.0,0.0,10.0,10.0,12.0,23.0,5.0,12.0,21.0,23.0,2.0,23.0,17.0,6.0,1.0,0.43,0.6,0.3,0.0,0.0,1.0,30.95,24.0,24.88,14.0,0.23,0.16,0.16,1.41,1.46,1.45,28.64,2.84,1.81,8.06,0.98,14.33,9.97,2.6,2.79,2.56,25.0,13.0,16.0,54.0,0.0,6.0,0.0,3.0,0.0,15.0,14.0,25.0,38.0,4.0,8.0,10.0,25.0,4.0,8.0,27.0,6.0,5.0,0.75,0.68,1.42,0.0,0.0,0.0,52.98,38.0,37.78,5.0,0.38,1.16,1.16,2.06,2.01,1.88
847798784816248482703,2025,Donato-Dach-Mikheyev,CHI,line,5on5,13,2366.0,87.0,0.36,0.43,0.42,13.27,0.92,0.78,3.18,0.43,7.65,6.04,0.91,0.92,0.92,13.0,6.0,4.0,23.0,1.0,0.0,0.0,0.0,0.0,9.0,9.0,12.0,18.0,2.0,4.0,12.0,23.0,5.0,15.0,14.0,4.0,1.0,0.25,0.46,0.21,1.0,0.0,0.0,23.18,19.0,19.12,10.0,0.16,0.0,0.0,1.08,1.08,1.08,19.84,1.61,1.17,4.94,0.61,10.15,7.51,1.51,1.6,1.5,18.0,8.0,5.0,31.0,3.0,3.0,2.0,4.0,0.0,7.0,9.0,15.0,23.0,1.0,2.0,26.0,35.0,3.0,5.0,21.0,2.0,3.0,0.47,0.19,0.96,1.0,0.0,2.0,31.01,26.0,25.75,3.0,0.24,0.96,0.96,0.9,0.88,0.84
847738084821328483690,2025,Berard-Laba-Brodzinski,NYR,line,5on5,5,1998.0,20.0,0.38,0.46,0.49,17.47,1.47,1.22,4.7,0.62,8.84,6.15,1.45,1.57,1.55,10.0,13.0,9.0,32.0,0.0,0.0,0.0,5.0,0.0,13.0,5.0,10.0,23.0,1.0,2.0,15.0,20.0,3.0,8.0,17.0,5.0,1.0,0.49,0.73,0.25,0.0,0.0,0.0,33.82,23.0,24.38,4.0,0.26,0.0,0.0,1.73,1.85,1.82,18.73,2.35,1.27,5.33,0.8,8.02,6.24,2.07,2.31,2.02,13.0,11.0,14.0,38.0,0.0,7.0,0.0,1.0,0.0,9.0,7.0,13.0,24.0,0.0,0.0,13.0,17.0,0.0,13.0,15.0,4.0,5.0,0.42,0.5,1.44,0.0,0.0,0.0,37.36,24.0,23.47,8.0,0.27,1.61,1.61,1.01,0.98,0.94
847740684845298485493,2025,Clattenburg-Tomasek-Janmark,EDM,line,5on5,2,704.0,5.0,0.9,0.69,0.7,5.3,0.51,0.32,1.36,0.17,2.51,2.14,0.5,0.46,0.46,4.0,3.0,4.0,11.0,1.0,1.0,1.0,0.0,0.0,0.0,5.0,3.0,6.0,2.0,4.0,3.0,9.0,2.0,1.0,5.0,1.0,1.0,0.11,0.17,0.22,0.0,0.0,1.0,10.56,7.0,6.69,0.0,0.07,0.22,0.22,0.35,0.33,0.33,2.11,0.06,0.12,0.53,0.06,1.28,0.95,0.06,0.06,0.06,2.0,1.0,2.0,5.0,0.0,0.0,0.0,1.0,0.0,1.0,1.0,2.0,3.0,0.0,0.0,5.0,9.0,1.0,1.0,3.0,0.0,0.0,0.06,0.0,0.0,0.0,0.0,0.0,5.26,3.0,2.96,1.0,0.02,0.0,0.0,0.08,0.08,0.08
84768748478507,2025,Mtt-Marino,UTA,pairing,5on5,17,1544.0,154.0,0.24,0.4,0.45,8.72,0.36,0.5,2.3,0.32,5.37,4.13,0.36,0.37,0.37,5.0,8.0,1.0,14.0,0.0,0.0,0.0,0.0,0.0,4.0,9.0,5.0,13.0,2.0,4.0,4.0,19.0,0.0,7.0,12.0,1.0,0.0,0.27,0.09,0.0,0.0,0.0,0.0,14.37,13.0,13.31,4.0,0.1,0.0,0.0,0.47,0.47,0.47,11.48,1.15,0.85,2.84,0.42,6.32,4.42,1.09,1.16,1.1,11.0,5.0,5.0,21.0,0.0,2.0,0.0,2.0,0.0,4.0,8.0,11.0,16.0,2.0,4.0,8.0,12.0,4.0,2.0,12.0,2.0,2.0,0.46,0.22,0.47,0.0,0.0,0.0,20.49,16.0,15.55,1.0,0.18,0.47,0.47,0.85,0.84,0.83
847906684820748483609,2025,Lomberg-Zary-Klapka,CGY,line,5on5,9,2905.0,38.0,0.53,0.6,0.59,27.68,1.9,1.74,7.26,0.97,15.61,11.53,1.89,1.86,1.86,27.0,12.0,19.0,58.0,0.0,0.0,0.0,12.0,0.0,17.0,10.0,27.0,39.0,3.0,6.0,18.0,47.0,7.0,13.0,32.0,6.0,1.0,0.83,0.79,0.27,0.0,0.0,0.0,56.41,39.0,38.46,8.0,0.36,0.0,0.0,2.26,2.21,2.2,19.89,1.68,1.4,4.88,0.62,10.68,7.75,1.63,1.7,1.65,11.0,16.0,12.0,39.0,0.0,2.0,0.0,1.0,0.0,11.0,13.0,11.0,27.0,1.0,2.0,19.0,28.0,4.0,14.0,21.0,4.0,2.0,0.71,0.52,0.45,0.0,0.0,0.0,40.52,27.0,27.52,8.0,0.29,0.45,0.45,1.52,1.52,1.51
847953384809808481481,2025,Koppanen-Lizotte-Dewar,PIT,line,5on5,4,1898.0,12.0,0.35,0.58,0.55,18.74,1.31,1.19,4.72,0.61,10.38,7.79,1.28,1.32,1.3,14.0,12.0,12.0,38.0,0.0,1.0,0.0,2.0,0.0,11.0,12.0,14.0,26.0,2.0,4.0,17.0,10.0,4.0,5.0,21.0,4.0,1.0,0.57,0.47,0.27,0.0,0.0,0.0,38.22,26.0,25.89,3.0,0.25,0.27,0.27,1.28,1.3,1.28,16.02,2.41,1.18,4.05,0.61,7.62,5.13,2.09,2.39,2.08,16.0,5.0,6.0,27.0,1.0,3.0,0.0,4.0,0.0,6.0,7.0,15.0,20.0,1.0,2.0,21.0,22.0,1.0,11.0,8.0,10.0,3.0,0.24,1.2,0.97,0.0,1.0,0.0,26.83,21.0,20.81,1.0,0.26,0.87,0.87,1.81,1.81,1.53
84804268481719,2025,D'Astous-Crozier,TBL,pairing,5on5,16,3187.0,85.0,0.57,0.54,0.54,21.89,2.06,1.43,5.38,0.8,12.01,9.32,2.01,2.17,2.11,16.0,15.0,9.0,40.0,1.0,3.0,0.0,5.0,0.0,9.0,13.0,15.0,30.0,22.0,47.0,15.0,24.0,2.0,14.0,21.0,7.0,3.0,0.58,0.76,0.73,0.0,1.0,0.0,40.97,31.0,31.45,5.0,0.3,0.37,0.37,1.99,2.07,2.05,18.78,1.53,1.28,5.13,0.66,10.43,6.96,1.49,1.59,1.54,13.0,13.0,8.0,34.0,3.0,2.0,0.0,3.0,0.0,8.0,10.0,10.0,23.0,18.0,39.0,17.0,30.0,6.0,11.0,21.0,3.0,2.0,0.59,0.35,0.59,0.0,3.0,0.0,33.89,26.0,26.13,4.0,0.26,0.4,0.4,1.4,1.41,1.39
84768928481598,2025,Broberg-Parayko,STL,pairing,5on5,43,34237.0,87.0,0.54,0.43,0.47,239.6,22.71,16.63,57.63,7.78,126.45,90.84,21.94,22.56,21.8,215.0,108.0,102.0,425.0,24.0,33.0,3.0,41.0,0.0,109.0,116.0,191.0,299.0,26.0,60.0,269.0,227.0,53.0,153.0,223.0,77.0,23.0,7.12,9.29,6.31,8.0,12.0,4.0,425.71,323.0,324.42,70.0,3.47,5.88,5.88,20.24,20.2,19.88,267.16,19.02,17.21,67.81,8.99,146.35,108.62,18.48,19.08,18.55,244.0,124.0,186.0,554.0,19.0,21.0,0.0,51.0,0.0,141.0,136.0,225.0,349.0,30.0,66.0,285.0,187.0,49.0,184.0,299.0,55.0,14.0,8.51,6.66,3.85,8.0,9.0,2.0,555.53,368.0,367.77,79.0,3.56,3.65,3.65,18.93,19.04,18.7
847584284773808481726,2025,Edstrom-Carrick-Brodzinski,NYR,line,5on5,4,1636.0,13.0,0.44,0.45,0.5,11.02,0.93,0.72,2.92,0.44,6.04,4.96,0.91,0.94,0.92,9.0,7.0,3.0,19.0,1.0,1.0,0.0,2.0,0.0,7.0,5.0,8.0,15.0,1.0,5.0,10.0,19.0,6.0,6.0,11.0,4.0,1.0,0.17,0.51,0.25,1.0,0.0,0.0,19.08,16.0,16.15,3.0,0.15,0.11,0.11,0.97,0.98,0.97,11.55,1.18,0.75,2.89,0.4,6.28,4.5,1.17,1.14,1.13,9.0,7.0,7.0,23.0,1.0,0.0,0.0,1.0,0.0,8.0,6.0,8.0,15.0,5.0,13.0,12.0,11.0,3.0,9.0,12.0,3.0,1.0,0.44,0.35,0.39,1.0,0.0,0.0,22.87,16.0,15.63,7.0,0.16,0.0,0.0,1.34,1.29,1.28
84815258482073,2025,Robertson-Schneider,NYR,pairing,5on5,27,5195.0,163.0,0.5,0.51,0.49,33.44,2.47,2.08,8.74,1.09,19.18,13.43,2.41,2.51,2.44,23.0,24.0,26.0,73.0,2.0,2.0,0.0,8.0,0.0,20.0,15.0,21.0,45.0,5.0,10.0,24.0,38.0,9.0,18.0,37.0,8.0,2.0,0.92,0.89,0.67,2.0,0.0,0.0,71.61,47.0,46.37,10.0,0.43,0.67,0.67,2.23,2.23,2.21,35.82,2.43,2.3,9.52,1.17,19.61,13.97,2.39,2.42,2.38,30.0,19.0,21.0,70.0,2.0,5.0,1.0,4.0,0.0,19.0,19.0,28.0,47.0,5.0,8.0,20.0,45.0,7.0,21.0,41.0,6.0,2.0,1.22,0.68,0.53,1.0,0.0,1.0,71.37,49.0,49.45,9.0,0.47,0.62,0.62,2.28,2.27,2.26
84788828479323,2025,Gavrikov-Fox,NYR,pairing,5on5,29,28781.0,33.0,0.58,0.56,0.55,244.29,20.49,16.37,63.47,8.75,136.29,96.64,19.82,20.82,20.15,202.0,140.0,167.0,509.0,17.0,27.0,1.0,57.0,0.0,121.0,120.0,185.0,325.0,30.0,66.0,314.0,211.0,29.0,113.0,267.0,57.0,18.0,7.75,7.28,5.47,8.0,7.0,2.0,512.68,342.0,345.0,55.0,3.43,5.58,5.61,18.31,18.6,18.28,206.74,14.61,12.59,53.45,6.66,111.35,82.35,14.31,14.68,14.39,193.0,88.0,118.0,399.0,12.0,13.0,0.0,36.0,1.0,84.0,135.0,181.0,269.0,23.0,52.0,251.0,160.0,39.0,138.0,229.0,40.0,12.0,6.42,4.93,3.26,7.0,5.0,0.0,400.3,281.0,281.91,74.0,2.61,2.15,2.15,15.07,15.09,14.92
847410284815288482092,2025,Perron-Cozens-Greig,OTT,line,5on5,8,3151.0,41.0,0.49,0.45,0.46,21.95,1.34,1.32,5.99,0.68,12.22,8.46,1.31,1.36,1.33,22.0,8.0,10.0,40.0,1.0,1.0,0.0,4.0,0.0,12.0,12.0,21.0,29.0,5.0,12.0,40.0,28.0,3.0,6.0,24.0,6.0,0.0,0.56,0.77,0.0,1.0,0.0,0.0,40.61,30.0,30.19,4.0,0.28,0.19,0.19,1.43,1.46,1.45,25.67,1.41,1.41,7.38,0.84,13.71,10.24,1.36,1.38,1.34,26.0,9.0,13.0,48.0,2.0,2.0,0.0,8.0,0.0,11.0,12.0,24.0,33.0,5.0,10.0,27.0,31.0,1.0,14.0,30.0,4.0,1.0,0.69,0.43,0.29,1.0,1.0,0.0,46.83,35.0,34.56,9.0,0.29,0.39,0.39,1.31,1.29,1.27
847646984779428482124,2025,Fiala-Byfield-Armia,LAK,line,5on5,18,6925.0,83.0,0.61,0.54,0.57,68.1,5.68,4.72,16.55,2.22,37.19,26.65,5.55,5.63,5.5,65.0,28.0,34.0,127.0,4.0,8.0,1.0,12.0,0.0,36.0,33.0,61.0,89.0,8.0,16.0,49.0,30.0,21.0,31.0,68.0,20.0,5.0,2.1,2.39,1.19,1.0,3.0,0.0,126.13,93.0,92.45,15.0,0.97,1.34,1.34,5.31,5.3,5.24,49.69,3.65,3.43,12.49,1.72,27.68,20.04,3.56,3.73,3.64,45.0,24.0,38.0,107.0,1.0,5.0,0.0,11.0,0.0,25.0,27.0,44.0,68.0,10.0,20.0,69.0,37.0,12.0,30.0,54.0,13.0,2.0,1.6,1.53,0.52,0.0,1.0,0.0,109.63,69.0,70.56,13.0,0.71,0.76,0.76,3.59,3.67,3.63
847823384784028485493,2025,Mangiapane-Mcdavid-Tomasek,EDM,line,5on5,3,611.0,23.0,0.62,0.47,0.62,5.87,0.56,0.51,1.26,0.21,3.15,2.31,0.56,0.6,0.6,7.0,1.0,1.0,9.0,0.0,0.0,0.0,2.0,0.0,3.0,3.0,7.0,8.0,0.0,0.0,3.0,1.0,2.0,4.0,6.0,2.0,0.0,0.24,0.32,0.0,0.0,0.0,0.0,9.58,8.0,8.46,1.0,0.11,0.0,0.0,0.66,0.72,0.72,3.72,0.34,0.29,0.8,0.11,2.01,1.45,0.34,0.33,0.33,3.0,2.0,5.0,10.0,1.0,0.0,0.0,2.0,0.0,0.0,2.0,2.0,4.0,1.0,2.0,5.0,1.0,2.0,3.0,3.0,2.0,0.0,0.08,0.26,0.0,0.0,1.0,0.0,9.67,5.0,4.91,0.0,0.06,0.0,0.0,0.4,0.39,0.39
84764298484262,2025,Mitchell-Mayfield,NYI,pairing,5on5,9,5338.0,26.0,0.41,0.41,0.42,33.06,2.45,1.92,9.48,1.11,17.54,12.5,2.33,2.41,2.29,29.0,16.0,14.0,59.0,3.0,3.0,1.0,5.0,0.0,16.0,18.0,26.0,42.0,6.0,12.0,46.0,45.0,3.0,22.0,35.0,8.0,2.0,0.91,0.99,0.55,1.0,1.0,1.0,59.07,45.0,44.98,11.0,0.4,0.66,0.66,2.19,2.16,2.09,45.64,3.58,3.02,11.56,1.59,24.99,18.26,3.48,3.61,3.5,41.0,22.0,23.0,86.0,3.0,5.0,0.0,11.0,0.0,21.0,23.0,38.0,60.0,9.0,18.0,50.0,46.0,8.0,21.0,48.0,13.0,2.0,1.46,1.68,0.44,2.0,1.0,0.0,84.71,63.0,62.61,9.0,0.62,0.91,0.91,3.29,3.28,3.24
84773698478840,2025,Soucy-Borgen,NYR,pairing,5on5,32,20056.0,95.0,0.42,0.44,0.42,132.76,10.23,8.69,33.83,4.46,71.97,52.81,9.97,10.28,10.01,119.0,63.0,97.0,279.0,11.0,14.0,3.0,16.0,1.0,66.0,74.0,108.0,171.0,25.0,53.0,161.0,190.0,20.0,95.0,138.0,35.0,9.0,3.7,3.94,2.6,4.0,5.0,2.0,277.68,182.0,182.08,50.0,1.81,3.15,3.15,8.89,8.95,8.85,183.18,13.9,12.24,45.83,6.23,102.49,73.31,13.2,14.02,13.29,160.0,94.0,101.0,355.0,6.0,20.0,1.0,30.0,1.0,96.0,101.0,154.0,248.0,15.0,35.0,141.0,125.0,26.0,77.0,204.0,36.0,14.0,5.85,4.2,3.85,3.0,1.0,2.0,355.8,254.0,254.98,45.0,2.54,4.16,4.16,12.29,12.28,12.0
847897584800098483524,2025,Marchment-Wright-Tolvanen,SEA,line,5on5,11,1267.0,114.0,0.36,0.53,0.35,4.55,0.25,0.22,1.24,0.14,2.29,1.85,0.25,0.24,0.24,2.0,4.0,12.0,18.0,0.0,0.0,0.0,1.0,0.0,2.0,3.0,2.0,6.0,0.0,0.0,9.0,13.0,1.0,6.0,5.0,1.0,0.0,0.1,0.14,0.0,0.0,0.0,0.0,17.34,6.0,5.82,3.0,0.04,0.0,0.0,0.29,0.29,0.29,7.84,0.44,0.49,2.13,0.26,4.56,3.11,0.44,0.45,0.45,6.0,5.0,5.0,16.0,1.0,0.0,0.0,2.0,0.0,3.0,5.0,5.0,10.0,2.0,4.0,11.0,9.0,1.0,7.0,9.0,2.0,0.0,0.24,0.21,0.0,0.0,1.0,0.0,16.55,11.0,11.36,3.0,0.11,0.0,0.0,0.55,0.56,0.56
84757558476902,2025,Lindell-Petrovic,DAL,pairing,5on5,29,1775.0,270.0,0.63,0.49,0.49,17.85,2.24,1.24,4.64,0.59,8.9,6.39,2.09,2.26,2.1,21.0,3.0,7.0,31.0,2.0,5.0,1.0,2.0,0.0,9.0,6.0,19.0,22.0,2.0,4.0,6.0,12.0,3.0,6.0,16.0,4.0,4.0,0.46,0.57,1.21,1.0,0.0,1.0,31.13,24.0,23.9,0.0,0.26,1.38,1.38,1.12,1.13,1.11,17.93,1.3,1.13,4.96,0.7,9.49,7.42,1.29,1.32,1.3,16.0,9.0,7.0,32.0,1.0,4.0,0.0,2.0,0.0,11.0,7.0,15.0,24.0,4.0,8.0,9.0,16.0,2.0,8.0,20.0,4.0,1.0,0.55,0.51,0.24,0.0,0.0,1.0,31.76,25.0,25.12,3.0,0.24,0.3,0.3,1.24,1.24,1.23
847750184781098480835,2025,Olofsson-Drury-Nichushkin,COL,line,5on5,8,1947.0,60.0,0.46,0.51,0.49,14.95,0.72,0.81,3.92,0.47,8.61,6.47,0.71,0.74,0.73,14.0,7.0,7.0,28.0,1.0,0.0,0.0,4.0,0.0,8.0,8.0,13.0,20.0,1.0,2.0,22.0,8.0,0.0,12.0,19.0,2.0,0.0,0.47,0.25,0.0,1.0,0.0,0.0,28.62,21.0,21.3,7.0,0.16,0.0,0.0,0.88,0.91,0.9,14.76,0.84,1.03,3.72,0.48,9.34,6.58,0.83,0.83,0.82,14.0,8.0,5.0,27.0,1.0,0.0,0.0,8.0,0.0,5.0,8.0,13.0,21.0,3.0,6.0,9.0,12.0,0.0,14.0,19.0,2.0,1.0,0.41,0.18,0.24,1.0,0.0,0.0,26.26,22.0,21.73,8.0,0.21,0.0,0.0,1.05,1.04,1.02
84799838482861,2025,Ferraro-Iorio,SJS,pairing,5on5,14,3220.0,75.0,0.36,0.43,0.42,19.8,1.44,1.35,4.92,0.67,11.41,8.21,1.42,1.46,1.45,18.0,10.0,11.0,39.0,0.0,0.0,0.0,2.0,0.0,14.0,12.0,18.0,28.0,7.0,14.0,25.0,21.0,4.0,21.0,25.0,3.0,0.0,1.01,0.43,0.0,0.0,0.0,0.0,39.68,28.0,28.69,9.0,0.28,0.0,0.0,1.72,1.75,1.73,26.92,2.56,1.85,6.87,0.96,15.0,10.75,2.46,2.57,2.47,24.0,14.0,14.0,52.0,3.0,3.0,0.0,5.0,0.0,15.0,12.0,21.0,35.0,9.0,18.0,17.0,15.0,2.0,15.0,27.0,7.0,4.0,0.55,0.89,1.12,1.0,1.0,1.0,52.13,38.0,37.83,6.0,0.38,0.42,0.42,2.52,2.55,2.49
847682284810328483531,2025,Halonen-Glendening-Cotter,NJD,line,5on5,9,2081.0,67.0,0.27,0.32,0.4,12.74,0.71,0.83,3.71,0.48,6.6,4.67,0.7,0.69,0.68,14.0,3.0,4.0,21.0,0.0,1.0,0.0,4.0,0.0,6.0,6.0,14.0,17.0,2.0,7.0,23.0,29.0,2.0,15.0,15.0,2.0,0.0,0.41,0.3,0.0,0.0,0.0,0.0,21.52,17.0,17.39,7.0,0.18,0.04,0.04,0.84,0.83,0.83,19.66,1.92,1.3,4.1,0.58,10.4,7.71,1.88,1.92,1.89,16.0,10.0,19.0,45.0,2.0,2.0,0.0,4.0,0.0,11.0,7.0,14.0,24.0,1.0,5.0,17.0,16.0,4.0,9.0,17.0,6.0,3.0,0.46,0.75,0.71,1.0,0.0,1.0,44.93,26.0,25.64,6.0,0.27,0.43,0.43,1.75,1.75,1.72
84784768480950,2025,Capobianco-Lyubushkin,DAL,pairing,5on5,8,1852.0,53.0,0.37,0.38,0.38,10.36,0.96,0.71,2.48,0.38,5.25,4.22,0.94,0.93,0.9,10.0,4.0,7.0,21.0,2.0,1.0,0.0,2.0,0.0,5.0,4.0,8.0,12.0,1.0,2.0,15.0,12.0,3.0,7.0,9.0,5.0,0.0,0.24,0.72,0.0,2.0,0.0,0.0,21.53,14.0,13.97,1.0,0.15,0.01,0.01,1.1,1.06,1.04,17.6,1.64,1.15,4.37,0.59,8.58,6.67,1.59,1.66,1.61,12.0,11.0,11.0,34.0,2.0,3.0,0.0,5.0,0.0,6.0,7.0,10.0,21.0,2.0,4.0,10.0,20.0,1.0,8.0,14.0,8.0,1.0,0.44,0.98,0.22,1.0,1.0,0.0,33.65,23.0,23.05,2.0,0.24,0.27,0.27,1.61,1.62,1.59
847518484757988484153,2025,Kreider-Carlsson-Granlund,ANA,line,5on5,6,756.0,42.0,0.5,0.59,0.54,9.52,0.82,0.59,2.93,0.38,4.82,3.46,0.8,0.76,0.74,10.0,3.0,3.0,16.0,0.0,2.0,0.0,3.0,0.0,5.0,3.0,10.0,13.0,0.0,0.0,9.0,1.0,2.0,8.0,8.0,5.0,0.0,0.25,0.57,0.0,0.0,0.0,0.0,15.08,13.0,12.13,1.0,0.13,0.21,0.21,0.74,0.69,0.69,7.93,0.83,0.61,1.64,0.25,4.52,3.14,0.82,0.86,0.85,8.0,3.0,0.0,11.0,3.0,1.0,0.0,1.0,0.0,1.0,5.0,5.0,8.0,1.0,2.0,6.0,3.0,1.0,1.0,6.0,5.0,0.0,0.31,0.53,0.0,2.0,1.0,0.0,11.29,11.0,11.3,1.0,0.13,0.03,0.03,0.93,0.96,0.95
848294784830398484255,2025,Nielsen-Bardakov-Polin,COL,line,5on5,2,621.0,7.0,0.8,0.57,0.71,6.88,0.36,0.41,1.98,0.26,4.02,2.97,0.36,0.4,0.39,6.0,4.0,3.0,13.0,1.0,1.0,1.0,1.0,0.0,4.0,3.0,5.0,9.0,0.0,0.0,3.0,11.0,1.0,1.0,8.0,2.0,0.0,0.19,0.17,0.0,0.0,1.0,0.0,14.46,10.0,10.99,1.0,0.09,0.08,0.08,0.36,0.4,0.4,2.76,0.09,0.24,0.57,0.08,1.79,1.24,0.09,0.08,0.08,2.0,2.0,6.0,10.0,0.0,0.0,0.0,2.0,0.0,1.0,1.0,2.0,4.0,0.0,0.0,5.0,4.0,2.0,7.0,4.0,0.0,0.0,0.09,0.0,0.0,0.0,0.0,0.0,9.37,4.0,3.77,4.0,0.05,0.0,0.0,0.14,0.13,0.13
847740784842218485702,2025,Duclair-Ritchie-Shabanov,NYI,line,5on5,9,2102.0,77.0,0.24,0.36,0.33,11.77,0.59,0.67,3.07,0.38,6.41,4.88,0.58,0.56,0.56,6.0,10.0,8.0,24.0,1.0,0.0,0.0,1.0,0.0,8.0,6.0,5.0,15.0,2.0,4.0,9.0,6.0,1.0,11.0,14.0,2.0,0.0,0.39,0.2,0.0,1.0,0.0,0.0,23.01,16.0,15.35,4.0,0.14,0.0,0.0,0.72,0.7,0.69,24.14,1.87,1.52,5.7,0.74,13.36,9.81,1.83,1.84,1.8,25.0,8.0,9.0,42.0,2.0,2.0,0.0,5.0,0.0,9.0,15.0,23.0,31.0,4.0,8.0,21.0,12.0,5.0,7.0,26.0,6.0,1.0,1.0,0.63,0.24,2.0,0.0,0.0,41.63,33.0,32.7,4.0,0.31,0.35,0.35,1.83,1.81,1.79
847516984807488484136,2025,Sherwood-Sasson-Kane,VAN,line,5on5,16,661.0,184.0,0.54,0.69,0.67,7.01,0.37,0.45,1.61,0.22,4.17,3.19,0.36,0.38,0.38,5.0,5.0,1.0,11.0,0.0,0.0,0.0,2.0,0.0,3.0,5.0,5.0,10.0,0.0,0.0,2.0,11.0,1.0,4.0,9.0,1.0,0.0,0.25,0.12,0.0,0.0,0.0,0.0,11.74,10.0,10.59,1.0,0.09,0.0,0.0,0.46,0.48,0.47,3.5,0.31,0.29,0.64,0.11,2.22,1.43,0.31,0.31,0.31,3.0,2.0,0.0,5.0,0.0,0.0,0.0,0.0,0.0,1.0,4.0,3.0,5.0,1.0,2.0,5.0,3.0,2.0,3.0,4.0,1.0,0.0,0.16,0.15,0.0,0.0,0.0,0.0,4.85,5.0,4.89,1.0,0.06,0.0,0.0,0.37,0.37,0.37
847414184774568484471,2025,Finnie-Compher-Kane,DET,line,5on5,5,2348.0,18.0,0.42,0.42,0.43,20.58,1.43,1.23,5.57,0.65,11.08,8.06,1.42,1.39,1.38,20.0,8.0,7.0,35.0,1.0,0.0,0.0,13.0,0.0,7.0,7.0,19.0,27.0,1.0,2.0,23.0,21.0,2.0,15.0,22.0,4.0,2.0,0.52,0.48,0.43,0.0,0.0,1.0,34.23,28.0,27.29,6.0,0.26,0.0,0.0,1.68,1.64,1.63,26.08,2.01,1.83,6.3,0.86,15.21,10.8,1.96,2.01,1.97,23.0,14.0,12.0,49.0,2.0,2.0,0.0,4.0,0.0,15.0,14.0,21.0,35.0,5.0,10.0,20.0,22.0,3.0,10.0,27.0,9.0,1.0,0.79,1.0,0.22,1.0,1.0,0.0,48.55,37.0,36.61,6.0,0.38,0.4,0.4,1.98,1.98,1.96
84801968480839,2025,Dahlin-Bryson,BUF,pairing,5on5,14,1129.0,115.0,0.7,0.55,0.55,7.37,0.45,0.51,1.95,0.31,4.48,3.31,0.45,0.46,0.46,6.0,5.0,6.0,17.0,0.0,0.0,0.0,2.0,0.0,6.0,3.0,6.0,11.0,0.0,0.0,8.0,3.0,3.0,9.0,11.0,0.0,0.0,0.45,0.0,0.0,0.0,0.0,0.0,17.31,11.0,11.18,5.0,0.1,0.0,0.0,0.55,0.56,0.56,6.51,0.2,0.31,1.77,0.21,3.82,2.7,0.2,0.2,0.2,7.0,2.0,5.0,14.0,0.0,0.0,0.0,2.0,0.0,5.0,2.0,7.0,9.0,2.0,4.0,6.0,5.0,1.0,6.0,9.0,0.0,0.0,0.2,0.0,0.0,0.0,0.0,0.0,14.32,9.0,9.05,4.0,0.06,0.0,0.0,0.26,0.26,0.26
847793484779538481617,2025,Podkolzin-Draisaitl-Kapanen,EDM,line,5on5,2,780.0,9.0,0.26,0.33,0.41,5.3,0.18,0.28,1.24,0.14,2.61,2.54,0.18,0.2,0.2,7.0,0.0,2.0,9.0,0.0,0.0,0.0,1.0,0.0,1.0,5.0,7.0,7.0,0.0,0.0,8.0,7.0,0.0,6.0,7.0,0.0,0.0,0.18,0.0,0.0,0.0,0.0,0.0,9.19,7.0,7.08,3.0,0.06,0.0,0.0,0.24,0.26,0.26,7.23,0.53,0.41,1.95,0.23,4.11,2.78,0.52,0.52,0.52,7.0,3.0,8.0,18.0,0.0,0.0,0.0,0.0,0.0,8.0,2.0,7.0,10.0,1.0,2.0,5.0,5.0,2.0,1.0,7.0,3.0,0.0,0.14,0.39,0.0,0.0,0.0,0.0,18.2,10.0,10.08,1.0,0.09,0.0,0.0,0.61,0.61,0.6
847399484784498480027,2025,Benn-Hintz-Robertson,DAL,line,5on5,11,5017.0,34.0,0.55,0.48,0.51,42.31,4.3,2.92,11.07,1.44,21.31,15.96,3.89,4.53,4.08,38.0,19.0,20.0,77.0,3.0,7.0,0.0,6.0,0.0,22.0,19.0,35.0,54.0,3.0,9.0,57.0,19.0,3.0,25.0,42.0,7.0,8.0,1.25,0.79,2.25,2.0,1.0,0.0,80.09,57.0,59.46,12.0,0.61,1.7,1.7,3.21,3.35,3.28,39.81,3.55,2.52,10.1,1.32,20.7,15.8,3.31,3.51,3.28,33.0,21.0,29.0,83.0,1.0,6.0,1.0,5.0,0.0,24.0,18.0,32.0,53.0,1.0,5.0,48.0,34.0,7.0,23.0,42.0,8.0,4.0,1.31,0.94,1.3,0.0,0.0,1.0,82.16,54.0,53.29,11.0,0.53,1.42,1.42,2.66,2.63,2.57
84745638476441,2025,Edmundson-Doughty,LAK,pairing,5on5,20,1161.0,139.0,0.21,0.36,0.32,6.09,0.28,0.32,1.35,0.18,3.24,2.62,0.28,0.29,0.29,7.0,1.0,7.0,15.0,1.0,0.0,0.0,1.0,0.0,1.0,5.0,6.0,7.0,2.0,4.0,2.0,8.0,1.0,10.0,7.0,1.0,0.0,0.15,0.13,0.0,0.0,1.0,0.0,15.2,8.0,8.03,5.0,0.06,0.0,0.0,0.34,0.35,0.35,12.4,1.04,1.01,3.27,0.48,6.44,4.76,0.98,1.06,1.0,14.0,3.0,10.0,27.0,2.0,2.0,0.0,3.0,0.0,7.0,3.0,12.0,15.0,1.0,2.0,9.0,8.0,3.0,3.0,11.0,6.0,0.0,0.31,0.73,0.0,1.0,1.0,0.0,27.51,17.0,17.9,1.0,0.21,0.24,0.24,1.0,1.03,1.0
847579184768738482702,2025,Jankowski-Stankoven-Hall,CAR,line,5on5,3,638.0,17.0,0.41,0.5,0.38,2.05,0.17,0.15,0.54,0.09,1.22,0.82,0.17,0.18,0.18,1.0,2.0,5.0,8.0,0.0,0.0,0.0,0.0,0.0,3.0,0.0,1.0,3.0,1.0,4.0,9.0,2.0,0.0,2.0,2.0,1.0,0.0,0.05,0.12,0.0,0.0,0.0,0.0,7.69,3.0,3.02,1.0,0.03,0.0,0.0,0.2,0.21,0.21,3.86,0.24,0.27,0.64,0.11,2.25,1.5,0.24,0.25,0.25,2.0,3.0,3.0,8.0,0.0,0.0,0.0,1.0,0.0,2.0,2.0,2.0,5.0,0.0,0.0,4.0,3.0,3.0,6.0,5.0,0.0,0.0,0.24,0.0,0.0,0.0,0.0,0.0,8.49,5.0,5.19,6.0,0.06,0.0,0.0,0.3,0.31,0.31
847682284810328481065,2025,Cotter-Glendening-Crookshank,NJD,line,5on5,7,1187.0,63.0,0.29,0.5,0.5,8.84,0.41,0.38,2.43,0.3,3.83,3.64,0.41,0.4,0.4,6.0,5.0,8.0,19.0,1.0,0.0,0.0,0.0,0.0,2.0,8.0,5.0,10.0,1.0,2.0,8.0,7.0,0.0,5.0,9.0,2.0,0.0,0.18,0.23,0.0,1.0,0.0,0.0,18.67,11.0,10.8,2.0,0.08,0.0,0.0,0.49,0.48,0.48,8.82,0.98,0.67,2.05,0.23,4.24,2.83,0.97,0.98,0.96,7.0,4.0,8.0,19.0,0.0,0.0,0.0,1.0,0.0,5.0,5.0,7.0,11.0,2.0,4.0,9.0,18.0,3.0,4.0,7.0,3.0,1.0,0.25,0.44,0.29,0.0,0.0,0.0,19.4,11.0,11.28,2.0,0.14,0.0,0.0,1.12,1.12,1.1
84793258482511,2025,Lohrei-Mcavoy,BOS,pairing,5on5,21,7993.0,110.0,0.43,0.5,0.48,68.41,5.4,4.4,17.69,2.29,35.99,26.24,5.27,5.37,5.24,61.0,31.0,54.0,146.0,8.0,5.0,1.0,13.0,0.0,36.0,30.0,53.0,84.0,14.0,37.0,98.0,55.0,12.0,36.0,71.0,18.0,3.0,2.19,2.21,1.0,5.0,2.0,1.0,143.92,92.0,90.48,14.0,0.92,1.1,1.34,4.98,4.9,4.83,74.94,7.23,5.28,20.13,2.56,37.73,27.08,7.04,7.47,7.26,61.0,39.0,47.0,147.0,10.0,13.0,1.0,13.0,0.0,32.0,32.0,51.0,90.0,16.0,41.0,83.0,63.0,10.0,41.0,68.0,24.0,8.0,1.89,3.22,2.12,4.0,5.0,1.0,150.03,100.0,102.76,19.0,1.12,2.15,2.15,6.2,6.34,6.25
84783978480860,2025,Bahl-Andersson,CGY,pairing,5on5,40,35555.0,63.0,0.46,0.47,0.47,286.95,23.88,19.34,75.82,9.88,152.07,109.0,22.79,23.97,22.89,260.0,130.0,146.0,536.0,28.0,34.0,4.0,48.0,0.0,135.0,145.0,232.0,362.0,38.0,85.0,329.0,203.0,53.0,168.0,296.0,69.0,25.0,8.07,8.74,7.06,16.0,6.0,6.0,539.59,390.0,393.01,86.0,4.06,6.97,6.97,20.96,20.96,20.51,330.8,27.93,21.26,84.04,10.76,173.92,130.08,26.54,27.87,26.48,291.0,157.0,165.0,613.0,25.0,40.0,6.0,84.0,1.0,139.0,159.0,266.0,423.0,49.0,107.0,318.0,174.0,54.0,161.0,343.0,76.0,29.0,10.24,9.33,8.36,11.0,7.0,7.0,610.17,448.0,445.1,67.0,4.44,8.28,8.33,24.04,24.03,23.67
847517084793858482077,2025,Holloway-Schenn-Kyrou,STL,line,5on5,20,6337.0,113.0,0.58,0.54,0.5,47.08,5.0,3.34,11.27,1.55,24.61,18.22,4.8,4.96,4.75,45.0,19.0,35.0,99.0,5.0,9.0,0.0,9.0,0.0,22.0,19.0,40.0,59.0,1.0,2.0,57.0,59.0,7.0,27.0,42.0,15.0,7.0,1.26,2.07,1.67,2.0,3.0,0.0,96.11,64.0,62.74,14.0,0.71,1.58,1.58,4.13,4.05,3.99,47.29,3.59,2.79,10.83,1.44,25.61,19.75,3.55,3.72,3.68,49.0,15.0,21.0,85.0,8.0,2.0,1.0,9.0,0.0,23.0,22.0,41.0,56.0,7.0,14.0,46.0,41.0,11.0,35.0,51.0,10.0,3.0,1.31,1.31,0.97,3.0,3.0,2.0,88.13,64.0,65.53,16.0,0.57,0.69,0.69,3.47,3.61,3.6
847574584796718482660,2025,Johnson-Coyle-Olivier,CBJ,line,5on5,5,1350.0,47.0,0.23,0.5,0.44,9.91,0.33,0.51,2.41,0.32,5.89,4.55,0.31,0.33,0.32,11.0,3.0,9.0,23.0,0.0,0.0,0.0,1.0,0.0,6.0,7.0,11.0,14.0,0.0,0.0,14.0,11.0,1.0,6.0,14.0,0.0,0.0,0.33,0.0,0.0,0.0,0.0,0.0,22.41,14.0,13.84,5.0,0.1,0.0,0.0,0.43,0.44,0.42,13.01,1.07,0.86,3.42,0.4,7.05,5.19,1.05,1.04,1.03,13.0,5.0,5.0,23.0,0.0,1.0,0.0,6.0,0.0,6.0,5.0,13.0,18.0,2.0,4.0,10.0,8.0,6.0,7.0,14.0,2.0,2.0,0.33,0.22,0.52,0.0,0.0,0.0,23.56,18.0,18.39,5.0,0.18,0.31,0.31,0.93,0.94,0.92
84778108484150,2025,Hanley-Brzustewicz,CGY,pairing,5on5,10,5888.0,30.0,0.54,0.62,0.58,45.42,3.64,3.01,11.96,1.59,25.65,18.15,3.59,3.55,3.49,44.0,20.0,42.0,106.0,3.0,2.0,0.0,5.0,0.0,19.0,35.0,41.0,61.0,2.0,4.0,45.0,44.0,4.0,21.0,52.0,9.0,3.0,1.59,1.34,0.71,2.0,0.0,1.0,104.87,64.0,62.54,8.0,0.63,0.21,0.21,4.06,3.96,3.93,34.08,3.06,2.49,8.18,1.19,18.06,14.02,2.97,3.08,3.0,33.0,14.0,19.0,66.0,3.0,4.0,0.0,11.0,0.0,12.0,17.0,30.0,44.0,4.0,8.0,35.0,73.0,10.0,33.0,35.0,7.0,5.0,0.86,0.78,1.42,2.0,1.0,0.0,66.92,47.0,47.45,16.0,0.53,0.84,0.84,2.74,2.78,2.76
848087684822018483752,2025,Douglas-James-Goncalves,TBL,line,5on5,9,628.0,108.0,0.2,0.33,0.31,3.6,0.15,0.16,1.04,0.13,1.83,1.69,0.15,0.15,0.15,4.0,1.0,1.0,6.0,0.0,0.0,0.0,0.0,0.0,1.0,4.0,4.0,5.0,2.0,10.0,2.0,7.0,1.0,3.0,5.0,0.0,0.0,0.15,0.0,0.0,0.0,0.0,0.0,6.14,5.0,5.11,1.0,0.03,0.0,0.0,0.18,0.19,0.19,8.19,0.59,0.51,2.42,0.29,4.12,3.08,0.57,0.61,0.6,5.0,6.0,1.0,12.0,0.0,2.0,0.0,1.0,0.0,3.0,5.0,5.0,11.0,5.0,16.0,8.0,6.0,1.0,5.0,10.0,1.0,0.0,0.41,0.17,0.0,0.0,0.0,0.0,12.53,11.0,11.44,2.0,0.11,0.25,0.25,0.45,0.46,0.45
847516684775038482720,2025,Knies-Tavares-Domi,TOR,line,5on5,14,1114.0,139.0,0.11,0.26,0.22,3.57,0.14,0.17,0.77,0.1,2.02,1.81,0.14,0.13,0.13,4.0,1.0,4.0,9.0,1.0,0.0,0.0,1.0,0.0,1.0,2.0,3.0,4.0,4.0,11.0,12.0,5.0,1.0,6.0,5.0,0.0,0.0,0.14,0.0,0.0,1.0,0.0,0.0,8.99,5.0,4.85,3.0,0.04,0.0,0.0,0.17,0.17,0.17,12.94,1.14,0.94,2.85,0.44,7.32,5.32,1.14,1.15,1.14,10.0,8.0,8.0,26.0,0.0,0.0,0.0,2.0,0.0,8.0,8.0,10.0,18.0,1.0,5.0,8.0,6.0,1.0,0.0,13.0,5.0,0.0,0.52,0.62,0.0,0.0,0.0,0.0,26.28,18.0,17.96,0.0,0.2,0.0,0.0,1.33,1.34,1.34
848000384801858482113,2025,Luostarinen-Lundell-Boqvist,FLA,line,5on5,9,665.0,89.0,0.38,0.48,0.44,5.03,0.34,0.42,1.2,0.21,3.55,2.27,0.34,0.34,0.33,4.0,4.0,3.0,11.0,0.0,1.0,0.0,0.0,0.0,4.0,3.0,4.0,8.0,0.0,0.0,7.0,8.0,1.0,3.0,7.0,1.0,0.0,0.26,0.09,0.0,0.0,0.0,0.0,11.07,8.0,7.99,1.0,0.08,0.09,0.09,0.34,0.34,0.33,7.25,0.57,0.48,1.63,0.27,3.91,3.14,0.56,0.57,0.56,4.0,6.0,2.0,12.0,1.0,2.0,0.0,0.0,0.0,5.0,2.0,3.0,9.0,2.0,4.0,5.0,2.0,1.0,5.0,7.0,3.0,0.0,0.16,0.41,0.0,0.0,1.0,0.0,12.05,10.0,10.15,3.0,0.1,0.18,0.18,0.49,0.49,0.49
84773698481525,2025,Robertson-Soucy,NYR,pairing,5on5,17,1289.0,160.0,0.68,0.51,0.56,13.86,1.42,0.99,3.49,0.48,6.73,4.9,1.35,1.43,1.37,12.0,6.0,2.0,20.0,0.0,4.0,0.0,3.0,0.0,6.0,5.0,12.0,18.0,2.0,4.0,8.0,11.0,4.0,7.0,11.0,6.0,1.0,0.38,0.55,0.5,0.0,0.0,0.0,19.6,18.0,17.62,1.0,0.2,0.77,0.77,0.85,0.86,0.84,9.7,0.67,0.72,2.39,0.35,5.82,4.06,0.67,0.68,0.68,7.0,7.0,5.0,19.0,1.0,1.0,0.0,1.0,0.0,6.0,5.0,6.0,13.0,0.0,0.0,6.0,7.0,1.0,4.0,12.0,2.0,0.0,0.45,0.22,0.0,0.0,1.0,0.0,20.05,14.0,14.7,2.0,0.15,0.07,0.07,0.74,0.75,0.75
84763318480145,2025,Pionk-Demelo,WPG,pairing,5on5,25,1285.0,229.0,0.58,0.4,0.5,8.68,1.04,0.68,1.94,0.3,5.24,3.81,0.99,1.03,0.99,10.0,3.0,4.0,17.0,2.0,1.0,0.0,1.0,0.0,2.0,7.0,8.0,11.0,0.0,0.0,0.0,10.0,0.0,6.0,10.0,1.0,2.0,0.3,0.14,0.59,1.0,0.0,1.0,17.15,13.0,12.77,2.0,0.14,0.32,0.32,0.86,0.87,0.87,9.38,0.76,0.69,2.31,0.33,5.16,3.75,0.75,0.74,0.74,11.0,2.0,13.0,26.0,0.0,0.0,0.0,1.0,0.0,7.0,5.0,11.0,13.0,2.0,4.0,1.0,9.0,2.0,7.0,9.0,4.0,0.0,0.29,0.46,0.0,0.0,0.0,0.0,25.61,13.0,13.01,2.0,0.14,0.0,0.0,0.9,0.88,0.87
84768918483506,2025,Grzelcyk-Rinzel,CHI,pairing,5on5,27,7081.0,160.0,0.4,0.44,0.42,61.94,5.07,3.68,16.01,1.96,32.11,24.17,4.93,5.19,5.05,56.0,27.0,33.0,116.0,6.0,5.0,1.0,13.0,3.0,34.0,22.0,50.0,77.0,9.0,16.0,58.0,34.0,12.0,33.0,65.0,15.0,3.0,1.91,1.96,1.21,2.0,2.0,2.0,117.08,83.0,83.92,13.0,0.77,0.92,0.92,4.91,5.02,4.91,83.61,7.51,5.85,20.89,2.82,43.82,32.13,7.19,7.44,7.13,81.0,32.0,32.0,145.0,5.0,9.0,0.0,17.0,0.0,40.0,42.0,76.0,108.0,7.0,16.0,55.0,44.0,12.0,34.0,79.0,26.0,8.0,2.13,3.18,2.19,0.0,4.0,1.0,146.07,113.0,112.91,18.0,1.23,2.06,2.06,6.67,6.63,6.52
84746008483565,2025,Josi-Blankenburg,NSH,pairing,5on5,18,1945.0,96.0,0.53,0.56,0.57,17.75,0.88,0.91,4.42,0.53,9.56,7.71,0.87,0.86,0.85,13.0,11.0,11.0,35.0,1.0,0.0,0.0,3.0,0.0,8.0,12.0,12.0,23.0,1.0,2.0,15.0,7.0,3.0,14.0,21.0,3.0,0.0,0.45,0.43,0.0,1.0,0.0,0.0,33.77,24.0,23.25,7.0,0.19,0.0,0.0,1.07,1.04,1.03,13.1,0.79,0.89,2.99,0.44,7.33,5.56,0.78,0.82,0.81,9.0,9.0,10.0,28.0,0.0,0.0,0.0,1.0,0.0,8.0,9.0,9.0,18.0,2.0,4.0,18.0,12.0,0.0,4.0,14.0,4.0,0.0,0.41,0.38,0.0,0.0,0.0,0.0,29.95,18.0,19.12,1.0,0.19,0.0,0.0,0.98,1.02,1.0
847794284796758481532,2025,Moore-Turcotte-Fiala,LAK,line,5on5,3,671.0,28.0,0.53,0.65,0.6,6.69,0.66,0.35,1.73,0.21,3.41,2.63,0.64,0.69,0.67,5.0,4.0,6.0,15.0,0.0,1.0,0.0,2.0,0.0,1.0,5.0,5.0,9.0,0.0,0.0,5.0,2.0,0.0,2.0,7.0,1.0,1.0,0.21,0.11,0.34,0.0,0.0,0.0,15.39,9.0,9.28,1.0,0.08,0.34,0.34,0.4,0.41,0.4,4.63,0.58,0.33,1.04,0.14,2.36,1.56,0.58,0.56,0.56,3.0,3.0,2.0,8.0,1.0,0.0,0.0,1.0,0.0,3.0,1.0,2.0,5.0,0.0,0.0,5.0,5.0,0.0,2.0,3.0,2.0,1.0,0.05,0.3,0.23,0.0,1.0,0.0,7.76,6.0,5.83,1.0,0.07,0.0,0.0,0.65,0.62,0.62
847799384790668483609,2025,Lomberg-Kirkland-Klapka,CGY,line,5on5,8,3020.0,30.0,0.64,0.58,0.65,30.3,2.36,1.84,7.98,1.11,17.17,12.54,2.34,2.37,2.35,26.0,17.0,21.0,64.0,1.0,3.0,0.0,8.0,0.0,18.0,13.0,25.0,42.0,7.0,17.0,24.0,46.0,2.0,11.0,35.0,6.0,2.0,0.97,0.9,0.49,0.0,0.0,1.0,64.24,43.0,43.44,8.0,0.38,0.46,0.46,2.29,2.31,2.3,17.13,1.32,1.08,4.43,0.57,8.94,6.66,1.31,1.32,1.31,16.0,7.0,24.0,47.0,2.0,0.0,0.0,4.0,0.0,7.0,10.0,14.0,21.0,4.0,11.0,25.0,28.0,6.0,15.0,18.0,4.0,1.0,0.55,0.49,0.28,1.0,0.0,1.0,46.85,23.0,22.75,9.0,0.23,0.0,0.0,1.55,1.55,1.54
84769318478443,2025,Mccabe-Carlo,TOR,pairing,5on5,16,3776.0,108.0,0.41,0.41,0.46,23.28,1.59,1.49,6.02,0.74,12.81,9.36,1.57,1.52,1.5,21.0,11.0,12.0,44.0,3.0,1.0,0.0,5.0,0.0,13.0,10.0,18.0,29.0,7.0,20.0,35.0,23.0,8.0,17.0,27.0,4.0,1.0,0.82,0.45,0.31,2.0,0.0,1.0,41.68,32.0,30.69,5.0,0.31,0.08,0.08,1.82,1.74,1.72,27.25,2.28,1.73,6.62,0.95,14.86,11.56,2.21,2.35,2.28,25.0,13.0,25.0,63.0,2.0,3.0,0.0,5.0,0.0,13.0,15.0,23.0,36.0,7.0,20.0,18.0,19.0,4.0,20.0,30.0,6.0,2.0,0.8,0.82,0.66,2.0,0.0,0.0,65.72,38.0,39.07,7.0,0.35,0.66,0.66,1.98,2.05,2.0
847699484774518478508,2025,Trenin-Hartman-Hinostroza,MIN,line,5on5,8,986.0,69.0,0.53,0.49,0.52,7.96,0.76,0.54,2.12,0.29,4.27,3.01,0.73,0.71,0.68,6.0,5.0,6.0,17.0,1.0,2.0,0.0,2.0,0.0,3.0,3.0,5.0,10.0,1.0,2.0,7.0,9.0,1.0,3.0,9.0,0.0,2.0,0.26,0.0,0.5,1.0,0.0,0.0,15.84,11.0,10.36,0.0,0.12,0.51,0.25,0.63,0.59,0.57,7.61,0.66,0.54,1.59,0.22,3.85,3.15,0.66,0.7,0.7,7.0,3.0,8.0,18.0,0.0,0.0,0.0,2.0,0.0,4.0,4.0,7.0,10.0,2.0,4.0,9.0,7.0,1.0,6.0,7.0,3.0,0.0,0.23,0.43,0.0,0.0,0.0,0.0,18.48,10.0,10.41,3.0,0.11,0.0,0.0,0.78,0.82,0.82
84815938483457,2025,Hutson-Struble,MTL,pairing,5on5,32,16979.0,112.0,0.49,0.49,0.5,129.64,10.91,8.35,31.25,4.43,70.35,52.7,10.53,10.86,10.49,105.0,73.0,69.0,247.0,9.0,12.0,0.0,22.0,0.0,61.0,74.0,96.0,169.0,19.0,44.0,123.0,128.0,18.0,77.0,132.0,35.0,11.0,4.1,3.77,3.03,2.0,6.0,1.0,245.39,178.0,177.26,38.0,1.73,2.45,2.36,10.28,10.21,10.04,131.81,11.5,8.19,34.37,4.56,69.84,51.53,11.06,11.87,11.41,116.0,64.0,73.0,253.0,14.0,18.0,2.0,25.0,0.0,63.0,60.0,102.0,166.0,23.0,52.0,109.0,113.0,17.0,83.0,137.0,30.0,13.0,3.91,3.72,3.87,4.0,8.0,2.0,259.09,180.0,183.06,30.0,1.69,3.42,3.42,9.78,10.07,9.96
84802468482111,2025,Perbix-Barron,NSH,pairing,5on5,14,609.0,128.0,0.21,0.42,0.4,3.93,0.13,0.21,1.08,0.14,2.58,1.86,0.13,0.13,0.13,4.0,2.0,4.0,10.0,0.0,0.0,0.0,1.0,0.0,2.0,3.0,4.0,6.0,0.0,0.0,0.0,4.0,2.0,4.0,6.0,0.0,0.0,0.13,0.0,0.0,0.0,0.0,0.0,9.49,6.0,5.85,1.0,0.04,0.0,0.0,0.17,0.17,0.17,6.67,0.49,0.48,1.52,0.19,3.78,2.55,0.48,0.5,0.49,5.0,4.0,5.0,14.0,0.0,0.0,0.0,3.0,0.0,4.0,2.0,5.0,9.0,0.0,0.0,0.0,2.0,1.0,0.0,7.0,2.0,0.0,0.25,0.24,0.0,0.0,0.0,0.0,14.84,9.0,9.36,0.0,0.1,0.0,0.0,0.58,0.59,0.59
847744484834508484144,2025,Burakovsky-Bedard-Greene,CHI,line,5on5,18,10078.0,44.0,0.48,0.52,0.51,97.84,8.33,6.48,24.38,3.16,53.81,38.83,8.12,8.39,8.17,93.0,42.0,53.0,188.0,13.0,10.0,2.0,20.0,0.0,50.0,42.0,80.0,122.0,7.0,12.0,70.0,21.0,13.0,51.0,103.0,26.0,6.0,3.25,3.26,1.82,6.0,5.0,2.0,188.39,135.0,135.28,22.0,1.35,1.99,1.99,7.68,7.74,7.6,95.27,9.02,6.66,23.0,3.24,50.03,37.04,8.57,9.08,8.62,85.0,44.0,47.0,176.0,6.0,14.0,0.0,16.0,0.0,42.0,51.0,79.0,123.0,5.0,10.0,95.0,76.0,18.0,56.0,99.0,20.0,10.0,3.57,2.35,3.1,6.0,0.0,0.0,178.28,129.0,129.83,34.0,1.39,3.21,3.21,7.2,7.22,7.12
84826848483495,2025,Hughes-Nemec,NJD,pairing,5on5,29,9660.0,124.0,0.42,0.49,0.47,81.67,6.52,5.35,20.55,2.73,45.21,32.64,6.32,6.42,6.22,70.0,43.0,54.0,167.0,10.0,4.0,0.0,18.0,1.0,38.0,42.0,60.0,103.0,15.0,45.0,77.0,56.0,12.0,35.0,88.0,19.0,6.0,2.69,2.35,1.49,3.0,5.0,2.0,162.82,113.0,111.09,15.0,1.11,0.74,0.74,6.89,6.79,6.66,93.05,9.16,6.44,23.06,3.22,49.31,36.81,8.94,9.28,9.06,87.0,41.0,43.0,171.0,9.0,12.0,1.0,15.0,0.0,48.0,44.0,78.0,119.0,16.0,47.0,79.0,52.0,19.0,37.0,87.0,31.0,10.0,2.56,3.87,2.73,2.0,5.0,2.0,172.16,128.0,128.88,19.0,1.36,2.51,2.51,8.01,8.21,8.13
847648084801138483471,2025,Iafallo-Namestnikov-Lambert,WPG,line,5on5,2,722.0,6.0,0.19,0.39,0.4,5.87,0.25,0.35,1.47,0.16,3.44,2.34,0.24,0.25,0.24,6.0,2.0,3.0,11.0,0.0,0.0,0.0,1.0,0.0,5.0,2.0,6.0,8.0,2.0,4.0,2.0,7.0,0.0,5.0,7.0,1.0,0.0,0.11,0.13,0.0,0.0,0.0,0.0,10.69,8.0,7.78,4.0,0.07,0.0,0.0,0.32,0.32,0.32,8.97,1.02,0.57,2.15,0.29,4.72,3.25,1.02,1.06,1.06,11.0,1.0,5.0,17.0,1.0,1.0,1.0,3.0,0.0,3.0,4.0,10.0,11.0,1.0,2.0,6.0,7.0,0.0,1.0,9.0,2.0,1.0,0.22,0.34,0.46,0.0,0.0,1.0,17.5,12.0,12.46,0.0,0.12,0.46,0.46,0.68,0.68,0.68
847887384834458484153,2025,Gauthier-Carlsson-Terry,ANA,line,5on5,15,1794.0,140.0,0.44,0.61,0.59,22.72,1.35,1.37,6.08,0.81,12.9,9.49,1.33,1.38,1.36,25.0,7.0,9.0,41.0,4.0,2.0,1.0,5.0,0.0,11.0,10.0,21.0,28.0,0.0,0.0,14.0,3.0,6.0,6.0,28.0,4.0,0.0,0.92,0.43,0.0,3.0,1.0,0.0,41.21,32.0,32.1,3.0,0.28,0.15,0.15,1.48,1.51,1.49,16.68,1.71,1.14,4.28,0.54,8.36,5.97,1.42,1.77,1.45,12.0,10.0,4.0,26.0,4.0,3.0,1.0,0.0,0.0,9.0,6.0,8.0,18.0,0.0,0.0,13.0,10.0,3.0,7.0,16.0,3.0,3.0,0.66,0.33,0.71,1.0,2.0,1.0,26.7,22.0,22.34,3.0,0.24,0.5,0.5,1.45,1.47,1.32
84751818480043,2025,Leddy-Liljegren,SJS,pairing,5on5,4,901.0,34.0,0.22,0.16,0.16,3.08,0.26,0.18,0.74,0.08,1.6,1.14,0.26,0.25,0.25,2.0,2.0,1.0,5.0,1.0,0.0,0.0,1.0,0.0,2.0,0.0,1.0,3.0,0.0,0.0,8.0,10.0,0.0,5.0,3.0,1.0,0.0,0.09,0.17,0.0,1.0,0.0,0.0,4.93,4.0,4.01,2.0,0.04,0.0,0.0,0.3,0.29,0.29,14.0,0.91,0.93,3.31,0.5,9.09,6.25,0.89,0.97,0.96,12.0,9.0,5.0,26.0,1.0,2.0,0.0,4.0,0.0,11.0,3.0,11.0,20.0,3.0,6.0,7.0,3.0,3.0,7.0,19.0,2.0,0.0,0.67,0.24,0.0,1.0,0.0,0.0,28.52,21.0,22.71,0.0,0.19,0.15,0.15,0.94,1.03,1.02
84778458480796,2025,Fehervary-Van Riemsdyk,WSH,pairing,5on5,26,4200.0,168.0,0.55,0.44,0.46,31.57,3.37,2.13,7.91,1.02,15.98,11.58,3.26,3.21,3.11,32.0,10.0,17.0,59.0,1.0,4.0,1.0,7.0,0.0,18.0,12.0,31.0,41.0,3.0,9.0,34.0,21.0,4.0,22.0,26.0,11.0,5.0,0.74,1.35,1.27,0.0,0.0,1.0,57.11,42.0,40.15,14.0,0.45,1.06,1.06,2.77,2.64,2.61,35.77,2.81,2.37,9.2,1.19,19.45,13.99,2.66,2.79,2.65,32.0,17.0,26.0,75.0,2.0,5.0,1.0,6.0,1.0,14.0,21.0,30.0,47.0,4.0,11.0,25.0,19.0,10.0,18.0,38.0,9.0,2.0,1.17,1.09,0.55,1.0,1.0,0.0,74.55,49.0,48.7,9.0,0.5,1.04,1.04,2.27,2.25,2.19
847576084804598484164,2025,Suter-Dvorsky-Bjugstad,STL,line,5on5,3,819.0,14.0,0.64,0.47,0.56,6.51,0.43,0.41,1.8,0.23,3.56,2.57,0.43,0.43,0.42,6.0,3.0,0.0,9.0,0.0,2.0,0.0,1.0,0.0,3.0,3.0,6.0,9.0,2.0,4.0,9.0,16.0,2.0,7.0,7.0,2.0,0.0,0.17,0.27,0.0,0.0,0.0,0.0,8.72,9.0,8.75,2.0,0.09,0.2,0.2,0.32,0.32,0.32,5.1,0.24,0.29,1.2,0.14,3.02,2.1,0.24,0.22,0.22,5.0,2.0,3.0,10.0,0.0,0.0,0.0,1.0,0.0,2.0,4.0,5.0,7.0,2.0,4.0,7.0,6.0,0.0,3.0,6.0,1.0,0.0,0.14,0.1,0.0,0.0,0.0,0.0,9.89,7.0,6.74,2.0,0.06,0.0,0.0,0.3,0.28,0.28
84821058484321,2025,Sanderson-Matinpalo,OTT,pairing,5on5,17,717.0,147.0,0.72,0.65,0.57,5.79,0.47,0.41,1.31,0.2,3.17,2.44,0.45,0.47,0.46,4.0,4.0,7.0,15.0,0.0,1.0,0.0,1.0,0.0,2.0,4.0,4.0,8.0,1.0,2.0,1.0,5.0,0.0,1.0,6.0,2.0,0.0,0.22,0.24,0.0,0.0,0.0,0.0,15.37,8.0,7.8,1.0,0.08,0.13,0.13,0.42,0.42,0.42,4.23,0.18,0.24,1.0,0.14,2.47,1.97,0.18,0.18,0.18,5.0,1.0,2.0,8.0,0.0,0.0,0.0,1.0,0.0,1.0,4.0,5.0,6.0,2.0,4.0,0.0,5.0,1.0,2.0,6.0,0.0,0.0,0.18,0.0,0.0,0.0,0.0,0.0,8.09,6.0,6.19,0.0,0.05,0.0,0.0,0.23,0.24,0.24
84788408481525,2025,Robertson-Borgen,NYR,pairing,5on5,22,8582.0,109.0,0.56,0.5,0.5,69.4,5.71,4.92,17.75,2.33,37.98,26.31,5.62,5.66,5.57,57.0,38.0,36.0,131.0,5.0,7.0,3.0,14.0,0.0,46.0,23.0,52.0,90.0,13.0,26.0,76.0,74.0,15.0,27.0,71.0,19.0,5.0,2.11,2.23,1.36,3.0,1.0,1.0,128.58,95.0,93.04,16.0,1.02,0.9,0.9,5.82,5.76,5.69,68.8,4.56,4.26,17.6,2.23,38.37,28.98,4.49,4.63,4.57,66.0,30.0,37.0,133.0,4.0,6.0,0.0,17.0,0.0,39.0,30.0,62.0,92.0,5.0,10.0,55.0,52.0,10.0,49.0,82.0,11.0,3.0,2.24,1.46,0.86,2.0,2.0,0.0,135.66,96.0,98.36,26.0,0.88,0.99,0.99,4.44,4.52,4.48
847516684779398482259,2025,Mcmann-Tavares-Nylander,TOR,line,5on5,11,2438.0,100.0,0.45,0.4,0.41,19.9,1.73,1.27,5.37,0.72,10.26,7.66,1.53,1.7,1.51,19.0,8.0,7.0,34.0,1.0,2.0,0.0,6.0,0.0,10.0,8.0,18.0,26.0,4.0,8.0,20.0,20.0,3.0,12.0,19.0,5.0,3.0,0.47,0.54,0.72,1.0,0.0,0.0,33.43,27.0,26.34,5.0,0.27,0.51,0.51,1.49,1.46,1.42,26.83,2.1,1.93,6.11,1.03,16.41,11.43,2.06,2.12,2.08,23.0,16.0,11.0,50.0,4.0,1.0,0.0,6.0,0.0,14.0,14.0,19.0,35.0,1.0,2.0,18.0,14.0,4.0,12.0,31.0,7.0,1.0,1.14,0.75,0.21,3.0,1.0,0.0,50.68,39.0,39.42,3.0,0.39,0.08,0.08,2.42,2.44,2.4
84808398482671,2025,Dahlin-Power,BUF,pairing,5on5,33,4372.0,260.0,0.67,0.66,0.64,50.91,3.77,3.39,12.97,1.79,28.09,20.98,3.58,3.76,3.57,49.0,22.0,36.0,107.0,2.0,8.0,1.0,14.0,0.0,25.0,22.0,47.0,69.0,5.0,13.0,29.0,26.0,3.0,20.0,57.0,11.0,3.0,1.74,1.38,0.66,1.0,0.0,1.0,105.62,71.0,70.67,5.0,0.71,1.0,0.96,3.52,3.52,3.41,28.38,1.88,1.93,6.82,0.99,15.59,12.78,1.84,1.88,1.84,24.0,16.0,14.0,54.0,3.0,2.0,0.0,4.0,0.0,15.0,16.0,21.0,37.0,6.0,12.0,38.0,20.0,4.0,24.0,34.0,6.0,0.0,1.13,0.75,0.0,2.0,1.0,0.0,55.31,40.0,40.87,12.0,0.41,0.21,0.21,2.08,2.09,2.04
847798784816248484197,2025,Donato-Moore-Mikheyev,CHI,line,5on5,7,1592.0,50.0,0.58,0.51,0.5,17.34,1.86,1.26,4.72,0.57,8.01,5.58,1.73,1.96,1.82,13.0,9.0,6.0,28.0,2.0,5.0,0.0,2.0,0.0,7.0,6.0,11.0,20.0,1.0,2.0,10.0,3.0,3.0,12.0,12.0,9.0,1.0,0.3,1.22,0.34,0.0,2.0,0.0,28.97,22.0,22.65,6.0,0.26,0.68,0.68,1.45,1.53,1.49,15.82,1.37,1.02,3.86,0.49,9.01,6.25,1.35,1.33,1.31,15.0,7.0,5.0,27.0,0.0,1.0,0.0,6.0,0.0,6.0,9.0,15.0,22.0,0.0,0.0,13.0,18.0,3.0,6.0,19.0,2.0,1.0,0.49,0.27,0.61,0.0,0.0,0.0,26.33,22.0,21.39,4.0,0.21,0.61,0.61,0.96,0.91,0.9
84784698481606,2025,Chabot-Spence,OTT,pairing,5on5,15,5713.0,61.0,0.63,0.6,0.59,61.82,5.16,4.34,15.09,2.02,34.28,24.1,4.99,5.2,5.02,49.0,36.0,31.0,116.0,8.0,7.0,1.0,9.0,0.0,29.0,32.0,41.0,77.0,5.0,13.0,46.0,44.0,9.0,29.0,68.0,15.0,2.0,2.37,1.9,0.89,4.0,4.0,0.0,115.09,85.0,85.41,14.0,0.9,1.56,1.56,4.5,4.48,4.35,40.6,3.02,2.98,9.59,1.41,23.6,17.39,2.99,3.05,3.02,46.0,12.0,20.0,78.0,6.0,6.0,1.0,11.0,0.0,17.0,18.0,40.0,52.0,7.0,17.0,32.0,31.0,11.0,32.0,47.0,9.0,2.0,1.4,1.09,0.53,4.0,2.0,0.0,78.78,58.0,58.8,22.0,0.62,0.49,0.49,3.14,3.17,3.15
847796084821558483808,2025,Kuzmenko-Laferriere-Kempe,LAK,line,5on5,6,1344.0,32.0,0.26,0.33,0.28,5.17,0.45,0.31,1.07,0.14,2.8,2.23,0.45,0.46,0.46,6.0,1.0,6.0,13.0,2.0,0.0,0.0,0.0,0.0,3.0,2.0,4.0,5.0,4.0,8.0,6.0,11.0,4.0,10.0,4.0,3.0,0.0,0.11,0.34,0.0,0.0,2.0,0.0,12.83,7.0,7.23,5.0,0.06,0.0,0.0,0.52,0.53,0.53,13.82,1.32,0.84,3.8,0.44,6.66,4.95,1.29,1.38,1.35,11.0,7.0,8.0,26.0,1.0,1.0,0.0,4.0,0.0,9.0,3.0,10.0,17.0,1.0,4.0,21.0,8.0,2.0,5.0,10.0,7.0,1.0,0.25,0.84,0.23,0.0,1.0,0.0,27.3,18.0,19.27,3.0,0.18,0.18,0.18,1.32,1.36,1.32
847576584788648483525,2025,Kaprizov-Yurov-Tarasenko,MIN,line,5on5,11,2213.0,107.0,0.64,0.42,0.49,17.03,1.84,1.22,3.83,0.48,9.25,6.38,1.8,1.77,1.73,16.0,7.0,6.0,29.0,1.0,0.0,0.0,3.0,0.0,9.0,10.0,15.0,22.0,3.0,6.0,15.0,12.0,7.0,10.0,14.0,7.0,2.0,0.43,0.78,0.63,1.0,0.0,0.0,28.51,23.0,22.71,3.0,0.26,0.0,0.0,2.09,2.02,1.98,18.09,1.02,0.96,4.53,0.54,9.01,7.93,1.0,1.02,1.0,14.0,10.0,16.0,40.0,0.0,1.0,0.0,3.0,0.0,7.0,13.0,14.0,24.0,2.0,4.0,27.0,13.0,3.0,12.0,21.0,2.0,1.0,0.48,0.2,0.34,0.0,0.0,0.0,39.63,24.0,23.75,10.0,0.2,0.34,0.34,0.88,0.88,0.86
84741518478416,2025,Mcdonagh-Cernak,TBL,pairing,5on5,15,10869.0,23.0,0.59,0.49,0.52,85.4,8.18,6.02,21.35,2.99,46.0,33.47,7.84,8.2,7.85,64.0,54.0,44.0,162.0,7.0,9.0,1.0,17.0,0.0,44.0,41.0,57.0,111.0,17.0,39.0,104.0,71.0,14.0,56.0,86.0,23.0,9.0,2.28,2.88,3.02,2.0,4.0,1.0,161.99,118.0,118.24,19.0,1.25,2.54,2.55,6.88,6.87,6.6,79.79,5.68,5.04,20.36,2.56,44.79,32.57,5.56,5.68,5.56,76.0,35.0,60.0,171.0,10.0,5.0,1.0,20.0,1.0,26.0,49.0,66.0,101.0,7.0,17.0,119.0,71.0,12.0,52.0,88.0,21.0,2.0,2.65,2.46,0.58,6.0,4.0,0.0,168.62,111.0,109.63,25.0,1.04,0.77,0.77,5.95,5.93,5.83
84815428484223,2025,Seider-Sandin-Pellikka,DET,pairing,5on5,24,1026.0,215.0,0.52,0.61,0.67,9.85,0.5,0.55,2.35,0.35,5.5,4.75,0.5,0.51,0.51,9.0,5.0,5.0,19.0,0.0,0.0,0.0,3.0,0.0,2.0,9.0,9.0,14.0,1.0,2.0,1.0,3.0,0.0,9.0,13.0,1.0,0.0,0.37,0.13,0.0,0.0,0.0,0.0,18.98,14.0,13.9,4.0,0.11,0.0,0.0,0.61,0.62,0.62,5.04,0.46,0.32,0.99,0.14,2.89,2.2,0.46,0.49,0.49,3.0,4.0,5.0,12.0,0.0,0.0,0.0,0.0,0.0,3.0,4.0,3.0,7.0,1.0,2.0,0.0,4.0,0.0,2.0,5.0,2.0,0.0,0.19,0.27,0.0,0.0,0.0,0.0,12.57,7.0,7.26,2.0,0.07,0.0,0.0,0.53,0.56,0.56
847578484849118485402,2025,Skinner-Misa-Graf,SJS,line,5on5,2,738.0,7.0,0.4,0.28,0.32,4.94,0.59,0.38,1.2,0.18,2.72,1.94,0.55,0.54,0.5,5.0,2.0,1.0,8.0,0.0,1.0,0.0,1.0,0.0,3.0,2.0,5.0,7.0,0.0,0.0,8.0,5.0,1.0,6.0,4.0,2.0,1.0,0.08,0.21,0.3,0.0,0.0,0.0,7.39,7.0,6.49,3.0,0.08,0.3,0.3,0.38,0.34,0.33,11.5,0.88,0.69,3.56,0.35,5.5,4.01,0.83,0.92,0.86,12.0,3.0,6.0,21.0,1.0,1.0,1.0,3.0,0.0,7.0,3.0,11.0,14.0,2.0,4.0,8.0,1.0,1.0,2.0,12.0,2.0,1.0,0.27,0.35,0.26,0.0,0.0,1.0,22.11,15.0,15.81,0.0,0.15,0.26,0.26,0.76,0.8,0.79
84768548477507,2025,Zadorov-Lindholm,BOS,pairing,5on5,25,2078.0,200.0,0.42,0.39,0.4,13.55,1.21,0.86,3.11,0.46,7.38,5.97,1.18,1.25,1.21,12.0,7.0,6.0,25.0,1.0,0.0,0.0,2.0,0.0,7.0,9.0,11.0,18.0,3.0,6.0,7.0,14.0,6.0,7.0,16.0,2.0,1.0,0.65,0.19,0.36,0.0,0.0,1.0,24.71,19.0,18.79,3.0,0.18,0.0,0.0,1.39,1.43,1.39,20.48,1.66,1.36,4.91,0.66,11.2,8.22,1.58,1.66,1.58,19.0,9.0,11.0,39.0,2.0,2.0,0.0,6.0,0.0,10.0,8.0,17.0,26.0,1.0,2.0,9.0,10.0,2.0,5.0,21.0,6.0,1.0,0.71,0.62,0.33,2.0,0.0,0.0,38.35,28.0,27.54,2.0,0.28,0.41,0.41,1.53,1.53,1.49
847584884781048480813,2025,Blais-Veleno-Gallagher,MTL,line,5on5,4,1569.0,13.0,0.47,0.56,0.57,15.18,0.87,0.97,3.89,0.48,8.52,6.27,0.83,0.91,0.87,13.0,8.0,4.0,25.0,0.0,1.0,0.0,5.0,0.0,5.0,10.0,13.0,21.0,1.0,2.0,12.0,24.0,4.0,2.0,18.0,3.0,0.0,0.53,0.34,0.0,0.0,0.0,0.0,25.66,21.0,21.59,0.0,0.2,0.12,0.12,0.95,0.99,0.95,11.92,0.98,0.77,2.99,0.42,6.3,4.53,0.93,0.96,0.9,11.0,5.0,4.0,20.0,0.0,2.0,0.0,2.0,0.0,6.0,6.0,11.0,16.0,1.0,2.0,16.0,14.0,0.0,9.0,10.0,6.0,0.0,0.28,0.7,0.0,0.0,0.0,0.0,20.4,16.0,15.89,5.0,0.16,0.22,0.22,0.93,0.9,0.88
847167584758108476483,2025,Rust-Crosby-Rakell,PIT,line,5on5,17,12389.0,18.0,0.42,0.48,0.48,100.14,7.84,7.38,25.38,3.44,56.58,40.38,7.53,7.9,7.6,84.0,57.0,52.0,193.0,10.0,6.0,0.0,25.0,1.0,59.0,40.0,74.0,131.0,8.0,16.0,136.0,56.0,18.0,67.0,111.0,23.0,7.0,3.3,2.93,1.61,4.0,4.0,2.0,196.91,141.0,142.7,31.0,1.55,0.79,0.79,8.6,8.69,8.44,108.59,10.98,7.31,27.71,3.71,58.0,42.28,10.52,10.93,10.47,94.0,56.0,59.0,209.0,6.0,16.0,2.0,19.0,0.0,52.0,57.0,88.0,144.0,13.0,26.0,123.0,68.0,11.0,59.0,107.0,31.0,12.0,3.02,4.06,3.91,0.0,4.0,2.0,204.04,150.0,148.15,29.0,1.52,3.6,3.6,8.9,8.86,8.75
847749684779568479987,2025,Geekie-Lindholm-Pastrnak,BOS,line,5on5,23,10783.0,88.0,0.42,0.45,0.46,87.3,6.38,5.19,23.29,2.97,45.54,35.62,6.23,6.29,6.15,82.0,37.0,51.0,170.0,8.0,8.0,2.0,11.0,0.0,50.0,42.0,74.0,111.0,14.0,28.0,117.0,73.0,18.0,72.0,93.0,21.0,5.0,2.57,2.55,1.26,5.0,2.0,1.0,168.44,119.0,118.13,29.0,1.09,1.42,1.42,6.05,5.99,5.92,101.96,8.84,6.88,26.67,3.6,53.85,39.15,8.49,9.02,8.65,81.0,58.0,67.0,206.0,11.0,12.0,1.0,17.0,0.0,62.0,37.0,70.0,128.0,19.0,38.0,98.0,76.0,14.0,61.0,102.0,27.0,10.0,2.67,3.63,2.55,5.0,5.0,1.0,208.71,139.0,141.94,23.0,1.44,2.11,2.11,8.17,8.32,8.17
847641984774078485702,2025,Duclair-Pageau-Shabanov,NYI,line,5on5,4,945.0,27.0,0.59,0.58,0.56,10.63,1.31,0.63,2.75,0.34,5.28,3.69,1.29,1.27,1.24,6.0,8.0,5.0,19.0,1.0,2.0,1.0,1.0,0.0,5.0,5.0,5.0,13.0,0.0,0.0,8.0,11.0,3.0,6.0,10.0,2.0,2.0,0.28,0.28,0.75,0.0,0.0,1.0,18.45,14.0,13.67,4.0,0.13,0.37,0.37,1.07,1.01,1.0,7.65,0.92,0.57,1.75,0.26,4.25,3.24,0.91,0.99,0.97,4.0,7.0,3.0,14.0,0.0,1.0,0.0,0.0,0.0,7.0,3.0,4.0,11.0,1.0,2.0,10.0,7.0,0.0,4.0,9.0,1.0,1.0,0.35,0.1,0.47,0.0,0.0,0.0,14.35,11.0,11.47,2.0,0.12,0.47,0.47,0.58,0.61,0.6
847515884768878484241,2025,Forsberg-O'Reilly-Wood,NSH,line,5on5,11,2194.0,103.0,0.46,0.45,0.42,19.73,2.31,1.49,4.99,0.63,9.74,6.84,2.19,2.22,2.11,24.0,2.0,10.0,36.0,4.0,4.0,1.0,4.0,0.0,6.0,8.0,20.0,22.0,3.0,6.0,18.0,13.0,7.0,8.0,17.0,4.0,5.0,0.44,0.47,1.4,1.0,2.0,1.0,35.1,26.0,25.53,3.0,0.32,1.16,1.16,1.46,1.41,1.38,25.91,2.76,1.98,6.47,0.91,13.72,10.14,2.65,2.9,2.78,18.0,18.0,8.0,44.0,0.0,2.0,0.0,9.0,0.0,9.0,16.0,18.0,36.0,1.0,2.0,19.0,15.0,2.0,15.0,27.0,6.0,3.0,0.85,0.93,0.99,0.0,0.0,0.0,45.27,36.0,37.06,5.0,0.42,0.66,0.66,2.53,2.63,2.49
847643884769258478434,2025,Saad-Sissons-Kolesar,VGK,line,5on5,13,3493.0,72.0,0.51,0.46,0.49,27.5,2.59,1.89,6.92,0.88,14.28,10.46,2.4,2.57,2.39,28.0,9.0,10.0,47.0,3.0,5.0,1.0,7.0,0.0,13.0,9.0,25.0,34.0,5.0,10.0,35.0,26.0,4.0,20.0,27.0,5.0,5.0,0.72,0.57,1.29,0.0,1.0,2.0,47.18,37.0,37.05,14.0,0.39,1.08,1.08,1.89,1.87,1.81,26.94,2.5,1.87,7.23,0.98,14.71,10.71,2.35,2.53,2.37,20.0,18.0,18.0,56.0,1.0,5.0,0.0,6.0,0.0,12.0,14.0,19.0,37.0,5.0,10.0,29.0,24.0,3.0,10.0,30.0,3.0,5.0,0.9,0.3,1.31,0.0,0.0,1.0,54.6,38.0,37.68,6.0,0.4,0.76,0.76,2.14,2.16,2.11
84769588482100,2025,Slavin-Nikishin,CAR,pairing,5on5,3,1284.0,12.0,0.71,0.5,0.56,13.88,1.41,0.93,3.62,0.44,7.38,5.23,1.31,1.5,1.4,11.0,8.0,2.0,21.0,1.0,2.0,1.0,3.0,0.0,7.0,6.0,10.0,18.0,0.0,0.0,11.0,10.0,1.0,6.0,14.0,3.0,2.0,0.47,0.36,0.58,0.0,0.0,1.0,22.48,19.0,20.24,3.0,0.19,0.58,0.58,1.02,1.09,1.07,11.33,0.58,0.73,2.99,0.38,6.1,4.22,0.58,0.54,0.53,11.0,4.0,6.0,21.0,0.0,2.0,0.0,5.0,0.0,3.0,5.0,11.0,15.0,4.0,8.0,13.0,11.0,1.0,5.0,12.0,3.0,0.0,0.24,0.34,0.0,0.0,0.0,0.0,19.16,15.0,13.76,3.0,0.15,0.18,0.18,0.55,0.51,0.51
84769798484223,2025,Gustafsson-Sandin-Pellikka,DET,pairing,5on5,1,801.0,2.0,0.26,0.35,0.4,4.43,0.29,0.26,1.19,0.13,2.37,1.76,0.29,0.27,0.27,3.0,3.0,1.0,7.0,0.0,0.0,0.0,1.0,0.0,3.0,2.0,3.0,6.0,0.0,0.0,7.0,2.0,1.0,5.0,4.0,2.0,0.0,0.12,0.17,0.0,0.0,0.0,0.0,6.74,6.0,5.77,3.0,0.06,0.0,0.0,0.34,0.33,0.33,7.33,0.84,0.36,2.2,0.25,2.87,2.48,0.8,0.88,0.85,5.0,4.0,4.0,13.0,1.0,2.0,1.0,1.0,0.0,1.0,4.0,4.0,8.0,0.0,0.0,8.0,9.0,0.0,2.0,8.0,0.0,1.0,0.3,0.0,0.53,1.0,0.0,0.0,13.56,9.0,9.41,0.0,0.08,0.61,0.61,0.31,0.32,0.32
847353384757918476921,2025,Hall-Staal-Martinook,CAR,line,5on5,13,782.0,133.0,0.3,0.41,0.48,7.83,0.6,0.46,2.41,0.26,4.3,2.97,0.52,0.59,0.51,5.0,6.0,1.0,12.0,0.0,3.0,0.0,1.0,0.0,1.0,6.0,5.0,11.0,1.0,2.0,10.0,5.0,0.0,6.0,9.0,1.0,1.0,0.29,0.08,0.23,0.0,0.0,0.0,12.19,11.0,11.16,4.0,0.1,0.33,0.33,0.36,0.36,0.34,9.1,1.43,0.62,2.8,0.36,3.96,2.84,1.2,1.43,1.2,9.0,3.0,5.0,17.0,0.0,4.0,0.0,1.0,0.0,4.0,3.0,9.0,12.0,0.0,0.0,3.0,9.0,2.0,1.0,7.0,2.0,3.0,0.21,0.3,0.92,0.0,0.0,0.0,16.33,12.0,11.49,0.0,0.13,0.85,0.85,0.72,0.71,0.67
847572684788748480848,2025,Toffoli-Dellandrea-Gaudette,SJS,line,5on5,3,1274.0,23.0,0.63,0.6,0.67,13.22,0.74,0.77,3.49,0.41,7.28,5.31,0.7,0.76,0.72,10.0,8.0,7.0,25.0,0.0,2.0,0.0,1.0,0.0,10.0,5.0,10.0,18.0,0.0,0.0,11.0,17.0,2.0,7.0,15.0,2.0,1.0,0.32,0.21,0.21,0.0,0.0,0.0,25.03,18.0,18.19,6.0,0.16,0.14,0.14,0.76,0.78,0.74,6.7,0.44,0.53,1.54,0.19,3.8,2.48,0.44,0.44,0.44,6.0,3.0,8.0,17.0,1.0,0.0,0.0,2.0,0.0,3.0,3.0,5.0,8.0,1.0,2.0,13.0,5.0,1.0,4.0,6.0,3.0,0.0,0.17,0.27,0.0,0.0,1.0,0.0,16.54,9.0,8.78,2.0,0.11,0.0,0.0,0.55,0.55,0.55
847794784821488484186,2025,Milano-Lapierre-Leonard,WSH,line,5on5,9,2293.0,70.0,0.54,0.61,0.6,26.53,2.3,1.7,6.76,0.97,13.9,10.37,2.28,2.27,2.25,27.0,9.0,18.0,54.0,2.0,2.0,0.0,7.0,0.0,13.0,12.0,25.0,34.0,2.0,4.0,15.0,18.0,4.0,12.0,28.0,6.0,2.0,0.95,0.73,0.61,2.0,0.0,0.0,54.98,36.0,35.98,6.0,0.36,0.47,0.47,2.18,2.16,2.14,18.69,1.98,0.97,4.34,0.62,8.48,7.61,1.76,1.95,1.74,14.0,10.0,11.0,35.0,0.0,4.0,0.0,2.0,0.0,6.0,12.0,14.0,24.0,1.0,2.0,16.0,14.0,3.0,11.0,16.0,5.0,3.0,0.41,0.68,0.89,0.0,0.0,0.0,34.44,24.0,23.88,6.0,0.2,1.02,1.02,1.16,1.16,1.14
847516884821458484829,2025,Hryckowian-Duchene-Bourque,DAL,line,5on5,6,630.0,59.0,0.57,0.43,0.38,3.96,0.41,0.26,1.14,0.11,1.77,1.31,0.41,0.4,0.4,3.0,2.0,4.0,9.0,0.0,0.0,0.0,2.0,0.0,2.0,1.0,3.0,5.0,0.0,0.0,5.0,4.0,2.0,6.0,4.0,0.0,1.0,0.18,0.0,0.23,0.0,0.0,0.0,8.99,5.0,4.91,3.0,0.05,0.0,0.0,0.47,0.45,0.45,5.98,0.31,0.34,1.77,0.21,3.12,2.25,0.29,0.34,0.31,5.0,3.0,4.0,12.0,0.0,2.0,0.0,0.0,0.0,2.0,4.0,5.0,8.0,1.0,2.0,6.0,7.0,1.0,6.0,7.0,1.0,0.0,0.21,0.1,0.0,0.0,0.0,0.0,12.99,8.0,8.65,3.0,0.07,0.17,0.17,0.21,0.22,0.22
847578684784028483512,2025,Hyman-Mcdavid-Savoie,EDM,line,5on5,6,1887.0,66.0,0.36,0.37,0.41,14.12,1.15,1.09,3.39,0.54,7.9,5.94,1.1,1.17,1.12,13.0,7.0,5.0,25.0,1.0,2.0,0.0,2.0,0.0,7.0,8.0,12.0,19.0,2.0,4.0,11.0,17.0,4.0,11.0,14.0,6.0,0.0,0.45,0.69,0.0,1.0,0.0,0.0,25.77,20.0,20.5,7.0,0.23,0.13,0.13,1.24,1.28,1.23,20.99,2.03,1.5,4.84,0.73,11.57,8.32,1.94,1.92,1.83,17.0,12.0,13.0,42.0,1.0,3.0,0.0,1.0,0.0,14.0,10.0,16.0,28.0,2.0,4.0,13.0,7.0,3.0,9.0,23.0,3.0,3.0,0.94,0.27,0.82,1.0,0.0,0.0,40.6,29.0,28.13,4.0,0.32,0.82,0.82,1.53,1.47,1.42
84781368482122,2025,Middleton-Faber,MIN,pairing,5on5,26,2435.0,196.0,0.41,0.46,0.43,15.64,1.05,1.01,3.8,0.5,8.47,6.17,1.0,1.07,1.01,11.0,10.0,13.0,34.0,1.0,1.0,0.0,0.0,0.0,10.0,9.0,10.0,20.0,0.0,0.0,16.0,17.0,6.0,3.0,16.0,5.0,0.0,0.36,0.69,0.0,0.0,1.0,0.0,36.04,21.0,21.89,0.0,0.21,0.04,0.17,1.09,1.1,1.08,19.91,1.54,1.38,5.46,0.7,10.99,7.93,1.46,1.45,1.38,16.0,12.0,12.0,40.0,1.0,3.0,0.0,3.0,0.0,7.0,14.0,15.0,27.0,2.0,4.0,17.0,19.0,5.0,13.0,22.0,5.0,1.0,0.57,0.74,0.23,0.0,1.0,0.0,38.44,28.0,26.68,6.0,0.29,0.41,0.41,1.42,1.36,1.34
847846384821488484186,2025,Beauvillier-Lapierre-Leonard,WSH,line,5on5,11,1384.0,134.0,0.43,0.34,0.41,11.04,0.99,0.57,2.97,0.39,5.59,4.48,0.97,1.0,0.98,9.0,6.0,0.0,15.0,0.0,3.0,0.0,1.0,0.0,6.0,5.0,9.0,15.0,2.0,4.0,6.0,13.0,3.0,11.0,12.0,1.0,2.0,0.34,0.12,0.53,0.0,0.0,0.0,14.92,15.0,14.86,2.0,0.12,0.55,0.55,0.56,0.56,0.56,14.34,1.33,1.13,3.83,0.57,8.94,6.2,1.3,1.36,1.34,10.0,12.0,7.0,29.0,0.0,3.0,0.0,2.0,0.0,9.0,8.0,10.0,22.0,1.0,2.0,7.0,11.0,0.0,6.0,18.0,2.0,2.0,0.53,0.23,0.57,0.0,0.0,0.0,28.15,22.0,21.65,3.0,0.24,0.6,0.6,0.97,0.94,0.93
847844584824768485702,2025,Heineman-Barzal-Shabanov,NYI,line,5on5,5,603.0,55.0,0.47,0.53,0.47,4.8,0.15,0.27,1.26,0.15,3.11,2.05,0.15,0.16,0.15,5.0,2.0,2.0,9.0,0.0,0.0,0.0,1.0,0.0,2.0,4.0,5.0,7.0,0.0,0.0,4.0,3.0,1.0,3.0,7.0,0.0,0.0,0.15,0.0,0.0,0.0,0.0,0.0,9.57,7.0,7.34,1.0,0.05,0.0,0.0,0.21,0.21,0.21,5.56,0.17,0.28,1.37,0.18,3.46,2.54,0.17,0.17,0.17,6.0,2.0,0.0,8.0,0.0,0.0,0.0,3.0,0.0,3.0,2.0,6.0,8.0,0.0,0.0,5.0,1.0,1.0,2.0,8.0,0.0,0.0,0.17,0.0,0.0,0.0,0.0,0.0,7.74,8.0,7.83,2.0,0.06,0.0,0.0,0.23,0.22,0.22
84763728478454,2025,Seeler-Juulsen,PHI,pairing,5on5,16,3848.0,93.0,0.43,0.44,0.43,26.37,2.58,1.78,6.53,0.85,14.12,10.14,2.34,2.51,2.28,26.0,10.0,16.0,52.0,2.0,6.0,0.0,6.0,0.0,7.0,15.0,24.0,34.0,4.0,10.0,19.0,51.0,4.0,20.0,27.0,6.0,3.0,0.87,0.82,0.9,1.0,1.0,0.0,49.64,36.0,34.6,11.0,0.37,1.08,1.08,1.87,1.83,1.8,34.36,3.41,2.2,8.82,1.2,18.45,12.92,3.37,3.47,3.43,29.0,18.0,19.0,66.0,3.0,4.0,0.0,2.0,0.0,18.0,20.0,26.0,44.0,6.0,12.0,21.0,17.0,7.0,21.0,30.0,14.0,3.0,0.85,1.71,0.85,1.0,1.0,1.0,69.03,47.0,48.85,9.0,0.46,0.64,0.64,3.23,3.32,3.31
847576584769948477451,2025,Hinostroza-Hartman-Tarasenko,MIN,line,5on5,10,4032.0,49.0,0.32,0.42,0.4,26.72,1.52,1.6,6.73,0.9,15.0,11.24,1.48,1.66,1.61,22.0,15.0,22.0,59.0,1.0,1.0,0.0,4.0,0.0,16.0,15.0,21.0,36.0,2.0,4.0,31.0,10.0,4.0,17.0,30.0,7.0,0.0,0.71,0.82,0.0,1.0,0.0,0.0,65.47,37.0,40.47,7.0,0.33,0.16,0.16,1.69,1.84,1.8,39.1,3.3,2.75,9.96,1.35,22.09,15.55,2.88,3.12,2.75,34.0,21.0,28.0,83.0,3.0,5.0,1.0,9.0,0.0,15.0,23.0,31.0,52.0,1.0,2.0,41.0,19.0,6.0,27.0,45.0,8.0,2.0,1.28,0.87,1.15,0.0,2.0,1.0,80.26,55.0,53.59,11.0,0.56,1.28,1.28,2.59,2.53,2.5
847795384793658481617,2025,Kapanen-Frederic-Podkolzin,EDM,line,5on5,2,1089.0,3.0,0.48,0.5,0.58,8.54,0.78,0.66,2.28,0.24,4.06,2.97,0.75,0.84,0.81,5.0,6.0,6.0,17.0,1.0,1.0,0.0,0.0,0.0,2.0,7.0,4.0,10.0,2.0,4.0,7.0,10.0,1.0,6.0,7.0,4.0,0.0,0.21,0.57,0.0,0.0,1.0,0.0,17.9,11.0,11.62,1.0,0.14,0.19,0.19,0.73,0.78,0.76,6.35,0.84,0.52,1.38,0.17,2.86,2.23,0.84,0.8,0.8,5.0,3.0,9.0,17.0,0.0,0.0,0.0,1.0,0.0,4.0,3.0,5.0,8.0,0.0,0.0,8.0,11.0,0.0,3.0,4.0,3.0,1.0,0.15,0.41,0.28,0.0,0.0,0.0,16.22,8.0,7.73,3.0,0.11,0.0,0.0,0.95,0.9,0.9
847844984800278482145,2025,Robertson-Hintz-Bourque,DAL,line,5on5,17,4308.0,174.0,0.58,0.59,0.57,48.49,4.38,3.3,12.57,1.68,26.28,18.79,4.31,4.42,4.36,35.0,32.0,29.0,96.0,5.0,5.0,1.0,8.0,0.0,20.0,29.0,30.0,62.0,5.0,10.0,36.0,11.0,6.0,18.0,51.0,13.0,3.0,1.93,1.63,0.83,3.0,1.0,1.0,97.95,67.0,68.52,9.0,0.7,0.44,0.58,4.49,4.53,4.47,37.22,3.17,2.56,9.85,1.28,19.08,14.07,3.02,3.05,2.91,25.0,25.0,16.0,66.0,5.0,7.0,1.0,8.0,0.0,11.0,19.0,20.0,45.0,6.0,12.0,32.0,28.0,3.0,32.0,37.0,9.0,4.0,1.1,1.13,0.93,2.0,1.0,2.0,64.3,50.0,48.72,16.0,0.54,1.13,1.13,2.57,2.53,2.49
847464184774068478233,2025,Mangiapane-Henrique-Janmark,EDM,line,5on5,13,3108.0,109.0,0.55,0.44,0.57,20.5,2.05,1.52,4.96,0.69,10.43,7.35,1.99,2.03,1.97,13.0,14.0,9.0,36.0,1.0,4.0,1.0,3.0,1.0,11.0,7.0,12.0,26.0,3.0,6.0,21.0,14.0,3.0,15.0,18.0,6.0,3.0,0.53,0.67,0.85,0.0,0.0,1.0,37.06,27.0,26.98,9.0,0.32,0.96,0.96,1.41,1.4,1.39,14.7,1.68,0.76,4.06,0.46,7.4,5.64,1.44,1.69,1.46,15.0,5.0,26.0,46.0,1.0,2.0,0.0,5.0,0.0,5.0,7.0,14.0,19.0,0.0,0.0,23.0,27.0,4.0,10.0,16.0,1.0,3.0,0.35,0.09,1.24,0.0,0.0,1.0,43.57,20.0,19.9,4.0,0.16,0.97,0.97,0.87,0.91,0.9
847887484849118485402,2025,Graf-Misa-Gaudette,SJS,line,5on5,3,1256.0,9.0,0.73,0.58,0.57,10.73,1.69,0.79,2.14,0.29,4.73,3.35,1.59,1.8,1.69,9.0,4.0,5.0,18.0,3.0,2.0,1.0,4.0,0.0,2.0,2.0,6.0,10.0,0.0,0.0,8.0,10.0,1.0,7.0,5.0,6.0,2.0,0.11,0.89,0.69,0.0,2.0,1.0,18.56,13.0,13.38,5.0,0.17,0.69,0.69,1.17,1.23,1.21,7.64,0.61,0.61,1.8,0.24,3.81,2.93,0.61,0.61,0.6,7.0,3.0,3.0,13.0,0.0,1.0,0.0,0.0,0.0,3.0,6.0,7.0,10.0,2.0,4.0,9.0,8.0,0.0,9.0,7.0,3.0,0.0,0.21,0.4,0.0,0.0,0.0,0.0,13.04,10.0,10.11,5.0,0.13,0.11,0.11,0.63,0.62,0.62
848205584834768485385,2025,O'Connor-Cootes-Lekkerimki,VAN,line,5on5,2,833.0,5.0,0.11,0.3,0.32,5.09,0.19,0.26,1.32,0.17,2.84,2.23,0.19,0.19,0.19,2.0,5.0,3.0,10.0,0.0,0.0,0.0,0.0,0.0,4.0,3.0,2.0,7.0,1.0,2.0,2.0,8.0,1.0,11.0,7.0,0.0,0.0,0.19,0.0,0.0,0.0,0.0,0.0,9.7,7.0,6.76,8.0,0.05,0.0,0.0,0.24,0.24,0.24,11.96,1.59,1.06,2.87,0.43,5.67,3.38,1.43,1.67,1.5,11.0,4.0,8.0,23.0,0.0,3.0,0.0,0.0,0.0,8.0,4.0,11.0,15.0,0.0,0.0,2.0,3.0,3.0,7.0,6.0,7.0,2.0,0.22,0.89,0.48,0.0,0.0,0.0,25.35,15.0,16.41,1.0,0.22,0.61,0.61,1.2,1.27,1.22
84717248478450,2025,Wotherspoon-Letang,PIT,pairing,5on5,26,1600.0,176.0,0.22,0.3,0.27,7.53,0.59,0.48,1.76,0.24,3.78,3.16,0.58,0.61,0.61,8.0,2.0,3.0,13.0,0.0,1.0,0.0,3.0,0.0,0.0,6.0,8.0,10.0,3.0,6.0,1.0,10.0,1.0,3.0,9.0,0.0,1.0,0.31,0.0,0.28,0.0,0.0,0.0,13.44,10.0,10.19,1.0,0.1,0.28,0.28,0.41,0.4,0.4,20.87,2.13,1.47,4.78,0.66,10.51,7.46,1.91,2.08,1.87,19.0,8.0,4.0,31.0,3.0,4.0,1.0,2.0,0.0,7.0,11.0,16.0,24.0,2.0,7.0,3.0,8.0,1.0,3.0,17.0,8.0,2.0,0.53,1.11,0.49,1.0,1.0,1.0,29.49,27.0,26.17,3.0,0.31,0.68,0.68,1.75,1.73,1.69
84781788480426,2025,D'Astous-Raddysh,TBL,pairing,5on5,29,2723.0,212.0,0.47,0.53,0.51,28.06,2.53,1.63,6.74,0.88,13.98,11.24,2.45,2.62,2.55,23.0,14.0,14.0,51.0,5.0,2.0,0.0,4.0,0.0,13.0,13.0,18.0,32.0,3.0,9.0,7.0,14.0,2.0,11.0,24.0,11.0,2.0,0.64,1.36,0.53,1.0,3.0,1.0,52.85,37.0,38.71,5.0,0.34,0.4,0.5,2.37,2.47,2.41,26.42,2.85,2.15,6.34,0.93,13.6,9.14,2.63,2.81,2.59,23.0,12.0,10.0,45.0,5.0,5.0,1.0,4.0,0.0,8.0,13.0,18.0,30.0,4.0,11.0,13.0,21.0,3.0,12.0,23.0,10.0,2.0,0.77,1.36,0.72,3.0,2.0,0.0,42.91,35.0,34.22,7.0,0.45,1.24,1.24,2.06,2.02,1.97
84808798484223,2025,Sandin-Pellikka-Bernard-Docker,DET,pairing,5on5,7,1159.0,53.0,0.36,0.45,0.45,7.55,0.42,0.4,1.64,0.22,4.0,3.31,0.41,0.4,0.4,8.0,2.0,4.0,14.0,0.0,1.0,0.0,2.0,0.0,3.0,4.0,8.0,10.0,0.0,0.0,8.0,4.0,1.0,6.0,9.0,1.0,0.0,0.25,0.16,0.0,0.0,0.0,0.0,13.11,10.0,9.54,1.0,0.08,0.16,0.16,0.33,0.32,0.32,9.13,0.75,0.51,2.36,0.27,4.46,3.65,0.74,0.79,0.78,11.0,1.0,5.0,17.0,0.0,1.0,0.0,5.0,0.0,2.0,4.0,11.0,12.0,0.0,0.0,13.0,11.0,0.0,5.0,9.0,1.0,2.0,0.24,0.1,0.41,0.0,0.0,0.0,18.48,12.0,12.91,2.0,0.11,0.2,0.2,0.65,0.69,0.69
847841484800028481721,2025,Meier-Hischier-Gritsyuk,NJD,line,5on5,13,2356.0,153.0,0.53,0.55,0.53,24.23,2.11,1.73,6.36,0.83,13.05,8.93,1.95,2.09,1.92,17.0,16.0,13.0,46.0,1.0,4.0,0.0,3.0,0.0,13.0,12.0,16.0,32.0,2.0,4.0,24.0,16.0,6.0,8.0,24.0,7.0,2.0,0.59,0.93,0.59,1.0,0.0,0.0,46.28,33.0,33.29,5.0,0.36,0.68,0.68,1.79,1.77,1.74,20.54,1.9,1.58,4.92,0.73,11.34,8.53,1.65,1.91,1.67,15.0,14.0,8.0,37.0,0.0,6.0,0.0,1.0,0.0,12.0,10.0,15.0,29.0,2.0,4.0,21.0,12.0,2.0,19.0,23.0,3.0,3.0,0.64,0.39,0.87,0.0,0.0,0.0,37.16,29.0,29.22,11.0,0.34,1.17,1.17,1.06,1.09,1.03
84815638482803,2025,Zellweger-Helleson,ANA,pairing,5on5,32,3661.0,213.0,0.43,0.54,0.57,37.46,2.05,2.04,9.74,1.19,19.13,15.85,2.04,2.02,2.0,29.0,21.0,17.0,67.0,2.0,0.0,0.0,10.0,0.0,11.0,27.0,27.0,48.0,4.0,8.0,19.0,22.0,9.0,22.0,42.0,8.0,0.0,1.2,0.85,0.0,1.0,1.0,0.0,65.33,50.0,49.25,11.0,0.41,0.0,0.0,2.47,2.43,2.42,28.69,2.68,1.85,7.46,0.88,14.1,10.04,2.47,2.69,2.49,25.0,12.0,19.0,56.0,1.0,6.0,0.0,8.0,0.0,8.0,14.0,24.0,36.0,2.0,4.0,22.0,32.0,3.0,15.0,26.0,9.0,2.0,0.82,1.28,0.58,0.0,1.0,0.0,56.98,37.0,37.55,9.0,0.39,1.14,1.14,1.92,1.94,1.91
847398684783668480068,2025,Killorn-Poehling-Vatrano,ANA,line,5on5,8,1787.0,65.0,0.37,0.59,0.5,15.56,0.7,0.84,4.1,0.51,8.17,6.68,0.68,0.7,0.68,14.0,7.0,17.0,38.0,0.0,0.0,0.0,3.0,0.0,12.0,6.0,14.0,21.0,1.0,2.0,10.0,6.0,1.0,11.0,18.0,3.0,0.0,0.36,0.34,0.0,0.0,0.0,0.0,37.94,21.0,21.33,7.0,0.17,0.0,0.0,0.87,0.87,0.85,16.0,1.2,1.01,3.92,0.48,8.33,6.05,1.19,1.2,1.19,12.0,9.0,5.0,26.0,1.0,0.0,0.0,1.0,0.0,12.0,7.0,11.0,20.0,2.0,4.0,19.0,18.0,2.0,6.0,17.0,3.0,1.0,0.6,0.33,0.27,1.0,0.0,0.0,26.47,21.0,21.55,3.0,0.22,0.0,0.0,1.42,1.42,1.41
847742584817168482705,2025,Wood-Sillinger-Voronkov,CBJ,line,5on5,2,652.0,7.0,0.46,0.36,0.4,3.93,0.24,0.26,1.02,0.15,2.46,1.86,0.24,0.27,0.27,4.0,2.0,3.0,9.0,1.0,0.0,0.0,1.0,0.0,2.0,2.0,3.0,5.0,1.0,2.0,4.0,3.0,2.0,8.0,5.0,1.0,0.0,0.13,0.11,0.0,1.0,0.0,0.0,9.96,6.0,6.71,6.0,0.05,0.0,0.0,0.3,0.33,0.33,6.29,0.29,0.34,1.77,0.22,3.69,2.69,0.29,0.27,0.27,7.0,2.0,7.0,16.0,1.0,0.0,0.0,4.0,0.0,4.0,0.0,6.0,8.0,1.0,2.0,14.0,2.0,1.0,3.0,9.0,0.0,0.0,0.29,0.0,0.0,1.0,0.0,0.0,15.2,9.0,8.62,0.0,0.07,0.0,0.0,0.36,0.34,0.34
847961984826998483431,2025,Carcone-Cooley-Guenther,UTA,line,5on5,9,1617.0,79.0,0.63,0.63,0.62,19.98,1.7,1.3,5.73,0.77,11.3,8.2,1.62,1.59,1.51,19.0,10.0,10.0,39.0,0.0,4.0,0.0,5.0,0.0,14.0,6.0,19.0,29.0,5.0,10.0,8.0,16.0,0.0,6.0,22.0,5.0,2.0,0.57,0.6,0.53,0.0,0.0,0.0,36.7,29.0,27.48,4.0,0.27,0.65,0.65,1.32,1.23,1.21,12.69,1.02,0.84,3.61,0.49,6.85,5.19,0.98,1.05,1.01,9.0,9.0,5.0,23.0,1.0,1.0,0.0,3.0,0.0,8.0,5.0,8.0,17.0,4.0,8.0,17.0,21.0,2.0,9.0,15.0,2.0,1.0,0.58,0.23,0.21,1.0,0.0,0.0,24.18,18.0,18.69,3.0,0.18,0.21,0.21,0.98,1.03,1.0
847699484834528483499,2025,Ohgren-Haight-Hinostroza,MIN,line,5on5,2,770.0,8.0,0.22,0.38,0.39,4.96,0.31,0.26,1.34,0.17,2.68,2.24,0.29,0.29,0.27,5.0,2.0,2.0,9.0,0.0,0.0,0.0,1.0,0.0,3.0,3.0,5.0,7.0,1.0,2.0,6.0,8.0,1.0,3.0,6.0,1.0,0.0,0.18,0.12,0.0,0.0,0.0,0.0,8.69,7.0,6.52,1.0,0.05,0.0,0.0,0.36,0.34,0.32,8.71,1.09,0.67,1.77,0.25,4.14,3.08,1.04,1.06,1.02,6.0,5.0,4.0,15.0,1.0,1.0,0.0,1.0,0.0,5.0,3.0,5.0,10.0,0.0,0.0,9.0,6.0,2.0,4.0,7.0,2.0,2.0,0.28,0.22,0.59,0.0,0.0,1.0,14.67,11.0,10.89,2.0,0.14,0.38,0.38,0.85,0.87,0.83
84808078480891,2025,Samuelsson-Kesselring,BUF,pairing,5on5,10,809.0,88.0,0.89,0.71,0.77,7.88,0.82,0.43,1.91,0.24,3.55,3.05,0.79,0.87,0.83,5.0,5.0,5.0,15.0,2.0,1.0,0.0,2.0,0.0,1.0,4.0,3.0,8.0,1.0,2.0,5.0,5.0,2.0,3.0,6.0,3.0,1.0,0.12,0.31,0.39,0.0,2.0,0.0,14.66,10.0,9.98,1.0,0.09,0.39,0.39,0.52,0.53,0.52,2.06,0.11,0.12,0.54,0.07,1.21,0.96,0.1,0.11,0.11,2.0,1.0,3.0,6.0,1.0,0.0,0.0,0.0,0.0,0.0,2.0,1.0,2.0,1.0,2.0,0.0,4.0,1.0,3.0,2.0,1.0,0.0,0.03,0.08,0.0,0.0,1.0,0.0,6.13,3.0,3.1,0.0,0.02,0.0,0.0,0.13,0.14,0.14
847578484808488483630,2025,Regenda-Dellandrea-Skinner,SJS,line,5on5,2,936.0,7.0,0.39,0.47,0.5,7.92,0.69,0.59,1.88,0.25,4.51,3.09,0.67,0.62,0.6,8.0,3.0,3.0,14.0,1.0,1.0,0.0,3.0,0.0,2.0,4.0,7.0,10.0,2.0,4.0,12.0,6.0,1.0,7.0,9.0,1.0,1.0,0.24,0.18,0.26,0.0,0.0,1.0,12.72,11.0,10.17,3.0,0.12,0.18,0.18,0.63,0.57,0.57,8.23,1.1,0.72,2.02,0.35,3.92,2.88,0.98,1.2,1.07,7.0,4.0,5.0,16.0,1.0,4.0,0.0,1.0,0.0,4.0,1.0,6.0,10.0,2.0,4.0,4.0,4.0,2.0,4.0,8.0,0.0,3.0,0.33,0.0,0.77,1.0,0.0,0.0,17.29,11.0,11.91,1.0,0.16,0.81,0.81,0.45,0.48,0.47
847584284824608482747,2025,Othmann-Carrick-Rempe,NYR,line,5on5,4,1249.0,15.0,0.64,0.61,0.6,13.83,1.63,0.97,3.27,0.43,6.53,5.18,1.51,1.66,1.54,10.0,8.0,9.0,27.0,0.0,2.0,0.0,3.0,0.0,4.0,9.0,10.0,18.0,1.0,2.0,7.0,17.0,2.0,6.0,10.0,4.0,4.0,0.25,0.39,0.99,0.0,0.0,0.0,27.55,18.0,18.17,5.0,0.2,0.53,0.53,1.3,1.34,1.33,8.55,0.9,0.59,2.35,0.31,4.51,3.35,0.86,0.92,0.88,10.0,2.0,5.0,17.0,1.0,3.0,1.0,1.0,0.0,2.0,5.0,9.0,11.0,0.0,0.0,6.0,8.0,0.0,7.0,9.0,2.0,1.0,0.34,0.33,0.23,0.0,0.0,1.0,17.1,12.0,12.3,4.0,0.12,0.46,0.46,0.56,0.57,0.57
847523184816018484958,2025,Holmstrom-Cizikas-Tsyplakov,NYI,line,5on5,3,616.0,16.0,0.22,0.42,0.37,5.09,0.18,0.29,1.42,0.17,2.96,2.0,0.18,0.17,0.17,4.0,3.0,3.0,10.0,1.0,1.0,0.0,1.0,0.0,2.0,2.0,3.0,6.0,2.0,4.0,1.0,2.0,1.0,3.0,7.0,0.0,0.0,0.18,0.0,0.0,1.0,0.0,0.0,9.61,7.0,6.86,3.0,0.06,0.02,0.02,0.21,0.21,0.21,8.9,0.63,0.61,1.95,0.25,4.84,3.71,0.63,0.66,0.66,9.0,3.0,2.0,14.0,3.0,0.0,0.0,1.0,0.0,6.0,2.0,6.0,9.0,0.0,0.0,8.0,5.0,2.0,1.0,10.0,2.0,0.0,0.37,0.26,0.0,2.0,1.0,0.0,15.0,12.0,12.53,1.0,0.13,0.0,0.0,0.76,0.79,0.79
848022084815538484387,2025,Michkov-Cates-Brink,PHI,line,5on5,15,4781.0,123.0,0.6,0.52,0.51,33.41,2.6,2.09,8.41,1.11,18.34,13.46,2.55,2.75,2.69,32.0,14.0,28.0,74.0,5.0,2.0,0.0,6.0,0.0,17.0,16.0,27.0,41.0,6.0,15.0,39.0,27.0,1.0,12.0,38.0,6.0,2.0,1.11,0.93,0.57,2.0,3.0,0.0,77.06,46.0,48.23,7.0,0.43,0.44,0.44,2.59,2.77,2.74,32.2,1.74,1.81,8.25,1.06,17.49,13.66,1.69,1.65,1.61,30.0,14.0,25.0,69.0,1.0,2.0,0.0,5.0,0.0,15.0,21.0,29.0,43.0,3.0,9.0,45.0,37.0,6.0,19.0,37.0,6.0,1.0,0.87,0.66,0.21,0.0,1.0,0.0,67.15,44.0,42.16,8.0,0.37,0.03,0.03,2.08,1.98,1.92
84784608483485,2025,Mateychuk-Werenski,CBJ,pairing,5on5,30,14700.0,148.0,0.54,0.54,0.53,148.3,12.19,9.67,35.38,4.65,78.6,59.51,11.71,12.27,11.79,138.0,62.0,77.0,277.0,13.0,11.0,1.0,31.0,1.0,84.0,60.0,125.0,187.0,15.0,39.0,130.0,91.0,20.0,52.0,153.0,39.0,8.0,5.0,4.96,2.24,8.0,4.0,1.0,280.17,200.0,202.0,27.0,2.02,2.48,2.48,11.74,11.79,11.48,125.54,10.29,8.13,33.32,4.4,68.04,49.82,9.84,10.13,9.7,113.0,61.0,63.0,237.0,10.0,14.0,1.0,24.0,0.0,61.0,65.0,103.0,164.0,19.0,46.0,105.0,64.0,26.0,87.0,138.0,26.0,10.0,4.1,3.38,2.81,6.0,2.0,2.0,232.47,174.0,171.26,37.0,1.68,3.12,3.12,8.86,8.73,8.55
848044884829478484149,2025,Bardakov-Kelly-Brindley,COL,line,5on5,11,3312.0,46.0,0.53,0.61,0.6,41.45,3.5,2.62,10.07,1.34,20.85,16.61,3.37,3.56,3.43,42.0,13.0,23.0,78.0,4.0,4.0,1.0,7.0,0.0,22.0,18.0,38.0,51.0,3.0,6.0,23.0,26.0,7.0,13.0,41.0,8.0,6.0,0.99,1.04,1.47,3.0,0.0,1.0,83.34,55.0,57.16,6.0,0.55,1.02,1.02,3.02,3.07,2.98,26.39,3.07,1.71,6.26,0.96,13.62,10.38,2.79,2.94,2.68,18.0,18.0,13.0,49.0,2.0,7.0,1.0,4.0,0.0,14.0,9.0,16.0,34.0,5.0,10.0,41.0,38.0,2.0,16.0,24.0,8.0,4.0,0.7,1.1,1.27,1.0,0.0,1.0,46.46,36.0,34.56,8.0,0.36,1.63,1.63,1.8,1.73,1.7
847795184793438480855,2025,Mcbain-Schmaltz-Keller,UTA,line,5on5,12,1425.0,138.0,0.51,0.46,0.51,13.35,1.41,0.9,3.58,0.44,6.84,4.83,1.35,1.45,1.39,15.0,3.0,5.0,23.0,1.0,3.0,0.0,6.0,0.0,5.0,3.0,14.0,17.0,2.0,4.0,9.0,4.0,1.0,10.0,13.0,2.0,3.0,0.35,0.24,0.81,0.0,0.0,1.0,22.93,18.0,17.91,4.0,0.19,0.52,0.52,1.07,1.1,1.08,12.83,1.37,0.82,3.17,0.42,6.46,4.77,1.29,1.37,1.29,9.0,8.0,10.0,27.0,2.0,4.0,0.0,1.0,0.0,4.0,6.0,7.0,15.0,0.0,0.0,18.0,14.0,2.0,8.0,10.0,6.0,1.0,0.34,0.71,0.32,1.0,1.0,0.0,26.93,17.0,17.2,5.0,0.17,0.61,0.61,0.93,0.93,0.91
847121584716758475810,2025,Malkin-Crosby-Rust,PIT,line,5on5,13,1302.0,107.0,0.66,0.59,0.61,14.07,1.59,1.05,3.53,0.48,6.91,5.44,1.47,1.63,1.51,14.0,5.0,4.0,23.0,0.0,2.0,0.0,4.0,0.0,10.0,3.0,14.0,19.0,1.0,2.0,10.0,3.0,1.0,11.0,12.0,5.0,2.0,0.38,0.73,0.48,0.0,0.0,0.0,23.11,19.0,19.25,3.0,0.22,0.39,0.39,1.43,1.48,1.41,9.53,0.84,0.68,2.66,0.31,4.32,3.19,0.81,0.84,0.82,9.0,3.0,4.0,16.0,2.0,0.0,0.0,2.0,0.0,3.0,5.0,7.0,10.0,2.0,4.0,17.0,10.0,1.0,10.0,9.0,2.0,1.0,0.29,0.32,0.23,2.0,0.0,0.0,16.55,12.0,12.2,6.0,0.15,0.0,0.0,0.98,0.99,0.97
847740484774168478010,2025,Guentzel-Point-Bjorkstrand,TBL,line,5on5,11,2447.0,97.0,0.54,0.52,0.52,20.96,1.38,1.35,6.24,0.72,11.26,8.06,1.34,1.41,1.37,21.0,8.0,11.0,40.0,3.0,2.0,0.0,4.0,0.0,10.0,10.0,18.0,26.0,3.0,6.0,20.0,9.0,1.0,2.0,24.0,5.0,0.0,0.65,0.72,0.0,2.0,1.0,0.0,41.81,29.0,29.69,1.0,0.29,0.19,0.19,1.47,1.52,1.5,19.54,1.17,1.0,5.53,0.61,10.61,8.08,1.17,1.15,1.14,20.0,7.0,10.0,37.0,1.0,0.0,0.0,5.0,0.0,8.0,13.0,19.0,26.0,1.0,2.0,17.0,18.0,5.0,18.0,24.0,1.0,2.0,0.59,0.08,0.5,0.0,0.0,1.0,34.35,27.0,25.9,11.0,0.2,0.0,0.0,1.37,1.34,1.33
847846284815828482259,2025,Robertson-Roy-Mcmann,TOR,line,5on5,13,1740.0,173.0,0.29,0.35,0.38,11.86,0.69,0.72,3.44,0.41,6.06,4.68,0.69,0.73,0.72,9.0,7.0,3.0,19.0,2.0,3.0,0.0,1.0,0.0,5.0,5.0,7.0,14.0,4.0,8.0,5.0,21.0,5.0,10.0,15.0,1.0,0.0,0.54,0.16,0.0,2.0,0.0,0.0,19.42,16.0,16.43,5.0,0.15,0.23,0.23,0.62,0.64,0.63,18.75,1.66,1.21,4.67,0.59,10.45,7.42,1.6,1.62,1.56,15.0,11.0,9.0,35.0,0.0,1.0,0.0,4.0,0.0,10.0,11.0,15.0,26.0,2.0,4.0,14.0,13.0,3.0,8.0,18.0,7.0,1.0,0.52,0.93,0.21,0.0,0.0,0.0,34.47,26.0,25.49,4.0,0.25,0.21,0.21,1.7,1.66,1.6
84751818482861,2025,Leddy-Iorio,SJS,pairing,5on5,4,1671.0,23.0,0.58,0.55,0.52,12.52,1.3,0.89,2.8,0.4,6.61,5.0,1.28,1.28,1.26,14.0,3.0,9.0,26.0,1.0,1.0,0.0,3.0,0.0,8.0,4.0,13.0,16.0,0.0,0.0,12.0,9.0,1.0,10.0,10.0,6.0,1.0,0.29,0.78,0.23,0.0,1.0,0.0,25.0,17.0,16.5,4.0,0.19,0.23,0.23,1.26,1.24,1.23,12.22,0.95,0.81,2.85,0.38,6.43,4.57,0.93,0.96,0.95,10.0,6.0,5.0,21.0,2.0,1.0,1.0,1.0,0.0,4.0,8.0,8.0,14.0,0.0,0.0,12.0,5.0,2.0,7.0,13.0,2.0,1.0,0.47,0.26,0.22,1.0,0.0,1.0,21.47,16.0,16.44,5.0,0.17,0.22,0.22,0.9,0.91,0.91
847517084804598483516,2025,Schenn-Suter-Snuggerud,STL,line,5on5,7,849.0,77.0,0.29,0.28,0.23,3.71,0.24,0.15,0.84,0.12,1.82,1.82,0.24,0.25,0.25,2.0,3.0,3.0,8.0,0.0,0.0,0.0,0.0,0.0,1.0,4.0,2.0,5.0,0.0,0.0,7.0,5.0,1.0,3.0,4.0,1.0,0.0,0.13,0.11,0.0,0.0,0.0,0.0,8.26,5.0,5.17,2.0,0.03,0.0,0.0,0.27,0.29,0.29,12.43,0.6,0.73,2.97,0.38,7.09,5.21,0.6,0.58,0.58,13.0,4.0,4.0,21.0,0.0,0.0,0.0,4.0,0.0,3.0,10.0,13.0,17.0,0.0,0.0,6.0,4.0,0.0,4.0,16.0,1.0,0.0,0.48,0.12,0.0,0.0,0.0,0.0,20.41,17.0,16.54,2.0,0.15,0.0,0.0,0.75,0.72,0.72
847742984793378481077,2025,Leonard-Copp-Debrincat,DET,line,5on5,6,3327.0,14.0,0.58,0.53,0.53,31.86,2.77,1.92,8.16,1.08,17.02,13.05,2.73,2.82,2.78,27.0,17.0,18.0,62.0,2.0,4.0,1.0,7.0,0.0,12.0,19.0,25.0,42.0,3.0,6.0,27.0,16.0,8.0,15.0,30.0,11.0,3.0,0.77,1.25,0.75,1.0,0.0,1.0,62.14,44.0,44.39,3.0,0.4,0.7,0.7,2.47,2.48,2.46,27.81,1.99,1.76,7.04,1.0,15.42,11.79,1.96,2.04,2.02,19.0,20.0,17.0,56.0,4.0,1.0,0.0,4.0,0.0,16.0,14.0,15.0,35.0,2.0,4.0,23.0,20.0,4.0,14.0,31.0,7.0,1.0,0.93,0.81,0.25,0.0,4.0,0.0,56.27,39.0,39.74,9.0,0.36,0.01,0.01,2.34,2.4,2.38
847519184768818481604,2025,Smith-Hertl-Dorofeyev,VGK,line,5on5,9,1887.0,74.0,0.49,0.48,0.47,12.17,1.01,0.75,2.8,0.4,6.71,5.32,0.97,1.05,1.01,9.0,8.0,7.0,24.0,0.0,1.0,0.0,4.0,0.0,8.0,4.0,9.0,17.0,3.0,6.0,16.0,11.0,0.0,12.0,13.0,3.0,1.0,0.37,0.33,0.31,0.0,0.0,0.0,24.39,17.0,17.08,6.0,0.15,0.31,0.31,0.86,0.89,0.88,13.81,1.04,0.91,3.57,0.45,7.71,5.34,1.01,0.99,0.96,11.0,8.0,7.0,26.0,1.0,2.0,1.0,1.0,0.0,9.0,6.0,10.0,18.0,2.0,4.0,13.0,18.0,2.0,8.0,16.0,2.0,1.0,0.55,0.28,0.21,0.0,1.0,0.0,25.15,19.0,18.5,4.0,0.19,0.34,0.34,0.88,0.84,0.81
847591384784838479353,2025,Stone-Howden-Marner,VGK,line,5on5,11,6067.0,30.0,0.68,0.62,0.66,61.37,5.55,4.43,14.09,1.9,33.4,23.64,5.42,5.58,5.46,58.0,25.0,31.0,114.0,7.0,4.0,1.0,12.0,0.0,31.0,29.0,51.0,76.0,5.0,10.0,62.0,24.0,13.0,35.0,59.0,19.0,5.0,1.9,2.35,1.29,2.0,2.0,3.0,113.48,83.0,83.02,6.0,0.93,0.98,0.98,5.5,5.5,5.4,31.49,2.58,1.94,8.29,1.08,16.67,12.45,2.44,2.64,2.51,29.0,14.0,28.0,71.0,4.0,5.0,0.0,7.0,0.0,12.0,15.0,25.0,39.0,4.0,8.0,58.0,43.0,9.0,31.0,31.0,9.0,3.0,0.7,1.21,0.66,1.0,2.0,1.0,72.05,43.0,43.48,20.0,0.4,0.66,0.66,2.32,2.38,2.36
847688184816048482125,2025,Dorofeyev-Hertl-Holtz,VGK,line,5on5,7,2584.0,56.0,0.39,0.42,0.37,17.53,1.77,1.36,4.02,0.54,9.8,6.5,1.66,1.75,1.64,12.0,12.0,13.0,37.0,5.0,1.0,0.0,3.0,0.0,10.0,5.0,7.0,19.0,3.0,9.0,29.0,9.0,2.0,15.0,16.0,5.0,3.0,0.47,0.64,0.66,2.0,2.0,1.0,37.43,24.0,24.18,9.0,0.29,0.2,0.2,1.86,1.83,1.7,29.47,2.8,2.08,7.3,1.02,15.67,12.13,2.69,2.82,2.71,28.0,13.0,11.0,52.0,4.0,5.0,1.0,3.0,0.0,14.0,15.0,24.0,37.0,2.0,7.0,24.0,25.0,4.0,19.0,33.0,4.0,4.0,0.96,0.63,1.21,2.0,1.0,1.0,50.63,41.0,40.65,8.0,0.44,1.41,1.41,1.83,1.85,1.82
84804268482168,2025,D'Astous-Groshev,TBL,pairing,5on5,1,605.0,3.0,0.38,0.38,0.31,3.78,0.44,0.23,1.09,0.13,1.79,1.31,0.42,0.45,0.43,5.0,0.0,3.0,8.0,1.0,1.0,1.0,1.0,0.0,2.0,0.0,4.0,4.0,0.0,0.0,3.0,4.0,0.0,2.0,4.0,0.0,1.0,0.13,0.0,0.31,0.0,0.0,1.0,8.79,5.0,5.25,2.0,0.05,0.31,0.31,0.18,0.18,0.18,8.66,0.7,0.53,2.39,0.28,4.03,3.07,0.65,0.72,0.66,9.0,2.0,2.0,13.0,0.0,1.0,0.0,2.0,0.0,4.0,4.0,9.0,11.0,0.0,0.0,11.0,6.0,1.0,1.0,7.0,4.0,0.0,0.24,0.47,0.0,0.0,0.0,0.0,12.8,11.0,10.93,0.0,0.11,0.15,0.15,0.67,0.68,0.64
847516684779398481582,2025,Robertson-Nylander-Tavares,TOR,line,5on5,12,1564.0,155.0,0.51,0.41,0.42,14.92,1.43,0.91,3.64,0.52,7.41,6.1,1.33,1.48,1.37,17.0,3.0,4.0,24.0,2.0,2.0,2.0,5.0,0.0,3.0,8.0,15.0,18.0,1.0,2.0,12.0,11.0,2.0,13.0,16.0,1.0,3.0,0.36,0.19,0.88,0.0,0.0,2.0,24.0,20.0,20.02,7.0,0.19,0.64,0.64,0.99,0.98,0.97,19.52,1.38,1.28,5.22,0.74,11.32,8.07,1.35,1.39,1.37,19.0,9.0,7.0,35.0,3.0,2.0,0.0,2.0,0.0,11.0,10.0,16.0,25.0,1.0,2.0,11.0,6.0,5.0,13.0,22.0,5.0,1.0,0.52,0.61,0.25,1.0,2.0,0.0,35.68,28.0,28.28,8.0,0.27,0.33,0.33,1.31,1.32,1.3
847645584774928480039,2025,Landeskog-Mackinnon-Necas,COL,line,5on5,22,5243.0,175.0,0.53,0.53,0.5,61.88,5.69,4.17,16.01,2.2,31.46,23.47,5.38,5.79,5.48,60.0,23.0,31.0,114.0,8.0,9.0,1.0,13.0,0.0,26.0,27.0,52.0,75.0,4.0,8.0,59.0,28.0,4.0,28.0,63.0,12.0,8.0,2.16,1.5,2.03,5.0,0.0,3.0,116.79,83.0,84.31,8.0,0.88,1.74,1.74,4.84,4.94,4.85,62.1,5.12,4.04,16.68,2.03,31.93,23.19,4.91,5.04,4.82,54.0,29.0,20.0,103.0,2.0,7.0,0.0,12.0,0.0,31.0,31.0,52.0,81.0,6.0,12.0,45.0,23.0,7.0,31.0,62.0,14.0,7.0,1.72,1.8,1.59,0.0,1.0,1.0,99.8,83.0,80.89,9.0,0.85,1.15,1.15,4.82,4.74,4.66
847458684826658484800,2025,Catton-Beniers-Eberle,SEA,line,5on5,17,4112.0,145.0,0.4,0.46,0.46,28.04,1.77,1.7,8.69,0.97,15.1,10.77,1.77,1.77,1.76,24.0,15.0,17.0,56.0,2.0,0.0,0.0,3.0,0.0,14.0,20.0,22.0,37.0,3.0,9.0,33.0,15.0,11.0,20.0,33.0,5.0,1.0,0.96,0.59,0.22,1.0,1.0,0.0,55.04,39.0,38.87,9.0,0.36,0.0,0.0,2.14,2.13,2.12,32.53,2.63,2.13,8.18,1.03,18.13,12.9,2.6,2.71,2.69,28.0,17.0,22.0,67.0,2.0,2.0,1.0,5.0,0.0,14.0,22.0,26.0,43.0,6.0,15.0,34.0,36.0,6.0,24.0,36.0,6.0,3.0,0.93,0.7,1.0,0.0,1.0,1.0,69.33,45.0,46.31,10.0,0.44,0.66,0.66,2.42,2.48,2.46
84815818483425,2025,Harley-Bichsel,DAL,pairing,5on5,18,1373.0,157.0,0.74,0.5,0.52,10.49,1.04,0.67,2.64,0.37,4.82,3.47,0.96,1.0,0.92,8.0,5.0,5.0,18.0,0.0,2.0,0.0,2.0,0.0,1.0,8.0,8.0,13.0,3.0,6.0,3.0,9.0,1.0,7.0,9.0,3.0,1.0,0.29,0.29,0.45,0.0,0.0,0.0,17.42,13.0,12.69,3.0,0.14,0.57,0.57,0.61,0.59,0.58,8.8,0.37,0.48,2.36,0.29,4.84,3.66,0.37,0.37,0.37,8.0,4.0,6.0,18.0,0.0,0.0,0.0,2.0,0.0,5.0,5.0,8.0,12.0,4.0,8.0,4.0,13.0,4.0,6.0,12.0,0.0,0.0,0.37,0.0,0.0,0.0,0.0,0.0,18.28,12.0,12.12,2.0,0.09,0.0,0.0,0.46,0.46,0.46
847646984764798482155,2025,Laferriere-Danault-Armia,LAK,line,5on5,7,1496.0,58.0,0.26,0.41,0.38,8.17,0.28,0.42,2.39,0.33,4.7,3.88,0.26,0.26,0.24,7.0,5.0,5.0,17.0,0.0,0.0,0.0,1.0,0.0,7.0,4.0,7.0,12.0,1.0,2.0,20.0,12.0,2.0,8.0,12.0,0.0,0.0,0.28,0.0,0.0,0.0,0.0,0.0,16.03,12.0,11.4,3.0,0.08,0.0,0.0,0.36,0.34,0.32,13.74,0.81,0.94,3.52,0.51,8.29,5.93,0.79,0.83,0.8,10.0,10.0,4.0,24.0,0.0,2.0,0.0,2.0,0.0,9.0,7.0,10.0,20.0,0.0,0.0,14.0,6.0,4.0,7.0,19.0,1.0,0.0,0.72,0.09,0.0,0.0,0.0,0.0,24.43,20.0,20.18,2.0,0.19,0.09,0.09,0.91,0.93,0.91
847841484815598482110,2025,Hughes-Mercer-Meier,NJD,line,5on5,15,845.0,173.0,0.63,0.43,0.47,6.12,0.67,0.38,1.23,0.2,3.05,2.48,0.64,0.64,0.61,7.0,1.0,1.0,9.0,2.0,1.0,0.0,2.0,0.0,0.0,3.0,5.0,6.0,0.0,0.0,3.0,5.0,1.0,4.0,5.0,2.0,1.0,0.19,0.19,0.28,1.0,1.0,0.0,8.77,8.0,7.83,2.0,0.08,0.28,0.28,0.46,0.45,0.44,6.62,0.38,0.39,1.8,0.19,3.66,2.58,0.38,0.38,0.37,5.0,4.0,3.0,12.0,0.0,1.0,0.0,3.0,0.0,1.0,4.0,5.0,9.0,0.0,0.0,2.0,5.0,2.0,4.0,7.0,2.0,0.0,0.12,0.26,0.0,0.0,0.0,0.0,11.67,9.0,8.74,1.0,0.08,0.17,0.17,0.3,0.28,0.28
847740484780108479542,2025,Hagel-Point-Guentzel,TBL,line,5on5,7,1054.0,58.0,0.69,0.66,0.65,16.27,1.6,1.04,4.16,0.59,8.06,6.56,1.37,1.61,1.39,12.0,10.0,7.0,29.0,0.0,6.0,0.0,0.0,0.0,10.0,6.0,12.0,22.0,1.0,2.0,2.0,6.0,3.0,7.0,17.0,3.0,2.0,0.66,0.45,0.49,0.0,0.0,0.0,28.88,22.0,21.72,4.0,0.22,0.68,0.68,1.14,1.15,1.04,7.97,0.71,0.63,1.93,0.33,5.14,3.26,0.7,0.67,0.66,7.0,5.0,3.0,15.0,1.0,1.0,0.0,0.0,0.0,6.0,4.0,6.0,11.0,2.0,4.0,11.0,4.0,4.0,5.0,10.0,2.0,0.0,0.43,0.28,0.0,1.0,0.0,0.0,14.46,12.0,11.49,5.0,0.13,0.16,0.16,0.68,0.65,0.65
84816068482105,2025,Sanderson-Spence,OTT,pairing,5on5,29,5749.0,145.0,0.69,0.72,0.68,75.66,6.48,5.19,20.58,2.42,37.64,27.69,5.98,6.27,5.79,62.0,38.0,46.0,146.0,5.0,11.0,0.0,15.0,0.0,30.0,39.0,57.0,95.0,3.0,6.0,59.0,46.0,5.0,23.0,76.0,18.0,6.0,2.15,2.42,1.91,2.0,3.0,0.0,139.48,100.0,95.52,7.0,1.11,2.71,2.71,4.88,4.77,4.62,34.08,2.88,2.6,8.35,1.14,17.9,13.15,2.78,3.01,2.91,34.0,12.0,12.0,58.0,2.0,3.0,0.0,10.0,0.0,17.0,14.0,32.0,44.0,6.0,12.0,45.0,29.0,1.0,28.0,33.0,12.0,1.0,0.92,1.59,0.37,0.0,2.0,0.0,61.56,46.0,48.72,18.0,0.54,0.61,0.61,2.81,2.92,2.9
847688284779878481624,2025,Teravainen-Donato-Mikheyev,CHI,line,5on5,12,744.0,170.0,0.19,0.44,0.38,7.53,0.26,0.31,1.88,0.21,3.94,3.41,0.26,0.25,0.25,6.0,4.0,4.0,14.0,0.0,0.0,0.0,2.0,0.0,2.0,6.0,6.0,10.0,1.0,2.0,4.0,2.0,2.0,7.0,9.0,1.0,0.0,0.14,0.11,0.0,0.0,0.0,0.0,14.17,10.0,10.08,7.0,0.06,0.0,0.0,0.32,0.32,0.31,11.05,1.09,0.81,2.53,0.43,6.39,4.75,1.06,1.09,1.06,14.0,2.0,2.0,18.0,0.0,0.0,0.0,1.0,0.0,7.0,8.0,14.0,16.0,0.0,0.0,2.0,3.0,0.0,1.0,11.0,4.0,1.0,0.39,0.42,0.28,0.0,0.0,0.0,17.93,16.0,15.85,1.0,0.17,0.0,0.0,1.26,1.26,1.23
84769068482911,2025,Gostisbehere-Nystrom,CAR,pairing,5on5,10,776.0,71.0,0.67,0.59,0.64,6.9,0.79,0.45,1.58,0.2,3.44,2.55,0.78,0.8,0.8,4.0,5.0,4.0,13.0,1.0,0.0,0.0,1.0,0.0,3.0,4.0,3.0,8.0,0.0,0.0,1.0,8.0,0.0,2.0,6.0,1.0,2.0,0.17,0.08,0.53,0.0,0.0,1.0,12.92,9.0,9.06,1.0,0.09,0.0,0.0,0.88,0.9,0.89,3.96,0.4,0.22,0.81,0.11,1.92,1.55,0.4,0.45,0.45,3.0,2.0,4.0,9.0,0.0,0.0,0.0,0.0,0.0,2.0,3.0,3.0,5.0,1.0,2.0,3.0,6.0,1.0,6.0,2.0,3.0,0.0,0.03,0.36,0.0,0.0,0.0,0.0,10.01,5.0,5.58,2.0,0.05,0.0,0.0,0.44,0.5,0.5
84824828483565,2025,Wilsby-Blankenburg,NSH,pairing,5on5,14,636.0,141.0,0.16,0.45,0.5,2.6,0.05,0.15,0.65,0.12,1.46,1.56,0.05,0.05,0.05,2.0,2.0,1.0,5.0,0.0,0.0,0.0,0.0,0.0,0.0,4.0,2.0,4.0,0.0,0.0,2.0,6.0,1.0,4.0,4.0,0.0,0.0,0.05,0.0,0.0,0.0,0.0,0.0,4.65,4.0,3.76,3.0,0.03,0.0,0.0,0.08,0.07,0.07,2.75,0.25,0.26,0.82,0.13,1.48,1.06,0.25,0.24,0.24,2.0,2.0,2.0,6.0,0.0,0.0,0.0,0.0,0.0,1.0,3.0,2.0,4.0,0.0,0.0,5.0,5.0,0.0,2.0,3.0,1.0,0.0,0.15,0.1,0.0,0.0,0.0,0.0,5.87,4.0,3.93,0.0,0.06,0.0,0.0,0.31,0.3,0.3
84773468477810,2025,Hanley-Weegar,CGY,pairing,5on5,33,10400.0,165.0,0.54,0.59,0.58,93.8,7.03,6.08,24.65,3.06,49.88,36.3,6.83,7.11,6.91,86.0,41.0,66.0,193.0,3.0,8.0,0.0,32.0,0.0,45.0,39.0,83.0,124.0,19.0,47.0,90.0,94.0,10.0,42.0,100.0,19.0,8.0,2.68,2.42,1.93,1.0,2.0,0.0,192.62,127.0,127.53,26.0,1.26,1.27,1.27,7.03,7.13,7.02,70.26,5.95,4.6,17.52,2.3,35.08,27.56,5.64,5.97,5.66,68.0,25.0,42.0,135.0,9.0,9.0,0.0,13.0,0.0,30.0,32.0,59.0,84.0,14.0,37.0,97.0,76.0,18.0,52.0,64.0,25.0,4.0,1.6,3.29,1.06,3.0,6.0,0.0,134.75,93.0,93.08,25.0,0.97,1.82,1.82,5.1,5.1,5.01
84751718476931,2025,Ekman-Larsson-Mccabe,TOR,pairing,5on5,35,6155.0,270.0,0.45,0.46,0.46,49.44,3.79,3.37,11.31,1.63,28.22,20.67,3.76,3.73,3.69,49.0,20.0,21.0,90.0,10.0,2.0,0.0,7.0,0.0,21.0,29.0,39.0,59.0,8.0,16.0,44.0,36.0,10.0,37.0,52.0,16.0,1.0,1.49,2.04,0.26,7.0,3.0,0.0,88.09,69.0,67.63,12.0,0.7,0.21,0.21,4.29,4.22,4.19,58.6,4.59,3.97,15.24,1.99,31.57,22.64,4.45,4.64,4.5,51.0,29.0,26.0,106.0,4.0,4.0,0.0,14.0,0.0,29.0,29.0,47.0,76.0,8.0,16.0,42.0,21.0,7.0,32.0,64.0,11.0,5.0,2.0,1.39,1.2,3.0,1.0,0.0,107.39,80.0,81.29,15.0,0.84,0.74,0.74,4.69,4.77,4.72
847576884769058482751,2025,Schwartz-Stephenson-Winterton,SEA,line,5on5,11,2426.0,79.0,0.32,0.34,0.33,11.02,1.01,0.73,2.61,0.37,6.11,4.17,0.98,1.0,0.96,9.0,6.0,10.0,25.0,2.0,1.0,0.0,4.0,0.0,7.0,1.0,7.0,13.0,5.0,13.0,20.0,9.0,4.0,8.0,9.0,4.0,2.0,0.12,0.41,0.48,0.0,2.0,0.0,24.01,15.0,14.67,2.0,0.15,0.22,0.22,0.94,0.91,0.89,21.43,2.19,1.44,5.77,0.83,11.12,8.67,2.05,2.23,2.09,17.0,13.0,18.0,48.0,1.0,4.0,0.0,2.0,0.0,9.0,14.0,16.0,29.0,3.0,9.0,25.0,20.0,0.0,14.0,23.0,4.0,3.0,0.71,0.51,0.96,1.0,0.0,0.0,48.4,30.0,30.5,2.0,0.3,0.95,0.95,1.54,1.57,1.55
847906684810688483609,2025,Sharangovich-Lomberg-Klapka,CGY,line,5on5,3,992.0,15.0,0.35,0.29,0.38,4.35,0.22,0.21,1.25,0.13,2.33,1.85,0.22,0.23,0.23,4.0,2.0,1.0,7.0,1.0,0.0,0.0,1.0,0.0,1.0,3.0,3.0,5.0,0.0,0.0,2.0,18.0,1.0,3.0,5.0,1.0,0.0,0.12,0.1,0.0,1.0,0.0,0.0,7.59,6.0,6.32,2.0,0.04,0.0,0.0,0.26,0.27,0.27,7.52,0.4,0.47,2.32,0.26,3.77,2.77,0.4,0.4,0.4,6.0,4.0,7.0,17.0,0.0,1.0,0.0,3.0,0.0,4.0,2.0,6.0,10.0,0.0,0.0,9.0,8.0,0.0,3.0,9.0,1.0,0.0,0.21,0.19,0.0,0.0,0.0,0.0,16.63,10.0,9.74,2.0,0.1,0.04,0.04,0.46,0.46,0.46
84794258480058,2025,Joseph-Hronek,VAN,pairing,5on5,12,1158.0,100.0,0.59,0.69,0.73,17.61,1.13,1.14,4.51,0.56,9.64,7.02,1.1,1.09,1.06,18.0,6.0,3.0,27.0,2.0,1.0,0.0,2.0,0.0,6.0,13.0,16.0,22.0,2.0,4.0,5.0,5.0,2.0,2.0,20.0,3.0,1.0,0.54,0.37,0.22,2.0,0.0,0.0,26.2,24.0,23.37,0.0,0.24,0.22,0.36,1.0,0.98,0.97,6.69,0.77,0.41,1.59,0.23,3.29,2.7,0.76,0.78,0.77,7.0,2.0,3.0,12.0,1.0,2.0,1.0,1.0,0.0,0.0,5.0,6.0,8.0,0.0,0.0,2.0,4.0,1.0,6.0,6.0,2.0,1.0,0.17,0.26,0.35,0.0,1.0,0.0,12.12,9.0,8.95,5.0,0.09,0.51,0.51,0.35,0.33,0.33
84746008482482,2025,Josi-Wilsby,NSH,pairing,5on5,23,8262.0,113.0,0.47,0.55,0.52,67.29,5.31,4.65,16.96,2.36,37.41,26.31,5.09,5.21,5.0,68.0,25.0,47.0,140.0,3.0,11.0,0.0,16.0,0.0,31.0,32.0,65.0,90.0,15.0,33.0,67.0,49.0,10.0,37.0,76.0,12.0,5.0,2.26,1.8,1.25,2.0,1.0,0.0,137.75,93.0,92.0,16.0,0.96,1.84,1.84,4.43,4.37,4.31,64.44,6.01,4.11,16.51,2.14,32.95,24.28,5.8,6.1,5.88,57.0,29.0,27.0,113.0,7.0,9.0,1.0,16.0,0.0,26.0,28.0,50.0,79.0,14.0,31.0,72.0,69.0,9.0,39.0,62.0,17.0,7.0,1.9,2.13,1.98,3.0,2.0,2.0,114.57,86.0,86.82,18.0,0.86,1.94,1.94,4.95,5.03,4.94
847464184793658483455,2025,Howard-Henrique-Frederic,EDM,line,5on5,8,659.0,102.0,0.4,0.38,0.47,4.03,0.26,0.31,1.16,0.23,2.88,2.15,0.26,0.27,0.27,4.0,3.0,3.0,10.0,1.0,0.0,0.0,1.0,0.0,4.0,1.0,3.0,6.0,0.0,0.0,4.0,2.0,0.0,3.0,6.0,1.0,0.0,0.17,0.1,0.0,1.0,0.0,0.0,9.75,7.0,6.92,2.0,0.07,0.0,0.0,0.33,0.34,0.34,5.84,0.39,0.41,1.63,0.18,3.18,2.2,0.39,0.42,0.42,2.0,6.0,8.0,16.0,0.0,0.0,0.0,1.0,0.0,3.0,4.0,2.0,8.0,0.0,0.0,4.0,3.0,0.0,3.0,7.0,0.0,1.0,0.14,0.0,0.25,0.0,0.0,0.0,17.49,8.0,8.62,3.0,0.09,0.0,0.0,0.48,0.52,0.52
84773468478397,2025,Weegar-Andersson,CGY,pairing,5on5,20,900.0,183.0,0.39,0.69,0.64,10.33,0.66,0.63,2.86,0.33,5.27,4.25,0.6,0.65,0.6,8.0,6.0,11.0,25.0,1.0,1.0,0.0,0.0,0.0,7.0,5.0,7.0,13.0,1.0,2.0,8.0,1.0,0.0,5.0,12.0,1.0,1.0,0.2,0.2,0.26,1.0,0.0,0.0,24.34,14.0,13.63,1.0,0.13,0.26,0.26,0.53,0.53,0.52,6.3,1.02,0.47,1.23,0.18,3.03,2.07,1.01,1.09,1.08,8.0,0.0,3.0,11.0,3.0,0.0,0.0,1.0,1.0,1.0,2.0,5.0,5.0,2.0,4.0,11.0,2.0,1.0,3.0,5.0,1.0,2.0,0.2,0.15,0.66,1.0,1.0,1.0,12.11,8.0,8.53,1.0,0.1,0.0,0.0,1.11,1.19,1.19
847688084815808482148,2025,Mcmichael-Lapierre-Wilson,WSH,line,5on5,6,1190.0,54.0,0.67,0.73,0.69,17.83,2.12,1.27,4.44,0.65,9.71,6.81,1.78,2.23,1.86,18.0,7.0,11.0,36.0,1.0,4.0,0.0,4.0,0.0,9.0,7.0,17.0,24.0,1.0,5.0,7.0,2.0,9.0,5.0,17.0,4.0,4.0,0.5,0.53,1.08,1.0,0.0,0.0,37.88,25.0,25.89,2.0,0.27,0.81,0.81,1.57,1.6,1.52,8.32,1.05,0.44,2.06,0.27,4.06,3.12,1.04,0.98,0.96,9.0,2.0,2.0,13.0,0.0,2.0,0.0,1.0,0.0,1.0,7.0,9.0,11.0,4.0,11.0,8.0,7.0,2.0,3.0,8.0,0.0,3.0,0.26,0.0,0.79,0.0,0.0,0.0,12.11,11.0,10.39,2.0,0.09,0.56,0.56,0.59,0.55,0.55
84780558484304,2025,Forsling-Balinskis,FLA,pairing,5on5,13,1327.0,105.0,0.75,0.55,0.51,14.05,2.21,1.15,3.56,0.47,6.4,4.21,2.02,2.05,1.87,11.0,7.0,8.0,26.0,1.0,5.0,1.0,3.0,0.0,6.0,3.0,10.0,17.0,1.0,2.0,5.0,8.0,1.0,4.0,10.0,4.0,4.0,0.4,0.64,1.17,0.0,0.0,1.0,24.04,18.0,16.59,1.0,0.25,1.31,1.31,1.14,1.07,1.04,12.48,0.75,0.83,2.94,0.4,6.85,5.24,0.74,0.79,0.79,12.0,5.0,4.0,21.0,1.0,1.0,0.0,3.0,0.0,5.0,7.0,11.0,16.0,1.0,2.0,4.0,11.0,1.0,6.0,15.0,2.0,0.0,0.45,0.3,0.0,1.0,0.0,0.0,22.95,17.0,18.36,4.0,0.17,0.14,0.14,0.78,0.82,0.82
84815428481607,2025,Johansson-Seider,DET,pairing,5on5,25,2442.0,179.0,0.56,0.47,0.53,24.61,2.7,1.89,6.87,0.85,12.05,8.64,2.58,2.74,2.62,29.0,4.0,8.0,41.0,3.0,8.0,1.0,9.0,0.0,5.0,8.0,26.0,30.0,2.0,4.0,12.0,17.0,1.0,8.0,21.0,7.0,5.0,0.57,0.91,1.23,1.0,1.0,1.0,40.53,33.0,33.1,3.0,0.4,1.21,1.21,1.89,1.94,1.9,20.68,2.15,1.46,5.07,0.69,11.42,8.21,2.05,2.11,2.02,16.0,13.0,17.0,46.0,2.0,2.0,0.0,6.0,0.0,10.0,9.0,14.0,27.0,3.0,6.0,16.0,11.0,1.0,12.0,22.0,2.0,5.0,0.71,0.23,1.21,1.0,0.0,1.0,44.87,29.0,28.98,5.0,0.31,0.56,0.56,1.89,1.89,1.87
84769178481014,2025,Romanov-Pelech,NYI,pairing,5on5,9,600.0,83.0,0.57,0.64,0.38,1.93,0.2,0.13,0.43,0.06,1.22,0.96,0.2,0.23,0.22,0.0,3.0,6.0,9.0,0.0,0.0,0.0,0.0,0.0,2.0,1.0,0.0,3.0,0.0,0.0,3.0,5.0,1.0,3.0,2.0,1.0,0.0,0.07,0.13,0.0,0.0,0.0,0.0,9.81,3.0,3.29,1.0,0.03,0.0,0.0,0.23,0.26,0.25,3.63,0.15,0.18,0.99,0.11,2.1,1.46,0.15,0.15,0.15,4.0,1.0,0.0,5.0,0.0,0.0,0.0,1.0,0.0,1.0,3.0,4.0,5.0,1.0,2.0,1.0,0.0,0.0,7.0,5.0,0.0,0.0,0.15,0.0,0.0,0.0,0.0,0.0,4.91,5.0,4.94,5.0,0.04,0.0,0.0,0.19,0.18,0.18
84774988481056,2025,Stastney-Nurse,EDM,pairing,5on5,10,3716.0,41.0,0.22,0.34,0.3,16.36,0.97,1.04,4.52,0.59,9.81,7.07,0.92,1.0,0.96,15.0,9.0,12.0,36.0,1.0,0.0,0.0,3.0,0.0,10.0,10.0,14.0,23.0,4.0,8.0,31.0,26.0,9.0,11.0,23.0,0.0,1.0,0.77,0.0,0.2,0.0,0.0,1.0,36.56,24.0,24.6,6.0,0.22,0.0,0.02,1.17,1.21,1.15,39.62,3.35,2.59,10.24,1.38,21.59,15.85,3.21,3.27,3.14,41.0,14.0,14.0,69.0,2.0,6.0,0.0,11.0,0.0,22.0,14.0,39.0,53.0,1.0,2.0,30.0,29.0,8.0,8.0,44.0,7.0,4.0,1.32,1.01,1.01,1.0,1.0,0.0,68.3,55.0,54.71,4.0,0.55,1.03,1.03,2.86,2.83,2.76
847798784816248483450,2025,Donato-Greene-Mikheyev,CHI,line,5on5,13,861.0,144.0,0.5,0.31,0.31,7.58,0.91,0.56,2.09,0.28,3.73,2.43,0.82,0.88,0.8,9.0,1.0,1.0,11.0,0.0,2.0,0.0,2.0,0.0,3.0,3.0,9.0,10.0,2.0,4.0,4.0,6.0,2.0,4.0,5.0,4.0,1.0,0.17,0.5,0.23,0.0,0.0,0.0,10.98,10.0,9.97,3.0,0.12,0.27,0.27,0.75,0.73,0.67,16.34,0.89,1.04,4.32,0.53,8.7,6.52,0.84,0.92,0.87,20.0,2.0,3.0,25.0,0.0,1.0,0.0,5.0,0.0,14.0,2.0,20.0,22.0,2.0,4.0,7.0,7.0,2.0,5.0,19.0,3.0,0.0,0.56,0.33,0.0,0.0,0.0,0.0,25.64,22.0,22.2,3.0,0.22,0.16,0.16,0.94,0.96,0.91
847936584814918481617,2025,Frederic-Philp-Podkolzin,EDM,line,5on5,4,688.0,28.0,0.01,0.16,0.07,0.67,0.01,0.03,0.2,0.02,0.45,0.29,0.01,0.01,0.01,1.0,0.0,2.0,3.0,0.0,0.0,0.0,0.0,0.0,1.0,0.0,1.0,1.0,1.0,2.0,7.0,10.0,0.0,2.0,1.0,0.0,0.0,0.01,0.0,0.0,0.0,0.0,0.0,2.67,1.0,0.88,1.0,0.01,0.0,0.0,0.02,0.02,0.02,9.63,1.3,0.82,2.19,0.43,5.55,3.71,1.24,1.39,1.33,10.0,4.0,2.0,16.0,2.0,2.0,2.0,2.0,0.0,4.0,4.0,8.0,12.0,0.0,0.0,4.0,4.0,1.0,7.0,11.0,1.0,2.0,0.44,0.1,0.76,0.0,0.0,2.0,16.68,14.0,14.5,0.0,0.17,0.76,0.76,0.71,0.75,0.74
847571484780578478462,2025,Joshua-Roy-Jarnkrok,TOR,line,5on5,9,1520.0,71.0,0.29,0.34,0.36,8.69,0.68,0.49,2.09,0.26,5.05,3.42,0.68,0.66,0.66,11.0,1.0,2.0,14.0,0.0,1.0,0.0,3.0,0.0,2.0,6.0,11.0,12.0,4.0,8.0,8.0,10.0,3.0,11.0,10.0,1.0,1.0,0.29,0.13,0.26,0.0,0.0,0.0,14.06,12.0,11.97,4.0,0.1,0.26,0.26,0.53,0.52,0.52,15.73,1.65,1.08,4.1,0.49,8.02,5.66,1.61,1.61,1.57,14.0,7.0,6.0,27.0,4.0,2.0,1.0,3.0,0.0,5.0,7.0,10.0,17.0,0.0,0.0,11.0,9.0,1.0,6.0,17.0,1.0,3.0,0.62,0.14,0.89,3.0,0.0,1.0,26.09,21.0,20.57,1.0,0.23,0.61,0.61,1.26,1.23,1.23
84717248474578,2025,Karlsson-Letang,PIT,pairing,5on5,31,3075.0,168.0,0.54,0.6,0.58,31.76,2.55,2.15,9.45,1.22,16.67,11.96,2.42,2.58,2.45,25.0,19.0,22.0,66.0,2.0,2.0,0.0,5.0,0.0,15.0,20.0,23.0,42.0,6.0,12.0,40.0,8.0,3.0,13.0,34.0,6.0,4.0,0.96,0.64,0.94,0.0,1.0,1.0,65.52,44.0,44.0,7.0,0.46,0.31,0.31,2.7,2.75,2.66,23.38,2.14,1.64,5.48,0.76,12.98,9.0,2.12,2.18,2.15,24.0,8.0,12.0,44.0,2.0,1.0,0.0,7.0,0.0,8.0,14.0,22.0,30.0,5.0,10.0,37.0,15.0,5.0,16.0,24.0,8.0,0.0,0.98,1.15,0.0,1.0,1.0,0.0,45.06,32.0,32.62,7.0,0.34,0.17,0.17,2.31,2.34,2.31
847514984756928477451,2025,Johansson-Hartman-Zuccarello,MIN,line,5on5,7,932.0,45.0,0.26,0.35,0.33,4.38,0.25,0.29,1.05,0.14,2.5,1.76,0.25,0.25,0.25,5.0,1.0,2.0,8.0,0.0,1.0,0.0,0.0,0.0,0.0,5.0,5.0,6.0,0.0,0.0,7.0,4.0,2.0,0.0,5.0,1.0,0.0,0.17,0.08,0.0,0.0,0.0,0.0,7.98,6.0,5.93,0.0,0.06,0.05,0.05,0.26,0.26,0.26,9.08,0.71,0.65,2.34,0.32,4.85,3.14,0.71,0.73,0.72,7.0,5.0,3.0,15.0,0.0,1.0,0.0,3.0,0.0,4.0,4.0,7.0,12.0,1.0,2.0,8.0,4.0,2.0,3.0,9.0,3.0,0.0,0.31,0.4,0.0,0.0,0.0,0.0,15.46,12.0,12.37,2.0,0.14,0.04,0.04,0.8,0.82,0.82
84745688476331,2025,Demelo-Schenn,WPG,pairing,5on5,14,712.0,137.0,0.12,0.41,0.3,2.21,0.04,0.09,0.58,0.07,1.22,1.0,0.04,0.04,0.04,3.0,0.0,4.0,7.0,0.0,0.0,0.0,1.0,0.0,2.0,0.0,3.0,3.0,1.0,2.0,3.0,5.0,0.0,3.0,3.0,0.0,0.0,0.04,0.0,0.0,0.0,0.0,0.0,7.51,3.0,3.13,3.0,0.02,0.0,0.0,0.06,0.06,0.06,5.09,0.32,0.3,1.16,0.16,2.99,2.08,0.32,0.32,0.32,6.0,1.0,3.0,10.0,2.0,0.0,0.0,1.0,0.0,1.0,3.0,4.0,5.0,0.0,0.0,2.0,2.0,1.0,7.0,5.0,2.0,0.0,0.14,0.19,0.0,0.0,2.0,0.0,9.54,7.0,6.82,0.0,0.06,0.0,0.0,0.39,0.38,0.38
84821768483506,2025,Kaiser-Rinzel,CHI,pairing,5on5,28,5753.0,182.0,0.55,0.48,0.49,60.92,5.52,4.05,15.53,1.94,30.26,22.71,5.22,5.51,5.21,47.0,33.0,17.0,97.0,9.0,12.0,2.0,12.0,0.0,21.0,26.0,38.0,71.0,6.0,12.0,34.0,41.0,8.0,27.0,57.0,14.0,9.0,1.42,1.79,2.3,3.0,2.0,4.0,97.07,80.0,80.61,13.0,0.85,2.13,2.28,4.09,4.09,3.99,60.45,4.6,3.97,14.89,1.99,33.11,24.44,4.52,4.61,4.54,47.0,36.0,22.0,105.0,4.0,5.0,1.0,10.0,0.0,37.0,27.0,43.0,79.0,7.0,14.0,42.0,40.0,7.0,28.0,66.0,14.0,3.0,1.86,1.94,0.8,1.0,2.0,1.0,105.3,83.0,82.96,16.0,0.83,0.93,0.93,4.49,4.52,4.48
84799808482482,2025,Hague-Wilsby,NSH,pairing,5on5,20,3277.0,147.0,0.29,0.44,0.39,21.23,1.35,1.37,5.24,0.67,11.81,8.55,1.34,1.32,1.31,19.0,10.0,15.0,44.0,1.0,0.0,0.0,5.0,0.0,10.0,13.0,18.0,28.0,6.0,15.0,25.0,29.0,5.0,13.0,25.0,3.0,1.0,0.75,0.38,0.22,1.0,0.0,0.0,43.42,29.0,28.68,6.0,0.29,0.0,0.0,1.64,1.6,1.58,32.42,3.27,2.37,8.4,1.16,17.3,12.51,3.07,3.41,3.2,30.0,15.0,12.0,57.0,4.0,3.0,1.0,11.0,0.0,10.0,17.0,26.0,41.0,4.0,11.0,21.0,17.0,1.0,13.0,34.0,7.0,4.0,1.12,0.98,1.16,2.0,2.0,0.0,58.6,45.0,46.37,5.0,0.5,0.71,0.71,3.06,3.18,3.03
847645584774768477492,2025,Lehkonen-Landeskog-Mackinnon,COL,line,5on5,6,920.0,41.0,0.75,0.71,0.67,12.97,1.18,0.92,2.7,0.42,7.14,5.63,1.15,1.26,1.23,10.0,8.0,7.0,25.0,1.0,1.0,0.0,2.0,0.0,8.0,6.0,9.0,17.0,2.0,4.0,12.0,2.0,1.0,2.0,12.0,5.0,1.0,0.36,0.55,0.27,0.0,1.0,0.0,26.21,18.0,18.81,2.0,0.19,0.15,0.15,1.21,1.3,1.26,6.13,0.4,0.48,1.47,0.21,3.88,2.56,0.39,0.38,0.38,7.0,2.0,1.0,10.0,0.0,0.0,0.0,0.0,0.0,8.0,1.0,7.0,9.0,0.0,0.0,8.0,4.0,1.0,4.0,8.0,1.0,0.0,0.32,0.09,0.0,0.0,0.0,0.0,9.61,9.0,8.64,3.0,0.1,0.0,0.0,0.5,0.47,0.47
84751818479983,2025,Ferraro-Leddy,SJS,pairing,5on5,12,1459.0,85.0,0.66,0.44,0.49,14.63,1.31,0.89,3.28,0.43,7.18,5.92,1.1,1.3,1.09,12.0,7.0,6.0,25.0,1.0,3.0,1.0,1.0,0.0,7.0,7.0,11.0,18.0,2.0,4.0,10.0,9.0,3.0,8.0,14.0,3.0,2.0,0.39,0.43,0.49,0.0,0.0,1.0,23.89,19.0,18.64,2.0,0.18,0.58,0.58,0.91,0.91,0.88,14.29,0.67,0.82,3.77,0.45,8.06,6.24,0.65,0.67,0.66,16.0,4.0,12.0,32.0,3.0,0.0,0.0,4.0,0.0,7.0,6.0,13.0,17.0,3.0,6.0,14.0,6.0,1.0,5.0,19.0,0.0,1.0,0.44,0.0,0.22,2.0,0.0,1.0,33.13,20.0,20.36,3.0,0.17,0.0,0.0,0.84,0.84,0.82
84757648476892,2025,Fowler-Parayko,STL,pairing,5on5,32,10434.0,176.0,0.49,0.5,0.48,86.21,7.13,5.94,21.66,2.94,47.22,34.1,6.69,7.07,6.62,72.0,47.0,49.0,168.0,3.0,12.0,1.0,9.0,0.0,48.0,47.0,69.0,116.0,7.0,16.0,80.0,62.0,12.0,41.0,86.0,27.0,6.0,2.23,3.17,1.73,0.0,2.0,1.0,166.43,119.0,119.12,17.0,1.24,2.23,2.16,6.21,6.14,5.96,92.63,7.52,5.88,23.54,3.12,51.14,36.8,7.29,7.5,7.29,90.0,38.0,37.0,165.0,13.0,4.0,2.0,19.0,1.0,49.0,42.0,77.0,115.0,11.0,24.0,81.0,56.0,16.0,58.0,102.0,20.0,6.0,3.09,2.47,1.96,9.0,1.0,3.0,166.03,128.0,128.24,30.0,1.23,1.35,1.35,7.4,7.41,7.25
848171684826608484166,2025,Voronkov-Fantilli-Johnson,CBJ,line,5on5,6,1680.0,62.0,0.5,0.63,0.56,17.09,1.28,1.01,4.23,0.54,9.09,6.86,1.27,1.25,1.24,15.0,8.0,12.0,35.0,1.0,2.0,0.0,5.0,0.0,5.0,10.0,14.0,22.0,1.0,2.0,12.0,3.0,0.0,9.0,17.0,6.0,0.0,0.6,0.68,0.0,0.0,1.0,0.0,34.71,23.0,22.81,6.0,0.21,0.23,0.23,1.26,1.23,1.23,13.35,1.27,0.99,3.08,0.42,6.99,5.25,1.16,1.29,1.18,9.0,9.0,3.0,21.0,0.0,2.0,0.0,2.0,0.0,9.0,5.0,9.0,18.0,0.0,0.0,13.0,12.0,2.0,11.0,11.0,6.0,1.0,0.34,0.72,0.2,0.0,0.0,0.0,21.38,18.0,18.34,5.0,0.21,0.34,0.34,1.14,1.18,1.14
84773698482666,2025,Soucy-Morrow,NYR,pairing,5on5,11,1118.0,74.0,0.25,0.42,0.47,6.44,0.26,0.31,1.57,0.2,3.79,2.87,0.26,0.27,0.27,7.0,2.0,1.0,10.0,0.0,0.0,0.0,1.0,0.0,3.0,5.0,7.0,9.0,2.0,4.0,9.0,8.0,2.0,4.0,9.0,0.0,0.0,0.26,0.0,0.0,0.0,0.0,0.0,10.28,9.0,9.16,2.0,0.06,0.0,0.0,0.32,0.33,0.33,7.57,0.75,0.57,1.6,0.25,3.93,2.89,0.74,0.75,0.74,9.0,1.0,4.0,14.0,0.0,1.0,0.0,1.0,0.0,3.0,5.0,9.0,10.0,1.0,2.0,8.0,10.0,0.0,6.0,7.0,3.0,0.0,0.23,0.53,0.0,0.0,0.0,0.0,13.85,10.0,9.9,3.0,0.12,0.19,0.19,0.69,0.67,0.67
84824708484258,2025,Solovyov-Malinski,COL,pairing,5on5,9,4607.0,27.0,0.61,0.62,0.64,48.26,3.54,3.15,13.13,1.69,27.04,19.46,3.41,3.69,3.56,42.0,26.0,28.0,96.0,0.0,2.0,0.0,10.0,0.0,37.0,19.0,42.0,68.0,3.0,6.0,31.0,40.0,7.0,23.0,56.0,10.0,2.0,1.69,1.37,0.48,0.0,0.0,0.0,99.4,68.0,70.45,10.0,0.65,0.36,0.36,3.83,4.0,3.88,28.22,2.23,1.87,6.61,0.9,14.97,11.43,2.18,2.19,2.15,26.0,12.0,22.0,60.0,2.0,3.0,1.0,1.0,0.0,21.0,11.0,24.0,36.0,6.0,12.0,43.0,43.0,5.0,30.0,30.0,6.0,2.0,0.79,0.82,0.61,0.0,1.0,1.0,57.92,38.0,37.48,19.0,0.38,0.47,0.47,2.14,2.11,2.08
847342284821728482703,2025,Slaggert-Foligno-Dach,CHI,line,5on5,6,2319.0,22.0,0.51,0.39,0.44,13.17,1.53,0.85,3.46,0.42,6.07,4.67,1.49,1.58,1.54,7.0,10.0,7.0,24.0,0.0,3.0,0.0,1.0,0.0,2.0,11.0,7.0,17.0,1.0,2.0,12.0,27.0,3.0,10.0,12.0,3.0,2.0,0.48,0.38,0.67,0.0,0.0,0.0,24.18,17.0,16.97,5.0,0.18,0.45,0.45,1.25,1.29,1.29,16.33,1.49,1.16,3.85,0.5,8.78,6.22,1.45,1.54,1.49,16.0,6.0,16.0,38.0,1.0,1.0,0.0,4.0,0.0,9.0,7.0,15.0,21.0,1.0,2.0,15.0,20.0,1.0,7.0,15.0,6.0,1.0,0.48,0.67,0.34,0.0,1.0,0.0,38.02,22.0,22.13,3.0,0.25,0.34,0.34,1.4,1.41,1.39
84752088479998,2025,Anderson-Dumoulin,LAK,pairing,5on5,26,2484.0,195.0,0.38,0.41,0.46,19.32,1.6,1.27,4.79,0.56,9.49,7.29,1.59,1.58,1.57,17.0,8.0,9.0,34.0,1.0,1.0,0.0,3.0,0.0,8.0,12.0,16.0,24.0,2.0,4.0,10.0,13.0,5.0,15.0,17.0,7.0,1.0,0.54,0.85,0.21,0.0,1.0,0.0,33.08,25.0,24.34,8.0,0.27,0.21,0.21,1.65,1.65,1.64,21.86,2.62,1.57,5.46,0.76,10.77,7.82,2.54,2.59,2.51,15.0,14.0,19.0,48.0,2.0,3.0,0.0,5.0,0.0,10.0,9.0,13.0,27.0,3.0,6.0,9.0,13.0,7.0,3.0,14.0,11.0,4.0,0.28,1.34,1.0,0.0,1.0,1.0,48.25,29.0,29.58,0.0,0.33,0.71,0.71,2.25,2.21,2.2
847966184803558483489,2025,Jeannot-Minten-Kastelic,BOS,line,5on5,25,11542.0,87.0,0.56,0.51,0.51,102.71,9.47,6.44,28.23,3.57,51.84,37.46,8.81,9.44,8.79,79.0,58.0,56.0,193.0,7.0,15.0,0.0,24.0,0.0,48.0,43.0,72.0,130.0,21.0,63.0,114.0,156.0,15.0,59.0,96.0,29.0,12.0,2.53,3.73,3.21,3.0,4.0,0.0,192.37,137.0,136.34,28.0,1.36,2.9,2.9,7.93,7.94,7.81,97.4,7.58,6.21,25.81,3.43,51.85,38.12,7.29,7.46,7.17,84.0,49.0,52.0,185.0,4.0,10.0,0.0,24.0,0.0,47.0,48.0,80.0,129.0,16.0,53.0,94.0,106.0,11.0,70.0,102.0,25.0,6.0,2.63,3.3,1.66,3.0,1.0,0.0,184.03,133.0,131.51,34.0,1.3,2.09,2.09,6.8,6.72,6.6
847576384775118479638,2025,Brazeau-Hayes-Mantha,PIT,line,5on5,4,1541.0,23.0,0.59,0.52,0.48,12.11,1.41,0.81,3.13,0.4,6.02,4.23,1.4,1.42,1.41,13.0,3.0,10.0,26.0,0.0,2.0,0.0,3.0,0.0,6.0,5.0,13.0,16.0,1.0,2.0,7.0,17.0,5.0,10.0,9.0,4.0,3.0,0.28,0.43,0.7,0.0,0.0,0.0,26.23,16.0,16.32,5.0,0.17,0.32,0.32,1.26,1.26,1.26,12.39,0.99,0.84,2.8,0.43,7.02,4.91,0.97,0.99,0.97,7.0,10.0,7.0,24.0,2.0,0.0,0.0,1.0,0.0,9.0,5.0,5.0,15.0,2.0,4.0,11.0,8.0,1.0,9.0,13.0,4.0,0.0,0.51,0.48,0.0,0.0,2.0,0.0,24.29,17.0,17.09,4.0,0.17,0.0,0.0,1.17,1.17,1.14
847167584757638475810,2025,Rust-Crosby-Hayes,PIT,line,5on5,7,2679.0,57.0,0.56,0.57,0.58,27.15,2.49,1.74,6.05,0.9,14.69,11.13,2.41,2.57,2.49,23.0,14.0,6.0,43.0,4.0,2.0,0.0,5.0,2.0,8.0,16.0,19.0,33.0,3.0,6.0,34.0,17.0,0.0,16.0,25.0,10.0,2.0,0.75,1.18,0.56,2.0,2.0,0.0,43.72,37.0,37.67,7.0,0.36,0.49,0.49,2.36,2.43,2.39,20.16,1.98,1.48,4.55,0.71,10.59,7.69,1.88,1.94,1.86,21.0,6.0,6.0,33.0,3.0,3.0,0.0,5.0,0.0,9.0,7.0,18.0,24.0,2.0,4.0,24.0,12.0,1.0,16.0,18.0,8.0,1.0,0.6,1.04,0.34,2.0,1.0,0.0,32.75,27.0,26.87,8.0,0.3,0.57,0.57,1.71,1.69,1.68
84784168482655,2025,Moser-Cernak,TBL,pairing,5on5,10,1870.0,62.0,0.55,0.52,0.49,14.65,1.44,1.03,3.61,0.45,7.18,5.29,1.42,1.55,1.52,11.0,8.0,9.0,28.0,2.0,1.0,0.0,1.0,0.0,9.0,6.0,9.0,17.0,8.0,19.0,18.0,9.0,1.0,10.0,13.0,4.0,2.0,0.46,0.41,0.56,1.0,1.0,0.0,30.84,19.0,20.54,5.0,0.22,0.32,0.32,1.34,1.43,1.41,14.77,1.16,0.83,3.66,0.5,7.43,6.41,1.13,1.07,1.04,11.0,9.0,6.0,26.0,0.0,3.0,0.0,2.0,0.0,7.0,8.0,11.0,20.0,7.0,17.0,15.0,12.0,0.0,11.0,16.0,2.0,2.0,0.42,0.21,0.54,0.0,0.0,0.0,23.85,20.0,18.32,3.0,0.18,0.55,0.55,0.79,0.74,0.74
84775068481014,2025,Romanov-Pulock,NYI,pairing,5on5,12,646.0,115.0,0.42,0.31,0.36,3.65,0.24,0.15,0.99,0.11,2.03,1.48,0.24,0.26,0.26,3.0,2.0,0.0,5.0,0.0,0.0,0.0,0.0,0.0,1.0,4.0,3.0,5.0,0.0,0.0,2.0,3.0,0.0,1.0,4.0,1.0,0.0,0.11,0.14,0.0,0.0,0.0,0.0,5.15,5.0,5.15,0.0,0.03,0.0,0.0,0.27,0.29,0.29,6.21,0.33,0.35,1.67,0.22,3.68,2.75,0.33,0.33,0.32,5.0,4.0,2.0,11.0,0.0,2.0,0.0,1.0,0.0,0.0,6.0,5.0,9.0,1.0,2.0,0.0,2.0,0.0,1.0,7.0,2.0,0.0,0.15,0.18,0.0,0.0,0.0,0.0,11.03,9.0,9.02,1.0,0.07,0.11,0.11,0.28,0.29,0.28
847795684821778483489,2025,Khusnutdinov-Minten-Pastrnak,BOS,line,5on5,9,3015.0,56.0,0.41,0.52,0.51,27.94,2.41,2.0,6.11,0.87,15.46,11.14,2.35,2.57,2.5,24.0,14.0,14.0,52.0,4.0,1.0,0.0,3.0,0.0,10.0,20.0,20.0,34.0,3.0,6.0,19.0,9.0,7.0,12.0,26.0,10.0,2.0,0.86,1.06,0.5,2.0,2.0,0.0,55.07,38.0,40.46,7.0,0.41,0.27,0.27,2.56,2.74,2.67,26.35,3.54,1.98,6.68,1.07,13.37,9.36,3.11,3.29,2.91,23.0,13.0,12.0,48.0,2.0,7.0,0.0,9.0,0.0,9.0,9.0,21.0,34.0,2.0,4.0,30.0,18.0,5.0,13.0,22.0,8.0,6.0,0.55,1.18,1.8,1.0,0.0,1.0,44.6,36.0,33.95,6.0,0.42,1.49,1.49,2.47,2.34,2.29
847701584799968481721,2025,Brown-Glass-Gritsyuk,NJD,line,5on5,13,6703.0,41.0,0.52,0.62,0.59,64.03,4.33,4.15,16.29,2.2,36.01,26.01,4.25,4.44,4.35,60.0,29.0,38.0,127.0,6.0,4.0,0.0,18.0,0.0,30.0,31.0,54.0,83.0,8.0,16.0,52.0,29.0,9.0,29.0,72.0,15.0,2.0,1.96,1.91,0.46,3.0,3.0,0.0,128.68,89.0,90.04,13.0,0.85,0.68,0.68,4.51,4.59,4.55,46.33,3.96,3.05,12.31,1.59,24.16,17.94,3.9,4.05,4.0,43.0,20.0,15.0,78.0,5.0,4.0,0.0,8.0,1.0,21.0,24.0,38.0,58.0,5.0,10.0,63.0,41.0,6.0,41.0,47.0,11.0,5.0,1.4,1.33,1.22,2.0,1.0,2.0,80.8,63.0,64.51,22.0,0.64,0.4,0.4,4.2,4.32,4.27
84745678478136,2025,Middleton-Bogosian,MIN,pairing,5on5,11,4879.0,53.0,0.43,0.49,0.5,37.9,2.72,2.33,10.15,1.36,21.3,16.13,2.66,2.87,2.81,32.0,22.0,18.0,72.0,3.0,4.0,0.0,6.0,0.0,26.0,15.0,29.0,51.0,6.0,15.0,34.0,37.0,5.0,19.0,47.0,5.0,2.0,1.53,0.56,0.63,3.0,0.0,0.0,76.86,54.0,57.03,7.0,0.49,0.67,0.67,2.54,2.67,2.63,39.01,3.56,2.46,9.34,1.33,21.9,16.42,3.13,3.31,2.93,35.0,20.0,20.0,75.0,3.0,4.0,1.0,7.0,0.0,22.0,19.0,32.0,52.0,5.0,13.0,25.0,30.0,8.0,26.0,43.0,9.0,3.0,1.14,1.07,1.35,0.0,2.0,1.0,73.09,55.0,53.05,11.0,0.51,1.35,1.35,2.71,2.59,2.55
84834578483686,2025,Hutson-Engstrom,MTL,pairing,5on5,10,1594.0,61.0,0.45,0.41,0.41,10.33,1.0,0.68,2.45,0.35,5.25,4.26,0.95,1.01,0.95,11.0,3.0,4.0,18.0,1.0,2.0,0.0,1.0,0.0,4.0,6.0,10.0,13.0,1.0,2.0,10.0,9.0,1.0,9.0,11.0,0.0,3.0,0.33,0.0,0.68,1.0,0.0,0.0,17.39,14.0,13.91,5.0,0.14,0.24,0.24,0.9,0.91,0.9,14.37,1.22,0.93,4.15,0.54,7.81,5.35,1.21,1.24,1.23,13.0,7.0,6.0,26.0,1.0,2.0,0.0,2.0,0.0,7.0,8.0,12.0,19.0,1.0,2.0,11.0,7.0,2.0,9.0,15.0,4.0,1.0,0.54,0.46,0.21,1.0,0.0,0.0,27.64,20.0,20.27,3.0,0.2,0.33,0.33,1.09,1.1,1.1
84772208480434,2025,Schmidt-Durzi,UTA,pairing,5on5,20,5287.0,126.0,0.55,0.49,0.52,48.88,4.73,3.12,11.9,1.53,24.42,18.3,4.51,4.84,4.61,40.0,24.0,22.0,86.0,0.0,6.0,0.0,7.0,0.0,25.0,26.0,40.0,64.0,7.0,17.0,27.0,36.0,8.0,34.0,42.0,18.0,4.0,1.28,2.25,1.2,0.0,0.0,0.0,88.99,64.0,65.89,15.0,0.66,1.46,1.46,3.93,4.03,4.01,44.21,3.94,2.65,10.91,1.41,23.54,17.55,3.85,3.85,3.77,40.0,20.0,29.0,89.0,5.0,5.0,1.0,8.0,0.0,22.0,20.0,35.0,55.0,10.0,23.0,48.0,40.0,8.0,26.0,45.0,12.0,3.0,1.41,1.61,0.92,1.0,3.0,1.0,87.33,60.0,58.98,13.0,0.55,0.95,0.95,3.54,3.46,3.43
847791984835248484800,2025,Gaudreau-Catton-Wright,SEA,line,5on5,8,1244.0,79.0,0.56,0.52,0.52,12.98,1.13,0.84,3.19,0.39,6.27,5.18,1.08,1.16,1.11,10.0,7.0,6.0,23.0,1.0,1.0,0.0,3.0,0.0,6.0,6.0,9.0,16.0,1.0,2.0,3.0,6.0,1.0,4.0,13.0,3.0,1.0,0.29,0.42,0.42,0.0,1.0,0.0,23.82,17.0,17.68,1.0,0.18,0.42,0.42,0.88,0.93,0.92,11.09,0.89,0.7,2.63,0.38,6.57,4.84,0.88,0.85,0.85,9.0,7.0,5.0,21.0,2.0,1.0,0.0,3.0,0.0,5.0,5.0,7.0,14.0,0.0,0.0,11.0,10.0,2.0,5.0,14.0,1.0,1.0,0.43,0.11,0.35,1.0,0.0,1.0,20.58,16.0,15.88,3.0,0.14,0.03,0.03,1.0,0.96,0.95
84745678484798,2025,Buium-Bogosian,MIN,pairing,5on5,14,8615.0,46.0,0.43,0.44,0.38,54.65,5.32,3.45,12.0,1.68,27.94,21.62,5.21,5.44,5.33,57.0,15.0,44.0,116.0,6.0,6.0,0.0,12.0,0.0,20.0,28.0,51.0,66.0,7.0,17.0,56.0,79.0,14.0,36.0,53.0,12.0,7.0,1.58,1.38,2.36,2.0,4.0,0.0,119.29,72.0,73.72,19.0,0.72,1.61,1.81,4.22,4.34,4.31,84.22,7.15,5.69,20.93,2.94,46.52,34.78,6.84,7.0,6.69,82.0,36.0,32.0,150.0,5.0,10.0,0.0,17.0,0.0,43.0,43.0,77.0,113.0,5.0,13.0,62.0,43.0,12.0,47.0,95.0,15.0,8.0,2.8,2.09,2.26,2.0,1.0,2.0,146.43,118.0,114.71,23.0,1.19,1.5,1.5,6.83,6.66,6.49
84740138484386,2025,Cole-Simashev,UTA,pairing,5on5,20,4547.0,129.0,0.47,0.39,0.44,28.37,2.57,2.04,7.45,1.05,14.49,10.4,2.24,2.66,2.3,26.0,12.0,14.0,52.0,2.0,4.0,0.0,5.0,0.0,15.0,12.0,24.0,36.0,7.0,14.0,16.0,35.0,4.0,23.0,27.0,8.0,3.0,0.74,0.99,0.84,1.0,1.0,0.0,52.91,38.0,38.87,11.0,0.42,0.88,0.88,2.11,2.16,2.05,35.59,2.92,2.1,8.74,1.31,18.78,15.15,2.9,2.9,2.89,31.0,18.0,33.0,82.0,3.0,0.0,0.0,8.0,0.0,18.0,20.0,28.0,46.0,3.0,6.0,38.0,44.0,6.0,16.0,36.0,12.0,1.0,1.06,1.58,0.27,2.0,1.0,0.0,82.49,49.0,48.79,6.0,0.44,0.0,0.0,3.36,3.34,3.32
84778458479345,2025,Chychrun-Van Riemsdyk,WSH,pairing,5on5,26,4256.0,201.0,0.61,0.58,0.53,34.29,3.47,2.18,8.83,1.21,18.21,13.09,3.37,3.53,3.43,32.0,15.0,20.0,67.0,3.0,5.0,1.0,5.0,0.0,10.0,24.0,29.0,44.0,6.0,12.0,25.0,33.0,6.0,17.0,31.0,11.0,5.0,1.07,1.2,1.2,1.0,1.0,1.0,69.19,47.0,47.77,7.0,0.46,0.8,0.8,3.12,3.17,3.1,31.92,2.2,1.88,8.27,1.0,16.13,12.52,2.17,2.27,2.23,23.0,19.0,7.0,49.0,1.0,4.0,0.0,8.0,0.0,14.0,15.0,22.0,41.0,7.0,14.0,30.0,25.0,6.0,24.0,35.0,6.0,1.0,1.06,0.87,0.26,0.0,1.0,0.0,49.7,42.0,42.36,11.0,0.39,0.67,0.67,1.92,1.98,1.96
847578484808488484911,2025,Skinner-Dellandrea-Graf,SJS,line,5on5,12,2675.0,97.0,0.5,0.38,0.38,16.79,1.9,1.11,4.27,0.62,8.47,6.63,1.75,1.89,1.74,16.0,7.0,9.0,32.0,2.0,5.0,1.0,3.0,0.0,6.0,7.0,14.0,21.0,2.0,4.0,20.0,27.0,1.0,15.0,16.0,4.0,3.0,0.5,0.54,0.85,1.0,0.0,1.0,32.81,23.0,23.38,8.0,0.23,1.13,1.13,1.0,1.0,0.99,27.22,1.88,1.69,7.28,0.87,14.79,10.48,1.87,1.88,1.87,29.0,8.0,15.0,52.0,3.0,1.0,1.0,7.0,0.0,15.0,11.0,26.0,34.0,4.0,8.0,24.0,24.0,5.0,12.0,30.0,7.0,0.0,0.93,0.95,0.0,1.0,2.0,0.0,51.79,37.0,37.02,6.0,0.35,0.12,0.12,2.11,2.1,2.09
847749284795258480039,2025,Colton-Mackinnon-Necas,COL,line,5on5,17,664.0,223.0,0.92,0.78,0.75,6.82,0.53,0.33,1.54,0.2,3.23,3.17,0.53,0.55,0.55,6.0,3.0,9.0,18.0,0.0,0.0,0.0,1.0,0.0,4.0,4.0,6.0,9.0,0.0,0.0,1.0,5.0,2.0,2.0,8.0,0.0,1.0,0.25,0.0,0.28,0.0,0.0,0.0,19.04,9.0,9.43,1.0,0.07,0.0,0.0,0.6,0.62,0.62,1.84,0.05,0.09,0.5,0.07,1.36,0.93,0.05,0.05,0.05,2.0,1.0,2.0,5.0,0.0,0.0,0.0,0.0,0.0,2.0,1.0,2.0,3.0,3.0,6.0,4.0,3.0,1.0,1.0,3.0,0.0,0.0,0.05,0.0,0.0,0.0,0.0,0.0,4.72,3.0,2.85,0.0,0.02,0.0,0.0,0.07,0.06,0.06
84747168482641,2025,Kiersted-Spurgeon,MIN,pairing,5on5,2,1125.0,6.0,0.32,0.48,0.5,11.76,0.73,0.76,2.85,0.39,7.27,5.0,0.72,0.75,0.74,10.0,7.0,5.0,22.0,0.0,1.0,0.0,1.0,0.0,10.0,5.0,10.0,17.0,0.0,0.0,5.0,6.0,1.0,8.0,15.0,2.0,0.0,0.47,0.26,0.0,0.0,0.0,0.0,22.74,17.0,17.62,4.0,0.16,0.08,0.08,0.81,0.83,0.82,12.94,1.54,0.92,3.21,0.41,6.14,4.78,1.38,1.49,1.34,8.0,9.0,7.0,24.0,0.0,1.0,0.0,1.0,0.0,11.0,4.0,8.0,17.0,1.0,2.0,13.0,10.0,1.0,7.0,12.0,3.0,2.0,0.51,0.49,0.54,0.0,0.0,0.0,23.16,17.0,16.51,4.0,0.19,0.17,0.17,1.56,1.51,1.4
847931884827208484158,2025,Knies-Matthews-Cowan,TOR,line,5on5,10,3010.0,99.0,0.62,0.49,0.57,28.8,2.64,2.16,7.42,0.93,14.51,10.33,2.54,2.65,2.54,29.0,9.0,12.0,50.0,2.0,5.0,0.0,8.0,0.0,12.0,11.0,27.0,36.0,5.0,10.0,30.0,15.0,1.0,26.0,27.0,8.0,3.0,0.84,1.06,0.75,0.0,2.0,0.0,49.82,38.0,37.87,15.0,0.46,0.99,0.99,2.11,2.1,2.09,22.06,1.59,1.39,5.77,0.68,11.47,8.1,1.57,1.61,1.58,18.0,11.0,22.0,51.0,0.0,1.0,0.0,4.0,0.0,12.0,12.0,18.0,29.0,5.0,10.0,20.0,17.0,5.0,19.0,22.0,6.0,1.0,0.47,0.82,0.31,0.0,0.0,0.0,50.61,29.0,28.9,10.0,0.29,0.31,0.31,1.58,1.59,1.59
84816058482178,2025,Lacombe-Moore,ANA,pairing,5on5,23,2439.0,155.0,0.74,0.71,0.68,21.29,1.95,1.54,5.01,0.73,11.83,8.94,1.92,1.89,1.86,15.0,15.0,10.0,40.0,3.0,0.0,0.0,1.0,0.0,11.0,15.0,12.0,27.0,5.0,10.0,12.0,9.0,4.0,8.0,22.0,7.0,1.0,0.7,1.02,0.23,2.0,1.0,0.0,38.54,30.0,29.19,4.0,0.32,0.0,0.18,2.09,2.04,2.03,10.32,0.7,0.61,2.58,0.33,5.58,4.2,0.7,0.73,0.73,7.0,7.0,2.0,16.0,2.0,0.0,0.0,2.0,0.0,2.0,8.0,5.0,12.0,6.0,12.0,8.0,14.0,5.0,11.0,11.0,3.0,0.0,0.37,0.33,0.0,1.0,1.0,0.0,16.6,14.0,14.4,9.0,0.13,0.0,0.0,0.83,0.86,0.86
847795684784018482177,2025,Khusnutdinov-Zacha-Pastrnak,BOS,line,5on5,6,719.0,61.0,0.44,0.59,0.63,7.08,0.44,0.39,1.71,0.21,4.12,3.12,0.44,0.45,0.45,7.0,3.0,3.0,13.0,1.0,0.0,0.0,2.0,0.0,4.0,3.0,6.0,9.0,1.0,2.0,9.0,8.0,0.0,4.0,8.0,2.0,0.0,0.26,0.18,0.0,0.0,1.0,0.0,13.07,10.0,9.92,2.0,0.08,0.0,0.0,0.52,0.54,0.53,4.64,0.56,0.3,1.34,0.16,2.1,1.53,0.5,0.52,0.47,6.0,0.0,3.0,9.0,0.0,1.0,0.0,4.0,0.0,1.0,0.0,6.0,6.0,0.0,0.0,7.0,3.0,1.0,3.0,4.0,0.0,2.0,0.07,0.0,0.49,0.0,0.0,0.0,8.84,6.0,5.93,0.0,0.06,0.27,0.27,0.36,0.34,0.33
847889184841608484471,2025,Finnie-Danielson-Appleton,DET,line,5on5,5,615.0,43.0,0.43,0.33,0.33,3.73,0.63,0.27,0.82,0.12,1.89,1.28,0.63,0.57,0.57,4.0,1.0,2.0,7.0,1.0,0.0,0.0,1.0,0.0,1.0,2.0,3.0,4.0,0.0,0.0,5.0,5.0,3.0,7.0,2.0,2.0,1.0,0.04,0.3,0.28,0.0,1.0,0.0,6.37,5.0,4.57,4.0,0.06,0.0,0.0,0.68,0.62,0.62,7.5,0.84,0.54,1.94,0.25,3.69,2.74,0.83,0.91,0.9,6.0,4.0,4.0,14.0,1.0,0.0,0.0,1.0,0.0,6.0,2.0,5.0,9.0,1.0,2.0,8.0,1.0,1.0,4.0,6.0,3.0,1.0,0.16,0.41,0.27,0.0,1.0,0.0,14.96,10.0,10.52,1.0,0.11,0.0,0.0,0.95,1.03,1.02
847744684780478482103,2025,Bunting-Mccarron-Wiesblatt,NSH,line,5on5,10,1776.0,97.0,0.54,0.53,0.44,12.59,1.77,0.73,3.61,0.42,5.33,4.14,1.7,1.83,1.76,12.0,4.0,12.0,28.0,1.0,4.0,1.0,0.0,0.0,7.0,4.0,11.0,15.0,5.0,13.0,23.0,23.0,4.0,5.0,11.0,1.0,4.0,0.34,0.1,1.33,1.0,0.0,0.0,28.28,16.0,16.3,2.0,0.16,1.17,1.17,0.75,0.79,0.78,13.41,1.49,1.11,3.68,0.59,7.59,5.54,1.31,1.56,1.36,13.0,7.0,5.0,25.0,2.0,3.0,1.0,3.0,0.0,8.0,4.0,11.0,18.0,4.0,11.0,18.0,17.0,1.0,8.0,15.0,3.0,2.0,0.42,0.32,0.75,2.0,0.0,0.0,25.5,20.0,20.77,5.0,0.24,0.76,0.76,0.97,0.97,0.95
847749484775008482476,2025,Heineman-Horvat-Drouin,NYI,line,5on5,16,7170.0,68.0,0.45,0.5,0.5,53.94,4.18,3.24,14.61,1.89,28.2,20.88,4.12,4.17,4.12,49.0,24.0,27.0,100.0,6.0,5.0,0.0,9.0,0.0,31.0,22.0,43.0,67.0,5.0,10.0,79.0,62.0,11.0,30.0,58.0,13.0,2.0,2.0,1.66,0.52,5.0,1.0,0.0,100.5,73.0,73.27,14.0,0.68,0.55,0.55,4.3,4.3,4.27,53.7,5.21,3.7,13.06,1.75,27.42,20.87,4.98,5.26,5.03,49.0,23.0,27.0,99.0,4.0,4.0,1.0,8.0,0.0,21.0,35.0,45.0,68.0,11.0,22.0,53.0,60.0,10.0,43.0,50.0,14.0,8.0,1.51,1.68,2.02,1.0,1.0,2.0,99.34,72.0,72.02,26.0,0.79,1.1,1.1,4.89,4.93,4.8
847414984762928477996,2025,Dadonov-Lammikko-Palat,NJD,line,5on5,3,730.0,14.0,0.37,0.52,0.48,7.24,0.39,0.44,1.79,0.24,4.06,3.09,0.38,0.4,0.39,7.0,3.0,3.0,13.0,0.0,1.0,0.0,2.0,0.0,6.0,1.0,7.0,10.0,0.0,0.0,7.0,6.0,0.0,2.0,9.0,0.0,1.0,0.15,0.0,0.24,0.0,0.0,0.0,12.62,10.0,9.93,1.0,0.09,0.24,0.24,0.24,0.24,0.23,8.22,0.64,0.45,2.27,0.24,4.34,3.05,0.63,0.63,0.62,8.0,3.0,1.0,12.0,2.0,1.0,1.0,1.0,0.0,2.0,5.0,6.0,9.0,0.0,0.0,6.0,4.0,1.0,0.0,9.0,2.0,0.0,0.33,0.32,0.0,1.0,1.0,0.0,12.13,11.0,11.12,0.0,0.09,0.15,0.15,0.59,0.58,0.58
847639384801888482116,2025,Zetterlund-Sttzle-Cousins,OTT,line,5on5,10,703.0,167.0,0.43,0.43,0.33,4.58,0.31,0.23,0.97,0.13,2.38,1.98,0.31,0.3,0.3,3.0,3.0,4.0,10.0,0.0,0.0,0.0,1.0,0.0,3.0,2.0,3.0,6.0,1.0,2.0,3.0,10.0,0.0,6.0,4.0,2.0,0.0,0.07,0.24,0.0,0.0,0.0,0.0,9.77,6.0,5.93,3.0,0.05,0.0,0.0,0.36,0.34,0.34,8.91,0.42,0.65,2.34,0.27,4.97,3.36,0.4,0.42,0.4,3.0,9.0,1.0,13.0,0.0,1.0,0.0,1.0,0.0,4.0,6.0,3.0,12.0,1.0,2.0,8.0,3.0,0.0,6.0,10.0,2.0,0.0,0.2,0.22,0.0,0.0,0.0,0.0,12.79,12.0,11.79,2.0,0.13,0.12,0.12,0.44,0.44,0.42
84829648483686,2025,Xhekaj-Engstrom,MTL,pairing,5on5,8,3600.0,31.0,0.49,0.55,0.56,28.14,2.25,1.84,6.65,0.92,15.26,12.08,2.21,2.23,2.2,18.0,21.0,15.0,54.0,2.0,2.0,0.0,4.0,0.0,19.0,12.0,16.0,37.0,6.0,12.0,23.0,39.0,3.0,12.0,32.0,5.0,2.0,1.18,0.57,0.49,2.0,0.0,0.0,54.83,39.0,38.84,4.0,0.38,0.12,0.07,2.56,2.54,2.51,23.68,2.33,1.73,5.79,0.72,11.68,8.76,2.23,2.3,2.21,18.0,13.0,13.0,44.0,1.0,4.0,0.0,3.0,0.0,15.0,8.0,17.0,30.0,3.0,6.0,17.0,31.0,1.0,14.0,22.0,6.0,3.0,0.71,0.78,0.83,1.0,0.0,0.0,43.19,31.0,31.07,9.0,0.36,0.53,0.53,2.15,2.13,2.11
847836684827458484762,2025,Sennecke-Mctavish-Vatrano,ANA,line,5on5,21,1613.0,251.0,0.13,0.23,0.23,7.92,0.45,0.46,1.89,0.24,4.56,3.41,0.45,0.45,0.45,10.0,1.0,3.0,14.0,0.0,0.0,0.0,4.0,0.0,2.0,5.0,10.0,11.0,1.0,2.0,14.0,20.0,1.0,11.0,10.0,1.0,0.0,0.33,0.12,0.0,0.0,0.0,0.0,14.15,11.0,11.17,6.0,0.09,0.0,0.0,0.54,0.55,0.55,26.69,2.98,1.91,7.25,0.91,13.45,9.5,2.8,2.88,2.7,25.0,11.0,11.0,47.0,4.0,6.0,1.0,4.0,0.0,11.0,11.0,21.0,32.0,1.0,2.0,17.0,12.0,2.0,5.0,21.0,12.0,3.0,0.63,1.33,1.03,0.0,3.0,1.0,45.73,36.0,35.11,1.0,0.41,1.26,1.26,2.12,2.04,2.02
84828618484806,2025,Dickinson-Iorio,SJS,pairing,5on5,10,5432.0,38.0,0.37,0.43,0.44,38.13,2.78,2.65,9.66,1.32,21.86,15.74,2.68,2.82,2.71,25.0,29.0,22.0,76.0,5.0,6.0,2.0,5.0,0.0,22.0,16.0,20.0,49.0,3.0,6.0,40.0,28.0,5.0,23.0,44.0,8.0,2.0,1.3,0.99,0.49,2.0,2.0,1.0,75.94,54.0,54.32,14.0,0.55,0.93,0.93,2.4,2.41,2.38,51.31,4.68,3.73,12.56,1.74,27.08,20.21,4.42,4.77,4.5,47.0,23.0,32.0,102.0,3.0,9.0,0.0,10.0,0.0,29.0,19.0,44.0,67.0,4.0,8.0,38.0,38.0,8.0,23.0,52.0,12.0,6.0,1.62,1.49,1.57,3.0,0.0,0.0,105.9,70.0,72.28,12.0,0.79,1.68,1.68,3.78,3.86,3.8
847638984764688478550,2025,Panarin-Trocheck-Miller,NYR,line,5on5,12,2082.0,123.0,0.34,0.42,0.39,12.6,0.8,0.7,3.0,0.38,6.76,5.35,0.8,0.84,0.84,10.0,7.0,10.0,27.0,2.0,0.0,0.0,4.0,0.0,4.0,7.0,8.0,15.0,3.0,6.0,22.0,16.0,1.0,13.0,12.0,5.0,0.0,0.28,0.52,0.0,0.0,2.0,0.0,28.48,17.0,17.75,8.0,0.15,0.0,0.0,0.95,0.99,0.99,19.71,1.52,1.3,4.76,0.57,11.03,7.82,1.52,1.48,1.48,19.0,8.0,11.0,38.0,5.0,0.0,0.0,1.0,0.0,8.0,13.0,14.0,22.0,0.0,0.0,12.0,12.0,5.0,8.0,21.0,6.0,0.0,0.73,0.8,0.0,2.0,3.0,0.0,37.41,27.0,26.63,3.0,0.27,0.0,0.0,1.79,1.75,1.74
84754628481605,2025,Lacombe-Gudas,ANA,pairing,5on5,24,6279.0,139.0,0.5,0.55,0.56,52.58,3.65,3.32,14.27,1.88,29.22,21.67,3.51,3.7,3.56,51.0,23.0,39.0,113.0,4.0,4.0,0.0,10.0,0.0,31.0,25.0,47.0,70.0,7.0,14.0,43.0,55.0,11.0,34.0,62.0,10.0,2.0,1.66,1.26,0.72,1.0,2.0,1.0,111.82,74.0,73.43,16.0,0.69,0.87,0.87,3.46,3.48,3.4,42.57,3.67,2.99,10.61,1.47,23.69,16.58,3.56,3.77,3.66,37.0,22.0,35.0,94.0,5.0,4.0,1.0,8.0,1.0,22.0,19.0,32.0,54.0,4.0,8.0,46.0,36.0,4.0,30.0,44.0,13.0,2.0,1.7,1.47,0.49,3.0,2.0,0.0,96.45,59.0,60.34,14.0,0.63,0.63,0.63,3.67,3.72,3.66
84769318479026,2025,Mccabe-Myers,TOR,pairing,5on5,15,956.0,143.0,0.31,0.41,0.38,5.94,0.33,0.35,1.65,0.23,3.27,2.18,0.33,0.32,0.32,7.0,1.0,3.0,11.0,1.0,0.0,0.0,0.0,0.0,3.0,4.0,6.0,7.0,2.0,4.0,7.0,11.0,0.0,8.0,6.0,2.0,0.0,0.1,0.23,0.0,0.0,1.0,0.0,10.9,8.0,7.95,4.0,0.07,0.0,0.0,0.4,0.39,0.39,10.2,0.74,0.8,2.65,0.32,5.16,3.33,0.7,0.74,0.7,10.0,3.0,3.0,16.0,1.0,1.0,0.0,1.0,0.0,7.0,3.0,9.0,12.0,0.0,0.0,1.0,5.0,1.0,5.0,10.0,3.0,0.0,0.42,0.32,0.0,0.0,1.0,0.0,15.85,13.0,12.84,5.0,0.16,0.1,0.1,0.81,0.81,0.76
847637484803558481556,2025,Beecher-Kastelic-Kuraly,BOS,line,5on5,3,1319.0,8.0,0.45,0.39,0.39,8.19,1.01,0.53,2.28,0.34,3.9,2.94,0.98,1.02,0.99,8.0,3.0,8.0,19.0,1.0,2.0,0.0,4.0,0.0,2.0,2.0,7.0,10.0,2.0,7.0,17.0,17.0,1.0,5.0,7.0,2.0,2.0,0.18,0.28,0.55,1.0,0.0,0.0,18.79,11.0,10.98,4.0,0.11,0.27,0.27,0.85,0.85,0.85,12.39,1.24,0.74,3.5,0.38,6.48,4.67,1.21,1.24,1.21,12.0,5.0,13.0,30.0,0.0,1.0,0.0,5.0,0.0,8.0,3.0,12.0,17.0,1.0,5.0,12.0,12.0,1.0,5.0,13.0,2.0,2.0,0.31,0.28,0.65,0.0,0.0,0.0,30.35,17.0,17.44,1.0,0.15,0.36,0.36,1.03,1.03,1.02
847887484807988480848,2025,Kurashev-Dellandrea-Gaudette,SJS,line,5on5,4,742.0,53.0,0.26,0.22,0.31,3.12,0.24,0.26,0.73,0.09,1.58,1.11,0.23,0.24,0.23,2.0,2.0,1.0,5.0,0.0,0.0,0.0,1.0,0.0,1.0,2.0,2.0,4.0,1.0,2.0,4.0,4.0,1.0,5.0,2.0,2.0,0.0,0.03,0.21,0.0,0.0,0.0,0.0,4.82,4.0,3.89,3.0,0.06,0.0,0.0,0.29,0.29,0.28,6.88,0.67,0.51,1.98,0.26,3.4,2.18,0.64,0.65,0.63,5.0,4.0,9.0,18.0,1.0,1.0,0.0,0.0,0.0,4.0,3.0,4.0,8.0,1.0,2.0,5.0,4.0,3.0,6.0,6.0,2.0,1.0,0.23,0.2,0.23,0.0,1.0,0.0,18.28,9.0,9.05,2.0,0.11,0.23,0.23,0.54,0.53,0.53
84745678474716,2025,Spurgeon-Bogosian,MIN,pairing,5on5,15,2295.0,99.0,0.51,0.44,0.54,18.89,1.25,1.37,4.33,0.65,10.92,8.47,1.24,1.24,1.24,21.0,6.0,4.0,31.0,2.0,0.0,0.0,3.0,0.0,12.0,10.0,19.0,25.0,1.0,2.0,8.0,19.0,8.0,11.0,21.0,6.0,0.0,0.53,0.71,0.0,2.0,0.0,0.0,31.48,27.0,27.21,6.0,0.28,0.0,0.0,1.53,1.52,1.51,16.81,1.18,1.07,4.12,0.56,9.22,6.85,1.15,1.18,1.15,13.0,10.0,17.0,40.0,0.0,2.0,0.0,3.0,0.0,9.0,9.0,13.0,23.0,2.0,4.0,15.0,12.0,1.0,12.0,20.0,1.0,2.0,0.52,0.1,0.57,0.0,0.0,0.0,39.43,23.0,22.78,3.0,0.22,0.57,0.57,0.84,0.83,0.81
84780138480803,2025,Walman-Bouchard,EDM,pairing,5on5,14,798.0,106.0,0.93,0.68,0.83,7.62,0.73,0.43,1.87,0.23,3.71,3.03,0.72,0.7,0.69,10.0,0.0,3.0,13.0,2.0,1.0,1.0,2.0,0.0,4.0,1.0,8.0,8.0,1.0,2.0,5.0,1.0,1.0,7.0,8.0,1.0,1.0,0.34,0.12,0.27,0.0,1.0,1.0,12.54,10.0,9.65,2.0,0.09,0.12,0.12,0.7,0.67,0.67,1.47,0.05,0.07,0.37,0.04,0.85,0.62,0.05,0.05,0.05,2.0,0.0,4.0,6.0,0.0,0.0,0.0,0.0,0.0,0.0,2.0,2.0,2.0,1.0,2.0,5.0,2.0,1.0,4.0,2.0,0.0,0.0,0.05,0.0,0.0,0.0,0.0,0.0,6.3,2.0,2.01,2.0,0.01,0.0,0.0,0.07,0.07,0.07
847687184810438484135,2025,Pearson-Ford-Koepke,WPG,line,5on5,4,873.0,25.0,0.43,0.5,0.53,7.0,0.6,0.48,1.78,0.21,3.46,2.47,0.6,0.63,0.63,7.0,2.0,3.0,12.0,0.0,0.0,0.0,1.0,0.0,2.0,6.0,7.0,9.0,1.0,2.0,7.0,14.0,2.0,3.0,6.0,2.0,1.0,0.14,0.25,0.21,0.0,0.0,0.0,12.76,9.0,9.44,1.0,0.1,0.0,0.0,0.7,0.74,0.74,6.53,0.8,0.46,1.43,0.18,2.95,2.18,0.77,0.76,0.73,5.0,3.0,4.0,12.0,1.0,1.0,0.0,1.0,0.0,2.0,3.0,4.0,7.0,1.0,2.0,6.0,6.0,1.0,3.0,4.0,2.0,2.0,0.05,0.29,0.46,0.0,0.0,1.0,11.51,8.0,7.77,3.0,0.1,0.2,0.2,0.69,0.67,0.67
84706138479398,2025,Girard-Burns,COL,pairing,5on5,18,2148.0,134.0,0.53,0.51,0.45,15.03,1.51,1.01,4.08,0.57,8.64,6.2,1.49,1.51,1.5,18.0,4.0,17.0,39.0,2.0,1.0,0.0,1.0,0.0,10.0,8.0,16.0,20.0,3.0,6.0,24.0,19.0,5.0,13.0,16.0,4.0,2.0,0.48,0.58,0.45,1.0,1.0,0.0,39.75,22.0,22.68,6.0,0.21,0.24,0.24,1.48,1.5,1.49,20.21,1.31,1.09,5.64,0.61,10.68,7.67,1.3,1.28,1.28,16.0,11.0,10.0,37.0,1.0,2.0,0.0,5.0,0.0,7.0,12.0,15.0,26.0,2.0,4.0,13.0,14.0,1.0,20.0,23.0,2.0,2.0,0.56,0.22,0.53,0.0,0.0,1.0,35.76,27.0,26.25,9.0,0.23,0.45,0.45,1.09,1.08,1.08
84740138480434,2025,Cole-Durzi,UTA,pairing,5on5,16,1763.0,122.0,0.62,0.49,0.62,11.62,1.35,0.8,2.88,0.37,6.13,4.48,1.28,1.31,1.24,10.0,6.0,5.0,21.0,1.0,3.0,1.0,2.0,0.0,6.0,4.0,9.0,15.0,3.0,6.0,11.0,13.0,1.0,9.0,11.0,3.0,2.0,0.37,0.39,0.58,0.0,0.0,1.0,21.2,16.0,15.97,4.0,0.17,0.75,0.75,0.76,0.76,0.76,7.31,0.84,0.44,1.83,0.25,3.82,2.82,0.81,0.85,0.82,7.0,3.0,12.0,22.0,0.0,2.0,0.0,3.0,0.0,3.0,2.0,7.0,10.0,2.0,4.0,9.0,10.0,6.0,11.0,6.0,4.0,0.0,0.22,0.63,0.0,0.0,0.0,0.0,22.38,10.0,10.12,7.0,0.09,0.2,0.2,0.74,0.74,0.74
847794984808028482659,2025,Doan-Mcleod-Tuch,BUF,line,5on5,16,6396.0,67.0,0.64,0.59,0.61,82.23,7.36,5.45,21.34,2.73,44.66,31.46,6.9,7.21,6.76,70.0,43.0,30.0,143.0,10.0,13.0,2.0,13.0,0.0,44.0,33.0,60.0,103.0,8.0,19.0,58.0,20.0,11.0,34.0,84.0,21.0,8.0,2.35,2.65,2.36,4.0,4.0,2.0,139.49,113.0,110.68,18.0,1.14,2.45,2.45,6.05,5.92,5.74,53.57,4.07,3.16,14.01,1.93,27.93,21.92,3.9,4.15,3.98,44.0,29.0,27.0,100.0,6.0,7.0,1.0,10.0,0.0,23.0,27.0,38.0,67.0,5.0,13.0,57.0,37.0,7.0,31.0,58.0,11.0,4.0,1.67,1.33,1.07,4.0,1.0,1.0,101.43,73.0,74.12,17.0,0.66,1.43,1.43,3.29,3.35,3.24
848178984828748483570,2025,Kartye-Meyers-Melanson,SEA,line,5on5,6,2440.0,23.0,0.59,0.61,0.55,20.32,1.48,1.37,5.08,0.68,11.16,8.23,1.46,1.49,1.47,17.0,11.0,15.0,43.0,0.0,2.0,0.0,7.0,1.0,9.0,9.0,17.0,28.0,2.0,4.0,21.0,50.0,5.0,8.0,23.0,4.0,1.0,0.78,0.44,0.26,0.0,0.0,0.0,43.47,28.0,28.36,3.0,0.28,0.33,0.33,1.43,1.47,1.46,16.53,1.01,1.18,4.29,0.59,9.15,6.78,1.01,0.97,0.97,18.0,5.0,5.0,28.0,3.0,3.0,0.0,5.0,0.0,6.0,6.0,15.0,20.0,2.0,4.0,10.0,32.0,3.0,12.0,19.0,4.0,0.0,0.5,0.51,0.0,2.0,1.0,0.0,26.93,23.0,22.23,6.0,0.24,0.09,0.09,1.16,1.12,1.11
84795768482166,2025,Mukhamadullin-Desharnais,SJS,pairing,5on5,6,1787.0,37.0,0.36,0.31,0.24,6.7,0.6,0.4,1.37,0.2,3.58,2.84,0.6,0.57,0.57,8.0,1.0,7.0,16.0,1.0,0.0,0.0,1.0,0.0,2.0,5.0,7.0,8.0,0.0,0.0,13.0,14.0,1.0,9.0,6.0,2.0,1.0,0.12,0.23,0.25,0.0,0.0,1.0,15.47,9.0,8.69,4.0,0.08,0.0,0.0,0.68,0.65,0.65,20.16,1.07,1.14,5.18,0.64,11.63,8.34,1.07,1.11,1.1,22.0,6.0,8.0,36.0,0.0,1.0,0.0,7.0,0.0,9.0,11.0,22.0,28.0,3.0,6.0,15.0,8.0,2.0,6.0,25.0,3.0,0.0,0.62,0.45,0.0,0.0,0.0,0.0,37.06,28.0,28.78,1.0,0.23,0.18,0.18,1.12,1.16,1.15
847804284784018482634,2025,Arvidsson-Zacha-Steeves,BOS,line,5on5,4,1961.0,11.0,0.45,0.53,0.53,21.1,1.47,1.35,5.58,0.81,11.19,8.59,1.45,1.54,1.52,20.0,9.0,11.0,40.0,1.0,1.0,0.0,7.0,0.0,13.0,7.0,19.0,28.0,1.0,5.0,21.0,21.0,0.0,9.0,25.0,3.0,1.0,0.79,0.44,0.24,0.0,1.0,0.0,41.96,29.0,30.12,4.0,0.28,0.24,0.24,1.52,1.59,1.56,19.03,1.78,1.23,5.44,0.66,9.39,7.5,1.5,1.73,1.46,15.0,11.0,10.0,36.0,1.0,3.0,0.0,5.0,0.0,9.0,8.0,14.0,25.0,3.0,9.0,23.0,18.0,5.0,6.0,19.0,4.0,3.0,0.41,0.5,0.86,1.0,0.0,0.0,34.65,26.0,25.18,3.0,0.26,0.86,0.86,1.17,1.15,1.06
847181784766248483630,2025,Regenda-Goodrow-Reaves,SJS,line,5on5,2,730.0,8.0,0.62,0.55,0.5,5.87,0.98,0.47,1.46,0.19,2.95,1.96,0.84,1.01,0.87,5.0,3.0,4.0,12.0,0.0,1.0,0.0,0.0,0.0,5.0,2.0,5.0,8.0,2.0,4.0,5.0,9.0,1.0,3.0,5.0,1.0,2.0,0.11,0.12,0.76,0.0,0.0,0.0,12.75,8.0,8.06,2.0,0.1,0.41,0.41,0.67,0.69,0.68,5.85,0.61,0.43,1.22,0.17,3.26,2.31,0.55,0.62,0.56,7.0,1.0,2.0,10.0,2.0,1.0,0.0,0.0,0.0,4.0,1.0,5.0,6.0,0.0,0.0,11.0,5.0,0.0,8.0,6.0,1.0,1.0,0.25,0.1,0.25,2.0,0.0,0.0,10.22,8.0,8.27,4.0,0.09,0.25,0.25,0.44,0.46,0.44
84746008476869,2025,Josi-Skjei,NSH,pairing,5on5,25,1031.0,214.0,0.53,0.6,0.63,12.81,0.72,0.79,2.96,0.35,6.62,5.55,0.72,0.69,0.69,8.0,9.0,11.0,28.0,0.0,0.0,0.0,4.0,0.0,8.0,5.0,8.0,17.0,1.0,2.0,5.0,2.0,1.0,8.0,14.0,3.0,0.0,0.39,0.33,0.0,0.0,0.0,0.0,27.27,17.0,16.62,2.0,0.16,0.0,0.0,0.88,0.85,0.84,7.37,0.64,0.43,1.63,0.2,4.11,2.99,0.64,0.67,0.67,9.0,1.0,9.0,19.0,1.0,0.0,0.0,3.0,0.0,3.0,3.0,8.0,9.0,2.0,4.0,2.0,8.0,1.0,5.0,7.0,2.0,1.0,0.15,0.19,0.3,0.0,1.0,0.0,19.83,10.0,10.34,2.0,0.09,0.0,0.0,0.73,0.76,0.76
847745684788918479992,2025,Rasmussen-Compher-Appleton,DET,line,5on5,10,4668.0,41.0,0.47,0.41,0.42,32.14,3.5,2.3,7.83,1.17,16.56,12.63,3.29,3.43,3.23,31.0,13.0,15.0,59.0,5.0,5.0,1.0,7.0,0.0,11.0,16.0,26.0,39.0,4.0,8.0,44.0,32.0,8.0,18.0,30.0,10.0,4.0,0.92,1.31,1.27,2.0,2.0,1.0,57.21,44.0,42.77,7.0,0.49,1.24,1.24,2.75,2.75,2.71,44.87,3.99,3.01,11.36,1.48,24.31,17.85,3.91,4.08,4.0,41.0,21.0,24.0,86.0,2.0,3.0,0.0,9.0,0.0,22.0,26.0,39.0,60.0,2.0,4.0,41.0,29.0,7.0,22.0,46.0,13.0,3.0,1.42,1.77,0.8,1.0,1.0,0.0,87.23,62.0,63.45,11.0,0.62,0.73,0.73,3.88,3.97,3.92
847637484795918481556,2025,Eyssimont-Kuraly-Beecher,BOS,line,5on5,3,1292.0,12.0,0.32,0.51,0.44,7.37,0.36,0.56,1.89,0.28,4.6,3.3,0.36,0.36,0.35,7.0,4.0,10.0,21.0,0.0,0.0,0.0,1.0,0.0,3.0,7.0,7.0,11.0,4.0,8.0,9.0,10.0,2.0,1.0,10.0,1.0,0.0,0.27,0.09,0.0,0.0,0.0,0.0,20.42,11.0,10.74,0.0,0.12,0.0,0.0,0.48,0.47,0.47,9.97,0.78,0.6,2.96,0.35,5.4,3.92,0.77,0.77,0.77,10.0,4.0,6.0,20.0,1.0,2.0,0.0,1.0,0.0,4.0,6.0,9.0,13.0,3.0,6.0,8.0,6.0,3.0,2.0,11.0,2.0,1.0,0.2,0.28,0.31,1.0,0.0,0.0,20.04,14.0,14.1,0.0,0.12,0.32,0.32,0.59,0.58,0.57
84768758482964,2025,Matheson-Xhekaj,MTL,pairing,5on5,20,934.0,186.0,0.74,0.6,0.61,8.6,0.85,0.59,1.95,0.29,4.01,3.32,0.76,0.93,0.83,6.0,5.0,1.0,12.0,0.0,2.0,0.0,2.0,0.0,5.0,2.0,6.0,11.0,2.0,7.0,0.0,9.0,1.0,5.0,8.0,2.0,1.0,0.3,0.27,0.28,0.0,0.0,0.0,12.75,11.0,11.81,4.0,0.12,0.46,0.46,0.52,0.55,0.53,4.94,0.3,0.29,1.18,0.15,2.99,2.09,0.3,0.3,0.3,4.0,3.0,1.0,8.0,0.0,0.0,0.0,2.0,0.0,1.0,4.0,4.0,7.0,3.0,9.0,0.0,10.0,2.0,3.0,7.0,0.0,0.0,0.3,0.0,0.0,0.0,0.0,0.0,7.95,7.0,6.98,0.0,0.06,0.0,0.0,0.36,0.36,0.36
84784168482929,2025,Lilleberg-Cernak,TBL,pairing,5on5,16,878.0,144.0,0.48,0.48,0.53,6.03,0.4,0.36,1.69,0.21,3.11,2.23,0.4,0.38,0.38,3.0,5.0,2.0,10.0,0.0,1.0,0.0,0.0,0.0,3.0,4.0,3.0,8.0,1.0,2.0,1.0,7.0,0.0,4.0,6.0,2.0,0.0,0.17,0.24,0.0,0.0,0.0,0.0,9.86,8.0,7.94,1.0,0.07,0.09,0.09,0.39,0.36,0.36,5.04,0.43,0.29,1.08,0.15,2.89,2.17,0.42,0.44,0.43,3.0,4.0,4.0,11.0,1.0,0.0,0.0,0.0,0.0,1.0,5.0,2.0,6.0,0.0,0.0,1.0,8.0,1.0,4.0,5.0,2.0,0.0,0.2,0.23,0.0,1.0,0.0,0.0,10.92,7.0,7.03,3.0,0.06,0.0,0.0,0.48,0.5,0.49
84763728481178,2025,Seeler-Zamula,PHI,pairing,5on5,7,2816.0,37.0,0.54,0.46,0.54,27.51,2.3,1.68,7.15,0.89,14.31,10.67,2.2,2.4,2.29,29.0,8.0,7.0,44.0,5.0,2.0,0.0,9.0,0.0,15.0,6.0,24.0,32.0,0.0,0.0,19.0,27.0,5.0,10.0,29.0,6.0,2.0,0.95,0.83,0.52,4.0,1.0,0.0,47.39,37.0,38.84,5.0,0.35,0.42,0.42,2.23,2.33,2.3,22.42,1.96,1.49,5.7,0.84,12.69,9.32,1.93,1.88,1.85,17.0,15.0,20.0,52.0,1.0,3.0,0.0,4.0,0.0,9.0,15.0,16.0,31.0,2.0,4.0,16.0,18.0,2.0,12.0,24.0,7.0,1.0,0.87,0.76,0.33,1.0,0.0,0.0,48.04,32.0,30.44,9.0,0.31,0.54,0.54,1.72,1.65,1.63
84815428482762,2025,Edvinsson-Seider,DET,pairing,5on5,39,33089.0,80.0,0.56,0.55,0.57,307.08,25.03,19.6,76.43,10.34,163.61,122.0,24.11,25.49,24.54,278.0,139.0,149.0,566.0,29.0,31.0,3.0,56.0,1.0,139.0,161.0,249.0,388.0,35.0,73.0,281.0,170.0,41.0,157.0,312.0,81.0,24.0,8.7,9.98,6.34,16.0,11.0,2.0,570.66,417.0,419.0,72.0,4.07,6.23,6.23,22.87,23.15,22.82,227.3,19.33,14.49,57.28,7.35,120.27,90.28,18.47,19.6,18.75,204.0,105.0,156.0,465.0,19.0,21.0,4.0,42.0,0.0,108.0,119.0,185.0,290.0,40.0,87.0,264.0,185.0,27.0,137.0,231.0,59.0,19.0,6.69,7.4,5.24,6.0,9.0,4.0,465.12,309.0,311.12,69.0,3.01,5.05,5.05,17.29,17.41,17.19
847648084768718482149,2025,Pearson-Namestnikov-Perfetti,WPG,line,5on5,3,1038.0,10.0,0.23,0.43,0.38,5.94,0.18,0.33,1.65,0.23,3.85,2.76,0.18,0.18,0.18,3.0,6.0,6.0,15.0,0.0,1.0,0.0,1.0,1.0,3.0,3.0,3.0,9.0,2.0,4.0,7.0,10.0,1.0,4.0,9.0,0.0,0.0,0.18,0.0,0.0,0.0,0.0,0.0,14.22,9.0,8.57,1.0,0.07,0.02,0.02,0.23,0.22,0.22,10.81,0.61,0.61,3.04,0.38,6.16,4.2,0.6,0.62,0.62,10.0,5.0,5.0,20.0,1.0,1.0,0.0,3.0,0.0,7.0,3.0,9.0,14.0,4.0,8.0,10.0,6.0,2.0,5.0,12.0,3.0,0.0,0.25,0.36,0.0,0.0,1.0,0.0,20.36,15.0,15.31,3.0,0.12,0.04,0.04,0.7,0.71,0.7
847804684809808481481,2025,Heinen-Lizotte-Dewar,PIT,line,5on5,5,1153.0,44.0,0.71,0.67,0.64,13.0,0.96,0.85,2.97,0.38,7.5,5.35,0.94,0.97,0.95,14.0,4.0,8.0,26.0,0.0,1.0,0.0,7.0,0.0,4.0,6.0,14.0,18.0,1.0,2.0,8.0,5.0,1.0,4.0,15.0,2.0,1.0,0.46,0.2,0.3,0.0,0.0,0.0,25.95,18.0,17.9,3.0,0.18,0.3,0.3,0.83,0.84,0.82,7.32,0.4,0.5,1.68,0.24,4.14,3.05,0.4,0.4,0.4,6.0,4.0,3.0,13.0,0.0,0.0,0.0,2.0,0.0,4.0,4.0,6.0,10.0,0.0,0.0,8.0,9.0,1.0,1.0,9.0,1.0,0.0,0.29,0.1,0.0,0.0,0.0,0.0,13.12,10.0,10.07,1.0,0.1,0.0,0.0,0.5,0.51,0.5
84752088482730,2025,Dumoulin-Clarke,LAK,pairing,5on5,32,5919.0,187.0,0.52,0.55,0.57,51.4,3.39,3.16,12.9,1.74,28.64,22.17,3.35,3.38,3.34,50.0,22.0,33.0,105.0,5.0,3.0,0.0,13.0,0.0,23.0,28.0,45.0,67.0,6.0,12.0,44.0,24.0,4.0,32.0,57.0,14.0,1.0,1.51,1.56,0.31,3.0,2.0,0.0,103.87,72.0,71.18,14.0,0.65,0.64,0.64,3.4,3.38,3.36,40.53,3.15,2.53,10.31,1.47,21.12,16.42,3.03,3.16,3.05,35.0,20.0,30.0,85.0,0.0,5.0,0.0,5.0,0.0,22.0,23.0,35.0,55.0,6.0,14.0,26.0,29.0,5.0,28.0,41.0,12.0,2.0,0.92,1.43,0.8,0.0,0.0,0.0,86.17,55.0,55.98,9.0,0.52,1.11,1.11,2.56,2.62,2.61
847641984774948482476,2025,Drouin-Pageau-Heineman,NYI,line,5on5,9,1251.0,80.0,0.28,0.48,0.48,11.21,0.48,0.66,2.7,0.39,6.74,5.04,0.46,0.47,0.45,12.0,4.0,4.0,20.0,0.0,0.0,0.0,2.0,0.0,11.0,3.0,12.0,16.0,2.0,4.0,13.0,7.0,1.0,6.0,15.0,1.0,0.0,0.39,0.09,0.0,0.0,0.0,0.0,18.99,16.0,15.28,3.0,0.13,0.0,0.0,0.61,0.6,0.58,12.68,1.2,0.84,2.81,0.39,6.76,5.0,1.16,1.25,1.2,14.0,3.0,5.0,22.0,1.0,1.0,0.0,2.0,0.0,7.0,6.0,13.0,16.0,0.0,0.0,8.0,5.0,2.0,5.0,12.0,4.0,1.0,0.37,0.52,0.31,0.0,1.0,0.0,22.68,17.0,17.62,2.0,0.17,0.31,0.31,1.07,1.09,1.07
847805784784628482259,2025,Mcmann-Roy-Joshua,TOR,line,5on5,13,4038.0,74.0,0.46,0.46,0.45,33.25,2.33,2.26,7.92,1.12,19.66,13.71,2.29,2.45,2.4,29.0,18.0,21.0,68.0,6.0,2.0,0.0,7.0,1.0,20.0,11.0,23.0,41.0,6.0,18.0,38.0,59.0,7.0,16.0,38.0,8.0,1.0,1.13,0.97,0.22,3.0,3.0,0.0,71.04,47.0,48.25,10.0,0.46,0.14,0.14,2.65,2.76,2.75,40.96,2.77,2.55,11.04,1.44,22.39,16.81,2.72,2.72,2.66,32.0,25.0,23.0,80.0,0.0,5.0,0.0,12.0,0.0,22.0,18.0,32.0,57.0,7.0,20.0,31.0,31.0,7.0,14.0,46.0,8.0,3.0,1.1,0.92,0.76,0.0,0.0,0.0,77.85,57.0,56.29,6.0,0.53,0.72,0.72,2.58,2.55,2.51
847935984815228482896,2025,Malenstyn-Krebs-Kozak,BUF,line,5on5,8,1088.0,65.0,0.66,0.5,0.48,10.62,0.93,0.76,2.75,0.37,5.63,3.55,0.92,0.93,0.92,9.0,5.0,6.0,20.0,2.0,1.0,0.0,1.0,0.0,6.0,4.0,7.0,12.0,2.0,4.0,15.0,13.0,2.0,3.0,9.0,5.0,0.0,0.22,0.71,0.0,1.0,1.0,0.0,19.31,14.0,13.61,3.0,0.16,0.11,0.11,0.98,0.97,0.97,11.01,0.49,0.59,3.31,0.37,5.86,4.38,0.48,0.5,0.5,9.0,6.0,5.0,20.0,0.0,0.0,0.0,3.0,0.0,7.0,5.0,9.0,15.0,2.0,4.0,13.0,8.0,0.0,1.0,13.0,2.0,0.0,0.28,0.21,0.0,0.0,0.0,0.0,20.19,15.0,15.01,1.0,0.12,0.0,0.0,0.61,0.63,0.62
847798784827038483450,2025,Donato-Greene-Dach,CHI,line,5on5,11,774.0,172.0,0.26,0.48,0.47,5.55,0.22,0.29,1.52,0.2,3.39,2.39,0.21,0.21,0.21,4.0,4.0,2.0,10.0,0.0,1.0,0.0,1.0,0.0,2.0,4.0,4.0,8.0,2.0,4.0,9.0,6.0,0.0,2.0,8.0,0.0,0.0,0.22,0.0,0.0,0.0,0.0,0.0,9.73,8.0,7.92,2.0,0.06,0.04,0.04,0.24,0.24,0.24,6.47,0.61,0.47,2.05,0.29,3.26,2.33,0.58,0.6,0.57,5.0,4.0,2.0,11.0,1.0,1.0,0.0,1.0,0.0,4.0,2.0,4.0,8.0,0.0,0.0,6.0,5.0,1.0,6.0,7.0,1.0,1.0,0.18,0.1,0.33,1.0,0.0,0.0,10.85,9.0,8.88,3.0,0.1,0.33,0.33,0.38,0.38,0.36
847515184774948484221,2025,Drouin-Ritchie-Palmieri,NYI,line,5on5,4,1937.0,12.0,0.49,0.52,0.54,15.23,1.15,1.01,3.81,0.45,7.93,5.65,1.09,1.12,1.05,15.0,5.0,9.0,29.0,0.0,2.0,0.0,4.0,0.0,8.0,6.0,15.0,20.0,0.0,0.0,13.0,6.0,0.0,11.0,16.0,3.0,1.0,0.53,0.43,0.2,0.0,0.0,0.0,28.45,20.0,19.32,4.0,0.21,0.39,0.39,0.97,0.94,0.9,12.36,1.2,0.72,3.13,0.46,6.24,5.25,1.15,1.25,1.2,10.0,7.0,10.0,27.0,0.0,3.0,0.0,3.0,0.0,7.0,4.0,10.0,17.0,3.0,6.0,23.0,15.0,0.0,9.0,11.0,5.0,1.0,0.29,0.58,0.33,0.0,0.0,0.0,28.56,17.0,17.68,4.0,0.15,0.53,0.53,0.81,0.87,0.86
848074884826918483395,2025,Sherwood-Raty-Bains,VAN,line,5on5,4,1060.0,26.0,0.74,0.53,0.55,8.29,0.64,0.45,2.64,0.3,4.03,2.93,0.6,0.59,0.56,7.0,4.0,5.0,16.0,1.0,2.0,0.0,2.0,0.0,6.0,0.0,6.0,10.0,0.0,0.0,6.0,21.0,3.0,11.0,8.0,3.0,0.0,0.24,0.4,0.0,1.0,0.0,0.0,14.83,11.0,10.21,2.0,0.09,0.27,0.27,0.47,0.43,0.41,6.27,0.23,0.28,1.9,0.21,3.69,2.69,0.23,0.24,0.24,7.0,2.0,5.0,14.0,0.0,0.0,0.0,0.0,0.0,3.0,6.0,7.0,9.0,0.0,0.0,6.0,12.0,3.0,3.0,9.0,0.0,0.0,0.23,0.0,0.0,0.0,0.0,0.0,14.75,9.0,9.47,2.0,0.06,0.0,0.0,0.29,0.3,0.3
847517084793858480459,2025,Suter-Schenn-Kyrou,STL,line,5on5,7,1205.0,69.0,0.52,0.45,0.41,10.4,1.01,0.67,2.5,0.33,5.46,4.04,0.99,0.99,0.97,9.0,5.0,6.0,20.0,1.0,2.0,1.0,1.0,0.0,6.0,4.0,8.0,13.0,0.0,0.0,8.0,6.0,1.0,6.0,11.0,2.0,1.0,0.31,0.3,0.4,0.0,0.0,1.0,19.22,14.0,13.5,3.0,0.14,0.52,0.52,0.63,0.59,0.59,14.86,0.93,0.81,4.04,0.49,7.68,6.05,0.91,0.96,0.94,13.0,7.0,4.0,24.0,0.0,2.0,0.0,5.0,0.0,6.0,7.0,13.0,20.0,1.0,2.0,14.0,2.0,2.0,5.0,18.0,1.0,1.0,0.49,0.11,0.33,0.0,0.0,0.0,24.97,20.0,20.75,3.0,0.17,0.44,0.44,0.66,0.67,0.67
84780558478859,2025,Forsling-Mikkola,FLA,pairing,5on5,36,3237.0,211.0,0.66,0.66,0.66,31.7,2.75,2.01,8.2,1.07,17.41,12.56,2.71,2.68,2.64,29.0,15.0,17.0,61.0,3.0,4.0,0.0,7.0,0.0,13.0,17.0,26.0,41.0,3.0,6.0,7.0,35.0,8.0,17.0,34.0,6.0,4.0,1.02,0.64,1.1,1.0,1.0,1.0,59.83,44.0,43.31,8.0,0.41,0.85,0.85,2.31,2.28,2.25,16.34,1.45,1.13,3.84,0.56,9.27,6.76,1.45,1.52,1.52,14.0,9.0,8.0,31.0,3.0,1.0,0.0,4.0,0.0,6.0,9.0,11.0,20.0,6.0,12.0,12.0,11.0,5.0,17.0,16.0,6.0,1.0,0.48,0.65,0.32,1.0,2.0,0.0,32.31,23.0,23.76,9.0,0.24,0.32,0.32,1.37,1.43,1.42
84768798479998,2025,Anderson-Ceci,LAK,pairing,5on5,23,8915.0,138.0,0.53,0.52,0.52,74.21,6.47,5.0,19.02,2.63,38.67,29.21,6.12,6.54,6.18,69.0,32.0,43.0,144.0,5.0,8.0,0.0,13.0,0.0,42.0,33.0,64.0,96.0,11.0,22.0,65.0,53.0,11.0,41.0,75.0,20.0,6.0,1.99,2.44,2.04,2.0,3.0,0.0,141.83,101.0,100.13,21.0,1.05,1.64,1.64,5.88,5.84,5.74,67.81,5.71,4.6,16.29,2.3,37.77,27.34,5.63,5.68,5.6,60.0,34.0,37.0,131.0,3.0,5.0,1.0,11.0,0.0,42.0,33.0,57.0,91.0,4.0,8.0,78.0,49.0,7.0,38.0,67.0,23.0,4.0,1.82,2.75,1.14,1.0,1.0,1.0,132.23,94.0,94.35,19.0,0.95,0.96,0.96,5.7,5.67,5.63
847795184793438482699,2025,Keller-Schmaltz-Guenther,UTA,line,5on5,7,634.0,60.0,0.74,0.7,0.74,10.4,1.39,0.77,2.5,0.32,5.17,3.85,1.27,1.36,1.24,11.0,3.0,5.0,19.0,0.0,3.0,0.0,2.0,0.0,5.0,4.0,11.0,14.0,0.0,0.0,4.0,2.0,3.0,3.0,8.0,4.0,2.0,0.24,0.46,0.68,0.0,0.0,0.0,17.66,14.0,13.53,1.0,0.17,0.84,0.84,0.72,0.71,0.7,3.98,0.48,0.31,1.08,0.15,1.83,1.15,0.44,0.5,0.45,5.0,0.0,3.0,8.0,1.0,1.0,0.0,0.0,0.0,1.0,2.0,4.0,4.0,0.0,0.0,5.0,2.0,2.0,2.0,3.0,1.0,1.0,0.05,0.17,0.27,1.0,0.0,0.0,8.68,5.0,5.24,2.0,0.07,0.27,0.27,0.28,0.29,0.28
847627884774548484829,2025,Erne-Blackwell-Hryckowian,DAL,line,5on5,6,609.0,67.0,0.42,0.57,0.5,4.03,0.43,0.26,1.1,0.16,2.13,1.92,0.43,0.45,0.44,4.0,2.0,2.0,8.0,0.0,1.0,0.0,1.0,0.0,2.0,2.0,4.0,6.0,1.0,2.0,6.0,13.0,0.0,5.0,5.0,0.0,1.0,0.06,0.0,0.37,0.0,0.0,0.0,8.03,6.0,5.94,2.0,0.05,0.37,0.37,0.12,0.12,0.12,4.77,0.61,0.35,1.0,0.16,2.24,1.64,0.55,0.61,0.56,2.0,4.0,0.0,6.0,1.0,1.0,0.0,0.0,0.0,1.0,3.0,1.0,5.0,2.0,4.0,0.0,5.0,2.0,10.0,3.0,2.0,1.0,0.18,0.2,0.23,1.0,0.0,0.0,6.1,6.0,6.02,4.0,0.07,0.23,0.23,0.46,0.46,0.45
847750084784458482476,2025,Heineman-Horvat-Barzal,NYI,line,5on5,9,3432.0,50.0,0.61,0.6,0.56,33.72,3.77,2.05,8.52,1.04,17.36,12.26,3.52,3.72,3.47,35.0,10.0,20.0,65.0,3.0,4.0,0.0,11.0,0.0,17.0,10.0,32.0,42.0,6.0,14.0,35.0,24.0,6.0,16.0,30.0,10.0,5.0,0.95,1.24,1.58,2.0,1.0,0.0,64.49,45.0,44.76,6.0,0.42,1.21,1.21,2.99,2.96,2.89,26.78,2.44,1.62,6.56,0.86,12.88,10.64,2.38,2.46,2.4,21.0,14.0,9.0,44.0,4.0,2.0,1.0,3.0,0.0,14.0,12.0,17.0,31.0,3.0,6.0,18.0,11.0,4.0,20.0,24.0,8.0,3.0,0.55,1.05,0.84,0.0,4.0,0.0,43.84,35.0,34.58,12.0,0.34,0.56,0.56,2.21,2.23,2.19
847744684820628483513,2025,Schaefer-Mccarron-Smith,NSH,line,5on5,9,4671.0,20.0,0.51,0.48,0.49,34.14,3.0,2.3,8.81,1.1,17.22,12.57,2.89,3.0,2.89,28.0,17.0,16.0,61.0,1.0,5.0,0.0,5.0,0.0,23.0,11.0,27.0,44.0,8.0,19.0,50.0,70.0,2.0,18.0,35.0,2.0,8.0,0.66,0.2,2.14,1.0,0.0,0.0,60.39,45.0,44.76,15.0,0.48,1.43,1.43,2.05,2.07,2.06,34.66,2.89,2.34,8.56,1.24,18.73,13.24,2.78,2.83,2.72,33.0,14.0,19.0,66.0,1.0,3.0,0.0,7.0,0.0,21.0,15.0,32.0,46.0,6.0,13.0,47.0,51.0,0.0,20.0,36.0,8.0,3.0,0.93,1.04,0.93,1.0,0.0,0.0,65.93,47.0,46.74,10.0,0.49,0.86,0.86,2.51,2.45,2.42
847645684800288482074,2025,Huberdeau-Frost-Zary,CGY,line,5on5,4,887.0,34.0,0.71,0.52,0.57,5.81,0.49,0.41,1.2,0.19,3.29,2.42,0.48,0.46,0.46,6.0,2.0,4.0,12.0,0.0,1.0,0.0,2.0,0.0,3.0,2.0,6.0,8.0,1.0,2.0,8.0,4.0,0.0,1.0,5.0,3.0,0.0,0.19,0.3,0.0,0.0,0.0,0.0,11.41,8.0,7.68,0.0,0.09,0.11,0.11,0.47,0.44,0.44,4.28,0.2,0.21,1.19,0.15,2.48,1.77,0.2,0.2,0.2,3.0,3.0,5.0,11.0,0.0,0.0,0.0,0.0,0.0,4.0,2.0,3.0,6.0,1.0,2.0,5.0,10.0,0.0,3.0,6.0,0.0,0.0,0.2,0.0,0.0,0.0,0.0,0.0,11.12,6.0,5.98,0.0,0.04,0.0,0.0,0.24,0.25,0.25
84785078484386,2025,Simashev-Marino,UTA,pairing,5on5,22,2071.0,207.0,0.35,0.46,0.38,8.96,0.64,0.57,2.28,0.36,5.92,4.22,0.64,0.65,0.65,7.0,7.0,10.0,24.0,0.0,0.0,0.0,3.0,0.0,7.0,4.0,7.0,14.0,2.0,4.0,5.0,11.0,2.0,8.0,13.0,1.0,0.0,0.46,0.18,0.0,0.0,0.0,0.0,24.35,14.0,14.25,4.0,0.12,0.0,0.0,0.76,0.78,0.77,16.51,1.17,0.96,4.61,0.54,9.14,6.58,1.16,1.15,1.14,17.0,6.0,5.0,28.0,2.0,1.0,1.0,1.0,0.0,9.0,10.0,15.0,21.0,2.0,4.0,13.0,12.0,4.0,9.0,17.0,6.0,0.0,0.59,0.58,0.0,0.0,2.0,0.0,27.92,23.0,22.69,7.0,0.2,0.12,0.12,1.25,1.24,1.23
84808078481524,2025,Byram-Samuelsson,BUF,pairing,5on5,33,5373.0,257.0,0.51,0.45,0.48,42.93,4.04,2.83,10.68,1.43,21.65,16.37,3.97,4.13,4.05,41.0,16.0,13.0,70.0,7.0,4.0,0.0,6.0,0.0,20.0,20.0,34.0,50.0,4.0,8.0,23.0,36.0,10.0,25.0,39.0,15.0,3.0,1.24,1.96,0.84,3.0,4.0,0.0,71.63,57.0,58.34,12.0,0.59,1.0,1.0,3.63,3.74,3.7,45.04,3.93,3.08,11.99,1.59,23.92,17.5,3.76,3.83,3.67,44.0,18.0,23.0,85.0,4.0,7.0,0.0,10.0,0.0,19.0,22.0,40.0,58.0,4.0,8.0,36.0,39.0,5.0,17.0,45.0,14.0,3.0,1.31,1.79,0.83,3.0,1.0,0.0,82.76,62.0,60.79,8.0,0.63,1.3,1.3,3.26,3.17,3.12
84752188477498,2025,Ekholm-Nurse,EDM,pairing,5on5,36,2532.0,239.0,0.67,0.63,0.61,26.29,2.24,1.87,6.56,1.05,13.92,11.36,2.18,2.2,2.15,23.0,14.0,17.0,54.0,3.0,3.0,0.0,4.0,0.0,9.0,18.0,20.0,34.0,4.0,11.0,6.0,17.0,5.0,11.0,28.0,7.0,2.0,0.74,1.05,0.44,2.0,0.0,1.0,53.21,37.0,36.07,3.0,0.39,0.26,0.25,2.38,2.36,2.34,17.86,1.11,1.08,4.41,0.55,9.83,7.02,1.1,1.14,1.13,18.0,6.0,8.0,32.0,2.0,1.0,1.0,7.0,0.0,4.0,10.0,16.0,22.0,2.0,7.0,10.0,16.0,4.0,13.0,22.0,1.0,1.0,0.68,0.19,0.24,0.0,1.0,1.0,32.81,24.0,24.6,3.0,0.22,0.24,0.24,1.09,1.12,1.12
84769238483485,2025,Mateychuk-Severson,CBJ,pairing,5on5,33,18183.0,134.0,0.5,0.5,0.49,154.51,13.54,10.24,38.18,5.27,81.33,61.44,12.83,13.71,13.0,133.0,77.0,79.0,289.0,13.0,23.0,3.0,18.0,0.0,77.0,79.0,120.0,197.0,13.0,32.0,152.0,94.0,30.0,109.0,153.0,40.0,17.0,4.25,4.81,4.47,3.0,6.0,4.0,293.84,210.0,214.3,55.0,2.14,4.31,4.75,10.93,11.08,10.89,158.75,13.66,10.7,40.64,5.27,84.1,60.63,13.14,13.56,13.04,148.0,67.0,69.0,284.0,17.0,20.0,1.0,44.0,1.0,66.0,67.0,131.0,198.0,14.0,34.0,160.0,106.0,20.0,75.0,160.0,41.0,14.0,4.7,5.11,3.85,7.0,7.0,3.0,281.28,215.0,213.27,32.0,2.24,3.59,3.59,12.31,12.21,12.0
84768538481567,2025,Rielly-Thrun,TOR,pairing,5on5,4,847.0,23.0,0.45,0.47,0.53,6.14,0.3,0.3,1.6,0.2,3.05,2.55,0.3,0.29,0.29,8.0,0.0,1.0,9.0,0.0,0.0,0.0,3.0,0.0,2.0,3.0,8.0,8.0,0.0,0.0,4.0,5.0,1.0,2.0,7.0,1.0,0.0,0.2,0.1,0.0,0.0,0.0,0.0,8.41,8.0,7.51,1.0,0.06,0.0,0.0,0.36,0.34,0.34,5.06,0.36,0.35,1.17,0.14,2.91,2.07,0.36,0.37,0.37,5.0,2.0,3.0,10.0,0.0,0.0,0.0,2.0,0.0,2.0,3.0,5.0,7.0,0.0,0.0,8.0,5.0,1.0,1.0,5.0,2.0,0.0,0.16,0.2,0.0,0.0,0.0,0.0,10.96,7.0,7.46,1.0,0.07,0.0,0.0,0.43,0.44,0.44
847794784795208482148,2025,Milano-Lapierre-Duhaime,WSH,line,5on5,6,1619.0,29.0,0.22,0.3,0.34,8.79,0.56,0.55,2.05,0.29,5.67,3.88,0.56,0.59,0.58,7.0,6.0,2.0,15.0,1.0,0.0,0.0,3.0,0.0,1.0,8.0,6.0,12.0,2.0,6.0,8.0,8.0,1.0,10.0,11.0,2.0,0.0,0.35,0.21,0.0,1.0,0.0,0.0,16.26,13.0,14.01,5.0,0.11,0.0,0.0,0.68,0.7,0.7,18.44,2.01,1.23,4.34,0.63,9.58,7.21,1.92,2.0,1.92,19.0,6.0,10.0,35.0,1.0,3.0,0.0,2.0,0.0,13.0,6.0,18.0,24.0,1.0,2.0,9.0,19.0,3.0,5.0,18.0,5.0,2.0,0.58,0.67,0.76,0.0,1.0,0.0,35.2,25.0,25.33,4.0,0.26,0.94,0.94,1.32,1.36,1.34
847821184815568483609,2025,Hunt-Beecher-Klapka,CGY,line,5on5,2,609.0,10.0,0.61,0.31,0.44,3.26,0.59,0.28,0.8,0.11,1.31,0.91,0.51,0.63,0.53,2.0,2.0,1.0,5.0,0.0,1.0,0.0,0.0,0.0,2.0,1.0,2.0,4.0,1.0,2.0,0.0,11.0,0.0,2.0,2.0,0.0,2.0,0.06,0.0,0.54,0.0,0.0,0.0,5.16,4.0,4.12,0.0,0.06,0.28,0.28,0.38,0.4,0.38,3.81,0.39,0.25,0.99,0.1,1.88,1.39,0.38,0.38,0.38,5.0,0.0,6.0,11.0,1.0,0.0,0.0,0.0,0.0,4.0,0.0,4.0,4.0,0.0,0.0,5.0,5.0,0.0,1.0,3.0,1.0,1.0,0.04,0.13,0.22,0.0,0.0,1.0,10.83,5.0,5.0,0.0,0.05,0.0,0.0,0.44,0.43,0.43
84751718478443,2025,Ekman-Larsson-Carlo,TOR,pairing,5on5,14,2281.0,113.0,0.41,0.4,0.37,16.22,1.38,1.18,3.89,0.52,8.88,6.14,1.35,1.4,1.36,14.0,8.0,12.0,34.0,3.0,3.0,1.0,2.0,0.0,6.0,8.0,11.0,19.0,7.0,14.0,16.0,19.0,5.0,10.0,16.0,6.0,0.0,0.58,0.8,0.0,0.0,3.0,0.0,33.45,22.0,21.97,6.0,0.25,0.36,0.36,1.27,1.29,1.27,27.53,2.02,1.9,6.7,0.9,14.8,10.68,1.94,1.99,1.91,22.0,15.0,14.0,51.0,2.0,2.0,0.0,9.0,0.0,11.0,13.0,20.0,35.0,3.0,6.0,21.0,7.0,2.0,9.0,32.0,3.0,2.0,0.98,0.45,0.59,2.0,0.0,0.0,51.89,37.0,37.48,3.0,0.4,0.38,0.38,2.03,2.02,1.97
84779508480871,2025,Deangelo-Boqvist,NYI,pairing,5on5,9,2493.0,67.0,0.32,0.36,0.35,18.13,1.48,1.14,4.84,0.56,9.23,6.76,1.47,1.52,1.51,17.0,7.0,7.0,31.0,1.0,2.0,0.0,3.0,0.0,7.0,11.0,16.0,23.0,4.0,8.0,16.0,15.0,1.0,12.0,17.0,6.0,1.0,0.44,0.84,0.2,1.0,0.0,0.0,32.71,24.0,24.9,4.0,0.24,0.31,0.31,1.41,1.44,1.43,32.56,3.19,2.3,7.85,1.04,17.1,12.52,2.99,3.16,2.96,32.0,12.0,11.0,55.0,1.0,5.0,0.0,10.0,0.0,14.0,14.0,31.0,43.0,2.0,4.0,24.0,21.0,2.0,16.0,33.0,7.0,4.0,1.14,1.0,1.06,0.0,1.0,0.0,52.64,44.0,42.72,10.0,0.48,1.14,1.14,2.53,2.51,2.46
84774958478055,2025,Forsling-Jones,FLA,pairing,5on5,31,2258.0,194.0,0.44,0.54,0.54,18.7,1.0,1.1,4.55,0.58,10.83,7.94,0.99,0.98,0.97,17.0,9.0,11.0,37.0,1.0,1.0,0.0,4.0,0.0,11.0,9.0,16.0,25.0,3.0,6.0,4.0,15.0,2.0,2.0,23.0,3.0,0.0,0.72,0.28,0.0,1.0,0.0,0.0,36.43,26.0,25.54,1.0,0.22,0.21,0.0,1.22,1.19,1.18,16.01,1.28,1.0,3.73,0.51,8.78,6.69,1.25,1.35,1.33,11.0,11.0,9.0,31.0,1.0,1.0,0.0,1.0,0.0,6.0,13.0,10.0,21.0,7.0,14.0,7.0,13.0,1.0,4.0,14.0,8.0,0.0,0.36,0.92,0.0,1.0,0.0,0.0,32.48,22.0,22.99,2.0,0.21,0.16,0.16,1.33,1.4,1.4
847688184816048483890,2025,Bowman-Hertl-Dorofeyev,VGK,line,5on5,6,931.0,52.0,0.85,0.62,0.63,9.36,0.91,0.7,2.28,0.3,4.35,3.45,0.89,0.92,0.9,7.0,5.0,4.0,16.0,1.0,1.0,0.0,0.0,0.0,3.0,7.0,6.0,11.0,1.0,2.0,4.0,4.0,0.0,3.0,8.0,2.0,2.0,0.15,0.24,0.52,0.0,1.0,0.0,15.76,12.0,11.88,1.0,0.15,0.31,0.31,0.74,0.74,0.74,5.24,0.16,0.23,1.31,0.18,2.74,2.37,0.15,0.16,0.15,2.0,5.0,3.0,10.0,0.0,0.0,0.0,0.0,0.0,5.0,2.0,2.0,7.0,1.0,2.0,10.0,2.0,1.0,3.0,7.0,0.0,0.0,0.16,0.0,0.0,0.0,0.0,0.0,10.58,7.0,7.46,1.0,0.05,0.0,0.0,0.21,0.21,0.2
847464184764548477406,2025,Janmark-Henrique-Nugent-Hopkins,EDM,line,5on5,3,982.0,10.0,0.45,0.54,0.52,7.53,0.28,0.42,2.55,0.29,4.1,3.35,0.28,0.3,0.29,9.0,2.0,3.0,14.0,0.0,0.0,0.0,2.0,0.0,0.0,9.0,9.0,11.0,0.0,0.0,14.0,2.0,1.0,3.0,11.0,0.0,0.0,0.28,0.0,0.0,0.0,0.0,0.0,14.59,11.0,11.39,0.0,0.09,0.0,0.0,0.37,0.39,0.39,6.94,0.35,0.47,1.57,0.26,4.26,3.08,0.34,0.33,0.33,5.0,5.0,2.0,12.0,0.0,1.0,0.0,4.0,0.0,3.0,2.0,5.0,10.0,0.0,0.0,7.0,8.0,3.0,3.0,9.0,1.0,0.0,0.23,0.12,0.0,0.0,0.0,0.0,10.75,10.0,9.2,2.0,0.09,0.01,0.01,0.44,0.41,0.4
847514984757658478493,2025,Johansson-Eriksson Ek-Tarasenko,MIN,line,5on5,8,1230.0,91.0,0.34,0.38,0.43,9.36,0.66,0.68,2.12,0.34,5.02,4.18,0.64,0.64,0.63,10.0,3.0,3.0,16.0,0.0,2.0,0.0,3.0,0.0,2.0,6.0,10.0,13.0,3.0,8.0,13.0,8.0,2.0,8.0,11.0,2.0,0.0,0.39,0.27,0.0,0.0,0.0,0.0,15.76,13.0,12.73,3.0,0.14,0.16,0.16,0.64,0.63,0.63,12.82,1.25,0.8,3.37,0.46,6.46,4.66,1.06,1.28,1.08,11.0,6.0,9.0,26.0,1.0,1.0,0.0,0.0,0.0,5.0,10.0,10.0,16.0,4.0,8.0,14.0,3.0,2.0,2.0,13.0,3.0,1.0,0.54,0.41,0.3,1.0,0.0,0.0,26.09,17.0,17.23,1.0,0.17,0.19,0.19,1.23,1.26,1.15
84764638482122,2025,Brodin-Faber,MIN,pairing,5on5,38,28462.0,103.0,0.52,0.48,0.5,239.05,19.14,16.14,60.55,8.18,131.53,97.46,18.28,19.27,18.41,229.0,104.0,118.0,451.0,19.0,29.0,4.0,53.0,0.0,127.0,105.0,210.0,314.0,27.0,54.0,235.0,183.0,40.0,123.0,261.0,53.0,19.0,7.14,6.16,5.84,8.0,8.0,3.0,454.75,333.0,335.91,59.0,3.33,5.45,5.45,17.02,17.16,16.85,241.12,17.67,15.93,60.74,8.33,134.13,96.21,16.83,17.76,16.92,221.0,112.0,153.0,486.0,18.0,20.0,1.0,42.0,1.0,121.0,131.0,203.0,315.0,29.0,60.0,262.0,172.0,34.0,133.0,275.0,42.0,16.0,7.99,5.41,4.26,9.0,5.0,4.0,487.0,333.0,333.0,63.0,3.3,3.48,3.48,17.48,17.6,17.15
847688084816568482088,2025,Protas-Sourdif-Wilson,WSH,line,5on5,22,10428.0,91.0,0.62,0.58,0.61,114.76,9.74,7.56,29.24,3.96,61.57,44.93,9.43,9.75,9.44,103.0,54.0,45.0,202.0,13.0,14.0,2.0,21.0,0.0,57.0,52.0,90.0,144.0,12.0,24.0,94.0,67.0,12.0,55.0,119.0,31.0,7.0,3.76,3.9,2.09,6.0,5.0,2.0,203.12,157.0,158.5,26.0,1.58,1.89,1.87,9.45,9.44,9.28,75.06,5.92,4.74,19.02,2.43,39.02,28.86,5.45,6.03,5.54,64.0,36.0,45.0,145.0,4.0,10.0,1.0,16.0,0.0,37.0,33.0,60.0,96.0,11.0,22.0,91.0,52.0,8.0,50.0,75.0,21.0,4.0,2.23,2.54,1.15,1.0,3.0,0.0,145.87,100.0,100.4,28.0,0.99,1.64,1.64,5.27,5.33,5.23
84816098482511,2025,Lohrei-Kolyachonok,BOS,pairing,5on5,2,1035.0,6.0,0.36,0.26,0.24,5.02,0.39,0.27,1.36,0.17,2.71,2.1,0.37,0.41,0.39,5.0,2.0,2.0,9.0,0.0,0.0,0.0,1.0,0.0,4.0,2.0,5.0,7.0,1.0,2.0,14.0,9.0,3.0,11.0,4.0,3.0,0.0,0.09,0.3,0.0,0.0,0.0,0.0,9.58,7.0,7.36,6.0,0.06,0.0,0.0,0.44,0.47,0.45,15.2,0.67,0.91,4.38,0.52,8.94,6.58,0.67,0.68,0.67,13.0,9.0,3.0,25.0,0.0,1.0,0.0,3.0,0.0,11.0,7.0,13.0,22.0,1.0,2.0,6.0,12.0,2.0,2.0,20.0,2.0,0.0,0.42,0.26,0.0,0.0,0.0,0.0,25.51,22.0,22.3,2.0,0.18,0.16,0.16,0.69,0.7,0.7
848001884800748481540,2025,Texier-Suzuki-Caufield,MTL,line,5on5,5,2354.0,17.0,0.58,0.57,0.58,21.65,1.78,1.36,4.94,0.68,10.96,9.28,1.69,1.83,1.74,20.0,9.0,13.0,42.0,3.0,1.0,0.0,3.0,0.0,10.0,12.0,17.0,26.0,3.0,6.0,21.0,12.0,2.0,17.0,22.0,4.0,3.0,0.57,0.35,0.86,1.0,2.0,0.0,42.0,29.0,29.02,10.0,0.28,0.23,0.23,1.84,1.89,1.84,15.88,1.29,1.14,4.0,0.56,8.16,5.85,1.25,1.26,1.22,15.0,6.0,11.0,32.0,1.0,2.0,0.0,4.0,0.0,11.0,3.0,14.0,20.0,2.0,4.0,20.0,13.0,2.0,12.0,14.0,7.0,0.0,0.58,0.71,0.0,1.0,0.0,0.0,32.31,21.0,20.95,5.0,0.24,0.25,0.25,1.29,1.25,1.23
847897584834978483524,2025,Marchment-Wright-Nyman,SEA,line,5on5,7,1320.0,78.0,0.42,0.45,0.57,8.2,0.5,0.5,2.03,0.28,5.04,3.65,0.5,0.51,0.51,9.0,3.0,2.0,14.0,1.0,0.0,0.0,1.0,0.0,7.0,3.0,8.0,11.0,2.0,4.0,5.0,9.0,1.0,5.0,10.0,2.0,0.0,0.27,0.23,0.0,0.0,1.0,0.0,14.44,12.0,12.41,2.0,0.1,0.0,0.0,0.6,0.61,0.61,7.07,0.69,0.52,1.4,0.17,3.58,2.64,0.67,0.7,0.67,6.0,3.0,8.0,17.0,1.0,0.0,0.0,1.0,0.0,4.0,3.0,5.0,8.0,0.0,0.0,13.0,9.0,1.0,8.0,5.0,4.0,0.0,0.12,0.57,0.0,0.0,1.0,0.0,17.37,9.0,9.08,3.0,0.11,0.0,0.0,0.8,0.81,0.78
847841384826598482896,2025,Greenway-Kozak-Doan,BUF,line,5on5,5,2179.0,19.0,0.51,0.53,0.52,20.69,1.21,1.17,6.17,0.75,10.77,7.93,1.15,1.24,1.18,17.0,11.0,13.0,41.0,1.0,4.0,0.0,6.0,0.0,7.0,10.0,16.0,27.0,4.0,8.0,32.0,13.0,5.0,12.0,22.0,6.0,0.0,0.61,0.6,0.0,0.0,1.0,0.0,40.99,28.0,28.36,10.0,0.24,0.22,0.22,1.23,1.26,1.21,19.07,1.15,1.09,5.04,0.64,10.17,7.91,1.14,1.13,1.12,17.0,9.0,11.0,37.0,1.0,0.0,0.0,5.0,0.0,13.0,7.0,16.0,25.0,3.0,6.0,26.0,11.0,3.0,14.0,23.0,2.0,1.0,0.67,0.27,0.2,0.0,1.0,0.0,36.69,26.0,25.87,8.0,0.23,0.0,0.0,1.38,1.35,1.34
84769678480831,2025,Kulak-Regula,EDM,pairing,5on5,12,3232.0,72.0,0.61,0.47,0.43,20.18,2.58,1.23,5.13,0.68,8.95,7.43,2.35,2.66,2.43,19.0,7.0,13.0,39.0,1.0,4.0,1.0,4.0,0.0,14.0,3.0,18.0,25.0,3.0,6.0,30.0,26.0,0.0,10.0,17.0,6.0,3.0,0.49,0.9,1.18,0.0,0.0,1.0,39.11,26.0,26.33,6.0,0.26,1.13,1.13,1.71,1.75,1.67,25.19,1.67,1.51,5.54,0.81,14.53,10.95,1.66,1.64,1.63,22.0,13.0,9.0,44.0,5.0,0.0,0.0,3.0,0.0,11.0,16.0,17.0,30.0,1.0,2.0,17.0,15.0,2.0,19.0,32.0,3.0,0.0,1.23,0.44,0.0,3.0,2.0,0.0,43.88,35.0,34.85,6.0,0.31,0.0,0.0,1.98,1.94,1.93
847458684789758482665,2025,Marchment-Beniers-Eberle,SEA,line,5on5,23,8047.0,168.0,0.52,0.52,0.52,62.58,5.06,4.06,15.15,2.1,33.22,25.4,4.83,5.05,4.82,55.0,30.0,38.0,123.0,5.0,5.0,1.0,10.0,0.0,37.0,28.0,50.0,80.0,11.0,22.0,58.0,37.0,6.0,33.0,63.0,19.0,3.0,1.9,2.3,0.86,3.0,1.0,1.0,122.75,85.0,84.84,13.0,0.85,0.85,0.85,5.06,5.06,5.01,56.6,4.75,3.87,13.73,1.87,31.01,22.77,4.61,4.74,4.6,51.0,27.0,34.0,112.0,1.0,5.0,0.0,12.0,0.0,29.0,31.0,50.0,77.0,9.0,18.0,50.0,47.0,15.0,42.0,60.0,13.0,5.0,1.77,1.65,1.33,1.0,0.0,0.0,112.33,78.0,78.16,19.0,0.8,1.16,1.16,4.4,4.38,4.32
847399484751688484829,2025,Benn-Duchene-Hryckowian,DAL,line,5on5,6,1853.0,41.0,0.49,0.41,0.42,11.44,0.92,0.77,2.58,0.36,6.11,4.26,0.9,0.92,0.9,12.0,3.0,5.0,20.0,3.0,1.0,1.0,2.0,0.0,5.0,4.0,9.0,12.0,3.0,6.0,12.0,11.0,4.0,11.0,10.0,5.0,0.0,0.33,0.59,0.0,1.0,2.0,0.0,20.24,15.0,15.07,4.0,0.16,0.13,0.13,0.96,0.95,0.94,15.64,0.96,0.81,4.09,0.51,7.98,6.65,0.95,0.98,0.97,16.0,5.0,8.0,29.0,0.0,1.0,0.0,4.0,0.0,8.0,8.0,16.0,21.0,2.0,4.0,13.0,17.0,8.0,8.0,17.0,4.0,0.0,0.49,0.47,0.0,0.0,0.0,0.0,29.28,21.0,21.07,3.0,0.17,0.09,0.09,1.04,1.06,1.05
84769678477498,2025,Nurse-Kulak,EDM,pairing,5on5,27,2677.0,169.0,0.19,0.39,0.38,13.89,0.61,0.76,4.04,0.44,6.97,6.18,0.58,0.64,0.62,13.0,6.0,8.0,27.0,0.0,1.0,0.0,1.0,0.0,11.0,6.0,13.0,19.0,4.0,8.0,15.0,23.0,0.0,13.0,18.0,0.0,1.0,0.38,0.0,0.23,0.0,0.0,0.0,27.47,19.0,19.43,7.0,0.15,0.03,0.03,0.74,0.77,0.74,24.37,2.55,1.77,5.54,0.75,11.51,8.88,2.43,2.58,2.46,20.0,11.0,11.0,42.0,3.0,4.0,1.0,2.0,0.0,11.0,11.0,17.0,28.0,0.0,0.0,13.0,12.0,6.0,11.0,18.0,10.0,3.0,0.43,1.4,0.73,0.0,1.0,2.0,42.99,31.0,31.41,6.0,0.38,0.8,0.8,2.13,2.16,2.14
847646084783988480113,2025,Iafallo-Scheifele-Connor,WPG,line,5on5,15,3079.0,148.0,0.64,0.63,0.61,35.98,3.54,2.58,8.64,1.25,18.54,14.45,3.26,3.38,3.11,29.0,20.0,24.0,73.0,4.0,7.0,1.0,5.0,0.0,17.0,16.0,25.0,45.0,0.0,0.0,16.0,23.0,3.0,12.0,36.0,9.0,4.0,1.2,1.2,1.14,1.0,2.0,1.0,67.92,49.0,45.89,6.0,0.54,1.47,1.47,2.62,2.48,2.44,22.08,2.02,1.55,5.76,0.78,12.03,8.85,1.93,2.18,2.08,21.0,10.0,12.0,43.0,4.0,2.0,1.0,6.0,0.0,10.0,9.0,17.0,27.0,3.0,6.0,25.0,15.0,7.0,11.0,25.0,1.0,5.0,0.69,0.12,1.21,4.0,0.0,0.0,46.93,31.0,33.38,8.0,0.32,0.34,0.54,1.8,1.95,1.93
847643284774978482660,2025,Johnson-Monahan-Jenner,CBJ,line,5on5,3,674.0,32.0,0.57,0.5,0.44,5.48,0.51,0.36,1.54,0.17,2.5,1.92,0.5,0.56,0.55,3.0,4.0,5.0,12.0,1.0,1.0,1.0,0.0,0.0,4.0,1.0,2.0,6.0,2.0,7.0,3.0,4.0,2.0,3.0,5.0,1.0,1.0,0.09,0.18,0.24,0.0,0.0,1.0,13.25,7.0,7.61,1.0,0.08,0.24,0.24,0.35,0.38,0.38,6.2,0.38,0.46,1.68,0.24,3.68,2.57,0.37,0.36,0.35,6.0,3.0,3.0,12.0,1.0,0.0,0.0,3.0,0.0,4.0,1.0,5.0,8.0,1.0,5.0,5.0,6.0,2.0,5.0,7.0,2.0,0.0,0.19,0.19,0.0,1.0,0.0,0.0,11.2,9.0,8.41,3.0,0.1,0.0,0.0,0.47,0.44,0.43
847688984794148484829,2025,Hryckowian-Faksa-Bastian,DAL,line,5on5,7,1342.0,38.0,0.31,0.38,0.39,6.75,0.48,0.4,1.98,0.24,3.37,2.54,0.47,0.52,0.51,6.0,3.0,4.0,13.0,0.0,1.0,0.0,2.0,0.0,4.0,2.0,6.0,9.0,3.0,6.0,10.0,19.0,1.0,8.0,7.0,2.0,0.0,0.24,0.24,0.0,0.0,0.0,0.0,13.79,9.0,9.5,7.0,0.08,0.13,0.13,0.43,0.46,0.45,10.39,1.08,0.65,2.62,0.33,5.27,4.05,1.08,1.09,1.08,10.0,4.0,7.0,21.0,1.0,0.0,0.0,4.0,0.0,7.0,2.0,9.0,13.0,2.0,4.0,12.0,21.0,5.0,6.0,9.0,4.0,1.0,0.3,0.56,0.22,0.0,1.0,0.0,20.78,14.0,14.06,2.0,0.14,0.0,0.0,1.22,1.23,1.22
847584284817268482460,2025,Edstrom-Carrick-Rempe,NYR,line,5on5,8,3920.0,25.0,0.55,0.56,0.51,33.54,2.99,2.27,8.54,1.12,17.42,12.65,2.9,3.09,2.99,27.0,18.0,30.0,75.0,2.0,4.0,1.0,8.0,0.0,16.0,15.0,25.0,43.0,4.0,8.0,27.0,54.0,5.0,16.0,33.0,7.0,5.0,0.88,0.94,1.17,1.0,1.0,0.0,76.14,45.0,45.61,11.0,0.48,0.48,0.48,3.0,3.05,3.02,31.29,2.41,1.91,7.68,1.03,17.29,12.67,2.39,2.48,2.45,31.0,12.0,16.0,59.0,2.0,1.0,1.0,6.0,0.0,18.0,16.0,29.0,41.0,2.0,4.0,27.0,33.0,3.0,29.0,34.0,8.0,1.0,0.96,1.09,0.37,0.0,1.0,1.0,60.24,43.0,44.4,16.0,0.39,0.37,0.37,2.43,2.47,2.44
84757648482733,2025,Fowler-Mailloux,STL,pairing,5on5,26,12944.0,103.0,0.48,0.5,0.5,108.2,9.59,7.76,26.68,3.71,59.57,41.68,9.08,9.41,8.92,94.0,55.0,55.0,204.0,6.0,11.0,1.0,21.0,0.0,66.0,45.0,88.0,143.0,20.0,46.0,93.0,105.0,12.0,62.0,110.0,32.0,7.0,3.54,4.2,1.84,3.0,2.0,1.0,201.5,149.0,148.19,28.0,1.61,2.04,2.04,9.15,9.02,8.79,112.16,10.34,7.66,27.73,3.8,58.71,42.75,9.83,10.45,9.94,98.0,53.0,53.0,204.0,16.0,15.0,1.0,25.0,0.0,40.0,55.0,82.0,135.0,19.0,46.0,95.0,71.0,12.0,50.0,111.0,23.0,17.0,3.11,2.88,4.35,7.0,6.0,3.0,205.35,151.0,151.7,23.0,1.59,3.36,3.36,8.58,8.71,8.56
84802468482482,2025,Wilsby-Perbix,NSH,pairing,5on5,15,664.0,137.0,0.4,0.37,0.45,3.21,0.23,0.24,0.77,0.13,2.07,1.57,0.23,0.22,0.22,3.0,2.0,2.0,7.0,2.0,0.0,0.0,0.0,0.0,2.0,1.0,1.0,3.0,1.0,5.0,2.0,3.0,2.0,2.0,4.0,1.0,0.0,0.11,0.12,0.0,1.0,1.0,0.0,6.61,5.0,4.81,0.0,0.05,0.0,0.0,0.27,0.26,0.26,4.64,0.34,0.33,0.89,0.13,2.52,1.79,0.34,0.34,0.34,5.0,1.0,6.0,12.0,2.0,0.0,0.0,1.0,0.0,1.0,2.0,3.0,4.0,1.0,5.0,4.0,3.0,2.0,3.0,4.0,2.0,0.0,0.13,0.21,0.0,1.0,1.0,0.0,11.59,6.0,6.07,2.0,0.07,0.0,0.0,0.41,0.41,0.41
847939084817048483690,2025,Parssinen-Laba-Raddysh,NYR,line,5on5,7,2539.0,27.0,0.36,0.44,0.42,15.02,0.93,1.0,3.57,0.48,8.9,6.12,0.91,0.98,0.96,13.0,8.0,12.0,33.0,2.0,0.0,0.0,3.0,0.0,10.0,6.0,11.0,19.0,0.0,0.0,14.0,19.0,2.0,11.0,16.0,5.0,0.0,0.37,0.55,0.0,0.0,2.0,0.0,33.48,21.0,21.59,6.0,0.21,0.0,0.0,1.13,1.19,1.18,20.02,1.63,1.45,5.13,0.7,11.93,8.17,1.57,1.6,1.55,14.0,15.0,13.0,42.0,2.0,1.0,0.0,2.0,0.0,8.0,16.0,12.0,27.0,3.0,6.0,20.0,20.0,0.0,7.0,22.0,5.0,2.0,0.54,0.64,0.44,2.0,0.0,0.0,41.93,29.0,28.7,4.0,0.3,0.23,0.23,1.7,1.69,1.67
84763318479378,2025,Stanley-Demelo,WPG,pairing,5on5,32,3660.0,237.0,0.42,0.41,0.46,23.43,2.18,1.58,5.53,0.73,12.51,9.47,2.12,2.23,2.16,20.0,12.0,10.0,42.0,3.0,2.0,1.0,5.0,0.0,7.0,15.0,17.0,29.0,3.0,8.0,15.0,27.0,8.0,17.0,25.0,5.0,2.0,0.84,0.76,0.58,1.0,1.0,1.0,43.06,32.0,32.6,10.0,0.33,0.51,0.51,2.0,2.0,2.0,29.01,3.04,2.1,7.08,0.92,14.38,10.46,2.96,3.13,3.03,31.0,7.0,22.0,60.0,4.0,4.0,1.0,4.0,0.0,18.0,8.0,27.0,34.0,1.0,2.0,15.0,21.0,6.0,15.0,25.0,8.0,5.0,0.87,0.99,1.18,2.0,2.0,0.0,61.06,38.0,38.6,5.0,0.45,0.8,0.8,2.69,2.77,2.75
847584884781338480813,2025,Evans-Veleno-Gallagher,MTL,line,5on5,4,699.0,46.0,0.32,0.56,0.43,2.19,0.1,0.11,0.64,0.07,1.23,0.85,0.1,0.12,0.11,3.0,0.0,7.0,10.0,1.0,0.0,0.0,0.0,0.0,2.0,0.0,2.0,2.0,0.0,0.0,5.0,8.0,0.0,1.0,3.0,0.0,0.0,0.1,0.0,0.0,1.0,0.0,0.0,10.75,3.0,3.45,1.0,0.02,0.0,0.0,0.12,0.14,0.14,3.05,0.21,0.27,1.0,0.1,1.52,0.9,0.21,0.2,0.2,0.0,4.0,4.0,8.0,0.0,0.0,0.0,0.0,0.0,0.0,4.0,0.0,4.0,1.0,2.0,6.0,8.0,0.0,4.0,3.0,1.0,0.0,0.12,0.09,0.0,0.0,0.0,0.0,7.71,4.0,3.83,2.0,0.06,0.0,0.0,0.27,0.26,0.25
847707084788318479293,2025,Tanev-Stenlund-O'Brien,UTA,line,5on5,10,4349.0,38.0,0.53,0.46,0.49,35.95,3.31,2.43,9.02,1.21,18.24,13.8,3.01,3.42,3.1,30.0,18.0,20.0,68.0,1.0,5.0,0.0,8.0,0.0,22.0,12.0,29.0,47.0,8.0,22.0,37.0,43.0,11.0,29.0,35.0,10.0,3.0,1.03,1.25,1.03,0.0,0.0,1.0,69.64,48.0,49.18,17.0,0.51,1.02,1.02,2.8,2.88,2.78,36.21,2.92,2.19,8.97,1.22,18.72,14.98,2.8,2.92,2.8,36.0,13.0,30.0,79.0,5.0,2.0,1.0,7.0,0.0,17.0,18.0,31.0,44.0,7.0,20.0,45.0,43.0,2.0,20.0,37.0,11.0,1.0,1.17,1.52,0.24,3.0,2.0,0.0,79.67,49.0,49.01,7.0,0.46,0.3,0.3,3.07,3.07,2.99
847062184716858477960,2025,Kempe-Kopitar-Perry,LAK,line,5on5,10,718.0,117.0,0.91,0.52,0.7,5.46,0.67,0.35,1.65,0.19,2.37,1.77,0.64,0.71,0.68,3.0,4.0,4.0,11.0,0.0,1.0,0.0,0.0,0.0,2.0,4.0,3.0,7.0,0.0,0.0,10.0,6.0,1.0,4.0,6.0,0.0,1.0,0.23,0.0,0.44,0.0,0.0,0.0,11.1,7.0,7.11,3.0,0.08,0.44,0.44,0.31,0.31,0.28,2.23,0.07,0.1,0.57,0.07,1.2,1.0,0.07,0.07,0.07,1.0,2.0,7.0,10.0,0.0,0.0,0.0,1.0,0.0,2.0,0.0,1.0,3.0,1.0,2.0,3.0,5.0,0.0,1.0,3.0,0.0,0.0,0.07,0.0,0.0,0.0,0.0,0.0,10.09,3.0,3.03,0.0,0.02,0.0,0.0,0.09,0.09,0.09
847793484782338481617,2025,Mangiapane-Draisaitl-Podkolzin,EDM,line,5on5,11,3235.0,75.0,0.57,0.67,0.67,33.8,2.38,2.18,8.32,1.03,18.23,13.84,2.35,2.42,2.38,30.0,16.0,18.0,64.0,2.0,1.0,0.0,11.0,0.0,15.0,17.0,28.0,44.0,1.0,2.0,26.0,21.0,0.0,13.0,38.0,6.0,2.0,1.15,0.66,0.58,2.0,0.0,0.0,66.6,46.0,47.62,9.0,0.45,0.35,0.35,2.48,2.56,2.53,16.88,1.8,1.16,4.67,0.59,8.53,6.25,1.71,1.87,1.77,16.0,7.0,9.0,32.0,2.0,1.0,1.0,1.0,0.0,13.0,6.0,14.0,21.0,0.0,0.0,22.0,28.0,2.0,16.0,16.0,5.0,2.0,0.51,0.58,0.71,0.0,1.0,1.0,31.03,23.0,22.44,8.0,0.25,0.46,0.46,1.59,1.58,1.52
847841484817218482110,2025,Gritsyuk-Mercer-Meier,NJD,line,5on5,11,1421.0,167.0,0.29,0.49,0.46,13.62,0.63,0.72,3.85,0.46,7.62,5.72,0.62,0.65,0.64,11.0,8.0,8.0,27.0,2.0,1.0,0.0,5.0,0.0,5.0,6.0,9.0,17.0,0.0,0.0,6.0,10.0,4.0,11.0,18.0,1.0,0.0,0.52,0.11,0.0,2.0,0.0,0.0,28.44,19.0,19.51,6.0,0.14,0.05,0.05,0.73,0.75,0.74,16.44,1.55,1.27,4.12,0.5,8.76,5.8,1.42,1.54,1.41,15.0,7.0,6.0,28.0,1.0,4.0,1.0,1.0,0.0,8.0,8.0,14.0,21.0,1.0,2.0,10.0,16.0,2.0,11.0,16.0,4.0,2.0,0.36,0.56,0.63,0.0,1.0,0.0,27.5,22.0,22.06,3.0,0.27,0.89,0.89,0.93,0.91,0.87
847810984804488480835,2025,Olofsson-Drury-Kelly,COL,line,5on5,11,2953.0,78.0,0.51,0.49,0.48,24.55,1.93,1.47,6.18,0.76,12.95,9.71,1.88,2.0,1.95,26.0,7.0,15.0,48.0,1.0,3.0,0.0,6.0,0.0,17.0,6.0,25.0,32.0,3.0,6.0,19.0,19.0,4.0,11.0,24.0,7.0,2.0,0.57,0.83,0.53,1.0,0.0,0.0,50.59,33.0,34.34,4.0,0.3,0.64,0.64,1.59,1.67,1.65,25.54,1.88,1.74,7.0,0.99,14.22,10.16,1.76,1.84,1.72,26.0,10.0,13.0,49.0,1.0,4.0,0.0,6.0,0.0,12.0,13.0,25.0,35.0,1.0,2.0,21.0,34.0,3.0,14.0,28.0,6.0,2.0,0.71,0.7,0.47,0.0,1.0,0.0,46.57,36.0,34.68,4.0,0.37,0.49,0.49,1.76,1.71,1.63
84773698482073,2025,Soucy-Schneider,NYR,pairing,5on5,31,9180.0,198.0,0.42,0.43,0.44,61.23,5.15,3.91,15.71,2.02,33.22,23.99,5.08,5.29,5.22,53.0,31.0,33.0,117.0,6.0,3.0,0.0,12.0,0.0,27.0,36.0,47.0,78.0,7.0,15.0,65.0,77.0,10.0,50.0,62.0,17.0,5.0,1.63,2.0,1.52,3.0,3.0,0.0,120.61,84.0,86.93,23.0,0.81,0.73,0.73,5.23,5.39,5.36,79.97,7.23,4.94,20.51,2.61,42.21,31.5,6.98,7.06,6.82,68.0,41.0,47.0,156.0,6.0,12.0,2.0,11.0,0.0,38.0,42.0,62.0,103.0,8.0,19.0,59.0,73.0,16.0,43.0,83.0,17.0,9.0,2.53,2.09,2.61,3.0,2.0,1.0,151.38,109.0,106.58,24.0,1.03,2.59,2.59,5.66,5.53,5.47
84799828482671,2025,Power-Timmins,BUF,pairing,5on5,29,9626.0,151.0,0.46,0.47,0.47,79.93,6.95,5.46,21.03,2.75,42.25,30.55,6.51,6.84,6.42,65.0,44.0,37.0,146.0,7.0,12.0,1.0,14.0,0.0,38.0,38.0,58.0,102.0,10.0,20.0,67.0,59.0,18.0,41.0,79.0,23.0,7.0,2.21,2.77,1.97,2.0,4.0,1.0,142.75,109.0,106.77,18.0,1.14,2.37,2.37,5.73,5.65,5.46,92.2,8.01,5.68,23.93,3.18,47.57,35.64,7.73,8.21,7.94,86.0,38.0,44.0,168.0,7.0,12.0,1.0,22.0,0.0,44.0,39.0,79.0,117.0,12.0,24.0,88.0,66.0,15.0,53.0,96.0,19.0,9.0,2.77,2.23,3.0,1.0,5.0,1.0,172.63,124.0,127.08,22.0,1.18,2.38,2.38,6.81,7.04,6.94
847934384808498482175,2025,Keller-Hayton-Peterka,UTA,line,5on5,12,1400.0,92.0,0.63,0.52,0.56,18.49,1.8,1.21,4.79,0.59,9.67,6.95,1.61,1.8,1.62,20.0,5.0,3.0,28.0,1.0,3.0,0.0,4.0,0.0,7.0,10.0,19.0,24.0,2.0,4.0,9.0,5.0,1.0,6.0,18.0,4.0,3.0,0.46,0.47,0.87,1.0,0.0,0.0,27.5,25.0,24.59,5.0,0.25,0.87,0.87,1.18,1.18,1.14,15.05,1.07,1.01,4.2,0.49,7.44,5.79,1.04,1.06,1.03,15.0,5.0,6.0,26.0,2.0,3.0,0.0,3.0,0.0,4.0,8.0,13.0,18.0,1.0,2.0,11.0,9.0,0.0,2.0,17.0,2.0,1.0,0.54,0.27,0.27,2.0,0.0,0.0,27.01,20.0,20.03,2.0,0.21,0.46,0.46,0.82,0.82,0.82
847745084774798481624,2025,Bertuzzi-Dickinson-Mikheyev,CHI,line,5on5,8,910.0,92.0,0.84,0.74,0.72,9.33,0.93,0.58,2.74,0.38,5.07,3.3,0.89,0.87,0.83,5.0,8.0,4.0,17.0,0.0,4.0,0.0,2.0,0.0,1.0,6.0,5.0,13.0,1.0,2.0,5.0,7.0,1.0,5.0,10.0,2.0,1.0,0.41,0.29,0.23,0.0,0.0,0.0,15.93,13.0,12.22,2.0,0.12,0.47,0.47,0.58,0.55,0.54,3.67,0.18,0.23,0.82,0.12,2.13,1.52,0.18,0.18,0.18,4.0,1.0,1.0,6.0,0.0,0.0,0.0,0.0,0.0,1.0,4.0,4.0,5.0,2.0,4.0,6.0,2.0,1.0,4.0,4.0,1.0,0.0,0.08,0.1,0.0,0.0,0.0,0.0,6.13,5.0,5.11,2.0,0.05,0.0,0.0,0.23,0.23,0.23
847584284773808479390,2025,Brodzinski-Carrick-Raddysh,NYR,line,5on5,9,1044.0,114.0,0.74,0.51,0.57,12.52,1.66,0.94,3.26,0.49,6.14,4.51,1.6,1.69,1.63,11.0,6.0,4.0,21.0,3.0,4.0,1.0,3.0,0.0,2.0,5.0,8.0,14.0,2.0,4.0,10.0,8.0,0.0,11.0,10.0,5.0,2.0,0.34,0.48,0.84,1.0,1.0,1.0,21.7,17.0,17.48,6.0,0.2,0.92,0.92,0.93,0.97,0.96,8.27,0.58,0.73,2.22,0.4,5.42,3.65,0.57,0.55,0.54,7.0,6.0,7.0,20.0,1.0,2.0,0.0,2.0,0.0,4.0,4.0,6.0,12.0,1.0,2.0,8.0,11.0,2.0,8.0,10.0,3.0,0.0,0.21,0.38,0.0,0.0,1.0,0.0,18.98,13.0,12.38,5.0,0.15,0.21,0.21,0.53,0.5,0.49
847742984774568484794,2025,Copp-Compher-Brandsegg-Nygrd,DET,line,5on5,6,3031.0,19.0,0.46,0.49,0.52,21.02,1.41,1.25,5.56,0.68,11.91,8.18,1.4,1.33,1.31,19.0,10.0,18.0,47.0,0.0,1.0,0.0,3.0,0.0,10.0,15.0,19.0,29.0,3.0,6.0,31.0,23.0,3.0,17.0,23.0,6.0,0.0,0.8,0.61,0.0,0.0,0.0,0.0,45.27,29.0,27.97,8.0,0.26,0.08,0.08,1.59,1.5,1.48,19.01,1.64,1.27,4.89,0.64,10.9,7.67,1.62,1.66,1.64,13.0,14.0,21.0,48.0,2.0,0.0,0.0,6.0,0.0,12.0,7.0,11.0,25.0,7.0,14.0,35.0,30.0,4.0,14.0,20.0,6.0,1.0,0.6,0.71,0.33,0.0,2.0,0.0,49.27,27.0,26.88,8.0,0.27,0.0,0.0,1.91,1.94,1.91
847794684788918484471,2025,Finnie-Larkin-Appleton,DET,line,5on5,15,2110.0,128.0,0.28,0.36,0.34,14.03,1.06,0.91,3.58,0.52,8.12,5.82,1.03,1.05,1.02,16.0,4.0,7.0,27.0,4.0,2.0,0.0,1.0,0.0,6.0,7.0,12.0,16.0,3.0,6.0,19.0,17.0,4.0,9.0,14.0,6.0,0.0,0.37,0.68,0.0,2.0,2.0,0.0,27.18,20.0,20.22,6.0,0.19,0.12,0.12,1.12,1.12,1.1,28.33,2.65,1.82,7.62,1.01,14.45,10.46,2.13,2.61,2.08,25.0,13.0,11.0,49.0,0.0,7.0,0.0,4.0,0.0,16.0,11.0,25.0,38.0,1.0,2.0,15.0,16.0,2.0,7.0,29.0,6.0,3.0,0.87,0.73,1.05,0.0,0.0,0.0,48.02,38.0,36.65,4.0,0.38,1.27,1.27,1.76,1.75,1.41
84770188477447,2025,Theodore-Hutton,VGK,pairing,5on5,14,751.0,98.0,0.5,0.4,0.39,9.05,1.24,0.71,1.82,0.28,4.45,3.51,1.19,1.15,1.1,10.0,2.0,4.0,16.0,1.0,1.0,0.0,2.0,0.0,5.0,3.0,9.0,11.0,0.0,0.0,2.0,7.0,0.0,4.0,7.0,3.0,2.0,0.33,0.39,0.53,0.0,0.0,1.0,14.9,12.0,11.21,2.0,0.15,0.31,0.31,1.08,1.0,0.97,14.51,1.24,0.89,3.88,0.51,7.25,5.23,1.16,1.25,1.17,13.0,6.0,5.0,24.0,0.0,2.0,0.0,4.0,0.0,8.0,5.0,13.0,19.0,2.0,4.0,3.0,2.0,1.0,9.0,15.0,3.0,1.0,0.54,0.4,0.3,0.0,0.0,0.0,24.22,19.0,19.39,3.0,0.18,0.38,0.38,1.05,1.06,1.04
847698184781338482749,2025,Roy-Evans-Anderson,MTL,line,5on5,2,899.0,7.0,0.74,0.59,0.63,7.26,0.65,0.51,2.01,0.24,3.8,2.79,0.56,0.66,0.57,9.0,1.0,6.0,16.0,1.0,1.0,0.0,1.0,0.0,6.0,1.0,8.0,9.0,2.0,4.0,9.0,8.0,1.0,6.0,8.0,1.0,1.0,0.18,0.2,0.27,0.0,1.0,0.0,15.67,10.0,9.85,1.0,0.11,0.27,0.27,0.48,0.49,0.46,4.47,0.23,0.24,1.15,0.13,2.4,1.85,0.23,0.24,0.24,6.0,0.0,5.0,11.0,1.0,0.0,0.0,1.0,0.0,2.0,2.0,5.0,5.0,1.0,2.0,7.0,4.0,0.0,4.0,5.0,1.0,0.0,0.08,0.15,0.0,0.0,1.0,0.0,11.7,6.0,6.47,3.0,0.05,0.0,0.0,0.28,0.29,0.29
847458684800098482665,2025,Tolvanen-Beniers-Eberle,SEA,line,5on5,9,2577.0,75.0,0.36,0.51,0.5,19.31,0.92,1.05,5.41,0.59,11.18,7.85,0.89,0.9,0.88,18.0,9.0,15.0,42.0,1.0,0.0,0.0,8.0,0.0,11.0,7.0,17.0,26.0,3.0,6.0,18.0,16.0,5.0,12.0,26.0,0.0,1.0,0.72,0.0,0.2,1.0,0.0,0.0,40.67,27.0,26.04,6.0,0.22,0.0,0.0,1.13,1.11,1.08,19.95,1.62,1.26,4.99,0.65,10.65,7.83,1.58,1.65,1.61,16.0,11.0,13.0,40.0,0.0,2.0,0.0,2.0,0.0,13.0,10.0,16.0,27.0,4.0,8.0,23.0,13.0,2.0,12.0,21.0,4.0,2.0,0.55,0.61,0.47,0.0,0.0,0.0,39.97,27.0,27.1,4.0,0.26,0.46,0.46,1.42,1.46,1.44
84763728481546,2025,York-Seeler,PHI,pairing,5on5,22,748.0,197.0,0.52,0.44,0.5,7.44,0.75,0.59,1.59,0.23,3.92,2.92,0.75,0.77,0.77,9.0,1.0,1.0,11.0,3.0,0.0,0.0,1.0,0.0,4.0,2.0,6.0,7.0,1.0,2.0,1.0,1.0,0.0,6.0,6.0,3.0,1.0,0.2,0.33,0.22,1.0,1.0,1.0,11.27,10.0,10.06,1.0,0.12,0.0,0.0,0.88,0.9,0.9,7.5,0.69,0.49,1.76,0.25,3.91,2.9,0.66,0.67,0.65,4.0,6.0,4.0,14.0,0.0,1.0,0.0,2.0,0.0,2.0,5.0,4.0,10.0,0.0,0.0,2.0,6.0,0.0,2.0,7.0,3.0,0.0,0.32,0.37,0.0,0.0,0.0,0.0,13.48,10.0,9.82,0.0,0.1,0.19,0.19,0.6,0.59,0.56
847062184815328482408,2025,Malott-Turcotte-Perry,LAK,line,5on5,17,4539.0,106.0,0.75,0.66,0.68,55.37,5.51,3.92,14.38,2.05,28.73,20.41,5.12,5.54,5.16,43.0,32.0,33.0,108.0,4.0,11.0,0.0,9.0,0.0,34.0,17.0,39.0,71.0,8.0,25.0,31.0,37.0,2.0,18.0,50.0,19.0,6.0,1.4,2.37,1.73,3.0,1.0,0.0,108.35,75.0,75.49,7.0,0.83,2.35,2.35,3.99,4.01,3.88,25.49,1.87,1.71,6.64,0.92,14.4,10.46,1.84,1.86,1.83,16.0,20.0,20.0,56.0,2.0,3.0,0.0,5.0,0.0,10.0,16.0,14.0,34.0,8.0,27.0,33.0,52.0,3.0,22.0,28.0,8.0,0.0,0.87,0.99,0.0,1.0,1.0,0.0,55.42,36.0,35.76,14.0,0.36,0.49,0.49,1.73,1.72,1.71
847740984779338482113,2025,Verhaeghe-Lundell-Reinhart,FLA,line,5on5,14,1296.0,127.0,0.33,0.49,0.41,8.78,0.25,0.48,2.52,0.28,5.0,3.46,0.25,0.25,0.25,8.0,4.0,6.0,18.0,0.0,0.0,0.0,2.0,0.0,3.0,7.0,8.0,12.0,0.0,0.0,8.0,8.0,0.0,6.0,12.0,0.0,0.0,0.25,0.0,0.0,0.0,0.0,0.0,17.84,12.0,11.79,3.0,0.1,0.0,0.0,0.35,0.35,0.35,12.08,0.52,0.69,3.17,0.38,7.22,5.02,0.52,0.53,0.52,11.0,6.0,2.0,19.0,0.0,1.0,0.0,3.0,0.0,6.0,7.0,11.0,17.0,2.0,4.0,10.0,7.0,1.0,7.0,15.0,2.0,0.0,0.32,0.2,0.0,0.0,0.0,0.0,19.19,17.0,17.1,4.0,0.14,0.04,0.04,0.62,0.63,0.62
84788518483457,2025,Hutson-Carrier,MTL,pairing,5on5,37,12288.0,177.0,0.5,0.51,0.49,96.15,8.34,6.22,23.63,3.33,50.56,37.92,7.93,8.47,8.06,89.0,41.0,60.0,190.0,12.0,9.0,0.0,23.0,0.0,44.0,42.0,77.0,118.0,12.0,24.0,93.0,71.0,17.0,44.0,102.0,20.0,8.0,3.52,2.54,2.28,5.0,6.0,1.0,190.33,130.0,130.47,21.0,1.3,1.88,1.88,7.76,7.9,7.83,101.11,8.36,6.27,24.69,3.21,51.83,38.64,7.96,8.46,8.06,85.0,48.0,50.0,183.0,8.0,9.0,0.0,20.0,0.0,59.0,37.0,77.0,125.0,13.0,26.0,100.0,87.0,10.0,52.0,95.0,30.0,8.0,2.75,3.46,2.15,4.0,4.0,0.0,185.16,133.0,134.06,25.0,1.31,1.58,1.58,8.09,8.15,7.88
848422784848018484911,2025,Smith-Celebrini-Graf,SJS,line,5on5,10,2069.0,99.0,0.44,0.37,0.39,17.17,1.77,1.33,4.39,0.61,8.64,6.26,1.66,1.88,1.77,16.0,7.0,5.0,28.0,2.0,4.0,0.0,2.0,0.0,8.0,7.0,14.0,21.0,2.0,4.0,17.0,9.0,3.0,9.0,16.0,5.0,2.0,0.55,0.71,0.51,1.0,1.0,0.0,29.77,23.0,24.36,4.0,0.28,0.62,0.62,1.43,1.53,1.5,25.89,2.21,1.84,6.27,0.88,14.76,10.04,2.11,2.11,2.02,27.0,9.0,12.0,48.0,0.0,6.0,0.0,9.0,0.0,12.0,9.0,27.0,36.0,1.0,2.0,20.0,7.0,3.0,3.0,27.0,7.0,2.0,0.92,0.85,0.43,0.0,0.0,0.0,46.48,36.0,35.08,1.0,0.38,0.68,0.68,1.91,1.82,1.79
847688784821468482768,2025,Forsberg-Svechkov-Evangelista,NSH,line,5on5,11,740.0,126.0,0.7,0.77,0.72,9.84,0.69,0.63,2.56,0.33,4.93,3.86,0.66,0.67,0.65,6.0,7.0,7.0,20.0,0.0,1.0,0.0,3.0,0.0,4.0,5.0,6.0,13.0,1.0,2.0,5.0,0.0,0.0,1.0,10.0,3.0,0.0,0.24,0.45,0.0,0.0,0.0,0.0,18.83,13.0,12.44,1.0,0.13,0.15,0.15,0.67,0.65,0.63,3.81,0.29,0.29,0.92,0.12,2.0,1.39,0.29,0.3,0.3,4.0,1.0,1.0,6.0,0.0,0.0,0.0,0.0,0.0,1.0,4.0,4.0,5.0,1.0,2.0,7.0,6.0,2.0,2.0,5.0,0.0,0.0,0.29,0.0,0.0,0.0,0.0,0.0,6.3,5.0,5.13,2.0,0.06,0.0,0.0,0.36,0.36,0.36
848164184829478483930,2025,Kiviranta-Bardakov-Ivan,COL,line,5on5,3,1203.0,12.0,0.75,0.5,0.54,9.6,0.86,0.71,2.86,0.36,5.46,3.75,0.86,0.89,0.88,10.0,4.0,5.0,19.0,1.0,2.0,0.0,2.0,0.0,3.0,6.0,9.0,13.0,1.0,2.0,10.0,5.0,0.0,5.0,11.0,2.0,1.0,0.31,0.31,0.25,0.0,0.0,1.0,20.49,14.0,14.49,2.0,0.15,0.23,0.23,0.79,0.81,0.81,8.6,0.29,0.49,2.13,0.27,5.19,3.62,0.29,0.29,0.28,7.0,5.0,7.0,19.0,0.0,1.0,0.0,1.0,0.0,6.0,4.0,7.0,12.0,0.0,0.0,10.0,10.0,2.0,4.0,12.0,0.0,0.0,0.29,0.0,0.0,0.0,0.0,0.0,17.54,12.0,11.54,3.0,0.1,0.02,0.02,0.37,0.36,0.36
847847284804598483516,2025,Snuggerud-Suter-Joseph,STL,line,5on5,6,1640.0,39.0,0.49,0.45,0.5,18.45,1.57,1.31,4.88,0.7,9.86,6.68,1.45,1.7,1.56,17.0,8.0,6.0,31.0,1.0,5.0,1.0,2.0,0.0,11.0,6.0,16.0,24.0,0.0,0.0,7.0,14.0,3.0,7.0,17.0,8.0,0.0,0.41,1.16,0.0,0.0,1.0,0.0,32.57,25.0,26.42,4.0,0.27,0.68,0.68,1.17,1.24,1.18,18.35,1.61,1.27,3.98,0.56,10.16,7.42,1.59,1.69,1.67,14.0,11.0,13.0,38.0,1.0,0.0,0.0,1.0,0.0,13.0,10.0,13.0,24.0,2.0,4.0,12.0,6.0,5.0,11.0,19.0,5.0,1.0,0.78,0.55,0.27,0.0,0.0,1.0,40.79,25.0,26.21,3.0,0.26,0.0,0.0,1.87,1.97,1.94
84768538477541,2025,Rielly-Mermis,TOR,pairing,5on5,8,619.0,60.0,0.66,0.52,0.5,8.44,1.05,0.46,2.38,0.31,3.88,2.92,1.04,1.08,1.07,6.0,5.0,2.0,13.0,1.0,1.0,0.0,3.0,0.0,3.0,3.0,5.0,10.0,2.0,4.0,2.0,5.0,0.0,2.0,7.0,2.0,2.0,0.25,0.17,0.63,1.0,0.0,0.0,13.78,11.0,11.63,1.0,0.1,0.37,0.37,0.79,0.82,0.82,7.67,0.53,0.53,1.7,0.25,4.61,3.39,0.53,0.48,0.47,6.0,5.0,1.0,12.0,0.0,0.0,0.0,1.0,0.0,5.0,5.0,6.0,11.0,1.0,2.0,2.0,3.0,0.0,3.0,9.0,2.0,0.0,0.28,0.25,0.0,0.0,0.0,0.0,10.98,11.0,10.11,1.0,0.11,0.0,0.0,0.64,0.58,0.57
848022084815538482159,2025,Foerster-Cates-Brink,PHI,line,5on5,17,8895.0,57.0,0.5,0.46,0.48,51.17,4.94,3.87,11.77,1.82,27.58,20.01,4.78,4.87,4.71,48.0,22.0,29.0,99.0,3.0,7.0,1.0,5.0,0.0,21.0,34.0,45.0,67.0,9.0,18.0,65.0,49.0,9.0,33.0,50.0,14.0,6.0,1.6,1.72,1.62,2.0,0.0,1.0,97.22,70.0,68.69,21.0,0.81,1.68,1.68,4.07,4.0,3.97,55.07,4.99,3.51,14.33,1.92,29.68,21.57,4.74,5.05,4.8,42.0,34.0,40.0,116.0,4.0,5.0,1.0,12.0,0.0,27.0,28.0,38.0,72.0,9.0,18.0,89.0,60.0,10.0,34.0,58.0,11.0,7.0,1.38,1.37,2.24,3.0,0.0,1.0,118.31,76.0,77.84,12.0,0.73,1.24,1.24,4.48,4.55,4.43
84820948484798,2025,Buium-Hunt,MIN,pairing,5on5,9,3358.0,49.0,0.49,0.35,0.38,23.97,2.4,1.58,6.15,0.79,12.09,9.0,2.26,2.57,2.42,19.0,13.0,10.0,42.0,1.0,4.0,0.0,4.0,0.0,10.0,13.0,18.0,31.0,3.0,6.0,23.0,28.0,4.0,16.0,22.0,9.0,1.0,0.66,1.34,0.4,0.0,1.0,0.0,45.2,32.0,33.84,9.0,0.33,0.74,0.74,1.99,2.09,2.04,36.3,2.53,2.38,8.97,1.32,21.84,15.95,2.47,2.48,2.42,30.0,23.0,24.0,77.0,1.0,4.0,0.0,6.0,0.0,19.0,23.0,29.0,52.0,3.0,8.0,31.0,22.0,3.0,16.0,44.0,8.0,1.0,1.21,1.06,0.27,1.0,0.0,0.0,74.39,53.0,51.3,8.0,0.49,0.59,0.59,2.43,2.39,2.34
847645384785198479542,2025,Hagel-Cirelli-Kucherov,TBL,line,5on5,25,9263.0,106.0,0.6,0.63,0.62,120.86,12.06,8.53,30.34,4.02,62.5,45.53,11.45,12.24,11.63,107.0,56.0,50.0,213.0,12.0,16.0,1.0,23.0,0.0,61.0,51.0,95.0,151.0,10.0,20.0,75.0,39.0,20.0,41.0,106.0,49.0,8.0,3.6,6.14,2.33,5.0,7.0,0.0,219.1,163.0,166.25,15.0,1.78,3.44,3.44,10.4,10.59,10.29,74.89,7.96,5.33,18.46,2.55,37.04,27.66,7.45,7.99,7.48,71.0,28.0,27.0,126.0,4.0,14.0,2.0,18.0,1.0,29.0,33.0,67.0,95.0,6.0,12.0,56.0,55.0,20.0,42.0,61.0,30.0,8.0,1.88,3.71,2.37,1.0,0.0,3.0,124.18,99.0,98.6,25.0,1.11,2.78,2.78,6.29,6.33,6.12
847418984763938480245,2025,Cousins-Eller-Lycksell,OTT,line,5on5,4,1292.0,16.0,0.73,0.54,0.57,9.12,0.65,0.47,2.71,0.31,4.45,3.4,0.61,0.64,0.6,9.0,3.0,9.0,21.0,1.0,1.0,0.0,2.0,0.0,5.0,3.0,8.0,11.0,0.0,0.0,10.0,5.0,3.0,7.0,8.0,4.0,0.0,0.15,0.5,0.0,0.0,1.0,0.0,20.22,12.0,11.64,2.0,0.1,0.14,0.14,0.6,0.6,0.57,6.41,0.24,0.38,1.64,0.2,3.81,2.73,0.24,0.24,0.24,7.0,2.0,9.0,18.0,0.0,0.0,0.0,1.0,0.0,4.0,4.0,7.0,9.0,4.0,8.0,10.0,12.0,4.0,3.0,9.0,0.0,0.0,0.24,0.0,0.0,0.0,0.0,0.0,18.08,9.0,8.84,3.0,0.07,0.0,0.0,0.32,0.31,0.31
847897584815548483524,2025,Marchment-Wright-Kakko,SEA,line,5on5,6,761.0,42.0,0.41,0.54,0.44,5.6,0.47,0.35,1.29,0.21,3.32,2.36,0.46,0.45,0.44,3.0,5.0,6.0,14.0,1.0,1.0,0.0,1.0,0.0,1.0,4.0,2.0,7.0,3.0,6.0,5.0,2.0,0.0,4.0,7.0,0.0,1.0,0.21,0.0,0.27,1.0,0.0,0.0,13.48,8.0,7.77,2.0,0.07,0.27,0.27,0.28,0.27,0.27,7.59,0.67,0.55,2.03,0.24,3.82,2.71,0.65,0.7,0.68,5.0,5.0,2.0,12.0,0.0,1.0,0.0,0.0,0.0,7.0,2.0,5.0,10.0,1.0,2.0,10.0,6.0,1.0,2.0,7.0,2.0,1.0,0.22,0.22,0.22,0.0,0.0,0.0,12.5,10.0,10.39,1.0,0.12,0.05,0.05,0.73,0.77,0.76
847745184788648481557,2025,Boldy-Hartman-Kaprizov,MIN,line,5on5,18,874.0,209.0,0.49,0.53,0.53,12.09,1.43,1.03,2.94,0.44,6.39,4.77,1.22,1.38,1.17,12.0,5.0,4.0,21.0,0.0,3.0,0.0,1.0,0.0,7.0,6.0,12.0,17.0,2.0,4.0,4.0,1.0,1.0,4.0,12.0,2.0,3.0,0.3,0.27,0.87,0.0,0.0,0.0,19.94,17.0,16.18,2.0,0.22,0.78,0.78,0.87,0.82,0.78,11.26,1.52,0.89,2.58,0.36,5.79,3.87,1.34,1.5,1.33,10.0,5.0,4.0,19.0,1.0,2.0,0.0,1.0,0.0,6.0,5.0,9.0,14.0,1.0,2.0,7.0,5.0,1.0,1.0,9.0,4.0,2.0,0.43,0.52,0.57,0.0,0.0,1.0,18.95,15.0,14.96,1.0,0.19,0.44,0.44,1.27,1.27,1.12
847571484780578478904,2025,Joshua-Lorentz-Jarnkrok,TOR,line,5on5,4,923.0,29.0,0.67,0.52,0.59,7.42,0.52,0.54,2.05,0.24,3.88,2.76,0.5,0.55,0.52,7.0,3.0,4.0,14.0,0.0,1.0,0.0,3.0,0.0,4.0,2.0,7.0,10.0,0.0,0.0,8.0,14.0,0.0,2.0,7.0,2.0,1.0,0.11,0.21,0.2,0.0,0.0,0.0,14.33,10.0,10.01,1.0,0.11,0.2,0.2,0.43,0.45,0.44,5.05,0.26,0.27,1.3,0.15,2.89,2.14,0.26,0.27,0.27,3.0,4.0,6.0,13.0,0.0,0.0,0.0,1.0,0.0,5.0,1.0,3.0,7.0,1.0,2.0,7.0,5.0,0.0,1.0,7.0,0.0,0.0,0.26,0.0,0.0,0.0,0.0,0.0,13.25,7.0,7.1,1.0,0.06,0.0,0.0,0.31,0.32,0.32
847844484784988480078,2025,Debrusk-Chytil-Boeser,VAN,line,5on5,4,1683.0,26.0,0.72,0.57,0.53,17.44,1.47,1.24,4.68,0.54,8.6,6.47,1.43,1.49,1.45,17.0,6.0,9.0,32.0,0.0,2.0,0.0,4.0,0.0,11.0,6.0,17.0,23.0,1.0,2.0,14.0,10.0,1.0,3.0,18.0,3.0,2.0,0.38,0.46,0.63,0.0,0.0,0.0,32.53,23.0,23.31,1.0,0.26,0.63,0.63,1.1,1.11,1.09,14.53,0.57,0.89,4.08,0.43,8.33,5.71,0.54,0.56,0.54,11.0,9.0,4.0,24.0,0.0,0.0,0.0,2.0,0.0,11.0,7.0,11.0,20.0,0.0,0.0,25.0,11.0,4.0,5.0,18.0,2.0,0.0,0.38,0.18,0.0,0.0,0.0,0.0,23.71,20.0,19.71,4.0,0.18,0.0,0.0,0.75,0.74,0.71
848080284820978482765,2025,Quinn-Mcleod-Rosen,BUF,line,5on5,5,1589.0,35.0,0.27,0.35,0.36,11.3,0.66,0.71,2.57,0.34,7.07,4.66,0.65,0.67,0.67,9.0,7.0,7.0,23.0,0.0,0.0,0.0,2.0,0.0,5.0,9.0,9.0,16.0,2.0,4.0,12.0,1.0,5.0,7.0,15.0,1.0,0.0,0.53,0.13,0.0,0.0,0.0,0.0,23.9,16.0,16.51,4.0,0.14,0.0,0.0,0.8,0.82,0.81,21.29,1.77,1.4,6.23,0.75,10.6,8.25,1.65,1.74,1.63,25.0,4.0,14.0,43.0,3.0,4.0,1.0,5.0,0.0,11.0,6.0,22.0,26.0,0.0,0.0,12.0,9.0,6.0,6.0,21.0,6.0,2.0,0.35,0.79,0.63,0.0,2.0,1.0,42.44,29.0,29.04,3.0,0.29,0.79,0.79,1.28,1.32,1.29
847528784780478482146,2025,Bunting-Haula-Evangelista,NSH,line,5on5,25,4479.0,246.0,0.66,0.64,0.62,45.66,3.79,3.11,11.72,1.64,25.37,18.36,3.72,3.8,3.74,41.0,23.0,34.0,98.0,3.0,7.0,0.0,10.0,0.0,23.0,21.0,38.0,61.0,4.0,8.0,34.0,17.0,4.0,13.0,51.0,9.0,4.0,1.6,1.02,1.16,3.0,0.0,0.0,97.88,64.0,63.66,6.0,0.65,0.83,0.83,3.61,3.64,3.59,29.0,1.91,1.76,7.52,0.98,15.48,11.35,1.89,1.91,1.88,23.0,16.0,15.0,54.0,1.0,0.0,0.0,5.0,0.0,13.0,20.0,22.0,38.0,7.0,14.0,36.0,31.0,7.0,26.0,32.0,6.0,1.0,0.97,0.73,0.22,1.0,0.0,0.0,54.94,39.0,39.39,17.0,0.37,0.0,0.0,2.28,2.28,2.25
84764418479998,2025,Anderson-Edmundson,LAK,pairing,5on5,35,6064.0,224.0,0.43,0.4,0.41,45.39,2.96,2.99,11.85,1.43,25.52,18.24,2.85,2.95,2.84,38.0,25.0,11.0,74.0,3.0,5.0,0.0,8.0,0.0,24.0,23.0,35.0,60.0,5.0,13.0,31.0,30.0,4.0,27.0,53.0,7.0,3.0,1.45,0.78,0.72,2.0,1.0,0.0,73.48,63.0,62.37,21.0,0.61,0.79,0.79,2.78,2.75,2.72,64.78,3.85,3.9,16.93,2.18,35.97,27.17,3.74,3.95,3.84,55.0,35.0,19.0,109.0,1.0,8.0,1.0,15.0,0.0,31.0,35.0,54.0,89.0,3.0,9.0,46.0,37.0,14.0,26.0,77.0,11.0,2.0,2.11,1.3,0.44,0.0,0.0,1.0,109.6,90.0,90.32,7.0,0.8,1.08,1.11,3.54,3.6,3.55
847688284774448477987,2025,Burakovsky-Donato-Teravainen,CHI,line,5on5,4,1558.0,24.0,0.45,0.56,0.5,13.6,0.96,0.87,3.29,0.42,6.98,5.49,0.91,0.91,0.88,13.0,5.0,7.0,25.0,0.0,1.0,0.0,2.0,0.0,6.0,9.0,13.0,18.0,0.0,0.0,17.0,9.0,2.0,5.0,14.0,3.0,1.0,0.36,0.35,0.25,0.0,0.0,0.0,24.1,18.0,17.4,3.0,0.18,0.25,0.25,0.89,0.86,0.84,13.46,1.16,0.92,3.35,0.46,7.12,4.99,1.14,1.28,1.26,12.0,6.0,2.0,20.0,4.0,1.0,0.0,3.0,0.0,4.0,6.0,8.0,14.0,0.0,0.0,10.0,7.0,7.0,11.0,12.0,6.0,0.0,0.24,0.92,0.0,1.0,3.0,0.0,21.85,18.0,19.48,3.0,0.19,0.03,0.03,1.32,1.46,1.43
84815938482964,2025,Struble-Xhekaj,MTL,pairing,5on5,21,2760.0,154.0,0.36,0.47,0.46,12.75,0.85,0.71,3.2,0.44,7.29,5.52,0.83,0.83,0.82,7.0,11.0,9.0,27.0,0.0,1.0,0.0,4.0,0.0,4.0,9.0,7.0,18.0,5.0,16.0,11.0,38.0,5.0,14.0,15.0,2.0,1.0,0.42,0.22,0.21,0.0,0.0,0.0,27.12,18.0,17.93,11.0,0.14,0.14,0.14,0.85,0.85,0.84,15.36,1.53,0.98,3.82,0.54,8.35,5.77,1.46,1.55,1.48,15.0,6.0,9.0,30.0,2.0,1.0,0.0,3.0,0.0,12.0,3.0,13.0,19.0,3.0,12.0,10.0,24.0,5.0,14.0,13.0,8.0,0.0,0.54,0.99,0.0,1.0,1.0,0.0,30.95,21.0,21.79,6.0,0.21,0.16,0.16,1.58,1.6,1.55
84810068481598,2025,Broberg-Tucker,STL,pairing,5on5,22,920.0,184.0,0.18,0.36,0.26,4.03,0.24,0.15,0.97,0.11,1.69,1.83,0.24,0.26,0.26,3.0,2.0,5.0,10.0,1.0,0.0,0.0,1.0,0.0,2.0,1.0,2.0,4.0,1.0,2.0,0.0,5.0,1.0,3.0,4.0,1.0,0.0,0.08,0.16,0.0,0.0,1.0,0.0,10.48,5.0,5.07,2.0,0.03,0.0,0.0,0.27,0.29,0.29,10.01,1.11,0.73,2.46,0.44,5.55,3.72,1.01,1.05,0.95,7.0,7.0,4.0,18.0,1.0,2.0,0.0,3.0,0.0,5.0,3.0,6.0,13.0,0.0,0.0,0.0,7.0,3.0,2.0,10.0,3.0,1.0,0.36,0.42,0.32,0.0,1.0,0.0,17.4,14.0,13.59,1.0,0.15,0.37,0.37,0.88,0.85,0.8
847750384793188482259,2025,Mcmann-Matthews-Domi,TOR,line,5on5,6,4080.0,13.0,0.65,0.56,0.57,41.81,3.83,2.97,10.42,1.34,22.89,15.55,3.49,3.8,3.47,43.0,14.0,13.0,70.0,6.0,5.0,2.0,11.0,0.0,22.0,13.0,37.0,51.0,4.0,8.0,38.0,13.0,5.0,27.0,41.0,12.0,4.0,1.18,1.63,1.03,2.0,3.0,1.0,70.61,57.0,57.24,15.0,0.62,0.99,0.99,3.46,3.43,3.3,30.7,2.03,2.0,8.32,1.05,17.23,12.37,2.01,2.01,2.0,25.0,18.0,11.0,54.0,5.0,1.0,0.0,5.0,0.0,16.0,16.0,20.0,38.0,4.0,8.0,39.0,13.0,6.0,24.0,36.0,7.0,0.0,1.08,0.94,0.0,3.0,2.0,0.0,53.37,43.0,42.49,11.0,0.42,0.19,0.19,2.25,2.24,2.23
847841384793598482896,2025,Malenstyn-Kozak-Greenway,BUF,line,5on5,9,1072.0,98.0,0.13,0.22,0.2,2.64,0.12,0.17,0.77,0.11,1.59,1.24,0.12,0.13,0.13,2.0,2.0,3.0,7.0,0.0,0.0,0.0,0.0,0.0,3.0,1.0,2.0,4.0,1.0,2.0,9.0,13.0,1.0,6.0,4.0,0.0,0.0,0.12,0.0,0.0,0.0,0.0,0.0,7.11,4.0,4.13,3.0,0.04,0.0,0.0,0.16,0.16,0.16,11.0,0.81,0.86,2.57,0.42,6.41,4.93,0.81,0.79,0.79,7.0,9.0,9.0,25.0,2.0,1.0,0.0,1.0,0.0,4.0,8.0,5.0,14.0,0.0,0.0,7.0,12.0,0.0,1.0,12.0,4.0,0.0,0.27,0.54,0.0,1.0,1.0,0.0,24.05,16.0,15.64,0.0,0.18,0.01,0.01,0.98,0.95,0.95
847887484808488484911,2025,Graf-Dellandrea-Gaudette,SJS,line,5on5,10,2220.0,90.0,0.39,0.34,0.35,13.04,0.96,0.84,3.31,0.51,7.15,5.24,0.93,0.94,0.91,13.0,5.0,4.0,22.0,2.0,2.0,0.0,2.0,0.0,6.0,6.0,11.0,16.0,4.0,8.0,19.0,21.0,2.0,7.0,14.0,2.0,2.0,0.28,0.22,0.46,1.0,0.0,1.0,21.68,18.0,18.02,4.0,0.17,0.29,0.29,0.84,0.83,0.82,24.1,1.49,1.47,6.06,0.79,13.18,10.01,1.48,1.48,1.48,22.0,11.0,10.0,43.0,2.0,0.0,0.0,3.0,0.0,11.0,17.0,20.0,31.0,5.0,10.0,15.0,16.0,2.0,8.0,28.0,4.0,1.0,0.77,0.5,0.21,1.0,1.0,0.0,44.11,33.0,33.36,2.0,0.31,0.0,0.0,1.79,1.78,1.78
847749784808068481716,2025,Voronkov-Monahan-Lundestrm,CBJ,line,5on5,2,639.0,26.0,0.46,0.57,0.6,6.06,0.17,0.34,1.88,0.24,3.79,2.58,0.16,0.16,0.15,8.0,1.0,4.0,13.0,0.0,0.0,0.0,3.0,0.0,3.0,3.0,8.0,9.0,2.0,4.0,9.0,3.0,1.0,3.0,9.0,0.0,0.0,0.17,0.0,0.0,0.0,0.0,0.0,12.56,9.0,8.69,1.0,0.07,0.0,0.0,0.23,0.22,0.21,4.3,0.19,0.25,1.21,0.15,2.4,1.8,0.19,0.2,0.2,6.0,0.0,4.0,10.0,0.0,0.0,0.0,2.0,0.0,3.0,1.0,6.0,6.0,0.0,0.0,4.0,1.0,1.0,1.0,5.0,1.0,0.0,0.1,0.1,0.0,0.0,0.0,0.0,10.26,6.0,6.12,0.0,0.05,0.0,0.0,0.24,0.25,0.25
847575484795258480039,2025,Colton-Nelson-Necas,COL,line,5on5,11,759.0,153.0,0.7,0.6,0.68,9.77,0.86,0.71,2.12,0.32,5.14,3.86,0.85,0.89,0.89,9.0,4.0,2.0,15.0,1.0,0.0,0.0,1.0,0.0,3.0,8.0,8.0,12.0,1.0,2.0,5.0,3.0,0.0,8.0,10.0,2.0,1.0,0.34,0.23,0.28,0.0,1.0,0.0,15.41,13.0,13.17,3.0,0.15,0.0,0.0,1.0,1.05,1.04,4.3,0.36,0.24,1.03,0.13,2.43,1.81,0.36,0.34,0.34,5.0,1.0,4.0,10.0,0.0,0.0,0.0,1.0,0.0,4.0,1.0,5.0,6.0,1.0,2.0,4.0,3.0,2.0,5.0,4.0,2.0,0.0,0.09,0.27,0.0,0.0,0.0,0.0,9.28,6.0,5.65,1.0,0.05,0.0,0.0,0.41,0.39,0.39
847883184792938479619,2025,Tanev-Stenlund-Carcone,UTA,line,5on5,11,1899.0,78.0,0.46,0.5,0.53,15.86,1.06,1.22,3.93,0.54,8.51,5.75,1.03,1.04,1.01,12.0,9.0,11.0,32.0,1.0,2.0,1.0,4.0,0.0,10.0,4.0,11.0,20.0,2.0,4.0,15.0,18.0,2.0,10.0,19.0,2.0,0.0,0.76,0.29,0.0,0.0,1.0,0.0,31.24,21.0,20.69,5.0,0.25,0.22,0.22,1.09,1.06,1.04,14.19,1.26,0.93,3.45,0.5,7.67,5.2,1.18,1.26,1.18,11.0,8.0,13.0,32.0,0.0,3.0,0.0,1.0,0.0,11.0,4.0,11.0,19.0,3.0,6.0,24.0,23.0,4.0,6.0,14.0,4.0,1.0,0.48,0.51,0.27,0.0,0.0,0.0,32.41,19.0,18.81,3.0,0.19,0.54,0.54,0.92,0.92,0.89
84768548479369,2025,Lindholm-Peeke,BOS,pairing,5on5,33,19736.0,109.0,0.45,0.48,0.49,145.93,10.84,8.62,39.24,5.07,77.51,57.71,10.54,10.87,10.56,121.0,78.0,96.0,295.0,8.0,13.0,1.0,26.0,0.0,73.0,79.0,113.0,191.0,23.0,54.0,185.0,151.0,21.0,81.0,166.0,24.0,9.0,4.52,3.37,2.95,5.0,1.0,2.0,295.24,199.0,199.82,33.0,1.79,3.19,3.19,9.44,9.49,9.39,155.69,13.44,10.06,40.46,5.33,81.63,60.06,12.73,13.48,12.78,150.0,61.0,105.0,316.0,20.0,14.0,1.0,36.0,1.0,71.0,69.0,130.0,191.0,28.0,62.0,157.0,136.0,30.0,95.0,154.0,42.0,15.0,4.29,5.2,3.95,9.0,7.0,4.0,315.0,211.0,210.84,45.0,2.11,2.77,2.77,12.78,12.84,12.51
84788408478882,2025,Gavrikov-Borgen,NYR,pairing,5on5,27,1832.0,216.0,0.33,0.37,0.38,8.39,0.71,0.57,2.29,0.26,4.3,2.89,0.7,0.76,0.75,7.0,4.0,5.0,16.0,0.0,1.0,0.0,2.0,0.0,3.0,5.0,7.0,11.0,7.0,14.0,7.0,15.0,5.0,9.0,8.0,2.0,1.0,0.15,0.24,0.31,0.0,0.0,0.0,16.35,11.0,11.54,3.0,0.11,0.31,0.31,0.51,0.54,0.53,13.57,1.43,0.96,3.42,0.42,6.93,4.83,1.39,1.45,1.4,15.0,3.0,9.0,27.0,2.0,4.0,2.0,3.0,0.0,3.0,6.0,13.0,16.0,1.0,2.0,10.0,13.0,3.0,5.0,11.0,5.0,2.0,0.33,0.55,0.55,0.0,1.0,1.0,27.42,18.0,18.36,0.0,0.2,0.8,0.8,0.83,0.83,0.83
84802468483565,2025,Perbix-Blankenburg,NSH,pairing,5on5,15,607.0,148.0,0.21,0.35,0.32,4.63,0.18,0.16,1.38,0.16,2.03,2.08,0.18,0.18,0.18,4.0,2.0,1.0,7.0,0.0,0.0,0.0,0.0,0.0,3.0,3.0,4.0,6.0,1.0,2.0,0.0,4.0,0.0,1.0,5.0,1.0,0.0,0.06,0.12,0.0,0.0,0.0,0.0,7.36,6.0,6.25,1.0,0.03,0.0,0.0,0.21,0.22,0.21,9.84,0.69,0.6,2.6,0.32,5.12,3.68,0.68,0.72,0.71,10.0,3.0,0.0,13.0,3.0,1.0,1.0,0.0,0.0,1.0,8.0,7.0,10.0,1.0,2.0,3.0,4.0,1.0,2.0,11.0,2.0,0.0,0.39,0.3,0.0,2.0,1.0,0.0,13.79,13.0,13.61,1.0,0.12,0.16,0.16,0.66,0.67,0.67
847847484808498482699,2025,Crouse-Hayton-Guenther,UTA,line,5on5,11,5553.0,29.0,0.58,0.55,0.57,54.74,4.61,3.23,14.25,1.86,28.31,21.75,4.51,4.61,4.51,50.0,24.0,28.0,102.0,8.0,7.0,2.0,8.0,0.0,22.0,29.0,42.0,66.0,7.0,14.0,59.0,36.0,4.0,18.0,57.0,12.0,5.0,1.7,1.58,1.33,3.0,4.0,1.0,102.78,74.0,74.32,4.0,0.68,1.44,1.44,3.84,3.84,3.82,41.69,3.37,2.57,10.94,1.4,21.38,16.35,3.26,3.39,3.28,41.0,15.0,29.0,85.0,5.0,6.0,3.0,9.0,0.0,19.0,17.0,36.0,51.0,4.0,8.0,60.0,25.0,4.0,23.0,46.0,7.0,3.0,1.44,1.04,0.89,3.0,1.0,1.0,85.14,56.0,56.09,9.0,0.53,1.09,1.09,2.81,2.8,2.71
847360484746798480289,2025,Barron-Toews-Nyquist,WPG,line,5on5,4,1409.0,15.0,0.51,0.44,0.43,9.46,1.02,0.73,2.44,0.34,5.02,3.45,0.98,0.97,0.93,8.0,5.0,6.0,19.0,0.0,3.0,0.0,1.0,0.0,4.0,5.0,8.0,13.0,4.0,11.0,15.0,10.0,3.0,7.0,6.0,6.0,1.0,0.14,0.68,0.21,0.0,0.0,0.0,17.85,13.0,12.14,5.0,0.16,0.44,0.44,0.73,0.71,0.7,12.89,0.98,0.82,2.94,0.39,6.84,5.03,0.97,1.01,1.0,15.0,2.0,7.0,24.0,2.0,0.0,0.0,0.0,0.0,9.0,6.0,13.0,15.0,4.0,11.0,13.0,11.0,0.0,6.0,13.0,4.0,0.0,0.47,0.51,0.0,1.0,1.0,0.0,24.91,17.0,17.66,2.0,0.17,0.0,0.0,1.15,1.19,1.17
847516684779398482720,2025,Knies-Tavares-Nylander,TOR,line,5on5,14,1633.0,140.0,0.51,0.38,0.41,13.6,1.38,1.2,2.88,0.37,6.62,4.56,1.35,1.36,1.33,12.0,5.0,5.0,22.0,4.0,0.0,0.0,1.0,0.0,6.0,6.0,8.0,13.0,2.0,4.0,17.0,6.0,4.0,7.0,10.0,6.0,1.0,0.31,0.76,0.31,1.0,2.0,1.0,22.05,17.0,17.02,4.0,0.25,0.0,0.0,1.63,1.61,1.57,17.01,1.31,1.14,4.17,0.59,9.4,7.38,1.29,1.35,1.33,15.0,9.0,12.0,36.0,1.0,2.0,0.0,3.0,0.0,10.0,8.0,14.0,23.0,1.0,2.0,5.0,11.0,2.0,9.0,19.0,4.0,1.0,0.55,0.53,0.22,0.0,1.0,0.0,36.38,24.0,24.17,2.0,0.23,0.34,0.34,1.21,1.25,1.23
847645384768268478010,2025,Point-Gourde-Kucherov,TBL,line,5on5,4,1067.0,50.0,0.6,0.5,0.46,10.04,1.55,0.77,2.35,0.31,4.71,3.31,1.49,1.47,1.41,9.0,4.0,7.0,20.0,1.0,3.0,0.0,3.0,0.0,4.0,2.0,8.0,12.0,1.0,2.0,9.0,3.0,0.0,6.0,8.0,2.0,3.0,0.28,0.24,1.03,0.0,1.0,0.0,19.77,13.0,12.67,2.0,0.16,1.03,1.03,0.69,0.65,0.65,11.5,1.05,0.65,2.86,0.38,5.75,4.31,1.04,1.07,1.06,11.0,4.0,5.0,20.0,2.0,1.0,0.0,3.0,0.0,5.0,4.0,9.0,13.0,1.0,2.0,10.0,6.0,2.0,6.0,11.0,3.0,1.0,0.39,0.41,0.25,1.0,0.0,1.0,19.92,15.0,14.98,2.0,0.14,0.12,0.12,1.06,1.09,1.08
84783998482684,2025,Siegenthaler-Hughes,NJD,pairing,5on5,23,1585.0,177.0,0.33,0.42,0.42,5.55,0.47,0.39,1.24,0.17,3.25,2.48,0.46,0.48,0.48,4.0,4.0,3.0,11.0,0.0,0.0,0.0,0.0,0.0,1.0,7.0,4.0,8.0,6.0,15.0,11.0,11.0,3.0,11.0,5.0,3.0,0.0,0.14,0.33,0.0,0.0,0.0,0.0,11.21,8.0,8.2,7.0,0.08,0.0,0.0,0.55,0.56,0.56,8.25,0.93,0.54,2.5,0.29,3.95,2.79,0.92,0.94,0.93,6.0,5.0,4.0,15.0,0.0,1.0,0.0,3.0,0.0,5.0,2.0,6.0,11.0,4.0,11.0,7.0,11.0,2.0,4.0,6.0,4.0,1.0,0.12,0.6,0.21,0.0,0.0,0.0,15.82,11.0,11.24,2.0,0.11,0.17,0.17,0.88,0.9,0.9
84809508481609,2025,Kolyachonok-Lyubushkin,DAL,pairing,5on5,3,2015.0,7.0,0.64,0.53,0.62,20.8,1.83,1.45,5.16,0.67,11.38,7.52,1.82,1.89,1.88,20.0,8.0,9.0,37.0,1.0,2.0,0.0,7.0,0.0,10.0,8.0,19.0,27.0,1.0,2.0,14.0,11.0,5.0,8.0,21.0,5.0,2.0,0.6,0.63,0.59,1.0,0.0,0.0,38.97,28.0,29.28,4.0,0.3,0.44,0.44,1.69,1.76,1.75,12.33,1.05,0.79,3.41,0.46,6.41,4.89,0.98,1.02,0.96,11.0,6.0,16.0,33.0,0.0,1.0,0.0,3.0,0.0,10.0,3.0,11.0,17.0,0.0,0.0,16.0,20.0,3.0,8.0,14.0,2.0,1.0,0.36,0.36,0.33,0.0,0.0,0.0,31.98,17.0,16.5,3.0,0.17,0.33,0.33,0.88,0.86,0.85
84764418476879,2025,Edmundson-Ceci,LAK,pairing,5on5,23,1136.0,184.0,0.31,0.55,0.48,7.61,0.31,0.44,2.19,0.25,4.55,3.26,0.31,0.31,0.31,8.0,3.0,7.0,18.0,0.0,0.0,0.0,1.0,0.0,6.0,4.0,8.0,11.0,2.0,4.0,8.0,11.0,1.0,7.0,11.0,0.0,0.0,0.31,0.0,0.0,0.0,0.0,0.0,17.87,11.0,10.79,1.0,0.09,0.0,0.0,0.4,0.41,0.4,9.05,0.7,0.56,2.1,0.27,4.65,3.72,0.7,0.72,0.72,10.0,2.0,3.0,15.0,1.0,0.0,0.0,1.0,0.0,4.0,6.0,9.0,11.0,2.0,4.0,5.0,10.0,0.0,3.0,9.0,3.0,0.0,0.31,0.4,0.0,1.0,0.0,0.0,15.53,12.0,12.29,2.0,0.12,0.0,0.0,0.82,0.84,0.84
84764228482911,2025,Reilly-Nystrom,CAR,pairing,5on5,17,6611.0,95.0,0.69,0.63,0.6,64.66,7.28,4.57,17.27,2.19,32.86,22.83,6.55,7.1,6.39,51.0,36.0,37.0,124.0,3.0,15.0,0.0,13.0,0.0,25.0,31.0,48.0,84.0,5.0,12.0,79.0,29.0,3.0,34.0,57.0,18.0,12.0,1.62,2.33,3.33,2.0,1.0,0.0,120.36,87.0,85.4,16.0,0.97,3.02,3.02,5.23,5.11,4.92,40.5,3.21,2.62,9.82,1.36,22.79,17.19,3.13,3.26,3.18,41.0,16.0,15.0,72.0,5.0,3.0,0.0,11.0,0.0,14.0,24.0,36.0,52.0,3.0,6.0,66.0,46.0,14.0,28.0,44.0,10.0,3.0,1.12,1.23,0.87,2.0,3.0,0.0,74.58,57.0,58.27,17.0,0.55,0.76,0.76,3.01,3.1,3.08
848277584835158484984,2025,Slafkovsk-Kapanen-Demidov,MTL,line,5on5,19,10734.0,44.0,0.46,0.45,0.48,89.0,6.8,5.74,21.24,2.87,48.1,36.25,6.65,6.9,6.75,75.0,46.0,33.0,154.0,12.0,9.0,0.0,22.0,1.0,39.0,38.0,63.0,109.0,19.0,44.0,84.0,48.0,12.0,38.0,97.0,21.0,3.0,3.77,2.32,0.71,9.0,2.0,1.0,154.7,121.0,121.29,18.0,1.19,1.08,1.08,6.91,7.03,6.92,95.54,8.11,6.56,22.78,3.0,51.24,37.31,7.89,8.05,7.83,84.0,45.0,59.0,188.0,8.0,7.0,0.0,15.0,0.0,53.0,46.0,76.0,121.0,11.0,28.0,83.0,81.0,21.0,48.0,91.0,32.0,6.0,2.61,3.98,1.52,2.0,6.0,0.0,187.16,129.0,129.2,19.0,1.36,1.17,1.17,8.29,8.22,8.09
847744484779878484144,2025,Burakovsky-Bedard-Donato,CHI,line,5on5,10,743.0,160.0,0.58,0.5,0.48,9.82,0.81,0.6,2.27,0.3,5.07,3.94,0.81,0.83,0.82,7.0,6.0,2.0,15.0,1.0,0.0,0.0,0.0,0.0,4.0,8.0,6.0,12.0,1.0,2.0,2.0,5.0,2.0,7.0,9.0,4.0,0.0,0.21,0.6,0.0,0.0,1.0,0.0,15.44,13.0,13.31,5.0,0.12,0.0,0.0,0.94,0.96,0.95,10.2,0.59,0.66,2.52,0.32,5.96,3.97,0.58,0.57,0.57,11.0,3.0,1.0,15.0,0.0,0.0,0.0,6.0,0.0,4.0,4.0,11.0,14.0,1.0,2.0,11.0,5.0,1.0,5.0,13.0,1.0,0.0,0.39,0.2,0.0,0.0,0.0,0.0,14.86,14.0,13.91,3.0,0.13,0.0,0.0,0.72,0.7,0.7
847793984780578478462,2025,Joshua-Roy-Nylander,TOR,line,5on5,6,814.0,69.0,0.68,0.62,0.65,9.25,0.59,0.62,2.33,0.3,5.44,3.72,0.55,0.57,0.53,8.0,5.0,5.0,18.0,1.0,0.0,0.0,1.0,0.0,5.0,6.0,7.0,12.0,2.0,2.0,9.0,7.0,1.0,4.0,11.0,2.0,0.0,0.34,0.25,0.0,1.0,0.0,0.0,17.99,13.0,13.16,3.0,0.13,0.0,0.0,0.72,0.7,0.65,5.08,0.27,0.29,1.12,0.15,3.01,2.16,0.27,0.28,0.28,5.0,2.0,4.0,11.0,0.0,0.0,0.0,1.0,0.0,6.0,0.0,5.0,7.0,1.0,2.0,6.0,6.0,0.0,3.0,7.0,0.0,0.0,0.27,0.0,0.0,0.0,0.0,0.0,11.08,7.0,6.96,0.0,0.06,0.0,0.0,0.33,0.34,0.34
847793984793188482259,2025,Mcmann-Matthews-Nylander,TOR,line,5on5,8,1553.0,100.0,0.36,0.46,0.49,14.21,0.83,0.91,3.63,0.42,7.75,5.45,0.81,0.82,0.81,14.0,5.0,6.0,25.0,1.0,2.0,0.0,2.0,0.0,4.0,10.0,13.0,18.0,1.0,2.0,16.0,10.0,3.0,8.0,16.0,3.0,0.0,0.43,0.4,0.0,0.0,1.0,0.0,24.82,19.0,18.73,3.0,0.19,0.08,0.08,0.94,0.92,0.91,14.5,1.46,0.95,3.4,0.47,7.83,5.88,1.43,1.49,1.46,15.0,5.0,9.0,29.0,0.0,3.0,0.0,1.0,0.0,8.0,8.0,15.0,20.0,0.0,0.0,14.0,6.0,2.0,7.0,17.0,1.0,2.0,0.43,0.14,0.9,0.0,0.0,0.0,30.29,20.0,20.9,4.0,0.2,0.91,0.91,0.75,0.78,0.77
847168584779608477998,2025,Foegele-Kopitar-Kempe,LAK,line,5on5,10,636.0,133.0,0.4,0.33,0.33,3.67,0.37,0.23,0.81,0.11,1.96,1.53,0.37,0.39,0.39,5.0,0.0,1.0,6.0,1.0,0.0,0.0,2.0,0.0,0.0,2.0,4.0,4.0,2.0,4.0,11.0,4.0,0.0,4.0,4.0,0.0,1.0,0.11,0.0,0.26,0.0,0.0,1.0,6.03,5.0,5.17,2.0,0.05,0.0,0.0,0.42,0.44,0.44,7.28,0.54,0.33,1.97,0.24,3.79,3.13,0.52,0.51,0.49,8.0,2.0,2.0,12.0,0.0,1.0,0.0,2.0,0.0,2.0,5.0,8.0,10.0,1.0,2.0,6.0,4.0,0.0,1.0,9.0,0.0,1.0,0.16,0.0,0.38,0.0,0.0,0.0,11.49,10.0,9.65,0.0,0.07,0.38,0.38,0.23,0.22,0.21
84793698480887,2025,Harris-Peeke,BOS,pairing,5on5,5,3107.0,12.0,0.53,0.56,0.56,32.31,2.06,1.99,9.44,1.11,16.9,12.51,2.01,1.97,1.92,24.0,20.0,16.0,60.0,2.0,5.0,0.0,7.0,0.0,18.0,12.0,22.0,42.0,4.0,8.0,25.0,24.0,5.0,13.0,38.0,4.0,2.0,1.04,0.53,0.49,2.0,0.0,0.0,57.7,44.0,42.08,5.0,0.42,0.59,0.59,1.89,1.83,1.79,25.16,1.85,1.67,6.36,0.88,13.43,9.81,1.84,1.92,1.9,23.0,11.0,14.0,48.0,3.0,3.0,1.0,7.0,0.0,9.0,12.0,20.0,31.0,2.0,4.0,15.0,37.0,2.0,12.0,26.0,7.0,1.0,0.68,0.89,0.29,0.0,3.0,0.0,50.3,34.0,35.76,6.0,0.34,0.35,0.35,1.84,1.91,1.9
847517084820898483516,2025,Neighbours-Schenn-Snuggerud,STL,line,5on5,7,1127.0,55.0,0.35,0.27,0.25,6.93,0.86,0.49,1.61,0.21,3.33,2.5,0.86,0.83,0.83,7.0,2.0,4.0,13.0,0.0,0.0,0.0,0.0,0.0,4.0,5.0,7.0,9.0,2.0,4.0,12.0,10.0,0.0,7.0,3.0,6.0,0.0,0.12,0.73,0.0,0.0,0.0,0.0,12.29,9.0,8.78,4.0,0.1,0.0,0.14,0.81,0.78,0.78,19.27,1.61,1.25,5.3,0.7,10.55,7.59,1.55,1.64,1.58,16.0,11.0,9.0,36.0,3.0,4.0,2.0,3.0,0.0,9.0,8.0,13.0,24.0,2.0,4.0,12.0,6.0,1.0,7.0,21.0,5.0,1.0,0.55,0.73,0.33,0.0,2.0,1.0,39.54,27.0,28.23,4.0,0.26,0.61,0.61,1.26,1.3,1.28
847687284780578478904,2025,Joshua-Laughton-Lorentz,TOR,line,5on5,7,1908.0,54.0,0.63,0.43,0.45,13.33,1.48,0.79,3.92,0.47,6.05,4.28,1.19,1.49,1.19,12.0,5.0,5.0,22.0,1.0,4.0,1.0,2.0,0.0,3.0,7.0,11.0,16.0,1.0,2.0,19.0,29.0,3.0,11.0,11.0,4.0,2.0,0.21,0.54,0.74,0.0,0.0,1.0,22.08,17.0,17.03,5.0,0.16,0.82,0.82,0.83,0.83,0.8,15.17,0.87,0.92,3.85,0.49,8.38,6.49,0.87,0.87,0.86,15.0,6.0,8.0,29.0,1.0,1.0,0.0,3.0,1.0,6.0,9.0,14.0,20.0,1.0,2.0,16.0,20.0,0.0,8.0,18.0,3.0,0.0,0.49,0.39,0.0,1.0,0.0,0.0,28.42,21.0,20.48,5.0,0.19,0.16,0.16,0.91,0.9,0.9
84785078480434,2025,Durzi-Marino,UTA,pairing,5on5,15,1244.0,104.0,0.44,0.51,0.44,8.8,0.86,0.6,1.92,0.3,4.56,3.76,0.86,0.85,0.84,7.0,5.0,7.0,19.0,1.0,0.0,0.0,0.0,0.0,5.0,6.0,6.0,11.0,3.0,6.0,3.0,5.0,0.0,12.0,10.0,2.0,0.0,0.55,0.31,0.0,1.0,0.0,0.0,18.75,12.0,11.66,4.0,0.13,0.0,0.0,0.99,0.97,0.97,11.33,1.11,0.74,2.52,0.35,5.74,4.53,1.08,1.06,1.03,8.0,7.0,3.0,18.0,1.0,1.0,0.0,0.0,0.0,6.0,7.0,7.0,14.0,2.0,4.0,0.0,10.0,2.0,1.0,11.0,2.0,2.0,0.42,0.22,0.47,1.0,0.0,0.0,17.54,15.0,14.82,0.0,0.15,0.21,0.21,1.05,1.01,0.99
847799884796758482124,2025,Moore-Byfield-Foegele,LAK,line,5on5,11,1743.0,152.0,0.36,0.55,0.53,18.57,0.75,1.06,5.26,0.61,10.55,7.77,0.74,0.74,0.74,12.0,14.0,10.0,36.0,0.0,0.0,0.0,4.0,0.0,13.0,9.0,12.0,26.0,0.0,0.0,13.0,16.0,3.0,11.0,24.0,2.0,0.0,0.48,0.27,0.0,0.0,0.0,0.0,36.32,26.0,25.8,3.0,0.21,0.0,0.0,0.96,0.95,0.95,17.42,1.32,1.03,4.43,0.56,8.76,6.9,1.15,1.35,1.18,14.0,9.0,7.0,30.0,4.0,2.0,1.0,2.0,0.0,4.0,11.0,10.0,19.0,2.0,4.0,23.0,8.0,2.0,9.0,19.0,3.0,1.0,0.61,0.46,0.25,3.0,0.0,1.0,30.95,23.0,24.3,4.0,0.22,0.44,0.44,1.1,1.14,1.09
84764578477986,2025,Montour-Larsson,SEA,pairing,5on5,20,1105.0,154.0,0.53,0.62,0.59,12.12,1.2,0.83,2.81,0.39,5.93,4.84,1.2,1.16,1.16,12.0,4.0,7.0,23.0,0.0,1.0,0.0,1.0,0.0,3.0,11.0,12.0,16.0,1.0,2.0,1.0,7.0,0.0,6.0,10.0,5.0,1.0,0.28,0.71,0.21,0.0,0.0,0.0,22.47,16.0,15.66,2.0,0.17,0.19,0.19,1.19,1.16,1.16,8.62,1.04,0.65,2.01,0.28,3.82,3.19,1.01,1.08,1.05,7.0,4.0,3.0,14.0,0.0,2.0,0.0,1.0,0.0,4.0,4.0,7.0,11.0,1.0,2.0,1.0,5.0,2.0,6.0,6.0,3.0,2.0,0.09,0.38,0.58,0.0,0.0,0.0,14.39,11.0,11.34,2.0,0.14,0.24,0.24,0.94,1.0,0.99
84754628483490,2025,Mintyukov-Gudas,ANA,pairing,5on5,22,9085.0,102.0,0.56,0.53,0.53,100.19,9.7,7.08,25.53,3.54,53.69,38.45,9.2,9.43,8.94,80.0,58.0,49.0,187.0,5.0,16.0,2.0,27.0,0.0,45.0,45.0,75.0,133.0,8.0,16.0,73.0,79.0,11.0,39.0,101.0,28.0,9.0,3.42,3.42,2.86,2.0,2.0,1.0,181.38,138.0,134.24,23.0,1.48,3.38,3.38,7.81,7.55,7.39,90.76,7.7,6.05,22.06,3.02,48.8,35.37,7.41,7.84,7.56,72.0,51.0,44.0,167.0,8.0,9.0,3.0,17.0,0.0,55.0,34.0,64.0,115.0,9.0,18.0,70.0,42.0,14.0,44.0,96.0,20.0,7.0,3.25,2.38,2.08,3.0,3.0,2.0,171.44,123.0,125.33,23.0,1.26,2.12,2.12,6.84,7.0,6.89
847515884780478482146,2025,Bunting-O'Reilly-Evangelista,NSH,line,5on5,17,702.0,243.0,0.58,0.44,0.42,6.56,0.93,0.52,1.52,0.17,2.8,2.06,0.9,0.92,0.89,5.0,3.0,3.0,11.0,1.0,2.0,1.0,1.0,0.0,2.0,2.0,4.0,7.0,0.0,0.0,3.0,4.0,3.0,2.0,3.0,3.0,2.0,0.09,0.35,0.49,0.0,0.0,1.0,10.66,8.0,7.66,1.0,0.11,0.49,0.49,0.55,0.53,0.52,8.16,0.67,0.51,1.9,0.27,4.35,3.3,0.67,0.7,0.69,8.0,3.0,3.0,14.0,1.0,1.0,0.0,2.0,0.0,3.0,4.0,7.0,10.0,0.0,0.0,3.0,6.0,2.0,1.0,7.0,4.0,0.0,0.28,0.39,0.0,1.0,0.0,0.0,14.58,11.0,11.53,0.0,0.1,0.04,0.04,0.74,0.77,0.76
847688084794008481656,2025,Protas-Dubois-Wilson,WSH,line,5on5,6,2900.0,10.0,0.54,0.59,0.52,26.31,2.23,1.67,7.71,0.9,12.96,9.53,2.16,2.28,2.2,25.0,10.0,22.0,57.0,3.0,2.0,0.0,8.0,0.0,11.0,11.0,22.0,32.0,4.0,8.0,25.0,14.0,4.0,12.0,25.0,8.0,2.0,0.84,0.94,0.44,1.0,2.0,0.0,58.18,35.0,35.38,5.0,0.35,0.2,0.2,2.39,2.46,2.37,23.62,1.89,1.41,6.65,0.83,12.32,8.89,1.68,1.83,1.62,21.0,11.0,8.0,40.0,0.0,3.0,0.0,7.0,0.0,11.0,11.0,21.0,32.0,2.0,4.0,38.0,23.0,5.0,15.0,24.0,6.0,2.0,0.51,0.75,0.64,0.0,0.0,0.0,39.79,32.0,31.47,7.0,0.3,0.8,0.83,1.35,1.31,1.23
847937084827688484241,2025,Jost-Svechkov-Wood,NSH,line,5on5,11,2946.0,53.0,0.49,0.43,0.39,18.35,1.63,1.3,4.13,0.63,10.04,7.27,1.58,1.61,1.57,19.0,6.0,15.0,40.0,2.0,3.0,0.0,3.0,0.0,10.0,7.0,17.0,23.0,2.0,4.0,14.0,20.0,4.0,15.0,18.0,6.0,1.0,0.6,0.78,0.25,1.0,1.0,0.0,39.35,25.0,24.39,7.0,0.27,0.35,0.35,1.55,1.54,1.52,27.67,1.69,1.74,7.06,1.0,15.99,11.53,1.68,1.7,1.69,23.0,16.0,15.0,54.0,2.0,1.0,0.0,6.0,0.0,14.0,16.0,21.0,37.0,2.0,4.0,26.0,29.0,7.0,10.0,31.0,8.0,0.0,0.79,0.9,0.0,2.0,0.0,0.0,55.7,39.0,39.84,4.0,0.36,0.1,0.1,1.94,1.96,1.95
847576584785088483525,2025,Trenin-Yurov-Tarasenko,MIN,line,5on5,10,3276.0,46.0,0.39,0.36,0.46,21.61,1.52,1.52,5.37,0.74,12.14,8.7,1.49,1.55,1.52,18.0,12.0,4.0,34.0,4.0,0.0,0.0,4.0,0.0,11.0,11.0,14.0,26.0,2.0,4.0,33.0,40.0,3.0,20.0,24.0,6.0,0.0,0.81,0.71,0.0,2.0,2.0,0.0,34.75,30.0,30.5,12.0,0.32,0.0,0.0,1.84,1.88,1.83,26.22,2.35,1.51,7.11,0.82,13.26,9.94,2.24,2.42,2.3,26.0,9.0,25.0,60.0,1.0,4.0,0.0,9.0,0.0,13.0,8.0,25.0,34.0,2.0,4.0,28.0,29.0,5.0,16.0,28.0,4.0,3.0,0.82,0.58,0.94,1.0,0.0,0.0,61.83,35.0,35.72,4.0,0.32,0.92,0.92,1.74,1.77,1.74
84745908480796,2025,Fehervary-Carlson,WSH,pairing,5on5,38,23302.0,100.0,0.53,0.54,0.55,224.41,19.57,14.39,55.18,7.65,122.88,90.33,18.79,19.66,18.89,195.0,115.0,112.0,422.0,24.0,30.0,5.0,37.0,0.0,95.0,124.0,171.0,286.0,28.0,59.0,175.0,154.0,32.0,116.0,223.0,71.0,16.0,6.78,8.22,4.56,8.0,13.0,3.0,428.54,310.0,312.85,60.0,2.98,5.49,5.49,17.06,17.21,16.8,185.48,17.58,12.19,46.91,6.23,96.31,71.78,16.71,17.74,16.83,158.0,93.0,108.0,359.0,15.0,26.0,3.0,32.0,0.0,88.0,90.0,143.0,236.0,25.0,58.0,190.0,145.0,33.0,112.0,171.0,65.0,15.0,5.53,7.7,4.35,2.0,9.0,4.0,357.29,251.0,250.2,46.0,2.56,4.29,4.29,15.85,15.94,15.62
847662484808488484911,2025,Goodrow-Dellandrea-Graf,SJS,line,5on5,15,1620.0,131.0,0.52,0.49,0.5,13.86,1.66,1.1,3.87,0.55,6.87,4.95,1.44,1.55,1.36,12.0,7.0,11.0,30.0,0.0,4.0,0.0,2.0,0.0,7.0,6.0,12.0,19.0,0.0,0.0,12.0,13.0,1.0,8.0,14.0,2.0,3.0,0.43,0.2,1.03,0.0,0.0,0.0,29.26,19.0,18.27,6.0,0.24,1.08,1.08,0.81,0.79,0.76,14.37,1.51,1.14,3.86,0.48,7.02,5.0,1.47,1.53,1.49,13.0,6.0,12.0,31.0,0.0,3.0,0.0,2.0,0.0,8.0,6.0,13.0,19.0,3.0,6.0,12.0,14.0,1.0,7.0,10.0,8.0,1.0,0.23,0.97,0.31,0.0,0.0,0.0,30.45,19.0,18.68,7.0,0.24,0.66,0.66,1.1,1.1,1.09
848074884820558482691,2025,O'Connor-Raty-Sherwood,VAN,line,5on5,21,5095.0,161.0,0.39,0.53,0.52,46.0,2.55,2.74,12.76,1.59,25.84,18.52,2.48,2.51,2.44,35.0,29.0,24.0,88.0,2.0,3.0,0.0,9.0,0.0,27.0,23.0,33.0,62.0,9.0,18.0,57.0,68.0,4.0,18.0,59.0,3.0,2.0,1.51,0.45,0.59,2.0,0.0,0.0,88.72,64.0,64.07,9.0,0.56,0.7,0.7,2.41,2.39,2.37,43.68,3.93,3.02,10.78,1.5,22.84,16.93,3.78,3.94,3.79,35.0,24.0,18.0,77.0,2.0,6.0,1.0,7.0,0.0,25.0,19.0,33.0,57.0,5.0,10.0,34.0,35.0,6.0,28.0,43.0,12.0,4.0,1.25,1.48,1.2,1.0,0.0,1.0,76.18,59.0,58.42,15.0,0.64,1.22,1.22,3.34,3.33,3.31
84774958477932,2025,Jones-Ekblad,FLA,pairing,5on5,21,922.0,181.0,0.49,0.5,0.48,9.39,0.65,0.61,2.43,0.26,4.45,3.61,0.64,0.63,0.63,8.0,4.0,4.0,16.0,1.0,1.0,0.0,2.0,0.0,3.0,5.0,7.0,11.0,1.0,2.0,2.0,7.0,5.0,5.0,9.0,3.0,0.0,0.23,0.41,0.0,1.0,0.0,0.0,16.03,12.0,12.0,3.0,0.13,0.19,0.19,0.58,0.57,0.57,8.85,0.67,0.6,1.96,0.3,5.58,3.89,0.67,0.66,0.65,8.0,5.0,3.0,16.0,0.0,0.0,0.0,3.0,0.0,4.0,6.0,8.0,13.0,1.0,2.0,2.0,5.0,3.0,3.0,11.0,2.0,0.0,0.48,0.19,0.0,0.0,0.0,0.0,15.92,13.0,13.0,1.0,0.12,0.0,0.0,0.79,0.78,0.77
847569284774518478864,2025,Kaprizov-Hartman-Zuccarello,MIN,line,5on5,15,4748.0,88.0,0.62,0.49,0.51,42.8,4.08,2.98,9.93,1.43,22.16,17.44,3.93,4.03,3.89,37.0,21.0,16.0,74.0,2.0,4.0,1.0,5.0,0.0,29.0,18.0,35.0,56.0,8.0,16.0,34.0,26.0,6.0,26.0,38.0,18.0,2.0,1.33,2.21,0.53,1.0,0.0,1.0,74.45,58.0,58.46,8.0,0.63,0.72,0.72,3.99,3.96,3.89,37.54,2.47,2.53,9.54,1.38,22.82,16.26,2.42,2.41,2.36,35.0,20.0,22.0,77.0,1.0,3.0,0.0,7.0,0.0,24.0,20.0,34.0,54.0,8.0,16.0,48.0,28.0,5.0,23.0,49.0,5.0,1.0,1.6,0.56,0.31,1.0,0.0,0.0,76.46,55.0,54.03,17.0,0.52,0.43,0.43,2.56,2.52,2.47
847742984774568478891,2025,Copp-Compher-Appleton,DET,line,5on5,8,936.0,85.0,0.4,0.65,0.58,10.34,0.72,0.66,2.68,0.35,5.48,4.12,0.72,0.66,0.66,12.0,2.0,10.0,24.0,2.0,0.0,0.0,1.0,0.0,5.0,6.0,10.0,12.0,2.0,4.0,7.0,9.0,0.0,4.0,9.0,5.0,0.0,0.2,0.52,0.0,0.0,2.0,0.0,21.81,14.0,12.83,4.0,0.14,0.0,0.0,0.86,0.78,0.78,7.55,1.06,0.6,1.5,0.23,3.87,2.74,1.03,1.16,1.13,7.0,3.0,3.0,13.0,1.0,1.0,0.0,0.0,0.0,5.0,3.0,6.0,9.0,1.0,2.0,8.0,10.0,2.0,6.0,6.0,2.0,2.0,0.25,0.25,0.56,1.0,0.0,0.0,14.66,10.0,10.89,5.0,0.13,0.32,0.32,0.87,0.96,0.94
847637484795918482634,2025,Eyssimont-Kuraly-Steeves,BOS,line,5on5,10,774.0,102.0,0.83,0.71,0.74,10.79,1.28,0.79,2.68,0.36,5.16,3.74,1.25,1.26,1.23,10.0,4.0,8.0,22.0,1.0,3.0,0.0,1.0,0.0,7.0,2.0,9.0,13.0,0.0,0.0,5.0,7.0,1.0,4.0,10.0,1.0,3.0,0.38,0.09,0.81,0.0,0.0,1.0,21.03,14.0,13.2,2.0,0.17,0.53,0.53,0.92,0.9,0.89,3.71,0.26,0.25,1.07,0.11,1.96,1.34,0.25,0.26,0.26,3.0,2.0,4.0,9.0,0.0,0.0,0.0,1.0,0.0,1.0,3.0,3.0,5.0,2.0,4.0,6.0,7.0,0.0,1.0,3.0,2.0,0.0,0.08,0.18,0.0,0.0,0.0,0.0,9.05,5.0,5.2,0.0,0.05,0.0,0.0,0.31,0.31,0.3
847794984794208482659,2025,Doan-Thompson-Tuch,BUF,line,5on5,10,4731.0,34.0,0.52,0.54,0.5,49.3,4.24,3.39,12.27,1.54,25.35,18.21,4.09,4.14,3.98,33.0,32.0,25.0,90.0,6.0,4.0,1.0,10.0,0.0,25.0,20.0,27.0,59.0,3.0,6.0,38.0,21.0,12.0,19.0,46.0,16.0,3.0,1.36,2.11,0.78,2.0,2.0,2.0,87.37,65.0,63.07,6.0,0.71,0.78,0.78,4.18,4.06,4.01,48.31,3.92,2.88,12.73,1.52,24.35,18.6,3.76,4.17,4.01,40.0,24.0,13.0,77.0,4.0,7.0,1.0,11.0,0.0,19.0,23.0,36.0,60.0,5.0,10.0,44.0,25.0,5.0,23.0,51.0,8.0,5.0,1.45,1.02,1.45,1.0,1.0,2.0,81.03,64.0,67.38,12.0,0.6,1.52,1.52,3.0,3.17,3.09
847841484794078481559,2025,Hughes-Bratt-Meier,NJD,line,5on5,13,643.0,139.0,0.41,0.48,0.3,2.34,0.26,0.14,0.48,0.06,1.23,0.83,0.26,0.29,0.29,1.0,2.0,7.0,10.0,0.0,0.0,0.0,0.0,0.0,2.0,1.0,1.0,3.0,0.0,0.0,0.0,4.0,1.0,1.0,2.0,0.0,1.0,0.05,0.0,0.21,0.0,0.0,0.0,10.31,3.0,3.19,0.0,0.03,0.0,0.0,0.29,0.32,0.32,5.03,0.38,0.32,1.03,0.14,3.07,2.06,0.38,0.39,0.39,6.0,1.0,4.0,11.0,2.0,0.0,0.0,2.0,0.0,2.0,1.0,4.0,5.0,1.0,2.0,3.0,6.0,1.0,5.0,6.0,0.0,1.0,0.16,0.0,0.23,1.0,0.0,1.0,10.93,7.0,7.02,3.0,0.07,0.0,0.0,0.45,0.46,0.46
84769178485366,2025,Pelech-Schaefer,NYI,pairing,5on5,35,1967.0,310.0,0.6,0.56,0.6,20.13,1.68,1.29,4.94,0.71,11.84,8.54,1.66,1.65,1.64,20.0,9.0,7.0,36.0,2.0,2.0,0.0,3.0,0.0,8.0,14.0,18.0,27.0,2.0,4.0,2.0,7.0,1.0,7.0,24.0,4.0,1.0,0.78,0.52,0.38,1.0,1.0,0.0,35.13,29.0,28.27,3.0,0.26,0.46,0.46,1.48,1.44,1.43,13.69,1.12,0.89,3.1,0.47,7.61,5.81,1.09,1.18,1.15,10.0,9.0,9.0,28.0,1.0,1.0,0.0,1.0,0.0,7.0,9.0,9.0,18.0,4.0,10.0,3.0,15.0,3.0,7.0,13.0,6.0,0.0,0.38,0.73,0.0,1.0,0.0,0.0,28.84,19.0,19.56,3.0,0.18,0.16,0.16,1.14,1.18,1.18
847963884834878485414,2025,Brazeau-Kindel-Mcgroarty,PIT,line,5on5,6,1729.0,40.0,0.32,0.44,0.43,12.99,0.82,0.97,3.42,0.42,7.99,5.38,0.8,0.81,0.79,9.0,10.0,8.0,27.0,3.0,1.0,0.0,2.0,0.0,7.0,6.0,6.0,16.0,2.0,4.0,10.0,11.0,0.0,8.0,17.0,1.0,1.0,0.48,0.1,0.24,3.0,0.0,0.0,26.59,19.0,18.86,3.0,0.2,0.01,0.01,1.01,1.0,0.97,18.02,1.78,1.44,4.34,0.64,9.58,7.22,1.76,1.87,1.84,14.0,11.0,10.0,35.0,2.0,1.0,0.0,5.0,0.0,10.0,7.0,12.0,23.0,0.0,0.0,15.0,5.0,2.0,4.0,16.0,7.0,2.0,0.48,0.85,0.44,1.0,1.0,0.0,35.34,25.0,25.55,2.0,0.3,0.23,0.23,1.86,1.96,1.95
84757558478476,2025,Capobianco-Petrovic,DAL,pairing,5on5,18,4819.0,91.0,0.5,0.45,0.48,34.55,2.75,2.27,8.2,1.1,19.61,14.07,2.7,2.74,2.69,35.0,13.0,15.0,63.0,4.0,2.0,1.0,5.0,0.0,16.0,21.0,31.0,44.0,4.0,8.0,35.0,29.0,8.0,24.0,39.0,8.0,1.0,1.45,0.97,0.33,2.0,2.0,0.0,64.34,48.0,48.95,10.0,0.46,0.46,0.46,2.75,2.75,2.72,37.04,2.75,2.36,9.71,1.39,19.74,15.05,2.69,2.82,2.75,36.0,15.0,25.0,76.0,2.0,7.0,1.0,3.0,0.0,21.0,18.0,34.0,49.0,8.0,16.0,32.0,35.0,6.0,22.0,39.0,10.0,2.0,1.29,1.05,0.42,1.0,0.0,1.0,76.3,51.0,51.53,7.0,0.48,0.73,0.73,2.51,2.52,2.49
84804268483398,2025,Carlile-D'Astous,TBL,pairing,5on5,13,1094.0,97.0,0.38,0.4,0.33,4.34,0.46,0.28,1.07,0.14,2.3,1.76,0.45,0.48,0.48,5.0,1.0,6.0,12.0,1.0,0.0,0.0,0.0,0.0,3.0,2.0,4.0,5.0,2.0,4.0,5.0,4.0,0.0,4.0,4.0,2.0,0.0,0.15,0.31,0.0,1.0,0.0,0.0,12.77,6.0,6.23,1.0,0.06,0.0,0.0,0.51,0.54,0.53,8.9,0.76,0.51,2.14,0.28,4.75,3.56,0.76,0.78,0.78,8.0,4.0,6.0,18.0,0.0,0.0,0.0,3.0,0.0,4.0,5.0,8.0,12.0,1.0,2.0,4.0,8.0,1.0,3.0,9.0,3.0,0.0,0.33,0.43,0.0,0.0,0.0,0.0,18.16,12.0,12.26,2.0,0.1,0.0,0.0,0.86,0.88,0.88
847629284764748477996,2025,Palat-Lammikko-Noesen,NJD,line,5on5,3,760.0,24.0,0.76,0.64,0.65,7.93,0.75,0.52,2.12,0.28,4.09,3.24,0.74,0.82,0.81,8.0,3.0,3.0,14.0,0.0,2.0,0.0,2.0,0.0,4.0,3.0,8.0,11.0,1.0,2.0,7.0,3.0,1.0,3.0,9.0,0.0,2.0,0.19,0.0,0.57,0.0,0.0,0.0,15.3,11.0,11.98,1.0,0.11,0.57,0.57,0.29,0.32,0.32,4.06,0.24,0.25,1.01,0.13,2.57,1.8,0.23,0.24,0.23,2.0,4.0,2.0,8.0,0.0,0.0,0.0,1.0,0.0,1.0,4.0,2.0,6.0,0.0,0.0,4.0,7.0,2.0,2.0,5.0,1.0,0.0,0.14,0.1,0.0,0.0,0.0,0.0,8.16,6.0,5.97,0.0,0.05,0.0,0.0,0.29,0.29,0.28
84793988480069,2025,Girard-Makar,COL,pairing,5on5,23,1333.0,177.0,0.43,0.5,0.41,12.08,0.84,0.75,3.23,0.43,6.63,5.13,0.83,0.87,0.86,12.0,5.0,9.0,26.0,2.0,1.0,1.0,1.0,0.0,6.0,7.0,10.0,15.0,1.0,2.0,10.0,6.0,1.0,4.0,15.0,2.0,0.0,0.57,0.26,0.0,0.0,2.0,0.0,27.51,17.0,17.9,2.0,0.15,0.08,0.08,0.9,0.93,0.93,17.19,1.09,1.21,4.59,0.56,9.66,6.89,1.09,1.06,1.05,19.0,5.0,2.0,26.0,1.0,2.0,0.0,3.0,0.0,8.0,10.0,18.0,23.0,2.0,4.0,9.0,9.0,1.0,5.0,19.0,4.0,1.0,0.4,0.48,0.2,1.0,0.0,0.0,24.66,24.0,22.72,5.0,0.26,0.2,0.2,1.15,1.1,1.1
84778458480873,2025,Sandin-Van Riemsdyk,WSH,pairing,5on5,24,11909.0,96.0,0.59,0.45,0.48,91.66,9.16,6.27,21.12,3.09,47.83,36.54,8.91,9.16,8.91,71.0,53.0,42.0,166.0,6.0,12.0,2.0,7.0,0.0,38.0,61.0,65.0,118.0,7.0,19.0,95.0,57.0,19.0,42.0,80.0,37.0,7.0,2.56,4.71,1.89,2.0,3.0,1.0,165.36,124.0,123.76,18.0,1.31,2.62,2.62,7.85,7.82,7.7,97.7,6.31,5.59,25.04,3.28,51.33,40.45,6.2,6.28,6.16,89.0,43.0,68.0,200.0,8.0,4.0,0.0,18.0,0.0,52.0,50.0,81.0,124.0,8.0,19.0,85.0,87.0,17.0,58.0,109.0,20.0,3.0,3.03,2.61,0.67,7.0,1.0,0.0,201.02,132.0,132.27,35.0,1.15,0.54,0.54,6.93,6.9,6.81
847062184815328483808,2025,Kuzmenko-Turcotte-Perry,LAK,line,5on5,11,1141.0,113.0,0.37,0.35,0.35,7.25,0.62,0.54,1.6,0.29,4.73,3.21,0.6,0.64,0.62,9.0,2.0,3.0,14.0,1.0,2.0,1.0,0.0,0.0,1.0,7.0,8.0,10.0,3.0,6.0,7.0,5.0,0.0,2.0,9.0,2.0,0.0,0.34,0.28,0.0,0.0,1.0,0.0,14.52,11.0,11.56,1.0,0.11,0.19,0.19,0.54,0.55,0.55,14.25,1.04,0.88,3.6,0.46,8.38,5.63,0.98,1.01,0.95,15.0,5.0,6.0,26.0,1.0,2.0,0.0,2.0,0.0,7.0,8.0,14.0,19.0,0.0,0.0,1.0,9.0,0.0,5.0,17.0,1.0,2.0,0.44,0.15,0.44,0.0,1.0,0.0,25.49,20.0,19.71,2.0,0.18,0.44,0.44,0.77,0.76,0.74
847518484757988478873,2025,Kreider-Granlund-Terry,ANA,line,5on5,6,1134.0,65.0,0.71,0.7,0.7,11.03,0.88,0.74,2.84,0.39,6.55,4.61,0.84,0.83,0.8,12.0,4.0,5.0,21.0,1.0,2.0,0.0,2.0,0.0,7.0,4.0,11.0,15.0,1.0,2.0,15.0,4.0,2.0,10.0,13.0,2.0,1.0,0.44,0.21,0.22,1.0,0.0,0.0,19.58,16.0,15.28,5.0,0.15,0.29,0.41,0.62,0.59,0.58,5.45,0.35,0.32,1.2,0.16,2.96,2.03,0.35,0.37,0.36,4.0,3.0,2.0,9.0,1.0,0.0,0.0,0.0,0.0,4.0,2.0,3.0,6.0,1.0,2.0,9.0,6.0,1.0,5.0,6.0,1.0,0.0,0.24,0.11,0.0,1.0,0.0,0.0,9.66,7.0,7.32,1.0,0.07,0.0,0.0,0.42,0.44,0.43
847794984826598483500,2025,Doan-Ostlund-Tuch,BUF,line,5on5,8,1709.0,75.0,0.76,0.66,0.65,19.23,1.85,1.5,4.87,0.64,10.2,6.95,1.83,1.87,1.86,20.0,6.0,11.0,37.0,1.0,2.0,1.0,10.0,0.0,5.0,8.0,19.0,25.0,2.0,7.0,10.0,4.0,2.0,8.0,19.0,5.0,2.0,0.68,0.59,0.58,1.0,0.0,0.0,37.8,26.0,26.18,6.0,0.32,0.41,0.41,1.76,1.78,1.78,10.39,0.59,0.6,2.37,0.33,5.64,4.47,0.59,0.6,0.6,10.0,4.0,5.0,19.0,2.0,0.0,0.0,2.0,0.0,6.0,4.0,8.0,12.0,1.0,2.0,15.0,14.0,3.0,5.0,11.0,3.0,0.0,0.28,0.32,0.0,0.0,2.0,0.0,19.57,14.0,14.37,2.0,0.12,0.0,0.0,0.72,0.73,0.72
84764298476917,2025,Pelech-Mayfield,NYI,pairing,5on5,37,3882.0,248.0,0.7,0.54,0.58,34.59,3.95,2.21,8.41,1.17,18.07,13.19,3.53,3.86,3.45,26.0,21.0,15.0,62.0,2.0,7.0,2.0,4.0,0.0,12.0,22.0,24.0,45.0,7.0,14.0,16.0,26.0,4.0,14.0,37.0,3.0,7.0,1.3,0.35,2.31,0.0,1.0,1.0,60.37,47.0,45.72,8.0,0.46,2.02,2.02,2.39,2.32,2.26,24.67,1.72,1.38,6.82,0.86,13.13,10.09,1.68,1.8,1.76,20.0,14.0,18.0,52.0,1.0,4.0,0.0,2.0,0.0,12.0,15.0,19.0,33.0,2.0,4.0,27.0,21.0,7.0,13.0,28.0,5.0,1.0,0.78,0.6,0.33,1.0,0.0,0.0,52.39,34.0,34.27,7.0,0.28,0.49,0.49,1.51,1.57,1.54
847931684800038480021,2025,Boqvist-Kunin-Studnicka,FLA,line,5on5,5,1413.0,21.0,0.67,0.63,0.61,13.57,1.2,0.82,3.49,0.41,6.42,4.66,1.14,1.14,1.08,13.0,4.0,10.0,27.0,0.0,1.0,0.0,6.0,0.0,4.0,6.0,13.0,17.0,1.0,2.0,19.0,19.0,1.0,4.0,12.0,3.0,2.0,0.35,0.36,0.49,0.0,0.0,0.0,25.81,17.0,16.27,3.0,0.17,0.29,0.29,1.08,1.03,1.02,7.55,0.59,0.53,1.87,0.32,4.25,3.44,0.59,0.64,0.64,5.0,6.0,5.0,16.0,0.0,0.0,0.0,1.0,0.0,8.0,2.0,5.0,11.0,3.0,6.0,11.0,10.0,2.0,3.0,9.0,1.0,1.0,0.24,0.14,0.21,0.0,0.0,0.0,17.5,11.0,11.85,1.0,0.11,0.0,0.0,0.71,0.76,0.76
848002384820778483516,2025,Holloway-Thomas-Snuggerud,STL,line,5on5,10,997.0,132.0,0.57,0.74,0.67,9.83,0.66,0.64,2.79,0.41,5.62,3.88,0.63,0.66,0.64,10.0,4.0,9.0,23.0,2.0,2.0,1.0,0.0,0.0,6.0,4.0,8.0,12.0,1.0,2.0,9.0,4.0,1.0,2.0,12.0,1.0,1.0,0.31,0.1,0.25,2.0,0.0,0.0,23.5,14.0,14.2,1.0,0.13,0.32,0.32,0.47,0.47,0.46,4.7,0.49,0.34,0.99,0.16,2.92,2.09,0.49,0.48,0.47,6.0,1.0,1.0,8.0,0.0,0.0,0.0,1.0,0.0,0.0,6.0,6.0,7.0,0.0,0.0,3.0,6.0,2.0,7.0,6.0,1.0,0.0,0.3,0.19,0.0,0.0,0.0,0.0,8.04,7.0,7.01,4.0,0.07,0.0,0.0,0.56,0.55,0.55
847750884793658484529,2025,Clattenburg-Lazar-Frederic,EDM,line,5on5,3,762.0,14.0,0.69,0.32,0.39,5.38,0.66,0.43,1.41,0.18,2.66,1.67,0.64,0.69,0.68,4.0,3.0,1.0,8.0,0.0,2.0,0.0,1.0,0.0,1.0,3.0,4.0,7.0,3.0,9.0,4.0,13.0,1.0,4.0,5.0,0.0,2.0,0.12,0.0,0.53,0.0,0.0,0.0,8.53,7.0,7.39,2.0,0.09,0.53,0.53,0.22,0.22,0.22,7.93,0.3,0.45,2.26,0.26,4.45,3.29,0.3,0.29,0.29,8.0,3.0,6.0,17.0,0.0,1.0,0.0,3.0,0.0,5.0,2.0,8.0,11.0,3.0,11.0,4.0,9.0,1.0,4.0,11.0,0.0,0.0,0.3,0.0,0.0,0.0,0.0,0.0,16.39,11.0,10.79,2.0,0.09,0.04,0.04,0.34,0.34,0.34
84769238478460,2025,Werenski-Severson,CBJ,pairing,5on5,31,2392.0,219.0,0.65,0.68,0.69,31.32,2.35,2.1,7.63,0.99,17.52,12.4,2.31,2.37,2.33,33.0,10.0,22.0,65.0,1.0,1.0,0.0,10.0,0.0,17.0,14.0,32.0,42.0,4.0,8.0,21.0,18.0,2.0,13.0,34.0,8.0,1.0,1.01,1.01,0.33,1.0,0.0,0.0,65.16,43.0,43.23,5.0,0.44,0.33,0.48,2.31,2.36,2.34,14.44,1.27,0.97,3.38,0.46,7.03,5.9,1.21,1.27,1.2,14.0,5.0,11.0,30.0,1.0,2.0,1.0,3.0,0.0,4.0,9.0,13.0,18.0,2.0,4.0,19.0,14.0,3.0,15.0,14.0,4.0,1.0,0.39,0.61,0.28,0.0,0.0,1.0,30.5,19.0,19.3,7.0,0.2,0.46,0.46,1.01,1.01,0.99
84757648481598,2025,Broberg-Fowler,STL,pairing,5on5,30,1669.0,240.0,0.65,0.64,0.68,19.16,1.6,1.19,4.68,0.59,9.37,7.58,1.57,1.59,1.56,17.0,8.0,7.0,32.0,3.0,4.0,1.0,3.0,0.0,5.0,10.0,14.0,22.0,0.0,0.0,0.0,7.0,0.0,9.0,17.0,6.0,2.0,0.46,0.58,0.55,2.0,1.0,0.0,31.94,25.0,25.0,3.0,0.25,0.71,0.71,1.13,1.14,1.13,9.11,0.85,0.61,2.19,0.29,4.56,3.49,0.8,0.92,0.86,7.0,5.0,6.0,18.0,1.0,2.0,0.0,2.0,0.0,0.0,7.0,6.0,11.0,2.0,4.0,1.0,8.0,2.0,9.0,9.0,2.0,1.0,0.32,0.28,0.26,1.0,0.0,0.0,18.39,12.0,12.27,1.0,0.13,0.4,0.4,0.58,0.59,0.59
847791984817898482751,2025,Kartye-Gaudreau-Winterton,SEA,line,5on5,12,3239.0,69.0,0.43,0.56,0.56,22.86,1.29,1.49,5.78,0.76,13.32,9.35,1.28,1.25,1.25,19.0,13.0,18.0,50.0,2.0,2.0,0.0,6.0,0.0,11.0,11.0,17.0,30.0,5.0,15.0,15.0,30.0,6.0,15.0,28.0,3.0,1.0,0.78,0.28,0.23,1.0,0.0,1.0,47.97,32.0,31.03,8.0,0.3,0.13,0.13,1.47,1.42,1.42,18.59,1.73,1.38,4.5,0.62,9.71,7.06,1.71,1.81,1.79,16.0,9.0,15.0,40.0,2.0,1.0,0.0,3.0,0.0,9.0,10.0,14.0,23.0,4.0,11.0,26.0,21.0,5.0,12.0,15.0,9.0,1.0,0.3,1.14,0.29,1.0,1.0,0.0,41.55,25.0,25.95,6.0,0.29,0.29,0.29,1.73,1.81,1.79
84741518478178,2025,Mcdonagh-Raddysh,TBL,pairing,5on5,8,751.0,52.0,0.54,0.5,0.48,9.56,0.51,0.55,2.43,0.3,5.14,4.07,0.5,0.49,0.49,6.0,7.0,4.0,17.0,1.0,1.0,0.0,1.0,0.0,6.0,4.0,5.0,12.0,0.0,0.0,1.0,4.0,0.0,2.0,12.0,1.0,0.0,0.4,0.1,0.0,1.0,0.0,0.0,16.76,13.0,12.72,1.0,0.11,0.02,0.02,0.6,0.58,0.58,10.42,0.44,0.51,2.51,0.31,5.39,4.85,0.44,0.47,0.47,7.0,7.0,3.0,17.0,1.0,0.0,0.0,2.0,1.0,4.0,6.0,6.0,13.0,1.0,2.0,1.0,7.0,0.0,2.0,12.0,2.0,0.0,0.17,0.27,0.0,0.0,1.0,0.0,17.79,14.0,14.67,2.0,0.1,0.0,0.0,0.54,0.57,0.57
847841484794078480002,2025,Bratt-Hischier-Meier,NJD,line,5on5,19,8683.0,90.0,0.58,0.57,0.56,95.49,8.57,6.31,25.2,3.17,49.15,35.59,8.19,8.48,8.11,84.0,44.0,54.0,182.0,8.0,11.0,0.0,18.0,0.0,51.0,40.0,76.0,120.0,5.0,10.0,98.0,49.0,14.0,54.0,93.0,23.0,12.0,2.71,3.03,2.83,4.0,2.0,2.0,178.31,128.0,126.32,25.0,1.33,1.89,1.89,8.01,7.94,7.78,75.75,6.18,4.74,18.59,2.46,39.09,30.94,5.95,6.21,5.99,70.0,32.0,35.0,137.0,9.0,8.0,2.0,17.0,0.0,34.0,34.0,61.0,93.0,7.0,14.0,81.0,47.0,19.0,39.0,78.0,18.0,6.0,2.4,2.22,1.56,4.0,2.0,3.0,136.57,102.0,101.88,15.0,1.0,1.43,1.43,5.75,5.82,5.69
848104384834718484135,2025,Koepke-Ford-Lambert,WPG,line,5on5,2,799.0,8.0,0.17,0.21,0.19,3.07,0.28,0.24,0.67,0.08,1.67,1.07,0.28,0.29,0.29,3.0,1.0,2.0,6.0,1.0,0.0,0.0,0.0,0.0,0.0,3.0,2.0,3.0,3.0,6.0,3.0,13.0,2.0,3.0,3.0,1.0,0.0,0.12,0.16,0.0,0.0,1.0,0.0,6.52,4.0,4.2,1.0,0.05,0.0,0.0,0.33,0.34,0.34,12.62,1.38,0.9,3.53,0.51,6.24,4.44,1.07,1.35,1.05,11.0,6.0,5.0,22.0,0.0,2.0,0.0,3.0,0.0,6.0,6.0,11.0,17.0,0.0,0.0,6.0,4.0,1.0,1.0,12.0,3.0,2.0,0.33,0.5,0.55,0.0,0.0,0.0,20.46,17.0,16.34,1.0,0.19,0.39,0.39,1.18,1.16,0.9
84764228482100,2025,Nikishin-Reilly,CAR,pairing,5on5,18,5034.0,121.0,0.65,0.67,0.63,51.76,3.45,3.33,14.46,1.88,28.79,21.11,3.42,3.41,3.38,37.0,36.0,37.0,110.0,2.0,4.0,0.0,10.0,1.0,18.0,38.0,35.0,71.0,7.0,14.0,39.0,27.0,9.0,17.0,58.0,12.0,3.0,1.5,1.32,0.63,1.0,0.0,1.0,107.62,73.0,71.78,6.0,0.69,0.2,0.19,3.95,3.9,3.87,29.97,1.84,1.91,7.23,1.01,17.42,12.6,1.83,1.84,1.83,30.0,12.0,13.0,55.0,2.0,1.0,0.0,8.0,0.0,14.0,17.0,28.0,40.0,2.0,4.0,40.0,49.0,5.0,24.0,36.0,6.0,0.0,1.18,0.66,0.0,1.0,1.0,0.0,56.29,42.0,42.68,11.0,0.39,0.01,0.01,2.22,2.23,2.21
847749484784458482476,2025,Drouin-Barzal-Heineman,NYI,line,5on5,19,2476.0,213.0,0.57,0.56,0.58,25.08,2.75,1.61,6.54,0.89,12.69,9.52,2.55,2.73,2.53,19.0,15.0,16.0,50.0,2.0,5.0,0.0,3.0,0.0,10.0,14.0,17.0,32.0,2.0,4.0,17.0,10.0,0.0,13.0,24.0,6.0,4.0,0.63,0.8,1.32,2.0,0.0,0.0,50.96,34.0,34.82,7.0,0.34,1.06,1.05,2.04,2.01,1.98,19.37,2.06,1.33,4.99,0.64,9.44,6.54,2.01,2.03,1.97,14.0,11.0,14.0,39.0,1.0,3.0,0.0,2.0,0.0,11.0,8.0,13.0,24.0,6.0,12.0,15.0,7.0,2.0,15.0,15.0,7.0,3.0,0.46,0.87,0.73,0.0,1.0,0.0,38.42,25.0,24.71,5.0,0.28,0.56,0.56,1.78,1.75,1.74
847646184784398480015,2025,Konecny-Couturier-Tippett,PHI,line,5on5,11,3278.0,83.0,0.59,0.55,0.56,32.6,2.41,2.11,8.35,1.11,18.28,12.73,2.37,2.35,2.31,32.0,13.0,12.0,57.0,2.0,2.0,0.0,8.0,0.0,15.0,18.0,30.0,43.0,5.0,13.0,39.0,19.0,3.0,22.0,38.0,4.0,3.0,1.01,0.55,0.85,1.0,0.0,1.0,56.13,45.0,44.24,4.0,0.44,0.4,0.4,2.45,2.4,2.37,26.06,1.67,1.54,7.12,0.89,13.86,9.92,1.64,1.73,1.7,22.0,13.0,12.0,47.0,3.0,3.0,0.0,5.0,0.0,9.0,15.0,19.0,32.0,4.0,11.0,26.0,9.0,5.0,20.0,30.0,4.0,1.0,0.91,0.45,0.31,2.0,1.0,0.0,48.15,35.0,36.22,8.0,0.32,0.48,0.48,1.51,1.58,1.55
847645984764688482157,2025,Cuylle-Miller-Zibanejad,NYR,line,5on5,9,2829.0,51.0,0.58,0.41,0.44,19.3,1.86,1.35,5.25,0.69,10.79,7.05,1.82,1.86,1.81,15.0,12.0,11.0,38.0,0.0,3.0,0.0,8.0,0.0,10.0,6.0,15.0,27.0,5.0,10.0,31.0,31.0,4.0,15.0,20.0,5.0,2.0,0.64,0.62,0.6,0.0,0.0,0.0,37.7,27.0,26.84,7.0,0.29,0.71,0.71,1.44,1.45,1.42,25.11,1.34,1.64,6.58,0.79,13.83,9.82,1.25,1.36,1.26,22.0,12.0,20.0,54.0,1.0,2.0,0.0,4.0,0.0,15.0,12.0,21.0,33.0,2.0,4.0,23.0,18.0,4.0,14.0,30.0,4.0,0.0,0.88,0.46,0.0,1.0,0.0,0.0,54.84,34.0,34.3,7.0,0.34,0.2,0.2,1.48,1.5,1.39
847645584774928477501,2025,Mackinnon-Landeskog-Nichushkin,COL,line,5on5,10,1024.0,91.0,0.67,0.76,0.79,15.45,1.43,1.23,3.68,0.53,9.07,6.07,1.38,1.48,1.44,13.0,9.0,6.0,28.0,0.0,3.0,0.0,3.0,0.0,8.0,8.0,13.0,22.0,0.0,0.0,8.0,4.0,2.0,4.0,16.0,5.0,1.0,0.51,0.64,0.28,0.0,0.0,0.0,29.76,22.0,23.46,3.0,0.25,0.55,0.55,1.13,1.17,1.16,4.78,0.71,0.32,1.11,0.13,2.15,1.58,0.69,0.72,0.69,4.0,2.0,3.0,9.0,1.0,1.0,0.0,0.0,0.0,2.0,2.0,3.0,5.0,3.0,6.0,6.0,2.0,0.0,5.0,4.0,0.0,2.0,0.1,0.0,0.62,0.0,0.0,1.0,8.79,6.0,5.87,2.0,0.07,0.38,0.38,0.4,0.4,0.4
84747168476463,2025,Brodin-Spurgeon,MIN,pairing,5on5,31,9166.0,181.0,0.54,0.48,0.51,74.74,5.39,4.99,19.12,2.63,41.55,30.32,4.99,5.5,5.06,60.0,44.0,33.0,137.0,6.0,5.0,0.0,12.0,0.0,41.0,40.0,54.0,98.0,11.0,22.0,64.0,51.0,16.0,37.0,82.0,16.0,6.0,2.11,1.89,1.39,3.0,2.0,1.0,140.34,104.0,106.16,18.0,1.04,0.77,0.77,5.67,5.73,5.49,70.52,4.65,4.8,18.77,2.42,39.74,28.61,4.55,4.68,4.58,58.0,41.0,49.0,148.0,2.0,7.0,0.0,14.0,0.0,39.0,37.0,56.0,97.0,8.0,16.0,73.0,65.0,6.0,46.0,84.0,12.0,3.0,2.33,1.54,0.79,2.0,0.0,0.0,148.35,99.0,98.84,21.0,1.0,0.78,0.78,4.87,4.84,4.77
84779868478407,2025,Dunn-Montour,SEA,pairing,5on5,25,1885.0,187.0,0.58,0.52,0.48,14.6,1.03,0.87,3.82,0.46,7.82,6.0,1.01,1.01,0.99,13.0,7.0,12.0,32.0,0.0,1.0,0.0,3.0,0.0,7.0,9.0,13.0,20.0,0.0,0.0,13.0,7.0,1.0,12.0,18.0,0.0,2.0,0.52,0.0,0.51,0.0,0.0,0.0,31.07,20.0,19.39,6.0,0.18,0.28,0.28,0.94,0.91,0.9,16.03,0.75,0.93,4.34,0.52,8.98,6.48,0.74,0.8,0.78,16.0,6.0,7.0,29.0,1.0,1.0,1.0,4.0,0.0,5.0,11.0,15.0,21.0,5.0,10.0,16.0,6.0,5.0,8.0,19.0,3.0,0.0,0.44,0.31,0.0,0.0,1.0,0.0,30.98,22.0,23.55,2.0,0.19,0.14,0.14,0.8,0.85,0.84
84808718481014,2025,Romanov-Boqvist,NYI,pairing,5on5,3,1161.0,10.0,0.27,0.38,0.29,4.82,0.41,0.35,1.04,0.2,2.79,2.22,0.4,0.41,0.41,2.0,5.0,7.0,14.0,1.0,0.0,0.0,1.0,0.0,2.0,3.0,1.0,6.0,0.0,0.0,4.0,6.0,0.0,7.0,6.0,1.0,0.0,0.27,0.14,0.0,1.0,0.0,0.0,13.7,7.0,6.92,5.0,0.07,0.0,0.0,0.48,0.48,0.48,12.28,1.13,0.91,2.89,0.42,6.98,4.68,1.04,1.11,1.02,12.0,5.0,6.0,23.0,2.0,0.0,0.0,2.0,0.0,9.0,4.0,10.0,15.0,1.0,2.0,8.0,12.0,1.0,3.0,10.0,7.0,0.0,0.27,0.86,0.0,0.0,2.0,0.0,23.28,17.0,16.73,1.0,0.19,0.0,0.0,1.32,1.29,1.19
848084884842278484911,2025,Smith-Dellandrea-Graf,SJS,line,5on5,3,608.0,28.0,0.11,0.24,0.2,2.17,0.12,0.13,0.39,0.07,1.33,0.96,0.12,0.12,0.12,1.0,2.0,1.0,4.0,0.0,0.0,0.0,0.0,0.0,1.0,2.0,1.0,3.0,1.0,2.0,4.0,4.0,1.0,4.0,2.0,1.0,0.0,0.04,0.08,0.0,0.0,0.0,0.0,3.74,3.0,2.87,1.0,0.03,0.0,0.0,0.14,0.14,0.14,8.93,0.96,0.57,1.96,0.28,4.75,3.48,0.94,0.97,0.94,9.0,3.0,1.0,13.0,2.0,1.0,0.0,1.0,0.0,5.0,3.0,7.0,10.0,1.0,2.0,4.0,1.0,0.0,2.0,8.0,2.0,2.0,0.19,0.19,0.58,0.0,1.0,1.0,13.64,12.0,12.37,0.0,0.12,0.29,0.29,0.79,0.8,0.79
847939384800038480021,2025,Gregor-Studnicka-Boqvist,FLA,line,5on5,5,1874.0,19.0,0.07,0.33,0.27,7.23,0.25,0.46,1.9,0.28,4.76,3.36,0.24,0.24,0.24,7.0,4.0,10.0,21.0,0.0,0.0,0.0,1.0,0.0,2.0,8.0,7.0,11.0,3.0,9.0,10.0,24.0,3.0,6.0,11.0,0.0,0.0,0.25,0.0,0.0,0.0,0.0,0.0,21.41,11.0,11.38,5.0,0.09,0.0,0.0,0.34,0.34,0.34,23.17,3.31,1.73,6.5,0.9,10.34,7.21,3.01,3.19,2.9,22.0,8.0,13.0,43.0,3.0,6.0,1.0,6.0,0.0,9.0,6.0,19.0,27.0,2.0,7.0,28.0,20.0,1.0,10.0,15.0,9.0,6.0,0.39,1.14,1.79,1.0,1.0,1.0,42.37,30.0,28.85,5.0,0.38,1.56,1.56,2.13,2.05,1.95
84778458480990,2025,Chisholm-Van Riemsdyk,WSH,pairing,5on5,8,4126.0,21.0,0.44,0.51,0.51,33.58,2.85,2.14,8.32,1.11,18.17,13.42,2.73,2.97,2.84,29.0,17.0,18.0,64.0,3.0,4.0,1.0,1.0,0.0,18.0,20.0,26.0,43.0,3.0,6.0,26.0,19.0,6.0,32.0,33.0,10.0,3.0,1.03,1.12,0.7,1.0,2.0,0.0,66.32,46.0,47.61,12.0,0.44,0.87,0.87,2.42,2.51,2.47,33.59,3.6,2.23,8.04,1.1,17.41,12.61,3.41,3.43,3.24,27.0,18.0,17.0,62.0,2.0,7.0,0.0,4.0,0.0,16.0,16.0,25.0,43.0,3.0,6.0,29.0,22.0,7.0,18.0,35.0,4.0,6.0,1.08,0.59,1.93,1.0,1.0,0.0,60.08,45.0,43.64,7.0,0.46,1.9,1.9,2.17,2.09,2.04
847519184784348479353,2025,Smith-Howden-Kolesar,VGK,line,5on5,6,671.0,43.0,0.45,0.41,0.46,4.67,0.55,0.29,1.17,0.14,2.27,1.58,0.52,0.52,0.5,4.0,2.0,3.0,9.0,0.0,1.0,0.0,1.0,0.0,4.0,0.0,4.0,6.0,0.0,0.0,5.0,6.0,3.0,4.0,5.0,0.0,1.0,0.25,0.0,0.3,0.0,0.0,0.0,8.56,6.0,5.77,2.0,0.06,0.3,0.3,0.31,0.3,0.29,5.18,0.66,0.39,1.02,0.16,2.66,2.11,0.62,0.7,0.66,5.0,2.0,6.0,13.0,1.0,0.0,0.0,1.0,0.0,3.0,2.0,4.0,6.0,1.0,2.0,9.0,2.0,2.0,3.0,4.0,2.0,1.0,0.13,0.21,0.31,1.0,0.0,0.0,13.89,7.0,7.54,0.0,0.08,0.0,0.0,0.74,0.79,0.75
847418984801888480245,2025,Zetterlund-Eller-Lycksell,OTT,line,5on5,3,1367.0,11.0,0.39,0.37,0.27,6.46,0.58,0.46,1.31,0.18,2.81,2.66,0.58,0.56,0.56,6.0,2.0,7.0,15.0,0.0,0.0,0.0,1.0,0.0,3.0,4.0,6.0,8.0,0.0,0.0,4.0,5.0,0.0,6.0,6.0,1.0,1.0,0.16,0.18,0.23,0.0,0.0,0.0,14.12,8.0,7.69,3.0,0.1,0.0,0.0,0.68,0.65,0.65,15.34,0.91,1.04,3.97,0.56,9.25,6.27,0.91,0.94,0.94,16.0,6.0,4.0,26.0,1.0,0.0,0.0,2.0,0.0,7.0,12.0,15.0,21.0,0.0,0.0,4.0,8.0,5.0,4.0,18.0,4.0,0.0,0.5,0.41,0.0,1.0,0.0,0.0,27.35,22.0,22.81,1.0,0.21,0.0,0.0,1.12,1.16,1.16
847121484784408481580,2025,Ovechkin-Strome-Mcmichael,WSH,line,5on5,13,3378.0,110.0,0.41,0.49,0.38,25.09,1.71,1.56,6.69,0.92,13.83,10.29,1.65,1.68,1.63,19.0,16.0,32.0,67.0,4.0,1.0,0.0,2.0,1.0,15.0,12.0,15.0,31.0,2.0,4.0,29.0,19.0,7.0,19.0,29.0,6.0,0.0,0.98,0.73,0.0,1.0,3.0,0.0,66.38,35.0,34.4,12.0,0.33,0.03,0.03,2.01,1.98,1.92,41.47,2.42,2.4,10.51,1.35,22.72,17.6,2.39,2.44,2.41,36.0,21.0,13.0,70.0,1.0,2.0,0.0,8.0,0.0,21.0,25.0,35.0,56.0,2.0,4.0,30.0,14.0,4.0,17.0,49.0,8.0,0.0,1.49,0.93,0.0,1.0,0.0,0.0,69.31,57.0,56.61,11.0,0.49,0.17,0.17,2.74,2.76,2.74
847516684815828484158,2025,Robertson-Tavares-Cowan,TOR,line,5on5,10,1295.0,112.0,0.32,0.52,0.52,12.57,0.84,0.73,3.27,0.44,6.48,5.25,0.83,0.81,0.81,12.0,5.0,9.0,26.0,0.0,1.0,0.0,2.0,0.0,7.0,7.0,12.0,17.0,1.0,2.0,7.0,9.0,2.0,8.0,14.0,3.0,0.0,0.47,0.37,0.0,0.0,0.0,0.0,25.15,17.0,16.53,3.0,0.15,0.04,0.04,0.95,0.92,0.92,12.69,1.81,0.95,2.92,0.39,5.9,4.02,1.68,1.88,1.74,13.0,3.0,8.0,24.0,1.0,4.0,0.0,3.0,0.0,3.0,5.0,12.0,15.0,1.0,2.0,6.0,2.0,0.0,5.0,9.0,4.0,3.0,0.23,0.51,1.07,1.0,0.0,0.0,23.98,16.0,15.96,2.0,0.2,1.2,1.2,0.81,0.81,0.8
847464184782338479365,2025,Mangiapane-Henrique-Frederic,EDM,line,5on5,5,807.0,62.0,0.42,0.57,0.53,6.84,0.42,0.35,2.04,0.24,3.24,2.7,0.4,0.46,0.44,7.0,2.0,8.0,17.0,0.0,2.0,0.0,1.0,0.0,5.0,1.0,7.0,9.0,0.0,0.0,4.0,8.0,0.0,6.0,8.0,1.0,0.0,0.23,0.19,0.0,0.0,0.0,0.0,17.44,9.0,9.43,4.0,0.07,0.22,0.22,0.28,0.29,0.29,5.96,0.59,0.43,1.4,0.18,3.35,2.05,0.59,0.57,0.57,5.0,3.0,5.0,13.0,2.0,0.0,0.0,1.0,0.0,1.0,4.0,3.0,6.0,0.0,0.0,7.0,1.0,4.0,4.0,6.0,2.0,0.0,0.29,0.3,0.0,1.0,1.0,0.0,12.56,8.0,7.69,2.0,0.09,0.0,0.0,0.68,0.65,0.65
847750584788748482667,2025,Eklund-Wennberg-Gaudette,SJS,line,5on5,10,2737.0,72.0,0.51,0.57,0.53,31.63,2.53,2.21,7.72,1.04,17.15,12.35,2.29,2.46,2.23,26.0,17.0,16.0,59.0,3.0,6.0,1.0,2.0,0.0,21.0,11.0,23.0,40.0,4.0,8.0,24.0,14.0,2.0,9.0,33.0,8.0,2.0,1.1,0.93,0.49,1.0,1.0,1.0,57.74,43.0,41.92,4.0,0.46,0.76,0.76,2.23,2.17,2.12,27.09,2.42,1.78,7.07,0.95,14.87,10.91,2.24,2.43,2.26,26.0,12.0,6.0,44.0,3.0,4.0,2.0,3.0,0.0,11.0,17.0,23.0,35.0,6.0,12.0,24.0,12.0,3.0,9.0,32.0,3.0,3.0,0.94,0.39,1.09,1.0,1.0,1.0,44.49,38.0,38.63,4.0,0.37,1.25,1.25,1.53,1.55,1.53
847467984757998476480,2025,Niederreiter-Namestnikov-Nyquist,WPG,line,5on5,10,3618.0,37.0,0.65,0.53,0.57,28.2,3.08,2.12,7.07,0.94,15.21,10.57,2.83,3.12,2.87,28.0,11.0,12.0,51.0,2.0,3.0,1.0,6.0,0.0,18.0,10.0,26.0,37.0,5.0,13.0,23.0,34.0,6.0,20.0,31.0,3.0,5.0,0.95,0.44,1.69,0.0,0.0,2.0,51.51,39.0,39.0,9.0,0.45,1.14,1.14,2.39,2.4,2.38,21.46,1.66,1.52,5.08,0.7,12.54,8.5,1.59,1.65,1.59,18.0,12.0,15.0,45.0,1.0,2.0,0.0,3.0,0.0,16.0,8.0,17.0,29.0,4.0,11.0,34.0,17.0,7.0,20.0,23.0,7.0,0.0,0.74,0.92,0.0,0.0,1.0,0.0,45.89,30.0,30.41,11.0,0.32,0.27,0.27,1.7,1.71,1.68
847689784784728480281,2025,Toropchenko-Sundqvist-Joseph,STL,line,5on5,6,2495.0,19.0,0.35,0.37,0.33,10.15,0.93,0.76,2.28,0.29,5.0,3.74,0.92,0.91,0.9,10.0,3.0,8.0,21.0,1.0,1.0,1.0,1.0,0.0,3.0,7.0,9.0,12.0,1.0,5.0,20.0,24.0,4.0,14.0,8.0,4.0,1.0,0.2,0.51,0.23,0.0,1.0,0.0,20.79,13.0,13.03,4.0,0.16,0.14,0.14,0.95,0.94,0.94,19.62,1.73,1.36,5.3,0.7,10.51,7.4,1.66,1.72,1.65,16.0,11.0,9.0,36.0,1.0,5.0,1.0,3.0,0.0,10.0,8.0,15.0,26.0,2.0,4.0,21.0,14.0,3.0,11.0,20.0,4.0,3.0,0.47,0.51,0.75,0.0,1.0,0.0,35.76,27.0,26.69,6.0,0.28,0.96,0.96,1.06,1.04,1.02
847572684775058480798,2025,Kurashev-Wennberg-Toffoli,SJS,line,5on5,6,1087.0,70.0,0.64,0.57,0.55,12.54,1.01,0.8,3.35,0.42,6.48,4.95,0.91,1.0,0.91,11.0,6.0,8.0,25.0,1.0,2.0,0.0,5.0,0.0,4.0,5.0,10.0,16.0,1.0,2.0,7.0,3.0,1.0,6.0,13.0,3.0,1.0,0.39,0.38,0.24,0.0,1.0,0.0,24.23,17.0,16.81,2.0,0.17,0.42,0.42,0.75,0.76,0.74,10.09,0.57,0.61,2.74,0.35,5.68,4.06,0.56,0.57,0.56,8.0,6.0,5.0,19.0,1.0,1.0,0.0,1.0,0.0,7.0,4.0,7.0,13.0,0.0,0.0,12.0,4.0,0.0,6.0,11.0,3.0,0.0,0.28,0.29,0.0,0.0,1.0,0.0,19.47,14.0,14.05,3.0,0.13,0.12,0.12,0.57,0.57,0.57
847410284820928482116,2025,Perron-Greig-Sttzle,OTT,line,5on5,5,738.0,48.0,0.57,0.52,0.62,5.97,0.24,0.29,1.51,0.18,3.35,2.41,0.24,0.26,0.26,4.0,4.0,3.0,11.0,1.0,0.0,0.0,2.0,0.0,3.0,2.0,3.0,7.0,1.0,2.0,6.0,5.0,1.0,3.0,8.0,0.0,0.0,0.24,0.0,0.0,1.0,0.0,0.0,11.57,8.0,8.48,1.0,0.06,0.0,0.0,0.3,0.32,0.32,3.42,0.18,0.21,0.83,0.12,2.12,1.53,0.18,0.17,0.17,4.0,1.0,5.0,10.0,0.0,0.0,0.0,2.0,0.0,2.0,1.0,4.0,5.0,0.0,0.0,6.0,11.0,1.0,3.0,4.0,1.0,0.0,0.07,0.11,0.0,0.0,0.0,0.0,9.58,5.0,4.89,1.0,0.04,0.0,0.0,0.23,0.22,0.21
847844484801448480748,2025,Sherwood-Kampf-Boeser,VAN,line,5on5,4,1177.0,31.0,0.29,0.49,0.53,11.79,0.44,0.63,3.13,0.4,7.23,5.17,0.44,0.47,0.46,9.0,8.0,3.0,20.0,0.0,0.0,0.0,7.0,0.0,3.0,7.0,9.0,17.0,0.0,0.0,12.0,5.0,2.0,2.0,16.0,1.0,0.0,0.36,0.09,0.0,0.0,0.0,0.0,20.6,17.0,17.45,1.0,0.13,0.0,0.0,0.57,0.6,0.59,11.84,1.08,0.8,3.61,0.42,5.48,3.61,0.98,1.05,0.95,12.0,3.0,6.0,21.0,1.0,2.0,0.0,2.0,0.0,8.0,2.0,11.0,14.0,0.0,0.0,15.0,5.0,2.0,6.0,10.0,4.0,1.0,0.31,0.55,0.22,1.0,0.0,0.0,20.48,15.0,14.85,3.0,0.17,0.41,0.41,0.85,0.83,0.8
847517284764568480797,2025,Farabee-Kadri-Huberdeau,CGY,line,5on5,11,2266.0,104.0,0.84,0.74,0.8,28.91,2.46,1.91,7.7,0.95,15.03,10.94,2.41,2.36,2.31,26.0,13.0,15.0,54.0,0.0,5.0,0.0,4.0,0.0,19.0,11.0,26.0,39.0,5.0,10.0,32.0,10.0,3.0,9.0,30.0,5.0,4.0,0.85,0.57,1.05,0.0,0.0,0.0,50.99,39.0,37.23,2.0,0.41,0.95,0.95,1.92,1.86,1.85,7.49,0.46,0.46,1.74,0.22,4.04,3.08,0.46,0.48,0.48,6.0,4.0,9.0,19.0,0.0,0.0,0.0,2.0,0.0,2.0,6.0,6.0,10.0,3.0,6.0,18.0,10.0,5.0,10.0,8.0,2.0,0.0,0.23,0.23,0.0,0.0,0.0,0.0,19.93,10.0,10.51,4.0,0.09,0.0,0.0,0.56,0.57,0.57
847517084784728482077,2025,Holloway-Schenn-Joseph,STL,line,5on5,6,2308.0,20.0,0.5,0.46,0.47,14.9,1.37,0.9,3.89,0.5,7.57,5.76,1.36,1.39,1.38,15.0,5.0,9.0,29.0,2.0,0.0,0.0,2.0,0.0,5.0,11.0,13.0,18.0,2.0,7.0,22.0,29.0,1.0,9.0,12.0,8.0,0.0,0.41,0.95,0.0,0.0,2.0,0.0,29.22,20.0,20.18,3.0,0.19,0.0,0.0,1.55,1.58,1.57,17.37,1.34,1.07,4.58,0.6,8.59,6.81,1.31,1.33,1.3,19.0,4.0,11.0,34.0,0.0,2.0,0.0,6.0,0.0,7.0,8.0,19.0,23.0,1.0,5.0,17.0,11.0,9.0,10.0,18.0,4.0,1.0,0.52,0.6,0.21,0.0,0.0,0.0,33.44,23.0,22.71,2.0,0.22,0.18,0.18,1.39,1.37,1.35
84769588480336,2025,Slavin-Walker,CAR,pairing,5on5,5,2131.0,23.0,0.69,0.69,0.67,21.4,1.81,1.32,5.64,0.73,11.56,7.94,1.66,1.78,1.64,17.0,12.0,12.0,41.0,0.0,3.0,0.0,1.0,0.0,10.0,15.0,17.0,29.0,0.0,0.0,22.0,20.0,4.0,7.0,23.0,5.0,1.0,0.79,0.62,0.4,0.0,0.0,0.0,41.18,29.0,29.34,2.0,0.27,0.67,0.67,1.42,1.42,1.41,10.73,0.8,0.69,2.72,0.31,5.33,4.15,0.79,0.8,0.8,9.0,5.0,4.0,18.0,2.0,0.0,0.0,3.0,0.0,4.0,5.0,7.0,12.0,2.0,4.0,19.0,23.0,2.0,12.0,11.0,3.0,0.0,0.39,0.41,0.0,2.0,0.0,0.0,17.68,14.0,13.72,9.0,0.15,0.0,0.0,0.95,0.95,0.94
847464184774068479365,2025,Janmark-Henrique-Frederic,EDM,line,5on5,11,2524.0,91.0,0.31,0.38,0.39,13.68,0.94,0.78,4.22,0.47,6.38,5.21,0.91,0.95,0.92,11.0,7.0,7.0,25.0,0.0,2.0,0.0,3.0,0.0,8.0,5.0,11.0,18.0,3.0,6.0,17.0,13.0,3.0,11.0,14.0,3.0,1.0,0.3,0.44,0.2,0.0,0.0,0.0,25.04,18.0,18.11,6.0,0.16,0.22,0.22,0.88,0.9,0.9,19.91,2.1,1.44,4.98,0.7,10.84,7.93,2.0,2.03,1.93,16.0,12.0,13.0,41.0,3.0,2.0,0.0,4.0,0.0,9.0,10.0,13.0,25.0,3.0,6.0,20.0,20.0,4.0,12.0,19.0,7.0,2.0,0.7,0.8,0.6,1.0,2.0,0.0,40.78,28.0,27.63,6.0,0.3,0.6,0.6,1.81,1.76,1.74
847351284820928482116,2025,Sttzle-Greig-Giroux,OTT,line,5on5,6,663.0,97.0,0.11,0.3,0.31,2.9,0.1,0.14,1.0,0.09,1.6,1.08,0.1,0.1,0.09,1.0,3.0,2.0,6.0,0.0,0.0,0.0,0.0,0.0,2.0,2.0,1.0,4.0,0.0,0.0,3.0,4.0,1.0,7.0,4.0,0.0,0.0,0.1,0.0,0.0,0.0,0.0,0.0,5.93,4.0,3.96,1.0,0.03,0.0,0.0,0.13,0.12,0.12,7.09,0.77,0.56,1.58,0.28,3.42,2.39,0.72,0.8,0.76,8.0,1.0,5.0,14.0,2.0,3.0,1.0,2.0,0.0,2.0,0.0,6.0,7.0,0.0,0.0,4.0,4.0,2.0,5.0,5.0,3.0,1.0,0.22,0.34,0.2,0.0,2.0,0.0,14.62,9.0,9.36,3.0,0.12,0.37,0.37,0.51,0.54,0.53
84784688480727,2025,Lauzon-Whitecloud,VGK,pairing,5on5,22,6121.0,99.0,0.4,0.4,0.39,39.55,3.0,2.6,9.73,1.34,21.33,15.99,2.87,2.99,2.84,34.0,20.0,26.0,80.0,4.0,2.0,0.0,8.0,0.0,24.0,16.0,30.0,50.0,9.0,21.0,40.0,64.0,10.0,33.0,43.0,8.0,3.0,1.09,1.11,0.81,1.0,2.0,1.0,77.56,54.0,52.89,15.0,0.54,0.35,0.35,3.2,3.16,3.06,59.65,4.44,3.99,15.46,2.06,34.51,24.55,4.37,4.59,4.52,49.0,36.0,33.0,118.0,8.0,3.0,1.0,14.0,0.0,36.0,24.0,41.0,77.0,8.0,19.0,46.0,50.0,6.0,22.0,71.0,10.0,4.0,2.08,1.27,1.09,6.0,1.0,1.0,123.65,85.0,88.11,11.0,0.82,0.78,0.78,4.49,4.67,4.62
847688284834938484197,2025,Moore-Nazar-Teravainen,CHI,line,5on5,6,2721.0,14.0,0.43,0.47,0.52,26.75,1.76,1.66,7.0,0.88,15.31,10.38,1.67,1.71,1.62,25.0,12.0,6.0,43.0,2.0,3.0,0.0,9.0,1.0,13.0,9.0,23.0,35.0,3.0,6.0,29.0,11.0,4.0,18.0,29.0,5.0,3.0,0.56,0.54,0.65,0.0,1.0,1.0,42.79,37.0,36.77,10.0,0.34,0.47,0.47,1.64,1.59,1.57,25.59,2.34,1.75,6.6,0.89,12.83,9.58,2.28,2.43,2.36,22.0,12.0,14.0,48.0,3.0,3.0,0.0,4.0,0.0,11.0,13.0,19.0,31.0,3.0,6.0,31.0,29.0,3.0,9.0,24.0,7.0,3.0,0.72,0.82,0.81,0.0,3.0,0.0,49.2,34.0,34.49,6.0,0.37,0.79,0.79,1.93,2.0,1.98
847793484816178483512,2025,Savoie-Draisaitl-Podkolzin,EDM,line,5on5,14,6081.0,62.0,0.58,0.53,0.56,59.69,5.5,3.95,14.1,2.1,32.63,24.72,5.27,5.67,5.44,55.0,28.0,14.0,97.0,6.0,9.0,1.0,13.0,0.0,32.0,23.0,49.0,77.0,6.0,12.0,61.0,34.0,12.0,39.0,59.0,17.0,7.0,1.81,1.97,1.72,2.0,3.0,1.0,101.71,83.0,85.83,12.0,0.82,1.64,1.64,4.67,4.8,4.71,47.65,3.95,3.24,11.83,1.59,24.95,19.44,3.9,3.89,3.85,39.0,26.0,22.0,87.0,1.0,3.0,0.0,10.0,0.0,26.0,25.0,38.0,64.0,6.0,12.0,39.0,43.0,12.0,33.0,50.0,13.0,2.0,1.69,1.73,0.52,0.0,1.0,0.0,84.17,65.0,63.74,18.0,0.68,0.4,0.4,4.23,4.17,4.15
84757558480878,2025,Lundkvist-Petrovic,DAL,pairing,5on5,9,994.0,79.0,0.47,0.4,0.39,6.49,0.6,0.44,1.53,0.2,3.6,2.63,0.6,0.58,0.58,7.0,2.0,5.0,14.0,2.0,0.0,0.0,0.0,0.0,2.0,5.0,5.0,7.0,2.0,4.0,6.0,2.0,0.0,5.0,5.0,4.0,0.0,0.1,0.5,0.0,0.0,2.0,0.0,14.5,9.0,9.08,4.0,0.09,0.0,0.0,0.68,0.66,0.66,9.69,0.66,0.57,2.31,0.31,5.97,4.18,0.65,0.66,0.64,9.0,5.0,7.0,21.0,0.0,0.0,0.0,4.0,0.0,6.0,4.0,9.0,14.0,0.0,0.0,10.0,8.0,2.0,4.0,11.0,3.0,0.0,0.38,0.28,0.0,0.0,0.0,0.0,20.96,14.0,13.97,2.0,0.12,0.0,0.0,0.78,0.78,0.76
84784608479371,2025,Werenski-Fabbro,CBJ,pairing,5on5,31,6198.0,194.0,0.51,0.5,0.48,66.44,5.63,4.43,16.83,2.14,34.34,25.63,5.47,5.6,5.45,58.0,31.0,43.0,132.0,8.0,7.0,0.0,16.0,0.0,30.0,28.0,50.0,81.0,5.0,10.0,48.0,38.0,5.0,28.0,67.0,14.0,8.0,1.97,1.74,1.91,2.0,5.0,1.0,130.57,89.0,88.72,12.0,0.93,1.46,1.69,4.87,4.89,4.83,69.58,5.34,4.54,18.35,2.37,37.91,27.49,5.21,5.31,5.18,64.0,32.0,36.0,132.0,5.0,9.0,1.0,16.0,0.0,31.0,35.0,59.0,91.0,10.0,22.0,48.0,30.0,12.0,29.0,73.0,19.0,4.0,2.2,2.16,0.99,3.0,1.0,1.0,133.01,96.0,95.84,10.0,0.94,1.04,1.04,5.25,5.24,5.14
84800358482511,2025,Lohrei-Jokiharju,BOS,pairing,5on5,18,2425.0,137.0,0.19,0.38,0.33,12.7,0.54,0.7,3.05,0.37,6.99,5.35,0.54,0.54,0.54,10.0,7.0,11.0,28.0,1.0,0.0,0.0,4.0,0.0,7.0,5.0,9.0,16.0,4.0,11.0,8.0,14.0,4.0,6.0,15.0,2.0,0.0,0.32,0.22,0.0,0.0,1.0,0.0,27.83,17.0,17.05,5.0,0.14,0.0,0.0,0.68,0.68,0.68,25.73,2.38,1.65,6.28,0.87,13.02,9.8,2.26,2.36,2.24,22.0,12.0,11.0,45.0,1.0,5.0,0.0,5.0,0.0,9.0,14.0,21.0,33.0,3.0,9.0,18.0,22.0,5.0,9.0,25.0,6.0,3.0,0.84,0.82,0.72,1.0,0.0,0.0,44.87,34.0,33.98,2.0,0.34,0.85,0.85,1.86,1.83,1.79
848084984821758482699,2025,Guenther-Hayton-Peterka,UTA,line,5on5,8,2002.0,64.0,0.54,0.56,0.53,19.54,2.07,1.41,4.82,0.63,9.38,6.69,1.92,2.1,1.95,19.0,6.0,9.0,34.0,0.0,3.0,0.0,2.0,0.0,6.0,14.0,19.0,25.0,3.0,6.0,15.0,5.0,6.0,10.0,16.0,7.0,2.0,0.48,0.9,0.7,0.0,0.0,0.0,33.31,25.0,24.42,6.0,0.3,0.85,0.85,1.52,1.54,1.51,16.21,1.79,1.18,3.79,0.56,8.57,6.1,1.73,1.84,1.78,13.0,9.0,5.0,27.0,2.0,3.0,0.0,4.0,0.0,8.0,5.0,11.0,20.0,3.0,6.0,17.0,13.0,0.0,5.0,12.0,8.0,2.0,0.32,0.98,0.49,0.0,2.0,0.0,27.66,22.0,22.83,3.0,0.24,0.52,0.52,1.52,1.53,1.51
847576584774518478508,2025,Trenin-Hartman-Tarasenko,MIN,line,5on5,10,842.0,115.0,0.49,0.33,0.36,6.65,0.68,0.47,1.81,0.22,3.5,2.32,0.66,0.65,0.63,4.0,5.0,1.0,10.0,0.0,1.0,0.0,2.0,0.0,3.0,3.0,4.0,9.0,1.0,2.0,6.0,13.0,1.0,3.0,7.0,0.0,2.0,0.19,0.0,0.49,0.0,0.0,0.0,9.61,9.0,8.8,1.0,0.1,0.23,0.49,0.29,0.28,0.28,11.98,0.7,0.77,3.0,0.36,6.58,4.59,0.66,0.68,0.65,9.0,7.0,4.0,20.0,1.0,1.0,0.0,1.0,0.0,9.0,4.0,8.0,15.0,2.0,4.0,6.0,5.0,0.0,2.0,12.0,4.0,0.0,0.19,0.5,0.0,0.0,1.0,0.0,19.67,16.0,15.73,1.0,0.16,0.18,0.18,0.68,0.66,0.65
847701584784148482110,2025,Meier-Mercer-Brown,NJD,line,5on5,4,1113.0,36.0,0.11,0.23,0.27,4.71,0.2,0.26,1.4,0.17,2.76,2.21,0.2,0.21,0.21,5.0,2.0,1.0,8.0,0.0,0.0,0.0,2.0,0.0,2.0,3.0,5.0,7.0,1.0,2.0,4.0,3.0,4.0,7.0,7.0,0.0,0.0,0.2,0.0,0.0,0.0,0.0,0.0,7.76,7.0,6.85,3.0,0.05,0.0,0.0,0.26,0.26,0.26,14.33,1.58,0.98,3.36,0.45,7.39,5.24,1.58,1.58,1.58,13.0,6.0,8.0,27.0,2.0,1.0,0.0,2.0,0.0,6.0,8.0,11.0,17.0,1.0,2.0,7.0,4.0,0.0,2.0,13.0,4.0,2.0,0.53,0.56,0.5,1.0,0.0,1.0,27.94,19.0,19.59,0.0,0.2,0.02,0.02,1.77,1.77,1.76
847938584804598482077,2025,Holloway-Suter-Kyrou,STL,line,5on5,12,3569.0,105.0,0.68,0.62,0.66,45.54,4.09,3.25,11.63,1.57,23.48,16.98,3.86,4.11,3.88,42.0,19.0,11.0,72.0,4.0,10.0,1.0,9.0,0.0,13.0,25.0,38.0,57.0,1.0,2.0,21.0,22.0,4.0,12.0,46.0,12.0,3.0,1.66,1.48,0.95,2.0,2.0,0.0,71.65,61.0,61.27,3.0,0.68,1.72,1.72,3.04,3.11,3.05,23.16,1.94,1.56,5.38,0.8,12.47,9.85,1.91,1.89,1.86,20.0,12.0,13.0,45.0,3.0,2.0,0.0,5.0,0.0,9.0,13.0,17.0,29.0,1.0,2.0,22.0,27.0,3.0,18.0,24.0,5.0,3.0,0.63,0.55,0.76,1.0,2.0,0.0,44.6,32.0,31.65,10.0,0.32,0.35,0.35,1.91,1.86,1.86
847410284780208481528,2025,Perron-Cozens-Amadio,OTT,line,5on5,7,1488.0,67.0,0.73,0.61,0.66,14.09,0.95,0.82,3.58,0.41,7.63,5.61,0.94,0.94,0.93,15.0,4.0,4.0,23.0,0.0,1.0,0.0,6.0,0.0,9.0,3.0,15.0,19.0,2.0,4.0,13.0,19.0,3.0,8.0,15.0,3.0,1.0,0.3,0.39,0.26,0.0,0.0,0.0,22.01,19.0,18.32,3.0,0.16,0.19,0.19,0.93,0.91,0.9,7.54,0.35,0.39,2.0,0.23,3.78,3.24,0.35,0.36,0.35,8.0,2.0,5.0,15.0,0.0,0.0,0.0,0.0,0.0,6.0,4.0,8.0,10.0,4.0,8.0,12.0,16.0,1.0,10.0,10.0,0.0,0.0,0.35,0.0,0.0,0.0,0.0,0.0,15.74,10.0,10.19,7.0,0.08,0.0,0.0,0.44,0.44,0.43
847414184793378483464,2025,Debrincat-Kasper-Kane,DET,line,5on5,12,4607.0,57.0,0.39,0.51,0.5,39.8,2.55,2.36,10.05,1.35,23.24,16.45,2.49,2.44,2.39,40.0,16.0,16.0,72.0,2.0,3.0,0.0,9.0,1.0,21.0,20.0,38.0,54.0,5.0,10.0,31.0,28.0,8.0,24.0,48.0,7.0,1.0,1.49,0.78,0.28,1.0,1.0,0.0,68.54,56.0,53.64,9.0,0.48,0.33,0.33,2.7,2.58,2.54,40.72,3.91,2.73,10.94,1.36,20.67,15.39,3.75,4.12,3.95,39.0,16.0,13.0,68.0,4.0,7.0,0.0,10.0,0.0,18.0,16.0,35.0,51.0,2.0,4.0,41.0,33.0,4.0,21.0,42.0,7.0,6.0,1.21,0.85,1.84,2.0,2.0,0.0,70.78,55.0,56.83,10.0,0.58,1.9,1.9,2.58,2.7,2.67
847360484801138482787,2025,Iafallo-Toews-Chibrikov,WPG,line,5on5,5,1640.0,18.0,0.35,0.44,0.34,8.11,0.58,0.56,2.11,0.27,4.46,3.03,0.57,0.57,0.56,5.0,6.0,13.0,24.0,1.0,0.0,0.0,0.0,0.0,4.0,6.0,4.0,10.0,3.0,6.0,23.0,14.0,4.0,12.0,7.0,4.0,0.0,0.17,0.4,0.0,0.0,1.0,0.0,22.93,11.0,10.88,6.0,0.12,0.0,0.0,0.69,0.68,0.68,14.58,1.05,1.03,3.48,0.5,8.64,6.31,1.04,1.11,1.1,12.0,9.0,9.0,30.0,2.0,1.0,0.0,3.0,0.0,5.0,10.0,10.0,19.0,2.0,4.0,9.0,16.0,4.0,5.0,17.0,3.0,1.0,0.5,0.33,0.21,1.0,0.0,1.0,30.82,21.0,21.48,4.0,0.21,0.13,0.13,1.13,1.18,1.18
847523584779038479022,2025,Deslauriers-Abols-Hathaway,PHI,line,5on5,14,5457.0,49.0,0.36,0.41,0.39,26.06,1.58,1.67,7.28,1.0,13.9,10.57,1.56,1.56,1.55,17.0,19.0,19.0,55.0,0.0,3.0,0.0,5.0,0.0,18.0,10.0,17.0,36.0,5.0,16.0,39.0,104.0,4.0,20.0,29.0,6.0,1.0,0.74,0.62,0.23,0.0,0.0,0.0,54.29,36.0,35.34,15.0,0.35,0.19,0.19,1.73,1.72,1.71,40.07,2.84,2.75,10.81,1.43,22.04,16.13,2.72,2.82,2.7,36.0,20.0,24.0,80.0,1.0,7.0,0.0,9.0,0.0,23.0,16.0,35.0,55.0,5.0,16.0,38.0,49.0,7.0,19.0,47.0,6.0,3.0,1.36,0.69,0.78,1.0,0.0,0.0,80.26,56.0,56.55,14.0,0.57,1.14,1.14,2.27,2.26,2.21
847750584807988482667,2025,Eklund-Wennberg-Kurashev,SJS,line,5on5,9,5013.0,32.0,0.5,0.51,0.49,28.36,2.39,1.93,6.88,0.95,15.92,11.93,2.32,2.41,2.34,29.0,11.0,28.0,68.0,4.0,1.0,0.0,9.0,0.0,16.0,10.0,25.0,36.0,5.0,10.0,38.0,24.0,8.0,25.0,31.0,7.0,2.0,1.04,0.91,0.43,2.0,2.0,0.0,67.44,40.0,39.86,10.0,0.4,0.03,0.03,2.75,2.78,2.7,29.67,2.38,1.97,8.23,1.04,16.32,12.08,2.35,2.34,2.32,30.0,12.0,24.0,66.0,2.0,2.0,0.0,5.0,0.0,16.0,17.0,28.0,40.0,2.0,4.0,42.0,18.0,2.0,29.0,32.0,7.0,3.0,0.78,0.84,0.77,1.0,1.0,0.0,64.03,42.0,41.54,13.0,0.41,0.46,0.46,2.32,2.3,2.28
847798984815338481553,2025,Zegras-Dvorak-Brink,PHI,line,5on5,17,627.0,194.0,0.24,0.28,0.21,2.35,0.23,0.15,0.46,0.07,1.3,0.8,0.23,0.22,0.22,2.0,1.0,2.0,5.0,1.0,0.0,0.0,0.0,0.0,0.0,2.0,1.0,2.0,1.0,2.0,2.0,0.0,0.0,5.0,1.0,2.0,0.0,0.06,0.17,0.0,0.0,1.0,0.0,5.15,3.0,2.98,1.0,0.03,0.0,0.0,0.26,0.25,0.25,8.25,0.7,0.52,1.79,0.24,4.46,3.29,0.7,0.68,0.68,8.0,3.0,2.0,13.0,3.0,1.0,1.0,1.0,0.0,3.0,3.0,5.0,8.0,0.0,0.0,1.0,7.0,0.0,4.0,8.0,2.0,1.0,0.19,0.24,0.28,1.0,1.0,1.0,12.48,11.0,10.82,1.0,0.11,0.13,0.13,0.68,0.67,0.67
847687384807628480829,2025,Robinson-Jankowski-Kotkaniemi,CAR,line,5on5,2,614.0,20.0,0.43,0.38,0.4,4.56,0.38,0.29,0.91,0.13,2.39,1.9,0.37,0.36,0.35,3.0,3.0,2.0,8.0,0.0,1.0,0.0,0.0,0.0,2.0,3.0,3.0,6.0,0.0,0.0,10.0,3.0,1.0,4.0,4.0,2.0,0.0,0.14,0.23,0.0,0.0,0.0,0.0,7.63,6.0,5.68,2.0,0.06,0.06,0.06,0.38,0.36,0.35,6.07,0.5,0.49,1.33,0.24,3.69,2.75,0.5,0.53,0.52,6.0,3.0,4.0,13.0,2.0,0.0,0.0,2.0,0.0,3.0,2.0,4.0,7.0,0.0,0.0,2.0,9.0,2.0,5.0,8.0,1.0,0.0,0.38,0.12,0.0,1.0,1.0,0.0,13.97,9.0,9.45,2.0,0.1,0.0,0.0,0.6,0.63,0.63
84764298477950,2025,Deangelo-Mayfield,NYI,pairing,5on5,30,1725.0,266.0,0.61,0.54,0.64,11.81,0.91,0.7,2.71,0.41,5.86,5.41,0.91,0.91,0.91,10.0,6.0,6.0,22.0,1.0,1.0,0.0,2.0,0.0,2.0,10.0,9.0,15.0,0.0,0.0,2.0,13.0,2.0,8.0,9.0,7.0,0.0,0.22,0.69,0.0,0.0,1.0,0.0,21.98,16.0,15.87,5.0,0.14,0.01,0.01,1.04,1.04,1.04,6.64,0.58,0.47,1.42,0.19,3.33,3.0,0.58,0.61,0.61,6.0,3.0,10.0,19.0,0.0,0.0,0.0,1.0,0.0,5.0,3.0,6.0,9.0,1.0,2.0,6.0,12.0,3.0,12.0,7.0,1.0,1.0,0.13,0.17,0.29,0.0,0.0,0.0,19.32,9.0,9.2,6.0,0.1,0.0,0.0,0.69,0.72,0.71
847741684774268482201,2025,Goncalves-Paul-Bjorkstrand,TBL,line,5on5,7,1093.0,39.0,0.28,0.39,0.46,8.34,0.39,0.38,2.14,0.26,4.15,3.68,0.39,0.41,0.41,6.0,5.0,5.0,16.0,1.0,0.0,0.0,3.0,0.0,3.0,4.0,5.0,10.0,1.0,2.0,5.0,6.0,3.0,10.0,10.0,1.0,0.0,0.28,0.12,0.0,0.0,1.0,0.0,16.89,11.0,11.39,7.0,0.08,0.0,0.0,0.47,0.49,0.49,9.08,0.99,0.62,2.16,0.31,5.34,3.57,0.89,0.92,0.83,8.0,5.0,12.0,25.0,2.0,1.0,1.0,4.0,0.0,2.0,4.0,6.0,11.0,0.0,0.0,8.0,8.0,1.0,5.0,10.0,1.0,2.0,0.26,0.08,0.65,1.0,0.0,1.0,23.2,13.0,12.27,3.0,0.13,0.43,0.43,0.68,0.64,0.63
