lineId,season,name,team,position,situation,games_played,icetime,iceTimeRank,xGoalsPercentage,corsiPercentage,fenwickPercentage,xOnGoalFor,xGoalsFor,xReboundsFor,xFreezeFor,xPlayStoppedFor,xPlayContinuedInZoneFor,xPlayContinuedOutsideZoneFor,flurryAdjustedxGoalsFor,scoreVenueAdjustedxGoalsFor,flurryScoreVenueAdjustedxGoalsFor,shotsOnGoalFor,missedShotsFor,blockedShotAttemptsFor,shotAttemptsFor,goalsFor,reboundsFor,reboundGoalsFor,freezeFor,playStoppedFor,playContinuedInZoneFor,playContinuedOutsideZoneFor,savedShotsOnGoalFor,savedUnblockedShotAttemptsFor,penaltiesFor,penalityMinutesFor,faceOffsWonFor,hitsFor,takeawaysFor,giveawaysFor,lowDangerShotsFor,mediumDangerShotsFor,highDangerShotsFor,lowDangerxGoalsFor,mediumDangerxGoalsFor,highDangerxGoalsFor,lowDangerGoalsFor,mediumDangerGoalsFor,highDangerGoalsFor,scoreAdjustedShotsAttemptsFor,unblockedShotAttemptsFor,scoreAdjustedUnblockedShotAttemptsFor,dZoneGiveawaysFor,xGoalsFromxReboundsOfShotsFor,xGoalsFromActualReboundsOfShotsFor,reboundxGoalsFor,totalShotCreditFor,scoreAdjustedTotalShotCreditFor,scoreFlurryAdjustedTotalShotCreditFor,xOnGoalAgainst,xGoalsAgainst,xReboundsAgainst,xFreezeAgainst,xPlayStoppedAgainst,xPlayContinuedInZoneAgainst,xPlayContinuedOutsideZoneAgainst,flurryAdjustedxGoalsAgainst,scoreVenueAdjustedxGoalsAgainst,flurryScoreVenueAdjustedxGoalsAgainst,shotsOnGoalAgainst,missedShotsAgainst,blockedShotAttemptsAgainst,shotAttemptsAgainst,goalsAgainst,reboundsAgainst,reboundGoalsAgainst,freezeAgainst,playStoppedAgainst,playContinuedInZoneAgainst,playContinuedOutsideZoneAgainst,savedShotsOnGoalAgainst,savedUnblockedShotAttemptsAgainst,penaltiesAgainst,penalityMinutesAgainst,faceOffsWonAgainst,hitsAgainst,takeawaysAgainst,giveawaysAgainst,lowDangerShotsAgainst,mediumDangerShotsAgainst,highDangerShotsAgainst,lowDangerxGoalsAgainst,mediumDangerxGoalsAgainst,highDangerxGoalsAgainst,lowDangerGoalsAgainst,mediumDangerGoalsAgainst,highDangerGoalsAgainst,scoreAdjustedShotsAttemptsAgainst,unblockedShotAttemptsAgainst,scoreAdjustedUnblockedShotAttemptsAgainst,dZoneGiveawaysAgainst,xGoalsFromxReboundsOfShotsAgainst,xGoalsFromActualReboundsOfShotsAgainst,reboundxGoalsAgainst,totalShotCreditAgainst,scoreAdjustedTotalShotCreditAgainst,scoreFlurryAdjustedTotalShotCreditAgainst
847798784816248484144,2025,Donato-Bedard-Mikheyev,CHI,line,5on5,9,602.0,87.0,0.08,0.12,0.14,1.44,0.07,0.08,0.33,0.05,0.84,0.64,0.07,0.06,0.06,2.0,0.0,1.0,3.0,0.0,0.0,0.0,0.0,0.0,0.0,2.0,2.0,2.0,0.0,0.0,1.0,2.0,1.0,3.0,2.0,0.0,0.0,0.07,0.0,0.0,0.0,0.0,0.0,3.03,2.0,2.01,3.0,0.02,0.0,0.0,0.08,0.08,0.08,8.86,0.73,0.59,2.07,0.27,4.88,3.46,0.71,0.71,0.7,6.0,6.0,10.0,22.0,0.0,1.0,0.0,2.0,0.0,5.0,4.0,6.0,12.0,0.0,0.0,3.0,2.0,2.0,1.0,10.0,1.0,1.0,0.39,0.11,0.23,0.0,0.0,0.0,21.63,12.0,11.82,0.0,0.12,0.23,0.23,0.62,0.61,0.6
84808008482122,2025,Hughes-Faber,MIN,pairing,5on5,9,9754.0,9.0,0.6,0.52,0.55,93.95,9.61,6.53,23.43,3.17,50.57,35.69,8.94,9.74,9.04,84.0,45.0,50.0,179.0,9.0,10.0,2.0,17.0,0.0,55.0,38.0,75.0,120.0,6.0,12.0,96.0,45.0,17.0,45.0,95.0,23.0,11.0,2.92,3.07,3.61,4.0,2.0,3.0,185.54,129.0,131.88,18.0,1.37,2.6,2.6,8.38,8.43,8.15,76.44,6.45,4.93,20.35,2.55,41.77,29.96,6.14,6.34,6.04,76.0,30.0,59.0,165.0,8.0,6.0,0.0,21.0,0.0,34.0,37.0,68.0,98.0,7.0,14.0,109.0,57.0,9.0,41.0,79.0,21.0,6.0,2.3,2.44,1.71,4.0,4.0,0.0,160.76,106.0,104.24,16.0,1.03,1.57,1.57,5.91,5.82,5.65
84815468482142,2025,York-Drysdale,PHI,pairing,5on5,21,1389.0,146.0,0.69,0.51,0.58,9.53,0.94,0.54,2.37,0.34,5.62,4.19,0.73,0.98,0.75,11.0,3.0,4.0,18.0,1.0,2.0,1.0,2.0,0.0,0.0,9.0,10.0,13.0,1.0,2.0,8.0,4.0,1.0,6.0,10.0,3.0,1.0,0.25,0.35,0.34,0.0,0.0,1.0,17.75,14.0,13.99,3.0,0.11,0.48,0.48,0.57,0.58,0.53,7.42,0.42,0.41,1.79,0.21,3.98,3.19,0.39,0.42,0.4,7.0,3.0,7.0,17.0,2.0,1.0,0.0,0.0,0.0,5.0,2.0,5.0,8.0,0.0,0.0,6.0,6.0,3.0,8.0,9.0,1.0,0.0,0.27,0.14,0.0,1.0,1.0,0.0,17.15,10.0,10.09,4.0,0.08,0.03,0.03,0.47,0.48,0.45
84793258479369,2025,Mcavoy-Peeke,BOS,pairing,5on5,20,842.0,184.0,0.39,0.39,0.44,9.34,0.74,0.51,2.05,0.28,4.45,3.96,0.74,0.77,0.77,8.0,4.0,0.0,12.0,1.0,0.0,0.0,4.0,0.0,1.0,6.0,7.0,11.0,0.0,0.0,0.0,5.0,0.0,5.0,9.0,3.0,0.0,0.32,0.43,0.0,0.0,1.0,0.0,12.48,12.0,12.41,3.0,0.1,0.0,0.0,0.85,0.88,0.88,11.24,1.15,0.75,2.41,0.38,6.02,4.3,1.12,1.21,1.18,13.0,2.0,4.0,19.0,3.0,2.0,0.0,2.0,0.0,5.0,3.0,10.0,12.0,0.0,0.0,0.0,1.0,0.0,1.0,9.0,6.0,0.0,0.37,0.78,0.0,1.0,2.0,0.0,19.29,15.0,15.42,0.0,0.15,0.21,0.21,1.09,1.15,1.13
84745638479998,2025,Anderson-Doughty,LAK,pairing,5on5,28,19707.0,61.0,0.52,0.52,0.51,149.46,12.56,9.3,37.25,4.88,80.13,60.88,12.17,12.76,12.36,130.0,75.0,99.0,304.0,13.0,12.0,2.0,30.0,0.0,77.0,73.0,117.0,192.0,18.0,39.0,165.0,130.0,21.0,92.0,155.0,39.0,11.0,4.53,4.74,3.3,3.0,5.0,5.0,307.49,205.0,206.15,39.0,1.93,2.94,2.94,11.55,11.67,11.54,143.87,11.78,8.96,35.89,4.68,75.68,58.01,11.41,11.54,11.18,128.0,67.0,85.0,280.0,9.0,8.0,0.0,38.0,0.0,59.0,81.0,119.0,186.0,19.0,38.0,162.0,120.0,17.0,105.0,147.0,34.0,14.0,4.02,4.31,3.44,3.0,5.0,1.0,274.95,195.0,192.33,45.0,1.86,1.74,1.74,11.9,11.69,11.53
847639384802088482116,2025,Cousins-Sttzle-Batherson,OTT,line,5on5,16,3419.0,131.0,0.5,0.58,0.56,34.88,2.78,2.33,8.34,1.1,19.53,13.92,2.71,2.87,2.8,24.0,24.0,20.0,68.0,5.0,1.0,1.0,4.0,0.0,23.0,15.0,19.0,43.0,4.0,11.0,21.0,31.0,6.0,15.0,34.0,12.0,2.0,0.79,1.44,0.55,3.0,0.0,2.0,68.29,48.0,48.33,8.0,0.48,0.33,0.33,2.94,3.0,2.96,27.37,2.76,1.87,6.62,0.94,14.42,10.4,2.57,2.74,2.53,19.0,18.0,13.0,50.0,3.0,3.0,0.0,3.0,0.0,19.0,9.0,16.0,34.0,7.0,17.0,20.0,28.0,7.0,18.0,27.0,7.0,3.0,0.97,0.94,0.85,1.0,1.0,1.0,48.69,37.0,35.85,11.0,0.39,0.54,0.54,2.61,2.56,2.4
847994484808068482660,2025,Aston-Reese-Lundestrm-Johnson,CBJ,line,5on5,5,1423.0,26.0,0.52,0.5,0.48,9.57,0.61,0.6,2.45,0.29,5.17,3.88,0.61,0.61,0.61,9.0,4.0,7.0,20.0,0.0,0.0,0.0,2.0,0.0,7.0,4.0,9.0,13.0,1.0,2.0,10.0,10.0,1.0,6.0,11.0,2.0,0.0,0.32,0.29,0.0,0.0,0.0,0.0,19.58,13.0,12.6,2.0,0.13,0.0,0.0,0.74,0.73,0.73,10.56,0.56,0.56,2.44,0.34,5.45,4.64,0.56,0.58,0.57,9.0,5.0,6.0,20.0,2.0,0.0,0.0,2.0,0.0,4.0,6.0,7.0,12.0,2.0,4.0,11.0,10.0,1.0,8.0,12.0,2.0,0.0,0.34,0.22,0.0,1.0,1.0,0.0,20.83,14.0,14.27,2.0,0.11,0.0,0.0,0.68,0.69,0.69
84821228484798,2025,Buium-Faber,MIN,pairing,5on5,25,3654.0,169.0,0.55,0.44,0.44,29.93,3.2,1.86,6.9,0.98,15.37,12.69,3.14,3.14,3.08,25.0,16.0,15.0,56.0,1.0,2.0,0.0,5.0,0.0,11.0,22.0,24.0,40.0,3.0,6.0,15.0,20.0,3.0,10.0,27.0,11.0,3.0,0.89,1.52,0.79,1.0,0.0,0.0,55.23,41.0,40.52,5.0,0.38,0.46,0.46,3.12,3.07,3.06,37.07,2.64,2.61,8.28,1.22,21.14,16.11,2.61,2.74,2.71,37.0,15.0,18.0,70.0,2.0,3.0,1.0,10.0,0.0,15.0,22.0,35.0,50.0,1.0,2.0,27.0,21.0,6.0,23.0,44.0,7.0,1.0,1.42,0.92,0.3,1.0,1.0,0.0,71.49,52.0,52.86,13.0,0.54,0.31,0.31,2.87,2.97,2.96
84821008484428,2025,Nikishin-Legault,CAR,pairing,5on5,6,723.0,38.0,0.51,0.61,0.57,8.85,0.9,0.56,1.83,0.28,4.86,3.57,0.89,0.98,0.96,9.0,3.0,5.0,17.0,3.0,1.0,1.0,0.0,0.0,3.0,5.0,6.0,9.0,2.0,4.0,6.0,6.0,3.0,4.0,10.0,0.0,2.0,0.34,0.0,0.56,2.0,0.0,1.0,18.27,12.0,13.03,1.0,0.11,0.26,0.26,0.76,0.81,0.79,7.37,0.88,0.57,1.77,0.23,3.25,2.3,0.82,0.82,0.77,7.0,2.0,2.0,11.0,0.0,1.0,0.0,0.0,0.0,5.0,3.0,7.0,9.0,0.0,0.0,4.0,4.0,0.0,3.0,4.0,4.0,1.0,0.09,0.53,0.26,0.0,0.0,0.0,10.07,9.0,8.34,2.0,0.12,0.26,0.26,0.74,0.69,0.67
847121484815808482088,2025,Ovechkin-Sourdif-Mcmichael,WSH,line,5on5,7,1934.0,90.0,0.32,0.42,0.4,15.37,0.79,0.77,3.63,0.46,7.5,6.85,0.78,0.8,0.79,14.0,6.0,8.0,28.0,0.0,0.0,0.0,3.0,0.0,9.0,8.0,14.0,20.0,2.0,4.0,10.0,3.0,0.0,8.0,18.0,1.0,1.0,0.45,0.13,0.21,0.0,0.0,0.0,27.96,20.0,20.01,5.0,0.16,0.0,0.0,0.95,0.96,0.94,21.86,1.71,1.39,5.52,0.71,12.19,8.49,1.67,1.64,1.6,21.0,9.0,9.0,39.0,2.0,3.0,1.0,2.0,0.0,11.0,12.0,19.0,28.0,1.0,2.0,11.0,14.0,5.0,15.0,23.0,6.0,1.0,0.65,0.85,0.21,1.0,1.0,0.0,38.45,30.0,29.17,6.0,0.28,0.49,0.49,1.49,1.44,1.43
847121584775118479638,2025,Brazeau-Malkin-Mantha,PIT,line,5on5,12,7563.0,25.0,0.48,0.42,0.42,58.2,7.15,4.2,14.38,2.08,28.65,20.55,6.68,7.4,6.9,57.0,20.0,29.0,106.0,9.0,9.0,1.0,9.0,0.0,29.0,21.0,48.0,68.0,7.0,14.0,42.0,34.0,10.0,49.0,48.0,21.0,8.0,1.69,2.81,2.65,4.0,3.0,2.0,109.9,77.0,80.23,15.0,0.89,2.39,2.39,5.65,5.82,5.62,77.01,7.68,5.31,18.71,2.46,41.24,29.61,7.26,7.55,7.16,66.0,39.0,43.0,148.0,6.0,6.0,1.0,12.0,1.0,39.0,41.0,60.0,99.0,3.0,6.0,58.0,40.0,8.0,46.0,70.0,27.0,8.0,2.06,3.27,2.34,4.0,2.0,0.0,145.32,105.0,103.7,21.0,1.11,1.65,1.7,7.08,7.03,6.89
84821668482861,2025,Mukhamadullin-Iorio,SJS,pairing,5on5,5,1370.0,32.0,0.54,0.41,0.45,10.19,1.71,0.84,2.5,0.33,4.29,3.32,1.6,1.72,1.61,9.0,4.0,2.0,15.0,3.0,2.0,1.0,2.0,0.0,2.0,4.0,6.0,10.0,1.0,2.0,8.0,15.0,1.0,9.0,4.0,6.0,3.0,0.1,0.83,0.78,1.0,1.0,1.0,15.3,13.0,13.34,5.0,0.18,0.57,0.57,1.33,1.33,1.32,11.4,1.47,0.74,2.92,0.39,6.26,4.22,1.39,1.47,1.39,11.0,5.0,6.0,22.0,3.0,2.0,0.0,0.0,0.0,7.0,4.0,8.0,13.0,2.0,4.0,16.0,9.0,2.0,5.0,8.0,6.0,2.0,0.22,0.72,0.53,2.0,1.0,0.0,22.33,16.0,16.19,2.0,0.16,0.53,0.53,1.09,1.11,1.09
84752188480803,2025,Ekholm-Bouchard,EDM,pairing,5on5,41,35490.0,79.0,0.53,0.56,0.56,336.42,32.66,23.64,79.16,10.73,178.89,131.93,30.54,33.02,30.86,314.0,143.0,151.0,608.0,25.0,31.0,2.0,68.0,0.0,160.0,173.0,289.0,432.0,27.0,54.0,285.0,153.0,47.0,208.0,316.0,104.0,37.0,9.88,12.75,10.03,15.0,7.0,3.0,614.37,457.0,460.32,80.0,4.93,7.71,7.71,29.88,30.25,29.55,264.26,28.82,17.91,64.93,8.85,137.6,100.89,27.02,28.56,26.81,239.0,120.0,120.0,479.0,30.0,32.0,7.0,47.0,0.0,119.0,131.0,209.0,329.0,35.0,68.0,274.0,194.0,44.0,190.0,243.0,80.0,36.0,7.19,10.53,11.1,9.0,10.0,11.0,472.92,359.0,355.55,91.0,3.76,8.88,8.88,23.7,23.56,23.16
847885684800128482055,2025,O'Connor-Pettersson-Garland,VAN,line,5on5,8,807.0,109.0,0.25,0.5,0.33,3.32,0.29,0.3,0.8,0.14,2.01,1.46,0.29,0.3,0.3,4.0,1.0,10.0,15.0,0.0,0.0,0.0,0.0,0.0,2.0,3.0,4.0,5.0,1.0,2.0,1.0,3.0,2.0,4.0,4.0,1.0,0.0,0.17,0.12,0.0,0.0,0.0,0.0,14.68,5.0,5.09,3.0,0.06,0.0,0.0,0.36,0.37,0.37,7.33,0.91,0.6,1.8,0.24,3.7,2.75,0.9,0.93,0.93,8.0,2.0,5.0,15.0,1.0,0.0,0.0,4.0,0.0,2.0,3.0,7.0,9.0,0.0,0.0,4.0,9.0,0.0,8.0,7.0,1.0,2.0,0.29,0.11,0.51,1.0,0.0,0.0,15.28,10.0,10.35,4.0,0.13,0.0,0.0,1.03,1.06,1.06
847738084778398483690,2025,Sheary-Laba-Brodzinski,NYR,line,5on5,10,2465.0,69.0,0.5,0.5,0.5,20.86,1.72,1.33,5.38,0.71,11.63,8.23,1.68,1.77,1.73,18.0,11.0,14.0,43.0,0.0,3.0,0.0,4.0,0.0,14.0,8.0,18.0,29.0,2.0,4.0,14.0,7.0,3.0,9.0,23.0,4.0,2.0,0.65,0.45,0.63,0.0,0.0,0.0,42.99,29.0,29.0,4.0,0.28,0.77,0.77,1.23,1.25,1.23,21.17,1.76,1.28,5.35,0.72,11.68,8.21,1.74,1.77,1.75,16.0,13.0,14.0,43.0,0.0,0.0,0.0,4.0,1.0,11.0,13.0,16.0,29.0,4.0,8.0,20.0,20.0,2.0,10.0,20.0,9.0,0.0,0.57,1.19,0.0,0.0,0.0,0.0,42.87,29.0,29.07,8.0,0.27,0.0,0.0,2.03,2.04,2.02
847745184785088483499,2025,Ohgren-Hartman-Trenin,MIN,line,5on5,6,1143.0,55.0,0.58,0.51,0.58,11.37,0.91,0.73,2.67,0.35,5.87,4.46,0.9,0.87,0.86,9.0,6.0,4.0,19.0,0.0,0.0,0.0,2.0,0.0,6.0,7.0,9.0,15.0,2.0,4.0,7.0,20.0,2.0,4.0,11.0,4.0,0.0,0.46,0.45,0.0,0.0,0.0,0.0,18.52,15.0,14.53,2.0,0.15,0.0,0.0,1.06,1.01,1.0,8.08,0.65,0.52,1.73,0.24,4.59,3.26,0.65,0.66,0.65,7.0,4.0,7.0,18.0,0.0,0.0,0.0,0.0,0.0,4.0,7.0,7.0,11.0,1.0,2.0,9.0,5.0,2.0,5.0,8.0,3.0,0.0,0.28,0.37,0.0,0.0,0.0,0.0,17.93,11.0,10.96,3.0,0.11,0.0,0.0,0.76,0.76,0.76
847740284800238482089,2025,Neighbours-Thomas-Buchnevich,STL,line,5on5,18,7614.0,64.0,0.55,0.51,0.5,67.35,6.88,4.63,15.08,2.06,36.01,26.34,6.58,6.83,6.54,61.0,30.0,37.0,128.0,10.0,5.0,1.0,15.0,0.0,29.0,32.0,51.0,81.0,8.0,18.0,72.0,47.0,6.0,28.0,62.0,21.0,8.0,2.03,2.66,2.19,4.0,4.0,2.0,127.58,91.0,91.56,12.0,0.96,1.21,1.21,6.63,6.62,6.49,67.13,5.56,4.26,17.23,2.23,35.45,26.29,5.24,5.65,5.33,58.0,33.0,30.0,121.0,8.0,8.0,1.0,16.0,1.0,30.0,28.0,50.0,83.0,6.0,12.0,67.0,35.0,15.0,47.0,68.0,17.0,6.0,1.83,2.28,1.45,6.0,1.0,1.0,122.99,91.0,92.3,20.0,0.88,1.4,1.4,5.04,5.1,4.94
847750884793658485493,2025,Frederic-Lazar-Tomasek,EDM,line,5on5,3,867.0,23.0,0.6,0.37,0.41,6.82,0.91,0.39,1.55,0.2,3.6,2.36,0.86,0.94,0.89,5.0,4.0,1.0,10.0,1.0,1.0,0.0,1.0,0.0,3.0,3.0,4.0,8.0,2.0,4.0,6.0,4.0,2.0,2.0,5.0,3.0,1.0,0.12,0.41,0.37,0.0,1.0,0.0,11.16,9.0,9.37,1.0,0.08,0.37,0.37,0.61,0.63,0.63,9.68,0.61,0.58,2.19,0.3,5.18,4.14,0.6,0.62,0.61,8.0,5.0,4.0,17.0,0.0,0.0,0.0,3.0,0.0,7.0,3.0,8.0,13.0,1.0,2.0,6.0,21.0,1.0,5.0,11.0,2.0,0.0,0.39,0.22,0.0,0.0,0.0,0.0,16.34,13.0,12.99,0.0,0.12,0.0,0.0,0.73,0.74,0.72
84817198482655,2025,Moser-Crozier,TBL,pairing,5on5,19,1922.0,125.0,0.64,0.57,0.55,21.52,2.9,1.26,5.28,0.67,10.0,7.89,2.69,2.96,2.74,19.0,9.0,9.0,37.0,4.0,5.0,0.0,5.0,0.0,9.0,5.0,15.0,24.0,4.0,8.0,7.0,13.0,1.0,2.0,16.0,6.0,6.0,0.44,0.74,1.72,2.0,1.0,1.0,38.35,28.0,28.76,0.0,0.27,1.46,1.46,1.7,1.76,1.71,17.32,1.66,0.98,4.12,0.56,8.66,7.03,1.62,1.66,1.63,16.0,7.0,5.0,28.0,1.0,3.0,0.0,2.0,0.0,9.0,8.0,15.0,22.0,0.0,0.0,10.0,15.0,2.0,5.0,17.0,4.0,2.0,0.59,0.41,0.66,0.0,0.0,1.0,27.05,23.0,22.83,2.0,0.2,0.53,0.53,1.33,1.34,1.32
847579984768718480289,2025,Pearson-Barron-Niederreiter,WPG,line,5on5,5,896.0,52.0,0.52,0.38,0.47,6.12,0.4,0.44,1.5,0.17,3.04,2.46,0.4,0.4,0.4,6.0,2.0,1.0,9.0,0.0,0.0,0.0,3.0,0.0,1.0,4.0,6.0,8.0,2.0,4.0,7.0,5.0,0.0,2.0,6.0,2.0,0.0,0.12,0.28,0.0,0.0,0.0,0.0,9.75,8.0,8.24,2.0,0.09,0.0,0.0,0.49,0.49,0.49,6.32,0.37,0.36,1.49,0.2,3.71,2.87,0.35,0.37,0.35,6.0,3.0,6.0,15.0,0.0,0.0,0.0,1.0,0.0,5.0,3.0,6.0,9.0,1.0,2.0,8.0,7.0,0.0,1.0,8.0,1.0,0.0,0.25,0.12,0.0,0.0,0.0,0.0,14.13,9.0,8.68,1.0,0.07,0.0,0.0,0.44,0.44,0.42
84808078484305,2025,Samuelsson-Metsa,BUF,pairing,5on5,10,1345.0,86.0,0.64,0.49,0.5,18.79,2.09,1.17,4.88,0.63,8.7,6.53,2.04,2.09,2.03,16.0,8.0,7.0,31.0,4.0,4.0,0.0,1.0,0.0,8.0,7.0,12.0,20.0,2.0,4.0,8.0,15.0,2.0,8.0,15.0,5.0,4.0,0.43,0.72,0.94,2.0,2.0,0.0,30.93,24.0,23.81,3.0,0.25,0.64,0.64,1.7,1.7,1.68,17.89,1.17,0.97,4.58,0.6,9.66,7.03,1.16,1.17,1.16,13.0,11.0,8.0,32.0,0.0,1.0,0.0,4.0,0.0,10.0,9.0,13.0,24.0,1.0,2.0,14.0,12.0,1.0,5.0,20.0,4.0,0.0,0.6,0.57,0.0,0.0,0.0,0.0,32.07,24.0,24.16,2.0,0.2,0.14,0.14,1.23,1.24,1.24
847647484794078480002,2025,Bratt-Hischier-Noesen,NJD,line,5on5,3,678.0,38.0,0.69,0.56,0.58,10.61,1.67,0.89,3.11,0.47,4.73,3.12,1.32,1.5,1.19,13.0,1.0,4.0,18.0,0.0,4.0,0.0,2.0,0.0,4.0,4.0,13.0,14.0,1.0,2.0,9.0,8.0,0.0,1.0,7.0,4.0,3.0,0.18,0.48,1.0,0.0,0.0,0.0,15.53,14.0,12.38,1.0,0.19,0.99,0.99,0.87,0.78,0.73,7.64,0.75,0.54,2.14,0.24,3.57,2.76,0.75,0.84,0.84,8.0,2.0,4.0,14.0,1.0,1.0,0.0,3.0,0.0,2.0,3.0,7.0,9.0,0.0,0.0,9.0,4.0,1.0,3.0,7.0,2.0,1.0,0.17,0.28,0.31,1.0,0.0,0.0,16.28,10.0,11.12,2.0,0.12,0.31,0.31,0.56,0.63,0.62
847798984800158481533,2025,Zegras-Dvorak-Tippett,PHI,line,5on5,23,10945.0,85.0,0.5,0.5,0.5,95.62,9.39,6.44,22.81,3.08,50.33,37.96,9.13,9.42,9.17,84.0,46.0,41.0,171.0,13.0,8.0,0.0,10.0,0.0,53.0,46.0,71.0,117.0,11.0,22.0,90.0,56.0,9.0,52.0,90.0,32.0,8.0,3.02,4.21,2.16,5.0,6.0,2.0,171.15,130.0,129.4,24.0,1.34,1.58,1.58,9.15,9.18,9.01,95.52,9.32,6.4,23.63,3.22,51.8,37.64,8.9,9.31,8.89,80.0,52.0,42.0,174.0,9.0,14.0,0.0,16.0,0.0,47.0,46.0,71.0,123.0,11.0,22.0,79.0,60.0,11.0,62.0,98.0,23.0,11.0,3.2,3.05,3.08,8.0,1.0,0.0,175.75,132.0,133.45,37.0,1.33,3.01,3.01,7.63,7.71,7.5
847523184842218484958,2025,Cizikas-Ritchie-Tsyplakov,NYI,line,5on5,5,1720.0,18.0,0.57,0.46,0.47,11.75,1.33,0.74,3.1,0.45,6.13,4.25,1.3,1.42,1.38,10.0,6.0,7.0,23.0,0.0,3.0,0.0,3.0,0.0,5.0,5.0,10.0,16.0,4.0,8.0,15.0,18.0,3.0,7.0,11.0,3.0,2.0,0.27,0.39,0.68,0.0,0.0,0.0,24.25,16.0,16.68,2.0,0.16,0.72,0.72,0.77,0.8,0.8,12.72,1.01,0.86,3.79,0.44,6.9,4.99,1.01,0.95,0.94,10.0,8.0,9.0,27.0,0.0,1.0,0.0,4.0,0.0,4.0,9.0,10.0,18.0,1.0,2.0,14.0,17.0,1.0,7.0,15.0,2.0,1.0,0.4,0.32,0.3,0.0,0.0,0.0,25.91,18.0,17.3,0.0,0.18,0.3,0.3,0.9,0.86,0.86
84740908479371,2025,Smith-Fabbro,CBJ,pairing,5on5,15,6629.0,55.0,0.44,0.43,0.42,41.35,3.9,2.68,10.38,1.37,21.07,15.6,3.7,3.88,3.68,39.0,16.0,26.0,81.0,3.0,7.0,0.0,9.0,0.0,21.0,15.0,36.0,52.0,8.0,19.0,54.0,62.0,10.0,36.0,38.0,14.0,3.0,1.2,1.95,0.74,1.0,2.0,0.0,80.5,55.0,54.71,25.0,0.56,1.27,1.27,3.2,3.21,3.12,55.06,4.9,3.33,12.79,1.72,28.93,23.31,4.81,4.98,4.89,48.0,27.0,33.0,108.0,6.0,1.0,0.0,11.0,0.0,26.0,31.0,42.0,69.0,10.0,23.0,45.0,46.0,8.0,29.0,55.0,16.0,4.0,1.79,1.95,1.17,2.0,3.0,1.0,108.69,75.0,76.17,13.0,0.68,0.42,0.42,5.17,5.27,5.21
847353384774788480762,2025,Carrier-Staal-Robinson,CAR,line,5on5,7,1140.0,42.0,0.23,0.4,0.43,9.4,0.43,0.47,3.02,0.32,5.17,3.6,0.43,0.47,0.47,7.0,6.0,4.0,17.0,1.0,0.0,0.0,3.0,0.0,2.0,7.0,6.0,12.0,1.0,2.0,25.0,11.0,2.0,6.0,12.0,1.0,0.0,0.32,0.1,0.0,1.0,0.0,0.0,18.83,13.0,14.25,5.0,0.1,0.0,0.0,0.53,0.57,0.57,13.25,1.4,0.87,3.79,0.5,6.07,4.37,1.4,1.3,1.29,12.0,5.0,8.0,25.0,1.0,1.0,0.0,4.0,0.0,5.0,6.0,11.0,16.0,0.0,0.0,14.0,11.0,0.0,5.0,11.0,4.0,2.0,0.22,0.5,0.68,0.0,1.0,0.0,23.19,17.0,15.77,3.0,0.19,0.39,0.39,1.2,1.12,1.12
847643284774978482660,2025,Johnson-Monahan-Jenner,CBJ,line,5on5,3,674.0,32.0,0.57,0.5,0.44,5.48,0.55,0.35,1.53,0.16,2.49,1.91,0.54,0.6,0.59,3.0,4.0,5.0,12.0,1.0,1.0,1.0,0.0,0.0,4.0,1.0,2.0,6.0,2.0,7.0,3.0,4.0,2.0,3.0,5.0,1.0,1.0,0.09,0.18,0.28,0.0,0.0,1.0,13.25,7.0,7.61,1.0,0.08,0.28,0.28,0.35,0.38,0.38,6.2,0.42,0.46,1.66,0.23,3.66,2.56,0.41,0.39,0.38,6.0,3.0,3.0,12.0,1.0,0.0,0.0,3.0,0.0,4.0,1.0,5.0,8.0,1.0,5.0,5.0,6.0,2.0,5.0,6.0,3.0,0.0,0.13,0.29,0.0,1.0,0.0,0.0,11.2,9.0,8.41,3.0,0.09,0.0,0.0,0.51,0.48,0.47
84799808483565,2025,Hague-Blankenburg,NSH,pairing,5on5,23,15289.0,82.0,0.55,0.54,0.51,131.81,14.19,9.45,31.98,4.49,70.36,50.54,13.53,14.15,13.5,112.0,69.0,84.0,265.0,7.0,18.0,1.0,26.0,0.0,69.0,61.0,105.0,174.0,9.0,18.0,110.0,108.0,23.0,66.0,124.0,39.0,18.0,3.98,5.13,5.07,3.0,4.0,0.0,259.34,181.0,177.99,31.0,1.99,4.08,4.08,12.1,12.06,11.79,127.03,11.46,8.88,31.03,4.44,70.5,50.7,11.1,11.47,11.1,119.0,58.0,52.0,229.0,10.0,10.0,3.0,27.0,0.0,61.0,69.0,109.0,167.0,13.0,26.0,93.0,116.0,12.0,70.0,128.0,41.0,8.0,3.76,5.31,2.39,8.0,0.0,2.0,233.45,177.0,179.73,43.0,1.85,2.06,2.06,11.24,11.29,11.12
847749684799878482634,2025,Steeves-Lindholm-Geekie,BOS,line,5on5,11,5096.0,35.0,0.52,0.52,0.53,38.85,3.73,2.38,9.82,1.35,20.56,15.16,3.63,3.72,3.62,34.0,19.0,27.0,80.0,6.0,4.0,0.0,3.0,0.0,28.0,12.0,28.0,47.0,5.0,10.0,51.0,44.0,10.0,23.0,35.0,15.0,3.0,1.11,1.97,0.65,1.0,4.0,1.0,80.42,53.0,53.03,9.0,0.49,0.2,0.2,4.02,4.03,3.93,34.39,3.46,2.32,8.79,1.15,18.11,13.18,3.34,3.44,3.31,32.0,15.0,26.0,73.0,3.0,4.0,1.0,8.0,0.0,13.0,19.0,29.0,44.0,5.0,10.0,47.0,38.0,3.0,35.0,33.0,11.0,3.0,0.93,1.55,0.99,1.0,1.0,1.0,73.18,47.0,46.72,15.0,0.48,1.02,1.02,2.93,2.89,2.83
84815428484223,2025,Seider-Sandin-Pellikka,DET,pairing,5on5,23,951.0,208.0,0.56,0.63,0.7,9.85,0.53,0.54,2.34,0.35,5.49,4.74,0.53,0.54,0.54,9.0,5.0,5.0,19.0,0.0,0.0,0.0,3.0,0.0,2.0,9.0,9.0,14.0,1.0,2.0,1.0,3.0,0.0,8.0,13.0,1.0,0.0,0.4,0.13,0.0,0.0,0.0,0.0,18.98,14.0,13.9,3.0,0.11,0.0,0.0,0.64,0.66,0.66,4.34,0.42,0.26,0.89,0.13,2.44,1.88,0.42,0.44,0.44,2.0,4.0,5.0,11.0,0.0,0.0,0.0,0.0,0.0,3.0,3.0,2.0,6.0,1.0,2.0,0.0,4.0,0.0,2.0,4.0,2.0,0.0,0.12,0.3,0.0,0.0,0.0,0.0,11.41,6.0,6.12,2.0,0.05,0.0,0.0,0.47,0.5,0.5
84801968481564,2025,Bryson-Johnson,BUF,pairing,5on5,3,1269.0,9.0,0.64,0.44,0.46,12.54,1.68,0.99,2.99,0.43,5.76,4.16,1.45,1.58,1.36,10.0,6.0,6.0,22.0,1.0,4.0,1.0,0.0,0.0,7.0,4.0,9.0,15.0,1.0,2.0,11.0,17.0,3.0,4.0,8.0,5.0,3.0,0.23,0.72,0.73,0.0,0.0,1.0,20.41,16.0,15.03,2.0,0.21,0.87,0.87,1.02,0.95,0.9,13.75,0.96,0.87,3.6,0.49,7.09,5.99,0.92,1.04,0.99,13.0,6.0,9.0,28.0,1.0,2.0,1.0,0.0,0.0,6.0,10.0,12.0,18.0,2.0,4.0,7.0,14.0,2.0,9.0,14.0,5.0,0.0,0.25,0.71,0.0,0.0,1.0,0.0,29.91,19.0,20.48,4.0,0.18,0.3,0.3,0.84,0.91,0.85
84784768481609,2025,Capobianco-Kolyachonok,DAL,pairing,5on5,9,3312.0,40.0,0.46,0.53,0.46,22.29,2.22,1.35,5.78,0.72,11.66,8.27,2.15,2.25,2.18,18.0,12.0,17.0,47.0,2.0,3.0,1.0,6.0,0.0,9.0,10.0,16.0,28.0,5.0,10.0,22.0,15.0,6.0,9.0,21.0,8.0,1.0,0.66,1.03,0.54,1.0,0.0,1.0,48.17,30.0,30.53,4.0,0.28,0.78,0.78,1.73,1.76,1.74,25.5,2.65,1.67,6.19,0.79,13.85,9.85,2.62,2.56,2.53,22.0,13.0,7.0,42.0,2.0,3.0,1.0,3.0,0.0,10.0,17.0,20.0,33.0,4.0,8.0,17.0,29.0,8.0,20.0,23.0,9.0,3.0,0.65,1.08,0.92,1.0,0.0,1.0,41.0,35.0,34.14,10.0,0.34,0.85,0.85,2.14,2.06,2.05
847534384835738484186,2025,Frank-Dowd-Leonard,WSH,line,5on5,4,604.0,45.0,0.17,0.21,0.19,2.73,0.11,0.17,0.71,0.08,1.65,1.28,0.11,0.13,0.13,3.0,1.0,1.0,5.0,0.0,0.0,0.0,1.0,0.0,0.0,3.0,3.0,4.0,2.0,4.0,2.0,4.0,1.0,5.0,4.0,0.0,0.0,0.11,0.0,0.0,0.0,0.0,0.0,5.96,4.0,4.58,2.0,0.03,0.0,0.0,0.15,0.17,0.17,11.32,0.54,0.67,3.18,0.42,7.08,5.11,0.53,0.51,0.5,11.0,6.0,2.0,19.0,0.0,2.0,0.0,1.0,0.0,10.0,4.0,11.0,17.0,0.0,0.0,7.0,3.0,1.0,2.0,16.0,1.0,0.0,0.39,0.15,0.0,0.0,0.0,0.0,17.82,17.0,16.18,0.0,0.14,0.16,0.16,0.52,0.49,0.48
847796484784038479353,2025,Barbashev-Eichel-Howden,VGK,line,5on5,4,673.0,23.0,0.14,0.43,0.17,1.56,0.09,0.11,0.48,0.08,0.76,0.48,0.09,0.08,0.08,1.0,1.0,7.0,9.0,0.0,0.0,0.0,0.0,0.0,1.0,1.0,1.0,2.0,0.0,0.0,7.0,3.0,0.0,5.0,2.0,0.0,0.0,0.09,0.0,0.0,0.0,0.0,0.0,8.87,2.0,1.83,3.0,0.02,0.0,0.0,0.11,0.1,0.1,7.5,0.55,0.42,1.96,0.25,3.92,2.91,0.53,0.58,0.56,4.0,6.0,2.0,12.0,0.0,1.0,0.0,1.0,0.0,4.0,4.0,4.0,10.0,0.0,0.0,5.0,3.0,0.0,5.0,8.0,2.0,0.0,0.29,0.26,0.0,0.0,0.0,0.0,12.38,10.0,10.3,1.0,0.09,0.16,0.16,0.47,0.5,0.48
847699484834998483525,2025,Ohgren-Yurov-Hinostroza,MIN,line,5on5,5,1418.0,27.0,0.46,0.45,0.44,9.27,0.73,0.47,2.09,0.32,4.68,3.73,0.7,0.72,0.69,8.0,4.0,5.0,17.0,0.0,1.0,0.0,0.0,0.0,4.0,7.0,8.0,12.0,1.0,5.0,9.0,17.0,5.0,5.0,8.0,4.0,0.0,0.14,0.58,0.0,0.0,0.0,0.0,16.77,12.0,11.83,4.0,0.1,0.16,0.16,0.66,0.66,0.66,10.59,0.86,0.68,2.36,0.39,6.07,4.63,0.86,0.85,0.85,13.0,2.0,6.0,21.0,2.0,1.0,1.0,3.0,0.0,4.0,5.0,11.0,13.0,4.0,15.0,12.0,13.0,4.0,8.0,13.0,1.0,1.0,0.38,0.18,0.3,1.0,1.0,0.0,21.13,15.0,15.12,5.0,0.14,0.01,0.01,0.99,0.98,0.97
84757958480796,2025,Fehervary-Mcilrath,WSH,pairing,5on5,4,909.0,26.0,0.52,0.42,0.5,3.22,0.18,0.2,0.86,0.12,2.14,1.52,0.18,0.17,0.17,2.0,3.0,5.0,10.0,0.0,0.0,0.0,0.0,0.0,3.0,2.0,2.0,5.0,1.0,2.0,8.0,6.0,1.0,4.0,4.0,1.0,0.0,0.08,0.1,0.0,0.0,0.0,0.0,9.75,5.0,4.92,1.0,0.04,0.0,0.0,0.21,0.21,0.2,3.01,0.16,0.22,0.74,0.13,2.09,1.66,0.16,0.16,0.16,2.0,3.0,9.0,14.0,0.0,0.0,0.0,1.0,0.0,2.0,2.0,2.0,5.0,1.0,2.0,9.0,10.0,1.0,3.0,4.0,1.0,0.0,0.08,0.08,0.0,0.0,0.0,0.0,13.39,5.0,4.69,2.0,0.04,0.0,0.0,0.21,0.2,0.2
847744484779878484144,2025,Burakovsky-Bedard-Donato,CHI,line,5on5,10,743.0,160.0,0.58,0.5,0.48,9.82,0.81,0.6,2.27,0.3,5.07,3.94,0.81,0.83,0.82,7.0,6.0,2.0,15.0,1.0,0.0,0.0,0.0,0.0,4.0,8.0,6.0,12.0,1.0,2.0,2.0,5.0,2.0,7.0,9.0,4.0,0.0,0.21,0.6,0.0,0.0,1.0,0.0,15.44,13.0,13.31,5.0,0.12,0.0,0.0,0.94,0.96,0.95,10.2,0.6,0.65,2.52,0.31,5.95,3.96,0.6,0.58,0.58,11.0,3.0,1.0,15.0,0.0,0.0,0.0,6.0,0.0,4.0,4.0,11.0,14.0,1.0,2.0,11.0,5.0,1.0,5.0,12.0,2.0,0.0,0.31,0.29,0.0,0.0,0.0,0.0,14.86,14.0,13.91,3.0,0.13,0.0,0.0,0.73,0.71,0.71
84783978479402,2025,Bean-Andersson,CGY,pairing,5on5,12,1376.0,69.0,0.57,0.59,0.65,14.97,1.22,0.97,3.69,0.56,8.85,6.7,1.21,1.19,1.17,16.0,6.0,7.0,29.0,0.0,1.0,0.0,7.0,0.0,7.0,7.0,16.0,22.0,2.0,4.0,4.0,3.0,2.0,12.0,17.0,5.0,0.0,0.55,0.67,0.0,0.0,0.0,0.0,27.4,22.0,21.24,5.0,0.2,0.07,0.07,1.35,1.31,1.31,9.14,0.93,0.66,2.13,0.29,4.67,3.33,0.93,0.94,0.94,10.0,2.0,8.0,20.0,1.0,1.0,0.0,1.0,0.0,6.0,3.0,9.0,11.0,1.0,2.0,8.0,4.0,5.0,9.0,6.0,4.0,2.0,0.13,0.38,0.42,0.0,0.0,1.0,20.5,12.0,12.14,5.0,0.14,0.1,0.1,0.96,0.98,0.98
847576084768978478472,2025,Bjugstad-Sundqvist-Joseph,STL,line,5on5,4,706.0,59.0,0.54,0.63,0.65,9.85,0.52,0.54,2.54,0.35,5.02,4.03,0.51,0.53,0.51,7.0,6.0,4.0,17.0,0.0,1.0,0.0,4.0,0.0,5.0,3.0,7.0,13.0,0.0,0.0,7.0,8.0,1.0,2.0,10.0,3.0,0.0,0.22,0.3,0.0,0.0,0.0,0.0,16.43,13.0,12.8,1.0,0.11,0.05,0.05,0.59,0.59,0.57,5.13,0.44,0.31,1.25,0.17,2.76,2.05,0.42,0.42,0.39,4.0,3.0,3.0,10.0,1.0,1.0,0.0,0.0,0.0,2.0,3.0,3.0,6.0,0.0,0.0,6.0,0.0,0.0,3.0,5.0,1.0,1.0,0.09,0.12,0.23,1.0,0.0,0.0,10.07,7.0,7.07,2.0,0.07,0.23,0.23,0.28,0.27,0.26
847849884788568480012,2025,Debrusk-Pettersson-Garland,VAN,line,5on5,12,2758.0,110.0,0.43,0.38,0.42,21.02,1.99,1.59,4.94,0.75,11.87,8.86,1.95,1.97,1.93,18.0,12.0,6.0,36.0,3.0,3.0,0.0,1.0,0.0,6.0,17.0,15.0,27.0,5.0,13.0,31.0,5.0,1.0,11.0,20.0,8.0,2.0,0.61,0.88,0.49,1.0,2.0,0.0,36.3,30.0,30.33,7.0,0.33,0.32,0.32,2.0,1.98,1.98,30.6,2.64,1.92,8.48,1.04,15.68,11.25,2.56,2.54,2.47,19.0,22.0,17.0,58.0,0.0,5.0,0.0,6.0,0.0,16.0,14.0,19.0,41.0,3.0,9.0,34.0,20.0,0.0,13.0,29.0,10.0,2.0,0.83,1.35,0.45,0.0,0.0,0.0,55.46,41.0,38.97,5.0,0.4,0.66,0.66,2.38,2.29,2.25
84740138478507,2025,Cole-Marino,UTA,pairing,5on5,38,4979.0,265.0,0.57,0.5,0.51,40.89,4.22,2.65,9.64,1.36,21.25,15.87,4.15,4.27,4.2,34.0,21.0,16.0,71.0,8.0,2.0,1.0,6.0,0.0,22.0,17.0,26.0,47.0,4.0,8.0,32.0,34.0,6.0,32.0,34.0,17.0,4.0,1.0,2.16,1.06,0.0,5.0,3.0,72.62,55.0,55.61,14.0,0.55,0.44,0.44,4.33,4.39,4.32,38.64,3.25,2.39,10.03,1.28,19.91,15.15,3.15,3.19,3.09,28.0,24.0,19.0,71.0,3.0,4.0,0.0,8.0,0.0,18.0,19.0,25.0,49.0,4.0,8.0,32.0,30.0,4.0,22.0,38.0,12.0,2.0,1.29,1.44,0.52,1.0,2.0,0.0,70.08,52.0,51.71,8.0,0.5,0.52,0.52,3.23,3.18,3.12
84835038484839,2025,Pickering-Brunicke,PIT,pairing,5on5,2,803.0,9.0,0.47,0.6,0.5,6.17,0.74,0.36,1.78,0.23,3.35,2.53,0.73,0.81,0.8,5.0,4.0,6.0,15.0,0.0,1.0,0.0,0.0,0.0,2.0,6.0,5.0,9.0,1.0,2.0,4.0,2.0,3.0,2.0,6.0,2.0,1.0,0.13,0.36,0.25,0.0,0.0,0.0,16.65,9.0,9.79,0.0,0.08,0.25,0.25,0.57,0.6,0.6,6.58,0.85,0.61,1.44,0.24,3.34,2.51,0.75,0.83,0.73,6.0,3.0,1.0,10.0,4.0,2.0,1.0,1.0,0.0,1.0,1.0,2.0,5.0,0.0,0.0,7.0,11.0,2.0,6.0,5.0,2.0,2.0,0.12,0.24,0.49,2.0,1.0,1.0,9.77,9.0,8.82,1.0,0.13,0.49,0.49,0.49,0.47,0.46
84779868479324,2025,Lindgren-Montour,SEA,pairing,5on5,27,22696.0,48.0,0.46,0.5,0.48,172.08,13.67,11.04,44.24,6.1,99.49,72.47,13.15,13.35,12.84,135.0,112.0,123.0,370.0,11.0,15.0,1.0,41.0,0.0,85.0,95.0,124.0,236.0,31.0,67.0,156.0,139.0,36.0,119.0,201.0,34.0,12.0,5.94,4.06,3.67,7.0,3.0,1.0,360.93,247.0,242.1,60.0,2.27,3.04,3.26,12.69,12.44,12.27,186.66,16.2,12.64,46.2,6.53,104.08,78.36,15.73,16.5,16.02,163.0,101.0,105.0,369.0,14.0,17.0,1.0,40.0,1.0,98.0,94.0,149.0,250.0,28.0,59.0,194.0,138.0,28.0,124.0,195.0,56.0,13.0,5.24,7.19,3.77,7.0,5.0,2.0,374.8,264.0,268.51,56.0,2.64,2.43,2.44,16.39,16.72,16.49
84778108478397,2025,Hanley-Andersson,CGY,pairing,5on5,27,1436.0,220.0,0.52,0.55,0.57,17.41,1.56,1.12,3.82,0.55,9.46,7.5,1.55,1.55,1.54,16.0,8.0,6.0,30.0,2.0,0.0,0.0,3.0,0.0,11.0,8.0,14.0,22.0,1.0,2.0,8.0,6.0,1.0,5.0,18.0,4.0,2.0,0.5,0.51,0.55,0.0,1.0,1.0,28.76,24.0,23.34,3.0,0.23,0.0,0.0,1.79,1.77,1.77,12.77,1.45,0.79,3.04,0.44,6.85,5.43,1.42,1.47,1.44,11.0,7.0,7.0,25.0,2.0,1.0,0.0,2.0,0.0,6.0,7.0,9.0,16.0,2.0,4.0,3.0,12.0,1.0,5.0,13.0,3.0,2.0,0.39,0.4,0.66,0.0,1.0,1.0,25.57,18.0,18.08,2.0,0.16,0.32,0.32,1.3,1.31,1.28
84763728481546,2025,York-Seeler,PHI,pairing,5on5,21,727.0,189.0,0.53,0.44,0.5,7.44,0.79,0.59,1.58,0.23,3.9,2.91,0.79,0.81,0.81,9.0,1.0,1.0,11.0,3.0,0.0,0.0,1.0,0.0,4.0,2.0,6.0,7.0,1.0,2.0,1.0,1.0,0.0,6.0,6.0,3.0,1.0,0.2,0.37,0.22,1.0,1.0,1.0,11.27,10.0,10.06,1.0,0.12,0.0,0.0,0.92,0.94,0.94,7.5,0.7,0.49,1.76,0.25,3.91,2.9,0.67,0.68,0.65,4.0,6.0,4.0,14.0,0.0,1.0,0.0,2.0,0.0,2.0,5.0,4.0,10.0,0.0,0.0,2.0,6.0,0.0,2.0,7.0,3.0,0.0,0.33,0.37,0.0,0.0,0.0,0.0,13.48,10.0,9.82,0.0,0.1,0.19,0.19,0.61,0.59,0.57
847889184834648484160,2025,Kasper-Danielson-Appleton,DET,line,5on5,8,3208.0,38.0,0.46,0.55,0.5,26.37,2.08,1.52,7.88,0.97,14.34,10.21,2.0,2.01,1.94,23.0,14.0,23.0,60.0,0.0,1.0,0.0,6.0,0.0,20.0,10.0,23.0,37.0,2.0,4.0,28.0,29.0,4.0,14.0,31.0,3.0,3.0,0.94,0.43,0.7,0.0,0.0,0.0,57.82,37.0,35.65,6.0,0.32,0.04,0.04,2.36,2.28,2.2,27.4,2.44,1.68,6.8,0.89,14.37,10.82,2.38,2.51,2.45,23.0,14.0,12.0,49.0,0.0,2.0,0.0,7.0,0.0,13.0,15.0,23.0,37.0,2.0,4.0,25.0,26.0,6.0,9.0,28.0,6.0,3.0,0.91,0.69,0.84,0.0,0.0,0.0,49.7,37.0,37.62,3.0,0.35,0.59,0.59,2.19,2.26,2.24
847464184793658483512,2025,Frederic-Henrique-Savoie,EDM,line,5on5,10,2957.0,69.0,0.5,0.51,0.49,18.66,2.13,1.13,4.19,0.57,9.08,7.89,2.1,2.16,2.12,17.0,8.0,11.0,36.0,1.0,1.0,0.0,2.0,0.0,7.0,14.0,16.0,24.0,2.0,7.0,21.0,17.0,2.0,7.0,17.0,6.0,2.0,0.56,0.75,0.83,1.0,0.0,0.0,36.53,25.0,25.37,5.0,0.24,0.44,0.44,1.93,1.92,1.9,20.04,2.13,1.41,4.45,0.62,10.1,7.29,2.06,2.17,2.1,16.0,10.0,9.0,35.0,1.0,1.0,0.0,4.0,0.0,10.0,10.0,15.0,25.0,3.0,9.0,16.0,20.0,3.0,19.0,18.0,4.0,4.0,0.64,0.56,0.92,1.0,0.0,0.0,34.45,26.0,25.83,6.0,0.29,0.24,0.24,2.18,2.21,2.18
84751718481122,2025,Ekman-Larsson-Benoit,TOR,pairing,5on5,30,9785.0,155.0,0.45,0.43,0.44,67.98,6.34,4.65,16.78,2.21,36.28,25.74,6.18,6.18,6.02,60.0,32.0,30.0,122.0,5.0,7.0,0.0,20.0,0.0,26.0,34.0,55.0,87.0,14.0,28.0,80.0,92.0,11.0,61.0,64.0,21.0,7.0,1.98,2.52,1.84,3.0,2.0,0.0,121.29,92.0,90.64,30.0,0.96,1.28,1.28,6.03,5.86,5.8,82.41,7.6,5.28,19.92,2.71,45.67,33.81,7.43,7.65,7.48,70.0,45.0,49.0,164.0,6.0,7.0,0.0,17.0,0.0,43.0,42.0,64.0,109.0,6.0,12.0,69.0,56.0,9.0,39.0,87.0,20.0,8.0,2.77,2.38,2.46,3.0,3.0,0.0,165.13,115.0,115.23,14.0,1.09,1.84,1.84,6.86,6.9,6.8
84735078475179,2025,Kulikov-Petry,FLA,pairing,5on5,2,991.0,7.0,0.57,0.48,0.45,7.31,0.58,0.47,1.92,0.24,4.02,2.77,0.58,0.56,0.56,7.0,3.0,3.0,13.0,0.0,0.0,0.0,3.0,0.0,3.0,4.0,7.0,10.0,3.0,6.0,14.0,13.0,1.0,7.0,7.0,3.0,0.0,0.12,0.46,0.0,0.0,0.0,0.0,12.67,10.0,9.79,1.0,0.1,0.0,0.0,0.68,0.66,0.66,8.53,0.43,0.45,2.42,0.28,4.66,3.75,0.43,0.44,0.44,9.0,3.0,2.0,14.0,1.0,0.0,0.0,1.0,0.0,2.0,8.0,8.0,11.0,0.0,0.0,6.0,11.0,0.0,4.0,11.0,1.0,0.0,0.3,0.13,0.0,1.0,0.0,0.0,14.28,12.0,12.23,1.0,0.09,0.0,0.0,0.52,0.54,0.54
84808078481524,2025,Byram-Samuelsson,BUF,pairing,5on5,32,5228.0,253.0,0.49,0.44,0.47,38.9,3.95,2.53,9.39,1.22,19.82,15.1,3.86,4.04,3.96,37.0,15.0,12.0,64.0,7.0,3.0,0.0,6.0,0.0,18.0,18.0,30.0,45.0,4.0,8.0,23.0,34.0,10.0,24.0,35.0,14.0,3.0,1.1,1.84,1.0,3.0,4.0,0.0,66.18,52.0,53.56,12.0,0.53,1.0,1.0,3.47,3.58,3.54,42.93,4.13,2.94,11.38,1.51,22.52,16.53,3.94,4.02,3.84,43.0,16.0,22.0,81.0,4.0,7.0,0.0,9.0,0.0,17.0,22.0,39.0,55.0,4.0,8.0,36.0,39.0,5.0,17.0,40.0,16.0,3.0,1.17,2.14,0.83,2.0,2.0,0.0,78.24,59.0,57.64,8.0,0.6,1.3,1.3,3.44,3.33,3.27
847745084774798481624,2025,Bertuzzi-Dickinson-Mikheyev,CHI,line,5on5,7,844.0,87.0,0.86,0.74,0.72,9.33,1.08,0.57,2.7,0.38,5.01,3.26,1.03,1.01,0.96,5.0,8.0,4.0,17.0,0.0,4.0,0.0,2.0,0.0,1.0,6.0,5.0,13.0,1.0,2.0,5.0,6.0,1.0,5.0,10.0,2.0,1.0,0.41,0.35,0.32,0.0,0.0,0.0,15.93,13.0,12.22,2.0,0.12,0.56,0.56,0.65,0.61,0.6,3.67,0.18,0.23,0.82,0.12,2.13,1.52,0.18,0.18,0.18,4.0,1.0,1.0,6.0,0.0,0.0,0.0,0.0,0.0,1.0,4.0,4.0,5.0,2.0,4.0,6.0,2.0,0.0,4.0,4.0,1.0,0.0,0.08,0.1,0.0,0.0,0.0,0.0,6.13,5.0,5.11,2.0,0.05,0.0,0.0,0.23,0.23,0.23
84815688484783,2025,Vlasic-Levshunov,CHI,pairing,5on5,35,5881.0,264.0,0.4,0.43,0.41,41.37,3.72,2.78,10.1,1.27,22.48,16.65,3.59,3.8,3.67,39.0,18.0,24.0,81.0,3.0,4.0,0.0,12.0,0.0,17.0,21.0,36.0,54.0,3.0,6.0,28.0,24.0,10.0,24.0,39.0,14.0,4.0,1.3,1.54,0.88,1.0,0.0,2.0,82.48,57.0,58.29,8.0,0.58,0.59,0.59,3.7,3.79,3.69,59.94,5.56,3.84,14.29,1.97,32.28,24.06,5.42,5.48,5.35,57.0,25.0,26.0,108.0,3.0,5.0,0.0,14.0,0.0,31.0,29.0,54.0,79.0,4.0,8.0,37.0,45.0,9.0,31.0,60.0,17.0,5.0,1.79,2.19,1.58,3.0,0.0,0.0,108.55,82.0,82.46,15.0,0.8,1.33,1.33,5.02,4.97,4.92
847517084774028484164,2025,Buchnevich-Dvorsky-Schenn,STL,line,5on5,8,3582.0,42.0,0.55,0.57,0.57,38.91,3.8,2.57,9.47,1.28,21.15,15.72,3.73,3.91,3.84,40.0,14.0,23.0,77.0,2.0,4.0,0.0,11.0,0.0,22.0,15.0,38.0,52.0,1.0,2.0,29.0,27.0,2.0,23.0,38.0,11.0,5.0,1.09,1.2,1.5,1.0,1.0,0.0,78.67,54.0,55.71,8.0,0.53,0.82,0.82,3.5,3.6,3.59,30.58,3.13,2.1,7.74,1.01,15.68,11.34,2.91,3.14,2.91,27.0,14.0,16.0,57.0,2.0,6.0,1.0,4.0,0.0,19.0,10.0,25.0,39.0,3.0,6.0,33.0,13.0,2.0,11.0,28.0,9.0,4.0,0.71,1.2,1.22,1.0,0.0,1.0,55.91,41.0,40.07,9.0,0.44,1.34,1.34,2.23,2.21,2.17
847794084784278480830,2025,Ehlers-Aho-Svechnikov,CAR,line,5on5,2,867.0,11.0,0.43,0.56,0.57,8.95,0.93,0.58,2.14,0.31,4.68,3.35,0.91,0.9,0.87,10.0,2.0,3.0,15.0,2.0,1.0,0.0,1.0,0.0,5.0,3.0,8.0,10.0,1.0,2.0,6.0,3.0,3.0,3.0,5.0,7.0,0.0,0.13,0.8,0.0,0.0,2.0,0.0,14.34,12.0,11.54,1.0,0.12,0.11,0.11,0.95,0.92,0.89,6.43,1.24,0.58,1.33,0.23,3.31,2.3,1.16,1.22,1.15,7.0,2.0,3.0,12.0,1.0,2.0,0.0,2.0,0.0,0.0,4.0,6.0,8.0,2.0,4.0,9.0,7.0,1.0,4.0,4.0,3.0,2.0,0.16,0.41,0.67,0.0,1.0,0.0,12.58,9.0,9.31,3.0,0.13,0.67,0.67,0.69,0.71,0.71
847643884768818481604,2025,Saad-Hertl-Dorofeyev,VGK,line,5on5,18,8285.0,71.0,0.56,0.6,0.57,70.56,5.97,4.7,17.61,2.2,38.35,27.16,5.73,5.75,5.53,61.0,35.0,58.0,154.0,2.0,6.0,1.0,21.0,0.0,42.0,25.0,59.0,94.0,8.0,19.0,76.0,47.0,13.0,33.0,68.0,24.0,4.0,1.88,3.05,1.04,1.0,1.0,0.0,148.1,96.0,92.31,9.0,0.99,1.24,1.24,5.72,5.56,5.46,52.75,4.61,3.52,13.54,1.86,28.62,20.85,4.35,4.77,4.5,47.0,26.0,30.0,103.0,6.0,5.0,0.0,12.0,0.0,24.0,26.0,41.0,67.0,6.0,15.0,66.0,60.0,10.0,39.0,52.0,18.0,3.0,1.43,2.27,0.91,1.0,4.0,1.0,106.12,73.0,75.33,20.0,0.73,0.91,0.91,4.44,4.58,4.39
847456484752878484241,2025,Stamkos-Haula-Wood,NSH,line,5on5,7,1090.0,76.0,0.29,0.5,0.44,8.05,0.51,0.38,2.61,0.26,4.12,3.1,0.51,0.47,0.46,4.0,7.0,6.0,17.0,0.0,1.0,0.0,1.0,0.0,4.0,5.0,4.0,11.0,2.0,4.0,13.0,3.0,6.0,8.0,10.0,0.0,1.0,0.17,0.0,0.34,0.0,0.0,0.0,15.19,11.0,10.08,4.0,0.08,0.34,0.34,0.25,0.23,0.22,10.33,1.23,0.78,2.48,0.33,5.32,3.86,1.16,1.35,1.28,8.0,6.0,3.0,17.0,2.0,1.0,0.0,3.0,0.0,3.0,5.0,6.0,12.0,0.0,0.0,8.0,10.0,3.0,4.0,9.0,3.0,2.0,0.35,0.37,0.51,1.0,1.0,0.0,18.79,14.0,15.19,2.0,0.16,0.26,0.26,1.13,1.25,1.24
84759068479983,2025,Ferraro-Klingberg,SJS,pairing,5on5,28,12465.0,112.0,0.44,0.44,0.44,85.15,6.62,5.55,21.16,3.13,46.48,35.07,6.52,6.6,6.5,80.0,38.0,50.0,168.0,11.0,7.0,0.0,14.0,0.0,45.0,41.0,69.0,107.0,13.0,26.0,75.0,81.0,15.0,57.0,89.0,23.0,6.0,2.48,2.67,1.47,4.0,7.0,0.0,168.16,118.0,118.53,22.0,1.14,0.96,0.96,6.8,6.82,6.74,108.21,8.36,6.75,28.3,3.7,59.11,43.78,8.07,8.55,8.26,97.0,53.0,65.0,215.0,5.0,7.0,1.0,23.0,0.0,50.0,65.0,92.0,145.0,11.0,24.0,119.0,62.0,21.0,65.0,120.0,23.0,7.0,3.35,3.11,1.9,3.0,0.0,2.0,217.03,150.0,151.65,25.0,1.4,1.36,1.36,8.41,8.56,8.43
84775048479378,2025,Morrissey-Stanley,WPG,pairing,5on5,30,2296.0,239.0,0.4,0.42,0.47,17.21,1.49,1.05,3.89,0.56,9.32,7.69,1.48,1.47,1.46,16.0,8.0,4.0,28.0,5.0,1.0,1.0,3.0,0.0,4.0,11.0,11.0,19.0,3.0,9.0,7.0,10.0,2.0,13.0,20.0,3.0,1.0,0.67,0.53,0.3,2.0,2.0,1.0,27.16,24.0,23.52,5.0,0.22,0.17,0.17,1.54,1.51,1.51,19.54,2.28,1.34,4.62,0.66,10.24,7.87,2.2,2.36,2.27,20.0,7.0,12.0,39.0,3.0,3.0,1.0,4.0,0.0,10.0,7.0,17.0,24.0,5.0,13.0,7.0,13.0,3.0,10.0,17.0,7.0,3.0,0.51,1.01,0.76,0.0,1.0,2.0,39.88,27.0,27.67,4.0,0.28,0.76,0.76,1.8,1.85,1.82
84768548482511,2025,Lindholm-Lohrei,BOS,pairing,5on5,21,1281.0,175.0,0.7,0.55,0.56,11.75,1.02,0.76,3.15,0.43,5.15,4.48,1.0,1.03,1.01,10.0,5.0,6.0,21.0,1.0,2.0,0.0,3.0,0.0,2.0,7.0,9.0,14.0,1.0,2.0,3.0,3.0,0.0,4.0,9.0,6.0,0.0,0.25,0.78,0.0,0.0,1.0,0.0,20.75,15.0,15.15,1.0,0.16,0.26,0.26,0.92,0.94,0.93,8.73,0.45,0.42,2.52,0.3,4.47,3.84,0.45,0.47,0.47,5.0,7.0,5.0,17.0,0.0,0.0,0.0,0.0,0.0,1.0,11.0,5.0,12.0,0.0,0.0,3.0,9.0,3.0,3.0,10.0,2.0,0.0,0.25,0.2,0.0,0.0,0.0,0.0,17.44,12.0,12.2,1.0,0.08,0.0,0.0,0.53,0.55,0.55
84788518481593,2025,Struble-Carrier,MTL,pairing,5on5,23,2612.0,166.0,0.42,0.44,0.45,22.32,2.25,1.35,5.39,0.69,11.86,8.47,2.16,2.21,2.12,14.0,16.0,11.0,41.0,0.0,1.0,0.0,2.0,0.0,15.0,12.0,14.0,30.0,7.0,14.0,15.0,16.0,3.0,13.0,21.0,5.0,4.0,0.7,0.63,0.92,0.0,0.0,0.0,40.43,30.0,29.63,6.0,0.28,0.21,0.21,2.32,2.27,2.22,26.64,3.05,1.98,6.73,0.93,13.68,9.64,2.79,3.08,2.83,24.0,12.0,16.0,52.0,2.0,6.0,1.0,2.0,0.0,18.0,8.0,22.0,34.0,3.0,6.0,12.0,17.0,8.0,12.0,19.0,14.0,3.0,0.51,1.87,0.67,0.0,2.0,0.0,52.95,36.0,36.24,8.0,0.42,1.14,1.14,2.33,2.36,2.29
847794984808028482659,2025,Doan-Mcleod-Tuch,BUF,line,5on5,16,6396.0,67.0,0.64,0.59,0.61,82.23,7.93,5.4,21.24,2.71,44.42,31.3,7.36,7.77,7.2,70.0,43.0,30.0,143.0,10.0,13.0,2.0,13.0,0.0,44.0,33.0,60.0,103.0,8.0,19.0,58.0,20.0,11.0,34.0,79.0,24.0,10.0,2.12,2.96,2.86,4.0,4.0,2.0,139.49,113.0,110.68,18.0,1.13,2.56,2.56,6.5,6.36,6.12,53.57,4.44,3.13,13.92,1.91,27.79,21.81,4.22,4.52,4.3,44.0,29.0,27.0,100.0,6.0,7.0,1.0,10.0,0.0,23.0,27.0,38.0,67.0,5.0,13.0,57.0,37.0,7.0,31.0,56.0,12.0,5.0,1.57,1.53,1.33,3.0,2.0,1.0,101.43,73.0,74.12,17.0,0.65,1.55,1.55,3.53,3.59,3.44
847749684799878482177,2025,Khusnutdinov-Lindholm-Geekie,BOS,line,5on5,5,729.0,34.0,0.1,0.27,0.22,2.57,0.14,0.18,0.77,0.09,1.69,1.14,0.14,0.13,0.13,3.0,1.0,2.0,6.0,0.0,0.0,0.0,1.0,0.0,1.0,2.0,3.0,4.0,1.0,2.0,4.0,5.0,0.0,2.0,4.0,0.0,0.0,0.14,0.0,0.0,0.0,0.0,0.0,5.53,4.0,3.78,2.0,0.04,0.0,0.0,0.17,0.17,0.17,11.1,1.26,0.87,2.45,0.33,5.22,3.88,1.24,1.35,1.32,7.0,7.0,2.0,16.0,1.0,1.0,0.0,1.0,0.0,3.0,8.0,6.0,13.0,0.0,0.0,3.0,5.0,0.0,1.0,8.0,5.0,1.0,0.3,0.69,0.27,1.0,0.0,0.0,17.57,14.0,15.02,0.0,0.18,0.1,0.1,1.34,1.43,1.42
847749784824758482660,2025,Johnson-Monahan-Chinakhov,CBJ,line,5on5,4,755.0,40.0,0.16,0.41,0.32,4.5,0.32,0.24,1.02,0.14,2.4,1.88,0.32,0.32,0.32,5.0,1.0,5.0,11.0,0.0,0.0,0.0,1.0,0.0,1.0,4.0,5.0,6.0,0.0,0.0,4.0,2.0,1.0,1.0,5.0,0.0,1.0,0.09,0.0,0.23,0.0,0.0,0.0,11.37,6.0,6.2,0.0,0.05,0.0,0.0,0.37,0.37,0.37,10.7,1.68,0.86,2.85,0.32,4.23,3.06,1.48,1.63,1.44,10.0,3.0,3.0,16.0,2.0,3.0,0.0,1.0,0.0,4.0,3.0,8.0,11.0,0.0,0.0,7.0,2.0,3.0,2.0,6.0,1.0,6.0,0.13,0.11,1.43,0.0,1.0,1.0,15.52,13.0,12.57,1.0,0.19,0.76,0.76,1.1,1.09,1.06
847523184774078481237,2025,Duclair-Cizikas-Maclean,NYI,line,5on5,7,2080.0,44.0,0.47,0.43,0.51,16.11,1.33,0.87,4.28,0.54,8.08,5.91,1.31,1.28,1.25,16.0,5.0,5.0,26.0,2.0,2.0,0.0,1.0,0.0,3.0,13.0,14.0,19.0,5.0,10.0,24.0,16.0,2.0,12.0,15.0,5.0,1.0,0.36,0.7,0.27,2.0,0.0,0.0,24.81,21.0,20.2,5.0,0.18,0.35,0.35,1.16,1.12,1.1,14.19,1.51,0.94,3.35,0.46,8.08,5.66,1.44,1.64,1.56,14.0,6.0,15.0,35.0,1.0,1.0,0.0,2.0,0.0,6.0,10.0,13.0,19.0,2.0,4.0,13.0,11.0,4.0,8.0,14.0,5.0,1.0,0.42,0.69,0.4,0.0,1.0,0.0,36.64,20.0,20.8,3.0,0.2,0.4,0.4,1.3,1.38,1.37
847844484784988480012,2025,Debrusk-Pettersson-Boeser,VAN,line,5on5,12,2319.0,104.0,0.37,0.39,0.41,17.87,1.46,1.2,4.66,0.54,9.35,6.79,1.39,1.43,1.36,14.0,10.0,5.0,29.0,2.0,2.0,0.0,1.0,0.0,8.0,11.0,12.0,22.0,1.0,2.0,16.0,14.0,4.0,11.0,20.0,2.0,2.0,0.77,0.25,0.44,2.0,0.0,0.0,28.85,24.0,23.57,6.0,0.25,0.44,0.44,1.27,1.25,1.23,24.95,2.5,1.63,5.93,0.83,13.42,9.69,2.26,2.57,2.33,26.0,8.0,12.0,46.0,2.0,4.0,2.0,3.0,0.0,15.0,10.0,24.0,32.0,3.0,6.0,24.0,16.0,2.0,8.0,24.0,7.0,3.0,0.73,0.9,0.88,0.0,1.0,1.0,46.66,34.0,34.77,5.0,0.34,1.01,1.01,1.82,1.83,1.73
847576384834878485414,2025,Mcgroarty-Kindel-Hayes,PIT,line,5on5,1,729.0,2.0,0.52,0.69,0.64,4.87,0.13,0.24,1.24,0.17,3.01,2.21,0.13,0.13,0.13,3.0,4.0,2.0,9.0,0.0,0.0,0.0,1.0,0.0,3.0,3.0,3.0,7.0,0.0,0.0,4.0,3.0,0.0,4.0,7.0,0.0,0.0,0.13,0.0,0.0,0.0,0.0,0.0,8.18,7.0,6.69,2.0,0.05,0.0,0.0,0.18,0.17,0.17,2.96,0.12,0.14,0.58,0.08,1.62,1.46,0.12,0.12,0.12,2.0,2.0,0.0,4.0,0.0,0.0,0.0,1.0,0.0,0.0,3.0,2.0,4.0,0.0,0.0,5.0,5.0,0.0,1.0,4.0,0.0,0.0,0.12,0.0,0.0,0.0,0.0,0.0,4.21,4.0,4.17,0.0,0.03,0.0,0.0,0.15,0.15,0.15
84794428481122,2025,Benoit-Stecher,TOR,pairing,5on5,11,1935.0,86.0,0.5,0.62,0.58,18.99,1.4,1.27,4.86,0.64,10.52,7.31,1.35,1.38,1.33,18.0,8.0,13.0,39.0,1.0,2.0,0.0,3.0,0.0,12.0,8.0,17.0,25.0,1.0,2.0,15.0,13.0,2.0,6.0,21.0,4.0,1.0,0.66,0.47,0.27,1.0,0.0,0.0,39.14,26.0,26.08,3.0,0.26,0.27,0.27,1.39,1.36,1.34,13.86,1.42,0.84,3.77,0.53,7.32,5.11,1.32,1.51,1.4,12.0,7.0,5.0,24.0,0.0,2.0,0.0,1.0,0.0,9.0,7.0,12.0,19.0,0.0,0.0,11.0,12.0,2.0,13.0,13.0,4.0,2.0,0.28,0.49,0.66,0.0,0.0,0.0,25.61,19.0,20.04,7.0,0.17,0.66,0.66,0.94,0.99,0.95
848002384820778483516,2025,Holloway-Thomas-Snuggerud,STL,line,5on5,10,997.0,132.0,0.56,0.74,0.67,9.83,0.7,0.64,2.79,0.41,5.6,3.86,0.68,0.71,0.68,10.0,4.0,9.0,23.0,2.0,2.0,1.0,0.0,0.0,6.0,4.0,8.0,12.0,1.0,2.0,9.0,4.0,1.0,2.0,11.0,2.0,1.0,0.25,0.21,0.25,2.0,0.0,0.0,23.5,14.0,14.2,1.0,0.13,0.32,0.32,0.52,0.52,0.5,4.7,0.54,0.34,0.99,0.16,2.89,2.08,0.54,0.53,0.52,6.0,1.0,1.0,8.0,0.0,0.0,0.0,1.0,0.0,0.0,6.0,6.0,7.0,0.0,0.0,3.0,6.0,2.0,7.0,5.0,2.0,0.0,0.27,0.27,0.0,0.0,0.0,0.0,8.04,7.0,7.01,4.0,0.07,0.0,0.0,0.61,0.6,0.59
847751184784388479638,2025,Mantha-Novak-Brazeau,PIT,line,5on5,7,3559.0,21.0,0.52,0.52,0.51,35.1,3.05,2.62,8.49,1.27,18.62,13.96,3.0,3.11,3.06,30.0,18.0,20.0,68.0,4.0,2.0,0.0,4.0,0.0,24.0,14.0,26.0,44.0,5.0,10.0,19.0,22.0,8.0,14.0,34.0,11.0,3.0,0.91,1.44,0.7,1.0,3.0,0.0,68.93,48.0,48.78,7.0,0.55,0.35,0.35,3.25,3.34,3.28,32.85,2.84,2.13,8.83,1.16,18.01,13.04,2.68,2.78,2.62,24.0,22.0,18.0,64.0,3.0,4.0,0.0,6.0,0.0,20.0,13.0,21.0,43.0,2.0,4.0,23.0,24.0,9.0,21.0,37.0,5.0,4.0,1.1,0.62,1.11,3.0,0.0,0.0,62.97,46.0,45.08,11.0,0.44,1.11,1.11,2.16,2.12,2.08
84753248478469,2025,Chabot-Jensen,OTT,pairing,5on5,22,15906.0,58.0,0.51,0.51,0.51,126.69,11.45,8.47,31.39,4.23,68.75,48.7,11.07,11.5,11.13,117.0,56.0,63.0,236.0,12.0,8.0,1.0,25.0,1.0,65.0,62.0,105.0,161.0,22.0,54.0,130.0,131.0,24.0,63.0,127.0,34.0,12.0,3.94,4.53,2.97,3.0,7.0,2.0,235.59,173.0,173.1,32.0,1.76,2.0,2.0,11.21,11.26,11.15,119.4,10.82,7.8,30.33,3.97,64.01,46.07,10.37,10.85,10.4,105.0,58.0,67.0,230.0,12.0,16.0,2.0,20.0,0.0,62.0,53.0,93.0,151.0,29.0,66.0,96.0,116.0,23.0,66.0,118.0,34.0,11.0,3.62,3.97,3.23,5.0,5.0,2.0,233.2,163.0,164.68,40.0,1.61,3.2,3.2,9.23,9.27,9.14
847062184764698481532,2025,Perry-Turcotte-Armia,LAK,line,5on5,9,1158.0,101.0,0.37,0.33,0.41,7.87,0.66,0.59,1.85,0.27,4.42,3.21,0.64,0.69,0.67,9.0,2.0,1.0,12.0,2.0,0.0,0.0,1.0,0.0,2.0,6.0,7.0,9.0,3.0,6.0,9.0,1.0,0.0,6.0,7.0,4.0,0.0,0.19,0.47,0.0,1.0,1.0,0.0,12.37,11.0,11.33,4.0,0.12,0.0,0.0,0.78,0.82,0.8,12.26,1.11,0.63,2.96,0.35,5.89,5.05,1.1,1.08,1.07,10.0,6.0,8.0,24.0,2.0,1.0,1.0,0.0,0.0,4.0,9.0,8.0,14.0,2.0,4.0,10.0,11.0,4.0,4.0,11.0,4.0,1.0,0.14,0.47,0.5,1.0,0.0,1.0,23.5,16.0,16.15,2.0,0.13,0.5,0.5,0.74,0.73,0.73
84811678482165,2025,Kuznetsov-Pachal,CGY,pairing,5on5,12,1889.0,70.0,0.52,0.53,0.53,16.04,1.03,1.18,3.64,0.51,9.66,6.98,1.02,1.04,1.04,14.0,9.0,12.0,35.0,1.0,1.0,0.0,3.0,0.0,11.0,7.0,13.0,22.0,1.0,2.0,6.0,18.0,3.0,8.0,17.0,6.0,0.0,0.37,0.66,0.0,1.0,0.0,0.0,35.44,23.0,22.98,3.0,0.24,0.01,0.01,1.26,1.28,1.27,14.54,0.97,0.8,3.94,0.44,7.85,6.0,0.97,0.96,0.96,12.0,8.0,11.0,31.0,0.0,0.0,0.0,2.0,0.0,11.0,7.0,12.0,20.0,2.0,4.0,12.0,13.0,1.0,3.0,16.0,4.0,0.0,0.38,0.59,0.0,0.0,0.0,0.0,30.42,20.0,19.66,1.0,0.16,0.0,0.0,1.13,1.12,1.12
84764578479324,2025,Lindgren-Larsson,SEA,pairing,5on5,29,1910.0,218.0,0.29,0.31,0.28,7.62,1.16,0.54,1.75,0.24,3.67,2.65,0.94,1.14,0.92,8.0,2.0,5.0,15.0,1.0,2.0,1.0,1.0,0.0,4.0,2.0,7.0,9.0,0.0,0.0,8.0,16.0,5.0,8.0,6.0,2.0,2.0,0.2,0.25,0.71,0.0,0.0,1.0,14.82,10.0,9.89,3.0,0.11,0.71,0.71,0.56,0.55,0.54,19.42,2.88,1.47,4.89,0.71,8.78,7.26,2.47,2.82,2.42,16.0,10.0,7.0,33.0,0.0,7.0,0.0,3.0,0.0,7.0,9.0,16.0,26.0,1.0,2.0,12.0,9.0,0.0,4.0,15.0,6.0,5.0,0.45,0.68,1.76,0.0,0.0,0.0,31.93,26.0,25.31,0.0,0.32,1.81,1.81,1.39,1.36,1.32
848018884808018482116,2025,Zetterlund-Sttzle-Tkachuk,OTT,line,5on5,18,7944.0,67.0,0.72,0.63,0.66,101.44,8.74,6.56,26.06,3.08,52.41,37.15,8.34,8.81,8.41,93.0,41.0,45.0,179.0,7.0,6.0,0.0,23.0,1.0,49.0,48.0,86.0,127.0,11.0,22.0,77.0,80.0,16.0,35.0,101.0,24.0,9.0,3.16,3.11,2.47,6.0,0.0,1.0,179.7,134.0,134.17,15.0,1.37,1.47,1.47,8.64,8.72,8.54,51.57,3.48,3.27,12.79,1.66,27.82,20.99,3.43,3.54,3.49,50.0,20.0,34.0,104.0,6.0,6.0,0.0,7.0,0.0,29.0,22.0,44.0,64.0,17.0,38.0,58.0,51.0,7.0,40.0,56.0,12.0,2.0,1.56,1.4,0.51,1.0,3.0,2.0,104.52,70.0,71.3,22.0,0.67,0.44,0.44,3.71,3.76,3.74
84768568477435,2025,Graves-Dumba,PIT,pairing,5on5,6,4851.0,18.0,0.38,0.46,0.47,33.86,2.55,2.16,8.85,1.16,19.42,13.85,2.51,2.55,2.52,31.0,17.0,23.0,71.0,2.0,1.0,0.0,7.0,1.0,15.0,22.0,29.0,46.0,1.0,2.0,31.0,33.0,5.0,12.0,40.0,5.0,3.0,1.27,0.6,0.67,2.0,0.0,0.0,69.34,48.0,47.32,6.0,0.44,0.21,0.21,2.79,2.78,2.75,39.65,4.13,2.56,9.97,1.29,20.75,15.3,4.0,4.18,4.04,34.0,20.0,29.0,83.0,6.0,3.0,1.0,7.0,0.0,18.0,20.0,28.0,48.0,2.0,4.0,36.0,36.0,9.0,25.0,35.0,14.0,5.0,1.13,1.7,1.3,1.0,4.0,1.0,82.93,54.0,54.37,8.0,0.54,0.68,0.68,3.99,4.05,3.97
84780558478859,2025,Mikkola-Forsling,FLA,pairing,5on5,35,2900.0,207.0,0.65,0.65,0.64,26.34,2.77,1.67,6.6,0.89,13.88,10.18,2.7,2.71,2.64,23.0,13.0,15.0,51.0,3.0,4.0,0.0,5.0,0.0,9.0,15.0,20.0,33.0,3.0,6.0,7.0,30.0,6.0,16.0,26.0,6.0,4.0,0.81,0.7,1.26,1.0,1.0,1.0,50.73,36.0,35.91,8.0,0.35,1.04,1.04,2.08,2.07,2.04,14.08,1.52,0.99,3.35,0.49,7.95,5.71,1.52,1.56,1.56,12.0,8.0,8.0,28.0,2.0,1.0,0.0,4.0,0.0,5.0,8.0,10.0,18.0,5.0,10.0,10.0,7.0,5.0,15.0,13.0,5.0,2.0,0.39,0.56,0.57,1.0,1.0,0.0,28.67,20.0,20.28,7.0,0.21,0.32,0.32,1.41,1.43,1.43
847418984802088482116,2025,Eller-Sttzle-Batherson,OTT,line,5on5,10,888.0,109.0,0.66,0.65,0.59,7.19,0.54,0.45,1.96,0.24,3.98,2.83,0.53,0.55,0.54,5.0,5.0,7.0,17.0,0.0,1.0,0.0,1.0,0.0,6.0,2.0,5.0,10.0,1.0,2.0,12.0,3.0,1.0,6.0,8.0,1.0,1.0,0.23,0.09,0.22,0.0,0.0,0.0,16.43,10.0,9.72,0.0,0.09,0.22,0.22,0.41,0.41,0.4,5.18,0.27,0.26,1.25,0.16,2.92,2.13,0.27,0.26,0.26,5.0,2.0,2.0,9.0,0.0,0.0,0.0,0.0,0.0,4.0,3.0,5.0,7.0,0.0,0.0,4.0,6.0,0.0,8.0,6.0,1.0,0.0,0.18,0.09,0.0,0.0,0.0,0.0,9.0,7.0,7.06,4.0,0.05,0.0,0.0,0.32,0.31,0.31
84769028480036,2025,Heiskanen-Lindell,DAL,pairing,5on5,41,32911.0,58.0,0.58,0.5,0.51,256.13,27.42,17.42,64.46,8.47,131.93,96.29,25.92,28.03,26.47,229.0,117.0,125.0,471.0,29.0,35.0,4.0,46.0,0.0,127.0,109.0,200.0,317.0,34.0,73.0,330.0,141.0,48.0,155.0,230.0,77.0,39.0,7.71,9.26,10.44,12.0,10.0,7.0,481.12,346.0,353.14,86.0,3.66,7.53,7.53,23.56,23.95,23.43,237.55,19.8,15.18,61.28,7.93,128.94,93.86,19.23,19.55,18.99,206.0,121.0,139.0,466.0,18.0,22.0,2.0,43.0,0.0,107.0,137.0,188.0,309.0,37.0,79.0,278.0,214.0,47.0,155.0,248.0,64.0,15.0,7.7,7.83,4.28,10.0,7.0,1.0,459.11,327.0,322.46,58.0,3.16,3.53,3.53,19.43,19.17,18.9
847579484793518482145,2025,Steel-Bourque-Seguin,DAL,line,5on5,13,1590.0,169.0,0.36,0.52,0.48,11.66,0.68,0.63,3.01,0.39,6.4,4.89,0.68,0.66,0.65,10.0,6.0,7.0,23.0,0.0,0.0,0.0,3.0,0.0,3.0,10.0,10.0,16.0,2.0,4.0,14.0,7.0,1.0,4.0,14.0,2.0,0.0,0.5,0.18,0.0,0.0,0.0,0.0,21.99,16.0,15.4,2.0,0.13,0.0,0.0,0.81,0.78,0.78,11.59,1.23,0.83,2.97,0.44,6.74,4.81,1.18,1.22,1.18,6.0,11.0,4.0,21.0,1.0,4.0,1.0,0.0,0.0,3.0,9.0,5.0,16.0,0.0,0.0,5.0,4.0,5.0,9.0,14.0,1.0,2.0,0.5,0.16,0.57,1.0,0.0,0.0,21.54,17.0,17.44,7.0,0.17,0.67,0.67,0.72,0.74,0.72
84801968482671,2025,Power-Bryson,BUF,pairing,5on5,20,7595.0,83.0,0.56,0.52,0.51,65.87,7.37,4.54,16.31,2.26,35.13,24.4,7.1,7.32,7.06,60.0,30.0,38.0,128.0,5.0,5.0,1.0,16.0,0.0,32.0,32.0,55.0,85.0,6.0,12.0,61.0,42.0,14.0,28.0,62.0,18.0,10.0,2.09,2.45,2.83,3.0,1.0,1.0,128.36,90.0,88.8,10.0,0.95,1.47,1.76,6.55,6.5,6.38,65.23,5.7,4.11,17.46,2.1,33.19,25.43,5.3,5.61,5.24,61.0,27.0,28.0,116.0,6.0,11.0,1.0,19.0,0.0,31.0,21.0,55.0,82.0,8.0,16.0,53.0,58.0,12.0,28.0,67.0,12.0,9.0,1.64,1.59,2.47,1.0,3.0,2.0,112.79,88.0,87.06,16.0,0.86,2.23,2.23,4.32,4.33,4.16
84779328484304,2025,Balinskis-Ekblad,FLA,pairing,5on5,19,1059.0,153.0,0.16,0.34,0.46,7.91,0.23,0.43,2.04,0.24,4.62,3.45,0.23,0.22,0.22,5.0,6.0,1.0,12.0,0.0,0.0,0.0,0.0,0.0,4.0,7.0,5.0,11.0,3.0,6.0,4.0,9.0,1.0,4.0,11.0,0.0,0.0,0.23,0.0,0.0,0.0,0.0,0.0,11.13,11.0,10.47,3.0,0.08,0.0,0.0,0.31,0.3,0.3,9.53,1.16,0.76,2.32,0.34,4.96,3.44,1.11,1.14,1.09,8.0,5.0,10.0,23.0,0.0,0.0,0.0,3.0,0.0,4.0,6.0,8.0,13.0,1.0,2.0,3.0,8.0,2.0,8.0,7.0,4.0,2.0,0.2,0.48,0.48,0.0,0.0,0.0,24.2,13.0,13.25,3.0,0.16,0.0,0.0,1.33,1.3,1.24
847575484774768477501,2025,Lehkonen-Nelson-Nichushkin,COL,line,5on5,19,3049.0,214.0,0.68,0.63,0.6,30.97,3.11,2.08,8.47,1.11,17.06,12.17,3.01,3.13,3.03,29.0,15.0,20.0,64.0,4.0,5.0,3.0,5.0,0.0,13.0,17.0,25.0,40.0,3.0,6.0,20.0,9.0,6.0,17.0,31.0,9.0,4.0,0.86,1.16,1.1,1.0,1.0,2.0,66.83,44.0,44.81,7.0,0.44,1.27,1.27,2.28,2.28,2.26,19.92,1.48,1.23,4.92,0.66,11.96,8.74,1.44,1.47,1.43,16.0,13.0,9.0,38.0,1.0,2.0,0.0,4.0,0.0,14.0,8.0,15.0,28.0,3.0,6.0,27.0,21.0,3.0,17.0,23.0,5.0,1.0,0.74,0.51,0.23,0.0,1.0,0.0,37.0,29.0,28.29,8.0,0.25,0.57,0.23,1.51,1.48,1.46
84799808482482,2025,Hague-Wilsby,NSH,pairing,5on5,19,3225.0,138.0,0.3,0.44,0.39,21.23,1.48,1.36,5.23,0.67,11.75,8.51,1.46,1.44,1.43,19.0,10.0,15.0,44.0,1.0,0.0,0.0,5.0,0.0,10.0,13.0,18.0,28.0,4.0,8.0,24.0,29.0,5.0,13.0,23.0,5.0,1.0,0.65,0.61,0.22,1.0,0.0,0.0,43.42,29.0,28.68,6.0,0.29,0.0,0.0,1.76,1.72,1.7,32.42,3.47,2.35,8.35,1.15,17.22,12.45,3.24,3.62,3.37,30.0,15.0,11.0,56.0,4.0,3.0,1.0,11.0,0.0,10.0,17.0,26.0,41.0,2.0,4.0,21.0,16.0,1.0,13.0,31.0,9.0,5.0,0.93,1.14,1.4,1.0,3.0,0.0,57.69,45.0,46.37,5.0,0.5,0.71,0.71,3.25,3.38,3.19
84788418483495,2025,White-Nemec,NJD,pairing,5on5,8,2264.0,48.0,0.49,0.52,0.56,18.62,1.38,1.14,4.93,0.68,10.93,7.93,1.33,1.36,1.32,18.0,9.0,9.0,36.0,1.0,1.0,0.0,4.0,0.0,8.0,13.0,17.0,26.0,2.0,4.0,20.0,13.0,2.0,12.0,20.0,7.0,0.0,0.51,0.87,0.0,0.0,1.0,0.0,34.48,27.0,25.88,7.0,0.24,0.04,0.04,1.57,1.54,1.5,15.5,1.44,1.01,3.88,0.46,8.09,6.12,1.43,1.51,1.51,15.0,6.0,12.0,33.0,1.0,1.0,0.0,3.0,0.0,11.0,5.0,14.0,20.0,1.0,2.0,14.0,15.0,1.0,14.0,14.0,5.0,2.0,0.29,0.64,0.52,1.0,0.0,0.0,34.98,21.0,22.23,10.0,0.21,0.31,0.31,1.34,1.39,1.38
84778458480873,2025,Sandin-Van Riemsdyk,WSH,pairing,5on5,23,11205.0,93.0,0.6,0.45,0.48,84.7,9.73,5.8,19.36,2.82,44.08,33.22,9.42,9.75,9.44,64.0,51.0,41.0,156.0,5.0,11.0,1.0,7.0,0.0,34.0,58.0,59.0,110.0,7.0,19.0,90.0,53.0,18.0,38.0,66.0,36.0,13.0,2.08,4.37,3.28,1.0,2.0,2.0,155.99,115.0,115.29,15.0,1.21,2.54,2.54,8.4,8.4,8.25,93.75,6.59,5.31,23.86,3.15,49.24,38.86,6.43,6.51,6.36,85.0,42.0,65.0,192.0,7.0,4.0,0.0,17.0,0.0,51.0,48.0,78.0,120.0,8.0,19.0,82.0,83.0,14.0,53.0,104.0,18.0,5.0,2.93,2.46,1.2,6.0,1.0,0.0,192.55,127.0,126.97,33.0,1.09,0.7,0.7,6.98,6.92,6.82
847783984793908483690,2025,Sheary-Laba-Raddysh,NYR,line,5on5,10,3020.0,63.0,0.35,0.49,0.49,24.27,1.53,1.34,5.93,0.75,13.32,10.13,1.53,1.54,1.54,20.0,13.0,14.0,47.0,0.0,0.0,0.0,3.0,0.0,14.0,16.0,20.0,33.0,0.0,0.0,22.0,22.0,6.0,12.0,27.0,5.0,1.0,0.66,0.58,0.29,0.0,0.0,0.0,47.91,33.0,33.9,6.0,0.27,0.0,0.0,1.8,1.82,1.82,26.9,2.78,1.71,6.41,0.83,13.34,9.94,2.67,2.93,2.81,20.0,15.0,14.0,49.0,3.0,3.0,0.0,2.0,0.0,15.0,12.0,17.0,32.0,1.0,2.0,18.0,24.0,4.0,14.0,24.0,7.0,4.0,0.6,1.11,1.07,1.0,2.0,0.0,51.34,35.0,36.82,5.0,0.36,0.63,0.63,2.51,2.61,2.59
847645384774048478519,2025,Guentzel-Cirelli-Kucherov,TBL,line,5on5,16,1030.0,175.0,0.6,0.61,0.57,8.21,0.57,0.55,1.89,0.25,5.0,3.75,0.57,0.55,0.55,7.0,5.0,5.0,17.0,1.0,0.0,0.0,3.0,0.0,4.0,4.0,6.0,11.0,0.0,0.0,5.0,4.0,5.0,5.0,9.0,3.0,0.0,0.3,0.27,0.0,0.0,1.0,0.0,17.21,12.0,12.12,1.0,0.11,0.0,0.0,0.68,0.67,0.66,6.53,0.38,0.37,1.67,0.21,3.75,2.62,0.38,0.4,0.4,8.0,1.0,2.0,11.0,1.0,0.0,0.0,1.0,0.0,2.0,5.0,7.0,8.0,3.0,6.0,9.0,12.0,0.0,3.0,9.0,0.0,0.0,0.38,0.0,0.0,1.0,0.0,0.0,11.53,9.0,9.38,2.0,0.08,0.0,0.0,0.46,0.48,0.48
847887384800688481754,2025,Nesterenko-Poehling-Terry,ANA,line,5on5,6,1234.0,56.0,0.76,0.64,0.65,12.96,1.52,0.75,3.54,0.42,6.01,4.76,1.47,1.41,1.37,14.0,3.0,4.0,21.0,1.0,2.0,0.0,2.0,0.0,6.0,6.0,13.0,16.0,0.0,0.0,13.0,9.0,1.0,8.0,13.0,2.0,2.0,0.46,0.28,0.77,0.0,0.0,1.0,19.67,17.0,16.07,5.0,0.16,0.32,0.32,1.36,1.28,1.27,6.17,0.48,0.42,1.53,0.19,3.78,2.6,0.48,0.51,0.51,7.0,2.0,3.0,12.0,1.0,0.0,0.0,2.0,0.0,3.0,3.0,6.0,8.0,0.0,0.0,8.0,8.0,0.0,12.0,7.0,2.0,0.0,0.19,0.29,0.0,1.0,0.0,0.0,12.65,9.0,9.4,8.0,0.09,0.0,0.0,0.57,0.6,0.59
847360484746798480289,2025,Barron-Toews-Nyquist,WPG,line,5on5,4,1409.0,15.0,0.51,0.44,0.43,9.46,1.16,0.72,2.41,0.34,4.96,3.41,1.11,1.1,1.06,8.0,5.0,6.0,19.0,0.0,3.0,0.0,1.0,0.0,4.0,5.0,8.0,13.0,4.0,11.0,15.0,10.0,3.0,7.0,6.0,6.0,1.0,0.14,0.78,0.24,0.0,0.0,0.0,17.85,13.0,12.14,5.0,0.15,0.48,0.48,0.83,0.81,0.8,12.89,1.1,0.81,2.93,0.38,6.79,4.99,1.09,1.14,1.12,15.0,2.0,7.0,24.0,2.0,0.0,0.0,0.0,0.0,9.0,6.0,13.0,15.0,4.0,11.0,13.0,11.0,0.0,6.0,10.0,7.0,0.0,0.26,0.84,0.0,1.0,1.0,0.0,24.91,17.0,17.66,2.0,0.17,0.0,0.0,1.27,1.31,1.29
84752188478013,2025,Ekholm-Walman,EDM,pairing,5on5,13,2736.0,85.0,0.51,0.55,0.49,22.25,2.35,1.52,5.33,0.77,11.7,9.34,2.28,2.36,2.28,19.0,12.0,16.0,47.0,2.0,4.0,0.0,5.0,0.0,14.0,6.0,17.0,29.0,2.0,4.0,18.0,10.0,1.0,14.0,21.0,8.0,2.0,0.85,1.06,0.45,2.0,0.0,0.0,46.15,31.0,30.4,4.0,0.32,0.63,0.63,2.04,2.05,2.03,22.54,2.24,1.58,5.04,0.79,13.18,9.17,2.2,2.24,2.19,17.0,15.0,6.0,38.0,2.0,1.0,0.0,4.0,0.0,13.0,12.0,15.0,30.0,2.0,4.0,23.0,13.0,3.0,11.0,22.0,7.0,3.0,0.77,0.79,0.67,0.0,1.0,1.0,38.49,32.0,32.47,5.0,0.32,0.23,0.23,2.33,2.33,2.29
84745688479378,2025,Stanley-Schenn,WPG,pairing,5on5,23,7993.0,108.0,0.55,0.54,0.5,65.52,5.86,4.38,16.37,2.24,36.1,26.05,5.65,5.79,5.58,54.0,37.0,52.0,143.0,5.0,5.0,1.0,16.0,0.0,34.0,31.0,49.0,86.0,11.0,28.0,66.0,88.0,9.0,39.0,66.0,20.0,5.0,1.99,2.53,1.34,2.0,3.0,0.0,141.61,91.0,90.3,20.0,0.91,0.9,0.89,5.89,5.82,5.72,64.46,4.87,3.92,16.15,2.25,35.89,26.92,4.7,4.98,4.8,54.0,36.0,32.0,122.0,5.0,3.0,0.0,12.0,0.0,35.0,35.0,49.0,85.0,6.0,18.0,51.0,45.0,11.0,44.0,68.0,17.0,5.0,1.68,1.88,1.3,3.0,1.0,1.0,125.32,90.0,92.42,21.0,0.81,0.38,0.38,5.3,5.46,5.35
847575484764558479525,2025,Landeskog-Nelson-Colton,COL,line,5on5,13,5218.0,44.0,0.67,0.54,0.57,57.3,6.1,3.65,15.51,2.04,29.63,21.08,5.73,6.4,6.0,51.0,27.0,22.0,100.0,5.0,5.0,0.0,11.0,0.0,23.0,34.0,46.0,73.0,4.0,8.0,49.0,35.0,6.0,25.0,52.0,21.0,5.0,1.72,2.77,1.61,2.0,2.0,1.0,104.75,78.0,81.15,11.0,0.77,1.2,1.2,5.67,5.9,5.73,42.21,2.98,2.82,10.1,1.42,22.93,17.74,2.91,2.87,2.8,39.0,19.0,28.0,86.0,4.0,2.0,0.0,7.0,0.0,16.0,29.0,35.0,54.0,4.0,8.0,57.0,28.0,11.0,21.0,45.0,11.0,2.0,1.21,1.28,0.49,0.0,4.0,0.0,82.22,58.0,55.87,12.0,0.59,0.02,0.02,3.55,3.42,3.34
847887484808488484911,2025,Graf-Dellandrea-Gaudette,SJS,line,5on5,10,2220.0,90.0,0.4,0.34,0.35,13.04,1.1,0.83,3.28,0.5,7.09,5.2,1.07,1.08,1.05,13.0,5.0,4.0,22.0,2.0,2.0,0.0,2.0,0.0,6.0,6.0,11.0,16.0,4.0,8.0,19.0,21.0,2.0,7.0,14.0,2.0,2.0,0.31,0.27,0.53,1.0,0.0,1.0,21.68,18.0,18.02,4.0,0.17,0.29,0.29,0.98,0.96,0.95,24.1,1.66,1.45,6.03,0.79,13.11,9.96,1.65,1.65,1.65,22.0,11.0,10.0,43.0,2.0,0.0,0.0,3.0,0.0,11.0,17.0,20.0,31.0,5.0,10.0,15.0,16.0,2.0,8.0,28.0,3.0,2.0,0.8,0.4,0.46,1.0,1.0,0.0,44.11,33.0,33.36,2.0,0.3,0.0,0.0,1.96,1.95,1.94
84788518483457,2025,Hutson-Carrier,MTL,pairing,5on5,36,11449.0,175.0,0.49,0.5,0.48,86.62,8.14,5.38,21.15,2.92,44.71,33.71,7.78,8.26,7.91,79.0,37.0,56.0,172.0,12.0,7.0,0.0,22.0,0.0,37.0,38.0,67.0,104.0,12.0,24.0,83.0,66.0,16.0,43.0,84.0,21.0,11.0,2.71,2.42,3.01,4.0,6.0,2.0,173.09,116.0,117.03,20.0,1.12,1.7,1.7,7.56,7.71,7.66,95.06,8.37,5.78,23.22,3.01,48.45,36.18,7.89,8.46,7.98,81.0,44.0,47.0,172.0,8.0,9.0,0.0,20.0,0.0,54.0,34.0,73.0,117.0,11.0,22.0,96.0,85.0,9.0,48.0,84.0,32.0,9.0,2.22,3.77,2.38,3.0,5.0,0.0,173.79,125.0,125.79,23.0,1.2,1.63,1.63,7.93,7.98,7.66
847627884793518484829,2025,Hryckowian-Steel-Blackwell,DAL,line,5on5,11,735.0,135.0,0.25,0.28,0.24,3.05,0.32,0.2,0.68,0.08,1.52,1.19,0.32,0.32,0.32,2.0,2.0,1.0,5.0,0.0,0.0,0.0,1.0,0.0,3.0,0.0,2.0,4.0,1.0,2.0,4.0,9.0,1.0,2.0,2.0,2.0,0.0,0.05,0.28,0.0,0.0,0.0,0.0,4.96,4.0,3.93,0.0,0.04,0.0,0.0,0.36,0.36,0.36,9.5,0.95,0.57,3.13,0.33,4.77,3.25,0.92,0.93,0.9,7.0,6.0,0.0,13.0,1.0,2.0,1.0,0.0,0.0,6.0,4.0,6.0,12.0,0.0,0.0,6.0,9.0,3.0,3.0,10.0,1.0,2.0,0.35,0.09,0.51,1.0,0.0,0.0,13.12,13.0,13.12,1.0,0.12,0.1,0.1,0.97,0.95,0.94
84779868482858,2025,Evans-Montour,SEA,pairing,5on5,14,1535.0,80.0,0.46,0.51,0.59,11.82,0.82,0.75,3.17,0.41,6.73,5.11,0.81,0.78,0.78,12.0,5.0,6.0,23.0,0.0,0.0,0.0,3.0,0.0,8.0,6.0,12.0,17.0,0.0,0.0,4.0,12.0,2.0,2.0,14.0,2.0,1.0,0.38,0.25,0.2,0.0,0.0,0.0,22.0,17.0,16.31,2.0,0.16,0.0,0.0,0.97,0.94,0.92,8.97,0.95,0.65,2.19,0.3,4.63,3.28,0.9,0.97,0.92,10.0,2.0,10.0,22.0,0.0,1.0,0.0,1.0,0.0,7.0,3.0,10.0,12.0,2.0,4.0,4.0,11.0,4.0,8.0,8.0,3.0,1.0,0.4,0.28,0.27,0.0,0.0,0.0,22.34,12.0,12.16,4.0,0.14,0.1,0.1,0.98,0.99,0.97
84775078481219,2025,Zadorov-Aspirot,BOS,pairing,5on5,16,7928.0,79.0,0.5,0.49,0.49,69.52,6.7,4.43,17.93,2.23,35.38,26.32,6.17,6.8,6.27,61.0,32.0,35.0,128.0,8.0,8.0,0.0,15.0,0.0,38.0,24.0,53.0,85.0,12.0,27.0,59.0,74.0,14.0,37.0,69.0,13.0,11.0,2.03,1.55,3.13,3.0,3.0,2.0,130.14,93.0,93.83,17.0,0.93,1.93,1.93,5.7,5.81,5.68,70.69,6.73,4.85,18.57,2.56,38.09,27.21,6.49,6.6,6.36,60.0,38.0,33.0,131.0,3.0,12.0,0.0,14.0,0.0,31.0,38.0,57.0,95.0,9.0,21.0,54.0,50.0,4.0,44.0,71.0,21.0,6.0,1.97,2.85,1.9,1.0,2.0,0.0,128.28,98.0,96.32,20.0,1.01,2.07,2.07,5.67,5.55,5.48
847627884768898482145,2025,Faksa-Bourque-Blackwell,DAL,line,5on5,6,663.0,62.0,0.49,0.35,0.46,4.54,0.47,0.31,1.14,0.15,2.39,1.54,0.47,0.46,0.45,4.0,2.0,1.0,7.0,1.0,1.0,0.0,0.0,0.0,1.0,3.0,3.0,5.0,0.0,0.0,8.0,3.0,0.0,3.0,3.0,3.0,0.0,0.05,0.43,0.0,1.0,0.0,0.0,6.96,6.0,5.97,1.0,0.07,0.18,0.18,0.36,0.35,0.35,4.96,0.5,0.31,1.11,0.15,2.85,2.09,0.5,0.53,0.53,7.0,0.0,6.0,13.0,1.0,0.0,0.0,1.0,0.0,2.0,3.0,6.0,6.0,1.0,2.0,0.0,8.0,2.0,1.0,5.0,1.0,1.0,0.12,0.1,0.28,0.0,0.0,1.0,13.23,7.0,7.15,1.0,0.06,0.0,0.0,0.56,0.59,0.59
84745688480049,2025,Samberg-Schenn,WPG,pairing,5on5,11,3069.0,68.0,0.38,0.49,0.44,18.33,1.37,1.22,4.41,0.6,10.4,8.0,1.35,1.41,1.39,17.0,9.0,18.0,44.0,2.0,0.0,0.0,1.0,0.0,14.0,9.0,15.0,24.0,3.0,6.0,25.0,32.0,4.0,12.0,21.0,4.0,1.0,0.47,0.66,0.24,0.0,2.0,0.0,43.34,26.0,25.97,5.0,0.25,0.0,0.0,1.62,1.66,1.65,24.01,2.21,1.61,5.75,0.74,12.8,9.89,2.01,2.12,1.95,16.0,17.0,13.0,46.0,2.0,3.0,0.0,4.0,0.0,9.0,15.0,14.0,31.0,3.0,6.0,21.0,17.0,1.0,11.0,25.0,5.0,3.0,0.83,0.57,0.8,2.0,0.0,0.0,45.33,33.0,32.06,4.0,0.34,0.8,0.8,1.74,1.72,1.69
847576584785088481477,2025,Trenin-Sturm-Tarasenko,MIN,line,5on5,6,1250.0,64.0,0.67,0.48,0.57,11.21,1.4,0.77,3.04,0.42,6.04,4.34,1.38,1.48,1.46,12.0,4.0,6.0,22.0,1.0,2.0,0.0,3.0,0.0,4.0,6.0,11.0,15.0,0.0,0.0,16.0,15.0,0.0,3.0,11.0,3.0,2.0,0.34,0.42,0.64,0.0,1.0,0.0,23.09,16.0,16.65,2.0,0.17,0.41,0.41,1.16,1.21,1.2,8.29,0.68,0.53,1.91,0.27,4.99,3.62,0.67,0.66,0.65,9.0,3.0,12.0,24.0,1.0,0.0,0.0,2.0,0.0,7.0,2.0,8.0,11.0,0.0,0.0,12.0,11.0,2.0,4.0,9.0,2.0,1.0,0.28,0.19,0.21,1.0,0.0,0.0,23.4,12.0,11.72,1.0,0.11,0.0,0.0,0.79,0.77,0.76
84775068485366,2025,Schaefer-Pulock,NYI,pairing,5on5,39,21813.0,138.0,0.47,0.48,0.49,174.77,15.53,11.58,44.66,6.19,95.69,69.35,15.1,15.61,15.17,159.0,84.0,98.0,341.0,15.0,19.0,4.0,31.0,0.0,90.0,88.0,144.0,228.0,15.0,35.0,177.0,112.0,51.0,90.0,182.0,45.0,16.0,5.18,5.86,4.49,8.0,4.0,3.0,344.13,243.0,244.46,50.0,2.4,4.07,4.07,13.85,13.85,13.66,189.71,17.76,12.71,46.34,6.14,100.42,73.64,16.66,17.56,16.46,156.0,101.0,111.0,368.0,8.0,22.0,0.0,36.0,1.0,94.0,96.0,148.0,249.0,18.0,38.0,161.0,113.0,27.0,104.0,186.0,46.0,25.0,5.59,5.82,6.34,4.0,2.0,2.0,363.65,257.0,254.58,48.0,2.64,4.71,4.71,15.69,15.53,15.16
847849884800128481024,2025,Debrusk-Pettersson-Karlsson,VAN,line,5on5,4,760.0,43.0,0.71,0.58,0.57,9.9,1.57,0.89,2.03,0.31,3.97,3.23,1.42,1.47,1.32,7.0,5.0,6.0,18.0,0.0,4.0,0.0,0.0,0.0,3.0,5.0,7.0,12.0,0.0,0.0,3.0,4.0,3.0,4.0,3.0,6.0,3.0,0.07,0.79,0.71,0.0,0.0,0.0,16.8,12.0,11.27,1.0,0.19,0.81,0.81,0.96,0.9,0.88,5.96,0.65,0.46,1.35,0.25,3.74,2.55,0.64,0.71,0.7,4.0,5.0,4.0,13.0,1.0,0.0,0.0,0.0,0.0,5.0,3.0,3.0,8.0,0.0,0.0,9.0,6.0,0.0,4.0,6.0,2.0,1.0,0.26,0.19,0.2,0.0,1.0,0.0,14.26,9.0,9.79,2.0,0.1,0.0,0.0,0.75,0.82,0.8
847750384793188482720,2025,Knies-Matthews-Domi,TOR,line,5on5,15,6780.0,80.0,0.44,0.43,0.47,59.28,4.86,4.07,15.39,1.9,31.25,22.53,4.8,5.02,4.96,55.0,25.0,17.0,97.0,3.0,4.0,1.0,18.0,0.0,23.0,32.0,52.0,77.0,7.0,14.0,72.0,37.0,11.0,42.0,58.0,18.0,4.0,1.76,2.14,0.95,1.0,2.0,0.0,101.15,80.0,83.33,18.0,0.85,0.62,0.62,5.1,5.27,5.23,67.89,6.2,4.49,16.93,2.21,35.7,26.47,5.88,6.14,5.82,56.0,36.0,35.0,127.0,4.0,9.0,0.0,13.0,1.0,31.0,34.0,52.0,88.0,6.0,12.0,51.0,33.0,10.0,39.0,68.0,17.0,7.0,2.17,2.1,1.93,3.0,1.0,0.0,124.75,92.0,90.55,13.0,0.94,1.11,1.11,6.02,5.96,5.79
847627884768898479351,2025,Steel-Blackwell-Faksa,DAL,line,5on5,14,2806.0,118.0,0.39,0.46,0.47,16.13,1.23,1.01,4.46,0.62,9.62,7.06,1.21,1.26,1.23,12.0,12.0,12.0,36.0,0.0,1.0,0.0,0.0,0.0,15.0,8.0,12.0,24.0,5.0,10.0,31.0,15.0,8.0,9.0,20.0,3.0,1.0,0.67,0.26,0.3,0.0,0.0,0.0,37.08,24.0,24.48,5.0,0.21,0.3,0.3,1.14,1.15,1.15,20.59,1.91,1.39,5.01,0.66,10.41,7.62,1.84,1.88,1.81,17.0,10.0,16.0,43.0,1.0,2.0,0.0,3.0,0.0,11.0,10.0,16.0,26.0,4.0,8.0,20.0,25.0,2.0,17.0,18.0,8.0,1.0,0.65,1.06,0.2,0.0,1.0,0.0,42.01,27.0,26.47,8.0,0.29,0.33,0.33,1.87,1.84,1.79
84751718479026,2025,Ekman-Larsson-Myers,TOR,pairing,5on5,19,3022.0,129.0,0.5,0.44,0.52,28.11,2.45,1.82,6.71,0.9,14.85,11.27,2.39,2.42,2.36,28.0,10.0,5.0,43.0,2.0,4.0,0.0,6.0,0.0,9.0,17.0,26.0,36.0,4.0,8.0,25.0,33.0,1.0,16.0,29.0,6.0,3.0,0.8,0.72,0.92,1.0,1.0,0.0,42.12,38.0,37.8,10.0,0.38,0.73,1.02,1.8,1.79,1.76,25.56,2.4,1.59,6.39,0.83,13.48,10.3,2.36,2.54,2.5,24.0,11.0,20.0,55.0,2.0,2.0,0.0,5.0,0.0,12.0,14.0,22.0,33.0,2.0,4.0,9.0,13.0,2.0,10.0,26.0,6.0,3.0,0.6,0.86,0.94,1.0,1.0,0.0,57.65,35.0,36.82,6.0,0.33,0.46,0.46,2.28,2.41,2.38
847575284785088483525,2025,Trenin-Yurov-Pitlick,MIN,line,5on5,5,1722.0,33.0,0.4,0.48,0.47,14.58,1.0,0.84,3.44,0.49,7.27,5.96,0.96,0.96,0.93,13.0,6.0,7.0,26.0,0.0,2.0,0.0,0.0,0.0,8.0,9.0,13.0,19.0,2.0,7.0,5.0,24.0,1.0,10.0,15.0,3.0,1.0,0.42,0.37,0.2,0.0,0.0,0.0,25.07,19.0,18.61,9.0,0.18,0.31,0.31,0.86,0.83,0.83,15.69,1.51,0.98,3.95,0.51,8.04,6.02,1.48,1.58,1.55,15.0,6.0,7.0,28.0,0.0,2.0,0.0,4.0,0.0,8.0,7.0,15.0,21.0,2.0,7.0,17.0,17.0,2.0,6.0,12.0,9.0,0.0,0.3,1.21,0.0,0.0,0.0,0.0,29.6,21.0,21.96,2.0,0.2,0.36,0.36,1.35,1.43,1.39
84751818479983,2025,Ferraro-Leddy,SJS,pairing,5on5,12,1459.0,85.0,0.67,0.44,0.49,14.63,1.41,0.88,3.25,0.42,7.14,5.9,1.16,1.39,1.15,12.0,7.0,6.0,25.0,1.0,3.0,1.0,1.0,0.0,7.0,7.0,11.0,18.0,2.0,4.0,10.0,9.0,3.0,8.0,14.0,3.0,2.0,0.4,0.47,0.54,0.0,0.0,1.0,23.89,19.0,18.64,2.0,0.18,0.64,0.64,0.95,0.95,0.91,14.29,0.69,0.81,3.77,0.45,8.05,6.23,0.68,0.69,0.68,16.0,4.0,12.0,32.0,3.0,0.0,0.0,4.0,0.0,7.0,6.0,13.0,17.0,3.0,6.0,14.0,6.0,1.0,5.0,19.0,0.0,1.0,0.47,0.0,0.22,2.0,0.0,1.0,33.13,20.0,20.36,3.0,0.17,0.0,0.0,0.86,0.86,0.85
84745748483678,2025,Pettersson-Myers,VAN,pairing,5on5,34,10466.0,158.0,0.46,0.48,0.48,88.24,7.64,5.7,23.43,2.95,46.71,33.57,7.12,7.44,6.95,71.0,49.0,50.0,170.0,5.0,12.0,0.0,17.0,0.0,42.0,44.0,66.0,115.0,8.0,16.0,68.0,86.0,17.0,55.0,91.0,16.0,13.0,2.33,2.06,3.25,2.0,1.0,2.0,167.48,120.0,118.94,35.0,1.2,2.29,2.29,6.55,6.44,6.25,95.83,9.14,6.41,23.3,3.21,50.52,37.41,8.93,9.17,8.95,90.0,40.0,55.0,185.0,10.0,7.0,0.0,21.0,0.0,47.0,45.0,80.0,120.0,8.0,16.0,66.0,65.0,19.0,42.0,92.0,31.0,7.0,3.17,4.14,1.82,5.0,5.0,0.0,186.53,130.0,131.68,18.0,1.33,0.89,0.89,9.58,9.63,9.4
848171684826608484166,2025,Voronkov-Fantilli-Johnson,CBJ,line,5on5,6,1680.0,62.0,0.46,0.63,0.56,17.09,1.28,1.01,4.23,0.54,9.09,6.86,1.27,1.25,1.24,15.0,8.0,12.0,35.0,1.0,2.0,0.0,5.0,0.0,5.0,10.0,14.0,22.0,1.0,2.0,12.0,3.0,0.0,9.0,17.0,6.0,0.0,0.6,0.68,0.0,0.0,1.0,0.0,34.71,23.0,22.81,6.0,0.21,0.23,0.23,1.26,1.24,1.23,13.35,1.5,0.97,3.03,0.41,6.9,5.18,1.36,1.53,1.39,9.0,9.0,3.0,21.0,0.0,2.0,0.0,2.0,0.0,9.0,5.0,9.0,18.0,0.0,0.0,13.0,12.0,2.0,11.0,10.0,7.0,1.0,0.31,0.96,0.24,0.0,0.0,0.0,21.38,18.0,18.34,5.0,0.2,0.37,0.37,1.34,1.38,1.33
847740784775008482476,2025,Duclair-Horvat-Heineman,NYI,line,5on5,4,665.0,45.0,0.45,0.64,0.53,7.0,0.34,0.44,1.86,0.23,4.13,3.0,0.33,0.31,0.31,6.0,4.0,8.0,18.0,1.0,1.0,0.0,1.0,0.0,3.0,4.0,5.0,9.0,1.0,2.0,5.0,4.0,0.0,2.0,8.0,2.0,0.0,0.14,0.19,0.0,1.0,0.0,0.0,16.48,10.0,9.32,0.0,0.09,0.02,0.02,0.4,0.38,0.37,6.18,0.41,0.38,1.51,0.24,3.63,2.83,0.4,0.44,0.43,5.0,4.0,1.0,10.0,0.0,1.0,0.0,2.0,0.0,3.0,3.0,5.0,9.0,1.0,2.0,5.0,6.0,2.0,5.0,7.0,2.0,0.0,0.19,0.22,0.0,0.0,0.0,0.0,11.37,9.0,10.09,2.0,0.08,0.01,0.01,0.47,0.51,0.51
847645584774928480039,2025,Mackinnon-Landeskog-Necas,COL,line,5on5,21,4535.0,174.0,0.55,0.54,0.51,53.96,5.35,3.53,13.98,1.93,27.5,20.7,4.97,5.42,5.04,54.0,19.0,29.0,102.0,7.0,8.0,1.0,13.0,0.0,23.0,22.0,47.0,66.0,3.0,6.0,47.0,22.0,3.0,24.0,54.0,11.0,8.0,1.81,1.43,2.11,4.0,0.0,3.0,104.55,73.0,74.0,7.0,0.75,1.73,1.73,4.37,4.43,4.33,50.95,4.4,3.21,13.46,1.63,26.83,19.47,4.18,4.36,4.14,44.0,25.0,18.0,87.0,1.0,5.0,0.0,10.0,0.0,27.0,26.0,43.0,68.0,3.0,6.0,40.0,20.0,6.0,30.0,51.0,11.0,7.0,1.33,1.39,1.69,0.0,0.0,1.0,84.01,69.0,67.11,8.0,0.67,0.99,0.99,4.08,4.03,3.96
84775068477950,2025,Pulock-Deangelo,NYI,pairing,5on5,29,1648.0,256.0,0.26,0.42,0.39,11.66,0.67,0.62,2.94,0.36,6.28,5.13,0.65,0.67,0.66,11.0,5.0,6.0,22.0,0.0,0.0,0.0,1.0,0.0,7.0,8.0,11.0,16.0,0.0,0.0,4.0,8.0,0.0,11.0,13.0,3.0,0.0,0.36,0.31,0.0,0.0,0.0,0.0,22.05,16.0,16.12,6.0,0.13,0.0,0.0,0.79,0.8,0.78,18.56,1.93,1.25,4.86,0.63,9.57,6.75,1.76,1.99,1.82,15.0,10.0,6.0,31.0,1.0,5.0,0.0,3.0,0.0,5.0,11.0,14.0,24.0,3.0,6.0,1.0,7.0,1.0,5.0,16.0,7.0,2.0,0.43,1.04,0.46,0.0,1.0,0.0,31.42,25.0,25.14,1.0,0.26,0.82,0.82,1.37,1.39,1.38
847646984764798479675,2025,Moore-Danault-Armia,LAK,line,5on5,11,1503.0,116.0,0.21,0.38,0.27,4.44,0.41,0.29,1.04,0.13,2.32,1.81,0.41,0.46,0.46,3.0,3.0,9.0,15.0,0.0,0.0,0.0,0.0,0.0,5.0,1.0,3.0,6.0,2.0,4.0,20.0,6.0,2.0,8.0,3.0,3.0,0.0,0.02,0.39,0.0,0.0,0.0,0.0,15.71,6.0,6.61,5.0,0.06,0.0,0.0,0.47,0.53,0.53,11.92,1.55,0.89,2.95,0.48,5.74,4.4,1.44,1.47,1.37,9.0,7.0,9.0,25.0,0.0,2.0,0.0,3.0,0.0,5.0,6.0,9.0,16.0,1.0,2.0,12.0,12.0,2.0,7.0,9.0,4.0,3.0,0.24,0.48,0.83,0.0,0.0,0.0,23.79,16.0,15.46,2.0,0.19,0.59,0.59,1.15,1.1,1.06
847749784827058484214,2025,Sillinger-Monahan-Pinelli,CBJ,line,5on5,3,1558.0,8.0,0.51,0.53,0.54,14.9,1.85,1.08,3.69,0.51,7.34,5.53,1.74,1.77,1.67,16.0,4.0,6.0,26.0,1.0,2.0,1.0,3.0,0.0,10.0,4.0,15.0,19.0,0.0,0.0,15.0,7.0,3.0,8.0,13.0,3.0,4.0,0.52,0.3,1.04,0.0,0.0,1.0,25.12,20.0,19.52,5.0,0.23,0.61,0.61,1.48,1.41,1.38,13.1,1.76,1.02,2.93,0.41,6.32,4.57,1.57,1.83,1.63,12.0,5.0,6.0,23.0,1.0,2.0,0.0,2.0,0.0,7.0,5.0,11.0,16.0,0.0,0.0,7.0,10.0,3.0,7.0,9.0,5.0,3.0,0.23,0.62,0.91,0.0,1.0,0.0,23.77,17.0,17.59,2.0,0.21,0.57,0.57,1.4,1.45,1.4
847794284779988482124,2025,Fiala-Byfield-Foegele,LAK,line,5on5,4,1041.0,33.0,0.41,0.41,0.42,7.3,0.39,0.46,1.91,0.25,3.94,3.05,0.39,0.4,0.39,5.0,5.0,5.0,15.0,1.0,1.0,0.0,1.0,0.0,4.0,3.0,4.0,9.0,0.0,0.0,8.0,6.0,1.0,6.0,9.0,1.0,0.0,0.26,0.13,0.0,1.0,0.0,0.0,15.1,10.0,9.98,3.0,0.09,0.06,0.06,0.42,0.43,0.43,9.8,0.56,0.51,2.79,0.34,5.47,4.33,0.55,0.55,0.54,8.0,6.0,8.0,22.0,1.0,0.0,0.0,2.0,0.0,7.0,4.0,7.0,13.0,1.0,2.0,21.0,8.0,2.0,4.0,11.0,3.0,0.0,0.19,0.37,0.0,0.0,1.0,0.0,21.84,14.0,13.96,2.0,0.11,0.0,0.0,0.67,0.65,0.64
848079884842278484801,2025,Kurashev-Celebrini-Smith,SJS,line,5on5,20,4897.0,155.0,0.44,0.49,0.42,36.81,4.12,2.51,8.7,1.18,19.24,13.25,3.94,4.18,4.0,31.0,18.0,29.0,78.0,4.0,4.0,2.0,6.0,0.0,19.0,16.0,27.0,45.0,8.0,16.0,37.0,11.0,10.0,35.0,29.0,14.0,6.0,0.82,1.62,1.67,1.0,2.0,1.0,78.17,49.0,49.51,18.0,0.53,0.91,0.91,3.74,3.78,3.77,49.27,5.2,3.48,11.65,1.79,26.11,18.78,4.79,5.2,4.79,40.0,27.0,14.0,81.0,4.0,6.0,0.0,7.0,0.0,23.0,27.0,36.0,63.0,10.0,20.0,36.0,26.0,5.0,25.0,44.0,18.0,5.0,1.19,2.56,1.45,2.0,2.0,0.0,80.03,67.0,66.2,10.0,0.72,1.5,1.5,4.42,4.42,4.33
847576584774518478508,2025,Trenin-Hartman-Tarasenko,MIN,line,5on5,10,842.0,115.0,0.47,0.33,0.36,6.65,0.73,0.46,1.8,0.22,3.48,2.31,0.7,0.7,0.67,4.0,5.0,1.0,10.0,0.0,1.0,0.0,2.0,0.0,3.0,3.0,4.0,9.0,1.0,2.0,6.0,13.0,1.0,3.0,7.0,0.0,2.0,0.19,0.0,0.54,0.0,0.0,0.0,9.61,9.0,8.8,1.0,0.1,0.23,0.54,0.29,0.29,0.28,11.98,0.83,0.76,2.96,0.36,6.53,4.56,0.78,0.81,0.77,9.0,7.0,4.0,20.0,1.0,1.0,0.0,1.0,0.0,9.0,4.0,8.0,15.0,2.0,4.0,6.0,5.0,0.0,2.0,12.0,3.0,1.0,0.2,0.39,0.24,0.0,1.0,0.0,19.67,16.0,15.73,1.0,0.16,0.24,0.24,0.74,0.73,0.72
847576584788648483525,2025,Kaprizov-Yurov-Tarasenko,MIN,line,5on5,11,2213.0,107.0,0.65,0.42,0.49,17.03,1.93,1.22,3.81,0.48,9.21,6.35,1.89,1.86,1.82,16.0,7.0,6.0,29.0,1.0,0.0,0.0,3.0,0.0,9.0,10.0,15.0,22.0,3.0,6.0,15.0,12.0,7.0,10.0,14.0,7.0,2.0,0.44,0.86,0.63,1.0,0.0,0.0,28.51,23.0,22.71,3.0,0.26,0.0,0.0,2.18,2.11,2.06,18.09,1.04,0.96,4.53,0.54,9.0,7.92,1.02,1.04,1.02,14.0,10.0,16.0,40.0,0.0,1.0,0.0,3.0,0.0,7.0,13.0,14.0,24.0,2.0,4.0,27.0,13.0,3.0,12.0,21.0,2.0,1.0,0.5,0.2,0.34,0.0,0.0,0.0,39.63,24.0,23.75,10.0,0.2,0.34,0.34,0.9,0.9,0.88
847741684774268482201,2025,Goncalves-Paul-Bjorkstrand,TBL,line,5on5,7,1093.0,39.0,0.26,0.39,0.46,8.34,0.39,0.38,2.14,0.26,4.15,3.68,0.39,0.41,0.41,6.0,5.0,5.0,16.0,1.0,0.0,0.0,3.0,0.0,3.0,4.0,5.0,10.0,1.0,2.0,5.0,6.0,3.0,10.0,10.0,1.0,0.0,0.28,0.12,0.0,0.0,1.0,0.0,16.89,11.0,11.39,7.0,0.08,0.0,0.0,0.47,0.49,0.49,9.08,1.14,0.61,2.12,0.3,5.29,3.54,1.02,1.05,0.95,8.0,5.0,12.0,25.0,2.0,1.0,1.0,4.0,0.0,2.0,4.0,6.0,11.0,0.0,0.0,8.0,8.0,1.0,5.0,9.0,2.0,2.0,0.24,0.17,0.72,1.0,0.0,1.0,23.2,13.0,12.27,3.0,0.13,0.51,0.51,0.75,0.7,0.7
847810984804488480835,2025,Olofsson-Drury-Kelly,COL,line,5on5,11,2953.0,78.0,0.51,0.49,0.48,24.55,2.04,1.46,6.16,0.76,12.91,9.67,1.98,2.12,2.06,26.0,7.0,15.0,48.0,1.0,3.0,0.0,6.0,0.0,17.0,6.0,25.0,32.0,3.0,6.0,19.0,19.0,4.0,11.0,24.0,7.0,2.0,0.59,0.91,0.53,1.0,0.0,0.0,50.59,33.0,34.34,4.0,0.3,0.66,0.66,1.68,1.76,1.75,25.54,1.95,1.74,6.98,0.99,14.19,10.14,1.81,1.91,1.76,26.0,10.0,13.0,49.0,1.0,4.0,0.0,6.0,0.0,12.0,13.0,25.0,35.0,1.0,2.0,21.0,34.0,3.0,14.0,27.0,7.0,2.0,0.69,0.79,0.47,0.0,1.0,0.0,46.57,36.0,34.68,4.0,0.37,0.49,0.49,1.83,1.77,1.67
848275184834978483524,2025,Winterton-Wright-Nyman,SEA,line,5on5,5,1815.0,19.0,0.6,0.44,0.45,15.24,2.02,1.07,3.76,0.5,7.52,5.12,1.9,2.03,1.9,11.0,9.0,4.0,24.0,1.0,3.0,0.0,3.0,0.0,5.0,8.0,10.0,19.0,0.0,0.0,8.0,6.0,4.0,10.0,12.0,6.0,2.0,0.5,0.85,0.67,1.0,0.0,0.0,23.78,20.0,19.9,9.0,0.23,0.83,0.83,1.42,1.44,1.42,16.33,1.36,1.04,4.07,0.58,9.64,7.31,1.34,1.33,1.3,16.0,8.0,7.0,31.0,1.0,1.0,0.0,6.0,0.0,7.0,9.0,15.0,23.0,0.0,0.0,10.0,9.0,3.0,8.0,21.0,1.0,2.0,0.73,0.14,0.49,1.0,0.0,0.0,31.2,24.0,23.91,2.0,0.21,0.27,0.27,1.3,1.28,1.27
84768798479421,2025,Moverare-Ceci,LAK,pairing,5on5,7,3879.0,21.0,0.65,0.61,0.59,41.71,3.99,2.74,10.8,1.44,22.09,15.94,3.71,3.89,3.62,35.0,22.0,35.0,92.0,2.0,6.0,0.0,6.0,0.0,27.0,16.0,33.0,55.0,3.0,6.0,25.0,15.0,4.0,14.0,37.0,15.0,5.0,0.99,1.87,1.12,1.0,1.0,0.0,90.54,57.0,55.69,7.0,0.57,1.11,1.11,3.45,3.39,3.3,28.05,2.11,1.92,6.17,0.9,15.95,11.94,2.07,2.08,2.05,23.0,16.0,20.0,59.0,4.0,2.0,0.0,5.0,0.0,11.0,17.0,19.0,35.0,2.0,4.0,28.0,47.0,7.0,12.0,28.0,11.0,0.0,0.81,1.29,0.0,2.0,2.0,0.0,58.98,39.0,38.95,3.0,0.4,0.14,0.14,2.37,2.35,2.33
84821768484783,2025,Levshunov-Kaiser,CHI,pairing,5on5,38,12775.0,171.0,0.41,0.46,0.43,94.19,8.34,6.45,22.82,2.98,50.91,36.5,8.09,8.33,8.08,86.0,42.0,50.0,178.0,5.0,8.0,0.0,13.0,0.0,53.0,49.0,81.0,123.0,12.0,27.0,78.0,81.0,19.0,72.0,89.0,31.0,8.0,2.66,3.67,2.01,3.0,2.0,0.0,176.75,128.0,127.0,37.0,1.33,1.53,1.53,8.14,8.15,7.96,124.97,11.96,8.48,30.24,4.2,66.36,48.76,11.59,11.93,11.56,110.0,60.0,38.0,208.0,14.0,12.0,2.0,25.0,0.0,59.0,60.0,96.0,156.0,13.0,29.0,104.0,108.0,17.0,55.0,124.0,29.0,17.0,3.71,3.95,4.31,7.0,4.0,3.0,207.31,170.0,168.7,30.0,1.76,2.36,2.36,11.36,11.4,11.24
84768538481122,2025,Rielly-Benoit,TOR,pairing,5on5,25,1412.0,220.0,0.52,0.41,0.49,12.15,1.5,0.81,2.97,0.43,6.49,4.8,1.48,1.48,1.46,10.0,7.0,3.0,20.0,0.0,1.0,0.0,2.0,0.0,5.0,9.0,10.0,17.0,1.0,2.0,4.0,9.0,1.0,9.0,12.0,3.0,2.0,0.47,0.36,0.67,0.0,0.0,0.0,19.2,17.0,16.41,3.0,0.17,0.29,0.67,1.0,0.96,0.96,12.81,1.37,0.91,3.01,0.4,7.19,5.13,1.32,1.44,1.39,11.0,7.0,11.0,29.0,1.0,2.0,0.0,3.0,0.0,7.0,5.0,10.0,17.0,2.0,4.0,4.0,7.0,2.0,0.0,10.0,7.0,1.0,0.31,0.8,0.25,0.0,1.0,0.0,29.46,18.0,18.32,0.0,0.19,0.38,0.38,1.17,1.22,1.21
847571484775038478104,2025,Blais-Domi-Jarnkrok,TOR,line,5on5,3,949.0,14.0,0.22,0.33,0.33,6.68,0.53,0.35,1.77,0.22,3.56,2.57,0.52,0.52,0.51,5.0,4.0,4.0,13.0,0.0,0.0,0.0,1.0,0.0,4.0,4.0,5.0,9.0,2.0,4.0,10.0,18.0,1.0,6.0,8.0,1.0,0.0,0.33,0.2,0.0,0.0,0.0,0.0,13.11,9.0,8.86,5.0,0.07,0.0,0.0,0.6,0.59,0.58,13.88,1.88,1.02,3.36,0.46,6.66,4.61,1.75,1.96,1.83,11.0,7.0,8.0,26.0,1.0,0.0,1.0,3.0,0.0,11.0,3.0,10.0,17.0,0.0,0.0,9.0,5.0,2.0,7.0,12.0,2.0,4.0,0.39,0.26,1.23,0.0,0.0,1.0,26.13,18.0,18.27,3.0,0.22,0.0,0.79,1.31,1.33,1.27
84754628483490,2025,Mintyukov-Gudas,ANA,pairing,5on5,21,8981.0,97.0,0.56,0.53,0.53,99.56,11.28,6.89,25.03,3.44,52.63,37.73,10.6,10.97,10.32,80.0,57.0,49.0,186.0,5.0,16.0,2.0,27.0,0.0,45.0,44.0,75.0,132.0,8.0,16.0,73.0,77.0,11.0,35.0,85.0,41.0,11.0,2.52,5.04,3.71,1.0,3.0,1.0,180.53,137.0,133.36,21.0,1.44,3.58,3.58,9.14,8.86,8.65,90.06,8.79,5.92,21.73,2.95,47.89,34.72,8.4,8.93,8.55,71.0,51.0,43.0,165.0,7.0,9.0,3.0,17.0,0.0,55.0,34.0,64.0,115.0,9.0,18.0,70.0,42.0,14.0,44.0,84.0,30.0,8.0,2.73,3.68,2.38,3.0,2.0,2.0,169.02,122.0,124.17,23.0,1.23,2.24,2.24,7.79,7.95,7.81
84815818483425,2025,Harley-Bichsel,DAL,pairing,5on5,18,1373.0,157.0,0.74,0.5,0.52,10.49,1.07,0.66,2.63,0.37,4.81,3.46,0.97,1.03,0.93,8.0,5.0,5.0,18.0,0.0,2.0,0.0,2.0,0.0,1.0,8.0,8.0,13.0,3.0,6.0,3.0,9.0,1.0,7.0,9.0,3.0,1.0,0.32,0.29,0.45,0.0,0.0,0.0,17.42,13.0,12.69,3.0,0.14,0.57,0.57,0.64,0.62,0.61,8.8,0.37,0.48,2.36,0.29,4.84,3.66,0.37,0.37,0.37,8.0,4.0,6.0,18.0,0.0,0.0,0.0,2.0,0.0,5.0,5.0,8.0,12.0,4.0,8.0,4.0,13.0,4.0,6.0,12.0,0.0,0.0,0.37,0.0,0.0,0.0,0.0,0.0,18.28,12.0,12.12,2.0,0.09,0.0,0.0,0.46,0.46,0.46
847798784780438482703,2025,Donato-Dach-Lafferty,CHI,line,5on5,8,858.0,85.0,0.36,0.5,0.6,4.21,0.1,0.2,1.42,0.14,2.42,1.72,0.1,0.1,0.1,4.0,2.0,1.0,7.0,0.0,0.0,0.0,0.0,0.0,2.0,4.0,4.0,6.0,2.0,7.0,6.0,9.0,1.0,1.0,6.0,0.0,0.0,0.1,0.0,0.0,0.0,0.0,0.0,6.68,6.0,5.73,0.0,0.04,0.0,0.0,0.14,0.14,0.13,3.0,0.18,0.2,0.65,0.09,1.74,1.15,0.18,0.19,0.19,4.0,0.0,3.0,7.0,0.0,0.0,0.0,1.0,0.0,1.0,2.0,4.0,4.0,2.0,7.0,3.0,14.0,2.0,2.0,3.0,1.0,0.0,0.07,0.11,0.0,0.0,0.0,0.0,7.22,4.0,4.21,1.0,0.04,0.0,0.0,0.22,0.23,0.23
847638984764688477380,2025,Trocheck-Miller-Brodzinski,NYR,line,5on5,4,833.0,30.0,0.23,0.33,0.32,5.87,0.39,0.45,1.64,0.2,3.17,2.16,0.38,0.37,0.37,4.0,4.0,4.0,12.0,0.0,0.0,0.0,2.0,0.0,4.0,2.0,4.0,8.0,2.0,4.0,8.0,6.0,1.0,3.0,6.0,2.0,0.0,0.15,0.24,0.0,0.0,0.0,0.0,11.77,8.0,7.94,2.0,0.09,0.0,0.0,0.48,0.46,0.46,12.96,1.28,0.82,2.83,0.38,6.77,4.92,1.25,1.34,1.31,14.0,3.0,7.0,24.0,2.0,1.0,0.0,2.0,0.0,7.0,5.0,12.0,15.0,1.0,2.0,8.0,11.0,3.0,6.0,12.0,4.0,1.0,0.39,0.6,0.3,1.0,1.0,0.0,24.35,17.0,17.26,4.0,0.18,0.13,0.13,1.33,1.39,1.36
848210984821578483690,2025,Cuylle-Laba-Lafrenire,NYR,line,5on5,12,1606.0,127.0,0.72,0.56,0.61,14.21,1.75,0.89,3.9,0.49,7.68,5.29,1.73,1.78,1.76,12.0,8.0,7.0,27.0,3.0,4.0,1.0,0.0,0.0,9.0,4.0,9.0,17.0,4.0,8.0,13.0,10.0,2.0,4.0,13.0,4.0,3.0,0.34,0.51,0.91,0.0,2.0,1.0,27.35,20.0,20.39,1.0,0.18,0.93,0.93,1.01,1.01,1.0,8.94,0.69,0.6,2.46,0.33,5.21,3.71,0.69,0.72,0.71,9.0,4.0,8.0,21.0,2.0,1.0,1.0,1.0,0.0,2.0,7.0,7.0,11.0,1.0,2.0,12.0,9.0,0.0,13.0,10.0,2.0,1.0,0.2,0.24,0.25,1.0,1.0,0.0,22.03,13.0,13.63,6.0,0.13,0.13,0.13,0.69,0.72,0.72
84757908479371,2025,Gudbranson-Fabbro,CBJ,pairing,5on5,2,1092.0,6.0,0.63,0.53,0.5,8.24,1.07,0.6,2.19,0.28,3.96,2.91,1.06,1.05,1.04,7.0,4.0,8.0,19.0,0.0,1.0,0.0,2.0,0.0,4.0,4.0,7.0,11.0,1.0,2.0,9.0,15.0,1.0,3.0,5.0,5.0,1.0,0.11,0.69,0.26,0.0,0.0,0.0,18.97,11.0,10.87,1.0,0.13,0.26,0.26,0.93,0.92,0.92,7.98,0.63,0.52,1.96,0.25,4.36,3.29,0.62,0.66,0.65,6.0,5.0,6.0,17.0,1.0,0.0,0.0,1.0,0.0,6.0,3.0,5.0,10.0,0.0,0.0,11.0,12.0,1.0,4.0,7.0,4.0,0.0,0.18,0.45,0.0,0.0,1.0,0.0,17.67,11.0,11.52,2.0,0.11,0.0,0.0,0.73,0.77,0.76
847629284764748477996,2025,Palat-Lammikko-Noesen,NJD,line,5on5,3,760.0,24.0,0.73,0.64,0.65,7.93,0.76,0.52,2.12,0.28,4.09,3.24,0.75,0.83,0.82,8.0,3.0,3.0,14.0,0.0,2.0,0.0,2.0,0.0,4.0,3.0,8.0,11.0,1.0,2.0,7.0,3.0,1.0,3.0,9.0,0.0,2.0,0.19,0.0,0.57,0.0,0.0,0.0,15.3,11.0,11.98,1.0,0.11,0.57,0.57,0.3,0.32,0.32,4.06,0.27,0.25,1.0,0.13,2.55,1.78,0.27,0.28,0.27,2.0,4.0,2.0,8.0,0.0,0.0,0.0,1.0,0.0,1.0,4.0,2.0,6.0,0.0,0.0,4.0,7.0,2.0,2.0,5.0,1.0,0.0,0.14,0.13,0.0,0.0,0.0,0.0,8.16,6.0,5.97,0.0,0.05,0.0,0.0,0.33,0.33,0.32
847571484784628478904,2025,Lorentz-Roy-Jarnkrok,TOR,line,5on5,7,787.0,84.0,0.46,0.3,0.33,3.96,0.57,0.28,0.93,0.11,1.9,1.22,0.56,0.58,0.57,3.0,2.0,3.0,8.0,2.0,0.0,0.0,0.0,0.0,3.0,0.0,1.0,3.0,0.0,0.0,9.0,11.0,0.0,3.0,3.0,1.0,1.0,0.07,0.18,0.32,0.0,1.0,1.0,7.72,5.0,4.84,2.0,0.06,0.0,0.0,0.62,0.64,0.63,6.95,0.67,0.44,1.59,0.24,4.14,2.92,0.65,0.7,0.67,6.0,4.0,9.0,19.0,1.0,0.0,0.0,1.0,0.0,5.0,3.0,5.0,9.0,1.0,2.0,6.0,11.0,0.0,4.0,7.0,2.0,1.0,0.19,0.27,0.2,0.0,1.0,0.0,20.5,10.0,10.73,1.0,0.09,0.0,0.0,0.76,0.79,0.77
847584284773808481726,2025,Edstrom-Carrick-Brodzinski,NYR,line,5on5,4,1636.0,13.0,0.44,0.45,0.5,11.02,1.04,0.71,2.9,0.43,5.99,4.92,1.01,1.05,1.02,9.0,7.0,3.0,19.0,1.0,1.0,0.0,2.0,0.0,7.0,5.0,8.0,15.0,1.0,5.0,10.0,19.0,6.0,6.0,11.0,4.0,1.0,0.21,0.58,0.25,1.0,0.0,0.0,19.08,16.0,16.15,3.0,0.15,0.13,0.13,1.05,1.06,1.05,11.55,1.34,0.74,2.86,0.39,6.21,4.45,1.32,1.3,1.28,9.0,7.0,7.0,23.0,1.0,0.0,0.0,1.0,0.0,8.0,6.0,8.0,15.0,5.0,13.0,12.0,11.0,3.0,9.0,11.0,4.0,1.0,0.42,0.54,0.39,1.0,0.0,0.0,22.87,16.0,15.63,7.0,0.16,0.0,0.0,1.5,1.45,1.43
847414184774568479337,2025,Debrincat-Compher-Kane,DET,line,5on5,13,2530.0,118.0,0.5,0.48,0.51,28.4,2.6,1.69,6.85,0.94,15.19,11.72,2.55,2.48,2.42,25.0,14.0,9.0,48.0,2.0,3.0,1.0,2.0,0.0,17.0,15.0,23.0,37.0,6.0,14.0,27.0,10.0,2.0,11.0,30.0,5.0,4.0,0.87,0.68,1.06,1.0,0.0,1.0,44.64,39.0,36.54,5.0,0.35,0.69,0.69,2.26,2.12,2.1,27.88,2.65,1.72,6.56,0.88,13.91,11.28,2.56,2.75,2.65,26.0,11.0,14.0,51.0,4.0,2.0,0.0,7.0,0.0,11.0,13.0,22.0,33.0,3.0,6.0,18.0,14.0,3.0,7.0,26.0,8.0,3.0,0.8,1.03,0.83,1.0,3.0,0.0,53.85,37.0,38.94,3.0,0.36,0.45,0.45,2.56,2.68,2.66
847682684768788477416,2025,Girgensons-Gourde-Bjorkstrand,TBL,line,5on5,12,1549.0,152.0,0.66,0.38,0.46,8.91,1.46,0.67,2.08,0.29,3.89,2.61,1.4,1.46,1.4,8.0,3.0,4.0,15.0,1.0,1.0,0.0,1.0,0.0,4.0,4.0,7.0,10.0,2.0,4.0,9.0,16.0,2.0,4.0,4.0,4.0,3.0,0.08,0.69,0.68,0.0,0.0,1.0,14.6,11.0,10.88,1.0,0.15,0.24,0.24,1.36,1.35,1.33,9.66,0.74,0.67,2.31,0.28,5.34,3.66,0.73,0.76,0.75,6.0,7.0,12.0,25.0,1.0,0.0,0.0,1.0,0.0,8.0,3.0,5.0,12.0,1.0,2.0,16.0,18.0,2.0,4.0,9.0,4.0,0.0,0.23,0.51,0.0,0.0,1.0,0.0,25.78,13.0,13.17,2.0,0.14,0.0,0.0,0.88,0.9,0.89
84741518482655,2025,Moser-Mcdonagh,TBL,pairing,5on5,13,1579.0,76.0,0.67,0.53,0.53,11.17,0.85,0.73,2.71,0.41,6.28,5.03,0.85,0.88,0.87,11.0,5.0,4.0,20.0,0.0,1.0,0.0,4.0,0.0,6.0,5.0,11.0,16.0,0.0,0.0,4.0,8.0,0.0,7.0,12.0,4.0,0.0,0.38,0.47,0.0,0.0,0.0,0.0,20.61,16.0,16.64,1.0,0.15,0.16,0.16,0.84,0.86,0.86,10.34,0.42,0.51,2.62,0.33,5.55,4.58,0.41,0.4,0.4,8.0,6.0,4.0,18.0,0.0,0.0,0.0,2.0,0.0,7.0,5.0,8.0,14.0,1.0,2.0,2.0,9.0,1.0,9.0,14.0,0.0,0.0,0.42,0.0,0.0,0.0,0.0,0.0,17.58,14.0,13.61,5.0,0.1,0.0,0.0,0.52,0.5,0.5
847584884781048480813,2025,Blais-Veleno-Gallagher,MTL,line,5on5,4,1569.0,13.0,0.46,0.56,0.57,15.18,0.96,0.96,3.88,0.48,8.48,6.24,0.91,1.0,0.96,13.0,8.0,4.0,25.0,0.0,1.0,0.0,5.0,0.0,5.0,10.0,13.0,21.0,1.0,2.0,12.0,24.0,4.0,2.0,16.0,5.0,0.0,0.4,0.56,0.0,0.0,0.0,0.0,25.66,21.0,21.59,0.0,0.2,0.12,0.12,1.03,1.08,1.04,11.92,1.11,0.76,2.97,0.42,6.25,4.49,1.04,1.07,1.01,11.0,5.0,4.0,20.0,0.0,2.0,0.0,2.0,0.0,6.0,6.0,11.0,16.0,1.0,2.0,16.0,14.0,0.0,9.0,9.0,7.0,0.0,0.21,0.9,0.0,0.0,0.0,0.0,20.4,16.0,15.89,5.0,0.16,0.25,0.25,1.02,0.99,0.97
847931684800038480021,2025,Boqvist-Kunin-Studnicka,FLA,line,5on5,4,1046.0,17.0,0.72,0.68,0.65,12.02,1.22,0.7,2.96,0.36,5.6,4.16,1.15,1.16,1.09,12.0,3.0,6.0,21.0,0.0,1.0,0.0,6.0,0.0,2.0,6.0,12.0,15.0,0.0,0.0,16.0,10.0,0.0,3.0,10.0,3.0,2.0,0.27,0.43,0.53,0.0,0.0,0.0,20.2,15.0,14.42,3.0,0.15,0.29,0.29,1.08,1.03,1.01,5.61,0.47,0.38,1.48,0.25,2.97,2.45,0.47,0.51,0.5,4.0,4.0,2.0,10.0,0.0,0.0,0.0,1.0,0.0,5.0,2.0,4.0,8.0,2.0,4.0,9.0,8.0,2.0,2.0,6.0,1.0,1.0,0.12,0.14,0.21,0.0,0.0,0.0,10.58,8.0,8.5,1.0,0.08,0.0,0.0,0.55,0.59,0.59
84768698479980,2025,Skjei-Hague,NSH,pairing,5on5,27,1355.0,229.0,0.12,0.38,0.36,6.43,0.16,0.31,1.54,0.19,3.56,3.25,0.16,0.15,0.15,6.0,3.0,4.0,13.0,0.0,0.0,0.0,1.0,0.0,3.0,5.0,6.0,9.0,3.0,9.0,8.0,6.0,1.0,5.0,9.0,0.0,0.0,0.16,0.0,0.0,0.0,0.0,0.0,12.84,9.0,9.23,2.0,0.06,0.0,0.0,0.21,0.22,0.22,11.95,1.14,0.77,3.42,0.4,6.0,4.27,1.13,1.13,1.12,12.0,4.0,5.0,21.0,0.0,2.0,0.0,2.0,0.0,7.0,5.0,12.0,16.0,2.0,7.0,5.0,11.0,3.0,5.0,11.0,4.0,1.0,0.31,0.54,0.29,0.0,0.0,0.0,20.59,16.0,15.99,2.0,0.16,0.34,0.34,0.96,0.97,0.97
847519184759138476448,2025,Stone-Karlsson-Smith,VGK,line,5on5,3,1365.0,13.0,0.53,0.6,0.69,14.54,0.79,0.85,3.77,0.46,7.89,6.24,0.72,0.79,0.72,14.0,6.0,5.0,25.0,0.0,1.0,0.0,1.0,0.0,9.0,9.0,14.0,20.0,2.0,4.0,14.0,10.0,0.0,11.0,17.0,3.0,0.0,0.35,0.43,0.0,0.0,0.0,0.0,24.4,20.0,19.48,2.0,0.17,0.17,0.17,0.8,0.8,0.76,6.66,0.7,0.45,1.74,0.21,3.43,2.48,0.7,0.73,0.73,8.0,1.0,8.0,17.0,1.0,0.0,0.0,2.0,0.0,1.0,5.0,7.0,8.0,2.0,4.0,7.0,14.0,2.0,10.0,6.0,2.0,1.0,0.19,0.28,0.23,0.0,0.0,1.0,17.78,9.0,9.45,6.0,0.09,0.0,0.0,0.79,0.83,0.83
847742584799448480806,2025,Wood-Lundestrm-Aston-Reese,CBJ,line,5on5,5,1566.0,28.0,0.41,0.42,0.39,12.53,1.06,0.68,3.11,0.39,5.77,5.0,0.99,1.06,0.98,9.0,7.0,8.0,24.0,1.0,2.0,0.0,3.0,0.0,7.0,3.0,8.0,15.0,1.0,2.0,14.0,12.0,3.0,8.0,12.0,2.0,2.0,0.27,0.32,0.48,0.0,0.0,1.0,25.02,16.0,16.18,4.0,0.14,0.46,0.46,0.74,0.75,0.73,17.37,1.54,1.21,4.76,0.62,9.89,6.98,1.42,1.5,1.39,17.0,8.0,8.0,33.0,0.0,1.0,0.0,4.0,0.0,10.0,10.0,17.0,25.0,2.0,6.0,13.0,18.0,0.0,11.0,20.0,2.0,3.0,0.5,0.23,0.81,0.0,0.0,0.0,31.41,25.0,23.85,7.0,0.25,0.27,0.27,1.52,1.48,1.42
84779698480058,2025,Pettersson-Joseph,VAN,pairing,5on5,4,1012.0,20.0,0.75,0.63,0.71,11.08,0.83,0.81,2.72,0.34,6.23,4.06,0.82,0.87,0.85,12.0,3.0,5.0,20.0,0.0,1.0,0.0,1.0,0.0,7.0,6.0,12.0,15.0,0.0,0.0,1.0,11.0,1.0,6.0,12.0,2.0,1.0,0.32,0.3,0.22,0.0,0.0,0.0,20.82,15.0,15.65,2.0,0.16,0.13,0.13,0.86,0.9,0.9,4.34,0.28,0.28,0.9,0.13,2.62,1.8,0.28,0.28,0.27,5.0,1.0,6.0,12.0,1.0,0.0,0.0,1.0,0.0,2.0,2.0,4.0,5.0,3.0,6.0,9.0,4.0,1.0,4.0,5.0,1.0,0.0,0.18,0.1,0.0,0.0,1.0,0.0,11.69,6.0,5.87,2.0,0.06,0.0,0.0,0.33,0.33,0.33
847836684827458484762,2025,Sennecke-Mctavish-Vatrano,ANA,line,5on5,21,1613.0,251.0,0.13,0.23,0.23,7.92,0.51,0.46,1.88,0.24,4.53,3.39,0.51,0.51,0.51,10.0,1.0,3.0,14.0,0.0,0.0,0.0,4.0,0.0,2.0,5.0,10.0,11.0,1.0,2.0,14.0,20.0,1.0,11.0,9.0,2.0,0.0,0.25,0.26,0.0,0.0,0.0,0.0,14.15,11.0,11.17,6.0,0.09,0.0,0.0,0.6,0.61,0.6,26.69,3.36,1.88,7.16,0.9,13.31,9.4,3.13,3.24,3.02,25.0,11.0,11.0,47.0,4.0,6.0,1.0,4.0,0.0,11.0,11.0,21.0,32.0,1.0,2.0,17.0,12.0,2.0,5.0,20.0,12.0,4.0,0.58,1.53,1.25,0.0,3.0,1.0,45.73,36.0,35.11,1.0,0.4,1.28,1.28,2.48,2.38,2.35
84768568477365,2025,Clifton-Dumba,PIT,pairing,5on5,2,1480.0,5.0,0.62,0.46,0.49,11.72,1.11,0.95,2.91,0.48,7.18,5.37,1.09,1.15,1.12,11.0,7.0,7.0,25.0,0.0,1.0,0.0,2.0,0.0,9.0,6.0,11.0,18.0,2.0,7.0,9.0,16.0,2.0,8.0,12.0,5.0,1.0,0.36,0.55,0.2,0.0,0.0,0.0,25.77,18.0,18.71,3.0,0.2,0.01,0.01,1.3,1.34,1.31,13.81,0.69,0.71,3.6,0.42,7.71,5.87,0.68,0.69,0.69,10.0,9.0,10.0,29.0,1.0,0.0,0.0,3.0,0.0,10.0,5.0,9.0,18.0,2.0,7.0,15.0,15.0,3.0,5.0,17.0,2.0,0.0,0.39,0.3,0.0,0.0,1.0,0.0,28.58,19.0,18.56,3.0,0.15,0.0,0.0,0.84,0.84,0.83
847514984757658477451,2025,Johansson-Hartman-Tarasenko,MIN,line,5on5,15,703.0,183.0,0.5,0.4,0.38,3.65,0.25,0.19,0.99,0.11,1.89,1.57,0.25,0.25,0.25,2.0,3.0,3.0,8.0,0.0,0.0,0.0,1.0,0.0,3.0,1.0,2.0,5.0,1.0,2.0,3.0,1.0,1.0,4.0,4.0,1.0,0.0,0.14,0.11,0.0,0.0,0.0,0.0,8.26,5.0,5.16,2.0,0.04,0.0,0.0,0.29,0.29,0.29,5.36,0.25,0.32,1.22,0.18,3.66,2.38,0.25,0.25,0.25,3.0,5.0,4.0,12.0,0.0,0.0,0.0,0.0,0.0,2.0,6.0,3.0,8.0,0.0,0.0,7.0,4.0,0.0,2.0,8.0,0.0,0.0,0.25,0.0,0.0,0.0,0.0,0.0,12.2,8.0,8.13,2.0,0.06,0.0,0.0,0.31,0.31,0.31
847579184779408482702,2025,Ehlers-Stankoven-Hall,CAR,line,5on5,11,702.0,111.0,0.46,0.57,0.6,11.11,0.86,0.67,2.72,0.37,6.04,4.35,0.85,0.89,0.89,10.0,5.0,2.0,17.0,1.0,0.0,0.0,1.0,0.0,4.0,9.0,9.0,14.0,0.0,0.0,3.0,0.0,3.0,3.0,11.0,3.0,1.0,0.32,0.33,0.21,0.0,0.0,1.0,18.47,15.0,15.84,1.0,0.14,0.0,0.0,0.99,1.04,1.04,7.68,1.02,0.61,1.57,0.25,3.86,2.69,0.99,0.98,0.95,8.0,2.0,3.0,13.0,2.0,1.0,0.0,1.0,0.0,2.0,4.0,6.0,8.0,0.0,0.0,6.0,2.0,1.0,2.0,5.0,4.0,1.0,0.16,0.6,0.26,1.0,0.0,1.0,12.57,10.0,9.85,2.0,0.13,0.18,0.18,0.97,0.94,0.94
84820948483460,2025,Hunt-Jiricek,MIN,pairing,5on5,4,1634.0,21.0,0.45,0.48,0.47,15.7,1.15,1.08,4.11,0.48,8.42,5.77,1.07,1.15,1.08,12.0,9.0,10.0,31.0,1.0,3.0,0.0,2.0,0.0,9.0,6.0,11.0,20.0,1.0,2.0,13.0,8.0,3.0,3.0,17.0,2.0,2.0,0.45,0.21,0.49,1.0,0.0,0.0,32.35,21.0,21.63,2.0,0.23,0.54,0.54,0.84,0.84,0.83,16.63,1.41,1.21,4.29,0.56,9.65,6.87,1.37,1.42,1.38,17.0,7.0,9.0,33.0,0.0,2.0,0.0,5.0,0.0,12.0,5.0,17.0,24.0,4.0,8.0,15.0,14.0,2.0,6.0,17.0,6.0,1.0,0.5,0.67,0.24,0.0,0.0,0.0,32.32,24.0,23.56,3.0,0.25,0.38,0.38,1.29,1.3,1.28
847534384784638484186,2025,Beauvillier-Dowd-Leonard,WSH,line,5on5,8,2134.0,67.0,0.46,0.42,0.48,16.77,1.6,1.04,3.91,0.56,8.97,6.92,1.59,1.64,1.63,15.0,8.0,8.0,31.0,1.0,2.0,0.0,4.0,0.0,6.0,10.0,14.0,22.0,4.0,8.0,12.0,10.0,2.0,6.0,14.0,8.0,1.0,0.42,0.98,0.21,0.0,1.0,0.0,32.04,23.0,23.79,4.0,0.22,0.4,0.4,1.42,1.44,1.44,18.88,1.89,1.13,4.71,0.61,9.5,7.16,1.88,1.85,1.85,17.0,8.0,18.0,43.0,1.0,0.0,0.0,4.0,0.0,13.0,7.0,16.0,24.0,5.0,10.0,19.0,22.0,7.0,11.0,13.0,12.0,0.0,0.48,1.41,0.0,0.0,1.0,0.0,41.56,25.0,24.28,4.0,0.24,0.0,0.0,2.13,2.08,2.08
84774478480727,2025,Theodore-Whitecloud,VGK,pairing,5on5,16,760.0,124.0,0.68,0.57,0.71,7.6,0.58,0.38,1.97,0.24,3.44,3.38,0.58,0.56,0.56,9.0,1.0,2.0,12.0,0.0,1.0,0.0,2.0,0.0,2.0,5.0,9.0,10.0,1.0,2.0,1.0,4.0,1.0,5.0,8.0,1.0,1.0,0.13,0.14,0.31,0.0,0.0,0.0,12.22,10.0,9.97,3.0,0.08,0.31,0.31,0.35,0.34,0.34,2.73,0.28,0.19,0.66,0.11,1.55,1.21,0.28,0.3,0.3,2.0,2.0,5.0,9.0,0.0,0.0,0.0,0.0,0.0,2.0,2.0,2.0,4.0,0.0,0.0,3.0,5.0,2.0,3.0,3.0,1.0,0.0,0.11,0.17,0.0,0.0,0.0,0.0,9.12,4.0,4.13,2.0,0.04,0.0,0.0,0.32,0.34,0.34
84821768483506,2025,Kaiser-Rinzel,CHI,pairing,5on5,28,5753.0,182.0,0.53,0.48,0.49,60.92,5.99,4.01,15.44,1.93,30.07,22.57,5.57,5.98,5.56,47.0,33.0,17.0,97.0,9.0,12.0,2.0,12.0,0.0,21.0,26.0,38.0,71.0,6.0,12.0,34.0,41.0,8.0,27.0,55.0,15.0,10.0,1.36,2.04,2.59,3.0,2.0,4.0,97.07,80.0,80.61,13.0,0.85,2.24,2.39,4.44,4.44,4.3,60.45,5.23,3.92,14.76,1.97,32.87,24.26,5.14,5.25,5.15,47.0,36.0,22.0,105.0,4.0,5.0,1.0,10.0,0.0,37.0,27.0,43.0,79.0,7.0,14.0,42.0,40.0,7.0,28.0,64.0,13.0,6.0,1.83,1.74,1.65,1.0,1.0,2.0,105.3,83.0,82.96,16.0,0.82,1.1,1.1,4.94,4.96,4.92
848079784810688482679,2025,Farabee-Sharangovich-Coronato,CGY,line,5on5,2,890.0,6.0,0.5,0.58,0.48,6.86,0.51,0.4,1.88,0.26,3.91,3.04,0.49,0.54,0.53,10.0,0.0,8.0,18.0,0.0,1.0,0.0,3.0,0.0,2.0,4.0,10.0,10.0,2.0,4.0,4.0,4.0,2.0,6.0,9.0,0.0,1.0,0.25,0.0,0.25,0.0,0.0,0.0,18.67,10.0,10.28,5.0,0.08,0.05,0.05,0.53,0.56,0.56,7.65,0.52,0.48,1.77,0.24,4.67,3.32,0.5,0.5,0.49,9.0,2.0,2.0,13.0,2.0,0.0,0.0,2.0,0.0,5.0,2.0,7.0,9.0,1.0,2.0,7.0,3.0,4.0,7.0,9.0,2.0,0.0,0.29,0.23,0.0,2.0,0.0,0.0,12.98,11.0,10.76,3.0,0.1,0.0,0.0,0.61,0.59,0.58
84793698482511,2025,Lohrei-Peeke,BOS,pairing,5on5,29,8151.0,151.0,0.4,0.45,0.47,65.66,4.45,4.16,17.16,2.3,36.44,27.48,4.25,4.48,4.28,57.0,35.0,41.0,133.0,4.0,9.0,1.0,12.0,0.0,36.0,31.0,53.0,88.0,9.0,18.0,60.0,65.0,6.0,39.0,77.0,12.0,3.0,2.25,1.36,0.84,4.0,0.0,0.0,134.72,92.0,93.08,21.0,0.85,1.15,1.15,4.15,4.27,4.19,75.11,6.79,4.83,19.14,2.51,40.13,29.6,6.43,6.62,6.26,67.0,36.0,57.0,160.0,4.0,5.0,1.0,23.0,0.0,36.0,35.0,63.0,99.0,7.0,14.0,46.0,52.0,11.0,38.0,74.0,18.0,11.0,1.64,2.39,2.76,2.0,1.0,1.0,158.72,103.0,102.28,16.0,1.0,1.17,1.17,6.63,6.49,6.35
847647984796758482155,2025,Moore-Danault-Laferriere,LAK,line,5on5,11,786.0,168.0,0.46,0.51,0.52,9.4,0.5,0.47,2.31,0.28,5.29,4.16,0.49,0.47,0.46,11.0,2.0,5.0,18.0,0.0,0.0,0.0,1.0,0.0,6.0,6.0,11.0,13.0,0.0,0.0,8.0,4.0,1.0,5.0,11.0,1.0,1.0,0.2,0.09,0.2,0.0,0.0,0.0,16.7,13.0,12.15,4.0,0.09,0.0,0.0,0.59,0.56,0.55,8.46,0.57,0.54,1.98,0.27,5.06,3.59,0.57,0.61,0.61,12.0,0.0,5.0,17.0,1.0,0.0,0.0,2.0,0.0,4.0,5.0,11.0,11.0,0.0,0.0,6.0,6.0,2.0,5.0,11.0,1.0,0.0,0.38,0.19,0.0,0.0,1.0,0.0,17.74,12.0,12.54,1.0,0.11,0.0,0.0,0.68,0.72,0.72
847584284824608482747,2025,Othmann-Carrick-Rempe,NYR,line,5on5,4,1249.0,15.0,0.63,0.61,0.6,13.83,1.83,0.95,3.21,0.42,6.45,5.13,1.69,1.87,1.72,10.0,8.0,9.0,27.0,0.0,2.0,0.0,3.0,0.0,4.0,9.0,10.0,18.0,1.0,2.0,7.0,17.0,2.0,6.0,10.0,4.0,4.0,0.28,0.47,1.08,0.0,0.0,0.0,27.55,18.0,18.17,5.0,0.2,0.62,0.62,1.41,1.45,1.44,8.55,1.07,0.57,2.28,0.31,4.46,3.31,1.02,1.1,1.05,10.0,2.0,5.0,17.0,1.0,3.0,1.0,1.0,0.0,2.0,5.0,9.0,11.0,0.0,0.0,6.0,8.0,0.0,7.0,8.0,2.0,2.0,0.27,0.24,0.56,0.0,0.0,1.0,17.1,12.0,12.3,4.0,0.12,0.59,0.59,0.6,0.62,0.61
84788518482964,2025,Xhekaj-Carrier,MTL,pairing,5on5,34,14072.0,147.0,0.48,0.48,0.49,101.9,9.28,6.56,26.08,3.64,57.68,41.76,8.98,9.13,8.85,92.0,53.0,63.0,208.0,7.0,10.0,0.0,26.0,1.0,57.0,44.0,85.0,138.0,32.0,79.0,92.0,160.0,17.0,58.0,108.0,29.0,8.0,3.09,3.71,2.48,2.0,3.0,2.0,203.57,145.0,143.01,22.0,1.35,1.92,1.92,8.7,8.65,8.5,109.39,10.04,6.7,27.96,3.78,58.04,43.49,9.39,10.26,9.58,97.0,53.0,74.0,224.0,12.0,15.0,0.0,17.0,0.0,56.0,50.0,85.0,138.0,20.0,55.0,115.0,144.0,21.0,68.0,111.0,27.0,12.0,3.03,3.5,3.5,3.0,7.0,2.0,225.65,150.0,151.33,33.0,1.38,2.79,3.01,8.41,8.54,8.17
84774988479442,2025,Nurse-Stecher,EDM,pairing,5on5,6,3877.0,17.0,0.33,0.36,0.32,18.85,1.5,1.19,4.76,0.57,10.46,7.53,1.49,1.55,1.54,16.0,10.0,15.0,41.0,0.0,0.0,0.0,3.0,0.0,9.0,14.0,16.0,26.0,3.0,6.0,28.0,24.0,3.0,25.0,20.0,5.0,1.0,0.53,0.75,0.22,0.0,0.0,0.0,42.11,26.0,26.79,12.0,0.25,0.0,0.0,1.75,1.81,1.8,40.18,3.0,2.56,10.67,1.35,22.64,15.78,2.95,2.92,2.88,33.0,23.0,17.0,73.0,1.0,4.0,0.0,10.0,0.0,23.0,18.0,32.0,55.0,2.0,4.0,26.0,34.0,5.0,13.0,43.0,12.0,1.0,1.16,1.49,0.34,1.0,0.0,0.0,71.71,56.0,55.07,6.0,0.53,0.5,0.5,3.03,2.95,2.91
848084984821758482699,2025,Guenther-Hayton-Peterka,UTA,line,5on5,8,2002.0,64.0,0.54,0.56,0.53,19.54,2.25,1.39,4.78,0.63,9.31,6.63,2.06,2.28,2.08,19.0,6.0,9.0,34.0,0.0,3.0,0.0,2.0,0.0,6.0,14.0,19.0,25.0,3.0,6.0,15.0,5.0,6.0,10.0,16.0,6.0,3.0,0.5,0.78,0.97,0.0,0.0,0.0,33.31,25.0,24.42,6.0,0.3,0.85,0.85,1.71,1.71,1.67,16.21,1.89,1.18,3.77,0.56,8.53,6.07,1.82,1.94,1.87,13.0,9.0,5.0,27.0,2.0,3.0,0.0,4.0,0.0,8.0,5.0,11.0,20.0,3.0,6.0,17.0,13.0,0.0,5.0,12.0,8.0,2.0,0.39,0.98,0.52,0.0,2.0,0.0,27.66,22.0,22.83,3.0,0.24,0.52,0.52,1.62,1.64,1.6
84820958482245,2025,Kleven-Zub,OTT,pairing,5on5,31,3786.0,174.0,0.33,0.4,0.41,24.36,1.34,1.3,5.94,0.84,14.12,11.45,1.31,1.3,1.27,22.0,13.0,13.0,48.0,0.0,2.0,0.0,7.0,0.0,16.0,10.0,22.0,35.0,2.0,4.0,18.0,27.0,3.0,12.0,28.0,6.0,1.0,0.48,0.61,0.24,0.0,0.0,0.0,46.13,35.0,33.8,6.0,0.26,0.28,0.28,1.32,1.28,1.27,34.61,2.66,2.17,9.1,1.2,19.61,15.27,2.57,2.63,2.54,37.0,13.0,21.0,71.0,5.0,3.0,0.0,4.0,0.0,25.0,13.0,32.0,45.0,1.0,2.0,14.0,28.0,7.0,10.0,38.0,10.0,2.0,0.99,1.21,0.46,1.0,4.0,0.0,70.58,50.0,49.5,6.0,0.45,0.64,0.64,2.46,2.44,2.39
847591384779648478483,2025,Barbashev-Marner-Stone,VGK,line,5on5,5,2884.0,9.0,0.55,0.47,0.46,24.26,3.77,1.77,5.26,0.75,12.1,8.35,3.31,3.58,3.15,18.0,14.0,10.0,42.0,4.0,3.0,1.0,1.0,0.0,16.0,8.0,14.0,28.0,0.0,0.0,11.0,23.0,5.0,20.0,15.0,13.0,4.0,0.4,1.64,1.73,0.0,2.0,2.0,40.54,32.0,31.05,7.0,0.37,1.49,1.49,2.65,2.57,2.54,27.01,3.1,1.86,7.42,1.13,14.27,10.22,2.9,3.18,2.97,20.0,18.0,9.0,47.0,1.0,6.0,0.0,6.0,0.0,14.0,11.0,19.0,37.0,3.0,6.0,25.0,19.0,2.0,14.0,26.0,6.0,6.0,0.7,0.67,1.73,1.0,0.0,0.0,48.08,38.0,38.72,6.0,0.39,1.33,1.33,2.16,2.23,2.2
84763318479378,2025,Stanley-Demelo,WPG,pairing,5on5,31,3642.0,225.0,0.4,0.41,0.45,22.82,2.28,1.53,5.32,0.71,12.02,9.15,2.21,2.34,2.27,20.0,11.0,10.0,41.0,3.0,2.0,1.0,5.0,0.0,6.0,15.0,17.0,28.0,3.0,8.0,15.0,26.0,8.0,17.0,24.0,5.0,2.0,0.89,0.81,0.58,1.0,1.0,1.0,42.02,31.0,31.57,10.0,0.32,0.54,0.54,2.06,2.08,2.07,29.01,3.48,2.06,6.99,0.91,14.22,10.33,3.37,3.57,3.46,31.0,7.0,22.0,60.0,4.0,4.0,1.0,4.0,0.0,18.0,8.0,27.0,34.0,1.0,2.0,15.0,21.0,6.0,15.0,23.0,10.0,5.0,0.8,1.37,1.31,2.0,2.0,0.0,61.06,38.0,38.6,5.0,0.44,0.9,0.9,3.02,3.12,3.1
847410284780208481528,2025,Perron-Cozens-Amadio,OTT,line,5on5,7,1488.0,67.0,0.71,0.61,0.66,14.09,0.98,0.81,3.58,0.41,7.62,5.6,0.97,0.96,0.96,15.0,4.0,4.0,23.0,0.0,1.0,0.0,6.0,0.0,9.0,3.0,15.0,19.0,2.0,4.0,13.0,19.0,3.0,8.0,15.0,3.0,1.0,0.33,0.39,0.26,0.0,0.0,0.0,22.01,19.0,18.32,3.0,0.16,0.19,0.19,0.96,0.94,0.93,7.54,0.4,0.39,2.0,0.23,3.77,3.22,0.4,0.4,0.4,8.0,2.0,5.0,15.0,0.0,0.0,0.0,0.0,0.0,6.0,4.0,8.0,10.0,4.0,8.0,12.0,16.0,1.0,10.0,9.0,1.0,0.0,0.32,0.08,0.0,0.0,0.0,0.0,15.74,10.0,10.19,7.0,0.08,0.0,0.0,0.48,0.48,0.48
847418984763938480188,2025,Zetterlund-Eller-Cousins,OTT,line,5on5,10,1259.0,96.0,0.53,0.58,0.53,7.25,0.55,0.38,1.59,0.23,3.88,3.38,0.55,0.57,0.57,9.0,1.0,8.0,18.0,0.0,0.0,0.0,2.0,0.0,3.0,5.0,9.0,10.0,2.0,4.0,13.0,12.0,2.0,8.0,9.0,1.0,0.0,0.4,0.15,0.0,0.0,0.0,0.0,19.75,10.0,10.82,6.0,0.08,0.0,0.0,0.62,0.65,0.65,6.36,0.48,0.36,1.62,0.22,3.65,2.67,0.48,0.49,0.48,5.0,4.0,4.0,13.0,0.0,0.0,0.0,3.0,0.0,3.0,3.0,5.0,9.0,3.0,6.0,16.0,15.0,2.0,10.0,7.0,2.0,0.0,0.19,0.29,0.0,0.0,0.0,0.0,12.61,9.0,8.91,4.0,0.08,0.0,0.0,0.56,0.57,0.56
84784078479324,2025,Dunn-Lindgren,SEA,pairing,5on5,22,1089.0,192.0,0.49,0.59,0.54,9.17,0.64,0.48,2.36,0.3,5.19,4.03,0.64,0.63,0.63,8.0,5.0,6.0,19.0,1.0,0.0,0.0,1.0,0.0,5.0,6.0,7.0,12.0,0.0,0.0,0.0,3.0,0.0,1.0,9.0,4.0,0.0,0.17,0.47,0.0,1.0,0.0,0.0,19.36,13.0,13.28,0.0,0.1,0.0,0.0,0.74,0.73,0.73,8.07,0.67,0.5,1.77,0.22,4.46,3.38,0.67,0.7,0.7,7.0,4.0,2.0,13.0,0.0,0.0,0.0,1.0,0.0,3.0,7.0,7.0,11.0,1.0,2.0,3.0,15.0,2.0,2.0,9.0,1.0,1.0,0.29,0.13,0.25,0.0,0.0,0.0,13.65,11.0,11.43,1.0,0.1,0.0,0.0,0.78,0.81,0.81
847840184799998482177,2025,Mittelstadt-Zacha-Khusnutdinov,BOS,line,5on5,5,2296.0,17.0,0.48,0.59,0.63,19.57,1.53,1.14,5.17,0.65,10.89,7.63,1.51,1.51,1.49,16.0,11.0,11.0,38.0,1.0,2.0,1.0,7.0,0.0,8.0,9.0,15.0,26.0,5.0,10.0,15.0,8.0,6.0,11.0,20.0,7.0,0.0,0.53,1.0,0.0,0.0,1.0,0.0,37.69,27.0,26.71,5.0,0.23,0.33,0.33,1.43,1.4,1.39,11.97,1.68,0.74,2.82,0.41,5.84,4.5,1.6,1.79,1.71,11.0,5.0,10.0,26.0,2.0,3.0,0.0,2.0,0.0,2.0,7.0,9.0,14.0,2.0,4.0,16.0,15.0,4.0,7.0,10.0,4.0,2.0,0.43,0.59,0.66,0.0,2.0,0.0,27.04,16.0,16.84,1.0,0.16,0.85,0.85,0.98,1.04,1.03
847688284841858484197,2025,Lardis-Moore-Teravainen,CHI,line,5on5,2,995.0,5.0,0.41,0.67,0.68,9.27,0.49,0.57,2.49,0.3,5.38,3.77,0.48,0.46,0.45,7.0,6.0,5.0,18.0,1.0,1.0,0.0,0.0,0.0,6.0,5.0,6.0,12.0,0.0,0.0,8.0,6.0,2.0,5.0,12.0,1.0,0.0,0.41,0.08,0.0,1.0,0.0,0.0,17.67,13.0,12.44,3.0,0.12,0.05,0.05,0.56,0.52,0.52,4.46,0.69,0.39,1.14,0.16,2.11,1.51,0.65,0.69,0.65,4.0,2.0,3.0,9.0,0.0,1.0,0.0,1.0,0.0,1.0,3.0,4.0,6.0,0.0,0.0,5.0,8.0,1.0,6.0,2.0,3.0,1.0,0.05,0.36,0.28,0.0,0.0,0.0,8.88,6.0,5.89,4.0,0.08,0.28,0.28,0.5,0.49,0.49
84821318484321,2025,Sebrango-Matinpalo,OTT,pairing,5on5,2,1503.0,5.0,0.4,0.49,0.45,6.54,0.33,0.31,1.67,0.2,3.49,3.01,0.33,0.32,0.32,5.0,4.0,11.0,20.0,0.0,0.0,0.0,2.0,0.0,1.0,6.0,5.0,9.0,1.0,5.0,11.0,15.0,4.0,8.0,7.0,2.0,0.0,0.11,0.21,0.0,0.0,0.0,0.0,19.04,9.0,8.63,3.0,0.06,0.0,0.0,0.39,0.38,0.38,7.77,0.49,0.43,2.17,0.27,4.56,3.07,0.48,0.49,0.48,11.0,0.0,10.0,21.0,1.0,2.0,0.0,1.0,0.0,5.0,2.0,10.0,10.0,2.0,7.0,8.0,27.0,1.0,5.0,8.0,3.0,0.0,0.22,0.27,0.0,1.0,0.0,0.0,22.06,11.0,11.28,1.0,0.09,0.11,0.11,0.48,0.48,0.46
84808658483686,2025,Engstrom-Dobson,MTL,pairing,5on5,6,972.0,47.0,0.28,0.52,0.52,9.95,0.6,0.58,2.52,0.31,5.86,4.13,0.6,0.63,0.63,6.0,8.0,3.0,17.0,1.0,0.0,0.0,1.0,1.0,3.0,8.0,5.0,13.0,1.0,2.0,7.0,5.0,0.0,6.0,13.0,1.0,0.0,0.48,0.12,0.0,1.0,0.0,0.0,17.48,14.0,14.58,4.0,0.12,0.0,0.0,0.72,0.75,0.75,9.88,1.55,0.77,2.5,0.36,4.49,3.33,1.42,1.48,1.36,9.0,4.0,3.0,16.0,0.0,3.0,0.0,1.0,0.0,1.0,8.0,9.0,13.0,0.0,0.0,10.0,5.0,3.0,5.0,6.0,4.0,3.0,0.13,0.44,0.98,0.0,0.0,0.0,15.44,13.0,12.68,1.0,0.16,0.77,0.77,0.95,0.91,0.9
847584884808138483424,2025,Veleno-Beck-Gallagher,MTL,line,5on5,4,1807.0,15.0,0.61,0.58,0.54,14.59,1.21,0.84,3.92,0.45,7.77,5.81,1.19,1.16,1.14,14.0,6.0,11.0,31.0,1.0,0.0,0.0,2.0,0.0,10.0,7.0,13.0,19.0,0.0,0.0,13.0,22.0,2.0,4.0,16.0,3.0,1.0,0.59,0.34,0.28,1.0,0.0,0.0,30.28,20.0,19.6,2.0,0.17,0.0,0.0,1.38,1.32,1.3,12.6,0.77,0.68,3.24,0.38,6.96,4.97,0.77,0.77,0.77,11.0,6.0,5.0,22.0,0.0,0.0,0.0,2.0,0.0,9.0,6.0,11.0,17.0,2.0,4.0,12.0,19.0,1.0,5.0,15.0,1.0,1.0,0.44,0.11,0.22,0.0,0.0,0.0,21.45,17.0,16.7,1.0,0.14,0.0,0.0,0.91,0.91,0.9
847638984785508482109,2025,Panarin-Trocheck-Lafrenire,NYR,line,5on5,18,6814.0,95.0,0.5,0.57,0.54,55.69,4.91,3.69,12.86,1.88,32.09,23.58,4.79,5.02,4.9,50.0,29.0,37.0,116.0,11.0,3.0,1.0,11.0,0.0,29.0,25.0,39.0,68.0,3.0,4.0,58.0,60.0,8.0,39.0,60.0,16.0,3.0,2.0,2.0,0.91,7.0,4.0,0.0,118.62,79.0,80.31,18.0,0.76,0.8,0.8,4.87,4.98,4.93,49.55,4.84,3.19,12.04,1.69,25.81,19.43,4.68,4.73,4.58,48.0,19.0,21.0,88.0,5.0,8.0,1.0,10.0,0.0,14.0,30.0,43.0,62.0,6.0,12.0,61.0,45.0,14.0,37.0,46.0,14.0,7.0,1.4,1.72,1.72,0.0,2.0,3.0,86.81,67.0,66.3,25.0,0.67,1.29,1.29,4.21,4.14,4.07
847749684779568479987,2025,Geekie-Lindholm-Pastrnak,BOS,line,5on5,22,10716.0,82.0,0.42,0.45,0.46,86.63,7.12,5.11,22.96,2.93,44.82,35.06,6.97,7.03,6.87,82.0,36.0,51.0,169.0,8.0,8.0,2.0,11.0,0.0,49.0,42.0,74.0,110.0,14.0,28.0,116.0,73.0,18.0,72.0,87.0,24.0,7.0,2.39,3.0,1.74,5.0,2.0,1.0,167.4,118.0,117.1,29.0,1.07,1.46,1.46,6.73,6.67,6.59,101.25,9.87,6.74,26.25,3.53,53.01,38.59,9.37,10.1,9.58,81.0,57.0,67.0,205.0,11.0,12.0,1.0,17.0,0.0,61.0,37.0,70.0,127.0,19.0,38.0,98.0,74.0,13.0,61.0,97.0,24.0,17.0,2.48,3.02,4.38,5.0,2.0,4.0,207.8,138.0,141.02,23.0,1.41,2.45,2.45,8.83,9.01,8.84
847682284810328481065,2025,Cotter-Glendening-Crookshank,NJD,line,5on5,7,1187.0,63.0,0.3,0.5,0.5,8.84,0.43,0.38,2.43,0.3,3.82,3.63,0.43,0.42,0.42,6.0,5.0,8.0,19.0,1.0,0.0,0.0,0.0,0.0,2.0,8.0,5.0,10.0,1.0,2.0,8.0,7.0,0.0,5.0,9.0,2.0,0.0,0.19,0.24,0.0,1.0,0.0,0.0,18.67,11.0,10.8,2.0,0.08,0.0,0.0,0.51,0.5,0.5,8.82,1.02,0.66,2.04,0.23,4.22,2.82,1.0,1.02,1.0,7.0,4.0,8.0,19.0,0.0,0.0,0.0,1.0,0.0,5.0,5.0,7.0,11.0,2.0,4.0,9.0,18.0,3.0,4.0,7.0,2.0,2.0,0.26,0.26,0.5,0.0,0.0,0.0,19.4,11.0,11.28,2.0,0.14,0.0,0.0,1.16,1.16,1.14
847516884821458484829,2025,Hryckowian-Duchene-Bourque,DAL,line,5on5,6,630.0,59.0,0.59,0.43,0.38,3.96,0.46,0.26,1.13,0.11,1.76,1.29,0.46,0.45,0.45,3.0,2.0,4.0,9.0,0.0,0.0,0.0,2.0,0.0,2.0,1.0,3.0,5.0,0.0,0.0,5.0,4.0,2.0,6.0,3.0,1.0,1.0,0.12,0.11,0.23,0.0,0.0,0.0,8.99,5.0,4.91,3.0,0.05,0.0,0.0,0.51,0.5,0.5,5.98,0.32,0.34,1.77,0.21,3.11,2.24,0.3,0.35,0.33,5.0,3.0,4.0,12.0,0.0,2.0,0.0,0.0,0.0,2.0,4.0,5.0,8.0,1.0,2.0,6.0,7.0,1.0,6.0,6.0,2.0,0.0,0.14,0.19,0.0,0.0,0.0,0.0,12.99,8.0,8.65,3.0,0.07,0.19,0.19,0.21,0.22,0.22
848018884815288482092,2025,Zetterlund-Greig-Cozens,OTT,line,5on5,10,2336.0,130.0,0.49,0.53,0.53,18.0,2.01,1.25,4.07,0.62,9.92,7.13,1.97,1.99,1.95,12.0,13.0,8.0,33.0,2.0,2.0,0.0,2.0,0.0,6.0,13.0,10.0,23.0,3.0,9.0,23.0,15.0,6.0,16.0,18.0,4.0,3.0,0.64,0.56,0.81,1.0,0.0,1.0,33.49,25.0,25.47,5.0,0.26,0.31,0.31,1.96,1.96,1.94,16.82,2.1,1.28,4.41,0.52,8.0,5.69,1.95,2.17,2.02,15.0,7.0,7.0,29.0,1.0,2.0,0.0,4.0,0.0,11.0,4.0,14.0,21.0,2.0,7.0,22.0,13.0,1.0,7.0,13.0,6.0,3.0,0.38,0.79,0.94,0.0,1.0,0.0,29.65,22.0,22.52,4.0,0.28,0.59,0.59,1.78,1.84,1.79
847410284801888481528,2025,Zetterlund-Cozens-Perron,OTT,line,5on5,14,863.0,163.0,0.4,0.47,0.47,5.22,0.26,0.29,1.66,0.16,2.86,1.78,0.25,0.25,0.25,2.0,5.0,2.0,9.0,0.0,0.0,0.0,1.0,0.0,1.0,5.0,2.0,7.0,1.0,2.0,8.0,5.0,1.0,5.0,6.0,1.0,0.0,0.13,0.12,0.0,0.0,0.0,0.0,9.12,7.0,6.96,3.0,0.06,0.0,0.0,0.31,0.31,0.31,5.5,0.38,0.33,1.22,0.18,3.49,2.4,0.37,0.38,0.37,6.0,2.0,2.0,10.0,0.0,0.0,0.0,1.0,0.0,5.0,2.0,6.0,8.0,2.0,4.0,5.0,6.0,0.0,5.0,6.0,2.0,0.0,0.17,0.21,0.0,0.0,0.0,0.0,10.74,8.0,8.53,3.0,0.07,0.0,0.0,0.44,0.45,0.44
847399484751688484829,2025,Benn-Duchene-Hryckowian,DAL,line,5on5,6,1853.0,41.0,0.5,0.41,0.42,11.44,1.11,0.76,2.56,0.36,6.03,4.2,1.08,1.1,1.08,12.0,3.0,5.0,20.0,3.0,1.0,1.0,2.0,0.0,5.0,4.0,9.0,12.0,3.0,6.0,12.0,11.0,4.0,11.0,9.0,6.0,0.0,0.27,0.84,0.0,0.0,3.0,0.0,20.24,15.0,15.07,4.0,0.16,0.13,0.13,1.14,1.13,1.12,15.64,1.09,0.8,4.06,0.51,7.92,6.61,1.08,1.12,1.1,16.0,5.0,8.0,29.0,0.0,1.0,0.0,4.0,0.0,8.0,8.0,16.0,21.0,2.0,4.0,13.0,17.0,8.0,8.0,16.0,5.0,0.0,0.42,0.67,0.0,0.0,0.0,0.0,29.28,21.0,21.07,3.0,0.17,0.12,0.12,1.14,1.16,1.15
84772208484386,2025,Schmidt-Simashev,UTA,pairing,5on5,18,1133.0,188.0,0.29,0.39,0.36,6.46,0.37,0.35,1.53,0.21,3.84,2.71,0.37,0.37,0.37,4.0,5.0,4.0,13.0,0.0,0.0,0.0,0.0,0.0,1.0,8.0,4.0,9.0,0.0,0.0,5.0,8.0,2.0,6.0,9.0,0.0,0.0,0.37,0.0,0.0,0.0,0.0,0.0,13.31,9.0,9.19,2.0,0.07,0.0,0.0,0.44,0.44,0.44,11.33,0.9,0.72,2.57,0.34,6.69,4.79,0.89,0.89,0.89,12.0,4.0,4.0,20.0,0.0,0.0,0.0,3.0,0.0,9.0,4.0,12.0,16.0,0.0,0.0,4.0,9.0,3.0,3.0,13.0,2.0,1.0,0.39,0.27,0.24,0.0,0.0,0.0,20.17,16.0,16.06,2.0,0.15,0.0,0.0,1.04,1.03,1.03
84789118480796,2025,Fehervary-Roy,WSH,pairing,5on5,40,6490.0,233.0,0.44,0.45,0.51,53.94,4.81,3.31,13.34,1.77,27.77,21.99,4.67,4.89,4.75,59.0,14.0,17.0,90.0,2.0,7.0,0.0,12.0,0.0,27.0,25.0,57.0,71.0,9.0,18.0,31.0,49.0,5.0,21.0,50.0,19.0,4.0,1.3,2.4,1.11,1.0,1.0,0.0,91.48,73.0,74.47,13.0,0.69,1.45,1.01,4.49,4.57,4.5,53.56,6.14,3.56,12.83,1.76,26.25,19.44,5.92,6.11,5.89,37.0,33.0,38.0,108.0,5.0,7.0,2.0,3.0,0.0,22.0,33.0,32.0,65.0,3.0,6.0,28.0,36.0,7.0,22.0,43.0,19.0,8.0,1.47,2.44,2.24,1.0,3.0,1.0,106.79,70.0,69.28,13.0,0.75,1.44,1.44,5.46,5.43,5.32
84757538476892,2025,Parayko-Faulk,STL,pairing,5on5,32,1784.0,258.0,0.25,0.34,0.21,4.38,0.39,0.33,0.9,0.14,2.41,1.83,0.39,0.38,0.38,4.0,2.0,9.0,15.0,0.0,0.0,0.0,2.0,0.0,2.0,2.0,4.0,6.0,2.0,4.0,2.0,7.0,2.0,13.0,4.0,2.0,0.0,0.12,0.27,0.0,0.0,0.0,0.0,14.86,6.0,5.76,6.0,0.07,0.0,0.0,0.46,0.44,0.44,16.41,1.18,1.13,3.58,0.52,9.23,7.36,1.15,1.2,1.18,12.0,11.0,6.0,29.0,2.0,1.0,0.0,2.0,0.0,8.0,10.0,10.0,21.0,0.0,0.0,2.0,7.0,4.0,5.0,19.0,3.0,1.0,0.6,0.34,0.24,2.0,0.0,0.0,29.57,23.0,23.59,2.0,0.23,0.24,0.24,1.17,1.21,1.19
847647484794078481559,2025,Bratt-Hughes-Noesen,NJD,line,5on5,6,2951.0,23.0,0.54,0.56,0.58,28.34,2.17,1.71,6.43,0.89,15.85,11.95,2.13,2.2,2.15,29.0,10.0,19.0,58.0,0.0,2.0,0.0,8.0,0.0,11.0,18.0,29.0,39.0,2.0,4.0,13.0,14.0,3.0,15.0,31.0,7.0,1.0,1.04,0.8,0.33,0.0,0.0,0.0,58.53,39.0,39.74,8.0,0.35,0.48,0.48,2.04,2.06,2.05,20.75,1.87,1.26,5.21,0.69,10.72,8.26,1.83,1.92,1.88,22.0,6.0,17.0,45.0,3.0,1.0,1.0,4.0,0.0,10.0,10.0,19.0,25.0,3.0,6.0,24.0,11.0,3.0,16.0,21.0,5.0,2.0,0.67,0.67,0.53,2.0,0.0,1.0,45.72,28.0,28.17,9.0,0.27,0.3,0.3,1.84,1.86,1.82
84793718483485,2025,Mateychuk-Fabbro,CBJ,pairing,5on5,30,2620.0,196.0,0.42,0.38,0.38,16.93,2.07,1.21,4.12,0.54,7.71,6.34,2.01,2.13,2.07,13.0,9.0,9.0,31.0,2.0,3.0,2.0,3.0,0.0,5.0,9.0,11.0,20.0,1.0,2.0,13.0,11.0,4.0,13.0,12.0,7.0,3.0,0.31,0.81,0.95,0.0,1.0,1.0,30.59,22.0,21.98,8.0,0.25,0.82,0.82,1.5,1.56,1.55,26.48,2.82,1.8,6.53,0.92,13.49,10.45,2.64,2.82,2.64,21.0,15.0,15.0,51.0,1.0,5.0,0.0,4.0,0.0,13.0,13.0,20.0,35.0,2.0,4.0,8.0,17.0,2.0,13.0,24.0,7.0,5.0,0.7,0.92,1.2,1.0,0.0,0.0,52.1,36.0,36.71,5.0,0.38,1.06,1.06,2.14,2.16,2.12
848074884820558484136,2025,O'Connor-Sasson-Sherwood,VAN,line,5on5,13,1418.0,122.0,0.51,0.56,0.5,14.8,1.47,0.9,3.93,0.49,7.22,6.0,1.33,1.52,1.38,12.0,8.0,10.0,30.0,1.0,4.0,0.0,1.0,0.0,6.0,8.0,11.0,19.0,0.0,0.0,11.0,17.0,1.0,6.0,15.0,2.0,3.0,0.42,0.27,0.78,0.0,1.0,0.0,30.65,20.0,20.25,1.0,0.19,0.7,0.39,1.27,1.32,1.23,14.9,1.39,0.93,3.76,0.48,7.92,5.52,1.26,1.41,1.27,14.0,6.0,4.0,24.0,0.0,2.0,0.0,5.0,0.0,6.0,7.0,14.0,20.0,3.0,6.0,14.0,16.0,1.0,4.0,14.0,3.0,3.0,0.28,0.29,0.82,0.0,0.0,0.0,23.8,20.0,19.76,2.0,0.2,0.57,0.57,1.01,1.0,0.99
847794284796758481532,2025,Moore-Turcotte-Fiala,LAK,line,5on5,3,671.0,28.0,0.52,0.65,0.6,6.69,0.7,0.35,1.73,0.21,3.38,2.62,0.69,0.73,0.72,5.0,4.0,6.0,15.0,0.0,1.0,0.0,2.0,0.0,1.0,5.0,5.0,9.0,0.0,0.0,5.0,2.0,0.0,2.0,6.0,2.0,1.0,0.15,0.21,0.34,0.0,0.0,0.0,15.39,9.0,9.28,1.0,0.07,0.34,0.34,0.44,0.45,0.44,4.63,0.66,0.32,1.02,0.13,2.33,1.54,0.66,0.63,0.63,3.0,3.0,2.0,8.0,1.0,0.0,0.0,1.0,0.0,3.0,1.0,2.0,5.0,0.0,0.0,5.0,5.0,0.0,2.0,3.0,2.0,1.0,0.05,0.37,0.23,0.0,1.0,0.0,7.76,6.0,5.83,1.0,0.07,0.0,0.0,0.72,0.69,0.69
84799838482166,2025,Ferraro-Mukhamadullin,SJS,pairing,5on5,19,10021.0,81.0,0.4,0.45,0.46,78.27,6.6,5.21,19.79,2.65,43.61,31.14,6.29,6.72,6.4,74.0,35.0,36.0,145.0,3.0,11.0,0.0,20.0,0.0,39.0,36.0,71.0,106.0,8.0,16.0,81.0,59.0,13.0,56.0,82.0,20.0,7.0,1.93,2.57,2.1,2.0,1.0,0.0,145.1,109.0,109.55,27.0,1.07,1.68,1.68,5.99,6.09,6.0,92.43,9.74,6.23,22.42,3.27,50.69,36.65,9.1,9.63,8.99,88.0,41.0,51.0,180.0,8.0,13.0,2.0,18.0,0.0,58.0,32.0,80.0,121.0,9.0,18.0,79.0,53.0,16.0,42.0,92.0,24.0,13.0,2.71,3.06,3.97,2.0,4.0,2.0,178.74,129.0,127.35,20.0,1.29,3.43,3.43,7.6,7.51,7.38
847398684775278480068,2025,Johnston-Poehling-Killorn,ANA,line,5on5,17,3058.0,162.0,0.42,0.45,0.45,22.93,2.21,1.66,5.86,0.84,13.17,9.25,2.19,2.18,2.15,17.0,16.0,16.0,49.0,2.0,2.0,0.0,8.0,0.0,6.0,15.0,15.0,31.0,5.0,13.0,25.0,27.0,2.0,15.0,27.0,3.0,3.0,0.95,0.4,0.86,1.0,1.0,0.0,48.18,33.0,32.67,8.0,0.35,0.38,0.38,2.18,2.16,2.13,29.57,3.04,2.1,7.25,1.0,15.2,11.41,2.85,3.09,2.9,24.0,16.0,21.0,61.0,3.0,5.0,1.0,4.0,0.0,15.0,13.0,21.0,37.0,5.0,13.0,29.0,15.0,4.0,16.0,26.0,10.0,4.0,0.68,1.32,1.05,0.0,2.0,1.0,62.43,40.0,40.39,9.0,0.44,1.14,1.14,2.35,2.38,2.31
847963884834878485414,2025,Brazeau-Kindel-Mcgroarty,PIT,line,5on5,6,1729.0,40.0,0.32,0.44,0.43,12.99,0.95,0.96,3.4,0.42,7.93,5.34,0.93,0.94,0.92,9.0,10.0,8.0,27.0,3.0,1.0,0.0,2.0,0.0,7.0,6.0,6.0,16.0,2.0,4.0,10.0,11.0,0.0,8.0,16.0,2.0,1.0,0.41,0.3,0.24,2.0,1.0,0.0,26.59,19.0,18.86,3.0,0.2,0.01,0.01,1.14,1.12,1.1,18.02,2.05,1.42,4.3,0.63,9.47,7.13,2.0,2.14,2.1,14.0,11.0,10.0,35.0,2.0,1.0,0.0,5.0,0.0,10.0,7.0,12.0,23.0,0.0,0.0,15.0,5.0,2.0,4.0,14.0,9.0,2.0,0.36,1.2,0.48,1.0,1.0,0.0,35.34,25.0,25.55,2.0,0.3,0.27,0.27,2.08,2.19,2.18
847627884768898480840,2025,Faksa-Bck-Blackwell,DAL,line,5on5,11,2785.0,90.0,0.59,0.48,0.53,15.29,2.02,1.07,4.05,0.55,7.89,5.42,1.92,1.97,1.88,15.0,6.0,11.0,32.0,2.0,1.0,0.0,4.0,0.0,8.0,6.0,13.0,19.0,5.0,12.0,34.0,21.0,2.0,7.0,13.0,4.0,4.0,0.51,0.55,0.96,0.0,2.0,0.0,31.45,21.0,20.72,6.0,0.23,0.25,0.25,2.0,1.96,1.87,13.75,1.42,0.95,3.77,0.49,7.29,5.07,1.31,1.48,1.36,12.0,7.0,16.0,35.0,0.0,1.0,0.0,5.0,0.0,12.0,1.0,12.0,19.0,2.0,4.0,18.0,37.0,1.0,13.0,16.0,0.0,3.0,0.54,0.0,0.88,0.0,0.0,0.0,35.77,19.0,19.54,6.0,0.2,0.4,0.4,1.22,1.28,1.26
848018884808018481528,2025,Zetterlund-Cozens-Tkachuk,OTT,line,5on5,8,1177.0,116.0,0.62,0.56,0.63,15.41,1.43,1.06,3.77,0.49,7.89,5.36,1.4,1.49,1.46,11.0,9.0,9.0,29.0,1.0,2.0,0.0,1.0,0.0,10.0,6.0,10.0,19.0,3.0,6.0,12.0,19.0,1.0,8.0,16.0,1.0,3.0,0.55,0.11,0.77,0.0,0.0,1.0,29.49,20.0,20.35,5.0,0.22,0.29,0.29,1.35,1.41,1.39,8.65,0.88,0.51,2.39,0.34,4.48,3.4,0.87,0.84,0.83,8.0,4.0,11.0,23.0,1.0,1.0,0.0,2.0,0.0,4.0,4.0,7.0,11.0,3.0,6.0,12.0,13.0,2.0,4.0,7.0,3.0,2.0,0.12,0.31,0.45,0.0,1.0,0.0,23.31,12.0,12.08,3.0,0.1,0.22,0.22,0.76,0.74,0.74
847752784800688482118,2025,Johnston-Poehling-Colangelo,ANA,line,5on5,6,1531.0,42.0,0.63,0.53,0.42,10.6,1.39,0.74,2.65,0.42,5.69,4.11,1.38,1.46,1.44,9.0,6.0,12.0,27.0,2.0,3.0,1.0,2.0,0.0,5.0,3.0,7.0,13.0,3.0,12.0,17.0,10.0,2.0,9.0,8.0,6.0,1.0,0.21,0.95,0.23,0.0,2.0,0.0,27.73,15.0,15.37,4.0,0.15,0.42,0.42,1.13,1.18,1.18,15.79,0.81,0.82,4.35,0.49,8.21,6.31,0.8,0.79,0.78,19.0,2.0,3.0,24.0,2.0,1.0,1.0,5.0,0.0,7.0,6.0,17.0,19.0,3.0,12.0,13.0,12.0,1.0,8.0,19.0,2.0,0.0,0.55,0.26,0.0,1.0,1.0,0.0,23.61,21.0,20.78,6.0,0.17,0.18,0.18,0.8,0.78,0.76
847690584800098484800,2025,Catton-Stephenson-Tolvanen,SEA,line,5on5,6,873.0,65.0,0.63,0.55,0.54,4.48,0.41,0.4,1.24,0.21,2.8,1.95,0.4,0.4,0.39,2.0,5.0,5.0,12.0,0.0,0.0,0.0,0.0,0.0,4.0,3.0,2.0,7.0,1.0,2.0,4.0,5.0,1.0,4.0,5.0,2.0,0.0,0.11,0.29,0.0,0.0,0.0,0.0,11.03,7.0,6.71,3.0,0.08,0.0,0.0,0.49,0.48,0.47,4.26,0.24,0.29,0.8,0.11,2.6,1.95,0.24,0.24,0.24,5.0,1.0,4.0,10.0,1.0,0.0,0.0,1.0,0.0,3.0,1.0,4.0,5.0,0.0,0.0,5.0,7.0,1.0,1.0,5.0,1.0,0.0,0.14,0.1,0.0,1.0,0.0,0.0,10.68,6.0,6.14,1.0,0.06,0.0,0.0,0.3,0.3,0.3
848002384820778482089,2025,Holloway-Thomas-Neighbours,STL,line,5on5,4,1017.0,39.0,0.4,0.4,0.41,7.97,0.65,0.49,1.86,0.25,4.66,3.09,0.65,0.64,0.64,5.0,6.0,1.0,12.0,0.0,0.0,0.0,1.0,0.0,3.0,7.0,5.0,11.0,0.0,0.0,10.0,5.0,1.0,5.0,9.0,2.0,0.0,0.32,0.33,0.0,0.0,0.0,0.0,12.29,11.0,11.21,2.0,0.1,0.0,0.0,0.75,0.74,0.74,11.34,0.99,0.75,3.21,0.4,6.09,4.56,0.98,1.0,1.0,14.0,2.0,2.0,18.0,2.0,0.0,0.0,4.0,0.0,6.0,4.0,12.0,14.0,0.0,0.0,5.0,8.0,1.0,4.0,11.0,5.0,0.0,0.33,0.66,0.0,1.0,1.0,0.0,17.72,16.0,15.83,3.0,0.16,0.0,0.0,1.15,1.16,1.15
847643284826608484166,2025,Johnson-Fantilli-Jenner,CBJ,line,5on5,10,5183.0,51.0,0.44,0.6,0.56,50.61,3.88,3.2,12.37,1.54,26.95,20.05,3.81,3.81,3.74,46.0,22.0,46.0,114.0,4.0,2.0,0.0,10.0,1.0,35.0,16.0,42.0,64.0,8.0,22.0,42.0,36.0,11.0,28.0,53.0,13.0,2.0,1.63,1.67,0.58,2.0,1.0,1.0,114.54,68.0,67.51,12.0,0.66,0.49,0.49,4.06,4.03,3.97,39.48,4.87,2.76,9.21,1.29,20.51,15.37,4.67,4.84,4.66,35.0,19.0,23.0,77.0,7.0,5.0,1.0,5.0,0.0,18.0,19.0,28.0,47.0,5.0,13.0,37.0,25.0,5.0,41.0,30.0,19.0,5.0,0.95,2.56,1.36,4.0,2.0,1.0,75.83,54.0,53.76,17.0,0.58,1.32,1.32,4.12,4.15,4.06
84781368484798,2025,Middleton-Buium,MIN,pairing,5on5,18,1114.0,129.0,0.55,0.62,0.53,6.59,0.73,0.48,1.46,0.21,3.47,2.65,0.7,0.74,0.71,6.0,3.0,7.0,16.0,1.0,0.0,0.0,0.0,0.0,5.0,3.0,5.0,8.0,0.0,0.0,4.0,13.0,2.0,5.0,6.0,2.0,1.0,0.21,0.27,0.24,1.0,0.0,0.0,16.17,9.0,8.87,4.0,0.1,0.0,0.0,0.83,0.85,0.81,6.08,0.6,0.44,1.29,0.18,3.24,2.25,0.58,0.63,0.61,5.0,3.0,2.0,10.0,0.0,0.0,0.0,2.0,0.0,3.0,3.0,5.0,8.0,0.0,0.0,4.0,5.0,4.0,6.0,5.0,3.0,0.0,0.21,0.4,0.0,0.0,0.0,0.0,10.32,8.0,8.35,2.0,0.09,0.0,0.0,0.69,0.72,0.7
847576084775738480074,2025,Texier-Walker-Bjugstad,STL,line,5on5,6,1509.0,34.0,0.6,0.45,0.45,10.66,1.31,0.78,2.36,0.3,5.45,3.79,1.29,1.33,1.31,9.0,5.0,6.0,20.0,1.0,1.0,0.0,0.0,0.0,3.0,9.0,8.0,13.0,1.0,5.0,14.0,20.0,2.0,9.0,8.0,4.0,2.0,0.2,0.58,0.53,0.0,1.0,0.0,20.32,14.0,14.38,6.0,0.16,0.32,0.32,1.16,1.19,1.17,12.52,0.88,0.74,3.56,0.43,6.79,4.59,0.87,0.89,0.88,6.0,11.0,7.0,24.0,1.0,3.0,0.0,2.0,0.0,6.0,5.0,5.0,16.0,2.0,7.0,11.0,15.0,6.0,12.0,14.0,2.0,1.0,0.35,0.29,0.24,1.0,0.0,0.0,25.0,17.0,17.64,4.0,0.16,0.29,0.29,0.74,0.76,0.75
84770188478468,2025,Lauzon-Hutton,VGK,pairing,5on5,6,1327.0,32.0,0.29,0.31,0.38,6.72,0.36,0.27,1.74,0.23,3.42,2.97,0.36,0.33,0.33,5.0,4.0,2.0,11.0,0.0,0.0,0.0,0.0,0.0,3.0,6.0,5.0,9.0,4.0,11.0,7.0,18.0,1.0,5.0,8.0,1.0,0.0,0.25,0.11,0.0,0.0,0.0,0.0,10.11,9.0,8.42,2.0,0.06,0.0,0.0,0.42,0.39,0.39,10.37,0.9,0.7,2.83,0.43,6.0,4.13,0.79,0.89,0.78,7.0,8.0,9.0,24.0,1.0,2.0,1.0,1.0,0.0,5.0,6.0,6.0,14.0,1.0,5.0,13.0,15.0,0.0,2.0,12.0,1.0,2.0,0.29,0.15,0.46,0.0,0.0,1.0,25.4,15.0,15.82,0.0,0.14,0.46,0.46,0.58,0.59,0.58
84752008484806,2025,Orlov-Dickinson,SJS,pairing,5on5,21,2017.0,170.0,0.38,0.51,0.42,14.63,1.3,0.93,3.17,0.41,7.0,6.18,1.3,1.28,1.27,14.0,5.0,11.0,30.0,1.0,0.0,0.0,4.0,0.0,4.0,10.0,13.0,18.0,8.0,19.0,14.0,17.0,3.0,17.0,14.0,3.0,2.0,0.42,0.34,0.54,1.0,0.0,0.0,28.69,19.0,18.46,9.0,0.2,0.0,0.0,1.5,1.47,1.47,19.75,2.16,1.2,4.92,0.6,9.85,7.28,2.15,2.22,2.22,17.0,9.0,3.0,29.0,1.0,0.0,0.0,10.0,0.0,7.0,8.0,16.0,25.0,5.0,13.0,11.0,9.0,2.0,9.0,17.0,6.0,3.0,0.47,0.76,0.93,0.0,0.0,1.0,29.95,26.0,26.48,5.0,0.25,0.0,0.0,2.41,2.48,2.47
84751718477541,2025,Ekman-Larsson-Mermis,TOR,pairing,5on5,8,1250.0,66.0,0.26,0.51,0.58,11.63,0.38,0.55,3.3,0.36,5.33,5.09,0.35,0.38,0.35,10.0,5.0,4.0,19.0,0.0,0.0,0.0,2.0,0.0,7.0,6.0,10.0,15.0,0.0,0.0,15.0,7.0,1.0,7.0,13.0,2.0,0.0,0.21,0.17,0.0,0.0,0.0,0.0,19.2,15.0,15.24,3.0,0.11,0.0,0.0,0.49,0.49,0.46,7.98,1.07,0.54,2.19,0.29,4.0,2.92,0.87,1.06,0.86,8.0,3.0,7.0,18.0,0.0,2.0,0.0,0.0,0.0,4.0,5.0,8.0,11.0,1.0,2.0,3.0,9.0,4.0,7.0,8.0,1.0,2.0,0.28,0.17,0.61,0.0,0.0,0.0,17.35,11.0,10.49,3.0,0.11,0.61,0.61,0.57,0.55,0.53
847791984817898482751,2025,Kartye-Gaudreau-Winterton,SEA,line,5on5,12,3239.0,69.0,0.44,0.56,0.56,22.86,1.45,1.48,5.75,0.76,13.26,9.3,1.44,1.41,1.4,19.0,13.0,18.0,50.0,2.0,2.0,0.0,6.0,0.0,11.0,11.0,17.0,30.0,5.0,15.0,15.0,30.0,6.0,15.0,28.0,3.0,1.0,0.81,0.36,0.27,1.0,0.0,1.0,47.97,32.0,31.03,8.0,0.3,0.13,0.13,1.63,1.58,1.57,18.59,1.81,1.37,4.48,0.62,9.68,7.04,1.78,1.9,1.87,16.0,9.0,15.0,40.0,2.0,1.0,0.0,3.0,0.0,9.0,10.0,14.0,23.0,4.0,11.0,26.0,21.0,5.0,12.0,15.0,9.0,1.0,0.34,1.18,0.29,1.0,1.0,0.0,41.55,25.0,25.95,6.0,0.29,0.29,0.29,1.81,1.9,1.88
847515184774078478445,2025,Duclair-Barzal-Palmieri,NYI,line,5on5,7,4779.0,11.0,0.39,0.45,0.45,36.41,2.67,2.35,8.82,1.21,20.72,15.22,2.62,2.69,2.64,30.0,21.0,19.0,70.0,3.0,4.0,1.0,10.0,0.0,11.0,23.0,27.0,48.0,6.0,12.0,18.0,15.0,4.0,22.0,38.0,11.0,2.0,1.01,1.21,0.46,1.0,1.0,1.0,70.6,51.0,51.36,8.0,0.48,0.55,0.55,2.6,2.61,2.59,45.97,4.25,3.44,10.73,1.47,25.54,17.57,4.03,4.24,4.03,45.0,18.0,24.0,87.0,0.0,4.0,0.0,5.0,0.0,27.0,27.0,45.0,63.0,4.0,10.0,48.0,18.0,3.0,23.0,40.0,20.0,3.0,1.17,2.42,0.66,0.0,0.0,0.0,85.1,63.0,62.19,4.0,0.7,0.64,0.64,4.31,4.31,4.22
847576384775118479638,2025,Brazeau-Hayes-Mantha,PIT,line,5on5,4,1541.0,23.0,0.56,0.52,0.48,12.11,1.54,0.8,3.1,0.4,5.97,4.19,1.52,1.56,1.54,13.0,3.0,10.0,26.0,0.0,2.0,0.0,3.0,0.0,6.0,5.0,13.0,16.0,1.0,2.0,7.0,17.0,5.0,10.0,9.0,4.0,3.0,0.31,0.53,0.7,0.0,0.0,0.0,26.23,16.0,16.32,5.0,0.17,0.4,0.4,1.32,1.32,1.32,12.39,1.19,0.82,2.77,0.43,6.94,4.86,1.16,1.2,1.17,7.0,10.0,7.0,24.0,2.0,0.0,0.0,1.0,0.0,9.0,5.0,5.0,15.0,2.0,4.0,11.0,8.0,1.0,9.0,12.0,4.0,1.0,0.49,0.47,0.22,0.0,2.0,0.0,24.29,17.0,17.09,4.0,0.17,0.0,0.0,1.36,1.37,1.33
84768538478443,2025,Rielly-Carlo,TOR,pairing,5on5,17,9964.0,51.0,0.48,0.46,0.48,90.71,7.84,5.66,22.83,2.97,48.01,35.69,7.41,7.75,7.32,85.0,38.0,35.0,158.0,8.0,9.0,0.0,19.0,0.0,44.0,43.0,77.0,115.0,9.0,18.0,94.0,88.0,11.0,61.0,89.0,28.0,6.0,2.57,3.49,1.77,4.0,4.0,0.0,155.85,123.0,121.48,35.0,1.18,1.87,1.87,7.15,7.01,6.82,96.13,8.56,6.31,24.33,3.16,53.33,38.32,8.38,8.77,8.59,88.0,46.0,52.0,186.0,12.0,5.0,3.0,15.0,0.0,40.0,62.0,76.0,122.0,5.0,10.0,82.0,60.0,15.0,66.0,98.0,28.0,8.0,2.64,3.47,2.45,3.0,6.0,3.0,188.22,134.0,134.91,27.0,1.31,0.92,1.7,8.16,8.36,8.3
847961984808558484388,2025,But-Mcbain-Carcone,UTA,line,5on5,10,4973.0,28.0,0.67,0.63,0.59,44.89,5.64,3.59,11.69,1.93,23.74,17.42,5.17,5.62,5.15,41.0,23.0,44.0,108.0,3.0,9.0,1.0,5.0,0.0,31.0,16.0,38.0,61.0,3.0,6.0,35.0,49.0,5.0,15.0,40.0,13.0,11.0,1.14,1.45,3.05,2.0,0.0,1.0,107.87,64.0,63.78,8.0,0.75,2.44,2.44,3.96,3.95,3.89,32.53,2.8,2.3,8.24,1.1,17.56,12.99,2.7,2.76,2.66,35.0,10.0,19.0,64.0,3.0,3.0,0.0,8.0,0.0,17.0,14.0,32.0,42.0,6.0,12.0,49.0,43.0,8.0,14.0,33.0,11.0,1.0,1.13,1.44,0.23,0.0,3.0,0.0,62.9,45.0,44.23,7.0,0.49,0.43,0.43,2.86,2.81,2.73
847579184768738480829,2025,Jankowski-Kotkaniemi-Hall,CAR,line,5on5,3,680.0,32.0,0.47,0.54,0.57,2.81,0.12,0.15,0.89,0.1,1.65,1.11,0.12,0.13,0.13,3.0,1.0,3.0,7.0,0.0,0.0,0.0,1.0,0.0,1.0,2.0,3.0,4.0,0.0,0.0,6.0,4.0,0.0,3.0,4.0,0.0,0.0,0.12,0.0,0.0,0.0,0.0,0.0,7.7,4.0,4.45,1.0,0.03,0.0,0.0,0.15,0.16,0.16,2.36,0.13,0.14,0.52,0.09,1.29,0.83,0.13,0.12,0.12,3.0,0.0,3.0,6.0,0.0,0.0,0.0,1.0,0.0,0.0,2.0,3.0,3.0,1.0,2.0,7.0,5.0,2.0,4.0,2.0,1.0,0.0,0.05,0.08,0.0,0.0,0.0,0.0,5.98,3.0,2.8,3.0,0.03,0.0,0.0,0.16,0.15,0.15
847515184775008482476,2025,Heineman-Horvat-Palmieri,NYI,line,5on5,12,6542.0,36.0,0.49,0.56,0.52,56.57,5.56,3.67,14.16,1.89,30.92,21.81,5.44,5.75,5.63,51.0,27.0,40.0,118.0,4.0,7.0,0.0,13.0,0.0,27.0,27.0,47.0,74.0,7.0,14.0,53.0,47.0,6.0,27.0,55.0,18.0,5.0,1.7,2.35,1.5,0.0,4.0,0.0,119.62,78.0,79.57,14.0,0.76,1.81,1.81,4.51,4.61,4.57,55.04,5.82,3.82,13.01,1.7,28.26,20.39,5.54,5.7,5.42,41.0,32.0,21.0,94.0,5.0,6.0,0.0,7.0,0.0,29.0,26.0,36.0,68.0,6.0,12.0,53.0,39.0,7.0,32.0,46.0,20.0,7.0,1.51,2.48,1.83,1.0,3.0,1.0,93.14,73.0,72.56,14.0,0.8,1.07,1.07,5.54,5.45,5.31
848209084822018483752,2025,Goncalves-Finley-James,TBL,line,5on5,3,1040.0,19.0,0.45,0.39,0.3,4.52,0.51,0.3,1.08,0.15,2.4,1.55,0.5,0.5,0.49,3.0,3.0,6.0,12.0,1.0,1.0,0.0,0.0,0.0,4.0,0.0,2.0,5.0,2.0,6.0,9.0,5.0,2.0,5.0,3.0,2.0,1.0,0.04,0.25,0.23,0.0,1.0,0.0,12.0,6.0,5.95,4.0,0.06,0.23,0.23,0.35,0.33,0.32,9.77,0.63,0.59,2.8,0.38,5.71,3.88,0.61,0.65,0.63,6.0,8.0,5.0,19.0,0.0,2.0,0.0,1.0,0.0,5.0,6.0,6.0,14.0,2.0,4.0,7.0,15.0,1.0,1.0,12.0,2.0,0.0,0.34,0.29,0.0,0.0,0.0,0.0,19.04,14.0,14.24,0.0,0.12,0.21,0.21,0.55,0.56,0.54
84784168480426,2025,D'Astous-Cernak,TBL,pairing,5on5,13,4795.0,79.0,0.53,0.47,0.43,27.06,2.74,1.83,6.71,0.88,14.52,10.31,2.55,2.75,2.57,23.0,14.0,27.0,64.0,3.0,2.0,0.0,4.0,0.0,12.0,16.0,20.0,34.0,4.0,10.0,27.0,41.0,7.0,23.0,23.0,12.0,2.0,0.78,1.51,0.45,1.0,2.0,0.0,64.04,37.0,37.28,11.0,0.39,0.24,0.24,2.89,2.91,2.73,35.94,2.46,2.02,9.08,1.2,20.09,15.14,2.42,2.48,2.44,26.0,24.0,23.0,73.0,6.0,1.0,1.0,9.0,0.0,16.0,18.0,20.0,44.0,5.0,10.0,43.0,34.0,5.0,23.0,41.0,7.0,2.0,1.15,0.88,0.43,2.0,3.0,1.0,74.41,50.0,50.87,9.0,0.41,0.22,0.22,2.66,2.69,2.67
84779508481014,2025,Romanov-Deangelo,NYI,pairing,5on5,12,6863.0,45.0,0.34,0.47,0.48,62.75,4.65,4.0,16.55,2.13,34.37,24.3,4.56,4.45,4.35,60.0,26.0,24.0,110.0,2.0,6.0,0.0,16.0,0.0,34.0,28.0,58.0,84.0,11.0,22.0,54.0,49.0,5.0,33.0,67.0,15.0,4.0,1.85,1.79,1.01,1.0,0.0,1.0,104.62,86.0,82.24,18.0,0.83,1.0,1.01,4.47,4.3,4.26,69.86,9.16,5.19,16.24,2.31,34.14,24.96,8.73,9.52,9.07,67.0,25.0,33.0,125.0,9.0,10.0,0.0,10.0,0.0,32.0,31.0,58.0,83.0,7.0,14.0,71.0,49.0,11.0,26.0,46.0,33.0,13.0,1.37,4.24,3.55,0.0,8.0,1.0,131.65,92.0,95.98,12.0,1.11,2.81,2.81,7.45,7.81,7.64
847574584764328479671,2025,Jenner-Coyle-Olivier,CBJ,line,5on5,8,2520.0,65.0,0.78,0.52,0.57,26.26,2.95,1.97,6.9,0.98,12.44,9.77,2.8,2.86,2.72,23.0,12.0,15.0,50.0,1.0,6.0,0.0,3.0,0.0,13.0,12.0,22.0,34.0,1.0,2.0,23.0,26.0,4.0,15.0,25.0,3.0,7.0,0.66,0.43,1.85,1.0,0.0,0.0,49.71,35.0,35.28,9.0,0.42,1.25,1.25,2.11,2.08,2.04,17.18,0.83,1.06,4.65,0.6,10.86,8.0,0.81,0.85,0.83,18.0,8.0,21.0,47.0,1.0,0.0,0.0,5.0,0.0,13.0,7.0,17.0,25.0,3.0,6.0,26.0,6.0,4.0,11.0,24.0,2.0,0.0,0.58,0.25,0.0,1.0,0.0,0.0,46.82,26.0,25.77,5.0,0.21,0.0,0.0,1.04,1.06,1.03
848345084841858484197,2025,Lardis-Greene-Moore,CHI,line,5on5,5,2465.0,15.0,0.39,0.47,0.45,17.74,1.36,1.1,4.43,0.56,10.02,7.53,1.31,1.28,1.24,13.0,12.0,10.0,35.0,1.0,1.0,0.0,5.0,0.0,10.0,8.0,12.0,24.0,2.0,4.0,20.0,19.0,1.0,12.0,19.0,5.0,1.0,0.52,0.51,0.33,1.0,0.0,0.0,32.81,25.0,23.98,6.0,0.22,0.33,0.33,1.25,1.2,1.16,21.83,2.16,1.59,5.04,0.74,11.63,8.84,2.09,2.26,2.18,21.0,9.0,9.0,39.0,2.0,1.0,1.0,2.0,0.0,11.0,14.0,19.0,28.0,3.0,6.0,15.0,18.0,2.0,8.0,21.0,6.0,3.0,0.65,0.78,0.73,0.0,1.0,1.0,41.14,30.0,31.45,4.0,0.33,0.32,0.32,2.17,2.24,2.22
847121584775118481577,2025,Mantha-Malkin-Tomasino,PIT,line,5on5,5,798.0,43.0,0.46,0.59,0.65,8.85,0.69,0.61,2.43,0.33,5.17,3.77,0.68,0.71,0.7,9.0,4.0,4.0,17.0,0.0,2.0,0.0,1.0,0.0,5.0,5.0,9.0,13.0,3.0,6.0,5.0,2.0,1.0,2.0,11.0,1.0,1.0,0.27,0.14,0.28,0.0,0.0,0.0,17.41,13.0,13.44,1.0,0.13,0.31,0.31,0.51,0.53,0.52,5.62,0.8,0.36,1.48,0.16,2.4,1.8,0.78,0.79,0.77,5.0,2.0,5.0,12.0,1.0,1.0,0.0,0.0,0.0,1.0,4.0,4.0,6.0,0.0,0.0,7.0,11.0,1.0,3.0,4.0,2.0,1.0,0.13,0.33,0.34,0.0,1.0,0.0,12.04,7.0,6.81,1.0,0.08,0.34,0.34,0.54,0.52,0.52
847399484784498480027,2025,Benn-Hintz-Robertson,DAL,line,5on5,11,5017.0,34.0,0.54,0.48,0.51,42.31,4.55,2.91,11.02,1.43,21.21,15.89,4.1,4.79,4.3,38.0,19.0,20.0,77.0,3.0,7.0,0.0,6.0,0.0,22.0,19.0,35.0,54.0,3.0,9.0,57.0,19.0,3.0,25.0,41.0,7.0,9.0,1.32,0.71,2.52,2.0,1.0,0.0,80.09,57.0,59.46,12.0,0.61,1.77,1.77,3.39,3.53,3.46,39.81,3.92,2.49,10.03,1.31,20.55,15.7,3.62,3.89,3.59,33.0,21.0,29.0,83.0,1.0,6.0,1.0,5.0,0.0,24.0,18.0,32.0,53.0,1.0,5.0,48.0,34.0,7.0,23.0,38.0,11.0,5.0,1.07,1.29,1.56,0.0,0.0,1.0,82.16,54.0,53.29,11.0,0.53,1.53,1.53,2.91,2.89,2.81
84784698481606,2025,Chabot-Spence,OTT,pairing,5on5,15,5713.0,61.0,0.62,0.6,0.59,61.28,5.56,4.28,15.0,2.04,34.09,24.03,5.34,5.62,5.38,49.0,36.0,31.0,116.0,8.0,7.0,1.0,9.0,0.0,29.0,32.0,41.0,77.0,5.0,13.0,46.0,44.0,9.0,29.0,64.0,16.0,5.0,2.13,1.89,1.54,4.0,3.0,1.0,115.09,85.0,85.41,14.0,0.89,1.6,1.6,4.85,4.84,4.69,40.6,3.43,2.96,9.52,1.4,23.43,17.26,3.39,3.48,3.44,46.0,12.0,20.0,78.0,6.0,6.0,1.0,11.0,0.0,17.0,18.0,40.0,52.0,7.0,17.0,32.0,31.0,11.0,32.0,43.0,12.0,3.0,1.26,1.39,0.78,2.0,4.0,0.0,78.78,58.0,58.8,22.0,0.61,0.49,0.49,3.55,3.59,3.57
847576884815548482665,2025,Schwartz-Beniers-Kakko,SEA,line,5on5,3,1642.0,6.0,0.29,0.56,0.42,8.97,0.64,0.56,2.23,0.31,5.33,3.94,0.64,0.64,0.64,7.0,6.0,16.0,29.0,1.0,0.0,0.0,1.0,0.0,5.0,6.0,6.0,12.0,2.0,4.0,12.0,3.0,2.0,11.0,11.0,2.0,0.0,0.3,0.34,0.0,1.0,0.0,0.0,28.7,13.0,12.9,3.0,0.12,0.0,0.0,0.76,0.76,0.76,13.67,1.54,0.91,3.71,0.44,6.62,4.77,1.47,1.58,1.5,11.0,7.0,5.0,23.0,0.0,2.0,0.0,1.0,0.0,8.0,7.0,11.0,18.0,0.0,0.0,17.0,10.0,2.0,11.0,10.0,6.0,2.0,0.3,0.68,0.56,0.0,0.0,0.0,23.46,18.0,18.29,1.0,0.19,0.45,0.45,1.29,1.31,1.29
847121484784408481656,2025,Ovechkin-Strome-Protas,WSH,line,5on5,23,2440.0,267.0,0.34,0.43,0.41,17.95,1.56,1.17,4.57,0.57,9.27,6.86,1.53,1.59,1.56,12.0,12.0,16.0,40.0,3.0,1.0,1.0,0.0,0.0,9.0,11.0,9.0,21.0,3.0,6.0,23.0,14.0,5.0,14.0,18.0,4.0,2.0,0.48,0.47,0.61,1.0,0.0,2.0,39.6,24.0,23.81,7.0,0.24,0.28,0.28,1.53,1.53,1.49,26.61,3.09,1.73,6.25,0.87,12.97,10.08,2.95,3.14,3.01,25.0,10.0,19.0,54.0,3.0,3.0,1.0,3.0,0.0,10.0,16.0,22.0,32.0,3.0,6.0,23.0,12.0,5.0,10.0,21.0,10.0,4.0,0.82,1.21,1.06,1.0,0.0,2.0,54.92,35.0,35.32,5.0,0.36,0.56,0.56,2.89,2.97,2.93
84764738482176,2025,Murphy-Kaiser,CHI,pairing,5on5,38,11142.0,236.0,0.47,0.52,0.52,78.98,5.44,4.81,20.47,2.58,42.16,31.54,5.24,5.31,5.11,68.0,39.0,40.0,147.0,6.0,8.0,0.0,18.0,0.0,34.0,41.0,62.0,101.0,12.0,36.0,77.0,80.0,16.0,59.0,85.0,17.0,5.0,2.1,2.1,1.24,3.0,2.0,1.0,144.13,107.0,105.71,31.0,0.98,1.18,1.18,5.23,5.16,5.09,71.73,6.14,4.62,18.27,2.38,39.74,28.86,5.96,6.28,6.1,66.0,34.0,36.0,136.0,7.0,4.0,0.0,9.0,0.0,42.0,38.0,59.0,93.0,13.0,38.0,76.0,90.0,12.0,48.0,80.0,10.0,10.0,2.33,1.33,2.48,4.0,3.0,0.0,139.98,100.0,102.2,25.0,0.96,0.97,0.97,6.13,6.3,6.23
847883184792938479977,2025,Tanev-Stenlund-Yamamoto,UTA,line,5on5,13,5015.0,60.0,0.31,0.48,0.49,30.34,1.72,1.81,7.24,1.01,17.62,13.61,1.71,1.72,1.72,29.0,14.0,21.0,64.0,1.0,1.0,0.0,7.0,0.0,19.0,15.0,28.0,42.0,3.0,6.0,35.0,31.0,4.0,25.0,37.0,6.0,0.0,0.99,0.73,0.0,1.0,0.0,0.0,63.3,43.0,42.53,14.0,0.36,0.09,0.09,2.0,2.01,2.0,33.48,3.84,2.24,7.45,1.05,16.94,13.49,3.7,3.89,3.74,29.0,16.0,25.0,70.0,5.0,2.0,0.0,4.0,0.0,15.0,19.0,24.0,40.0,6.0,12.0,34.0,49.0,8.0,26.0,26.0,16.0,3.0,0.95,1.95,0.94,2.0,2.0,1.0,70.58,45.0,45.58,13.0,0.47,0.43,0.43,3.88,3.9,3.77
84780388480069,2025,Toews-Makar,COL,pairing,5on5,39,32866.0,48.0,0.56,0.55,0.54,329.01,32.68,21.79,82.94,10.71,172.49,125.4,30.66,33.46,31.4,299.0,147.0,200.0,646.0,35.0,44.0,7.0,50.0,0.0,174.0,143.0,264.0,411.0,39.0,79.0,333.0,140.0,55.0,148.0,314.0,94.0,38.0,10.43,11.77,10.47,17.0,12.0,6.0,667.13,446.0,458.46,63.0,4.58,9.74,9.74,27.52,28.15,27.14,282.38,25.97,18.71,71.74,9.46,147.55,109.57,24.44,25.27,23.78,249.0,134.0,143.0,526.0,15.0,43.0,2.0,69.0,0.0,136.0,120.0,234.0,368.0,31.0,67.0,312.0,153.0,44.0,168.0,279.0,66.0,38.0,7.21,8.57,10.18,5.0,7.0,3.0,506.4,383.0,370.97,79.0,3.9,8.9,8.9,20.97,20.4,20.0
84769028483425,2025,Lindell-Bichsel,DAL,pairing,5on5,15,717.0,165.0,0.16,0.25,0.27,2.29,0.1,0.12,0.49,0.06,1.2,1.02,0.1,0.1,0.1,1.0,2.0,0.0,3.0,0.0,0.0,0.0,0.0,0.0,1.0,2.0,1.0,3.0,1.0,2.0,0.0,7.0,1.0,4.0,3.0,0.0,0.0,0.1,0.0,0.0,0.0,0.0,0.0,2.82,3.0,2.83,2.0,0.03,0.0,0.0,0.13,0.12,0.12,6.34,0.54,0.33,1.72,0.2,2.87,2.35,0.54,0.56,0.56,4.0,4.0,1.0,9.0,0.0,1.0,0.0,0.0,0.0,3.0,4.0,4.0,8.0,0.0,0.0,1.0,5.0,2.0,0.0,5.0,3.0,0.0,0.19,0.35,0.0,0.0,0.0,0.0,9.44,8.0,8.32,0.0,0.07,0.03,0.03,0.58,0.6,0.6
847528784780478484241,2025,Bunting-Haula-Wood,NSH,line,5on5,19,1380.0,271.0,0.4,0.44,0.4,12.43,0.89,0.75,3.2,0.44,7.18,5.54,0.89,0.88,0.88,11.0,7.0,6.0,24.0,3.0,0.0,0.0,5.0,0.0,4.0,6.0,8.0,15.0,3.0,6.0,9.0,4.0,2.0,8.0,16.0,1.0,1.0,0.43,0.12,0.35,2.0,1.0,0.0,23.17,18.0,17.61,5.0,0.15,0.0,0.0,1.05,1.03,1.03,18.01,1.35,1.23,4.4,0.64,11.09,8.29,1.33,1.38,1.36,19.0,8.0,4.0,31.0,2.0,2.0,0.0,5.0,0.0,12.0,6.0,17.0,25.0,3.0,6.0,13.0,9.0,1.0,6.0,21.0,6.0,0.0,0.66,0.7,0.0,1.0,1.0,0.0,31.53,27.0,27.55,4.0,0.26,0.18,0.18,1.43,1.46,1.45
848345584835128485493,2025,Howard-Tomasek-Savoie,EDM,line,5on5,4,957.0,25.0,0.64,0.48,0.6,6.97,0.43,0.36,1.54,0.21,3.39,3.06,0.43,0.41,0.41,5.0,4.0,3.0,12.0,0.0,0.0,0.0,2.0,0.0,4.0,3.0,5.0,9.0,4.0,8.0,10.0,5.0,2.0,3.0,8.0,1.0,0.0,0.26,0.17,0.0,0.0,0.0,0.0,11.19,9.0,8.39,1.0,0.07,0.0,0.0,0.5,0.48,0.48,4.79,0.24,0.27,1.1,0.14,2.24,2.0,0.24,0.25,0.25,4.0,2.0,7.0,13.0,1.0,0.0,0.0,2.0,0.0,1.0,2.0,3.0,5.0,1.0,2.0,10.0,3.0,0.0,3.0,5.0,1.0,0.0,0.13,0.11,0.0,1.0,0.0,0.0,13.75,6.0,6.15,1.0,0.06,0.0,0.0,0.3,0.31,0.31
847692784807488482055,2025,O'Connor-Blueger-Sherwood,VAN,line,5on5,2,985.0,4.0,0.1,0.22,0.22,2.94,0.12,0.12,0.84,0.09,1.65,1.18,0.12,0.14,0.14,2.0,2.0,1.0,5.0,0.0,0.0,0.0,1.0,0.0,2.0,1.0,2.0,4.0,3.0,9.0,8.0,9.0,1.0,6.0,3.0,1.0,0.0,0.04,0.09,0.0,0.0,0.0,0.0,5.6,4.0,4.38,3.0,0.03,0.0,0.0,0.15,0.17,0.17,10.29,1.08,0.72,3.11,0.35,5.37,3.36,0.9,1.04,0.86,7.0,7.0,4.0,18.0,1.0,2.0,1.0,1.0,0.0,8.0,2.0,6.0,13.0,4.0,11.0,10.0,9.0,0.0,1.0,9.0,3.0,2.0,0.28,0.37,0.43,0.0,0.0,1.0,17.18,14.0,13.63,0.0,0.15,0.24,0.24,0.99,0.94,0.83
847467984768718480289,2025,Pearson-Barron-Nyquist,WPG,line,5on5,6,1513.0,50.0,0.41,0.49,0.51,12.97,0.81,0.8,3.37,0.43,7.2,5.39,0.81,0.84,0.83,10.0,8.0,4.0,22.0,0.0,0.0,0.0,2.0,0.0,11.0,5.0,10.0,18.0,2.0,4.0,15.0,21.0,5.0,2.0,14.0,4.0,0.0,0.37,0.44,0.0,0.0,0.0,0.0,22.17,18.0,18.45,1.0,0.17,0.0,0.0,0.98,1.01,1.0,13.0,1.15,0.93,3.04,0.37,6.78,4.72,0.98,1.08,0.92,11.0,6.0,6.0,23.0,0.0,2.0,0.0,6.0,0.0,4.0,5.0,11.0,17.0,2.0,4.0,15.0,11.0,2.0,5.0,13.0,2.0,2.0,0.4,0.17,0.58,0.0,0.0,0.0,22.49,17.0,16.28,2.0,0.2,0.58,0.58,0.76,0.73,0.71
847534384795208482167,2025,Duhaime-Dowd-Trineyev,WSH,line,5on5,2,1020.0,3.0,0.65,0.65,0.7,11.41,0.65,0.62,2.64,0.34,6.74,5.01,0.63,0.64,0.62,11.0,5.0,4.0,20.0,0.0,0.0,0.0,3.0,0.0,5.0,8.0,11.0,16.0,0.0,0.0,8.0,6.0,1.0,4.0,12.0,4.0,0.0,0.23,0.42,0.0,0.0,0.0,0.0,19.32,16.0,15.76,1.0,0.13,0.0,0.0,0.77,0.76,0.74,4.6,0.34,0.32,1.06,0.17,2.87,2.23,0.34,0.35,0.35,5.0,2.0,4.0,11.0,0.0,1.0,0.0,2.0,0.0,2.0,2.0,5.0,7.0,0.0,0.0,8.0,9.0,2.0,4.0,5.0,2.0,0.0,0.13,0.21,0.0,0.0,0.0,0.0,11.45,7.0,7.06,3.0,0.07,0.01,0.01,0.4,0.41,0.4
847403784793378483464,2025,Van Riemsdyk-Kasper-Debrincat,DET,line,5on5,3,871.0,17.0,0.62,0.56,0.59,9.63,0.92,0.54,2.62,0.34,4.85,3.74,0.89,0.85,0.83,9.0,4.0,1.0,14.0,0.0,2.0,0.0,1.0,0.0,3.0,7.0,9.0,13.0,1.0,2.0,7.0,3.0,1.0,3.0,11.0,1.0,1.0,0.32,0.09,0.5,0.0,0.0,0.0,12.86,13.0,12.09,2.0,0.11,0.51,0.51,0.52,0.48,0.48,6.61,0.56,0.49,1.57,0.19,3.68,2.51,0.56,0.57,0.57,4.0,5.0,2.0,11.0,0.0,1.0,0.0,0.0,0.0,2.0,6.0,4.0,9.0,0.0,0.0,10.0,1.0,4.0,7.0,5.0,4.0,0.0,0.12,0.45,0.0,0.0,0.0,0.0,11.61,9.0,9.37,5.0,0.1,0.01,0.0,0.66,0.68,0.67
847847484808558482175,2025,Crouse-Mcbain-Peterka,UTA,line,5on5,16,4877.0,104.0,0.49,0.49,0.49,37.12,3.33,2.17,9.76,1.27,20.13,14.33,3.3,3.25,3.22,34.0,17.0,21.0,72.0,5.0,3.0,1.0,5.0,0.0,20.0,18.0,29.0,46.0,4.0,11.0,48.0,40.0,5.0,24.0,37.0,10.0,4.0,1.05,1.34,0.94,3.0,1.0,1.0,71.57,51.0,50.8,12.0,0.45,0.43,0.43,3.35,3.26,3.24,39.78,3.5,2.42,9.73,1.36,21.29,15.69,3.45,3.58,3.53,33.0,21.0,20.0,74.0,3.0,4.0,1.0,8.0,0.0,25.0,14.0,30.0,51.0,4.0,11.0,33.0,33.0,10.0,24.0,37.0,14.0,3.0,1.08,1.75,0.67,0.0,2.0,1.0,74.5,54.0,54.71,11.0,0.5,0.45,0.69,3.31,3.38,3.36
847643884769258478434,2025,Saad-Sissons-Kolesar,VGK,line,5on5,12,2904.0,71.0,0.49,0.43,0.47,22.87,2.58,1.69,5.67,0.74,11.98,8.36,2.36,2.55,2.34,24.0,7.0,8.0,39.0,2.0,5.0,1.0,4.0,0.0,12.0,8.0,22.0,29.0,5.0,10.0,31.0,20.0,4.0,17.0,22.0,3.0,6.0,0.71,0.32,1.55,0.0,0.0,2.0,39.02,31.0,30.87,11.0,0.35,1.12,1.12,1.81,1.77,1.71,24.82,2.65,1.78,6.64,0.91,13.5,9.51,2.46,2.68,2.49,19.0,16.0,17.0,52.0,1.0,5.0,0.0,6.0,0.0,11.0,12.0,18.0,34.0,3.0,6.0,25.0,19.0,3.0,9.0,26.0,4.0,5.0,0.86,0.45,1.34,0.0,0.0,1.0,50.67,35.0,34.7,6.0,0.38,0.8,0.8,2.23,2.26,2.2
847645984785508482157,2025,Cuylle-Zibanejad-Panarin,NYR,line,5on5,10,4164.0,68.0,0.63,0.57,0.57,39.69,3.86,2.55,9.64,1.28,21.35,15.32,3.74,3.98,3.85,36.0,18.0,22.0,76.0,4.0,3.0,0.0,6.0,1.0,17.0,23.0,32.0,50.0,2.0,4.0,37.0,36.0,6.0,15.0,36.0,15.0,3.0,1.0,1.94,0.92,2.0,2.0,0.0,76.27,54.0,54.23,3.0,0.53,0.8,0.8,3.59,3.66,3.6,28.94,2.31,1.67,7.58,0.95,15.69,11.81,2.27,2.25,2.22,22.0,18.0,18.0,58.0,1.0,2.0,0.0,6.0,0.0,10.0,21.0,21.0,39.0,1.0,2.0,30.0,18.0,4.0,29.0,31.0,7.0,2.0,0.89,0.9,0.52,0.0,1.0,0.0,57.9,40.0,39.82,17.0,0.34,0.44,0.44,2.21,2.17,2.14
847740484774268478010,2025,Guentzel-Paul-Point,TBL,line,5on5,6,925.0,54.0,0.51,0.52,0.5,6.51,0.5,0.43,1.87,0.22,3.34,2.65,0.49,0.52,0.51,6.0,3.0,5.0,14.0,0.0,1.0,0.0,2.0,0.0,3.0,3.0,6.0,9.0,2.0,4.0,10.0,11.0,1.0,7.0,6.0,2.0,1.0,0.1,0.18,0.22,0.0,0.0,0.0,13.87,9.0,8.98,4.0,0.09,0.22,0.22,0.37,0.38,0.38,6.62,0.49,0.34,1.64,0.21,3.61,2.71,0.47,0.53,0.51,7.0,2.0,4.0,13.0,0.0,0.0,0.0,1.0,0.0,4.0,4.0,7.0,9.0,0.0,0.0,8.0,6.0,1.0,3.0,7.0,1.0,1.0,0.15,0.13,0.2,0.0,0.0,0.0,13.57,9.0,9.51,1.0,0.07,0.0,0.0,0.56,0.6,0.58
84741518478416,2025,Mcdonagh-Cernak,TBL,pairing,5on5,15,10869.0,23.0,0.58,0.49,0.52,85.4,8.71,5.97,21.23,2.97,45.79,33.33,8.29,8.74,8.31,64.0,54.0,44.0,162.0,7.0,9.0,1.0,17.0,0.0,44.0,41.0,57.0,111.0,17.0,39.0,104.0,71.0,14.0,56.0,85.0,20.0,13.0,2.27,2.48,3.95,2.0,2.0,3.0,161.99,118.0,118.24,19.0,1.24,2.69,2.7,7.25,7.26,6.92,79.79,6.37,5.0,20.23,2.54,44.5,32.36,6.22,6.37,6.22,76.0,35.0,60.0,171.0,10.0,5.0,1.0,20.0,1.0,26.0,49.0,66.0,101.0,7.0,17.0,119.0,71.0,12.0,52.0,83.0,24.0,4.0,2.49,2.88,1.0,5.0,5.0,0.0,168.62,111.0,109.63,25.0,1.03,0.77,0.77,6.63,6.61,6.5
848084884842278484911,2025,Smith-Dellandrea-Graf,SJS,line,5on5,3,608.0,28.0,0.09,0.24,0.2,2.17,0.12,0.13,0.39,0.07,1.33,0.96,0.12,0.12,0.12,1.0,2.0,1.0,4.0,0.0,0.0,0.0,0.0,0.0,1.0,2.0,1.0,3.0,1.0,2.0,4.0,4.0,1.0,4.0,2.0,1.0,0.0,0.04,0.08,0.0,0.0,0.0,0.0,3.74,3.0,2.87,1.0,0.03,0.0,0.0,0.14,0.14,0.14,8.93,1.16,0.55,1.92,0.28,4.67,3.42,1.13,1.16,1.14,9.0,3.0,1.0,13.0,2.0,1.0,0.0,1.0,0.0,5.0,3.0,7.0,10.0,1.0,2.0,4.0,1.0,0.0,2.0,8.0,2.0,2.0,0.23,0.25,0.68,0.0,1.0,1.0,13.64,12.0,12.37,0.0,0.12,0.34,0.34,0.93,0.94,0.93
847645684800288483609,2025,Huberdeau-Frost-Klapka,CGY,line,5on5,8,773.0,67.0,0.65,0.68,0.73,7.82,0.29,0.43,2.11,0.26,4.53,3.38,0.29,0.3,0.3,9.0,2.0,6.0,17.0,1.0,0.0,0.0,1.0,0.0,4.0,5.0,8.0,10.0,1.0,2.0,5.0,3.0,0.0,5.0,11.0,0.0,0.0,0.29,0.0,0.0,1.0,0.0,0.0,17.77,11.0,11.03,3.0,0.09,0.0,0.0,0.38,0.38,0.38,3.1,0.16,0.15,0.83,0.11,1.31,1.44,0.16,0.15,0.15,4.0,0.0,4.0,8.0,0.0,1.0,0.0,1.0,0.0,1.0,1.0,4.0,4.0,1.0,2.0,7.0,6.0,0.0,4.0,3.0,1.0,0.0,0.07,0.09,0.0,0.0,0.0,0.0,7.79,4.0,3.95,2.0,0.03,0.09,0.09,0.11,0.1,0.1
847645484782338478402,2025,Mangiapane-Mcdavid-Nugent-Hopkins,EDM,line,5on5,7,4826.0,13.0,0.49,0.55,0.46,38.56,3.92,2.7,8.66,1.16,20.38,15.17,3.86,4.02,3.96,33.0,19.0,35.0,87.0,3.0,2.0,0.0,9.0,0.0,17.0,21.0,30.0,49.0,4.0,8.0,35.0,13.0,7.0,23.0,34.0,14.0,4.0,1.1,1.75,1.06,2.0,1.0,0.0,88.42,52.0,53.26,10.0,0.56,0.48,0.48,4.0,4.1,4.04,45.77,4.12,3.07,11.63,1.5,24.13,17.56,4.0,4.15,4.03,44.0,18.0,10.0,72.0,3.0,7.0,0.0,7.0,1.0,22.0,22.0,41.0,59.0,5.0,10.0,41.0,21.0,13.0,28.0,44.0,15.0,3.0,1.28,2.05,0.79,1.0,1.0,1.0,72.4,62.0,62.55,15.0,0.64,1.21,1.21,3.55,3.57,3.51
84751718476853,2025,Ekman-Larsson-Rielly,TOR,pairing,5on5,39,16855.0,150.0,0.53,0.51,0.5,162.32,14.06,10.74,43.86,5.54,84.25,61.56,13.44,14.12,13.5,133.0,87.0,80.0,300.0,16.0,16.0,4.0,29.0,1.0,76.0,82.0,117.0,204.0,15.0,28.0,197.0,96.0,29.0,78.0,158.0,47.0,15.0,4.19,6.08,3.79,7.0,4.0,5.0,299.11,220.0,220.04,35.0,2.26,3.0,2.62,13.7,13.77,13.45,158.9,12.29,10.28,40.15,5.34,87.7,64.22,12.08,12.4,12.2,158.0,62.0,63.0,283.0,18.0,15.0,1.0,37.0,0.0,84.0,66.0,140.0,202.0,16.0,32.0,148.0,87.0,25.0,93.0,167.0,45.0,8.0,4.59,5.88,1.82,9.0,9.0,0.0,286.1,220.0,222.2,40.0,2.13,1.9,1.9,12.52,12.61,12.51
847799884796758482124,2025,Moore-Byfield-Foegele,LAK,line,5on5,11,1743.0,152.0,0.36,0.55,0.53,18.57,0.83,1.05,5.24,0.61,10.52,7.75,0.82,0.82,0.82,12.0,14.0,10.0,36.0,0.0,0.0,0.0,4.0,0.0,13.0,9.0,12.0,26.0,0.0,0.0,13.0,16.0,3.0,11.0,23.0,3.0,0.0,0.41,0.42,0.0,0.0,0.0,0.0,36.32,26.0,25.8,3.0,0.21,0.0,0.0,1.04,1.03,1.03,17.42,1.46,1.02,4.4,0.56,8.7,6.86,1.25,1.48,1.28,14.0,9.0,7.0,30.0,4.0,2.0,1.0,2.0,0.0,4.0,11.0,10.0,19.0,2.0,4.0,23.0,8.0,2.0,9.0,17.0,5.0,1.0,0.48,0.69,0.29,2.0,1.0,1.0,30.95,23.0,24.3,4.0,0.21,0.48,0.48,1.19,1.23,1.17
84784548482804,2025,Murchison-Juulsen,PHI,pairing,5on5,3,2152.0,9.0,0.49,0.41,0.43,6.72,0.59,0.42,1.83,0.23,4.19,2.74,0.58,0.57,0.56,5.0,5.0,4.0,14.0,1.0,1.0,0.0,2.0,0.0,1.0,5.0,4.0,9.0,2.0,4.0,20.0,23.0,2.0,8.0,8.0,1.0,1.0,0.27,0.12,0.21,1.0,0.0,0.0,13.78,10.0,9.88,5.0,0.09,0.21,0.21,0.47,0.46,0.45,9.93,0.6,0.61,2.42,0.28,5.12,3.96,0.58,0.61,0.59,7.0,6.0,7.0,20.0,1.0,0.0,0.0,1.0,0.0,3.0,8.0,6.0,12.0,1.0,2.0,22.0,22.0,2.0,8.0,11.0,2.0,0.0,0.36,0.24,0.0,1.0,0.0,0.0,19.91,13.0,13.04,3.0,0.13,0.0,0.0,0.73,0.74,0.72
84773468478397,2025,Weegar-Andersson,CGY,pairing,5on5,20,900.0,183.0,0.39,0.69,0.64,10.33,0.66,0.63,2.86,0.33,5.27,4.25,0.6,0.65,0.6,8.0,6.0,11.0,25.0,1.0,1.0,0.0,0.0,0.0,7.0,5.0,7.0,13.0,1.0,2.0,8.0,1.0,0.0,5.0,12.0,1.0,1.0,0.2,0.2,0.26,1.0,0.0,0.0,24.34,14.0,13.63,1.0,0.13,0.26,0.26,0.53,0.53,0.52,6.3,1.02,0.47,1.23,0.18,3.03,2.07,1.01,1.09,1.08,8.0,0.0,3.0,11.0,3.0,0.0,0.0,1.0,1.0,1.0,2.0,5.0,5.0,2.0,4.0,11.0,2.0,1.0,3.0,5.0,1.0,2.0,0.2,0.15,0.66,1.0,1.0,1.0,12.11,8.0,8.53,1.0,0.1,0.0,0.0,1.11,1.19,1.19
847531484774948478445,2025,Drouin-Barzal-Lee,NYI,line,5on5,15,4346.0,80.0,0.51,0.52,0.52,42.95,3.92,2.87,11.55,1.52,22.69,16.46,3.77,3.69,3.56,38.0,21.0,20.0,79.0,1.0,5.0,0.0,10.0,0.0,19.0,24.0,37.0,58.0,2.0,4.0,25.0,16.0,2.0,20.0,45.0,10.0,4.0,1.42,1.24,1.26,0.0,1.0,0.0,75.73,59.0,56.57,15.0,0.6,1.2,1.3,3.21,3.06,3.02,38.84,3.71,2.66,9.63,1.31,21.3,15.4,3.49,3.78,3.56,32.0,22.0,19.0,73.0,3.0,4.0,0.0,7.0,0.0,22.0,18.0,29.0,51.0,4.0,8.0,48.0,20.0,3.0,12.0,37.0,14.0,3.0,1.2,1.85,0.66,0.0,2.0,1.0,74.0,54.0,54.61,3.0,0.55,0.59,0.59,3.66,3.74,3.63
847794284815328483808,2025,Fiala-Turcotte-Kuzmenko,LAK,line,5on5,5,2241.0,26.0,0.5,0.57,0.53,21.3,1.79,1.39,5.73,0.68,11.34,8.06,1.74,1.82,1.76,16.0,13.0,13.0,42.0,1.0,2.0,0.0,5.0,0.0,12.0,9.0,15.0,28.0,5.0,10.0,27.0,7.0,2.0,13.0,22.0,6.0,1.0,0.72,0.84,0.23,1.0,0.0,0.0,42.5,29.0,29.19,7.0,0.29,0.41,0.41,1.67,1.68,1.65,18.84,1.77,1.35,5.22,0.66,9.98,7.03,1.69,1.78,1.69,19.0,7.0,6.0,32.0,2.0,4.0,0.0,5.0,0.0,9.0,6.0,17.0,24.0,4.0,8.0,22.0,11.0,4.0,7.0,20.0,4.0,2.0,0.71,0.51,0.55,1.0,1.0,0.0,31.03,26.0,25.77,4.0,0.28,0.62,0.62,1.44,1.44,1.38
84752188477498,2025,Ekholm-Nurse,EDM,pairing,5on5,35,2513.0,227.0,0.68,0.63,0.61,26.29,2.37,1.86,6.54,1.05,13.86,11.32,2.32,2.35,2.3,23.0,14.0,17.0,54.0,3.0,3.0,0.0,4.0,0.0,9.0,18.0,20.0,34.0,4.0,11.0,6.0,17.0,3.0,11.0,28.0,7.0,2.0,0.82,1.11,0.44,2.0,0.0,1.0,53.21,37.0,36.07,3.0,0.39,0.26,0.25,2.51,2.5,2.47,17.86,1.12,1.08,4.41,0.55,9.82,7.02,1.12,1.15,1.14,18.0,6.0,8.0,32.0,2.0,1.0,1.0,7.0,0.0,4.0,10.0,16.0,22.0,2.0,7.0,10.0,16.0,4.0,13.0,22.0,1.0,1.0,0.69,0.19,0.24,0.0,1.0,1.0,32.81,24.0,24.6,3.0,0.22,0.24,0.24,1.1,1.13,1.13
84799828481524,2025,Byram-Timmins,BUF,pairing,5on5,32,14321.0,138.0,0.47,0.45,0.47,108.74,9.16,6.85,28.62,3.63,58.75,43.0,8.84,9.2,8.89,97.0,53.0,44.0,194.0,10.0,14.0,3.0,22.0,0.0,51.0,53.0,87.0,140.0,14.0,34.0,114.0,85.0,23.0,77.0,119.0,22.0,9.0,3.48,2.77,2.91,4.0,4.0,2.0,196.55,150.0,150.68,40.0,1.43,3.3,3.3,7.29,7.34,7.19,124.47,10.41,8.11,31.42,3.97,67.18,48.9,10.09,10.35,10.04,103.0,67.0,69.0,239.0,15.0,9.0,4.0,17.0,0.0,63.0,66.0,88.0,155.0,18.0,42.0,132.0,93.0,17.0,55.0,127.0,32.0,11.0,3.62,4.0,2.8,5.0,5.0,5.0,235.66,170.0,169.16,25.0,1.7,1.85,1.85,10.27,10.16,9.95
847686784799448482660,2025,Aston-Reese-Gaunce-Johnson,CBJ,line,5on5,2,822.0,7.0,0.31,0.41,0.36,3.65,0.15,0.2,0.95,0.11,2.1,1.48,0.15,0.15,0.15,3.0,2.0,4.0,9.0,0.0,0.0,0.0,2.0,0.0,2.0,1.0,3.0,5.0,1.0,2.0,6.0,9.0,2.0,5.0,5.0,0.0,0.0,0.15,0.0,0.0,0.0,0.0,0.0,9.33,5.0,5.12,1.0,0.04,0.0,0.0,0.19,0.2,0.2,5.65,0.34,0.43,1.28,0.25,3.93,2.78,0.33,0.34,0.33,6.0,3.0,4.0,13.0,0.0,1.0,0.0,3.0,0.0,4.0,1.0,6.0,9.0,1.0,2.0,3.0,5.0,0.0,1.0,9.0,0.0,0.0,0.34,0.0,0.0,0.0,0.0,0.0,12.52,9.0,8.79,0.0,0.09,0.01,0.01,0.41,0.42,0.41
84745908480796,2025,Fehervary-Carlson,WSH,pairing,5on5,37,22540.0,98.0,0.52,0.54,0.55,215.83,20.98,13.69,52.91,7.33,117.97,86.1,20.04,21.13,20.19,188.0,111.0,111.0,410.0,24.0,29.0,5.0,37.0,0.0,91.0,118.0,164.0,275.0,28.0,59.0,173.0,146.0,32.0,116.0,203.0,76.0,20.0,6.11,9.28,5.6,7.0,13.0,4.0,417.12,299.0,302.38,60.0,2.83,5.62,5.62,18.2,18.4,17.89,177.99,19.05,11.61,44.54,5.93,91.63,68.24,18.05,19.18,18.13,151.0,90.0,103.0,344.0,15.0,25.0,3.0,30.0,0.0,84.0,87.0,136.0,226.0,25.0,58.0,182.0,145.0,33.0,109.0,152.0,71.0,18.0,4.89,8.74,5.41,2.0,9.0,4.0,341.31,241.0,239.62,45.0,2.44,4.59,4.59,16.89,16.94,16.58
84784548480874,2025,Juulsen-Ginning,PHI,pairing,5on5,5,2054.0,20.0,0.19,0.26,0.2,4.57,0.33,0.24,1.16,0.15,2.38,1.75,0.32,0.34,0.33,2.0,4.0,6.0,12.0,1.0,0.0,0.0,1.0,0.0,2.0,2.0,1.0,5.0,5.0,13.0,9.0,23.0,2.0,13.0,5.0,1.0,0.0,0.16,0.17,0.0,1.0,0.0,0.0,11.8,6.0,5.94,4.0,0.05,0.0,0.0,0.38,0.39,0.38,17.21,1.42,1.13,4.24,0.58,9.62,7.0,1.39,1.47,1.44,16.0,8.0,11.0,35.0,2.0,1.0,0.0,1.0,0.0,9.0,11.0,14.0,22.0,6.0,15.0,18.0,18.0,3.0,11.0,19.0,4.0,1.0,0.62,0.55,0.26,2.0,0.0,0.0,36.59,24.0,25.01,4.0,0.23,0.16,0.16,1.5,1.56,1.54
847897584808938484166,2025,Marchment-Fantilli-Marchenko,CBJ,line,5on5,5,3034.0,9.0,0.62,0.52,0.52,29.55,2.89,1.96,6.98,0.96,15.58,11.63,2.72,2.88,2.72,26.0,14.0,12.0,52.0,4.0,4.0,1.0,2.0,0.0,12.0,18.0,22.0,36.0,3.0,6.0,26.0,11.0,7.0,22.0,27.0,10.0,3.0,0.87,1.2,0.82,1.0,3.0,0.0,53.09,40.0,41.38,8.0,0.41,0.6,0.6,2.7,2.69,2.56,27.94,1.76,1.65,7.12,0.95,14.33,11.19,1.73,1.72,1.69,27.0,10.0,11.0,48.0,2.0,2.0,0.0,9.0,0.0,9.0,15.0,25.0,35.0,4.0,11.0,25.0,16.0,6.0,17.0,30.0,7.0,0.0,0.9,0.86,0.0,2.0,0.0,0.0,45.56,37.0,35.15,9.0,0.34,0.07,0.07,2.03,1.98,1.95
84764298477506,2025,Pulock-Mayfield,NYI,pairing,5on5,24,1425.0,213.0,0.32,0.17,0.23,4.76,0.52,0.31,1.03,0.15,2.33,1.65,0.49,0.53,0.49,2.0,4.0,0.0,6.0,0.0,1.0,0.0,0.0,0.0,1.0,4.0,2.0,6.0,2.0,4.0,1.0,13.0,1.0,5.0,3.0,3.0,0.0,0.08,0.45,0.0,0.0,0.0,0.0,6.3,6.0,6.2,4.0,0.06,0.19,0.19,0.4,0.4,0.4,14.0,1.12,0.83,3.73,0.48,7.55,6.27,1.11,1.14,1.13,11.0,9.0,10.0,30.0,1.0,2.0,0.0,1.0,0.0,8.0,8.0,10.0,19.0,0.0,0.0,2.0,12.0,0.0,5.0,15.0,5.0,0.0,0.48,0.64,0.0,1.0,0.0,0.0,31.3,20.0,20.86,1.0,0.17,0.33,0.33,0.96,1.01,1.0
847639284768718480289,2025,Pearson-Lowry-Barron,WPG,line,5on5,9,2829.0,51.0,0.64,0.58,0.61,28.59,2.62,1.88,6.71,0.94,16.11,11.74,2.44,2.65,2.46,25.0,15.0,11.0,51.0,3.0,4.0,0.0,2.0,0.0,18.0,13.0,22.0,37.0,4.0,11.0,29.0,26.0,5.0,12.0,31.0,6.0,3.0,0.88,0.83,0.91,1.0,2.0,0.0,50.07,40.0,39.56,6.0,0.39,0.85,0.85,2.16,2.16,2.09,18.03,1.44,1.33,4.51,0.63,10.75,7.33,1.41,1.44,1.4,18.0,8.0,11.0,37.0,2.0,2.0,0.0,5.0,0.0,13.0,4.0,16.0,24.0,1.0,5.0,25.0,17.0,7.0,13.0,20.0,6.0,0.0,0.71,0.73,0.0,1.0,1.0,0.0,37.8,26.0,26.24,5.0,0.28,0.07,0.07,1.65,1.65,1.61
847689784784728480281,2025,Toropchenko-Sundqvist-Joseph,STL,line,5on5,5,2053.0,15.0,0.33,0.35,0.31,8.44,0.87,0.59,1.92,0.23,4.18,3.21,0.87,0.86,0.86,8.0,3.0,7.0,18.0,0.0,0.0,0.0,1.0,0.0,3.0,7.0,8.0,11.0,1.0,5.0,16.0,22.0,4.0,12.0,7.0,3.0,1.0,0.18,0.43,0.26,0.0,0.0,0.0,17.93,11.0,11.14,3.0,0.12,0.0,0.0,1.0,0.98,0.98,17.56,1.79,1.24,4.66,0.62,9.23,6.46,1.69,1.77,1.68,13.0,11.0,9.0,33.0,1.0,5.0,1.0,2.0,0.0,9.0,7.0,12.0,23.0,2.0,4.0,19.0,11.0,2.0,10.0,17.0,3.0,4.0,0.46,0.34,0.98,0.0,0.0,1.0,32.84,24.0,23.8,5.0,0.26,1.02,1.02,1.02,1.01,0.99
847841484794078482110,2025,Bratt-Mercer-Meier,NJD,line,5on5,12,612.0,151.0,0.63,0.61,0.67,8.91,0.54,0.55,1.91,0.25,5.09,3.66,0.54,0.54,0.54,8.0,4.0,2.0,14.0,0.0,0.0,0.0,1.0,0.0,5.0,6.0,8.0,12.0,0.0,0.0,0.0,4.0,0.0,1.0,9.0,3.0,0.0,0.22,0.32,0.0,0.0,0.0,0.0,13.96,12.0,11.86,0.0,0.11,0.0,0.0,0.65,0.66,0.65,3.76,0.32,0.29,0.89,0.14,2.66,1.7,0.32,0.31,0.31,2.0,4.0,3.0,9.0,0.0,0.0,0.0,0.0,0.0,2.0,4.0,2.0,6.0,0.0,0.0,0.0,1.0,4.0,1.0,4.0,2.0,0.0,0.1,0.22,0.0,0.0,0.0,0.0,8.98,6.0,6.07,1.0,0.06,0.0,0.0,0.38,0.37,0.37
847687884785198480995,2025,Girgensons-Cirelli-Holmberg,TBL,line,5on5,8,1230.0,93.0,0.59,0.55,0.53,11.0,1.31,0.95,2.55,0.4,6.23,4.55,1.25,1.31,1.24,9.0,7.0,6.0,22.0,3.0,1.0,0.0,3.0,0.0,6.0,3.0,6.0,13.0,1.0,2.0,10.0,8.0,1.0,2.0,11.0,4.0,1.0,0.45,0.62,0.25,1.0,2.0,0.0,22.86,16.0,16.5,1.0,0.2,0.25,0.26,1.25,1.24,1.21,9.71,0.9,0.66,2.55,0.37,5.6,3.94,0.85,0.89,0.85,7.0,7.0,4.0,18.0,0.0,2.0,0.0,2.0,0.0,3.0,7.0,7.0,14.0,0.0,0.0,7.0,8.0,5.0,6.0,11.0,1.0,2.0,0.31,0.14,0.45,0.0,0.0,0.0,17.85,14.0,14.22,5.0,0.14,0.25,0.25,0.78,0.79,0.77
84745638475208,2025,Dumoulin-Doughty,LAK,pairing,5on5,27,10171.0,130.0,0.49,0.54,0.53,95.75,7.86,6.01,24.48,3.08,50.99,37.58,7.61,7.79,7.55,86.0,44.0,45.0,175.0,5.0,7.0,0.0,14.0,1.0,49.0,54.0,81.0,125.0,8.0,16.0,95.0,56.0,13.0,57.0,98.0,27.0,5.0,2.7,3.6,1.56,2.0,3.0,0.0,172.85,130.0,129.27,27.0,1.25,1.66,1.79,7.33,7.36,7.26,84.67,8.08,5.44,21.52,2.86,43.32,32.78,7.74,8.1,7.76,77.0,37.0,33.0,147.0,4.0,13.0,0.0,13.0,0.0,36.0,48.0,73.0,110.0,10.0,20.0,91.0,58.0,21.0,41.0,78.0,27.0,9.0,2.03,3.74,2.31,2.0,2.0,0.0,148.96,114.0,115.47,22.0,1.14,2.54,2.54,6.68,6.71,6.56
84753248482095,2025,Kleven-Jensen,OTT,pairing,5on5,29,3239.0,192.0,0.32,0.48,0.42,20.23,1.57,1.32,5.03,0.69,10.95,8.44,1.55,1.53,1.51,14.0,14.0,16.0,44.0,1.0,3.0,0.0,2.0,0.0,12.0,10.0,13.0,27.0,1.0,5.0,11.0,28.0,7.0,11.0,21.0,7.0,0.0,0.51,1.06,0.0,0.0,1.0,0.0,43.17,28.0,27.75,5.0,0.27,0.15,0.15,1.69,1.64,1.62,29.06,3.35,1.87,6.96,0.93,14.69,11.2,3.15,3.43,3.21,28.0,11.0,9.0,48.0,6.0,3.0,0.0,5.0,0.0,11.0,14.0,22.0,33.0,3.0,9.0,21.0,23.0,3.0,14.0,24.0,11.0,4.0,0.86,1.33,1.16,1.0,3.0,2.0,48.09,39.0,39.36,5.0,0.4,0.8,0.8,2.95,3.01,2.84
847689784804598482077,2025,Holloway-Suter-Sundqvist,STL,line,5on5,4,1153.0,31.0,0.52,0.32,0.33,7.52,0.84,0.42,2.08,0.24,3.63,2.79,0.8,0.86,0.82,9.0,1.0,2.0,12.0,2.0,1.0,0.0,1.0,0.0,5.0,1.0,7.0,8.0,1.0,2.0,7.0,3.0,0.0,2.0,8.0,1.0,1.0,0.24,0.19,0.41,2.0,0.0,0.0,11.91,10.0,9.96,1.0,0.09,0.41,0.41,0.52,0.53,0.51,13.95,0.77,0.77,3.34,0.46,8.1,6.56,0.71,0.77,0.71,11.0,9.0,5.0,25.0,2.0,0.0,0.0,2.0,0.0,10.0,6.0,9.0,18.0,0.0,0.0,12.0,8.0,3.0,7.0,19.0,1.0,0.0,0.64,0.13,0.0,2.0,0.0,0.0,25.51,20.0,20.41,2.0,0.15,0.0,0.0,0.92,0.93,0.85
847579184784278480830,2025,Hall-Aho-Svechnikov,CAR,line,5on5,3,974.0,16.0,0.66,0.65,0.68,12.25,1.07,0.73,3.38,0.45,6.26,5.11,1.06,1.05,1.04,9.0,8.0,5.0,22.0,1.0,1.0,0.0,0.0,0.0,7.0,8.0,8.0,16.0,0.0,0.0,8.0,4.0,2.0,3.0,13.0,2.0,2.0,0.38,0.17,0.52,0.0,1.0,0.0,22.13,17.0,17.04,0.0,0.15,0.32,0.32,0.9,0.9,0.9,5.93,0.56,0.4,1.4,0.16,3.26,2.22,0.54,0.58,0.55,7.0,1.0,4.0,12.0,0.0,1.0,0.0,3.0,0.0,1.0,3.0,7.0,8.0,0.0,0.0,11.0,6.0,4.0,3.0,6.0,1.0,1.0,0.21,0.1,0.26,0.0,0.0,0.0,11.9,8.0,8.1,2.0,0.08,0.26,0.26,0.39,0.38,0.37
847517084793858480023,2025,Schenn-Thomas-Kyrou,STL,line,5on5,6,647.0,77.0,0.87,0.68,0.72,9.28,0.94,0.76,2.16,0.31,5.21,3.64,0.91,0.93,0.9,7.0,6.0,6.0,19.0,1.0,1.0,0.0,1.0,0.0,5.0,5.0,6.0,12.0,1.0,2.0,5.0,3.0,2.0,5.0,8.0,5.0,0.0,0.27,0.67,0.0,0.0,1.0,0.0,19.52,13.0,13.31,0.0,0.16,0.01,0.01,1.09,1.08,1.04,3.6,0.14,0.18,0.94,0.12,2.05,1.57,0.14,0.14,0.14,4.0,1.0,4.0,9.0,0.0,0.0,0.0,0.0,0.0,2.0,3.0,4.0,5.0,1.0,2.0,4.0,2.0,0.0,4.0,5.0,0.0,0.0,0.14,0.0,0.0,0.0,0.0,0.0,8.71,5.0,4.88,3.0,0.04,0.0,0.0,0.18,0.18,0.17
847686784808068482475,2025,Lundestrm-Gaunce-Chinakhov,CBJ,line,5on5,3,982.0,13.0,0.17,0.42,0.23,2.37,0.1,0.15,0.52,0.07,1.17,1.0,0.1,0.11,0.11,1.0,2.0,8.0,11.0,0.0,0.0,0.0,1.0,0.0,1.0,1.0,1.0,3.0,1.0,2.0,13.0,7.0,2.0,8.0,3.0,0.0,0.0,0.1,0.0,0.0,0.0,0.0,0.0,11.07,3.0,3.09,6.0,0.03,0.0,0.0,0.13,0.14,0.14,7.22,0.49,0.34,1.68,0.21,4.03,3.24,0.49,0.5,0.5,7.0,3.0,5.0,15.0,1.0,0.0,0.0,0.0,0.0,3.0,6.0,6.0,9.0,1.0,2.0,8.0,4.0,0.0,3.0,9.0,0.0,1.0,0.25,0.0,0.24,1.0,0.0,0.0,15.37,10.0,10.24,2.0,0.07,0.0,0.0,0.56,0.57,0.57
84747168484798,2025,Buium-Spurgeon,MIN,pairing,5on5,23,5878.0,145.0,0.44,0.47,0.46,43.49,3.43,2.86,10.78,1.41,23.26,17.27,3.33,3.44,3.34,39.0,20.0,34.0,93.0,1.0,7.0,0.0,3.0,0.0,24.0,24.0,38.0,58.0,2.0,4.0,42.0,39.0,9.0,29.0,43.0,13.0,3.0,1.25,1.35,0.83,1.0,0.0,0.0,92.9,59.0,58.79,17.0,0.59,1.11,1.11,2.91,2.92,2.84,50.97,4.38,3.48,11.91,1.56,28.2,20.47,4.25,4.32,4.2,54.0,16.0,35.0,105.0,6.0,1.0,0.0,11.0,0.0,27.0,25.0,48.0,64.0,9.0,18.0,44.0,36.0,7.0,23.0,51.0,16.0,3.0,1.6,1.98,0.81,4.0,2.0,0.0,106.05,70.0,70.67,15.0,0.72,0.38,0.38,4.72,4.71,4.58
84764678477986,2025,Oleksiak-Montour,SEA,pairing,5on5,17,1060.0,127.0,0.62,0.68,0.63,12.67,0.96,0.77,2.67,0.38,6.9,5.31,0.92,0.96,0.92,12.0,5.0,6.0,23.0,1.0,1.0,0.0,1.0,0.0,6.0,8.0,11.0,16.0,0.0,0.0,3.0,5.0,2.0,2.0,14.0,2.0,1.0,0.49,0.2,0.28,0.0,1.0,0.0,22.44,17.0,16.58,0.0,0.16,0.28,0.28,0.85,0.85,0.82,7.34,0.6,0.48,1.71,0.22,4.11,2.88,0.54,0.6,0.55,9.0,1.0,1.0,11.0,0.0,1.0,0.0,1.0,0.0,3.0,5.0,9.0,10.0,0.0,0.0,1.0,6.0,2.0,1.0,7.0,3.0,0.0,0.22,0.37,0.0,0.0,0.0,0.0,10.85,10.0,9.89,1.0,0.1,0.15,0.15,0.54,0.56,0.5
84757558480036,2025,Heiskanen-Petrovic,DAL,pairing,5on5,27,2089.0,241.0,0.37,0.4,0.4,14.48,1.08,0.8,3.13,0.45,7.39,6.15,1.06,1.08,1.06,16.0,3.0,6.0,25.0,1.0,1.0,0.0,1.0,0.0,7.0,9.0,15.0,18.0,2.0,4.0,4.0,14.0,1.0,12.0,13.0,6.0,0.0,0.33,0.75,0.0,0.0,1.0,0.0,25.6,19.0,19.24,7.0,0.16,0.16,0.16,1.08,1.1,1.08,21.8,1.82,1.33,5.37,0.67,11.33,8.48,1.69,1.76,1.64,21.0,8.0,8.0,37.0,4.0,3.0,1.0,4.0,0.0,9.0,9.0,17.0,25.0,2.0,4.0,7.0,14.0,1.0,15.0,21.0,6.0,2.0,0.43,0.73,0.66,1.0,2.0,1.0,37.61,29.0,29.18,7.0,0.27,0.79,0.79,1.31,1.31,1.28
847741684822018483752,2025,Goncalves-James-Bjorkstrand,TBL,line,5on5,12,3441.0,89.0,0.65,0.56,0.63,33.27,3.48,2.11,7.89,1.08,17.34,13.1,3.19,3.49,3.2,26.0,19.0,17.0,62.0,2.0,7.0,1.0,9.0,0.0,17.0,10.0,24.0,43.0,4.0,14.0,22.0,34.0,6.0,14.0,30.0,10.0,5.0,0.88,1.19,1.42,0.0,0.0,2.0,62.6,45.0,45.42,4.0,0.44,1.48,1.48,2.44,2.46,2.37,19.02,1.87,1.3,4.9,0.62,10.12,7.2,1.8,1.89,1.82,15.0,11.0,22.0,48.0,3.0,3.0,0.0,2.0,0.0,10.0,8.0,12.0,23.0,8.0,22.0,27.0,48.0,5.0,8.0,20.0,3.0,3.0,0.63,0.42,0.82,1.0,2.0,0.0,47.66,26.0,25.88,2.0,0.27,0.62,0.62,1.51,1.51,1.5
84788408478882,2025,Gavrikov-Borgen,NYR,pairing,5on5,26,1799.0,207.0,0.33,0.37,0.38,8.39,0.73,0.56,2.28,0.26,4.29,2.88,0.72,0.79,0.77,7.0,4.0,5.0,16.0,0.0,1.0,0.0,2.0,0.0,3.0,5.0,7.0,11.0,7.0,14.0,7.0,15.0,5.0,9.0,8.0,2.0,1.0,0.18,0.24,0.31,0.0,0.0,0.0,16.35,11.0,11.54,3.0,0.11,0.31,0.31,0.54,0.57,0.56,13.57,1.51,0.96,3.4,0.42,6.9,4.81,1.47,1.53,1.48,15.0,3.0,9.0,27.0,2.0,4.0,2.0,3.0,0.0,3.0,6.0,13.0,16.0,1.0,2.0,9.0,12.0,3.0,5.0,10.0,6.0,2.0,0.27,0.69,0.55,0.0,1.0,1.0,27.42,18.0,18.36,0.0,0.2,0.82,0.82,0.89,0.89,0.89
84770188478396,2025,Hanifin-Hutton,VGK,pairing,5on5,11,4699.0,46.0,0.63,0.47,0.51,46.59,6.5,3.5,11.02,1.55,23.75,16.69,5.62,6.22,5.41,44.0,19.0,12.0,75.0,6.0,12.0,3.0,6.0,0.0,26.0,13.0,38.0,57.0,2.0,7.0,34.0,24.0,3.0,21.0,37.0,16.0,10.0,1.09,1.92,3.48,1.0,1.0,4.0,71.35,63.0,61.29,11.0,0.75,3.33,3.33,3.91,3.76,3.67,43.38,3.73,3.12,11.2,1.55,24.14,17.26,3.5,3.78,3.55,36.0,25.0,22.0,83.0,5.0,7.0,0.0,6.0,0.0,24.0,19.0,31.0,56.0,9.0,18.0,40.0,32.0,7.0,24.0,45.0,12.0,4.0,1.18,1.53,1.03,2.0,3.0,0.0,83.07,61.0,61.26,11.0,0.66,1.06,1.06,3.33,3.4,3.28
84745788478450,2025,Wotherspoon-Karlsson,PIT,pairing,5on5,39,33668.0,74.0,0.5,0.53,0.53,291.84,27.12,20.12,70.98,9.7,157.56,115.51,25.97,27.22,26.08,269.0,132.0,156.0,557.0,24.0,30.0,1.0,56.0,1.0,156.0,134.0,245.0,377.0,33.0,74.0,275.0,162.0,53.0,188.0,284.0,91.0,26.0,8.8,11.64,6.68,11.0,9.0,4.0,561.08,401.0,403.78,84.0,4.19,5.07,5.22,26.1,26.22,25.55,267.63,27.09,18.04,68.24,8.93,136.31,101.38,25.73,26.95,25.6,235.0,125.0,126.0,486.0,27.0,32.0,2.0,53.0,1.0,111.0,136.0,208.0,333.0,34.0,74.0,266.0,201.0,48.0,198.0,244.0,85.0,31.0,6.91,10.84,9.35,16.0,8.0,3.0,485.78,360.0,359.74,97.0,3.8,6.94,6.94,23.95,23.92,23.56
848275884834878485414,2025,Koivunen-Kindel-Mcgroarty,PIT,line,5on5,10,5515.0,29.0,0.58,0.6,0.63,58.52,5.25,3.68,14.93,2.01,31.57,23.55,4.96,5.33,5.04,55.0,26.0,24.0,105.0,1.0,8.0,0.0,10.0,0.0,27.0,35.0,54.0,80.0,4.0,8.0,27.0,30.0,13.0,18.0,66.0,9.0,6.0,2.08,1.23,1.95,1.0,0.0,0.0,107.74,81.0,83.26,12.0,0.76,1.46,1.46,4.55,4.68,4.45,35.21,3.73,2.18,9.07,1.23,17.86,12.93,3.54,3.71,3.51,27.0,20.0,24.0,71.0,3.0,5.0,0.0,10.0,0.0,14.0,15.0,24.0,44.0,7.0,14.0,46.0,45.0,5.0,24.0,31.0,12.0,4.0,0.9,1.61,1.21,2.0,1.0,0.0,70.43,47.0,46.94,10.0,0.46,1.39,1.39,2.8,2.78,2.76
847690784820558482691,2025,Maceachern-Raty-O'Connor,VAN,line,5on5,4,1283.0,19.0,0.57,0.44,0.5,12.1,1.07,0.84,3.23,0.41,6.06,4.39,1.07,1.11,1.1,9.0,7.0,6.0,22.0,2.0,1.0,1.0,1.0,0.0,6.0,6.0,7.0,14.0,2.0,4.0,8.0,12.0,1.0,6.0,12.0,3.0,1.0,0.37,0.47,0.23,1.0,1.0,0.0,22.17,16.0,16.25,4.0,0.17,0.19,0.19,1.06,1.1,1.09,11.36,0.8,0.78,2.7,0.38,6.63,4.71,0.79,0.77,0.76,5.0,11.0,12.0,28.0,1.0,0.0,0.0,3.0,0.0,10.0,2.0,4.0,15.0,4.0,8.0,11.0,7.0,1.0,9.0,13.0,3.0,0.0,0.43,0.38,0.0,0.0,1.0,0.0,27.21,16.0,15.63,3.0,0.16,0.0,0.0,0.96,0.92,0.92
847648084800148482149,2025,Perfetti-Namestnikov-Vilardi,WPG,line,5on5,4,1043.0,28.0,0.5,0.41,0.44,4.89,0.49,0.35,1.5,0.18,2.7,1.79,0.45,0.45,0.41,4.0,3.0,4.0,11.0,1.0,1.0,1.0,2.0,0.0,0.0,3.0,3.0,6.0,0.0,0.0,8.0,8.0,2.0,3.0,4.0,3.0,0.0,0.08,0.41,0.0,0.0,1.0,0.0,10.33,7.0,6.54,1.0,0.07,0.12,0.12,0.44,0.41,0.39,6.31,0.49,0.33,1.46,0.2,3.61,2.91,0.49,0.53,0.53,5.0,4.0,7.0,16.0,2.0,0.0,0.0,1.0,0.0,4.0,2.0,3.0,7.0,0.0,0.0,6.0,6.0,3.0,1.0,6.0,3.0,0.0,0.19,0.29,0.0,1.0,1.0,0.0,17.96,9.0,9.79,0.0,0.07,0.0,0.0,0.55,0.6,0.6
84769798484223,2025,Gustafsson-Sandin-Pellikka,DET,pairing,5on5,1,801.0,2.0,0.29,0.35,0.4,4.43,0.34,0.26,1.18,0.13,2.35,1.74,0.34,0.33,0.33,3.0,3.0,1.0,7.0,0.0,0.0,0.0,1.0,0.0,3.0,2.0,3.0,6.0,0.0,0.0,7.0,2.0,1.0,5.0,3.0,3.0,0.0,0.04,0.31,0.0,0.0,0.0,0.0,6.74,6.0,5.77,3.0,0.05,0.0,0.0,0.4,0.38,0.38,7.33,0.84,0.36,2.2,0.25,2.87,2.48,0.8,0.88,0.85,5.0,4.0,4.0,13.0,1.0,2.0,1.0,1.0,0.0,1.0,4.0,4.0,8.0,0.0,0.0,8.0,9.0,0.0,2.0,8.0,0.0,1.0,0.3,0.0,0.53,1.0,0.0,0.0,13.56,9.0,9.41,0.0,0.08,0.61,0.61,0.31,0.32,0.32
848028184835168484164,2025,Snuggerud-Dvorsky-Toropchenko,STL,line,5on5,3,679.0,20.0,0.52,0.35,0.4,4.78,0.69,0.33,1.11,0.16,2.24,1.48,0.63,0.7,0.64,5.0,1.0,0.0,6.0,0.0,1.0,0.0,1.0,0.0,4.0,0.0,5.0,6.0,2.0,4.0,8.0,12.0,1.0,1.0,3.0,1.0,2.0,0.04,0.16,0.49,0.0,0.0,0.0,6.31,6.0,6.26,0.0,0.07,0.25,0.25,0.51,0.52,0.51,6.74,0.65,0.5,1.45,0.2,3.62,2.58,0.6,0.64,0.59,6.0,3.0,2.0,11.0,0.0,1.0,0.0,2.0,0.0,3.0,3.0,6.0,9.0,0.0,0.0,2.0,6.0,2.0,7.0,7.0,1.0,1.0,0.26,0.11,0.28,0.0,0.0,0.0,10.48,9.0,8.64,5.0,0.1,0.28,0.28,0.48,0.47,0.44
84793728482858,2025,Evans-Mahura,SEA,pairing,5on5,6,3179.0,26.0,0.51,0.51,0.52,25.85,1.82,1.62,5.91,0.81,14.48,10.37,1.8,1.85,1.84,21.0,14.0,12.0,47.0,2.0,1.0,0.0,7.0,1.0,11.0,13.0,19.0,33.0,5.0,10.0,25.0,26.0,2.0,13.0,27.0,8.0,0.0,0.89,0.93,0.0,2.0,0.0,0.0,47.05,35.0,35.26,5.0,0.33,0.11,0.11,2.04,2.08,2.07,23.33,1.72,1.45,5.61,0.77,12.54,9.91,1.71,1.71,1.7,26.0,6.0,14.0,46.0,1.0,1.0,0.0,6.0,0.0,12.0,12.0,25.0,31.0,0.0,0.0,19.0,26.0,4.0,11.0,25.0,7.0,0.0,0.69,1.03,0.0,0.0,1.0,0.0,46.48,32.0,31.73,7.0,0.3,0.07,0.07,1.96,1.94,1.93
848171684824758484166,2025,Voronkov-Fantilli-Chinakhov,CBJ,line,5on5,4,671.0,52.0,0.12,0.25,0.21,2.22,0.07,0.14,0.73,0.07,1.11,0.88,0.07,0.07,0.07,2.0,1.0,2.0,5.0,0.0,0.0,0.0,2.0,0.0,1.0,0.0,2.0,3.0,0.0,0.0,6.0,5.0,0.0,3.0,3.0,0.0,0.0,0.07,0.0,0.0,0.0,0.0,0.0,4.88,3.0,2.89,1.0,0.03,0.0,0.0,0.1,0.1,0.1,7.71,0.51,0.45,2.01,0.26,4.62,3.14,0.51,0.52,0.51,8.0,3.0,4.0,15.0,3.0,0.0,0.0,2.0,0.0,2.0,4.0,5.0,8.0,0.0,0.0,8.0,1.0,0.0,0.0,7.0,4.0,0.0,0.16,0.35,0.0,1.0,2.0,0.0,15.64,11.0,11.35,0.0,0.09,0.0,0.0,0.6,0.61,0.6
847931884815828482720,2025,Robertson-Matthews-Knies,TOR,line,5on5,9,2043.0,65.0,0.44,0.34,0.34,12.75,1.72,0.75,2.9,0.43,6.21,4.99,1.66,1.81,1.73,11.0,6.0,6.0,23.0,2.0,3.0,0.0,0.0,0.0,5.0,7.0,9.0,15.0,2.0,4.0,26.0,15.0,2.0,11.0,12.0,2.0,3.0,0.52,0.22,0.98,2.0,0.0,0.0,23.87,17.0,17.77,5.0,0.16,0.82,0.82,1.06,1.09,1.07,24.78,2.2,1.54,6.57,0.84,12.47,9.38,2.15,2.19,2.14,22.0,11.0,11.0,44.0,1.0,3.0,1.0,5.0,0.0,17.0,7.0,21.0,32.0,1.0,2.0,17.0,7.0,1.0,12.0,25.0,5.0,3.0,0.73,0.6,0.86,0.0,0.0,1.0,42.93,33.0,32.31,8.0,0.32,0.76,0.76,1.77,1.75,1.74
847167584758108480980,2025,Dewar-Crosby-Rust,PIT,line,5on5,15,3080.0,155.0,0.44,0.43,0.45,25.01,1.99,1.63,5.6,0.74,14.35,10.69,1.98,1.92,1.91,23.0,12.0,7.0,42.0,3.0,1.0,0.0,2.0,0.0,11.0,18.0,20.0,32.0,3.0,6.0,28.0,13.0,3.0,18.0,27.0,7.0,1.0,0.81,0.83,0.35,2.0,0.0,1.0,40.92,35.0,34.32,5.0,0.34,0.09,0.09,2.24,2.17,2.15,29.95,2.57,2.21,7.06,1.08,17.34,12.74,2.48,2.72,2.62,27.0,16.0,12.0,55.0,4.0,3.0,0.0,5.0,0.0,14.0,17.0,23.0,39.0,0.0,0.0,22.0,23.0,6.0,17.0,31.0,9.0,3.0,0.89,1.03,0.64,3.0,1.0,0.0,56.9,43.0,44.66,11.0,0.45,0.3,0.3,2.72,2.87,2.8
847168584779608477998,2025,Foegele-Kopitar-Kempe,LAK,line,5on5,10,636.0,133.0,0.42,0.33,0.33,3.67,0.41,0.23,0.8,0.11,1.95,1.51,0.41,0.44,0.44,5.0,0.0,1.0,6.0,1.0,0.0,0.0,2.0,0.0,0.0,2.0,4.0,4.0,2.0,4.0,11.0,4.0,0.0,4.0,4.0,0.0,1.0,0.11,0.0,0.31,0.0,0.0,1.0,6.03,5.0,5.17,2.0,0.05,0.0,0.0,0.46,0.49,0.49,7.28,0.58,0.33,1.96,0.24,3.78,3.11,0.56,0.54,0.52,8.0,2.0,2.0,12.0,0.0,1.0,0.0,2.0,0.0,2.0,5.0,8.0,10.0,1.0,2.0,6.0,4.0,0.0,1.0,9.0,0.0,1.0,0.19,0.0,0.38,0.0,0.0,0.0,11.49,10.0,9.65,0.0,0.07,0.38,0.38,0.26,0.25,0.24
847845884793658483512,2025,Roslovic-Frederic-Savoie,EDM,line,5on5,4,652.0,43.0,0.41,0.5,0.5,5.92,0.38,0.38,1.36,0.18,3.38,2.32,0.38,0.4,0.4,5.0,3.0,0.0,8.0,0.0,0.0,0.0,1.0,0.0,3.0,4.0,5.0,8.0,0.0,0.0,6.0,2.0,0.0,8.0,7.0,1.0,0.0,0.19,0.19,0.0,0.0,0.0,0.0,7.91,8.0,7.9,7.0,0.08,0.0,0.0,0.46,0.48,0.47,5.72,0.55,0.42,1.4,0.21,3.2,2.23,0.55,0.54,0.54,5.0,3.0,0.0,8.0,0.0,0.0,0.0,2.0,0.0,3.0,3.0,5.0,8.0,2.0,4.0,4.0,10.0,2.0,5.0,5.0,3.0,0.0,0.15,0.4,0.0,0.0,0.0,0.0,7.81,8.0,7.84,0.0,0.09,0.0,0.0,0.64,0.63,0.63
847168584779608479675,2025,Moore-Kopitar-Kempe,LAK,line,5on5,8,1416.0,88.0,0.26,0.43,0.35,7.98,0.44,0.39,2.39,0.26,4.07,3.46,0.44,0.41,0.41,5.0,6.0,9.0,20.0,1.0,0.0,0.0,1.0,0.0,3.0,6.0,4.0,10.0,1.0,2.0,15.0,11.0,3.0,9.0,9.0,2.0,0.0,0.18,0.26,0.0,0.0,1.0,0.0,18.76,11.0,10.27,6.0,0.08,0.0,0.0,0.52,0.49,0.49,14.44,1.24,0.88,4.24,0.54,7.53,5.57,1.21,1.34,1.31,14.0,6.0,7.0,27.0,0.0,1.0,0.0,4.0,0.0,6.0,9.0,14.0,20.0,1.0,2.0,11.0,6.0,6.0,7.0,14.0,4.0,2.0,0.37,0.4,0.47,0.0,0.0,0.0,29.13,20.0,21.47,2.0,0.19,0.27,0.27,1.16,1.25,1.22
847701584810328482110,2025,Mercer-Cotter-Brown,NJD,line,5on5,9,1945.0,105.0,0.51,0.53,0.56,20.05,1.49,1.42,4.65,0.63,11.73,8.09,1.46,1.44,1.41,18.0,10.0,14.0,42.0,3.0,1.0,0.0,4.0,0.0,7.0,13.0,15.0,25.0,5.0,10.0,12.0,12.0,1.0,8.0,21.0,7.0,0.0,0.43,1.05,0.0,1.0,2.0,0.0,41.9,28.0,27.67,2.0,0.29,0.2,0.2,1.57,1.52,1.52,15.91,1.45,1.04,4.19,0.56,8.61,6.16,1.42,1.48,1.45,11.0,11.0,15.0,37.0,1.0,2.0,0.0,3.0,0.0,12.0,4.0,10.0,21.0,4.0,8.0,23.0,14.0,2.0,5.0,14.0,7.0,1.0,0.34,0.89,0.23,0.0,1.0,0.0,36.91,22.0,22.07,2.0,0.22,0.38,0.38,1.29,1.33,1.3
848002384820898483516,2025,Neighbours-Thomas-Snuggerud,STL,line,5on5,10,2345.0,94.0,0.29,0.36,0.32,11.2,1.15,0.74,2.51,0.33,5.83,4.45,1.14,1.24,1.24,10.0,5.0,10.0,25.0,2.0,0.0,0.0,1.0,0.0,4.0,8.0,8.0,13.0,0.0,0.0,16.0,15.0,3.0,16.0,10.0,3.0,2.0,0.38,0.33,0.43,1.0,0.0,1.0,27.75,15.0,16.38,9.0,0.15,0.0,0.0,1.3,1.41,1.41,24.22,2.84,1.9,5.49,0.73,12.72,8.31,2.67,2.68,2.52,20.0,12.0,13.0,45.0,3.0,1.0,0.0,3.0,0.0,15.0,10.0,17.0,29.0,1.0,2.0,18.0,26.0,3.0,8.0,21.0,6.0,5.0,0.8,0.71,1.34,2.0,0.0,1.0,42.03,32.0,30.14,4.0,0.4,0.27,0.27,2.97,2.8,2.66
847646984779428482124,2025,Fiala-Byfield-Armia,LAK,line,5on5,17,6875.0,70.0,0.6,0.54,0.57,67.17,6.1,4.59,16.26,2.18,36.62,26.25,5.97,6.03,5.91,64.0,28.0,32.0,124.0,3.0,8.0,1.0,12.0,0.0,36.0,33.0,61.0,89.0,8.0,16.0,49.0,29.0,21.0,31.0,68.0,18.0,6.0,2.2,2.45,1.44,1.0,2.0,0.0,123.16,92.0,91.41,15.0,0.94,1.49,1.49,5.56,5.54,5.48,49.69,4.1,3.39,12.42,1.71,27.48,19.91,4.0,4.19,4.09,45.0,24.0,38.0,107.0,1.0,5.0,0.0,11.0,0.0,25.0,27.0,44.0,68.0,10.0,20.0,69.0,37.0,12.0,30.0,50.0,16.0,3.0,1.42,1.95,0.73,0.0,1.0,0.0,109.63,69.0,70.56,13.0,0.7,0.78,0.78,4.02,4.11,4.05
847750584788748482667,2025,Eklund-Wennberg-Gaudette,SJS,line,5on5,10,2737.0,72.0,0.54,0.57,0.53,31.63,2.96,2.18,7.62,1.03,16.97,12.24,2.68,2.88,2.61,26.0,17.0,16.0,59.0,3.0,6.0,1.0,2.0,0.0,21.0,11.0,23.0,40.0,4.0,8.0,24.0,14.0,2.0,9.0,31.0,9.0,3.0,1.07,1.11,0.77,1.0,1.0,1.0,57.74,43.0,41.92,4.0,0.45,0.82,0.82,2.59,2.52,2.47,27.09,2.52,1.77,7.05,0.95,14.82,10.88,2.34,2.53,2.36,26.0,12.0,6.0,44.0,3.0,4.0,2.0,3.0,0.0,11.0,17.0,23.0,35.0,6.0,12.0,24.0,12.0,3.0,9.0,31.0,4.0,3.0,0.92,0.51,1.09,1.0,1.0,1.0,44.49,38.0,38.63,4.0,0.37,1.25,1.25,1.63,1.65,1.62
84763318480145,2025,Pionk-Demelo,WPG,pairing,5on5,24,1262.0,218.0,0.58,0.4,0.5,8.68,1.09,0.68,1.93,0.3,5.21,3.8,1.04,1.08,1.04,10.0,3.0,4.0,17.0,2.0,1.0,0.0,1.0,0.0,2.0,7.0,8.0,11.0,0.0,0.0,0.0,10.0,0.0,5.0,9.0,2.0,2.0,0.27,0.23,0.59,1.0,0.0,1.0,17.15,13.0,12.77,2.0,0.14,0.32,0.32,0.91,0.92,0.92,9.38,0.78,0.69,2.31,0.33,5.15,3.75,0.78,0.76,0.76,11.0,2.0,13.0,26.0,0.0,0.0,0.0,1.0,0.0,7.0,5.0,11.0,13.0,2.0,4.0,1.0,9.0,2.0,7.0,9.0,4.0,0.0,0.29,0.48,0.0,0.0,0.0,0.0,25.61,13.0,13.01,2.0,0.14,0.0,0.0,0.92,0.9,0.89
847844984800278482145,2025,Robertson-Hintz-Bourque,DAL,line,5on5,17,4308.0,174.0,0.58,0.59,0.57,48.49,4.93,3.26,12.43,1.66,26.07,18.64,4.84,4.98,4.88,35.0,32.0,29.0,96.0,5.0,5.0,1.0,8.0,0.0,20.0,29.0,30.0,62.0,5.0,10.0,35.0,11.0,6.0,18.0,48.0,15.0,4.0,1.84,1.96,1.14,3.0,1.0,1.0,97.95,67.0,68.52,9.0,0.69,0.6,0.75,4.87,4.9,4.82,37.22,3.53,2.53,9.76,1.27,18.95,13.97,3.32,3.39,3.2,25.0,25.0,16.0,66.0,5.0,7.0,1.0,8.0,0.0,11.0,19.0,20.0,45.0,6.0,12.0,33.0,28.0,3.0,32.0,35.0,11.0,4.0,1.06,1.37,1.1,2.0,1.0,2.0,64.3,50.0,48.72,16.0,0.53,1.3,1.3,2.76,2.71,2.66
84788828482666,2025,Gavrikov-Morrow,NYR,pairing,5on5,13,1217.0,76.0,0.52,0.58,0.52,9.13,1.02,0.58,2.1,0.29,4.33,3.68,0.99,0.98,0.94,10.0,2.0,6.0,18.0,1.0,1.0,0.0,2.0,0.0,3.0,5.0,9.0,11.0,0.0,0.0,14.0,8.0,1.0,4.0,7.0,3.0,2.0,0.15,0.3,0.56,1.0,0.0,0.0,17.28,12.0,11.28,1.0,0.12,0.28,0.28,0.86,0.82,0.81,8.39,0.95,0.48,2.35,0.27,3.98,2.97,0.84,0.96,0.86,6.0,5.0,2.0,13.0,0.0,2.0,0.0,1.0,0.0,3.0,5.0,6.0,11.0,2.0,4.0,4.0,6.0,3.0,3.0,9.0,1.0,1.0,0.38,0.16,0.41,0.0,0.0,0.0,13.7,11.0,11.64,1.0,0.1,0.45,0.45,0.6,0.62,0.6
84810148485366,2025,Schaefer-Romanov,NYI,pairing,5on5,11,954.0,89.0,0.35,0.45,0.44,9.64,0.93,0.68,2.48,0.37,5.38,4.16,0.91,0.92,0.9,9.0,5.0,5.0,19.0,1.0,2.0,0.0,3.0,0.0,5.0,3.0,8.0,13.0,2.0,4.0,2.0,3.0,0.0,6.0,10.0,3.0,1.0,0.32,0.39,0.21,1.0,0.0,0.0,18.98,14.0,13.85,3.0,0.14,0.23,0.21,0.85,0.83,0.83,13.61,1.71,1.03,3.18,0.47,6.65,4.96,1.52,1.65,1.48,10.0,8.0,5.0,23.0,1.0,4.0,1.0,0.0,0.0,3.0,10.0,9.0,17.0,1.0,2.0,1.0,2.0,3.0,1.0,11.0,4.0,3.0,0.37,0.48,0.87,0.0,1.0,0.0,22.19,18.0,17.38,0.0,0.21,0.69,0.78,1.15,1.13,1.1
847842084800278482740,2025,Robertson-Johnston-Rantanen,DAL,line,5on5,33,4482.0,266.0,0.59,0.56,0.57,51.1,5.54,3.46,11.8,1.69,27.4,20.11,5.35,5.46,5.27,51.0,19.0,23.0,93.0,7.0,8.0,0.0,11.0,0.0,25.0,19.0,44.0,63.0,2.0,4.0,26.0,18.0,6.0,20.0,44.0,22.0,4.0,1.69,2.84,1.01,3.0,4.0,0.0,91.29,70.0,68.51,13.0,0.72,1.34,1.34,4.93,4.88,4.82,39.29,3.9,2.47,9.8,1.32,20.19,15.33,3.83,3.99,3.92,41.0,12.0,19.0,72.0,2.0,5.0,0.0,9.0,0.0,17.0,20.0,39.0,51.0,7.0,14.0,28.0,27.0,12.0,20.0,36.0,13.0,4.0,1.15,1.83,0.93,1.0,1.0,0.0,73.89,53.0,54.74,9.0,0.51,0.6,0.6,3.81,3.89,3.84
84757958480873,2025,Sandin-Mcilrath,WSH,pairing,5on5,4,1288.0,18.0,0.58,0.44,0.42,7.46,0.84,0.45,1.78,0.26,3.77,2.88,0.83,0.88,0.86,6.0,4.0,7.0,17.0,1.0,0.0,0.0,0.0,0.0,3.0,6.0,5.0,9.0,0.0,0.0,9.0,10.0,0.0,1.0,6.0,3.0,1.0,0.17,0.37,0.3,1.0,0.0,0.0,18.55,10.0,10.82,0.0,0.09,0.0,0.0,0.94,0.97,0.95,9.29,0.62,0.65,2.38,0.36,5.68,4.31,0.61,0.6,0.59,8.0,6.0,8.0,22.0,0.0,1.0,0.0,1.0,0.0,5.0,7.0,8.0,14.0,0.0,0.0,15.0,8.0,1.0,7.0,11.0,3.0,0.0,0.29,0.34,0.0,0.0,0.0,0.0,20.95,14.0,13.35,4.0,0.13,0.01,0.01,0.74,0.72,0.71
847584284817048481726,2025,Edstrom-Carrick-Parssinen,NYR,line,5on5,5,915.0,45.0,0.21,0.34,0.23,3.79,0.24,0.23,1.02,0.12,1.93,1.46,0.23,0.25,0.24,2.0,3.0,6.0,11.0,0.0,0.0,0.0,0.0,0.0,4.0,1.0,2.0,5.0,1.0,2.0,10.0,10.0,3.0,2.0,3.0,2.0,0.0,0.06,0.18,0.0,0.0,0.0,0.0,10.65,5.0,4.92,1.0,0.05,0.0,0.0,0.28,0.29,0.28,11.66,0.88,0.69,3.41,0.45,6.84,4.73,0.85,0.85,0.83,14.0,3.0,4.0,21.0,0.0,2.0,0.0,1.0,0.0,9.0,5.0,14.0,17.0,0.0,0.0,6.0,9.0,2.0,4.0,14.0,2.0,1.0,0.37,0.25,0.27,0.0,0.0,0.0,21.1,17.0,17.09,3.0,0.14,0.34,0.34,0.68,0.67,0.66
84757558481581,2025,Harley-Petrovic,DAL,pairing,5on5,26,5299.0,174.0,0.54,0.49,0.47,42.51,5.39,3.22,10.63,1.46,20.66,14.64,5.07,5.44,5.12,40.0,16.0,30.0,86.0,6.0,8.0,2.0,12.0,0.0,10.0,20.0,34.0,50.0,3.0,6.0,35.0,32.0,5.0,17.0,32.0,16.0,8.0,1.07,2.16,2.17,1.0,5.0,0.0,88.36,56.0,57.01,6.0,0.67,1.7,1.7,4.36,4.41,4.29,46.82,4.53,3.09,10.76,1.48,25.53,18.61,4.34,4.52,4.32,40.0,24.0,24.0,88.0,7.0,4.0,1.0,5.0,0.0,24.0,24.0,33.0,57.0,4.0,8.0,32.0,50.0,8.0,24.0,47.0,13.0,4.0,1.56,1.72,1.25,2.0,3.0,2.0,87.21,64.0,63.84,11.0,0.64,1.18,1.18,3.99,3.99,3.95
84753248478502,2025,Gilbert-Jensen,OTT,pairing,5on5,1,796.0,3.0,0.69,0.53,0.65,8.95,1.39,0.81,2.18,0.37,4.87,3.38,1.33,1.26,1.22,9.0,4.0,4.0,17.0,0.0,3.0,0.0,2.0,0.0,4.0,4.0,9.0,13.0,0.0,0.0,2.0,8.0,2.0,5.0,7.0,4.0,2.0,0.2,0.51,0.68,0.0,0.0,0.0,15.16,13.0,11.62,5.0,0.17,0.65,0.65,0.91,0.83,0.82,5.38,0.61,0.43,1.23,0.18,2.67,1.87,0.6,0.66,0.66,5.0,2.0,8.0,15.0,1.0,1.0,0.0,1.0,0.0,2.0,2.0,4.0,6.0,1.0,2.0,6.0,11.0,0.0,7.0,2.0,5.0,0.0,0.08,0.53,0.0,1.0,0.0,0.0,16.73,7.0,7.72,5.0,0.09,0.09,0.09,0.62,0.67,0.67
848000984817898483570,2025,Kartye-Meyers-Tolvanen,SEA,line,5on5,4,725.0,41.0,0.79,0.54,0.64,6.44,0.37,0.41,1.56,0.21,3.89,2.56,0.37,0.37,0.37,7.0,2.0,4.0,13.0,1.0,0.0,0.0,0.0,0.0,6.0,2.0,6.0,8.0,0.0,0.0,2.0,10.0,0.0,3.0,8.0,1.0,0.0,0.2,0.17,0.0,1.0,0.0,0.0,12.84,9.0,8.78,3.0,0.08,0.0,0.0,0.46,0.45,0.45,3.45,0.1,0.2,0.96,0.12,2.21,1.42,0.1,0.1,0.1,2.0,3.0,6.0,11.0,0.0,0.0,0.0,0.0,0.0,3.0,2.0,2.0,5.0,1.0,2.0,5.0,7.0,1.0,4.0,5.0,0.0,0.0,0.1,0.0,0.0,0.0,0.0,0.0,11.25,5.0,5.19,0.0,0.04,0.0,0.0,0.14,0.14,0.14
847576084775738480281,2025,Walker-Bjugstad-Toropchenko,STL,line,5on5,8,2623.0,43.0,0.5,0.41,0.46,20.5,2.16,1.49,5.8,0.67,9.43,6.45,1.94,2.17,1.96,19.0,7.0,8.0,34.0,0.0,6.0,0.0,2.0,0.0,9.0,9.0,19.0,26.0,4.0,8.0,16.0,39.0,1.0,11.0,18.0,3.0,5.0,0.48,0.49,1.19,0.0,0.0,0.0,33.98,26.0,25.94,6.0,0.31,1.21,1.21,1.26,1.28,1.24,22.79,2.14,1.35,5.33,0.79,12.29,9.11,1.95,2.04,1.87,24.0,7.0,18.0,49.0,3.0,2.0,1.0,5.0,0.0,13.0,8.0,21.0,28.0,1.0,2.0,18.0,14.0,5.0,15.0,26.0,3.0,2.0,0.93,0.45,0.76,2.0,1.0,0.0,48.37,31.0,30.63,6.0,0.28,0.5,0.5,1.92,1.84,1.79
847517284764568480797,2025,Huberdeau-Kadri-Farabee,CGY,line,5on5,10,2232.0,88.0,0.86,0.75,0.81,28.91,2.72,1.9,7.67,0.94,14.92,10.86,2.64,2.61,2.54,26.0,13.0,15.0,54.0,0.0,5.0,0.0,4.0,0.0,19.0,11.0,26.0,39.0,4.0,8.0,31.0,10.0,3.0,9.0,29.0,6.0,4.0,0.85,0.82,1.05,0.0,0.0,0.0,50.99,39.0,37.23,2.0,0.4,0.95,0.95,2.17,2.1,2.08,6.83,0.45,0.42,1.58,0.2,3.61,2.75,0.45,0.46,0.46,5.0,4.0,9.0,18.0,0.0,0.0,0.0,2.0,0.0,1.0,6.0,5.0,9.0,3.0,6.0,18.0,9.0,5.0,10.0,7.0,2.0,0.0,0.21,0.23,0.0,0.0,0.0,0.0,18.9,9.0,9.48,4.0,0.08,0.0,0.0,0.53,0.55,0.55
84706138479398,2025,Girard-Burns,COL,pairing,5on5,17,2038.0,130.0,0.53,0.53,0.46,14.18,1.42,0.94,3.91,0.53,8.34,5.87,1.4,1.41,1.4,17.0,4.0,17.0,38.0,2.0,1.0,0.0,1.0,0.0,10.0,7.0,15.0,19.0,3.0,6.0,23.0,17.0,4.0,13.0,14.0,6.0,1.0,0.39,0.75,0.28,1.0,1.0,0.0,38.72,21.0,21.65,6.0,0.2,0.28,0.28,1.33,1.34,1.33,18.59,1.24,0.97,5.13,0.56,9.93,7.18,1.23,1.22,1.21,15.0,10.0,9.0,34.0,1.0,1.0,0.0,4.0,0.0,7.0,12.0,14.0,24.0,2.0,4.0,13.0,14.0,1.0,19.0,22.0,1.0,2.0,0.57,0.1,0.56,0.0,0.0,1.0,32.96,25.0,24.41,9.0,0.2,0.32,0.32,1.11,1.1,1.1
847841384793598481522,2025,Greenway-Krebs-Malenstyn,BUF,line,5on5,7,2632.0,35.0,0.67,0.56,0.54,24.07,2.45,1.68,6.49,0.82,13.43,9.13,2.4,2.42,2.36,25.0,9.0,14.0,48.0,1.0,3.0,0.0,6.0,0.0,13.0,11.0,24.0,33.0,7.0,15.0,22.0,38.0,6.0,10.0,25.0,5.0,4.0,0.62,0.8,1.03,0.0,1.0,0.0,49.05,34.0,33.48,7.0,0.35,0.83,0.83,1.98,1.97,1.93,20.13,1.2,1.24,5.33,0.67,11.75,8.81,1.18,1.19,1.18,18.0,11.0,8.0,37.0,1.0,2.0,1.0,4.0,0.0,13.0,9.0,17.0,28.0,6.0,15.0,22.0,23.0,2.0,9.0,25.0,3.0,1.0,0.65,0.35,0.2,0.0,0.0,1.0,35.97,29.0,29.16,4.0,0.25,0.24,0.24,1.21,1.21,1.2
847883184792938479619,2025,Tanev-Stenlund-Carcone,UTA,line,5on5,11,1899.0,78.0,0.47,0.5,0.53,15.86,1.27,1.19,3.9,0.53,8.41,5.7,1.21,1.24,1.18,12.0,9.0,11.0,32.0,1.0,2.0,1.0,4.0,0.0,10.0,4.0,11.0,20.0,2.0,4.0,15.0,18.0,2.0,10.0,16.0,5.0,0.0,0.64,0.63,0.0,0.0,1.0,0.0,31.24,21.0,20.69,5.0,0.25,0.26,0.26,1.25,1.22,1.19,14.19,1.4,0.92,3.4,0.49,7.63,5.17,1.31,1.4,1.31,11.0,8.0,13.0,32.0,0.0,3.0,0.0,1.0,0.0,11.0,4.0,11.0,19.0,3.0,6.0,24.0,23.0,4.0,6.0,13.0,4.0,2.0,0.41,0.41,0.58,0.0,0.0,0.0,32.41,19.0,18.81,3.0,0.19,0.68,0.68,0.92,0.92,0.89
84815688483506,2025,Vlasic-Rinzel,CHI,pairing,5on5,27,9647.0,111.0,0.4,0.46,0.45,72.99,5.13,4.27,18.75,2.42,41.31,30.11,5.02,5.25,5.14,53.0,49.0,47.0,149.0,5.0,6.0,1.0,11.0,0.0,42.0,38.0,48.0,97.0,12.0,27.0,63.0,54.0,19.0,57.0,79.0,20.0,3.0,1.93,2.46,0.74,2.0,1.0,2.0,151.29,102.0,103.82,25.0,0.87,0.76,0.6,5.4,5.46,5.41,92.61,7.81,5.84,22.95,2.98,49.84,37.58,7.66,7.68,7.52,85.0,42.0,49.0,176.0,10.0,7.0,0.0,18.0,1.0,44.0,47.0,75.0,117.0,10.0,23.0,78.0,51.0,11.0,49.0,92.0,29.0,6.0,2.64,3.51,1.66,6.0,4.0,0.0,173.71,127.0,124.69,21.0,1.21,1.41,1.41,7.61,7.46,7.4
84764298476917,2025,Pelech-Mayfield,NYI,pairing,5on5,36,3753.0,244.0,0.7,0.54,0.59,34.59,4.4,2.17,8.29,1.14,17.91,13.1,3.92,4.29,3.82,26.0,21.0,14.0,61.0,2.0,7.0,2.0,4.0,0.0,12.0,22.0,24.0,45.0,7.0,14.0,15.0,25.0,4.0,13.0,33.0,7.0,7.0,1.07,0.78,2.55,0.0,1.0,1.0,59.46,47.0,45.72,7.0,0.45,2.11,2.11,2.74,2.65,2.55,23.97,1.89,1.33,6.58,0.83,12.64,9.73,1.85,1.98,1.93,19.0,14.0,18.0,51.0,1.0,4.0,0.0,2.0,0.0,11.0,15.0,18.0,32.0,2.0,4.0,24.0,21.0,7.0,13.0,26.0,6.0,1.0,0.76,0.8,0.33,1.0,0.0,0.0,51.36,33.0,33.24,7.0,0.28,0.56,0.56,1.6,1.66,1.63
847794984808028482097,2025,Tuch-Mcleod-Quinn,BUF,line,5on5,15,830.0,177.0,0.3,0.43,0.39,7.66,0.56,0.47,1.79,0.25,4.58,3.34,0.56,0.56,0.56,6.0,5.0,5.0,16.0,2.0,0.0,0.0,1.0,0.0,4.0,4.0,4.0,9.0,1.0,2.0,5.0,4.0,1.0,6.0,9.0,2.0,0.0,0.32,0.24,0.0,2.0,0.0,0.0,15.29,11.0,10.5,3.0,0.1,0.0,0.0,0.66,0.65,0.65,12.35,1.31,0.84,2.63,0.38,6.83,5.0,1.28,1.31,1.28,13.0,4.0,4.0,21.0,1.0,1.0,0.0,4.0,0.0,7.0,4.0,12.0,16.0,0.0,0.0,3.0,4.0,2.0,4.0,11.0,5.0,1.0,0.48,0.6,0.22,1.0,0.0,0.0,21.07,17.0,17.0,2.0,0.17,0.07,0.07,1.41,1.41,1.39
84768758482964,2025,Matheson-Xhekaj,MTL,pairing,5on5,19,911.0,175.0,0.73,0.6,0.61,8.6,0.85,0.59,1.95,0.29,4.0,3.31,0.77,0.93,0.83,6.0,5.0,1.0,12.0,0.0,2.0,0.0,2.0,0.0,5.0,2.0,6.0,11.0,2.0,7.0,0.0,9.0,1.0,5.0,8.0,2.0,1.0,0.3,0.27,0.28,0.0,0.0,0.0,12.75,11.0,11.81,4.0,0.12,0.46,0.46,0.52,0.56,0.53,4.94,0.32,0.29,1.17,0.15,2.98,2.09,0.32,0.32,0.32,4.0,3.0,1.0,8.0,0.0,0.0,0.0,2.0,0.0,1.0,4.0,4.0,7.0,3.0,9.0,0.0,10.0,2.0,2.0,7.0,0.0,0.0,0.32,0.0,0.0,0.0,0.0,0.0,7.95,7.0,6.98,0.0,0.06,0.0,0.0,0.38,0.38,0.38
84800498480145,2025,Samberg-Pionk,WPG,pairing,5on5,19,13317.0,53.0,0.53,0.57,0.57,123.68,9.67,7.75,32.33,4.28,67.07,50.9,9.29,9.57,9.2,115.0,57.0,67.0,239.0,4.0,17.0,0.0,21.0,0.0,71.0,59.0,111.0,168.0,12.0,30.0,111.0,110.0,22.0,71.0,138.0,25.0,9.0,3.82,3.33,2.52,0.0,4.0,0.0,237.91,172.0,171.0,35.0,1.62,2.66,2.66,8.63,8.58,8.45,94.25,8.63,6.29,24.28,3.29,50.29,36.22,8.16,8.58,8.13,83.0,46.0,50.0,179.0,5.0,10.0,0.0,20.0,0.0,41.0,53.0,78.0,124.0,8.0,22.0,95.0,67.0,9.0,64.0,94.0,28.0,7.0,2.86,3.49,2.29,1.0,4.0,0.0,179.31,129.0,128.81,25.0,1.31,2.45,2.45,7.48,7.49,7.27
847398684834458484153,2025,Gauthier-Carlsson-Killorn,ANA,line,5on5,9,4078.0,38.0,0.47,0.57,0.55,37.55,3.15,2.46,9.75,1.21,20.4,15.02,3.1,3.22,3.17,39.0,13.0,26.0,78.0,3.0,4.0,1.0,13.0,0.0,15.0,17.0,36.0,49.0,2.0,4.0,32.0,18.0,9.0,24.0,40.0,9.0,3.0,1.01,1.15,0.99,1.0,1.0,1.0,77.3,52.0,51.76,12.0,0.51,1.17,1.17,2.49,2.5,2.46,31.69,3.61,2.1,7.29,1.09,16.61,12.3,3.12,3.48,3.02,28.0,15.0,17.0,60.0,1.0,4.0,0.0,8.0,0.0,13.0,17.0,27.0,42.0,7.0,14.0,38.0,23.0,4.0,27.0,23.0,15.0,5.0,0.54,1.85,1.21,1.0,0.0,0.0,59.18,43.0,42.09,9.0,0.44,0.53,0.53,3.52,3.41,3.21
847688784827688484241,2025,Forsberg-Svechkov-Wood,NSH,line,5on5,16,2050.0,129.0,0.47,0.61,0.6,25.45,1.99,1.59,6.29,0.81,13.76,10.56,1.96,1.98,1.96,22.0,13.0,14.0,49.0,2.0,1.0,0.0,2.0,0.0,17.0,13.0,20.0,33.0,1.0,2.0,15.0,14.0,1.0,7.0,26.0,7.0,2.0,0.74,0.81,0.43,0.0,1.0,1.0,46.55,35.0,34.01,4.0,0.33,0.07,0.07,2.25,2.24,2.21,17.67,2.22,1.35,4.13,0.55,8.62,6.14,2.06,2.28,2.12,16.0,7.0,8.0,31.0,3.0,3.0,0.0,1.0,0.0,8.0,8.0,13.0,20.0,1.0,2.0,16.0,13.0,3.0,11.0,15.0,4.0,4.0,0.58,0.59,1.04,1.0,2.0,0.0,32.62,23.0,23.95,3.0,0.28,0.8,0.8,1.69,1.74,1.71
847579884764588478366,2025,Strome-Granlund-Vatrano,ANA,line,5on5,6,1001.0,47.0,0.41,0.42,0.57,8.71,0.67,0.52,2.19,0.28,4.69,3.66,0.62,0.65,0.61,9.0,3.0,2.0,14.0,2.0,0.0,0.0,0.0,0.0,7.0,3.0,7.0,10.0,2.0,4.0,5.0,5.0,3.0,8.0,9.0,3.0,0.0,0.34,0.33,0.0,1.0,1.0,0.0,14.11,12.0,12.05,4.0,0.1,0.0,0.0,0.77,0.76,0.71,6.86,0.98,0.4,1.68,0.25,2.96,2.74,0.94,1.03,0.99,7.0,2.0,10.0,19.0,2.0,1.0,1.0,0.0,0.0,3.0,3.0,5.0,7.0,0.0,0.0,14.0,6.0,2.0,2.0,4.0,4.0,1.0,0.11,0.55,0.32,0.0,1.0,1.0,19.61,9.0,9.27,1.0,0.08,0.32,0.32,0.75,0.77,0.77
84706138480069,2025,Makar-Burns,COL,pairing,5on5,27,1833.0,242.0,0.69,0.59,0.6,21.17,2.34,1.46,5.1,0.71,10.29,8.1,2.22,2.42,2.29,16.0,12.0,9.0,37.0,2.0,5.0,0.0,4.0,0.0,4.0,13.0,14.0,26.0,0.0,0.0,5.0,4.0,4.0,10.0,19.0,6.0,3.0,0.71,0.9,0.73,1.0,1.0,0.0,38.55,28.0,29.16,5.0,0.31,1.05,1.05,1.6,1.67,1.64,14.15,1.03,0.9,3.32,0.42,7.37,5.96,1.03,0.99,0.99,13.0,6.0,7.0,26.0,0.0,0.0,0.0,5.0,0.0,7.0,7.0,13.0,19.0,2.0,4.0,11.0,2.0,2.0,10.0,16.0,3.0,0.0,0.67,0.36,0.0,0.0,0.0,0.0,25.04,19.0,18.23,5.0,0.18,0.0,0.0,1.21,1.17,1.17
847742984774568484794,2025,Copp-Compher-Brandsegg-Nygrd,DET,line,5on5,6,3031.0,19.0,0.44,0.49,0.52,21.02,1.56,1.24,5.54,0.68,11.85,8.14,1.54,1.47,1.45,19.0,10.0,18.0,47.0,0.0,1.0,0.0,3.0,0.0,10.0,15.0,19.0,29.0,3.0,6.0,31.0,23.0,3.0,17.0,21.0,8.0,0.0,0.68,0.88,0.0,0.0,0.0,0.0,45.27,29.0,27.97,8.0,0.26,0.08,0.08,1.74,1.64,1.62,19.01,2.02,1.25,4.83,0.63,10.73,7.56,1.99,2.05,2.03,13.0,14.0,21.0,48.0,2.0,0.0,0.0,6.0,0.0,12.0,7.0,11.0,25.0,7.0,14.0,35.0,30.0,4.0,14.0,18.0,6.0,3.0,0.55,0.7,0.76,0.0,0.0,2.0,49.27,27.0,26.88,8.0,0.26,0.0,0.0,2.28,2.32,2.29
84768538479442,2025,Rielly-Stecher,TOR,pairing,5on5,19,2143.0,148.0,0.57,0.55,0.53,17.87,1.75,1.18,4.74,0.6,9.21,6.52,1.61,1.73,1.6,16.0,8.0,10.0,34.0,2.0,3.0,0.0,3.0,0.0,5.0,11.0,14.0,22.0,1.0,2.0,11.0,14.0,3.0,8.0,13.0,9.0,2.0,0.27,0.94,0.55,0.0,2.0,0.0,33.49,24.0,24.12,5.0,0.24,0.65,0.65,1.35,1.36,1.3,15.53,1.32,1.0,4.03,0.51,8.16,5.96,1.2,1.34,1.22,13.0,8.0,7.0,28.0,1.0,1.0,0.0,4.0,2.0,3.0,10.0,12.0,20.0,5.0,10.0,15.0,13.0,2.0,13.0,16.0,4.0,1.0,0.56,0.52,0.24,1.0,0.0,0.0,28.59,21.0,21.55,5.0,0.21,0.24,0.24,1.29,1.32,1.26
848074884826918483395,2025,Sherwood-Raty-Bains,VAN,line,5on5,4,1060.0,26.0,0.72,0.53,0.55,8.29,0.68,0.45,2.63,0.3,4.02,2.92,0.64,0.63,0.59,7.0,4.0,5.0,16.0,1.0,2.0,0.0,2.0,0.0,6.0,0.0,6.0,10.0,0.0,0.0,6.0,21.0,3.0,11.0,8.0,2.0,1.0,0.25,0.22,0.21,1.0,0.0,0.0,14.83,11.0,10.21,2.0,0.09,0.3,0.3,0.48,0.44,0.42,6.27,0.27,0.28,1.9,0.21,3.67,2.67,0.27,0.28,0.28,7.0,2.0,5.0,14.0,0.0,0.0,0.0,0.0,0.0,3.0,6.0,7.0,9.0,0.0,0.0,6.0,12.0,3.0,3.0,8.0,1.0,0.0,0.17,0.1,0.0,0.0,0.0,0.0,14.75,9.0,9.47,2.0,0.06,0.0,0.0,0.33,0.34,0.34
848020884808018482116,2025,Tkachuk-Sttzle-Batherson,OTT,line,5on5,10,619.0,117.0,0.7,0.63,0.64,5.26,0.77,0.26,1.28,0.16,2.42,2.12,0.74,0.72,0.7,3.0,4.0,5.0,12.0,0.0,1.0,0.0,0.0,0.0,2.0,4.0,3.0,7.0,1.0,2.0,6.0,3.0,0.0,4.0,5.0,1.0,1.0,0.09,0.16,0.51,0.0,0.0,0.0,11.39,7.0,6.68,1.0,0.06,0.51,0.51,0.31,0.29,0.29,2.76,0.32,0.21,0.53,0.09,1.58,1.26,0.32,0.34,0.34,2.0,2.0,3.0,7.0,1.0,0.0,0.0,0.0,0.0,1.0,2.0,1.0,3.0,2.0,4.0,4.0,3.0,0.0,3.0,3.0,1.0,0.0,0.18,0.14,0.0,0.0,1.0,0.0,7.86,4.0,4.39,1.0,0.04,0.0,0.0,0.37,0.39,0.38
84834608484798,2025,Buium-Jiricek,MIN,pairing,5on5,11,3319.0,59.0,0.47,0.49,0.46,30.73,3.28,2.08,7.96,1.04,15.63,11.01,3.17,3.17,3.08,30.0,11.0,16.0,57.0,2.0,5.0,0.0,6.0,0.0,14.0,14.0,28.0,39.0,1.0,2.0,18.0,24.0,7.0,16.0,27.0,9.0,5.0,0.64,1.38,1.26,1.0,0.0,1.0,54.75,41.0,39.99,9.0,0.43,0.98,0.98,2.73,2.64,2.62,35.6,3.66,2.53,8.97,1.18,18.07,13.6,3.54,3.86,3.73,33.0,15.0,11.0,59.0,4.0,4.0,0.0,4.0,0.0,17.0,19.0,29.0,44.0,7.0,14.0,27.0,26.0,4.0,15.0,31.0,11.0,6.0,0.77,1.41,1.48,2.0,0.0,2.0,60.75,48.0,49.27,10.0,0.53,0.8,0.8,3.39,3.56,3.51
847572684788748480848,2025,Toffoli-Dellandrea-Gaudette,SJS,line,5on5,3,1274.0,23.0,0.61,0.6,0.67,13.22,0.78,0.77,3.48,0.41,7.26,5.3,0.74,0.81,0.77,10.0,8.0,7.0,25.0,0.0,2.0,0.0,1.0,0.0,10.0,5.0,10.0,18.0,0.0,0.0,11.0,17.0,2.0,7.0,14.0,3.0,1.0,0.26,0.31,0.21,0.0,0.0,0.0,25.03,18.0,18.19,6.0,0.16,0.14,0.14,0.8,0.82,0.78,6.7,0.51,0.53,1.53,0.19,3.78,2.46,0.51,0.5,0.5,6.0,3.0,8.0,17.0,1.0,0.0,0.0,2.0,0.0,3.0,3.0,5.0,8.0,1.0,2.0,13.0,5.0,1.0,4.0,6.0,3.0,0.0,0.17,0.34,0.0,0.0,1.0,0.0,16.54,9.0,8.78,2.0,0.11,0.0,0.0,0.62,0.61,0.61
847519184793538483890,2025,Bowman-Howden-Smith,VGK,line,5on5,8,2503.0,58.0,0.62,0.47,0.4,16.42,2.41,1.19,3.82,0.61,7.59,5.39,2.29,2.4,2.29,11.0,10.0,11.0,32.0,3.0,2.0,0.0,3.0,0.0,7.0,6.0,8.0,18.0,2.0,4.0,20.0,17.0,6.0,17.0,10.0,6.0,5.0,0.38,0.8,1.23,1.0,2.0,0.0,32.19,21.0,21.38,9.0,0.25,0.46,0.46,2.2,2.19,2.18,21.54,1.49,1.4,4.85,0.72,13.13,9.41,1.46,1.52,1.49,16.0,15.0,5.0,36.0,6.0,1.0,0.0,3.0,0.0,13.0,8.0,10.0,25.0,2.0,4.0,22.0,17.0,4.0,8.0,23.0,8.0,0.0,0.59,0.9,0.0,4.0,2.0,0.0,36.9,31.0,31.65,4.0,0.28,0.19,0.19,1.59,1.63,1.62
84821008482911,2025,Nikishin-Nystrom,CAR,pairing,5on5,25,8265.0,145.0,0.48,0.59,0.55,74.12,6.05,4.49,19.51,2.52,40.78,29.65,5.77,5.94,5.67,66.0,37.0,53.0,156.0,5.0,9.0,0.0,19.0,0.0,44.0,26.0,61.0,98.0,5.0,10.0,61.0,63.0,8.0,40.0,83.0,13.0,7.0,2.46,1.49,2.1,4.0,1.0,0.0,156.45,103.0,102.93,22.0,0.93,2.16,1.94,5.04,4.98,4.88,63.46,6.5,4.04,15.12,2.09,31.36,23.89,6.08,6.48,6.07,53.0,30.0,26.0,109.0,5.0,7.0,1.0,16.0,0.0,26.0,29.0,48.0,78.0,8.0,16.0,74.0,76.0,8.0,36.0,54.0,22.0,7.0,1.83,2.58,2.09,1.0,2.0,2.0,107.63,83.0,82.54,22.0,0.85,1.79,1.79,5.56,5.61,5.45
847578484807988484801,2025,Skinner-Celebrini-Kurashev,SJS,line,5on5,1,686.0,2.0,0.28,0.43,0.42,3.29,0.25,0.25,0.74,0.13,2.04,1.59,0.25,0.25,0.25,5.0,0.0,1.0,6.0,1.0,0.0,0.0,0.0,0.0,1.0,3.0,4.0,4.0,1.0,2.0,3.0,4.0,1.0,5.0,4.0,1.0,0.0,0.15,0.09,0.0,1.0,0.0,0.0,5.94,5.0,4.93,1.0,0.05,0.0,0.0,0.29,0.29,0.29,5.22,0.65,0.37,1.34,0.16,2.67,1.83,0.65,0.64,0.63,4.0,3.0,1.0,8.0,1.0,0.0,0.0,1.0,0.0,1.0,4.0,3.0,6.0,1.0,2.0,3.0,4.0,1.0,4.0,5.0,0.0,2.0,0.2,0.0,0.45,0.0,0.0,1.0,8.13,7.0,7.04,2.0,0.08,0.0,0.0,0.73,0.71,0.71
847516684757148477939,2025,Jarnkrok-Tavares-Nylander,TOR,line,5on5,6,894.0,46.0,0.41,0.52,0.52,9.5,0.64,0.57,2.54,0.3,5.01,3.94,0.6,0.61,0.58,11.0,2.0,4.0,17.0,0.0,1.0,0.0,3.0,0.0,4.0,5.0,11.0,13.0,1.0,2.0,15.0,4.0,1.0,5.0,11.0,2.0,0.0,0.27,0.38,0.0,0.0,0.0,0.0,16.46,13.0,12.58,2.0,0.12,0.2,0.2,0.56,0.54,0.54,8.79,0.91,0.52,2.41,0.3,4.58,3.27,0.86,0.98,0.92,8.0,4.0,4.0,16.0,2.0,2.0,0.0,1.0,0.0,4.0,3.0,6.0,10.0,1.0,2.0,6.0,6.0,0.0,3.0,8.0,2.0,2.0,0.19,0.25,0.47,1.0,0.0,1.0,16.82,12.0,12.68,1.0,0.11,0.27,0.27,0.75,0.8,0.78
84815638483490,2025,Mintyukov-Helleson,ANA,pairing,5on5,30,9928.0,165.0,0.46,0.47,0.47,77.2,6.93,4.79,20.6,2.69,41.81,30.17,6.73,6.88,6.69,69.0,38.0,40.0,147.0,9.0,6.0,0.0,14.0,0.0,40.0,38.0,60.0,98.0,7.0,14.0,71.0,50.0,11.0,48.0,82.0,17.0,8.0,2.43,2.21,2.29,5.0,4.0,0.0,146.92,107.0,106.91,20.0,0.99,1.42,1.68,6.24,6.25,6.17,89.24,8.3,5.77,21.06,2.77,47.85,35.25,7.79,8.46,7.93,83.0,38.0,46.0,167.0,8.0,5.0,1.0,13.0,0.0,44.0,51.0,75.0,113.0,7.0,14.0,81.0,58.0,14.0,52.0,83.0,30.0,8.0,2.44,3.69,2.16,4.0,2.0,2.0,170.62,121.0,123.48,31.0,1.2,1.25,1.25,8.25,8.38,8.07
847531484764198477494,2025,Lee-Pageau-Drouin,NYI,line,5on5,3,776.0,19.0,0.67,0.68,0.65,10.49,1.09,0.81,2.68,0.42,5.98,4.03,1.01,1.18,1.09,7.0,8.0,6.0,21.0,0.0,4.0,0.0,3.0,0.0,3.0,5.0,7.0,15.0,0.0,0.0,7.0,4.0,0.0,3.0,10.0,4.0,1.0,0.29,0.46,0.34,0.0,0.0,0.0,22.73,15.0,16.27,2.0,0.16,0.65,0.65,0.61,0.66,0.62,5.86,0.53,0.41,1.25,0.18,3.37,2.26,0.53,0.49,0.49,6.0,2.0,2.0,10.0,0.0,0.0,0.0,2.0,0.0,2.0,4.0,6.0,8.0,1.0,2.0,4.0,4.0,1.0,3.0,5.0,2.0,1.0,0.16,0.17,0.2,0.0,0.0,0.0,9.18,8.0,7.41,1.0,0.09,0.0,0.0,0.62,0.57,0.57
84768538481567,2025,Rielly-Thrun,TOR,pairing,5on5,4,847.0,23.0,0.46,0.47,0.53,6.14,0.31,0.3,1.6,0.2,3.05,2.55,0.3,0.29,0.29,8.0,0.0,1.0,9.0,0.0,0.0,0.0,3.0,0.0,2.0,3.0,8.0,8.0,0.0,0.0,4.0,5.0,1.0,2.0,7.0,1.0,0.0,0.21,0.1,0.0,0.0,0.0,0.0,8.41,8.0,7.51,1.0,0.06,0.0,0.0,0.37,0.35,0.35,5.06,0.36,0.35,1.17,0.14,2.91,2.07,0.36,0.37,0.37,5.0,2.0,3.0,10.0,0.0,0.0,0.0,2.0,0.0,2.0,3.0,5.0,7.0,0.0,0.0,8.0,5.0,1.0,1.0,5.0,2.0,0.0,0.16,0.2,0.0,0.0,0.0,0.0,10.96,7.0,7.46,1.0,0.07,0.0,0.0,0.43,0.44,0.44
847514984788648482079,2025,Johansson-Rossi-Kaprizov,MIN,line,5on5,9,4637.0,35.0,0.46,0.48,0.47,33.24,2.74,2.2,8.47,1.05,18.41,13.12,2.64,2.67,2.57,30.0,16.0,15.0,61.0,3.0,2.0,0.0,7.0,0.0,17.0,17.0,27.0,43.0,2.0,4.0,39.0,21.0,4.0,28.0,37.0,5.0,4.0,0.95,0.72,1.07,2.0,0.0,1.0,59.2,46.0,45.03,14.0,0.46,0.59,0.59,2.61,2.54,2.48,36.75,3.26,2.45,9.42,1.2,20.18,14.49,3.15,3.45,3.34,33.0,18.0,15.0,66.0,4.0,2.0,1.0,9.0,0.0,17.0,19.0,29.0,47.0,3.0,6.0,47.0,20.0,9.0,20.0,39.0,10.0,2.0,1.19,1.25,0.82,2.0,1.0,1.0,69.58,51.0,53.69,12.0,0.51,0.82,0.82,2.95,3.11,3.06
847418984763938480245,2025,Cousins-Eller-Lycksell,OTT,line,5on5,4,1292.0,16.0,0.72,0.54,0.57,9.12,0.65,0.47,2.71,0.31,4.45,3.4,0.62,0.64,0.61,9.0,3.0,9.0,21.0,1.0,1.0,0.0,2.0,0.0,5.0,3.0,8.0,11.0,0.0,0.0,10.0,5.0,3.0,7.0,8.0,4.0,0.0,0.16,0.5,0.0,0.0,1.0,0.0,20.22,12.0,11.64,2.0,0.1,0.14,0.14,0.61,0.6,0.58,6.41,0.25,0.38,1.64,0.2,3.8,2.73,0.25,0.25,0.25,7.0,2.0,9.0,18.0,0.0,0.0,0.0,1.0,0.0,4.0,4.0,7.0,9.0,4.0,8.0,10.0,12.0,4.0,3.0,9.0,0.0,0.0,0.25,0.0,0.0,0.0,0.0,0.0,18.08,9.0,8.84,3.0,0.07,0.0,0.0,0.32,0.32,0.32
847843984800158481533,2025,Konecny-Zegras-Tippett,PHI,line,5on5,3,758.0,19.0,0.56,0.5,0.53,6.01,0.36,0.41,1.7,0.19,3.18,2.16,0.35,0.36,0.36,6.0,2.0,1.0,9.0,0.0,1.0,0.0,1.0,0.0,5.0,1.0,6.0,8.0,0.0,0.0,5.0,1.0,3.0,5.0,6.0,2.0,0.0,0.11,0.25,0.0,0.0,0.0,0.0,9.04,8.0,8.06,2.0,0.08,0.17,0.17,0.28,0.28,0.28,5.14,0.28,0.26,1.3,0.15,2.97,2.03,0.28,0.28,0.28,7.0,0.0,2.0,9.0,0.0,0.0,0.0,2.0,0.0,0.0,5.0,7.0,7.0,1.0,2.0,7.0,6.0,0.0,6.0,6.0,1.0,0.0,0.19,0.09,0.0,0.0,0.0,0.0,8.95,7.0,7.0,4.0,0.05,0.0,0.0,0.34,0.33,0.33
84810068482516,2025,Tucker-Kessel,STL,pairing,5on5,13,6079.0,45.0,0.48,0.47,0.49,45.02,3.68,2.86,10.87,1.52,26.35,18.72,3.53,3.76,3.61,38.0,26.0,20.0,84.0,2.0,4.0,0.0,10.0,0.0,24.0,24.0,36.0,62.0,11.0,33.0,38.0,75.0,4.0,21.0,48.0,13.0,3.0,1.28,1.55,0.85,2.0,0.0,0.0,84.76,64.0,64.97,14.0,0.58,0.69,0.69,3.58,3.68,3.6,48.42,4.06,3.08,12.29,1.59,26.41,19.58,3.92,3.99,3.85,45.0,22.0,26.0,93.0,4.0,3.0,1.0,15.0,0.0,27.0,18.0,41.0,63.0,9.0,27.0,49.0,43.0,8.0,27.0,50.0,14.0,3.0,1.33,1.79,0.94,2.0,1.0,1.0,94.58,67.0,66.85,16.0,0.64,0.68,0.68,4.02,3.94,3.84
84768548477507,2025,Zadorov-Lindholm,BOS,pairing,5on5,25,2078.0,200.0,0.4,0.39,0.4,13.55,1.3,0.86,3.1,0.46,7.34,5.94,1.25,1.34,1.28,12.0,7.0,6.0,25.0,1.0,0.0,0.0,2.0,0.0,7.0,9.0,11.0,18.0,3.0,6.0,7.0,14.0,6.0,7.0,14.0,4.0,1.0,0.52,0.41,0.36,0.0,0.0,1.0,24.71,19.0,18.79,3.0,0.18,0.0,0.0,1.48,1.51,1.45,20.48,1.99,1.34,4.83,0.65,11.07,8.12,1.87,2.0,1.88,19.0,9.0,11.0,39.0,2.0,2.0,0.0,6.0,0.0,10.0,8.0,17.0,26.0,1.0,2.0,9.0,10.0,2.0,5.0,18.0,9.0,1.0,0.54,1.07,0.38,1.0,1.0,0.0,38.35,28.0,27.54,2.0,0.28,0.53,0.53,1.74,1.75,1.68
84757558483425,2025,Bichsel-Petrovic,DAL,pairing,5on5,24,16177.0,54.0,0.43,0.41,0.4,92.51,9.93,6.42,21.4,3.03,49.68,35.54,9.43,10.15,9.65,93.0,33.0,56.0,182.0,12.0,13.0,1.0,14.0,0.0,50.0,37.0,81.0,114.0,18.0,47.0,100.0,165.0,23.0,69.0,81.0,36.0,9.0,2.62,4.62,2.7,4.0,8.0,0.0,185.21,126.0,128.36,34.0,1.32,2.74,2.74,8.51,8.68,8.5,139.72,13.25,9.02,36.84,4.71,71.83,52.35,12.72,13.32,12.81,124.0,64.0,74.0,262.0,8.0,17.0,1.0,29.0,0.0,74.0,60.0,116.0,180.0,14.0,36.0,109.0,144.0,29.0,86.0,137.0,32.0,19.0,4.1,4.11,5.03,2.0,4.0,2.0,262.03,188.0,189.12,43.0,1.88,3.7,3.7,11.42,11.54,11.35
847794284779608482124,2025,Fiala-Byfield-Kempe,LAK,line,5on5,20,5098.0,164.0,0.4,0.49,0.49,30.95,2.25,2.03,7.77,1.02,17.95,12.99,2.23,2.21,2.19,31.0,13.0,25.0,69.0,2.0,1.0,0.0,7.0,0.0,13.0,21.0,29.0,42.0,6.0,12.0,30.0,18.0,3.0,24.0,36.0,8.0,0.0,1.14,1.11,0.0,2.0,0.0,0.0,67.58,44.0,42.9,13.0,0.42,0.18,0.18,2.49,2.46,2.45,33.02,3.39,2.3,7.84,1.14,17.41,12.93,3.25,3.32,3.19,32.0,13.0,28.0,73.0,4.0,4.0,1.0,6.0,0.0,17.0,14.0,28.0,41.0,4.0,8.0,35.0,26.0,6.0,20.0,30.0,11.0,4.0,0.88,1.52,0.98,1.0,2.0,1.0,73.24,45.0,44.89,7.0,0.48,0.83,0.83,3.04,3.0,2.98
847569284774518478864,2025,Kaprizov-Hartman-Zuccarello,MIN,line,5on5,15,4748.0,88.0,0.62,0.49,0.51,42.8,4.6,2.94,9.83,1.41,21.95,17.26,4.39,4.54,4.35,37.0,21.0,16.0,74.0,2.0,4.0,1.0,5.0,0.0,29.0,18.0,35.0,56.0,8.0,16.0,34.0,26.0,6.0,26.0,37.0,17.0,4.0,1.31,2.31,0.98,0.0,1.0,1.0,74.45,58.0,58.46,8.0,0.62,0.78,0.78,4.43,4.39,4.3,37.54,2.78,2.51,9.5,1.37,22.68,16.15,2.73,2.71,2.65,35.0,20.0,22.0,77.0,1.0,3.0,0.0,7.0,0.0,24.0,20.0,34.0,54.0,8.0,16.0,48.0,28.0,5.0,23.0,43.0,11.0,1.0,1.34,1.14,0.31,1.0,0.0,0.0,76.46,55.0,54.03,17.0,0.52,0.43,0.43,2.87,2.81,2.76
84785008483485,2025,Provorov-Mateychuk,CBJ,pairing,5on5,30,2002.0,217.0,0.48,0.51,0.55,16.48,0.88,0.86,4.23,0.54,9.05,7.44,0.87,0.88,0.87,17.0,6.0,4.0,27.0,2.0,3.0,0.0,4.0,0.0,4.0,10.0,15.0,21.0,2.0,4.0,7.0,7.0,2.0,5.0,19.0,4.0,0.0,0.47,0.42,0.0,1.0,1.0,0.0,27.0,23.0,22.83,3.0,0.17,0.73,0.0,1.06,1.05,1.04,14.17,0.95,0.84,3.43,0.44,7.35,6.0,0.94,0.9,0.89,9.0,10.0,7.0,26.0,1.0,0.0,0.0,2.0,1.0,7.0,8.0,8.0,18.0,0.0,0.0,6.0,9.0,0.0,8.0,15.0,4.0,0.0,0.42,0.53,0.0,1.0,0.0,0.0,24.9,19.0,18.16,3.0,0.18,0.0,0.0,1.12,1.07,1.06
847846384815808484186,2025,Beauvillier-Mcmichael-Leonard,WSH,line,5on5,9,950.0,83.0,0.56,0.52,0.5,7.57,1.08,0.49,1.8,0.22,3.74,2.67,0.98,1.16,1.05,6.0,4.0,6.0,16.0,0.0,1.0,0.0,2.0,0.0,3.0,4.0,6.0,10.0,0.0,0.0,3.0,6.0,2.0,2.0,6.0,2.0,2.0,0.14,0.26,0.68,0.0,0.0,0.0,16.83,10.0,10.46,1.0,0.1,0.2,0.2,0.97,1.04,1.03,7.48,0.84,0.62,1.63,0.22,4.01,2.68,0.83,0.8,0.8,9.0,1.0,5.0,15.0,0.0,1.0,0.0,1.0,0.0,6.0,2.0,9.0,10.0,1.0,2.0,9.0,6.0,1.0,2.0,5.0,3.0,2.0,0.09,0.33,0.42,0.0,0.0,0.0,14.24,10.0,9.45,1.0,0.13,0.21,0.21,0.76,0.73,0.73
847795184788318479343,2025,Stenlund-Schmaltz-Keller,UTA,line,5on5,14,746.0,151.0,0.22,0.43,0.53,6.72,0.27,0.31,1.81,0.21,3.47,2.94,0.26,0.29,0.29,7.0,2.0,1.0,10.0,1.0,0.0,0.0,1.0,0.0,3.0,4.0,6.0,8.0,1.0,2.0,13.0,1.0,1.0,3.0,9.0,0.0,0.0,0.27,0.0,0.0,1.0,0.0,0.0,10.85,9.0,9.67,2.0,0.06,0.0,0.0,0.33,0.36,0.35,6.32,0.93,0.42,1.39,0.19,2.87,2.22,0.89,0.91,0.87,6.0,2.0,5.0,13.0,2.0,1.0,0.0,0.0,0.0,2.0,3.0,4.0,6.0,1.0,2.0,2.0,8.0,2.0,1.0,3.0,4.0,1.0,0.08,0.56,0.29,0.0,2.0,0.0,12.64,8.0,7.9,0.0,0.09,0.29,0.29,0.72,0.72,0.7
847645384774048478010,2025,Guentzel-Point-Kucherov,TBL,line,5on5,28,8075.0,138.0,0.43,0.51,0.51,73.84,5.37,4.4,18.03,2.35,41.69,30.16,5.27,5.36,5.27,65.0,37.0,33.0,135.0,9.0,1.0,0.0,23.0,0.0,39.0,30.0,56.0,93.0,6.0,17.0,68.0,21.0,6.0,36.0,79.0,21.0,2.0,2.45,2.44,0.48,4.0,4.0,1.0,135.78,102.0,102.5,13.0,0.9,0.26,0.26,6.01,6.02,5.91,74.42,7.14,4.63,18.49,2.41,38.61,28.73,6.65,7.17,6.71,73.0,27.0,29.0,129.0,8.0,11.0,2.0,12.0,0.0,27.0,42.0,65.0,92.0,9.0,21.0,63.0,41.0,14.0,34.0,72.0,20.0,8.0,2.02,2.46,2.66,3.0,2.0,3.0,128.86,100.0,99.96,11.0,0.96,2.88,2.88,5.21,5.32,5.23
847646184800158484387,2025,Michkov-Couturier-Tippett,PHI,line,5on5,15,3563.0,154.0,0.63,0.5,0.53,30.68,3.98,2.32,7.79,1.17,15.73,11.02,3.63,3.96,3.61,25.0,17.0,14.0,56.0,2.0,7.0,1.0,5.0,0.0,16.0,12.0,23.0,40.0,6.0,12.0,40.0,27.0,7.0,14.0,26.0,9.0,7.0,0.76,1.23,2.0,0.0,1.0,1.0,56.43,42.0,41.75,6.0,0.49,1.79,1.79,2.68,2.66,2.6,27.7,2.33,1.86,6.69,0.85,14.85,11.41,2.27,2.39,2.34,19.0,19.0,18.0,56.0,2.0,1.0,0.0,6.0,0.0,10.0,19.0,17.0,36.0,3.0,6.0,33.0,17.0,6.0,18.0,28.0,8.0,2.0,0.89,0.89,0.54,2.0,0.0,0.0,57.29,38.0,38.95,11.0,0.39,0.31,0.31,2.4,2.46,2.43
84784608478500,2025,Werenski-Provorov,CBJ,pairing,5on5,33,19588.0,127.0,0.48,0.49,0.47,173.89,15.75,11.04,45.55,5.72,89.4,67.55,14.84,15.87,14.97,148.0,87.0,95.0,330.0,18.0,23.0,2.0,32.0,0.0,91.0,71.0,130.0,217.0,26.0,57.0,181.0,91.0,31.0,100.0,175.0,40.0,20.0,5.21,5.28,5.26,8.0,6.0,4.0,332.19,235.0,236.26,52.0,2.32,4.02,3.8,14.27,14.4,14.03,192.66,17.4,12.22,48.42,6.44,103.38,75.14,16.65,17.17,16.45,168.0,95.0,80.0,343.0,16.0,20.0,0.0,43.0,1.0,105.0,78.0,152.0,247.0,16.0,35.0,195.0,119.0,21.0,83.0,196.0,47.0,20.0,5.97,5.96,5.47,12.0,3.0,1.0,340.9,263.0,260.63,42.0,2.55,4.18,4.18,15.77,15.63,15.27
847646884821098482157,2025,Lafrenire-Miller-Cuylle,NYR,line,5on5,4,1364.0,19.0,0.44,0.39,0.41,9.03,0.71,0.64,2.08,0.24,4.86,3.47,0.69,0.69,0.67,8.0,4.0,5.0,17.0,0.0,0.0,0.0,1.0,0.0,6.0,5.0,8.0,12.0,2.0,4.0,14.0,17.0,4.0,8.0,9.0,2.0,1.0,0.27,0.22,0.22,0.0,0.0,0.0,16.31,12.0,11.39,6.0,0.13,0.0,0.0,0.84,0.82,0.79,12.47,0.89,0.82,2.81,0.38,7.06,5.04,0.88,0.95,0.93,12.0,5.0,10.0,27.0,2.0,0.0,0.0,2.0,0.0,9.0,4.0,10.0,15.0,1.0,2.0,12.0,11.0,2.0,11.0,13.0,4.0,0.0,0.39,0.5,0.0,0.0,2.0,0.0,27.77,17.0,17.62,5.0,0.17,0.0,0.0,1.06,1.12,1.11
847645984821098482157,2025,Lafrenire-Zibanejad-Cuylle,NYR,line,5on5,9,2831.0,85.0,0.49,0.47,0.46,16.87,1.34,1.03,4.5,0.54,9.07,6.52,1.33,1.34,1.34,11.0,12.0,13.0,36.0,1.0,1.0,0.0,3.0,0.0,9.0,9.0,10.0,22.0,4.0,8.0,29.0,36.0,2.0,11.0,17.0,6.0,0.0,0.4,0.94,0.0,0.0,1.0,0.0,36.57,23.0,23.64,4.0,0.21,0.02,0.02,1.53,1.54,1.53,19.9,1.41,1.31,5.05,0.64,10.78,7.81,1.39,1.36,1.34,18.0,9.0,14.0,41.0,0.0,0.0,0.0,3.0,0.0,12.0,12.0,18.0,27.0,2.0,4.0,27.0,18.0,6.0,16.0,21.0,6.0,0.0,0.78,0.63,0.0,0.0,0.0,0.0,40.09,27.0,26.06,4.0,0.27,0.0,0.0,1.68,1.62,1.6
84763728477499,2025,Seeler-Ristolainen,PHI,pairing,5on5,8,5889.0,19.0,0.41,0.45,0.46,42.8,3.5,2.77,10.49,1.53,23.49,17.23,3.39,3.58,3.47,34.0,25.0,21.0,80.0,0.0,4.0,0.0,8.0,0.0,25.0,22.0,34.0,59.0,6.0,15.0,47.0,43.0,3.0,15.0,41.0,16.0,2.0,1.03,1.9,0.58,0.0,0.0,0.0,82.83,59.0,60.98,7.0,0.58,0.59,0.59,3.49,3.58,3.49,47.6,5.01,3.21,12.16,1.81,26.36,19.46,4.72,4.7,4.43,36.0,32.0,28.0,96.0,3.0,9.0,1.0,3.0,0.0,25.0,28.0,33.0,65.0,6.0,15.0,39.0,52.0,8.0,26.0,50.0,11.0,7.0,1.55,1.42,2.03,1.0,1.0,1.0,91.18,68.0,64.46,13.0,0.67,2.04,2.04,3.64,3.45,3.31
84751818475906,2025,Leddy-Klingberg,SJS,pairing,5on5,7,1948.0,42.0,0.18,0.3,0.27,11.47,0.68,0.69,3.33,0.4,5.91,4.0,0.67,0.68,0.68,10.0,5.0,6.0,21.0,1.0,0.0,0.0,1.0,0.0,5.0,8.0,9.0,14.0,2.0,4.0,17.0,10.0,2.0,15.0,13.0,1.0,1.0,0.29,0.18,0.21,0.0,0.0,1.0,20.98,15.0,15.19,11.0,0.14,0.0,0.0,0.82,0.82,0.81,28.96,3.07,2.05,7.04,1.08,15.33,11.43,2.79,3.08,2.8,27.0,13.0,9.0,49.0,5.0,5.0,0.0,5.0,0.0,13.0,12.0,22.0,35.0,2.0,4.0,18.0,11.0,1.0,13.0,27.0,10.0,3.0,0.77,1.56,0.73,3.0,1.0,1.0,48.12,40.0,39.16,6.0,0.42,1.08,1.08,2.4,2.42,2.38
847793484784028479365,2025,Frederic-Draisaitl-Mcdavid,EDM,line,5on5,8,1699.0,82.0,0.9,0.71,0.74,22.28,2.89,1.69,4.49,0.62,11.07,8.24,2.84,2.8,2.75,19.0,10.0,5.0,34.0,0.0,2.0,0.0,3.0,0.0,13.0,11.0,19.0,29.0,1.0,2.0,13.0,10.0,1.0,10.0,17.0,8.0,4.0,0.66,1.06,1.17,0.0,0.0,0.0,34.14,29.0,29.1,4.0,0.36,0.55,0.55,2.69,2.62,2.59,7.43,0.34,0.33,1.59,0.21,4.02,3.52,0.34,0.34,0.34,7.0,3.0,4.0,14.0,0.0,0.0,0.0,3.0,0.0,4.0,3.0,7.0,10.0,5.0,10.0,8.0,18.0,3.0,9.0,9.0,1.0,0.0,0.25,0.08,0.0,0.0,0.0,0.0,13.98,10.0,10.07,6.0,0.06,0.0,0.0,0.4,0.41,0.41
84773698478882,2025,Gavrikov-Soucy,NYR,pairing,5on5,29,2008.0,206.0,0.3,0.38,0.38,11.07,0.65,0.67,2.56,0.38,4.92,4.83,0.62,0.7,0.67,9.0,5.0,5.0,19.0,0.0,2.0,0.0,2.0,0.0,5.0,5.0,9.0,14.0,2.0,4.0,3.0,8.0,3.0,6.0,10.0,4.0,0.0,0.24,0.41,0.0,0.0,0.0,0.0,20.13,14.0,14.8,5.0,0.14,0.2,0.2,0.59,0.63,0.61,17.31,1.52,1.14,4.31,0.56,8.76,6.72,1.5,1.59,1.56,18.0,5.0,8.0,31.0,1.0,1.0,0.0,7.0,0.0,3.0,11.0,17.0,22.0,0.0,0.0,3.0,9.0,2.0,10.0,17.0,4.0,2.0,0.44,0.58,0.5,0.0,1.0,0.0,31.26,23.0,23.49,6.0,0.24,0.24,0.24,1.52,1.59,1.59
848001884800748481540,2025,Texier-Suzuki-Caufield,MTL,line,5on5,4,1708.0,16.0,0.63,0.58,0.62,18.88,1.74,1.14,4.14,0.54,8.8,7.64,1.65,1.79,1.69,18.0,6.0,8.0,32.0,3.0,1.0,0.0,3.0,0.0,6.0,11.0,15.0,21.0,3.0,6.0,18.0,8.0,1.0,16.0,16.0,5.0,3.0,0.43,0.45,0.86,1.0,2.0,0.0,32.52,24.0,24.23,10.0,0.24,0.23,0.23,1.75,1.8,1.76,11.5,1.02,0.88,2.92,0.41,5.82,3.95,0.97,0.99,0.95,10.0,5.0,8.0,23.0,1.0,2.0,0.0,4.0,0.0,7.0,1.0,9.0,14.0,2.0,4.0,15.0,13.0,2.0,6.0,8.0,7.0,0.0,0.3,0.72,0.0,1.0,0.0,0.0,23.09,15.0,14.84,4.0,0.19,0.26,0.26,0.94,0.92,0.9
847167584757638475810,2025,Rust-Crosby-Hayes,PIT,line,5on5,7,2679.0,57.0,0.56,0.57,0.58,27.15,2.77,1.72,6.01,0.89,14.57,11.04,2.68,2.87,2.77,23.0,14.0,6.0,43.0,4.0,2.0,0.0,5.0,2.0,8.0,16.0,19.0,33.0,3.0,6.0,34.0,17.0,0.0,16.0,22.0,13.0,2.0,0.56,1.65,0.56,1.0,3.0,0.0,43.72,37.0,37.67,7.0,0.36,0.49,0.49,2.64,2.72,2.67,20.16,2.16,1.47,4.52,0.71,10.51,7.64,2.06,2.12,2.02,21.0,6.0,6.0,33.0,3.0,3.0,0.0,5.0,0.0,9.0,7.0,18.0,24.0,2.0,4.0,24.0,12.0,1.0,16.0,16.0,10.0,1.0,0.53,1.29,0.34,1.0,2.0,0.0,32.75,27.0,26.87,8.0,0.3,0.57,0.57,1.89,1.86,1.85
847342284780438482172,2025,Slaggert-Foligno-Lafferty,CHI,line,5on5,2,637.0,7.0,0.48,0.56,0.58,4.58,0.28,0.3,1.08,0.15,3.12,2.06,0.28,0.27,0.27,5.0,2.0,2.0,9.0,2.0,0.0,0.0,0.0,0.0,3.0,2.0,3.0,5.0,0.0,0.0,2.0,13.0,1.0,4.0,6.0,1.0,0.0,0.18,0.1,0.0,2.0,0.0,0.0,8.84,7.0,7.01,1.0,0.06,0.0,0.0,0.34,0.33,0.33,3.7,0.31,0.25,1.1,0.12,1.89,1.33,0.3,0.31,0.3,1.0,4.0,2.0,7.0,0.0,0.0,0.0,0.0,0.0,3.0,2.0,1.0,5.0,0.0,0.0,6.0,4.0,0.0,4.0,3.0,2.0,0.0,0.04,0.27,0.0,0.0,0.0,0.0,6.82,5.0,4.82,2.0,0.05,0.0,0.0,0.36,0.36,0.36
847846284815828484158,2025,Robertson-Roy-Cowan,TOR,line,5on5,5,1382.0,46.0,0.58,0.57,0.65,14.04,1.07,0.93,3.36,0.47,8.22,5.94,1.06,1.02,1.01,9.0,11.0,5.0,25.0,0.0,1.0,0.0,0.0,0.0,8.0,11.0,9.0,20.0,0.0,0.0,8.0,11.0,1.0,6.0,16.0,3.0,1.0,0.43,0.37,0.27,0.0,0.0,0.0,24.61,20.0,19.59,2.0,0.19,0.27,0.27,0.99,0.96,0.96,8.03,0.77,0.57,2.02,0.26,4.19,3.2,0.75,0.81,0.79,9.0,2.0,8.0,19.0,0.0,1.0,0.0,2.0,0.0,5.0,3.0,9.0,11.0,3.0,6.0,10.0,9.0,4.0,10.0,7.0,3.0,1.0,0.2,0.34,0.23,0.0,0.0,0.0,20.15,11.0,11.52,4.0,0.12,0.23,0.23,0.66,0.71,0.68
847795184793438480849,2025,Schmaltz-Hayton-Keller,UTA,line,5on5,18,10860.0,48.0,0.61,0.6,0.61,97.37,9.07,6.3,24.07,3.22,52.16,38.18,8.79,9.14,8.86,96.0,37.0,43.0,176.0,9.0,13.0,0.0,15.0,0.0,41.0,55.0,87.0,124.0,9.0,18.0,98.0,11.0,10.0,60.0,98.0,25.0,10.0,3.18,3.15,2.74,5.0,3.0,1.0,176.98,133.0,134.03,23.0,1.3,2.63,2.63,7.74,7.82,7.68,64.82,5.7,3.97,15.25,2.01,32.62,25.46,5.55,5.77,5.62,56.0,29.0,33.0,118.0,8.0,3.0,1.0,10.0,0.0,34.0,30.0,48.0,77.0,7.0,14.0,111.0,63.0,19.0,59.0,56.0,24.0,5.0,1.49,2.82,1.39,3.0,4.0,1.0,119.34,85.0,85.49,27.0,0.82,0.4,0.4,6.12,6.19,6.09
847572284794208483468,2025,Zucker-Thompson-Kulich,BUF,line,5on5,6,633.0,77.0,0.54,0.53,0.52,11.07,1.08,0.68,3.66,0.46,5.34,3.77,0.95,1.12,0.99,12.0,3.0,4.0,19.0,0.0,3.0,0.0,7.0,0.0,3.0,2.0,12.0,15.0,1.0,2.0,5.0,5.0,0.0,2.0,12.0,1.0,2.0,0.31,0.14,0.64,0.0,0.0,0.0,19.14,15.0,14.96,1.0,0.14,0.67,0.67,0.56,0.57,0.53,10.13,0.91,0.84,2.56,0.37,5.24,4.07,0.9,0.92,0.91,12.0,2.0,3.0,17.0,2.0,1.0,0.0,1.0,0.0,6.0,4.0,10.0,12.0,1.0,2.0,7.0,5.0,1.0,3.0,11.0,2.0,1.0,0.24,0.36,0.31,1.0,0.0,1.0,17.16,14.0,14.05,1.0,0.18,0.2,0.2,0.9,0.91,0.9
847516684779398482720,2025,Knies-Tavares-Nylander,TOR,line,5on5,14,1633.0,140.0,0.51,0.38,0.41,13.6,1.46,1.19,2.86,0.36,6.59,4.54,1.43,1.43,1.4,12.0,5.0,5.0,22.0,4.0,0.0,0.0,1.0,0.0,6.0,6.0,8.0,13.0,2.0,4.0,17.0,6.0,4.0,7.0,8.0,8.0,1.0,0.2,0.94,0.31,0.0,3.0,1.0,22.05,17.0,17.02,4.0,0.25,0.0,0.0,1.7,1.67,1.64,17.01,1.42,1.14,4.16,0.59,9.35,7.35,1.4,1.47,1.45,15.0,9.0,12.0,36.0,1.0,2.0,0.0,3.0,0.0,10.0,8.0,14.0,23.0,1.0,2.0,5.0,11.0,2.0,9.0,18.0,5.0,1.0,0.53,0.66,0.22,0.0,1.0,0.0,36.38,24.0,24.17,2.0,0.23,0.34,0.34,1.32,1.36,1.35
847849384788648481557,2025,Boldy-Eriksson Ek-Kaprizov,MIN,line,5on5,38,7255.0,275.0,0.5,0.51,0.52,64.08,6.03,4.26,15.21,2.07,34.54,25.9,5.79,6.17,5.93,58.0,30.0,31.0,119.0,8.0,7.0,1.0,12.0,0.0,33.0,28.0,50.0,80.0,2.0,4.0,59.0,20.0,3.0,32.0,69.0,10.0,9.0,2.05,1.38,2.6,3.0,1.0,4.0,121.34,88.0,89.06,16.0,0.89,1.48,1.48,5.44,5.56,5.49,60.32,5.94,4.15,14.63,2.08,31.64,23.56,5.63,5.81,5.52,47.0,35.0,34.0,116.0,4.0,4.0,0.0,6.0,0.0,32.0,36.0,43.0,78.0,4.0,8.0,83.0,34.0,10.0,27.0,55.0,20.0,7.0,1.55,2.59,1.79,0.0,4.0,0.0,113.87,82.0,80.87,12.0,0.87,0.73,0.73,6.07,5.95,5.74
847578484808488482206,2025,Skinner-Dellandrea-Cardwell,SJS,line,5on5,6,2083.0,31.0,0.36,0.44,0.35,11.28,1.29,0.89,2.88,0.44,6.24,4.26,1.25,1.26,1.23,9.0,7.0,11.0,27.0,0.0,2.0,0.0,2.0,0.0,7.0,5.0,9.0,16.0,3.0,6.0,13.0,17.0,5.0,10.0,11.0,3.0,2.0,0.28,0.43,0.58,0.0,0.0,0.0,26.91,16.0,16.04,4.0,0.19,0.43,0.43,1.05,1.04,1.03,22.56,2.31,1.66,5.29,0.7,11.34,8.7,2.17,2.33,2.19,17.0,13.0,5.0,35.0,4.0,2.0,0.0,6.0,0.0,7.0,11.0,13.0,26.0,0.0,0.0,18.0,19.0,3.0,11.0,18.0,9.0,3.0,0.46,1.15,0.7,1.0,2.0,1.0,34.7,30.0,29.56,4.0,0.35,0.4,0.4,2.27,2.29,2.2
847687384807628480830,2025,Robinson-Jankowski-Svechnikov,CAR,line,5on5,4,679.0,29.0,0.65,0.68,0.75,10.74,0.8,0.75,2.59,0.37,6.22,4.29,0.77,0.89,0.86,9.0,6.0,2.0,17.0,1.0,1.0,0.0,3.0,0.0,8.0,2.0,8.0,14.0,1.0,2.0,8.0,3.0,0.0,3.0,13.0,1.0,1.0,0.49,0.1,0.21,1.0,0.0,0.0,19.2,15.0,16.63,2.0,0.16,0.02,0.02,0.93,1.04,1.0,3.8,0.43,0.32,0.86,0.13,1.94,1.33,0.42,0.39,0.39,2.0,3.0,3.0,8.0,1.0,0.0,0.0,0.0,0.0,1.0,3.0,1.0,4.0,0.0,0.0,6.0,6.0,1.0,1.0,2.0,3.0,0.0,0.05,0.38,0.0,1.0,0.0,0.0,7.25,5.0,4.58,0.0,0.07,0.0,0.0,0.49,0.45,0.45
848022084815538483733,2025,Brink-Cates-Grebenkin,PHI,line,5on5,13,3236.0,119.0,0.28,0.43,0.39,15.79,1.1,1.03,3.78,0.49,9.25,6.35,1.09,1.07,1.06,17.0,5.0,16.0,38.0,2.0,0.0,0.0,5.0,0.0,7.0,8.0,15.0,20.0,1.0,2.0,21.0,23.0,7.0,11.0,17.0,5.0,0.0,0.51,0.6,0.0,1.0,1.0,0.0,37.49,22.0,21.63,6.0,0.21,0.0,0.0,1.31,1.28,1.26,26.54,2.79,1.67,6.82,0.82,13.17,9.72,2.61,2.8,2.64,25.0,10.0,15.0,50.0,1.0,3.0,0.0,5.0,0.0,12.0,14.0,24.0,34.0,1.0,2.0,19.0,29.0,6.0,17.0,22.0,10.0,3.0,0.63,1.11,1.05,1.0,0.0,0.0,49.91,35.0,35.49,9.0,0.35,1.01,1.01,2.13,2.17,2.11
847517284826798484860,2025,Gridin-Kadri-Coronato,CGY,line,5on5,4,2138.0,8.0,0.38,0.47,0.46,15.94,1.06,0.97,4.3,0.57,8.33,6.77,1.05,1.04,1.03,12.0,10.0,14.0,36.0,2.0,1.0,0.0,1.0,0.0,9.0,9.0,10.0,20.0,1.0,2.0,15.0,3.0,8.0,13.0,18.0,4.0,0.0,0.59,0.47,0.0,2.0,0.0,0.0,35.13,22.0,21.83,10.0,0.21,0.15,0.15,1.12,1.09,1.08,19.88,1.75,1.23,5.3,0.62,9.55,7.54,1.73,1.77,1.74,22.0,4.0,14.0,40.0,4.0,3.0,1.0,7.0,0.0,3.0,9.0,18.0,22.0,1.0,2.0,30.0,20.0,4.0,7.0,19.0,4.0,3.0,0.48,0.55,0.73,2.0,1.0,1.0,40.15,26.0,25.98,4.0,0.26,0.58,0.58,1.44,1.45,1.44
847688284816248483450,2025,Teravainen-Greene-Mikheyev,CHI,line,5on5,9,1620.0,113.0,0.14,0.26,0.21,5.12,0.31,0.27,1.44,0.15,2.85,1.98,0.31,0.29,0.29,6.0,1.0,4.0,11.0,0.0,0.0,0.0,3.0,0.0,1.0,3.0,6.0,7.0,1.0,2.0,12.0,8.0,0.0,12.0,6.0,0.0,1.0,0.08,0.0,0.23,0.0,0.0,0.0,11.11,7.0,7.01,8.0,0.06,0.0,0.0,0.37,0.35,0.35,20.6,1.92,1.35,4.84,0.63,10.24,8.02,1.9,1.86,1.84,17.0,10.0,4.0,31.0,0.0,1.0,0.0,6.0,0.0,4.0,16.0,17.0,27.0,0.0,0.0,16.0,5.0,5.0,8.0,19.0,5.0,3.0,0.45,0.68,0.79,0.0,0.0,0.0,29.31,27.0,25.41,5.0,0.29,0.16,0.16,2.04,1.97,1.96
847687384808298484203,2025,Nadeau-Jankowski-Kotkaniemi,CAR,line,5on5,7,2948.0,27.0,0.43,0.56,0.57,25.77,1.54,1.42,7.94,0.88,14.13,10.08,1.51,1.59,1.56,18.0,18.0,15.0,51.0,2.0,1.0,0.0,8.0,0.0,12.0,13.0,16.0,34.0,4.0,8.0,37.0,25.0,1.0,15.0,31.0,4.0,1.0,0.91,0.42,0.21,2.0,0.0,0.0,53.51,36.0,37.68,8.0,0.3,0.13,0.13,1.7,1.76,1.74,20.22,2.03,1.46,4.78,0.73,10.15,7.84,1.87,2.0,1.85,19.0,8.0,13.0,40.0,1.0,3.0,0.0,5.0,0.0,8.0,10.0,18.0,26.0,4.0,8.0,35.0,36.0,2.0,15.0,17.0,8.0,2.0,0.41,0.92,0.69,0.0,1.0,0.0,38.47,27.0,26.4,12.0,0.3,0.81,0.81,1.52,1.53,1.46
84794258484798,2025,Buium-Hronek,VAN,pairing,5on5,8,1674.0,49.0,0.3,0.42,0.41,10.18,0.86,0.66,2.47,0.36,5.13,4.52,0.8,0.86,0.8,8.0,6.0,6.0,20.0,0.0,1.0,0.0,0.0,0.0,6.0,7.0,8.0,14.0,2.0,4.0,12.0,10.0,2.0,8.0,9.0,5.0,0.0,0.14,0.72,0.0,0.0,0.0,0.0,19.86,14.0,13.51,2.0,0.14,0.12,0.12,0.87,0.87,0.82,15.35,2.03,1.13,3.47,0.49,7.68,5.21,1.89,2.1,1.95,15.0,5.0,8.0,28.0,2.0,2.0,1.0,2.0,0.0,7.0,7.0,13.0,18.0,3.0,6.0,15.0,8.0,1.0,7.0,11.0,4.0,5.0,0.42,0.45,1.16,0.0,0.0,2.0,29.76,20.0,21.16,3.0,0.24,0.48,0.48,1.78,1.86,1.83
84751818482166,2025,Mukhamadullin-Leddy,SJS,pairing,5on5,4,877.0,27.0,0.36,0.39,0.4,5.86,0.34,0.3,1.68,0.21,3.17,2.3,0.34,0.35,0.35,6.0,2.0,3.0,11.0,0.0,0.0,0.0,1.0,0.0,3.0,4.0,6.0,8.0,0.0,0.0,4.0,7.0,3.0,6.0,7.0,1.0,0.0,0.17,0.17,0.0,0.0,0.0,0.0,11.31,8.0,8.11,2.0,0.06,0.0,0.0,0.4,0.41,0.41,8.34,0.6,0.58,1.91,0.26,5.18,3.47,0.59,0.59,0.59,8.0,4.0,5.0,17.0,1.0,1.0,0.0,2.0,0.0,5.0,3.0,7.0,11.0,0.0,0.0,12.0,1.0,0.0,2.0,10.0,2.0,0.0,0.4,0.2,0.0,1.0,0.0,0.0,17.35,12.0,12.01,0.0,0.12,0.12,0.12,0.6,0.59,0.59
847645584774928477501,2025,Mackinnon-Landeskog-Nichushkin,COL,line,5on5,10,1024.0,91.0,0.68,0.76,0.79,15.45,1.51,1.22,3.66,0.53,9.03,6.04,1.47,1.57,1.52,13.0,9.0,6.0,28.0,0.0,3.0,0.0,3.0,0.0,8.0,8.0,13.0,22.0,0.0,0.0,8.0,4.0,2.0,4.0,16.0,5.0,1.0,0.54,0.7,0.28,0.0,0.0,0.0,29.76,22.0,23.46,3.0,0.25,0.55,0.55,1.22,1.25,1.24,4.78,0.71,0.32,1.11,0.13,2.15,1.58,0.69,0.72,0.69,4.0,2.0,3.0,9.0,1.0,1.0,0.0,0.0,0.0,2.0,2.0,3.0,5.0,3.0,6.0,6.0,2.0,0.0,5.0,4.0,0.0,2.0,0.1,0.0,0.62,0.0,0.0,1.0,8.79,6.0,5.87,2.0,0.07,0.38,0.38,0.4,0.4,0.4
847931884817118482720,2025,Maccelli-Matthews-Knies,TOR,line,5on5,3,1372.0,10.0,0.49,0.48,0.55,12.18,1.2,0.91,2.53,0.39,6.24,4.72,1.18,1.24,1.22,11.0,5.0,5.0,21.0,1.0,0.0,0.0,2.0,0.0,5.0,8.0,10.0,15.0,1.0,2.0,10.0,12.0,0.0,7.0,8.0,8.0,0.0,0.23,0.97,0.0,1.0,0.0,0.0,21.5,16.0,16.82,4.0,0.19,0.0,0.0,1.4,1.44,1.41,9.86,1.25,0.75,2.29,0.3,4.8,3.6,1.21,1.21,1.18,10.0,3.0,10.0,23.0,0.0,1.0,0.0,0.0,0.0,4.0,8.0,10.0,13.0,0.0,0.0,13.0,15.0,3.0,6.0,8.0,3.0,2.0,0.26,0.41,0.58,0.0,0.0,0.0,22.28,13.0,12.42,4.0,0.16,0.35,0.35,1.06,1.04,1.04
84779698484240,2025,Pettersson-Willander,VAN,pairing,5on5,28,8522.0,144.0,0.43,0.43,0.41,57.23,4.89,3.77,14.39,1.93,30.85,23.17,4.74,4.91,4.75,50.0,29.0,34.0,113.0,6.0,8.0,1.0,8.0,0.0,26.0,31.0,44.0,73.0,16.0,35.0,62.0,53.0,6.0,40.0,58.0,17.0,4.0,1.5,2.12,1.27,3.0,3.0,0.0,111.41,79.0,78.08,17.0,0.78,1.58,1.58,4.08,4.07,3.98,82.23,6.37,5.21,21.16,2.77,45.93,33.56,6.14,6.44,6.21,79.0,36.0,33.0,148.0,6.0,7.0,0.0,17.0,0.0,44.0,41.0,73.0,109.0,7.0,17.0,75.0,59.0,9.0,30.0,93.0,17.0,5.0,2.67,2.33,1.37,5.0,1.0,0.0,148.48,115.0,115.53,11.0,1.08,1.42,1.42,6.02,6.06,5.94
84773468484768,2025,Weegar-Parekh,CGY,pairing,5on5,7,757.0,45.0,0.13,0.41,0.36,3.67,0.13,0.2,0.81,0.09,2.27,1.49,0.13,0.13,0.13,4.0,1.0,2.0,7.0,0.0,0.0,0.0,1.0,0.0,2.0,2.0,4.0,5.0,1.0,2.0,8.0,1.0,1.0,1.0,5.0,0.0,0.0,0.13,0.0,0.0,0.0,0.0,0.0,6.46,5.0,4.74,1.0,0.04,0.0,0.0,0.17,0.16,0.16,7.06,0.89,0.45,1.75,0.22,3.36,2.33,0.84,0.93,0.88,6.0,3.0,1.0,10.0,0.0,1.0,0.0,1.0,0.0,2.0,5.0,6.0,9.0,1.0,2.0,8.0,4.0,1.0,3.0,5.0,2.0,2.0,0.13,0.29,0.46,0.0,0.0,0.0,10.59,9.0,9.37,3.0,0.1,0.25,0.25,0.73,0.76,0.76
84772208479410,2025,Sergachev-Schmidt,UTA,pairing,5on5,31,2806.0,292.0,0.65,0.61,0.58,26.79,3.02,1.88,6.79,0.9,14.39,10.03,2.92,3.07,2.95,29.0,8.0,14.0,51.0,4.0,4.0,1.0,8.0,0.0,7.0,14.0,25.0,33.0,6.0,12.0,14.0,13.0,3.0,19.0,22.0,10.0,5.0,0.65,1.09,1.28,1.0,1.0,2.0,50.33,37.0,37.08,9.0,0.39,0.83,0.83,2.58,2.59,2.56,19.26,1.64,1.34,4.79,0.69,10.67,7.86,1.6,1.61,1.57,18.0,9.0,6.0,33.0,4.0,2.0,1.0,4.0,0.0,10.0,7.0,14.0,23.0,6.0,12.0,21.0,21.0,3.0,12.0,18.0,9.0,0.0,0.6,1.04,0.0,1.0,3.0,0.0,32.42,27.0,26.47,5.0,0.28,0.23,0.23,1.69,1.65,1.63
847360484746798481043,2025,Koepke-Toews-Nyquist,WPG,line,5on5,4,1279.0,18.0,0.46,0.61,0.59,13.1,0.81,0.81,3.81,0.42,6.47,4.68,0.79,0.82,0.8,14.0,3.0,5.0,22.0,0.0,2.0,0.0,2.0,0.0,4.0,9.0,14.0,17.0,1.0,2.0,16.0,8.0,0.0,4.0,13.0,4.0,0.0,0.3,0.51,0.0,0.0,0.0,0.0,22.58,17.0,17.15,3.0,0.17,0.22,0.22,0.76,0.77,0.77,9.38,0.93,0.64,2.46,0.29,4.46,3.23,0.91,0.92,0.9,8.0,4.0,2.0,14.0,0.0,1.0,0.0,3.0,0.0,2.0,6.0,8.0,12.0,0.0,0.0,6.0,8.0,2.0,3.0,8.0,3.0,1.0,0.25,0.41,0.27,0.0,0.0,0.0,13.51,12.0,11.88,2.0,0.14,0.17,0.17,0.9,0.88,0.88
847353384757918476921,2025,Hall-Staal-Martinook,CAR,line,5on5,13,782.0,133.0,0.28,0.41,0.48,7.83,0.6,0.46,2.41,0.26,4.3,2.97,0.48,0.59,0.47,5.0,6.0,1.0,12.0,0.0,3.0,0.0,1.0,0.0,1.0,6.0,5.0,11.0,1.0,2.0,10.0,5.0,0.0,6.0,9.0,1.0,1.0,0.29,0.08,0.23,0.0,0.0,0.0,12.19,11.0,11.16,4.0,0.1,0.33,0.33,0.36,0.36,0.33,9.1,1.51,0.61,2.78,0.36,3.93,2.82,1.24,1.51,1.24,9.0,3.0,5.0,17.0,0.0,4.0,0.0,1.0,0.0,4.0,3.0,9.0,12.0,0.0,0.0,3.0,9.0,2.0,1.0,7.0,2.0,3.0,0.24,0.3,0.97,0.0,0.0,0.0,16.33,12.0,11.49,0.0,0.13,0.9,0.9,0.74,0.74,0.68
847576884769058482751,2025,Schwartz-Stephenson-Winterton,SEA,line,5on5,11,2426.0,79.0,0.3,0.34,0.33,11.02,1.11,0.73,2.59,0.37,6.07,4.14,1.06,1.09,1.04,9.0,6.0,10.0,25.0,2.0,1.0,0.0,4.0,0.0,7.0,1.0,7.0,13.0,5.0,13.0,20.0,9.0,4.0,8.0,9.0,4.0,2.0,0.12,0.51,0.48,0.0,2.0,0.0,24.01,15.0,14.67,2.0,0.15,0.22,0.22,1.03,1.0,0.99,21.43,2.52,1.41,5.67,0.81,11.0,8.59,2.35,2.57,2.39,17.0,13.0,18.0,48.0,1.0,4.0,0.0,2.0,0.0,9.0,14.0,16.0,29.0,3.0,9.0,25.0,20.0,0.0,14.0,21.0,5.0,4.0,0.63,0.6,1.29,1.0,0.0,0.0,48.4,30.0,30.5,2.0,0.3,1.08,1.08,1.74,1.78,1.75
84784698482245,2025,Chabot-Zub,OTT,pairing,5on5,23,1824.0,143.0,0.32,0.46,0.44,14.02,0.82,0.92,3.53,0.45,7.55,5.73,0.8,0.86,0.83,13.0,6.0,7.0,26.0,3.0,1.0,0.0,4.0,0.0,5.0,6.0,10.0,16.0,3.0,9.0,4.0,15.0,2.0,9.0,17.0,2.0,0.0,0.54,0.27,0.0,3.0,0.0,0.0,26.91,19.0,19.73,5.0,0.19,0.1,0.1,0.9,0.94,0.93,17.28,1.76,1.28,3.85,0.6,9.2,7.3,1.71,1.78,1.73,19.0,5.0,7.0,31.0,2.0,2.0,1.0,5.0,0.0,7.0,8.0,17.0,22.0,1.0,5.0,2.0,12.0,3.0,8.0,16.0,7.0,1.0,0.45,1.07,0.25,0.0,2.0,0.0,31.65,24.0,24.28,5.0,0.27,0.34,0.34,1.69,1.72,1.71
84764628482684,2025,Hughes-Hamilton,NJD,pairing,5on5,30,3418.0,192.0,0.55,0.59,0.54,30.1,2.35,1.95,7.42,1.0,16.57,11.7,2.23,2.28,2.16,28.0,13.0,26.0,67.0,4.0,1.0,0.0,14.0,1.0,11.0,10.0,24.0,37.0,3.0,6.0,31.0,17.0,4.0,16.0,31.0,8.0,2.0,0.8,0.96,0.59,2.0,2.0,0.0,63.29,41.0,39.68,7.0,0.4,0.34,0.34,2.42,2.34,2.24,25.08,1.89,1.62,6.19,0.88,14.14,10.29,1.88,1.94,1.93,22.0,13.0,12.0,47.0,0.0,2.0,0.0,7.0,0.0,12.0,14.0,22.0,35.0,4.0,8.0,26.0,13.0,5.0,13.0,26.0,8.0,1.0,0.79,0.83,0.27,0.0,0.0,0.0,50.34,35.0,36.81,4.0,0.34,0.04,0.04,2.18,2.24,2.24
847517284807978483609,2025,Farabee-Kadri-Klapka,CGY,line,5on5,8,929.0,69.0,0.57,0.46,0.48,7.98,0.75,0.45,2.03,0.3,4.09,3.38,0.72,0.74,0.72,8.0,3.0,8.0,19.0,0.0,0.0,0.0,1.0,0.0,6.0,4.0,8.0,11.0,2.0,4.0,5.0,15.0,2.0,8.0,8.0,2.0,1.0,0.17,0.34,0.23,0.0,0.0,0.0,18.39,11.0,10.63,7.0,0.09,0.0,0.0,0.84,0.83,0.81,8.6,0.58,0.56,2.08,0.26,4.84,3.68,0.58,0.58,0.58,10.0,2.0,10.0,22.0,0.0,0.0,0.0,3.0,0.0,7.0,2.0,10.0,12.0,0.0,0.0,6.0,9.0,3.0,6.0,10.0,1.0,1.0,0.26,0.11,0.21,0.0,0.0,0.0,22.67,12.0,12.38,2.0,0.11,0.0,0.0,0.69,0.7,0.7
847844484788568480144,2025,Boeser-Kampf-Garland,VAN,line,5on5,9,4875.0,14.0,0.58,0.53,0.55,49.15,4.36,3.21,12.71,1.66,27.46,19.6,4.24,4.3,4.18,43.0,26.0,13.0,82.0,1.0,6.0,0.0,20.0,0.0,26.0,16.0,42.0,68.0,6.0,12.0,59.0,22.0,6.0,31.0,52.0,13.0,4.0,1.68,1.6,1.07,1.0,0.0,0.0,78.97,69.0,66.51,14.0,0.67,0.9,0.9,4.13,3.99,3.9,39.86,3.1,2.58,10.74,1.37,21.83,16.38,3.02,3.22,3.14,35.0,21.0,18.0,74.0,1.0,3.0,0.0,13.0,0.0,23.0,16.0,34.0,55.0,6.0,12.0,44.0,23.0,9.0,28.0,42.0,12.0,2.0,1.24,1.4,0.45,1.0,0.0,0.0,75.12,56.0,57.66,7.0,0.54,0.35,0.35,3.28,3.4,3.31
847414984762928477996,2025,Dadonov-Lammikko-Palat,NJD,line,5on5,3,730.0,14.0,0.4,0.52,0.48,7.24,0.44,0.43,1.78,0.23,4.04,3.07,0.42,0.45,0.44,7.0,3.0,3.0,13.0,0.0,1.0,0.0,2.0,0.0,6.0,1.0,7.0,10.0,0.0,0.0,7.0,6.0,0.0,2.0,9.0,0.0,1.0,0.2,0.0,0.24,0.0,0.0,0.0,12.62,10.0,9.93,1.0,0.09,0.24,0.24,0.29,0.29,0.28,8.22,0.66,0.45,2.27,0.24,4.34,3.04,0.65,0.65,0.63,8.0,3.0,1.0,12.0,2.0,1.0,1.0,1.0,0.0,2.0,5.0,6.0,9.0,0.0,0.0,6.0,4.0,1.0,0.0,9.0,2.0,0.0,0.34,0.32,0.0,1.0,1.0,0.0,12.13,11.0,11.12,0.0,0.09,0.15,0.15,0.6,0.59,0.59
848155484835248484800,2025,Wright-Catton-Kakko,SEA,line,5on5,5,835.0,35.0,0.3,0.42,0.5,6.46,0.23,0.35,1.7,0.19,3.73,2.79,0.23,0.22,0.22,5.0,4.0,4.0,13.0,0.0,0.0,0.0,3.0,0.0,4.0,2.0,5.0,9.0,1.0,2.0,7.0,3.0,3.0,4.0,9.0,0.0,0.0,0.23,0.0,0.0,0.0,0.0,0.0,12.55,9.0,8.73,2.0,0.07,0.0,0.0,0.31,0.29,0.29,6.39,0.55,0.41,1.71,0.24,3.51,2.58,0.51,0.56,0.51,7.0,2.0,9.0,18.0,0.0,1.0,0.0,2.0,0.0,2.0,4.0,7.0,9.0,0.0,0.0,8.0,5.0,0.0,3.0,7.0,1.0,1.0,0.13,0.18,0.25,0.0,0.0,0.0,19.15,9.0,9.37,0.0,0.08,0.25,0.25,0.39,0.4,0.4
847849884820558484136,2025,O'Connor-Sasson-Debrusk,VAN,line,5on5,5,713.0,51.0,0.46,0.45,0.4,4.5,0.47,0.27,1.42,0.13,2.18,1.54,0.46,0.47,0.46,2.0,4.0,3.0,9.0,0.0,0.0,0.0,0.0,0.0,3.0,3.0,2.0,6.0,0.0,0.0,3.0,1.0,0.0,5.0,4.0,1.0,1.0,0.06,0.16,0.24,0.0,0.0,0.0,8.83,6.0,6.03,1.0,0.06,0.0,0.0,0.52,0.52,0.52,6.16,0.54,0.36,1.52,0.21,3.81,2.56,0.52,0.52,0.5,4.0,5.0,2.0,11.0,2.0,1.0,1.0,0.0,0.0,1.0,5.0,2.0,7.0,1.0,2.0,3.0,3.0,0.0,1.0,6.0,3.0,0.0,0.15,0.39,0.0,0.0,2.0,0.0,10.89,9.0,8.79,1.0,0.07,0.17,0.17,0.45,0.43,0.43
84781788483398,2025,Carlile-Raddysh,TBL,pairing,5on5,16,1539.0,121.0,0.22,0.38,0.37,7.22,0.46,0.4,1.71,0.23,3.94,3.26,0.46,0.48,0.47,6.0,4.0,8.0,18.0,1.0,1.0,0.0,1.0,0.0,2.0,5.0,5.0,9.0,4.0,8.0,3.0,10.0,2.0,8.0,8.0,2.0,0.0,0.23,0.23,0.0,1.0,0.0,0.0,19.22,10.0,10.29,7.0,0.08,0.02,0.02,0.52,0.53,0.53,12.7,1.61,0.73,3.1,0.4,6.31,4.84,1.59,1.56,1.54,13.0,4.0,13.0,30.0,2.0,1.0,0.0,4.0,0.0,7.0,3.0,11.0,15.0,0.0,0.0,1.0,4.0,4.0,1.0,12.0,2.0,3.0,0.36,0.23,1.02,2.0,0.0,0.0,28.8,17.0,16.66,0.0,0.15,0.56,0.56,1.21,1.17,1.16
847464184774068478233,2025,Mangiapane-Henrique-Janmark,EDM,line,5on5,13,3108.0,109.0,0.55,0.44,0.57,20.5,2.26,1.51,4.91,0.68,10.36,7.29,2.2,2.24,2.18,13.0,14.0,9.0,36.0,1.0,4.0,1.0,3.0,1.0,11.0,7.0,12.0,26.0,3.0,6.0,21.0,14.0,3.0,15.0,18.0,5.0,4.0,0.54,0.59,1.12,0.0,0.0,1.0,37.06,27.0,26.98,9.0,0.32,0.96,0.96,1.62,1.61,1.59,14.7,1.84,0.74,4.01,0.46,7.35,5.6,1.55,1.85,1.57,15.0,5.0,26.0,46.0,1.0,2.0,0.0,5.0,0.0,5.0,7.0,14.0,19.0,0.0,0.0,23.0,27.0,4.0,10.0,16.0,1.0,3.0,0.35,0.15,1.33,0.0,0.0,1.0,43.57,20.0,19.9,4.0,0.15,1.06,1.06,0.93,0.97,0.96
847793384785428480003,2025,Boqvist-Rodrigues-Reinhart,FLA,line,5on5,10,4281.0,45.0,0.53,0.41,0.44,33.29,3.73,2.3,7.8,1.07,16.95,12.15,3.4,3.82,3.49,31.0,13.0,18.0,62.0,4.0,7.0,1.0,5.0,0.0,15.0,13.0,27.0,40.0,6.0,12.0,34.0,30.0,8.0,21.0,31.0,7.0,6.0,1.04,1.03,1.66,2.0,2.0,0.0,64.09,44.0,45.29,6.0,0.49,1.41,1.41,2.81,2.87,2.8,40.05,3.33,2.46,10.56,1.27,21.04,16.36,2.68,3.54,2.82,32.0,23.0,34.0,89.0,3.0,6.0,0.0,10.0,0.0,14.0,22.0,29.0,52.0,7.0,14.0,46.0,30.0,6.0,13.0,43.0,8.0,4.0,1.11,1.01,1.21,3.0,0.0,0.0,89.95,55.0,56.41,6.0,0.51,1.47,1.47,2.37,2.47,2.28
847688084794008481656,2025,Protas-Dubois-Wilson,WSH,line,5on5,6,2900.0,10.0,0.56,0.59,0.52,26.31,2.5,1.65,7.64,0.89,12.85,9.46,2.41,2.55,2.46,25.0,10.0,22.0,57.0,3.0,2.0,0.0,8.0,0.0,11.0,11.0,22.0,32.0,4.0,8.0,25.0,14.0,4.0,12.0,23.0,10.0,2.0,0.78,1.28,0.44,1.0,2.0,0.0,58.18,35.0,35.38,5.0,0.35,0.2,0.2,2.65,2.72,2.62,23.62,1.96,1.41,6.63,0.83,12.3,8.88,1.72,1.89,1.66,21.0,11.0,8.0,40.0,0.0,3.0,0.0,7.0,0.0,11.0,11.0,21.0,32.0,2.0,4.0,38.0,23.0,5.0,15.0,24.0,6.0,2.0,0.55,0.78,0.64,0.0,0.0,0.0,39.79,32.0,31.47,7.0,0.29,0.83,0.86,1.39,1.35,1.26
84754558482684,2025,Hughes-Dillon,NJD,pairing,5on5,32,14983.0,143.0,0.47,0.5,0.49,121.47,10.72,7.34,31.25,3.93,62.36,47.39,10.09,10.81,10.18,106.0,57.0,79.0,242.0,5.0,17.0,0.0,28.0,0.0,52.0,61.0,101.0,158.0,10.0,26.0,135.0,86.0,23.0,74.0,127.0,24.0,12.0,3.65,3.27,3.8,4.0,1.0,0.0,242.12,163.0,163.12,36.0,1.52,4.09,4.09,8.16,8.18,8.01,126.22,12.21,8.49,31.07,4.18,67.8,49.24,11.57,12.11,11.5,114.0,59.0,69.0,242.0,13.0,13.0,1.0,29.0,0.0,61.0,57.0,101.0,160.0,12.0,30.0,112.0,79.0,21.0,76.0,122.0,36.0,15.0,3.6,4.71,3.9,8.0,4.0,1.0,243.81,173.0,172.91,34.0,1.78,2.56,2.56,11.43,11.38,11.1
84784508478854,2025,Wotherspoon-Shea,PIT,pairing,5on5,31,3150.0,189.0,0.48,0.44,0.47,19.97,1.97,1.32,5.31,0.62,10.09,7.68,1.94,1.97,1.94,16.0,11.0,7.0,34.0,3.0,2.0,0.0,5.0,0.0,9.0,8.0,13.0,24.0,4.0,11.0,19.0,18.0,2.0,15.0,17.0,7.0,3.0,0.44,0.84,0.69,1.0,1.0,1.0,33.02,27.0,26.33,8.0,0.28,0.27,0.27,1.98,1.96,1.94,22.29,2.1,1.53,5.72,0.78,12.31,8.57,2.0,2.11,2.01,19.0,12.0,12.0,43.0,1.0,2.0,0.0,8.0,0.0,9.0,11.0,18.0,30.0,2.0,7.0,15.0,18.0,4.0,17.0,23.0,6.0,2.0,0.7,0.85,0.55,1.0,0.0,0.0,42.66,31.0,30.57,7.0,0.32,0.28,0.31,2.11,2.1,2.0
848074884820558482691,2025,O'Connor-Raty-Sherwood,VAN,line,5on5,21,5095.0,161.0,0.41,0.53,0.52,46.0,3.01,2.71,12.68,1.58,25.64,18.39,2.91,2.96,2.86,35.0,29.0,24.0,88.0,2.0,3.0,0.0,9.0,0.0,27.0,23.0,33.0,62.0,9.0,18.0,57.0,68.0,4.0,18.0,55.0,5.0,4.0,1.37,0.58,1.06,2.0,0.0,0.0,88.72,64.0,64.07,9.0,0.56,0.77,0.77,2.8,2.76,2.73,43.68,4.32,2.99,10.71,1.49,22.67,16.82,4.16,4.33,4.16,35.0,24.0,18.0,77.0,2.0,6.0,1.0,7.0,0.0,25.0,19.0,33.0,57.0,5.0,10.0,34.0,35.0,6.0,28.0,39.0,16.0,4.0,1.05,2.03,1.25,0.0,1.0,1.0,76.18,59.0,58.42,15.0,0.63,1.27,1.27,3.69,3.67,3.63
847701584817218482110,2025,Gritsyuk-Mercer-Brown,NJD,line,5on5,6,924.0,41.0,0.65,0.65,0.65,9.12,0.66,0.58,2.56,0.32,5.17,3.7,0.65,0.65,0.63,6.0,7.0,0.0,13.0,0.0,1.0,0.0,1.0,0.0,5.0,6.0,6.0,13.0,2.0,4.0,4.0,4.0,4.0,1.0,10.0,3.0,0.0,0.28,0.38,0.0,0.0,0.0,0.0,12.28,13.0,12.68,0.0,0.12,0.02,0.02,0.76,0.74,0.72,5.3,0.35,0.24,1.34,0.18,2.55,2.33,0.35,0.36,0.35,6.0,1.0,0.0,7.0,2.0,1.0,0.0,0.0,0.0,0.0,4.0,4.0,5.0,2.0,4.0,4.0,1.0,3.0,7.0,5.0,2.0,0.0,0.14,0.21,0.0,2.0,0.0,0.0,7.82,7.0,7.34,4.0,0.05,0.03,0.03,0.37,0.37,0.37
84793458480796,2025,Chychrun-Fehervary,WSH,pairing,5on5,20,1175.0,207.0,0.53,0.33,0.34,8.89,1.36,0.65,1.99,0.27,3.9,2.83,1.35,1.37,1.36,7.0,4.0,3.0,14.0,0.0,1.0,0.0,0.0,0.0,4.0,6.0,7.0,11.0,1.0,2.0,5.0,6.0,2.0,7.0,4.0,6.0,1.0,0.07,0.88,0.4,0.0,0.0,0.0,14.37,11.0,11.22,2.0,0.14,0.4,0.4,1.09,1.1,1.1,15.05,1.2,0.89,3.5,0.48,8.76,6.16,1.19,1.2,1.19,15.0,6.0,8.0,29.0,1.0,0.0,0.0,5.0,0.0,7.0,8.0,14.0,20.0,1.0,2.0,4.0,4.0,2.0,3.0,16.0,4.0,1.0,0.5,0.5,0.2,1.0,0.0,0.0,28.74,21.0,20.8,2.0,0.18,0.0,0.0,1.38,1.38,1.37
847351284780208482092,2025,Greig-Giroux-Amadio,OTT,line,5on5,13,6230.0,50.0,0.53,0.53,0.54,49.73,4.2,3.31,11.71,1.51,24.74,19.53,3.87,4.19,3.88,40.0,25.0,26.0,91.0,4.0,6.0,0.0,9.0,0.0,27.0,19.0,36.0,61.0,5.0,13.0,79.0,29.0,4.0,20.0,46.0,16.0,3.0,1.01,2.16,1.03,1.0,2.0,1.0,91.48,65.0,65.25,10.0,0.7,1.14,1.14,3.75,3.81,3.73,39.84,3.77,3.05,9.92,1.38,22.11,15.77,3.35,3.78,3.37,41.0,15.0,26.0,82.0,2.0,8.0,1.0,10.0,0.0,21.0,15.0,39.0,54.0,3.0,9.0,56.0,51.0,6.0,35.0,42.0,10.0,4.0,1.39,1.33,1.04,1.0,0.0,1.0,82.35,56.0,56.2,18.0,0.64,1.04,1.04,3.37,3.35,3.15
847579184807628482785,2025,Hall-Robidas-Robinson,CAR,line,5on5,2,705.0,8.0,0.5,0.63,0.62,5.76,0.21,0.29,1.95,0.2,3.12,2.24,0.21,0.2,0.2,7.0,1.0,4.0,12.0,1.0,0.0,0.0,3.0,0.0,4.0,0.0,6.0,7.0,0.0,0.0,9.0,4.0,1.0,1.0,8.0,0.0,0.0,0.21,0.0,0.0,1.0,0.0,0.0,12.14,8.0,7.92,0.0,0.06,0.0,0.0,0.27,0.26,0.26,3.72,0.22,0.2,0.78,0.11,2.06,1.64,0.22,0.22,0.22,2.0,3.0,2.0,7.0,0.0,0.0,0.0,0.0,0.0,1.0,4.0,2.0,5.0,1.0,2.0,8.0,7.0,1.0,6.0,4.0,1.0,0.0,0.1,0.12,0.0,0.0,0.0,0.0,6.93,5.0,4.87,4.0,0.04,0.0,0.0,0.26,0.26,0.26
84764738476891,2025,Grzelcyk-Murphy,CHI,pairing,5on5,36,10499.0,203.0,0.43,0.44,0.47,74.35,6.21,4.85,18.89,2.43,40.25,29.37,5.91,6.36,6.03,66.0,36.0,29.0,131.0,5.0,8.0,0.0,10.0,0.0,39.0,40.0,61.0,97.0,14.0,34.0,61.0,74.0,17.0,57.0,76.0,21.0,5.0,2.21,2.64,1.36,3.0,1.0,1.0,130.22,102.0,101.96,35.0,1.01,1.7,1.7,5.53,5.6,5.52,84.79,8.08,5.62,21.97,2.91,44.43,31.99,7.83,8.19,7.93,82.0,33.0,51.0,166.0,8.0,12.0,2.0,21.0,0.0,36.0,38.0,74.0,107.0,14.0,34.0,82.0,66.0,14.0,37.0,80.0,27.0,8.0,2.31,3.35,2.42,4.0,3.0,1.0,167.44,115.0,116.06,18.0,1.18,2.27,2.27,7.0,7.08,7.01
847938584800238482089,2025,Neighbours-Thomas-Kyrou,STL,line,5on5,8,1651.0,72.0,0.9,0.7,0.65,15.4,1.82,1.16,3.39,0.45,7.91,5.28,1.78,1.71,1.68,13.0,7.0,12.0,32.0,2.0,1.0,0.0,2.0,0.0,9.0,6.0,11.0,18.0,0.0,0.0,9.0,6.0,0.0,14.0,12.0,5.0,3.0,0.44,0.66,0.72,0.0,2.0,0.0,30.84,20.0,19.25,4.0,0.24,0.22,0.22,1.83,1.73,1.7,8.44,0.2,0.29,2.07,0.26,4.01,4.18,0.2,0.21,0.21,8.0,3.0,3.0,14.0,0.0,0.0,0.0,1.0,0.0,2.0,8.0,8.0,11.0,3.0,6.0,14.0,10.0,5.0,7.0,11.0,0.0,0.0,0.2,0.0,0.0,0.0,0.0,0.0,14.77,11.0,11.49,5.0,0.06,0.0,0.0,0.26,0.27,0.27
848160184842218485702,2025,Holmstrom-Ritchie-Shabanov,NYI,line,5on5,6,2317.0,22.0,0.57,0.58,0.59,22.28,1.49,1.46,5.58,0.72,12.06,8.7,1.47,1.44,1.42,19.0,11.0,12.0,42.0,2.0,2.0,0.0,7.0,0.0,11.0,8.0,17.0,28.0,2.0,4.0,12.0,8.0,4.0,9.0,23.0,6.0,1.0,0.6,0.67,0.22,1.0,1.0,0.0,41.02,30.0,29.41,3.0,0.3,0.36,0.36,1.44,1.4,1.39,15.04,1.11,0.95,4.21,0.5,8.12,6.1,1.09,1.17,1.15,11.0,10.0,10.0,31.0,0.0,1.0,0.0,2.0,0.0,13.0,5.0,11.0,21.0,2.0,6.0,12.0,22.0,4.0,14.0,17.0,3.0,1.0,0.54,0.33,0.25,0.0,0.0,0.0,32.1,21.0,21.55,10.0,0.2,0.25,0.25,1.07,1.11,1.1
84757908483485,2025,Mateychuk-Gudbranson,CBJ,pairing,5on5,4,1059.0,22.0,0.39,0.44,0.41,7.48,0.79,0.52,1.6,0.29,4.11,3.69,0.78,0.84,0.82,10.0,1.0,4.0,15.0,0.0,1.0,0.0,1.0,0.0,2.0,7.0,10.0,11.0,1.0,2.0,9.0,12.0,2.0,7.0,9.0,1.0,1.0,0.31,0.14,0.34,0.0,0.0,0.0,15.84,11.0,11.6,4.0,0.11,0.34,0.34,0.55,0.59,0.58,11.6,1.25,0.82,2.66,0.41,6.06,4.8,1.24,1.17,1.16,9.0,7.0,3.0,19.0,1.0,1.0,0.0,4.0,0.0,4.0,6.0,8.0,15.0,2.0,4.0,4.0,11.0,2.0,8.0,10.0,4.0,2.0,0.25,0.46,0.54,1.0,0.0,0.0,18.08,16.0,15.25,5.0,0.17,0.31,0.31,1.11,1.05,1.04
84773658477435,2025,Graves-Clifton,PIT,pairing,5on5,11,8993.0,20.0,0.63,0.55,0.6,75.72,7.68,5.04,17.96,2.43,41.1,29.79,7.45,7.64,7.41,68.0,36.0,43.0,147.0,3.0,10.0,2.0,18.0,0.0,37.0,36.0,65.0,101.0,12.0,26.0,51.0,61.0,17.0,35.0,74.0,20.0,10.0,2.21,2.53,2.94,1.0,0.0,2.0,147.74,104.0,104.15,17.0,1.05,2.26,2.26,6.47,6.42,6.29,51.42,4.6,3.46,12.66,1.74,27.42,20.12,4.42,4.66,4.47,45.0,25.0,51.0,121.0,3.0,4.0,1.0,9.0,0.0,31.0,23.0,42.0,67.0,8.0,16.0,69.0,80.0,12.0,45.0,52.0,12.0,6.0,1.38,1.7,1.52,2.0,1.0,0.0,120.69,70.0,69.87,22.0,0.72,0.96,0.96,4.37,4.45,4.4
847574584764328480893,2025,Jenner-Coyle-Marchenko,CBJ,line,5on5,2,676.0,19.0,0.64,0.52,0.43,4.64,0.5,0.27,1.34,0.14,2.17,1.58,0.48,0.51,0.49,3.0,3.0,6.0,12.0,0.0,0.0,0.0,2.0,0.0,2.0,2.0,3.0,6.0,0.0,0.0,12.0,3.0,0.0,2.0,4.0,1.0,1.0,0.13,0.11,0.26,0.0,0.0,0.0,11.96,6.0,6.11,0.0,0.06,0.0,0.0,0.56,0.57,0.55,6.03,0.28,0.31,1.31,0.17,3.25,2.68,0.28,0.28,0.28,6.0,2.0,3.0,11.0,0.0,0.0,0.0,0.0,0.0,1.0,7.0,6.0,8.0,1.0,2.0,1.0,2.0,1.0,4.0,8.0,0.0,0.0,0.28,0.0,0.0,0.0,0.0,0.0,11.27,8.0,8.25,1.0,0.06,0.0,0.0,0.35,0.35,0.34
84808398482671,2025,Dahlin-Power,BUF,pairing,5on5,32,4352.0,251.0,0.66,0.66,0.64,50.91,4.13,3.37,12.89,1.78,27.94,20.89,3.91,4.13,3.91,49.0,22.0,36.0,107.0,2.0,8.0,1.0,14.0,0.0,25.0,22.0,47.0,69.0,5.0,13.0,29.0,26.0,3.0,20.0,52.0,15.0,4.0,1.43,1.81,0.9,1.0,0.0,1.0,105.62,71.0,70.67,5.0,0.7,1.02,0.98,3.86,3.86,3.73,28.38,2.15,1.91,6.77,0.98,15.49,12.7,2.09,2.14,2.08,24.0,16.0,14.0,54.0,3.0,2.0,0.0,4.0,0.0,15.0,16.0,21.0,37.0,6.0,12.0,38.0,20.0,4.0,24.0,32.0,7.0,1.0,1.04,0.91,0.2,1.0,1.0,1.0,55.31,40.0,40.87,12.0,0.4,0.21,0.21,2.35,2.35,2.28
847847484808498482699,2025,Crouse-Hayton-Guenther,UTA,line,5on5,10,5217.0,25.0,0.6,0.57,0.6,53.88,4.91,3.11,13.97,1.82,27.77,21.42,4.79,4.9,4.78,49.0,24.0,28.0,101.0,8.0,7.0,2.0,8.0,0.0,22.0,28.0,41.0,65.0,6.0,12.0,54.0,30.0,4.0,17.0,53.0,15.0,5.0,1.5,2.03,1.37,3.0,4.0,1.0,101.84,73.0,73.37,4.0,0.65,1.48,1.48,4.08,4.07,4.05,36.6,3.23,2.21,9.63,1.23,18.38,14.32,3.1,3.25,3.12,37.0,12.0,28.0,77.0,4.0,5.0,2.0,8.0,0.0,17.0,15.0,33.0,45.0,4.0,8.0,55.0,23.0,4.0,23.0,36.0,10.0,3.0,0.95,1.39,0.89,1.0,2.0,1.0,77.32,49.0,49.22,9.0,0.46,1.02,1.02,2.66,2.65,2.55
84745678478136,2025,Middleton-Bogosian,MIN,pairing,5on5,9,3511.0,47.0,0.44,0.52,0.56,25.61,1.93,1.57,6.63,0.9,14.65,11.32,1.89,1.98,1.94,23.0,14.0,10.0,47.0,2.0,3.0,0.0,6.0,0.0,16.0,10.0,21.0,35.0,5.0,13.0,22.0,35.0,3.0,11.0,30.0,6.0,1.0,0.96,0.7,0.27,1.0,1.0,0.0,49.43,37.0,38.55,3.0,0.33,0.31,0.31,1.95,2.0,1.97,21.46,2.42,1.24,4.73,0.63,11.18,8.79,2.03,2.27,1.92,19.0,10.0,14.0,43.0,1.0,2.0,1.0,3.0,0.0,12.0,11.0,18.0,28.0,4.0,11.0,18.0,25.0,6.0,19.0,22.0,5.0,2.0,0.63,0.65,1.15,0.0,0.0,1.0,42.76,29.0,28.41,7.0,0.26,1.15,1.15,1.53,1.51,1.5
84834578483686,2025,Hutson-Engstrom,MTL,pairing,5on5,10,1594.0,61.0,0.41,0.41,0.41,10.33,1.0,0.68,2.45,0.35,5.25,4.26,0.95,1.01,0.95,11.0,3.0,4.0,18.0,1.0,2.0,0.0,1.0,0.0,4.0,6.0,10.0,13.0,1.0,2.0,10.0,9.0,1.0,9.0,11.0,0.0,3.0,0.33,0.0,0.68,1.0,0.0,0.0,17.39,14.0,13.91,5.0,0.14,0.24,0.24,0.9,0.91,0.9,14.37,1.46,0.91,4.11,0.53,7.7,5.28,1.45,1.49,1.47,13.0,7.0,6.0,26.0,1.0,2.0,0.0,2.0,0.0,7.0,8.0,12.0,19.0,1.0,2.0,11.0,7.0,2.0,9.0,13.0,5.0,2.0,0.44,0.59,0.43,1.0,0.0,0.0,27.64,20.0,20.27,3.0,0.2,0.33,0.33,1.33,1.34,1.34
84779698483678,2025,Pettersson-Pettersson,VAN,pairing,5on5,11,686.0,103.0,0.46,0.5,0.42,3.62,0.62,0.32,0.93,0.13,1.86,1.13,0.54,0.62,0.54,1.0,4.0,4.0,9.0,0.0,2.0,0.0,0.0,0.0,1.0,2.0,1.0,5.0,0.0,0.0,6.0,11.0,0.0,2.0,2.0,2.0,1.0,0.08,0.25,0.29,0.0,0.0,0.0,8.69,5.0,4.86,1.0,0.07,0.46,0.46,0.24,0.23,0.22,5.75,0.73,0.34,1.23,0.16,2.3,2.24,0.7,0.76,0.73,6.0,1.0,2.0,9.0,1.0,1.0,1.0,1.0,0.0,3.0,1.0,5.0,6.0,2.0,4.0,3.0,5.0,2.0,5.0,5.0,1.0,1.0,0.13,0.12,0.47,0.0,0.0,1.0,9.75,7.0,7.32,0.0,0.07,0.47,0.47,0.33,0.34,0.34
848208884821488484186,2025,Lapierre-Sourdif-Leonard,WSH,line,5on5,4,931.0,18.0,0.42,0.55,0.54,10.11,0.95,0.71,2.37,0.33,5.53,4.12,0.95,0.97,0.96,11.0,3.0,7.0,21.0,0.0,1.0,0.0,3.0,0.0,5.0,5.0,11.0,14.0,0.0,0.0,5.0,5.0,2.0,7.0,9.0,4.0,1.0,0.34,0.39,0.22,0.0,0.0,0.0,20.99,14.0,14.43,2.0,0.15,0.14,0.14,0.96,0.97,0.97,9.16,1.31,0.61,1.98,0.29,4.55,3.27,1.28,1.23,1.21,9.0,3.0,5.0,17.0,2.0,0.0,0.0,4.0,0.0,1.0,5.0,7.0,10.0,3.0,6.0,5.0,7.0,1.0,3.0,5.0,5.0,2.0,0.13,0.69,0.49,0.0,2.0,0.0,16.25,12.0,11.45,2.0,0.13,0.0,0.0,1.43,1.34,1.32
847740984779358478421,2025,Greer-Bennett-Verhaeghe,FLA,line,5on5,9,4653.0,36.0,0.6,0.61,0.57,44.43,3.96,2.89,11.06,1.49,23.94,17.65,3.75,3.95,3.74,43.0,18.0,28.0,89.0,9.0,5.0,1.0,12.0,0.0,27.0,8.0,34.0,52.0,12.0,24.0,37.0,42.0,8.0,23.0,45.0,13.0,3.0,1.48,1.73,0.75,5.0,2.0,2.0,88.6,61.0,61.24,8.0,0.6,0.65,0.79,3.78,3.75,3.6,34.57,2.62,2.15,8.13,1.06,18.26,13.78,2.51,2.66,2.55,25.0,21.0,12.0,58.0,2.0,3.0,0.0,3.0,0.0,20.0,18.0,23.0,44.0,8.0,16.0,41.0,28.0,2.0,24.0,35.0,10.0,1.0,1.02,1.35,0.25,2.0,0.0,0.0,57.16,46.0,45.47,12.0,0.44,0.57,0.57,2.49,2.52,2.5
847843884808428485414,2025,Hallander-Kindel-Novak,PIT,line,5on5,5,2260.0,18.0,0.6,0.5,0.56,26.14,2.98,1.99,6.71,0.88,12.56,8.89,2.61,2.98,2.6,27.0,7.0,9.0,43.0,2.0,7.0,0.0,4.0,0.0,10.0,11.0,25.0,32.0,3.0,6.0,12.0,10.0,4.0,18.0,22.0,6.0,6.0,0.69,0.84,1.46,2.0,0.0,0.0,43.19,34.0,34.5,12.0,0.42,1.49,1.49,1.91,1.89,1.82,20.7,2.02,1.27,5.36,0.63,10.45,7.26,1.92,2.08,1.96,18.0,9.0,16.0,43.0,1.0,2.0,0.0,9.0,0.0,11.0,4.0,17.0,26.0,5.0,10.0,19.0,23.0,4.0,10.0,19.0,4.0,4.0,0.51,0.51,1.0,1.0,0.0,0.0,43.04,27.0,26.74,3.0,0.27,0.34,0.34,1.94,1.96,1.94
848002884810688482679,2025,Sharangovich-Frost-Coronato,CGY,line,5on5,11,821.0,107.0,0.46,0.58,0.67,2.69,0.11,0.17,0.67,0.09,1.77,1.2,0.11,0.11,0.11,3.0,1.0,3.0,7.0,0.0,0.0,0.0,0.0,0.0,0.0,4.0,3.0,4.0,1.0,2.0,2.0,3.0,1.0,2.0,4.0,0.0,0.0,0.11,0.0,0.0,0.0,0.0,0.0,6.74,4.0,3.99,1.0,0.03,0.0,0.0,0.14,0.14,0.14,1.59,0.13,0.13,0.32,0.04,0.78,0.6,0.13,0.13,0.13,2.0,0.0,3.0,5.0,1.0,0.0,0.0,0.0,0.0,0.0,1.0,1.0,1.0,0.0,0.0,6.0,4.0,1.0,4.0,1.0,1.0,0.0,0.02,0.12,0.0,0.0,1.0,0.0,5.03,2.0,2.02,1.0,0.03,0.0,0.0,0.16,0.16,0.16
84800368483425,2025,Heiskanen-Bichsel,DAL,pairing,5on5,16,861.0,159.0,0.51,0.5,0.46,8.75,1.29,0.57,1.97,0.28,3.75,3.15,1.23,1.31,1.25,8.0,3.0,4.0,15.0,2.0,1.0,0.0,2.0,0.0,4.0,2.0,6.0,9.0,1.0,5.0,3.0,8.0,1.0,2.0,6.0,2.0,3.0,0.24,0.23,0.82,1.0,0.0,1.0,14.9,11.0,10.92,2.0,0.12,0.27,0.27,1.14,1.17,1.15,9.73,1.23,0.64,2.23,0.32,4.87,3.71,1.19,1.15,1.11,11.0,2.0,2.0,15.0,1.0,3.0,1.0,3.0,0.0,3.0,3.0,10.0,12.0,4.0,13.0,4.0,5.0,1.0,3.0,9.0,2.0,2.0,0.31,0.3,0.61,0.0,0.0,1.0,14.22,13.0,12.46,2.0,0.13,0.76,0.76,0.6,0.58,0.55
84808658483457,2025,Hutson-Dobson,MTL,pairing,5on5,34,6251.0,202.0,0.68,0.58,0.63,60.14,5.98,4.15,14.56,2.16,33.0,24.16,5.72,6.19,5.91,59.0,25.0,37.0,121.0,10.0,5.0,1.0,13.0,0.0,30.0,26.0,49.0,74.0,7.0,12.0,41.0,24.0,7.0,23.0,62.0,15.0,7.0,2.26,1.52,2.19,5.0,4.0,1.0,123.16,84.0,85.42,9.0,0.86,1.07,1.44,5.4,5.58,5.43,33.99,2.8,2.21,8.05,1.22,19.94,14.76,2.77,2.84,2.81,30.0,19.0,38.0,87.0,3.0,2.0,1.0,4.0,0.0,15.0,25.0,27.0,46.0,6.0,12.0,47.0,45.0,14.0,22.0,36.0,13.0,0.0,1.25,1.56,0.0,2.0,1.0,0.0,86.46,49.0,49.49,11.0,0.45,0.06,0.06,3.19,3.24,3.21
848044884829478482953,2025,Makar-Bardakov-Kelly,COL,line,5on5,3,853.0,12.0,0.54,0.52,0.52,8.3,0.7,0.54,2.67,0.28,3.97,2.83,0.68,0.71,0.69,7.0,4.0,6.0,17.0,0.0,1.0,0.0,0.0,0.0,5.0,5.0,7.0,11.0,2.0,4.0,9.0,11.0,1.0,3.0,8.0,2.0,1.0,0.22,0.24,0.24,0.0,0.0,0.0,17.31,11.0,11.18,2.0,0.12,0.15,0.15,0.67,0.68,0.65,7.23,0.59,0.44,1.63,0.21,4.22,2.91,0.59,0.6,0.6,4.0,6.0,6.0,16.0,0.0,0.0,0.0,3.0,0.0,2.0,5.0,4.0,10.0,0.0,0.0,8.0,9.0,1.0,1.0,6.0,4.0,0.0,0.14,0.46,0.0,0.0,0.0,0.0,15.74,10.0,10.02,0.0,0.09,0.0,0.0,0.69,0.69,0.69
847579884788738481754,2025,Nesterenko-Granlund-Terry,ANA,line,5on5,4,1936.0,13.0,0.61,0.57,0.59,28.34,2.35,1.78,7.08,0.92,14.88,10.99,2.24,2.43,2.32,20.0,18.0,13.0,51.0,3.0,4.0,0.0,3.0,0.0,13.0,15.0,17.0,35.0,2.0,4.0,28.0,1.0,4.0,5.0,28.0,8.0,2.0,0.71,1.1,0.54,1.0,2.0,0.0,52.39,38.0,38.8,3.0,0.37,0.73,0.73,1.99,2.05,2.0,19.01,1.5,1.17,4.73,0.62,10.21,7.77,1.48,1.46,1.44,20.0,6.0,13.0,39.0,1.0,0.0,0.0,5.0,0.0,14.0,6.0,19.0,25.0,2.0,4.0,16.0,8.0,4.0,5.0,18.0,6.0,2.0,0.43,0.63,0.44,0.0,1.0,0.0,38.08,26.0,25.4,4.0,0.24,0.0,0.0,1.75,1.7,1.68
84751718476931,2025,Mccabe-Ekman-Larsson,TOR,pairing,5on5,34,5242.0,269.0,0.45,0.47,0.48,43.6,3.72,2.89,9.88,1.38,24.23,17.89,3.67,3.63,3.58,44.0,16.0,17.0,77.0,8.0,2.0,0.0,7.0,0.0,17.0,26.0,36.0,52.0,7.0,14.0,34.0,34.0,9.0,30.0,40.0,17.0,3.0,0.98,2.05,0.69,4.0,3.0,1.0,74.83,60.0,58.41,11.0,0.6,0.21,0.21,4.11,4.01,3.99,48.16,4.51,3.25,12.45,1.6,25.1,18.11,4.35,4.59,4.45,45.0,20.0,23.0,88.0,4.0,4.0,0.0,12.0,0.0,23.0,22.0,41.0,61.0,7.0,14.0,32.0,18.0,5.0,26.0,46.0,13.0,6.0,1.31,1.62,1.57,3.0,1.0,0.0,90.26,65.0,66.97,13.0,0.69,0.74,0.74,4.45,4.58,4.52
847062184764698482124,2025,Armia-Byfield-Perry,LAK,line,5on5,10,607.0,116.0,0.53,0.5,0.38,3.58,0.35,0.2,0.81,0.11,1.98,1.55,0.35,0.36,0.36,3.0,2.0,4.0,9.0,1.0,0.0,0.0,1.0,0.0,2.0,1.0,2.0,4.0,0.0,0.0,3.0,1.0,0.0,2.0,4.0,0.0,1.0,0.09,0.0,0.27,0.0,0.0,1.0,8.87,5.0,5.05,0.0,0.04,0.0,0.0,0.4,0.4,0.4,6.01,0.31,0.33,1.3,0.18,3.03,2.85,0.31,0.31,0.31,5.0,3.0,1.0,9.0,0.0,0.0,0.0,1.0,0.0,2.0,5.0,5.0,8.0,1.0,2.0,1.0,6.0,2.0,2.0,6.0,2.0,0.0,0.09,0.22,0.0,0.0,0.0,0.0,9.1,8.0,8.0,1.0,0.07,0.0,0.0,0.37,0.38,0.38
847353384769218480830,2025,Martinook-Staal-Svechnikov,CAR,line,5on5,16,2949.0,116.0,0.43,0.5,0.47,29.12,2.87,1.9,8.16,0.99,15.04,11.04,2.76,2.9,2.79,24.0,16.0,19.0,59.0,1.0,3.0,1.0,11.0,0.0,10.0,15.0,23.0,39.0,6.0,12.0,37.0,23.0,5.0,16.0,28.0,10.0,2.0,0.86,1.44,0.57,0.0,0.0,1.0,61.53,40.0,41.12,9.0,0.4,0.59,0.59,2.68,2.7,2.66,34.85,3.79,2.18,9.15,1.24,17.01,12.62,3.47,3.86,3.53,32.0,14.0,12.0,58.0,0.0,4.0,0.0,7.0,0.0,21.0,14.0,32.0,46.0,4.0,8.0,30.0,28.0,3.0,9.0,29.0,13.0,4.0,0.92,1.53,1.34,0.0,0.0,0.0,57.73,46.0,46.07,8.0,0.46,1.0,1.0,3.25,3.28,3.16
847528784768878484241,2025,Forsberg-Haula-Wood,NSH,line,5on5,6,1060.0,43.0,0.51,0.53,0.55,7.94,0.51,0.48,1.97,0.27,4.46,3.31,0.51,0.51,0.51,7.0,4.0,7.0,18.0,0.0,0.0,0.0,3.0,0.0,6.0,2.0,7.0,11.0,0.0,0.0,18.0,6.0,3.0,6.0,9.0,2.0,0.0,0.23,0.28,0.0,0.0,0.0,0.0,17.93,11.0,11.04,4.0,0.1,0.0,0.0,0.61,0.61,0.61,6.27,0.49,0.39,1.51,0.21,3.76,2.65,0.48,0.48,0.48,4.0,5.0,7.0,16.0,0.0,0.0,0.0,2.0,0.0,4.0,3.0,4.0,9.0,4.0,8.0,7.0,15.0,2.0,2.0,7.0,2.0,0.0,0.28,0.21,0.0,0.0,0.0,0.0,16.18,9.0,9.02,1.0,0.08,0.0,0.0,0.56,0.56,0.55
847519184759138479353,2025,Stone-Howden-Smith,VGK,line,5on5,3,933.0,17.0,0.73,0.61,0.65,10.78,1.03,0.78,2.65,0.37,5.54,4.63,1.02,0.99,0.99,9.0,6.0,2.0,17.0,1.0,3.0,0.0,2.0,0.0,5.0,4.0,8.0,14.0,0.0,0.0,8.0,4.0,2.0,6.0,9.0,5.0,1.0,0.17,0.64,0.22,0.0,0.0,1.0,15.77,15.0,14.27,2.0,0.17,0.23,0.23,0.97,0.93,0.93,5.83,0.38,0.35,1.3,0.16,3.18,2.64,0.37,0.39,0.39,4.0,4.0,3.0,11.0,0.0,0.0,0.0,1.0,0.0,1.0,6.0,4.0,8.0,1.0,2.0,6.0,4.0,1.0,5.0,7.0,1.0,0.0,0.2,0.17,0.0,0.0,0.0,0.0,12.0,8.0,8.47,3.0,0.07,0.0,0.0,0.45,0.47,0.47
847750884782338485493,2025,Mangiapane-Lazar-Tomasek,EDM,line,5on5,4,932.0,22.0,0.36,0.42,0.48,6.97,0.52,0.44,1.71,0.25,4.04,3.03,0.51,0.54,0.53,6.0,4.0,1.0,11.0,0.0,1.0,0.0,3.0,0.0,3.0,3.0,6.0,10.0,0.0,0.0,5.0,10.0,0.0,5.0,8.0,2.0,0.0,0.23,0.29,0.0,0.0,0.0,0.0,12.13,10.0,10.76,3.0,0.09,0.01,0.01,0.6,0.62,0.62,7.9,0.93,0.42,1.95,0.27,4.08,3.35,0.92,0.88,0.87,5.0,6.0,4.0,15.0,1.0,2.0,1.0,0.0,0.0,3.0,5.0,4.0,10.0,0.0,0.0,5.0,6.0,1.0,4.0,8.0,1.0,2.0,0.12,0.2,0.61,0.0,0.0,1.0,14.14,11.0,10.27,3.0,0.08,0.61,0.61,0.41,0.39,0.39
847844084784638484186,2025,Beauvillier-Strome-Leonard,WSH,line,5on5,15,1074.0,160.0,0.56,0.5,0.55,15.39,1.55,1.07,3.75,0.58,8.59,6.46,1.49,1.63,1.56,14.0,8.0,6.0,28.0,2.0,3.0,1.0,2.0,0.0,7.0,8.0,12.0,20.0,3.0,6.0,10.0,5.0,1.0,6.0,14.0,6.0,2.0,0.41,0.58,0.56,1.0,0.0,1.0,28.63,22.0,22.62,3.0,0.22,0.57,0.57,1.21,1.25,1.19,13.59,1.24,0.77,3.28,0.43,6.99,5.29,1.22,1.21,1.19,12.0,6.0,10.0,28.0,1.0,1.0,0.0,2.0,0.0,6.0,8.0,11.0,17.0,0.0,0.0,3.0,9.0,4.0,6.0,14.0,2.0,2.0,0.3,0.31,0.63,0.0,1.0,0.0,27.69,18.0,17.73,4.0,0.16,0.03,0.03,1.37,1.33,1.31
847516884757948482740,2025,Duchene-Johnston-Seguin,DAL,line,5on5,4,749.0,23.0,0.79,0.44,0.53,7.21,0.85,0.55,1.37,0.2,3.21,2.82,0.84,0.91,0.9,8.0,1.0,2.0,11.0,2.0,0.0,0.0,2.0,1.0,2.0,2.0,6.0,7.0,0.0,0.0,4.0,3.0,1.0,6.0,5.0,3.0,1.0,0.18,0.36,0.3,1.0,0.0,1.0,12.44,9.0,9.77,2.0,0.11,0.0,0.0,0.97,1.04,1.02,5.82,0.23,0.3,1.65,0.19,3.3,2.32,0.23,0.22,0.22,6.0,2.0,6.0,14.0,0.0,1.0,0.0,1.0,0.0,1.0,5.0,6.0,8.0,1.0,2.0,5.0,6.0,0.0,4.0,7.0,1.0,0.0,0.14,0.09,0.0,0.0,0.0,0.0,13.42,8.0,7.68,2.0,0.06,0.06,0.06,0.24,0.23,0.23
847627884808408484829,2025,Hryckowian-Blackwell-Bck,DAL,line,5on5,8,977.0,107.0,0.04,0.3,0.11,1.35,0.05,0.08,0.35,0.04,0.89,0.58,0.05,0.05,0.05,2.0,0.0,6.0,8.0,0.0,0.0,0.0,0.0,0.0,1.0,1.0,2.0,2.0,1.0,2.0,5.0,11.0,3.0,3.0,2.0,0.0,0.0,0.05,0.0,0.0,0.0,0.0,0.0,8.27,2.0,1.93,2.0,0.02,0.0,0.0,0.07,0.07,0.07,11.91,1.14,0.7,3.51,0.45,6.02,4.17,1.07,1.18,1.12,6.0,10.0,3.0,19.0,0.0,2.0,0.0,2.0,0.0,8.0,4.0,6.0,16.0,1.0,2.0,6.0,8.0,1.0,9.0,14.0,0.0,2.0,0.45,0.0,0.69,0.0,0.0,0.0,19.3,16.0,16.23,6.0,0.15,0.69,0.69,0.59,0.6,0.58
847843484793538481133,2025,Reinhardt-Howden-Kolesar,VGK,line,5on5,8,1345.0,97.0,0.45,0.46,0.5,8.35,0.87,0.57,1.63,0.24,4.3,3.39,0.87,0.9,0.9,6.0,5.0,2.0,13.0,1.0,0.0,0.0,2.0,0.0,3.0,5.0,5.0,10.0,0.0,0.0,9.0,18.0,2.0,8.0,5.0,6.0,0.0,0.09,0.78,0.0,0.0,1.0,0.0,12.89,11.0,11.09,6.0,0.12,0.0,0.0,0.99,1.02,1.02,8.13,1.05,0.58,2.14,0.3,4.16,2.78,1.0,1.08,1.02,6.0,5.0,4.0,15.0,1.0,1.0,0.0,4.0,0.0,3.0,2.0,5.0,10.0,0.0,0.0,14.0,11.0,0.0,8.0,6.0,4.0,1.0,0.24,0.54,0.28,0.0,1.0,0.0,15.24,11.0,11.3,4.0,0.13,0.19,0.19,0.98,1.02,0.97
84779698479425,2025,Pettersson-Hronek,VAN,pairing,5on5,38,13106.0,204.0,0.49,0.46,0.5,89.77,7.45,5.76,21.53,2.98,49.51,37.78,7.15,7.52,7.2,79.0,46.0,37.0,162.0,7.0,10.0,0.0,19.0,0.0,37.0,52.0,72.0,118.0,7.0,14.0,114.0,78.0,12.0,52.0,96.0,22.0,7.0,2.77,2.82,1.86,1.0,6.0,0.0,163.74,125.0,126.7,31.0,1.19,2.06,1.64,7.0,7.05,6.95,90.58,7.69,6.0,22.36,2.88,50.26,35.8,7.52,7.59,7.43,84.0,41.0,64.0,189.0,3.0,6.0,0.0,22.0,0.0,47.0,47.0,81.0,122.0,9.0,18.0,101.0,69.0,16.0,50.0,93.0,25.0,7.0,2.88,3.05,1.76,1.0,1.0,1.0,185.3,125.0,123.37,15.0,1.25,0.84,0.84,8.1,8.04,7.96
84810068482733,2025,Tucker-Mailloux,STL,pairing,5on5,16,4540.0,96.0,0.39,0.51,0.49,35.66,2.85,2.38,8.83,1.28,19.65,14.02,2.68,2.78,2.61,28.0,21.0,20.0,69.0,1.0,6.0,0.0,8.0,0.0,15.0,19.0,27.0,48.0,5.0,16.0,29.0,53.0,6.0,14.0,38.0,6.0,5.0,1.05,0.74,1.07,0.0,1.0,0.0,65.13,49.0,46.8,8.0,0.49,0.62,0.62,2.73,2.64,2.61,37.95,4.4,2.69,8.78,1.27,19.24,14.61,4.17,4.59,4.35,28.0,23.0,15.0,66.0,7.0,8.0,2.0,1.0,0.0,17.0,18.0,21.0,44.0,7.0,20.0,26.0,36.0,3.0,17.0,30.0,15.0,6.0,0.71,2.07,1.62,2.0,2.0,3.0,71.35,51.0,53.89,5.0,0.57,1.66,1.66,3.31,3.49,3.37
84759068484806,2025,Dickinson-Klingberg,SJS,pairing,5on5,20,2454.0,132.0,0.45,0.46,0.43,18.84,1.5,1.15,5.08,0.59,9.68,7.0,1.48,1.47,1.46,19.0,6.0,13.0,38.0,2.0,2.0,1.0,3.0,0.0,9.0,9.0,17.0,23.0,4.0,8.0,13.0,19.0,6.0,8.0,20.0,4.0,1.0,0.48,0.66,0.36,0.0,1.0,1.0,37.14,25.0,24.63,5.0,0.24,0.38,0.43,1.3,1.29,1.28,25.33,1.85,1.69,6.4,0.77,13.02,9.28,1.8,1.87,1.82,20.0,13.0,12.0,45.0,2.0,2.0,0.0,6.0,0.0,11.0,12.0,18.0,31.0,4.0,8.0,23.0,13.0,4.0,12.0,26.0,5.0,2.0,0.8,0.6,0.46,0.0,2.0,0.0,45.27,33.0,33.42,6.0,0.35,0.28,0.28,1.93,1.96,1.94
847850884814778483499,2025,Ohgren-Sturm-Trenin,MIN,line,5on5,8,830.0,82.0,0.29,0.52,0.45,6.66,0.41,0.34,1.93,0.2,3.54,2.58,0.41,0.44,0.44,8.0,1.0,6.0,15.0,1.0,0.0,0.0,0.0,0.0,5.0,3.0,7.0,8.0,0.0,0.0,6.0,13.0,1.0,2.0,7.0,2.0,0.0,0.16,0.25,0.0,1.0,0.0,0.0,15.87,9.0,9.55,2.0,0.07,0.0,0.0,0.48,0.51,0.51,7.76,0.97,0.58,1.77,0.28,4.36,3.03,0.95,0.93,0.91,5.0,6.0,3.0,14.0,0.0,2.0,0.0,1.0,0.0,5.0,3.0,5.0,11.0,0.0,0.0,4.0,3.0,1.0,3.0,6.0,4.0,1.0,0.23,0.47,0.27,0.0,0.0,0.0,13.42,11.0,10.57,3.0,0.12,0.37,0.37,0.72,0.69,0.69
847840184817128482634,2025,Steeves-Zacha-Blmel,BOS,line,5on5,2,816.0,6.0,0.26,0.38,0.47,4.97,0.26,0.27,1.38,0.16,2.92,2.01,0.25,0.25,0.25,5.0,2.0,2.0,9.0,0.0,1.0,0.0,3.0,0.0,1.0,2.0,5.0,7.0,0.0,0.0,11.0,10.0,1.0,8.0,6.0,1.0,0.0,0.17,0.08,0.0,0.0,0.0,0.0,8.54,7.0,6.61,4.0,0.05,0.08,0.08,0.23,0.22,0.22,5.47,0.74,0.4,1.25,0.2,3.15,2.26,0.71,0.76,0.73,3.0,5.0,7.0,15.0,1.0,1.0,1.0,1.0,0.0,2.0,3.0,2.0,7.0,0.0,0.0,9.0,8.0,1.0,5.0,6.0,1.0,1.0,0.33,0.09,0.32,0.0,0.0,1.0,15.67,8.0,8.52,2.0,0.08,0.32,0.32,0.51,0.53,0.53
847994484808068483432,2025,Aston-Reese-Del Bel Belluz-Lundestrm,CBJ,line,5on5,2,915.0,8.0,0.37,0.35,0.41,4.27,0.36,0.43,1.13,0.21,2.8,2.07,0.36,0.39,0.39,3.0,4.0,2.0,9.0,0.0,1.0,0.0,1.0,0.0,2.0,3.0,3.0,7.0,2.0,4.0,3.0,8.0,1.0,3.0,6.0,0.0,1.0,0.11,0.0,0.25,0.0,0.0,0.0,9.34,7.0,7.2,2.0,0.09,0.01,0.01,0.44,0.47,0.47,6.98,0.62,0.49,1.73,0.24,4.0,2.93,0.59,0.64,0.6,6.0,4.0,7.0,17.0,0.0,1.0,0.0,1.0,0.0,6.0,2.0,6.0,10.0,1.0,2.0,12.0,5.0,0.0,3.0,8.0,1.0,1.0,0.23,0.11,0.28,0.0,0.0,0.0,17.54,10.0,10.32,1.0,0.1,0.28,0.28,0.44,0.45,0.44
847121484816568482088,2025,Ovechkin-Sourdif-Protas,WSH,line,5on5,11,755.0,149.0,0.81,0.67,0.61,11.1,1.67,0.81,2.65,0.37,5.0,3.51,1.58,1.69,1.6,6.0,8.0,4.0,18.0,1.0,4.0,0.0,1.0,0.0,1.0,7.0,5.0,13.0,0.0,0.0,7.0,2.0,2.0,2.0,6.0,5.0,3.0,0.26,0.64,0.77,0.0,1.0,0.0,18.08,14.0,13.97,2.0,0.18,0.96,0.96,0.88,0.87,0.86,6.18,0.39,0.38,1.58,0.24,3.48,2.93,0.39,0.38,0.38,4.0,5.0,0.0,9.0,1.0,0.0,0.0,1.0,0.0,3.0,4.0,3.0,8.0,1.0,2.0,5.0,1.0,0.0,2.0,7.0,2.0,0.0,0.12,0.27,0.0,0.0,1.0,0.0,9.12,9.0,8.98,0.0,0.08,0.0,0.0,0.46,0.46,0.46
847517084804598483516,2025,Schenn-Suter-Snuggerud,STL,line,5on5,7,849.0,77.0,0.26,0.28,0.23,3.71,0.24,0.15,0.84,0.12,1.82,1.82,0.24,0.25,0.25,2.0,3.0,3.0,8.0,0.0,0.0,0.0,0.0,0.0,1.0,4.0,2.0,5.0,0.0,0.0,7.0,5.0,1.0,3.0,4.0,1.0,0.0,0.13,0.11,0.0,0.0,0.0,0.0,8.26,5.0,5.17,2.0,0.03,0.0,0.0,0.27,0.29,0.29,12.43,0.67,0.73,2.96,0.38,7.06,5.19,0.67,0.64,0.64,13.0,4.0,4.0,21.0,0.0,0.0,0.0,4.0,0.0,3.0,10.0,13.0,17.0,0.0,0.0,6.0,4.0,0.0,4.0,14.0,3.0,0.0,0.33,0.35,0.0,0.0,0.0,0.0,20.41,17.0,16.54,2.0,0.15,0.0,0.0,0.82,0.79,0.78
847645984773808482157,2025,Cuylle-Zibanejad-Brodzinski,NYR,line,5on5,3,680.0,28.0,0.26,0.38,0.41,5.11,0.16,0.24,1.54,0.2,2.83,2.02,0.16,0.16,0.16,3.0,4.0,2.0,9.0,0.0,1.0,0.0,2.0,0.0,1.0,3.0,3.0,7.0,1.0,2.0,9.0,6.0,3.0,3.0,7.0,0.0,0.0,0.16,0.0,0.0,0.0,0.0,0.0,9.0,7.0,6.95,3.0,0.05,0.03,0.03,0.17,0.18,0.18,7.41,0.46,0.38,2.1,0.24,3.81,3.0,0.46,0.45,0.44,6.0,4.0,5.0,15.0,0.0,0.0,0.0,0.0,0.0,4.0,6.0,6.0,10.0,2.0,4.0,3.0,1.0,0.0,1.0,8.0,2.0,0.0,0.21,0.26,0.0,0.0,0.0,0.0,14.85,10.0,9.97,0.0,0.08,0.0,0.0,0.54,0.52,0.52
847805784784628481711,2025,Maccelli-Roy-Joshua,TOR,line,5on5,10,3555.0,77.0,0.48,0.45,0.44,22.14,1.94,1.41,5.46,0.76,13.01,9.41,1.93,1.94,1.92,16.0,16.0,13.0,45.0,2.0,1.0,0.0,1.0,0.0,14.0,14.0,14.0,30.0,2.0,4.0,33.0,22.0,3.0,19.0,22.0,8.0,2.0,0.62,0.82,0.5,2.0,0.0,0.0,45.26,32.0,32.1,9.0,0.29,0.01,0.01,2.22,2.22,2.2,29.56,2.11,1.87,7.97,0.98,15.46,11.61,2.06,2.13,2.08,24.0,16.0,15.0,55.0,2.0,2.0,0.0,6.0,0.0,16.0,14.0,22.0,38.0,4.0,8.0,26.0,24.0,2.0,16.0,32.0,8.0,0.0,1.06,1.06,0.0,0.0,2.0,0.0,54.6,40.0,39.88,7.0,0.39,0.23,0.23,2.27,2.3,2.25
847629284794078482110,2025,Palat-Mercer-Bratt,NJD,line,5on5,7,1392.0,92.0,0.48,0.51,0.5,8.57,0.61,0.63,2.1,0.35,5.51,3.79,0.57,0.6,0.56,10.0,3.0,10.0,23.0,0.0,1.0,0.0,3.0,0.0,8.0,1.0,10.0,13.0,1.0,2.0,7.0,6.0,1.0,9.0,12.0,1.0,0.0,0.52,0.1,0.0,0.0,0.0,0.0,22.23,13.0,12.71,6.0,0.13,0.07,0.07,0.67,0.65,0.61,8.8,0.66,0.59,2.2,0.3,5.69,3.56,0.66,0.67,0.67,9.0,4.0,9.0,22.0,0.0,0.0,0.0,1.0,0.0,7.0,5.0,9.0,13.0,0.0,0.0,12.0,10.0,2.0,11.0,10.0,3.0,0.0,0.25,0.41,0.0,0.0,0.0,0.0,21.91,13.0,12.88,8.0,0.12,0.0,0.0,0.78,0.79,0.79
84815938483457,2025,Hutson-Struble,MTL,pairing,5on5,31,16908.0,105.0,0.48,0.49,0.5,129.64,11.83,8.29,31.09,4.4,69.96,52.43,11.42,11.75,11.33,105.0,73.0,68.0,246.0,9.0,12.0,0.0,22.0,0.0,61.0,74.0,96.0,169.0,19.0,44.0,123.0,128.0,18.0,77.0,130.0,36.0,12.0,4.3,4.19,3.35,2.0,6.0,1.0,244.46,178.0,177.26,38.0,1.72,2.45,2.36,11.19,11.08,10.88,131.81,12.62,8.12,34.16,4.53,69.37,51.2,12.09,13.02,12.47,116.0,64.0,73.0,253.0,14.0,18.0,2.0,25.0,0.0,63.0,60.0,102.0,166.0,23.0,52.0,109.0,113.0,17.0,83.0,131.0,34.0,15.0,3.88,4.28,4.46,4.0,8.0,2.0,259.09,180.0,183.06,30.0,1.68,3.58,3.58,10.72,11.05,10.9
84828618484806,2025,Dickinson-Iorio,SJS,pairing,5on5,9,4808.0,37.0,0.4,0.45,0.45,34.59,2.91,2.37,8.63,1.2,19.7,14.2,2.76,2.96,2.81,22.0,27.0,22.0,71.0,5.0,5.0,2.0,4.0,0.0,19.0,16.0,17.0,44.0,3.0,6.0,34.0,23.0,5.0,20.0,40.0,6.0,3.0,1.34,0.87,0.7,2.0,2.0,1.0,71.52,49.0,49.84,12.0,0.49,0.8,0.8,2.6,2.62,2.57,44.45,4.28,3.1,10.59,1.43,23.61,17.98,4.09,4.26,4.08,41.0,20.0,27.0,88.0,3.0,6.0,0.0,7.0,0.0,27.0,18.0,38.0,58.0,2.0,4.0,35.0,34.0,7.0,21.0,43.0,13.0,5.0,1.24,1.64,1.4,1.0,2.0,0.0,89.79,61.0,62.0,10.0,0.65,1.3,1.3,3.63,3.65,3.6
847843884808428481577,2025,Hallander-Novak-Tomasino,PIT,line,5on5,3,1054.0,21.0,0.31,0.38,0.25,3.01,0.29,0.22,0.67,0.08,1.63,1.11,0.29,0.29,0.29,1.0,3.0,7.0,11.0,0.0,0.0,0.0,0.0,0.0,1.0,3.0,1.0,4.0,0.0,0.0,5.0,5.0,0.0,4.0,3.0,1.0,0.0,0.11,0.18,0.0,0.0,0.0,0.0,11.02,4.0,3.98,1.0,0.05,0.0,0.0,0.34,0.34,0.34,9.18,0.65,0.5,1.92,0.27,4.56,4.1,0.65,0.65,0.65,10.0,2.0,6.0,18.0,0.0,0.0,0.0,2.0,0.0,4.0,6.0,10.0,12.0,0.0,0.0,6.0,13.0,2.0,1.0,9.0,3.0,0.0,0.23,0.42,0.0,0.0,0.0,0.0,17.73,12.0,11.86,0.0,0.1,0.0,0.0,0.75,0.76,0.76
84747168482122,2025,Faber-Spurgeon,MIN,pairing,5on5,31,1459.0,273.0,0.52,0.48,0.54,15.24,1.28,1.05,3.86,0.5,8.08,6.23,1.26,1.28,1.26,16.0,5.0,2.0,23.0,0.0,2.0,0.0,7.0,0.0,3.0,9.0,16.0,21.0,0.0,0.0,3.0,10.0,1.0,5.0,16.0,4.0,1.0,0.5,0.45,0.34,0.0,0.0,0.0,23.4,21.0,21.17,2.0,0.21,0.46,0.46,1.04,1.04,1.03,14.0,1.17,0.95,3.37,0.4,6.43,5.67,1.11,1.23,1.17,7.0,11.0,7.0,25.0,0.0,2.0,0.0,2.0,0.0,4.0,10.0,7.0,18.0,1.0,2.0,7.0,6.0,5.0,8.0,12.0,5.0,1.0,0.33,0.62,0.23,0.0,0.0,0.0,25.56,18.0,18.59,4.0,0.19,0.32,0.32,1.05,1.1,1.08
847794984794208482659,2025,Tuch-Thompson-Doan,BUF,line,5on5,9,4436.0,30.0,0.51,0.53,0.49,44.07,4.34,3.05,10.67,1.38,22.45,16.1,4.14,4.21,4.02,30.0,28.0,24.0,82.0,6.0,4.0,1.0,7.0,0.0,24.0,17.0,24.0,52.0,3.0,6.0,35.0,20.0,12.0,17.0,39.0,14.0,5.0,1.11,1.9,1.33,2.0,2.0,2.0,80.21,58.0,56.39,6.0,0.64,0.81,0.81,4.17,4.04,3.98,45.28,4.11,2.68,11.84,1.41,22.61,17.35,3.93,4.38,4.19,39.0,21.0,12.0,72.0,4.0,7.0,1.0,11.0,0.0,16.0,22.0,35.0,56.0,5.0,10.0,42.0,20.0,5.0,23.0,46.0,8.0,6.0,1.29,1.02,1.8,1.0,1.0,2.0,75.37,60.0,63.17,12.0,0.56,1.72,1.72,2.95,3.12,3.04
84769678480803,2025,Kulak-Bouchard,EDM,pairing,5on5,19,860.0,162.0,0.47,0.54,0.47,6.44,0.4,0.4,1.3,0.2,3.84,2.87,0.39,0.41,0.4,7.0,2.0,5.0,14.0,1.0,0.0,0.0,3.0,0.0,4.0,1.0,6.0,8.0,0.0,0.0,4.0,1.0,0.0,7.0,8.0,1.0,0.0,0.29,0.1,0.0,1.0,0.0,0.0,13.84,9.0,9.01,3.0,0.08,0.0,0.0,0.47,0.49,0.48,7.19,0.45,0.41,1.84,0.24,3.77,3.29,0.45,0.46,0.46,7.0,3.0,2.0,12.0,0.0,0.0,0.0,4.0,0.0,3.0,3.0,7.0,10.0,1.0,2.0,2.0,4.0,2.0,5.0,9.0,1.0,0.0,0.31,0.14,0.0,0.0,0.0,0.0,12.4,10.0,10.27,2.0,0.08,0.0,0.0,0.53,0.54,0.54
847168584796758483808,2025,Kuzmenko-Kopitar-Moore,LAK,line,5on5,7,1732.0,46.0,0.56,0.61,0.51,15.33,1.58,1.05,3.81,0.49,8.32,5.76,1.44,1.55,1.42,12.0,9.0,13.0,34.0,1.0,2.0,0.0,5.0,0.0,8.0,5.0,11.0,20.0,1.0,2.0,14.0,3.0,2.0,3.0,15.0,1.0,5.0,0.34,0.14,1.1,0.0,1.0,0.0,33.48,21.0,20.57,1.0,0.22,0.42,0.42,1.38,1.36,1.34,15.06,1.24,0.97,3.43,0.47,7.96,5.93,1.16,1.21,1.14,14.0,6.0,2.0,22.0,1.0,2.0,0.0,4.0,0.0,7.0,6.0,13.0,19.0,4.0,8.0,12.0,14.0,2.0,10.0,14.0,4.0,2.0,0.26,0.42,0.56,0.0,1.0,0.0,21.92,20.0,20.0,3.0,0.21,0.29,0.29,1.16,1.15,1.14
847456484751588476887,2025,Forsberg-Stamkos-O'Reilly,NSH,line,5on5,23,6633.0,128.0,0.52,0.55,0.53,59.79,5.63,4.21,14.15,2.0,32.59,23.42,5.48,5.61,5.46,44.0,38.0,33.0,115.0,4.0,7.0,1.0,9.0,0.0,30.0,32.0,40.0,78.0,8.0,16.0,70.0,23.0,16.0,26.0,55.0,23.0,4.0,1.6,3.1,0.93,2.0,1.0,1.0,113.06,82.0,81.33,14.0,0.87,1.12,1.12,5.38,5.39,5.3,55.07,5.26,3.7,13.07,1.78,28.92,21.28,5.05,5.27,5.06,49.0,25.0,22.0,96.0,3.0,6.0,0.0,10.0,0.0,22.0,33.0,46.0,71.0,1.0,2.0,48.0,25.0,7.0,35.0,50.0,19.0,5.0,1.5,2.46,1.3,1.0,2.0,0.0,96.69,74.0,74.44,20.0,0.77,1.35,1.35,4.67,4.64,4.6
847802084815968482092,2025,Greig-Pinto-Amadio,OTT,line,5on5,14,1739.0,145.0,0.54,0.56,0.59,16.1,1.43,1.09,3.88,0.51,8.8,6.29,1.3,1.36,1.24,16.0,6.0,7.0,29.0,3.0,2.0,1.0,5.0,0.0,6.0,6.0,13.0,19.0,0.0,0.0,21.0,10.0,2.0,10.0,15.0,5.0,2.0,0.43,0.51,0.49,1.0,1.0,1.0,27.94,22.0,21.51,5.0,0.23,0.49,0.49,1.16,1.12,1.1,10.87,1.2,0.8,2.69,0.37,5.88,4.06,1.15,1.27,1.21,10.0,5.0,8.0,23.0,2.0,1.0,0.0,3.0,0.0,6.0,3.0,8.0,13.0,2.0,4.0,14.0,12.0,1.0,7.0,7.0,8.0,0.0,0.26,0.94,0.0,2.0,0.0,0.0,24.0,15.0,15.64,2.0,0.17,0.19,0.19,1.19,1.24,1.21
847591384779648478403,2025,Barbashev-Eichel-Stone,VGK,line,5on5,11,3041.0,59.0,0.55,0.59,0.64,34.28,2.11,2.0,8.5,1.09,18.78,14.52,2.09,2.19,2.16,32.0,15.0,14.0,61.0,6.0,2.0,1.0,8.0,0.0,19.0,12.0,26.0,41.0,1.0,2.0,29.0,15.0,5.0,21.0,42.0,3.0,2.0,1.25,0.38,0.48,3.0,2.0,1.0,62.68,47.0,48.01,4.0,0.41,0.13,0.13,2.39,2.48,2.46,19.96,1.7,1.17,4.92,0.65,10.48,8.07,1.67,1.69,1.65,18.0,9.0,15.0,42.0,3.0,1.0,0.0,5.0,0.0,9.0,9.0,15.0,24.0,3.0,6.0,32.0,14.0,3.0,12.0,19.0,6.0,2.0,0.45,0.69,0.57,2.0,1.0,0.0,41.58,27.0,27.05,7.0,0.24,0.34,0.34,1.61,1.61,1.59
847690784810248484136,2025,Maceachern-Sasson-Karlsson,VAN,line,5on5,3,872.0,12.0,0.41,0.67,0.59,7.17,0.58,0.43,1.72,0.23,4.05,2.99,0.58,0.55,0.55,7.0,3.0,6.0,16.0,1.0,0.0,0.0,2.0,0.0,5.0,2.0,6.0,9.0,1.0,2.0,4.0,3.0,0.0,5.0,7.0,3.0,0.0,0.22,0.36,0.0,0.0,1.0,0.0,15.25,10.0,9.76,3.0,0.09,0.0,0.0,0.67,0.64,0.64,5.02,0.82,0.39,1.07,0.18,2.56,1.97,0.81,0.89,0.88,5.0,2.0,1.0,8.0,2.0,1.0,0.0,2.0,0.0,0.0,2.0,3.0,5.0,3.0,6.0,5.0,5.0,1.0,8.0,4.0,2.0,1.0,0.19,0.35,0.28,1.0,1.0,0.0,8.27,7.0,7.24,5.0,0.08,0.18,0.18,0.72,0.79,0.79
847645984764688482109,2025,Lafrenire-Miller-Zibanejad,NYR,line,5on5,2,1447.0,3.0,0.5,0.47,0.48,10.55,0.92,0.63,2.62,0.34,5.44,4.04,0.88,0.98,0.93,8.0,6.0,4.0,18.0,1.0,1.0,0.0,1.0,0.0,2.0,9.0,7.0,13.0,0.0,0.0,16.0,14.0,2.0,7.0,10.0,4.0,0.0,0.32,0.6,0.0,0.0,1.0,0.0,18.77,14.0,14.62,4.0,0.13,0.19,0.19,0.86,0.9,0.87,11.42,0.9,0.72,2.92,0.37,5.8,4.29,0.86,0.93,0.89,10.0,5.0,5.0,20.0,2.0,2.0,1.0,2.0,0.0,5.0,4.0,8.0,13.0,0.0,0.0,10.0,11.0,3.0,9.0,11.0,4.0,0.0,0.34,0.56,0.0,1.0,1.0,0.0,20.27,15.0,15.3,7.0,0.15,0.18,0.18,0.86,0.88,0.86
84802468482482,2025,Wilsby-Perbix,NSH,pairing,5on5,14,647.0,120.0,0.41,0.39,0.5,3.21,0.23,0.24,0.77,0.13,2.07,1.57,0.23,0.22,0.22,3.0,2.0,2.0,7.0,2.0,0.0,0.0,0.0,0.0,2.0,1.0,1.0,3.0,1.0,5.0,2.0,3.0,2.0,2.0,4.0,1.0,0.0,0.11,0.12,0.0,1.0,1.0,0.0,6.61,5.0,4.81,0.0,0.05,0.0,0.0,0.27,0.26,0.26,3.93,0.32,0.29,0.69,0.11,2.1,1.48,0.32,0.32,0.32,4.0,1.0,6.0,11.0,2.0,0.0,0.0,0.0,0.0,1.0,2.0,2.0,3.0,1.0,5.0,4.0,3.0,2.0,3.0,3.0,2.0,0.0,0.11,0.21,0.0,1.0,1.0,0.0,10.56,5.0,5.03,2.0,0.06,0.0,0.0,0.38,0.38,0.38
847701584799968481721,2025,Brown-Glass-Gritsyuk,NJD,line,5on5,13,6703.0,41.0,0.53,0.62,0.59,64.03,4.79,4.12,16.2,2.19,35.82,25.87,4.7,4.9,4.8,60.0,29.0,38.0,127.0,6.0,4.0,0.0,18.0,0.0,30.0,31.0,54.0,83.0,8.0,16.0,52.0,29.0,9.0,29.0,71.0,16.0,2.0,2.04,2.25,0.5,2.0,4.0,0.0,128.68,89.0,90.04,13.0,0.85,0.71,0.71,4.93,5.02,4.97,46.33,4.21,3.03,12.27,1.58,24.06,17.86,4.14,4.3,4.23,43.0,20.0,15.0,78.0,5.0,4.0,0.0,8.0,1.0,21.0,24.0,38.0,58.0,5.0,10.0,63.0,41.0,6.0,41.0,46.0,11.0,6.0,1.37,1.35,1.49,2.0,1.0,2.0,80.8,63.0,64.51,22.0,0.63,0.4,0.4,4.44,4.56,4.5
84812198482511,2025,Aspirot-Lohrei,BOS,pairing,5on5,9,2093.0,51.0,0.46,0.48,0.45,18.04,1.61,1.15,4.83,0.56,9.04,6.8,1.57,1.65,1.61,15.0,9.0,7.0,31.0,3.0,2.0,0.0,5.0,0.0,5.0,9.0,12.0,21.0,2.0,4.0,15.0,21.0,1.0,17.0,17.0,6.0,1.0,0.5,0.81,0.31,1.0,2.0,0.0,32.4,24.0,24.77,9.0,0.24,0.33,0.33,1.52,1.59,1.58,20.81,1.86,1.37,5.23,0.68,11.22,8.65,1.81,1.95,1.9,14.0,15.0,5.0,34.0,1.0,1.0,0.0,6.0,0.0,10.0,11.0,13.0,28.0,1.0,2.0,13.0,23.0,4.0,14.0,22.0,5.0,2.0,0.63,0.76,0.47,0.0,1.0,0.0,35.54,29.0,29.81,6.0,0.29,0.19,0.19,1.95,2.02,1.99
847584884781338480813,2025,Evans-Veleno-Gallagher,MTL,line,5on5,4,699.0,46.0,0.32,0.56,0.43,2.19,0.1,0.11,0.64,0.07,1.23,0.85,0.1,0.12,0.11,3.0,0.0,7.0,10.0,1.0,0.0,0.0,0.0,0.0,2.0,0.0,2.0,2.0,0.0,0.0,5.0,8.0,0.0,1.0,3.0,0.0,0.0,0.1,0.0,0.0,1.0,0.0,0.0,10.75,3.0,3.45,1.0,0.02,0.0,0.0,0.12,0.14,0.14,3.05,0.21,0.27,1.0,0.1,1.52,0.9,0.21,0.2,0.2,0.0,4.0,4.0,8.0,0.0,0.0,0.0,0.0,0.0,0.0,4.0,0.0,4.0,1.0,2.0,6.0,8.0,0.0,4.0,3.0,1.0,0.0,0.12,0.09,0.0,0.0,0.0,0.0,7.71,4.0,3.83,2.0,0.06,0.0,0.0,0.27,0.26,0.25
84764578476467,2025,Oleksiak-Larsson,SEA,pairing,5on5,26,1401.0,208.0,0.34,0.34,0.26,4.67,0.65,0.34,1.0,0.15,2.07,1.79,0.56,0.6,0.52,6.0,0.0,6.0,12.0,0.0,1.0,0.0,3.0,0.0,1.0,1.0,6.0,6.0,0.0,0.0,2.0,11.0,3.0,5.0,3.0,2.0,1.0,0.08,0.25,0.31,0.0,0.0,0.0,11.82,6.0,5.78,1.0,0.07,0.31,0.31,0.41,0.39,0.34,12.42,1.27,0.84,2.68,0.37,6.77,5.07,1.25,1.25,1.23,13.0,4.0,6.0,23.0,2.0,1.0,0.0,5.0,0.0,3.0,6.0,11.0,15.0,2.0,4.0,4.0,9.0,0.0,8.0,10.0,7.0,0.0,0.35,0.92,0.0,1.0,1.0,0.0,22.98,17.0,16.88,6.0,0.17,0.15,0.15,1.29,1.28,1.27
84768928481006,2025,Tucker-Parayko,STL,pairing,5on5,20,1342.0,169.0,0.8,0.54,0.59,13.73,2.58,1.01,3.57,0.5,5.48,3.87,2.27,2.54,2.24,10.0,7.0,5.0,22.0,2.0,4.0,2.0,2.0,0.0,6.0,3.0,8.0,15.0,2.0,4.0,9.0,15.0,3.0,4.0,6.0,6.0,5.0,0.17,0.9,1.5,0.0,1.0,1.0,22.37,17.0,17.4,0.0,0.22,1.07,1.07,1.72,1.73,1.69,8.79,0.65,0.58,2.22,0.29,4.88,3.38,0.63,0.67,0.65,6.0,6.0,7.0,19.0,2.0,1.0,0.0,1.0,0.0,5.0,3.0,4.0,10.0,4.0,8.0,9.0,11.0,1.0,10.0,9.0,3.0,0.0,0.23,0.42,0.0,1.0,1.0,0.0,19.67,12.0,12.53,3.0,0.12,0.12,0.12,0.65,0.66,0.65
847841484815598482110,2025,Hughes-Mercer-Meier,NJD,line,5on5,15,845.0,173.0,0.64,0.43,0.47,6.12,0.74,0.37,1.22,0.19,3.02,2.45,0.7,0.7,0.67,7.0,1.0,1.0,9.0,2.0,1.0,0.0,2.0,0.0,0.0,3.0,5.0,6.0,0.0,0.0,3.0,5.0,1.0,4.0,4.0,3.0,1.0,0.13,0.33,0.28,1.0,1.0,0.0,8.77,8.0,7.83,2.0,0.08,0.28,0.28,0.54,0.52,0.51,6.62,0.42,0.39,1.79,0.19,3.65,2.57,0.41,0.42,0.41,5.0,4.0,3.0,12.0,0.0,1.0,0.0,3.0,0.0,1.0,4.0,5.0,9.0,0.0,0.0,2.0,5.0,2.0,4.0,7.0,2.0,0.0,0.13,0.29,0.0,0.0,0.0,0.0,11.67,9.0,8.74,1.0,0.08,0.2,0.2,0.3,0.29,0.29
84774988478013,2025,Nurse-Walman,EDM,pairing,5on5,16,12627.0,35.0,0.42,0.45,0.45,98.52,8.29,6.1,23.72,3.09,51.48,39.32,8.14,8.46,8.32,91.0,41.0,57.0,189.0,10.0,5.0,1.0,16.0,0.0,44.0,57.0,81.0,122.0,12.0,30.0,105.0,74.0,20.0,58.0,97.0,27.0,8.0,3.0,3.28,2.01,6.0,4.0,0.0,192.36,132.0,134.22,30.0,1.26,0.86,0.86,8.69,8.86,8.73,117.61,11.25,7.63,28.16,3.76,63.23,45.96,10.89,11.24,10.88,102.0,58.0,70.0,230.0,10.0,15.0,1.0,20.0,1.0,47.0,67.0,92.0,150.0,13.0,32.0,86.0,55.0,20.0,57.0,111.0,40.0,9.0,3.77,5.05,2.44,4.0,5.0,1.0,229.22,160.0,159.88,28.0,1.58,3.04,3.04,9.79,9.71,9.5
84816078482762,2025,Edvinsson-Johansson,DET,pairing,5on5,31,2527.0,207.0,0.62,0.59,0.6,18.81,1.85,1.29,4.45,0.61,9.58,7.23,1.79,1.86,1.8,14.0,11.0,9.0,34.0,0.0,4.0,0.0,2.0,0.0,5.0,14.0,14.0,25.0,1.0,2.0,13.0,12.0,3.0,7.0,18.0,3.0,4.0,0.6,0.31,0.94,0.0,0.0,0.0,33.75,25.0,24.96,4.0,0.27,0.56,0.54,1.57,1.59,1.58,12.75,1.12,0.87,3.25,0.4,6.44,4.92,1.06,1.1,1.05,14.0,3.0,7.0,24.0,0.0,1.0,0.0,3.0,0.0,6.0,7.0,14.0,17.0,1.0,2.0,6.0,13.0,2.0,13.0,13.0,3.0,1.0,0.41,0.34,0.37,0.0,0.0,0.0,23.77,17.0,16.91,4.0,0.19,0.37,0.37,0.93,0.92,0.91
84764628483495,2025,Nemec-Hamilton,NJD,pairing,5on5,16,791.0,136.0,0.57,0.52,0.58,8.3,0.81,0.6,2.06,0.27,4.03,3.22,0.81,0.79,0.79,5.0,6.0,1.0,12.0,0.0,0.0,0.0,1.0,0.0,4.0,6.0,5.0,11.0,1.0,2.0,2.0,4.0,0.0,7.0,7.0,4.0,0.0,0.24,0.58,0.0,0.0,0.0,0.0,11.04,11.0,10.2,5.0,0.13,0.0,0.0,0.94,0.91,0.91,6.06,0.62,0.37,1.74,0.21,2.99,2.07,0.59,0.61,0.59,5.0,3.0,3.0,11.0,0.0,1.0,0.0,1.0,0.0,4.0,2.0,5.0,8.0,1.0,2.0,1.0,7.0,3.0,5.0,6.0,1.0,1.0,0.18,0.11,0.33,0.0,0.0,0.0,11.16,8.0,8.13,0.0,0.08,0.33,0.33,0.37,0.36,0.34
847569284788648482079,2025,Kaprizov-Rossi-Zuccarello,MIN,line,5on5,3,2090.0,3.0,0.43,0.35,0.34,11.31,1.22,0.85,2.78,0.4,6.2,4.55,1.19,1.29,1.26,10.0,6.0,6.0,22.0,1.0,1.0,0.0,1.0,0.0,7.0,6.0,9.0,15.0,2.0,4.0,16.0,6.0,4.0,8.0,10.0,6.0,0.0,0.36,0.86,0.0,1.0,0.0,0.0,23.53,16.0,16.96,4.0,0.18,0.18,0.18,1.21,1.26,1.25,22.27,1.61,1.46,5.39,0.65,12.81,9.08,1.59,1.6,1.58,22.0,9.0,10.0,41.0,2.0,1.0,0.0,7.0,0.0,11.0,10.0,20.0,29.0,3.0,6.0,18.0,15.0,3.0,10.0,26.0,4.0,1.0,0.87,0.53,0.22,1.0,1.0,0.0,40.45,31.0,30.45,5.0,0.3,0.16,0.16,1.75,1.75,1.73
84747168482094,2025,Hunt-Spurgeon,MIN,pairing,5on5,6,1219.0,39.0,0.62,0.35,0.44,5.25,0.35,0.24,1.25,0.16,2.62,2.38,0.35,0.34,0.34,3.0,4.0,2.0,9.0,0.0,0.0,0.0,0.0,0.0,5.0,2.0,3.0,7.0,0.0,0.0,6.0,17.0,4.0,7.0,5.0,2.0,0.0,0.13,0.22,0.0,0.0,0.0,0.0,8.91,7.0,6.92,5.0,0.05,0.0,0.0,0.4,0.39,0.39,6.09,0.21,0.31,1.88,0.19,3.57,2.83,0.21,0.22,0.21,7.0,2.0,8.0,17.0,0.0,0.0,0.0,2.0,0.0,3.0,4.0,7.0,9.0,0.0,0.0,7.0,6.0,2.0,5.0,9.0,0.0,0.0,0.21,0.0,0.0,0.0,0.0,0.0,16.87,9.0,8.83,4.0,0.06,0.0,0.0,0.28,0.28,0.28
847750584807988482667,2025,Eklund-Wennberg-Kurashev,SJS,line,5on5,9,5013.0,32.0,0.49,0.51,0.49,28.36,2.68,1.91,6.84,0.95,15.79,11.83,2.6,2.7,2.61,29.0,11.0,28.0,68.0,4.0,1.0,0.0,9.0,0.0,16.0,10.0,25.0,36.0,5.0,10.0,38.0,24.0,8.0,25.0,29.0,9.0,2.0,1.01,1.24,0.43,2.0,2.0,0.0,67.44,40.0,39.86,10.0,0.4,0.03,0.03,3.04,3.07,2.97,29.67,2.84,1.93,8.13,1.02,16.13,11.95,2.81,2.8,2.77,30.0,12.0,24.0,66.0,2.0,2.0,0.0,5.0,0.0,16.0,17.0,28.0,40.0,2.0,4.0,42.0,18.0,2.0,29.0,30.0,9.0,3.0,0.71,1.15,0.97,1.0,1.0,0.0,64.03,42.0,41.54,13.0,0.4,0.46,0.46,2.78,2.74,2.72
84768548479325,2025,Lindholm-Mcavoy,BOS,pairing,5on5,18,2151.0,135.0,0.51,0.57,0.62,24.55,1.58,1.63,6.48,0.79,13.15,9.37,1.51,1.6,1.52,20.0,13.0,6.0,39.0,2.0,4.0,1.0,5.0,0.0,15.0,7.0,18.0,31.0,3.0,6.0,16.0,17.0,0.0,13.0,27.0,4.0,2.0,0.69,0.4,0.48,1.0,1.0,0.0,37.69,33.0,32.62,8.0,0.33,0.46,0.46,1.46,1.47,1.44,15.32,1.52,0.97,3.97,0.54,7.31,5.69,1.46,1.57,1.51,12.0,8.0,9.0,29.0,1.0,2.0,0.0,3.0,0.0,5.0,9.0,11.0,19.0,2.0,4.0,11.0,14.0,2.0,6.0,13.0,5.0,2.0,0.32,0.77,0.42,1.0,0.0,0.0,30.36,20.0,20.62,2.0,0.21,0.4,0.4,1.32,1.37,1.31
847584884800748480813,2025,Texier-Veleno-Gallagher,MTL,line,5on5,6,610.0,79.0,0.55,0.58,0.64,5.69,0.37,0.41,1.36,0.23,3.86,2.78,0.36,0.34,0.33,3.0,6.0,2.0,11.0,0.0,0.0,0.0,0.0,0.0,6.0,3.0,3.0,9.0,3.0,6.0,4.0,5.0,1.0,3.0,8.0,1.0,0.0,0.29,0.08,0.0,0.0,0.0,0.0,9.74,9.0,8.0,1.0,0.08,0.0,0.0,0.45,0.41,0.4,3.44,0.3,0.32,0.75,0.15,2.1,1.39,0.3,0.32,0.32,3.0,2.0,3.0,8.0,1.0,0.0,0.0,0.0,0.0,2.0,2.0,2.0,4.0,1.0,2.0,5.0,6.0,1.0,4.0,2.0,3.0,0.0,0.03,0.27,0.0,0.0,1.0,0.0,9.14,5.0,5.5,2.0,0.07,0.0,0.0,0.36,0.39,0.39
84788408482073,2025,Schneider-Borgen,NYR,pairing,5on5,23,2240.0,187.0,0.45,0.37,0.44,18.55,1.93,1.18,4.1,0.57,9.04,7.18,1.92,1.91,1.9,14.0,10.0,8.0,32.0,0.0,0.0,0.0,5.0,0.0,8.0,11.0,14.0,24.0,2.0,4.0,11.0,16.0,5.0,11.0,12.0,11.0,1.0,0.49,1.24,0.2,0.0,0.0,0.0,31.37,24.0,23.38,8.0,0.25,0.0,0.0,2.18,2.16,2.14,21.64,2.32,1.35,5.27,0.72,11.61,8.73,2.31,2.25,2.24,14.0,16.0,25.0,55.0,2.0,1.0,0.0,4.0,0.0,11.0,12.0,12.0,28.0,2.0,4.0,17.0,12.0,5.0,12.0,20.0,8.0,2.0,0.64,1.07,0.61,0.0,2.0,0.0,54.65,30.0,29.76,4.0,0.29,0.31,0.31,2.29,2.23,2.21
84789118480990,2025,Chisholm-Roy,WSH,pairing,5on5,12,953.0,103.0,0.58,0.3,0.39,5.21,0.6,0.33,1.19,0.18,2.66,2.04,0.6,0.58,0.58,3.0,4.0,2.0,9.0,0.0,0.0,0.0,0.0,0.0,0.0,7.0,3.0,7.0,0.0,0.0,1.0,6.0,0.0,7.0,4.0,2.0,1.0,0.13,0.18,0.3,0.0,0.0,0.0,9.18,7.0,7.09,3.0,0.07,0.0,0.0,0.67,0.65,0.65,8.35,0.44,0.48,1.97,0.24,4.53,3.35,0.43,0.44,0.43,5.0,6.0,10.0,21.0,0.0,0.0,0.0,2.0,0.0,4.0,5.0,5.0,11.0,0.0,0.0,4.0,5.0,2.0,1.0,10.0,1.0,0.0,0.31,0.13,0.0,0.0,0.0,0.0,20.92,11.0,11.15,0.0,0.1,0.0,0.0,0.53,0.53,0.53
84768538476931,2025,Mccabe-Rielly,TOR,pairing,5on5,33,2224.0,274.0,0.47,0.43,0.45,22.7,1.92,1.49,5.46,0.7,11.29,9.14,1.86,1.95,1.89,23.0,7.0,8.0,38.0,4.0,1.0,0.0,3.0,0.0,4.0,18.0,19.0,26.0,1.0,2.0,9.0,2.0,1.0,9.0,19.0,10.0,1.0,0.47,1.22,0.24,0.0,4.0,0.0,38.06,30.0,30.37,7.0,0.32,0.24,0.24,2.0,2.04,1.99,26.68,2.18,1.64,6.16,0.83,14.31,10.89,2.15,2.22,2.19,24.0,12.0,14.0,50.0,5.0,3.0,1.0,4.0,0.0,11.0,13.0,19.0,31.0,1.0,2.0,6.0,10.0,1.0,13.0,27.0,6.0,3.0,0.84,0.68,0.66,1.0,2.0,2.0,50.58,36.0,36.22,4.0,0.34,0.28,0.28,2.23,2.31,2.29
847637484795918482634,2025,Eyssimont-Kuraly-Steeves,BOS,line,5on5,10,774.0,102.0,0.83,0.71,0.74,10.79,1.39,0.78,2.66,0.35,5.11,3.7,1.33,1.37,1.32,10.0,4.0,8.0,22.0,1.0,3.0,0.0,1.0,0.0,7.0,2.0,9.0,13.0,0.0,0.0,5.0,7.0,1.0,4.0,9.0,2.0,3.0,0.38,0.2,0.81,0.0,0.0,1.0,21.03,14.0,13.2,2.0,0.16,0.53,0.53,1.02,1.0,0.99,3.71,0.28,0.25,1.07,0.11,1.96,1.33,0.27,0.28,0.27,3.0,2.0,4.0,9.0,0.0,0.0,0.0,1.0,0.0,1.0,3.0,3.0,5.0,2.0,4.0,6.0,7.0,0.0,1.0,3.0,2.0,0.0,0.08,0.2,0.0,0.0,0.0,0.0,9.05,5.0,5.2,0.0,0.05,0.0,0.0,0.33,0.33,0.32
847740484780108482201,2025,Goncalves-Point-Guentzel,TBL,line,5on5,10,1272.0,118.0,0.59,0.47,0.41,8.16,1.05,0.52,1.77,0.26,4.27,3.13,1.04,1.03,1.02,10.0,1.0,7.0,18.0,2.0,0.0,0.0,0.0,0.0,4.0,5.0,8.0,9.0,0.0,0.0,5.0,3.0,1.0,3.0,7.0,2.0,2.0,0.26,0.3,0.5,1.0,0.0,1.0,17.74,11.0,10.76,1.0,0.11,0.0,0.0,1.16,1.14,1.12,11.35,0.74,0.62,2.99,0.38,6.25,5.01,0.73,0.75,0.74,12.0,4.0,4.0,20.0,0.0,0.0,0.0,2.0,0.0,5.0,9.0,12.0,16.0,2.0,4.0,13.0,6.0,2.0,9.0,12.0,3.0,1.0,0.25,0.28,0.21,0.0,0.0,0.0,20.24,16.0,16.2,3.0,0.13,0.0,0.0,0.86,0.88,0.87
847810984795258480835,2025,Olofsson-Drury-Colton,COL,line,5on5,18,5225.0,90.0,0.63,0.64,0.63,58.6,4.89,3.78,16.36,2.01,31.98,22.99,4.72,5.05,4.88,57.0,25.0,36.0,118.0,2.0,5.0,0.0,10.0,0.0,40.0,25.0,55.0,80.0,6.0,15.0,49.0,27.0,8.0,19.0,61.0,16.0,5.0,1.6,2.1,1.19,0.0,2.0,0.0,123.31,82.0,85.34,6.0,0.79,0.89,0.89,4.79,4.97,4.83,35.43,2.82,2.08,10.2,1.28,18.99,13.64,2.74,2.73,2.66,28.0,21.0,18.0,67.0,3.0,6.0,1.0,7.0,0.0,15.0,18.0,25.0,46.0,5.0,13.0,42.0,39.0,7.0,37.0,39.0,6.0,4.0,0.81,0.84,1.18,2.0,0.0,1.0,64.56,49.0,47.47,24.0,0.43,1.04,1.04,2.21,2.18,2.16
847647484768228481032,2025,Cotter-Glendening-Noesen,NJD,line,5on5,18,4496.0,119.0,0.37,0.45,0.42,33.01,2.88,2.04,9.48,1.15,16.34,13.11,2.68,2.89,2.69,34.0,11.0,23.0,68.0,1.0,7.0,0.0,4.0,0.0,24.0,9.0,33.0,44.0,5.0,10.0,42.0,56.0,5.0,17.0,37.0,3.0,5.0,0.9,0.38,1.59,0.0,1.0,0.0,65.79,45.0,44.21,12.0,0.43,1.59,1.58,1.73,1.72,1.68,45.33,4.86,3.0,11.87,1.68,24.26,17.33,4.63,4.88,4.65,46.0,17.0,20.0,83.0,2.0,10.0,0.0,9.0,0.0,18.0,24.0,44.0,61.0,5.0,10.0,41.0,40.0,4.0,21.0,46.0,9.0,8.0,1.21,1.1,2.55,2.0,0.0,0.0,84.9,63.0,63.22,12.0,0.62,2.11,2.11,3.37,3.35,3.31
847750384793188482259,2025,Mcmann-Matthews-Domi,TOR,line,5on5,5,3277.0,12.0,0.7,0.61,0.63,37.65,3.79,2.64,9.44,1.19,20.19,13.75,3.44,3.74,3.39,40.0,11.0,10.0,61.0,4.0,5.0,2.0,11.0,0.0,19.0,12.0,36.0,47.0,3.0,6.0,34.0,13.0,5.0,19.0,32.0,13.0,6.0,0.79,1.54,1.46,1.0,1.0,2.0,61.37,51.0,51.12,11.0,0.55,0.99,0.99,3.35,3.3,3.16,21.76,1.65,1.42,6.04,0.74,11.79,8.36,1.64,1.67,1.65,19.0,11.0,9.0,39.0,3.0,1.0,0.0,4.0,0.0,12.0,10.0,16.0,27.0,2.0,4.0,30.0,11.0,4.0,18.0,23.0,6.0,1.0,0.64,0.76,0.26,2.0,1.0,0.0,38.93,30.0,30.02,10.0,0.3,0.26,0.26,1.7,1.71,1.7
847798984784398481533,2025,Zegras-Dvorak-Konecny,PHI,line,5on5,25,9282.0,150.0,0.53,0.48,0.48,86.55,8.77,6.14,21.37,3.02,45.0,32.7,8.38,8.75,8.36,80.0,37.0,42.0,159.0,9.0,13.0,1.0,12.0,0.0,39.0,44.0,71.0,108.0,11.0,22.0,80.0,29.0,13.0,46.0,76.0,34.0,7.0,2.53,4.48,1.75,2.0,4.0,3.0,158.17,117.0,115.66,17.0,1.29,2.13,2.13,7.94,7.89,7.64,95.27,7.92,5.69,24.39,2.97,50.46,36.57,7.72,7.88,7.67,73.0,55.0,42.0,170.0,9.0,7.0,0.0,9.0,0.0,44.0,59.0,64.0,119.0,9.0,19.0,74.0,56.0,8.0,46.0,96.0,25.0,7.0,2.98,3.0,1.94,3.0,6.0,0.0,168.83,128.0,127.7,21.0,1.18,1.43,1.43,7.68,7.63,7.54
847749684779568478401,2025,Zacha-Lindholm-Pastrnak,BOS,line,5on5,5,906.0,49.0,0.32,0.3,0.37,5.11,0.45,0.27,1.56,0.17,2.66,1.89,0.29,0.45,0.29,4.0,3.0,1.0,8.0,0.0,0.0,0.0,2.0,0.0,2.0,3.0,4.0,7.0,0.0,0.0,17.0,5.0,1.0,5.0,6.0,0.0,1.0,0.21,0.0,0.25,0.0,0.0,0.0,7.89,7.0,6.96,0.0,0.06,0.0,0.25,0.26,0.26,0.25,8.66,0.96,0.61,1.97,0.32,4.86,3.27,0.95,0.95,0.94,8.0,4.0,7.0,19.0,2.0,1.0,0.0,1.0,0.0,4.0,4.0,6.0,10.0,0.0,0.0,7.0,1.0,0.0,2.0,7.0,5.0,0.0,0.29,0.67,0.0,1.0,1.0,0.0,19.46,12.0,12.37,1.0,0.13,0.07,0.07,1.03,1.02,1.0
847398684751848484153,2025,Killorn-Carlsson-Kreider,ANA,line,5on5,9,1871.0,85.0,0.6,0.61,0.61,22.13,2.6,1.7,5.17,0.74,11.87,7.92,2.47,2.59,2.46,19.0,11.0,9.0,39.0,3.0,3.0,0.0,3.0,0.0,12.0,9.0,16.0,27.0,1.0,2.0,12.0,12.0,3.0,9.0,19.0,8.0,3.0,0.74,1.09,0.77,3.0,0.0,0.0,37.75,30.0,29.27,3.0,0.36,0.72,0.72,2.24,2.21,2.15,14.21,1.75,1.04,3.11,0.44,7.5,5.16,1.71,1.85,1.81,11.0,8.0,6.0,25.0,2.0,0.0,0.0,1.0,1.0,6.0,9.0,9.0,17.0,4.0,8.0,18.0,11.0,3.0,11.0,10.0,7.0,2.0,0.33,0.84,0.58,1.0,1.0,0.0,26.4,19.0,19.77,5.0,0.22,0.0,0.0,1.97,2.08,2.04
847578484775058482667,2025,Skinner-Wennberg-Eklund,SJS,line,5on5,4,1920.0,16.0,0.47,0.52,0.51,14.84,0.84,1.01,3.68,0.46,8.61,6.39,0.81,0.86,0.83,16.0,5.0,11.0,32.0,0.0,0.0,0.0,4.0,0.0,9.0,8.0,16.0,21.0,2.0,4.0,16.0,6.0,1.0,12.0,18.0,3.0,0.0,0.5,0.34,0.0,0.0,0.0,0.0,32.41,21.0,20.97,5.0,0.2,0.0,0.0,1.04,1.07,1.03,14.98,0.93,0.91,3.58,0.43,8.17,5.99,0.93,0.89,0.88,12.0,8.0,10.0,30.0,2.0,0.0,0.0,1.0,0.0,5.0,12.0,10.0,18.0,4.0,8.0,9.0,8.0,1.0,12.0,18.0,2.0,0.0,0.71,0.22,0.0,2.0,0.0,0.0,29.06,20.0,19.39,7.0,0.19,0.0,0.0,1.12,1.07,1.06
847750084824768485702,2025,Heineman-Horvat-Shabanov,NYI,line,5on5,10,4670.0,36.0,0.37,0.44,0.48,43.3,3.29,2.54,10.66,1.45,24.17,17.88,3.2,3.26,3.17,44.0,16.0,18.0,78.0,3.0,5.0,2.0,8.0,0.0,23.0,21.0,41.0,57.0,3.0,6.0,37.0,31.0,6.0,27.0,48.0,10.0,2.0,1.54,1.25,0.51,1.0,0.0,2.0,78.39,60.0,59.82,14.0,0.52,0.82,0.82,2.99,2.96,2.92,47.16,5.53,3.4,12.03,1.62,23.91,17.5,5.03,5.58,5.08,44.0,20.0,35.0,99.0,4.0,10.0,0.0,5.0,0.0,27.0,18.0,40.0,60.0,7.0,14.0,33.0,34.0,7.0,18.0,41.0,13.0,10.0,1.14,1.6,2.8,3.0,1.0,0.0,98.61,64.0,64.25,11.0,0.73,2.4,2.4,3.86,3.91,3.78
84826558482929,2025,Moser-Lilleberg,TBL,pairing,5on5,27,3363.0,161.0,0.5,0.56,0.56,29.42,2.68,1.8,7.16,0.94,15.32,12.1,2.58,2.66,2.56,27.0,13.0,12.0,52.0,4.0,4.0,0.0,9.0,0.0,11.0,12.0,23.0,36.0,4.0,8.0,16.0,14.0,4.0,16.0,28.0,9.0,3.0,0.9,1.0,0.78,2.0,2.0,0.0,53.44,40.0,40.86,5.0,0.37,0.75,0.75,2.3,2.31,2.26,23.97,2.65,1.71,6.89,0.88,11.06,7.81,2.36,2.55,2.28,22.0,9.0,10.0,41.0,1.0,4.0,0.0,7.0,0.0,12.0,7.0,21.0,30.0,6.0,12.0,17.0,24.0,5.0,7.0,17.0,12.0,2.0,0.41,1.55,0.69,0.0,0.0,1.0,39.77,31.0,30.47,2.0,0.36,0.83,0.83,2.18,2.14,2.09
847646184784398484387,2025,Konecny-Couturier-Michkov,PHI,line,5on5,19,3511.0,193.0,0.53,0.47,0.49,26.07,2.54,1.85,5.95,0.83,14.63,10.21,2.5,2.56,2.52,26.0,10.0,18.0,54.0,3.0,1.0,0.0,5.0,0.0,15.0,12.0,23.0,33.0,5.0,10.0,24.0,18.0,6.0,24.0,24.0,10.0,2.0,0.78,1.18,0.58,0.0,2.0,1.0,53.11,36.0,35.57,13.0,0.39,0.14,0.14,2.78,2.8,2.76,27.83,2.21,1.66,6.81,0.84,14.93,10.55,2.04,2.22,2.05,27.0,10.0,24.0,61.0,5.0,2.0,0.0,6.0,0.0,15.0,9.0,22.0,32.0,0.0,0.0,34.0,15.0,3.0,16.0,29.0,5.0,3.0,0.89,0.48,0.84,4.0,1.0,0.0,62.59,37.0,37.74,7.0,0.35,0.63,0.63,1.94,1.97,1.95
847062184824088482726,2025,Malott-Helenius-Perry,LAK,line,5on5,3,858.0,12.0,0.24,0.34,0.4,5.47,0.34,0.32,1.45,0.2,3.29,2.39,0.33,0.35,0.34,6.0,2.0,2.0,10.0,1.0,0.0,0.0,2.0,0.0,4.0,1.0,5.0,7.0,0.0,0.0,8.0,15.0,1.0,2.0,7.0,1.0,0.0,0.26,0.09,0.0,0.0,1.0,0.0,10.26,8.0,8.18,1.0,0.07,0.0,0.0,0.41,0.42,0.41,9.3,1.07,0.54,2.77,0.32,3.98,3.32,1.05,1.05,1.02,11.0,1.0,7.0,19.0,1.0,2.0,0.0,1.0,0.0,4.0,4.0,10.0,11.0,1.0,2.0,10.0,11.0,0.0,5.0,8.0,2.0,2.0,0.32,0.28,0.47,0.0,1.0,0.0,18.64,12.0,11.83,4.0,0.12,0.43,0.43,0.76,0.74,0.74
847897584800098483524,2025,Marchment-Wright-Tolvanen,SEA,line,5on5,11,1267.0,114.0,0.28,0.53,0.35,4.55,0.25,0.22,1.24,0.14,2.29,1.85,0.25,0.24,0.24,2.0,4.0,12.0,18.0,0.0,0.0,0.0,1.0,0.0,2.0,3.0,2.0,6.0,0.0,0.0,9.0,13.0,1.0,6.0,5.0,1.0,0.0,0.1,0.14,0.0,0.0,0.0,0.0,17.34,6.0,5.82,3.0,0.04,0.0,0.0,0.29,0.29,0.29,7.84,0.64,0.48,2.1,0.26,4.48,3.05,0.64,0.65,0.65,6.0,5.0,5.0,16.0,1.0,0.0,0.0,2.0,0.0,3.0,5.0,5.0,10.0,2.0,4.0,11.0,9.0,1.0,7.0,8.0,2.0,1.0,0.18,0.25,0.21,0.0,0.0,1.0,16.55,11.0,11.36,3.0,0.1,0.0,0.0,0.74,0.75,0.75
847961984808498482699,2025,Carcone-Hayton-Guenther,UTA,line,5on5,7,1262.0,70.0,0.56,0.62,0.64,16.77,1.25,0.91,4.27,0.56,9.33,6.68,1.16,1.2,1.12,14.0,9.0,6.0,29.0,1.0,1.0,0.0,1.0,0.0,8.0,12.0,13.0,22.0,0.0,0.0,12.0,5.0,2.0,5.0,20.0,2.0,1.0,0.6,0.28,0.37,1.0,0.0,0.0,28.76,23.0,22.75,1.0,0.19,0.37,0.37,1.07,1.05,1.01,9.9,0.97,0.55,2.41,0.34,4.8,3.93,0.89,0.97,0.89,5.0,8.0,5.0,18.0,0.0,1.0,0.0,2.0,0.0,2.0,8.0,5.0,13.0,2.0,4.0,7.0,8.0,2.0,7.0,9.0,2.0,2.0,0.26,0.2,0.52,0.0,0.0,0.0,17.61,13.0,12.67,5.0,0.12,0.31,0.31,0.78,0.76,0.69
847847484796198480855,2025,Crouse-Mcbain-Carcone,UTA,line,5on5,24,10657.0,91.0,0.55,0.58,0.58,119.24,12.21,8.08,30.59,4.03,59.69,42.41,11.66,12.63,12.07,94.0,63.0,64.0,221.0,8.0,12.0,0.0,25.0,0.0,62.0,50.0,86.0,149.0,10.0,20.0,103.0,143.0,14.0,46.0,99.0,46.0,12.0,2.96,5.72,3.52,1.0,5.0,2.0,228.44,157.0,161.53,20.0,1.7,1.92,1.92,11.99,12.43,12.1,84.87,10.07,5.69,22.39,3.02,41.35,30.48,9.49,9.8,9.24,68.0,45.0,47.0,160.0,10.0,17.0,3.0,14.0,0.0,33.0,39.0,58.0,103.0,10.0,20.0,93.0,105.0,14.0,45.0,73.0,25.0,15.0,2.36,3.36,4.35,3.0,4.0,3.0,157.03,113.0,111.08,22.0,1.2,3.55,3.55,7.72,7.52,7.3
847572684775058480798,2025,Kurashev-Wennberg-Toffoli,SJS,line,5on5,6,1087.0,70.0,0.62,0.57,0.55,12.54,1.15,0.79,3.33,0.41,6.42,4.9,1.04,1.14,1.04,11.0,6.0,8.0,25.0,1.0,2.0,0.0,5.0,0.0,4.0,5.0,10.0,16.0,1.0,2.0,7.0,3.0,1.0,6.0,11.0,4.0,2.0,0.26,0.43,0.46,0.0,1.0,0.0,24.23,17.0,16.81,2.0,0.16,0.46,0.46,0.86,0.86,0.84,10.09,0.7,0.6,2.71,0.35,5.62,4.03,0.69,0.7,0.69,8.0,6.0,5.0,19.0,1.0,1.0,0.0,1.0,0.0,7.0,4.0,7.0,13.0,0.0,0.0,12.0,4.0,0.0,6.0,10.0,4.0,0.0,0.22,0.48,0.0,0.0,1.0,0.0,19.47,14.0,14.05,3.0,0.12,0.2,0.2,0.63,0.62,0.61
84769178477506,2025,Pelech-Pulock,NYI,pairing,5on5,41,15442.0,175.0,0.55,0.52,0.55,132.97,13.08,8.42,34.7,4.55,70.31,50.93,12.62,12.94,12.49,119.0,63.0,61.0,243.0,11.0,20.0,1.0,26.0,0.0,65.0,60.0,108.0,171.0,13.0,26.0,148.0,98.0,19.0,77.0,133.0,34.0,15.0,3.86,4.51,4.72,4.0,6.0,1.0,241.99,182.0,180.69,31.0,1.74,3.9,4.46,10.37,10.32,10.14,111.35,10.72,7.54,27.49,3.56,58.49,43.2,10.38,10.93,10.58,99.0,52.0,72.0,223.0,8.0,7.0,1.0,19.0,0.0,52.0,65.0,91.0,143.0,14.0,30.0,127.0,87.0,20.0,69.0,101.0,35.0,15.0,2.98,4.02,3.73,5.0,1.0,2.0,227.18,151.0,154.16,33.0,1.57,1.53,1.53,10.77,10.97,10.71
84773468482624,2025,Weegar-Miromanov,CGY,pairing,5on5,1,838.0,2.0,0.22,0.33,0.29,3.7,0.2,0.18,0.86,0.11,2.09,1.55,0.2,0.2,0.2,4.0,1.0,3.0,8.0,2.0,0.0,0.0,2.0,0.0,0.0,1.0,2.0,3.0,0.0,0.0,7.0,4.0,0.0,2.0,4.0,1.0,0.0,0.09,0.11,0.0,1.0,1.0,0.0,8.19,5.0,5.09,1.0,0.04,0.0,0.0,0.23,0.24,0.24,9.21,0.72,0.56,2.19,0.29,4.59,3.65,0.72,0.76,0.76,9.0,3.0,4.0,16.0,2.0,0.0,0.0,2.0,0.0,0.0,8.0,7.0,10.0,0.0,0.0,10.0,7.0,1.0,2.0,9.0,2.0,1.0,0.22,0.23,0.27,0.0,1.0,1.0,15.75,12.0,11.87,0.0,0.12,0.0,0.0,0.84,0.88,0.88
847745084779878481624,2025,Donato-Dickinson-Mikheyev,CHI,line,5on5,14,5555.0,109.0,0.6,0.59,0.6,61.9,5.49,4.09,15.36,2.03,32.4,23.63,5.16,5.5,5.15,54.0,29.0,18.0,101.0,6.0,9.0,1.0,15.0,0.0,27.0,26.0,48.0,77.0,6.0,12.0,52.0,33.0,9.0,25.0,60.0,16.0,7.0,1.57,2.12,1.81,3.0,1.0,2.0,102.12,83.0,83.96,12.0,0.85,1.5,1.5,4.85,4.78,4.63,40.36,3.68,2.66,10.03,1.46,21.74,15.42,3.57,3.83,3.7,35.0,20.0,16.0,71.0,5.0,3.0,1.0,3.0,0.0,22.0,22.0,30.0,50.0,4.0,8.0,44.0,55.0,6.0,32.0,40.0,9.0,6.0,1.22,0.98,1.48,4.0,0.0,1.0,72.0,55.0,55.48,15.0,0.55,0.6,0.6,3.64,3.75,3.74
847534384795208482088,2025,Sourdif-Dowd-Duhaime,WSH,line,5on5,13,4996.0,52.0,0.53,0.56,0.52,36.63,3.15,2.22,9.08,1.29,19.13,15.13,3.1,3.18,3.13,32.0,18.0,30.0,80.0,0.0,3.0,0.0,8.0,0.0,18.0,21.0,32.0,50.0,7.0,20.0,45.0,49.0,3.0,22.0,36.0,11.0,3.0,0.84,1.6,0.71,0.0,0.0,0.0,81.88,50.0,50.88,10.0,0.46,0.6,0.78,2.83,2.89,2.85,34.56,2.76,2.14,9.7,1.14,17.69,12.57,2.63,2.8,2.67,26.0,20.0,16.0,62.0,2.0,3.0,0.0,10.0,0.0,20.0,11.0,24.0,44.0,10.0,28.0,37.0,51.0,7.0,33.0,37.0,6.0,3.0,1.13,0.73,0.9,0.0,2.0,0.0,61.68,46.0,45.94,11.0,0.45,0.42,0.42,2.79,2.82,2.71
84784548481178,2025,Zamula-Juulsen,PHI,pairing,5on5,8,4163.0,23.0,0.49,0.51,0.48,27.46,2.34,1.86,6.89,0.86,15.4,10.65,2.29,2.31,2.26,27.0,11.0,22.0,60.0,3.0,2.0,1.0,6.0,0.0,17.0,10.0,24.0,35.0,6.0,15.0,33.0,38.0,1.0,23.0,30.0,6.0,2.0,0.88,0.78,0.68,0.0,2.0,1.0,58.63,38.0,37.11,13.0,0.39,0.49,0.67,2.06,1.99,1.96,30.68,2.39,1.82,7.76,1.06,16.09,11.88,2.37,2.44,2.41,25.0,16.0,17.0,58.0,4.0,5.0,0.0,5.0,0.0,13.0,14.0,21.0,37.0,4.0,11.0,34.0,36.0,3.0,22.0,32.0,7.0,2.0,0.95,0.98,0.46,4.0,0.0,0.0,60.08,41.0,42.09,13.0,0.38,0.61,0.61,2.16,2.21,2.2
847576884769058481554,2025,Schwartz-Stephenson-Kakko,SEA,line,5on5,3,1295.0,8.0,0.43,0.48,0.53,14.48,1.08,0.83,3.95,0.52,7.72,5.9,1.06,1.04,1.03,17.0,3.0,5.0,25.0,1.0,2.0,0.0,3.0,0.0,9.0,5.0,16.0,19.0,0.0,0.0,13.0,8.0,1.0,6.0,15.0,4.0,1.0,0.41,0.45,0.22,0.0,1.0,0.0,24.35,20.0,19.38,0.0,0.17,0.29,0.29,0.96,0.93,0.92,13.0,1.41,0.97,3.61,0.47,6.93,4.6,1.32,1.44,1.35,13.0,5.0,9.0,27.0,1.0,3.0,0.0,3.0,0.0,8.0,3.0,12.0,17.0,2.0,4.0,16.0,5.0,2.0,8.0,9.0,8.0,1.0,0.17,1.03,0.22,0.0,1.0,0.0,27.13,18.0,18.16,3.0,0.2,0.55,0.55,1.06,1.08,1.04
847467984768718484135,2025,Pearson-Ford-Nyquist,WPG,line,5on5,2,740.0,8.0,0.47,0.51,0.52,9.36,0.92,0.67,2.54,0.34,4.96,3.56,0.9,0.97,0.96,5.0,8.0,6.0,19.0,1.0,1.0,0.0,1.0,0.0,7.0,3.0,4.0,12.0,2.0,4.0,4.0,4.0,0.0,5.0,10.0,1.0,2.0,0.3,0.14,0.49,0.0,1.0,0.0,19.78,13.0,13.61,4.0,0.14,0.26,0.26,0.8,0.85,0.84,8.81,1.05,0.66,2.55,0.35,4.35,3.03,0.94,1.0,0.89,10.0,2.0,6.0,18.0,1.0,2.0,0.0,1.0,0.0,6.0,2.0,9.0,11.0,0.0,0.0,8.0,5.0,2.0,0.0,8.0,1.0,3.0,0.22,0.1,0.73,1.0,0.0,0.0,17.24,12.0,11.54,0.0,0.14,0.49,0.49,0.7,0.67,0.64
847744484774798483450,2025,Burakovsky-Greene-Bertuzzi,CHI,line,5on5,8,1807.0,66.0,0.61,0.5,0.49,15.79,1.83,1.22,3.6,0.49,8.94,5.91,1.77,1.8,1.73,11.0,11.0,11.0,33.0,0.0,2.0,0.0,2.0,0.0,8.0,10.0,11.0,22.0,1.0,2.0,9.0,8.0,2.0,10.0,15.0,4.0,3.0,0.52,0.47,0.85,0.0,0.0,0.0,32.46,22.0,21.8,8.0,0.26,0.57,0.57,1.52,1.49,1.44,15.86,1.17,1.03,3.73,0.55,9.49,7.04,1.17,1.2,1.19,16.0,7.0,10.0,33.0,3.0,0.0,0.0,6.0,0.0,7.0,7.0,13.0,20.0,2.0,4.0,15.0,10.0,3.0,10.0,19.0,4.0,0.0,0.6,0.57,0.0,3.0,0.0,0.0,33.63,23.0,23.67,4.0,0.21,0.0,0.0,1.38,1.42,1.41
84800018481525,2025,Robertson-Vaakanainen,NYR,pairing,5on5,8,2725.0,44.0,0.35,0.49,0.44,19.52,1.24,1.17,4.96,0.63,10.8,8.19,1.24,1.26,1.26,11.0,16.0,14.0,41.0,1.0,0.0,0.0,5.0,0.0,8.0,13.0,10.0,26.0,3.0,8.0,26.0,31.0,2.0,9.0,21.0,6.0,0.0,0.53,0.71,0.0,1.0,0.0,0.0,41.73,27.0,27.23,4.0,0.24,0.0,0.0,1.48,1.51,1.5,23.99,2.35,1.64,6.39,0.92,13.35,9.34,2.27,2.29,2.21,20.0,14.0,9.0,43.0,3.0,4.0,0.0,6.0,0.0,13.0,8.0,17.0,31.0,0.0,0.0,17.0,23.0,1.0,11.0,24.0,8.0,2.0,0.88,0.91,0.56,2.0,1.0,0.0,42.21,34.0,33.33,6.0,0.34,0.7,0.7,1.99,1.94,1.9
847353384769218482093,2025,Martinook-Staal-Jarvis,CAR,line,5on5,4,730.0,35.0,0.49,0.62,0.56,6.76,0.58,0.44,1.78,0.21,3.42,2.57,0.56,0.62,0.6,6.0,3.0,4.0,13.0,0.0,0.0,0.0,1.0,0.0,5.0,3.0,6.0,9.0,1.0,2.0,15.0,6.0,0.0,0.0,6.0,3.0,0.0,0.17,0.41,0.0,0.0,0.0,0.0,14.0,9.0,9.68,0.0,0.1,0.0,0.0,0.68,0.72,0.7,5.21,0.61,0.35,1.27,0.18,2.75,1.84,0.56,0.56,0.52,3.0,4.0,1.0,8.0,1.0,1.0,1.0,0.0,0.0,4.0,1.0,2.0,6.0,2.0,4.0,7.0,8.0,1.0,1.0,3.0,4.0,0.0,0.08,0.53,0.0,0.0,1.0,0.0,7.19,7.0,6.33,1.0,0.07,0.09,0.09,0.59,0.54,0.52
84763128479398,2025,Girard-Manson,COL,pairing,5on5,20,1746.0,131.0,0.63,0.68,0.65,21.03,1.3,1.17,5.14,0.69,12.22,9.48,1.27,1.33,1.31,21.0,9.0,11.0,41.0,1.0,0.0,0.0,7.0,0.0,11.0,11.0,20.0,29.0,0.0,0.0,10.0,11.0,1.0,4.0,26.0,4.0,0.0,0.8,0.5,0.0,0.0,1.0,0.0,44.15,30.0,31.38,1.0,0.24,0.0,0.0,1.53,1.58,1.55,11.89,0.77,0.75,2.85,0.36,6.26,5.0,0.77,0.75,0.75,9.0,7.0,3.0,19.0,1.0,0.0,0.0,5.0,0.0,4.0,6.0,8.0,15.0,1.0,2.0,7.0,14.0,1.0,11.0,13.0,3.0,0.0,0.26,0.52,0.0,0.0,1.0,0.0,18.06,16.0,15.26,6.0,0.15,0.0,0.0,0.93,0.9,0.9
847575484774768480039,2025,Lehkonen-Nelson-Necas,COL,line,5on5,13,658.0,183.0,0.78,0.59,0.5,4.72,0.59,0.29,1.13,0.15,2.03,1.8,0.55,0.61,0.56,1.0,5.0,4.0,10.0,0.0,1.0,0.0,0.0,0.0,1.0,4.0,1.0,6.0,1.0,2.0,4.0,3.0,1.0,5.0,4.0,1.0,1.0,0.15,0.19,0.26,0.0,0.0,0.0,10.63,6.0,6.13,2.0,0.06,0.26,0.26,0.4,0.41,0.4,3.91,0.16,0.25,0.94,0.13,2.57,1.95,0.16,0.16,0.16,4.0,2.0,1.0,7.0,0.0,0.0,0.0,1.0,0.0,1.0,4.0,4.0,6.0,2.0,4.0,4.0,8.0,1.0,5.0,6.0,0.0,0.0,0.16,0.0,0.0,0.0,0.0,0.0,6.78,6.0,5.73,3.0,0.05,0.0,0.0,0.21,0.21,0.21
847522084774518478508,2025,Foligno-Hartman-Trenin,MIN,line,5on5,10,1966.0,96.0,0.54,0.43,0.47,16.16,1.21,1.1,4.04,0.56,9.42,6.67,1.2,1.22,1.22,16.0,7.0,3.0,26.0,0.0,1.0,0.0,5.0,0.0,9.0,8.0,16.0,23.0,2.0,4.0,18.0,24.0,2.0,11.0,18.0,4.0,1.0,0.45,0.51,0.24,0.0,0.0,0.0,26.07,23.0,22.93,7.0,0.22,0.07,0.07,1.36,1.37,1.36,19.82,1.04,1.07,4.59,0.62,10.29,8.4,1.03,1.02,1.01,20.0,6.0,8.0,34.0,1.0,0.0,0.0,4.0,0.0,11.0,10.0,19.0,25.0,3.0,6.0,27.0,12.0,2.0,12.0,20.0,6.0,0.0,0.36,0.68,0.0,1.0,0.0,0.0,34.05,26.0,25.93,9.0,0.22,0.0,0.0,1.26,1.24,1.22
847843884815778485414,2025,Novak-Kindel-Tomasino,PIT,line,5on5,3,1812.0,7.0,0.64,0.47,0.51,14.15,1.52,1.1,2.99,0.45,7.49,5.46,1.5,1.6,1.58,11.0,8.0,8.0,27.0,0.0,0.0,0.0,4.0,0.0,6.0,9.0,11.0,19.0,1.0,2.0,10.0,8.0,2.0,12.0,13.0,5.0,1.0,0.58,0.68,0.26,0.0,0.0,0.0,29.01,19.0,19.88,5.0,0.23,0.0,0.0,1.75,1.83,1.81,13.16,0.84,0.89,3.83,0.44,7.18,4.82,0.81,0.8,0.77,11.0,7.0,13.0,31.0,1.0,2.0,0.0,3.0,0.0,6.0,6.0,10.0,17.0,0.0,0.0,14.0,24.0,1.0,16.0,15.0,3.0,0.0,0.51,0.33,0.0,1.0,0.0,0.0,29.34,18.0,17.27,5.0,0.18,0.2,0.2,0.83,0.79,0.78
84769238478460,2025,Werenski-Severson,CBJ,pairing,5on5,30,2303.0,214.0,0.68,0.71,0.7,31.32,2.71,2.06,7.56,0.98,17.37,12.31,2.66,2.75,2.7,33.0,10.0,22.0,65.0,1.0,1.0,0.0,10.0,0.0,17.0,14.0,32.0,42.0,4.0,8.0,20.0,18.0,2.0,11.0,33.0,8.0,2.0,1.01,1.04,0.67,1.0,0.0,0.0,65.16,43.0,43.23,4.0,0.43,0.33,0.51,2.64,2.7,2.68,13.64,1.26,0.94,2.98,0.44,6.74,5.65,1.19,1.25,1.19,14.0,4.0,9.0,27.0,1.0,2.0,1.0,3.0,0.0,3.0,9.0,13.0,17.0,2.0,4.0,19.0,14.0,3.0,13.0,13.0,4.0,1.0,0.38,0.61,0.28,0.0,0.0,1.0,27.82,18.0,18.34,6.0,0.2,0.46,0.46,0.99,0.99,0.97
84757648482733,2025,Fowler-Mailloux,STL,pairing,5on5,25,12252.0,100.0,0.48,0.5,0.49,102.79,10.08,7.24,25.33,3.5,56.36,39.49,9.55,9.88,9.37,89.0,53.0,53.0,195.0,5.0,10.0,1.0,20.0,0.0,65.0,42.0,84.0,137.0,18.0,42.0,91.0,105.0,11.0,58.0,100.0,29.0,13.0,3.22,3.53,3.33,2.0,2.0,1.0,192.28,142.0,140.97,26.0,1.5,2.0,2.0,9.57,9.42,9.17,107.8,11.11,7.34,26.42,3.63,55.93,40.57,10.51,11.22,10.63,95.0,50.0,51.0,196.0,16.0,15.0,1.0,25.0,0.0,40.0,49.0,79.0,129.0,18.0,44.0,90.0,67.0,11.0,47.0,102.0,25.0,18.0,2.94,3.3,4.87,6.0,6.0,4.0,197.6,145.0,145.87,21.0,1.53,3.54,3.54,9.09,9.23,9.05
847795684784018481712,2025,Pastrnak-Zacha-Blmel,BOS,line,5on5,3,972.0,15.0,0.39,0.52,0.48,7.16,0.37,0.44,1.67,0.21,4.21,3.09,0.37,0.39,0.39,8.0,2.0,4.0,14.0,0.0,0.0,0.0,1.0,0.0,4.0,5.0,8.0,10.0,2.0,4.0,7.0,3.0,0.0,2.0,10.0,0.0,0.0,0.37,0.0,0.0,0.0,0.0,0.0,14.31,10.0,10.17,0.0,0.09,0.0,0.0,0.46,0.48,0.48,8.74,0.57,0.47,2.44,0.25,4.18,3.08,0.57,0.55,0.55,9.0,2.0,2.0,13.0,1.0,0.0,0.0,1.0,0.0,6.0,3.0,8.0,10.0,2.0,4.0,11.0,4.0,0.0,6.0,9.0,2.0,0.0,0.22,0.36,0.0,0.0,1.0,0.0,12.67,11.0,10.76,4.0,0.1,0.0,0.0,0.67,0.65,0.65
847584284817048482877,2025,Parssinen-Carrick-Chmelar,NYR,line,5on5,2,754.0,7.0,0.48,0.45,0.38,4.14,0.5,0.33,1.26,0.15,2.19,1.56,0.49,0.5,0.49,3.0,3.0,3.0,9.0,0.0,1.0,0.0,1.0,0.0,2.0,2.0,3.0,6.0,1.0,5.0,8.0,7.0,1.0,2.0,4.0,2.0,0.0,0.18,0.32,0.0,0.0,0.0,0.0,8.83,6.0,5.96,0.0,0.07,0.17,0.17,0.41,0.42,0.42,7.64,0.55,0.44,2.1,0.24,3.85,2.82,0.54,0.59,0.58,10.0,0.0,1.0,11.0,1.0,1.0,0.0,2.0,0.0,2.0,4.0,9.0,9.0,1.0,5.0,2.0,8.0,0.0,3.0,9.0,0.0,1.0,0.24,0.0,0.31,1.0,0.0,0.0,11.43,10.0,10.21,1.0,0.09,0.31,0.31,0.33,0.34,0.34
847522084785088480259,2025,Foligno-Jones-Trenin,MIN,line,5on5,6,857.0,52.0,0.24,0.32,0.33,4.34,0.2,0.26,1.05,0.13,2.54,1.82,0.2,0.2,0.2,4.0,2.0,3.0,9.0,0.0,0.0,0.0,2.0,0.0,1.0,3.0,4.0,6.0,0.0,0.0,10.0,17.0,1.0,4.0,5.0,1.0,0.0,0.12,0.08,0.0,0.0,0.0,0.0,8.96,6.0,6.02,1.0,0.05,0.0,0.0,0.25,0.25,0.25,8.71,0.63,0.5,2.49,0.28,4.88,3.23,0.6,0.63,0.6,6.0,6.0,7.0,19.0,0.0,1.0,0.0,2.0,0.0,2.0,7.0,6.0,12.0,0.0,0.0,8.0,9.0,0.0,6.0,10.0,2.0,0.0,0.33,0.3,0.0,0.0,0.0,0.0,19.36,12.0,12.3,1.0,0.1,0.13,0.13,0.6,0.6,0.58
847849884820558482691,2025,Debrusk-Raty-O'Connor,VAN,line,5on5,9,3263.0,62.0,0.47,0.46,0.51,26.37,2.61,1.83,6.12,0.81,14.39,10.24,2.51,2.47,2.38,22.0,14.0,9.0,45.0,3.0,3.0,1.0,3.0,0.0,12.0,15.0,19.0,33.0,4.0,8.0,32.0,22.0,4.0,11.0,26.0,6.0,4.0,0.8,0.69,1.11,0.0,2.0,1.0,43.48,36.0,34.64,6.0,0.38,0.77,0.77,2.21,2.11,2.06,26.04,2.96,1.68,6.63,0.78,12.67,9.28,2.9,3.02,2.96,16.0,18.0,18.0,52.0,1.0,2.0,0.0,2.0,0.0,19.0,10.0,15.0,33.0,2.0,4.0,22.0,23.0,4.0,14.0,20.0,9.0,5.0,0.49,1.17,1.31,0.0,0.0,1.0,52.66,34.0,34.56,5.0,0.35,0.34,0.34,2.98,3.05,3.0
847360484801138482149,2025,Iafallo-Toews-Perfetti,WPG,line,5on5,3,1547.0,9.0,0.76,0.76,0.81,18.09,1.13,1.09,4.9,0.6,10.46,7.8,1.11,1.14,1.12,17.0,9.0,11.0,37.0,2.0,0.0,0.0,8.0,0.0,8.0,8.0,15.0,24.0,0.0,0.0,19.0,14.0,1.0,4.0,22.0,4.0,0.0,0.55,0.58,0.0,2.0,0.0,0.0,37.19,26.0,26.38,1.0,0.23,0.0,0.0,1.35,1.37,1.35,4.5,0.36,0.29,1.06,0.14,2.32,1.83,0.36,0.34,0.34,4.0,2.0,6.0,12.0,0.0,0.0,0.0,0.0,0.0,3.0,3.0,4.0,6.0,0.0,0.0,8.0,11.0,1.0,5.0,4.0,2.0,0.0,0.09,0.27,0.0,0.0,0.0,0.0,11.38,6.0,5.76,4.0,0.06,0.0,0.0,0.42,0.4,0.4
847740284800238483516,2025,Buchnevich-Thomas-Snuggerud,STL,line,5on5,13,4517.0,66.0,0.39,0.42,0.39,29.02,2.6,1.83,7.1,0.92,14.91,11.64,2.54,2.55,2.5,27.0,12.0,23.0,62.0,2.0,2.0,0.0,4.0,0.0,10.0,21.0,25.0,37.0,2.0,7.0,43.0,14.0,11.0,20.0,23.0,15.0,1.0,0.65,1.71,0.23,0.0,2.0,0.0,62.0,39.0,39.46,12.0,0.38,0.18,0.18,2.79,2.75,2.71,44.52,4.14,3.06,10.8,1.44,24.09,17.48,3.99,4.23,4.08,38.0,23.0,23.0,84.0,3.0,2.0,0.0,7.0,0.0,24.0,25.0,35.0,58.0,4.0,11.0,35.0,19.0,4.0,22.0,41.0,17.0,3.0,1.14,2.31,0.69,2.0,0.0,1.0,85.99,61.0,61.55,5.0,0.64,0.43,0.43,4.35,4.44,4.33
848277584835158484984,2025,Slafkovsk-Kapanen-Demidov,MTL,line,5on5,18,10193.0,41.0,0.47,0.45,0.48,84.9,7.31,5.39,20.09,2.71,45.24,34.26,7.12,7.4,7.22,74.0,41.0,31.0,146.0,12.0,9.0,0.0,21.0,1.0,36.0,36.0,62.0,103.0,19.0,44.0,83.0,47.0,12.0,34.0,87.0,23.0,5.0,3.43,2.63,1.26,9.0,2.0,1.0,147.11,115.0,115.49,17.0,1.12,1.24,1.24,7.18,7.31,7.19,90.69,8.29,6.03,21.41,2.82,48.77,35.68,8.04,8.23,7.99,82.0,41.0,57.0,180.0,8.0,6.0,0.0,15.0,0.0,50.0,44.0,74.0,115.0,10.0,26.0,79.0,79.0,21.0,45.0,84.0,33.0,6.0,2.42,4.32,1.55,2.0,6.0,0.0,178.81,123.0,122.94,16.0,1.25,1.15,1.15,8.39,8.31,8.16
847519184764388476448,2025,Saad-Karlsson-Smith,VGK,line,5on5,7,2682.0,30.0,0.4,0.49,0.44,21.17,1.69,1.29,5.13,0.67,10.87,8.34,1.66,1.64,1.6,21.0,7.0,20.0,48.0,0.0,1.0,0.0,6.0,0.0,10.0,11.0,21.0,28.0,1.0,2.0,19.0,9.0,1.0,9.0,20.0,7.0,1.0,0.49,0.9,0.31,0.0,0.0,0.0,47.42,28.0,27.34,3.0,0.27,0.31,0.31,1.66,1.62,1.6,26.65,2.5,1.76,6.52,0.84,14.41,9.97,2.48,2.59,2.56,22.0,14.0,13.0,49.0,2.0,2.0,1.0,8.0,0.0,12.0,12.0,20.0,34.0,0.0,0.0,25.0,17.0,3.0,15.0,27.0,6.0,3.0,0.65,0.85,1.0,1.0,0.0,1.0,49.79,36.0,36.55,6.0,0.36,0.78,0.78,2.08,2.1,2.09
847627884768898479414,2025,Blackwell-Faksa-Bastian,DAL,line,5on5,9,2946.0,50.0,0.53,0.44,0.46,17.89,1.79,1.24,3.83,0.55,9.36,7.23,1.77,1.93,1.91,17.0,7.0,8.0,32.0,4.0,2.0,1.0,3.0,0.0,5.0,10.0,13.0,20.0,5.0,10.0,17.0,29.0,8.0,5.0,15.0,8.0,1.0,0.47,1.08,0.24,1.0,3.0,0.0,35.8,24.0,26.4,2.0,0.26,0.19,0.19,1.85,1.99,1.98,21.05,1.58,1.25,5.65,0.75,10.85,7.92,1.57,1.45,1.44,14.0,14.0,12.0,40.0,2.0,1.0,0.0,3.0,0.0,11.0,11.0,12.0,26.0,2.0,4.0,26.0,31.0,3.0,9.0,22.0,6.0,0.0,0.71,0.87,0.0,1.0,1.0,0.0,36.52,28.0,25.78,4.0,0.26,0.1,0.1,1.74,1.6,1.59
84808078480891,2025,Samuelsson-Kesselring,BUF,pairing,5on5,10,809.0,88.0,0.89,0.71,0.77,7.88,0.89,0.42,1.9,0.24,3.52,3.03,0.85,0.93,0.89,5.0,5.0,5.0,15.0,2.0,1.0,0.0,2.0,0.0,1.0,4.0,3.0,8.0,1.0,2.0,5.0,5.0,2.0,3.0,6.0,3.0,1.0,0.12,0.37,0.39,0.0,2.0,0.0,14.66,10.0,9.98,1.0,0.09,0.39,0.39,0.58,0.59,0.59,2.06,0.11,0.12,0.54,0.07,1.21,0.96,0.1,0.11,0.11,2.0,1.0,3.0,6.0,1.0,0.0,0.0,0.0,0.0,0.0,2.0,1.0,2.0,1.0,2.0,0.0,4.0,1.0,3.0,2.0,1.0,0.0,0.03,0.08,0.0,0.0,1.0,0.0,6.13,3.0,3.1,0.0,0.02,0.0,0.0,0.13,0.14,0.14
84774958478859,2025,Mikkola-Jones,FLA,pairing,5on5,39,32705.0,67.0,0.54,0.52,0.52,298.11,26.68,19.81,76.15,9.97,158.21,113.19,25.24,26.58,25.15,254.0,150.0,144.0,548.0,21.0,36.0,5.0,53.0,1.0,162.0,131.0,233.0,383.0,39.0,83.0,264.0,259.0,32.0,141.0,301.0,74.0,29.0,9.3,9.37,8.02,9.0,7.0,5.0,549.43,404.0,404.65,77.0,4.13,6.71,6.76,24.05,23.99,23.49,275.33,22.84,16.95,71.23,9.36,146.3,110.32,21.53,23.47,22.07,239.0,138.0,130.0,507.0,18.0,28.0,2.0,52.0,2.0,142.0,135.0,221.0,359.0,53.0,113.0,307.0,233.0,55.0,147.0,284.0,75.0,18.0,7.83,9.92,5.09,5.0,12.0,1.0,514.43,377.0,383.36,72.0,3.53,5.46,5.46,20.91,21.36,20.77
847742984774568481013,2025,Copp-Compher-Berggren,DET,line,5on5,6,3293.0,15.0,0.37,0.44,0.39,18.9,1.7,1.03,5.21,0.69,9.77,7.6,1.57,1.8,1.67,15.0,11.0,18.0,44.0,1.0,3.0,0.0,6.0,0.0,6.0,10.0,14.0,25.0,3.0,6.0,33.0,11.0,1.0,21.0,20.0,2.0,4.0,0.33,0.24,1.13,1.0,0.0,0.0,45.3,26.0,26.65,11.0,0.21,0.6,0.6,1.31,1.4,1.39,29.38,2.91,2.08,7.66,0.97,15.36,11.02,2.77,2.83,2.69,22.0,18.0,17.0,57.0,1.0,4.0,0.0,6.0,0.0,19.0,10.0,21.0,39.0,5.0,10.0,24.0,27.0,2.0,17.0,30.0,6.0,4.0,0.93,0.77,1.21,1.0,0.0,0.0,56.01,40.0,39.57,10.0,0.44,1.01,1.01,2.35,2.28,2.24
847519184764488479353,2025,Karlsson-Howden-Smith,VGK,line,5on5,3,952.0,16.0,0.71,0.65,0.62,9.92,0.98,0.64,1.96,0.29,5.32,3.81,0.91,0.93,0.87,11.0,2.0,7.0,20.0,1.0,0.0,0.0,2.0,0.0,4.0,6.0,10.0,12.0,1.0,2.0,10.0,1.0,1.0,4.0,8.0,5.0,0.0,0.31,0.67,0.0,0.0,1.0,0.0,19.4,13.0,12.75,3.0,0.14,0.0,0.0,1.11,1.06,1.0,5.18,0.41,0.36,1.34,0.22,3.16,2.51,0.4,0.42,0.42,3.0,5.0,3.0,11.0,0.0,1.0,0.0,0.0,0.0,2.0,5.0,3.0,8.0,1.0,4.0,5.0,3.0,0.0,1.0,6.0,2.0,0.0,0.14,0.27,0.0,0.0,0.0,0.0,10.96,8.0,7.95,0.0,0.07,0.01,0.01,0.47,0.49,0.48
84811228481567,2025,Benoit-Thrun,TOR,pairing,5on5,4,2123.0,12.0,0.29,0.37,0.38,11.13,0.86,0.7,2.92,0.36,5.98,4.18,0.86,0.83,0.83,9.0,6.0,7.0,22.0,0.0,0.0,0.0,1.0,0.0,10.0,4.0,9.0,15.0,1.0,2.0,17.0,21.0,2.0,9.0,9.0,6.0,0.0,0.17,0.7,0.0,0.0,0.0,0.0,21.05,15.0,14.73,4.0,0.14,0.0,0.0,1.01,0.97,0.96,19.05,2.11,1.27,4.79,0.6,9.28,6.94,1.98,2.25,2.12,16.0,9.0,12.0,37.0,1.0,4.0,0.0,4.0,0.0,10.0,6.0,15.0,24.0,1.0,2.0,19.0,17.0,4.0,6.0,18.0,5.0,2.0,0.55,0.66,0.9,1.0,0.0,0.0,40.04,25.0,26.78,3.0,0.27,1.04,1.04,1.33,1.42,1.4
84779328478859,2025,Mikkola-Ekblad,FLA,pairing,5on5,29,1562.0,222.0,0.14,0.39,0.3,5.33,0.21,0.25,1.29,0.14,2.81,2.31,0.21,0.2,0.2,6.0,1.0,9.0,16.0,0.0,0.0,0.0,0.0,0.0,2.0,5.0,6.0,7.0,4.0,8.0,3.0,12.0,1.0,6.0,7.0,0.0,0.0,0.21,0.0,0.0,0.0,0.0,0.0,15.89,7.0,6.87,2.0,0.05,0.0,0.0,0.26,0.24,0.24,12.01,1.29,0.7,3.02,0.37,5.74,4.88,1.25,1.27,1.23,14.0,2.0,9.0,25.0,1.0,2.0,0.0,2.0,0.0,4.0,7.0,13.0,15.0,1.0,2.0,6.0,11.0,5.0,7.0,10.0,5.0,1.0,0.31,0.67,0.3,0.0,1.0,0.0,24.51,16.0,15.75,3.0,0.15,0.47,0.47,0.96,0.94,0.92
84829648483686,2025,Xhekaj-Engstrom,MTL,pairing,5on5,8,3600.0,31.0,0.5,0.55,0.56,28.14,2.46,1.83,6.62,0.91,15.17,12.01,2.42,2.44,2.4,18.0,21.0,15.0,54.0,2.0,2.0,0.0,4.0,0.0,19.0,12.0,16.0,37.0,6.0,12.0,23.0,39.0,3.0,12.0,27.0,10.0,2.0,0.86,1.1,0.49,2.0,0.0,0.0,54.83,39.0,38.84,4.0,0.38,0.13,0.09,2.75,2.73,2.7,23.68,2.47,1.71,5.76,0.72,11.63,8.72,2.36,2.44,2.33,18.0,13.0,13.0,44.0,1.0,4.0,0.0,3.0,0.0,15.0,8.0,17.0,30.0,3.0,6.0,17.0,31.0,1.0,14.0,20.0,8.0,3.0,0.62,0.98,0.87,1.0,0.0,0.0,43.19,31.0,31.07,9.0,0.36,0.59,0.59,2.23,2.2,2.18
847351284815968482092,2025,Greig-Pinto-Giroux,OTT,line,5on5,7,1772.0,37.0,0.46,0.51,0.43,15.55,1.46,0.96,3.41,0.44,7.34,6.38,1.44,1.46,1.44,15.0,5.0,11.0,31.0,3.0,0.0,0.0,0.0,0.0,7.0,10.0,12.0,17.0,7.0,14.0,21.0,5.0,4.0,11.0,11.0,8.0,1.0,0.21,1.03,0.22,1.0,2.0,0.0,30.31,20.0,19.65,7.0,0.2,0.0,0.0,1.66,1.66,1.64,18.91,1.73,1.25,4.5,0.64,10.32,7.56,1.68,1.74,1.69,16.0,10.0,4.0,30.0,2.0,2.0,0.0,2.0,0.0,11.0,9.0,14.0,24.0,2.0,4.0,12.0,13.0,2.0,9.0,17.0,8.0,1.0,0.58,0.86,0.3,0.0,2.0,0.0,30.68,26.0,26.46,3.0,0.26,0.41,0.41,1.58,1.59,1.56
84793988484258,2025,Girard-Malinski,COL,pairing,5on5,24,16996.0,64.0,0.56,0.56,0.55,157.51,15.11,10.23,39.59,5.29,85.9,62.88,14.48,15.49,14.83,138.0,81.0,93.0,312.0,17.0,14.0,1.0,30.0,0.0,86.0,72.0,121.0,202.0,10.0,20.0,133.0,102.0,14.0,76.0,160.0,43.0,16.0,4.67,5.93,4.51,7.0,6.0,4.0,321.03,219.0,223.72,37.0,2.13,3.17,3.17,14.07,14.39,14.1,131.71,11.78,8.5,33.57,4.62,70.74,51.8,10.92,11.43,10.62,112.0,69.0,69.0,250.0,10.0,21.0,3.0,25.0,0.0,60.0,65.0,102.0,171.0,14.0,28.0,131.0,186.0,18.0,74.0,132.0,35.0,14.0,3.27,4.39,4.11,2.0,5.0,3.0,240.38,181.0,175.37,39.0,1.76,4.02,4.02,9.51,9.26,9.08
847464184775088479365,2025,Frederic-Henrique-Lazar,EDM,line,5on5,5,736.0,83.0,0.52,0.45,0.58,4.8,0.26,0.31,1.28,0.19,2.83,2.13,0.25,0.25,0.25,3.0,4.0,2.0,9.0,0.0,0.0,0.0,1.0,0.0,3.0,3.0,3.0,7.0,0.0,0.0,6.0,13.0,1.0,1.0,6.0,1.0,0.0,0.13,0.13,0.0,0.0,0.0,0.0,8.67,7.0,6.78,0.0,0.06,0.0,0.0,0.32,0.32,0.31,3.53,0.23,0.19,0.9,0.12,2.05,1.51,0.23,0.23,0.23,4.0,1.0,6.0,11.0,0.0,0.0,0.0,0.0,0.0,2.0,3.0,4.0,5.0,0.0,0.0,3.0,7.0,2.0,4.0,3.0,2.0,0.0,0.04,0.19,0.0,0.0,0.0,0.0,11.27,5.0,5.07,3.0,0.04,0.0,0.0,0.27,0.27,0.27
847794984826598483500,2025,Doan-Ostlund-Tuch,BUF,line,5on5,8,1709.0,75.0,0.77,0.66,0.65,19.23,2.04,1.48,4.84,0.63,10.11,6.89,2.03,2.07,2.06,20.0,6.0,11.0,37.0,1.0,2.0,1.0,10.0,0.0,5.0,8.0,19.0,25.0,2.0,7.0,10.0,4.0,2.0,8.0,16.0,8.0,2.0,0.54,0.93,0.58,1.0,0.0,0.0,37.8,26.0,26.18,6.0,0.32,0.41,0.41,1.95,1.98,1.98,10.39,0.59,0.6,2.37,0.33,5.64,4.47,0.59,0.6,0.6,10.0,4.0,5.0,19.0,2.0,0.0,0.0,2.0,0.0,6.0,4.0,8.0,12.0,1.0,2.0,15.0,14.0,3.0,5.0,11.0,3.0,0.0,0.28,0.32,0.0,0.0,2.0,0.0,19.57,14.0,14.37,2.0,0.12,0.0,0.0,0.72,0.73,0.72
847744684793708482062,2025,Jost-Mccarron-Smith,NSH,line,5on5,4,1557.0,23.0,0.29,0.42,0.44,11.89,0.51,0.64,2.84,0.38,6.33,5.3,0.51,0.5,0.5,12.0,4.0,8.0,24.0,0.0,0.0,0.0,4.0,0.0,5.0,7.0,12.0,16.0,2.0,4.0,12.0,17.0,3.0,8.0,15.0,1.0,0.0,0.41,0.11,0.0,0.0,0.0,0.0,24.07,16.0,16.0,3.0,0.13,0.0,0.0,0.64,0.63,0.62,15.29,1.25,0.96,4.13,0.45,7.81,5.4,1.22,1.24,1.21,11.0,9.0,13.0,33.0,1.0,1.0,0.0,2.0,0.0,13.0,3.0,10.0,19.0,0.0,0.0,14.0,12.0,0.0,6.0,15.0,4.0,1.0,0.38,0.55,0.32,0.0,0.0,1.0,32.07,20.0,19.21,2.0,0.2,0.14,0.14,1.31,1.3,1.28
847638984764688478550,2025,Panarin-Trocheck-Miller,NYR,line,5on5,12,2082.0,123.0,0.34,0.42,0.39,12.6,0.89,0.7,2.98,0.38,6.72,5.33,0.89,0.94,0.94,10.0,7.0,10.0,27.0,2.0,0.0,0.0,4.0,0.0,4.0,7.0,8.0,15.0,3.0,6.0,22.0,16.0,1.0,13.0,12.0,4.0,1.0,0.28,0.39,0.22,0.0,2.0,0.0,28.48,17.0,17.75,8.0,0.14,0.0,0.0,1.04,1.09,1.08,19.71,1.72,1.28,4.71,0.56,10.96,7.77,1.71,1.68,1.67,19.0,8.0,11.0,38.0,5.0,0.0,0.0,1.0,0.0,8.0,13.0,14.0,22.0,0.0,0.0,12.0,12.0,5.0,8.0,20.0,6.0,1.0,0.72,0.79,0.21,2.0,2.0,1.0,37.41,27.0,26.63,3.0,0.26,0.0,0.0,1.98,1.94,1.93
84757558476902,2025,Lindell-Petrovic,DAL,pairing,5on5,29,1775.0,270.0,0.62,0.49,0.49,17.85,2.39,1.23,4.61,0.58,8.84,6.35,2.19,2.42,2.21,21.0,3.0,7.0,31.0,2.0,5.0,1.0,2.0,0.0,9.0,6.0,19.0,22.0,2.0,4.0,6.0,12.0,3.0,6.0,15.0,4.0,5.0,0.41,0.51,1.48,1.0,0.0,1.0,31.13,24.0,23.9,0.0,0.26,1.38,1.38,1.27,1.28,1.25,17.93,1.46,1.11,4.93,0.7,9.42,7.37,1.44,1.48,1.46,16.0,9.0,7.0,32.0,1.0,4.0,0.0,2.0,0.0,11.0,7.0,15.0,24.0,4.0,8.0,9.0,16.0,2.0,8.0,18.0,6.0,1.0,0.42,0.76,0.28,0.0,0.0,1.0,31.76,25.0,25.12,3.0,0.23,0.3,0.3,1.4,1.4,1.39
84768758481593,2025,Matheson-Struble,MTL,pairing,5on5,16,891.0,144.0,0.67,0.63,0.62,9.51,0.58,0.48,1.96,0.34,4.87,4.77,0.58,0.6,0.6,8.0,5.0,2.0,15.0,2.0,1.0,0.0,1.0,0.0,4.0,5.0,6.0,11.0,1.0,2.0,1.0,2.0,1.0,4.0,11.0,2.0,0.0,0.36,0.22,0.0,1.0,1.0,0.0,15.59,13.0,13.59,1.0,0.1,0.01,0.01,0.67,0.69,0.69,5.88,0.29,0.3,1.43,0.18,3.1,2.7,0.29,0.31,0.31,4.0,4.0,1.0,9.0,1.0,0.0,0.0,2.0,0.0,1.0,4.0,3.0,7.0,3.0,6.0,1.0,6.0,4.0,1.0,7.0,1.0,0.0,0.15,0.13,0.0,0.0,1.0,0.0,9.49,8.0,8.44,0.0,0.06,0.0,0.0,0.34,0.37,0.37
847701584799968481032,2025,Cotter-Glass-Brown,NJD,line,5on5,16,3174.0,91.0,0.22,0.36,0.32,11.18,0.64,0.69,2.62,0.36,6.58,5.1,0.64,0.68,0.68,11.0,5.0,10.0,26.0,2.0,0.0,0.0,3.0,0.0,5.0,6.0,9.0,14.0,2.0,4.0,35.0,26.0,5.0,14.0,14.0,2.0,0.0,0.38,0.26,0.0,1.0,1.0,0.0,26.18,16.0,16.41,10.0,0.14,0.0,0.0,0.79,0.83,0.82,24.85,2.27,1.71,5.9,0.74,13.56,9.83,2.19,2.21,2.14,26.0,8.0,13.0,47.0,2.0,2.0,0.0,8.0,0.0,6.0,16.0,24.0,32.0,0.0,0.0,21.0,16.0,6.0,15.0,21.0,12.0,1.0,0.51,1.5,0.26,1.0,1.0,0.0,46.42,34.0,33.32,5.0,0.36,0.4,0.4,2.23,2.2,2.17
847688284774508481624,2025,Teravainen-Dickinson-Mikheyev,CHI,line,5on5,16,5286.0,139.0,0.35,0.49,0.48,36.15,2.6,2.15,9.49,1.22,19.88,14.65,2.54,2.62,2.55,33.0,17.0,21.0,71.0,0.0,6.0,0.0,12.0,0.0,16.0,16.0,33.0,50.0,3.0,6.0,42.0,14.0,6.0,24.0,39.0,8.0,3.0,0.91,0.87,0.82,0.0,0.0,0.0,71.01,50.0,49.58,11.0,0.44,1.34,0.96,2.08,2.11,2.08,40.5,4.86,2.77,9.65,1.32,20.95,15.46,4.7,4.91,4.74,29.0,26.0,19.0,74.0,5.0,4.0,0.0,5.0,1.0,11.0,29.0,24.0,50.0,1.0,2.0,51.0,32.0,4.0,16.0,35.0,13.0,7.0,0.98,1.65,2.23,2.0,3.0,0.0,74.33,55.0,54.81,10.0,0.59,1.4,1.4,4.05,4.12,4.09
847793484784028483512,2025,Mcdavid-Draisaitl-Savoie,EDM,line,5on5,7,1078.0,79.0,0.61,0.53,0.64,12.04,0.93,0.8,3.08,0.48,7.63,5.08,0.87,0.93,0.87,10.0,8.0,3.0,21.0,3.0,1.0,0.0,2.0,0.0,9.0,3.0,7.0,15.0,0.0,0.0,12.0,1.0,2.0,7.0,14.0,4.0,0.0,0.44,0.48,0.0,3.0,0.0,0.0,20.47,18.0,17.59,4.0,0.16,0.13,0.13,0.96,0.96,0.9,7.19,0.58,0.46,1.4,0.26,3.89,3.41,0.58,0.61,0.6,8.0,2.0,9.0,19.0,1.0,1.0,0.0,0.0,0.0,3.0,5.0,7.0,9.0,0.0,0.0,11.0,1.0,2.0,4.0,6.0,4.0,0.0,0.18,0.41,0.0,0.0,1.0,0.0,19.86,10.0,10.43,3.0,0.1,0.01,0.01,0.67,0.7,0.69
847810984795258484149,2025,Olofsson-Brindley-Colton,COL,line,5on5,7,2228.0,46.0,0.45,0.55,0.54,25.04,2.25,1.56,6.46,0.76,12.7,9.27,2.21,2.33,2.28,24.0,9.0,14.0,47.0,2.0,3.0,1.0,4.0,0.0,13.0,11.0,22.0,31.0,1.0,5.0,23.0,18.0,2.0,5.0,25.0,5.0,3.0,0.75,0.7,0.8,0.0,1.0,1.0,49.9,33.0,34.52,3.0,0.33,0.73,0.73,1.85,1.88,1.87,21.9,2.75,1.51,5.13,0.74,10.26,7.61,2.34,2.63,2.24,15.0,13.0,10.0,38.0,1.0,4.0,1.0,3.0,0.0,11.0,9.0,14.0,27.0,1.0,5.0,20.0,20.0,4.0,10.0,19.0,4.0,5.0,0.53,0.59,1.63,0.0,0.0,1.0,36.97,28.0,27.31,3.0,0.32,1.38,1.38,1.69,1.63,1.61
847690584789758482751,2025,Marchment-Stephenson-Winterton,SEA,line,5on5,8,1035.0,99.0,0.52,0.28,0.31,7.9,0.97,0.53,2.1,0.27,3.6,2.53,0.95,0.95,0.94,7.0,3.0,1.0,11.0,1.0,1.0,0.0,0.0,0.0,3.0,5.0,6.0,9.0,1.0,2.0,10.0,8.0,3.0,4.0,7.0,1.0,2.0,0.22,0.11,0.64,0.0,0.0,1.0,11.32,10.0,10.28,4.0,0.11,0.41,0.41,0.68,0.68,0.66,15.98,0.91,1.14,4.06,0.53,9.02,6.35,0.88,0.94,0.91,13.0,9.0,6.0,28.0,0.0,1.0,0.0,3.0,0.0,10.0,8.0,13.0,22.0,1.0,2.0,8.0,5.0,1.0,7.0,19.0,3.0,0.0,0.49,0.42,0.0,0.0,0.0,0.0,27.89,22.0,21.96,2.0,0.24,0.15,0.15,1.0,1.03,1.01
847584884815238482737,2025,Bolduc-Dach-Gallagher,MTL,line,5on5,14,5360.0,57.0,0.58,0.53,0.55,51.37,5.14,3.12,12.87,1.67,26.3,19.9,5.01,5.1,4.98,50.0,19.0,25.0,94.0,8.0,6.0,2.0,9.0,0.0,23.0,23.0,42.0,61.0,10.0,26.0,38.0,48.0,5.0,21.0,48.0,14.0,7.0,1.37,1.72,2.06,3.0,2.0,3.0,93.33,69.0,68.83,6.0,0.65,1.59,1.59,4.2,4.2,4.13,41.69,3.65,2.42,10.49,1.33,22.18,16.92,3.58,3.75,3.68,35.0,22.0,26.0,83.0,5.0,2.0,0.0,9.0,0.0,25.0,16.0,30.0,52.0,9.0,24.0,48.0,49.0,4.0,26.0,42.0,12.0,3.0,1.27,1.53,0.85,2.0,3.0,0.0,85.52,57.0,58.72,16.0,0.5,0.37,0.37,3.78,3.87,3.81
847572684775058482667,2025,Eklund-Wennberg-Toffoli,SJS,line,5on5,19,8151.0,90.0,0.44,0.49,0.48,66.41,5.85,4.41,16.01,2.3,36.95,28.47,5.54,5.68,5.38,65.0,29.0,45.0,139.0,1.0,8.0,0.0,18.0,0.0,38.0,29.0,64.0,93.0,9.0,21.0,67.0,34.0,10.0,38.0,72.0,15.0,7.0,2.14,1.84,1.87,1.0,0.0,0.0,135.71,94.0,91.7,14.0,0.91,1.78,1.78,4.98,4.87,4.75,74.84,7.5,4.85,18.15,2.54,38.22,28.75,7.06,7.57,7.14,60.0,40.0,43.0,143.0,11.0,8.0,1.0,10.0,0.0,36.0,35.0,49.0,89.0,6.0,15.0,82.0,45.0,10.0,39.0,69.0,22.0,9.0,1.83,3.12,2.54,4.0,5.0,2.0,144.43,100.0,101.17,22.0,1.01,2.05,2.05,6.46,6.55,6.41
847886484815578483525,2025,Boldy-Yurov-Kaprizov,MIN,line,5on5,15,621.0,202.0,0.57,0.38,0.41,5.39,0.65,0.43,0.91,0.16,2.78,2.08,0.63,0.65,0.63,6.0,1.0,1.0,8.0,1.0,0.0,0.0,0.0,0.0,4.0,2.0,5.0,6.0,1.0,2.0,1.0,1.0,1.0,2.0,3.0,4.0,0.0,0.12,0.53,0.0,0.0,1.0,0.0,7.97,7.0,6.83,1.0,0.09,0.0,0.0,0.74,0.74,0.71,7.36,0.5,0.49,1.61,0.2,4.16,3.04,0.5,0.48,0.48,7.0,3.0,3.0,13.0,0.0,0.0,0.0,1.0,0.0,3.0,6.0,7.0,10.0,0.0,0.0,0.0,4.0,1.0,1.0,9.0,1.0,0.0,0.32,0.17,0.0,0.0,0.0,0.0,12.47,10.0,9.68,0.0,0.1,0.0,0.0,0.6,0.57,0.57
847572684842278484801,2025,Smith-Celebrini-Toffoli,SJS,line,5on5,19,11807.0,44.0,0.42,0.45,0.42,73.54,6.59,4.84,18.28,2.68,39.66,28.95,6.48,6.56,6.45,78.0,23.0,57.0,158.0,15.0,5.0,1.0,11.0,0.0,33.0,37.0,63.0,86.0,15.0,30.0,108.0,44.0,14.0,62.0,73.0,20.0,8.0,2.29,2.35,1.95,9.0,5.0,1.0,158.61,101.0,101.79,29.0,1.01,0.69,0.69,6.9,6.9,6.8,100.66,8.93,6.76,23.73,3.24,57.04,40.3,8.73,8.8,8.59,85.0,55.0,55.0,195.0,4.0,9.0,1.0,20.0,0.0,56.0,51.0,81.0,136.0,14.0,30.0,128.0,61.0,17.0,50.0,101.0,31.0,8.0,2.74,4.04,2.16,3.0,0.0,1.0,192.39,140.0,138.78,23.0,1.4,1.95,1.95,8.38,8.25,8.15
84757558480878,2025,Lundkvist-Petrovic,DAL,pairing,5on5,9,994.0,79.0,0.47,0.4,0.39,6.49,0.67,0.43,1.52,0.2,3.58,2.61,0.67,0.65,0.65,7.0,2.0,5.0,14.0,2.0,0.0,0.0,0.0,0.0,2.0,5.0,5.0,7.0,2.0,4.0,6.0,2.0,0.0,5.0,5.0,4.0,0.0,0.1,0.57,0.0,0.0,2.0,0.0,14.5,9.0,9.08,4.0,0.09,0.0,0.0,0.75,0.73,0.73,9.69,0.74,0.56,2.3,0.31,5.93,4.16,0.73,0.74,0.72,9.0,5.0,7.0,21.0,0.0,0.0,0.0,4.0,0.0,6.0,4.0,9.0,14.0,0.0,0.0,10.0,8.0,2.0,4.0,11.0,3.0,0.0,0.41,0.34,0.0,0.0,0.0,0.0,20.96,14.0,13.97,2.0,0.12,0.0,0.0,0.86,0.86,0.83
847516684779398484158,2025,Nylander-Tavares-Cowan,TOR,line,5on5,9,5055.0,20.0,0.51,0.43,0.39,33.59,3.81,2.28,8.86,1.09,16.38,11.57,3.62,3.97,3.76,25.0,19.0,23.0,67.0,6.0,3.0,0.0,4.0,0.0,13.0,18.0,19.0,38.0,5.0,10.0,54.0,26.0,6.0,21.0,27.0,11.0,6.0,0.82,1.47,1.52,4.0,1.0,1.0,68.11,44.0,45.39,9.0,0.49,0.85,0.85,3.44,3.56,3.51,49.88,3.66,3.02,12.45,1.58,28.06,20.23,3.61,3.6,3.56,46.0,23.0,19.0,88.0,3.0,2.0,0.0,13.0,0.0,22.0,29.0,43.0,66.0,3.0,6.0,36.0,27.0,9.0,21.0,54.0,13.0,2.0,1.51,1.6,0.54,2.0,1.0,0.0,86.1,69.0,67.0,10.0,0.62,0.16,0.16,4.12,4.06,4.01
847749784808068481716,2025,Voronkov-Monahan-Lundestrm,CBJ,line,5on5,2,639.0,26.0,0.4,0.57,0.6,6.06,0.17,0.34,1.88,0.24,3.79,2.58,0.16,0.16,0.15,8.0,1.0,4.0,13.0,0.0,0.0,0.0,3.0,0.0,3.0,3.0,8.0,9.0,2.0,4.0,9.0,3.0,1.0,3.0,9.0,0.0,0.0,0.17,0.0,0.0,0.0,0.0,0.0,12.56,9.0,8.69,1.0,0.07,0.0,0.0,0.24,0.23,0.22,4.3,0.26,0.25,1.2,0.15,2.37,1.78,0.25,0.27,0.26,6.0,0.0,4.0,10.0,0.0,0.0,0.0,2.0,0.0,3.0,1.0,6.0,6.0,0.0,0.0,4.0,1.0,1.0,1.0,5.0,1.0,0.0,0.1,0.16,0.0,0.0,0.0,0.0,10.26,6.0,6.12,0.0,0.05,0.0,0.0,0.31,0.32,0.31
84778458480990,2025,Chisholm-Van Riemsdyk,WSH,pairing,5on5,8,4126.0,21.0,0.44,0.51,0.51,33.58,3.12,2.12,8.28,1.1,18.05,13.33,2.98,3.25,3.11,29.0,17.0,18.0,64.0,3.0,4.0,1.0,1.0,0.0,18.0,20.0,26.0,43.0,3.0,6.0,26.0,19.0,6.0,32.0,30.0,13.0,3.0,0.86,1.52,0.74,1.0,2.0,0.0,66.32,46.0,47.61,12.0,0.44,0.91,0.91,2.65,2.75,2.71,33.59,3.9,2.2,7.97,1.09,17.3,12.54,3.68,3.71,3.5,27.0,18.0,17.0,62.0,2.0,7.0,0.0,4.0,0.0,16.0,16.0,25.0,43.0,3.0,6.0,29.0,22.0,7.0,18.0,31.0,7.0,7.0,0.85,0.81,2.24,0.0,2.0,0.0,60.08,45.0,43.64,7.0,0.46,2.02,2.02,2.34,2.26,2.2
847121484815808484186,2025,Ovechkin-Mcmichael-Leonard,WSH,line,5on5,5,960.0,66.0,0.31,0.25,0.19,1.94,0.27,0.15,0.35,0.07,1.23,0.92,0.25,0.27,0.25,1.0,2.0,3.0,6.0,0.0,0.0,0.0,0.0,0.0,2.0,1.0,1.0,3.0,3.0,6.0,4.0,7.0,3.0,5.0,1.0,2.0,0.0,0.07,0.19,0.0,0.0,0.0,0.0,5.85,3.0,2.89,2.0,0.03,0.0,0.0,0.3,0.3,0.28,9.12,0.59,0.54,2.22,0.29,5.39,3.97,0.58,0.63,0.63,11.0,2.0,5.0,18.0,2.0,0.0,0.0,3.0,0.0,5.0,3.0,9.0,11.0,4.0,8.0,12.0,4.0,4.0,3.0,11.0,2.0,0.0,0.32,0.26,0.0,1.0,1.0,0.0,19.4,13.0,13.89,1.0,0.11,0.0,0.0,0.69,0.75,0.74
848076284808298480830,2025,Robinson-Kotkaniemi-Svechnikov,CAR,line,5on5,6,1303.0,51.0,0.14,0.37,0.26,6.64,0.21,0.34,2.06,0.2,3.74,2.45,0.2,0.22,0.22,4.0,5.0,10.0,19.0,1.0,0.0,0.0,1.0,0.0,5.0,2.0,3.0,8.0,4.0,8.0,15.0,10.0,2.0,4.0,9.0,0.0,0.0,0.21,0.0,0.0,1.0,0.0,0.0,20.67,9.0,9.63,2.0,0.07,0.0,0.0,0.28,0.3,0.29,19.38,1.3,1.3,4.67,0.62,10.44,7.68,1.24,1.26,1.2,16.0,10.0,7.0,33.0,2.0,2.0,0.0,2.0,0.0,9.0,11.0,14.0,24.0,2.0,4.0,11.0,14.0,1.0,4.0,23.0,2.0,1.0,0.7,0.35,0.26,1.0,1.0,0.0,32.32,26.0,25.27,1.0,0.27,0.29,0.29,1.28,1.24,1.22
84800438484806,2025,Dickinson-Liljegren,SJS,pairing,5on5,15,2324.0,107.0,0.4,0.32,0.27,12.83,1.42,1.01,2.98,0.35,6.1,4.14,1.31,1.42,1.31,12.0,4.0,11.0,27.0,1.0,2.0,0.0,2.0,0.0,6.0,5.0,11.0,15.0,1.0,2.0,24.0,19.0,2.0,12.0,9.0,5.0,2.0,0.2,0.65,0.56,0.0,1.0,0.0,27.4,16.0,15.99,5.0,0.21,0.46,0.46,1.17,1.17,1.16,31.37,2.13,1.98,8.04,1.0,18.2,12.65,2.03,2.08,1.99,24.0,20.0,14.0,58.0,5.0,2.0,0.0,5.0,0.0,18.0,14.0,19.0,39.0,3.0,4.0,20.0,11.0,2.0,10.0,36.0,7.0,1.0,1.0,0.84,0.29,3.0,2.0,0.0,58.03,44.0,43.88,2.0,0.41,0.33,0.33,2.2,2.18,2.08
84808008484240,2025,Hughes-Willander,VAN,pairing,5on5,17,3090.0,89.0,0.47,0.47,0.49,30.14,3.65,2.12,7.21,1.08,15.99,11.95,3.42,3.43,3.22,24.0,18.0,15.0,57.0,0.0,5.0,0.0,5.0,0.0,18.0,14.0,24.0,42.0,2.0,4.0,23.0,17.0,4.0,14.0,28.0,8.0,6.0,0.81,1.02,1.82,0.0,0.0,0.0,53.2,42.0,39.17,6.0,0.44,1.2,1.2,2.89,2.74,2.67,31.68,4.11,2.26,7.14,1.08,16.56,11.86,3.8,4.23,3.92,24.0,19.0,20.0,63.0,3.0,4.0,1.0,6.0,0.0,15.0,15.0,21.0,40.0,6.0,12.0,17.0,18.0,3.0,19.0,22.0,17.0,4.0,0.65,2.41,1.05,0.0,2.0,1.0,64.58,43.0,43.97,9.0,0.48,0.58,0.58,4.01,4.17,3.93
84774638483398,2025,Carlile-Santini,TBL,pairing,5on5,9,4955.0,25.0,0.49,0.47,0.42,26.77,2.6,1.7,6.81,0.87,13.67,10.34,2.45,2.65,2.49,23.0,13.0,21.0,57.0,1.0,4.0,0.0,1.0,0.0,13.0,17.0,22.0,35.0,3.0,9.0,34.0,38.0,3.0,19.0,25.0,8.0,3.0,0.83,1.04,0.73,1.0,0.0,0.0,59.7,36.0,36.5,10.0,0.35,0.68,0.68,2.28,2.32,2.28,36.97,2.69,2.05,9.36,1.25,19.01,15.65,2.59,2.73,2.62,33.0,17.0,15.0,65.0,2.0,7.0,0.0,3.0,0.0,16.0,22.0,31.0,48.0,1.0,5.0,47.0,35.0,9.0,18.0,43.0,4.0,3.0,1.35,0.51,0.83,2.0,0.0,0.0,64.59,50.0,50.01,10.0,0.42,1.14,1.14,1.97,1.97,1.95
84793238482073,2025,Fox-Schneider,NYR,pairing,5on5,20,1002.0,147.0,0.38,0.45,0.44,9.17,0.72,0.58,2.05,0.26,4.79,3.6,0.71,0.75,0.74,10.0,2.0,5.0,17.0,2.0,1.0,1.0,2.0,0.0,0.0,7.0,8.0,10.0,2.0,4.0,4.0,7.0,3.0,2.0,10.0,1.0,1.0,0.41,0.11,0.2,2.0,0.0,0.0,17.49,12.0,12.38,0.0,0.12,0.06,0.06,0.78,0.81,0.8,11.63,1.19,0.8,2.56,0.35,5.94,4.15,0.99,1.26,1.04,9.0,6.0,6.0,21.0,1.0,1.0,1.0,3.0,0.0,6.0,4.0,8.0,14.0,1.0,2.0,1.0,2.0,0.0,3.0,11.0,2.0,2.0,0.37,0.18,0.64,0.0,0.0,1.0,21.66,15.0,15.7,1.0,0.17,0.31,0.64,0.72,0.73,0.71
847933784834648484794,2025,Debrincat-Kasper-Brandsegg-Nygrd,DET,line,5on5,5,1140.0,48.0,0.74,0.67,0.74,14.41,1.05,0.81,4.13,0.48,7.91,5.62,1.05,1.04,1.04,11.0,9.0,9.0,29.0,0.0,0.0,0.0,3.0,0.0,8.0,9.0,11.0,20.0,0.0,0.0,10.0,9.0,1.0,10.0,15.0,5.0,0.0,0.36,0.69,0.0,0.0,0.0,0.0,29.13,20.0,20.08,3.0,0.17,0.0,0.0,1.22,1.21,1.2,5.13,0.37,0.35,1.52,0.17,2.62,1.97,0.37,0.37,0.37,3.0,4.0,7.0,14.0,1.0,0.0,0.0,2.0,0.0,2.0,2.0,2.0,6.0,0.0,0.0,6.0,11.0,3.0,8.0,6.0,1.0,0.0,0.18,0.19,0.0,0.0,1.0,0.0,13.77,7.0,6.87,6.0,0.07,0.0,0.0,0.45,0.44,0.44
847516984800128480748,2025,Sherwood-Pettersson-Kane,VAN,line,5on5,13,2752.0,119.0,0.38,0.44,0.47,22.25,1.78,1.34,5.63,0.75,12.28,9.23,1.77,1.76,1.75,17.0,14.0,10.0,41.0,2.0,1.0,0.0,4.0,0.0,14.0,10.0,15.0,29.0,5.0,10.0,28.0,24.0,4.0,19.0,25.0,5.0,1.0,0.84,0.72,0.22,2.0,0.0,0.0,40.44,31.0,30.45,7.0,0.28,0.22,0.22,1.84,1.84,1.83,26.42,2.89,1.78,6.18,0.76,13.38,10.02,2.77,2.87,2.75,28.0,7.0,17.0,52.0,5.0,2.0,1.0,7.0,0.0,11.0,10.0,23.0,30.0,6.0,12.0,26.0,20.0,7.0,15.0,26.0,4.0,5.0,0.9,0.57,1.42,3.0,0.0,2.0,53.41,35.0,36.1,6.0,0.38,0.54,0.54,2.73,2.74,2.68
847646884778398482109,2025,Sheary-Miller-Lafrenire,NYR,line,5on5,6,3111.0,15.0,0.73,0.61,0.61,30.4,3.6,2.32,7.54,1.12,16.45,11.96,3.47,3.7,3.56,26.0,17.0,14.0,57.0,1.0,3.0,0.0,4.0,0.0,21.0,14.0,25.0,42.0,2.0,4.0,40.0,19.0,4.0,12.0,25.0,14.0,4.0,0.87,1.75,0.98,0.0,1.0,0.0,57.63,43.0,43.75,5.0,0.5,0.67,0.67,3.43,3.54,3.42,19.49,1.36,1.16,4.82,0.61,10.9,8.15,1.35,1.35,1.33,14.0,13.0,9.0,36.0,1.0,2.0,0.0,2.0,0.0,11.0,11.0,13.0,26.0,2.0,4.0,28.0,16.0,5.0,10.0,22.0,5.0,0.0,0.72,0.65,0.0,1.0,0.0,0.0,36.02,27.0,27.02,6.0,0.24,0.24,0.24,1.35,1.32,1.32
84745638482730,2025,Doughty-Clarke,LAK,pairing,5on5,30,2215.0,182.0,0.84,0.72,0.76,27.53,3.05,1.88,6.64,0.91,14.38,11.14,2.89,3.1,2.94,30.0,8.0,18.0,56.0,3.0,2.0,0.0,7.0,0.0,11.0,15.0,27.0,35.0,4.0,8.0,8.0,5.0,2.0,14.0,27.0,5.0,6.0,0.69,0.57,1.79,2.0,0.0,1.0,54.08,38.0,36.86,6.0,0.39,0.61,0.61,2.83,2.85,2.76,8.46,0.6,0.54,2.6,0.32,4.62,3.32,0.59,0.61,0.61,11.0,1.0,10.0,22.0,0.0,0.0,0.0,2.0,0.0,7.0,3.0,11.0,12.0,6.0,12.0,13.0,13.0,2.0,8.0,10.0,2.0,0.0,0.27,0.33,0.0,0.0,0.0,0.0,22.5,12.0,12.28,2.0,0.11,0.0,0.0,0.71,0.73,0.72
84799828480196,2025,Bryson-Timmins,BUF,pairing,5on5,12,820.0,119.0,0.62,0.45,0.48,7.33,1.23,0.53,1.71,0.24,3.64,2.66,1.22,1.13,1.12,8.0,2.0,4.0,14.0,0.0,2.0,0.0,0.0,0.0,2.0,6.0,8.0,10.0,0.0,0.0,2.0,4.0,1.0,3.0,5.0,3.0,2.0,0.06,0.3,0.86,0.0,0.0,0.0,13.19,10.0,9.49,0.0,0.11,0.86,0.86,0.48,0.47,0.47,8.33,0.75,0.55,1.68,0.26,4.25,3.52,0.73,0.74,0.73,8.0,3.0,6.0,17.0,1.0,1.0,0.0,0.0,0.0,4.0,5.0,7.0,10.0,1.0,2.0,4.0,7.0,0.0,5.0,8.0,2.0,1.0,0.24,0.25,0.26,0.0,1.0,0.0,17.58,11.0,11.05,2.0,0.12,0.26,0.26,0.6,0.62,0.62
847840184799878479999,2025,Mittelstadt-Zacha-Geekie,BOS,line,5on5,8,807.0,64.0,0.29,0.46,0.48,7.06,0.36,0.39,1.78,0.21,4.27,2.99,0.36,0.35,0.35,8.0,2.0,3.0,13.0,0.0,0.0,0.0,2.0,0.0,5.0,3.0,8.0,10.0,3.0,6.0,7.0,4.0,0.0,5.0,9.0,1.0,0.0,0.26,0.1,0.0,0.0,0.0,0.0,12.16,10.0,9.55,2.0,0.08,0.0,0.0,0.44,0.43,0.42,8.48,0.89,0.59,2.11,0.26,4.29,2.87,0.88,0.9,0.9,10.0,1.0,4.0,15.0,1.0,1.0,0.0,3.0,0.0,3.0,3.0,9.0,10.0,1.0,2.0,4.0,6.0,0.0,2.0,7.0,3.0,1.0,0.24,0.44,0.2,0.0,1.0,0.0,15.38,11.0,11.09,2.0,0.12,0.03,0.03,0.97,0.99,0.99
847997784826998483431,2025,Yamamoto-Cooley-Guenther,UTA,line,5on5,8,2719.0,36.0,0.69,0.59,0.63,31.29,2.92,2.02,7.48,1.02,16.42,12.15,2.89,2.92,2.88,25.0,17.0,10.0,52.0,5.0,2.0,0.0,6.0,0.0,16.0,13.0,20.0,37.0,3.0,8.0,12.0,20.0,4.0,12.0,29.0,10.0,3.0,0.9,1.13,0.89,2.0,2.0,1.0,51.45,42.0,41.91,7.0,0.42,0.28,0.28,3.06,3.04,3.02,18.02,1.31,1.09,5.03,0.64,9.49,7.45,1.31,1.31,1.31,16.0,9.0,11.0,36.0,2.0,0.0,0.0,5.0,0.0,6.0,12.0,14.0,23.0,1.0,2.0,24.0,16.0,5.0,10.0,20.0,4.0,1.0,0.66,0.43,0.21,0.0,1.0,1.0,36.22,25.0,24.83,6.0,0.23,0.0,0.0,1.53,1.54,1.53
847062184815328483808,2025,Kuzmenko-Turcotte-Perry,LAK,line,5on5,10,1113.0,92.0,0.4,0.32,0.31,6.31,0.73,0.42,1.26,0.21,3.84,2.53,0.71,0.76,0.74,8.0,1.0,3.0,12.0,1.0,1.0,1.0,0.0,0.0,0.0,7.0,7.0,8.0,3.0,6.0,7.0,5.0,0.0,2.0,6.0,2.0,1.0,0.28,0.21,0.25,0.0,0.0,1.0,12.58,9.0,9.62,1.0,0.09,0.25,0.25,0.57,0.59,0.59,14.25,1.09,0.88,3.59,0.46,8.37,5.62,1.02,1.05,0.99,15.0,5.0,6.0,26.0,1.0,2.0,0.0,2.0,0.0,7.0,8.0,14.0,19.0,0.0,0.0,1.0,8.0,0.0,5.0,17.0,1.0,2.0,0.45,0.15,0.48,0.0,1.0,0.0,25.49,20.0,19.71,2.0,0.17,0.48,0.48,0.78,0.76,0.75
847522084785088483525,2025,Foligno-Yurov-Trenin,MIN,line,5on5,16,2615.0,152.0,0.59,0.55,0.52,20.3,2.09,1.25,5.0,0.63,10.36,7.67,2.02,2.22,2.14,15.0,12.0,15.0,42.0,3.0,1.0,0.0,2.0,0.0,14.0,7.0,12.0,24.0,5.0,10.0,16.0,30.0,3.0,14.0,19.0,6.0,2.0,0.53,0.96,0.61,1.0,2.0,0.0,43.91,27.0,28.03,9.0,0.26,0.4,0.61,1.75,1.81,1.79,18.42,1.44,1.02,4.62,0.6,9.59,7.71,1.41,1.42,1.39,19.0,6.0,9.0,34.0,1.0,1.0,0.0,6.0,0.0,7.0,10.0,18.0,24.0,2.0,4.0,21.0,20.0,2.0,16.0,19.0,5.0,1.0,0.52,0.66,0.27,0.0,1.0,0.0,33.01,25.0,24.24,10.0,0.21,0.27,0.27,1.39,1.38,1.36
84809508481581,2025,Harley-Lyubushkin,DAL,pairing,5on5,23,10548.0,87.0,0.31,0.32,0.32,47.92,4.36,2.89,11.53,1.56,25.16,18.49,4.28,4.26,4.19,47.0,17.0,30.0,94.0,3.0,3.0,0.0,15.0,0.0,19.0,24.0,44.0,61.0,6.0,15.0,82.0,64.0,11.0,52.0,43.0,18.0,3.0,1.36,2.21,0.8,2.0,1.0,0.0,92.41,64.0,63.09,33.0,0.6,0.8,0.8,4.16,4.08,4.07,100.91,9.69,6.27,26.73,3.6,52.68,39.03,9.06,9.75,9.12,92.0,46.0,60.0,198.0,7.0,15.0,1.0,14.0,0.0,37.0,65.0,85.0,131.0,9.0,21.0,84.0,80.0,12.0,46.0,97.0,30.0,11.0,3.06,3.48,3.16,3.0,4.0,0.0,201.7,138.0,140.33,19.0,1.31,3.15,3.15,7.86,7.97,7.81
84769068480336,2025,Gostisbehere-Walker,CAR,pairing,5on5,16,6271.0,99.0,0.64,0.65,0.63,77.95,6.65,4.78,20.21,2.53,41.19,30.62,6.46,6.51,6.33,74.0,32.0,39.0,145.0,6.0,10.0,0.0,22.0,0.0,36.0,32.0,68.0,100.0,4.0,8.0,53.0,31.0,5.0,19.0,82.0,17.0,7.0,2.77,2.14,1.74,2.0,3.0,1.0,141.45,106.0,103.27,8.0,0.99,1.5,1.5,6.14,6.04,5.88,45.05,3.74,3.04,10.63,1.54,24.5,18.55,3.63,3.75,3.64,42.0,20.0,17.0,79.0,5.0,3.0,1.0,10.0,0.0,21.0,23.0,37.0,57.0,5.0,10.0,54.0,42.0,9.0,29.0,45.0,14.0,3.0,1.37,1.57,0.8,0.0,4.0,1.0,81.02,62.0,63.6,16.0,0.63,0.58,0.58,3.79,3.83,3.76
84769178481014,2025,Romanov-Pelech,NYI,pairing,5on5,9,600.0,83.0,0.61,0.64,0.38,1.93,0.23,0.13,0.42,0.06,1.2,0.94,0.23,0.27,0.25,0.0,3.0,6.0,9.0,0.0,0.0,0.0,0.0,0.0,2.0,1.0,0.0,3.0,0.0,0.0,3.0,5.0,1.0,3.0,2.0,1.0,0.0,0.1,0.13,0.0,0.0,0.0,0.0,9.81,3.0,3.29,1.0,0.03,0.0,0.0,0.26,0.3,0.28,3.63,0.15,0.18,0.99,0.11,2.1,1.46,0.15,0.15,0.15,4.0,1.0,0.0,5.0,0.0,0.0,0.0,1.0,0.0,1.0,3.0,4.0,5.0,1.0,2.0,1.0,0.0,0.0,7.0,5.0,0.0,0.0,0.15,0.0,0.0,0.0,0.0,0.0,4.91,5.0,4.94,5.0,0.04,0.0,0.0,0.19,0.18,0.18
84774988480803,2025,Nurse-Bouchard,EDM,pairing,5on5,31,4291.0,183.0,0.62,0.56,0.58,48.13,5.03,3.19,10.85,1.38,23.83,18.72,4.81,5.04,4.83,48.0,15.0,24.0,87.0,8.0,2.0,0.0,13.0,0.0,16.0,24.0,40.0,55.0,2.0,4.0,24.0,15.0,8.0,18.0,39.0,18.0,6.0,1.19,2.35,1.49,6.0,1.0,1.0,85.35,63.0,61.6,11.0,0.67,0.49,0.49,5.22,5.25,5.12,33.86,3.05,2.06,8.14,1.08,18.27,13.39,2.99,3.05,2.98,30.0,16.0,22.0,68.0,2.0,3.0,0.0,4.0,0.0,19.0,18.0,28.0,44.0,5.0,10.0,37.0,14.0,8.0,14.0,33.0,11.0,2.0,0.98,1.5,0.57,1.0,1.0,0.0,68.64,46.0,46.56,4.0,0.42,0.61,0.61,2.87,2.89,2.88
84768758483457,2025,Matheson-Hutson,MTL,pairing,5on5,29,1921.0,231.0,0.51,0.52,0.53,17.51,1.73,1.23,3.7,0.6,9.02,7.71,1.71,1.73,1.7,19.0,5.0,6.0,30.0,2.0,3.0,0.0,3.0,0.0,3.0,13.0,17.0,22.0,1.0,2.0,1.0,3.0,3.0,10.0,14.0,10.0,0.0,0.58,1.16,0.0,1.0,1.0,0.0,29.87,24.0,23.73,9.0,0.25,0.38,0.38,1.6,1.61,1.6,16.39,1.68,1.18,4.15,0.51,8.07,5.41,1.48,1.7,1.5,15.0,6.0,7.0,28.0,1.0,3.0,0.0,3.0,0.0,8.0,6.0,14.0,20.0,3.0,6.0,4.0,10.0,2.0,4.0,13.0,6.0,2.0,0.44,0.77,0.47,1.0,0.0,0.0,29.17,21.0,21.66,0.0,0.24,0.62,0.62,1.31,1.35,1.3
847467984757998476480,2025,Niederreiter-Namestnikov-Nyquist,WPG,line,5on5,10,3618.0,37.0,0.65,0.53,0.57,28.2,3.42,2.09,6.98,0.93,15.09,10.49,3.12,3.46,3.15,28.0,11.0,12.0,51.0,2.0,3.0,1.0,6.0,0.0,18.0,10.0,26.0,37.0,5.0,13.0,23.0,34.0,6.0,20.0,28.0,5.0,6.0,0.78,0.56,2.08,0.0,0.0,2.0,51.51,39.0,39.0,9.0,0.44,1.26,1.26,2.6,2.61,2.58,21.46,1.88,1.5,5.04,0.69,12.45,8.44,1.82,1.87,1.81,18.0,12.0,15.0,45.0,1.0,2.0,0.0,3.0,0.0,16.0,8.0,17.0,29.0,4.0,11.0,34.0,17.0,7.0,20.0,21.0,8.0,1.0,0.66,0.98,0.25,0.0,0.0,1.0,45.89,30.0,30.41,11.0,0.31,0.27,0.27,1.92,1.92,1.89
847686784799448482475,2025,Aston-Reese-Gaunce-Chinakhov,CBJ,line,5on5,3,1048.0,12.0,0.57,0.56,0.56,6.04,0.38,0.42,1.66,0.2,3.68,2.66,0.37,0.37,0.36,7.0,2.0,5.0,14.0,0.0,0.0,0.0,0.0,0.0,4.0,5.0,7.0,9.0,2.0,4.0,7.0,15.0,2.0,6.0,7.0,2.0,0.0,0.15,0.24,0.0,0.0,0.0,0.0,13.57,9.0,8.71,4.0,0.09,0.0,0.0,0.47,0.45,0.44,4.93,0.29,0.27,1.5,0.17,2.79,2.0,0.27,0.29,0.28,4.0,3.0,4.0,11.0,0.0,0.0,0.0,0.0,0.0,3.0,4.0,4.0,7.0,1.0,2.0,8.0,4.0,3.0,2.0,6.0,1.0,0.0,0.19,0.1,0.0,0.0,0.0,0.0,11.11,7.0,7.02,1.0,0.05,0.0,0.0,0.34,0.35,0.33
84764228476906,2025,Gostisbehere-Reilly,CAR,pairing,5on5,10,807.0,74.0,0.45,0.58,0.56,10.48,1.06,0.68,2.36,0.33,5.67,3.89,1.06,1.04,1.03,9.0,5.0,4.0,18.0,1.0,1.0,1.0,2.0,0.0,4.0,6.0,8.0,13.0,0.0,0.0,3.0,2.0,1.0,1.0,9.0,4.0,1.0,0.3,0.46,0.3,0.0,1.0,0.0,17.68,14.0,13.86,0.0,0.14,0.11,0.11,1.09,1.06,1.06,7.95,1.29,0.54,2.03,0.28,3.98,2.89,1.2,1.23,1.14,6.0,5.0,2.0,13.0,1.0,2.0,1.0,2.0,0.0,4.0,2.0,5.0,10.0,0.0,0.0,2.0,6.0,0.0,5.0,6.0,3.0,2.0,0.15,0.37,0.77,0.0,0.0,1.0,12.49,11.0,10.5,4.0,0.11,0.77,0.77,0.63,0.61,0.59
847750884793658484529,2025,Clattenburg-Lazar-Frederic,EDM,line,5on5,3,762.0,14.0,0.7,0.32,0.39,5.38,0.74,0.43,1.38,0.17,2.62,1.66,0.71,0.78,0.75,4.0,3.0,1.0,8.0,0.0,2.0,0.0,1.0,0.0,1.0,3.0,4.0,7.0,3.0,9.0,4.0,13.0,1.0,4.0,5.0,0.0,2.0,0.17,0.0,0.57,0.0,0.0,0.0,8.53,7.0,7.39,2.0,0.09,0.57,0.57,0.26,0.26,0.26,7.93,0.31,0.45,2.25,0.26,4.45,3.28,0.31,0.31,0.31,8.0,3.0,6.0,17.0,0.0,1.0,0.0,3.0,0.0,5.0,2.0,8.0,11.0,3.0,11.0,4.0,9.0,1.0,4.0,11.0,0.0,0.0,0.31,0.0,0.0,0.0,0.0,0.0,16.39,11.0,10.79,2.0,0.09,0.05,0.05,0.35,0.35,0.35
847937084827688483513,2025,Schaefer-Svechkov-Jost,NSH,line,5on5,4,800.0,41.0,0.71,0.66,0.61,10.61,1.43,0.87,2.39,0.31,5.44,3.56,1.26,1.37,1.21,9.0,5.0,7.0,21.0,0.0,2.0,0.0,1.0,0.0,8.0,3.0,9.0,14.0,2.0,4.0,8.0,4.0,0.0,3.0,8.0,3.0,3.0,0.26,0.32,0.85,0.0,0.0,0.0,20.12,14.0,13.56,2.0,0.19,0.58,0.58,1.03,1.01,0.98,6.3,0.58,0.5,1.24,0.22,3.8,2.66,0.57,0.57,0.56,5.0,4.0,2.0,11.0,1.0,0.0,0.0,1.0,0.0,4.0,3.0,4.0,8.0,1.0,2.0,4.0,6.0,1.0,2.0,7.0,2.0,0.0,0.26,0.32,0.0,1.0,0.0,0.0,10.61,9.0,8.82,0.0,0.11,0.0,0.0,0.68,0.67,0.67
84821058482245,2025,Sanderson-Zub,OTT,pairing,5on5,38,30494.0,68.0,0.58,0.55,0.58,257.63,22.7,15.98,63.89,8.12,133.82,100.49,21.93,23.19,22.39,220.0,125.0,123.0,468.0,24.0,20.0,2.0,44.0,0.0,127.0,130.0,196.0,321.0,35.0,79.0,314.0,206.0,49.0,134.0,256.0,65.0,24.0,6.85,8.63,7.22,12.0,7.0,5.0,472.69,345.0,349.98,61.0,3.33,4.68,5.03,21.0,21.36,21.04,180.51,16.6,12.17,45.37,6.26,96.92,71.69,15.8,16.57,15.76,172.0,77.0,130.0,379.0,17.0,20.0,3.0,41.0,0.0,82.0,89.0,155.0,232.0,37.0,85.0,252.0,222.0,35.0,166.0,179.0,52.0,18.0,5.62,6.38,4.6,8.0,4.0,5.0,375.98,249.0,247.88,87.0,2.55,3.28,3.28,15.87,15.78,15.45
847648084801138483471,2025,Iafallo-Namestnikov-Lambert,WPG,line,5on5,2,722.0,6.0,0.21,0.39,0.4,5.87,0.27,0.35,1.46,0.16,3.43,2.33,0.26,0.28,0.27,6.0,2.0,3.0,11.0,0.0,0.0,0.0,1.0,0.0,5.0,2.0,6.0,8.0,2.0,4.0,2.0,7.0,0.0,5.0,7.0,1.0,0.0,0.11,0.16,0.0,0.0,0.0,0.0,10.69,8.0,7.78,4.0,0.07,0.0,0.0,0.34,0.35,0.34,8.97,1.02,0.57,2.15,0.29,4.72,3.25,1.02,1.06,1.06,11.0,1.0,5.0,17.0,1.0,1.0,1.0,3.0,0.0,3.0,4.0,10.0,11.0,1.0,2.0,6.0,7.0,0.0,1.0,9.0,2.0,1.0,0.22,0.34,0.46,0.0,0.0,1.0,17.5,12.0,12.46,0.0,0.12,0.46,0.46,0.68,0.68,0.68
847531484764198478445,2025,Lee-Barzal-Pageau,NYI,line,5on5,10,1585.0,101.0,0.55,0.53,0.52,20.21,1.72,1.33,5.44,0.7,10.99,7.81,1.61,1.69,1.58,19.0,9.0,9.0,37.0,0.0,2.0,0.0,6.0,0.0,14.0,6.0,19.0,28.0,0.0,0.0,18.0,3.0,2.0,6.0,21.0,5.0,2.0,0.52,0.72,0.48,0.0,0.0,0.0,36.69,28.0,27.51,3.0,0.28,0.28,0.28,1.72,1.67,1.58,19.34,1.41,1.15,4.92,0.63,10.09,7.79,1.33,1.51,1.43,15.0,11.0,7.0,33.0,2.0,1.0,0.0,5.0,0.0,12.0,6.0,13.0,24.0,1.0,2.0,13.0,7.0,1.0,15.0,19.0,7.0,0.0,0.54,0.88,0.0,2.0,0.0,0.0,34.7,26.0,27.17,6.0,0.24,0.18,0.18,1.47,1.56,1.49
84807968480990,2025,Fehervary-Chisholm,WSH,pairing,5on5,11,1158.0,94.0,0.51,0.57,0.52,11.27,1.02,0.76,2.87,0.36,5.65,4.34,0.98,1.01,0.98,10.0,5.0,12.0,27.0,2.0,2.0,0.0,1.0,0.0,3.0,7.0,8.0,13.0,0.0,0.0,11.0,9.0,1.0,5.0,10.0,5.0,0.0,0.33,0.69,0.0,1.0,1.0,0.0,25.98,15.0,14.97,0.0,0.16,0.17,0.17,1.01,1.0,0.96,10.3,0.98,0.68,2.2,0.32,5.79,4.03,0.95,1.0,0.97,8.0,6.0,6.0,20.0,1.0,0.0,0.0,2.0,0.0,7.0,4.0,7.0,13.0,0.0,0.0,6.0,6.0,1.0,3.0,10.0,3.0,1.0,0.33,0.4,0.26,0.0,1.0,0.0,21.25,14.0,14.67,2.0,0.15,0.0,0.0,1.13,1.15,1.11
847794084827028482809,2025,Ehlers-Stankoven-Blake,CAR,line,5on5,34,14218.0,165.0,0.61,0.65,0.63,141.96,13.57,8.87,35.67,4.64,75.32,55.92,13.19,13.53,13.13,122.0,72.0,92.0,286.0,9.0,15.0,1.0,34.0,1.0,75.0,60.0,113.0,185.0,16.0,34.0,91.0,31.0,25.0,79.0,148.0,30.0,16.0,5.07,3.94,4.57,5.0,2.0,2.0,282.93,194.0,192.59,30.0,1.84,3.14,3.03,12.38,12.24,12.07,85.07,8.68,5.44,20.33,2.71,45.06,33.79,8.41,8.69,8.44,77.0,39.0,39.0,155.0,4.0,7.0,0.0,20.0,1.0,34.0,50.0,73.0,112.0,12.0,24.0,132.0,111.0,20.0,72.0,78.0,27.0,11.0,2.47,3.31,2.89,2.0,2.0,0.0,154.9,116.0,116.08,39.0,1.14,1.54,1.54,8.28,8.34,8.18
847745084774798482172,2025,Slaggert-Dickinson-Bertuzzi,CHI,line,5on5,4,1299.0,31.0,0.61,0.54,0.63,9.56,1.24,0.68,2.01,0.34,4.29,3.44,1.22,1.19,1.17,8.0,4.0,3.0,15.0,3.0,1.0,0.0,2.0,0.0,3.0,3.0,5.0,9.0,0.0,0.0,10.0,12.0,0.0,5.0,6.0,4.0,2.0,0.23,0.42,0.59,2.0,1.0,0.0,14.23,12.0,11.47,2.0,0.14,0.25,0.25,1.14,1.06,1.06,5.35,0.79,0.43,0.9,0.14,2.78,1.95,0.79,0.8,0.8,5.0,2.0,6.0,13.0,1.0,0.0,0.0,0.0,0.0,3.0,3.0,4.0,6.0,1.0,2.0,18.0,7.0,3.0,7.0,3.0,4.0,0.0,0.16,0.63,0.0,1.0,0.0,0.0,13.75,7.0,7.2,3.0,0.09,0.0,0.0,0.88,0.9,0.9
847804284784018482634,2025,Arvidsson-Zacha-Steeves,BOS,line,5on5,4,1961.0,11.0,0.48,0.53,0.53,21.1,1.73,1.33,5.54,0.8,11.08,8.51,1.71,1.82,1.79,20.0,9.0,11.0,40.0,1.0,1.0,0.0,7.0,0.0,13.0,7.0,19.0,28.0,1.0,5.0,21.0,21.0,0.0,9.0,22.0,6.0,1.0,0.69,0.81,0.24,0.0,1.0,0.0,41.96,29.0,30.12,4.0,0.28,0.24,0.24,1.78,1.86,1.83,19.03,1.91,1.22,5.42,0.65,9.34,7.46,1.59,1.87,1.54,15.0,11.0,10.0,36.0,1.0,3.0,0.0,5.0,0.0,9.0,8.0,14.0,25.0,3.0,9.0,23.0,18.0,5.0,6.0,18.0,5.0,3.0,0.39,0.62,0.9,0.0,1.0,0.0,34.65,26.0,25.18,3.0,0.26,0.9,0.9,1.27,1.24,1.14
84769028481581,2025,Harley-Lindell,DAL,pairing,5on5,28,2812.0,217.0,0.51,0.47,0.45,17.64,1.67,1.16,3.71,0.53,9.5,7.43,1.67,1.68,1.68,19.0,5.0,9.0,33.0,1.0,1.0,0.0,2.0,0.0,10.0,10.0,18.0,23.0,1.0,2.0,7.0,9.0,4.0,13.0,15.0,9.0,0.0,0.67,1.0,0.0,0.0,1.0,0.0,32.89,24.0,24.25,6.0,0.24,0.13,0.13,1.78,1.8,1.8,20.71,1.62,1.2,4.81,0.71,11.46,9.2,1.61,1.61,1.61,17.0,12.0,8.0,37.0,1.0,1.0,0.0,2.0,0.0,14.0,11.0,16.0,28.0,0.0,0.0,4.0,21.0,4.0,19.0,24.0,4.0,1.0,0.87,0.52,0.23,1.0,0.0,0.0,37.13,29.0,28.96,6.0,0.24,0.03,0.03,1.83,1.82,1.81
847687184802898481043,2025,Pearson-Barron-Koepke,WPG,line,5on5,12,4018.0,62.0,0.37,0.36,0.37,27.98,2.7,1.96,6.59,0.94,15.02,10.79,2.66,2.61,2.58,26.0,12.0,10.0,48.0,4.0,1.0,0.0,7.0,0.0,18.0,8.0,22.0,34.0,7.0,14.0,38.0,68.0,4.0,21.0,26.0,9.0,3.0,0.85,1.1,0.75,1.0,3.0,0.0,45.87,38.0,36.89,10.0,0.41,0.27,0.27,2.83,2.75,2.73,47.45,4.64,2.94,12.96,1.49,24.43,17.54,4.42,4.74,4.52,44.0,20.0,22.0,86.0,2.0,6.0,0.0,13.0,0.0,28.0,15.0,42.0,62.0,3.0,6.0,33.0,33.0,4.0,26.0,47.0,12.0,5.0,1.51,1.61,1.52,1.0,1.0,0.0,87.28,64.0,64.65,10.0,0.62,1.5,1.5,3.75,3.85,3.79
847646984815328482408,2025,Malott-Turcotte-Armia,LAK,line,5on5,11,1328.0,104.0,0.71,0.57,0.62,9.31,0.75,0.61,2.37,0.3,5.19,3.78,0.74,0.77,0.76,8.0,5.0,7.0,20.0,1.0,1.0,0.0,1.0,0.0,7.0,3.0,7.0,12.0,3.0,9.0,11.0,16.0,2.0,4.0,10.0,2.0,1.0,0.33,0.2,0.23,0.0,0.0,1.0,19.57,13.0,13.16,2.0,0.13,0.04,0.04,0.84,0.86,0.86,5.38,0.3,0.32,1.43,0.17,3.33,2.44,0.3,0.3,0.3,8.0,0.0,7.0,15.0,1.0,0.0,0.0,1.0,0.0,3.0,3.0,7.0,7.0,1.0,5.0,8.0,16.0,0.0,4.0,7.0,1.0,0.0,0.2,0.1,0.0,1.0,0.0,0.0,14.84,8.0,8.16,1.0,0.07,0.0,0.0,0.37,0.37,0.36
847798784816248484197,2025,Donato-Moore-Mikheyev,CHI,line,5on5,7,1592.0,50.0,0.56,0.51,0.5,17.34,1.93,1.25,4.7,0.57,7.99,5.56,1.79,2.03,1.89,13.0,9.0,6.0,28.0,2.0,5.0,0.0,2.0,0.0,7.0,6.0,11.0,20.0,1.0,2.0,10.0,3.0,3.0,12.0,12.0,9.0,1.0,0.31,1.28,0.34,0.0,2.0,0.0,28.97,22.0,22.65,6.0,0.26,0.72,0.72,1.48,1.56,1.52,15.82,1.52,1.01,3.83,0.49,8.95,6.21,1.5,1.47,1.44,15.0,7.0,5.0,27.0,0.0,1.0,0.0,6.0,0.0,6.0,9.0,15.0,22.0,0.0,0.0,13.0,18.0,3.0,6.0,19.0,1.0,2.0,0.5,0.19,0.83,0.0,0.0,0.0,26.33,22.0,21.39,4.0,0.2,0.61,0.61,1.11,1.05,1.04
847805784784628481582,2025,Robertson-Roy-Joshua,TOR,line,5on5,7,803.0,105.0,0.54,0.47,0.5,8.36,0.78,0.5,2.1,0.26,4.2,3.17,0.77,0.8,0.8,8.0,3.0,3.0,14.0,1.0,1.0,0.0,0.0,0.0,5.0,4.0,7.0,10.0,2.0,4.0,11.0,6.0,1.0,2.0,7.0,4.0,0.0,0.19,0.58,0.0,1.0,0.0,0.0,14.39,11.0,11.32,1.0,0.1,0.19,0.19,0.69,0.71,0.71,8.2,0.65,0.48,2.15,0.27,4.32,3.13,0.64,0.67,0.65,7.0,4.0,5.0,16.0,2.0,0.0,0.0,1.0,0.0,5.0,3.0,5.0,9.0,2.0,4.0,5.0,5.0,2.0,5.0,9.0,1.0,1.0,0.23,0.17,0.25,1.0,1.0,0.0,16.33,11.0,11.05,2.0,0.1,0.0,0.0,0.75,0.77,0.75
84793458480873,2025,Chychrun-Sandin,WSH,pairing,5on5,29,3054.0,224.0,0.5,0.61,0.58,27.06,2.53,1.71,6.48,0.86,14.32,11.1,2.47,2.6,2.53,24.0,13.0,18.0,55.0,6.0,2.0,1.0,2.0,0.0,11.0,16.0,18.0,31.0,3.0,6.0,17.0,26.0,2.0,13.0,27.0,7.0,3.0,0.75,0.9,0.88,2.0,2.0,2.0,55.43,37.0,37.2,7.0,0.35,0.54,0.54,2.34,2.39,2.36,20.38,2.52,1.4,4.66,0.65,10.06,7.71,2.49,2.56,2.54,16.0,11.0,8.0,35.0,1.0,4.0,0.0,3.0,0.0,8.0,11.0,15.0,26.0,5.0,10.0,19.0,18.0,3.0,9.0,16.0,7.0,4.0,0.45,0.94,1.14,1.0,0.0,0.0,35.47,27.0,27.53,5.0,0.29,0.63,0.63,2.19,2.24,2.23
847690584789758480009,2025,Marchment-Stephenson-Tolvanen,SEA,line,5on5,12,3419.0,99.0,0.35,0.41,0.34,20.62,1.73,1.36,5.55,0.75,11.32,8.28,1.68,1.7,1.66,19.0,10.0,24.0,53.0,1.0,2.0,0.0,3.0,0.0,16.0,7.0,18.0,28.0,2.0,4.0,27.0,19.0,10.0,21.0,23.0,5.0,1.0,0.78,0.65,0.29,1.0,0.0,0.0,52.99,29.0,29.17,8.0,0.28,0.45,0.45,1.56,1.55,1.52,38.83,3.23,2.49,9.28,1.43,21.95,17.63,3.07,3.36,3.19,38.0,18.0,21.0,77.0,4.0,5.0,1.0,8.0,1.0,23.0,15.0,34.0,52.0,4.0,8.0,30.0,16.0,6.0,12.0,41.0,13.0,2.0,1.05,1.59,0.58,3.0,1.0,0.0,77.87,56.0,56.42,4.0,0.51,0.48,0.49,3.25,3.36,3.28
847938584804598482077,2025,Holloway-Suter-Kyrou,STL,line,5on5,12,3569.0,105.0,0.69,0.62,0.66,45.54,4.61,3.21,11.52,1.55,23.27,16.84,4.34,4.64,4.37,42.0,19.0,11.0,72.0,4.0,10.0,1.0,9.0,0.0,13.0,25.0,38.0,57.0,1.0,2.0,21.0,22.0,4.0,12.0,42.0,15.0,4.0,1.41,2.02,1.18,2.0,1.0,1.0,71.65,61.0,61.27,3.0,0.67,1.89,1.89,3.39,3.46,3.4,23.16,2.11,1.55,5.36,0.8,12.4,9.8,2.05,2.05,2.0,20.0,12.0,13.0,45.0,3.0,2.0,0.0,5.0,0.0,9.0,13.0,17.0,29.0,1.0,2.0,22.0,27.0,3.0,18.0,22.0,7.0,3.0,0.57,0.78,0.76,1.0,2.0,0.0,44.6,32.0,31.65,10.0,0.32,0.35,0.35,2.07,2.03,2.02
847938584820778484164,2025,Holloway-Dvorsky-Kyrou,STL,line,5on5,9,1187.0,107.0,0.32,0.33,0.38,8.75,0.51,0.44,2.19,0.27,4.57,4.01,0.51,0.51,0.51,11.0,1.0,1.0,13.0,1.0,1.0,0.0,3.0,0.0,2.0,5.0,10.0,11.0,2.0,4.0,9.0,11.0,1.0,3.0,11.0,0.0,1.0,0.31,0.0,0.2,1.0,0.0,0.0,13.29,12.0,12.31,1.0,0.09,0.2,0.2,0.4,0.4,0.4,14.41,1.1,0.88,3.93,0.5,8.18,5.41,1.1,1.08,1.07,16.0,4.0,7.0,27.0,2.0,1.0,0.0,1.0,0.0,8.0,8.0,14.0,18.0,2.0,4.0,8.0,5.0,3.0,1.0,16.0,2.0,2.0,0.43,0.2,0.47,2.0,0.0,0.0,26.38,20.0,19.56,0.0,0.18,0.21,0.21,1.07,1.06,1.05
84774478478396,2025,Theodore-Hanifin,VGK,pairing,5on5,18,1240.0,125.0,0.74,0.67,0.66,16.28,1.63,1.09,3.95,0.49,7.7,6.14,1.49,1.54,1.41,16.0,5.0,3.0,24.0,2.0,3.0,1.0,1.0,0.0,7.0,8.0,14.0,19.0,0.0,0.0,5.0,5.0,1.0,8.0,15.0,4.0,2.0,0.34,0.69,0.6,1.0,1.0,0.0,23.16,21.0,20.37,3.0,0.23,0.72,0.72,1.13,1.09,1.08,8.24,0.58,0.54,1.79,0.25,4.61,3.23,0.58,0.58,0.57,8.0,3.0,1.0,12.0,0.0,0.0,0.0,1.0,0.0,2.0,8.0,8.0,11.0,0.0,0.0,2.0,7.0,1.0,5.0,8.0,3.0,0.0,0.23,0.35,0.0,0.0,0.0,0.0,12.42,11.0,11.34,1.0,0.11,0.0,0.0,0.69,0.69,0.69
848275184828748483570,2025,Winterton-Meyers-Melanson,SEA,line,5on5,3,1107.0,11.0,0.7,0.58,0.59,12.12,1.65,0.93,2.62,0.38,5.93,4.5,1.61,1.66,1.61,11.0,5.0,6.0,22.0,1.0,2.0,0.0,1.0,0.0,5.0,7.0,10.0,15.0,0.0,0.0,5.0,11.0,1.0,8.0,10.0,3.0,3.0,0.37,0.44,0.84,0.0,1.0,0.0,23.02,16.0,16.28,4.0,0.2,0.63,0.63,1.22,1.21,1.21,7.96,0.71,0.51,2.38,0.31,4.14,2.96,0.63,0.7,0.62,7.0,4.0,5.0,16.0,0.0,1.0,0.0,3.0,0.0,7.0,0.0,7.0,11.0,1.0,2.0,5.0,11.0,1.0,3.0,9.0,0.0,2.0,0.17,0.0,0.54,0.0,0.0,0.0,15.93,11.0,11.02,3.0,0.11,0.31,0.31,0.51,0.51,0.5
847688184779648481604,2025,Barbashev-Hertl-Dorofeyev,VGK,line,5on5,14,1255.0,143.0,0.53,0.55,0.59,12.18,0.95,0.83,3.3,0.4,6.07,4.45,0.89,0.9,0.84,12.0,4.0,2.0,18.0,0.0,2.0,0.0,3.0,0.0,7.0,4.0,12.0,16.0,0.0,0.0,12.0,6.0,1.0,4.0,11.0,3.0,2.0,0.18,0.32,0.45,0.0,0.0,0.0,17.48,16.0,15.55,3.0,0.17,0.45,0.45,0.68,0.64,0.63,7.9,0.83,0.54,1.86,0.27,4.34,3.15,0.81,0.88,0.86,6.0,5.0,4.0,15.0,1.0,1.0,0.0,1.0,0.0,4.0,4.0,5.0,10.0,0.0,0.0,5.0,10.0,2.0,4.0,8.0,2.0,1.0,0.25,0.26,0.33,1.0,0.0,0.0,15.38,11.0,11.26,1.0,0.11,0.33,0.33,0.62,0.64,0.63
84753248484321,2025,Matinpalo-Jensen,OTT,pairing,5on5,17,11708.0,45.0,0.53,0.48,0.44,82.6,8.28,5.53,19.54,2.61,42.51,31.52,7.83,8.58,8.11,76.0,34.0,54.0,164.0,7.0,11.0,2.0,20.0,1.0,34.0,37.0,69.0,103.0,12.0,24.0,95.0,105.0,9.0,51.0,77.0,23.0,10.0,2.38,2.95,2.95,3.0,1.0,3.0,169.95,110.0,113.39,24.0,1.16,2.56,2.56,6.88,7.08,6.89,100.87,7.28,6.39,25.2,3.21,55.37,40.54,6.96,7.09,6.78,87.0,51.0,42.0,180.0,8.0,7.0,2.0,18.0,0.0,57.0,48.0,79.0,130.0,16.0,32.0,79.0,95.0,11.0,49.0,109.0,21.0,8.0,2.82,2.41,2.05,1.0,4.0,3.0,176.08,138.0,135.21,25.0,1.31,1.42,1.42,7.17,6.97,6.88
847740684845298485493,2025,Clattenburg-Tomasek-Janmark,EDM,line,5on5,2,704.0,5.0,0.9,0.69,0.7,5.3,0.51,0.32,1.36,0.17,2.51,2.14,0.5,0.46,0.46,4.0,3.0,4.0,11.0,1.0,1.0,1.0,0.0,0.0,0.0,5.0,3.0,6.0,2.0,4.0,3.0,9.0,2.0,1.0,5.0,1.0,1.0,0.11,0.17,0.22,0.0,0.0,1.0,10.56,7.0,6.69,0.0,0.07,0.22,0.22,0.35,0.33,0.33,2.11,0.06,0.12,0.53,0.06,1.28,0.95,0.06,0.06,0.06,2.0,1.0,2.0,5.0,0.0,0.0,0.0,1.0,0.0,1.0,1.0,2.0,3.0,0.0,0.0,5.0,9.0,1.0,1.0,3.0,0.0,0.0,0.06,0.0,0.0,0.0,0.0,0.0,5.26,3.0,2.96,1.0,0.02,0.0,0.0,0.08,0.08,0.08
847751184784388482758,2025,Mantha-Novak-Koivunen,PIT,line,5on5,5,1189.0,34.0,0.49,0.46,0.48,9.97,0.79,0.66,2.55,0.32,5.74,3.94,0.78,0.77,0.76,9.0,5.0,7.0,21.0,0.0,1.0,0.0,4.0,0.0,4.0,5.0,9.0,14.0,3.0,6.0,6.0,2.0,1.0,1.0,10.0,4.0,0.0,0.22,0.56,0.0,0.0,0.0,0.0,21.57,14.0,14.24,1.0,0.14,0.13,0.13,0.79,0.77,0.76,10.72,0.82,0.71,2.44,0.32,6.24,4.48,0.81,0.81,0.8,7.0,8.0,10.0,25.0,0.0,0.0,0.0,2.0,0.0,9.0,4.0,7.0,15.0,1.0,2.0,9.0,7.0,1.0,6.0,12.0,2.0,1.0,0.31,0.28,0.24,0.0,0.0,0.0,24.23,15.0,14.63,3.0,0.15,0.0,0.0,0.97,0.96,0.94
847750884814918483455,2025,Howard-Philp-Lazar,EDM,line,5on5,2,683.0,8.0,0.37,0.47,0.45,3.53,0.11,0.18,0.94,0.13,2.04,1.6,0.11,0.11,0.11,4.0,1.0,2.0,7.0,0.0,0.0,0.0,1.0,0.0,1.0,3.0,4.0,5.0,1.0,2.0,2.0,9.0,1.0,2.0,5.0,0.0,0.0,0.11,0.0,0.0,0.0,0.0,0.0,7.04,5.0,5.03,1.0,0.04,0.0,0.0,0.15,0.14,0.14,4.35,0.19,0.22,0.86,0.13,2.63,1.97,0.19,0.18,0.18,3.0,3.0,2.0,8.0,0.0,0.0,0.0,0.0,0.0,2.0,4.0,3.0,6.0,2.0,4.0,2.0,3.0,0.0,3.0,6.0,0.0,0.0,0.19,0.0,0.0,0.0,0.0,0.0,7.8,6.0,5.86,3.0,0.04,0.0,0.0,0.23,0.23,0.23
848018584821138482713,2025,Luostarinen-Lundell-Samoskevich,FLA,line,5on5,7,660.0,86.0,0.74,0.56,0.57,6.13,0.4,0.35,1.34,0.18,3.11,2.63,0.38,0.37,0.35,3.0,5.0,2.0,10.0,1.0,0.0,0.0,0.0,0.0,1.0,6.0,2.0,7.0,1.0,2.0,3.0,4.0,0.0,2.0,6.0,2.0,0.0,0.18,0.22,0.0,0.0,1.0,0.0,9.22,8.0,7.53,1.0,0.07,0.0,0.0,0.47,0.44,0.42,4.14,0.14,0.21,1.08,0.14,2.53,1.89,0.14,0.16,0.15,4.0,2.0,2.0,8.0,0.0,0.0,0.0,1.0,0.0,2.0,3.0,4.0,6.0,2.0,4.0,3.0,4.0,0.0,6.0,6.0,0.0,0.0,0.14,0.0,0.0,0.0,0.0,0.0,8.62,6.0,6.53,4.0,0.04,0.0,0.0,0.18,0.2,0.2
84778458479345,2025,Chychrun-Van Riemsdyk,WSH,pairing,5on5,25,4235.0,188.0,0.61,0.57,0.52,33.79,3.62,2.13,8.7,1.18,17.68,12.69,3.51,3.7,3.57,31.0,15.0,20.0,66.0,3.0,5.0,1.0,5.0,0.0,9.0,24.0,28.0,43.0,6.0,12.0,25.0,33.0,6.0,16.0,28.0,13.0,5.0,0.96,1.47,1.2,1.0,1.0,1.0,68.27,46.0,46.85,7.0,0.45,0.8,0.8,3.26,3.33,3.24,31.92,2.3,1.88,8.25,1.0,16.09,12.49,2.26,2.37,2.33,23.0,19.0,7.0,49.0,1.0,4.0,0.0,8.0,0.0,14.0,15.0,22.0,41.0,7.0,14.0,30.0,25.0,6.0,24.0,34.0,7.0,1.0,1.03,0.96,0.31,0.0,1.0,0.0,49.7,42.0,42.36,11.0,0.39,0.73,0.73,1.96,2.02,2.0
84735078478055,2025,Forsling-Petry,FLA,pairing,5on5,27,1692.0,196.0,0.58,0.43,0.42,9.45,1.21,0.66,2.2,0.32,4.99,3.62,1.12,1.18,1.09,8.0,5.0,6.0,19.0,0.0,3.0,0.0,1.0,0.0,2.0,7.0,8.0,13.0,1.0,2.0,3.0,13.0,1.0,7.0,9.0,1.0,3.0,0.34,0.08,0.79,0.0,0.0,0.0,18.68,13.0,12.68,4.0,0.14,0.63,0.63,0.71,0.69,0.68,11.93,0.88,0.83,3.31,0.48,7.34,5.16,0.87,0.89,0.87,9.0,9.0,7.0,25.0,0.0,2.0,0.0,1.0,0.0,7.0,8.0,9.0,18.0,1.0,2.0,6.0,8.0,3.0,6.0,14.0,4.0,0.0,0.37,0.51,0.0,0.0,0.0,0.0,25.83,18.0,18.27,0.0,0.17,0.21,0.21,0.84,0.86,0.85
847639384781738483676,2025,Cousins-Halliday-Hodgson,OTT,line,5on5,5,765.0,26.0,0.43,0.41,0.39,6.47,0.79,0.38,1.71,0.21,3.42,2.49,0.77,0.81,0.79,8.0,1.0,2.0,11.0,0.0,1.0,0.0,1.0,0.0,5.0,2.0,8.0,9.0,2.0,4.0,4.0,17.0,0.0,4.0,7.0,0.0,2.0,0.16,0.0,0.62,0.0,0.0,0.0,11.83,9.0,9.55,2.0,0.08,0.36,0.36,0.5,0.5,0.48,9.96,1.03,0.72,2.41,0.32,5.66,3.85,1.0,0.96,0.93,7.0,7.0,2.0,16.0,0.0,1.0,0.0,2.0,0.0,8.0,3.0,7.0,14.0,1.0,2.0,8.0,9.0,1.0,3.0,11.0,1.0,2.0,0.4,0.17,0.46,0.0,0.0,0.0,15.14,14.0,13.21,2.0,0.15,0.22,0.22,0.96,0.9,0.89
84808918481524,2025,Byram-Kesselring,BUF,pairing,5on5,13,4966.0,68.0,0.42,0.37,0.42,33.38,2.33,1.99,8.96,1.07,18.48,13.16,2.31,2.28,2.25,28.0,18.0,13.0,59.0,2.0,1.0,0.0,9.0,0.0,13.0,21.0,26.0,44.0,10.0,26.0,31.0,31.0,7.0,26.0,35.0,9.0,2.0,0.92,0.91,0.51,1.0,1.0,0.0,57.21,46.0,44.69,13.0,0.42,0.03,0.03,2.72,2.65,2.62,47.01,3.28,2.58,11.79,1.51,25.03,19.82,3.23,3.41,3.35,45.0,19.0,37.0,101.0,5.0,2.0,1.0,12.0,0.0,20.0,25.0,40.0,59.0,8.0,22.0,56.0,29.0,5.0,23.0,53.0,8.0,3.0,1.4,1.02,0.85,4.0,0.0,1.0,104.93,64.0,66.36,15.0,0.53,0.63,0.63,3.18,3.28,3.23
84778108484150,2025,Hanley-Brzustewicz,CGY,pairing,5on5,9,5328.0,27.0,0.56,0.64,0.61,44.69,3.96,2.94,11.71,1.56,25.08,17.75,3.88,3.86,3.78,44.0,19.0,38.0,101.0,3.0,2.0,0.0,5.0,0.0,19.0,34.0,41.0,60.0,2.0,4.0,41.0,38.0,4.0,20.0,48.0,11.0,4.0,1.39,1.5,1.07,2.0,0.0,1.0,100.02,63.0,61.5,8.0,0.61,0.35,0.35,4.22,4.12,4.09,29.54,3.06,2.19,7.19,1.05,15.58,11.94,2.96,3.08,2.98,29.0,12.0,17.0,58.0,2.0,4.0,0.0,10.0,0.0,10.0,15.0,27.0,39.0,4.0,8.0,31.0,67.0,10.0,27.0,30.0,6.0,5.0,0.81,0.83,1.42,1.0,1.0,0.0,58.55,41.0,41.19,13.0,0.46,0.84,0.84,2.68,2.71,2.69
84804268481719,2025,D'Astous-Crozier,TBL,pairing,5on5,15,2967.0,81.0,0.54,0.52,0.53,17.87,1.84,1.13,4.32,0.67,10.17,7.87,1.82,1.88,1.86,13.0,13.0,8.0,34.0,1.0,2.0,0.0,3.0,0.0,8.0,12.0,12.0,25.0,22.0,47.0,15.0,24.0,2.0,12.0,18.0,6.0,2.0,0.6,0.67,0.57,0.0,1.0,0.0,33.74,26.0,25.66,4.0,0.23,0.27,0.27,1.8,1.83,1.82,16.42,1.55,1.09,4.49,0.59,9.14,6.14,1.49,1.66,1.59,12.0,11.0,8.0,31.0,3.0,2.0,0.0,3.0,0.0,6.0,9.0,9.0,20.0,17.0,37.0,17.0,25.0,4.0,11.0,16.0,6.0,1.0,0.38,0.81,0.36,0.0,3.0,0.0,31.31,23.0,23.49,4.0,0.22,0.4,0.4,1.37,1.44,1.43
847795684796618483489,2025,Jeannot-Minten-Pastrnak,BOS,line,5on5,16,823.0,195.0,0.51,0.62,0.56,6.58,0.36,0.45,1.48,0.22,3.57,2.91,0.36,0.34,0.34,7.0,2.0,4.0,13.0,0.0,0.0,0.0,2.0,0.0,1.0,6.0,7.0,9.0,3.0,6.0,4.0,9.0,0.0,8.0,9.0,0.0,0.0,0.36,0.0,0.0,0.0,0.0,0.0,12.16,9.0,8.43,4.0,0.09,0.0,0.0,0.46,0.43,0.43,5.21,0.35,0.25,1.19,0.15,2.73,2.33,0.35,0.35,0.35,5.0,2.0,1.0,8.0,0.0,0.0,0.0,0.0,0.0,4.0,3.0,5.0,7.0,1.0,2.0,6.0,3.0,0.0,3.0,6.0,1.0,0.0,0.23,0.12,0.0,0.0,0.0,0.0,8.23,7.0,7.04,2.0,0.05,0.0,0.0,0.4,0.4,0.4
847516684775038482720,2025,Knies-Tavares-Domi,TOR,line,5on5,14,1114.0,139.0,0.09,0.26,0.22,3.57,0.14,0.17,0.77,0.1,2.02,1.81,0.14,0.13,0.13,4.0,1.0,4.0,9.0,1.0,0.0,0.0,1.0,0.0,1.0,2.0,3.0,4.0,4.0,11.0,12.0,5.0,1.0,6.0,5.0,0.0,0.0,0.14,0.0,0.0,1.0,0.0,0.0,8.99,5.0,4.85,3.0,0.04,0.0,0.0,0.17,0.17,0.17,12.94,1.38,0.92,2.8,0.43,7.21,5.25,1.38,1.39,1.39,10.0,8.0,8.0,26.0,0.0,0.0,0.0,2.0,0.0,8.0,8.0,10.0,18.0,1.0,5.0,8.0,6.0,1.0,0.0,10.0,8.0,0.0,0.33,1.05,0.0,0.0,0.0,0.0,26.28,18.0,17.96,0.0,0.2,0.0,0.0,1.57,1.59,1.59
84815258482666,2025,Robertson-Morrow,NYR,pairing,5on5,16,9640.0,51.0,0.47,0.52,0.52,92.74,7.67,6.17,22.75,3.14,50.75,37.52,7.41,7.72,7.47,79.0,49.0,58.0,186.0,4.0,7.0,2.0,18.0,0.0,56.0,43.0,75.0,124.0,11.0,25.0,65.0,77.0,4.0,35.0,89.0,34.0,5.0,2.51,3.97,1.19,1.0,2.0,1.0,187.1,128.0,128.45,19.0,1.29,0.93,0.93,8.02,8.05,7.88,88.67,8.73,5.55,22.01,2.96,45.66,35.09,8.25,8.57,8.09,74.0,46.0,51.0,171.0,4.0,11.0,0.0,11.0,0.0,47.0,47.0,70.0,116.0,10.0,23.0,57.0,60.0,10.0,39.0,82.0,28.0,10.0,2.29,3.45,2.99,1.0,3.0,0.0,168.66,120.0,118.05,23.0,1.15,2.48,2.48,7.4,7.26,7.13
847885684801448481535,2025,Hoglander-Kampf-Garland,VAN,line,5on5,2,1057.0,5.0,0.19,0.22,0.27,1.72,0.07,0.13,0.49,0.09,1.23,0.99,0.07,0.07,0.07,2.0,1.0,1.0,4.0,0.0,0.0,0.0,0.0,0.0,0.0,3.0,2.0,3.0,0.0,0.0,16.0,7.0,2.0,5.0,3.0,0.0,0.0,0.07,0.0,0.0,0.0,0.0,0.0,4.39,3.0,3.23,3.0,0.03,0.0,0.0,0.1,0.1,0.1,5.29,0.29,0.33,1.27,0.18,3.74,2.2,0.29,0.26,0.26,4.0,4.0,6.0,14.0,0.0,0.0,0.0,0.0,0.0,4.0,4.0,4.0,8.0,2.0,4.0,11.0,10.0,3.0,5.0,8.0,0.0,0.0,0.29,0.0,0.0,0.0,0.0,0.0,12.7,8.0,7.33,3.0,0.06,0.0,0.0,0.35,0.32,0.32
847931684793938480021,2025,Gregor-Kunin-Studnicka,FLA,line,5on5,3,1073.0,12.0,0.41,0.53,0.48,6.64,0.52,0.44,1.99,0.27,4.03,2.76,0.48,0.53,0.49,7.0,3.0,6.0,16.0,1.0,1.0,1.0,3.0,0.0,0.0,5.0,6.0,9.0,1.0,2.0,8.0,12.0,2.0,1.0,8.0,1.0,1.0,0.14,0.13,0.25,0.0,0.0,1.0,15.45,10.0,9.78,0.0,0.09,0.25,0.25,0.36,0.36,0.35,8.9,0.75,0.52,2.23,0.24,4.01,3.25,0.74,0.79,0.78,9.0,2.0,3.0,14.0,1.0,1.0,1.0,1.0,0.0,3.0,5.0,8.0,10.0,0.0,0.0,10.0,9.0,1.0,4.0,9.0,1.0,1.0,0.29,0.13,0.33,0.0,0.0,1.0,14.88,11.0,11.54,0.0,0.11,0.33,0.33,0.53,0.56,0.55
847740484785198482201,2025,Goncalves-Cirelli-Guentzel,TBL,line,5on5,7,1445.0,86.0,0.4,0.31,0.33,7.9,0.98,0.68,1.42,0.21,3.97,2.73,0.93,1.07,1.02,8.0,2.0,2.0,12.0,4.0,1.0,0.0,1.0,0.0,2.0,2.0,4.0,6.0,1.0,2.0,15.0,6.0,5.0,9.0,6.0,2.0,2.0,0.25,0.28,0.45,2.0,1.0,1.0,13.14,10.0,10.98,3.0,0.14,0.14,0.14,0.98,1.07,1.02,14.39,1.48,0.94,4.43,0.54,7.55,5.06,1.33,1.37,1.23,12.0,8.0,7.0,27.0,2.0,3.0,0.0,1.0,0.0,6.0,8.0,10.0,18.0,0.0,0.0,16.0,12.0,3.0,5.0,14.0,4.0,2.0,0.42,0.49,0.57,2.0,0.0,0.0,25.32,20.0,18.92,2.0,0.2,0.68,0.68,1.01,0.94,0.9
84746008476869,2025,Josi-Skjei,NSH,pairing,5on5,24,1019.0,196.0,0.47,0.58,0.6,11.38,0.67,0.72,2.62,0.31,5.87,4.8,0.67,0.63,0.63,7.0,8.0,11.0,26.0,0.0,0.0,0.0,3.0,0.0,8.0,4.0,7.0,15.0,1.0,2.0,5.0,2.0,1.0,8.0,12.0,3.0,0.0,0.32,0.35,0.0,0.0,0.0,0.0,25.06,15.0,14.42,2.0,0.15,0.0,0.0,0.82,0.77,0.77,7.37,0.76,0.42,1.61,0.2,4.05,2.95,0.76,0.79,0.79,9.0,1.0,9.0,19.0,1.0,0.0,0.0,3.0,0.0,3.0,3.0,8.0,9.0,2.0,4.0,2.0,8.0,1.0,5.0,6.0,3.0,1.0,0.08,0.34,0.35,0.0,1.0,0.0,19.83,10.0,10.34,2.0,0.09,0.0,0.0,0.85,0.88,0.88
847515884780478482146,2025,Bunting-O'Reilly-Evangelista,NSH,line,5on5,16,657.0,228.0,0.61,0.44,0.42,6.56,1.07,0.5,1.49,0.17,2.74,2.02,1.03,1.06,1.02,5.0,3.0,3.0,11.0,1.0,2.0,1.0,1.0,0.0,2.0,2.0,4.0,7.0,0.0,0.0,3.0,4.0,3.0,2.0,3.0,2.0,3.0,0.09,0.24,0.74,0.0,0.0,1.0,10.66,8.0,7.66,1.0,0.11,0.54,0.54,0.64,0.62,0.6,8.16,0.68,0.51,1.9,0.27,4.35,3.3,0.68,0.71,0.7,8.0,3.0,3.0,14.0,1.0,1.0,0.0,2.0,0.0,3.0,4.0,7.0,10.0,0.0,0.0,2.0,5.0,2.0,1.0,7.0,4.0,0.0,0.29,0.39,0.0,1.0,0.0,0.0,14.58,11.0,11.53,0.0,0.1,0.04,0.04,0.75,0.78,0.77
84774958478055,2025,Forsling-Jones,FLA,pairing,5on5,31,2258.0,194.0,0.42,0.54,0.54,18.7,1.03,1.09,4.55,0.58,10.81,7.93,1.02,1.01,1.01,17.0,9.0,11.0,37.0,1.0,1.0,0.0,4.0,0.0,11.0,9.0,16.0,25.0,3.0,6.0,4.0,15.0,2.0,2.0,23.0,3.0,0.0,0.76,0.28,0.0,1.0,0.0,0.0,36.43,26.0,25.54,1.0,0.22,0.29,0.0,1.25,1.23,1.22,16.01,1.41,1.0,3.71,0.51,8.73,6.65,1.38,1.49,1.46,11.0,11.0,9.0,31.0,1.0,1.0,0.0,1.0,0.0,6.0,13.0,10.0,21.0,7.0,14.0,7.0,13.0,1.0,4.0,14.0,8.0,0.0,0.38,1.02,0.0,1.0,0.0,0.0,32.48,22.0,22.99,2.0,0.2,0.16,0.16,1.46,1.54,1.54
847584284793908481726,2025,Edstrom-Carrick-Raddysh,NYR,line,5on5,13,4031.0,62.0,0.48,0.43,0.44,28.78,2.82,1.87,7.76,1.01,14.78,10.77,2.76,2.98,2.92,25.0,14.0,15.0,54.0,3.0,3.0,0.0,7.0,0.0,12.0,14.0,22.0,36.0,8.0,19.0,31.0,40.0,2.0,12.0,25.0,10.0,4.0,0.58,1.24,1.0,1.0,1.0,1.0,56.03,39.0,40.69,10.0,0.39,0.65,0.65,2.57,2.67,2.66,35.39,3.04,2.11,9.36,1.19,19.15,14.14,2.87,2.99,2.83,32.0,17.0,22.0,71.0,2.0,6.0,0.0,9.0,0.0,19.0,13.0,30.0,47.0,2.0,7.0,30.0,27.0,1.0,18.0,38.0,7.0,4.0,1.13,0.78,1.13,2.0,0.0,0.0,69.59,49.0,48.03,9.0,0.43,1.19,1.19,2.29,2.25,2.22
84769588480336,2025,Slavin-Walker,CAR,pairing,5on5,5,2131.0,23.0,0.7,0.69,0.67,21.4,2.11,1.29,5.58,0.72,11.44,7.86,1.92,2.07,1.89,17.0,12.0,12.0,41.0,0.0,3.0,0.0,1.0,0.0,10.0,15.0,17.0,29.0,0.0,0.0,22.0,20.0,4.0,7.0,20.0,7.0,2.0,0.58,0.9,0.63,0.0,0.0,0.0,41.18,29.0,29.34,2.0,0.27,0.79,0.79,1.59,1.59,1.58,10.73,0.92,0.68,2.7,0.31,5.28,4.12,0.91,0.92,0.91,9.0,5.0,4.0,18.0,2.0,0.0,0.0,3.0,0.0,4.0,5.0,7.0,12.0,2.0,4.0,19.0,23.0,2.0,12.0,10.0,3.0,1.0,0.33,0.38,0.21,2.0,0.0,0.0,17.68,14.0,13.72,9.0,0.15,0.0,0.0,1.07,1.07,1.05
847699484834528483499,2025,Ohgren-Haight-Hinostroza,MIN,line,5on5,2,770.0,8.0,0.2,0.38,0.39,4.96,0.31,0.26,1.34,0.17,2.68,2.24,0.29,0.29,0.27,5.0,2.0,2.0,9.0,0.0,0.0,0.0,1.0,0.0,3.0,3.0,5.0,7.0,1.0,2.0,6.0,8.0,1.0,3.0,6.0,1.0,0.0,0.18,0.12,0.0,0.0,0.0,0.0,8.69,7.0,6.52,1.0,0.05,0.0,0.0,0.36,0.34,0.32,8.71,1.28,0.66,1.74,0.24,4.06,3.02,1.19,1.24,1.16,6.0,5.0,4.0,15.0,1.0,1.0,0.0,1.0,0.0,5.0,3.0,5.0,10.0,0.0,0.0,9.0,6.0,2.0,4.0,5.0,4.0,2.0,0.18,0.51,0.59,0.0,0.0,1.0,14.67,11.0,10.89,2.0,0.14,0.38,0.38,1.03,1.04,0.97
847682284779968481032,2025,Cotter-Glendening-Lammikko,NJD,line,5on5,8,1239.0,74.0,0.33,0.23,0.27,4.55,0.55,0.29,1.22,0.18,2.3,1.46,0.54,0.52,0.52,4.0,2.0,1.0,7.0,0.0,0.0,0.0,1.0,0.0,3.0,2.0,4.0,6.0,2.0,7.0,7.0,12.0,1.0,5.0,3.0,2.0,1.0,0.08,0.23,0.23,0.0,0.0,0.0,6.64,6.0,5.8,3.0,0.06,0.0,0.0,0.61,0.58,0.57,12.03,1.11,0.78,3.11,0.38,6.18,4.44,1.06,1.06,1.0,11.0,5.0,8.0,24.0,0.0,2.0,0.0,1.0,0.0,8.0,5.0,11.0,16.0,1.0,5.0,13.0,6.0,1.0,3.0,12.0,2.0,2.0,0.28,0.22,0.61,0.0,0.0,0.0,23.49,16.0,15.56,2.0,0.16,0.44,0.44,0.83,0.81,0.77
847849884810248484136,2025,Debrusk-Sasson-Karlsson,VAN,line,5on5,6,1624.0,36.0,0.52,0.55,0.58,17.46,0.97,0.99,4.7,0.6,10.16,7.56,0.94,0.93,0.9,13.0,12.0,7.0,32.0,1.0,0.0,0.0,1.0,0.0,10.0,13.0,12.0,24.0,2.0,4.0,7.0,18.0,1.0,7.0,20.0,5.0,0.0,0.44,0.53,0.0,0.0,1.0,0.0,30.3,25.0,23.9,3.0,0.2,0.0,0.0,1.18,1.12,1.08,13.29,0.91,0.81,4.14,0.48,6.68,4.98,0.91,0.94,0.94,9.0,9.0,8.0,26.0,0.0,2.0,0.0,2.0,0.0,6.0,8.0,9.0,18.0,3.0,6.0,16.0,7.0,2.0,4.0,16.0,1.0,1.0,0.38,0.18,0.35,0.0,0.0,0.0,27.18,18.0,18.67,2.0,0.17,0.22,0.22,0.86,0.89,0.89
847796484784038482125,2025,Barbashev-Eichel-Holtz,VGK,line,5on5,2,1034.0,5.0,0.7,0.54,0.52,13.15,2.12,0.83,3.39,0.39,5.02,4.24,1.85,2.2,1.91,11.0,5.0,5.0,21.0,2.0,3.0,0.0,0.0,0.0,9.0,2.0,9.0,14.0,1.0,2.0,14.0,9.0,0.0,4.0,7.0,5.0,4.0,0.24,0.64,1.24,0.0,2.0,0.0,21.16,16.0,16.43,2.0,0.18,0.86,0.86,1.45,1.48,1.44,11.27,0.91,0.69,2.66,0.36,5.91,4.48,0.89,0.92,0.9,7.0,8.0,3.0,18.0,2.0,1.0,0.0,2.0,0.0,5.0,5.0,5.0,13.0,3.0,6.0,14.0,4.0,3.0,5.0,13.0,1.0,1.0,0.52,0.11,0.27,2.0,0.0,0.0,18.84,15.0,15.72,4.0,0.14,0.03,0.03,1.02,1.04,1.02
847531484764198481601,2025,Lee-Pageau-Holmstrom,NYI,line,5on5,23,7086.0,127.0,0.55,0.5,0.51,59.38,6.48,4.31,14.88,2.2,33.0,23.13,6.1,6.4,6.04,47.0,37.0,30.0,114.0,8.0,9.0,2.0,13.0,0.0,33.0,21.0,39.0,76.0,7.0,14.0,76.0,28.0,10.0,29.0,56.0,20.0,8.0,1.6,2.37,2.52,3.0,3.0,2.0,114.85,84.0,84.28,14.0,0.9,1.91,1.91,5.46,5.39,5.25,59.03,5.3,3.9,14.7,1.95,32.27,23.89,5.18,5.44,5.31,48.0,34.0,32.0,114.0,7.0,6.0,1.0,12.0,0.0,28.0,29.0,41.0,75.0,4.0,8.0,60.0,57.0,14.0,34.0,59.0,18.0,5.0,1.7,2.19,1.41,1.0,6.0,0.0,116.72,82.0,82.83,16.0,0.81,0.98,0.98,5.14,5.23,5.12
847522084757658477451,2025,Foligno-Hartman-Tarasenko,MIN,line,5on5,6,617.0,93.0,0.3,0.34,0.35,5.08,0.43,0.31,1.13,0.15,2.86,2.12,0.43,0.39,0.39,5.0,2.0,5.0,12.0,0.0,0.0,0.0,0.0,0.0,4.0,3.0,5.0,7.0,0.0,0.0,3.0,10.0,0.0,3.0,5.0,2.0,0.0,0.17,0.27,0.0,0.0,0.0,0.0,10.62,7.0,6.3,0.0,0.07,0.0,0.0,0.5,0.45,0.45,9.4,1.01,0.7,2.58,0.34,4.8,3.57,0.95,1.14,1.07,10.0,3.0,10.0,23.0,1.0,0.0,0.0,0.0,0.0,5.0,7.0,9.0,12.0,0.0,0.0,10.0,2.0,0.0,3.0,8.0,4.0,1.0,0.17,0.48,0.36,0.0,1.0,0.0,25.84,13.0,14.47,2.0,0.15,0.0,0.0,1.16,1.31,1.22
84784688480727,2025,Lauzon-Whitecloud,VGK,pairing,5on5,21,6003.0,93.0,0.39,0.4,0.38,37.91,3.14,2.45,9.38,1.29,20.49,15.25,3.0,3.11,2.96,32.0,20.0,26.0,78.0,3.0,2.0,0.0,8.0,0.0,24.0,15.0,29.0,49.0,9.0,21.0,40.0,64.0,10.0,32.0,38.0,11.0,3.0,0.86,1.47,0.81,0.0,2.0,1.0,75.56,52.0,50.89,14.0,0.52,0.35,0.35,3.31,3.25,3.15,59.65,4.95,3.94,15.36,2.04,34.3,24.41,4.86,5.12,5.03,49.0,36.0,32.0,117.0,8.0,3.0,1.0,14.0,0.0,36.0,24.0,41.0,77.0,8.0,19.0,46.0,50.0,5.0,19.0,68.0,10.0,7.0,2.03,1.17,1.75,5.0,2.0,1.0,122.68,85.0,88.11,9.0,0.81,0.78,0.78,4.99,5.19,5.13
84779698483768,2025,Pettersson-Mancini,VAN,pairing,5on5,5,1258.0,30.0,0.53,0.46,0.52,9.95,1.06,0.69,2.76,0.31,4.77,3.41,1.04,1.04,1.01,10.0,3.0,3.0,16.0,0.0,1.0,0.0,2.0,0.0,7.0,3.0,10.0,13.0,2.0,7.0,4.0,11.0,5.0,11.0,8.0,4.0,1.0,0.25,0.51,0.3,0.0,0.0,0.0,15.41,13.0,12.41,4.0,0.14,0.3,0.3,0.9,0.86,0.86,8.94,0.96,0.62,2.07,0.29,4.49,3.58,0.94,1.03,1.01,9.0,3.0,7.0,19.0,0.0,1.0,0.0,1.0,0.0,6.0,4.0,9.0,12.0,1.0,5.0,5.0,11.0,6.0,8.0,6.0,6.0,0.0,0.11,0.85,0.0,0.0,0.0,0.0,19.92,12.0,12.84,4.0,0.13,0.16,0.16,0.93,0.99,0.97
84717248478854,2025,Shea-Letang,PIT,pairing,5on5,39,27733.0,96.0,0.52,0.48,0.5,247.37,24.62,17.33,60.17,8.62,133.7,96.56,23.34,24.87,23.6,211.0,130.0,117.0,458.0,22.0,22.0,4.0,35.0,2.0,124.0,136.0,189.0,319.0,24.0,48.0,201.0,132.0,36.0,117.0,240.0,77.0,24.0,7.33,9.72,7.57,12.0,5.0,5.0,462.15,341.0,345.16,50.0,3.63,5.17,5.63,22.62,22.85,22.05,246.61,23.18,16.39,60.71,8.27,135.62,98.84,22.14,23.27,22.22,229.0,114.0,145.0,488.0,20.0,23.0,0.0,47.0,0.0,127.0,126.0,209.0,323.0,24.0,50.0,194.0,182.0,33.0,136.0,252.0,63.0,28.0,7.85,7.81,7.52,10.0,7.0,3.0,486.58,343.0,342.16,68.0,3.39,5.35,5.35,21.22,21.35,20.73
84764678478407,2025,Dunn-Oleksiak,SEA,pairing,5on5,20,1112.0,151.0,0.43,0.58,0.5,7.88,0.5,0.46,2.07,0.24,4.42,3.31,0.47,0.49,0.46,9.0,2.0,11.0,22.0,0.0,1.0,0.0,3.0,0.0,3.0,4.0,9.0,11.0,2.0,4.0,3.0,5.0,1.0,7.0,9.0,2.0,0.0,0.2,0.3,0.0,0.0,0.0,0.0,22.05,11.0,11.01,2.0,0.09,0.18,0.18,0.41,0.41,0.4,7.68,0.66,0.53,1.86,0.26,4.64,3.05,0.66,0.7,0.69,6.0,5.0,5.0,16.0,0.0,1.0,0.0,1.0,0.0,3.0,6.0,6.0,11.0,1.0,2.0,0.0,7.0,3.0,6.0,9.0,1.0,1.0,0.3,0.08,0.28,0.0,0.0,0.0,16.82,11.0,11.35,2.0,0.11,0.28,0.28,0.49,0.5,0.5
84768568483503,2025,Pickering-Dumba,PIT,pairing,5on5,2,1454.0,6.0,0.39,0.39,0.42,11.54,0.96,0.83,3.35,0.43,6.01,4.42,0.87,1.01,0.92,13.0,3.0,4.0,20.0,1.0,2.0,0.0,4.0,0.0,3.0,6.0,12.0,15.0,2.0,4.0,13.0,7.0,2.0,8.0,13.0,2.0,1.0,0.45,0.21,0.29,1.0,0.0,0.0,20.54,16.0,16.45,4.0,0.18,0.39,0.39,0.74,0.77,0.75,16.6,1.52,1.02,4.49,0.57,8.13,6.28,1.41,1.49,1.39,14.0,8.0,9.0,31.0,0.0,2.0,0.0,3.0,0.0,7.0,10.0,14.0,22.0,0.0,0.0,13.0,10.0,0.0,4.0,17.0,2.0,3.0,0.41,0.26,0.84,0.0,0.0,0.0,30.47,22.0,22.11,2.0,0.21,0.57,0.57,1.16,1.14,1.12
847062184716858477960,2025,Kempe-Kopitar-Perry,LAK,line,5on5,9,655.0,108.0,0.91,0.52,0.7,5.46,0.7,0.35,1.64,0.19,2.36,1.75,0.67,0.74,0.71,3.0,4.0,4.0,11.0,0.0,1.0,0.0,0.0,0.0,2.0,4.0,3.0,7.0,0.0,0.0,9.0,5.0,1.0,4.0,6.0,0.0,1.0,0.26,0.0,0.44,0.0,0.0,0.0,11.1,7.0,7.11,3.0,0.08,0.44,0.44,0.34,0.34,0.31,2.23,0.07,0.1,0.57,0.07,1.2,1.0,0.07,0.07,0.07,1.0,2.0,7.0,10.0,0.0,0.0,0.0,1.0,0.0,2.0,0.0,1.0,3.0,1.0,2.0,3.0,5.0,0.0,1.0,3.0,0.0,0.0,0.07,0.0,0.0,0.0,0.0,0.0,10.09,3.0,3.03,0.0,0.02,0.0,0.0,0.09,0.09,0.09
84821668484806,2025,Mukhamadullin-Dickinson,SJS,pairing,5on5,9,1542.0,67.0,0.52,0.41,0.44,13.13,1.62,0.99,3.69,0.48,6.06,4.16,1.47,1.64,1.48,14.0,3.0,4.0,21.0,3.0,3.0,1.0,1.0,0.0,6.0,4.0,11.0,14.0,0.0,0.0,13.0,11.0,1.0,5.0,10.0,5.0,2.0,0.35,0.59,0.68,3.0,0.0,0.0,22.18,17.0,17.59,2.0,0.21,0.48,0.48,1.35,1.36,1.32,15.67,1.5,1.19,3.83,0.55,8.83,6.11,1.4,1.5,1.4,17.0,5.0,8.0,30.0,1.0,1.0,0.0,2.0,0.0,12.0,6.0,16.0,21.0,0.0,0.0,14.0,15.0,3.0,5.0,16.0,5.0,1.0,0.44,0.76,0.3,0.0,1.0,0.0,28.38,22.0,21.16,4.0,0.25,0.3,0.3,1.45,1.45,1.41
847643284774978482475,2025,Jenner-Monahan-Chinakhov,CBJ,line,5on5,3,1639.0,9.0,0.73,0.63,0.59,16.68,2.81,1.27,4.47,0.54,7.5,5.41,2.61,2.82,2.62,17.0,5.0,16.0,38.0,2.0,5.0,1.0,2.0,0.0,10.0,3.0,15.0,20.0,1.0,2.0,16.0,12.0,3.0,14.0,10.0,7.0,5.0,0.26,1.04,1.51,0.0,1.0,1.0,38.16,22.0,22.08,4.0,0.28,1.39,1.39,1.7,1.69,1.65,11.46,1.02,0.74,2.76,0.36,5.83,4.3,0.98,1.02,0.98,11.0,4.0,7.0,22.0,0.0,1.0,0.0,5.0,0.0,1.0,8.0,11.0,15.0,1.0,2.0,11.0,7.0,1.0,9.0,13.0,1.0,1.0,0.55,0.1,0.37,0.0,0.0,0.0,22.28,15.0,15.2,3.0,0.15,0.37,0.37,0.8,0.82,0.82
84817198482929,2025,Lilleberg-Crozier,TBL,pairing,5on5,11,4612.0,55.0,0.49,0.52,0.54,41.56,3.64,2.44,10.94,1.4,20.7,15.9,3.36,3.79,3.48,35.0,20.0,15.0,70.0,5.0,5.0,1.0,4.0,0.0,23.0,18.0,30.0,50.0,9.0,21.0,37.0,55.0,4.0,23.0,43.0,7.0,5.0,1.35,0.99,1.3,3.0,1.0,1.0,70.78,55.0,56.5,7.0,0.51,1.19,1.19,2.96,3.0,2.9,35.23,3.8,2.31,8.85,1.15,17.08,12.81,3.57,3.9,3.69,37.0,9.0,19.0,65.0,3.0,4.0,0.0,10.0,0.0,16.0,13.0,34.0,43.0,8.0,19.0,41.0,43.0,5.0,25.0,29.0,11.0,6.0,0.7,1.39,1.71,1.0,1.0,1.0,67.64,46.0,46.83,19.0,0.49,1.21,1.21,3.07,3.24,3.2
847714984774268480876,2025,Douglas-Paul-Sabourin,TBL,line,5on5,4,1585.0,14.0,0.42,0.4,0.42,7.7,0.55,0.48,2.05,0.3,4.17,3.44,0.54,0.54,0.53,8.0,3.0,1.0,12.0,1.0,1.0,0.0,1.0,0.0,4.0,4.0,7.0,10.0,8.0,22.0,13.0,19.0,3.0,8.0,9.0,2.0,0.0,0.28,0.27,0.0,0.0,1.0,0.0,11.64,11.0,10.76,2.0,0.1,0.02,0.02,0.63,0.61,0.6,11.57,0.77,0.66,3.02,0.37,5.73,4.45,0.76,0.73,0.73,12.0,3.0,3.0,18.0,2.0,2.0,0.0,2.0,0.0,5.0,4.0,10.0,13.0,3.0,12.0,18.0,15.0,3.0,8.0,12.0,3.0,0.0,0.4,0.37,0.0,1.0,1.0,0.0,16.29,15.0,13.87,6.0,0.14,0.14,0.14,0.76,0.73,0.73
84751818479576,2025,Leddy-Desharnais,SJS,pairing,5on5,5,1208.0,21.0,0.36,0.56,0.5,6.56,0.58,0.43,1.63,0.24,4.13,3.0,0.57,0.58,0.57,7.0,3.0,8.0,18.0,0.0,1.0,0.0,1.0,0.0,5.0,3.0,7.0,10.0,2.0,4.0,8.0,9.0,3.0,4.0,7.0,3.0,0.0,0.26,0.32,0.0,0.0,0.0,0.0,17.63,10.0,9.9,2.0,0.09,0.12,0.12,0.55,0.54,0.54,7.61,1.05,0.52,1.97,0.27,3.58,2.61,0.98,1.04,0.98,7.0,3.0,4.0,14.0,1.0,1.0,0.0,3.0,0.0,3.0,2.0,6.0,9.0,1.0,2.0,8.0,7.0,1.0,8.0,4.0,5.0,1.0,0.1,0.51,0.44,0.0,1.0,0.0,13.93,10.0,10.19,2.0,0.11,0.44,0.44,0.72,0.73,0.72
847707084788318479293,2025,Tanev-Stenlund-O'Brien,UTA,line,5on5,10,4349.0,38.0,0.54,0.46,0.49,35.95,3.79,2.39,8.92,1.2,18.04,13.66,3.46,3.92,3.57,30.0,18.0,20.0,68.0,1.0,5.0,0.0,8.0,0.0,22.0,12.0,29.0,47.0,8.0,22.0,37.0,43.0,11.0,29.0,31.0,12.0,5.0,0.84,1.43,1.51,0.0,0.0,1.0,69.64,48.0,49.18,17.0,0.5,1.04,1.04,3.25,3.34,3.23,36.21,3.28,2.16,8.9,1.21,18.57,14.88,3.13,3.26,3.12,36.0,13.0,30.0,79.0,5.0,2.0,1.0,7.0,0.0,17.0,18.0,31.0,44.0,7.0,20.0,45.0,43.0,2.0,20.0,34.0,11.0,4.0,0.99,1.42,0.87,3.0,2.0,0.0,79.67,49.0,49.01,7.0,0.45,0.34,0.34,3.39,3.38,3.27
847847284793858484164,2025,Kyrou-Dvorsky-Joseph,STL,line,5on5,2,823.0,6.0,0.85,0.67,0.78,5.07,0.32,0.37,1.33,0.15,2.87,1.96,0.32,0.33,0.32,4.0,3.0,3.0,10.0,0.0,1.0,0.0,1.0,0.0,3.0,2.0,4.0,7.0,1.0,5.0,14.0,9.0,2.0,3.0,6.0,1.0,0.0,0.24,0.08,0.0,0.0,0.0,0.0,9.97,7.0,7.03,2.0,0.07,0.06,0.06,0.34,0.34,0.34,1.35,0.06,0.07,0.45,0.05,0.83,0.54,0.06,0.06,0.06,1.0,1.0,3.0,5.0,0.0,0.0,0.0,1.0,0.0,1.0,0.0,1.0,2.0,2.0,7.0,4.0,7.0,2.0,3.0,2.0,0.0,0.0,0.06,0.0,0.0,0.0,0.0,0.0,4.91,2.0,1.94,1.0,0.01,0.0,0.0,0.07,0.07,0.07
84752088476879,2025,Dumoulin-Ceci,LAK,pairing,5on5,37,19252.0,132.0,0.48,0.47,0.46,143.81,13.39,9.42,36.57,4.81,74.69,56.12,12.81,13.54,12.97,116.0,79.0,98.0,293.0,8.0,17.0,1.0,28.0,0.0,83.0,59.0,108.0,187.0,18.0,39.0,142.0,111.0,23.0,105.0,138.0,43.0,14.0,4.12,5.25,4.01,2.0,4.0,2.0,297.46,195.0,198.18,49.0,1.96,3.99,3.99,11.36,11.5,11.22,166.03,14.65,11.13,42.14,5.42,89.78,65.88,14.04,14.56,13.96,139.0,90.0,98.0,327.0,13.0,20.0,3.0,31.0,0.0,86.0,79.0,126.0,216.0,20.0,45.0,145.0,149.0,18.0,77.0,166.0,50.0,13.0,4.79,6.24,3.62,3.0,7.0,3.0,323.39,229.0,228.58,35.0,2.33,4.07,4.07,12.9,12.87,12.65
847398684764588478366,2025,Killorn-Strome-Vatrano,ANA,line,5on5,12,4228.0,62.0,0.66,0.56,0.57,45.49,4.66,2.82,10.88,1.55,23.96,18.13,4.52,4.53,4.4,39.0,23.0,22.0,84.0,3.0,5.0,0.0,12.0,0.0,22.0,20.0,36.0,59.0,6.0,15.0,35.0,23.0,6.0,15.0,41.0,17.0,4.0,1.14,2.04,1.48,0.0,3.0,0.0,83.06,62.0,61.14,8.0,0.59,1.29,1.29,3.96,3.86,3.82,33.85,2.4,2.11,8.71,1.12,18.08,13.58,2.34,2.46,2.41,25.0,21.0,21.0,67.0,2.0,2.0,0.0,5.0,0.0,22.0,15.0,23.0,44.0,5.0,13.0,42.0,31.0,2.0,21.0,37.0,8.0,1.0,1.25,0.89,0.25,1.0,1.0,0.0,69.0,46.0,47.04,16.0,0.43,0.36,0.36,2.47,2.56,2.51
84789708480336,2025,Chatfield-Walker,CAR,pairing,5on5,21,1751.0,170.0,0.46,0.63,0.55,12.56,1.18,0.73,3.14,0.38,6.3,5.27,1.18,1.21,1.2,9.0,8.0,12.0,29.0,0.0,0.0,0.0,2.0,0.0,4.0,11.0,9.0,17.0,1.0,2.0,10.0,17.0,3.0,14.0,12.0,4.0,1.0,0.36,0.47,0.35,0.0,0.0,0.0,29.55,17.0,17.28,4.0,0.15,0.0,0.0,1.33,1.36,1.35,10.84,1.4,0.7,2.41,0.33,5.04,4.11,1.3,1.35,1.25,11.0,3.0,3.0,17.0,2.0,2.0,0.0,1.0,0.0,6.0,3.0,9.0,12.0,3.0,6.0,7.0,24.0,1.0,6.0,8.0,4.0,2.0,0.41,0.51,0.49,2.0,0.0,0.0,16.58,14.0,13.64,3.0,0.15,0.49,0.49,1.07,1.03,1.03
847935984815228482896,2025,Malenstyn-Krebs-Kozak,BUF,line,5on5,8,1088.0,65.0,0.65,0.5,0.48,10.62,1.13,0.74,2.69,0.36,5.56,3.52,1.11,1.12,1.11,9.0,5.0,6.0,20.0,2.0,1.0,0.0,1.0,0.0,6.0,4.0,7.0,12.0,2.0,4.0,15.0,13.0,2.0,3.0,9.0,4.0,1.0,0.22,0.66,0.25,1.0,1.0,0.0,19.31,14.0,13.61,3.0,0.15,0.25,0.25,1.03,1.03,1.03,11.01,0.61,0.58,3.28,0.37,5.81,4.34,0.6,0.63,0.62,9.0,6.0,5.0,20.0,0.0,0.0,0.0,3.0,0.0,7.0,5.0,9.0,15.0,2.0,4.0,13.0,8.0,0.0,1.0,13.0,2.0,0.0,0.29,0.32,0.0,0.0,0.0,0.0,20.19,15.0,15.01,1.0,0.12,0.0,0.0,0.73,0.75,0.74
847690584779198478975,2025,Marchment-Gaudreau-Stephenson,SEA,line,5on5,5,768.0,53.0,0.2,0.22,0.29,3.53,0.34,0.28,0.71,0.12,2.05,1.5,0.33,0.35,0.34,3.0,2.0,1.0,6.0,1.0,0.0,0.0,0.0,0.0,2.0,2.0,2.0,4.0,1.0,2.0,10.0,4.0,0.0,3.0,3.0,2.0,0.0,0.13,0.2,0.0,0.0,1.0,0.0,6.15,5.0,5.09,1.0,0.06,0.0,0.0,0.39,0.41,0.4,9.03,1.36,0.72,2.22,0.32,4.42,2.94,1.27,1.39,1.3,7.0,5.0,9.0,21.0,1.0,2.0,0.0,0.0,0.0,4.0,5.0,6.0,11.0,0.0,0.0,6.0,5.0,2.0,3.0,6.0,3.0,3.0,0.16,0.47,0.73,0.0,0.0,1.0,21.31,12.0,12.28,1.0,0.16,0.47,0.47,1.05,1.04,0.99
847403784774298479992,2025,Van Riemsdyk-Copp-Rasmussen,DET,line,5on5,8,1959.0,69.0,0.72,0.55,0.59,20.56,2.48,1.77,4.91,0.76,9.97,7.11,2.42,2.5,2.44,19.0,8.0,13.0,40.0,1.0,5.0,0.0,0.0,0.0,14.0,7.0,18.0,26.0,6.0,12.0,20.0,13.0,0.0,13.0,13.0,12.0,2.0,0.34,1.55,0.59,0.0,1.0,0.0,40.34,27.0,27.35,8.0,0.37,0.79,0.79,2.07,2.09,2.07,13.71,0.96,0.87,3.63,0.45,7.61,5.48,0.95,0.97,0.96,13.0,6.0,14.0,33.0,1.0,1.0,0.0,5.0,0.0,4.0,8.0,12.0,18.0,2.0,4.0,19.0,12.0,2.0,9.0,16.0,3.0,0.0,0.68,0.28,0.0,1.0,0.0,0.0,32.52,19.0,18.83,4.0,0.18,0.07,0.07,1.07,1.08,1.07
847790384790228479336,2025,Grundstrom-Abols-Hathaway,PHI,line,5on5,4,1783.0,12.0,0.4,0.31,0.33,6.98,0.47,0.42,2.05,0.25,4.04,2.77,0.47,0.47,0.47,7.0,3.0,3.0,13.0,2.0,0.0,0.0,4.0,0.0,3.0,1.0,5.0,8.0,2.0,4.0,11.0,29.0,2.0,8.0,9.0,1.0,0.0,0.3,0.17,0.0,1.0,1.0,0.0,12.89,10.0,9.86,0.0,0.09,0.0,0.0,0.56,0.55,0.55,13.71,0.72,0.74,3.71,0.47,8.27,6.08,0.71,0.72,0.72,9.0,11.0,9.0,29.0,0.0,0.0,0.0,2.0,0.0,14.0,4.0,9.0,20.0,2.0,4.0,17.0,16.0,1.0,8.0,19.0,1.0,0.0,0.61,0.11,0.0,0.0,0.0,0.0,29.3,20.0,20.25,3.0,0.15,0.0,0.0,0.87,0.88,0.87
847851984795428482201,2025,Hagel-Cirelli-Goncalves,TBL,line,5on5,13,1313.0,119.0,0.42,0.51,0.5,9.68,0.74,0.61,2.56,0.32,5.1,3.67,0.74,0.72,0.71,10.0,3.0,11.0,24.0,0.0,3.0,0.0,1.0,0.0,6.0,3.0,10.0,13.0,2.0,4.0,10.0,12.0,2.0,10.0,8.0,5.0,0.0,0.26,0.49,0.0,0.0,0.0,0.0,23.64,13.0,12.88,5.0,0.13,0.21,0.21,0.66,0.64,0.64,9.9,1.01,0.56,2.4,0.3,4.79,3.94,0.93,1.06,0.97,9.0,4.0,10.0,23.0,1.0,1.0,1.0,2.0,0.0,3.0,6.0,8.0,12.0,0.0,0.0,7.0,12.0,2.0,4.0,9.0,2.0,2.0,0.24,0.2,0.57,0.0,0.0,1.0,23.22,13.0,13.35,4.0,0.12,0.26,0.26,0.87,0.9,0.89
84799808481056,2025,Hague-Stastney,NSH,pairing,5on5,17,1150.0,123.0,0.69,0.64,0.63,10.98,1.33,0.81,2.42,0.36,5.88,4.19,1.28,1.28,1.22,10.0,5.0,6.0,21.0,0.0,3.0,0.0,2.0,0.0,6.0,4.0,10.0,15.0,0.0,0.0,7.0,6.0,1.0,5.0,12.0,1.0,2.0,0.51,0.18,0.64,0.0,0.0,0.0,20.23,15.0,14.53,2.0,0.17,0.68,0.68,0.82,0.78,0.76,6.49,0.61,0.45,1.52,0.19,3.52,2.7,0.61,0.65,0.65,5.0,4.0,3.0,12.0,1.0,0.0,0.0,0.0,0.0,2.0,6.0,4.0,8.0,0.0,0.0,6.0,8.0,0.0,1.0,5.0,3.0,1.0,0.09,0.28,0.24,0.0,1.0,0.0,12.66,9.0,9.53,0.0,0.09,0.0,0.0,0.71,0.76,0.76
84793248482858,2025,Evans-Lindgren,SEA,pairing,5on5,14,1022.0,111.0,0.13,0.17,0.12,2.5,0.24,0.18,0.74,0.06,1.06,0.72,0.24,0.23,0.23,0.0,3.0,3.0,6.0,0.0,0.0,0.0,1.0,0.0,1.0,1.0,0.0,3.0,0.0,0.0,3.0,2.0,1.0,4.0,2.0,1.0,0.0,0.08,0.15,0.0,0.0,0.0,0.0,5.81,3.0,2.9,3.0,0.04,0.0,0.0,0.28,0.27,0.27,16.09,1.6,1.29,4.16,0.61,8.96,6.37,1.5,1.55,1.45,15.0,8.0,6.0,29.0,0.0,4.0,0.0,8.0,0.0,5.0,6.0,15.0,23.0,0.0,0.0,4.0,6.0,1.0,2.0,18.0,3.0,2.0,0.47,0.5,0.63,0.0,0.0,0.0,28.5,23.0,22.48,1.0,0.27,0.84,0.84,1.03,1.02,0.98
847591384784838479353,2025,Stone-Howden-Marner,VGK,line,5on5,10,5690.0,27.0,0.67,0.61,0.65,55.99,5.73,4.03,12.61,1.7,30.49,21.45,5.55,5.75,5.57,52.0,24.0,28.0,104.0,6.0,4.0,1.0,11.0,0.0,29.0,26.0,46.0,70.0,4.0,8.0,55.0,24.0,11.0,33.0,52.0,16.0,8.0,1.85,1.91,1.96,2.0,1.0,3.0,103.65,76.0,76.13,5.0,0.85,1.04,1.04,5.53,5.52,5.39,30.27,2.79,1.84,7.85,1.02,15.75,11.75,2.63,2.86,2.69,29.0,12.0,26.0,67.0,4.0,5.0,0.0,7.0,0.0,11.0,14.0,25.0,37.0,4.0,8.0,56.0,40.0,9.0,30.0,29.0,7.0,5.0,0.67,1.02,1.1,1.0,2.0,1.0,68.06,41.0,41.47,19.0,0.38,0.66,0.66,2.52,2.58,2.55
848480184849118484994,2025,Chernyshov-Celebrini-Graf,SJS,line,5on5,5,2712.0,19.0,0.7,0.54,0.53,26.87,3.95,2.2,6.36,0.89,12.54,9.06,3.7,3.78,3.54,20.0,15.0,11.0,46.0,4.0,5.0,2.0,6.0,0.0,12.0,8.0,16.0,31.0,1.0,2.0,23.0,13.0,2.0,18.0,16.0,14.0,5.0,0.53,1.94,1.48,1.0,1.0,2.0,43.93,35.0,34.01,5.0,0.47,0.97,0.97,3.46,3.3,3.22,21.53,1.65,1.45,5.69,0.73,12.51,8.96,1.62,1.72,1.69,21.0,10.0,8.0,39.0,2.0,2.0,0.0,4.0,0.0,15.0,8.0,19.0,29.0,4.0,8.0,30.0,7.0,4.0,13.0,24.0,5.0,2.0,0.61,0.56,0.48,1.0,1.0,0.0,40.96,31.0,32.26,8.0,0.3,0.43,0.43,1.53,1.6,1.58
84764298477950,2025,Deangelo-Mayfield,NYI,pairing,5on5,29,1690.0,254.0,0.63,0.54,0.64,11.81,1.06,0.68,2.68,0.41,5.8,5.37,1.06,1.06,1.06,10.0,6.0,6.0,22.0,1.0,1.0,0.0,2.0,0.0,2.0,10.0,9.0,15.0,0.0,0.0,2.0,13.0,2.0,8.0,9.0,6.0,1.0,0.22,0.62,0.22,0.0,1.0,0.0,21.98,16.0,15.87,5.0,0.14,0.01,0.01,1.19,1.19,1.19,6.64,0.62,0.47,1.42,0.19,3.32,2.98,0.62,0.65,0.64,6.0,3.0,10.0,19.0,0.0,0.0,0.0,1.0,0.0,5.0,3.0,6.0,9.0,1.0,2.0,6.0,12.0,3.0,12.0,6.0,2.0,1.0,0.08,0.26,0.29,0.0,0.0,0.0,19.32,9.0,9.2,6.0,0.1,0.0,0.0,0.73,0.76,0.75
84768748484386,2025,Simashev-Mtt,UTA,pairing,5on5,13,1051.0,123.0,0.55,0.62,0.65,11.85,1.07,0.73,3.21,0.34,5.29,4.35,0.96,1.14,1.03,10.0,5.0,3.0,18.0,0.0,1.0,0.0,4.0,0.0,4.0,6.0,10.0,15.0,0.0,0.0,5.0,3.0,0.0,6.0,11.0,3.0,1.0,0.35,0.39,0.33,0.0,0.0,0.0,18.86,15.0,15.54,2.0,0.15,0.33,0.33,0.9,0.96,0.93,6.13,0.89,0.45,1.47,0.2,2.75,2.24,0.85,0.85,0.82,8.0,0.0,3.0,11.0,2.0,2.0,0.0,1.0,0.0,0.0,3.0,6.0,6.0,0.0,0.0,4.0,12.0,3.0,8.0,3.0,4.0,1.0,0.1,0.52,0.27,0.0,2.0,0.0,10.94,8.0,7.85,5.0,0.1,0.45,0.45,0.53,0.53,0.52
847646184779898484387,2025,Couturier-Dvorak-Michkov,PHI,line,5on5,3,771.0,23.0,0.62,0.55,0.52,8.57,0.93,0.61,2.18,0.33,4.57,3.38,0.89,0.97,0.93,9.0,3.0,4.0,16.0,0.0,2.0,0.0,2.0,0.0,5.0,3.0,9.0,12.0,2.0,4.0,8.0,3.0,1.0,7.0,7.0,5.0,0.0,0.17,0.76,0.0,0.0,0.0,0.0,16.13,12.0,12.17,3.0,0.13,0.19,0.19,0.87,0.91,0.89,8.36,0.57,0.46,1.95,0.25,4.16,3.61,0.57,0.56,0.56,5.0,6.0,2.0,13.0,0.0,0.0,0.0,2.0,0.0,4.0,5.0,5.0,11.0,0.0,0.0,7.0,6.0,0.0,3.0,8.0,3.0,0.0,0.23,0.34,0.0,0.0,0.0,0.0,13.0,11.0,11.02,1.0,0.09,0.0,0.0,0.67,0.65,0.65
847464184764548478458,2025,Henrique-Nugent-Hopkins-Roslovic,EDM,line,5on5,4,682.0,49.0,0.8,0.71,0.68,8.68,0.86,0.69,2.45,0.39,5.05,3.56,0.81,0.85,0.81,10.0,3.0,7.0,20.0,0.0,4.0,0.0,1.0,0.0,7.0,1.0,10.0,13.0,2.0,4.0,7.0,4.0,0.0,3.0,10.0,2.0,1.0,0.29,0.27,0.3,0.0,0.0,0.0,19.38,13.0,12.57,0.0,0.14,0.58,0.58,0.42,0.42,0.41,4.33,0.21,0.23,0.95,0.13,2.54,1.94,0.21,0.22,0.22,5.0,1.0,2.0,8.0,1.0,0.0,0.0,1.0,0.0,1.0,3.0,4.0,5.0,0.0,0.0,3.0,4.0,1.0,4.0,6.0,0.0,0.0,0.21,0.0,0.0,1.0,0.0,0.0,8.28,6.0,6.3,3.0,0.05,0.0,0.0,0.26,0.27,0.27
847794084784278482093,2025,Ehlers-Aho-Jarvis,CAR,line,5on5,25,7710.0,170.0,0.56,0.55,0.57,84.89,7.39,5.29,22.18,2.95,44.72,33.48,6.97,7.82,7.37,76.0,40.0,35.0,151.0,8.0,7.0,2.0,22.0,0.0,42.0,37.0,68.0,108.0,10.0,20.0,65.0,38.0,5.0,41.0,90.0,18.0,8.0,2.68,2.33,2.38,4.0,3.0,1.0,158.7,116.0,121.71,22.0,1.1,1.52,1.72,6.77,7.11,6.91,65.32,5.85,4.43,15.74,2.12,33.79,26.06,5.59,5.68,5.42,61.0,27.0,35.0,123.0,7.0,6.0,0.0,7.0,1.0,32.0,35.0,54.0,81.0,4.0,8.0,72.0,48.0,12.0,45.0,64.0,20.0,4.0,2.19,2.55,1.12,5.0,1.0,1.0,119.52,88.0,86.07,21.0,0.93,1.04,1.04,5.74,5.57,5.49
84795768479983,2025,Ferraro-Desharnais,SJS,pairing,5on5,19,2632.0,136.0,0.37,0.43,0.38,12.7,1.02,0.85,3.03,0.45,7.37,5.29,0.98,1.0,0.96,11.0,7.0,16.0,34.0,2.0,2.0,0.0,1.0,0.0,7.0,6.0,9.0,16.0,2.0,4.0,14.0,21.0,0.0,12.0,14.0,3.0,1.0,0.34,0.38,0.3,1.0,1.0,0.0,34.66,18.0,18.1,7.0,0.17,0.34,0.34,0.85,0.85,0.82,21.08,1.71,1.23,5.29,0.69,11.29,8.79,1.7,1.7,1.69,21.0,8.0,16.0,45.0,1.0,1.0,0.0,7.0,0.0,12.0,8.0,20.0,28.0,3.0,6.0,6.0,11.0,4.0,6.0,22.0,5.0,2.0,0.65,0.6,0.46,1.0,0.0,0.0,44.56,29.0,28.64,2.0,0.26,0.23,0.23,1.74,1.72,1.72
847522084774518477979,2025,Foligno-Hartman-Aube-Kubel,MIN,line,5on5,2,1136.0,4.0,0.6,0.6,0.59,14.52,0.86,0.86,3.57,0.45,8.18,6.07,0.85,0.88,0.87,17.0,3.0,7.0,27.0,0.0,1.0,0.0,5.0,0.0,6.0,8.0,17.0,20.0,1.0,2.0,8.0,2.0,1.0,4.0,17.0,3.0,0.0,0.5,0.36,0.0,0.0,0.0,0.0,28.23,20.0,20.71,2.0,0.17,0.08,0.08,0.96,0.98,0.97,9.86,0.57,0.58,2.67,0.32,5.55,4.3,0.56,0.57,0.56,10.0,4.0,4.0,18.0,0.0,1.0,0.0,1.0,0.0,5.0,7.0,10.0,14.0,2.0,4.0,11.0,4.0,1.0,4.0,12.0,2.0,0.0,0.32,0.25,0.0,0.0,0.0,0.0,17.47,14.0,13.98,1.0,0.12,0.13,0.13,0.56,0.56,0.55
84764578477986,2025,Montour-Larsson,SEA,pairing,5on5,20,1105.0,154.0,0.51,0.62,0.59,12.12,1.32,0.82,2.77,0.39,5.89,4.81,1.31,1.27,1.27,12.0,4.0,7.0,23.0,0.0,1.0,0.0,1.0,0.0,3.0,11.0,12.0,16.0,1.0,2.0,1.0,7.0,0.0,6.0,10.0,4.0,2.0,0.28,0.61,0.42,0.0,0.0,0.0,22.47,16.0,15.66,2.0,0.17,0.22,0.22,1.27,1.23,1.23,8.62,1.28,0.63,1.96,0.28,3.74,3.12,1.23,1.33,1.28,7.0,4.0,3.0,14.0,0.0,2.0,0.0,1.0,0.0,4.0,4.0,7.0,11.0,1.0,2.0,1.0,5.0,2.0,6.0,5.0,3.0,3.0,0.04,0.32,0.92,0.0,0.0,0.0,14.39,11.0,11.34,2.0,0.13,0.28,0.28,1.14,1.2,1.18
847688984774548479414,2025,Erne-Faksa-Bastian,DAL,line,5on5,8,1572.0,58.0,0.49,0.46,0.52,8.46,0.58,0.46,2.15,0.29,4.22,3.31,0.57,0.57,0.57,6.0,5.0,6.0,17.0,1.0,1.0,0.0,1.0,0.0,5.0,3.0,5.0,10.0,1.0,2.0,15.0,28.0,2.0,5.0,7.0,4.0,0.0,0.12,0.45,0.0,0.0,1.0,0.0,16.86,11.0,10.79,3.0,0.1,0.13,0.13,0.54,0.54,0.54,7.41,0.61,0.48,1.73,0.24,3.96,2.99,0.61,0.6,0.6,9.0,1.0,10.0,20.0,0.0,0.0,0.0,0.0,0.0,6.0,4.0,9.0,10.0,3.0,6.0,7.0,17.0,2.0,7.0,7.0,3.0,0.0,0.22,0.39,0.0,0.0,0.0,0.0,20.68,10.0,10.46,4.0,0.1,0.0,0.0,0.71,0.7,0.7
84754558483495,2025,Dillon-Nemec,NJD,pairing,5on5,21,7656.0,117.0,0.52,0.54,0.55,60.18,4.61,4.14,14.84,2.06,35.58,25.78,4.5,4.69,4.57,65.0,22.0,45.0,132.0,9.0,3.0,1.0,11.0,0.0,28.0,36.0,56.0,78.0,6.0,12.0,46.0,60.0,17.0,31.0,66.0,18.0,3.0,1.48,2.24,0.89,5.0,3.0,1.0,133.51,87.0,88.18,13.0,0.86,0.6,0.6,4.87,4.93,4.9,51.67,4.2,3.36,12.93,1.76,28.09,20.67,4.04,4.17,4.01,49.0,22.0,40.0,111.0,10.0,5.0,1.0,12.0,1.0,20.0,23.0,39.0,61.0,12.0,24.0,61.0,55.0,11.0,26.0,54.0,16.0,1.0,1.89,2.03,0.28,6.0,4.0,0.0,109.23,71.0,69.86,14.0,0.7,0.57,0.57,4.33,4.3,4.19
847576884800098483524,2025,Schwartz-Wright-Tolvanen,SEA,line,5on5,7,1009.0,65.0,0.34,0.4,0.36,7.27,0.3,0.37,1.95,0.24,4.14,3.0,0.3,0.3,0.3,8.0,2.0,7.0,17.0,1.0,0.0,0.0,3.0,0.0,2.0,4.0,7.0,9.0,0.0,0.0,8.0,15.0,0.0,5.0,10.0,0.0,0.0,0.3,0.0,0.0,1.0,0.0,0.0,17.19,10.0,10.19,2.0,0.07,0.0,0.0,0.38,0.38,0.37,12.86,0.59,0.72,3.5,0.45,7.34,5.4,0.57,0.6,0.58,13.0,5.0,8.0,26.0,0.0,2.0,0.0,3.0,0.0,6.0,7.0,13.0,18.0,0.0,0.0,7.0,8.0,1.0,5.0,17.0,1.0,0.0,0.4,0.19,0.0,0.0,0.0,0.0,26.25,18.0,18.11,5.0,0.14,0.2,0.2,0.53,0.54,0.54
847464184784588481617,2025,Roslovic-Henrique-Podkolzin,EDM,line,5on5,9,834.0,97.0,0.7,0.59,0.57,9.07,1.11,0.75,2.09,0.33,5.21,3.51,1.06,1.14,1.09,9.0,4.0,7.0,20.0,1.0,2.0,0.0,2.0,0.0,5.0,3.0,8.0,12.0,2.0,4.0,4.0,5.0,1.0,5.0,7.0,4.0,2.0,0.24,0.41,0.46,0.0,1.0,0.0,20.06,13.0,12.94,2.0,0.15,0.35,0.35,0.92,0.94,0.93,6.78,0.48,0.4,1.71,0.23,4.19,2.99,0.46,0.48,0.47,5.0,5.0,4.0,14.0,0.0,0.0,0.0,1.0,0.0,4.0,5.0,5.0,10.0,0.0,0.0,5.0,2.0,3.0,6.0,8.0,2.0,0.0,0.3,0.17,0.0,0.0,0.0,0.0,14.48,10.0,10.3,2.0,0.08,0.0,0.0,0.56,0.57,0.55
847795684784018479999,2025,Mittelstadt-Zacha-Pastrnak,BOS,line,5on5,14,1280.0,167.0,0.36,0.48,0.5,11.22,0.8,0.79,2.93,0.43,7.03,5.02,0.8,0.75,0.75,10.0,7.0,4.0,21.0,2.0,0.0,0.0,5.0,0.0,2.0,8.0,8.0,15.0,1.0,2.0,12.0,7.0,2.0,6.0,13.0,4.0,0.0,0.29,0.51,0.0,1.0,1.0,0.0,18.99,17.0,15.92,3.0,0.16,0.0,0.0,0.96,0.9,0.9,13.44,1.45,0.82,3.23,0.4,6.37,4.73,1.29,1.59,1.42,14.0,3.0,6.0,23.0,4.0,2.0,0.0,2.0,0.0,6.0,3.0,10.0,13.0,0.0,0.0,9.0,6.0,2.0,5.0,11.0,3.0,3.0,0.37,0.36,0.71,2.0,2.0,0.0,25.87,17.0,18.75,2.0,0.17,0.5,0.5,1.12,1.23,1.12
847576884834978483524,2025,Schwartz-Wright-Nyman,SEA,line,5on5,4,1151.0,29.0,0.44,0.41,0.3,5.9,0.8,0.4,1.65,0.18,2.93,2.04,0.79,0.84,0.83,6.0,2.0,8.0,16.0,1.0,1.0,1.0,1.0,0.0,2.0,3.0,5.0,7.0,2.0,4.0,5.0,3.0,1.0,9.0,6.0,1.0,1.0,0.16,0.18,0.46,0.0,0.0,1.0,16.74,8.0,8.43,5.0,0.09,0.46,0.46,0.42,0.43,0.42,13.95,1.02,0.82,3.66,0.44,7.45,5.62,0.93,1.01,0.92,14.0,5.0,4.0,23.0,0.0,3.0,0.0,2.0,0.0,9.0,5.0,14.0,19.0,1.0,2.0,12.0,13.0,4.0,5.0,15.0,3.0,1.0,0.36,0.36,0.3,0.0,0.0,0.0,22.46,19.0,18.37,1.0,0.17,0.51,0.51,0.68,0.67,0.61
84773698481525,2025,Robertson-Soucy,NYR,pairing,5on5,17,1289.0,160.0,0.63,0.51,0.56,13.86,1.52,0.98,3.47,0.47,6.68,4.87,1.43,1.54,1.44,12.0,6.0,2.0,20.0,0.0,4.0,0.0,3.0,0.0,6.0,5.0,12.0,18.0,2.0,4.0,8.0,11.0,4.0,7.0,11.0,6.0,1.0,0.45,0.58,0.5,0.0,0.0,0.0,19.6,18.0,17.62,1.0,0.2,0.81,0.81,0.92,0.93,0.91,9.7,0.89,0.7,2.36,0.34,5.73,3.99,0.88,0.9,0.9,7.0,7.0,5.0,19.0,1.0,1.0,0.0,1.0,0.0,6.0,5.0,6.0,13.0,0.0,0.0,6.0,7.0,1.0,4.0,11.0,2.0,1.0,0.41,0.25,0.22,0.0,1.0,0.0,20.05,14.0,14.7,2.0,0.14,0.07,0.07,0.96,0.97,0.97
84745748480058,2025,Joseph-Myers,VAN,pairing,5on5,12,3531.0,61.0,0.45,0.51,0.48,28.55,2.11,1.68,7.19,0.88,15.35,11.79,2.08,2.12,2.09,22.0,17.0,18.0,57.0,1.0,1.0,0.0,5.0,0.0,16.0,16.0,21.0,38.0,3.0,6.0,11.0,24.0,6.0,12.0,31.0,5.0,3.0,0.72,0.67,0.72,1.0,0.0,0.0,56.77,39.0,38.95,4.0,0.35,0.27,0.27,2.19,2.21,2.19,30.36,2.62,1.95,8.3,1.06,16.94,12.14,2.47,2.57,2.42,27.0,16.0,12.0,55.0,3.0,4.0,1.0,6.0,0.0,18.0,12.0,24.0,40.0,1.0,2.0,24.0,21.0,6.0,18.0,31.0,10.0,2.0,0.81,1.29,0.53,1.0,1.0,1.0,54.87,43.0,42.82,16.0,0.41,0.67,0.67,2.36,2.31,2.23
847843984802208482159,2025,Foerster-Cates-Konecny,PHI,line,5on5,10,4767.0,32.0,0.35,0.42,0.44,31.03,2.24,1.87,8.16,1.04,18.25,12.46,2.22,2.25,2.23,30.0,14.0,20.0,64.0,5.0,1.0,1.0,5.0,0.0,17.0,16.0,25.0,39.0,5.0,10.0,21.0,27.0,8.0,24.0,36.0,8.0,0.0,1.3,0.94,0.0,3.0,2.0,0.0,63.68,44.0,44.13,13.0,0.38,0.15,0.15,2.47,2.49,2.48,39.75,4.16,2.74,10.87,1.48,22.33,15.42,4.0,4.13,3.98,37.0,20.0,33.0,90.0,0.0,5.0,0.0,10.0,0.0,19.0,23.0,37.0,57.0,3.0,6.0,56.0,29.0,7.0,23.0,39.0,14.0,4.0,1.12,1.94,1.09,0.0,0.0,0.0,88.53,57.0,57.11,10.0,0.57,0.84,0.84,3.88,3.81,3.72
847575484795258484149,2025,Colton-Nelson-Brindley,COL,line,5on5,6,1440.0,60.0,0.63,0.52,0.59,13.98,1.76,0.95,3.36,0.46,7.37,5.1,1.65,1.74,1.63,12.0,7.0,3.0,22.0,3.0,2.0,0.0,1.0,0.0,9.0,4.0,9.0,16.0,2.0,4.0,19.0,12.0,3.0,6.0,12.0,5.0,2.0,0.39,0.75,0.61,2.0,1.0,0.0,22.29,19.0,19.29,5.0,0.2,0.46,0.46,1.51,1.5,1.49,9.62,1.02,0.63,2.47,0.33,4.89,3.66,1.0,1.04,1.02,8.0,5.0,7.0,20.0,2.0,1.0,0.0,2.0,0.0,5.0,3.0,6.0,11.0,2.0,4.0,17.0,10.0,2.0,7.0,7.0,5.0,1.0,0.12,0.57,0.32,0.0,2.0,0.0,19.81,13.0,12.92,4.0,0.13,0.32,0.32,0.83,0.85,0.84
847847284804598483516,2025,Snuggerud-Suter-Joseph,STL,line,5on5,6,1640.0,39.0,0.48,0.45,0.5,18.45,1.69,1.3,4.85,0.7,9.81,6.64,1.57,1.83,1.69,17.0,8.0,6.0,31.0,1.0,5.0,1.0,2.0,0.0,11.0,6.0,16.0,24.0,0.0,0.0,7.0,14.0,3.0,7.0,16.0,9.0,0.0,0.36,1.33,0.0,0.0,1.0,0.0,32.57,25.0,26.42,4.0,0.27,0.68,0.68,1.28,1.36,1.3,18.35,1.81,1.26,3.95,0.55,10.07,7.36,1.79,1.91,1.89,14.0,11.0,13.0,38.0,1.0,0.0,0.0,1.0,0.0,13.0,10.0,13.0,24.0,2.0,4.0,12.0,6.0,5.0,11.0,16.0,8.0,1.0,0.59,0.91,0.32,0.0,0.0,1.0,40.79,25.0,26.21,3.0,0.26,0.0,0.0,2.07,2.19,2.16
847798784816248483450,2025,Donato-Greene-Mikheyev,CHI,line,5on5,13,861.0,144.0,0.51,0.31,0.31,7.58,1.02,0.55,2.06,0.28,3.69,2.4,0.91,0.99,0.89,9.0,1.0,1.0,11.0,0.0,2.0,0.0,2.0,0.0,3.0,3.0,9.0,10.0,2.0,4.0,4.0,6.0,2.0,4.0,5.0,3.0,2.0,0.2,0.38,0.45,0.0,0.0,0.0,10.98,10.0,9.97,3.0,0.12,0.27,0.27,0.86,0.84,0.77,16.34,0.96,1.03,4.31,0.53,8.67,6.5,0.92,1.0,0.95,20.0,2.0,3.0,25.0,0.0,1.0,0.0,5.0,0.0,14.0,2.0,20.0,22.0,2.0,4.0,7.0,7.0,2.0,5.0,17.0,5.0,0.0,0.44,0.52,0.0,0.0,0.0,0.0,25.64,22.0,22.2,3.0,0.21,0.16,0.16,1.02,1.04,0.99
847464184834558483512,2025,Howard-Henrique-Savoie,EDM,line,5on5,8,904.0,83.0,0.27,0.43,0.35,6.74,0.48,0.41,1.7,0.2,3.52,2.69,0.48,0.47,0.47,7.0,2.0,6.0,15.0,1.0,0.0,0.0,2.0,0.0,2.0,4.0,6.0,8.0,0.0,0.0,7.0,0.0,1.0,8.0,8.0,1.0,0.0,0.29,0.19,0.0,0.0,1.0,0.0,14.95,9.0,8.97,3.0,0.09,0.0,0.0,0.56,0.56,0.56,11.84,1.26,0.99,2.57,0.44,6.88,4.86,1.25,1.23,1.22,8.0,9.0,3.0,20.0,1.0,2.0,0.0,1.0,0.0,7.0,6.0,7.0,16.0,1.0,2.0,4.0,5.0,0.0,3.0,10.0,6.0,1.0,0.33,0.62,0.32,0.0,1.0,0.0,19.43,17.0,16.58,2.0,0.21,0.12,0.12,1.35,1.32,1.31
84735078477495,2025,Jones-Petry,FLA,pairing,5on5,25,1139.0,201.0,0.36,0.48,0.42,5.95,0.64,0.36,1.43,0.17,3.18,2.22,0.64,0.65,0.64,5.0,3.0,6.0,14.0,0.0,1.0,0.0,2.0,0.0,2.0,3.0,5.0,8.0,2.0,4.0,2.0,8.0,0.0,6.0,6.0,1.0,1.0,0.14,0.12,0.38,0.0,0.0,0.0,13.6,8.0,7.7,4.0,0.07,0.38,0.38,0.34,0.32,0.32,8.67,1.11,0.66,2.16,0.26,3.83,2.99,1.05,1.13,1.07,8.0,3.0,4.0,15.0,1.0,2.0,1.0,0.0,0.0,2.0,6.0,7.0,10.0,3.0,6.0,5.0,9.0,2.0,6.0,5.0,5.0,1.0,0.15,0.72,0.24,0.0,1.0,0.0,15.58,11.0,11.1,1.0,0.14,0.44,0.44,0.81,0.83,0.83
847662484808488484911,2025,Goodrow-Dellandrea-Graf,SJS,line,5on5,15,1620.0,131.0,0.53,0.49,0.5,13.86,1.86,1.08,3.83,0.54,6.79,4.9,1.62,1.75,1.53,12.0,7.0,11.0,30.0,0.0,4.0,0.0,2.0,0.0,7.0,6.0,12.0,19.0,0.0,0.0,12.0,13.0,1.0,8.0,14.0,2.0,3.0,0.49,0.34,1.03,0.0,0.0,0.0,29.26,19.0,18.27,6.0,0.23,1.08,1.08,1.01,0.98,0.94,14.37,1.65,1.13,3.83,0.47,6.97,4.95,1.6,1.67,1.61,13.0,6.0,12.0,31.0,0.0,3.0,0.0,2.0,0.0,8.0,6.0,13.0,19.0,3.0,6.0,12.0,14.0,1.0,7.0,10.0,8.0,1.0,0.23,1.1,0.31,0.0,0.0,0.0,30.45,19.0,18.68,7.0,0.24,0.66,0.66,1.23,1.24,1.22
84800358481219,2025,Aspirot-Jokiharju,BOS,pairing,5on5,11,4060.0,55.0,0.49,0.43,0.4,25.69,2.66,1.62,5.91,0.82,13.7,10.3,2.48,2.62,2.45,22.0,13.0,20.0,55.0,1.0,4.0,0.0,5.0,0.0,8.0,17.0,21.0,34.0,5.0,13.0,28.0,34.0,2.0,24.0,26.0,5.0,4.0,0.83,0.7,1.12,1.0,0.0,0.0,55.31,35.0,34.99,13.0,0.34,1.04,1.04,1.95,1.92,1.9,36.52,2.8,2.28,9.96,1.32,19.83,15.81,2.74,2.84,2.77,31.0,21.0,21.0,73.0,1.0,6.0,0.0,8.0,0.0,17.0,20.0,30.0,51.0,5.0,13.0,26.0,35.0,8.0,14.0,40.0,8.0,4.0,0.98,0.95,0.87,0.0,1.0,0.0,73.49,52.0,52.31,6.0,0.48,0.65,0.65,2.62,2.68,2.66
84804268482655,2025,Moser-D'Astous,TBL,pairing,5on5,21,1435.0,183.0,0.47,0.55,0.48,11.36,0.95,0.62,2.48,0.36,5.6,5.0,0.95,0.94,0.94,10.0,5.0,8.0,23.0,0.0,0.0,0.0,2.0,0.0,3.0,10.0,10.0,15.0,0.0,0.0,1.0,5.0,2.0,3.0,10.0,5.0,0.0,0.28,0.67,0.0,0.0,0.0,0.0,22.98,15.0,14.71,0.0,0.13,0.0,0.0,1.08,1.07,1.07,11.56,1.07,0.81,2.74,0.42,6.21,4.75,1.05,1.05,1.04,11.0,5.0,3.0,19.0,2.0,2.0,0.0,1.0,0.0,4.0,7.0,9.0,14.0,1.0,2.0,3.0,8.0,2.0,2.0,10.0,6.0,0.0,0.33,0.74,0.0,2.0,0.0,0.0,18.44,16.0,15.66,1.0,0.17,0.25,0.25,0.98,0.96,0.95
84746128475279,2025,Chiarot-Hamonic,DET,pairing,5on5,17,2188.0,103.0,0.43,0.42,0.39,15.77,1.42,1.01,3.71,0.53,8.93,6.4,1.4,1.37,1.35,12.0,10.0,9.0,31.0,2.0,2.0,0.0,1.0,0.0,7.0,10.0,10.0,20.0,3.0,6.0,12.0,10.0,0.0,11.0,17.0,5.0,0.0,0.64,0.78,0.0,0.0,2.0,0.0,30.87,22.0,21.85,4.0,0.2,0.29,0.29,1.33,1.29,1.28,24.05,1.87,1.52,5.95,0.84,13.5,10.31,1.84,1.95,1.91,23.0,11.0,9.0,43.0,4.0,2.0,0.0,1.0,0.0,7.0,20.0,19.0,30.0,0.0,0.0,16.0,9.0,1.0,13.0,27.0,7.0,0.0,0.93,0.94,0.0,1.0,3.0,0.0,44.25,34.0,34.99,7.0,0.32,0.1,0.1,2.09,2.17,2.14
84794108480434,2025,Sergachev-Durzi,UTA,pairing,5on5,19,10742.0,58.0,0.51,0.53,0.52,90.1,7.58,5.97,23.07,3.06,47.9,35.44,7.16,7.54,7.1,82.0,41.0,71.0,194.0,6.0,8.0,0.0,16.0,0.0,45.0,48.0,76.0,117.0,12.0,26.0,118.0,63.0,12.0,46.0,94.0,20.0,9.0,2.7,2.52,2.36,5.0,1.0,0.0,191.5,123.0,121.27,17.0,1.24,1.91,1.91,6.91,6.83,6.73,84.5,7.2,5.2,21.07,2.75,43.79,33.99,7.11,7.17,7.07,85.0,29.0,60.0,174.0,12.0,5.0,1.0,16.0,1.0,41.0,39.0,73.0,102.0,14.0,28.0,106.0,69.0,17.0,49.0,87.0,21.0,6.0,2.71,2.68,1.81,6.0,5.0,1.0,174.66,114.0,114.47,33.0,1.08,1.31,1.31,6.97,6.94,6.88
847682684768788480995,2025,Girgensons-Gourde-Holmberg,TBL,line,5on5,26,15533.0,48.0,0.59,0.56,0.55,124.16,13.34,7.59,30.92,4.35,62.68,48.11,12.45,13.89,12.93,111.0,56.0,71.0,238.0,7.0,23.0,1.0,28.0,0.0,61.0,48.0,104.0,160.0,24.0,51.0,132.0,135.0,10.0,67.0,117.0,31.0,19.0,3.23,4.06,6.06,4.0,2.0,1.0,246.22,167.0,170.79,23.0,1.59,6.19,6.19,8.75,9.0,8.83,97.67,9.25,6.16,25.7,3.28,51.85,37.77,8.82,9.13,8.72,100.0,34.0,54.0,188.0,8.0,11.0,1.0,23.0,0.0,48.0,44.0,92.0,126.0,27.0,57.0,164.0,112.0,17.0,69.0,97.0,25.0,12.0,2.78,3.26,3.21,3.0,4.0,1.0,183.47,134.0,132.14,24.0,1.29,2.52,2.52,8.01,7.91,7.72
84815248484305,2025,Byram-Metsa,BUF,pairing,5on5,10,3175.0,57.0,0.54,0.43,0.45,20.62,1.76,1.4,5.41,0.77,11.9,8.76,1.76,1.81,1.81,17.0,13.0,8.0,38.0,5.0,1.0,0.0,3.0,0.0,12.0,9.0,12.0,25.0,2.0,4.0,16.0,12.0,4.0,18.0,20.0,8.0,2.0,0.37,0.88,0.51,0.0,5.0,0.0,39.32,30.0,30.93,12.0,0.29,0.14,0.14,1.9,1.96,1.96,25.95,1.51,1.49,6.69,0.89,14.56,10.86,1.42,1.45,1.36,19.0,17.0,15.0,51.0,1.0,3.0,1.0,5.0,0.0,13.0,14.0,18.0,35.0,4.0,8.0,27.0,26.0,3.0,16.0,33.0,2.0,1.0,0.9,0.24,0.36,0.0,1.0,0.0,49.52,36.0,35.11,8.0,0.3,0.5,0.5,1.31,1.27,1.26
847579184827028482809,2025,Hall-Stankoven-Blake,CAR,line,5on5,33,7470.0,228.0,0.53,0.56,0.51,63.63,5.96,4.47,15.97,2.13,34.5,24.99,5.65,6.26,5.93,57.0,31.0,45.0,133.0,7.0,4.0,1.0,8.0,0.0,41.0,28.0,50.0,81.0,9.0,18.0,52.0,27.0,16.0,30.0,63.0,19.0,6.0,2.14,2.26,1.56,1.0,4.0,2.0,138.79,88.0,91.63,11.0,0.93,0.92,1.03,5.86,6.14,5.97,59.99,5.38,4.01,14.25,2.11,32.8,24.46,5.07,5.25,4.96,50.0,33.0,22.0,105.0,5.0,8.0,0.0,10.0,0.0,20.0,40.0,45.0,78.0,10.0,20.0,58.0,70.0,3.0,37.0,60.0,20.0,3.0,1.96,2.69,0.73,2.0,3.0,0.0,101.44,83.0,80.57,16.0,0.83,1.19,1.19,5.02,4.92,4.82
84799828480839,2025,Dahlin-Timmins,BUF,pairing,5on5,21,1952.0,188.0,0.37,0.35,0.37,8.75,0.93,0.59,1.89,0.25,4.31,3.04,0.93,0.94,0.94,7.0,4.0,6.0,17.0,1.0,0.0,0.0,0.0,0.0,3.0,7.0,6.0,10.0,2.0,6.0,3.0,8.0,4.0,13.0,6.0,4.0,1.0,0.18,0.53,0.22,0.0,0.0,1.0,17.44,11.0,11.38,10.0,0.12,0.0,0.0,1.05,1.06,1.06,14.19,1.6,1.03,2.95,0.38,7.27,5.77,1.55,1.56,1.5,13.0,6.0,12.0,31.0,1.0,1.0,0.0,3.0,0.0,5.0,9.0,12.0,18.0,2.0,4.0,6.0,9.0,2.0,7.0,11.0,5.0,3.0,0.28,0.53,0.79,0.0,1.0,0.0,30.19,19.0,18.85,2.0,0.22,0.29,0.29,1.53,1.49,1.47
84757538475764,2025,Fowler-Faulk,STL,pairing,5on5,38,17462.0,173.0,0.45,0.45,0.45,130.94,11.14,8.26,33.2,4.31,69.74,51.35,10.73,11.25,10.84,132.0,46.0,73.0,251.0,12.0,16.0,2.0,24.0,0.0,61.0,65.0,120.0,166.0,12.0,32.0,148.0,99.0,17.0,66.0,135.0,31.0,12.0,3.87,3.69,3.58,6.0,5.0,1.0,252.3,178.0,180.54,27.0,1.71,3.24,3.24,9.62,9.65,9.44,159.41,13.36,9.77,40.93,5.12,83.02,62.79,12.48,13.39,12.52,150.0,65.0,96.0,311.0,10.0,14.0,4.0,36.0,0.0,84.0,71.0,140.0,205.0,13.0,29.0,142.0,71.0,26.0,72.0,171.0,32.0,12.0,4.79,4.8,3.77,6.0,2.0,2.0,314.31,215.0,214.32,34.0,2.04,3.72,3.72,11.67,11.68,11.43
847844484784988482079,2025,Debrusk-Rossi-Boeser,VAN,line,5on5,4,1412.0,29.0,0.23,0.38,0.33,5.22,0.3,0.36,1.29,0.18,3.36,2.51,0.3,0.34,0.33,4.0,4.0,6.0,14.0,0.0,0.0,0.0,1.0,0.0,5.0,2.0,4.0,8.0,3.0,6.0,9.0,6.0,1.0,7.0,7.0,1.0,0.0,0.17,0.13,0.0,0.0,0.0,0.0,15.51,8.0,8.94,4.0,0.07,0.0,0.0,0.37,0.41,0.41,11.24,0.99,0.71,2.51,0.35,6.42,5.02,0.98,0.94,0.93,11.0,5.0,7.0,23.0,0.0,0.0,0.0,3.0,0.0,8.0,5.0,11.0,16.0,1.0,2.0,9.0,14.0,2.0,7.0,12.0,2.0,2.0,0.28,0.22,0.49,0.0,0.0,0.0,21.67,16.0,15.38,1.0,0.15,0.0,0.0,1.14,1.08,1.07
847783984821578483690,2025,Cuylle-Laba-Sheary,NYR,line,5on5,9,1462.0,71.0,0.41,0.53,0.49,12.33,0.86,0.8,3.51,0.45,7.33,5.06,0.84,0.89,0.87,11.0,7.0,9.0,27.0,0.0,1.0,0.0,3.0,0.0,8.0,6.0,11.0,18.0,2.0,7.0,13.0,17.0,1.0,6.0,14.0,4.0,0.0,0.43,0.43,0.0,0.0,0.0,0.0,27.73,18.0,18.53,2.0,0.16,0.09,0.09,0.93,0.97,0.95,14.24,1.26,0.83,3.46,0.43,7.29,5.73,1.22,1.21,1.18,12.0,7.0,5.0,24.0,0.0,1.0,0.0,6.0,0.0,6.0,6.0,12.0,19.0,4.0,11.0,16.0,13.0,0.0,7.0,15.0,2.0,2.0,0.43,0.22,0.6,0.0,0.0,0.0,23.34,19.0,18.38,4.0,0.17,0.37,0.37,1.05,1.03,1.0
84788408481525,2025,Robertson-Borgen,NYR,pairing,5on5,22,8582.0,109.0,0.58,0.5,0.5,69.4,6.61,4.85,17.57,2.31,37.62,26.05,6.48,6.55,6.42,57.0,38.0,36.0,131.0,5.0,7.0,3.0,14.0,0.0,46.0,23.0,52.0,90.0,13.0,26.0,76.0,74.0,15.0,27.0,67.0,20.0,8.0,1.99,2.51,2.11,3.0,0.0,2.0,128.58,95.0,93.04,16.0,1.01,0.95,0.95,6.67,6.58,6.5,68.8,4.83,4.24,17.55,2.22,38.25,28.91,4.76,4.91,4.83,66.0,30.0,37.0,133.0,4.0,6.0,0.0,17.0,0.0,39.0,30.0,62.0,92.0,5.0,10.0,55.0,52.0,10.0,49.0,81.0,11.0,4.0,2.22,1.49,1.12,2.0,2.0,0.0,135.66,96.0,98.36,26.0,0.87,1.06,1.06,4.65,4.73,4.69
847823384784028485493,2025,Mangiapane-Mcdavid-Tomasek,EDM,line,5on5,3,611.0,23.0,0.65,0.47,0.62,5.87,0.66,0.5,1.24,0.2,3.11,2.28,0.66,0.71,0.71,7.0,1.0,1.0,9.0,0.0,0.0,0.0,2.0,0.0,3.0,3.0,7.0,8.0,0.0,0.0,3.0,1.0,2.0,4.0,6.0,1.0,1.0,0.25,0.18,0.22,0.0,0.0,0.0,9.58,8.0,8.46,1.0,0.11,0.0,0.0,0.76,0.82,0.82,3.72,0.35,0.29,0.79,0.11,2.01,1.44,0.35,0.35,0.35,3.0,2.0,5.0,10.0,1.0,0.0,0.0,2.0,0.0,0.0,2.0,2.0,4.0,1.0,2.0,5.0,1.0,2.0,3.0,3.0,2.0,0.0,0.08,0.28,0.0,0.0,1.0,0.0,9.67,5.0,4.91,0.0,0.06,0.0,0.0,0.41,0.4,0.4
84759068482166,2025,Mukhamadullin-Klingberg,SJS,pairing,5on5,12,941.0,103.0,0.54,0.59,0.64,9.97,1.05,0.69,2.22,0.37,5.54,4.13,0.97,1.02,0.94,7.0,7.0,2.0,16.0,0.0,1.0,0.0,4.0,0.0,6.0,3.0,7.0,14.0,0.0,0.0,4.0,5.0,2.0,2.0,10.0,2.0,2.0,0.26,0.29,0.51,0.0,0.0,0.0,15.93,14.0,14.05,1.0,0.14,0.24,0.24,0.95,0.93,0.9,6.5,0.89,0.47,1.36,0.19,2.88,2.21,0.86,0.95,0.92,5.0,3.0,3.0,11.0,1.0,1.0,1.0,1.0,0.0,0.0,5.0,4.0,7.0,0.0,0.0,3.0,3.0,4.0,2.0,4.0,2.0,2.0,0.12,0.23,0.55,0.0,0.0,1.0,11.42,8.0,8.34,1.0,0.1,0.33,0.33,0.67,0.71,0.7
847360484768718480113,2025,Iafallo-Toews-Pearson,WPG,line,5on5,5,1033.0,41.0,0.36,0.31,0.28,5.55,0.91,0.42,1.26,0.17,2.49,1.75,0.85,0.95,0.89,2.0,5.0,4.0,11.0,0.0,2.0,0.0,1.0,0.0,2.0,2.0,2.0,7.0,3.0,6.0,12.0,9.0,1.0,4.0,3.0,1.0,3.0,0.08,0.16,0.68,0.0,0.0,0.0,12.05,7.0,7.48,3.0,0.09,0.4,0.4,0.6,0.63,0.63,12.83,1.6,1.06,3.09,0.47,6.88,4.9,1.51,1.55,1.47,11.0,7.0,7.0,25.0,1.0,4.0,0.0,0.0,0.0,8.0,5.0,10.0,17.0,1.0,2.0,4.0,5.0,2.0,7.0,12.0,3.0,3.0,0.29,0.43,0.88,1.0,0.0,0.0,23.05,18.0,16.6,3.0,0.22,0.89,0.89,0.93,0.88,0.86
847645684800288482679,2025,Huberdeau-Frost-Coronato,CGY,line,5on5,26,14485.0,63.0,0.52,0.52,0.52,145.96,13.39,9.68,39.27,4.92,76.36,54.4,12.79,13.4,12.8,144.0,54.0,71.0,269.0,11.0,14.0,1.0,36.0,0.0,67.0,70.0,133.0,187.0,13.0,29.0,158.0,66.0,20.0,73.0,148.0,33.0,17.0,4.2,4.75,4.44,4.0,5.0,2.0,267.98,198.0,197.53,30.0,2.04,2.83,2.83,12.6,12.65,12.3,131.39,12.23,9.04,31.67,4.48,71.26,53.32,11.9,12.29,11.96,108.0,74.0,67.0,249.0,13.0,14.0,1.0,27.0,1.0,56.0,71.0,95.0,169.0,14.0,34.0,136.0,71.0,22.0,69.0,123.0,48.0,11.0,3.37,5.61,3.25,4.0,6.0,3.0,246.03,182.0,181.04,22.0,1.89,2.69,2.69,11.43,11.52,11.39
847749784808938481716,2025,Voronkov-Monahan-Marchenko,CBJ,line,5on5,19,8970.0,116.0,0.49,0.52,0.52,99.42,8.42,6.01,24.8,3.2,50.73,38.84,8.14,8.52,8.24,88.0,44.0,48.0,180.0,9.0,10.0,1.0,23.0,0.0,49.0,41.0,79.0,123.0,10.0,20.0,86.0,54.0,14.0,43.0,101.0,24.0,7.0,3.13,3.37,1.91,3.0,4.0,2.0,180.12,132.0,132.26,27.0,1.26,1.57,1.57,8.11,8.19,8.01,92.57,8.74,5.9,24.58,2.91,47.47,34.4,8.28,8.75,8.28,91.0,33.0,42.0,166.0,4.0,13.0,1.0,19.0,0.0,43.0,45.0,87.0,120.0,6.0,12.0,107.0,37.0,13.0,44.0,90.0,23.0,11.0,2.34,2.99,3.41,0.0,3.0,1.0,166.23,124.0,124.05,18.0,1.23,3.01,3.01,6.97,6.95,6.77
847740484780108479542,2025,Hagel-Point-Guentzel,TBL,line,5on5,7,1054.0,58.0,0.68,0.66,0.65,16.27,1.69,1.03,4.14,0.59,8.01,6.53,1.4,1.71,1.41,12.0,10.0,7.0,29.0,0.0,6.0,0.0,0.0,0.0,10.0,6.0,12.0,22.0,1.0,2.0,2.0,6.0,3.0,7.0,15.0,5.0,2.0,0.52,0.69,0.49,0.0,0.0,0.0,28.88,22.0,21.72,4.0,0.22,0.68,0.68,1.23,1.25,1.08,7.97,0.78,0.62,1.92,0.33,5.11,3.24,0.77,0.74,0.72,7.0,5.0,3.0,15.0,1.0,1.0,0.0,0.0,0.0,6.0,4.0,6.0,11.0,2.0,4.0,11.0,4.0,4.0,5.0,9.0,3.0,0.0,0.39,0.39,0.0,1.0,0.0,0.0,14.46,12.0,11.49,5.0,0.13,0.16,0.16,0.75,0.72,0.71
847804784821468482768,2025,Bunting-Svechkov-Evangelista,NSH,line,5on5,14,615.0,190.0,0.33,0.56,0.57,5.69,0.3,0.36,1.49,0.17,3.34,2.33,0.3,0.28,0.27,4.0,4.0,6.0,14.0,0.0,0.0,0.0,1.0,0.0,5.0,2.0,4.0,8.0,0.0,0.0,4.0,3.0,0.0,1.0,7.0,1.0,0.0,0.19,0.11,0.0,0.0,0.0,0.0,13.64,8.0,7.5,0.0,0.08,0.0,0.0,0.38,0.35,0.35,4.65,0.61,0.33,1.19,0.15,2.04,1.69,0.61,0.63,0.63,3.0,3.0,5.0,11.0,0.0,0.0,0.0,1.0,0.0,2.0,3.0,3.0,6.0,0.0,0.0,3.0,7.0,1.0,1.0,4.0,1.0,1.0,0.13,0.17,0.31,0.0,0.0,0.0,11.76,6.0,6.36,1.0,0.07,0.0,0.0,0.68,0.7,0.7
84808288482511,2025,Lohrei-Callahan,BOS,pairing,5on5,4,773.0,29.0,0.68,0.47,0.63,3.68,0.4,0.26,0.93,0.13,1.88,1.39,0.4,0.41,0.4,4.0,1.0,3.0,8.0,0.0,0.0,0.0,2.0,0.0,2.0,1.0,4.0,5.0,2.0,4.0,4.0,3.0,1.0,6.0,3.0,2.0,0.0,0.11,0.3,0.0,0.0,0.0,0.0,7.98,5.0,5.02,1.0,0.05,0.0,0.0,0.46,0.46,0.46,2.16,0.19,0.15,0.42,0.06,1.11,1.07,0.19,0.19,0.19,2.0,1.0,6.0,9.0,0.0,0.0,0.0,1.0,0.0,1.0,1.0,2.0,3.0,2.0,4.0,7.0,11.0,1.0,5.0,2.0,1.0,0.0,0.11,0.08,0.0,0.0,0.0,0.0,8.88,3.0,2.9,1.0,0.03,0.0,0.0,0.22,0.22,0.22
847398684757988478366,2025,Killorn-Granlund-Vatrano,ANA,line,5on5,4,1084.0,30.0,0.63,0.61,0.68,15.22,0.74,0.96,4.04,0.49,8.71,6.06,0.73,0.76,0.75,18.0,3.0,4.0,25.0,1.0,1.0,0.0,5.0,0.0,8.0,6.0,17.0,20.0,1.0,2.0,9.0,8.0,1.0,4.0,19.0,2.0,0.0,0.38,0.36,0.0,0.0,1.0,0.0,25.01,21.0,21.08,2.0,0.19,0.01,0.01,0.92,0.95,0.94,7.4,0.43,0.43,2.17,0.25,3.92,2.79,0.42,0.42,0.41,7.0,3.0,6.0,16.0,2.0,0.0,0.0,1.0,0.0,3.0,4.0,5.0,8.0,2.0,4.0,13.0,11.0,1.0,10.0,9.0,1.0,0.0,0.26,0.17,0.0,2.0,0.0,0.0,15.96,10.0,10.13,5.0,0.09,0.0,0.0,0.52,0.51,0.5
847645984764688478550,2025,Panarin-Zibanejad-Miller,NYR,line,5on5,15,2378.0,133.0,0.49,0.58,0.53,23.49,1.34,1.48,6.45,0.98,13.22,9.53,1.33,1.39,1.37,19.0,14.0,17.0,50.0,1.0,2.0,0.0,10.0,0.0,12.0,8.0,18.0,32.0,3.0,6.0,25.0,12.0,1.0,6.0,30.0,2.0,1.0,0.83,0.26,0.26,0.0,1.0,0.0,50.47,33.0,33.38,1.0,0.31,0.06,0.06,1.59,1.65,1.63,20.78,1.39,1.33,5.17,0.65,11.76,8.7,1.38,1.43,1.42,17.0,12.0,7.0,36.0,0.0,2.0,0.0,3.0,0.0,6.0,18.0,17.0,29.0,1.0,2.0,25.0,8.0,5.0,10.0,26.0,1.0,2.0,0.74,0.1,0.55,0.0,0.0,0.0,36.87,29.0,29.66,5.0,0.27,0.4,0.4,1.27,1.28,1.27
84781788482655,2025,Moser-Raddysh,TBL,pairing,5on5,29,20943.0,67.0,0.63,0.61,0.59,219.72,22.05,14.77,56.34,7.7,115.16,83.98,20.44,22.28,20.65,187.0,113.0,106.0,406.0,19.0,39.0,4.0,39.0,1.0,113.0,89.0,168.0,281.0,20.0,46.0,188.0,128.0,32.0,73.0,213.0,60.0,27.0,6.89,7.51,7.65,10.0,5.0,4.0,411.31,300.0,302.19,24.0,3.1,8.04,8.04,17.11,17.29,16.73,150.2,12.7,9.58,38.74,5.21,81.12,58.65,12.12,12.56,11.98,134.0,72.0,58.0,264.0,4.0,18.0,2.0,30.0,0.0,69.0,85.0,130.0,202.0,22.0,50.0,166.0,143.0,26.0,102.0,153.0,39.0,14.0,4.31,4.73,3.67,1.0,1.0,2.0,259.69,206.0,204.03,56.0,1.98,2.84,2.84,11.84,11.73,11.43
84808798481607,2025,Johansson-Bernard-Docker,DET,pairing,5on5,25,14187.0,87.0,0.49,0.47,0.47,119.66,11.22,7.91,30.64,4.05,64.05,45.13,10.9,11.37,11.04,101.0,62.0,72.0,235.0,9.0,12.0,1.0,16.0,0.0,69.0,57.0,92.0,154.0,7.0,14.0,120.0,97.0,15.0,62.0,114.0,37.0,12.0,3.48,4.61,3.13,4.0,3.0,2.0,236.49,163.0,164.82,30.0,1.65,1.9,1.9,10.96,11.1,10.89,131.22,11.7,8.32,32.67,4.38,71.98,52.95,11.19,11.69,11.17,122.0,60.0,84.0,266.0,8.0,12.0,1.0,37.0,0.0,60.0,65.0,114.0,174.0,14.0,28.0,107.0,127.0,17.0,68.0,135.0,36.0,11.0,4.17,4.45,3.08,2.0,5.0,1.0,261.21,182.0,179.83,33.0,1.73,2.74,2.74,10.69,10.63,10.43
847798784827038483450,2025,Donato-Greene-Dach,CHI,line,5on5,11,774.0,172.0,0.27,0.48,0.47,5.55,0.26,0.29,1.51,0.2,3.37,2.38,0.26,0.26,0.25,4.0,4.0,2.0,10.0,0.0,1.0,0.0,1.0,0.0,2.0,4.0,4.0,8.0,2.0,4.0,9.0,6.0,0.0,2.0,7.0,1.0,0.0,0.15,0.11,0.0,0.0,0.0,0.0,9.73,8.0,7.92,2.0,0.06,0.04,0.04,0.28,0.28,0.28,6.47,0.72,0.46,2.02,0.29,3.21,2.3,0.69,0.71,0.68,5.0,4.0,2.0,11.0,1.0,1.0,0.0,1.0,0.0,4.0,2.0,4.0,8.0,0.0,0.0,6.0,5.0,1.0,6.0,6.0,2.0,1.0,0.12,0.27,0.33,1.0,0.0,0.0,10.85,9.0,8.88,3.0,0.1,0.33,0.33,0.49,0.48,0.47
847579184768738480762,2025,Hall-Jankowski-Robinson,CAR,line,5on5,18,7375.0,70.0,0.69,0.64,0.62,80.8,8.62,5.66,20.79,2.63,42.03,29.28,7.72,8.48,7.61,65.0,44.0,51.0,160.0,3.0,13.0,0.0,14.0,1.0,44.0,34.0,62.0,106.0,4.0,8.0,68.0,49.0,13.0,40.0,80.0,15.0,14.0,2.63,2.05,3.94,2.0,0.0,1.0,159.71,109.0,108.89,21.0,1.19,3.1,3.1,6.71,6.67,6.44,47.97,3.9,3.14,13.12,1.68,26.17,19.0,3.78,4.03,3.91,37.0,30.0,23.0,90.0,2.0,4.0,0.0,12.0,0.0,24.0,25.0,35.0,65.0,6.0,12.0,71.0,69.0,7.0,40.0,51.0,12.0,4.0,1.42,1.46,1.02,1.0,1.0,0.0,91.88,67.0,68.06,19.0,0.66,0.37,0.37,4.2,4.31,4.26
84754558478841,2025,Dillon-White,NJD,pairing,5on5,16,7343.0,78.0,0.57,0.46,0.47,52.71,5.45,3.51,13.18,1.76,27.33,19.78,5.24,5.62,5.42,51.0,20.0,26.0,97.0,7.0,6.0,0.0,13.0,0.0,27.0,18.0,44.0,64.0,5.0,12.0,60.0,60.0,8.0,34.0,45.0,22.0,4.0,1.18,2.96,1.3,2.0,5.0,0.0,98.53,71.0,72.62,18.0,0.74,1.59,1.69,4.49,4.6,4.54,56.43,4.18,3.28,14.69,1.88,31.51,23.46,4.08,4.07,3.97,55.0,24.0,37.0,116.0,1.0,5.0,0.0,18.0,0.0,23.0,32.0,54.0,78.0,5.0,10.0,39.0,61.0,11.0,28.0,64.0,12.0,3.0,1.51,1.47,1.21,1.0,0.0,0.0,115.7,79.0,79.09,15.0,0.68,1.21,1.21,3.65,3.59,3.55
847519184764488482125,2025,Holtz-Karlsson-Smith,VGK,line,5on5,5,2378.0,14.0,0.53,0.51,0.59,18.72,1.15,1.13,4.81,0.65,11.08,8.19,1.13,1.16,1.14,18.0,9.0,14.0,41.0,1.0,1.0,0.0,4.0,0.0,13.0,8.0,17.0,26.0,2.0,6.0,20.0,7.0,1.0,12.0,25.0,2.0,0.0,0.93,0.22,0.0,1.0,0.0,0.0,42.58,27.0,27.29,3.0,0.23,0.07,0.07,1.3,1.32,1.3,14.19,1.01,0.79,3.59,0.49,7.44,5.69,1.01,0.99,0.99,11.0,8.0,20.0,39.0,1.0,0.0,0.0,3.0,0.0,5.0,10.0,10.0,18.0,1.0,2.0,17.0,21.0,3.0,12.0,15.0,4.0,0.0,0.43,0.58,0.0,0.0,1.0,0.0,37.79,19.0,18.59,5.0,0.16,0.0,0.0,1.17,1.15,1.15
847897584815548483524,2025,Marchment-Wright-Kakko,SEA,line,5on5,6,761.0,42.0,0.4,0.54,0.44,5.6,0.51,0.35,1.29,0.21,3.3,2.35,0.5,0.49,0.48,3.0,5.0,6.0,14.0,1.0,1.0,0.0,1.0,0.0,1.0,4.0,2.0,7.0,3.0,6.0,5.0,2.0,0.0,4.0,6.0,1.0,1.0,0.15,0.09,0.27,1.0,0.0,0.0,13.48,8.0,7.77,2.0,0.07,0.27,0.27,0.32,0.3,0.3,7.59,0.76,0.54,2.0,0.24,3.78,2.68,0.73,0.79,0.77,5.0,5.0,2.0,12.0,0.0,1.0,0.0,0.0,0.0,7.0,2.0,5.0,10.0,1.0,2.0,10.0,6.0,1.0,2.0,6.0,3.0,1.0,0.21,0.32,0.22,0.0,0.0,0.0,12.5,10.0,10.39,1.0,0.12,0.06,0.06,0.81,0.85,0.84
847698184800748483424,2025,Texier-Beck-Anderson,MTL,line,5on5,4,952.0,28.0,0.42,0.62,0.59,9.01,0.74,0.65,2.05,0.35,5.19,4.03,0.67,0.83,0.75,7.0,6.0,8.0,21.0,2.0,1.0,0.0,0.0,0.0,5.0,5.0,5.0,11.0,2.0,4.0,9.0,11.0,1.0,5.0,10.0,2.0,1.0,0.27,0.21,0.25,1.0,1.0,0.0,23.14,13.0,14.25,4.0,0.13,0.25,0.25,0.62,0.69,0.66,6.79,1.02,0.53,1.67,0.22,3.34,2.21,1.01,0.95,0.94,5.0,4.0,4.0,13.0,0.0,1.0,0.0,1.0,0.0,4.0,3.0,5.0,9.0,3.0,6.0,4.0,12.0,3.0,5.0,5.0,1.0,3.0,0.12,0.09,0.81,0.0,0.0,0.0,12.0,9.0,8.37,3.0,0.11,0.2,0.2,0.93,0.87,0.86
84745748479425,2025,Hronek-Myers,VAN,pairing,5on5,19,622.0,184.0,0.58,0.5,0.5,4.38,0.35,0.27,1.01,0.14,2.44,1.79,0.35,0.36,0.36,5.0,1.0,2.0,8.0,1.0,1.0,1.0,1.0,0.0,1.0,2.0,4.0,5.0,2.0,7.0,2.0,4.0,1.0,0.0,4.0,2.0,0.0,0.07,0.28,0.0,0.0,1.0,0.0,7.88,6.0,5.94,0.0,0.05,0.19,0.19,0.22,0.22,0.22,4.11,0.26,0.29,1.03,0.16,2.48,1.79,0.26,0.25,0.25,4.0,2.0,2.0,8.0,0.0,0.0,0.0,1.0,0.0,3.0,2.0,4.0,6.0,1.0,5.0,1.0,1.0,1.0,3.0,4.0,2.0,0.0,0.08,0.17,0.0,0.0,0.0,0.0,8.07,6.0,6.06,0.0,0.06,0.0,0.0,0.32,0.31,0.31
84778458478911,2025,Roy-Van Riemsdyk,WSH,pairing,5on5,18,923.0,174.0,0.11,0.38,0.23,4.1,0.22,0.26,1.0,0.15,2.5,1.87,0.22,0.21,0.21,3.0,3.0,9.0,15.0,0.0,0.0,0.0,2.0,0.0,1.0,3.0,3.0,6.0,0.0,0.0,3.0,7.0,0.0,2.0,6.0,0.0,0.0,0.22,0.0,0.0,0.0,0.0,0.0,14.86,6.0,5.82,1.0,0.05,0.0,0.0,0.27,0.26,0.26,14.41,1.73,1.14,3.29,0.5,7.69,5.66,1.66,1.79,1.71,13.0,7.0,5.0,25.0,2.0,4.0,1.0,3.0,0.0,5.0,6.0,11.0,18.0,2.0,4.0,4.0,2.0,1.0,9.0,11.0,7.0,2.0,0.32,0.92,0.49,0.0,1.0,1.0,26.15,20.0,20.96,4.0,0.24,0.51,0.51,1.46,1.5,1.48
847181784766248480848,2025,Goodrow-Dellandrea-Reaves,SJS,line,5on5,19,2080.0,200.0,0.47,0.51,0.5,17.22,1.54,1.05,4.2,0.58,9.6,7.03,1.48,1.57,1.51,16.0,8.0,13.0,37.0,1.0,0.0,0.0,2.0,0.0,7.0,14.0,15.0,23.0,3.0,9.0,15.0,36.0,4.0,9.0,16.0,7.0,1.0,0.33,0.98,0.24,0.0,0.0,1.0,36.85,24.0,24.0,5.0,0.22,0.0,0.0,1.77,1.79,1.72,17.61,1.76,1.03,4.35,0.56,9.41,6.89,1.69,1.72,1.65,17.0,7.0,12.0,36.0,3.0,2.0,0.0,4.0,0.0,8.0,7.0,14.0,21.0,3.0,9.0,9.0,16.0,4.0,9.0,18.0,4.0,2.0,0.37,0.57,0.82,3.0,0.0,0.0,36.01,24.0,24.22,6.0,0.21,0.44,0.44,1.53,1.51,1.5
848045984810708484164,2025,Mcging-Dvorsky-Suter,STL,line,5on5,1,622.0,1.0,0.35,0.39,0.4,4.33,0.4,0.27,1.1,0.13,2.47,1.62,0.39,0.37,0.36,3.0,3.0,1.0,7.0,1.0,1.0,0.0,0.0,0.0,3.0,1.0,2.0,5.0,0.0,0.0,4.0,5.0,0.0,3.0,5.0,0.0,1.0,0.13,0.0,0.27,1.0,0.0,0.0,6.26,6.0,5.41,0.0,0.05,0.27,0.27,0.18,0.17,0.17,6.68,0.74,0.43,1.43,0.2,3.63,2.56,0.69,0.83,0.77,7.0,2.0,2.0,11.0,0.0,1.0,0.0,5.0,0.0,1.0,2.0,7.0,9.0,1.0,2.0,5.0,2.0,1.0,3.0,6.0,2.0,1.0,0.15,0.36,0.24,0.0,0.0,0.0,12.38,9.0,9.91,1.0,0.09,0.2,0.2,0.64,0.72,0.67
847738084793908483690,2025,Brodzinski-Laba-Raddysh,NYR,line,5on5,7,1415.0,47.0,0.42,0.44,0.44,9.25,0.72,0.49,2.57,0.28,4.28,3.66,0.72,0.66,0.65,9.0,3.0,8.0,20.0,0.0,1.0,0.0,4.0,0.0,4.0,3.0,9.0,12.0,0.0,0.0,13.0,5.0,3.0,7.0,10.0,0.0,2.0,0.19,0.0,0.53,0.0,0.0,0.0,18.83,12.0,11.37,3.0,0.11,0.3,0.3,0.53,0.49,0.49,11.45,1.01,0.55,2.65,0.34,5.5,4.95,0.91,1.02,0.92,10.0,5.0,10.0,25.0,0.0,1.0,0.0,2.0,0.0,6.0,6.0,10.0,15.0,1.0,2.0,7.0,7.0,1.0,3.0,12.0,2.0,1.0,0.29,0.31,0.41,0.0,0.0,0.0,26.08,15.0,15.82,0.0,0.11,0.41,0.41,0.71,0.73,0.71
847799384790668483609,2025,Lomberg-Kirkland-Klapka,CGY,line,5on5,8,3020.0,30.0,0.64,0.58,0.65,30.3,2.69,1.82,7.93,1.1,17.03,12.44,2.66,2.69,2.67,26.0,17.0,21.0,64.0,1.0,3.0,0.0,8.0,0.0,18.0,13.0,25.0,42.0,7.0,17.0,24.0,46.0,2.0,11.0,33.0,8.0,2.0,0.97,1.13,0.59,0.0,0.0,1.0,64.24,43.0,43.44,8.0,0.37,0.55,0.55,2.51,2.54,2.53,17.13,1.49,1.06,4.39,0.57,8.88,6.61,1.48,1.48,1.47,16.0,7.0,24.0,47.0,2.0,0.0,0.0,4.0,0.0,7.0,10.0,14.0,21.0,4.0,11.0,25.0,28.0,6.0,15.0,17.0,4.0,2.0,0.51,0.48,0.49,1.0,0.0,1.0,46.85,23.0,22.75,9.0,0.22,0.0,0.0,1.71,1.71,1.69
84800368480878,2025,Heiskanen-Lundkvist,DAL,pairing,5on5,10,640.0,89.0,0.44,0.43,0.56,3.89,0.43,0.3,1.12,0.14,1.68,1.33,0.39,0.43,0.39,3.0,2.0,1.0,6.0,0.0,1.0,0.0,0.0,0.0,1.0,3.0,3.0,5.0,0.0,0.0,2.0,2.0,0.0,4.0,4.0,0.0,1.0,0.18,0.0,0.25,0.0,0.0,0.0,6.37,5.0,5.18,3.0,0.06,0.03,0.28,0.21,0.22,0.22,3.01,0.54,0.14,0.86,0.09,1.44,0.92,0.54,0.5,0.49,3.0,1.0,4.0,8.0,0.0,1.0,0.0,1.0,0.0,0.0,2.0,3.0,4.0,0.0,0.0,4.0,9.0,0.0,2.0,3.0,0.0,1.0,0.05,0.0,0.49,0.0,0.0,0.0,7.91,4.0,3.83,1.0,0.03,0.49,0.49,0.08,0.08,0.08
847937084827688484241,2025,Jost-Svechkov-Wood,NSH,line,5on5,11,2946.0,53.0,0.48,0.43,0.39,18.35,1.78,1.29,4.11,0.62,9.97,7.22,1.73,1.77,1.73,19.0,6.0,15.0,40.0,2.0,3.0,0.0,3.0,0.0,10.0,7.0,17.0,23.0,2.0,4.0,14.0,20.0,4.0,15.0,16.0,8.0,1.0,0.51,1.03,0.25,0.0,2.0,0.0,39.35,25.0,24.39,7.0,0.27,0.35,0.35,1.7,1.7,1.68,27.67,1.96,1.72,7.01,0.99,15.87,11.45,1.95,1.97,1.96,23.0,16.0,15.0,54.0,2.0,1.0,0.0,6.0,0.0,14.0,16.0,21.0,37.0,2.0,4.0,26.0,29.0,7.0,10.0,30.0,8.0,1.0,0.87,0.84,0.25,1.0,1.0,0.0,55.7,39.0,39.84,4.0,0.35,0.1,0.1,2.21,2.22,2.21
847841384793598482623,2025,Greenway-Dunne-Malenstyn,BUF,line,5on5,8,3386.0,44.0,0.7,0.61,0.66,28.06,2.13,1.83,7.43,1.01,16.1,11.5,2.08,2.21,2.16,26.0,14.0,10.0,50.0,1.0,4.0,0.0,4.0,0.0,17.0,14.0,25.0,39.0,4.0,8.0,20.0,33.0,5.0,16.0,29.0,10.0,1.0,0.62,1.3,0.22,0.0,1.0,0.0,51.68,40.0,41.05,10.0,0.38,0.44,0.44,2.07,2.15,2.12,15.16,0.91,0.9,4.3,0.53,8.29,6.08,0.89,0.92,0.9,10.0,11.0,11.0,32.0,0.0,1.0,0.0,4.0,0.0,10.0,6.0,10.0,21.0,3.0,6.0,30.0,22.0,6.0,23.0,17.0,4.0,0.0,0.46,0.45,0.0,0.0,0.0,0.0,31.72,21.0,20.83,13.0,0.19,0.15,0.15,0.95,0.95,0.94
847569284788648483525,2025,Kaprizov-Yurov-Zuccarello,MIN,line,5on5,15,6307.0,82.0,0.46,0.45,0.48,48.73,4.31,3.53,11.46,1.82,28.49,21.39,4.07,4.46,4.21,45.0,26.0,23.0,94.0,7.0,6.0,0.0,10.0,0.0,21.0,27.0,38.0,64.0,4.0,8.0,43.0,19.0,12.0,25.0,52.0,17.0,2.0,1.47,2.27,0.56,4.0,3.0,0.0,98.98,71.0,74.15,10.0,0.73,0.43,0.43,4.61,4.77,4.53,56.68,5.14,3.61,14.09,1.97,29.37,22.81,5.01,5.05,4.93,55.0,22.0,36.0,113.0,7.0,7.0,1.0,15.0,0.0,19.0,29.0,48.0,70.0,6.0,12.0,68.0,32.0,8.0,40.0,58.0,14.0,5.0,1.75,1.69,1.7,4.0,1.0,2.0,108.29,77.0,74.45,20.0,0.75,1.78,1.78,4.11,4.02,3.95
84818068482176,2025,Kaiser-Crevier,CHI,pairing,5on5,37,8631.0,214.0,0.32,0.37,0.38,57.46,4.11,3.49,14.27,1.84,31.25,23.04,3.96,4.19,4.04,54.0,24.0,17.0,95.0,6.0,6.0,0.0,15.0,0.0,19.0,32.0,48.0,72.0,13.0,29.0,69.0,49.0,15.0,40.0,63.0,10.0,5.0,1.69,1.17,1.25,4.0,2.0,0.0,95.92,78.0,79.07,21.0,0.71,0.85,0.81,4.01,4.09,3.98,91.54,8.93,5.97,23.77,3.2,47.77,35.38,8.61,8.92,8.6,75.0,50.0,37.0,162.0,4.0,12.0,0.0,13.0,0.0,49.0,47.0,71.0,121.0,8.0,19.0,64.0,63.0,9.0,32.0,92.0,22.0,11.0,2.54,2.88,3.5,3.0,1.0,0.0,160.77,125.0,123.61,20.0,1.24,2.74,2.74,7.43,7.41,7.27
84793718481161,2025,Christiansen-Fabbro,CBJ,pairing,5on5,21,9269.0,92.0,0.41,0.49,0.48,69.22,5.01,4.39,18.62,2.43,38.81,27.74,4.94,5.16,5.09,61.0,36.0,53.0,150.0,1.0,6.0,0.0,23.0,0.0,41.0,26.0,60.0,96.0,6.0,12.0,59.0,58.0,11.0,41.0,82.0,9.0,6.0,2.23,1.23,1.54,1.0,0.0,0.0,156.52,97.0,100.67,11.0,0.9,1.01,1.01,4.89,5.05,4.99,75.84,7.22,4.79,19.46,2.54,39.45,29.52,6.72,7.16,6.67,72.0,31.0,51.0,154.0,9.0,8.0,1.0,16.0,0.0,34.0,36.0,63.0,94.0,5.0,10.0,70.0,69.0,10.0,42.0,73.0,22.0,8.0,1.93,2.75,2.54,3.0,5.0,1.0,151.63,103.0,101.69,19.0,1.0,2.17,2.17,6.05,5.99,5.87
84764578479372,2025,Mahura-Larsson,SEA,pairing,5on5,12,753.0,96.0,0.51,0.5,0.44,5.72,0.59,0.42,1.35,0.19,3.52,1.94,0.58,0.6,0.59,3.0,5.0,5.0,13.0,0.0,0.0,0.0,0.0,0.0,3.0,5.0,3.0,8.0,0.0,0.0,0.0,2.0,2.0,2.0,5.0,3.0,0.0,0.16,0.42,0.0,0.0,0.0,0.0,13.43,8.0,8.36,1.0,0.08,0.0,0.0,0.67,0.68,0.68,6.94,0.56,0.46,1.84,0.26,3.84,3.04,0.56,0.55,0.55,7.0,3.0,3.0,13.0,1.0,0.0,0.0,3.0,0.0,2.0,4.0,6.0,9.0,0.0,0.0,2.0,3.0,1.0,7.0,9.0,0.0,1.0,0.35,0.0,0.21,1.0,0.0,0.0,13.17,10.0,10.0,3.0,0.09,0.0,0.0,0.66,0.64,0.64
847744684793708482103,2025,Jost-Mccarron-Wiesblatt,NSH,line,5on5,8,2496.0,45.0,0.38,0.54,0.5,15.39,0.98,1.01,3.54,0.48,9.28,6.7,0.96,0.97,0.94,10.0,12.0,7.0,29.0,0.0,1.0,0.0,5.0,0.0,9.0,7.0,10.0,22.0,6.0,12.0,30.0,26.0,6.0,8.0,17.0,5.0,0.0,0.43,0.55,0.0,0.0,0.0,0.0,28.52,22.0,21.86,5.0,0.21,0.03,0.03,1.16,1.15,1.11,16.64,1.63,1.09,4.14,0.51,8.3,6.33,1.34,1.7,1.4,15.0,7.0,3.0,25.0,3.0,2.0,1.0,1.0,0.0,10.0,6.0,12.0,19.0,1.0,2.0,20.0,15.0,3.0,13.0,15.0,4.0,3.0,0.36,0.41,0.86,2.0,0.0,1.0,25.93,22.0,22.83,8.0,0.23,0.58,0.58,1.28,1.32,1.25
847571484780578478904,2025,Joshua-Lorentz-Jarnkrok,TOR,line,5on5,4,923.0,29.0,0.7,0.52,0.59,7.42,0.59,0.54,2.04,0.24,3.85,2.74,0.57,0.62,0.59,7.0,3.0,4.0,14.0,0.0,1.0,0.0,3.0,0.0,4.0,2.0,7.0,10.0,0.0,0.0,8.0,14.0,0.0,2.0,7.0,2.0,1.0,0.11,0.28,0.2,0.0,0.0,0.0,14.33,10.0,10.01,1.0,0.11,0.2,0.2,0.5,0.52,0.51,5.05,0.26,0.27,1.3,0.15,2.89,2.14,0.26,0.27,0.27,3.0,4.0,6.0,13.0,0.0,0.0,0.0,1.0,0.0,5.0,1.0,3.0,7.0,1.0,2.0,7.0,5.0,0.0,1.0,7.0,0.0,0.0,0.26,0.0,0.0,0.0,0.0,0.0,13.25,7.0,7.1,1.0,0.06,0.0,0.0,0.31,0.32,0.32
84754558476462,2025,Dillon-Hamilton,NJD,pairing,5on5,24,1234.0,218.0,0.79,0.67,0.67,19.85,2.75,1.28,4.53,0.65,9.24,7.54,2.52,2.7,2.47,14.0,12.0,9.0,35.0,1.0,4.0,0.0,5.0,1.0,11.0,4.0,13.0,25.0,1.0,2.0,6.0,9.0,1.0,7.0,15.0,8.0,3.0,0.4,1.06,1.29,0.0,1.0,0.0,34.32,26.0,25.44,1.0,0.27,1.49,1.49,1.54,1.52,1.45,9.48,0.72,0.6,2.26,0.31,5.28,3.83,0.71,0.74,0.72,4.0,9.0,4.0,17.0,0.0,1.0,0.0,2.0,0.0,5.0,5.0,4.0,13.0,0.0,0.0,4.0,10.0,4.0,7.0,9.0,4.0,0.0,0.29,0.43,0.0,0.0,0.0,0.0,17.3,13.0,13.24,3.0,0.12,0.15,0.15,0.69,0.71,0.7
847688084816568482088,2025,Protas-Sourdif-Wilson,WSH,line,5on5,22,10428.0,91.0,0.63,0.58,0.61,114.76,11.13,7.45,28.97,3.92,60.99,44.54,10.71,11.15,10.73,103.0,54.0,45.0,202.0,13.0,14.0,2.0,21.0,0.0,57.0,52.0,90.0,144.0,12.0,24.0,94.0,67.0,12.0,55.0,109.0,37.0,11.0,3.26,4.83,3.04,5.0,5.0,3.0,203.12,157.0,158.5,26.0,1.55,2.0,1.97,10.72,10.7,10.48,75.06,6.59,4.69,18.9,2.41,38.75,28.66,6.04,6.71,6.14,64.0,36.0,45.0,145.0,4.0,10.0,1.0,16.0,0.0,37.0,33.0,60.0,96.0,11.0,22.0,91.0,52.0,8.0,50.0,72.0,23.0,5.0,2.14,3.04,1.41,1.0,3.0,0.0,145.87,100.0,100.4,28.0,0.98,1.69,1.69,5.87,5.95,5.83
847698184781338484403,2025,Xhekaj-Evans-Anderson,MTL,line,5on5,3,1252.0,7.0,0.4,0.43,0.48,6.9,0.42,0.41,1.73,0.23,4.21,3.0,0.42,0.44,0.43,8.0,2.0,3.0,13.0,1.0,0.0,0.0,3.0,0.0,4.0,2.0,7.0,9.0,4.0,11.0,9.0,12.0,3.0,4.0,9.0,1.0,0.0,0.33,0.1,0.0,1.0,0.0,0.0,14.16,10.0,10.39,2.0,0.08,0.0,0.0,0.51,0.52,0.52,8.34,0.63,0.52,2.05,0.27,4.28,3.26,0.61,0.66,0.64,6.0,5.0,6.0,17.0,1.0,1.0,1.0,1.0,0.0,4.0,4.0,5.0,10.0,3.0,9.0,14.0,9.0,1.0,9.0,7.0,4.0,0.0,0.2,0.42,0.0,0.0,1.0,0.0,16.78,11.0,11.29,4.0,0.1,0.12,0.12,0.62,0.63,0.63
84784768480950,2025,Capobianco-Lyubushkin,DAL,pairing,5on5,8,1852.0,53.0,0.36,0.38,0.38,10.36,1.06,0.7,2.45,0.37,5.21,4.19,1.04,1.03,1.0,10.0,4.0,7.0,21.0,2.0,1.0,0.0,2.0,0.0,5.0,4.0,8.0,12.0,1.0,2.0,15.0,12.0,3.0,7.0,8.0,5.0,1.0,0.18,0.66,0.23,1.0,1.0,0.0,21.53,14.0,13.97,1.0,0.15,0.01,0.01,1.2,1.16,1.13,17.6,1.89,1.13,4.33,0.58,8.48,6.59,1.84,1.92,1.86,12.0,11.0,11.0,34.0,2.0,3.0,0.0,5.0,0.0,6.0,7.0,10.0,21.0,2.0,4.0,10.0,20.0,1.0,8.0,12.0,10.0,1.0,0.34,1.34,0.22,1.0,1.0,0.0,33.65,23.0,23.05,2.0,0.24,0.35,0.35,1.78,1.8,1.76
847167584758108485414,2025,Kindel-Crosby-Rust,PIT,line,5on5,5,2701.0,10.0,0.43,0.52,0.57,24.3,1.75,1.46,6.04,0.9,14.15,10.71,1.73,1.82,1.8,26.0,9.0,13.0,48.0,0.0,2.0,0.0,5.0,0.0,13.0,15.0,26.0,35.0,2.0,4.0,27.0,8.0,2.0,13.0,29.0,5.0,1.0,0.89,0.54,0.32,0.0,0.0,0.0,49.74,35.0,36.19,5.0,0.3,0.33,0.33,1.71,1.77,1.77,19.2,2.34,1.52,4.11,0.7,10.29,7.05,2.2,2.34,2.2,18.0,8.0,18.0,44.0,2.0,3.0,1.0,4.0,0.0,8.0,9.0,16.0,24.0,1.0,2.0,34.0,12.0,2.0,16.0,15.0,8.0,3.0,0.53,0.98,0.82,0.0,2.0,0.0,43.33,26.0,25.9,6.0,0.32,0.48,0.48,2.17,2.17,2.13
847516984807488484136,2025,Kane-Sasson-Sherwood,VAN,line,5on5,15,630.0,170.0,0.5,0.67,0.64,6.34,0.34,0.41,1.47,0.2,3.75,2.83,0.34,0.36,0.36,5.0,4.0,1.0,10.0,0.0,0.0,0.0,2.0,0.0,3.0,4.0,5.0,9.0,0.0,0.0,2.0,10.0,1.0,4.0,8.0,1.0,0.0,0.23,0.12,0.0,0.0,0.0,0.0,10.77,9.0,9.62,1.0,0.08,0.0,0.0,0.42,0.45,0.44,3.5,0.34,0.28,0.64,0.11,2.21,1.42,0.34,0.34,0.34,3.0,2.0,0.0,5.0,0.0,0.0,0.0,0.0,0.0,1.0,4.0,3.0,5.0,1.0,2.0,5.0,3.0,2.0,3.0,4.0,1.0,0.0,0.19,0.15,0.0,0.0,0.0,0.0,4.85,5.0,4.89,1.0,0.06,0.0,0.0,0.4,0.4,0.4
847414184774568484471,2025,Finnie-Compher-Kane,DET,line,5on5,5,2348.0,18.0,0.38,0.42,0.43,20.58,1.43,1.23,5.57,0.65,11.08,8.06,1.42,1.39,1.38,20.0,8.0,7.0,35.0,1.0,0.0,0.0,13.0,0.0,7.0,7.0,19.0,27.0,1.0,2.0,23.0,21.0,2.0,15.0,22.0,4.0,2.0,0.52,0.48,0.43,0.0,0.0,1.0,34.23,28.0,27.29,6.0,0.26,0.0,0.0,1.68,1.64,1.63,26.08,2.35,1.8,6.24,0.85,15.06,10.7,2.27,2.36,2.27,23.0,14.0,12.0,49.0,2.0,2.0,0.0,4.0,0.0,15.0,14.0,21.0,35.0,5.0,10.0,20.0,22.0,3.0,10.0,27.0,7.0,3.0,0.87,0.85,0.64,1.0,1.0,0.0,48.55,37.0,36.61,6.0,0.37,0.43,0.43,2.29,2.29,2.27
847794984794208480802,2025,Mcleod-Thompson-Tuch,BUF,line,5on5,7,2229.0,67.0,0.59,0.46,0.46,18.13,1.96,1.08,4.14,0.55,9.09,7.18,1.93,1.98,1.96,18.0,6.0,6.0,30.0,4.0,2.0,2.0,3.0,0.0,7.0,8.0,14.0,20.0,1.0,2.0,22.0,7.0,3.0,23.0,15.0,7.0,2.0,0.43,0.88,0.65,1.0,2.0,1.0,29.75,24.0,23.7,9.0,0.22,0.56,0.56,1.61,1.64,1.63,20.42,1.34,1.23,5.59,0.64,11.29,7.92,1.3,1.32,1.28,16.0,12.0,7.0,35.0,3.0,2.0,1.0,4.0,0.0,9.0,10.0,13.0,25.0,2.0,4.0,28.0,14.0,3.0,15.0,23.0,5.0,0.0,0.58,0.76,0.0,1.0,2.0,0.0,35.41,28.0,28.37,7.0,0.25,0.35,0.35,1.24,1.22,1.21
84801968480839,2025,Dahlin-Bryson,BUF,pairing,5on5,14,1129.0,115.0,0.7,0.55,0.55,7.37,0.45,0.51,1.95,0.31,4.48,3.31,0.45,0.46,0.46,6.0,5.0,6.0,17.0,0.0,0.0,0.0,2.0,0.0,6.0,3.0,6.0,11.0,0.0,0.0,8.0,3.0,3.0,9.0,11.0,0.0,0.0,0.45,0.0,0.0,0.0,0.0,0.0,17.31,11.0,11.18,5.0,0.1,0.0,0.0,0.55,0.56,0.56,6.51,0.2,0.31,1.77,0.21,3.82,2.7,0.2,0.2,0.2,7.0,2.0,5.0,14.0,0.0,0.0,0.0,2.0,0.0,5.0,2.0,7.0,9.0,2.0,4.0,6.0,5.0,1.0,6.0,9.0,0.0,0.0,0.2,0.0,0.0,0.0,0.0,0.0,14.32,9.0,9.05,4.0,0.06,0.0,0.0,0.26,0.26,0.26
847342284779878481624,2025,Donato-Foligno-Mikheyev,CHI,line,5on5,5,767.0,61.0,0.69,0.64,0.63,8.75,0.77,0.54,2.28,0.28,4.75,3.37,0.76,0.73,0.72,4.0,8.0,4.0,16.0,0.0,1.0,0.0,1.0,0.0,4.0,6.0,4.0,12.0,2.0,7.0,6.0,5.0,0.0,6.0,10.0,0.0,2.0,0.16,0.0,0.61,0.0,0.0,0.0,15.63,12.0,11.73,4.0,0.11,0.37,0.37,0.52,0.49,0.49,5.44,0.35,0.27,1.32,0.16,2.61,2.29,0.35,0.34,0.34,3.0,4.0,2.0,9.0,0.0,0.0,0.0,2.0,0.0,1.0,4.0,3.0,7.0,3.0,11.0,7.0,2.0,2.0,5.0,6.0,0.0,1.0,0.14,0.0,0.2,0.0,0.0,0.0,9.12,7.0,7.05,3.0,0.06,0.0,0.0,0.41,0.4,0.4
84785078484386,2025,Simashev-Marino,UTA,pairing,5on5,22,2071.0,207.0,0.34,0.46,0.38,8.96,0.68,0.57,2.28,0.36,5.9,4.21,0.67,0.69,0.68,7.0,7.0,10.0,24.0,0.0,0.0,0.0,3.0,0.0,7.0,4.0,7.0,14.0,2.0,4.0,5.0,11.0,2.0,8.0,13.0,1.0,0.0,0.5,0.18,0.0,0.0,0.0,0.0,24.35,14.0,14.25,4.0,0.12,0.0,0.0,0.79,0.81,0.8,16.51,1.29,0.95,4.59,0.53,9.09,6.54,1.28,1.28,1.27,17.0,6.0,5.0,28.0,2.0,1.0,1.0,1.0,0.0,9.0,10.0,15.0,21.0,2.0,4.0,13.0,12.0,4.0,9.0,16.0,7.0,0.0,0.52,0.77,0.0,0.0,2.0,0.0,27.92,23.0,22.69,7.0,0.2,0.12,0.12,1.37,1.36,1.35
847410284820928482116,2025,Perron-Sttzle-Greig,OTT,line,5on5,4,728.0,26.0,0.55,0.52,0.62,5.97,0.24,0.29,1.51,0.18,3.35,2.41,0.24,0.26,0.26,4.0,4.0,3.0,11.0,1.0,0.0,0.0,2.0,0.0,3.0,2.0,3.0,7.0,1.0,2.0,6.0,5.0,1.0,3.0,8.0,0.0,0.0,0.24,0.0,0.0,1.0,0.0,0.0,11.57,8.0,8.48,1.0,0.06,0.0,0.0,0.3,0.32,0.32,3.42,0.2,0.21,0.83,0.11,2.12,1.53,0.2,0.19,0.19,4.0,1.0,5.0,10.0,0.0,0.0,0.0,2.0,0.0,2.0,1.0,4.0,5.0,0.0,0.0,6.0,10.0,1.0,3.0,4.0,1.0,0.0,0.09,0.11,0.0,0.0,0.0,0.0,9.58,5.0,4.89,1.0,0.04,0.0,0.0,0.24,0.23,0.23
84763728482142,2025,Seeler-Drysdale,PHI,pairing,5on5,36,15217.0,182.0,0.55,0.54,0.54,129.05,11.04,8.69,33.03,4.44,70.48,50.32,10.59,10.93,10.48,110.0,68.0,76.0,254.0,7.0,9.0,0.0,19.0,0.0,72.0,71.0,103.0,171.0,14.0,28.0,102.0,99.0,24.0,53.0,129.0,40.0,9.0,3.44,5.24,2.35,3.0,2.0,2.0,250.63,178.0,175.5,24.0,1.81,1.35,1.35,11.5,11.39,11.06,112.23,9.12,6.91,28.45,3.55,60.31,44.67,8.86,9.43,9.16,103.0,50.0,64.0,217.0,14.0,7.0,1.0,29.0,0.0,48.0,55.0,89.0,139.0,13.0,26.0,107.0,73.0,12.0,57.0,123.0,22.0,8.0,3.74,2.92,2.45,8.0,5.0,1.0,224.04,153.0,158.16,24.0,1.42,1.84,1.84,8.7,8.94,8.78
847528784765398476887,2025,Forsberg-Haula-Marchessault,NSH,line,5on5,13,2029.0,146.0,0.4,0.47,0.49,17.8,0.96,1.0,4.37,0.58,10.12,7.97,0.96,1.0,0.99,13.0,12.0,4.0,29.0,1.0,1.0,0.0,1.0,0.0,11.0,11.0,12.0,24.0,3.0,6.0,22.0,15.0,2.0,10.0,22.0,2.0,1.0,0.55,0.2,0.21,0.0,0.0,1.0,30.04,25.0,25.67,4.0,0.2,0.08,0.08,1.09,1.13,1.12,18.95,1.46,1.17,4.89,0.62,10.5,7.36,1.45,1.48,1.47,21.0,5.0,7.0,33.0,2.0,1.0,0.0,8.0,0.0,7.0,8.0,19.0,24.0,1.0,2.0,25.0,11.0,4.0,13.0,19.0,7.0,0.0,0.59,0.87,0.0,1.0,1.0,0.0,33.1,26.0,26.1,9.0,0.24,0.04,0.04,1.67,1.69,1.68
847931684793938483433,2025,Kunin-Gregor-Devine,FLA,line,5on5,6,2253.0,24.0,0.49,0.53,0.53,20.47,1.29,1.34,5.7,0.73,11.08,7.86,1.26,1.22,1.2,17.0,11.0,12.0,40.0,0.0,3.0,0.0,5.0,0.0,13.0,7.0,17.0,28.0,1.0,2.0,17.0,25.0,1.0,6.0,24.0,3.0,1.0,0.7,0.35,0.24,0.0,0.0,0.0,37.95,28.0,26.97,1.0,0.27,0.34,0.34,1.23,1.18,1.16,18.15,1.33,1.19,4.6,0.58,10.24,7.06,1.28,1.34,1.29,17.0,8.0,11.0,36.0,2.0,2.0,1.0,4.0,0.0,12.0,5.0,15.0,23.0,1.0,2.0,18.0,27.0,1.0,8.0,21.0,2.0,2.0,0.59,0.25,0.49,1.0,0.0,1.0,37.17,25.0,25.5,3.0,0.24,0.49,0.49,1.08,1.09,1.08
84770188480727,2025,Hutton-Whitecloud,VGK,pairing,5on5,24,8589.0,123.0,0.47,0.53,0.51,76.57,6.32,5.07,19.44,2.6,40.61,29.96,6.13,6.4,6.22,69.0,35.0,51.0,155.0,9.0,7.0,2.0,23.0,0.0,33.0,32.0,60.0,95.0,11.0,23.0,72.0,58.0,7.0,40.0,78.0,21.0,5.0,2.15,2.71,1.46,4.0,5.0,0.0,155.56,104.0,104.38,19.0,1.06,1.28,1.28,6.09,6.15,6.06,73.27,7.18,4.68,18.57,2.4,37.83,27.34,6.92,7.2,6.94,67.0,31.0,37.0,135.0,8.0,9.0,5.0,21.0,0.0,27.0,33.0,59.0,90.0,11.0,25.0,46.0,79.0,11.0,38.0,68.0,23.0,7.0,1.93,3.18,2.07,1.0,3.0,4.0,136.13,98.0,98.69,19.0,0.98,2.16,2.16,6.0,5.98,5.83
84763318480049,2025,Samberg-Demelo,WPG,pairing,5on5,21,4320.0,126.0,0.62,0.59,0.63,44.75,4.74,2.92,10.51,1.4,22.42,18.01,4.33,4.76,4.35,47.0,13.0,17.0,77.0,5.0,5.0,1.0,9.0,0.0,24.0,17.0,42.0,55.0,4.0,8.0,36.0,39.0,9.0,16.0,41.0,14.0,5.0,1.06,1.87,1.8,1.0,3.0,1.0,76.27,60.0,59.76,9.0,0.61,1.73,1.73,3.62,3.6,3.48,26.14,2.9,1.8,6.88,0.82,12.91,9.7,2.52,3.02,2.61,24.0,11.0,19.0,54.0,2.0,6.0,0.0,7.0,0.0,10.0,10.0,22.0,33.0,3.0,6.0,27.0,26.0,3.0,18.0,23.0,6.0,6.0,0.64,0.66,1.61,2.0,0.0,0.0,54.81,35.0,35.86,7.0,0.38,1.46,1.46,1.81,1.88,1.82
847522084769948478508,2025,Foligno-Trenin-Hinostroza,MIN,line,5on5,2,926.0,7.0,0.4,0.41,0.37,4.95,0.3,0.31,1.3,0.16,2.86,2.07,0.29,0.32,0.31,3.0,4.0,4.0,11.0,0.0,1.0,0.0,0.0,0.0,5.0,1.0,3.0,7.0,1.0,2.0,4.0,13.0,2.0,8.0,6.0,1.0,0.0,0.17,0.13,0.0,0.0,0.0,0.0,12.07,7.0,7.53,5.0,0.06,0.13,0.13,0.24,0.24,0.23,8.58,0.44,0.5,2.23,0.27,4.94,3.63,0.43,0.44,0.43,8.0,4.0,4.0,16.0,0.0,2.0,0.0,1.0,0.0,5.0,4.0,8.0,12.0,1.0,4.0,9.0,5.0,1.0,3.0,11.0,1.0,0.0,0.31,0.13,0.0,0.0,0.0,0.0,15.03,12.0,11.35,2.0,0.1,0.17,0.03,0.51,0.5,0.49
84773658478854,2025,Shea-Clifton,PIT,pairing,5on5,5,1030.0,37.0,0.35,0.53,0.45,6.76,0.5,0.47,1.58,0.19,3.61,2.66,0.49,0.49,0.49,7.0,2.0,7.0,16.0,0.0,1.0,0.0,1.0,0.0,6.0,1.0,7.0,9.0,1.0,2.0,2.0,9.0,0.0,5.0,6.0,3.0,0.0,0.17,0.33,0.0,0.0,0.0,0.0,15.36,9.0,8.76,1.0,0.09,0.11,0.11,0.48,0.48,0.47,7.92,0.93,0.48,1.91,0.23,4.38,3.07,0.92,0.94,0.93,7.0,4.0,3.0,14.0,1.0,1.0,1.0,2.0,0.0,5.0,2.0,6.0,10.0,2.0,4.0,4.0,7.0,2.0,2.0,7.0,3.0,1.0,0.17,0.34,0.42,0.0,0.0,1.0,14.24,11.0,10.97,1.0,0.1,0.42,0.42,0.6,0.59,0.59
847534384795208483573,2025,Frank-Dowd-Duhaime,WSH,line,5on5,13,3151.0,129.0,0.43,0.42,0.44,21.54,2.02,1.49,5.48,0.74,12.43,8.85,1.95,2.07,1.99,19.0,12.0,12.0,43.0,4.0,1.0,0.0,4.0,0.0,11.0,11.0,15.0,27.0,6.0,12.0,33.0,22.0,5.0,10.0,24.0,2.0,5.0,0.62,0.24,1.15,3.0,0.0,1.0,43.74,31.0,31.67,3.0,0.3,0.21,0.21,2.11,2.16,2.09,29.49,2.72,1.92,7.72,0.94,15.79,10.9,2.62,2.65,2.56,26.0,14.0,20.0,60.0,1.0,6.0,1.0,3.0,0.0,13.0,17.0,25.0,39.0,4.0,11.0,31.0,18.0,2.0,12.0,30.0,6.0,4.0,0.92,0.81,0.99,0.0,0.0,1.0,58.64,40.0,39.87,8.0,0.4,1.08,1.08,2.03,2.01,2.0
847846384820888482148,2025,Beauvillier-Sourdif-Lapierre,WSH,line,5on5,10,812.0,101.0,0.67,0.63,0.6,8.99,1.08,0.63,2.04,0.33,4.5,3.42,1.04,1.05,1.01,9.0,3.0,5.0,17.0,1.0,1.0,0.0,1.0,0.0,5.0,4.0,8.0,11.0,2.0,4.0,2.0,10.0,1.0,4.0,6.0,5.0,1.0,0.24,0.55,0.28,0.0,1.0,0.0,16.34,12.0,11.65,2.0,0.13,0.28,0.28,0.93,0.92,0.91,6.2,0.52,0.38,1.67,0.19,2.96,2.27,0.48,0.55,0.51,5.0,3.0,2.0,10.0,0.0,1.0,0.0,1.0,0.0,1.0,5.0,5.0,8.0,2.0,4.0,7.0,10.0,1.0,2.0,7.0,0.0,1.0,0.28,0.0,0.24,0.0,0.0,0.0,10.64,8.0,8.51,1.0,0.08,0.08,0.08,0.53,0.55,0.51
847647484784148480002,2025,Meier-Hischier-Noesen,NJD,line,5on5,7,1672.0,58.0,0.29,0.42,0.41,13.07,1.0,0.66,3.41,0.45,7.11,5.37,0.99,0.99,0.97,17.0,1.0,7.0,25.0,1.0,2.0,0.0,6.0,0.0,4.0,5.0,16.0,17.0,0.0,0.0,21.0,11.0,2.0,12.0,14.0,2.0,2.0,0.25,0.2,0.56,0.0,1.0,0.0,23.86,18.0,17.44,6.0,0.14,0.36,0.36,0.78,0.75,0.74,20.0,2.47,1.47,5.24,0.63,9.48,6.7,2.15,2.48,2.17,21.0,5.0,9.0,35.0,2.0,5.0,1.0,4.0,0.0,9.0,6.0,19.0,24.0,1.0,2.0,17.0,10.0,1.0,9.0,16.0,7.0,3.0,0.47,0.99,1.01,0.0,1.0,1.0,34.99,26.0,25.92,0.0,0.32,1.36,1.36,1.43,1.44,1.39
84747168482641,2025,Kiersted-Spurgeon,MIN,pairing,5on5,2,1125.0,6.0,0.31,0.48,0.5,11.76,0.79,0.76,2.84,0.38,7.24,4.98,0.78,0.82,0.8,10.0,7.0,5.0,22.0,0.0,1.0,0.0,1.0,0.0,10.0,5.0,10.0,17.0,0.0,0.0,5.0,6.0,1.0,8.0,14.0,3.0,0.0,0.45,0.34,0.0,0.0,0.0,0.0,22.74,17.0,17.62,4.0,0.15,0.08,0.08,0.87,0.9,0.89,12.94,1.72,0.91,3.18,0.4,6.07,4.72,1.5,1.66,1.45,8.0,9.0,7.0,24.0,0.0,1.0,0.0,1.0,0.0,11.0,4.0,8.0,17.0,1.0,2.0,13.0,10.0,1.0,7.0,10.0,4.0,3.0,0.4,0.5,0.82,0.0,0.0,0.0,23.16,17.0,16.51,4.0,0.19,0.2,0.2,1.71,1.64,1.48
84815638482178,2025,Moore-Helleson,ANA,pairing,5on5,10,2436.0,62.0,0.6,0.56,0.59,21.89,1.59,1.25,5.65,0.7,11.56,9.25,1.53,1.55,1.48,19.0,11.0,13.0,43.0,1.0,1.0,0.0,6.0,0.0,8.0,14.0,18.0,29.0,1.0,2.0,10.0,13.0,3.0,8.0,23.0,6.0,1.0,0.51,0.75,0.33,1.0,0.0,0.0,39.72,30.0,28.27,2.0,0.26,0.33,0.33,1.52,1.47,1.46,14.9,1.07,0.97,3.5,0.54,8.69,6.24,1.06,1.12,1.11,12.0,9.0,13.0,34.0,4.0,0.0,0.0,3.0,0.0,8.0,6.0,8.0,17.0,1.0,2.0,26.0,10.0,2.0,15.0,16.0,5.0,0.0,0.52,0.55,0.0,2.0,2.0,0.0,37.1,21.0,22.02,9.0,0.2,0.0,0.0,1.26,1.32,1.31
84794258480058,2025,Joseph-Hronek,VAN,pairing,5on5,12,1158.0,100.0,0.6,0.69,0.73,17.61,1.22,1.14,4.5,0.56,9.59,7.0,1.19,1.17,1.14,18.0,6.0,3.0,27.0,2.0,1.0,0.0,2.0,0.0,6.0,13.0,16.0,22.0,2.0,4.0,5.0,5.0,2.0,2.0,18.0,5.0,1.0,0.43,0.56,0.22,2.0,0.0,0.0,26.2,24.0,23.37,0.0,0.24,0.22,0.36,1.1,1.06,1.06,6.69,0.81,0.41,1.59,0.23,3.27,2.69,0.79,0.82,0.8,7.0,2.0,3.0,12.0,1.0,2.0,1.0,1.0,0.0,0.0,5.0,6.0,8.0,0.0,0.0,2.0,4.0,1.0,6.0,5.0,3.0,1.0,0.11,0.35,0.35,0.0,1.0,0.0,12.12,9.0,8.95,5.0,0.09,0.51,0.51,0.38,0.37,0.37
84745638476879,2025,Doughty-Ceci,LAK,pairing,5on5,20,856.0,173.0,0.69,0.6,0.63,7.79,0.99,0.43,1.76,0.22,3.65,2.95,0.97,0.98,0.96,3.0,7.0,2.0,12.0,0.0,2.0,0.0,0.0,0.0,2.0,6.0,3.0,10.0,3.0,6.0,1.0,4.0,1.0,6.0,7.0,2.0,1.0,0.17,0.31,0.51,0.0,0.0,0.0,12.19,10.0,10.17,3.0,0.09,0.64,0.51,0.57,0.57,0.57,4.52,0.45,0.23,1.06,0.12,2.23,1.92,0.45,0.43,0.43,4.0,2.0,2.0,8.0,1.0,0.0,0.0,1.0,0.0,1.0,3.0,3.0,5.0,3.0,6.0,0.0,4.0,1.0,5.0,4.0,1.0,1.0,0.13,0.1,0.21,0.0,0.0,1.0,8.0,6.0,5.91,2.0,0.05,0.0,0.0,0.49,0.48,0.48
847714984808768482090,2025,Douglas-Finley-Sabourin,TBL,line,5on5,3,1334.0,8.0,0.78,0.6,0.66,16.8,2.2,0.98,4.2,0.64,8.51,6.48,1.91,2.23,1.93,13.0,10.0,3.0,26.0,2.0,4.0,0.0,3.0,0.0,10.0,4.0,11.0,21.0,2.0,4.0,12.0,22.0,0.0,6.0,15.0,4.0,4.0,0.58,0.42,1.2,1.0,1.0,0.0,25.89,23.0,23.09,3.0,0.21,1.2,1.2,1.21,1.23,1.12,8.53,0.64,0.52,1.9,0.28,4.99,3.68,0.62,0.69,0.67,9.0,3.0,5.0,17.0,1.0,0.0,0.0,3.0,0.0,5.0,3.0,8.0,11.0,1.0,2.0,15.0,13.0,1.0,7.0,10.0,2.0,0.0,0.41,0.23,0.0,1.0,0.0,0.0,18.37,12.0,12.95,4.0,0.11,0.0,0.0,0.74,0.8,0.78
847518484788738482745,2025,Kreider-Mctavish-Terry,ANA,line,5on5,11,1757.0,90.0,0.39,0.52,0.49,17.37,1.46,1.18,4.14,0.58,10.17,7.47,1.44,1.36,1.35,17.0,8.0,13.0,38.0,2.0,0.0,0.0,1.0,0.0,11.0,11.0,15.0,23.0,0.0,0.0,12.0,8.0,3.0,8.0,17.0,8.0,0.0,0.55,0.91,0.0,1.0,1.0,0.0,35.86,25.0,23.41,3.0,0.25,0.0,0.0,1.7,1.59,1.57,20.1,2.3,1.31,4.65,0.66,9.44,7.66,2.17,2.47,2.32,21.0,5.0,9.0,35.0,3.0,3.0,1.0,5.0,0.0,6.0,9.0,18.0,23.0,1.0,2.0,20.0,9.0,2.0,13.0,16.0,8.0,2.0,0.5,1.09,0.71,1.0,2.0,0.0,37.38,26.0,27.64,4.0,0.27,0.55,0.55,2.02,2.15,2.1
847410284815288482092,2025,Perron-Cozens-Greig,OTT,line,5on5,8,3151.0,41.0,0.51,0.45,0.46,21.95,1.61,1.3,5.92,0.67,12.12,8.38,1.54,1.64,1.57,22.0,8.0,10.0,40.0,1.0,1.0,0.0,4.0,0.0,12.0,12.0,21.0,29.0,5.0,12.0,40.0,28.0,3.0,6.0,24.0,4.0,2.0,0.59,0.51,0.52,1.0,0.0,0.0,40.61,30.0,30.19,4.0,0.27,0.32,0.32,1.57,1.6,1.59,25.67,1.53,1.41,7.36,0.84,13.66,10.2,1.48,1.5,1.45,26.0,9.0,13.0,48.0,2.0,2.0,0.0,8.0,0.0,11.0,12.0,24.0,33.0,5.0,10.0,27.0,31.0,1.0,14.0,29.0,5.0,1.0,0.61,0.63,0.29,1.0,1.0,0.0,46.83,35.0,34.56,9.0,0.29,0.4,0.4,1.42,1.39,1.37
84794108484386,2025,Sergachev-Simashev,UTA,pairing,5on5,22,11635.0,81.0,0.48,0.51,0.52,100.36,9.39,6.6,25.3,3.33,51.72,37.66,9.02,9.35,9.0,93.0,41.0,39.0,173.0,4.0,14.0,0.0,20.0,0.0,50.0,46.0,89.0,130.0,15.0,33.0,103.0,60.0,14.0,66.0,90.0,34.0,10.0,2.25,4.26,2.87,3.0,1.0,0.0,171.59,134.0,132.89,28.0,1.37,2.67,2.67,8.09,8.07,7.95,91.91,10.04,6.27,23.19,3.01,46.02,33.46,9.61,10.09,9.64,76.0,46.0,47.0,169.0,8.0,12.0,0.0,18.0,0.0,46.0,38.0,68.0,114.0,16.0,35.0,115.0,81.0,15.0,50.0,77.0,34.0,11.0,2.28,4.69,3.08,3.0,4.0,1.0,170.82,122.0,123.52,23.0,1.32,2.28,2.28,9.09,9.12,8.85
84706138476312,2025,Burns-Manson,COL,pairing,5on5,38,26525.0,100.0,0.57,0.56,0.56,272.58,23.45,17.37,73.52,9.26,145.41,104.97,22.65,24.04,23.22,260.0,114.0,143.0,517.0,28.0,33.0,5.0,65.0,0.0,133.0,115.0,232.0,346.0,32.0,67.0,247.0,171.0,38.0,123.0,277.0,75.0,22.0,7.69,10.11,5.65,14.0,8.0,6.0,538.88,374.0,386.33,62.0,3.63,6.03,6.03,21.06,21.53,21.17,217.9,18.01,13.84,54.58,7.14,116.06,86.37,17.38,17.56,16.94,189.0,107.0,116.0,412.0,16.0,22.0,2.0,46.0,0.0,105.0,107.0,173.0,280.0,32.0,67.0,269.0,148.0,36.0,125.0,226.0,51.0,19.0,6.09,6.52,5.41,9.0,5.0,2.0,398.53,296.0,288.25,68.0,2.87,4.91,4.91,15.98,15.59,15.3
848422784848018484911,2025,Smith-Celebrini-Graf,SJS,line,5on5,10,2069.0,99.0,0.44,0.37,0.39,17.17,1.89,1.32,4.37,0.61,8.59,6.22,1.78,2.01,1.89,16.0,7.0,5.0,28.0,2.0,4.0,0.0,2.0,0.0,8.0,7.0,14.0,21.0,2.0,4.0,17.0,9.0,3.0,9.0,14.0,6.0,3.0,0.44,0.75,0.71,0.0,2.0,0.0,29.77,23.0,24.36,4.0,0.28,0.65,0.65,1.52,1.62,1.6,25.89,2.4,1.83,6.24,0.87,14.67,9.99,2.29,2.31,2.19,27.0,9.0,12.0,48.0,0.0,6.0,0.0,9.0,0.0,12.0,9.0,27.0,36.0,1.0,2.0,20.0,7.0,3.0,3.0,27.0,7.0,2.0,1.0,0.93,0.47,0.0,0.0,0.0,46.48,36.0,35.08,1.0,0.38,0.78,0.78,2.0,1.91,1.88
848178984827518483570,2025,Kartye-Meyers-Winterton,SEA,line,5on5,13,2647.0,90.0,0.4,0.41,0.38,17.94,1.54,1.3,4.03,0.59,10.26,7.28,1.51,1.51,1.48,18.0,7.0,12.0,37.0,3.0,1.0,0.0,6.0,0.0,6.0,9.0,15.0,22.0,2.0,4.0,14.0,20.0,3.0,10.0,19.0,5.0,1.0,0.6,0.57,0.37,1.0,2.0,0.0,37.44,25.0,25.12,6.0,0.27,0.37,0.37,1.44,1.43,1.42,28.68,2.3,1.76,6.92,0.91,16.89,12.22,2.28,2.37,2.36,27.0,14.0,12.0,53.0,6.0,0.0,0.0,6.0,0.0,17.0,12.0,21.0,35.0,1.0,2.0,17.0,16.0,4.0,15.0,34.0,5.0,2.0,0.88,0.79,0.63,2.0,3.0,1.0,53.2,41.0,41.4,8.0,0.36,0.0,0.0,2.65,2.73,2.72
847791984817898483497,2025,Kartye-Gaudreau-Nyman,SEA,line,5on5,7,2310.0,30.0,0.31,0.35,0.39,13.51,0.88,0.88,3.8,0.53,8.23,5.7,0.87,0.88,0.87,12.0,8.0,8.0,28.0,1.0,0.0,0.0,2.0,0.0,8.0,9.0,11.0,19.0,1.0,2.0,20.0,30.0,6.0,7.0,15.0,5.0,0.0,0.41,0.46,0.0,0.0,1.0,0.0,28.48,20.0,20.37,4.0,0.18,0.0,0.0,1.06,1.07,1.05,22.43,1.92,1.43,6.08,0.77,12.09,8.71,1.88,1.94,1.89,20.0,11.0,20.0,51.0,0.0,2.0,0.0,6.0,0.0,15.0,8.0,20.0,31.0,4.0,8.0,23.0,17.0,2.0,9.0,21.0,8.0,2.0,0.53,0.98,0.42,0.0,0.0,0.0,50.78,31.0,31.01,3.0,0.3,0.25,0.25,1.97,1.98,1.93
84752798482762,2025,Edvinsson-Chiarot,DET,pairing,5on5,33,2230.0,229.0,0.62,0.54,0.52,20.45,2.31,1.24,5.02,0.66,9.87,7.91,2.16,2.23,2.09,17.0,10.0,8.0,35.0,0.0,2.0,0.0,4.0,0.0,8.0,13.0,17.0,27.0,2.0,4.0,0.0,10.0,1.0,5.0,17.0,6.0,4.0,0.52,0.66,1.13,0.0,0.0,0.0,33.86,27.0,26.18,2.0,0.26,0.65,0.65,1.92,1.84,1.78,17.34,1.43,1.15,4.07,0.61,10.14,7.6,1.41,1.46,1.44,19.0,6.0,5.0,30.0,3.0,1.0,0.0,4.0,0.0,7.0,10.0,16.0,22.0,0.0,0.0,0.0,14.0,0.0,13.0,19.0,5.0,1.0,0.62,0.59,0.22,2.0,0.0,1.0,30.46,25.0,25.33,6.0,0.23,0.01,0.01,1.65,1.68,1.66
84745748484798,2025,Buium-Myers,VAN,pairing,5on5,8,4110.0,27.0,0.57,0.53,0.54,36.97,2.98,2.16,10.04,1.27,19.59,14.97,2.91,3.15,3.07,33.0,18.0,19.0,70.0,3.0,3.0,0.0,7.0,0.0,17.0,21.0,30.0,48.0,4.0,8.0,40.0,20.0,7.0,17.0,38.0,9.0,4.0,0.9,1.04,1.04,1.0,2.0,0.0,75.4,51.0,54.86,6.0,0.45,0.7,0.7,2.73,2.87,2.85,31.04,2.22,1.85,7.84,0.97,17.31,12.81,2.21,2.12,2.11,27.0,16.0,18.0,61.0,1.0,1.0,0.0,7.0,0.0,17.0,17.0,26.0,42.0,9.0,18.0,27.0,24.0,6.0,26.0,34.0,7.0,2.0,0.76,0.84,0.62,1.0,0.0,0.0,59.13,43.0,41.88,13.0,0.38,0.39,0.39,2.22,2.14,2.12
847689784796448480281,2025,Toropchenko-Sundqvist-Luff,STL,line,5on5,2,647.0,9.0,0.38,0.68,0.65,8.06,0.31,0.49,2.15,0.29,4.34,3.42,0.3,0.29,0.28,7.0,4.0,2.0,13.0,0.0,0.0,0.0,1.0,0.0,7.0,3.0,7.0,11.0,2.0,4.0,1.0,5.0,0.0,2.0,11.0,0.0,0.0,0.31,0.0,0.0,0.0,0.0,0.0,11.67,11.0,10.02,1.0,0.1,0.0,0.0,0.41,0.38,0.37,4.71,0.5,0.28,1.11,0.13,1.95,2.03,0.49,0.57,0.55,3.0,3.0,0.0,6.0,0.0,1.0,0.0,0.0,0.0,2.0,3.0,3.0,6.0,0.0,0.0,5.0,7.0,2.0,2.0,5.0,0.0,1.0,0.16,0.0,0.34,0.0,0.0,0.0,6.75,6.0,6.63,0.0,0.06,0.34,0.34,0.22,0.24,0.24
84751818475200,2025,Orlov-Leddy,SJS,pairing,5on5,9,2175.0,51.0,0.34,0.4,0.39,9.38,0.56,0.73,2.29,0.36,5.39,3.67,0.55,0.57,0.55,10.0,3.0,5.0,18.0,1.0,1.0,0.0,0.0,0.0,5.0,6.0,9.0,12.0,4.0,8.0,17.0,19.0,3.0,15.0,10.0,3.0,0.0,0.26,0.3,0.0,1.0,0.0,0.0,18.46,13.0,13.27,3.0,0.15,0.09,0.09,0.62,0.62,0.62,14.84,1.07,0.99,3.52,0.45,8.2,5.77,1.06,1.08,1.07,11.0,9.0,7.0,27.0,0.0,1.0,0.0,2.0,0.0,6.0,11.0,11.0,20.0,1.0,2.0,16.0,11.0,4.0,11.0,14.0,6.0,0.0,0.37,0.7,0.0,0.0,0.0,0.0,26.99,20.0,20.12,6.0,0.2,0.15,0.15,1.12,1.13,1.13
847579484762788477454,2025,Erne-Seguin-Blackwell,DAL,line,5on5,3,1098.0,9.0,0.5,0.34,0.35,5.77,0.45,0.35,1.39,0.2,3.24,2.37,0.44,0.41,0.41,6.0,2.0,3.0,11.0,1.0,0.0,0.0,2.0,0.0,3.0,2.0,5.0,7.0,2.0,4.0,11.0,13.0,1.0,6.0,6.0,2.0,0.0,0.19,0.26,0.0,1.0,0.0,0.0,10.38,8.0,7.49,4.0,0.07,0.0,0.0,0.52,0.48,0.47,10.62,0.44,0.51,2.82,0.35,6.21,4.67,0.44,0.48,0.48,6.0,9.0,6.0,21.0,0.0,0.0,0.0,1.0,0.0,7.0,7.0,6.0,15.0,1.0,2.0,11.0,8.0,1.0,7.0,15.0,0.0,0.0,0.44,0.0,0.0,0.0,0.0,0.0,22.53,15.0,16.16,3.0,0.1,0.0,0.0,0.54,0.59,0.59
84793248479985,2025,Lindgren-Fleury,SEA,pairing,5on5,8,4249.0,34.0,0.41,0.5,0.49,34.71,2.76,2.12,8.73,1.18,19.22,13.98,2.68,2.77,2.69,31.0,17.0,20.0,68.0,3.0,1.0,0.0,5.0,0.0,21.0,18.0,28.0,45.0,7.0,20.0,25.0,25.0,5.0,19.0,36.0,10.0,2.0,0.99,1.33,0.44,0.0,3.0,0.0,68.65,48.0,48.65,6.0,0.44,0.23,0.23,2.97,2.99,2.9,37.42,3.99,2.5,10.06,1.2,18.64,13.6,3.71,3.92,3.64,36.0,14.0,19.0,69.0,1.0,7.0,0.0,9.0,0.0,16.0,17.0,35.0,49.0,5.0,16.0,39.0,34.0,6.0,19.0,38.0,6.0,6.0,1.16,0.92,1.91,0.0,1.0,0.0,67.56,50.0,49.32,12.0,0.53,2.09,2.09,2.43,2.41,2.35
84769028480878,2025,Lindell-Lundkvist,DAL,pairing,5on5,12,1325.0,93.0,0.09,0.22,0.19,2.03,0.11,0.13,0.45,0.06,1.35,0.89,0.11,0.11,0.11,2.0,1.0,4.0,7.0,0.0,0.0,0.0,1.0,0.0,1.0,1.0,2.0,3.0,0.0,0.0,11.0,6.0,0.0,5.0,3.0,0.0,0.0,0.11,0.0,0.0,0.0,0.0,0.0,6.74,3.0,2.98,4.0,0.02,0.0,0.0,0.14,0.13,0.13,9.85,1.19,0.66,2.52,0.31,4.91,3.42,1.09,1.19,1.08,10.0,3.0,12.0,25.0,1.0,1.0,0.0,1.0,0.0,4.0,6.0,9.0,12.0,0.0,0.0,11.0,12.0,1.0,5.0,8.0,3.0,2.0,0.19,0.35,0.64,1.0,0.0,0.0,23.87,13.0,12.97,2.0,0.14,0.4,0.4,0.93,0.92,0.91
847688084784408481580,2025,Mcmichael-Strome-Wilson,WSH,line,5on5,6,736.0,48.0,0.31,0.5,0.5,4.88,0.25,0.25,1.0,0.18,2.55,2.77,0.24,0.26,0.26,6.0,1.0,2.0,9.0,0.0,0.0,0.0,0.0,0.0,3.0,4.0,6.0,7.0,0.0,0.0,9.0,4.0,1.0,4.0,6.0,1.0,0.0,0.13,0.11,0.0,0.0,0.0,0.0,9.03,7.0,7.28,3.0,0.05,0.0,0.0,0.3,0.31,0.31,5.1,0.54,0.34,0.99,0.14,2.86,2.13,0.54,0.52,0.52,7.0,0.0,2.0,9.0,3.0,0.0,0.0,0.0,0.0,3.0,1.0,4.0,4.0,0.0,0.0,4.0,4.0,0.0,0.0,4.0,2.0,1.0,0.07,0.21,0.25,1.0,2.0,0.0,9.12,7.0,7.08,0.0,0.07,0.0,0.0,0.61,0.59,0.59
847517284764568482679,2025,Huberdeau-Kadri-Coronato,CGY,line,5on5,19,1750.0,191.0,0.44,0.45,0.33,10.66,1.76,0.79,2.85,0.39,4.14,3.06,1.63,1.73,1.6,10.0,3.0,13.0,26.0,0.0,4.0,0.0,1.0,0.0,3.0,5.0,10.0,13.0,3.0,6.0,13.0,10.0,1.0,7.0,5.0,3.0,5.0,0.16,0.29,1.31,0.0,0.0,0.0,25.12,13.0,12.45,2.0,0.17,1.02,1.02,0.92,0.9,0.89,19.55,2.22,1.27,4.62,0.66,9.62,7.62,2.13,2.2,2.12,22.0,4.0,6.0,32.0,3.0,4.0,0.0,4.0,0.0,6.0,9.0,19.0,23.0,4.0,8.0,17.0,13.0,8.0,7.0,18.0,3.0,5.0,0.59,0.44,1.18,1.0,1.0,1.0,32.84,26.0,26.34,5.0,0.27,0.84,0.84,1.65,1.64,1.61
84764678479372,2025,Oleksiak-Mahura,SEA,pairing,5on5,17,9115.0,60.0,0.35,0.38,0.38,49.33,3.3,3.02,12.55,1.62,28.19,20.33,3.26,3.34,3.3,43.0,26.0,32.0,101.0,9.0,2.0,1.0,9.0,0.0,18.0,31.0,34.0,60.0,7.0,14.0,66.0,73.0,7.0,53.0,56.0,12.0,1.0,1.62,1.43,0.25,6.0,2.0,1.0,101.93,69.0,70.34,33.0,0.62,0.35,0.35,3.56,3.61,3.59,81.12,6.07,5.2,21.62,2.79,45.13,32.19,5.98,6.06,5.97,76.0,37.0,55.0,168.0,2.0,8.0,1.0,18.0,0.0,42.0,43.0,74.0,111.0,11.0,22.0,83.0,61.0,12.0,45.0,91.0,16.0,6.0,2.43,2.03,1.6,0.0,0.0,2.0,169.31,113.0,113.57,18.0,1.08,0.98,0.98,6.16,6.13,6.08
847810984795258480039,2025,Olofsson-Colton-Necas,COL,line,5on5,3,611.0,29.0,0.35,0.55,0.56,6.86,0.28,0.34,1.77,0.21,3.54,2.85,0.28,0.29,0.29,5.0,4.0,3.0,12.0,0.0,0.0,0.0,2.0,0.0,2.0,5.0,5.0,9.0,1.0,2.0,3.0,3.0,2.0,3.0,8.0,1.0,0.0,0.19,0.1,0.0,0.0,0.0,0.0,12.72,9.0,9.41,3.0,0.07,0.0,0.0,0.35,0.36,0.36,5.28,0.52,0.45,1.17,0.17,2.69,1.99,0.51,0.52,0.51,4.0,3.0,3.0,10.0,1.0,1.0,0.0,1.0,0.0,2.0,2.0,3.0,6.0,0.0,0.0,7.0,4.0,0.0,0.0,4.0,3.0,0.0,0.1,0.42,0.0,0.0,1.0,0.0,9.59,7.0,6.74,0.0,0.09,0.17,0.17,0.45,0.45,0.44
847464184774068479365,2025,Janmark-Henrique-Frederic,EDM,line,5on5,10,2095.0,88.0,0.31,0.39,0.4,12.98,0.98,0.73,4.02,0.45,5.95,4.87,0.95,0.99,0.96,10.0,7.0,6.0,23.0,0.0,2.0,0.0,2.0,0.0,8.0,5.0,10.0,17.0,3.0,6.0,12.0,12.0,3.0,9.0,13.0,3.0,1.0,0.34,0.44,0.2,0.0,0.0,0.0,23.18,17.0,17.14,4.0,0.15,0.22,0.22,0.91,0.94,0.93,17.76,2.18,1.3,4.43,0.63,9.5,6.95,2.07,2.09,1.99,16.0,9.0,11.0,36.0,3.0,2.0,0.0,4.0,0.0,7.0,9.0,13.0,22.0,1.0,2.0,16.0,19.0,4.0,11.0,13.0,10.0,2.0,0.42,1.16,0.6,1.0,2.0,0.0,35.18,25.0,24.35,6.0,0.27,0.6,0.6,1.86,1.79,1.77
84768538477541,2025,Rielly-Mermis,TOR,pairing,5on5,8,619.0,60.0,0.65,0.52,0.5,8.44,1.1,0.46,2.37,0.3,3.86,2.91,1.09,1.14,1.13,6.0,5.0,2.0,13.0,1.0,1.0,0.0,3.0,0.0,3.0,3.0,5.0,10.0,2.0,4.0,2.0,5.0,0.0,2.0,7.0,2.0,2.0,0.25,0.17,0.68,1.0,0.0,0.0,13.78,11.0,11.63,1.0,0.1,0.37,0.37,0.83,0.87,0.87,7.67,0.6,0.53,1.69,0.25,4.58,3.36,0.59,0.54,0.53,6.0,5.0,1.0,12.0,0.0,0.0,0.0,1.0,0.0,5.0,5.0,6.0,11.0,1.0,2.0,2.0,3.0,0.0,3.0,9.0,2.0,0.0,0.29,0.3,0.0,0.0,0.0,0.0,10.98,11.0,10.11,1.0,0.11,0.0,0.0,0.7,0.64,0.62
84826848483429,2025,Hughes-Casey,NJD,pairing,5on5,2,1083.0,11.0,0.12,0.43,0.24,3.12,0.12,0.19,0.97,0.09,1.58,1.04,0.12,0.12,0.12,3.0,1.0,9.0,13.0,0.0,0.0,0.0,0.0,0.0,4.0,0.0,3.0,4.0,0.0,0.0,10.0,5.0,2.0,8.0,4.0,0.0,0.0,0.12,0.0,0.0,0.0,0.0,0.0,12.04,4.0,3.84,3.0,0.04,0.0,0.0,0.17,0.17,0.15,9.48,0.88,0.56,2.58,0.34,5.0,3.64,0.87,0.9,0.89,11.0,2.0,4.0,17.0,1.0,1.0,0.0,2.0,0.0,4.0,5.0,10.0,12.0,0.0,0.0,10.0,6.0,0.0,4.0,9.0,3.0,1.0,0.22,0.4,0.27,0.0,0.0,1.0,18.43,13.0,13.61,3.0,0.12,0.12,0.12,0.88,0.9,0.89
84740138480434,2025,Cole-Durzi,UTA,pairing,5on5,15,1718.0,113.0,0.53,0.46,0.58,9.95,0.99,0.65,2.53,0.32,5.45,4.07,0.95,0.97,0.93,8.0,6.0,5.0,19.0,1.0,2.0,1.0,2.0,0.0,6.0,3.0,7.0,13.0,3.0,6.0,11.0,13.0,1.0,9.0,11.0,2.0,1.0,0.41,0.31,0.27,0.0,0.0,1.0,19.41,14.0,14.06,4.0,0.14,0.43,0.43,0.69,0.7,0.7,7.31,0.9,0.44,1.82,0.25,3.79,2.8,0.87,0.9,0.87,7.0,3.0,12.0,22.0,0.0,2.0,0.0,3.0,0.0,3.0,2.0,7.0,10.0,2.0,4.0,9.0,10.0,6.0,11.0,6.0,4.0,0.0,0.22,0.67,0.0,0.0,0.0,0.0,22.38,10.0,10.12,7.0,0.09,0.2,0.2,0.79,0.79,0.79
847646984779988482124,2025,Foegele-Byfield-Armia,LAK,line,5on5,8,840.0,116.0,0.41,0.43,0.41,7.04,0.71,0.44,1.8,0.24,3.09,2.72,0.62,0.71,0.62,5.0,4.0,3.0,12.0,0.0,2.0,0.0,1.0,0.0,2.0,4.0,5.0,9.0,2.0,4.0,3.0,2.0,2.0,5.0,7.0,0.0,2.0,0.16,0.0,0.55,0.0,0.0,0.0,12.2,9.0,9.35,2.0,0.1,0.55,0.55,0.26,0.26,0.24,9.79,1.03,0.72,2.37,0.37,4.98,3.53,0.93,1.07,0.97,8.0,5.0,3.0,16.0,1.0,2.0,0.0,0.0,0.0,5.0,5.0,7.0,12.0,2.0,4.0,8.0,9.0,1.0,1.0,10.0,2.0,1.0,0.43,0.32,0.28,1.0,0.0,0.0,16.48,13.0,13.29,1.0,0.15,0.45,0.45,0.73,0.76,0.74
84769068478970,2025,Gostisbehere-Chatfield,CAR,pairing,5on5,19,11405.0,80.0,0.49,0.58,0.56,111.0,8.35,6.7,29.3,3.79,62.01,43.86,8.11,8.29,8.05,95.0,59.0,51.0,205.0,12.0,4.0,1.0,35.0,0.0,56.0,47.0,83.0,142.0,13.0,29.0,106.0,59.0,20.0,52.0,125.0,25.0,4.0,3.85,3.25,1.25,5.0,7.0,0.0,204.26,154.0,152.9,23.0,1.39,0.84,0.84,8.9,8.77,8.64,90.97,8.78,6.25,22.36,3.02,46.54,35.06,8.26,9.01,8.46,64.0,58.0,26.0,148.0,8.0,14.0,1.0,16.0,1.0,37.0,46.0,56.0,114.0,13.0,29.0,104.0,79.0,14.0,56.0,82.0,30.0,10.0,2.08,3.87,2.82,2.0,5.0,1.0,150.71,122.0,124.59,34.0,1.32,2.58,2.58,7.51,7.76,7.56
847403784774568479992,2025,Van Riemsdyk-Compher-Rasmussen,DET,line,5on5,12,5822.0,53.0,0.48,0.38,0.43,44.88,4.34,2.89,10.84,1.46,23.97,17.51,4.15,4.51,4.3,38.0,23.0,18.0,79.0,3.0,4.0,1.0,7.0,0.0,17.0,30.0,35.0,58.0,1.0,2.0,58.0,22.0,12.0,32.0,42.0,16.0,3.0,1.27,2.12,0.96,0.0,2.0,1.0,82.44,61.0,62.74,15.0,0.61,0.83,0.83,4.11,4.26,4.17,60.23,4.69,3.86,15.23,1.86,32.69,23.66,4.49,4.59,4.39,52.0,30.0,46.0,128.0,3.0,4.0,0.0,10.0,0.0,32.0,33.0,49.0,79.0,6.0,12.0,50.0,49.0,4.0,21.0,64.0,13.0,5.0,1.78,1.73,1.17,2.0,1.0,0.0,123.33,82.0,78.69,8.0,0.8,0.9,0.9,4.59,4.46,4.33
84765258479378,2025,Stanley-Miller,WPG,pairing,5on5,11,5822.0,42.0,0.39,0.49,0.49,39.74,3.03,2.5,9.83,1.27,22.63,16.75,2.78,3.18,2.91,38.0,18.0,23.0,79.0,1.0,2.0,0.0,13.0,1.0,12.0,27.0,37.0,55.0,10.0,26.0,40.0,50.0,5.0,22.0,46.0,8.0,2.0,1.14,1.03,0.86,1.0,0.0,0.0,79.67,56.0,56.9,16.0,0.52,0.86,0.86,2.69,2.77,2.74,43.9,4.65,3.07,10.29,1.37,23.02,16.61,4.52,4.58,4.46,48.0,11.0,24.0,83.0,7.0,4.0,1.0,9.0,0.0,21.0,18.0,41.0,52.0,9.0,24.0,43.0,38.0,6.0,20.0,38.0,15.0,6.0,1.3,1.85,1.51,4.0,2.0,1.0,83.86,59.0,58.79,11.0,0.64,0.91,0.91,4.38,4.3,4.25
847517084793858484230,2025,Stenberg-Schenn-Kyrou,STL,line,5on5,2,810.0,5.0,0.67,0.41,0.44,8.94,1.09,0.66,2.04,0.29,4.62,3.29,1.04,1.09,1.03,7.0,5.0,2.0,14.0,1.0,2.0,0.0,2.0,0.0,2.0,5.0,6.0,11.0,1.0,2.0,7.0,5.0,1.0,5.0,7.0,4.0,1.0,0.3,0.5,0.3,1.0,0.0,0.0,14.14,12.0,12.26,5.0,0.14,0.47,0.47,0.76,0.75,0.74,11.2,0.55,0.66,2.98,0.38,6.08,4.35,0.53,0.57,0.55,10.0,5.0,5.0,20.0,1.0,1.0,0.0,1.0,0.0,9.0,3.0,9.0,14.0,0.0,0.0,7.0,3.0,0.0,2.0,13.0,1.0,1.0,0.26,0.08,0.2,0.0,1.0,0.0,19.72,15.0,14.79,1.0,0.13,0.02,0.02,0.66,0.69,0.67
847643284808938484166,2025,Jenner-Fantilli-Marchenko,CBJ,line,5on5,19,1530.0,187.0,0.39,0.39,0.4,12.01,1.09,0.78,2.6,0.34,6.45,4.75,1.08,1.07,1.06,12.0,4.0,7.0,23.0,0.0,0.0,0.0,4.0,0.0,4.0,8.0,12.0,16.0,0.0,0.0,11.0,8.0,5.0,9.0,10.0,5.0,1.0,0.23,0.58,0.28,0.0,0.0,0.0,22.61,16.0,15.68,4.0,0.16,0.0,0.0,1.25,1.22,1.21,17.08,1.73,1.02,4.41,0.57,9.25,7.02,1.72,1.74,1.73,17.0,7.0,12.0,36.0,1.0,2.0,0.0,5.0,0.0,10.0,6.0,16.0,23.0,2.0,4.0,9.0,6.0,2.0,4.0,19.0,3.0,2.0,0.47,0.38,0.89,0.0,0.0,1.0,35.99,24.0,23.95,0.0,0.21,0.6,0.6,1.34,1.32,1.32
847889184799928481725,2025,Soderblom-Rasmussen-Appleton,DET,line,5on5,8,1426.0,47.0,0.38,0.5,0.42,10.13,0.64,0.68,2.54,0.32,5.75,4.07,0.64,0.61,0.61,4.0,10.0,9.0,23.0,0.0,0.0,0.0,0.0,0.0,7.0,7.0,4.0,14.0,2.0,4.0,10.0,12.0,0.0,5.0,12.0,2.0,0.0,0.38,0.25,0.0,0.0,0.0,0.0,21.4,14.0,13.22,0.0,0.14,0.0,0.0,0.78,0.74,0.74,13.3,1.02,1.02,2.94,0.47,7.72,5.84,1.01,1.06,1.05,14.0,5.0,4.0,23.0,3.0,2.0,0.0,6.0,0.0,4.0,4.0,11.0,16.0,1.0,2.0,7.0,5.0,2.0,5.0,15.0,3.0,1.0,0.43,0.35,0.24,2.0,1.0,0.0,25.0,19.0,20.02,3.0,0.2,0.36,0.36,0.87,0.91,0.9
84779488482142,2025,Sanheim-Drysdale,PHI,pairing,5on5,37,3708.0,246.0,0.49,0.43,0.48,29.14,3.08,1.94,6.85,0.94,14.3,11.9,2.93,3.13,2.98,26.0,13.0,11.0,50.0,4.0,5.0,0.0,8.0,0.0,12.0,10.0,22.0,35.0,2.0,4.0,18.0,25.0,6.0,15.0,26.0,9.0,4.0,0.66,1.25,1.17,2.0,2.0,0.0,50.63,39.0,39.45,8.0,0.4,1.02,1.02,2.46,2.49,2.47,32.49,3.17,1.99,7.98,1.02,16.49,12.36,3.07,3.12,3.03,28.0,15.0,22.0,65.0,3.0,3.0,0.0,7.0,0.0,14.0,16.0,25.0,40.0,2.0,4.0,13.0,20.0,3.0,14.0,32.0,6.0,5.0,0.88,0.79,1.5,2.0,1.0,0.0,65.03,43.0,43.02,6.0,0.41,1.01,1.01,2.57,2.56,2.54
84815988482733,2025,Broberg-Mailloux,STL,pairing,5on5,19,2902.0,130.0,0.35,0.49,0.5,18.92,1.33,1.1,4.99,0.64,10.45,7.49,1.27,1.31,1.25,11.0,15.0,12.0,38.0,0.0,2.0,0.0,4.0,0.0,11.0,9.0,11.0,26.0,7.0,14.0,25.0,27.0,5.0,16.0,20.0,5.0,1.0,0.49,0.57,0.27,0.0,0.0,0.0,36.03,26.0,25.18,3.0,0.23,0.29,0.29,1.26,1.28,1.25,19.79,2.51,1.24,4.92,0.62,9.49,7.2,2.41,2.74,2.63,22.0,4.0,13.0,39.0,3.0,1.0,0.0,3.0,0.0,9.0,10.0,19.0,23.0,2.0,4.0,20.0,29.0,6.0,16.0,14.0,8.0,4.0,0.38,1.04,1.09,0.0,1.0,2.0,41.29,26.0,27.38,7.0,0.26,0.3,0.3,2.48,2.68,2.62
847698184781338479339,2025,Laine-Evans-Anderson,MTL,line,5on5,5,2178.0,18.0,0.54,0.42,0.37,7.2,0.82,0.48,1.59,0.23,3.94,2.93,0.82,0.8,0.8,4.0,6.0,14.0,24.0,0.0,0.0,0.0,1.0,0.0,3.0,6.0,4.0,10.0,2.0,4.0,21.0,15.0,0.0,12.0,7.0,3.0,0.0,0.33,0.5,0.0,0.0,0.0,0.0,25.11,10.0,9.93,7.0,0.1,0.0,0.0,0.92,0.9,0.9,12.77,0.69,0.69,3.44,0.41,6.78,4.99,0.68,0.69,0.67,11.0,6.0,16.0,33.0,1.0,1.0,0.0,3.0,0.0,5.0,7.0,10.0,16.0,4.0,8.0,10.0,24.0,3.0,12.0,12.0,5.0,0.0,0.24,0.45,0.0,0.0,1.0,0.0,32.48,17.0,16.62,6.0,0.14,0.09,0.09,0.74,0.74,0.73
847793484782338481617,2025,Mangiapane-Draisaitl-Podkolzin,EDM,line,5on5,11,3235.0,75.0,0.57,0.67,0.67,33.8,2.61,2.16,8.29,1.03,18.14,13.77,2.58,2.66,2.63,30.0,16.0,18.0,64.0,2.0,1.0,0.0,11.0,0.0,15.0,17.0,28.0,44.0,1.0,2.0,26.0,21.0,0.0,13.0,36.0,8.0,2.0,1.03,1.0,0.58,2.0,0.0,0.0,66.6,46.0,47.62,9.0,0.45,0.35,0.35,2.71,2.8,2.77,16.88,1.95,1.15,4.65,0.58,8.46,6.2,1.85,2.02,1.91,16.0,7.0,9.0,32.0,2.0,1.0,1.0,1.0,0.0,13.0,6.0,14.0,21.0,0.0,0.0,22.0,28.0,2.0,16.0,15.0,6.0,2.0,0.51,0.74,0.71,0.0,1.0,1.0,31.03,23.0,22.44,8.0,0.24,0.46,0.46,1.74,1.73,1.66
847805784784628482259,2025,Mcmann-Roy-Joshua,TOR,line,5on5,13,4038.0,74.0,0.46,0.46,0.45,33.25,2.69,2.24,7.86,1.1,19.5,13.61,2.64,2.84,2.79,29.0,18.0,21.0,68.0,6.0,2.0,0.0,7.0,1.0,20.0,11.0,23.0,41.0,6.0,18.0,38.0,59.0,7.0,16.0,34.0,11.0,2.0,0.94,1.29,0.46,2.0,4.0,0.0,71.04,47.0,48.25,10.0,0.46,0.16,0.16,2.98,3.13,3.11,40.96,3.15,2.52,10.99,1.42,22.23,16.69,3.09,3.09,3.03,32.0,25.0,23.0,80.0,0.0,5.0,0.0,12.0,0.0,22.0,18.0,32.0,57.0,7.0,20.0,31.0,31.0,7.0,14.0,44.0,10.0,3.0,1.01,1.37,0.76,0.0,0.0,0.0,77.85,57.0,56.29,6.0,0.52,0.72,0.72,2.95,2.91,2.88
84764228482911,2025,Reilly-Nystrom,CAR,pairing,5on5,17,6611.0,95.0,0.7,0.63,0.6,64.66,8.24,4.5,17.04,2.16,32.49,22.58,7.41,8.03,7.24,51.0,36.0,37.0,124.0,3.0,15.0,0.0,13.0,0.0,25.0,31.0,48.0,84.0,5.0,12.0,79.0,29.0,3.0,34.0,54.0,19.0,14.0,1.54,2.54,4.16,1.0,1.0,1.0,120.36,87.0,85.4,16.0,0.95,3.31,3.31,5.88,5.75,5.53,40.5,3.59,2.59,9.74,1.35,22.64,17.09,3.49,3.64,3.55,41.0,16.0,15.0,72.0,5.0,3.0,0.0,11.0,0.0,14.0,24.0,36.0,52.0,3.0,6.0,66.0,46.0,14.0,28.0,41.0,13.0,3.0,0.98,1.64,0.97,2.0,3.0,0.0,74.58,57.0,58.27,17.0,0.54,0.86,0.86,3.27,3.38,3.36
84821268482142,2025,Andrae-Drysdale,PHI,pairing,5on5,27,17729.0,74.0,0.49,0.46,0.44,131.89,13.04,8.96,31.47,4.1,69.71,49.72,12.69,13.32,12.97,126.0,51.0,73.0,250.0,18.0,12.0,3.0,26.0,0.0,58.0,63.0,108.0,159.0,16.0,38.0,131.0,125.0,18.0,53.0,122.0,39.0,16.0,3.82,4.89,4.32,4.0,6.0,8.0,256.42,177.0,180.21,18.0,1.87,2.72,2.72,12.18,12.43,12.33,163.58,13.64,10.35,41.21,5.51,89.49,65.82,13.14,13.5,13.01,147.0,79.0,68.0,294.0,9.0,13.0,0.0,33.0,0.0,86.0,85.0,138.0,217.0,18.0,42.0,134.0,130.0,26.0,84.0,169.0,44.0,13.0,4.99,5.22,3.42,4.0,3.0,2.0,290.2,226.0,223.13,41.0,2.14,2.31,2.31,13.47,13.35,13.05
84745678484798,2025,Buium-Bogosian,MIN,pairing,5on5,14,8615.0,46.0,0.41,0.44,0.38,54.65,5.58,3.43,11.96,1.67,27.82,21.54,5.46,5.71,5.59,57.0,15.0,44.0,116.0,6.0,6.0,0.0,12.0,0.0,20.0,28.0,51.0,66.0,7.0,17.0,56.0,79.0,14.0,36.0,52.0,13.0,7.0,1.59,1.64,2.36,2.0,4.0,0.0,119.29,72.0,73.72,19.0,0.72,1.62,1.82,4.47,4.59,4.57,84.22,8.08,5.62,20.75,2.91,46.14,34.5,7.71,7.9,7.52,82.0,36.0,32.0,150.0,5.0,10.0,0.0,17.0,0.0,43.0,43.0,77.0,113.0,5.0,13.0,62.0,43.0,12.0,47.0,87.0,22.0,9.0,2.52,2.91,2.65,2.0,1.0,2.0,146.43,118.0,114.71,23.0,1.17,1.61,1.61,7.64,7.44,7.21
847749484784458482476,2025,Heineman-Barzal-Drouin,NYI,line,5on5,18,2458.0,195.0,0.58,0.56,0.58,25.08,2.99,1.59,6.45,0.87,12.62,9.48,2.76,2.97,2.74,19.0,15.0,15.0,49.0,2.0,5.0,0.0,3.0,0.0,10.0,14.0,17.0,32.0,2.0,4.0,17.0,10.0,0.0,13.0,23.0,5.0,6.0,0.58,0.56,1.86,2.0,0.0,0.0,49.99,34.0,34.82,7.0,0.33,1.19,1.18,2.15,2.12,2.08,19.37,2.17,1.33,4.97,0.64,9.39,6.51,2.11,2.14,2.07,14.0,11.0,14.0,39.0,1.0,3.0,0.0,2.0,0.0,11.0,8.0,13.0,24.0,6.0,12.0,15.0,7.0,2.0,15.0,14.0,8.0,3.0,0.39,1.01,0.77,0.0,1.0,0.0,38.42,25.0,24.71,5.0,0.28,0.61,0.61,1.85,1.82,1.81
84768748478507,2025,Mtt-Marino,UTA,pairing,5on5,17,1544.0,154.0,0.23,0.4,0.45,8.72,0.4,0.5,2.3,0.32,5.36,4.12,0.39,0.4,0.4,5.0,8.0,1.0,14.0,0.0,0.0,0.0,0.0,0.0,4.0,9.0,5.0,13.0,2.0,4.0,4.0,19.0,0.0,7.0,12.0,1.0,0.0,0.3,0.09,0.0,0.0,0.0,0.0,14.37,13.0,13.31,4.0,0.1,0.0,0.0,0.5,0.5,0.5,11.48,1.33,0.84,2.8,0.41,6.25,4.37,1.27,1.34,1.27,11.0,5.0,5.0,21.0,0.0,2.0,0.0,2.0,0.0,4.0,8.0,11.0,16.0,2.0,4.0,8.0,12.0,4.0,2.0,11.0,3.0,2.0,0.45,0.33,0.56,0.0,0.0,0.0,20.49,16.0,15.55,1.0,0.18,0.56,0.56,0.95,0.93,0.92
84770188477447,2025,Theodore-Hutton,VGK,pairing,5on5,14,751.0,98.0,0.5,0.4,0.39,9.05,1.32,0.7,1.81,0.28,4.42,3.48,1.27,1.23,1.18,10.0,2.0,4.0,16.0,1.0,1.0,0.0,2.0,0.0,5.0,3.0,9.0,11.0,0.0,0.0,2.0,7.0,0.0,4.0,5.0,5.0,2.0,0.22,0.57,0.53,0.0,0.0,1.0,14.9,12.0,11.21,2.0,0.15,0.31,0.31,1.16,1.09,1.06,14.51,1.34,0.88,3.86,0.51,7.21,5.2,1.24,1.35,1.25,13.0,6.0,5.0,24.0,0.0,2.0,0.0,4.0,0.0,8.0,5.0,13.0,19.0,2.0,4.0,3.0,2.0,1.0,9.0,14.0,4.0,1.0,0.49,0.55,0.3,0.0,0.0,0.0,24.22,19.0,19.39,3.0,0.18,0.38,0.38,1.15,1.16,1.13
848080284820978484145,2025,Benson-Mcleod-Quinn,BUF,line,5on5,12,5421.0,51.0,0.4,0.46,0.45,45.85,3.72,2.93,11.33,1.52,24.09,18.43,3.57,3.82,3.67,42.0,20.0,18.0,80.0,6.0,4.0,0.0,8.0,0.0,28.0,16.0,36.0,56.0,2.0,4.0,34.0,21.0,8.0,35.0,51.0,5.0,6.0,1.41,0.7,1.6,3.0,3.0,0.0,82.32,62.0,63.61,19.0,0.61,0.9,0.9,3.42,3.56,3.5,54.98,5.69,3.76,13.54,1.96,28.86,21.2,5.51,5.55,5.38,44.0,31.0,20.0,95.0,1.0,9.0,0.0,11.0,0.0,25.0,29.0,43.0,74.0,8.0,16.0,44.0,48.0,9.0,20.0,50.0,19.0,6.0,1.54,2.43,1.72,1.0,0.0,0.0,92.17,75.0,72.8,8.0,0.79,2.02,2.02,4.46,4.33,4.31
847952084815808484186,2025,Leonard-Mcmichael-Duhaime,WSH,line,5on5,8,3598.0,24.0,0.51,0.43,0.44,29.14,3.18,1.98,7.26,1.0,14.87,10.71,3.1,3.16,3.08,29.0,10.0,17.0,56.0,2.0,3.0,0.0,4.0,0.0,18.0,12.0,27.0,37.0,2.0,4.0,25.0,26.0,4.0,11.0,23.0,12.0,4.0,0.83,1.34,1.0,1.0,1.0,0.0,56.81,39.0,39.59,8.0,0.42,0.37,0.37,3.22,3.21,3.15,35.01,3.07,2.25,8.98,1.22,19.06,14.42,3.03,2.97,2.92,30.0,19.0,25.0,74.0,2.0,3.0,0.0,5.0,0.0,22.0,17.0,28.0,47.0,2.0,4.0,36.0,26.0,7.0,18.0,36.0,12.0,1.0,1.28,1.57,0.22,1.0,1.0,0.0,71.48,49.0,47.34,10.0,0.47,0.27,0.27,3.28,3.17,3.12
847516684779398481582,2025,Robertson-Nylander-Tavares,TOR,line,5on5,12,1564.0,155.0,0.5,0.41,0.42,14.92,1.49,0.9,3.63,0.51,7.38,6.08,1.38,1.54,1.42,17.0,3.0,4.0,24.0,2.0,2.0,2.0,5.0,0.0,3.0,8.0,15.0,18.0,1.0,2.0,12.0,11.0,2.0,13.0,16.0,1.0,3.0,0.42,0.19,0.88,0.0,0.0,2.0,24.0,20.0,20.02,7.0,0.19,0.64,0.64,1.05,1.04,1.02,19.52,1.47,1.27,5.21,0.74,11.28,8.04,1.44,1.48,1.45,19.0,9.0,7.0,35.0,3.0,2.0,0.0,2.0,0.0,11.0,10.0,16.0,25.0,1.0,2.0,11.0,6.0,5.0,13.0,21.0,6.0,1.0,0.51,0.71,0.25,1.0,2.0,0.0,35.68,28.0,28.28,8.0,0.27,0.33,0.33,1.4,1.41,1.39
84808718481014,2025,Romanov-Boqvist,NYI,pairing,5on5,3,1161.0,10.0,0.26,0.38,0.29,4.82,0.45,0.35,1.03,0.2,2.77,2.21,0.44,0.46,0.45,2.0,5.0,7.0,14.0,1.0,0.0,0.0,1.0,0.0,2.0,3.0,1.0,6.0,0.0,0.0,4.0,6.0,0.0,7.0,5.0,2.0,0.0,0.2,0.25,0.0,1.0,0.0,0.0,13.7,7.0,6.92,5.0,0.07,0.0,0.0,0.52,0.53,0.52,12.28,1.29,0.89,2.86,0.41,6.91,4.63,1.19,1.26,1.16,12.0,5.0,6.0,23.0,2.0,0.0,0.0,2.0,0.0,9.0,4.0,10.0,15.0,1.0,2.0,8.0,12.0,1.0,3.0,9.0,8.0,0.0,0.2,1.09,0.0,0.0,2.0,0.0,23.28,17.0,16.73,1.0,0.19,0.0,0.0,1.47,1.44,1.33
847574584796718482705,2025,Coyle-Sillinger-Olivier,CBJ,line,5on5,19,10662.0,55.0,0.58,0.49,0.51,102.41,9.85,6.37,26.55,3.38,53.46,40.39,9.1,9.85,9.11,94.0,46.0,35.0,175.0,13.0,13.0,3.0,24.0,0.0,51.0,39.0,81.0,127.0,11.0,34.0,104.0,86.0,20.0,41.0,100.0,27.0,13.0,2.43,3.43,4.0,5.0,5.0,3.0,177.05,140.0,141.85,12.0,1.33,3.7,3.7,7.47,7.55,7.3,94.06,7.19,6.13,25.34,3.46,52.85,37.02,6.68,7.2,6.66,84.0,48.0,52.0,184.0,5.0,11.0,1.0,20.0,0.0,59.0,37.0,79.0,127.0,5.0,19.0,91.0,60.0,15.0,51.0,100.0,27.0,5.0,2.87,3.03,1.29,3.0,1.0,1.0,181.77,132.0,130.35,24.0,1.26,1.82,1.82,6.63,6.59,6.37
84769678478013,2025,Walman-Kulak,EDM,pairing,5on5,9,1001.0,67.0,0.3,0.56,0.44,7.72,0.49,0.46,1.79,0.27,4.56,3.44,0.48,0.46,0.45,4.0,7.0,8.0,19.0,0.0,0.0,0.0,0.0,0.0,5.0,6.0,4.0,11.0,2.0,4.0,9.0,2.0,1.0,5.0,9.0,2.0,0.0,0.29,0.2,0.0,0.0,0.0,0.0,17.49,11.0,10.37,2.0,0.09,0.0,0.0,0.58,0.55,0.54,10.48,1.11,0.68,2.42,0.34,5.28,4.17,1.08,1.19,1.16,9.0,5.0,1.0,15.0,3.0,1.0,1.0,1.0,0.0,5.0,4.0,6.0,11.0,1.0,2.0,6.0,1.0,1.0,5.0,12.0,1.0,1.0,0.59,0.18,0.34,2.0,0.0,1.0,16.2,14.0,14.99,2.0,0.14,0.34,0.34,0.91,0.99,0.99
847522084785088481477,2025,Foligno-Sturm-Trenin,MIN,line,5on5,4,1789.0,15.0,0.46,0.39,0.42,15.25,1.66,1.04,3.68,0.48,7.47,5.67,1.61,1.78,1.73,13.0,7.0,8.0,28.0,0.0,4.0,0.0,2.0,0.0,10.0,4.0,13.0,20.0,2.0,7.0,12.0,33.0,3.0,8.0,15.0,1.0,4.0,0.49,0.11,1.06,0.0,0.0,0.0,30.21,20.0,21.6,4.0,0.22,1.02,0.82,1.06,1.14,1.12,21.07,1.95,1.33,4.96,0.73,10.87,8.17,1.78,1.82,1.67,17.0,11.0,16.0,44.0,1.0,3.0,0.0,2.0,0.0,12.0,10.0,16.0,27.0,1.0,5.0,11.0,12.0,0.0,4.0,21.0,4.0,3.0,0.69,0.54,0.72,1.0,0.0,0.0,40.46,28.0,26.16,3.0,0.28,0.54,0.54,1.68,1.56,1.51
847688784821468482768,2025,Forsberg-Svechkov-Evangelista,NSH,line,5on5,11,740.0,126.0,0.67,0.77,0.72,9.84,0.77,0.63,2.54,0.32,4.91,3.84,0.73,0.74,0.71,6.0,7.0,7.0,20.0,0.0,1.0,0.0,3.0,0.0,4.0,5.0,6.0,13.0,1.0,2.0,5.0,0.0,0.0,1.0,10.0,3.0,0.0,0.29,0.47,0.0,0.0,0.0,0.0,18.83,13.0,12.44,1.0,0.13,0.18,0.18,0.72,0.7,0.67,3.81,0.37,0.28,0.9,0.12,1.96,1.37,0.37,0.38,0.38,4.0,1.0,1.0,6.0,0.0,0.0,0.0,0.0,0.0,1.0,4.0,4.0,5.0,1.0,2.0,7.0,6.0,2.0,2.0,4.0,1.0,0.0,0.23,0.15,0.0,0.0,0.0,0.0,6.3,5.0,5.13,2.0,0.06,0.0,0.0,0.43,0.44,0.44
847399484784208482740,2025,Benn-Johnston-Rantanen,DAL,line,5on5,9,3043.0,52.0,0.39,0.43,0.41,20.82,1.76,1.42,4.77,0.64,11.41,7.99,1.75,1.8,1.79,23.0,5.0,12.0,40.0,3.0,1.0,0.0,5.0,0.0,12.0,7.0,20.0,25.0,5.0,10.0,23.0,17.0,5.0,11.0,20.0,8.0,0.0,0.68,1.08,0.0,1.0,2.0,0.0,40.68,28.0,28.42,3.0,0.3,0.13,0.13,1.93,1.98,1.96,29.11,2.79,2.0,7.26,0.93,16.15,10.87,2.69,2.75,2.65,28.0,12.0,14.0,54.0,3.0,3.0,0.0,10.0,0.0,8.0,16.0,25.0,37.0,2.0,8.0,38.0,21.0,2.0,13.0,33.0,2.0,5.0,1.17,0.3,1.32,2.0,0.0,1.0,53.64,40.0,39.81,7.0,0.42,0.52,0.52,2.69,2.67,2.64
84751718478443,2025,Ekman-Larsson-Carlo,TOR,pairing,5on5,14,2281.0,113.0,0.42,0.4,0.37,16.22,1.48,1.17,3.87,0.51,8.85,6.12,1.44,1.5,1.46,14.0,8.0,12.0,34.0,3.0,3.0,1.0,2.0,0.0,6.0,8.0,11.0,19.0,7.0,14.0,16.0,19.0,5.0,10.0,16.0,5.0,1.0,0.59,0.67,0.22,0.0,3.0,0.0,33.45,22.0,21.97,6.0,0.25,0.4,0.4,1.33,1.34,1.33,27.53,2.03,1.9,6.7,0.9,14.8,10.67,1.95,2.0,1.92,22.0,15.0,14.0,51.0,2.0,2.0,0.0,9.0,0.0,11.0,13.0,20.0,35.0,3.0,6.0,21.0,7.0,2.0,9.0,32.0,3.0,2.0,0.99,0.45,0.59,2.0,0.0,0.0,51.89,37.0,37.48,3.0,0.4,0.38,0.38,2.04,2.04,1.98
84821118482482,2025,Wilsby-Barron,NSH,pairing,5on5,7,677.0,46.0,0.89,0.63,0.67,5.98,0.68,0.39,1.72,0.21,2.88,2.11,0.59,0.66,0.57,7.0,1.0,2.0,10.0,0.0,0.0,0.0,0.0,0.0,5.0,3.0,7.0,8.0,1.0,2.0,3.0,4.0,2.0,4.0,4.0,4.0,0.0,0.12,0.56,0.0,0.0,0.0,0.0,9.74,8.0,7.74,3.0,0.08,0.0,0.0,0.76,0.73,0.64,2.71,0.08,0.15,0.68,0.08,1.72,1.28,0.08,0.09,0.09,2.0,2.0,2.0,6.0,0.0,0.0,0.0,0.0,0.0,1.0,3.0,2.0,4.0,1.0,2.0,2.0,1.0,2.0,2.0,4.0,0.0,0.0,0.08,0.0,0.0,0.0,0.0,0.0,6.74,4.0,4.37,2.0,0.03,0.0,0.0,0.11,0.12,0.12
847936584814918483512,2025,Frederic-Philp-Savoie,EDM,line,5on5,2,622.0,16.0,0.58,0.25,0.3,2.23,0.25,0.14,0.52,0.07,1.13,0.9,0.25,0.27,0.27,3.0,0.0,0.0,3.0,0.0,0.0,0.0,0.0,0.0,1.0,2.0,3.0,3.0,0.0,0.0,3.0,5.0,1.0,3.0,2.0,0.0,1.0,0.04,0.0,0.22,0.0,0.0,0.0,3.17,3.0,3.16,3.0,0.03,0.0,0.0,0.28,0.3,0.3,5.13,0.19,0.27,1.62,0.17,2.52,2.23,0.18,0.17,0.17,6.0,1.0,2.0,9.0,1.0,1.0,0.0,3.0,0.0,1.0,1.0,5.0,6.0,1.0,2.0,8.0,6.0,0.0,3.0,7.0,0.0,0.0,0.19,0.0,0.0,1.0,0.0,0.0,8.55,7.0,6.62,0.0,0.06,0.04,0.04,0.2,0.19,0.19
847418984801888481528,2025,Zetterlund-Cozens-Eller,OTT,line,5on5,6,1670.0,34.0,0.47,0.51,0.47,13.53,1.16,0.89,3.23,0.43,7.19,5.1,1.12,1.22,1.18,11.0,7.0,9.0,27.0,0.0,0.0,0.0,2.0,0.0,7.0,9.0,11.0,18.0,3.0,6.0,19.0,6.0,4.0,8.0,13.0,4.0,1.0,0.38,0.58,0.21,0.0,0.0,0.0,27.94,18.0,18.57,3.0,0.19,0.0,0.0,1.35,1.42,1.37,15.08,1.31,0.9,3.38,0.49,7.44,6.47,1.26,1.26,1.21,14.0,6.0,6.0,26.0,2.0,1.0,1.0,1.0,0.0,8.0,8.0,12.0,18.0,1.0,2.0,13.0,16.0,1.0,9.0,14.0,5.0,1.0,0.42,0.58,0.31,0.0,1.0,1.0,24.99,20.0,19.08,5.0,0.19,0.31,0.31,1.19,1.14,1.11
84826848483495,2025,Hughes-Nemec,NJD,pairing,5on5,29,9660.0,124.0,0.41,0.49,0.47,81.67,7.03,5.31,20.46,2.72,44.99,32.49,6.79,6.91,6.68,70.0,43.0,54.0,167.0,10.0,4.0,0.0,18.0,1.0,38.0,42.0,60.0,103.0,15.0,45.0,77.0,56.0,12.0,35.0,83.0,23.0,7.0,2.43,2.9,1.7,2.0,6.0,2.0,162.82,113.0,111.09,15.0,1.1,0.74,0.74,7.38,7.27,7.11,93.05,10.26,6.35,22.82,3.19,48.89,36.5,10.0,10.39,10.13,87.0,41.0,43.0,171.0,9.0,12.0,1.0,15.0,0.0,48.0,44.0,78.0,119.0,16.0,47.0,79.0,52.0,19.0,37.0,82.0,34.0,12.0,2.39,4.42,3.44,2.0,5.0,2.0,172.16,128.0,128.88,19.0,1.34,2.67,2.67,8.93,9.14,9.04
847579984764808482149,2025,Perfetti-Namestnikov-Niederreiter,WPG,line,5on5,8,2542.0,49.0,0.58,0.51,0.49,19.77,1.66,1.2,4.56,0.59,10.81,8.18,1.55,1.66,1.55,18.0,9.0,11.0,38.0,0.0,1.0,0.0,6.0,0.0,10.0,10.0,18.0,27.0,2.0,4.0,13.0,16.0,2.0,18.0,21.0,3.0,3.0,0.47,0.38,0.81,0.0,0.0,0.0,37.86,27.0,26.81,10.0,0.25,0.23,0.23,1.68,1.68,1.63,20.39,1.2,1.22,5.09,0.72,10.86,8.91,1.17,1.19,1.17,21.0,7.0,9.0,37.0,4.0,2.0,0.0,2.0,0.0,9.0,11.0,17.0,24.0,2.0,4.0,15.0,14.0,2.0,8.0,24.0,4.0,0.0,0.65,0.55,0.0,1.0,3.0,0.0,36.52,28.0,27.67,5.0,0.25,0.25,0.25,1.19,1.2,1.19
847456484765398482768,2025,Svechkov-Stamkos-Marchessault,NSH,line,5on5,5,831.0,41.0,0.5,0.58,0.53,7.28,0.98,0.55,1.66,0.21,3.35,2.24,0.97,0.98,0.97,5.0,4.0,5.0,14.0,0.0,0.0,0.0,1.0,0.0,6.0,2.0,5.0,9.0,0.0,0.0,6.0,6.0,1.0,9.0,4.0,4.0,1.0,0.15,0.56,0.27,0.0,0.0,0.0,13.88,9.0,8.96,1.0,0.12,0.0,0.0,1.1,1.09,1.08,6.35,0.99,0.49,1.25,0.18,2.86,2.23,0.94,1.0,0.94,7.0,1.0,2.0,10.0,1.0,1.0,1.0,2.0,0.0,1.0,3.0,6.0,7.0,0.0,0.0,4.0,7.0,0.0,4.0,4.0,2.0,2.0,0.11,0.23,0.65,0.0,0.0,1.0,10.01,8.0,7.86,1.0,0.1,0.36,0.36,0.74,0.72,0.72
84827628484223,2025,Edvinsson-Sandin-Pellikka,DET,pairing,5on5,27,7823.0,173.0,0.36,0.48,0.49,57.81,4.23,3.75,14.88,1.96,33.69,23.5,4.2,4.09,4.06,48.0,34.0,38.0,120.0,2.0,2.0,0.0,11.0,0.0,32.0,35.0,46.0,80.0,9.0,18.0,60.0,48.0,12.0,35.0,65.0,15.0,2.0,1.94,1.75,0.55,2.0,0.0,0.0,115.33,82.0,79.21,15.0,0.77,0.24,0.25,4.75,4.59,4.55,63.41,7.47,4.32,15.94,2.1,31.32,22.85,6.82,7.52,6.88,50.0,34.0,45.0,129.0,8.0,10.0,1.0,13.0,0.0,30.0,23.0,42.0,76.0,12.0,24.0,64.0,70.0,14.0,31.0,58.0,15.0,11.0,1.97,2.34,3.16,4.0,2.0,2.0,132.71,84.0,84.31,14.0,0.92,2.21,2.21,6.17,6.25,5.97
84794028484768,2025,Bean-Parekh,CGY,pairing,5on5,5,670.0,32.0,0.48,0.67,0.67,7.28,0.32,0.4,2.09,0.25,3.94,2.99,0.32,0.32,0.32,5.0,5.0,2.0,12.0,0.0,0.0,0.0,0.0,0.0,6.0,4.0,5.0,10.0,1.0,5.0,4.0,8.0,0.0,2.0,9.0,1.0,0.0,0.18,0.15,0.0,0.0,0.0,0.0,11.48,10.0,9.75,1.0,0.08,0.0,0.0,0.41,0.4,0.4,3.54,0.35,0.31,0.92,0.11,1.98,1.33,0.34,0.36,0.35,5.0,0.0,1.0,6.0,0.0,0.0,0.0,2.0,0.0,1.0,2.0,5.0,5.0,1.0,5.0,2.0,3.0,0.0,3.0,3.0,2.0,0.0,0.14,0.22,0.0,0.0,0.0,0.0,6.51,5.0,5.24,0.0,0.06,0.0,0.0,0.42,0.42,0.42
84752088476441,2025,Edmundson-Dumoulin,LAK,pairing,5on5,19,728.0,177.0,0.31,0.55,0.4,4.38,0.29,0.24,0.92,0.13,2.28,2.14,0.29,0.3,0.3,5.0,1.0,6.0,12.0,0.0,0.0,0.0,1.0,0.0,2.0,3.0,5.0,6.0,0.0,0.0,3.0,0.0,1.0,3.0,5.0,1.0,0.0,0.18,0.11,0.0,0.0,0.0,0.0,12.43,6.0,6.25,1.0,0.05,0.0,0.0,0.33,0.35,0.35,7.03,0.62,0.59,1.55,0.25,3.29,2.7,0.62,0.64,0.64,7.0,2.0,1.0,10.0,0.0,1.0,0.0,0.0,0.0,4.0,4.0,7.0,9.0,0.0,0.0,1.0,4.0,1.0,5.0,5.0,4.0,0.0,0.06,0.56,0.0,0.0,0.0,0.0,10.33,9.0,9.35,2.0,0.12,0.11,0.11,0.64,0.67,0.67
847167584758108480842,2025,Hallander-Crosby-Rust,PIT,line,5on5,6,2875.0,17.0,0.55,0.51,0.49,28.37,3.05,2.16,7.27,0.93,14.13,10.45,2.87,3.06,2.88,29.0,9.0,21.0,59.0,5.0,4.0,1.0,9.0,0.0,8.0,12.0,24.0,33.0,1.0,2.0,34.0,7.0,4.0,19.0,26.0,9.0,3.0,0.76,1.18,1.11,2.0,2.0,1.0,58.93,38.0,38.28,11.0,0.45,1.21,1.21,2.3,2.34,2.23,26.81,2.5,2.04,7.0,1.01,15.78,10.68,2.38,2.48,2.37,25.0,14.0,17.0,56.0,1.0,5.0,0.0,4.0,0.0,18.0,11.0,24.0,38.0,3.0,6.0,25.0,15.0,5.0,11.0,31.0,4.0,4.0,0.88,0.55,1.07,1.0,0.0,0.0,55.69,39.0,38.98,6.0,0.42,0.63,0.63,2.29,2.27,2.24
847942084828968484145,2025,Benson-Kozak-Thompson,BUF,line,5on5,5,764.0,48.0,0.62,0.56,0.62,5.48,0.35,0.37,1.64,0.2,3.22,2.22,0.35,0.33,0.33,7.0,1.0,1.0,9.0,0.0,0.0,0.0,0.0,0.0,3.0,5.0,7.0,8.0,0.0,0.0,8.0,3.0,1.0,4.0,6.0,2.0,0.0,0.08,0.27,0.0,0.0,0.0,0.0,8.92,8.0,7.78,2.0,0.08,0.0,0.0,0.42,0.41,0.41,3.74,0.22,0.24,0.8,0.11,2.08,1.56,0.22,0.22,0.22,4.0,1.0,2.0,7.0,0.0,0.0,0.0,1.0,0.0,1.0,3.0,4.0,5.0,0.0,0.0,7.0,3.0,1.0,2.0,4.0,1.0,0.0,0.13,0.08,0.0,0.0,0.0,0.0,7.33,5.0,5.19,1.0,0.05,0.0,0.0,0.27,0.27,0.27
847740784842218485702,2025,Duclair-Ritchie-Shabanov,NYI,line,5on5,9,2102.0,77.0,0.23,0.36,0.33,11.77,0.61,0.66,3.07,0.38,6.4,4.88,0.6,0.58,0.58,6.0,10.0,8.0,24.0,1.0,0.0,0.0,1.0,0.0,8.0,6.0,5.0,15.0,2.0,4.0,9.0,6.0,1.0,11.0,14.0,2.0,0.0,0.39,0.22,0.0,1.0,0.0,0.0,23.01,16.0,15.35,4.0,0.14,0.0,0.0,0.74,0.71,0.71,24.14,2.06,1.5,5.67,0.74,13.28,9.75,2.02,2.03,1.99,25.0,8.0,9.0,42.0,2.0,2.0,0.0,5.0,0.0,9.0,15.0,23.0,31.0,4.0,8.0,21.0,12.0,5.0,7.0,26.0,6.0,1.0,1.04,0.78,0.24,2.0,0.0,0.0,41.63,33.0,32.7,4.0,0.3,0.35,0.35,2.01,1.99,1.97
848044884829478484149,2025,Bardakov-Kelly-Brindley,COL,line,5on5,11,3312.0,46.0,0.53,0.61,0.6,41.45,3.72,2.6,10.04,1.33,20.77,16.55,3.55,3.78,3.62,42.0,13.0,23.0,78.0,4.0,4.0,1.0,7.0,0.0,22.0,18.0,38.0,51.0,3.0,6.0,23.0,26.0,7.0,13.0,40.0,9.0,6.0,1.08,1.13,1.5,3.0,0.0,1.0,83.34,55.0,57.16,6.0,0.54,1.06,1.06,3.19,3.24,3.13,26.39,3.27,1.7,6.23,0.95,13.53,10.32,2.98,3.14,2.87,18.0,18.0,13.0,49.0,2.0,7.0,1.0,4.0,0.0,14.0,9.0,16.0,34.0,5.0,10.0,41.0,38.0,2.0,16.0,24.0,5.0,7.0,0.79,0.58,1.9,1.0,0.0,1.0,46.46,36.0,34.56,8.0,0.36,1.66,1.66,1.97,1.89,1.86
84808658481593,2025,Struble-Dobson,MTL,pairing,5on5,16,2176.0,144.0,0.53,0.42,0.48,15.94,1.72,1.02,3.77,0.59,8.44,6.46,1.65,1.74,1.67,13.0,9.0,5.0,27.0,1.0,2.0,0.0,2.0,0.0,7.0,10.0,12.0,21.0,2.0,4.0,14.0,11.0,4.0,11.0,15.0,5.0,2.0,0.58,0.6,0.54,1.0,0.0,0.0,27.0,22.0,21.92,7.0,0.21,0.54,0.63,1.3,1.28,1.27,17.97,1.5,1.03,4.7,0.61,9.01,7.15,1.5,1.53,1.53,18.0,6.0,14.0,38.0,1.0,1.0,0.0,6.0,0.0,6.0,10.0,17.0,23.0,4.0,8.0,11.0,14.0,5.0,6.0,17.0,7.0,0.0,0.53,0.98,0.0,0.0,1.0,0.0,38.57,24.0,24.35,1.0,0.22,0.11,0.11,1.61,1.65,1.65
84775068481014,2025,Romanov-Pulock,NYI,pairing,5on5,12,646.0,115.0,0.42,0.31,0.36,3.65,0.24,0.15,0.99,0.11,2.03,1.48,0.24,0.26,0.26,3.0,2.0,0.0,5.0,0.0,0.0,0.0,0.0,0.0,1.0,4.0,3.0,5.0,0.0,0.0,2.0,3.0,0.0,1.0,4.0,1.0,0.0,0.11,0.14,0.0,0.0,0.0,0.0,5.15,5.0,5.15,0.0,0.03,0.0,0.0,0.27,0.29,0.29,6.21,0.33,0.35,1.67,0.22,3.68,2.75,0.33,0.33,0.33,5.0,4.0,2.0,11.0,0.0,2.0,0.0,1.0,0.0,0.0,6.0,5.0,9.0,1.0,2.0,0.0,2.0,0.0,1.0,7.0,2.0,0.0,0.15,0.18,0.0,0.0,0.0,0.0,11.03,9.0,9.02,1.0,0.07,0.11,0.11,0.29,0.29,0.29
847749784817168482705,2025,Voronkov-Monahan-Sillinger,CBJ,line,5on5,3,670.0,21.0,0.52,0.67,0.57,9.56,1.01,0.64,2.34,0.31,4.8,3.89,0.94,1.02,0.94,9.0,4.0,11.0,24.0,1.0,1.0,0.0,3.0,0.0,6.0,2.0,8.0,12.0,1.0,2.0,8.0,2.0,1.0,2.0,9.0,3.0,1.0,0.39,0.42,0.21,1.0,0.0,0.0,23.74,13.0,12.68,1.0,0.14,0.21,0.21,0.94,0.95,0.91,7.91,0.92,0.45,2.03,0.22,3.5,2.87,0.75,0.94,0.77,8.0,2.0,2.0,12.0,2.0,1.0,0.0,1.0,1.0,4.0,1.0,6.0,8.0,0.0,0.0,4.0,3.0,1.0,4.0,6.0,3.0,1.0,0.13,0.44,0.34,0.0,2.0,0.0,12.78,10.0,10.68,2.0,0.1,0.34,0.34,0.67,0.69,0.65
847579484784498480027,2025,Robertson-Hintz-Seguin,DAL,line,5on5,14,7010.0,37.0,0.53,0.51,0.52,56.94,5.0,3.42,14.09,1.88,30.38,23.23,4.85,5.07,4.92,59.0,19.0,23.0,101.0,11.0,6.0,1.0,10.0,0.0,24.0,27.0,48.0,67.0,5.0,10.0,76.0,36.0,7.0,44.0,60.0,13.0,5.0,2.0,1.38,1.62,7.0,3.0,1.0,104.03,78.0,79.86,22.0,0.71,1.27,1.27,4.44,4.51,4.48,53.57,4.49,3.35,13.42,1.73,28.4,20.62,4.41,4.49,4.42,45.0,27.0,26.0,98.0,2.0,4.0,0.0,15.0,0.0,29.0,22.0,43.0,70.0,8.0,16.0,59.0,49.0,7.0,39.0,54.0,13.0,5.0,1.66,1.44,1.39,0.0,2.0,0.0,96.09,72.0,71.15,17.0,0.69,1.07,1.07,4.12,4.1,4.04
84816078484223,2025,Johansson-Sandin-Pellikka,DET,pairing,5on5,23,1593.0,181.0,0.56,0.55,0.54,16.21,2.04,1.2,3.76,0.53,7.6,5.86,1.79,1.96,1.71,13.0,8.0,9.0,30.0,0.0,5.0,0.0,1.0,0.0,7.0,8.0,13.0,21.0,1.0,2.0,12.0,7.0,2.0,5.0,12.0,5.0,4.0,0.26,0.64,1.15,0.0,0.0,0.0,27.67,21.0,19.84,2.0,0.25,1.33,1.33,0.97,0.96,0.91,13.59,1.58,0.94,2.81,0.41,6.91,5.35,1.55,1.59,1.55,16.0,2.0,7.0,25.0,5.0,1.0,0.0,3.0,0.0,4.0,5.0,11.0,13.0,1.0,2.0,8.0,7.0,5.0,5.0,10.0,5.0,3.0,0.33,0.5,0.75,1.0,3.0,1.0,25.47,18.0,17.95,3.0,0.2,0.25,0.25,1.53,1.57,1.56
84763728478454,2025,Seeler-Juulsen,PHI,pairing,5on5,16,3848.0,93.0,0.43,0.44,0.43,26.37,2.79,1.77,6.49,0.84,14.04,10.07,2.53,2.71,2.47,26.0,10.0,16.0,52.0,2.0,6.0,0.0,6.0,0.0,7.0,15.0,24.0,34.0,4.0,10.0,19.0,51.0,4.0,20.0,24.0,8.0,4.0,0.67,0.98,1.14,1.0,1.0,0.0,49.64,36.0,34.6,11.0,0.36,1.09,1.09,2.05,2.02,1.99,34.36,3.67,2.18,8.78,1.19,18.33,12.85,3.62,3.74,3.7,29.0,18.0,19.0,66.0,3.0,4.0,0.0,2.0,0.0,18.0,20.0,26.0,44.0,6.0,12.0,21.0,17.0,7.0,21.0,29.0,15.0,3.0,0.82,2.0,0.85,1.0,1.0,1.0,69.03,47.0,48.85,9.0,0.46,0.64,0.64,3.48,3.58,3.56
84775048480145,2025,Morrissey-Pionk,WPG,pairing,5on5,31,5146.0,188.0,0.52,0.5,0.54,46.43,3.9,2.92,10.85,1.53,25.7,20.11,3.81,3.88,3.79,38.0,27.0,15.0,80.0,6.0,2.0,0.0,8.0,0.0,25.0,24.0,32.0,59.0,6.0,12.0,31.0,31.0,8.0,18.0,45.0,17.0,3.0,1.15,2.07,0.68,2.0,4.0,0.0,80.21,65.0,65.33,9.0,0.61,0.39,0.39,4.12,4.13,4.06,41.2,3.65,2.73,10.13,1.38,22.26,15.85,3.54,3.67,3.56,40.0,16.0,23.0,79.0,4.0,5.0,0.0,8.0,0.0,22.0,17.0,36.0,52.0,6.0,12.0,45.0,20.0,10.0,19.0,42.0,9.0,5.0,1.29,1.1,1.25,2.0,1.0,1.0,79.49,56.0,55.81,6.0,0.56,0.74,0.74,3.47,3.48,3.46
847646984764798482155,2025,Laferriere-Danault-Armia,LAK,line,5on5,7,1496.0,58.0,0.26,0.41,0.38,8.17,0.33,0.42,2.39,0.33,4.68,3.86,0.3,0.31,0.28,7.0,5.0,5.0,17.0,0.0,0.0,0.0,1.0,0.0,7.0,4.0,7.0,12.0,1.0,2.0,20.0,12.0,2.0,8.0,12.0,0.0,0.0,0.33,0.0,0.0,0.0,0.0,0.0,16.03,12.0,11.4,3.0,0.08,0.0,0.0,0.41,0.39,0.35,13.74,0.92,0.94,3.51,0.5,8.24,5.9,0.89,0.94,0.91,10.0,10.0,4.0,24.0,0.0,2.0,0.0,2.0,0.0,9.0,7.0,10.0,20.0,0.0,0.0,14.0,6.0,4.0,7.0,18.0,2.0,0.0,0.72,0.2,0.0,0.0,0.0,0.0,24.43,20.0,20.18,2.0,0.19,0.09,0.09,1.01,1.03,1.01
847841484817218482110,2025,Meier-Mercer-Gritsyuk,NJD,line,5on5,10,736.0,165.0,0.32,0.48,0.48,7.03,0.34,0.39,2.06,0.26,4.0,2.96,0.34,0.35,0.34,3.0,7.0,3.0,13.0,1.0,1.0,0.0,3.0,0.0,2.0,3.0,2.0,9.0,0.0,0.0,4.0,6.0,1.0,7.0,10.0,0.0,0.0,0.34,0.0,0.0,1.0,0.0,0.0,12.98,10.0,10.14,5.0,0.08,0.05,0.05,0.37,0.38,0.38,7.84,0.71,0.6,1.83,0.25,4.65,2.96,0.64,0.69,0.63,6.0,5.0,3.0,14.0,1.0,1.0,1.0,0.0,0.0,6.0,3.0,5.0,10.0,1.0,2.0,4.0,7.0,2.0,8.0,8.0,2.0,1.0,0.25,0.26,0.2,0.0,1.0,0.0,14.34,11.0,11.26,1.0,0.12,0.11,0.11,0.72,0.7,0.67
84808608481167,2025,Bahl-Pachal,CGY,pairing,5on5,15,682.0,120.0,0.74,0.54,0.5,5.09,0.32,0.36,1.38,0.17,2.92,1.85,0.32,0.33,0.33,3.0,4.0,6.0,13.0,1.0,1.0,0.0,1.0,0.0,2.0,2.0,2.0,6.0,1.0,2.0,2.0,4.0,1.0,2.0,6.0,1.0,0.0,0.17,0.14,0.0,0.0,1.0,0.0,13.38,7.0,7.28,1.0,0.07,0.03,0.03,0.36,0.38,0.38,5.1,0.11,0.22,1.42,0.18,2.66,2.41,0.11,0.11,0.11,4.0,3.0,4.0,11.0,0.0,0.0,0.0,1.0,0.0,4.0,2.0,4.0,7.0,1.0,2.0,0.0,3.0,3.0,2.0,7.0,0.0,0.0,0.11,0.0,0.0,0.0,0.0,0.0,10.68,7.0,6.73,2.0,0.04,0.0,0.0,0.16,0.15,0.15
847794784795208482148,2025,Milano-Lapierre-Duhaime,WSH,line,5on5,5,1443.0,23.0,0.28,0.35,0.39,8.79,0.68,0.54,2.03,0.28,5.62,3.85,0.67,0.72,0.7,7.0,6.0,2.0,15.0,1.0,0.0,0.0,3.0,0.0,1.0,8.0,6.0,12.0,2.0,6.0,8.0,7.0,1.0,10.0,8.0,5.0,0.0,0.19,0.5,0.0,1.0,0.0,0.0,16.26,13.0,14.01,5.0,0.11,0.0,0.0,0.8,0.83,0.82,14.63,1.78,0.98,3.21,0.48,7.71,5.83,1.71,1.74,1.67,17.0,3.0,8.0,28.0,1.0,2.0,0.0,2.0,0.0,10.0,5.0,16.0,19.0,1.0,2.0,9.0,19.0,3.0,5.0,15.0,3.0,2.0,0.57,0.39,0.81,0.0,1.0,0.0,27.69,20.0,19.97,4.0,0.21,0.81,0.81,1.17,1.2,1.18
84757958477845,2025,Van Riemsdyk-Mcilrath,WSH,pairing,5on5,2,633.0,12.0,0.08,0.57,0.29,1.39,0.02,0.06,0.35,0.05,0.84,0.68,0.02,0.02,0.02,0.0,2.0,6.0,8.0,0.0,0.0,0.0,0.0,0.0,2.0,0.0,0.0,2.0,0.0,0.0,3.0,6.0,1.0,4.0,2.0,0.0,0.0,0.02,0.0,0.0,0.0,0.0,0.0,7.13,2.0,1.76,1.0,0.01,0.0,0.0,0.04,0.03,0.03,3.85,0.29,0.24,0.83,0.11,1.97,1.57,0.29,0.33,0.33,4.0,1.0,1.0,6.0,0.0,0.0,0.0,0.0,0.0,1.0,4.0,4.0,5.0,0.0,0.0,6.0,4.0,0.0,4.0,4.0,1.0,0.0,0.2,0.09,0.0,0.0,0.0,0.0,7.1,5.0,5.67,2.0,0.05,0.0,0.0,0.34,0.39,0.39
847745684788918481725,2025,Soderblom-Compher-Appleton,DET,line,5on5,4,654.0,38.0,0.69,0.5,0.83,3.5,0.09,0.16,0.99,0.13,2.07,1.57,0.09,0.09,0.09,4.0,1.0,0.0,5.0,1.0,0.0,0.0,2.0,0.0,2.0,0.0,3.0,4.0,3.0,6.0,6.0,7.0,2.0,5.0,5.0,0.0,0.0,0.09,0.0,0.0,1.0,0.0,0.0,4.76,5.0,4.77,0.0,0.03,0.0,0.0,0.12,0.12,0.12,0.73,0.04,0.04,0.19,0.02,0.38,0.33,0.04,0.04,0.04,0.0,1.0,4.0,5.0,0.0,0.0,0.0,0.0,0.0,1.0,0.0,0.0,1.0,1.0,2.0,4.0,4.0,0.0,0.0,1.0,0.0,0.0,0.04,0.0,0.0,0.0,0.0,0.0,5.17,1.0,0.96,0.0,0.01,0.0,0.0,0.05,0.05,0.05
847689784775738478472,2025,Walker-Sundqvist-Joseph,STL,line,5on5,5,1156.0,65.0,0.58,0.53,0.6,8.75,0.92,0.62,1.83,0.27,4.94,3.43,0.9,0.93,0.91,8.0,4.0,5.0,17.0,2.0,1.0,1.0,3.0,0.0,2.0,4.0,6.0,10.0,4.0,8.0,9.0,14.0,1.0,4.0,6.0,5.0,1.0,0.15,0.56,0.21,1.0,0.0,1.0,17.33,12.0,12.3,2.0,0.13,0.21,0.21,0.84,0.85,0.85,6.1,0.66,0.38,1.47,0.17,2.78,2.54,0.66,0.67,0.67,4.0,4.0,7.0,15.0,1.0,0.0,0.0,1.0,0.0,2.0,4.0,3.0,7.0,1.0,2.0,7.0,11.0,4.0,5.0,6.0,1.0,1.0,0.17,0.2,0.29,0.0,0.0,1.0,15.18,8.0,8.11,2.0,0.08,0.0,0.0,0.74,0.76,0.76
84763128484258,2025,Malinski-Manson,COL,pairing,5on5,31,2962.0,264.0,0.69,0.65,0.68,32.26,3.06,2.13,8.53,1.1,17.46,12.72,2.92,3.11,2.96,34.0,11.0,21.0,66.0,7.0,4.0,2.0,5.0,0.0,15.0,14.0,27.0,38.0,6.0,15.0,25.0,28.0,2.0,16.0,32.0,10.0,3.0,0.89,1.32,0.85,4.0,1.0,2.0,69.18,45.0,46.57,10.0,0.44,1.0,1.0,2.51,2.57,2.51,15.57,1.38,0.9,3.74,0.46,8.23,6.3,1.36,1.35,1.33,14.0,7.0,14.0,35.0,0.0,1.0,0.0,5.0,0.0,8.0,7.0,14.0,21.0,5.0,13.0,15.0,28.0,1.0,24.0,15.0,4.0,2.0,0.24,0.61,0.52,0.0,0.0,0.0,33.0,21.0,20.17,8.0,0.18,0.29,0.29,1.27,1.22,1.22
848080284820978482765,2025,Quinn-Mcleod-Rosen,BUF,line,5on5,5,1589.0,35.0,0.26,0.35,0.36,11.3,0.69,0.71,2.56,0.34,7.06,4.65,0.69,0.71,0.7,9.0,7.0,7.0,23.0,0.0,0.0,0.0,2.0,0.0,5.0,9.0,9.0,16.0,2.0,4.0,12.0,1.0,5.0,7.0,15.0,1.0,0.0,0.56,0.13,0.0,0.0,0.0,0.0,23.9,16.0,16.51,4.0,0.14,0.0,0.0,0.83,0.85,0.85,21.29,1.97,1.39,6.18,0.74,10.53,8.18,1.85,1.95,1.83,25.0,4.0,14.0,43.0,3.0,4.0,1.0,5.0,0.0,11.0,6.0,22.0,26.0,0.0,0.0,12.0,9.0,6.0,6.0,21.0,4.0,4.0,0.36,0.5,1.12,0.0,1.0,2.0,42.44,29.0,29.04,3.0,0.29,0.79,0.79,1.48,1.52,1.49
847584284773808479390,2025,Brodzinski-Carrick-Raddysh,NYR,line,5on5,8,922.0,109.0,0.74,0.56,0.57,11.71,1.73,0.84,3.02,0.45,5.72,4.25,1.64,1.74,1.66,11.0,5.0,4.0,20.0,3.0,4.0,1.0,3.0,0.0,2.0,4.0,8.0,13.0,2.0,4.0,10.0,5.0,0.0,11.0,8.0,6.0,2.0,0.26,0.63,0.84,1.0,1.0,1.0,20.49,16.0,16.32,6.0,0.18,0.93,0.93,0.97,0.98,0.97,7.56,0.61,0.66,2.1,0.38,4.9,3.35,0.6,0.58,0.57,7.0,5.0,4.0,16.0,1.0,2.0,0.0,2.0,0.0,3.0,4.0,6.0,11.0,1.0,2.0,7.0,10.0,2.0,7.0,9.0,3.0,0.0,0.16,0.45,0.0,0.0,1.0,0.0,15.34,12.0,11.41,5.0,0.14,0.21,0.21,0.54,0.52,0.51
848083084827028482809,2025,Blake-Stankoven-Svechnikov,CAR,line,5on5,21,2248.0,186.0,0.75,0.65,0.69,25.82,2.95,1.67,6.35,0.87,13.41,9.75,2.76,2.89,2.71,17.0,18.0,13.0,48.0,1.0,3.0,1.0,4.0,0.0,12.0,15.0,16.0,34.0,2.0,4.0,16.0,15.0,5.0,16.0,24.0,7.0,4.0,0.83,0.87,1.25,0.0,0.0,1.0,47.77,35.0,35.11,5.0,0.35,0.7,0.7,2.59,2.56,2.48,11.13,0.98,0.83,2.78,0.43,6.19,4.79,0.98,0.96,0.96,13.0,3.0,10.0,26.0,1.0,1.0,0.0,2.0,0.0,6.0,6.0,12.0,15.0,5.0,10.0,20.0,13.0,5.0,13.0,13.0,2.0,1.0,0.44,0.29,0.25,1.0,0.0,0.0,26.2,16.0,15.86,6.0,0.17,0.01,0.01,1.15,1.13,1.12
847798984815338484387,2025,Zegras-Dvorak-Michkov,PHI,line,5on5,14,2625.0,136.0,0.54,0.49,0.49,22.49,2.09,1.53,5.69,0.71,11.55,8.43,1.99,2.08,1.98,19.0,11.0,14.0,44.0,2.0,3.0,0.0,7.0,0.0,9.0,9.0,17.0,28.0,0.0,0.0,28.0,16.0,1.0,19.0,21.0,7.0,2.0,0.62,0.95,0.52,1.0,1.0,0.0,43.4,30.0,29.49,10.0,0.33,0.59,0.59,1.82,1.79,1.76,22.44,1.81,1.59,5.62,0.8,12.04,9.14,1.78,1.9,1.87,19.0,12.0,14.0,45.0,1.0,3.0,0.0,4.0,0.0,12.0,11.0,18.0,30.0,4.0,8.0,11.0,17.0,0.0,14.0,22.0,8.0,1.0,0.61,0.95,0.26,1.0,0.0,0.0,46.14,31.0,31.64,6.0,0.33,0.27,0.27,1.87,1.97,1.94
847062184764698482726,2025,Armia-Helenius-Perry,LAK,line,5on5,7,1097.0,52.0,0.38,0.49,0.5,8.57,0.46,0.54,2.59,0.35,5.21,3.84,0.45,0.48,0.46,6.0,7.0,5.0,18.0,0.0,1.0,0.0,1.0,0.0,4.0,7.0,6.0,13.0,1.0,2.0,8.0,7.0,1.0,6.0,11.0,2.0,0.0,0.16,0.3,0.0,0.0,0.0,0.0,19.09,13.0,13.16,2.0,0.11,0.17,0.17,0.4,0.41,0.4,9.2,0.73,0.6,2.38,0.3,5.27,3.72,0.73,0.73,0.72,6.0,7.0,6.0,19.0,0.0,1.0,0.0,3.0,0.0,5.0,4.0,6.0,13.0,2.0,4.0,4.0,10.0,1.0,4.0,10.0,2.0,1.0,0.28,0.24,0.21,0.0,0.0,0.0,18.85,13.0,13.05,0.0,0.12,0.14,0.14,0.72,0.72,0.71
84773658478452,2025,Jones-Clifton,PIT,pairing,5on5,1,877.0,2.0,0.12,0.3,0.29,3.33,0.09,0.15,1.0,0.12,2.06,1.58,0.09,0.1,0.1,1.0,4.0,4.0,9.0,0.0,0.0,0.0,1.0,1.0,2.0,1.0,1.0,5.0,1.0,2.0,6.0,7.0,1.0,3.0,5.0,0.0,0.0,0.09,0.0,0.0,0.0,0.0,0.0,10.08,5.0,5.55,1.0,0.03,0.0,0.0,0.12,0.14,0.14,8.85,0.71,0.54,2.45,0.3,4.67,3.33,0.68,0.65,0.62,7.0,5.0,9.0,21.0,1.0,1.0,0.0,1.0,1.0,6.0,2.0,6.0,11.0,0.0,0.0,7.0,7.0,1.0,4.0,8.0,4.0,0.0,0.27,0.44,0.0,0.0,1.0,0.0,19.07,12.0,10.94,0.0,0.11,0.05,0.1,0.72,0.66,0.63
847794784821488484186,2025,Milano-Lapierre-Leonard,WSH,line,5on5,9,2293.0,70.0,0.55,0.61,0.6,26.53,2.42,1.69,6.74,0.97,13.85,10.33,2.41,2.39,2.37,27.0,9.0,18.0,54.0,2.0,2.0,0.0,7.0,0.0,13.0,12.0,25.0,34.0,2.0,4.0,15.0,18.0,4.0,12.0,27.0,7.0,2.0,0.91,0.9,0.61,2.0,0.0,0.0,54.98,36.0,35.98,6.0,0.36,0.47,0.47,2.31,2.29,2.27,18.69,2.0,0.97,4.34,0.62,8.47,7.6,1.78,1.98,1.76,14.0,10.0,11.0,35.0,0.0,4.0,0.0,2.0,0.0,6.0,12.0,14.0,24.0,1.0,2.0,16.0,14.0,3.0,11.0,16.0,5.0,3.0,0.41,0.7,0.89,0.0,0.0,0.0,34.44,24.0,23.88,6.0,0.2,1.04,1.04,1.17,1.16,1.15
84811788482142,2025,Zamula-Drysdale,PHI,pairing,5on5,10,2208.0,51.0,0.35,0.39,0.36,11.19,0.99,0.83,2.73,0.35,6.05,4.04,0.95,1.02,0.98,10.0,5.0,6.0,21.0,0.0,1.0,0.0,4.0,0.0,6.0,4.0,10.0,15.0,4.0,8.0,16.0,9.0,4.0,14.0,11.0,3.0,1.0,0.44,0.27,0.28,0.0,0.0,0.0,21.63,15.0,15.07,8.0,0.17,0.28,0.28,0.88,0.9,0.88,20.46,1.88,1.2,5.13,0.64,10.36,7.78,1.8,1.85,1.77,21.0,6.0,6.0,33.0,1.0,2.0,1.0,4.0,0.0,6.0,14.0,20.0,26.0,0.0,0.0,22.0,18.0,2.0,5.0,21.0,4.0,2.0,0.64,0.55,0.69,0.0,0.0,1.0,33.14,27.0,27.17,4.0,0.25,0.69,0.69,1.44,1.43,1.4
847842184785428480003,2025,Greer-Rodrigues-Boqvist,FLA,line,5on5,11,1057.0,102.0,0.32,0.43,0.35,5.4,0.59,0.41,1.38,0.17,2.61,1.84,0.55,0.57,0.53,3.0,4.0,5.0,12.0,2.0,1.0,1.0,1.0,0.0,2.0,1.0,1.0,5.0,1.0,2.0,8.0,13.0,1.0,10.0,4.0,2.0,1.0,0.09,0.28,0.23,0.0,1.0,1.0,11.45,7.0,6.78,6.0,0.08,0.23,0.23,0.45,0.44,0.44,9.81,1.26,0.75,2.34,0.32,4.75,3.58,1.26,1.36,1.36,9.0,4.0,3.0,16.0,3.0,1.0,0.0,1.0,0.0,4.0,4.0,6.0,10.0,2.0,4.0,7.0,13.0,2.0,5.0,6.0,6.0,1.0,0.16,0.78,0.32,1.0,2.0,0.0,17.08,13.0,13.96,3.0,0.16,0.32,0.32,1.11,1.18,1.18
847517084804598482077,2025,Holloway-Schenn-Suter,STL,line,5on5,5,909.0,32.0,0.5,0.42,0.5,5.82,0.33,0.31,1.74,0.18,3.09,2.34,0.33,0.35,0.35,4.0,4.0,3.0,11.0,0.0,0.0,0.0,3.0,0.0,2.0,3.0,4.0,8.0,3.0,9.0,8.0,6.0,0.0,4.0,7.0,1.0,0.0,0.14,0.19,0.0,0.0,0.0,0.0,11.92,8.0,8.69,4.0,0.07,0.0,0.0,0.4,0.42,0.42,5.84,0.33,0.35,1.73,0.17,3.23,2.18,0.31,0.31,0.29,4.0,4.0,7.0,15.0,0.0,0.0,0.0,3.0,0.0,4.0,1.0,4.0,8.0,2.0,7.0,10.0,6.0,0.0,4.0,7.0,1.0,0.0,0.2,0.13,0.0,0.0,0.0,0.0,13.8,8.0,7.38,3.0,0.08,0.0,0.0,0.41,0.38,0.35
847399484793518482740,2025,Benn-Steel-Johnston,DAL,line,5on5,4,613.0,46.0,0.66,0.45,0.41,5.23,1.15,0.44,0.91,0.16,2.56,1.78,1.12,1.3,1.26,5.0,2.0,3.0,10.0,2.0,1.0,1.0,0.0,0.0,2.0,2.0,3.0,5.0,0.0,0.0,3.0,5.0,1.0,2.0,3.0,3.0,1.0,0.17,0.43,0.55,0.0,1.0,1.0,11.59,7.0,7.95,1.0,0.09,0.55,0.55,0.69,0.77,0.77,7.0,0.6,0.46,1.86,0.26,4.1,2.72,0.59,0.55,0.53,3.0,7.0,2.0,12.0,1.0,1.0,1.0,0.0,0.0,3.0,5.0,2.0,9.0,1.0,2.0,5.0,1.0,0.0,8.0,8.0,1.0,1.0,0.23,0.12,0.25,0.0,0.0,1.0,11.01,10.0,9.17,4.0,0.09,0.25,0.25,0.44,0.41,0.41
847639384780208481596,2025,Cousins-Pinto-Amadio,OTT,line,5on5,13,808.0,165.0,0.76,0.56,0.55,9.3,1.29,0.62,1.99,0.31,4.54,3.26,1.18,1.29,1.18,6.0,6.0,3.0,15.0,0.0,2.0,0.0,0.0,0.0,3.0,7.0,6.0,12.0,3.0,6.0,8.0,4.0,2.0,1.0,6.0,4.0,2.0,0.2,0.54,0.56,0.0,0.0,0.0,14.76,12.0,12.07,1.0,0.13,0.56,0.56,0.86,0.83,0.81,7.13,0.42,0.4,1.7,0.25,4.06,3.17,0.41,0.44,0.44,7.0,3.0,2.0,12.0,1.0,0.0,0.0,0.0,0.0,6.0,3.0,6.0,9.0,0.0,0.0,5.0,3.0,4.0,2.0,9.0,1.0,0.0,0.26,0.15,0.0,1.0,0.0,0.0,12.19,10.0,10.15,1.0,0.08,0.0,0.0,0.5,0.52,0.52
847639284801138480289,2025,Iafallo-Lowry-Barron,WPG,line,5on5,9,2441.0,53.0,0.37,0.51,0.57,18.72,1.25,1.17,4.36,0.6,10.49,8.14,1.23,1.25,1.24,18.0,8.0,10.0,36.0,2.0,1.0,0.0,4.0,0.0,9.0,10.0,16.0,24.0,1.0,2.0,22.0,25.0,3.0,9.0,20.0,6.0,0.0,0.5,0.76,0.0,1.0,1.0,0.0,37.02,26.0,26.32,4.0,0.24,0.15,0.15,1.34,1.33,1.31,14.86,2.17,1.14,3.82,0.52,7.23,5.12,2.0,2.2,2.02,12.0,8.0,14.0,34.0,1.0,4.0,1.0,2.0,0.0,7.0,6.0,11.0,19.0,2.0,4.0,19.0,19.0,2.0,13.0,10.0,7.0,3.0,0.27,1.07,0.83,0.0,1.0,0.0,34.18,20.0,20.26,4.0,0.24,0.84,0.84,1.58,1.58,1.54
847804684785698480980,2025,Heinen-Dewar-Acciari,PIT,line,5on5,4,1947.0,13.0,0.51,0.52,0.6,17.51,1.27,1.11,4.61,0.59,9.65,6.76,1.22,1.2,1.16,14.0,10.0,5.0,29.0,1.0,2.0,0.0,3.0,0.0,12.0,6.0,13.0,23.0,4.0,8.0,17.0,16.0,4.0,9.0,19.0,3.0,2.0,0.38,0.43,0.46,1.0,0.0,0.0,26.9,24.0,22.77,2.0,0.23,0.46,0.46,1.04,0.98,0.97,11.66,1.24,0.71,2.33,0.35,6.23,5.15,1.21,1.28,1.25,12.0,4.0,11.0,27.0,1.0,1.0,0.0,3.0,0.0,6.0,5.0,11.0,15.0,1.0,2.0,12.0,17.0,2.0,9.0,12.0,2.0,2.0,0.41,0.27,0.56,0.0,1.0,0.0,29.44,16.0,17.02,3.0,0.15,0.25,0.25,1.14,1.19,1.15
847742584817168482705,2025,Wood-Sillinger-Voronkov,CBJ,line,5on5,2,652.0,7.0,0.49,0.36,0.4,3.93,0.28,0.26,1.01,0.15,2.44,1.85,0.28,0.32,0.32,4.0,2.0,3.0,9.0,1.0,0.0,0.0,1.0,0.0,2.0,2.0,3.0,5.0,1.0,2.0,4.0,3.0,2.0,8.0,4.0,2.0,0.0,0.07,0.21,0.0,1.0,0.0,0.0,9.96,6.0,6.71,6.0,0.05,0.0,0.0,0.34,0.38,0.37,6.29,0.3,0.34,1.77,0.22,3.68,2.68,0.3,0.29,0.29,7.0,2.0,7.0,16.0,1.0,0.0,0.0,4.0,0.0,4.0,0.0,6.0,8.0,1.0,2.0,14.0,2.0,1.0,3.0,9.0,0.0,0.0,0.3,0.0,0.0,1.0,0.0,0.0,15.2,9.0,8.62,0.0,0.07,0.0,0.0,0.37,0.36,0.36
847795684784018479987,2025,Geekie-Zacha-Pastrnak,BOS,line,5on5,18,1124.0,204.0,0.53,0.71,0.67,12.88,0.83,0.76,3.39,0.44,7.15,5.44,0.81,0.88,0.86,10.0,8.0,7.0,25.0,1.0,1.0,0.0,1.0,0.0,6.0,9.0,9.0,17.0,2.0,4.0,6.0,7.0,1.0,3.0,16.0,2.0,0.0,0.53,0.29,0.0,1.0,0.0,0.0,25.29,18.0,18.29,0.0,0.15,0.18,0.18,0.8,0.84,0.83,6.78,0.73,0.5,1.71,0.23,3.38,2.44,0.72,0.72,0.71,6.0,3.0,1.0,10.0,1.0,1.0,0.0,3.0,0.0,3.0,1.0,5.0,8.0,1.0,2.0,5.0,5.0,1.0,5.0,6.0,2.0,1.0,0.21,0.25,0.27,0.0,0.0,1.0,9.82,9.0,8.83,2.0,0.1,0.16,0.16,0.67,0.67,0.66
84754558477488,2025,Dillon-Pesce,NJD,pairing,5on5,14,1044.0,97.0,0.43,0.48,0.47,5.45,0.56,0.34,1.1,0.17,2.65,2.18,0.56,0.59,0.59,7.0,0.0,5.0,12.0,1.0,1.0,0.0,0.0,0.0,2.0,3.0,6.0,6.0,2.0,4.0,4.0,10.0,0.0,3.0,5.0,2.0,0.0,0.21,0.35,0.0,0.0,1.0,0.0,12.67,7.0,7.45,0.0,0.07,0.1,0.0,0.63,0.67,0.67,6.42,0.75,0.46,1.25,0.19,3.01,2.34,0.75,0.75,0.75,7.0,1.0,5.0,13.0,2.0,0.0,0.0,1.0,0.0,2.0,3.0,5.0,6.0,0.0,0.0,5.0,6.0,1.0,5.0,3.0,4.0,1.0,0.07,0.4,0.29,0.0,2.0,0.0,12.93,8.0,8.05,3.0,0.1,0.0,0.0,0.85,0.84,0.84
847584884808138484403,2025,Xhekaj-Veleno-Gallagher,MTL,line,5on5,3,1232.0,12.0,0.27,0.3,0.23,3.75,0.24,0.22,1.07,0.11,1.85,1.51,0.24,0.26,0.26,4.0,1.0,6.0,11.0,0.0,0.0,0.0,0.0,0.0,2.0,3.0,4.0,5.0,1.0,2.0,8.0,18.0,0.0,4.0,4.0,1.0,0.0,0.09,0.15,0.0,0.0,0.0,0.0,10.62,5.0,4.98,2.0,0.05,0.0,0.0,0.28,0.31,0.31,11.31,0.65,0.76,3.1,0.45,6.93,5.11,0.65,0.63,0.63,12.0,5.0,9.0,26.0,1.0,1.0,0.0,2.0,0.0,8.0,5.0,11.0,16.0,2.0,4.0,12.0,5.0,3.0,4.0,16.0,1.0,0.0,0.54,0.11,0.0,0.0,1.0,0.0,25.09,17.0,16.63,1.0,0.15,0.04,0.04,0.77,0.75,0.75
847805784784628484158,2025,Joshua-Roy-Cowan,TOR,line,5on5,10,2146.0,96.0,0.47,0.57,0.45,13.6,1.17,0.95,3.25,0.44,7.75,5.43,1.14,1.15,1.11,14.0,5.0,19.0,38.0,2.0,1.0,1.0,4.0,0.0,6.0,6.0,12.0,17.0,2.0,4.0,15.0,26.0,4.0,9.0,14.0,5.0,0.0,0.57,0.6,0.0,1.0,1.0,0.0,35.84,19.0,18.26,4.0,0.2,0.11,0.11,1.26,1.23,1.21,16.87,1.33,0.97,3.9,0.52,9.2,7.09,1.32,1.36,1.35,16.0,7.0,6.0,29.0,2.0,1.0,0.0,6.0,0.0,5.0,9.0,14.0,21.0,2.0,4.0,16.0,10.0,3.0,11.0,20.0,2.0,1.0,0.6,0.29,0.44,2.0,0.0,0.0,29.88,23.0,23.66,6.0,0.2,0.44,0.44,1.08,1.12,1.12
848103284817218482110,2025,Cotter-Mercer-Gritsyuk,NJD,line,5on5,9,1125.0,93.0,0.19,0.32,0.33,7.89,0.34,0.38,2.13,0.28,4.43,3.43,0.33,0.35,0.35,6.0,5.0,3.0,14.0,0.0,0.0,0.0,2.0,0.0,1.0,8.0,6.0,11.0,1.0,2.0,10.0,6.0,0.0,3.0,10.0,1.0,0.0,0.24,0.1,0.0,0.0,0.0,0.0,14.47,11.0,11.29,2.0,0.08,0.0,0.0,0.42,0.43,0.42,15.84,1.41,0.95,4.0,0.55,8.63,6.46,1.32,1.3,1.23,12.0,10.0,8.0,30.0,1.0,1.0,0.0,3.0,1.0,5.0,11.0,11.0,21.0,1.0,2.0,6.0,3.0,4.0,2.0,16.0,4.0,2.0,0.38,0.5,0.53,0.0,1.0,0.0,28.04,22.0,20.49,0.0,0.2,0.27,0.27,1.33,1.23,1.22
847749284795258480039,2025,Colton-Mackinnon-Necas,COL,line,5on5,17,664.0,223.0,0.89,0.78,0.75,6.82,0.53,0.33,1.54,0.2,3.23,3.17,0.53,0.55,0.55,6.0,3.0,9.0,18.0,0.0,0.0,0.0,1.0,0.0,4.0,4.0,6.0,9.0,0.0,0.0,1.0,5.0,2.0,2.0,8.0,0.0,1.0,0.25,0.0,0.28,0.0,0.0,0.0,19.04,9.0,9.43,1.0,0.07,0.0,0.0,0.6,0.62,0.62,1.84,0.07,0.09,0.5,0.07,1.35,0.92,0.07,0.07,0.07,2.0,1.0,2.0,5.0,0.0,0.0,0.0,0.0,0.0,2.0,1.0,2.0,3.0,3.0,6.0,4.0,3.0,1.0,1.0,3.0,0.0,0.0,0.07,0.0,0.0,0.0,0.0,0.0,4.72,3.0,2.85,0.0,0.02,0.0,0.0,0.09,0.08,0.08
84774988480831,2025,Nurse-Regula,EDM,pairing,5on5,21,15173.0,52.0,0.54,0.49,0.52,137.59,13.19,9.3,34.0,4.64,73.59,52.28,12.54,13.28,12.62,118.0,69.0,53.0,240.0,6.0,19.0,0.0,27.0,0.0,64.0,71.0,112.0,181.0,21.0,48.0,122.0,109.0,19.0,78.0,128.0,42.0,17.0,3.61,5.14,4.44,1.0,5.0,0.0,245.79,187.0,190.0,36.0,1.94,3.67,3.67,11.47,11.6,11.4,129.47,11.06,8.5,31.0,4.08,68.53,50.83,10.75,11.15,10.83,114.0,60.0,75.0,249.0,14.0,10.0,6.0,17.0,0.0,65.0,68.0,100.0,160.0,24.0,56.0,102.0,115.0,24.0,78.0,135.0,27.0,12.0,4.53,3.24,3.3,5.0,3.0,6.0,248.88,174.0,173.99,36.0,1.77,1.98,1.98,10.85,10.9,10.77
84745688477938,2025,Fleury-Schenn,WPG,pairing,5on5,11,4419.0,44.0,0.28,0.36,0.41,25.73,1.85,1.56,6.23,0.76,13.97,10.63,1.85,1.93,1.93,22.0,13.0,10.0,45.0,0.0,0.0,0.0,8.0,0.0,11.0,16.0,22.0,35.0,6.0,15.0,34.0,41.0,6.0,26.0,27.0,6.0,2.0,0.64,0.78,0.43,0.0,0.0,0.0,47.47,35.0,36.11,14.0,0.32,0.0,0.0,2.18,2.27,2.26,38.24,4.79,2.92,8.77,1.23,19.45,13.85,4.62,4.78,4.61,29.0,22.0,29.0,80.0,4.0,6.0,1.0,2.0,0.0,16.0,23.0,25.0,47.0,6.0,15.0,18.0,36.0,8.0,20.0,32.0,12.0,7.0,1.07,1.69,2.02,1.0,2.0,1.0,78.35,51.0,50.11,8.0,0.61,1.7,1.7,3.7,3.67,3.61
847517084784728482077,2025,Holloway-Schenn-Joseph,STL,line,5on5,6,2308.0,20.0,0.47,0.46,0.47,14.9,1.49,0.89,3.87,0.5,7.52,5.73,1.48,1.51,1.51,15.0,5.0,9.0,29.0,2.0,0.0,0.0,2.0,0.0,5.0,11.0,13.0,18.0,2.0,7.0,22.0,29.0,1.0,9.0,12.0,8.0,0.0,0.44,1.05,0.0,0.0,2.0,0.0,29.22,20.0,20.18,3.0,0.19,0.0,0.0,1.67,1.7,1.69,17.37,1.65,1.04,4.5,0.59,8.49,6.73,1.6,1.64,1.59,19.0,4.0,11.0,34.0,0.0,2.0,0.0,6.0,0.0,7.0,8.0,19.0,23.0,1.0,5.0,17.0,11.0,9.0,10.0,17.0,4.0,2.0,0.45,0.69,0.52,0.0,0.0,0.0,33.44,23.0,22.71,2.0,0.22,0.22,0.22,1.64,1.62,1.59
847931684793938480003,2025,Gregor-Kunin-Boqvist,FLA,line,5on5,3,709.0,22.0,0.4,0.5,0.54,4.8,0.42,0.39,1.27,0.23,2.77,1.93,0.4,0.41,0.39,5.0,2.0,1.0,8.0,0.0,2.0,0.0,1.0,0.0,3.0,1.0,5.0,7.0,2.0,4.0,9.0,11.0,1.0,2.0,4.0,3.0,0.0,0.14,0.28,0.0,0.0,0.0,0.0,7.93,7.0,7.0,2.0,0.08,0.11,0.11,0.39,0.37,0.36,4.5,0.62,0.3,1.08,0.15,2.25,1.6,0.59,0.64,0.6,6.0,0.0,2.0,8.0,0.0,1.0,0.0,1.0,0.0,1.0,3.0,6.0,6.0,1.0,2.0,2.0,9.0,1.0,1.0,3.0,2.0,1.0,0.03,0.25,0.34,0.0,0.0,0.0,8.27,6.0,6.18,1.0,0.06,0.34,0.34,0.34,0.36,0.36
847750184781098480835,2025,Olofsson-Drury-Nichushkin,COL,line,5on5,8,1947.0,60.0,0.43,0.51,0.49,14.95,0.72,0.81,3.92,0.47,8.61,6.47,0.72,0.74,0.74,14.0,7.0,7.0,28.0,1.0,0.0,0.0,4.0,0.0,8.0,8.0,13.0,20.0,1.0,2.0,22.0,8.0,0.0,12.0,19.0,2.0,0.0,0.47,0.25,0.0,1.0,0.0,0.0,28.62,21.0,21.3,7.0,0.16,0.0,0.0,0.88,0.91,0.9,14.76,0.97,1.02,3.7,0.48,9.28,6.54,0.96,0.95,0.94,14.0,8.0,5.0,27.0,1.0,0.0,0.0,8.0,0.0,5.0,8.0,13.0,21.0,3.0,6.0,9.0,12.0,0.0,14.0,18.0,3.0,1.0,0.42,0.3,0.24,0.0,1.0,0.0,26.26,22.0,21.73,8.0,0.21,0.0,0.0,1.18,1.16,1.14
847531484764198477407,2025,Lee-Pageau-Duclair,NYI,line,5on5,8,3704.0,24.0,0.34,0.31,0.32,17.65,1.67,1.13,4.22,0.59,8.62,6.77,1.63,1.73,1.69,13.0,10.0,8.0,31.0,1.0,1.0,0.0,3.0,1.0,7.0,10.0,12.0,22.0,2.0,4.0,28.0,14.0,7.0,20.0,16.0,5.0,2.0,0.55,0.57,0.55,1.0,0.0,0.0,33.54,23.0,24.6,13.0,0.24,0.27,0.27,1.63,1.73,1.71,35.46,3.24,2.16,9.03,1.13,19.16,13.3,3.19,3.05,3.01,32.0,16.0,20.0,68.0,1.0,2.0,0.0,3.0,0.0,17.0,25.0,31.0,47.0,3.0,8.0,31.0,25.0,4.0,17.0,37.0,6.0,5.0,1.07,0.92,1.25,1.0,0.0,0.0,64.18,48.0,45.74,9.0,0.45,0.35,0.35,3.33,3.15,3.12
84808348481056,2025,Stastney-Emberson,EDM,pairing,5on5,10,5009.0,38.0,0.52,0.5,0.51,36.35,3.58,2.47,9.15,1.23,18.35,14.21,3.4,3.71,3.52,30.0,19.0,20.0,69.0,1.0,6.0,1.0,8.0,0.0,15.0,19.0,29.0,48.0,3.0,8.0,44.0,40.0,6.0,25.0,34.0,10.0,5.0,1.01,1.34,1.23,0.0,0.0,1.0,73.77,49.0,51.69,9.0,0.51,1.15,1.15,2.94,3.04,2.94,34.89,3.29,2.43,9.22,1.11,18.0,12.95,3.09,3.11,2.93,34.0,13.0,22.0,69.0,1.0,3.0,0.0,9.0,0.0,19.0,15.0,33.0,46.0,5.0,10.0,45.0,58.0,3.0,26.0,31.0,11.0,5.0,0.82,1.22,1.25,0.0,1.0,0.0,65.6,47.0,45.33,13.0,0.51,0.61,0.61,3.19,3.06,2.97
84769068480817,2025,Miller-Gostisbehere,CAR,pairing,5on5,18,1092.0,145.0,0.74,0.69,0.72,10.22,1.05,0.72,2.22,0.28,4.97,3.76,1.04,1.09,1.09,8.0,5.0,5.0,18.0,1.0,0.0,0.0,0.0,0.0,5.0,7.0,7.0,12.0,3.0,6.0,2.0,8.0,3.0,4.0,10.0,2.0,1.0,0.43,0.32,0.3,0.0,0.0,1.0,18.22,13.0,13.28,0.0,0.15,0.0,0.0,1.2,1.25,1.24,3.77,0.38,0.21,0.77,0.12,1.77,1.76,0.38,0.4,0.4,4.0,1.0,3.0,8.0,1.0,0.0,0.0,1.0,0.0,0.0,3.0,3.0,4.0,1.0,2.0,3.0,6.0,1.0,10.0,3.0,1.0,1.0,0.05,0.11,0.22,0.0,1.0,0.0,8.03,5.0,5.1,5.0,0.04,0.0,0.0,0.42,0.44,0.44
847687284789048481582,2025,Robertson-Laughton-Lorentz,TOR,line,5on5,9,1761.0,68.0,0.41,0.31,0.36,11.46,0.79,0.57,3.17,0.34,5.8,4.32,0.79,0.87,0.87,9.0,6.0,4.0,19.0,3.0,0.0,0.0,5.0,0.0,5.0,2.0,6.0,12.0,3.0,6.0,22.0,12.0,3.0,6.0,12.0,2.0,1.0,0.19,0.29,0.31,0.0,2.0,1.0,20.24,15.0,16.02,3.0,0.12,0.0,0.0,0.91,0.99,0.99,18.94,1.14,1.19,4.86,0.68,11.13,7.99,1.12,1.06,1.04,15.0,12.0,15.0,42.0,0.0,0.0,0.0,1.0,0.0,11.0,15.0,15.0,27.0,2.0,4.0,10.0,13.0,2.0,7.0,21.0,6.0,0.0,0.54,0.6,0.0,0.0,0.0,0.0,38.25,27.0,25.04,2.0,0.25,0.0,0.0,1.39,1.29,1.27
84754628481563,2025,Gudas-Helleson,ANA,pairing,5on5,11,1250.0,85.0,0.41,0.33,0.3,7.04,0.78,0.49,1.72,0.22,3.29,2.49,0.76,0.82,0.79,8.0,1.0,6.0,15.0,2.0,1.0,0.0,3.0,0.0,0.0,3.0,6.0,7.0,0.0,0.0,6.0,8.0,0.0,5.0,4.0,4.0,1.0,0.11,0.47,0.21,0.0,2.0,0.0,14.8,9.0,9.25,3.0,0.1,0.21,0.21,0.68,0.7,0.7,15.56,1.12,1.1,4.04,0.55,8.25,5.94,1.11,1.13,1.12,15.0,6.0,10.0,31.0,4.0,3.0,1.0,3.0,0.0,6.0,5.0,11.0,17.0,1.0,2.0,9.0,9.0,2.0,4.0,16.0,5.0,0.0,0.48,0.65,0.0,1.0,3.0,0.0,32.23,21.0,21.25,1.0,0.23,0.17,0.17,1.18,1.2,1.18
84774478481527,2025,Theodore-Korczak,VGK,pairing,5on5,19,710.0,157.0,0.58,0.5,0.53,6.46,0.63,0.42,1.5,0.2,3.44,2.81,0.61,0.62,0.6,6.0,3.0,3.0,12.0,2.0,1.0,1.0,1.0,0.0,3.0,2.0,4.0,7.0,0.0,0.0,0.0,8.0,2.0,6.0,8.0,0.0,1.0,0.28,0.0,0.35,1.0,0.0,1.0,12.17,9.0,8.99,3.0,0.08,0.01,0.35,0.37,0.36,0.36,5.57,0.46,0.41,1.25,0.23,3.27,2.38,0.45,0.48,0.47,4.0,4.0,4.0,12.0,0.0,0.0,0.0,1.0,0.0,6.0,1.0,4.0,8.0,0.0,0.0,1.0,4.0,2.0,6.0,7.0,1.0,0.0,0.36,0.1,0.0,0.0,0.0,0.0,12.06,8.0,8.12,1.0,0.08,0.0,0.0,0.54,0.56,0.55
84757648476892,2025,Fowler-Parayko,STL,pairing,5on5,32,10434.0,176.0,0.49,0.5,0.48,86.21,8.21,5.85,21.43,2.91,46.8,33.8,7.7,8.12,7.61,72.0,47.0,49.0,168.0,3.0,12.0,1.0,9.0,0.0,48.0,47.0,69.0,116.0,7.0,16.0,80.0,62.0,12.0,41.0,84.0,27.0,8.0,2.26,3.63,2.33,0.0,2.0,1.0,166.43,119.0,119.12,17.0,1.22,2.42,2.34,7.08,6.98,6.76,92.63,8.53,5.81,23.35,3.09,50.71,36.51,8.26,8.54,8.28,90.0,38.0,37.0,165.0,13.0,4.0,2.0,19.0,1.0,49.0,42.0,77.0,115.0,11.0,24.0,81.0,56.0,16.0,58.0,95.0,24.0,9.0,2.82,3.0,2.7,8.0,2.0,3.0,166.03,128.0,128.24,30.0,1.21,1.39,1.39,8.35,8.39,8.2
848265984828968484145,2025,Benson-Kozak-Doan,BUF,line,5on5,4,645.0,32.0,0.43,0.63,0.55,4.37,0.44,0.34,0.9,0.14,2.47,1.71,0.43,0.44,0.43,5.0,1.0,4.0,10.0,0.0,0.0,0.0,2.0,0.0,3.0,1.0,5.0,6.0,0.0,0.0,6.0,4.0,0.0,5.0,4.0,2.0,0.0,0.21,0.23,0.0,0.0,0.0,0.0,10.32,6.0,6.16,1.0,0.07,0.0,0.0,0.51,0.51,0.49,3.73,0.59,0.33,0.8,0.12,1.82,1.34,0.58,0.55,0.55,4.0,1.0,1.0,6.0,1.0,0.0,0.0,1.0,0.0,2.0,1.0,3.0,4.0,2.0,4.0,8.0,2.0,2.0,5.0,2.0,2.0,1.0,0.07,0.25,0.27,0.0,1.0,0.0,5.56,5.0,4.62,4.0,0.07,0.0,0.0,0.66,0.61,0.61
84815988482516,2025,Broberg-Kessel,STL,pairing,5on5,15,887.0,108.0,0.33,0.36,0.37,5.61,0.42,0.3,1.38,0.16,2.52,2.21,0.42,0.46,0.46,7.0,0.0,2.0,9.0,0.0,0.0,0.0,0.0,0.0,3.0,4.0,7.0,7.0,0.0,0.0,6.0,7.0,1.0,2.0,5.0,1.0,1.0,0.07,0.08,0.27,0.0,0.0,0.0,9.44,7.0,7.35,1.0,0.06,0.0,0.0,0.48,0.52,0.52,8.59,0.85,0.63,1.85,0.32,4.58,3.76,0.82,0.93,0.89,10.0,2.0,4.0,16.0,1.0,2.0,0.0,1.0,0.0,4.0,4.0,9.0,11.0,1.0,2.0,0.0,7.0,0.0,3.0,8.0,4.0,0.0,0.3,0.55,0.0,0.0,1.0,0.0,16.63,12.0,12.66,2.0,0.13,0.19,0.19,0.79,0.85,0.84
84741518478178,2025,Mcdonagh-Raddysh,TBL,pairing,5on5,8,751.0,52.0,0.55,0.5,0.48,9.56,0.52,0.55,2.43,0.3,5.13,4.06,0.52,0.51,0.51,6.0,7.0,4.0,17.0,1.0,1.0,0.0,1.0,0.0,6.0,4.0,5.0,12.0,0.0,0.0,1.0,4.0,0.0,2.0,12.0,1.0,0.0,0.42,0.1,0.0,1.0,0.0,0.0,16.76,13.0,12.72,1.0,0.11,0.02,0.02,0.62,0.6,0.6,10.42,0.44,0.51,2.51,0.31,5.39,4.85,0.44,0.47,0.47,7.0,7.0,3.0,17.0,1.0,0.0,0.0,2.0,1.0,4.0,6.0,6.0,13.0,1.0,2.0,1.0,7.0,0.0,2.0,12.0,2.0,0.0,0.17,0.27,0.0,0.0,1.0,0.0,17.79,14.0,14.67,2.0,0.1,0.0,0.0,0.54,0.57,0.57
847456484752878478047,2025,Bunting-Haula-Stamkos,NSH,line,5on5,8,1464.0,86.0,0.46,0.54,0.5,14.28,0.99,0.86,4.47,0.51,7.25,4.92,0.97,0.93,0.91,17.0,2.0,11.0,30.0,0.0,2.0,0.0,2.0,0.0,7.0,8.0,17.0,19.0,3.0,6.0,16.0,9.0,1.0,8.0,16.0,1.0,2.0,0.41,0.13,0.46,0.0,0.0,0.0,28.32,19.0,17.96,4.0,0.19,0.35,0.35,0.83,0.77,0.75,14.5,1.17,0.89,3.54,0.42,7.07,5.9,1.16,1.24,1.23,14.0,5.0,7.0,26.0,1.0,0.0,0.0,3.0,0.0,7.0,8.0,13.0,18.0,0.0,0.0,12.0,5.0,6.0,9.0,12.0,6.0,1.0,0.28,0.68,0.22,0.0,1.0,0.0,27.59,19.0,20.1,7.0,0.19,0.0,0.0,1.36,1.44,1.43
847575484781098479525,2025,Olofsson-Nelson-Colton,COL,line,5on5,17,884.0,242.0,0.7,0.68,0.68,11.85,0.69,0.62,3.53,0.41,6.95,4.81,0.68,0.71,0.7,14.0,3.0,6.0,23.0,0.0,2.0,0.0,5.0,0.0,5.0,5.0,14.0,17.0,1.0,2.0,7.0,1.0,1.0,7.0,14.0,3.0,0.0,0.28,0.41,0.0,0.0,0.0,0.0,23.97,17.0,17.44,5.0,0.13,0.2,0.2,0.61,0.62,0.62,5.58,0.3,0.33,1.42,0.18,3.45,2.32,0.29,0.28,0.28,2.0,6.0,3.0,11.0,0.0,1.0,0.0,0.0,0.0,4.0,3.0,2.0,8.0,1.0,2.0,8.0,9.0,1.0,6.0,7.0,1.0,0.0,0.16,0.14,0.0,0.0,0.0,0.0,10.16,8.0,7.48,1.0,0.07,0.14,0.14,0.23,0.21,0.21
847844084816568484186,2025,Protas-Strome-Leonard,WSH,line,5on5,5,946.0,47.0,0.54,0.55,0.6,10.87,0.99,0.6,2.72,0.36,5.95,4.37,0.97,0.99,0.98,7.0,8.0,6.0,21.0,1.0,1.0,0.0,0.0,0.0,4.0,9.0,6.0,14.0,1.0,4.0,7.0,3.0,0.0,1.0,11.0,3.0,1.0,0.34,0.43,0.23,1.0,0.0,0.0,20.93,15.0,15.03,1.0,0.13,0.23,0.23,0.89,0.89,0.88,7.7,0.86,0.53,1.52,0.21,3.93,2.95,0.86,0.87,0.87,6.0,4.0,7.0,17.0,0.0,0.0,0.0,2.0,0.0,4.0,4.0,6.0,10.0,1.0,2.0,6.0,5.0,2.0,2.0,5.0,5.0,0.0,0.11,0.75,0.0,0.0,0.0,0.0,17.06,10.0,9.92,0.0,0.11,0.0,0.0,0.97,0.98,0.98
847341984779338482113,2025,Marchand-Lundell-Reinhart,FLA,line,5on5,7,1311.0,64.0,0.44,0.49,0.44,12.48,1.13,0.77,2.91,0.41,6.63,5.15,1.09,1.04,1.0,8.0,9.0,7.0,24.0,1.0,1.0,0.0,3.0,0.0,8.0,4.0,7.0,16.0,1.0,2.0,4.0,4.0,3.0,5.0,10.0,6.0,1.0,0.22,0.59,0.32,1.0,0.0,0.0,21.84,17.0,15.44,2.0,0.15,0.32,0.32,0.97,0.89,0.88,16.42,1.45,0.98,4.19,0.53,8.54,6.3,1.42,1.6,1.58,15.0,7.0,3.0,25.0,0.0,0.0,0.0,1.0,0.0,7.0,14.0,15.0,22.0,0.0,0.0,15.0,7.0,1.0,3.0,16.0,5.0,1.0,0.49,0.74,0.21,0.0,0.0,0.0,28.06,22.0,24.52,1.0,0.21,0.0,0.0,1.66,1.83,1.8
84804268482929,2025,D'Astous-Lilleberg,TBL,pairing,5on5,23,14892.0,62.0,0.54,0.51,0.52,122.22,12.88,8.29,31.04,4.1,62.74,45.95,12.15,13.19,12.44,117.0,48.0,58.0,223.0,13.0,16.0,1.0,32.0,0.0,56.0,48.0,104.0,152.0,19.0,52.0,118.0,106.0,17.0,61.0,110.0,38.0,17.0,3.07,5.17,4.65,2.0,8.0,3.0,230.7,165.0,169.48,20.0,1.74,3.66,3.66,10.97,11.21,10.92,113.27,10.79,7.01,29.01,3.76,58.66,44.77,10.24,10.54,10.01,103.0,51.0,59.0,213.0,8.0,14.0,1.0,18.0,0.0,55.0,59.0,95.0,146.0,22.0,56.0,144.0,128.0,24.0,64.0,114.0,24.0,16.0,3.5,2.84,4.45,3.0,2.0,3.0,206.01,154.0,150.5,18.0,1.47,2.86,2.86,9.41,9.26,9.04
84769318481122,2025,Mccabe-Benoit,TOR,pairing,5on5,31,11125.0,146.0,0.49,0.4,0.4,66.15,6.4,4.28,15.98,2.12,32.88,25.34,6.1,6.48,6.16,57.0,30.0,40.0,127.0,4.0,9.0,1.0,19.0,0.0,24.0,31.0,53.0,83.0,11.0,22.0,115.0,109.0,17.0,59.0,60.0,20.0,7.0,1.77,2.77,1.86,1.0,3.0,0.0,125.9,87.0,86.6,33.0,0.89,1.95,1.74,5.55,5.56,5.49,91.37,6.69,5.62,24.06,3.21,51.09,37.33,6.52,6.75,6.57,79.0,49.0,63.0,191.0,7.0,7.0,0.0,17.0,0.0,52.0,45.0,72.0,121.0,7.0,14.0,72.0,60.0,9.0,64.0,102.0,22.0,4.0,2.9,2.68,1.11,5.0,2.0,0.0,194.29,128.0,129.73,31.0,1.16,1.1,1.1,6.76,6.81,6.72
84789118479345,2025,Chychrun-Roy,WSH,pairing,5on5,39,26524.0,80.0,0.58,0.56,0.56,277.1,26.95,17.81,69.16,9.49,147.41,111.17,25.75,27.29,26.02,245.0,137.0,136.0,518.0,28.0,29.0,5.0,52.0,0.0,129.0,144.0,217.0,354.0,31.0,67.0,194.0,149.0,35.0,107.0,263.0,92.0,27.0,7.92,11.47,7.56,11.0,13.0,4.0,520.95,382.0,385.68,53.0,3.72,5.97,6.22,24.45,24.62,24.03,218.83,19.17,13.75,55.35,7.3,117.22,87.2,18.78,19.21,18.82,201.0,99.0,115.0,415.0,11.0,20.0,2.0,48.0,0.0,104.0,117.0,190.0,289.0,33.0,69.0,220.0,163.0,35.0,130.0,226.0,55.0,19.0,7.19,6.87,5.12,4.0,3.0,4.0,415.29,300.0,300.08,65.0,2.85,3.37,3.73,18.29,18.39,18.19
847952584804488480835,2025,Colton-Kelly-Drury,COL,line,5on5,16,1019.0,159.0,0.6,0.62,0.67,15.73,1.24,0.87,4.18,0.6,8.63,6.47,1.2,1.28,1.24,14.0,8.0,4.0,26.0,3.0,2.0,0.0,5.0,0.0,7.0,5.0,11.0,19.0,4.0,8.0,9.0,15.0,3.0,5.0,18.0,3.0,1.0,0.62,0.42,0.21,1.0,1.0,1.0,27.25,22.0,22.63,4.0,0.18,0.06,0.06,1.37,1.41,1.36,8.24,0.83,0.56,2.04,0.24,4.18,3.15,0.79,0.84,0.8,8.0,3.0,5.0,16.0,0.0,1.0,0.0,1.0,0.0,7.0,2.0,8.0,11.0,2.0,4.0,12.0,2.0,0.0,7.0,7.0,3.0,1.0,0.16,0.28,0.39,0.0,0.0,0.0,16.11,11.0,11.26,6.0,0.12,0.39,0.39,0.55,0.57,0.57
847842184793168481655,2025,Greer-Schwindt-Kunin,FLA,line,5on5,3,1279.0,12.0,0.17,0.27,0.29,6.6,0.27,0.33,1.93,0.24,3.65,2.58,0.27,0.27,0.27,6.0,3.0,3.0,12.0,0.0,0.0,0.0,0.0,0.0,5.0,4.0,6.0,9.0,2.0,4.0,10.0,19.0,0.0,9.0,9.0,0.0,0.0,0.27,0.0,0.0,0.0,0.0,0.0,12.24,9.0,9.16,6.0,0.07,0.0,0.0,0.34,0.34,0.33,15.98,1.29,0.95,3.97,0.54,8.2,7.05,1.23,1.35,1.27,16.0,6.0,10.0,32.0,2.0,1.0,0.0,4.0,0.0,10.0,5.0,14.0,20.0,4.0,8.0,15.0,13.0,2.0,5.0,17.0,2.0,3.0,0.36,0.27,0.65,0.0,1.0,1.0,31.56,22.0,21.86,3.0,0.2,0.21,0.21,1.28,1.33,1.26
847458684779558482665,2025,Mccann-Beniers-Eberle,SEA,line,5on5,12,6326.0,42.0,0.55,0.56,0.57,68.69,5.48,4.72,17.91,2.47,39.75,27.68,5.22,5.38,5.12,55.0,43.0,27.0,125.0,5.0,8.0,1.0,18.0,0.0,27.0,40.0,50.0,93.0,5.0,13.0,54.0,34.0,4.0,34.0,73.0,21.0,4.0,1.93,2.48,1.07,2.0,2.0,1.0,122.43,98.0,96.61,12.0,0.99,1.16,1.16,5.31,5.22,5.11,51.61,4.44,3.52,12.46,1.77,29.95,20.87,4.34,4.5,4.4,43.0,30.0,27.0,100.0,4.0,4.0,0.0,11.0,0.0,23.0,31.0,39.0,69.0,7.0,17.0,66.0,41.0,2.0,37.0,56.0,11.0,6.0,1.57,1.41,1.46,2.0,0.0,2.0,101.75,73.0,74.23,15.0,0.73,0.33,0.33,4.84,4.91,4.81
847515884768878482146,2025,Forsberg-O'Reilly-Evangelista,NSH,line,5on5,30,10248.0,211.0,0.59,0.64,0.61,98.29,8.86,6.66,24.01,3.34,54.15,38.98,8.46,8.58,8.21,96.0,40.0,71.0,207.0,9.0,10.0,1.0,21.0,1.0,59.0,36.0,87.0,127.0,9.0,18.0,111.0,44.0,17.0,53.0,102.0,25.0,9.0,3.06,3.34,2.46,5.0,2.0,2.0,200.46,136.0,131.55,20.0,1.39,1.83,1.83,8.43,8.2,8.02,63.4,6.26,4.03,15.66,2.01,33.19,24.86,6.12,6.54,6.4,60.0,26.0,31.0,117.0,6.0,7.0,1.0,15.0,0.0,26.0,32.0,54.0,80.0,18.0,38.0,94.0,47.0,15.0,63.0,65.0,12.0,9.0,1.95,1.53,2.78,2.0,2.0,2.0,121.75,86.0,89.18,27.0,0.84,2.01,2.01,5.09,5.31,5.26
847353384769218477478,2025,Martinook-Staal-Carrier,CAR,line,5on5,28,16066.0,67.0,0.58,0.63,0.59,161.85,14.96,10.05,43.82,5.44,84.49,60.22,14.41,14.91,14.36,125.0,94.0,114.0,333.0,13.0,14.0,1.0,35.0,0.0,87.0,70.0,112.0,206.0,10.0,23.0,211.0,163.0,25.0,63.0,158.0,43.0,18.0,4.34,5.63,5.0,5.0,6.0,2.0,331.71,219.0,218.74,33.0,2.11,2.83,2.83,14.24,14.2,13.98,111.94,10.85,7.23,27.36,3.7,57.93,43.93,10.61,10.98,10.74,97.0,54.0,43.0,194.0,14.0,8.0,1.0,17.0,0.0,62.0,50.0,83.0,137.0,18.0,39.0,172.0,119.0,16.0,94.0,100.0,43.0,8.0,3.29,5.41,2.15,3.0,9.0,2.0,195.84,151.0,153.06,51.0,1.52,1.08,1.08,11.29,11.42,11.29
848274584834458484762,2025,Gauthier-Mctavish-Sennecke,ANA,line,5on5,38,18234.0,131.0,0.59,0.56,0.55,213.89,21.85,14.73,53.32,7.2,109.58,80.32,20.29,21.6,20.09,181.0,106.0,115.0,402.0,15.0,32.0,3.0,40.0,0.0,110.0,90.0,166.0,272.0,30.0,63.0,146.0,91.0,26.0,88.0,200.0,60.0,27.0,6.25,8.04,7.56,8.0,2.0,5.0,401.56,287.0,285.91,35.0,3.08,6.37,6.37,18.57,18.44,17.98,171.38,15.01,11.05,43.67,5.73,92.46,67.07,14.06,15.09,14.15,155.0,80.0,80.0,315.0,10.0,17.0,1.0,42.0,2.0,76.0,88.0,145.0,225.0,22.0,47.0,169.0,120.0,26.0,100.0,161.0,63.0,11.0,4.88,7.12,3.01,5.0,5.0,0.0,318.55,235.0,236.76,55.0,2.31,2.37,2.37,14.95,15.09,14.61
84789708482911,2025,Chatfield-Nystrom,CAR,pairing,5on5,12,3032.0,100.0,0.6,0.56,0.56,32.62,3.13,2.18,8.11,1.05,17.09,12.44,2.98,3.28,3.12,31.0,13.0,14.0,58.0,2.0,1.0,0.0,9.0,1.0,17.0,14.0,29.0,42.0,5.0,10.0,20.0,12.0,7.0,20.0,32.0,9.0,3.0,0.94,1.32,0.88,0.0,2.0,0.0,62.32,44.0,46.14,11.0,0.45,0.35,0.35,3.23,3.37,3.27,24.58,2.08,1.65,6.07,0.83,13.57,9.79,2.02,2.0,1.95,19.0,15.0,12.0,46.0,1.0,2.0,1.0,7.0,0.0,11.0,13.0,18.0,33.0,3.0,6.0,32.0,25.0,2.0,13.0,23.0,10.0,1.0,0.65,1.17,0.26,0.0,1.0,0.0,43.44,34.0,32.53,8.0,0.34,0.12,0.12,2.3,2.22,2.17
847516984784448482117,2025,Kane-Reichel-Boeser,VAN,line,5on5,6,1703.0,62.0,0.4,0.46,0.43,13.83,0.93,0.9,3.8,0.46,7.41,5.49,0.92,0.92,0.9,12.0,7.0,7.0,26.0,1.0,2.0,0.0,2.0,0.0,8.0,6.0,11.0,18.0,1.0,2.0,12.0,4.0,1.0,11.0,14.0,5.0,0.0,0.42,0.51,0.0,1.0,0.0,0.0,26.37,19.0,19.16,3.0,0.18,0.18,0.18,0.93,0.92,0.91,18.67,1.42,1.2,4.59,0.57,9.77,7.45,1.37,1.44,1.4,16.0,9.0,5.0,30.0,4.0,0.0,0.0,5.0,0.0,6.0,10.0,12.0,21.0,2.0,4.0,18.0,8.0,3.0,12.0,18.0,7.0,0.0,0.48,0.94,0.0,2.0,2.0,0.0,29.83,25.0,24.9,6.0,0.25,0.0,0.0,1.67,1.7,1.64
847646984779988482155,2025,Foegele-Armia-Laferriere,LAK,line,5on5,4,744.0,35.0,0.67,0.39,0.5,4.54,0.19,0.22,1.32,0.13,2.36,1.78,0.18,0.2,0.19,6.0,0.0,1.0,7.0,0.0,0.0,0.0,3.0,0.0,3.0,0.0,6.0,6.0,0.0,0.0,6.0,8.0,0.0,2.0,6.0,0.0,0.0,0.19,0.0,0.0,0.0,0.0,0.0,7.27,6.0,6.14,0.0,0.05,0.0,0.0,0.23,0.24,0.24,4.04,0.09,0.24,1.03,0.13,2.61,1.9,0.09,0.09,0.09,4.0,2.0,5.0,11.0,0.0,0.0,0.0,0.0,0.0,4.0,2.0,4.0,6.0,0.0,0.0,6.0,6.0,2.0,2.0,6.0,0.0,0.0,0.09,0.0,0.0,0.0,0.0,0.0,10.5,6.0,5.86,1.0,0.05,0.0,0.0,0.14,0.13,0.13
847698184781338482749,2025,Roy-Evans-Anderson,MTL,line,5on5,2,899.0,7.0,0.75,0.59,0.63,7.26,0.7,0.5,2.0,0.24,3.78,2.78,0.61,0.7,0.62,9.0,1.0,6.0,16.0,1.0,1.0,0.0,1.0,0.0,6.0,1.0,8.0,9.0,2.0,4.0,9.0,8.0,1.0,6.0,8.0,0.0,2.0,0.2,0.0,0.5,0.0,0.0,1.0,15.67,10.0,9.85,1.0,0.11,0.27,0.27,0.53,0.54,0.51,4.47,0.23,0.24,1.15,0.13,2.4,1.85,0.23,0.24,0.24,6.0,0.0,5.0,11.0,1.0,0.0,0.0,1.0,0.0,2.0,2.0,5.0,5.0,1.0,2.0,7.0,4.0,0.0,4.0,5.0,1.0,0.0,0.08,0.15,0.0,0.0,1.0,0.0,11.7,6.0,6.47,3.0,0.05,0.0,0.0,0.28,0.29,0.29
847752784783668478424,2025,Johnston-Harkins-Vatrano,ANA,line,5on5,9,3029.0,46.0,0.26,0.33,0.32,14.73,1.05,0.91,3.56,0.52,7.65,6.31,1.02,1.08,1.05,14.0,6.0,8.0,28.0,2.0,0.0,0.0,1.0,0.0,10.0,7.0,12.0,18.0,2.0,4.0,23.0,43.0,5.0,12.0,14.0,6.0,0.0,0.38,0.67,0.0,1.0,1.0,0.0,29.01,20.0,20.41,7.0,0.19,0.0,0.0,1.24,1.28,1.24,32.54,3.06,2.06,8.66,1.1,16.14,11.99,2.89,3.02,2.85,28.0,15.0,13.0,56.0,1.0,5.0,0.0,8.0,0.0,16.0,13.0,27.0,42.0,4.0,8.0,28.0,22.0,5.0,17.0,29.0,11.0,3.0,0.93,1.27,0.87,0.0,1.0,0.0,55.54,43.0,42.73,11.0,0.43,0.83,0.83,2.66,2.6,2.49
84788548484839,2025,Shea-Brunicke,PIT,pairing,5on5,6,996.0,38.0,0.41,0.46,0.38,5.8,0.56,0.35,1.48,0.18,3.18,2.24,0.55,0.55,0.54,5.0,3.0,4.0,12.0,0.0,1.0,0.0,2.0,0.0,2.0,3.0,5.0,8.0,0.0,0.0,4.0,5.0,0.0,3.0,6.0,1.0,1.0,0.12,0.16,0.28,0.0,0.0,0.0,11.24,8.0,7.56,1.0,0.07,0.28,0.28,0.35,0.33,0.33,9.27,0.8,0.61,2.02,0.29,5.39,3.88,0.74,0.81,0.75,10.0,3.0,1.0,14.0,0.0,2.0,0.0,3.0,0.0,6.0,2.0,10.0,13.0,2.0,4.0,2.0,12.0,0.0,3.0,10.0,3.0,0.0,0.35,0.45,0.0,0.0,0.0,0.0,14.75,13.0,13.23,2.0,0.13,0.34,0.34,0.58,0.58,0.58
847742984799928481013,2025,Rasmussen-Copp-Berggren,DET,line,5on5,3,990.0,13.0,0.52,0.59,0.59,7.52,0.58,0.41,1.85,0.24,4.04,2.88,0.57,0.57,0.56,6.0,4.0,6.0,16.0,1.0,0.0,0.0,1.0,0.0,4.0,4.0,5.0,9.0,1.0,2.0,17.0,7.0,2.0,6.0,7.0,3.0,0.0,0.22,0.37,0.0,1.0,0.0,0.0,16.11,10.0,10.02,3.0,0.08,0.0,0.0,0.67,0.65,0.64,4.98,0.53,0.35,1.03,0.18,2.82,2.08,0.51,0.55,0.53,5.0,2.0,4.0,11.0,0.0,0.0,0.0,2.0,0.0,5.0,0.0,5.0,7.0,1.0,2.0,6.0,10.0,3.0,5.0,5.0,2.0,0.0,0.25,0.28,0.0,0.0,0.0,0.0,10.61,7.0,6.92,3.0,0.07,0.0,0.0,0.6,0.62,0.6
84746008482482,2025,Josi-Wilsby,NSH,pairing,5on5,22,8213.0,101.0,0.48,0.55,0.52,66.6,6.01,4.53,16.64,2.31,36.67,25.83,5.74,5.9,5.63,67.0,25.0,47.0,139.0,3.0,11.0,0.0,15.0,0.0,31.0,32.0,64.0,89.0,15.0,33.0,65.0,49.0,10.0,37.0,70.0,14.0,8.0,1.99,1.97,2.05,1.0,2.0,0.0,136.77,92.0,91.03,16.0,0.94,2.06,2.06,4.89,4.82,4.75,63.69,6.62,4.03,16.14,2.1,32.29,23.83,6.31,6.71,6.41,56.0,29.0,27.0,112.0,7.0,9.0,1.0,15.0,0.0,26.0,28.0,49.0,78.0,14.0,31.0,71.0,68.0,9.0,38.0,58.0,18.0,9.0,1.75,2.38,2.48,3.0,1.0,3.0,113.54,85.0,85.78,17.0,0.84,1.96,1.96,5.5,5.6,5.47
848002884807978481068,2025,Farabee-Frost-Sharangovich,CGY,line,5on5,13,2325.0,104.0,0.49,0.43,0.43,19.78,2.0,1.32,4.67,0.68,10.27,7.05,1.76,1.97,1.73,18.0,8.0,11.0,37.0,1.0,3.0,0.0,5.0,0.0,9.0,8.0,17.0,25.0,2.0,4.0,21.0,16.0,4.0,9.0,18.0,5.0,3.0,0.46,0.77,0.77,1.0,0.0,0.0,36.13,26.0,25.72,5.0,0.28,0.76,0.76,1.52,1.5,1.43,25.45,2.13,1.75,6.08,0.82,13.38,9.84,2.11,2.19,2.17,25.0,9.0,15.0,49.0,2.0,2.0,0.0,9.0,0.0,8.0,13.0,23.0,32.0,4.0,8.0,15.0,22.0,5.0,11.0,23.0,10.0,1.0,0.56,1.35,0.22,0.0,1.0,1.0,49.99,34.0,34.51,5.0,0.37,0.08,0.08,2.41,2.48,2.46
847749484775008482476,2025,Heineman-Horvat-Drouin,NYI,line,5on5,16,7170.0,68.0,0.43,0.5,0.5,53.94,4.49,3.22,14.55,1.88,28.07,20.79,4.43,4.49,4.43,49.0,24.0,27.0,100.0,6.0,5.0,0.0,9.0,0.0,31.0,22.0,43.0,67.0,5.0,10.0,79.0,62.0,11.0,30.0,55.0,16.0,2.0,1.85,2.12,0.52,5.0,1.0,0.0,100.5,73.0,73.27,14.0,0.67,0.55,0.55,4.61,4.62,4.57,53.7,5.98,3.63,12.88,1.72,27.13,20.65,5.67,6.03,5.73,49.0,23.0,27.0,99.0,4.0,4.0,1.0,8.0,0.0,21.0,35.0,45.0,68.0,11.0,22.0,53.0,60.0,10.0,43.0,48.0,13.0,11.0,1.44,1.76,2.79,1.0,1.0,2.0,99.34,72.0,72.02,26.0,0.77,1.1,1.1,5.64,5.7,5.5
847645484782338483512,2025,Mangiapane-Savoie-Nugent-Hopkins,EDM,line,5on5,4,1035.0,32.0,0.74,0.45,0.5,7.77,0.74,0.54,2.22,0.24,3.76,2.5,0.69,0.72,0.67,9.0,1.0,4.0,14.0,0.0,2.0,0.0,2.0,0.0,3.0,3.0,9.0,10.0,2.0,4.0,6.0,3.0,0.0,3.0,7.0,1.0,2.0,0.11,0.15,0.48,0.0,0.0,0.0,14.03,10.0,10.04,0.0,0.12,0.28,0.28,0.58,0.57,0.56,7.13,0.26,0.33,1.95,0.25,3.93,3.28,0.26,0.26,0.26,3.0,7.0,7.0,17.0,0.0,0.0,0.0,1.0,0.0,5.0,4.0,3.0,10.0,1.0,2.0,12.0,10.0,3.0,9.0,9.0,1.0,0.0,0.11,0.14,0.0,0.0,0.0,0.0,16.53,10.0,9.79,5.0,0.07,0.0,0.0,0.32,0.32,0.32
847842084784498479351,2025,Steel-Hintz-Rantanen,DAL,line,5on5,16,3562.0,136.0,0.63,0.49,0.55,28.03,2.97,1.73,7.54,0.94,14.3,10.52,2.76,2.92,2.71,24.0,14.0,13.0,51.0,2.0,3.0,1.0,6.0,0.0,20.0,7.0,22.0,36.0,7.0,14.0,35.0,19.0,5.0,17.0,24.0,10.0,4.0,0.69,1.18,1.1,1.0,0.0,1.0,49.94,38.0,37.26,12.0,0.37,0.87,0.87,2.47,2.39,2.33,22.6,1.71,1.35,5.59,0.79,11.91,9.65,1.68,1.7,1.66,23.0,8.0,22.0,53.0,1.0,1.0,0.0,6.0,0.0,14.0,9.0,22.0,30.0,3.0,6.0,38.0,22.0,5.0,13.0,24.0,6.0,1.0,0.59,0.79,0.33,1.0,0.0,0.0,52.79,31.0,30.96,6.0,0.28,0.33,0.33,1.67,1.65,1.63
847515184753148478445,2025,Lee-Barzal-Palmieri,NYI,line,5on5,7,1398.0,71.0,0.68,0.65,0.7,17.39,1.76,1.21,4.36,0.52,8.72,6.41,1.67,1.76,1.67,17.0,6.0,8.0,31.0,2.0,2.0,0.0,0.0,0.0,9.0,10.0,15.0,21.0,1.0,2.0,11.0,7.0,1.0,7.0,17.0,4.0,2.0,0.5,0.59,0.68,1.0,1.0,0.0,29.57,23.0,22.18,5.0,0.26,0.59,0.59,1.44,1.45,1.44,8.0,0.83,0.45,2.0,0.21,3.54,2.96,0.83,0.91,0.91,8.0,2.0,7.0,17.0,1.0,0.0,0.0,2.0,0.0,2.0,5.0,7.0,9.0,2.0,4.0,11.0,7.0,4.0,9.0,6.0,3.0,1.0,0.11,0.48,0.24,0.0,1.0,0.0,17.83,10.0,10.55,3.0,0.1,0.0,0.0,0.93,1.01,1.01
84808078482671,2025,Power-Samuelsson,BUF,pairing,5on5,30,5107.0,213.0,0.51,0.46,0.47,41.28,3.24,2.47,10.19,1.31,22.23,16.56,3.17,3.27,3.2,36.0,20.0,21.0,77.0,4.0,4.0,0.0,6.0,0.0,27.0,15.0,32.0,52.0,5.0,13.0,26.0,19.0,13.0,22.0,39.0,14.0,3.0,0.94,1.54,0.76,1.0,2.0,1.0,76.72,56.0,55.78,12.0,0.51,0.87,0.72,3.04,3.06,3.05,47.07,3.12,2.73,12.23,1.5,25.1,19.32,2.94,3.06,2.89,40.0,24.0,25.0,89.0,4.0,4.0,0.0,13.0,0.0,19.0,24.0,36.0,60.0,4.0,13.0,39.0,32.0,7.0,26.0,50.0,13.0,1.0,1.31,1.56,0.25,2.0,2.0,0.0,88.66,64.0,63.72,15.0,0.56,0.62,0.62,3.06,3.02,2.98
847844484807488482117,2025,Sherwood-Reichel-Boeser,VAN,line,5on5,5,1925.0,28.0,0.29,0.35,0.36,11.9,0.82,0.65,2.6,0.38,6.23,5.32,0.82,0.79,0.79,11.0,5.0,9.0,25.0,3.0,0.0,0.0,1.0,0.0,7.0,5.0,8.0,13.0,2.0,4.0,11.0,24.0,4.0,5.0,13.0,3.0,0.0,0.42,0.4,0.0,1.0,2.0,0.0,23.71,16.0,15.46,1.0,0.13,0.0,0.0,0.96,0.92,0.92,22.23,2.03,1.38,5.77,0.72,10.49,8.62,1.95,2.08,2.0,21.0,8.0,18.0,47.0,1.0,6.0,0.0,4.0,0.0,9.0,9.0,20.0,28.0,0.0,0.0,20.0,11.0,3.0,9.0,21.0,6.0,2.0,0.57,1.01,0.44,1.0,0.0,0.0,48.58,29.0,29.61,7.0,0.29,0.9,0.9,1.41,1.45,1.41
847418984763938478173,2025,Cousins-Eller-Hodgson,OTT,line,5on5,6,1261.0,54.0,0.19,0.31,0.12,1.4,0.16,0.1,0.41,0.05,0.75,0.53,0.16,0.17,0.17,1.0,1.0,7.0,9.0,0.0,0.0,0.0,0.0,0.0,1.0,1.0,1.0,2.0,0.0,0.0,8.0,17.0,1.0,2.0,1.0,1.0,0.0,0.04,0.13,0.0,0.0,0.0,0.0,8.58,2.0,1.95,0.0,0.02,0.0,0.0,0.18,0.19,0.19,11.18,0.71,0.78,3.06,0.36,5.67,4.41,0.59,0.74,0.62,8.0,7.0,5.0,20.0,0.0,3.0,0.0,3.0,0.0,3.0,6.0,8.0,15.0,0.0,0.0,8.0,12.0,0.0,10.0,11.0,4.0,0.0,0.24,0.47,0.0,0.0,0.0,0.0,20.33,15.0,15.08,8.0,0.16,0.35,0.35,0.51,0.53,0.51
847740284804598483516,2025,Buchnevich-Suter-Snuggerud,STL,line,5on5,9,1616.0,107.0,0.34,0.44,0.4,11.07,1.27,0.75,2.62,0.39,6.52,4.44,1.17,1.28,1.19,8.0,8.0,5.0,21.0,1.0,1.0,1.0,3.0,0.0,7.0,4.0,7.0,15.0,0.0,0.0,10.0,3.0,4.0,5.0,10.0,4.0,2.0,0.26,0.44,0.58,0.0,0.0,1.0,21.71,16.0,16.34,1.0,0.16,0.28,0.28,1.15,1.16,1.14,18.26,2.44,1.26,4.41,0.55,8.93,6.41,2.35,2.43,2.35,18.0,6.0,3.0,27.0,1.0,2.0,0.0,3.0,0.0,6.0,12.0,17.0,23.0,0.0,0.0,12.0,6.0,2.0,13.0,16.0,5.0,3.0,0.5,0.73,1.21,0.0,1.0,0.0,27.17,24.0,24.25,4.0,0.27,0.96,0.96,1.74,1.76,1.74
847643284774258484166,2025,Wood-Fantilli-Jenner,CBJ,line,5on5,3,1185.0,18.0,0.36,0.54,0.41,9.11,1.02,0.63,2.48,0.32,4.4,3.14,0.98,1.03,0.99,10.0,2.0,9.0,21.0,1.0,1.0,0.0,3.0,0.0,6.0,1.0,9.0,11.0,0.0,0.0,9.0,7.0,0.0,9.0,7.0,4.0,1.0,0.23,0.58,0.22,0.0,1.0,0.0,20.23,12.0,11.66,2.0,0.14,0.22,0.22,0.94,0.95,0.94,12.51,1.85,0.86,2.9,0.38,6.55,4.46,1.76,1.84,1.75,13.0,4.0,1.0,18.0,2.0,2.0,0.0,3.0,0.0,4.0,6.0,11.0,15.0,1.0,2.0,10.0,7.0,1.0,6.0,9.0,6.0,2.0,0.33,0.88,0.64,1.0,1.0,0.0,18.43,17.0,17.33,4.0,0.18,0.44,0.44,1.59,1.58,1.56
84817198483398,2025,Carlile-Crozier,TBL,pairing,5on5,11,6273.0,32.0,0.48,0.46,0.43,42.17,4.24,2.64,10.67,1.39,22.01,16.05,4.15,4.32,4.23,33.0,24.0,31.0,88.0,3.0,4.0,0.0,9.0,0.0,22.0,19.0,30.0,54.0,16.0,43.0,47.0,32.0,11.0,21.0,35.0,19.0,3.0,0.95,2.55,0.74,0.0,3.0,0.0,89.65,57.0,57.69,13.0,0.55,0.72,0.72,4.07,4.12,4.03,56.76,4.61,3.41,15.22,1.89,29.49,22.38,4.44,4.59,4.42,49.0,28.0,28.0,105.0,5.0,6.0,0.0,10.0,0.0,23.0,33.0,44.0,72.0,14.0,37.0,51.0,51.0,11.0,27.0,59.0,13.0,5.0,1.6,1.64,1.37,3.0,2.0,0.0,102.95,77.0,76.34,16.0,0.71,1.41,1.41,3.91,3.88,3.83
847686784824758483432,2025,Gaunce-Del Bel Belluz-Chinakhov,CBJ,line,5on5,4,1705.0,16.0,0.48,0.51,0.58,21.4,1.54,1.29,5.58,0.73,11.16,8.69,1.5,1.56,1.52,19.0,10.0,7.0,36.0,1.0,2.0,0.0,2.0,0.0,16.0,8.0,18.0,28.0,5.0,10.0,10.0,11.0,1.0,5.0,24.0,3.0,2.0,0.72,0.4,0.43,1.0,0.0,0.0,36.45,29.0,29.23,3.0,0.27,0.37,0.37,1.44,1.47,1.46,15.75,1.65,0.97,3.89,0.47,8.18,5.85,1.6,1.6,1.55,12.0,9.0,13.0,34.0,1.0,1.0,0.0,3.0,0.0,7.0,9.0,11.0,20.0,1.0,4.0,10.0,12.0,4.0,6.0,14.0,4.0,3.0,0.48,0.45,0.72,0.0,1.0,0.0,33.3,21.0,20.39,5.0,0.2,0.22,0.22,1.63,1.59,1.54
847519184784348479353,2025,Smith-Howden-Kolesar,VGK,line,5on5,6,671.0,43.0,0.42,0.41,0.46,4.67,0.55,0.29,1.17,0.14,2.27,1.58,0.52,0.52,0.5,4.0,2.0,3.0,9.0,0.0,1.0,0.0,1.0,0.0,4.0,0.0,4.0,6.0,0.0,0.0,5.0,6.0,3.0,4.0,5.0,0.0,1.0,0.25,0.0,0.3,0.0,0.0,0.0,8.56,6.0,5.77,2.0,0.06,0.3,0.3,0.31,0.3,0.29,5.18,0.77,0.38,1.0,0.16,2.61,2.08,0.73,0.82,0.78,5.0,2.0,6.0,13.0,1.0,0.0,0.0,1.0,0.0,3.0,2.0,4.0,6.0,1.0,2.0,9.0,2.0,2.0,3.0,3.0,3.0,1.0,0.09,0.37,0.31,1.0,0.0,0.0,13.89,7.0,7.54,0.0,0.08,0.0,0.0,0.85,0.91,0.87
847516984807488482691,2025,Kane-Raty-Sherwood,VAN,line,5on5,18,2585.0,202.0,0.4,0.5,0.5,22.66,2.27,1.45,5.62,0.73,11.84,9.09,2.24,2.27,2.24,16.0,15.0,9.0,40.0,3.0,2.0,0.0,2.0,0.0,12.0,12.0,13.0,28.0,3.0,6.0,28.0,34.0,6.0,15.0,22.0,6.0,3.0,0.61,0.78,0.88,2.0,0.0,1.0,38.96,31.0,30.07,8.0,0.3,0.45,0.45,2.12,2.1,2.08,24.34,3.46,1.61,5.89,0.79,10.9,8.35,3.14,3.51,3.19,20.0,11.0,9.0,40.0,2.0,7.0,1.0,4.0,0.0,6.0,12.0,18.0,29.0,4.0,8.0,16.0,13.0,4.0,12.0,16.0,10.0,5.0,0.42,1.39,1.65,0.0,1.0,1.0,40.85,31.0,31.97,3.0,0.34,1.96,1.96,1.85,1.86,1.81
84793958483495,2025,Cholowski-Nemec,NJD,pairing,5on5,12,3778.0,68.0,0.29,0.38,0.41,25.06,1.54,1.71,6.5,1.05,15.05,11.16,1.49,1.56,1.5,20.0,17.0,13.0,50.0,1.0,2.0,0.0,5.0,0.0,8.0,21.0,19.0,36.0,0.0,0.0,20.0,19.0,5.0,13.0,33.0,4.0,0.0,0.97,0.58,0.0,1.0,0.0,0.0,49.66,37.0,36.98,4.0,0.34,0.35,0.35,1.54,1.55,1.54,38.21,3.74,2.55,9.67,1.25,20.8,14.99,3.63,3.75,3.64,35.0,18.0,28.0,81.0,4.0,5.0,1.0,8.0,0.0,17.0,19.0,31.0,49.0,0.0,0.0,23.0,22.0,3.0,21.0,38.0,10.0,5.0,1.17,1.17,1.4,1.0,2.0,1.0,81.75,53.0,52.81,6.0,0.53,1.12,1.12,3.15,3.18,3.09
847750584807988484911,2025,Kurashev-Wennberg-Graf,SJS,line,5on5,8,1409.0,88.0,0.4,0.43,0.3,5.28,0.56,0.35,1.19,0.16,2.81,1.92,0.56,0.53,0.53,7.0,0.0,8.0,15.0,0.0,0.0,0.0,0.0,0.0,3.0,4.0,7.0,7.0,2.0,4.0,9.0,4.0,1.0,4.0,4.0,2.0,1.0,0.11,0.22,0.23,0.0,0.0,0.0,14.61,7.0,6.8,3.0,0.07,0.0,0.0,0.63,0.6,0.6,11.56,0.82,0.77,2.8,0.37,6.38,4.87,0.82,0.85,0.84,11.0,5.0,4.0,20.0,1.0,1.0,0.0,2.0,0.0,6.0,6.0,10.0,15.0,0.0,0.0,16.0,10.0,5.0,6.0,11.0,5.0,0.0,0.26,0.57,0.0,0.0,1.0,0.0,20.25,16.0,16.15,2.0,0.16,0.01,0.01,0.97,1.01,0.99
84800498483510,2025,Samberg-Salomonsson,WPG,pairing,5on5,3,1056.0,18.0,0.14,0.35,0.28,5.41,0.24,0.4,1.3,0.2,3.34,2.52,0.24,0.24,0.24,5.0,3.0,7.0,15.0,0.0,0.0,0.0,2.0,0.0,5.0,1.0,5.0,8.0,1.0,2.0,11.0,5.0,1.0,7.0,7.0,1.0,0.0,0.16,0.09,0.0,0.0,0.0,0.0,14.48,8.0,7.9,4.0,0.08,0.0,0.0,0.32,0.32,0.32,15.53,1.53,1.14,3.97,0.55,8.06,5.74,1.41,1.49,1.37,16.0,5.0,7.0,28.0,3.0,3.0,0.0,4.0,0.0,6.0,5.0,13.0,18.0,1.0,2.0,5.0,4.0,1.0,4.0,14.0,4.0,3.0,0.37,0.47,0.69,1.0,2.0,0.0,28.29,21.0,21.1,3.0,0.23,0.49,0.49,1.27,1.24,1.19
847740484774168478010,2025,Guentzel-Point-Bjorkstrand,TBL,line,5on5,11,2447.0,97.0,0.59,0.52,0.52,20.96,1.66,1.32,6.16,0.7,11.16,8.0,1.57,1.67,1.58,21.0,8.0,11.0,40.0,3.0,2.0,0.0,4.0,0.0,10.0,10.0,18.0,26.0,3.0,6.0,20.0,9.0,1.0,2.0,24.0,3.0,2.0,0.71,0.39,0.56,2.0,1.0,0.0,41.81,29.0,29.69,1.0,0.28,0.3,0.3,1.64,1.68,1.66,19.54,1.17,1.0,5.53,0.61,10.61,8.08,1.17,1.15,1.14,20.0,7.0,10.0,37.0,1.0,0.0,0.0,5.0,0.0,8.0,13.0,19.0,26.0,1.0,2.0,17.0,18.0,5.0,18.0,24.0,1.0,2.0,0.59,0.08,0.5,0.0,0.0,1.0,34.35,27.0,25.9,11.0,0.2,0.0,0.0,1.37,1.34,1.33
847342284821728482703,2025,Slaggert-Foligno-Dach,CHI,line,5on5,5,1814.0,18.0,0.45,0.39,0.44,10.82,1.32,0.72,2.78,0.34,5.02,3.83,1.28,1.35,1.31,6.0,8.0,5.0,19.0,0.0,3.0,0.0,0.0,0.0,2.0,9.0,6.0,14.0,1.0,2.0,9.0,25.0,2.0,7.0,9.0,3.0,2.0,0.29,0.36,0.67,0.0,0.0,0.0,18.81,14.0,13.74,4.0,0.15,0.45,0.45,1.02,1.04,1.03,13.41,1.64,0.97,2.87,0.41,7.07,5.04,1.59,1.7,1.64,13.0,5.0,12.0,30.0,1.0,1.0,0.0,4.0,0.0,7.0,5.0,12.0,17.0,0.0,0.0,11.0,18.0,1.0,6.0,10.0,5.0,3.0,0.32,0.5,0.82,0.0,1.0,0.0,30.42,18.0,18.41,2.0,0.21,0.34,0.34,1.5,1.53,1.5
847646184800158484142,2025,Barkey-Couturier-Tippett,PHI,line,5on5,6,3398.0,13.0,0.76,0.6,0.65,40.85,4.47,2.79,9.97,1.32,20.48,14.96,4.13,4.54,4.2,34.0,20.0,20.0,74.0,2.0,4.0,0.0,6.0,0.0,24.0,18.0,32.0,52.0,2.0,7.0,41.0,23.0,1.0,12.0,36.0,12.0,6.0,1.01,1.81,1.65,1.0,1.0,0.0,76.11,54.0,55.43,3.0,0.59,1.02,1.02,4.04,4.14,4.0,20.07,1.44,1.29,5.54,0.75,11.67,8.32,1.33,1.39,1.29,18.0,11.0,20.0,49.0,3.0,2.0,0.0,2.0,0.0,13.0,9.0,15.0,26.0,3.0,9.0,31.0,20.0,6.0,17.0,22.0,7.0,0.0,0.48,0.97,0.0,2.0,1.0,0.0,47.17,29.0,27.68,8.0,0.27,0.18,0.18,1.53,1.47,1.35
847966184803558483489,2025,Jeannot-Minten-Kastelic,BOS,line,5on5,25,11542.0,87.0,0.55,0.51,0.51,102.71,10.19,6.39,28.09,3.54,51.55,37.26,9.49,10.16,9.47,79.0,58.0,56.0,193.0,7.0,15.0,0.0,24.0,0.0,48.0,43.0,72.0,130.0,21.0,63.0,114.0,156.0,15.0,59.0,94.0,29.0,14.0,2.57,3.87,3.75,3.0,4.0,0.0,192.37,137.0,136.34,28.0,1.35,2.93,2.93,8.61,8.62,8.48,97.4,8.47,6.14,25.62,3.4,51.49,37.87,8.06,8.33,7.94,84.0,49.0,52.0,185.0,4.0,10.0,0.0,24.0,0.0,47.0,48.0,80.0,129.0,16.0,53.0,94.0,106.0,11.0,70.0,97.0,26.0,10.0,2.5,3.45,2.52,2.0,2.0,0.0,184.03,133.0,131.51,34.0,1.28,2.28,2.28,7.47,7.38,7.24
847687384807628480829,2025,Robinson-Jankowski-Kotkaniemi,CAR,line,5on5,2,614.0,20.0,0.38,0.38,0.4,4.56,0.39,0.29,0.9,0.13,2.38,1.9,0.39,0.37,0.37,3.0,3.0,2.0,8.0,0.0,1.0,0.0,0.0,0.0,2.0,3.0,3.0,6.0,0.0,0.0,10.0,3.0,1.0,4.0,4.0,2.0,0.0,0.14,0.25,0.0,0.0,0.0,0.0,7.63,6.0,5.68,2.0,0.06,0.06,0.06,0.4,0.37,0.37,6.07,0.64,0.48,1.31,0.23,3.63,2.71,0.64,0.68,0.68,6.0,3.0,4.0,13.0,2.0,0.0,0.0,2.0,0.0,3.0,2.0,4.0,7.0,0.0,0.0,2.0,9.0,2.0,5.0,5.0,4.0,0.0,0.18,0.46,0.0,1.0,1.0,0.0,13.97,9.0,9.45,2.0,0.1,0.0,0.0,0.74,0.78,0.78
847638984773808484210,2025,Brodzinski-Trocheck-Perreault,NYR,line,5on5,2,719.0,8.0,0.25,0.41,0.33,3.94,0.36,0.22,1.44,0.14,1.69,1.14,0.34,0.39,0.37,5.0,0.0,4.0,9.0,1.0,1.0,1.0,1.0,0.0,0.0,2.0,4.0,4.0,2.0,4.0,9.0,2.0,1.0,1.0,4.0,0.0,1.0,0.14,0.0,0.22,0.0,0.0,1.0,9.08,5.0,5.14,0.0,0.05,0.22,0.22,0.19,0.2,0.19,7.79,1.06,0.48,2.01,0.25,3.55,2.65,1.01,1.05,0.99,7.0,3.0,3.0,13.0,1.0,2.0,1.0,1.0,0.0,2.0,4.0,6.0,9.0,1.0,2.0,6.0,3.0,0.0,3.0,6.0,2.0,2.0,0.15,0.29,0.62,0.0,1.0,0.0,13.08,10.0,10.17,2.0,0.1,0.54,0.54,0.62,0.61,0.6
848084084821458484829,2025,Hryckowian-Bourque-Bck,DAL,line,5on5,21,9728.0,63.0,0.56,0.53,0.52,67.53,7.71,4.86,17.11,2.27,34.63,24.41,7.28,8.03,7.59,64.0,27.0,38.0,129.0,8.0,11.0,1.0,15.0,0.0,36.0,21.0,56.0,83.0,5.0,12.0,72.0,58.0,12.0,40.0,59.0,21.0,11.0,1.75,2.8,3.16,3.0,2.0,3.0,135.39,91.0,95.38,16.0,1.02,2.37,2.37,6.36,6.61,6.44,58.82,6.09,3.94,14.98,2.16,32.68,23.14,5.9,5.93,5.75,51.0,32.0,30.0,113.0,6.0,12.0,2.0,6.0,1.0,30.0,28.0,45.0,77.0,10.0,20.0,54.0,100.0,14.0,37.0,55.0,23.0,5.0,1.36,3.12,1.6,2.0,4.0,0.0,109.81,83.0,81.49,24.0,0.81,2.07,2.07,4.83,4.73,4.68
84768548479369,2025,Lindholm-Peeke,BOS,pairing,5on5,32,19704.0,101.0,0.45,0.48,0.49,145.24,11.85,8.52,38.87,5.01,76.68,57.08,11.53,11.86,11.54,120.0,78.0,96.0,294.0,8.0,13.0,1.0,26.0,0.0,73.0,78.0,112.0,190.0,22.0,52.0,185.0,151.0,21.0,81.0,158.0,28.0,12.0,4.5,3.71,3.65,5.0,1.0,2.0,294.14,198.0,198.72,33.0,1.77,3.21,3.21,10.42,10.45,10.34,154.99,14.63,9.93,40.08,5.28,80.69,59.4,13.81,14.69,13.88,149.0,61.0,105.0,315.0,20.0,14.0,1.0,35.0,1.0,71.0,69.0,129.0,190.0,28.0,62.0,156.0,136.0,30.0,95.0,143.0,50.0,17.0,3.79,6.21,4.62,7.0,9.0,4.0,314.03,210.0,209.87,45.0,2.07,2.92,2.92,13.79,13.86,13.48
847846284827208484158,2025,Knies-Roy-Cowan,TOR,line,5on5,4,786.0,35.0,0.73,0.7,0.63,8.0,1.02,0.66,1.7,0.23,3.69,2.71,1.0,1.05,1.03,6.0,4.0,6.0,16.0,0.0,0.0,0.0,1.0,0.0,3.0,6.0,6.0,10.0,2.0,4.0,8.0,7.0,5.0,2.0,5.0,3.0,2.0,0.18,0.32,0.51,0.0,0.0,0.0,16.32,10.0,10.12,2.0,0.14,0.0,0.0,1.16,1.19,1.18,4.47,0.37,0.26,1.07,0.14,2.56,1.61,0.37,0.36,0.36,4.0,2.0,1.0,7.0,0.0,0.0,0.0,0.0,0.0,3.0,3.0,4.0,6.0,0.0,0.0,4.0,9.0,0.0,3.0,4.0,2.0,0.0,0.11,0.27,0.0,0.0,0.0,0.0,6.91,6.0,5.95,1.0,0.05,0.0,0.0,0.43,0.41,0.41
847793984793188482259,2025,Mcmann-Matthews-Nylander,TOR,line,5on5,8,1553.0,100.0,0.36,0.46,0.49,14.21,0.85,0.91,3.63,0.42,7.74,5.45,0.84,0.84,0.83,14.0,5.0,6.0,25.0,1.0,2.0,0.0,2.0,0.0,4.0,10.0,13.0,18.0,1.0,2.0,16.0,10.0,3.0,8.0,15.0,4.0,0.0,0.37,0.48,0.0,0.0,1.0,0.0,24.82,19.0,18.73,3.0,0.19,0.09,0.09,0.95,0.94,0.93,14.5,1.5,0.95,3.39,0.47,7.81,5.87,1.47,1.54,1.5,15.0,5.0,9.0,29.0,0.0,3.0,0.0,1.0,0.0,8.0,8.0,15.0,20.0,0.0,0.0,14.0,6.0,2.0,7.0,16.0,2.0,2.0,0.37,0.24,0.9,0.0,0.0,0.0,30.29,20.0,20.9,4.0,0.2,0.91,0.91,0.79,0.83,0.81
847342284780438482703,2025,Foligno-Lafferty-Dach,CHI,line,5on5,3,1264.0,10.0,0.63,0.5,0.5,8.18,0.62,0.55,2.23,0.28,4.33,2.99,0.62,0.58,0.58,9.0,2.0,3.0,14.0,2.0,0.0,0.0,1.0,0.0,6.0,2.0,7.0,9.0,2.0,7.0,7.0,17.0,1.0,6.0,8.0,2.0,1.0,0.24,0.17,0.21,1.0,0.0,1.0,14.03,11.0,11.01,4.0,0.11,0.0,0.0,0.73,0.69,0.69,7.96,0.36,0.47,1.88,0.24,4.61,3.45,0.36,0.4,0.4,4.0,7.0,3.0,14.0,0.0,0.0,0.0,3.0,0.0,5.0,3.0,4.0,11.0,2.0,7.0,18.0,9.0,0.0,4.0,10.0,1.0,0.0,0.2,0.16,0.0,0.0,0.0,0.0,15.09,11.0,11.7,1.0,0.1,0.0,0.0,0.46,0.5,0.5
84772208480434,2025,Schmidt-Durzi,UTA,pairing,5on5,20,5287.0,126.0,0.54,0.49,0.52,48.88,5.2,3.09,11.81,1.52,24.22,18.17,4.97,5.31,5.08,40.0,24.0,22.0,86.0,0.0,6.0,0.0,7.0,0.0,25.0,26.0,40.0,64.0,7.0,17.0,27.0,36.0,8.0,34.0,39.0,19.0,6.0,1.1,2.47,1.63,0.0,0.0,0.0,88.99,64.0,65.89,15.0,0.65,1.49,1.49,4.36,4.47,4.44,44.21,4.46,2.62,10.79,1.4,23.33,17.41,4.35,4.36,4.26,40.0,20.0,29.0,89.0,5.0,5.0,1.0,8.0,0.0,22.0,20.0,35.0,55.0,10.0,23.0,48.0,40.0,8.0,26.0,41.0,14.0,5.0,1.17,1.78,1.51,1.0,3.0,1.0,87.33,60.0,58.98,13.0,0.54,1.07,1.07,3.92,3.83,3.8
847796484784038483890,2025,Barbashev-Eichel-Bowman,VGK,line,5on5,15,10140.0,24.0,0.54,0.48,0.49,88.99,8.82,6.02,22.05,2.9,44.76,34.45,8.43,8.89,8.51,83.0,36.0,40.0,159.0,9.0,9.0,1.0,24.0,0.0,33.0,44.0,74.0,110.0,5.0,10.0,74.0,42.0,10.0,49.0,77.0,32.0,10.0,2.14,4.21,2.46,2.0,6.0,1.0,161.32,119.0,120.43,18.0,1.27,1.53,1.53,8.56,8.63,8.41,87.06,7.66,5.55,21.64,3.27,48.76,35.11,7.42,7.62,7.37,75.0,47.0,49.0,171.0,9.0,10.0,1.0,15.0,0.0,46.0,42.0,66.0,113.0,5.0,10.0,94.0,57.0,20.0,31.0,94.0,22.0,6.0,3.08,2.81,1.76,7.0,1.0,1.0,169.31,122.0,121.02,15.0,1.15,1.97,1.97,6.85,6.78,6.69
848007484827758484984,2025,Texier-Kapanen-Demidov,MTL,line,5on5,6,2650.0,30.0,0.5,0.53,0.51,19.24,2.12,1.21,4.2,0.62,10.43,7.42,2.05,2.03,1.96,16.0,10.0,15.0,41.0,1.0,1.0,0.0,3.0,0.0,10.0,11.0,15.0,25.0,2.0,4.0,14.0,7.0,2.0,11.0,16.0,9.0,1.0,0.63,1.2,0.29,0.0,1.0,0.0,39.11,26.0,25.07,6.0,0.25,0.09,0.09,2.28,2.19,2.12,19.63,2.12,1.2,4.9,0.61,8.96,7.21,2.02,2.23,2.12,20.0,5.0,12.0,37.0,1.0,4.0,0.0,6.0,0.0,5.0,9.0,19.0,24.0,3.0,6.0,23.0,15.0,4.0,15.0,15.0,6.0,4.0,0.33,0.86,0.93,0.0,1.0,0.0,39.44,25.0,26.29,7.0,0.25,0.77,0.77,1.6,1.65,1.64
84808748482142,2025,Drysdale-Ginning,PHI,pairing,5on5,4,1317.0,22.0,0.53,0.51,0.43,10.57,0.93,0.75,2.6,0.34,5.88,4.5,0.92,0.93,0.92,8.0,7.0,7.0,22.0,0.0,1.0,0.0,2.0,0.0,5.0,7.0,8.0,15.0,2.0,4.0,12.0,6.0,2.0,11.0,13.0,1.0,1.0,0.43,0.19,0.3,0.0,0.0,0.0,21.89,15.0,14.8,5.0,0.15,0.3,0.3,0.78,0.78,0.78,14.35,0.84,0.83,3.58,0.46,8.16,6.14,0.83,0.84,0.83,14.0,6.0,1.0,21.0,0.0,0.0,0.0,5.0,0.0,6.0,9.0,14.0,20.0,2.0,4.0,7.0,9.0,2.0,7.0,17.0,3.0,0.0,0.53,0.31,0.0,0.0,0.0,0.0,21.04,20.0,20.12,4.0,0.17,0.0,0.0,1.01,1.0,0.99
84808398481524,2025,Dahlin-Byram,BUF,pairing,5on5,33,8004.0,207.0,0.54,0.6,0.58,82.17,7.96,5.28,21.15,2.82,44.73,32.07,7.43,7.86,7.33,79.0,35.0,47.0,161.0,5.0,8.0,0.0,17.0,0.0,44.0,40.0,74.0,109.0,10.0,20.0,61.0,45.0,9.0,33.0,88.0,17.0,9.0,2.55,2.14,3.27,2.0,2.0,1.0,156.08,114.0,110.17,18.0,1.1,1.93,2.47,6.58,6.49,6.16,62.04,6.74,4.17,15.46,2.09,31.92,23.63,6.36,6.87,6.5,59.0,25.0,22.0,106.0,8.0,11.0,0.0,13.0,0.0,28.0,24.0,51.0,76.0,11.0,22.0,60.0,50.0,10.0,38.0,55.0,22.0,7.0,1.62,3.02,2.1,3.0,5.0,0.0,108.28,84.0,86.16,20.0,0.87,2.36,2.36,5.25,5.36,5.21
847569284784938478864,2025,Kaprizov-Eriksson Ek-Zuccarello,MIN,line,5on5,12,694.0,121.0,0.45,0.35,0.44,5.12,0.31,0.3,1.23,0.16,2.77,2.23,0.3,0.32,0.31,7.0,0.0,0.0,7.0,0.0,0.0,0.0,1.0,0.0,3.0,3.0,7.0,7.0,1.0,2.0,0.0,2.0,0.0,5.0,5.0,2.0,0.0,0.13,0.18,0.0,0.0,0.0,0.0,7.39,7.0,7.4,2.0,0.06,0.0,0.0,0.37,0.38,0.37,6.58,0.37,0.34,1.66,0.21,3.76,2.65,0.37,0.38,0.37,5.0,4.0,4.0,13.0,0.0,1.0,0.0,2.0,0.0,3.0,3.0,5.0,9.0,0.0,0.0,2.0,4.0,1.0,3.0,8.0,1.0,0.0,0.22,0.15,0.0,0.0,0.0,0.0,13.04,9.0,8.98,1.0,0.07,0.15,0.15,0.28,0.28,0.28
847750384780578478462,2025,Domi-Roy-Joshua,TOR,line,5on5,7,640.0,97.0,0.41,0.37,0.45,3.96,0.35,0.32,0.92,0.11,2.04,1.26,0.35,0.34,0.34,4.0,1.0,2.0,7.0,0.0,0.0,0.0,1.0,0.0,2.0,2.0,4.0,5.0,2.0,4.0,8.0,6.0,1.0,4.0,3.0,2.0,0.0,0.08,0.27,0.0,0.0,0.0,0.0,6.62,5.0,4.76,1.0,0.07,0.0,0.0,0.42,0.4,0.4,4.33,0.51,0.34,0.95,0.13,2.25,1.82,0.48,0.56,0.52,4.0,2.0,6.0,12.0,0.0,1.0,0.0,0.0,0.0,2.0,3.0,4.0,6.0,0.0,0.0,5.0,4.0,2.0,2.0,4.0,1.0,1.0,0.12,0.14,0.25,0.0,0.0,0.0,13.15,6.0,6.49,1.0,0.07,0.25,0.25,0.33,0.36,0.36
84764418476879,2025,Edmundson-Ceci,LAK,pairing,5on5,23,1136.0,184.0,0.35,0.55,0.48,7.61,0.38,0.44,2.18,0.25,4.52,3.24,0.38,0.38,0.38,8.0,3.0,7.0,18.0,0.0,0.0,0.0,1.0,0.0,6.0,4.0,8.0,11.0,2.0,4.0,8.0,11.0,1.0,7.0,10.0,1.0,0.0,0.29,0.09,0.0,0.0,0.0,0.0,17.87,11.0,10.79,1.0,0.09,0.0,0.0,0.47,0.47,0.47,9.05,0.71,0.56,2.1,0.27,4.65,3.72,0.7,0.73,0.72,10.0,2.0,3.0,15.0,1.0,0.0,0.0,1.0,0.0,4.0,6.0,9.0,11.0,2.0,4.0,5.0,10.0,0.0,3.0,9.0,3.0,0.0,0.31,0.4,0.0,1.0,0.0,0.0,15.53,12.0,12.29,2.0,0.12,0.0,0.0,0.83,0.85,0.84
84816068482105,2025,Sanderson-Spence,OTT,pairing,5on5,29,5749.0,145.0,0.7,0.72,0.68,75.66,7.36,5.1,20.37,2.39,37.31,27.48,6.71,7.11,6.5,62.0,38.0,46.0,146.0,5.0,11.0,0.0,15.0,0.0,30.0,39.0,57.0,95.0,3.0,6.0,59.0,46.0,5.0,23.0,70.0,21.0,9.0,1.86,2.65,2.84,1.0,4.0,0.0,139.48,100.0,95.52,7.0,1.09,2.94,2.94,5.5,5.38,5.17,34.08,3.1,2.58,8.3,1.13,17.8,13.08,2.99,3.25,3.13,34.0,12.0,12.0,58.0,2.0,3.0,0.0,10.0,0.0,17.0,14.0,32.0,44.0,6.0,12.0,45.0,29.0,1.0,28.0,32.0,13.0,1.0,0.87,1.86,0.37,0.0,2.0,0.0,61.56,46.0,48.72,18.0,0.53,0.69,0.69,2.96,3.08,3.04
84799828482671,2025,Power-Timmins,BUF,pairing,5on5,29,9626.0,151.0,0.47,0.47,0.47,79.93,7.66,5.4,20.86,2.73,41.98,30.37,7.14,7.55,7.04,65.0,44.0,37.0,146.0,7.0,12.0,1.0,14.0,0.0,38.0,38.0,58.0,102.0,10.0,20.0,67.0,59.0,18.0,41.0,75.0,24.0,10.0,2.09,2.94,2.63,2.0,4.0,1.0,142.75,109.0,106.77,18.0,1.13,2.57,2.57,6.22,6.13,5.93,92.2,8.58,5.64,23.8,3.16,47.35,35.47,8.26,8.8,8.47,86.0,38.0,44.0,168.0,7.0,12.0,1.0,22.0,0.0,44.0,39.0,79.0,117.0,12.0,24.0,88.0,66.0,15.0,53.0,92.0,22.0,10.0,2.61,2.74,3.22,1.0,5.0,1.0,172.63,124.0,127.08,22.0,1.17,2.56,2.56,7.18,7.42,7.29
848081384827378483424,2025,Veleno-Beck-Bolduc,MTL,line,5on5,4,890.0,42.0,0.39,0.53,0.58,9.54,0.65,0.59,2.38,0.33,6.08,3.96,0.63,0.63,0.61,8.0,6.0,4.0,18.0,0.0,1.0,0.0,2.0,0.0,5.0,6.0,8.0,14.0,2.0,7.0,9.0,10.0,1.0,2.0,12.0,2.0,0.0,0.4,0.26,0.0,0.0,0.0,0.0,18.04,14.0,14.19,2.0,0.12,0.07,0.07,0.7,0.68,0.66,7.88,1.02,0.45,2.2,0.27,3.38,2.67,1.02,1.05,1.05,7.0,3.0,6.0,16.0,1.0,1.0,0.0,0.0,0.0,4.0,4.0,6.0,9.0,2.0,7.0,6.0,11.0,0.0,2.0,5.0,3.0,2.0,0.15,0.39,0.48,0.0,1.0,0.0,16.21,10.0,10.23,0.0,0.1,0.14,0.14,0.98,1.0,1.0
84735078484304,2025,Balinskis-Petry,FLA,pairing,5on5,28,17602.0,81.0,0.49,0.51,0.49,133.98,11.56,8.65,34.64,4.57,72.08,51.51,11.29,11.58,11.31,121.0,62.0,91.0,274.0,13.0,12.0,1.0,28.0,0.0,53.0,77.0,108.0,170.0,31.0,68.0,133.0,196.0,18.0,83.0,135.0,38.0,10.0,3.93,4.98,2.64,7.0,6.0,0.0,273.86,183.0,183.29,39.0,1.8,1.66,1.69,11.67,11.6,11.44,138.78,11.96,8.6,36.03,4.85,74.76,55.8,11.47,11.92,11.45,110.0,82.0,75.0,267.0,12.0,13.0,1.0,25.0,0.0,82.0,60.0,98.0,180.0,32.0,70.0,182.0,138.0,27.0,72.0,150.0,30.0,12.0,4.53,3.77,3.66,6.0,5.0,1.0,264.64,192.0,191.34,33.0,1.79,3.2,3.2,10.54,10.46,10.21
84740138484386,2025,Cole-Simashev,UTA,pairing,5on5,20,4547.0,129.0,0.48,0.39,0.44,28.37,2.85,2.01,7.39,1.04,14.38,10.32,2.47,2.94,2.53,26.0,12.0,14.0,52.0,2.0,4.0,0.0,5.0,0.0,15.0,12.0,24.0,36.0,7.0,14.0,16.0,35.0,4.0,23.0,27.0,8.0,3.0,0.76,1.2,0.88,1.0,1.0,0.0,52.91,38.0,38.87,11.0,0.42,0.95,0.95,2.33,2.36,2.24,35.59,3.1,2.1,8.71,1.3,18.7,15.1,3.08,3.08,3.07,31.0,18.0,33.0,82.0,3.0,0.0,0.0,8.0,0.0,18.0,20.0,28.0,46.0,3.0,6.0,38.0,44.0,6.0,16.0,34.0,14.0,1.0,1.03,1.8,0.27,2.0,1.0,0.0,82.49,49.0,48.79,6.0,0.44,0.0,0.0,3.53,3.52,3.5
84764578482858,2025,Evans-Larsson,SEA,pairing,5on5,19,2028.0,141.0,0.45,0.33,0.37,11.72,1.14,0.78,2.79,0.35,5.68,4.27,1.13,1.14,1.12,7.0,8.0,5.0,20.0,0.0,1.0,0.0,2.0,0.0,3.0,9.0,7.0,15.0,1.0,2.0,12.0,12.0,1.0,8.0,11.0,2.0,2.0,0.4,0.18,0.56,0.0,0.0,0.0,20.71,15.0,15.49,5.0,0.16,0.27,0.27,1.04,1.04,1.04,19.56,1.41,1.16,5.98,0.64,9.59,7.22,1.31,1.36,1.27,19.0,7.0,15.0,41.0,2.0,2.0,0.0,5.0,0.0,10.0,7.0,17.0,24.0,3.0,6.0,16.0,11.0,1.0,5.0,22.0,2.0,2.0,0.64,0.23,0.54,1.0,1.0,0.0,39.41,26.0,24.99,4.0,0.24,0.45,0.45,1.2,1.16,1.14
847629284794078481559,2025,Bratt-Palat-Hughes,NJD,line,5on5,15,6993.0,50.0,0.56,0.55,0.54,67.98,6.56,4.62,15.81,2.29,37.94,27.78,6.3,6.75,6.47,66.0,29.0,42.0,137.0,8.0,5.0,0.0,10.0,0.0,43.0,29.0,58.0,87.0,7.0,14.0,26.0,35.0,13.0,44.0,67.0,22.0,6.0,2.14,2.92,1.5,7.0,1.0,0.0,138.78,95.0,96.64,13.0,0.95,1.05,1.05,6.46,6.56,6.48,58.07,5.1,3.89,14.74,2.1,31.5,22.68,4.92,5.04,4.85,57.0,23.0,33.0,113.0,7.0,11.0,1.0,14.0,0.0,26.0,22.0,50.0,73.0,6.0,12.0,52.0,41.0,10.0,41.0,53.0,25.0,2.0,1.45,3.15,0.5,1.0,5.0,1.0,110.89,80.0,78.83,27.0,0.82,1.19,1.19,4.73,4.68,4.6
847645984785508479390,2025,Panarin-Zibanejad-Raddysh,NYR,line,5on5,10,1417.0,104.0,0.56,0.53,0.51,13.08,1.15,0.74,3.06,0.41,7.01,5.64,1.14,1.15,1.15,11.0,7.0,7.0,25.0,1.0,2.0,0.0,2.0,0.0,3.0,10.0,10.0,17.0,2.0,4.0,9.0,5.0,2.0,4.0,14.0,3.0,1.0,0.41,0.34,0.4,1.0,0.0,0.0,26.14,18.0,18.66,1.0,0.15,0.69,0.4,0.9,0.93,0.93,12.15,0.89,0.67,3.15,0.4,6.87,5.01,0.88,0.89,0.88,9.0,8.0,5.0,22.0,1.0,1.0,0.0,2.0,0.0,4.0,9.0,8.0,16.0,1.0,2.0,8.0,7.0,3.0,4.0,13.0,3.0,1.0,0.25,0.42,0.22,0.0,1.0,0.0,21.99,17.0,17.31,1.0,0.14,0.16,0.16,0.87,0.87,0.86
84769238479371,2025,Fabbro-Severson,CBJ,pairing,5on5,25,1271.0,213.0,0.5,0.53,0.51,14.87,1.16,0.93,3.53,0.48,7.92,5.97,1.15,1.18,1.17,13.0,7.0,5.0,25.0,0.0,1.0,0.0,4.0,0.0,5.0,10.0,13.0,20.0,2.0,4.0,3.0,9.0,2.0,8.0,15.0,5.0,0.0,0.49,0.68,0.0,0.0,0.0,0.0,25.5,20.0,20.46,4.0,0.19,0.19,0.19,1.16,1.19,1.19,13.26,1.15,0.87,2.9,0.48,7.76,5.84,1.1,1.12,1.07,11.0,8.0,3.0,22.0,1.0,1.0,0.0,0.0,0.0,11.0,6.0,10.0,18.0,1.0,2.0,2.0,11.0,4.0,9.0,14.0,5.0,0.0,0.54,0.61,0.0,0.0,1.0,0.0,21.2,19.0,18.38,5.0,0.18,0.2,0.2,1.13,1.1,1.07
847575284785088480259,2025,Trenin-Jones-Pitlick,MIN,line,5on5,7,1302.0,65.0,0.43,0.39,0.39,6.24,0.59,0.37,1.54,0.23,3.68,2.59,0.59,0.61,0.6,5.0,4.0,7.0,16.0,0.0,0.0,0.0,1.0,0.0,5.0,3.0,5.0,9.0,1.0,2.0,13.0,22.0,1.0,4.0,4.0,5.0,0.0,0.05,0.54,0.0,0.0,0.0,0.0,16.63,9.0,9.21,2.0,0.08,0.0,0.0,0.67,0.69,0.68,10.41,0.78,0.56,2.2,0.32,5.3,4.85,0.77,0.79,0.78,9.0,5.0,11.0,25.0,2.0,0.0,0.0,3.0,0.0,4.0,5.0,7.0,12.0,2.0,4.0,7.0,6.0,0.0,5.0,11.0,2.0,1.0,0.29,0.19,0.3,1.0,0.0,1.0,24.49,14.0,13.72,2.0,0.12,0.0,0.0,0.9,0.91,0.9
84789118480873,2025,Sandin-Roy,WSH,pairing,5on5,32,7489.0,205.0,0.5,0.49,0.47,55.29,5.34,3.44,13.65,1.9,28.89,22.78,5.03,5.36,5.05,52.0,24.0,35.0,111.0,4.0,7.0,0.0,11.0,0.0,29.0,25.0,48.0,72.0,9.0,18.0,51.0,59.0,12.0,35.0,51.0,19.0,6.0,1.36,2.23,1.75,2.0,2.0,0.0,111.36,76.0,76.41,16.0,0.71,1.2,1.2,4.85,4.91,4.81,61.55,5.36,3.91,14.68,2.03,33.68,25.34,5.12,5.29,5.06,57.0,28.0,31.0,116.0,3.0,4.0,1.0,13.0,0.0,35.0,30.0,54.0,82.0,7.0,14.0,48.0,61.0,7.0,32.0,61.0,20.0,4.0,1.8,2.44,1.12,0.0,2.0,1.0,112.9,85.0,83.67,10.0,0.81,1.09,1.12,5.05,4.99,4.86
847783984793908481704,2025,Sheary-Parssinen-Raddysh,NYR,line,5on5,3,1224.0,14.0,0.54,0.46,0.5,6.76,0.35,0.37,1.7,0.21,4.35,3.01,0.35,0.36,0.36,4.0,6.0,3.0,13.0,1.0,0.0,0.0,2.0,0.0,3.0,4.0,3.0,9.0,0.0,0.0,6.0,8.0,4.0,3.0,9.0,1.0,0.0,0.23,0.12,0.0,0.0,1.0,0.0,12.83,10.0,9.94,1.0,0.07,0.0,0.0,0.42,0.43,0.43,6.65,0.3,0.4,1.77,0.23,4.3,3.0,0.3,0.3,0.3,7.0,3.0,5.0,15.0,0.0,0.0,0.0,3.0,1.0,1.0,5.0,7.0,10.0,0.0,0.0,10.0,3.0,1.0,3.0,9.0,1.0,0.0,0.21,0.09,0.0,0.0,0.0,0.0,14.9,10.0,10.15,2.0,0.08,0.0,0.0,0.38,0.38,0.38
847517284807978482209,2025,Farabee-Kadri-Kerins,CGY,line,5on5,2,1294.0,5.0,0.85,0.58,0.59,14.63,2.26,1.1,3.25,0.6,7.43,5.35,2.12,2.16,2.02,12.0,8.0,9.0,29.0,0.0,3.0,0.0,2.0,0.0,6.0,9.0,12.0,20.0,0.0,0.0,8.0,5.0,2.0,7.0,13.0,2.0,5.0,0.57,0.24,1.46,0.0,0.0,0.0,28.3,20.0,19.61,1.0,0.24,0.96,0.96,1.54,1.47,1.46,9.33,0.41,0.54,2.26,0.33,5.97,4.5,0.41,0.44,0.44,9.0,5.0,7.0,21.0,0.0,0.0,0.0,4.0,0.0,6.0,4.0,9.0,14.0,0.0,0.0,11.0,12.0,2.0,4.0,14.0,0.0,0.0,0.41,0.0,0.0,0.0,0.0,0.0,22.14,14.0,14.71,3.0,0.11,0.0,0.0,0.52,0.56,0.55
847688084815808482148,2025,Mcmichael-Lapierre-Wilson,WSH,line,5on5,6,1190.0,54.0,0.67,0.73,0.69,17.83,2.19,1.27,4.43,0.65,9.68,6.79,1.84,2.3,1.92,18.0,7.0,11.0,36.0,1.0,4.0,0.0,4.0,0.0,9.0,7.0,17.0,24.0,1.0,5.0,7.0,2.0,9.0,5.0,16.0,5.0,4.0,0.49,0.61,1.08,1.0,0.0,0.0,37.88,25.0,25.89,2.0,0.27,0.81,0.81,1.63,1.67,1.59,8.32,1.05,0.44,2.06,0.27,4.06,3.12,1.04,0.98,0.96,9.0,2.0,2.0,13.0,0.0,2.0,0.0,1.0,0.0,1.0,7.0,9.0,11.0,4.0,11.0,8.0,7.0,2.0,3.0,8.0,0.0,3.0,0.26,0.0,0.79,0.0,0.0,0.0,12.11,11.0,10.39,2.0,0.09,0.56,0.56,0.59,0.55,0.55
84735078482131,2025,Sebrango-Petry,FLA,pairing,5on5,8,5663.0,22.0,0.54,0.47,0.49,50.93,4.71,3.59,12.72,1.88,27.41,19.69,4.58,4.73,4.6,41.0,29.0,25.0,95.0,4.0,6.0,1.0,10.0,0.0,26.0,24.0,37.0,66.0,8.0,22.0,46.0,51.0,2.0,30.0,51.0,14.0,5.0,1.45,1.94,1.32,2.0,1.0,1.0,93.91,70.0,69.1,19.0,0.74,1.12,1.12,4.34,4.34,4.29,53.44,4.04,3.31,12.87,1.76,28.41,22.61,3.94,4.01,3.91,47.0,26.0,34.0,107.0,3.0,4.0,0.0,12.0,0.0,22.0,32.0,44.0,70.0,11.0,28.0,46.0,53.0,6.0,26.0,59.0,11.0,3.0,1.59,1.53,0.91,1.0,2.0,0.0,106.52,73.0,73.0,15.0,0.68,0.98,0.98,3.73,3.74,3.68
847645984764688484210,2025,Zibanejad-Miller-Perreault,NYR,line,5on5,3,1430.0,8.0,0.6,0.45,0.52,9.88,1.01,0.66,2.42,0.33,4.81,3.77,0.97,1.04,1.01,10.0,3.0,2.0,15.0,2.0,1.0,0.0,2.0,0.0,5.0,3.0,8.0,11.0,0.0,0.0,20.0,14.0,1.0,11.0,8.0,4.0,1.0,0.13,0.59,0.29,0.0,2.0,0.0,15.92,13.0,13.65,6.0,0.14,0.29,0.29,0.86,0.9,0.89,8.89,0.69,0.51,2.38,0.27,4.86,3.29,0.68,0.65,0.64,8.0,4.0,6.0,18.0,0.0,0.0,0.0,3.0,0.0,4.0,5.0,8.0,12.0,1.0,2.0,14.0,7.0,0.0,7.0,9.0,3.0,0.0,0.32,0.36,0.0,0.0,0.0,0.0,16.62,12.0,11.25,0.0,0.11,0.0,0.0,0.79,0.75,0.74
84769678480834,2025,Kulak-Emberson,EDM,pairing,5on5,26,20237.0,66.0,0.48,0.46,0.47,132.4,12.15,8.5,33.55,4.55,72.23,54.02,11.85,12.43,12.11,118.0,67.0,80.0,265.0,12.0,18.0,3.0,29.0,0.0,57.0,69.0,106.0,173.0,22.0,44.0,130.0,125.0,27.0,68.0,135.0,37.0,13.0,3.43,4.98,3.75,3.0,5.0,4.0,272.08,185.0,189.19,43.0,1.76,3.68,3.68,10.24,10.47,10.34,150.11,13.04,10.06,35.43,4.97,83.37,61.13,12.83,13.07,12.86,116.0,92.0,108.0,316.0,11.0,10.0,3.0,27.0,0.0,80.0,80.0,105.0,197.0,14.0,28.0,110.0,159.0,24.0,87.0,160.0,36.0,12.0,5.26,4.58,3.2,7.0,1.0,3.0,312.19,208.0,206.48,42.0,2.07,2.14,2.14,12.97,12.99,12.89
847638984785508482157,2025,Cuylle-Trocheck-Panarin,NYR,line,5on5,4,1600.0,22.0,0.4,0.59,0.54,16.25,1.26,1.01,4.32,0.51,8.75,6.15,1.24,1.3,1.28,12.0,10.0,15.0,37.0,2.0,1.0,0.0,2.0,0.0,8.0,9.0,10.0,20.0,0.0,0.0,17.0,11.0,1.0,6.0,17.0,4.0,1.0,0.54,0.5,0.22,1.0,1.0,0.0,37.75,22.0,22.79,4.0,0.21,0.22,0.22,1.25,1.28,1.27,13.95,1.9,1.03,3.57,0.51,6.9,5.09,1.83,1.97,1.9,11.0,8.0,7.0,26.0,2.0,5.0,0.0,1.0,0.0,4.0,7.0,9.0,17.0,2.0,4.0,7.0,8.0,4.0,7.0,11.0,5.0,3.0,0.36,0.77,0.77,1.0,1.0,0.0,26.16,19.0,19.48,2.0,0.22,0.77,0.77,1.34,1.38,1.33
84769238483485,2025,Mateychuk-Severson,CBJ,pairing,5on5,33,18183.0,134.0,0.5,0.5,0.49,154.51,14.9,10.13,37.92,5.22,80.79,61.04,14.13,15.13,14.35,133.0,77.0,79.0,289.0,13.0,23.0,3.0,18.0,0.0,77.0,79.0,120.0,197.0,13.0,32.0,152.0,94.0,30.0,109.0,148.0,39.0,23.0,4.19,4.71,6.0,3.0,5.0,5.0,293.84,210.0,214.3,55.0,2.12,4.7,5.14,11.88,12.05,11.83,158.75,14.83,10.6,40.34,5.23,83.67,60.33,14.17,14.73,14.07,148.0,67.0,69.0,284.0,17.0,20.0,1.0,44.0,1.0,66.0,67.0,131.0,198.0,14.0,34.0,160.0,106.0,20.0,75.0,154.0,45.0,16.0,4.51,5.78,4.54,7.0,7.0,3.0,281.28,215.0,213.27,32.0,2.22,3.87,3.87,13.17,13.07,12.82
84754558479395,2025,Dillon-Cholowski,NJD,pairing,5on5,10,1360.0,63.0,0.73,0.6,0.59,13.76,1.54,0.96,3.32,0.48,7.14,5.56,1.39,1.48,1.34,9.0,10.0,2.0,21.0,0.0,2.0,0.0,2.0,0.0,9.0,6.0,9.0,19.0,3.0,6.0,8.0,7.0,2.0,6.0,13.0,4.0,2.0,0.33,0.63,0.58,0.0,0.0,0.0,19.93,19.0,18.37,2.0,0.2,0.37,0.37,1.37,1.32,1.27,9.11,0.56,0.59,2.55,0.3,5.33,3.66,0.56,0.59,0.58,10.0,3.0,1.0,14.0,2.0,0.0,0.0,1.0,0.0,3.0,7.0,8.0,11.0,2.0,4.0,8.0,9.0,4.0,8.0,11.0,2.0,0.0,0.37,0.19,0.0,2.0,0.0,0.0,15.16,13.0,13.77,4.0,0.12,0.0,0.0,0.68,0.72,0.71
84808918482671,2025,Power-Kesselring,BUF,pairing,5on5,15,5779.0,69.0,0.46,0.56,0.54,54.92,3.6,3.58,14.43,1.89,31.19,21.31,3.51,3.67,3.58,48.0,28.0,34.0,110.0,1.0,4.0,1.0,9.0,0.0,34.0,28.0,47.0,75.0,4.0,8.0,40.0,30.0,8.0,26.0,62.0,13.0,1.0,1.55,1.8,0.25,0.0,1.0,0.0,111.83,76.0,77.3,13.0,0.74,0.5,0.5,3.83,3.91,3.84,48.53,4.17,3.05,11.88,1.57,25.16,20.16,4.0,4.09,3.92,43.0,23.0,21.0,87.0,2.0,3.0,1.0,10.0,1.0,24.0,26.0,41.0,64.0,5.0,10.0,47.0,37.0,6.0,27.0,50.0,11.0,5.0,1.49,1.43,1.26,1.0,0.0,1.0,84.26,66.0,64.05,13.0,0.64,0.8,0.8,4.02,3.92,3.82
847645384785198479542,2025,Hagel-Cirelli-Kucherov,TBL,line,5on5,25,9263.0,106.0,0.61,0.63,0.62,120.86,13.45,8.42,30.03,3.98,61.97,45.15,12.7,13.65,12.91,107.0,56.0,50.0,213.0,12.0,16.0,1.0,23.0,0.0,61.0,51.0,95.0,151.0,10.0,20.0,75.0,39.0,20.0,41.0,101.0,49.0,13.0,3.31,6.49,3.65,5.0,6.0,1.0,219.1,163.0,166.25,15.0,1.75,3.72,3.72,11.48,11.7,11.35,74.89,8.63,5.27,18.32,2.53,36.78,27.46,8.06,8.65,8.09,71.0,28.0,27.0,126.0,4.0,14.0,2.0,18.0,1.0,29.0,33.0,67.0,95.0,6.0,12.0,56.0,55.0,20.0,42.0,58.0,30.0,11.0,1.76,3.85,3.01,0.0,1.0,3.0,124.18,99.0,98.6,25.0,1.1,2.82,2.82,6.92,6.94,6.71
847646084783988480014,2025,Connor-Scheifele-Vilardi,WPG,line,5on5,39,28770.0,48.0,0.48,0.49,0.48,241.78,23.54,16.59,59.2,8.26,132.36,98.06,22.63,23.73,22.83,225.0,113.0,116.0,454.0,33.0,22.0,4.0,52.0,1.0,112.0,118.0,192.0,305.0,30.0,66.0,215.0,118.0,30.0,131.0,233.0,85.0,20.0,7.6,10.52,5.42,15.0,13.0,5.0,458.96,338.0,342.16,62.0,3.49,3.76,3.76,23.26,23.48,22.95,270.54,25.24,18.33,63.79,8.94,146.6,107.11,24.17,25.13,24.06,260.0,110.0,105.0,475.0,25.0,27.0,3.0,53.0,0.0,147.0,118.0,235.0,345.0,37.0,80.0,240.0,156.0,51.0,139.0,264.0,83.0,23.0,7.88,10.8,6.57,6.0,14.0,5.0,472.98,370.0,368.34,63.0,3.79,5.5,5.29,23.75,23.59,23.13
847740284800238480281,2025,Buchnevich-Thomas-Toropchenko,STL,line,5on5,3,643.0,22.0,0.3,0.44,0.47,4.81,0.41,0.33,1.28,0.18,2.89,1.91,0.39,0.39,0.38,6.0,1.0,4.0,11.0,0.0,0.0,0.0,1.0,0.0,5.0,1.0,6.0,7.0,1.0,2.0,4.0,0.0,0.0,3.0,4.0,3.0,0.0,0.1,0.31,0.0,0.0,0.0,0.0,10.84,7.0,6.87,1.0,0.07,0.0,0.0,0.47,0.46,0.44,6.71,0.94,0.53,1.89,0.2,2.59,1.86,0.89,0.99,0.93,7.0,1.0,6.0,14.0,0.0,1.0,0.0,0.0,0.0,0.0,7.0,7.0,8.0,0.0,0.0,7.0,2.0,0.0,3.0,4.0,3.0,1.0,0.11,0.56,0.27,0.0,0.0,0.0,14.29,8.0,8.24,2.0,0.12,0.27,0.27,0.78,0.82,0.81
84764678479324,2025,Oleksiak-Lindgren,SEA,pairing,5on5,24,5033.0,187.0,0.36,0.45,0.43,37.58,2.43,2.38,9.75,1.27,21.39,15.78,2.4,2.57,2.53,37.0,16.0,21.0,74.0,1.0,0.0,0.0,13.0,0.0,22.0,17.0,36.0,52.0,2.0,4.0,31.0,28.0,8.0,23.0,42.0,10.0,1.0,1.16,1.02,0.25,0.0,1.0,0.0,76.76,53.0,55.03,11.0,0.48,0.0,0.0,2.92,3.08,3.03,49.81,4.42,3.41,12.54,1.67,27.07,19.9,4.33,4.22,4.13,48.0,21.0,22.0,91.0,3.0,4.0,0.0,11.0,0.0,26.0,25.0,45.0,66.0,5.0,10.0,46.0,31.0,7.0,24.0,49.0,16.0,4.0,1.34,1.96,1.12,1.0,0.0,2.0,87.21,69.0,66.35,12.0,0.71,0.49,0.49,4.64,4.43,4.34
847698184781338480074,2025,Evans-Texier-Anderson,MTL,line,5on5,8,3216.0,34.0,0.41,0.45,0.45,24.59,2.19,1.62,5.89,0.88,13.79,10.62,2.17,2.16,2.14,22.0,13.0,10.0,45.0,2.0,2.0,0.0,6.0,0.0,12.0,13.0,20.0,33.0,6.0,12.0,31.0,28.0,5.0,13.0,24.0,9.0,2.0,0.74,1.03,0.42,0.0,1.0,1.0,43.98,35.0,34.45,7.0,0.33,0.1,0.1,2.43,2.41,2.4,30.81,3.11,2.09,7.74,1.04,16.68,12.34,2.98,3.09,2.97,24.0,19.0,13.0,56.0,3.0,6.0,0.0,3.0,0.0,20.0,11.0,21.0,40.0,1.0,2.0,27.0,12.0,4.0,16.0,32.0,7.0,4.0,1.0,0.93,1.18,1.0,0.0,2.0,56.05,43.0,42.82,3.0,0.43,0.87,0.87,2.67,2.64,2.57
847403784799928481725,2025,Soderblom-Rasmussen-Van Riemsdyk,DET,line,5on5,8,3437.0,28.0,0.65,0.52,0.58,37.07,3.81,2.39,9.61,1.26,19.35,13.58,3.62,3.95,3.75,26.0,24.0,10.0,60.0,1.0,6.0,0.0,7.0,0.0,17.0,19.0,25.0,49.0,4.0,11.0,31.0,28.0,3.0,15.0,35.0,10.0,5.0,1.07,1.35,1.39,0.0,1.0,0.0,60.47,50.0,50.32,8.0,0.5,1.51,1.51,2.8,2.87,2.84,24.96,2.02,1.62,6.29,0.89,14.17,11.02,2.01,1.98,1.97,21.0,15.0,20.0,56.0,0.0,0.0,0.0,4.0,0.0,15.0,17.0,21.0,36.0,3.0,9.0,26.0,42.0,2.0,15.0,25.0,10.0,1.0,0.44,1.33,0.26,0.0,0.0,0.0,55.63,36.0,35.56,6.0,0.34,0.0,0.0,2.37,2.32,2.3
84752798481607,2025,Chiarot-Johansson,DET,pairing,5on5,35,3452.0,223.0,0.22,0.33,0.3,13.9,1.01,0.9,3.18,0.47,8.21,6.22,1.01,1.02,1.01,15.0,5.0,13.0,33.0,1.0,0.0,0.0,3.0,0.0,8.0,8.0,14.0,19.0,5.0,10.0,24.0,21.0,9.0,17.0,16.0,4.0,0.0,0.57,0.45,0.0,1.0,0.0,0.0,33.45,20.0,20.2,4.0,0.18,0.0,0.0,1.2,1.2,1.2,34.34,3.5,2.46,8.22,1.17,17.89,12.76,3.15,3.38,3.06,29.0,17.0,21.0,67.0,0.0,4.0,0.0,6.0,0.0,25.0,11.0,29.0,46.0,4.0,8.0,21.0,14.0,4.0,11.0,32.0,11.0,3.0,1.1,1.55,0.85,0.0,0.0,0.0,64.64,46.0,44.5,4.0,0.51,0.96,0.96,3.06,2.98,2.87
848001884815408482737,2025,Bolduc-Suzuki-Caufield,MTL,line,5on5,17,10436.0,37.0,0.53,0.49,0.53,91.81,9.15,5.94,21.78,3.1,48.98,36.05,8.8,9.36,9.0,71.0,54.0,43.0,168.0,9.0,8.0,0.0,17.0,0.0,51.0,40.0,62.0,116.0,4.0,6.0,77.0,58.0,17.0,38.0,84.0,30.0,11.0,2.88,3.38,2.89,2.0,6.0,1.0,170.97,125.0,126.52,22.0,1.24,1.97,1.97,8.42,8.57,8.4,82.9,8.01,5.55,21.48,2.9,43.2,30.86,7.59,8.09,7.66,73.0,39.0,62.0,174.0,7.0,10.0,1.0,15.0,0.0,44.0,36.0,66.0,105.0,2.0,4.0,84.0,61.0,16.0,56.0,76.0,26.0,10.0,2.2,3.29,2.52,2.0,3.0,2.0,175.61,112.0,112.91,29.0,1.16,1.91,1.91,7.27,7.28,7.06
84769178485366,2025,Schaefer-Pelech,NYI,pairing,5on5,34,1883.0,301.0,0.6,0.56,0.6,18.57,1.63,1.21,4.5,0.66,11.09,7.9,1.62,1.61,1.6,19.0,8.0,7.0,34.0,2.0,2.0,0.0,2.0,0.0,8.0,13.0,17.0,25.0,2.0,4.0,2.0,6.0,1.0,7.0,22.0,4.0,1.0,0.74,0.52,0.38,1.0,1.0,0.0,33.24,27.0,26.38,3.0,0.25,0.46,0.46,1.42,1.38,1.38,12.96,1.08,0.84,2.93,0.44,7.18,5.52,1.05,1.15,1.12,10.0,8.0,9.0,27.0,1.0,1.0,0.0,1.0,0.0,7.0,8.0,9.0,17.0,4.0,10.0,3.0,14.0,3.0,5.0,12.0,6.0,0.0,0.33,0.75,0.0,1.0,0.0,0.0,27.86,18.0,18.6,2.0,0.17,0.18,0.18,1.07,1.12,1.11
84811678484768,2025,Pachal-Parekh,CGY,pairing,5on5,4,1811.0,11.0,0.44,0.43,0.42,15.74,1.22,0.85,4.09,0.48,7.66,6.69,1.2,1.2,1.18,13.0,8.0,8.0,29.0,0.0,0.0,0.0,3.0,0.0,10.0,8.0,13.0,21.0,1.0,2.0,10.0,20.0,4.0,11.0,16.0,5.0,0.0,0.47,0.74,0.0,0.0,0.0,0.0,28.37,21.0,20.61,5.0,0.18,0.0,0.0,1.4,1.38,1.36,21.16,1.58,1.31,5.67,0.73,11.0,8.72,1.56,1.6,1.57,18.0,11.0,9.0,38.0,1.0,3.0,0.0,5.0,0.0,9.0,11.0,17.0,28.0,4.0,8.0,13.0,15.0,5.0,8.0,24.0,3.0,2.0,0.72,0.34,0.52,0.0,0.0,1.0,38.02,29.0,29.08,6.0,0.27,0.35,0.35,1.5,1.5,1.49
84794108480084,2025,Sergachev-Desimone,UTA,pairing,5on5,10,3114.0,56.0,0.51,0.6,0.56,25.67,2.12,1.48,6.84,0.82,13.69,10.05,2.09,2.09,2.06,23.0,12.0,15.0,50.0,2.0,1.0,0.0,5.0,0.0,12.0,15.0,21.0,33.0,2.0,4.0,23.0,15.0,7.0,7.0,27.0,5.0,3.0,0.73,0.64,0.75,1.0,1.0,0.0,49.14,35.0,34.3,2.0,0.3,0.04,0.04,2.38,2.35,2.32,19.77,2.03,1.26,4.39,0.64,10.94,7.75,1.95,2.1,2.03,21.0,6.0,6.0,33.0,2.0,1.0,0.0,6.0,0.0,8.0,10.0,19.0,25.0,1.0,2.0,29.0,24.0,0.0,10.0,16.0,9.0,2.0,0.56,1.04,0.42,0.0,2.0,0.0,33.7,27.0,27.77,4.0,0.26,0.14,0.14,2.15,2.22,2.16
847747984841448484197,2025,Bertuzzi-Bedard-Moore,CHI,line,5on5,4,638.0,38.0,0.3,0.28,0.26,3.29,0.32,0.23,0.81,0.13,2.13,1.37,0.32,0.32,0.32,4.0,1.0,2.0,7.0,0.0,0.0,0.0,0.0,0.0,3.0,2.0,4.0,5.0,1.0,2.0,3.0,1.0,1.0,3.0,4.0,0.0,1.0,0.08,0.0,0.25,0.0,0.0,0.0,7.02,5.0,5.05,3.0,0.05,0.0,0.0,0.37,0.37,0.37,9.81,0.75,0.56,2.21,0.33,5.44,4.71,0.75,0.76,0.75,8.0,6.0,4.0,18.0,1.0,1.0,0.0,2.0,0.0,3.0,7.0,7.0,13.0,1.0,2.0,4.0,4.0,1.0,3.0,9.0,5.0,0.0,0.19,0.56,0.0,1.0,0.0,0.0,18.13,14.0,14.04,2.0,0.12,0.02,0.02,0.85,0.85,0.85
84769068482100,2025,Nikishin-Gostisbehere,CAR,pairing,5on5,22,5176.0,148.0,0.71,0.6,0.63,63.99,6.69,4.32,15.58,2.14,32.0,24.27,6.26,6.77,6.33,57.0,28.0,25.0,110.0,9.0,6.0,1.0,12.0,0.0,33.0,25.0,48.0,76.0,9.0,18.0,41.0,28.0,10.0,25.0,57.0,21.0,7.0,2.06,2.75,1.88,2.0,6.0,1.0,112.79,85.0,86.96,8.0,0.91,1.34,1.34,6.26,6.36,6.15,35.03,2.76,2.16,8.33,1.18,19.26,15.31,2.7,2.75,2.69,33.0,16.0,24.0,73.0,2.0,1.0,1.0,7.0,0.0,16.0,23.0,31.0,47.0,10.0,20.0,50.0,45.0,5.0,24.0,36.0,12.0,1.0,0.99,1.52,0.25,1.0,0.0,1.0,71.63,49.0,48.52,9.0,0.44,0.25,0.25,2.96,2.93,2.89
847842784808308482809,2025,Blake-Aho-Svechnikov,CAR,line,5on5,11,897.0,102.0,0.37,0.69,0.62,11.45,0.47,0.59,2.91,0.35,6.77,4.91,0.46,0.45,0.45,6.0,10.0,6.0,22.0,0.0,0.0,0.0,6.0,0.0,6.0,4.0,6.0,16.0,1.0,2.0,3.0,5.0,2.0,3.0,16.0,0.0,0.0,0.47,0.0,0.0,0.0,0.0,0.0,21.44,16.0,15.74,2.0,0.12,0.0,0.0,0.58,0.57,0.56,7.24,0.78,0.53,1.32,0.25,3.75,3.36,0.75,0.76,0.73,9.0,1.0,0.0,10.0,2.0,1.0,1.0,1.0,0.0,2.0,4.0,7.0,8.0,1.0,2.0,1.0,4.0,1.0,3.0,7.0,2.0,1.0,0.26,0.19,0.33,1.0,0.0,1.0,9.68,10.0,9.7,2.0,0.11,0.33,0.33,0.56,0.55,0.55
847940784800028481559,2025,Bratt-Hischier-Hughes,NJD,line,5on5,10,1251.0,85.0,0.55,0.62,0.53,12.25,1.0,0.76,2.97,0.41,6.85,5.01,0.98,1.0,0.98,8.0,9.0,9.0,26.0,0.0,0.0,0.0,2.0,0.0,11.0,4.0,8.0,17.0,1.0,2.0,18.0,5.0,1.0,4.0,12.0,5.0,0.0,0.35,0.65,0.0,0.0,0.0,0.0,25.09,17.0,16.52,1.0,0.16,0.0,0.0,1.16,1.16,1.14,10.5,0.81,0.76,2.73,0.38,6.02,4.3,0.76,0.8,0.76,10.0,5.0,1.0,16.0,1.0,2.0,0.0,2.0,0.0,5.0,5.0,9.0,14.0,0.0,0.0,9.0,5.0,4.0,6.0,11.0,4.0,0.0,0.28,0.52,0.0,1.0,0.0,0.0,16.33,15.0,15.29,2.0,0.16,0.18,0.18,0.78,0.78,0.74
847637484795918482177,2025,Khusnutdinov-Kuraly-Eyssimont,BOS,line,5on5,8,2210.0,66.0,0.37,0.47,0.4,17.52,1.46,1.17,4.75,0.61,9.99,7.01,1.39,1.41,1.34,18.0,7.0,13.0,38.0,1.0,3.0,0.0,5.0,0.0,8.0,8.0,17.0,24.0,0.0,0.0,14.0,8.0,2.0,12.0,20.0,4.0,1.0,0.64,0.49,0.32,0.0,1.0,0.0,36.88,25.0,24.45,4.0,0.24,0.36,0.36,1.34,1.3,1.27,26.96,2.47,1.66,7.96,1.06,13.88,9.97,2.2,2.54,2.26,20.0,17.0,6.0,43.0,1.0,5.0,0.0,4.0,0.0,14.0,13.0,19.0,36.0,1.0,2.0,21.0,13.0,4.0,10.0,27.0,7.0,3.0,0.71,0.83,0.94,1.0,0.0,0.0,44.5,37.0,37.88,4.0,0.35,1.12,1.12,1.71,1.74,1.69
847841484794078481559,2025,Hughes-Bratt-Meier,NJD,line,5on5,13,643.0,139.0,0.37,0.48,0.3,2.34,0.26,0.14,0.48,0.06,1.23,0.83,0.26,0.29,0.29,1.0,2.0,7.0,10.0,0.0,0.0,0.0,0.0,0.0,2.0,1.0,1.0,3.0,0.0,0.0,0.0,4.0,1.0,1.0,2.0,0.0,1.0,0.05,0.0,0.21,0.0,0.0,0.0,10.31,3.0,3.19,0.0,0.03,0.0,0.0,0.29,0.32,0.32,5.03,0.45,0.32,1.02,0.14,3.04,2.04,0.45,0.46,0.46,6.0,1.0,4.0,11.0,2.0,0.0,0.0,2.0,0.0,2.0,1.0,4.0,5.0,1.0,2.0,3.0,6.0,1.0,5.0,6.0,0.0,1.0,0.18,0.0,0.27,1.0,0.0,1.0,10.93,7.0,7.02,3.0,0.07,0.0,0.0,0.51,0.52,0.52
847467984757998480289,2025,Niederreiter-Barron-Nyquist,WPG,line,5on5,4,767.0,37.0,0.55,0.43,0.42,5.9,0.67,0.38,1.3,0.2,2.84,2.62,0.67,0.7,0.7,6.0,2.0,4.0,12.0,1.0,0.0,0.0,2.0,0.0,3.0,2.0,5.0,7.0,1.0,2.0,10.0,2.0,3.0,2.0,6.0,1.0,1.0,0.23,0.11,0.34,0.0,0.0,1.0,12.22,8.0,7.95,0.0,0.08,0.0,0.0,0.75,0.78,0.78,7.75,0.55,0.42,1.9,0.25,4.27,3.61,0.54,0.53,0.53,9.0,2.0,5.0,16.0,0.0,1.0,0.0,5.0,0.0,2.0,3.0,9.0,11.0,0.0,0.0,3.0,6.0,0.0,2.0,10.0,0.0,1.0,0.27,0.0,0.27,0.0,0.0,0.0,15.64,11.0,10.84,1.0,0.09,0.27,0.27,0.36,0.36,0.36
84740138479410,2025,Sergachev-Cole,UTA,pairing,5on5,39,5292.0,295.0,0.39,0.42,0.43,35.9,3.4,2.23,8.98,1.19,19.07,14.13,3.28,3.42,3.3,35.0,14.0,21.0,70.0,4.0,5.0,1.0,9.0,0.0,11.0,20.0,31.0,45.0,6.0,12.0,45.0,27.0,6.0,17.0,36.0,9.0,4.0,1.1,1.14,1.17,2.0,1.0,1.0,70.02,49.0,49.64,8.0,0.46,1.08,1.08,2.78,2.81,2.79,47.22,5.38,3.16,11.62,1.62,24.56,17.65,5.11,5.37,5.11,38.0,26.0,34.0,98.0,3.0,8.0,0.0,10.0,0.0,19.0,24.0,35.0,61.0,0.0,0.0,43.0,20.0,2.0,28.0,45.0,11.0,8.0,1.56,1.34,2.48,2.0,1.0,0.0,97.01,64.0,63.42,9.0,0.66,1.88,1.88,4.16,4.15,4.03
84784528484839,2025,Jones-Brunicke,PIT,pairing,5on5,6,4280.0,13.0,0.53,0.46,0.5,38.31,4.75,2.94,9.13,1.19,17.88,13.12,4.3,4.79,4.34,37.0,12.0,17.0,66.0,4.0,7.0,0.0,7.0,0.0,12.0,19.0,33.0,45.0,3.0,6.0,28.0,24.0,3.0,23.0,30.0,10.0,9.0,0.75,1.62,2.38,2.0,2.0,0.0,66.44,49.0,49.66,12.0,0.63,1.75,1.75,3.62,3.66,3.56,37.54,4.23,2.68,8.76,1.14,19.0,13.2,4.03,4.33,4.12,28.0,21.0,27.0,76.0,2.0,4.0,0.0,7.0,0.0,17.0,19.0,26.0,47.0,5.0,10.0,35.0,43.0,7.0,15.0,27.0,18.0,4.0,0.85,2.31,1.07,1.0,1.0,0.0,75.33,49.0,49.29,5.0,0.57,0.88,0.88,3.92,3.98,3.94
847584284817268482460,2025,Edstrom-Carrick-Rempe,NYR,line,5on5,8,3920.0,25.0,0.59,0.56,0.51,33.54,3.52,2.22,8.42,1.1,17.22,12.51,3.39,3.62,3.49,27.0,18.0,30.0,75.0,2.0,4.0,1.0,8.0,0.0,16.0,15.0,25.0,43.0,4.0,8.0,27.0,54.0,5.0,16.0,32.0,6.0,7.0,0.93,0.81,1.77,1.0,0.0,1.0,76.14,45.0,45.61,11.0,0.47,0.52,0.52,3.47,3.52,3.48,31.29,2.49,1.9,7.67,1.03,17.26,12.65,2.45,2.55,2.51,31.0,12.0,16.0,59.0,2.0,1.0,1.0,6.0,0.0,18.0,16.0,29.0,41.0,2.0,4.0,27.0,33.0,3.0,29.0,33.0,8.0,2.0,0.91,1.0,0.57,0.0,1.0,1.0,60.24,43.0,44.4,16.0,0.39,0.37,0.37,2.51,2.54,2.51
847574584764328482705,2025,Jenner-Sillinger-Coyle,CBJ,line,5on5,6,630.0,64.0,0.87,0.83,0.82,7.16,1.02,0.56,1.56,0.19,3.15,2.53,0.96,1.05,0.99,8.0,1.0,6.0,15.0,3.0,1.0,1.0,1.0,0.0,4.0,0.0,5.0,6.0,1.0,2.0,11.0,5.0,2.0,3.0,4.0,3.0,2.0,0.13,0.4,0.49,0.0,3.0,0.0,15.67,9.0,9.46,1.0,0.12,0.14,0.14,1.0,1.03,1.01,1.42,0.16,0.1,0.34,0.04,0.74,0.61,0.16,0.14,0.14,1.0,1.0,1.0,3.0,0.0,0.0,0.0,0.0,0.0,0.0,2.0,1.0,2.0,1.0,2.0,2.0,4.0,0.0,2.0,1.0,1.0,0.0,0.02,0.14,0.0,0.0,0.0,0.0,2.83,2.0,1.8,2.0,0.02,0.0,0.0,0.18,0.16,0.16
84751888477447,2025,Theodore-Mcnabb,VGK,pairing,5on5,31,30098.0,37.0,0.52,0.51,0.52,253.54,21.73,16.47,63.21,8.1,132.5,99.98,20.91,21.92,21.09,241.0,101.0,158.0,500.0,18.0,22.0,1.0,50.0,0.0,124.0,128.0,223.0,324.0,20.0,42.0,280.0,126.0,43.0,161.0,252.0,72.0,18.0,7.65,9.41,4.67,4.0,10.0,4.0,504.99,342.0,344.2,64.0,3.44,4.11,3.76,21.41,21.56,21.18,233.54,19.81,14.41,58.44,8.07,125.89,93.38,19.24,19.76,19.21,200.0,120.0,155.0,475.0,15.0,17.0,0.0,47.0,0.0,128.0,113.0,185.0,305.0,31.0,64.0,265.0,149.0,44.0,123.0,240.0,64.0,16.0,6.91,8.34,4.56,11.0,2.0,2.0,473.84,320.0,320.27,64.0,2.99,3.34,3.34,19.45,19.49,19.12
847414184793378483464,2025,Debrincat-Kasper-Kane,DET,line,5on5,12,4607.0,57.0,0.4,0.51,0.5,39.8,2.85,2.34,10.0,1.34,23.11,16.36,2.78,2.72,2.66,40.0,16.0,16.0,72.0,2.0,3.0,0.0,9.0,1.0,21.0,20.0,38.0,54.0,5.0,10.0,31.0,28.0,8.0,24.0,45.0,10.0,1.0,1.38,1.15,0.33,1.0,1.0,0.0,68.54,56.0,53.64,9.0,0.47,0.35,0.35,2.97,2.84,2.79,40.72,4.29,2.7,10.86,1.35,20.52,15.28,4.11,4.54,4.34,39.0,16.0,13.0,68.0,4.0,7.0,0.0,10.0,0.0,18.0,16.0,35.0,51.0,2.0,4.0,41.0,33.0,4.0,21.0,40.0,9.0,6.0,1.19,1.14,1.96,1.0,3.0,0.0,70.78,55.0,56.83,10.0,0.57,2.02,2.02,2.84,2.98,2.94
84793458480990,2025,Chychrun-Chisholm,WSH,pairing,5on5,14,3042.0,84.0,0.34,0.46,0.41,18.47,1.5,1.07,4.59,0.64,10.67,7.53,1.49,1.49,1.49,19.0,7.0,17.0,43.0,2.0,0.0,0.0,5.0,0.0,11.0,8.0,17.0,24.0,2.0,7.0,14.0,22.0,2.0,18.0,19.0,6.0,1.0,0.41,0.73,0.36,2.0,0.0,0.0,43.69,26.0,26.53,11.0,0.22,0.0,0.0,1.72,1.72,1.72,27.29,2.94,1.79,6.68,0.95,14.15,10.49,2.76,2.82,2.65,21.0,16.0,14.0,51.0,2.0,5.0,0.0,6.0,0.0,15.0,9.0,19.0,35.0,4.0,11.0,16.0,21.0,3.0,14.0,25.0,9.0,3.0,0.88,1.38,0.68,1.0,1.0,0.0,48.65,37.0,35.39,9.0,0.37,0.71,0.71,2.6,2.5,2.44
847842784807628480830,2025,Robinson-Aho-Svechnikov,CAR,line,5on5,12,1426.0,114.0,0.56,0.59,0.52,16.12,1.87,1.11,3.81,0.58,9.11,6.52,1.82,1.82,1.77,17.0,6.0,13.0,36.0,1.0,2.0,0.0,5.0,0.0,8.0,7.0,16.0,22.0,1.0,2.0,8.0,15.0,0.0,9.0,15.0,6.0,2.0,0.56,0.68,0.62,0.0,1.0,0.0,34.35,23.0,22.13,5.0,0.23,0.62,0.62,1.48,1.43,1.42,15.59,1.46,0.96,4.08,0.48,7.95,6.07,1.44,1.49,1.47,14.0,7.0,4.0,25.0,1.0,1.0,0.0,4.0,0.0,10.0,5.0,13.0,20.0,1.0,2.0,19.0,7.0,0.0,8.0,15.0,4.0,2.0,0.38,0.48,0.6,0.0,1.0,0.0,26.58,21.0,21.59,7.0,0.2,0.13,0.13,1.53,1.56,1.54
84764298481569,2025,Warren-Mayfield,NYI,pairing,5on5,8,3566.0,29.0,0.55,0.51,0.49,26.23,3.42,1.72,6.67,0.83,13.31,9.05,3.24,3.41,3.22,24.0,11.0,17.0,52.0,1.0,4.0,0.0,9.0,0.0,14.0,7.0,23.0,34.0,4.0,8.0,25.0,32.0,4.0,21.0,21.0,8.0,6.0,0.56,1.03,1.83,0.0,1.0,0.0,52.46,35.0,35.67,9.0,0.36,1.05,1.05,2.74,2.7,2.62,27.49,2.76,1.69,7.42,0.9,13.89,10.34,2.69,2.84,2.77,20.0,17.0,12.0,49.0,2.0,3.0,0.0,4.0,0.0,17.0,11.0,18.0,35.0,2.0,4.0,34.0,24.0,2.0,19.0,29.0,5.0,3.0,1.12,0.62,1.02,2.0,0.0,0.0,50.16,37.0,37.5,10.0,0.36,0.87,0.87,2.25,2.28,2.27
847578484849118485402,2025,Skinner-Misa-Graf,SJS,line,5on5,2,738.0,7.0,0.42,0.28,0.32,4.94,0.68,0.37,1.19,0.17,2.68,1.91,0.6,0.62,0.55,5.0,2.0,1.0,8.0,0.0,1.0,0.0,1.0,0.0,3.0,2.0,5.0,7.0,0.0,0.0,8.0,5.0,1.0,6.0,4.0,2.0,1.0,0.1,0.28,0.3,0.0,0.0,0.0,7.39,7.0,6.49,3.0,0.08,0.3,0.3,0.46,0.42,0.39,11.5,0.94,0.68,3.54,0.35,5.49,4.0,0.88,0.98,0.92,12.0,3.0,6.0,21.0,1.0,1.0,1.0,3.0,0.0,7.0,3.0,11.0,14.0,2.0,4.0,8.0,1.0,1.0,2.0,12.0,1.0,2.0,0.27,0.18,0.49,0.0,0.0,1.0,22.11,15.0,15.81,0.0,0.14,0.26,0.26,0.82,0.86,0.85
847749484784458481601,2025,Drouin-Barzal-Holmstrom,NYI,line,5on5,9,4370.0,51.0,0.52,0.5,0.5,33.15,2.92,2.02,8.44,1.16,18.6,13.86,2.83,3.06,2.96,25.0,22.0,19.0,66.0,1.0,2.0,1.0,7.0,0.0,18.0,19.0,24.0,46.0,4.0,8.0,29.0,7.0,6.0,12.0,34.0,9.0,4.0,0.89,0.97,1.07,0.0,0.0,1.0,68.13,47.0,48.66,7.0,0.42,0.6,0.85,2.49,2.6,2.55,33.44,2.72,2.24,7.82,1.07,19.49,13.66,2.69,2.62,2.6,29.0,18.0,19.0,66.0,2.0,2.0,0.0,6.0,0.0,17.0,20.0,27.0,45.0,3.0,6.0,31.0,21.0,7.0,27.0,38.0,8.0,1.0,1.23,1.09,0.4,1.0,1.0,0.0,63.3,47.0,45.81,8.0,0.45,0.46,0.46,2.7,2.61,2.59
847578484788748484801,2025,Skinner-Celebrini-Gaudette,SJS,line,5on5,1,750.0,1.0,0.46,0.52,0.44,5.86,0.4,0.37,1.25,0.17,3.26,2.54,0.4,0.38,0.38,5.0,3.0,5.0,13.0,0.0,0.0,0.0,2.0,0.0,3.0,3.0,5.0,8.0,0.0,0.0,4.0,3.0,2.0,4.0,5.0,3.0,0.0,0.11,0.29,0.0,0.0,0.0,0.0,12.16,8.0,7.61,2.0,0.08,0.0,0.0,0.48,0.45,0.45,6.8,0.48,0.47,1.68,0.23,4.3,2.85,0.48,0.51,0.51,8.0,2.0,2.0,12.0,1.0,0.0,0.0,1.0,0.0,3.0,5.0,7.0,9.0,1.0,2.0,3.0,3.0,1.0,4.0,7.0,3.0,0.0,0.13,0.34,0.0,0.0,1.0,0.0,12.65,10.0,10.49,1.0,0.1,0.0,0.0,0.57,0.61,0.61
847939384800038480021,2025,Gregor-Studnicka-Boqvist,FLA,line,5on5,5,1874.0,19.0,0.08,0.33,0.27,7.23,0.33,0.46,1.88,0.27,4.72,3.34,0.33,0.32,0.32,7.0,4.0,10.0,21.0,0.0,0.0,0.0,1.0,0.0,2.0,8.0,7.0,11.0,3.0,9.0,10.0,24.0,3.0,6.0,10.0,1.0,0.0,0.2,0.12,0.0,0.0,0.0,0.0,21.41,11.0,11.38,5.0,0.09,0.0,0.0,0.42,0.42,0.42,23.17,3.65,1.7,6.4,0.88,10.23,7.13,3.27,3.51,3.15,22.0,8.0,13.0,43.0,3.0,6.0,1.0,6.0,0.0,9.0,6.0,19.0,27.0,2.0,7.0,28.0,20.0,1.0,10.0,15.0,6.0,9.0,0.4,0.76,2.49,1.0,1.0,1.0,42.37,30.0,28.85,5.0,0.37,1.56,1.56,2.46,2.37,2.23
847795684784018482177,2025,Khusnutdinov-Zacha-Pastrnak,BOS,line,5on5,5,685.0,49.0,0.44,0.59,0.63,7.08,0.44,0.39,1.71,0.21,4.12,3.12,0.44,0.45,0.45,7.0,3.0,3.0,13.0,1.0,0.0,0.0,2.0,0.0,4.0,3.0,6.0,9.0,1.0,2.0,8.0,8.0,0.0,4.0,8.0,2.0,0.0,0.26,0.18,0.0,0.0,1.0,0.0,13.07,10.0,9.92,2.0,0.08,0.0,0.0,0.52,0.54,0.53,4.64,0.56,0.3,1.34,0.16,2.1,1.53,0.5,0.52,0.47,6.0,0.0,3.0,9.0,0.0,1.0,0.0,4.0,0.0,1.0,0.0,6.0,6.0,0.0,0.0,7.0,3.0,1.0,3.0,4.0,0.0,2.0,0.07,0.0,0.49,0.0,0.0,0.0,8.84,6.0,5.93,0.0,0.06,0.27,0.27,0.36,0.34,0.33
84779328478055,2025,Forsling-Ekblad,FLA,pairing,5on5,38,32598.0,60.0,0.5,0.52,0.51,288.43,27.36,18.5,73.42,9.61,152.38,111.75,26.44,27.37,26.45,261.0,132.0,152.0,545.0,29.0,27.0,4.0,70.0,1.0,145.0,121.0,232.0,364.0,45.0,94.0,289.0,248.0,42.0,124.0,266.0,104.0,23.0,7.5,13.13,6.73,6.0,17.0,6.0,544.16,393.0,392.7,50.0,3.86,5.11,5.4,25.82,25.73,25.22,279.31,27.1,18.7,69.0,9.19,144.71,109.3,25.85,27.33,26.07,256.0,122.0,131.0,509.0,35.0,36.0,6.0,55.0,1.0,124.0,127.0,221.0,343.0,33.0,76.0,266.0,163.0,48.0,155.0,263.0,82.0,33.0,7.57,10.55,8.98,18.0,10.0,7.0,511.3,378.0,378.73,78.0,3.88,7.7,7.7,23.29,23.62,23.19
847906684810688483609,2025,Sharangovich-Lomberg-Klapka,CGY,line,5on5,3,992.0,15.0,0.35,0.29,0.38,4.35,0.22,0.21,1.25,0.13,2.33,1.85,0.22,0.23,0.23,4.0,2.0,1.0,7.0,1.0,0.0,0.0,1.0,0.0,1.0,3.0,3.0,5.0,0.0,0.0,2.0,18.0,1.0,3.0,5.0,1.0,0.0,0.12,0.1,0.0,1.0,0.0,0.0,7.59,6.0,6.32,2.0,0.04,0.0,0.0,0.26,0.27,0.27,7.52,0.4,0.47,2.32,0.26,3.77,2.77,0.4,0.4,0.4,6.0,4.0,7.0,17.0,0.0,1.0,0.0,3.0,0.0,4.0,2.0,6.0,10.0,0.0,0.0,9.0,8.0,0.0,3.0,9.0,1.0,0.0,0.21,0.19,0.0,0.0,0.0,0.0,16.63,10.0,9.74,2.0,0.1,0.04,0.04,0.46,0.46,0.46
847458684815548482665,2025,Eberle-Beniers-Kakko,SEA,line,5on5,8,4444.0,26.0,0.43,0.42,0.38,30.63,2.89,2.04,7.79,1.02,15.81,11.44,2.73,2.98,2.81,34.0,7.0,19.0,60.0,4.0,2.0,1.0,6.0,0.0,12.0,17.0,30.0,37.0,5.0,10.0,27.0,17.0,3.0,20.0,26.0,11.0,4.0,0.64,1.26,0.99,1.0,2.0,1.0,62.31,41.0,42.48,8.0,0.42,0.57,0.57,2.74,2.82,2.73,47.45,3.78,3.07,12.55,1.67,26.24,18.7,3.52,3.69,3.45,41.0,25.0,16.0,82.0,1.0,8.0,0.0,7.0,0.0,22.0,28.0,40.0,65.0,1.0,2.0,44.0,32.0,3.0,19.0,55.0,6.0,5.0,1.63,0.69,1.46,0.0,1.0,0.0,79.01,66.0,63.78,10.0,0.64,1.59,1.59,2.83,2.77,2.74
84781368482122,2025,Middleton-Faber,MIN,pairing,5on5,24,2315.0,185.0,0.37,0.48,0.43,14.08,0.99,0.88,3.32,0.43,7.77,5.61,0.97,0.99,0.97,10.0,9.0,13.0,32.0,1.0,1.0,0.0,0.0,0.0,10.0,7.0,9.0,18.0,0.0,0.0,16.0,15.0,6.0,3.0,14.0,4.0,1.0,0.28,0.49,0.22,0.0,1.0,0.0,33.98,19.0,19.83,0.0,0.18,0.04,0.04,1.14,1.14,1.12,17.66,1.65,1.18,5.0,0.63,9.54,6.99,1.56,1.56,1.48,14.0,11.0,9.0,34.0,1.0,3.0,0.0,3.0,0.0,6.0,12.0,13.0,24.0,1.0,2.0,17.0,19.0,5.0,13.0,19.0,4.0,2.0,0.49,0.66,0.5,0.0,1.0,0.0,32.62,25.0,23.77,6.0,0.25,0.45,0.45,1.46,1.39,1.37
847062184815328482408,2025,Malott-Turcotte-Perry,LAK,line,5on5,17,4539.0,106.0,0.74,0.66,0.68,55.37,6.26,3.86,14.18,2.01,28.46,20.22,5.8,6.3,5.84,43.0,32.0,33.0,108.0,4.0,11.0,0.0,9.0,0.0,34.0,17.0,39.0,71.0,8.0,25.0,31.0,37.0,2.0,18.0,47.0,21.0,7.0,1.35,2.79,2.12,3.0,1.0,0.0,108.35,75.0,75.49,7.0,0.82,2.61,2.61,4.47,4.48,4.33,25.49,2.21,1.68,6.58,0.91,14.25,10.36,2.19,2.21,2.18,16.0,20.0,20.0,56.0,2.0,3.0,0.0,5.0,0.0,10.0,16.0,14.0,34.0,8.0,27.0,33.0,52.0,3.0,22.0,25.0,10.0,1.0,0.74,1.26,0.22,1.0,1.0,0.0,55.42,36.0,35.76,14.0,0.35,0.52,0.52,2.04,2.03,2.02
847804284796618483489,2025,Jeannot-Minten-Arvidsson,BOS,line,5on5,12,1035.0,121.0,0.19,0.35,0.32,7.42,0.36,0.37,2.11,0.25,3.95,2.95,0.36,0.35,0.35,8.0,2.0,7.0,17.0,1.0,0.0,0.0,3.0,0.0,6.0,0.0,7.0,9.0,2.0,4.0,13.0,15.0,0.0,3.0,9.0,1.0,0.0,0.2,0.15,0.0,1.0,0.0,0.0,15.96,10.0,9.73,1.0,0.08,0.0,0.0,0.43,0.43,0.43,15.72,1.54,1.16,4.26,0.59,7.87,5.59,1.46,1.54,1.47,13.0,8.0,10.0,31.0,1.0,5.0,0.0,3.0,0.0,8.0,4.0,12.0,20.0,1.0,2.0,12.0,8.0,2.0,3.0,14.0,6.0,1.0,0.42,0.88,0.24,1.0,0.0,0.0,31.75,21.0,21.41,3.0,0.24,0.74,0.74,1.04,1.05,1.02
84793888480834,2025,Stillman-Emberson,EDM,pairing,5on5,3,1872.0,9.0,0.4,0.38,0.37,11.56,1.5,0.74,3.2,0.41,5.31,3.84,1.46,1.61,1.57,9.0,6.0,5.0,20.0,1.0,2.0,0.0,4.0,0.0,5.0,3.0,8.0,14.0,1.0,2.0,16.0,13.0,2.0,13.0,9.0,3.0,3.0,0.32,0.39,0.79,0.0,0.0,1.0,20.66,15.0,15.66,4.0,0.16,0.55,0.55,1.11,1.19,1.18,19.47,2.24,1.33,5.48,0.65,9.76,6.55,2.11,2.18,2.05,17.0,9.0,6.0,32.0,1.0,3.0,0.0,4.0,1.0,5.0,12.0,16.0,25.0,2.0,4.0,18.0,27.0,1.0,7.0,16.0,8.0,2.0,0.43,1.12,0.69,0.0,1.0,0.0,31.29,26.0,25.7,3.0,0.28,0.7,0.7,1.83,1.77,1.74
847931884815828482259,2025,Robertson-Matthews-Mcmann,TOR,line,5on5,7,1412.0,96.0,0.55,0.57,0.56,13.72,1.35,0.78,3.55,0.46,7.08,5.77,1.3,1.33,1.29,12.0,7.0,8.0,27.0,0.0,4.0,0.0,4.0,0.0,5.0,6.0,12.0,19.0,4.0,11.0,14.0,11.0,2.0,6.0,15.0,1.0,3.0,0.4,0.09,0.86,0.0,0.0,0.0,25.87,19.0,18.5,3.0,0.16,1.16,0.86,0.65,0.64,0.63,11.7,1.13,0.88,2.43,0.31,5.76,4.49,1.11,1.18,1.16,8.0,7.0,5.0,20.0,1.0,1.0,0.0,2.0,0.0,5.0,6.0,7.0,14.0,3.0,9.0,11.0,8.0,4.0,9.0,10.0,4.0,1.0,0.37,0.53,0.23,1.0,0.0,0.0,20.7,15.0,15.57,4.0,0.18,0.23,0.23,1.08,1.13,1.12
84768858482803,2025,Zellweger-Trouba,ANA,pairing,5on5,39,22031.0,125.0,0.5,0.53,0.52,213.39,18.4,13.93,54.33,7.3,113.38,82.66,17.3,18.55,17.45,182.0,108.0,122.0,412.0,23.0,29.0,4.0,42.0,0.0,106.0,90.0,159.0,267.0,20.0,57.0,171.0,151.0,32.0,108.0,210.0,61.0,19.0,5.61,7.95,4.83,8.0,11.0,4.0,413.15,290.0,289.78,49.0,2.91,5.38,5.19,16.12,16.21,15.81,202.4,18.21,13.02,50.8,6.63,106.32,78.02,17.38,18.5,17.65,189.0,84.0,96.0,369.0,18.0,17.0,2.0,45.0,0.0,98.0,95.0,171.0,255.0,26.0,67.0,176.0,158.0,25.0,124.0,193.0,65.0,15.0,5.94,8.08,4.19,5.0,11.0,2.0,370.15,273.0,276.0,61.0,2.72,3.34,3.34,17.59,17.82,17.43
84779388480145,2025,Fleury-Pionk,WPG,pairing,5on5,12,3484.0,56.0,0.41,0.49,0.46,26.0,2.09,1.77,6.55,0.93,15.15,10.51,2.03,2.0,1.95,23.0,14.0,20.0,57.0,0.0,4.0,0.0,6.0,0.0,13.0,14.0,23.0,37.0,7.0,14.0,31.0,32.0,4.0,12.0,30.0,4.0,3.0,0.91,0.51,0.67,0.0,0.0,0.0,55.05,37.0,36.05,3.0,0.37,0.61,0.61,1.85,1.78,1.77,31.5,2.98,2.2,8.11,1.13,17.53,12.06,2.82,3.11,2.94,31.0,13.0,15.0,59.0,5.0,6.0,2.0,4.0,0.0,18.0,11.0,26.0,39.0,5.0,10.0,14.0,23.0,6.0,17.0,31.0,11.0,2.0,1.01,1.32,0.64,1.0,3.0,1.0,59.88,44.0,44.84,9.0,0.46,0.75,0.75,2.69,2.79,2.74
84779508481569,2025,Warren-Deangelo,NYI,pairing,5on5,4,1249.0,25.0,0.58,0.54,0.52,10.01,0.97,0.62,2.51,0.39,5.14,4.37,0.92,1.01,0.96,6.0,8.0,5.0,19.0,1.0,1.0,0.0,2.0,0.0,5.0,5.0,5.0,13.0,1.0,2.0,6.0,7.0,2.0,5.0,9.0,4.0,1.0,0.23,0.5,0.23,0.0,1.0,0.0,19.29,14.0,14.37,3.0,0.13,0.23,0.23,0.87,0.92,0.89,9.47,0.7,0.61,2.57,0.29,5.15,3.68,0.68,0.65,0.63,8.0,5.0,3.0,16.0,1.0,0.0,0.0,1.0,0.0,6.0,5.0,7.0,12.0,1.0,2.0,12.0,14.0,2.0,6.0,11.0,2.0,0.0,0.44,0.26,0.0,1.0,0.0,0.0,15.2,13.0,12.3,1.0,0.13,0.0,0.0,0.82,0.77,0.75
84746008483565,2025,Josi-Blankenburg,NSH,pairing,5on5,17,1894.0,86.0,0.5,0.55,0.56,17.03,0.87,0.86,4.21,0.51,9.15,7.41,0.86,0.84,0.83,12.0,11.0,11.0,34.0,1.0,0.0,0.0,2.0,0.0,8.0,12.0,11.0,22.0,1.0,2.0,14.0,6.0,3.0,13.0,20.0,3.0,0.0,0.41,0.45,0.0,1.0,0.0,0.0,32.67,23.0,22.15,7.0,0.18,0.0,0.0,1.05,1.02,1.0,13.1,0.88,0.88,2.98,0.44,7.29,5.53,0.87,0.91,0.9,9.0,9.0,10.0,28.0,0.0,0.0,0.0,1.0,0.0,8.0,9.0,9.0,18.0,2.0,4.0,18.0,11.0,0.0,4.0,14.0,4.0,0.0,0.41,0.47,0.0,0.0,0.0,0.0,29.95,18.0,19.12,1.0,0.18,0.0,0.0,1.06,1.1,1.09
847576584774518478864,2025,Kaprizov-Hartman-Tarasenko,MIN,line,5on5,10,774.0,113.0,0.33,0.35,0.28,4.94,0.59,0.38,1.17,0.17,2.66,2.04,0.55,0.6,0.56,4.0,3.0,5.0,12.0,0.0,0.0,0.0,1.0,0.0,4.0,2.0,4.0,7.0,0.0,0.0,4.0,2.0,0.0,4.0,4.0,2.0,1.0,0.1,0.24,0.24,0.0,0.0,0.0,11.87,7.0,6.9,3.0,0.08,0.0,0.0,0.67,0.68,0.64,13.69,1.21,1.04,3.65,0.46,6.72,4.92,1.16,1.24,1.18,12.0,6.0,4.0,22.0,0.0,3.0,0.0,2.0,0.0,8.0,5.0,12.0,18.0,2.0,4.0,12.0,4.0,0.0,5.0,11.0,7.0,0.0,0.27,0.94,0.0,0.0,0.0,0.0,22.58,18.0,18.42,2.0,0.22,0.33,0.33,1.1,1.12,1.1
84757628483678,2025,Forbort-Pettersson,VAN,pairing,5on5,2,1043.0,6.0,0.15,0.26,0.29,3.06,0.19,0.15,0.68,0.1,1.62,1.26,0.19,0.19,0.19,3.0,1.0,1.0,5.0,1.0,0.0,0.0,0.0,0.0,1.0,2.0,2.0,3.0,2.0,4.0,5.0,9.0,1.0,11.0,4.0,0.0,0.0,0.19,0.0,0.0,1.0,0.0,0.0,5.23,4.0,4.04,8.0,0.03,0.0,0.0,0.22,0.22,0.22,8.12,1.09,0.55,1.82,0.24,3.48,2.81,1.01,1.05,0.98,7.0,3.0,4.0,14.0,1.0,2.0,0.0,1.0,0.0,2.0,4.0,6.0,9.0,2.0,4.0,10.0,14.0,0.0,3.0,6.0,1.0,3.0,0.2,0.15,0.74,1.0,0.0,0.0,13.63,10.0,9.89,1.0,0.12,0.52,0.52,0.69,0.67,0.66
847747984834938484197,2025,Bertuzzi-Nazar-Moore,CHI,line,5on5,10,3395.0,36.0,0.6,0.5,0.51,25.88,2.17,1.63,6.14,0.83,14.47,10.76,2.11,2.22,2.16,20.0,16.0,12.0,48.0,3.0,2.0,0.0,4.0,0.0,13.0,14.0,17.0,33.0,3.0,6.0,26.0,15.0,5.0,20.0,28.0,6.0,2.0,0.97,0.73,0.46,1.0,2.0,0.0,48.51,36.0,36.35,7.0,0.33,0.28,0.28,2.22,2.25,2.23,25.07,1.47,1.49,6.21,0.79,14.26,10.78,1.45,1.46,1.44,19.0,16.0,13.0,48.0,3.0,1.0,0.0,4.0,0.0,15.0,12.0,16.0,32.0,3.0,6.0,30.0,18.0,6.0,16.0,31.0,4.0,0.0,1.0,0.47,0.0,3.0,0.0,0.0,48.39,35.0,35.13,7.0,0.3,0.04,0.04,1.73,1.72,1.69
847821184815568483609,2025,Hunt-Beecher-Klapka,CGY,line,5on5,2,609.0,10.0,0.61,0.31,0.44,3.26,0.62,0.27,0.8,0.11,1.3,0.9,0.53,0.65,0.56,2.0,2.0,1.0,5.0,0.0,1.0,0.0,0.0,0.0,2.0,1.0,2.0,4.0,1.0,2.0,0.0,11.0,0.0,2.0,2.0,0.0,2.0,0.08,0.0,0.54,0.0,0.0,0.0,5.16,4.0,4.12,0.0,0.06,0.28,0.28,0.4,0.42,0.4,3.81,0.39,0.25,0.99,0.1,1.88,1.39,0.39,0.38,0.38,5.0,0.0,6.0,11.0,1.0,0.0,0.0,0.0,0.0,4.0,0.0,4.0,4.0,0.0,0.0,5.0,5.0,0.0,1.0,3.0,1.0,1.0,0.04,0.13,0.22,0.0,0.0,1.0,10.83,5.0,5.0,0.0,0.05,0.0,0.0,0.44,0.43,0.43
847790384790228483733,2025,Hathaway-Abols-Grebenkin,PHI,line,5on5,12,3787.0,68.0,0.45,0.5,0.49,23.74,2.07,1.52,6.45,0.78,12.46,8.72,1.98,2.08,1.99,17.0,15.0,18.0,50.0,0.0,1.0,0.0,6.0,0.0,11.0,14.0,17.0,32.0,11.0,28.0,36.0,61.0,6.0,15.0,21.0,10.0,1.0,0.48,1.2,0.39,0.0,0.0,0.0,50.0,32.0,31.87,7.0,0.31,0.39,0.39,2.0,2.0,1.96,25.18,2.57,1.74,6.4,0.82,12.55,8.92,2.44,2.55,2.42,20.0,13.0,17.0,50.0,3.0,1.0,0.0,5.0,0.0,13.0,11.0,17.0,30.0,8.0,22.0,37.0,32.0,8.0,15.0,22.0,8.0,3.0,0.73,1.01,0.82,2.0,1.0,0.0,50.05,33.0,33.06,7.0,0.37,0.23,0.23,2.7,2.7,2.56
84774958477932,2025,Jones-Ekblad,FLA,pairing,5on5,21,922.0,181.0,0.47,0.5,0.48,9.39,0.66,0.6,2.43,0.26,4.44,3.6,0.66,0.65,0.64,8.0,4.0,4.0,16.0,1.0,1.0,0.0,2.0,0.0,3.0,5.0,7.0,11.0,1.0,2.0,2.0,7.0,5.0,5.0,9.0,3.0,0.0,0.23,0.43,0.0,1.0,0.0,0.0,16.03,12.0,12.0,3.0,0.13,0.19,0.19,0.6,0.59,0.59,8.85,0.76,0.59,1.95,0.3,5.54,3.86,0.75,0.74,0.74,8.0,5.0,3.0,16.0,0.0,0.0,0.0,3.0,0.0,4.0,6.0,8.0,13.0,1.0,2.0,2.0,5.0,3.0,3.0,10.0,3.0,0.0,0.44,0.32,0.0,0.0,0.0,0.0,15.92,13.0,13.0,1.0,0.12,0.0,0.0,0.88,0.86,0.86
847795184793438482175,2025,Keller-Schmaltz-Peterka,UTA,line,5on5,18,11175.0,36.0,0.52,0.56,0.55,103.66,9.11,6.81,23.91,3.21,56.95,42.02,8.95,9.27,9.11,95.0,47.0,60.0,202.0,13.0,3.0,1.0,19.0,1.0,51.0,55.0,82.0,129.0,13.0,26.0,97.0,29.0,17.0,58.0,102.0,32.0,8.0,3.23,3.89,1.99,7.0,3.0,3.0,205.47,142.0,143.83,19.0,1.41,0.85,0.85,9.68,9.83,9.72,88.22,8.25,5.6,20.67,2.78,46.39,34.32,8.02,8.28,8.05,78.0,40.0,43.0,161.0,5.0,6.0,0.0,25.0,1.0,44.0,37.0,73.0,113.0,9.0,18.0,92.0,58.0,23.0,48.0,83.0,24.0,11.0,2.34,3.09,2.82,1.0,4.0,0.0,162.01,118.0,118.36,22.0,1.17,1.33,1.33,8.08,8.05,7.92
847575484775018478109,2025,Olofsson-Nelson-Nichushkin,COL,line,5on5,7,653.0,79.0,0.82,0.56,0.62,9.54,1.03,0.56,2.42,0.33,4.99,3.66,0.98,1.07,1.01,9.0,4.0,2.0,15.0,2.0,2.0,0.0,3.0,0.0,2.0,4.0,7.0,11.0,1.0,2.0,4.0,1.0,1.0,3.0,7.0,5.0,1.0,0.11,0.71,0.22,0.0,2.0,0.0,15.31,13.0,13.22,3.0,0.12,0.41,0.41,0.74,0.76,0.76,5.83,0.23,0.38,1.43,0.17,3.42,2.36,0.22,0.22,0.22,6.0,2.0,4.0,12.0,1.0,0.0,0.0,1.0,0.0,3.0,3.0,5.0,7.0,0.0,0.0,6.0,4.0,0.0,2.0,7.0,1.0,0.0,0.14,0.09,0.0,1.0,0.0,0.0,12.02,8.0,8.09,1.0,0.08,0.0,0.0,0.3,0.3,0.3
84751678478178,2025,Hedman-Raddysh,TBL,pairing,5on5,12,2002.0,87.0,0.39,0.43,0.45,12.73,0.93,0.71,3.46,0.43,7.02,5.45,0.93,0.91,0.91,10.0,8.0,5.0,23.0,1.0,3.0,0.0,2.0,0.0,5.0,7.0,9.0,17.0,2.0,4.0,8.0,14.0,1.0,10.0,15.0,2.0,1.0,0.45,0.24,0.24,1.0,0.0,0.0,22.54,18.0,17.79,4.0,0.14,0.25,0.15,0.92,0.9,0.9,16.55,1.43,0.95,4.19,0.52,8.25,6.66,1.38,1.49,1.44,17.0,5.0,9.0,31.0,1.0,1.0,1.0,1.0,0.0,6.0,13.0,16.0,21.0,3.0,6.0,15.0,13.0,2.0,5.0,17.0,3.0,2.0,0.48,0.41,0.54,0.0,0.0,1.0,32.05,22.0,22.52,1.0,0.2,0.28,0.28,1.35,1.39,1.39
847516984807488482117,2025,Kane-Reichel-Sherwood,VAN,line,5on5,9,648.0,127.0,0.41,0.37,0.39,6.32,0.49,0.49,1.64,0.24,3.6,2.53,0.47,0.5,0.48,5.0,4.0,1.0,10.0,0.0,2.0,0.0,2.0,0.0,3.0,2.0,5.0,9.0,2.0,4.0,3.0,4.0,0.0,4.0,7.0,1.0,1.0,0.17,0.13,0.2,0.0,0.0,0.0,9.96,9.0,8.87,4.0,0.1,0.21,0.21,0.38,0.39,0.38,9.95,0.72,0.75,2.86,0.38,5.42,3.88,0.7,0.7,0.68,11.0,3.0,3.0,17.0,1.0,2.0,0.0,0.0,0.0,6.0,5.0,10.0,13.0,0.0,0.0,5.0,7.0,2.0,2.0,12.0,2.0,0.0,0.46,0.26,0.0,1.0,0.0,0.0,16.88,14.0,13.91,1.0,0.16,0.08,0.08,0.79,0.77,0.76
84775048477938,2025,Morrissey-Fleury,WPG,pairing,5on5,11,874.0,85.0,0.55,0.4,0.39,8.75,1.0,0.6,2.1,0.24,4.01,3.05,0.95,1.01,0.96,7.0,4.0,1.0,12.0,2.0,1.0,0.0,1.0,0.0,5.0,2.0,5.0,9.0,0.0,0.0,2.0,6.0,3.0,5.0,7.0,1.0,3.0,0.2,0.14,0.66,1.0,0.0,1.0,12.11,11.0,11.04,1.0,0.13,0.25,0.25,0.88,0.89,0.88,11.5,0.83,0.85,2.6,0.42,7.18,5.13,0.8,0.8,0.77,10.0,7.0,1.0,18.0,1.0,2.0,0.0,1.0,0.0,6.0,7.0,9.0,16.0,2.0,4.0,1.0,2.0,2.0,5.0,13.0,4.0,0.0,0.39,0.44,0.0,1.0,0.0,0.0,17.83,17.0,16.73,2.0,0.17,0.16,0.16,0.84,0.82,0.8
847885684820798483499,2025,Ohgren-Rossi-Garland,VAN,line,5on5,4,867.0,31.0,0.32,0.46,0.48,9.09,0.41,0.47,2.42,0.3,5.38,4.01,0.41,0.42,0.42,7.0,6.0,3.0,16.0,0.0,0.0,0.0,2.0,0.0,3.0,8.0,7.0,13.0,3.0,9.0,8.0,7.0,0.0,8.0,12.0,1.0,0.0,0.33,0.08,0.0,0.0,0.0,0.0,16.1,13.0,13.08,2.0,0.1,0.0,0.0,0.51,0.52,0.52,10.57,0.89,0.74,2.63,0.33,5.61,3.8,0.82,0.87,0.8,12.0,2.0,5.0,19.0,1.0,0.0,0.0,4.0,0.0,9.0,0.0,11.0,13.0,3.0,9.0,7.0,11.0,0.0,4.0,10.0,3.0,1.0,0.29,0.39,0.21,1.0,0.0,0.0,18.93,14.0,13.88,0.0,0.15,0.0,0.0,1.05,1.02,0.94
84752008479576,2025,Orlov-Desharnais,SJS,pairing,5on5,15,1127.0,141.0,0.42,0.41,0.5,9.71,0.88,0.55,2.5,0.33,4.86,3.89,0.82,0.93,0.86,9.0,4.0,3.0,16.0,1.0,1.0,0.0,3.0,0.0,3.0,5.0,8.0,12.0,1.0,2.0,7.0,8.0,1.0,4.0,9.0,2.0,2.0,0.17,0.24,0.47,0.0,1.0,0.0,16.49,13.0,13.22,2.0,0.12,0.2,0.2,0.79,0.82,0.81,10.1,1.2,0.7,2.61,0.33,4.72,3.45,1.11,1.19,1.1,8.0,5.0,10.0,23.0,0.0,2.0,0.0,1.0,0.0,3.0,7.0,8.0,13.0,1.0,2.0,8.0,5.0,0.0,5.0,7.0,4.0,2.0,0.15,0.54,0.51,0.0,0.0,0.0,22.55,13.0,13.02,1.0,0.15,0.42,0.42,0.93,0.92,0.88
847518484788738484153,2025,Kreider-Carlsson-Terry,ANA,line,5on5,28,14564.0,75.0,0.54,0.55,0.56,153.67,14.34,9.76,39.09,5.1,81.22,60.49,13.64,14.33,13.63,127.0,83.0,78.0,288.0,11.0,18.0,1.0,38.0,1.0,70.0,72.0,116.0,199.0,14.0,28.0,124.0,51.0,19.0,73.0,159.0,36.0,15.0,4.91,4.78,4.64,7.0,4.0,0.0,288.63,210.0,210.12,32.0,2.04,4.34,4.34,12.04,12.06,11.78,124.86,12.22,8.11,30.55,4.02,65.22,47.89,11.68,12.33,11.78,110.0,58.0,68.0,236.0,13.0,11.0,1.0,20.0,1.0,68.0,55.0,97.0,155.0,17.0,34.0,138.0,86.0,22.0,84.0,120.0,32.0,16.0,3.91,4.17,4.14,5.0,6.0,2.0,238.79,168.0,170.06,41.0,1.7,2.61,2.61,11.3,11.43,11.2
847793984793188482720,2025,Knies-Matthews-Nylander,TOR,line,5on5,19,5305.0,122.0,0.53,0.46,0.45,44.16,4.35,2.98,11.98,1.51,22.82,16.36,4.19,4.08,3.93,42.0,18.0,24.0,84.0,7.0,5.0,0.0,10.0,0.0,18.0,20.0,35.0,53.0,3.0,6.0,70.0,29.0,6.0,28.0,42.0,13.0,5.0,1.25,1.63,1.47,5.0,2.0,0.0,79.1,60.0,56.51,11.0,0.64,1.05,1.05,3.93,3.72,3.64,51.8,3.9,3.26,13.18,1.73,28.76,21.18,3.84,4.07,4.01,53.0,19.0,28.0,100.0,7.0,5.0,0.0,17.0,0.0,17.0,26.0,46.0,65.0,4.0,8.0,50.0,18.0,4.0,31.0,57.0,10.0,5.0,1.42,1.21,1.27,5.0,2.0,0.0,103.91,72.0,75.12,12.0,0.67,0.59,0.59,3.98,4.17,4.13
848018884802088481528,2025,Zetterlund-Cozens-Batherson,OTT,line,5on5,9,1093.0,101.0,0.79,0.65,0.67,10.17,1.28,0.78,2.16,0.32,5.56,3.89,1.2,1.37,1.29,9.0,5.0,6.0,20.0,1.0,2.0,1.0,2.0,0.0,5.0,4.0,8.0,13.0,1.0,2.0,3.0,6.0,1.0,7.0,7.0,6.0,1.0,0.17,0.79,0.32,0.0,1.0,0.0,20.55,14.0,14.45,3.0,0.16,0.44,0.44,1.0,1.05,1.04,5.22,0.34,0.26,1.3,0.16,2.78,2.16,0.34,0.32,0.32,4.0,3.0,4.0,11.0,1.0,0.0,0.0,2.0,0.0,2.0,2.0,3.0,6.0,0.0,0.0,7.0,6.0,2.0,5.0,5.0,2.0,0.0,0.13,0.2,0.0,1.0,0.0,0.0,10.65,7.0,6.88,3.0,0.05,0.0,0.0,0.39,0.37,0.37
84768858481605,2025,Lacombe-Trouba,ANA,pairing,5on5,39,15753.0,179.0,0.57,0.53,0.55,157.04,15.18,10.63,40.55,5.51,84.22,60.91,14.53,14.92,14.29,152.0,65.0,62.0,279.0,9.0,23.0,2.0,32.0,1.0,76.0,76.0,143.0,208.0,17.0,37.0,131.0,110.0,19.0,75.0,163.0,34.0,20.0,4.84,4.77,5.57,6.0,1.0,2.0,273.79,217.0,213.78,40.0,2.22,4.12,4.31,13.09,12.93,12.7,129.37,11.6,8.19,32.76,4.21,68.52,50.72,11.21,11.67,11.29,112.0,64.0,67.0,243.0,8.0,11.0,1.0,30.0,1.0,67.0,59.0,104.0,168.0,14.0,31.0,134.0,59.0,17.0,76.0,129.0,35.0,12.0,3.76,4.45,3.4,3.0,2.0,3.0,246.55,176.0,177.72,33.0,1.71,2.41,2.41,10.91,10.95,10.75
84745908479345,2025,Chychrun-Carlson,WSH,pairing,5on5,37,6455.0,218.0,0.55,0.61,0.6,68.93,6.01,4.3,18.12,2.38,35.61,27.58,5.54,6.0,5.54,59.0,35.0,32.0,126.0,6.0,9.0,1.0,11.0,0.0,27.0,41.0,53.0,88.0,8.0,19.0,36.0,37.0,11.0,33.0,70.0,21.0,3.0,2.25,2.79,0.98,4.0,2.0,0.0,124.1,94.0,93.02,10.0,0.89,1.59,1.77,5.12,5.15,4.93,46.37,4.93,2.93,10.08,1.54,24.23,19.31,4.83,5.0,4.9,41.0,22.0,17.0,80.0,4.0,4.0,0.0,5.0,0.0,23.0,27.0,37.0,59.0,8.0,19.0,40.0,35.0,8.0,34.0,41.0,18.0,4.0,1.42,2.01,1.5,2.0,1.0,1.0,81.08,63.0,63.25,17.0,0.6,0.63,0.63,4.9,4.95,4.89
847645984785508482109,2025,Panarin-Zibanejad-Lafrenire,NYR,line,5on5,29,13219.0,137.0,0.48,0.55,0.55,123.57,9.2,8.16,30.16,3.95,70.32,50.21,9.03,9.16,8.99,111.0,61.0,68.0,240.0,5.0,7.0,1.0,17.0,0.0,70.0,73.0,106.0,167.0,10.0,20.0,102.0,65.0,20.0,69.0,127.0,42.0,3.0,3.38,5.03,0.8,3.0,2.0,0.0,235.0,172.0,168.64,32.0,1.67,1.17,1.17,9.7,9.61,9.53,101.78,9.86,6.64,24.79,3.45,54.45,40.81,9.39,10.12,9.62,92.0,48.0,60.0,200.0,9.0,12.0,0.0,18.0,0.0,40.0,61.0,83.0,131.0,12.0,24.0,103.0,75.0,17.0,58.0,99.0,29.0,12.0,2.78,3.76,3.31,6.0,2.0,1.0,203.96,140.0,143.19,22.0,1.38,2.41,2.41,8.83,9.05,8.93
847579984764808480113,2025,Iafallo-Namestnikov-Niederreiter,WPG,line,5on5,9,1316.0,90.0,0.26,0.49,0.5,8.42,0.3,0.44,2.28,0.28,4.89,3.81,0.3,0.3,0.3,7.0,5.0,5.0,17.0,0.0,0.0,0.0,0.0,0.0,9.0,3.0,7.0,12.0,1.0,2.0,9.0,23.0,2.0,4.0,12.0,0.0,0.0,0.3,0.0,0.0,0.0,0.0,0.0,16.46,12.0,11.91,2.0,0.09,0.0,0.0,0.39,0.39,0.38,9.04,0.89,0.56,2.39,0.29,4.61,3.26,0.85,0.9,0.86,7.0,5.0,6.0,18.0,1.0,1.0,1.0,2.0,0.0,5.0,3.0,6.0,11.0,2.0,4.0,12.0,12.0,1.0,6.0,8.0,3.0,1.0,0.17,0.37,0.34,0.0,0.0,1.0,18.32,12.0,12.21,5.0,0.12,0.34,0.34,0.66,0.68,0.68
847699484774518478508,2025,Trenin-Hartman-Hinostroza,MIN,line,5on5,8,986.0,69.0,0.59,0.49,0.52,7.96,1.04,0.51,2.05,0.28,4.17,2.95,1.0,0.97,0.94,6.0,5.0,6.0,17.0,1.0,2.0,0.0,2.0,0.0,3.0,3.0,5.0,10.0,1.0,2.0,7.0,9.0,1.0,3.0,8.0,1.0,2.0,0.23,0.1,0.71,1.0,0.0,0.0,15.84,11.0,10.36,0.0,0.11,0.6,0.29,0.86,0.82,0.78,7.61,0.71,0.54,1.58,0.22,3.82,3.13,0.71,0.75,0.75,7.0,3.0,8.0,18.0,0.0,0.0,0.0,2.0,0.0,4.0,4.0,7.0,10.0,2.0,4.0,9.0,7.0,1.0,6.0,6.0,4.0,0.0,0.16,0.55,0.0,0.0,0.0,0.0,18.48,10.0,10.41,3.0,0.11,0.0,0.0,0.82,0.87,0.87
84784608479371,2025,Werenski-Fabbro,CBJ,pairing,5on5,30,6163.0,184.0,0.51,0.49,0.48,65.74,6.26,4.31,16.57,2.11,33.59,25.16,6.08,6.27,6.09,57.0,31.0,41.0,129.0,8.0,7.0,0.0,16.0,0.0,29.0,28.0,49.0,80.0,4.0,8.0,47.0,38.0,5.0,28.0,62.0,16.0,10.0,1.63,2.1,2.53,2.0,4.0,2.0,127.49,88.0,87.69,12.0,0.9,1.64,1.86,5.31,5.35,5.28,69.58,6.13,4.48,18.2,2.35,37.58,27.27,5.98,6.1,5.95,64.0,32.0,36.0,132.0,5.0,9.0,1.0,16.0,0.0,31.0,35.0,59.0,91.0,9.0,20.0,48.0,30.0,12.0,28.0,71.0,20.0,5.0,2.18,2.51,1.44,3.0,1.0,1.0,133.01,96.0,95.84,9.0,0.92,1.1,1.1,5.96,5.95,5.83
847517284807978481068,2025,Farabee-Kadri-Sharangovich,CGY,line,5on5,29,13873.0,109.0,0.49,0.53,0.52,138.87,12.47,9.52,35.44,4.64,73.75,53.18,11.9,12.47,11.91,128.0,61.0,77.0,266.0,11.0,16.0,2.0,23.0,0.0,66.0,73.0,117.0,178.0,9.0,18.0,126.0,55.0,20.0,60.0,135.0,41.0,13.0,4.12,5.18,3.17,4.0,4.0,3.0,268.19,189.0,190.97,33.0,2.0,3.05,3.05,11.41,11.43,11.24,128.34,13.12,8.83,30.4,4.23,67.64,49.78,12.66,13.2,12.72,119.0,55.0,63.0,237.0,15.0,16.0,1.0,24.0,0.0,68.0,51.0,104.0,159.0,15.0,30.0,128.0,100.0,36.0,58.0,119.0,38.0,17.0,3.5,5.03,4.6,8.0,5.0,2.0,235.78,174.0,173.11,26.0,1.84,3.44,3.44,11.53,11.51,11.3
847516984784448482079,2025,Kane-Rossi-Boeser,VAN,line,5on5,6,1095.0,64.0,0.45,0.47,0.48,11.05,1.27,0.76,3.03,0.4,5.53,4.01,1.12,1.28,1.14,10.0,5.0,5.0,20.0,0.0,1.0,0.0,1.0,0.0,6.0,7.0,10.0,15.0,0.0,0.0,11.0,6.0,0.0,2.0,9.0,5.0,1.0,0.3,0.72,0.25,0.0,0.0,0.0,19.8,15.0,14.96,1.0,0.16,0.14,0.14,1.29,1.32,1.19,12.52,1.57,0.83,2.58,0.34,6.29,4.39,1.42,1.56,1.42,12.0,4.0,7.0,23.0,0.0,1.0,0.0,3.0,0.0,6.0,6.0,12.0,16.0,2.0,4.0,8.0,6.0,2.0,5.0,9.0,4.0,3.0,0.23,0.55,0.78,0.0,0.0,0.0,23.22,16.0,16.27,2.0,0.17,0.24,0.24,1.49,1.49,1.42
847516684779398482259,2025,Mcmann-Tavares-Nylander,TOR,line,5on5,11,2438.0,100.0,0.45,0.4,0.41,19.9,1.99,1.25,5.32,0.71,10.15,7.59,1.75,1.96,1.72,19.0,8.0,7.0,34.0,1.0,2.0,0.0,6.0,0.0,10.0,8.0,18.0,26.0,4.0,8.0,20.0,20.0,3.0,12.0,18.0,6.0,3.0,0.44,0.78,0.76,0.0,1.0,0.0,33.43,27.0,26.34,5.0,0.27,0.55,0.55,1.71,1.67,1.62,26.83,2.41,1.91,6.07,1.02,16.26,11.33,2.37,2.45,2.4,23.0,16.0,11.0,50.0,4.0,1.0,0.0,6.0,0.0,14.0,14.0,19.0,35.0,1.0,2.0,18.0,14.0,4.0,12.0,28.0,10.0,1.0,1.09,1.12,0.21,2.0,2.0,0.0,50.68,39.0,39.42,3.0,0.39,0.08,0.08,2.72,2.76,2.72
847517084820898484230,2025,Neighbours-Schenn-Stenberg,STL,line,5on5,4,2274.0,7.0,0.47,0.49,0.49,19.14,1.51,1.29,4.92,0.66,11.74,7.89,1.49,1.56,1.54,15.0,13.0,9.0,37.0,3.0,0.0,0.0,3.0,0.0,12.0,10.0,12.0,25.0,5.0,10.0,22.0,21.0,7.0,13.0,23.0,4.0,1.0,0.73,0.51,0.27,1.0,2.0,0.0,36.89,28.0,28.42,7.0,0.27,0.0,0.0,1.78,1.83,1.81,20.5,1.74,1.22,5.55,0.69,10.7,9.1,1.67,1.78,1.71,14.0,15.0,9.0,38.0,0.0,2.0,0.0,1.0,0.0,16.0,10.0,14.0,29.0,2.0,4.0,25.0,18.0,3.0,11.0,21.0,6.0,2.0,0.48,0.66,0.6,0.0,0.0,0.0,38.89,29.0,29.43,8.0,0.26,0.32,0.32,1.68,1.72,1.65
84820878483457,2025,Hutson-Guhle,MTL,pairing,5on5,5,3428.0,9.0,0.48,0.47,0.41,17.49,1.78,1.12,4.13,0.57,9.44,6.97,1.71,1.81,1.74,16.0,8.0,21.0,45.0,4.0,3.0,1.0,1.0,0.0,6.0,10.0,12.0,20.0,2.0,4.0,27.0,29.0,3.0,16.0,17.0,6.0,1.0,0.67,0.89,0.22,2.0,1.0,1.0,46.62,24.0,24.91,9.0,0.23,0.78,0.41,1.6,1.66,1.65,23.46,1.92,1.5,6.45,0.88,14.54,9.7,1.9,1.85,1.83,23.0,12.0,16.0,51.0,2.0,2.0,0.0,7.0,0.0,13.0,11.0,21.0,33.0,1.0,2.0,26.0,32.0,6.0,12.0,28.0,5.0,2.0,0.78,0.66,0.48,1.0,1.0,0.0,49.43,35.0,33.71,7.0,0.31,0.21,0.21,2.02,1.96,1.94
847844484784988482117,2025,Debrusk-Reichel-Boeser,VAN,line,5on5,5,1635.0,34.0,0.62,0.48,0.55,16.92,1.78,1.07,4.12,0.57,9.08,6.38,1.59,1.7,1.53,15.0,8.0,2.0,25.0,1.0,3.0,0.0,5.0,0.0,5.0,9.0,14.0,22.0,0.0,0.0,14.0,6.0,2.0,12.0,15.0,6.0,2.0,0.51,0.68,0.59,0.0,1.0,0.0,24.99,23.0,22.97,9.0,0.22,0.73,0.73,1.28,1.26,1.23,13.23,1.07,0.86,3.66,0.48,7.48,5.44,1.06,1.1,1.08,15.0,4.0,8.0,27.0,1.0,2.0,0.0,2.0,0.0,8.0,6.0,14.0,18.0,1.0,2.0,15.0,6.0,0.0,13.0,14.0,4.0,1.0,0.31,0.46,0.3,0.0,1.0,0.0,27.38,19.0,19.06,4.0,0.18,0.47,0.47,0.78,0.8,0.79
847740284800238481013,2025,Buchnevich-Thomas-Berggren,STL,line,5on5,4,2033.0,7.0,0.62,0.56,0.58,20.54,2.08,1.45,4.95,0.66,10.91,7.96,1.93,2.08,1.94,18.0,10.0,6.0,34.0,2.0,3.0,0.0,2.0,0.0,14.0,7.0,16.0,26.0,0.0,0.0,15.0,4.0,5.0,8.0,19.0,7.0,2.0,0.7,0.8,0.57,2.0,0.0,0.0,34.06,28.0,28.17,2.0,0.31,0.61,0.61,1.77,1.76,1.68,14.09,1.26,0.89,3.61,0.47,7.99,5.78,1.2,1.27,1.21,16.0,4.0,7.0,27.0,3.0,2.0,0.0,5.0,0.0,5.0,5.0,13.0,17.0,1.0,2.0,19.0,7.0,2.0,8.0,15.0,3.0,2.0,0.46,0.35,0.45,2.0,1.0,0.0,28.83,20.0,20.48,4.0,0.18,0.45,0.45,1.0,1.0,0.99
84800368481581,2025,Heiskanen-Harley,DAL,pairing,5on5,27,4643.0,176.0,0.36,0.44,0.43,35.21,2.54,2.11,9.5,1.1,18.89,13.85,2.47,2.45,2.38,30.0,18.0,18.0,66.0,1.0,2.0,0.0,11.0,0.0,19.0,15.0,29.0,47.0,5.0,10.0,48.0,27.0,6.0,11.0,38.0,9.0,1.0,1.19,1.14,0.21,0.0,1.0,0.0,62.85,48.0,45.68,6.0,0.44,0.25,0.25,2.74,2.63,2.57,45.82,4.45,3.12,10.91,1.7,24.82,18.0,4.35,4.58,4.47,36.0,27.0,20.0,83.0,5.0,9.0,1.0,6.0,0.0,26.0,17.0,31.0,58.0,4.0,8.0,38.0,28.0,5.0,24.0,40.0,20.0,3.0,1.15,2.55,0.75,3.0,2.0,0.0,85.73,63.0,65.01,12.0,0.65,1.27,1.27,3.83,3.93,3.87
84842408484798,2025,Buium-Willander,VAN,pairing,5on5,8,1975.0,39.0,0.36,0.43,0.4,13.42,1.04,0.92,3.86,0.52,8.02,5.63,1.01,1.09,1.06,11.0,9.0,6.0,26.0,1.0,3.0,0.0,4.0,0.0,8.0,4.0,10.0,19.0,0.0,0.0,9.0,14.0,4.0,9.0,16.0,4.0,0.0,0.56,0.48,0.0,0.0,1.0,0.0,26.73,20.0,20.32,5.0,0.19,0.27,0.27,0.96,0.98,0.97,21.69,1.82,1.42,4.93,0.72,12.65,8.46,1.76,1.77,1.72,20.0,10.0,4.0,34.0,1.0,4.0,1.0,1.0,0.0,11.0,13.0,19.0,29.0,0.0,0.0,16.0,11.0,2.0,8.0,22.0,6.0,2.0,0.58,0.76,0.48,0.0,1.0,0.0,33.8,30.0,29.85,5.0,0.3,0.64,0.64,1.47,1.43,1.39
847523184812378484958,2025,Maclean-Cizikas-Tsyplakov,NYI,line,5on5,9,2732.0,50.0,0.73,0.61,0.7,25.36,2.69,1.8,6.43,0.89,13.22,9.96,2.64,2.68,2.62,18.0,17.0,15.0,50.0,0.0,4.0,0.0,3.0,0.0,18.0,10.0,18.0,35.0,9.0,24.0,15.0,36.0,3.0,13.0,24.0,8.0,3.0,0.73,1.2,0.77,0.0,0.0,0.0,50.21,35.0,34.72,8.0,0.38,0.58,0.58,2.49,2.5,2.47,11.31,0.98,0.65,3.15,0.35,5.6,4.26,0.97,0.98,0.97,9.0,6.0,17.0,32.0,3.0,1.0,0.0,3.0,0.0,3.0,5.0,6.0,12.0,6.0,18.0,20.0,33.0,3.0,11.0,10.0,4.0,1.0,0.19,0.43,0.37,1.0,2.0,0.0,32.35,15.0,15.27,6.0,0.14,0.37,0.37,0.75,0.74,0.74
848081384827378483728,2025,Davidson-Veleno-Bolduc,MTL,line,5on5,7,2046.0,44.0,0.72,0.54,0.55,12.5,1.25,0.71,3.24,0.41,6.51,4.88,1.23,1.21,1.18,11.0,6.0,9.0,26.0,1.0,1.0,0.0,5.0,0.0,6.0,4.0,10.0,16.0,3.0,6.0,17.0,29.0,2.0,11.0,12.0,3.0,2.0,0.34,0.36,0.56,0.0,0.0,1.0,24.68,17.0,16.58,4.0,0.15,0.15,0.15,1.25,1.21,1.19,10.05,0.49,0.51,2.67,0.3,5.81,4.22,0.49,0.53,0.53,9.0,5.0,8.0,22.0,1.0,0.0,0.0,2.0,0.0,6.0,5.0,8.0,13.0,0.0,0.0,11.0,22.0,3.0,15.0,13.0,1.0,0.0,0.36,0.12,0.0,0.0,1.0,0.0,23.36,14.0,14.85,6.0,0.1,0.0,0.0,0.59,0.64,0.64
847584284773808482460,2025,Brodzinski-Carrick-Rempe,NYR,line,5on5,3,675.0,16.0,0.34,0.38,0.33,2.15,0.37,0.15,0.54,0.09,1.15,0.71,0.34,0.4,0.37,1.0,2.0,3.0,6.0,1.0,1.0,1.0,0.0,0.0,0.0,1.0,0.0,2.0,0.0,0.0,3.0,9.0,0.0,2.0,1.0,1.0,1.0,0.01,0.08,0.27,0.0,0.0,1.0,6.03,3.0,3.1,2.0,0.03,0.27,0.27,0.13,0.13,0.13,4.56,0.72,0.36,0.97,0.14,2.19,1.62,0.72,0.69,0.69,3.0,3.0,4.0,10.0,0.0,0.0,0.0,0.0,0.0,2.0,4.0,3.0,6.0,0.0,0.0,3.0,3.0,0.0,4.0,2.0,3.0,1.0,0.02,0.39,0.3,0.0,0.0,0.0,9.77,6.0,5.85,4.0,0.08,0.0,0.0,0.79,0.76,0.76
847576084804598484164,2025,Suter-Dvorsky-Bjugstad,STL,line,5on5,3,819.0,14.0,0.58,0.47,0.56,6.51,0.44,0.41,1.8,0.23,3.56,2.57,0.44,0.43,0.43,6.0,3.0,0.0,9.0,0.0,2.0,0.0,1.0,0.0,3.0,3.0,6.0,9.0,2.0,4.0,9.0,16.0,2.0,7.0,7.0,2.0,0.0,0.18,0.27,0.0,0.0,0.0,0.0,8.72,9.0,8.75,2.0,0.09,0.2,0.2,0.33,0.32,0.32,5.1,0.32,0.29,1.19,0.14,2.99,2.08,0.32,0.29,0.29,5.0,2.0,3.0,10.0,0.0,0.0,0.0,1.0,0.0,2.0,4.0,5.0,7.0,2.0,4.0,7.0,6.0,0.0,3.0,6.0,1.0,0.0,0.15,0.17,0.0,0.0,0.0,0.0,9.89,7.0,6.74,2.0,0.06,0.0,0.0,0.38,0.35,0.35
847939084817048483690,2025,Parssinen-Laba-Raddysh,NYR,line,5on5,7,2539.0,27.0,0.39,0.44,0.42,15.02,1.11,0.99,3.54,0.48,8.82,6.07,1.09,1.17,1.16,13.0,8.0,12.0,33.0,2.0,0.0,0.0,3.0,0.0,10.0,6.0,11.0,19.0,0.0,0.0,14.0,19.0,2.0,11.0,16.0,5.0,0.0,0.43,0.68,0.0,0.0,2.0,0.0,33.48,21.0,21.59,6.0,0.21,0.0,0.0,1.31,1.38,1.36,20.02,1.7,1.45,5.12,0.7,11.89,8.15,1.65,1.67,1.63,14.0,15.0,13.0,42.0,2.0,1.0,0.0,2.0,0.0,8.0,16.0,12.0,27.0,3.0,6.0,20.0,20.0,0.0,7.0,20.0,7.0,2.0,0.44,0.82,0.44,2.0,0.0,0.0,41.93,29.0,28.7,4.0,0.3,0.23,0.23,1.77,1.76,1.75
84745678483460,2025,Bogosian-Jiricek,MIN,pairing,5on5,2,799.0,12.0,0.72,0.55,0.54,10.84,1.21,0.81,2.2,0.32,5.29,4.16,1.14,1.32,1.25,8.0,6.0,4.0,18.0,3.0,2.0,0.0,1.0,0.0,5.0,3.0,5.0,11.0,1.0,2.0,3.0,3.0,0.0,3.0,10.0,1.0,3.0,0.42,0.08,0.7,2.0,0.0,1.0,20.51,14.0,15.55,1.0,0.17,0.32,0.32,1.06,1.19,1.14,8.65,0.46,0.45,2.34,0.33,4.87,3.55,0.46,0.42,0.42,8.0,4.0,3.0,15.0,0.0,0.0,0.0,1.0,0.0,4.0,7.0,8.0,12.0,1.0,2.0,1.0,11.0,4.0,3.0,11.0,0.0,1.0,0.25,0.0,0.21,0.0,0.0,0.0,13.42,12.0,11.0,2.0,0.09,0.0,0.0,0.55,0.51,0.51
848102484833958484136,2025,Bains-Sasson-Karlsson,VAN,line,5on5,19,5781.0,101.0,0.5,0.55,0.53,48.67,4.95,3.36,12.15,1.68,25.47,18.39,4.69,4.93,4.67,38.0,28.0,30.0,96.0,2.0,8.0,1.0,5.0,0.0,27.0,24.0,36.0,64.0,6.0,12.0,23.0,41.0,9.0,26.0,44.0,15.0,7.0,1.19,2.01,1.74,0.0,2.0,0.0,96.32,66.0,66.36,13.0,0.71,1.64,1.64,4.01,4.03,3.97,43.43,5.0,2.85,11.05,1.45,21.72,15.93,4.81,4.98,4.79,42.0,16.0,20.0,78.0,3.0,11.0,1.0,11.0,0.0,16.0,17.0,39.0,55.0,7.0,17.0,48.0,47.0,8.0,17.0,35.0,15.0,8.0,0.91,1.83,2.26,0.0,1.0,2.0,76.58,58.0,57.26,5.0,0.6,1.92,1.92,3.68,3.64,3.6
84745678474716,2025,Spurgeon-Bogosian,MIN,pairing,5on5,13,2233.0,78.0,0.51,0.44,0.55,18.89,1.3,1.37,4.32,0.65,10.9,8.45,1.3,1.29,1.29,21.0,6.0,4.0,31.0,2.0,0.0,0.0,3.0,0.0,12.0,10.0,19.0,25.0,1.0,2.0,8.0,19.0,8.0,11.0,21.0,6.0,0.0,0.59,0.71,0.0,2.0,0.0,0.0,31.48,27.0,27.21,6.0,0.28,0.0,0.0,1.59,1.57,1.57,16.13,1.24,1.01,3.97,0.53,8.75,6.5,1.2,1.24,1.2,13.0,9.0,17.0,39.0,0.0,2.0,0.0,3.0,0.0,9.0,8.0,13.0,22.0,1.0,2.0,15.0,12.0,1.0,11.0,18.0,2.0,2.0,0.45,0.23,0.57,0.0,0.0,0.0,38.55,22.0,21.89,3.0,0.21,0.57,0.57,0.88,0.88,0.85
847823384784028483512,2025,Mangiapane-Mcdavid-Savoie,EDM,line,5on5,9,1536.0,98.0,0.35,0.53,0.47,12.64,1.15,1.03,3.62,0.56,7.51,5.14,1.09,1.14,1.09,13.0,6.0,6.0,25.0,1.0,3.0,0.0,3.0,0.0,5.0,7.0,12.0,18.0,2.0,7.0,14.0,5.0,2.0,16.0,13.0,5.0,1.0,0.33,0.58,0.24,1.0,0.0,0.0,25.4,19.0,19.24,6.0,0.22,0.26,0.26,1.1,1.11,1.09,15.49,2.1,1.03,3.87,0.48,7.8,5.72,1.88,2.11,1.89,12.0,9.0,1.0,22.0,4.0,3.0,2.0,1.0,0.0,5.0,8.0,8.0,17.0,2.0,7.0,14.0,7.0,1.0,9.0,12.0,4.0,5.0,0.38,0.44,1.27,0.0,2.0,2.0,22.23,21.0,21.17,5.0,0.22,0.85,0.85,1.47,1.47,1.4
84799808482111,2025,Hague-Barron,NSH,pairing,5on5,7,754.0,45.0,0.0,0.38,0.0,0.0,0.0,0.0,0.0,0.0,0.0,0.0,0.0,0.0,0.0,0.0,0.0,6.0,6.0,0.0,0.0,0.0,0.0,0.0,0.0,0.0,0.0,0.0,1.0,2.0,6.0,4.0,0.0,6.0,0.0,0.0,0.0,0.0,0.0,0.0,0.0,0.0,0.0,5.69,0.0,0.0,4.0,0.0,0.0,0.0,0.0,0.0,0.0,6.2,0.49,0.38,1.56,0.23,3.57,2.77,0.49,0.51,0.51,6.0,3.0,1.0,10.0,2.0,0.0,0.0,2.0,0.0,5.0,0.0,4.0,7.0,0.0,0.0,5.0,3.0,0.0,3.0,8.0,1.0,0.0,0.31,0.18,0.0,2.0,0.0,0.0,10.97,9.0,9.65,2.0,0.08,0.0,0.0,0.57,0.59,0.59
847576584785088483525,2025,Trenin-Yurov-Tarasenko,MIN,line,5on5,10,3276.0,46.0,0.42,0.36,0.46,21.61,1.79,1.5,5.33,0.74,12.03,8.62,1.75,1.82,1.78,18.0,12.0,4.0,34.0,4.0,0.0,0.0,4.0,0.0,11.0,11.0,14.0,26.0,2.0,4.0,33.0,40.0,3.0,20.0,22.0,8.0,0.0,0.77,1.02,0.0,2.0,2.0,0.0,34.75,30.0,30.5,12.0,0.32,0.0,0.0,2.1,2.13,2.08,26.22,2.5,1.5,7.07,0.82,13.21,9.9,2.38,2.57,2.44,26.0,9.0,25.0,60.0,1.0,4.0,0.0,9.0,0.0,13.0,8.0,25.0,34.0,2.0,4.0,28.0,29.0,5.0,16.0,28.0,2.0,5.0,0.84,0.25,1.41,1.0,0.0,0.0,61.83,35.0,35.72,4.0,0.31,0.95,0.95,1.86,1.88,1.85
847571484780578478462,2025,Joshua-Roy-Jarnkrok,TOR,line,5on5,9,1520.0,71.0,0.29,0.34,0.36,8.69,0.68,0.49,2.09,0.26,5.05,3.42,0.68,0.66,0.66,11.0,1.0,2.0,14.0,0.0,1.0,0.0,3.0,0.0,2.0,6.0,11.0,12.0,4.0,8.0,8.0,10.0,3.0,11.0,10.0,1.0,1.0,0.29,0.13,0.26,0.0,0.0,0.0,14.06,12.0,11.97,4.0,0.1,0.26,0.26,0.53,0.52,0.52,15.73,1.71,1.08,4.09,0.49,7.99,5.64,1.68,1.68,1.65,14.0,7.0,6.0,27.0,4.0,2.0,1.0,3.0,0.0,5.0,7.0,10.0,17.0,0.0,0.0,11.0,9.0,1.0,6.0,16.0,2.0,3.0,0.56,0.26,0.89,3.0,0.0,1.0,26.09,21.0,20.57,1.0,0.23,0.61,0.61,1.33,1.3,1.3
847740684793658479368,2025,Jones-Frederic-Janmark,EDM,line,5on5,4,950.0,26.0,0.57,0.5,0.45,3.85,0.54,0.23,0.9,0.1,1.86,1.37,0.53,0.54,0.53,4.0,1.0,5.0,10.0,0.0,1.0,0.0,1.0,0.0,2.0,1.0,4.0,5.0,1.0,5.0,6.0,15.0,2.0,6.0,4.0,0.0,1.0,0.18,0.0,0.36,0.0,0.0,0.0,10.24,5.0,5.05,3.0,0.05,0.36,0.36,0.23,0.22,0.22,3.95,0.4,0.25,1.08,0.14,2.45,1.68,0.4,0.4,0.4,4.0,2.0,4.0,10.0,1.0,0.0,0.0,1.0,0.0,2.0,2.0,3.0,5.0,2.0,7.0,10.0,20.0,1.0,6.0,4.0,1.0,1.0,0.09,0.08,0.23,0.0,0.0,1.0,9.78,6.0,6.03,2.0,0.05,0.0,0.0,0.45,0.45,0.45
847841484800028481721,2025,Meier-Hischier-Gritsyuk,NJD,line,5on5,13,2356.0,153.0,0.54,0.55,0.53,24.23,2.56,1.69,6.17,0.81,12.91,8.87,2.21,2.52,2.18,17.0,16.0,13.0,46.0,1.0,4.0,0.0,3.0,0.0,13.0,12.0,16.0,32.0,2.0,4.0,24.0,16.0,6.0,8.0,23.0,7.0,3.0,0.57,0.86,1.13,1.0,0.0,0.0,46.28,33.0,33.29,5.0,0.35,1.06,1.06,1.84,1.82,1.8,20.54,2.17,1.56,4.88,0.72,11.22,8.45,1.86,2.19,1.88,15.0,14.0,8.0,37.0,0.0,6.0,0.0,1.0,0.0,12.0,10.0,15.0,29.0,2.0,4.0,21.0,12.0,2.0,19.0,21.0,4.0,4.0,0.59,0.49,1.09,0.0,0.0,0.0,37.16,29.0,29.22,11.0,0.33,1.29,1.29,1.21,1.24,1.17
848001884815408483515,2025,Slafkovsk-Suzuki-Caufield,MTL,line,5on5,35,16708.0,139.0,0.6,0.57,0.61,162.57,14.4,10.68,39.92,5.57,88.44,65.98,13.66,14.51,13.75,139.0,86.0,72.0,297.0,11.0,21.0,1.0,43.0,0.0,74.0,76.0,128.0,214.0,16.0,32.0,139.0,86.0,18.0,69.0,165.0,45.0,15.0,5.29,5.34,3.77,6.0,5.0,0.0,297.78,225.0,226.2,27.0,2.2,3.94,3.94,12.66,12.67,12.34,108.01,9.42,6.61,25.99,3.55,57.18,43.25,9.15,9.67,9.39,97.0,49.0,75.0,221.0,7.0,5.0,0.0,29.0,0.0,53.0,52.0,90.0,139.0,14.0,28.0,146.0,107.0,27.0,70.0,107.0,29.0,10.0,3.12,3.6,2.71,3.0,3.0,1.0,225.93,146.0,148.49,34.0,1.37,1.13,1.13,9.67,9.92,9.72
847572284820978483500,2025,Zucker-Ostlund-Quinn,BUF,line,5on5,10,2356.0,64.0,0.46,0.43,0.43,16.12,1.44,1.05,3.93,0.48,8.82,6.28,1.42,1.41,1.39,16.0,6.0,9.0,31.0,1.0,0.0,0.0,3.0,0.0,7.0,11.0,15.0,21.0,1.0,2.0,11.0,10.0,2.0,6.0,15.0,5.0,2.0,0.41,0.49,0.54,0.0,0.0,1.0,30.89,22.0,21.99,3.0,0.22,0.0,0.0,1.66,1.63,1.6,21.28,1.71,1.36,5.35,0.71,11.4,8.47,1.66,1.77,1.72,20.0,9.0,12.0,41.0,1.0,2.0,1.0,6.0,0.0,7.0,13.0,19.0,28.0,1.0,2.0,19.0,20.0,4.0,8.0,22.0,6.0,1.0,0.73,0.76,0.22,0.0,1.0,0.0,41.75,29.0,29.65,3.0,0.28,0.33,0.33,1.66,1.71,1.7
84757648482516,2025,Fowler-Kessel,STL,pairing,5on5,14,1413.0,93.0,0.27,0.6,0.43,8.86,0.85,0.69,2.24,0.29,4.79,3.13,0.85,0.88,0.88,7.0,5.0,14.0,26.0,1.0,0.0,0.0,1.0,0.0,7.0,3.0,6.0,11.0,2.0,4.0,12.0,9.0,1.0,4.0,9.0,2.0,1.0,0.35,0.29,0.21,0.0,1.0,0.0,26.29,12.0,12.28,3.0,0.14,0.0,0.0,0.99,1.03,1.02,13.0,2.27,0.98,3.19,0.49,5.41,3.66,1.98,2.17,1.89,12.0,4.0,1.0,17.0,1.0,4.0,0.0,3.0,0.0,3.0,5.0,11.0,15.0,0.0,0.0,3.0,6.0,1.0,7.0,6.0,6.0,4.0,0.14,0.88,1.26,0.0,1.0,0.0,16.3,16.0,15.36,1.0,0.21,1.02,1.02,1.46,1.41,1.39
848000984835248484800,2025,Catton-Wright-Tolvanen,SEA,line,5on5,8,1528.0,68.0,0.56,0.52,0.59,13.85,0.84,0.78,4.09,0.41,7.69,5.18,0.8,0.82,0.78,10.0,9.0,5.0,24.0,1.0,1.0,0.0,6.0,0.0,5.0,6.0,9.0,18.0,1.0,2.0,10.0,8.0,1.0,4.0,17.0,1.0,1.0,0.41,0.09,0.34,1.0,0.0,0.0,23.89,19.0,19.0,2.0,0.16,0.34,0.34,0.66,0.65,0.63,9.06,0.66,0.54,2.34,0.31,5.38,3.78,0.65,0.67,0.67,9.0,4.0,9.0,22.0,1.0,1.0,0.0,1.0,0.0,4.0,6.0,8.0,12.0,1.0,2.0,11.0,7.0,5.0,6.0,10.0,3.0,0.0,0.2,0.45,0.0,0.0,1.0,0.0,22.52,13.0,13.37,4.0,0.11,0.02,0.02,0.74,0.76,0.76
848275184835248484800,2025,Catton-Wright-Winterton,SEA,line,5on5,8,1433.0,63.0,0.37,0.39,0.45,13.4,0.93,0.78,4.13,0.47,7.03,4.66,0.89,0.98,0.93,10.0,8.0,2.0,20.0,0.0,1.0,0.0,4.0,0.0,6.0,7.0,10.0,18.0,1.0,2.0,7.0,9.0,2.0,8.0,16.0,1.0,1.0,0.55,0.11,0.28,0.0,0.0,0.0,20.61,18.0,18.58,6.0,0.16,0.28,0.28,0.82,0.85,0.81,16.68,1.59,1.11,3.86,0.53,8.79,6.13,1.52,1.51,1.44,14.0,8.0,9.0,31.0,0.0,1.0,0.0,5.0,0.0,11.0,5.0,14.0,22.0,1.0,2.0,11.0,9.0,3.0,7.0,15.0,6.0,1.0,0.44,0.78,0.37,0.0,0.0,0.0,30.27,22.0,21.44,2.0,0.23,0.37,0.37,1.45,1.4,1.36
84784768480878,2025,Capobianco-Lundkvist,DAL,pairing,5on5,3,853.0,14.0,0.5,0.52,0.53,6.08,0.52,0.39,1.6,0.2,3.02,2.28,0.52,0.56,0.56,5.0,3.0,4.0,12.0,0.0,0.0,0.0,2.0,0.0,4.0,2.0,5.0,8.0,0.0,0.0,4.0,2.0,3.0,5.0,6.0,2.0,0.0,0.17,0.34,0.0,0.0,0.0,0.0,13.09,8.0,8.73,0.0,0.08,0.0,0.0,0.6,0.65,0.65,4.8,0.52,0.31,1.15,0.2,2.8,2.03,0.49,0.47,0.45,5.0,2.0,4.0,11.0,2.0,1.0,1.0,1.0,0.0,2.0,1.0,3.0,5.0,2.0,4.0,8.0,13.0,2.0,6.0,4.0,3.0,0.0,0.13,0.39,0.0,0.0,2.0,0.0,10.24,7.0,6.51,3.0,0.07,0.12,0.12,0.46,0.42,0.42
84774988481056,2025,Nurse-Stastney,EDM,pairing,5on5,9,3547.0,37.0,0.27,0.35,0.32,15.7,1.21,0.98,4.29,0.56,9.29,6.67,1.16,1.26,1.2,14.0,9.0,11.0,34.0,1.0,0.0,0.0,3.0,0.0,10.0,9.0,13.0,22.0,4.0,8.0,29.0,25.0,9.0,10.0,20.0,2.0,1.0,0.69,0.17,0.34,0.0,0.0,1.0,34.8,23.0,23.72,6.0,0.2,0.0,0.02,1.4,1.45,1.38,34.53,3.29,2.29,8.9,1.2,18.74,13.59,3.13,3.15,3.0,35.0,13.0,14.0,62.0,1.0,6.0,0.0,9.0,0.0,19.0,13.0,34.0,47.0,1.0,2.0,30.0,29.0,8.0,8.0,35.0,9.0,4.0,1.02,1.21,1.06,0.0,1.0,0.0,60.38,48.0,46.91,4.0,0.49,1.08,1.08,2.69,2.59,2.53
84779508485366,2025,Schaefer-Deangelo,NYI,pairing,5on5,41,4313.0,296.0,0.61,0.61,0.58,36.58,3.36,2.41,9.41,1.18,18.75,13.9,3.23,3.31,3.18,30.0,19.0,25.0,74.0,4.0,6.0,0.0,6.0,0.0,15.0,18.0,26.0,45.0,7.0,14.0,27.0,19.0,6.0,15.0,38.0,7.0,4.0,1.29,0.92,1.15,3.0,1.0,0.0,72.56,49.0,48.29,2.0,0.5,1.32,1.32,2.54,2.49,2.43,24.54,2.18,1.59,6.05,0.86,13.89,10.43,2.15,2.31,2.28,25.0,10.0,13.0,48.0,2.0,2.0,0.0,5.0,0.0,8.0,18.0,23.0,33.0,9.0,20.0,14.0,22.0,4.0,19.0,24.0,9.0,2.0,0.56,1.15,0.47,0.0,2.0,0.0,50.93,35.0,37.09,11.0,0.33,0.26,0.26,2.25,2.35,2.35
847121584757638477511,2025,Hayes-Malkin-Mantha,PIT,line,5on5,5,2726.0,19.0,0.44,0.46,0.43,15.33,1.27,1.18,3.54,0.55,8.97,6.5,1.25,1.23,1.21,15.0,7.0,10.0,32.0,2.0,1.0,1.0,4.0,0.0,8.0,7.0,13.0,20.0,2.0,4.0,17.0,8.0,1.0,15.0,15.0,7.0,0.0,0.43,0.84,0.0,1.0,1.0,0.0,31.83,22.0,21.66,2.0,0.24,0.01,0.01,1.5,1.45,1.43,21.01,1.59,1.27,5.58,0.68,11.38,8.49,1.57,1.66,1.64,15.0,14.0,8.0,37.0,1.0,0.0,0.0,5.0,0.0,11.0,12.0,14.0,28.0,2.0,4.0,18.0,12.0,7.0,14.0,24.0,3.0,2.0,0.76,0.35,0.48,1.0,0.0,0.0,38.25,29.0,29.9,5.0,0.26,0.0,0.0,1.85,1.94,1.91
84808178482911,2025,Miller-Nystrom,CAR,pairing,5on5,17,4521.0,121.0,0.74,0.72,0.71,56.94,5.76,3.66,15.6,1.99,27.87,20.14,5.17,5.81,5.19,45.0,30.0,29.0,104.0,6.0,10.0,2.0,13.0,0.0,26.0,20.0,39.0,69.0,4.0,8.0,37.0,30.0,11.0,27.0,53.0,13.0,9.0,1.57,1.68,2.51,2.0,2.0,2.0,101.85,75.0,73.66,9.0,0.77,2.26,2.26,4.27,4.28,4.19,23.38,2.0,1.29,5.84,0.71,11.78,9.38,1.98,2.06,2.05,22.0,9.0,10.0,41.0,3.0,1.0,0.0,6.0,0.0,6.0,15.0,19.0,28.0,3.0,6.0,44.0,35.0,3.0,33.0,23.0,6.0,2.0,0.7,0.8,0.49,0.0,2.0,1.0,42.48,31.0,31.67,23.0,0.26,0.26,0.26,2.0,2.05,2.05
84773698482666,2025,Soucy-Morrow,NYR,pairing,5on5,11,1118.0,74.0,0.24,0.42,0.47,6.44,0.26,0.31,1.57,0.2,3.79,2.87,0.26,0.27,0.27,7.0,2.0,1.0,10.0,0.0,0.0,0.0,1.0,0.0,3.0,5.0,7.0,9.0,2.0,4.0,9.0,8.0,2.0,4.0,9.0,0.0,0.0,0.26,0.0,0.0,0.0,0.0,0.0,10.28,9.0,9.16,2.0,0.06,0.0,0.0,0.32,0.33,0.33,7.57,0.82,0.57,1.59,0.25,3.9,2.87,0.81,0.82,0.81,9.0,1.0,4.0,14.0,0.0,1.0,0.0,1.0,0.0,3.0,5.0,9.0,10.0,1.0,2.0,8.0,10.0,0.0,6.0,7.0,2.0,1.0,0.26,0.33,0.23,0.0,0.0,0.0,13.85,10.0,9.9,3.0,0.12,0.19,0.19,0.76,0.74,0.74
847121484784408478463,2025,Beauvillier-Strome-Ovechkin,WSH,line,5on5,34,13439.0,140.0,0.55,0.53,0.54,137.09,13.56,8.52,35.4,4.76,72.49,54.27,12.49,13.56,12.51,122.0,67.0,54.0,243.0,16.0,21.0,3.0,18.0,0.0,64.0,70.0,106.0,173.0,7.0,14.0,109.0,72.0,17.0,62.0,130.0,46.0,13.0,3.61,5.93,4.03,9.0,5.0,2.0,245.36,189.0,189.91,19.0,1.78,4.53,4.53,10.81,10.86,10.25,116.86,10.95,7.61,27.24,3.95,65.21,48.05,10.7,10.95,10.7,108.0,55.0,53.0,216.0,8.0,12.0,1.0,21.0,1.0,58.0,63.0,100.0,155.0,11.0,22.0,97.0,80.0,19.0,66.0,112.0,43.0,8.0,3.53,4.97,2.45,4.0,2.0,2.0,213.13,163.0,161.57,39.0,1.57,2.52,2.52,10.0,9.98,9.87
84764298484262,2025,Mitchell-Mayfield,NYI,pairing,5on5,9,5338.0,26.0,0.39,0.41,0.42,33.06,2.61,1.91,9.46,1.1,17.47,12.44,2.47,2.56,2.43,29.0,16.0,14.0,59.0,3.0,3.0,1.0,5.0,0.0,16.0,18.0,26.0,42.0,6.0,12.0,46.0,45.0,3.0,22.0,33.0,9.0,3.0,0.85,0.98,0.78,1.0,1.0,1.0,59.07,45.0,44.98,11.0,0.4,0.66,0.66,2.36,2.31,2.23,45.64,4.12,2.98,11.45,1.58,24.77,18.1,4.0,4.14,4.03,41.0,22.0,23.0,86.0,3.0,5.0,0.0,11.0,0.0,21.0,23.0,38.0,60.0,9.0,18.0,50.0,46.0,8.0,21.0,46.0,14.0,3.0,1.4,1.93,0.78,2.0,1.0,0.0,84.71,63.0,62.61,9.0,0.61,0.99,0.99,3.74,3.73,3.69
847168584796758482155,2025,Moore-Kopitar-Laferriere,LAK,line,5on5,6,692.0,98.0,0.71,0.4,0.33,4.81,0.9,0.32,1.15,0.14,1.98,1.51,0.8,0.95,0.85,5.0,1.0,4.0,10.0,1.0,3.0,1.0,1.0,0.0,1.0,0.0,4.0,5.0,0.0,0.0,6.0,7.0,1.0,5.0,2.0,1.0,3.0,0.02,0.08,0.79,0.0,0.0,1.0,10.65,6.0,6.25,4.0,0.07,0.79,0.79,0.17,0.18,0.17,8.52,0.37,0.43,2.45,0.28,4.89,3.58,0.37,0.35,0.35,7.0,5.0,3.0,15.0,0.0,0.0,0.0,0.0,0.0,7.0,5.0,7.0,12.0,0.0,0.0,5.0,0.0,4.0,6.0,12.0,0.0,0.0,0.37,0.0,0.0,0.0,0.0,0.0,14.16,12.0,11.48,2.0,0.09,0.0,0.0,0.46,0.43,0.43
847575484795258480039,2025,Colton-Nelson-Necas,COL,line,5on5,11,759.0,153.0,0.71,0.6,0.68,9.77,0.9,0.71,2.11,0.32,5.12,3.85,0.89,0.93,0.93,9.0,4.0,2.0,15.0,1.0,0.0,0.0,1.0,0.0,3.0,8.0,8.0,12.0,1.0,2.0,5.0,3.0,0.0,8.0,9.0,3.0,1.0,0.29,0.32,0.28,0.0,1.0,0.0,15.41,13.0,13.17,3.0,0.15,0.0,0.0,1.04,1.08,1.08,4.3,0.36,0.24,1.03,0.13,2.43,1.81,0.36,0.34,0.34,5.0,1.0,4.0,10.0,0.0,0.0,0.0,1.0,0.0,4.0,1.0,5.0,6.0,1.0,2.0,4.0,3.0,2.0,5.0,4.0,2.0,0.0,0.09,0.27,0.0,0.0,0.0,0.0,9.28,6.0,5.65,1.0,0.05,0.0,0.0,0.41,0.39,0.39
84764228478970,2025,Reilly-Chatfield,CAR,pairing,5on5,14,3070.0,88.0,0.53,0.54,0.57,34.93,3.85,2.3,8.24,1.15,18.01,13.45,3.68,4.2,4.02,31.0,16.0,20.0,67.0,5.0,5.0,1.0,8.0,0.0,21.0,8.0,26.0,42.0,3.0,6.0,35.0,14.0,3.0,15.0,31.0,11.0,5.0,1.02,1.37,1.46,2.0,3.0,0.0,73.86,47.0,51.63,8.0,0.48,1.09,1.09,3.23,3.54,3.48,26.61,3.47,2.0,6.62,0.93,13.0,8.98,3.25,3.27,3.06,27.0,8.0,22.0,57.0,2.0,5.0,0.0,5.0,0.0,13.0,10.0,25.0,33.0,3.0,6.0,25.0,17.0,0.0,16.0,18.0,14.0,3.0,0.67,2.02,0.79,2.0,0.0,0.0,52.95,35.0,32.9,6.0,0.42,0.88,0.88,3.02,2.83,2.8
84768748477220,2025,Schmidt-Mtt,UTA,pairing,5on5,16,1504.0,148.0,0.45,0.59,0.62,11.69,0.83,0.64,2.63,0.36,6.28,5.26,0.83,0.85,0.85,12.0,4.0,7.0,23.0,1.0,0.0,0.0,0.0,0.0,5.0,10.0,11.0,15.0,0.0,0.0,7.0,11.0,1.0,6.0,12.0,3.0,1.0,0.27,0.34,0.23,0.0,1.0,0.0,23.46,16.0,16.39,2.0,0.13,0.0,0.0,0.96,0.98,0.98,7.43,1.02,0.45,1.69,0.32,3.6,2.92,0.96,1.02,0.96,9.0,1.0,6.0,16.0,0.0,1.0,0.0,2.0,0.0,5.0,2.0,9.0,10.0,1.0,2.0,6.0,12.0,1.0,12.0,4.0,5.0,1.0,0.08,0.59,0.36,0.0,0.0,0.0,15.96,10.0,9.91,6.0,0.1,0.36,0.36,0.76,0.76,0.74
84752188476967,2025,Ekholm-Kulak,EDM,pairing,5on5,20,1086.0,147.0,0.2,0.39,0.42,7.01,0.29,0.39,1.83,0.25,4.07,3.18,0.29,0.3,0.3,4.0,6.0,4.0,14.0,1.0,0.0,0.0,4.0,0.0,3.0,2.0,3.0,9.0,1.0,2.0,4.0,6.0,2.0,6.0,9.0,1.0,0.0,0.15,0.14,0.0,0.0,1.0,0.0,14.37,10.0,10.26,3.0,0.08,0.0,0.0,0.37,0.38,0.38,10.26,1.2,0.64,2.49,0.31,5.29,4.07,1.18,1.19,1.18,8.0,6.0,8.0,22.0,3.0,2.0,1.0,1.0,0.0,2.0,6.0,5.0,11.0,2.0,4.0,2.0,10.0,2.0,6.0,11.0,1.0,2.0,0.39,0.1,0.71,1.0,1.0,1.0,22.65,14.0,14.11,5.0,0.13,0.71,0.71,0.62,0.64,0.63
847794084784278482809,2025,Ehlers-Aho-Blake,CAR,line,5on5,12,723.0,133.0,0.34,0.53,0.5,5.31,0.17,0.19,1.25,0.15,2.79,2.45,0.17,0.18,0.18,3.0,4.0,3.0,10.0,0.0,0.0,0.0,0.0,0.0,5.0,2.0,3.0,7.0,0.0,0.0,1.0,2.0,0.0,2.0,6.0,1.0,0.0,0.08,0.09,0.0,0.0,0.0,0.0,10.61,7.0,7.49,1.0,0.04,0.0,0.0,0.2,0.22,0.22,4.8,0.32,0.28,1.17,0.16,2.81,2.26,0.32,0.34,0.33,5.0,2.0,2.0,9.0,1.0,0.0,0.0,0.0,0.0,2.0,4.0,4.0,6.0,0.0,0.0,5.0,4.0,1.0,1.0,6.0,1.0,0.0,0.23,0.1,0.0,1.0,0.0,0.0,8.92,7.0,7.13,1.0,0.06,0.0,0.0,0.38,0.4,0.39
84785078479410,2025,Sergachev-Marino,UTA,pairing,5on5,37,6958.0,292.0,0.41,0.48,0.47,55.83,5.22,3.32,14.24,1.84,29.44,21.94,5.02,5.32,5.13,57.0,19.0,35.0,111.0,5.0,4.0,1.0,15.0,0.0,23.0,29.0,52.0,71.0,8.0,16.0,73.0,43.0,9.0,41.0,57.0,15.0,4.0,1.63,1.94,1.65,1.0,3.0,1.0,113.96,76.0,77.84,18.0,0.69,1.34,1.45,4.46,4.57,4.47,64.1,7.36,4.56,16.57,2.34,31.74,23.43,6.96,7.14,6.77,57.0,29.0,32.0,118.0,7.0,13.0,3.0,19.0,1.0,23.0,23.0,50.0,79.0,5.0,10.0,59.0,41.0,11.0,33.0,51.0,24.0,11.0,1.42,3.06,2.88,2.0,3.0,2.0,116.08,86.0,84.71,14.0,0.97,2.85,2.85,5.47,5.34,5.24
847576084775738478472,2025,Walker-Bjugstad-Joseph,STL,line,5on5,8,1617.0,72.0,0.29,0.4,0.36,7.38,0.53,0.47,1.59,0.22,4.15,3.05,0.53,0.56,0.56,7.0,3.0,7.0,17.0,1.0,0.0,0.0,1.0,0.0,2.0,6.0,6.0,9.0,3.0,6.0,14.0,18.0,2.0,6.0,9.0,0.0,1.0,0.25,0.0,0.27,1.0,0.0,0.0,17.52,10.0,10.35,2.0,0.09,0.0,0.0,0.62,0.66,0.66,13.42,1.3,0.98,3.45,0.43,6.98,4.86,1.23,1.28,1.21,13.0,5.0,8.0,26.0,0.0,2.0,0.0,4.0,0.0,9.0,3.0,13.0,18.0,1.0,2.0,13.0,11.0,3.0,7.0,12.0,4.0,2.0,0.22,0.62,0.47,0.0,0.0,0.0,25.58,18.0,18.03,1.0,0.21,0.27,0.27,1.25,1.24,1.22
84778108484768,2025,Hanley-Parekh,CGY,pairing,5on5,8,3157.0,35.0,0.71,0.65,0.65,31.27,2.93,1.94,7.73,0.99,16.55,11.85,2.86,2.95,2.88,32.0,10.0,24.0,66.0,3.0,5.0,0.0,4.0,0.0,16.0,14.0,29.0,39.0,2.0,4.0,29.0,35.0,3.0,13.0,32.0,8.0,2.0,0.93,1.24,0.77,2.0,1.0,0.0,66.68,42.0,42.59,7.0,0.4,1.2,1.2,2.13,2.17,2.13,16.51,1.19,0.95,4.18,0.51,9.49,6.68,1.19,1.21,1.19,16.0,7.0,13.0,36.0,1.0,0.0,0.0,6.0,0.0,11.0,5.0,15.0,22.0,3.0,6.0,23.0,36.0,9.0,16.0,19.0,3.0,1.0,0.49,0.36,0.34,1.0,0.0,0.0,36.24,23.0,23.11,9.0,0.2,0.0,0.0,1.39,1.4,1.39
847688284779878481624,2025,Teravainen-Donato-Mikheyev,CHI,line,5on5,12,744.0,170.0,0.17,0.44,0.38,7.53,0.26,0.31,1.87,0.21,3.94,3.41,0.26,0.26,0.25,6.0,4.0,4.0,14.0,0.0,0.0,0.0,2.0,0.0,2.0,6.0,6.0,10.0,1.0,2.0,4.0,2.0,2.0,7.0,9.0,1.0,0.0,0.15,0.11,0.0,0.0,0.0,0.0,14.17,10.0,10.08,7.0,0.06,0.0,0.0,0.32,0.32,0.31,11.05,1.24,0.8,2.5,0.42,6.32,4.71,1.2,1.24,1.2,14.0,2.0,2.0,18.0,0.0,0.0,0.0,1.0,0.0,7.0,8.0,14.0,16.0,0.0,0.0,2.0,3.0,0.0,1.0,10.0,5.0,1.0,0.37,0.6,0.28,0.0,0.0,0.0,17.93,16.0,15.85,1.0,0.17,0.0,0.0,1.42,1.41,1.37
847687184827878484135,2025,Pearson-Ford-Chibrikov,WPG,line,5on5,3,854.0,16.0,0.21,0.37,0.44,5.3,0.12,0.2,1.59,0.17,2.62,2.32,0.12,0.12,0.12,4.0,3.0,3.0,10.0,0.0,0.0,0.0,1.0,0.0,2.0,4.0,4.0,7.0,1.0,2.0,4.0,7.0,0.0,0.0,7.0,0.0,0.0,0.12,0.0,0.0,0.0,0.0,0.0,10.04,7.0,7.17,0.0,0.04,0.0,0.0,0.16,0.16,0.16,6.64,0.44,0.44,1.62,0.22,3.56,2.72,0.43,0.41,0.4,5.0,4.0,8.0,17.0,0.0,1.0,0.0,1.0,0.0,3.0,4.0,5.0,9.0,1.0,2.0,5.0,4.0,0.0,6.0,7.0,2.0,0.0,0.22,0.22,0.0,0.0,0.0,0.0,15.93,9.0,8.35,1.0,0.09,0.05,0.05,0.48,0.45,0.44
847738084821328483690,2025,Berard-Laba-Brodzinski,NYR,line,5on5,5,1998.0,20.0,0.41,0.46,0.49,17.47,1.71,1.2,4.63,0.6,8.76,6.1,1.68,1.83,1.79,10.0,13.0,9.0,32.0,0.0,0.0,0.0,5.0,0.0,13.0,5.0,10.0,23.0,1.0,2.0,15.0,20.0,3.0,8.0,15.0,5.0,3.0,0.34,0.64,0.73,0.0,0.0,0.0,33.82,23.0,24.38,4.0,0.25,0.0,0.0,1.97,2.09,2.06,18.73,2.44,1.26,5.31,0.79,7.98,6.21,2.15,2.4,2.1,13.0,11.0,14.0,38.0,0.0,7.0,0.0,1.0,0.0,9.0,7.0,13.0,24.0,0.0,0.0,13.0,17.0,0.0,13.0,14.0,5.0,5.0,0.35,0.65,1.44,0.0,0.0,0.0,37.36,24.0,23.47,8.0,0.27,1.64,1.64,1.07,1.04,1.0
84769068482911,2025,Gostisbehere-Nystrom,CAR,pairing,5on5,9,688.0,65.0,0.68,0.68,0.64,6.9,0.84,0.44,1.57,0.19,3.42,2.53,0.83,0.86,0.85,4.0,5.0,4.0,13.0,1.0,0.0,0.0,1.0,0.0,3.0,4.0,3.0,8.0,0.0,0.0,1.0,8.0,0.0,2.0,6.0,1.0,2.0,0.17,0.14,0.53,0.0,0.0,1.0,12.92,9.0,9.06,1.0,0.09,0.0,0.0,0.93,0.95,0.94,3.96,0.4,0.22,0.81,0.11,1.92,1.55,0.4,0.45,0.45,3.0,2.0,1.0,6.0,0.0,0.0,0.0,0.0,0.0,2.0,3.0,3.0,5.0,1.0,2.0,1.0,6.0,1.0,6.0,2.0,3.0,0.0,0.03,0.36,0.0,0.0,0.0,0.0,6.87,5.0,5.58,2.0,0.05,0.0,0.0,0.44,0.5,0.5
84780388479398,2025,Toews-Girard,COL,pairing,5on5,14,679.0,117.0,0.62,0.53,0.58,5.24,0.34,0.22,1.17,0.15,2.52,2.59,0.34,0.35,0.35,6.0,1.0,2.0,9.0,1.0,0.0,0.0,1.0,0.0,2.0,3.0,5.0,6.0,1.0,2.0,0.0,6.0,1.0,8.0,5.0,2.0,0.0,0.17,0.17,0.0,0.0,1.0,0.0,9.38,7.0,7.37,6.0,0.05,0.0,0.0,0.39,0.4,0.4,3.75,0.21,0.23,1.08,0.13,1.94,1.41,0.21,0.21,0.21,4.0,1.0,3.0,8.0,1.0,0.0,0.0,1.0,0.0,2.0,1.0,3.0,4.0,0.0,0.0,1.0,5.0,2.0,1.0,4.0,1.0,0.0,0.11,0.1,0.0,0.0,1.0,0.0,7.74,5.0,4.84,0.0,0.05,0.0,0.0,0.26,0.26,0.26
847701584784148482110,2025,Meier-Mercer-Brown,NJD,line,5on5,4,1113.0,36.0,0.14,0.23,0.27,4.71,0.27,0.26,1.39,0.17,2.73,2.19,0.27,0.27,0.27,5.0,2.0,1.0,8.0,0.0,0.0,0.0,2.0,0.0,2.0,3.0,5.0,7.0,1.0,2.0,4.0,3.0,4.0,7.0,6.0,1.0,0.0,0.16,0.11,0.0,0.0,0.0,0.0,7.76,7.0,6.85,3.0,0.05,0.0,0.0,0.32,0.33,0.33,14.33,1.69,0.97,3.34,0.45,7.34,5.21,1.69,1.69,1.68,13.0,6.0,8.0,27.0,2.0,1.0,0.0,2.0,0.0,6.0,8.0,11.0,17.0,1.0,2.0,7.0,4.0,0.0,2.0,13.0,4.0,2.0,0.56,0.64,0.5,1.0,0.0,1.0,27.94,19.0,19.59,0.0,0.2,0.02,0.02,1.88,1.87,1.87
847793584800038482713,2025,Boqvist-Bennett-Samoskevich,FLA,line,5on5,12,5027.0,67.0,0.51,0.48,0.5,44.55,3.07,2.59,11.68,1.5,24.18,17.98,2.96,3.11,3.0,34.0,27.0,20.0,81.0,2.0,5.0,1.0,6.0,0.0,28.0,20.0,32.0,59.0,6.0,17.0,52.0,50.0,0.0,17.0,50.0,8.0,3.0,1.25,1.06,0.75,1.0,0.0,1.0,81.3,61.0,60.88,8.0,0.53,0.8,0.8,2.8,2.83,2.79,42.73,2.99,2.78,10.86,1.48,24.81,18.08,2.95,2.97,2.93,43.0,18.0,28.0,89.0,1.0,2.0,0.0,13.0,0.0,21.0,24.0,42.0,60.0,5.0,13.0,39.0,28.0,10.0,19.0,51.0,8.0,2.0,1.37,1.05,0.57,1.0,0.0,0.0,86.81,61.0,60.26,8.0,0.57,0.45,0.45,3.11,3.07,3.04
847690584779198480009,2025,Stephenson-Gaudreau-Tolvanen,SEA,line,5on5,11,5720.0,45.0,0.25,0.35,0.35,38.5,2.46,2.33,10.15,1.26,22.19,15.62,2.41,2.49,2.44,39.0,15.0,21.0,75.0,4.0,1.0,0.0,11.0,0.0,22.0,16.0,35.0,50.0,6.0,12.0,61.0,31.0,6.0,28.0,45.0,9.0,0.0,1.38,1.08,0.0,2.0,2.0,0.0,76.36,54.0,54.91,15.0,0.48,0.16,0.16,2.78,2.81,2.75,70.36,7.46,5.04,18.87,2.57,36.85,28.2,6.74,7.22,6.53,59.0,40.0,39.0,138.0,3.0,15.0,0.0,12.0,0.0,35.0,34.0,56.0,96.0,3.0,6.0,56.0,29.0,13.0,22.0,71.0,18.0,10.0,1.93,2.36,3.17,2.0,0.0,1.0,133.33,99.0,95.91,11.0,1.07,3.14,3.14,5.39,5.23,4.96
848172584834648484160,2025,Soderblom-Danielson-Kasper,DET,line,5on5,12,5535.0,43.0,0.58,0.47,0.51,51.15,5.97,3.55,12.78,1.88,24.27,18.55,5.41,6.32,5.73,45.0,22.0,17.0,84.0,3.0,11.0,0.0,5.0,0.0,23.0,25.0,42.0,64.0,4.0,8.0,36.0,44.0,4.0,20.0,39.0,21.0,7.0,0.99,2.83,2.15,0.0,3.0,0.0,89.5,67.0,69.79,13.0,0.75,2.48,2.48,4.24,4.5,4.28,45.97,4.33,3.19,12.61,1.7,24.59,17.58,3.82,4.09,3.61,47.0,17.0,31.0,95.0,2.0,6.0,0.0,17.0,0.0,22.0,17.0,45.0,62.0,4.0,8.0,44.0,62.0,7.0,21.0,48.0,10.0,6.0,1.15,1.24,1.94,1.0,1.0,0.0,90.83,64.0,61.2,8.0,0.67,1.69,1.69,3.31,3.16,3.03
847578484788748480848,2025,Skinner-Dellandrea-Gaudette,SJS,line,5on5,5,1482.0,33.0,0.24,0.35,0.34,10.45,0.54,0.62,2.58,0.32,6.37,4.57,0.53,0.57,0.56,9.0,6.0,5.0,20.0,0.0,0.0,0.0,3.0,0.0,6.0,6.0,9.0,15.0,2.0,4.0,13.0,9.0,2.0,7.0,13.0,2.0,0.0,0.33,0.21,0.0,0.0,0.0,0.0,20.77,15.0,15.58,4.0,0.13,0.0,0.0,0.66,0.7,0.7,20.28,1.67,1.32,5.34,0.73,11.49,8.45,1.58,1.58,1.49,21.0,8.0,8.0,37.0,1.0,2.0,0.0,3.0,0.0,17.0,6.0,20.0,28.0,1.0,2.0,13.0,10.0,4.0,3.0,24.0,3.0,2.0,0.85,0.34,0.48,1.0,0.0,0.0,34.97,29.0,27.43,0.0,0.28,0.24,0.24,1.72,1.62,1.57
847695284779878482703,2025,Donato-Toninato-Dach,CHI,line,5on5,3,1461.0,11.0,0.45,0.57,0.6,13.08,0.66,0.76,3.48,0.43,7.17,5.5,0.66,0.66,0.65,12.0,6.0,9.0,27.0,1.0,1.0,0.0,3.0,0.0,5.0,8.0,11.0,17.0,3.0,6.0,7.0,18.0,1.0,4.0,16.0,2.0,0.0,0.46,0.21,0.0,1.0,0.0,0.0,26.62,18.0,17.78,1.0,0.16,0.09,0.09,0.73,0.73,0.73,9.01,0.81,0.5,2.23,0.28,4.57,3.62,0.78,0.81,0.79,8.0,4.0,8.0,20.0,0.0,0.0,0.0,0.0,0.0,10.0,2.0,8.0,12.0,2.0,4.0,10.0,10.0,0.0,3.0,9.0,2.0,1.0,0.26,0.26,0.28,0.0,0.0,0.0,20.34,12.0,11.98,2.0,0.1,0.0,0.0,0.91,0.92,0.9
847801084785198479542,2025,Hagel-Cirelli-Point,TBL,line,5on5,6,644.0,52.0,0.71,0.58,0.64,9.59,0.81,0.62,2.75,0.4,5.23,4.19,0.8,0.83,0.82,8.0,6.0,0.0,14.0,0.0,1.0,0.0,2.0,0.0,4.0,7.0,8.0,14.0,0.0,0.0,7.0,3.0,2.0,0.0,11.0,1.0,2.0,0.23,0.12,0.47,0.0,0.0,0.0,13.86,14.0,13.88,0.0,0.13,0.01,0.01,0.93,0.95,0.94,5.46,0.33,0.32,1.24,0.2,3.37,2.55,0.33,0.33,0.33,4.0,4.0,2.0,10.0,0.0,0.0,0.0,2.0,0.0,3.0,3.0,4.0,8.0,1.0,2.0,11.0,2.0,0.0,1.0,7.0,1.0,0.0,0.25,0.08,0.0,0.0,0.0,0.0,10.03,8.0,8.07,1.0,0.07,0.0,0.0,0.39,0.39,0.39
847749784826608483432,2025,Johnson-Monahan-Del Bel Belluz,CBJ,line,5on5,2,942.0,6.0,0.7,0.59,0.56,6.8,0.67,0.4,2.09,0.22,3.34,2.28,0.65,0.67,0.65,7.0,2.0,4.0,13.0,1.0,1.0,0.0,0.0,0.0,2.0,5.0,6.0,8.0,0.0,0.0,12.0,3.0,1.0,5.0,7.0,1.0,1.0,0.22,0.16,0.29,0.0,1.0,0.0,12.98,9.0,9.06,2.0,0.09,0.29,0.29,0.47,0.46,0.45,4.71,0.29,0.29,1.06,0.17,2.77,2.42,0.29,0.3,0.3,4.0,3.0,2.0,9.0,1.0,0.0,0.0,2.0,0.0,2.0,2.0,3.0,6.0,0.0,0.0,9.0,9.0,0.0,7.0,6.0,1.0,0.0,0.19,0.1,0.0,1.0,0.0,0.0,9.04,7.0,7.07,4.0,0.06,0.0,0.0,0.35,0.36,0.36
847341984801858482113,2025,Marchand-Lundell-Luostarinen,FLA,line,5on5,17,7119.0,104.0,0.48,0.51,0.49,69.92,6.73,4.61,17.75,2.2,35.97,25.75,6.55,6.67,6.5,58.0,35.0,33.0,126.0,8.0,5.0,0.0,8.0,1.0,39.0,32.0,50.0,85.0,12.0,24.0,81.0,58.0,7.0,37.0,64.0,23.0,6.0,1.75,3.08,1.9,3.0,5.0,0.0,125.67,93.0,92.74,19.0,0.97,1.24,1.24,6.46,6.47,6.35,70.27,7.23,4.94,17.59,2.57,36.8,26.88,6.72,7.26,6.73,62.0,34.0,25.0,121.0,6.0,11.0,0.0,8.0,1.0,33.0,37.0,56.0,90.0,16.0,32.0,71.0,38.0,13.0,32.0,66.0,22.0,8.0,1.98,3.15,2.09,4.0,2.0,0.0,122.23,96.0,96.17,13.0,1.04,2.13,2.13,6.14,6.13,5.91
847514984756928477451,2025,Johansson-Hartman-Zuccarello,MIN,line,5on5,7,932.0,45.0,0.26,0.35,0.33,4.38,0.32,0.29,1.04,0.14,2.47,1.74,0.32,0.32,0.32,5.0,1.0,2.0,8.0,0.0,1.0,0.0,0.0,0.0,0.0,5.0,5.0,6.0,0.0,0.0,7.0,4.0,2.0,0.0,5.0,1.0,0.0,0.18,0.14,0.0,0.0,0.0,0.0,7.98,6.0,5.93,0.0,0.06,0.06,0.06,0.32,0.32,0.32,9.08,0.91,0.63,2.3,0.31,4.76,3.09,0.91,0.94,0.93,7.0,5.0,3.0,15.0,0.0,1.0,0.0,3.0,0.0,4.0,4.0,7.0,12.0,1.0,2.0,8.0,4.0,2.0,3.0,8.0,3.0,1.0,0.24,0.47,0.2,0.0,0.0,0.0,15.46,12.0,12.37,2.0,0.14,0.04,0.04,1.0,1.03,1.02
84801968480807,2025,Samuelsson-Bryson,BUF,pairing,5on5,12,1281.0,112.0,0.78,0.67,0.64,7.17,0.85,0.48,1.72,0.23,3.35,2.37,0.84,0.84,0.82,6.0,3.0,7.0,16.0,2.0,1.0,0.0,1.0,0.0,3.0,2.0,4.0,7.0,2.0,4.0,17.0,12.0,5.0,10.0,6.0,1.0,2.0,0.21,0.19,0.45,2.0,0.0,0.0,15.41,9.0,8.77,7.0,0.1,0.25,0.25,0.7,0.69,0.69,3.62,0.24,0.21,0.92,0.1,1.98,1.54,0.24,0.24,0.24,4.0,1.0,3.0,8.0,0.0,0.0,0.0,2.0,0.0,1.0,2.0,4.0,5.0,3.0,6.0,6.0,10.0,2.0,3.0,4.0,1.0,0.0,0.1,0.15,0.0,0.0,0.0,0.0,8.32,5.0,5.0,1.0,0.04,0.0,0.0,0.28,0.29,0.29
847687284775038478904,2025,Domi-Laughton-Lorentz,TOR,line,5on5,4,1176.0,18.0,0.5,0.5,0.57,10.99,1.03,0.72,3.01,0.39,6.34,4.5,1.02,0.98,0.96,8.0,8.0,2.0,18.0,0.0,2.0,0.0,3.0,0.0,5.0,6.0,8.0,16.0,1.0,2.0,11.0,16.0,0.0,8.0,13.0,2.0,1.0,0.38,0.26,0.39,0.0,0.0,0.0,16.52,16.0,14.83,4.0,0.15,0.48,0.48,0.71,0.67,0.66,9.04,1.03,0.66,1.87,0.29,4.8,3.35,1.02,1.07,1.06,7.0,5.0,6.0,18.0,3.0,1.0,1.0,4.0,0.0,2.0,2.0,4.0,9.0,1.0,2.0,7.0,6.0,3.0,12.0,7.0,4.0,1.0,0.23,0.51,0.28,0.0,2.0,1.0,19.19,12.0,12.4,7.0,0.14,0.17,0.17,0.99,1.04,1.04
847584884769818478133,2025,Gallagher-Evans-Anderson,MTL,line,5on5,19,6577.0,82.0,0.43,0.49,0.47,54.38,4.95,3.27,13.48,1.83,29.83,21.64,4.68,4.9,4.63,52.0,23.0,33.0,108.0,2.0,8.0,0.0,10.0,1.0,29.0,25.0,50.0,73.0,9.0,27.0,55.0,54.0,10.0,35.0,57.0,12.0,6.0,1.61,1.57,1.78,1.0,0.0,1.0,108.66,75.0,75.92,18.0,0.67,1.57,1.57,4.06,4.03,3.97,63.95,6.49,4.16,17.3,2.25,32.7,23.1,5.88,6.57,5.93,54.0,32.0,25.0,111.0,3.0,13.0,0.0,10.0,0.0,31.0,29.0,51.0,83.0,7.0,23.0,52.0,61.0,11.0,28.0,61.0,17.0,8.0,1.79,2.15,2.55,1.0,2.0,0.0,111.01,86.0,85.79,17.0,0.87,2.84,2.84,4.52,4.54,4.38
847795284804598484164,2025,Fabbri-Dvorsky-Suter,STL,line,5on5,5,1666.0,25.0,0.59,0.51,0.59,14.02,1.07,0.8,3.65,0.43,7.26,5.79,1.07,1.1,1.09,14.0,5.0,3.0,22.0,0.0,0.0,0.0,3.0,0.0,7.0,9.0,14.0,19.0,3.0,8.0,9.0,11.0,3.0,4.0,14.0,5.0,0.0,0.36,0.71,0.0,0.0,0.0,0.0,22.89,19.0,19.88,2.0,0.17,0.0,0.0,1.23,1.27,1.27,9.53,0.74,0.68,2.17,0.27,5.42,3.72,0.73,0.74,0.74,7.0,6.0,8.0,21.0,1.0,1.0,0.0,4.0,0.0,2.0,5.0,6.0,12.0,1.0,2.0,12.0,12.0,1.0,10.0,10.0,2.0,1.0,0.26,0.22,0.25,1.0,0.0,0.0,20.98,13.0,13.07,6.0,0.14,0.25,0.25,0.62,0.63,0.63
847637484803558481556,2025,Beecher-Kastelic-Kuraly,BOS,line,5on5,3,1319.0,8.0,0.48,0.39,0.39,8.19,1.2,0.52,2.23,0.33,3.83,2.89,1.17,1.21,1.18,8.0,3.0,8.0,19.0,1.0,2.0,0.0,4.0,0.0,2.0,2.0,7.0,10.0,2.0,7.0,17.0,17.0,1.0,5.0,6.0,2.0,3.0,0.15,0.19,0.85,1.0,0.0,0.0,18.79,11.0,10.98,4.0,0.11,0.36,0.36,0.95,0.95,0.95,12.39,1.32,0.74,3.48,0.38,6.45,4.64,1.28,1.32,1.29,12.0,5.0,13.0,30.0,0.0,1.0,0.0,5.0,0.0,8.0,3.0,12.0,17.0,1.0,5.0,12.0,12.0,1.0,5.0,13.0,2.0,2.0,0.31,0.36,0.65,0.0,0.0,0.0,30.35,17.0,17.44,1.0,0.15,0.36,0.36,1.1,1.11,1.1
847740984785428480003,2025,Boqvist-Rodrigues-Verhaeghe,FLA,line,5on5,7,688.0,73.0,0.27,0.26,0.29,2.91,0.19,0.19,0.71,0.09,1.73,1.1,0.18,0.2,0.19,3.0,1.0,1.0,5.0,0.0,0.0,0.0,0.0,0.0,2.0,2.0,3.0,4.0,1.0,2.0,4.0,9.0,2.0,6.0,3.0,1.0,0.0,0.08,0.1,0.0,0.0,0.0,0.0,5.14,4.0,4.18,3.0,0.04,0.0,0.0,0.23,0.24,0.23,7.31,0.51,0.36,2.0,0.23,4.06,2.84,0.5,0.51,0.51,4.0,6.0,4.0,14.0,0.0,0.0,0.0,2.0,0.0,3.0,5.0,4.0,10.0,0.0,0.0,3.0,10.0,0.0,3.0,8.0,2.0,0.0,0.21,0.29,0.0,0.0,0.0,0.0,14.14,10.0,9.98,2.0,0.07,0.0,0.0,0.58,0.58,0.58
847682684768788477426,2025,Paul-Gourde-Girgensons,TBL,line,5on5,3,985.0,33.0,0.17,0.38,0.29,3.6,0.19,0.21,1.44,0.13,1.85,1.19,0.18,0.18,0.18,3.0,2.0,6.0,11.0,0.0,1.0,0.0,1.0,0.0,1.0,2.0,3.0,5.0,1.0,2.0,11.0,5.0,2.0,7.0,4.0,1.0,0.0,0.1,0.1,0.0,0.0,0.0,0.0,11.09,5.0,4.96,6.0,0.05,0.1,0.1,0.14,0.14,0.14,8.74,0.93,0.59,2.46,0.34,4.47,3.21,0.9,0.88,0.85,8.0,4.0,6.0,18.0,0.0,2.0,0.0,2.0,0.0,6.0,2.0,8.0,12.0,1.0,2.0,6.0,4.0,1.0,3.0,7.0,3.0,2.0,0.16,0.31,0.47,0.0,0.0,0.0,16.81,12.0,11.27,1.0,0.13,0.26,0.26,0.79,0.77,0.76
847410284802088481528,2025,Perron-Cozens-Batherson,OTT,line,5on5,19,7529.0,76.0,0.63,0.53,0.53,67.7,6.47,4.92,16.14,2.14,37.0,25.33,6.18,6.53,6.24,53.0,39.0,30.0,122.0,5.0,10.0,0.0,14.0,1.0,29.0,33.0,48.0,87.0,0.0,0.0,66.0,60.0,12.0,30.0,67.0,19.0,6.0,2.24,2.59,1.63,3.0,2.0,0.0,123.22,92.0,93.04,12.0,1.02,1.96,1.96,5.53,5.6,5.48,57.24,3.73,3.31,14.82,1.96,31.63,24.55,3.66,3.7,3.62,52.0,28.0,29.0,109.0,6.0,5.0,0.0,17.0,0.0,23.0,29.0,46.0,74.0,6.0,12.0,57.0,54.0,9.0,23.0,64.0,14.0,2.0,1.76,1.53,0.44,3.0,3.0,0.0,108.08,80.0,79.35,16.0,0.67,0.57,0.57,3.83,3.78,3.75
847528784765398478047,2025,Bunting-Haula-Marchessault,NSH,line,5on5,19,5800.0,115.0,0.32,0.41,0.38,40.47,3.35,2.6,10.08,1.34,21.43,16.2,3.3,3.36,3.3,37.0,18.0,25.0,80.0,4.0,6.0,0.0,7.0,0.0,17.0,21.0,33.0,51.0,7.0,14.0,46.0,45.0,8.0,40.0,42.0,10.0,3.0,1.15,1.35,0.85,2.0,2.0,0.0,79.93,55.0,54.97,20.0,0.54,1.23,1.23,2.66,2.66,2.64,65.77,7.12,4.62,16.63,2.18,34.12,24.33,6.74,7.21,6.83,62.0,27.0,25.0,114.0,5.0,10.0,1.0,14.0,0.0,33.0,27.0,57.0,84.0,8.0,16.0,50.0,39.0,6.0,25.0,61.0,19.0,9.0,1.66,2.63,2.82,0.0,4.0,1.0,114.81,89.0,89.01,12.0,0.97,2.43,2.43,5.66,5.71,5.54
847842184793168479981,2025,Greer-Kunin-Gadjovich,FLA,line,5on5,9,3148.0,31.0,0.51,0.4,0.4,16.32,1.37,1.06,4.38,0.52,8.72,5.95,1.34,1.36,1.33,15.0,7.0,14.0,36.0,2.0,0.0,0.0,9.0,0.0,6.0,5.0,13.0,20.0,8.0,19.0,28.0,52.0,3.0,14.0,17.0,4.0,1.0,0.55,0.58,0.24,1.0,0.0,1.0,36.71,22.0,22.19,7.0,0.22,0.0,0.0,1.6,1.58,1.54,22.32,1.31,1.41,6.52,0.82,13.12,9.82,1.31,1.32,1.32,20.0,13.0,21.0,54.0,1.0,2.0,0.0,3.0,0.0,13.0,14.0,19.0,32.0,6.0,15.0,36.0,31.0,4.0,20.0,30.0,3.0,0.0,0.89,0.42,0.0,0.0,1.0,0.0,54.58,33.0,33.38,5.0,0.29,0.05,0.05,1.55,1.56,1.56
847897584827518483524,2025,Marchment-Wright-Winterton,SEA,line,5on5,9,2423.0,42.0,0.67,0.5,0.5,17.62,1.58,1.17,4.55,0.66,9.23,6.81,1.47,1.59,1.47,12.0,12.0,7.0,31.0,2.0,2.0,1.0,2.0,0.0,8.0,10.0,10.0,22.0,2.0,4.0,15.0,14.0,3.0,18.0,16.0,6.0,2.0,0.4,0.73,0.45,0.0,1.0,1.0,30.78,24.0,23.89,9.0,0.24,0.34,0.34,1.49,1.48,1.41,17.02,0.79,1.05,4.77,0.55,9.78,7.06,0.78,0.79,0.79,16.0,8.0,7.0,31.0,2.0,1.0,0.0,7.0,0.0,7.0,7.0,14.0,22.0,3.0,6.0,22.0,26.0,1.0,14.0,23.0,1.0,0.0,0.68,0.11,0.0,2.0,0.0,0.0,32.22,24.0,24.57,7.0,0.21,0.01,0.01,0.99,1.0,0.99
847517084793858480459,2025,Suter-Schenn-Kyrou,STL,line,5on5,7,1205.0,69.0,0.51,0.45,0.41,10.4,1.03,0.67,2.5,0.32,5.45,4.03,1.01,1.01,0.99,9.0,5.0,6.0,20.0,1.0,2.0,1.0,1.0,0.0,6.0,4.0,8.0,13.0,0.0,0.0,8.0,6.0,1.0,6.0,11.0,2.0,1.0,0.31,0.32,0.4,0.0,0.0,1.0,19.22,14.0,13.5,3.0,0.14,0.54,0.54,0.63,0.59,0.59,14.86,1.0,0.81,4.03,0.49,7.65,6.03,0.98,1.04,1.01,13.0,7.0,4.0,24.0,0.0,2.0,0.0,5.0,0.0,6.0,7.0,13.0,20.0,1.0,2.0,14.0,2.0,2.0,5.0,17.0,2.0,1.0,0.42,0.25,0.33,0.0,0.0,0.0,24.97,20.0,20.75,3.0,0.17,0.46,0.46,0.7,0.73,0.72
847804284784018479999,2025,Arvidsson-Zacha-Mittelstadt,BOS,line,5on5,23,13216.0,47.0,0.46,0.49,0.49,105.63,8.39,6.51,26.94,3.62,57.22,43.33,7.61,8.29,7.54,93.0,53.0,58.0,204.0,12.0,14.0,2.0,20.0,0.0,50.0,50.0,81.0,134.0,13.0,28.0,110.0,53.0,15.0,65.0,120.0,19.0,7.0,3.81,2.61,1.97,8.0,3.0,1.0,202.65,146.0,145.26,24.0,1.34,2.2,2.2,7.52,7.46,7.19,109.9,9.88,7.07,28.18,3.79,58.32,42.75,9.48,9.91,9.53,97.0,53.0,66.0,216.0,6.0,10.0,0.0,23.0,0.0,44.0,67.0,91.0,144.0,18.0,36.0,101.0,95.0,19.0,62.0,105.0,35.0,10.0,2.81,4.56,2.51,1.0,4.0,1.0,216.23,150.0,150.16,33.0,1.47,1.69,1.69,9.67,9.78,9.63
84757538481598,2025,Broberg-Faulk,STL,pairing,5on5,36,9133.0,209.0,0.53,0.5,0.49,68.36,7.25,4.58,16.39,2.25,35.25,26.26,6.85,7.24,6.83,65.0,27.0,44.0,136.0,5.0,5.0,0.0,8.0,0.0,34.0,40.0,60.0,87.0,12.0,24.0,69.0,70.0,10.0,43.0,60.0,22.0,10.0,1.67,3.08,2.5,3.0,1.0,1.0,134.69,92.0,90.78,24.0,0.95,1.07,1.21,7.01,6.98,6.65,72.23,6.51,4.79,17.61,2.21,36.66,27.22,6.32,6.53,6.34,71.0,24.0,41.0,136.0,6.0,4.0,1.0,15.0,0.0,35.0,35.0,65.0,89.0,10.0,20.0,75.0,42.0,12.0,47.0,69.0,18.0,8.0,1.9,2.52,2.09,2.0,3.0,1.0,137.44,95.0,95.9,20.0,1.01,1.21,1.21,6.31,6.36,6.26
847646184793368480015,2025,Tippett-Couturier-Grundstrom,PHI,line,5on5,4,1363.0,35.0,0.62,0.53,0.46,7.99,0.81,0.52,1.73,0.28,4.36,3.3,0.78,0.86,0.83,5.0,6.0,6.0,17.0,1.0,1.0,0.0,0.0,0.0,2.0,7.0,4.0,10.0,3.0,6.0,19.0,12.0,1.0,9.0,7.0,3.0,1.0,0.23,0.35,0.23,1.0,0.0,0.0,17.89,11.0,11.52,5.0,0.11,0.16,0.39,0.53,0.56,0.55,9.02,0.51,0.55,2.3,0.3,5.46,3.89,0.5,0.48,0.47,7.0,6.0,2.0,15.0,1.0,0.0,0.0,3.0,0.0,7.0,2.0,6.0,12.0,2.0,4.0,9.0,9.0,1.0,8.0,12.0,1.0,0.0,0.35,0.15,0.0,1.0,0.0,0.0,14.2,13.0,12.4,6.0,0.11,0.0,0.0,0.62,0.58,0.57
847519184784348481133,2025,Reinhardt-Smith-Kolesar,VGK,line,5on5,2,930.0,8.0,0.34,0.53,0.55,8.01,0.32,0.48,2.25,0.26,5.23,3.46,0.32,0.34,0.34,4.0,8.0,5.0,17.0,0.0,1.0,0.0,0.0,0.0,7.0,4.0,4.0,12.0,3.0,9.0,4.0,11.0,2.0,3.0,12.0,0.0,0.0,0.32,0.0,0.0,0.0,0.0,0.0,17.95,12.0,12.65,3.0,0.1,0.07,0.07,0.34,0.37,0.36,7.75,0.63,0.41,1.91,0.24,3.75,3.06,0.63,0.59,0.59,6.0,4.0,5.0,15.0,0.0,0.0,0.0,3.0,0.0,2.0,5.0,6.0,10.0,2.0,7.0,2.0,10.0,1.0,4.0,7.0,2.0,1.0,0.18,0.23,0.22,0.0,0.0,0.0,14.17,10.0,9.51,1.0,0.09,0.0,0.0,0.71,0.67,0.67
848079784810688482074,2025,Farabee-Sharangovich-Zary,CGY,line,5on5,6,1545.0,34.0,0.6,0.47,0.51,13.77,1.44,0.98,3.31,0.46,7.58,5.24,1.41,1.5,1.47,13.0,6.0,5.0,24.0,1.0,3.0,0.0,2.0,0.0,6.0,7.0,12.0,18.0,0.0,0.0,6.0,6.0,2.0,12.0,14.0,3.0,2.0,0.42,0.37,0.64,0.0,1.0,0.0,25.2,19.0,19.93,7.0,0.2,0.69,0.69,0.95,0.99,0.98,13.04,0.95,0.82,3.11,0.41,7.6,5.11,0.95,0.94,0.93,13.0,5.0,9.0,27.0,1.0,0.0,0.0,5.0,0.0,6.0,6.0,12.0,17.0,0.0,0.0,11.0,18.0,3.0,5.0,15.0,2.0,1.0,0.43,0.2,0.32,0.0,1.0,0.0,26.13,18.0,17.53,2.0,0.17,0.0,0.0,1.12,1.1,1.09
847940784800028482110,2025,Bratt-Hischier-Mercer,NJD,line,5on5,5,3011.0,14.0,0.56,0.64,0.56,28.1,3.07,2.0,6.73,0.95,15.54,10.71,2.92,3.13,2.98,23.0,16.0,26.0,65.0,0.0,6.0,0.0,2.0,1.0,16.0,14.0,23.0,39.0,5.0,10.0,34.0,7.0,5.0,12.0,29.0,5.0,5.0,1.08,0.53,1.46,0.0,0.0,0.0,64.91,39.0,38.91,3.0,0.41,1.1,1.1,2.38,2.43,2.28,23.43,2.43,1.69,5.25,0.75,11.93,8.95,2.37,2.33,2.27,16.0,15.0,6.0,37.0,0.0,3.0,0.0,6.0,0.0,7.0,15.0,16.0,31.0,3.0,6.0,25.0,19.0,7.0,14.0,20.0,8.0,3.0,0.66,1.11,0.65,0.0,0.0,0.0,36.05,31.0,30.31,5.0,0.35,0.45,0.45,2.33,2.24,2.2
848161884827758484984,2025,Newhook-Kapanen-Demidov,MTL,line,5on5,17,7960.0,56.0,0.49,0.44,0.44,59.08,5.71,3.7,14.5,1.89,30.99,23.2,5.47,5.77,5.52,50.0,30.0,26.0,106.0,11.0,6.0,3.0,9.0,0.0,24.0,30.0,39.0,69.0,8.0,19.0,58.0,44.0,8.0,37.0,51.0,24.0,5.0,1.44,2.93,1.34,1.0,6.0,4.0,106.42,80.0,80.37,23.0,0.77,1.34,1.34,5.14,5.16,5.05,72.96,5.94,4.49,19.74,2.44,39.19,28.2,5.47,5.96,5.49,64.0,36.0,34.0,134.0,6.0,8.0,0.0,12.0,0.0,40.0,34.0,58.0,94.0,7.0,17.0,74.0,59.0,12.0,32.0,76.0,19.0,5.0,2.09,2.36,1.49,3.0,2.0,1.0,132.79,100.0,98.8,16.0,0.93,1.31,1.31,5.56,5.59,5.23
847937084821468482768,2025,Jost-Svechkov-Evangelista,NSH,line,5on5,12,1795.0,135.0,0.5,0.68,0.7,20.66,1.42,1.21,5.71,0.71,11.01,7.95,1.39,1.45,1.41,22.0,6.0,13.0,41.0,1.0,1.0,1.0,3.0,0.0,11.0,12.0,21.0,27.0,1.0,2.0,10.0,3.0,4.0,4.0,24.0,3.0,1.0,0.76,0.39,0.27,0.0,1.0,0.0,40.65,28.0,27.79,2.0,0.25,0.16,0.16,1.5,1.52,1.49,9.38,1.41,0.72,2.19,0.35,4.38,2.96,1.28,1.34,1.22,10.0,2.0,7.0,19.0,1.0,3.0,1.0,2.0,0.0,2.0,4.0,9.0,11.0,3.0,6.0,15.0,12.0,2.0,5.0,6.0,4.0,2.0,0.26,0.62,0.53,0.0,0.0,1.0,18.78,12.0,11.66,3.0,0.15,0.73,0.73,0.83,0.81,0.8
847794984794208481522,2025,Krebs-Thompson-Tuch,BUF,line,5on5,9,1316.0,78.0,0.66,0.5,0.48,10.46,1.02,0.64,2.47,0.34,5.3,4.23,1.0,1.09,1.07,9.0,5.0,6.0,20.0,2.0,0.0,0.0,0.0,0.0,5.0,7.0,7.0,12.0,1.0,2.0,10.0,8.0,3.0,2.0,10.0,3.0,1.0,0.28,0.47,0.27,0.0,1.0,1.0,21.49,14.0,14.96,1.0,0.14,0.0,0.0,1.16,1.23,1.21,10.46,0.53,0.65,2.31,0.32,6.51,4.68,0.53,0.51,0.51,9.0,6.0,5.0,20.0,1.0,0.0,0.0,2.0,0.0,7.0,5.0,8.0,14.0,1.0,2.0,11.0,10.0,0.0,2.0,15.0,0.0,0.0,0.53,0.0,0.0,1.0,0.0,0.0,19.09,15.0,14.21,0.0,0.13,0.0,0.0,0.66,0.63,0.63
847645584781098480835,2025,Landeskog-Drury-Olofsson,COL,line,5on5,15,4425.0,109.0,0.62,0.58,0.6,50.52,4.43,3.14,13.55,1.68,26.04,19.16,4.32,4.61,4.49,38.0,30.0,21.0,89.0,4.0,3.0,1.0,16.0,0.0,24.0,21.0,34.0,64.0,9.0,21.0,46.0,17.0,8.0,14.0,52.0,12.0,4.0,1.61,1.66,1.15,3.0,0.0,1.0,94.22,68.0,71.37,3.0,0.66,0.75,0.75,4.34,4.53,4.48,32.76,2.73,1.91,8.48,1.09,17.69,13.11,2.58,2.72,2.58,33.0,12.0,19.0,64.0,4.0,4.0,1.0,11.0,0.0,15.0,11.0,29.0,41.0,7.0,17.0,41.0,30.0,7.0,34.0,35.0,7.0,3.0,0.86,0.89,0.98,2.0,1.0,1.0,61.85,45.0,44.13,17.0,0.39,1.04,1.04,2.09,2.06,1.96
847794984800648483500,2025,Ostlund-Norris-Tuch,BUF,line,5on5,8,4921.0,20.0,0.51,0.51,0.51,42.83,3.1,2.71,11.86,1.42,22.35,16.55,3.01,3.17,3.08,41.0,17.0,21.0,79.0,7.0,2.0,1.0,9.0,0.0,19.0,21.0,34.0,51.0,5.0,10.0,58.0,17.0,7.0,25.0,47.0,7.0,4.0,1.31,0.77,1.02,3.0,3.0,1.0,81.51,58.0,59.84,12.0,0.57,0.51,0.51,3.17,3.24,3.19,40.02,2.98,2.58,10.24,1.35,22.25,16.6,2.88,2.87,2.77,33.0,23.0,21.0,77.0,2.0,2.0,1.0,5.0,1.0,22.0,24.0,31.0,54.0,2.0,4.0,47.0,27.0,2.0,21.0,45.0,9.0,2.0,1.35,1.17,0.46,1.0,0.0,1.0,73.88,56.0,54.0,14.0,0.55,0.38,0.38,3.15,3.02,2.94
847698184800748480813,2025,Texier-Veleno-Anderson,MTL,line,5on5,5,681.0,50.0,0.39,0.55,0.53,6.97,0.6,0.43,1.79,0.19,3.22,2.77,0.6,0.62,0.61,7.0,2.0,3.0,12.0,0.0,0.0,0.0,2.0,0.0,3.0,4.0,7.0,9.0,2.0,4.0,7.0,5.0,1.0,8.0,6.0,3.0,0.0,0.18,0.43,0.0,0.0,0.0,0.0,12.13,9.0,9.13,4.0,0.09,0.0,0.0,0.69,0.71,0.71,5.96,0.95,0.4,1.48,0.2,2.8,2.18,0.83,0.92,0.8,6.0,2.0,2.0,10.0,0.0,2.0,0.0,3.0,0.0,2.0,1.0,6.0,8.0,0.0,0.0,5.0,5.0,2.0,3.0,5.0,1.0,2.0,0.12,0.16,0.67,0.0,0.0,0.0,10.03,8.0,7.98,2.0,0.08,0.67,0.67,0.36,0.36,0.35
847906684820748483609,2025,Lomberg-Zary-Klapka,CGY,line,5on5,9,2905.0,38.0,0.52,0.6,0.59,27.68,2.13,1.72,7.21,0.96,15.52,11.47,2.12,2.08,2.08,27.0,12.0,19.0,58.0,0.0,0.0,0.0,12.0,0.0,17.0,10.0,27.0,39.0,3.0,6.0,18.0,47.0,7.0,13.0,29.0,9.0,1.0,0.69,1.16,0.27,0.0,0.0,0.0,56.41,39.0,38.46,8.0,0.35,0.0,0.0,2.48,2.43,2.42,19.89,1.96,1.37,4.82,0.61,10.55,7.68,1.89,1.99,1.9,11.0,16.0,12.0,39.0,0.0,2.0,0.0,1.0,0.0,11.0,13.0,11.0,27.0,1.0,2.0,19.0,28.0,4.0,14.0,19.0,6.0,2.0,0.66,0.81,0.49,0.0,0.0,0.0,40.52,27.0,27.52,8.0,0.29,0.49,0.49,1.76,1.77,1.75
84747168476463,2025,Brodin-Spurgeon,MIN,pairing,5on5,29,7427.0,177.0,0.53,0.48,0.52,61.85,4.97,4.14,15.15,2.12,34.64,24.98,4.82,4.98,4.83,48.0,38.0,21.0,107.0,5.0,4.0,0.0,7.0,0.0,38.0,32.0,43.0,81.0,11.0,22.0,51.0,42.0,15.0,28.0,65.0,16.0,5.0,1.67,2.08,1.22,2.0,2.0,1.0,107.7,86.0,86.77,15.0,0.86,0.52,0.52,5.31,5.29,5.2,56.36,4.49,3.84,14.62,1.85,30.86,22.34,4.38,4.56,4.44,46.0,32.0,36.0,114.0,2.0,6.0,0.0,12.0,0.0,32.0,26.0,44.0,76.0,7.0,14.0,56.0,55.0,6.0,34.0,60.0,13.0,5.0,1.67,1.63,1.2,2.0,0.0,0.0,116.61,78.0,78.99,17.0,0.8,0.77,0.77,4.52,4.55,4.46
848344584841538484762,2025,Gauthier-Carlsson-Sennecke,ANA,line,5on5,22,2364.0,238.0,0.4,0.52,0.54,26.31,1.71,1.5,6.57,0.9,15.11,11.2,1.67,1.64,1.6,18.0,19.0,12.0,49.0,3.0,3.0,1.0,3.0,0.0,18.0,10.0,15.0,34.0,3.0,6.0,18.0,11.0,2.0,15.0,30.0,6.0,1.0,0.81,0.59,0.31,1.0,1.0,1.0,46.59,37.0,35.53,6.0,0.3,0.45,0.45,1.56,1.49,1.47,22.3,2.54,1.51,5.08,0.74,11.86,9.27,2.53,2.67,2.66,21.0,10.0,15.0,46.0,1.0,1.0,0.0,5.0,1.0,9.0,14.0,20.0,30.0,2.0,4.0,21.0,17.0,0.0,18.0,19.0,9.0,3.0,0.57,1.18,0.79,0.0,1.0,0.0,48.42,31.0,32.54,7.0,0.32,0.33,0.33,2.53,2.63,2.63
84780388484258,2025,Toews-Malinski,COL,pairing,5on5,33,2864.0,255.0,0.63,0.67,0.63,32.48,4.01,2.26,7.71,1.07,16.2,11.75,3.84,4.14,3.96,30.0,13.0,15.0,58.0,2.0,5.0,1.0,4.0,0.0,17.0,15.0,28.0,41.0,7.0,14.0,13.0,10.0,4.0,11.0,24.0,13.0,6.0,0.69,1.74,1.58,1.0,1.0,0.0,59.48,43.0,44.2,2.0,0.48,0.9,0.9,3.59,3.71,3.67,18.71,2.31,1.25,4.15,0.58,9.43,7.29,2.14,2.24,2.09,17.0,8.0,4.0,29.0,2.0,2.0,0.0,1.0,0.0,8.0,12.0,15.0,23.0,4.0,8.0,13.0,21.0,4.0,17.0,15.0,6.0,4.0,0.45,0.71,1.15,1.0,0.0,1.0,27.96,25.0,24.0,8.0,0.26,0.59,0.59,1.98,1.96,1.94
84785078480434,2025,Durzi-Marino,UTA,pairing,5on5,15,1244.0,104.0,0.44,0.51,0.44,8.8,0.92,0.6,1.91,0.29,4.54,3.74,0.92,0.91,0.91,7.0,5.0,7.0,19.0,1.0,0.0,0.0,0.0,0.0,5.0,6.0,6.0,11.0,3.0,6.0,3.0,5.0,0.0,12.0,9.0,3.0,0.0,0.52,0.4,0.0,1.0,0.0,0.0,18.75,12.0,11.66,4.0,0.13,0.0,0.0,1.05,1.03,1.03,11.33,1.16,0.74,2.51,0.35,5.72,4.52,1.12,1.11,1.07,8.0,7.0,3.0,18.0,1.0,1.0,0.0,0.0,0.0,6.0,7.0,7.0,14.0,2.0,4.0,0.0,10.0,2.0,1.0,10.0,3.0,2.0,0.36,0.33,0.47,1.0,0.0,0.0,17.54,15.0,14.82,0.0,0.15,0.21,0.21,1.1,1.06,1.04
847576084768978482077,2025,Holloway-Sundqvist-Bjugstad,STL,line,5on5,7,623.0,86.0,0.6,0.5,0.47,5.67,0.7,0.45,1.24,0.16,3.19,2.26,0.7,0.76,0.76,1.0,7.0,3.0,11.0,0.0,0.0,0.0,0.0,0.0,6.0,2.0,1.0,8.0,2.0,4.0,8.0,8.0,3.0,0.0,4.0,3.0,1.0,0.07,0.41,0.21,0.0,0.0,0.0,12.04,8.0,8.32,0.0,0.09,0.0,0.0,0.8,0.86,0.86,6.66,0.46,0.39,1.81,0.22,3.67,2.45,0.46,0.44,0.43,4.0,5.0,2.0,11.0,0.0,0.0,0.0,1.0,0.0,6.0,2.0,4.0,9.0,1.0,2.0,6.0,3.0,3.0,0.0,7.0,1.0,1.0,0.17,0.09,0.2,0.0,0.0,0.0,10.43,9.0,8.62,0.0,0.08,0.0,0.0,0.55,0.52,0.51
848001584815338484387,2025,Tippett-Zegras-Michkov,PHI,line,5on5,15,1310.0,124.0,0.77,0.6,0.59,16.16,1.94,1.11,3.66,0.5,8.49,6.3,1.89,1.94,1.9,15.0,7.0,5.0,27.0,3.0,3.0,0.0,2.0,0.0,6.0,8.0,12.0,19.0,2.0,4.0,5.0,5.0,0.0,11.0,14.0,5.0,3.0,0.5,0.62,0.81,3.0,0.0,0.0,27.09,22.0,22.11,4.0,0.24,0.74,0.74,1.43,1.44,1.42,11.01,0.59,0.56,3.12,0.38,5.93,4.43,0.59,0.63,0.63,8.0,7.0,3.0,18.0,1.0,0.0,0.0,1.0,0.0,8.0,5.0,7.0,14.0,2.0,4.0,18.0,8.0,0.0,6.0,14.0,1.0,0.0,0.45,0.14,0.0,1.0,0.0,0.0,18.79,15.0,15.87,4.0,0.11,0.0,0.0,0.7,0.74,0.74
848045984820778483516,2025,Holloway-Suter-Snuggerud,STL,line,5on5,12,908.0,143.0,0.48,0.54,0.5,8.74,1.07,0.59,2.85,0.28,3.7,2.52,0.91,1.04,0.88,8.0,3.0,8.0,19.0,1.0,2.0,1.0,1.0,0.0,4.0,3.0,7.0,10.0,1.0,2.0,7.0,6.0,1.0,4.0,8.0,0.0,3.0,0.21,0.0,0.86,0.0,0.0,1.0,18.68,11.0,10.98,2.0,0.13,0.58,0.58,0.61,0.6,0.55,8.32,1.15,0.6,1.97,0.29,4.17,2.81,1.03,1.13,1.02,7.0,4.0,5.0,16.0,1.0,2.0,0.0,1.0,0.0,7.0,0.0,6.0,10.0,3.0,6.0,9.0,3.0,3.0,9.0,6.0,2.0,3.0,0.17,0.3,0.67,0.0,0.0,1.0,15.18,11.0,10.62,2.0,0.13,0.47,0.47,0.8,0.79,0.73
847645884775278480068,2025,Johnston-Poehling-Strome,ANA,line,5on5,5,1359.0,41.0,0.64,0.55,0.5,10.75,1.2,0.83,2.83,0.47,6.12,4.55,1.19,1.18,1.17,8.0,8.0,10.0,26.0,2.0,2.0,0.0,4.0,0.0,3.0,5.0,6.0,14.0,1.0,2.0,11.0,18.0,2.0,5.0,9.0,6.0,1.0,0.34,0.65,0.21,0.0,2.0,0.0,25.35,16.0,15.63,4.0,0.17,0.14,0.14,1.23,1.21,1.21,11.82,0.67,0.64,2.87,0.35,6.24,5.22,0.67,0.69,0.68,10.0,6.0,5.0,21.0,2.0,0.0,0.0,6.0,0.0,3.0,5.0,8.0,14.0,1.0,2.0,15.0,8.0,1.0,4.0,13.0,3.0,0.0,0.28,0.4,0.0,1.0,1.0,0.0,21.59,16.0,16.31,3.0,0.13,0.0,0.0,0.8,0.82,0.82
847531484784458481601,2025,Barzal-Lee-Holmstrom,NYI,line,5on5,14,3013.0,125.0,0.6,0.58,0.55,24.94,2.72,1.79,5.86,0.88,13.64,10.11,2.58,2.64,2.5,23.0,12.0,22.0,57.0,4.0,4.0,3.0,10.0,0.0,10.0,7.0,19.0,31.0,4.0,11.0,23.0,12.0,7.0,12.0,22.0,10.0,3.0,0.61,1.25,0.86,1.0,2.0,1.0,55.0,35.0,34.06,6.0,0.37,0.94,0.94,2.15,2.07,2.0,21.59,1.8,1.33,6.22,0.74,10.76,8.14,1.74,1.88,1.82,19.0,10.0,13.0,42.0,0.0,4.0,0.0,5.0,0.0,8.0,12.0,19.0,29.0,4.0,8.0,22.0,22.0,3.0,10.0,21.0,7.0,1.0,0.55,1.01,0.24,0.0,0.0,0.0,43.38,29.0,30.05,6.0,0.28,0.45,0.45,1.62,1.67,1.66
847647984779608483808,2025,Kuzmenko-Danault-Kempe,LAK,line,5on5,6,797.0,89.0,0.33,0.46,0.45,6.52,0.48,0.4,1.66,0.21,3.61,2.63,0.48,0.48,0.48,6.0,3.0,3.0,12.0,0.0,1.0,0.0,1.0,0.0,3.0,4.0,6.0,9.0,0.0,0.0,7.0,6.0,0.0,5.0,6.0,3.0,0.0,0.09,0.4,0.0,0.0,0.0,0.0,12.45,9.0,9.34,1.0,0.08,0.13,0.13,0.44,0.44,0.43,8.4,1.0,0.55,2.04,0.28,4.09,3.04,0.96,1.01,0.97,5.0,6.0,3.0,14.0,1.0,1.0,0.0,0.0,0.0,4.0,5.0,4.0,10.0,0.0,0.0,5.0,4.0,0.0,4.0,5.0,6.0,0.0,0.13,0.86,0.0,0.0,1.0,0.0,14.16,11.0,11.07,2.0,0.11,0.18,0.18,0.93,0.94,0.92
848045984810138484164,2025,Suter-Dvorsky-Berggren,STL,line,5on5,2,830.0,6.0,0.95,0.81,0.79,14.48,1.65,1.11,3.34,0.52,7.39,4.97,1.32,1.59,1.27,14.0,5.0,3.0,22.0,1.0,3.0,0.0,1.0,0.0,11.0,3.0,13.0,18.0,0.0,0.0,2.0,1.0,0.0,3.0,14.0,2.0,3.0,0.48,0.26,0.91,1.0,0.0,0.0,21.73,19.0,18.86,1.0,0.22,0.76,0.76,1.11,1.08,0.93,3.76,0.09,0.13,1.15,0.13,1.76,1.74,0.09,0.1,0.1,3.0,2.0,0.0,5.0,0.0,0.0,0.0,3.0,0.0,0.0,2.0,3.0,5.0,1.0,2.0,6.0,9.0,1.0,4.0,5.0,0.0,0.0,0.09,0.0,0.0,0.0,0.0,0.0,5.16,5.0,5.15,3.0,0.03,0.0,0.0,0.12,0.12,0.12
848089384817168484166,2025,Voronkov-Fantilli-Marchenko,CBJ,line,5on5,23,11634.0,99.0,0.54,0.54,0.55,114.81,11.09,7.83,29.05,3.84,60.0,43.2,10.45,11.4,10.75,92.0,63.0,51.0,206.0,10.0,18.0,3.0,20.0,0.0,59.0,48.0,82.0,145.0,9.0,20.0,102.0,57.0,17.0,77.0,108.0,36.0,11.0,3.26,4.78,3.05,4.0,2.0,4.0,210.61,155.0,159.05,38.0,1.64,3.4,3.4,9.33,9.62,9.34,95.36,9.38,6.22,22.27,3.04,49.74,37.35,9.11,9.28,9.01,84.0,44.0,46.0,174.0,9.0,10.0,1.0,16.0,0.0,48.0,45.0,75.0,119.0,10.0,18.0,105.0,65.0,14.0,52.0,89.0,27.0,12.0,2.68,3.53,3.17,4.0,3.0,2.0,172.29,128.0,126.94,27.0,1.3,2.09,2.09,8.59,8.53,8.39
847902284793368483733,2025,Grundstrom-Abols-Grebenkin,PHI,line,5on5,6,2755.0,25.0,0.39,0.45,0.44,20.04,1.73,1.31,5.09,0.67,10.53,7.66,1.68,1.77,1.71,19.0,8.0,13.0,40.0,4.0,3.0,1.0,5.0,0.0,7.0,8.0,15.0,23.0,3.0,6.0,22.0,19.0,4.0,9.0,20.0,5.0,2.0,0.63,0.63,0.47,2.0,1.0,1.0,40.74,27.0,27.97,6.0,0.27,0.36,0.36,1.65,1.69,1.68,24.95,2.67,1.71,6.21,0.94,13.6,9.88,2.53,2.58,2.45,21.0,14.0,14.0,49.0,2.0,5.0,1.0,5.0,0.0,10.0,13.0,19.0,33.0,1.0,2.0,23.0,27.0,3.0,15.0,23.0,8.0,4.0,0.56,0.92,1.19,0.0,1.0,1.0,48.02,35.0,34.33,6.0,0.35,1.08,1.08,1.94,1.89,1.87
847799884796758481532,2025,Moore-Turcotte-Foegele,LAK,line,5on5,14,1691.0,131.0,0.65,0.6,0.62,21.13,2.07,1.56,5.66,0.73,11.19,7.79,2.0,1.96,1.89,20.0,9.0,8.0,37.0,1.0,3.0,0.0,3.0,0.0,14.0,8.0,19.0,28.0,1.0,2.0,18.0,8.0,4.0,6.0,17.0,11.0,1.0,0.49,1.33,0.24,0.0,1.0,0.0,35.49,29.0,28.07,3.0,0.33,0.49,0.49,1.92,1.83,1.8,13.44,1.12,0.9,3.21,0.42,7.2,5.15,1.1,1.15,1.13,13.0,5.0,7.0,25.0,0.0,1.0,0.0,5.0,0.0,7.0,5.0,13.0,18.0,1.0,2.0,9.0,7.0,2.0,9.0,13.0,5.0,0.0,0.4,0.72,0.0,0.0,0.0,0.0,24.47,18.0,17.76,4.0,0.19,0.13,0.13,1.18,1.21,1.19
848002884820748484180,2025,Honzek-Frost-Zary,CGY,line,5on5,2,839.0,6.0,0.72,0.75,0.75,6.01,0.42,0.41,1.63,0.21,3.85,2.48,0.39,0.4,0.37,6.0,3.0,6.0,15.0,0.0,0.0,0.0,2.0,0.0,2.0,5.0,6.0,9.0,1.0,2.0,7.0,5.0,0.0,3.0,8.0,1.0,0.0,0.29,0.13,0.0,0.0,0.0,0.0,14.28,9.0,8.59,2.0,0.08,0.0,0.0,0.51,0.48,0.45,2.14,0.16,0.12,0.45,0.07,1.31,0.89,0.16,0.17,0.17,2.0,1.0,2.0,5.0,0.0,0.0,0.0,1.0,0.0,1.0,1.0,2.0,3.0,3.0,6.0,11.0,7.0,0.0,5.0,2.0,1.0,0.0,0.03,0.13,0.0,0.0,0.0,0.0,5.16,3.0,3.09,4.0,0.02,0.0,0.0,0.19,0.2,0.2
847637484821778482634,2025,Khusnutdinov-Kuraly-Steeves,BOS,line,5on5,2,695.0,6.0,0.78,0.5,0.62,5.97,0.72,0.47,1.4,0.2,3.09,2.1,0.69,0.75,0.72,6.0,2.0,3.0,11.0,1.0,1.0,0.0,0.0,0.0,4.0,2.0,5.0,7.0,0.0,0.0,4.0,8.0,3.0,3.0,2.0,6.0,0.0,0.06,0.66,0.0,0.0,1.0,0.0,11.47,8.0,8.28,2.0,0.1,0.15,0.15,0.68,0.7,0.68,3.74,0.21,0.25,0.84,0.1,2.15,1.45,0.21,0.21,0.21,4.0,1.0,6.0,11.0,1.0,0.0,0.0,2.0,0.0,1.0,1.0,3.0,4.0,0.0,0.0,4.0,5.0,3.0,4.0,4.0,1.0,0.0,0.11,0.1,0.0,0.0,1.0,0.0,11.11,5.0,5.05,3.0,0.05,0.0,0.0,0.26,0.27,0.27
847579184768738482702,2025,Jankowski-Stankoven-Hall,CAR,line,5on5,3,638.0,17.0,0.54,0.5,0.38,2.05,0.28,0.14,0.52,0.09,1.18,0.79,0.28,0.29,0.29,1.0,2.0,5.0,8.0,0.0,0.0,0.0,0.0,0.0,3.0,0.0,1.0,3.0,1.0,4.0,9.0,2.0,0.0,2.0,2.0,1.0,0.0,0.09,0.2,0.0,0.0,0.0,0.0,7.69,3.0,3.02,1.0,0.03,0.0,0.0,0.31,0.32,0.32,3.86,0.24,0.27,0.64,0.11,2.25,1.5,0.24,0.25,0.25,2.0,3.0,3.0,8.0,0.0,0.0,0.0,1.0,0.0,2.0,2.0,2.0,5.0,0.0,0.0,4.0,3.0,3.0,6.0,5.0,0.0,0.0,0.24,0.0,0.0,0.0,0.0,0.0,8.49,5.0,5.19,6.0,0.06,0.0,0.0,0.3,0.31,0.31
847514984757658478493,2025,Johansson-Eriksson Ek-Tarasenko,MIN,line,5on5,8,1230.0,91.0,0.34,0.38,0.43,9.36,0.71,0.68,2.12,0.34,4.99,4.16,0.69,0.69,0.68,10.0,3.0,3.0,16.0,0.0,2.0,0.0,3.0,0.0,2.0,6.0,10.0,13.0,3.0,8.0,13.0,8.0,2.0,8.0,11.0,2.0,0.0,0.44,0.27,0.0,0.0,0.0,0.0,15.76,13.0,12.73,3.0,0.14,0.16,0.16,0.69,0.68,0.68,12.82,1.35,0.8,3.35,0.46,6.42,4.63,1.14,1.38,1.17,11.0,6.0,9.0,26.0,1.0,1.0,0.0,0.0,0.0,5.0,10.0,10.0,16.0,4.0,8.0,14.0,3.0,2.0,2.0,12.0,4.0,1.0,0.49,0.56,0.3,1.0,0.0,0.0,26.09,17.0,17.23,1.0,0.17,0.19,0.19,1.32,1.35,1.24
84768698483565,2025,Skjei-Blankenburg,NSH,pairing,5on5,13,622.0,104.0,0.56,0.67,0.65,8.65,0.73,0.61,1.86,0.3,5.39,4.1,0.71,0.7,0.68,7.0,6.0,3.0,16.0,1.0,0.0,0.0,0.0,0.0,4.0,8.0,6.0,12.0,0.0,0.0,0.0,3.0,0.0,0.0,10.0,3.0,0.0,0.39,0.34,0.0,0.0,1.0,0.0,14.89,13.0,12.36,0.0,0.13,0.0,0.0,0.86,0.82,0.8,5.21,0.59,0.3,1.08,0.15,2.87,2.02,0.58,0.64,0.64,6.0,1.0,1.0,8.0,2.0,0.0,0.0,2.0,0.0,2.0,1.0,4.0,5.0,1.0,2.0,2.0,2.0,0.0,2.0,5.0,1.0,1.0,0.14,0.12,0.33,0.0,1.0,1.0,8.76,7.0,7.57,1.0,0.06,0.0,0.0,0.65,0.71,0.7
847844484788568482079,2025,Boeser-Rossi-Garland,VAN,line,5on5,7,1290.0,73.0,0.3,0.33,0.32,6.54,0.81,0.48,1.46,0.2,3.45,2.59,0.79,0.87,0.85,9.0,0.0,6.0,15.0,1.0,1.0,0.0,1.0,0.0,2.0,4.0,8.0,8.0,1.0,2.0,10.0,4.0,1.0,8.0,6.0,2.0,1.0,0.18,0.3,0.33,0.0,1.0,0.0,16.04,9.0,9.64,4.0,0.1,0.33,0.33,0.57,0.61,0.6,14.52,1.92,0.98,3.67,0.48,6.92,5.02,1.85,1.91,1.84,12.0,7.0,11.0,30.0,1.0,2.0,0.0,1.0,0.0,8.0,7.0,11.0,18.0,2.0,4.0,9.0,6.0,1.0,7.0,9.0,7.0,3.0,0.21,1.02,0.69,0.0,0.0,1.0,29.25,19.0,19.07,3.0,0.21,0.42,0.42,1.71,1.71,1.7
847341984774098477935,2025,Marchand-Bennett-Verhaeghe,FLA,line,5on5,24,10378.0,122.0,0.5,0.5,0.48,102.61,10.42,6.89,25.59,3.45,52.29,37.36,10.04,10.36,9.98,88.0,48.0,50.0,186.0,11.0,10.0,1.0,21.0,0.0,45.0,49.0,77.0,125.0,10.0,18.0,80.0,66.0,13.0,51.0,91.0,35.0,10.0,3.24,4.49,2.7,1.0,7.0,3.0,185.12,136.0,134.85,30.0,1.44,1.6,1.6,10.27,10.17,9.95,106.17,10.54,6.86,25.86,3.52,56.06,42.15,10.17,10.67,10.29,97.0,48.0,38.0,183.0,12.0,11.0,2.0,20.0,0.0,54.0,48.0,85.0,133.0,10.0,20.0,98.0,51.0,33.0,60.0,99.0,37.0,9.0,3.06,4.9,2.59,5.0,6.0,1.0,185.26,145.0,147.09,30.0,1.43,2.12,2.12,9.85,10.03,9.85
84820728484258,2025,Ahcan-Malinski,COL,pairing,5on5,6,2911.0,17.0,0.69,0.65,0.65,39.4,4.46,2.81,9.18,1.31,20.37,14.86,4.36,4.72,4.61,35.0,18.0,18.0,71.0,4.0,4.0,1.0,6.0,0.0,21.0,18.0,31.0,49.0,2.0,7.0,23.0,20.0,3.0,10.0,34.0,13.0,6.0,1.23,1.65,1.58,2.0,1.0,1.0,77.11,53.0,56.31,4.0,0.59,0.96,0.96,4.09,4.32,4.25,20.69,2.02,1.27,5.03,0.68,10.86,8.13,1.98,1.93,1.88,17.0,11.0,11.0,39.0,0.0,3.0,0.0,4.0,0.0,12.0,9.0,17.0,28.0,7.0,17.0,21.0,25.0,2.0,18.0,21.0,5.0,2.0,0.66,0.75,0.61,0.0,0.0,0.0,37.31,28.0,26.96,11.0,0.26,0.65,0.65,1.64,1.58,1.56
847410284802088482116,2025,Perron-Sttzle-Batherson,OTT,line,5on5,17,5062.0,140.0,0.54,0.5,0.52,43.52,4.13,3.13,11.43,1.61,24.75,16.96,4.04,4.16,4.06,36.0,26.0,16.0,78.0,4.0,7.0,0.0,9.0,0.0,24.0,18.0,32.0,58.0,5.0,10.0,32.0,42.0,10.0,25.0,45.0,13.0,4.0,1.39,1.58,1.15,2.0,2.0,0.0,79.41,62.0,63.08,12.0,0.65,0.95,0.95,3.83,3.85,3.79,41.16,3.5,2.54,10.09,1.34,22.91,16.62,3.29,3.46,3.26,45.0,12.0,20.0,77.0,1.0,5.0,1.0,13.0,0.0,25.0,13.0,44.0,56.0,7.0,14.0,37.0,37.0,6.0,24.0,43.0,9.0,5.0,1.04,1.08,1.38,0.0,0.0,1.0,75.49,57.0,55.7,10.0,0.52,1.29,1.29,2.73,2.68,2.65
847518484827458484762,2025,Kreider-Mctavish-Sennecke,ANA,line,5on5,14,3839.0,106.0,0.59,0.56,0.55,35.11,3.47,2.22,9.64,1.28,18.03,13.36,3.3,3.37,3.21,25.0,23.0,26.0,74.0,4.0,5.0,0.0,4.0,0.0,19.0,16.0,21.0,44.0,5.0,12.0,37.0,24.0,5.0,19.0,35.0,8.0,5.0,1.06,1.02,1.38,3.0,0.0,1.0,70.63,48.0,46.35,10.0,0.46,1.04,1.04,2.9,2.81,2.77,28.69,2.36,1.93,6.42,0.91,16.48,11.89,2.34,2.42,2.4,24.0,16.0,19.0,59.0,3.0,2.0,1.0,8.0,0.0,13.0,14.0,21.0,37.0,4.0,8.0,25.0,26.0,4.0,20.0,31.0,6.0,3.0,0.85,0.79,0.73,1.0,0.0,2.0,61.28,40.0,41.44,10.0,0.4,0.45,0.45,2.32,2.39,2.38
847341984821138482713,2025,Marchand-Lundell-Samoskevich,FLA,line,5on5,7,4019.0,15.0,0.41,0.47,0.46,39.37,3.47,2.7,9.32,1.28,21.91,15.32,3.37,3.4,3.31,30.0,24.0,16.0,70.0,2.0,3.0,1.0,5.0,0.0,25.0,19.0,28.0,52.0,1.0,2.0,35.0,30.0,3.0,14.0,42.0,10.0,2.0,1.44,1.34,0.69,1.0,0.0,1.0,70.08,54.0,53.91,8.0,0.56,0.7,0.7,3.33,3.3,3.28,47.65,5.08,3.0,12.32,1.67,23.93,18.01,4.75,5.19,4.85,45.0,19.0,14.0,78.0,5.0,11.0,1.0,4.0,0.0,23.0,21.0,40.0,59.0,8.0,18.0,39.0,24.0,3.0,24.0,44.0,13.0,7.0,1.26,1.78,2.03,4.0,0.0,1.0,77.86,64.0,63.89,9.0,0.63,2.6,2.6,3.11,3.13,3.05
847645384780108479542,2025,Hagel-Point-Kucherov,TBL,line,5on5,16,3590.0,129.0,0.55,0.51,0.52,32.36,2.6,2.2,7.38,1.09,17.8,13.93,2.55,2.77,2.72,24.0,21.0,20.0,65.0,2.0,3.0,0.0,6.0,0.0,13.0,21.0,22.0,43.0,4.0,8.0,25.0,13.0,4.0,17.0,36.0,8.0,1.0,1.3,1.08,0.22,2.0,0.0,0.0,68.41,45.0,48.15,4.0,0.45,0.4,0.4,2.65,2.83,2.79,29.84,2.16,1.84,7.64,0.99,16.93,12.45,2.15,2.14,2.13,28.0,14.0,20.0,62.0,1.0,2.0,0.0,7.0,0.0,11.0,21.0,27.0,41.0,2.0,4.0,28.0,22.0,5.0,8.0,34.0,7.0,1.0,1.03,0.91,0.21,1.0,0.0,0.0,61.12,42.0,41.38,5.0,0.38,0.04,0.04,2.49,2.47,2.45
847740784842218484958,2025,Duclair-Ritchie-Tsyplakov,NYI,line,5on5,5,620.0,69.0,0.73,0.5,0.5,5.83,0.79,0.42,1.31,0.19,3.12,2.17,0.73,0.79,0.74,5.0,3.0,0.0,8.0,1.0,1.0,0.0,1.0,0.0,3.0,2.0,4.0,7.0,1.0,2.0,6.0,4.0,0.0,6.0,4.0,2.0,2.0,0.07,0.24,0.48,0.0,1.0,0.0,8.01,8.0,7.98,3.0,0.09,0.26,0.26,0.61,0.62,0.62,5.68,0.29,0.32,1.56,0.18,3.31,2.33,0.29,0.29,0.29,6.0,2.0,0.0,8.0,0.0,0.0,0.0,3.0,0.0,2.0,3.0,6.0,8.0,0.0,0.0,6.0,3.0,1.0,3.0,7.0,1.0,0.0,0.21,0.09,0.0,0.0,0.0,0.0,8.3,8.0,8.33,2.0,0.07,0.0,0.0,0.36,0.36,0.36
84810568483565,2025,Stastney-Blankenburg,NSH,pairing,5on5,14,5758.0,71.0,0.61,0.63,0.64,64.31,7.12,4.57,16.12,2.15,34.42,23.62,6.88,7.04,6.81,56.0,32.0,32.0,120.0,5.0,9.0,0.0,10.0,1.0,38.0,25.0,51.0,83.0,13.0,34.0,54.0,39.0,5.0,23.0,61.0,14.0,13.0,1.59,1.79,3.73,1.0,0.0,4.0,118.03,88.0,86.57,10.0,0.96,1.96,1.96,6.12,6.1,6.01,38.38,4.53,2.47,9.76,1.24,18.03,13.96,4.17,4.85,4.45,35.0,15.0,21.0,71.0,1.0,6.0,0.0,10.0,0.0,13.0,20.0,34.0,49.0,8.0,22.0,36.0,45.0,12.0,41.0,37.0,6.0,7.0,1.28,0.96,2.29,1.0,0.0,0.0,74.04,50.0,52.25,31.0,0.53,1.79,1.79,3.27,3.48,3.43
847795684821778483489,2025,Khusnutdinov-Minten-Pastrnak,BOS,line,5on5,8,2404.0,54.0,0.44,0.55,0.55,25.13,2.45,1.81,5.41,0.78,13.69,9.86,2.36,2.61,2.53,21.0,13.0,13.0,47.0,4.0,1.0,0.0,3.0,0.0,10.0,16.0,17.0,30.0,3.0,6.0,14.0,7.0,7.0,10.0,23.0,8.0,3.0,0.84,0.88,0.72,2.0,2.0,0.0,49.84,34.0,36.27,7.0,0.37,0.27,0.27,2.55,2.74,2.66,21.1,3.05,1.49,5.41,0.88,9.98,7.19,2.66,2.83,2.48,18.0,10.0,10.0,38.0,1.0,5.0,0.0,7.0,0.0,7.0,8.0,17.0,27.0,0.0,0.0,26.0,16.0,5.0,11.0,17.0,4.0,7.0,0.41,0.6,2.04,0.0,0.0,1.0,35.01,28.0,26.24,4.0,0.32,1.28,1.28,2.09,1.98,1.95
84820948482122,2025,Hunt-Faber,MIN,pairing,5on5,5,1198.0,34.0,0.35,0.24,0.27,5.41,0.56,0.41,1.1,0.14,2.86,1.93,0.56,0.57,0.57,5.0,2.0,2.0,9.0,1.0,0.0,0.0,0.0,0.0,4.0,2.0,4.0,6.0,3.0,6.0,11.0,10.0,2.0,7.0,4.0,3.0,0.0,0.17,0.39,0.0,0.0,1.0,0.0,9.19,7.0,7.2,2.0,0.09,0.0,0.0,0.64,0.66,0.66,13.39,1.05,0.89,3.38,0.44,7.77,5.48,1.02,1.08,1.06,9.0,10.0,10.0,29.0,0.0,2.0,0.0,4.0,0.0,7.0,6.0,9.0,19.0,1.0,2.0,12.0,12.0,2.0,6.0,16.0,2.0,1.0,0.37,0.28,0.4,0.0,0.0,0.0,29.32,19.0,19.04,3.0,0.18,0.41,0.41,0.81,0.83,0.82
84793788480145,2025,Stanley-Pionk,WPG,pairing,5on5,32,12450.0,144.0,0.41,0.45,0.42,94.0,8.79,6.07,23.46,3.17,50.81,37.7,8.57,9.05,8.83,77.0,53.0,61.0,191.0,8.0,8.0,2.0,17.0,0.0,51.0,46.0,69.0,122.0,15.0,30.0,106.0,105.0,9.0,59.0,94.0,26.0,10.0,2.6,3.0,3.18,4.0,1.0,3.0,197.09,130.0,132.91,36.0,1.26,1.93,1.93,8.12,8.32,8.22,127.73,12.84,8.98,32.94,4.51,67.81,48.92,12.11,12.65,11.93,114.0,62.0,62.0,238.0,3.0,26.0,0.0,33.0,0.0,71.0,43.0,111.0,173.0,14.0,28.0,70.0,77.0,11.0,55.0,125.0,33.0,18.0,3.36,4.28,5.19,2.0,1.0,0.0,233.62,176.0,173.65,26.0,1.87,4.9,4.9,9.81,9.66,9.42
847579884775278480068,2025,Johnston-Poehling-Granlund,ANA,line,5on5,5,1511.0,35.0,0.38,0.4,0.41,12.12,1.22,0.76,3.21,0.43,6.63,4.74,1.19,1.26,1.23,13.0,4.0,6.0,23.0,0.0,1.0,0.0,3.0,0.0,4.0,9.0,13.0,17.0,1.0,2.0,12.0,12.0,2.0,4.0,13.0,2.0,2.0,0.45,0.31,0.46,0.0,0.0,0.0,24.03,17.0,17.49,2.0,0.16,0.24,0.24,1.15,1.18,1.15,15.84,1.99,1.21,4.05,0.62,9.59,6.54,1.89,1.93,1.84,17.0,7.0,11.0,35.0,1.0,2.0,1.0,0.0,0.0,12.0,9.0,16.0,23.0,0.0,0.0,13.0,7.0,6.0,6.0,19.0,3.0,2.0,0.82,0.45,0.71,0.0,0.0,1.0,34.09,24.0,23.57,3.0,0.25,0.71,0.71,1.52,1.48,1.41
847516684817118482720,2025,Maccelli-Tavares-Knies,TOR,line,5on5,8,3659.0,24.0,0.58,0.49,0.53,33.89,2.65,2.37,8.52,1.09,18.49,12.88,2.61,2.63,2.59,30.0,16.0,13.0,59.0,3.0,2.0,0.0,11.0,0.0,12.0,18.0,27.0,43.0,1.0,2.0,27.0,26.0,6.0,13.0,33.0,13.0,0.0,0.93,1.72,0.0,1.0,2.0,0.0,58.27,46.0,45.51,9.0,0.49,0.25,0.25,2.89,2.86,2.83,30.09,1.92,1.88,7.88,0.96,16.38,11.97,1.89,1.91,1.88,28.0,13.0,21.0,62.0,6.0,2.0,1.0,5.0,0.0,17.0,11.0,22.0,35.0,3.0,6.0,35.0,19.0,3.0,18.0,34.0,6.0,1.0,1.01,0.7,0.21,3.0,3.0,0.0,63.03,41.0,41.54,7.0,0.39,0.17,0.17,2.14,2.13,2.11
84799828480807,2025,Samuelsson-Timmins,BUF,pairing,5on5,31,4375.0,212.0,0.38,0.4,0.39,35.93,3.06,2.39,8.87,1.15,19.15,13.38,2.92,3.0,2.87,32.0,16.0,15.0,63.0,2.0,5.0,1.0,10.0,0.0,14.0,17.0,30.0,46.0,10.0,20.0,31.0,27.0,6.0,19.0,33.0,11.0,4.0,0.86,1.2,0.99,0.0,0.0,2.0,61.13,48.0,47.06,11.0,0.5,1.09,0.95,2.6,2.58,2.52,53.72,4.9,3.51,13.33,1.89,28.73,21.63,4.78,4.94,4.82,49.0,25.0,20.0,94.0,6.0,8.0,2.0,5.0,0.0,34.0,21.0,43.0,68.0,7.0,14.0,34.0,27.0,7.0,10.0,52.0,16.0,6.0,1.28,1.97,1.66,2.0,1.0,3.0,95.89,74.0,75.08,5.0,0.73,1.73,1.73,3.9,3.95,3.91
847516984788568480012,2025,Kane-Pettersson-Garland,VAN,line,5on5,16,5696.0,90.0,0.48,0.48,0.49,61.77,5.98,4.07,15.14,2.01,32.71,23.1,5.64,5.82,5.5,50.0,33.0,28.0,111.0,2.0,13.0,1.0,7.0,0.0,34.0,27.0,48.0,81.0,4.0,11.0,50.0,27.0,10.0,31.0,60.0,13.0,10.0,1.81,1.45,2.71,0.0,0.0,2.0,106.18,83.0,79.71,13.0,0.84,2.5,2.5,4.32,4.22,4.1,64.93,6.52,4.39,16.29,2.2,33.57,25.02,6.19,6.66,6.33,55.0,33.0,33.0,121.0,3.0,3.0,0.0,15.0,0.0,32.0,35.0,52.0,85.0,10.0,23.0,56.0,25.0,10.0,19.0,59.0,23.0,6.0,1.83,3.07,1.62,0.0,3.0,0.0,123.24,88.0,90.08,10.0,0.94,0.8,0.8,6.66,6.82,6.58
84764418479998,2025,Anderson-Edmundson,LAK,pairing,5on5,34,6017.0,219.0,0.48,0.41,0.42,45.39,3.41,2.95,11.75,1.42,25.35,18.12,3.29,3.41,3.28,38.0,25.0,11.0,74.0,3.0,5.0,0.0,8.0,0.0,24.0,23.0,35.0,60.0,5.0,13.0,31.0,29.0,4.0,26.0,52.0,7.0,4.0,1.44,1.01,0.97,2.0,1.0,0.0,73.48,63.0,62.37,20.0,0.6,0.93,0.93,3.08,3.06,3.03,61.78,3.63,3.67,16.21,2.06,34.4,26.02,3.56,3.71,3.64,53.0,33.0,19.0,105.0,1.0,6.0,1.0,15.0,0.0,30.0,34.0,52.0,85.0,3.0,9.0,46.0,37.0,14.0,26.0,73.0,12.0,1.0,2.02,1.4,0.21,0.0,0.0,1.0,105.48,86.0,86.2,7.0,0.75,0.74,0.77,3.61,3.66,3.61
847181784766248482859,2025,Goodrow-Ostapchuk-Reaves,SJS,line,5on5,16,6783.0,58.0,0.44,0.45,0.47,45.3,4.29,3.17,11.83,1.62,23.77,17.33,4.11,4.24,4.06,44.0,18.0,26.0,88.0,3.0,11.0,1.0,6.0,0.0,23.0,19.0,41.0,59.0,9.0,18.0,64.0,110.0,7.0,30.0,46.0,10.0,6.0,1.22,1.46,1.6,1.0,1.0,1.0,87.78,62.0,61.92,12.0,0.67,1.65,1.65,3.3,3.25,3.21,49.99,5.51,3.73,11.89,1.72,26.69,19.46,5.14,5.47,5.11,52.0,17.0,37.0,106.0,2.0,8.0,0.0,10.0,0.0,26.0,23.0,50.0,67.0,6.0,12.0,60.0,36.0,7.0,29.0,45.0,16.0,8.0,1.32,2.07,2.12,1.0,0.0,1.0,106.58,69.0,69.21,16.0,0.78,1.68,1.68,4.6,4.61,4.53
847167584758108478438,2025,Novak-Crosby-Rust,PIT,line,5on5,8,2963.0,47.0,0.58,0.5,0.54,29.76,3.04,2.22,7.49,1.05,16.01,11.19,2.77,2.96,2.7,22.0,19.0,15.0,56.0,3.0,6.0,1.0,2.0,0.0,16.0,14.0,19.0,38.0,0.0,0.0,37.0,14.0,3.0,17.0,28.0,9.0,4.0,0.98,1.02,1.03,1.0,2.0,0.0,53.88,41.0,39.54,9.0,0.47,0.67,0.67,2.85,2.79,2.63,25.85,2.21,1.75,6.08,0.86,13.58,10.52,2.12,2.29,2.19,26.0,9.0,20.0,55.0,3.0,3.0,0.0,8.0,0.0,10.0,11.0,23.0,32.0,4.0,8.0,24.0,8.0,5.0,15.0,25.0,8.0,2.0,0.77,0.89,0.56,3.0,0.0,0.0,56.85,35.0,36.26,10.0,0.37,0.52,0.52,2.06,2.16,2.1
84752008475906,2025,Orlov-Klingberg,SJS,pairing,5on5,29,12705.0,118.0,0.52,0.54,0.51,111.27,11.48,7.53,27.33,3.75,56.91,43.0,11.02,11.31,10.85,90.0,60.0,71.0,221.0,13.0,16.0,1.0,22.0,0.0,46.0,53.0,77.0,137.0,6.0,12.0,101.0,76.0,19.0,69.0,108.0,27.0,15.0,3.35,3.52,4.61,7.0,3.0,3.0,218.95,150.0,148.58,35.0,1.58,2.93,2.93,10.13,10.04,9.9,107.72,10.59,7.3,26.07,3.53,56.82,42.68,9.84,10.6,9.83,106.0,41.0,42.0,189.0,10.0,14.0,2.0,18.0,0.0,53.0,52.0,96.0,137.0,16.0,32.0,108.0,67.0,11.0,61.0,108.0,24.0,15.0,3.35,3.24,4.0,3.0,4.0,3.0,191.39,147.0,148.08,33.0,1.53,2.91,2.91,9.21,9.19,8.82
847750084784458482476,2025,Heineman-Horvat-Barzal,NYI,line,5on5,9,3432.0,50.0,0.59,0.6,0.56,33.72,3.82,2.04,8.51,1.04,17.33,12.25,3.57,3.77,3.52,35.0,10.0,20.0,65.0,3.0,4.0,0.0,11.0,0.0,17.0,10.0,32.0,42.0,6.0,14.0,35.0,24.0,6.0,16.0,30.0,10.0,5.0,0.97,1.28,1.58,2.0,1.0,0.0,64.49,45.0,44.76,6.0,0.42,1.23,1.23,3.01,2.98,2.92,26.78,2.7,1.6,6.51,0.85,12.78,10.56,2.63,2.73,2.65,21.0,14.0,9.0,44.0,4.0,2.0,1.0,3.0,0.0,14.0,12.0,17.0,31.0,3.0,6.0,18.0,11.0,4.0,20.0,23.0,8.0,4.0,0.49,1.11,1.11,0.0,3.0,1.0,43.84,35.0,34.58,12.0,0.33,0.6,0.6,2.43,2.45,2.41
847847484788318479977,2025,Crouse-Stenlund-Yamamoto,UTA,line,5on5,4,688.0,48.0,0.27,0.48,0.44,8.1,0.41,0.37,2.03,0.25,4.39,3.54,0.41,0.42,0.42,6.0,5.0,4.0,15.0,0.0,0.0,0.0,2.0,0.0,5.0,4.0,6.0,11.0,1.0,2.0,8.0,3.0,0.0,11.0,9.0,2.0,0.0,0.16,0.25,0.0,0.0,0.0,0.0,15.08,11.0,10.89,5.0,0.08,0.0,0.0,0.49,0.5,0.5,9.67,1.09,0.65,2.67,0.37,5.36,3.85,1.07,1.06,1.04,10.0,4.0,2.0,16.0,0.0,2.0,0.0,2.0,0.0,7.0,3.0,10.0,14.0,1.0,2.0,10.0,3.0,0.0,10.0,8.0,4.0,2.0,0.19,0.41,0.5,0.0,0.0,0.0,15.93,14.0,13.95,5.0,0.14,0.5,0.5,0.73,0.7,0.69
84785008481161,2025,Provorov-Christiansen,CBJ,pairing,5on5,13,629.0,119.0,0.79,0.56,0.57,6.45,0.98,0.3,1.54,0.23,2.33,2.62,0.94,0.93,0.89,6.0,2.0,2.0,10.0,0.0,2.0,0.0,0.0,0.0,2.0,4.0,6.0,8.0,0.0,0.0,2.0,3.0,0.0,4.0,6.0,0.0,2.0,0.17,0.0,0.81,0.0,0.0,0.0,9.83,8.0,7.75,1.0,0.06,0.81,0.81,0.23,0.23,0.21,4.34,0.26,0.23,1.26,0.16,2.34,1.75,0.26,0.27,0.27,2.0,4.0,2.0,8.0,0.0,0.0,0.0,0.0,0.0,3.0,3.0,2.0,6.0,0.0,0.0,2.0,3.0,0.0,2.0,5.0,1.0,0.0,0.15,0.11,0.0,0.0,0.0,0.0,8.12,6.0,6.09,2.0,0.05,0.0,0.0,0.3,0.31,0.31
84788828482073,2025,Gavrikov-Schneider,NYR,pairing,5on5,35,15976.0,138.0,0.46,0.45,0.45,112.35,10.6,7.29,28.62,3.79,60.17,43.52,9.95,10.72,10.05,94.0,60.0,64.0,218.0,6.0,15.0,0.0,18.0,0.0,53.0,62.0,88.0,148.0,9.0,18.0,132.0,141.0,20.0,71.0,109.0,33.0,12.0,2.81,4.25,3.55,4.0,2.0,0.0,216.43,154.0,153.46,39.0,1.52,3.53,3.53,8.6,8.69,8.57,132.59,12.27,8.72,32.96,4.59,72.07,54.39,11.86,12.33,11.92,121.0,64.0,81.0,266.0,12.0,17.0,2.0,23.0,0.0,66.0,67.0,109.0,173.0,11.0,24.0,109.0,99.0,25.0,65.0,140.0,31.0,14.0,4.42,3.97,3.89,6.0,4.0,2.0,268.36,185.0,187.14,34.0,1.81,3.4,3.4,10.68,10.76,10.61
847740684775088481491,2025,Janmark-Philp-Lazar,EDM,line,5on5,5,1016.0,27.0,0.51,0.61,0.6,6.85,0.47,0.4,1.95,0.26,3.11,2.82,0.45,0.48,0.46,5.0,4.0,5.0,14.0,0.0,0.0,0.0,1.0,0.0,6.0,2.0,5.0,9.0,0.0,0.0,11.0,9.0,0.0,2.0,8.0,0.0,1.0,0.24,0.0,0.23,0.0,0.0,0.0,14.1,9.0,9.12,2.0,0.08,0.0,0.0,0.56,0.57,0.54,3.96,0.46,0.29,0.86,0.15,2.45,1.8,0.44,0.46,0.44,6.0,0.0,3.0,9.0,2.0,1.0,0.0,0.0,0.0,1.0,2.0,4.0,4.0,1.0,2.0,7.0,7.0,0.0,6.0,5.0,0.0,1.0,0.22,0.0,0.24,2.0,0.0,0.0,9.14,6.0,6.18,4.0,0.06,0.24,0.24,0.28,0.28,0.27
848084284809808481481,2025,Hallander-Lizotte-Dewar,PIT,line,5on5,5,888.0,32.0,0.17,0.33,0.35,4.84,0.28,0.3,1.44,0.16,2.91,1.92,0.28,0.3,0.3,5.0,2.0,1.0,8.0,0.0,0.0,0.0,0.0,0.0,3.0,4.0,5.0,7.0,2.0,4.0,9.0,7.0,0.0,3.0,6.0,1.0,0.0,0.16,0.12,0.0,0.0,0.0,0.0,9.18,7.0,7.88,2.0,0.06,0.0,0.0,0.34,0.37,0.37,10.04,1.33,0.79,2.26,0.32,4.89,3.41,1.23,1.26,1.17,7.0,6.0,3.0,16.0,1.0,2.0,1.0,0.0,0.0,3.0,7.0,6.0,12.0,1.0,2.0,7.0,10.0,1.0,6.0,7.0,3.0,3.0,0.22,0.41,0.69,0.0,0.0,1.0,15.16,13.0,12.28,1.0,0.17,0.49,0.49,1.01,0.94,0.93
84794028481167,2025,Bean-Pachal,CGY,pairing,5on5,7,4702.0,21.0,0.64,0.52,0.54,44.61,4.12,2.86,11.81,1.61,23.74,16.85,3.99,4.07,3.94,40.0,21.0,21.0,82.0,4.0,5.0,1.0,10.0,0.0,18.0,24.0,36.0,57.0,7.0,14.0,35.0,36.0,6.0,19.0,42.0,15.0,4.0,1.18,1.76,1.18,1.0,2.0,1.0,80.85,61.0,60.62,10.0,0.59,1.31,1.31,3.4,3.37,3.31,34.57,2.29,2.24,9.16,1.21,21.1,15.0,2.28,2.33,2.33,27.0,24.0,25.0,76.0,6.0,0.0,0.0,10.0,0.0,14.0,21.0,21.0,45.0,7.0,16.0,33.0,30.0,7.0,26.0,44.0,6.0,1.0,1.31,0.75,0.23,4.0,2.0,0.0,78.01,51.0,52.03,11.0,0.46,0.0,0.0,2.75,2.81,2.79
847749684779568482177,2025,Khusnutdinov-Lindholm-Pastrnak,BOS,line,5on5,10,1728.0,85.0,0.74,0.63,0.58,10.91,0.81,0.73,2.39,0.34,6.04,4.68,0.79,0.78,0.76,8.0,7.0,12.0,27.0,2.0,1.0,0.0,1.0,0.0,7.0,4.0,6.0,13.0,7.0,14.0,19.0,9.0,5.0,7.0,12.0,2.0,1.0,0.36,0.2,0.25,2.0,0.0,0.0,26.25,15.0,14.87,4.0,0.15,0.25,0.25,0.71,0.7,0.69,7.51,0.28,0.42,2.31,0.28,4.43,3.28,0.28,0.3,0.3,4.0,7.0,5.0,16.0,0.0,0.0,0.0,2.0,0.0,6.0,3.0,4.0,11.0,2.0,4.0,14.0,12.0,2.0,16.0,10.0,1.0,0.0,0.19,0.09,0.0,0.0,0.0,0.0,16.73,11.0,11.65,9.0,0.09,0.0,0.0,0.37,0.39,0.38
84752008482861,2025,Orlov-Iorio,SJS,pairing,5on5,12,873.0,91.0,0.27,0.44,0.33,4.0,0.3,0.3,1.0,0.16,2.33,1.91,0.3,0.29,0.29,4.0,2.0,5.0,11.0,0.0,1.0,0.0,1.0,0.0,1.0,3.0,4.0,6.0,2.0,7.0,3.0,7.0,2.0,5.0,5.0,1.0,0.0,0.15,0.15,0.0,0.0,0.0,0.0,10.69,6.0,5.81,2.0,0.06,0.01,0.01,0.35,0.34,0.34,8.62,0.81,0.53,2.21,0.28,4.5,3.67,0.8,0.82,0.81,10.0,2.0,2.0,14.0,2.0,1.0,1.0,0.0,0.0,4.0,5.0,8.0,10.0,2.0,7.0,3.0,7.0,0.0,1.0,8.0,3.0,1.0,0.17,0.39,0.25,1.0,1.0,0.0,14.36,12.0,12.44,1.0,0.11,0.16,0.16,0.76,0.74,0.73
847516984788568480078,2025,Kane-Chytil-Garland,VAN,line,5on5,5,1155.0,45.0,0.44,0.55,0.47,11.49,1.3,0.82,2.6,0.4,6.24,4.64,1.25,1.28,1.24,11.0,5.0,7.0,23.0,1.0,1.0,0.0,3.0,0.0,6.0,5.0,10.0,15.0,3.0,6.0,12.0,9.0,2.0,2.0,11.0,2.0,3.0,0.23,0.32,0.74,0.0,1.0,0.0,22.35,16.0,15.49,2.0,0.17,0.26,0.26,1.21,1.21,1.21,14.44,1.66,0.98,3.2,0.41,6.32,5.44,1.64,1.68,1.67,12.0,6.0,1.0,19.0,0.0,2.0,0.0,1.0,0.0,4.0,11.0,12.0,18.0,0.0,0.0,7.0,8.0,3.0,8.0,10.0,6.0,2.0,0.23,0.8,0.62,0.0,0.0,0.0,20.25,18.0,19.21,4.0,0.21,0.18,0.18,1.68,1.69,1.68
847517084774028483516,2025,Buchnevich-Schenn-Snuggerud,STL,line,5on5,3,1453.0,7.0,0.18,0.4,0.41,8.99,0.64,0.58,2.16,0.29,5.59,3.75,0.64,0.63,0.62,7.0,6.0,7.0,20.0,0.0,0.0,0.0,1.0,0.0,4.0,8.0,7.0,13.0,1.0,5.0,8.0,6.0,0.0,8.0,9.0,4.0,0.0,0.17,0.47,0.0,0.0,0.0,0.0,19.46,13.0,12.96,2.0,0.12,0.0,0.0,0.76,0.74,0.73,14.78,2.84,1.06,3.57,0.59,6.49,4.46,2.31,2.78,2.27,15.0,4.0,11.0,30.0,2.0,5.0,1.0,2.0,0.0,4.0,6.0,13.0,17.0,1.0,5.0,14.0,6.0,1.0,7.0,11.0,3.0,5.0,0.36,0.55,1.94,1.0,0.0,1.0,30.51,19.0,19.26,1.0,0.22,1.75,1.75,1.32,1.36,1.32
847531484764198485702,2025,Lee-Pageau-Shabanov,NYI,line,5on5,8,2280.0,57.0,0.58,0.54,0.56,25.6,2.81,1.8,6.76,0.87,13.58,9.17,2.76,2.78,2.73,22.0,13.0,10.0,45.0,2.0,5.0,0.0,2.0,0.0,15.0,11.0,20.0,33.0,3.0,6.0,18.0,19.0,0.0,13.0,26.0,4.0,5.0,0.76,0.52,1.54,0.0,0.0,2.0,43.3,35.0,33.7,7.0,0.38,1.22,1.22,1.97,1.91,1.9,20.39,2.02,1.3,4.86,0.59,10.25,7.99,1.96,2.09,2.03,19.0,8.0,11.0,38.0,3.0,2.0,0.0,3.0,0.0,12.0,7.0,16.0,24.0,4.0,8.0,16.0,18.0,4.0,10.0,20.0,5.0,2.0,0.69,0.54,0.79,1.0,2.0,0.0,38.83,27.0,27.58,6.0,0.27,0.79,0.79,1.5,1.56,1.52
84752008480043,2025,Orlov-Liljegren,SJS,pairing,5on5,28,15842.0,74.0,0.47,0.44,0.41,95.41,10.78,6.56,22.1,3.13,49.31,37.12,10.21,10.59,10.04,87.0,42.0,76.0,205.0,7.0,11.0,3.0,13.0,0.0,43.0,55.0,80.0,122.0,24.0,48.0,125.0,87.0,13.0,64.0,82.0,35.0,12.0,2.41,4.4,3.96,1.0,5.0,1.0,204.98,129.0,128.81,31.0,1.38,3.21,3.21,8.94,8.83,8.65,131.89,11.99,8.75,33.03,4.39,71.65,52.18,11.64,11.87,11.52,112.0,70.0,84.0,266.0,12.0,14.0,0.0,26.0,0.0,62.0,68.0,100.0,170.0,20.0,40.0,136.0,85.0,14.0,69.0,130.0,41.0,11.0,3.72,5.47,2.8,7.0,3.0,2.0,264.22,182.0,181.23,30.0,1.82,2.17,2.17,11.65,11.54,11.32
84821318484304,2025,Balinskis-Sebrango,FLA,pairing,5on5,2,1148.0,6.0,0.6,0.56,0.52,9.83,0.83,0.57,2.42,0.31,5.09,3.79,0.81,0.78,0.77,9.0,4.0,6.0,19.0,0.0,2.0,0.0,3.0,0.0,3.0,5.0,9.0,13.0,0.0,0.0,13.0,16.0,4.0,9.0,10.0,1.0,2.0,0.32,0.09,0.42,0.0,0.0,0.0,18.27,13.0,12.47,4.0,0.11,0.24,0.24,0.7,0.67,0.66,8.88,0.55,0.48,2.41,0.27,4.78,3.51,0.55,0.59,0.59,8.0,4.0,3.0,15.0,1.0,0.0,0.0,1.0,0.0,7.0,3.0,7.0,11.0,1.0,2.0,8.0,13.0,2.0,6.0,9.0,3.0,0.0,0.16,0.39,0.0,0.0,1.0,0.0,15.89,12.0,12.67,3.0,0.1,0.0,0.0,0.65,0.69,0.69
847844484784988480078,2025,Debrusk-Chytil-Boeser,VAN,line,5on5,4,1683.0,26.0,0.67,0.57,0.53,17.44,1.51,1.24,4.66,0.53,8.59,6.46,1.47,1.53,1.49,17.0,6.0,9.0,32.0,0.0,2.0,0.0,4.0,0.0,11.0,6.0,17.0,23.0,1.0,2.0,14.0,10.0,1.0,3.0,18.0,2.0,3.0,0.39,0.26,0.86,0.0,0.0,0.0,32.53,23.0,23.31,1.0,0.26,0.63,0.63,1.14,1.15,1.13,14.53,0.73,0.87,4.04,0.43,8.28,5.66,0.7,0.74,0.71,11.0,9.0,4.0,24.0,0.0,0.0,0.0,2.0,0.0,11.0,7.0,11.0,20.0,0.0,0.0,25.0,11.0,4.0,5.0,18.0,1.0,1.0,0.43,0.09,0.22,0.0,0.0,0.0,23.71,20.0,19.71,4.0,0.18,0.0,0.0,0.91,0.91,0.87
84764638484798,2025,Brodin-Buium,MIN,pairing,5on5,24,1274.0,185.0,0.44,0.57,0.53,13.14,0.73,0.68,2.99,0.38,7.0,6.23,0.72,0.71,0.7,14.0,4.0,10.0,28.0,1.0,1.0,0.0,3.0,0.0,9.0,4.0,13.0,17.0,2.0,4.0,0.0,8.0,0.0,3.0,17.0,0.0,1.0,0.44,0.0,0.29,1.0,0.0,0.0,27.83,18.0,17.87,0.0,0.14,0.29,0.29,0.58,0.57,0.57,11.57,0.94,0.73,2.6,0.36,6.48,4.91,0.91,0.94,0.92,11.0,5.0,5.0,21.0,0.0,0.0,0.0,4.0,0.0,5.0,7.0,11.0,16.0,2.0,4.0,2.0,6.0,4.0,5.0,9.0,7.0,0.0,0.2,0.74,0.0,0.0,0.0,0.0,21.14,16.0,16.31,4.0,0.15,0.0,0.0,1.08,1.09,1.07
84779488481546,2025,Sanheim-York,PHI,pairing,5on5,32,28376.0,58.0,0.51,0.48,0.51,201.76,17.92,13.25,49.84,6.68,108.71,79.59,17.4,18.15,17.63,185.0,91.0,100.0,376.0,19.0,16.0,0.0,33.0,0.0,104.0,104.0,166.0,257.0,27.0,63.0,247.0,150.0,40.0,152.0,202.0,61.0,13.0,6.7,7.38,3.84,11.0,8.0,0.0,378.56,276.0,277.77,72.0,2.74,3.73,3.73,16.93,17.13,16.89,192.65,16.95,11.95,49.67,6.42,103.87,76.21,16.45,17.03,16.53,165.0,101.0,135.0,401.0,17.0,16.0,1.0,34.0,0.0,98.0,101.0,148.0,249.0,30.0,72.0,265.0,167.0,28.0,160.0,201.0,44.0,21.0,5.64,5.48,5.83,11.0,6.0,0.0,404.37,266.0,270.12,66.0,2.48,3.75,3.75,15.62,15.7,15.48
847887384817548484153,2025,Nesterenko-Carlsson-Terry,ANA,line,5on5,2,609.0,18.0,0.51,0.44,0.36,2.86,0.2,0.18,0.55,0.08,1.79,1.19,0.2,0.22,0.22,2.0,2.0,3.0,7.0,0.0,0.0,0.0,0.0,0.0,0.0,4.0,2.0,4.0,2.0,4.0,5.0,1.0,1.0,3.0,3.0,1.0,0.0,0.08,0.12,0.0,0.0,0.0,0.0,7.47,4.0,4.35,1.0,0.04,0.0,0.0,0.24,0.26,0.26,4.36,0.2,0.29,1.24,0.2,2.82,2.25,0.2,0.18,0.18,3.0,4.0,2.0,9.0,0.0,1.0,0.0,0.0,0.0,1.0,5.0,3.0,7.0,0.0,0.0,5.0,7.0,0.0,2.0,7.0,0.0,0.0,0.2,0.0,0.0,0.0,0.0,0.0,8.2,7.0,6.46,2.0,0.06,0.01,0.01,0.25,0.23,0.23
847517284807978482074,2025,Farabee-Kadri-Zary,CGY,line,5on5,10,2213.0,91.0,0.53,0.43,0.43,16.08,1.16,1.01,4.21,0.55,9.14,6.92,1.13,1.16,1.13,19.0,4.0,9.0,32.0,1.0,2.0,0.0,3.0,0.0,5.0,12.0,18.0,22.0,3.0,12.0,21.0,14.0,3.0,11.0,19.0,3.0,1.0,0.55,0.41,0.2,0.0,1.0,0.0,32.85,23.0,23.22,3.0,0.21,0.24,0.24,1.13,1.15,1.14,21.67,1.04,1.06,6.31,0.74,11.4,9.44,1.04,1.03,1.03,23.0,7.0,12.0,42.0,0.0,1.0,0.0,9.0,0.0,10.0,10.0,23.0,30.0,3.0,12.0,17.0,14.0,4.0,14.0,26.0,4.0,0.0,0.57,0.47,0.0,0.0,0.0,0.0,41.15,30.0,29.73,3.0,0.21,0.04,0.04,1.22,1.21,1.21
847740484780108483752,2025,Guentzel-James-Point,TBL,line,5on5,3,610.0,21.0,0.57,0.57,0.67,4.52,0.29,0.27,1.28,0.13,2.29,1.75,0.26,0.27,0.25,2.0,4.0,2.0,8.0,0.0,0.0,0.0,0.0,0.0,2.0,4.0,2.0,6.0,0.0,0.0,4.0,4.0,0.0,0.0,5.0,1.0,0.0,0.18,0.1,0.0,0.0,0.0,0.0,7.68,6.0,5.55,0.0,0.06,0.0,0.0,0.34,0.32,0.29,2.32,0.22,0.16,0.4,0.06,1.19,0.97,0.22,0.21,0.21,3.0,0.0,3.0,6.0,0.0,0.0,0.0,0.0,0.0,1.0,2.0,3.0,3.0,0.0,0.0,5.0,5.0,1.0,0.0,2.0,1.0,0.0,0.09,0.13,0.0,0.0,0.0,0.0,5.76,3.0,2.87,0.0,0.03,0.0,0.0,0.25,0.24,0.24
84765258477938,2025,Fleury-Miller,WPG,pairing,5on5,3,1334.0,16.0,0.35,0.36,0.38,9.81,1.27,0.8,1.88,0.33,5.46,4.26,1.21,1.3,1.24,7.0,7.0,3.0,17.0,1.0,2.0,0.0,0.0,0.0,7.0,4.0,6.0,13.0,0.0,0.0,3.0,14.0,1.0,3.0,7.0,5.0,2.0,0.27,0.49,0.51,0.0,1.0,0.0,17.41,14.0,14.04,1.0,0.17,0.51,0.51,0.93,0.94,0.9,16.97,2.33,1.38,4.31,0.64,8.54,5.81,1.97,2.29,1.95,11.0,12.0,7.0,30.0,0.0,3.0,0.0,2.0,0.0,9.0,9.0,11.0,23.0,2.0,4.0,11.0,7.0,1.0,3.0,13.0,7.0,3.0,0.47,1.04,0.81,0.0,0.0,0.0,28.75,23.0,22.64,1.0,0.3,0.58,0.58,2.04,2.01,1.71
84717248474578,2025,Karlsson-Letang,PIT,pairing,5on5,31,3075.0,168.0,0.54,0.6,0.58,31.76,2.85,2.13,9.37,1.21,16.55,11.88,2.72,2.9,2.76,25.0,19.0,22.0,66.0,2.0,2.0,0.0,5.0,0.0,15.0,20.0,23.0,42.0,6.0,12.0,40.0,8.0,3.0,13.0,31.0,9.0,4.0,0.79,1.09,0.98,0.0,1.0,1.0,65.52,44.0,44.0,7.0,0.46,0.31,0.31,3.0,3.07,2.96,23.38,2.48,1.62,5.42,0.75,12.83,8.91,2.45,2.51,2.48,24.0,8.0,12.0,44.0,2.0,1.0,0.0,7.0,0.0,8.0,14.0,22.0,30.0,5.0,10.0,37.0,15.0,5.0,16.0,20.0,10.0,2.0,0.78,1.27,0.43,1.0,1.0,0.0,45.06,32.0,32.62,7.0,0.34,0.2,0.2,2.61,2.63,2.6
847629284799968481721,2025,Palat-Glass-Gritsyuk,NJD,line,5on5,8,1828.0,68.0,0.6,0.61,0.65,23.6,2.2,1.4,6.16,0.79,13.3,9.14,2.05,2.14,1.99,24.0,9.0,8.0,41.0,1.0,3.0,0.0,7.0,0.0,8.0,14.0,23.0,32.0,0.0,0.0,22.0,9.0,2.0,11.0,26.0,4.0,3.0,0.8,0.45,0.95,1.0,0.0,0.0,40.44,33.0,32.75,7.0,0.29,0.82,0.82,1.67,1.63,1.61,12.93,1.46,0.87,3.38,0.41,6.88,5.01,1.4,1.47,1.41,14.0,4.0,8.0,26.0,2.0,2.0,0.0,6.0,0.0,6.0,2.0,12.0,16.0,2.0,4.0,13.0,9.0,3.0,3.0,12.0,3.0,3.0,0.34,0.3,0.82,2.0,0.0,0.0,26.08,18.0,17.83,2.0,0.18,0.6,0.6,1.04,1.04,1.02
84751718479442,2025,Ekman-Larsson-Stecher,TOR,pairing,5on5,17,2907.0,127.0,0.44,0.49,0.44,26.43,2.53,1.74,6.79,0.9,13.98,10.07,2.24,2.56,2.28,26.0,10.0,13.0,49.0,4.0,5.0,1.0,9.0,0.0,7.0,11.0,22.0,32.0,3.0,6.0,19.0,19.0,6.0,14.0,23.0,12.0,1.0,0.65,1.53,0.35,1.0,2.0,1.0,50.36,36.0,36.46,6.0,0.36,0.81,0.81,2.08,2.12,2.01,34.93,3.22,2.05,8.94,1.12,16.99,12.68,3.06,3.17,3.0,30.0,15.0,7.0,52.0,5.0,3.0,1.0,4.0,0.0,20.0,13.0,25.0,40.0,4.0,8.0,15.0,13.0,1.0,17.0,36.0,3.0,6.0,1.21,0.34,1.67,4.0,1.0,0.0,50.13,45.0,43.62,8.0,0.43,0.75,0.75,2.9,2.78,2.75
847790384837338484779,2025,Grebenkin-Luchanko-Hathaway,PHI,line,5on5,4,1458.0,16.0,0.33,0.45,0.5,7.33,0.64,0.59,2.07,0.31,4.41,2.97,0.61,0.65,0.62,6.0,5.0,4.0,15.0,0.0,1.0,0.0,2.0,0.0,5.0,3.0,6.0,11.0,4.0,11.0,10.0,22.0,1.0,7.0,8.0,3.0,0.0,0.3,0.34,0.0,0.0,0.0,0.0,15.9,11.0,11.33,3.0,0.13,0.01,0.01,0.75,0.77,0.74,8.59,1.28,0.66,1.93,0.26,4.02,2.84,1.22,1.33,1.26,7.0,4.0,7.0,18.0,2.0,1.0,1.0,0.0,0.0,3.0,5.0,5.0,9.0,2.0,7.0,10.0,19.0,2.0,8.0,6.0,3.0,2.0,0.24,0.46,0.58,0.0,1.0,1.0,18.98,11.0,11.66,3.0,0.14,0.36,0.36,1.07,1.09,1.07
847523184812378481601,2025,Maclean-Cizikas-Holmstrom,NYI,line,5on5,9,1203.0,89.0,0.06,0.25,0.25,3.44,0.09,0.14,0.86,0.15,1.93,1.83,0.09,0.09,0.09,3.0,2.0,4.0,9.0,0.0,0.0,0.0,0.0,0.0,3.0,2.0,3.0,5.0,0.0,0.0,9.0,10.0,0.0,5.0,5.0,0.0,0.0,0.09,0.0,0.0,0.0,0.0,0.0,9.17,5.0,5.17,3.0,0.03,0.0,0.0,0.12,0.12,0.12,11.06,1.34,0.82,3.02,0.42,5.65,3.75,1.25,1.36,1.28,13.0,2.0,12.0,27.0,2.0,2.0,0.0,2.0,0.0,7.0,2.0,11.0,13.0,0.0,0.0,11.0,13.0,2.0,9.0,9.0,3.0,3.0,0.31,0.35,0.68,2.0,0.0,0.0,27.2,15.0,15.29,5.0,0.17,0.47,0.47,1.04,1.06,1.02
84763318477504,2025,Morrissey-Demelo,WPG,pairing,5on5,39,31835.0,58.0,0.51,0.5,0.52,251.75,23.63,17.28,62.82,8.5,136.37,99.4,22.69,23.76,22.82,226.0,122.0,118.0,466.0,28.0,23.0,3.0,60.0,1.0,111.0,125.0,198.0,320.0,38.0,79.0,278.0,173.0,37.0,139.0,247.0,78.0,23.0,7.33,9.75,6.55,15.0,7.0,6.0,465.86,348.0,349.18,67.0,3.61,3.95,3.95,23.29,23.45,22.93,239.88,22.29,15.7,58.88,7.8,126.86,94.47,21.6,22.24,21.56,208.0,118.0,134.0,460.0,21.0,20.0,4.0,43.0,1.0,120.0,121.0,187.0,305.0,28.0,59.0,296.0,189.0,51.0,133.0,232.0,73.0,21.0,6.71,9.56,6.01,3.0,13.0,5.0,459.29,326.0,324.3,68.0,3.27,4.42,4.42,21.13,21.04,20.7
84775048483510,2025,Morrissey-Salomonsson,WPG,pairing,5on5,2,729.0,9.0,0.36,0.47,0.27,4.25,0.41,0.29,1.0,0.17,2.35,1.78,0.4,0.42,0.4,2.0,4.0,9.0,15.0,0.0,0.0,0.0,0.0,0.0,3.0,3.0,2.0,6.0,1.0,2.0,6.0,6.0,0.0,2.0,4.0,2.0,0.0,0.16,0.25,0.0,0.0,0.0,0.0,14.64,6.0,6.03,0.0,0.06,0.0,0.0,0.47,0.47,0.46,11.77,0.73,0.69,2.9,0.38,6.59,4.72,0.73,0.72,0.72,10.0,6.0,1.0,17.0,1.0,0.0,0.0,4.0,0.0,8.0,3.0,9.0,15.0,0.0,0.0,9.0,2.0,1.0,2.0,13.0,3.0,0.0,0.36,0.37,0.0,1.0,0.0,0.0,17.07,16.0,16.06,1.0,0.14,0.0,0.0,0.88,0.86,0.86
847641984816018485702,2025,Shabanov-Pageau-Holmstrom,NYI,line,5on5,5,1149.0,38.0,0.28,0.34,0.36,8.73,0.78,0.46,2.14,0.3,4.73,3.59,0.76,0.75,0.73,6.0,6.0,2.0,14.0,1.0,0.0,0.0,0.0,0.0,7.0,4.0,5.0,11.0,1.0,2.0,16.0,10.0,2.0,9.0,9.0,2.0,1.0,0.28,0.27,0.22,1.0,0.0,0.0,13.27,12.0,11.35,6.0,0.1,0.0,0.0,0.87,0.84,0.82,16.28,2.02,1.14,3.78,0.51,7.74,5.81,1.9,2.07,1.95,18.0,3.0,6.0,27.0,2.0,3.0,0.0,4.0,0.0,8.0,4.0,16.0,19.0,1.0,2.0,8.0,11.0,1.0,4.0,12.0,5.0,4.0,0.37,0.62,1.03,1.0,1.0,0.0,28.55,21.0,22.16,2.0,0.24,0.82,0.82,1.43,1.49,1.44
847517084784728480459,2025,Suter-Schenn-Joseph,STL,line,5on5,4,946.0,14.0,0.73,0.55,0.58,4.98,0.27,0.27,1.12,0.16,3.01,2.17,0.27,0.28,0.28,6.0,1.0,4.0,11.0,0.0,0.0,0.0,2.0,0.0,1.0,4.0,6.0,7.0,0.0,0.0,7.0,9.0,2.0,5.0,6.0,1.0,0.0,0.15,0.12,0.0,0.0,0.0,0.0,11.22,7.0,7.17,1.0,0.05,0.0,0.0,0.33,0.33,0.33,3.71,0.1,0.16,1.17,0.12,2.06,1.39,0.1,0.1,0.1,5.0,0.0,4.0,9.0,0.0,0.0,0.0,4.0,0.0,1.0,0.0,5.0,5.0,1.0,2.0,6.0,6.0,0.0,2.0,5.0,0.0,0.0,0.1,0.0,0.0,0.0,0.0,0.0,8.79,5.0,4.9,0.0,0.03,0.0,0.0,0.13,0.13,0.13
84788408480001,2025,Vaakanainen-Borgen,NYR,pairing,5on5,11,802.0,88.0,0.5,0.56,0.57,8.18,0.57,0.51,1.96,0.27,4.95,3.74,0.56,0.61,0.61,5.0,7.0,7.0,19.0,0.0,0.0,0.0,1.0,0.0,4.0,7.0,5.0,12.0,0.0,0.0,4.0,6.0,2.0,3.0,9.0,3.0,0.0,0.25,0.32,0.0,0.0,0.0,0.0,20.1,12.0,12.5,2.0,0.1,0.0,0.0,0.67,0.72,0.72,6.56,0.58,0.42,1.61,0.22,3.59,2.59,0.56,0.54,0.53,6.0,3.0,6.0,15.0,0.0,0.0,0.0,1.0,0.0,4.0,4.0,6.0,9.0,2.0,4.0,3.0,2.0,2.0,5.0,5.0,4.0,0.0,0.11,0.47,0.0,0.0,0.0,0.0,14.67,9.0,8.57,3.0,0.08,0.0,0.0,0.66,0.62,0.6
848014484807488482055,2025,O'Connor-Kampf-Sherwood,VAN,line,5on5,6,947.0,83.0,0.8,0.65,0.71,14.52,1.6,0.89,3.54,0.48,7.72,5.78,1.51,1.5,1.42,12.0,8.0,4.0,24.0,3.0,2.0,1.0,2.0,0.0,7.0,6.0,9.0,17.0,1.0,2.0,9.0,17.0,1.0,5.0,15.0,3.0,2.0,0.46,0.38,0.76,1.0,1.0,1.0,22.57,20.0,18.89,2.0,0.19,0.76,0.76,1.03,0.99,0.94,5.92,0.39,0.37,1.58,0.18,3.2,2.28,0.38,0.43,0.42,4.0,4.0,5.0,13.0,0.0,0.0,0.0,2.0,0.0,1.0,5.0,4.0,8.0,0.0,0.0,9.0,8.0,1.0,5.0,7.0,1.0,0.0,0.2,0.19,0.0,0.0,0.0,0.0,14.11,8.0,8.66,1.0,0.08,0.0,0.0,0.47,0.51,0.5
847523184842218485702,2025,Ritchie-Cizikas-Shabanov,NYI,line,5on5,4,1195.0,27.0,0.64,0.5,0.5,11.45,1.31,0.61,3.15,0.44,5.54,3.95,1.14,1.29,1.13,9.0,6.0,6.0,21.0,2.0,1.0,0.0,5.0,0.0,4.0,3.0,7.0,13.0,1.0,5.0,10.0,8.0,3.0,4.0,11.0,2.0,2.0,0.31,0.24,0.76,1.0,1.0,0.0,22.15,15.0,15.35,3.0,0.13,0.44,0.44,1.0,1.01,0.97,10.45,0.73,0.7,2.65,0.37,6.25,4.29,0.72,0.72,0.71,11.0,4.0,6.0,21.0,1.0,0.0,0.0,0.0,0.0,8.0,6.0,10.0,14.0,2.0,7.0,9.0,10.0,1.0,7.0,12.0,3.0,0.0,0.4,0.33,0.0,0.0,1.0,0.0,20.14,15.0,14.47,5.0,0.14,0.0,0.0,0.87,0.86,0.85
84793788480049,2025,Samberg-Stanley,WPG,pairing,5on5,15,1053.0,121.0,0.63,0.5,0.44,8.61,1.25,0.73,2.31,0.33,4.41,2.97,1.07,1.2,1.03,6.0,6.0,4.0,16.0,1.0,2.0,0.0,1.0,0.0,5.0,3.0,5.0,11.0,0.0,0.0,3.0,14.0,1.0,1.0,6.0,3.0,3.0,0.15,0.33,0.77,0.0,1.0,0.0,15.77,12.0,11.97,0.0,0.16,0.55,0.56,0.84,0.84,0.83,9.84,0.74,0.67,2.28,0.35,6.4,4.56,0.74,0.77,0.77,8.0,7.0,1.0,16.0,1.0,0.0,0.0,3.0,0.0,8.0,3.0,7.0,14.0,0.0,0.0,2.0,8.0,1.0,7.0,13.0,1.0,1.0,0.41,0.14,0.2,1.0,0.0,0.0,16.78,15.0,15.63,2.0,0.14,0.0,0.0,0.88,0.92,0.91
84769028480950,2025,Lindell-Lyubushkin,DAL,pairing,5on5,23,3271.0,147.0,0.54,0.49,0.52,19.1,1.22,1.21,4.63,0.66,10.87,8.42,1.2,1.2,1.18,15.0,12.0,6.0,33.0,4.0,1.0,0.0,2.0,0.0,9.0,11.0,11.0,23.0,4.0,8.0,27.0,16.0,6.0,13.0,22.0,5.0,0.0,0.65,0.57,0.0,3.0,1.0,0.0,33.19,27.0,26.84,7.0,0.24,0.01,0.01,1.45,1.44,1.41,18.2,1.04,1.01,4.93,0.58,9.99,7.44,1.03,1.01,1.0,17.0,8.0,10.0,35.0,2.0,1.0,0.0,6.0,0.0,5.0,11.0,15.0,23.0,2.0,4.0,18.0,21.0,1.0,17.0,21.0,4.0,0.0,0.58,0.46,0.0,2.0,0.0,0.0,34.29,25.0,24.53,11.0,0.21,0.16,0.16,1.08,1.07,1.05
847688284779878483493,2025,Teravainen-Nazar-Donato,CHI,line,5on5,7,1034.0,77.0,0.9,0.75,0.8,11.99,1.31,0.63,3.2,0.4,5.75,4.71,1.27,1.32,1.27,12.0,4.0,5.0,21.0,2.0,2.0,2.0,3.0,0.0,3.0,6.0,10.0,14.0,0.0,0.0,9.0,6.0,1.0,6.0,11.0,3.0,2.0,0.37,0.3,0.64,0.0,0.0,2.0,21.33,16.0,15.87,2.0,0.13,0.64,0.64,0.8,0.79,0.78,3.16,0.15,0.15,0.69,0.09,1.45,1.47,0.15,0.16,0.16,2.0,2.0,3.0,7.0,0.0,0.0,0.0,0.0,0.0,2.0,2.0,2.0,4.0,3.0,6.0,9.0,4.0,1.0,5.0,3.0,1.0,0.0,0.04,0.11,0.0,0.0,0.0,0.0,7.23,4.0,4.11,3.0,0.03,0.0,0.0,0.18,0.2,0.2
84764228480336,2025,Reilly-Walker,CAR,pairing,5on5,21,1900.0,166.0,0.62,0.62,0.57,23.57,2.16,1.33,6.45,0.78,12.57,9.71,1.96,2.23,2.02,19.0,14.0,11.0,44.0,3.0,5.0,0.0,7.0,0.0,10.0,8.0,16.0,30.0,1.0,4.0,15.0,10.0,1.0,7.0,25.0,5.0,3.0,0.57,0.66,0.93,2.0,1.0,0.0,45.67,33.0,33.8,2.0,0.27,1.24,1.24,1.19,1.22,1.21,17.94,1.32,1.08,5.16,0.64,9.43,7.37,1.29,1.3,1.27,13.0,12.0,2.0,27.0,2.0,1.0,0.0,2.0,0.0,13.0,7.0,11.0,23.0,3.0,8.0,12.0,24.0,3.0,7.0,21.0,3.0,1.0,0.69,0.38,0.26,0.0,2.0,0.0,25.08,25.0,23.31,4.0,0.23,0.04,0.04,1.51,1.48,1.45
847578484808488484911,2025,Skinner-Dellandrea-Graf,SJS,line,5on5,12,2675.0,97.0,0.49,0.38,0.38,16.79,2.06,1.1,4.24,0.61,8.4,6.58,1.9,2.05,1.89,16.0,7.0,9.0,32.0,2.0,5.0,1.0,3.0,0.0,6.0,7.0,14.0,21.0,2.0,4.0,20.0,27.0,1.0,15.0,15.0,5.0,3.0,0.44,0.77,0.85,1.0,0.0,1.0,32.81,23.0,23.38,8.0,0.23,1.15,1.15,1.14,1.13,1.12,27.22,2.13,1.67,7.23,0.86,14.68,10.42,2.11,2.12,2.1,29.0,8.0,15.0,52.0,3.0,1.0,1.0,7.0,0.0,15.0,11.0,26.0,34.0,4.0,8.0,24.0,24.0,5.0,12.0,29.0,6.0,2.0,0.89,0.79,0.45,1.0,1.0,1.0,51.79,37.0,37.02,6.0,0.34,0.12,0.12,2.34,2.34,2.32
847842784808308482093,2025,Jarvis-Aho-Svechnikov,CAR,line,5on5,26,13902.0,88.0,0.6,0.65,0.63,171.27,14.01,10.37,43.92,5.58,91.73,66.4,13.32,13.98,13.28,140.0,92.0,81.0,313.0,12.0,13.0,0.0,44.0,0.0,97.0,66.0,128.0,220.0,10.0,20.0,125.0,99.0,27.0,71.0,180.0,40.0,12.0,5.44,5.14,3.43,8.0,3.0,1.0,312.53,232.0,231.14,24.0,2.14,2.89,2.89,13.26,13.2,12.96,102.39,9.24,7.01,25.18,3.45,52.73,40.4,8.9,9.32,8.97,90.0,48.0,32.0,170.0,9.0,13.0,1.0,16.0,0.0,41.0,59.0,81.0,129.0,19.0,38.0,129.0,84.0,22.0,77.0,97.0,32.0,9.0,2.95,3.97,2.32,0.0,6.0,3.0,170.9,138.0,138.53,40.0,1.47,2.17,2.17,8.54,8.63,8.46
84784698484321,2025,Chabot-Matinpalo,OTT,pairing,5on5,13,691.0,93.0,0.85,0.56,0.59,12.21,1.55,0.89,2.79,0.38,5.9,4.5,1.49,1.59,1.53,13.0,3.0,2.0,18.0,3.0,2.0,0.0,6.0,0.0,2.0,3.0,10.0,13.0,3.0,6.0,1.0,4.0,1.0,1.0,8.0,7.0,1.0,0.3,0.96,0.29,1.0,2.0,0.0,18.03,16.0,16.01,1.0,0.19,0.48,0.48,1.26,1.3,1.29,8.12,0.26,0.34,2.11,0.26,4.46,3.58,0.26,0.25,0.24,7.0,4.0,3.0,14.0,1.0,0.0,0.0,1.0,0.0,5.0,4.0,6.0,10.0,4.0,8.0,1.0,2.0,0.0,1.0,11.0,0.0,0.0,0.26,0.0,0.0,1.0,0.0,0.0,13.61,11.0,10.64,0.0,0.07,0.0,0.0,0.33,0.31,0.31
847575484764558477501,2025,Landeskog-Nelson-Nichushkin,COL,line,5on5,22,7607.0,120.0,0.62,0.6,0.58,85.02,9.43,6.04,21.65,2.91,45.49,32.47,8.93,9.52,9.01,81.0,37.0,51.0,169.0,6.0,15.0,1.0,17.0,0.0,43.0,37.0,75.0,112.0,9.0,18.0,73.0,40.0,9.0,33.0,78.0,27.0,13.0,2.51,3.44,3.49,2.0,1.0,3.0,173.34,118.0,120.67,21.0,1.28,3.51,3.51,7.2,7.26,7.03,63.81,5.75,4.04,15.56,2.0,32.31,25.34,5.32,5.64,5.22,65.0,20.0,27.0,112.0,5.0,10.0,1.0,14.0,0.0,30.0,26.0,60.0,80.0,6.0,12.0,71.0,58.0,4.0,37.0,61.0,17.0,7.0,1.59,2.31,1.85,1.0,3.0,1.0,109.35,85.0,83.14,21.0,0.84,2.03,2.03,4.55,4.46,4.35
847846384821488484186,2025,Beauvillier-Lapierre-Leonard,WSH,line,5on5,11,1384.0,134.0,0.42,0.34,0.41,11.04,1.09,0.56,2.95,0.39,5.55,4.46,1.07,1.1,1.08,9.0,6.0,0.0,15.0,0.0,3.0,0.0,1.0,0.0,6.0,5.0,9.0,15.0,2.0,4.0,6.0,13.0,3.0,11.0,11.0,2.0,2.0,0.27,0.25,0.57,0.0,0.0,0.0,14.92,15.0,14.86,2.0,0.12,0.6,0.6,0.61,0.61,0.6,14.34,1.54,1.12,3.8,0.57,8.84,6.13,1.5,1.56,1.52,10.0,12.0,7.0,29.0,0.0,3.0,0.0,2.0,0.0,9.0,8.0,10.0,22.0,1.0,2.0,7.0,11.0,0.0,6.0,17.0,2.0,3.0,0.57,0.18,0.79,0.0,0.0,0.0,28.15,22.0,21.65,3.0,0.23,0.6,0.6,1.18,1.14,1.11
847752784800688481754,2025,Johnston-Poehling-Nesterenko,ANA,line,5on5,4,1136.0,29.0,0.11,0.32,0.31,3.16,0.13,0.25,1.09,0.14,1.99,1.4,0.13,0.12,0.12,1.0,4.0,2.0,7.0,0.0,0.0,0.0,1.0,0.0,3.0,1.0,1.0,5.0,1.0,5.0,6.0,14.0,0.0,5.0,5.0,0.0,0.0,0.13,0.0,0.0,0.0,0.0,0.0,6.67,5.0,4.75,1.0,0.05,0.0,0.0,0.18,0.17,0.17,8.33,1.04,0.58,2.22,0.28,3.98,2.91,0.94,1.12,1.02,10.0,1.0,4.0,15.0,1.0,1.0,0.0,2.0,0.0,5.0,2.0,9.0,10.0,3.0,9.0,10.0,12.0,1.0,5.0,7.0,2.0,2.0,0.24,0.29,0.51,0.0,0.0,1.0,16.35,11.0,12.03,4.0,0.12,0.31,0.31,0.85,0.92,0.88
848079884808488484911,2025,Kurashev-Dellandrea-Graf,SJS,line,5on5,12,2340.0,89.0,0.46,0.44,0.4,15.63,1.49,0.91,4.11,0.56,7.69,6.25,1.42,1.49,1.42,13.0,8.0,11.0,32.0,2.0,2.0,1.0,2.0,0.0,6.0,9.0,11.0,19.0,4.0,8.0,13.0,28.0,4.0,5.0,15.0,4.0,2.0,0.41,0.48,0.6,0.0,1.0,1.0,31.89,21.0,20.84,3.0,0.19,0.6,0.6,1.08,1.07,1.05,21.52,1.73,1.43,4.88,0.66,13.1,9.19,1.7,1.76,1.73,21.0,10.0,10.0,41.0,2.0,2.0,0.0,6.0,0.0,15.0,6.0,19.0,29.0,2.0,4.0,13.0,14.0,3.0,10.0,23.0,7.0,1.0,0.66,0.87,0.21,0.0,2.0,0.0,42.82,31.0,32.52,3.0,0.3,0.28,0.28,1.74,1.78,1.76
847181784766248478874,2025,Goodrow-Gaudette-Reaves,SJS,line,5on5,11,3444.0,48.0,0.49,0.38,0.33,18.5,2.21,1.6,4.0,0.55,9.51,6.13,2.17,2.21,2.16,16.0,8.0,13.0,37.0,2.0,2.0,0.0,2.0,0.0,10.0,8.0,14.0,22.0,5.0,13.0,26.0,56.0,5.0,12.0,16.0,4.0,4.0,0.56,0.54,1.11,0.0,1.0,1.0,36.43,24.0,23.78,7.0,0.34,0.35,0.35,2.19,2.19,2.15,34.23,2.33,2.21,8.81,1.21,19.29,14.15,2.31,2.44,2.42,33.0,15.0,12.0,60.0,5.0,2.0,0.0,5.0,0.0,21.0,15.0,28.0,43.0,3.0,9.0,39.0,22.0,7.0,17.0,40.0,6.0,2.0,1.26,0.63,0.44,3.0,1.0,1.0,62.55,48.0,49.95,6.0,0.46,0.1,0.1,2.69,2.82,2.79
847934384808498482175,2025,Keller-Hayton-Peterka,UTA,line,5on5,12,1400.0,92.0,0.63,0.52,0.56,18.49,1.94,1.19,4.76,0.59,9.61,6.91,1.72,1.94,1.72,20.0,5.0,3.0,28.0,1.0,3.0,0.0,4.0,0.0,7.0,10.0,19.0,24.0,2.0,4.0,9.0,5.0,1.0,6.0,18.0,4.0,3.0,0.46,0.56,0.91,1.0,0.0,0.0,27.5,25.0,24.59,5.0,0.25,0.91,0.91,1.27,1.27,1.23,15.05,1.15,1.0,4.18,0.49,7.41,5.77,1.12,1.14,1.11,15.0,5.0,6.0,26.0,2.0,3.0,0.0,3.0,0.0,4.0,8.0,13.0,18.0,1.0,2.0,11.0,9.0,0.0,2.0,17.0,2.0,1.0,0.59,0.29,0.27,2.0,0.0,0.0,27.01,20.0,20.03,2.0,0.21,0.48,0.48,0.88,0.88,0.87
847688984774548480840,2025,Erne-Faksa-Bck,DAL,line,5on5,2,1042.0,8.0,0.39,0.44,0.44,6.41,0.67,0.51,1.27,0.17,3.08,2.3,0.66,0.76,0.75,5.0,3.0,3.0,11.0,1.0,0.0,0.0,1.0,0.0,3.0,3.0,4.0,7.0,0.0,0.0,8.0,13.0,1.0,8.0,5.0,2.0,1.0,0.24,0.23,0.2,0.0,1.0,0.0,12.69,8.0,8.95,5.0,0.11,0.0,0.0,0.78,0.88,0.87,7.71,1.06,0.51,2.03,0.25,3.61,2.54,0.97,0.95,0.87,7.0,3.0,4.0,14.0,0.0,1.0,0.0,3.0,0.0,3.0,3.0,7.0,10.0,1.0,2.0,12.0,4.0,0.0,1.0,6.0,2.0,2.0,0.19,0.28,0.59,0.0,0.0,0.0,12.68,10.0,9.2,0.0,0.11,0.3,0.3,0.87,0.78,0.78
847643884779648478403,2025,Saad-Eichel-Barbashev,VGK,line,5on5,5,1669.0,21.0,0.75,0.55,0.6,19.56,2.02,1.53,4.76,0.62,10.25,6.82,1.95,2.02,1.95,19.0,7.0,10.0,36.0,3.0,3.0,1.0,3.0,0.0,8.0,9.0,16.0,23.0,1.0,2.0,13.0,7.0,1.0,13.0,17.0,7.0,2.0,0.51,1.03,0.48,1.0,0.0,2.0,36.74,26.0,26.31,4.0,0.32,0.57,0.57,1.77,1.78,1.76,12.47,0.67,0.65,3.38,0.39,6.85,5.06,0.67,0.65,0.64,8.0,9.0,13.0,30.0,0.0,0.0,0.0,3.0,0.0,9.0,5.0,8.0,17.0,2.0,4.0,16.0,6.0,2.0,12.0,15.0,2.0,0.0,0.43,0.24,0.0,0.0,0.0,0.0,29.3,17.0,16.65,5.0,0.13,0.0,0.0,0.8,0.78,0.78
847575284802598481477,2025,Jones-Sturm-Pitlick,MIN,line,5on5,6,2132.0,21.0,0.55,0.41,0.44,18.88,1.89,1.26,4.04,0.55,10.9,7.36,1.87,1.84,1.82,15.0,11.0,9.0,35.0,1.0,2.0,0.0,2.0,0.0,11.0,10.0,14.0,25.0,1.0,2.0,13.0,31.0,0.0,8.0,20.0,4.0,2.0,0.53,0.48,0.88,1.0,0.0,0.0,36.13,26.0,26.65,6.0,0.26,0.7,0.7,1.46,1.46,1.45,23.0,1.54,1.39,7.31,0.82,12.69,9.25,1.38,1.52,1.36,19.0,14.0,18.0,51.0,1.0,1.0,0.0,8.0,0.0,10.0,13.0,18.0,32.0,0.0,0.0,23.0,14.0,1.0,7.0,28.0,4.0,1.0,0.69,0.52,0.33,1.0,0.0,0.0,49.88,33.0,32.31,2.0,0.29,0.33,0.33,1.5,1.48,1.35
847793484793658481617,2025,Frederic-Draisaitl-Podkolzin,EDM,line,5on5,4,681.0,32.0,0.43,0.29,0.36,3.31,0.48,0.26,0.81,0.12,1.96,1.37,0.48,0.51,0.5,2.0,3.0,0.0,5.0,1.0,0.0,0.0,0.0,0.0,2.0,2.0,1.0,4.0,3.0,6.0,7.0,7.0,1.0,3.0,2.0,2.0,1.0,0.1,0.17,0.21,0.0,0.0,1.0,5.13,5.0,5.09,2.0,0.06,0.0,0.0,0.54,0.56,0.56,6.59,0.64,0.47,1.67,0.21,3.58,2.43,0.62,0.63,0.61,7.0,2.0,3.0,12.0,0.0,0.0,0.0,2.0,0.0,6.0,1.0,7.0,9.0,3.0,6.0,8.0,4.0,0.0,3.0,7.0,1.0,1.0,0.27,0.16,0.21,0.0,0.0,0.0,11.8,9.0,9.1,1.0,0.1,0.0,0.0,0.74,0.73,0.7
847804684809808481481,2025,Heinen-Lizotte-Dewar,PIT,line,5on5,5,1153.0,44.0,0.68,0.67,0.64,13.0,0.96,0.85,2.97,0.38,7.5,5.35,0.94,0.97,0.95,14.0,4.0,8.0,26.0,0.0,1.0,0.0,7.0,0.0,4.0,6.0,14.0,18.0,1.0,2.0,8.0,5.0,1.0,4.0,15.0,2.0,1.0,0.46,0.2,0.3,0.0,0.0,0.0,25.95,18.0,17.9,3.0,0.18,0.3,0.3,0.83,0.84,0.82,7.32,0.45,0.5,1.67,0.24,4.12,3.03,0.45,0.45,0.45,6.0,4.0,3.0,13.0,0.0,0.0,0.0,2.0,0.0,4.0,4.0,6.0,10.0,0.0,0.0,8.0,9.0,1.0,1.0,8.0,2.0,0.0,0.22,0.22,0.0,0.0,0.0,0.0,13.12,10.0,10.07,1.0,0.1,0.0,0.0,0.55,0.56,0.56
847360484746798475799,2025,Nyquist-Toews-Niederreiter,WPG,line,5on5,18,3321.0,129.0,0.57,0.55,0.57,33.51,2.96,1.97,9.15,1.13,17.61,13.18,2.79,2.88,2.71,32.0,14.0,18.0,64.0,1.0,4.0,0.0,9.0,0.0,11.0,21.0,31.0,45.0,3.0,6.0,28.0,26.0,3.0,17.0,37.0,6.0,3.0,0.87,0.81,1.27,1.0,0.0,0.0,62.99,46.0,44.88,11.0,0.41,1.45,1.45,1.91,1.86,1.79,25.68,2.24,1.59,6.25,0.81,13.87,10.24,2.17,2.27,2.21,17.0,18.0,17.0,52.0,3.0,1.0,0.0,5.0,0.0,16.0,10.0,14.0,32.0,2.0,4.0,18.0,29.0,4.0,10.0,25.0,8.0,2.0,0.71,0.93,0.6,0.0,3.0,0.0,52.97,35.0,35.98,5.0,0.33,0.36,0.36,2.21,2.27,2.2
84717248478450,2025,Wotherspoon-Letang,PIT,pairing,5on5,25,1557.0,171.0,0.21,0.3,0.28,7.53,0.62,0.47,1.75,0.24,3.76,3.15,0.62,0.65,0.64,8.0,2.0,3.0,13.0,0.0,1.0,0.0,3.0,0.0,0.0,6.0,8.0,10.0,3.0,6.0,1.0,10.0,1.0,3.0,9.0,0.0,1.0,0.34,0.0,0.28,0.0,0.0,0.0,13.44,10.0,10.19,1.0,0.1,0.28,0.28,0.44,0.43,0.43,20.14,2.33,1.42,4.52,0.63,10.01,7.09,2.07,2.28,2.03,18.0,8.0,4.0,30.0,3.0,4.0,1.0,1.0,0.0,7.0,11.0,15.0,23.0,2.0,7.0,3.0,8.0,1.0,3.0,15.0,8.0,3.0,0.46,1.11,0.75,1.0,1.0,1.0,28.57,26.0,25.25,3.0,0.3,0.76,0.76,1.86,1.83,1.8
84768858483490,2025,Mintyukov-Trouba,ANA,pairing,5on5,32,3360.0,213.0,0.42,0.47,0.49,30.83,2.21,1.76,7.81,0.99,17.25,12.97,2.14,2.16,2.1,23.0,20.0,13.0,56.0,0.0,1.0,0.0,9.0,0.0,16.0,17.0,23.0,43.0,4.0,8.0,12.0,13.0,6.0,19.0,39.0,2.0,2.0,1.48,0.2,0.52,0.0,0.0,0.0,54.58,43.0,41.8,8.0,0.36,0.26,0.26,2.31,2.24,2.18,33.93,3.01,1.83,8.57,1.06,15.88,13.64,2.84,3.07,2.89,32.0,12.0,18.0,62.0,2.0,5.0,0.0,9.0,0.0,14.0,14.0,30.0,42.0,3.0,6.0,21.0,16.0,5.0,20.0,31.0,7.0,6.0,0.69,0.78,1.54,0.0,2.0,0.0,62.6,44.0,44.3,11.0,0.38,0.77,0.77,2.62,2.67,2.6
847742584808068482475,2025,Wood-Lundestrm-Chinakhov,CBJ,line,5on5,7,2446.0,44.0,0.58,0.55,0.54,21.19,1.58,1.29,5.34,0.73,11.52,8.54,1.55,1.58,1.55,16.0,13.0,15.0,44.0,2.0,1.0,0.0,8.0,0.0,9.0,9.0,14.0,27.0,3.0,6.0,22.0,16.0,1.0,13.0,23.0,5.0,1.0,0.65,0.7,0.23,0.0,2.0,0.0,45.49,29.0,29.48,6.0,0.26,0.03,0.03,1.81,1.81,1.78,17.36,1.14,1.07,4.33,0.57,10.66,7.23,1.13,1.13,1.12,17.0,8.0,11.0,36.0,1.0,0.0,0.0,5.0,0.0,8.0,11.0,16.0,24.0,0.0,0.0,14.0,23.0,3.0,10.0,20.0,5.0,0.0,0.55,0.58,0.0,1.0,0.0,0.0,35.33,25.0,24.92,7.0,0.22,0.0,0.0,1.35,1.34,1.33
84768538479026,2025,Rielly-Myers,TOR,pairing,5on5,18,6579.0,83.0,0.44,0.45,0.46,55.91,4.48,3.5,14.03,1.78,28.63,21.58,4.33,4.48,4.33,45.0,29.0,20.0,94.0,4.0,6.0,0.0,9.0,0.0,26.0,29.0,41.0,70.0,7.0,17.0,46.0,56.0,6.0,25.0,54.0,15.0,5.0,1.36,1.85,1.28,2.0,2.0,0.0,93.22,74.0,73.37,13.0,0.74,1.2,0.9,4.31,4.31,4.25,63.05,5.73,4.27,15.61,2.09,34.12,24.19,5.57,5.81,5.64,63.0,23.0,28.0,114.0,7.0,6.0,1.0,14.0,0.0,35.0,24.0,56.0,79.0,5.0,13.0,43.0,33.0,12.0,30.0,62.0,18.0,6.0,1.6,2.42,1.72,2.0,2.0,3.0,114.52,86.0,86.75,16.0,0.88,1.11,1.11,5.5,5.54,5.48
84801968480891,2025,Bryson-Kesselring,BUF,pairing,5on5,3,1193.0,14.0,0.38,0.33,0.31,7.68,0.66,0.48,2.18,0.26,3.79,2.63,0.59,0.68,0.61,7.0,3.0,3.0,13.0,0.0,1.0,0.0,4.0,0.0,2.0,3.0,7.0,10.0,0.0,0.0,9.0,7.0,1.0,13.0,6.0,4.0,0.0,0.18,0.48,0.0,0.0,0.0,0.0,13.12,10.0,10.23,7.0,0.1,0.03,0.03,0.73,0.76,0.67,15.63,1.07,0.89,3.94,0.55,8.68,6.87,1.06,1.05,1.04,14.0,8.0,5.0,27.0,2.0,1.0,0.0,5.0,0.0,7.0,7.0,12.0,20.0,0.0,0.0,10.0,8.0,1.0,4.0,18.0,4.0,0.0,0.56,0.51,0.0,1.0,1.0,0.0,26.88,22.0,21.69,2.0,0.18,0.17,0.17,1.08,1.06,1.05
847515884768878485405,2025,Forsberg-O'Reilly-Martin,NSH,line,5on5,3,1041.0,10.0,0.56,0.43,0.46,9.5,0.98,0.58,2.78,0.38,4.91,3.37,0.96,0.95,0.93,6.0,7.0,3.0,16.0,1.0,2.0,0.0,2.0,0.0,4.0,4.0,5.0,12.0,1.0,2.0,12.0,5.0,1.0,3.0,10.0,1.0,2.0,0.32,0.2,0.46,1.0,0.0,0.0,15.68,13.0,12.86,3.0,0.12,0.27,0.27,0.83,0.81,0.8,11.1,0.78,0.65,3.16,0.37,5.89,4.14,0.76,0.81,0.8,13.0,2.0,6.0,21.0,1.0,1.0,0.0,6.0,0.0,5.0,2.0,12.0,14.0,1.0,2.0,10.0,10.0,1.0,8.0,13.0,1.0,1.0,0.41,0.13,0.24,0.0,0.0,1.0,21.62,15.0,15.44,1.0,0.14,0.04,0.04,0.88,0.92,0.91
84768568484839,2025,Brunicke-Dumba,PIT,pairing,5on5,1,851.0,3.0,0.36,0.41,0.42,5.49,0.36,0.39,1.2,0.16,3.47,2.42,0.36,0.36,0.35,4.0,4.0,3.0,11.0,0.0,0.0,0.0,0.0,0.0,4.0,4.0,4.0,8.0,2.0,4.0,3.0,3.0,2.0,6.0,7.0,1.0,0.0,0.23,0.13,0.0,0.0,0.0,0.0,11.22,8.0,8.19,2.0,0.08,0.0,0.0,0.44,0.43,0.43,8.08,0.64,0.57,1.8,0.26,4.5,3.23,0.64,0.64,0.64,10.0,1.0,5.0,16.0,2.0,0.0,0.0,2.0,0.0,4.0,3.0,8.0,9.0,0.0,0.0,4.0,5.0,0.0,4.0,9.0,2.0,0.0,0.38,0.26,0.0,1.0,1.0,0.0,15.49,11.0,10.71,3.0,0.12,0.0,0.0,0.75,0.76,0.76
847690584779198481554,2025,Stephenson-Gaudreau-Kakko,SEA,line,5on5,3,832.0,21.0,0.22,0.41,0.38,5.6,0.26,0.35,1.45,0.18,3.39,2.36,0.26,0.24,0.24,3.0,5.0,4.0,12.0,0.0,0.0,0.0,1.0,0.0,3.0,4.0,3.0,8.0,1.0,2.0,10.0,5.0,0.0,4.0,7.0,1.0,0.0,0.15,0.12,0.0,0.0,0.0,0.0,11.17,8.0,7.41,4.0,0.07,0.0,0.0,0.34,0.31,0.31,9.75,0.95,0.71,2.52,0.31,5.1,3.42,0.89,1.02,0.97,4.0,9.0,4.0,17.0,0.0,2.0,0.0,1.0,0.0,7.0,3.0,4.0,13.0,0.0,0.0,7.0,3.0,0.0,5.0,9.0,3.0,1.0,0.31,0.4,0.24,0.0,0.0,0.0,18.27,13.0,13.84,2.0,0.15,0.35,0.35,0.75,0.8,0.78
84768858482178,2025,Trouba-Moore,ANA,pairing,5on5,15,1070.0,124.0,0.59,0.73,0.73,11.73,0.65,0.67,3.25,0.4,6.1,4.94,0.64,0.65,0.65,8.0,8.0,6.0,22.0,0.0,1.0,0.0,2.0,0.0,6.0,7.0,8.0,16.0,3.0,6.0,11.0,5.0,1.0,1.0,14.0,2.0,0.0,0.41,0.24,0.0,0.0,0.0,0.0,21.97,16.0,16.11,1.0,0.14,0.01,0.01,0.78,0.78,0.78,4.8,0.45,0.43,1.08,0.12,2.29,1.63,0.44,0.47,0.46,4.0,2.0,2.0,8.0,1.0,0.0,0.0,3.0,0.0,1.0,1.0,3.0,5.0,3.0,6.0,7.0,5.0,2.0,2.0,5.0,1.0,0.0,0.3,0.15,0.0,1.0,0.0,0.0,8.74,6.0,6.31,0.0,0.09,0.0,0.0,0.54,0.56,0.55
847410284763938482092,2025,Perron-Greig-Cousins,OTT,line,5on5,6,1690.0,72.0,0.87,0.68,0.74,14.61,1.68,1.05,3.53,0.54,7.64,5.56,1.55,1.6,1.48,14.0,6.0,5.0,25.0,1.0,3.0,0.0,6.0,0.0,4.0,6.0,13.0,19.0,1.0,2.0,6.0,21.0,2.0,5.0,12.0,7.0,1.0,0.34,1.07,0.27,1.0,0.0,0.0,23.57,20.0,18.96,2.0,0.22,0.58,0.58,1.31,1.24,1.22,4.53,0.25,0.26,1.11,0.15,3.09,2.14,0.25,0.26,0.26,6.0,1.0,5.0,12.0,0.0,0.0,0.0,0.0,0.0,5.0,2.0,6.0,7.0,2.0,4.0,9.0,13.0,2.0,12.0,6.0,1.0,0.0,0.17,0.09,0.0,0.0,0.0,0.0,12.63,7.0,7.3,9.0,0.05,0.0,0.0,0.3,0.32,0.31
847688284816248483493,2025,Teravainen-Nazar-Mikheyev,CHI,line,5on5,10,1707.0,116.0,0.21,0.28,0.24,7.75,0.71,0.48,2.01,0.24,4.46,3.11,0.71,0.75,0.75,5.0,6.0,8.0,19.0,0.0,0.0,0.0,0.0,1.0,5.0,5.0,5.0,11.0,1.0,2.0,13.0,10.0,1.0,8.0,9.0,0.0,2.0,0.29,0.0,0.42,0.0,0.0,0.0,18.58,11.0,11.21,7.0,0.1,0.0,0.0,0.81,0.85,0.85,25.77,2.65,1.63,6.36,0.85,13.82,9.69,2.46,2.63,2.44,25.0,10.0,15.0,50.0,1.0,5.0,0.0,5.0,0.0,18.0,6.0,24.0,34.0,1.0,2.0,15.0,18.0,2.0,6.0,25.0,7.0,3.0,0.82,0.88,0.96,0.0,1.0,0.0,49.4,35.0,34.28,3.0,0.34,1.29,1.29,1.7,1.67,1.64
84745748477969,2025,Pettersson-Myers,VAN,pairing,5on5,39,14987.0,155.0,0.39,0.41,0.42,104.24,8.7,6.48,26.32,3.47,53.95,42.09,8.54,8.47,8.32,85.0,56.0,51.0,192.0,9.0,12.0,0.0,17.0,0.0,41.0,62.0,76.0,132.0,22.0,47.0,112.0,91.0,20.0,69.0,104.0,26.0,11.0,2.67,3.14,2.89,3.0,5.0,1.0,188.46,141.0,138.56,32.0,1.35,1.77,1.77,8.28,8.13,8.03,149.46,13.83,9.68,38.06,4.77,75.38,56.28,13.31,14.01,13.48,131.0,67.0,77.0,275.0,15.0,18.0,5.0,22.0,0.0,82.0,61.0,116.0,183.0,16.0,35.0,121.0,96.0,17.0,69.0,141.0,42.0,15.0,4.36,5.43,4.04,7.0,4.0,4.0,276.96,198.0,200.42,32.0,2.04,3.89,3.89,11.97,12.13,11.89
847516684779398481711,2025,Maccelli-Tavares-Nylander,TOR,line,5on5,10,4831.0,32.0,0.58,0.55,0.56,46.97,4.93,3.2,11.21,1.58,25.44,17.65,4.73,4.88,4.68,32.0,32.0,20.0,84.0,8.0,5.0,1.0,11.0,0.0,15.0,25.0,24.0,56.0,4.0,8.0,48.0,21.0,5.0,29.0,42.0,17.0,5.0,1.33,2.25,1.35,4.0,1.0,3.0,84.07,64.0,63.77,15.0,0.67,0.91,0.91,4.69,4.64,4.54,36.3,3.62,2.51,9.04,1.19,19.55,14.1,3.59,3.72,3.69,38.0,12.0,19.0,69.0,6.0,1.0,0.0,8.0,0.0,19.0,16.0,32.0,44.0,5.0,10.0,30.0,33.0,7.0,18.0,35.0,10.0,5.0,1.02,1.21,1.39,2.0,3.0,1.0,69.77,50.0,50.73,11.0,0.53,0.13,0.13,4.02,4.12,4.09
847645484782338478458,2025,Mangiapane-Nugent-Hopkins-Roslovic,EDM,line,5on5,3,1201.0,10.0,0.3,0.43,0.38,4.5,0.26,0.23,1.16,0.13,2.33,1.88,0.26,0.27,0.27,3.0,3.0,7.0,13.0,0.0,0.0,0.0,2.0,0.0,2.0,2.0,3.0,6.0,0.0,0.0,7.0,6.0,2.0,5.0,4.0,2.0,0.0,0.07,0.2,0.0,0.0,0.0,0.0,12.85,6.0,6.15,1.0,0.05,0.0,0.0,0.31,0.33,0.33,7.78,0.62,0.48,1.7,0.22,3.79,3.2,0.62,0.6,0.6,6.0,4.0,7.0,17.0,0.0,0.0,0.0,0.0,0.0,4.0,6.0,6.0,10.0,0.0,0.0,9.0,10.0,1.0,5.0,8.0,2.0,0.0,0.3,0.32,0.0,0.0,0.0,0.0,16.57,10.0,9.74,1.0,0.1,0.0,0.0,0.72,0.7,0.7
84800438482166,2025,Mukhamadullin-Liljegren,SJS,pairing,5on5,9,637.0,76.0,0.26,0.21,0.18,2.37,0.35,0.18,0.41,0.06,1.18,0.81,0.35,0.34,0.34,2.0,1.0,2.0,5.0,1.0,0.0,0.0,0.0,0.0,0.0,2.0,1.0,2.0,2.0,4.0,0.0,5.0,1.0,1.0,1.0,1.0,1.0,0.01,0.1,0.24,0.0,1.0,0.0,5.53,3.0,3.24,1.0,0.04,0.0,0.0,0.39,0.38,0.38,10.71,1.01,0.7,3.0,0.36,5.16,3.76,1.0,1.03,1.01,9.0,5.0,5.0,19.0,0.0,3.0,0.0,2.0,0.0,3.0,6.0,9.0,14.0,0.0,0.0,3.0,5.0,1.0,5.0,10.0,2.0,2.0,0.25,0.18,0.58,0.0,0.0,0.0,18.96,14.0,14.06,3.0,0.15,0.68,0.68,0.49,0.5,0.5
84799988482730,2025,Anderson-Clarke,LAK,pairing,5on5,23,1132.0,199.0,0.7,0.64,0.64,12.54,1.68,0.8,2.6,0.39,5.93,4.6,1.64,1.63,1.59,11.0,5.0,7.0,23.0,0.0,1.0,0.0,1.0,0.0,4.0,10.0,11.0,16.0,1.0,2.0,1.0,5.0,3.0,3.0,9.0,4.0,3.0,0.21,0.48,0.99,0.0,0.0,0.0,22.59,16.0,15.68,2.0,0.17,0.37,0.37,1.48,1.46,1.45,6.89,0.73,0.49,1.49,0.21,3.38,2.7,0.72,0.75,0.74,9.0,0.0,4.0,13.0,1.0,1.0,0.0,1.0,0.0,2.0,4.0,8.0,8.0,1.0,2.0,3.0,5.0,1.0,4.0,5.0,4.0,0.0,0.16,0.57,0.0,0.0,1.0,0.0,13.37,9.0,9.51,2.0,0.1,0.2,0.2,0.63,0.66,0.66
84764578478407,2025,Dunn-Larsson,SEA,pairing,5on5,37,34340.0,49.0,0.42,0.45,0.45,243.18,21.26,15.66,64.23,8.12,129.56,94.18,20.41,21.34,20.47,222.0,111.0,143.0,476.0,17.0,24.0,3.0,53.0,0.0,107.0,132.0,205.0,316.0,30.0,60.0,307.0,189.0,51.0,168.0,248.0,65.0,20.0,7.29,8.39,5.59,7.0,6.0,4.0,475.0,333.0,332.2,75.0,3.28,4.99,4.99,19.56,19.55,19.2,297.08,29.18,19.71,75.39,10.1,159.39,116.22,27.57,29.47,27.84,249.0,161.0,183.0,593.0,21.0,37.0,0.0,59.0,1.0,149.0,143.0,228.0,389.0,25.0,50.0,298.0,181.0,40.0,165.0,294.0,75.0,41.0,8.2,9.48,11.51,13.0,3.0,5.0,596.89,410.0,412.36,63.0,4.1,7.85,7.85,25.43,25.69,25.02
84751888480727,2025,Mcnabb-Whitecloud,VGK,pairing,5on5,24,1683.0,163.0,0.43,0.37,0.41,6.87,0.8,0.45,1.48,0.23,3.39,2.64,0.8,0.81,0.81,5.0,4.0,4.0,13.0,1.0,0.0,0.0,0.0,0.0,2.0,6.0,4.0,8.0,1.0,2.0,3.0,9.0,0.0,2.0,4.0,5.0,0.0,0.13,0.67,0.0,1.0,0.0,0.0,12.71,9.0,8.84,1.0,0.09,0.0,0.0,0.9,0.91,0.91,9.94,1.07,0.71,2.15,0.3,5.14,3.62,1.07,1.04,1.03,6.0,7.0,9.0,22.0,2.0,1.0,0.0,2.0,0.0,1.0,7.0,4.0,11.0,2.0,4.0,7.0,10.0,2.0,6.0,8.0,3.0,2.0,0.26,0.39,0.43,1.0,0.0,1.0,21.71,13.0,12.99,3.0,0.15,0.19,0.19,1.04,1.0,1.0
848266784842278484801,2025,Eklund-Celebrini-Smith,SJS,line,5on5,16,2060.0,131.0,0.34,0.38,0.39,18.96,1.83,1.31,4.47,0.57,9.69,7.12,1.78,1.82,1.77,18.0,7.0,6.0,31.0,1.0,1.0,0.0,4.0,0.0,10.0,9.0,17.0,24.0,2.0,4.0,10.0,7.0,4.0,9.0,16.0,6.0,3.0,0.37,0.71,0.75,0.0,1.0,0.0,30.59,25.0,25.07,7.0,0.27,0.27,0.27,1.84,1.83,1.79,29.8,3.55,1.92,7.62,1.01,14.65,10.25,3.19,3.58,3.22,23.0,16.0,12.0,51.0,3.0,7.0,1.0,3.0,0.0,13.0,13.0,20.0,36.0,5.0,10.0,19.0,17.0,0.0,10.0,24.0,9.0,6.0,0.59,1.1,1.86,1.0,1.0,1.0,52.15,39.0,39.09,2.0,0.4,1.64,1.64,2.31,2.34,2.32
847994484808068482475,2025,Aston-Reese-Lundestrm-Chinakhov,CBJ,line,5on5,8,2048.0,71.0,0.53,0.45,0.5,16.52,1.7,0.95,4.07,0.54,8.31,6.44,1.69,1.68,1.67,17.0,5.0,4.0,26.0,2.0,1.0,0.0,5.0,0.0,5.0,9.0,15.0,20.0,1.0,2.0,12.0,13.0,4.0,9.0,14.0,5.0,3.0,0.42,0.6,0.68,2.0,0.0,0.0,26.46,22.0,22.5,5.0,0.2,0.11,0.11,1.78,1.76,1.75,16.51,1.49,0.93,4.37,0.53,8.33,6.34,1.45,1.51,1.46,14.0,8.0,10.0,32.0,2.0,1.0,0.0,2.0,0.0,10.0,7.0,12.0,20.0,2.0,4.0,19.0,18.0,1.0,6.0,16.0,4.0,2.0,0.44,0.55,0.51,1.0,1.0,0.0,32.84,22.0,22.45,3.0,0.19,0.13,0.13,1.56,1.59,1.54
847798784827038484197,2025,Dach-Donato-Moore,CHI,line,5on5,9,668.0,85.0,0.65,0.75,0.76,9.6,0.6,0.59,3.54,0.32,4.62,3.33,0.58,0.6,0.58,11.0,2.0,5.0,18.0,0.0,2.0,0.0,5.0,0.0,5.0,1.0,11.0,13.0,0.0,0.0,8.0,3.0,1.0,3.0,11.0,1.0,1.0,0.23,0.1,0.28,0.0,0.0,0.0,18.12,13.0,13.43,1.0,0.13,0.31,0.31,0.42,0.44,0.42,2.97,0.33,0.16,0.61,0.09,1.35,1.46,0.33,0.36,0.36,4.0,0.0,2.0,6.0,2.0,0.0,0.0,0.0,0.0,1.0,1.0,2.0,2.0,1.0,2.0,10.0,4.0,1.0,4.0,3.0,0.0,1.0,0.11,0.0,0.22,1.0,0.0,1.0,6.62,4.0,4.23,3.0,0.03,0.0,0.0,0.36,0.4,0.4
847794084808298482809,2025,Ehlers-Kotkaniemi-Blake,CAR,line,5on5,4,1710.0,21.0,0.7,0.72,0.72,19.1,1.64,1.17,5.61,0.61,9.91,7.06,1.55,1.62,1.52,20.0,6.0,15.0,41.0,1.0,3.0,0.0,8.0,0.0,6.0,8.0,19.0,25.0,3.0,6.0,22.0,8.0,1.0,10.0,20.0,4.0,2.0,0.61,0.45,0.59,0.0,1.0,0.0,39.91,26.0,25.68,6.0,0.25,0.62,0.62,1.27,1.24,1.17,7.05,0.69,0.49,1.55,0.23,4.09,2.95,0.69,0.72,0.72,5.0,5.0,6.0,16.0,1.0,0.0,0.0,1.0,0.0,3.0,5.0,4.0,9.0,2.0,4.0,19.0,9.0,1.0,6.0,6.0,4.0,0.0,0.17,0.52,0.0,0.0,1.0,0.0,16.82,10.0,10.41,2.0,0.1,0.0,0.0,0.8,0.83,0.83
84808178482100,2025,Miller-Nikishin,CAR,pairing,5on5,28,1505.0,223.0,0.49,0.48,0.47,12.88,1.14,0.68,2.73,0.39,6.28,5.78,1.14,1.12,1.12,14.0,3.0,5.0,22.0,1.0,0.0,0.0,1.0,0.0,4.0,11.0,13.0,16.0,3.0,6.0,1.0,14.0,1.0,6.0,13.0,4.0,0.0,0.6,0.54,0.0,1.0,0.0,0.0,22.31,17.0,17.28,1.0,0.14,0.0,0.0,1.27,1.25,1.25,14.09,1.19,0.86,3.26,0.42,7.62,5.64,1.19,1.19,1.19,13.0,6.0,5.0,24.0,2.0,0.0,0.0,4.0,0.0,7.0,6.0,11.0,17.0,4.0,8.0,0.0,5.0,1.0,4.0,13.0,5.0,1.0,0.35,0.54,0.31,1.0,1.0,0.0,23.91,19.0,19.08,2.0,0.18,0.0,0.0,1.37,1.36,1.36
847579984763928480113,2025,Iafallo-Lowry-Niederreiter,WPG,line,5on5,12,6140.0,39.0,0.46,0.44,0.44,38.81,4.85,2.83,9.11,1.39,21.25,15.58,4.71,5.07,4.93,37.0,18.0,25.0,80.0,4.0,4.0,1.0,12.0,0.0,18.0,17.0,33.0,51.0,3.0,9.0,53.0,50.0,11.0,30.0,38.0,9.0,8.0,1.05,1.19,2.61,1.0,1.0,2.0,83.06,55.0,57.27,18.0,0.59,1.37,1.37,4.07,4.26,4.23,50.88,5.76,3.64,14.09,1.88,26.59,19.04,5.45,5.54,5.25,42.0,29.0,32.0,103.0,6.0,12.0,1.0,6.0,1.0,25.0,21.0,36.0,65.0,4.0,9.0,50.0,30.0,6.0,35.0,49.0,12.0,10.0,1.48,1.55,2.72,5.0,0.0,1.0,100.17,71.0,69.04,13.0,0.76,2.51,2.51,4.01,3.88,3.76
847578684784028478458,2025,Hyman-Mcdavid-Roslovic,EDM,line,5on5,4,695.0,36.0,0.39,0.54,0.44,6.03,0.69,0.41,1.56,0.2,3.07,2.07,0.67,0.74,0.72,5.0,3.0,5.0,13.0,0.0,0.0,0.0,1.0,0.0,2.0,5.0,5.0,8.0,0.0,0.0,8.0,6.0,0.0,3.0,4.0,3.0,1.0,0.09,0.4,0.2,0.0,0.0,0.0,13.61,8.0,8.36,2.0,0.09,0.0,0.0,0.78,0.84,0.81,7.83,1.09,0.54,1.96,0.23,3.66,2.51,0.86,1.01,0.8,9.0,1.0,1.0,11.0,0.0,3.0,0.0,1.0,0.0,4.0,2.0,9.0,10.0,1.0,2.0,7.0,3.0,1.0,3.0,6.0,2.0,2.0,0.16,0.23,0.7,0.0,0.0,0.0,10.12,10.0,9.22,1.0,0.12,0.83,0.83,0.38,0.35,0.29
847740484785198479542,2025,Hagel-Cirelli-Guentzel,TBL,line,5on5,15,3736.0,82.0,0.68,0.64,0.6,46.8,5.59,3.45,11.89,1.6,24.28,17.2,4.96,5.68,5.04,38.0,26.0,34.0,98.0,6.0,7.0,3.0,10.0,0.0,27.0,14.0,32.0,58.0,4.0,10.0,25.0,24.0,8.0,17.0,42.0,13.0,9.0,1.47,1.86,2.26,2.0,3.0,1.0,98.74,64.0,64.96,10.0,0.73,0.97,0.97,5.35,5.45,4.99,30.83,2.68,2.1,6.97,1.01,16.37,12.87,2.62,2.6,2.55,27.0,15.0,14.0,56.0,2.0,3.0,1.0,4.0,0.0,14.0,19.0,25.0,40.0,3.0,8.0,27.0,29.0,5.0,23.0,29.0,11.0,2.0,0.87,1.23,0.57,0.0,2.0,0.0,54.19,42.0,40.78,11.0,0.44,0.48,0.48,2.63,2.55,2.5
847571484768728478904,2025,Lorentz-Laughton-Jarnkrok,TOR,line,5on5,8,2552.0,49.0,0.36,0.37,0.4,16.97,1.31,0.86,4.15,0.54,9.16,6.99,1.3,1.31,1.3,16.0,7.0,3.0,26.0,1.0,1.0,0.0,5.0,0.0,7.0,9.0,15.0,22.0,1.0,2.0,23.0,19.0,3.0,9.0,19.0,2.0,2.0,0.44,0.28,0.58,1.0,0.0,0.0,26.65,23.0,23.54,6.0,0.17,0.37,0.37,1.11,1.12,1.12,24.93,2.29,1.6,6.17,0.78,14.04,10.12,2.17,2.36,2.23,22.0,13.0,9.0,44.0,1.0,2.0,0.0,5.0,0.0,19.0,8.0,21.0,34.0,1.0,2.0,18.0,17.0,5.0,14.0,25.0,8.0,2.0,0.67,1.01,0.62,1.0,0.0,0.0,44.56,35.0,35.34,4.0,0.33,0.56,0.56,2.06,2.09,2.02
84788548481030,2025,Shea-St. Ivany,PIT,pairing,5on5,6,3891.0,20.0,0.54,0.49,0.5,34.46,3.31,2.27,8.04,1.12,17.91,13.34,3.13,3.46,3.28,30.0,16.0,19.0,65.0,5.0,2.0,0.0,7.0,0.0,15.0,17.0,25.0,41.0,4.0,8.0,30.0,29.0,10.0,14.0,32.0,9.0,5.0,0.8,1.18,1.32,1.0,3.0,1.0,69.25,46.0,48.23,5.0,0.47,0.52,0.52,3.27,3.45,3.28,33.38,2.81,2.18,8.29,1.1,17.75,13.87,2.68,2.75,2.62,27.0,19.0,21.0,67.0,2.0,4.0,0.0,9.0,0.0,15.0,16.0,25.0,44.0,2.0,4.0,35.0,30.0,3.0,20.0,35.0,8.0,3.0,0.95,1.01,0.85,2.0,0.0,0.0,64.52,46.0,44.75,10.0,0.45,1.02,1.02,2.25,2.21,2.13
847519184769258478434,2025,Smith-Sissons-Kolesar,VGK,line,5on5,8,1290.0,68.0,0.34,0.43,0.42,10.57,0.57,0.59,2.55,0.33,5.46,4.49,0.57,0.54,0.54,9.0,5.0,7.0,21.0,0.0,0.0,0.0,4.0,0.0,5.0,5.0,9.0,14.0,1.0,2.0,13.0,8.0,0.0,6.0,13.0,1.0,0.0,0.38,0.2,0.0,0.0,0.0,0.0,19.19,14.0,13.09,4.0,0.12,0.0,0.0,0.7,0.65,0.65,13.65,1.1,0.9,3.63,0.48,7.51,5.37,1.05,1.2,1.14,11.0,8.0,9.0,28.0,1.0,1.0,0.0,3.0,0.0,11.0,3.0,10.0,18.0,2.0,4.0,12.0,14.0,2.0,7.0,15.0,3.0,1.0,0.39,0.35,0.36,1.0,0.0,0.0,30.17,19.0,20.62,5.0,0.19,0.36,0.36,0.93,1.0,0.94
84788518480865,2025,Dobson-Carrier,MTL,pairing,5on5,24,1007.0,238.0,0.11,0.34,0.38,5.85,0.2,0.31,1.44,0.18,3.36,2.5,0.2,0.2,0.2,4.0,4.0,2.0,10.0,0.0,0.0,0.0,1.0,0.0,6.0,1.0,4.0,8.0,3.0,6.0,1.0,8.0,1.0,5.0,8.0,0.0,0.0,0.2,0.0,0.0,0.0,0.0,0.0,9.94,8.0,7.99,2.0,0.06,0.0,0.0,0.26,0.26,0.26,10.68,1.62,0.91,2.14,0.3,4.7,3.34,1.58,1.62,1.58,9.0,4.0,6.0,19.0,4.0,2.0,0.0,2.0,0.0,1.0,4.0,5.0,9.0,1.0,2.0,0.0,3.0,1.0,1.0,5.0,7.0,1.0,0.29,0.95,0.38,1.0,3.0,0.0,18.99,13.0,13.04,1.0,0.2,0.57,0.57,1.25,1.23,1.22
84816058482178,2025,Lacombe-Moore,ANA,pairing,5on5,22,2333.0,151.0,0.74,0.73,0.68,20.01,2.17,1.44,4.58,0.68,10.86,8.26,2.14,2.1,2.06,15.0,13.0,9.0,37.0,3.0,0.0,0.0,1.0,0.0,10.0,14.0,12.0,25.0,5.0,10.0,11.0,8.0,4.0,8.0,19.0,6.0,3.0,0.67,0.82,0.68,2.0,1.0,0.0,35.99,28.0,27.43,4.0,0.3,0.0,0.24,2.23,2.18,2.17,9.61,0.77,0.56,2.43,0.3,5.11,3.83,0.77,0.8,0.8,6.0,7.0,1.0,14.0,1.0,0.0,0.0,2.0,0.0,2.0,8.0,5.0,12.0,6.0,12.0,8.0,12.0,5.0,11.0,10.0,2.0,1.0,0.35,0.19,0.23,0.0,0.0,1.0,14.34,13.0,13.25,9.0,0.12,0.0,0.0,0.89,0.92,0.92
847842184785428482713,2025,Greer-Rodrigues-Samoskevich,FLA,line,5on5,12,5981.0,47.0,0.53,0.6,0.58,59.76,5.36,3.76,15.82,2.0,31.43,22.63,5.11,5.46,5.19,59.0,22.0,32.0,113.0,3.0,9.0,0.0,14.0,0.0,31.0,24.0,56.0,78.0,13.0,26.0,61.0,49.0,8.0,27.0,57.0,20.0,4.0,1.67,2.47,1.21,2.0,1.0,0.0,115.07,81.0,82.32,14.0,0.79,1.56,1.53,4.61,4.58,4.46,44.26,4.81,2.86,11.75,1.42,20.73,16.42,4.61,4.9,4.69,41.0,17.0,17.0,75.0,5.0,5.0,1.0,10.0,0.0,24.0,14.0,36.0,53.0,9.0,18.0,54.0,51.0,9.0,27.0,37.0,15.0,6.0,1.05,2.08,1.68,0.0,4.0,1.0,75.02,58.0,57.97,14.0,0.61,1.35,1.35,4.07,4.13,4.04
84764418482730,2025,Edmundson-Clarke,LAK,pairing,5on5,39,25773.0,112.0,0.52,0.53,0.54,222.76,17.97,14.42,58.94,7.5,121.6,87.58,17.66,17.98,17.69,193.0,115.0,139.0,447.0,16.0,17.0,2.0,53.0,0.0,117.0,105.0,177.0,292.0,30.0,72.0,213.0,166.0,42.0,121.0,235.0,58.0,15.0,6.42,7.31,4.25,7.0,7.0,2.0,446.79,308.0,307.99,49.0,3.0,3.23,3.23,17.75,17.9,17.69,192.46,16.81,11.92,48.59,6.52,101.01,78.15,16.21,17.07,16.46,172.0,91.0,131.0,394.0,15.0,22.0,1.0,32.0,0.0,93.0,101.0,157.0,248.0,27.0,66.0,219.0,159.0,36.0,116.0,190.0,55.0,18.0,5.65,6.6,4.56,7.0,7.0,1.0,395.66,263.0,265.92,62.0,2.47,4.26,4.26,15.03,15.22,14.95
848028984810438484135,2025,Koepke-Barron-Ford,WPG,line,5on5,4,1062.0,18.0,0.26,0.44,0.53,6.14,0.25,0.32,1.65,0.2,3.79,2.8,0.25,0.27,0.27,6.0,3.0,2.0,11.0,0.0,0.0,0.0,2.0,0.0,3.0,4.0,6.0,9.0,2.0,4.0,10.0,11.0,3.0,4.0,9.0,0.0,0.0,0.25,0.0,0.0,0.0,0.0,0.0,12.17,9.0,9.66,3.0,0.06,0.0,0.0,0.31,0.33,0.33,5.67,0.71,0.4,1.52,0.21,2.97,2.19,0.69,0.69,0.68,0.0,8.0,6.0,14.0,0.0,0.0,0.0,0.0,0.0,3.0,5.0,0.0,8.0,1.0,2.0,7.0,15.0,1.0,1.0,4.0,4.0,0.0,0.15,0.56,0.0,0.0,0.0,0.0,13.04,8.0,7.55,1.0,0.09,0.0,0.0,0.8,0.78,0.77
84746008479980,2025,Josi-Hague,NSH,pairing,5on5,19,8595.0,90.0,0.57,0.55,0.54,81.46,7.95,5.59,19.68,2.54,42.59,31.66,7.61,7.86,7.54,73.0,37.0,41.0,151.0,12.0,10.0,4.0,17.0,0.0,35.0,36.0,61.0,98.0,7.0,14.0,78.0,62.0,12.0,30.0,79.0,20.0,11.0,2.65,2.51,2.78,5.0,2.0,5.0,148.37,110.0,107.8,11.0,1.17,2.22,2.22,6.9,6.85,6.74,68.12,6.08,4.35,16.71,2.21,36.25,26.38,5.97,6.3,6.19,61.0,31.0,33.0,125.0,11.0,2.0,1.0,14.0,0.0,33.0,32.0,50.0,81.0,9.0,20.0,75.0,55.0,13.0,39.0,64.0,24.0,4.0,1.89,3.09,1.11,4.0,6.0,1.0,129.96,92.0,94.97,15.0,0.91,0.6,0.6,6.4,6.62,6.57
84769318479442,2025,Mccabe-Stecher,TOR,pairing,5on5,18,11049.0,75.0,0.59,0.48,0.5,93.63,10.74,6.46,21.97,3.04,48.41,35.38,10.05,10.96,10.23,86.0,40.0,37.0,163.0,13.0,13.0,2.0,19.0,0.0,43.0,38.0,73.0,113.0,8.0,16.0,101.0,74.0,19.0,52.0,80.0,32.0,14.0,2.47,4.02,4.24,5.0,5.0,3.0,166.2,126.0,128.3,21.0,1.35,2.76,2.97,9.12,9.34,9.14,91.47,7.48,5.61,23.44,2.96,48.48,36.05,7.29,7.39,7.2,91.0,33.0,52.0,176.0,4.0,7.0,0.0,28.0,0.0,37.0,48.0,87.0,120.0,16.0,32.0,58.0,72.0,16.0,52.0,98.0,16.0,10.0,3.05,1.83,2.61,3.0,1.0,0.0,174.42,124.0,123.09,20.0,1.16,1.47,1.47,7.17,7.08,6.95
847579484800278482740,2025,Robertson-Johnston-Seguin,DAL,line,5on5,17,1536.0,199.0,0.37,0.34,0.33,11.3,1.23,0.8,2.7,0.35,5.82,4.1,1.15,1.24,1.16,9.0,6.0,5.0,20.0,0.0,3.0,0.0,2.0,0.0,3.0,7.0,9.0,15.0,0.0,0.0,10.0,8.0,3.0,9.0,9.0,4.0,2.0,0.32,0.45,0.47,0.0,0.0,0.0,19.35,15.0,14.74,4.0,0.17,0.65,0.65,0.75,0.74,0.73,21.48,2.08,1.39,5.27,0.75,11.63,8.87,2.02,2.07,2.01,22.0,8.0,8.0,38.0,0.0,4.0,0.0,2.0,0.0,11.0,13.0,22.0,30.0,1.0,2.0,6.0,10.0,0.0,7.0,21.0,7.0,2.0,0.64,0.95,0.49,0.0,0.0,0.0,38.76,30.0,30.52,1.0,0.29,0.59,0.59,1.78,1.79,1.78
847688084815808482088,2025,Mcmichael-Sourdif-Wilson,WSH,line,5on5,7,1581.0,59.0,0.69,0.6,0.57,14.86,2.05,1.08,3.3,0.51,7.64,5.41,1.89,2.08,1.9,13.0,7.0,15.0,35.0,3.0,1.0,0.0,2.0,0.0,8.0,6.0,10.0,17.0,1.0,2.0,15.0,13.0,3.0,10.0,10.0,7.0,3.0,0.34,0.86,0.85,0.0,2.0,1.0,35.47,20.0,20.51,5.0,0.23,0.3,0.3,1.98,2.0,1.83,11.97,0.92,0.81,3.08,0.44,5.29,4.46,0.87,0.9,0.86,12.0,3.0,8.0,23.0,0.0,3.0,0.0,2.0,0.0,6.0,4.0,12.0,15.0,1.0,2.0,15.0,9.0,3.0,10.0,9.0,6.0,0.0,0.25,0.67,0.0,0.0,0.0,0.0,22.48,15.0,14.53,4.0,0.17,0.31,0.31,0.78,0.76,0.74
84793958482684,2025,Hughes-Cholowski,NJD,pairing,5on5,11,815.0,77.0,0.34,0.38,0.46,8.09,0.47,0.5,1.77,0.23,4.44,3.59,0.47,0.47,0.46,9.0,2.0,2.0,13.0,1.0,0.0,0.0,0.0,0.0,6.0,4.0,8.0,10.0,0.0,0.0,3.0,4.0,0.0,1.0,10.0,1.0,0.0,0.38,0.1,0.0,0.0,1.0,0.0,12.83,11.0,10.84,1.0,0.1,0.0,0.0,0.57,0.57,0.56,9.73,0.9,0.64,2.19,0.28,5.16,3.82,0.85,0.93,0.88,10.0,3.0,8.0,21.0,2.0,1.0,1.0,2.0,0.0,4.0,4.0,8.0,11.0,0.0,0.0,4.0,5.0,1.0,1.0,9.0,2.0,2.0,0.21,0.28,0.42,1.0,0.0,1.0,21.25,13.0,13.14,0.0,0.13,0.22,0.22,0.82,0.83,0.77
847847284820778484164,2025,Holloway-Dvorsky-Joseph,STL,line,5on5,5,678.0,80.0,0.33,0.45,0.46,4.37,0.25,0.23,1.07,0.13,2.52,1.81,0.25,0.23,0.23,3.0,3.0,3.0,9.0,0.0,0.0,0.0,1.0,0.0,1.0,4.0,3.0,6.0,0.0,0.0,2.0,2.0,1.0,6.0,5.0,1.0,0.0,0.14,0.11,0.0,0.0,0.0,0.0,8.62,6.0,5.8,1.0,0.05,0.0,0.0,0.29,0.28,0.28,5.17,0.51,0.38,1.24,0.19,2.74,1.95,0.47,0.56,0.52,5.0,2.0,4.0,11.0,0.0,2.0,0.0,2.0,0.0,2.0,1.0,5.0,7.0,0.0,0.0,5.0,9.0,1.0,3.0,5.0,2.0,0.0,0.21,0.3,0.0,0.0,0.0,0.0,11.91,7.0,7.64,1.0,0.08,0.19,0.19,0.39,0.43,0.43
847575284802598483499,2025,Ohgren-Jones-Pitlick,MIN,line,5on5,6,2057.0,22.0,0.15,0.3,0.26,9.06,0.35,0.39,2.79,0.3,4.43,3.74,0.35,0.38,0.38,9.0,3.0,7.0,19.0,0.0,0.0,0.0,3.0,0.0,6.0,3.0,9.0,12.0,1.0,2.0,17.0,17.0,4.0,9.0,11.0,1.0,0.0,0.22,0.13,0.0,0.0,0.0,0.0,21.29,12.0,13.3,6.0,0.08,0.0,0.0,0.43,0.47,0.47,24.26,2.05,1.68,7.03,0.84,13.23,9.15,1.89,1.97,1.81,21.0,13.0,11.0,45.0,0.0,4.0,0.0,5.0,0.0,15.0,10.0,21.0,34.0,0.0,0.0,21.0,15.0,3.0,10.0,27.0,4.0,3.0,0.73,0.59,0.73,0.0,0.0,0.0,42.38,34.0,32.47,6.0,0.35,0.71,0.71,1.69,1.63,1.58
847744684820628483513,2025,Schaefer-Mccarron-Smith,NSH,line,5on5,8,4205.0,17.0,0.56,0.48,0.49,31.55,3.12,2.07,8.24,1.01,15.36,11.2,2.99,3.11,2.98,26.0,15.0,14.0,55.0,1.0,5.0,0.0,5.0,0.0,21.0,9.0,25.0,40.0,6.0,12.0,41.0,63.0,1.0,16.0,31.0,2.0,8.0,0.65,0.21,2.26,1.0,0.0,0.0,54.22,41.0,40.7,14.0,0.44,1.55,1.55,2.01,2.03,2.01,30.99,2.47,2.08,7.55,1.02,16.84,12.04,2.4,2.43,2.36,29.0,13.0,18.0,60.0,1.0,2.0,0.0,7.0,0.0,18.0,14.0,28.0,41.0,4.0,6.0,45.0,45.0,0.0,19.0,31.0,9.0,2.0,0.74,1.18,0.55,1.0,0.0,0.0,60.16,42.0,41.94,10.0,0.43,0.49,0.49,2.41,2.36,2.33
84808798484223,2025,Sandin-Pellikka-Bernard-Docker,DET,pairing,5on5,7,1159.0,53.0,0.35,0.45,0.45,7.55,0.42,0.4,1.64,0.22,4.0,3.31,0.41,0.4,0.4,8.0,2.0,4.0,14.0,0.0,1.0,0.0,2.0,0.0,3.0,4.0,8.0,10.0,0.0,0.0,8.0,4.0,1.0,6.0,9.0,1.0,0.0,0.25,0.16,0.0,0.0,0.0,0.0,13.11,10.0,9.54,1.0,0.08,0.16,0.16,0.33,0.32,0.32,9.13,0.79,0.51,2.36,0.27,4.44,3.64,0.78,0.82,0.82,11.0,1.0,5.0,17.0,0.0,1.0,0.0,5.0,0.0,2.0,4.0,11.0,12.0,0.0,0.0,13.0,11.0,0.0,5.0,9.0,1.0,2.0,0.24,0.1,0.45,0.0,0.0,0.0,18.48,12.0,12.91,2.0,0.11,0.24,0.24,0.65,0.69,0.69
84773468479402,2025,Bean-Weegar,CGY,pairing,5on5,13,4674.0,58.0,0.58,0.62,0.63,44.67,4.22,3.01,11.37,1.49,24.83,17.08,4.16,4.24,4.18,46.0,16.0,34.0,96.0,2.0,6.0,0.0,15.0,0.0,19.0,20.0,44.0,60.0,5.0,13.0,29.0,32.0,5.0,23.0,46.0,12.0,4.0,1.38,1.59,1.25,1.0,0.0,1.0,96.41,62.0,62.59,8.0,0.62,1.24,1.24,3.6,3.61,3.59,27.29,3.04,1.86,6.31,0.9,14.05,10.84,2.78,3.05,2.79,28.0,9.0,23.0,60.0,4.0,3.0,0.0,4.0,0.0,15.0,11.0,24.0,33.0,11.0,25.0,43.0,37.0,11.0,26.0,25.0,8.0,4.0,0.59,1.05,1.4,2.0,1.0,1.0,59.88,37.0,37.08,12.0,0.4,1.14,1.14,2.31,2.33,2.3
84746008480246,2025,Josi-Perbix,NSH,pairing,5on5,20,8771.0,94.0,0.48,0.48,0.47,77.81,7.39,5.22,20.17,2.52,39.6,29.1,6.78,7.38,6.78,64.0,40.0,48.0,152.0,7.0,15.0,1.0,14.0,0.0,37.0,31.0,57.0,97.0,17.0,34.0,67.0,50.0,10.0,38.0,78.0,16.0,10.0,2.38,2.15,2.86,4.0,2.0,1.0,149.99,104.0,103.35,23.0,1.1,3.15,3.15,5.33,5.36,5.17,87.44,8.15,5.52,22.13,2.93,43.93,33.35,7.76,8.19,7.79,72.0,44.0,49.0,165.0,8.0,11.0,2.0,12.0,0.0,39.0,46.0,64.0,108.0,10.0,18.0,83.0,71.0,10.0,38.0,83.0,22.0,11.0,2.13,2.81,3.22,2.0,4.0,2.0,166.13,116.0,116.72,25.0,1.15,2.91,2.91,6.39,6.37,6.26
84788828481525,2025,Gavrikov-Robertson,NYR,pairing,5on5,22,1273.0,177.0,0.39,0.34,0.41,8.45,0.69,0.47,2.14,0.27,4.68,3.75,0.69,0.66,0.66,10.0,2.0,2.0,14.0,1.0,0.0,0.0,2.0,0.0,4.0,5.0,9.0,11.0,1.0,2.0,2.0,5.0,0.0,7.0,8.0,4.0,0.0,0.19,0.5,0.0,1.0,0.0,0.0,13.25,12.0,11.48,5.0,0.1,0.0,0.0,0.78,0.75,0.74,12.34,1.09,0.72,3.12,0.44,6.2,5.43,1.09,1.15,1.14,13.0,4.0,10.0,27.0,1.0,1.0,0.0,3.0,0.0,3.0,9.0,12.0,16.0,1.0,2.0,2.0,11.0,1.0,2.0,11.0,5.0,1.0,0.22,0.57,0.3,0.0,1.0,0.0,27.68,17.0,17.55,0.0,0.15,0.3,0.3,0.94,0.98,0.98
847847484788318479293,2025,Tanev-Stenlund-Crouse,UTA,line,5on5,9,691.0,77.0,0.48,0.45,0.5,6.97,0.39,0.38,1.88,0.2,3.45,2.71,0.39,0.39,0.39,7.0,2.0,1.0,10.0,0.0,0.0,0.0,0.0,0.0,5.0,4.0,7.0,9.0,0.0,0.0,7.0,7.0,1.0,8.0,7.0,2.0,0.0,0.1,0.29,0.0,0.0,0.0,0.0,9.97,9.0,8.95,2.0,0.08,0.0,0.0,0.47,0.47,0.47,6.18,0.41,0.39,1.68,0.23,3.67,2.63,0.41,0.41,0.41,4.0,5.0,3.0,12.0,0.0,0.0,0.0,3.0,0.0,5.0,1.0,4.0,9.0,1.0,2.0,5.0,5.0,0.0,4.0,6.0,3.0,0.0,0.13,0.29,0.0,0.0,0.0,0.0,12.0,9.0,9.04,2.0,0.08,0.0,0.0,0.49,0.49,0.48
84763318477938,2025,Fleury-Demelo,WPG,pairing,5on5,11,613.0,91.0,0.69,0.43,0.46,4.41,0.9,0.4,1.06,0.16,2.0,1.48,0.79,0.9,0.79,4.0,2.0,0.0,6.0,0.0,2.0,0.0,2.0,0.0,1.0,1.0,4.0,6.0,0.0,0.0,2.0,0.0,0.0,4.0,2.0,1.0,3.0,0.05,0.12,0.73,0.0,0.0,0.0,6.42,6.0,6.08,1.0,0.09,0.48,0.48,0.51,0.49,0.48,5.55,0.41,0.38,1.36,0.15,2.71,1.99,0.41,0.43,0.42,6.0,1.0,1.0,8.0,0.0,0.0,0.0,1.0,0.0,2.0,4.0,6.0,7.0,3.0,6.0,3.0,2.0,2.0,7.0,6.0,0.0,1.0,0.18,0.0,0.23,0.0,0.0,0.0,8.57,7.0,7.34,2.0,0.08,0.0,0.0,0.5,0.51,0.51
847802084801888481596,2025,Zetterlund-Pinto-Amadio,OTT,line,5on5,11,809.0,156.0,0.55,0.48,0.59,7.27,0.51,0.46,1.66,0.23,3.96,3.19,0.5,0.49,0.48,6.0,4.0,4.0,14.0,0.0,0.0,0.0,0.0,0.0,7.0,3.0,6.0,10.0,3.0,6.0,7.0,7.0,1.0,3.0,9.0,1.0,0.0,0.31,0.2,0.0,0.0,0.0,0.0,13.58,10.0,9.62,2.0,0.09,0.0,0.0,0.6,0.58,0.57,4.99,0.41,0.3,1.18,0.15,2.77,2.19,0.41,0.39,0.39,4.0,3.0,8.0,15.0,0.0,0.0,0.0,0.0,0.0,5.0,2.0,4.0,7.0,0.0,0.0,6.0,8.0,0.0,1.0,5.0,2.0,0.0,0.19,0.21,0.0,0.0,0.0,0.0,14.45,7.0,6.87,0.0,0.06,0.0,0.0,0.47,0.45,0.45
84751818480043,2025,Leddy-Liljegren,SJS,pairing,5on5,4,901.0,34.0,0.22,0.16,0.16,3.08,0.29,0.18,0.73,0.08,1.59,1.13,0.29,0.28,0.28,2.0,2.0,1.0,5.0,1.0,0.0,0.0,1.0,0.0,2.0,0.0,1.0,3.0,0.0,0.0,8.0,10.0,0.0,5.0,3.0,1.0,0.0,0.09,0.2,0.0,1.0,0.0,0.0,4.93,4.0,4.01,2.0,0.04,0.0,0.0,0.32,0.31,0.31,14.0,1.01,0.93,3.3,0.5,9.04,6.21,0.99,1.09,1.07,12.0,9.0,5.0,26.0,1.0,2.0,0.0,4.0,0.0,11.0,3.0,11.0,20.0,3.0,6.0,7.0,3.0,3.0,7.0,18.0,3.0,0.0,0.67,0.34,0.0,1.0,0.0,0.0,28.52,21.0,22.71,0.0,0.19,0.15,0.15,1.05,1.14,1.12
84799808480246,2025,Hague-Perbix,NSH,pairing,5on5,23,1875.0,167.0,0.6,0.47,0.39,11.33,1.19,0.81,2.58,0.35,5.83,4.24,1.15,1.13,1.09,9.0,6.0,8.0,23.0,1.0,1.0,0.0,1.0,0.0,6.0,6.0,8.0,14.0,2.0,4.0,16.0,12.0,6.0,9.0,9.0,5.0,1.0,0.29,0.62,0.27,0.0,1.0,0.0,21.74,15.0,14.45,5.0,0.17,0.27,0.27,1.09,1.05,1.05,16.29,0.78,0.9,3.84,0.5,9.71,7.27,0.78,0.8,0.8,17.0,6.0,3.0,26.0,0.0,0.0,0.0,5.0,0.0,10.0,8.0,17.0,23.0,2.0,4.0,5.0,7.0,4.0,10.0,22.0,1.0,0.0,0.62,0.17,0.0,0.0,0.0,0.0,27.12,23.0,23.8,3.0,0.18,0.0,0.0,0.97,0.98,0.98
847464184757868479365,2025,Hyman-Henrique-Frederic,EDM,line,5on5,4,941.0,33.0,0.24,0.36,0.33,7.06,0.39,0.41,1.56,0.23,4.13,3.28,0.38,0.42,0.41,4.0,6.0,4.0,14.0,1.0,1.0,0.0,1.0,0.0,3.0,4.0,3.0,9.0,1.0,2.0,5.0,9.0,2.0,2.0,9.0,1.0,0.0,0.27,0.12,0.0,1.0,0.0,0.0,14.97,10.0,10.96,1.0,0.08,0.12,0.12,0.35,0.38,0.38,14.67,1.21,1.0,3.46,0.49,7.84,5.99,1.16,1.13,1.08,12.0,8.0,5.0,25.0,1.0,3.0,0.0,2.0,0.0,10.0,4.0,11.0,19.0,1.0,2.0,10.0,12.0,2.0,4.0,18.0,0.0,2.0,0.6,0.0,0.61,1.0,0.0,0.0,23.53,20.0,18.78,1.0,0.2,0.63,0.63,0.79,0.75,0.72
847522084769948481477,2025,Foligno-Sturm-Hinostroza,MIN,line,5on5,5,1570.0,21.0,0.55,0.39,0.45,10.22,0.69,0.62,2.97,0.34,5.6,3.78,0.69,0.69,0.68,9.0,5.0,5.0,19.0,1.0,1.0,0.0,1.0,0.0,4.0,7.0,8.0,13.0,3.0,6.0,14.0,14.0,5.0,2.0,11.0,2.0,1.0,0.3,0.18,0.21,1.0,0.0,0.0,18.91,14.0,14.02,1.0,0.13,0.02,0.02,0.8,0.8,0.79,10.3,0.56,0.78,3.06,0.43,7.32,4.85,0.55,0.56,0.55,8.0,9.0,13.0,30.0,0.0,2.0,0.0,2.0,0.0,7.0,6.0,8.0,17.0,1.0,2.0,11.0,9.0,1.0,5.0,16.0,1.0,0.0,0.47,0.09,0.0,0.0,0.0,0.0,31.12,17.0,17.37,3.0,0.16,0.1,0.1,0.62,0.64,0.63
84768698482482,2025,Skjei-Wilsby,NSH,pairing,5on5,23,11966.0,102.0,0.51,0.5,0.48,95.93,9.38,6.53,23.4,3.17,49.39,37.13,9.06,9.25,8.94,86.0,43.0,48.0,177.0,8.0,14.0,2.0,12.0,1.0,50.0,44.0,78.0,121.0,17.0,40.0,104.0,76.0,19.0,52.0,91.0,26.0,12.0,2.68,3.53,3.17,4.0,1.0,3.0,174.83,129.0,127.65,29.0,1.37,2.38,2.38,8.37,8.29,8.14,98.79,8.99,6.61,24.86,3.34,54.65,38.55,8.47,9.1,8.56,88.0,49.0,41.0,178.0,3.0,11.0,1.0,24.0,0.0,55.0,44.0,85.0,134.0,16.0,38.0,106.0,68.0,12.0,64.0,102.0,24.0,11.0,2.83,3.07,3.08,1.0,1.0,1.0,180.48,137.0,138.1,29.0,1.38,2.44,2.44,7.93,7.96,7.74
847886484815578482079,2025,Boldy-Rossi-Kaprizov,MIN,line,5on5,13,3021.0,114.0,0.52,0.59,0.53,31.23,2.52,2.07,7.72,1.0,16.82,12.87,2.38,2.58,2.44,21.0,22.0,21.0,64.0,4.0,3.0,0.0,0.0,0.0,17.0,19.0,17.0,39.0,0.0,0.0,21.0,10.0,3.0,15.0,32.0,9.0,2.0,0.91,1.04,0.56,1.0,2.0,1.0,64.93,43.0,43.5,7.0,0.43,0.38,0.38,2.56,2.61,2.52,27.35,2.34,1.7,6.98,0.95,14.97,11.07,2.28,2.35,2.28,26.0,12.0,7.0,45.0,3.0,3.0,0.0,8.0,0.0,7.0,17.0,23.0,35.0,4.0,8.0,19.0,14.0,5.0,19.0,27.0,9.0,2.0,0.75,0.92,0.67,3.0,0.0,0.0,45.1,38.0,38.23,9.0,0.35,0.6,0.6,2.09,2.09,2.09
847795384793658481617,2025,Kapanen-Frederic-Podkolzin,EDM,line,5on5,2,1089.0,3.0,0.5,0.5,0.58,8.54,0.94,0.65,2.23,0.24,4.01,2.93,0.9,1.01,0.97,5.0,6.0,6.0,17.0,1.0,1.0,0.0,0.0,0.0,2.0,7.0,4.0,10.0,2.0,4.0,7.0,10.0,1.0,6.0,7.0,2.0,2.0,0.25,0.25,0.44,0.0,1.0,0.0,17.9,11.0,11.62,1.0,0.14,0.23,0.23,0.85,0.91,0.89,6.35,0.94,0.51,1.36,0.17,2.82,2.2,0.94,0.89,0.89,5.0,3.0,9.0,17.0,0.0,0.0,0.0,1.0,0.0,4.0,3.0,5.0,8.0,0.0,0.0,8.0,11.0,0.0,3.0,4.0,2.0,2.0,0.15,0.27,0.51,0.0,0.0,0.0,16.22,8.0,7.73,3.0,0.11,0.0,0.0,1.05,0.99,0.99
847687384769218477478,2025,Martinook-Jankowski-Carrier,CAR,line,5on5,5,892.0,36.0,0.77,0.61,0.75,11.38,1.47,0.88,2.83,0.38,5.53,3.91,1.35,1.41,1.29,12.0,3.0,7.0,22.0,2.0,2.0,0.0,4.0,0.0,3.0,4.0,10.0,13.0,2.0,4.0,8.0,7.0,3.0,7.0,9.0,2.0,4.0,0.33,0.24,0.9,2.0,0.0,0.0,21.26,15.0,14.62,4.0,0.19,0.46,0.46,1.21,1.16,1.1,3.74,0.43,0.27,1.13,0.17,1.73,1.27,0.4,0.45,0.42,2.0,3.0,9.0,14.0,1.0,0.0,0.0,0.0,0.0,3.0,1.0,1.0,4.0,2.0,4.0,6.0,7.0,0.0,3.0,3.0,1.0,1.0,0.08,0.09,0.26,1.0,0.0,0.0,14.67,5.0,5.18,2.0,0.06,0.0,0.0,0.49,0.51,0.48
847745684788918481013,2025,Appleton-Compher-Berggren,DET,line,5on5,5,872.0,46.0,0.3,0.52,0.31,2.93,0.14,0.18,0.69,0.08,1.68,1.23,0.14,0.15,0.15,2.0,2.0,7.0,11.0,0.0,0.0,0.0,0.0,0.0,2.0,2.0,2.0,4.0,0.0,0.0,7.0,5.0,1.0,4.0,4.0,0.0,0.0,0.14,0.0,0.0,0.0,0.0,0.0,10.75,4.0,4.02,1.0,0.04,0.0,0.0,0.18,0.18,0.18,5.79,0.34,0.34,1.39,0.2,3.88,2.84,0.33,0.34,0.33,3.0,6.0,1.0,10.0,1.0,0.0,0.0,1.0,0.0,3.0,4.0,2.0,8.0,1.0,2.0,4.0,7.0,1.0,3.0,7.0,2.0,0.0,0.15,0.19,0.0,0.0,1.0,0.0,9.7,9.0,8.78,1.0,0.07,0.0,0.0,0.41,0.41,0.4
847574584774258480806,2025,Wood-Coyle-Lundestrm,CBJ,line,5on5,9,4080.0,43.0,0.49,0.47,0.45,35.38,3.67,2.25,8.79,1.22,17.72,12.34,3.52,3.7,3.54,32.0,14.0,13.0,59.0,5.0,5.0,1.0,11.0,0.0,12.0,13.0,27.0,41.0,4.0,8.0,39.0,33.0,8.0,21.0,32.0,10.0,4.0,1.02,1.53,1.12,1.0,3.0,1.0,59.0,46.0,46.57,12.0,0.47,1.04,1.04,3.1,3.14,3.09,40.89,3.89,2.68,10.04,1.4,21.82,16.18,3.75,3.89,3.75,32.0,24.0,11.0,67.0,6.0,4.0,0.0,8.0,1.0,20.0,17.0,26.0,50.0,5.0,10.0,45.0,22.0,2.0,24.0,41.0,11.0,4.0,1.3,1.44,1.15,5.0,1.0,0.0,66.65,56.0,55.49,8.0,0.56,1.06,1.06,3.39,3.41,3.31
848155684836098484821,2025,Beecher-Morton-Klapka,CGY,line,5on5,2,646.0,8.0,0.15,0.41,0.38,3.89,0.11,0.15,1.21,0.13,1.76,1.64,0.11,0.12,0.12,4.0,1.0,4.0,9.0,0.0,0.0,0.0,1.0,0.0,3.0,1.0,4.0,5.0,0.0,0.0,4.0,6.0,1.0,4.0,5.0,0.0,0.0,0.11,0.0,0.0,0.0,0.0,0.0,10.04,5.0,5.62,2.0,0.03,0.0,0.0,0.14,0.16,0.16,5.49,0.63,0.38,1.33,0.17,3.23,2.27,0.63,0.57,0.57,5.0,3.0,5.0,13.0,0.0,1.0,0.0,1.0,0.0,4.0,2.0,5.0,8.0,1.0,2.0,6.0,6.0,0.0,1.0,7.0,0.0,1.0,0.28,0.0,0.35,0.0,0.0,0.0,11.71,8.0,7.24,0.0,0.08,0.35,0.35,0.35,0.33,0.33
84768918484783,2025,Grzelcyk-Levshunov,CHI,pairing,5on5,38,13818.0,188.0,0.47,0.5,0.48,118.77,11.13,7.84,30.23,3.96,63.04,45.81,10.72,11.09,10.69,108.0,54.0,57.0,219.0,12.0,10.0,1.0,29.0,0.0,49.0,62.0,96.0,150.0,17.0,36.0,95.0,69.0,14.0,48.0,114.0,33.0,15.0,3.11,4.18,3.84,1.0,8.0,3.0,215.42,162.0,159.71,24.0,1.63,2.04,2.42,10.34,10.28,10.06,127.45,12.4,8.5,30.59,4.18,66.99,49.34,11.79,12.7,12.06,116.0,56.0,43.0,215.0,12.0,12.0,1.0,22.0,0.0,62.0,64.0,104.0,160.0,12.0,24.0,117.0,89.0,18.0,65.0,120.0,40.0,12.0,3.52,5.34,3.54,7.0,5.0,0.0,222.21,172.0,176.7,38.0,1.78,3.06,3.06,11.12,11.4,11.13
84793258480035,2025,Mcavoy-Jokiharju,BOS,pairing,5on5,11,813.0,84.0,0.55,0.45,0.52,9.6,1.29,0.62,2.13,0.3,4.29,3.37,1.25,1.25,1.22,10.0,2.0,2.0,14.0,3.0,2.0,2.0,2.0,0.0,1.0,4.0,7.0,9.0,1.0,2.0,5.0,3.0,1.0,6.0,7.0,3.0,2.0,0.22,0.43,0.64,0.0,1.0,2.0,13.35,12.0,11.46,2.0,0.13,0.64,0.64,0.77,0.74,0.74,7.82,1.05,0.58,2.42,0.34,4.02,2.59,0.93,1.09,0.96,8.0,3.0,6.0,17.0,1.0,2.0,0.0,2.0,0.0,3.0,3.0,7.0,10.0,0.0,0.0,4.0,8.0,1.0,5.0,7.0,2.0,2.0,0.19,0.22,0.64,1.0,0.0,0.0,17.78,11.0,11.46,2.0,0.12,0.64,0.64,0.53,0.55,0.52
84769178477950,2025,Pelech-Deangelo,NYI,pairing,5on5,37,19420.0,136.0,0.48,0.53,0.52,176.41,15.67,11.27,43.93,5.79,95.95,70.39,15.06,15.45,14.87,155.0,88.0,100.0,343.0,10.0,20.0,2.0,51.0,0.0,90.0,72.0,145.0,233.0,17.0,37.0,168.0,125.0,24.0,95.0,184.0,41.0,18.0,5.15,5.05,5.47,4.0,5.0,1.0,341.27,243.0,241.64,56.0,2.33,4.5,4.19,13.8,13.62,13.35,166.36,17.09,10.4,43.71,5.56,84.57,62.66,16.11,17.21,16.23,142.0,82.0,82.0,306.0,14.0,23.0,2.0,24.0,0.0,84.0,79.0,128.0,210.0,13.0,29.0,180.0,106.0,21.0,94.0,152.0,50.0,22.0,4.44,6.66,5.99,5.0,7.0,2.0,305.12,224.0,224.49,48.0,2.19,4.82,5.02,14.26,14.29,13.8
847747984834508484144,2025,Bertuzzi-Bedard-Greene,CHI,line,5on5,11,3005.0,108.0,0.54,0.47,0.53,35.43,3.19,2.38,8.81,1.16,18.64,13.82,3.07,3.12,3.0,31.0,17.0,7.0,55.0,4.0,7.0,2.0,3.0,0.0,18.0,16.0,27.0,44.0,3.0,6.0,29.0,7.0,6.0,29.0,34.0,8.0,6.0,0.87,0.99,1.33,1.0,0.0,3.0,53.32,48.0,47.12,21.0,0.49,0.75,0.75,2.93,2.85,2.78,31.21,2.71,2.2,7.92,1.04,17.06,12.07,2.64,2.73,2.66,30.0,13.0,20.0,63.0,6.0,2.0,0.0,6.0,0.0,20.0,9.0,24.0,37.0,1.0,2.0,21.0,11.0,6.0,15.0,31.0,11.0,1.0,0.89,1.57,0.25,2.0,4.0,0.0,64.69,43.0,43.25,5.0,0.46,0.45,0.45,2.73,2.76,2.72
84789708480817,2025,Miller-Chatfield,CAR,pairing,5on5,23,9228.0,117.0,0.49,0.61,0.6,89.62,6.3,5.35,23.43,3.09,50.37,36.47,6.21,6.28,6.18,70.0,55.0,59.0,184.0,5.0,5.0,0.0,22.0,0.0,52.0,41.0,65.0,120.0,10.0,20.0,86.0,53.0,15.0,41.0,100.0,21.0,4.0,2.65,2.53,1.12,3.0,0.0,2.0,182.91,125.0,125.17,18.0,1.11,0.9,0.9,6.5,6.49,6.45,59.41,6.51,4.59,14.96,2.21,31.81,22.91,6.35,6.43,6.27,57.0,26.0,34.0,117.0,10.0,9.0,1.0,6.0,1.0,27.0,30.0,47.0,73.0,13.0,26.0,91.0,72.0,10.0,57.0,56.0,19.0,8.0,1.9,2.53,2.08,3.0,4.0,3.0,117.63,83.0,82.6,26.0,0.97,1.36,1.36,6.12,6.07,5.99
847645384780108482201,2025,Goncalves-Point-Kucherov,TBL,line,5on5,8,2712.0,45.0,0.5,0.47,0.47,22.66,2.15,1.47,5.5,0.76,12.07,9.05,2.05,2.17,2.08,19.0,12.0,10.0,41.0,5.0,2.0,0.0,1.0,0.0,14.0,9.0,14.0,26.0,4.0,8.0,20.0,7.0,0.0,16.0,21.0,9.0,1.0,0.68,1.18,0.28,1.0,4.0,0.0,41.6,31.0,31.52,6.0,0.31,0.41,0.41,2.04,2.08,2.02,25.24,2.16,1.58,6.8,0.91,13.35,10.2,2.11,2.19,2.14,21.0,14.0,11.0,46.0,2.0,4.0,0.0,7.0,0.0,9.0,13.0,19.0,33.0,0.0,0.0,19.0,18.0,6.0,9.0,27.0,7.0,1.0,1.05,0.87,0.23,0.0,2.0,0.0,45.08,35.0,34.7,5.0,0.33,0.31,0.31,2.18,2.21,2.19
84740138476874,2025,Cole-Mtt,UTA,pairing,5on5,18,7125.0,70.0,0.53,0.55,0.54,59.97,5.57,4.04,14.71,2.11,32.75,23.82,5.41,5.75,5.58,51.0,32.0,43.0,126.0,5.0,5.0,0.0,9.0,0.0,43.0,21.0,46.0,78.0,11.0,25.0,38.0,45.0,7.0,35.0,59.0,20.0,4.0,2.01,2.48,1.08,1.0,3.0,1.0,127.72,83.0,84.55,21.0,0.85,0.85,0.85,5.57,5.74,5.63,52.88,4.88,3.17,12.87,1.73,27.99,21.36,4.82,4.8,4.74,42.0,30.0,33.0,105.0,8.0,5.0,1.0,8.0,0.0,24.0,27.0,34.0,64.0,11.0,25.0,58.0,76.0,8.0,30.0,50.0,17.0,5.0,1.42,2.04,1.41,2.0,5.0,1.0,103.16,72.0,71.32,16.0,0.65,1.04,1.04,4.49,4.44,4.41
847687284789048484158,2025,Lorentz-Laughton-Cowan,TOR,line,5on5,5,1394.0,28.0,0.37,0.37,0.38,12.17,1.17,0.7,3.09,0.37,6.15,4.52,1.16,1.13,1.12,9.0,7.0,4.0,20.0,1.0,1.0,1.0,2.0,0.0,6.0,6.0,8.0,15.0,0.0,0.0,8.0,16.0,1.0,3.0,11.0,4.0,1.0,0.23,0.53,0.4,0.0,0.0,1.0,19.49,16.0,15.61,1.0,0.15,0.4,0.4,0.91,0.89,0.89,19.1,2.03,1.4,5.37,0.72,9.11,7.37,1.78,2.02,1.78,14.0,12.0,8.0,34.0,1.0,6.0,0.0,3.0,0.0,9.0,7.0,13.0,25.0,3.0,6.0,14.0,9.0,1.0,10.0,18.0,5.0,3.0,0.51,0.78,0.74,1.0,0.0,0.0,34.4,26.0,26.34,6.0,0.3,0.94,0.94,1.39,1.4,1.32
84815638481605,2025,Lacombe-Helleson,ANA,pairing,5on5,35,16682.0,128.0,0.48,0.5,0.48,137.93,13.48,9.13,33.33,4.59,73.47,54.0,13.06,13.36,12.95,126.0,62.0,77.0,265.0,12.0,15.0,2.0,22.0,0.0,69.0,70.0,114.0,176.0,25.0,55.0,151.0,88.0,24.0,69.0,133.0,40.0,15.0,3.96,5.11,4.41,4.0,4.0,4.0,266.71,188.0,188.36,31.0,1.91,3.3,3.04,12.34,12.25,12.07,151.07,14.83,10.14,37.85,4.96,77.97,56.26,13.65,14.74,13.59,137.0,65.0,64.0,266.0,19.0,19.0,2.0,20.0,2.0,72.0,70.0,118.0,183.0,25.0,53.0,147.0,100.0,28.0,83.0,134.0,52.0,16.0,4.13,6.48,4.22,7.0,11.0,1.0,264.89,202.0,201.28,46.0,2.13,3.17,3.17,13.8,13.78,13.28
84757558480950,2025,Petrovic-Lyubushkin,DAL,pairing,5on5,11,3536.0,54.0,0.4,0.42,0.41,19.35,1.74,1.11,5.02,0.61,9.73,7.79,1.72,1.77,1.74,23.0,3.0,13.0,39.0,1.0,1.0,0.0,6.0,0.0,10.0,8.0,22.0,25.0,5.0,12.0,22.0,37.0,3.0,13.0,19.0,4.0,3.0,0.57,0.44,0.73,1.0,0.0,0.0,39.5,26.0,26.3,5.0,0.23,0.26,0.26,1.72,1.73,1.73,26.18,2.66,1.59,7.14,1.03,13.96,10.62,2.56,2.53,2.44,24.0,13.0,16.0,53.0,2.0,4.0,1.0,7.0,1.0,9.0,14.0,22.0,35.0,5.0,10.0,20.0,45.0,5.0,14.0,30.0,4.0,3.0,0.97,0.66,1.03,1.0,0.0,1.0,50.99,37.0,35.7,9.0,0.33,0.95,0.95,2.04,1.95,1.94
84765258480049,2025,Samberg-Miller,WPG,pairing,5on5,7,635.0,47.0,0.52,0.35,0.29,2.78,0.21,0.19,0.61,0.08,1.64,1.27,0.21,0.22,0.22,3.0,1.0,3.0,7.0,0.0,0.0,0.0,1.0,0.0,1.0,2.0,3.0,4.0,1.0,2.0,4.0,1.0,2.0,4.0,3.0,1.0,0.0,0.12,0.1,0.0,0.0,0.0,0.0,6.89,4.0,4.12,1.0,0.04,0.0,0.0,0.25,0.26,0.26,7.31,0.2,0.34,1.95,0.23,3.98,3.3,0.2,0.21,0.21,10.0,0.0,3.0,13.0,0.0,1.0,0.0,2.0,0.0,4.0,3.0,10.0,10.0,0.0,0.0,3.0,11.0,0.0,1.0,10.0,0.0,0.0,0.2,0.0,0.0,0.0,0.0,0.0,13.83,10.0,10.52,0.0,0.07,0.03,0.03,0.24,0.24,0.24
848080684824758483432,2025,Lundestrm-Del Bel Belluz-Chinakhov,CBJ,line,5on5,2,831.0,8.0,0.2,0.25,0.26,3.73,0.27,0.25,1.09,0.13,1.91,1.36,0.26,0.28,0.27,3.0,2.0,2.0,7.0,0.0,0.0,0.0,1.0,0.0,4.0,0.0,3.0,5.0,0.0,0.0,6.0,2.0,1.0,7.0,4.0,1.0,0.0,0.12,0.15,0.0,0.0,0.0,0.0,7.11,5.0,5.02,4.0,0.05,0.0,0.0,0.32,0.34,0.33,9.69,1.09,0.74,2.66,0.35,5.32,3.83,1.06,1.08,1.05,11.0,3.0,7.0,21.0,1.0,2.0,0.0,3.0,0.0,1.0,7.0,10.0,13.0,0.0,0.0,7.0,3.0,1.0,1.0,10.0,2.0,2.0,0.31,0.24,0.54,1.0,0.0,0.0,20.7,14.0,14.17,1.0,0.16,0.54,0.54,0.71,0.7,0.7
84799838480043,2025,Ferraro-Liljegren,SJS,pairing,5on5,26,5850.0,162.0,0.47,0.4,0.4,32.24,3.65,2.29,7.76,1.13,17.51,12.67,3.55,3.58,3.48,28.0,17.0,27.0,72.0,2.0,4.0,1.0,6.0,0.0,17.0,16.0,26.0,43.0,6.0,12.0,41.0,50.0,10.0,31.0,31.0,9.0,5.0,1.09,1.24,1.32,1.0,0.0,1.0,72.33,45.0,45.06,14.0,0.47,0.96,0.96,3.17,3.12,3.09,49.65,4.05,3.29,13.05,1.67,26.84,19.1,3.9,4.08,3.94,46.0,22.0,38.0,106.0,3.0,5.0,1.0,7.0,0.0,26.0,27.0,43.0,65.0,5.0,10.0,51.0,38.0,9.0,23.0,50.0,15.0,3.0,1.45,1.82,0.78,2.0,1.0,0.0,105.72,68.0,67.88,11.0,0.68,0.9,0.9,3.84,3.88,3.81
847458684757688482665,2025,Schwartz-Beniers-Eberle,SEA,line,5on5,13,947.0,138.0,0.51,0.52,0.5,6.62,0.49,0.37,1.7,0.26,3.49,2.69,0.49,0.48,0.48,8.0,1.0,3.0,12.0,1.0,1.0,0.0,1.0,0.0,2.0,4.0,7.0,8.0,0.0,0.0,5.0,4.0,1.0,6.0,7.0,1.0,1.0,0.15,0.11,0.23,0.0,1.0,0.0,11.73,9.0,8.98,2.0,0.08,0.23,0.23,0.34,0.34,0.34,6.28,0.47,0.35,1.6,0.22,3.52,2.83,0.47,0.47,0.47,5.0,4.0,2.0,11.0,0.0,0.0,0.0,0.0,0.0,2.0,7.0,5.0,9.0,0.0,0.0,2.0,2.0,0.0,6.0,7.0,1.0,1.0,0.18,0.08,0.21,0.0,0.0,0.0,11.04,9.0,8.91,3.0,0.07,0.0,0.0,0.54,0.54,0.54
84779868478407,2025,Dunn-Montour,SEA,pairing,5on5,25,1885.0,187.0,0.58,0.52,0.48,14.6,1.05,0.87,3.82,0.46,7.81,6.0,1.02,1.02,1.0,13.0,7.0,12.0,32.0,0.0,1.0,0.0,3.0,0.0,7.0,9.0,13.0,20.0,0.0,0.0,13.0,7.0,1.0,12.0,18.0,0.0,2.0,0.54,0.0,0.51,0.0,0.0,0.0,31.07,20.0,19.39,6.0,0.18,0.28,0.28,0.95,0.92,0.91,16.03,0.77,0.93,4.34,0.52,8.97,6.48,0.75,0.81,0.8,16.0,6.0,7.0,29.0,1.0,1.0,1.0,4.0,0.0,5.0,11.0,15.0,21.0,5.0,10.0,16.0,6.0,5.0,8.0,19.0,3.0,0.0,0.44,0.33,0.0,0.0,1.0,0.0,30.98,22.0,23.55,2.0,0.19,0.14,0.14,0.82,0.87,0.86
847464184782338483512,2025,Mangiapane-Henrique-Savoie,EDM,line,5on5,16,2038.0,159.0,0.56,0.54,0.57,18.02,0.97,1.1,4.85,0.61,9.47,8.0,0.96,0.97,0.95,14.0,11.0,10.0,35.0,0.0,2.0,0.0,6.0,0.0,3.0,14.0,14.0,25.0,5.0,10.0,19.0,7.0,5.0,8.0,22.0,3.0,0.0,0.62,0.35,0.0,0.0,0.0,0.0,35.43,25.0,25.16,5.0,0.23,0.02,0.02,1.18,1.17,1.15,13.51,0.77,0.79,3.45,0.45,7.81,5.73,0.76,0.75,0.74,13.0,6.0,11.0,30.0,0.0,1.0,0.0,3.0,0.0,7.0,8.0,13.0,19.0,2.0,4.0,21.0,24.0,5.0,9.0,16.0,3.0,0.0,0.4,0.36,0.0,0.0,0.0,0.0,29.64,19.0,18.81,4.0,0.16,0.01,0.01,0.92,0.9,0.89
847629284810328482110,2025,Palat-Cotter-Mercer,NJD,line,5on5,2,658.0,20.0,0.7,0.5,0.56,6.72,0.55,0.4,1.77,0.2,3.49,2.59,0.53,0.5,0.48,6.0,3.0,0.0,9.0,0.0,1.0,0.0,1.0,0.0,4.0,3.0,6.0,9.0,0.0,0.0,3.0,10.0,2.0,7.0,7.0,1.0,1.0,0.22,0.08,0.25,0.0,0.0,0.0,7.9,9.0,8.03,4.0,0.08,0.25,0.25,0.39,0.35,0.35,5.04,0.23,0.26,1.17,0.15,2.82,2.36,0.23,0.26,0.26,6.0,1.0,2.0,9.0,1.0,0.0,0.0,0.0,0.0,2.0,4.0,5.0,6.0,1.0,2.0,8.0,2.0,0.0,1.0,6.0,1.0,0.0,0.14,0.09,0.0,1.0,0.0,0.0,10.5,7.0,7.97,0.0,0.05,0.0,0.0,0.29,0.32,0.32
847793384801858482113,2025,Luostarinen-Lundell-Reinhart,FLA,line,5on5,26,10654.0,113.0,0.57,0.51,0.52,87.42,8.17,5.85,21.94,2.87,47.99,35.18,7.96,8.17,7.96,85.0,37.0,41.0,163.0,10.0,8.0,1.0,22.0,0.0,43.0,39.0,75.0,112.0,10.0,20.0,110.0,61.0,12.0,46.0,86.0,27.0,9.0,2.43,3.14,2.6,4.0,5.0,1.0,162.45,122.0,122.22,23.0,1.22,1.81,1.81,7.57,7.55,7.43,81.56,6.13,4.84,20.82,2.65,43.4,34.16,5.88,6.25,6.0,72.0,40.0,45.0,157.0,10.0,7.0,1.0,11.0,1.0,48.0,35.0,62.0,102.0,8.0,18.0,109.0,78.0,13.0,52.0,88.0,18.0,6.0,2.39,2.04,1.69,6.0,3.0,1.0,157.95,112.0,112.87,28.0,1.0,1.43,1.43,5.69,5.83,5.75
847518484757988484153,2025,Kreider-Carlsson-Granlund,ANA,line,5on5,6,756.0,42.0,0.5,0.59,0.54,9.52,0.99,0.58,2.88,0.37,4.76,3.42,0.96,0.92,0.89,10.0,3.0,3.0,16.0,0.0,2.0,0.0,3.0,0.0,5.0,3.0,10.0,13.0,0.0,0.0,9.0,1.0,2.0,8.0,8.0,4.0,1.0,0.25,0.5,0.24,0.0,0.0,0.0,15.08,13.0,12.13,1.0,0.12,0.28,0.28,0.84,0.79,0.78,7.93,0.98,0.6,1.62,0.24,4.45,3.1,0.97,1.01,1.0,8.0,3.0,0.0,11.0,3.0,1.0,0.0,1.0,0.0,1.0,5.0,5.0,8.0,1.0,2.0,6.0,3.0,1.0,1.0,5.0,6.0,0.0,0.26,0.72,0.0,1.0,2.0,0.0,11.29,11.0,11.3,1.0,0.13,0.03,0.03,1.08,1.11,1.09
84764678482858,2025,Evans-Oleksiak,SEA,pairing,5on5,21,13025.0,75.0,0.52,0.5,0.52,113.48,10.16,7.61,28.52,3.81,60.84,44.06,9.44,9.89,9.2,108.0,47.0,54.0,209.0,9.0,12.0,1.0,23.0,0.0,65.0,46.0,99.0,146.0,16.0,37.0,78.0,83.0,14.0,52.0,114.0,31.0,10.0,3.05,3.84,3.27,3.0,5.0,1.0,206.28,155.0,152.8,26.0,1.58,3.16,3.16,8.58,8.41,8.25,105.48,9.56,7.06,26.92,3.59,56.53,41.33,9.18,9.74,9.35,93.0,52.0,60.0,205.0,9.0,15.0,1.0,16.0,0.0,50.0,55.0,84.0,136.0,12.0,29.0,91.0,97.0,16.0,58.0,108.0,27.0,10.0,3.03,3.52,3.02,4.0,4.0,1.0,208.45,145.0,147.63,25.0,1.47,3.22,3.22,7.81,7.93,7.73
84769318479026,2025,Mccabe-Myers,TOR,pairing,5on5,15,956.0,143.0,0.39,0.41,0.38,5.94,0.51,0.33,1.61,0.22,3.19,2.13,0.51,0.49,0.49,7.0,1.0,3.0,11.0,1.0,0.0,0.0,0.0,0.0,3.0,4.0,6.0,7.0,2.0,4.0,7.0,11.0,0.0,8.0,6.0,1.0,1.0,0.13,0.15,0.23,0.0,0.0,1.0,10.9,8.0,7.95,4.0,0.07,0.0,0.0,0.58,0.56,0.56,10.2,0.8,0.79,2.64,0.32,5.13,3.32,0.75,0.8,0.75,10.0,3.0,3.0,16.0,1.0,1.0,0.0,1.0,0.0,7.0,3.0,9.0,12.0,0.0,0.0,1.0,5.0,1.0,5.0,8.0,5.0,0.0,0.27,0.53,0.0,0.0,1.0,0.0,15.85,13.0,12.84,5.0,0.16,0.1,0.1,0.87,0.87,0.81
847121484784408481580,2025,Ovechkin-Strome-Mcmichael,WSH,line,5on5,12,3284.0,102.0,0.42,0.49,0.38,24.22,1.9,1.54,6.47,0.9,13.52,9.67,1.83,1.87,1.81,18.0,16.0,31.0,65.0,4.0,1.0,0.0,2.0,1.0,14.0,12.0,14.0,30.0,2.0,4.0,28.0,18.0,7.0,18.0,25.0,9.0,0.0,0.8,1.09,0.0,0.0,4.0,0.0,64.55,34.0,33.48,12.0,0.32,0.03,0.03,2.19,2.16,2.09,40.03,2.66,2.31,10.06,1.3,21.75,16.92,2.63,2.67,2.64,35.0,20.0,13.0,68.0,1.0,2.0,0.0,8.0,0.0,19.0,25.0,34.0,54.0,1.0,2.0,29.0,14.0,3.0,17.0,43.0,12.0,0.0,1.28,1.38,0.0,1.0,0.0,0.0,67.1,55.0,54.41,11.0,0.47,0.17,0.17,2.96,2.97,2.95
84780558484304,2025,Forsling-Balinskis,FLA,pairing,5on5,12,1201.0,96.0,0.73,0.56,0.53,12.48,2.13,0.98,3.07,0.42,5.72,3.68,1.9,1.98,1.76,10.0,6.0,7.0,23.0,1.0,4.0,1.0,3.0,0.0,5.0,3.0,9.0,15.0,1.0,2.0,4.0,7.0,1.0,4.0,9.0,3.0,4.0,0.41,0.54,1.18,0.0,0.0,1.0,21.39,16.0,14.81,1.0,0.21,1.13,1.13,1.21,1.13,1.09,10.47,0.77,0.71,2.44,0.32,5.51,4.26,0.77,0.81,0.8,11.0,3.0,4.0,18.0,1.0,1.0,0.0,2.0,0.0,5.0,5.0,10.0,13.0,1.0,2.0,4.0,11.0,1.0,6.0,11.0,3.0,0.0,0.33,0.44,0.0,1.0,0.0,0.0,19.37,14.0,14.89,4.0,0.15,0.17,0.17,0.75,0.78,0.78
847167584764838482758,2025,Rakell-Crosby-Koivunen,PIT,line,5on5,2,1028.0,4.0,0.52,0.51,0.55,8.4,0.81,0.48,1.9,0.24,4.14,3.42,0.77,0.84,0.79,7.0,4.0,8.0,19.0,0.0,0.0,0.0,1.0,0.0,6.0,4.0,7.0,11.0,2.0,4.0,12.0,4.0,0.0,7.0,8.0,2.0,1.0,0.22,0.25,0.34,0.0,0.0,0.0,20.28,11.0,11.65,3.0,0.1,0.0,0.0,0.91,0.94,0.89,5.89,0.75,0.44,1.5,0.22,3.68,2.41,0.74,0.71,0.71,6.0,3.0,9.0,18.0,0.0,1.0,0.0,0.0,0.0,5.0,3.0,6.0,9.0,2.0,4.0,11.0,7.0,2.0,4.0,5.0,3.0,1.0,0.1,0.33,0.31,0.0,0.0,0.0,17.17,9.0,8.52,2.0,0.09,0.31,0.31,0.53,0.51,0.51
84740138480084,2025,Cole-Desimone,UTA,pairing,5on5,16,7657.0,59.0,0.6,0.58,0.58,62.8,5.29,4.18,15.66,2.41,36.61,26.84,5.21,5.31,5.23,57.0,34.0,48.0,139.0,4.0,4.0,2.0,10.0,0.0,46.0,27.0,53.0,87.0,12.0,32.0,64.0,44.0,5.0,30.0,66.0,21.0,4.0,2.01,2.36,0.92,0.0,2.0,2.0,139.59,91.0,91.01,18.0,0.86,0.68,0.8,5.35,5.34,5.29,48.61,3.56,2.84,11.95,1.62,25.55,20.47,3.45,3.61,3.5,41.0,25.0,35.0,101.0,7.0,2.0,1.0,10.0,0.0,26.0,21.0,34.0,59.0,8.0,25.0,54.0,63.0,11.0,32.0,49.0,16.0,1.0,1.41,1.95,0.21,3.0,3.0,1.0,102.26,66.0,66.81,16.0,0.59,0.26,0.26,3.89,3.93,3.82
847662484788748482859,2025,Goodrow-Ostapchuk-Gaudette,SJS,line,5on5,5,940.0,37.0,0.4,0.46,0.39,4.86,0.22,0.25,1.29,0.15,2.82,2.27,0.22,0.22,0.22,5.0,2.0,5.0,12.0,0.0,0.0,0.0,2.0,0.0,2.0,3.0,5.0,7.0,0.0,0.0,10.0,9.0,2.0,0.0,6.0,1.0,0.0,0.08,0.14,0.0,0.0,0.0,0.0,12.55,7.0,7.48,0.0,0.05,0.0,0.0,0.27,0.27,0.27,7.24,0.33,0.38,2.11,0.29,4.13,3.77,0.32,0.31,0.31,4.0,7.0,3.0,14.0,0.0,0.0,0.0,1.0,0.0,3.0,7.0,4.0,11.0,1.0,2.0,8.0,1.0,0.0,2.0,11.0,0.0,0.0,0.33,0.0,0.0,0.0,0.0,0.0,13.34,11.0,10.47,2.0,0.08,0.0,0.0,0.4,0.38,0.38
847360484764808480113,2025,Iafallo-Toews-Namestnikov,WPG,line,5on5,9,3166.0,57.0,0.43,0.42,0.45,20.96,2.0,1.4,5.01,0.68,12.21,8.69,1.92,2.07,1.99,18.0,12.0,9.0,39.0,3.0,3.0,0.0,2.0,0.0,13.0,9.0,15.0,27.0,2.0,7.0,28.0,15.0,4.0,11.0,21.0,8.0,1.0,0.62,1.08,0.31,2.0,1.0,0.0,41.44,30.0,31.23,6.0,0.29,0.65,0.65,1.65,1.7,1.67,25.58,2.62,2.01,6.45,0.96,13.91,10.05,2.51,2.57,2.46,23.0,13.0,18.0,54.0,2.0,7.0,1.0,3.0,0.0,12.0,12.0,21.0,34.0,4.0,11.0,26.0,19.0,2.0,15.0,25.0,7.0,4.0,0.79,0.84,0.99,1.0,1.0,0.0,52.67,36.0,35.23,8.0,0.42,1.15,1.15,1.89,1.84,1.76
84764628478399,2025,Siegenthaler-Hamilton,NJD,pairing,5on5,36,28348.0,74.0,0.53,0.53,0.54,268.37,22.73,16.96,69.59,9.42,142.76,103.54,21.52,22.27,21.11,244.0,121.0,141.0,506.0,11.0,27.0,0.0,48.0,0.0,151.0,128.0,233.0,354.0,33.0,71.0,255.0,180.0,35.0,142.0,272.0,73.0,20.0,7.53,9.61,5.59,8.0,3.0,0.0,500.18,365.0,361.37,64.0,3.54,4.72,4.72,21.54,21.27,20.78,230.03,20.42,15.02,56.83,7.52,120.47,90.75,19.29,20.49,19.36,211.0,100.0,135.0,446.0,19.0,26.0,3.0,44.0,0.0,107.0,115.0,192.0,292.0,24.0,51.0,241.0,181.0,35.0,141.0,237.0,48.0,26.0,7.2,6.39,6.83,11.0,3.0,5.0,444.73,311.0,310.05,78.0,3.13,5.26,5.26,18.28,18.35,18.0
84763728482126,2025,Andrae-Seeler,PHI,pairing,5on5,18,976.0,138.0,0.73,0.63,0.75,10.73,0.85,0.68,2.45,0.37,5.92,4.72,0.84,0.83,0.82,11.0,4.0,4.0,19.0,0.0,1.0,0.0,1.0,0.0,7.0,6.0,11.0,15.0,0.0,0.0,2.0,8.0,2.0,2.0,11.0,4.0,0.0,0.37,0.48,0.0,0.0,0.0,0.0,18.7,15.0,14.64,1.0,0.14,0.01,0.01,0.98,0.96,0.95,3.97,0.31,0.21,0.77,0.1,1.76,1.86,0.31,0.32,0.32,2.0,3.0,6.0,11.0,1.0,0.0,0.0,0.0,0.0,2.0,2.0,1.0,4.0,1.0,2.0,3.0,8.0,0.0,4.0,3.0,2.0,0.0,0.09,0.22,0.0,0.0,1.0,0.0,10.95,5.0,4.98,3.0,0.04,0.0,0.0,0.35,0.36,0.36
847578484807988480848,2025,Skinner-Dellandrea-Kurashev,SJS,line,5on5,3,802.0,27.0,0.31,0.32,0.25,4.51,0.35,0.3,1.04,0.13,2.47,1.71,0.35,0.39,0.39,4.0,2.0,5.0,11.0,0.0,0.0,0.0,2.0,0.0,2.0,2.0,4.0,6.0,2.0,4.0,9.0,5.0,2.0,5.0,5.0,1.0,0.0,0.17,0.18,0.0,0.0,0.0,0.0,11.63,6.0,6.44,2.0,0.06,0.0,0.0,0.41,0.45,0.45,12.94,0.8,0.73,3.4,0.41,7.47,5.18,0.79,0.76,0.75,6.0,12.0,5.0,23.0,0.0,1.0,0.0,4.0,0.0,7.0,6.0,6.0,18.0,3.0,4.0,6.0,5.0,1.0,3.0,15.0,3.0,0.0,0.47,0.33,0.0,0.0,0.0,0.0,21.91,18.0,17.31,2.0,0.15,0.04,0.04,0.91,0.86,0.85
847742984774568478891,2025,Copp-Compher-Appleton,DET,line,5on5,8,936.0,85.0,0.44,0.65,0.58,10.34,0.88,0.65,2.64,0.35,5.42,4.07,0.88,0.81,0.81,12.0,2.0,10.0,24.0,2.0,0.0,0.0,1.0,0.0,5.0,6.0,10.0,12.0,2.0,4.0,7.0,9.0,0.0,4.0,9.0,5.0,0.0,0.22,0.66,0.0,0.0,2.0,0.0,21.81,14.0,12.83,4.0,0.13,0.0,0.0,1.02,0.93,0.93,7.55,1.1,0.6,1.49,0.23,3.85,2.72,1.07,1.2,1.17,7.0,3.0,3.0,13.0,1.0,1.0,0.0,0.0,0.0,5.0,3.0,6.0,9.0,1.0,2.0,8.0,10.0,2.0,6.0,5.0,3.0,2.0,0.21,0.33,0.56,1.0,0.0,0.0,14.66,10.0,10.89,5.0,0.13,0.32,0.32,0.91,1.0,0.98
84740138483472,2025,Cole-Lamoureux,UTA,pairing,5on5,5,3487.0,11.0,0.39,0.45,0.51,26.87,1.8,1.54,6.4,0.88,14.8,11.58,1.76,1.89,1.85,22.0,15.0,11.0,48.0,5.0,1.0,0.0,9.0,1.0,9.0,12.0,17.0,32.0,3.0,6.0,14.0,37.0,3.0,13.0,31.0,5.0,1.0,0.89,0.62,0.28,4.0,1.0,0.0,51.0,37.0,38.71,5.0,0.31,0.28,0.28,1.83,1.95,1.92,27.13,2.85,1.62,7.25,0.85,13.25,10.17,2.55,2.8,2.53,24.0,12.0,22.0,58.0,1.0,4.0,0.0,4.0,0.0,14.0,13.0,23.0,35.0,3.0,6.0,19.0,21.0,3.0,14.0,28.0,3.0,5.0,0.89,0.44,1.52,0.0,1.0,0.0,56.32,36.0,35.43,5.0,0.34,1.31,1.31,1.88,1.86,1.8
847464184784588483512,2025,Roslovic-Henrique-Savoie,EDM,line,5on5,10,652.0,119.0,0.39,0.45,0.5,3.34,0.17,0.21,0.83,0.11,2.15,1.52,0.17,0.17,0.17,3.0,2.0,4.0,9.0,1.0,0.0,0.0,0.0,0.0,3.0,1.0,2.0,4.0,2.0,4.0,6.0,4.0,2.0,4.0,5.0,0.0,0.0,0.17,0.0,0.0,1.0,0.0,0.0,8.64,5.0,4.68,1.0,0.04,0.0,0.0,0.21,0.21,0.21,3.77,0.27,0.26,1.0,0.14,1.87,1.46,0.27,0.27,0.27,3.0,2.0,6.0,11.0,0.0,0.0,0.0,1.0,0.0,2.0,2.0,3.0,5.0,1.0,2.0,5.0,4.0,0.0,1.0,4.0,1.0,0.0,0.13,0.14,0.0,0.0,0.0,0.0,11.46,5.0,5.24,1.0,0.06,0.0,0.0,0.33,0.32,0.32
84754558483429,2025,Dillon-Casey,NJD,pairing,5on5,1,903.0,1.0,0.51,0.61,0.52,8.43,0.53,0.46,2.54,0.27,4.62,3.58,0.53,0.52,0.51,8.0,4.0,5.0,17.0,0.0,0.0,0.0,3.0,0.0,4.0,5.0,8.0,12.0,2.0,4.0,10.0,10.0,1.0,3.0,10.0,2.0,0.0,0.29,0.24,0.0,0.0,0.0,0.0,15.74,12.0,11.47,2.0,0.1,0.0,0.0,0.63,0.61,0.61,7.68,0.51,0.43,2.16,0.27,4.47,3.15,0.5,0.52,0.51,8.0,3.0,0.0,11.0,2.0,0.0,0.0,2.0,0.0,3.0,4.0,6.0,9.0,1.0,2.0,6.0,9.0,1.0,7.0,8.0,3.0,0.0,0.15,0.36,0.0,2.0,0.0,0.0,12.16,11.0,11.55,6.0,0.09,0.0,0.0,0.6,0.61,0.6
84751818484806,2025,Leddy-Dickinson,SJS,pairing,5on5,11,3723.0,68.0,0.35,0.34,0.29,18.07,2.11,1.32,4.24,0.62,8.54,6.17,1.98,2.13,2.0,16.0,7.0,12.0,35.0,2.0,4.0,1.0,2.0,0.0,7.0,8.0,14.0,21.0,4.0,8.0,28.0,30.0,8.0,14.0,15.0,6.0,2.0,0.65,0.94,0.53,0.0,1.0,1.0,34.55,23.0,22.91,6.0,0.28,0.77,0.77,1.62,1.62,1.6,39.79,3.95,2.82,9.08,1.41,22.11,15.63,3.86,3.94,3.84,32.0,23.0,13.0,68.0,3.0,4.0,0.0,8.0,0.0,23.0,17.0,29.0,52.0,2.0,4.0,22.0,21.0,6.0,18.0,40.0,10.0,5.0,1.24,1.42,1.29,1.0,2.0,0.0,68.34,55.0,54.75,9.0,0.58,0.88,0.88,3.65,3.62,3.59
848084984826998484388,2025,But-Hayton-Guenther,UTA,line,5on5,2,1130.0,5.0,0.55,0.55,0.55,8.53,0.63,0.57,2.02,0.28,4.94,3.56,0.62,0.62,0.61,10.0,2.0,5.0,17.0,0.0,0.0,0.0,3.0,0.0,5.0,4.0,10.0,12.0,1.0,2.0,6.0,3.0,1.0,4.0,10.0,1.0,1.0,0.26,0.14,0.23,0.0,0.0,0.0,15.89,12.0,11.3,1.0,0.12,0.0,0.0,0.75,0.73,0.72,7.5,0.51,0.4,1.92,0.24,4.07,2.87,0.5,0.55,0.54,8.0,2.0,4.0,14.0,1.0,1.0,0.0,0.0,0.0,3.0,5.0,7.0,9.0,1.0,2.0,15.0,4.0,1.0,3.0,8.0,2.0,0.0,0.18,0.32,0.0,0.0,1.0,0.0,14.86,10.0,10.71,2.0,0.08,0.17,0.17,0.42,0.45,0.45
847794784821488483573,2025,Milano-Lapierre-Frank,WSH,line,5on5,9,3171.0,29.0,0.55,0.59,0.57,25.02,2.33,1.56,5.57,0.82,14.39,10.33,2.3,2.35,2.32,21.0,14.0,14.0,49.0,4.0,2.0,0.0,6.0,0.0,10.0,13.0,17.0,31.0,1.0,2.0,9.0,18.0,5.0,9.0,25.0,8.0,2.0,0.83,0.95,0.55,3.0,1.0,0.0,50.04,35.0,35.67,3.0,0.32,0.55,0.55,2.1,2.15,2.13,19.56,1.9,1.12,4.97,0.64,9.44,7.93,1.87,1.88,1.85,17.0,9.0,8.0,34.0,3.0,3.0,0.0,4.0,0.0,4.0,12.0,14.0,23.0,3.0,6.0,22.0,20.0,1.0,9.0,18.0,5.0,3.0,0.48,0.52,0.91,2.0,0.0,1.0,33.66,26.0,25.53,7.0,0.23,0.91,0.64,1.5,1.51,1.51
847740284793858480023,2025,Buchnevich-Thomas-Kyrou,STL,line,5on5,9,1540.0,87.0,0.58,0.59,0.53,6.77,0.61,0.48,1.52,0.21,3.62,2.56,0.61,0.6,0.6,7.0,2.0,8.0,17.0,0.0,0.0,0.0,1.0,0.0,4.0,4.0,7.0,9.0,1.0,2.0,14.0,1.0,5.0,7.0,7.0,2.0,0.0,0.28,0.34,0.0,0.0,0.0,0.0,17.14,9.0,8.93,4.0,0.1,0.0,0.0,0.71,0.7,0.7,5.69,0.44,0.37,1.52,0.19,3.25,2.23,0.44,0.42,0.42,6.0,2.0,4.0,12.0,0.0,1.0,0.0,0.0,0.0,1.0,6.0,6.0,8.0,1.0,2.0,15.0,8.0,0.0,7.0,7.0,0.0,1.0,0.21,0.0,0.23,0.0,0.0,0.0,12.08,8.0,7.89,4.0,0.08,0.23,0.23,0.29,0.28,0.28
84824708484258,2025,Solovyov-Malinski,COL,pairing,5on5,9,4607.0,27.0,0.62,0.62,0.64,48.26,4.03,3.11,13.04,1.68,26.83,19.31,3.87,4.19,4.04,42.0,26.0,28.0,96.0,0.0,2.0,0.0,10.0,0.0,37.0,19.0,42.0,68.0,3.0,6.0,31.0,40.0,7.0,23.0,52.0,14.0,2.0,1.62,1.93,0.48,0.0,0.0,0.0,99.4,68.0,70.45,10.0,0.64,0.36,0.36,4.31,4.5,4.36,28.22,2.44,1.85,6.57,0.89,14.88,11.37,2.39,2.4,2.36,26.0,12.0,22.0,60.0,2.0,3.0,1.0,1.0,0.0,21.0,11.0,24.0,36.0,6.0,12.0,43.0,43.0,5.0,30.0,30.0,5.0,3.0,0.87,0.73,0.83,0.0,1.0,1.0,57.92,38.0,37.48,19.0,0.38,0.47,0.47,2.35,2.32,2.28
847688284834938484197,2025,Moore-Nazar-Teravainen,CHI,line,5on5,6,2721.0,14.0,0.44,0.47,0.52,26.75,1.94,1.65,6.97,0.88,15.24,10.33,1.8,1.88,1.74,25.0,12.0,6.0,43.0,2.0,3.0,0.0,9.0,1.0,13.0,9.0,23.0,35.0,3.0,6.0,29.0,11.0,4.0,18.0,29.0,5.0,3.0,0.59,0.62,0.74,0.0,1.0,1.0,42.79,37.0,36.77,10.0,0.34,0.55,0.55,1.73,1.68,1.65,25.59,2.48,1.75,6.58,0.89,12.77,9.53,2.41,2.57,2.5,22.0,12.0,14.0,48.0,3.0,3.0,0.0,4.0,0.0,11.0,13.0,19.0,31.0,3.0,6.0,31.0,29.0,3.0,9.0,23.0,8.0,3.0,0.7,0.98,0.81,0.0,3.0,0.0,49.2,34.0,34.49,6.0,0.37,0.79,0.79,2.06,2.14,2.12
847418984763938477073,2025,Macdermid-Eller-Cousins,OTT,line,5on5,4,817.0,17.0,0.05,0.11,0.13,0.69,0.02,0.03,0.17,0.02,0.43,0.32,0.02,0.02,0.02,0.0,1.0,1.0,2.0,0.0,0.0,0.0,0.0,0.0,0.0,1.0,0.0,1.0,2.0,10.0,9.0,7.0,0.0,4.0,1.0,0.0,0.0,0.02,0.0,0.0,0.0,0.0,0.0,1.87,1.0,0.96,2.0,0.01,0.0,0.0,0.03,0.03,0.03,5.14,0.32,0.24,1.46,0.17,2.82,1.99,0.31,0.32,0.31,6.0,1.0,9.0,16.0,0.0,0.0,0.0,2.0,0.0,3.0,2.0,6.0,7.0,2.0,10.0,7.0,9.0,1.0,2.0,5.0,2.0,0.0,0.13,0.18,0.0,0.0,0.0,0.0,16.59,7.0,7.18,1.0,0.05,0.0,0.0,0.37,0.37,0.36
848266784848018484994,2025,Eklund-Celebrini-Chernyshov,SJS,line,5on5,5,2517.0,27.0,0.47,0.55,0.53,31.28,2.94,2.31,7.46,1.06,16.67,11.55,2.82,3.03,2.9,23.0,19.0,10.0,52.0,7.0,4.0,1.0,3.0,0.0,14.0,14.0,16.0,35.0,1.0,2.0,20.0,8.0,2.0,16.0,30.0,11.0,1.0,1.15,1.39,0.41,4.0,3.0,0.0,53.53,42.0,43.81,8.0,0.48,0.64,0.64,2.78,2.89,2.82,27.01,3.26,1.71,6.43,0.91,14.03,10.65,3.03,3.1,2.87,25.0,12.0,6.0,43.0,6.0,5.0,0.0,2.0,0.0,14.0,10.0,19.0,31.0,0.0,0.0,19.0,16.0,2.0,14.0,23.0,10.0,4.0,0.76,1.27,1.23,1.0,4.0,1.0,40.96,37.0,35.18,8.0,0.36,0.83,0.83,2.8,2.71,2.52
84808038480834,2025,Bouchard-Emberson,EDM,pairing,5on5,15,721.0,113.0,0.21,0.33,0.3,4.46,0.31,0.24,0.98,0.14,2.3,2.03,0.31,0.32,0.32,5.0,1.0,4.0,10.0,0.0,0.0,0.0,1.0,0.0,0.0,5.0,5.0,6.0,1.0,2.0,0.0,8.0,0.0,3.0,6.0,0.0,0.0,0.31,0.0,0.0,0.0,0.0,0.0,10.15,6.0,6.14,3.0,0.05,0.0,0.0,0.36,0.37,0.37,9.96,1.17,0.71,2.02,0.34,5.22,4.54,1.15,1.16,1.14,6.0,8.0,6.0,20.0,0.0,1.0,0.0,2.0,0.0,5.0,6.0,6.0,14.0,1.0,2.0,0.0,3.0,1.0,5.0,9.0,3.0,2.0,0.34,0.4,0.42,0.0,0.0,0.0,19.48,14.0,13.72,1.0,0.15,0.21,0.21,1.1,1.12,1.1
847793484784588481617,2025,Roslovic-Draisaitl-Podkolzin,EDM,line,5on5,21,8993.0,112.0,0.45,0.53,0.53,87.39,6.77,5.01,21.94,2.68,44.66,34.93,6.64,6.86,6.72,83.0,33.0,38.0,154.0,8.0,2.0,1.0,18.0,0.0,35.0,53.0,75.0,108.0,8.0,16.0,63.0,49.0,15.0,58.0,88.0,25.0,3.0,2.97,2.91,0.89,4.0,4.0,0.0,156.16,116.0,116.67,28.0,1.04,0.29,0.29,7.52,7.6,7.52,76.42,8.27,5.18,18.24,2.5,40.46,29.35,7.91,8.22,7.87,64.0,40.0,34.0,138.0,5.0,8.0,1.0,11.0,0.0,32.0,48.0,59.0,99.0,8.0,14.0,76.0,44.0,15.0,47.0,68.0,27.0,9.0,2.3,3.66,2.3,2.0,2.0,1.0,136.4,104.0,103.27,23.0,1.08,1.87,1.87,7.48,7.44,7.34
84784768480036,2025,Heiskanen-Capobianco,DAL,pairing,5on5,15,1003.0,134.0,0.72,0.65,0.62,12.39,1.5,0.92,3.54,0.42,5.62,4.0,1.3,1.46,1.28,12.0,4.0,4.0,20.0,1.0,2.0,0.0,4.0,0.0,5.0,4.0,11.0,15.0,0.0,0.0,7.0,5.0,0.0,5.0,10.0,3.0,3.0,0.34,0.29,0.86,1.0,0.0,0.0,19.75,16.0,15.83,0.0,0.2,0.39,0.39,1.31,1.3,1.24,6.87,0.59,0.45,1.82,0.26,4.04,2.83,0.58,0.61,0.61,7.0,3.0,1.0,11.0,0.0,2.0,0.0,1.0,0.0,1.0,6.0,7.0,10.0,0.0,0.0,4.0,7.0,1.0,9.0,8.0,1.0,1.0,0.17,0.12,0.3,0.0,0.0,0.0,11.07,10.0,10.09,5.0,0.09,0.31,0.31,0.38,0.39,0.38
84752088482730,2025,Dumoulin-Clarke,LAK,pairing,5on5,32,5919.0,187.0,0.54,0.55,0.57,51.4,4.21,3.11,12.74,1.71,28.3,21.92,4.15,4.19,4.12,50.0,22.0,33.0,105.0,5.0,3.0,0.0,13.0,0.0,23.0,28.0,45.0,67.0,6.0,12.0,44.0,24.0,4.0,32.0,54.0,15.0,3.0,1.38,2.06,0.78,1.0,4.0,0.0,103.87,72.0,71.18,14.0,0.64,0.78,0.78,4.08,4.05,4.02,40.53,3.61,2.49,10.19,1.45,20.96,16.3,3.44,3.64,3.48,35.0,20.0,30.0,85.0,0.0,5.0,0.0,5.0,0.0,22.0,23.0,35.0,55.0,6.0,14.0,26.0,29.0,5.0,28.0,41.0,10.0,4.0,0.97,1.26,1.37,0.0,0.0,0.0,86.17,55.0,55.98,9.0,0.51,1.27,1.27,2.86,2.95,2.93
847842084784498480027,2025,Robertson-Hintz-Rantanen,DAL,line,5on5,24,2713.0,249.0,0.3,0.39,0.42,15.88,1.01,0.89,3.74,0.49,8.87,7.0,0.99,1.06,1.03,16.0,6.0,8.0,30.0,3.0,0.0,0.0,3.0,0.0,7.0,9.0,13.0,19.0,2.0,6.0,21.0,16.0,2.0,14.0,19.0,3.0,0.0,0.62,0.39,0.0,3.0,0.0,0.0,30.99,22.0,22.94,9.0,0.18,0.0,0.0,1.2,1.25,1.22,24.05,2.4,1.57,6.54,0.81,11.53,8.15,2.32,2.4,2.32,21.0,10.0,15.0,46.0,1.0,5.0,0.0,4.0,0.0,15.0,6.0,20.0,30.0,8.0,16.0,22.0,25.0,4.0,10.0,18.0,11.0,2.0,0.57,1.39,0.44,1.0,0.0,0.0,45.25,31.0,30.81,3.0,0.33,0.66,0.66,2.08,2.08,2.06
847740484774168477426,2025,Guentzel-Paul-Bjorkstrand,TBL,line,5on5,9,2068.0,64.0,0.8,0.57,0.59,20.53,2.67,1.44,5.13,0.72,9.7,7.34,2.53,2.67,2.53,15.0,12.0,8.0,35.0,1.0,5.0,1.0,2.0,0.0,11.0,8.0,14.0,26.0,6.0,12.0,25.0,12.0,3.0,6.0,14.0,10.0,3.0,0.46,1.37,0.84,0.0,0.0,1.0,35.5,27.0,27.13,2.0,0.31,1.17,1.17,1.81,1.81,1.78,12.84,0.66,0.75,3.26,0.45,7.88,6.01,0.65,0.67,0.67,17.0,2.0,7.0,26.0,2.0,1.0,0.0,4.0,0.0,6.0,6.0,15.0,17.0,5.0,10.0,19.0,17.0,3.0,13.0,18.0,1.0,0.0,0.58,0.08,0.0,2.0,0.0,0.0,26.02,19.0,19.24,7.0,0.15,0.01,0.01,0.8,0.82,0.81
84800018482073,2025,Vaakanainen-Schneider,NYR,pairing,5on5,15,9497.0,49.0,0.48,0.49,0.48,71.06,5.83,4.48,17.79,2.3,39.51,28.08,5.68,5.93,5.77,60.0,38.0,43.0,141.0,6.0,7.0,0.0,14.0,0.0,43.0,28.0,54.0,92.0,9.0,24.0,49.0,85.0,16.0,41.0,71.0,21.0,6.0,1.8,2.44,1.59,1.0,4.0,1.0,142.51,98.0,98.89,15.0,0.92,1.0,1.0,5.75,5.85,5.8,78.52,6.42,4.78,20.33,2.63,42.6,31.25,6.1,6.32,5.99,72.0,36.0,38.0,146.0,6.0,9.0,0.0,15.0,0.0,35.0,43.0,66.0,102.0,10.0,26.0,49.0,70.0,11.0,52.0,85.0,16.0,7.0,2.46,1.99,1.98,4.0,1.0,1.0,143.74,108.0,106.6,27.0,0.99,1.85,1.85,5.56,5.48,5.31
847645384768268478010,2025,Point-Gourde-Kucherov,TBL,line,5on5,4,1067.0,50.0,0.6,0.5,0.46,10.04,1.66,0.76,2.33,0.31,4.66,3.28,1.6,1.57,1.51,9.0,4.0,7.0,20.0,1.0,3.0,0.0,3.0,0.0,4.0,2.0,8.0,12.0,1.0,2.0,9.0,3.0,0.0,6.0,8.0,1.0,4.0,0.28,0.09,1.29,0.0,0.0,1.0,19.77,13.0,12.67,2.0,0.16,1.03,1.03,0.79,0.75,0.75,11.5,1.13,0.64,2.85,0.37,5.72,4.29,1.11,1.15,1.13,11.0,4.0,5.0,20.0,2.0,1.0,0.0,3.0,0.0,5.0,4.0,9.0,13.0,1.0,2.0,10.0,6.0,2.0,6.0,11.0,3.0,1.0,0.4,0.43,0.3,1.0,0.0,1.0,19.92,15.0,14.98,2.0,0.13,0.12,0.12,1.13,1.16,1.15
847637484797058480355,2025,Viel-Kuraly-Kastelic,BOS,line,5on5,7,1293.0,64.0,0.5,0.5,0.6,11.46,0.86,0.7,3.06,0.4,5.57,4.41,0.85,0.84,0.83,9.0,6.0,8.0,23.0,2.0,1.0,0.0,1.0,0.0,3.0,8.0,7.0,13.0,1.0,5.0,14.0,16.0,3.0,7.0,11.0,4.0,0.0,0.24,0.61,0.0,2.0,0.0,0.0,22.52,15.0,14.41,2.0,0.15,0.02,0.02,0.99,0.97,0.96,7.24,0.87,0.56,1.72,0.26,3.86,2.72,0.87,0.9,0.9,8.0,2.0,13.0,23.0,1.0,1.0,0.0,2.0,0.0,4.0,2.0,7.0,9.0,4.0,11.0,11.0,13.0,1.0,11.0,6.0,3.0,1.0,0.14,0.43,0.3,0.0,1.0,0.0,23.14,10.0,10.2,6.0,0.12,0.15,0.15,0.84,0.86,0.86
847629284770158479996,2025,Palat-Glass-Brown,NJD,line,5on5,14,4284.0,123.0,0.45,0.42,0.45,28.22,2.33,1.86,6.94,0.88,15.41,10.58,2.26,2.35,2.28,21.0,17.0,13.0,51.0,3.0,0.0,0.0,4.0,0.0,13.0,18.0,18.0,35.0,1.0,5.0,45.0,23.0,6.0,19.0,27.0,11.0,0.0,0.84,1.49,0.0,1.0,2.0,0.0,51.46,38.0,38.83,9.0,0.39,0.0,0.0,2.72,2.74,2.66,33.61,2.82,2.18,8.84,1.17,18.4,13.6,2.75,2.83,2.77,28.0,19.0,23.0,70.0,2.0,2.0,0.0,7.0,0.0,17.0,19.0,26.0,45.0,3.0,9.0,32.0,29.0,3.0,10.0,33.0,13.0,1.0,0.93,1.67,0.22,0.0,2.0,0.0,70.77,47.0,47.47,4.0,0.46,0.2,0.2,3.08,3.1,3.06
847641984774948482476,2025,Drouin-Pageau-Heineman,NYI,line,5on5,9,1251.0,80.0,0.28,0.48,0.48,11.21,0.51,0.66,2.7,0.39,6.73,5.03,0.49,0.5,0.48,12.0,4.0,4.0,20.0,0.0,0.0,0.0,2.0,0.0,11.0,3.0,12.0,16.0,2.0,4.0,13.0,7.0,1.0,6.0,15.0,1.0,0.0,0.42,0.09,0.0,0.0,0.0,0.0,18.99,16.0,15.28,3.0,0.13,0.0,0.0,0.64,0.63,0.6,12.68,1.3,0.83,2.78,0.39,6.72,4.98,1.25,1.35,1.29,14.0,3.0,5.0,22.0,1.0,1.0,0.0,2.0,0.0,7.0,6.0,13.0,16.0,0.0,0.0,8.0,5.0,2.0,5.0,12.0,4.0,1.0,0.4,0.54,0.36,0.0,1.0,0.0,22.68,17.0,17.62,2.0,0.17,0.36,0.36,1.11,1.13,1.11
84780628481161,2025,Christiansen-Mayo,CBJ,pairing,5on5,2,903.0,6.0,0.72,0.77,0.83,14.02,1.19,0.93,3.83,0.48,7.36,5.2,1.12,1.17,1.11,13.0,6.0,5.0,24.0,1.0,1.0,1.0,4.0,0.0,11.0,2.0,12.0,18.0,1.0,2.0,13.0,5.0,2.0,5.0,13.0,5.0,1.0,0.32,0.66,0.2,0.0,1.0,0.0,23.84,19.0,19.0,1.0,0.2,0.11,0.11,1.28,1.26,1.22,3.17,0.47,0.19,0.66,0.1,1.51,1.07,0.44,0.48,0.45,4.0,0.0,3.0,7.0,1.0,1.0,0.0,1.0,0.0,0.0,1.0,3.0,3.0,0.0,0.0,5.0,11.0,1.0,6.0,2.0,2.0,0.0,0.12,0.36,0.0,1.0,0.0,0.0,7.31,4.0,4.12,4.0,0.04,0.16,0.16,0.35,0.36,0.35
84774888482684,2025,Hughes-Pesce,NJD,pairing,5on5,16,13702.0,27.0,0.53,0.55,0.55,135.3,12.49,9.0,34.54,4.45,71.95,51.58,11.98,12.78,12.26,118.0,66.0,69.0,253.0,6.0,15.0,0.0,28.0,0.0,79.0,56.0,112.0,178.0,12.0,24.0,96.0,64.0,14.0,54.0,138.0,32.0,14.0,4.29,4.23,3.97,5.0,0.0,1.0,259.04,184.0,188.4,23.0,1.87,3.07,3.07,11.29,11.53,11.26,112.02,11.17,7.83,27.01,3.69,59.54,42.76,10.76,11.0,10.59,96.0,56.0,56.0,208.0,5.0,17.0,2.0,19.0,0.0,56.0,55.0,91.0,147.0,6.0,12.0,132.0,90.0,19.0,73.0,99.0,37.0,16.0,2.56,4.55,4.06,0.0,4.0,1.0,203.92,152.0,149.32,36.0,1.64,3.57,3.57,9.25,9.08,8.84
847841484794078480002,2025,Bratt-Hischier-Meier,NJD,line,5on5,19,8683.0,90.0,0.57,0.57,0.56,95.49,9.25,6.25,25.02,3.14,48.9,35.42,8.8,9.15,8.71,84.0,44.0,54.0,182.0,8.0,11.0,0.0,18.0,0.0,51.0,40.0,76.0,120.0,5.0,10.0,98.0,49.0,14.0,54.0,91.0,23.0,14.0,2.69,3.13,3.43,4.0,2.0,2.0,178.31,128.0,126.32,25.0,1.31,2.07,2.07,8.5,8.43,8.24,75.75,6.91,4.68,18.45,2.44,38.79,30.73,6.64,6.95,6.69,70.0,32.0,35.0,137.0,9.0,8.0,2.0,17.0,0.0,34.0,34.0,61.0,93.0,7.0,14.0,81.0,47.0,19.0,39.0,74.0,20.0,8.0,2.24,2.59,2.08,4.0,2.0,3.0,136.57,102.0,101.88,15.0,0.98,1.43,1.43,6.46,6.54,6.4
847514984774518478508,2025,Johansson-Hartman-Trenin,MIN,line,5on5,7,1278.0,77.0,0.71,0.47,0.59,14.41,1.89,0.95,2.93,0.43,7.13,5.68,1.86,1.86,1.83,16.0,3.0,2.0,21.0,2.0,2.0,0.0,5.0,0.0,4.0,6.0,14.0,17.0,0.0,0.0,11.0,11.0,4.0,8.0,11.0,4.0,4.0,0.18,0.54,1.16,1.0,1.0,0.0,21.43,19.0,19.34,2.0,0.2,0.65,0.65,1.44,1.46,1.44,8.86,0.78,0.64,2.12,0.37,5.26,3.85,0.77,0.77,0.77,8.0,5.0,11.0,24.0,1.0,1.0,0.0,2.0,0.0,3.0,6.0,7.0,12.0,0.0,0.0,9.0,19.0,2.0,5.0,11.0,1.0,1.0,0.38,0.18,0.21,0.0,1.0,0.0,24.35,13.0,12.89,1.0,0.14,0.01,0.01,0.9,0.9,0.9
847793484784028481617,2025,Mcdavid-Draisaitl-Podkolzin,EDM,line,5on5,11,1673.0,112.0,0.51,0.57,0.52,17.88,1.6,1.13,4.1,0.55,10.27,7.36,1.58,1.58,1.56,20.0,5.0,8.0,33.0,3.0,1.0,0.0,7.0,0.0,5.0,9.0,17.0,22.0,0.0,0.0,8.0,10.0,0.0,7.0,16.0,8.0,1.0,0.44,0.89,0.27,1.0,1.0,1.0,32.39,25.0,24.29,5.0,0.23,0.14,0.14,1.69,1.68,1.67,17.38,1.51,1.08,4.16,0.55,9.03,6.68,1.4,1.45,1.35,12.0,11.0,2.0,25.0,0.0,2.0,0.0,2.0,0.0,7.0,12.0,12.0,23.0,0.0,0.0,16.0,6.0,0.0,8.0,17.0,5.0,1.0,0.6,0.67,0.25,0.0,0.0,0.0,23.6,23.0,22.06,3.0,0.22,0.35,0.35,1.39,1.35,1.29
847793984780578478462,2025,Joshua-Roy-Nylander,TOR,line,5on5,6,814.0,69.0,0.72,0.62,0.65,9.25,0.71,0.61,2.31,0.3,5.39,3.68,0.65,0.69,0.64,8.0,5.0,5.0,18.0,1.0,0.0,0.0,1.0,0.0,5.0,6.0,7.0,12.0,2.0,2.0,9.0,7.0,1.0,4.0,9.0,4.0,0.0,0.22,0.49,0.0,0.0,1.0,0.0,17.99,13.0,13.16,3.0,0.13,0.0,0.0,0.84,0.82,0.75,5.08,0.27,0.29,1.12,0.15,3.01,2.16,0.27,0.28,0.28,5.0,2.0,4.0,11.0,0.0,0.0,0.0,1.0,0.0,6.0,0.0,5.0,7.0,1.0,2.0,6.0,6.0,0.0,3.0,7.0,0.0,0.0,0.27,0.0,0.0,0.0,0.0,0.0,11.08,7.0,6.96,0.0,0.06,0.0,0.0,0.33,0.34,0.34
847953384809808481481,2025,Koppanen-Lizotte-Dewar,PIT,line,5on5,4,1898.0,12.0,0.36,0.58,0.55,18.74,1.48,1.18,4.68,0.61,10.31,7.74,1.45,1.51,1.48,14.0,12.0,12.0,38.0,0.0,1.0,0.0,2.0,0.0,11.0,12.0,14.0,26.0,2.0,4.0,17.0,10.0,4.0,5.0,21.0,4.0,1.0,0.59,0.57,0.32,0.0,0.0,0.0,38.22,26.0,25.89,3.0,0.24,0.32,0.32,1.41,1.44,1.41,16.02,2.67,1.16,3.98,0.6,7.51,5.07,2.21,2.65,2.19,16.0,5.0,6.0,27.0,1.0,3.0,0.0,4.0,0.0,6.0,7.0,15.0,20.0,1.0,2.0,21.0,22.0,1.0,11.0,8.0,9.0,4.0,0.27,1.17,1.24,0.0,1.0,0.0,26.83,21.0,20.81,1.0,0.25,0.87,0.87,2.06,2.06,1.68
84793728479985,2025,Mahura-Fleury,SEA,pairing,5on5,5,1339.0,23.0,0.32,0.27,0.3,6.47,0.51,0.42,1.87,0.21,3.62,2.36,0.51,0.53,0.53,6.0,3.0,1.0,10.0,0.0,0.0,0.0,2.0,0.0,5.0,2.0,6.0,9.0,4.0,11.0,6.0,12.0,1.0,7.0,7.0,1.0,1.0,0.16,0.13,0.22,0.0,0.0,0.0,10.55,9.0,9.42,3.0,0.09,0.0,0.0,0.6,0.62,0.62,15.47,1.07,0.92,3.83,0.42,8.56,6.2,1.05,1.03,1.02,14.0,7.0,6.0,27.0,1.0,0.0,0.0,6.0,0.0,10.0,4.0,13.0,20.0,4.0,11.0,12.0,21.0,3.0,4.0,17.0,2.0,2.0,0.35,0.21,0.5,0.0,1.0,0.0,26.28,21.0,20.14,0.0,0.19,0.0,0.0,1.25,1.21,1.2
847514984784938481557,2025,Johansson-Eriksson Ek-Boldy,MIN,line,5on5,26,13311.0,78.0,0.58,0.53,0.53,130.62,11.31,8.92,30.74,4.24,72.21,52.57,10.95,11.5,11.13,117.0,63.0,60.0,240.0,16.0,12.0,2.0,17.0,0.0,80.0,55.0,101.0,164.0,14.0,31.0,122.0,58.0,21.0,58.0,134.0,35.0,11.0,3.72,4.32,3.27,5.0,9.0,2.0,246.95,180.0,184.97,24.0,1.85,2.45,2.45,10.71,10.91,10.76,111.71,8.15,7.53,29.52,3.81,63.43,44.56,7.79,8.03,7.68,101.0,56.0,52.0,209.0,3.0,8.0,0.0,32.0,0.0,50.0,64.0,98.0,154.0,13.0,29.0,131.0,80.0,16.0,62.0,125.0,27.0,5.0,3.55,3.19,1.41,2.0,1.0,0.0,205.07,157.0,153.36,30.0,1.55,1.17,1.17,8.54,8.41,8.22
847360484764808482149,2025,Perfetti-Toews-Namestnikov,WPG,line,5on5,15,6392.0,87.0,0.5,0.52,0.5,57.37,5.37,3.88,14.89,2.03,30.46,23.37,4.97,5.62,5.2,48.0,32.0,38.0,118.0,2.0,8.0,0.0,18.0,0.0,29.0,23.0,46.0,78.0,8.0,19.0,65.0,54.0,5.0,39.0,58.0,14.0,8.0,1.33,1.78,2.25,0.0,1.0,1.0,121.22,80.0,82.17,23.0,0.81,1.8,1.8,4.38,4.55,4.46,56.7,5.31,3.87,14.64,2.08,31.09,22.01,5.08,5.15,4.93,45.0,34.0,31.0,110.0,4.0,7.0,0.0,11.0,0.0,27.0,30.0,41.0,75.0,3.0,9.0,44.0,41.0,6.0,24.0,58.0,15.0,6.0,1.88,1.63,1.81,1.0,3.0,0.0,108.69,79.0,77.16,8.0,0.81,1.44,1.44,4.68,4.59,4.5
84785008479371,2025,Provorov-Fabbro,CBJ,pairing,5on5,33,5962.0,208.0,0.51,0.43,0.47,48.29,4.29,3.25,11.89,1.79,25.88,19.9,4.0,4.23,3.95,47.0,20.0,21.0,88.0,2.0,9.0,1.0,11.0,0.0,21.0,24.0,45.0,65.0,7.0,20.0,40.0,43.0,7.0,29.0,48.0,15.0,4.0,1.19,2.08,1.02,1.0,1.0,0.0,88.74,67.0,68.02,13.0,0.68,0.84,0.84,4.13,4.08,3.92,53.43,4.11,3.14,13.99,1.86,29.25,22.64,3.87,4.19,3.93,50.0,25.0,41.0,116.0,5.0,5.0,1.0,11.0,0.0,23.0,31.0,45.0,70.0,13.0,35.0,45.0,28.0,8.0,29.0,65.0,5.0,5.0,1.77,0.62,1.72,4.0,0.0,1.0,114.4,75.0,74.75,14.0,0.64,1.49,1.49,3.27,3.27,3.24
84747168480800,2025,Hughes-Spurgeon,MIN,pairing,5on5,8,850.0,52.0,0.62,0.48,0.44,6.2,0.59,0.35,1.39,0.19,3.08,2.4,0.57,0.57,0.55,7.0,1.0,3.0,11.0,1.0,0.0,0.0,1.0,0.0,5.0,1.0,6.0,7.0,2.0,4.0,3.0,2.0,0.0,2.0,5.0,3.0,0.0,0.12,0.47,0.0,0.0,1.0,0.0,10.67,8.0,7.7,1.0,0.07,0.0,0.0,0.67,0.64,0.62,7.1,0.37,0.39,1.84,0.24,4.0,3.17,0.36,0.37,0.36,4.0,6.0,2.0,12.0,0.0,1.0,0.0,2.0,0.0,2.0,5.0,4.0,10.0,1.0,2.0,2.0,3.0,2.0,5.0,9.0,1.0,0.0,0.24,0.13,0.0,0.0,0.0,0.0,12.48,10.0,10.34,4.0,0.08,0.13,0.13,0.31,0.32,0.31
847952584808358484149,2025,Colton-Drury-Brindley,COL,line,5on5,15,648.0,176.0,0.18,0.3,0.31,3.63,0.17,0.22,1.15,0.12,1.96,1.38,0.17,0.17,0.17,2.0,3.0,1.0,6.0,1.0,1.0,0.0,0.0,0.0,2.0,1.0,1.0,4.0,0.0,0.0,6.0,3.0,0.0,6.0,5.0,0.0,0.0,0.17,0.0,0.0,1.0,0.0,0.0,6.15,5.0,5.07,4.0,0.04,0.03,0.03,0.18,0.18,0.18,7.95,0.78,0.55,1.88,0.24,4.43,3.11,0.77,0.79,0.78,6.0,5.0,3.0,14.0,1.0,1.0,0.0,1.0,0.0,4.0,4.0,5.0,10.0,2.0,4.0,5.0,9.0,2.0,4.0,8.0,2.0,1.0,0.21,0.35,0.23,1.0,0.0,0.0,13.98,11.0,11.0,3.0,0.11,0.19,0.19,0.7,0.73,0.72
847637484795918480355,2025,Eyssimont-Kuraly-Kastelic,BOS,line,5on5,13,2446.0,99.0,0.45,0.6,0.55,22.55,1.63,1.41,5.8,0.7,12.37,9.09,1.62,1.63,1.62,21.0,10.0,18.0,49.0,3.0,2.0,0.0,6.0,0.0,15.0,5.0,18.0,28.0,8.0,16.0,24.0,24.0,3.0,15.0,26.0,2.0,3.0,0.57,0.25,0.81,2.0,1.0,0.0,48.76,31.0,31.24,10.0,0.29,0.58,0.58,1.34,1.33,1.32,17.03,2.02,1.13,4.59,0.66,9.71,6.89,1.95,1.99,1.92,14.0,11.0,7.0,32.0,2.0,4.0,0.0,2.0,0.0,11.0,6.0,12.0,23.0,5.0,10.0,21.0,14.0,4.0,15.0,16.0,6.0,3.0,0.56,0.65,0.82,2.0,0.0,0.0,31.6,25.0,24.61,7.0,0.24,0.83,0.83,1.43,1.44,1.4
84774888478399,2025,Siegenthaler-Pesce,NJD,pairing,5on5,13,939.0,88.0,0.14,0.37,0.29,4.63,0.26,0.29,1.29,0.19,2.73,2.25,0.25,0.27,0.26,3.0,4.0,6.0,13.0,0.0,2.0,0.0,1.0,0.0,2.0,2.0,3.0,7.0,3.0,9.0,3.0,7.0,2.0,3.0,6.0,1.0,0.0,0.15,0.11,0.0,0.0,0.0,0.0,13.21,7.0,7.08,2.0,0.06,0.12,0.12,0.2,0.21,0.2,12.56,1.6,0.86,2.96,0.45,6.05,5.09,1.42,1.56,1.38,10.0,7.0,5.0,22.0,0.0,5.0,0.0,2.0,0.0,6.0,4.0,10.0,17.0,1.0,5.0,2.0,6.0,2.0,4.0,11.0,3.0,3.0,0.28,0.43,0.9,0.0,0.0,0.0,21.87,17.0,17.01,1.0,0.18,1.05,1.05,0.73,0.71,0.68
847682684774168480995,2025,Bjorkstrand-Gourde-Holmberg,TBL,line,5on5,11,3147.0,97.0,0.65,0.53,0.51,30.06,2.58,1.77,6.96,0.92,14.54,12.23,2.51,2.73,2.66,25.0,14.0,16.0,55.0,3.0,5.0,1.0,4.0,0.0,14.0,13.0,22.0,36.0,3.0,6.0,26.0,16.0,1.0,11.0,30.0,4.0,5.0,0.72,0.55,1.31,1.0,1.0,1.0,56.97,39.0,40.64,5.0,0.37,1.04,1.04,1.9,1.99,1.99,26.94,1.4,1.64,7.25,0.89,15.62,11.19,1.37,1.34,1.32,22.0,16.0,11.0,49.0,0.0,1.0,0.0,6.0,0.0,12.0,19.0,22.0,38.0,3.0,6.0,31.0,25.0,2.0,15.0,34.0,4.0,0.0,0.98,0.42,0.0,0.0,0.0,0.0,47.28,38.0,36.67,7.0,0.34,0.03,0.03,1.71,1.64,1.61
847516684815828484158,2025,Robertson-Tavares-Cowan,TOR,line,5on5,10,1295.0,112.0,0.32,0.52,0.52,12.57,0.89,0.73,3.26,0.43,6.45,5.23,0.89,0.87,0.86,12.0,5.0,9.0,26.0,0.0,1.0,0.0,2.0,0.0,7.0,7.0,12.0,17.0,1.0,2.0,7.0,9.0,2.0,8.0,13.0,4.0,0.0,0.45,0.45,0.0,0.0,0.0,0.0,25.15,17.0,16.53,3.0,0.15,0.04,0.04,1.01,0.98,0.97,12.69,1.89,0.94,2.9,0.39,5.87,4.01,1.75,1.95,1.81,13.0,3.0,8.0,24.0,1.0,4.0,0.0,3.0,0.0,3.0,5.0,12.0,15.0,1.0,2.0,6.0,2.0,0.0,5.0,9.0,4.0,3.0,0.26,0.51,1.12,1.0,0.0,0.0,23.98,16.0,15.96,2.0,0.19,1.25,1.25,0.84,0.83,0.82
847844484807488484136,2025,Sherwood-Sasson-Boeser,VAN,line,5on5,5,1107.0,25.0,0.2,0.35,0.37,7.15,0.35,0.38,1.85,0.22,4.11,3.09,0.34,0.34,0.34,7.0,3.0,2.0,12.0,0.0,0.0,0.0,0.0,0.0,4.0,6.0,7.0,10.0,0.0,0.0,6.0,7.0,2.0,4.0,9.0,1.0,0.0,0.24,0.11,0.0,0.0,0.0,0.0,11.47,10.0,9.71,1.0,0.08,0.0,0.0,0.42,0.42,0.41,13.24,1.42,0.85,3.05,0.37,6.64,4.67,1.33,1.37,1.27,8.0,9.0,5.0,22.0,1.0,1.0,0.0,2.0,0.0,6.0,7.0,7.0,16.0,0.0,0.0,11.0,3.0,0.0,5.0,11.0,4.0,2.0,0.41,0.53,0.48,0.0,1.0,0.0,21.29,17.0,16.6,1.0,0.18,0.28,0.28,1.32,1.27,1.17
847936584814918481617,2025,Frederic-Philp-Podkolzin,EDM,line,5on5,4,688.0,28.0,0.01,0.16,0.07,0.67,0.01,0.03,0.2,0.02,0.45,0.29,0.01,0.01,0.01,1.0,0.0,2.0,3.0,0.0,0.0,0.0,0.0,0.0,1.0,0.0,1.0,1.0,1.0,2.0,7.0,10.0,0.0,2.0,1.0,0.0,0.0,0.01,0.0,0.0,0.0,0.0,0.0,2.67,1.0,0.88,1.0,0.01,0.0,0.0,0.02,0.02,0.02,9.63,1.34,0.82,2.18,0.43,5.53,3.7,1.26,1.43,1.35,10.0,4.0,2.0,16.0,2.0,2.0,2.0,2.0,0.0,4.0,4.0,8.0,12.0,0.0,0.0,4.0,4.0,1.0,7.0,11.0,1.0,2.0,0.44,0.14,0.76,0.0,0.0,2.0,16.68,14.0,14.5,0.0,0.17,0.76,0.76,0.74,0.79,0.78
84752008479983,2025,Ferraro-Orlov,SJS,pairing,5on5,26,3929.0,210.0,0.42,0.49,0.46,37.05,2.7,2.44,9.02,1.17,20.34,15.33,2.6,2.68,2.58,37.0,14.0,18.0,69.0,2.0,2.0,0.0,7.0,0.0,22.0,18.0,35.0,49.0,4.0,8.0,31.0,28.0,6.0,18.0,41.0,8.0,2.0,1.34,0.94,0.41,2.0,0.0,0.0,66.81,51.0,49.59,8.0,0.5,0.2,0.2,2.99,2.97,2.88,44.39,3.73,2.72,11.9,1.52,22.32,17.82,3.37,3.86,3.49,44.0,16.0,12.0,72.0,2.0,5.0,0.0,8.0,0.0,21.0,24.0,42.0,58.0,3.0,6.0,17.0,21.0,7.0,24.0,43.0,12.0,5.0,0.87,1.4,1.45,1.0,1.0,0.0,74.95,60.0,62.22,11.0,0.57,1.29,1.29,3.01,3.11,3.02
847576584769948477451,2025,Hinostroza-Hartman-Tarasenko,MIN,line,5on5,8,3080.0,42.0,0.36,0.41,0.41,19.59,1.5,1.27,4.53,0.63,10.93,8.13,1.44,1.64,1.57,18.0,9.0,15.0,42.0,1.0,1.0,0.0,2.0,0.0,15.0,8.0,17.0,26.0,0.0,0.0,21.0,8.0,4.0,11.0,19.0,8.0,0.0,0.53,0.97,0.0,1.0,0.0,0.0,46.53,27.0,29.55,5.0,0.26,0.18,0.18,1.58,1.71,1.66,27.51,2.67,1.91,6.81,0.93,15.63,11.06,2.25,2.52,2.15,23.0,16.0,22.0,61.0,1.0,5.0,1.0,6.0,0.0,10.0,17.0,22.0,38.0,1.0,2.0,30.0,16.0,5.0,22.0,30.0,7.0,2.0,0.84,0.69,1.15,0.0,0.0,1.0,59.51,39.0,38.31,11.0,0.39,1.29,1.29,1.76,1.74,1.72
848165684820888484186,2025,Protas-Sourdif-Leonard,WSH,line,5on5,15,1452.0,192.0,0.45,0.55,0.53,11.69,0.92,0.7,2.81,0.39,7.05,5.13,0.91,0.92,0.91,12.0,5.0,6.0,23.0,2.0,0.0,0.0,2.0,0.0,8.0,5.0,10.0,15.0,2.0,4.0,10.0,10.0,3.0,8.0,13.0,4.0,0.0,0.42,0.51,0.0,0.0,2.0,0.0,23.22,17.0,17.02,4.0,0.14,0.0,0.0,1.06,1.06,1.05,10.53,1.15,0.74,2.36,0.37,5.94,4.44,1.15,1.16,1.16,11.0,4.0,4.0,19.0,0.0,1.0,0.0,4.0,0.0,2.0,8.0,11.0,15.0,2.0,4.0,9.0,17.0,2.0,7.0,9.0,4.0,2.0,0.26,0.44,0.46,0.0,0.0,0.0,19.4,15.0,15.28,4.0,0.15,0.01,0.01,1.3,1.31,1.3
84820948484798,2025,Buium-Hunt,MIN,pairing,5on5,9,3358.0,49.0,0.47,0.35,0.38,23.97,2.53,1.58,6.11,0.78,12.04,8.97,2.37,2.71,2.54,19.0,13.0,10.0,42.0,1.0,4.0,0.0,4.0,0.0,10.0,13.0,18.0,31.0,3.0,6.0,23.0,28.0,4.0,16.0,21.0,9.0,2.0,0.6,1.31,0.61,0.0,1.0,0.0,45.2,32.0,33.84,9.0,0.33,0.8,0.8,2.06,2.16,2.11,36.3,2.83,2.36,8.93,1.31,21.7,15.85,2.76,2.77,2.7,30.0,23.0,24.0,77.0,1.0,4.0,0.0,6.0,0.0,19.0,23.0,29.0,52.0,3.0,8.0,31.0,22.0,3.0,16.0,43.0,8.0,2.0,1.31,1.04,0.48,1.0,0.0,0.0,74.39,53.0,51.3,8.0,0.49,0.63,0.63,2.7,2.66,2.59
847887484807988480848,2025,Kurashev-Dellandrea-Gaudette,SJS,line,5on5,4,742.0,53.0,0.24,0.22,0.31,3.12,0.24,0.26,0.73,0.09,1.58,1.11,0.23,0.24,0.23,2.0,2.0,1.0,5.0,0.0,0.0,0.0,1.0,0.0,1.0,2.0,2.0,4.0,1.0,2.0,4.0,4.0,1.0,5.0,2.0,2.0,0.0,0.03,0.21,0.0,0.0,0.0,0.0,4.82,4.0,3.89,3.0,0.06,0.0,0.0,0.29,0.29,0.28,6.88,0.74,0.5,1.97,0.25,3.37,2.16,0.72,0.72,0.7,5.0,4.0,9.0,18.0,1.0,1.0,0.0,0.0,0.0,4.0,3.0,4.0,8.0,1.0,2.0,5.0,4.0,3.0,6.0,6.0,2.0,1.0,0.23,0.28,0.23,0.0,1.0,0.0,18.28,9.0,9.05,2.0,0.11,0.23,0.23,0.61,0.6,0.6
847750384780578481582,2025,Robertson-Domi-Joshua,TOR,line,5on5,5,1248.0,33.0,0.43,0.47,0.44,12.01,0.71,0.68,3.3,0.39,5.3,4.62,0.7,0.71,0.7,12.0,3.0,7.0,22.0,0.0,3.0,0.0,4.0,0.0,2.0,6.0,12.0,15.0,0.0,0.0,13.0,16.0,0.0,3.0,11.0,4.0,0.0,0.25,0.46,0.0,0.0,0.0,0.0,22.78,15.0,15.42,2.0,0.14,0.51,0.22,0.63,0.64,0.64,13.44,0.94,0.8,3.53,0.43,7.81,5.48,0.93,0.95,0.94,13.0,6.0,6.0,25.0,2.0,1.0,1.0,3.0,0.0,5.0,8.0,11.0,17.0,0.0,0.0,8.0,11.0,1.0,2.0,17.0,1.0,1.0,0.61,0.1,0.23,1.0,0.0,1.0,24.87,19.0,19.01,0.0,0.16,0.23,0.23,0.87,0.86,0.85
847584884808138483728,2025,Davidson-Veleno-Gallagher,MTL,line,5on5,6,2314.0,19.0,0.48,0.48,0.47,20.6,1.92,1.38,5.15,0.82,11.97,8.77,1.85,1.85,1.79,20.0,10.0,13.0,43.0,1.0,3.0,0.0,5.0,0.0,14.0,7.0,19.0,29.0,9.0,18.0,18.0,23.0,2.0,13.0,23.0,5.0,2.0,0.73,0.59,0.6,1.0,0.0,0.0,42.77,30.0,29.1,8.0,0.29,0.61,0.61,1.6,1.55,1.53,24.77,2.11,1.52,5.82,0.83,13.66,10.07,2.06,2.07,2.02,18.0,16.0,13.0,47.0,3.0,2.0,1.0,3.0,0.0,12.0,14.0,15.0,31.0,4.0,8.0,12.0,18.0,2.0,11.0,27.0,6.0,1.0,0.87,0.83,0.41,1.0,2.0,0.0,46.07,34.0,33.54,5.0,0.31,0.23,0.23,2.19,2.14,2.12
847579184807628480829,2025,Hall-Kotkaniemi-Robinson,CAR,line,5on5,9,3600.0,57.0,0.56,0.58,0.59,34.31,2.97,2.05,9.29,1.27,17.93,12.5,2.71,2.94,2.69,33.0,13.0,21.0,67.0,5.0,1.0,0.0,10.0,0.0,21.0,9.0,28.0,41.0,2.0,4.0,38.0,29.0,5.0,14.0,35.0,9.0,2.0,1.12,1.25,0.6,3.0,2.0,0.0,67.67,46.0,46.11,8.0,0.44,0.28,0.6,2.8,2.78,2.58,23.28,2.3,1.43,5.73,0.76,12.32,9.46,2.1,2.27,2.08,20.0,12.0,16.0,48.0,3.0,4.0,1.0,7.0,0.0,10.0,8.0,17.0,29.0,3.0,6.0,48.0,41.0,5.0,20.0,22.0,7.0,3.0,0.55,0.89,0.86,1.0,0.0,2.0,47.99,32.0,32.34,9.0,0.3,0.92,0.92,1.68,1.7,1.66
847843884827588485414,2025,Kindel-Novak-Koivunen,PIT,line,5on5,11,2662.0,98.0,0.64,0.61,0.59,28.75,2.95,1.9,6.86,1.01,15.95,12.33,2.9,3.11,3.04,25.0,16.0,11.0,52.0,2.0,4.0,1.0,5.0,0.0,13.0,17.0,23.0,39.0,6.0,12.0,15.0,9.0,4.0,10.0,30.0,7.0,4.0,0.85,0.96,1.15,1.0,0.0,1.0,53.53,41.0,42.09,3.0,0.39,0.63,1.09,2.25,2.32,2.28,21.19,1.68,1.31,5.33,0.68,10.85,8.15,1.55,1.67,1.54,18.0,10.0,5.0,33.0,2.0,3.0,0.0,5.0,0.0,9.0,9.0,16.0,26.0,1.0,2.0,17.0,28.0,2.0,17.0,21.0,5.0,2.0,0.46,0.79,0.43,0.0,2.0,0.0,32.03,28.0,27.23,12.0,0.28,0.59,0.59,1.37,1.35,1.33
847648084768718482149,2025,Pearson-Namestnikov-Perfetti,WPG,line,5on5,3,1038.0,10.0,0.24,0.43,0.38,5.94,0.2,0.33,1.65,0.22,3.85,2.75,0.2,0.19,0.19,3.0,6.0,6.0,15.0,0.0,1.0,0.0,1.0,1.0,3.0,3.0,3.0,9.0,2.0,4.0,7.0,10.0,1.0,4.0,9.0,0.0,0.0,0.2,0.0,0.0,0.0,0.0,0.0,14.22,9.0,8.57,1.0,0.07,0.02,0.02,0.24,0.24,0.23,10.81,0.63,0.61,3.04,0.37,6.15,4.2,0.62,0.64,0.64,10.0,5.0,5.0,20.0,1.0,1.0,0.0,3.0,0.0,7.0,3.0,9.0,14.0,4.0,8.0,10.0,6.0,2.0,5.0,12.0,3.0,0.0,0.25,0.38,0.0,0.0,1.0,0.0,20.36,15.0,15.31,3.0,0.12,0.04,0.04,0.71,0.73,0.72
847689784775738480281,2025,Walker-Sundqvist-Toropchenko,STL,line,5on5,8,3134.0,32.0,0.35,0.33,0.36,17.83,1.32,1.13,4.42,0.57,9.92,6.7,1.3,1.38,1.36,15.0,10.0,7.0,32.0,5.0,0.0,0.0,2.0,0.0,12.0,6.0,10.0,20.0,2.0,4.0,24.0,49.0,2.0,8.0,19.0,6.0,0.0,0.49,0.83,0.0,3.0,2.0,0.0,32.73,25.0,25.58,5.0,0.23,0.0,0.0,1.49,1.54,1.52,32.45,2.42,1.88,8.98,1.03,17.17,12.52,2.38,2.41,2.38,29.0,15.0,22.0,66.0,6.0,2.0,0.0,6.0,0.0,14.0,16.0,23.0,38.0,1.0,2.0,23.0,26.0,7.0,23.0,37.0,5.0,2.0,1.04,0.72,0.65,3.0,2.0,1.0,65.9,44.0,43.79,14.0,0.39,0.59,0.59,2.22,2.23,2.21
84764638482122,2025,Brodin-Faber,MIN,pairing,5on5,36,28341.0,85.0,0.51,0.48,0.5,236.79,21.17,15.84,59.57,8.04,129.51,95.87,20.14,21.31,20.28,228.0,102.0,117.0,447.0,19.0,29.0,4.0,52.0,0.0,127.0,103.0,209.0,311.0,27.0,54.0,235.0,182.0,40.0,123.0,251.0,56.0,23.0,6.98,6.94,7.25,8.0,7.0,4.0,450.41,330.0,332.61,59.0,3.27,5.9,5.9,18.53,18.69,18.32,239.72,19.97,15.69,59.92,8.2,132.32,94.91,18.93,20.05,19.01,219.0,112.0,151.0,482.0,18.0,20.0,1.0,42.0,1.0,120.0,130.0,201.0,313.0,29.0,60.0,262.0,171.0,34.0,132.0,252.0,60.0,19.0,7.06,7.45,5.47,9.0,3.0,6.0,483.36,331.0,331.15,63.0,3.25,3.98,3.98,19.23,19.35,18.81
84764298481014,2025,Romanov-Mayfield,NYI,pairing,5on5,12,4611.0,45.0,0.28,0.34,0.34,25.01,2.07,1.45,7.03,0.86,12.45,9.14,2.02,2.12,2.06,21.0,12.0,11.0,44.0,1.0,4.0,0.0,10.0,1.0,8.0,9.0,20.0,32.0,3.0,8.0,30.0,34.0,4.0,25.0,24.0,7.0,2.0,0.61,0.9,0.56,0.0,1.0,0.0,45.08,33.0,34.02,17.0,0.3,0.69,0.69,1.69,1.73,1.72,47.66,5.42,3.29,11.94,1.5,24.98,16.88,5.18,5.29,5.05,45.0,19.0,23.0,87.0,2.0,7.0,0.0,10.0,0.0,29.0,16.0,43.0,62.0,5.0,13.0,37.0,31.0,8.0,23.0,45.0,9.0,10.0,1.34,1.09,2.99,2.0,0.0,0.0,84.83,64.0,62.49,6.0,0.69,1.83,1.83,4.28,4.21,4.14
84775078479325,2025,Zadorov-Mcavoy,BOS,pairing,5on5,27,15467.0,91.0,0.44,0.48,0.48,116.18,10.41,7.36,29.25,3.94,62.82,46.2,9.92,10.3,9.81,103.0,57.0,66.0,226.0,10.0,12.0,2.0,20.0,0.0,65.0,53.0,93.0,150.0,27.0,67.0,134.0,122.0,28.0,77.0,115.0,34.0,11.0,3.05,4.26,3.1,3.0,5.0,2.0,224.29,160.0,158.52,35.0,1.53,2.43,2.68,9.27,9.19,9.01,130.22,13.03,8.44,34.24,4.39,64.43,47.46,12.13,12.91,12.08,113.0,59.0,71.0,243.0,8.0,19.0,1.0,24.0,0.0,61.0,60.0,105.0,164.0,21.0,51.0,127.0,110.0,27.0,54.0,120.0,35.0,17.0,3.44,4.58,5.02,4.0,2.0,2.0,243.31,172.0,172.3,25.0,1.77,4.62,4.62,10.18,10.27,10.0
847793584784218482713,2025,Greer-Bennett-Samoskevich,FLA,line,5on5,14,1128.0,167.0,0.31,0.56,0.59,12.14,0.88,0.8,3.13,0.46,6.82,4.91,0.86,0.82,0.81,12.0,5.0,8.0,25.0,0.0,1.0,0.0,5.0,0.0,7.0,4.0,12.0,17.0,1.0,2.0,4.0,7.0,1.0,3.0,13.0,4.0,0.0,0.4,0.48,0.0,0.0,0.0,0.0,23.25,17.0,15.83,1.0,0.16,0.07,0.07,0.97,0.91,0.9,9.48,1.97,0.76,2.06,0.29,3.84,3.07,1.94,2.05,2.03,7.0,5.0,8.0,20.0,1.0,1.0,0.0,2.0,0.0,3.0,5.0,6.0,11.0,1.0,2.0,10.0,9.0,1.0,5.0,5.0,4.0,3.0,0.25,0.62,1.1,0.0,0.0,1.0,21.7,12.0,12.74,3.0,0.16,0.38,0.38,1.76,1.88,1.87
848020884808018481528,2025,Tkachuk-Cozens-Batherson,OTT,line,5on5,7,1698.0,37.0,0.65,0.72,0.74,22.79,1.24,1.31,5.67,0.72,12.89,9.19,1.22,1.19,1.17,21.0,10.0,5.0,36.0,1.0,0.0,0.0,5.0,0.0,15.0,10.0,20.0,30.0,3.0,6.0,25.0,11.0,3.0,11.0,27.0,4.0,0.0,0.74,0.49,0.0,1.0,0.0,0.0,33.72,31.0,29.37,3.0,0.27,0.0,0.0,1.51,1.45,1.42,8.5,0.65,0.48,2.0,0.27,3.76,3.84,0.65,0.69,0.69,11.0,0.0,3.0,14.0,0.0,0.0,0.0,2.0,0.0,1.0,8.0,11.0,11.0,3.0,6.0,16.0,12.0,1.0,15.0,7.0,4.0,0.0,0.18,0.48,0.0,0.0,0.0,0.0,14.44,11.0,11.47,10.0,0.1,0.0,0.0,0.75,0.79,0.79
847574584774258482705,2025,Wood-Coyle-Sillinger,CBJ,line,5on5,10,3000.0,83.0,0.68,0.51,0.49,29.47,3.28,2.02,7.51,1.04,14.93,10.23,2.84,3.11,2.7,29.0,10.0,19.0,58.0,1.0,5.0,0.0,7.0,0.0,16.0,10.0,28.0,38.0,4.0,8.0,29.0,26.0,1.0,10.0,26.0,8.0,5.0,0.77,0.89,1.62,1.0,0.0,0.0,55.83,39.0,37.56,8.0,0.42,1.11,1.11,2.58,2.45,2.29,28.17,1.56,1.68,7.15,0.91,16.41,12.28,1.54,1.65,1.63,22.0,18.0,15.0,55.0,1.0,1.0,0.0,8.0,0.0,17.0,13.0,21.0,39.0,2.0,4.0,31.0,16.0,7.0,12.0,38.0,1.0,1.0,1.17,0.17,0.22,1.0,0.0,0.0,57.38,40.0,41.57,6.0,0.34,0.22,0.22,1.69,1.78,1.76
847415084763998482074,2025,Coleman-Backlund-Zary,CGY,line,5on5,24,12301.0,78.0,0.49,0.54,0.53,107.78,9.76,6.59,28.13,3.48,53.38,41.66,9.32,9.86,9.42,94.0,49.0,58.0,201.0,8.0,17.0,4.0,17.0,0.0,49.0,52.0,86.0,135.0,14.0,31.0,124.0,83.0,13.0,56.0,102.0,27.0,14.0,2.38,3.61,3.77,2.0,2.0,4.0,201.92,143.0,144.46,32.0,1.39,3.75,3.75,7.4,7.39,7.29,97.52,10.05,6.15,25.23,3.16,47.71,36.7,9.16,10.15,9.25,75.0,54.0,45.0,174.0,7.0,15.0,1.0,20.0,1.0,38.0,48.0,68.0,122.0,12.0,27.0,123.0,75.0,15.0,67.0,91.0,26.0,12.0,2.67,3.44,3.93,4.0,1.0,2.0,173.2,129.0,128.01,28.0,1.3,3.72,3.72,7.62,7.68,7.48
84815428482762,2025,Edvinsson-Seider,DET,pairing,5on5,38,32037.0,79.0,0.58,0.56,0.58,304.88,27.11,19.22,75.43,10.17,161.48,120.58,26.09,27.65,26.59,278.0,136.0,145.0,559.0,29.0,31.0,3.0,56.0,1.0,137.0,160.0,249.0,385.0,34.0,71.0,273.0,163.0,41.0,151.0,302.0,83.0,29.0,8.47,10.8,7.84,15.0,12.0,2.0,564.36,414.0,416.31,69.0,3.99,6.69,6.69,24.41,24.74,24.37,216.06,19.92,13.69,53.39,6.91,114.16,85.93,18.97,20.1,19.15,193.0,101.0,151.0,445.0,18.0,20.0,4.0,41.0,0.0,105.0,110.0,175.0,276.0,40.0,87.0,255.0,181.0,24.0,136.0,211.0,60.0,23.0,6.08,7.5,6.34,5.0,9.0,4.0,442.91,294.0,294.53,68.0,2.83,5.26,5.26,17.5,17.52,17.28
847576584784938481557,2025,Boldy-Eriksson Ek-Tarasenko,MIN,line,5on5,10,3058.0,77.0,0.57,0.54,0.57,29.97,2.73,1.96,8.82,1.12,16.19,11.16,2.44,2.66,2.36,27.0,15.0,15.0,57.0,1.0,7.0,0.0,7.0,0.0,16.0,11.0,26.0,41.0,0.0,0.0,39.0,27.0,7.0,14.0,35.0,3.0,4.0,0.93,0.41,1.4,1.0,0.0,0.0,55.0,42.0,40.85,7.0,0.41,1.62,1.62,1.53,1.46,1.41,22.91,2.04,1.56,5.83,0.79,12.51,9.28,1.95,2.14,2.05,18.0,14.0,17.0,49.0,2.0,4.0,1.0,3.0,0.0,9.0,14.0,16.0,30.0,3.0,6.0,34.0,24.0,3.0,8.0,22.0,7.0,3.0,0.45,0.92,0.67,0.0,2.0,0.0,49.91,32.0,32.59,3.0,0.33,0.6,0.6,1.77,1.85,1.82
84788598484304,2025,Mikkola-Balinskis,FLA,pairing,5on5,21,979.0,152.0,0.57,0.45,0.52,9.84,0.91,0.54,2.31,0.32,4.85,4.08,0.89,0.89,0.88,10.0,3.0,1.0,14.0,1.0,0.0,0.0,4.0,0.0,3.0,5.0,9.0,12.0,5.0,10.0,3.0,13.0,1.0,2.0,10.0,2.0,1.0,0.38,0.31,0.21,1.0,0.0,0.0,14.28,13.0,13.1,0.0,0.11,0.0,0.21,0.81,0.79,0.78,8.37,0.7,0.56,2.36,0.29,4.84,3.24,0.69,0.74,0.73,9.0,3.0,5.0,17.0,0.0,2.0,0.0,1.0,0.0,4.0,5.0,9.0,12.0,8.0,16.0,2.0,14.0,4.0,4.0,9.0,3.0,0.0,0.24,0.46,0.0,0.0,0.0,0.0,17.84,12.0,12.52,1.0,0.12,0.21,0.21,0.6,0.65,0.65
847843884815918485414,2025,Novak-Kindel-Poulin,PIT,line,5on5,2,1186.0,4.0,0.48,0.57,0.65,11.94,0.75,0.8,2.83,0.38,7.31,4.92,0.75,0.69,0.69,10.0,7.0,7.0,24.0,0.0,0.0,0.0,4.0,0.0,6.0,7.0,10.0,17.0,0.0,0.0,11.0,4.0,2.0,10.0,14.0,3.0,0.0,0.44,0.31,0.0,0.0,0.0,0.0,21.33,17.0,15.42,5.0,0.16,0.0,0.0,0.92,0.84,0.83,6.74,0.82,0.43,1.75,0.22,3.27,2.51,0.82,0.88,0.88,6.0,3.0,9.0,18.0,2.0,0.0,0.0,3.0,0.0,2.0,2.0,4.0,7.0,1.0,2.0,6.0,12.0,2.0,10.0,7.0,0.0,2.0,0.29,0.0,0.52,2.0,0.0,0.0,20.09,9.0,9.67,4.0,0.09,0.0,0.0,0.91,0.98,0.98
847360484801138482787,2025,Iafallo-Toews-Chibrikov,WPG,line,5on5,5,1640.0,18.0,0.42,0.44,0.34,8.11,0.79,0.54,2.06,0.26,4.37,2.98,0.79,0.78,0.77,5.0,6.0,13.0,24.0,1.0,0.0,0.0,0.0,0.0,4.0,6.0,4.0,10.0,3.0,6.0,23.0,14.0,4.0,12.0,7.0,3.0,1.0,0.17,0.42,0.2,0.0,0.0,1.0,22.93,11.0,10.88,6.0,0.11,0.0,0.0,0.91,0.89,0.89,14.58,1.12,1.03,3.46,0.5,8.61,6.29,1.11,1.18,1.17,12.0,9.0,9.0,30.0,2.0,1.0,0.0,3.0,0.0,5.0,10.0,10.0,19.0,2.0,4.0,9.0,16.0,4.0,5.0,17.0,3.0,1.0,0.55,0.36,0.21,1.0,0.0,1.0,30.82,21.0,21.48,4.0,0.21,0.15,0.15,1.18,1.23,1.23
84775078480035,2025,Zadorov-Jokiharju,BOS,pairing,5on5,21,7824.0,117.0,0.43,0.49,0.51,68.42,4.55,4.27,18.2,2.37,36.23,27.38,4.45,4.56,4.45,64.0,29.0,37.0,130.0,5.0,7.0,0.0,14.0,0.0,41.0,26.0,59.0,88.0,12.0,27.0,82.0,74.0,7.0,45.0,79.0,11.0,3.0,2.3,1.5,0.76,2.0,3.0,0.0,128.97,93.0,92.86,20.0,0.89,0.75,0.75,4.69,4.69,4.61,65.22,5.99,4.42,16.6,2.26,35.79,25.95,5.82,5.96,5.79,57.0,34.0,43.0,134.0,7.0,8.0,0.0,14.0,0.0,39.0,23.0,50.0,84.0,13.0,29.0,70.0,56.0,8.0,37.0,66.0,17.0,8.0,1.68,2.05,2.26,5.0,1.0,1.0,135.5,91.0,92.22,9.0,0.92,1.78,1.78,5.13,5.16,5.08
847514984757658482079,2025,Johansson-Rossi-Tarasenko,MIN,line,5on5,6,1244.0,43.0,0.7,0.56,0.52,12.26,1.71,0.81,2.9,0.4,6.62,4.56,1.56,1.7,1.56,11.0,6.0,12.0,29.0,2.0,1.0,1.0,2.0,0.0,8.0,4.0,9.0,15.0,0.0,0.0,13.0,4.0,5.0,7.0,9.0,6.0,2.0,0.32,0.73,0.65,1.0,0.0,1.0,28.85,17.0,17.04,4.0,0.17,0.23,0.23,1.66,1.65,1.57,11.46,0.73,0.78,2.64,0.34,6.76,4.75,0.71,0.69,0.68,10.0,6.0,7.0,23.0,0.0,0.0,0.0,2.0,0.0,7.0,7.0,10.0,16.0,0.0,0.0,9.0,5.0,0.0,4.0,13.0,3.0,0.0,0.32,0.4,0.0,0.0,0.0,0.0,22.37,16.0,15.46,2.0,0.16,0.0,0.0,0.89,0.85,0.83
84773698482073,2025,Soucy-Schneider,NYR,pairing,5on5,31,9180.0,198.0,0.42,0.43,0.44,61.23,5.59,3.88,15.61,2.0,33.05,23.86,5.51,5.75,5.67,53.0,31.0,33.0,117.0,6.0,3.0,0.0,12.0,0.0,27.0,36.0,47.0,78.0,7.0,15.0,65.0,77.0,10.0,50.0,59.0,19.0,6.0,1.48,2.33,1.77,3.0,3.0,0.0,120.61,84.0,86.93,23.0,0.8,0.76,0.76,5.63,5.81,5.77,79.97,7.72,4.91,20.43,2.6,41.98,31.35,7.45,7.54,7.28,68.0,41.0,47.0,156.0,6.0,12.0,2.0,11.0,0.0,38.0,42.0,62.0,103.0,8.0,19.0,59.0,73.0,16.0,43.0,78.0,22.0,9.0,2.29,2.82,2.61,3.0,2.0,1.0,151.38,109.0,106.58,24.0,1.02,2.61,2.61,6.14,5.98,5.9
847798784816248482703,2025,Donato-Dach-Mikheyev,CHI,line,5on5,13,2366.0,87.0,0.39,0.43,0.42,13.27,1.08,0.77,3.15,0.43,7.58,5.99,1.07,1.08,1.08,13.0,6.0,4.0,23.0,1.0,0.0,0.0,0.0,0.0,9.0,9.0,12.0,18.0,2.0,4.0,12.0,23.0,5.0,15.0,14.0,4.0,1.0,0.3,0.57,0.21,1.0,0.0,0.0,23.18,19.0,19.12,10.0,0.16,0.0,0.0,1.24,1.24,1.24,19.84,1.69,1.16,4.93,0.61,10.11,7.49,1.56,1.68,1.55,18.0,8.0,5.0,31.0,3.0,3.0,2.0,4.0,0.0,7.0,9.0,15.0,23.0,1.0,2.0,26.0,35.0,3.0,5.0,20.0,3.0,3.0,0.46,0.28,0.96,1.0,0.0,2.0,31.01,26.0,25.75,3.0,0.24,0.96,0.96,0.97,0.95,0.91
847794684788918484471,2025,Finnie-Larkin-Appleton,DET,line,5on5,15,2110.0,128.0,0.28,0.36,0.34,14.03,1.17,0.9,3.56,0.51,8.06,5.79,1.15,1.16,1.13,16.0,4.0,7.0,27.0,4.0,2.0,0.0,1.0,0.0,6.0,7.0,12.0,16.0,3.0,6.0,19.0,17.0,4.0,9.0,13.0,7.0,0.0,0.33,0.84,0.0,2.0,2.0,0.0,27.18,20.0,20.22,6.0,0.19,0.14,0.14,1.22,1.21,1.2,28.33,2.99,1.79,7.55,1.0,14.32,10.37,2.29,2.94,2.24,25.0,13.0,11.0,49.0,0.0,7.0,0.0,4.0,0.0,16.0,11.0,25.0,38.0,1.0,2.0,15.0,16.0,2.0,7.0,27.0,7.0,4.0,0.75,0.91,1.33,0.0,0.0,0.0,48.02,38.0,36.65,4.0,0.37,1.39,1.39,1.97,1.96,1.54
847942084834688484145,2025,Benson-Kulich-Thompson,BUF,line,5on5,8,5337.0,9.0,0.51,0.51,0.49,41.51,3.53,2.73,10.94,1.39,21.56,15.84,3.4,3.55,3.42,35.0,21.0,33.0,89.0,4.0,5.0,0.0,7.0,0.0,20.0,20.0,31.0,52.0,8.0,16.0,45.0,22.0,7.0,21.0,41.0,12.0,3.0,1.08,1.52,0.93,1.0,3.0,0.0,89.91,56.0,56.28,7.0,0.57,1.19,1.19,2.91,2.92,2.87,43.38,3.41,2.83,10.87,1.45,22.0,17.43,3.26,3.43,3.28,38.0,20.0,29.0,87.0,3.0,4.0,0.0,8.0,0.0,23.0,20.0,35.0,55.0,8.0,16.0,57.0,44.0,9.0,27.0,43.0,14.0,1.0,1.16,1.84,0.41,0.0,3.0,0.0,86.05,58.0,58.14,11.0,0.59,0.52,0.52,3.48,3.49,3.39
847403784834648484160,2025,Van Riemsdyk-Kasper-Danielson,DET,line,5on5,5,796.0,50.0,0.26,0.39,0.39,5.04,0.22,0.24,1.42,0.19,2.8,2.13,0.22,0.23,0.23,6.0,1.0,2.0,9.0,0.0,0.0,0.0,1.0,0.0,4.0,2.0,6.0,7.0,1.0,2.0,7.0,5.0,2.0,4.0,6.0,1.0,0.0,0.08,0.14,0.0,0.0,0.0,0.0,9.23,7.0,7.16,2.0,0.05,0.0,0.0,0.27,0.28,0.28,7.7,0.61,0.5,1.68,0.24,4.71,3.25,0.6,0.63,0.62,8.0,3.0,3.0,14.0,2.0,0.0,0.0,3.0,0.0,4.0,2.0,6.0,9.0,2.0,4.0,4.0,10.0,1.0,1.0,10.0,0.0,1.0,0.39,0.0,0.22,2.0,0.0,0.0,13.94,11.0,11.05,0.0,0.1,0.0,0.0,0.71,0.74,0.73
84768928481598,2025,Broberg-Parayko,STL,pairing,5on5,41,32227.0,85.0,0.54,0.43,0.47,225.37,23.39,15.63,53.39,7.26,118.2,85.19,22.56,23.25,22.44,202.0,102.0,94.0,398.0,22.0,30.0,2.0,39.0,0.0,100.0,113.0,180.0,282.0,26.0,60.0,251.0,215.0,49.0,140.0,202.0,77.0,25.0,6.54,9.88,6.97,8.0,10.0,4.0,398.26,304.0,304.99,66.0,3.26,5.68,5.68,20.92,20.9,20.58,253.92,19.55,16.1,64.03,8.43,138.16,102.73,18.98,19.59,19.04,229.0,120.0,174.0,523.0,19.0,19.0,0.0,49.0,0.0,129.0,133.0,210.0,330.0,29.0,64.0,265.0,179.0,46.0,177.0,269.0,64.0,16.0,7.35,7.98,4.22,7.0,9.0,3.0,525.13,349.0,349.12,74.0,3.33,3.39,3.39,19.48,19.58,19.21
847688084784408481656,2025,Protas-Strome-Wilson,WSH,line,5on5,20,2264.0,226.0,0.59,0.58,0.58,23.96,2.95,1.62,5.72,0.81,12.31,9.59,2.87,3.1,3.02,22.0,11.0,8.0,41.0,1.0,4.0,1.0,3.0,0.0,12.0,13.0,21.0,32.0,0.0,0.0,22.0,11.0,5.0,13.0,19.0,9.0,5.0,0.53,1.08,1.34,0.0,1.0,0.0,42.48,33.0,34.18,2.0,0.34,0.86,0.86,2.43,2.56,2.55,18.09,2.04,1.18,4.28,0.58,9.1,6.83,1.93,2.13,2.01,15.0,9.0,6.0,30.0,4.0,3.0,0.0,0.0,0.0,3.0,14.0,11.0,20.0,3.0,6.0,17.0,5.0,7.0,14.0,14.0,7.0,3.0,0.48,0.83,0.72,3.0,1.0,0.0,30.66,24.0,24.86,7.0,0.25,0.63,0.63,1.65,1.7,1.68
84808788481581,2025,Harley-Lundkvist,DAL,pairing,5on5,13,7838.0,36.0,0.48,0.48,0.51,63.73,6.2,4.1,15.45,2.11,35.43,25.72,6.04,6.37,6.21,52.0,37.0,29.0,118.0,9.0,5.0,0.0,11.0,0.0,32.0,32.0,43.0,80.0,11.0,22.0,66.0,42.0,15.0,34.0,61.0,25.0,3.0,2.12,3.36,0.72,7.0,2.0,0.0,123.5,89.0,92.2,20.0,0.85,1.11,0.86,6.19,6.39,6.33,62.76,6.64,4.09,14.31,2.01,32.52,25.42,6.44,6.53,6.33,55.0,30.0,42.0,127.0,5.0,4.0,0.0,16.0,0.0,28.0,32.0,50.0,80.0,7.0,14.0,59.0,63.0,11.0,47.0,56.0,17.0,12.0,1.71,2.0,2.94,1.0,2.0,2.0,122.87,85.0,83.2,26.0,0.85,1.13,1.13,6.37,6.26,6.15
847647484779968481032,2025,Cotter-Lammikko-Noesen,NJD,line,5on5,9,2219.0,93.0,0.57,0.49,0.44,18.32,1.7,1.3,5.05,0.65,9.08,6.22,1.56,1.64,1.51,18.0,6.0,9.0,33.0,2.0,3.0,0.0,6.0,0.0,6.0,7.0,16.0,22.0,2.0,4.0,17.0,15.0,1.0,8.0,17.0,5.0,2.0,0.4,0.62,0.69,0.0,2.0,0.0,32.62,24.0,23.5,5.0,0.27,0.7,0.7,1.27,1.26,1.24,21.47,1.3,1.39,5.4,0.71,11.96,9.24,1.27,1.25,1.23,19.0,11.0,5.0,35.0,0.0,2.0,0.0,7.0,0.0,10.0,11.0,19.0,30.0,1.0,2.0,17.0,12.0,3.0,9.0,24.0,5.0,1.0,0.49,0.57,0.23,0.0,0.0,0.0,35.4,30.0,30.21,2.0,0.29,0.33,0.33,1.25,1.24,1.23
847575484775018479525,2025,Colton-Nelson-Nichushkin,COL,line,5on5,14,4436.0,79.0,0.63,0.56,0.59,44.75,4.71,3.21,11.34,1.63,23.81,17.3,4.44,4.86,4.6,42.0,20.0,27.0,89.0,3.0,9.0,0.0,11.0,0.0,18.0,21.0,39.0,59.0,4.0,8.0,57.0,23.0,10.0,17.0,41.0,16.0,5.0,1.17,2.15,1.39,0.0,3.0,0.0,93.7,62.0,64.94,10.0,0.67,1.75,1.75,3.62,3.81,3.74,31.7,2.72,2.07,8.51,1.01,16.49,12.2,2.65,2.55,2.49,28.0,15.0,28.0,71.0,3.0,3.0,0.0,7.0,0.0,18.0,12.0,25.0,40.0,6.0,12.0,41.0,20.0,4.0,13.0,34.0,6.0,3.0,1.09,0.8,0.82,3.0,0.0,0.0,66.87,43.0,40.43,8.0,0.43,0.74,0.74,2.4,2.26,2.23
847534384784638479520,2025,Beauvillier-Dowd-Duhaime,WSH,line,5on5,10,946.0,99.0,0.6,0.52,0.45,6.97,0.89,0.49,1.86,0.28,3.85,2.63,0.82,0.83,0.76,5.0,5.0,6.0,16.0,0.0,3.0,0.0,3.0,0.0,3.0,1.0,5.0,10.0,1.0,2.0,6.0,9.0,1.0,2.0,6.0,2.0,2.0,0.11,0.23,0.54,0.0,0.0,0.0,14.35,10.0,9.09,0.0,0.1,0.56,0.56,0.43,0.39,0.37,7.87,0.6,0.54,2.15,0.29,4.91,3.51,0.6,0.65,0.65,5.0,7.0,3.0,15.0,2.0,0.0,0.0,0.0,0.0,6.0,4.0,3.0,10.0,0.0,0.0,14.0,4.0,1.0,2.0,10.0,2.0,0.0,0.41,0.19,0.0,2.0,0.0,0.0,16.51,12.0,12.92,0.0,0.11,0.0,0.0,0.72,0.77,0.77
84765258477504,2025,Morrissey-Miller,WPG,pairing,5on5,9,786.0,74.0,0.44,0.58,0.59,9.31,0.42,0.54,2.66,0.36,4.66,4.36,0.42,0.41,0.41,8.0,5.0,5.0,18.0,0.0,0.0,0.0,1.0,0.0,5.0,7.0,8.0,13.0,0.0,0.0,6.0,5.0,1.0,4.0,12.0,1.0,0.0,0.32,0.1,0.0,0.0,0.0,0.0,16.98,13.0,12.34,2.0,0.11,0.0,0.0,0.54,0.51,0.51,6.42,0.55,0.43,1.46,0.23,3.63,2.7,0.55,0.55,0.54,7.0,2.0,4.0,13.0,0.0,1.0,0.0,0.0,0.0,3.0,5.0,7.0,9.0,1.0,2.0,4.0,4.0,2.0,2.0,7.0,2.0,0.0,0.28,0.27,0.0,0.0,0.0,0.0,13.33,9.0,9.12,1.0,0.09,0.07,0.07,0.57,0.56,0.56
848269984834318484388,2025,But-Cooley-Guenther,UTA,line,5on5,2,1204.0,5.0,0.5,0.48,0.53,15.9,1.72,1.03,3.97,0.52,7.94,5.83,1.58,1.85,1.71,13.0,8.0,5.0,26.0,1.0,3.0,0.0,3.0,0.0,7.0,7.0,12.0,20.0,2.0,4.0,9.0,6.0,1.0,9.0,14.0,5.0,2.0,0.46,0.68,0.57,0.0,1.0,0.0,29.16,21.0,23.17,3.0,0.22,0.65,0.65,1.28,1.4,1.39,14.17,1.7,1.16,3.58,0.51,7.1,4.95,1.57,1.58,1.45,12.0,7.0,9.0,28.0,0.0,3.0,0.0,3.0,0.0,10.0,3.0,12.0,19.0,0.0,0.0,8.0,1.0,1.0,8.0,10.0,7.0,2.0,0.26,0.94,0.5,0.0,0.0,0.0,25.73,19.0,17.52,5.0,0.24,0.59,0.59,1.35,1.25,1.24
847522084769948477451,2025,Foligno-Hartman-Hinostroza,MIN,line,5on5,13,3964.0,106.0,0.48,0.58,0.52,39.29,3.29,2.51,9.85,1.24,20.5,15.62,3.23,3.24,3.19,28.0,25.0,32.0,85.0,1.0,2.0,0.0,7.0,0.0,25.0,18.0,27.0,52.0,5.0,13.0,26.0,36.0,7.0,22.0,40.0,9.0,4.0,1.2,1.05,1.04,1.0,0.0,0.0,84.7,53.0,52.74,9.0,0.52,0.27,0.27,3.54,3.51,3.46,34.94,3.62,2.4,9.2,1.19,18.32,13.27,3.48,3.69,3.54,32.0,16.0,14.0,62.0,5.0,5.0,1.0,4.0,0.0,19.0,15.0,27.0,43.0,5.0,15.0,35.0,20.0,7.0,28.0,32.0,10.0,6.0,0.95,1.19,1.48,2.0,1.0,2.0,62.59,48.0,48.39,18.0,0.51,0.83,0.83,3.29,3.31,3.25
84754628482178,2025,Moore-Gudas,ANA,pairing,5on5,7,2327.0,36.0,0.37,0.45,0.39,17.64,1.3,1.18,4.21,0.63,10.69,8.0,1.25,1.27,1.22,15.0,11.0,16.0,42.0,3.0,2.0,1.0,5.0,0.0,5.0,11.0,12.0,23.0,3.0,12.0,14.0,19.0,2.0,9.0,21.0,4.0,1.0,0.55,0.44,0.32,2.0,0.0,1.0,41.48,26.0,26.06,7.0,0.24,0.38,0.38,1.16,1.13,1.12,27.75,2.23,1.88,6.15,0.97,16.39,12.37,2.09,2.35,2.2,23.0,17.0,12.0,52.0,2.0,2.0,0.0,3.0,0.0,19.0,14.0,21.0,38.0,4.0,14.0,14.0,24.0,4.0,7.0,31.0,8.0,1.0,1.05,0.92,0.26,1.0,1.0,0.0,53.76,40.0,41.28,4.0,0.38,0.34,0.34,2.27,2.39,2.26
84768918482176,2025,Grzelcyk-Kaiser,CHI,pairing,5on5,10,1307.0,83.0,0.68,0.66,0.62,9.53,0.92,0.55,2.36,0.29,5.25,3.63,0.91,0.99,0.98,10.0,3.0,6.0,19.0,1.0,1.0,0.0,2.0,0.0,5.0,4.0,9.0,12.0,0.0,0.0,10.0,4.0,3.0,4.0,12.0,0.0,1.0,0.35,0.0,0.57,1.0,0.0,0.0,20.23,13.0,13.56,2.0,0.11,0.57,0.57,0.46,0.47,0.47,5.66,0.44,0.37,1.39,0.18,3.16,2.46,0.43,0.43,0.43,4.0,4.0,2.0,10.0,0.0,1.0,0.0,0.0,0.0,2.0,5.0,4.0,8.0,0.0,0.0,5.0,10.0,1.0,4.0,6.0,2.0,0.0,0.15,0.29,0.0,0.0,0.0,0.0,10.04,8.0,7.97,1.0,0.08,0.03,0.03,0.48,0.48,0.47
847638984821578484210,2025,Cuylle-Trocheck-Perreault,NYR,line,5on5,4,1289.0,17.0,0.23,0.39,0.34,7.23,0.39,0.42,1.91,0.23,3.99,3.05,0.39,0.41,0.4,7.0,3.0,8.0,18.0,0.0,1.0,0.0,3.0,0.0,6.0,0.0,7.0,10.0,1.0,2.0,12.0,14.0,0.0,7.0,9.0,1.0,0.0,0.29,0.1,0.0,0.0,0.0,0.0,18.7,10.0,10.24,5.0,0.09,0.08,0.08,0.4,0.42,0.41,12.41,1.31,0.82,3.45,0.55,7.63,5.23,1.29,1.23,1.21,9.0,10.0,9.0,28.0,0.0,1.0,0.0,2.0,0.0,8.0,8.0,9.0,19.0,0.0,0.0,13.0,8.0,3.0,8.0,13.0,5.0,1.0,0.46,0.58,0.26,0.0,0.0,0.0,26.91,19.0,18.18,4.0,0.17,0.26,0.26,1.22,1.15,1.13
84745688476331,2025,Demelo-Schenn,WPG,pairing,5on5,14,712.0,137.0,0.12,0.41,0.3,2.21,0.04,0.09,0.58,0.07,1.22,1.0,0.04,0.04,0.04,3.0,0.0,4.0,7.0,0.0,0.0,0.0,1.0,0.0,2.0,0.0,3.0,3.0,1.0,2.0,3.0,5.0,0.0,3.0,3.0,0.0,0.0,0.04,0.0,0.0,0.0,0.0,0.0,7.51,3.0,3.13,3.0,0.02,0.0,0.0,0.06,0.06,0.06,5.09,0.32,0.3,1.16,0.16,2.99,2.08,0.32,0.32,0.32,6.0,1.0,3.0,10.0,2.0,0.0,0.0,1.0,0.0,1.0,3.0,4.0,5.0,0.0,0.0,2.0,2.0,1.0,7.0,5.0,2.0,0.0,0.14,0.19,0.0,0.0,2.0,0.0,9.54,7.0,6.82,0.0,0.06,0.0,0.0,0.39,0.38,0.38
84706138478038,2025,Toews-Burns,COL,pairing,5on5,39,3398.0,273.0,0.64,0.56,0.54,34.4,3.6,2.2,8.82,1.12,18.14,13.12,3.54,3.6,3.53,30.0,17.0,25.0,72.0,3.0,2.0,0.0,5.0,0.0,20.0,17.0,27.0,44.0,3.0,6.0,21.0,13.0,5.0,17.0,29.0,12.0,6.0,0.59,1.53,1.48,0.0,1.0,2.0,73.65,47.0,47.26,10.0,0.46,0.46,0.46,3.61,3.61,3.57,28.9,2.01,1.65,7.31,0.92,16.09,12.01,1.93,2.0,1.91,30.0,10.0,16.0,56.0,2.0,1.0,0.0,6.0,0.0,14.0,17.0,28.0,38.0,3.0,6.0,20.0,11.0,7.0,21.0,31.0,8.0,1.0,0.73,1.03,0.25,1.0,1.0,0.0,55.02,40.0,39.83,10.0,0.34,0.25,0.25,2.1,2.08,1.98
84778108481167,2025,Hanley-Pachal,CGY,pairing,5on5,15,6093.0,75.0,0.65,0.56,0.56,46.35,4.58,2.96,12.18,1.56,24.1,17.63,4.41,4.64,4.47,45.0,18.0,32.0,95.0,2.0,5.0,0.0,9.0,0.0,24.0,23.0,43.0,61.0,6.0,18.0,40.0,49.0,7.0,31.0,42.0,16.0,5.0,1.09,2.16,1.33,1.0,1.0,0.0,96.99,63.0,64.47,13.0,0.62,1.14,1.14,4.05,4.13,4.08,35.71,2.49,2.27,9.17,1.27,19.87,14.93,2.44,2.45,2.4,29.0,21.0,24.0,74.0,1.0,1.0,0.0,11.0,0.0,19.0,18.0,28.0,49.0,9.0,24.0,35.0,59.0,12.0,24.0,39.0,10.0,1.0,1.04,1.22,0.24,1.0,0.0,0.0,73.5,50.0,48.87,8.0,0.46,0.03,0.03,2.93,2.88,2.82
847519184764388479353,2025,Saad-Howden-Smith,VGK,line,5on5,10,3810.0,55.0,0.43,0.47,0.51,33.84,2.5,2.06,8.66,1.13,17.7,13.95,2.42,2.59,2.5,30.0,16.0,16.0,62.0,3.0,0.0,0.0,12.0,0.0,19.0,12.0,27.0,43.0,3.0,6.0,42.0,24.0,6.0,24.0,34.0,12.0,0.0,0.87,1.63,0.0,1.0,2.0,0.0,64.91,46.0,48.08,15.0,0.43,0.0,0.0,2.94,3.04,2.94,31.15,3.33,2.21,8.44,1.18,17.91,11.94,3.21,3.29,3.17,26.0,19.0,26.0,71.0,1.0,10.0,0.0,7.0,0.0,15.0,12.0,25.0,44.0,2.0,4.0,35.0,34.0,5.0,14.0,34.0,6.0,5.0,0.92,0.84,1.56,1.0,0.0,0.0,68.58,45.0,44.06,5.0,0.46,1.7,1.7,2.09,2.04,1.97
84778458480796,2025,Fehervary-Van Riemsdyk,WSH,pairing,5on5,25,3981.0,163.0,0.55,0.45,0.46,30.15,3.64,2.03,7.46,0.96,15.04,10.87,3.52,3.48,3.36,30.0,10.0,17.0,57.0,1.0,4.0,1.0,7.0,0.0,18.0,10.0,29.0,39.0,3.0,9.0,33.0,20.0,3.0,21.0,23.0,11.0,6.0,0.63,1.44,1.57,0.0,0.0,1.0,55.28,40.0,38.31,13.0,0.43,1.15,1.15,2.92,2.79,2.77,34.3,3.03,2.26,8.8,1.14,18.49,13.28,2.83,3.0,2.8,31.0,16.0,22.0,69.0,2.0,5.0,1.0,6.0,1.0,13.0,20.0,29.0,45.0,4.0,11.0,24.0,18.0,9.0,17.0,34.0,9.0,4.0,0.99,1.0,1.04,1.0,0.0,1.0,68.0,47.0,46.5,9.0,0.47,1.15,1.15,2.36,2.33,2.27
847692584784348481133,2025,Reinhardt-Sissons-Kolesar,VGK,line,5on5,22,8992.0,82.0,0.46,0.42,0.42,56.9,4.56,3.35,14.89,1.88,29.62,23.7,4.46,4.54,4.45,49.0,29.0,30.0,108.0,3.0,7.0,1.0,7.0,0.0,33.0,28.0,46.0,75.0,10.0,26.0,77.0,132.0,7.0,39.0,61.0,12.0,5.0,1.54,1.53,1.49,1.0,0.0,2.0,107.27,78.0,77.8,19.0,0.69,1.42,1.42,3.84,3.86,3.83,75.39,5.41,4.85,20.68,2.74,42.45,30.88,5.22,5.49,5.3,66.0,41.0,42.0,149.0,6.0,7.0,1.0,12.0,0.0,42.0,40.0,60.0,101.0,11.0,30.0,70.0,71.0,7.0,38.0,88.0,14.0,5.0,2.35,1.73,1.33,4.0,1.0,1.0,150.73,107.0,107.87,24.0,1.01,1.3,1.3,5.12,5.17,5.07
847528784780478482146,2025,Bunting-Haula-Evangelista,NSH,line,5on5,24,4333.0,242.0,0.68,0.65,0.63,44.25,4.07,3.01,11.29,1.59,24.36,17.69,3.99,4.09,4.01,39.0,23.0,34.0,96.0,3.0,7.0,0.0,8.0,0.0,23.0,21.0,36.0,59.0,4.0,8.0,31.0,17.0,4.0,11.0,50.0,7.0,5.0,1.69,0.99,1.38,3.0,0.0,0.0,95.93,62.0,61.73,5.0,0.62,0.88,0.88,3.81,3.85,3.8,27.0,1.92,1.62,6.99,0.91,14.13,10.43,1.89,1.91,1.89,21.0,15.0,15.0,51.0,0.0,0.0,0.0,4.0,0.0,13.0,19.0,21.0,36.0,7.0,14.0,34.0,30.0,7.0,25.0,28.0,7.0,1.0,0.77,0.93,0.22,0.0,0.0,0.0,51.92,36.0,36.34,16.0,0.34,0.0,0.0,2.26,2.25,2.22
84768548480035,2025,Lindholm-Jokiharju,BOS,pairing,5on5,15,4829.0,79.0,0.51,0.55,0.53,42.34,3.35,2.67,10.53,1.48,23.21,17.77,3.29,3.36,3.3,35.0,24.0,22.0,81.0,4.0,2.0,0.0,8.0,0.0,22.0,23.0,31.0,55.0,4.0,8.0,43.0,36.0,5.0,16.0,46.0,9.0,4.0,1.37,1.03,0.95,3.0,1.0,0.0,78.84,59.0,57.94,10.0,0.55,0.23,0.23,3.67,3.71,3.65,39.5,3.17,2.59,10.4,1.25,20.74,14.85,3.1,3.18,3.11,37.0,16.0,13.0,66.0,6.0,3.0,1.0,11.0,0.0,13.0,20.0,31.0,47.0,3.0,6.0,43.0,33.0,4.0,22.0,42.0,7.0,4.0,1.27,0.87,1.03,4.0,1.0,1.0,66.35,53.0,53.39,13.0,0.54,0.7,0.7,3.01,3.01,2.97
848155984817218482110,2025,Hughes-Mercer-Gritsyuk,NJD,line,5on5,3,1620.0,10.0,0.88,0.74,0.8,20.07,1.51,1.26,5.04,0.69,10.94,8.56,1.48,1.51,1.48,14.0,14.0,12.0,40.0,2.0,3.0,0.0,1.0,0.0,10.0,12.0,12.0,26.0,2.0,4.0,10.0,4.0,5.0,8.0,22.0,6.0,0.0,0.66,0.84,0.0,2.0,0.0,0.0,39.41,28.0,27.53,4.0,0.26,0.22,0.22,1.54,1.54,1.53,4.93,0.2,0.26,1.11,0.16,3.02,2.24,0.2,0.21,0.21,3.0,4.0,7.0,14.0,0.0,0.0,0.0,0.0,0.0,3.0,4.0,3.0,7.0,1.0,2.0,7.0,8.0,2.0,13.0,7.0,0.0,0.0,0.2,0.0,0.0,0.0,0.0,0.0,14.38,7.0,7.38,9.0,0.06,0.0,0.0,0.26,0.27,0.27
84800698484258,2025,Makar-Malinski,COL,pairing,5on5,32,1935.0,283.0,0.64,0.45,0.54,21.37,1.83,1.3,5.25,0.68,11.6,9.35,1.78,1.85,1.8,19.0,11.0,5.0,35.0,3.0,2.0,0.0,5.0,0.0,9.0,11.0,16.0,27.0,2.0,4.0,4.0,10.0,2.0,12.0,24.0,3.0,3.0,0.75,0.34,0.74,3.0,0.0,0.0,36.06,30.0,30.76,4.0,0.26,0.34,0.34,1.76,1.81,1.78,18.77,1.03,1.09,4.76,0.62,10.48,8.02,1.02,1.01,1.01,13.0,13.0,16.0,42.0,0.0,0.0,0.0,1.0,0.0,13.0,12.0,13.0,26.0,6.0,12.0,6.0,8.0,2.0,10.0,23.0,3.0,0.0,0.72,0.31,0.0,0.0,0.0,0.0,40.95,26.0,25.33,4.0,0.23,0.0,0.0,1.25,1.23,1.23
84752088479998,2025,Anderson-Dumoulin,LAK,pairing,5on5,26,2484.0,195.0,0.38,0.41,0.46,19.32,1.86,1.25,4.74,0.56,9.38,7.2,1.85,1.83,1.83,17.0,8.0,9.0,34.0,1.0,1.0,0.0,3.0,0.0,8.0,12.0,16.0,24.0,2.0,4.0,10.0,13.0,5.0,15.0,16.0,6.0,3.0,0.47,0.74,0.65,0.0,1.0,0.0,33.08,25.0,24.34,8.0,0.26,0.21,0.21,1.91,1.9,1.89,21.86,3.01,1.54,5.4,0.74,10.61,7.7,2.9,2.97,2.87,15.0,14.0,19.0,48.0,2.0,3.0,0.0,5.0,0.0,10.0,9.0,13.0,27.0,3.0,6.0,9.0,13.0,7.0,3.0,14.0,9.0,6.0,0.28,1.23,1.5,0.0,1.0,1.0,48.25,29.0,29.58,0.0,0.33,0.71,0.71,2.63,2.59,2.58
847740284804598482077,2025,Holloway-Suter-Buchnevich,STL,line,5on5,3,659.0,21.0,0.45,0.39,0.33,2.86,0.23,0.21,0.57,0.08,1.77,1.14,0.23,0.23,0.23,2.0,2.0,3.0,7.0,0.0,0.0,0.0,0.0,0.0,1.0,3.0,2.0,4.0,0.0,0.0,2.0,3.0,0.0,3.0,3.0,1.0,0.0,0.12,0.11,0.0,0.0,0.0,0.0,7.17,4.0,4.08,1.0,0.04,0.0,0.0,0.27,0.27,0.27,5.59,0.28,0.32,1.41,0.17,3.36,2.45,0.28,0.28,0.28,4.0,4.0,3.0,11.0,0.0,0.0,0.0,1.0,0.0,1.0,6.0,4.0,8.0,0.0,0.0,4.0,2.0,0.0,4.0,7.0,1.0,0.0,0.12,0.16,0.0,0.0,0.0,0.0,10.8,8.0,7.79,3.0,0.07,0.0,0.0,0.35,0.35,0.35
847637484795918479705,2025,Viel-Kuraly-Eyssimont,BOS,line,5on5,10,2898.0,59.0,0.48,0.55,0.56,27.89,1.79,1.79,6.83,0.91,15.08,11.59,1.68,1.78,1.68,21.0,17.0,16.0,54.0,1.0,4.0,0.0,5.0,0.0,15.0,13.0,20.0,37.0,7.0,17.0,24.0,29.0,3.0,11.0,30.0,7.0,1.0,0.75,0.73,0.31,1.0,0.0,0.0,54.55,38.0,38.0,5.0,0.37,0.48,0.48,1.68,1.69,1.62,21.25,1.93,1.35,5.42,0.77,11.85,8.68,1.82,1.89,1.78,18.0,12.0,14.0,44.0,2.0,3.0,0.0,4.0,0.0,9.0,12.0,16.0,28.0,3.0,9.0,30.0,33.0,7.0,15.0,22.0,6.0,2.0,0.62,0.68,0.63,2.0,0.0,0.0,43.09,30.0,29.45,9.0,0.28,0.42,0.42,1.78,1.74,1.66
847181784766248483630,2025,Regenda-Goodrow-Reaves,SJS,line,5on5,2,730.0,8.0,0.57,0.55,0.5,5.87,1.03,0.46,1.45,0.19,2.93,1.94,0.89,1.06,0.91,5.0,3.0,4.0,12.0,0.0,1.0,0.0,0.0,0.0,5.0,2.0,5.0,8.0,2.0,4.0,5.0,9.0,1.0,3.0,4.0,2.0,2.0,0.05,0.23,0.76,0.0,0.0,0.0,12.75,8.0,8.06,2.0,0.1,0.41,0.41,0.71,0.73,0.72,5.85,0.77,0.42,1.19,0.17,3.19,2.27,0.67,0.79,0.7,7.0,1.0,2.0,10.0,2.0,1.0,0.0,0.0,0.0,4.0,1.0,5.0,6.0,0.0,0.0,11.0,5.0,0.0,8.0,5.0,2.0,1.0,0.19,0.28,0.3,1.0,1.0,0.0,10.22,8.0,8.27,4.0,0.09,0.3,0.3,0.56,0.58,0.55
847742984793378481077,2025,Leonard-Copp-Debrincat,DET,line,5on5,6,3327.0,14.0,0.57,0.53,0.53,31.86,2.88,1.92,8.14,1.08,16.97,13.02,2.83,2.93,2.88,27.0,17.0,18.0,62.0,2.0,4.0,1.0,7.0,0.0,12.0,19.0,25.0,42.0,3.0,6.0,27.0,16.0,8.0,15.0,30.0,10.0,4.0,0.84,1.06,0.97,1.0,0.0,1.0,62.14,44.0,44.39,3.0,0.4,0.74,0.74,2.54,2.55,2.52,27.81,2.15,1.75,7.02,0.99,15.35,11.74,2.12,2.2,2.16,19.0,20.0,17.0,56.0,4.0,1.0,0.0,4.0,0.0,16.0,14.0,15.0,35.0,2.0,4.0,23.0,20.0,4.0,14.0,28.0,10.0,1.0,0.82,1.08,0.25,0.0,4.0,0.0,56.27,39.0,39.74,9.0,0.36,0.01,0.01,2.5,2.55,2.52
84784168482655,2025,Moser-Cernak,TBL,pairing,5on5,9,1693.0,57.0,0.53,0.49,0.44,11.59,1.27,0.8,2.75,0.34,5.63,4.19,1.26,1.35,1.34,10.0,5.0,9.0,24.0,2.0,1.0,0.0,1.0,0.0,5.0,6.0,8.0,13.0,4.0,11.0,17.0,9.0,1.0,8.0,10.0,3.0,2.0,0.38,0.33,0.56,1.0,1.0,0.0,25.98,15.0,15.89,5.0,0.17,0.32,0.32,1.12,1.18,1.18,13.89,1.11,0.76,3.53,0.48,7.05,6.06,1.08,1.03,1.0,11.0,8.0,6.0,25.0,0.0,3.0,0.0,2.0,0.0,6.0,8.0,11.0,19.0,3.0,9.0,13.0,10.0,0.0,10.0,16.0,1.0,2.0,0.47,0.1,0.54,0.0,0.0,0.0,23.0,19.0,17.44,2.0,0.16,0.55,0.55,0.73,0.69,0.68
847935984826238483500,2025,Malenstyn-Dunne-Ostlund,BUF,line,5on5,8,988.0,79.0,0.4,0.36,0.39,6.07,0.6,0.41,1.38,0.21,3.7,2.71,0.57,0.6,0.56,9.0,0.0,3.0,12.0,3.0,1.0,0.0,0.0,0.0,2.0,3.0,6.0,6.0,0.0,0.0,4.0,13.0,2.0,7.0,8.0,0.0,1.0,0.36,0.0,0.24,3.0,0.0,0.0,11.76,9.0,9.02,3.0,0.08,0.24,0.24,0.44,0.44,0.42,10.57,0.91,0.71,2.67,0.34,5.3,4.07,0.81,0.89,0.79,11.0,3.0,7.0,21.0,1.0,1.0,0.0,4.0,0.0,5.0,3.0,10.0,13.0,2.0,4.0,11.0,2.0,0.0,6.0,10.0,3.0,1.0,0.27,0.44,0.2,1.0,0.0,0.0,20.62,14.0,13.83,3.0,0.15,0.2,0.2,0.86,0.84,0.76
847692584784348479353,2025,Sissons-Howden-Kolesar,VGK,line,5on5,7,2600.0,26.0,0.4,0.48,0.48,18.01,1.5,1.3,4.7,0.58,9.94,6.97,1.47,1.54,1.5,18.0,7.0,14.0,39.0,1.0,1.0,0.0,4.0,0.0,10.0,9.0,17.0,24.0,4.0,11.0,39.0,45.0,4.0,15.0,19.0,5.0,1.0,0.5,0.65,0.35,0.0,1.0,0.0,38.62,25.0,24.51,8.0,0.27,0.35,0.35,1.43,1.44,1.43,20.71,2.3,1.5,5.62,0.67,9.87,7.04,2.12,2.3,2.12,20.0,7.0,15.0,42.0,3.0,5.0,2.0,5.0,0.0,7.0,7.0,17.0,24.0,5.0,16.0,19.0,39.0,4.0,19.0,17.0,6.0,4.0,0.45,0.9,0.95,0.0,1.0,2.0,43.09,27.0,27.62,6.0,0.32,0.97,0.97,1.65,1.65,1.55
848158084816568484186,2025,Protas-Mcmichael-Leonard,WSH,line,5on5,14,607.0,199.0,0.43,0.58,0.57,8.1,0.55,0.59,2.03,0.31,4.77,3.75,0.55,0.55,0.55,7.0,5.0,3.0,15.0,2.0,2.0,0.0,1.0,0.0,1.0,6.0,5.0,10.0,0.0,0.0,1.0,1.0,2.0,5.0,9.0,3.0,0.0,0.22,0.33,0.0,1.0,1.0,0.0,14.71,12.0,12.02,1.0,0.12,0.02,0.02,0.65,0.65,0.65,6.87,0.72,0.39,1.61,0.22,3.36,2.71,0.66,0.7,0.63,3.0,6.0,2.0,11.0,0.0,2.0,0.0,1.0,0.0,3.0,3.0,3.0,9.0,3.0,6.0,4.0,5.0,1.0,1.0,5.0,3.0,1.0,0.14,0.3,0.28,0.0,0.0,0.0,11.02,9.0,8.94,0.0,0.08,0.31,0.31,0.49,0.47,0.44
84794258480800,2025,Hughes-Hronek,VAN,pairing,5on5,26,20894.0,40.0,0.51,0.56,0.53,204.45,17.83,13.54,50.95,6.78,111.11,81.78,16.91,17.52,16.63,166.0,116.0,114.0,396.0,17.0,24.0,2.0,43.0,1.0,114.0,83.0,149.0,265.0,32.0,67.0,186.0,144.0,24.0,89.0,211.0,48.0,23.0,6.28,5.83,5.73,6.0,7.0,4.0,386.95,282.0,276.32,35.0,2.8,4.68,4.96,15.67,15.58,15.15,182.94,17.13,12.44,46.76,6.11,94.73,68.81,16.08,17.38,16.32,158.0,88.0,69.0,315.0,13.0,22.0,1.0,34.0,0.0,85.0,92.0,145.0,233.0,33.0,69.0,189.0,121.0,27.0,104.0,169.0,59.0,18.0,4.67,7.75,4.72,3.0,8.0,2.0,319.85,246.0,250.14,44.0,2.61,3.85,3.85,15.89,16.11,15.59
84804268483398,2025,Carlile-D'Astous,TBL,pairing,5on5,13,1094.0,97.0,0.4,0.4,0.33,4.34,0.5,0.27,1.06,0.14,2.28,1.75,0.49,0.53,0.52,5.0,1.0,6.0,12.0,1.0,0.0,0.0,0.0,0.0,3.0,2.0,4.0,5.0,2.0,4.0,5.0,4.0,0.0,4.0,4.0,2.0,0.0,0.15,0.35,0.0,1.0,0.0,0.0,12.77,6.0,6.23,1.0,0.06,0.0,0.0,0.55,0.59,0.58,8.9,0.76,0.51,2.14,0.28,4.75,3.56,0.76,0.78,0.78,8.0,4.0,6.0,18.0,0.0,0.0,0.0,3.0,0.0,4.0,5.0,8.0,12.0,1.0,2.0,4.0,8.0,1.0,3.0,9.0,3.0,0.0,0.33,0.43,0.0,0.0,0.0,0.0,18.16,12.0,12.26,2.0,0.1,0.0,0.0,0.86,0.88,0.88
847795184793438483431,2025,Cooley-Schmaltz-Keller,UTA,line,5on5,12,5186.0,48.0,0.61,0.59,0.59,48.41,5.93,3.36,10.74,1.61,25.19,18.18,5.72,5.87,5.66,43.0,22.0,22.0,87.0,4.0,6.0,1.0,8.0,0.0,26.0,21.0,39.0,61.0,3.0,6.0,34.0,7.0,10.0,23.0,41.0,19.0,5.0,1.53,2.51,1.89,1.0,1.0,2.0,84.69,65.0,63.46,9.0,0.7,1.74,1.74,4.89,4.83,4.78,33.71,3.74,2.12,8.71,1.24,16.52,12.68,3.65,3.79,3.71,27.0,18.0,15.0,60.0,4.0,7.0,0.0,6.0,0.0,11.0,17.0,23.0,41.0,5.0,10.0,43.0,25.0,10.0,24.0,27.0,13.0,5.0,0.76,1.54,1.44,2.0,2.0,0.0,62.11,45.0,46.56,11.0,0.44,1.08,1.08,3.1,3.13,3.11
847740984779338477935,2025,Verhaeghe-Bennett-Reinhart,FLA,line,5on5,24,2524.0,233.0,0.46,0.47,0.45,17.65,1.36,1.04,4.74,0.6,10.14,7.13,1.32,1.38,1.34,13.0,12.0,11.0,36.0,1.0,3.0,0.0,4.0,0.0,7.0,10.0,12.0,24.0,6.0,12.0,16.0,19.0,2.0,19.0,20.0,5.0,0.0,0.61,0.75,0.0,0.0,1.0,0.0,35.18,25.0,24.78,8.0,0.21,0.46,0.46,1.11,1.11,1.09,22.57,1.62,1.36,5.86,0.72,12.24,9.2,1.6,1.59,1.58,21.0,10.0,9.0,40.0,1.0,1.0,0.0,7.0,0.0,11.0,11.0,20.0,30.0,4.0,8.0,18.0,17.0,5.0,12.0,24.0,7.0,0.0,0.71,0.91,0.0,0.0,1.0,0.0,40.12,31.0,31.24,5.0,0.29,0.19,0.19,1.71,1.69,1.67
847523584779038479022,2025,Deslauriers-Abols-Hathaway,PHI,line,5on5,14,5457.0,49.0,0.35,0.41,0.39,26.06,1.77,1.65,7.23,0.99,13.83,10.53,1.75,1.75,1.73,17.0,19.0,19.0,55.0,0.0,3.0,0.0,5.0,0.0,18.0,10.0,17.0,36.0,5.0,16.0,39.0,104.0,4.0,20.0,28.0,7.0,1.0,0.71,0.84,0.23,0.0,0.0,0.0,54.29,36.0,35.34,15.0,0.35,0.26,0.26,1.85,1.83,1.82,40.07,3.34,2.71,10.71,1.42,21.84,15.99,3.17,3.31,3.14,36.0,20.0,24.0,80.0,1.0,7.0,0.0,9.0,0.0,23.0,16.0,35.0,55.0,5.0,16.0,38.0,49.0,7.0,19.0,43.0,8.0,5.0,1.13,0.98,1.23,1.0,0.0,0.0,80.26,56.0,56.55,14.0,0.57,1.18,1.18,2.72,2.7,2.64
84794258483678,2025,Pettersson-Hronek,VAN,pairing,5on5,32,6179.0,211.0,0.29,0.38,0.39,43.56,2.79,2.78,11.23,1.41,23.09,17.71,2.75,2.78,2.75,39.0,20.0,14.0,73.0,4.0,2.0,0.0,9.0,0.0,24.0,20.0,35.0,55.0,4.0,8.0,50.0,54.0,8.0,29.0,48.0,10.0,1.0,1.39,1.2,0.2,1.0,3.0,0.0,72.24,59.0,58.16,16.0,0.57,0.21,0.21,3.14,3.15,3.12,67.71,6.77,4.41,17.03,2.27,35.61,25.92,6.55,6.61,6.39,55.0,37.0,26.0,118.0,3.0,9.0,1.0,13.0,0.0,38.0,29.0,52.0,89.0,13.0,26.0,43.0,48.0,4.0,18.0,63.0,21.0,8.0,2.17,2.57,2.04,2.0,1.0,0.0,115.24,92.0,90.4,5.0,0.92,1.75,1.75,5.95,5.82,5.72
847791984835248484800,2025,Gaudreau-Catton-Wright,SEA,line,5on5,8,1244.0,79.0,0.55,0.52,0.52,12.98,1.17,0.84,3.18,0.39,6.26,5.17,1.13,1.2,1.16,10.0,7.0,6.0,23.0,1.0,1.0,0.0,3.0,0.0,6.0,6.0,9.0,16.0,1.0,2.0,3.0,6.0,1.0,4.0,13.0,2.0,2.0,0.3,0.22,0.65,0.0,1.0,0.0,23.82,17.0,17.68,1.0,0.18,0.42,0.42,0.92,0.97,0.96,11.09,0.96,0.69,2.62,0.38,6.54,4.82,0.95,0.92,0.91,9.0,7.0,5.0,21.0,2.0,1.0,0.0,3.0,0.0,5.0,5.0,7.0,14.0,0.0,0.0,11.0,10.0,2.0,5.0,13.0,2.0,1.0,0.39,0.23,0.35,1.0,0.0,1.0,20.58,16.0,15.88,3.0,0.14,0.03,0.03,1.07,1.03,1.02
84752798484223,2025,Chiarot-Sandin-Pellikka,DET,pairing,5on5,40,24438.0,132.0,0.46,0.47,0.46,198.39,19.09,12.7,51.41,6.93,103.5,77.38,18.11,19.24,18.26,185.0,86.0,108.0,379.0,17.0,24.0,3.0,33.0,0.0,92.0,105.0,168.0,254.0,23.0,48.0,209.0,128.0,39.0,133.0,189.0,56.0,26.0,5.0,7.14,6.95,4.0,9.0,4.0,381.59,271.0,271.5,61.0,2.66,5.1,5.1,16.65,16.75,16.3,229.1,22.25,15.79,56.53,7.65,123.76,89.03,21.6,22.2,21.55,185.0,130.0,112.0,427.0,17.0,21.0,1.0,55.0,0.0,122.0,100.0,168.0,298.0,22.0,44.0,182.0,187.0,38.0,97.0,218.0,73.0,24.0,6.61,9.45,6.19,9.0,5.0,3.0,424.32,315.0,313.16,43.0,3.3,4.33,4.33,21.21,21.15,20.82
848276884835138484241,2025,Schaefer-Svechkov-Wood,NSH,line,5on5,8,873.0,81.0,0.45,0.3,0.38,5.89,0.52,0.47,1.67,0.21,2.99,2.14,0.52,0.52,0.52,6.0,2.0,1.0,9.0,1.0,0.0,0.0,2.0,0.0,3.0,2.0,5.0,7.0,4.0,11.0,12.0,7.0,0.0,5.0,6.0,1.0,1.0,0.17,0.13,0.22,0.0,0.0,1.0,9.17,8.0,8.02,4.0,0.1,0.0,0.0,0.62,0.62,0.61,9.52,0.64,0.57,2.49,0.32,5.17,3.81,0.61,0.63,0.6,7.0,6.0,8.0,21.0,0.0,0.0,0.0,0.0,0.0,6.0,7.0,7.0,13.0,4.0,11.0,10.0,12.0,3.0,5.0,10.0,3.0,0.0,0.26,0.37,0.0,0.0,0.0,0.0,20.39,13.0,12.69,4.0,0.12,0.0,0.0,0.75,0.75,0.71
847942084815228482659,2025,Krebs-Thompson-Doan,BUF,line,5on5,14,6520.0,98.0,0.53,0.51,0.52,59.83,5.63,3.98,15.16,1.96,31.17,22.1,5.45,5.85,5.66,52.0,28.0,29.0,109.0,5.0,7.0,0.0,12.0,0.0,23.0,33.0,47.0,75.0,3.0,6.0,51.0,33.0,18.0,36.0,54.0,20.0,6.0,1.68,2.43,1.53,2.0,3.0,0.0,112.72,80.0,83.04,17.0,0.83,1.2,1.2,5.27,5.46,5.37,54.69,5.0,3.69,13.16,1.78,29.0,22.37,4.82,4.81,4.64,46.0,29.0,30.0,105.0,4.0,3.0,1.0,10.0,0.0,33.0,25.0,42.0,71.0,4.0,10.0,62.0,48.0,2.0,33.0,55.0,16.0,4.0,1.76,2.23,1.01,3.0,0.0,1.0,100.8,75.0,72.28,20.0,0.78,0.68,0.68,5.1,4.9,4.83
847744484774798483493,2025,Burakovsky-Nazar-Bertuzzi,CHI,line,5on5,8,2245.0,87.0,0.42,0.53,0.42,18.42,1.7,1.27,4.38,0.6,9.58,7.48,1.69,1.71,1.7,14.0,11.0,18.0,43.0,1.0,1.0,0.0,4.0,0.0,10.0,9.0,13.0,24.0,2.0,4.0,14.0,6.0,5.0,9.0,18.0,6.0,1.0,0.63,0.86,0.22,0.0,1.0,0.0,42.04,25.0,24.7,2.0,0.26,0.03,0.03,1.93,1.94,1.92,26.39,2.39,1.68,6.14,0.78,14.12,9.88,2.35,2.37,2.32,20.0,15.0,3.0,38.0,4.0,1.0,0.0,2.0,0.0,13.0,15.0,16.0,31.0,0.0,0.0,19.0,16.0,2.0,15.0,26.0,7.0,2.0,0.81,0.99,0.58,2.0,1.0,1.0,37.46,35.0,34.64,7.0,0.35,0.26,0.26,2.48,2.46,2.42
847793484816178483512,2025,Savoie-Draisaitl-Podkolzin,EDM,line,5on5,14,6081.0,62.0,0.59,0.53,0.56,59.69,6.13,3.91,13.99,2.08,32.38,24.52,5.87,6.33,6.05,55.0,28.0,14.0,97.0,6.0,9.0,1.0,13.0,0.0,32.0,23.0,49.0,77.0,6.0,12.0,61.0,34.0,12.0,39.0,56.0,19.0,8.0,1.67,2.4,2.05,1.0,4.0,1.0,101.71,83.0,85.83,12.0,0.81,1.71,1.71,5.22,5.38,5.26,47.65,4.17,3.23,11.79,1.58,24.86,19.37,4.12,4.12,4.07,39.0,26.0,22.0,87.0,1.0,3.0,0.0,10.0,0.0,26.0,25.0,38.0,64.0,6.0,12.0,39.0,43.0,12.0,33.0,47.0,15.0,3.0,1.55,1.9,0.72,0.0,1.0,0.0,84.17,65.0,63.74,18.0,0.67,0.43,0.43,4.42,4.36,4.34
847653984774468478047,2025,Bunting-Mccarron-Marchessault,NSH,line,5on5,10,1393.0,106.0,0.48,0.58,0.52,17.44,1.43,1.29,3.87,0.51,10.24,6.66,1.39,1.32,1.29,16.0,8.0,9.0,33.0,0.0,1.0,0.0,5.0,0.0,10.0,8.0,16.0,24.0,1.0,2.0,16.0,12.0,2.0,3.0,18.0,4.0,2.0,0.51,0.44,0.47,0.0,0.0,0.0,30.38,24.0,22.08,1.0,0.27,0.24,0.24,1.45,1.35,1.33,16.4,1.54,1.11,3.96,0.52,8.49,6.38,1.48,1.61,1.57,16.0,6.0,2.0,24.0,4.0,2.0,1.0,2.0,0.0,5.0,9.0,12.0,18.0,2.0,4.0,13.0,7.0,0.0,7.0,15.0,5.0,2.0,0.41,0.62,0.51,2.0,2.0,0.0,25.54,22.0,23.31,4.0,0.23,0.39,0.39,1.38,1.46,1.45
847576384785698480980,2025,Dewar-Acciari-Hayes,PIT,line,5on5,6,2237.0,29.0,0.5,0.52,0.48,19.55,1.6,1.2,4.7,0.61,10.15,7.74,1.55,1.62,1.57,21.0,5.0,12.0,38.0,2.0,2.0,0.0,3.0,0.0,9.0,10.0,19.0,24.0,3.0,6.0,22.0,22.0,3.0,11.0,20.0,4.0,2.0,0.64,0.51,0.44,1.0,0.0,1.0,38.31,26.0,26.23,9.0,0.25,0.28,0.28,1.56,1.58,1.56,19.96,1.62,1.22,5.82,0.7,10.46,8.19,1.58,1.62,1.58,18.0,10.0,7.0,35.0,4.0,3.0,0.0,1.0,0.0,13.0,7.0,14.0,24.0,1.0,2.0,22.0,17.0,4.0,15.0,22.0,4.0,2.0,0.59,0.53,0.5,3.0,0.0,1.0,34.87,28.0,27.9,7.0,0.25,0.36,0.36,1.51,1.52,1.5
847740784816018484221,2025,Duclair-Ritchie-Holmstrom,NYI,line,5on5,9,3460.0,44.0,0.44,0.4,0.4,25.24,2.18,1.61,6.18,0.83,14.54,10.66,2.09,2.13,2.04,26.0,10.0,12.0,48.0,3.0,1.0,1.0,4.0,0.0,8.0,20.0,23.0,33.0,3.0,6.0,21.0,10.0,4.0,18.0,28.0,6.0,2.0,1.0,0.69,0.5,2.0,0.0,1.0,48.02,36.0,35.82,10.0,0.33,0.27,0.27,2.24,2.18,2.1,39.39,2.76,2.44,10.08,1.31,21.97,16.45,2.72,2.79,2.74,40.0,15.0,18.0,73.0,3.0,3.0,0.0,10.0,1.0,16.0,22.0,37.0,52.0,2.0,6.0,33.0,18.0,7.0,16.0,45.0,9.0,1.0,1.24,1.28,0.24,2.0,1.0,0.0,72.43,55.0,55.02,5.0,0.5,0.56,0.56,2.7,2.71,2.68
847794684793378482078,2025,Raymond-Larkin-Debrincat,DET,line,5on5,20,3976.0,175.0,0.71,0.66,0.68,48.09,4.58,3.22,10.68,1.45,24.72,18.36,4.47,4.47,4.36,46.0,17.0,17.0,80.0,6.0,6.0,1.0,7.0,0.0,18.0,26.0,40.0,57.0,4.0,8.0,35.0,16.0,9.0,17.0,43.0,15.0,5.0,1.44,1.98,1.16,1.0,5.0,0.0,78.9,63.0,62.07,6.0,0.66,1.18,1.18,4.06,3.97,3.92,21.44,1.87,1.39,4.95,0.7,11.35,8.74,1.83,1.9,1.85,20.0,9.0,12.0,41.0,3.0,2.0,1.0,7.0,0.0,9.0,8.0,17.0,26.0,3.0,6.0,24.0,11.0,5.0,23.0,21.0,7.0,1.0,0.76,0.9,0.21,1.0,1.0,1.0,41.04,29.0,29.26,12.0,0.29,0.32,0.32,1.85,1.87,1.85
84811618483485,2025,Mateychuk-Christiansen,CBJ,pairing,5on5,8,1054.0,58.0,0.36,0.45,0.39,6.67,0.45,0.36,1.5,0.22,3.67,2.79,0.44,0.43,0.42,5.0,4.0,4.0,13.0,0.0,0.0,0.0,2.0,0.0,3.0,4.0,5.0,9.0,1.0,2.0,8.0,10.0,1.0,5.0,7.0,2.0,0.0,0.23,0.22,0.0,0.0,0.0,0.0,12.38,9.0,8.66,2.0,0.08,0.0,0.0,0.53,0.5,0.49,9.7,0.79,0.64,2.24,0.31,5.81,4.21,0.78,0.77,0.76,8.0,6.0,2.0,16.0,0.0,1.0,0.0,3.0,0.0,7.0,3.0,8.0,14.0,1.0,2.0,11.0,14.0,1.0,5.0,11.0,2.0,1.0,0.21,0.27,0.31,0.0,0.0,0.0,15.96,14.0,13.72,3.0,0.13,0.31,0.31,0.61,0.61,0.61
847687284780578478904,2025,Joshua-Laughton-Lorentz,TOR,line,5on5,7,1908.0,54.0,0.62,0.43,0.45,13.33,1.58,0.78,3.88,0.47,6.03,4.26,1.23,1.58,1.23,12.0,5.0,5.0,22.0,1.0,4.0,1.0,2.0,0.0,3.0,7.0,11.0,16.0,1.0,2.0,19.0,29.0,3.0,11.0,11.0,3.0,3.0,0.21,0.35,1.02,0.0,0.0,1.0,22.08,17.0,17.03,5.0,0.16,0.91,0.91,0.83,0.82,0.79,15.17,0.99,0.91,3.83,0.49,8.33,6.46,0.98,0.98,0.97,15.0,6.0,8.0,29.0,1.0,1.0,0.0,3.0,1.0,6.0,9.0,14.0,20.0,1.0,2.0,16.0,20.0,0.0,8.0,16.0,5.0,0.0,0.39,0.6,0.0,1.0,0.0,0.0,28.42,21.0,20.48,5.0,0.19,0.16,0.16,1.02,1.01,1.01
847418984801888480245,2025,Zetterlund-Eller-Lycksell,OTT,line,5on5,3,1367.0,11.0,0.39,0.37,0.27,6.46,0.66,0.45,1.29,0.18,2.79,2.64,0.66,0.64,0.64,6.0,2.0,7.0,15.0,0.0,0.0,0.0,1.0,0.0,3.0,4.0,6.0,8.0,0.0,0.0,4.0,5.0,0.0,6.0,5.0,2.0,1.0,0.09,0.33,0.23,0.0,0.0,0.0,14.12,8.0,7.69,3.0,0.1,0.0,0.0,0.75,0.73,0.73,15.34,1.02,1.03,3.95,0.55,9.2,6.24,1.02,1.06,1.06,16.0,6.0,4.0,26.0,1.0,0.0,0.0,2.0,0.0,7.0,12.0,15.0,21.0,0.0,0.0,4.0,8.0,5.0,4.0,18.0,3.0,1.0,0.52,0.28,0.22,1.0,0.0,0.0,27.35,22.0,22.81,1.0,0.21,0.0,0.0,1.23,1.28,1.28
847682284797728481032,2025,Cotter-Glendening-Macewen,NJD,line,5on5,3,870.0,15.0,0.73,0.75,0.79,8.22,0.37,0.49,1.93,0.25,4.63,3.33,0.36,0.37,0.37,5.0,6.0,4.0,15.0,0.0,1.0,0.0,0.0,0.0,3.0,7.0,5.0,11.0,1.0,2.0,5.0,12.0,2.0,5.0,11.0,0.0,0.0,0.37,0.0,0.0,0.0,0.0,0.0,16.17,11.0,11.57,1.0,0.1,0.07,0.07,0.4,0.41,0.4,2.25,0.13,0.09,0.42,0.06,1.06,1.23,0.13,0.13,0.13,2.0,1.0,2.0,5.0,0.0,0.0,0.0,1.0,0.0,0.0,2.0,2.0,3.0,0.0,0.0,7.0,7.0,1.0,2.0,3.0,0.0,0.0,0.13,0.0,0.0,0.0,0.0,0.0,4.87,3.0,2.9,2.0,0.02,0.0,0.0,0.15,0.15,0.15
847515884765398476887,2025,Forsberg-O'Reilly-Marchessault,NSH,line,5on5,13,755.0,161.0,0.57,0.57,0.53,6.34,0.47,0.41,1.47,0.19,3.82,2.65,0.45,0.47,0.45,7.0,2.0,3.0,12.0,0.0,0.0,0.0,2.0,0.0,4.0,3.0,7.0,9.0,0.0,0.0,9.0,9.0,1.0,6.0,8.0,0.0,1.0,0.24,0.0,0.23,0.0,0.0,0.0,12.11,9.0,8.73,3.0,0.08,0.0,0.0,0.55,0.55,0.53,5.67,0.35,0.36,1.36,0.21,3.28,2.42,0.35,0.36,0.36,5.0,3.0,1.0,9.0,1.0,0.0,0.0,2.0,0.0,4.0,1.0,4.0,7.0,0.0,0.0,4.0,3.0,1.0,3.0,7.0,1.0,0.0,0.21,0.14,0.0,0.0,1.0,0.0,8.67,8.0,7.84,0.0,0.07,0.0,0.0,0.43,0.44,0.44
84740138477220,2025,Cole-Schmidt,UTA,pairing,5on5,34,2816.0,309.0,0.82,0.64,0.73,29.56,2.79,1.71,7.34,0.95,15.27,11.95,2.68,2.79,2.69,29.0,11.0,9.0,49.0,1.0,5.0,1.0,8.0,0.0,11.0,15.0,28.0,39.0,3.0,6.0,13.0,17.0,1.0,12.0,30.0,5.0,5.0,0.68,0.68,1.43,0.0,0.0,1.0,49.5,40.0,40.05,8.0,0.35,1.21,1.21,1.93,1.97,1.95,10.98,0.61,0.64,2.58,0.33,6.17,4.67,0.6,0.61,0.6,5.0,10.0,12.0,27.0,0.0,0.0,0.0,3.0,0.0,4.0,8.0,5.0,15.0,2.0,4.0,12.0,19.0,5.0,15.0,14.0,1.0,0.0,0.44,0.17,0.0,0.0,0.0,0.0,28.05,15.0,15.51,7.0,0.13,0.0,0.0,0.74,0.75,0.73
847572284808028482097,2025,Zucker-Mcleod-Quinn,BUF,line,5on5,11,5517.0,29.0,0.57,0.56,0.57,54.23,5.76,3.74,13.17,1.86,29.74,21.73,5.64,5.62,5.51,44.0,32.0,20.0,96.0,6.0,5.0,0.0,7.0,0.0,28.0,30.0,38.0,70.0,5.0,10.0,44.0,20.0,9.0,29.0,50.0,20.0,6.0,1.67,2.13,1.96,2.0,4.0,0.0,94.11,76.0,74.15,12.0,0.78,1.45,1.45,5.1,5.05,4.98,44.13,4.36,2.99,10.54,1.28,22.39,16.45,4.16,4.46,4.25,42.0,16.0,17.0,75.0,4.0,4.0,1.0,9.0,0.0,17.0,24.0,38.0,54.0,2.0,4.0,40.0,33.0,6.0,30.0,39.0,15.0,4.0,0.92,2.1,1.34,0.0,3.0,1.0,76.14,58.0,59.03,15.0,0.63,1.34,1.34,3.65,3.74,3.68
84773698478840,2025,Soucy-Borgen,NYR,pairing,5on5,31,19377.0,92.0,0.44,0.46,0.43,129.73,11.19,8.49,32.82,4.34,70.01,51.15,10.9,11.23,10.93,117.0,61.0,97.0,275.0,11.0,14.0,3.0,15.0,1.0,65.0,72.0,106.0,167.0,23.0,49.0,155.0,185.0,20.0,94.0,126.0,43.0,9.0,3.34,5.21,2.65,4.0,5.0,2.0,272.82,178.0,177.44,50.0,1.77,3.24,3.24,9.72,9.79,9.65,170.39,14.39,11.3,42.55,5.8,95.11,67.85,13.62,14.6,13.81,150.0,87.0,91.0,328.0,6.0,18.0,1.0,28.0,1.0,87.0,97.0,144.0,231.0,15.0,35.0,138.0,120.0,26.0,77.0,179.0,44.0,14.0,5.04,5.39,3.96,3.0,1.0,2.0,331.64,237.0,239.53,45.0,2.34,3.88,3.88,12.85,12.91,12.58
848205584834768485385,2025,O'Connor-Cootes-Lekkerimki,VAN,line,5on5,2,833.0,5.0,0.1,0.3,0.32,5.09,0.19,0.26,1.32,0.17,2.84,2.23,0.19,0.19,0.19,2.0,5.0,3.0,10.0,0.0,0.0,0.0,0.0,0.0,4.0,3.0,2.0,7.0,1.0,2.0,2.0,8.0,1.0,11.0,7.0,0.0,0.0,0.19,0.0,0.0,0.0,0.0,0.0,9.7,7.0,6.76,8.0,0.05,0.0,0.0,0.24,0.24,0.24,11.96,1.74,1.04,2.83,0.43,5.61,3.34,1.58,1.83,1.66,11.0,4.0,8.0,23.0,0.0,3.0,0.0,0.0,0.0,8.0,4.0,11.0,15.0,0.0,0.0,2.0,3.0,3.0,7.0,6.0,7.0,2.0,0.23,1.03,0.48,0.0,0.0,0.0,25.35,15.0,16.41,1.0,0.22,0.61,0.61,1.34,1.43,1.38
847414184774568483464,2025,Kasper-Compher-Kane,DET,line,5on5,5,751.0,41.0,0.64,0.56,0.58,7.77,0.71,0.61,1.85,0.29,4.26,3.29,0.65,0.68,0.62,6.0,5.0,4.0,15.0,0.0,1.0,0.0,1.0,0.0,5.0,4.0,6.0,11.0,1.0,2.0,5.0,8.0,0.0,1.0,8.0,2.0,1.0,0.2,0.24,0.27,0.0,0.0,0.0,14.88,11.0,10.88,0.0,0.13,0.27,0.27,0.57,0.54,0.53,5.24,0.39,0.36,1.28,0.19,3.5,2.27,0.39,0.4,0.4,4.0,4.0,4.0,12.0,2.0,0.0,0.0,2.0,0.0,1.0,3.0,2.0,6.0,0.0,0.0,7.0,2.0,1.0,3.0,7.0,1.0,0.0,0.29,0.1,0.0,1.0,1.0,0.0,12.5,8.0,8.03,0.0,0.07,0.0,0.0,0.46,0.47,0.46
847578684779348478402,2025,Hyman-Draisaitl-Mcdavid,EDM,line,5on5,22,4455.0,117.0,0.65,0.63,0.65,51.78,5.34,3.44,11.76,1.6,27.14,20.72,5.05,5.39,5.11,42.0,28.0,26.0,96.0,5.0,5.0,1.0,15.0,0.0,22.0,23.0,37.0,65.0,2.0,4.0,39.0,17.0,7.0,25.0,48.0,16.0,6.0,1.59,2.07,1.68,2.0,1.0,2.0,94.59,70.0,68.6,9.0,0.72,1.31,1.31,4.75,4.8,4.68,27.24,2.83,1.68,6.74,0.9,14.5,10.35,2.65,2.88,2.69,31.0,6.0,20.0,57.0,5.0,3.0,1.0,7.0,0.0,11.0,11.0,26.0,32.0,4.0,8.0,38.0,26.0,10.0,21.0,28.0,5.0,4.0,0.83,0.57,1.44,2.0,2.0,1.0,60.05,37.0,38.76,10.0,0.35,1.19,1.19,1.99,2.03,2.02
84781788480426,2025,D'Astous-Raddysh,TBL,pairing,5on5,28,2672.0,205.0,0.44,0.52,0.51,27.3,2.54,1.56,6.56,0.86,13.54,10.95,2.45,2.63,2.54,23.0,13.0,13.0,49.0,5.0,2.0,0.0,4.0,0.0,13.0,12.0,18.0,31.0,3.0,9.0,7.0,13.0,2.0,9.0,23.0,10.0,3.0,0.58,1.21,0.74,1.0,3.0,1.0,50.64,36.0,37.61,5.0,0.32,0.41,0.51,2.35,2.45,2.37,26.42,3.29,2.11,6.24,0.91,13.43,9.02,3.02,3.26,2.99,23.0,12.0,10.0,45.0,5.0,5.0,1.0,4.0,0.0,8.0,13.0,18.0,30.0,4.0,11.0,13.0,21.0,3.0,12.0,22.0,10.0,3.0,0.81,1.56,0.92,2.0,3.0,0.0,42.91,35.0,34.22,7.0,0.44,1.3,1.3,2.43,2.4,2.35
84784438481122,2025,Benoit-Carlo,TOR,pairing,5on5,15,1311.0,117.0,0.49,0.38,0.36,6.54,0.94,0.47,1.47,0.21,3.52,2.39,0.81,0.9,0.77,7.0,2.0,4.0,13.0,2.0,2.0,1.0,0.0,0.0,3.0,2.0,5.0,7.0,2.0,7.0,10.0,6.0,2.0,3.0,6.0,1.0,2.0,0.19,0.09,0.66,1.0,0.0,1.0,13.0,9.0,8.84,1.0,0.1,0.66,0.66,0.38,0.38,0.37,12.02,0.98,0.73,3.22,0.39,6.26,4.42,0.92,1.01,0.95,11.0,5.0,5.0,21.0,1.0,1.0,0.0,4.0,0.0,8.0,2.0,10.0,15.0,2.0,7.0,14.0,4.0,1.0,7.0,13.0,2.0,1.0,0.36,0.27,0.34,0.0,0.0,1.0,20.72,16.0,15.86,3.0,0.15,0.13,0.13,1.0,1.04,0.98
847744484816248484144,2025,Burakovsky-Bedard-Mikheyev,CHI,line,5on5,2,634.0,7.0,0.31,0.2,0.24,3.0,0.36,0.18,0.69,0.08,1.48,1.21,0.36,0.35,0.35,3.0,1.0,1.0,5.0,1.0,0.0,0.0,0.0,0.0,1.0,2.0,2.0,3.0,1.0,2.0,4.0,2.0,2.0,1.0,2.0,1.0,1.0,0.04,0.1,0.21,0.0,0.0,1.0,4.8,4.0,3.84,1.0,0.04,0.0,0.0,0.4,0.39,0.39,9.19,0.79,0.6,2.17,0.29,5.4,3.75,0.79,0.79,0.79,7.0,6.0,7.0,20.0,0.0,0.0,0.0,4.0,0.0,6.0,3.0,7.0,13.0,1.0,2.0,6.0,1.0,1.0,5.0,9.0,4.0,0.0,0.24,0.55,0.0,0.0,0.0,0.0,20.2,13.0,13.04,2.0,0.12,0.0,0.0,0.92,0.92,0.91
847639384780208482092,2025,Cousins-Greig-Amadio,OTT,line,5on5,7,620.0,69.0,0.4,0.52,0.44,5.21,0.42,0.28,1.54,0.16,2.73,1.86,0.4,0.42,0.4,6.0,1.0,4.0,11.0,0.0,1.0,0.0,1.0,0.0,2.0,3.0,6.0,7.0,0.0,0.0,3.0,5.0,2.0,1.0,6.0,0.0,1.0,0.12,0.0,0.3,0.0,0.0,0.0,11.22,7.0,7.32,1.0,0.06,0.03,0.03,0.45,0.45,0.43,6.68,0.62,0.44,1.97,0.22,3.28,2.47,0.56,0.6,0.54,8.0,1.0,1.0,10.0,0.0,1.0,0.0,3.0,0.0,4.0,1.0,8.0,9.0,1.0,2.0,6.0,7.0,0.0,2.0,7.0,0.0,2.0,0.12,0.0,0.5,0.0,0.0,0.0,9.96,9.0,8.99,2.0,0.09,0.23,0.23,0.48,0.47,0.47
847398684783668480068,2025,Killorn-Poehling-Vatrano,ANA,line,5on5,8,1787.0,65.0,0.37,0.59,0.5,15.56,0.85,0.83,4.08,0.51,8.11,6.63,0.82,0.85,0.82,14.0,7.0,17.0,38.0,0.0,0.0,0.0,3.0,0.0,12.0,6.0,14.0,21.0,1.0,2.0,10.0,6.0,1.0,11.0,17.0,4.0,0.0,0.37,0.48,0.0,0.0,0.0,0.0,37.94,21.0,21.33,7.0,0.17,0.0,0.0,1.02,1.02,0.99,16.0,1.45,0.99,3.87,0.48,8.23,5.98,1.43,1.46,1.44,12.0,9.0,5.0,26.0,1.0,0.0,0.0,1.0,0.0,12.0,7.0,11.0,20.0,2.0,4.0,19.0,18.0,2.0,6.0,15.0,5.0,1.0,0.48,0.7,0.27,1.0,0.0,0.0,26.47,21.0,21.55,3.0,0.21,0.0,0.0,1.66,1.67,1.65
84754628481605,2025,Lacombe-Gudas,ANA,pairing,5on5,24,6279.0,139.0,0.49,0.55,0.56,52.58,4.22,3.28,14.13,1.86,29.0,21.52,4.05,4.28,4.1,51.0,23.0,39.0,113.0,4.0,4.0,0.0,10.0,0.0,31.0,25.0,47.0,70.0,7.0,14.0,43.0,55.0,11.0,34.0,60.0,10.0,4.0,1.6,1.29,1.33,1.0,1.0,2.0,111.82,74.0,73.43,16.0,0.68,0.95,0.95,3.95,3.96,3.87,42.57,4.48,2.92,10.42,1.44,23.37,16.38,4.31,4.61,4.44,37.0,22.0,35.0,94.0,5.0,4.0,1.0,8.0,1.0,22.0,19.0,32.0,54.0,4.0,8.0,46.0,36.0,4.0,30.0,38.0,19.0,2.0,1.38,2.34,0.75,3.0,2.0,0.0,96.45,59.0,60.34,14.0,0.61,0.89,0.89,4.21,4.27,4.18
84808008483768,2025,Hughes-Mancini,VAN,pairing,5on5,4,1130.0,18.0,0.26,0.38,0.38,9.86,0.78,0.69,2.7,0.37,5.3,4.16,0.77,0.81,0.8,8.0,6.0,4.0,18.0,0.0,2.0,0.0,1.0,0.0,7.0,4.0,8.0,14.0,2.0,4.0,10.0,12.0,1.0,2.0,11.0,2.0,1.0,0.33,0.22,0.23,0.0,0.0,0.0,18.66,14.0,14.66,2.0,0.15,0.02,0.02,0.91,0.95,0.93,17.53,2.19,1.24,3.68,0.57,8.95,6.37,1.93,2.1,1.86,19.0,4.0,6.0,29.0,2.0,4.0,0.0,2.0,0.0,8.0,7.0,17.0,21.0,2.0,4.0,5.0,6.0,0.0,3.0,12.0,9.0,2.0,0.43,1.16,0.6,0.0,2.0,0.0,27.84,23.0,22.35,2.0,0.25,0.9,0.9,1.54,1.48,1.43
84803368482911,2025,Walker-Nystrom,CAR,pairing,5on5,16,1256.0,132.0,0.48,0.42,0.39,6.8,0.86,0.4,1.65,0.21,3.23,2.65,0.82,0.87,0.83,7.0,2.0,5.0,14.0,0.0,1.0,0.0,1.0,0.0,4.0,3.0,7.0,9.0,0.0,0.0,4.0,8.0,0.0,6.0,6.0,2.0,1.0,0.28,0.24,0.35,0.0,0.0,0.0,14.44,9.0,9.27,5.0,0.08,0.35,0.35,0.6,0.61,0.6,9.38,0.93,0.61,2.26,0.35,5.33,4.52,0.89,0.9,0.87,9.0,5.0,5.0,19.0,1.0,2.0,0.0,0.0,0.0,2.0,9.0,8.0,13.0,0.0,0.0,2.0,9.0,2.0,7.0,10.0,3.0,1.0,0.3,0.41,0.21,0.0,1.0,0.0,18.49,14.0,13.67,3.0,0.13,0.22,0.22,0.84,0.81,0.8
84793988480069,2025,Girard-Makar,COL,pairing,5on5,22,1237.0,171.0,0.42,0.53,0.44,11.38,0.86,0.71,3.0,0.41,6.22,4.8,0.85,0.89,0.88,11.0,5.0,9.0,25.0,2.0,1.0,1.0,1.0,0.0,6.0,6.0,9.0,14.0,1.0,2.0,10.0,5.0,1.0,4.0,14.0,1.0,1.0,0.56,0.08,0.21,0.0,1.0,1.0,26.41,16.0,16.8,2.0,0.14,0.08,0.08,0.91,0.94,0.94,14.8,1.18,1.05,3.77,0.44,7.95,5.61,1.17,1.15,1.14,16.0,4.0,2.0,22.0,1.0,1.0,0.0,2.0,0.0,7.0,9.0,15.0,19.0,2.0,4.0,9.0,8.0,1.0,5.0,14.0,4.0,2.0,0.35,0.41,0.42,1.0,0.0,0.0,21.0,20.0,19.05,5.0,0.22,0.22,0.22,1.18,1.14,1.13
84795768484806,2025,Dickinson-Desharnais,SJS,pairing,5on5,15,7603.0,52.0,0.57,0.49,0.51,58.98,6.55,4.31,14.41,2.09,31.25,22.39,6.1,6.44,6.01,61.0,20.0,30.0,111.0,5.0,8.0,0.0,17.0,0.0,23.0,28.0,56.0,76.0,8.0,16.0,49.0,79.0,8.0,33.0,55.0,18.0,8.0,1.68,2.46,2.4,3.0,1.0,1.0,109.32,81.0,80.38,15.0,0.9,2.19,2.19,5.26,5.26,5.08,59.09,4.95,3.83,14.61,1.9,31.06,22.66,4.65,4.95,4.65,51.0,28.0,38.0,117.0,6.0,7.0,0.0,10.0,0.0,29.0,27.0,45.0,73.0,6.0,12.0,61.0,53.0,8.0,34.0,62.0,11.0,6.0,1.78,1.32,1.85,3.0,2.0,1.0,117.87,79.0,79.2,18.0,0.8,1.33,1.33,4.42,4.42,4.38
847645584774768477492,2025,Lehkonen-Landeskog-Mackinnon,COL,line,5on5,6,920.0,41.0,0.71,0.71,0.67,12.97,1.22,0.92,2.7,0.42,7.12,5.62,1.18,1.3,1.26,10.0,8.0,7.0,25.0,1.0,1.0,0.0,2.0,0.0,8.0,6.0,9.0,17.0,2.0,4.0,12.0,2.0,1.0,2.0,11.0,6.0,1.0,0.32,0.63,0.27,0.0,1.0,0.0,26.21,18.0,18.81,2.0,0.19,0.15,0.15,1.25,1.34,1.3,6.13,0.5,0.47,1.46,0.21,3.83,2.53,0.49,0.47,0.46,7.0,2.0,1.0,10.0,0.0,0.0,0.0,0.0,0.0,8.0,1.0,7.0,9.0,0.0,0.0,8.0,4.0,1.0,4.0,7.0,2.0,0.0,0.3,0.2,0.0,0.0,0.0,0.0,9.61,9.0,8.64,3.0,0.09,0.0,0.0,0.59,0.56,0.55
848178984828748483570,2025,Kartye-Meyers-Melanson,SEA,line,5on5,6,2440.0,23.0,0.61,0.61,0.55,20.32,1.68,1.35,5.05,0.68,11.07,8.17,1.66,1.7,1.68,17.0,11.0,15.0,43.0,0.0,2.0,0.0,7.0,1.0,9.0,9.0,17.0,28.0,2.0,4.0,21.0,50.0,5.0,8.0,20.0,7.0,1.0,0.62,0.8,0.26,0.0,0.0,0.0,43.47,28.0,28.36,3.0,0.28,0.33,0.33,1.63,1.68,1.67,16.53,1.09,1.17,4.27,0.59,9.12,6.76,1.09,1.05,1.04,18.0,5.0,5.0,28.0,3.0,3.0,0.0,5.0,0.0,6.0,6.0,15.0,20.0,2.0,4.0,10.0,32.0,3.0,12.0,18.0,5.0,0.0,0.48,0.61,0.0,2.0,1.0,0.0,26.93,23.0,22.23,6.0,0.24,0.09,0.09,1.24,1.19,1.19
84769678480831,2025,Kulak-Regula,EDM,pairing,5on5,12,3232.0,72.0,0.58,0.47,0.43,20.18,2.62,1.23,5.11,0.68,8.94,7.42,2.38,2.69,2.45,19.0,7.0,13.0,39.0,1.0,4.0,1.0,4.0,0.0,14.0,3.0,18.0,25.0,3.0,6.0,30.0,26.0,0.0,10.0,17.0,5.0,4.0,0.5,0.73,1.39,0.0,0.0,1.0,39.11,26.0,26.33,6.0,0.26,1.16,1.16,1.72,1.75,1.67,25.19,1.86,1.49,5.51,0.8,14.44,10.89,1.85,1.83,1.81,22.0,13.0,9.0,44.0,5.0,0.0,0.0,3.0,0.0,11.0,16.0,17.0,30.0,1.0,2.0,17.0,15.0,2.0,19.0,30.0,5.0,0.0,1.17,0.69,0.0,3.0,2.0,0.0,43.88,35.0,34.85,6.0,0.3,0.0,0.0,2.17,2.13,2.11
84810568482111,2025,Stastney-Barron,NSH,pairing,5on5,19,12467.0,57.0,0.51,0.54,0.53,98.86,8.89,6.68,25.32,3.5,55.21,38.4,8.72,8.76,8.59,83.0,55.0,64.0,202.0,8.0,11.0,1.0,15.0,0.0,59.0,45.0,75.0,130.0,13.0,26.0,98.0,68.0,15.0,71.0,99.0,30.0,9.0,2.82,3.56,2.5,3.0,4.0,1.0,199.29,138.0,136.22,37.0,1.39,1.71,1.71,8.57,8.45,8.32,90.16,8.46,6.05,22.29,2.98,46.81,34.41,8.26,8.69,8.48,82.0,39.0,51.0,172.0,8.0,8.0,1.0,19.0,0.0,46.0,40.0,74.0,113.0,11.0,22.0,111.0,90.0,12.0,47.0,81.0,32.0,8.0,2.14,3.89,2.43,1.0,5.0,2.0,175.91,121.0,123.78,26.0,1.26,2.09,2.09,7.62,7.81,7.68
847646084783988480113,2025,Iafallo-Scheifele-Connor,WPG,line,5on5,14,2743.0,146.0,0.58,0.62,0.6,29.95,2.82,2.04,7.01,0.99,15.89,12.24,2.64,2.65,2.48,24.0,17.0,23.0,64.0,3.0,3.0,0.0,5.0,0.0,15.0,15.0,21.0,38.0,0.0,0.0,14.0,23.0,3.0,10.0,30.0,8.0,3.0,1.06,1.0,0.77,1.0,2.0,0.0,59.46,41.0,38.25,6.0,0.43,0.58,0.58,2.67,2.52,2.5,19.58,2.02,1.4,5.12,0.69,10.15,7.62,1.93,2.19,2.09,18.0,9.0,12.0,39.0,3.0,2.0,1.0,6.0,0.0,9.0,7.0,15.0,24.0,3.0,6.0,22.0,14.0,6.0,11.0,19.0,3.0,5.0,0.5,0.31,1.21,3.0,0.0,0.0,42.68,27.0,29.19,8.0,0.29,0.34,0.54,1.77,1.92,1.91
847747684774928484149,2025,Lehkonen-Mackinnon-Brindley,COL,line,5on5,5,1255.0,43.0,0.54,0.45,0.5,11.35,1.24,0.83,2.62,0.38,6.35,4.59,1.22,1.28,1.26,13.0,3.0,3.0,19.0,4.0,1.0,0.0,2.0,0.0,8.0,1.0,9.0,12.0,1.0,2.0,9.0,10.0,0.0,7.0,8.0,8.0,0.0,0.26,0.98,0.0,2.0,2.0,0.0,20.67,16.0,16.76,2.0,0.18,0.17,0.17,1.24,1.29,1.28,12.07,1.05,0.8,2.51,0.34,6.38,4.92,1.04,1.03,1.02,12.0,4.0,7.0,23.0,1.0,1.0,0.0,1.0,0.0,8.0,5.0,11.0,15.0,4.0,8.0,6.0,8.0,2.0,3.0,11.0,5.0,0.0,0.33,0.72,0.0,0.0,1.0,0.0,21.74,16.0,15.35,1.0,0.17,0.14,0.14,1.08,1.06,1.05
84784688481527,2025,Lauzon-Korczak,VGK,pairing,5on5,23,12201.0,91.0,0.52,0.5,0.51,91.61,6.93,5.66,22.74,2.94,51.3,38.42,6.81,7.01,6.89,77.0,51.0,59.0,187.0,11.0,3.0,1.0,21.0,0.0,48.0,45.0,66.0,117.0,20.0,51.0,105.0,135.0,11.0,60.0,98.0,27.0,3.0,2.82,3.24,0.88,3.0,6.0,2.0,187.74,128.0,128.29,28.0,1.17,0.61,0.61,7.49,7.55,7.49,89.36,6.35,5.57,24.01,3.11,49.07,35.9,6.13,6.52,6.3,67.0,57.0,60.0,184.0,6.0,9.0,1.0,18.0,0.0,44.0,47.0,61.0,118.0,13.0,38.0,97.0,91.0,7.0,52.0,100.0,18.0,6.0,2.47,2.25,1.62,2.0,3.0,1.0,183.83,124.0,124.77,28.0,1.16,1.49,1.49,6.02,6.1,5.96
847531484784458484958,2025,Lee-Barzal-Tsyplakov,NYI,line,5on5,4,1806.0,17.0,0.68,0.57,0.67,18.88,1.76,1.15,4.93,0.63,10.31,7.22,1.7,1.79,1.73,16.0,10.0,7.0,33.0,3.0,2.0,0.0,1.0,0.0,8.0,12.0,13.0,23.0,0.0,0.0,8.0,9.0,4.0,7.0,19.0,6.0,1.0,0.65,0.84,0.27,2.0,1.0,0.0,34.19,26.0,26.38,4.0,0.24,0.47,0.47,1.54,1.57,1.56,8.72,0.84,0.58,2.25,0.33,5.36,3.64,0.78,0.81,0.76,6.0,7.0,12.0,25.0,1.0,0.0,0.0,0.0,0.0,5.0,7.0,5.0,12.0,0.0,0.0,21.0,8.0,3.0,6.0,9.0,3.0,1.0,0.27,0.34,0.22,0.0,1.0,0.0,23.94,13.0,12.52,4.0,0.12,0.0,0.0,0.96,0.93,0.87
84799838482861,2025,Ferraro-Iorio,SJS,pairing,5on5,13,3003.0,69.0,0.41,0.43,0.43,19.27,1.61,1.29,4.79,0.64,10.86,7.81,1.59,1.64,1.62,18.0,9.0,10.0,37.0,0.0,0.0,0.0,2.0,0.0,13.0,12.0,18.0,27.0,3.0,6.0,23.0,19.0,3.0,20.0,21.0,6.0,0.0,0.84,0.78,0.0,0.0,0.0,0.0,37.98,27.0,27.81,9.0,0.27,0.0,0.0,1.88,1.91,1.89,25.09,2.36,1.64,6.59,0.92,14.23,10.26,2.29,2.31,2.25,23.0,13.0,13.0,49.0,3.0,3.0,0.0,5.0,0.0,13.0,12.0,20.0,33.0,6.0,12.0,17.0,15.0,2.0,15.0,26.0,7.0,3.0,0.51,0.96,0.89,1.0,1.0,1.0,48.49,36.0,35.5,6.0,0.34,0.42,0.42,2.28,2.24,2.21
847804784827688484241,2025,Bunting-Svechkov-Wood,NSH,line,5on5,16,3153.0,156.0,0.51,0.52,0.45,24.61,2.29,1.65,6.27,0.88,14.16,9.76,2.14,2.27,2.13,24.0,11.0,16.0,51.0,1.0,3.0,0.0,5.0,0.0,15.0,11.0,23.0,34.0,1.0,2.0,17.0,16.0,2.0,10.0,25.0,9.0,1.0,0.68,1.31,0.29,1.0,0.0,0.0,50.61,35.0,34.73,7.0,0.34,0.61,0.61,2.01,2.0,1.9,30.27,2.18,1.82,7.67,1.11,16.71,12.51,2.14,2.23,2.19,26.0,16.0,6.0,48.0,3.0,1.0,0.0,8.0,0.0,18.0,12.0,23.0,39.0,2.0,4.0,25.0,27.0,2.0,11.0,31.0,10.0,1.0,0.79,1.05,0.33,1.0,1.0,1.0,48.6,42.0,42.57,6.0,0.38,0.13,0.13,2.42,2.48,2.44
84763128480069,2025,Makar-Manson,COL,pairing,5on5,32,1854.0,283.0,0.65,0.53,0.57,18.85,1.58,1.23,4.11,0.62,10.05,8.41,1.57,1.63,1.63,16.0,10.0,4.0,30.0,1.0,1.0,0.0,2.0,0.0,11.0,11.0,15.0,25.0,0.0,0.0,2.0,13.0,6.0,7.0,19.0,7.0,0.0,0.65,0.93,0.0,0.0,1.0,0.0,31.34,26.0,27.01,3.0,0.25,0.16,0.16,1.67,1.71,1.7,14.34,0.85,0.86,3.59,0.46,8.36,5.88,0.84,0.82,0.8,13.0,7.0,7.0,27.0,0.0,0.0,0.0,2.0,0.0,8.0,10.0,13.0,20.0,2.0,4.0,2.0,12.0,1.0,10.0,17.0,3.0,0.0,0.44,0.42,0.0,0.0,0.0,0.0,26.47,20.0,19.66,2.0,0.17,0.0,0.0,1.02,0.98,0.96
847794284821248482155,2025,Fiala-Byfield-Laferriere,LAK,line,5on5,21,7349.0,119.0,0.58,0.56,0.55,68.77,6.1,4.54,17.06,2.34,37.29,27.67,5.98,6.15,6.03,59.0,36.0,36.0,131.0,4.0,6.0,1.0,13.0,0.0,38.0,34.0,55.0,91.0,7.0,14.0,54.0,52.0,12.0,47.0,72.0,17.0,6.0,2.27,1.84,1.98,0.0,3.0,1.0,132.59,95.0,95.82,19.0,0.94,1.4,1.4,5.64,5.73,5.69,58.08,4.4,3.63,13.94,1.77,31.54,23.72,4.31,4.29,4.2,52.0,27.0,23.0,102.0,6.0,1.0,0.0,11.0,0.0,31.0,30.0,46.0,73.0,10.0,20.0,80.0,48.0,11.0,41.0,56.0,22.0,1.0,1.59,2.6,0.21,3.0,3.0,0.0,98.94,79.0,76.83,21.0,0.75,0.1,0.1,5.05,4.93,4.84
84753248482105,2025,Sanderson-Jensen,OTT,pairing,5on5,35,2298.0,260.0,0.44,0.41,0.47,21.88,2.1,1.45,4.83,0.67,11.43,8.53,2.03,2.14,2.07,21.0,8.0,6.0,35.0,4.0,2.0,1.0,5.0,0.0,9.0,9.0,17.0,25.0,0.0,0.0,6.0,10.0,3.0,9.0,19.0,8.0,2.0,0.58,0.93,0.59,2.0,0.0,2.0,35.18,29.0,28.99,3.0,0.3,0.49,0.49,1.92,1.93,1.91,24.51,2.67,1.5,5.73,0.77,12.5,9.82,2.49,2.66,2.48,24.0,9.0,17.0,50.0,7.0,4.0,2.0,5.0,0.0,9.0,8.0,17.0,26.0,2.0,4.0,5.0,11.0,3.0,8.0,23.0,8.0,2.0,0.67,1.1,0.9,1.0,4.0,2.0,49.19,33.0,32.92,5.0,0.31,1.23,1.23,1.76,1.74,1.71
84800588484240,2025,Joseph-Willander,VAN,pairing,5on5,7,1683.0,44.0,0.5,0.49,0.55,16.81,1.32,1.06,3.71,0.5,9.54,6.87,1.29,1.23,1.21,9.0,14.0,3.0,26.0,1.0,1.0,1.0,4.0,0.0,8.0,9.0,8.0,22.0,2.0,4.0,7.0,14.0,3.0,6.0,17.0,5.0,1.0,0.44,0.53,0.35,0.0,0.0,1.0,24.83,23.0,21.9,3.0,0.22,0.35,0.35,1.19,1.12,1.12,14.32,1.34,1.03,3.86,0.47,7.39,4.91,1.27,1.41,1.33,14.0,5.0,8.0,27.0,1.0,2.0,0.0,5.0,0.0,3.0,8.0,13.0,18.0,3.0,6.0,17.0,14.0,2.0,7.0,14.0,4.0,1.0,0.42,0.58,0.34,1.0,0.0,0.0,28.5,19.0,19.92,4.0,0.22,0.23,0.23,1.33,1.4,1.38
847647984796758483808,2025,Moore-Danault-Kuzmenko,LAK,line,5on5,8,1479.0,55.0,0.33,0.49,0.43,10.87,0.9,0.73,2.69,0.35,6.15,4.17,0.88,0.91,0.89,11.0,4.0,10.0,25.0,0.0,2.0,0.0,3.0,0.0,5.0,5.0,11.0,15.0,1.0,2.0,6.0,7.0,1.0,6.0,12.0,2.0,1.0,0.34,0.22,0.35,0.0,0.0,0.0,24.33,15.0,14.92,3.0,0.15,0.42,0.42,0.64,0.63,0.62,14.03,1.85,1.05,3.17,0.51,7.59,5.82,1.76,1.95,1.85,11.0,9.0,6.0,26.0,2.0,3.0,1.0,0.0,0.0,7.0,8.0,9.0,18.0,0.0,0.0,8.0,13.0,1.0,6.0,13.0,3.0,4.0,0.46,0.39,1.01,0.0,1.0,1.0,27.4,20.0,20.87,3.0,0.22,0.8,0.8,1.27,1.34,1.3
847647484768228477996,2025,Lammikko-Glendening-Noesen,NJD,line,5on5,5,1597.0,20.0,0.29,0.32,0.24,6.07,0.79,0.52,1.66,0.27,3.49,2.28,0.74,0.75,0.69,6.0,3.0,7.0,16.0,0.0,1.0,0.0,0.0,0.0,6.0,2.0,6.0,9.0,6.0,18.0,11.0,11.0,1.0,7.0,5.0,3.0,1.0,0.04,0.42,0.33,0.0,0.0,0.0,15.03,9.0,8.61,7.0,0.11,0.33,0.33,0.57,0.53,0.53,20.29,1.98,1.19,5.16,0.68,10.71,8.29,1.94,2.0,1.96,20.0,8.0,6.0,34.0,2.0,3.0,1.0,3.0,0.0,10.0,10.0,18.0,26.0,3.0,12.0,10.0,12.0,1.0,3.0,21.0,3.0,4.0,0.5,0.3,1.18,0.0,1.0,1.0,33.83,28.0,28.2,2.0,0.25,0.84,0.84,1.39,1.38,1.37
84773468477810,2025,Hanley-Weegar,CGY,pairing,5on5,32,10321.0,161.0,0.55,0.59,0.58,93.8,7.93,6.0,24.44,3.03,49.54,36.06,7.69,8.02,7.78,86.0,41.0,66.0,193.0,3.0,8.0,0.0,32.0,0.0,45.0,39.0,83.0,124.0,19.0,47.0,89.0,93.0,10.0,41.0,97.0,20.0,10.0,2.56,2.72,2.65,1.0,2.0,0.0,192.62,127.0,127.53,26.0,1.25,1.48,1.48,7.7,7.83,7.7,70.26,6.43,4.56,17.42,2.29,34.89,27.42,6.09,6.45,6.11,68.0,25.0,42.0,135.0,9.0,9.0,0.0,13.0,0.0,30.0,32.0,59.0,84.0,14.0,37.0,96.0,73.0,18.0,51.0,61.0,27.0,5.0,1.45,3.64,1.33,2.0,7.0,0.0,134.75,93.0,93.08,25.0,0.96,1.88,1.88,5.51,5.51,5.4
847645484779348478458,2025,Nugent-Hopkins-Draisaitl-Roslovic,EDM,line,5on5,9,1038.0,116.0,0.5,0.42,0.4,10.54,0.99,0.65,2.32,0.3,5.49,4.24,0.98,1.05,1.03,9.0,5.0,4.0,18.0,1.0,1.0,0.0,0.0,0.0,5.0,7.0,8.0,13.0,1.0,2.0,12.0,1.0,2.0,2.0,11.0,2.0,1.0,0.35,0.25,0.4,1.0,0.0,0.0,18.85,14.0,14.7,0.0,0.14,0.4,0.4,0.73,0.78,0.77,15.02,0.99,0.92,3.82,0.46,8.79,6.01,0.96,0.94,0.92,13.0,8.0,4.0,25.0,0.0,2.0,0.0,6.0,0.0,5.0,8.0,13.0,21.0,0.0,0.0,4.0,6.0,0.0,6.0,18.0,2.0,1.0,0.42,0.22,0.34,0.0,0.0,0.0,23.67,21.0,20.01,3.0,0.19,0.38,0.38,0.8,0.76,0.75
84784698482105,2025,Sanderson-Chabot,OTT,pairing,5on5,9,709.0,57.0,0.61,0.56,0.64,5.02,0.25,0.3,1.24,0.17,3.04,2.0,0.24,0.23,0.23,5.0,2.0,3.0,10.0,1.0,0.0,0.0,0.0,0.0,4.0,2.0,4.0,6.0,2.0,4.0,9.0,2.0,1.0,2.0,7.0,0.0,0.0,0.25,0.0,0.0,1.0,0.0,0.0,9.25,7.0,6.42,0.0,0.06,0.0,0.0,0.31,0.29,0.29,3.02,0.16,0.16,0.6,0.08,1.53,1.48,0.16,0.17,0.17,3.0,1.0,4.0,8.0,0.0,0.0,0.0,1.0,0.0,1.0,2.0,3.0,4.0,2.0,4.0,12.0,3.0,0.0,1.0,3.0,1.0,0.0,0.05,0.11,0.0,0.0,0.0,0.0,8.54,4.0,4.25,1.0,0.03,0.0,0.0,0.19,0.2,0.2
84768798479998,2025,Anderson-Ceci,LAK,pairing,5on5,22,8890.0,130.0,0.52,0.53,0.52,74.21,7.16,4.95,18.9,2.61,38.38,29.0,6.79,7.22,6.83,69.0,32.0,43.0,144.0,5.0,8.0,0.0,13.0,0.0,42.0,33.0,64.0,96.0,11.0,22.0,65.0,53.0,11.0,41.0,68.0,26.0,7.0,1.61,3.3,2.25,2.0,3.0,0.0,141.83,101.0,100.13,21.0,1.04,1.7,1.7,6.5,6.44,6.32,67.81,6.62,4.53,16.12,2.28,37.38,27.06,6.52,6.59,6.49,60.0,34.0,35.0,129.0,3.0,5.0,1.0,11.0,0.0,42.0,33.0,57.0,91.0,4.0,8.0,78.0,49.0,7.0,38.0,61.0,28.0,5.0,1.5,3.71,1.42,1.0,1.0,1.0,130.16,94.0,94.35,19.0,0.94,1.06,1.06,6.5,6.47,6.42
847906684815568483609,2025,Lomberg-Beecher-Klapka,CGY,line,5on5,14,4949.0,53.0,0.36,0.43,0.44,37.39,2.88,2.35,9.39,1.2,19.76,14.42,2.85,2.91,2.88,28.0,22.0,24.0,74.0,0.0,1.0,0.0,8.0,0.0,24.0,17.0,28.0,50.0,9.0,24.0,33.0,67.0,8.0,26.0,37.0,11.0,2.0,0.91,1.45,0.53,0.0,0.0,0.0,73.77,50.0,50.34,11.0,0.49,0.19,0.19,3.19,3.22,3.18,46.72,5.06,3.17,11.61,1.58,24.72,17.86,4.67,5.1,4.71,44.0,20.0,36.0,100.0,4.0,7.0,0.0,10.0,0.0,28.0,15.0,40.0,60.0,8.0,22.0,38.0,56.0,8.0,26.0,40.0,18.0,6.0,1.14,2.24,1.69,1.0,3.0,0.0,101.4,64.0,64.49,14.0,0.66,1.41,1.41,4.31,4.4,4.25
847841384815228482896,2025,Greenway-Kozak-Krebs,BUF,line,5on5,3,1361.0,12.0,0.49,0.3,0.39,9.05,1.26,0.64,1.94,0.29,4.69,3.19,1.2,1.18,1.13,8.0,4.0,2.0,14.0,1.0,1.0,0.0,2.0,0.0,5.0,3.0,7.0,11.0,2.0,7.0,11.0,12.0,1.0,9.0,7.0,4.0,1.0,0.3,0.63,0.33,1.0,0.0,0.0,13.34,12.0,11.48,3.0,0.14,0.33,0.33,1.07,1.0,0.96,14.02,1.29,0.96,3.91,0.44,7.45,4.95,1.27,1.33,1.3,15.0,4.0,13.0,32.0,1.0,1.0,0.0,2.0,0.0,9.0,6.0,14.0,18.0,3.0,9.0,18.0,7.0,3.0,7.0,14.0,3.0,2.0,0.44,0.43,0.42,0.0,1.0,0.0,33.09,19.0,19.59,4.0,0.21,0.22,0.22,1.28,1.31,1.29
847627884768898477454,2025,Erne-Blackwell-Faksa,DAL,line,5on5,9,1648.0,67.0,0.55,0.51,0.5,9.84,0.81,0.6,2.35,0.31,5.02,3.92,0.81,0.79,0.79,9.0,4.0,7.0,20.0,1.0,0.0,0.0,1.0,0.0,6.0,5.0,8.0,12.0,0.0,0.0,12.0,16.0,1.0,9.0,8.0,5.0,0.0,0.16,0.65,0.0,0.0,1.0,0.0,19.64,13.0,12.75,5.0,0.12,0.0,0.0,0.93,0.91,0.91,9.55,0.66,0.58,2.3,0.32,5.05,4.09,0.65,0.65,0.64,8.0,5.0,6.0,19.0,0.0,1.0,0.0,2.0,0.0,5.0,5.0,8.0,13.0,2.0,4.0,11.0,13.0,1.0,6.0,9.0,4.0,0.0,0.26,0.41,0.0,0.0,0.0,0.0,19.24,13.0,12.96,2.0,0.12,0.1,0.1,0.68,0.67,0.67
847578484808488483630,2025,Skinner-Dellandrea-Regenda,SJS,line,5on5,1,639.0,3.0,0.27,0.4,0.5,3.37,0.14,0.21,0.82,0.1,2.19,1.54,0.14,0.13,0.13,3.0,2.0,1.0,6.0,0.0,0.0,0.0,1.0,0.0,2.0,2.0,3.0,5.0,0.0,0.0,8.0,4.0,0.0,6.0,5.0,0.0,0.0,0.14,0.0,0.0,0.0,0.0,0.0,5.76,5.0,4.8,3.0,0.04,0.0,0.0,0.18,0.17,0.17,3.35,0.39,0.27,0.76,0.14,1.91,1.52,0.37,0.41,0.39,2.0,3.0,4.0,9.0,0.0,1.0,0.0,0.0,0.0,3.0,1.0,2.0,5.0,1.0,2.0,4.0,3.0,1.0,1.0,4.0,0.0,1.0,0.12,0.0,0.27,0.0,0.0,0.0,9.26,5.0,5.08,0.0,0.06,0.27,0.27,0.17,0.18,0.18
847638984764688477839,2025,Sheary-Miller-Trocheck,NYR,line,5on5,8,4816.0,29.0,0.5,0.45,0.46,44.16,4.94,3.21,11.24,1.62,24.31,16.68,4.47,4.96,4.48,35.0,27.0,17.0,79.0,1.0,8.0,1.0,2.0,0.0,27.0,24.0,34.0,61.0,3.0,6.0,49.0,40.0,6.0,22.0,41.0,14.0,7.0,1.12,1.77,2.05,0.0,0.0,1.0,78.97,62.0,61.83,12.0,0.67,1.92,1.92,3.69,3.71,3.56,52.57,4.95,3.58,12.46,1.67,28.06,21.27,4.7,5.01,4.76,42.0,30.0,24.0,96.0,4.0,7.0,2.0,5.0,0.0,30.0,26.0,38.0,68.0,2.0,4.0,39.0,19.0,12.0,16.0,49.0,17.0,6.0,1.43,1.89,1.64,2.0,0.0,2.0,96.92,72.0,72.51,9.0,0.74,1.67,1.67,4.02,4.04,3.9
84706138484258,2025,Malinski-Burns,COL,pairing,5on5,33,2775.0,267.0,0.61,0.6,0.63,30.97,3.11,1.91,7.77,1.01,15.83,12.37,3.04,3.24,3.17,32.0,10.0,18.0,60.0,2.0,4.0,0.0,8.0,0.0,12.0,16.0,30.0,40.0,1.0,2.0,14.0,15.0,2.0,13.0,30.0,8.0,4.0,0.96,0.96,1.18,0.0,2.0,0.0,63.95,42.0,44.3,4.0,0.4,1.05,1.05,2.45,2.57,2.53,18.25,1.99,1.26,5.28,0.63,9.41,6.44,1.82,1.94,1.77,15.0,10.0,15.0,40.0,1.0,5.0,0.0,3.0,0.0,9.0,7.0,14.0,24.0,4.0,6.0,21.0,11.0,2.0,12.0,16.0,7.0,2.0,0.53,0.92,0.53,1.0,0.0,0.0,37.93,25.0,24.34,4.0,0.26,0.87,0.87,1.38,1.34,1.29
84764228480817,2025,Miller-Reilly,CAR,pairing,5on5,15,851.0,126.0,0.53,0.76,0.75,10.76,1.0,0.62,2.75,0.36,5.72,4.55,0.96,0.99,0.95,12.0,3.0,7.0,22.0,0.0,2.0,0.0,3.0,0.0,6.0,4.0,12.0,15.0,2.0,4.0,2.0,3.0,5.0,8.0,12.0,1.0,2.0,0.34,0.1,0.56,0.0,0.0,0.0,21.95,15.0,15.11,2.0,0.13,0.56,0.56,0.57,0.57,0.55,4.37,0.88,0.25,0.91,0.15,1.49,1.32,0.8,0.92,0.84,4.0,1.0,2.0,7.0,0.0,1.0,0.0,1.0,0.0,0.0,3.0,4.0,5.0,1.0,2.0,1.0,6.0,0.0,3.0,2.0,1.0,2.0,0.04,0.17,0.66,0.0,0.0,0.0,6.94,5.0,5.02,2.0,0.05,0.17,0.17,0.76,0.79,0.78
847698184781338480813,2025,Veleno-Evans-Anderson,MTL,line,5on5,14,2981.0,95.0,0.45,0.49,0.48,17.21,1.55,1.11,4.25,0.66,9.83,7.6,1.53,1.52,1.5,18.0,7.0,12.0,37.0,3.0,2.0,0.0,2.0,0.0,6.0,12.0,15.0,22.0,5.0,10.0,22.0,31.0,3.0,10.0,18.0,6.0,1.0,0.53,0.7,0.31,2.0,1.0,0.0,35.65,25.0,24.23,6.0,0.23,0.32,0.32,1.45,1.41,1.4,20.05,1.89,1.06,5.39,0.65,10.12,7.89,1.87,2.05,2.03,17.0,10.0,12.0,39.0,5.0,1.0,1.0,2.0,0.0,6.0,13.0,12.0,22.0,4.0,8.0,22.0,20.0,2.0,14.0,19.0,6.0,2.0,0.52,0.87,0.49,1.0,2.0,2.0,41.72,27.0,28.65,9.0,0.22,0.28,0.28,1.82,1.97,1.96
847638984764688482157,2025,Cuylle-Trocheck-Miller,NYR,line,5on5,6,988.0,41.0,0.72,0.56,0.6,4.01,0.53,0.42,0.83,0.16,2.5,1.55,0.5,0.48,0.46,4.0,2.0,3.0,9.0,0.0,1.0,0.0,1.0,0.0,1.0,3.0,4.0,6.0,2.0,4.0,11.0,12.0,1.0,1.0,2.0,3.0,1.0,0.02,0.28,0.24,0.0,0.0,0.0,7.97,6.0,5.32,1.0,0.09,0.01,0.01,0.61,0.55,0.52,2.94,0.21,0.19,0.8,0.1,1.52,1.19,0.2,0.22,0.22,2.0,2.0,3.0,7.0,0.0,0.0,0.0,0.0,0.0,2.0,2.0,2.0,4.0,1.0,2.0,7.0,6.0,0.0,5.0,3.0,1.0,0.0,0.1,0.1,0.0,0.0,0.0,0.0,7.7,4.0,4.38,5.0,0.04,0.0,0.0,0.24,0.27,0.26
84784548482126,2025,Andrae-Juulsen,PHI,pairing,5on5,13,5915.0,56.0,0.44,0.5,0.5,39.51,3.21,2.6,9.73,1.29,21.68,15.49,3.09,3.17,3.05,39.0,15.0,19.0,73.0,4.0,5.0,0.0,8.0,0.0,20.0,17.0,35.0,50.0,9.0,18.0,35.0,64.0,9.0,31.0,42.0,10.0,2.0,1.3,1.39,0.52,1.0,3.0,0.0,70.22,54.0,52.14,15.0,0.54,0.84,0.84,2.9,2.84,2.8,38.24,4.08,2.78,9.51,1.45,21.56,15.61,3.89,4.22,4.02,23.0,32.0,17.0,72.0,2.0,4.0,0.0,6.0,0.0,25.0,18.0,21.0,53.0,2.0,4.0,41.0,58.0,11.0,28.0,38.0,12.0,5.0,1.08,1.69,1.32,2.0,0.0,0.0,74.86,55.0,56.94,12.0,0.58,0.4,0.4,4.27,4.41,4.29
847741684774268483752,2025,Paul-James-Bjorkstrand,TBL,line,5on5,6,1519.0,47.0,0.41,0.49,0.5,11.34,0.6,0.67,3.13,0.35,6.67,4.58,0.59,0.59,0.58,10.0,6.0,7.0,23.0,0.0,1.0,0.0,3.0,1.0,3.0,8.0,10.0,16.0,2.0,4.0,10.0,8.0,2.0,8.0,15.0,1.0,0.0,0.44,0.16,0.0,0.0,0.0,0.0,22.25,16.0,15.25,1.0,0.14,0.16,0.16,0.58,0.56,0.55,12.12,0.85,0.65,3.46,0.38,6.22,4.45,0.85,0.85,0.85,10.0,6.0,8.0,24.0,2.0,0.0,0.0,4.0,0.0,1.0,9.0,8.0,14.0,2.0,4.0,15.0,10.0,3.0,11.0,13.0,2.0,1.0,0.36,0.21,0.29,1.0,1.0,0.0,23.6,16.0,15.83,5.0,0.13,0.0,0.0,0.99,0.98,0.98
847846284815828482259,2025,Robertson-Roy-Mcmann,TOR,line,5on5,13,1740.0,173.0,0.32,0.35,0.38,11.86,0.85,0.71,3.42,0.4,5.99,4.63,0.84,0.89,0.88,9.0,7.0,3.0,19.0,2.0,3.0,0.0,1.0,0.0,5.0,5.0,7.0,14.0,4.0,8.0,5.0,21.0,5.0,10.0,12.0,4.0,0.0,0.37,0.48,0.0,0.0,2.0,0.0,19.42,16.0,16.43,5.0,0.15,0.23,0.23,0.77,0.8,0.79,18.75,1.82,1.2,4.64,0.58,10.38,7.37,1.76,1.78,1.71,15.0,11.0,9.0,35.0,0.0,1.0,0.0,4.0,0.0,10.0,11.0,15.0,26.0,2.0,4.0,14.0,13.0,3.0,8.0,16.0,8.0,2.0,0.42,0.95,0.45,0.0,0.0,0.0,34.47,26.0,25.49,4.0,0.25,0.24,0.24,1.83,1.78,1.71
84809508481609,2025,Kolyachonok-Lyubushkin,DAL,pairing,5on5,3,2015.0,7.0,0.65,0.53,0.62,20.8,2.07,1.43,5.11,0.66,11.27,7.45,2.05,2.14,2.12,20.0,8.0,9.0,37.0,1.0,2.0,0.0,7.0,0.0,10.0,8.0,19.0,27.0,1.0,2.0,14.0,11.0,5.0,8.0,21.0,4.0,3.0,0.68,0.57,0.83,1.0,0.0,0.0,38.97,28.0,29.28,4.0,0.3,0.44,0.44,1.93,2.0,1.99,12.33,1.13,0.78,3.39,0.46,6.37,4.87,1.07,1.1,1.04,11.0,6.0,16.0,33.0,0.0,1.0,0.0,3.0,0.0,10.0,3.0,11.0,17.0,0.0,0.0,16.0,20.0,3.0,8.0,13.0,2.0,2.0,0.28,0.3,0.55,0.0,0.0,0.0,31.98,17.0,16.5,3.0,0.16,0.33,0.33,0.96,0.94,0.93
847572684775058484911,2025,Toffoli-Wennberg-Graf,SJS,line,5on5,7,2762.0,42.0,0.42,0.46,0.48,20.72,1.53,1.27,5.1,0.67,11.79,8.63,1.52,1.52,1.5,15.0,14.0,9.0,38.0,3.0,1.0,1.0,5.0,0.0,5.0,15.0,12.0,26.0,0.0,0.0,19.0,11.0,5.0,15.0,25.0,2.0,2.0,0.72,0.22,0.6,2.0,0.0,1.0,38.65,29.0,29.87,8.0,0.26,0.36,0.36,1.44,1.44,1.43,22.87,2.08,1.44,5.83,0.77,11.96,8.93,1.88,2.07,1.87,19.0,12.0,13.0,44.0,1.0,4.0,0.0,4.0,0.0,12.0,10.0,18.0,30.0,1.0,2.0,36.0,14.0,1.0,15.0,23.0,7.0,1.0,0.64,0.94,0.49,1.0,0.0,0.0,43.29,31.0,30.37,9.0,0.3,0.82,0.82,1.55,1.52,1.48
84783978482165,2025,Kuznetsov-Andersson,CGY,pairing,5on5,24,2683.0,132.0,0.42,0.46,0.47,20.76,1.32,1.19,5.41,0.65,11.27,9.16,1.29,1.29,1.26,23.0,6.0,8.0,37.0,3.0,2.0,0.0,3.0,0.0,9.0,12.0,20.0,26.0,3.0,9.0,15.0,14.0,2.0,13.0,23.0,5.0,1.0,0.55,0.56,0.2,2.0,1.0,0.0,35.98,29.0,28.29,5.0,0.25,0.51,0.2,1.36,1.34,1.33,23.98,1.81,1.35,5.97,0.77,13.05,10.06,1.78,1.82,1.8,22.0,11.0,11.0,44.0,2.0,0.0,0.0,5.0,0.0,10.0,16.0,20.0,31.0,5.0,13.0,8.0,15.0,3.0,10.0,27.0,4.0,2.0,0.8,0.47,0.53,1.0,0.0,1.0,45.77,33.0,34.09,5.0,0.27,0.0,0.0,2.08,2.1,2.07
847168584779608483808,2025,Kuzmenko-Kopitar-Kempe,LAK,line,5on5,15,5848.0,71.0,0.49,0.47,0.5,46.11,4.65,2.97,11.67,1.61,24.21,17.89,4.39,4.83,4.55,42.0,21.0,30.0,93.0,3.0,5.0,0.0,9.0,0.0,20.0,26.0,39.0,60.0,5.0,10.0,44.0,41.0,10.0,37.0,41.0,19.0,3.0,1.19,2.48,0.98,2.0,1.0,0.0,94.12,63.0,64.17,14.0,0.62,1.13,1.13,4.14,4.3,4.22,47.33,4.8,3.06,12.26,1.58,23.62,17.68,4.49,4.81,4.48,40.0,23.0,41.0,104.0,1.0,7.0,0.0,7.0,0.0,22.0,26.0,39.0,62.0,5.0,10.0,46.0,32.0,7.0,25.0,39.0,20.0,4.0,1.1,2.51,1.19,0.0,1.0,0.0,104.46,63.0,63.07,13.0,0.64,1.53,1.53,3.92,3.88,3.8
84756908476931,2025,Mccabe-Tanev,TOR,pairing,5on5,11,8609.0,20.0,0.48,0.48,0.49,62.51,5.17,4.01,15.36,1.95,34.63,24.88,5.09,5.23,5.15,59.0,27.0,30.0,116.0,7.0,3.0,1.0,20.0,0.0,25.0,31.0,52.0,79.0,1.0,2.0,68.0,68.0,9.0,41.0,65.0,16.0,5.0,1.88,2.03,1.26,4.0,1.0,2.0,118.75,86.0,88.28,22.0,0.82,0.68,0.68,5.32,5.4,5.36,63.99,5.56,4.43,16.84,2.16,34.55,25.46,5.35,5.61,5.39,48.0,41.0,38.0,127.0,2.0,5.0,0.0,11.0,0.0,40.0,31.0,46.0,87.0,8.0,16.0,71.0,64.0,15.0,40.0,64.0,19.0,6.0,1.8,2.33,1.43,1.0,1.0,0.0,125.79,89.0,87.77,24.0,0.94,0.7,0.7,5.8,5.86,5.73
847742584774978482660,2025,Wood-Monahan-Johnson,CBJ,line,5on5,5,2841.0,13.0,0.5,0.47,0.46,26.59,2.61,1.78,6.9,0.91,13.6,10.2,2.6,2.74,2.72,25.0,11.0,13.0,49.0,2.0,2.0,0.0,6.0,0.0,10.0,16.0,23.0,34.0,4.0,8.0,26.0,11.0,2.0,8.0,28.0,3.0,5.0,0.82,0.45,1.35,0.0,1.0,1.0,50.46,36.0,37.11,4.0,0.37,0.51,0.27,2.72,2.86,2.85,31.0,2.63,1.89,7.91,1.04,16.65,11.88,2.45,2.61,2.43,26.0,16.0,13.0,55.0,5.0,6.0,1.0,3.0,0.0,13.0,15.0,21.0,37.0,5.0,10.0,25.0,12.0,3.0,15.0,32.0,7.0,3.0,0.96,0.9,0.77,2.0,2.0,1.0,54.81,42.0,41.89,9.0,0.39,1.04,1.04,1.98,1.95,1.9
847887384834458484153,2025,Gauthier-Carlsson-Terry,ANA,line,5on5,14,1687.0,135.0,0.54,0.67,0.65,22.72,1.51,1.36,6.05,0.81,12.83,9.44,1.48,1.55,1.52,25.0,7.0,7.0,39.0,4.0,2.0,1.0,5.0,0.0,11.0,10.0,21.0,28.0,0.0,0.0,13.0,3.0,6.0,5.0,27.0,5.0,0.0,0.86,0.65,0.0,3.0,1.0,0.0,39.38,32.0,32.1,3.0,0.28,0.15,0.15,1.64,1.67,1.65,12.6,1.28,0.84,2.81,0.39,6.8,4.87,1.25,1.28,1.24,9.0,8.0,2.0,19.0,3.0,2.0,1.0,0.0,0.0,7.0,5.0,6.0,14.0,0.0,0.0,11.0,9.0,3.0,7.0,13.0,2.0,2.0,0.58,0.2,0.5,1.0,0.0,2.0,18.87,17.0,16.77,3.0,0.17,0.4,0.4,1.06,1.04,1.03
84768798482730,2025,Clarke-Ceci,LAK,pairing,5on5,23,1086.0,198.0,0.48,0.65,0.59,12.75,0.91,0.72,2.8,0.39,6.37,5.81,0.89,0.89,0.87,10.0,7.0,11.0,28.0,0.0,0.0,0.0,1.0,0.0,8.0,8.0,10.0,17.0,4.0,8.0,2.0,3.0,1.0,4.0,12.0,5.0,0.0,0.33,0.57,0.0,0.0,0.0,0.0,27.47,17.0,16.95,0.0,0.15,0.0,0.0,1.05,1.03,1.01,9.0,0.99,0.56,2.31,0.29,4.36,3.48,0.97,0.99,0.98,7.0,5.0,3.0,15.0,1.0,2.0,0.0,1.0,0.0,4.0,4.0,6.0,11.0,2.0,4.0,0.0,13.0,1.0,5.0,9.0,2.0,1.0,0.35,0.34,0.3,0.0,1.0,0.0,15.5,12.0,12.35,1.0,0.12,0.34,0.34,0.77,0.79,0.79
847637484796618480355,2025,Jeannot-Kuraly-Kastelic,BOS,line,5on5,19,3412.0,158.0,0.49,0.48,0.45,23.5,2.87,1.58,6.15,0.79,11.01,8.61,2.72,2.96,2.8,22.0,9.0,25.0,56.0,4.0,6.0,1.0,3.0,0.0,14.0,4.0,18.0,27.0,5.0,13.0,36.0,49.0,6.0,22.0,20.0,7.0,4.0,0.48,1.03,1.37,1.0,1.0,2.0,56.06,31.0,31.46,11.0,0.34,1.21,1.2,2.01,2.1,2.04,27.17,3.05,2.05,7.52,1.1,14.41,9.86,2.88,2.96,2.8,21.0,17.0,22.0,60.0,2.0,7.0,0.0,3.0,0.0,15.0,11.0,19.0,36.0,2.0,7.0,28.0,28.0,6.0,13.0,22.0,13.0,3.0,0.58,1.63,0.84,1.0,1.0,0.0,59.53,38.0,37.16,6.0,0.44,0.95,0.95,2.54,2.47,2.41
84810068481598,2025,Broberg-Tucker,STL,pairing,5on5,20,885.0,167.0,0.13,0.36,0.26,4.03,0.24,0.15,0.97,0.11,1.69,1.83,0.24,0.26,0.26,3.0,2.0,5.0,10.0,1.0,0.0,0.0,1.0,0.0,2.0,1.0,2.0,4.0,0.0,0.0,0.0,5.0,1.0,3.0,4.0,1.0,0.0,0.08,0.16,0.0,0.0,1.0,0.0,10.48,5.0,5.07,2.0,0.03,0.0,0.0,0.27,0.29,0.29,10.01,1.55,0.69,2.34,0.41,5.4,3.62,1.34,1.47,1.28,7.0,7.0,4.0,18.0,1.0,2.0,0.0,3.0,0.0,5.0,3.0,6.0,13.0,0.0,0.0,0.0,5.0,3.0,2.0,9.0,3.0,2.0,0.35,0.45,0.76,0.0,1.0,0.0,17.4,14.0,13.59,1.0,0.14,0.49,0.49,1.2,1.15,1.07
84775418481122,2025,Benoit-Mermis,TOR,pairing,5on5,4,712.0,33.0,0.6,0.48,0.56,7.65,0.75,0.53,1.76,0.21,4.08,2.66,0.73,0.76,0.74,9.0,1.0,1.0,11.0,1.0,1.0,1.0,4.0,0.0,3.0,1.0,8.0,9.0,3.0,15.0,3.0,5.0,1.0,3.0,8.0,0.0,2.0,0.21,0.0,0.55,0.0,0.0,1.0,10.74,10.0,10.0,1.0,0.11,0.33,0.33,0.54,0.52,0.52,5.86,0.49,0.37,1.43,0.2,3.14,2.38,0.49,0.51,0.51,3.0,5.0,4.0,12.0,0.0,0.0,0.0,0.0,0.0,4.0,4.0,3.0,8.0,4.0,17.0,1.0,4.0,0.0,3.0,5.0,3.0,0.0,0.18,0.32,0.0,0.0,0.0,0.0,12.23,8.0,8.1,3.0,0.08,0.0,0.0,0.57,0.58,0.58
847629284817218482110,2025,Palat-Mercer-Gritsyuk,NJD,line,5on5,10,3325.0,53.0,0.62,0.71,0.67,40.84,4.06,2.74,10.78,1.43,21.59,15.41,3.9,4.05,3.9,37.0,19.0,26.0,82.0,3.0,7.0,0.0,4.0,1.0,29.0,12.0,34.0,53.0,1.0,2.0,22.0,20.0,4.0,9.0,40.0,11.0,5.0,1.06,1.44,1.56,0.0,3.0,0.0,81.71,56.0,55.75,3.0,0.58,1.45,1.45,3.18,3.18,3.1,21.01,2.47,1.37,5.21,0.64,10.56,7.76,2.43,2.43,2.38,19.0,9.0,6.0,34.0,1.0,3.0,1.0,9.0,0.0,5.0,10.0,18.0,27.0,1.0,2.0,33.0,25.0,4.0,19.0,20.0,4.0,4.0,0.67,0.41,1.39,0.0,0.0,1.0,33.99,28.0,27.88,14.0,0.29,1.16,1.16,1.6,1.65,1.65
847458684789758482665,2025,Marchment-Beniers-Eberle,SEA,line,5on5,23,8047.0,168.0,0.51,0.52,0.52,62.58,5.71,4.01,15.03,2.08,32.96,25.21,5.44,5.69,5.43,55.0,30.0,38.0,123.0,5.0,5.0,1.0,10.0,0.0,37.0,28.0,50.0,80.0,11.0,22.0,58.0,37.0,6.0,33.0,57.0,24.0,4.0,1.62,2.92,1.18,3.0,1.0,1.0,122.75,85.0,84.84,13.0,0.84,0.99,0.99,5.56,5.56,5.5,56.6,5.44,3.81,13.61,1.85,30.73,22.57,5.26,5.44,5.27,51.0,27.0,34.0,112.0,1.0,5.0,0.0,12.0,0.0,29.0,31.0,50.0,77.0,9.0,18.0,50.0,47.0,15.0,42.0,57.0,13.0,8.0,1.73,1.66,2.05,1.0,0.0,0.0,112.33,78.0,78.16,19.0,0.79,1.16,1.16,5.07,5.07,4.98
848213284821578483690,2025,Berard-Laba-Cuylle,NYR,line,5on5,6,2794.0,18.0,0.44,0.47,0.53,19.16,1.51,1.41,5.01,0.67,10.92,7.49,1.48,1.5,1.47,16.0,11.0,12.0,39.0,1.0,2.0,1.0,7.0,0.0,6.0,11.0,15.0,26.0,3.0,6.0,19.0,32.0,1.0,13.0,19.0,8.0,0.0,0.51,1.0,0.0,1.0,0.0,0.0,38.35,27.0,26.29,8.0,0.29,0.14,0.14,1.66,1.64,1.63,17.66,1.92,1.24,4.51,0.56,9.09,6.68,1.87,1.86,1.81,22.0,2.0,20.0,44.0,2.0,0.0,0.0,3.0,0.0,7.0,12.0,20.0,22.0,0.0,0.0,19.0,15.0,6.0,9.0,17.0,4.0,3.0,0.56,0.46,0.9,1.0,1.0,0.0,43.85,24.0,23.7,6.0,0.26,0.0,0.44,1.74,1.72,1.71
847579884783668478873,2025,Terry-Granlund-Vatrano,ANA,line,5on5,9,3079.0,60.0,0.51,0.41,0.42,23.91,2.64,1.7,6.16,0.89,12.61,9.0,2.54,2.54,2.46,24.0,9.0,12.0,45.0,1.0,3.0,0.0,3.0,0.0,10.0,16.0,23.0,32.0,4.0,8.0,25.0,26.0,2.0,13.0,23.0,6.0,4.0,0.68,0.86,1.1,1.0,0.0,0.0,43.87,33.0,32.22,6.0,0.36,0.51,0.51,2.49,2.43,2.43,32.96,2.5,2.23,7.72,1.08,19.24,13.23,2.44,2.56,2.49,29.0,17.0,18.0,64.0,2.0,3.0,1.0,5.0,0.0,25.0,11.0,27.0,44.0,3.0,6.0,24.0,13.0,2.0,14.0,36.0,9.0,1.0,1.18,1.11,0.21,1.0,1.0,0.0,65.62,46.0,46.93,8.0,0.46,0.33,0.33,2.63,2.69,2.63
847168584779608482155,2025,Kempe-Kopitar-Laferriere,LAK,line,5on5,18,6112.0,119.0,0.5,0.56,0.57,61.06,4.06,3.46,16.03,1.97,32.7,24.78,3.99,4.12,4.06,61.0,22.0,29.0,112.0,6.0,2.0,0.0,19.0,0.0,33.0,23.0,55.0,77.0,3.0,6.0,69.0,47.0,6.0,32.0,67.0,15.0,1.0,1.95,1.8,0.31,2.0,3.0,1.0,113.65,83.0,83.28,10.0,0.71,0.31,0.31,4.46,4.52,4.45,45.88,4.0,2.97,11.39,1.51,24.06,18.07,3.87,4.02,3.9,45.0,17.0,25.0,87.0,1.0,3.0,0.0,11.0,0.0,24.0,23.0,44.0,61.0,3.0,6.0,44.0,31.0,2.0,21.0,46.0,13.0,3.0,1.61,1.67,0.71,0.0,1.0,0.0,86.2,62.0,62.12,12.0,0.62,0.44,0.44,4.19,4.23,4.12
847740484822018483752,2025,Guentzel-James-Goncalves,TBL,line,5on5,6,936.0,56.0,0.29,0.32,0.32,4.02,0.47,0.3,0.77,0.14,2.43,1.9,0.47,0.45,0.45,4.0,2.0,1.0,7.0,0.0,0.0,0.0,1.0,0.0,1.0,4.0,4.0,6.0,1.0,2.0,1.0,8.0,1.0,5.0,4.0,2.0,0.0,0.22,0.25,0.0,0.0,0.0,0.0,6.9,6.0,5.91,3.0,0.06,0.0,0.0,0.53,0.51,0.51,9.65,1.13,0.62,2.22,0.31,4.96,3.76,1.11,1.14,1.12,7.0,6.0,2.0,15.0,1.0,1.0,0.0,2.0,0.0,5.0,4.0,6.0,12.0,0.0,0.0,9.0,8.0,0.0,3.0,10.0,1.0,2.0,0.39,0.17,0.57,1.0,0.0,0.0,14.9,13.0,13.01,1.0,0.13,0.29,0.29,0.97,0.97,0.96
847637484793628479591,2025,Tufte-Kuraly-Eyssimont,BOS,line,5on5,4,1763.0,9.0,0.5,0.42,0.5,20.28,1.56,1.26,5.27,0.68,10.13,8.11,1.42,1.45,1.33,22.0,5.0,4.0,31.0,0.0,4.0,0.0,6.0,0.0,5.0,12.0,22.0,27.0,1.0,2.0,13.0,11.0,3.0,10.0,23.0,1.0,3.0,0.61,0.11,0.83,0.0,0.0,0.0,29.21,27.0,25.67,6.0,0.26,0.94,0.94,0.87,0.83,0.82,19.8,1.53,1.23,6.09,0.67,10.24,7.23,1.48,1.65,1.59,12.0,15.0,16.0,43.0,1.0,1.0,0.0,1.0,1.0,11.0,12.0,11.0,26.0,2.0,4.0,15.0,15.0,5.0,9.0,21.0,5.0,1.0,0.52,0.75,0.26,0.0,1.0,0.0,46.55,27.0,28.98,5.0,0.26,0.19,0.19,1.6,1.71,1.67
84784168482929,2025,Lilleberg-Cernak,TBL,pairing,5on5,16,878.0,144.0,0.48,0.48,0.53,6.03,0.4,0.36,1.69,0.21,3.11,2.23,0.4,0.38,0.38,3.0,5.0,2.0,10.0,0.0,1.0,0.0,0.0,0.0,3.0,4.0,3.0,8.0,1.0,2.0,1.0,7.0,0.0,4.0,6.0,2.0,0.0,0.17,0.24,0.0,0.0,0.0,0.0,9.86,8.0,7.94,1.0,0.07,0.09,0.09,0.39,0.36,0.36,5.04,0.43,0.29,1.08,0.15,2.89,2.17,0.43,0.44,0.44,3.0,4.0,4.0,11.0,1.0,0.0,0.0,0.0,0.0,1.0,5.0,2.0,6.0,0.0,0.0,1.0,8.0,1.0,4.0,5.0,2.0,0.0,0.21,0.23,0.0,1.0,0.0,0.0,10.92,7.0,7.03,3.0,0.06,0.0,0.0,0.49,0.51,0.5
847688284774448477987,2025,Burakovsky-Donato-Teravainen,CHI,line,5on5,4,1558.0,24.0,0.46,0.56,0.5,13.6,1.01,0.87,3.28,0.42,6.96,5.47,0.96,0.96,0.92,13.0,5.0,7.0,25.0,0.0,1.0,0.0,2.0,0.0,6.0,9.0,13.0,18.0,0.0,0.0,17.0,9.0,2.0,5.0,14.0,3.0,1.0,0.38,0.39,0.25,0.0,0.0,0.0,24.1,18.0,17.4,3.0,0.18,0.25,0.25,0.94,0.91,0.88,13.46,1.19,0.92,3.35,0.46,7.1,4.98,1.17,1.31,1.29,12.0,6.0,2.0,20.0,4.0,1.0,0.0,3.0,0.0,4.0,6.0,8.0,14.0,0.0,0.0,10.0,7.0,7.0,11.0,11.0,7.0,0.0,0.19,1.0,0.0,1.0,3.0,0.0,21.85,18.0,19.48,3.0,0.19,0.03,0.03,1.35,1.49,1.47
84821788482803,2025,Zellweger-Moore,ANA,pairing,5on5,21,5401.0,120.0,0.58,0.57,0.6,52.65,5.0,3.25,12.82,1.85,27.92,22.16,4.67,4.84,4.55,46.0,27.0,24.0,97.0,4.0,6.0,0.0,13.0,0.0,19.0,31.0,42.0,69.0,6.0,12.0,24.0,24.0,10.0,25.0,55.0,13.0,5.0,1.66,1.66,1.68,2.0,2.0,0.0,95.87,73.0,72.42,13.0,0.68,1.66,1.66,4.02,3.96,3.9,35.0,3.64,2.44,8.22,1.14,18.92,13.63,3.55,3.59,3.5,27.0,21.0,26.0,74.0,3.0,3.0,0.0,8.0,1.0,17.0,16.0,24.0,45.0,4.0,8.0,32.0,49.0,6.0,29.0,29.0,17.0,2.0,0.83,2.39,0.43,2.0,1.0,0.0,74.05,48.0,47.74,13.0,0.51,0.34,0.34,3.81,3.76,3.7
84810568482482,2025,Wilsby-Stastney,NSH,pairing,5on5,9,1962.0,63.0,0.4,0.63,0.63,13.64,0.52,0.74,3.97,0.42,7.83,5.53,0.52,0.51,0.51,11.0,8.0,11.0,30.0,0.0,0.0,0.0,8.0,0.0,5.0,6.0,11.0,19.0,1.0,5.0,16.0,11.0,1.0,9.0,18.0,1.0,0.0,0.41,0.12,0.0,0.0,0.0,0.0,28.22,19.0,18.24,4.0,0.15,0.0,0.0,0.67,0.65,0.65,7.67,0.8,0.55,1.96,0.29,4.2,3.2,0.78,0.82,0.81,7.0,4.0,7.0,18.0,1.0,1.0,0.0,3.0,0.0,2.0,4.0,6.0,10.0,1.0,5.0,16.0,17.0,3.0,7.0,6.0,5.0,0.0,0.16,0.63,0.0,1.0,0.0,0.0,19.17,11.0,11.34,3.0,0.11,0.14,0.14,0.77,0.79,0.79
847793484784028478458,2025,Draisaitl-Mcdavid-Roslovic,EDM,line,5on5,16,2024.0,166.0,0.35,0.57,0.53,20.33,1.35,1.16,5.17,0.65,11.36,8.31,1.31,1.25,1.21,20.0,8.0,12.0,40.0,1.0,0.0,0.0,5.0,0.0,15.0,7.0,19.0,27.0,3.0,6.0,24.0,5.0,4.0,10.0,22.0,6.0,0.0,0.76,0.59,0.0,1.0,0.0,0.0,36.83,28.0,25.86,2.0,0.24,0.0,0.0,1.59,1.47,1.43,19.35,2.48,1.3,4.32,0.6,9.36,6.95,2.4,2.62,2.54,14.0,11.0,5.0,30.0,3.0,2.0,1.0,2.0,0.0,6.0,12.0,11.0,22.0,5.0,10.0,12.0,2.0,4.0,14.0,12.0,9.0,4.0,0.39,1.06,1.03,1.0,1.0,1.0,33.13,25.0,27.17,8.0,0.27,0.53,0.53,2.22,2.36,2.33
84808608484768,2025,Bahl-Parekh,CGY,pairing,5on5,9,864.0,67.0,0.35,0.48,0.4,7.43,0.46,0.39,1.82,0.23,3.86,3.24,0.46,0.46,0.46,7.0,3.0,4.0,14.0,1.0,0.0,0.0,0.0,0.0,1.0,8.0,6.0,9.0,0.0,0.0,2.0,5.0,2.0,8.0,9.0,1.0,0.0,0.35,0.11,0.0,1.0,0.0,0.0,13.51,10.0,9.99,6.0,0.08,0.0,0.0,0.54,0.54,0.54,10.29,0.85,0.7,2.37,0.34,6.45,4.3,0.82,0.84,0.82,12.0,3.0,0.0,15.0,0.0,1.0,0.0,3.0,0.0,4.0,7.0,12.0,15.0,0.0,0.0,3.0,7.0,1.0,8.0,12.0,2.0,1.0,0.41,0.23,0.21,0.0,0.0,0.0,15.57,15.0,15.37,4.0,0.14,0.07,0.07,0.92,0.92,0.91
848087684820708483447,2025,Douglas-Geekie-Chaffee,TBL,line,5on5,3,655.0,21.0,0.19,0.42,0.4,4.75,0.21,0.25,1.42,0.15,2.24,1.73,0.21,0.22,0.22,3.0,3.0,2.0,8.0,0.0,1.0,0.0,2.0,0.0,1.0,2.0,3.0,6.0,3.0,6.0,3.0,9.0,1.0,1.0,6.0,0.0,0.0,0.21,0.0,0.0,0.0,0.0,0.0,8.61,6.0,6.4,0.0,0.05,0.03,0.03,0.23,0.24,0.24,6.44,0.86,0.38,1.81,0.22,3.4,2.32,0.85,0.8,0.79,4.0,5.0,2.0,11.0,0.0,2.0,0.0,2.0,0.0,3.0,2.0,4.0,9.0,2.0,4.0,8.0,7.0,0.0,7.0,5.0,2.0,2.0,0.1,0.18,0.59,0.0,0.0,0.0,10.13,9.0,8.3,2.0,0.08,0.59,0.59,0.36,0.33,0.31
847062184779428482124,2025,Fiala-Byfield-Perry,LAK,line,5on5,18,1920.0,184.0,0.57,0.56,0.54,16.53,1.54,1.01,4.18,0.51,8.29,6.48,1.49,1.48,1.43,13.0,9.0,9.0,31.0,0.0,2.0,0.0,3.0,0.0,8.0,9.0,13.0,22.0,0.0,0.0,15.0,7.0,3.0,9.0,17.0,3.0,2.0,0.59,0.28,0.66,0.0,0.0,0.0,29.79,22.0,21.35,5.0,0.22,0.66,0.66,1.09,1.08,1.07,12.93,1.14,0.81,3.5,0.49,7.44,5.62,1.08,1.19,1.13,13.0,6.0,5.0,24.0,0.0,3.0,0.0,1.0,0.0,10.0,5.0,13.0,19.0,0.0,0.0,16.0,8.0,1.0,9.0,16.0,1.0,2.0,0.56,0.12,0.46,0.0,0.0,0.0,25.4,19.0,19.75,5.0,0.17,0.48,0.48,0.83,0.86,0.85
847745684788918479992,2025,Rasmussen-Compher-Appleton,DET,line,5on5,9,4026.0,39.0,0.5,0.39,0.41,28.14,3.76,2.04,6.48,0.97,13.97,10.78,3.52,3.7,3.47,28.0,10.0,12.0,50.0,5.0,5.0,1.0,6.0,0.0,7.0,15.0,23.0,33.0,3.0,6.0,40.0,27.0,7.0,14.0,22.0,12.0,4.0,0.69,1.73,1.34,2.0,2.0,1.0,49.18,38.0,37.39,5.0,0.43,1.39,1.39,2.81,2.82,2.79,38.83,3.81,2.63,9.58,1.27,21.24,15.46,3.72,3.85,3.76,35.0,19.0,23.0,77.0,2.0,3.0,0.0,9.0,0.0,20.0,20.0,33.0,52.0,2.0,4.0,36.0,26.0,6.0,20.0,38.0,13.0,3.0,1.14,1.83,0.85,1.0,1.0,0.0,77.28,54.0,54.63,10.0,0.54,0.78,0.78,3.57,3.6,3.54
84815638482803,2025,Zellweger-Helleson,ANA,pairing,5on5,32,3661.0,213.0,0.4,0.54,0.57,37.46,2.15,2.03,9.73,1.18,19.08,15.82,2.13,2.12,2.09,29.0,21.0,17.0,67.0,2.0,0.0,0.0,10.0,0.0,11.0,27.0,27.0,48.0,4.0,8.0,19.0,22.0,9.0,22.0,41.0,9.0,0.0,1.15,1.0,0.0,1.0,1.0,0.0,65.33,50.0,49.25,11.0,0.41,0.0,0.0,2.57,2.53,2.5,28.69,3.17,1.81,7.26,0.86,13.94,9.97,2.79,3.19,2.8,25.0,12.0,19.0,56.0,1.0,6.0,0.0,8.0,0.0,8.0,14.0,24.0,36.0,2.0,4.0,22.0,32.0,3.0,15.0,25.0,9.0,3.0,0.76,1.3,1.11,0.0,1.0,0.0,56.98,37.0,37.55,9.0,0.38,1.55,1.55,2.0,2.02,1.99
847645984764688482157,2025,Cuylle-Miller-Zibanejad,NYR,line,5on5,9,2829.0,51.0,0.58,0.41,0.44,19.3,2.1,1.33,5.2,0.68,10.69,6.99,2.04,2.1,2.03,15.0,12.0,11.0,38.0,0.0,3.0,0.0,8.0,0.0,10.0,6.0,15.0,27.0,5.0,10.0,31.0,31.0,4.0,15.0,17.0,8.0,2.0,0.46,0.99,0.65,0.0,0.0,0.0,37.7,27.0,26.84,7.0,0.28,0.78,0.78,1.61,1.62,1.57,25.11,1.5,1.63,6.53,0.78,13.77,9.78,1.39,1.51,1.4,22.0,12.0,20.0,54.0,1.0,2.0,0.0,4.0,0.0,15.0,12.0,21.0,33.0,2.0,4.0,23.0,18.0,4.0,14.0,28.0,6.0,0.0,0.78,0.72,0.0,1.0,0.0,0.0,54.84,34.0,34.3,7.0,0.34,0.24,0.24,1.59,1.61,1.5
848081384815238482737,2025,Veleno-Dach-Bolduc,MTL,line,5on5,6,2310.0,31.0,0.6,0.52,0.58,19.1,2.25,1.29,4.81,0.62,9.34,6.69,2.14,2.31,2.2,16.0,9.0,6.0,31.0,0.0,2.0,0.0,2.0,0.0,14.0,7.0,16.0,25.0,7.0,20.0,20.0,22.0,3.0,10.0,17.0,4.0,4.0,0.48,0.55,1.22,0.0,0.0,0.0,30.68,25.0,24.68,4.0,0.27,0.53,0.53,2.0,2.06,2.01,12.63,1.48,0.9,3.13,0.48,6.95,5.06,1.38,1.43,1.33,12.0,6.0,11.0,29.0,2.0,3.0,0.0,2.0,0.0,8.0,3.0,10.0,16.0,2.0,10.0,19.0,22.0,4.0,12.0,13.0,3.0,2.0,0.34,0.37,0.78,1.0,1.0,0.0,27.44,18.0,17.26,5.0,0.19,0.79,0.79,0.88,0.88,0.81
847750584826678484911,2025,Eklund-Wennberg-Graf,SJS,line,5on5,8,1812.0,56.0,0.69,0.45,0.47,13.35,1.97,0.96,3.01,0.45,6.88,4.74,1.85,1.89,1.77,11.0,7.0,5.0,23.0,0.0,3.0,0.0,2.0,0.0,5.0,8.0,11.0,18.0,0.0,0.0,9.0,10.0,2.0,7.0,12.0,2.0,4.0,0.3,0.31,1.36,0.0,0.0,0.0,23.12,18.0,18.06,1.0,0.2,1.1,1.1,1.07,1.07,1.06,13.86,0.9,0.82,3.36,0.47,8.08,6.38,0.89,0.91,0.91,11.0,9.0,8.0,28.0,0.0,0.0,0.0,3.0,0.0,10.0,7.0,11.0,20.0,1.0,2.0,12.0,9.0,2.0,6.0,15.0,5.0,0.0,0.39,0.5,0.0,0.0,0.0,0.0,27.93,20.0,20.09,0.0,0.17,0.0,0.0,1.06,1.08,1.07
847516984800128483476,2025,Kane-Pettersson-Lekkerimki,VAN,line,5on5,3,818.0,24.0,0.52,0.56,0.5,4.25,0.19,0.26,1.09,0.12,2.56,1.78,0.19,0.21,0.21,2.0,4.0,3.0,9.0,0.0,0.0,0.0,1.0,0.0,2.0,3.0,2.0,6.0,2.0,4.0,8.0,2.0,0.0,3.0,6.0,0.0,0.0,0.19,0.0,0.0,0.0,0.0,0.0,9.5,6.0,6.39,1.0,0.05,0.0,0.0,0.24,0.26,0.26,4.23,0.18,0.22,1.04,0.14,2.56,1.86,0.18,0.17,0.17,5.0,1.0,1.0,7.0,0.0,0.0,0.0,3.0,0.0,2.0,1.0,5.0,6.0,0.0,0.0,6.0,3.0,0.0,6.0,6.0,0.0,0.0,0.18,0.0,0.0,0.0,0.0,0.0,6.9,6.0,5.96,2.0,0.04,0.0,0.0,0.22,0.21,0.21
84808738480990,2025,Sandin-Chisholm,WSH,pairing,5on5,8,2802.0,38.0,0.32,0.5,0.45,23.75,1.79,1.53,6.41,0.78,12.51,8.98,1.7,1.81,1.73,22.0,10.0,18.0,50.0,1.0,3.0,0.0,9.0,0.0,11.0,8.0,21.0,31.0,3.0,6.0,18.0,17.0,2.0,15.0,24.0,5.0,3.0,0.6,0.53,0.65,0.0,0.0,1.0,50.1,32.0,32.29,5.0,0.31,0.42,0.44,1.66,1.67,1.59,29.91,3.76,1.98,7.67,1.05,13.83,10.71,3.5,3.8,3.53,26.0,13.0,11.0,50.0,2.0,7.0,1.0,6.0,0.0,13.0,11.0,24.0,37.0,2.0,4.0,21.0,29.0,5.0,10.0,23.0,9.0,7.0,0.62,1.23,1.92,0.0,2.0,0.0,50.35,39.0,39.49,8.0,0.42,1.64,1.64,2.54,2.54,2.5
847574584796718482660,2025,Johnson-Coyle-Olivier,CBJ,line,5on5,5,1350.0,47.0,0.23,0.5,0.44,9.91,0.36,0.51,2.4,0.32,5.87,4.53,0.34,0.38,0.35,11.0,3.0,9.0,23.0,0.0,0.0,0.0,1.0,0.0,6.0,7.0,11.0,14.0,0.0,0.0,14.0,11.0,1.0,6.0,13.0,1.0,0.0,0.27,0.09,0.0,0.0,0.0,0.0,22.41,14.0,13.84,5.0,0.1,0.0,0.0,0.47,0.48,0.46,13.01,1.23,0.85,3.38,0.4,6.99,5.15,1.21,1.2,1.18,13.0,5.0,5.0,23.0,0.0,1.0,0.0,6.0,0.0,6.0,5.0,13.0,18.0,2.0,4.0,10.0,8.0,6.0,7.0,12.0,4.0,2.0,0.22,0.43,0.59,0.0,0.0,0.0,23.56,18.0,18.39,5.0,0.17,0.31,0.31,1.1,1.1,1.07
847959184796618483489,2025,Jeannot-Minten-Eyssimont,BOS,line,5on5,19,4418.0,156.0,0.51,0.51,0.53,49.77,3.48,3.22,12.78,1.62,25.52,19.38,3.43,3.44,3.39,41.0,25.0,21.0,87.0,3.0,6.0,1.0,8.0,0.0,21.0,28.0,38.0,63.0,5.0,10.0,44.0,35.0,3.0,21.0,52.0,12.0,2.0,1.48,1.58,0.42,1.0,1.0,1.0,84.72,66.0,64.5,13.0,0.67,0.75,0.75,3.39,3.38,3.35,43.88,3.34,2.79,11.88,1.42,22.72,16.85,3.22,3.5,3.37,39.0,20.0,24.0,83.0,7.0,7.0,2.0,13.0,0.0,15.0,17.0,32.0,52.0,2.0,4.0,37.0,41.0,6.0,21.0,44.0,14.0,1.0,1.31,1.81,0.22,3.0,3.0,1.0,84.98,59.0,60.66,5.0,0.58,1.09,1.09,2.83,2.93,2.87
848022084815538484387,2025,Michkov-Cates-Brink,PHI,line,5on5,14,4209.0,120.0,0.56,0.51,0.49,28.49,2.35,1.7,7.08,0.9,15.63,11.35,2.25,2.43,2.33,28.0,11.0,25.0,64.0,4.0,2.0,0.0,5.0,0.0,15.0,13.0,24.0,35.0,5.0,13.0,36.0,27.0,1.0,11.0,31.0,4.0,4.0,0.86,0.44,1.05,2.0,1.0,1.0,65.66,39.0,40.3,7.0,0.35,0.57,0.57,2.13,2.22,2.2,30.08,1.82,1.71,7.62,0.99,16.24,12.62,1.76,1.73,1.68,28.0,13.0,21.0,62.0,1.0,2.0,0.0,4.0,0.0,14.0,20.0,27.0,40.0,3.0,9.0,39.0,35.0,6.0,16.0,33.0,7.0,1.0,0.81,0.8,0.21,0.0,1.0,0.0,61.02,41.0,39.42,6.0,0.35,0.03,0.03,2.13,2.03,1.97
847967584815328483808,2025,Kuzmenko-Turcotte-Moore,LAK,line,5on5,5,921.0,45.0,0.83,0.7,0.76,11.44,1.38,0.75,2.8,0.38,6.18,4.51,1.28,1.41,1.31,13.0,3.0,5.0,21.0,0.0,2.0,0.0,2.0,0.0,7.0,5.0,13.0,16.0,0.0,0.0,10.0,2.0,2.0,3.0,11.0,3.0,2.0,0.3,0.36,0.73,0.0,0.0,0.0,20.78,16.0,15.98,2.0,0.15,0.73,0.73,0.81,0.83,0.75,3.69,0.28,0.22,0.79,0.11,2.08,1.51,0.28,0.28,0.28,2.0,3.0,4.0,9.0,0.0,0.0,0.0,1.0,0.0,2.0,2.0,2.0,5.0,1.0,2.0,6.0,6.0,2.0,5.0,4.0,1.0,0.0,0.1,0.19,0.0,0.0,0.0,0.0,8.79,5.0,4.94,1.0,0.05,0.0,0.0,0.33,0.33,0.33
84768918483506,2025,Grzelcyk-Rinzel,CHI,pairing,5on5,27,7081.0,160.0,0.4,0.44,0.42,61.94,5.57,3.64,15.91,1.95,31.91,24.02,5.42,5.7,5.55,56.0,27.0,33.0,116.0,6.0,5.0,1.0,13.0,3.0,34.0,22.0,50.0,77.0,9.0,16.0,58.0,34.0,12.0,33.0,65.0,12.0,6.0,1.95,1.73,1.88,2.0,1.0,3.0,117.08,83.0,83.92,13.0,0.76,1.06,1.06,5.27,5.39,5.28,83.61,8.31,5.78,20.73,2.79,43.49,31.9,7.96,8.24,7.89,81.0,32.0,32.0,145.0,5.0,9.0,0.0,17.0,0.0,40.0,42.0,76.0,108.0,7.0,16.0,55.0,44.0,12.0,34.0,74.0,28.0,11.0,1.92,3.42,2.98,0.0,4.0,1.0,146.07,113.0,112.91,18.0,1.21,2.18,2.18,7.34,7.31,7.17
84774958484304,2025,Balinskis-Jones,FLA,pairing,5on5,19,1220.0,135.0,0.46,0.53,0.56,12.77,1.22,0.88,2.94,0.51,7.56,5.89,1.18,1.19,1.15,11.0,8.0,4.0,23.0,0.0,2.0,0.0,2.0,0.0,7.0,8.0,11.0,19.0,0.0,0.0,3.0,9.0,0.0,4.0,12.0,7.0,0.0,0.44,0.78,0.0,0.0,0.0,0.0,21.7,19.0,18.22,1.0,0.18,0.13,0.13,1.27,1.23,1.2,11.06,1.46,0.77,2.84,0.38,5.74,3.8,1.29,1.5,1.32,10.0,5.0,5.0,20.0,1.0,4.0,1.0,1.0,0.0,3.0,6.0,9.0,14.0,0.0,0.0,8.0,12.0,1.0,7.0,8.0,5.0,2.0,0.17,0.7,0.58,0.0,1.0,0.0,20.45,15.0,15.14,1.0,0.16,0.91,0.91,0.71,0.7,0.67
84779388479378,2025,Stanley-Fleury,WPG,pairing,5on5,10,862.0,83.0,0.32,0.47,0.39,7.77,0.48,0.43,2.05,0.26,4.46,3.33,0.47,0.47,0.47,6.0,5.0,6.0,17.0,0.0,2.0,0.0,2.0,0.0,2.0,5.0,6.0,11.0,3.0,9.0,3.0,7.0,0.0,1.0,9.0,2.0,0.0,0.17,0.31,0.0,0.0,0.0,0.0,16.68,11.0,10.85,1.0,0.08,0.31,0.31,0.25,0.25,0.25,12.7,1.0,0.71,2.81,0.4,6.77,5.32,0.99,1.0,1.0,13.0,4.0,2.0,19.0,2.0,1.0,0.0,2.0,0.0,7.0,5.0,11.0,15.0,1.0,5.0,2.0,6.0,0.0,2.0,14.0,1.0,2.0,0.39,0.14,0.47,1.0,1.0,0.0,19.44,17.0,17.29,1.0,0.14,0.27,0.27,0.87,0.88,0.88
847458684769058478975,2025,Marchment-Stephenson-Eberle,SEA,line,5on5,11,2101.0,123.0,0.26,0.54,0.49,18.01,1.12,1.11,4.95,0.67,10.09,8.06,1.07,1.1,1.06,18.0,8.0,15.0,41.0,0.0,3.0,0.0,6.0,0.0,8.0,9.0,18.0,26.0,3.0,6.0,13.0,5.0,4.0,8.0,22.0,4.0,0.0,0.58,0.54,0.0,0.0,0.0,0.0,40.8,26.0,25.84,3.0,0.23,0.27,0.27,1.08,1.07,1.04,21.5,3.12,1.48,5.05,0.65,9.58,7.13,2.88,3.09,2.84,19.0,8.0,8.0,35.0,0.0,3.0,0.0,2.0,0.0,13.0,9.0,19.0,27.0,2.0,4.0,15.0,14.0,4.0,8.0,17.0,5.0,5.0,0.65,0.68,1.79,0.0,0.0,0.0,35.41,27.0,27.21,4.0,0.32,1.2,1.2,2.24,2.23,2.21
84788418479395,2025,Cholowski-White,NJD,pairing,5on5,6,3767.0,18.0,0.53,0.5,0.5,25.5,1.83,1.54,6.87,0.79,13.74,9.23,1.77,1.87,1.8,24.0,10.0,14.0,48.0,1.0,2.0,0.0,6.0,0.0,10.0,15.0,23.0,33.0,0.0,0.0,22.0,22.0,3.0,15.0,26.0,6.0,2.0,0.66,0.73,0.44,0.0,1.0,0.0,48.14,34.0,34.19,9.0,0.32,0.35,0.35,1.81,1.82,1.81,23.95,1.6,1.57,6.74,0.84,13.28,9.97,1.59,1.61,1.6,17.0,17.0,14.0,48.0,0.0,0.0,0.0,10.0,0.0,15.0,9.0,17.0,34.0,1.0,2.0,20.0,24.0,8.0,18.0,28.0,6.0,0.0,0.85,0.75,0.0,0.0,0.0,0.0,47.75,34.0,33.97,12.0,0.32,0.0,0.0,1.93,1.94,1.93
847856984809808481481,2025,Dewar-Acciari-Lizotte,PIT,line,5on5,17,8583.0,60.0,0.5,0.51,0.51,63.03,5.42,4.27,15.15,2.01,34.22,24.92,5.37,5.57,5.52,57.0,29.0,44.0,130.0,7.0,4.0,0.0,10.0,0.0,37.0,28.0,50.0,79.0,9.0,24.0,84.0,78.0,7.0,35.0,61.0,21.0,4.0,1.61,2.74,1.06,4.0,3.0,0.0,133.91,86.0,88.44,20.0,0.89,0.51,0.51,5.81,5.96,5.91,62.59,5.48,4.06,15.75,2.01,32.5,24.19,5.21,5.41,5.14,60.0,24.0,42.0,126.0,4.0,4.0,0.0,12.0,0.0,30.0,34.0,56.0,80.0,9.0,27.0,59.0,92.0,12.0,44.0,64.0,15.0,5.0,2.0,2.05,1.44,1.0,3.0,0.0,123.03,84.0,82.24,19.0,0.86,1.24,1.24,5.1,5.01,4.84
84779508480871,2025,Deangelo-Boqvist,NYI,pairing,5on5,9,2493.0,67.0,0.33,0.36,0.35,18.13,1.72,1.11,4.79,0.56,9.13,6.69,1.69,1.76,1.74,17.0,7.0,7.0,31.0,1.0,2.0,0.0,3.0,0.0,7.0,11.0,16.0,23.0,4.0,8.0,16.0,15.0,1.0,12.0,17.0,5.0,2.0,0.51,0.65,0.56,1.0,0.0,0.0,32.71,24.0,24.9,4.0,0.23,0.35,0.35,1.6,1.64,1.62,32.56,3.55,2.27,7.8,1.03,16.95,12.41,3.3,3.51,3.27,32.0,12.0,11.0,55.0,1.0,5.0,0.0,10.0,0.0,14.0,14.0,31.0,43.0,2.0,4.0,24.0,21.0,2.0,16.0,29.0,11.0,4.0,0.9,1.6,1.06,0.0,1.0,0.0,52.64,44.0,42.72,10.0,0.47,1.14,1.14,2.88,2.86,2.79
847794684820788484471,2025,Raymond-Larkin-Finnie,DET,line,5on5,37,23948.0,78.0,0.5,0.52,0.52,199.51,18.12,13.17,49.86,6.72,108.04,78.08,17.68,18.28,17.83,174.0,100.0,114.0,388.0,15.0,19.0,3.0,41.0,0.0,88.0,111.0,159.0,259.0,20.0,43.0,230.0,113.0,31.0,122.0,201.0,52.0,21.0,5.99,6.53,5.6,7.0,5.0,3.0,389.43,274.0,273.81,49.0,2.75,4.49,4.21,16.66,16.74,16.53,186.72,17.82,11.8,46.77,6.07,99.04,74.49,17.28,17.87,17.32,152.0,104.0,109.0,365.0,14.0,16.0,4.0,34.0,0.0,86.0,106.0,138.0,242.0,29.0,61.0,215.0,114.0,26.0,130.0,178.0,61.0,17.0,5.33,7.92,4.57,5.0,3.0,6.0,364.57,256.0,255.98,56.0,2.47,3.66,3.66,16.63,16.58,16.38
84775078482511,2025,Zadorov-Lohrei,BOS,pairing,5on5,27,2250.0,205.0,0.22,0.42,0.4,17.03,0.8,0.8,4.2,0.5,8.07,7.64,0.77,0.77,0.75,17.0,5.0,10.0,32.0,0.0,0.0,0.0,3.0,0.0,4.0,15.0,17.0,22.0,10.0,23.0,8.0,17.0,1.0,10.0,20.0,2.0,0.0,0.53,0.26,0.0,0.0,0.0,0.0,31.14,22.0,21.31,4.0,0.17,0.0,0.0,0.96,0.94,0.91,24.99,2.83,1.75,6.46,0.88,12.23,8.83,2.56,2.84,2.56,26.0,7.0,12.0,45.0,0.0,7.0,0.0,2.0,0.0,11.0,13.0,26.0,33.0,5.0,13.0,7.0,10.0,5.0,8.0,23.0,7.0,3.0,0.77,1.07,1.0,0.0,0.0,0.0,45.4,33.0,33.15,5.0,0.37,1.47,1.47,1.73,1.71,1.68
847360484763928482149,2025,Perfetti-Lowry-Toews,WPG,line,5on5,2,705.0,9.0,0.58,0.42,0.38,2.24,0.13,0.12,0.76,0.07,1.1,0.82,0.12,0.13,0.13,3.0,0.0,2.0,5.0,0.0,0.0,0.0,1.0,0.0,0.0,2.0,3.0,3.0,0.0,0.0,9.0,4.0,2.0,4.0,3.0,0.0,0.0,0.13,0.0,0.0,0.0,0.0,0.0,5.18,3.0,3.12,2.0,0.03,0.0,0.0,0.15,0.16,0.15,3.33,0.09,0.21,1.07,0.11,2.07,1.45,0.08,0.09,0.08,3.0,2.0,2.0,7.0,0.0,0.0,0.0,1.0,0.0,2.0,2.0,3.0,5.0,0.0,0.0,5.0,1.0,0.0,2.0,5.0,0.0,0.0,0.09,0.0,0.0,0.0,0.0,0.0,6.94,5.0,4.96,1.0,0.04,0.0,0.0,0.13,0.13,0.12
847579484784208479351,2025,Steel-Seguin-Rantanen,DAL,line,5on5,6,1441.0,62.0,0.24,0.37,0.36,9.3,0.66,0.53,2.62,0.32,5.0,3.87,0.64,0.66,0.65,7.0,6.0,4.0,17.0,0.0,0.0,0.0,3.0,0.0,5.0,5.0,7.0,13.0,1.0,2.0,20.0,12.0,7.0,9.0,11.0,1.0,1.0,0.33,0.08,0.25,0.0,0.0,0.0,17.11,13.0,13.12,4.0,0.11,0.0,0.0,0.77,0.77,0.75,16.0,2.15,1.12,3.6,0.59,8.69,6.84,1.91,2.1,1.87,14.0,9.0,6.0,29.0,1.0,3.0,0.0,2.0,0.0,5.0,12.0,13.0,22.0,1.0,2.0,8.0,16.0,4.0,9.0,14.0,6.0,3.0,0.37,0.79,0.99,0.0,1.0,0.0,28.76,23.0,22.87,4.0,0.23,0.99,0.99,1.39,1.38,1.3
847458684800098482665,2025,Tolvanen-Beniers-Eberle,SEA,line,5on5,9,2577.0,75.0,0.35,0.51,0.5,19.31,0.92,1.05,5.41,0.59,11.18,7.84,0.89,0.91,0.88,18.0,9.0,15.0,42.0,1.0,0.0,0.0,8.0,0.0,11.0,7.0,17.0,26.0,3.0,6.0,18.0,16.0,5.0,12.0,26.0,0.0,1.0,0.72,0.0,0.2,1.0,0.0,0.0,40.67,27.0,26.04,6.0,0.22,0.0,0.0,1.14,1.12,1.08,19.95,1.69,1.25,4.98,0.65,10.62,7.81,1.64,1.72,1.67,16.0,11.0,13.0,40.0,0.0,2.0,0.0,2.0,0.0,13.0,10.0,16.0,27.0,4.0,8.0,23.0,13.0,2.0,12.0,20.0,5.0,2.0,0.5,0.69,0.5,0.0,0.0,0.0,39.97,27.0,27.1,4.0,0.26,0.46,0.46,1.49,1.53,1.5
84751888481527,2025,Mcnabb-Korczak,VGK,pairing,5on5,22,6976.0,119.0,0.52,0.48,0.49,58.84,6.36,4.18,13.25,1.86,29.76,22.59,6.12,6.24,6.01,46.0,32.0,24.0,102.0,5.0,7.0,0.0,11.0,0.0,30.0,25.0,41.0,73.0,1.0,5.0,40.0,44.0,11.0,45.0,49.0,19.0,10.0,1.55,2.53,2.28,2.0,1.0,2.0,99.54,78.0,76.55,21.0,0.88,1.13,1.13,6.1,5.98,5.87,58.28,5.79,3.84,14.84,2.19,31.64,23.7,5.52,6.0,5.72,49.0,33.0,27.0,109.0,7.0,9.0,0.0,9.0,0.0,29.0,28.0,42.0,75.0,5.0,13.0,49.0,29.0,11.0,28.0,62.0,12.0,8.0,1.84,1.34,2.61,4.0,1.0,2.0,112.2,82.0,84.03,13.0,0.8,1.9,1.9,4.69,4.84,4.73
84773698479323,2025,Soucy-Fox,NYR,pairing,5on5,11,905.0,72.0,0.58,0.62,0.6,8.81,1.33,0.66,2.39,0.37,4.38,2.86,1.2,1.39,1.25,7.0,5.0,6.0,18.0,1.0,2.0,0.0,1.0,0.0,4.0,4.0,6.0,11.0,2.0,7.0,3.0,7.0,0.0,2.0,5.0,4.0,3.0,0.14,0.43,0.77,1.0,0.0,0.0,17.95,12.0,12.17,1.0,0.14,0.51,0.51,0.97,0.98,0.94,6.38,0.95,0.51,1.3,0.18,2.94,2.12,0.95,1.0,0.99,5.0,3.0,3.0,11.0,1.0,0.0,0.0,0.0,0.0,2.0,5.0,4.0,7.0,2.0,7.0,7.0,10.0,1.0,7.0,3.0,4.0,1.0,0.15,0.59,0.21,0.0,1.0,0.0,11.82,8.0,8.54,3.0,0.11,0.0,0.0,1.06,1.11,1.11
84779868479372,2025,Mahura-Montour,SEA,pairing,5on5,11,1059.0,58.0,0.68,0.55,0.58,15.58,1.19,0.99,3.72,0.56,8.16,6.38,1.14,1.21,1.15,14.0,7.0,3.0,24.0,2.0,2.0,1.0,5.0,0.0,3.0,9.0,12.0,19.0,0.0,0.0,1.0,9.0,3.0,5.0,16.0,3.0,2.0,0.4,0.32,0.47,0.0,1.0,1.0,23.83,21.0,20.83,1.0,0.2,0.34,0.34,1.06,1.05,1.04,10.28,0.56,0.61,2.71,0.38,6.16,4.58,0.55,0.58,0.56,8.0,7.0,5.0,20.0,0.0,1.0,0.0,1.0,0.0,7.0,6.0,8.0,15.0,0.0,0.0,2.0,4.0,1.0,4.0,14.0,1.0,0.0,0.37,0.19,0.0,0.0,0.0,0.0,20.7,15.0,15.55,3.0,0.12,0.19,0.19,0.5,0.52,0.51
84783998482684,2025,Siegenthaler-Hughes,NJD,pairing,5on5,23,1585.0,177.0,0.36,0.42,0.42,5.55,0.55,0.38,1.23,0.17,3.21,2.46,0.55,0.57,0.57,4.0,4.0,3.0,11.0,0.0,0.0,0.0,0.0,0.0,1.0,7.0,4.0,8.0,6.0,15.0,11.0,11.0,3.0,11.0,5.0,3.0,0.0,0.16,0.39,0.0,0.0,0.0,0.0,11.21,8.0,8.2,7.0,0.08,0.0,0.0,0.63,0.65,0.65,8.25,0.99,0.53,2.49,0.29,3.92,2.78,0.97,0.99,0.98,6.0,5.0,4.0,15.0,0.0,1.0,0.0,3.0,0.0,5.0,2.0,6.0,11.0,4.0,11.0,7.0,11.0,2.0,4.0,6.0,4.0,1.0,0.15,0.63,0.21,0.0,0.0,0.0,15.82,11.0,11.24,2.0,0.11,0.2,0.2,0.91,0.93,0.92
84800358482511,2025,Lohrei-Jokiharju,BOS,pairing,5on5,18,2425.0,137.0,0.18,0.38,0.33,12.7,0.55,0.7,3.05,0.37,6.99,5.35,0.55,0.55,0.55,10.0,7.0,11.0,28.0,1.0,0.0,0.0,4.0,0.0,7.0,5.0,9.0,16.0,4.0,11.0,8.0,14.0,4.0,6.0,15.0,2.0,0.0,0.33,0.22,0.0,0.0,1.0,0.0,27.83,17.0,17.05,5.0,0.14,0.0,0.0,0.69,0.69,0.69,25.73,2.52,1.63,6.25,0.87,12.97,9.77,2.38,2.5,2.36,22.0,12.0,11.0,45.0,1.0,5.0,0.0,5.0,0.0,9.0,14.0,21.0,33.0,3.0,9.0,18.0,22.0,5.0,9.0,24.0,6.0,4.0,0.77,0.78,0.96,1.0,0.0,0.0,44.87,34.0,33.98,2.0,0.34,0.93,0.93,1.93,1.9,1.85
84821058484321,2025,Sanderson-Matinpalo,OTT,pairing,5on5,17,717.0,147.0,0.72,0.65,0.57,5.79,0.47,0.41,1.31,0.2,3.17,2.44,0.45,0.47,0.46,4.0,4.0,7.0,15.0,0.0,1.0,0.0,1.0,0.0,2.0,4.0,4.0,8.0,1.0,2.0,1.0,5.0,0.0,1.0,6.0,2.0,0.0,0.22,0.24,0.0,0.0,0.0,0.0,15.37,8.0,7.8,1.0,0.08,0.13,0.13,0.42,0.42,0.42,4.23,0.18,0.24,1.0,0.14,2.47,1.97,0.18,0.18,0.18,5.0,1.0,2.0,8.0,0.0,0.0,0.0,1.0,0.0,1.0,4.0,5.0,6.0,2.0,4.0,0.0,5.0,1.0,2.0,6.0,0.0,0.0,0.18,0.0,0.0,0.0,0.0,0.0,8.09,6.0,6.19,0.0,0.05,0.0,0.0,0.23,0.24,0.24
84774998481546,2025,York-Ristolainen,PHI,pairing,5on5,5,1224.0,35.0,0.72,0.65,0.63,8.64,0.89,0.58,2.34,0.35,4.56,3.27,0.85,0.88,0.84,6.0,6.0,8.0,20.0,0.0,2.0,0.0,0.0,0.0,4.0,6.0,6.0,12.0,2.0,4.0,7.0,5.0,3.0,8.0,9.0,2.0,1.0,0.36,0.26,0.27,0.0,0.0,0.0,19.08,12.0,11.65,4.0,0.12,0.31,0.31,0.7,0.7,0.67,5.04,0.34,0.26,1.29,0.17,2.71,2.23,0.34,0.34,0.34,5.0,2.0,4.0,11.0,0.0,0.0,0.0,1.0,0.0,1.0,5.0,5.0,7.0,0.0,0.0,15.0,9.0,1.0,2.0,6.0,1.0,0.0,0.2,0.14,0.0,0.0,0.0,0.0,11.43,7.0,7.13,1.0,0.05,0.0,0.0,0.4,0.39,0.39
84799838484806,2025,Ferraro-Dickinson,SJS,pairing,5on5,19,1237.0,153.0,0.53,0.56,0.59,12.14,1.27,0.71,2.65,0.36,5.75,5.26,1.12,1.21,1.08,14.0,2.0,6.0,22.0,1.0,2.0,0.0,1.0,0.0,5.0,7.0,13.0,15.0,1.0,2.0,4.0,11.0,4.0,3.0,9.0,5.0,2.0,0.11,0.54,0.62,0.0,1.0,0.0,21.46,16.0,15.61,2.0,0.15,0.62,0.62,0.79,0.79,0.73,7.7,1.14,0.65,1.65,0.27,4.6,2.7,1.1,1.14,1.1,5.0,6.0,6.0,17.0,1.0,2.0,0.0,1.0,0.0,6.0,1.0,4.0,10.0,1.0,2.0,2.0,7.0,0.0,4.0,5.0,5.0,1.0,0.23,0.57,0.33,0.0,1.0,0.0,17.08,11.0,11.22,4.0,0.13,0.45,0.45,0.81,0.82,0.8
84764298485366,2025,Schaefer-Mayfield,NYI,pairing,5on5,39,12785.0,211.0,0.5,0.49,0.52,94.95,8.94,6.44,23.07,3.22,52.44,37.88,8.72,8.9,8.68,96.0,36.0,55.0,187.0,9.0,11.0,1.0,19.0,0.0,52.0,41.0,87.0,123.0,15.0,36.0,80.0,69.0,12.0,44.0,95.0,29.0,8.0,3.12,3.6,2.22,6.0,1.0,2.0,184.61,132.0,130.28,22.0,1.33,1.72,1.72,8.55,8.5,8.41,89.97,8.89,6.44,21.29,2.93,47.82,35.63,8.45,8.96,8.53,78.0,45.0,70.0,193.0,10.0,10.0,0.0,15.0,0.0,46.0,42.0,68.0,113.0,23.0,56.0,78.0,86.0,15.0,61.0,86.0,28.0,9.0,2.7,3.8,2.4,4.0,6.0,0.0,196.65,123.0,124.75,23.0,1.34,1.96,1.96,8.28,8.42,8.19
84764228484428,2025,Reilly-Legault,CAR,pairing,5on5,8,4465.0,28.0,0.51,0.55,0.55,38.53,2.8,2.27,10.79,1.29,20.16,14.69,2.72,2.9,2.83,31.0,21.0,21.0,73.0,1.0,2.0,0.0,7.0,0.0,26.0,16.0,30.0,51.0,5.0,10.0,38.0,25.0,7.0,22.0,42.0,7.0,3.0,1.17,0.82,0.81,1.0,0.0,0.0,76.0,52.0,54.0,8.0,0.47,0.6,0.6,2.67,2.79,2.73,31.06,2.69,1.91,7.86,1.03,16.27,12.23,2.59,2.59,2.5,28.0,14.0,18.0,60.0,1.0,3.0,0.0,4.0,0.0,10.0,24.0,27.0,41.0,4.0,8.0,46.0,42.0,10.0,17.0,29.0,11.0,2.0,0.82,1.31,0.56,0.0,1.0,0.0,57.49,42.0,40.68,11.0,0.39,0.67,0.67,2.42,2.33,2.27
84751818482861,2025,Leddy-Iorio,SJS,pairing,5on5,4,1671.0,23.0,0.58,0.55,0.52,12.52,1.5,0.87,2.75,0.39,6.53,4.95,1.48,1.48,1.46,14.0,3.0,9.0,26.0,1.0,1.0,0.0,3.0,0.0,8.0,4.0,13.0,16.0,0.0,0.0,12.0,9.0,1.0,10.0,8.0,7.0,2.0,0.19,0.86,0.46,0.0,1.0,0.0,25.0,17.0,16.5,4.0,0.18,0.23,0.23,1.46,1.44,1.42,12.22,1.1,0.8,2.83,0.38,6.37,4.52,1.07,1.11,1.09,10.0,6.0,5.0,21.0,2.0,1.0,1.0,1.0,0.0,4.0,8.0,8.0,14.0,0.0,0.0,12.0,5.0,2.0,7.0,11.0,4.0,1.0,0.39,0.49,0.22,1.0,0.0,1.0,21.47,16.0,16.44,5.0,0.17,0.22,0.22,1.05,1.06,1.06
847646884778398482157,2025,Sheary-Miller-Cuylle,NYR,line,5on5,10,3682.0,74.0,0.56,0.53,0.44,26.96,3.3,1.78,6.83,0.96,13.41,9.72,3.02,3.19,2.92,20.0,16.0,27.0,63.0,0.0,6.0,0.0,5.0,0.0,13.0,12.0,20.0,36.0,5.0,10.0,40.0,29.0,5.0,16.0,22.0,10.0,4.0,0.75,1.39,1.16,0.0,0.0,0.0,62.77,36.0,35.49,9.0,0.38,1.44,1.48,2.21,2.14,2.05,33.92,2.55,2.14,9.07,1.02,17.26,12.96,2.4,2.65,2.49,28.0,17.0,11.0,56.0,2.0,3.0,0.0,6.0,0.0,12.0,22.0,26.0,43.0,4.0,8.0,24.0,19.0,7.0,21.0,36.0,7.0,2.0,0.99,0.9,0.67,1.0,1.0,0.0,57.54,45.0,46.08,12.0,0.44,0.85,0.85,2.15,2.19,2.14
84769678481030,2025,Kulak-St. Ivany,PIT,pairing,5on5,6,2073.0,25.0,0.27,0.38,0.32,9.2,0.69,0.57,2.04,0.29,5.43,3.97,0.69,0.7,0.7,7.0,6.0,8.0,21.0,0.0,0.0,0.0,3.0,0.0,6.0,4.0,7.0,13.0,2.0,4.0,10.0,12.0,1.0,13.0,10.0,3.0,0.0,0.29,0.4,0.0,0.0,0.0,0.0,20.07,13.0,12.86,7.0,0.12,0.0,0.0,0.81,0.82,0.81,19.62,1.85,1.36,4.45,0.65,11.47,8.21,1.71,1.99,1.83,13.0,15.0,7.0,35.0,1.0,3.0,0.0,2.0,0.0,11.0,11.0,12.0,27.0,1.0,2.0,13.0,14.0,3.0,5.0,21.0,6.0,1.0,0.76,0.85,0.24,1.0,0.0,0.0,38.06,28.0,29.95,3.0,0.28,0.55,0.55,1.58,1.67,1.57
847415084763998484180,2025,Honzek-Backlund-Coleman,CGY,line,5on5,17,8922.0,41.0,0.59,0.57,0.58,83.8,7.15,5.53,21.44,2.94,45.36,33.57,7.02,7.13,7.01,81.0,35.0,39.0,155.0,8.0,6.0,0.0,17.0,0.0,46.0,39.0,73.0,108.0,16.0,38.0,107.0,68.0,10.0,47.0,86.0,23.0,7.0,2.03,3.06,2.06,4.0,2.0,2.0,155.51,116.0,115.91,20.0,1.15,1.25,1.25,7.05,7.09,7.01,62.24,4.88,3.86,17.48,2.13,31.11,23.54,4.76,4.83,4.71,59.0,24.0,35.0,118.0,8.0,5.0,0.0,13.0,0.0,26.0,31.0,51.0,75.0,14.0,36.0,91.0,59.0,16.0,46.0,58.0,22.0,3.0,1.25,2.8,0.83,1.0,5.0,2.0,116.26,83.0,81.78,23.0,0.82,0.73,0.78,4.92,4.89,4.81
84775048480049,2025,Morrissey-Samberg,WPG,pairing,5on5,18,967.0,160.0,0.64,0.6,0.62,9.56,1.01,0.61,2.11,0.31,4.8,4.16,0.99,0.96,0.95,9.0,4.0,5.0,18.0,1.0,1.0,0.0,4.0,0.0,1.0,6.0,8.0,12.0,2.0,7.0,2.0,5.0,2.0,1.0,10.0,2.0,1.0,0.41,0.2,0.4,0.0,1.0,0.0,17.37,13.0,12.66,0.0,0.13,0.4,0.4,0.74,0.72,0.72,6.08,0.57,0.4,1.28,0.18,3.36,2.21,0.56,0.57,0.56,4.0,4.0,4.0,12.0,1.0,0.0,0.0,1.0,0.0,3.0,3.0,3.0,7.0,1.0,5.0,0.0,2.0,0.0,4.0,5.0,2.0,1.0,0.12,0.25,0.2,0.0,0.0,1.0,11.86,8.0,7.78,1.0,0.08,0.0,0.0,0.65,0.65,0.64
84816098482511,2025,Lohrei-Kolyachonok,BOS,pairing,5on5,2,1035.0,6.0,0.35,0.26,0.24,5.02,0.4,0.27,1.36,0.17,2.71,2.09,0.38,0.42,0.4,5.0,2.0,2.0,9.0,0.0,0.0,0.0,1.0,0.0,4.0,2.0,5.0,7.0,1.0,2.0,14.0,9.0,3.0,11.0,4.0,3.0,0.0,0.1,0.3,0.0,0.0,0.0,0.0,9.58,7.0,7.36,6.0,0.06,0.0,0.0,0.45,0.48,0.46,15.2,0.74,0.9,4.36,0.52,8.92,6.56,0.73,0.74,0.73,13.0,9.0,3.0,25.0,0.0,1.0,0.0,3.0,0.0,11.0,7.0,13.0,22.0,1.0,2.0,6.0,12.0,2.0,2.0,20.0,2.0,0.0,0.46,0.28,0.0,0.0,0.0,0.0,25.51,22.0,22.3,2.0,0.18,0.19,0.19,0.73,0.74,0.73
84751678478416,2025,Hedman-Cernak,TBL,pairing,5on5,15,1171.0,120.0,0.17,0.16,0.18,4.54,0.36,0.37,1.07,0.13,2.28,1.79,0.35,0.38,0.38,3.0,3.0,1.0,7.0,2.0,1.0,0.0,0.0,0.0,1.0,2.0,1.0,4.0,3.0,6.0,1.0,9.0,0.0,6.0,4.0,2.0,0.0,0.11,0.25,0.0,1.0,1.0,0.0,7.23,6.0,6.18,2.0,0.07,0.1,0.1,0.33,0.35,0.35,19.21,1.74,1.25,4.81,0.71,11.31,8.17,1.71,1.79,1.76,18.0,10.0,10.0,38.0,0.0,2.0,0.0,6.0,0.0,11.0,9.0,18.0,28.0,4.0,8.0,6.0,5.0,2.0,3.0,21.0,5.0,2.0,0.67,0.61,0.47,0.0,0.0,0.0,38.44,28.0,28.43,1.0,0.25,0.28,0.28,1.72,1.77,1.75
848217584826998483431,2025,Peterka-Cooley-Guenther,UTA,line,5on5,16,8553.0,40.0,0.56,0.53,0.54,76.3,6.73,4.78,19.33,2.58,41.05,30.53,6.58,6.86,6.71,70.0,35.0,41.0,146.0,12.0,5.0,0.0,25.0,0.0,32.0,31.0,58.0,93.0,9.0,18.0,60.0,37.0,12.0,46.0,78.0,21.0,6.0,2.27,2.6,1.86,6.0,4.0,2.0,148.76,105.0,107.23,18.0,0.99,1.17,1.17,6.55,6.75,6.63,63.54,5.24,4.06,15.08,1.97,35.76,25.9,5.02,5.2,4.97,64.0,24.0,40.0,128.0,7.0,4.0,0.0,12.0,0.0,37.0,28.0,57.0,81.0,8.0,16.0,82.0,60.0,13.0,46.0,65.0,21.0,2.0,1.88,2.78,0.58,3.0,4.0,0.0,125.96,88.0,87.34,21.0,0.84,0.67,0.67,5.41,5.33,5.17
847515884768878484241,2025,Forsberg-O'Reilly-Wood,NSH,line,5on5,11,2194.0,103.0,0.46,0.45,0.42,19.73,2.49,1.47,4.93,0.63,9.68,6.8,2.34,2.39,2.25,24.0,2.0,10.0,36.0,4.0,4.0,1.0,4.0,0.0,6.0,8.0,20.0,22.0,3.0,6.0,18.0,13.0,7.0,8.0,16.0,5.0,5.0,0.38,0.6,1.51,1.0,2.0,1.0,35.1,26.0,25.53,3.0,0.31,1.28,1.28,1.52,1.47,1.44,25.91,2.97,1.97,6.42,0.91,13.64,10.09,2.81,3.12,2.95,18.0,18.0,8.0,44.0,0.0,2.0,0.0,9.0,0.0,9.0,16.0,18.0,36.0,1.0,2.0,19.0,15.0,2.0,15.0,24.0,8.0,4.0,0.69,1.05,1.23,0.0,0.0,0.0,45.27,36.0,37.06,5.0,0.42,0.66,0.66,2.73,2.84,2.66
84740908481161,2025,Smith-Christiansen,CBJ,pairing,5on5,3,1377.0,9.0,0.26,0.53,0.5,10.74,0.42,0.62,2.66,0.34,6.25,4.7,0.42,0.46,0.46,6.0,9.0,6.0,21.0,0.0,0.0,0.0,2.0,0.0,6.0,7.0,6.0,15.0,3.0,6.0,11.0,12.0,2.0,7.0,14.0,1.0,0.0,0.28,0.15,0.0,0.0,0.0,0.0,22.74,15.0,16.23,1.0,0.13,0.0,0.0,0.55,0.6,0.59,10.62,1.22,0.74,2.31,0.34,6.06,4.33,1.16,1.14,1.08,12.0,3.0,4.0,19.0,0.0,1.0,0.0,0.0,0.0,7.0,7.0,12.0,15.0,0.0,0.0,9.0,9.0,0.0,6.0,9.0,5.0,1.0,0.3,0.55,0.37,0.0,0.0,0.0,17.98,15.0,14.18,4.0,0.15,0.37,0.37,1.0,0.95,0.93
84804268482168,2025,D'Astous-Groshev,TBL,pairing,5on5,1,605.0,3.0,0.37,0.38,0.31,3.78,0.44,0.23,1.09,0.13,1.79,1.31,0.42,0.45,0.43,5.0,0.0,3.0,8.0,1.0,1.0,1.0,1.0,0.0,2.0,0.0,4.0,4.0,0.0,0.0,3.0,4.0,0.0,2.0,4.0,0.0,1.0,0.13,0.0,0.31,0.0,0.0,1.0,8.79,5.0,5.25,2.0,0.05,0.31,0.31,0.18,0.18,0.18,8.66,0.76,0.52,2.38,0.28,4.01,3.05,0.7,0.78,0.71,9.0,2.0,2.0,13.0,0.0,1.0,0.0,2.0,0.0,4.0,4.0,9.0,11.0,0.0,0.0,11.0,6.0,1.0,1.0,6.0,5.0,0.0,0.19,0.57,0.0,0.0,0.0,0.0,12.8,11.0,10.93,0.0,0.11,0.15,0.15,0.72,0.74,0.69
847931884827208484158,2025,Knies-Matthews-Cowan,TOR,line,5on5,10,3010.0,99.0,0.61,0.49,0.57,28.8,2.78,2.15,7.4,0.92,14.45,10.29,2.67,2.79,2.67,29.0,9.0,12.0,50.0,2.0,5.0,0.0,8.0,0.0,12.0,11.0,27.0,36.0,5.0,10.0,30.0,15.0,1.0,26.0,26.0,9.0,3.0,0.83,1.21,0.75,0.0,2.0,0.0,49.82,38.0,37.87,15.0,0.45,0.99,0.99,2.25,2.24,2.22,22.06,1.74,1.38,5.74,0.67,11.41,8.06,1.71,1.75,1.72,18.0,11.0,22.0,51.0,0.0,1.0,0.0,4.0,0.0,12.0,12.0,18.0,29.0,5.0,10.0,20.0,17.0,5.0,19.0,22.0,4.0,3.0,0.47,0.51,0.76,0.0,0.0,0.0,50.61,29.0,28.9,10.0,0.29,0.31,0.31,1.72,1.74,1.73
847517084793858482077,2025,Holloway-Schenn-Kyrou,STL,line,5on5,20,6337.0,113.0,0.59,0.54,0.5,47.08,5.53,3.29,11.13,1.53,24.42,18.09,5.29,5.48,5.24,45.0,19.0,35.0,99.0,5.0,9.0,0.0,9.0,0.0,22.0,19.0,40.0,59.0,1.0,2.0,57.0,59.0,7.0,27.0,42.0,13.0,9.0,1.27,1.94,2.32,2.0,3.0,0.0,96.11,64.0,62.74,14.0,0.7,1.76,1.76,4.47,4.38,4.32,47.29,3.83,2.77,10.79,1.43,25.51,19.68,3.77,3.97,3.91,49.0,15.0,21.0,85.0,8.0,2.0,1.0,9.0,0.0,23.0,22.0,41.0,56.0,7.0,14.0,46.0,41.0,11.0,35.0,50.0,10.0,4.0,1.3,1.3,1.22,3.0,3.0,2.0,88.13,64.0,65.53,16.0,0.57,0.69,0.69,3.7,3.85,3.84
84752008482166,2025,Orlov-Mukhamadullin,SJS,pairing,5on5,14,2615.0,106.0,0.62,0.56,0.52,18.57,2.39,1.34,4.81,0.69,9.84,6.94,2.22,2.37,2.2,16.0,10.0,13.0,39.0,4.0,4.0,1.0,3.0,0.0,6.0,9.0,12.0,22.0,5.0,13.0,16.0,17.0,2.0,11.0,14.0,8.0,4.0,0.41,0.91,1.07,1.0,2.0,1.0,39.45,26.0,26.22,6.0,0.28,1.04,1.04,1.64,1.62,1.6,17.35,1.46,1.22,4.14,0.58,9.56,7.04,1.46,1.47,1.47,18.0,6.0,7.0,31.0,3.0,0.0,0.0,0.0,0.0,10.0,11.0,15.0,21.0,5.0,13.0,22.0,19.0,1.0,8.0,18.0,5.0,1.0,0.57,0.65,0.24,1.0,2.0,0.0,30.64,24.0,23.89,3.0,0.25,0.0,0.0,1.71,1.73,1.73
847646184784398481533,2025,Zegras-Couturier-Konecny,PHI,line,5on5,12,868.0,135.0,0.46,0.63,0.5,4.51,0.41,0.3,1.08,0.13,2.38,1.71,0.41,0.42,0.42,4.0,2.0,9.0,15.0,1.0,0.0,0.0,2.0,0.0,1.0,2.0,3.0,5.0,0.0,0.0,4.0,4.0,0.0,2.0,4.0,2.0,0.0,0.12,0.28,0.0,0.0,1.0,0.0,14.63,6.0,5.93,2.0,0.06,0.0,0.0,0.47,0.48,0.48,4.49,0.48,0.33,1.05,0.13,2.31,1.69,0.48,0.5,0.5,3.0,3.0,3.0,9.0,0.0,0.0,0.0,1.0,0.0,1.0,4.0,3.0,6.0,0.0,0.0,2.0,4.0,2.0,3.0,4.0,1.0,1.0,0.12,0.14,0.22,0.0,0.0,0.0,9.69,6.0,6.33,0.0,0.07,0.0,0.0,0.55,0.57,0.57
84815258482073,2025,Robertson-Schneider,NYR,pairing,5on5,26,4198.0,162.0,0.49,0.52,0.51,26.65,1.97,1.54,6.92,0.84,15.77,10.96,1.95,1.9,1.89,18.0,20.0,21.0,59.0,2.0,1.0,0.0,7.0,0.0,16.0,12.0,16.0,36.0,4.0,8.0,15.0,31.0,9.0,17.0,30.0,7.0,1.0,0.67,0.98,0.32,2.0,0.0,0.0,55.89,38.0,36.31,9.0,0.31,0.32,0.32,1.96,1.89,1.88,26.6,2.01,1.65,7.15,0.88,13.9,10.39,1.97,2.07,2.03,22.0,14.0,18.0,54.0,2.0,5.0,1.0,2.0,0.0,12.0,15.0,20.0,34.0,4.0,6.0,18.0,27.0,5.0,17.0,28.0,6.0,2.0,0.81,0.67,0.53,1.0,0.0,1.0,57.49,36.0,37.91,8.0,0.34,0.62,0.62,1.73,1.8,1.79
84808078480839,2025,Dahlin-Samuelsson,BUF,pairing,5on5,33,23698.0,64.0,0.53,0.5,0.51,194.95,17.51,12.89,48.74,6.23,104.2,75.44,17.04,17.49,17.02,191.0,74.0,93.0,358.0,20.0,17.0,0.0,35.0,0.0,99.0,94.0,171.0,245.0,21.0,43.0,188.0,153.0,29.0,106.0,195.0,50.0,20.0,5.9,6.49,5.12,11.0,8.0,1.0,358.52,265.0,263.93,53.0,2.68,3.59,3.59,16.6,16.61,16.39,187.55,15.73,12.29,47.14,6.11,97.6,75.13,15.36,15.81,15.44,149.0,105.0,103.0,357.0,14.0,13.0,2.0,35.0,0.0,100.0,92.0,135.0,240.0,22.0,47.0,211.0,178.0,23.0,127.0,195.0,47.0,12.0,6.16,6.29,3.28,5.0,8.0,1.0,358.08,254.0,256.5,66.0,2.58,2.32,2.32,15.98,16.01,15.75
847639384801888482116,2025,Zetterlund-Sttzle-Cousins,OTT,line,5on5,9,688.0,149.0,0.42,0.45,0.35,4.58,0.31,0.23,0.97,0.13,2.38,1.98,0.31,0.3,0.3,3.0,3.0,4.0,10.0,0.0,0.0,0.0,1.0,0.0,3.0,2.0,3.0,6.0,1.0,2.0,3.0,10.0,0.0,6.0,4.0,2.0,0.0,0.07,0.24,0.0,0.0,0.0,0.0,9.77,6.0,5.93,3.0,0.05,0.0,0.0,0.36,0.34,0.34,8.21,0.43,0.62,2.14,0.24,4.51,3.06,0.4,0.43,0.4,3.0,8.0,1.0,12.0,0.0,1.0,0.0,1.0,0.0,4.0,5.0,3.0,11.0,1.0,2.0,8.0,3.0,0.0,6.0,9.0,2.0,0.0,0.21,0.22,0.0,0.0,0.0,0.0,11.75,11.0,10.76,2.0,0.12,0.12,0.12,0.44,0.44,0.42
84808718485366,2025,Schaefer-Boqvist,NYI,pairing,5on5,9,710.0,79.0,0.77,0.56,0.63,8.72,0.82,0.65,2.02,0.3,4.66,3.55,0.79,0.87,0.84,9.0,3.0,3.0,15.0,1.0,2.0,1.0,2.0,0.0,0.0,7.0,8.0,11.0,1.0,2.0,2.0,4.0,0.0,3.0,9.0,1.0,2.0,0.2,0.09,0.53,0.0,0.0,1.0,15.33,12.0,12.23,3.0,0.13,0.53,0.53,0.42,0.43,0.43,4.42,0.24,0.29,1.15,0.15,3.03,2.14,0.24,0.25,0.25,4.0,3.0,5.0,12.0,0.0,0.0,0.0,1.0,0.0,2.0,4.0,4.0,7.0,1.0,2.0,1.0,2.0,0.0,3.0,6.0,1.0,0.0,0.14,0.1,0.0,0.0,0.0,0.0,12.17,7.0,7.24,1.0,0.06,0.0,0.0,0.3,0.31,0.31
847796084821558483808,2025,Kuzmenko-Laferriere-Kempe,LAK,line,5on5,6,1344.0,32.0,0.24,0.33,0.28,5.17,0.48,0.31,1.07,0.14,2.79,2.22,0.48,0.49,0.49,6.0,1.0,6.0,13.0,2.0,0.0,0.0,0.0,0.0,3.0,2.0,4.0,5.0,4.0,8.0,6.0,11.0,4.0,10.0,4.0,3.0,0.0,0.11,0.36,0.0,0.0,2.0,0.0,12.83,7.0,7.23,5.0,0.06,0.0,0.0,0.54,0.56,0.56,13.82,1.48,0.83,3.77,0.43,6.59,4.91,1.43,1.54,1.5,11.0,7.0,8.0,26.0,1.0,1.0,0.0,4.0,0.0,9.0,3.0,10.0,17.0,1.0,4.0,21.0,8.0,2.0,5.0,10.0,6.0,2.0,0.29,0.71,0.48,0.0,1.0,0.0,27.3,18.0,19.27,3.0,0.17,0.25,0.25,1.4,1.45,1.4
847889184793378483464,2025,Appleton-Kasper-Debrincat,DET,line,5on5,8,3106.0,39.0,0.56,0.55,0.58,30.62,2.71,1.98,8.79,1.08,15.82,11.62,2.53,2.8,2.62,30.0,12.0,16.0,58.0,4.0,6.0,0.0,3.0,0.0,13.0,16.0,26.0,38.0,1.0,2.0,22.0,11.0,1.0,22.0,31.0,7.0,4.0,0.95,0.88,0.89,3.0,1.0,0.0,58.99,42.0,42.68,10.0,0.41,1.13,1.13,1.99,2.08,2.01,22.94,2.17,1.56,5.26,0.72,12.37,8.93,2.02,2.07,1.93,26.0,5.0,16.0,47.0,0.0,3.0,0.0,9.0,0.0,9.0,10.0,26.0,31.0,1.0,2.0,29.0,18.0,5.0,12.0,22.0,6.0,3.0,0.62,0.76,0.78,0.0,0.0,0.0,44.97,31.0,29.78,6.0,0.32,0.78,0.78,1.71,1.63,1.6
848164184829478483930,2025,Kiviranta-Bardakov-Ivan,COL,line,5on5,3,1203.0,12.0,0.75,0.5,0.54,9.6,0.91,0.71,2.85,0.36,5.44,3.73,0.9,0.93,0.93,10.0,4.0,5.0,19.0,1.0,2.0,0.0,2.0,0.0,3.0,6.0,9.0,13.0,1.0,2.0,10.0,5.0,0.0,5.0,11.0,2.0,1.0,0.31,0.35,0.25,0.0,0.0,1.0,20.49,14.0,14.49,2.0,0.15,0.23,0.23,0.83,0.86,0.85,8.6,0.31,0.49,2.13,0.27,5.18,3.61,0.31,0.3,0.3,7.0,5.0,7.0,19.0,0.0,1.0,0.0,1.0,0.0,6.0,4.0,7.0,12.0,0.0,0.0,10.0,10.0,2.0,4.0,12.0,0.0,0.0,0.31,0.0,0.0,0.0,0.0,0.0,17.54,12.0,11.54,3.0,0.1,0.02,0.02,0.39,0.38,0.37
84775418479442,2025,Mermis-Stecher,TOR,pairing,5on5,7,3215.0,33.0,0.66,0.54,0.55,24.35,2.23,1.61,5.58,0.76,13.27,9.56,2.18,2.28,2.23,21.0,12.0,16.0,49.0,1.0,2.0,0.0,5.0,0.0,11.0,14.0,20.0,32.0,3.0,6.0,20.0,27.0,2.0,19.0,25.0,6.0,2.0,0.89,0.81,0.53,1.0,0.0,0.0,49.61,33.0,33.4,8.0,0.33,0.38,0.38,2.19,2.25,2.23,19.34,1.16,1.29,4.47,0.59,11.32,8.17,1.16,1.16,1.16,17.0,10.0,15.0,42.0,2.0,0.0,0.0,5.0,0.0,11.0,9.0,15.0,25.0,2.0,6.0,19.0,33.0,6.0,14.0,24.0,3.0,0.0,0.81,0.35,0.0,2.0,0.0,0.0,41.89,27.0,26.94,8.0,0.26,0.0,0.0,1.43,1.42,1.42
847458684826658484800,2025,Beniers-Catton-Eberle,SEA,line,5on5,16,3984.0,140.0,0.42,0.49,0.5,28.04,1.97,1.69,8.66,0.96,15.01,10.71,1.97,1.97,1.96,24.0,15.0,17.0,56.0,2.0,0.0,0.0,3.0,0.0,14.0,20.0,22.0,37.0,3.0,9.0,33.0,15.0,10.0,19.0,33.0,5.0,1.0,1.04,0.72,0.22,1.0,1.0,0.0,55.04,39.0,38.87,8.0,0.36,0.0,0.0,2.33,2.33,2.32,28.86,2.68,1.75,7.23,0.87,15.21,11.26,2.65,2.77,2.75,26.0,13.0,20.0,59.0,2.0,2.0,1.0,5.0,0.0,10.0,20.0,24.0,37.0,6.0,15.0,34.0,35.0,6.0,23.0,30.0,5.0,4.0,0.68,0.6,1.39,0.0,1.0,1.0,61.79,39.0,40.65,10.0,0.36,0.77,0.77,2.27,2.37,2.35
84768758478851,2025,Matheson-Carrier,MTL,pairing,5on5,35,6498.0,207.0,0.54,0.53,0.54,62.67,6.33,4.2,15.28,2.19,33.73,25.27,5.99,6.48,6.13,54.0,33.0,36.0,123.0,6.0,7.0,0.0,13.0,0.0,38.0,23.0,48.0,81.0,9.0,18.0,53.0,34.0,12.0,23.0,60.0,20.0,7.0,1.89,2.5,1.94,3.0,1.0,2.0,124.96,87.0,88.45,14.0,0.87,1.38,1.38,5.82,5.94,5.75,55.3,5.4,3.6,13.71,1.91,28.07,21.31,5.13,5.34,5.07,40.0,34.0,34.0,108.0,5.0,10.0,2.0,3.0,0.0,22.0,34.0,35.0,69.0,5.0,10.0,51.0,52.0,3.0,23.0,51.0,15.0,8.0,1.51,1.71,2.18,0.0,3.0,2.0,107.57,74.0,73.16,14.0,0.75,1.8,1.8,4.35,4.31,4.21
847791984827518483570,2025,Meyers-Gaudreau-Winterton,SEA,line,5on5,3,658.0,23.0,0.69,0.5,0.42,3.74,0.37,0.26,0.92,0.12,2.04,1.29,0.37,0.35,0.35,2.0,3.0,5.0,10.0,0.0,0.0,0.0,0.0,0.0,2.0,3.0,2.0,5.0,2.0,4.0,7.0,4.0,0.0,2.0,3.0,2.0,0.0,0.15,0.22,0.0,0.0,0.0,0.0,9.48,5.0,4.75,0.0,0.06,0.0,0.0,0.43,0.4,0.4,5.2,0.17,0.21,1.28,0.14,2.74,2.46,0.16,0.17,0.17,5.0,2.0,3.0,10.0,1.0,0.0,0.0,1.0,0.0,1.0,4.0,4.0,6.0,1.0,2.0,5.0,2.0,1.0,5.0,7.0,0.0,0.0,0.17,0.0,0.0,1.0,0.0,0.0,10.26,7.0,7.15,3.0,0.04,0.0,0.0,0.21,0.21,0.21
847742584774978481716,2025,Wood-Monahan-Voronkov,CBJ,line,5on5,4,607.0,30.0,0.7,0.64,0.69,6.52,0.53,0.33,1.89,0.22,3.56,2.48,0.51,0.52,0.5,5.0,4.0,5.0,14.0,0.0,1.0,0.0,0.0,0.0,3.0,5.0,5.0,9.0,2.0,4.0,7.0,5.0,0.0,3.0,6.0,3.0,0.0,0.16,0.37,0.0,0.0,0.0,0.0,14.04,9.0,9.26,2.0,0.07,0.2,0.2,0.39,0.4,0.4,2.85,0.22,0.17,0.56,0.09,1.68,1.28,0.22,0.21,0.21,3.0,1.0,4.0,8.0,0.0,0.0,0.0,0.0,0.0,2.0,2.0,3.0,4.0,1.0,2.0,4.0,2.0,2.0,2.0,3.0,1.0,0.0,0.08,0.14,0.0,0.0,0.0,0.0,7.71,4.0,3.94,1.0,0.03,0.0,0.0,0.26,0.24,0.24
847687184810438484135,2025,Pearson-Ford-Koepke,WPG,line,5on5,4,873.0,25.0,0.43,0.5,0.53,7.0,0.66,0.47,1.77,0.21,3.43,2.46,0.66,0.69,0.69,7.0,2.0,3.0,12.0,0.0,0.0,0.0,1.0,0.0,2.0,6.0,7.0,9.0,1.0,2.0,7.0,14.0,2.0,3.0,6.0,2.0,1.0,0.17,0.28,0.21,0.0,0.0,0.0,12.76,9.0,9.44,1.0,0.1,0.0,0.0,0.76,0.79,0.79,6.53,0.87,0.45,1.41,0.18,2.93,2.16,0.84,0.83,0.8,5.0,3.0,4.0,12.0,1.0,1.0,0.0,1.0,0.0,2.0,3.0,4.0,7.0,1.0,2.0,6.0,6.0,1.0,3.0,4.0,2.0,2.0,0.05,0.32,0.5,0.0,0.0,1.0,11.51,8.0,7.77,3.0,0.1,0.2,0.2,0.76,0.74,0.73
84815938482964,2025,Struble-Xhekaj,MTL,pairing,5on5,20,2387.0,151.0,0.39,0.47,0.47,10.51,0.79,0.61,2.45,0.36,6.15,4.65,0.78,0.78,0.76,6.0,9.0,8.0,23.0,0.0,1.0,0.0,3.0,0.0,4.0,7.0,6.0,15.0,5.0,16.0,8.0,33.0,5.0,11.0,12.0,2.0,1.0,0.36,0.22,0.21,0.0,0.0,0.0,23.15,15.0,14.91,9.0,0.12,0.14,0.14,0.77,0.77,0.76,12.44,1.21,0.78,3.05,0.43,6.82,4.71,1.14,1.23,1.16,12.0,5.0,9.0,26.0,1.0,1.0,0.0,2.0,0.0,10.0,3.0,11.0,16.0,3.0,12.0,8.0,22.0,4.0,9.0,10.0,7.0,0.0,0.38,0.83,0.0,1.0,0.0,0.0,26.85,17.0,17.63,4.0,0.16,0.16,0.16,1.21,1.24,1.17
84815248482671,2025,Byram-Power,BUF,pairing,5on5,38,5547.0,250.0,0.55,0.55,0.53,53.8,5.07,3.42,13.15,1.69,28.06,21.6,4.81,5.09,4.83,54.0,19.0,30.0,103.0,5.0,7.0,0.0,11.0,0.0,26.0,24.0,49.0,68.0,3.0,6.0,20.0,31.0,5.0,20.0,53.0,13.0,7.0,1.39,1.57,2.11,3.0,2.0,0.0,101.46,73.0,72.66,10.0,0.71,1.82,1.82,3.96,4.0,3.93,48.1,4.22,2.96,11.7,1.53,26.05,18.54,4.07,4.25,4.1,40.0,25.0,18.0,83.0,1.0,4.0,0.0,14.0,0.0,20.0,26.0,39.0,64.0,4.0,8.0,22.0,23.0,6.0,24.0,47.0,12.0,6.0,1.36,1.26,1.6,1.0,0.0,0.0,83.36,65.0,65.61,14.0,0.61,0.93,0.93,3.9,3.93,3.89
84783998483495,2025,Siegenthaler-Nemec,NJD,pairing,5on5,24,8036.0,132.0,0.42,0.42,0.43,56.92,5.53,3.65,13.63,1.94,29.56,22.69,5.31,5.57,5.36,53.0,24.0,31.0,108.0,6.0,6.0,0.0,3.0,0.0,29.0,33.0,47.0,71.0,4.0,8.0,49.0,43.0,9.0,47.0,57.0,12.0,8.0,1.7,1.61,2.22,3.0,2.0,1.0,107.85,77.0,77.54,23.0,0.76,1.21,1.21,5.08,5.11,5.06,75.61,7.55,5.04,18.57,2.54,39.58,28.73,7.36,7.56,7.38,73.0,29.0,50.0,152.0,5.0,11.0,0.0,16.0,1.0,34.0,35.0,68.0,97.0,5.0,10.0,52.0,43.0,10.0,32.0,71.0,21.0,10.0,2.06,2.84,2.65,2.0,2.0,1.0,153.71,102.0,102.45,11.0,1.04,2.06,2.06,6.52,6.56,6.52
847846284815828482720,2025,Robertson-Roy-Knies,TOR,line,5on5,2,914.0,7.0,0.52,0.42,0.47,6.22,0.74,0.46,1.62,0.24,3.48,2.46,0.72,0.76,0.73,6.0,3.0,2.0,11.0,1.0,2.0,0.0,2.0,0.0,3.0,1.0,5.0,8.0,0.0,0.0,7.0,9.0,1.0,8.0,5.0,3.0,1.0,0.08,0.36,0.3,0.0,1.0,0.0,11.68,9.0,9.27,3.0,0.1,0.31,0.31,0.53,0.54,0.54,7.78,0.69,0.49,2.09,0.25,3.67,2.81,0.69,0.71,0.71,7.0,3.0,5.0,15.0,1.0,0.0,0.0,1.0,0.0,4.0,4.0,6.0,9.0,0.0,0.0,8.0,8.0,0.0,5.0,7.0,2.0,1.0,0.2,0.24,0.25,1.0,0.0,0.0,14.95,10.0,9.91,2.0,0.11,0.0,0.0,0.8,0.82,0.82
84763128482470,2025,Solovyov-Manson,COL,pairing,5on5,6,653.0,41.0,0.77,0.57,0.65,8.35,0.99,0.54,2.49,0.31,3.91,2.76,0.91,1.02,0.94,9.0,2.0,1.0,12.0,1.0,2.0,1.0,2.0,0.0,2.0,4.0,8.0,10.0,1.0,2.0,4.0,2.0,2.0,4.0,7.0,2.0,2.0,0.2,0.3,0.49,0.0,0.0,1.0,12.83,11.0,11.71,3.0,0.12,0.45,0.45,0.67,0.69,0.68,4.32,0.29,0.21,1.25,0.15,2.32,1.77,0.29,0.27,0.27,5.0,1.0,3.0,9.0,0.0,0.0,0.0,2.0,0.0,3.0,1.0,5.0,6.0,1.0,2.0,2.0,9.0,2.0,2.0,5.0,0.0,1.0,0.09,0.0,0.2,0.0,0.0,0.0,8.82,6.0,5.8,1.0,0.04,0.0,0.0,0.34,0.31,0.31
84764638478136,2025,Brodin-Middleton,MIN,pairing,5on5,28,2409.0,171.0,0.7,0.41,0.5,18.22,2.21,1.29,4.37,0.59,8.52,7.01,2.21,2.25,2.25,17.0,7.0,9.0,33.0,5.0,2.0,0.0,2.0,0.0,9.0,6.0,12.0,19.0,0.0,0.0,8.0,18.0,2.0,6.0,15.0,5.0,4.0,0.4,0.73,1.08,2.0,2.0,1.0,33.95,24.0,24.66,2.0,0.28,0.24,0.24,2.25,2.31,2.31,16.66,0.93,0.97,4.04,0.57,10.18,7.31,0.91,0.92,0.9,16.0,8.0,23.0,47.0,2.0,0.0,0.0,7.0,0.0,7.0,8.0,14.0,22.0,1.0,2.0,12.0,9.0,1.0,15.0,22.0,2.0,0.0,0.63,0.31,0.0,1.0,1.0,0.0,45.96,24.0,23.34,8.0,0.2,0.0,0.0,1.13,1.11,1.09
847637484795918481556,2025,Eyssimont-Kuraly-Beecher,BOS,line,5on5,3,1292.0,12.0,0.4,0.51,0.44,7.37,0.53,0.55,1.87,0.28,4.52,3.25,0.52,0.52,0.52,7.0,4.0,10.0,21.0,0.0,0.0,0.0,1.0,0.0,3.0,7.0,7.0,11.0,4.0,8.0,9.0,10.0,2.0,1.0,8.0,3.0,0.0,0.18,0.35,0.0,0.0,0.0,0.0,20.42,11.0,10.74,0.0,0.12,0.0,0.0,0.65,0.64,0.63,9.97,0.78,0.6,2.96,0.35,5.4,3.92,0.77,0.77,0.77,10.0,4.0,6.0,20.0,1.0,2.0,0.0,1.0,0.0,4.0,6.0,9.0,13.0,3.0,6.0,8.0,6.0,3.0,2.0,11.0,2.0,1.0,0.2,0.28,0.31,1.0,0.0,0.0,20.04,14.0,14.1,0.0,0.12,0.32,0.32,0.59,0.58,0.57
84768918481806,2025,Grzelcyk-Crevier,CHI,pairing,5on5,32,3631.0,286.0,0.67,0.65,0.66,42.85,4.24,2.75,12.83,1.47,20.27,14.44,4.03,4.36,4.14,39.0,17.0,18.0,74.0,5.0,10.0,1.0,8.0,0.0,16.0,17.0,34.0,51.0,1.0,2.0,27.0,17.0,7.0,20.0,39.0,10.0,7.0,1.01,1.33,1.91,2.0,1.0,2.0,74.86,56.0,57.23,8.0,0.58,1.59,1.63,3.19,3.22,3.16,21.6,2.13,1.5,4.74,0.65,11.7,8.27,2.07,2.15,2.09,19.0,10.0,10.0,39.0,1.0,2.0,0.0,6.0,0.0,6.0,14.0,18.0,28.0,2.0,4.0,25.0,31.0,2.0,20.0,22.0,4.0,3.0,0.78,0.57,0.78,0.0,1.0,0.0,40.04,29.0,29.61,12.0,0.31,0.55,0.55,1.9,1.92,1.91
847418984763938478020,2025,Cousins-Eller-Amadio,OTT,line,5on5,8,739.0,76.0,0.29,0.31,0.33,2.07,0.16,0.13,0.58,0.07,1.16,0.9,0.16,0.15,0.15,2.0,1.0,2.0,5.0,0.0,0.0,0.0,1.0,0.0,2.0,0.0,2.0,3.0,0.0,0.0,7.0,15.0,4.0,4.0,2.0,1.0,0.0,0.04,0.12,0.0,0.0,0.0,0.0,4.63,3.0,2.88,1.0,0.03,0.0,0.0,0.18,0.18,0.18,4.27,0.39,0.25,1.28,0.18,2.17,1.74,0.37,0.42,0.4,5.0,1.0,5.0,11.0,1.0,1.0,0.0,1.0,0.0,3.0,0.0,4.0,5.0,0.0,0.0,3.0,14.0,1.0,3.0,5.0,0.0,1.0,0.14,0.0,0.25,1.0,0.0,0.0,10.96,6.0,6.2,1.0,0.05,0.05,0.05,0.39,0.42,0.41
847745084779878482703,2025,Donato-Dickinson-Dach,CHI,line,5on5,10,1500.0,78.0,0.17,0.26,0.19,4.71,0.35,0.21,1.36,0.14,2.25,1.67,0.35,0.35,0.35,2.0,4.0,4.0,10.0,0.0,1.0,0.0,1.0,0.0,2.0,2.0,2.0,6.0,4.0,8.0,8.0,22.0,3.0,10.0,5.0,0.0,1.0,0.13,0.0,0.23,0.0,0.0,0.0,9.98,6.0,5.96,7.0,0.04,0.23,0.23,0.17,0.17,0.17,18.03,1.75,1.21,4.79,0.6,10.12,6.53,1.65,1.69,1.59,12.0,13.0,3.0,28.0,2.0,2.0,0.0,2.0,0.0,15.0,4.0,10.0,23.0,1.0,2.0,15.0,11.0,1.0,8.0,18.0,5.0,2.0,0.4,0.68,0.68,2.0,0.0,0.0,27.04,25.0,24.43,3.0,0.26,0.68,0.68,1.33,1.3,1.29
847744684820628482103,2025,Wiesblatt-Mccarron-Smith,NSH,line,5on5,10,4560.0,23.0,0.64,0.58,0.59,39.27,3.61,2.79,10.32,1.36,20.84,15.09,3.51,3.57,3.48,35.0,19.0,22.0,76.0,4.0,6.0,1.0,8.0,0.0,20.0,16.0,31.0,50.0,6.0,18.0,47.0,63.0,4.0,18.0,37.0,14.0,3.0,1.08,1.73,0.8,1.0,2.0,1.0,74.16,54.0,52.91,7.0,0.58,0.84,0.84,3.35,3.3,3.26,27.68,2.01,1.71,7.1,0.92,15.15,11.12,1.99,2.1,2.08,25.0,13.0,18.0,56.0,4.0,1.0,1.0,5.0,0.0,13.0,15.0,21.0,34.0,4.0,14.0,43.0,35.0,6.0,14.0,30.0,7.0,1.0,0.79,0.86,0.36,2.0,1.0,1.0,57.81,38.0,39.29,5.0,0.35,0.36,0.36,2.0,2.06,2.05
847744484827038484144,2025,Burakovsky-Bedard-Dach,CHI,line,5on5,13,2896.0,125.0,0.21,0.41,0.38,17.84,0.98,1.11,4.49,0.58,10.42,7.42,0.94,1.01,0.97,17.0,8.0,8.0,33.0,1.0,2.0,0.0,5.0,0.0,7.0,10.0,16.0,24.0,2.0,4.0,17.0,35.0,9.0,14.0,21.0,4.0,0.0,0.55,0.43,0.0,1.0,0.0,0.0,33.56,25.0,25.38,7.0,0.22,0.18,0.18,1.02,1.06,1.01,31.2,3.71,2.16,7.33,0.93,15.42,11.44,3.5,3.58,3.38,27.0,14.0,7.0,48.0,2.0,3.0,1.0,6.0,0.0,16.0,14.0,25.0,39.0,6.0,12.0,21.0,20.0,1.0,19.0,23.0,13.0,5.0,0.56,1.76,1.39,0.0,1.0,1.0,47.22,41.0,39.98,8.0,0.45,0.83,0.83,3.33,3.25,3.17
847793484779538481617,2025,Podkolzin-Draisaitl-Kapanen,EDM,line,5on5,2,780.0,9.0,0.27,0.33,0.41,5.3,0.2,0.28,1.24,0.14,2.61,2.54,0.2,0.21,0.21,7.0,0.0,2.0,9.0,0.0,0.0,0.0,1.0,0.0,1.0,5.0,7.0,7.0,0.0,0.0,8.0,7.0,0.0,6.0,7.0,0.0,0.0,0.2,0.0,0.0,0.0,0.0,0.0,9.19,7.0,7.08,3.0,0.06,0.0,0.0,0.26,0.27,0.27,7.23,0.53,0.41,1.95,0.23,4.11,2.77,0.53,0.52,0.52,7.0,3.0,8.0,18.0,0.0,0.0,0.0,0.0,0.0,8.0,2.0,7.0,10.0,1.0,2.0,5.0,5.0,2.0,1.0,7.0,3.0,0.0,0.14,0.39,0.0,0.0,0.0,0.0,18.2,10.0,10.08,1.0,0.09,0.0,0.0,0.62,0.61,0.6
847522084757658478493,2025,Foligno-Eriksson Ek-Tarasenko,MIN,line,5on5,3,1061.0,29.0,0.38,0.59,0.67,8.98,0.25,0.43,2.76,0.32,4.64,3.6,0.24,0.24,0.23,9.0,3.0,8.0,20.0,0.0,1.0,0.0,1.0,0.0,6.0,4.0,9.0,12.0,1.0,2.0,8.0,5.0,2.0,2.0,11.0,1.0,0.0,0.14,0.1,0.0,0.0,0.0,0.0,21.42,12.0,12.2,1.0,0.09,0.03,0.03,0.31,0.3,0.29,3.87,0.4,0.32,0.91,0.16,2.5,1.7,0.4,0.38,0.38,4.0,2.0,8.0,14.0,0.0,0.0,0.0,1.0,0.0,3.0,2.0,4.0,6.0,2.0,4.0,15.0,9.0,1.0,6.0,4.0,1.0,1.0,0.08,0.09,0.23,0.0,0.0,0.0,13.72,6.0,5.65,3.0,0.07,0.0,0.0,0.47,0.45,0.44
847403784774298483464,2025,Van Riemsdyk-Copp-Kasper,DET,line,5on5,4,713.0,40.0,0.35,0.51,0.42,7.35,0.56,0.46,1.71,0.23,4.1,2.94,0.55,0.51,0.5,8.0,2.0,9.0,19.0,0.0,0.0,0.0,2.0,0.0,5.0,3.0,8.0,10.0,1.0,5.0,8.0,9.0,0.0,3.0,9.0,0.0,1.0,0.34,0.0,0.22,0.0,0.0,0.0,17.09,10.0,9.04,1.0,0.1,0.0,0.0,0.66,0.6,0.58,10.57,1.06,0.75,2.5,0.32,5.4,3.98,0.96,1.18,1.07,10.0,4.0,4.0,18.0,2.0,2.0,0.0,3.0,0.0,3.0,4.0,8.0,12.0,1.0,5.0,2.0,5.0,0.0,2.0,10.0,1.0,3.0,0.23,0.1,0.72,1.0,1.0,0.0,20.2,14.0,15.57,0.0,0.15,0.52,0.52,0.7,0.77,0.72
847796484784038478483,2025,Barbashev-Eichel-Marner,VGK,line,5on5,15,5032.0,72.0,0.54,0.53,0.59,55.73,4.9,3.42,13.57,1.83,29.79,23.49,4.71,4.82,4.63,52.0,25.0,20.0,97.0,7.0,5.0,1.0,3.0,0.0,27.0,35.0,45.0,70.0,3.0,6.0,35.0,28.0,11.0,29.0,53.0,23.0,1.0,1.57,3.07,0.25,2.0,5.0,0.0,95.35,77.0,75.6,9.0,0.71,0.69,0.69,4.91,4.81,4.68,39.86,4.1,2.48,9.68,1.26,20.69,15.78,4.0,4.15,4.04,31.0,23.0,31.0,85.0,1.0,4.0,0.0,8.0,0.0,26.0,15.0,30.0,53.0,4.0,8.0,39.0,29.0,9.0,19.0,39.0,12.0,3.0,1.06,1.68,1.36,0.0,0.0,1.0,87.5,54.0,55.11,9.0,0.51,1.23,1.23,3.39,3.46,3.4
847398684800688481754,2025,Killorn-Poehling-Nesterenko,ANA,line,5on5,10,4373.0,49.0,0.56,0.46,0.48,35.63,3.32,2.2,8.98,1.19,17.98,13.33,3.21,3.35,3.23,26.0,21.0,25.0,72.0,2.0,4.0,1.0,4.0,0.0,16.0,21.0,24.0,45.0,5.0,10.0,38.0,24.0,4.0,18.0,35.0,7.0,5.0,1.03,0.98,1.31,0.0,2.0,0.0,73.72,47.0,47.53,10.0,0.46,0.62,0.62,3.16,3.23,3.17,36.44,2.66,2.18,9.6,1.16,19.78,14.63,2.57,2.62,2.53,31.0,19.0,33.0,83.0,2.0,1.0,0.0,4.0,0.0,21.0,22.0,29.0,48.0,4.0,8.0,42.0,36.0,5.0,14.0,41.0,8.0,1.0,1.3,0.91,0.45,1.0,0.0,1.0,81.29,50.0,49.2,3.0,0.45,0.03,0.03,3.08,3.04,2.94
847627884774548484829,2025,Erne-Blackwell-Hryckowian,DAL,line,5on5,6,609.0,67.0,0.39,0.57,0.5,4.03,0.43,0.26,1.1,0.16,2.13,1.92,0.43,0.45,0.44,4.0,2.0,2.0,8.0,0.0,1.0,0.0,1.0,0.0,2.0,2.0,4.0,6.0,1.0,2.0,6.0,13.0,0.0,5.0,5.0,0.0,1.0,0.06,0.0,0.37,0.0,0.0,0.0,8.03,6.0,5.94,2.0,0.05,0.37,0.37,0.12,0.12,0.12,4.77,0.68,0.34,0.98,0.15,2.21,1.62,0.61,0.69,0.61,2.0,4.0,0.0,6.0,1.0,1.0,0.0,0.0,0.0,1.0,3.0,1.0,5.0,2.0,4.0,0.0,5.0,2.0,10.0,3.0,2.0,1.0,0.18,0.24,0.26,1.0,0.0,0.0,6.1,6.0,6.02,4.0,0.07,0.26,0.26,0.49,0.5,0.48
847997784808498482699,2025,Guenther-Hayton-Yamamoto,UTA,line,5on5,5,872.0,34.0,0.54,0.61,0.6,8.49,0.67,0.56,1.94,0.26,5.07,3.5,0.67,0.66,0.66,8.0,4.0,5.0,17.0,0.0,1.0,0.0,5.0,0.0,2.0,4.0,8.0,12.0,1.0,2.0,7.0,4.0,2.0,4.0,9.0,3.0,0.0,0.26,0.41,0.0,0.0,0.0,0.0,16.1,12.0,11.5,0.0,0.11,0.12,0.12,0.67,0.65,0.65,5.68,0.56,0.32,1.55,0.19,3.23,2.15,0.54,0.57,0.55,6.0,2.0,3.0,11.0,1.0,1.0,0.0,2.0,0.0,1.0,3.0,5.0,7.0,1.0,2.0,10.0,5.0,1.0,5.0,6.0,1.0,1.0,0.14,0.1,0.32,1.0,0.0,0.0,11.57,8.0,8.29,3.0,0.07,0.32,0.32,0.31,0.31,0.31
848044884808358481641,2025,Kiviranta-Drury-Kelly,COL,line,5on5,17,3500.0,115.0,0.54,0.61,0.57,31.75,2.11,1.85,7.85,0.99,18.87,13.33,2.04,2.17,2.11,24.0,21.0,21.0,66.0,1.0,1.0,0.0,7.0,0.0,22.0,14.0,23.0,44.0,3.0,6.0,43.0,26.0,6.0,13.0,37.0,5.0,3.0,0.79,0.7,0.62,1.0,0.0,0.0,68.43,45.0,46.46,9.0,0.38,0.2,0.2,2.28,2.34,2.27,24.34,1.81,1.58,6.05,0.8,13.57,10.18,1.77,1.77,1.73,24.0,10.0,9.0,43.0,2.0,1.0,0.0,5.0,0.0,16.0,10.0,22.0,32.0,2.0,4.0,20.0,24.0,2.0,14.0,27.0,5.0,2.0,0.73,0.6,0.49,1.0,0.0,1.0,41.71,34.0,33.02,9.0,0.33,0.15,0.15,1.99,1.94,1.89
847646184815538484387,2025,Michkov-Couturier-Brink,PHI,line,5on5,16,5835.0,89.0,0.42,0.54,0.53,49.95,3.83,3.19,12.35,1.63,29.22,20.78,3.72,4.01,3.9,52.0,19.0,27.0,98.0,5.0,4.0,0.0,11.0,0.0,24.0,27.0,47.0,66.0,7.0,16.0,44.0,32.0,14.0,28.0,56.0,12.0,3.0,1.62,1.36,0.84,2.0,3.0,0.0,100.83,71.0,72.52,16.0,0.65,0.79,0.84,3.65,3.78,3.72,46.01,5.39,3.17,11.12,1.56,24.25,17.57,5.17,5.3,5.09,45.0,19.0,18.0,82.0,6.0,8.0,0.0,7.0,0.0,28.0,15.0,39.0,58.0,8.0,16.0,48.0,45.0,11.0,30.0,39.0,19.0,6.0,1.34,2.41,1.64,2.0,3.0,1.0,81.71,64.0,63.97,14.0,0.66,1.56,1.56,4.43,4.42,4.3
848084884822068484911,2025,Graf-Dellandrea-Cardwell,SJS,line,5on5,3,621.0,24.0,0.19,0.55,0.4,2.89,0.08,0.11,0.8,0.11,1.59,1.3,0.08,0.08,0.08,3.0,1.0,7.0,11.0,0.0,0.0,0.0,1.0,0.0,2.0,1.0,3.0,4.0,0.0,0.0,2.0,6.0,1.0,2.0,4.0,0.0,0.0,0.08,0.0,0.0,0.0,0.0,0.0,11.04,4.0,4.06,0.0,0.02,0.0,0.0,0.1,0.1,0.1,4.67,0.33,0.32,1.35,0.16,2.23,1.6,0.32,0.35,0.34,4.0,2.0,3.0,9.0,0.0,1.0,0.0,1.0,0.0,1.0,3.0,4.0,6.0,0.0,0.0,4.0,2.0,0.0,2.0,4.0,2.0,0.0,0.11,0.22,0.0,0.0,0.0,0.0,9.43,6.0,6.25,1.0,0.07,0.14,0.14,0.26,0.28,0.28
847643284827058484166,2025,Jenner-Fantilli-Sillinger,CBJ,line,5on5,6,1624.0,48.0,0.44,0.47,0.43,13.79,1.22,0.98,3.41,0.5,7.83,6.06,1.21,1.26,1.25,12.0,8.0,13.0,33.0,2.0,1.0,0.0,4.0,0.0,8.0,5.0,10.0,18.0,4.0,8.0,16.0,10.0,4.0,8.0,15.0,3.0,2.0,0.43,0.35,0.44,2.0,0.0,0.0,34.2,20.0,20.57,6.0,0.21,0.23,0.23,1.2,1.26,1.26,20.11,1.58,1.26,5.27,0.69,10.47,7.73,1.54,1.57,1.53,21.0,6.0,10.0,37.0,2.0,2.0,0.0,5.0,0.0,13.0,5.0,19.0,25.0,3.0,6.0,14.0,10.0,1.0,7.0,21.0,5.0,1.0,0.52,0.72,0.34,2.0,0.0,0.0,37.24,27.0,27.1,4.0,0.26,0.49,0.49,1.35,1.35,1.31
847744684780478482103,2025,Bunting-Mccarron-Wiesblatt,NSH,line,5on5,10,1776.0,97.0,0.5,0.53,0.44,12.59,1.81,0.72,3.61,0.42,5.31,4.13,1.74,1.87,1.8,12.0,4.0,12.0,28.0,1.0,4.0,1.0,0.0,0.0,7.0,4.0,11.0,15.0,5.0,13.0,23.0,23.0,4.0,5.0,10.0,2.0,4.0,0.29,0.19,1.33,1.0,0.0,0.0,28.28,16.0,16.3,2.0,0.16,1.17,1.17,0.79,0.83,0.82,13.41,1.79,1.09,3.62,0.58,7.46,5.46,1.55,1.88,1.61,13.0,7.0,5.0,25.0,2.0,3.0,1.0,3.0,0.0,8.0,4.0,11.0,18.0,4.0,11.0,18.0,17.0,1.0,8.0,13.0,5.0,2.0,0.33,0.6,0.86,2.0,0.0,0.0,25.5,20.0,20.77,5.0,0.23,0.87,0.87,1.16,1.17,1.14
84773468480860,2025,Bahl-Weegar,CGY,pairing,5on5,34,2818.0,193.0,0.48,0.52,0.54,27.79,2.16,1.72,6.51,0.9,14.58,12.13,2.09,2.15,2.08,26.0,12.0,11.0,49.0,2.0,2.0,1.0,7.0,0.0,11.0,16.0,24.0,36.0,2.0,4.0,8.0,21.0,1.0,17.0,30.0,5.0,3.0,0.8,0.64,0.72,1.0,0.0,1.0,47.94,38.0,37.53,9.0,0.36,0.24,0.24,2.27,2.26,2.22,23.59,2.36,1.6,5.91,0.92,12.31,9.9,2.31,2.38,2.33,22.0,11.0,13.0,46.0,1.0,5.0,0.0,2.0,0.0,8.0,17.0,21.0,32.0,3.0,6.0,4.0,11.0,2.0,10.0,22.0,9.0,2.0,0.72,1.11,0.52,0.0,1.0,0.0,46.28,33.0,33.21,6.0,0.33,0.71,0.71,1.98,2.01,1.99
847578684764548478402,2025,Hyman-Mcdavid-Nugent-Hopkins,EDM,line,5on5,15,8766.0,36.0,0.66,0.57,0.56,99.19,12.51,7.72,21.78,3.28,50.19,36.52,11.28,12.58,11.37,92.0,40.0,36.0,168.0,10.0,16.0,2.0,16.0,0.0,41.0,49.0,82.0,122.0,10.0,25.0,63.0,21.0,9.0,39.0,80.0,33.0,19.0,2.43,4.21,5.88,3.0,4.0,3.0,172.97,132.0,134.03,16.0,1.63,4.98,4.8,9.34,9.49,9.2,73.47,6.34,4.91,17.65,2.41,40.97,29.71,6.14,6.21,6.01,67.0,35.0,23.0,125.0,5.0,7.0,2.0,11.0,0.0,40.0,39.0,62.0,97.0,13.0,29.0,60.0,46.0,10.0,43.0,75.0,23.0,4.0,2.29,2.97,1.09,3.0,0.0,2.0,121.41,102.0,100.24,20.0,1.02,1.11,1.11,6.26,6.14,6.05
847517284764568480028,2025,Huberdeau-Kadri-Frost,CGY,line,5on5,7,2580.0,48.0,0.54,0.53,0.48,19.23,1.53,1.28,4.96,0.61,10.42,7.21,1.49,1.58,1.55,19.0,7.0,12.0,38.0,4.0,3.0,0.0,6.0,0.0,5.0,8.0,15.0,22.0,2.0,4.0,21.0,13.0,1.0,15.0,21.0,4.0,1.0,0.61,0.47,0.45,3.0,1.0,0.0,39.38,26.0,27.17,11.0,0.27,0.58,0.58,1.22,1.27,1.25,20.23,1.32,1.28,4.99,0.64,11.12,8.65,1.32,1.27,1.26,16.0,12.0,6.0,34.0,0.0,1.0,0.0,3.0,0.0,9.0,15.0,16.0,28.0,4.0,8.0,33.0,10.0,4.0,9.0,22.0,6.0,0.0,0.74,0.58,0.0,0.0,0.0,0.0,32.7,28.0,26.96,4.0,0.26,0.07,0.07,1.51,1.45,1.45
847464184782338479365,2025,Mangiapane-Henrique-Frederic,EDM,line,5on5,5,807.0,62.0,0.4,0.57,0.53,6.84,0.43,0.35,2.04,0.24,3.24,2.7,0.41,0.46,0.44,7.0,2.0,8.0,17.0,0.0,2.0,0.0,1.0,0.0,5.0,1.0,7.0,9.0,0.0,0.0,4.0,8.0,0.0,6.0,8.0,1.0,0.0,0.24,0.19,0.0,0.0,0.0,0.0,17.44,9.0,9.43,4.0,0.07,0.22,0.22,0.28,0.3,0.29,5.96,0.64,0.43,1.39,0.18,3.33,2.04,0.64,0.61,0.61,5.0,3.0,5.0,13.0,2.0,0.0,0.0,1.0,0.0,1.0,4.0,3.0,6.0,0.0,0.0,7.0,1.0,4.0,4.0,5.0,3.0,0.0,0.22,0.42,0.0,1.0,1.0,0.0,12.56,8.0,7.69,2.0,0.09,0.0,0.0,0.73,0.7,0.7
84772208480084,2025,Schmidt-Desimone,UTA,pairing,5on5,14,1219.0,119.0,0.62,0.45,0.52,9.46,0.86,0.49,2.14,0.28,4.52,3.7,0.86,0.86,0.86,8.0,4.0,2.0,14.0,2.0,0.0,0.0,3.0,0.0,3.0,4.0,6.0,10.0,0.0,0.0,7.0,10.0,0.0,8.0,8.0,3.0,1.0,0.2,0.41,0.25,2.0,0.0,0.0,13.84,12.0,11.81,4.0,0.1,0.0,0.0,0.97,0.96,0.96,8.28,0.53,0.51,2.08,0.26,4.28,3.34,0.53,0.54,0.54,8.0,3.0,6.0,17.0,0.0,1.0,0.0,3.0,0.0,0.0,7.0,8.0,11.0,0.0,0.0,7.0,6.0,2.0,6.0,9.0,2.0,0.0,0.25,0.28,0.0,0.0,0.0,0.0,17.07,11.0,11.03,2.0,0.1,0.16,0.16,0.47,0.47,0.47
847840284784588483512,2025,Roslovic-Mcdavid-Savoie,EDM,line,5on5,8,1386.0,88.0,0.4,0.52,0.48,18.13,2.41,1.25,4.17,0.56,9.09,6.51,1.83,2.48,1.84,13.0,11.0,8.0,32.0,3.0,4.0,1.0,3.0,0.0,7.0,7.0,10.0,21.0,2.0,4.0,9.0,3.0,4.0,5.0,13.0,7.0,4.0,0.36,0.89,1.17,2.0,0.0,1.0,32.19,24.0,24.42,2.0,0.27,1.17,1.17,1.52,1.52,1.38,20.52,3.62,1.5,4.65,0.64,9.29,6.3,3.32,3.56,3.28,16.0,10.0,3.0,29.0,3.0,6.0,3.0,1.0,0.0,4.0,12.0,13.0,23.0,0.0,0.0,12.0,9.0,1.0,5.0,14.0,6.0,6.0,0.5,0.85,2.27,0.0,0.0,3.0,28.04,26.0,25.19,4.0,0.32,2.23,2.23,1.71,1.65,1.6
84768548481219,2025,Lindholm-Aspirot,BOS,pairing,5on5,14,2175.0,127.0,0.55,0.6,0.54,15.1,1.88,0.95,3.73,0.48,7.28,5.68,1.78,2.01,1.9,16.0,4.0,12.0,32.0,2.0,3.0,1.0,2.0,0.0,5.0,8.0,14.0,18.0,6.0,15.0,13.0,18.0,5.0,7.0,13.0,4.0,3.0,0.28,0.62,0.98,1.0,0.0,1.0,33.94,20.0,20.96,4.0,0.2,0.98,0.98,1.1,1.16,1.15,12.58,1.54,0.95,2.56,0.39,6.82,4.74,1.48,1.43,1.37,10.0,7.0,4.0,21.0,0.0,2.0,0.0,2.0,0.0,7.0,6.0,10.0,17.0,3.0,9.0,13.0,14.0,5.0,13.0,9.0,7.0,1.0,0.27,1.02,0.24,0.0,0.0,0.0,20.03,17.0,16.19,6.0,0.2,0.36,0.36,1.38,1.28,1.24
847516684822598484158,2025,Mcmann-Tavares-Cowan,TOR,line,5on5,7,1317.0,59.0,0.51,0.62,0.55,18.09,1.44,1.07,4.54,0.6,9.12,7.23,1.42,1.57,1.55,16.0,8.0,13.0,37.0,1.0,1.0,0.0,1.0,0.0,13.0,8.0,15.0,23.0,0.0,0.0,13.0,10.0,0.0,7.0,19.0,4.0,1.0,0.63,0.53,0.28,1.0,0.0,0.0,40.04,24.0,26.02,2.0,0.22,0.13,0.13,1.53,1.66,1.64,14.92,1.39,1.04,3.56,0.5,7.85,5.66,1.37,1.32,1.3,13.0,7.0,3.0,23.0,3.0,1.0,0.0,2.0,0.0,7.0,7.0,10.0,17.0,3.0,6.0,7.0,13.0,1.0,11.0,11.0,9.0,0.0,0.37,1.02,0.0,1.0,2.0,0.0,21.74,20.0,19.04,4.0,0.22,0.12,0.12,1.49,1.42,1.41
847952084821488483573,2025,Frank-Lapierre-Duhaime,WSH,line,5on5,16,1938.0,168.0,0.75,0.53,0.61,14.68,1.39,0.9,3.62,0.47,7.71,5.91,1.38,1.43,1.42,13.0,7.0,9.0,29.0,0.0,1.0,0.0,1.0,0.0,7.0,11.0,13.0,20.0,5.0,16.0,11.0,10.0,1.0,2.0,12.0,7.0,1.0,0.27,0.76,0.36,0.0,0.0,0.0,29.42,20.0,20.3,2.0,0.19,0.36,0.36,1.22,1.25,1.24,9.4,0.46,0.49,2.61,0.32,5.01,4.11,0.45,0.47,0.46,8.0,5.0,13.0,26.0,1.0,0.0,0.0,0.0,0.0,7.0,5.0,7.0,12.0,4.0,14.0,15.0,19.0,1.0,9.0,11.0,2.0,0.0,0.24,0.22,0.0,0.0,1.0,0.0,25.2,13.0,12.7,6.0,0.1,0.0,0.0,0.56,0.57,0.56
847341984779358482713,2025,Marchand-Bennett-Samoskevich,FLA,line,5on5,6,726.0,51.0,0.47,0.46,0.38,4.5,0.55,0.28,1.08,0.13,2.3,1.66,0.54,0.57,0.56,4.0,2.0,5.0,11.0,0.0,1.0,0.0,2.0,0.0,2.0,1.0,4.0,6.0,1.0,2.0,3.0,6.0,0.0,4.0,4.0,1.0,1.0,0.06,0.12,0.38,0.0,0.0,0.0,11.12,6.0,6.0,3.0,0.06,0.38,0.38,0.23,0.23,0.22,7.77,0.62,0.45,2.37,0.27,3.75,2.54,0.61,0.64,0.63,8.0,2.0,3.0,13.0,1.0,1.0,1.0,1.0,0.0,4.0,3.0,7.0,9.0,0.0,0.0,6.0,5.0,0.0,2.0,9.0,0.0,1.0,0.3,0.0,0.31,0.0,0.0,1.0,13.73,10.0,10.33,2.0,0.1,0.31,0.31,0.4,0.41,0.41
848022084815538482159,2025,Foerster-Cates-Brink,PHI,line,5on5,17,8895.0,57.0,0.52,0.46,0.48,51.17,5.48,3.83,11.68,1.81,27.34,19.86,5.3,5.39,5.22,48.0,22.0,29.0,99.0,3.0,7.0,1.0,5.0,0.0,21.0,34.0,45.0,67.0,9.0,18.0,65.0,49.0,9.0,33.0,45.0,19.0,6.0,1.41,2.38,1.69,2.0,0.0,1.0,97.22,70.0,68.69,21.0,0.8,1.76,1.76,4.52,4.45,4.41,55.07,5.15,3.5,14.29,1.92,29.61,21.53,4.88,5.21,4.94,42.0,34.0,40.0,116.0,4.0,5.0,1.0,12.0,0.0,27.0,28.0,38.0,72.0,9.0,18.0,89.0,60.0,10.0,34.0,58.0,10.0,8.0,1.45,1.24,2.47,3.0,0.0,1.0,118.31,76.0,77.84,12.0,0.73,1.27,1.27,4.61,4.68,4.56
847647984779988479675,2025,Foegele-Danault-Moore,LAK,line,5on5,19,9408.0,69.0,0.58,0.56,0.56,85.4,7.31,5.32,23.39,2.78,42.77,32.41,7.1,7.39,7.19,74.0,40.0,61.0,175.0,5.0,7.0,1.0,17.0,1.0,42.0,42.0,69.0,109.0,8.0,16.0,88.0,49.0,9.0,57.0,82.0,26.0,6.0,1.93,3.45,1.94,2.0,3.0,0.0,175.49,114.0,114.59,33.0,1.12,1.58,1.58,6.85,6.95,6.86,65.29,5.27,4.23,16.57,2.17,36.25,26.52,5.14,5.18,5.06,55.0,36.0,46.0,137.0,2.0,6.0,0.0,11.0,0.0,27.0,45.0,53.0,89.0,7.0,14.0,86.0,67.0,11.0,50.0,70.0,16.0,5.0,1.66,2.29,1.32,2.0,0.0,0.0,135.77,91.0,90.99,22.0,0.88,1.25,1.25,4.88,4.84,4.78
848020884815288482116,2025,Sttzle-Cozens-Batherson,OTT,line,5on5,10,1990.0,123.0,0.35,0.51,0.4,10.38,0.76,0.67,2.35,0.32,5.62,4.28,0.75,0.73,0.72,9.0,5.0,16.0,30.0,2.0,1.0,0.0,0.0,0.0,5.0,6.0,7.0,12.0,2.0,4.0,14.0,16.0,4.0,8.0,11.0,2.0,1.0,0.33,0.2,0.23,1.0,1.0,0.0,28.38,14.0,13.49,3.0,0.14,0.23,0.23,0.66,0.64,0.64,15.66,1.41,1.06,4.14,0.51,8.02,5.85,1.37,1.5,1.46,11.0,10.0,8.0,29.0,0.0,3.0,0.0,4.0,0.0,5.0,9.0,11.0,21.0,3.0,6.0,11.0,9.0,1.0,6.0,14.0,6.0,1.0,0.38,0.8,0.23,0.0,0.0,0.0,30.35,21.0,22.07,3.0,0.22,0.44,0.44,1.19,1.26,1.26
84815998482511,2025,Lohrei-Soderstrom,BOS,pairing,5on5,8,5698.0,21.0,0.41,0.42,0.42,42.14,3.78,2.63,11.05,1.46,22.37,16.72,3.67,3.74,3.64,36.0,22.0,25.0,83.0,4.0,5.0,0.0,11.0,0.0,17.0,21.0,32.0,54.0,6.0,15.0,46.0,44.0,8.0,34.0,42.0,12.0,4.0,1.22,1.62,0.93,2.0,2.0,0.0,81.72,58.0,57.42,15.0,0.55,0.74,0.74,3.59,3.56,3.51,57.66,5.48,3.86,16.04,2.27,30.37,21.98,4.95,5.8,5.23,44.0,36.0,33.0,113.0,2.0,11.0,0.0,14.0,0.0,27.0,26.0,42.0,78.0,7.0,17.0,45.0,46.0,4.0,33.0,59.0,13.0,8.0,1.74,1.66,2.07,2.0,0.0,0.0,116.07,80.0,82.19,16.0,0.8,2.22,2.22,4.06,4.25,4.1
847647984779988482155,2025,Foegele-Danault-Laferriere,LAK,line,5on5,8,1174.0,72.0,0.63,0.56,0.56,9.61,0.58,0.62,2.71,0.41,5.99,4.7,0.57,0.57,0.56,8.0,7.0,5.0,20.0,0.0,1.0,0.0,1.0,0.0,5.0,8.0,8.0,15.0,1.0,2.0,11.0,10.0,0.0,9.0,13.0,2.0,0.0,0.35,0.22,0.0,0.0,0.0,0.0,19.66,15.0,14.68,5.0,0.13,0.14,0.14,0.56,0.55,0.55,8.46,0.34,0.5,2.41,0.27,5.0,3.47,0.34,0.35,0.35,5.0,7.0,4.0,16.0,0.0,0.0,0.0,3.0,0.0,5.0,4.0,5.0,12.0,0.0,0.0,7.0,16.0,1.0,3.0,12.0,0.0,0.0,0.34,0.0,0.0,0.0,0.0,0.0,16.42,12.0,12.18,0.0,0.1,0.0,0.0,0.44,0.45,0.45
847399484793518484829,2025,Benn-Steel-Hryckowian,DAL,line,5on5,5,1198.0,36.0,0.73,0.49,0.52,10.19,1.12,0.76,2.29,0.31,5.06,3.46,1.08,1.14,1.09,11.0,2.0,4.0,17.0,1.0,1.0,0.0,3.0,0.0,3.0,5.0,10.0,12.0,1.0,2.0,7.0,2.0,2.0,5.0,7.0,4.0,2.0,0.17,0.47,0.49,0.0,0.0,1.0,17.21,13.0,13.26,1.0,0.16,0.28,0.28,1.0,1.02,1.01,8.78,0.42,0.43,2.17,0.28,4.79,3.92,0.42,0.4,0.4,6.0,6.0,6.0,18.0,1.0,1.0,0.0,3.0,0.0,3.0,4.0,5.0,11.0,0.0,0.0,8.0,11.0,2.0,8.0,10.0,2.0,0.0,0.19,0.23,0.0,1.0,0.0,0.0,17.51,12.0,11.67,3.0,0.09,0.03,0.03,0.48,0.46,0.46
847940784800028481721,2025,Bratt-Hischier-Gritsyuk,NJD,line,5on5,5,1340.0,37.0,0.79,0.67,0.68,20.07,2.07,1.28,5.48,0.73,10.19,7.26,1.89,2.07,1.88,18.0,9.0,8.0,35.0,1.0,3.0,0.0,5.0,0.0,10.0,8.0,17.0,26.0,0.0,0.0,19.0,12.0,1.0,6.0,17.0,7.0,3.0,0.44,0.85,0.78,0.0,1.0,0.0,33.24,27.0,26.11,2.0,0.27,0.69,0.69,1.66,1.65,1.52,8.97,0.57,0.55,2.08,0.29,5.59,3.93,0.56,0.57,0.56,6.0,7.0,4.0,17.0,2.0,0.0,0.0,2.0,0.0,3.0,6.0,4.0,11.0,1.0,2.0,11.0,7.0,1.0,7.0,12.0,1.0,0.0,0.45,0.12,0.0,2.0,0.0,0.0,17.4,13.0,13.36,3.0,0.11,0.0,0.0,0.68,0.68,0.67
84741518480426,2025,D'Astous-Mcdonagh,TBL,pairing,5on5,5,2638.0,26.0,0.8,0.63,0.68,28.28,3.78,2.02,6.91,0.91,14.04,10.34,3.59,3.56,3.38,20.0,18.0,14.0,52.0,2.0,5.0,0.0,4.0,0.0,16.0,11.0,18.0,36.0,2.0,4.0,14.0,13.0,1.0,12.0,24.0,8.0,6.0,0.7,1.11,1.96,0.0,1.0,1.0,50.1,38.0,36.61,5.0,0.43,1.58,1.58,2.63,2.49,2.46,12.77,0.95,0.68,3.54,0.45,7.0,5.39,0.94,0.98,0.98,11.0,7.0,12.0,30.0,3.0,1.0,0.0,4.0,0.0,5.0,5.0,8.0,15.0,4.0,8.0,24.0,25.0,5.0,19.0,16.0,1.0,1.0,0.51,0.12,0.31,2.0,0.0,1.0,29.82,18.0,18.09,11.0,0.14,0.12,0.12,0.96,1.01,1.0
847701584779968481721,2025,Brown-Lammikko-Gritsyuk,NJD,line,5on5,3,1157.0,16.0,0.52,0.57,0.54,11.06,0.74,0.62,3.07,0.34,5.98,4.26,0.73,0.72,0.71,12.0,3.0,5.0,20.0,0.0,1.0,0.0,3.0,0.0,9.0,2.0,12.0,15.0,0.0,0.0,13.0,16.0,3.0,6.0,13.0,1.0,1.0,0.33,0.1,0.31,0.0,0.0,0.0,18.46,15.0,14.36,5.0,0.13,0.31,0.31,0.55,0.54,0.54,9.17,0.69,0.62,2.53,0.3,5.27,3.58,0.66,0.71,0.67,11.0,2.0,2.0,15.0,1.0,2.0,1.0,1.0,0.0,4.0,5.0,10.0,12.0,0.0,0.0,10.0,3.0,1.0,6.0,11.0,2.0,0.0,0.47,0.22,0.0,1.0,0.0,0.0,16.69,13.0,13.65,1.0,0.13,0.19,0.19,0.63,0.65,0.62
847688184816048483890,2025,Dorofeyev-Hertl-Bowman,VGK,line,5on5,5,663.0,47.0,0.73,0.53,0.5,5.25,0.44,0.34,1.4,0.17,2.52,2.14,0.44,0.42,0.42,5.0,2.0,3.0,10.0,0.0,0.0,0.0,0.0,0.0,2.0,5.0,5.0,7.0,1.0,2.0,3.0,2.0,0.0,1.0,5.0,1.0,1.0,0.06,0.18,0.21,0.0,0.0,0.0,9.63,7.0,6.79,0.0,0.07,0.0,0.0,0.51,0.49,0.49,5.24,0.16,0.23,1.31,0.18,2.74,2.37,0.15,0.16,0.15,2.0,5.0,2.0,9.0,0.0,0.0,0.0,0.0,0.0,5.0,2.0,2.0,7.0,1.0,2.0,5.0,2.0,0.0,0.0,7.0,0.0,0.0,0.16,0.0,0.0,0.0,0.0,0.0,9.61,7.0,7.46,0.0,0.05,0.0,0.0,0.21,0.21,0.2
847464184764548477406,2025,Janmark-Henrique-Nugent-Hopkins,EDM,line,5on5,3,982.0,10.0,0.44,0.54,0.52,7.53,0.32,0.42,2.55,0.29,4.09,3.34,0.32,0.33,0.33,9.0,2.0,3.0,14.0,0.0,0.0,0.0,2.0,0.0,0.0,9.0,9.0,11.0,0.0,0.0,14.0,2.0,1.0,3.0,10.0,1.0,0.0,0.22,0.09,0.0,0.0,0.0,0.0,14.59,11.0,11.39,0.0,0.09,0.0,0.0,0.4,0.42,0.42,6.94,0.41,0.47,1.57,0.26,4.24,3.06,0.4,0.39,0.38,5.0,5.0,2.0,12.0,0.0,1.0,0.0,4.0,0.0,3.0,2.0,5.0,10.0,0.0,0.0,7.0,8.0,3.0,3.0,9.0,1.0,0.0,0.27,0.14,0.0,0.0,0.0,0.0,10.75,10.0,9.2,2.0,0.09,0.01,0.01,0.49,0.47,0.45
84836788484240,2025,Pettersson-Willander,VAN,pairing,5on5,23,6361.0,119.0,0.36,0.43,0.4,36.67,3.2,2.5,9.81,1.29,20.23,13.98,3.08,3.21,3.1,33.0,18.0,29.0,80.0,6.0,4.0,0.0,6.0,0.0,21.0,14.0,27.0,45.0,5.0,10.0,41.0,65.0,5.0,30.0,38.0,10.0,3.0,1.06,1.28,0.87,4.0,1.0,1.0,79.29,51.0,50.42,13.0,0.52,0.84,0.84,2.87,2.89,2.83,57.12,5.7,3.61,14.19,1.79,29.93,21.79,5.5,5.79,5.58,51.0,26.0,28.0,105.0,4.0,9.0,3.0,12.0,0.0,27.0,25.0,47.0,73.0,4.0,11.0,34.0,52.0,8.0,25.0,56.0,13.0,8.0,1.42,1.88,2.4,0.0,1.0,3.0,105.63,77.0,77.16,10.0,0.76,2.45,2.45,4.0,3.94,3.91
847456484827688484241,2025,Stamkos-Svechkov-Wood,NSH,line,5on5,13,1796.0,158.0,0.63,0.54,0.52,19.83,3.0,1.59,4.68,0.59,9.75,6.39,2.85,3.15,2.99,17.0,9.0,8.0,34.0,4.0,5.0,3.0,3.0,0.0,7.0,7.0,13.0,22.0,0.0,0.0,15.0,5.0,2.0,12.0,15.0,5.0,6.0,0.57,0.66,1.76,1.0,0.0,3.0,35.95,26.0,27.11,7.0,0.33,1.52,1.52,1.8,1.9,1.83,18.3,1.73,1.19,4.66,0.59,8.95,6.89,1.63,1.73,1.63,17.0,7.0,5.0,29.0,1.0,4.0,0.0,4.0,0.0,11.0,4.0,16.0,23.0,2.0,4.0,11.0,9.0,2.0,11.0,17.0,5.0,2.0,0.41,0.75,0.58,1.0,0.0,0.0,29.57,24.0,24.57,7.0,0.25,0.89,0.89,1.09,1.1,1.04
84781788482929,2025,Lilleberg-Raddysh,TBL,pairing,5on5,18,3826.0,120.0,0.43,0.47,0.45,26.22,2.74,1.61,6.41,0.83,13.16,10.26,2.56,2.72,2.54,26.0,9.0,18.0,53.0,1.0,4.0,0.0,2.0,0.0,9.0,19.0,25.0,34.0,8.0,19.0,21.0,39.0,2.0,13.0,25.0,5.0,5.0,0.81,0.58,1.34,0.0,0.0,1.0,52.7,35.0,34.16,5.0,0.34,0.78,0.78,2.3,2.31,2.21,31.03,3.59,2.14,7.59,1.05,16.77,11.86,3.41,3.67,3.48,31.0,12.0,16.0,59.0,3.0,4.0,1.0,9.0,0.0,13.0,14.0,28.0,40.0,8.0,21.0,33.0,31.0,4.0,19.0,30.0,5.0,8.0,0.81,0.51,2.27,1.0,1.0,1.0,58.98,43.0,43.66,10.0,0.45,1.22,1.22,2.82,2.86,2.83
847842784808308482702,2025,Stankoven-Aho-Svechnikov,CAR,line,5on5,4,1250.0,41.0,0.85,0.8,0.82,20.02,1.76,1.17,5.4,0.78,10.72,8.17,1.74,1.68,1.66,17.0,11.0,9.0,37.0,1.0,2.0,0.0,6.0,0.0,9.0,10.0,16.0,27.0,3.0,6.0,14.0,7.0,6.0,9.0,20.0,7.0,1.0,0.7,0.8,0.26,0.0,1.0,0.0,36.15,28.0,27.21,3.0,0.24,0.31,0.31,1.69,1.62,1.61,4.56,0.3,0.25,1.31,0.16,2.23,1.74,0.3,0.32,0.32,2.0,4.0,3.0,9.0,0.0,0.0,0.0,1.0,0.0,2.0,3.0,2.0,6.0,1.0,2.0,9.0,9.0,2.0,7.0,4.0,2.0,0.0,0.09,0.21,0.0,0.0,0.0,0.0,9.39,6.0,6.19,4.0,0.05,0.0,0.0,0.35,0.38,0.38
84802468481056,2025,Stastney-Perbix,NSH,pairing,5on5,12,652.0,113.0,0.29,0.39,0.33,2.26,0.19,0.15,0.63,0.1,1.71,1.21,0.19,0.19,0.18,2.0,2.0,3.0,7.0,0.0,0.0,0.0,0.0,0.0,1.0,3.0,2.0,4.0,0.0,0.0,6.0,4.0,0.0,3.0,3.0,1.0,0.0,0.1,0.09,0.0,0.0,0.0,0.0,6.78,4.0,4.02,2.0,0.03,0.0,0.0,0.22,0.22,0.21,5.81,0.47,0.4,1.67,0.24,2.91,2.3,0.47,0.51,0.51,5.0,3.0,3.0,11.0,1.0,1.0,0.0,1.0,0.0,2.0,3.0,4.0,7.0,1.0,2.0,2.0,8.0,1.0,3.0,6.0,2.0,0.0,0.17,0.3,0.0,0.0,1.0,0.0,11.65,8.0,8.4,3.0,0.08,0.03,0.03,0.52,0.57,0.57
84826418483460,2025,Kiersted-Jiricek,MIN,pairing,5on5,3,980.0,16.0,0.19,0.3,0.36,3.91,0.18,0.24,0.83,0.11,2.08,1.55,0.18,0.17,0.17,4.0,1.0,1.0,6.0,0.0,0.0,0.0,2.0,0.0,1.0,2.0,4.0,5.0,1.0,2.0,8.0,9.0,0.0,3.0,5.0,0.0,0.0,0.18,0.0,0.0,0.0,0.0,0.0,6.04,5.0,5.06,2.0,0.05,0.0,0.0,0.23,0.22,0.22,6.48,0.74,0.43,1.24,0.2,3.35,3.04,0.73,0.75,0.73,6.0,3.0,5.0,14.0,0.0,1.0,0.0,0.0,0.0,2.0,6.0,6.0,9.0,2.0,4.0,8.0,9.0,0.0,1.0,6.0,2.0,1.0,0.23,0.25,0.26,0.0,0.0,0.0,13.75,9.0,8.85,0.0,0.09,0.26,0.26,0.57,0.58,0.58
847572284815228482097,2025,Zucker-Krebs-Quinn,BUF,line,5on5,7,1691.0,48.0,0.5,0.48,0.45,14.81,1.44,1.0,3.47,0.5,7.77,5.82,1.39,1.44,1.39,13.0,7.0,8.0,28.0,0.0,1.0,0.0,2.0,0.0,11.0,6.0,13.0,20.0,3.0,9.0,8.0,14.0,3.0,5.0,16.0,2.0,2.0,0.62,0.27,0.55,0.0,0.0,0.0,28.58,20.0,20.09,3.0,0.21,0.3,0.3,1.35,1.35,1.32,17.34,1.41,1.06,4.03,0.58,9.55,7.37,1.38,1.4,1.37,11.0,13.0,6.0,30.0,1.0,2.0,0.0,1.0,0.0,8.0,12.0,10.0,23.0,4.0,11.0,13.0,9.0,0.0,9.0,18.0,5.0,1.0,0.57,0.58,0.26,0.0,1.0,0.0,29.56,24.0,24.05,5.0,0.22,0.38,0.38,1.24,1.24,1.23
847418984770738480188,2025,Macdermid-Eller-Zetterlund,OTT,line,5on5,7,1115.0,57.0,0.22,0.29,0.38,6.91,0.26,0.33,1.88,0.2,3.49,2.83,0.26,0.29,0.28,2.0,7.0,3.0,12.0,0.0,0.0,0.0,0.0,0.0,6.0,3.0,2.0,9.0,3.0,6.0,13.0,9.0,2.0,3.0,8.0,1.0,0.0,0.17,0.09,0.0,0.0,0.0,0.0,12.6,9.0,9.55,3.0,0.07,0.0,0.0,0.33,0.36,0.35,10.61,0.92,0.76,2.86,0.38,5.73,4.35,0.91,0.91,0.91,6.0,9.0,15.0,30.0,2.0,1.0,0.0,0.0,0.0,7.0,5.0,4.0,13.0,3.0,6.0,12.0,19.0,3.0,2.0,12.0,1.0,2.0,0.31,0.17,0.44,2.0,0.0,0.0,28.33,15.0,14.93,0.0,0.16,0.21,0.21,0.86,0.86,0.86
847414184774298479337,2025,Debrincat-Copp-Kane,DET,line,5on5,14,7624.0,47.0,0.53,0.47,0.54,75.98,6.78,4.92,18.92,2.6,41.55,31.22,6.51,7.08,6.8,80.0,26.0,24.0,130.0,13.0,8.0,1.0,13.0,1.0,35.0,36.0,67.0,93.0,12.0,24.0,68.0,34.0,11.0,41.0,79.0,20.0,7.0,2.26,2.68,1.85,9.0,4.0,0.0,136.04,106.0,110.48,23.0,1.02,1.32,1.33,6.48,6.77,6.66,67.83,5.92,4.6,16.71,2.17,36.1,26.51,5.56,5.67,5.35,59.0,33.0,54.0,146.0,0.0,8.0,0.0,16.0,0.0,31.0,37.0,59.0,92.0,8.0,20.0,64.0,49.0,9.0,26.0,66.0,20.0,6.0,1.81,2.61,1.49,0.0,0.0,0.0,138.5,92.0,88.61,9.0,0.96,1.66,1.66,5.21,5.02,4.91
848289684835008484145,2025,Benson-Kozak-Ostlund,BUF,line,5on5,3,1375.0,10.0,0.64,0.56,0.53,12.31,1.27,0.82,3.33,0.41,6.59,4.57,1.18,1.18,1.1,9.0,8.0,6.0,23.0,0.0,2.0,0.0,3.0,0.0,7.0,5.0,9.0,17.0,1.0,2.0,9.0,9.0,5.0,9.0,12.0,4.0,1.0,0.4,0.62,0.26,0.0,0.0,0.0,21.13,17.0,15.68,2.0,0.17,0.45,0.45,1.0,0.94,0.92,10.81,0.71,0.52,3.03,0.35,5.64,4.77,0.7,0.71,0.7,6.0,9.0,3.0,18.0,1.0,1.0,0.0,2.0,0.0,4.0,7.0,5.0,14.0,2.0,4.0,9.0,13.0,3.0,7.0,12.0,3.0,0.0,0.36,0.35,0.0,1.0,0.0,0.0,18.03,15.0,15.17,4.0,0.11,0.03,0.03,0.78,0.79,0.78
847121484779478478440,2025,Milano-Strome-Ovechkin,WSH,line,5on5,6,763.0,70.0,0.74,0.66,0.6,8.62,0.97,0.56,2.69,0.36,4.33,3.08,0.96,1.01,0.99,8.0,4.0,7.0,19.0,0.0,1.0,0.0,3.0,0.0,4.0,4.0,8.0,12.0,0.0,0.0,7.0,4.0,0.0,8.0,7.0,5.0,0.0,0.33,0.64,0.0,0.0,0.0,0.0,19.34,12.0,12.02,3.0,0.12,0.13,0.13,0.96,1.0,0.98,5.9,0.33,0.37,1.57,0.2,3.24,2.28,0.33,0.32,0.32,5.0,3.0,2.0,10.0,0.0,1.0,0.0,3.0,0.0,2.0,2.0,5.0,8.0,0.0,0.0,6.0,6.0,1.0,4.0,6.0,2.0,0.0,0.14,0.19,0.0,0.0,0.0,0.0,9.46,8.0,7.64,3.0,0.07,0.03,0.03,0.38,0.36,0.36
84780138480803,2025,Walman-Bouchard,EDM,pairing,5on5,14,798.0,106.0,0.93,0.68,0.83,7.62,0.73,0.43,1.87,0.23,3.71,3.03,0.72,0.7,0.69,10.0,0.0,3.0,13.0,2.0,1.0,1.0,2.0,0.0,4.0,1.0,8.0,8.0,1.0,2.0,5.0,1.0,1.0,7.0,8.0,1.0,1.0,0.34,0.12,0.27,0.0,1.0,1.0,12.54,10.0,9.65,2.0,0.09,0.12,0.12,0.7,0.67,0.67,1.47,0.05,0.07,0.37,0.04,0.85,0.62,0.05,0.05,0.05,2.0,0.0,4.0,6.0,0.0,0.0,0.0,0.0,0.0,0.0,2.0,2.0,2.0,1.0,2.0,5.0,2.0,1.0,4.0,2.0,0.0,0.0,0.05,0.0,0.0,0.0,0.0,0.0,6.3,2.0,2.01,2.0,0.01,0.0,0.0,0.07,0.07,0.07
847646184784398480015,2025,Konecny-Couturier-Tippett,PHI,line,5on5,11,3278.0,83.0,0.57,0.55,0.56,32.6,2.45,2.11,8.35,1.1,18.26,12.72,2.41,2.39,2.35,32.0,13.0,12.0,57.0,2.0,2.0,0.0,8.0,0.0,15.0,18.0,30.0,43.0,5.0,13.0,39.0,19.0,3.0,22.0,38.0,4.0,3.0,1.05,0.55,0.85,1.0,0.0,1.0,56.13,45.0,44.24,4.0,0.44,0.4,0.4,2.49,2.44,2.41,26.06,1.86,1.53,7.08,0.88,13.78,9.87,1.82,1.93,1.88,22.0,13.0,12.0,47.0,3.0,3.0,0.0,5.0,0.0,9.0,15.0,19.0,32.0,4.0,11.0,26.0,9.0,5.0,20.0,30.0,3.0,2.0,0.93,0.39,0.54,2.0,1.0,0.0,48.15,35.0,36.22,8.0,0.32,0.58,0.58,1.6,1.68,1.64
847802084801888482116,2025,Zetterlund-Sttzle-Amadio,OTT,line,5on5,13,789.0,193.0,0.74,0.77,0.74,12.34,1.54,0.76,2.94,0.38,6.5,4.89,1.52,1.54,1.53,13.0,4.0,10.0,27.0,1.0,1.0,0.0,2.0,0.0,7.0,6.0,12.0,16.0,2.0,4.0,4.0,9.0,0.0,3.0,12.0,4.0,1.0,0.41,0.52,0.61,0.0,1.0,0.0,26.82,17.0,17.02,3.0,0.16,0.61,0.61,1.08,1.09,1.08,4.35,0.53,0.37,1.14,0.15,2.27,1.55,0.52,0.53,0.53,5.0,1.0,2.0,8.0,1.0,1.0,1.0,1.0,0.0,1.0,2.0,4.0,5.0,1.0,2.0,2.0,11.0,1.0,2.0,4.0,1.0,1.0,0.11,0.16,0.25,0.0,1.0,0.0,7.98,6.0,6.01,1.0,0.08,0.16,0.16,0.44,0.44,0.44
847456484821468482768,2025,Svechkov-Stamkos-Evangelista,NSH,line,5on5,12,1617.0,142.0,0.51,0.47,0.47,9.87,1.08,0.68,2.15,0.3,5.73,4.06,1.08,1.11,1.11,11.0,3.0,5.0,19.0,1.0,0.0,0.0,0.0,0.0,8.0,5.0,10.0,13.0,3.0,6.0,8.0,3.0,2.0,8.0,8.0,5.0,1.0,0.24,0.52,0.32,0.0,0.0,1.0,19.56,14.0,14.31,3.0,0.14,0.0,0.0,1.22,1.25,1.25,11.02,1.04,0.74,2.61,0.41,6.43,4.77,1.03,1.06,1.05,7.0,9.0,5.0,21.0,1.0,0.0,0.0,2.0,0.0,4.0,9.0,6.0,15.0,3.0,6.0,16.0,15.0,4.0,14.0,12.0,4.0,0.0,0.49,0.55,0.0,0.0,1.0,0.0,21.36,16.0,16.2,4.0,0.16,0.0,0.0,1.2,1.22,1.21
847939084821578483690,2025,Cuylle-Laba-Raddysh,NYR,line,5on5,5,1427.0,40.0,0.42,0.43,0.3,6.23,0.83,0.46,1.55,0.19,2.85,2.11,0.79,0.85,0.81,6.0,2.0,8.0,16.0,1.0,1.0,0.0,1.0,0.0,4.0,1.0,5.0,7.0,2.0,4.0,7.0,10.0,1.0,6.0,3.0,4.0,1.0,0.09,0.45,0.3,1.0,0.0,0.0,16.48,8.0,8.21,2.0,0.1,0.3,0.3,0.64,0.66,0.65,13.73,1.14,0.85,3.83,0.48,7.35,5.36,1.09,1.12,1.07,11.0,8.0,2.0,21.0,0.0,2.0,0.0,5.0,0.0,8.0,4.0,11.0,19.0,3.0,6.0,15.0,8.0,0.0,2.0,17.0,0.0,2.0,0.55,0.0,0.59,0.0,0.0,0.0,20.33,19.0,18.8,1.0,0.18,0.3,0.3,1.01,1.0,0.97
84800358480828,2025,Callahan-Jokiharju,BOS,pairing,5on5,3,2255.0,7.0,0.59,0.56,0.63,21.66,1.92,1.31,5.45,0.72,10.9,8.69,1.73,1.88,1.7,20.0,9.0,5.0,34.0,2.0,4.0,0.0,6.0,0.0,8.0,9.0,18.0,27.0,2.0,4.0,18.0,17.0,2.0,11.0,22.0,5.0,2.0,0.53,0.8,0.59,1.0,1.0,0.0,33.19,29.0,28.71,6.0,0.28,0.77,0.77,1.42,1.41,1.39,12.7,1.36,0.84,3.03,0.41,6.61,4.76,1.31,1.43,1.38,12.0,5.0,10.0,27.0,3.0,1.0,0.0,1.0,0.0,9.0,3.0,9.0,14.0,1.0,2.0,23.0,19.0,2.0,10.0,11.0,4.0,2.0,0.39,0.52,0.46,1.0,1.0,1.0,27.87,17.0,17.53,5.0,0.17,0.12,0.12,1.42,1.49,1.44
848209784827658483500,2025,Rosen-Ostlund-Quinn,BUF,line,5on5,7,2499.0,27.0,0.62,0.46,0.5,16.72,1.85,1.05,4.07,0.6,9.08,6.36,1.8,1.88,1.83,13.0,10.0,6.0,29.0,4.0,3.0,0.0,2.0,0.0,9.0,5.0,9.0,19.0,1.0,2.0,7.0,4.0,6.0,15.0,11.0,11.0,1.0,0.26,1.33,0.25,0.0,4.0,0.0,28.86,23.0,23.04,10.0,0.21,0.52,0.52,1.55,1.58,1.56,16.8,1.13,0.95,4.3,0.51,9.25,6.87,1.08,1.11,1.06,13.0,10.0,11.0,34.0,1.0,0.0,0.0,8.0,0.0,9.0,5.0,12.0,22.0,1.0,2.0,37.0,14.0,5.0,10.0,20.0,2.0,1.0,0.64,0.25,0.25,1.0,0.0,0.0,34.37,23.0,23.5,6.0,0.19,0.0,0.0,1.32,1.31,1.25
847578484775058480798,2025,Skinner-Wennberg-Kurashev,SJS,line,5on5,7,841.0,75.0,0.48,0.39,0.38,5.91,0.52,0.42,1.36,0.16,3.2,2.34,0.51,0.5,0.49,7.0,1.0,4.0,12.0,1.0,0.0,0.0,2.0,0.0,4.0,1.0,6.0,7.0,1.0,2.0,5.0,2.0,1.0,4.0,5.0,3.0,0.0,0.17,0.35,0.0,0.0,1.0,0.0,11.68,8.0,7.74,3.0,0.09,0.0,0.0,0.6,0.58,0.57,8.85,0.57,0.55,2.67,0.33,5.07,3.8,0.56,0.58,0.58,10.0,3.0,6.0,19.0,1.0,1.0,0.0,4.0,0.0,6.0,1.0,9.0,12.0,0.0,0.0,9.0,3.0,4.0,9.0,12.0,0.0,1.0,0.27,0.0,0.3,1.0,0.0,0.0,19.28,13.0,13.12,5.0,0.11,0.3,0.3,0.38,0.39,0.38
847844084784638483573,2025,Beauvillier-Strome-Frank,WSH,line,5on5,15,655.0,219.0,0.58,0.39,0.4,4.82,0.86,0.35,1.16,0.16,2.05,1.42,0.79,0.91,0.83,6.0,0.0,5.0,11.0,2.0,1.0,0.0,2.0,0.0,1.0,0.0,4.0,4.0,2.0,4.0,11.0,1.0,0.0,1.0,2.0,2.0,2.0,0.09,0.24,0.54,0.0,2.0,0.0,10.93,6.0,6.13,1.0,0.07,0.27,0.27,0.66,0.68,0.68,6.3,0.62,0.35,1.66,0.25,3.45,2.68,0.61,0.62,0.62,4.0,5.0,8.0,17.0,0.0,0.0,0.0,1.0,0.0,2.0,6.0,4.0,9.0,2.0,4.0,6.0,4.0,1.0,3.0,6.0,2.0,1.0,0.18,0.24,0.2,0.0,0.0,0.0,17.11,9.0,9.08,1.0,0.07,0.0,0.0,0.69,0.69,0.69
84747168478136,2025,Middleton-Spurgeon,MIN,pairing,5on5,31,18704.0,111.0,0.48,0.44,0.44,140.69,14.05,9.94,34.07,4.67,76.94,55.34,13.24,14.02,13.22,122.0,73.0,74.0,269.0,9.0,13.0,1.0,21.0,0.0,83.0,69.0,113.0,186.0,14.0,39.0,153.0,158.0,20.0,94.0,136.0,42.0,17.0,4.21,5.27,4.57,5.0,3.0,1.0,272.35,195.0,197.57,42.0,2.08,3.3,3.3,12.83,12.88,12.53,180.36,14.96,11.3,46.14,6.04,97.36,72.2,14.49,14.93,14.45,154.0,94.0,88.0,336.0,10.0,19.0,4.0,39.0,0.0,87.0,93.0,144.0,238.0,25.0,63.0,193.0,100.0,18.0,84.0,183.0,53.0,12.0,5.04,6.11,3.81,3.0,3.0,4.0,330.34,248.0,244.3,45.0,2.34,3.56,3.56,13.74,13.63,13.41
84773468482165,2025,Kuznetsov-Weegar,CGY,pairing,5on5,26,22274.0,47.0,0.51,0.5,0.51,190.62,17.79,12.16,47.35,6.5,97.74,73.46,16.97,17.62,16.81,175.0,80.0,106.0,361.0,11.0,22.0,1.0,36.0,0.0,88.0,98.0,164.0,244.0,28.0,68.0,183.0,168.0,30.0,112.0,186.0,47.0,22.0,5.31,6.43,6.05,4.0,4.0,3.0,360.85,255.0,255.98,62.0,2.54,4.78,5.09,15.25,15.21,14.96,180.21,17.2,12.48,43.6,6.12,94.03,71.57,16.42,17.33,16.54,160.0,85.0,123.0,368.0,16.0,23.0,0.0,31.0,0.0,101.0,74.0,144.0,229.0,25.0,65.0,209.0,136.0,33.0,108.0,163.0,65.0,17.0,4.8,8.09,4.31,7.0,7.0,2.0,365.08,245.0,243.82,42.0,2.61,3.55,3.55,16.26,16.33,16.03
847740984779338482113,2025,Verhaeghe-Lundell-Reinhart,FLA,line,5on5,13,1080.0,122.0,0.37,0.48,0.44,8.05,0.27,0.45,2.27,0.25,4.59,3.18,0.27,0.27,0.27,7.0,4.0,4.0,15.0,0.0,0.0,0.0,2.0,0.0,2.0,7.0,7.0,11.0,0.0,0.0,8.0,4.0,0.0,6.0,11.0,0.0,0.0,0.27,0.0,0.0,0.0,0.0,0.0,15.26,11.0,10.9,3.0,0.09,0.0,0.0,0.36,0.36,0.36,9.79,0.45,0.58,2.5,0.31,6.06,4.1,0.45,0.44,0.44,9.0,5.0,2.0,16.0,0.0,1.0,0.0,2.0,0.0,5.0,6.0,9.0,14.0,1.0,2.0,8.0,4.0,1.0,5.0,12.0,2.0,0.0,0.25,0.2,0.0,0.0,0.0,0.0,15.54,14.0,13.62,3.0,0.12,0.04,0.04,0.53,0.52,0.51
847647484768228483531,2025,Halonen-Glendening-Noesen,NJD,line,5on5,3,810.0,12.0,0.48,0.46,0.54,5.2,0.36,0.3,1.2,0.15,2.95,2.05,0.36,0.36,0.36,4.0,3.0,5.0,12.0,0.0,0.0,0.0,1.0,0.0,1.0,5.0,4.0,7.0,0.0,0.0,7.0,4.0,2.0,2.0,5.0,2.0,0.0,0.1,0.27,0.0,0.0,0.0,0.0,12.17,7.0,7.18,0.0,0.06,0.0,0.0,0.42,0.42,0.42,4.44,0.39,0.31,0.99,0.13,2.4,1.76,0.39,0.41,0.41,2.0,4.0,8.0,14.0,0.0,0.0,0.0,1.0,0.0,4.0,1.0,2.0,6.0,0.0,0.0,9.0,8.0,1.0,1.0,4.0,2.0,0.0,0.1,0.29,0.0,0.0,0.0,0.0,14.0,6.0,6.12,0.0,0.07,0.0,0.0,0.46,0.49,0.48
84764628479395,2025,Cholowski-Hamilton,NJD,pairing,5on5,8,2465.0,36.0,0.42,0.53,0.51,22.81,1.34,1.32,6.49,0.73,12.32,8.8,1.31,1.34,1.31,23.0,8.0,7.0,38.0,0.0,4.0,0.0,5.0,0.0,13.0,9.0,23.0,31.0,0.0,0.0,19.0,21.0,5.0,7.0,26.0,4.0,1.0,0.7,0.4,0.24,0.0,0.0,0.0,36.79,31.0,30.22,4.0,0.27,0.32,0.32,1.29,1.28,1.27,22.29,1.88,1.31,5.56,0.68,11.86,8.72,1.86,1.89,1.88,19.0,11.0,4.0,34.0,2.0,1.0,0.0,2.0,0.0,5.0,20.0,17.0,28.0,2.0,4.0,12.0,14.0,2.0,9.0,24.0,5.0,1.0,0.92,0.71,0.24,1.0,0.0,1.0,35.43,30.0,31.04,1.0,0.27,0.08,0.08,2.07,2.08,2.07
847534384784638483573,2025,Beauvillier-Dowd-Frank,WSH,line,5on5,12,2776.0,118.0,0.6,0.57,0.58,25.17,2.0,1.64,6.25,0.82,14.18,10.11,1.96,2.02,1.98,20.0,15.0,15.0,50.0,0.0,1.0,0.0,3.0,0.0,19.0,12.0,20.0,35.0,2.0,4.0,22.0,22.0,2.0,9.0,27.0,7.0,1.0,0.83,0.92,0.25,0.0,0.0,0.0,50.62,35.0,35.63,4.0,0.34,0.25,0.25,2.08,2.12,2.09,18.32,1.36,1.07,4.42,0.57,9.97,7.62,1.31,1.39,1.34,15.0,10.0,12.0,37.0,2.0,2.0,1.0,3.0,0.0,11.0,7.0,13.0,23.0,1.0,2.0,19.0,12.0,1.0,11.0,20.0,4.0,1.0,0.62,0.51,0.22,0.0,1.0,1.0,37.79,25.0,25.38,6.0,0.22,0.33,0.33,1.25,1.27,1.23
84820958484321,2025,Kleven-Matinpalo,OTT,pairing,5on5,18,7210.0,92.0,0.43,0.41,0.42,41.92,3.34,2.67,10.13,1.33,23.32,17.2,3.2,3.26,3.13,38.0,20.0,26.0,84.0,0.0,4.0,0.0,6.0,0.0,25.0,23.0,38.0,58.0,9.0,21.0,76.0,57.0,8.0,30.0,43.0,13.0,2.0,1.21,1.63,0.5,0.0,0.0,0.0,83.08,58.0,57.29,17.0,0.56,0.7,0.7,3.2,3.14,3.1,57.99,4.49,3.69,14.46,1.88,31.59,23.91,4.27,4.57,4.36,44.0,36.0,43.0,123.0,4.0,4.0,1.0,16.0,0.0,32.0,24.0,40.0,76.0,11.0,25.0,47.0,81.0,9.0,27.0,63.0,12.0,5.0,1.66,1.46,1.36,2.0,1.0,1.0,123.75,80.0,81.45,15.0,0.76,1.05,1.35,3.9,4.0,3.95
84774988480834,2025,Nurse-Emberson,EDM,pairing,5on5,22,844.0,177.0,0.74,0.5,0.55,8.54,1.5,0.53,1.97,0.25,3.75,3.0,1.39,1.48,1.38,8.0,3.0,2.0,13.0,1.0,3.0,1.0,1.0,0.0,3.0,3.0,7.0,10.0,2.0,7.0,0.0,9.0,1.0,3.0,7.0,1.0,3.0,0.15,0.09,1.27,0.0,0.0,1.0,13.23,11.0,10.91,1.0,0.11,1.27,1.27,0.34,0.35,0.34,6.16,0.54,0.45,1.49,0.25,3.35,2.93,0.53,0.54,0.52,4.0,5.0,4.0,13.0,0.0,0.0,0.0,1.0,0.0,3.0,5.0,4.0,9.0,2.0,7.0,1.0,6.0,3.0,4.0,5.0,4.0,0.0,0.1,0.44,0.0,0.0,0.0,0.0,12.66,9.0,8.87,0.0,0.09,0.0,0.0,0.63,0.63,0.61
847571484775038478904,2025,Lorentz-Domi-Jarnkrok,TOR,line,5on5,3,808.0,22.0,0.48,0.4,0.4,4.52,0.21,0.18,1.33,0.14,2.15,1.98,0.21,0.22,0.22,5.0,1.0,2.0,8.0,0.0,0.0,0.0,0.0,0.0,1.0,5.0,5.0,6.0,1.0,2.0,9.0,9.0,1.0,4.0,5.0,1.0,0.0,0.07,0.14,0.0,0.0,0.0,0.0,8.09,6.0,6.11,2.0,0.04,0.0,0.0,0.25,0.26,0.26,5.8,0.23,0.39,1.56,0.22,3.83,2.78,0.22,0.23,0.23,7.0,2.0,3.0,12.0,2.0,0.0,0.0,0.0,0.0,4.0,3.0,5.0,7.0,0.0,0.0,5.0,1.0,1.0,6.0,8.0,1.0,0.0,0.13,0.09,0.0,2.0,0.0,0.0,12.42,9.0,9.26,3.0,0.08,0.0,0.0,0.31,0.32,0.31
847745084816248484197,2025,Moore-Dickinson-Mikheyev,CHI,line,5on5,10,892.0,106.0,0.34,0.43,0.38,8.17,0.68,0.46,2.33,0.3,4.2,3.04,0.68,0.67,0.67,6.0,5.0,4.0,15.0,1.0,1.0,0.0,2.0,0.0,5.0,2.0,5.0,10.0,2.0,4.0,6.0,7.0,1.0,5.0,7.0,4.0,0.0,0.17,0.51,0.0,0.0,1.0,0.0,14.65,11.0,10.96,3.0,0.1,0.11,0.11,0.66,0.65,0.65,13.52,1.29,0.92,3.35,0.44,7.08,4.91,1.26,1.29,1.25,15.0,3.0,2.0,20.0,1.0,1.0,0.0,2.0,0.0,10.0,4.0,14.0,17.0,0.0,0.0,11.0,14.0,0.0,4.0,12.0,5.0,1.0,0.45,0.64,0.21,1.0,0.0,0.0,20.58,18.0,18.36,1.0,0.2,0.21,0.21,1.28,1.28,1.26
84768748479410,2025,Sergachev-Mtt,UTA,pairing,5on5,14,1256.0,160.0,0.2,0.34,0.32,5.14,0.32,0.3,1.33,0.17,2.82,2.06,0.32,0.33,0.33,4.0,3.0,5.0,12.0,0.0,0.0,0.0,2.0,0.0,1.0,4.0,4.0,7.0,0.0,0.0,5.0,10.0,1.0,5.0,5.0,2.0,0.0,0.1,0.22,0.0,0.0,0.0,0.0,12.09,7.0,7.06,4.0,0.06,0.0,0.0,0.38,0.4,0.4,10.72,1.26,0.77,2.65,0.39,5.86,4.08,1.19,1.23,1.16,8.0,7.0,8.0,23.0,1.0,2.0,0.0,1.0,0.0,6.0,5.0,7.0,14.0,2.0,4.0,10.0,11.0,1.0,3.0,9.0,4.0,2.0,0.28,0.47,0.5,1.0,0.0,0.0,23.02,15.0,14.89,1.0,0.16,0.23,0.23,1.18,1.15,1.13
84746128481607,2025,Johansson-Hamonic,DET,pairing,5on5,19,10761.0,57.0,0.42,0.44,0.45,85.74,6.58,5.47,22.05,2.83,45.62,33.44,6.48,6.49,6.39,69.0,47.0,45.0,161.0,3.0,5.0,0.0,20.0,0.0,35.0,53.0,66.0,113.0,13.0,32.0,98.0,66.0,11.0,57.0,90.0,21.0,5.0,2.63,2.76,1.19,1.0,2.0,0.0,157.53,116.0,113.38,33.0,1.14,0.82,0.84,6.87,6.76,6.71,103.04,8.92,6.73,25.97,3.3,54.14,40.95,8.52,9.18,8.75,95.0,45.0,65.0,205.0,13.0,9.0,1.0,24.0,0.0,54.0,40.0,82.0,127.0,16.0,38.0,87.0,78.0,18.0,38.0,100.0,31.0,9.0,2.74,3.77,2.42,5.0,7.0,1.0,210.16,140.0,143.85,14.0,1.4,2.31,2.31,8.01,8.17,8.02
84784078482858,2025,Evans-Dunn,SEA,pairing,5on5,15,976.0,107.0,0.49,0.48,0.42,7.52,0.84,0.49,1.76,0.23,3.8,2.89,0.82,0.83,0.8,6.0,4.0,5.0,15.0,2.0,1.0,1.0,0.0,0.0,3.0,4.0,4.0,8.0,1.0,2.0,6.0,2.0,0.0,4.0,8.0,1.0,1.0,0.29,0.19,0.36,1.0,0.0,1.0,14.6,10.0,9.9,0.0,0.1,0.36,0.36,0.59,0.58,0.58,10.0,0.88,0.68,2.36,0.35,5.54,4.19,0.85,0.91,0.88,9.0,5.0,2.0,16.0,1.0,2.0,0.0,4.0,0.0,2.0,5.0,8.0,13.0,0.0,0.0,4.0,5.0,0.0,1.0,10.0,3.0,1.0,0.25,0.39,0.24,0.0,1.0,0.0,16.61,14.0,14.38,1.0,0.14,0.35,0.35,0.67,0.69,0.68
847841484800028482110,2025,Mercer-Hischier-Meier,NJD,line,5on5,19,10130.0,56.0,0.55,0.52,0.54,97.43,8.84,6.53,25.59,3.4,51.3,37.35,8.38,9.04,8.56,84.0,49.0,56.0,189.0,6.0,12.0,1.0,17.0,0.0,61.0,37.0,78.0,127.0,8.0,19.0,120.0,40.0,14.0,44.0,96.0,30.0,7.0,2.54,4.11,2.19,2.0,2.0,2.0,190.81,133.0,134.58,20.0,1.36,1.97,1.97,8.23,8.41,8.21,83.17,7.09,5.53,20.69,2.76,45.58,32.36,6.86,7.07,6.84,81.0,33.0,59.0,173.0,7.0,4.0,0.0,14.0,0.0,47.0,42.0,74.0,107.0,10.0,23.0,102.0,59.0,15.0,47.0,83.0,22.0,9.0,2.29,2.66,2.14,3.0,3.0,1.0,174.0,114.0,113.31,24.0,1.15,0.91,0.91,7.34,7.29,7.13
84745908478911,2025,Carlson-Roy,WSH,pairing,5on5,14,834.0,144.0,0.49,0.52,0.46,4.25,0.34,0.32,0.94,0.18,2.18,2.04,0.34,0.34,0.34,4.0,2.0,6.0,12.0,0.0,0.0,0.0,1.0,0.0,1.0,4.0,4.0,6.0,2.0,4.0,1.0,6.0,3.0,6.0,5.0,1.0,0.0,0.15,0.19,0.0,0.0,0.0,0.0,12.11,6.0,6.08,4.0,0.07,0.0,0.0,0.41,0.41,0.41,5.27,0.35,0.32,1.29,0.19,2.82,2.03,0.35,0.34,0.34,6.0,1.0,4.0,11.0,2.0,0.0,0.0,2.0,0.0,1.0,2.0,4.0,5.0,0.0,0.0,4.0,5.0,2.0,4.0,5.0,2.0,0.0,0.19,0.17,0.0,1.0,1.0,0.0,10.75,7.0,6.98,2.0,0.07,0.0,0.0,0.42,0.41,0.41
847942084800648484145,2025,Benson-Norris-Thompson,BUF,line,5on5,4,1898.0,9.0,0.58,0.62,0.63,23.05,2.09,1.65,5.86,0.69,11.58,8.13,1.93,2.07,1.91,21.0,9.0,12.0,42.0,2.0,2.0,0.0,5.0,0.0,14.0,7.0,19.0,28.0,0.0,0.0,21.0,2.0,0.0,3.0,20.0,7.0,3.0,0.56,0.75,0.78,1.0,1.0,0.0,40.67,30.0,29.66,1.0,0.35,0.56,0.56,1.88,1.87,1.82,14.15,1.5,1.1,3.25,0.4,6.78,4.97,1.44,1.5,1.43,16.0,2.0,8.0,26.0,4.0,1.0,1.0,2.0,0.0,7.0,4.0,12.0,14.0,4.0,8.0,16.0,17.0,3.0,11.0,9.0,8.0,1.0,0.32,0.96,0.23,0.0,3.0,1.0,26.26,18.0,18.23,6.0,0.23,0.23,0.23,1.5,1.5,1.46
847795184793438480855,2025,Mcbain-Schmaltz-Keller,UTA,line,5on5,11,1370.0,126.0,0.48,0.45,0.51,13.35,1.44,0.9,3.56,0.44,6.83,4.83,1.38,1.48,1.42,15.0,3.0,4.0,22.0,1.0,3.0,0.0,6.0,0.0,5.0,3.0,14.0,17.0,2.0,4.0,8.0,4.0,1.0,10.0,13.0,2.0,3.0,0.35,0.24,0.85,0.0,0.0,1.0,22.0,18.0,17.91,4.0,0.19,0.56,0.56,1.07,1.1,1.08,12.83,1.55,0.8,3.12,0.42,6.4,4.71,1.46,1.55,1.46,9.0,8.0,10.0,27.0,2.0,4.0,0.0,1.0,0.0,4.0,6.0,7.0,15.0,0.0,0.0,17.0,14.0,2.0,8.0,10.0,5.0,2.0,0.34,0.67,0.54,1.0,1.0,0.0,26.93,17.0,17.2,5.0,0.17,0.7,0.7,1.01,1.02,1.0
847121584716758475810,2025,Malkin-Crosby-Rust,PIT,line,5on5,13,1302.0,107.0,0.67,0.59,0.61,14.07,1.74,1.04,3.51,0.48,6.84,5.39,1.61,1.79,1.67,14.0,5.0,4.0,23.0,0.0,2.0,0.0,4.0,0.0,10.0,3.0,14.0,19.0,1.0,2.0,10.0,3.0,1.0,11.0,12.0,5.0,2.0,0.41,0.84,0.48,0.0,0.0,0.0,23.11,19.0,19.25,3.0,0.22,0.39,0.39,1.57,1.63,1.57,9.53,0.87,0.67,2.66,0.31,4.31,3.18,0.84,0.88,0.85,9.0,3.0,4.0,16.0,2.0,0.0,0.0,2.0,0.0,3.0,5.0,7.0,10.0,2.0,4.0,17.0,10.0,1.0,10.0,9.0,2.0,1.0,0.29,0.34,0.23,2.0,0.0,0.0,16.55,12.0,12.2,6.0,0.15,0.0,0.0,1.01,1.02,0.99
84769678477498,2025,Nurse-Kulak,EDM,pairing,5on5,27,2677.0,169.0,0.19,0.39,0.38,13.89,0.67,0.75,4.04,0.44,6.95,6.16,0.64,0.7,0.67,13.0,6.0,8.0,27.0,0.0,1.0,0.0,1.0,0.0,11.0,6.0,13.0,19.0,4.0,8.0,15.0,23.0,0.0,13.0,16.0,2.0,1.0,0.24,0.2,0.23,0.0,0.0,0.0,27.47,19.0,19.43,7.0,0.15,0.03,0.03,0.79,0.83,0.8,24.37,2.84,1.74,5.48,0.74,11.4,8.8,2.7,2.87,2.74,20.0,11.0,11.0,42.0,3.0,4.0,1.0,2.0,0.0,11.0,11.0,17.0,28.0,0.0,0.0,13.0,12.0,6.0,11.0,17.0,9.0,5.0,0.38,1.24,1.22,0.0,1.0,2.0,42.99,31.0,31.41,6.0,0.37,0.84,0.84,2.37,2.4,2.37
84803368480817,2025,Miller-Walker,CAR,pairing,5on5,31,18219.0,102.0,0.6,0.62,0.62,192.77,15.93,11.8,50.24,6.35,103.29,74.39,15.13,15.99,15.17,146.0,116.0,105.0,367.0,8.0,15.0,0.0,44.0,0.0,101.0,94.0,138.0,254.0,17.0,34.0,158.0,110.0,32.0,93.0,204.0,43.0,15.0,6.45,5.57,3.91,6.0,2.0,0.0,370.61,262.0,264.46,41.0,2.45,2.19,2.74,15.64,15.71,15.2,117.44,10.8,7.72,29.7,4.03,63.04,46.71,10.39,10.77,10.36,105.0,57.0,67.0,229.0,12.0,8.0,0.0,17.0,0.0,60.0,65.0,93.0,150.0,18.0,36.0,164.0,123.0,20.0,94.0,120.0,31.0,11.0,3.95,3.89,2.96,5.0,5.0,2.0,227.14,162.0,161.47,41.0,1.61,1.55,1.55,10.85,10.85,10.68
847639384770738483676,2025,Macdermid-Halliday-Cousins,OTT,line,5on5,5,773.0,23.0,0.33,0.38,0.28,3.7,0.25,0.25,1.07,0.11,1.91,1.4,0.25,0.28,0.27,2.0,3.0,4.0,9.0,0.0,0.0,0.0,0.0,0.0,0.0,5.0,2.0,5.0,5.0,16.0,7.0,14.0,0.0,4.0,4.0,1.0,0.0,0.17,0.09,0.0,0.0,0.0,0.0,9.71,5.0,5.35,2.0,0.05,0.0,0.0,0.31,0.33,0.33,9.32,0.52,0.57,2.17,0.28,5.49,3.96,0.52,0.53,0.52,6.0,7.0,2.0,15.0,1.0,0.0,0.0,1.0,0.0,6.0,5.0,5.0,12.0,2.0,10.0,8.0,11.0,1.0,2.0,11.0,2.0,0.0,0.33,0.2,0.0,0.0,1.0,0.0,14.83,13.0,12.92,1.0,0.12,0.0,0.0,0.64,0.65,0.64
84793698481219,2025,Aspirot-Peeke,BOS,pairing,5on5,17,1714.0,127.0,0.38,0.5,0.52,12.63,0.76,0.7,3.26,0.39,6.69,5.21,0.76,0.74,0.74,12.0,5.0,10.0,27.0,1.0,0.0,0.0,3.0,0.0,7.0,6.0,11.0,16.0,2.0,7.0,7.0,20.0,2.0,5.0,13.0,4.0,0.0,0.25,0.51,0.0,0.0,1.0,0.0,26.27,17.0,16.73,1.0,0.14,0.0,0.0,0.9,0.88,0.87,11.8,1.26,0.82,3.35,0.44,5.91,4.23,1.23,1.3,1.27,11.0,5.0,11.0,27.0,1.0,1.0,0.0,1.0,0.0,8.0,5.0,10.0,15.0,3.0,9.0,11.0,20.0,3.0,8.0,7.0,8.0,1.0,0.17,0.9,0.2,0.0,1.0,0.0,28.63,16.0,16.71,3.0,0.18,0.01,0.01,1.43,1.47,1.43
847638984773808478550,2025,Panarin-Trocheck-Brodzinski,NYR,line,5on5,9,1121.0,105.0,0.31,0.56,0.52,9.24,0.65,0.67,1.98,0.27,5.77,3.67,0.65,0.63,0.62,8.0,5.0,7.0,20.0,1.0,0.0,0.0,3.0,0.0,5.0,4.0,7.0,12.0,0.0,0.0,9.0,10.0,2.0,4.0,10.0,3.0,0.0,0.24,0.41,0.0,1.0,0.0,0.0,19.63,13.0,12.84,1.0,0.13,0.0,0.0,0.79,0.76,0.75,9.5,1.42,0.57,2.42,0.3,3.99,3.3,1.3,1.42,1.3,9.0,3.0,4.0,16.0,0.0,3.0,0.0,2.0,0.0,4.0,3.0,9.0,12.0,1.0,2.0,6.0,6.0,2.0,4.0,8.0,1.0,3.0,0.24,0.17,1.01,0.0,0.0,0.0,15.92,12.0,12.02,0.0,0.12,1.01,1.01,0.53,0.56,0.54
84751678481719,2025,Hedman-Crozier,TBL,pairing,5on5,6,2323.0,25.0,0.56,0.63,0.59,16.6,1.16,0.99,3.89,0.49,9.32,7.14,1.16,1.14,1.14,15.0,8.0,15.0,38.0,0.0,0.0,0.0,4.0,0.0,8.0,11.0,15.0,23.0,7.0,20.0,7.0,13.0,4.0,10.0,18.0,5.0,0.0,0.55,0.62,0.0,0.0,0.0,0.0,38.15,23.0,22.88,3.0,0.2,0.0,0.0,1.37,1.34,1.34,11.43,0.9,0.72,3.01,0.38,6.63,4.36,0.89,0.91,0.91,12.0,4.0,6.0,22.0,0.0,0.0,0.0,4.0,0.0,5.0,7.0,12.0,16.0,4.0,14.0,12.0,22.0,4.0,5.0,13.0,1.0,2.0,0.31,0.08,0.51,0.0,0.0,0.0,22.59,16.0,16.49,3.0,0.15,0.0,0.0,1.04,1.06,1.05
847688184816048482125,2025,Dorofeyev-Hertl-Holtz,VGK,line,5on5,7,2584.0,56.0,0.39,0.42,0.37,17.53,1.97,1.34,3.98,0.54,9.72,6.45,1.85,1.95,1.83,12.0,12.0,13.0,37.0,5.0,1.0,0.0,3.0,0.0,10.0,5.0,7.0,19.0,3.0,9.0,29.0,9.0,2.0,15.0,15.0,5.0,4.0,0.42,0.61,0.95,1.0,2.0,2.0,37.43,24.0,24.18,9.0,0.28,0.2,0.2,2.05,2.02,1.89,29.47,3.05,2.06,7.25,1.01,15.57,12.06,2.93,3.07,2.95,28.0,13.0,11.0,52.0,4.0,5.0,1.0,3.0,0.0,14.0,15.0,24.0,37.0,2.0,7.0,24.0,25.0,4.0,19.0,32.0,4.0,5.0,0.97,0.54,1.54,2.0,1.0,1.0,50.63,41.0,40.65,8.0,0.43,1.54,1.54,1.94,1.96,1.93
84763728481178,2025,Seeler-Zamula,PHI,pairing,5on5,7,2816.0,37.0,0.54,0.46,0.54,27.51,2.56,1.66,7.1,0.88,14.2,10.6,2.43,2.68,2.54,29.0,8.0,7.0,44.0,5.0,2.0,0.0,9.0,0.0,15.0,6.0,24.0,32.0,0.0,0.0,19.0,27.0,5.0,10.0,27.0,7.0,3.0,0.86,0.85,0.85,4.0,1.0,0.0,47.39,37.0,38.84,5.0,0.34,0.53,0.53,2.37,2.48,2.43,22.42,2.21,1.47,5.65,0.83,12.58,9.25,2.16,2.12,2.07,17.0,15.0,20.0,52.0,1.0,3.0,0.0,4.0,0.0,9.0,15.0,16.0,31.0,2.0,4.0,16.0,18.0,2.0,12.0,20.0,11.0,1.0,0.65,1.23,0.33,1.0,0.0,0.0,48.04,32.0,30.44,9.0,0.3,0.54,0.54,1.97,1.88,1.85
847843984802208483733,2025,Konecny-Cates-Grebenkin,PHI,line,5on5,8,1342.0,75.0,0.44,0.48,0.52,12.64,0.83,0.73,3.2,0.4,6.49,5.35,0.82,0.86,0.85,13.0,4.0,3.0,20.0,2.0,0.0,0.0,2.0,0.0,9.0,4.0,11.0,15.0,0.0,0.0,12.0,12.0,3.0,6.0,13.0,4.0,0.0,0.36,0.47,0.0,2.0,0.0,0.0,20.54,17.0,17.22,2.0,0.15,0.0,0.0,0.98,1.02,1.0,10.77,1.04,0.7,2.64,0.41,6.39,4.82,1.01,1.0,0.97,6.0,10.0,6.0,22.0,1.0,1.0,0.0,1.0,0.0,6.0,7.0,5.0,15.0,1.0,2.0,10.0,15.0,1.0,4.0,11.0,4.0,1.0,0.32,0.52,0.2,0.0,1.0,0.0,21.55,16.0,15.69,2.0,0.14,0.17,0.17,1.01,0.98,0.95
847752784784248481754,2025,Johnston-Harkins-Nesterenko,ANA,line,5on5,6,1869.0,33.0,0.53,0.55,0.54,17.32,1.56,1.16,4.7,0.66,10.13,6.78,1.49,1.47,1.41,15.0,10.0,13.0,38.0,1.0,3.0,1.0,5.0,0.0,9.0,7.0,14.0,24.0,5.0,15.0,17.0,31.0,0.0,4.0,19.0,4.0,2.0,0.41,0.56,0.59,0.0,0.0,1.0,36.9,25.0,24.2,2.0,0.24,0.62,0.62,1.19,1.11,1.1,15.24,1.41,1.08,3.59,0.51,8.5,5.91,1.27,1.52,1.36,14.0,7.0,10.0,31.0,3.0,2.0,0.0,3.0,0.0,9.0,4.0,11.0,18.0,1.0,5.0,13.0,19.0,1.0,11.0,15.0,5.0,1.0,0.48,0.68,0.26,2.0,1.0,0.0,32.58,21.0,22.05,6.0,0.22,0.34,0.34,1.29,1.39,1.26
847516684815828482259,2025,Robertson-Tavares-Mcmann,TOR,line,5on5,10,2687.0,65.0,0.62,0.47,0.48,22.82,2.46,1.63,5.32,0.79,11.95,8.85,2.22,2.32,2.09,19.0,12.0,7.0,38.0,3.0,5.0,2.0,5.0,0.0,8.0,10.0,16.0,28.0,4.0,8.0,27.0,19.0,4.0,12.0,20.0,7.0,4.0,0.57,0.74,1.15,0.0,1.0,2.0,35.89,31.0,29.27,5.0,0.34,1.18,1.18,1.61,1.51,1.49,23.76,1.48,1.36,6.52,0.8,12.86,9.97,1.46,1.59,1.56,20.0,13.0,10.0,43.0,1.0,1.0,0.0,5.0,0.0,15.0,11.0,19.0,32.0,3.0,6.0,16.0,18.0,3.0,17.0,29.0,3.0,1.0,0.81,0.35,0.32,0.0,0.0,1.0,45.23,33.0,34.83,8.0,0.28,0.01,0.01,1.76,1.87,1.84
847749784826608482705,2025,Johnson-Monahan-Sillinger,CBJ,line,5on5,7,2437.0,63.0,0.45,0.44,0.43,18.74,1.82,1.2,4.5,0.58,9.49,7.41,1.75,1.9,1.83,17.0,8.0,9.0,34.0,2.0,3.0,1.0,3.0,0.0,8.0,9.0,15.0,23.0,1.0,2.0,26.0,5.0,5.0,18.0,15.0,8.0,2.0,0.41,0.94,0.48,0.0,1.0,1.0,35.11,25.0,25.79,12.0,0.25,0.58,0.58,1.5,1.55,1.53,24.9,2.25,1.68,6.31,0.8,13.15,8.81,2.21,2.18,2.13,23.0,10.0,11.0,44.0,4.0,2.0,0.0,5.0,0.0,14.0,8.0,19.0,29.0,0.0,0.0,25.0,23.0,4.0,7.0,24.0,7.0,2.0,0.88,0.92,0.46,3.0,0.0,1.0,43.43,33.0,32.79,2.0,0.35,0.42,0.42,2.18,2.11,2.08
847804684795338481481,2025,Koppanen-Lizotte-Heinen,PIT,line,5on5,5,1704.0,40.0,0.61,0.54,0.54,14.77,1.66,1.09,3.6,0.47,7.27,4.91,1.55,1.61,1.5,10.0,9.0,8.0,27.0,1.0,3.0,0.0,4.0,0.0,6.0,5.0,9.0,18.0,2.0,6.0,15.0,11.0,3.0,4.0,11.0,6.0,2.0,0.31,0.85,0.5,1.0,0.0,0.0,26.65,19.0,18.56,3.0,0.23,0.69,0.69,1.2,1.17,1.15,12.06,1.08,0.66,3.53,0.39,5.84,4.51,1.05,1.09,1.05,10.0,6.0,7.0,23.0,0.0,1.0,0.0,2.0,0.0,7.0,6.0,10.0,16.0,1.0,2.0,17.0,10.0,6.0,8.0,11.0,4.0,1.0,0.24,0.5,0.34,0.0,0.0,0.0,22.81,16.0,16.23,4.0,0.14,0.34,0.34,0.88,0.91,0.87
847814784809808481481,2025,Imama-Lizotte-Dewar,PIT,line,5on5,2,667.0,8.0,0.75,0.55,0.56,6.96,0.62,0.42,1.79,0.26,3.44,2.48,0.58,0.69,0.64,6.0,3.0,2.0,11.0,0.0,1.0,0.0,0.0,0.0,3.0,5.0,6.0,9.0,4.0,8.0,10.0,6.0,1.0,3.0,6.0,3.0,0.0,0.25,0.37,0.0,0.0,0.0,0.0,12.5,9.0,10.04,0.0,0.09,0.08,0.08,0.64,0.71,0.66,5.11,0.21,0.27,1.57,0.17,2.7,2.08,0.21,0.2,0.2,4.0,3.0,2.0,9.0,0.0,0.0,0.0,2.0,0.0,1.0,4.0,4.0,7.0,2.0,4.0,3.0,8.0,1.0,5.0,7.0,0.0,0.0,0.21,0.0,0.0,0.0,0.0,0.0,8.15,7.0,6.41,4.0,0.05,0.0,0.0,0.26,0.24,0.24
848102484834998484136,2025,Ohgren-Sasson-Karlsson,VAN,line,5on5,7,1978.0,32.0,0.53,0.63,0.61,15.82,0.92,0.86,4.91,0.58,8.64,6.09,0.9,1.0,0.98,12.0,10.0,9.0,31.0,2.0,1.0,0.0,2.0,0.0,11.0,6.0,10.0,20.0,2.0,4.0,12.0,15.0,3.0,11.0,20.0,1.0,1.0,0.47,0.13,0.31,1.0,1.0,0.0,32.75,22.0,22.9,5.0,0.18,0.31,0.31,0.78,0.83,0.82,9.86,0.83,0.57,2.55,0.33,5.56,4.16,0.79,0.85,0.81,9.0,5.0,4.0,18.0,2.0,1.0,1.0,2.0,0.0,3.0,6.0,7.0,12.0,2.0,4.0,13.0,12.0,0.0,14.0,11.0,2.0,1.0,0.22,0.33,0.28,0.0,1.0,1.0,17.77,14.0,13.71,6.0,0.12,0.28,0.28,0.67,0.66,0.66
847747684774928480039,2025,Lehkonen-Mackinnon-Necas,COL,line,5on5,38,23034.0,101.0,0.57,0.55,0.54,249.02,25.42,16.49,61.45,8.05,131.11,95.48,24.02,26.16,24.73,224.0,114.0,148.0,486.0,33.0,27.0,7.0,37.0,0.0,129.0,112.0,191.0,305.0,28.0,57.0,209.0,79.0,33.0,134.0,233.0,79.0,26.0,8.21,9.99,7.22,17.0,11.0,5.0,501.15,338.0,347.8,54.0,3.46,6.19,6.19,22.69,23.31,22.56,215.89,19.25,13.83,55.28,7.17,110.96,82.5,18.47,18.7,17.95,187.0,102.0,108.0,397.0,10.0,28.0,2.0,50.0,0.0,94.0,107.0,177.0,279.0,27.0,57.0,252.0,128.0,33.0,117.0,208.0,54.0,27.0,5.37,7.07,6.81,4.0,3.0,3.0,384.68,289.0,281.06,62.0,2.89,5.4,5.4,16.75,16.26,16.0
847167584758108476483,2025,Rust-Crosby-Rakell,PIT,line,5on5,16,11597.0,17.0,0.41,0.47,0.47,90.94,8.28,6.76,22.55,3.11,51.59,36.71,7.9,8.28,7.91,73.0,56.0,48.0,177.0,9.0,6.0,0.0,23.0,1.0,55.0,35.0,64.0,120.0,8.0,16.0,127.0,50.0,16.0,65.0,96.0,23.0,10.0,3.17,2.74,2.37,3.0,4.0,2.0,179.18,129.0,129.52,29.0,1.42,0.86,0.86,8.84,8.85,8.54,105.39,11.79,7.01,26.48,3.5,55.54,40.67,11.2,11.77,11.18,94.0,51.0,54.0,199.0,6.0,16.0,2.0,19.0,0.0,48.0,56.0,88.0,139.0,12.0,24.0,114.0,64.0,11.0,53.0,95.0,35.0,15.0,2.54,4.52,4.74,0.0,3.0,3.0,195.05,145.0,143.63,25.0,1.46,3.88,3.88,9.37,9.35,9.2
84809508483425,2025,Bichsel-Lyubushkin,DAL,pairing,5on5,17,2604.0,131.0,0.32,0.36,0.39,17.59,1.45,1.1,4.66,0.57,9.49,6.73,1.44,1.52,1.51,13.0,11.0,6.0,30.0,1.0,2.0,0.0,1.0,0.0,10.0,10.0,12.0,23.0,5.0,12.0,21.0,23.0,2.0,23.0,17.0,6.0,1.0,0.47,0.68,0.3,0.0,0.0,1.0,30.95,24.0,24.88,14.0,0.23,0.18,0.18,1.5,1.55,1.55,28.64,3.02,1.8,8.03,0.98,14.26,9.92,2.77,2.98,2.74,25.0,13.0,16.0,54.0,0.0,6.0,0.0,3.0,0.0,15.0,14.0,25.0,38.0,4.0,8.0,10.0,25.0,4.0,8.0,26.0,6.0,6.0,0.72,0.63,1.68,0.0,0.0,0.0,52.98,38.0,37.78,5.0,0.38,1.21,1.21,2.2,2.15,2.02
847515184774948484221,2025,Drouin-Ritchie-Palmieri,NYI,line,5on5,4,1937.0,12.0,0.49,0.52,0.54,15.23,1.23,1.0,3.79,0.44,7.91,5.63,1.15,1.19,1.12,15.0,5.0,9.0,29.0,0.0,2.0,0.0,4.0,0.0,8.0,6.0,15.0,20.0,0.0,0.0,13.0,6.0,0.0,11.0,16.0,2.0,2.0,0.53,0.24,0.46,0.0,0.0,0.0,28.45,20.0,19.32,4.0,0.21,0.46,0.46,0.97,0.94,0.9,12.36,1.26,0.71,3.11,0.46,6.22,5.23,1.2,1.32,1.26,10.0,7.0,10.0,27.0,0.0,3.0,0.0,3.0,0.0,7.0,4.0,10.0,17.0,3.0,6.0,23.0,15.0,0.0,9.0,11.0,4.0,2.0,0.32,0.41,0.54,0.0,0.0,0.0,28.56,17.0,17.68,4.0,0.15,0.56,0.56,0.84,0.9,0.89
847456484751588478047,2025,Bunting-Stamkos-O'Reilly,NSH,line,5on5,11,758.0,154.0,0.36,0.63,0.61,11.7,0.79,0.71,2.92,0.42,7.0,5.15,0.76,0.77,0.74,5.0,12.0,5.0,22.0,1.0,0.0,0.0,2.0,0.0,10.0,4.0,4.0,16.0,1.0,2.0,9.0,1.0,2.0,2.0,14.0,3.0,0.0,0.4,0.4,0.0,0.0,1.0,0.0,20.5,17.0,16.39,0.0,0.15,0.0,0.0,0.94,0.91,0.88,8.69,1.4,0.56,1.89,0.25,4.09,2.81,1.32,1.4,1.32,7.0,4.0,2.0,13.0,2.0,1.0,0.0,0.0,0.0,3.0,5.0,5.0,9.0,3.0,6.0,5.0,2.0,0.0,5.0,7.0,1.0,3.0,0.27,0.2,0.93,1.0,0.0,1.0,13.79,11.0,11.44,4.0,0.12,0.39,0.39,1.13,1.13,1.12
84770188481527,2025,Hutton-Korczak,VGK,pairing,5on5,30,10853.0,140.0,0.57,0.5,0.52,84.2,8.36,5.26,21.54,2.78,43.94,32.12,8.07,8.45,8.16,64.0,50.0,49.0,163.0,7.0,9.0,1.0,17.0,0.0,49.0,32.0,57.0,107.0,13.0,29.0,82.0,63.0,12.0,54.0,77.0,28.0,9.0,2.25,3.34,2.77,4.0,1.0,2.0,164.35,114.0,114.89,22.0,1.11,2.46,2.46,7.0,7.1,6.96,75.6,6.37,4.79,19.57,2.56,41.18,29.54,6.07,6.26,5.97,64.0,40.0,59.0,163.0,4.0,9.0,1.0,15.0,0.0,34.0,42.0,60.0,100.0,11.0,25.0,69.0,97.0,15.0,52.0,82.0,14.0,8.0,2.3,1.61,2.46,3.0,1.0,0.0,162.99,104.0,103.88,30.0,0.98,2.19,2.19,5.17,5.09,4.98
847854284800038482713,2025,Boqvist-Rodrigues-Samoskevich,FLA,line,5on5,18,3881.0,126.0,0.51,0.52,0.5,27.24,2.33,1.7,6.76,0.89,14.9,10.42,2.25,2.37,2.29,26.0,11.0,18.0,55.0,2.0,2.0,0.0,8.0,0.0,10.0,15.0,24.0,35.0,7.0,14.0,29.0,38.0,5.0,15.0,26.0,9.0,2.0,0.74,1.09,0.49,0.0,2.0,0.0,55.68,37.0,37.41,7.0,0.36,0.35,0.35,2.33,2.36,2.34,27.85,2.22,1.73,7.39,0.87,14.12,10.67,2.2,2.22,2.2,23.0,14.0,14.0,51.0,0.0,3.0,0.0,6.0,1.0,15.0,12.0,23.0,37.0,5.0,10.0,40.0,25.0,7.0,15.0,28.0,6.0,3.0,0.65,0.81,0.76,0.0,0.0,0.0,51.43,37.0,37.2,6.0,0.36,0.62,0.62,1.96,1.96,1.95
84821788483490,2025,Mintyukov-Moore,ANA,pairing,5on5,18,8098.0,75.0,0.52,0.48,0.51,68.62,7.25,4.54,16.81,2.38,36.84,27.17,6.94,7.2,6.89,62.0,33.0,34.0,129.0,6.0,9.0,1.0,13.0,0.0,44.0,23.0,56.0,89.0,12.0,24.0,49.0,51.0,9.0,38.0,67.0,18.0,10.0,2.19,2.34,2.72,2.0,3.0,1.0,130.43,95.0,94.98,19.0,0.94,1.65,1.4,6.8,6.8,6.62,68.0,6.78,4.17,16.27,2.16,35.71,26.91,6.58,6.8,6.59,54.0,38.0,47.0,139.0,5.0,5.0,1.0,12.0,0.0,41.0,29.0,49.0,87.0,11.0,22.0,71.0,61.0,11.0,46.0,64.0,19.0,9.0,2.0,2.18,2.6,2.0,2.0,1.0,140.92,92.0,93.04,18.0,0.87,1.31,1.31,6.34,6.36,6.17
84793698480887,2025,Harris-Peeke,BOS,pairing,5on5,5,3107.0,12.0,0.53,0.56,0.56,32.31,2.25,1.97,9.4,1.11,16.81,12.45,2.2,2.17,2.11,24.0,20.0,16.0,60.0,2.0,5.0,0.0,7.0,0.0,18.0,12.0,22.0,42.0,4.0,8.0,25.0,24.0,5.0,13.0,37.0,5.0,2.0,1.05,0.71,0.49,2.0,0.0,0.0,57.7,44.0,42.08,5.0,0.42,0.59,0.59,2.08,2.02,1.97,25.16,1.99,1.66,6.34,0.88,13.38,9.76,1.98,2.07,2.05,23.0,11.0,14.0,48.0,3.0,3.0,1.0,7.0,0.0,9.0,12.0,20.0,31.0,2.0,4.0,15.0,37.0,2.0,12.0,26.0,7.0,1.0,0.74,0.96,0.29,0.0,3.0,0.0,50.3,34.0,35.76,6.0,0.34,0.37,0.37,1.96,2.04,2.03
848018884802088482116,2025,Zetterlund-Sttzle-Batherson,OTT,line,5on5,16,717.0,232.0,0.54,0.64,0.65,7.98,0.58,0.53,2.08,0.24,4.27,3.3,0.57,0.57,0.57,6.0,5.0,3.0,14.0,1.0,0.0,0.0,3.0,0.0,4.0,3.0,5.0,10.0,0.0,0.0,3.0,8.0,3.0,3.0,9.0,2.0,0.0,0.26,0.32,0.0,0.0,1.0,0.0,13.47,11.0,10.73,2.0,0.11,0.0,0.0,0.69,0.68,0.67,4.22,0.49,0.28,0.96,0.15,2.35,1.77,0.49,0.5,0.5,4.0,2.0,2.0,8.0,1.0,0.0,0.0,1.0,0.0,1.0,3.0,3.0,5.0,0.0,0.0,4.0,2.0,0.0,7.0,4.0,1.0,1.0,0.19,0.09,0.2,0.0,1.0,0.0,8.08,6.0,5.97,4.0,0.06,0.0,0.0,0.55,0.56,0.56
847842184793938481655,2025,Greer-Schwindt-Gregor,FLA,line,5on5,4,1634.0,15.0,0.68,0.43,0.43,6.69,1.0,0.47,1.75,0.31,3.25,2.22,0.95,1.03,0.98,6.0,3.0,4.0,13.0,0.0,2.0,0.0,1.0,0.0,2.0,4.0,6.0,9.0,4.0,11.0,12.0,24.0,2.0,4.0,3.0,5.0,1.0,0.12,0.57,0.3,0.0,0.0,0.0,13.38,9.0,9.17,2.0,0.1,0.39,0.39,0.71,0.72,0.71,8.45,0.46,0.48,2.19,0.27,5.03,3.56,0.46,0.45,0.45,8.0,4.0,5.0,17.0,1.0,0.0,0.0,2.0,0.0,1.0,8.0,7.0,11.0,1.0,5.0,12.0,13.0,2.0,5.0,11.0,1.0,0.0,0.33,0.13,0.0,0.0,1.0,0.0,16.32,12.0,11.65,4.0,0.1,0.0,0.0,0.56,0.55,0.55
847578684784028483512,2025,Hyman-Mcdavid-Savoie,EDM,line,5on5,6,1887.0,66.0,0.36,0.37,0.41,14.12,1.29,1.07,3.36,0.54,7.84,5.9,1.24,1.31,1.25,13.0,7.0,5.0,25.0,1.0,2.0,0.0,2.0,0.0,7.0,8.0,12.0,19.0,2.0,4.0,11.0,17.0,4.0,11.0,14.0,6.0,0.0,0.45,0.83,0.0,1.0,0.0,0.0,25.77,20.0,20.5,7.0,0.22,0.13,0.13,1.38,1.42,1.36,20.99,2.33,1.48,4.79,0.72,11.44,8.24,2.2,2.2,2.08,17.0,12.0,13.0,42.0,1.0,3.0,0.0,1.0,0.0,14.0,10.0,16.0,28.0,2.0,4.0,13.0,7.0,3.0,9.0,21.0,5.0,3.0,0.86,0.65,0.82,1.0,0.0,0.0,40.6,29.0,28.13,4.0,0.31,0.82,0.82,1.82,1.74,1.69
847682284810658483841,2025,Crookshank-Glendening-Parent,NJD,line,5on5,5,1838.0,20.0,0.21,0.41,0.41,14.73,0.56,0.81,4.63,0.56,7.25,5.2,0.55,0.55,0.53,10.0,9.0,7.0,26.0,0.0,1.0,0.0,4.0,0.0,4.0,10.0,10.0,19.0,0.0,0.0,19.0,17.0,2.0,5.0,19.0,0.0,0.0,0.56,0.0,0.0,0.0,0.0,0.0,25.49,19.0,18.52,4.0,0.17,0.04,0.04,0.69,0.68,0.66,20.25,2.07,1.33,5.5,0.68,9.65,7.77,1.84,2.08,1.85,20.0,7.0,11.0,38.0,1.0,6.0,0.0,5.0,0.0,11.0,4.0,19.0,26.0,1.0,2.0,13.0,19.0,3.0,5.0,19.0,4.0,4.0,0.49,0.47,1.1,0.0,1.0,0.0,37.19,27.0,26.92,4.0,0.28,1.26,1.26,1.09,1.1,1.05
84808658482964,2025,Xhekaj-Dobson,MTL,pairing,5on5,18,883.0,176.0,0.23,0.37,0.35,5.41,0.32,0.32,1.31,0.17,3.24,2.64,0.32,0.31,0.31,5.0,3.0,3.0,11.0,0.0,0.0,0.0,4.0,0.0,1.0,3.0,5.0,8.0,2.0,4.0,4.0,7.0,2.0,2.0,6.0,2.0,0.0,0.16,0.16,0.0,0.0,0.0,0.0,11.3,8.0,8.19,2.0,0.06,0.0,0.0,0.38,0.37,0.37,11.45,1.1,0.72,2.53,0.31,5.98,4.37,1.04,1.07,1.01,10.0,5.0,4.0,19.0,1.0,1.0,0.0,1.0,0.0,8.0,4.0,9.0,14.0,1.0,2.0,2.0,5.0,1.0,10.0,10.0,4.0,1.0,0.32,0.46,0.32,0.0,1.0,0.0,18.44,15.0,14.79,7.0,0.15,0.32,0.32,0.93,0.91,0.85
847795384814918481617,2025,Kapanen-Philp-Podkolzin,EDM,line,5on5,2,1173.0,4.0,0.5,0.69,0.71,12.64,0.73,0.7,3.0,0.38,7.22,4.97,0.7,0.72,0.7,14.0,3.0,5.0,22.0,1.0,0.0,0.0,4.0,0.0,9.0,3.0,13.0,16.0,2.0,4.0,11.0,16.0,2.0,5.0,13.0,3.0,1.0,0.25,0.27,0.21,0.0,1.0,0.0,22.37,17.0,17.29,2.0,0.14,0.0,0.0,0.87,0.86,0.83,5.53,0.72,0.4,1.12,0.16,2.65,1.96,0.7,0.73,0.72,5.0,2.0,3.0,10.0,2.0,0.0,0.0,0.0,0.0,4.0,1.0,3.0,5.0,2.0,4.0,5.0,9.0,1.0,7.0,5.0,1.0,1.0,0.23,0.2,0.29,1.0,0.0,1.0,9.92,7.0,6.93,4.0,0.08,0.0,0.0,0.8,0.82,0.8
848044884816418482947,2025,Kiviranta-Bardakov-Kelly,COL,line,5on5,8,1315.0,62.0,0.43,0.51,0.5,8.87,0.74,0.59,2.3,0.34,5.4,3.62,0.74,0.76,0.74,7.0,6.0,9.0,22.0,0.0,1.0,0.0,0.0,0.0,9.0,3.0,7.0,13.0,1.0,2.0,6.0,18.0,3.0,5.0,10.0,3.0,0.0,0.25,0.49,0.0,0.0,0.0,0.0,22.93,13.0,13.41,2.0,0.12,0.19,0.19,0.68,0.68,0.68,9.6,0.97,0.75,2.39,0.33,5.0,3.57,0.93,0.97,0.93,11.0,2.0,8.0,21.0,2.0,2.0,1.0,1.0,0.0,3.0,5.0,9.0,11.0,0.0,0.0,12.0,13.0,0.0,11.0,9.0,3.0,1.0,0.22,0.49,0.25,0.0,2.0,0.0,20.6,13.0,13.04,4.0,0.16,0.18,0.18,0.95,0.95,0.94
84745688477504,2025,Morrissey-Schenn,WPG,pairing,5on5,18,1677.0,145.0,0.3,0.4,0.32,5.56,0.37,0.33,1.46,0.22,3.23,2.41,0.37,0.34,0.34,6.0,2.0,6.0,14.0,0.0,0.0,0.0,5.0,0.0,2.0,1.0,6.0,8.0,0.0,0.0,9.0,13.0,2.0,6.0,7.0,1.0,0.0,0.18,0.19,0.0,0.0,0.0,0.0,14.38,8.0,7.9,2.0,0.07,0.0,0.0,0.44,0.41,0.41,11.86,0.84,0.78,3.15,0.37,6.97,4.89,0.83,0.85,0.84,10.0,7.0,4.0,21.0,1.0,0.0,0.0,1.0,0.0,9.0,6.0,9.0,16.0,3.0,6.0,11.0,8.0,3.0,1.0,13.0,4.0,0.0,0.35,0.49,0.0,0.0,1.0,0.0,20.89,17.0,16.85,1.0,0.16,0.0,0.0,0.99,1.01,0.99
847846384821488483573,2025,Beauvillier-Lapierre-Frank,WSH,line,5on5,6,839.0,52.0,0.85,0.62,0.67,10.75,1.24,0.71,2.71,0.35,5.09,3.9,1.15,1.23,1.14,6.0,8.0,2.0,16.0,0.0,2.0,0.0,2.0,0.0,6.0,4.0,6.0,14.0,1.0,2.0,3.0,2.0,1.0,4.0,8.0,5.0,1.0,0.29,0.68,0.26,0.0,0.0,0.0,15.22,14.0,13.45,2.0,0.15,0.44,0.44,0.95,0.95,0.92,5.13,0.23,0.28,1.22,0.14,2.81,2.32,0.23,0.23,0.22,4.0,3.0,3.0,10.0,1.0,0.0,0.0,1.0,0.0,2.0,3.0,3.0,6.0,1.0,2.0,4.0,13.0,1.0,4.0,6.0,1.0,0.0,0.12,0.11,0.0,0.0,1.0,0.0,10.62,7.0,7.0,4.0,0.06,0.0,0.0,0.28,0.28,0.28
847688084815808481656,2025,Protas-Mcmichael-Wilson,WSH,line,5on5,23,5847.0,170.0,0.48,0.55,0.57,62.09,5.36,4.31,15.06,1.96,33.98,24.32,5.19,5.41,5.24,62.0,23.0,23.0,108.0,7.0,6.0,2.0,14.0,0.0,22.0,36.0,55.0,78.0,9.0,18.0,54.0,36.0,5.0,33.0,59.0,23.0,3.0,1.72,2.8,0.84,3.0,2.0,2.0,108.05,85.0,85.65,19.0,0.89,1.11,1.14,5.11,5.16,5.08,48.33,5.82,3.4,12.49,1.61,23.28,17.4,5.48,5.85,5.49,42.0,22.0,26.0,90.0,5.0,5.0,1.0,10.0,0.0,23.0,21.0,37.0,59.0,4.0,8.0,71.0,27.0,2.0,31.0,36.0,21.0,7.0,1.13,2.78,1.91,0.0,3.0,2.0,89.0,64.0,63.67,13.0,0.73,0.84,0.84,5.71,5.71,5.46
84783968480727,2025,Hanifin-Whitecloud,VGK,pairing,5on5,27,19602.0,69.0,0.55,0.55,0.55,168.47,14.3,10.6,41.79,5.46,90.42,68.43,13.86,14.34,13.91,151.0,80.0,85.0,316.0,9.0,12.0,1.0,39.0,1.0,78.0,92.0,142.0,222.0,14.0,28.0,178.0,111.0,20.0,77.0,167.0,50.0,14.0,4.05,6.56,3.69,2.0,6.0,1.0,314.84,231.0,230.97,32.0,2.21,2.56,2.56,13.95,14.03,13.78,132.39,11.9,8.79,33.26,4.64,73.22,54.18,11.46,12.07,11.62,116.0,70.0,72.0,258.0,14.0,19.0,2.0,24.0,0.0,72.0,57.0,102.0,172.0,15.0,30.0,135.0,155.0,32.0,78.0,141.0,30.0,15.0,4.05,3.66,4.2,4.0,5.0,5.0,258.81,186.0,187.69,29.0,1.83,3.2,3.2,10.53,10.65,10.46
847516984784988480012,2025,Kane-Pettersson-Debrusk,VAN,line,5on5,9,1984.0,80.0,0.4,0.52,0.49,15.27,1.16,1.09,3.24,0.48,8.46,6.57,1.13,1.17,1.14,16.0,5.0,8.0,29.0,2.0,0.0,0.0,3.0,0.0,5.0,11.0,14.0,19.0,6.0,12.0,21.0,10.0,4.0,7.0,16.0,4.0,1.0,0.47,0.49,0.21,1.0,1.0,0.0,29.11,21.0,20.99,2.0,0.22,0.0,0.0,1.39,1.39,1.35,16.68,1.75,1.16,3.88,0.5,8.5,6.2,1.67,1.66,1.57,14.0,8.0,5.0,27.0,0.0,2.0,0.0,4.0,0.0,8.0,8.0,14.0,22.0,2.0,4.0,22.0,11.0,2.0,9.0,14.0,5.0,3.0,0.42,0.64,0.7,0.0,0.0,0.0,26.19,22.0,21.36,5.0,0.24,0.48,0.48,1.51,1.44,1.38
847168584764698477960,2025,Armia-Kopitar-Kempe,LAK,line,5on5,13,3101.0,114.0,0.47,0.58,0.56,25.7,1.91,1.56,6.33,0.82,14.15,10.24,1.9,1.95,1.95,20.0,15.0,14.0,49.0,3.0,0.0,0.0,3.0,0.0,14.0,15.0,17.0,32.0,2.0,4.0,29.0,8.0,4.0,6.0,28.0,6.0,1.0,0.73,0.93,0.25,1.0,2.0,0.0,50.42,35.0,35.93,1.0,0.32,0.0,0.0,2.23,2.28,2.28,20.7,2.11,1.41,4.71,0.75,10.74,8.28,2.04,2.06,1.98,19.0,9.0,7.0,35.0,2.0,3.0,0.0,2.0,0.0,7.0,14.0,17.0,26.0,4.0,8.0,22.0,15.0,6.0,13.0,19.0,7.0,2.0,0.52,0.93,0.66,0.0,1.0,1.0,33.98,28.0,27.3,6.0,0.3,0.64,0.64,1.76,1.72,1.71
84815428481607,2025,Johansson-Seider,DET,pairing,5on5,24,2401.0,169.0,0.55,0.47,0.53,24.61,2.88,1.87,6.83,0.85,11.99,8.58,2.76,2.93,2.8,29.0,4.0,8.0,41.0,3.0,8.0,1.0,9.0,0.0,5.0,8.0,26.0,30.0,2.0,4.0,12.0,16.0,1.0,8.0,20.0,8.0,5.0,0.51,1.11,1.26,0.0,2.0,1.0,40.53,33.0,33.1,3.0,0.4,1.26,1.26,2.02,2.06,2.02,20.68,2.35,1.45,5.04,0.68,11.33,8.15,2.25,2.31,2.21,16.0,13.0,17.0,46.0,2.0,2.0,0.0,6.0,0.0,10.0,9.0,14.0,27.0,3.0,6.0,15.0,11.0,1.0,12.0,21.0,3.0,5.0,0.73,0.41,1.21,1.0,0.0,1.0,44.87,29.0,28.98,5.0,0.3,0.56,0.56,2.09,2.08,2.06
847793484782338478402,2025,Mangiapane-Draisaitl-Mcdavid,EDM,line,5on5,14,1873.0,160.0,0.58,0.53,0.57,14.7,1.32,0.91,3.65,0.48,8.45,6.2,1.27,1.37,1.31,13.0,8.0,6.0,27.0,1.0,1.0,0.0,3.0,0.0,6.0,10.0,12.0,20.0,0.0,0.0,16.0,1.0,2.0,15.0,15.0,6.0,0.0,0.48,0.84,0.0,1.0,0.0,0.0,27.54,21.0,21.43,4.0,0.19,0.19,0.19,1.32,1.36,1.33,10.78,0.95,0.78,2.75,0.41,6.65,4.46,0.93,0.92,0.9,8.0,8.0,8.0,24.0,2.0,1.0,0.0,1.0,0.0,7.0,5.0,6.0,14.0,0.0,0.0,7.0,12.0,2.0,8.0,11.0,5.0,0.0,0.35,0.6,0.0,1.0,1.0,0.0,23.5,16.0,15.81,4.0,0.16,0.09,0.09,1.03,1.0,0.97
847795684799878482177,2025,Geekie-Khusnutdinov-Pastrnak,BOS,line,5on5,12,5430.0,46.0,0.5,0.49,0.47,43.32,4.38,2.67,10.13,1.4,22.48,16.93,4.29,4.45,4.36,39.0,19.0,27.0,85.0,4.0,3.0,1.0,8.0,0.0,18.0,25.0,35.0,54.0,7.0,17.0,34.0,43.0,5.0,30.0,41.0,13.0,4.0,1.12,1.66,1.6,0.0,2.0,2.0,86.68,58.0,58.79,16.0,0.55,1.11,1.11,3.83,3.92,3.9,47.76,4.32,2.93,11.39,1.54,25.53,19.28,4.21,4.37,4.26,46.0,19.0,23.0,88.0,4.0,5.0,1.0,8.0,0.0,28.0,20.0,42.0,61.0,10.0,23.0,39.0,35.0,7.0,28.0,45.0,14.0,6.0,1.23,1.58,1.5,1.0,2.0,1.0,87.9,65.0,65.24,12.0,0.6,0.81,0.81,4.12,4.16,4.09
847795584835248484800,2025,Mccann-Catton-Wright,SEA,line,5on5,4,1972.0,14.0,0.46,0.52,0.52,16.49,1.46,1.08,4.67,0.57,9.12,6.1,1.4,1.42,1.37,17.0,6.0,11.0,34.0,1.0,3.0,1.0,6.0,0.0,9.0,4.0,16.0,22.0,3.0,6.0,15.0,5.0,4.0,13.0,16.0,6.0,1.0,0.42,0.76,0.28,1.0,0.0,0.0,35.35,23.0,23.03,3.0,0.23,0.43,0.43,1.26,1.25,1.22,15.36,1.74,0.96,3.88,0.5,7.83,6.08,1.7,1.79,1.75,15.0,6.0,10.0,31.0,1.0,3.0,0.0,4.0,0.0,8.0,5.0,14.0,20.0,1.0,4.0,22.0,15.0,2.0,8.0,15.0,4.0,2.0,0.47,0.47,0.8,1.0,0.0,0.0,30.77,21.0,21.14,4.0,0.2,0.93,0.93,1.02,1.05,1.04
84768758480865,2025,Matheson-Dobson,MTL,pairing,5on5,37,30758.0,52.0,0.48,0.46,0.48,240.36,21.77,15.08,58.88,7.81,126.05,94.4,20.78,21.89,20.89,216.0,108.0,123.0,447.0,25.0,25.0,3.0,50.0,0.0,101.0,123.0,191.0,299.0,34.0,74.0,271.0,185.0,35.0,113.0,225.0,80.0,19.0,6.68,10.0,5.1,10.0,12.0,3.0,446.25,324.0,324.37,69.0,3.14,5.23,5.23,19.68,19.77,19.27,264.82,23.54,16.98,66.59,8.72,138.81,102.36,22.74,23.78,22.97,223.0,134.0,167.0,524.0,23.0,24.0,0.0,49.0,0.0,133.0,128.0,200.0,334.0,32.0,72.0,252.0,183.0,35.0,159.0,260.0,74.0,23.0,7.63,9.69,6.23,10.0,9.0,4.0,527.31,357.0,359.51,78.0,3.53,4.07,4.07,23.0,23.3,22.78
84783968481527,2025,Hanifin-Korczak,VGK,pairing,5on5,21,5009.0,111.0,0.57,0.56,0.56,51.3,4.6,3.73,12.41,1.72,27.67,19.87,4.3,4.38,4.1,50.0,20.0,28.0,98.0,1.0,6.0,0.0,10.0,0.0,31.0,22.0,49.0,69.0,1.0,2.0,30.0,24.0,11.0,30.0,48.0,19.0,3.0,1.25,2.58,0.77,0.0,1.0,0.0,93.28,70.0,66.45,12.0,0.79,0.83,0.84,4.55,4.36,4.19,39.5,3.46,2.44,10.56,1.37,21.02,15.15,3.3,3.62,3.45,31.0,23.0,22.0,76.0,2.0,5.0,0.0,6.0,0.0,22.0,19.0,29.0,52.0,3.0,8.0,35.0,19.0,7.0,20.0,42.0,7.0,5.0,1.16,0.9,1.4,2.0,0.0,0.0,78.07,54.0,55.66,11.0,0.51,1.33,1.33,2.64,2.7,2.64
847707084788318479977,2025,O'Brien-Stenlund-Yamamoto,UTA,line,5on5,7,2982.0,27.0,0.65,0.65,0.58,22.81,1.86,1.43,6.07,0.77,12.98,8.88,1.79,1.93,1.86,20.0,12.0,21.0,53.0,2.0,1.0,0.0,6.0,0.0,11.0,12.0,18.0,30.0,4.0,11.0,34.0,30.0,0.0,11.0,24.0,7.0,1.0,0.65,0.91,0.3,2.0,0.0,0.0,54.09,32.0,32.74,7.0,0.3,0.3,0.3,1.86,1.91,1.86,16.76,1.02,0.98,5.03,0.53,9.07,6.36,1.01,0.99,0.97,13.0,10.0,6.0,29.0,1.0,2.0,0.0,5.0,1.0,5.0,9.0,12.0,22.0,3.0,9.0,21.0,21.0,3.0,18.0,20.0,2.0,1.0,0.53,0.19,0.31,0.0,1.0,0.0,28.15,23.0,22.41,10.0,0.21,0.34,0.34,0.89,0.86,0.86
848002784821458482740,2025,Robertson-Johnston-Bourque,DAL,line,5on5,19,4762.0,129.0,0.54,0.49,0.52,52.92,5.14,3.4,13.03,1.71,26.98,19.74,4.92,5.03,4.82,52.0,18.0,15.0,85.0,0.0,4.0,0.0,14.0,0.0,26.0,26.0,52.0,70.0,5.0,10.0,41.0,23.0,7.0,20.0,47.0,19.0,4.0,1.48,2.36,1.3,0.0,0.0,0.0,82.52,70.0,67.84,13.0,0.71,1.07,1.07,4.76,4.67,4.56,47.52,4.41,3.04,13.04,1.73,23.72,18.06,4.29,4.5,4.37,39.0,25.0,25.0,89.0,5.0,6.0,1.0,8.0,0.0,23.0,22.0,34.0,59.0,4.0,8.0,39.0,45.0,4.0,20.0,44.0,15.0,5.0,1.45,1.8,1.17,1.0,3.0,1.0,91.32,64.0,65.75,8.0,0.64,1.02,1.02,4.04,4.14,4.11
84781368483460,2025,Middleton-Jiricek,MIN,pairing,5on5,11,3944.0,70.0,0.48,0.49,0.5,38.2,3.2,2.56,8.89,1.27,21.24,15.84,3.01,3.13,2.94,32.0,21.0,19.0,72.0,0.0,4.0,0.0,8.0,0.0,15.0,26.0,32.0,53.0,7.0,20.0,30.0,45.0,2.0,15.0,40.0,10.0,3.0,1.17,1.3,0.73,0.0,0.0,0.0,69.52,53.0,51.84,7.0,0.53,0.74,0.74,3.0,2.94,2.79,40.85,3.51,2.77,10.63,1.29,20.78,15.02,3.17,3.66,3.29,35.0,19.0,21.0,75.0,2.0,6.0,0.0,10.0,0.0,17.0,19.0,33.0,52.0,2.0,10.0,34.0,30.0,2.0,20.0,40.0,12.0,2.0,1.28,1.56,0.67,1.0,1.0,0.0,77.49,54.0,55.97,12.0,0.58,1.13,1.13,2.96,3.04,2.94
84757648481598,2025,Broberg-Fowler,STL,pairing,5on5,29,1548.0,234.0,0.65,0.63,0.67,17.05,1.55,1.05,4.23,0.51,8.01,6.64,1.53,1.54,1.51,16.0,6.0,7.0,29.0,3.0,4.0,1.0,3.0,0.0,4.0,8.0,13.0,19.0,0.0,0.0,0.0,7.0,0.0,9.0,15.0,5.0,2.0,0.39,0.62,0.55,2.0,1.0,0.0,28.82,22.0,21.93,3.0,0.22,0.81,0.81,0.96,0.96,0.96,8.43,0.82,0.57,1.96,0.26,4.13,3.27,0.77,0.89,0.82,6.0,5.0,6.0,17.0,1.0,2.0,0.0,2.0,0.0,0.0,6.0,5.0,10.0,2.0,4.0,0.0,7.0,2.0,9.0,8.0,2.0,1.0,0.29,0.28,0.26,1.0,0.0,0.0,17.42,11.0,11.31,1.0,0.12,0.4,0.4,0.54,0.55,0.54
847351284820928482116,2025,Greig-Sttzle-Giroux,OTT,line,5on5,5,647.0,80.0,0.1,0.3,0.31,2.9,0.1,0.14,1.0,0.09,1.6,1.08,0.1,0.1,0.09,1.0,3.0,2.0,6.0,0.0,0.0,0.0,0.0,0.0,2.0,2.0,1.0,4.0,0.0,0.0,3.0,4.0,1.0,7.0,4.0,0.0,0.0,0.1,0.0,0.0,0.0,0.0,0.0,5.93,4.0,3.96,1.0,0.03,0.0,0.0,0.13,0.12,0.12,7.09,0.87,0.56,1.55,0.28,3.38,2.37,0.81,0.92,0.85,8.0,1.0,5.0,14.0,2.0,3.0,1.0,2.0,0.0,2.0,0.0,6.0,7.0,0.0,0.0,4.0,3.0,2.0,5.0,4.0,4.0,1.0,0.16,0.47,0.24,0.0,2.0,0.0,14.62,9.0,9.36,3.0,0.12,0.43,0.43,0.55,0.57,0.56
847740484774268482201,2025,Guentzel-Paul-Goncalves,TBL,line,5on5,4,900.0,28.0,0.38,0.5,0.38,7.5,0.56,0.42,2.15,0.21,3.88,2.78,0.56,0.61,0.6,7.0,3.0,8.0,18.0,2.0,1.0,0.0,0.0,0.0,2.0,5.0,5.0,8.0,0.0,0.0,7.0,6.0,1.0,7.0,8.0,1.0,1.0,0.16,0.1,0.3,2.0,0.0,0.0,19.83,10.0,10.64,2.0,0.09,0.3,0.3,0.35,0.36,0.36,11.67,0.91,0.63,2.67,0.4,6.29,5.1,0.9,0.88,0.86,9.0,7.0,2.0,18.0,1.0,2.0,0.0,1.0,0.0,4.0,8.0,8.0,15.0,0.0,0.0,2.0,7.0,1.0,4.0,13.0,2.0,1.0,0.38,0.2,0.33,1.0,0.0,0.0,16.68,16.0,15.39,3.0,0.13,0.34,0.34,0.7,0.67,0.66
847523184816018484958,2025,Holmstrom-Cizikas-Tsyplakov,NYI,line,5on5,3,616.0,16.0,0.2,0.42,0.37,5.09,0.18,0.29,1.42,0.17,2.96,2.0,0.18,0.17,0.17,4.0,3.0,3.0,10.0,1.0,1.0,0.0,1.0,0.0,2.0,2.0,3.0,6.0,2.0,4.0,1.0,2.0,1.0,3.0,7.0,0.0,0.0,0.18,0.0,0.0,1.0,0.0,0.0,9.61,7.0,6.86,3.0,0.06,0.02,0.02,0.21,0.21,0.21,8.9,0.72,0.6,1.94,0.24,4.8,3.69,0.72,0.75,0.75,9.0,3.0,2.0,14.0,3.0,0.0,0.0,1.0,0.0,6.0,2.0,6.0,9.0,0.0,0.0,8.0,5.0,2.0,1.0,8.0,4.0,0.0,0.24,0.48,0.0,2.0,1.0,0.0,15.0,12.0,12.53,1.0,0.13,0.0,0.0,0.85,0.88,0.88
847897584834978483524,2025,Marchment-Wright-Nyman,SEA,line,5on5,7,1320.0,78.0,0.47,0.45,0.57,8.2,0.63,0.49,2.01,0.28,4.98,3.62,0.63,0.63,0.63,9.0,3.0,2.0,14.0,1.0,0.0,0.0,1.0,0.0,7.0,3.0,8.0,11.0,2.0,4.0,5.0,9.0,1.0,5.0,9.0,2.0,1.0,0.22,0.2,0.21,0.0,1.0,0.0,14.44,12.0,12.41,2.0,0.1,0.0,0.0,0.73,0.73,0.73,7.07,0.72,0.52,1.39,0.17,3.57,2.63,0.7,0.72,0.7,6.0,3.0,8.0,17.0,1.0,0.0,0.0,1.0,0.0,4.0,3.0,5.0,8.0,0.0,0.0,13.0,9.0,1.0,8.0,5.0,4.0,0.0,0.12,0.6,0.0,0.0,1.0,0.0,17.37,9.0,9.08,3.0,0.11,0.0,0.0,0.83,0.83,0.81
847841384826598482896,2025,Greenway-Kozak-Doan,BUF,line,5on5,5,2179.0,19.0,0.51,0.53,0.52,20.69,1.32,1.16,6.16,0.74,10.72,7.9,1.25,1.35,1.28,17.0,11.0,13.0,41.0,1.0,4.0,0.0,6.0,0.0,7.0,10.0,16.0,27.0,4.0,8.0,32.0,13.0,5.0,12.0,21.0,7.0,0.0,0.57,0.75,0.0,0.0,1.0,0.0,40.99,28.0,28.36,10.0,0.24,0.22,0.22,1.34,1.36,1.31,19.07,1.28,1.08,5.02,0.64,10.11,7.88,1.26,1.25,1.24,17.0,9.0,11.0,37.0,1.0,0.0,0.0,5.0,0.0,13.0,7.0,16.0,25.0,3.0,6.0,26.0,11.0,3.0,14.0,20.0,5.0,1.0,0.51,0.57,0.2,0.0,1.0,0.0,36.69,26.0,25.87,8.0,0.23,0.0,0.0,1.5,1.47,1.46
847841384793598482896,2025,Malenstyn-Kozak-Greenway,BUF,line,5on5,9,1072.0,98.0,0.16,0.22,0.2,2.64,0.17,0.17,0.76,0.1,1.58,1.22,0.17,0.17,0.17,2.0,2.0,3.0,7.0,0.0,0.0,0.0,0.0,0.0,3.0,1.0,2.0,4.0,1.0,2.0,9.0,13.0,1.0,6.0,3.0,1.0,0.0,0.05,0.12,0.0,0.0,0.0,0.0,7.11,4.0,4.13,3.0,0.04,0.0,0.0,0.21,0.21,0.21,11.0,0.92,0.85,2.56,0.42,6.37,4.9,0.92,0.9,0.9,7.0,9.0,9.0,25.0,2.0,1.0,0.0,1.0,0.0,4.0,8.0,5.0,14.0,0.0,0.0,7.0,12.0,0.0,1.0,12.0,3.0,1.0,0.28,0.39,0.25,1.0,1.0,0.0,24.05,16.0,15.64,0.0,0.18,0.01,0.01,1.08,1.05,1.05
847351284780208481596,2025,Amadio-Pinto-Giroux,OTT,line,5on5,23,11942.0,44.0,0.68,0.58,0.61,108.77,10.19,7.02,26.85,3.72,57.63,42.58,9.79,10.41,9.99,97.0,51.0,45.0,193.0,12.0,13.0,2.0,22.0,0.0,49.0,52.0,85.0,136.0,9.0,21.0,120.0,80.0,16.0,47.0,106.0,28.0,14.0,2.64,3.4,4.15,4.0,3.0,5.0,195.78,148.0,150.47,20.0,1.45,2.72,3.07,8.57,8.69,8.55,67.19,4.82,4.07,16.73,2.21,36.49,28.68,4.76,4.74,4.68,61.0,32.0,49.0,142.0,6.0,3.0,0.0,12.0,0.0,37.0,35.0,55.0,87.0,13.0,29.0,91.0,70.0,19.0,61.0,70.0,20.0,3.0,1.76,2.35,0.71,1.0,4.0,1.0,139.96,93.0,92.09,31.0,0.84,0.56,0.56,5.1,5.0,4.98
847168584779428477960,2025,Fiala-Kopitar-Kempe,LAK,line,5on5,25,2637.0,209.0,0.45,0.43,0.46,15.51,1.28,0.91,3.94,0.48,8.18,6.21,1.28,1.26,1.26,10.0,11.0,6.0,27.0,3.0,0.0,0.0,3.0,0.0,5.0,10.0,7.0,18.0,4.0,8.0,19.0,8.0,2.0,6.0,14.0,6.0,1.0,0.3,0.71,0.27,0.0,2.0,1.0,26.77,21.0,20.64,1.0,0.19,0.0,0.0,1.47,1.45,1.45,18.21,1.57,1.23,4.51,0.6,9.77,7.33,1.56,1.57,1.56,17.0,8.0,11.0,36.0,1.0,1.0,0.0,5.0,0.0,12.0,6.0,16.0,24.0,0.0,0.0,12.0,13.0,2.0,5.0,16.0,8.0,1.0,0.46,0.87,0.24,0.0,1.0,0.0,35.71,25.0,25.06,4.0,0.26,0.1,0.1,1.73,1.74,1.73
84815688481806,2025,Vlasic-Crevier,CHI,pairing,5on5,39,18099.0,166.0,0.45,0.49,0.49,141.92,11.95,9.09,36.72,4.99,78.75,56.51,11.69,11.69,11.44,114.0,84.0,76.0,274.0,9.0,22.0,1.0,28.0,0.0,62.0,77.0,105.0,189.0,21.0,42.0,145.0,108.0,23.0,74.0,148.0,38.0,12.0,3.88,4.92,3.15,4.0,3.0,2.0,268.69,198.0,193.27,46.0,1.88,3.1,2.74,11.09,10.84,10.74,155.91,14.52,10.46,37.56,5.0,80.78,60.69,13.76,14.51,13.77,131.0,78.0,74.0,283.0,19.0,18.0,7.0,24.0,0.0,71.0,77.0,112.0,190.0,16.0,34.0,163.0,122.0,26.0,92.0,153.0,39.0,17.0,4.64,4.82,5.06,9.0,4.0,6.0,284.55,209.0,209.25,44.0,2.19,4.66,4.66,12.05,12.05,11.89
84757538482516,2025,Faulk-Kessel,STL,pairing,5on5,15,3558.0,101.0,0.57,0.44,0.48,22.09,1.96,1.43,5.21,0.68,12.35,9.37,1.93,1.89,1.86,22.0,9.0,6.0,37.0,2.0,1.0,0.0,6.0,0.0,7.0,15.0,20.0,29.0,2.0,6.0,25.0,29.0,2.0,16.0,23.0,6.0,2.0,0.65,0.63,0.69,2.0,0.0,0.0,36.6,31.0,30.63,8.0,0.3,0.42,0.42,1.84,1.78,1.78,24.63,1.47,1.38,6.24,0.77,13.28,10.88,1.44,1.51,1.48,22.0,12.0,13.0,47.0,0.0,0.0,0.0,6.0,0.0,11.0,17.0,22.0,34.0,3.0,6.0,21.0,29.0,3.0,18.0,28.0,5.0,1.0,0.47,0.69,0.3,0.0,0.0,0.0,47.92,34.0,34.23,10.0,0.28,0.0,0.0,1.75,1.8,1.77
848104384834718484135,2025,Koepke-Ford-Lambert,WPG,line,5on5,2,799.0,8.0,0.17,0.21,0.19,3.07,0.28,0.24,0.67,0.08,1.67,1.07,0.28,0.29,0.29,3.0,1.0,2.0,6.0,1.0,0.0,0.0,0.0,0.0,0.0,3.0,2.0,3.0,3.0,6.0,3.0,13.0,2.0,3.0,3.0,1.0,0.0,0.12,0.16,0.0,0.0,1.0,0.0,6.52,4.0,4.2,1.0,0.05,0.0,0.0,0.33,0.34,0.34,12.62,1.39,0.9,3.53,0.51,6.23,4.44,1.07,1.37,1.05,11.0,6.0,5.0,22.0,0.0,2.0,0.0,3.0,0.0,6.0,6.0,11.0,17.0,0.0,0.0,6.0,4.0,1.0,1.0,12.0,3.0,2.0,0.34,0.5,0.55,0.0,0.0,0.0,20.46,17.0,16.34,1.0,0.19,0.39,0.39,1.2,1.18,0.9
847523184774078484958,2025,Duclair-Cizikas-Tsyplakov,NYI,line,5on5,5,1389.0,37.0,0.34,0.43,0.45,11.3,0.93,0.58,2.77,0.35,5.75,4.63,0.92,0.9,0.88,11.0,4.0,8.0,23.0,0.0,1.0,0.0,5.0,0.0,6.0,3.0,11.0,15.0,0.0,0.0,13.0,17.0,2.0,10.0,13.0,1.0,1.0,0.34,0.09,0.51,0.0,0.0,0.0,22.84,15.0,14.72,5.0,0.12,0.51,0.51,0.54,0.53,0.53,13.71,1.83,0.98,3.33,0.46,6.56,4.83,1.75,1.83,1.76,11.0,7.0,12.0,30.0,2.0,2.0,0.0,2.0,0.0,5.0,7.0,9.0,16.0,0.0,0.0,13.0,8.0,2.0,5.0,12.0,2.0,4.0,0.57,0.24,1.02,1.0,0.0,1.0,30.66,18.0,18.34,3.0,0.21,0.3,0.3,1.74,1.76,1.73
847638984821098484210,2025,Lafrenire-Trocheck-Perreault,NYR,line,5on5,2,744.0,23.0,0.77,0.75,0.76,12.23,1.45,0.9,2.96,0.46,5.95,4.28,1.39,1.46,1.4,10.0,6.0,8.0,24.0,0.0,3.0,0.0,4.0,0.0,5.0,4.0,10.0,16.0,1.0,2.0,5.0,4.0,1.0,3.0,6.0,9.0,1.0,0.26,0.99,0.2,0.0,0.0,0.0,23.57,16.0,15.61,0.0,0.19,0.31,0.31,1.33,1.33,1.31,3.88,0.44,0.21,0.75,0.12,1.96,1.52,0.44,0.43,0.43,3.0,2.0,3.0,8.0,1.0,0.0,0.0,0.0,0.0,2.0,2.0,2.0,4.0,0.0,0.0,5.0,2.0,0.0,5.0,2.0,3.0,0.0,0.13,0.31,0.0,0.0,1.0,0.0,8.1,5.0,5.13,5.0,0.04,0.0,0.0,0.48,0.48,0.48
84752798480879,2025,Chiarot-Bernard-Docker,DET,pairing,5on5,24,2545.0,155.0,0.37,0.27,0.31,13.25,1.51,0.9,2.68,0.44,6.94,5.55,1.5,1.61,1.61,10.0,8.0,3.0,21.0,0.0,1.0,0.0,2.0,0.0,5.0,10.0,10.0,18.0,2.0,4.0,13.0,14.0,2.0,17.0,11.0,5.0,2.0,0.45,0.57,0.49,0.0,0.0,0.0,21.88,18.0,18.86,11.0,0.19,0.01,0.01,1.68,1.8,1.79,28.41,2.6,1.99,7.0,1.02,16.69,11.7,2.51,2.52,2.44,25.0,16.0,16.0,57.0,1.0,3.0,0.0,5.0,0.0,17.0,15.0,24.0,40.0,3.0,6.0,14.0,18.0,2.0,9.0,30.0,10.0,1.0,1.06,1.24,0.29,1.0,0.0,0.0,54.4,41.0,39.16,4.0,0.42,0.53,0.53,2.48,2.41,2.36
847637484803558482177,2025,Khusnutdinov-Kuraly-Kastelic,BOS,line,5on5,9,2039.0,58.0,0.61,0.55,0.62,22.64,1.64,1.28,6.47,0.75,11.91,8.94,1.61,1.64,1.61,21.0,10.0,6.0,37.0,0.0,3.0,0.0,9.0,0.0,12.0,7.0,21.0,31.0,5.0,10.0,23.0,17.0,5.0,15.0,25.0,4.0,2.0,0.59,0.48,0.57,0.0,0.0,0.0,36.73,31.0,30.85,9.0,0.27,0.65,0.65,1.27,1.26,1.23,14.91,1.04,0.94,4.33,0.41,7.18,5.09,1.02,1.05,1.04,8.0,11.0,11.0,30.0,1.0,0.0,0.0,1.0,0.0,10.0,7.0,7.0,18.0,5.0,10.0,22.0,24.0,2.0,8.0,14.0,5.0,0.0,0.41,0.62,0.0,1.0,0.0,0.0,30.18,19.0,18.97,6.0,0.2,0.0,0.0,1.24,1.25,1.24
848044884816418484149,2025,Kiviranta-Kelly-Brindley,COL,line,5on5,7,2025.0,39.0,0.59,0.44,0.44,10.37,1.07,0.76,2.91,0.38,5.27,3.62,1.05,1.07,1.05,11.0,3.0,14.0,28.0,1.0,2.0,0.0,0.0,0.0,8.0,3.0,10.0,13.0,3.0,6.0,16.0,24.0,2.0,9.0,10.0,3.0,1.0,0.4,0.39,0.28,1.0,0.0,0.0,28.58,14.0,14.33,5.0,0.16,0.31,0.31,0.91,0.93,0.92,12.96,0.73,0.75,3.2,0.42,7.19,5.72,0.73,0.72,0.71,7.0,11.0,17.0,35.0,0.0,1.0,0.0,1.0,0.0,11.0,5.0,7.0,18.0,6.0,14.0,17.0,18.0,0.0,11.0,15.0,3.0,0.0,0.34,0.39,0.0,0.0,0.0,0.0,33.2,18.0,17.37,4.0,0.15,0.18,0.18,0.7,0.67,0.67
84790268481122,2025,Benoit-Myers,TOR,pairing,5on5,14,3580.0,95.0,0.28,0.32,0.29,16.55,1.23,0.87,4.15,0.62,8.81,7.33,1.17,1.26,1.2,13.0,10.0,13.0,36.0,3.0,2.0,0.0,1.0,0.0,7.0,10.0,10.0,20.0,2.0,4.0,25.0,41.0,2.0,14.0,18.0,4.0,1.0,0.34,0.6,0.28,1.0,2.0,0.0,35.72,23.0,23.04,11.0,0.18,0.48,0.48,0.93,0.94,0.91,40.77,3.1,2.54,10.74,1.44,22.69,16.5,3.01,3.15,3.06,36.0,21.0,21.0,78.0,6.0,5.0,1.0,10.0,0.0,21.0,15.0,30.0,51.0,2.0,4.0,20.0,29.0,3.0,11.0,43.0,12.0,2.0,1.04,1.51,0.55,2.0,3.0,1.0,76.28,57.0,56.49,3.0,0.52,0.49,0.49,3.14,3.17,3.1
84793258482511,2025,Lohrei-Mcavoy,BOS,pairing,5on5,20,7863.0,105.0,0.43,0.5,0.48,67.74,5.99,4.32,17.39,2.24,35.34,25.73,5.84,5.95,5.8,61.0,30.0,53.0,144.0,8.0,5.0,1.0,13.0,0.0,36.0,29.0,53.0,83.0,14.0,37.0,98.0,55.0,12.0,36.0,65.0,22.0,4.0,1.95,2.72,1.32,5.0,2.0,1.0,141.86,91.0,89.45,14.0,0.9,1.15,1.47,5.42,5.33,5.25,73.47,7.99,5.1,19.5,2.47,36.6,26.33,7.75,8.26,8.0,60.0,38.0,47.0,145.0,10.0,12.0,1.0,13.0,0.0,31.0,32.0,50.0,88.0,16.0,41.0,83.0,62.0,10.0,40.0,62.0,26.0,10.0,1.66,3.61,2.71,4.0,4.0,2.0,148.09,98.0,100.82,19.0,1.09,2.23,2.23,6.85,7.01,6.91
84783978480860,2025,Bahl-Andersson,CGY,pairing,5on5,39,34312.0,62.0,0.46,0.47,0.46,275.21,25.8,18.38,72.11,9.38,144.07,103.26,24.54,25.93,24.68,250.0,123.0,142.0,515.0,26.0,34.0,4.0,44.0,0.0,129.0,140.0,224.0,347.0,36.0,81.0,314.0,196.0,52.0,162.0,269.0,68.0,36.0,7.29,8.91,9.6,13.0,5.0,8.0,519.05,373.0,376.25,83.0,3.86,7.22,7.22,22.44,22.46,21.95,318.8,30.04,20.31,80.56,10.29,165.8,124.0,28.48,29.92,28.36,281.0,150.0,159.0,590.0,25.0,40.0,6.0,78.0,1.0,135.0,152.0,256.0,406.0,46.0,101.0,304.0,168.0,51.0,153.0,310.0,85.0,36.0,9.23,10.37,10.43,10.0,5.0,10.0,585.83,431.0,427.3,63.0,4.24,8.97,9.02,25.26,25.2,24.8
84757538481006,2025,Tucker-Faulk,STL,pairing,5on5,32,12873.0,143.0,0.38,0.46,0.46,86.75,5.88,5.09,22.85,2.86,47.62,34.7,5.82,6.04,5.98,84.0,35.0,43.0,162.0,8.0,3.0,0.0,19.0,0.0,37.0,52.0,76.0,111.0,5.0,10.0,84.0,112.0,16.0,52.0,96.0,20.0,3.0,2.6,2.51,0.76,6.0,2.0,0.0,162.34,119.0,120.57,29.0,1.05,0.66,0.66,6.28,6.42,6.37,102.0,9.52,6.76,26.09,3.38,52.06,39.2,9.1,9.7,9.27,84.0,53.0,52.0,189.0,9.0,14.0,1.0,25.0,0.0,40.0,49.0,75.0,128.0,9.0,18.0,84.0,93.0,20.0,58.0,98.0,27.0,12.0,2.81,3.49,3.21,6.0,1.0,2.0,192.74,137.0,138.85,38.0,1.42,2.44,2.44,8.5,8.64,8.42
847517084820898483516,2025,Neighbours-Schenn-Snuggerud,STL,line,5on5,5,954.0,44.0,0.38,0.24,0.23,5.45,0.83,0.42,1.19,0.17,2.53,1.87,0.82,0.79,0.79,6.0,1.0,3.0,10.0,0.0,0.0,0.0,0.0,0.0,3.0,4.0,6.0,7.0,2.0,4.0,12.0,7.0,0.0,5.0,1.0,5.0,1.0,0.04,0.58,0.21,0.0,0.0,0.0,9.28,7.0,6.75,3.0,0.09,0.0,0.14,0.77,0.73,0.73,16.69,1.36,1.03,4.65,0.58,8.98,6.4,1.3,1.38,1.32,14.0,9.0,9.0,32.0,2.0,3.0,2.0,3.0,0.0,9.0,6.0,12.0,21.0,2.0,4.0,11.0,5.0,0.0,5.0,19.0,3.0,1.0,0.54,0.48,0.33,0.0,1.0,1.0,35.44,23.0,24.11,3.0,0.22,0.61,0.61,0.96,0.98,0.96
847351284808018482116,2025,Tkachuk-Giroux-Sttzle,OTT,line,5on5,11,706.0,143.0,0.72,0.63,0.63,8.73,0.75,0.58,2.56,0.3,4.64,3.15,0.74,0.76,0.75,6.0,6.0,3.0,15.0,1.0,0.0,0.0,3.0,0.0,4.0,4.0,5.0,11.0,2.0,4.0,15.0,5.0,0.0,6.0,10.0,2.0,0.0,0.4,0.35,0.0,1.0,0.0,0.0,14.87,12.0,12.03,5.0,0.13,0.0,0.0,0.88,0.88,0.87,4.55,0.29,0.37,1.12,0.21,3.0,2.02,0.29,0.3,0.3,6.0,1.0,2.0,9.0,0.0,0.0,0.0,1.0,0.0,1.0,5.0,6.0,7.0,1.0,2.0,7.0,5.0,0.0,6.0,6.0,1.0,0.0,0.19,0.1,0.0,0.0,0.0,0.0,9.53,7.0,7.31,3.0,0.08,0.0,0.0,0.37,0.37,0.37
84800368480950,2025,Heiskanen-Lyubushkin,DAL,pairing,5on5,17,1164.0,165.0,0.63,0.41,0.44,8.92,0.72,0.59,2.08,0.27,4.96,3.38,0.71,0.75,0.74,10.0,2.0,3.0,15.0,0.0,1.0,0.0,2.0,0.0,5.0,4.0,10.0,12.0,1.0,2.0,3.0,8.0,2.0,8.0,8.0,4.0,0.0,0.29,0.43,0.0,0.0,0.0,0.0,15.77,12.0,12.33,4.0,0.12,0.13,0.13,0.72,0.74,0.73,10.22,0.43,0.61,2.81,0.37,6.28,4.5,0.42,0.41,0.41,10.0,5.0,7.0,22.0,1.0,2.0,0.0,4.0,0.0,4.0,4.0,9.0,14.0,1.0,2.0,7.0,9.0,1.0,7.0,14.0,1.0,0.0,0.34,0.09,0.0,1.0,0.0,0.0,21.04,15.0,14.57,4.0,0.13,0.06,0.06,0.49,0.48,0.47
84757558481609,2025,Kolyachonok-Petrovic,DAL,pairing,5on5,9,802.0,74.0,0.37,0.39,0.32,4.48,0.27,0.28,1.34,0.14,2.34,1.64,0.27,0.29,0.29,5.0,1.0,5.0,11.0,0.0,0.0,0.0,1.0,0.0,3.0,2.0,5.0,6.0,1.0,2.0,5.0,0.0,0.0,3.0,5.0,1.0,0.0,0.1,0.17,0.0,0.0,0.0,0.0,11.13,6.0,6.08,1.0,0.06,0.0,0.0,0.33,0.35,0.35,9.77,0.45,0.46,2.79,0.32,5.04,3.94,0.45,0.44,0.43,10.0,3.0,4.0,17.0,0.0,1.0,0.0,3.0,0.0,4.0,5.0,10.0,13.0,2.0,4.0,3.0,3.0,1.0,2.0,12.0,1.0,0.0,0.27,0.18,0.0,0.0,0.0,0.0,16.84,13.0,12.85,1.0,0.09,0.02,0.02,0.53,0.51,0.51
847794684793378484471,2025,Finnie-Larkin-Debrincat,DET,line,5on5,4,678.0,46.0,0.63,0.48,0.5,6.99,0.98,0.54,1.58,0.2,3.35,2.34,0.9,0.98,0.9,5.0,4.0,4.0,13.0,0.0,1.0,0.0,0.0,0.0,5.0,3.0,5.0,9.0,1.0,2.0,6.0,8.0,0.0,2.0,5.0,1.0,3.0,0.18,0.14,0.66,0.0,0.0,0.0,12.19,9.0,8.68,1.0,0.12,0.24,0.24,0.86,0.86,0.82,6.18,0.58,0.46,1.69,0.22,3.67,2.38,0.55,0.59,0.55,6.0,3.0,5.0,14.0,1.0,0.0,0.0,2.0,0.0,5.0,1.0,5.0,8.0,1.0,2.0,7.0,6.0,1.0,3.0,6.0,3.0,0.0,0.23,0.36,0.0,1.0,0.0,0.0,14.75,9.0,9.29,2.0,0.1,0.0,0.0,0.68,0.68,0.65
848087684822018483752,2025,Douglas-James-Goncalves,TBL,line,5on5,9,628.0,108.0,0.23,0.33,0.31,3.6,0.18,0.16,1.04,0.13,1.81,1.68,0.18,0.19,0.19,4.0,1.0,1.0,6.0,0.0,0.0,0.0,0.0,0.0,1.0,4.0,4.0,5.0,2.0,10.0,2.0,7.0,1.0,3.0,5.0,0.0,0.0,0.18,0.0,0.0,0.0,0.0,0.0,6.14,5.0,5.11,1.0,0.03,0.0,0.0,0.21,0.22,0.22,8.19,0.59,0.51,2.42,0.29,4.12,3.08,0.57,0.61,0.6,5.0,6.0,1.0,12.0,0.0,2.0,0.0,1.0,0.0,3.0,5.0,5.0,11.0,5.0,16.0,8.0,6.0,1.0,5.0,10.0,1.0,0.0,0.41,0.17,0.0,0.0,0.0,0.0,12.53,11.0,11.44,2.0,0.11,0.25,0.25,0.45,0.46,0.45
848000384801858482113,2025,Luostarinen-Lundell-Boqvist,FLA,line,5on5,9,665.0,89.0,0.4,0.48,0.44,5.03,0.42,0.41,1.2,0.21,3.52,2.24,0.41,0.41,0.4,4.0,4.0,3.0,11.0,0.0,1.0,0.0,0.0,0.0,4.0,3.0,4.0,8.0,0.0,0.0,7.0,8.0,1.0,3.0,5.0,3.0,0.0,0.15,0.27,0.0,0.0,0.0,0.0,11.07,8.0,7.99,1.0,0.08,0.1,0.1,0.4,0.4,0.39,7.25,0.64,0.47,1.62,0.27,3.88,3.12,0.62,0.63,0.62,4.0,6.0,2.0,12.0,1.0,2.0,0.0,0.0,0.0,5.0,2.0,3.0,9.0,2.0,4.0,5.0,2.0,1.0,5.0,7.0,3.0,0.0,0.17,0.47,0.0,0.0,1.0,0.0,12.05,10.0,10.15,3.0,0.1,0.18,0.18,0.56,0.56,0.55
847702184770708478831,2025,O'Brien-Kerfoot-Stenlund,UTA,line,5on5,5,1912.0,16.0,0.43,0.43,0.41,8.36,0.7,0.68,1.72,0.3,5.65,3.95,0.7,0.71,0.71,7.0,6.0,15.0,28.0,1.0,0.0,0.0,3.0,0.0,6.0,3.0,6.0,12.0,3.0,8.0,13.0,12.0,0.0,5.0,10.0,3.0,0.0,0.35,0.35,0.0,0.0,1.0,0.0,29.13,13.0,13.56,3.0,0.14,0.0,0.0,0.84,0.85,0.85,13.27,0.93,0.8,3.51,0.48,7.5,5.78,0.92,0.91,0.9,15.0,4.0,18.0,37.0,1.0,1.0,0.0,2.0,0.0,7.0,8.0,14.0,18.0,0.0,0.0,16.0,13.0,4.0,11.0,16.0,3.0,0.0,0.46,0.47,0.0,1.0,0.0,0.0,35.98,19.0,18.64,2.0,0.16,0.01,0.01,1.08,1.06,1.04
848294784830398484255,2025,Nielsen-Bardakov-Polin,COL,line,5on5,2,621.0,7.0,0.79,0.57,0.71,6.88,0.45,0.4,1.97,0.25,3.98,2.94,0.45,0.5,0.49,6.0,4.0,3.0,13.0,1.0,1.0,1.0,1.0,0.0,4.0,3.0,5.0,9.0,0.0,0.0,3.0,11.0,1.0,1.0,8.0,2.0,0.0,0.23,0.22,0.0,0.0,1.0,0.0,14.46,10.0,10.99,1.0,0.09,0.08,0.08,0.45,0.5,0.49,2.76,0.12,0.23,0.56,0.08,1.78,1.23,0.12,0.11,0.11,2.0,2.0,6.0,10.0,0.0,0.0,0.0,2.0,0.0,1.0,1.0,2.0,4.0,0.0,0.0,5.0,4.0,2.0,7.0,4.0,0.0,0.0,0.12,0.0,0.0,0.0,0.0,0.0,9.37,4.0,3.77,4.0,0.04,0.0,0.0,0.17,0.15,0.15
847887484849118485402,2025,Graf-Misa-Gaudette,SJS,line,5on5,3,1256.0,9.0,0.69,0.58,0.57,10.73,1.82,0.78,2.12,0.29,4.68,3.31,1.68,1.93,1.78,9.0,4.0,5.0,18.0,3.0,2.0,1.0,4.0,0.0,2.0,2.0,6.0,10.0,0.0,0.0,8.0,10.0,1.0,7.0,4.0,7.0,2.0,0.05,1.08,0.69,0.0,2.0,1.0,18.56,13.0,13.38,5.0,0.16,0.69,0.69,1.29,1.35,1.32,7.64,0.8,0.59,1.76,0.23,3.74,2.87,0.8,0.79,0.79,7.0,3.0,3.0,13.0,0.0,1.0,0.0,0.0,0.0,3.0,6.0,7.0,10.0,2.0,4.0,9.0,8.0,0.0,9.0,6.0,3.0,1.0,0.18,0.31,0.32,0.0,0.0,0.0,13.04,10.0,10.11,5.0,0.12,0.11,0.11,0.82,0.8,0.8
84735078478859,2025,Mikkola-Petry,FLA,pairing,5on5,23,1316.0,175.0,0.56,0.48,0.55,9.03,0.66,0.47,2.56,0.31,4.44,3.56,0.63,0.67,0.64,6.0,6.0,2.0,14.0,0.0,1.0,0.0,2.0,0.0,2.0,7.0,6.0,12.0,0.0,0.0,5.0,12.0,1.0,2.0,10.0,2.0,0.0,0.35,0.32,0.0,0.0,0.0,0.0,14.01,12.0,11.92,1.0,0.1,0.17,0.17,0.59,0.58,0.58,7.65,0.53,0.45,2.39,0.24,3.84,2.54,0.52,0.55,0.54,7.0,3.0,5.0,15.0,1.0,1.0,1.0,2.0,0.0,4.0,2.0,6.0,9.0,0.0,0.0,9.0,10.0,1.0,4.0,9.0,0.0,1.0,0.22,0.0,0.31,0.0,0.0,1.0,15.06,10.0,10.18,3.0,0.1,0.31,0.31,0.31,0.32,0.32
847745184788648481557,2025,Boldy-Hartman-Kaprizov,MIN,line,5on5,18,874.0,209.0,0.47,0.53,0.53,12.09,1.54,1.02,2.92,0.44,6.34,4.74,1.3,1.49,1.25,12.0,5.0,4.0,21.0,0.0,3.0,0.0,1.0,0.0,7.0,6.0,12.0,17.0,2.0,4.0,4.0,1.0,1.0,4.0,12.0,2.0,3.0,0.34,0.33,0.87,0.0,0.0,0.0,19.94,17.0,16.18,2.0,0.22,0.81,0.81,0.95,0.9,0.86,11.26,1.75,0.87,2.53,0.35,5.7,3.8,1.53,1.74,1.52,10.0,5.0,4.0,19.0,1.0,2.0,0.0,1.0,0.0,6.0,5.0,9.0,14.0,1.0,2.0,7.0,5.0,1.0,1.0,8.0,4.0,3.0,0.37,0.5,0.88,0.0,0.0,1.0,18.95,15.0,14.96,1.0,0.19,0.51,0.51,1.43,1.43,1.24
847647984769818482737,2025,Anderson-Danault-Bolduc,MTL,line,5on5,4,1282.0,19.0,0.6,0.63,0.52,7.04,0.63,0.52,2.0,0.31,4.31,3.23,0.62,0.66,0.66,3.0,8.0,14.0,25.0,1.0,0.0,0.0,0.0,0.0,4.0,6.0,2.0,10.0,1.0,2.0,12.0,10.0,2.0,7.0,8.0,2.0,1.0,0.15,0.27,0.21,0.0,1.0,0.0,24.54,11.0,11.12,4.0,0.11,0.0,0.0,0.73,0.77,0.77,7.07,0.42,0.4,1.87,0.22,4.23,2.86,0.42,0.41,0.4,5.0,5.0,5.0,15.0,1.0,0.0,0.0,1.0,0.0,2.0,6.0,4.0,9.0,2.0,4.0,6.0,8.0,1.0,4.0,7.0,3.0,0.0,0.14,0.28,0.0,0.0,1.0,0.0,14.29,10.0,9.5,4.0,0.08,0.0,0.0,0.5,0.48,0.48
84763728477948,2025,Sanheim-Seeler,PHI,pairing,5on5,30,8115.0,169.0,0.46,0.44,0.47,59.99,6.14,4.31,14.69,2.1,32.11,23.64,5.9,6.03,5.8,53.0,30.0,25.0,108.0,3.0,7.0,0.0,17.0,0.0,31.0,25.0,50.0,80.0,10.0,23.0,65.0,65.0,9.0,37.0,51.0,28.0,4.0,1.48,3.79,0.87,0.0,3.0,0.0,106.63,83.0,81.68,19.0,0.9,1.01,1.01,6.03,5.96,5.85,70.73,7.13,4.67,17.17,2.27,35.36,27.39,6.57,7.23,6.68,58.0,36.0,41.0,135.0,8.0,8.0,0.0,7.0,0.0,39.0,32.0,50.0,86.0,5.0,11.0,52.0,51.0,7.0,35.0,62.0,21.0,11.0,1.72,2.44,2.98,5.0,2.0,1.0,136.12,94.0,95.24,16.0,0.98,1.9,1.9,6.21,6.32,6.13
84788518482087,2025,Guhle-Carrier,MTL,pairing,5on5,5,1235.0,21.0,0.51,0.44,0.43,6.62,0.68,0.5,1.51,0.22,3.52,2.57,0.67,0.69,0.68,6.0,3.0,5.0,14.0,0.0,0.0,0.0,3.0,0.0,2.0,4.0,6.0,9.0,3.0,9.0,7.0,11.0,1.0,9.0,6.0,3.0,0.0,0.29,0.4,0.0,0.0,0.0,0.0,14.03,9.0,8.93,3.0,0.1,0.0,0.0,0.78,0.79,0.79,9.28,0.65,0.57,2.3,0.25,4.76,3.47,0.65,0.65,0.65,10.0,2.0,6.0,18.0,1.0,0.0,0.0,2.0,0.0,4.0,5.0,9.0,11.0,4.0,11.0,10.0,13.0,5.0,10.0,9.0,2.0,1.0,0.25,0.18,0.22,1.0,0.0,0.0,18.34,12.0,12.04,3.0,0.12,0.0,0.0,0.77,0.77,0.77
847518484757988478873,2025,Kreider-Granlund-Terry,ANA,line,5on5,5,1122.0,38.0,0.73,0.7,0.7,11.03,0.99,0.73,2.82,0.38,6.5,4.57,0.95,0.94,0.9,12.0,4.0,5.0,21.0,1.0,2.0,0.0,2.0,0.0,7.0,4.0,11.0,15.0,1.0,2.0,15.0,3.0,2.0,10.0,12.0,3.0,1.0,0.4,0.36,0.22,1.0,0.0,0.0,19.58,16.0,15.28,5.0,0.15,0.29,0.43,0.71,0.67,0.66,5.45,0.37,0.31,1.19,0.16,2.95,2.02,0.36,0.39,0.38,4.0,3.0,2.0,9.0,1.0,0.0,0.0,0.0,0.0,4.0,2.0,3.0,6.0,1.0,2.0,9.0,6.0,1.0,5.0,6.0,1.0,0.0,0.24,0.13,0.0,1.0,0.0,0.0,9.66,7.0,7.32,1.0,0.07,0.0,0.0,0.44,0.46,0.45
84784608483485,2025,Werenski-Mateychuk,CBJ,pairing,5on5,29,13881.0,147.0,0.57,0.55,0.55,141.37,12.57,9.09,33.63,4.36,74.2,56.15,11.96,12.64,12.03,128.0,62.0,75.0,265.0,12.0,10.0,1.0,28.0,1.0,82.0,57.0,116.0,178.0,14.0,37.0,126.0,85.0,20.0,50.0,138.0,43.0,9.0,4.41,5.77,2.39,7.0,4.0,1.0,267.14,190.0,191.59,26.0,1.9,2.22,2.22,12.25,12.29,11.88,113.35,9.39,7.22,29.55,3.85,62.17,45.81,8.99,9.24,8.85,105.0,53.0,60.0,218.0,9.0,12.0,1.0,23.0,0.0,56.0,58.0,96.0,149.0,19.0,46.0,95.0,61.0,26.0,83.0,123.0,25.0,10.0,3.63,3.05,2.71,6.0,1.0,2.0,214.75,158.0,155.82,37.0,1.5,2.73,2.73,8.16,8.03,7.83
84773698480001,2025,Soucy-Vaakanainen,NYR,pairing,5on5,9,1002.0,69.0,0.55,0.32,0.38,3.56,0.37,0.19,0.71,0.11,1.92,1.7,0.37,0.37,0.37,1.0,4.0,1.0,6.0,1.0,0.0,0.0,1.0,0.0,1.0,2.0,0.0,4.0,0.0,0.0,3.0,9.0,3.0,2.0,3.0,2.0,0.0,0.08,0.29,0.0,0.0,1.0,0.0,6.01,5.0,5.09,1.0,0.04,0.0,0.0,0.41,0.41,0.41,5.51,0.31,0.35,1.34,0.22,3.12,2.66,0.31,0.3,0.3,4.0,4.0,5.0,13.0,0.0,0.0,0.0,1.0,0.0,1.0,6.0,4.0,8.0,0.0,0.0,4.0,6.0,1.0,2.0,7.0,1.0,0.0,0.12,0.19,0.0,0.0,0.0,0.0,13.37,8.0,8.13,2.0,0.07,0.0,0.0,0.38,0.37,0.37
847961984826998483431,2025,Carcone-Cooley-Guenther,UTA,line,5on5,9,1617.0,79.0,0.61,0.63,0.62,19.98,1.84,1.29,5.71,0.76,11.23,8.16,1.74,1.72,1.62,19.0,10.0,10.0,39.0,0.0,4.0,0.0,5.0,0.0,14.0,6.0,19.0,29.0,5.0,10.0,8.0,16.0,0.0,6.0,21.0,5.0,3.0,0.57,0.54,0.74,0.0,0.0,0.0,36.7,29.0,27.48,4.0,0.27,0.69,0.69,1.42,1.32,1.29,12.69,1.17,0.83,3.59,0.49,6.78,5.15,1.12,1.19,1.15,9.0,9.0,5.0,23.0,1.0,1.0,0.0,3.0,0.0,8.0,5.0,8.0,17.0,4.0,8.0,17.0,21.0,2.0,9.0,12.0,5.0,1.0,0.42,0.53,0.21,1.0,0.0,0.0,24.18,18.0,18.69,3.0,0.18,0.21,0.21,1.13,1.17,1.14
84779488481178,2025,Sanheim-Zamula,PHI,pairing,5on5,11,608.0,84.0,0.58,0.75,0.69,7.82,0.51,0.54,2.07,0.29,4.33,3.27,0.5,0.49,0.48,8.0,3.0,7.0,18.0,1.0,1.0,0.0,3.0,0.0,3.0,3.0,7.0,10.0,0.0,0.0,0.0,5.0,0.0,2.0,9.0,2.0,0.0,0.27,0.24,0.0,1.0,0.0,0.0,17.6,11.0,10.49,1.0,0.11,0.03,0.03,0.59,0.56,0.55,3.47,0.37,0.22,1.02,0.13,1.93,1.34,0.36,0.37,0.37,1.0,4.0,1.0,6.0,0.0,1.0,0.0,0.0,0.0,3.0,1.0,1.0,5.0,0.0,0.0,3.0,4.0,1.0,4.0,4.0,0.0,1.0,0.13,0.0,0.23,0.0,0.0,0.0,5.91,5.0,5.02,3.0,0.05,0.23,0.23,0.18,0.18,0.18
847516884784208482740,2025,Johnston-Duchene-Rantanen,DAL,line,5on5,11,3880.0,58.0,0.36,0.39,0.39,24.02,2.05,1.7,6.03,0.89,14.8,10.53,2.0,2.1,2.04,22.0,14.0,18.0,54.0,3.0,1.0,0.0,6.0,0.0,12.0,14.0,19.0,33.0,4.0,8.0,40.0,13.0,9.0,27.0,26.0,9.0,1.0,0.68,1.12,0.26,1.0,2.0,0.0,57.3,36.0,37.94,13.0,0.35,0.13,0.13,2.28,2.33,2.26,40.22,3.7,2.59,9.63,1.36,22.97,16.75,3.65,3.59,3.54,43.0,14.0,28.0,85.0,5.0,2.0,1.0,7.0,0.0,19.0,24.0,38.0,52.0,3.0,6.0,36.0,32.0,7.0,16.0,40.0,14.0,3.0,1.11,1.68,0.92,1.0,3.0,1.0,82.79,57.0,55.79,7.0,0.53,0.71,0.71,3.52,3.44,3.41
847935984815228482623,2025,Malenstyn-Dunne-Krebs,BUF,line,5on5,19,6038.0,104.0,0.5,0.48,0.5,46.49,4.67,2.88,11.28,1.51,24.23,18.44,4.47,4.7,4.5,41.0,22.0,23.0,86.0,2.0,7.0,2.0,7.0,0.0,23.0,24.0,39.0,61.0,10.0,23.0,46.0,78.0,6.0,31.0,48.0,6.0,9.0,1.19,0.65,2.83,0.0,0.0,2.0,84.67,63.0,62.22,19.0,0.6,2.37,2.37,2.9,2.9,2.86,46.57,4.76,3.24,12.05,1.61,24.61,16.73,4.43,4.7,4.39,34.0,29.0,32.0,95.0,5.0,7.0,1.0,11.0,0.0,17.0,23.0,29.0,58.0,12.0,27.0,60.0,55.0,4.0,24.0,43.0,13.0,7.0,1.32,1.67,1.76,2.0,1.0,2.0,95.8,63.0,63.28,13.0,0.68,1.4,1.4,4.03,4.01,3.89
847519184768818481604,2025,Dorofeyev-Hertl-Smith,VGK,line,5on5,8,1587.0,70.0,0.53,0.46,0.48,9.59,0.86,0.58,2.27,0.32,5.03,3.93,0.82,0.89,0.85,5.0,8.0,5.0,18.0,0.0,1.0,0.0,3.0,0.0,5.0,4.0,5.0,13.0,3.0,6.0,13.0,9.0,0.0,10.0,10.0,2.0,1.0,0.3,0.24,0.31,0.0,0.0,0.0,18.35,13.0,13.1,5.0,0.12,0.31,0.31,0.67,0.69,0.68,10.02,0.77,0.61,2.67,0.33,5.64,3.97,0.75,0.73,0.71,8.0,6.0,7.0,21.0,0.0,1.0,0.0,1.0,0.0,7.0,5.0,8.0,14.0,2.0,4.0,13.0,15.0,2.0,5.0,11.0,2.0,1.0,0.33,0.24,0.21,0.0,0.0,0.0,20.24,14.0,13.56,1.0,0.13,0.21,0.21,0.69,0.66,0.64
847688984794148484829,2025,Hryckowian-Faksa-Bastian,DAL,line,5on5,7,1342.0,38.0,0.31,0.38,0.39,6.75,0.51,0.4,1.98,0.24,3.35,2.53,0.5,0.55,0.54,6.0,3.0,4.0,13.0,0.0,1.0,0.0,2.0,0.0,4.0,2.0,6.0,9.0,3.0,6.0,10.0,19.0,1.0,8.0,7.0,2.0,0.0,0.25,0.26,0.0,0.0,0.0,0.0,13.79,9.0,9.5,7.0,0.08,0.15,0.15,0.44,0.47,0.46,10.39,1.14,0.65,2.61,0.33,5.25,4.03,1.14,1.14,1.13,10.0,4.0,7.0,21.0,1.0,0.0,0.0,4.0,0.0,7.0,2.0,9.0,13.0,2.0,4.0,12.0,21.0,5.0,6.0,9.0,3.0,2.0,0.3,0.4,0.44,0.0,1.0,0.0,20.78,14.0,14.06,2.0,0.14,0.0,0.0,1.28,1.28,1.27
84789708482100,2025,Nikishin-Chatfield,CAR,pairing,5on5,27,4047.0,165.0,0.32,0.44,0.36,27.31,2.09,1.72,7.13,0.85,13.52,10.69,2.04,2.16,2.11,24.0,12.0,30.0,66.0,2.0,3.0,0.0,6.0,0.0,11.0,14.0,22.0,34.0,5.0,10.0,30.0,31.0,8.0,15.0,27.0,8.0,1.0,0.81,1.07,0.21,0.0,1.0,1.0,67.33,36.0,37.02,9.0,0.36,0.32,0.32,2.13,2.2,2.18,48.43,4.37,3.03,12.44,1.61,24.98,18.59,4.08,4.5,4.2,41.0,24.0,20.0,85.0,1.0,7.0,0.0,9.0,0.0,21.0,27.0,40.0,64.0,5.0,10.0,31.0,28.0,6.0,21.0,49.0,11.0,5.0,1.49,1.28,1.6,0.0,1.0,0.0,86.76,65.0,66.24,12.0,0.63,1.34,1.34,3.65,3.76,3.66
847744484774798484144,2025,Bertuzzi-Bedard-Burakovsky,CHI,line,5on5,11,2853.0,108.0,0.54,0.48,0.49,27.59,3.11,1.91,7.54,0.93,14.04,9.47,2.81,3.22,2.91,28.0,9.0,10.0,47.0,4.0,4.0,1.0,7.0,0.0,10.0,12.0,24.0,33.0,8.0,16.0,25.0,16.0,7.0,10.0,24.0,9.0,4.0,0.8,1.15,1.16,1.0,1.0,2.0,47.75,37.0,37.71,4.0,0.4,0.81,0.81,2.7,2.76,2.63,29.48,2.64,1.87,7.32,0.89,15.23,11.05,2.6,2.54,2.49,24.0,15.0,12.0,51.0,2.0,1.0,0.0,7.0,0.0,17.0,12.0,22.0,37.0,3.0,6.0,23.0,15.0,5.0,19.0,29.0,7.0,3.0,0.82,0.93,0.9,1.0,1.0,0.0,49.19,39.0,37.74,7.0,0.39,0.41,0.41,2.62,2.55,2.53
847415084763998482679,2025,Coleman-Backlund-Coronato,CGY,line,5on5,7,2654.0,31.0,0.56,0.56,0.52,20.97,1.44,1.09,5.28,0.69,11.1,8.4,1.42,1.4,1.38,21.0,7.0,17.0,45.0,2.0,0.0,0.0,4.0,0.0,6.0,16.0,19.0,26.0,1.0,2.0,19.0,17.0,4.0,15.0,22.0,5.0,1.0,0.6,0.61,0.24,2.0,0.0,0.0,44.12,28.0,27.41,6.0,0.23,0.0,0.0,1.66,1.61,1.59,18.28,1.13,1.16,4.46,0.55,11.07,7.63,1.08,1.17,1.12,17.0,9.0,10.0,36.0,0.0,0.0,0.0,4.0,0.0,10.0,12.0,17.0,26.0,3.0,6.0,29.0,7.0,6.0,16.0,23.0,3.0,0.0,0.8,0.33,0.0,0.0,0.0,0.0,36.71,26.0,26.45,7.0,0.24,0.0,0.0,1.37,1.42,1.36
847456484752878476539,2025,Stamkos-Haula-Marchessault,NSH,line,5on5,17,4954.0,131.0,0.56,0.48,0.49,35.45,4.04,2.51,9.17,1.22,18.67,13.38,3.92,3.97,3.85,30.0,19.0,26.0,75.0,0.0,5.0,0.0,4.0,0.0,17.0,23.0,30.0,49.0,2.0,4.0,44.0,28.0,4.0,31.0,32.0,11.0,6.0,1.09,1.28,1.66,0.0,0.0,0.0,73.21,49.0,47.98,17.0,0.53,1.46,1.46,3.11,3.03,2.99,36.54,3.21,2.46,9.15,1.28,20.6,14.29,3.09,3.31,3.18,31.0,20.0,29.0,80.0,2.0,4.0,1.0,9.0,0.0,15.0,21.0,29.0,49.0,3.0,6.0,40.0,26.0,7.0,34.0,34.0,14.0,3.0,0.84,1.6,0.78,0.0,2.0,0.0,83.45,51.0,52.84,19.0,0.51,0.69,0.69,3.03,3.13,3.04
84772208478507,2025,Schmidt-Marino,UTA,pairing,5on5,41,26139.0,109.0,0.59,0.6,0.59,246.49,24.36,16.5,59.5,8.14,130.39,94.1,23.44,24.52,23.59,211.0,122.0,131.0,464.0,31.0,25.0,1.0,44.0,0.0,114.0,119.0,180.0,302.0,15.0,30.0,219.0,131.0,34.0,108.0,232.0,74.0,27.0,7.38,9.13,7.86,14.0,11.0,6.0,467.51,333.0,335.59,48.0,3.45,5.45,5.45,22.36,22.62,22.25,169.19,16.68,11.13,42.11,5.6,88.46,65.02,15.79,16.76,15.86,156.0,73.0,78.0,307.0,17.0,23.0,2.0,29.0,0.0,79.0,81.0,139.0,212.0,27.0,54.0,229.0,142.0,39.0,139.0,157.0,51.0,21.0,4.26,6.44,5.98,7.0,3.0,7.0,307.76,229.0,229.81,55.0,2.32,3.83,4.08,14.91,14.96,14.45
847121484784408484186,2025,Ovechkin-Strome-Leonard,WSH,line,5on5,10,610.0,117.0,0.31,0.35,0.36,3.15,0.4,0.2,0.76,0.09,1.49,1.05,0.37,0.36,0.34,3.0,1.0,3.0,7.0,0.0,1.0,0.0,2.0,0.0,1.0,0.0,3.0,4.0,1.0,2.0,5.0,3.0,0.0,8.0,2.0,1.0,1.0,0.05,0.1,0.25,0.0,0.0,0.0,7.03,4.0,3.74,4.0,0.04,0.25,0.25,0.2,0.18,0.18,5.6,0.88,0.44,1.56,0.21,2.29,1.63,0.84,0.88,0.84,6.0,1.0,6.0,13.0,0.0,3.0,0.0,2.0,0.0,0.0,2.0,6.0,7.0,1.0,2.0,1.0,4.0,2.0,5.0,5.0,0.0,2.0,0.23,0.0,0.65,0.0,0.0,0.0,12.65,7.0,6.96,1.0,0.09,0.72,0.72,0.25,0.26,0.25
847572684826678484801,2025,Eklund-Celebrini-Toffoli,SJS,line,5on5,13,1314.0,118.0,0.34,0.27,0.26,6.67,0.46,0.32,1.79,0.22,3.47,2.73,0.46,0.44,0.44,5.0,4.0,3.0,12.0,2.0,0.0,0.0,0.0,0.0,1.0,6.0,3.0,7.0,2.0,4.0,8.0,6.0,6.0,8.0,7.0,2.0,0.0,0.2,0.25,0.0,1.0,1.0,0.0,11.66,9.0,8.74,2.0,0.07,0.0,0.0,0.52,0.5,0.5,18.65,0.87,1.01,5.07,0.63,10.51,7.92,0.84,0.93,0.9,15.0,11.0,6.0,32.0,1.0,1.0,0.0,8.0,0.0,8.0,8.0,14.0,25.0,2.0,4.0,14.0,4.0,1.0,5.0,24.0,2.0,0.0,0.68,0.19,0.0,1.0,0.0,0.0,34.05,26.0,27.33,1.0,0.21,0.03,0.03,1.04,1.11,1.08
84745638476441,2025,Edmundson-Doughty,LAK,pairing,5on5,19,1135.0,132.0,0.22,0.36,0.32,6.09,0.31,0.32,1.35,0.18,3.23,2.61,0.31,0.32,0.32,7.0,1.0,7.0,15.0,1.0,0.0,0.0,1.0,0.0,1.0,5.0,6.0,7.0,2.0,4.0,2.0,7.0,1.0,10.0,7.0,1.0,0.0,0.15,0.16,0.0,0.0,1.0,0.0,15.2,8.0,8.03,5.0,0.06,0.0,0.0,0.37,0.38,0.38,12.4,1.11,1.01,3.25,0.48,6.42,4.74,1.04,1.14,1.07,14.0,3.0,10.0,27.0,2.0,2.0,0.0,3.0,0.0,7.0,3.0,12.0,15.0,1.0,2.0,9.0,8.0,3.0,3.0,11.0,6.0,0.0,0.33,0.78,0.0,1.0,1.0,0.0,27.51,17.0,17.9,1.0,0.21,0.27,0.27,1.05,1.08,1.05
847641984774078485702,2025,Duclair-Pageau-Shabanov,NYI,line,5on5,4,945.0,27.0,0.56,0.58,0.56,10.63,1.31,0.63,2.75,0.34,5.28,3.69,1.29,1.27,1.24,6.0,8.0,5.0,19.0,1.0,2.0,1.0,1.0,0.0,5.0,5.0,5.0,13.0,0.0,0.0,8.0,11.0,3.0,6.0,10.0,2.0,2.0,0.28,0.28,0.75,0.0,0.0,1.0,18.45,14.0,13.67,4.0,0.13,0.37,0.37,1.07,1.01,1.0,7.65,1.01,0.57,1.73,0.26,4.22,3.21,0.99,1.08,1.06,4.0,7.0,3.0,14.0,0.0,1.0,0.0,0.0,0.0,7.0,3.0,4.0,11.0,1.0,2.0,10.0,7.0,0.0,4.0,8.0,2.0,1.0,0.31,0.23,0.47,0.0,0.0,0.0,14.35,11.0,11.47,2.0,0.12,0.47,0.47,0.66,0.7,0.69
847744484834508484144,2025,Burakovsky-Bedard-Greene,CHI,line,5on5,18,10078.0,44.0,0.47,0.52,0.51,97.84,9.08,6.43,24.23,3.14,53.51,38.62,8.81,9.15,8.88,93.0,42.0,53.0,188.0,13.0,10.0,2.0,20.0,0.0,50.0,42.0,80.0,122.0,7.0,12.0,70.0,21.0,13.0,51.0,99.0,29.0,7.0,3.07,3.97,2.04,6.0,5.0,2.0,188.39,135.0,135.28,22.0,1.33,2.05,2.05,8.35,8.41,8.26,95.27,10.24,6.57,22.76,3.2,49.54,36.68,9.7,10.3,9.75,85.0,44.0,47.0,176.0,6.0,14.0,0.0,16.0,0.0,42.0,51.0,79.0,123.0,5.0,10.0,95.0,76.0,18.0,56.0,91.0,24.0,14.0,3.23,2.86,4.16,6.0,0.0,0.0,178.28,129.0,129.83,34.0,1.37,3.45,3.45,8.16,8.19,8.07
84745748480800,2025,Hughes-Myers,VAN,pairing,5on5,26,5140.0,151.0,0.54,0.51,0.53,51.28,5.53,3.36,12.14,1.7,26.61,19.66,5.04,5.59,5.08,44.0,25.0,19.0,88.0,3.0,9.0,2.0,10.0,0.0,14.0,33.0,41.0,66.0,9.0,18.0,19.0,30.0,7.0,30.0,50.0,7.0,12.0,1.54,0.77,3.21,0.0,0.0,3.0,86.7,69.0,68.64,13.0,0.69,2.14,2.14,4.08,4.11,3.91,46.65,4.77,3.12,10.98,1.45,24.11,17.57,4.59,4.78,4.6,35.0,27.0,23.0,85.0,5.0,3.0,1.0,8.0,0.0,22.0,24.0,30.0,57.0,2.0,4.0,31.0,16.0,7.0,22.0,39.0,17.0,6.0,1.15,2.17,1.44,1.0,2.0,2.0,85.88,62.0,62.71,9.0,0.65,0.45,0.45,4.97,5.01,4.89
84779488482126,2025,Sanheim-Andrae,PHI,pairing,5on5,21,1219.0,159.0,0.54,0.54,0.46,8.67,0.8,0.58,1.97,0.3,4.68,3.67,0.75,0.78,0.73,6.0,6.0,8.0,20.0,1.0,1.0,0.0,0.0,0.0,4.0,6.0,5.0,11.0,2.0,4.0,3.0,4.0,3.0,2.0,8.0,3.0,1.0,0.19,0.37,0.23,1.0,0.0,0.0,19.74,12.0,11.8,2.0,0.12,0.23,0.23,0.68,0.67,0.67,9.94,0.68,0.62,2.39,0.34,5.76,4.21,0.68,0.68,0.68,9.0,5.0,3.0,17.0,0.0,1.0,0.0,3.0,0.0,6.0,4.0,9.0,14.0,2.0,4.0,2.0,9.0,2.0,9.0,11.0,3.0,0.0,0.26,0.42,0.0,0.0,0.0,0.0,16.96,14.0,14.13,2.0,0.13,0.01,0.01,0.8,0.8,0.79
847750384815828482259,2025,Robertson-Domi-Mcmann,TOR,line,5on5,9,3237.0,39.0,0.52,0.49,0.51,27.43,1.72,1.71,6.59,0.83,15.04,11.1,1.7,1.68,1.66,23.0,14.0,13.0,50.0,2.0,1.0,0.0,8.0,0.0,12.0,14.0,21.0,35.0,4.0,8.0,27.0,35.0,3.0,19.0,30.0,7.0,0.0,0.92,0.8,0.0,0.0,2.0,0.0,49.17,37.0,36.52,13.0,0.35,0.04,0.04,2.02,1.97,1.95,23.44,1.61,1.49,6.29,0.85,13.97,10.78,1.59,1.68,1.67,19.0,16.0,17.0,52.0,3.0,1.0,0.0,5.0,0.0,16.0,10.0,16.0,32.0,3.0,6.0,29.0,12.0,8.0,13.0,27.0,8.0,0.0,0.6,1.01,0.0,1.0,2.0,0.0,53.54,35.0,35.95,6.0,0.31,0.19,0.19,1.73,1.82,1.81
84768698480246,2025,Skjei-Perbix,NSH,pairing,5on5,35,22863.0,107.0,0.48,0.49,0.46,171.98,16.46,11.54,42.8,5.6,90.23,66.37,15.73,16.43,15.71,161.0,72.0,102.0,335.0,14.0,20.0,3.0,35.0,0.0,78.0,86.0,147.0,219.0,21.0,42.0,221.0,151.0,41.0,102.0,170.0,41.0,22.0,4.8,5.14,6.51,3.0,5.0,6.0,328.93,233.0,229.48,56.0,2.41,4.95,4.95,13.91,13.82,13.53,199.43,17.98,12.93,49.61,6.47,106.85,78.15,17.27,18.39,17.67,177.0,95.0,81.0,353.0,18.0,20.0,5.0,38.0,0.0,96.0,100.0,159.0,254.0,22.0,44.0,184.0,122.0,34.0,127.0,199.0,54.0,19.0,5.74,6.81,5.44,6.0,7.0,5.0,359.2,272.0,276.74,55.0,2.69,4.54,4.54,16.13,16.45,16.17
84807968480873,2025,Fehervary-Sandin,WSH,pairing,5on5,18,2235.0,162.0,0.43,0.45,0.44,16.95,0.93,0.9,4.7,0.54,9.35,6.58,0.89,0.94,0.91,13.0,10.0,9.0,32.0,1.0,1.0,0.0,3.0,1.0,8.0,9.0,12.0,22.0,6.0,12.0,21.0,14.0,2.0,10.0,20.0,3.0,0.0,0.58,0.35,0.0,0.0,1.0,0.0,32.77,23.0,23.64,7.0,0.18,0.03,0.0,1.12,1.13,1.09,21.48,1.23,1.19,5.24,0.66,11.64,9.06,1.19,1.23,1.19,23.0,6.0,10.0,39.0,1.0,1.0,0.0,2.0,0.0,16.0,9.0,22.0,28.0,1.0,2.0,11.0,13.0,4.0,3.0,26.0,3.0,0.0,0.88,0.34,0.0,0.0,1.0,0.0,37.95,29.0,28.4,1.0,0.24,0.14,0.14,1.33,1.32,1.31
847889184841608484471,2025,Finnie-Danielson-Appleton,DET,line,5on5,5,615.0,43.0,0.44,0.33,0.33,3.73,0.7,0.26,0.81,0.12,1.85,1.26,0.7,0.64,0.64,4.0,1.0,2.0,7.0,1.0,0.0,0.0,1.0,0.0,1.0,2.0,3.0,4.0,0.0,0.0,5.0,5.0,3.0,7.0,2.0,2.0,1.0,0.04,0.38,0.28,0.0,1.0,0.0,6.37,5.0,4.57,4.0,0.06,0.0,0.0,0.76,0.69,0.69,7.5,0.89,0.53,1.93,0.25,3.67,2.72,0.88,0.96,0.95,6.0,4.0,4.0,14.0,1.0,0.0,0.0,1.0,0.0,6.0,2.0,5.0,9.0,1.0,2.0,8.0,1.0,1.0,4.0,6.0,2.0,2.0,0.18,0.23,0.48,0.0,1.0,0.0,14.96,10.0,10.52,1.0,0.11,0.0,0.0,1.0,1.08,1.07
847688184784838481604,2025,Dorofeyev-Hertl-Marner,VGK,line,5on5,20,10179.0,70.0,0.65,0.6,0.59,98.87,8.65,6.22,25.14,3.34,53.04,39.6,8.22,8.83,8.39,85.0,51.0,76.0,212.0,7.0,11.0,0.0,25.0,1.0,42.0,50.0,78.0,129.0,11.0,28.0,117.0,45.0,9.0,46.0,99.0,29.0,8.0,2.58,3.62,2.44,4.0,3.0,0.0,214.36,136.0,137.81,23.0,1.3,2.24,2.24,7.71,7.88,7.74,67.61,4.68,3.99,18.47,2.32,36.88,26.66,4.54,4.59,4.46,59.0,34.0,47.0,140.0,3.0,5.0,0.0,17.0,0.0,39.0,29.0,56.0,90.0,11.0,28.0,80.0,62.0,15.0,46.0,75.0,14.0,4.0,2.04,1.62,1.01,2.0,0.0,1.0,138.88,93.0,92.34,21.0,0.83,0.95,0.95,4.56,4.51,4.44
847994184820978483468,2025,Quinn-Kulich-Danforth,BUF,line,5on5,2,619.0,24.0,0.23,0.29,0.25,2.77,0.29,0.21,0.76,0.1,1.58,1.06,0.29,0.26,0.26,3.0,1.0,3.0,7.0,0.0,0.0,0.0,0.0,0.0,1.0,3.0,3.0,4.0,4.0,8.0,7.0,2.0,0.0,6.0,2.0,2.0,0.0,0.04,0.25,0.0,0.0,0.0,0.0,6.17,4.0,3.55,5.0,0.04,0.0,0.0,0.33,0.3,0.3,8.7,0.95,0.65,2.29,0.33,4.55,3.24,0.9,1.03,0.97,9.0,3.0,5.0,17.0,1.0,1.0,0.0,1.0,0.0,7.0,2.0,8.0,11.0,1.0,2.0,5.0,1.0,2.0,6.0,7.0,5.0,0.0,0.25,0.7,0.0,0.0,1.0,0.0,18.91,12.0,13.36,2.0,0.14,0.16,0.16,0.92,0.99,0.94
848155484834978483524,2025,Nyman-Wright-Kakko,SEA,line,5on5,7,3289.0,24.0,0.7,0.56,0.61,43.9,5.9,2.92,10.61,1.46,20.68,15.43,5.03,5.68,4.85,41.0,16.0,19.0,76.0,2.0,8.0,2.0,8.0,0.0,20.0,19.0,39.0,55.0,3.0,8.0,19.0,18.0,5.0,26.0,38.0,9.0,10.0,1.07,1.18,3.65,0.0,0.0,2.0,72.11,57.0,54.93,16.0,0.62,3.13,3.13,3.39,3.27,3.18,26.26,2.52,1.95,6.29,0.94,14.64,10.66,2.46,2.53,2.48,28.0,9.0,23.0,60.0,2.0,2.0,1.0,6.0,1.0,11.0,15.0,26.0,35.0,3.0,6.0,32.0,22.0,4.0,15.0,26.0,10.0,1.0,0.78,1.45,0.3,0.0,1.0,1.0,60.37,37.0,36.99,9.0,0.41,0.49,0.49,2.44,2.44,2.41
847645684800288482074,2025,Huberdeau-Frost-Zary,CGY,line,5on5,4,887.0,34.0,0.74,0.52,0.57,5.81,0.63,0.4,1.17,0.18,3.23,2.38,0.62,0.6,0.59,6.0,2.0,4.0,12.0,0.0,1.0,0.0,2.0,0.0,3.0,2.0,6.0,8.0,1.0,2.0,8.0,4.0,0.0,1.0,5.0,3.0,0.0,0.19,0.45,0.0,0.0,0.0,0.0,11.41,8.0,7.68,0.0,0.08,0.18,0.18,0.53,0.5,0.5,4.28,0.22,0.21,1.18,0.15,2.47,1.77,0.21,0.22,0.22,3.0,3.0,5.0,11.0,0.0,0.0,0.0,0.0,0.0,4.0,2.0,3.0,6.0,1.0,2.0,5.0,10.0,0.0,3.0,6.0,0.0,0.0,0.22,0.0,0.0,0.0,0.0,0.0,11.12,6.0,5.98,0.0,0.04,0.0,0.0,0.26,0.26,0.26
847959184826348483489,2025,Eyssimont-Minten-Steeves,BOS,line,5on5,3,1432.0,8.0,0.54,0.52,0.57,15.77,0.93,0.84,4.4,0.51,8.29,6.05,0.92,0.9,0.89,17.0,4.0,4.0,25.0,2.0,0.0,0.0,5.0,0.0,10.0,4.0,15.0,19.0,3.0,6.0,16.0,12.0,0.0,5.0,17.0,4.0,0.0,0.33,0.6,0.0,0.0,2.0,0.0,24.05,21.0,20.4,1.0,0.18,0.0,0.0,1.11,1.07,1.06,11.56,0.8,0.87,2.53,0.38,6.5,4.91,0.79,0.84,0.83,9.0,7.0,7.0,23.0,0.0,0.0,0.0,5.0,0.0,7.0,4.0,9.0,16.0,2.0,4.0,12.0,12.0,3.0,5.0,12.0,4.0,0.0,0.35,0.45,0.0,0.0,0.0,0.0,23.93,16.0,16.58,2.0,0.18,0.0,0.0,0.98,1.03,1.02
847528784768878482146,2025,Forsberg-Haula-Evangelista,NSH,line,5on5,17,769.0,241.0,0.74,0.74,0.72,9.29,1.1,0.63,2.3,0.35,4.99,3.63,1.05,1.05,1.01,8.0,5.0,7.0,20.0,0.0,2.0,0.0,1.0,0.0,3.0,7.0,8.0,13.0,1.0,2.0,4.0,7.0,0.0,3.0,9.0,2.0,2.0,0.34,0.24,0.52,0.0,0.0,0.0,18.99,13.0,12.44,1.0,0.13,0.52,0.52,0.71,0.68,0.68,3.94,0.38,0.23,0.87,0.11,1.83,1.59,0.38,0.38,0.38,5.0,0.0,2.0,7.0,0.0,0.0,0.0,0.0,0.0,2.0,3.0,5.0,5.0,3.0,6.0,1.0,3.0,2.0,2.0,3.0,2.0,0.0,0.05,0.33,0.0,0.0,0.0,0.0,7.11,5.0,5.08,1.0,0.05,0.0,0.0,0.43,0.43,0.42
847645884775278478366,2025,Johnston-Strome-Vatrano,ANA,line,5on5,6,1368.0,53.0,0.48,0.62,0.52,10.34,1.16,0.77,2.89,0.42,5.55,4.2,1.13,1.19,1.15,11.0,4.0,13.0,28.0,0.0,3.0,0.0,0.0,0.0,7.0,5.0,11.0,15.0,1.0,2.0,11.0,18.0,3.0,7.0,9.0,5.0,1.0,0.31,0.59,0.27,0.0,0.0,0.0,28.55,15.0,15.44,5.0,0.16,0.54,0.54,0.79,0.81,0.8,11.0,1.24,0.74,2.36,0.3,5.45,3.91,1.23,1.29,1.27,10.0,4.0,3.0,17.0,2.0,1.0,0.0,4.0,0.0,3.0,4.0,8.0,12.0,1.0,2.0,8.0,4.0,1.0,4.0,8.0,5.0,1.0,0.24,0.69,0.31,1.0,1.0,0.0,17.3,14.0,14.32,3.0,0.16,0.31,0.31,1.09,1.12,1.11
84764228482100,2025,Nikishin-Reilly,CAR,pairing,5on5,18,5034.0,121.0,0.66,0.67,0.63,51.76,3.81,3.3,14.4,1.86,28.63,20.99,3.77,3.77,3.73,37.0,36.0,37.0,110.0,2.0,4.0,0.0,10.0,1.0,18.0,38.0,35.0,71.0,7.0,14.0,39.0,27.0,9.0,17.0,57.0,13.0,3.0,1.55,1.59,0.66,1.0,0.0,1.0,107.62,73.0,71.78,6.0,0.68,0.2,0.19,4.3,4.26,4.22,29.97,2.0,1.9,7.2,1.0,17.36,12.55,1.99,2.01,2.0,30.0,12.0,13.0,55.0,2.0,1.0,0.0,8.0,0.0,14.0,17.0,28.0,40.0,2.0,4.0,40.0,49.0,5.0,24.0,36.0,6.0,0.0,1.22,0.78,0.0,1.0,1.0,0.0,56.29,42.0,42.68,11.0,0.39,0.01,0.01,2.38,2.39,2.38
847794984794208484145,2025,Benson-Thompson-Tuch,BUF,line,5on5,3,616.0,18.0,0.37,0.32,0.33,3.15,0.35,0.24,0.57,0.08,1.57,1.2,0.35,0.35,0.34,3.0,1.0,2.0,6.0,0.0,0.0,0.0,1.0,0.0,2.0,1.0,3.0,4.0,1.0,2.0,5.0,5.0,2.0,1.0,3.0,0.0,1.0,0.13,0.0,0.22,0.0,0.0,0.0,5.73,4.0,3.84,1.0,0.05,0.0,0.0,0.4,0.4,0.39,6.01,0.59,0.4,1.18,0.16,3.15,2.53,0.59,0.61,0.61,6.0,2.0,5.0,13.0,1.0,0.0,0.0,2.0,0.0,4.0,1.0,5.0,7.0,1.0,2.0,3.0,1.0,2.0,1.0,6.0,1.0,1.0,0.16,0.1,0.33,1.0,0.0,0.0,13.26,8.0,8.22,1.0,0.08,0.0,0.0,0.67,0.7,0.69
847804684827588485414,2025,Heinen-Kindel-Koivunen,PIT,line,5on5,2,845.0,7.0,0.93,0.7,0.77,7.11,0.58,0.45,1.69,0.22,4.16,2.89,0.56,0.52,0.5,5.0,5.0,4.0,14.0,0.0,1.0,0.0,0.0,0.0,4.0,5.0,5.0,10.0,0.0,0.0,3.0,4.0,1.0,3.0,7.0,3.0,0.0,0.15,0.43,0.0,0.0,0.0,0.0,12.82,10.0,9.2,2.0,0.09,0.13,0.13,0.54,0.49,0.47,2.25,0.04,0.09,0.84,0.07,1.03,0.92,0.04,0.05,0.04,1.0,2.0,3.0,6.0,0.0,0.0,0.0,0.0,0.0,2.0,1.0,1.0,3.0,1.0,2.0,9.0,5.0,1.0,8.0,3.0,0.0,0.0,0.04,0.0,0.0,0.0,0.0,0.0,6.36,3.0,3.29,5.0,0.02,0.0,0.0,0.06,0.07,0.07
847523184812378483553,2025,Maclean-Cizikas-Gatcomb,NYI,line,5on5,12,6077.0,30.0,0.54,0.48,0.53,43.12,4.27,2.69,11.54,1.47,22.72,16.32,4.15,4.22,4.11,37.0,22.0,19.0,78.0,2.0,7.0,1.0,9.0,0.0,24.0,17.0,35.0,57.0,7.0,14.0,55.0,97.0,8.0,23.0,45.0,8.0,6.0,1.21,1.06,2.0,0.0,2.0,0.0,78.2,59.0,58.69,14.0,0.56,1.66,1.66,3.18,3.16,3.14,38.01,3.67,2.27,9.77,1.25,20.0,15.05,3.45,3.67,3.46,31.0,21.0,33.0,85.0,2.0,2.0,1.0,3.0,0.0,28.0,17.0,29.0,50.0,6.0,14.0,53.0,44.0,7.0,25.0,40.0,6.0,6.0,1.17,0.77,1.72,1.0,0.0,1.0,84.52,52.0,52.0,11.0,0.48,0.71,0.71,3.43,3.39,3.24
847844484801448480748,2025,Sherwood-Kampf-Boeser,VAN,line,5on5,4,1177.0,31.0,0.28,0.49,0.53,11.79,0.49,0.62,3.11,0.4,7.21,5.16,0.49,0.51,0.51,9.0,8.0,3.0,20.0,0.0,0.0,0.0,7.0,0.0,3.0,7.0,9.0,17.0,0.0,0.0,12.0,5.0,2.0,2.0,15.0,2.0,0.0,0.3,0.2,0.0,0.0,0.0,0.0,20.6,17.0,17.45,1.0,0.13,0.0,0.0,0.62,0.65,0.64,11.84,1.25,0.79,3.56,0.41,5.42,3.57,1.12,1.21,1.09,12.0,3.0,6.0,21.0,1.0,2.0,0.0,2.0,0.0,8.0,2.0,11.0,14.0,0.0,0.0,15.0,5.0,2.0,6.0,9.0,5.0,1.0,0.23,0.76,0.26,1.0,0.0,0.0,20.48,15.0,14.85,3.0,0.17,0.44,0.44,0.98,0.96,0.91
84745908480873,2025,Sandin-Carlson,WSH,pairing,5on5,30,5243.0,199.0,0.43,0.55,0.53,46.62,3.31,3.02,11.51,1.65,26.88,19.62,3.27,3.27,3.23,46.0,20.0,36.0,102.0,7.0,3.0,0.0,9.0,0.0,27.0,20.0,39.0,59.0,6.0,18.0,33.0,28.0,6.0,18.0,52.0,13.0,1.0,1.43,1.67,0.21,4.0,3.0,0.0,101.25,66.0,65.69,3.0,0.62,0.39,0.39,3.54,3.51,3.47,43.72,4.47,2.94,10.41,1.45,22.17,16.57,4.32,4.49,4.34,44.0,14.0,24.0,82.0,6.0,7.0,0.0,7.0,0.0,21.0,17.0,38.0,52.0,7.0,20.0,38.0,24.0,7.0,26.0,32.0,23.0,3.0,0.88,2.75,0.85,2.0,4.0,0.0,81.86,58.0,57.3,15.0,0.61,0.99,0.99,4.09,4.09,4.03
84829648483457,2025,Hutson-Xhekaj,MTL,pairing,5on5,31,2640.0,246.0,0.59,0.63,0.61,21.11,1.77,1.33,5.26,0.71,12.2,8.73,1.76,1.8,1.79,18.0,12.0,15.0,45.0,2.0,1.0,1.0,6.0,0.0,9.0,12.0,16.0,28.0,1.0,5.0,11.0,19.0,4.0,11.0,22.0,7.0,1.0,0.71,0.83,0.23,0.0,1.0,1.0,45.7,30.0,30.39,4.0,0.27,0.23,0.23,1.81,1.82,1.82,14.51,1.22,0.9,3.68,0.45,7.16,5.59,1.2,1.26,1.24,12.0,7.0,7.0,26.0,3.0,2.0,1.0,4.0,0.0,3.0,7.0,9.0,16.0,3.0,9.0,16.0,15.0,5.0,13.0,12.0,7.0,0.0,0.36,0.87,0.0,1.0,2.0,0.0,26.44,19.0,19.77,6.0,0.18,0.34,0.34,1.07,1.1,1.09
847576384795338482758,2025,Koppanen-Hayes-Koivunen,PIT,line,5on5,2,829.0,7.0,0.68,0.48,0.47,6.1,0.92,0.46,1.68,0.23,2.78,1.92,0.84,0.86,0.79,5.0,3.0,3.0,11.0,0.0,2.0,0.0,1.0,0.0,1.0,4.0,5.0,8.0,0.0,0.0,4.0,9.0,0.0,5.0,5.0,0.0,3.0,0.08,0.0,0.84,0.0,0.0,0.0,10.63,8.0,7.65,3.0,0.1,0.63,0.63,0.39,0.37,0.36,6.09,0.43,0.45,1.41,0.22,3.78,2.71,0.43,0.45,0.45,5.0,4.0,3.0,12.0,0.0,0.0,0.0,4.0,0.0,0.0,5.0,5.0,9.0,0.0,0.0,5.0,5.0,0.0,0.0,7.0,2.0,0.0,0.16,0.28,0.0,0.0,0.0,0.0,12.21,9.0,9.23,0.0,0.09,0.0,0.0,0.53,0.54,0.54
84778108479402,2025,Bean-Hanley,CGY,pairing,5on5,10,2465.0,71.0,0.56,0.52,0.56,23.05,2.34,1.7,5.36,0.73,12.13,8.73,2.24,2.35,2.25,19.0,12.0,10.0,41.0,1.0,2.0,0.0,4.0,0.0,13.0,11.0,18.0,30.0,2.0,4.0,10.0,18.0,3.0,15.0,23.0,4.0,4.0,0.73,0.53,1.07,0.0,1.0,0.0,41.44,31.0,31.66,5.0,0.36,0.57,0.57,2.13,2.14,2.11,17.63,1.82,1.09,4.34,0.58,9.49,6.68,1.69,1.81,1.68,16.0,8.0,14.0,38.0,1.0,0.0,0.0,4.0,0.0,11.0,8.0,15.0,23.0,2.0,4.0,15.0,23.0,4.0,14.0,17.0,5.0,2.0,0.5,0.57,0.75,1.0,0.0,0.0,37.19,24.0,23.38,4.0,0.23,0.0,0.0,2.05,2.04,1.89
847935184821458484829,2025,Hryckowian-Steel-Bourque,DAL,line,5on5,26,1807.0,342.0,0.65,0.59,0.62,17.11,1.36,1.21,4.39,0.53,10.0,6.51,1.3,1.38,1.32,17.0,7.0,8.0,32.0,1.0,1.0,0.0,3.0,0.0,16.0,3.0,16.0,23.0,5.0,16.0,9.0,15.0,0.0,2.0,19.0,3.0,2.0,0.59,0.3,0.48,1.0,0.0,0.0,32.41,24.0,24.21,0.0,0.24,0.26,0.26,1.35,1.35,1.3,11.41,0.72,0.66,3.25,0.36,5.51,4.49,0.72,0.71,0.71,12.0,3.0,7.0,22.0,2.0,1.0,0.0,2.0,0.0,5.0,5.0,10.0,13.0,4.0,14.0,12.0,19.0,2.0,7.0,11.0,4.0,0.0,0.25,0.47,0.0,1.0,1.0,0.0,21.88,15.0,15.16,4.0,0.14,0.03,0.03,0.83,0.81,0.81
84763128478038,2025,Toews-Manson,COL,pairing,5on5,29,1846.0,244.0,0.51,0.59,0.58,15.46,1.53,1.07,3.82,0.5,8.66,6.41,1.44,1.57,1.48,12.0,10.0,7.0,29.0,1.0,2.0,0.0,3.0,0.0,8.0,8.0,11.0,21.0,1.0,2.0,10.0,11.0,1.0,9.0,17.0,2.0,3.0,0.48,0.26,0.79,0.0,0.0,1.0,29.4,22.0,22.38,6.0,0.23,0.57,0.57,1.18,1.2,1.13,11.95,1.47,0.85,2.75,0.37,6.06,4.49,1.41,1.4,1.34,10.0,6.0,4.0,20.0,1.0,2.0,0.0,3.0,0.0,5.0,5.0,9.0,15.0,0.0,0.0,8.0,9.0,2.0,7.0,10.0,4.0,2.0,0.28,0.64,0.55,1.0,0.0,0.0,19.56,16.0,15.72,4.0,0.18,0.55,0.55,1.1,1.07,1.06
847682284810328483531,2025,Halonen-Glendening-Cotter,NJD,line,5on5,9,2081.0,67.0,0.27,0.32,0.4,12.74,0.8,0.82,3.69,0.48,6.56,4.65,0.79,0.78,0.77,14.0,3.0,4.0,21.0,0.0,1.0,0.0,4.0,0.0,6.0,6.0,14.0,17.0,2.0,7.0,23.0,29.0,2.0,15.0,15.0,2.0,0.0,0.43,0.37,0.0,0.0,0.0,0.0,21.52,17.0,17.39,7.0,0.17,0.05,0.05,0.93,0.91,0.91,19.66,2.16,1.28,4.03,0.57,10.31,7.65,2.11,2.16,2.12,16.0,10.0,19.0,45.0,2.0,2.0,0.0,4.0,0.0,11.0,7.0,14.0,24.0,1.0,5.0,17.0,16.0,4.0,9.0,17.0,4.0,5.0,0.48,0.43,1.24,1.0,0.0,1.0,44.93,26.0,25.64,6.0,0.27,0.6,0.6,1.82,1.81,1.78
84816068482095,2025,Kleven-Spence,OTT,pairing,5on5,27,16799.0,75.0,0.58,0.57,0.6,164.22,14.12,10.49,41.05,5.37,89.21,63.76,13.71,14.27,13.86,144.0,80.0,65.0,289.0,13.0,16.0,1.0,29.0,0.0,91.0,75.0,131.0,211.0,22.0,44.0,130.0,148.0,25.0,77.0,165.0,44.0,15.0,4.26,5.61,4.25,6.0,5.0,2.0,294.2,224.0,227.11,35.0,2.16,2.66,2.66,13.61,13.79,13.57,109.91,10.07,6.94,26.45,3.57,58.92,44.04,9.8,10.03,9.76,105.0,45.0,71.0,221.0,10.0,9.0,0.0,21.0,0.0,59.0,51.0,95.0,140.0,19.0,38.0,130.0,156.0,16.0,90.0,110.0,28.0,12.0,3.08,3.4,3.59,3.0,6.0,1.0,217.69,150.0,147.82,47.0,1.44,2.81,2.81,8.7,8.64,8.52
847740484774168483752,2025,Guentzel-James-Bjorkstrand,TBL,line,5on5,4,740.0,28.0,0.79,0.67,0.67,4.56,0.43,0.28,1.32,0.16,2.16,1.64,0.43,0.47,0.47,4.0,2.0,6.0,12.0,0.0,2.0,0.0,0.0,0.0,2.0,2.0,4.0,6.0,0.0,0.0,4.0,3.0,1.0,3.0,3.0,3.0,0.0,0.08,0.35,0.0,0.0,0.0,0.0,13.19,6.0,6.64,1.0,0.06,0.07,0.07,0.43,0.46,0.46,2.15,0.11,0.1,0.49,0.07,1.24,0.98,0.11,0.1,0.1,1.0,2.0,3.0,6.0,0.0,0.0,0.0,0.0,0.0,1.0,2.0,1.0,3.0,1.0,2.0,4.0,5.0,2.0,4.0,3.0,0.0,0.0,0.11,0.0,0.0,0.0,0.0,0.0,5.41,3.0,2.72,2.0,0.02,0.0,0.0,0.13,0.12,0.12
84764738482807,2025,Del Mastro-Murphy,CHI,pairing,5on5,2,1615.0,5.0,0.26,0.33,0.32,9.41,0.65,0.49,2.24,0.29,5.06,4.27,0.65,0.69,0.69,9.0,4.0,6.0,19.0,0.0,0.0,0.0,2.0,1.0,5.0,5.0,9.0,13.0,2.0,4.0,13.0,9.0,1.0,10.0,10.0,3.0,0.0,0.3,0.35,0.0,0.0,0.0,0.0,19.93,13.0,13.68,7.0,0.1,0.0,0.0,0.75,0.8,0.79,20.19,1.86,1.4,5.45,0.75,10.8,7.74,1.82,1.77,1.73,16.0,12.0,11.0,39.0,1.0,1.0,0.0,7.0,0.0,7.0,12.0,15.0,27.0,1.0,2.0,14.0,17.0,1.0,5.0,18.0,9.0,1.0,0.48,1.15,0.23,0.0,1.0,0.0,36.89,28.0,26.63,1.0,0.29,0.23,0.23,1.92,1.83,1.81
84803368482100,2025,Nikishin-Walker,CAR,pairing,5on5,35,11611.0,197.0,0.56,0.6,0.57,109.06,10.57,7.41,28.74,3.82,59.24,42.22,10.29,10.47,10.18,93.0,59.0,67.0,219.0,7.0,11.0,1.0,27.0,0.0,57.0,50.0,86.0,145.0,8.0,16.0,103.0,84.0,26.0,53.0,105.0,36.0,11.0,3.35,4.24,2.98,3.0,3.0,1.0,217.75,152.0,152.39,32.0,1.57,1.93,1.93,10.22,10.07,9.85,85.39,8.42,5.74,19.75,2.78,43.48,33.83,8.17,8.43,8.18,74.0,40.0,34.0,148.0,10.0,6.0,0.0,10.0,0.0,43.0,45.0,64.0,104.0,10.0,20.0,85.0,89.0,17.0,56.0,78.0,28.0,8.0,2.75,3.4,2.28,6.0,3.0,1.0,149.8,114.0,114.49,27.0,1.21,1.27,1.27,8.36,8.41,8.29
84717248476967,2025,Kulak-Letang,PIT,pairing,5on5,7,6099.0,13.0,0.51,0.48,0.51,46.92,4.03,3.44,10.69,1.52,26.13,19.2,3.98,4.08,4.02,37.0,28.0,21.0,86.0,3.0,5.0,0.0,5.0,0.0,25.0,27.0,34.0,62.0,4.0,8.0,53.0,29.0,8.0,36.0,48.0,15.0,2.0,1.49,1.92,0.62,2.0,1.0,0.0,87.87,65.0,66.22,23.0,0.71,0.6,0.6,4.14,4.21,4.16,44.77,3.92,2.74,11.06,1.53,24.44,19.31,3.83,3.83,3.74,40.0,23.0,30.0,93.0,0.0,3.0,0.0,12.0,0.0,24.0,24.0,40.0,63.0,3.0,6.0,39.0,37.0,6.0,30.0,47.0,13.0,3.0,1.46,1.62,0.84,0.0,0.0,0.0,90.16,63.0,61.91,16.0,0.57,0.69,0.69,3.8,3.74,3.7
84769588482100,2025,Slavin-Nikishin,CAR,pairing,5on5,3,1284.0,12.0,0.71,0.5,0.56,13.88,1.58,0.91,3.56,0.44,7.32,5.19,1.47,1.69,1.57,11.0,8.0,2.0,21.0,1.0,2.0,1.0,3.0,0.0,7.0,6.0,10.0,18.0,0.0,0.0,11.0,10.0,1.0,6.0,14.0,3.0,2.0,0.49,0.42,0.68,0.0,0.0,1.0,22.48,19.0,20.24,3.0,0.19,0.68,0.68,1.1,1.17,1.15,11.33,0.66,0.72,2.97,0.38,6.08,4.2,0.64,0.61,0.6,11.0,4.0,6.0,21.0,0.0,2.0,0.0,5.0,0.0,3.0,5.0,11.0,15.0,4.0,8.0,13.0,11.0,1.0,5.0,12.0,3.0,0.0,0.25,0.4,0.0,0.0,0.0,0.0,19.16,15.0,13.76,3.0,0.15,0.22,0.22,0.59,0.54,0.54
84769238478500,2025,Provorov-Severson,CBJ,pairing,5on5,37,18332.0,160.0,0.52,0.5,0.48,157.76,16.02,9.94,39.49,5.23,79.66,59.67,15.07,15.91,15.0,151.0,59.0,87.0,297.0,16.0,18.0,4.0,40.0,0.0,62.0,74.0,135.0,194.0,16.0,41.0,161.0,110.0,26.0,101.0,148.0,39.0,23.0,4.34,4.76,6.91,6.0,6.0,4.0,297.3,210.0,210.62,54.0,2.08,4.72,4.84,13.25,13.29,13.03,164.17,14.82,10.27,41.06,5.35,87.46,65.04,13.6,15.14,13.87,152.0,72.0,75.0,299.0,12.0,15.0,2.0,30.0,0.0,95.0,72.0,140.0,212.0,11.0,28.0,148.0,79.0,23.0,92.0,171.0,35.0,18.0,5.04,4.44,5.34,7.0,3.0,2.0,303.26,224.0,227.69,48.0,2.13,3.98,3.98,12.97,13.26,12.6
84768698481056,2025,Skjei-Stastney,NSH,pairing,5on5,17,704.0,137.0,0.18,0.48,0.33,4.23,0.2,0.22,0.9,0.14,2.38,2.17,0.19,0.18,0.18,2.0,4.0,5.0,11.0,0.0,0.0,0.0,0.0,0.0,4.0,2.0,2.0,6.0,2.0,4.0,2.0,6.0,1.0,4.0,6.0,0.0,0.0,0.2,0.0,0.0,0.0,0.0,0.0,10.57,6.0,5.64,0.0,0.04,0.0,0.0,0.24,0.22,0.22,8.64,0.89,0.69,1.81,0.29,4.87,3.45,0.82,0.88,0.82,6.0,6.0,0.0,12.0,0.0,0.0,0.0,3.0,0.0,6.0,3.0,6.0,12.0,2.0,4.0,1.0,4.0,0.0,2.0,8.0,3.0,1.0,0.32,0.34,0.22,0.0,0.0,0.0,12.1,12.0,11.99,1.0,0.14,0.0,0.0,1.03,1.02,0.95
84769318478443,2025,Mccabe-Carlo,TOR,pairing,5on5,16,3776.0,108.0,0.43,0.41,0.46,23.28,1.8,1.48,5.99,0.73,12.71,9.29,1.78,1.73,1.71,21.0,11.0,12.0,44.0,3.0,1.0,0.0,5.0,0.0,13.0,10.0,18.0,29.0,7.0,20.0,35.0,23.0,8.0,17.0,26.0,5.0,1.0,0.83,0.66,0.31,1.0,1.0,1.0,41.68,32.0,30.69,5.0,0.31,0.08,0.08,2.03,1.95,1.92,27.25,2.36,1.73,6.6,0.94,14.83,11.54,2.29,2.44,2.36,25.0,13.0,25.0,63.0,2.0,3.0,0.0,5.0,0.0,13.0,15.0,23.0,36.0,7.0,20.0,18.0,19.0,4.0,20.0,30.0,5.0,3.0,0.84,0.63,0.89,2.0,0.0,0.0,65.72,38.0,39.07,7.0,0.35,0.69,0.69,2.02,2.1,2.04
84752798481542,2025,Chiarot-Seider,DET,pairing,5on5,33,11307.0,200.0,0.53,0.52,0.52,99.32,8.07,6.34,25.57,3.31,53.67,39.02,7.85,7.92,7.7,96.0,40.0,57.0,193.0,8.0,5.0,1.0,23.0,1.0,60.0,39.0,88.0,128.0,10.0,23.0,114.0,95.0,11.0,55.0,102.0,28.0,6.0,2.95,3.48,1.65,5.0,2.0,1.0,188.87,136.0,133.76,23.0,1.32,1.15,1.16,8.23,8.1,7.98,89.63,7.12,5.6,23.0,3.03,48.1,37.16,6.79,7.29,6.96,89.0,35.0,51.0,175.0,7.0,8.0,0.0,20.0,0.0,42.0,47.0,82.0,117.0,10.0,23.0,104.0,61.0,9.0,54.0,90.0,30.0,4.0,2.26,3.58,1.27,3.0,2.0,2.0,178.04,124.0,125.57,30.0,1.16,1.15,1.15,7.12,7.31,7.03
84757558478476,2025,Capobianco-Petrovic,DAL,pairing,5on5,18,4819.0,91.0,0.5,0.45,0.48,34.55,3.01,2.25,8.16,1.09,19.5,13.99,2.95,3.01,2.95,35.0,13.0,15.0,63.0,4.0,2.0,1.0,5.0,0.0,16.0,21.0,31.0,44.0,4.0,8.0,35.0,29.0,8.0,24.0,37.0,10.0,1.0,1.43,1.25,0.33,2.0,2.0,0.0,64.34,48.0,48.95,10.0,0.46,0.46,0.46,3.01,3.02,2.98,37.04,3.03,2.34,9.65,1.37,19.63,14.98,2.95,3.11,3.02,36.0,15.0,25.0,76.0,2.0,7.0,1.0,3.0,0.0,21.0,18.0,34.0,49.0,8.0,16.0,32.0,35.0,6.0,22.0,37.0,12.0,2.0,1.21,1.32,0.49,1.0,0.0,1.0,76.3,51.0,51.53,7.0,0.48,0.83,0.83,2.67,2.69,2.66
847740984779338478542,2025,Verhaeghe-Rodrigues-Reinhart,FLA,line,5on5,18,7164.0,105.0,0.6,0.56,0.57,76.31,7.26,4.82,20.35,2.61,40.25,29.71,6.95,7.13,6.83,63.0,42.0,39.0,144.0,4.0,10.0,2.0,16.0,1.0,38.0,36.0,59.0,101.0,5.0,10.0,58.0,44.0,9.0,35.0,79.0,17.0,9.0,2.5,2.06,2.7,1.0,2.0,1.0,142.37,105.0,103.39,19.0,1.01,1.91,1.96,6.31,6.23,6.14,56.62,4.77,3.66,14.59,2.04,30.18,22.76,4.51,4.76,4.5,45.0,33.0,34.0,112.0,4.0,8.0,2.0,15.0,0.0,24.0,27.0,41.0,74.0,7.0,16.0,57.0,48.0,12.0,39.0,56.0,18.0,4.0,1.55,2.18,1.04,1.0,3.0,0.0,112.82,78.0,78.28,18.0,0.76,1.66,1.66,3.87,3.89,3.72
84764298480871,2025,Mayfield-Boqvist,NYI,pairing,5on5,8,3681.0,37.0,0.33,0.29,0.33,19.27,1.79,1.05,4.31,0.58,9.68,7.59,1.77,1.76,1.74,18.0,7.0,8.0,33.0,2.0,1.0,0.0,5.0,0.0,7.0,10.0,16.0,23.0,2.0,4.0,27.0,29.0,3.0,16.0,19.0,4.0,2.0,0.65,0.4,0.74,0.0,1.0,1.0,32.87,25.0,24.77,7.0,0.22,0.51,0.51,1.5,1.49,1.49,37.11,3.66,2.55,8.93,1.13,19.81,13.91,3.6,3.76,3.69,33.0,17.0,32.0,82.0,3.0,3.0,0.0,5.0,0.0,23.0,16.0,30.0,47.0,2.0,4.0,25.0,25.0,6.0,14.0,36.0,9.0,5.0,1.21,1.15,1.31,1.0,1.0,1.0,85.64,50.0,52.12,3.0,0.53,0.66,0.66,3.54,3.62,3.57
84768698482111,2025,Skjei-Barron,NSH,pairing,5on5,12,679.0,93.0,0.77,0.58,0.63,7.73,0.8,0.52,1.89,0.24,3.7,2.85,0.76,0.77,0.73,7.0,3.0,1.0,11.0,0.0,2.0,0.0,2.0,0.0,5.0,1.0,7.0,10.0,1.0,2.0,2.0,7.0,1.0,4.0,6.0,3.0,1.0,0.16,0.44,0.21,0.0,0.0,0.0,10.56,10.0,9.57,1.0,0.11,0.38,0.38,0.54,0.53,0.53,4.53,0.24,0.26,1.16,0.14,2.41,1.79,0.24,0.24,0.24,4.0,2.0,2.0,8.0,1.0,0.0,0.0,1.0,0.0,2.0,2.0,3.0,5.0,2.0,4.0,0.0,5.0,2.0,2.0,6.0,0.0,0.0,0.24,0.0,0.0,1.0,0.0,0.0,8.2,6.0,6.06,2.0,0.05,0.0,0.0,0.29,0.3,0.3
84775418479026,2025,Mermis-Myers,TOR,pairing,5on5,3,1344.0,14.0,0.46,0.33,0.32,8.01,0.98,0.54,2.11,0.25,4.11,3.01,0.97,0.97,0.96,4.0,7.0,5.0,16.0,0.0,1.0,0.0,0.0,1.0,3.0,6.0,4.0,11.0,1.0,2.0,10.0,9.0,2.0,7.0,8.0,1.0,2.0,0.21,0.09,0.67,0.0,0.0,0.0,16.63,11.0,11.36,4.0,0.12,0.39,0.39,0.7,0.71,0.71,16.79,1.16,1.06,4.23,0.51,9.32,6.73,1.16,1.12,1.12,14.0,9.0,9.0,32.0,3.0,1.0,0.0,1.0,0.0,10.0,8.0,11.0,20.0,0.0,0.0,7.0,4.0,2.0,2.0,18.0,5.0,0.0,0.54,0.62,0.0,1.0,2.0,0.0,29.88,23.0,21.94,2.0,0.22,0.13,0.13,1.25,1.22,1.22
84815938483686,2025,Struble-Engstrom,MTL,pairing,5on5,2,1295.0,6.0,0.44,0.44,0.39,5.52,0.52,0.4,1.26,0.19,3.95,2.69,0.51,0.55,0.54,5.0,4.0,5.0,14.0,1.0,0.0,0.0,1.0,0.0,5.0,2.0,4.0,8.0,3.0,6.0,9.0,12.0,1.0,6.0,7.0,2.0,0.0,0.31,0.2,0.0,1.0,0.0,0.0,15.27,9.0,9.66,4.0,0.08,0.0,0.0,0.6,0.63,0.63,9.86,0.65,0.56,2.53,0.33,5.94,3.99,0.64,0.59,0.58,10.0,4.0,4.0,18.0,0.0,0.0,0.0,1.0,0.0,6.0,7.0,10.0,14.0,2.0,4.0,6.0,12.0,3.0,5.0,12.0,1.0,1.0,0.27,0.11,0.27,0.0,0.0,0.0,16.51,14.0,12.98,1.0,0.12,0.0,0.0,0.76,0.69,0.69
847516984784448480012,2025,Kane-Pettersson-Boeser,VAN,line,5on5,16,2074.0,140.0,0.53,0.62,0.52,16.72,1.25,0.96,4.08,0.56,9.48,7.67,1.2,1.22,1.17,13.0,11.0,17.0,41.0,1.0,2.0,0.0,4.0,0.0,7.0,10.0,12.0,23.0,3.0,9.0,10.0,10.0,5.0,5.0,21.0,1.0,2.0,0.46,0.09,0.7,1.0,0.0,0.0,40.05,24.0,23.41,2.0,0.2,0.47,0.47,0.98,0.99,0.97,16.29,1.11,0.98,3.81,0.48,8.99,6.63,1.1,1.1,1.09,15.0,7.0,3.0,25.0,2.0,0.0,0.0,2.0,0.0,7.0,11.0,13.0,20.0,4.0,11.0,23.0,11.0,1.0,8.0,17.0,5.0,0.0,0.5,0.61,0.0,1.0,1.0,0.0,25.0,22.0,22.08,5.0,0.2,0.0,0.0,1.31,1.3,1.29
84764738481568,2025,Vlasic-Murphy,CHI,pairing,5on5,39,6090.0,284.0,0.43,0.42,0.43,34.65,3.72,2.22,8.33,1.11,17.46,13.16,3.58,3.77,3.64,34.0,12.0,23.0,69.0,3.0,4.0,1.0,6.0,0.0,15.0,18.0,31.0,43.0,8.0,19.0,26.0,30.0,6.0,29.0,28.0,13.0,5.0,0.81,1.66,1.25,0.0,2.0,1.0,70.03,46.0,47.02,17.0,0.47,0.79,0.79,3.4,3.45,3.4,46.76,4.83,2.88,11.99,1.58,23.47,17.25,4.41,4.79,4.37,38.0,24.0,32.0,94.0,2.0,4.0,0.0,11.0,1.0,21.0,23.0,36.0,60.0,3.0,9.0,38.0,55.0,4.0,33.0,41.0,15.0,6.0,1.04,1.86,1.93,1.0,1.0,0.0,93.1,62.0,60.99,14.0,0.61,1.28,1.71,3.72,3.66,3.61
84754558478399,2025,Siegenthaler-Dillon,NJD,pairing,5on5,27,2049.0,179.0,0.46,0.44,0.46,12.34,0.92,0.73,3.36,0.41,6.32,5.26,0.91,0.9,0.89,10.0,7.0,3.0,20.0,0.0,1.0,0.0,1.0,0.0,4.0,11.0,10.0,17.0,2.0,4.0,6.0,21.0,4.0,6.0,13.0,3.0,1.0,0.36,0.33,0.23,0.0,0.0,0.0,19.56,17.0,16.62,2.0,0.15,0.23,0.23,0.85,0.83,0.82,14.02,1.09,0.8,3.35,0.46,8.11,6.19,1.08,1.09,1.07,13.0,7.0,5.0,25.0,2.0,1.0,1.0,2.0,0.0,7.0,8.0,11.0,18.0,0.0,0.0,9.0,14.0,3.0,8.0,16.0,3.0,1.0,0.54,0.32,0.22,0.0,1.0,1.0,25.54,20.0,20.27,4.0,0.16,0.16,0.16,1.09,1.09,1.09
84745788478854,2025,Shea-Karlsson,PIT,pairing,5on5,22,1063.0,178.0,0.48,0.56,0.51,12.92,1.38,1.03,3.33,0.56,7.12,5.59,1.34,1.44,1.41,14.0,5.0,6.0,25.0,3.0,6.0,1.0,1.0,0.0,3.0,6.0,11.0,16.0,0.0,0.0,1.0,2.0,2.0,3.0,14.0,3.0,2.0,0.37,0.37,0.64,2.0,1.0,0.0,25.88,19.0,19.6,1.0,0.22,0.91,0.91,0.69,0.72,0.72,13.52,1.47,0.9,3.45,0.47,6.75,4.95,1.34,1.53,1.39,12.0,6.0,2.0,20.0,1.0,4.0,0.0,4.0,0.0,3.0,6.0,11.0,17.0,3.0,6.0,5.0,8.0,2.0,3.0,12.0,3.0,3.0,0.33,0.41,0.73,0.0,0.0,1.0,20.49,18.0,18.08,0.0,0.19,0.77,0.77,0.9,0.95,0.92
84788828479323,2025,Gavrikov-Fox,NYR,pairing,5on5,28,28006.0,31.0,0.6,0.56,0.55,237.73,22.93,15.72,61.31,8.45,131.5,93.1,22.1,23.26,22.43,197.0,136.0,163.0,496.0,16.0,27.0,1.0,57.0,0.0,118.0,115.0,181.0,317.0,27.0,60.0,308.0,205.0,29.0,110.0,241.0,68.0,24.0,6.91,8.98,7.04,7.0,7.0,2.0,497.49,333.0,334.84,53.0,3.29,6.1,6.13,20.09,20.37,19.98,200.25,15.47,12.12,51.34,6.42,107.42,79.23,15.09,15.62,15.24,185.0,87.0,111.0,383.0,12.0,13.0,0.0,36.0,1.0,81.0,129.0,173.0,260.0,23.0,52.0,246.0,150.0,37.0,135.0,217.0,40.0,15.0,6.16,5.17,4.14,7.0,4.0,1.0,386.0,272.0,273.99,74.0,2.51,2.35,2.35,15.63,15.73,15.53
847966184799878483489,2025,Jeannot-Minten-Geekie,BOS,line,5on5,6,906.0,70.0,0.29,0.43,0.41,6.46,0.29,0.38,1.85,0.22,3.59,2.66,0.29,0.29,0.29,4.0,5.0,4.0,13.0,0.0,0.0,0.0,2.0,0.0,3.0,4.0,4.0,9.0,0.0,0.0,5.0,10.0,1.0,4.0,8.0,1.0,0.0,0.18,0.11,0.0,0.0,0.0,0.0,13.37,9.0,9.13,2.0,0.08,0.0,0.0,0.37,0.36,0.36,9.19,0.72,0.64,2.39,0.37,5.23,3.65,0.69,0.72,0.7,10.0,3.0,4.0,17.0,1.0,2.0,0.0,2.0,0.0,2.0,6.0,9.0,12.0,0.0,0.0,8.0,9.0,0.0,2.0,10.0,2.0,1.0,0.25,0.17,0.29,0.0,1.0,0.0,17.28,13.0,12.96,1.0,0.14,0.3,0.3,0.55,0.56,0.56
847121584775118478438,2025,Novak-Malkin-Mantha,PIT,line,5on5,10,4556.0,53.0,0.46,0.47,0.47,33.45,3.23,2.38,8.51,1.17,18.37,13.34,3.17,3.27,3.21,29.0,18.0,20.0,67.0,4.0,2.0,0.0,5.0,0.0,16.0,20.0,25.0,43.0,7.0,14.0,28.0,17.0,10.0,18.0,33.0,10.0,4.0,1.04,1.24,0.95,2.0,0.0,2.0,65.68,47.0,47.07,8.0,0.49,0.23,0.23,3.49,3.53,3.47,38.63,3.73,2.55,9.54,1.26,20.83,15.1,3.59,3.63,3.48,36.0,17.0,23.0,76.0,2.0,6.0,0.0,8.0,0.0,17.0,20.0,34.0,51.0,8.0,16.0,38.0,25.0,11.0,27.0,33.0,18.0,2.0,1.11,2.08,0.54,1.0,1.0,0.0,73.94,53.0,51.81,15.0,0.53,1.03,1.03,3.22,3.14,3.11
84775078479369,2025,Zadorov-Peeke,BOS,pairing,5on5,39,7005.0,210.0,0.58,0.53,0.5,60.92,6.08,4.07,15.34,2.15,31.87,23.49,5.48,6.0,5.42,56.0,27.0,43.0,126.0,5.0,12.0,0.0,9.0,0.0,28.0,29.0,51.0,78.0,8.0,16.0,42.0,68.0,6.0,37.0,54.0,22.0,7.0,1.48,2.91,1.69,3.0,2.0,0.0,123.02,83.0,81.95,15.0,0.85,1.81,1.81,5.12,5.04,4.77,59.03,4.48,3.93,15.89,2.14,32.15,23.42,4.37,4.58,4.47,47.0,35.0,29.0,111.0,3.0,6.0,0.0,13.0,0.0,32.0,28.0,44.0,79.0,7.0,14.0,53.0,37.0,8.0,36.0,62.0,18.0,2.0,1.77,2.19,0.52,1.0,2.0,0.0,113.92,82.0,84.07,17.0,0.82,0.82,0.82,4.48,4.58,4.51
847744684793708483513,2025,Schaefer-Mccarron-Jost,NSH,line,5on5,5,941.0,53.0,0.23,0.23,0.24,4.01,0.35,0.3,0.8,0.1,1.98,1.48,0.34,0.36,0.35,3.0,2.0,2.0,7.0,1.0,0.0,0.0,0.0,0.0,2.0,2.0,2.0,4.0,4.0,11.0,14.0,9.0,1.0,2.0,3.0,2.0,0.0,0.07,0.28,0.0,1.0,0.0,0.0,7.59,5.0,5.42,1.0,0.06,0.0,0.0,0.41,0.42,0.42,11.15,1.13,0.84,2.77,0.4,6.46,4.4,1.08,1.1,1.05,12.0,4.0,8.0,24.0,1.0,0.0,0.0,0.0,0.0,9.0,6.0,11.0,15.0,1.0,5.0,7.0,8.0,0.0,2.0,12.0,2.0,2.0,0.41,0.25,0.48,1.0,0.0,0.0,23.6,16.0,15.67,1.0,0.17,0.0,0.0,1.31,1.27,1.21
847897584826608484166,2025,Marchment-Fantilli-Johnson,CBJ,line,5on5,1,869.0,1.0,0.47,0.52,0.48,7.53,0.69,0.48,1.81,0.25,3.85,2.91,0.67,0.7,0.68,6.0,4.0,4.0,14.0,1.0,2.0,0.0,3.0,0.0,2.0,2.0,5.0,9.0,1.0,2.0,5.0,4.0,2.0,3.0,7.0,3.0,0.0,0.27,0.42,0.0,0.0,1.0,0.0,13.78,10.0,9.7,2.0,0.1,0.22,0.22,0.57,0.58,0.57,7.68,0.76,0.6,1.52,0.28,4.74,3.1,0.72,0.74,0.7,3.0,8.0,2.0,13.0,1.0,0.0,0.0,0.0,0.0,5.0,5.0,2.0,10.0,0.0,0.0,11.0,8.0,1.0,7.0,8.0,3.0,0.0,0.42,0.34,0.0,1.0,0.0,0.0,12.95,11.0,11.02,4.0,0.12,0.0,0.0,0.89,0.86,0.81
847688284774798483493,2025,Bertuzzi-Nazar-Teravainen,CHI,line,5on5,18,7641.0,89.0,0.41,0.51,0.49,61.56,5.03,3.96,16.71,2.11,33.3,23.88,4.9,5.13,5.0,54.0,31.0,36.0,121.0,7.0,4.0,0.0,8.0,0.0,40.0,26.0,47.0,78.0,8.0,19.0,68.0,35.0,13.0,41.0,64.0,16.0,5.0,1.71,2.02,1.31,3.0,3.0,1.0,121.35,85.0,85.31,18.0,0.82,1.06,1.06,4.8,4.89,4.79,66.07,7.12,4.69,16.87,2.2,33.63,24.49,6.82,6.98,6.7,61.0,28.0,28.0,117.0,4.0,11.0,1.0,13.0,0.0,26.0,35.0,57.0,85.0,14.0,31.0,87.0,59.0,6.0,35.0,60.0,19.0,10.0,2.13,2.6,2.38,0.0,3.0,1.0,116.27,89.0,88.73,21.0,0.99,2.02,2.02,6.09,6.0,5.88
847517084784728479385,2025,Kyrou-Schenn-Joseph,STL,line,5on5,5,1301.0,24.0,0.59,0.53,0.53,11.93,0.99,0.83,3.1,0.41,6.83,4.84,0.9,0.98,0.89,12.0,5.0,7.0,24.0,1.0,3.0,0.0,1.0,0.0,5.0,7.0,11.0,16.0,1.0,2.0,13.0,10.0,1.0,7.0,12.0,4.0,1.0,0.37,0.41,0.21,0.0,1.0,0.0,24.44,17.0,17.2,1.0,0.17,0.18,0.18,0.98,0.98,0.92,11.26,0.68,0.64,2.94,0.36,5.95,4.43,0.66,0.66,0.64,13.0,2.0,6.0,21.0,2.0,1.0,0.0,2.0,0.0,3.0,7.0,11.0,13.0,1.0,2.0,11.0,11.0,1.0,8.0,12.0,3.0,0.0,0.25,0.43,0.0,0.0,2.0,0.0,20.32,15.0,14.42,5.0,0.13,0.12,0.12,0.69,0.66,0.65
847516984807488482055,2025,Kane-O'Connor-Sherwood,VAN,line,5on5,11,2451.0,112.0,0.72,0.72,0.71,36.43,3.24,2.54,9.02,1.23,19.27,13.7,2.86,3.24,2.87,28.0,21.0,22.0,71.0,2.0,7.0,0.0,6.0,0.0,18.0,16.0,26.0,47.0,2.0,4.0,14.0,22.0,4.0,16.0,35.0,10.0,4.0,0.75,1.38,1.11,1.0,1.0,0.0,70.2,49.0,49.25,6.0,0.53,1.38,1.38,2.39,2.4,2.28,14.25,1.27,1.07,3.18,0.49,8.3,5.69,1.24,1.25,1.23,13.0,7.0,8.0,28.0,1.0,1.0,0.0,1.0,0.0,8.0,9.0,12.0,19.0,2.0,4.0,19.0,9.0,7.0,12.0,14.0,5.0,1.0,0.4,0.64,0.24,1.0,0.0,0.0,26.51,20.0,18.9,5.0,0.22,0.01,0.01,1.48,1.45,1.43
847842084793518482740,2025,Johnston-Steel-Rantanen,DAL,line,5on5,34,10380.0,247.0,0.54,0.44,0.45,73.58,8.71,5.0,18.03,2.36,36.59,26.32,8.27,8.83,8.39,75.0,22.0,46.0,143.0,9.0,11.0,3.0,14.0,0.0,22.0,41.0,66.0,88.0,13.0,28.0,83.0,48.0,17.0,41.0,59.0,28.0,10.0,2.42,3.65,2.65,5.0,2.0,2.0,144.77,97.0,98.3,24.0,1.05,2.38,2.38,7.38,7.46,7.33,87.87,7.44,5.4,23.2,3.02,47.42,34.52,7.04,7.46,7.06,82.0,39.0,58.0,179.0,6.0,7.0,0.0,18.0,0.0,42.0,48.0,76.0,115.0,10.0,20.0,95.0,64.0,20.0,51.0,92.0,21.0,8.0,2.74,2.3,2.4,2.0,4.0,0.0,176.83,121.0,119.76,20.0,1.12,1.72,1.72,6.84,6.81,6.67
847464184834558485493,2025,Howard-Tomasek-Henrique,EDM,line,5on5,8,1900.0,45.0,0.49,0.54,0.6,16.75,1.12,1.07,4.68,0.55,9.65,6.93,1.06,1.12,1.06,15.0,9.0,6.0,30.0,0.0,2.0,0.0,3.0,0.0,9.0,10.0,15.0,24.0,3.0,6.0,18.0,9.0,1.0,6.0,19.0,4.0,1.0,0.35,0.45,0.32,0.0,0.0,0.0,30.25,24.0,24.41,3.0,0.22,0.44,0.44,0.9,0.91,0.86,11.92,1.16,0.83,2.88,0.41,6.16,4.57,1.14,1.16,1.14,8.0,8.0,10.0,26.0,0.0,0.0,0.0,0.0,0.0,12.0,4.0,8.0,16.0,2.0,4.0,14.0,12.0,1.0,11.0,10.0,6.0,0.0,0.26,0.89,0.0,0.0,0.0,0.0,26.18,16.0,15.82,7.0,0.17,0.0,0.0,1.33,1.33,1.3
847937084821038482768,2025,Jost-Svechkov-Wiesblatt,NSH,line,5on5,6,850.0,80.0,0.41,0.5,0.5,8.18,0.61,0.49,1.98,0.24,4.37,3.31,0.58,0.56,0.53,9.0,2.0,3.0,14.0,1.0,1.0,1.0,3.0,0.0,3.0,3.0,8.0,10.0,0.0,0.0,5.0,8.0,2.0,5.0,9.0,1.0,1.0,0.21,0.14,0.26,0.0,0.0,1.0,12.43,11.0,9.88,5.0,0.1,0.26,0.26,0.46,0.41,0.41,8.02,0.87,0.54,1.93,0.28,4.23,3.15,0.86,0.97,0.96,8.0,3.0,3.0,14.0,1.0,1.0,1.0,3.0,0.0,4.0,2.0,7.0,10.0,0.0,0.0,7.0,11.0,1.0,2.0,7.0,3.0,1.0,0.18,0.48,0.2,0.0,0.0,1.0,15.97,11.0,12.33,1.0,0.11,0.2,0.2,0.78,0.87,0.86
847456484751588482146,2025,O'Reilly-Stamkos-Evangelista,NSH,line,5on5,19,4405.0,166.0,0.69,0.57,0.55,43.43,4.81,3.28,10.44,1.44,22.55,16.48,4.31,4.87,4.37,32.0,27.0,19.0,78.0,5.0,8.0,1.0,5.0,1.0,16.0,24.0,27.0,54.0,8.0,18.0,48.0,12.0,10.0,17.0,38.0,15.0,6.0,1.14,2.05,1.62,1.0,3.0,1.0,78.1,59.0,59.37,10.0,0.69,1.62,1.62,3.88,3.94,3.74,34.83,2.2,2.04,9.28,1.09,19.49,13.89,2.17,2.24,2.21,31.0,17.0,11.0,59.0,3.0,2.0,1.0,10.0,0.0,18.0,15.0,28.0,45.0,1.0,2.0,36.0,25.0,5.0,27.0,40.0,6.0,2.0,0.96,0.79,0.45,1.0,1.0,1.0,60.07,48.0,48.33,10.0,0.43,0.26,0.26,2.36,2.38,2.36
847415084763998476456,2025,Huberdeau-Backlund-Coleman,CGY,line,5on5,17,824.0,185.0,0.31,0.39,0.42,7.63,0.59,0.5,1.57,0.22,4.11,3.01,0.59,0.57,0.57,10.0,0.0,3.0,13.0,1.0,0.0,0.0,2.0,0.0,2.0,5.0,9.0,9.0,2.0,4.0,8.0,6.0,2.0,5.0,7.0,3.0,0.0,0.18,0.4,0.0,0.0,1.0,0.0,12.87,10.0,9.78,1.0,0.1,0.0,0.0,0.69,0.66,0.66,10.43,1.3,0.69,2.61,0.32,5.19,3.89,1.17,1.3,1.17,12.0,2.0,6.0,20.0,2.0,3.0,1.0,2.0,0.0,2.0,5.0,10.0,12.0,1.0,2.0,4.0,5.0,0.0,3.0,10.0,2.0,2.0,0.41,0.22,0.68,1.0,0.0,1.0,20.0,14.0,14.02,0.0,0.15,0.74,0.74,0.71,0.71,0.7
84795768482166,2025,Mukhamadullin-Desharnais,SJS,pairing,5on5,6,1787.0,37.0,0.34,0.31,0.24,6.7,0.65,0.4,1.36,0.2,3.57,2.82,0.65,0.61,0.61,8.0,1.0,7.0,16.0,1.0,0.0,0.0,1.0,0.0,2.0,5.0,7.0,8.0,0.0,0.0,13.0,14.0,1.0,9.0,6.0,2.0,1.0,0.12,0.23,0.3,0.0,0.0,1.0,15.47,9.0,8.69,4.0,0.08,0.0,0.0,0.73,0.69,0.69,20.16,1.23,1.13,5.14,0.63,11.57,8.3,1.22,1.28,1.27,22.0,6.0,8.0,36.0,0.0,1.0,0.0,7.0,0.0,9.0,11.0,22.0,28.0,3.0,6.0,15.0,8.0,2.0,6.0,23.0,4.0,1.0,0.5,0.49,0.25,0.0,0.0,0.0,37.06,28.0,28.78,1.0,0.23,0.25,0.25,1.21,1.25,1.25
847647984821558483808,2025,Kuzmenko-Danault-Laferriere,LAK,line,5on5,6,952.0,69.0,0.65,0.65,0.68,9.39,0.59,0.61,2.68,0.3,5.29,3.53,0.56,0.56,0.54,7.0,6.0,4.0,17.0,0.0,1.0,0.0,2.0,0.0,9.0,1.0,7.0,13.0,2.0,7.0,5.0,4.0,1.0,4.0,10.0,2.0,1.0,0.19,0.19,0.21,0.0,0.0,0.0,16.49,13.0,12.72,3.0,0.12,0.21,0.21,0.5,0.48,0.47,4.54,0.31,0.31,0.87,0.16,2.25,2.09,0.31,0.33,0.32,3.0,3.0,3.0,9.0,0.0,0.0,0.0,1.0,0.0,2.0,3.0,3.0,6.0,3.0,9.0,3.0,8.0,1.0,3.0,4.0,2.0,0.0,0.13,0.19,0.0,0.0,0.0,0.0,9.17,6.0,6.12,1.0,0.06,0.0,0.0,0.38,0.39,0.39
84751678482655,2025,Moser-Hedman,TBL,pairing,5on5,14,9607.0,31.0,0.58,0.57,0.56,102.51,9.64,6.53,25.04,3.4,54.59,40.79,8.65,9.79,8.81,87.0,53.0,60.0,200.0,7.0,14.0,4.0,25.0,0.0,54.0,40.0,80.0,133.0,7.0,14.0,86.0,32.0,14.0,47.0,103.0,27.0,10.0,3.07,3.57,3.0,2.0,5.0,0.0,202.09,140.0,141.76,28.0,1.36,2.61,2.61,8.38,8.56,8.11,80.84,6.89,5.22,19.9,2.68,43.83,32.48,6.65,6.76,6.53,81.0,30.0,38.0,149.0,5.0,10.0,2.0,16.0,0.0,36.0,44.0,76.0,106.0,15.0,30.0,73.0,68.0,15.0,31.0,83.0,24.0,4.0,2.66,3.08,1.15,2.0,1.0,2.0,146.33,111.0,109.71,13.0,1.09,1.72,1.72,6.25,6.13,6.02
847648084801138482149,2025,Iafallo-Namestnikov-Perfetti,WPG,line,5on5,2,664.0,7.0,0.54,0.6,0.64,5.84,0.29,0.34,1.56,0.22,3.88,2.7,0.29,0.28,0.28,5.0,4.0,3.0,12.0,0.0,1.0,0.0,0.0,0.0,5.0,3.0,5.0,9.0,0.0,0.0,4.0,3.0,0.0,3.0,9.0,0.0,0.0,0.29,0.0,0.0,0.0,0.0,0.0,11.81,9.0,8.88,0.0,0.07,0.02,0.02,0.34,0.32,0.32,3.73,0.24,0.21,0.85,0.11,2.05,1.52,0.24,0.26,0.26,2.0,3.0,3.0,8.0,0.0,0.0,0.0,1.0,0.0,1.0,3.0,2.0,5.0,0.0,0.0,5.0,4.0,3.0,6.0,4.0,1.0,0.0,0.13,0.11,0.0,0.0,0.0,0.0,8.09,5.0,5.09,3.0,0.04,0.0,0.0,0.29,0.3,0.3
847464184774068477508,2025,Janmark-Henrique-Lazar,EDM,line,5on5,6,649.0,76.0,0.63,0.43,0.4,3.09,0.48,0.19,0.57,0.09,1.35,1.3,0.48,0.54,0.54,2.0,2.0,2.0,6.0,0.0,0.0,0.0,0.0,0.0,2.0,2.0,2.0,4.0,0.0,0.0,9.0,7.0,1.0,1.0,2.0,1.0,1.0,0.06,0.2,0.23,0.0,0.0,0.0,6.46,4.0,4.38,1.0,0.04,0.0,0.0,0.53,0.58,0.58,4.44,0.29,0.24,1.27,0.13,2.4,1.68,0.29,0.27,0.27,3.0,3.0,2.0,8.0,0.0,0.0,0.0,2.0,1.0,2.0,1.0,3.0,6.0,0.0,0.0,6.0,1.0,2.0,2.0,5.0,1.0,0.0,0.2,0.1,0.0,0.0,0.0,0.0,7.53,6.0,5.67,2.0,0.05,0.0,0.0,0.34,0.32,0.32
847645484784588481617,2025,Nugent-Hopkins-Roslovic-Podkolzin,EDM,line,5on5,4,673.0,27.0,0.36,0.37,0.36,2.99,0.12,0.12,1.2,0.1,1.41,1.04,0.12,0.13,0.13,1.0,3.0,3.0,7.0,0.0,0.0,0.0,1.0,0.0,1.0,2.0,1.0,4.0,0.0,0.0,4.0,9.0,1.0,1.0,4.0,0.0,0.0,0.12,0.0,0.0,0.0,0.0,0.0,7.17,4.0,4.12,0.0,0.03,0.0,0.0,0.15,0.15,0.15,4.82,0.21,0.27,1.51,0.16,2.9,1.94,0.21,0.2,0.2,4.0,3.0,5.0,12.0,0.0,0.0,0.0,0.0,0.0,3.0,4.0,4.0,7.0,1.0,2.0,7.0,4.0,0.0,3.0,7.0,0.0,0.0,0.21,0.0,0.0,0.0,0.0,0.0,11.9,7.0,7.02,2.0,0.06,0.0,0.0,0.27,0.26,0.26
847576884769058480009,2025,Schwartz-Stephenson-Tolvanen,SEA,line,5on5,15,6338.0,51.0,0.42,0.45,0.44,47.15,3.44,3.13,11.39,1.46,26.92,19.66,3.34,3.52,3.42,42.0,24.0,32.0,98.0,4.0,2.0,0.0,13.0,0.0,15.0,32.0,38.0,62.0,8.0,16.0,65.0,41.0,13.0,37.0,53.0,12.0,1.0,1.71,1.46,0.28,3.0,1.0,0.0,98.97,66.0,66.28,18.0,0.64,0.38,0.38,3.71,3.79,3.69,59.2,4.68,3.77,15.22,2.11,33.28,24.94,4.58,4.69,4.58,58.0,26.0,36.0,120.0,4.0,4.0,0.0,16.0,0.0,30.0,30.0,54.0,80.0,7.0,14.0,54.0,28.0,14.0,29.0,71.0,8.0,5.0,2.14,1.12,1.42,3.0,0.0,1.0,120.69,84.0,84.75,10.0,0.78,0.31,0.31,5.15,5.13,5.05
84769028481609,2025,Lindell-Kolyachonok,DAL,pairing,5on5,8,684.0,60.0,0.68,0.57,0.46,4.95,0.66,0.46,0.95,0.14,2.23,1.55,0.65,0.7,0.69,6.0,0.0,6.0,12.0,2.0,1.0,1.0,0.0,0.0,1.0,2.0,4.0,4.0,0.0,0.0,2.0,4.0,0.0,2.0,2.0,3.0,1.0,0.04,0.4,0.21,0.0,1.0,1.0,13.12,6.0,6.45,0.0,0.1,0.14,0.14,0.62,0.66,0.66,5.02,0.31,0.27,1.28,0.21,2.59,2.35,0.31,0.28,0.28,5.0,2.0,2.0,9.0,0.0,0.0,0.0,0.0,0.0,1.0,6.0,5.0,7.0,0.0,0.0,1.0,5.0,2.0,1.0,6.0,1.0,0.0,0.14,0.17,0.0,0.0,0.0,0.0,8.13,7.0,6.39,0.0,0.06,0.0,0.0,0.36,0.33,0.33
84793788483510,2025,Stanley-Salomonsson,WPG,pairing,5on5,3,1351.0,18.0,0.3,0.33,0.33,7.6,0.9,0.46,1.87,0.27,3.44,3.06,0.84,0.94,0.89,8.0,2.0,2.0,12.0,1.0,1.0,0.0,2.0,0.0,2.0,4.0,7.0,9.0,1.0,2.0,5.0,11.0,1.0,6.0,6.0,2.0,2.0,0.12,0.31,0.47,1.0,0.0,0.0,12.55,10.0,10.39,4.0,0.1,0.24,0.24,0.75,0.79,0.77,14.91,2.08,1.01,3.81,0.5,7.3,5.3,1.98,2.03,1.93,12.0,8.0,4.0,24.0,0.0,3.0,0.0,3.0,0.0,9.0,5.0,12.0,20.0,3.0,4.0,8.0,14.0,2.0,4.0,11.0,5.0,4.0,0.29,0.65,1.14,0.0,0.0,0.0,23.22,20.0,19.35,2.0,0.21,0.83,0.83,1.47,1.44,1.41
847688984794148480840,2025,Bck-Faksa-Bastian,DAL,line,5on5,4,844.0,32.0,0.23,0.29,0.33,3.95,0.26,0.21,1.24,0.15,2.41,1.72,0.26,0.26,0.25,4.0,2.0,0.0,6.0,1.0,0.0,0.0,3.0,0.0,1.0,1.0,3.0,5.0,0.0,0.0,7.0,6.0,1.0,5.0,4.0,2.0,0.0,0.09,0.17,0.0,0.0,1.0,0.0,5.78,6.0,5.76,0.0,0.04,0.0,0.0,0.31,0.3,0.3,8.88,0.87,0.67,2.3,0.39,4.42,3.35,0.83,0.92,0.88,9.0,3.0,3.0,15.0,0.0,3.0,0.0,1.0,0.0,3.0,5.0,9.0,12.0,0.0,0.0,6.0,10.0,0.0,3.0,7.0,4.0,1.0,0.19,0.43,0.25,0.0,0.0,0.0,15.2,12.0,12.27,2.0,0.14,0.35,0.35,0.66,0.69,0.68
84754628482803,2025,Zellweger-Gudas,ANA,pairing,5on5,22,4730.0,148.0,0.47,0.54,0.52,47.51,3.64,2.82,11.9,1.6,24.8,19.23,3.52,3.58,3.46,39.0,25.0,30.0,94.0,3.0,9.0,0.0,6.0,0.0,24.0,22.0,36.0,61.0,4.0,8.0,29.0,39.0,4.0,27.0,50.0,11.0,3.0,1.42,1.39,0.84,1.0,2.0,0.0,91.23,64.0,62.64,7.0,0.59,1.22,1.22,3.01,2.97,2.93,42.46,4.07,2.82,10.8,1.58,23.39,17.34,3.92,4.02,3.87,41.0,19.0,21.0,81.0,5.0,8.0,2.0,9.0,0.0,21.0,17.0,36.0,55.0,6.0,12.0,28.0,34.0,3.0,22.0,48.0,6.0,6.0,1.55,0.82,1.7,1.0,1.0,3.0,82.93,60.0,60.58,10.0,0.58,1.52,1.52,3.13,3.12,3.08
