playerId,season,name,team,position,situation,games_played,icetime,shifts,gameScore,onIce_xGoalsPercentage,offIce_xGoalsPercentage,onIce_corsiPercentage,offIce_corsiPercentage,onIce_fenwickPercentage,offIce_fenwickPercentage,iceTimeRank,I_F_xOnGoal,I_F_xGoals,I_F_xRebounds,I_F_xFreeze,I_F_xPlayStopped,I_F_xPlayContinuedInZone,I_F_xPlayContinuedOutsideZone,I_F_flurryAdjustedxGoals,I_F_scoreVenueAdjustedxGoals,I_F_flurryScoreVenueAdjustedxGoals,I_F_primaryAssists,I_F_secondaryAssists,I_F_shotsOnGoal,I_F_missedShots,I_F_blockedShotAttempts,I_F_shotAttempts,I_F_points,I_F_goals,I_F_rebounds,I_F_reboundGoals,I_F_freeze,I_F_playStopped,I_F_playContinuedInZone,I_F_playContinuedOutsideZone,I_F_savedShotsOnGoal,I_F_savedUnblockedShotAttempts,penalties,I_F_penalityMinutes,I_F_faceOffsWon,I_F_hits,I_F_takeaways,I_F_giveaways,I_F_lowDangerShots,I_F_mediumDangerShots,I_F_highDangerShots,I_F_lowDangerxGoals,I_F_mediumDangerxGoals,I_F_highDangerxGoals,I_F_lowDangerGoals,I_F_mediumDangerGoals,I_F_highDangerGoals,I_F_scoreAdjustedShotsAttempts,I_F_unblockedShotAttempts,I_F_scoreAdjustedUnblockedShotAttempts,I_F_dZoneGiveaways,I_F_xGoalsFromxReboundsOfShots,I_F_xGoalsFromActualReboundsOfShots,I_F_reboundxGoals,I_F_xGoals_with_earned_rebounds,I_F_xGoals_with_earned_rebounds_scoreAdjusted,I_F_xGoals_with_earned_rebounds_scoreFlurryAdjusted,I_F_shifts,I_F_oZoneShiftStarts,I_F_dZoneShiftStarts,I_F_neutralZoneShiftStarts,I_F_flyShiftStarts,I_F_oZoneShiftEnds,I_F_dZoneShiftEnds,I_F_neutralZoneShiftEnds,I_F_flyShiftEnds,faceoffsWon,faceoffsLost,timeOnBench,penalityMinutes,penalityMinutesDrawn,penaltiesDrawn,shotsBlockedByPlayer,OnIce_F_xOnGoal,OnIce_F_xGoals,OnIce_F_flurryAdjustedxGoals,OnIce_F_scoreVenueAdjustedxGoals,OnIce_F_flurryScoreVenueAdjustedxGoals,OnIce_F_shotsOnGoal,OnIce_F_missedShots,OnIce_F_blockedShotAttempts,OnIce_F_shotAttempts,OnIce_F_goals,OnIce_F_rebounds,OnIce_F_reboundGoals,OnIce_F_lowDangerShots,OnIce_F_mediumDangerShots,OnIce_F_highDangerShots,OnIce_F_lowDangerxGoals,OnIce_F_mediumDangerxGoals,OnIce_F_highDangerxGoals,OnIce_F_lowDangerGoals,OnIce_F_mediumDangerGoals,OnIce_F_highDangerGoals,OnIce_F_scoreAdjustedShotsAttempts,OnIce_F_unblockedShotAttempts,OnIce_F_scoreAdjustedUnblockedShotAttempts,OnIce_F_xGoalsFromxReboundsOfShots,OnIce_F_xGoalsFromActualReboundsOfShots,OnIce_F_reboundxGoals,OnIce_F_xGoals_with_earned_rebounds,OnIce_F_xGoals_with_earned_rebounds_scoreAdjusted,OnIce_F_xGoals_with_earned_rebounds_scoreFlurryAdjusted,OnIce_A_xOnGoal,OnIce_A_xGoals,OnIce_A_flurryAdjustedxGoals,OnIce_A_scoreVenueAdjustedxGoals,OnIce_A_flurryScoreVenueAdjustedxGoals,OnIce_A_shotsOnGoal,OnIce_A_missedShots,OnIce_A_blockedShotAttempts,OnIce_A_shotAttempts,OnIce_A_goals,OnIce_A_rebounds,OnIce_A_reboundGoals,OnIce_A_lowDangerShots,OnIce_A_mediumDangerShots,OnIce_A_highDangerShots,OnIce_A_lowDangerxGoals,OnIce_A_mediumDangerxGoals,OnIce_A_highDangerxGoals,OnIce_A_lowDangerGoals,OnIce_A_mediumDangerGoals,OnIce_A_highDangerGoals,OnIce_A_scoreAdjustedShotsAttempts,OnIce_A_unblockedShotAttempts,OnIce_A_scoreAdjustedUnblockedShotAttempts,OnIce_A_xGoalsFromxReboundsOfShots,OnIce_A_xGoalsFromActualReboundsOfShots,OnIce_A_reboundxGoals,OnIce_A_xGoals_with_earned_rebounds,OnIce_A_xGoals_with_earned_rebounds_scoreAdjusted,OnIce_A_xGoals_with_earned_rebounds_scoreFlurryAdjusted,OffIce_F_xGoals,OffIce_A_xGoals,OffIce_F_shotAttempts,OffIce_A_shotAttempts,xGoalsForAfterShifts,xGoalsAgainstAfterShifts,corsiForAfterShifts,corsiAgainstAfterShifts,fenwickForAfterShifts,fenwickAgainstAfterShifts
['8484144'],['2025'],['Connor Bedard'],['CHI'],['C'],['all'],"['5', '4', '3', '2', '1']","[6123.0, 4986.0, 3737.0, 2634.0, 1320.0]","[118.0, 95.0, 70.0, 50.0, 26.0]","[2.75, 2.04, 1.66, 1.38, 1.33, -0.56]","[0.5, 0.49, 0.45, 0.43, 0.3]","[0.37, 0.31, 0.26, 0.25, 0.23]","[0.52, 0.48, 0.46, 0.42]","[0.42, 0.4, 0.39, 0.38]","[0.51, 0.48, 0.47, 0.45, 0.34]","[0.42, 0.38, 0.37, 0.36]","[7.0, 6.0, 5.0, 2.0, 1.0]","[11.74, 11.02, 10.26, 7.35, 4.51]","[1.04, 1.0, 0.94, 0.64, 0.23]","[0.8, 0.74, 0.69, 0.49, 0.27]","[2.45, 2.33, 2.21, 1.57, 1.08]","[0.38, 0.35, 0.33, 0.23, 0.14]","[6.55, 6.12, 5.67, 3.94, 2.45]","[4.77, 4.46, 4.16, 3.12, 1.84]","[1.03, 0.99, 0.93, 0.64, 0.23]","[1.06, 1.01, 0.96, 0.66, 0.24]","[1.05, 1.01, 0.95, 0.66, 0.24]","[1.0, 0.0]","[3.0, 0.0]","[6.0, 5.0, 4.0, 2.0]","[10.0, 9.0, 6.0, 4.0]","[3.0, 0.0]","[19.0, 18.0, 17.0, 13.0, 6.0]","[6.0, 3.0, 2.0, 0.0]","[2.0, 1.0, 0.0]","[1.0, 0.0]",[0.0],[1.0],[0.0],"[5.0, 4.0, 2.0, 1.0]","[7.0, 6.0, 5.0, 4.0]","[4.0, 3.0, 2.0]","[14.0, 13.0, 12.0, 9.0, 6.0]","[3.0, 2.0, 0.0]","[6.0, 4.0, 0.0]","[14.0, 11.0, 6.0, 4.0, 3.0]","[2.0, 1.0, 0.0]","[2.0, 0.0]","[6.0, 5.0, 4.0, 2.0, 1.0]","[11.0, 10.0, 9.0, 7.0, 5.0]","[5.0, 3.0, 1.0]",[0.0],"[0.38, 0.33, 0.28, 0.19, 0.09]","[0.66, 0.45, 0.14]",[0.0],"[1.0, 0.0]","[1.0, 0.0]",[0.0],"[19.31, 18.2, 17.2, 13.29, 6.13]","[16.0, 15.0, 14.0, 10.0, 6.0]","[16.23, 15.13, 14.13, 10.21, 6.12]","[3.0, 2.0, 1.0]","[0.18, 0.17, 0.16, 0.11, 0.06]","[0.07, 0.0]","[0.14, 0.0]","[1.08, 1.03, 0.96, 0.61, 0.29]","[1.11, 1.05, 0.98, 0.63, 0.3]","[1.1, 1.04, 0.97, 0.63, 0.3]","[118.0, 95.0, 70.0, 50.0, 26.0]","[25.0, 20.0, 18.0, 15.0, 11.0]","[6.0, 5.0, 2.0]","[20.0, 15.0, 11.0, 6.0, 3.0]","[67.0, 54.0, 36.0, 27.0, 10.0]","[12.0, 10.0, 9.0, 6.0, 2.0]","[17.0, 13.0, 10.0, 9.0, 6.0]","[24.0, 19.0, 15.0, 12.0, 4.0]","[65.0, 53.0, 36.0, 23.0, 14.0]","[14.0, 11.0, 6.0, 4.0, 3.0]","[24.0, 21.0, 20.0, 18.0, 14.0]","[12009.0, 9546.0, 7195.0, 4698.0, 2280.0]","[6.0, 4.0, 0.0]","[6.0, 4.0, 2.0, 0.0]","[3.0, 2.0, 1.0, 0.0]","[2.0, 1.0, 0.0]","[41.49, 34.61, 30.92, 22.41, 7.83]","[5.13, 3.51, 2.46, 1.63, 0.58]","[5.06, 3.44, 2.39, 1.59, 0.58]","[5.27, 3.55, 2.5, 1.69, 0.6]","[5.2, 3.48, 2.43, 1.65, 0.59]","[38.0, 30.0, 27.0, 19.0, 3.0]","[19.0, 18.0, 16.0, 12.0, 8.0]","[21.0, 19.0, 18.0, 15.0, 7.0]","[78.0, 67.0, 61.0, 46.0, 18.0]","[7.0, 4.0, 3.0, 2.0, 0.0]","[3.0, 2.0, 0.0]",[0.0],"[39.0, 36.0, 32.0, 24.0, 8.0]","[13.0, 10.0, 7.0, 3.0]","[5.0, 2.0, 1.0, 0.0]","[1.19, 1.11, 1.02, 0.71, 0.18]","[1.55, 1.23, 0.93, 0.4]","[2.39, 1.17, 0.21, 0.0]","[2.0, 0.0]","[1.0, 0.0]","[4.0, 1.0, 0.0]","[80.1, 67.72, 61.73, 47.14, 18.24]","[57.0, 48.0, 43.0, 31.0, 11.0]","[58.25, 48.47, 43.49, 31.74, 11.15]","[0.63, 0.53, 0.49, 0.36, 0.13]","[0.24, 0.21, 0.0]","[0.24, 0.21, 0.0]","[5.52, 3.8, 2.71, 1.78, 0.71]","[5.67, 3.83, 2.75, 1.83, 0.72]","[5.6, 3.77, 2.69, 1.8, 0.72]","[50.91, 40.54, 39.8, 30.77, 25.23, 15.76]","[5.32, 3.61, 3.56, 2.97, 2.12, 1.34]","[5.11, 3.55, 3.5, 2.92, 2.12, 1.33]","[5.17, 3.62, 3.57, 2.95, 2.07, 1.31]","[4.97, 3.56, 3.51, 2.9, 2.06, 1.3]","[48.0, 40.0, 39.0, 31.0, 26.0, 16.0]","[21.0, 15.0, 10.0, 8.0, 5.0]","[21.0, 18.0, 16.0, 8.0, 4.0]","[90.0, 73.0, 72.0, 57.0, 42.0, 25.0]","[4.0, 3.0, 2.0, 1.0, 0.0]","[4.0, 1.0, 0.0]","[1.0, 0.0]","[44.0, 37.0, 36.0, 26.0, 23.0, 14.0]","[20.0, 16.0, 13.0, 10.0, 6.0]","[5.0, 2.0, 1.0]","[1.25, 0.98, 0.93, 0.74, 0.62, 0.35]","[2.68, 2.14, 1.75, 1.28, 0.77]","[1.38, 0.48, 0.22]","[2.0, 1.0, 0.0]","[1.0, 0.0]","[1.0, 0.0]","[88.25, 73.17, 72.14, 56.77, 41.25, 24.76]","[69.0, 55.0, 54.0, 41.0, 34.0, 21.0]","[67.79, 55.23, 54.2, 40.87, 33.62, 20.92]","[0.75, 0.58, 0.57, 0.44, 0.36, 0.23]","[1.0, 0.17, 0.0]","[1.0, 0.17, 0.0]","[5.06, 4.01, 3.95, 3.41, 2.48, 1.56]","[4.95, 4.01, 3.95, 3.39, 2.41, 1.53]","[4.87, 3.96, 3.89, 3.33, 2.41, 1.52]","[7.81, 5.35, 3.37, 1.9, 1.01]","[13.35, 11.82, 10.28, 6.36, 2.8]","[151.0, 107.0, 84.0, 55.0, 32.0]","[208.0, 171.0, 129.0, 83.0, 44.0]",[0.0],[0.0],[0.0],[0.0],[0.0],[0.0]
['8477479'],['2025'],['Tyler Bertuzzi'],['CHI'],['L'],['all'],"['5', '4', '3', '2', '1']","[4925.0, 3953.0, 2992.0, 2119.0, 1150.0]","[106.0, 83.0, 62.0, 43.0, 24.0]","[2.54, 1.66, 1.17, 1.16, 0.71]","[0.47, 0.4, 0.37, 0.3]","[0.39, 0.36, 0.29, 0.28, 0.27]","[0.56, 0.52, 0.49, 0.47]","[0.42, 0.41, 0.4, 0.39]","[0.53, 0.47, 0.46, 0.45, 0.44]","[0.42, 0.4, 0.39, 0.38, 0.37]","[28.0, 22.0, 16.0, 9.0, 3.0]","[8.61, 5.54, 4.01, 2.52, 0.83]","[1.63, 0.66, 0.5, 0.26, 0.2]","[0.66, 0.49, 0.36, 0.22, 0.07]","[1.79, 1.29, 0.93, 0.63, 0.15]","[0.3, 0.23, 0.16, 0.11, 0.02]","[4.49, 3.2, 2.43, 1.64, 0.32]","[3.13, 2.14, 1.62, 1.14, 0.24]","[1.6, 0.64, 0.48, 0.26, 0.2]","[1.67, 0.67, 0.51, 0.27, 0.21]","[1.64, 0.65, 0.49, 0.27, 0.21]","[2.0, 1.0]",[1.0],"[9.0, 5.0, 3.0, 1.0]","[3.0, 1.0, 0.0]","[3.0, 2.0, 1.0, 0.0]","[15.0, 10.0, 8.0, 5.0, 1.0]","[4.0, 2.0]","[1.0, 0.0]",[0.0],[0.0],"[3.0, 2.0, 1.0]",[0.0],"[4.0, 3.0, 1.0, 0.0]","[4.0, 2.0, 1.0, 0.0]","[8.0, 5.0, 3.0, 1.0]","[11.0, 8.0, 6.0, 4.0, 1.0]",[0.0],[0.0],"[3.0, 1.0]","[6.0, 4.0, 3.0, 2.0]",[1.0],"[2.0, 1.0, 0.0]","[7.0, 5.0, 4.0, 3.0, 0.0]","[3.0, 2.0, 1.0]","[2.0, 1.0, 0.0]","[0.25, 0.14, 0.1, 0.06, 0.0]","[0.43, 0.32, 0.2]","[0.95, 0.21, 0.0]",[0.0],[0.0],"[1.0, 0.0]","[15.88, 10.13, 8.14, 5.2, 1.03]","[12.0, 8.0, 6.0, 4.0, 1.0]","[12.56, 8.14, 6.13, 4.16, 1.03]",[0.0],"[0.15, 0.11, 0.08, 0.05, 0.02]",[0.0],"[0.04, 0.0]","[1.74, 0.73, 0.58, 0.31, 0.21]","[1.79, 0.74, 0.59, 0.32, 0.22]","[1.75, 0.72, 0.57, 0.32, 0.22]","[106.0, 83.0, 62.0, 43.0, 24.0]","[22.0, 18.0, 17.0, 10.0, 4.0]","[12.0, 11.0, 9.0, 8.0, 5.0]","[18.0, 14.0, 9.0, 7.0, 5.0]","[54.0, 40.0, 27.0, 18.0, 10.0]","[14.0, 10.0, 9.0, 7.0, 3.0]","[17.0, 14.0, 9.0, 5.0, 4.0]","[20.0, 16.0, 11.0, 9.0, 4.0]","[55.0, 43.0, 33.0, 22.0, 13.0]","[3.0, 1.0]","[6.0, 5.0, 2.0]","[13207.0, 10579.0, 7940.0, 5213.0, 2450.0]",[0.0],[0.0],[0.0],[0.0],"[32.44, 24.73, 21.79, 13.58, 7.0]","[3.46, 1.97, 1.65, 0.92, 0.56]","[3.42, 1.94, 1.62, 0.91, 0.56]","[3.58, 2.0, 1.69, 0.97, 0.58]","[3.54, 1.97, 1.67, 0.96, 0.58]","[28.0, 19.0, 12.0, 6.0]","[17.0, 16.0, 12.0, 7.0, 4.0]","[22.0, 16.0, 12.0, 7.0]","[67.0, 51.0, 47.0, 31.0, 17.0]","[6.0, 4.0, 2.0]","[1.0, 0.0]",[0.0],"[29.0, 25.0, 23.0, 15.0, 8.0]","[14.0, 9.0, 7.0, 4.0, 2.0]","[2.0, 1.0, 0.0]","[0.83, 0.67, 0.61, 0.39, 0.23]","[1.68, 1.09, 0.84, 0.53, 0.33]","[0.95, 0.21, 0.0]","[2.0, 1.0]","[3.0, 2.0, 1.0]","[1.0, 0.0]","[69.19, 51.25, 47.25, 31.64, 17.16]","[45.0, 35.0, 31.0, 19.0, 10.0]","[46.23, 35.17, 31.15, 19.41, 10.12]","[0.52, 0.41, 0.37, 0.23, 0.12]","[0.04, 0.0]","[0.04, 0.0]","[3.94, 2.34, 2.02, 1.15, 0.68]","[4.08, 2.37, 2.07, 1.21, 0.71]","[4.03, 2.34, 2.03, 1.2, 0.7]","[37.09, 31.72, 20.35, 16.4, 9.28]","[3.93, 3.38, 2.43, 2.14, 1.33]","[3.82, 3.28, 2.35, 2.05, 1.27]","[3.84, 3.36, 2.39, 2.08, 1.3]","[3.74, 3.26, 2.31, 2.0, 1.25]","[36.0, 32.0, 22.0, 16.0, 8.0]","[15.0, 12.0, 6.0, 4.0]","[18.0, 13.0, 9.0, 7.0, 6.0]","[69.0, 57.0, 37.0, 29.0, 18.0]","[4.0, 3.0, 2.0, 1.0]","[6.0, 5.0, 3.0, 1.0]","[1.0, 0.0]","[35.0, 30.0, 18.0, 13.0, 7.0]","[11.0, 10.0, 6.0, 5.0, 2.0]","[5.0, 4.0, 3.0]","[1.21, 1.06, 0.72, 0.52, 0.32]","[1.49, 1.39, 0.79, 0.7, 0.29]","[1.22, 0.93, 0.72]","[2.0, 1.0, 0.0]",[1.0],"[1.0, 0.0]","[67.61, 57.08, 36.95, 28.73, 18.02]","[51.0, 44.0, 28.0, 22.0, 12.0]","[50.33, 44.05, 28.02, 21.87, 12.05]","[0.54, 0.47, 0.31, 0.25, 0.15]","[1.0, 0.98, 0.61, 0.23]","[1.0, 0.98, 0.61, 0.23]","[3.47, 2.87, 2.13, 1.78, 1.25]","[3.39, 2.86, 2.1, 1.74, 1.23]","[3.34, 2.81, 2.06, 1.7, 1.19]","[9.48, 6.89, 4.18, 2.62, 1.03]","[14.74, 12.05, 12.0, 10.82, 6.35, 2.81]","[162.0, 123.0, 98.0, 70.0, 33.0]","[229.0, 187.0, 186.0, 149.0, 96.0, 51.0]",[0.0],[0.0],[0.0],[0.0],[0.0],[0.0]
['8477444'],['2025'],['Andre Burakovsky'],['CHI'],['L'],['all'],"['5', '4', '3', '2', '1']","[4776.0, 3880.0, 2882.0, 1881.0, 940.0]","[104.0, 84.0, 64.0, 42.0, 21.0]","[2.38, 2.33, 1.79, 1.53, 1.48, -0.6]","[0.5, 0.47, 0.44, 0.41, 0.28]","[0.41, 0.33, 0.28, 0.25]","[0.53, 0.52, 0.47, 0.36]","[0.44, 0.42, 0.41, 0.38]","[0.52, 0.51, 0.5, 0.47, 0.46, 0.29]","[0.43, 0.42, 0.39, 0.38, 0.37]","[33.0, 24.0, 19.0, 15.0, 7.0]","[7.8, 5.98, 4.57, 2.36, 0.87]","[1.22, 0.74, 0.61, 0.42, 0.17]","[0.6, 0.46, 0.32, 0.18, 0.06]","[1.56, 1.03, 0.82, 0.36, 0.12]","[0.23, 0.17, 0.13, 0.06, 0.02]","[3.67, 3.19, 2.32, 1.16, 0.36]","[2.72, 2.4, 1.8, 0.83, 0.27]","[1.15, 0.73, 0.6, 0.41, 0.17]","[1.3, 0.75, 0.62, 0.43, 0.17]","[1.23, 0.74, 0.61, 0.43, 0.17]","[1.0, 0.0]",[0.0],"[8.0, 6.0, 4.0, 2.0, 0.0]","[2.0, 1.0]","[4.0, 3.0, 0.0]","[14.0, 12.0, 10.0, 6.0, 1.0]","[3.0, 2.0, 0.0]","[2.0, 1.0, 0.0]","[2.0, 1.0, 0.0]",[0.0],[0.0],[0.0],"[1.0, 0.0]","[5.0, 4.0, 3.0, 1.0]","[6.0, 4.0, 3.0, 1.0, 0.0]","[8.0, 6.0, 5.0, 2.0, 1.0]",[0.0],[0.0],[0.0],"[4.0, 3.0, 1.0]","[3.0, 2.0, 1.0]","[3.0, 2.0, 1.0, 0.0]","[3.0, 2.0, 0.0]","[6.0, 5.0, 4.0, 3.0, 1.0]","[1.0, 0.0]","[0.14, 0.1, 0.0]","[0.78, 0.6, 0.51, 0.42, 0.17]","[0.3, 0.0]",[0.0],"[2.0, 1.0, 0.0]",[0.0],"[14.43, 12.0, 10.0, 6.15, 0.97]","[10.0, 8.0, 6.0, 3.0, 1.0]","[10.29, 7.97, 5.97, 3.02, 0.96]","[2.0, 1.0, 0.0]","[0.13, 0.1, 0.07, 0.04, 0.01]","[0.33, 0.03, 0.0]","[0.3, 0.0]","[1.06, 0.85, 0.68, 0.46, 0.18]","[1.1, 0.85, 0.68, 0.47, 0.18]","[1.08, 0.84, 0.68, 0.46, 0.18]","[104.0, 84.0, 64.0, 42.0, 21.0]","[19.0, 17.0, 15.0, 12.0, 6.0]","[5.0, 4.0, 2.0, 1.0]","[21.0, 15.0, 10.0, 6.0, 4.0]","[59.0, 47.0, 35.0, 22.0, 10.0]","[15.0, 13.0, 12.0, 7.0, 3.0]","[18.0, 12.0, 9.0, 7.0, 6.0]","[16.0, 12.0, 9.0, 6.0, 2.0]","[55.0, 47.0, 34.0, 22.0, 10.0]",[0.0],"[2.0, 1.0, 0.0]","[13356.0, 10652.0, 8050.0, 5451.0, 2660.0]",[0.0],[0.0],[0.0],[0.0],"[37.39, 31.36, 25.01, 16.43, 5.43]","[3.33, 2.7, 2.23, 1.32, 0.41]","[3.2, 2.62, 2.16, 1.3, 0.41]","[3.44, 2.72, 2.25, 1.37, 0.42]","[3.3, 2.64, 2.18, 1.36, 0.42]","[30.0, 26.0, 21.0, 12.0, 2.0]","[21.0, 17.0, 13.0, 10.0, 5.0]","[18.0, 17.0, 16.0, 12.0, 5.0]","[69.0, 60.0, 50.0, 34.0, 12.0]","[3.0, 2.0, 0.0]","[3.0, 2.0, 0.0]",[0.0],"[38.0, 33.0, 26.0, 16.0, 5.0]","[11.0, 9.0, 7.0, 6.0, 2.0]","[2.0, 1.0, 0.0]","[1.1, 1.05, 0.84, 0.46, 0.1]","[1.5, 1.21, 0.95, 0.86, 0.31]","[0.73, 0.44, 0.0]","[1.0, 0.0]","[2.0, 1.0, 0.0]",[0.0],"[70.37, 60.41, 50.48, 34.95, 12.17]","[51.0, 43.0, 34.0, 22.0, 7.0]","[51.74, 43.16, 34.23, 22.58, 7.12]","[0.55, 0.45, 0.35, 0.22, 0.07]","[0.76, 0.47, 0.0]","[0.76, 0.47, 0.0]","[3.12, 2.69, 2.12, 1.54, 0.49]","[3.22, 2.73, 2.16, 1.6, 0.5]","[3.13, 2.64, 2.09, 1.58, 0.5]","[44.09, 30.7, 29.96, 25.72, 18.71, 12.59]","[4.82, 2.73, 2.68, 2.51, 1.71, 1.07]","[4.61, 2.68, 2.63, 2.46, 1.71, 1.07]","[4.62, 2.73, 2.68, 2.5, 1.66, 1.04]","[4.41, 2.68, 2.63, 2.45, 1.66, 1.04]","[40.0, 30.0, 29.0, 26.0, 20.0, 13.0]","[20.0, 11.0, 8.0, 5.0, 4.0]","[17.0, 14.0, 13.0, 5.0, 4.0]","[77.0, 55.0, 54.0, 47.0, 30.0, 21.0]","[4.0, 3.0, 2.0, 0.0]","[3.0, 0.0]","[1.0, 0.0]","[37.0, 27.0, 26.0, 21.0, 16.0, 12.0]","[19.0, 13.0, 12.0, 9.0, 5.0]","[4.0, 1.0, 0.0]","[0.99, 0.63, 0.58, 0.5, 0.42, 0.32]","[2.67, 1.83, 1.75, 1.29, 0.75]","[1.16, 0.26, 0.0]","[1.0, 0.0]","[2.0, 0.0]","[1.0, 0.0]","[74.31, 55.22, 54.19, 47.08, 29.47, 20.76]","[60.0, 41.0, 40.0, 34.0, 25.0, 17.0]","[58.13, 41.22, 40.19, 34.07, 24.73, 16.91]","[0.65, 0.43, 0.42, 0.38, 0.27, 0.18]","[0.83, 0.0]","[0.83, 0.0]","[4.63, 3.16, 3.1, 2.88, 1.98, 1.25]","[4.47, 3.16, 3.1, 2.87, 1.92, 1.22]","[4.39, 3.1, 3.04, 2.82, 1.92, 1.22]","[9.6, 6.15, 3.59, 2.22, 1.18]","[13.84, 12.7, 10.74, 6.78, 3.07]","[160.0, 114.0, 95.0, 67.0, 38.0]","[221.0, 189.0, 139.0, 95.0, 48.0]",[0.0],[0.0],[0.0],[0.0],[0.0],[0.0]
['8482703'],['2025'],['Colton Dach'],['CHI'],['C'],['all'],"['5', '4', '3', '2', '1']","[4433.0, 3520.0, 2573.0, 1611.0, 809.0]","[104.0, 83.0, 62.0, 41.0, 22.0]","[1.14, 1.08, 0.93, 0.7, 0.52, -0.03]","[0.64, 0.57, 0.53, 0.52, 0.39]","[0.41, 0.33, 0.26, 0.24, 0.22]","[0.57, 0.55, 0.54, 0.52, 0.49]","[0.42, 0.41, 0.4, 0.38]","[0.57, 0.55, 0.54, 0.53, 0.48]","[0.41, 0.38, 0.37, 0.36, 0.35]","[38.0, 30.0, 23.0, 18.0, 9.0]","[5.33, 3.16, 0.79]","[0.44, 0.31, 0.09]","[0.38, 0.22, 0.04]","[1.18, 0.64, 0.18]","[0.15, 0.09, 0.02]","[2.87, 1.54, 0.37]","[1.97, 1.22, 0.3]","[0.44, 0.31, 0.09]","[0.48, 0.32, 0.09]","[0.48, 0.32, 0.09]",[0.0],"[2.0, 1.0, 0.0]","[4.0, 3.0, 1.0]","[3.0, 1.0, 0.0]","[2.0, 1.0, 0.0]","[9.0, 5.0, 4.0, 1.0]","[2.0, 1.0, 0.0]",[0.0],[0.0],[0.0],"[1.0, 0.0]",[0.0],"[1.0, 0.0]","[5.0, 3.0, 1.0]","[4.0, 3.0, 1.0]","[7.0, 4.0, 1.0]","[1.0, 0.0]","[2.0, 0.0]","[4.0, 3.0, 2.0, 0.0]","[27.0, 23.0, 16.0, 10.0, 4.0]","[2.0, 1.0, 0.0]","[5.0, 2.0, 1.0, 0.0]","[4.0, 2.0, 0.0]","[3.0, 2.0, 1.0]",[0.0],"[0.1, 0.07, 0.0]","[0.34, 0.24, 0.09]",[0.0],[0.0],[0.0],[0.0],"[9.63, 5.1, 4.13, 1.03]","[7.0, 4.0, 1.0]","[7.38, 4.12, 1.03]","[1.0, 0.0]","[0.08, 0.04, 0.01]",[0.0],[0.0],"[0.52, 0.35, 0.1]","[0.56, 0.37, 0.1]","[0.56, 0.37, 0.1]","[104.0, 83.0, 62.0, 41.0, 22.0]","[13.0, 10.0, 8.0, 5.0, 1.0]","[3.0, 2.0]","[23.0, 17.0, 13.0, 9.0, 7.0]","[65.0, 53.0, 38.0, 24.0, 12.0]","[16.0, 14.0, 10.0, 6.0]","[14.0, 8.0, 5.0, 4.0, 3.0]","[17.0, 14.0, 9.0, 7.0, 3.0]","[57.0, 47.0, 34.0, 20.0, 10.0]","[4.0, 3.0, 2.0, 0.0]","[7.0, 4.0, 1.0, 0.0]","[13699.0, 11012.0, 8359.0, 5721.0, 2791.0]","[2.0, 0.0]","[6.0, 4.0, 2.0, 0.0]","[3.0, 2.0, 1.0, 0.0]","[2.0, 1.0, 0.0]","[35.42, 28.96, 21.77, 14.78, 6.07]","[2.78, 2.4, 1.88, 1.06, 0.47]","[2.7, 2.31, 1.8, 1.05, 0.47]","[2.84, 2.4, 1.89, 1.1, 0.48]","[2.75, 2.31, 1.81, 1.08, 0.48]","[34.0, 29.0, 24.0, 16.0, 7.0]","[15.0, 11.0, 6.0, 4.0, 1.0]","[13.0, 12.0, 11.0, 7.0, 3.0]","[62.0, 52.0, 41.0, 27.0, 11.0]","[2.0, 1.0, 0.0]","[4.0, 3.0, 1.0]",[0.0],"[38.0, 32.0, 24.0, 16.0, 6.0]","[9.0, 6.0, 4.0, 3.0, 1.0]","[2.0, 1.0]","[1.14, 1.04, 0.79, 0.5, 0.16]","[0.98, 0.69, 0.42, 0.33, 0.09]","[0.67, 0.23]","[1.0, 0.0]","[1.0, 0.0]",[0.0],"[63.33, 52.27, 41.25, 27.61, 11.03]","[49.0, 40.0, 30.0, 20.0, 8.0]","[49.87, 40.18, 30.15, 20.38, 8.02]","[0.52, 0.42, 0.3, 0.18, 0.07]","[0.74, 0.7, 0.23]","[0.74, 0.7, 0.23]","[2.57, 2.08, 1.48, 1.02, 0.32]","[2.66, 2.1, 1.51, 1.06, 0.32]","[2.58, 2.03, 1.44, 1.05, 0.32]","[39.34, 26.04, 25.31, 18.79, 10.91, 4.42]","[4.27, 2.18, 2.14, 1.74, 0.81, 0.27]","[4.06, 2.14, 2.09, 1.69, 0.81, 0.27]","[4.13, 2.23, 2.18, 1.76, 0.79, 0.27]","[3.92, 2.18, 2.13, 1.72, 0.79, 0.27]","[36.0, 26.0, 25.0, 19.0, 13.0, 5.0]","[17.0, 9.0, 6.0, 2.0, 1.0]","[12.0, 10.0, 9.0, 5.0, 4.0]","[65.0, 45.0, 44.0, 34.0, 20.0, 10.0]","[3.0, 2.0, 1.0, 0.0]","[4.0, 1.0, 0.0]","[1.0, 0.0]","[32.0, 23.0, 22.0, 15.0, 10.0, 4.0]","[16.0, 11.0, 9.0, 5.0, 2.0]","[5.0, 1.0, 0.0]","[0.78, 0.47, 0.43, 0.28, 0.19, 0.07]","[2.13, 1.45, 1.19, 0.62, 0.2]","[1.37, 0.26, 0.0]","[1.0, 0.0]","[1.0, 0.0]","[1.0, 0.0]","[62.78, 45.27, 44.24, 34.03, 19.52, 9.81]","[53.0, 35.0, 34.0, 25.0, 15.0, 6.0]","[51.34, 35.27, 34.24, 25.04, 14.66, 5.91]","[0.6, 0.38, 0.36, 0.29, 0.16, 0.06]","[1.0, 0.17, 0.0]","[1.0, 0.17, 0.0]","[3.87, 2.39, 2.33, 2.02, 0.97, 0.33]","[3.75, 2.43, 2.37, 2.05, 0.94, 0.32]","[3.67, 2.38, 2.32, 2.0, 0.94, 0.32]","[10.15, 6.46, 3.95, 2.47, 1.11]","[14.39, 13.24, 11.51, 7.67, 3.87]","[167.0, 122.0, 104.0, 74.0, 39.0]","[233.0, 199.0, 152.0, 105.0, 59.0]",[0.0],[0.0],[0.0],[0.0],[0.0],[0.0]
['8477450'],['2025'],['Jason Dickinson'],['CHI'],['C'],['all'],"['4', '3', '2', '1']","[3281.0, 2282.0, 1359.0, 854.0]","[83.0, 60.0, 39.0, 25.0]","[2.99, 0.98, 0.26, 0.02]","[0.81, 0.74, 0.73, 0.68]","[0.37, 0.33, 0.27, 0.22]","[0.53, 0.5, 0.45, 0.44]","[0.45, 0.41]","[0.67, 0.6, 0.56, 0.54]","[0.39, 0.38, 0.37, 0.34]","[31.0, 27.0, 19.0, 8.0]","[9.77, 5.03, 1.57]","[0.83, 0.5, 0.07]","[0.65, 0.41, 0.07]","[2.4, 1.24, 0.42]","[0.3, 0.14, 0.04]","[4.37, 2.2, 0.8]","[3.45, 1.51, 0.61]","[0.81, 0.48, 0.07]","[0.84, 0.49, 0.07]","[0.82, 0.47, 0.07]","[1.0, 0.0]",[0.0],"[6.0, 4.0, 1.0]","[6.0, 2.0, 1.0]","[1.0, 0.0]","[13.0, 6.0, 2.0]","[2.0, 1.0, 0.0]","[1.0, 0.0]","[2.0, 1.0, 0.0]",[0.0],"[1.0, 0.0]",[0.0],"[2.0, 1.0]","[6.0, 2.0, 1.0]","[5.0, 4.0, 1.0]","[11.0, 6.0, 2.0]","[1.0, 0.0]","[2.0, 0.0]","[34.0, 23.0, 15.0, 11.0]","[3.0, 2.0, 1.0, 0.0]","[1.0, 0.0]","[6.0, 4.0, 0.0]","[8.0, 3.0, 2.0]","[4.0, 3.0, 0.0]",[0.0],"[0.25, 0.09, 0.07]","[0.58, 0.41, 0.0]",[0.0],"[1.0, 0.0]",[0.0],[0.0],"[13.88, 6.0, 2.06]","[12.0, 6.0, 2.0]","[12.63, 6.01, 2.06]","[4.0, 3.0, 0.0]","[0.14, 0.09, 0.01]","[0.21, 0.19, 0.0]","[0.19, 0.0]","[0.78, 0.39, 0.09]","[0.8, 0.39, 0.09]","[0.79, 0.38, 0.09]","[83.0, 60.0, 39.0, 25.0]",[1.0],"[24.0, 17.0, 9.0, 8.0]","[14.0, 12.0, 11.0, 6.0]","[44.0, 30.0, 18.0, 10.0]","[10.0, 7.0, 6.0, 4.0]","[2.0, 1.0, 0.0]","[10.0, 8.0, 6.0, 4.0]","[61.0, 43.0, 26.0, 17.0]","[34.0, 23.0, 15.0, 11.0]","[25.0, 20.0, 11.0, 8.0]","[11251.0, 8650.0, 5973.0, 2746.0]","[2.0, 0.0]",[0.0],[0.0],"[1.0, 0.0]","[30.72, 16.34, 6.64, 5.93]","[3.01, 1.74, 0.45, 0.44]","[2.78, 1.58, 0.45, 0.44]","[3.12, 1.7, 0.46, 0.45]","[2.88, 1.55, 0.45, 0.44]","[24.0, 13.0, 5.0]","[16.0, 8.0, 4.0, 3.0]","[6.0, 3.0, 1.0]","[46.0, 24.0, 10.0, 9.0]","[5.0, 1.0, 0.0]","[7.0, 3.0, 1.0]","[1.0, 0.0]","[28.0, 13.0, 8.0, 7.0]","[7.0, 6.0, 0.0]","[5.0, 2.0, 1.0]","[0.72, 0.31, 0.22, 0.21]","[1.07, 0.9, 0.0]","[1.23, 0.53, 0.23]","[2.0, 0.0]",[0.0],"[3.0, 1.0, 0.0]","[48.72, 23.81, 10.09, 9.06]","[40.0, 21.0, 9.0, 8.0]","[41.98, 20.89, 9.07, 8.04]","[0.41, 0.23, 0.06]","[1.16, 0.6, 0.23]","[1.16, 0.6, 0.23]","[2.26, 1.36, 0.28, 0.27]","[2.32, 1.34, 0.29, 0.28]","[2.19, 1.23, 0.29, 0.27]","[19.17, 12.7, 4.96, 2.83]","[1.04, 0.84, 0.16, 0.11]","[1.02, 0.82, 0.16, 0.1]","[1.03, 0.85, 0.16, 0.1]","[1.02, 0.84, 0.15, 0.1]","[16.0, 10.0, 6.0, 3.0]","[11.0, 8.0, 1.0]","[13.0, 12.0, 5.0]","[40.0, 30.0, 12.0, 9.0]","[1.0, 0.0]","[1.0, 0.0]",[0.0],"[24.0, 15.0, 7.0, 4.0]","[2.0, 0.0]","[1.0, 0.0]","[0.49, 0.28, 0.16, 0.11]","[0.32, 0.0]","[0.23, 0.0]","[1.0, 0.0]",[0.0],[0.0],"[38.55, 29.93, 11.79, 8.82]","[27.0, 18.0, 7.0, 4.0]","[25.78, 17.78, 6.87, 3.89]","[0.25, 0.18, 0.05, 0.03]","[0.23, 0.0]","[0.23, 0.0]","[1.05, 0.79, 0.21, 0.14]","[1.04, 0.8, 0.21, 0.14]","[1.04, 0.79, 0.21, 0.13]","[7.63, 4.83, 3.09, 1.15]","[12.86, 9.83, 9.78, 8.32, 4.03]","[139.0, 106.0, 91.0, 41.0]","[197.0, 153.0, 152.0, 113.0, 60.0]",[0.0],[0.0],[0.0],[0.0],[0.0],[0.0]
['8477987'],['2025'],['Ryan Donato'],['CHI'],['C'],['all'],"['5', '4', '3', '2', '1']","[4654.0, 3573.0, 2788.0, 1989.0, 960.0]","[102.0, 80.0, 64.0, 45.0, 23.0]","[3.27, 1.37, 0.58, 0.01, -0.02]","[0.7, 0.68, 0.6, 0.54, 0.47]","[0.32, 0.27, 0.26, 0.23, 0.2]","[0.58, 0.56, 0.55, 0.53, 0.5]","[0.43, 0.4, 0.38, 0.37, 0.36]","[0.57, 0.54, 0.49, 0.48, 0.4]","[0.41, 0.39, 0.37, 0.36, 0.35]","[33.0, 30.0, 20.0, 11.0, 6.0]","[17.8, 12.17, 9.91, 3.81, 2.2]","[2.17, 1.44, 1.05, 0.09, 0.07]","[1.28, 0.88, 0.7, 0.2, 0.16]","[3.9, 2.73, 2.29, 0.83, 0.46]","[0.58, 0.4, 0.32, 0.12, 0.07]","[8.92, 6.18, 5.03, 2.1, 1.23]","[6.14, 4.37, 3.61, 1.67, 1.01]","[1.94, 1.28, 0.92, 0.09, 0.07]","[2.23, 1.38, 1.01, 0.09, 0.07]","[1.99, 1.23, 0.89, 0.09, 0.07]",[0.0],"[1.0, 0.0]","[12.0, 8.0, 2.0, 1.0]","[11.0, 8.0, 5.0, 3.0, 2.0]","[6.0, 4.0, 3.0]","[29.0, 22.0, 19.0, 9.0, 6.0]","[2.0, 1.0, 0.0]","[1.0, 0.0]","[1.0, 0.0]","[1.0, 0.0]","[2.0, 1.0]",[1.0],"[12.0, 9.0, 7.0, 2.0, 1.0]","[6.0, 4.0, 3.0, 1.0, 0.0]","[11.0, 8.0, 2.0, 1.0]","[22.0, 16.0, 13.0, 5.0, 3.0]","[1.0, 0.0]","[2.0, 0.0]","[3.0, 2.0, 0.0]","[5.0, 3.0]","[2.0, 1.0, 0.0]","[4.0, 2.0, 0.0]","[15.0, 11.0, 10.0, 5.0, 3.0]","[4.0, 3.0, 1.0, 0.0]","[4.0, 2.0, 0.0]","[0.36, 0.29, 0.24, 0.09, 0.07]","[0.64, 0.47, 0.14, 0.0]","[1.18, 0.67, 0.0]",[0.0],[0.0],"[1.0, 0.0]","[29.63, 21.78, 18.87, 9.17, 6.07]","[23.0, 16.0, 13.0, 5.0, 3.0]","[23.43, 15.75, 12.84, 5.12, 3.06]","[2.0, 1.0, 0.0]","[0.27, 0.19, 0.15, 0.04]","[0.28, 0.0]","[1.26, 0.76, 0.58, 0.0]","[1.19, 0.87, 0.62, 0.13, 0.1]","[1.2, 0.84, 0.6, 0.13, 0.1]","[1.08, 0.72, 0.49, 0.13, 0.1]","[102.0, 80.0, 64.0, 45.0, 23.0]","[12.0, 11.0, 10.0, 8.0, 5.0]","[9.0, 4.0, 1.0]","[25.0, 21.0, 20.0, 18.0, 6.0]","[56.0, 44.0, 33.0, 18.0, 11.0]","[18.0, 14.0, 13.0, 7.0, 5.0]","[18.0, 17.0, 14.0, 9.0, 5.0]","[16.0, 12.0, 9.0, 6.0]","[50.0, 37.0, 28.0, 20.0, 7.0]","[3.0, 2.0, 0.0]","[6.0, 5.0, 4.0, 1.0]","[13478.0, 10959.0, 8144.0, 5343.0, 2640.0]","[2.0, 0.0]","[2.0, 0.0]","[1.0, 0.0]","[1.0, 0.0]","[50.86, 34.52, 22.69, 12.61, 9.34]","[5.02, 3.92, 2.28, 0.95, 0.73]","[4.64, 3.62, 2.14, 0.95, 0.73]","[5.09, 3.85, 2.25, 0.98, 0.75]","[4.71, 3.56, 2.11, 0.97, 0.74]","[39.0, 28.0, 17.0, 6.0, 4.0]","[28.0, 17.0, 13.0, 10.0, 8.0]","[20.0, 17.0, 15.0, 12.0, 6.0]","[87.0, 62.0, 45.0, 28.0, 18.0]","[5.0, 2.0, 0.0]","[9.0, 5.0, 3.0, 1.0]","[1.0, 0.0]","[46.0, 27.0, 21.0, 12.0, 9.0]","[15.0, 14.0, 6.0, 3.0, 2.0]","[6.0, 4.0, 3.0, 1.0]","[1.2, 0.77, 0.59, 0.27, 0.19]","[2.11, 1.95, 0.79, 0.45, 0.31]","[1.7, 1.2, 0.9, 0.23]","[2.0, 0.0]","[1.0, 0.0]","[2.0, 1.0, 0.0]","[89.89, 61.76, 45.06, 28.54, 18.25]","[67.0, 45.0, 30.0, 16.0, 12.0]","[68.77, 44.62, 29.83, 16.26, 12.14]","[0.76, 0.55, 0.32, 0.15, 0.11]","[1.73, 1.18, 0.81, 0.23]","[1.73, 1.18, 0.81, 0.23]","[4.04, 3.29, 1.79, 0.87, 0.61]","[4.09, 3.25, 1.78, 0.9, 0.63]","[3.83, 3.0, 1.66, 0.9, 0.63]","[36.67, 28.6, 22.7, 17.6, 9.6]","[2.17, 1.88, 1.5, 1.07, 0.63]","[2.16, 1.88, 1.5, 1.07, 0.63]","[2.14, 1.88, 1.49, 1.04, 0.61]","[2.13, 1.88, 1.49, 1.03, 0.61]","[37.0, 29.0, 24.0, 20.0, 10.0]","[13.0, 10.0, 7.0, 4.0, 3.0]","[12.0, 10.0, 6.0, 4.0, 3.0]","[62.0, 49.0, 37.0, 28.0, 16.0]","[2.0, 1.0, 0.0]",[0.0],[0.0],"[41.0, 30.0, 24.0, 20.0, 10.0]","[9.0, 7.0, 4.0, 3.0]",[0.0],"[1.12, 0.83, 0.67, 0.55, 0.23]","[1.05, 0.83, 0.52, 0.4]",[0.0],"[1.0, 0.0]","[1.0, 0.0]",[0.0],"[60.17, 49.0, 36.9, 27.47, 15.74]","[50.0, 39.0, 31.0, 24.0, 13.0]","[48.56, 38.8, 30.89, 23.61, 12.83]","[0.46, 0.37, 0.3, 0.21, 0.14]",[0.0],[0.0],"[2.62, 2.25, 1.8, 1.28, 0.77]","[2.58, 2.25, 1.79, 1.24, 0.74]","[2.58, 2.25, 1.79, 1.24, 0.74]","[7.92, 4.94, 3.55, 2.58, 0.86]","[16.5, 13.55, 13.5, 11.75, 7.41, 3.51]","[142.0, 112.0, 100.0, 73.0, 32.0]","[236.0, 195.0, 194.0, 149.0, 97.0, 53.0]",[0.0],[0.0],[0.0],[0.0],[0.0],[0.0]
['8473422'],['2025'],['Nick Foligno'],['CHI'],['L'],['all'],"['4', '3', '2', '1']","[3420.0, 2596.0, 1665.0, 708.0]","[89.0, 72.0, 47.0, 21.0]","[1.09, 1.07, 0.55, 0.47, -0.15]","[0.37, 0.34, 0.23, 0.21]","[0.36, 0.31, 0.3, 0.29]","[0.61, 0.51, 0.47, 0.44]","[0.43, 0.42, 0.41, 0.36]","[0.53, 0.45, 0.44, 0.43]","[0.41, 0.4, 0.39, 0.35]","[32.0, 23.0, 17.0, 10.0]","[3.68, 2.9, 2.19, 0.0]","[0.48, 0.31, 0.27, 0.0]","[0.32, 0.23, 0.18, 0.0]","[0.82, 0.67, 0.52, 0.0]","[0.14, 0.12, 0.1, 0.0]","[2.0, 1.63, 1.17, 0.0]","[1.23, 1.04, 0.76, 0.0]","[0.45, 0.28, 0.25, 0.0]","[0.49, 0.32, 0.29, 0.0]","[0.46, 0.29, 0.26, 0.0]","[1.0, 0.0]","[1.0, 0.0]","[4.0, 3.0, 2.0, 0.0]","[1.0, 0.0]",[1.0],"[6.0, 5.0, 4.0, 1.0]","[2.0, 1.0, 0.0]",[0.0],"[1.0, 0.0]",[0.0],[0.0],[0.0],"[4.0, 3.0, 0.0]",[0.0],"[4.0, 3.0, 2.0, 0.0]","[5.0, 4.0, 3.0, 0.0]","[2.0, 1.0]","[7.0, 5.0]","[21.0, 20.0, 18.0, 12.0, 4.0]","[9.0, 7.0, 3.0, 2.0]",[0.0],[2.0],"[3.0, 2.0, 0.0]","[2.0, 1.0, 0.0]",[0.0],"[0.16, 0.13, 0.0]","[0.31, 0.14, 0.0]",[0.0],[0.0],[0.0],[0.0],"[6.1, 5.1, 4.13, 1.03]","[5.0, 4.0, 3.0, 0.0]","[5.06, 4.06, 3.09, 0.0]",[0.0],"[0.07, 0.05, 0.04, 0.0]","[0.44, 0.0]","[0.07, 0.0]","[0.47, 0.28, 0.24, 0.0]","[0.48, 0.29, 0.25, 0.0]","[0.46, 0.27, 0.23, 0.0]","[89.0, 72.0, 47.0, 21.0]","[9.0, 8.0, 5.0, 3.0]","[18.0, 15.0, 7.0, 4.0]","[11.0, 8.0, 2.0]","[51.0, 41.0, 27.0, 12.0]","[14.0, 11.0, 6.0]","[12.0, 10.0, 6.0, 1.0]","[10.0, 7.0, 4.0]","[53.0, 41.0, 23.0, 10.0]","[21.0, 20.0, 18.0, 12.0, 4.0]","[23.0, 22.0, 20.0, 10.0, 4.0]","[11112.0, 8336.0, 5667.0, 2892.0]","[7.0, 5.0]",[5.0],[1.0],"[5.0, 3.0, 0.0]","[21.33, 17.81, 12.8, 6.22]","[1.79, 1.42, 0.69, 0.19]","[1.69, 1.33, 0.66, 0.19]","[1.79, 1.42, 0.72, 0.19]","[1.69, 1.33, 0.68, 0.19]","[18.0, 15.0, 10.0, 6.0]","[12.0, 10.0, 8.0, 3.0]","[18.0, 14.0, 8.0]","[48.0, 43.0, 32.0, 17.0]","[2.0, 1.0, 0.0]","[3.0, 2.0, 0.0]",[0.0],"[24.0, 21.0, 16.0, 9.0]","[5.0, 3.0, 2.0, 0.0]","[1.0, 0.0]","[0.72, 0.61, 0.41, 0.19]","[0.63, 0.37, 0.28, 0.0]","[0.44, 0.0]","[1.0, 0.0]","[1.0, 0.0]",[0.0],"[48.49, 43.55, 32.81, 17.3]","[30.0, 25.0, 18.0, 9.0]","[30.2, 25.26, 18.46, 9.12]","[0.34, 0.27, 0.18, 0.1]","[0.65, 0.21, 0.0]","[0.65, 0.21, 0.0]","[1.48, 1.03, 0.65, 0.29]","[1.49, 1.05, 0.68, 0.29]","[1.4, 0.97, 0.66, 0.29]","[29.69, 23.96, 16.84, 6.54]","[3.01, 2.79, 2.24, 0.73]","[2.61, 2.39, 1.84, 0.73]","[2.99, 2.76, 2.21, 0.71]","[2.59, 2.36, 1.81, 0.71]","[26.0, 23.0, 15.0, 6.0]","[14.0, 9.0, 7.0, 2.0]","[22.0, 17.0, 9.0, 3.0]","[62.0, 49.0, 31.0, 11.0]","[2.0, 1.0]","[3.0, 0.0]",[0.0],"[28.0, 21.0, 12.0, 4.0]","[7.0, 6.0, 3.0]","[5.0, 4.0, 1.0]","[0.49, 0.41, 0.28, 0.11]","[0.89, 0.75, 0.38]","[1.63, 1.21, 0.24]","[1.0, 0.0]",[0.0],[1.0],"[61.74, 48.62, 30.36, 10.73]","[40.0, 32.0, 22.0, 8.0]","[39.94, 31.92, 21.79, 7.9]","[0.52, 0.42, 0.24, 0.11]","[0.97, 0.0]","[0.97, 0.0]","[2.56, 2.24, 1.51, 0.84]","[2.54, 2.21, 1.48, 0.81]","[2.51, 2.18, 1.44, 0.81]","[7.07, 4.41, 2.85, 1.4]","[12.42, 12.37, 10.46, 6.24, 3.41]","[126.0, 102.0, 69.0, 33.0]","[182.0, 181.0, 137.0, 94.0, 58.0]",[0.0],[0.0],[0.0],[0.0],[0.0],[0.0]
['8483450'],['2025'],['Ryan Greene'],['CHI'],['C'],['all'],"['5', '4', '3', '2', '1']","[3507.0, 2518.0, 1814.0, 1220.0, 497.0]","[92.0, 71.0, 55.0, 36.0, 15.0]","[-0.12, -0.22, -0.23, -0.33, -0.84]","[0.32, 0.23, 0.2, 0.16, 0.11]","[0.44, 0.41, 0.33, 0.31]","[0.52, 0.42, 0.41, 0.38, 0.35]","[0.45, 0.44, 0.43, 0.4]","[0.43, 0.36, 0.35, 0.31]","[0.45, 0.44, 0.43, 0.42, 0.38]","[47.0, 42.0, 31.0, 21.0, 11.0]","[1.62, 0.76, 0.0]","[0.29, 0.01, 0.0]","[0.11, 0.03, 0.0]","[0.39, 0.23, 0.0]","[0.06, 0.03, 0.0]","[0.66, 0.41, 0.0]","[0.5, 0.3, 0.0]","[0.29, 0.01, 0.0]","[0.34, 0.01, 0.0]","[0.34, 0.01, 0.0]",[0.0],[0.0],"[1.0, 0.0]","[1.0, 0.0]",[1.0],"[3.0, 2.0, 1.0]","[1.0, 0.0]","[1.0, 0.0]",[0.0],[0.0],"[1.0, 0.0]",[0.0],[0.0],[0.0],[0.0],"[1.0, 0.0]","[1.0, 0.0]","[2.0, 0.0]","[16.0, 9.0, 7.0, 5.0, 1.0]","[3.0, 2.0, 0.0]",[0.0],"[1.0, 0.0]","[1.0, 0.0]",[0.0],"[1.0, 0.0]","[0.01, 0.0]",[0.0],"[0.28, 0.0]",[0.0],[0.0],"[1.0, 0.0]","[3.28, 2.06, 1.03]","[2.0, 1.0, 0.0]","[2.19, 1.03, 0.0]",[0.0],"[0.02, 0.01, 0.0]",[0.0],[0.0],"[0.32, 0.01, 0.0]","[0.36, 0.01, 0.0]","[0.36, 0.01, 0.0]","[92.0, 71.0, 55.0, 36.0, 15.0]","[9.0, 5.0, 4.0, 2.0]","[11.0, 9.0, 7.0, 4.0, 2.0]","[12.0, 8.0, 4.0, 1.0]","[60.0, 49.0, 39.0, 24.0, 10.0]","[10.0, 9.0, 6.0, 4.0]","[18.0, 15.0, 12.0, 6.0, 2.0]","[14.0, 9.0, 7.0, 6.0, 4.0]","[50.0, 38.0, 27.0, 18.0, 5.0]","[16.0, 9.0, 7.0, 5.0, 1.0]","[21.0, 13.0, 10.0, 8.0, 3.0]","[14625.0, 12014.0, 9118.0, 6112.0, 3103.0]","[2.0, 0.0]",[0.0],[0.0],"[1.0, 0.0]","[26.13, 15.91, 15.26, 9.32, 4.33]","[2.43, 1.09, 1.07, 0.43, 0.09]","[2.28, 0.98, 0.97, 0.41, 0.09]","[2.62, 1.08, 1.07, 0.45, 0.09]","[2.45, 0.98, 0.97, 0.43, 0.09]","[25.0, 16.0, 10.0, 5.0]","[10.0, 6.0, 5.0, 3.0, 1.0]","[12.0, 9.0, 8.0, 5.0]","[47.0, 31.0, 30.0, 21.0, 11.0]","[3.0, 1.0, 0.0]","[4.0, 3.0, 2.0, 0.0]",[0.0],"[24.0, 18.0, 17.0, 12.0, 6.0]","[8.0, 3.0, 1.0, 0.0]","[3.0, 1.0, 0.0]","[0.54, 0.47, 0.46, 0.3, 0.09]","[1.08, 0.38, 0.14, 0.0]","[0.81, 0.23, 0.0]","[2.0, 1.0, 0.0]",[0.0],"[1.0, 0.0]","[49.65, 31.49, 30.52, 21.76, 11.29]","[35.0, 22.0, 21.0, 13.0, 6.0]","[36.51, 22.21, 21.24, 13.47, 6.12]","[0.37, 0.19, 0.1, 0.04]","[0.64, 0.35, 0.21, 0.0]","[0.64, 0.35, 0.21, 0.0]","[2.16, 0.93, 0.91, 0.32, 0.13]","[2.31, 0.92, 0.9, 0.34, 0.13]","[2.22, 0.84, 0.82, 0.32, 0.13]","[46.28, 35.99, 27.7, 18.24, 6.5]","[5.17, 4.27, 3.68, 2.32, 0.73]","[4.71, 3.82, 3.25, 1.92, 0.73]","[5.07, 4.27, 3.67, 2.29, 0.71]","[4.62, 3.82, 3.24, 1.89, 0.71]","[37.0, 27.0, 21.0, 15.0, 6.0]","[26.0, 21.0, 16.0, 9.0, 2.0]","[15.0, 10.0, 7.0, 5.0, 2.0]","[78.0, 58.0, 44.0, 29.0, 10.0]","[3.0, 2.0, 1.0]","[4.0, 3.0, 2.0, 0.0]",[0.0],"[45.0, 33.0, 25.0, 15.0, 4.0]","[10.0, 8.0, 6.0, 4.0, 3.0]","[8.0, 7.0, 6.0, 5.0, 1.0]","[1.15, 0.76, 0.63, 0.41, 0.11]","[1.3, 1.0, 0.78, 0.48, 0.38]","[2.71, 2.5, 2.27, 1.43, 0.24]","[1.0, 0.0]",[0.0],"[2.0, 1.0]","[75.12, 57.72, 43.64, 28.45, 9.7]","[63.0, 48.0, 37.0, 24.0, 8.0]","[61.16, 47.81, 36.91, 23.72, 7.84]","[0.75, 0.59, 0.48, 0.27, 0.11]","[0.82, 0.58, 0.54, 0.0]","[1.25, 1.01, 0.97, 0.0]","[4.67, 3.61, 3.15, 1.62, 0.84]","[4.55, 3.61, 3.13, 1.58, 0.82]","[4.47, 3.53, 3.06, 1.55, 0.81]","[10.5, 7.77, 4.76, 3.1, 1.5]","[13.5, 11.16, 11.11, 9.57, 6.16, 3.4]","[182.0, 143.0, 115.0, 80.0, 39.0]","[220.0, 186.0, 185.0, 142.0, 96.0, 59.0]",[0.0],[0.0],[0.0],[0.0],[0.0],[0.0]
['8478043'],['2025'],['Sam Lafferty'],['CHI'],['C'],['all'],"['2', '1']","[770.0, 487.0]","[22.0, 13.0]","[-0.15, -0.47]","[0.14, 0.1]","[0.32, 0.31]",[0.5],"[0.41, 0.4]","[0.44, 0.38]","[0.41, 0.39]","[24.0, 12.0]",[0.0],[0.0],[0.0],[0.0],[0.0],[0.0],[0.0],[0.0],[0.0],[0.0],[0.0],[0.0],[0.0],[0.0],[1.0],[1.0],[0.0],[0.0],[0.0],[0.0],[0.0],[0.0],[0.0],[0.0],[0.0],[0.0],"[2.0, 0.0]","[4.0, 0.0]",[0.0],"[2.0, 1.0]",[0.0],"[1.0, 0.0]",[0.0],[0.0],[0.0],[0.0],[0.0],[0.0],[0.0],[0.0],[0.0],[1.03],[0.0],[0.0],[0.0],[0.0],[0.0],[0.0],[0.0],[0.0],[0.0],"[22.0, 13.0]","[3.0, 2.0]",[1.0],"[3.0, 1.0]","[15.0, 9.0]","[4.0, 3.0]","[6.0, 2.0]",[3.0],"[9.0, 5.0]",[0.0],"[2.0, 0.0]","[6430.0, 3113.0]","[4.0, 0.0]",[0.0],[0.0],[0.0],"[4.89, 3.48]","[0.14, 0.08]","[0.14, 0.08]","[0.14, 0.09]","[0.14, 0.09]","[5.0, 4.0]","[2.0, 1.0]","[6.0, 5.0]","[13.0, 10.0]",[0.0],[0.0],[0.0],"[7.0, 5.0]",[0.0],[0.0],"[0.14, 0.08]",[0.0],[0.0],[0.0],[0.0],[0.0],"[13.12, 10.26]","[7.0, 5.0]","[6.97, 5.09]","[0.05, 0.04]",[0.0],[0.0],"[0.19, 0.12]","[0.19, 0.12]","[0.19, 0.12]","[7.28, 6.5]","[0.84, 0.73]","[0.84, 0.73]","[0.83, 0.71]","[0.83, 0.71]","[7.0, 6.0]",[2.0],"[4.0, 2.0]","[13.0, 10.0]",[1.0],[0.0],[0.0],[4.0],"[4.0, 3.0]",[1.0],[0.11],"[0.48, 0.38]",[0.24],[0.0],[0.0],[1.0],"[12.94, 9.7]","[9.0, 8.0]","[8.94, 7.84]","[0.13, 0.11]",[0.0],[0.0],"[0.97, 0.84]","[0.95, 0.82]","[0.95, 0.81]","[3.75, 1.5]","[8.06, 3.4]","[81.0, 40.0]","[117.0, 59.0]",[0.0],[0.0],[0.0],[0.0],[0.0],[0.0]
['8481624'],['2025'],['Ilya Mikheyev'],['CHI'],['R'],['all'],"['5', '4', '3', '2', '1']","[5290.0, 4187.0, 3066.0, 2240.0, 1027.0]","[117.0, 96.0, 75.0, 51.0, 24.0]","[3.0, 0.82, -0.47, -0.85, -1.05]","[0.46, 0.4, 0.2, 0.18, 0.06]","[0.39, 0.38, 0.35, 0.29]","[0.37, 0.3, 0.24, 0.2, 0.18]","[0.53, 0.5, 0.48, 0.46]","[0.4, 0.32, 0.25, 0.16]","[0.48, 0.45, 0.44, 0.42]","[20.0, 18.0, 16.0, 8.0, 5.0]","[10.28, 7.51, 4.06, 1.43, 0.72]","[1.79, 1.71, 0.3, 0.07]","[0.61, 0.45, 0.22, 0.07, 0.04]","[2.46, 1.56, 1.07, 0.32, 0.11]","[0.31, 0.2, 0.13, 0.04, 0.02]","[4.69, 3.07, 2.23, 0.8, 0.36]","[4.15, 3.02, 2.04, 0.7, 0.4]","[1.69, 1.61, 0.29, 0.07]","[1.78, 1.69, 0.29, 0.07]","[1.68, 1.6, 0.28, 0.07]",[0.0],"[1.0, 0.0]","[9.0, 6.0, 3.0, 1.0]","[5.0, 4.0, 3.0, 1.0, 0.0]","[3.0, 2.0, 1.0, 0.0]","[17.0, 12.0, 7.0, 3.0, 1.0]","[4.0, 2.0, 0.0]","[3.0, 2.0, 0.0]","[2.0, 1.0, 0.0]",[0.0],"[2.0, 1.0, 0.0]",[0.0],"[2.0, 0.0]","[5.0, 3.0, 2.0, 1.0]","[6.0, 4.0, 3.0, 1.0]","[11.0, 8.0, 6.0, 2.0, 1.0]",[0.0],[0.0],[0.0],"[4.0, 3.0, 2.0, 0.0]",[0.0],"[2.0, 1.0, 0.0]","[10.0, 6.0, 5.0, 2.0, 1.0]","[2.0, 1.0, 0.0]","[2.0, 0.0]","[0.28, 0.2, 0.19, 0.07]","[0.26, 0.1, 0.0]","[1.25, 0.0]","[1.0, 0.0]",[0.0],"[2.0, 0.0]","[17.58, 11.91, 6.95, 3.04, 0.97]","[14.0, 10.0, 6.0, 2.0, 1.0]","[14.31, 9.92, 5.91, 1.99, 0.96]","[1.0, 0.0]","[0.13, 0.1, 0.05, 0.01]","[0.32, 0.14, 0.0]","[0.03, 0.0]","[1.89, 1.81, 0.34, 0.09, 0.07]","[1.88, 1.79, 0.33, 0.09, 0.07]","[1.77, 1.68, 0.32, 0.09, 0.07]","[117.0, 96.0, 75.0, 51.0, 24.0]","[4.0, 3.0]","[30.0, 24.0, 17.0, 10.0, 7.0]","[18.0, 15.0, 13.0, 4.0]","[65.0, 53.0, 41.0, 25.0, 10.0]","[12.0, 9.0, 8.0, 5.0, 2.0]","[20.0, 17.0, 9.0, 4.0]","[12.0, 10.0, 6.0, 2.0]","[73.0, 57.0, 44.0, 31.0, 16.0]",[0.0],"[3.0, 0.0]","[12842.0, 10345.0, 7866.0, 5092.0, 2573.0]",[0.0],[0.0],[0.0],"[2.0, 1.0]","[35.02, 21.37, 10.82, 4.18, 2.83]","[4.17, 3.09, 0.85, 0.19, 0.18]","[3.86, 2.87, 0.77, 0.19, 0.18]","[4.23, 3.03, 0.83, 0.2, 0.18]","[3.92, 2.81, 0.75, 0.2, 0.18]","[30.0, 20.0, 11.0, 5.0, 4.0]","[16.0, 8.0, 4.0, 1.0, 0.0]","[8.0, 5.0, 3.0, 1.0]","[54.0, 33.0, 18.0, 9.0, 5.0]","[5.0, 2.0, 0.0]","[7.0, 3.0, 1.0, 0.0]","[1.0, 0.0]","[31.0, 16.0, 11.0, 5.0, 3.0]","[10.0, 9.0, 3.0, 1.0]","[5.0, 3.0, 1.0, 0.0]","[0.78, 0.38, 0.28, 0.1, 0.09]","[1.4, 1.23, 0.33, 0.09]","[1.99, 1.49, 0.23, 0.0]","[2.0, 0.0]",[0.0],"[3.0, 2.0, 0.0]","[56.53, 32.73, 18.01, 9.25, 5.05]","[46.0, 28.0, 15.0, 6.0, 4.0]","[47.77, 27.77, 14.96, 6.19, 4.06]","[0.47, 0.31, 0.14, 0.04, 0.03]","[1.07, 0.51, 0.14, 0.0]","[1.07, 0.51, 0.14, 0.0]","[3.57, 2.88, 0.84, 0.23, 0.2]","[3.58, 2.84, 0.83, 0.24, 0.21]","[3.39, 2.66, 0.76, 0.24, 0.21]","[51.42, 44.24, 34.36, 23.36, 8.96]","[4.85, 4.63, 3.81, 2.92, 0.7]","[4.42, 4.2, 3.4, 2.51, 0.7]","[4.84, 4.64, 3.81, 2.9, 0.69]","[4.41, 4.21, 3.39, 2.48, 0.69]","[46.0, 39.0, 31.0, 20.0, 8.0]","[24.0, 21.0, 15.0, 11.0, 4.0]","[21.0, 18.0, 12.0, 11.0, 8.0]","[91.0, 78.0, 58.0, 42.0, 20.0]","[2.0, 1.0, 0.0]","[4.0, 3.0, 0.0]",[0.0],"[52.0, 42.0, 32.0, 20.0, 9.0]","[12.0, 9.0, 7.0, 3.0]","[6.0, 5.0, 4.0, 0.0]","[1.17, 0.95, 0.77, 0.6, 0.25]","[1.71, 1.31, 1.01, 0.46]","[1.97, 1.73, 1.31, 0.0]","[1.0, 0.0]",[0.0],"[1.0, 0.0]","[89.12, 77.89, 57.83, 41.6, 19.83]","[70.0, 60.0, 46.0, 31.0, 12.0]","[68.78, 59.91, 46.07, 30.89, 11.99]","[0.77, 0.69, 0.55, 0.34, 0.12]","[1.2, 0.97, 0.0]","[1.2, 0.97, 0.0]","[4.41, 4.12, 3.39, 2.29, 0.83]","[4.4, 4.13, 3.39, 2.26, 0.81]","[4.34, 4.07, 3.34, 2.21, 0.81]","[8.77, 5.77, 4.98, 3.34, 1.41]","[13.81, 10.8, 10.76, 9.44, 5.56, 3.44]","[175.0, 141.0, 127.0, 92.0, 45.0]","[207.0, 166.0, 165.0, 128.0, 83.0, 49.0]",[0.0],[0.0],[0.0],[0.0],[0.0],[0.0]
['8483493'],['2025'],['Frank Nazar'],['CHI'],['C'],['all'],"['5', '4', '3', '2', '1']","[5526.0, 4606.0, 3580.0, 2472.0, 1214.0]","[122.0, 99.0, 76.0, 50.0, 27.0]","[4.9, 3.95, 3.72, 2.02, 1.1]","[0.37, 0.33, 0.31, 0.2]","[0.43, 0.4, 0.36, 0.31, 0.27]","[0.46, 0.45, 0.43, 0.36]","[0.45, 0.44, 0.43, 0.41]","[0.44, 0.42, 0.33]","[0.43, 0.42, 0.4, 0.39]","[17.0, 10.0, 6.0, 4.0, 2.0]","[8.49, 7.69, 6.94, 5.14, 1.08]","[0.76, 0.66, 0.64, 0.49, 0.14]","[0.76, 0.71, 0.68, 0.52, 0.12]","[2.06, 1.93, 1.7, 1.23, 0.26]","[0.3, 0.28, 0.25, 0.18, 0.07]","[4.61, 4.22, 3.83, 2.47, 0.8]","[3.52, 3.21, 2.91, 2.11, 0.61]","[0.76, 0.66, 0.64, 0.49, 0.14]","[0.8, 0.68, 0.66, 0.51, 0.15]","[0.8, 0.68, 0.66, 0.51, 0.15]","[2.0, 1.0]","[2.0, 1.0, 0.0]","[8.0, 7.0, 5.0, 1.0]","[4.0, 3.0, 2.0, 1.0]","[4.0, 3.0, 1.0]","[16.0, 14.0, 13.0, 10.0, 3.0]","[6.0, 5.0, 3.0, 2.0]","[2.0, 1.0]","[1.0, 0.0]",[0.0],"[1.0, 0.0]",[0.0],"[5.0, 4.0, 1.0]","[3.0, 2.0, 0.0]","[6.0, 4.0, 0.0]","[10.0, 9.0, 6.0, 1.0]","[2.0, 0.0]","[4.0, 0.0]","[34.0, 26.0, 20.0, 12.0, 8.0]","[3.0, 2.0, 1.0]","[6.0, 4.0, 1.0, 0.0]","[9.0, 7.0, 6.0, 4.0, 1.0]","[7.0, 6.0, 4.0, 1.0]","[5.0, 4.0, 3.0, 1.0]",[0.0],"[0.18, 0.16, 0.11, 0.01]","[0.58, 0.47, 0.38, 0.13]",[0.0],[0.0],"[2.0, 1.0]",[0.0],"[16.52, 14.27, 13.24, 10.3, 3.13]","[12.0, 11.0, 10.0, 7.0, 2.0]","[12.36, 11.21, 10.17, 7.23, 2.1]","[1.0, 0.0]","[0.18, 0.17, 0.16, 0.13, 0.03]","[0.04, 0.0]",[0.0],"[0.94, 0.83, 0.8, 0.61, 0.17]","[0.98, 0.85, 0.82, 0.64, 0.19]","[0.98, 0.85, 0.82, 0.64, 0.19]","[122.0, 99.0, 76.0, 50.0, 27.0]","[21.0, 16.0, 15.0, 9.0, 4.0]","[12.0, 10.0, 9.0, 6.0, 3.0]","[19.0, 16.0, 10.0, 6.0, 5.0]","[70.0, 57.0, 42.0, 29.0, 15.0]","[15.0, 11.0, 10.0, 8.0, 3.0]","[14.0, 13.0, 10.0, 8.0, 6.0]","[23.0, 20.0, 15.0, 10.0, 4.0]","[70.0, 55.0, 41.0, 24.0, 14.0]","[34.0, 26.0, 20.0, 12.0, 8.0]","[44.0, 37.0, 28.0, 18.0, 10.0]","[12606.0, 9926.0, 7352.0, 4860.0, 2386.0]","[4.0, 0.0]","[12.0, 10.0, 8.0, 4.0, 0.0]","[6.0, 5.0, 4.0, 2.0, 0.0]","[5.0, 4.0, 3.0, 2.0, 1.0]","[34.74, 28.7, 25.76, 18.31, 7.0]","[3.77, 2.57, 2.26, 1.58, 0.56]","[3.73, 2.54, 2.23, 1.58, 0.56]","[3.86, 2.62, 2.32, 1.65, 0.58]","[3.81, 2.59, 2.29, 1.64, 0.58]","[30.0, 23.0, 17.0, 6.0]","[18.0, 17.0, 13.0, 8.0, 4.0]","[19.0, 14.0, 11.0, 6.0]","[67.0, 54.0, 50.0, 36.0, 16.0]","[7.0, 5.0, 3.0, 2.0]","[1.0, 0.0]",[0.0],"[30.0, 26.0, 24.0, 17.0, 8.0]","[16.0, 13.0, 11.0, 8.0, 2.0]","[2.0, 1.0, 0.0]","[0.8, 0.66, 0.59, 0.43, 0.23]","[2.02, 1.71, 1.46, 1.15, 0.33]","[0.95, 0.21, 0.0]","[2.0, 1.0]","[4.0, 3.0, 2.0, 1.0]","[1.0, 0.0]","[68.61, 54.34, 50.35, 36.65, 16.13]","[48.0, 40.0, 36.0, 25.0, 10.0]","[48.83, 40.22, 36.2, 25.43, 10.12]","[0.58, 0.49, 0.45, 0.32, 0.12]","[0.04, 0.0]","[0.04, 0.0]","[4.31, 3.03, 2.71, 1.9, 0.68]","[4.41, 3.08, 2.77, 1.97, 0.71]","[4.36, 3.05, 2.74, 1.97, 0.7]","[45.23, 40.57, 33.24, 24.09, 15.49]","[6.3, 5.8, 5.13, 3.23, 2.29]","[5.49, 5.0, 4.35, 3.1, 2.19]","[6.2, 5.76, 5.08, 3.18, 2.27]","[5.4, 4.96, 4.3, 3.05, 2.16]","[39.0, 36.0, 32.0, 23.0, 14.0]","[22.0, 19.0, 13.0, 9.0, 6.0]","[22.0, 18.0, 14.0, 10.0, 8.0]","[83.0, 73.0, 59.0, 42.0, 28.0]","[4.0, 3.0, 2.0]","[7.0, 6.0, 5.0, 4.0, 2.0]","[2.0, 1.0, 0.0]","[39.0, 35.0, 28.0, 17.0, 10.0]","[14.0, 13.0, 10.0, 6.0]","[8.0, 7.0, 5.0, 4.0]","[1.28, 1.18, 0.93, 0.66, 0.43]","[1.91, 1.81, 1.38, 0.88]","[3.11, 2.81, 1.19, 0.98]",[0.0],[2.0],"[2.0, 1.0, 0.0]","[81.52, 72.84, 58.91, 41.68, 28.04]","[61.0, 55.0, 45.0, 32.0, 20.0]","[60.26, 54.96, 45.08, 31.93, 20.14]","[0.75, 0.69, 0.57, 0.39, 0.27]","[1.97, 1.95, 1.75, 0.88, 0.49]","[1.97, 1.95, 1.75, 0.88, 0.49]","[5.08, 4.54, 3.95, 2.75, 2.07]","[4.99, 4.52, 3.92, 2.7, 2.05]","[4.93, 4.46, 3.87, 2.66, 2.01]","[9.17, 6.29, 3.57, 1.96, 1.03]","[12.37, 9.62, 9.58, 8.12, 5.25, 1.85]","[162.0, 120.0, 95.0, 65.0, 34.0]","[215.0, 171.0, 170.0, 127.0, 83.0, 41.0]",[0.0],[0.0],[0.0],[0.0],[0.0],[0.0]
['8482117'],['2025'],['Lukas Reichel'],['CHI'],['L'],['all'],"['2', '1']","[1192.0, 401.0]","[28.0, 12.0]","[2.68, -0.15]","[0.64, 0.03]","[0.4, 0.34]","[0.44, 0.29]","[0.46, 0.43]","[0.46, 0.25]","[0.47, 0.45]","[22.0, 11.0]","[3.9, 0.0]","[0.49, 0.0]","[0.26, 0.0]","[0.9, 0.0]","[0.11, 0.0]","[1.9, 0.0]","[1.34, 0.0]","[0.49, 0.0]","[0.54, 0.0]","[0.54, 0.0]","[1.0, 0.0]",[0.0],"[5.0, 0.0]",[0.0],"[1.0, 0.0]","[6.0, 0.0]","[3.0, 0.0]","[2.0, 0.0]",[0.0],[0.0],"[1.0, 0.0]",[0.0],[0.0],"[2.0, 0.0]","[3.0, 0.0]","[3.0, 0.0]",[0.0],[0.0],[1.0],[1.0],[0.0],"[3.0, 2.0]","[2.0, 0.0]","[2.0, 0.0]","[1.0, 0.0]","[0.04, 0.0]","[0.25, 0.0]","[0.2, 0.0]","[1.0, 0.0]",[0.0],"[1.0, 0.0]","[6.89, 0.0]","[5.0, 0.0]","[5.61, 0.0]",[1.0],"[0.06, 0.0]",[0.0],[0.0],"[0.55, 0.0]","[0.61, 0.0]","[0.61, 0.0]","[28.0, 12.0]","[5.0, 2.0]",[0.0],"[5.0, 2.0]","[18.0, 8.0]",[1.0],"[5.0, 4.0]","[5.0, 0.0]","[17.0, 7.0]",[1.0],[1.0],"[6008.0, 3199.0]",[0.0],[0.0],[0.0],[0.0],"[8.91, 0.66]","[1.53, 0.01]","[1.48, 0.01]","[1.74, 0.01]","[1.68, 0.01]","[9.0, 0.0]","[2.0, 1.0]","[4.0, 1.0]","[15.0, 2.0]","[3.0, 0.0]","[1.0, 0.0]",[0.0],"[3.0, 1.0]","[5.0, 0.0]","[3.0, 0.0]","[0.05, 0.01]","[0.7, 0.0]","[0.78, 0.0]","[1.0, 0.0]",[0.0],"[2.0, 0.0]","[17.15, 1.89]","[11.0, 1.0]","[12.31, 0.92]","[0.14, 0.01]","[0.3, 0.0]","[0.3, 0.0]","[1.38, 0.02]","[1.56, 0.02]","[1.55, 0.02]","[9.3, 2.37]","[0.86, 0.33]","[0.86, 0.33]","[0.83, 0.35]","[0.83, 0.35]","[9.0, 2.0]","[4.0, 1.0]","[6.0, 2.0]","[19.0, 5.0]","[1.0, 0.0]",[0.0],[0.0],"[10.0, 1.0]",[2.0],"[1.0, 0.0]","[0.37, 0.05]",[0.28],"[0.21, 0.0]","[1.0, 0.0]",[0.0],[0.0],"[17.53, 5.23]","[13.0, 3.0]","[12.04, 3.09]","[0.14, 0.04]",[0.0],[0.0],"[1.0, 0.37]","[0.96, 0.39]","[0.96, 0.39]","[4.84, 2.28]","[7.19, 4.43]","[84.0, 42.0]","[97.0, 56.0]",[0.0],[0.0],[0.0],[0.0],[0.0],[0.0]
['8476882'],['2025'],['Teuvo Teravainen'],['CHI'],['C'],['all'],"['5', '4', '3', '2', '1']","[5344.0, 4500.0, 3430.0, 2196.0, 1085.0]","[125.0, 104.0, 81.0, 48.0, 26.0]","[4.62, 3.64, 1.77, 1.68]","[0.35, 0.31, 0.26, 0.24]","[0.44, 0.41, 0.4, 0.35, 0.31]","[0.47, 0.46, 0.44, 0.43, 0.41]","[0.44, 0.42, 0.41]","[0.44, 0.42, 0.41, 0.4, 0.39]","[0.44, 0.42, 0.41, 0.4, 0.38]","[22.0, 12.0, 9.0, 8.0, 4.0]","[3.62, 2.16, 1.5, 0.71]","[0.29, 0.19, 0.06, 0.04]","[0.21, 0.12, 0.08, 0.04]","[1.1, 0.61, 0.48, 0.15]","[0.12, 0.07, 0.05, 0.02]","[1.98, 1.17, 0.79, 0.44]","[1.31, 0.83, 0.53, 0.31]","[0.29, 0.19, 0.06, 0.04]","[0.3, 0.18, 0.06, 0.04]","[0.29, 0.18, 0.06, 0.04]","[3.0, 2.0, 1.0, 0.0]","[2.0, 1.0]","[3.0, 2.0, 1.0]","[2.0, 1.0, 0.0]","[4.0, 2.0]","[9.0, 5.0, 4.0, 3.0]","[6.0, 5.0, 4.0, 2.0]",[1.0],[0.0],[0.0],"[1.0, 0.0]",[0.0],"[2.0, 0.0]","[1.0, 0.0]","[2.0, 1.0, 0.0]","[4.0, 2.0, 1.0, 0.0]",[0.0],[0.0],[0.0],"[2.0, 1.0, 0.0]","[3.0, 2.0, 1.0]","[11.0, 8.0, 6.0, 4.0, 1.0]","[3.0, 2.0, 1.0]","[2.0, 1.0, 0.0]",[0.0],"[0.06, 0.04]","[0.23, 0.13, 0.0]",[0.0],[1.0],[0.0],[0.0],"[9.37, 4.95, 3.98, 3.01]","[5.0, 3.0, 2.0, 1.0]","[5.07, 2.97, 2.0, 1.03]","[2.0, 1.0, 0.0]","[0.04, 0.03, 0.02, 0.01]",[0.0],[0.0],"[0.33, 0.21, 0.08, 0.05]","[0.34, 0.21, 0.08, 0.05]","[0.33, 0.21, 0.08, 0.05]","[125.0, 104.0, 81.0, 48.0, 26.0]","[21.0, 17.0, 10.0, 4.0]","[21.0, 20.0, 19.0, 11.0, 5.0]","[19.0, 16.0, 10.0, 6.0, 5.0]","[64.0, 51.0, 35.0, 21.0, 12.0]","[15.0, 11.0, 9.0, 6.0, 3.0]","[13.0, 11.0, 8.0, 5.0, 4.0]","[20.0, 17.0, 14.0, 8.0, 4.0]","[77.0, 65.0, 50.0, 29.0, 15.0]",[0.0],"[1.0, 0.0]","[12788.0, 10032.0, 7502.0, 5136.0, 2515.0]",[0.0],[4.0],[2.0],"[4.0, 3.0, 2.0]","[31.49, 26.88, 24.57, 15.63, 8.49]","[4.13, 3.07, 1.86, 1.15, 0.63]","[4.09, 3.04, 1.83, 1.14, 0.62]","[4.21, 3.11, 1.92, 1.21, 0.66]","[4.17, 3.09, 1.89, 1.21, 0.65]","[25.0, 20.0, 19.0, 13.0, 6.0]","[19.0, 18.0, 16.0, 9.0, 6.0]","[21.0, 15.0, 11.0, 6.0]","[65.0, 53.0, 50.0, 33.0, 18.0]","[8.0, 6.0, 5.0, 3.0, 2.0]",[0.0],[0.0],"[29.0, 26.0, 17.0, 10.0]","[12.0, 10.0, 8.0, 5.0, 2.0]","[3.0, 2.0, 1.0, 0.0]","[0.77, 0.65, 0.45, 0.3]","[1.46, 1.25, 1.0, 0.69, 0.33]","[1.91, 1.17, 0.21, 0.0]","[2.0, 1.0]","[4.0, 3.0, 2.0, 1.0]","[2.0, 1.0, 0.0]","[66.6, 53.33, 50.39, 33.77, 18.2]","[44.0, 38.0, 35.0, 22.0, 12.0]","[44.76, 38.26, 35.31, 22.57, 12.18]","[0.49, 0.42, 0.4, 0.26, 0.14]",[0.0],[0.0],"[4.62, 3.49, 2.26, 1.41, 0.76]","[4.71, 3.54, 2.32, 1.48, 0.8]","[4.66, 3.51, 2.29, 1.48, 0.79]","[47.34, 42.76, 33.14, 22.95, 13.13]","[7.52, 6.9, 6.02, 3.24, 1.99]","[6.67, 6.06, 5.19, 3.09, 1.89]","[7.42, 6.87, 5.97, 3.19, 1.97]","[6.57, 6.03, 5.15, 3.05, 1.86]","[37.0, 35.0, 29.0, 20.0, 12.0]","[28.0, 24.0, 16.0, 11.0, 5.0]","[21.0, 17.0, 11.0, 7.0, 6.0]","[86.0, 76.0, 56.0, 38.0, 23.0]","[5.0, 3.0, 2.0]","[8.0, 7.0, 6.0, 4.0, 2.0]","[2.0, 1.0, 0.0]","[41.0, 38.0, 28.0, 17.0, 9.0]","[14.0, 12.0, 8.0, 4.0]","[10.0, 9.0, 6.0, 4.0]","[1.37, 1.31, 1.04, 0.72, 0.41]","[1.98, 1.72, 1.11, 0.61]","[4.17, 3.87, 1.41, 0.98]",[0.0],[2.0],"[3.0, 1.0, 0.0]","[84.57, 75.88, 55.83, 37.7, 22.97]","[65.0, 59.0, 45.0, 31.0, 17.0]","[64.24, 58.93, 44.96, 30.87, 17.02]","[0.81, 0.74, 0.58, 0.4, 0.23]","[2.01, 1.99, 1.8, 0.88, 0.49]","[2.01, 1.99, 1.8, 0.88, 0.49]","[6.32, 5.65, 4.8, 2.76, 1.72]","[6.23, 5.63, 4.77, 2.72, 1.71]","[6.12, 5.53, 4.67, 2.66, 1.67]","[8.8, 5.79, 3.97, 2.39, 0.96]","[11.14, 8.53, 8.48, 7.23, 5.25, 2.15]","[164.0, 121.0, 95.0, 68.0, 32.0]","[212.0, 168.0, 167.0, 130.0, 87.0, 46.0]",[0.0],[0.0],[0.0],[0.0],[0.0],[0.0]
['8481806'],['2025'],['Louis Crevier'],['CHI'],['D'],['all'],"['4', '3', '2', '1']","[2713.0, 1888.0, 1077.0, 502.0]","[66.0, 48.0, 28.0, 14.0]","[1.47, 1.45, 1.15, 0.97, 0.92]","[0.56, 0.48, 0.47, 0.46, 0.43]","[0.44, 0.38, 0.28]","[0.52, 0.45, 0.39, 0.38]","[0.47, 0.46, 0.45, 0.42]","[0.47, 0.44, 0.4, 0.39, 0.38]","[0.46, 0.43, 0.42, 0.41]","[26.0, 20.0, 13.0, 7.0]","[4.88, 4.18, 3.48, 1.48]","[0.17, 0.14, 0.13, 0.07]","[0.27, 0.24, 0.2, 0.09]","[1.52, 1.33, 1.11, 0.52]","[0.16, 0.13, 0.11, 0.05]","[2.84, 2.44, 2.0, 0.79]","[2.04, 1.72, 1.44, 0.48]","[0.17, 0.14, 0.13, 0.07]","[0.18, 0.15, 0.13, 0.07]","[0.18, 0.15, 0.13, 0.07]","[1.0, 0.0]",[0.0],"[4.0, 3.0, 2.0]","[3.0, 2.0, 0.0]",[2.0],"[9.0, 8.0, 7.0, 4.0]","[2.0, 1.0]",[1.0],"[1.0, 0.0]",[0.0],"[1.0, 0.0]",[0.0],[0.0],"[4.0, 3.0, 1.0]","[3.0, 2.0, 1.0]","[6.0, 5.0, 4.0, 1.0]","[4.0, 3.0, 2.0, 0.0]","[11.0, 9.0, 7.0, 0.0]",[0.0],"[3.0, 0.0]","[1.0, 0.0]","[1.0, 0.0]","[7.0, 6.0, 5.0, 2.0]",[0.0],[0.0],"[0.17, 0.14, 0.13, 0.07]",[0.0],[0.0],[1.0],[0.0],[0.0],"[9.47, 8.25, 7.28, 4.34]","[7.0, 6.0, 5.0, 2.0]","[7.28, 6.11, 5.14, 2.2]","[1.0, 0.0]","[0.06, 0.05, 0.04, 0.02]","[0.22, 0.0]",[0.0],"[0.23, 0.19, 0.17, 0.09]","[0.24, 0.2, 0.18, 0.1]","[0.24, 0.2, 0.18, 0.1]","[66.0, 48.0, 28.0, 14.0]","[3.0, 2.0]","[7.0, 4.0, 2.0, 0.0]","[8.0, 6.0, 3.0, 2.0]","[48.0, 35.0, 20.0, 10.0]","[10.0, 7.0, 6.0, 3.0]","[12.0, 10.0, 7.0, 4.0]","[7.0, 3.0, 2.0]","[37.0, 28.0, 13.0, 5.0]",[0.0],[0.0],"[11819.0, 9044.0, 6255.0, 3230.0]","[11.0, 9.0, 7.0, 0.0]","[5.0, 0.0]","[1.0, 0.0]","[1.0, 0.0]","[21.31, 14.02, 10.89, 5.73]","[2.1, 1.18, 0.98, 0.42]","[1.93, 1.08, 0.89, 0.4]","[2.23, 1.18, 0.98, 0.45]","[2.04, 1.08, 0.89, 0.42]","[17.0, 10.0, 9.0, 6.0]","[11.0, 9.0, 6.0, 2.0]","[5.0, 3.0]","[33.0, 22.0, 18.0, 11.0]","[4.0, 2.0]","[6.0, 4.0, 3.0, 2.0]","[1.0, 0.0]","[19.0, 14.0, 11.0, 7.0]","[6.0, 4.0, 3.0, 1.0]","[3.0, 1.0, 0.0]","[0.59, 0.45, 0.37, 0.29]","[0.77, 0.5, 0.38, 0.14]","[0.74, 0.23, 0.0]",[2.0],"[1.0, 0.0]","[1.0, 0.0]","[35.09, 22.38, 18.33, 11.51]","[28.0, 19.0, 15.0, 8.0]","[29.47, 19.3, 15.21, 8.38]","[0.29, 0.2, 0.16, 0.07]","[0.89, 0.39, 0.35, 0.21]","[0.89, 0.39, 0.35, 0.21]","[1.5, 0.99, 0.79, 0.28]","[1.56, 0.99, 0.79, 0.3]","[1.48, 0.91, 0.71, 0.28]","[32.94, 21.56, 20.83, 13.41, 6.27]","[2.82, 1.4, 1.35, 0.78, 0.45]","[2.62, 1.36, 1.32, 0.76, 0.44]","[2.71, 1.41, 1.36, 0.79, 0.45]","[2.53, 1.38, 1.33, 0.77, 0.43]","[31.0, 20.0, 19.0, 12.0, 6.0]","[15.0, 10.0, 7.0, 3.0]","[9.0, 6.0, 3.0, 1.0]","[55.0, 36.0, 35.0, 22.0, 10.0]","[2.0, 0.0]","[5.0, 2.0, 1.0, 0.0]","[1.0, 0.0]","[36.0, 26.0, 25.0, 17.0, 8.0]","[7.0, 3.0, 1.0, 0.0]","[3.0, 1.0]","[1.02, 0.75, 0.7, 0.41, 0.23]","[0.94, 0.43, 0.15, 0.0]","[0.86, 0.22]","[1.0, 0.0]",[0.0],"[1.0, 0.0]","[52.59, 35.91, 34.88, 21.93, 9.77]","[46.0, 30.0, 29.0, 19.0, 9.0]","[44.2, 29.83, 28.8, 18.92, 8.8]","[0.58, 0.41, 0.4, 0.3, 0.1]","[1.07, 0.24, 0.04, 0.0]","[1.07, 0.24, 0.04, 0.0]","[2.33, 1.57, 1.51, 1.03, 0.55]","[2.27, 1.59, 1.53, 1.04, 0.54]","[2.22, 1.57, 1.5, 1.02, 0.52]","[9.25, 6.09, 3.26, 1.52]","[11.71, 9.89, 8.33, 3.9]","[146.0, 102.0, 77.0, 40.0]","[174.0, 139.0, 95.0, 46.0]",[0.0],[0.0],[0.0],[0.0],[0.0],[0.0]
['8476891'],['2025'],['Matt Grzelcyk'],['CHI'],['D'],['all'],"['5', '4', '3', '2', '1']","[4677.0, 3804.0, 2818.0, 1921.0, 1107.0]","[105.0, 85.0, 63.0, 43.0, 25.0]","[1.68, 0.38, 0.15, -0.3]","[0.54, 0.48, 0.42, 0.36, 0.31]","[0.36, 0.32, 0.27, 0.26]","[0.5, 0.48, 0.43, 0.36]","[0.45, 0.42, 0.41, 0.39]","[0.52, 0.51, 0.49, 0.44, 0.35]","[0.41, 0.4, 0.39, 0.37]","[22.0, 17.0, 14.0, 9.0, 3.0]","[4.45, 3.79, 2.45]","[0.14, 0.12, 0.09]","[0.19, 0.15, 0.09]","[1.4, 1.15, 0.71]","[0.16, 0.13, 0.08]","[2.34, 1.93, 1.04]","[1.77, 1.52, 0.99]","[0.13, 0.12, 0.09]","[0.14, 0.12, 0.09]","[0.14, 0.12, 0.09]","[1.0, 0.0]",[0.0],"[5.0, 4.0, 2.0]",[1.0],[1.0],"[7.0, 6.0, 4.0]","[1.0, 0.0]",[0.0],"[1.0, 0.0]",[0.0],[0.0],[0.0],[2.0],"[3.0, 2.0, 1.0]","[5.0, 4.0, 2.0]","[6.0, 5.0, 3.0]","[1.0, 0.0]","[2.0, 0.0]",[0.0],"[1.0, 0.0]","[1.0, 0.0]","[3.0, 2.0, 1.0]","[6.0, 5.0, 3.0]",[0.0],[0.0],"[0.14, 0.12, 0.09]",[0.0],[0.0],[0.0],[0.0],[0.0],"[7.12, 6.15, 4.01]","[6.0, 5.0, 3.0]","[6.13, 5.16, 3.02]","[3.0, 2.0, 1.0]","[0.04, 0.03, 0.02]","[0.14, 0.0]",[0.0],"[0.18, 0.15, 0.11]","[0.18, 0.16, 0.11]","[0.18, 0.15, 0.11]","[105.0, 85.0, 63.0, 43.0, 25.0]","[15.0, 14.0, 12.0, 7.0, 4.0]","[7.0, 6.0, 3.0]","[19.0, 15.0, 10.0, 7.0, 5.0]","[64.0, 50.0, 38.0, 26.0, 13.0]","[12.0, 9.0, 8.0, 7.0, 5.0]","[17.0, 16.0, 14.0, 8.0, 5.0]","[16.0, 12.0, 8.0, 7.0, 3.0]","[60.0, 48.0, 33.0, 21.0, 12.0]",[0.0],[0.0],"[13455.0, 10728.0, 8114.0, 5411.0, 2493.0]","[2.0, 0.0]",[0.0],[0.0],"[6.0, 5.0, 3.0, 2.0]","[40.34, 33.21, 23.65, 15.18, 7.09]","[4.47, 3.39, 2.16, 1.27, 0.59]","[4.15, 3.15, 2.06, 1.25, 0.59]","[4.6, 3.37, 2.18, 1.33, 0.61]","[4.28, 3.13, 2.08, 1.3, 0.6]","[42.0, 33.0, 26.0, 16.0, 6.0]","[12.0, 7.0, 5.0, 3.0]","[19.0, 15.0, 13.0, 8.0, 5.0]","[73.0, 60.0, 46.0, 29.0, 14.0]","[8.0, 5.0, 4.0, 1.0]","[7.0, 5.0, 3.0, 2.0, 0.0]","[1.0, 0.0]","[38.0, 33.0, 27.0, 17.0, 7.0]","[11.0, 10.0, 5.0, 4.0, 2.0]","[5.0, 2.0, 1.0, 0.0]","[1.24, 1.12, 0.96, 0.61, 0.23]","[1.7, 1.53, 0.75, 0.66, 0.36]","[1.52, 0.73, 0.44, 0.0]","[4.0, 3.0, 1.0]","[1.0, 0.0]","[3.0, 1.0, 0.0]","[75.07, 60.05, 46.33, 29.86, 14.22]","[54.0, 45.0, 33.0, 21.0, 9.0]","[55.35, 45.1, 33.28, 21.65, 9.08]","[0.58, 0.47, 0.3, 0.18, 0.07]","[1.52, 1.02, 0.65, 0.21, 0.0]","[1.56, 1.06, 0.65, 0.21, 0.0]","[3.48, 2.8, 1.81, 1.25, 0.66]","[3.58, 2.81, 1.84, 1.3, 0.68]","[3.38, 2.61, 1.76, 1.28, 0.68]","[36.84, 33.4, 26.74, 20.51, 12.86]","[3.81, 3.67, 3.04, 2.22, 1.31]","[3.74, 3.61, 2.97, 2.2, 1.31]","[3.8, 3.67, 3.0, 2.14, 1.27]","[3.73, 3.6, 2.94, 2.13, 1.27]","[32.0, 29.0, 27.0, 22.0, 15.0]","[17.0, 15.0, 8.0, 5.0, 2.0]","[23.0, 20.0, 14.0, 11.0, 8.0]","[72.0, 64.0, 49.0, 38.0, 25.0]","[4.0, 3.0, 1.0]","[2.0, 1.0, 0.0]","[1.0, 0.0]","[29.0, 24.0, 19.0, 16.0, 10.0]","[17.0, 13.0, 9.0, 6.0]","[3.0, 2.0, 1.0]","[0.84, 0.71, 0.61, 0.58, 0.31]","[2.25, 1.71, 1.19, 0.77]","[0.71, 0.45, 0.24]","[1.0, 0.0]","[1.0, 0.0]","[2.0, 1.0]","[71.36, 64.23, 48.86, 37.37, 24.81]","[49.0, 44.0, 35.0, 27.0, 17.0]","[48.75, 44.23, 35.02, 26.71, 16.98]","[0.54, 0.51, 0.41, 0.31, 0.2]","[0.38, 0.21, 0.0]","[0.38, 0.21, 0.0]","[3.97, 3.8, 3.24, 2.32, 1.51]","[3.95, 3.79, 3.21, 2.24, 1.47]","[3.9, 3.74, 3.16, 2.24, 1.46]","[8.47, 5.47, 3.67, 2.26, 1.0]","[14.85, 11.75, 11.71, 10.21, 6.26, 2.83]","[156.0, 114.0, 99.0, 72.0, 36.0]","[226.0, 180.0, 179.0, 137.0, 87.0, 44.0]",[0.0],[0.0],[0.0],[0.0],[0.0],[0.0]
['8482176'],['2025'],['Wyatt Kaiser'],['CHI'],['D'],['all'],"['5', '4', '3', '2', '1']","[6008.0, 4822.0, 3513.0, 2385.0, 994.0]","[124.0, 100.0, 73.0, 48.0, 23.0]","[1.68, 1.38, 1.0, 0.95, 0.75, 0.6]","[0.51, 0.49, 0.47, 0.37, 0.29]","[0.39, 0.31, 0.27, 0.26]","[0.52, 0.5, 0.49, 0.46]","[0.43, 0.42, 0.41, 0.4, 0.39]","[0.5, 0.46, 0.45, 0.44]","[0.42, 0.39, 0.38, 0.37]","[14.0, 12.0, 11.0, 7.0, 6.0]","[6.38, 5.65, 4.33, 3.59, 2.14]","[0.4, 0.38, 0.33, 0.3, 0.26]","[0.35, 0.32, 0.25, 0.19, 0.11]","[2.05, 1.84, 1.5, 1.13, 0.58]","[0.24, 0.22, 0.18, 0.13, 0.08]","[3.5, 3.07, 2.2, 1.92, 1.16]","[2.46, 2.17, 1.54, 1.33, 0.81]","[0.39, 0.37, 0.32, 0.29, 0.25]","[0.4, 0.38, 0.34, 0.31, 0.26]","[0.39, 0.37, 0.33, 0.3, 0.25]",[0.0],"[1.0, 0.0]","[5.0, 4.0, 3.0, 2.0]","[4.0, 3.0, 1.0]","[4.0, 2.0]","[13.0, 12.0, 10.0, 7.0, 5.0]","[1.0, 0.0]",[0.0],[0.0],[0.0],"[2.0, 1.0]",[0.0],[2.0],"[5.0, 3.0, 2.0, 0.0]","[5.0, 4.0, 3.0, 2.0]","[9.0, 8.0, 6.0, 5.0, 3.0]","[2.0, 0.0]","[4.0, 0.0]",[0.0],"[8.0, 5.0, 4.0]","[6.0, 4.0, 3.0, 2.0, 0.0]","[2.0, 1.0, 0.0]","[8.0, 7.0, 5.0, 4.0, 2.0]",[0.0],[1.0],"[0.17, 0.15, 0.1, 0.07, 0.03]",[0.0],[0.23],[0.0],[0.0],[0.0],"[13.04, 11.93, 9.99, 7.05, 5.05]","[9.0, 8.0, 6.0, 5.0, 3.0]","[9.03, 7.93, 5.99, 5.02, 3.02]",[0.0],"[0.07, 0.06, 0.05, 0.04, 0.02]",[0.0],"[0.26, 0.23]","[0.21, 0.19, 0.13, 0.11, 0.05]","[0.21, 0.19, 0.13, 0.12, 0.05]","[0.2, 0.18, 0.12, 0.11, 0.05]","[124.0, 100.0, 73.0, 48.0, 23.0]","[9.0, 8.0, 6.0, 2.0]","[15.0, 10.0, 8.0, 5.0, 3.0]","[15.0, 13.0, 6.0, 5.0, 2.0]","[85.0, 69.0, 51.0, 32.0, 16.0]","[16.0, 14.0, 12.0, 7.0, 2.0]","[19.0, 18.0, 14.0, 9.0, 6.0]","[14.0, 11.0, 8.0, 6.0, 4.0]","[75.0, 57.0, 39.0, 26.0, 11.0]",[0.0],[0.0],"[12124.0, 9710.0, 7419.0, 4947.0, 2606.0]","[4.0, 0.0]","[2.0, 0.0]","[1.0, 0.0]","[4.0, 2.0, 1.0]","[44.08, 33.7, 28.74, 17.13, 7.21]","[3.87, 3.17, 1.99, 1.15, 0.52]","[3.78, 3.09, 1.9, 1.13, 0.51]","[3.96, 3.18, 2.01, 1.2, 0.54]","[3.87, 3.1, 1.92, 1.19, 0.53]","[35.0, 24.0, 21.0, 12.0, 6.0]","[25.0, 22.0, 18.0, 11.0, 4.0]","[16.0, 13.0, 12.0, 10.0, 5.0]","[76.0, 59.0, 51.0, 33.0, 15.0]","[6.0, 3.0, 2.0, 1.0]","[5.0, 4.0, 3.0, 1.0]",[0.0],"[46.0, 36.0, 31.0, 18.0, 8.0]","[11.0, 7.0, 6.0, 4.0, 1.0]","[3.0, 2.0, 1.0]","[1.19, 0.89, 0.79, 0.42, 0.16]","[1.26, 0.86, 0.74, 0.49, 0.13]","[1.42, 0.46, 0.23]","[3.0, 1.0, 0.0]","[2.0, 1.0]","[1.0, 0.0]","[78.6, 59.38, 51.42, 34.01, 15.27]","[60.0, 46.0, 39.0, 23.0, 10.0]","[61.45, 46.0, 39.04, 23.58, 10.18]","[0.54, 0.41, 0.37, 0.21, 0.08]","[0.47, 0.44, 0.4, 0.23]","[0.43, 0.4, 0.23]","[3.99, 3.19, 1.96, 1.13, 0.36]","[4.09, 3.21, 1.99, 1.19, 0.39]","[4.01, 3.13, 1.91, 1.17, 0.39]","[51.81, 39.33, 38.6, 28.19, 21.7, 9.4]","[4.31, 3.06, 3.01, 2.1, 1.94, 1.28]","[4.2, 2.97, 2.92, 2.02, 1.86, 1.22]","[4.19, 3.07, 3.02, 2.08, 1.92, 1.28]","[4.08, 2.98, 2.93, 2.01, 1.84, 1.21]","[47.0, 37.0, 36.0, 27.0, 21.0, 8.0]","[25.0, 18.0, 12.0, 8.0, 4.0]","[17.0, 14.0, 9.0, 5.0, 3.0]","[89.0, 69.0, 68.0, 48.0, 34.0, 15.0]","[2.0, 1.0]","[3.0, 2.0, 1.0]",[0.0],"[57.0, 45.0, 44.0, 33.0, 23.0, 7.0]","[10.0, 7.0, 3.0]","[5.0, 3.0, 2.0]","[1.52, 1.22, 1.17, 0.85, 0.69, 0.26]","[1.59, 1.1, 0.5]","[1.21, 0.74, 0.53]","[1.0, 0.0]",[1.0],[0.0],"[86.03, 68.76, 67.73, 47.67, 33.48, 14.98]","[72.0, 55.0, 54.0, 39.0, 29.0, 12.0]","[69.86, 54.79, 53.76, 38.73, 28.61, 12.04]","[0.81, 0.63, 0.62, 0.46, 0.31, 0.17]","[0.65, 0.46, 0.26]","[0.65, 0.46, 0.26]","[4.47, 3.24, 3.18, 2.3, 1.99, 1.19]","[4.35, 3.24, 3.18, 2.28, 1.96, 1.18]","[4.29, 3.2, 3.14, 2.24, 1.92, 1.15]","[9.06, 5.69, 3.84, 2.39, 1.07]","[14.35, 12.37, 11.15, 6.55, 2.86]","[153.0, 115.0, 94.0, 68.0, 35.0]","[209.0, 175.0, 138.0, 91.0, 54.0]",[0.0],[0.0],[0.0],[0.0],[0.0],[0.0]
['8484783'],['2025'],['Artyom Levshunov'],['CHI'],['D'],['all'],"['4', '3', '2', '1']","[3978.0, 2971.0, 2017.0, 996.0]","[77.0, 59.0, 41.0, 23.0]","[1.52, 1.07, 0.95, 0.1]","[0.65, 0.63, 0.58, 0.44]","[0.38, 0.31, 0.24, 0.23]","[0.63, 0.59, 0.57]","[0.39, 0.37]","[0.58, 0.55, 0.53]","[0.39, 0.36, 0.35]","[19.0, 15.0, 10.0, 5.0]","[4.27, 2.93, 2.22, 1.42]","[0.17, 0.05, 0.04, 0.02]","[0.24, 0.13, 0.1, 0.06]","[1.17, 0.92, 0.71, 0.39]","[0.13, 0.09, 0.07, 0.04]","[2.5, 1.6, 1.19, 0.83]","[1.8, 1.2, 0.9, 0.65]","[0.17, 0.05, 0.04, 0.02]","[0.17, 0.05, 0.04, 0.02]","[0.17, 0.05, 0.04, 0.02]","[1.0, 0.0]",[0.0],"[5.0, 4.0, 3.0, 2.0]","[1.0, 0.0]","[4.0, 3.0, 1.0]","[10.0, 7.0, 6.0, 3.0]","[1.0, 0.0]",[0.0],[1.0],[0.0],"[3.0, 2.0, 1.0]",[0.0],"[2.0, 0.0]",[0.0],"[5.0, 4.0, 3.0, 2.0]","[6.0, 4.0, 3.0, 2.0]","[4.0, 2.0]","[8.0, 4.0]",[0.0],"[5.0, 4.0, 2.0]",[0.0],"[6.0, 4.0]","[5.0, 4.0, 3.0, 2.0]","[1.0, 0.0]",[0.0],"[0.06, 0.05, 0.04, 0.02]","[0.11, 0.0]",[0.0],[0.0],[0.0],[0.0],"[10.03, 7.0, 6.03, 2.95]","[6.0, 4.0, 3.0, 2.0]","[5.86, 3.86, 2.89, 1.93]","[1.0, 0.0]","[0.05, 0.03, 0.02, 0.01]",[0.23],[0.0],"[0.22, 0.08, 0.06, 0.04]","[0.22, 0.08, 0.06, 0.04]","[0.22, 0.08, 0.06, 0.04]","[77.0, 59.0, 41.0, 23.0]","[18.0, 12.0, 10.0, 2.0]","[7.0, 5.0, 4.0, 3.0]","[11.0, 10.0, 5.0, 3.0]","[41.0, 32.0, 22.0, 15.0]","[6.0, 5.0, 3.0]","[12.0, 10.0, 7.0, 6.0]","[15.0, 10.0, 6.0, 3.0]","[44.0, 34.0, 23.0, 11.0]",[0.0],[0.0],"[10554.0, 7961.0, 5315.0, 2604.0]","[8.0, 4.0]","[2.0, 0.0]","[1.0, 0.0]","[1.0, 0.0]","[31.78, 23.81, 16.08, 6.67]","[3.16, 2.33, 1.26, 0.5]","[3.02, 2.19, 1.25, 0.49]","[3.29, 2.37, 1.32, 0.52]","[3.15, 2.23, 1.3, 0.51]","[28.0, 20.0, 14.0, 7.0]","[14.0, 11.0, 7.0, 2.0]","[16.0, 12.0, 7.0]","[58.0, 43.0, 33.0, 16.0]","[7.0, 4.0, 2.0, 1.0]","[2.0, 1.0]",[0.0],"[26.0, 20.0, 15.0, 7.0]","[12.0, 9.0, 5.0, 1.0]","[4.0, 2.0, 1.0]","[0.61, 0.56, 0.38, 0.14]","[1.54, 1.25, 0.66, 0.13]","[1.01, 0.53, 0.23]","[1.0, 0.0]","[3.0, 2.0, 1.0]","[3.0, 1.0, 0.0]","[60.29, 43.55, 33.68, 16.2]","[42.0, 31.0, 21.0, 9.0]","[43.13, 31.28, 21.39, 9.12]","[0.52, 0.38, 0.23, 0.08]","[0.41, 0.23]","[0.41, 0.23]","[3.27, 2.31, 1.27, 0.35]","[3.42, 2.36, 1.33, 0.37]","[3.3, 2.23, 1.31, 0.37]","[25.22, 20.01, 11.73, 6.23]","[1.71, 1.36, 0.93, 0.64]","[1.69, 1.34, 0.91, 0.62]","[1.68, 1.36, 0.91, 0.63]","[1.66, 1.34, 0.89, 0.62]","[21.0, 18.0, 11.0, 5.0]","[13.0, 9.0, 4.0, 3.0]","[7.0, 5.0, 4.0, 3.0]","[41.0, 32.0, 19.0, 11.0]","[1.0, 0.0]","[1.0, 0.0]",[0.0],"[28.0, 22.0, 12.0, 6.0]","[4.0, 2.0, 1.0]","[2.0, 1.0]","[0.69, 0.55, 0.37, 0.19]","[0.55, 0.29, 0.18]","[0.47, 0.26]",[0.0],"[1.0, 0.0]",[0.0],"[39.62, 31.84, 18.77, 10.95]","[34.0, 27.0, 15.0, 8.0]","[33.16, 26.94, 14.9, 8.04]","[0.34, 0.27, 0.16, 0.1]","[0.17, 0.0]","[0.17, 0.0]","[1.87, 1.45, 1.08, 0.74]","[1.82, 1.44, 1.07, 0.73]","[1.8, 1.42, 1.05, 0.71]","[7.48, 4.23, 2.27, 1.09]","[12.19, 9.3, 9.26, 7.56, 3.5]","[127.0, 87.0, 68.0, 34.0]","[196.0, 151.0, 150.0, 106.0, 58.0]",[0.0],[0.0],[0.0],[0.0],[0.0],[0.0]
['8476473'],['2025'],['Connor Murphy'],['CHI'],['D'],['all'],"['5', '4', '3', '2', '1']","[5138.0, 4350.0, 3374.0, 2153.0, 1113.0]","[109.0, 90.0, 73.0, 46.0, 25.0]","[-0.4, -0.42, -0.57, -0.63, -0.7]","[0.26, 0.23, 0.21, 0.11, 0.09]","[0.49, 0.47, 0.46, 0.41, 0.31]","[0.34, 0.31, 0.28, 0.25]","[0.53, 0.5, 0.49, 0.47, 0.46]","[0.35, 0.32, 0.29, 0.28, 0.25]","[0.48, 0.46, 0.45, 0.44]","[20.0, 13.0, 9.0, 6.0, 2.0]","[6.23, 4.85, 3.54, 2.11]","[0.22, 0.2, 0.14, 0.06]","[0.31, 0.25, 0.18, 0.11]","[1.87, 1.49, 1.12, 0.74]","[0.2, 0.16, 0.11, 0.07]","[3.67, 2.82, 1.96, 1.19]","[2.74, 2.08, 1.49, 0.84]","[0.22, 0.2, 0.14, 0.06]","[0.22, 0.2, 0.14, 0.06]","[0.22, 0.2, 0.14, 0.06]",[0.0],[0.0],"[7.0, 5.0, 4.0, 2.0]","[2.0, 1.0]","[5.0, 4.0, 2.0, 1.0]","[14.0, 13.0, 9.0, 6.0, 4.0]",[0.0],[0.0],[0.0],[0.0],"[3.0, 2.0, 1.0]",[0.0],"[4.0, 3.0, 2.0, 1.0]","[2.0, 1.0]","[7.0, 5.0, 4.0, 2.0]","[9.0, 7.0, 5.0, 3.0]","[2.0, 0.0]","[4.0, 0.0]",[0.0],"[1.0, 0.0]","[1.0, 0.0]","[5.0, 3.0]","[9.0, 7.0, 5.0, 3.0]",[0.0],[0.0],"[0.22, 0.2, 0.14, 0.06]",[0.0],[0.0],[0.0],[0.0],[0.0],"[14.01, 12.98, 8.99, 6.13, 4.07]","[9.0, 7.0, 5.0, 3.0]","[8.98, 6.97, 5.09, 3.02]","[3.0, 1.0]","[0.06, 0.05, 0.04, 0.02]",[0.0],[0.0],"[0.28, 0.25, 0.17, 0.08]","[0.29, 0.26, 0.18, 0.09]","[0.28, 0.26, 0.18, 0.09]","[109.0, 90.0, 73.0, 46.0, 25.0]","[5.0, 4.0, 2.0]","[31.0, 27.0, 21.0, 13.0, 8.0]","[17.0, 11.0, 9.0, 8.0, 4.0]","[56.0, 47.0, 39.0, 23.0, 11.0]","[15.0, 11.0, 9.0, 6.0, 3.0]","[13.0, 11.0, 5.0, 3.0]","[17.0, 13.0, 11.0, 9.0, 4.0]","[64.0, 53.0, 42.0, 26.0, 15.0]",[0.0],[0.0],"[12994.0, 10182.0, 7558.0, 5179.0, 2487.0]","[4.0, 0.0]","[6.0, 4.0, 2.0]","[3.0, 2.0, 1.0]","[7.0, 5.0, 3.0]","[27.75, 22.29, 14.76, 9.02, 5.89]","[2.96, 2.34, 0.74, 0.51, 0.37]","[2.92, 2.31, 0.74, 0.51, 0.37]","[3.0, 2.33, 0.76, 0.54, 0.39]","[2.96, 2.29, 0.76, 0.53, 0.39]","[23.0, 19.0, 13.0, 8.0, 5.0]","[15.0, 12.0, 8.0, 5.0, 3.0]","[11.0, 9.0, 6.0, 4.0, 3.0]","[49.0, 40.0, 27.0, 17.0, 11.0]","[1.0, 0.0]","[2.0, 1.0, 0.0]",[0.0],"[28.0, 24.0, 19.0, 11.0, 6.0]","[9.0, 6.0, 2.0]","[1.0, 0.0]","[0.76, 0.57, 0.51, 0.28, 0.14]","[1.24, 0.8, 0.23]","[0.96, 0.0]",[0.0],[0.0],"[1.0, 0.0]","[50.0, 40.03, 27.25, 17.57, 11.24]","[38.0, 31.0, 21.0, 13.0, 8.0]","[38.7, 30.98, 21.14, 13.4, 8.18]","[0.35, 0.26, 0.16, 0.1, 0.06]","[0.22, 0.03, 0.0]","[0.22, 0.03, 0.0]","[3.08, 2.38, 0.88, 0.61, 0.43]","[3.14, 2.37, 0.9, 0.64, 0.45]","[3.11, 2.35, 0.89, 0.64, 0.45]","[53.12, 48.75, 40.27, 29.04, 14.91]","[8.24, 7.99, 7.38, 4.08, 1.4]","[7.08, 6.83, 6.23, 3.61, 1.35]","[8.18, 7.96, 7.33, 4.01, 1.36]","[7.02, 6.8, 6.18, 3.54, 1.32]","[41.0, 37.0, 33.0, 24.0, 14.0]","[30.0, 28.0, 20.0, 15.0, 6.0]","[26.0, 23.0, 16.0, 12.0, 8.0]","[97.0, 88.0, 69.0, 51.0, 28.0]","[6.0, 5.0, 3.0, 1.0]","[6.0, 5.0, 1.0]","[2.0, 1.0, 0.0]","[42.0, 37.0, 29.0, 21.0, 13.0]","[19.0, 18.0, 14.0, 12.0, 6.0]","[10.0, 6.0, 1.0]","[1.13, 0.97, 0.88, 0.76, 0.41]","[2.48, 2.38, 1.87, 1.56, 0.76]","[4.63, 1.75, 0.23]","[1.0, 0.0]",[1.0],"[4.0, 2.0, 0.0]","[95.51, 87.5, 68.36, 50.14, 27.53]","[71.0, 65.0, 53.0, 39.0, 20.0]","[70.06, 64.7, 52.69, 38.56, 19.76]","[0.87, 0.81, 0.65, 0.46, 0.22]","[2.29, 1.41, 0.23]","[2.29, 1.41, 0.23]","[6.82, 6.51, 5.74, 3.13, 1.39]","[6.77, 6.49, 5.71, 3.07, 1.36]","[6.66, 6.39, 5.6, 3.01, 1.34]","[9.98, 6.52, 5.09, 3.03, 1.22]","[10.42, 7.44, 7.39, 5.87, 4.41, 2.74]","[180.0, 134.0, 118.0, 84.0, 39.0]","[201.0, 156.0, 155.0, 117.0, 74.0, 41.0]",[0.0],[0.0],[0.0],[0.0],[0.0],[0.0]
['8483506'],['2025'],['Sam Rinzel'],['CHI'],['D'],['all'],"['5', '4', '3', '2', '1']","[6198.0, 5089.0, 4219.0, 2661.0, 1518.0]","[122.0, 100.0, 82.0, 51.0, 29.0]","[0.63, 0.05, 0.02, -0.13]","[0.39, 0.33, 0.32, 0.29, 0.24]","[0.42, 0.38, 0.31, 0.3, 0.29]","[0.46, 0.42, 0.4]","[0.45, 0.44, 0.43, 0.42]","[0.41, 0.4, 0.39, 0.38]","[0.44, 0.43, 0.42, 0.41, 0.39]","[14.0, 11.0, 5.0, 4.0, 1.0]","[6.39, 4.23, 2.87, 1.43]","[0.4, 0.23, 0.2, 0.08]","[0.35, 0.2, 0.14, 0.07]","[1.62, 1.02, 0.68, 0.32]","[0.21, 0.13, 0.09, 0.04]","[3.92, 2.73, 1.81, 1.01]","[2.5, 1.69, 1.08, 0.47]","[0.39, 0.23, 0.2, 0.08]","[0.42, 0.23, 0.2, 0.08]","[0.42, 0.23, 0.2, 0.08]",[0.0],[0.0],"[6.0, 5.0, 3.0, 1.0]","[3.0, 1.0]","[8.0, 6.0, 5.0, 4.0]","[17.0, 12.0, 9.0, 6.0]","[1.0, 0.0]","[1.0, 0.0]","[1.0, 0.0]",[0.0],"[2.0, 1.0, 0.0]",[0.0],"[2.0, 1.0, 0.0]","[3.0, 2.0]","[5.0, 4.0, 3.0, 1.0]","[8.0, 5.0, 4.0, 2.0]","[2.0, 1.0, 0.0]","[4.0, 2.0, 0.0]",[0.0],"[4.0, 3.0, 1.0]",[1.0],"[10.0, 8.0, 7.0, 5.0]","[7.0, 5.0, 3.0, 2.0]","[2.0, 1.0, 0.0]",[0.0],"[0.21, 0.14, 0.11, 0.08]","[0.19, 0.08, 0.0]",[0.0],"[1.0, 0.0]",[0.0],[0.0],"[17.83, 12.1, 9.19, 6.1]","[9.0, 6.0, 4.0, 2.0]","[9.38, 6.03, 4.09, 2.03]","[6.0, 4.0, 3.0]","[0.08, 0.05, 0.03, 0.02]","[0.03, 0.0]","[0.02, 0.0]","[0.45, 0.27, 0.23, 0.1]","[0.48, 0.28, 0.24, 0.1]","[0.47, 0.28, 0.24, 0.1]","[122.0, 100.0, 82.0, 51.0, 29.0]","[17.0, 14.0, 9.0, 6.0]","[12.0, 9.0, 6.0, 4.0]","[24.0, 17.0, 15.0, 9.0, 4.0]","[69.0, 57.0, 44.0, 27.0, 15.0]","[14.0, 13.0, 9.0, 4.0]","[22.0, 16.0, 12.0, 7.0, 6.0]","[16.0, 15.0, 11.0, 7.0, 4.0]","[70.0, 56.0, 46.0, 28.0, 15.0]",[0.0],[0.0],"[11934.0, 9443.0, 6713.0, 4671.0, 2082.0]","[4.0, 2.0, 0.0]",[0.0],[0.0],"[9.0, 8.0, 7.0, 4.0]","[39.35, 27.2, 25.74, 16.92, 10.21]","[3.93, 2.23, 2.06, 1.24, 0.65]","[3.84, 2.19, 2.02, 1.24, 0.65]","[4.07, 2.24, 2.08, 1.28, 0.67]","[3.97, 2.2, 2.04, 1.27, 0.67]","[33.0, 23.0, 22.0, 13.0, 6.0]","[21.0, 15.0, 14.0, 10.0, 8.0]","[24.0, 20.0, 15.0, 8.0]","[78.0, 58.0, 56.0, 38.0, 22.0]","[6.0, 3.0, 1.0]","[3.0, 0.0]",[0.0],"[38.0, 27.0, 26.0, 17.0, 12.0]","[13.0, 10.0, 9.0, 6.0, 2.0]","[3.0, 1.0, 0.0]","[0.97, 0.7, 0.66, 0.35, 0.29]","[1.72, 1.32, 1.2, 0.89, 0.36]","[1.24, 0.21, 0.0]","[4.0, 2.0, 1.0]","[1.0, 0.0]","[1.0, 0.0]","[80.84, 58.18, 56.24, 38.76, 22.31]","[54.0, 38.0, 36.0, 23.0, 14.0]","[55.71, 38.03, 36.09, 23.43, 14.17]","[0.57, 0.42, 0.4, 0.25, 0.15]","[0.35, 0.0]","[0.35, 0.0]","[4.16, 2.64, 2.46, 1.5, 0.8]","[4.26, 2.66, 2.48, 1.53, 0.82]","[4.22, 2.62, 2.44, 1.53, 0.82]","[56.47, 45.3, 39.54, 26.34, 17.02]","[6.03, 4.68, 4.16, 3.03, 2.1]","[5.91, 4.57, 4.06, 2.97, 2.05]","[5.89, 4.69, 4.16, 2.97, 2.06]","[5.76, 4.58, 4.05, 2.91, 2.01]","[54.0, 46.0, 42.0, 29.0, 18.0]","[24.0, 16.0, 12.0, 6.0, 4.0]","[30.0, 26.0, 22.0, 10.0, 8.0]","[108.0, 88.0, 76.0, 45.0, 30.0]","[5.0, 4.0, 3.0, 2.0]","[4.0, 3.0, 2.0, 1.0]",[0.0],"[50.0, 39.0, 33.0, 19.0, 12.0]","[21.0, 18.0, 17.0, 13.0, 7.0]","[7.0, 5.0, 4.0, 3.0]","[1.38, 1.0, 0.89, 0.53, 0.38]","[2.88, 2.46, 2.28, 1.77, 0.99]","[1.78, 1.22, 0.99, 0.73]","[2.0, 1.0, 0.0]","[2.0, 1.0]",[1.0],"[105.85, 88.72, 76.45, 44.57, 29.82]","[78.0, 62.0, 54.0, 35.0, 22.0]","[76.6, 62.51, 54.39, 34.86, 21.94]","[0.89, 0.73, 0.66, 0.4, 0.28]","[0.69, 0.67, 0.43, 0.26]","[0.69, 0.67, 0.43, 0.26]","[6.23, 4.75, 4.39, 3.0, 2.11]","[6.07, 4.76, 4.38, 2.93, 2.07]","[6.0, 4.69, 4.32, 2.92, 2.06]","[9.0, 6.63, 3.77, 2.29, 0.94]","[12.63, 10.74, 10.7, 9.09, 5.45, 2.04]","[151.0, 116.0, 89.0, 63.0, 28.0]","[190.0, 156.0, 155.0, 110.0, 80.0, 39.0]",[0.0],[0.0],[0.0],[0.0],[0.0],[0.0]
['8481568'],['2025'],['Alex Vlasic'],['CHI'],['D'],['all'],"['4', '3', '2', '1']","[5068.0, 3741.0, 2605.0, 1150.0]","[102.0, 78.0, 53.0, 24.0]","[-0.05, -0.7, -1.45]","[0.2, 0.11, 0.08, 0.05]","[0.61, 0.6, 0.58, 0.48]","[0.34, 0.28, 0.22, 0.2]","[0.56, 0.53, 0.52]","[0.25, 0.16, 0.15]","[0.55, 0.54, 0.53, 0.49]","[7.0, 6.0, 4.0, 2.0]",[0.0],[0.0],[0.0],[0.0],[0.0],[0.0],[0.0],[0.0],[0.0],[0.0],"[2.0, 0.0]",[0.0],[0.0],[0.0],"[1.0, 0.0]","[1.0, 0.0]","[2.0, 0.0]",[0.0],[0.0],[0.0],[0.0],[0.0],[0.0],[0.0],[0.0],[0.0],[0.0],[0.0],[0.0],"[5.0, 2.0, 1.0]",[2.0],"[4.0, 2.0, 1.0]",[0.0],[0.0],[0.0],[0.0],[0.0],[0.0],[0.0],[0.0],[0.0],"[0.97, 0.0]",[0.0],[0.0],"[4.0, 2.0, 1.0]",[0.0],[0.0],[0.0],[0.0],[0.0],[0.0],"[102.0, 78.0, 53.0, 24.0]","[6.0, 4.0, 2.0]","[23.0, 21.0, 16.0, 5.0]","[16.0, 11.0, 8.0, 5.0]","[57.0, 42.0, 25.0, 12.0]","[10.0, 9.0, 8.0, 4.0]","[12.0, 8.0, 4.0, 1.0]","[16.0, 12.0, 6.0, 1.0]","[64.0, 49.0, 35.0, 18.0]",[0.0],[0.0],"[9464.0, 7191.0, 4727.0, 2582.0]",[0.0],[0.0],[0.0],"[8.0, 6.0, 4.0, 2.0]","[19.92, 8.16, 5.69, 4.33]","[2.12, 0.58, 0.33, 0.3]","[2.05, 0.57, 0.32, 0.3]","[2.3, 0.58, 0.34, 0.32]","[2.22, 0.58, 0.34, 0.32]","[13.0, 6.0, 5.0, 4.0]","[13.0, 5.0, 3.0, 2.0]","[13.0, 8.0, 5.0]","[39.0, 19.0, 16.0, 11.0]","[2.0, 0.0]","[2.0, 0.0]",[0.0],"[14.0, 7.0, 6.0, 4.0]","[10.0, 4.0, 2.0]","[2.0, 0.0]","[0.32, 0.11, 0.1, 0.08]","[1.3, 0.47, 0.23]","[0.5, 0.0]","[1.0, 0.0]",[0.0],"[1.0, 0.0]","[42.21, 19.27, 16.27, 11.39]","[26.0, 11.0, 8.0, 6.0]","[27.95, 11.13, 8.12, 6.15]","[0.26, 0.1, 0.06, 0.05]","[0.32, 0.0]","[0.32, 0.0]","[2.06, 0.67, 0.39, 0.36]","[2.22, 0.68, 0.4, 0.37]","[2.2, 0.68, 0.4, 0.37]","[57.86, 44.39, 31.52, 13.48]","[8.58, 6.85, 6.28, 2.56]","[7.31, 5.73, 5.17, 2.14]","[8.44, 6.87, 6.29, 2.54]","[7.18, 5.76, 5.19, 2.12]","[48.0, 37.0, 26.0, 10.0]","[30.0, 23.0, 16.0, 8.0]","[24.0, 18.0, 14.0, 3.0]","[102.0, 78.0, 56.0, 21.0]","[6.0, 5.0, 4.0, 1.0]","[10.0, 7.0, 6.0, 4.0]","[2.0, 1.0, 0.0]","[51.0, 39.0, 23.0, 6.0]","[15.0, 12.0, 11.0, 8.0]","[12.0, 9.0, 8.0, 4.0]","[1.27, 0.85, 0.58, 0.19]","[1.94, 1.58, 1.5, 1.05]","[5.37, 4.43, 4.19, 1.31]","[2.0, 1.0, 0.0]",[0.0],"[4.0, 3.0, 1.0]","[99.43, 78.47, 56.47, 20.89]","[78.0, 60.0, 42.0, 18.0]","[76.3, 60.23, 42.43, 18.09]","[1.01, 0.81, 0.61, 0.23]","[2.96, 2.3, 2.06, 1.14]","[2.96, 2.3, 2.06, 1.14]","[6.63, 5.36, 4.82, 1.65]","[6.52, 5.39, 4.85, 1.63]","[6.41, 5.3, 4.76, 1.58]","[9.23, 6.69, 3.92, 1.64]","[5.95, 4.44, 4.39, 2.83, 1.79]","[140.0, 105.0, 79.0, 40.0]","[127.0, 97.0, 96.0, 61.0, 35.0]",[0.0],[0.0],[0.0],[0.0],[0.0],[0.0]
['8483395'],['2025'],['Arshdeep Bains'],['VAN'],['L'],['all'],"['4', '3', '2', '1']","[2646.0, 2203.0, 1464.0, 864.0]","[60.0, 49.0, 33.0, 18.0]","[2.05, 1.35, 0.53, 0.18]","[0.55, 0.5, 0.41, 0.28]","[0.58, 0.38, 0.36, 0.33]","[0.53, 0.41, 0.22, 0.2]","[0.5, 0.45, 0.44]","[0.53, 0.42, 0.24, 0.22]","[0.55, 0.45, 0.44]","[39.0, 27.0, 17.0, 7.0]","[0.7, 0.0]","[0.06, 0.0]","[0.04, 0.0]","[0.22, 0.0]","[0.02, 0.0]","[0.37, 0.0]","[0.29, 0.0]","[0.06, 0.0]","[0.05, 0.0]","[0.05, 0.0]",[1.0],"[1.0, 0.0]","[1.0, 0.0]",[0.0],[0.0],"[1.0, 0.0]","[2.0, 1.0]",[0.0],[0.0],[0.0],[0.0],[0.0],"[1.0, 0.0]",[0.0],"[1.0, 0.0]","[1.0, 0.0]",[0.0],[0.0],[0.0],"[5.0, 3.0, 2.0]",[1.0],"[5.0, 4.0, 3.0, 2.0]","[1.0, 0.0]",[0.0],[0.0],"[0.06, 0.0]",[0.0],[0.0],[0.0],[0.0],[0.0],"[0.92, 0.0]","[1.0, 0.0]","[0.92, 0.0]",[1.0],"[0.01, 0.0]",[0.0],[0.0],"[0.07, 0.0]","[0.06, 0.0]","[0.06, 0.0]","[60.0, 49.0, 33.0, 18.0]","[7.0, 5.0, 3.0, 1.0]","[2.0, 1.0]","[10.0, 8.0, 6.0]","[41.0, 32.0, 21.0, 10.0]","[11.0, 6.0, 3.0, 1.0]","[12.0, 11.0, 10.0, 4.0]","[7.0, 5.0, 3.0]","[30.0, 25.0, 15.0, 10.0]",[0.0],[2.0],"[11754.0, 8597.0, 5736.0, 2736.0]",[0.0],[0.0],[0.0],[2.0],"[18.77, 11.48, 3.91, 1.62]","[1.37, 1.0, 0.32, 0.26]","[1.31, 0.95, 0.31, 0.26]","[1.34, 0.95, 0.33, 0.26]","[1.29, 0.91, 0.32, 0.26]","[17.0, 11.0, 5.0, 2.0]","[8.0, 4.0, 0.0]","[12.0, 7.0, 2.0, 1.0]","[37.0, 22.0, 7.0, 3.0]","[2.0, 1.0]","[3.0, 2.0, 0.0]",[0.0],"[20.0, 11.0, 4.0, 1.0]","[3.0, 2.0, 0.0]","[2.0, 1.0]","[0.58, 0.36, 0.11, 0.04]","[0.36, 0.22, 0.0]","[0.42, 0.21]","[1.0, 0.0]",[0.0],[1.0],"[36.53, 20.7, 7.09, 3.07]","[25.0, 15.0, 5.0, 2.0]","[24.85, 14.15, 5.05, 2.02]","[0.21, 0.14, 0.05, 0.03]","[0.33, 0.3, 0.0]","[0.33, 0.3, 0.0]","[1.25, 0.84, 0.37, 0.28]","[1.24, 0.81, 0.38, 0.29]","[1.21, 0.78, 0.37, 0.29]","[16.16, 15.41, 11.99, 5.21]","[1.1, 1.01, 0.83, 0.37]","[1.1, 1.01, 0.83, 0.37]","[1.09, 1.01, 0.81, 0.37]","[1.09, 1.01, 0.81, 0.37]","[15.0, 14.0, 11.0, 4.0]","[7.0, 5.0, 3.0]","[11.0, 9.0, 5.0]","[33.0, 32.0, 25.0, 12.0]",[1.0],[0.0],[0.0],"[15.0, 11.0, 5.0]","[7.0, 6.0, 5.0, 2.0]",[0.0],"[0.3, 0.22, 0.13]","[0.8, 0.71, 0.61, 0.24]",[0.0],[1.0],[0.0],[0.0],"[33.13, 32.22, 24.52, 11.73]","[22.0, 21.0, 16.0, 7.0]","[22.2, 21.28, 15.8, 6.96]","[0.2, 0.19, 0.16, 0.06]",[0.0],[0.0],"[1.3, 1.2, 0.99, 0.43]","[1.29, 1.2, 0.97, 0.43]","[1.29, 1.2, 0.97, 0.43]","[8.8, 6.13, 3.38, 1.84]","[14.61, 10.92, 10.91, 6.99, 1.35]","[174.0, 129.0, 80.0, 43.0]","[218.0, 158.0, 157.0, 99.0, 43.0]",[0.0],[0.0],[0.0],[0.0],[0.0],[0.0]
['8478444'],['2025'],['Brock Boeser'],['VAN'],['R'],['all'],"['4', '3', '2', '1']","[4478.0, 3203.0, 2150.0, 1032.0]","[81.0, 59.0, 40.0, 20.0]","[2.71, 2.13, 1.7, 1.34]","[0.62, 0.54, 0.47, 0.45]","[0.47, 0.33, 0.25]","[0.58, 0.52, 0.5]","[0.43, 0.42, 0.4, 0.37]","[0.69, 0.54, 0.53]","[0.42, 0.41, 0.36]","[7.0, 6.0, 4.0, 2.0]","[10.35, 7.27, 5.78, 2.78]","[1.97, 0.93, 0.76, 0.39]","[0.81, 0.58, 0.47, 0.22]","[2.27, 1.69, 1.37, 0.75]","[0.36, 0.26, 0.23, 0.1]","[5.49, 4.21, 3.26, 1.57]","[3.1, 2.32, 1.92, 0.97]","[1.9, 0.89, 0.72, 0.35]","[1.98, 0.94, 0.78, 0.4]","[1.91, 0.9, 0.73, 0.36]",[0.0],[0.0],"[7.0, 5.0, 4.0, 2.0]","[7.0, 5.0, 4.0, 2.0]","[1.0, 0.0]","[15.0, 11.0, 9.0, 4.0]","[3.0, 2.0, 1.0]","[3.0, 2.0, 1.0]",[1.0],[0.0],[0.0],[0.0],"[3.0, 2.0, 1.0]","[7.0, 5.0, 3.0, 1.0]","[4.0, 3.0, 2.0, 1.0]","[11.0, 8.0, 6.0, 3.0]",[0.0],[0.0],"[3.0, 0.0]","[2.0, 1.0]",[0.0],"[4.0, 3.0, 0.0]","[8.0, 6.0, 5.0, 2.0]","[2.0, 1.0]","[4.0, 2.0, 1.0]","[0.29, 0.27, 0.22, 0.09]","[0.21, 0.09]","[1.46, 0.45, 0.21]","[2.0, 1.0]",[0.0],"[1.0, 0.0]","[15.29, 11.16, 9.25, 4.21]","[14.0, 10.0, 8.0, 4.0]","[14.15, 10.04, 8.13, 4.1]","[1.0, 0.0]","[0.19, 0.14, 0.11, 0.05]",[0.01],"[0.57, 0.24, 0.21]","[1.6, 0.83, 0.62, 0.23]","[1.6, 0.83, 0.64, 0.23]","[1.58, 0.82, 0.63, 0.23]","[81.0, 59.0, 40.0, 20.0]","[19.0, 11.0, 7.0, 4.0]","[7.0, 3.0, 2.0, 1.0]","[14.0, 11.0, 8.0, 3.0]","[41.0, 34.0, 23.0, 12.0]","[9.0, 7.0, 4.0, 2.0]","[10.0, 7.0, 5.0, 1.0]","[16.0, 12.0, 9.0, 4.0]","[46.0, 33.0, 22.0, 13.0]","[3.0, 0.0]","[4.0, 2.0, 1.0]","[9922.0, 7597.0, 5050.0, 2568.0]",[0.0],[0.0],[0.0],"[1.0, 0.0]","[38.33, 27.37, 19.33, 12.69]","[4.2, 2.71, 1.9, 1.23]","[4.09, 2.63, 1.83, 1.17]","[4.2, 2.69, 1.92, 1.24]","[4.09, 2.61, 1.85, 1.17]","[31.0, 21.0, 14.0, 9.0]","[22.0, 17.0, 13.0, 9.0]","[22.0, 15.0, 9.0, 1.0]","[75.0, 53.0, 36.0, 19.0]","[5.0, 3.0, 2.0]","[6.0, 5.0, 4.0]",[1.0],"[39.0, 27.0, 20.0, 13.0]","[7.0, 4.0, 3.0]","[7.0, 4.0, 3.0, 2.0]","[1.27, 0.99, 0.77, 0.48]","[0.8, 0.46, 0.33]","[2.13, 0.92, 0.67, 0.43]","[2.0, 1.0]",[1.0],"[2.0, 0.0]","[75.52, 52.3, 36.56, 19.55]","[53.0, 38.0, 27.0, 18.0]","[53.22, 37.48, 27.33, 18.36]","[0.63, 0.45, 0.32, 0.19]","[0.91, 0.59, 0.55]","[0.91, 0.59, 0.55]","[3.92, 2.57, 1.63, 0.87]","[3.91, 2.54, 1.66, 0.87]","[3.87, 2.51, 1.63, 0.85]","[33.91, 25.15, 17.07, 5.95]","[3.52, 3.02, 2.35, 0.75]","[3.44, 2.94, 2.28, 0.71]","[3.58, 3.08, 2.35, 0.75]","[3.5, 3.01, 2.28, 0.71]","[31.0, 25.0, 17.0, 6.0]","[15.0, 9.0, 6.0, 2.0]","[23.0, 19.0, 13.0, 6.0]","[69.0, 53.0, 36.0, 14.0]","[4.0, 2.0, 0.0]","[2.0, 1.0]","[1.0, 0.0]","[31.0, 20.0, 12.0, 4.0]","[10.0, 9.0, 7.0, 3.0]","[5.0, 4.0, 1.0]","[0.94, 0.53, 0.41, 0.12]","[1.24, 1.15, 0.81, 0.4]","[1.35, 1.13, 0.23]",[0.0],"[2.0, 0.0]","[2.0, 0.0]","[69.77, 54.42, 35.63, 13.65]","[46.0, 34.0, 23.0, 8.0]","[46.56, 35.14, 22.97, 7.87]","[0.43, 0.33, 0.23, 0.08]","[0.37, 0.23]","[0.37, 0.23]","[3.59, 2.97, 2.35, 0.59]","[3.63, 3.04, 2.35, 0.6]","[3.58, 2.99, 2.31, 0.59]","[5.96, 4.42, 1.8, 0.86]","[12.19, 8.92, 8.9, 5.46, 0.97]","[136.0, 98.0, 51.0, 27.0]","[182.0, 137.0, 136.0, 88.0, 41.0]",[0.0],[0.0],[0.0],[0.0],[0.0],[0.0]
['8480078'],['2025'],['Filip Chytil'],['VAN'],['C'],['all'],"['4', '3', '2', '1']","[4087.0, 3025.0, 2022.0, 985.0]","[82.0, 60.0, 40.0, 20.0]","[3.17, 2.04, 2.02, 1.98, 1.74]","[0.52, 0.43, 0.4]","[0.58, 0.38, 0.36, 0.26]","[0.53, 0.52]","[0.43, 0.42, 0.41, 0.37]","[0.52, 0.47, 0.46, 0.44]","[0.51, 0.44, 0.41]","[17.0, 12.0, 8.0, 4.0]","[10.24, 8.61, 6.13, 5.33]","[1.53, 1.33, 0.88, 0.81]","[0.75, 0.66, 0.42, 0.39]","[2.2, 1.88, 1.38, 1.2]","[0.33, 0.29, 0.2, 0.18]","[4.81, 4.05, 3.02, 2.66]","[3.38, 2.79, 2.1, 1.77]","[1.47, 1.27, 0.86, 0.79]","[1.5, 1.3, 0.89, 0.81]","[1.44, 1.24, 0.87, 0.79]",[0.0],[0.0],"[11.0, 9.0, 6.0, 5.0]",[2.0],"[2.0, 1.0]","[15.0, 12.0, 9.0, 8.0]","[3.0, 2.0]","[3.0, 2.0]","[2.0, 1.0]",[1.0],"[3.0, 2.0, 1.0, 0.0]",[0.0],"[1.0, 0.0]",[4.0],"[8.0, 7.0, 4.0, 3.0]","[10.0, 9.0, 6.0, 5.0]","[2.0, 1.0]","[4.0, 2.0]","[27.0, 21.0, 11.0, 6.0]","[3.0, 2.0, 1.0, 0.0]","[2.0, 1.0]","[3.0, 2.0, 0.0]","[6.0, 5.0, 4.0, 3.0]","[4.0, 3.0, 2.0]","[3.0, 2.0]","[0.3, 0.26, 0.24, 0.17]","[0.54, 0.38, 0.21]","[0.69, 0.43]",[0.0],"[2.0, 1.0]",[1.0],"[15.09, 11.93, 9.29, 8.25]","[13.0, 11.0, 8.0, 7.0]","[12.84, 10.84, 8.18, 7.15]","[2.0, 0.0]","[0.16, 0.14, 0.09, 0.08]","[0.38, 0.12]","[0.59, 0.33]","[1.1, 0.88, 0.64, 0.56]","[1.09, 0.87, 0.65, 0.56]","[1.08, 0.86, 0.65, 0.56]","[82.0, 60.0, 40.0, 20.0]","[18.0, 15.0, 9.0, 4.0]","[8.0, 4.0, 3.0, 1.0]","[14.0, 8.0, 4.0, 3.0]","[42.0, 33.0, 24.0, 12.0]","[13.0, 11.0, 6.0, 3.0]","[14.0, 10.0, 8.0, 4.0]","[15.0, 11.0, 7.0, 5.0]","[40.0, 28.0, 19.0, 8.0]","[27.0, 21.0, 11.0, 6.0]","[28.0, 20.0, 12.0, 6.0]","[10313.0, 7775.0, 5178.0, 2615.0]","[4.0, 2.0]",[0.0],[0.0],[2.0],"[36.62, 26.05, 15.15, 8.95]","[3.4, 2.56, 1.76, 1.03]","[3.3, 2.48, 1.73, 1.01]","[3.4, 2.52, 1.8, 1.04]","[3.3, 2.45, 1.76, 1.02]","[35.0, 26.0, 14.0, 8.0]","[15.0, 10.0, 7.0, 5.0]","[22.0, 17.0, 11.0, 4.0]","[72.0, 53.0, 32.0, 17.0]","[3.0, 2.0]","[5.0, 4.0, 3.0]",[1.0],"[39.0, 27.0, 15.0, 9.0]","[5.0, 4.0, 2.0]","[6.0, 5.0, 4.0, 2.0]","[1.26, 0.9, 0.64, 0.39]","[0.64, 0.49, 0.21]","[1.5, 1.17, 0.91, 0.43]",[0.0],"[2.0, 1.0]",[1.0],"[72.27, 51.51, 32.34, 17.28]","[50.0, 36.0, 21.0, 13.0]","[50.2, 34.96, 21.31, 13.23]","[0.52, 0.4, 0.24, 0.15]","[0.93, 0.6, 0.34]","[0.93, 0.6, 0.34]","[2.99, 2.35, 1.65, 0.84]","[3.01, 2.33, 1.69, 0.84]","[2.98, 2.31, 1.68, 0.84]","[42.77, 33.39, 32.67, 20.8, 9.0]","[4.58, 3.87, 3.85, 2.36, 0.94]","[4.39, 3.68, 3.67, 2.31, 0.91]","[4.63, 3.95, 3.93, 2.33, 0.95]","[4.44, 3.76, 3.75, 2.28, 0.91]","[37.0, 31.0, 30.0, 18.0, 8.0]","[19.0, 12.0, 9.0, 4.0]","[9.0, 5.0, 3.0]","[65.0, 48.0, 47.0, 30.0, 15.0]","[4.0, 2.0, 0.0]","[3.0, 2.0, 1.0]",[0.0],"[36.0, 26.0, 25.0, 16.0, 7.0]","[14.0, 11.0, 7.0, 4.0]","[6.0, 4.0, 1.0]","[0.96, 0.59, 0.57, 0.4, 0.19]","[1.86, 1.52, 0.9, 0.53]","[1.76, 1.06, 0.23]",[0.0],"[2.0, 1.0, 0.0]","[2.0, 1.0, 0.0]","[66.21, 49.94, 48.83, 30.02, 15.05]","[56.0, 43.0, 42.0, 27.0, 12.0]","[57.14, 44.79, 43.69, 27.12, 12.07]","[0.51, 0.41, 0.4, 0.26, 0.1]","[0.42, 0.25, 0.23]","[0.42, 0.25, 0.23]","[4.68, 3.86, 3.84, 2.37, 0.82]","[4.72, 3.94, 3.92, 2.34, 0.83]","[4.56, 3.78, 3.76, 2.33, 0.82]","[6.77, 4.57, 1.94, 1.06]","[11.13, 8.06, 5.46, 0.78]","[139.0, 98.0, 55.0, 29.0]","[186.0, 142.0, 94.0, 40.0]",[0.0],[0.0],[0.0],[0.0],[0.0],[0.0]
['8485385'],['2025'],['Braeden Cootes'],['VAN'],['C'],['all'],"['3', '2', '1']","[1940.0, 1267.0, 674.0]","[44.0, 31.0, 17.0]","[-0.38, -0.53, -1.63]","[0.48, 0.19, 0.14]","[0.55, 0.42, 0.34]","[0.5, 0.46, 0.33]","[0.47, 0.45, 0.4]","[0.55, 0.44, 0.33]","[0.51, 0.47, 0.41]","[34.0, 22.0, 11.0]",[0.0],[0.0],[0.0],[0.0],[0.0],[0.0],[0.0],[0.0],[0.0],[0.0],[0.0],[0.0],[0.0],[0.0],[0.0],[0.0],[0.0],[0.0],[0.0],[0.0],[0.0],[0.0],[0.0],[0.0],[0.0],[0.0],[0.0],[0.0],"[5.0, 4.0, 3.0]","[3.0, 2.0, 1.0]",[0.0],"[4.0, 2.0]",[0.0],[0.0],[0.0],[0.0],[0.0],[0.0],[0.0],[0.0],[0.0],[0.0],[0.0],[0.0],"[2.0, 1.0]",[0.0],[0.0],[0.0],[0.0],[0.0],[0.0],"[44.0, 31.0, 17.0]","[3.0, 2.0]","[2.0, 1.0]","[5.0, 4.0]","[34.0, 21.0, 10.0]","[9.0, 5.0]","[5.0, 2.0, 1.0]","[2.0, 1.0]","[28.0, 18.0, 10.0]","[5.0, 4.0, 3.0]","[8.0, 7.0, 6.0]","[8860.0, 5933.0, 2926.0]",[0.0],[0.0],[0.0],"[1.0, 0.0]","[11.13, 8.98, 4.57]","[0.46, 0.32, 0.15]","[0.46, 0.32, 0.15]","[0.46, 0.32, 0.15]","[0.46, 0.32, 0.15]","[10.0, 8.0, 6.0]","[5.0, 4.0, 0.0]","[6.0, 5.0, 3.0]","[21.0, 17.0, 9.0]",[0.0],[0.0],[0.0],"[14.0, 12.0, 6.0]","[1.0, 0.0]",[0.0],"[0.38, 0.32, 0.15]","[0.09, 0.0]",[0.0],[0.0],[0.0],[0.0],"[20.85, 17.21, 9.12]","[15.0, 12.0, 6.0]","[14.89, 12.08, 6.1]","[0.12, 0.09, 0.05]",[0.0],[0.0],"[0.58, 0.41, 0.2]","[0.58, 0.41, 0.2]","[0.58, 0.41, 0.2]","[23.45, 11.92, 3.9]","[2.74, 1.36, 0.17]","[2.56, 1.29, 0.16]","[2.84, 1.32, 0.17]","[2.65, 1.25, 0.17]","[20.0, 10.0, 3.0]","[10.0, 5.0, 2.0]","[13.0, 5.0, 4.0]","[43.0, 20.0, 9.0]","[2.0, 1.0]","[4.0, 2.0, 0.0]",[0.0],"[17.0, 9.0, 5.0]","[10.0, 3.0, 0.0]","[3.0, 0.0]","[0.55, 0.28, 0.17]","[1.45, 0.35, 0.0]","[0.74, 0.0]",[1.0],"[1.0, 0.0]",[0.0],"[45.44, 19.59, 8.75]","[30.0, 15.0, 5.0]","[31.79, 14.92, 5.01]","[0.35, 0.17, 0.04]","[0.87, 0.52, 0.0]","[0.87, 0.52, 0.0]","[2.22, 1.02, 0.2]","[2.31, 0.99, 0.2]","[2.26, 0.98, 0.2]","[6.66, 3.38, 1.94]","[9.19, 9.18, 6.46, 1.56]","[130.0, 70.0, 37.0]","[147.0, 146.0, 104.0, 46.0]",[0.0],[0.0],[0.0],[0.0],[0.0],[0.0]
['8478498'],['2025'],['Jake DeBrusk'],['VAN'],['L'],['all'],"['4', '3', '2', '1']","[4067.0, 2929.0, 1922.0, 920.0]","[78.0, 57.0, 37.0, 17.0]","[1.19, 1.14, 1.04, 0.99, 0.59]","[0.5, 0.4, 0.32]","[0.58, 0.36, 0.32]","[0.49, 0.45, 0.44, 0.43]","[0.47, 0.44, 0.4]","[0.54, 0.5, 0.46, 0.45]","[0.5, 0.44, 0.43, 0.4]","[18.0, 14.0, 11.0, 6.0]","[7.94, 6.32, 4.19, 1.69]","[0.62, 0.56, 0.32, 0.06]","[0.58, 0.42, 0.22, 0.04]","[1.59, 1.25, 0.88, 0.39]","[0.23, 0.17, 0.11, 0.05]","[3.71, 2.81, 1.74, 0.64]","[3.27, 2.79, 1.72, 0.82]","[0.61, 0.56, 0.32, 0.06]","[0.61, 0.55, 0.33, 0.06]","[0.61, 0.55, 0.33, 0.06]",[0.0],"[2.0, 1.0]","[6.0, 4.0, 2.0]","[4.0, 2.0, 1.0, 0.0]","[2.0, 1.0, 0.0]","[12.0, 9.0, 6.0, 2.0]","[2.0, 1.0]",[0.0],"[1.0, 0.0]",[0.0],"[2.0, 1.0]",[0.0],"[4.0, 3.0, 1.0, 0.0]","[3.0, 1.0]","[6.0, 4.0, 2.0]","[10.0, 8.0, 5.0, 2.0]","[1.0, 0.0]","[2.0, 0.0]",[0.0],"[2.0, 1.0, 0.0]",[0.0],[0.0],"[7.0, 5.0, 4.0, 2.0]","[3.0, 1.0, 0.0]",[0.0],"[0.27, 0.21, 0.19, 0.06]","[0.35, 0.13, 0.0]",[0.0],[0.0],[0.0],[0.0],"[11.76, 8.75, 5.99, 2.04]","[10.0, 8.0, 5.0, 2.0]","[9.71, 7.75, 4.97, 2.02]",[0.0],"[0.12, 0.09, 0.04, 0.01]","[0.33, 0.0]",[0.0],"[0.74, 0.64, 0.37, 0.07]","[0.73, 0.63, 0.37, 0.07]","[0.73, 0.63, 0.37, 0.07]","[78.0, 57.0, 37.0, 17.0]","[20.0, 13.0, 9.0, 4.0]","[7.0, 3.0, 2.0, 1.0]","[18.0, 15.0, 11.0, 5.0]","[33.0, 26.0, 15.0, 7.0]","[7.0, 5.0, 2.0, 1.0]","[10.0, 7.0, 5.0, 2.0]","[9.0, 7.0, 5.0, 1.0]","[52.0, 38.0, 25.0, 13.0]",[0.0],[1.0],"[10333.0, 7871.0, 5278.0, 2680.0]","[2.0, 0.0]",[0.0],[0.0],"[1.0, 0.0]","[34.13, 23.29, 16.21, 10.36]","[3.34, 2.04, 1.22, 0.8]","[3.25, 1.99, 1.17, 0.75]","[3.33, 2.01, 1.23, 0.8]","[3.25, 1.96, 1.19, 0.76]","[29.0, 20.0, 14.0, 9.0]","[19.0, 13.0, 9.0, 6.0]","[20.0, 13.0, 8.0, 0.0]","[68.0, 46.0, 31.0, 15.0]","[3.0, 2.0, 1.0]","[4.0, 3.0, 2.0]",[0.0],"[38.0, 25.0, 19.0, 12.0]","[6.0, 3.0, 2.0]","[4.0, 2.0, 1.0]","[1.18, 0.89, 0.67, 0.38]","[0.69, 0.34, 0.21]","[1.47, 0.46, 0.21]","[2.0, 1.0]",[0.0],"[1.0, 0.0]","[68.84, 45.47, 31.4, 15.42]","[48.0, 33.0, 23.0, 15.0]","[48.46, 32.57, 23.21, 15.27]","[0.56, 0.39, 0.27, 0.15]","[0.58, 0.25, 0.22]","[0.58, 0.25, 0.22]","[3.32, 2.17, 1.24, 0.73]","[3.31, 2.14, 1.25, 0.73]","[3.27, 2.12, 1.23, 0.72]","[34.75, 28.25, 27.52, 20.2, 8.95]","[3.39, 3.08, 3.06, 2.62, 0.8]","[3.24, 2.93, 2.92, 2.48, 0.76]","[3.42, 3.12, 3.1, 2.62, 0.8]","[3.27, 2.98, 2.96, 2.48, 0.76]","[33.0, 29.0, 28.0, 20.0, 9.0]","[15.0, 10.0, 8.0, 4.0]","[22.0, 19.0, 13.0, 7.0]","[70.0, 58.0, 57.0, 41.0, 20.0]","[2.0, 1.0, 0.0]","[5.0, 4.0, 2.0]","[1.0, 0.0]","[34.0, 25.0, 24.0, 16.0, 9.0]","[8.0, 7.0, 3.0]","[6.0, 5.0, 1.0]","[0.85, 0.54, 0.53, 0.44, 0.19]","[0.93, 0.79, 0.37]","[1.61, 1.39, 0.23]",[0.0],"[1.0, 0.0]","[1.0, 0.0]","[70.56, 59.22, 58.12, 40.53, 19.52]","[48.0, 39.0, 38.0, 28.0, 13.0]","[48.3, 39.86, 38.76, 27.83, 12.72]","[0.48, 0.4, 0.39, 0.31, 0.12]","[0.69, 0.55, 0.26]","[0.69, 0.55, 0.26]","[3.18, 2.78, 2.76, 2.37, 0.67]","[3.2, 2.82, 2.79, 2.37, 0.67]","[3.15, 2.77, 2.75, 2.33, 0.67]","[6.83, 5.09, 2.48, 1.29]","[12.32, 8.86, 5.2, 0.92]","[143.0, 105.0, 56.0, 31.0]","[181.0, 132.0, 83.0, 35.0]",[0.0],[0.0],[0.0],[0.0],[0.0],[0.0]
['8478856'],['2025'],['Conor Garland'],['VAN'],['R'],['all'],"['4', '3', '2', '1']","[4544.0, 3288.0, 2171.0, 1102.0]","[95.0, 71.0, 48.0, 26.0]","[3.14, 1.67, 1.61, 0.93, 0.9]","[0.72, 0.48, 0.41, 0.32]","[0.5, 0.35, 0.34, 0.32]","[0.58, 0.51, 0.5, 0.41]","[0.43, 0.41]","[0.58, 0.48, 0.47, 0.37]","[0.49, 0.44, 0.43]","[7.0, 5.0, 4.0, 1.0]","[12.17, 8.97, 3.12, 0.72]","[1.46, 1.03, 0.56, 0.03]","[0.94, 0.61, 0.23, 0.04]","[2.43, 1.79, 0.6, 0.18]","[0.42, 0.28, 0.1, 0.02]","[6.64, 4.57, 1.53, 0.44]","[5.11, 3.71, 0.98, 0.29]","[1.44, 1.01, 0.55, 0.03]","[1.52, 1.05, 0.59, 0.03]","[1.5, 1.02, 0.58, 0.03]","[1.0, 0.0]",[1.0],"[12.0, 9.0, 4.0, 1.0]","[5.0, 3.0, 0.0]","[4.0, 3.0, 1.0]","[21.0, 15.0, 7.0, 2.0]","[3.0, 1.0]","[1.0, 0.0]","[1.0, 0.0]",[0.0],"[3.0, 1.0]",[0.0],"[7.0, 5.0, 4.0, 3.0, 0.0]","[5.0, 4.0, 3.0, 0.0]","[11.0, 9.0, 4.0, 1.0]","[16.0, 12.0, 4.0, 1.0]","[1.0, 0.0]","[2.0, 0.0]","[1.0, 0.0]","[1.0, 0.0]","[1.0, 0.0]","[6.0, 4.0, 3.0, 1.0]","[12.0, 8.0, 2.0, 1.0]","[2.0, 0.0]","[3.0, 2.0, 0.0]","[0.49, 0.33, 0.08, 0.03]","[0.21, 0.0]","[0.76, 0.48, 0.0]",[0.0],[0.0],"[1.0, 0.0]","[21.18, 14.84, 7.07, 1.97]","[17.0, 12.0, 4.0, 1.0]","[17.18, 11.87, 4.09, 1.0]","[1.0, 0.0]","[0.2, 0.13, 0.05, 0.01]","[0.13, 0.0]","[0.13, 0.0]","[1.54, 1.03, 0.61, 0.04]","[1.6, 1.05, 0.64, 0.04]","[1.58, 1.03, 0.62, 0.04]","[95.0, 71.0, 48.0, 26.0]","[12.0, 9.0, 5.0, 2.0]","[25.0, 19.0, 15.0, 6.0]","[15.0, 10.0, 5.0, 4.0]","[43.0, 33.0, 23.0, 14.0]","[15.0, 13.0, 7.0, 4.0]","[13.0, 8.0, 6.0, 3.0]","[16.0, 10.0, 7.0, 6.0]","[51.0, 40.0, 28.0, 13.0]","[1.0, 0.0]","[2.0, 1.0, 0.0]","[9856.0, 7512.0, 5029.0, 2498.0]","[2.0, 0.0]",[0.0],[0.0],"[1.0, 0.0]","[40.91, 30.98, 12.52, 7.89]","[4.82, 3.27, 1.28, 0.65]","[4.65, 3.12, 1.27, 0.65]","[4.79, 3.19, 1.32, 0.66]","[4.63, 3.05, 1.31, 0.66]","[38.0, 29.0, 14.0, 10.0]","[18.0, 13.0, 3.0, 1.0]","[24.0, 14.0, 8.0, 4.0]","[80.0, 56.0, 25.0, 15.0]","[6.0, 2.0]","[3.0, 0.0]",[0.0],"[39.0, 29.0, 13.0, 9.0]","[8.0, 7.0, 1.0]","[9.0, 6.0, 3.0, 1.0]","[1.25, 1.02, 0.49, 0.34]","[0.99, 0.84, 0.1]","[2.59, 1.42, 0.69, 0.21]",[1.0],"[1.0, 0.0]","[4.0, 1.0]","[78.46, 54.15, 25.4, 15.31]","[56.0, 42.0, 17.0, 11.0]","[55.07, 40.59, 17.3, 11.19]","[0.66, 0.46, 0.17, 0.11]","[0.6, 0.0]","[0.6, 0.0]","[4.88, 3.13, 1.45, 0.76]","[4.88, 3.08, 1.49, 0.77]","[4.78, 3.0, 1.48, 0.77]","[45.83, 36.47, 35.75, 22.63, 5.83]","[5.3, 4.63, 4.62, 2.68, 0.25]","[4.99, 4.32, 4.31, 2.52, 0.25]","[5.33, 4.67, 4.65, 2.64, 0.25]","[5.02, 4.36, 4.34, 2.48, 0.25]","[38.0, 28.0, 27.0, 15.0, 3.0]","[22.0, 19.0, 14.0, 5.0]","[16.0, 9.0, 7.0, 3.0]","[76.0, 56.0, 55.0, 36.0, 11.0]","[5.0, 3.0, 1.0, 0.0]","[4.0, 3.0, 0.0]",[0.0],"[41.0, 30.0, 29.0, 17.0, 7.0]","[11.0, 10.0, 7.0, 1.0]","[8.0, 7.0, 5.0, 0.0]","[1.21, 0.84, 0.83, 0.55, 0.17]","[1.3, 1.21, 0.78, 0.09]","[2.79, 2.58, 1.34, 0.0]","[1.0, 0.0]","[1.0, 0.0]","[3.0, 2.0, 0.0]","[76.9, 57.91, 56.8, 35.87, 10.89]","[60.0, 47.0, 46.0, 29.0, 8.0]","[61.37, 48.81, 47.71, 29.03, 7.97]","[0.71, 0.58, 0.42, 0.1]","[0.48, 0.32, 0.0]","[0.48, 0.32, 0.0]","[5.53, 4.73, 4.71, 2.78, 0.35]","[5.54, 4.76, 4.74, 2.74, 0.35]","[5.28, 4.5, 4.48, 2.64, 0.35]","[5.34, 3.86, 2.42, 1.44]","[10.41, 7.3, 5.14, 1.47]","[131.0, 95.0, 62.0, 31.0]","[175.0, 134.0, 88.0, 44.0]",[0.0],[0.0],[0.0],[0.0],[0.0],[0.0]
['8475169'],['2025'],['Evander Kane'],['VAN'],['L'],['all'],"['4', '3', '2', '1']","[4045.0, 2984.0, 2129.0, 1000.0]","[74.0, 53.0, 34.0, 15.0]","[2.71, 1.67, 1.31, 1.04]","[0.45, 0.41, 0.39]","[0.61, 0.38, 0.33, 0.28]","[0.58, 0.55, 0.51, 0.5]","[0.44, 0.43, 0.38, 0.35]","[0.58, 0.56, 0.55, 0.5]","[0.49, 0.43, 0.39, 0.36]","[17.0, 11.0, 4.0, 3.0]","[11.55, 9.24, 5.55, 3.68]","[0.66, 0.54, 0.21, 0.14]","[0.85, 0.69, 0.39, 0.28]","[2.75, 2.28, 1.5, 1.08]","[0.48, 0.41, 0.29, 0.19]","[7.1, 5.81, 3.76, 2.43]","[5.17, 4.27, 2.84, 1.89]","[0.6, 0.48, 0.21, 0.14]","[0.64, 0.51, 0.21, 0.14]","[0.58, 0.46, 0.2, 0.13]","[2.0, 1.0]",[0.0],"[9.0, 7.0, 5.0, 4.0]","[8.0, 7.0, 4.0, 2.0]","[4.0, 3.0, 1.0, 0.0]","[21.0, 17.0, 10.0, 6.0]","[2.0, 1.0]",[0.0],"[2.0, 1.0, 0.0]",[0.0],"[2.0, 1.0]",[0.0],"[3.0, 2.0, 0.0]","[10.0, 8.0, 7.0, 5.0]","[9.0, 7.0, 5.0, 4.0]","[17.0, 14.0, 9.0, 6.0]","[2.0, 0.0]","[4.0, 0.0]","[2.0, 1.0, 0.0]","[15.0, 12.0, 9.0, 4.0]",[1.0],[3.0],"[15.0, 12.0, 9.0, 6.0]","[2.0, 0.0]",[0.0],"[0.41, 0.29, 0.21, 0.14]","[0.25, 0.0]",[0.0],[0.0],[0.0],[0.0],"[20.59, 16.2, 10.0, 6.07]","[17.0, 14.0, 9.0, 6.0]","[16.85, 13.45, 8.99, 6.06]",[0.0],"[0.18, 0.15, 0.09, 0.06]","[0.24, 0.03, 0.0]",[0.01],"[0.83, 0.68, 0.28, 0.19]","[0.81, 0.64, 0.28, 0.19]","[0.74, 0.58, 0.28, 0.18]","[74.0, 53.0, 34.0, 15.0]","[15.0, 13.0, 7.0, 4.0]","[10.0, 7.0, 5.0, 2.0]","[11.0, 6.0, 3.0, 1.0]","[38.0, 27.0, 19.0, 8.0]","[17.0, 10.0, 6.0, 2.0]","[10.0, 7.0, 6.0, 2.0]","[13.0, 10.0, 7.0, 4.0]","[34.0, 26.0, 15.0, 7.0]","[2.0, 1.0, 0.0]","[3.0, 1.0]","[10355.0, 7816.0, 5071.0, 2600.0]","[4.0, 0.0]","[10.0, 4.0, 0.0]","[5.0, 2.0, 0.0]","[2.0, 1.0, 0.0]","[39.5, 31.71, 16.67, 6.89]","[4.03, 3.03, 1.56, 0.4]","[3.88, 2.88, 1.56, 0.4]","[4.04, 2.97, 1.61, 0.41]","[3.91, 2.84, 1.61, 0.4]","[36.0, 28.0, 15.0, 8.0]","[18.0, 16.0, 9.0, 3.0]","[20.0, 17.0, 11.0, 3.0]","[74.0, 61.0, 35.0, 14.0]","[4.0, 1.0]","[5.0, 2.0, 1.0]",[0.0],"[38.0, 32.0, 19.0, 10.0]","[9.0, 7.0, 2.0, 1.0]","[7.0, 5.0, 3.0, 0.0]","[1.2, 0.98, 0.62, 0.32]","[1.14, 0.85, 0.22, 0.09]","[1.69, 1.2, 0.72, 0.0]",[1.0],"[1.0, 0.0]","[2.0, 0.0]","[73.0, 59.17, 35.36, 14.28]","[54.0, 44.0, 24.0, 11.0]","[53.27, 42.49, 24.18, 11.11]","[0.59, 0.49, 0.26, 0.12]","[0.64, 0.04, 0.01]","[0.64, 0.04, 0.01]","[3.98, 2.88, 1.78, 0.51]","[4.03, 2.85, 1.83, 0.51]","[3.95, 2.77, 1.83, 0.51]","[41.92, 27.14, 15.43, 6.19]","[5.86, 3.75, 2.42, 0.63]","[5.43, 3.55, 2.37, 0.59]","[5.83, 3.8, 2.39, 0.64]","[5.41, 3.59, 2.33, 0.6]","[37.0, 25.0, 14.0, 6.0]","[17.0, 10.0, 6.0, 2.0]","[18.0, 10.0, 9.0, 6.0]","[72.0, 45.0, 29.0, 14.0]","[3.0, 1.0, 0.0]","[9.0, 4.0, 3.0, 1.0]",[0.0],"[29.0, 21.0, 11.0, 5.0]","[16.0, 8.0, 4.0, 2.0]","[9.0, 6.0, 5.0, 1.0]","[0.78, 0.53, 0.31, 0.12]","[2.19, 1.19, 0.57, 0.29]","[2.88, 2.03, 1.54, 0.23]",[0.0],"[1.0, 0.0]","[2.0, 1.0, 0.0]","[72.58, 46.58, 28.92, 14.05]","[54.0, 35.0, 20.0, 8.0]","[55.28, 36.7, 20.13, 8.18]","[0.54, 0.34, 0.2, 0.06]","[1.83, 0.67, 0.51, 0.23]","[1.83, 0.67, 0.51, 0.23]","[4.57, 3.42, 2.12, 0.46]","[4.58, 3.47, 2.08, 0.47]","[4.41, 3.31, 2.08, 0.47]","[6.13, 4.1, 2.14, 1.69]","[9.85, 8.18, 8.16, 5.39, 1.09]","[137.0, 90.0, 52.0, 32.0]","[179.0, 145.0, 144.0, 95.0, 41.0]",[0.0],[0.0],[0.0],[0.0],[0.0],[0.0]
['8481024'],['2025'],['Linus Karlsson'],['VAN'],['C'],['all'],['1'],[464.0],[12.0],[0.89],[0.78],[0.4],[0.88],[0.43],[0.85],[0.4],[11.0],[1.51],[0.04],[0.07],[0.4],[0.05],[0.86],[0.58],[0.04],[0.05],[0.05],[0.0],[0.0],[1.0],[1.0],[0.0],[2.0],[0.0],[0.0],[0.0],[0.0],[0.0],[0.0],[2.0],[0.0],[1.0],[2.0],[0.0],[0.0],[1.0],[1.0],[0.0],[0.0],[2.0],[0.0],[0.0],[0.04],[0.0],[0.0],[0.0],[0.0],[0.0],[2.13],[2.0],[2.11],[0.0],[0.01],[0.0],[0.0],[0.06],[0.06],[0.06],[12.0],[1.0],[0.0],[0.0],[11.0],[5.0],[1.0],[1.0],[5.0],[1.0],[0.0],[3136.0],[0.0],[0.0],[0.0],[0.0],[8.13],[0.58],[0.58],[0.62],[0.62],[7.0],[4.0],[4.0],[15.0],[1.0],[1.0],[0.0],[9.0],[1.0],[1.0],[0.22],[0.14],[0.21],[0.0],[0.0],[1.0],[15.96],[11.0],[11.8],[0.08],[0.03],[0.03],[0.63],[0.67],[0.67],[1.59],[0.17],[0.17],[0.15],[0.15],[1.0],[1.0],[0.0],[2.0],[0.0],[0.0],[0.0],[1.0],[1.0],[0.0],[0.07],[0.09],[0.0],[0.0],[0.0],[0.0],[1.83],[2.0],[1.83],[0.02],[0.0],[0.0],[0.18],[0.17],[0.17],[2.46],[3.61],[45.0],[59.0],[0.0],[0.0],[0.0],[0.0],[0.0],[0.0]
['8483476'],['2025'],['Jonathan Lekkerimki'],['VAN'],['R'],['all'],"['3', '2', '1']","[2129.0, 1400.0, 822.0]","[42.0, 29.0, 18.0]","[0.88, 0.85, 0.07]","[0.29, 0.18, 0.17]","[0.6, 0.43, 0.35]","[0.4, 0.38, 0.34]","[0.48, 0.47, 0.41]","[0.35, 0.33, 0.31]","[0.57, 0.47, 0.43]","[32.0, 21.0, 9.0]","[3.78, 1.52]","[0.15, 0.07]","[0.18, 0.08]","[0.96, 0.37]","[0.12, 0.04]","[1.98, 0.8]","[1.61, 0.64]","[0.15, 0.07]","[0.16, 0.07]","[0.16, 0.07]",[0.0],[0.0],"[3.0, 2.0]","[2.0, 0.0]","[2.0, 1.0]","[7.0, 6.0, 3.0]",[1.0],[1.0],[0.0],[0.0],[1.0],[0.0],"[2.0, 0.0]","[1.0, 0.0]","[2.0, 1.0]","[4.0, 1.0]",[0.0],[0.0],[0.0],"[4.0, 2.0]",[0.0],"[3.0, 2.0, 1.0]","[5.0, 2.0]",[0.0],[0.0],"[0.15, 0.07]",[0.0],[0.0],[1.0],[0.0],[0.0],"[6.99, 6.14, 3.16]","[5.0, 2.0]","[5.05, 2.09]",[0.0],"[0.04, 0.02]",[0.0],[0.0],"[0.19, 0.08]","[0.2, 0.09]","[0.2, 0.09]","[42.0, 29.0, 18.0]","[5.0, 4.0, 1.0]",[1.0],"[4.0, 3.0, 2.0]","[32.0, 21.0, 14.0]","[10.0, 9.0, 6.0]","[5.0, 3.0]","[2.0, 1.0]","[25.0, 16.0, 8.0]",[0.0],[0.0],"[8671.0, 5800.0, 2778.0]",[0.0],[4.0],[2.0],"[2.0, 1.0, 0.0]","[11.88, 8.11, 3.7]","[0.69, 0.35, 0.18]","[0.68, 0.35, 0.18]","[0.69, 0.35, 0.19]","[0.68, 0.35, 0.19]","[10.0, 7.0, 5.0]","[6.0, 4.0, 0.0]","[8.0, 6.0, 4.0]","[24.0, 17.0, 9.0]",[1.0],"[1.0, 0.0]",[0.0],"[14.0, 11.0, 5.0]","[2.0, 0.0]",[0.0],"[0.48, 0.35, 0.18]","[0.21, 0.0]",[0.0],[1.0],[0.0],[0.0],"[23.97, 17.32, 9.24]","[16.0, 11.0, 5.0]","[15.91, 11.11, 5.13]","[0.14, 0.09, 0.04]","[0.13, 0.0]","[0.13, 0.0]","[0.71, 0.43, 0.23]","[0.71, 0.44, 0.23]","[0.71, 0.44, 0.23]","[24.9, 24.89, 15.03, 7.72]","[3.27, 1.61, 0.46]","[2.97, 1.54, 0.46]","[3.35, 1.58, 0.47]","[3.04, 1.5, 0.47]","[20.0, 11.0, 6.0]","[13.0, 9.0, 5.0]","[13.0, 5.0, 4.0]","[46.0, 25.0, 15.0]","[1.0, 0.0]","[4.0, 2.0, 0.0]",[0.0],"[18.0, 12.0, 9.0]","[11.0, 5.0, 2.0]","[4.0, 3.0, 0.0]","[0.5, 0.49, 0.27, 0.2]","[1.55, 0.61, 0.26]","[1.22, 0.74, 0.0]",[0.0],[0.0],"[1.0, 0.0]","[48.06, 24.68, 14.86]","[33.0, 20.0, 11.0]","[34.31, 19.88, 11.0]","[0.37, 0.21, 0.08]","[0.87, 0.52, 0.0]","[0.87, 0.52, 0.0]","[2.76, 1.3, 0.54]","[2.84, 1.29, 0.55]","[2.67, 1.28, 0.55]","[6.44, 3.35, 1.91]","[8.66, 8.65, 6.21, 1.26]","[127.0, 70.0, 37.0]","[144.0, 143.0, 99.0, 40.0]",[0.0],[0.0],[0.0],[0.0],[0.0],[0.0]
['8482055'],['2025'],"[""Drew O'Connor""]",['VAN'],['L'],['all'],"['4', '3', '2', '1']","[3258.0, 2456.0, 1638.0, 812.0]","[70.0, 52.0, 36.0, 18.0]","[1.31, 1.2, 0.28, 0.07]","[0.6, 0.3, 0.2, 0.19]","[0.54, 0.45, 0.42, 0.33]","[0.5, 0.49, 0.35]","[0.48, 0.47, 0.44, 0.4]","[0.6, 0.5, 0.39, 0.35]","[0.49, 0.47, 0.46, 0.4]","[34.0, 26.0, 17.0, 10.0]","[2.9, 1.46, 0.73]","[0.13, 0.05, 0.02]","[0.15, 0.08, 0.02]","[0.58, 0.29, 0.14]","[0.09, 0.05, 0.02]","[1.35, 0.66, 0.23]","[1.69, 0.86, 0.57]","[0.13, 0.05, 0.02]","[0.13, 0.05, 0.02]","[0.13, 0.05, 0.02]",[1.0],[0.0],"[2.0, 1.0]","[2.0, 1.0, 0.0]","[3.0, 0.0]","[7.0, 4.0, 2.0, 1.0]",[1.0],[0.0],[0.0],[0.0],[0.0],[0.0],"[2.0, 1.0, 0.0]","[2.0, 1.0]","[2.0, 1.0]","[4.0, 2.0, 1.0]","[2.0, 1.0]","[4.0, 2.0]","[5.0, 2.0]","[2.0, 1.0]","[1.0, 0.0]","[4.0, 2.0, 0.0]","[4.0, 2.0, 1.0]",[0.0],[0.0],"[0.13, 0.05, 0.02]",[0.0],[0.0],[0.0],[0.0],[0.0],"[6.74, 3.86, 1.98, 1.0]","[4.0, 2.0, 1.0]","[3.85, 1.96, 1.0]","[1.0, 0.0]","[0.03, 0.02, 0.01]",[0.0],[0.0],"[0.16, 0.07, 0.03]","[0.15, 0.07, 0.03]","[0.15, 0.07, 0.03]","[70.0, 52.0, 36.0, 18.0]","[9.0, 6.0, 3.0]","[4.0, 3.0, 0.0]","[8.0, 5.0, 3.0]","[49.0, 38.0, 22.0, 12.0]","[9.0, 7.0, 3.0]","[11.0, 6.0, 3.0, 1.0]","[13.0, 10.0, 8.0, 6.0]","[37.0, 27.0, 18.0, 8.0]","[5.0, 2.0]","[3.0, 2.0, 0.0]","[11142.0, 8344.0, 5562.0, 2788.0]","[4.0, 2.0]","[4.0, 2.0]","[2.0, 1.0]","[3.0, 2.0, 0.0]","[16.55, 14.06, 10.27, 6.6]","[0.97, 0.81, 0.5, 0.36]","[0.96, 0.8, 0.49, 0.35]","[0.98, 0.81, 0.5, 0.37]","[0.97, 0.8, 0.49, 0.36]","[12.0, 10.0, 7.0, 6.0]","[11.0, 9.0, 7.0, 3.0]","[10.0, 5.0, 4.0, 2.0]","[33.0, 24.0, 18.0, 11.0]","[3.0, 2.0]",[1.0],[1.0],"[21.0, 17.0, 13.0, 8.0]","[2.0, 1.0]",[0.0],"[0.68, 0.52, 0.38, 0.25]","[0.29, 0.12]",[0.0],[1.0],"[2.0, 1.0]",[0.0],"[33.17, 24.21, 18.57, 11.51]","[23.0, 19.0, 14.0, 9.0]","[23.16, 19.03, 14.23, 9.28]","[0.2, 0.16, 0.11, 0.07]",[0.12],[0.12],"[1.06, 0.85, 0.48, 0.32]","[1.07, 0.85, 0.49, 0.32]","[1.07, 0.85, 0.49, 0.32]","[32.43, 22.56, 10.1, 3.69]","[4.26, 3.31, 1.18, 0.24]","[4.05, 3.14, 1.12, 0.24]","[4.37, 3.43, 1.16, 0.24]","[4.15, 3.26, 1.1, 0.24]","[27.0, 17.0, 6.0, 0.0]","[16.0, 13.0, 8.0, 6.0]","[18.0, 14.0, 5.0]","[61.0, 44.0, 19.0, 11.0]","[4.0, 2.0, 0.0]","[4.0, 3.0, 1.0, 0.0]",[0.0],"[27.0, 17.0, 9.0, 6.0]","[12.0, 10.0, 3.0, 0.0]","[4.0, 3.0, 2.0, 0.0]","[1.09, 0.67, 0.39, 0.24]","[1.72, 1.41, 0.31, 0.0]","[1.45, 1.23, 0.48, 0.0]","[2.0, 0.0]","[1.0, 0.0]","[1.0, 0.0]","[63.4, 46.86, 18.85, 10.89]","[43.0, 30.0, 14.0, 6.0]","[44.49, 31.84, 13.97, 5.98]","[0.57, 0.4, 0.21, 0.06]","[0.83, 0.61, 0.26, 0.0]","[0.83, 0.61, 0.26, 0.0]","[4.0, 3.09, 1.13, 0.3]","[4.09, 3.21, 1.12, 0.31]","[4.02, 3.15, 1.11, 0.3]","[9.19, 6.32, 3.21, 1.73]","[11.45, 8.62, 8.61, 6.64, 1.48]","[178.0, 127.0, 69.0, 35.0]","[190.0, 146.0, 145.0, 105.0, 44.0]",[0.0],[0.0],[0.0],[0.0],[0.0],[0.0]
['8480012'],['2025'],['Elias Pettersson'],['VAN'],['C'],['all'],"['4', '3', '2', '1']","[4106.0, 2873.0, 1937.0, 939.0]","[82.0, 58.0, 40.0, 19.0]","[1.71, 1.09, 0.98]","[0.65, 0.6, 0.54, 0.44]","[0.51, 0.33, 0.32, 0.28]","[0.54, 0.53, 0.5, 0.48]","[0.45, 0.42, 0.41, 0.38]","[0.55, 0.54, 0.53, 0.5]","[0.5, 0.42, 0.41, 0.38]","[20.0, 17.0, 11.0, 5.0]","[4.36, 3.76, 2.9, 2.1]","[0.46, 0.44, 0.23, 0.2]","[0.29, 0.25, 0.19, 0.14]","[1.05, 0.9, 0.68, 0.52]","[0.15, 0.13, 0.09, 0.07]","[2.42, 1.98, 1.73, 1.18]","[1.62, 1.3, 1.08, 0.89]","[0.43, 0.41, 0.22, 0.2]","[0.44, 0.42, 0.23, 0.2]","[0.41, 0.39, 0.22, 0.2]",[1.0],"[1.0, 0.0]","[4.0, 3.0, 2.0, 1.0]",[2.0],"[2.0, 1.0]","[8.0, 6.0, 5.0, 4.0]","[2.0, 1.0]",[0.0],[0.0],[0.0],[0.0],[0.0],"[3.0, 2.0, 1.0]","[3.0, 2.0]","[4.0, 3.0, 2.0, 1.0]","[6.0, 5.0, 4.0, 3.0]","[1.0, 0.0]","[2.0, 0.0]","[27.0, 17.0, 10.0, 7.0]","[6.0, 4.0, 3.0]","[3.0, 2.0, 0.0]","[2.0, 1.0, 0.0]","[4.0, 3.0, 2.0]",[1.0],"[1.0, 0.0]","[0.12, 0.1, 0.08]",[0.13],"[0.21, 0.0]",[0.0],[0.0],[0.0],"[7.93, 5.95, 5.07, 4.07]","[6.0, 5.0, 4.0, 3.0]","[5.87, 4.91, 4.02, 3.02]",[0.0],"[0.07, 0.06, 0.05, 0.03]",[0.0],"[0.21, 0.0]","[0.32, 0.29, 0.28, 0.23]","[0.32, 0.29, 0.28, 0.23]","[0.31, 0.28, 0.27, 0.23]","[82.0, 58.0, 40.0, 19.0]","[14.0, 11.0, 7.0, 3.0]","[17.0, 10.0, 8.0, 3.0]","[18.0, 13.0, 10.0, 5.0]","[33.0, 24.0, 15.0, 8.0]","[6.0, 3.0, 2.0]","[10.0, 5.0, 4.0, 2.0]","[13.0, 8.0, 7.0, 3.0]","[53.0, 42.0, 27.0, 12.0]","[27.0, 17.0, 10.0, 7.0]","[41.0, 26.0, 21.0, 6.0]","[10294.0, 7927.0, 5263.0, 2661.0]","[2.0, 0.0]",[2.0],[1.0],"[8.0, 5.0, 3.0, 0.0]","[34.34, 24.84, 15.26, 8.62]","[3.8, 2.38, 1.36, 0.7]","[3.64, 2.23, 1.31, 0.65]","[3.77, 2.31, 1.38, 0.7]","[3.62, 2.18, 1.33, 0.65]","[27.0, 17.0, 12.0, 7.0]","[21.0, 17.0, 9.0, 5.0]","[23.0, 14.0, 9.0, 1.0]","[71.0, 48.0, 30.0, 13.0]","[5.0, 2.0, 1.0]","[3.0, 2.0, 1.0]",[0.0],"[35.0, 24.0, 16.0, 9.0]","[7.0, 3.0, 2.0]","[6.0, 3.0, 2.0, 1.0]","[1.13, 0.88, 0.56, 0.27]","[0.83, 0.34, 0.21]","[1.84, 0.67, 0.45, 0.21]","[2.0, 1.0]",[0.0],"[3.0, 0.0]","[70.26, 46.87, 30.43, 13.42]","[48.0, 34.0, 21.0, 12.0]","[47.52, 32.98, 21.21, 12.23]","[0.58, 0.4, 0.25, 0.12]","[0.46, 0.24, 0.21]","[0.46, 0.24, 0.21]","[3.92, 2.31, 1.36, 0.6]","[3.9, 2.26, 1.39, 0.6]","[3.79, 2.17, 1.37, 0.59]","[29.37, 21.4, 21.39, 14.92, 6.59]","[2.56, 2.0, 1.99, 1.73, 0.38]","[2.46, 1.9, 1.65, 0.38]","[2.57, 2.02, 1.73, 0.38]","[2.47, 1.92, 1.65, 0.38]","[26.0, 17.0, 11.0, 4.0]","[15.0, 13.0, 10.0, 6.0]","[20.0, 13.0, 9.0, 4.0]","[61.0, 43.0, 30.0, 14.0]","[4.0, 2.0, 1.0, 0.0]","[1.0, 0.0]","[1.0, 0.0]","[31.0, 21.0, 13.0, 8.0]","[7.0, 6.0, 2.0]","[3.0, 2.0, 0.0]","[0.85, 0.5, 0.37, 0.17]","[0.81, 0.67, 0.21]","[0.9, 0.69, 0.0]","[1.0, 0.0]","[1.0, 0.0]","[2.0, 1.0, 0.0]","[61.0, 43.86, 29.58, 13.6]","[41.0, 30.0, 21.0, 10.0]","[41.5, 30.75, 20.83, 9.76]","[0.45, 0.34, 0.26, 0.1]","[0.14, 0.0]","[0.14, 0.0]","[2.87, 2.19, 1.99, 0.48]","[2.88, 2.21, 1.99, 0.49]","[2.75, 2.09, 2.08, 1.89, 0.49]","[6.37, 4.75, 2.34, 1.4]","[13.15, 9.94, 9.92, 6.09, 1.34]","[140.0, 103.0, 57.0, 33.0]","[190.0, 147.0, 146.0, 94.0, 41.0]",[0.0],[0.0],[0.0],[0.0],[0.0],[0.0]
['8482691'],['2025'],['Aatu Raty'],['VAN'],['C'],['all'],"['4', '3', '2', '1']","[2707.0, 2170.0, 1335.0, 674.0]","[69.0, 55.0, 36.0, 19.0]","[1.51, 0.76, 0.33, 0.21]","[0.53, 0.43, 0.28, 0.2]","[0.55, 0.41, 0.37, 0.34]","[0.5, 0.47, 0.39, 0.37]","[0.47, 0.45, 0.44, 0.42]","[0.54, 0.49, 0.42, 0.4]","[0.51, 0.46, 0.44, 0.43, 0.41]","[39.0, 29.0, 21.0, 12.0]",[0.78],[0.05],[0.03],[0.1],[0.02],[0.22],[0.58],[0.05],[0.05],[0.05],"[1.0, 0.0]",[0.0],[1.0],[0.0],"[2.0, 1.0]","[3.0, 2.0]","[1.0, 0.0]",[0.0],[0.0],[0.0],[0.0],[0.0],[0.0],[1.0],[1.0],[1.0],"[1.0, 0.0]","[2.0, 0.0]","[22.0, 20.0, 15.0, 6.0]","[13.0, 9.0, 4.0, 0.0]","[1.0, 0.0]","[3.0, 1.0]",[1.0],[0.0],[0.0],[0.05],[0.0],[0.0],[0.0],[0.0],[0.0],"[3.0, 2.03]",[1.0],[1.0],[0.0],[0.01],[0.0],[0.0],[0.06],[0.06],[0.06],"[69.0, 55.0, 36.0, 19.0]","[6.0, 5.0, 3.0]","[18.0, 16.0, 12.0, 4.0]","[7.0, 6.0, 4.0, 3.0]","[38.0, 28.0, 17.0, 9.0]","[10.0, 8.0, 6.0, 2.0]","[10.0, 7.0, 6.0, 1.0]","[7.0, 5.0, 4.0]","[42.0, 33.0, 19.0, 12.0]","[22.0, 20.0, 15.0, 6.0]","[18.0, 16.0, 9.0, 7.0]","[11693.0, 8630.0, 5865.0, 2926.0]","[2.0, 0.0]","[2.0, 0.0]","[1.0, 0.0]",[0.0],"[17.43, 15.74, 8.17, 5.17]","[1.14, 0.98, 0.28, 0.2]","[1.1, 0.95, 0.28, 0.2]","[1.09, 0.93, 0.28, 0.2]","[1.06, 0.9, 0.28, 0.2]","[16.0, 14.0, 8.0, 5.0]","[7.0, 3.0, 2.0]","[8.0, 3.0, 2.0]","[31.0, 29.0, 14.0, 9.0]","[2.0, 1.0]","[2.0, 0.0]",[0.0],"[19.0, 18.0, 11.0, 7.0]","[3.0, 2.0, 0.0]","[1.0, 0.0]","[0.58, 0.56, 0.28, 0.2]","[0.35, 0.22, 0.0]","[0.21, 0.0]","[2.0, 1.0]",[0.0],[0.0],"[30.16, 28.08, 14.34, 9.41]","[23.0, 21.0, 11.0, 7.0]","[22.39, 20.33, 11.11, 7.19]","[0.18, 0.15, 0.06, 0.04]","[0.3, 0.0]","[0.3, 0.0]","[1.02, 0.84, 0.34, 0.24]","[0.99, 0.8, 0.34, 0.24]","[0.97, 0.79, 0.34, 0.24]","[26.35, 15.94, 11.07, 3.83]","[2.93, 1.32, 1.12, 0.18]","[2.62, 1.22, 1.03, 0.18]","[2.89, 1.33, 1.11, 0.18]","[2.58, 1.24, 1.03, 0.18]","[22.0, 13.0, 8.0, 1.0]","[13.0, 9.0, 7.0, 5.0]","[13.0, 11.0, 9.0, 3.0]","[48.0, 33.0, 24.0, 9.0]",[0.0],"[6.0, 1.0, 0.0]",[0.0],"[22.0, 17.0, 11.0, 6.0]","[8.0, 3.0, 2.0, 0.0]","[5.0, 2.0, 0.0]","[0.63, 0.53, 0.42, 0.18]","[0.94, 0.28, 0.18, 0.0]","[1.36, 0.51, 0.0]",[0.0],[0.0],[0.0],"[47.93, 33.41, 23.71, 8.81]","[35.0, 22.0, 15.0, 6.0]","[35.05, 22.42, 14.94, 6.02]","[0.44, 0.29, 0.23, 0.09]","[1.43, 0.27, 0.0]","[1.43, 0.27, 0.0]","[1.95, 1.33, 1.07, 0.26]","[1.94, 1.35, 1.07, 0.27]","[1.88, 1.31, 1.04, 0.27]","[9.02, 6.14, 3.42, 1.89]","[12.78, 10.62, 10.6, 6.7, 1.54]","[180.0, 122.0, 73.0, 37.0]","[203.0, 157.0, 156.0, 100.0, 46.0]",[0.0],[0.0],[0.0],[0.0],[0.0],[0.0]
['8480748'],['2025'],['Kiefer Sherwood'],['VAN'],['L'],['all'],"['4', '3', '2', '1']","[3385.0, 2528.0, 1586.0, 853.0]","[79.0, 60.0, 40.0, 22.0]","[2.67, 2.32, 0.84, 0.52]","[0.52, 0.45, 0.33, 0.25]","[0.56, 0.41, 0.35, 0.33]","[0.49, 0.41, 0.39, 0.37]","[0.47, 0.43, 0.42]","[0.49, 0.44, 0.41]","[0.54, 0.46, 0.43, 0.42]","[28.0, 21.0, 16.0, 8.0]","[10.69, 9.26, 3.08, 2.29]","[1.08, 0.86, 0.09, 0.08]","[0.63, 0.52, 0.12, 0.1]","[2.75, 2.4, 0.86, 0.61]","[0.39, 0.32, 0.11, 0.08]","[5.13, 4.43, 1.62, 1.22]","[4.02, 3.48, 1.21, 0.92]","[1.06, 0.84, 0.09, 0.08]","[1.03, 0.81, 0.09, 0.08]","[1.01, 0.79, 0.09, 0.08]",[0.0],[0.0],"[9.0, 7.0, 3.0, 2.0]","[5.0, 1.0]",[1.0],"[15.0, 13.0, 5.0, 4.0]","[3.0, 1.0]","[3.0, 1.0]","[2.0, 0.0]",[0.0],"[1.0, 0.0]",[0.0],"[6.0, 5.0, 2.0, 1.0]","[2.0, 1.0]","[6.0, 4.0, 2.0, 1.0]","[11.0, 9.0, 3.0, 2.0]","[2.0, 1.0]","[4.0, 2.0]","[2.0, 1.0, 0.0]","[20.0, 16.0, 11.0, 6.0]",[1.0],"[6.0, 3.0, 1.0]","[9.0, 8.0, 4.0, 3.0]","[4.0, 3.0, 0.0]","[1.0, 0.0]","[0.32, 0.24, 0.09, 0.08]","[0.55, 0.41, 0.0]","[0.21, 0.0]","[2.0, 1.0]","[1.0, 0.0]",[0.0],"[14.55, 12.6, 5.29, 4.26]","[14.0, 12.0, 4.0, 3.0]","[13.37, 11.44, 4.09, 3.06]","[3.0, 1.0]","[0.13, 0.11, 0.02]","[0.3, 0.0]","[0.21, 0.0]","[1.0, 0.76, 0.11, 0.1]","[0.96, 0.72, 0.11, 0.1]","[0.94, 0.7, 0.11, 0.1]","[79.0, 60.0, 40.0, 22.0]","[9.0, 6.0, 4.0]","[9.0, 7.0, 5.0, 2.0]","[13.0, 10.0, 7.0, 5.0]","[48.0, 37.0, 24.0, 11.0]","[12.0, 9.0, 5.0, 3.0]","[12.0, 9.0, 8.0, 3.0]","[11.0, 10.0, 6.0, 4.0]","[44.0, 32.0, 21.0, 12.0]","[2.0, 1.0, 0.0]","[2.0, 1.0]","[11015.0, 8272.0, 5614.0, 2747.0]","[4.0, 2.0]",[2.0],[1.0],[1.0],"[24.03, 19.64, 9.76, 5.98]","[1.94, 1.6, 0.38, 0.23]","[1.9, 1.56, 0.38, 0.23]","[1.89, 1.54, 0.38, 0.23]","[1.86, 1.5, 0.38, 0.23]","[22.0, 18.0, 10.0, 6.0]","[10.0, 8.0, 3.0, 2.0]","[9.0, 8.0, 2.0, 1.0]","[41.0, 34.0, 15.0, 9.0]","[3.0, 1.0]","[2.0, 0.0]",[0.0],"[24.0, 19.0, 12.0, 7.0]","[6.0, 5.0, 1.0]","[2.0, 0.0]","[0.75, 0.55, 0.29, 0.14]","[0.73, 0.6, 0.1]","[0.46, 0.0]","[2.0, 1.0]","[1.0, 0.0]",[0.0],"[40.53, 33.04, 15.34, 9.43]","[32.0, 26.0, 13.0, 8.0]","[31.66, 25.19, 13.1, 8.21]","[0.28, 0.21, 0.08, 0.05]","[0.3, 0.0]","[0.3, 0.0]","[1.92, 1.52, 0.46, 0.28]","[1.89, 1.47, 0.46, 0.28]","[1.87, 1.45, 0.46, 0.28]","[35.89, 19.86, 14.01, 6.71]","[3.95, 1.5, 1.17, 0.29]","[3.61, 1.43, 1.11, 0.28]","[3.9, 1.53, 1.17, 0.29]","[3.57, 1.46, 1.1, 0.29]","[34.0, 19.0, 12.0, 3.0]","[13.0, 8.0, 7.0]","[12.0, 8.0, 7.0, 4.0]","[59.0, 35.0, 26.0, 14.0]","[4.0, 3.0, 2.0, 1.0]","[8.0, 2.0, 1.0]",[0.0],"[29.0, 21.0, 15.0, 10.0]","[12.0, 4.0, 2.0, 0.0]","[6.0, 2.0, 0.0]","[0.79, 0.54, 0.47, 0.29]","[1.58, 0.45, 0.19, 0.0]","[1.58, 0.51, 0.0]","[2.0, 1.0]","[2.0, 1.0, 0.0]",[0.0],"[58.7, 35.31, 25.63, 13.7]","[47.0, 27.0, 19.0, 10.0]","[47.01, 27.45, 18.9, 9.94]","[0.62, 0.34, 0.28, 0.13]","[1.67, 0.3, 0.03]","[1.67, 0.3, 0.03]","[2.9, 1.55, 1.16, 0.39]","[2.89, 1.58, 1.15, 0.4]","[2.85, 1.56, 1.14, 0.39]","[8.22, 5.53, 3.32, 1.86]","[11.76, 10.43, 10.41, 6.65, 1.44]","[170.0, 117.0, 72.0, 37.0]","[192.0, 155.0, 154.0, 98.0, 41.0]",[0.0],[0.0],[0.0],[0.0],[0.0],[0.0]
['8475762'],['2025'],['Derek Forbort'],['VAN'],['D'],['all'],"['2', '1']","[1672.0, 917.0]","[39.0, 21.0]","[-0.05, -0.53]","[0.62, 0.2]","[0.54, 0.35]","[0.4, 0.24]","[0.47, 0.45]","[0.5, 0.26]","[0.52, 0.44]","[10.0, 5.0]","[0.78, 0.0]","[0.07, 0.0]","[0.04, 0.0]","[0.15, 0.0]","[0.02, 0.0]","[0.4, 0.0]","[0.32, 0.0]","[0.07, 0.0]","[0.07, 0.0]","[0.07, 0.0]",[0.0],[0.0],"[1.0, 0.0]",[0.0],[0.0],"[1.0, 0.0]",[0.0],[0.0],[0.0],[0.0],[0.0],[0.0],[0.0],"[1.0, 0.0]","[1.0, 0.0]","[1.0, 0.0]","[1.0, 0.0]","[2.0, 0.0]",[0.0],"[2.0, 1.0]",[0.0],"[5.0, 2.0]","[1.0, 0.0]",[0.0],[0.0],"[0.07, 0.0]",[0.0],[0.0],[0.0],[0.0],[0.0],"[0.97, 0.0]","[1.0, 0.0]","[0.96, 0.0]","[4.0, 1.0]","[0.01, 0.0]",[0.0],[0.0],"[0.08, 0.0]","[0.08, 0.0]","[0.08, 0.0]","[39.0, 21.0]","[4.0, 3.0]","[7.0, 4.0]","[5.0, 4.0]","[23.0, 10.0]","[2.0, 1.0]","[5.0, 1.0]",[6.0],"[26.0, 13.0]",[0.0],[0.0],"[5528.0, 2683.0]","[2.0, 0.0]",[0.0],[0.0],"[4.0, 2.0]","[4.64, 3.06]","[0.49, 0.17]","[0.49, 0.17]","[0.51, 0.17]","[0.51, 0.17]","[5.0, 3.0]",[1.0],[2.0],"[8.0, 6.0]",[1.0],[0.0],[0.0],"[5.0, 4.0]",[0.0],"[1.0, 0.0]","[0.24, 0.17]",[0.0],"[0.25, 0.0]",[1.0],[0.0],[0.0],"[8.4, 6.39]","[6.0, 4.0]","[6.07, 4.07]","[0.05, 0.03]",[0.0],[0.0],"[0.54, 0.2]","[0.56, 0.2]","[0.56, 0.2]","[13.3, 2.86]","[1.98, 0.1]","[1.9, 0.1]","[1.92, 0.1]","[1.84, 0.1]","[11.0, 2.0]","[6.0, 2.0]","[9.0, 5.0]","[26.0, 9.0]",[1.0],"[2.0, 0.0]",[0.0],"[10.0, 4.0]","[2.0, 0.0]","[5.0, 0.0]","[0.34, 0.1]","[0.25, 0.0]","[1.38, 0.0]",[1.0],[0.0],[0.0],"[25.44, 8.63]","[17.0, 4.0]","[16.86, 3.95]","[0.22, 0.04]","[0.52, 0.0]","[0.52, 0.0]","[1.68, 0.14]","[1.64, 0.14]","[1.63, 0.14]","[3.21, 1.92]","[5.84, 1.62]","[79.0, 40.0]","[98.0, 46.0]",[0.0],[0.0],[0.0],[0.0],[0.0],[0.0]
['8479425'],['2025'],['Filip Hronek'],['VAN'],['D'],['all'],"['4', '3', '2', '1']","[5818.0, 4411.0, 2951.0, 1312.0]","[108.0, 80.0, 57.0, 28.0]","[2.35, 0.65, 0.63, 0.6, 0.33]","[0.6, 0.4, 0.33]","[0.5, 0.39, 0.35, 0.32]","[0.51, 0.5, 0.49, 0.47]","[0.43, 0.42, 0.4, 0.37]","[0.55, 0.48, 0.47, 0.44]","[0.49, 0.44, 0.42, 0.4]","[8.0, 5.0, 3.0, 2.0]","[5.52, 4.9, 2.88]","[0.25, 0.23, 0.12]","[0.32, 0.29, 0.16]","[1.86, 1.68, 0.94]","[0.2, 0.18, 0.09]","[3.25, 2.79, 1.64]","[2.12, 1.83, 1.05]","[0.22, 0.21, 0.12]","[0.24, 0.23, 0.12]","[0.22, 0.2, 0.12]",[0.0],"[2.0, 0.0]","[4.0, 3.0]","[4.0, 3.0, 1.0]","[9.0, 6.0, 3.0, 1.0]","[17.0, 13.0, 7.0, 5.0]","[2.0, 0.0]",[0.0],[1.0],[0.0],[1.0],[0.0],"[3.0, 1.0]","[3.0, 2.0, 1.0]","[4.0, 3.0]","[8.0, 7.0, 4.0]","[1.0, 0.0]","[2.0, 0.0]",[0.0],"[11.0, 8.0, 5.0, 3.0]","[5.0, 3.0, 1.0]","[7.0, 6.0, 3.0, 1.0]","[7.0, 6.0, 4.0]","[1.0, 0.0]",[0.0],"[0.16, 0.15, 0.12]","[0.09, 0.0]",[0.0],[0.0],[0.0],[0.0],"[17.0, 12.61, 7.18, 5.15]","[8.0, 7.0, 4.0]","[7.95, 6.92, 4.17]","[6.0, 5.0, 3.0, 1.0]","[0.06, 0.03]",[0.21],"[0.09, 0.0]","[0.22, 0.21, 0.15]","[0.22, 0.2, 0.15]","[0.21, 0.2, 0.15]","[108.0, 80.0, 57.0, 28.0]","[20.0, 11.0, 9.0, 2.0]","[14.0, 11.0, 9.0, 4.0]","[22.0, 16.0, 12.0, 8.0]","[52.0, 42.0, 27.0, 14.0]","[11.0, 9.0, 6.0, 5.0]","[17.0, 11.0, 7.0, 1.0]","[17.0, 13.0, 9.0, 5.0]","[63.0, 47.0, 35.0, 17.0]",[0.0],[0.0],"[8582.0, 6389.0, 4249.0, 2288.0]","[2.0, 0.0]",[0.0],[0.0],"[7.0, 6.0, 4.0, 2.0]","[50.68, 41.06, 22.43, 12.94]","[4.3, 3.41, 1.58, 1.1]","[4.11, 3.22, 1.53, 1.05]","[4.25, 3.31, 1.6, 1.11]","[4.07, 3.13, 1.55, 1.06]","[43.0, 35.0, 19.0, 14.0]","[25.0, 20.0, 11.0, 3.0]","[31.0, 23.0, 14.0, 4.0]","[99.0, 78.0, 44.0, 21.0]","[5.0, 2.0, 1.0]","[6.0, 2.0, 1.0]",[0.0],"[52.0, 42.0, 26.0, 13.0]","[9.0, 8.0, 2.0]","[7.0, 5.0, 2.0]","[1.68, 1.43, 0.94, 0.45]","[1.03, 0.88, 0.22]","[1.58, 1.1, 0.43]","[1.0, 0.0]","[1.0, 0.0]","[3.0, 1.0]","[97.81, 75.66, 44.54, 21.58]","[68.0, 55.0, 30.0, 17.0]","[67.03, 53.21, 30.26, 17.43]","[0.72, 0.59, 0.32, 0.17]","[0.88, 0.24, 0.21]","[0.88, 0.24, 0.21]","[4.14, 3.12, 1.66, 1.05]","[4.11, 3.04, 1.67, 1.06]","[4.01, 2.94, 1.65, 1.05]","[58.16, 45.36, 44.64, 27.93, 9.71]","[6.42, 5.03, 5.02, 3.27, 0.72]","[6.07, 4.72, 4.71, 3.19, 0.72]","[6.51, 5.15, 5.13, 3.25, 0.73]","[6.14, 4.83, 4.81, 3.16, 0.73]","[53.0, 41.0, 40.0, 23.0, 7.0]","[25.0, 20.0, 15.0, 7.0]","[23.0, 19.0, 12.0, 6.0]","[101.0, 80.0, 79.0, 50.0, 20.0]","[4.0, 3.0, 1.0, 0.0]","[4.0, 3.0, 1.0, 0.0]",[0.0],"[48.0, 37.0, 36.0, 21.0, 10.0]","[23.0, 19.0, 14.0, 4.0]","[7.0, 5.0, 3.0, 0.0]","[1.32, 0.93, 0.91, 0.66, 0.27]","[2.89, 2.33, 1.54, 0.45]","[2.21, 1.78, 1.07, 0.0]",[0.0],"[1.0, 0.0]","[3.0, 2.0, 1.0, 0.0]","[103.16, 82.93, 81.82, 49.57, 19.63]","[78.0, 61.0, 60.0, 38.0, 14.0]","[79.64, 63.33, 62.23, 37.94, 13.94]","[0.88, 0.66, 0.65, 0.45, 0.13]","[0.6, 0.38, 0.02, 0.0]","[0.6, 0.38, 0.02, 0.0]","[6.71, 5.31, 5.29, 3.7, 0.85]","[6.76, 5.4, 5.38, 3.67, 0.87]","[6.48, 5.13, 5.11, 3.57, 0.87]","[5.87, 3.72, 2.12, 0.99]","[9.29, 6.9, 4.55, 1.0]","[112.0, 73.0, 43.0, 25.0]","[150.0, 110.0, 74.0, 35.0]",[0.0],[0.0],[0.0],[0.0],[0.0],[0.0]
['8480800'],['2025'],['Quinn Hughes'],['VAN'],['D'],['all'],"['4', '3', '2', '1']","[6178.0, 4657.0, 3065.0, 1507.0]","[91.0, 67.0, 46.0, 21.0]","[3.65, 1.7, 1.65, 1.33, 0.23]","[0.56, 0.52]","[0.51, 0.28, 0.25, 0.12]","[0.57, 0.56, 0.5]","[0.41, 0.36, 0.33, 0.26]","[0.56, 0.55]","[0.45, 0.36, 0.34, 0.27]","[5.0, 4.0, 3.0, 1.0]","[11.1, 6.62, 2.89, 1.47]","[0.74, 0.48, 0.13, 0.1]","[0.62, 0.41, 0.18, 0.12]","[2.55, 1.48, 0.64, 0.27]","[0.33, 0.19, 0.07, 0.04]","[6.21, 3.7, 1.63, 0.83]","[4.55, 2.75, 1.35, 0.66]","[0.74, 0.48, 0.13, 0.1]","[0.74, 0.47, 0.13, 0.1]","[0.74, 0.47, 0.13, 0.1]","[2.0, 1.0, 0.0]",[0.0],"[10.0, 6.0, 1.0]","[5.0, 3.0, 1.0]","[15.0, 11.0, 7.0, 0.0]","[30.0, 20.0, 11.0, 2.0]","[3.0, 1.0, 0.0]","[1.0, 0.0]",[1.0],[0.0],"[3.0, 0.0]",[0.0],"[6.0, 3.0, 2.0, 0.0]","[4.0, 2.0, 1.0]","[9.0, 6.0, 1.0]","[14.0, 9.0, 4.0, 2.0]",[0.0],[0.0],[0.0],"[1.0, 0.0]",[0.0],"[6.0, 5.0, 2.0]","[13.0, 8.0, 4.0, 2.0]",[0.0],"[2.0, 1.0, 0.0]","[0.29, 0.23, 0.13, 0.1]",[0.0],"[0.45, 0.25, 0.0]",[0.0],[0.0],"[1.0, 0.0]","[29.65, 19.47, 11.05, 2.0]","[15.0, 9.0, 4.0, 2.0]","[14.9, 8.6, 4.0, 2.0]","[3.0, 2.0]","[0.15, 0.09, 0.04, 0.03]",[0.22],[0.0],"[0.89, 0.57, 0.16, 0.12]","[0.89, 0.56, 0.17, 0.12]","[0.88, 0.55, 0.17, 0.12]","[91.0, 67.0, 46.0, 21.0]","[18.0, 9.0, 6.0, 3.0]","[6.0, 5.0, 4.0, 1.0]","[17.0, 13.0, 10.0, 6.0]","[50.0, 40.0, 26.0, 11.0]","[10.0, 7.0, 4.0, 2.0]","[13.0, 10.0, 6.0, 3.0]","[15.0, 12.0, 8.0, 2.0]","[53.0, 38.0, 28.0, 14.0]",[0.0],[0.0],"[8222.0, 6143.0, 4135.0, 2093.0]",[0.0],[0.0],[0.0],"[4.0, 2.0]","[63.57, 49.7, 31.34, 17.14]","[6.19, 4.62, 2.99, 1.64]","[5.97, 4.42, 2.92, 1.57]","[6.18, 4.56, 3.05, 1.65]","[5.98, 4.38, 2.98, 1.58]","[50.0, 39.0, 24.0, 14.0]","[37.0, 29.0, 19.0, 10.0]","[35.0, 27.0, 16.0, 2.0]","[122.0, 95.0, 59.0, 26.0]","[6.0, 3.0, 2.0]","[8.0, 5.0, 4.0]",[1.0],"[67.0, 51.0, 33.0, 18.0]","[8.0, 4.0, 3.0]","[12.0, 9.0, 6.0, 3.0]","[2.08, 1.69, 1.17, 0.67]","[0.9, 0.46, 0.33]","[3.21, 2.04, 1.36, 0.64]","[1.0, 0.0]",[1.0],"[4.0, 1.0]","[120.94, 92.72, 59.66, 26.64]","[87.0, 68.0, 43.0, 24.0]","[86.29, 66.2, 43.3, 24.42]","[0.95, 0.73, 0.47, 0.26]","[1.1, 0.59, 0.55]","[1.1, 0.59, 0.55]","[6.04, 4.26, 2.88, 1.34]","[6.07, 4.23, 2.93, 1.35]","[5.95, 4.12, 2.91, 1.33]","[51.92, 40.63, 39.89, 23.84, 13.08]","[5.64, 4.28, 4.27, 2.38, 1.29]","[5.14, 3.99, 3.98, 2.32, 1.25]","[5.75, 4.45, 4.43, 2.39, 1.31]","[5.24, 4.15, 4.13, 2.32, 1.27]","[49.0, 39.0, 38.0, 22.0, 11.0]","[22.0, 17.0, 12.0, 8.0]","[20.0, 18.0, 11.0, 7.0]","[91.0, 74.0, 73.0, 45.0, 26.0]","[5.0, 2.0, 0.0]","[8.0, 4.0, 2.0, 1.0]",[0.0],"[45.0, 35.0, 34.0, 21.0, 12.0]","[20.0, 17.0, 11.0, 6.0]","[6.0, 4.0, 2.0, 1.0]","[1.1, 0.75, 0.73, 0.5, 0.32]","[2.58, 2.17, 1.22, 0.74]","[1.97, 1.37, 0.66, 0.23]",[0.0],"[3.0, 1.0, 0.0]","[2.0, 1.0, 0.0]","[93.56, 77.31, 76.21, 44.8, 25.69]","[71.0, 56.0, 55.0, 34.0, 19.0]","[72.9, 58.56, 57.46, 34.03, 18.86]","[0.63, 0.49, 0.48, 0.29, 0.16]","[1.51, 0.61, 0.25, 0.23]","[1.51, 0.61, 0.25, 0.23]","[4.77, 4.16, 4.14, 2.42, 1.23]","[4.88, 4.3, 4.28, 2.42, 1.24]","[4.67, 4.11, 4.08, 2.39, 1.24]","[3.98, 2.5, 0.71, 0.45]","[10.06, 7.65, 5.44, 0.43]","[89.0, 56.0, 28.0, 20.0]","[160.0, 116.0, 79.0, 29.0]",[0.0],[0.0],[0.0],[0.0],[0.0],[0.0]
['8483768'],['2025'],['Victor Mancini'],['VAN'],['D'],['all'],"['2', '1']","[1507.0, 924.0]","[32.0, 18.0]","[-0.47, -0.55]","[0.33, 0.27]","[0.5, 0.49]","[0.41, 0.4]","[0.52, 0.51]",[0.41],"[0.52, 0.51, 0.5]","[12.0, 6.0]","[1.61, 0.82]","[0.04, 0.02]","[0.07, 0.04]","[0.7, 0.47]","[0.05, 0.03]","[0.65, 0.27]","[0.49, 0.17]","[0.04, 0.02]","[0.04, 0.02]","[0.04, 0.02]",[0.0],[0.0],"[2.0, 1.0]",[0.0],[2.0],"[4.0, 3.0]",[0.0],[0.0],[0.0],[0.0],[0.0],[0.0],"[2.0, 1.0]",[0.0],"[2.0, 1.0]","[2.0, 1.0]",[0.0],[0.0],[0.0],"[4.0, 1.0]",[0.0],[0.0],"[2.0, 1.0]",[0.0],[0.0],"[0.04, 0.02]",[0.0],[0.0],[0.0],[0.0],[0.0],"[3.87, 2.76]","[2.0, 1.0]","[1.99, 0.89]",[0.0],[0.01],[0.0],[0.0],"[0.06, 0.03]","[0.06, 0.03]","[0.05, 0.02]","[32.0, 18.0]","[2.0, 1.0]",[1.0],"[3.0, 1.0]","[26.0, 15.0]","[7.0, 3.0]","[4.0, 2.0]","[2.0, 1.0]","[19.0, 12.0]",[0.0],[0.0],"[5693.0, 2676.0]",[0.0],[0.0],[0.0],"[2.0, 1.0]","[11.26, 6.56]","[0.86, 0.54]","[0.86, 0.54]","[0.83, 0.5]","[0.83, 0.5]","[10.0, 6.0]","[5.0, 3.0]","[4.0, 3.0]","[19.0, 12.0]",[0.0],[0.0],[0.0],"[11.0, 6.0]","[4.0, 3.0]",[0.0],"[0.35, 0.17]","[0.51, 0.37]",[0.0],[0.0],[0.0],[0.0],"[18.61, 11.12]","[15.0, 9.0]","[14.76, 8.29]","[0.13, 0.08]",[0.0],[0.0],"[0.99, 0.62]","[0.96, 0.57]","[0.95, 0.57]","[17.05, 9.71]","[2.38, 1.1]","[2.14, 1.08]","[2.43, 1.21]","[2.21, 1.19]","[16.0, 8.0]","[6.0, 5.0]","[6.0, 4.0]","[28.0, 17.0]",[1.0],"[5.0, 1.0]",[0.0],"[9.0, 7.0]","[11.0, 6.0]","[2.0, 0.0]","[0.26, 0.18]","[1.51, 0.92]","[0.6, 0.0]",[0.0],[1.0],[0.0],"[29.53, 18.75]","[22.0, 13.0]","[23.2, 14.37]","[0.23, 0.13]","[1.06, 0.16]","[1.06, 0.16]","[1.55, 1.07]","[1.63, 1.17]","[1.6, 1.15]","[5.6, 2.88]","[5.51, 3.01, 2.99]","[105.0, 52.0]","[99.0, 49.0, 48.0]",[0.0],[0.0],[0.0],[0.0],[0.0],[0.0]
['8474574'],['2025'],['Tyler Myers'],['VAN'],['D'],['all'],"['4', '3', '2', '1']","[4893.0, 3494.0, 2366.0, 1155.0]","[101.0, 72.0, 53.0, 25.0]","[1.25, 0.47, 0.27, 0.15]","[0.61, 0.4, 0.37, 0.29]","[0.53, 0.39, 0.38, 0.34]","[0.42, 0.41, 0.39, 0.33]","[0.48, 0.47, 0.45]","[0.46, 0.42, 0.41, 0.36]","[0.54, 0.46, 0.45]","[14.0, 10.0, 7.0, 3.0]","[7.14, 4.32, 2.09, 1.35]","[0.28, 0.18, 0.06, 0.03]","[0.36, 0.2, 0.09, 0.06]","[2.17, 1.31, 0.64, 0.41]","[0.25, 0.16, 0.09, 0.07]","[4.03, 2.4, 1.25, 0.87]","[2.92, 1.75, 0.87, 0.56]","[0.28, 0.17, 0.06, 0.03]","[0.28, 0.17, 0.06, 0.03]","[0.28, 0.17, 0.06, 0.03]","[1.0, 0.0]",[0.0],"[6.0, 3.0, 2.0, 1.0]","[4.0, 3.0, 1.0]","[6.0, 4.0, 1.0, 0.0]","[16.0, 10.0, 4.0, 2.0]","[1.0, 0.0]",[0.0],"[1.0, 0.0]",[0.0],[1.0],[0.0],"[3.0, 1.0, 0.0]","[5.0, 4.0, 1.0]","[6.0, 3.0, 2.0, 1.0]","[10.0, 6.0, 3.0, 2.0]","[2.0, 1.0, 0.0]","[4.0, 2.0, 0.0]",[0.0],"[9.0, 6.0, 5.0, 2.0]",[0.0],"[3.0, 2.0, 0.0]","[10.0, 6.0, 3.0, 2.0]",[0.0],[0.0],"[0.28, 0.18, 0.06, 0.03]",[0.0],[0.0],[0.0],[0.0],[0.0],"[16.15, 9.7, 4.11, 2.1]","[10.0, 6.0, 3.0, 2.0]","[10.39, 5.89, 3.12, 2.09]","[3.0, 2.0, 0.0]","[0.07, 0.04, 0.02, 0.01]","[0.03, 0.0]",[0.0],"[0.35, 0.22, 0.08, 0.04]","[0.36, 0.21, 0.08, 0.04]","[0.35, 0.21, 0.08, 0.04]","[101.0, 72.0, 53.0, 25.0]","[5.0, 3.0, 2.0]","[23.0, 15.0, 10.0, 4.0]","[11.0, 7.0, 5.0, 1.0]","[62.0, 47.0, 36.0, 18.0]","[18.0, 10.0, 9.0, 5.0]","[17.0, 14.0, 13.0, 5.0]","[12.0, 7.0, 6.0, 3.0]","[54.0, 41.0, 25.0, 12.0]",[0.0],[0.0],"[9507.0, 7306.0, 4834.0, 2445.0]","[4.0, 2.0, 0.0]",[0.0],[0.0],"[13.0, 9.0, 7.0, 3.0]","[36.69, 25.25, 13.97, 7.92]","[3.51, 2.42, 1.16, 0.5]","[3.42, 2.34, 1.13, 0.49]","[3.54, 2.39, 1.19, 0.5]","[3.45, 2.31, 1.17, 0.49]","[31.0, 20.0, 12.0, 7.0]","[19.0, 14.0, 7.0, 4.0]","[18.0, 9.0, 4.0, 3.0]","[68.0, 43.0, 23.0, 14.0]","[5.0, 4.0, 2.0]","[5.0, 3.0, 1.0]",[0.0],"[38.0, 25.0, 15.0, 9.0]","[6.0, 5.0, 1.0]","[6.0, 4.0, 3.0, 1.0]","[1.2, 0.79, 0.38, 0.19]","[0.82, 0.68, 0.1]","[1.49, 0.95, 0.69, 0.22]","[3.0, 2.0]","[1.0, 0.0]","[1.0, 0.0]","[68.75, 42.39, 23.66, 14.48]","[50.0, 34.0, 19.0, 11.0]","[50.88, 33.66, 19.45, 11.28]","[0.47, 0.33, 0.15, 0.08]","[0.96, 0.6, 0.22]","[0.96, 0.6, 0.22]","[3.02, 2.14, 1.09, 0.37]","[3.07, 2.13, 1.13, 0.37]","[3.04, 2.1, 1.11, 0.37]","[52.13, 37.31, 26.62, 9.52]","[5.22, 4.11, 2.85, 0.32]","[5.02, 3.92, 2.68, 0.32]","[5.23, 4.14, 2.84, 0.33]","[5.02, 3.95, 2.67, 0.33]","[43.0, 32.0, 21.0, 5.0]","[25.0, 16.0, 13.0, 8.0]","[27.0, 18.0, 13.0, 7.0]","[95.0, 66.0, 47.0, 20.0]","[6.0, 4.0, 2.0, 0.0]","[6.0, 5.0, 4.0, 1.0]","[1.0, 0.0]","[51.0, 34.0, 23.0, 13.0]","[8.0, 6.0, 4.0, 0.0]","[9.0, 8.0, 7.0, 0.0]","[1.6, 0.99, 0.73, 0.32]","[0.94, 0.69, 0.44, 0.0]","[2.68, 2.43, 1.68, 0.0]","[2.0, 0.0]","[2.0, 1.0, 0.0]","[2.0, 1.0, 0.0]","[95.03, 67.35, 46.71, 19.88]","[68.0, 48.0, 34.0, 13.0]","[68.61, 49.27, 34.1, 13.08]","[0.86, 0.67, 0.51, 0.17]","[0.99, 0.73, 0.59, 0.03]","[0.99, 0.73, 0.59, 0.03]","[5.1, 4.04, 2.77, 0.47]","[5.1, 4.08, 2.75, 0.48]","[5.0, 3.99, 2.71, 0.48]","[6.65, 4.71, 2.54, 1.59]","[10.49, 7.82, 7.81, 4.97, 1.4]","[143.0, 108.0, 64.0, 32.0]","[156.0, 124.0, 123.0, 77.0, 35.0]",[0.0],[0.0],[0.0],[0.0],[0.0],[0.0]
['8483678'],['2025'],['Elias Pettersson'],['VAN'],['D'],['all'],"['4', '3', '2', '1']","[3090.0, 2448.0, 1477.0, 792.0]","[71.0, 54.0, 35.0, 19.0]","[-0.2, -0.77]","[0.51, 0.34, 0.31, 0.21]","[0.56, 0.41, 0.38, 0.35]","[0.36, 0.34, 0.33, 0.27]","[0.49, 0.48, 0.47, 0.45]","[0.44, 0.33, 0.32, 0.3]","[0.53, 0.48, 0.45]","[22.0, 17.0, 12.0, 6.0]","[2.01, 1.26, 0.69, 0.0]","[0.04, 0.03, 0.01, 0.0]","[0.1, 0.07, 0.03, 0.0]","[0.61, 0.37, 0.21, 0.0]","[0.07, 0.04, 0.02, 0.0]","[1.25, 0.86, 0.42, 0.0]","[0.94, 0.62, 0.31, 0.0]","[0.04, 0.03, 0.01, 0.0]","[0.04, 0.03, 0.01, 0.0]","[0.04, 0.03, 0.01, 0.0]",[0.0],[0.0],"[1.0, 0.0]","[2.0, 1.0, 0.0]","[3.0, 2.0, 1.0]","[6.0, 4.0, 2.0, 1.0]",[0.0],[0.0],[0.0],[0.0],[0.0],[0.0],"[2.0, 1.0, 0.0]","[1.0, 0.0]","[1.0, 0.0]","[3.0, 2.0, 1.0, 0.0]",[1.0],[2.0],[0.0],"[2.0, 1.0]",[0.0],"[4.0, 2.0, 1.0]","[3.0, 2.0, 1.0, 0.0]",[0.0],[0.0],"[0.04, 0.03, 0.01, 0.0]",[0.0],[0.0],[0.0],[0.0],[0.0],"[6.05, 3.8, 2.0, 1.03]","[3.0, 2.0, 1.0, 0.0]","[3.03, 1.88, 0.96, 0.0]","[3.0, 2.0, 1.0]","[0.02, 0.01, 0.0]",[0.0],[0.0],"[0.06, 0.05, 0.01, 0.0]","[0.06, 0.04, 0.01, 0.0]","[0.06, 0.04, 0.01, 0.0]","[71.0, 54.0, 35.0, 19.0]","[10.0, 7.0, 4.0, 3.0]","[6.0, 5.0, 3.0, 1.0]","[11.0, 8.0, 4.0, 3.0]","[44.0, 34.0, 24.0, 12.0]","[9.0, 6.0, 5.0, 1.0]","[11.0, 7.0, 5.0, 3.0]","[7.0, 5.0, 4.0]","[44.0, 36.0, 20.0, 11.0]",[0.0],[0.0],"[11310.0, 8352.0, 5723.0, 2808.0]",[2.0],[0.0],[0.0],"[4.0, 3.0, 2.0]","[17.39, 12.74, 7.44, 5.23]","[1.46, 1.13, 0.48, 0.37]","[1.4, 1.07, 0.48, 0.36]","[1.42, 1.08, 0.49, 0.38]","[1.37, 1.03, 0.48, 0.37]","[15.0, 11.0, 7.0, 4.0]","[8.0, 6.0, 3.0]","[9.0, 7.0, 2.0, 1.0]","[32.0, 24.0, 12.0, 8.0]","[4.0, 3.0, 2.0]","[2.0, 1.0]",[1.0],"[19.0, 14.0, 9.0, 6.0]","[3.0, 2.0, 1.0]","[1.0, 0.0]","[0.75, 0.58, 0.37, 0.26]","[0.44, 0.29, 0.12]","[0.26, 0.0]","[2.0, 1.0]","[2.0, 1.0]",[0.0],"[32.05, 23.28, 12.36, 8.4]","[23.0, 17.0, 10.0, 7.0]","[23.01, 16.52, 10.14, 7.18]","[0.23, 0.17, 0.09, 0.06]","[0.38, 0.12]","[0.38, 0.12]","[1.31, 0.92, 0.45, 0.32]","[1.29, 0.89, 0.46, 0.32]","[1.29, 0.88, 0.46, 0.32]","[35.14, 26.78, 26.76, 17.22, 6.19]","[3.19, 2.23, 1.78, 0.35]","[3.08, 2.12, 1.68, 0.35]","[3.16, 2.22, 1.73, 0.35]","[3.05, 2.11, 1.63, 0.35]","[27.0, 21.0, 12.0, 4.0]","[20.0, 15.0, 11.0, 5.0]","[16.0, 13.0, 9.0, 5.0]","[63.0, 49.0, 32.0, 14.0]",[1.0],"[3.0, 2.0, 0.0]",[0.0],"[33.0, 27.0, 15.0, 8.0]","[10.0, 6.0, 5.0, 1.0]","[4.0, 3.0, 0.0]","[1.0, 0.76, 0.42, 0.22]","[1.21, 0.74, 0.62, 0.13]","[0.99, 0.74, 0.0]",[1.0],[0.0],[0.0],"[63.96, 50.2, 31.39, 13.56]","[47.0, 36.0, 23.0, 9.0]","[47.78, 36.94, 22.7, 8.73]","[0.47, 0.36, 0.24, 0.07]","[0.77, 0.52, 0.0]","[0.77, 0.52, 0.0]","[2.9, 2.08, 1.51, 0.42]","[2.89, 2.1, 1.47, 0.42]","[2.83, 2.04, 1.44, 0.42]","[8.71, 6.0, 3.22, 1.72]","[12.52, 9.7, 9.68, 6.04, 1.37]","[179.0, 127.0, 75.0, 38.0]","[188.0, 141.0, 140.0, 92.0, 41.0]",[0.0],[0.0],[0.0],[0.0],[0.0],[0.0]
['8477969'],['2025'],['Marcus Pettersson'],['VAN'],['D'],['all'],"['4', '3', '2', '1']","[4780.0, 3341.0, 2310.0, 1083.0]","[95.0, 69.0, 49.0, 25.0]","[0.15, 0.05, 0.03, -0.42]","[0.26, 0.25, 0.19, 0.08]","[0.58, 0.46, 0.42]","[0.35, 0.29, 0.27, 0.23]","[0.52, 0.51, 0.5, 0.49]","[0.36, 0.33, 0.29, 0.24]","[0.58, 0.49]","[13.0, 11.0, 7.0, 4.0]","[3.38, 1.36, 0.69, 0.0]","[0.1, 0.03, 0.01, 0.0]","[0.16, 0.06, 0.03, 0.0]","[1.04, 0.38, 0.21, 0.0]","[0.14, 0.04, 0.02, 0.0]","[1.99, 0.83, 0.4, 0.0]","[1.57, 0.66, 0.33, 0.0]","[0.1, 0.03, 0.01, 0.0]","[0.11, 0.03, 0.01, 0.0]","[0.11, 0.03, 0.01, 0.0]",[0.0],[0.0],"[3.0, 1.0, 0.0]","[2.0, 1.0, 0.0]","[1.0, 0.0]","[6.0, 2.0, 1.0, 0.0]",[0.0],[0.0],[0.0],[0.0],[0.0],[0.0],"[2.0, 1.0, 0.0]","[3.0, 1.0, 0.0]","[3.0, 1.0, 0.0]","[5.0, 2.0, 1.0, 0.0]",[0.0],[0.0],[0.0],"[2.0, 0.0]","[1.0, 0.0]","[3.0, 1.0, 0.0]","[5.0, 2.0, 1.0, 0.0]",[0.0],[0.0],"[0.1, 0.03, 0.01, 0.0]",[0.0],[0.0],[0.0],[0.0],[0.0],"[6.35, 1.91, 1.03, 0.0]","[5.0, 2.0, 1.0, 0.0]","[5.36, 1.92, 1.03, 0.0]","[2.0, 0.0]","[0.03, 0.01, 0.0]",[0.0],"[0.03, 0.0]","[0.1, 0.04, 0.02, 0.0]","[0.1, 0.04, 0.02, 0.0]","[0.1, 0.04, 0.02, 0.0]","[95.0, 69.0, 49.0, 25.0]","[5.0, 4.0, 3.0, 2.0]","[21.0, 15.0, 11.0, 4.0]","[10.0, 7.0, 6.0, 2.0]","[59.0, 43.0, 29.0, 17.0]","[13.0, 6.0, 4.0, 3.0]","[13.0, 12.0, 10.0, 5.0]","[11.0, 7.0, 4.0, 2.0]","[58.0, 44.0, 31.0, 15.0]",[0.0],[0.0],"[9620.0, 7459.0, 4890.0, 2517.0]",[0.0],[0.0],[0.0],"[6.0, 4.0, 3.0, 2.0]","[27.41, 16.74, 7.9, 3.43]","[2.27, 1.13, 0.26, 0.09]","[2.24, 1.11, 0.24, 0.09]","[2.27, 1.08, 0.26, 0.09]","[2.24, 1.07, 0.25, 0.09]","[27.0, 16.0, 8.0, 4.0]","[11.0, 7.0, 3.0, 1.0]","[14.0, 4.0, 3.0, 2.0]","[52.0, 27.0, 14.0, 7.0]","[4.0, 3.0, 2.0]","[2.0, 0.0]",[0.0],"[29.0, 18.0, 11.0, 5.0]","[7.0, 5.0, 0.0]","[2.0, 0.0]","[0.8, 0.47, 0.26, 0.09]","[0.93, 0.65, 0.0]","[0.54, 0.0]",[2.0],"[1.0, 0.0]","[1.0, 0.0]","[52.2, 26.21, 14.2, 7.15]","[38.0, 23.0, 11.0, 5.0]","[38.24, 22.33, 11.15, 5.1]","[0.32, 0.18, 0.07, 0.03]","[0.36, 0.0]","[0.36, 0.0]","[2.23, 1.3, 0.33, 0.13]","[2.23, 1.26, 0.33, 0.13]","[2.21, 1.24, 0.32, 0.13]","[52.29, 36.99, 26.98, 8.8]","[6.31, 4.85, 3.11, 0.28]","[6.0, 4.6, 2.88, 0.28]","[6.36, 4.93, 3.09, 0.29]","[6.05, 4.68, 2.86, 0.28]","[44.0, 29.0, 20.0, 5.0]","[23.0, 18.0, 14.0, 7.0]","[30.0, 20.0, 13.0, 7.0]","[97.0, 67.0, 47.0, 19.0]","[6.0, 3.0, 1.0, 0.0]","[7.0, 6.0, 4.0, 1.0]","[1.0, 0.0]","[41.0, 27.0, 21.0, 12.0]","[16.0, 12.0, 6.0, 0.0]","[10.0, 8.0, 7.0, 0.0]","[1.34, 0.84, 0.74, 0.28]","[2.11, 1.58, 0.69, 0.0]","[2.86, 2.43, 1.68, 0.0]","[2.0, 0.0]","[1.0, 0.0]","[3.0, 2.0, 1.0, 0.0]","[97.08, 68.4, 46.66, 18.85]","[67.0, 47.0, 34.0, 12.0]","[67.41, 48.1, 33.95, 12.04]","[0.98, 0.72, 0.57, 0.17]","[1.11, 0.9, 0.59, 0.03]","[1.11, 0.9, 0.59, 0.03]","[6.17, 4.67, 3.08, 0.42]","[6.2, 4.73, 3.06, 0.43]","[6.04, 4.59, 2.94, 0.42]","[7.89, 6.0, 3.45, 2.0]","[9.4, 7.08, 7.06, 4.71, 1.44]","[159.0, 124.0, 73.0, 39.0]","[154.0, 123.0, 122.0, 77.0, 36.0]",[0.0],[0.0],[0.0],[0.0],[0.0],[0.0]
['8478891'],['2025'],['Mason Appleton'],['DET'],['C'],['all'],"['4', '3', '2', '1']","[3348.0, 2436.0, 1620.0, 833.0]","[74.0, 54.0, 34.0, 17.0]","[2.92, 1.3, 0.47, 0.15]","[0.79, 0.54, 0.47, 0.39]","[0.7, 0.62, 0.6, 0.59]","[0.62, 0.44, 0.4]","[0.64, 0.62, 0.53, 0.52]","[0.56, 0.42, 0.4]","[0.67, 0.66, 0.55]","[34.0, 27.0, 18.0, 9.0]","[5.72, 3.42, 1.65, 0.78]","[1.12, 0.28, 0.09]","[0.28, 0.17, 0.05, 0.04]","[1.28, 0.95, 0.48, 0.2]","[0.18, 0.13, 0.05, 0.03]","[2.83, 1.9, 0.62, 0.36]","[2.3, 1.58, 0.72, 0.3]","[1.11, 0.27, 0.09]","[1.12, 0.28, 0.08, 0.07]","[1.11, 0.28, 0.08, 0.07]",[0.0],[0.0],"[7.0, 4.0, 2.0, 1.0]","[1.0, 0.0]",[0.0],"[8.0, 5.0, 2.0, 1.0]","[3.0, 1.0, 0.0]","[3.0, 1.0, 0.0]",[0.0],[0.0],[0.0],[0.0],"[3.0, 2.0, 1.0]","[2.0, 1.0, 0.0]","[4.0, 3.0, 2.0, 1.0]","[5.0, 4.0, 2.0, 1.0]",[0.0],[0.0],[0.0],"[5.0, 3.0]",[0.0],"[1.0, 0.0]","[4.0, 3.0, 1.0, 0.0]","[3.0, 2.0, 1.0]","[1.0, 0.0]","[0.18, 0.11, 0.01, 0.0]","[0.33, 0.17, 0.09]","[0.6, 0.0]",[0.0],"[2.0, 1.0, 0.0]","[1.0, 0.0]","[8.0, 5.0, 1.77, 0.85]","[8.0, 5.0, 2.0, 1.0]","[8.04, 5.03, 1.79, 0.88]","[1.0, 0.0]","[0.06, 0.04, 0.01]",[0.0],[0.0],"[1.18, 0.31, 0.1, 0.09]","[1.18, 0.32, 0.09, 0.08]","[1.17, 0.31, 0.09, 0.08]","[74.0, 54.0, 34.0, 17.0]","[7.0, 5.0, 3.0, 2.0]","[14.0, 7.0, 3.0, 1.0]","[7.0, 5.0, 4.0, 2.0]","[46.0, 37.0, 24.0, 12.0]","[9.0, 4.0, 3.0, 1.0]","[10.0, 8.0, 6.0, 3.0]","[9.0, 7.0, 3.0, 1.0]","[46.0, 35.0, 22.0, 12.0]",[0.0],[0.0],"[11052.0, 8364.0, 5580.0, 2767.0]",[0.0],[0.0],[0.0],"[2.0, 1.0, 0.0]","[21.41, 15.72, 9.05, 6.75]","[2.55, 1.24, 0.74, 0.64]","[2.52, 1.23, 0.74, 0.64]","[2.52, 1.22, 0.67, 0.59]","[2.49, 1.21, 0.67, 0.59]","[17.0, 11.0, 6.0, 3.0]","[13.0, 11.0, 6.0]","[12.0, 9.0, 7.0]","[42.0, 34.0, 21.0, 16.0]","[3.0, 1.0, 0.0]","[2.0, 0.0]",[0.0],"[19.0, 16.0, 9.0, 6.0]","[10.0, 6.0, 3.0]","[1.0, 0.0]","[0.59, 0.5, 0.31, 0.21]","[1.35, 0.74, 0.43]","[0.6, 0.0]",[0.0],"[2.0, 1.0, 0.0]","[1.0, 0.0]","[40.9, 32.84, 18.93, 14.3]","[30.0, 22.0, 12.0, 9.0]","[29.72, 21.64, 10.92, 8.2]","[0.29, 0.19, 0.11, 0.09]","[0.14, 0.0]","[0.14, 0.0]","[2.7, 1.43, 0.85, 0.73]","[2.66, 1.41, 0.78, 0.67]","[2.65, 1.4, 0.78, 0.67]","[29.58, 22.3, 12.78, 4.77]","[2.14, 1.9, 0.84, 0.17]","[2.08, 1.86, 0.84, 0.17]","[2.16, 1.92, 0.92, 0.18]","[2.1, 1.87, 0.91, 0.18]","[28.0, 21.0, 11.0, 3.0]","[13.0, 10.0, 7.0, 4.0]","[21.0, 13.0, 9.0, 3.0]","[62.0, 44.0, 27.0, 10.0]","[2.0, 1.0]","[3.0, 0.0]",[0.0],"[35.0, 25.0, 16.0, 7.0]","[3.0, 1.0, 0.0]","[3.0, 1.0, 0.0]","[1.05, 0.81, 0.45, 0.17]","[0.26, 0.08, 0.0]","[0.83, 0.32, 0.0]",[1.0],[0.0],"[1.0, 0.0]","[63.39, 45.15, 28.98, 10.8]","[41.0, 31.0, 18.0, 7.0]","[41.55, 31.47, 19.2, 7.47]","[0.45, 0.36, 0.2, 0.09]","[0.61, 0.0]","[0.61, 0.0]","[1.97, 1.64, 1.05, 0.26]","[2.04, 1.7, 1.13, 0.28]","[1.98, 1.67, 1.13, 0.28]","[11.48, 8.51, 6.86, 2.6]","[7.68, 5.31, 3.0, 1.78]","[179.0, 133.0, 107.0, 45.0]","[163.0, 117.0, 59.0, 28.0]",[0.0],[0.0],[0.0],[0.0],[0.0],[0.0]
['8481013'],['2025'],['Jonatan Berggren'],['DET'],['R'],['all'],['1'],[527.0],[14.0],[-0.5],[0.13],[0.77],[0.29],[0.63],[0.25],[0.65],[12.0],[0.0],[0.0],[0.0],[0.0],[0.0],[0.0],[0.0],[0.0],[0.0],[0.0],[0.0],[0.0],[0.0],[0.0],[1.0],[1.0],[0.0],[0.0],[0.0],[0.0],[0.0],[0.0],[0.0],[0.0],[0.0],[0.0],[1.0],[2.0],[0.0],[1.0],[0.0],[0.0],[0.0],[0.0],[0.0],[0.0],[0.0],[0.0],[0.0],[0.0],[0.0],[1.03],[0.0],[0.0],[0.0],[0.0],[0.0],[0.0],[0.0],[0.0],[0.0],[14.0],[1.0],[0.0],[1.0],[12.0],[1.0],[5.0],[1.0],[7.0],[0.0],[0.0],[3073.0],[2.0],[2.0],[1.0],[0.0],[2.3],[0.1],[0.1],[0.09],[0.09],[3.0],[0.0],[2.0],[5.0],[0.0],[0.0],[0.0],[3.0],[0.0],[0.0],[0.1],[0.0],[0.0],[0.0],[0.0],[0.0],[4.62],[3.0],[2.72],[0.02],[0.0],[0.0],[0.12],[0.11],[0.11],[6.8],[0.64],[0.64],[0.7],[0.69],[7.0],[2.0],[3.0],[12.0],[1.0],[0.0],[0.0],[8.0],[0.0],[1.0],[0.33],[0.0],[0.32],[0.0],[0.0],[1.0],[13.11],[9.0],[9.65],[0.08],[0.0],[0.0],[0.72],[0.78],[0.78],[4.27],[1.26],[62.0],[36.0],[0.0],[0.0],[0.0],[0.0],[0.0],[0.0]
['8484794'],['2025'],['Michael Brandsegg-Nygrd'],['DET'],['R'],['all'],"['4', '3', '2', '1']","[3269.0, 2379.0, 1557.0, 874.0]","[76.0, 56.0, 37.0, 20.0]","[0.85, 0.55, 0.28, 0.05]","[0.77, 0.6, 0.59, 0.46]","[0.65, 0.63, 0.62, 0.57]","[0.65, 0.58, 0.54, 0.53]","[0.64, 0.58, 0.49, 0.48]","[0.75, 0.64, 0.63, 0.55]","[0.64, 0.58, 0.52, 0.5]","[34.0, 26.0, 18.0, 8.0]","[6.47, 5.74, 1.59]","[0.71, 0.69, 0.24]","[0.44, 0.4, 0.12]","[1.46, 1.26, 0.3]","[0.23, 0.21, 0.04]","[3.57, 3.17, 0.75]","[2.58, 2.28, 0.54]","[0.7, 0.67, 0.24]","[0.66, 0.64, 0.23]","[0.65, 0.62, 0.23]",[0.0],[0.0],"[5.0, 4.0, 2.0]","[4.0, 0.0]","[7.0, 4.0, 1.0]","[16.0, 12.0, 9.0, 3.0]",[0.0],[0.0],"[1.0, 0.0]",[0.0],[0.0],[0.0],"[1.0, 0.0]","[7.0, 6.0, 2.0]","[5.0, 4.0, 2.0]","[9.0, 8.0, 2.0]",[0.0],[0.0],[0.0],"[13.0, 9.0, 6.0, 5.0]","[1.0, 0.0]","[4.0, 3.0, 2.0]","[4.0, 3.0, 0.0]","[5.0, 2.0]",[0.0],"[0.15, 0.12, 0.0]","[0.56, 0.24]",[0.0],[0.0],[0.0],[0.0],"[15.59, 11.6, 8.36, 2.88]","[9.0, 8.0, 2.0]","[8.35, 7.38, 1.89]","[2.0, 1.0]","[0.09, 0.03]","[0.08, 0.0]",[0.0],"[0.81, 0.77, 0.27]","[0.75, 0.72, 0.26]","[0.73, 0.7, 0.25]","[76.0, 56.0, 37.0, 20.0]","[5.0, 2.0, 1.0, 0.0]","[7.0, 6.0, 3.0, 0.0]","[18.0, 10.0, 9.0, 6.0]","[46.0, 38.0, 24.0, 14.0]","[16.0, 14.0, 8.0, 5.0]","[11.0, 5.0, 2.0, 0.0]","[12.0, 8.0, 5.0, 4.0]","[37.0, 29.0, 22.0, 11.0]",[0.0],[0.0],"[11131.0, 8421.0, 5643.0, 2726.0]",[0.0],[2.0],[1.0],"[2.0, 1.0, 0.0]","[25.92, 17.75, 15.04, 6.78]","[1.94, 1.27, 1.23, 0.47]","[1.89, 1.25, 1.21, 0.47]","[1.85, 1.18, 1.14, 0.44]","[1.81, 1.16, 1.12, 0.43]","[22.0, 16.0, 15.0, 8.0]","[14.0, 9.0, 6.0, 1.0]","[22.0, 18.0, 12.0, 5.0]","[58.0, 43.0, 33.0, 14.0]",[0.0],"[2.0, 1.0, 0.0]",[0.0],"[25.0, 18.0, 14.0, 6.0]","[11.0, 7.0, 3.0]",[0.0],"[0.66, 0.5, 0.46, 0.13]","[1.29, 0.77, 0.34]",[0.0],[0.0],[0.0],[0.0],"[56.47, 41.3, 30.69, 13.23]","[36.0, 25.0, 21.0, 9.0]","[34.99, 23.78, 19.58, 8.48]","[0.36, 0.24, 0.2, 0.08]","[0.11, 0.08, 0.0]","[0.11, 0.08, 0.0]","[2.19, 1.43, 1.35, 0.55]","[2.09, 1.33, 1.25, 0.51]","[2.04, 1.31, 1.23, 0.51]","[21.27, 10.36, 4.7, 3.14]","[2.28, 0.84, 0.36, 0.32]","[2.25, 0.83, 0.36, 0.32]","[2.31, 0.85, 0.4, 0.36]","[2.29, 0.84, 0.4, 0.36]","[16.0, 11.0, 5.0, 4.0]","[14.0, 4.0, 2.0, 1.0]","[21.0, 16.0, 11.0, 7.0]","[51.0, 31.0, 18.0, 12.0]","[3.0, 2.0]",[0.0],[0.0],"[19.0, 11.0, 5.0, 3.0]","[8.0, 3.0, 2.0]","[3.0, 1.0, 0.0]","[0.54, 0.27, 0.12, 0.08]","[0.92, 0.35, 0.24]","[0.82, 0.21, 0.0]",[1.0],[1.0],"[1.0, 0.0]","[52.93, 32.92, 20.66, 13.92]","[30.0, 15.0, 7.0, 5.0]","[30.29, 15.36, 7.78, 5.67]","[0.31, 0.14, 0.06, 0.04]",[0.0],[0.0],"[2.58, 0.98, 0.42, 0.36]","[2.62, 0.99, 0.47, 0.41]","[2.59, 0.98, 0.47, 0.41]","[12.08, 8.48, 6.37, 2.77]","[7.54, 6.37, 3.48, 1.62]","[163.0, 124.0, 95.0, 47.0]","[174.0, 130.0, 68.0, 26.0]",[0.0],[0.0],[0.0],[0.0],[0.0],[0.0]
['8477456'],['2025'],['J.T. Compher'],['DET'],['L'],['all'],"['4', '3', '2', '1']","[4116.0, 3123.0, 1892.0, 887.0]","[90.0, 67.0, 41.0, 22.0]","[1.57, 1.2, 0.78, 0.76]","[0.63, 0.5, 0.44, 0.4]","[0.74, 0.68, 0.65, 0.61]","[0.64, 0.63, 0.52, 0.45]","[0.61, 0.59, 0.51]","[0.71, 0.68, 0.51, 0.46]","[0.62, 0.6, 0.55, 0.53]","[14.0, 11.0, 10.0, 6.0]","[2.67, 2.18, 0.76]","[0.34, 0.24, 0.06]","[0.17, 0.13, 0.04]","[0.62, 0.53, 0.15]","[0.1, 0.08, 0.02]","[1.55, 1.14, 0.41]","[1.21, 0.88, 0.33]","[0.34, 0.24, 0.06]","[0.33, 0.23, 0.05]","[0.33, 0.22, 0.05]",[0.0],[0.0],"[2.0, 1.0]","[2.0, 1.0, 0.0]","[3.0, 2.0]","[7.0, 5.0, 3.0]",[0.0],[0.0],[0.0],[0.0],[0.0],[0.0],"[1.0, 0.0]","[3.0, 2.0, 1.0]","[2.0, 1.0]","[4.0, 3.0, 1.0]",[0.0],[0.0],"[12.0, 6.0, 4.0]",[2.0],[0.0],"[4.0, 3.0, 2.0]","[2.0, 1.0]","[2.0, 1.0, 0.0]",[0.0],"[0.13, 0.06]","[0.21, 0.11, 0.0]",[0.0],[0.0],[0.0],[0.0],"[6.63, 4.5, 2.65]","[4.0, 3.0, 1.0]","[3.85, 2.75, 0.89]","[1.0, 0.0]","[0.04, 0.03, 0.01]",[0.0],"[0.08, 0.0]","[0.3, 0.19, 0.06]","[0.29, 0.17, 0.06]","[0.29, 0.17, 0.06]","[90.0, 67.0, 41.0, 22.0]","[8.0, 4.0, 1.0, 0.0]","[14.0, 11.0, 6.0, 3.0]","[20.0, 12.0, 10.0, 7.0]","[48.0, 40.0, 24.0, 12.0]","[17.0, 14.0, 9.0, 6.0]","[16.0, 10.0, 3.0, 0.0]","[12.0, 9.0, 5.0, 4.0]","[45.0, 34.0, 24.0, 12.0]","[12.0, 6.0, 4.0]","[19.0, 11.0, 4.0, 1.0]","[10284.0, 7677.0, 5308.0, 2713.0]",[0.0],"[6.0, 4.0, 2.0]","[3.0, 2.0, 1.0]","[6.0, 4.0, 2.0]","[28.67, 22.15, 16.55, 7.68]","[3.07, 2.69, 2.2, 0.72]","[3.0, 2.62, 2.13, 0.71]","[2.99, 2.62, 2.08, 0.66]","[2.92, 2.56, 2.02, 0.66]","[23.0, 18.0, 16.0, 8.0]","[17.0, 13.0, 7.0, 2.0]","[22.0, 20.0, 13.0, 6.0]","[62.0, 51.0, 36.0, 16.0]","[1.0, 0.0]","[2.0, 1.0, 0.0]",[0.0],"[25.0, 18.0, 13.0, 5.0]","[13.0, 11.0, 9.0, 5.0]","[2.0, 1.0, 0.0]","[0.66, 0.5, 0.45, 0.12]","[1.47, 1.25, 1.03, 0.6]","[0.94, 0.72, 0.0]",[0.0],[0.0],"[1.0, 0.0]","[60.28, 49.27, 33.25, 14.71]","[40.0, 31.0, 23.0, 10.0]","[39.01, 29.94, 21.34, 9.24]","[0.4, 0.31, 0.22, 0.1]","[0.11, 0.08, 0.0]","[0.11, 0.08, 0.0]","[3.36, 2.92, 2.34, 0.81]","[3.27, 2.85, 2.21, 0.75]","[3.21, 2.78, 2.14, 0.74]","[33.53, 21.47, 7.93, 3.09]","[3.94, 2.69, 1.27, 1.07]","[3.83, 2.61, 1.25, 1.05]","[3.94, 2.68, 1.3, 1.1]","[3.83, 2.6, 1.28, 1.08]","[23.0, 17.0, 6.0, 3.0]","[24.0, 13.0, 5.0, 1.0]","[28.0, 18.0, 10.0, 5.0]","[75.0, 48.0, 21.0, 9.0]","[3.0, 1.0]","[2.0, 1.0]",[1.0],"[34.0, 22.0, 9.0, 2.0]","[8.0, 5.0, 1.0]","[5.0, 3.0, 1.0]","[1.1, 0.74, 0.24, 0.05]","[0.94, 0.65, 0.15]","[1.9, 1.3, 0.87]","[1.0, 0.0]",[0.0],"[2.0, 1.0]","[75.85, 48.92, 22.87, 10.15]","[47.0, 30.0, 11.0, 4.0]","[46.68, 29.78, 11.4, 4.32]","[0.59, 0.38, 0.15, 0.05]","[1.09, 0.87]","[1.09, 0.87]","[3.44, 1.99, 0.54, 0.25]","[3.44, 1.97, 0.58, 0.28]","[3.37, 1.94, 0.57, 0.28]","[10.96, 7.06, 5.41, 2.52]","[5.88, 4.52, 2.57, 0.87]","[159.0, 116.0, 92.0, 45.0]","[150.0, 113.0, 65.0, 29.0]",[0.0],[0.0],[0.0],[0.0],[0.0],[0.0]
['8477429'],['2025'],['Andrew Copp'],['DET'],['C'],['all'],"['4', '3', '2', '1']","[3701.0, 2749.0, 1851.0, 963.0]","[92.0, 69.0, 43.0, 23.0]","[2.14, 2.12, 1.75, 1.54, 0.28]","[0.63, 0.52, 0.44]","[0.76, 0.68, 0.65, 0.6]","[0.63, 0.57, 0.52, 0.43]","[0.64, 0.59, 0.52, 0.51]","[0.68, 0.62, 0.53, 0.45]","[0.65, 0.59, 0.55, 0.52]","[24.0, 18.0, 11.0, 5.0]","[7.01, 4.54, 3.8, 2.45]","[1.31, 1.05, 1.04, 0.29]","[0.45, 0.25, 0.23, 0.17]","[1.6, 1.01, 0.78, 0.65]","[0.27, 0.14, 0.11, 0.08]","[3.31, 2.06, 1.64, 1.05]","[2.08, 1.5, 1.2, 0.76]","[1.26, 1.0, 0.99, 0.29]","[1.27, 1.02, 1.01, 0.27]","[1.23, 0.97, 0.96, 0.27]","[1.0, 0.0]",[0.0],"[5.0, 4.0, 3.0, 1.0]","[4.0, 2.0]",[0.0],"[9.0, 6.0, 5.0, 3.0]","[2.0, 1.0, 0.0]","[1.0, 0.0]",[0.0],[0.0],[1.0],[0.0],"[4.0, 3.0, 2.0, 1.0]","[3.0, 1.0]","[4.0, 3.0, 2.0, 1.0]","[8.0, 5.0, 4.0, 3.0]",[0.0],[0.0],"[12.0, 11.0, 10.0, 9.0, 5.0]","[2.0, 1.0]",[0.0],"[5.0, 3.0, 1.0, 0.0]","[4.0, 3.0, 2.0, 1.0]","[4.0, 2.0]","[1.0, 0.0]","[0.11, 0.06, 0.05, 0.02]","[0.48, 0.27]","[0.72, 0.0]",[0.0],[0.0],"[1.0, 0.0]","[8.69, 5.72, 4.62, 2.73]","[9.0, 6.0, 5.0, 3.0]","[8.72, 5.75, 4.65, 2.77]","[1.0, 0.0]","[0.1, 0.05, 0.04]",[0.0],[0.0],"[1.41, 1.1, 1.09, 0.33]","[1.37, 1.07, 1.05, 0.3]","[1.32, 1.02, 1.0, 0.3]","[92.0, 69.0, 43.0, 23.0]","[6.0, 3.0, 2.0, 0.0]","[18.0, 15.0, 7.0, 3.0]","[20.0, 12.0, 9.0, 6.0]","[48.0, 39.0, 25.0, 14.0]","[15.0, 13.0, 9.0, 6.0]","[16.0, 9.0, 2.0, 0.0]","[12.0, 9.0, 6.0, 3.0]","[49.0, 38.0, 26.0, 14.0]","[12.0, 11.0, 10.0, 9.0, 5.0]","[20.0, 18.0, 17.0, 11.0, 5.0]","[10699.0, 8051.0, 5349.0, 2637.0]",[0.0],[0.0],[0.0],"[5.0, 3.0, 2.0, 1.0]","[27.26, 21.88, 18.66, 9.9]","[3.26, 2.88, 2.45, 0.96]","[3.17, 2.81, 2.37, 0.95]","[3.16, 2.78, 2.31, 0.88]","[3.07, 2.71, 2.23, 0.87]","[23.0, 20.0, 18.0, 11.0]","[14.0, 10.0, 8.0, 2.0]","[18.0, 17.0, 13.0, 7.0]","[55.0, 47.0, 39.0, 20.0]","[2.0, 1.0, 0.0]","[2.0, 1.0]",[0.0],"[22.0, 17.0, 15.0, 7.0]","[12.0, 10.0, 9.0, 5.0]","[3.0, 2.0, 1.0]","[0.69, 0.52, 0.49, 0.16]","[1.43, 1.22, 1.03, 0.6]","[1.14, 0.92, 0.2]",[0.0],"[1.0, 0.0]","[1.0, 0.0]","[52.66, 44.75, 35.95, 18.46]","[37.0, 30.0, 26.0, 13.0]","[35.53, 28.58, 24.13, 12.04]","[0.39, 0.31, 0.26, 0.13]","[0.28, 0.2]","[0.28, 0.2]","[3.36, 2.91, 2.42, 0.89]","[3.27, 2.82, 2.29, 0.82]","[3.19, 2.76, 2.22, 0.81]","[32.5, 19.55, 8.43, 5.43]","[4.07, 2.66, 1.45, 1.21]","[3.97, 2.58, 1.43, 1.19]","[4.1, 2.66, 1.5, 1.26]","[4.0, 2.58, 1.48, 1.24]","[24.0, 17.0, 8.0, 6.0]","[21.0, 10.0, 4.0, 2.0]","[27.0, 17.0, 11.0, 7.0]","[72.0, 44.0, 23.0, 15.0]","[4.0, 3.0, 2.0]","[2.0, 1.0]",[1.0],"[31.0, 19.0, 9.0, 6.0]","[9.0, 5.0, 2.0, 1.0]","[5.0, 3.0, 1.0]","[1.01, 0.66, 0.29, 0.18]","[1.16, 0.7, 0.29, 0.15]","[1.9, 1.3, 0.87]",[1.0],"[1.0, 0.0]","[2.0, 1.0]","[73.9, 45.94, 26.06, 17.31]","[45.0, 27.0, 12.0, 8.0]","[45.14, 27.21, 13.07, 8.96]","[0.56, 0.34, 0.13, 0.08]","[1.09, 0.87]","[1.09, 0.87]","[3.55, 1.91, 0.71, 0.42]","[3.57, 1.91, 0.77, 0.47]","[3.52, 1.89, 0.77, 0.47]","[10.76, 6.87, 5.16, 2.27]","[5.74, 4.55, 2.39, 0.73]","[166.0, 120.0, 89.0, 41.0]","[153.0, 117.0, 63.0, 23.0]",[0.0],[0.0],[0.0],[0.0],[0.0],[0.0]
['8479337'],['2025'],['Alex DeBrincat'],['DET'],['R'],['all'],"['4', '3', '2', '1']","[4424.0, 3324.0, 2209.0, 1142.0]","[83.0, 63.0, 41.0, 19.0]","[5.36, 3.83, 3.58, 0.46]","[0.86, 0.85, 0.79, 0.78]","[0.57, 0.48, 0.47]","[0.78, 0.73, 0.64, 0.63]","[0.56, 0.51, 0.45, 0.43]","[0.8, 0.78, 0.69]","[0.55, 0.51, 0.44]","[9.0, 7.0, 4.0, 1.0]","[17.26, 12.11, 9.09, 5.39]","[1.75, 1.23, 1.15, 0.68]","[1.38, 0.95, 0.79, 0.45]","[3.69, 2.55, 1.71, 1.0]","[0.64, 0.47, 0.36, 0.21]","[10.63, 7.62, 6.15, 3.51]","[6.92, 5.18, 3.83, 2.14]","[1.64, 1.14, 1.06, 0.63]","[1.7, 1.19, 1.1, 0.66]","[1.59, 1.09, 1.01, 0.6]","[3.0, 2.0, 1.0, 0.0]","[3.0, 2.0, 0.0]","[15.0, 12.0, 8.0, 5.0]","[10.0, 6.0, 3.0]","[7.0, 5.0, 1.0]","[32.0, 23.0, 19.0, 9.0]","[6.0, 4.0, 3.0, 0.0]",[0.0],"[4.0, 3.0, 2.0]",[0.0],"[1.0, 0.0]",[0.0],"[11.0, 8.0, 7.0, 3.0]","[9.0, 6.0, 5.0, 3.0]","[15.0, 12.0, 8.0, 5.0]","[25.0, 18.0, 14.0, 8.0]",[0.0],[0.0],[0.0],[0.0],[0.0],"[4.0, 3.0, 2.0]","[16.0, 11.0, 7.0, 3.0]","[9.0, 7.0, 5.0]",[0.0],"[0.67, 0.44, 0.36, 0.13]","[1.08, 0.79, 0.56]",[0.0],[0.0],[0.0],[0.0],"[31.16, 22.03, 17.8, 8.4]","[25.0, 18.0, 14.0, 8.0]","[24.53, 17.42, 13.19, 7.52]",[0.0],"[0.33, 0.22, 0.17, 0.1]","[0.35, 0.19, 0.15]",[0.01],"[2.06, 1.44, 1.32, 0.77]","[2.01, 1.39, 1.26, 0.74]","[1.88, 1.29, 1.16, 0.68]","[83.0, 63.0, 41.0, 19.0]","[19.0, 15.0, 11.0, 5.0]","[11.0, 8.0, 2.0, 0.0]","[6.0, 5.0, 1.0]","[47.0, 35.0, 27.0, 13.0]","[5.0, 4.0, 3.0, 0.0]","[10.0, 6.0, 1.0]","[17.0, 11.0, 8.0, 4.0]","[51.0, 42.0, 29.0, 14.0]",[0.0],[2.0],"[9976.0, 7476.0, 4991.0, 2458.0]",[0.0],[0.0],[0.0],"[3.0, 2.0, 0.0]","[50.86, 38.53, 30.31, 14.41]","[6.92, 4.38, 3.27, 1.75]","[6.63, 4.16, 3.11, 1.64]","[6.83, 4.3, 3.16, 1.69]","[6.54, 4.08, 3.01, 1.59]","[49.0, 40.0, 32.0, 15.0]","[23.0, 15.0, 13.0, 6.0]","[13.0, 9.0, 8.0, 3.0]","[85.0, 64.0, 53.0, 24.0]","[8.0, 5.0, 4.0, 1.0]","[5.0, 4.0, 2.0]",[0.0],"[43.0, 34.0, 26.0, 9.0]","[23.0, 17.0, 11.0]","[6.0, 4.0, 2.0, 1.0]","[1.43, 1.09, 0.93, 0.25]","[2.75, 1.91, 1.28]","[2.75, 1.39, 0.43, 0.22]","[2.0, 0.0]","[3.0, 2.0, 1.0]","[3.0, 1.0, 0.0]","[82.51, 61.46, 50.16, 22.5]","[72.0, 55.0, 45.0, 21.0]","[70.28, 53.2, 42.91, 19.89]","[0.94, 0.72, 0.52, 0.24]","[0.39, 0.22, 0.15]","[0.39, 0.22, 0.15]","[7.47, 4.88, 3.63, 1.83]","[7.38, 4.8, 3.53, 1.79]","[7.06, 4.55, 3.35, 1.68]","[23.67, 18.02, 8.0, 4.37]","[1.9, 1.18, 0.52, 0.3]","[1.89, 1.18, 0.52, 0.3]","[1.93, 1.19, 0.57, 0.33]","[1.92, 1.19, 0.57, 0.33]","[24.0, 20.0, 8.0, 4.0]","[8.0, 5.0, 3.0, 2.0]","[16.0, 12.0, 4.0, 3.0]","[48.0, 37.0, 15.0, 9.0]","[4.0, 3.0, 2.0, 1.0]","[1.0, 0.0]",[0.0],"[26.0, 21.0, 9.0, 5.0]","[5.0, 4.0, 2.0, 1.0]","[1.0, 0.0]","[0.88, 0.66, 0.3, 0.19]","[0.64, 0.52, 0.22, 0.11]","[0.38, 0.0]","[2.0, 1.0, 0.0]","[2.0, 1.0]",[0.0],"[48.5, 37.52, 16.82, 10.25]","[32.0, 25.0, 11.0, 6.0]","[32.2, 25.28, 11.98, 6.55]","[0.31, 0.21, 0.08, 0.04]","[0.38, 0.0]","[0.38, 0.0]","[1.83, 1.38, 0.6, 0.34]","[1.84, 1.4, 0.66, 0.38]","[1.84, 1.4, 0.66, 0.38]","[7.1, 5.37, 4.33, 1.49]","[7.92, 6.03, 3.32, 1.64]","[136.0, 103.0, 75.0, 37.0]","[177.0, 124.0, 71.0, 29.0]",[0.0],[0.0],[0.0],[0.0],[0.0],[0.0]
['8484471'],['2025'],['Emmitt Finnie'],['DET'],['C'],['all'],"['4', '3', '2', '1']","[3366.0, 2522.0, 1568.0, 742.0]","[73.0, 55.0, 35.0, 16.0]","[1.17, 1.11, 0.86, 0.07]","[0.59, 0.55, 0.48, 0.37]","[0.69, 0.65, 0.6]","[0.5, 0.4, 0.39]","[0.63, 0.62, 0.54, 0.52]","[0.46, 0.41, 0.38]","[0.67, 0.65, 0.56, 0.55]","[33.0, 24.0, 18.0, 10.0]","[3.7, 1.98, 0.75]","[0.6, 0.26, 0.1]","[0.32, 0.18, 0.05]","[0.58, 0.31, 0.12]","[0.11, 0.07, 0.02]","[2.03, 1.31, 0.42]","[1.35, 0.88, 0.29]","[0.6, 0.26, 0.1]","[0.58, 0.24, 0.09]","[0.58, 0.24, 0.09]",[0.0],"[2.0, 1.0, 0.0]","[5.0, 3.0, 1.0]",[0.0],[0.0],"[5.0, 3.0, 1.0]","[2.0, 1.0, 0.0]",[0.0],"[2.0, 1.0, 0.0]",[0.0],[0.0],[0.0],"[2.0, 1.0, 0.0]",[1.0],"[5.0, 3.0, 1.0]","[5.0, 3.0, 1.0]",[0.0],[0.0],[0.0],"[11.0, 8.0, 2.0, 1.0]","[5.0, 4.0, 2.0, 1.0]","[3.0, 2.0, 0.0]","[1.0, 0.0]","[4.0, 2.0, 1.0]",[0.0],"[0.06, 0.0]","[0.54, 0.2, 0.1]",[0.0],[0.0],[0.0],[0.0],"[4.73, 2.68, 0.88]","[5.0, 3.0, 1.0]","[4.77, 2.69, 0.89]","[1.0, 0.0]","[0.07, 0.04, 0.01]","[0.48, 0.35, 0.0]",[0.0],"[0.67, 0.3, 0.11]","[0.65, 0.28, 0.1]","[0.65, 0.28, 0.1]","[73.0, 55.0, 35.0, 16.0]","[6.0, 4.0, 2.0, 1.0]","[10.0, 4.0, 3.0, 0.0]","[19.0, 16.0, 12.0, 5.0]","[38.0, 31.0, 18.0, 10.0]","[8.0, 4.0, 3.0, 1.0]","[13.0, 8.0, 4.0, 0.0]","[11.0, 9.0, 7.0, 3.0]","[41.0, 34.0, 21.0, 12.0]",[0.0],"[1.0, 0.0]","[11034.0, 8278.0, 5632.0, 2858.0]",[0.0],[0.0],[0.0],"[2.0, 1.0, 0.0]","[19.68, 12.92, 9.54, 2.36]","[2.75, 1.71, 1.41, 0.15]","[2.66, 1.67, 1.37, 0.15]","[2.68, 1.65, 1.33, 0.13]","[2.59, 1.61, 1.29, 0.13]","[19.0, 13.0, 11.0, 3.0]","[8.0, 5.0, 2.0, 0.0]","[7.0, 5.0, 2.0]","[34.0, 25.0, 18.0, 5.0]","[4.0, 3.0, 2.0, 0.0]","[3.0, 1.0, 0.0]",[0.0],"[14.0, 11.0, 8.0, 2.0]","[11.0, 5.0, 3.0, 1.0]","[2.0, 0.0]","[0.53, 0.43, 0.31, 0.05]","[1.45, 0.5, 0.32, 0.1]","[0.78, 0.0]","[1.0, 0.0]","[2.0, 1.0, 0.0]","[1.0, 0.0]","[32.98, 23.87, 16.5, 4.35]","[27.0, 18.0, 13.0, 3.0]","[26.37, 17.21, 11.92, 2.65]","[0.29, 0.18, 0.14, 0.02]","[0.49, 0.35, 0.0]","[0.49, 0.35, 0.0]","[2.55, 1.54, 1.2, 0.17]","[2.5, 1.5, 1.13, 0.15]","[2.46, 1.49, 1.13, 0.15]","[28.77, 21.44, 11.54, 3.93]","[2.23, 1.86, 1.0, 0.26]","[2.19, 1.83, 0.99, 0.25]","[2.25, 1.88, 1.08, 0.28]","[2.21, 1.86, 1.08, 0.27]","[32.0, 25.0, 11.0, 4.0]","[7.0, 4.0, 1.0]","[14.0, 9.0, 3.0, 0.0]","[53.0, 38.0, 18.0, 5.0]",[0.0],"[2.0, 0.0]",[0.0],"[30.0, 21.0, 10.0, 5.0]","[8.0, 7.0, 5.0, 0.0]","[1.0, 0.0]","[1.02, 0.76, 0.35, 0.26]","[0.95, 0.84, 0.65, 0.0]","[0.26, 0.0]",[0.0],[0.0],[0.0],"[53.67, 38.65, 19.89, 5.54]","[39.0, 29.0, 15.0, 5.0]","[39.35, 29.51, 16.35, 5.42]","[0.36, 0.28, 0.14, 0.03]","[0.36, 0.0]","[0.36, 0.0]","[2.23, 1.78, 1.13, 0.29]","[2.29, 1.84, 1.23, 0.32]","[2.26, 1.83, 1.22, 0.31]","[11.27, 8.04, 6.19, 3.09]","[7.59, 5.35, 2.84, 1.69]","[187.0, 142.0, 110.0, 56.0]","[172.0, 123.0, 68.0, 33.0]",[0.0],[0.0],[0.0],[0.0],[0.0],[0.0]
['8474141'],['2025'],['Patrick Kane'],['DET'],['R'],['all'],"['4', '3', '2', '1']","[4109.0, 3155.0, 2088.0, 1103.0]","[77.0, 59.0, 38.0, 19.0]","[4.38, 4.35, 3.73, 0.9]","[0.87, 0.76, 0.72]","[0.56, 0.53, 0.48, 0.43]","[0.79, 0.74, 0.63, 0.61]","[0.55, 0.51, 0.46, 0.45]","[0.81, 0.79, 0.64, 0.63]","[0.53, 0.51, 0.47, 0.46]","[16.0, 11.0, 7.0, 2.0]","[7.75, 5.43, 3.92, 0.87]","[0.91, 0.69, 0.35, 0.14]","[0.63, 0.45, 0.34, 0.09]","[1.75, 1.26, 0.96, 0.28]","[0.27, 0.2, 0.17, 0.04]","[4.55, 3.2, 2.51, 0.28]","[2.87, 2.18, 1.67, 0.17]","[0.85, 0.67, 0.33, 0.14]","[0.9, 0.69, 0.33, 0.13]","[0.84, 0.67, 0.31, 0.12]","[3.0, 1.0]",[0.0],"[7.0, 5.0, 4.0, 0.0]","[4.0, 3.0, 2.0, 1.0]",[1.0],"[12.0, 9.0, 7.0, 2.0]","[5.0, 4.0, 1.0]","[2.0, 1.0, 0.0]",[0.0],[0.0],"[2.0, 1.0, 0.0]",[0.0],"[3.0, 1.0]","[4.0, 3.0, 1.0, 0.0]","[5.0, 4.0, 3.0, 0.0]","[9.0, 7.0, 5.0, 1.0]",[0.0],[0.0],[0.0],"[1.0, 0.0]",[0.0],"[3.0, 2.0, 1.0]","[8.0, 6.0, 5.0, 0.0]","[2.0, 1.0]","[1.0, 0.0]","[0.27, 0.22, 0.21, 0.0]","[0.32, 0.14]","[0.33, 0.0]","[1.0, 0.0]","[1.0, 0.0]",[0.0],"[11.63, 8.69, 6.55, 1.7]","[11.0, 8.0, 6.0, 1.0]","[10.83, 7.89, 5.76, 0.88]",[0.0],"[0.14, 0.09, 0.07, 0.02]",[0.0],[0.14],"[0.91, 0.64, 0.28, 0.02]","[0.92, 0.65, 0.27, 0.02]","[0.85, 0.63, 0.25, 0.02]","[77.0, 59.0, 38.0, 19.0]","[20.0, 16.0, 11.0, 6.0]","[9.0, 7.0, 2.0, 0.0]","[4.0, 3.0, 1.0]","[44.0, 33.0, 24.0, 12.0]","[4.0, 3.0, 2.0, 0.0]","[12.0, 8.0, 2.0]","[15.0, 11.0, 8.0, 4.0]","[46.0, 37.0, 26.0, 13.0]",[0.0],[0.0],"[10291.0, 7645.0, 5112.0, 2497.0]",[0.0],"[2.0, 0.0]","[1.0, 0.0]","[1.0, 0.0]","[47.59, 37.85, 29.86, 15.94]","[5.49, 4.43, 3.33, 1.98]","[5.19, 4.2, 3.16, 1.87]","[5.37, 4.32, 3.19, 1.9]","[5.08, 4.09, 3.03, 1.79]","[45.0, 38.0, 31.0, 17.0]","[22.0, 16.0, 13.0, 6.0]","[14.0, 10.0, 9.0, 3.0]","[81.0, 64.0, 53.0, 26.0]","[6.0, 5.0, 4.0, 1.0]","[6.0, 5.0, 3.0]",[0.0],"[41.0, 33.0, 25.0, 10.0]","[21.0, 16.0, 11.0]","[5.0, 3.0, 2.0]","[1.35, 1.04, 0.89, 0.28]","[2.55, 1.81, 1.28]","[1.59, 0.63, 0.42]","[2.0, 0.0]","[3.0, 2.0, 1.0]","[1.0, 0.0]","[78.22, 61.22, 49.92, 24.2]","[67.0, 54.0, 44.0, 23.0]","[65.0, 52.0, 41.71, 21.64]","[0.92, 0.73, 0.52, 0.27]","[0.59, 0.43, 0.36]","[0.59, 0.43, 0.36]","[5.81, 4.73, 3.49, 1.89]","[5.71, 4.64, 3.37, 1.84]","[5.4, 4.39, 3.2, 1.73]","[28.33, 21.35, 7.28, 4.37]","[2.14, 1.42, 0.48, 0.3]","[2.13, 1.41, 0.48, 0.3]","[2.15, 1.41, 0.53, 0.33]","[2.14, 1.41, 0.53, 0.33]","[30.0, 23.0, 7.0, 4.0]","[9.0, 7.0, 3.0, 2.0]","[12.0, 8.0, 4.0, 3.0]","[51.0, 38.0, 14.0, 9.0]","[4.0, 3.0, 2.0, 1.0]","[1.0, 0.0]",[0.0],"[34.0, 26.0, 8.0, 5.0]","[4.0, 2.0, 1.0]","[1.0, 0.0]","[1.24, 0.9, 0.26, 0.19]","[0.52, 0.22, 0.11]","[0.38, 0.0]","[2.0, 1.0, 0.0]","[2.0, 1.0]",[0.0],"[51.34, 38.44, 15.82, 10.25]","[39.0, 30.0, 10.0, 6.0]","[38.67, 29.86, 10.98, 6.55]","[0.38, 0.27, 0.08, 0.04]","[0.38, 0.0]","[0.38, 0.0]","[2.14, 1.69, 0.56, 0.34]","[2.14, 1.68, 0.62, 0.38]","[2.13, 1.67, 0.62, 0.38]","[8.54, 5.32, 4.28, 1.26]","[7.68, 5.79, 3.36, 1.64]","[140.0, 103.0, 75.0, 35.0]","[174.0, 123.0, 72.0, 29.0]",[0.0],[0.0],[0.0],[0.0],[0.0],[0.0]
['8483464'],['2025'],['Marco Kasper'],['DET'],['C'],['all'],"['4', '3', '2', '1']","[3638.0, 2672.0, 1710.0, 881.0]","[77.0, 56.0, 35.0, 17.0]","[2.08, 1.39, 1.16, -0.03]","[0.73, 0.71, 0.64, 0.61]","[0.65, 0.61, 0.57]","[0.73, 0.64, 0.58, 0.57]","[0.61, 0.55, 0.49, 0.47]","[0.76, 0.69, 0.62, 0.61]","[0.62, 0.56, 0.49]","[23.0, 19.0, 14.0, 7.0]","[6.15, 5.38, 4.71, 1.07]","[0.55, 0.38, 0.05]","[0.42, 0.35, 0.3, 0.06]","[1.38, 1.22, 1.04, 0.29]","[0.22, 0.19, 0.17, 0.06]","[3.96, 3.62, 3.12, 0.93]","[2.48, 2.24, 2.0, 0.62]","[0.54, 0.38, 0.05]","[0.52, 0.36, 0.35, 0.04]","[0.51, 0.36, 0.35, 0.04]",[0.0],[0.0],"[5.0, 1.0]","[4.0, 3.0, 2.0, 1.0]",[1.0],"[10.0, 9.0, 8.0, 3.0]","[1.0, 0.0]","[1.0, 0.0]",[0.0],[0.0],"[1.0, 0.0]",[0.0],"[3.0, 1.0]","[4.0, 3.0, 1.0]","[4.0, 1.0]","[8.0, 7.0, 6.0, 2.0]","[2.0, 1.0]","[4.0, 2.0]","[19.0, 12.0, 6.0, 2.0]","[7.0, 5.0]",[1.0],"[2.0, 0.0]","[6.0, 5.0, 2.0]","[3.0, 2.0, 0.0]",[0.0],"[0.18, 0.05]","[0.37, 0.2, 0.0]",[0.0],[0.0],"[1.0, 0.0]",[0.0],"[9.52, 8.5, 7.5, 2.73]","[9.0, 8.0, 7.0, 2.0]","[8.57, 7.53, 6.53, 1.76]",[0.0],"[0.09, 0.08, 0.07, 0.01]",[0.0],"[0.17, 0.0]","[0.47, 0.46, 0.44, 0.06]","[0.44, 0.43, 0.41, 0.05]","[0.44, 0.43, 0.41, 0.05]","[77.0, 56.0, 35.0, 17.0]","[11.0, 8.0, 6.0, 3.0]","[12.0, 8.0, 3.0, 1.0]","[5.0, 4.0, 1.0]","[49.0, 36.0, 25.0, 12.0]","[7.0, 5.0, 2.0, 0.0]","[11.0, 7.0, 2.0]","[14.0, 9.0, 8.0, 4.0]","[45.0, 35.0, 23.0, 11.0]","[19.0, 12.0, 6.0, 2.0]","[21.0, 16.0, 6.0, 2.0]","[10762.0, 8128.0, 5490.0, 2719.0]","[4.0, 2.0]",[0.0],[0.0],"[3.0, 2.0, 1.0]","[34.58, 25.86, 20.85, 7.64]","[3.27, 1.94, 1.56, 0.58]","[3.21, 1.9, 1.51, 0.56]","[3.16, 1.84, 1.44, 0.52]","[3.11, 1.8, 1.4, 0.5]","[35.0, 28.0, 25.0, 9.0]","[15.0, 10.0, 6.0, 2.0]","[13.0, 9.0, 5.0]","[63.0, 47.0, 40.0, 16.0]","[3.0, 2.0, 0.0]","[3.0, 2.0]",[0.0],"[40.0, 32.0, 26.0, 9.0]","[7.0, 4.0, 1.0]","[3.0, 2.0, 1.0]","[1.18, 0.96, 0.89, 0.23]","[0.81, 0.46, 0.14]","[1.29, 0.53, 0.2]","[1.0, 0.0]","[1.0, 0.0]","[1.0, 0.0]","[60.6, 44.49, 37.19, 14.55]","[50.0, 38.0, 31.0, 11.0]","[48.28, 36.2, 28.91, 9.92]","[0.46, 0.35, 0.28, 0.1]","[0.52, 0.35]","[0.52, 0.35]","[3.22, 1.95, 1.49, 0.33]","[3.13, 1.87, 1.39, 0.29]","[3.09, 1.83, 1.35, 0.29]","[22.41, 16.81, 7.08, 3.35]","[1.84, 1.22, 0.56, 0.24]","[1.83, 1.22, 0.56, 0.24]","[1.87, 1.22, 0.62, 0.27]","[1.85, 1.22, 0.61, 0.27]","[22.0, 18.0, 8.0, 4.0]","[9.0, 6.0, 2.0, 1.0]","[16.0, 10.0, 5.0, 4.0]","[47.0, 34.0, 15.0, 9.0]","[5.0, 4.0, 2.0]","[1.0, 0.0]",[0.0],"[25.0, 19.0, 7.0, 4.0]","[5.0, 3.0, 1.0]","[1.0, 0.0]","[0.81, 0.57, 0.21, 0.13]","[0.65, 0.35, 0.11]","[0.38, 0.0]","[2.0, 1.0]","[3.0, 1.0]",[0.0],"[47.65, 34.74, 17.06, 10.35]","[31.0, 24.0, 10.0, 5.0]","[30.95, 24.07, 11.13, 5.55]","[0.32, 0.23, 0.09, 0.04]","[0.38, 0.0]","[0.38, 0.0]","[1.79, 1.45, 0.65, 0.27]","[1.79, 1.45, 0.71, 0.3]","[1.77, 1.44, 0.71, 0.3]","[10.76, 7.81, 6.05, 2.66]","[7.97, 5.98, 3.27, 1.71]","[158.0, 120.0, 88.0, 45.0]","[178.0, 127.0, 71.0, 29.0]",[0.0],[0.0],[0.0],[0.0],[0.0],[0.0]
['8477946'],['2025'],['Dylan Larkin'],['DET'],['C'],['all'],"['4', '3', '2', '1']","[4731.0, 3535.0, 2416.0, 1100.0]","[92.0, 69.0, 46.0, 22.0]","[4.65, 2.73, 2.4, 1.11]","[0.82, 0.74, 0.67, 0.63]","[0.61, 0.54, 0.52]","[0.65, 0.58, 0.51, 0.5]","[0.61, 0.6, 0.51, 0.49]","[0.68, 0.57, 0.52, 0.5]","[0.64, 0.62, 0.54, 0.52]","[7.0, 6.0, 4.0, 3.0]","[16.93, 12.89, 9.28, 3.78]","[2.69, 2.02, 1.28, 0.36]","[1.38, 1.01, 0.7, 0.22]","[4.23, 3.34, 2.27, 0.96]","[0.62, 0.44, 0.28, 0.12]","[8.06, 5.7, 4.65, 2.08]","[5.03, 3.49, 2.81, 1.26]","[2.51, 1.89, 1.22, 0.34]","[2.63, 1.98, 1.23, 0.36]","[2.45, 1.85, 1.17, 0.33]","[2.0, 1.0, 0.0]","[1.0, 0.0]","[14.0, 12.0, 9.0, 5.0]","[8.0, 4.0, 3.0, 0.0]",[1.0],"[23.0, 17.0, 13.0, 6.0]","[5.0, 3.0, 2.0, 1.0]","[2.0, 1.0]","[2.0, 1.0, 0.0]",[0.0],"[2.0, 1.0]",[0.0],"[6.0, 4.0, 2.0]","[10.0, 6.0, 1.0]","[12.0, 10.0, 8.0, 4.0]","[20.0, 14.0, 11.0, 4.0]","[3.0, 0.0]","[6.0, 0.0]","[43.0, 28.0, 20.0, 8.0]","[4.0, 3.0, 2.0]",[0.0],"[3.0, 2.0, 0.0]","[8.0, 7.0, 4.0, 2.0]","[11.0, 6.0, 3.0]","[3.0, 2.0, 0.0]","[0.2, 0.19, 0.08, 0.05]","[1.29, 0.63, 0.32]","[1.2, 0.56, 0.0]",[0.0],[1.0],"[1.0, 0.0]","[22.2, 16.23, 12.2, 5.58]","[22.0, 16.0, 12.0, 5.0]","[21.43, 15.44, 11.41, 4.76]","[1.0, 0.0]","[0.37, 0.29, 0.16, 0.05]","[0.05, 0.04, 0.0]","[0.56, 0.42, 0.35, 0.0]","[2.5, 1.89, 1.09, 0.41]","[2.47, 1.87, 1.06, 0.41]","[2.33, 1.77, 1.03, 0.38]","[92.0, 69.0, 46.0, 22.0]","[16.0, 12.0, 8.0, 5.0]","[14.0, 7.0, 6.0, 1.0]","[19.0, 16.0, 12.0, 5.0]","[43.0, 34.0, 20.0, 11.0]","[10.0, 5.0, 4.0, 3.0]","[14.0, 10.0, 4.0, 1.0]","[14.0, 11.0, 8.0, 4.0]","[54.0, 43.0, 30.0, 14.0]","[43.0, 28.0, 20.0, 8.0]","[28.0, 20.0, 13.0, 4.0]","[9669.0, 7265.0, 4784.0, 2500.0]","[6.0, 0.0]","[8.0, 2.0, 0.0]","[4.0, 1.0, 0.0]","[1.0, 0.0]","[42.24, 29.5, 22.31, 11.01]","[6.23, 4.32, 3.38, 1.5]","[5.88, 4.09, 3.22, 1.41]","[6.15, 4.25, 3.3, 1.49]","[5.8, 4.02, 3.15, 1.4]","[39.0, 28.0, 22.0, 12.0]","[18.0, 12.0, 9.0, 3.0]","[12.0, 10.0, 7.0, 2.0]","[69.0, 50.0, 38.0, 17.0]","[8.0, 6.0, 4.0, 1.0]","[5.0, 3.0, 1.0, 0.0]",[0.0],"[24.0, 19.0, 12.0, 4.0]","[28.0, 16.0, 15.0, 10.0]","[5.0, 4.0, 1.0]","[0.94, 0.73, 0.51, 0.15]","[3.46, 1.75, 1.67, 1.13]","[1.84, 1.2, 0.22]","[2.0, 0.0]","[4.0, 2.0, 1.0]","[2.0, 1.0, 0.0]","[67.81, 48.65, 36.39, 16.35]","[57.0, 40.0, 31.0, 15.0]","[56.23, 39.07, 29.88, 14.65]","[0.89, 0.62, 0.43, 0.18]","[0.56, 0.42, 0.35, 0.0]","[0.56, 0.42, 0.35, 0.0]","[6.55, 4.51, 3.45, 1.69]","[6.49, 4.46, 3.39, 1.67]","[6.16, 4.24, 3.25, 1.57]","[38.36, 29.51, 17.1, 5.49]","[3.09, 2.53, 1.18, 0.32]","[3.0, 2.46, 1.17, 0.32]","[3.12, 2.55, 1.26, 0.34]","[3.03, 2.48, 1.25, 0.34]","[41.0, 32.0, 16.0, 5.0]","[11.0, 8.0, 7.0, 2.0]","[17.0, 8.0, 5.0, 2.0]","[69.0, 48.0, 28.0, 9.0]",[0.0],"[3.0, 0.0]",[0.0],"[40.0, 30.0, 18.0, 7.0]","[10.0, 8.0, 5.0, 0.0]","[2.0, 0.0]","[1.3, 1.03, 0.53, 0.32]","[1.32, 1.03, 0.65, 0.0]","[0.47, 0.0]",[0.0],[0.0],[0.0],"[69.88, 48.83, 29.92, 9.75]","[52.0, 40.0, 23.0, 7.0]","[52.17, 40.3, 24.17, 7.42]","[0.56, 0.45, 0.24, 0.06]","[0.57, 0.0]","[0.57, 0.0]","[3.08, 2.41, 1.42, 0.38]","[3.14, 2.46, 1.51, 0.41]","[3.1, 2.44, 1.5, 0.4]","[7.8, 5.43, 4.22, 1.73]","[6.73, 4.67, 2.67, 1.62]","[152.0, 117.0, 90.0, 44.0]","[156.0, 113.0, 58.0, 29.0]",[0.0],[0.0],[0.0],[0.0],[0.0],[0.0]
['8479992'],['2025'],['Michael Rasmussen'],['DET'],['C'],['all'],"['4', '3', '2', '1']","[2626.0, 1953.0, 1290.0, 673.0]","[66.0, 51.0, 33.0, 16.0]","[1.98, 0.11, -0.12, -0.32]","[0.68, 0.63, 0.44, 0.39]","[0.7, 0.62, 0.6, 0.58]","[0.68, 0.49, 0.45, 0.42]","[0.63, 0.6, 0.53, 0.5]","[0.62, 0.49, 0.42, 0.4]","[0.66, 0.64, 0.55, 0.53]","[43.0, 32.0, 22.0, 11.0]","[5.47, 1.83, 0.91]","[1.33, 0.39, 0.17]","[0.41, 0.17, 0.1]","[0.96, 0.27, 0.13]","[0.15, 0.04, 0.02]","[2.42, 0.67, 0.36]","[1.73, 0.46, 0.22]","[1.33, 0.39, 0.17]","[1.34, 0.4, 0.16]","[1.34, 0.4, 0.16]","[1.0, 0.0]",[0.0],"[3.0, 0.0]","[4.0, 2.0, 1.0]","[2.0, 1.0]","[9.0, 4.0, 2.0]","[2.0, 0.0]","[1.0, 0.0]",[0.0],[0.0],[0.0],[0.0],"[2.0, 1.0]","[4.0, 1.0, 0.0]","[2.0, 0.0]","[6.0, 2.0, 1.0]",[0.0],[0.0],"[20.0, 15.0, 8.0, 4.0]","[4.0, 3.0, 1.0]",[0.0],"[1.0, 0.0]","[3.0, 0.0]","[2.0, 1.0]","[2.0, 1.0, 0.0]","[0.1, 0.0]","[0.26, 0.17]","[0.98, 0.22, 0.0]",[0.0],[0.0],"[1.0, 0.0]","[9.07, 3.97, 1.76]","[7.0, 2.0, 1.0]","[7.11, 2.02, 0.92]",[0.0],"[0.09, 0.04, 0.02]",[0.0],[0.0],"[1.42, 0.42, 0.19]","[1.42, 0.43, 0.17]","[1.42, 0.43, 0.17]","[66.0, 51.0, 33.0, 16.0]","[7.0, 5.0, 3.0, 2.0]","[9.0, 6.0, 1.0]","[6.0, 4.0, 2.0]","[44.0, 34.0, 25.0, 11.0]","[9.0, 5.0, 3.0, 1.0]","[9.0, 8.0, 7.0, 3.0]","[6.0, 5.0, 4.0, 2.0]","[42.0, 33.0, 19.0, 10.0]","[20.0, 15.0, 8.0, 4.0]","[15.0, 12.0, 5.0, 3.0]","[11774.0, 8847.0, 5910.0, 2927.0]",[0.0],[0.0],[0.0],"[4.0, 1.0, 0.0]","[20.11, 13.43, 6.93, 5.5]","[2.78, 1.1, 0.53, 0.44]","[2.77, 1.1, 0.53, 0.44]","[2.78, 1.11, 0.48, 0.39]","[2.78, 1.11, 0.48, 0.39]","[14.0, 8.0, 4.0, 2.0]","[15.0, 11.0, 6.0]","[13.0, 8.0, 7.0, 5.0]","[42.0, 27.0, 17.0, 13.0]","[3.0, 1.0, 0.0]",[1.0],[0.0],"[22.0, 15.0, 8.0, 6.0]","[4.0, 3.0, 2.0]","[3.0, 1.0, 0.0]","[0.65, 0.43, 0.26, 0.17]","[0.55, 0.46, 0.27]","[1.58, 0.22, 0.0]",[0.0],"[1.0, 0.0]","[2.0, 0.0]","[41.19, 26.05, 15.18, 11.47]","[29.0, 19.0, 10.0, 8.0]","[28.75, 18.7, 8.96, 7.16]","[0.27, 0.19, 0.1, 0.08]",[0.01],[0.01],"[3.04, 1.28, 0.62, 0.51]","[3.03, 1.29, 0.56, 0.46]","[3.03, 1.28, 0.56, 0.46]","[21.9, 18.98, 10.95, 3.51]","[1.62, 1.41, 0.81, 0.21]","[1.59, 1.39, 0.81, 0.21]","[1.67, 1.46, 0.89, 0.23]","[1.65, 1.44, 0.88, 0.23]","[19.0, 17.0, 10.0, 3.0]","[11.0, 9.0, 5.0, 2.0]","[14.0, 12.0, 6.0, 1.0]","[44.0, 38.0, 21.0, 6.0]","[3.0, 2.0]","[1.0, 0.0]",[0.0],"[26.0, 23.0, 13.0, 4.0]","[2.0, 1.0]","[2.0, 1.0, 0.0]","[0.84, 0.76, 0.41, 0.12]","[0.2, 0.08]","[0.57, 0.32, 0.0]",[1.0],[1.0],"[1.0, 0.0]","[45.24, 39.08, 22.97, 6.83]","[30.0, 26.0, 15.0, 5.0]","[30.83, 26.74, 16.19, 5.5]","[0.32, 0.27, 0.15, 0.06]","[0.26, 0.0]","[0.26, 0.0]","[1.68, 1.43, 0.97, 0.26]","[1.75, 1.49, 1.05, 0.29]","[1.72, 1.46, 1.04, 0.29]","[11.25, 8.64, 7.07, 2.8]","[8.2, 5.8, 3.03, 1.74]","[179.0, 140.0, 111.0, 48.0]","[181.0, 123.0, 65.0, 32.0]",[0.0],[0.0],[0.0],[0.0],[0.0],[0.0]
['8482078'],['2025'],['Lucas Raymond'],['DET'],['L'],['all'],"['3', '2', '1']","[2791.0, 2313.0, 1072.0]","[57.0, 44.0, 20.0]","[2.41, 2.16, 0.2]","[0.81, 0.78]","[0.57, 0.53, 0.45]","[0.64, 0.6, 0.57]","[0.61, 0.6, 0.49]","[0.64, 0.6, 0.59]","[0.64, 0.62, 0.5]","[18.0, 6.0, 4.0]","[4.97, 4.24, 2.23]","[0.7, 0.67, 0.48]","[0.41, 0.38, 0.17]","[1.11, 0.88, 0.55]","[0.17, 0.14, 0.07]","[3.01, 2.63, 1.2]","[1.6, 1.3, 0.53]","[0.69, 0.65, 0.47]","[0.7, 0.66, 0.48]","[0.68, 0.65, 0.47]",[0.0],"[1.0, 0.0]","[4.0, 2.0]","[3.0, 2.0, 1.0]","[1.0, 0.0]","[8.0, 7.0, 3.0]","[3.0, 2.0, 0.0]","[2.0, 0.0]",[0.0],[0.0],[0.0],[0.0],"[2.0, 1.0]","[3.0, 2.0]",[2.0],"[5.0, 4.0, 3.0]",[0.0],[0.0],"[1.0, 0.0]","[1.0, 0.0]","[1.0, 0.0]",[1.0],"[4.0, 3.0, 0.0]",[2.0],[1.0],"[0.22, 0.19, 0.0]",[0.26],[0.22],"[2.0, 0.0]",[0.0],[0.0],"[7.89, 6.86, 3.0]","[7.0, 6.0, 3.0]","[6.97, 5.94, 3.0]",[0.0],"[0.09, 0.04]",[0.0],[0.0],"[0.8, 0.75, 0.52]","[0.79, 0.75, 0.52]","[0.78, 0.73, 0.51]","[57.0, 44.0, 20.0]","[10.0, 7.0, 4.0]","[3.0, 1.0]","[16.0, 13.0, 5.0]","[28.0, 21.0, 10.0]","[4.0, 3.0, 2.0]","[5.0, 4.0, 0.0]","[10.0, 9.0, 4.0]","[38.0, 28.0, 14.0]","[1.0, 0.0]",[0.0],"[8009.0, 4887.0, 2528.0]",[0.0],"[2.0, 0.0]","[1.0, 0.0]",[1.0],"[27.97, 22.17, 10.27]","[4.85, 4.05, 1.45]","[4.58, 3.84, 1.36]","[4.77, 3.96, 1.43]","[4.5, 3.76, 1.34]","[26.0, 22.0, 11.0]","[12.0, 9.0, 3.0]","[6.0, 2.0]","[44.0, 37.0, 16.0]","[6.0, 5.0, 1.0]","[3.0, 1.0, 0.0]",[0.0],"[17.0, 11.0, 3.0]","[15.0, 10.0]","[6.0, 5.0, 1.0]","[0.63, 0.45, 0.1]","[1.67, 1.13]","[2.56, 1.92, 0.22]","[2.0, 0.0]",[1.0],"[3.0, 2.0, 0.0]","[42.54, 35.47, 15.35]","[38.0, 31.0, 14.0]","[36.94, 29.88, 13.65]","[0.59, 0.42, 0.18]","[0.42, 0.35, 0.0]","[0.42, 0.35, 0.0]","[5.02, 4.11, 1.62]","[4.96, 4.04, 1.6]","[4.7, 3.85, 1.5]","[19.24, 15.85, 5.98]","[1.34, 1.12, 0.33]","[1.33, 1.12, 0.33]","[1.4, 1.19, 0.35]","[1.4, 1.19, 0.35]","[20.0, 15.0, 6.0]","[6.0, 2.0]","[7.0, 4.0, 1.0]","[33.0, 25.0, 9.0]",[0.0],[0.0],[0.0],"[21.0, 17.0, 8.0]","[5.0, 4.0, 0.0]",[0.0],"[0.68, 0.55, 0.33]","[0.66, 0.57, 0.0]",[0.0],[0.0],[0.0],[0.0],"[34.43, 26.84, 9.54]","[26.0, 21.0, 8.0]","[27.11, 22.31, 8.42]","[0.24, 0.2, 0.07]",[0.0],[0.0],"[1.58, 1.32, 0.4]","[1.65, 1.4, 0.43]","[1.64, 1.4, 0.42]","[4.9, 3.56, 1.79]","[5.87, 2.72, 1.61]","[123.0, 91.0, 45.0]","[128.0, 61.0, 29.0]",[0.0],[0.0],[0.0],[0.0],[0.0],[0.0]
['8481725'],['2025'],['Elmer Soderblom'],['DET'],['L'],['all'],"['2', '1']","[1198.0, 643.0]","[28.0, 15.0]","[0.4, 0.15]","[0.66, 0.63]",[0.62],"[0.69, 0.68]","[0.6, 0.51]","[0.63, 0.6]","[0.64, 0.56]","[24.0, 12.0]","[1.05, 0.66]","[0.08, 0.02]","[0.08, 0.04]","[0.25, 0.15]","[0.05, 0.02]","[0.94, 0.45]","[0.6, 0.32]","[0.08, 0.02]","[0.07, 0.02]","[0.07, 0.02]",[0.0],[0.0],[0.0],"[2.0, 1.0]","[3.0, 2.0]","[5.0, 3.0]",[0.0],[0.0],[0.0],[0.0],[0.0],[0.0],"[1.0, 0.0]",[1.0],[0.0],"[2.0, 1.0]",[0.0],[0.0],[0.0],[4.0],[0.0],"[1.0, 0.0]","[2.0, 1.0]",[0.0],[0.0],"[0.08, 0.02]",[0.0],[0.0],[0.0],[0.0],[0.0],"[4.71, 2.67]","[2.0, 1.0]","[1.85, 0.88]",[0.0],"[0.02, 0.01]",[0.0],[0.0],"[0.1, 0.03]","[0.09, 0.02]","[0.09, 0.02]","[28.0, 15.0]","[3.0, 1.0]","[3.0, 1.0]","[2.0, 1.0]","[20.0, 12.0]","[5.0, 1.0]","[4.0, 3.0]",[2.0],"[17.0, 9.0]",[0.0],[0.0],"[6002.0, 2957.0]",[0.0],[2.0],[1.0],[0.0],"[8.47, 4.41]","[0.55, 0.32]","[0.55, 0.32]","[0.52, 0.29]","[0.52, 0.29]","[5.0, 1.0]","[7.0, 5.0]","[9.0, 5.0]","[21.0, 11.0]",[0.0],[0.0],[0.0],"[10.0, 5.0]","[2.0, 1.0]",[0.0],"[0.3, 0.15]","[0.26, 0.17]",[0.0],[0.0],[0.0],[0.0],"[19.9, 9.78]","[12.0, 6.0]","[11.38, 5.4]","[0.12, 0.06]",[0.0],[0.0],"[0.67, 0.39]","[0.63, 0.35]","[0.63, 0.35]","[4.9, 2.72]","[0.28, 0.19]","[0.28, 0.19]","[0.31, 0.21]","[0.3, 0.21]","[4.0, 2.0]","[3.0, 2.0]","[3.0, 1.0]","[10.0, 5.0]",[2.0],[0.0],[0.0],"[6.0, 3.0]",[1.0],[0.0],"[0.2, 0.11]",[0.08],[0.0],[1.0],[1.0],[0.0],"[10.99, 5.83]","[7.0, 4.0]","[7.59, 4.5]","[0.07, 0.04]",[0.0],[0.0],"[0.35, 0.23]","[0.38, 0.25]","[0.38, 0.25]","[6.96, 2.91]","[4.27, 1.75]","[94.0, 50.0]","[92.0, 33.0]",[0.0],[0.0],[0.0],[0.0],[0.0],[0.0]
['8474037'],['2025'],['James van Riemsdyk'],['DET'],['L'],['all'],"['2', '1']","[1401.0, 609.0]","[30.0, 15.0]","[1.96, 1.14]","[0.76, 0.55]","[0.46, 0.36]","[0.75, 0.58]","[0.31, 0.28]","[0.79, 0.65]","[0.34, 0.28]","[21.0, 11.0]","[3.09, 1.61]","[0.35, 0.23]","[0.28, 0.15]","[0.82, 0.24]","[0.11, 0.05]","[1.5, 0.81]","[0.95, 0.52]","[0.34, 0.23]","[0.37, 0.25]","[0.37, 0.25]",[0.0],[0.0],"[2.0, 1.0]","[2.0, 1.0]","[2.0, 0.0]","[6.0, 2.0]",[1.0],[1.0],[0.0],[0.0],"[1.0, 0.0]",[0.0],"[1.0, 0.0]",[1.0],"[1.0, 0.0]","[3.0, 1.0]",[0.0],[0.0],[1.0],[0.0],[0.0],"[1.0, 0.0]","[2.0, 1.0]","[2.0, 1.0]",[0.0],"[0.07, 0.04]","[0.27, 0.19]",[0.0],[0.0],[1.0],[0.0],"[6.28, 2.19]","[4.0, 2.0]","[4.25, 2.18]",[0.0],"[0.06, 0.03]",[0.0],"[0.03, 0.0]","[0.38, 0.26]","[0.4, 0.29]","[0.4, 0.29]","[30.0, 15.0]","[3.0, 1.0]","[5.0, 3.0]","[3.0, 2.0]","[19.0, 9.0]","[4.0, 2.0]","[2.0, 1.0]","[2.0, 1.0]","[22.0, 11.0]",[1.0],[0.0],"[5799.0, 2991.0]",[0.0],[0.0],[0.0],[1.0],"[19.21, 7.82]","[1.69, 0.49]","[1.62, 0.49]","[1.73, 0.54]","[1.66, 0.54]","[14.0, 5.0]","[13.0, 6.0]","[9.0, 3.0]","[36.0, 14.0]","[2.0, 1.0]","[1.0, 0.0]",[0.0],"[18.0, 9.0]","[9.0, 2.0]",[0.0],"[0.5, 0.18]","[1.19, 0.31]",[0.0],[0.0],"[2.0, 1.0]",[0.0],"[37.21, 14.93]","[27.0, 11.0]","[27.87, 11.74]","[0.35, 0.11]","[0.03, 0.0]","[0.03, 0.0]","[2.01, 0.61]","[2.05, 0.66]","[1.97, 0.66]","[5.22, 4.48]","[0.53, 0.41]","[0.52, 0.4]","[0.51, 0.39]","[0.5, 0.38]",[4.0],"[3.0, 2.0]","[5.0, 4.0]","[12.0, 10.0]",[0.0],[1.0],[0.0],[5.0],"[1.0, 0.0]",[1.0],[0.15],"[0.12, 0.0]",[0.26],[0.0],[0.0],[0.0],"[11.31, 9.28]","[7.0, 6.0]","[6.63, 5.63]","[0.08, 0.06]",[0.26],[0.26],"[0.35, 0.22]","[0.33, 0.2]","[0.33, 0.2]","[4.73, 1.65]","[5.45, 2.96]","[57.0, 25.0]","[127.0, 65.0]",[0.0],[0.0],[0.0],[0.0],[0.0],[0.0]
['8480879'],['2025'],['Jacob Bernard-Docker'],['DET'],['D'],['all'],"['3', '2', '1']","[2006.0, 1353.0, 616.0]","[47.0, 31.0, 14.0]","[1.25, 1.2, 1.02]","[0.63, 0.58]","[0.71, 0.58, 0.55]","[0.78, 0.56, 0.53]","[0.53, 0.45, 0.44]","[0.75, 0.56, 0.54]","[0.56, 0.48, 0.45]","[17.0, 11.0, 6.0]","[2.91, 2.23, 1.31]","[0.16, 0.15, 0.02]","[0.15, 0.13, 0.05]","[0.8, 0.54, 0.39]","[0.1, 0.06, 0.04]","[1.67, 1.27, 0.91]","[1.13, 0.84, 0.58]","[0.16, 0.15, 0.02]","[0.17, 0.16, 0.02]","[0.17, 0.16, 0.02]",[0.0],[0.0],"[4.0, 3.0, 2.0]",[0.0],[3.0],"[7.0, 6.0, 5.0]",[0.0],[0.0],[0.0],[0.0],[0.0],[0.0],"[3.0, 2.0, 1.0]",[1.0],"[4.0, 3.0, 2.0]","[4.0, 3.0, 2.0]",[0.0],[0.0],[0.0],"[1.0, 0.0]","[1.0, 0.0]","[5.0, 4.0, 1.0]","[3.0, 2.0]","[1.0, 0.0]",[0.0],"[0.03, 0.02]","[0.13, 0.0]",[0.0],[0.0],[0.0],[0.0],"[6.86, 5.79, 4.68]","[4.0, 3.0, 2.0]","[4.04, 2.99, 1.89]","[4.0, 3.0, 0.0]","[0.03, 0.01]",[0.0],[0.0],"[0.19, 0.18, 0.03]","[0.2, 0.19, 0.03]","[0.2, 0.19, 0.03]","[47.0, 31.0, 14.0]","[4.0, 3.0, 2.0]","[5.0, 2.0, 0.0]","[3.0, 2.0, 0.0]","[35.0, 24.0, 12.0]","[5.0, 2.0, 1.0]","[9.0, 5.0, 1.0]","[3.0, 2.0]","[30.0, 22.0, 10.0]",[0.0],[0.0],"[8794.0, 5847.0, 2984.0]",[0.0],[0.0],[0.0],[0.0],"[20.21, 13.58, 8.66]","[2.02, 1.09, 0.52]","[1.97, 1.08, 0.51]","[2.02, 1.1, 0.49]","[1.98, 1.09, 0.48]","[20.0, 15.0, 11.0]","[8.0, 4.0, 1.0]",[6.0],"[34.0, 25.0, 18.0]","[4.0, 3.0]","[2.0, 1.0]",[0.0],"[20.0, 16.0, 11.0]","[7.0, 2.0, 1.0]","[1.0, 0.0]","[0.7, 0.55, 0.43]","[1.0, 0.21, 0.09]","[0.33, 0.0]",[2.0],"[2.0, 1.0]",[0.0],"[33.79, 24.62, 17.04]","[28.0, 19.0, 12.0]","[28.29, 19.07, 11.5]","[0.26, 0.17, 0.1]","[0.24, 0.08]","[0.24, 0.08]","[2.03, 1.18, 0.54]","[2.04, 1.19, 0.51]","[2.0, 1.19, 0.51]","[16.9, 10.34, 2.79]","[1.45, 0.8, 0.3]","[1.44, 0.79, 0.3]","[1.47, 0.79, 0.32]","[1.46, 0.78, 0.32]","[18.0, 13.0, 3.0]","[6.0, 2.0, 1.0]","[6.0, 5.0, 1.0]","[30.0, 20.0, 5.0]",[0.0],"[1.0, 0.0]",[0.0],"[18.0, 11.0, 2.0]","[5.0, 4.0, 2.0]","[1.0, 0.0]","[0.55, 0.37, 0.08]","[0.52, 0.43, 0.22]","[0.38, 0.0]",[0.0],[0.0],[0.0],"[29.72, 19.63, 5.49]","[24.0, 15.0, 4.0]","[23.69, 14.68, 4.36]","[0.22, 0.14, 0.04]","[0.38, 0.0]","[0.38, 0.0]","[1.3, 0.95, 0.34]","[1.29, 0.93, 0.36]","[1.28, 0.92, 0.36]","[8.77, 5.42, 3.85]","[6.42, 4.46, 1.6]","[126.0, 81.0, 49.0]","[157.0, 103.0, 43.0]",[0.0],[0.0],[0.0],[0.0],[0.0],[0.0]
['8475279'],['2025'],['Ben Chiarot'],['DET'],['D'],['all'],"['4', '3', '2', '1']","[5201.0, 3772.0, 2453.0, 1015.0]","[106.0, 80.0, 51.0, 25.0]","[0.88, 0.82, 0.08, 0.03]","[0.6, 0.51, 0.39]","[0.7, 0.67, 0.63, 0.61]","[0.5, 0.47, 0.42, 0.4]","[0.65, 0.55, 0.54]","[0.46, 0.44, 0.42]","[0.7, 0.69, 0.58]","[11.0, 9.0, 6.0, 4.0]","[2.86, 1.44, 0.74]","[0.05, 0.02, 0.01]","[0.1, 0.04, 0.02]","[1.04, 0.4, 0.23]","[0.08, 0.04, 0.02]","[1.55, 0.81, 0.45]","[1.17, 0.68, 0.28]","[0.05, 0.02, 0.01]","[0.05, 0.02, 0.01]","[0.05, 0.02, 0.01]","[1.0, 0.0]",[0.0],"[3.0, 1.0]","[1.0, 0.0]","[6.0, 5.0, 2.0, 1.0]","[10.0, 7.0, 3.0, 2.0]","[1.0, 0.0]",[0.0],[0.0],[0.0],"[3.0, 2.0, 1.0]",[0.0],"[1.0, 0.0]",[0.0],"[3.0, 1.0]","[4.0, 2.0, 1.0]",[0.0],[0.0],[0.0],"[9.0, 8.0, 7.0, 3.0]","[3.0, 1.0, 0.0]","[7.0, 6.0, 5.0, 3.0]","[4.0, 2.0, 1.0]",[0.0],[0.0],"[0.05, 0.02, 0.01]",[0.0],[0.0],[0.0],[0.0],[0.0],"[9.88, 6.97, 2.77, 1.89]","[4.0, 2.0, 1.0]","[3.94, 2.0, 0.97]","[3.0, 2.0, 1.0]","[0.02, 0.01, 0.0]",[0.0],[0.0],"[0.07, 0.03, 0.01]","[0.07, 0.03, 0.01]","[0.07, 0.03, 0.01]","[106.0, 80.0, 51.0, 25.0]","[4.0, 2.0, 1.0]","[23.0, 16.0, 9.0, 3.0]","[23.0, 19.0, 13.0, 7.0]","[56.0, 43.0, 27.0, 14.0]","[12.0, 10.0, 5.0, 2.0]","[13.0, 8.0, 5.0, 2.0]","[16.0, 13.0, 9.0, 5.0]","[65.0, 49.0, 32.0, 16.0]",[0.0],[0.0],"[9199.0, 7028.0, 4747.0, 2585.0]",[0.0],"[2.0, 0.0]","[1.0, 0.0]","[10.0, 5.0, 2.0, 1.0]","[32.39, 22.52, 15.08, 4.43]","[4.21, 2.88, 2.43, 0.34]","[4.08, 2.77, 2.33, 0.34]","[4.11, 2.79, 2.3, 0.3]","[3.98, 2.68, 2.2, 0.3]","[30.0, 19.0, 13.0, 3.0]","[15.0, 13.0, 9.0, 4.0]","[18.0, 12.0, 7.0, 3.0]","[63.0, 44.0, 29.0, 10.0]","[4.0, 3.0, 1.0, 0.0]","[2.0, 1.0, 0.0]",[0.0],"[27.0, 19.0, 11.0, 5.0]","[15.0, 11.0, 9.0, 2.0]","[3.0, 2.0, 0.0]","[0.75, 0.51, 0.33, 0.08]","[1.79, 1.3, 1.03, 0.25]","[1.68, 1.07, 0.0]",[0.0],"[2.0, 0.0]","[2.0, 1.0, 0.0]","[61.67, 42.56, 26.53, 8.81]","[45.0, 32.0, 22.0, 7.0]","[44.05, 30.98, 20.34, 6.28]","[0.45, 0.32, 0.23, 0.07]","[0.48, 0.35, 0.0]","[0.49, 0.36, 0.01]","[4.17, 2.83, 2.3, 0.39]","[4.08, 2.76, 2.18, 0.35]","[4.01, 2.68, 2.11, 0.35]","[45.94, 32.63, 18.92, 6.26]","[4.05, 2.78, 1.61, 0.53]","[3.95, 2.71, 1.6, 0.52]","[4.16, 2.88, 1.75, 0.59]","[4.05, 2.8, 1.74, 0.58]","[43.0, 33.0, 18.0, 7.0]","[20.0, 12.0, 8.0, 2.0]","[30.0, 17.0, 7.0, 1.0]","[93.0, 62.0, 33.0, 10.0]","[4.0, 1.0]","[2.0, 0.0]",[0.0],"[47.0, 34.0, 20.0, 8.0]","[12.0, 9.0, 5.0, 1.0]","[4.0, 2.0, 1.0, 0.0]","[1.48, 1.12, 0.66, 0.37]","[1.45, 1.13, 0.64, 0.15]","[1.13, 0.53, 0.32, 0.0]",[1.0],"[2.0, 0.0]","[1.0, 0.0]","[94.24, 63.24, 35.88, 11.45]","[63.0, 45.0, 26.0, 9.0]","[63.87, 45.98, 27.96, 9.95]","[0.69, 0.49, 0.28, 0.09]","[0.31, 0.0]","[0.31, 0.0]","[4.44, 2.96, 1.89, 0.61]","[4.57, 3.07, 2.04, 0.68]","[4.48, 3.03, 2.03, 0.68]","[9.81, 6.87, 5.17, 2.9]","[5.76, 4.43, 2.23, 1.42]","[158.0, 123.0, 99.0, 51.0]","[132.0, 99.0, 53.0, 28.0]",[0.0],[0.0],[0.0],[0.0],[0.0],[0.0]
['8482762'],['2025'],['Simon Edvinsson'],['DET'],['D'],['all'],"['4', '3', '2', '1']","[5149.0, 3846.0, 2629.0, 1394.0]","[106.0, 79.0, 56.0, 29.0]","[2.15, 1.73, 1.45, 0.95]","[0.54, 0.48, 0.43, 0.41]","[0.75, 0.72, 0.64, 0.63]","[0.59, 0.56, 0.48, 0.47]","[0.64, 0.62, 0.53, 0.51]","[0.61, 0.58, 0.49]","[0.65, 0.63, 0.54]","[11.0, 8.0, 4.0, 1.0]","[6.13, 4.63, 3.99, 2.77]","[0.59, 0.56, 0.54, 0.11]","[0.32, 0.26, 0.22, 0.14]","[1.75, 1.15, 1.01, 0.81]","[0.19, 0.14, 0.12, 0.08]","[3.62, 2.86, 2.42, 1.68]","[2.52, 2.01, 1.68, 1.18]","[0.59, 0.56, 0.54, 0.11]","[0.58, 0.55, 0.53, 0.1]","[0.58, 0.55, 0.53, 0.1]",[0.0],[0.0],"[5.0, 4.0, 2.0]","[4.0, 3.0, 2.0]","[5.0, 4.0, 2.0]","[14.0, 12.0, 10.0, 6.0]","[1.0, 0.0]","[1.0, 0.0]",[0.0],[0.0],"[1.0, 0.0]",[0.0],"[5.0, 4.0, 3.0, 2.0]",[2.0],"[4.0, 3.0, 2.0]","[8.0, 6.0, 5.0, 4.0]","[2.0, 1.0]","[4.0, 2.0]",[0.0],"[5.0, 4.0, 3.0]","[2.0, 1.0]","[6.0, 3.0, 1.0]","[8.0, 6.0, 5.0, 4.0]",[0.0],"[1.0, 0.0]","[0.17, 0.14, 0.12, 0.11]",[0.0],"[0.42, 0.0]",[0.0],[0.0],"[1.0, 0.0]","[13.21, 11.27, 9.14, 5.37]","[9.0, 7.0, 6.0, 4.0]","[8.63, 6.69, 5.59, 3.7]","[3.0, 1.0, 0.0]","[0.07, 0.05, 0.03]",[0.0],[0.0],"[0.66, 0.62, 0.59, 0.14]","[0.64, 0.6, 0.57, 0.12]","[0.64, 0.6, 0.57, 0.12]","[106.0, 79.0, 56.0, 29.0]","[9.0, 7.0, 4.0, 3.0]","[15.0, 9.0, 4.0, 1.0]","[16.0, 11.0, 10.0, 6.0]","[66.0, 52.0, 38.0, 19.0]","[13.0, 12.0, 10.0, 6.0]","[19.0, 12.0, 9.0, 3.0]","[13.0, 8.0, 5.0, 3.0]","[61.0, 47.0, 32.0, 17.0]",[0.0],[0.0],"[9251.0, 6954.0, 4571.0, 2206.0]","[4.0, 2.0]","[4.0, 2.0]","[2.0, 1.0]","[11.0, 6.0, 4.0, 3.0]","[33.52, 25.54, 21.29, 10.39]","[3.52, 2.34, 1.91, 0.78]","[3.49, 2.32, 1.89, 0.78]","[3.41, 2.24, 1.78, 0.7]","[3.38, 2.22, 1.76, 0.7]","[26.0, 21.0, 20.0, 9.0]","[23.0, 16.0, 11.0, 5.0]","[25.0, 18.0, 15.0, 10.0]","[74.0, 55.0, 46.0, 24.0]","[2.0, 1.0, 0.0]","[3.0, 1.0]",[0.0],"[36.0, 27.0, 23.0, 9.0]","[10.0, 8.0, 7.0, 5.0]","[3.0, 2.0, 1.0, 0.0]","[1.02, 0.83, 0.72, 0.21]","[1.1, 0.87, 0.77, 0.56]","[1.4, 0.64, 0.42, 0.0]",[0.0],[0.0],"[2.0, 1.0, 0.0]","[70.41, 51.35, 41.7, 21.53]","[49.0, 37.0, 31.0, 14.0]","[46.69, 34.67, 28.21, 12.67]","[0.44, 0.34, 0.28, 0.12]","[0.05, 0.01]","[0.04, 0.0]","[3.92, 2.68, 2.2, 0.9]","[3.79, 2.56, 2.04, 0.81]","[3.76, 2.54, 2.01, 0.81]","[37.63, 28.09, 16.03, 6.46]","[3.77, 3.1, 1.65, 1.12]","[3.72, 3.05, 1.63, 1.1]","[3.75, 3.07, 1.71, 1.14]","[3.7, 3.02, 1.69, 1.11]","[33.0, 25.0, 14.0, 6.0]","[18.0, 13.0, 8.0, 3.0]","[33.0, 22.0, 14.0, 8.0]","[84.0, 60.0, 36.0, 17.0]","[4.0, 3.0, 1.0]","[3.0, 1.0]",[1.0],"[42.0, 30.0, 20.0, 8.0]","[5.0, 4.0, 1.0, 0.0]","[4.0, 1.0]","[1.45, 0.94, 0.59, 0.24]","[0.72, 0.55, 0.19, 0.0]","[1.61, 0.87]","[2.0, 1.0, 0.0]",[0.0],"[2.0, 1.0]","[86.13, 62.13, 39.43, 18.65]","[51.0, 38.0, 22.0, 9.0]","[51.02, 38.17, 23.07, 9.25]","[0.64, 0.46, 0.26, 0.11]","[1.39, 0.87]","[1.39, 0.87]","[3.02, 2.17, 1.04, 0.36]","[3.04, 2.17, 1.11, 0.38]","[3.01, 2.16, 1.1, 0.38]","[10.51, 7.41, 5.69, 2.46]","[6.04, 4.11, 2.19, 0.82]","[147.0, 112.0, 82.0, 37.0]","[141.0, 101.0, 50.0, 21.0]",[0.0],[0.0],[0.0],[0.0],[0.0],[0.0]
['8474612'],['2025'],['Travis Hamonic'],['DET'],['D'],['all'],['1'],[813.0],[19.0],[-0.45],[0.4],[0.68],[0.42],[0.68],[0.41],[0.71],[6.0],[1.44],[0.07],[0.07],[0.32],[0.05],[0.62],[0.87],[0.07],[0.07],[0.07],[0.0],[0.0],[2.0],[0.0],[1.0],[3.0],[0.0],[0.0],[0.0],[0.0],[0.0],[0.0],[0.0],[2.0],[2.0],[2.0],[0.0],[0.0],[0.0],[0.0],[0.0],[0.0],[2.0],[0.0],[0.0],[0.07],[0.0],[0.0],[0.0],[0.0],[0.0],[3.05],[2.0],[2.04],[0.0],[0.01],[0.0],[0.0],[0.09],[0.09],[0.08],[19.0],[1.0],[2.0],[3.0],[13.0],[0.0],[1.0],[5.0],[13.0],[0.0],[0.0],[2787.0],[0.0],[0.0],[0.0],[0.0],[4.86],[0.39],[0.39],[0.37],[0.36],[6.0],[1.0],[3.0],[10.0],[0.0],[0.0],[0.0],[6.0],[1.0],[0.0],[0.24],[0.15],[0.0],[0.0],[0.0],[0.0],[9.48],[7.0],[6.63],[0.06],[0.0],[0.0],[0.45],[0.43],[0.42],[6.89],[0.58],[0.57],[0.65],[0.64],[7.0],[3.0],[4.0],[14.0],[3.0],[0.0],[0.0],[7.0],[3.0],[0.0],[0.23],[0.35],[0.0],[1.0],[2.0],[0.0],[15.8],[10.0],[11.2],[0.09],[0.0],[0.0],[0.67],[0.75],[0.74],[2.85],[1.37],[51.0],[24.0],[0.0],[0.0],[0.0],[0.0],[0.0],[0.0]
['8481607'],['2025'],['Albert Johansson'],['DET'],['D'],['all'],"['4', '3', '2', '1']","[3265.0, 2433.0, 1701.0, 904.0]","[78.0, 58.0, 38.0, 20.0]","[1.88, 1.68, 1.45, 0.07]","[0.59, 0.54, 0.41]","[0.76, 0.72, 0.59]","[0.66, 0.55, 0.53, 0.52]","[0.64, 0.58, 0.5, 0.49]","[0.67, 0.59, 0.55, 0.54]","[0.66, 0.59, 0.52, 0.51]","[21.0, 16.0, 10.0, 5.0]","[3.85, 3.26, 2.65, 0.64]","[0.13, 0.11, 0.01]","[0.22, 0.18, 0.15, 0.03]","[0.93, 0.8, 0.62, 0.17]","[0.12, 0.1, 0.08, 0.03]","[2.74, 2.26, 1.78, 0.43]","[1.85, 1.55, 1.25, 0.34]","[0.13, 0.11, 0.01]","[0.12, 0.11, 0.1, 0.01]","[0.12, 0.11, 0.1, 0.01]",[0.0],"[1.0, 0.0]","[5.0, 4.0, 3.0, 1.0]","[1.0, 0.0]","[2.0, 0.0]","[8.0, 7.0, 6.0, 1.0]","[1.0, 0.0]",[0.0],"[1.0, 0.0]",[0.0],"[1.0, 0.0]",[0.0],"[1.0, 0.0]","[3.0, 1.0]","[5.0, 4.0, 3.0, 1.0]","[6.0, 5.0, 4.0, 1.0]",[0.0],[0.0],[0.0],"[4.0, 3.0, 2.0]","[2.0, 0.0]","[5.0, 2.0]","[6.0, 5.0, 4.0, 1.0]",[0.0],[0.0],"[0.13, 0.11, 0.01]",[0.0],[0.0],[0.0],[0.0],[0.0],"[7.54, 6.52, 5.41, 0.85]","[6.0, 5.0, 4.0, 1.0]","[5.79, 4.75, 3.65, 0.88]","[4.0, 1.0]","[0.04, 0.03, 0.01]","[0.03, 0.0]",[0.0],"[0.17, 0.15, 0.14, 0.01]","[0.17, 0.14, 0.13, 0.01]","[0.16, 0.14, 0.12, 0.01]","[78.0, 58.0, 38.0, 20.0]","[7.0, 5.0, 4.0, 1.0]","[6.0, 4.0, 2.0]","[9.0, 5.0, 3.0, 2.0]","[56.0, 44.0, 29.0, 15.0]","[7.0, 3.0, 2.0, 1.0]","[14.0, 9.0, 3.0, 1.0]","[11.0, 8.0, 7.0, 5.0]","[46.0, 38.0, 26.0, 13.0]",[0.0],[0.0],"[11135.0, 8367.0, 5499.0, 2696.0]",[0.0],[0.0],[0.0],"[4.0, 3.0]","[33.69, 25.31, 20.2, 9.75]","[4.29, 2.63, 1.87, 0.85]","[4.22, 2.6, 1.84, 0.82]","[4.24, 2.58, 1.77, 0.77]","[4.17, 2.55, 1.74, 0.75]","[36.0, 29.0, 25.0, 11.0]","[11.0, 6.0, 3.0, 2.0]","[12.0, 9.0, 3.0]","[59.0, 44.0, 37.0, 16.0]","[5.0, 4.0, 0.0]","[5.0, 3.0, 2.0]",[0.0],"[33.0, 27.0, 23.0, 10.0]","[9.0, 4.0, 3.0, 2.0]","[5.0, 4.0, 2.0, 1.0]","[1.14, 0.95, 0.86, 0.34]","[1.22, 0.51, 0.39, 0.3]","[1.93, 1.17, 0.63, 0.2]","[2.0, 0.0]","[1.0, 0.0]","[2.0, 1.0, 0.0]","[57.35, 42.16, 34.51, 14.58]","[47.0, 35.0, 28.0, 13.0]","[46.16, 33.93, 26.29, 11.9]","[0.45, 0.33, 0.25, 0.13]","[0.63, 0.43, 0.35]","[0.63, 0.43, 0.35]","[4.11, 2.53, 1.7, 0.63]","[4.09, 2.52, 1.62, 0.58]","[4.03, 2.5, 1.6, 0.57]","[28.88, 20.82, 10.51, 6.98]","[2.92, 2.25, 1.58, 1.21]","[2.89, 2.22, 1.55, 1.18]","[2.96, 2.26, 1.63, 1.23]","[2.92, 2.23, 1.61, 1.21]","[28.0, 21.0, 10.0, 6.0]","[12.0, 8.0, 4.0, 3.0]","[14.0, 10.0, 5.0, 4.0]","[54.0, 39.0, 19.0, 13.0]",[4.0],"[2.0, 1.0]",[1.0],"[32.0, 23.0, 9.0, 6.0]","[6.0, 5.0, 4.0, 2.0]","[2.0, 1.0]","[1.05, 0.84, 0.29, 0.14]","[0.62, 0.54, 0.41, 0.19]","[1.25, 0.87]",[1.0],[2.0],[1.0],"[54.59, 39.47, 20.75, 14.16]","[40.0, 29.0, 14.0, 9.0]","[40.2, 29.16, 15.17, 9.71]","[0.39, 0.3, 0.14, 0.1]","[1.25, 0.87]","[1.25, 0.87]","[2.06, 1.67, 0.85, 0.43]","[2.08, 1.68, 0.91, 0.46]","[2.06, 1.67, 0.91, 0.46]","[9.73, 7.12, 5.73, 2.39]","[6.89, 4.96, 2.26, 0.74]","[162.0, 123.0, 91.0, 45.0]","[171.0, 122.0, 67.0, 25.0]",[0.0],[0.0],[0.0],[0.0],[0.0],[0.0]
['8484223'],['2025'],['Axel Sandin-Pellikka'],['DET'],['D'],['all'],"['4', '3', '2', '1']","[4974.0, 3786.0, 2454.0, 1354.0]","[99.0, 75.0, 51.0, 27.0]","[1.1, 0.68, 0.5, 0.4]","[0.8, 0.71, 0.45, 0.44]","[0.65, 0.63, 0.61, 0.59]","[0.62, 0.59, 0.5, 0.49]","[0.61, 0.6, 0.51, 0.5]","[0.67, 0.63, 0.51]","[0.63, 0.61, 0.53]","[13.0, 9.0, 7.0, 3.0]","[5.37, 4.09, 3.45, 1.44]","[0.19, 0.16, 0.07]","[0.33, 0.26, 0.21, 0.08]","[1.53, 1.21, 1.03, 0.52]","[0.18, 0.14, 0.12, 0.06]","[3.33, 2.58, 2.06, 0.78]","[2.44, 1.65, 1.43, 0.49]","[0.19, 0.16, 0.07]","[0.17, 0.15, 0.14, 0.06]","[0.17, 0.15, 0.14, 0.06]",[0.0],[0.0],"[6.0, 4.0, 1.0]","[2.0, 1.0]","[6.0, 3.0, 2.0]","[14.0, 9.0, 8.0, 4.0]",[0.0],[0.0],[0.0],[0.0],[0.0],[0.0],"[5.0, 4.0, 3.0, 2.0]","[3.0, 2.0, 0.0]","[6.0, 4.0, 1.0]","[8.0, 6.0, 5.0, 2.0]","[2.0, 1.0, 0.0]","[4.0, 2.0, 0.0]",[0.0],[0.0],"[2.0, 1.0, 0.0]","[4.0, 3.0, 1.0]","[8.0, 6.0, 5.0, 2.0]",[0.0],[0.0],"[0.19, 0.16, 0.07]",[0.0],[0.0],[0.0],[0.0],[0.0],"[13.54, 8.41, 7.41, 3.64]","[8.0, 6.0, 5.0, 2.0]","[7.61, 5.53, 4.53, 1.76]","[3.0, 2.0, 0.0]","[0.07, 0.06, 0.04, 0.02]",[0.0],[0.0],"[0.26, 0.22, 0.2, 0.08]","[0.24, 0.2, 0.18, 0.07]","[0.24, 0.2, 0.18, 0.07]","[99.0, 75.0, 51.0, 27.0]","[9.0, 7.0, 4.0, 3.0]","[15.0, 8.0, 4.0, 1.0]","[13.0, 10.0, 9.0, 6.0]","[62.0, 50.0, 34.0, 17.0]","[13.0, 12.0, 10.0, 6.0]","[16.0, 10.0, 7.0, 3.0]","[10.0, 8.0, 4.0, 3.0]","[60.0, 45.0, 30.0, 15.0]",[0.0],[0.0],"[9426.0, 7014.0, 4746.0, 2246.0]","[4.0, 2.0, 0.0]",[0.0],[0.0],"[7.0, 5.0, 2.0, 1.0]","[32.6, 24.32, 19.68, 8.91]","[2.12, 1.67, 1.46, 0.65]","[2.1, 1.65, 1.44, 0.65]","[2.01, 1.57, 1.34, 0.59]","[1.99, 1.55, 1.32, 0.59]","[23.0, 19.0, 18.0, 7.0]","[25.0, 17.0, 11.0, 5.0]","[25.0, 21.0, 17.0, 11.0]","[73.0, 57.0, 46.0, 23.0]",[0.0],"[1.0, 0.0]",[0.0],"[39.0, 29.0, 23.0, 8.0]","[9.0, 7.0, 6.0, 4.0]",[0.0],"[1.13, 0.91, 0.79, 0.19]","[1.0, 0.77, 0.67, 0.46]",[0.0],[0.0],[0.0],[0.0],"[69.7, 53.57, 42.0, 20.71]","[48.0, 36.0, 29.0, 12.0]","[45.88, 33.84, 26.47, 10.82]","[0.45, 0.34, 0.27, 0.1]","[0.01, 0.0]","[0.01, 0.0]","[2.57, 2.01, 1.73, 0.76]","[2.44, 1.89, 1.59, 0.69]","[2.41, 1.87, 1.57, 0.69]","[33.39, 25.19, 11.98, 3.87]","[2.76, 2.08, 0.6, 0.16]","[2.72, 2.06, 0.59, 0.16]","[2.74, 2.05, 0.65, 0.18]","[2.71, 2.03, 0.65, 0.18]","[28.0, 23.0, 10.0, 3.0]","[18.0, 12.0, 7.0, 3.0]","[29.0, 21.0, 15.0, 8.0]","[75.0, 56.0, 32.0, 14.0]","[3.0, 2.0, 0.0]","[2.0, 0.0]",[0.0],"[37.0, 28.0, 16.0, 6.0]","[6.0, 4.0, 1.0, 0.0]","[3.0, 0.0]","[1.19, 0.8, 0.41, 0.16]","[0.84, 0.55, 0.19, 0.0]","[0.73, 0.0]","[2.0, 1.0, 0.0]",[0.0],"[1.0, 0.0]","[77.56, 58.54, 35.64, 15.89]","[46.0, 35.0, 17.0, 6.0]","[46.11, 35.23, 18.11, 6.45]","[0.55, 0.39, 0.19, 0.06]","[0.52, 0.0]","[0.52, 0.0]","[2.79, 1.95, 0.79, 0.22]","[2.81, 1.96, 0.85, 0.25]","[2.78, 1.95, 0.84, 0.24]","[11.9, 8.08, 6.14, 2.58]","[7.06, 5.13, 3.24, 1.78]","[148.0, 110.0, 82.0, 38.0]","[150.0, 105.0, 54.0, 24.0]",[0.0],[0.0],[0.0],[0.0],[0.0],[0.0]
['8481542'],['2025'],['Moritz Seider'],['DET'],['D'],['all'],"['4', '3', '2', '1']","[6166.0, 4636.0, 3054.0, 1371.0]","[115.0, 88.0, 58.0, 29.0]","[1.73, 1.25, 1.18, 1.13]","[0.9, 0.78, 0.69, 0.67]","[0.53, 0.5, 0.46, 0.39]","[0.79, 0.62, 0.52, 0.5]","[0.58, 0.52, 0.5, 0.49]","[0.8, 0.65, 0.55, 0.54]","[0.59, 0.51, 0.5]","[5.0, 4.0, 3.0, 2.0]","[7.13, 4.25, 3.56]","[0.39, 0.35, 0.3]","[0.42, 0.3, 0.26]","[2.17, 1.22, 1.07]","[0.21, 0.12, 0.1]","[4.14, 2.46, 2.02]","[2.66, 1.54, 1.25]","[0.38, 0.34, 0.29]","[0.36, 0.32, 0.27]","[0.35, 0.31, 0.26]","[1.0, 0.0]",[1.0],"[7.0, 6.0, 5.0]","[3.0, 0.0]","[4.0, 3.0, 1.0]","[14.0, 9.0, 6.0]","[2.0, 1.0]",[0.0],[1.0],[0.0],[0.0],[0.0],"[4.0, 3.0]","[5.0, 2.0, 1.0]","[7.0, 6.0, 5.0]","[10.0, 6.0, 5.0]",[1.0],[2.0],[0.0],"[8.0, 5.0, 4.0, 3.0]","[4.0, 1.0]","[9.0, 5.0, 3.0, 2.0]","[9.0, 5.0, 4.0]",[0.0],[1.0],"[0.19, 0.15, 0.09]",[0.0],[0.2],[0.0],[0.0],[0.0],"[13.42, 8.26, 5.43]","[10.0, 6.0, 5.0]","[9.68, 5.52, 4.61]","[6.0, 3.0, 2.0, 1.0]","[0.09, 0.07, 0.06]",[0.2],[0.2],"[0.28, 0.21, 0.15]","[0.27, 0.2, 0.14]","[0.27, 0.2, 0.14]","[115.0, 88.0, 58.0, 29.0]","[15.0, 11.0, 8.0, 5.0]","[19.0, 13.0, 9.0, 2.0]","[19.0, 16.0, 11.0, 5.0]","[62.0, 48.0, 30.0, 17.0]","[10.0, 7.0, 4.0, 3.0]","[13.0, 9.0, 4.0, 1.0]","[18.0, 14.0, 11.0, 5.0]","[74.0, 58.0, 39.0, 20.0]",[0.0],[0.0],"[8234.0, 6164.0, 4146.0, 2229.0]",[2.0],[0.0],[0.0],"[6.0, 4.0, 3.0, 0.0]","[55.64, 41.83, 30.83, 17.42]","[8.07, 5.91, 4.77, 2.17]","[7.67, 5.6, 4.53, 2.06]","[7.9, 5.75, 4.57, 2.08]","[7.51, 5.45, 4.34, 1.97]","[53.0, 39.0, 29.0, 18.0]","[22.0, 18.0, 14.0, 6.0]","[19.0, 15.0, 8.0, 3.0]","[94.0, 72.0, 51.0, 27.0]","[9.0, 6.0, 3.0, 1.0]","[7.0, 6.0, 4.0, 3.0]",[0.0],"[35.0, 27.0, 16.0, 9.0]","[33.0, 24.0, 22.0, 13.0]","[7.0, 6.0, 5.0, 2.0]","[1.1, 0.78, 0.54, 0.22]","[4.02, 2.79, 2.52, 1.53]","[2.94, 2.34, 1.7, 0.42]","[1.0, 0.0]","[5.0, 3.0, 1.0]","[3.0, 2.0, 1.0, 0.0]","[91.86, 69.78, 47.75, 25.04]","[75.0, 57.0, 43.0, 24.0]","[73.34, 55.31, 40.71, 22.64]","[1.05, 0.79, 0.55, 0.29]","[0.91, 0.78, 0.71, 0.36]","[0.91, 0.78, 0.71, 0.36]","[8.2, 5.91, 4.6, 2.11]","[8.08, 5.8, 4.45, 2.04]","[7.72, 5.52, 4.24, 1.93]","[46.13, 34.3, 17.23, 4.58]","[3.92, 2.65, 1.31, 0.25]","[3.81, 2.58, 1.31, 0.25]","[3.98, 2.7, 1.41, 0.27]","[3.88, 2.63, 1.41, 0.27]","[40.0, 33.0, 16.0, 4.0]","[23.0, 14.0, 7.0, 2.0]","[32.0, 19.0, 8.0, 1.0]","[95.0, 66.0, 31.0, 7.0]","[4.0, 1.0]","[2.0, 0.0]",[0.0],"[48.0, 38.0, 18.0, 6.0]","[11.0, 7.0, 4.0, 0.0]","[4.0, 2.0, 1.0, 0.0]","[1.47, 1.23, 0.51, 0.25]","[1.32, 0.89, 0.48, 0.0]","[1.13, 0.53, 0.32, 0.0]",[1.0],"[2.0, 0.0]","[1.0, 0.0]","[95.74, 66.75, 33.55, 8.04]","[63.0, 47.0, 23.0, 6.0]","[63.45, 47.55, 24.61, 6.66]","[0.67, 0.48, 0.22, 0.04]","[0.31, 0.0]","[0.31, 0.0]","[4.28, 2.82, 1.54, 0.29]","[4.36, 2.89, 1.65, 0.32]","[4.27, 2.85, 1.64, 0.32]","[5.96, 3.84, 2.84, 1.06]","[5.9, 4.56, 2.53, 1.69]","[127.0, 95.0, 77.0, 34.0]","[130.0, 95.0, 55.0, 31.0]",[0.0],[0.0],[0.0],[0.0],[0.0],[0.0]
['8477416'],['2025'],['Oliver Bjorkstrand'],['TBL'],['R'],['all'],"['4', '3', '2', '1']","[3358.0, 2349.0, 1615.0, 879.0]","[71.0, 48.0, 31.0, 16.0]","[2.8, 2.42, 1.32, 0.7]","[0.63, 0.61, 0.51]","[0.41, 0.39, 0.38, 0.28]","[0.58, 0.56, 0.51]","[0.42, 0.41, 0.4, 0.38]","[0.61, 0.57, 0.53, 0.51]","[0.39, 0.38]","[28.0, 22.0, 14.0, 7.0]","[5.92, 5.16, 3.46, 2.77]","[0.67, 0.61, 0.42, 0.4]","[0.46, 0.42, 0.29, 0.25]","[1.52, 1.36, 0.88, 0.69]","[0.2, 0.18, 0.12, 0.1]","[3.02, 2.64, 2.04, 1.59]","[2.13, 1.78, 1.26, 0.96]","[0.67, 0.61, 0.42, 0.4]","[0.7, 0.64, 0.42, 0.4]","[0.69, 0.63, 0.42, 0.4]","[2.0, 1.0, 0.0]",[0.0],"[5.0, 4.0, 3.0, 2.0]","[3.0, 2.0]","[2.0, 1.0]","[10.0, 9.0, 6.0, 5.0]","[3.0, 2.0, 1.0]",[1.0],"[2.0, 1.0, 0.0]",[0.0],"[1.0, 0.0]",[0.0],"[3.0, 2.0]",[1.0],"[4.0, 3.0, 2.0, 1.0]","[7.0, 6.0, 4.0, 3.0]",[0.0],[0.0],[0.0],"[3.0, 2.0]",[0.0],"[5.0, 3.0, 2.0]","[5.0, 4.0, 3.0, 2.0]","[3.0, 2.0]",[0.0],"[0.18, 0.13, 0.09, 0.07]","[0.48, 0.33]",[0.0],[0.0],[1.0],[0.0],"[10.37, 9.26, 5.9, 5.02]","[8.0, 7.0, 5.0, 4.0]","[8.31, 7.21, 4.96, 4.08]","[1.0, 0.0]","[0.11, 0.1, 0.07, 0.06]","[0.25, 0.22, 0.0]","[0.16, 0.0]","[0.62, 0.56, 0.49, 0.47]","[0.63, 0.56, 0.49, 0.47]","[0.63, 0.56, 0.48, 0.47]","[71.0, 48.0, 31.0, 16.0]","[13.0, 8.0, 7.0, 3.0]","[11.0, 7.0, 4.0]","[13.0, 9.0, 4.0, 3.0]","[34.0, 24.0, 16.0, 6.0]","[10.0, 7.0, 4.0, 2.0]","[10.0, 8.0, 5.0, 2.0]","[12.0, 10.0, 7.0, 3.0]","[39.0, 23.0, 15.0, 9.0]",[0.0],[0.0],"[11121.0, 8451.0, 5585.0, 2721.0]",[0.0],[0.0],[0.0],[1.0],"[31.39, 26.12, 14.0, 9.64]","[3.96, 3.22, 1.76, 1.39]","[3.85, 3.11, 1.7, 1.33]","[4.1, 3.35, 1.73, 1.39]","[3.98, 3.24, 1.67, 1.32]","[29.0, 23.0, 12.0, 8.0]","[13.0, 12.0, 8.0, 6.0]","[8.0, 7.0, 4.0, 1.0]","[50.0, 42.0, 24.0, 15.0]","[6.0, 5.0, 3.0, 2.0]","[4.0, 3.0, 0.0]","[1.0, 0.0]","[27.0, 21.0, 13.0, 8.0]","[9.0, 5.0]","[6.0, 5.0, 2.0, 1.0]","[0.72, 0.54, 0.41, 0.28]","[1.3, 0.75]","[1.94, 1.39, 0.6, 0.36]","[1.0, 0.0]","[3.0, 2.0]","[2.0, 1.0, 0.0]","[51.83, 43.42, 23.4, 15.07]","[42.0, 35.0, 20.0, 14.0]","[43.52, 36.16, 19.6, 14.16]","[0.5, 0.45, 0.24, 0.2]","[0.73, 0.7, 0.0]","[0.73, 0.7, 0.0]","[3.73, 2.97, 2.0, 1.59]","[3.81, 3.03, 1.97, 1.59]","[3.73, 2.96, 1.9, 1.52]","[28.1, 19.51, 14.03, 7.16]","[2.53, 1.85, 1.67, 0.9]","[2.47, 1.8, 1.62, 0.85]","[2.56, 1.9, 1.74, 0.9]","[2.5, 1.85, 1.69, 0.85]","[26.0, 19.0, 14.0, 7.0]","[12.0, 7.0, 5.0, 2.0]","[10.0, 5.0, 4.0, 3.0]","[48.0, 31.0, 23.0, 12.0]","[2.0, 0.0]","[2.0, 1.0]",[0.0],"[29.0, 19.0, 12.0, 5.0]","[5.0, 4.0, 2.0]","[4.0, 3.0, 2.0]","[0.78, 0.51, 0.33, 0.09]","[0.58, 0.5, 0.26]","[1.17, 0.84, 0.55]",[0.0],"[1.0, 0.0]","[1.0, 0.0]","[47.55, 31.49, 24.3, 11.81]","[38.0, 26.0, 19.0, 9.0]","[37.73, 26.35, 20.05, 8.87]","[0.38, 0.27, 0.2, 0.1]","[0.32, 0.29]","[0.32, 0.29]","[2.59, 1.83, 1.58, 0.7]","[2.62, 1.89, 1.66, 0.71]","[2.59, 1.87, 1.65, 0.7]","[6.96, 5.37, 3.12, 1.0]","[10.98, 7.83, 5.12, 2.59]","[144.0, 115.0, 79.0, 34.0]","[215.0, 168.0, 108.0, 55.0]",[0.0],[0.0],[0.0],[0.0],[0.0],[0.0]
['8482070'],['2025'],['Mitchell Chaffee'],['TBL'],['R'],['all'],"['4', '3', '2', '1']","[2239.0, 1755.0, 1312.0, 804.0]","[55.0, 41.0, 31.0, 20.0]","[0.23, -0.15, -0.18]","[0.43, 0.33, 0.32]","[0.48, 0.46, 0.43, 0.4]","[0.67, 0.5, 0.49]","[0.43, 0.42, 0.37]","[0.67, 0.46, 0.44]","[0.42, 0.41]","[40.0, 30.0, 20.0, 8.0]","[2.39, 1.69, 0.78]","[0.21, 0.18, 0.02]","[0.15, 0.12, 0.03]","[0.58, 0.4, 0.28]","[0.07, 0.04, 0.03]","[1.11, 0.69, 0.34]","[0.88, 0.56, 0.3]","[0.21, 0.18, 0.02]","[0.23, 0.2, 0.02]","[0.23, 0.2, 0.02]",[0.0],[0.0],"[2.0, 1.0]","[1.0, 0.0]",[0.0],"[3.0, 2.0, 1.0]",[0.0],[0.0],[0.0],[0.0],"[1.0, 0.0]",[0.0],[1.0],"[1.0, 0.0]","[2.0, 1.0]","[3.0, 2.0, 1.0]",[2.0],[4.0],[0.0],"[13.0, 12.0, 10.0]",[0.0],"[4.0, 3.0, 2.0, 1.0]","[2.0, 1.0]","[1.0, 0.0]",[0.0],"[0.05, 0.02]","[0.16, 0.0]",[0.0],[0.0],[0.0],[0.0],"[3.21, 2.18, 1.03]","[3.0, 2.0, 1.0]","[3.21, 2.18, 1.04]","[2.0, 1.0]","[0.03, 0.01]",[0.0],[0.0],"[0.24, 0.2, 0.03]","[0.26, 0.22, 0.03]","[0.26, 0.22, 0.03]","[55.0, 41.0, 31.0, 20.0]","[6.0, 5.0, 4.0]","[6.0, 5.0, 4.0]","[9.0, 6.0, 5.0, 4.0]","[34.0, 24.0, 17.0, 8.0]","[9.0, 7.0, 5.0, 3.0]","[10.0, 6.0, 4.0, 1.0]","[1.0, 0.0]","[35.0, 27.0, 21.0, 16.0]",[0.0],[0.0],"[12240.0, 9045.0, 5888.0, 2796.0]",[4.0],[2.0],[1.0],[0.0],"[14.11, 11.14, 7.77, 7.07]","[0.73, 0.59, 0.33, 0.25]","[0.72, 0.59, 0.33, 0.25]","[0.76, 0.62, 0.33, 0.25]","[0.76, 0.61, 0.33, 0.25]","[9.0, 7.0, 6.0]","[10.0, 8.0, 5.0, 4.0]","[8.0, 5.0, 4.0]","[27.0, 23.0, 16.0, 14.0]",[0.0],"[1.0, 0.0]",[0.0],"[18.0, 14.0, 11.0, 10.0]","[1.0, 0.0]",[0.0],"[0.57, 0.43, 0.33, 0.25]","[0.16, 0.0]",[0.0],[0.0],[0.0],[0.0],"[28.12, 23.85, 16.03, 14.06]","[19.0, 15.0, 11.0, 10.0]","[19.94, 15.68, 11.18, 10.18]","[0.17, 0.15, 0.09, 0.07]","[0.03, 0.0]","[0.03, 0.0]","[0.87, 0.74, 0.42, 0.33]","[0.91, 0.77, 0.42, 0.32]","[0.91, 0.77, 0.42, 0.32]","[15.78, 13.76, 9.7, 3.88]","[1.54, 1.18, 0.71, 0.34]","[1.52, 1.16, 0.7, 0.34]","[1.54, 1.2, 0.76, 0.34]","[1.51, 1.17, 0.75, 0.34]","[14.0, 12.0, 9.0, 5.0]","[8.0, 7.0, 4.0, 0.0]","[6.0, 4.0, 3.0, 2.0]","[28.0, 23.0, 16.0, 7.0]",[0.0],"[2.0, 1.0, 0.0]",[0.0],"[16.0, 14.0, 11.0, 4.0]","[2.0, 0.0]","[4.0, 3.0, 2.0, 1.0]","[0.3, 0.27, 0.23, 0.08]","[0.18, 0.0]","[1.06, 0.73, 0.47, 0.26]",[0.0],[0.0],[0.0],"[28.55, 23.75, 17.45, 6.82]","[22.0, 19.0, 13.0, 5.0]","[22.37, 19.51, 14.07, 4.94]","[0.19, 0.16, 0.1, 0.04]","[0.59, 0.26, 0.0]","[0.59, 0.26, 0.0]","[1.15, 1.08, 0.81, 0.38]","[1.18, 1.12, 0.87, 0.38]","[1.15, 1.1, 0.86, 0.38]","[10.18, 7.99, 4.55, 2.14]","[11.97, 8.51, 6.08, 3.15]","[167.0, 134.0, 87.0, 35.0]","[235.0, 176.0, 115.0, 60.0]",[0.0],[0.0],[0.0],[0.0],[0.0],[0.0]
['8478519'],['2025'],['Anthony Cirelli'],['TBL'],['C'],['all'],"['4', '3', '2', '1']","[4497.0, 3444.0, 2201.0, 896.0]","[100.0, 71.0, 44.0, 22.0]","[1.95, 1.72, 0.46, 0.28]","[0.41, 0.4, 0.39, 0.25]","[0.51, 0.48, 0.46, 0.43]","[0.53, 0.49, 0.43, 0.4]","[0.45, 0.44, 0.4, 0.38]","[0.44, 0.43, 0.37, 0.34]","[0.46, 0.45, 0.41]","[15.0, 10.0, 8.0, 6.0]","[4.44, 2.87, 1.53]","[0.58, 0.31, 0.11]","[0.41, 0.28, 0.15]","[0.85, 0.58, 0.32]","[0.13, 0.1, 0.04]","[2.6, 1.8, 0.89]","[1.43, 0.93, 0.5]","[0.58, 0.31, 0.11]","[0.6, 0.31, 0.11]","[0.6, 0.31, 0.11]",[0.0],"[1.0, 0.0]","[6.0, 4.0, 2.0]",[0.0],"[1.0, 0.0]","[7.0, 5.0, 2.0]","[3.0, 2.0, 0.0]","[2.0, 0.0]","[2.0, 1.0]",[0.0],"[1.0, 0.0]",[0.0],[1.0],[0.0],"[4.0, 2.0]","[4.0, 2.0]",[1.0],[2.0],"[40.0, 27.0, 22.0, 9.0]","[8.0, 7.0, 6.0, 3.0]",[1.0],"[3.0, 1.0, 0.0]","[3.0, 2.0, 1.0]","[2.0, 1.0]","[1.0, 0.0]","[0.07, 0.02, 0.01]","[0.29, 0.1]","[0.21, 0.0]","[1.0, 0.0]",[0.0],"[1.0, 0.0]","[7.1, 4.85, 2.0]","[6.0, 4.0, 2.0]","[6.13, 3.89, 2.01]","[1.0, 0.0]","[0.09, 0.06, 0.03]","[0.37, 0.09]",[0.0],"[0.66, 0.37, 0.14]","[0.69, 0.37, 0.14]","[0.69, 0.37, 0.14]","[100.0, 71.0, 44.0, 22.0]","[10.0, 7.0, 2.0, 1.0]","[28.0, 20.0, 10.0, 6.0]","[21.0, 14.0, 10.0, 2.0]","[41.0, 30.0, 22.0, 13.0]","[9.0, 7.0, 6.0, 4.0]","[9.0, 7.0, 6.0, 4.0]","[14.0, 9.0, 5.0, 1.0]","[68.0, 48.0, 27.0, 13.0]","[40.0, 27.0, 22.0, 9.0]","[45.0, 35.0, 16.0, 6.0]","[9982.0, 7356.0, 4999.0, 2704.0]",[2.0],[2.0],[1.0],"[3.0, 2.0, 0.0]","[24.45, 22.1, 16.08, 7.07]","[3.49, 3.11, 1.83, 0.39]","[3.27, 2.93, 1.66, 0.39]","[3.5, 3.09, 1.76, 0.38]","[3.29, 2.91, 1.59, 0.38]","[24.0, 21.0, 16.0, 7.0]","[9.0, 6.0, 3.0]","[29.0, 27.0, 26.0, 7.0]","[62.0, 57.0, 48.0, 17.0]","[5.0, 4.0, 2.0, 1.0]","[5.0, 4.0, 2.0]",[0.0],"[19.0, 18.0, 13.0, 8.0]","[8.0, 7.0, 6.0, 2.0]","[6.0, 5.0, 3.0, 0.0]","[0.58, 0.57, 0.38, 0.2]","[1.0, 0.86, 0.72, 0.18]","[1.91, 1.67, 0.72, 0.0]","[3.0, 2.0, 1.0]","[1.0, 0.0]","[1.0, 0.0]","[61.7, 56.33, 46.66, 17.17]","[33.0, 30.0, 22.0, 10.0]","[33.27, 30.04, 21.39, 10.18]","[0.43, 0.4, 0.31, 0.1]","[0.74, 0.6, 0.11]","[0.74, 0.6, 0.11]","[3.18, 2.76, 1.54, 0.38]","[3.21, 2.75, 1.48, 0.38]","[3.08, 2.66, 1.4, 0.38]","[47.3, 38.04, 20.58, 9.23]","[5.5, 4.4, 2.71, 1.17]","[5.05, 4.09, 2.43, 1.12]","[5.54, 4.5, 2.88, 1.17]","[5.08, 4.17, 2.57, 1.13]","[45.0, 36.0, 21.0, 11.0]","[20.0, 16.0, 7.0, 2.0]","[27.0, 23.0, 15.0, 5.0]","[92.0, 75.0, 43.0, 18.0]","[5.0, 3.0, 2.0, 1.0]","[7.0, 5.0, 4.0, 1.0]","[1.0, 0.0]","[45.0, 37.0, 20.0, 10.0]","[11.0, 8.0, 2.0, 1.0]","[9.0, 7.0, 6.0, 2.0]","[1.36, 1.15, 0.54, 0.29]","[1.47, 1.15, 0.28, 0.15]","[2.67, 2.1, 1.89, 0.72]","[2.0, 1.0, 0.0]","[1.0, 0.0]","[2.0, 1.0]","[91.16, 75.02, 44.69, 17.66]","[65.0, 52.0, 28.0, 13.0]","[64.26, 51.85, 29.0, 12.8]","[0.76, 0.62, 0.34, 0.15]","[1.82, 1.26, 1.15, 0.29]","[1.82, 1.26, 1.15, 0.29]","[4.43, 3.77, 1.9, 1.03]","[4.42, 3.77, 1.97, 1.03]","[4.33, 3.72, 1.95, 1.03]","[7.42, 5.47, 3.05, 2.0]","[8.02, 5.29, 4.08, 2.32]","[132.0, 100.0, 55.0, 32.0]","[171.0, 124.0, 88.0, 49.0]",[0.0],[0.0],[0.0],[0.0],[0.0],[0.0]
['8480876'],['2025'],['Curtis Douglas'],['TBL'],['C'],['all'],"['3', '2', '1']","[1016.0, 591.0, 309.0]","[31.0, 19.0, 11.0]","[0.13, 0.06, -0.07]","[0.85, 0.25, 0.24]","[0.5, 0.47, 0.4]","[0.57, 0.44, 0.41]","[0.43, 0.41]","[0.8, 0.48, 0.42]","[0.45, 0.43, 0.42]","[36.0, 24.0, 12.0]","[3.16, 1.63, 0.71]","[0.12, 0.07, 0.01]","[0.18, 0.12, 0.03]","[0.86, 0.35, 0.21]","[0.1, 0.04, 0.02]","[1.5, 0.79, 0.38]","[1.22, 0.63, 0.35]","[0.12, 0.07, 0.01]","[0.14, 0.07, 0.01]","[0.13, 0.07, 0.01]",[0.0],[0.0],"[2.0, 1.0]","[2.0, 1.0, 0.0]",[0.0],"[4.0, 2.0, 1.0]",[0.0],[0.0],"[1.0, 0.0]",[0.0],"[2.0, 1.0]",[0.0],"[1.0, 0.0]",[0.0],"[2.0, 1.0]","[4.0, 2.0, 1.0]","[2.0, 1.0]","[7.0, 5.0]","[1.0, 0.0]","[6.0, 4.0, 2.0]","[1.0, 0.0]",[0.0],"[4.0, 2.0, 1.0]",[0.0],[0.0],"[0.12, 0.07, 0.01]",[0.0],[0.0],[0.0],[0.0],[0.0],"[4.28, 2.07, 0.97]","[4.0, 2.0, 1.0]","[4.27, 2.07, 0.97]",[0.0],"[0.04, 0.02, 0.01]","[0.03, 0.0]","[0.03, 0.0]","[0.13, 0.09, 0.02]","[0.14, 0.1, 0.02]","[0.14, 0.1, 0.02]","[31.0, 19.0, 11.0]","[8.0, 5.0]","[1.0, 0.0]","[6.0, 3.0, 2.0]","[16.0, 7.0, 4.0]","[6.0, 4.0, 3.0]","[7.0, 5.0, 1.0]",[2.0],"[16.0, 8.0, 5.0]","[1.0, 0.0]",[0.0],"[9863.0, 6609.0, 3291.0]","[7.0, 5.0]","[7.0, 5.0]","[2.0, 1.0]","[1.0, 0.0]","[7.54, 3.88, 2.96]","[0.3, 0.16, 0.11]","[0.3, 0.15, 0.1]","[0.32, 0.16, 0.11]","[0.31, 0.16, 0.1]","[6.0, 3.0]","[4.0, 2.0, 1.0]","[2.0, 0.0]","[12.0, 7.0, 4.0]",[0.0],"[1.0, 0.0]",[0.0],"[10.0, 5.0, 4.0]",[0.0],[0.0],"[0.3, 0.16, 0.11]",[0.0],[0.0],[0.0],[0.0],[0.0],"[12.71, 7.41, 4.1]","[10.0, 5.0, 4.0]","[10.49, 5.2, 4.1]","[0.07, 0.04, 0.03]","[0.03, 0.0]","[0.03, 0.0]","[0.35, 0.2, 0.13]","[0.37, 0.21, 0.13]","[0.36, 0.2, 0.12]","[8.1, 4.84, 0.78]","[0.9, 0.49, 0.02]","[0.88, 0.48, 0.02]","[0.83, 0.45, 0.02]","[0.82, 0.44, 0.02]","[6.0, 4.0, 1.0]","[5.0, 3.0, 0.0]","[4.0, 3.0, 2.0]","[15.0, 10.0, 3.0]",[0.0],"[2.0, 1.0, 0.0]",[0.0],"[7.0, 4.0, 1.0]","[2.0, 0.0]","[2.0, 1.0, 0.0]","[0.13, 0.06, 0.02]","[0.18, 0.0]","[0.59, 0.26, 0.0]",[0.0],[0.0],[0.0],"[14.03, 9.29, 2.98]","[11.0, 7.0, 1.0]","[10.18, 6.4, 0.96]","[0.09, 0.06, 0.01]","[0.59, 0.26, 0.0]","[0.59, 0.26, 0.0]","[0.4, 0.3, 0.02]","[0.36, 0.28, 0.02]","[0.35, 0.26, 0.02]","[8.12, 5.94, 2.29]","[9.33, 5.89, 3.47]","[128.0, 96.0, 45.0]","[184.0, 125.0, 64.0]",[0.0],[0.0],[0.0],[0.0],[0.0],[0.0]
['8482090'],['2025'],['Jack Finley'],['TBL'],['C'],['all'],['1'],[545.0],[14.0],[-0.61],"[0.22, 0.21]",[0.45],[0.19],[0.5],[0.17],[0.42],[10.0],[0.0],[0.0],[0.0],[0.0],[0.0],[0.0],[0.0],[0.0],[0.0],[0.0],[0.0],[0.0],[0.0],[0.0],[0.0],[0.0],[0.0],[0.0],[0.0],[0.0],[0.0],[0.0],[0.0],[0.0],[0.0],[0.0],[1.0],[2.0],[2.0],[1.0],[0.0],[0.0],[0.0],[0.0],[0.0],[0.0],[0.0],[0.0],[0.0],[0.0],[0.0],[0.0],[0.0],[0.0],[0.0],[0.0],[0.0],[0.0],[0.0],[0.0],[0.0],[14.0],[0.0],[3.0],[0.0],[11.0],[2.0],[3.0],[1.0],[8.0],[2.0],[3.0],[3055.0],[2.0],[0.0],[0.0],[0.0],[1.48],[0.12],[0.12],[0.1],[0.1],[0.0],[2.0],[1.0],[3.0],[0.0],[0.0],[0.0],[1.0],[1.0],[0.0],[0.01],[0.1],[0.0],[0.0],[0.0],[0.0],[2.73],[2.0],[1.77],[0.02],[0.0],[0.0],[0.14],[0.13],[0.13],"[7.22, 6.86]","[0.44, 0.41]","[0.43, 0.41]","[0.49, 0.47]","[0.48, 0.46]","[6.0, 5.0]","[5.0, 4.0]",[3.0],[13.0],[0.0],[0.0],[0.0],[9.0],[0.0],[1.0],"[0.22, 0.2]",[0.0],[0.22],[0.0],[0.0],[0.0],[14.96],[10.0],[11.3],"[0.09, 0.08]",[0.0],[0.0],"[0.52, 0.5]","[0.58, 0.56]","[0.57, 0.55]",[2.37],"[2.88, 2.86]",[51.0],[51.0],[0.0],[0.0],[0.0],[0.0],[0.0],[0.0]
['8483447'],['2025'],['Conor Geekie'],['TBL'],['C'],['all'],"['4', '3', '2', '1']","[2021.0, 1549.0, 1177.0, 639.0]","[52.0, 39.0, 30.0, 17.0]","[0.46, 0.41, 0.33, 0.09]","[0.76, 0.65, 0.51, 0.45]","[0.47, 0.45, 0.4]","[0.57, 0.55, 0.53]","[0.43, 0.41]","[0.67, 0.6, 0.55]","[0.43, 0.41, 0.4, 0.39]","[44.0, 33.0, 22.0, 11.0]","[4.43, 3.69, 2.98, 0.0]","[0.38, 0.33, 0.3, 0.0]","[0.23, 0.2, 0.16, 0.0]","[0.97, 0.78, 0.65, 0.0]","[0.13, 0.1, 0.08, 0.0]","[2.38, 2.0, 1.55, 0.0]","[1.91, 1.57, 1.26, 0.0]","[0.38, 0.33, 0.3, 0.0]","[0.36, 0.31, 0.28, 0.0]","[0.36, 0.31, 0.28, 0.0]",[0.0],[0.0],"[3.0, 2.0, 0.0]","[3.0, 2.0, 0.0]",[0.0],"[6.0, 5.0, 4.0, 0.0]",[0.0],[0.0],[0.0],[0.0],"[1.0, 0.0]",[0.0],"[1.0, 0.0]","[4.0, 3.0, 2.0, 0.0]","[3.0, 2.0, 0.0]","[6.0, 5.0, 4.0, 0.0]","[1.0, 0.0]","[2.0, 0.0]","[6.0, 4.0, 3.0, 2.0]","[12.0, 11.0, 10.0, 6.0]",[0.0],[0.0],"[5.0, 4.0, 3.0, 0.0]",[0.0],"[1.0, 0.0]","[0.14, 0.09, 0.06, 0.0]",[0.0],"[0.24, 0.0]",[0.0],[0.0],[0.0],"[5.66, 4.63, 3.53, 0.0]","[6.0, 5.0, 4.0, 0.0]","[5.7, 4.67, 3.57, 0.0]",[0.0],"[0.05, 0.04, 0.03, 0.0]",[0.0],[0.0],"[0.43, 0.38, 0.33, 0.0]","[0.41, 0.35, 0.3, 0.0]","[0.41, 0.35, 0.3, 0.0]","[52.0, 39.0, 30.0, 17.0]","[10.0, 9.0, 8.0, 5.0]","[3.0, 1.0]","[9.0, 6.0, 5.0, 4.0]","[30.0, 21.0, 16.0, 7.0]","[8.0, 6.0, 5.0, 2.0]","[10.0, 7.0, 4.0, 3.0]","[5.0, 2.0]","[29.0, 21.0, 16.0, 10.0]","[6.0, 4.0, 3.0, 2.0]","[12.0, 10.0, 5.0, 3.0]","[12458.0, 9251.0, 6023.0, 2961.0]","[2.0, 0.0]","[2.0, 0.0]","[1.0, 0.0]","[2.0, 1.0]","[16.5, 12.75, 8.73, 4.36]","[0.93, 0.76, 0.48, 0.14]","[0.93, 0.75, 0.48, 0.14]","[0.94, 0.76, 0.45, 0.14]","[0.94, 0.75, 0.45, 0.14]","[12.0, 9.0, 8.0, 4.0]","[10.0, 8.0, 4.0, 2.0]","[4.0, 1.0, 0.0]","[26.0, 21.0, 13.0, 6.0]","[1.0, 0.0]","[1.0, 0.0]",[0.0],"[20.0, 15.0, 11.0, 6.0]","[1.0, 0.0]","[1.0, 0.0]","[0.53, 0.36, 0.24, 0.14]","[0.16, 0.0]","[0.24, 0.0]","[1.0, 0.0]",[0.0],[0.0],"[26.58, 21.28, 12.3, 6.09]","[22.0, 17.0, 12.0, 6.0]","[22.38, 17.09, 11.45, 6.11]","[0.18, 0.14, 0.08, 0.04]","[0.03, 0.0]","[0.03, 0.0]","[1.08, 0.9, 0.57, 0.18]","[1.09, 0.9, 0.53, 0.18]","[1.09, 0.9, 0.53, 0.17]","[12.67, 9.39, 5.33, 2.25]","[1.14, 0.74, 0.26, 0.04]","[1.12, 0.72, 0.26, 0.04]","[1.1, 0.72, 0.28, 0.05]","[1.08, 0.7, 0.28, 0.05]","[10.0, 8.0, 5.0, 2.0]","[8.0, 6.0, 3.0, 1.0]","[5.0, 3.0, 2.0]","[23.0, 17.0, 10.0, 5.0]","[1.0, 0.0]","[2.0, 1.0, 0.0]",[0.0],"[13.0, 10.0, 7.0, 3.0]","[3.0, 1.0, 0.0]","[2.0, 1.0, 0.0]","[0.27, 0.2, 0.16, 0.04]","[0.28, 0.1, 0.0]","[0.59, 0.26, 0.0]",[0.0],"[1.0, 0.0]",[0.0],"[22.67, 16.96, 10.65, 5.05]","[18.0, 14.0, 8.0, 3.0]","[17.78, 14.0, 8.56, 3.02]","[0.15, 0.12, 0.07, 0.02]","[0.59, 0.26, 0.0]","[0.59, 0.26, 0.0]","[0.7, 0.6, 0.33, 0.06]","[0.69, 0.6, 0.35, 0.07]","[0.68, 0.59, 0.35, 0.07]","[9.98, 7.83, 4.39, 2.25]","[12.38, 8.95, 6.53, 3.44]","[168.0, 136.0, 90.0, 43.0]","[240.0, 182.0, 121.0, 62.0]",[0.0],[0.0],[0.0],[0.0],[0.0],[0.0]
['8482201'],['2025'],['Gage Goncalves'],['TBL'],['C'],['all'],"['4', '3', '2', '1']","[3054.0, 2283.0, 1337.0, 716.0]","[71.0, 49.0, 30.0, 17.0]","[1.7, 1.5, 0.85, 0.25]","[0.5, 0.46, 0.43]","[0.47, 0.45, 0.41, 0.39]","[0.54, 0.49, 0.45]","[0.43, 0.42, 0.41, 0.39]","[0.53, 0.5, 0.49, 0.45]","[0.44, 0.41, 0.39]","[32.0, 23.0, 17.0, 9.0]","[1.14, 0.43]","[0.05, 0.04]","[0.07, 0.04]","[0.31, 0.1]","[0.05, 0.03]","[0.87, 0.46]","[0.64, 0.33]","[0.05, 0.04]","[0.05, 0.04]","[0.05, 0.04]",[0.0],"[3.0, 1.0, 0.0]",[0.0],"[2.0, 1.0]","[3.0, 2.0]","[5.0, 4.0, 3.0]","[3.0, 1.0, 0.0]",[0.0],[0.0],[0.0],[0.0],[0.0],"[2.0, 1.0]","[1.0, 0.0]",[0.0],"[2.0, 1.0]","[1.0, 0.0]","[2.0, 0.0]",[0.0],"[6.0, 5.0, 4.0]","[1.0, 0.0]","[7.0, 4.0, 2.0, 1.0]","[2.0, 1.0]",[0.0],[0.0],"[0.05, 0.04]",[0.0],[0.0],[0.0],[0.0],[0.0],"[5.26, 4.16, 3.05]","[2.0, 1.0]","[2.14, 1.04]",[0.0],[0.01],[0.0],[0.0],"[0.07, 0.04]","[0.07, 0.04]","[0.07, 0.04]","[71.0, 49.0, 30.0, 17.0]","[8.0, 5.0, 2.0, 0.0]","[11.0, 6.0, 4.0, 3.0]","[15.0, 10.0, 6.0, 2.0]","[37.0, 28.0, 18.0, 12.0]","[11.0, 9.0, 7.0, 5.0]","[12.0, 9.0, 7.0, 4.0]","[13.0, 9.0, 5.0, 1.0]","[35.0, 22.0, 11.0, 7.0]",[0.0],[0.0],"[11425.0, 8517.0, 5863.0, 2884.0]","[2.0, 0.0]",[2.0],[1.0],"[4.0, 2.0, 1.0]","[19.97, 17.63, 13.04, 5.65]","[1.93, 1.54, 1.03, 0.37]","[1.88, 1.52, 1.02, 0.37]","[1.96, 1.53, 0.97, 0.36]","[1.9, 1.52, 0.97, 0.36]","[16.0, 13.0, 9.0, 5.0]","[11.0, 9.0, 3.0]","[11.0, 9.0, 7.0, 5.0]","[38.0, 33.0, 25.0, 13.0]","[4.0, 3.0, 1.0, 0.0]","[3.0, 2.0]",[0.0],"[18.0, 17.0, 13.0, 6.0]","[6.0, 5.0, 4.0, 2.0]","[3.0, 2.0, 1.0, 0.0]","[0.57, 0.56, 0.4, 0.18]","[0.66, 0.53, 0.38, 0.18]","[0.69, 0.45, 0.24, 0.0]","[2.0, 1.0, 0.0]","[1.0, 0.0]","[1.0, 0.0]","[38.2, 32.83, 23.95, 13.13]","[27.0, 24.0, 18.0, 8.0]","[27.01, 23.78, 17.13, 8.13]","[0.31, 0.26, 0.18, 0.08]","[0.25, 0.11]","[0.25, 0.11]","[1.98, 1.55, 1.1, 0.34]","[2.0, 1.53, 1.04, 0.34]","[1.96, 1.53, 1.04, 0.34]","[24.55, 18.65, 12.16, 5.79]","[2.59, 1.81, 1.21, 0.36]","[2.35, 1.71, 1.13, 0.36]","[2.56, 1.84, 1.3, 0.36]","[2.33, 1.73, 1.2, 0.36]","[21.0, 17.0, 10.0, 4.0]","[12.0, 8.0, 6.0, 4.0]","[13.0, 10.0, 5.0, 3.0]","[46.0, 35.0, 21.0, 11.0]","[3.0, 2.0, 1.0, 0.0]","[4.0, 2.0, 1.0, 0.0]","[1.0, 0.0]","[23.0, 18.0, 12.0, 7.0]","[6.0, 5.0, 2.0, 1.0]","[4.0, 2.0, 0.0]","[0.71, 0.58, 0.39, 0.26]","[0.74, 0.65, 0.25, 0.1]","[1.14, 0.57, 0.0]","[2.0, 1.0, 0.0]",[0.0],"[1.0, 0.0]","[44.61, 34.43, 22.05, 10.68]","[33.0, 25.0, 16.0, 8.0]","[32.33, 24.89, 16.9, 7.84]","[0.32, 0.25, 0.15, 0.06]","[0.94, 0.37, 0.26, 0.0]","[0.94, 0.37, 0.26, 0.0]","[1.97, 1.69, 1.1, 0.43]","[1.97, 1.71, 1.17, 0.43]","[1.92, 1.69, 1.16, 0.43]","[8.98, 7.04, 3.85, 2.02]","[10.93, 7.88, 5.57, 3.12]","[156.0, 124.0, 78.0, 36.0]","[217.0, 164.0, 110.0, 56.0]",[0.0],[0.0],[0.0],[0.0],[0.0],[0.0]
['8476826'],['2025'],['Yanni Gourde'],['TBL'],['C'],['all'],"['4', '3', '2', '1']","[3893.0, 2895.0, 1961.0, 1028.0]","[89.0, 66.0, 43.0, 23.0]","[2.02, 1.59, 0.24, 0.2]","[0.49, 0.45, 0.31, 0.27]","[0.46, 0.45, 0.43]","[0.38, 0.36, 0.34, 0.28]","[0.5, 0.46, 0.45]","[0.39, 0.38, 0.31]","[0.48, 0.46, 0.44, 0.43]","[24.0, 17.0, 10.0, 4.0]","[8.02, 3.23, 1.58]","[0.92, 0.38, 0.07]","[0.5, 0.22, 0.06]","[1.92, 0.9, 0.49]","[0.23, 0.1, 0.04]","[3.3, 1.27, 0.67]","[3.12, 1.15, 0.66]","[0.92, 0.38, 0.07]","[0.95, 0.35, 0.07]","[0.95, 0.35, 0.07]",[0.0],[0.0],"[9.0, 4.0, 2.0]","[1.0, 0.0]",[1.0],"[11.0, 5.0, 3.0]","[2.0, 1.0, 0.0]","[2.0, 1.0, 0.0]","[1.0, 0.0]",[0.0],"[1.0, 0.0]",[0.0],"[4.0, 2.0]","[2.0, 0.0]","[7.0, 3.0, 2.0]","[8.0, 3.0, 2.0]",[0.0],[0.0],"[19.0, 14.0, 9.0, 6.0]","[6.0, 4.0, 1.0]",[0.0],"[4.0, 3.0, 0.0]","[6.0, 3.0, 2.0]","[2.0, 0.0]","[2.0, 1.0, 0.0]","[0.19, 0.14, 0.07]","[0.26, 0.0]","[0.48, 0.24, 0.0]","[1.0, 0.0]","[1.0, 0.0]",[0.0],"[11.46, 4.79, 3.02]","[10.0, 4.0, 2.0]","[10.39, 3.78, 2.01]","[1.0, 0.0]","[0.11, 0.05, 0.01]","[0.21, 0.0]",[0.0],"[1.03, 0.42, 0.08]","[1.06, 0.39, 0.08]","[1.06, 0.39, 0.08]","[89.0, 66.0, 43.0, 23.0]","[10.0, 5.0, 4.0, 2.0]","[18.0, 13.0, 9.0, 6.0]","[18.0, 13.0, 8.0, 5.0]","[43.0, 35.0, 22.0, 10.0]","[17.0, 14.0, 9.0, 6.0]","[16.0, 13.0, 7.0, 4.0]","[11.0, 10.0, 6.0, 1.0]","[45.0, 29.0, 21.0, 12.0]","[19.0, 14.0, 9.0, 6.0]","[28.0, 20.0, 10.0, 6.0]","[10586.0, 7905.0, 5239.0, 2572.0]",[0.0],[2.0],[1.0],[0.0],"[25.54, 21.68, 10.29, 5.54]","[2.56, 2.39, 0.93, 0.25]","[2.46, 2.3, 0.88, 0.25]","[2.67, 2.5, 0.88, 0.24]","[2.57, 2.4, 0.83, 0.24]","[24.0, 20.0, 10.0, 5.0]","[9.0, 8.0, 4.0, 3.0]","[9.0, 7.0, 3.0, 2.0]","[42.0, 35.0, 17.0, 10.0]","[3.0, 1.0, 0.0]","[5.0, 4.0, 1.0, 0.0]","[1.0, 0.0]","[23.0, 18.0, 11.0, 8.0]","[5.0, 1.0, 0.0]","[5.0, 2.0, 0.0]","[0.67, 0.51, 0.37, 0.25]","[0.66, 0.11, 0.0]","[1.23, 0.45, 0.0]","[1.0, 0.0]","[1.0, 0.0]","[1.0, 0.0]","[44.02, 36.51, 16.38, 10.04]","[33.0, 28.0, 14.0, 8.0]","[34.54, 29.18, 13.62, 8.11]","[0.36, 0.33, 0.15, 0.07]","[0.94, 0.91, 0.21, 0.0]","[0.94, 0.91, 0.21, 0.0]","[1.98, 1.81, 0.88, 0.31]","[2.04, 1.87, 0.83, 0.31]","[2.03, 1.86, 0.82, 0.31]","[40.62, 32.35, 23.02, 10.13]","[3.16, 2.54, 2.03, 0.67]","[2.98, 2.38, 1.87, 0.67]","[3.3, 2.71, 2.21, 0.68]","[3.1, 2.53, 2.04, 0.67]","[38.0, 29.0, 20.0, 9.0]","[17.0, 14.0, 11.0, 4.0]","[21.0, 15.0, 13.0, 6.0]","[76.0, 58.0, 44.0, 19.0]","[4.0, 3.0, 2.0, 0.0]","[4.0, 3.0, 1.0]",[0.0],"[43.0, 34.0, 23.0, 10.0]","[9.0, 6.0, 5.0, 2.0]","[3.0, 1.0]","[1.13, 0.9, 0.54, 0.14]","[1.17, 0.79, 0.64, 0.28]","[0.85, 0.26]","[2.0, 1.0, 0.0]","[2.0, 1.0, 0.0]",[0.0],"[77.22, 60.17, 47.1, 18.87]","[55.0, 43.0, 31.0, 13.0]","[55.5, 44.15, 32.96, 12.9]","[0.61, 0.49, 0.35, 0.16]","[0.65, 0.62, 0.03]","[0.65, 0.62, 0.03]","[3.12, 2.4, 1.76, 0.81]","[3.18, 2.5, 1.88, 0.81]","[3.14, 2.48, 1.87, 0.81]","[8.36, 6.19, 3.95, 2.14]","[10.36, 7.15, 4.76, 2.81]","[152.0, 122.0, 86.0, 39.0]","[187.0, 141.0, 87.0, 48.0]",[0.0],[0.0],[0.0],[0.0],[0.0],[0.0]
['8477404'],['2025'],['Jake Guentzel'],['TBL'],['C'],['all'],"['4', '3', '2', '1']","[5147.0, 3962.0, 2823.0, 1352.0]","[99.0, 71.0, 48.0, 26.0]","[2.81, 2.17, 0.91, 0.55]","[0.46, 0.45, 0.43]","[0.48, 0.44, 0.36]","[0.48, 0.46, 0.44, 0.37]","[0.47, 0.43, 0.42, 0.41]","[0.44, 0.43, 0.41]","[0.49, 0.42, 0.4]","[9.0, 6.0, 2.0, 1.0]","[9.01, 6.79, 5.1, 1.73]","[1.74, 1.29, 1.07, 0.54]","[0.84, 0.64, 0.45, 0.16]","[1.68, 1.3, 1.03, 0.24]","[0.27, 0.2, 0.15, 0.04]","[3.82, 2.68, 1.91, 0.65]","[2.66, 1.9, 1.39, 0.37]","[1.56, 1.14, 0.94, 0.52]","[1.78, 1.28, 1.05, 0.54]","[1.61, 1.14, 0.92, 0.52]","[4.0, 2.0]",[0.0],"[9.0, 7.0, 6.0, 2.0]","[2.0, 1.0, 0.0]","[1.0, 0.0]","[12.0, 8.0, 6.0, 2.0]","[5.0, 4.0, 2.0]","[1.0, 0.0]","[1.0, 0.0]",[0.0],"[1.0, 0.0]",[0.0],"[4.0, 2.0]","[4.0, 2.0, 1.0, 0.0]","[8.0, 7.0, 6.0, 2.0]","[10.0, 8.0, 6.0, 2.0]",[0.0],[0.0],"[2.0, 0.0]","[1.0, 0.0]","[2.0, 0.0]","[9.0, 7.0, 4.0, 1.0]","[2.0, 1.0, 0.0]","[6.0, 4.0, 3.0, 1.0]","[3.0, 2.0, 1.0]","[0.13, 0.06, 0.0]","[0.81, 0.59, 0.44, 0.18]","[0.81, 0.57, 0.36]",[0.0],"[1.0, 0.0]",[0.0],"[12.47, 8.06, 5.85, 2.0]","[11.0, 8.0, 6.0, 2.0]","[11.36, 8.06, 5.86, 2.0]","[2.0, 1.0]","[0.2, 0.16, 0.12, 0.05]","[0.14, 0.0]","[0.36, 0.21, 0.0]","[1.59, 1.09, 0.98, 0.59]","[1.64, 1.09, 0.97, 0.59]","[1.5, 0.99, 0.87, 0.56]","[99.0, 71.0, 48.0, 26.0]","[11.0, 9.0, 6.0, 4.0]","[13.0, 8.0, 6.0, 2.0]","[18.0, 13.0, 8.0, 3.0]","[57.0, 41.0, 28.0, 17.0]","[7.0, 6.0, 4.0, 2.0]","[9.0, 7.0, 4.0]","[25.0, 18.0, 14.0, 8.0]","[58.0, 40.0, 26.0, 12.0]","[2.0, 0.0]","[3.0, 2.0, 1.0, 0.0]","[9332.0, 6838.0, 4377.0, 2248.0]",[0.0],[0.0],[0.0],"[4.0, 3.0, 2.0]","[32.67, 28.38, 21.66, 11.91]","[4.76, 3.72, 3.15, 1.65]","[4.49, 3.48, 2.93, 1.58]","[4.79, 3.7, 3.09, 1.64]","[4.52, 3.47, 2.87, 1.58]","[35.0, 30.0, 23.0, 11.0]","[9.0, 8.0, 6.0, 5.0]","[27.0, 24.0, 22.0, 3.0]","[71.0, 62.0, 51.0, 19.0]","[10.0, 8.0, 6.0, 4.0]","[3.0, 2.0, 0.0]",[0.0],"[24.0, 22.0, 15.0, 9.0]","[13.0, 11.0, 10.0, 6.0]","[7.0, 5.0, 4.0, 1.0]","[0.82, 0.79, 0.58, 0.35]","[1.85, 1.63, 1.48, 0.93]","[2.09, 1.3, 1.09, 0.36]","[5.0, 4.0, 2.0]","[3.0, 2.0]","[2.0, 1.0, 0.0]","[71.01, 61.43, 49.66, 19.17]","[44.0, 38.0, 29.0, 16.0]","[44.38, 38.05, 28.4, 16.21]","[0.63, 0.55, 0.43, 0.23]","[0.63, 0.49, 0.0]","[0.63, 0.49, 0.0]","[4.75, 3.64, 3.1, 1.88]","[4.79, 3.63, 3.04, 1.88]","[4.6, 3.47, 2.89, 1.81]","[47.01, 37.2, 27.55, 17.07]","[5.82, 4.51, 3.67, 2.19]","[5.48, 4.3, 3.48, 2.14]","[5.92, 4.66, 3.89, 2.24]","[5.56, 4.43, 3.67, 2.19]","[43.0, 36.0, 25.0, 16.0]","[20.0, 14.0, 12.0, 7.0]","[29.0, 24.0, 19.0, 10.0]","[92.0, 74.0, 56.0, 33.0]","[10.0, 8.0, 7.0, 5.0]","[7.0, 5.0, 4.0, 2.0]",[1.0],"[42.0, 33.0, 24.0, 15.0]","[11.0, 10.0, 6.0, 5.0]","[10.0, 7.0, 3.0]","[1.05, 0.8, 0.52, 0.25]","[1.5, 1.35, 0.8, 0.68]","[3.27, 2.36, 1.26]","[3.0, 2.0, 1.0]","[2.0, 1.0]","[5.0, 3.0]","[92.03, 74.97, 58.55, 33.18]","[63.0, 50.0, 37.0, 23.0]","[62.65, 50.32, 38.47, 23.11]","[0.69, 0.57, 0.42, 0.26]","[1.57, 1.0, 0.9, 0.3]","[1.57, 1.0, 0.9, 0.3]","[4.94, 4.08, 3.2, 2.14]","[4.98, 4.14, 3.32, 2.18]","[4.93, 4.12, 3.31, 2.17]","[6.15, 4.86, 1.72, 0.75]","[7.69, 5.18, 3.11, 1.3]","[123.0, 95.0, 52.0, 30.0]","[171.0, 125.0, 75.0, 34.0]",[0.0],[0.0],[0.0],[0.0],[0.0],[0.0]
['8479542'],['2025'],['Brandon Hagel'],['TBL'],['L'],['all'],"['4', '3', '2', '1']","[4448.0, 3351.0, 2030.0, 940.0]","[94.0, 69.0, 44.0, 22.0]","[1.78, 1.34, 1.01, 0.07]","[0.48, 0.45, 0.38, 0.33]","[0.48, 0.43]","[0.51, 0.47, 0.46, 0.45]","[0.43, 0.41, 0.4]","[0.45, 0.44, 0.43, 0.42]","[0.46, 0.43, 0.41, 0.4]","[15.0, 11.0, 10.0, 5.0]","[12.77, 8.92, 5.96, 3.63]","[0.98, 0.64, 0.38, 0.14]","[0.95, 0.68, 0.39, 0.19]","[3.13, 2.28, 1.56, 1.02]","[0.46, 0.35, 0.18, 0.12]","[6.81, 4.97, 3.17, 2.01]","[5.68, 4.07, 2.33, 1.52]","[0.97, 0.63, 0.38, 0.13]","[1.01, 0.64, 0.35, 0.14]","[1.01, 0.64, 0.35, 0.13]","[1.0, 0.0]",[0.0],"[8.0, 4.0, 3.0]","[10.0, 9.0, 5.0, 2.0]","[3.0, 2.0, 1.0]","[21.0, 15.0, 9.0, 6.0]","[1.0, 0.0]",[0.0],"[2.0, 1.0]",[0.0],"[1.0, 0.0]",[0.0],"[5.0, 4.0, 3.0]","[10.0, 6.0, 3.0, 1.0]","[8.0, 4.0, 3.0]","[18.0, 13.0, 8.0, 5.0]","[3.0, 2.0]","[6.0, 4.0]",[0.0],"[3.0, 2.0]","[4.0, 2.0, 1.0]","[5.0, 4.0, 2.0, 1.0]","[13.0, 9.0, 6.0, 5.0]","[5.0, 4.0, 2.0, 0.0]",[0.0],"[0.42, 0.23, 0.18, 0.14]","[0.55, 0.4, 0.2, 0.0]",[0.0],[0.0],[0.0],[0.0],"[21.89, 15.49, 8.8, 6.19]","[18.0, 13.0, 8.0, 5.0]","[18.74, 13.38, 7.81, 5.16]","[2.0, 1.0]","[0.2, 0.14, 0.08, 0.04]","[0.03, 0.02]","[0.03, 0.02]","[1.15, 0.75, 0.44, 0.16]","[1.19, 0.76, 0.41, 0.16]","[1.19, 0.75, 0.41, 0.16]","[94.0, 69.0, 44.0, 22.0]","[13.0, 9.0, 4.0, 0.0]","[15.0, 13.0, 7.0, 5.0]","[13.0, 12.0, 11.0, 3.0]","[53.0, 35.0, 22.0, 14.0]","[15.0, 9.0, 6.0, 4.0]","[14.0, 11.0, 8.0, 5.0]","[15.0, 9.0, 6.0, 2.0]","[50.0, 40.0, 24.0, 11.0]",[0.0],"[2.0, 1.0]","[10031.0, 7449.0, 5170.0, 2660.0]","[6.0, 4.0]",[2.0],[1.0],"[4.0, 1.0, 0.0]","[33.96, 23.37, 12.65, 6.72]","[3.46, 2.48, 1.02, 0.4]","[3.43, 2.45, 1.02, 0.4]","[3.55, 2.48, 0.96, 0.39]","[3.51, 2.46, 0.95, 0.39]","[22.0, 14.0, 8.0, 6.0]","[25.0, 19.0, 9.0, 3.0]","[25.0, 21.0, 17.0, 6.0]","[72.0, 54.0, 34.0, 15.0]","[1.0, 0.0]","[5.0, 4.0, 2.0]",[0.0],"[35.0, 24.0, 12.0, 7.0]","[10.0, 7.0, 5.0, 2.0]","[2.0, 0.0]","[1.32, 0.77, 0.47, 0.21]","[1.19, 0.75, 0.55, 0.18]","[0.95, 0.0]","[1.0, 0.0]",[0.0],[0.0],"[73.56, 54.27, 32.09, 15.12]","[47.0, 33.0, 17.0, 9.0]","[49.01, 34.03, 16.32, 9.11]","[0.49, 0.34, 0.19, 0.09]","[0.51, 0.34, 0.11]","[0.51, 0.34, 0.11]","[3.45, 2.48, 1.1, 0.38]","[3.53, 2.48, 1.03, 0.38]","[3.51, 2.47, 1.03, 0.37]","[42.6, 32.38, 15.7, 8.78]","[3.79, 2.98, 1.64, 0.8]","[3.63, 2.82, 1.51, 0.75]","[3.81, 3.04, 1.72, 0.81]","[3.64, 2.87, 1.57, 0.76]","[39.0, 28.0, 17.0, 10.0]","[20.0, 17.0, 4.0, 2.0]","[23.0, 18.0, 12.0, 6.0]","[82.0, 63.0, 33.0, 18.0]","[2.0, 1.0, 0.0]","[4.0, 3.0, 2.0, 1.0]","[1.0, 0.0]","[46.0, 36.0, 16.0, 10.0]","[9.0, 5.0, 2.0, 1.0]","[4.0, 3.0, 1.0]","[1.47, 1.12, 0.46, 0.35]","[1.25, 0.78, 0.31, 0.15]","[1.08, 0.87, 0.29]","[1.0, 0.0]",[0.0],"[1.0, 0.0]","[80.75, 62.64, 33.76, 17.72]","[59.0, 45.0, 21.0, 12.0]","[57.96, 44.61, 21.42, 11.83]","[0.66, 0.54, 0.26, 0.14]","[0.6, 0.56, 0.55, 0.29]","[0.6, 0.56, 0.55, 0.29]","[3.86, 2.95, 1.35, 0.65]","[3.85, 2.99, 1.41, 0.65]","[3.8, 2.94, 1.39, 0.65]","[7.45, 6.11, 3.85, 1.99]","[9.72, 6.71, 5.15, 2.69]","[122.0, 103.0, 69.0, 34.0]","[181.0, 136.0, 98.0, 49.0]",[0.0],[0.0],[0.0],[0.0],[0.0],[0.0]
['8480995'],['2025'],['Pontus Holmberg'],['TBL'],['R'],['all'],"['4', '3', '2', '1']","[2905.0, 2012.0, 1306.0, 712.0]","[72.0, 52.0, 32.0, 19.0]","[1.45, 1.13, -0.29, -0.4]","[0.58, 0.51, 0.17, 0.16]","[0.45, 0.44]","[0.43, 0.38, 0.33, 0.27]","[0.46, 0.44, 0.43]","[0.44, 0.4, 0.3]","[0.45, 0.43, 0.42]","[36.0, 28.0, 19.0, 10.0]","[5.08, 3.46, 0.69, 0.0]","[0.74, 0.69, 0.01, 0.0]","[0.35, 0.31, 0.03, 0.0]","[1.22, 0.96, 0.27, 0.0]","[0.17, 0.14, 0.04, 0.0]","[1.78, 1.15, 0.4, 0.0]","[1.73, 0.76, 0.25, 0.0]","[0.7, 0.64, 0.01, 0.0]","[0.82, 0.76, 0.01, 0.0]","[0.77, 0.71, 0.01, 0.0]","[1.0, 0.0]",[0.0],"[4.0, 2.0, 0.0]","[2.0, 1.0, 0.0]",[0.0],"[6.0, 4.0, 1.0, 0.0]","[2.0, 0.0]","[1.0, 0.0]",[0.0],"[1.0, 0.0]","[1.0, 0.0]",[0.0],"[1.0, 0.0]","[3.0, 2.0, 1.0, 0.0]","[3.0, 1.0, 0.0]","[5.0, 3.0, 1.0, 0.0]","[3.0, 1.0]","[6.0, 2.0]",[2.0],"[6.0, 5.0, 2.0]","[1.0, 0.0]",[0.0],"[3.0, 1.0, 0.0]","[1.0, 0.0]","[2.0, 0.0]","[0.07, 0.01, 0.0]","[0.13, 0.0]","[0.54, 0.0]",[0.0],[0.0],"[1.0, 0.0]","[6.44, 4.3, 0.88, 0.0]","[6.0, 4.0, 1.0, 0.0]","[6.38, 4.25, 0.89, 0.0]",[0.0],"[0.08, 0.07, 0.01, 0.0]",[0.0],"[0.54, 0.0]","[0.28, 0.21, 0.02, 0.0]","[0.3, 0.23, 0.02, 0.0]","[0.29, 0.23, 0.02, 0.0]","[72.0, 52.0, 32.0, 19.0]","[11.0, 6.0, 5.0]","[10.0, 5.0, 3.0, 1.0]","[14.0, 10.0, 5.0, 4.0]","[37.0, 31.0, 19.0, 9.0]","[11.0, 8.0, 3.0, 1.0]","[13.0, 10.0, 5.0, 3.0]","[7.0, 4.0]","[41.0, 27.0, 20.0, 11.0]",[2.0],"[9.0, 7.0, 6.0]","[11574.0, 8788.0, 5894.0, 2888.0]","[6.0, 2.0]","[2.0, 0.0]","[1.0, 0.0]","[3.0, 2.0, 1.0]","[18.0, 14.14, 4.23, 2.84]","[1.74, 1.57, 0.18, 0.13]","[1.68, 1.52, 0.18, 0.12]","[1.9, 1.73, 0.18, 0.13]","[1.84, 1.67, 0.17, 0.12]","[14.0, 10.0, 2.0]","[9.0, 8.0, 4.0, 2.0]","[5.0, 4.0, 1.0, 0.0]","[28.0, 22.0, 7.0, 4.0]","[2.0, 0.0]","[4.0, 3.0, 0.0]","[1.0, 0.0]","[16.0, 11.0, 6.0, 4.0]","[4.0, 0.0]","[3.0, 0.0]","[0.41, 0.24, 0.18, 0.13]","[0.55, 0.0]","[0.78, 0.0]",[0.0],"[1.0, 0.0]","[1.0, 0.0]","[30.29, 23.89, 6.97, 4.14]","[23.0, 18.0, 6.0, 4.0]","[24.79, 19.43, 5.97, 4.11]","[0.23, 0.2, 0.04, 0.03]","[0.73, 0.7, 0.0]","[0.73, 0.7, 0.0]","[1.24, 1.08, 0.23, 0.16]","[1.34, 1.17, 0.22, 0.16]","[1.33, 1.16, 0.21, 0.15]","[25.68, 17.27, 10.29, 3.75]","[1.64, 1.15, 0.94, 0.6]","[1.62, 1.14, 0.93, 0.6]","[1.64, 1.18, 0.99, 0.6]","[1.62, 1.17, 0.98, 0.6]","[23.0, 15.0, 8.0, 3.0]","[12.0, 8.0, 6.0, 2.0]","[10.0, 6.0, 5.0, 3.0]","[45.0, 29.0, 19.0, 8.0]",[1.0],"[1.0, 0.0]",[0.0],"[31.0, 21.0, 12.0, 4.0]","[2.0, 0.0]","[2.0, 1.0]","[0.65, 0.39, 0.18, 0.05]","[0.24, 0.0]","[0.76, 0.55]",[0.0],[0.0],[1.0],"[44.81, 29.84, 20.86, 8.11]","[35.0, 23.0, 14.0, 5.0]","[34.52, 23.25, 15.15, 5.06]","[0.3, 0.2, 0.12, 0.03]","[0.03, 0.0]","[0.03, 0.0]","[1.92, 1.35, 1.06, 0.63]","[1.92, 1.38, 1.12, 0.64]","[1.89, 1.37, 1.11, 0.64]","[9.17, 7.01, 4.69, 2.27]","[11.87, 8.54, 5.85, 2.89]","[166.0, 135.0, 96.0, 45.0]","[218.0, 170.0, 112.0, 59.0]",[0.0],[0.0],[0.0],[0.0],[0.0],[0.0]
['8476453'],['2025'],['Nikita Kucherov'],['TBL'],['R'],['all'],"['4', '3', '2', '1']","[4916.0, 3651.0, 2487.0, 1255.0]","[86.0, 60.0, 41.0, 23.0]","[0.9, 0.55, 0.3, 0.08]","[0.58, 0.54, 0.51, 0.5]","[0.39, 0.37, 0.34, 0.28]","[0.51, 0.49, 0.4]","[0.44, 0.4, 0.38]","[0.48, 0.47, 0.45, 0.44]","[0.46, 0.4, 0.39, 0.38]","[9.0, 8.0, 5.0, 2.0]","[13.59, 10.5, 7.59, 5.33]","[1.96, 1.69, 0.9, 0.63]","[0.87, 0.65, 0.53, 0.38]","[2.76, 1.95, 1.45, 0.94]","[0.41, 0.31, 0.23, 0.15]","[7.05, 5.6, 4.22, 3.03]","[4.96, 3.79, 2.67, 1.86]","[1.91, 1.65, 0.86, 0.59]","[1.95, 1.67, 0.87, 0.63]","[1.91, 1.63, 0.83, 0.59]",[0.0],"[1.0, 0.0]","[8.0, 6.0, 5.0, 4.0]","[10.0, 8.0, 5.0, 3.0]","[9.0, 8.0, 5.0, 2.0]","[27.0, 22.0, 15.0, 9.0]","[3.0, 2.0]",[2.0],"[1.0, 0.0]",[0.0],"[1.0, 0.0]",[0.0],"[5.0, 3.0, 2.0]","[9.0, 6.0, 4.0, 3.0]","[6.0, 4.0, 3.0, 2.0]","[16.0, 12.0, 8.0, 5.0]","[1.0, 0.0]","[2.0, 0.0]",[0.0],"[1.0, 0.0]","[1.0, 0.0]","[8.0, 6.0, 5.0, 2.0]","[12.0, 9.0, 6.0, 4.0]","[5.0, 4.0, 3.0]","[1.0, 0.0]","[0.51, 0.37, 0.31, 0.2]","[0.71, 0.59, 0.43]","[0.73, 0.0]",[1.0],[1.0],[0.0],"[27.39, 22.09, 14.47, 9.07]","[18.0, 14.0, 10.0, 7.0]","[18.4, 14.14, 9.75, 7.12]",[0.0],"[0.2, 0.15, 0.13, 0.09]","[0.17, 0.0]",[0.0],"[2.15, 1.84, 1.03, 0.72]","[2.15, 1.82, 0.99, 0.72]","[2.1, 1.77, 0.95, 0.68]","[86.0, 60.0, 41.0, 23.0]","[17.0, 12.0, 9.0, 5.0]","[4.0, 2.0, 0.0]","[9.0, 8.0, 7.0, 3.0]","[56.0, 36.0, 23.0, 15.0]","[14.0, 8.0, 3.0, 2.0]","[17.0, 11.0, 6.0, 4.0]","[20.0, 12.0, 9.0, 6.0]","[35.0, 29.0, 23.0, 11.0]",[0.0],[0.0],"[9563.0, 7149.0, 4713.0, 2345.0]","[2.0, 0.0]",[0.0],[0.0],"[1.0, 0.0]","[44.95, 33.1, 19.31, 12.69]","[6.07, 4.44, 2.8, 1.7]","[5.87, 4.24, 2.62, 1.64]","[6.21, 4.49, 2.75, 1.7]","[6.0, 4.29, 2.57, 1.64]","[36.0, 27.0, 19.0, 12.0]","[26.0, 19.0, 7.0, 5.0]","[30.0, 26.0, 21.0, 3.0]","[92.0, 72.0, 47.0, 20.0]","[5.0, 4.0]","[4.0, 3.0, 1.0, 0.0]",[0.0],"[40.0, 29.0, 14.0, 10.0]","[17.0, 13.0, 10.0, 6.0]","[5.0, 4.0, 2.0, 1.0]","[1.5, 0.95, 0.62, 0.4]","[2.43, 1.9, 1.54, 0.93]","[2.15, 1.59, 0.64, 0.36]",[2.0],[2.0],"[1.0, 0.0]","[94.91, 73.55, 45.97, 20.2]","[62.0, 46.0, 26.0, 17.0]","[64.89, 47.84, 25.74, 17.25]","[0.77, 0.59, 0.38, 0.24]","[0.68, 0.51, 0.28, 0.0]","[0.68, 0.51, 0.28, 0.0]","[6.17, 4.53, 2.89, 1.94]","[6.3, 4.57, 2.84, 1.94]","[6.14, 4.42, 2.7, 1.87]","[50.73, 35.44, 23.8, 15.22]","[5.19, 3.19, 2.67, 1.71]","[4.98, 3.13, 2.61, 1.66]","[5.27, 3.32, 2.81, 1.76]","[5.06, 3.25, 2.75, 1.72]","[44.0, 32.0, 23.0, 16.0]","[26.0, 18.0, 10.0, 5.0]","[25.0, 20.0, 15.0, 9.0]","[95.0, 70.0, 48.0, 30.0]","[10.0, 9.0, 7.0, 4.0]","[5.0, 2.0, 1.0]",[1.0],"[51.0, 39.0, 23.0, 14.0]","[13.0, 7.0, 6.0, 5.0]","[6.0, 4.0, 2.0]","[1.44, 1.0, 0.61, 0.32]","[1.81, 0.96, 0.83, 0.68]","[1.94, 1.22, 0.71]","[4.0, 2.0, 1.0]","[2.0, 1.0]","[4.0, 2.0]","[95.28, 71.28, 50.57, 30.31]","[70.0, 50.0, 33.0, 21.0]","[69.86, 50.62, 34.59, 21.21]","[0.69, 0.49, 0.33, 0.2]","[0.88, 0.29, 0.28]","[0.88, 0.29, 0.28]","[5.0, 3.39, 2.72, 1.63]","[5.06, 3.5, 2.86, 1.66]","[5.03, 3.48, 2.84, 1.66]","[4.84, 4.14, 2.08, 0.69]","[8.33, 6.5, 4.12, 1.78]","[102.0, 85.0, 56.0, 29.0]","[168.0, 129.0, 83.0, 37.0]",[0.0],[0.0],[0.0],[0.0],[0.0],[0.0]
['8478010'],['2025'],['Brayden Point'],['TBL'],['C'],['all'],"['4', '3', '2', '1']","[4683.0, 3470.0, 2387.0, 1180.0]","[89.0, 62.0, 41.0, 23.0]","[2.63, 1.63, 1.17, 0.91]","[0.57, 0.54, 0.53]","[0.42, 0.39, 0.33, 0.27]","[0.53, 0.51, 0.43]","[0.41, 0.39, 0.38, 0.37]","[0.51, 0.49, 0.47]","[0.43, 0.39, 0.38, 0.37]","[14.0, 12.0, 7.0, 3.0]","[6.72, 3.76, 0.7]","[1.22, 0.41, 0.05]","[0.51, 0.29, 0.05]","[1.27, 0.71, 0.13]","[0.25, 0.13, 0.02]","[3.43, 2.07, 0.46]","[2.32, 1.38, 0.31]","[1.2, 0.4, 0.05]","[1.27, 0.45, 0.05]","[1.24, 0.43, 0.05]","[1.0, 0.0]",[2.0],"[7.0, 5.0, 1.0]","[2.0, 0.0]","[5.0, 4.0, 0.0]","[14.0, 9.0, 5.0, 1.0]","[5.0, 4.0, 3.0]","[2.0, 1.0]","[1.0, 0.0]",[0.0],"[1.0, 0.0]",[0.0],"[2.0, 0.0]","[3.0, 2.0, 0.0]","[5.0, 4.0, 0.0]","[7.0, 4.0, 0.0]","[1.0, 0.0]","[2.0, 0.0]","[23.0, 17.0, 10.0, 6.0]","[1.0, 0.0]",[0.0],"[5.0, 4.0, 3.0, 2.0]","[6.0, 4.0, 1.0]","[1.0, 0.0]","[2.0, 1.0, 0.0]","[0.27, 0.19, 0.05]","[0.17, 0.0]","[0.78, 0.22, 0.0]",[1.0],[0.0],"[1.0, 0.0]","[14.55, 9.38, 5.07, 1.07]","[9.0, 5.0, 1.0]","[9.41, 5.35, 1.05]","[3.0, 2.0, 1.0, 0.0]","[0.12, 0.06, 0.01]","[0.22, 0.0]","[0.39, 0.22, 0.0]","[0.95, 0.26, 0.06]","[0.97, 0.28, 0.06]","[0.97, 0.27, 0.06]","[89.0, 62.0, 41.0, 23.0]","[19.0, 14.0, 10.0, 5.0]","[7.0, 5.0, 3.0, 1.0]","[9.0, 7.0, 6.0, 3.0]","[54.0, 36.0, 22.0, 14.0]","[10.0, 4.0, 2.0, 1.0]","[16.0, 10.0, 3.0, 2.0]","[21.0, 13.0, 10.0, 7.0]","[42.0, 35.0, 26.0, 13.0]","[23.0, 17.0, 10.0, 6.0]","[33.0, 27.0, 21.0, 8.0]","[9796.0, 7330.0, 4813.0, 2420.0]","[2.0, 0.0]","[2.0, 0.0]","[1.0, 0.0]","[3.0, 2.0, 1.0]","[42.51, 30.76, 20.06, 12.69]","[5.13, 3.51, 2.79, 1.67]","[4.92, 3.32, 2.61, 1.61]","[5.24, 3.54, 2.74, 1.67]","[5.03, 3.35, 2.56, 1.6]","[36.0, 27.0, 19.0, 12.0]","[23.0, 16.0, 8.0, 5.0]","[28.0, 24.0, 21.0, 3.0]","[87.0, 67.0, 48.0, 20.0]","[6.0, 5.0, 4.0]","[4.0, 3.0, 1.0, 0.0]",[0.0],"[40.0, 29.0, 16.0, 10.0]","[15.0, 11.0, 9.0, 6.0]","[4.0, 3.0, 2.0, 1.0]","[1.53, 1.0, 0.7, 0.37]","[2.18, 1.65, 1.45, 0.93]","[1.42, 0.86, 0.64, 0.36]","[3.0, 2.0]",[2.0],"[1.0, 0.0]","[89.33, 67.97, 46.85, 20.2]","[59.0, 43.0, 27.0, 17.0]","[61.34, 44.29, 26.62, 17.25]","[0.74, 0.56, 0.38, 0.24]","[0.68, 0.51, 0.28, 0.0]","[0.68, 0.51, 0.28, 0.0]","[5.19, 3.57, 2.89, 1.91]","[5.29, 3.58, 2.84, 1.9]","[5.13, 3.43, 2.69, 1.84]","[43.77, 29.37, 21.4, 12.91]","[4.41, 2.69, 2.45, 1.5]","[4.21, 2.64, 2.4, 1.45]","[4.5, 2.82, 2.59, 1.55]","[4.29, 2.76, 2.53, 1.51]","[39.0, 28.0, 21.0, 13.0]","[22.0, 14.0, 9.0, 5.0]","[23.0, 18.0, 13.0, 8.0]","[84.0, 60.0, 43.0, 26.0]","[8.0, 7.0, 4.0]","[5.0, 2.0, 1.0]",[1.0],"[46.0, 33.0, 21.0, 12.0]","[9.0, 5.0, 4.0]","[6.0, 4.0, 2.0]","[1.26, 0.81, 0.57, 0.28]","[1.22, 0.66, 0.5]","[1.94, 1.22, 0.71]","[3.0, 2.0, 1.0]",[1.0],"[4.0, 2.0]","[84.17, 61.17, 45.29, 26.24]","[61.0, 42.0, 30.0, 18.0]","[60.87, 42.63, 31.44, 18.18]","[0.57, 0.4, 0.29, 0.17]","[0.88, 0.29, 0.28]","[0.88, 0.29, 0.28]","[4.11, 2.81, 2.47, 1.38]","[4.17, 2.92, 2.6, 1.42]","[4.14, 2.9, 2.58, 1.42]","[5.79, 5.07, 2.09, 0.73]","[9.1, 6.99, 4.33, 1.99]","[107.0, 90.0, 55.0, 29.0]","[179.0, 139.0, 88.0, 41.0]",[0.0],[0.0],[0.0],[0.0],[0.0],[0.0]
['8478416'],['2025'],['Erik Cernak'],['TBL'],['D'],['all'],"['4', '3', '2', '1']","[4686.0, 3288.0, 2138.0, 1105.0]","[107.0, 77.0, 50.0, 25.0]","[-0.1, -0.2, -0.23, -0.65]","[0.54, 0.49, 0.42]","[0.44, 0.43, 0.4]","[0.38, 0.37, 0.32]","[0.48, 0.47, 0.46]","[0.39, 0.38, 0.32]","[0.49, 0.46, 0.45, 0.42]","[16.0, 12.0, 8.0, 4.0]","[2.69, 2.01, 0.65, 0.0]","[0.15, 0.14, 0.09, 0.0]","[0.16, 0.14, 0.05, 0.0]","[0.64, 0.43, 0.17, 0.0]","[0.08, 0.06, 0.02, 0.0]","[1.74, 1.32, 0.43, 0.0]","[1.23, 0.91, 0.24, 0.0]","[0.15, 0.14, 0.09, 0.0]","[0.14, 0.13, 0.08, 0.0]","[0.14, 0.13, 0.08, 0.0]",[0.0],[0.0],"[2.0, 1.0, 0.0]","[2.0, 1.0, 0.0]","[3.0, 2.0, 0.0]","[7.0, 5.0, 3.0, 0.0]",[0.0],[0.0],"[1.0, 0.0]",[0.0],"[1.0, 0.0]",[0.0],"[1.0, 0.0]","[1.0, 0.0]","[2.0, 1.0, 0.0]","[4.0, 3.0, 1.0, 0.0]","[2.0, 1.0, 0.0]","[4.0, 2.0, 0.0]",[0.0],"[10.0, 9.0, 6.0, 3.0]",[0.0],"[1.0, 0.0]","[3.0, 2.0, 0.0]","[1.0, 0.0]",[0.0],"[0.05, 0.04, 0.0]","[0.09, 0.0]",[0.0],[0.0],[0.0],[0.0],"[6.96, 4.82, 2.62, 0.0]","[4.0, 3.0, 1.0, 0.0]","[4.18, 3.08, 0.88, 0.0]","[1.0, 0.0]","[0.03, 0.01, 0.0]","[0.32, 0.0]",[0.0],"[0.18, 0.16, 0.1, 0.0]","[0.17, 0.16, 0.09, 0.0]","[0.17, 0.16, 0.09, 0.0]","[107.0, 77.0, 50.0, 25.0]","[10.0, 7.0, 3.0, 0.0]","[22.0, 18.0, 7.0, 5.0]","[16.0, 11.0, 9.0, 3.0]","[59.0, 41.0, 31.0, 17.0]","[7.0, 6.0, 2.0]","[9.0, 8.0, 4.0, 2.0]","[7.0, 5.0, 2.0]","[84.0, 57.0, 38.0, 19.0]",[0.0],[0.0],"[9793.0, 7512.0, 5062.0, 2495.0]","[4.0, 2.0, 0.0]",[0.0],[0.0],"[15.0, 12.0, 8.0, 5.0]","[24.41, 22.17, 11.26, 4.35]","[3.3, 3.09, 1.12, 0.39]","[3.19, 3.02, 1.07, 0.39]","[3.36, 3.14, 1.05, 0.39]","[3.26, 3.07, 1.01, 0.39]","[18.0, 17.0, 10.0, 4.0]","[14.0, 12.0, 5.0, 2.0]","[16.0, 14.0, 10.0, 5.0]","[48.0, 43.0, 25.0, 11.0]","[3.0, 2.0, 0.0]","[3.0, 1.0, 0.0]",[0.0],"[20.0, 18.0, 10.0, 4.0]","[6.0, 5.0, 3.0, 2.0]","[6.0, 2.0, 0.0]","[0.6, 0.53, 0.3, 0.11]","[0.74, 0.6, 0.37, 0.28]","[1.96, 0.45, 0.0]","[1.0, 0.0]","[1.0, 0.0]","[1.0, 0.0]","[48.61, 43.24, 23.59, 11.17]","[32.0, 29.0, 15.0, 6.0]","[32.88, 29.58, 14.29, 6.24]","[0.39, 0.36, 0.18, 0.08]","[0.68, 0.21, 0.0]","[0.68, 0.21, 0.0]","[3.01, 2.77, 1.09, 0.47]","[3.06, 2.8, 1.03, 0.47]","[3.01, 2.79, 1.03, 0.47]","[48.42, 34.42, 16.0, 9.11]","[3.4, 2.59, 1.18, 0.54]","[3.34, 2.55, 1.17, 0.54]","[3.41, 2.64, 1.27, 0.55]","[3.36, 2.61, 1.26, 0.55]","[45.0, 31.0, 16.0, 10.0]","[23.0, 17.0, 7.0, 3.0]","[32.0, 26.0, 17.0, 10.0]","[100.0, 74.0, 40.0, 23.0]","[4.0, 2.0, 1.0]","[2.0, 0.0]",[0.0],"[56.0, 39.0, 19.0, 11.0]","[10.0, 7.0, 3.0, 2.0]","[2.0, 1.0, 0.0]","[1.64, 1.17, 0.59, 0.32]","[1.33, 0.99, 0.37, 0.22]","[0.43, 0.22, 0.0]","[4.0, 2.0, 1.0]",[0.0],[0.0],"[98.47, 73.84, 41.35, 22.78]","[68.0, 48.0, 23.0, 13.0]","[67.02, 48.01, 24.13, 12.96]","[0.67, 0.49, 0.22, 0.13]","[0.06, 0.0]","[0.06, 0.0]","[4.01, 3.08, 1.4, 0.67]","[4.02, 3.14, 1.51, 0.69]","[3.95, 3.09, 1.49, 0.68]","[7.62, 5.49, 3.76, 2.0]","[10.12, 7.1, 5.6, 2.95]","[146.0, 114.0, 78.0, 38.0]","[163.0, 125.0, 91.0, 44.0]",[0.0],[0.0],[0.0],[0.0],[0.0],[0.0]
['8481719'],['2025'],['Max Crozier'],['TBL'],['D'],['all'],"['4', '3', '2', '1']","[3147.0, 2880.0, 2029.0, 1072.0]","[67.0, 63.0, 41.0, 22.0]","[2.65, 2.5, 1.38, 0.23]","[0.52, 0.41, 0.3]","[0.46, 0.43, 0.42]","[0.56, 0.54, 0.5]","[0.42, 0.41, 0.4, 0.39]","[0.55, 0.53, 0.5, 0.49]","[0.44, 0.4, 0.39, 0.38]","[22.0, 16.0, 11.0, 5.0]","[5.12, 3.73, 3.04]","[0.22, 0.2, 0.15]","[0.23, 0.17, 0.13]","[1.57, 1.18, 1.02]","[0.17, 0.13, 0.11]","[2.78, 1.89, 1.51]","[2.05, 1.43, 1.07]","[0.21, 0.2, 0.15]","[0.21, 0.2, 0.15]","[0.21, 0.19, 0.15]",[0.0],"[3.0, 2.0, 0.0]","[4.0, 3.0]","[3.0, 2.0, 1.0]","[4.0, 3.0, 0.0]","[11.0, 8.0, 4.0]","[3.0, 2.0, 0.0]",[0.0],"[1.0, 0.0]",[0.0],[0.0],[0.0],[2.0],"[4.0, 3.0, 2.0]","[4.0, 3.0]","[7.0, 5.0, 4.0]","[1.0, 0.0]","[2.0, 0.0]",[0.0],"[7.0, 6.0, 5.0]","[1.0, 0.0]","[1.0, 0.0]","[7.0, 5.0, 4.0]",[0.0],[0.0],"[0.22, 0.2, 0.15]",[0.0],[0.0],[0.0],[0.0],[0.0],"[11.02, 7.66, 4.05]","[7.0, 5.0, 4.0]","[7.3, 5.06, 4.09]","[1.0, 0.0]","[0.05, 0.03]","[0.16, 0.0]",[0.0],"[0.26, 0.23, 0.18]","[0.26, 0.23, 0.18]","[0.25, 0.22, 0.17]","[67.0, 63.0, 41.0, 22.0]","[9.0, 6.0, 4.0]","[9.0, 7.0, 2.0]","[5.0, 3.0]","[44.0, 40.0, 23.0, 13.0]","[10.0, 9.0, 5.0, 3.0]","[10.0, 3.0]","[7.0, 6.0, 0.0]","[40.0, 37.0, 27.0, 16.0]",[0.0],[0.0],"[11332.0, 7920.0, 5171.0, 2528.0]","[2.0, 0.0]",[0.0],[0.0],"[2.0, 0.0]","[26.04, 24.77, 13.42, 8.24]","[2.0, 1.98, 0.89, 0.34]","[1.94, 1.92, 0.88, 0.34]","[2.08, 2.06, 0.84, 0.34]","[2.01, 1.99, 0.83, 0.33]","[21.0, 19.0, 11.0, 7.0]","[14.0, 7.0, 4.0]","[13.0, 12.0, 9.0, 3.0]","[48.0, 45.0, 27.0, 14.0]","[3.0, 2.0, 0.0]","[4.0, 0.0]","[1.0, 0.0]","[27.0, 25.0, 15.0, 11.0]","[6.0, 3.0, 0.0]","[2.0, 0.0]","[0.75, 0.73, 0.52, 0.34]","[0.8, 0.37, 0.0]","[0.44, 0.0]","[2.0, 0.0]",[0.0],"[1.0, 0.0]","[49.46, 46.3, 25.96, 14.14]","[35.0, 33.0, 18.0, 11.0]","[36.62, 34.55, 17.64, 11.22]","[0.33, 0.32, 0.15, 0.08]","[0.61, 0.0]","[0.61, 0.0]","[1.72, 1.69, 1.04, 0.42]","[1.75, 1.72, 0.98, 0.41]","[1.73, 1.7, 0.98, 0.41]","[21.94, 21.88, 14.85, 8.47]","[1.83, 1.8, 1.27, 0.81]","[1.77, 1.74, 1.22, 0.76]","[1.86, 1.83, 1.33, 0.81]","[1.8, 1.77, 1.28, 0.77]","[21.0, 13.0, 8.0]","[8.0, 6.0, 3.0]","[9.0, 8.0, 3.0]","[38.0, 27.0, 14.0]","[1.0, 0.0]","[2.0, 1.0]",[0.0],"[23.0, 22.0, 15.0, 8.0]","[4.0, 3.0, 2.0]","[3.0, 2.0, 1.0]","[0.56, 0.49, 0.43, 0.19]","[0.56, 0.47, 0.33]","[0.79, 0.77, 0.51, 0.29]",[0.0],[0.0],"[1.0, 0.0]","[39.3, 29.22, 13.8]","[29.0, 19.0, 11.0]","[29.13, 19.94, 10.8]","[0.28, 0.2, 0.12]","[0.55, 0.29]","[0.55, 0.29]","[1.56, 1.53, 1.17, 0.64]","[1.61, 1.58, 1.25, 0.64]","[1.59, 1.56, 1.24, 0.64]","[8.91, 6.61, 3.99, 2.05]","[11.68, 7.89, 5.52, 2.68]","[146.0, 112.0, 76.0, 35.0]","[225.0, 161.0, 104.0, 53.0]",[0.0],[0.0],[0.0],[0.0],[0.0],[0.0]
['8475167'],['2025'],['Victor Hedman'],['TBL'],['D'],['all'],"['4', '3', '2', '1']","[5960.0, 4516.0, 3066.0, 1429.0]","[112.0, 84.0, 56.0, 26.0]","[1.65, 0.9, 0.68, 0.45]","[0.46, 0.45, 0.43]","[0.5, 0.43, 0.38, 0.37]","[0.46, 0.45, 0.4]","[0.44, 0.43, 0.42, 0.4]","[0.46, 0.43, 0.42]","[0.44, 0.43, 0.41]","[7.0, 4.0, 2.0, 1.0]","[3.94, 2.0, 1.39]","[0.23, 0.19, 0.14]","[0.33, 0.19, 0.1]","[0.99, 0.53, 0.42]","[0.14, 0.08, 0.06]","[2.8, 1.39, 0.8]","[1.51, 0.62, 0.49]","[0.23, 0.19, 0.14]","[0.23, 0.19, 0.14]","[0.23, 0.19, 0.14]","[2.0, 1.0]",[1.0],"[4.0, 2.0, 1.0]","[2.0, 1.0]","[9.0, 8.0, 6.0, 0.0]","[15.0, 14.0, 9.0, 2.0]","[3.0, 2.0]",[0.0],[0.0],[0.0],"[1.0, 0.0]",[0.0],"[4.0, 2.0, 1.0]",[1.0],"[4.0, 2.0, 1.0]","[6.0, 3.0, 2.0]",[0.0],[0.0],[0.0],"[2.0, 1.0]",[1.0],"[7.0, 6.0, 5.0, 4.0]","[5.0, 2.0, 1.0]",[1.0],[0.0],"[0.14, 0.1, 0.05]",[0.09],[0.0],[0.0],[0.0],[0.0],"[15.42, 14.32, 8.91, 1.97]","[6.0, 3.0, 2.0]","[6.17, 2.97, 1.97]","[5.0, 4.0, 3.0]","[0.08, 0.04, 0.02]",[0.0],[0.09],"[0.22, 0.15, 0.07]","[0.22, 0.15, 0.07]","[0.22, 0.15, 0.07]","[112.0, 84.0, 56.0, 26.0]","[7.0, 6.0, 5.0, 2.0]","[9.0, 8.0, 5.0, 2.0]","[21.0, 18.0, 12.0, 6.0]","[75.0, 52.0, 34.0, 16.0]","[17.0, 13.0, 7.0, 3.0]","[14.0, 11.0, 8.0, 5.0]","[18.0, 11.0, 8.0, 5.0]","[63.0, 49.0, 33.0, 13.0]",[0.0],[0.0],"[8519.0, 6284.0, 4134.0, 2171.0]",[0.0],"[4.0, 2.0, 0.0]","[2.0, 1.0, 0.0]","[11.0, 7.0, 5.0, 3.0]","[40.8, 29.71, 21.59, 12.8]","[5.13, 3.46, 2.93, 1.55]","[4.94, 3.29, 2.75, 1.49]","[5.2, 3.46, 2.87, 1.54]","[5.01, 3.28, 2.69, 1.48]","[37.0, 27.0, 19.0, 12.0]","[18.0, 14.0, 11.0, 6.0]","[32.0, 27.0, 20.0, 3.0]","[87.0, 68.0, 50.0, 21.0]","[6.0, 5.0, 4.0, 3.0]","[3.0, 2.0, 1.0]",[0.0],"[34.0, 25.0, 16.0, 11.0]","[16.0, 13.0, 11.0, 6.0]","[5.0, 3.0, 1.0]","[1.2, 0.77, 0.49, 0.35]","[2.25, 1.82, 1.56, 0.84]","[1.67, 0.88, 0.36]","[2.0, 1.0]","[3.0, 2.0]","[1.0, 0.0]","[88.8, 68.54, 48.94, 20.95]","[55.0, 41.0, 30.0, 18.0]","[56.07, 41.22, 29.31, 18.01]","[0.68, 0.52, 0.4, 0.23]","[0.54, 0.37, 0.09]","[0.57, 0.37, 0.09]","[5.24, 3.61, 2.96, 1.69]","[5.32, 3.61, 2.9, 1.69]","[5.17, 3.46, 2.75, 1.62]","[53.01, 41.06, 29.09, 15.48]","[5.97, 4.66, 3.63, 2.06]","[5.74, 4.43, 3.42, 2.02]","[6.12, 4.86, 3.88, 2.1]","[5.86, 4.59, 3.64, 2.06]","[47.0, 36.0, 28.0, 17.0]","[26.0, 21.0, 12.0, 4.0]","[32.0, 23.0, 18.0, 11.0]","[105.0, 80.0, 58.0, 32.0]","[6.0, 4.0, 3.0]","[7.0, 6.0, 4.0, 2.0]",[1.0],"[52.0, 41.0, 29.0, 15.0]","[13.0, 9.0, 4.0, 2.0]","[8.0, 7.0, 4.0]","[1.62, 1.22, 0.77, 0.28]","[1.7, 1.12, 0.54, 0.26]","[2.65, 2.33, 1.52]","[2.0, 1.0, 0.0]","[1.0, 0.0]",[3.0],"[105.6, 81.75, 61.57, 32.07]","[73.0, 57.0, 40.0, 21.0]","[73.52, 58.22, 42.46, 21.12]","[0.8, 0.66, 0.44, 0.23]","[1.04, 1.01, 0.9, 0.3]","[1.04, 1.01, 0.9, 0.3]","[5.73, 4.3, 3.17, 1.99]","[5.79, 4.41, 3.34, 2.01]","[5.73, 4.35, 3.29, 2.01]","[5.79, 5.12, 1.95, 0.84]","[7.54, 5.02, 3.16, 1.43]","[107.0, 89.0, 53.0, 28.0]","[158.0, 119.0, 73.0, 35.0]",[0.0],[0.0],[0.0],[0.0],[0.0],[0.0]
['8482929'],['2025'],['Emil Lilleberg'],['TBL'],['D'],['all'],"['4', '3', '2', '1']","[3856.0, 2903.0, 2172.0, 1142.0]","[96.0, 73.0, 52.0, 24.0]","[0.05, -1.02, -1.1, -1.12]","[0.27, 0.26, 0.21, 0.12]","[0.56, 0.55, 0.52, 0.49]","[0.45, 0.4, 0.35, 0.29]","[0.5, 0.47, 0.43, 0.41]","[0.46, 0.41, 0.35, 0.27]","[0.48, 0.46, 0.45, 0.42]","[18.0, 13.0, 7.0, 2.0]","[4.29, 2.82, 1.42]","[0.08, 0.05, 0.03]","[0.17, 0.12, 0.05]","[1.15, 0.73, 0.38]","[0.15, 0.1, 0.06]","[2.46, 1.67, 0.78]","[2.0, 1.33, 0.7]","[0.08, 0.05, 0.03]","[0.08, 0.05, 0.03]","[0.08, 0.05, 0.03]",[0.0],[0.0],"[3.0, 1.0, 0.0]","[3.0, 2.0]","[1.0, 0.0]","[7.0, 5.0, 3.0, 2.0]",[0.0],[0.0],[0.0],[0.0],[0.0],[0.0],"[4.0, 3.0, 1.0]","[2.0, 1.0]","[3.0, 1.0, 0.0]","[6.0, 4.0, 2.0]","[5.0, 3.0, 1.0]","[13.0, 9.0, 5.0]",[0.0],"[7.0, 5.0, 4.0]",[0.0],"[5.0, 4.0, 1.0, 0.0]","[6.0, 4.0, 2.0]",[0.0],[0.0],"[0.08, 0.05, 0.03]",[0.0],[0.0],[0.0],[0.0],[0.0],"[7.2, 5.13, 2.88, 2.0]","[6.0, 4.0, 2.0]","[6.32, 4.26, 2.01]","[2.0, 0.0]","[0.03, 0.02, 0.01]",[0.0],[0.0],"[0.11, 0.07, 0.04]","[0.12, 0.07, 0.04]","[0.12, 0.07, 0.04]","[96.0, 73.0, 52.0, 24.0]","[11.0, 10.0, 8.0, 6.0]","[9.0, 8.0, 7.0, 2.0]","[8.0, 5.0, 2.0]","[68.0, 50.0, 32.0, 14.0]","[12.0, 9.0, 6.0, 2.0]","[18.0, 13.0, 7.0, 3.0]","[13.0, 11.0, 8.0, 2.0]","[53.0, 40.0, 31.0, 17.0]",[0.0],[0.0],"[10623.0, 7897.0, 5028.0, 2458.0]","[13.0, 9.0, 5.0]","[7.0, 5.0]","[2.0, 1.0]","[2.0, 1.0]","[29.05, 19.09, 9.64, 8.25]","[1.82, 1.36, 0.45, 0.37]","[1.76, 1.3, 0.45, 0.37]","[1.95, 1.45, 0.44, 0.37]","[1.88, 1.39, 0.44, 0.36]","[24.0, 16.0, 9.0, 7.0]","[15.0, 9.0, 4.0]","[9.0, 7.0, 3.0]","[48.0, 32.0, 20.0, 14.0]","[2.0, 1.0, 0.0]","[5.0, 3.0, 0.0]","[1.0, 0.0]","[34.0, 21.0, 13.0, 11.0]","[3.0, 2.0, 0.0]","[2.0, 0.0]","[0.98, 0.61, 0.45, 0.37]","[0.4, 0.31, 0.0]","[0.44, 0.0]","[1.0, 0.0]",[0.0],"[1.0, 0.0]","[50.29, 33.0, 19.4, 14.14]","[39.0, 25.0, 13.0, 11.0]","[41.54, 26.48, 12.99, 11.22]","[0.32, 0.23, 0.1, 0.08]","[0.65, 0.6, 0.0]","[0.65, 0.6, 0.0]","[1.49, 0.99, 0.55, 0.45]","[1.56, 1.02, 0.54, 0.45]","[1.54, 1.01, 0.53, 0.44]","[41.42, 34.41, 26.67, 9.94]","[5.0, 3.88, 3.29, 1.38]","[4.58, 3.59, 3.02, 1.34]","[5.11, 4.06, 3.52, 1.39]","[4.67, 3.74, 3.21, 1.34]","[38.0, 33.0, 24.0, 9.0]","[18.0, 13.0, 11.0, 4.0]","[16.0, 14.0, 13.0, 4.0]","[72.0, 60.0, 48.0, 17.0]","[5.0, 4.0, 1.0]","[8.0, 5.0, 4.0, 1.0]","[1.0, 0.0]","[39.0, 33.0, 24.0, 9.0]","[6.0, 5.0, 4.0, 2.0]","[11.0, 8.0, 7.0, 2.0]","[0.83, 0.71, 0.52, 0.22]","[0.78, 0.69, 0.55, 0.33]","[3.4, 2.48, 2.22, 0.84]","[1.0, 0.0]","[1.0, 0.0]","[3.0, 1.0]","[73.2, 62.0, 51.03, 16.9]","[56.0, 46.0, 35.0, 13.0]","[56.22, 46.89, 36.81, 12.87]","[0.59, 0.5, 0.41, 0.14]","[2.3, 1.41, 1.15, 0.29]","[2.3, 1.41, 1.15, 0.29]","[3.3, 2.97, 2.56, 1.23]","[3.38, 3.07, 2.69, 1.24]","[3.33, 3.05, 2.67, 1.24]","[9.09, 7.22, 4.42, 2.02]","[8.51, 5.81, 3.49, 2.1]","[146.0, 125.0, 83.0, 35.0]","[191.0, 139.0, 83.0, 50.0]",[0.0],[0.0],[0.0],[0.0],[0.0],[0.0]
['8474151'],['2025'],['Ryan McDonagh'],['TBL'],['D'],['all'],"['4', '3', '2', '1']","[5205.0, 3724.0, 2347.0, 1125.0]","[114.0, 83.0, 54.0, 26.0]","[1.4, 1.25, 1.2, -0.07]","[0.59, 0.55, 0.45, 0.41]","[0.46, 0.43, 0.4, 0.37]","[0.45, 0.41, 0.4, 0.34]","[0.47, 0.44, 0.43]","[0.43, 0.41, 0.4, 0.34]","[0.47, 0.44, 0.41]","[10.0, 8.0, 5.0, 3.0]","[2.33, 1.68, 1.04]","[0.09, 0.07, 0.04]","[0.18, 0.14, 0.1]","[0.86, 0.69, 0.53]","[0.11, 0.09, 0.08]","[1.64, 1.21, 0.72]","[1.12, 0.8, 0.53]","[0.08, 0.07, 0.04]","[0.09, 0.07, 0.04]","[0.08, 0.07, 0.04]","[1.0, 0.0]",[0.0],"[2.0, 1.0]","[2.0, 1.0]","[4.0, 2.0]","[8.0, 7.0, 4.0]","[2.0, 1.0, 0.0]","[1.0, 0.0]",[0.0],[0.0],[0.0],[0.0],"[3.0, 2.0]","[1.0, 0.0]",[1.0],"[3.0, 2.0]",[0.0],[0.0],[0.0],"[1.0, 0.0]","[3.0, 2.0, 1.0]","[3.0, 2.0, 1.0]","[4.0, 3.0, 2.0]",[0.0],[0.0],"[0.09, 0.07, 0.04]",[0.0],[0.0],"[1.0, 0.0]",[0.0],[0.0],"[8.05, 6.89, 4.1]","[4.0, 3.0, 2.0]","[4.15, 3.0, 2.09]","[3.0, 2.0, 1.0]","[0.04, 0.03, 0.02]",[0.0],[0.0],"[0.12, 0.1, 0.06]","[0.12, 0.1, 0.06]","[0.12, 0.1, 0.06]","[114.0, 83.0, 54.0, 26.0]","[12.0, 9.0, 3.0, 0.0]","[24.0, 18.0, 9.0, 7.0]","[19.0, 12.0, 9.0, 3.0]","[59.0, 44.0, 33.0, 16.0]","[9.0, 8.0, 7.0, 3.0]","[10.0, 7.0, 2.0]","[11.0, 10.0, 8.0, 5.0]","[84.0, 55.0, 32.0, 16.0]",[0.0],[0.0],"[9274.0, 7076.0, 4853.0, 2475.0]",[0.0],[0.0],[0.0],"[6.0, 4.0, 3.0, 1.0]","[30.64, 26.87, 16.37, 6.46]","[3.39, 3.1, 1.42, 0.47]","[3.28, 3.03, 1.37, 0.47]","[3.41, 3.1, 1.33, 0.47]","[3.31, 3.04, 1.28, 0.47]","[24.0, 20.0, 15.0, 6.0]","[18.0, 17.0, 7.0, 3.0]","[16.0, 14.0, 11.0, 5.0]","[58.0, 51.0, 33.0, 14.0]","[5.0, 4.0, 2.0, 1.0]","[5.0, 4.0, 2.0, 1.0]",[0.0],"[29.0, 25.0, 16.0, 7.0]","[9.0, 8.0, 4.0, 2.0]","[4.0, 2.0, 0.0]","[0.9, 0.75, 0.5, 0.19]","[1.09, 0.96, 0.48, 0.28]","[1.39, 0.45, 0.0]","[3.0, 2.0, 1.0]","[1.0, 0.0]","[1.0, 0.0]","[58.58, 51.21, 31.24, 14.44]","[42.0, 37.0, 22.0, 9.0]","[42.92, 37.62, 21.02, 9.4]","[0.47, 0.43, 0.25, 0.1]","[0.41, 0.38, 0.23, 0.02]","[0.38, 0.23, 0.02]","[3.48, 3.14, 1.45, 0.56]","[3.52, 3.16, 1.36, 0.56]","[3.46, 3.14, 1.35, 0.56]","[60.12, 40.14, 20.59, 9.48]","[4.85, 2.49, 1.0, 0.57]","[4.52, 2.46, 1.0, 0.57]","[4.78, 2.51, 1.07, 0.59]","[4.46, 2.48, 1.07, 0.59]","[51.0, 35.0, 19.0, 8.0]","[32.0, 21.0, 10.0, 5.0]","[28.0, 22.0, 12.0, 7.0]","[111.0, 78.0, 41.0, 20.0]","[5.0, 4.0, 3.0, 2.0]","[6.0, 0.0]",[0.0],"[64.0, 46.0, 25.0, 10.0]","[14.0, 9.0, 4.0, 3.0]","[5.0, 1.0, 0.0]","[1.63, 1.13, 0.51, 0.23]","[1.74, 1.15, 0.49, 0.35]","[1.48, 0.21, 0.0]","[3.0, 2.0, 1.0]","[2.0, 1.0]",[0.0],"[109.34, 77.86, 42.69, 19.91]","[83.0, 56.0, 29.0, 13.0]","[81.85, 56.06, 30.38, 12.96]","[0.85, 0.58, 0.28, 0.12]","[1.49, 0.0]","[1.49, 0.0]","[4.22, 3.07, 1.29, 0.7]","[4.2, 3.09, 1.37, 0.72]","[4.09, 3.05, 1.36, 0.71]","[7.53, 5.49, 3.45, 1.92]","[8.66, 7.2, 5.78, 2.91]","[136.0, 106.0, 70.0, 35.0]","[152.0, 121.0, 90.0, 47.0]",[0.0],[0.0],[0.0],[0.0],[0.0],[0.0]
['8482655'],['2025'],['J.J. Moser'],['TBL'],['D'],['all'],"['2', '1']","[2989.0, 1463.0]","[59.0, 30.0]","[1.4, 1.1]","[0.62, 0.61]","[0.54, 0.4]","[0.51, 0.5]","[0.41, 0.35]","[0.52, 0.47]","[0.43, 0.36]","[2.0, 1.0]","[2.11, 0.0]","[0.17, 0.0]","[0.12, 0.0]","[0.56, 0.0]","[0.08, 0.0]","[1.14, 0.0]","[0.93, 0.0]","[0.17, 0.0]","[0.19, 0.0]","[0.19, 0.0]",[0.0],[1.0],"[2.0, 0.0]","[1.0, 0.0]","[5.0, 4.0]","[8.0, 4.0]",[1.0],[0.0],[0.0],[0.0],"[1.0, 0.0]",[0.0],"[2.0, 0.0]",[0.0],"[2.0, 0.0]","[3.0, 0.0]",[0.0],[0.0],[0.0],[3.0],"[2.0, 1.0]",[2.0],"[3.0, 0.0]",[0.0],[0.0],"[0.17, 0.0]",[0.0],[0.0],[0.0],[0.0],[0.0],"[8.75, 4.41]","[3.0, 0.0]","[3.3, 0.0]",[1.0],"[0.02, 0.0]",[0.0],"[0.03, 0.0]","[0.17, 0.0]","[0.19, 0.0]","[0.19, 0.0]","[59.0, 30.0]","[2.0, 1.0]","[4.0, 3.0]","[10.0, 7.0]","[43.0, 19.0]","[4.0, 2.0]","[10.0, 6.0]","[11.0, 4.0]","[34.0, 18.0]",[0.0],[0.0],"[4290.0, 2137.0]",[0.0],"[4.0, 2.0]","[2.0, 1.0]","[1.0, 0.0]","[24.77, 11.11]","[2.67, 1.23]","[2.64, 1.22]","[2.91, 1.35]","[2.88, 1.34]","[20.0, 9.0]","[13.0, 6.0]","[12.0, 7.0]","[45.0, 22.0]",[1.0],"[3.0, 1.0]",[0.0],"[23.0, 10.0]","[7.0, 3.0]","[3.0, 2.0]","[0.95, 0.27]","[0.92, 0.39]","[0.8, 0.56]",[0.0],[1.0],[0.0],"[49.16, 24.43]","[33.0, 15.0]","[35.92, 16.6]","[0.38, 0.18]","[0.52, 0.32]","[0.52, 0.32]","[2.52, 1.09]","[2.75, 1.2]","[2.75, 1.2]","[22.93, 12.25]","[1.63, 0.79]","[1.61, 0.78]","[1.54, 0.75]","[1.52, 0.73]","[22.0, 11.0]","[9.0, 6.0]","[14.0, 4.0]","[45.0, 21.0]","[3.0, 1.0]",[2.0],[0.0],"[26.0, 15.0]","[5.0, 2.0]",[0.0],"[0.94, 0.53]","[0.69, 0.26]",[0.0],"[2.0, 1.0]","[1.0, 0.0]",[0.0],"[41.99, 19.28]","[31.0, 17.0]","[28.93, 15.74]","[0.31, 0.19]",[0.12],[0.12],"[1.82, 0.87]","[1.72, 0.82]","[1.71, 0.81]","[3.37, 2.48]","[5.1, 2.11]","[46.0, 32.0]","[87.0, 47.0]",[0.0],[0.0],[0.0],[0.0],[0.0],[0.0]
['8478178'],['2025'],['Darren Raddysh'],['TBL'],['D'],['all'],"['2', '1']","[2111.0, 1053.0]","[46.0, 24.0]","[1.15, 0.75]","[0.36, 0.21]","[0.51, 0.46, 0.45]","[0.45, 0.36]","[0.46, 0.43]","[0.4, 0.38]","[0.5, 0.43]","[9.0, 6.0]","[3.6, 1.42]","[0.41, 0.03]","[0.26, 0.07]","[0.89, 0.37]","[0.15, 0.04]","[2.05, 0.86]","[1.25, 0.63]","[0.36, 0.03]","[0.41, 0.03]","[0.35, 0.03]",[1.0],[1.0],"[4.0, 2.0]","[1.0, 0.0]","[7.0, 2.0]","[12.0, 4.0]","[3.0, 2.0]","[1.0, 0.0]",[0.0],[0.0],[1.0],[0.0],[0.0],"[3.0, 1.0]","[3.0, 2.0]","[4.0, 2.0]",[0.0],[0.0],[0.0],"[3.0, 1.0]",[0.0],"[2.0, 1.0]","[4.0, 2.0]",[0.0],"[1.0, 0.0]","[0.13, 0.03]",[0.0],"[0.28, 0.0]","[1.0, 0.0]",[0.0],[0.0],"[11.55, 3.97]","[5.0, 2.0]","[4.9, 2.01]",[1.0],"[0.06, 0.01]",[0.0],"[0.28, 0.0]","[0.2, 0.04]","[0.19, 0.04]","[0.19, 0.04]","[46.0, 24.0]","[8.0, 1.0]",[2.0],"[4.0, 3.0]","[32.0, 18.0]","[7.0, 3.0]","[8.0, 5.0]","[6.0, 2.0]","[25.0, 14.0]",[0.0],[0.0],"[5089.0, 2547.0]",[0.0],[0.0],[0.0],"[3.0, 1.0]","[16.31, 9.0]","[1.62, 0.42]","[1.5, 0.42]","[1.57, 0.41]","[1.46, 0.41]","[15.0, 9.0]","[8.0, 4.0]","[16.0, 3.0]","[39.0, 16.0]","[3.0, 2.0]","[3.0, 2.0]",[0.0],"[17.0, 12.0]","[4.0, 1.0]","[2.0, 0.0]","[0.56, 0.33]","[0.54, 0.09]","[0.52, 0.0]","[3.0, 2.0]",[0.0],[0.0],"[38.3, 16.19]","[23.0, 13.0]","[22.63, 13.17]","[0.27, 0.11]","[0.39, 0.11]","[0.39, 0.11]","[1.5, 0.42]","[1.45, 0.42]","[1.38, 0.42]","[25.8, 25.44, 15.81]","[2.9, 2.88, 1.61]","[2.78, 2.75, 1.56]","[3.05, 3.02, 1.66]","[2.91, 2.88, 1.61]","[26.0, 25.0, 16.0]","[10.0, 9.0, 5.0]","[12.0, 7.0]","[47.0, 28.0]","[6.0, 3.0]","[3.0, 2.0]","[2.0, 1.0]","[24.0, 15.0]","[5.0, 3.0]","[6.0, 3.0]","[0.43, 0.41, 0.24]","[0.64, 0.39]","[1.84, 0.97]",[0.0],"[2.0, 1.0]","[4.0, 2.0]","[49.28, 28.17]","[35.0, 21.0]","[36.54, 21.11]","[0.38, 0.22]","[0.56, 0.3]","[0.56, 0.3]","[2.71, 2.7, 1.53]","[2.83, 2.81, 1.56]","[2.81, 2.79, 1.55]","[3.26, 3.25, 1.97]","[3.91, 3.88, 1.88]","[64.0, 33.0]","[84.0, 39.0]",[0.0],[0.0],[0.0],[0.0],[0.0],[0.0]
['8475461'],['2025'],['Andrew Agozzino'],['UTA'],['L'],['all'],"['2', '1']","[736.0, 415.0]","[20.0, 11.0]",[-0.21],"[0.47, 0.43]","[0.5, 0.49]","[0.26, 0.25]","[0.51, 0.48, 0.47]",[0.38],"[0.55, 0.5]","[22.0, 11.0]",[0.74],[0.01],[0.03],[0.26],[0.03],[0.35],[0.32],[0.01],[0.01],[0.01],[0.0],[0.0],[0.0],[1.0],[0.0],[1.0],[0.0],[0.0],[0.0],[0.0],[0.0],[0.0],[0.0],[1.0],[0.0],[1.0],[0.0],[0.0],"[3.0, 1.0]","[4.0, 2.0]","[1.0, 0.0]",[1.0],[1.0],[0.0],[0.0],[0.01],[0.0],[0.0],[0.0],[0.0],[0.0],[1.03],[1.0],[1.03],[1.0],[0.01],[0.0],[0.0],[0.02],[0.02],[0.02],"[20.0, 11.0]",[3.0],[0.0],"[2.0, 1.0]","[15.0, 7.0]",[1.0],"[8.0, 5.0]","[1.0, 0.0]","[10.0, 5.0]","[3.0, 1.0]","[4.0, 2.0]","[6640.0, 3185.0]",[0.0],"[2.0, 0.0]","[1.0, 0.0]",[1.0],"[3.79, 2.3]","[0.44, 0.32]","[0.43, 0.31]","[0.44, 0.32]","[0.43, 0.31]","[3.0, 2.0]","[2.0, 1.0]",[0.0],"[5.0, 3.0]",[0.0],[1.0],[0.0],"[4.0, 2.0]",[0.0],[1.0],"[0.17, 0.05]",[0.0],[0.27],[0.0],[0.0],[0.0],"[4.93, 2.98]","[5.0, 3.0]","[4.89, 2.96]","[0.05, 0.03]",[0.27],[0.27],"[0.22, 0.08]","[0.23, 0.08]","[0.22, 0.08]","[5.58, 3.06]","[0.59, 0.36]","[0.59, 0.36]","[0.57, 0.36]","[0.57, 0.36]","[5.0, 2.0]",[3.0],"[6.0, 4.0]","[14.0, 9.0]",[0.0],[0.0],[0.0],"[5.0, 3.0]","[3.0, 2.0]",[0.0],"[0.17, 0.12]","[0.42, 0.24]",[0.0],[0.0],[0.0],[0.0],"[13.67, 8.93]","[8.0, 5.0]","[7.88, 5.02]","[0.08, 0.05]",[0.0],[0.0],"[0.68, 0.42]","[0.66, 0.41]","[0.66, 0.41]","[5.99, 2.86]","[6.34, 6.11, 2.89]","[100.0, 59.0]","[111.0, 110.0, 56.0]",[0.0],[0.0],[0.0],[0.0],[0.0],[0.0]
['8479619'],['2025'],['Michael Carcone'],['UTA'],['L'],['all'],"['2', '1']","[934.0, 459.0]","[22.0, 13.0]","[0.17, 0.05, 0.01]","[0.37, 0.34]","[0.54, 0.43]","[0.69, 0.67, 0.53]","[0.66, 0.59]","[0.5, 0.43, 0.4]","[0.64, 0.61]","[24.0, 12.0]","[2.43, 1.54, 0.81]","[0.08, 0.07, 0.02]","[0.12, 0.09, 0.04]","[0.93, 0.54, 0.35]","[0.09, 0.06, 0.03]","[1.01, 0.72, 0.34]","[0.77, 0.53, 0.22]","[0.08, 0.07, 0.02]","[0.08, 0.07, 0.02]","[0.08, 0.07, 0.02]",[0.0],[0.0],"[1.0, 0.0]","[2.0, 1.0]","[3.0, 2.0]","[6.0, 4.0, 3.0]",[0.0],[0.0],[0.0],[0.0],[0.0],[0.0],"[1.0, 0.0]","[2.0, 1.0]","[1.0, 0.0]","[3.0, 2.0, 1.0]",[0.0],[0.0],[0.0],[2.0],[0.0],[0.0],"[3.0, 2.0, 1.0]",[0.0],[0.0],"[0.08, 0.07, 0.02]",[0.0],[0.0],[0.0],[0.0],[0.0],"[6.12, 4.13, 3.1]","[3.0, 2.0, 1.0]","[3.11, 2.06, 1.03]",[0.0],"[0.03, 0.02, 0.01]",[0.0],[0.0],"[0.1, 0.09, 0.03]","[0.1, 0.09, 0.03]","[0.1, 0.09, 0.03]","[22.0, 13.0]","[5.0, 4.0]",[1.0],"[3.0, 2.0]","[13.0, 6.0]","[4.0, 2.0]","[1.0, 0.0]",[2.0],"[15.0, 9.0]",[0.0],"[1.0, 0.0]","[6266.0, 3141.0]",[0.0],[0.0],[0.0],[0.0],"[5.74, 2.93, 2.2]","[0.77, 0.39, 0.34]","[0.77, 0.39, 0.34]","[0.78, 0.4, 0.35]","[0.78, 0.4, 0.35]","[4.0, 1.0, 0.0]","[4.0, 3.0]","[9.0, 5.0]","[17.0, 9.0, 8.0]",[0.0],[0.0],[0.0],"[4.0, 2.0, 1.0]","[3.0, 2.0]","[1.0, 0.0]","[0.12, 0.07, 0.02]","[0.43, 0.32]","[0.23, 0.0]",[0.0],[0.0],[0.0],"[17.27, 9.29, 8.26]","[8.0, 4.0, 3.0]","[8.15, 4.12, 3.09]","[0.08, 0.04, 0.03]",[0.0],[0.0],"[0.86, 0.43, 0.37]","[0.86, 0.45, 0.39]","[0.86, 0.45, 0.39]","[9.36, 3.4]","[1.47, 0.65]","[1.29, 0.53]","[1.46, 0.63]","[1.27, 0.51]","[6.0, 3.0]","[6.0, 1.0]","[3.0, 0.0]","[15.0, 4.0]",[1.0],"[2.0, 1.0]",[0.0],"[5.0, 1.0]","[5.0, 2.0]","[2.0, 1.0]","[0.15, 0.02]","[0.8, 0.33]","[0.52, 0.3]",[0.0],[0.0],[1.0],"[14.66, 3.94]","[12.0, 4.0]","[11.67, 3.95]","[0.15, 0.07]","[0.4, 0.18]","[0.4, 0.18]","[1.22, 0.54]","[1.21, 0.53]","[1.08, 0.42]","[6.1, 1.79]","[5.15, 2.38]","[102.0, 49.0]","[70.0, 25.0]",[0.0],[0.0],[0.0],[0.0],[0.0],[0.0]
['8483431'],['2025'],['Logan Cooley'],['UTA'],['C'],['all'],"['4', '3', '2', '1']","[5002.0, 3774.0, 2669.0, 1309.0]","[96.0, 73.0, 49.0, 26.0]","[2.23, 1.48, 1.33, 0.04]","[0.65, 0.55, 0.51]","[0.46, 0.44, 0.43, 0.41]","[0.64, 0.62, 0.61, 0.59]","[0.47, 0.46, 0.43, 0.37]","[0.66, 0.63, 0.61, 0.59]","[0.5, 0.49, 0.48, 0.41]","[9.0, 8.0, 5.0, 2.0]","[8.9, 4.88, 4.1, 2.19]","[1.39, 0.57, 0.42, 0.27]","[0.72, 0.42, 0.35, 0.16]","[1.87, 1.01, 0.87, 0.4]","[0.32, 0.17, 0.15, 0.05]","[4.55, 2.77, 2.41, 1.24]","[3.15, 2.06, 1.79, 0.87]","[1.33, 0.57, 0.42, 0.27]","[1.4, 0.58, 0.44, 0.27]","[1.35, 0.58, 0.44, 0.27]",[0.0],[0.0],"[8.0, 4.0, 1.0]","[4.0, 3.0, 2.0]",[1.0],"[13.0, 8.0, 7.0, 4.0]","[1.0, 0.0]","[1.0, 0.0]",[0.0],[0.0],[0.0],[0.0],"[5.0, 3.0, 2.0, 1.0]","[6.0, 3.0, 2.0]","[7.0, 3.0, 1.0]","[11.0, 6.0, 5.0, 3.0]",[0.0],[0.0],"[16.0, 8.0, 4.0, 0.0]","[5.0, 4.0, 2.0, 1.0]",[0.0],"[6.0, 5.0, 3.0, 1.0]","[5.0, 4.0, 2.0]","[5.0, 3.0, 2.0, 1.0]","[2.0, 0.0]","[0.13, 0.12, 0.1]","[0.72, 0.45, 0.31, 0.17]","[0.54, 0.0]",[0.0],"[1.0, 0.0]",[0.0],"[13.13, 8.08, 7.11, 3.9]","[12.0, 7.0, 6.0, 3.0]","[12.13, 7.06, 6.09, 2.89]","[3.0, 2.0, 0.0]","[0.17, 0.09, 0.08, 0.03]",[0.0],[0.0],"[1.56, 0.66, 0.5, 0.3]","[1.58, 0.67, 0.52, 0.3]","[1.52, 0.67, 0.52, 0.3]","[96.0, 73.0, 49.0, 26.0]","[18.0, 13.0, 9.0, 6.0]","[3.0, 2.0]","[12.0, 7.0, 6.0, 1.0]","[63.0, 51.0, 32.0, 17.0]","[13.0, 12.0, 5.0, 4.0]","[13.0, 9.0, 7.0, 4.0]","[15.0, 9.0, 6.0, 3.0]","[55.0, 43.0, 31.0, 15.0]","[16.0, 8.0, 4.0, 0.0]","[33.0, 25.0, 21.0, 13.0]","[9574.0, 7202.0, 4707.0, 2291.0]",[0.0],"[2.0, 0.0]","[1.0, 0.0]","[2.0, 1.0]","[52.28, 35.71, 25.17, 13.99]","[5.65, 3.45, 2.89, 1.45]","[5.47, 3.39, 2.83, 1.4]","[5.68, 3.48, 2.91, 1.46]","[5.5, 3.42, 2.85, 1.4]","[46.0, 33.0, 24.0, 12.0]","[26.0, 17.0, 11.0, 7.0]","[22.0, 18.0, 14.0, 7.0]","[94.0, 68.0, 49.0, 26.0]","[4.0, 3.0, 2.0, 1.0]",[0.0],[0.0],"[52.0, 40.0, 28.0, 15.0]","[13.0, 7.0, 4.0, 3.0]","[7.0, 3.0, 1.0]","[1.32, 0.88, 0.64, 0.43]","[1.63, 0.93, 0.61, 0.48]","[2.69, 1.64, 0.55]","[1.0, 0.0]","[1.0, 0.0]","[2.0, 1.0]","[93.94, 68.09, 48.96, 25.79]","[72.0, 50.0, 35.0, 19.0]","[71.94, 50.06, 35.02, 18.87]","[0.85, 0.58, 0.41, 0.19]",[0.0],[0.0],"[6.5, 4.03, 3.3, 1.64]","[6.53, 4.07, 3.33, 1.65]","[6.34, 4.01, 3.26, 1.59]","[31.65, 23.6, 12.84, 8.82]","[4.62, 3.27, 1.53, 1.2]","[4.57, 3.24, 1.53, 1.2]","[4.58, 3.23, 1.51, 1.19]","[4.53, 3.2, 1.51, 1.19]","[25.0, 21.0, 14.0, 10.0]","[18.0, 11.0, 4.0, 3.0]","[15.0, 12.0, 9.0, 5.0]","[58.0, 44.0, 27.0, 18.0]","[3.0, 2.0, 1.0]","[3.0, 2.0, 0.0]","[1.0, 0.0]","[28.0, 20.0, 11.0, 8.0]","[12.0, 10.0, 6.0, 4.0]","[3.0, 2.0, 1.0]","[0.69, 0.49, 0.27, 0.24]","[1.58, 1.35, 0.78, 0.49]","[2.35, 1.43, 0.47]",[0.0],[1.0],"[2.0, 1.0, 0.0]","[57.72, 43.87, 27.01, 18.08]","[43.0, 32.0, 18.0, 13.0]","[42.81, 31.99, 18.04, 13.09]","[0.46, 0.34, 0.2, 0.13]","[1.16, 0.23, 0.0]","[1.16, 0.23, 0.0]","[3.92, 3.38, 1.72, 1.33]","[3.88, 3.34, 1.7, 1.32]","[3.86, 3.32, 1.7, 1.32]","[7.66, 5.16, 5.12, 3.54, 1.73]","[8.93, 6.69, 6.47, 5.18, 2.06]","[130.0, 95.0, 94.0, 56.0, 36.0]","[152.0, 110.0, 109.0, 97.0, 47.0]",[0.0],[0.0],[0.0],[0.0],[0.0],[0.0]
['8478474'],['2025'],['Lawson Crouse'],['UTA'],['L'],['all'],"['4', '3', '2', '1']","[3426.0, 2601.0, 1880.0, 905.0]","[87.0, 70.0, 50.0, 27.0]","[0.21, 0.16, 0.11, -0.19]","[0.38, 0.27, 0.25, 0.24, 0.23]","[0.59, 0.57, 0.53]","[0.43, 0.42, 0.39, 0.34]","[0.54, 0.53, 0.5]","[0.38, 0.35, 0.34, 0.33, 0.3]","[0.62, 0.59, 0.58, 0.57]","[34.0, 25.0, 15.0, 8.0]","[7.42, 4.34, 2.95, 2.26]","[0.94, 0.68, 0.36, 0.21]","[0.52, 0.33, 0.22, 0.16]","[1.89, 1.12, 0.64, 0.52]","[0.4, 0.27, 0.09, 0.07]","[4.07, 2.08, 1.53, 1.17]","[3.18, 1.51, 1.16, 0.88]","[0.93, 0.68, 0.36, 0.21]","[0.96, 0.7, 0.37, 0.21]","[0.95, 0.7, 0.37, 0.21]",[0.0],[0.0],"[4.0, 2.0]","[7.0, 4.0, 2.0, 1.0]","[7.0, 6.0, 4.0, 2.0]","[18.0, 12.0, 8.0, 5.0]",[0.0],[0.0],[0.0],[0.0],"[1.0, 0.0]",[0.0],"[5.0, 3.0, 2.0]","[5.0, 3.0, 1.0]","[4.0, 2.0]","[11.0, 6.0, 4.0, 3.0]",[0.0],[0.0],[1.0],"[14.0, 8.0, 7.0, 2.0]",[0.0],"[8.0, 7.0, 5.0, 3.0]","[5.0, 2.0]","[6.0, 4.0, 2.0, 1.0]",[0.0],"[0.11, 0.05]","[0.82, 0.63, 0.31, 0.16]",[0.0],[0.0],[0.0],[0.0],"[18.04, 12.16, 8.09, 4.99]","[11.0, 6.0, 4.0, 3.0]","[10.91, 5.98, 3.92, 2.89]","[2.0, 1.0, 0.0]","[0.11, 0.07, 0.05, 0.03]",[0.0],[0.0],"[1.05, 0.75, 0.41, 0.24]","[1.07, 0.78, 0.42, 0.24]","[1.06, 0.78, 0.42, 0.24]","[87.0, 70.0, 50.0, 27.0]","[6.0, 1.0, 0.0]","[25.0, 19.0, 16.0, 7.0]","[12.0, 10.0, 8.0, 5.0]","[44.0, 35.0, 25.0, 15.0]","[11.0, 9.0, 6.0]","[6.0, 5.0, 3.0]","[10.0, 8.0, 6.0, 3.0]","[60.0, 48.0, 33.0, 15.0]",[1.0],[0.0],"[11150.0, 8375.0, 5496.0, 2695.0]",[0.0],"[2.0, 0.0]","[1.0, 0.0]","[1.0, 0.0]","[19.86, 14.75, 14.02, 10.53, 7.48]","[2.41, 1.14, 1.1, 0.74, 0.4]","[2.22, 1.14, 1.09, 0.73, 0.4]","[2.42, 1.17, 1.12, 0.75, 0.41]","[2.23, 1.17, 1.12, 0.74, 0.41]","[15.0, 11.0, 10.0, 7.0]","[13.0, 9.0, 4.0, 3.0]","[16.0, 14.0, 7.0, 4.0]","[44.0, 34.0, 33.0, 21.0, 14.0]","[1.0, 0.0]",[0.0],[0.0],"[18.0, 14.0, 13.0, 10.0, 8.0]","[8.0, 6.0, 4.0, 2.0]","[2.0, 0.0]","[0.33, 0.29, 0.24, 0.2, 0.15]","[1.05, 0.85, 0.54, 0.26]","[1.03, 0.0]",[0.0],[0.0],"[1.0, 0.0]","[44.22, 34.4, 33.37, 21.16, 14.05]","[28.0, 20.0, 19.0, 14.0, 10.0]","[27.85, 19.95, 18.92, 13.83, 9.84]","[0.25, 0.17, 0.16, 0.12, 0.08]",[0.0],[0.0],"[2.66, 1.32, 1.26, 0.85, 0.48]","[2.67, 1.35, 1.29, 0.87, 0.48]","[2.48, 1.35, 1.29, 0.86, 0.48]","[33.32, 27.44, 26.48, 22.37, 13.28]","[3.97, 3.36, 3.13, 2.47, 1.3]","[3.72, 3.12, 2.98, 2.44, 1.27]","[3.9, 3.29, 3.07, 2.42, 1.27]","[3.65, 3.04, 2.92, 2.39, 1.25]","[28.0, 24.0, 23.0, 19.0, 11.0]","[18.0, 14.0, 13.0, 8.0]","[13.0, 8.0, 3.0]","[59.0, 46.0, 45.0, 40.0, 22.0]","[2.0, 1.0, 0.0]","[3.0, 2.0]",[0.0],"[26.0, 22.0, 20.0, 14.0]","[15.0, 11.0, 9.0, 3.0]","[5.0, 4.0, 3.0, 2.0]","[0.74, 0.68, 0.65, 0.48]","[1.81, 1.26, 0.93, 0.31]","[1.42, 1.19, 0.89, 0.5]",[0.0],[0.0],"[2.0, 1.0, 0.0]","[58.45, 45.57, 44.6, 39.7, 22.03]","[46.0, 38.0, 37.0, 32.0, 19.0]","[45.59, 37.8, 36.83, 31.91, 19.13]","[0.61, 0.47, 0.45, 0.38, 0.22]","[0.68, 0.5]","[0.68, 0.5]","[3.9, 3.15, 2.91, 2.35, 1.01]","[3.84, 3.09, 2.85, 2.31, 1.0]","[3.61, 2.87, 2.72, 2.27, 0.98]","[10.9, 7.47, 5.7, 2.78]","[9.58, 6.6, 4.23, 1.96]","[180.0, 129.0, 84.0, 48.0]","[151.0, 108.0, 84.0, 43.0]",[0.0],[0.0],[0.0],[0.0],[0.0],[0.0]
['8482699'],['2025'],['Dylan Guenther'],['UTA'],['R'],['all'],"['4', '3', '2', '1']","[4791.0, 3777.0, 2622.0, 1188.0]","[95.0, 78.0, 53.0, 26.0]","[5.51, 4.79, 3.58, 1.14]","[0.59, 0.57, 0.49, 0.47]","[0.51, 0.45, 0.44]","[0.6, 0.56, 0.55, 0.53]","[0.49, 0.48, 0.47, 0.46, 0.4]","[0.64, 0.58, 0.52]","[0.54, 0.5, 0.48, 0.45]","[10.0, 5.0, 4.0, 3.0]","[20.91, 17.18, 11.89, 7.4]","[2.31, 2.01, 1.53, 1.06]","[1.34, 1.12, 0.77, 0.42]","[4.26, 3.51, 2.37, 1.38]","[0.62, 0.51, 0.35, 0.22]","[11.85, 9.51, 6.62, 4.16]","[7.61, 6.33, 4.36, 2.75]","[2.23, 1.94, 1.47, 1.01]","[2.33, 2.03, 1.54, 1.07]","[2.24, 1.96, 1.48, 1.01]","[2.0, 1.0, 0.0]",[0.0],"[16.0, 13.0, 11.0, 7.0]","[12.0, 10.0, 5.0, 3.0]","[6.0, 4.0, 2.0]","[34.0, 27.0, 20.0, 12.0]","[4.0, 3.0, 1.0]","[2.0, 1.0]",[0.0],[0.0],"[4.0, 2.0]",[0.0],"[9.0, 7.0, 4.0, 3.0]","[13.0, 10.0, 8.0, 4.0]","[14.0, 11.0, 9.0, 6.0]","[26.0, 21.0, 14.0, 9.0]",[0.0],[0.0],"[3.0, 2.0]","[5.0, 2.0, 1.0, 0.0]",[0.0],"[6.0, 4.0]","[18.0, 15.0, 11.0, 7.0]","[8.0, 6.0, 3.0, 2.0]","[2.0, 1.0]","[0.48, 0.39, 0.27, 0.21]","[1.05, 0.85, 0.48, 0.3]","[0.78, 0.55]",[0.0],"[1.0, 0.0]",[1.0],"[33.93, 26.97, 19.95, 12.0]","[28.0, 23.0, 16.0, 10.0]","[27.82, 22.87, 15.88, 9.95]","[3.0, 2.0]","[0.32, 0.27, 0.19, 0.11]",[0.0],"[0.19, 0.0]","[2.44, 2.09, 1.72, 1.17]","[2.45, 2.1, 1.73, 1.17]","[2.38, 2.04, 1.67, 1.11]","[95.0, 78.0, 53.0, 26.0]","[21.0, 16.0, 11.0, 7.0]","[5.0, 4.0, 1.0]","[14.0, 9.0, 8.0, 1.0]","[55.0, 49.0, 30.0, 17.0]","[11.0, 10.0, 3.0, 2.0]","[13.0, 10.0, 9.0, 4.0]","[14.0, 10.0, 7.0, 4.0]","[57.0, 48.0, 34.0, 16.0]","[3.0, 2.0]","[2.0, 1.0]","[9785.0, 7199.0, 4754.0, 2412.0]",[0.0],"[6.0, 4.0, 0.0]","[3.0, 2.0, 0.0]","[3.0, 0.0]","[52.24, 34.89, 22.75, 11.32]","[5.89, 3.63, 2.81, 1.2]","[5.7, 3.56, 2.75, 1.15]","[5.92, 3.67, 2.83, 1.21]","[5.73, 3.59, 2.77, 1.15]","[49.0, 35.0, 25.0, 12.0]","[23.0, 14.0, 7.0, 4.0]","[24.0, 20.0, 16.0, 7.0]","[96.0, 69.0, 48.0, 23.0]","[5.0, 4.0, 3.0, 1.0]","[1.0, 0.0]",[0.0],"[51.0, 38.0, 25.0, 13.0]","[14.0, 8.0, 4.0, 2.0]","[7.0, 3.0, 1.0]","[1.37, 0.86, 0.55, 0.35]","[1.83, 1.13, 0.62, 0.3]","[2.69, 1.64, 0.55]","[1.0, 0.0]","[2.0, 0.0]","[2.0, 1.0]","[96.07, 69.2, 48.12, 22.89]","[72.0, 49.0, 32.0, 16.0]","[72.02, 49.1, 32.13, 15.94]","[0.89, 0.61, 0.4, 0.17]","[0.19, 0.0]","[0.19, 0.0]","[6.59, 4.05, 3.21, 1.37]","[6.62, 4.09, 3.24, 1.38]","[6.43, 4.03, 3.18, 1.32]","[29.88, 25.64, 16.57, 10.69]","[4.13, 3.74, 2.09, 1.35]","[4.05, 3.67, 2.05, 1.35]","[4.09, 3.7, 2.08, 1.33]","[4.01, 3.63, 2.03, 1.33]","[23.0, 21.0, 14.0, 10.0]","[18.0, 14.0, 9.0, 5.0]","[22.0, 20.0, 17.0, 5.0]","[63.0, 55.0, 40.0, 20.0]","[4.0, 2.0]","[1.0, 0.0]",[0.0],"[25.0, 21.0, 14.0, 10.0]","[14.0, 12.0, 8.0, 4.0]","[2.0, 1.0]","[0.77, 0.62, 0.46, 0.33]","[1.93, 1.7, 1.16, 0.55]","[1.43, 0.47]",[1.0],"[2.0, 1.0]","[1.0, 0.0]","[62.47, 54.62, 39.84, 20.02]","[41.0, 35.0, 23.0, 15.0]","[40.62, 34.8, 22.96, 15.02]","[0.46, 0.41, 0.28, 0.16]","[0.19, 0.0]","[0.19, 0.0]","[4.39, 3.96, 2.37, 1.51]","[4.35, 3.92, 2.35, 1.49]","[4.28, 3.85, 2.3, 1.49]","[7.42, 4.98, 4.93, 3.62, 1.98]","[9.42, 6.22, 5.99, 4.61, 1.91]","[128.0, 94.0, 93.0, 57.0, 39.0]","[147.0, 99.0, 98.0, 84.0, 45.0]",[0.0],[0.0],[0.0],[0.0],[0.0],[0.0]
['8480849'],['2025'],['Barrett Hayton'],['UTA'],['C'],['all'],"['2', '1']","[2046.0, 958.0]","[46.0, 22.0]","[2.08, 1.01, 1.0]","[0.98, 0.74]","[0.45, 0.29, 0.28]","[0.95, 0.73]","[0.58, 0.57, 0.53]","[0.95, 0.75]","[0.51, 0.5, 0.49]","[10.0, 6.0]","[5.52, 4.11]","[0.87, 0.67]","[0.48, 0.34]","[1.23, 0.98]","[0.17, 0.13]","[2.5, 1.67]","[1.75, 1.22]","[0.86, 0.65]","[0.88, 0.68]","[0.87, 0.67]",[0.0],[0.0],"[3.0, 2.0]","[4.0, 3.0]","[1.0, 0.0]","[8.0, 5.0]","[1.0, 0.0]","[1.0, 0.0]",[0.0],[0.0],[0.0],[0.0],"[3.0, 2.0]",[3.0],[2.0],"[6.0, 5.0]",[0.0],[0.0],"[11.0, 6.0]","[1.0, 0.0]","[1.0, 0.0]",[0.0],[1.0],"[5.0, 3.0]",[1.0],[0.04],"[0.6, 0.4]",[0.23],[0.0],"[1.0, 0.0]",[0.0],"[8.04, 5.05]","[7.0, 5.0]","[6.99, 5.02]",[0.0],"[0.11, 0.07]",[0.0],[0.41],"[0.57, 0.33]","[0.57, 0.34]","[0.57, 0.34]","[46.0, 22.0]","[8.0, 7.0]","[4.0, 1.0]","[5.0, 2.0]","[29.0, 12.0]","[11.0, 5.0]","[4.0, 3.0]","[6.0, 2.0]","[25.0, 12.0]","[11.0, 6.0]","[11.0, 6.0, 5.0]","[5154.0, 2642.0]",[0.0],"[2.0, 0.0]","[1.0, 0.0]",[0.0],"[24.08, 13.33]","[2.15, 0.93]","[2.1, 0.92]","[2.14, 0.95]","[2.09, 0.94]","[19.0, 10.0]","[14.0, 8.0]","[8.0, 2.0]","[41.0, 20.0]","[1.0, 0.0]","[4.0, 2.0]",[0.0],"[22.0, 14.0]","[9.0, 3.0]","[2.0, 1.0]","[0.58, 0.3]","[1.09, 0.4]","[0.48, 0.23]",[0.0],"[1.0, 0.0]",[0.0],"[40.76, 20.06]","[33.0, 18.0]","[32.59, 17.92]","[0.35, 0.17]","[0.84, 0.41]","[0.84, 0.41]","[1.66, 0.7]","[1.65, 0.71]","[1.63, 0.71]","[8.28, 0.71]","[0.76, 0.01]","[0.75, 0.01]","[0.77, 0.01]","[0.76, 0.01]","[7.0, 1.0]","[4.0, 0.0]","[4.0, 0.0]","[15.0, 1.0]",[0.0],"[1.0, 0.0]",[0.0],"[7.0, 1.0]","[4.0, 0.0]",[0.0],"[0.23, 0.01]","[0.52, 0.0]",[0.0],[0.0],[0.0],[0.0],"[15.29, 0.97]","[11.0, 1.0]","[11.06, 0.97]","[0.12, 0.01]","[0.03, 0.0]","[0.03, 0.0]","[0.84, 0.02]","[0.86, 0.02]","[0.85, 0.02]","[4.72, 1.25, 1.2]","[5.86, 3.01]","[78.0, 38.0, 37.0]","[70.0, 28.0]",[0.0],[0.0],[0.0],[0.0],[0.0],[0.0]
['8479343'],['2025'],['Clayton Keller'],['UTA'],['R'],['all'],"['4', '3', '2', '1']","[5070.0, 3847.0, 2722.0, 1337.0]","[96.0, 76.0, 55.0, 29.0]","[1.51, 1.16, 1.11, 0.96, 0.23]","[0.63, 0.59, 0.54, 0.52, 0.5]","[0.45, 0.43, 0.38]","[0.6, 0.58, 0.57, 0.52, 0.5]","[0.48, 0.47, 0.43]","[0.71, 0.66, 0.65, 0.64, 0.57]","[0.47, 0.46, 0.45]","[7.0, 5.0, 3.0, 1.0]","[9.25, 5.02, 3.52, 2.19]","[0.77, 0.24, 0.15, 0.09]","[0.64, 0.35, 0.26, 0.15]","[2.4, 1.28, 0.94, 0.64]","[0.35, 0.17, 0.13, 0.08]","[5.49, 3.15, 2.33, 1.25]","[3.34, 1.81, 1.18, 0.79]","[0.72, 0.23, 0.15, 0.09]","[0.77, 0.24, 0.15, 0.09]","[0.72, 0.23, 0.15, 0.09]",[1.0],[0.0],"[8.0, 4.0, 3.0, 2.0]","[5.0, 3.0, 2.0, 1.0]","[3.0, 2.0, 0.0]","[16.0, 9.0, 7.0, 3.0]",[1.0],[0.0],"[1.0, 0.0]",[0.0],[0.0],[0.0],"[6.0, 3.0, 2.0]","[6.0, 4.0, 2.0, 1.0]","[8.0, 4.0, 3.0, 2.0]","[13.0, 7.0, 5.0, 3.0]","[1.0, 0.0]","[2.0, 0.0]",[1.0],[0.0],[0.0],"[8.0, 6.0, 5.0]","[10.0, 7.0, 5.0, 3.0]","[2.0, 0.0]","[1.0, 0.0]","[0.32, 0.24, 0.15, 0.09]","[0.23, 0.0]","[0.23, 0.0]",[0.0],[0.0],[0.0],"[15.9, 8.96, 6.95, 2.95]","[13.0, 7.0, 5.0, 3.0]","[12.87, 6.92, 4.93, 2.93]","[2.0, 1.0]","[0.16, 0.08, 0.07, 0.03]","[0.24, 0.0]",[0.03],"[0.91, 0.3, 0.19, 0.1]","[0.91, 0.3, 0.19, 0.1]","[0.86, 0.29, 0.19, 0.1]","[96.0, 76.0, 55.0, 29.0]","[22.0, 19.0, 11.0, 9.0]","[5.0, 4.0, 2.0]","[10.0, 7.0, 6.0, 4.0]","[59.0, 46.0, 34.0, 14.0]","[13.0, 11.0, 8.0, 6.0]","[13.0, 9.0, 7.0, 3.0]","[15.0, 13.0, 10.0, 4.0]","[55.0, 43.0, 30.0, 16.0]",[1.0],[0.0],"[9506.0, 7129.0, 4654.0, 2263.0]","[2.0, 0.0]","[4.0, 2.0]","[2.0, 1.0]","[2.0, 1.0]","[56.58, 38.63, 23.45, 15.03]","[6.67, 4.13, 3.21, 1.86]","[6.39, 4.0, 3.09, 1.74]","[6.69, 4.19, 3.25, 1.88]","[6.42, 4.05, 3.13, 1.76]","[55.0, 37.0, 24.0, 14.0]","[22.0, 16.0, 8.0, 6.0]","[18.0, 14.0, 12.0, 4.0]","[95.0, 67.0, 44.0, 24.0]","[3.0, 2.0, 1.0]","[7.0, 5.0, 3.0]",[0.0],"[53.0, 42.0, 25.0, 15.0]","[14.0, 5.0, 2.0]","[10.0, 6.0, 5.0, 3.0]","[1.38, 0.93, 0.63, 0.47]","[1.79, 0.71, 0.31]","[3.5, 2.5, 2.26, 1.08]",[0.0],"[1.0, 0.0]","[2.0, 1.0]","[94.62, 66.92, 43.89, 23.75]","[77.0, 53.0, 32.0, 20.0]","[76.42, 52.71, 31.82, 19.73]","[0.94, 0.64, 0.4, 0.23]","[1.4, 0.97, 0.56]","[1.4, 0.97, 0.56]","[6.21, 3.8, 3.05, 1.53]","[6.23, 3.84, 3.08, 1.53]","[6.02, 3.76, 3.0, 1.46]","[30.7, 23.14, 22.19, 18.18, 5.61]","[4.73, 4.09, 3.87, 2.72, 1.11]","[4.55, 3.92, 3.78, 2.64, 1.11]","[4.69, 4.04, 3.83, 2.68, 1.1]","[4.51, 3.87, 3.75, 2.6, 1.1]","[23.0, 17.0, 16.0, 14.0, 5.0]","[17.0, 13.0, 10.0, 3.0]","[23.0, 20.0, 14.0]","[63.0, 50.0, 49.0, 44.0, 22.0]","[3.0, 2.0, 0.0]","[6.0, 5.0, 4.0, 0.0]",[0.0],"[25.0, 18.0, 15.0, 4.0]","[9.0, 6.0, 5.0, 2.0]","[6.0, 5.0, 4.0, 2.0]","[0.81, 0.53, 0.46, 0.08]","[1.32, 0.97, 0.86, 0.34]","[2.59, 2.36, 1.41, 0.69]","[1.0, 0.0]",[0.0],"[2.0, 1.0, 0.0]","[63.09, 49.83, 48.86, 43.78, 21.99]","[40.0, 30.0, 29.0, 24.0, 8.0]","[40.43, 30.31, 29.34, 24.23, 8.13]","[0.41, 0.31, 0.29, 0.24, 0.07]","[0.77, 0.74, 0.7, 0.0]","[0.77, 0.74, 0.7, 0.0]","[4.37, 3.66, 3.41, 2.26, 1.18]","[4.34, 3.61, 3.38, 2.22, 1.17]","[4.23, 3.51, 3.36, 2.21, 1.17]","[6.64, 4.48, 4.43, 3.23, 1.32]","[8.82, 5.87, 3.99, 2.14]","[129.0, 96.0, 95.0, 61.0, 38.0]","[147.0, 104.0, 80.0, 43.0]",[0.0],[0.0],[0.0],[0.0],[0.0],[0.0]
['8480855'],['2025'],['Jack McBain'],['UTA'],['C'],['all'],"['4', '3', '2', '1']","[3671.0, 2814.0, 2049.0, 1021.0]","[85.0, 67.0, 46.0, 24.0]","[0.6, 0.5, 0.4, 0.27, 0.07]","[0.61, 0.52, 0.51, 0.48, 0.47]","[0.51, 0.48, 0.46, 0.45]","[0.49, 0.45, 0.44, 0.43, 0.38]","[0.55, 0.54, 0.49]","[0.65, 0.5, 0.48, 0.46]","[0.56, 0.54, 0.5, 0.49]","[29.0, 21.0, 12.0, 6.0]","[8.16, 7.31, 5.79, 2.52]","[1.83, 1.6, 1.51, 0.47]","[0.63, 0.55, 0.43, 0.21]","[1.53, 1.34, 1.05, 0.49]","[0.21, 0.19, 0.15, 0.07]","[3.63, 3.33, 2.41, 1.06]","[2.17, 1.99, 1.45, 0.71]","[1.82, 1.59, 1.5, 0.46]","[1.85, 1.64, 1.54, 0.49]","[1.84, 1.62, 1.53, 0.48]",[0.0],[0.0],"[9.0, 8.0, 7.0, 3.0]","[1.0, 0.0]","[1.0, 0.0]","[11.0, 10.0, 7.0, 3.0]","[1.0, 0.0]","[1.0, 0.0]","[2.0, 1.0]",[0.0],"[3.0, 2.0]",[0.0],"[3.0, 2.0, 0.0]","[1.0, 0.0]","[8.0, 7.0, 6.0, 3.0]","[9.0, 8.0, 6.0, 3.0]","[4.0, 2.0, 1.0]","[11.0, 4.0, 2.0]","[15.0, 13.0, 6.0, 2.0]","[8.0, 6.0, 4.0, 3.0]","[1.0, 0.0]","[2.0, 0.0]","[5.0, 3.0, 1.0]",[1.0],"[4.0, 3.0, 1.0]","[0.15, 0.06, 0.04]",[0.14],"[1.54, 1.31, 0.29]",[0.0],[0.0],"[1.0, 0.0]","[11.08, 10.11, 7.1, 3.04]","[10.0, 9.0, 7.0, 3.0]","[10.02, 9.05, 7.09, 3.02]",[0.0],"[0.15, 0.13, 0.1, 0.04]","[0.44, 0.24]",[0.29],"[1.69, 1.44, 1.32, 0.23]","[1.7, 1.46, 1.34, 0.23]","[1.69, 1.46, 1.34, 0.23]","[85.0, 67.0, 46.0, 24.0]","[15.0, 13.0, 7.0, 6.0]","[10.0, 7.0, 5.0, 2.0]","[8.0, 6.0, 3.0, 2.0]","[52.0, 41.0, 31.0, 14.0]","[11.0, 8.0, 6.0, 4.0]","[8.0, 7.0, 5.0, 2.0]","[16.0, 11.0, 8.0, 4.0]","[50.0, 41.0, 27.0, 14.0]","[15.0, 13.0, 6.0, 2.0]","[23.0, 18.0, 12.0, 8.0]","[10905.0, 8162.0, 5327.0, 2579.0]","[11.0, 4.0, 2.0]","[9.0, 2.0, 0.0]","[3.0, 1.0, 0.0]","[4.0, 3.0, 2.0]","[24.59, 21.48, 20.75, 16.18, 11.28]","[4.05, 2.89, 2.84, 2.22, 0.95]","[3.8, 2.81, 2.76, 2.15, 0.89]","[4.1, 2.94, 2.89, 2.25, 0.97]","[3.84, 2.87, 2.82, 2.19, 0.91]","[22.0, 19.0, 18.0, 17.0, 11.0]","[11.0, 9.0, 4.0]","[17.0, 12.0, 5.0, 3.0]","[50.0, 40.0, 39.0, 26.0, 18.0]","[3.0, 2.0, 0.0]","[4.0, 3.0]",[0.0],"[21.0, 19.0, 18.0, 15.0, 12.0]","[6.0, 5.0, 2.0, 1.0]","[6.0, 4.0, 2.0]","[0.53, 0.5, 0.46, 0.35, 0.28]","[0.95, 0.83, 0.32, 0.14]","[2.58, 1.55, 0.53]",[0.0],"[1.0, 0.0]","[2.0, 1.0, 0.0]","[50.1, 40.23, 39.19, 26.01, 17.91]","[33.0, 28.0, 27.0, 21.0, 15.0]","[32.89, 27.94, 26.91, 20.89, 14.8]","[0.39, 0.32, 0.31, 0.23, 0.14]","[0.75, 0.56]","[0.75, 0.56]","[3.69, 2.46, 2.4, 1.9, 0.54]","[3.72, 2.51, 2.45, 1.92, 0.55]","[3.52, 2.49, 2.43, 1.9, 0.53]","[29.73, 22.37, 21.42, 17.28, 5.71]","[4.51, 3.03, 2.8, 2.06, 0.61]","[4.19, 2.73, 2.59, 1.97, 0.61]","[4.47, 2.99, 2.77, 2.05, 0.61]","[4.14, 2.69, 2.56, 1.96, 0.61]","[23.0, 18.0, 17.0, 13.0, 5.0]","[16.0, 11.0, 10.0, 3.0]","[26.0, 20.0, 11.0]","[65.0, 49.0, 48.0, 43.0, 19.0]","[6.0, 5.0, 3.0, 1.0]","[6.0, 5.0, 4.0, 0.0]","[1.0, 0.0]","[23.0, 17.0, 16.0, 5.0]","[10.0, 7.0, 4.0, 2.0]","[6.0, 5.0, 4.0, 3.0, 1.0]","[0.63, 0.54, 0.52, 0.12]","[1.5, 1.04, 0.61, 0.27]","[2.38, 1.46, 1.23, 0.94, 0.22]","[2.0, 1.0]","[1.0, 0.0]","[3.0, 2.0, 1.0, 0.0]","[64.67, 48.89, 47.92, 42.98, 19.14]","[39.0, 29.0, 28.0, 23.0, 8.0]","[39.07, 29.28, 28.31, 23.36, 8.19]","[0.45, 0.34, 0.32, 0.24, 0.08]","[1.81, 0.88, 0.7, 0.0]","[1.81, 0.88, 0.7, 0.0]","[3.15, 2.49, 2.25, 1.6, 0.69]","[3.12, 2.46, 2.23, 1.59, 0.69]","[2.9, 2.25, 2.1, 1.57, 0.69]","[9.25, 5.72, 4.21, 2.23]","[9.04, 6.93, 4.64, 2.65]","[174.0, 123.0, 79.0, 44.0]","[145.0, 105.0, 81.0, 46.0]",[0.0],[0.0],[0.0],[0.0],[0.0],[0.0]
['8482175'],['2025'],['JJ Peterka'],['UTA'],['R'],['all'],"['4', '3', '2', '1']","[4015.0, 3025.0, 1978.0, 1070.0]","[86.0, 64.0, 42.0, 23.0]","[3.43, 2.18, 0.85, 0.04]","[0.64, 0.63, 0.62, 0.45]","[0.51, 0.46, 0.45, 0.42, 0.41]","[0.61, 0.58, 0.56, 0.54]","[0.49, 0.48, 0.47, 0.43]","[0.65, 0.62, 0.61, 0.56]","[0.52, 0.5, 0.46]","[24.0, 18.0, 13.0, 5.0]","[4.44, 2.79, 2.03, 1.37]","[0.45, 0.11, 0.07, 0.05]","[0.28, 0.19, 0.13, 0.09]","[0.93, 0.65, 0.51, 0.31]","[0.13, 0.08, 0.06, 0.04]","[2.58, 1.81, 1.39, 0.96]","[1.63, 1.16, 0.83, 0.55]","[0.45, 0.11, 0.07, 0.05]","[0.45, 0.12, 0.07, 0.05]","[0.45, 0.12, 0.07, 0.05]",[0.0],"[1.0, 0.0]","[6.0, 4.0, 3.0, 2.0]",[0.0],"[8.0, 5.0, 3.0, 1.0]","[14.0, 9.0, 6.0, 3.0]","[3.0, 2.0, 1.0, 0.0]","[2.0, 1.0, 0.0]",[1.0],[0.0],[1.0],[0.0],"[1.0, 0.0]","[1.0, 0.0]","[4.0, 3.0, 2.0]","[4.0, 3.0, 2.0]",[0.0],[0.0],[0.0],[0.0],"[1.0, 0.0]","[5.0, 4.0, 2.0]","[5.0, 4.0, 3.0, 2.0]",[0.0],"[1.0, 0.0]","[0.17, 0.11, 0.07, 0.05]",[0.0],"[0.28, 0.0]","[1.0, 0.0]",[0.0],"[1.0, 0.0]","[14.05, 9.0, 5.93, 2.95]","[6.0, 4.0, 3.0, 2.0]","[6.1, 4.02, 2.99, 1.96]",[1.0],"[0.06, 0.04, 0.03, 0.02]",[0.27],[0.0],"[0.51, 0.15, 0.1, 0.07]","[0.51, 0.15, 0.1, 0.07]","[0.51, 0.15, 0.1, 0.07]","[86.0, 64.0, 42.0, 23.0]","[14.0, 9.0, 8.0, 6.0]","[2.0, 1.0]","[12.0, 7.0, 6.0, 2.0]","[58.0, 47.0, 27.0, 14.0]","[20.0, 16.0, 8.0, 5.0]","[13.0, 9.0, 8.0, 4.0]","[11.0, 5.0, 3.0, 2.0]","[42.0, 34.0, 23.0, 12.0]",[0.0],"[2.0, 1.0]","[10561.0, 7951.0, 5398.0, 2530.0]",[0.0],[0.0],[0.0],"[1.0, 0.0]","[36.48, 26.55, 16.24, 10.89]","[3.65, 2.74, 1.91, 0.78]","[3.61, 2.71, 1.9, 0.77]","[3.69, 2.78, 1.93, 0.79]","[3.64, 2.75, 1.92, 0.78]","[30.0, 24.0, 17.0, 10.0]","[20.0, 12.0, 5.0]","[19.0, 13.0, 8.0, 6.0]","[69.0, 49.0, 30.0, 21.0]","[3.0, 2.0, 1.0, 0.0]","[2.0, 1.0]",[0.0],"[37.0, 27.0, 17.0, 13.0]","[9.0, 6.0, 2.0, 1.0]","[4.0, 3.0, 1.0]","[1.01, 0.7, 0.38, 0.32]","[1.16, 0.84, 0.33, 0.19]","[1.49, 1.2, 0.27]","[1.0, 0.0]","[1.0, 0.0]","[1.0, 0.0]","[69.1, 49.17, 30.03, 20.84]","[50.0, 36.0, 22.0, 15.0]","[49.98, 36.03, 22.03, 14.8]","[0.51, 0.37, 0.22, 0.13]","[0.46, 0.27]","[0.46, 0.27]","[3.7, 2.64, 1.86, 0.64]","[3.73, 2.69, 1.89, 0.65]","[3.71, 2.68, 1.89, 0.65]","[19.58, 15.71, 9.72, 8.18]","[2.04, 1.67, 1.13, 0.95]","[2.02, 1.64, 1.13, 0.94]","[2.01, 1.63, 1.12, 0.94]","[1.98, 1.61, 1.12, 0.94]","[18.0, 14.0, 9.0, 8.0]","[9.0, 8.0, 5.0, 4.0]","[17.0, 13.0, 10.0, 6.0]","[44.0, 35.0, 24.0, 18.0]",[1.0],"[1.0, 0.0]",[0.0],"[17.0, 15.0, 10.0, 9.0]","[9.0, 6.0, 3.0, 2.0]",[1.0],"[0.4, 0.37, 0.28, 0.27]","[1.18, 0.82, 0.38, 0.2]",[0.47],[0.0],[1.0],[0.0],"[43.69, 34.76, 23.98, 18.11]","[27.0, 22.0, 14.0, 12.0]","[26.72, 21.87, 14.03, 12.09]","[0.27, 0.22, 0.13, 0.11]","[0.19, 0.0]","[0.19, 0.0]","[2.12, 1.7, 1.27, 1.06]","[2.08, 1.66, 1.25, 1.05]","[2.07, 1.65, 1.25, 1.04]","[9.65, 5.87, 5.82, 4.52, 2.4]","[11.51, 8.29, 8.06, 5.57, 2.31]","[155.0, 114.0, 113.0, 75.0, 41.0]","[166.0, 119.0, 118.0, 100.0, 47.0]",[0.0],[0.0],[0.0],[0.0],[0.0],[0.0]
['8477951'],['2025'],['Nick Schmaltz'],['UTA'],['C'],['all'],"['4', '3', '2', '1']","[4639.0, 3447.0, 2384.0, 1180.0]","[91.0, 72.0, 51.0, 26.0]","[4.21, 2.56, 2.55, 1.54, 1.16]","[0.72, 0.64, 0.63, 0.58]","[0.41, 0.4, 0.39, 0.34]","[0.67, 0.66, 0.59]","[0.45, 0.42, 0.4]","[0.83, 0.73, 0.71, 0.66]","[0.45, 0.44, 0.42]","[15.0, 12.0, 8.0, 4.0]","[15.92, 9.91, 7.04, 3.96]","[2.13, 1.34, 1.29, 0.36]","[1.08, 0.67, 0.47, 0.22]","[3.69, 2.18, 1.59, 1.23]","[0.51, 0.28, 0.19, 0.11]","[8.2, 5.28, 3.35, 1.79]","[5.38, 3.25, 2.11, 1.29]","[2.07, 1.31, 1.26, 0.32]","[2.11, 1.35, 1.29, 0.36]","[2.05, 1.31, 1.26, 0.33]","[2.0, 1.0, 0.0]",[1.0],"[16.0, 10.0, 7.0, 3.0]","[5.0, 3.0, 2.0]","[4.0, 3.0, 0.0]","[25.0, 17.0, 12.0, 5.0]","[3.0, 2.0, 1.0]",[0.0],"[5.0, 4.0, 2.0]",[0.0],"[2.0, 1.0, 0.0]",[0.0],"[5.0, 4.0, 3.0, 2.0]","[9.0, 4.0, 3.0, 1.0]","[16.0, 10.0, 7.0, 3.0]","[21.0, 13.0, 9.0, 5.0]","[1.0, 0.0]","[2.0, 0.0]","[8.0, 4.0, 3.0]","[1.0, 0.0]","[2.0, 0.0]","[7.0, 6.0, 5.0, 3.0]","[16.0, 11.0, 7.0, 4.0]","[2.0, 0.0]","[3.0, 2.0, 1.0]","[0.49, 0.23, 0.18, 0.12]","[0.3, 0.0]","[1.35, 1.11, 0.24]",[0.0],[0.0],[0.0],"[24.89, 17.09, 12.09, 4.99]","[21.0, 13.0, 9.0, 5.0]","[20.78, 12.98, 8.98, 4.95]","[1.0, 0.0]","[0.25, 0.16, 0.12, 0.05]","[0.91, 0.72, 0.32]","[0.67, 0.24]","[1.71, 1.26, 1.16, 0.16]","[1.71, 1.27, 1.17, 0.17]","[1.7, 1.26, 1.16, 0.16]","[91.0, 72.0, 51.0, 26.0]","[23.0, 21.0, 13.0, 9.0]","[4.0, 3.0, 2.0]","[10.0, 7.0, 5.0, 4.0]","[54.0, 41.0, 30.0, 11.0]","[15.0, 12.0, 8.0, 6.0]","[11.0, 7.0, 5.0, 1.0]","[11.0, 10.0, 8.0, 3.0]","[54.0, 43.0, 30.0, 16.0]","[8.0, 4.0, 3.0]","[17.0, 13.0, 12.0, 5.0]","[9937.0, 7529.0, 4992.0, 2420.0]","[2.0, 0.0]","[6.0, 0.0]","[3.0, 0.0]",[0.0],"[55.21, 37.25, 22.83, 15.03]","[6.55, 4.08, 3.19, 1.86]","[6.28, 3.95, 3.07, 1.74]","[6.57, 4.14, 3.23, 1.88]","[6.3, 4.0, 3.11, 1.76]","[54.0, 36.0, 23.0, 14.0]","[21.0, 15.0, 8.0, 6.0]","[18.0, 13.0, 11.0, 4.0]","[93.0, 64.0, 42.0, 24.0]","[3.0, 2.0, 1.0]","[7.0, 5.0, 3.0]",[0.0],"[52.0, 40.0, 24.0, 15.0]","[13.0, 5.0, 2.0]","[10.0, 6.0, 5.0, 3.0]","[1.36, 0.88, 0.62, 0.47]","[1.69, 0.71, 0.31]","[3.5, 2.5, 2.26, 1.08]",[0.0],"[1.0, 0.0]","[2.0, 1.0]","[92.56, 63.86, 41.86, 23.75]","[75.0, 51.0, 31.0, 20.0]","[74.32, 50.65, 30.78, 19.73]","[0.91, 0.6, 0.38, 0.23]","[1.4, 0.97, 0.56]","[1.4, 0.97, 0.56]","[6.07, 3.72, 3.01, 1.53]","[6.08, 3.76, 3.04, 1.53]","[5.87, 3.68, 2.96, 1.46]","[22.79, 14.53, 12.01, 2.62]","[3.75, 2.94, 1.86, 0.71]","[3.67, 2.86, 1.78, 0.71]","[3.74, 2.92, 1.83, 0.71]","[3.66, 2.84, 1.76, 0.71]","[16.0, 10.0, 8.0, 2.0]","[14.0, 9.0, 8.0, 2.0]","[18.0, 13.0, 8.0]","[48.0, 32.0, 29.0, 12.0]","[2.0, 1.0, 0.0]","[5.0, 4.0, 0.0]",[0.0],"[18.0, 11.0, 10.0, 2.0]","[8.0, 4.0, 3.0, 0.0]","[4.0, 3.0, 2.0]","[0.62, 0.33, 0.32, 0.02]","[1.16, 0.64, 0.52, 0.0]","[1.97, 1.01, 0.69]","[1.0, 0.0]",[0.0],"[1.0, 0.0]","[48.29, 31.98, 28.95, 12.01]","[30.0, 19.0, 16.0, 4.0]","[30.37, 19.28, 16.24, 4.12]","[0.31, 0.2, 0.17, 0.03]","[0.73, 0.7, 0.0]","[0.73, 0.7, 0.0]","[3.34, 2.44, 1.33, 0.74]","[3.33, 2.42, 1.31, 0.74]","[3.32, 2.41, 1.3, 0.74]","[6.75, 4.53, 4.48, 3.24, 1.32]","[9.8, 7.02, 6.79, 4.85, 2.54]","[131.0, 99.0, 98.0, 63.0, 38.0]","[162.0, 122.0, 121.0, 95.0, 53.0]",[0.0],[0.0],[0.0],[0.0],[0.0],[0.0]
['8478831'],['2025'],['Kevin Stenlund'],['UTA'],['C'],['all'],"['4', '3', '2', '1']","[3857.0, 2987.0, 2050.0, 1002.0]","[98.0, 80.0, 58.0, 31.0]","[0.65, 0.12, -0.05, -0.15]","[0.33, 0.3, 0.27, 0.21]","[0.57, 0.56, 0.55]","[0.47, 0.39, 0.38, 0.36]","[0.57, 0.56, 0.5, 0.49]","[0.45, 0.37, 0.36]","[0.59, 0.58, 0.56]","[26.0, 19.0, 12.0, 7.0]","[5.46, 3.21, 2.3]","[1.19, 0.25, 0.12]","[0.25, 0.15, 0.09]","[0.92, 0.68, 0.53]","[0.14, 0.09, 0.07]","[2.47, 1.53, 1.15]","[2.02, 1.3, 1.04]","[1.01, 0.25, 0.12]","[1.19, 0.25, 0.13]","[1.01, 0.25, 0.13]",[0.0],[0.0],"[5.0, 2.0, 1.0]",[2.0],"[2.0, 1.0, 0.0]","[9.0, 5.0, 4.0, 3.0]","[1.0, 0.0]","[1.0, 0.0]",[0.0],[0.0],[0.0],[0.0],"[3.0, 2.0, 1.0]","[3.0, 2.0]","[4.0, 2.0, 1.0]","[6.0, 4.0, 3.0]","[2.0, 1.0, 0.0]","[4.0, 2.0, 0.0]","[39.0, 31.0, 24.0, 12.0]","[1.0, 0.0]","[1.0, 0.0]","[4.0, 2.0]","[3.0, 2.0]","[3.0, 2.0, 1.0]","[1.0, 0.0]","[0.05, 0.03]","[0.34, 0.23, 0.1]","[0.8, 0.0]",[0.0],[0.0],"[1.0, 0.0]","[9.01, 4.99, 3.96, 2.98]","[7.0, 4.0, 3.0]","[6.93, 3.92, 2.96]","[1.0, 0.0]","[0.05, 0.03, 0.02]",[0.0],[0.0],"[1.25, 0.28, 0.14]","[1.25, 0.29, 0.14]","[1.07, 0.29, 0.14]","[98.0, 80.0, 58.0, 31.0]","[8.0, 7.0, 5.0, 2.0]","[27.0, 23.0, 20.0, 10.0]","[17.0, 14.0, 10.0, 6.0]","[46.0, 36.0, 23.0, 13.0]","[9.0, 6.0]","[5.0, 4.0, 2.0]","[8.0, 7.0, 4.0, 2.0]","[76.0, 60.0, 44.0, 21.0]","[39.0, 31.0, 24.0, 12.0]","[41.0, 36.0, 29.0, 18.0]","[10719.0, 7989.0, 5326.0, 2598.0]","[4.0, 2.0, 0.0]",[0.0],[0.0],"[4.0, 2.0, 1.0]","[21.68, 16.03, 12.99, 9.95]","[2.11, 0.99, 0.91, 0.58]","[1.92, 0.98, 0.91, 0.58]","[2.13, 1.0, 0.93, 0.58]","[1.93, 1.0, 0.92, 0.58]","[20.0, 14.0, 12.0, 9.0]","[11.0, 9.0, 6.0, 5.0]","[11.0, 9.0, 6.0, 4.0]","[42.0, 32.0, 24.0, 18.0]","[1.0, 0.0]",[0.0],[0.0],"[25.0, 19.0, 14.0, 12.0]","[5.0, 4.0, 2.0]","[1.0, 0.0]","[0.66, 0.45, 0.38, 0.33]","[0.65, 0.54, 0.26]","[0.8, 0.0]",[0.0],[0.0],"[1.0, 0.0]","[42.2, 32.19, 24.1, 18.02]","[31.0, 23.0, 18.0, 14.0]","[30.89, 22.88, 17.8, 13.81]","[0.28, 0.21, 0.17, 0.13]",[0.0],[0.0],"[2.39, 1.2, 1.09, 0.71]","[2.41, 1.22, 1.1, 0.72]","[2.21, 1.21, 1.09, 0.71]","[37.43, 27.42, 22.26, 11.87]","[4.95, 3.78, 2.48, 1.17]","[4.8, 3.7, 2.4, 1.15]","[4.9, 3.71, 2.43, 1.15]","[4.75, 3.64, 2.36, 1.12]","[29.0, 21.0, 19.0, 11.0]","[23.0, 18.0, 13.0, 6.0]","[18.0, 11.0, 3.0]","[70.0, 50.0, 43.0, 20.0]","[1.0, 0.0]","[4.0, 3.0, 2.0]",[0.0],"[30.0, 23.0, 19.0, 13.0]","[18.0, 13.0, 11.0, 2.0]","[4.0, 3.0, 2.0]","[1.02, 0.74, 0.65, 0.45]","[2.25, 1.58, 1.33, 0.22]","[1.68, 1.46, 0.5]",[0.0],[0.0],"[1.0, 0.0]","[69.52, 49.58, 42.64, 20.03]","[52.0, 39.0, 32.0, 17.0]","[51.64, 38.83, 31.87, 17.13]","[0.66, 0.46, 0.4, 0.19]","[0.76, 0.54, 0.5]","[0.76, 0.54, 0.5]","[4.85, 3.69, 2.38, 0.86]","[4.8, 3.64, 2.34, 0.85]","[4.68, 3.56, 2.26, 0.82]","[11.19, 7.62, 7.57, 5.52, 2.6]","[8.6, 6.19, 5.96, 4.23, 2.08]","[182.0, 131.0, 130.0, 81.0, 44.0]","[140.0, 104.0, 103.0, 81.0, 45.0]",[0.0],[0.0],[0.0],[0.0],[0.0],[0.0]
['8479293'],['2025'],['Brandon Tanev'],['UTA'],['L'],['all'],"['4', '3', '2', '1']","[2625.0, 1997.0, 1282.0, 609.0]","[64.0, 51.0, 34.0, 18.0]","[-0.11, -0.18, -0.29]","[0.75, 0.55, 0.43, 0.37]","[0.52, 0.48, 0.47, 0.46]","[0.43, 0.41, 0.4, 0.39]","[0.54, 0.53, 0.5, 0.47]","[0.6, 0.54, 0.5, 0.43]","[0.56, 0.54, 0.53, 0.48]","[41.0, 30.0, 19.0, 10.0]","[4.9, 4.14, 3.84, 1.68]","[0.49, 0.48, 0.47, 0.32]","[0.38, 0.35, 0.28, 0.14]","[1.3, 1.11, 0.97, 0.45]","[0.19, 0.17, 0.12, 0.05]","[2.66, 2.23, 1.82, 0.6]","[1.97, 1.67, 1.34, 0.45]","[0.47, 0.46, 0.45, 0.31]","[0.49, 0.48, 0.47, 0.32]","[0.47, 0.46, 0.45, 0.31]",[0.0],[0.0],"[5.0, 4.0, 3.0, 1.0]","[2.0, 1.0]","[1.0, 0.0]","[8.0, 7.0, 5.0, 2.0]",[0.0],[0.0],[0.0],[0.0],[0.0],[0.0],"[3.0, 2.0]","[4.0, 3.0, 2.0, 0.0]","[5.0, 4.0, 3.0, 1.0]","[7.0, 6.0, 5.0, 2.0]",[1.0],[2.0],[0.0],"[23.0, 17.0, 11.0, 5.0]",[0.0],"[7.0, 6.0, 2.0]","[6.0, 5.0, 4.0, 1.0]",[0.0],[1.0],"[0.22, 0.21, 0.2, 0.05]",[0.0],[0.27],[0.0],[0.0],[0.0],"[7.85, 6.88, 4.88, 1.95]","[7.0, 6.0, 5.0, 2.0]","[6.82, 5.85, 4.82, 1.93]","[1.0, 0.0]","[0.08, 0.07, 0.06, 0.03]",[0.0],[0.27],"[0.3, 0.28, 0.26, 0.08]","[0.3, 0.28, 0.26, 0.08]","[0.29, 0.27, 0.25, 0.08]","[64.0, 51.0, 34.0, 18.0]","[5.0, 4.0, 3.0]","[5.0, 4.0, 2.0]","[10.0, 7.0, 2.0, 1.0]","[44.0, 35.0, 24.0, 12.0]","[7.0, 5.0, 2.0]","[8.0, 7.0, 4.0]","[3.0, 2.0]","[46.0, 35.0, 20.0, 10.0]",[0.0],[1.0],"[11951.0, 8979.0, 6094.0, 2991.0]",[2.0],[0.0],[0.0],"[3.0, 1.0]","[16.95, 12.79, 10.53, 4.63]","[1.34, 1.02, 0.98, 0.55]","[1.31, 1.0, 0.96, 0.54]","[1.34, 1.02, 0.98, 0.55]","[1.32, 1.0, 0.96, 0.54]","[16.0, 11.0, 9.0, 4.0]","[8.0, 7.0, 5.0, 2.0]","[4.0, 2.0, 0.0]","[28.0, 20.0, 14.0, 6.0]",[0.0],[1.0],[0.0],"[20.0, 15.0, 11.0, 4.0]","[3.0, 2.0, 1.0]",[1.0],"[0.67, 0.46, 0.42, 0.12]","[0.4, 0.29, 0.16]",[0.27],[0.0],[0.0],[0.0],"[27.9, 19.8, 13.78, 5.91]","[24.0, 18.0, 14.0, 6.0]","[23.83, 17.73, 13.67, 5.85]","[0.25, 0.19, 0.16, 0.07]",[0.27],[0.27],"[1.31, 0.94, 0.87, 0.35]","[1.31, 0.94, 0.87, 0.35]","[1.3, 0.93, 0.86, 0.35]","[22.64, 12.39, 8.16, 2.17]","[2.3, 1.33, 0.8, 0.19]","[2.21, 1.32, 0.8, 0.18]","[2.27, 1.29, 0.78, 0.18]","[2.18, 1.29, 0.77, 0.18]","[15.0, 9.0, 7.0, 2.0]","[17.0, 9.0, 5.0, 2.0]","[12.0, 8.0, 5.0]","[44.0, 26.0, 20.0, 9.0]",[0.0],"[1.0, 0.0]",[0.0],"[20.0, 10.0, 7.0, 3.0]","[11.0, 8.0, 5.0, 1.0]","[1.0, 0.0]","[0.65, 0.3, 0.19, 0.1]","[1.42, 1.03, 0.61, 0.09]","[0.22, 0.0]",[0.0],[0.0],[0.0],"[43.28, 25.48, 19.6, 9.01]","[32.0, 18.0, 12.0, 4.0]","[31.46, 17.72, 11.83, 4.09]","[0.34, 0.2, 0.12, 0.03]","[0.22, 0.0]","[0.22, 0.0]","[2.41, 1.53, 0.92, 0.22]","[2.38, 1.48, 0.9, 0.22]","[2.33, 1.47, 0.89, 0.21]","[11.97, 7.59, 7.55, 5.45, 2.63]","[11.25, 8.63, 8.4, 5.9, 3.07]","[196.0, 143.0, 142.0, 91.0, 56.0]","[166.0, 128.0, 127.0, 104.0, 56.0]",[0.0],[0.0],[0.0],[0.0],[0.0],[0.0]
['8479977'],['2025'],['Kailer Yamamoto'],['UTA'],['R'],['all'],"['4', '3', '2', '1']","[2831.0, 2158.0, 1316.0, 748.0]","[65.0, 53.0, 35.0, 21.0]","[0.4, 0.3, 0.24, 0.07]","[0.49, 0.45, 0.43, 0.22]","[0.57, 0.5, 0.49, 0.48, 0.47]","[0.56, 0.49]","[0.5, 0.49, 0.43]","[0.54, 0.53, 0.51, 0.46]","[0.56, 0.54, 0.53, 0.48]","[37.0, 27.0, 19.0, 9.0]","[2.21, 0.72]","[0.13, 0.04]","[0.1, 0.03]","[0.41, 0.17]","[0.06, 0.02]","[0.88, 0.42]","[1.41, 0.32]","[0.13, 0.04]","[0.14, 0.04]","[0.14, 0.04]",[0.0],[0.0],"[2.0, 1.0]","[1.0, 0.0]",[1.0],"[4.0, 2.0]",[0.0],[0.0],[0.0],[0.0],[1.0],[0.0],"[1.0, 0.0]","[1.0, 0.0]","[2.0, 1.0]","[3.0, 1.0]","[1.0, 0.0]","[2.0, 0.0]","[1.0, 0.0]","[2.0, 0.0]",[0.0],"[4.0, 3.0]","[3.0, 1.0]",[0.0],[0.0],"[0.13, 0.04]",[0.0],[0.0],[0.0],[0.0],[0.0],"[4.06, 2.06]","[3.0, 1.0]","[3.03, 1.03]",[2.0],"[0.02, 0.01]",[0.0],[0.0],"[0.16, 0.04]","[0.16, 0.05]","[0.16, 0.05]","[65.0, 53.0, 35.0, 21.0]","[3.0, 1.0, 0.0]","[5.0, 4.0]","[13.0, 11.0, 7.0, 5.0]","[44.0, 36.0, 23.0, 12.0]","[12.0, 11.0, 9.0, 6.0]","[10.0, 9.0, 8.0, 5.0]","[7.0, 5.0, 4.0, 3.0]","[36.0, 28.0, 14.0, 7.0]","[1.0, 0.0]","[2.0, 1.0]","[11745.0, 8818.0, 6060.0, 2852.0]","[2.0, 0.0]","[4.0, 2.0]","[2.0, 1.0]",[0.0],"[23.61, 18.67, 16.18, 8.75]","[1.88, 1.5, 1.44, 0.31]","[1.87, 1.5, 1.43, 0.31]","[1.9, 1.52, 1.45, 0.31]","[1.88, 1.52, 1.44, 0.31]","[17.0, 14.0, 12.0, 7.0]","[16.0, 12.0, 10.0, 5.0]","[15.0, 11.0, 7.0, 5.0]","[48.0, 37.0, 29.0, 17.0]",[0.0],[0.0],[0.0],"[27.0, 23.0, 19.0, 11.0]","[5.0, 2.0, 1.0]","[1.0, 0.0]","[0.61, 0.55, 0.48, 0.21]","[0.57, 0.25, 0.1]","[0.71, 0.0]",[0.0],[0.0],[0.0],"[48.09, 37.18, 29.1, 17.05]","[33.0, 26.0, 22.0, 12.0]","[32.78, 25.89, 21.8, 11.84]","[0.3, 0.23, 0.19, 0.08]",[0.0],[0.0],"[2.19, 1.73, 1.62, 0.39]","[2.2, 1.75, 1.64, 0.4]","[2.19, 1.75, 1.63, 0.4]","[20.5, 17.44, 13.2, 9.67]","[2.33, 2.01, 1.48, 1.12]","[2.29, 1.98, 1.45, 1.1]","[2.29, 1.96, 1.44, 1.09]","[2.25, 1.93, 1.42, 1.07]","[17.0, 15.0, 13.0, 11.0]","[12.0, 10.0, 6.0, 3.0]","[8.0, 4.0]","[37.0, 29.0, 23.0, 18.0]",[0.0],[2.0],[0.0],"[17.0, 14.0, 11.0, 9.0]","[10.0, 9.0, 6.0, 3.0]",[2.0],"[0.51, 0.36, 0.25, 0.22]","[1.32, 1.15, 0.72, 0.4]",[0.5],[0.0],[0.0],[0.0],"[36.97, 28.87, 22.99, 18.11]","[29.0, 25.0, 19.0, 14.0]","[28.94, 24.95, 19.06, 14.16]","[0.31, 0.28, 0.2, 0.14]",[0.5],[0.5],"[2.14, 1.78, 1.18, 0.76]","[2.1, 1.74, 1.15, 0.74]","[2.07, 1.72, 1.71, 1.14, 0.73]","[11.42, 7.11, 7.06, 5.0, 2.87]","[11.21, 7.95, 7.73, 5.23, 2.14]","[176.0, 126.0, 125.0, 76.0, 45.0]","[173.0, 125.0, 124.0, 101.0, 47.0]",[0.0],[0.0],[0.0],[0.0],[0.0],[0.0]
['8474013'],['2025'],['Ian Cole'],['UTA'],['D'],['all'],"['4', '3', '2', '1']","[4125.0, 3133.0, 2215.0, 1064.0]","[84.0, 62.0, 43.0, 22.0]","[0.47, 0.42, 0.13, 0.08, -0.1]","[0.43, 0.41, 0.36, 0.35, 0.32]","[0.55, 0.52, 0.5, 0.49]","[0.39, 0.38, 0.37, 0.35, 0.32]","[0.58, 0.57, 0.54, 0.52]","[0.43, 0.41, 0.4]","[0.58, 0.57, 0.54]","[17.0, 13.0, 7.0, 5.0]","[1.32, 0.0]","[0.02, 0.0]","[0.07, 0.0]","[0.34, 0.0]","[0.04, 0.0]","[0.87, 0.0]","[0.66, 0.0]","[0.02, 0.0]","[0.02, 0.0]","[0.02, 0.0]",[0.0],[0.0],"[1.0, 0.0]","[1.0, 0.0]","[4.0, 3.0]","[6.0, 5.0, 3.0]",[0.0],[0.0],[0.0],[0.0],"[1.0, 0.0]",[0.0],"[1.0, 0.0]",[0.0],"[1.0, 0.0]","[2.0, 0.0]","[2.0, 1.0]","[4.0, 2.0]",[0.0],"[6.0, 5.0, 4.0, 3.0]",[0.0],[2.0],"[2.0, 0.0]",[0.0],[0.0],"[0.02, 0.0]",[0.0],[0.0],[0.0],[0.0],[0.0],"[5.96, 4.93, 2.92]","[2.0, 0.0]","[2.0, 0.0]",[2.0],"[0.01, 0.0]",[0.0],[0.0],"[0.03, 0.0]","[0.03, 0.0]","[0.03, 0.0]","[84.0, 62.0, 43.0, 22.0]","[7.0, 6.0, 4.0, 3.0]","[11.0, 7.0, 6.0, 2.0]","[14.0, 9.0, 4.0, 2.0]","[52.0, 40.0, 29.0, 15.0]","[5.0, 3.0, 2.0, 1.0]","[10.0, 4.0]","[10.0, 8.0, 5.0, 2.0]","[59.0, 41.0, 26.0, 15.0]",[0.0],[0.0],"[10451.0, 7843.0, 5161.0, 2536.0]","[4.0, 2.0]","[4.0, 2.0]","[2.0, 1.0]","[9.0, 6.0, 5.0]","[24.25, 18.35, 17.61, 14.17, 6.82]","[2.65, 1.46, 1.41, 1.06, 0.53]","[2.45, 1.44, 1.39, 1.04, 0.52]","[2.67, 1.5, 1.45, 1.07, 0.53]","[2.46, 1.48, 1.43, 1.05, 0.52]","[24.0, 17.0, 16.0, 14.0, 7.0]","[10.0, 9.0, 6.0, 3.0]","[11.0, 10.0, 4.0, 3.0]","[45.0, 36.0, 35.0, 24.0, 13.0]","[2.0, 1.0, 0.0]","[2.0, 1.0]",[0.0],"[27.0, 21.0, 20.0, 17.0, 9.0]","[4.0, 2.0, 0.0]","[3.0, 1.0]","[0.75, 0.6, 0.56, 0.52, 0.26]","[0.58, 0.27, 0.0]","[1.31, 0.27]",[0.0],"[1.0, 0.0]","[1.0, 0.0]","[44.87, 36.03, 35.0, 23.88, 12.7]","[34.0, 26.0, 25.0, 20.0, 10.0]","[33.73, 25.88, 24.85, 19.76, 9.68]","[0.32, 0.25, 0.24, 0.19, 0.09]","[0.51, 0.27]","[0.51, 0.27]","[2.46, 1.44, 1.38, 0.98, 0.35]","[2.49, 1.48, 1.42, 1.0, 0.35]","[2.3, 1.47, 1.41, 0.99, 0.35]","[35.4, 26.81, 21.86, 9.21]","[3.58, 2.64, 2.28, 0.78]","[3.5, 2.58, 2.22, 0.77]","[3.55, 2.6, 2.25, 0.77]","[3.47, 2.54, 2.19, 0.76]","[26.0, 19.0, 16.0, 6.0]","[22.0, 18.0, 14.0, 7.0]","[30.0, 20.0, 11.0]","[78.0, 57.0, 50.0, 24.0]","[1.0, 0.0]",[0.0],[0.0],"[31.0, 25.0, 20.0, 11.0]","[17.0, 12.0, 10.0, 2.0]",[0.0],"[1.08, 0.85, 0.73, 0.44]","[2.51, 1.79, 1.55, 0.34]",[0.0],[0.0],"[1.0, 0.0]",[0.0],"[77.6, 56.62, 49.77, 24.1]","[48.0, 37.0, 30.0, 13.0]","[47.57, 36.76, 29.9, 13.08]","[0.65, 0.48, 0.41, 0.15]",[0.0],[0.0],"[4.24, 3.12, 2.69, 0.93]","[4.2, 3.07, 2.66, 0.92]","[4.1, 2.99, 2.59, 0.91]","[10.65, 7.15, 5.38, 2.65]","[9.97, 7.32, 7.09, 4.43, 2.48]","[179.0, 127.0, 81.0, 49.0]","[132.0, 97.0, 96.0, 74.0, 41.0]",[0.0],[0.0],[0.0],[0.0],[0.0],[0.0]
['8480434'],['2025'],['Sean Durzi'],['UTA'],['D'],['all'],"['2', '1']","[2271.0, 1253.0]","[52.0, 29.0]","[0.5, 0.35]","[0.7, 0.65]","[0.4, 0.39, 0.38]","[0.56, 0.51]","[0.44, 0.43]","[0.64, 0.59]","[0.46, 0.45]","[6.0, 2.0]",[1.43],[0.03],[0.1],[0.56],[0.04],[0.78],[0.49],[0.03],[0.03],[0.03],[0.0],"[1.0, 0.0]",[2.0],[0.0],"[1.0, 0.0]","[3.0, 2.0]","[1.0, 0.0]",[0.0],[0.0],[0.0],[0.0],[0.0],[0.0],[2.0],[2.0],[2.0],"[2.0, 0.0]","[4.0, 0.0]",[0.0],"[3.0, 1.0]","[1.0, 0.0]",[4.0],[2.0],[0.0],[0.0],[0.03],[0.0],[0.0],[0.0],[0.0],[0.0],"[3.01, 2.03]",[2.0],[2.03],[2.0],[0.02],[0.0],[0.0],[0.06],[0.06],[0.06],"[52.0, 29.0]","[6.0, 4.0]","[4.0, 2.0]","[5.0, 3.0]","[37.0, 20.0]","[10.0, 8.0]","[8.0, 4.0]","[7.0, 5.0]","[27.0, 12.0]",[0.0],[0.0],"[5105.0, 2347.0]","[4.0, 0.0]",[0.0],[0.0],"[4.0, 2.0]","[22.02, 17.31]","[2.84, 1.72]","[2.78, 1.66]","[2.88, 1.75]","[2.82, 1.68]","[20.0, 14.0]",[9.0],"[6.0, 4.0]","[35.0, 27.0]","[1.0, 0.0]",[3.0],[0.0],"[20.0, 16.0]",[5.0],"[4.0, 2.0]","[0.53, 0.43]",[0.76],"[1.55, 0.53]",[0.0],[0.0],"[1.0, 0.0]","[34.96, 26.91]","[29.0, 23.0]","[28.8, 22.71]","[0.32, 0.24]",[0.56],[0.56],"[2.6, 1.4]","[2.64, 1.42]","[2.62, 1.4]","[14.05, 8.94]","[1.24, 0.92]","[1.24, 0.91]","[1.23, 0.91]","[1.22, 0.91]","[14.0, 10.0]","[6.0, 3.0]","[13.0, 8.0]","[33.0, 21.0]",[2.0],"[1.0, 0.0]",[0.0],"[13.0, 7.0]","[6.0, 5.0]",[1.0],"[0.35, 0.13]","[0.68, 0.56]",[0.22],[1.0],[1.0],[0.0],"[32.91, 21.16]","[20.0, 13.0]","[20.17, 13.22]","[0.17, 0.12]","[0.04, 0.0]","[0.04, 0.0]","[1.38, 1.04]","[1.36, 1.03]","[1.36, 1.02]","[3.59, 1.46]","[5.69, 5.46, 2.34]","[70.0, 35.0]","[92.0, 91.0, 44.0]",[0.0],[0.0],[0.0],[0.0],[0.0],[0.0]
['8478507'],['2025'],['John Marino'],['UTA'],['D'],['all'],"['4', '3', '2', '1']","[4366.0, 3206.0, 2071.0, 1080.0]","[96.0, 73.0, 48.0, 27.0]","[1.52, 0.5, 0.45, -0.35, -0.8]","[0.35, 0.34, 0.33, 0.26, 0.21]","[0.61, 0.58, 0.57, 0.52]","[0.48, 0.45, 0.38, 0.36]","[0.55, 0.53, 0.49]","[0.48, 0.47, 0.44, 0.37, 0.34]","[0.62, 0.58, 0.56, 0.55]","[15.0, 12.0, 9.0, 4.0]","[2.23, 1.45, 0.0]","[0.09, 0.03, 0.0]","[0.14, 0.07, 0.0]","[0.6, 0.49, 0.0]","[0.07, 0.04, 0.0]","[1.2, 0.76, 0.0]","[0.9, 0.6, 0.0]","[0.09, 0.03, 0.0]","[0.09, 0.04, 0.0]","[0.09, 0.04, 0.0]",[0.0],"[2.0, 1.0, 0.0]","[3.0, 2.0, 0.0]",[0.0],"[3.0, 1.0, 0.0]","[6.0, 5.0, 1.0, 0.0]","[2.0, 1.0, 0.0]",[0.0],[0.0],[0.0],"[1.0, 0.0]",[0.0],[0.0],"[2.0, 1.0, 0.0]","[3.0, 2.0, 0.0]","[3.0, 2.0, 0.0]","[1.0, 0.0]","[2.0, 0.0]",[0.0],"[1.0, 0.0]","[1.0, 0.0]","[4.0, 3.0, 2.0, 1.0]","[3.0, 2.0, 0.0]",[0.0],[0.0],"[0.09, 0.03, 0.0]",[0.0],[0.0],[0.0],[0.0],[0.0],"[6.07, 5.05, 1.03, 0.0]","[3.0, 2.0, 0.0]","[3.1, 2.06, 0.0]","[3.0, 2.0, 1.0]","[0.03, 0.01, 0.0]",[0.0],[0.0],"[0.12, 0.05, 0.0]","[0.12, 0.05, 0.0]","[0.12, 0.05, 0.0]","[96.0, 73.0, 48.0, 27.0]","[6.0, 4.0, 1.0, 0.0]","[16.0, 14.0, 6.0]","[10.0, 8.0, 6.0]","[64.0, 45.0, 25.0, 15.0]","[12.0, 9.0, 6.0, 5.0]","[11.0, 9.0, 7.0, 3.0]","[16.0, 11.0, 5.0, 3.0]","[57.0, 44.0, 30.0, 16.0]",[0.0],[0.0],"[10210.0, 7770.0, 5305.0, 2520.0]","[2.0, 0.0]",[0.0],[0.0],"[3.0, 1.0, 0.0]","[33.66, 27.01, 14.29, 7.66]","[2.84, 1.94, 0.96, 0.4]","[2.82, 1.92, 0.95, 0.4]","[2.87, 1.98, 0.97, 0.41]","[2.84, 1.96, 0.96, 0.41]","[28.0, 21.0, 12.0, 7.0]","[18.0, 16.0, 7.0, 3.0]","[15.0, 11.0, 8.0, 4.0]","[61.0, 48.0, 27.0, 14.0]","[3.0, 1.0, 0.0]","[2.0, 0.0]",[0.0],"[34.0, 29.0, 15.0, 8.0]","[9.0, 7.0, 4.0, 2.0]","[3.0, 1.0, 0.0]","[0.96, 0.75, 0.41, 0.13]","[1.14, 0.96, 0.55, 0.27]","[0.74, 0.23, 0.0]","[1.0, 0.0]","[1.0, 0.0]","[1.0, 0.0]","[61.48, 48.39, 27.17, 14.13]","[46.0, 37.0, 19.0, 10.0]","[46.15, 37.01, 18.86, 10.01]","[0.43, 0.34, 0.17, 0.08]","[0.41, 0.0]","[0.41, 0.0]","[2.86, 1.87, 1.12, 0.48]","[2.88, 1.91, 1.14, 0.48]","[2.87, 1.9, 1.13, 0.48]","[43.06, 30.68, 29.73, 23.48, 13.3]","[5.6, 3.87, 3.64, 2.69, 1.47]","[5.32, 3.62, 3.48, 2.66, 1.45]","[5.51, 3.77, 3.56, 2.63, 1.44]","[5.24, 3.53, 3.4, 2.59, 1.42]","[34.0, 26.0, 25.0, 19.0, 12.0]","[24.0, 15.0, 13.0, 7.0]","[16.0, 12.0, 6.0]","[74.0, 53.0, 52.0, 44.0, 25.0]","[4.0, 3.0, 2.0, 0.0]","[6.0, 4.0, 3.0, 2.0]","[1.0, 0.0]","[34.0, 23.0, 19.0, 12.0]","[18.0, 13.0, 10.0, 5.0]","[6.0, 5.0, 4.0, 3.0, 2.0]","[0.92, 0.65, 0.49, 0.31]","[2.33, 1.81, 1.3, 0.66]","[2.34, 1.42, 1.19, 0.89, 0.5]","[1.0, 0.0]",[0.0],"[3.0, 2.0, 1.0, 0.0]","[73.68, 52.44, 51.47, 43.59, 24.96]","[58.0, 41.0, 40.0, 32.0, 19.0]","[57.89, 40.8, 39.83, 31.94, 19.14]","[0.69, 0.49, 0.47, 0.35, 0.2]","[1.8, 0.84, 0.66, 0.5]","[1.8, 0.84, 0.66, 0.5]","[4.49, 3.52, 3.27, 2.38, 1.17]","[4.42, 3.44, 3.2, 2.33, 1.15]","[4.19, 3.22, 3.08, 2.31, 1.13]","[10.46, 6.67, 6.62, 5.48, 2.78]","[7.95, 6.09, 4.01, 1.78]","[163.0, 115.0, 114.0, 78.0, 48.0]","[136.0, 101.0, 80.0, 40.0]",[0.0],[0.0],[0.0],[0.0],[0.0],[0.0]
['8476874'],['2025'],['Olli Mtt'],['UTA'],['D'],['all'],"['4', '3', '2', '1']","[2374.0, 1674.0, 614.0, 32.0]","[51.0, 38.0, 16.0, 1.0]","[0.88, 0.82, 0.72, 0.3, 0.0]","[0.91, 0.76, 0.75, 0.59, 0.0]","[0.49, 0.48, 0.47, 0.45, 0.44]","[0.71, 0.7, 0.58, 0.0]","[0.51, 0.5, 0.49, 0.45]","[0.61, 0.59, 0.56, 0.5, 0.0]","[0.53, 0.52, 0.49]","[23.0, 17.0, 13.0, 7.0]","[1.92, 0.0]","[0.03, 0.0]","[0.12, 0.0]","[0.57, 0.0]","[0.06, 0.0]","[1.33, 0.0]","[0.89, 0.0]","[0.03, 0.0]","[0.03, 0.0]","[0.03, 0.0]",[0.0],[0.0],"[1.0, 0.0]","[2.0, 0.0]","[2.0, 1.0, 0.0]","[5.0, 4.0, 0.0]",[0.0],[0.0],[0.0],[0.0],"[1.0, 0.0]",[0.0],"[1.0, 0.0]","[1.0, 0.0]","[1.0, 0.0]","[3.0, 0.0]",[0.0],[0.0],[0.0],[0.0],[0.0],"[3.0, 2.0, 1.0, 0.0]","[3.0, 0.0]",[0.0],[0.0],"[0.03, 0.0]",[0.0],[0.0],[0.0],[0.0],[0.0],"[5.1, 4.07, 0.0]","[3.0, 0.0]","[3.02, 0.0]","[2.0, 1.0, 0.0]","[0.02, 0.0]",[0.0],[0.0],"[0.05, 0.0]","[0.06, 0.0]","[0.05, 0.0]","[51.0, 38.0, 16.0, 1.0]","[3.0, 2.0, 0.0]",[0.0],"[13.0, 9.0, 3.0, 0.0]","[35.0, 27.0, 13.0, 1.0]","[11.0, 8.0, 5.0, 0.0]","[2.0, 0.0]","[2.0, 0.0]","[36.0, 26.0, 9.0, 1.0]",[0.0],[0.0],"[12202.0, 9302.0, 6762.0, 3568.0]",[0.0],[0.0],[0.0],"[2.0, 1.0, 0.0]","[15.33, 8.27, 7.54, 1.81, 0.0]","[1.67, 1.08, 1.04, 0.54, 0.0]","[1.66, 1.08, 1.03, 0.54, 0.0]","[1.69, 1.13, 1.07, 0.56, 0.0]","[1.68, 1.12, 1.07, 0.56, 0.0]","[12.0, 5.0, 4.0, 2.0, 0.0]","[8.0, 6.0, 0.0]","[10.0, 9.0, 3.0, 0.0]","[30.0, 20.0, 19.0, 5.0, 0.0]","[1.0, 0.0]","[1.0, 0.0]",[0.0],"[12.0, 6.0, 5.0, 0.0]","[5.0, 3.0, 0.0]","[3.0, 2.0, 0.0]","[0.27, 0.14, 0.09, 0.0]","[0.61, 0.4, 0.0]","[0.79, 0.54, 0.0]",[0.0],[0.0],"[1.0, 0.0]","[30.05, 20.36, 19.32, 4.99, 0.0]","[20.0, 11.0, 10.0, 2.0, 0.0]","[19.92, 11.2, 10.17, 2.0, 0.0]","[0.2, 0.12, 0.11, 0.04, 0.0]","[0.24, 0.0]","[0.24, 0.0]","[1.62, 1.21, 1.15, 0.58, 0.0]","[1.65, 1.25, 1.19, 0.6, 0.0]","[1.65, 1.25, 1.19, 0.6, 0.0]","[11.77, 4.86, 1.38, 0.0]","[1.14, 0.34, 0.06, 0.0]","[1.06, 0.34, 0.06, 0.0]","[1.13, 0.33, 0.05, 0.0]","[1.05, 0.33, 0.05, 0.0]","[9.0, 3.0, 1.0, 0.0]","[7.0, 4.0, 1.0, 0.0]","[6.0, 1.0, 0.0]","[22.0, 8.0, 2.0, 0.0]",[0.0],"[1.0, 0.0]",[0.0],"[11.0, 5.0, 2.0, 0.0]","[4.0, 2.0, 0.0]","[1.0, 0.0]","[0.36, 0.09, 0.06, 0.0]","[0.56, 0.25, 0.0]","[0.22, 0.0]",[0.0],[0.0],[0.0],"[21.77, 7.82, 1.89, 0.0]","[16.0, 7.0, 2.0, 0.0]","[15.62, 6.81, 1.89, 0.0]","[0.14, 0.05, 0.01, 0.0]","[0.22, 0.0]","[0.22, 0.0]","[1.05, 0.4, 0.07, 0.0]","[1.04, 0.38, 0.06, 0.0]","[1.01, 0.38, 0.06, 0.0]","[11.64, 7.53, 5.89, 3.18]","[12.41, 9.61, 9.39, 6.65, 3.26]","[194.0, 143.0, 100.0, 62.0]","[188.0, 146.0, 145.0, 122.0, 65.0]",[0.0],[0.0],[0.0],[0.0],[0.0],[0.0]
['8477220'],['2025'],['Nate Schmidt'],['UTA'],['D'],['all'],"['4', '3', '2', '1']","[4807.0, 3458.0, 2273.0, 1152.0]","[104.0, 79.0, 53.0, 30.0]","[1.45, 0.78, 0.73, 0.13, -0.15]","[0.63, 0.54, 0.53, 0.52, 0.5]","[0.48, 0.47, 0.45, 0.41]","[0.57, 0.56, 0.51]","[0.49, 0.45, 0.43]","[0.65, 0.63, 0.62, 0.6, 0.59]","[0.51, 0.49, 0.48, 0.46, 0.44]","[10.0, 8.0, 6.0, 3.0]","[6.72, 5.62, 2.9, 2.11]","[0.25, 0.17, 0.08, 0.05]","[0.33, 0.26, 0.11, 0.08]","[1.96, 1.67, 0.97, 0.74]","[0.25, 0.2, 0.1, 0.07]","[4.2, 3.29, 1.55, 1.17]","[3.0, 2.43, 1.19, 0.89]","[0.25, 0.17, 0.08, 0.05]","[0.25, 0.17, 0.08, 0.05]","[0.25, 0.17, 0.08, 0.05]",[0.0],[0.0],"[6.0, 5.0, 2.0, 1.0]","[4.0, 3.0, 2.0]","[2.0, 1.0]","[12.0, 9.0, 5.0, 4.0]",[0.0],[0.0],[0.0],[0.0],"[3.0, 2.0, 1.0]",[0.0],"[3.0, 2.0, 0.0]","[4.0, 3.0, 2.0]","[6.0, 5.0, 2.0, 1.0]","[10.0, 8.0, 4.0, 3.0]",[1.0],[2.0],[0.0],"[2.0, 1.0]",[0.0],"[5.0, 4.0, 3.0, 2.0]","[10.0, 8.0, 4.0, 3.0]",[0.0],[0.0],"[0.25, 0.17, 0.08, 0.05]",[0.0],[0.0],[0.0],[0.0],[0.0],"[12.02, 9.03, 5.01, 3.98]","[10.0, 8.0, 4.0, 3.0]","[9.99, 7.98, 3.99, 2.96]","[5.0, 4.0, 3.0, 2.0]","[0.07, 0.05, 0.02]",[0.0],[0.0],"[0.32, 0.22, 0.1, 0.07]","[0.32, 0.22, 0.1, 0.07]","[0.32, 0.22, 0.1, 0.07]","[104.0, 79.0, 53.0, 30.0]","[17.0, 14.0, 11.0, 9.0]","[8.0, 5.0, 4.0, 1.0]","[8.0, 7.0, 5.0, 3.0]","[71.0, 53.0, 33.0, 17.0]","[16.0, 12.0, 8.0, 5.0]","[10.0, 8.0, 7.0, 4.0]","[19.0, 13.0, 6.0, 5.0]","[59.0, 46.0, 32.0, 16.0]",[0.0],[0.0],"[9769.0, 7518.0, 5103.0, 2448.0]",[2.0],[0.0],[0.0],"[5.0, 4.0, 3.0]","[44.27, 34.6, 22.57, 16.72]","[4.15, 2.86, 1.9, 1.52]","[4.11, 2.83, 1.88, 1.5]","[4.19, 2.91, 1.93, 1.55]","[4.14, 2.88, 1.91, 1.52]","[40.0, 31.0, 22.0, 16.0]","[21.0, 16.0, 8.0, 6.0]","[15.0, 8.0, 5.0, 3.0]","[76.0, 55.0, 35.0, 25.0]","[3.0, 1.0, 0.0]","[4.0, 2.0]",[0.0],"[43.0, 36.0, 23.0, 16.0]","[12.0, 7.0, 4.0]","[6.0, 4.0, 3.0, 2.0]","[1.13, 0.86, 0.54, 0.39]","[1.5, 0.98, 0.57]","[1.53, 1.02, 0.79, 0.56]","[1.0, 0.0]","[1.0, 0.0]","[1.0, 0.0]","[76.35, 55.27, 35.09, 25.07]","[61.0, 47.0, 30.0, 22.0]","[61.12, 46.97, 29.88, 21.89]","[0.64, 0.49, 0.32, 0.21]","[0.97, 0.56]","[0.97, 0.56]","[3.83, 2.39, 1.66, 1.17]","[3.84, 2.42, 1.68, 1.19]","[3.83, 2.42, 1.68, 1.18]","[31.39, 21.7, 20.75, 14.39, 8.23]","[3.62, 2.91, 2.68, 1.63, 0.88]","[3.4, 2.69, 2.55, 1.63, 0.88]","[3.6, 2.87, 2.65, 1.62, 0.88]","[3.37, 2.65, 2.52, 1.62, 0.88]","[27.0, 21.0, 20.0, 15.0, 9.0]","[15.0, 8.0, 5.0, 3.0]","[17.0, 13.0, 7.0]","[59.0, 42.0, 41.0, 33.0, 19.0]","[4.0, 2.0, 1.0]","[3.0, 2.0, 1.0, 0.0]",[0.0],"[23.0, 15.0, 12.0, 7.0]","[15.0, 10.0, 6.0, 4.0]","[4.0, 3.0, 2.0, 1.0]","[0.67, 0.48, 0.32, 0.17]","[1.81, 1.29, 0.69, 0.49]","[1.14, 0.91, 0.61, 0.22]",[0.0],"[2.0, 1.0]","[2.0, 1.0, 0.0]","[59.25, 41.94, 40.97, 33.03, 19.08]","[42.0, 29.0, 28.0, 20.0, 12.0]","[42.4, 29.2, 28.23, 20.28, 12.14]","[0.6, 0.38, 0.36, 0.22, 0.14]","[0.25, 0.22, 0.04, 0.0]","[0.25, 0.22, 0.04, 0.0]","[3.98, 3.07, 2.82, 1.82, 1.02]","[3.95, 3.04, 2.8, 1.81, 1.02]","[3.74, 2.83, 2.69, 1.8, 1.02]","[9.15, 5.75, 5.7, 4.53, 1.66]","[9.93, 7.05, 5.07, 2.37]","[148.0, 108.0, 107.0, 70.0, 37.0]","[151.0, 112.0, 91.0, 46.0]",[0.0],[0.0],[0.0],[0.0],[0.0],[0.0]
['8479410'],['2025'],['Mikhail Sergachev'],['UTA'],['D'],['all'],"['4', '3', '2', '1']","[6101.0, 4640.0, 3151.0, 1461.0]","[116.0, 89.0, 60.0, 31.0]","[0.68, 0.53, 0.35, 0.23]","[0.5, 0.46, 0.43, 0.42]","[0.55, 0.53, 0.51, 0.49]","[0.52, 0.5, 0.48, 0.43]","[0.54, 0.52, 0.48]","[0.52, 0.51, 0.48, 0.42]","[0.58, 0.57, 0.55, 0.54]","[4.0, 3.0, 2.0, 1.0]","[7.19, 5.59, 3.11]","[0.18, 0.08, 0.05]","[0.57, 0.41, 0.2]","[2.03, 1.55, 0.89]","[0.31, 0.21, 0.13]","[5.49, 4.09, 2.12]","[3.42, 2.65, 1.61]","[0.16, 0.08, 0.04]","[0.17, 0.08, 0.05]","[0.16, 0.08, 0.05]",[0.0],[0.0],"[8.0, 7.0, 5.0]","[4.0, 2.0, 0.0]","[4.0, 2.0]","[16.0, 11.0, 7.0]",[0.0],[0.0],[0.0],[0.0],"[3.0, 2.0]",[0.0],"[3.0, 2.0, 1.0]","[6.0, 4.0, 2.0]","[8.0, 7.0, 5.0]","[12.0, 9.0, 5.0]","[2.0, 1.0, 0.0]","[4.0, 2.0, 0.0]",[0.0],"[1.0, 0.0]",[0.0],"[6.0, 5.0, 3.0]","[12.0, 9.0, 5.0]",[0.0],[0.0],"[0.18, 0.08, 0.05]",[0.0],[0.0],[0.0],[0.0],[0.0],"[15.86, 10.91, 6.96]","[12.0, 9.0, 5.0]","[11.77, 8.85, 4.92]","[3.0, 2.0]","[0.12, 0.09, 0.04]",[0.0],[0.0],"[0.3, 0.17, 0.09]","[0.29, 0.17, 0.09]","[0.28, 0.16, 0.08]","[116.0, 89.0, 60.0, 31.0]","[13.0, 10.0, 6.0, 4.0]","[25.0, 21.0, 18.0, 9.0]","[23.0, 16.0, 10.0, 6.0]","[55.0, 42.0, 26.0, 12.0]","[10.0, 9.0, 5.0]","[9.0, 6.0, 5.0, 1.0]","[18.0, 15.0, 10.0, 4.0]","[79.0, 59.0, 40.0, 21.0]",[0.0],[0.0],"[8475.0, 6336.0, 4225.0, 2139.0]","[4.0, 2.0, 0.0]",[0.0],[0.0],"[12.0, 10.0, 3.0]","[53.61, 35.26, 22.26, 13.62]","[7.14, 4.17, 3.4, 1.31]","[6.7, 4.04, 3.29, 1.2]","[7.14, 4.19, 3.41, 1.31]","[6.7, 4.07, 3.3, 1.2]","[49.0, 32.0, 21.0, 12.0]","[26.0, 17.0, 10.0, 7.0]","[27.0, 21.0, 15.0, 6.0]","[102.0, 70.0, 46.0, 25.0]","[3.0, 2.0, 1.0]","[4.0, 3.0, 2.0]",[0.0],"[53.0, 38.0, 24.0, 16.0]","[14.0, 7.0, 3.0, 1.0]","[8.0, 4.0, 2.0]","[1.34, 0.84, 0.57, 0.38]","[1.87, 0.97, 0.47, 0.14]","[3.93, 2.36, 0.79]",[0.0],"[1.0, 0.0]","[2.0, 1.0]","[101.71, 70.04, 45.98, 24.84]","[75.0, 49.0, 31.0, 19.0]","[74.24, 48.56, 30.76, 18.7]","[0.88, 0.56, 0.35, 0.19]","[0.65, 0.46, 0.27]","[0.65, 0.46, 0.27]","[7.37, 4.27, 3.48, 1.23]","[7.38, 4.3, 3.5, 1.23]","[6.99, 4.22, 3.42, 1.16]","[49.63, 38.37, 29.73, 12.48]","[7.04, 5.75, 4.03, 1.7]","[6.79, 5.57, 3.88, 1.67]","[6.95, 5.66, 3.97, 1.67]","[6.7, 5.48, 3.81, 1.65]","[37.0, 30.0, 25.0, 12.0]","[31.0, 23.0, 17.0, 6.0]","[28.0, 22.0, 19.0, 7.0]","[96.0, 75.0, 61.0, 25.0]","[3.0, 2.0, 1.0]","[8.0, 7.0, 5.0, 2.0]",[0.0],"[38.0, 29.0, 24.0, 13.0]","[24.0, 19.0, 14.0, 2.0]","[6.0, 5.0, 4.0, 3.0]","[1.32, 1.02, 0.93, 0.51]","[3.24, 2.47, 1.81, 0.22]","[2.48, 2.25, 1.29, 0.97]","[2.0, 1.0]",[0.0],"[1.0, 0.0]","[95.16, 74.46, 60.54, 24.94]","[68.0, 53.0, 42.0, 18.0]","[67.47, 52.94, 41.93, 18.09]","[0.82, 0.67, 0.54, 0.2]","[1.62, 1.4, 1.17, 0.5]","[1.62, 1.4, 1.17, 0.5]","[6.23, 5.02, 3.41, 1.4]","[6.16, 4.95, 3.36, 1.38]","[6.04, 4.85, 3.27, 1.36]","[6.17, 4.44, 4.39, 3.04, 1.87]","[6.52, 4.21, 3.99, 2.67, 1.56]","[122.0, 93.0, 92.0, 59.0, 37.0]","[114.0, 79.0, 78.0, 63.0, 40.0]",[0.0],[0.0],[0.0],[0.0],[0.0],[0.0]
['8484386'],['2025'],['Dmitri Simashev'],['UTA'],['D'],['all'],"['4', '3', '2', '1']","[3281.0, 2424.0, 1376.0, 865.0]","[76.0, 55.0, 32.0, 19.0]","[0.2, 0.12, 0.05, -0.05]","[0.35, 0.33, 0.28, 0.24]","[0.54, 0.52, 0.51, 0.49, 0.48]","[0.46, 0.45, 0.44, 0.41]","[0.53, 0.5, 0.47]","[0.47, 0.46, 0.43]","[0.56, 0.55, 0.54, 0.5]","[23.0, 18.0, 13.0, 6.0]","[5.13, 3.44, 1.39]","[0.1, 0.08, 0.04]","[0.2, 0.17, 0.07]","[1.43, 0.94, 0.38]","[0.15, 0.11, 0.04]","[2.69, 2.11, 0.84]","[2.43, 1.6, 0.64]","[0.1, 0.08, 0.04]","[0.1, 0.08, 0.04]","[0.1, 0.08, 0.04]",[0.0],[0.0],"[6.0, 5.0, 2.0]","[1.0, 0.0]","[2.0, 1.0]","[9.0, 7.0, 3.0]",[0.0],[0.0],[0.0],[0.0],"[3.0, 2.0, 1.0]",[0.0],"[2.0, 1.0]","[2.0, 1.0, 0.0]","[6.0, 5.0, 2.0]","[7.0, 5.0, 2.0]","[2.0, 1.0, 0.0]","[4.0, 2.0, 0.0]",[0.0],"[2.0, 1.0]",[0.0],"[3.0, 2.0, 0.0]","[7.0, 5.0, 2.0]",[0.0],[0.0],"[0.1, 0.08, 0.04]",[0.0],[0.0],[0.0],[0.0],[0.0],"[8.77, 6.94, 2.92]","[7.0, 5.0, 2.0]","[6.72, 4.89, 1.93]","[2.0, 0.0]","[0.04, 0.03, 0.01]",[0.0],[0.0],"[0.14, 0.11, 0.05]","[0.14, 0.11, 0.05]","[0.13, 0.11, 0.05]","[76.0, 55.0, 32.0, 19.0]","[6.0, 5.0, 3.0]","[1.0, 0.0]","[14.0, 9.0, 3.0, 2.0]","[55.0, 40.0, 26.0, 14.0]","[10.0, 8.0, 4.0, 2.0]","[14.0, 9.0, 7.0, 4.0]","[5.0, 2.0, 1.0, 0.0]","[47.0, 36.0, 20.0, 13.0]",[0.0],[0.0],"[11295.0, 8552.0, 6000.0, 2735.0]","[4.0, 2.0, 0.0]",[0.0],[0.0],"[5.0, 3.0, 1.0]","[23.14, 15.91, 7.13, 4.22]","[1.35, 0.96, 0.32, 0.14]","[1.32, 0.94, 0.32, 0.14]","[1.36, 0.98, 0.34, 0.14]","[1.32, 0.97, 0.34, 0.14]","[23.0, 18.0, 10.0, 6.0]","[9.0, 4.0, 0.0]","[12.0, 10.0, 6.0]","[44.0, 32.0, 16.0, 12.0]","[1.0, 0.0]","[2.0, 1.0, 0.0]",[0.0],"[26.0, 18.0, 9.0, 6.0]","[6.0, 4.0, 1.0, 0.0]",[0.0],"[0.51, 0.41, 0.19, 0.14]","[0.84, 0.55, 0.14, 0.0]",[0.0],[0.0],"[1.0, 0.0]",[0.0],"[43.45, 31.97, 16.03, 11.76]","[32.0, 22.0, 10.0, 6.0]","[31.39, 21.88, 10.11, 5.85]","[0.28, 0.2, 0.09, 0.04]","[0.38, 0.19, 0.0]","[0.38, 0.19, 0.0]","[1.25, 0.97, 0.41, 0.19]","[1.27, 1.0, 0.43, 0.19]","[1.26, 0.99, 0.43, 0.19]","[27.41, 18.57, 9.48, 5.54]","[3.42, 1.79, 1.0, 0.29]","[3.3, 1.69, 0.94, 0.29]","[3.38, 1.74, 0.99, 0.29]","[3.27, 1.65, 0.92, 0.29]","[20.0, 14.0, 8.0, 5.0]","[17.0, 11.0, 5.0, 3.0]","[16.0, 12.0, 10.0, 7.0]","[53.0, 37.0, 23.0, 15.0]","[1.0, 0.0]","[5.0, 4.0, 2.0, 0.0]","[1.0, 0.0]","[25.0, 18.0, 10.0, 8.0]","[10.0, 6.0, 2.0, 0.0]","[2.0, 1.0, 0.0]","[0.69, 0.54, 0.32, 0.29]","[1.49, 0.92, 0.36, 0.0]","[1.25, 0.32, 0.0]",[0.0],[0.0],"[1.0, 0.0]","[52.38, 36.73, 22.98, 15.05]","[37.0, 25.0, 13.0, 8.0]","[36.66, 25.02, 13.16, 8.11]","[0.39, 0.28, 0.14, 0.08]","[1.66, 0.73, 0.5, 0.0]","[1.66, 0.73, 0.5, 0.0]","[2.15, 1.33, 0.64, 0.37]","[2.12, 1.29, 0.63, 0.37]","[2.09, 1.27, 0.62, 0.36]","[11.95, 7.65, 7.6, 6.11, 3.04]","[10.13, 8.18, 7.95, 5.7, 2.96]","[180.0, 131.0, 130.0, 89.0, 50.0]","[157.0, 117.0, 116.0, 101.0, 50.0]",[0.0],[0.0],[0.0],[0.0],[0.0],[0.0]
['8484801'],['2025'],['Macklin Celebrini'],['SJS'],['C'],['all'],"['3', '2', '1']","[3770.0, 2558.0, 1335.0]","[67.0, 45.0, 20.0]","[1.2, 0.21, 0.01]","[0.46, 0.42, 0.39]","[0.59, 0.39]","[0.51, 0.44, 0.39]","[0.43, 0.37, 0.35]","[0.41, 0.34, 0.33]","[0.43, 0.38, 0.35]","[4.0, 2.0, 1.0]","[5.65, 3.71, 1.5]","[0.29, 0.17, 0.1]","[0.33, 0.22, 0.1]","[1.34, 0.88, 0.37]","[0.19, 0.11, 0.05]","[3.44, 2.09, 0.76]","[2.4, 1.53, 0.63]","[0.29, 0.17, 0.1]","[0.28, 0.16, 0.1]","[0.28, 0.16, 0.1]","[1.0, 0.0]","[2.0, 0.0]","[2.0, 1.0]","[6.0, 3.0, 1.0]","[5.0, 3.0, 2.0]","[13.0, 8.0, 4.0]","[3.0, 0.0]",[0.0],"[1.0, 0.0]",[0.0],[1.0],[0.0],"[2.0, 1.0, 0.0]","[4.0, 2.0, 1.0]","[2.0, 1.0]","[8.0, 5.0, 2.0]",[0.0],[0.0],"[33.0, 26.0, 10.0]",[0.0],"[2.0, 0.0]","[6.0, 5.0]","[8.0, 5.0, 2.0]",[0.0],[0.0],"[0.29, 0.17, 0.1]",[0.0],[0.0],[0.0],[0.0],[0.0],"[12.66, 8.05, 4.05]","[8.0, 5.0, 2.0]","[7.85, 5.09, 2.08]",[2.0],"[0.07, 0.04, 0.02]","[0.31, 0.0]",[0.0],"[0.36, 0.21, 0.12]","[0.35, 0.21, 0.12]","[0.35, 0.21, 0.12]","[67.0, 45.0, 20.0]","[12.0, 7.0, 4.0]","[8.0, 5.0, 0.0]","[15.0, 12.0, 4.0]","[32.0, 21.0, 12.0]",[4.0],"[16.0, 8.0, 4.0]","[12.0, 7.0, 2.0]","[35.0, 26.0, 10.0]","[33.0, 26.0, 10.0]","[37.0, 21.0, 11.0]","[7160.0, 4772.0, 2349.0]",[0.0],"[6.0, 4.0]","[3.0, 2.0]",[0.0],"[24.99, 16.94, 9.47]","[3.24, 2.09, 1.03]","[3.17, 2.04, 1.0]","[3.22, 2.08, 1.03]","[3.14, 2.03, 1.0]","[20.0, 15.0, 8.0]","[13.0, 7.0, 4.0]","[17.0, 15.0, 8.0]","[50.0, 37.0, 20.0]","[5.0, 4.0, 1.0]","[2.0, 1.0, 0.0]","[1.0, 0.0]","[22.0, 14.0, 8.0]","[5.0, 4.0, 2.0]","[6.0, 4.0, 2.0]","[0.84, 0.48, 0.26]","[0.54, 0.4, 0.2]","[1.86, 1.21, 0.57]","[2.0, 1.0, 0.0]","[1.0, 0.0]","[2.0, 1.0]","[49.47, 37.06, 20.01]","[33.0, 22.0, 12.0]","[32.71, 22.13, 12.07]","[0.47, 0.32, 0.18]","[0.73, 0.31, 0.0]","[0.73, 0.31, 0.0]","[2.99, 2.11, 1.21]","[2.96, 2.1, 1.2]","[2.89, 2.04, 1.17]","[49.49, 31.77, 12.91]","[4.44, 3.32, 1.2]","[4.11, 3.03, 1.2]","[4.55, 3.38, 1.22]","[4.22, 3.08, 1.22]","[42.0, 25.0, 10.0]","[24.0, 17.0, 7.0]","[11.0, 5.0, 2.0]","[77.0, 47.0, 19.0]","[4.0, 3.0, 1.0]","[7.0, 5.0, 0.0]",[0.0],"[47.0, 26.0, 11.0]","[15.0, 13.0, 5.0]","[4.0, 3.0, 1.0]","[1.38, 0.69, 0.29]","[2.12, 1.91, 0.7]","[0.93, 0.72, 0.21]","[3.0, 2.0, 0.0]",[0.0],[1.0],"[78.72, 46.65, 19.0]","[66.0, 42.0, 17.0]","[66.95, 41.59, 16.9]","[0.69, 0.47, 0.18]","[1.12, 1.05, 0.0]","[1.12, 1.05, 0.0]","[4.01, 2.75, 1.39]","[4.13, 2.8, 1.41]","[4.06, 2.76, 1.41]","[5.35, 3.8, 2.43]","[8.31, 5.93, 1.71]","[82.0, 59.0, 33.0]","[154.0, 100.0, 43.0]",[0.0],[0.0],[0.0],[0.0],[0.0],[0.0]
['8480848'],['2025'],['Ty Dellandrea'],['SJS'],['C'],['all'],"['3', '2', '1']","[2795.0, 1961.0, 966.0]","[61.0, 43.0, 20.0]","[2.22, 1.62, 1.51]","[0.57, 0.49, 0.41]","[0.52, 0.4, 0.36]","[0.45, 0.39, 0.34]","[0.46, 0.4, 0.37]","[0.52, 0.44, 0.35]","[0.38, 0.34]","[21.0, 13.0, 7.0]",[1.62],[0.39],[0.1],[0.36],[0.07],[0.61],[0.47],[0.3],[0.39],[0.3],"[2.0, 1.0]",[0.0],[2.0],[0.0],"[1.0, 0.0]","[3.0, 2.0]","[2.0, 1.0]",[0.0],[1.0],[0.0],[0.0],[0.0],[1.0],[0.0],[2.0],[2.0],[0.0],[0.0],"[26.0, 18.0, 9.0]","[11.0, 10.0, 4.0]",[0.0],"[3.0, 2.0, 1.0]",[1.0],[0.0],[1.0],[0.01],[0.0],[0.37],[0.0],[0.0],[0.0],"[3.02, 2.0]",[2.0],[2.01],"[1.0, 0.0]",[0.02],[0.2],[0.37],[0.04],[0.04],[0.03],"[61.0, 43.0, 20.0]","[3.0, 2.0]","[18.0, 12.0, 5.0]","[6.0, 3.0, 0.0]","[34.0, 25.0, 13.0]","[8.0, 7.0, 3.0]","[11.0, 7.0, 4.0]","[11.0, 6.0, 3.0]","[31.0, 23.0, 10.0]","[26.0, 18.0, 9.0]","[14.0, 11.0, 8.0]","[8135.0, 5369.0, 2718.0]",[0.0],"[6.0, 4.0, 2.0]","[3.0, 2.0, 1.0]","[3.0, 2.0, 1.0]","[15.73, 15.0, 10.19]","[1.89, 1.78, 1.39]","[1.72, 1.61, 1.22]","[1.86, 1.75, 1.38]","[1.69, 1.58, 1.21]","[16.0, 15.0, 9.0]","[6.0, 5.0]","[9.0, 5.0, 1.0]","[31.0, 26.0, 15.0]","[3.0, 2.0]",[4.0],[1.0],"[14.0, 8.0]","[5.0, 4.0, 3.0]",[3.0],"[0.36, 0.14]","[0.67, 0.57, 0.4]",[0.85],"[1.0, 0.0]",[1.0],[1.0],"[30.68, 26.03, 14.97]","[22.0, 21.0, 14.0]","[22.11, 21.11, 14.1]","[0.23, 0.22, 0.13]",[1.04],[1.04],"[1.09, 0.97, 0.49]","[1.06, 0.95, 0.48]","[1.04, 0.92, 0.46]","[28.4, 19.52, 9.14]","[2.76, 1.86, 1.03]","[2.73, 1.83, 1.02]","[2.82, 1.88, 1.05]","[2.79, 1.85, 1.03]","[30.0, 21.0, 9.0]","[10.0, 6.0, 4.0]","[20.0, 13.0, 5.0]","[60.0, 40.0, 18.0]","[4.0, 2.0, 1.0]","[1.0, 0.0]",[0.0],"[32.0, 21.0, 10.0]","[5.0, 4.0, 2.0]","[3.0, 2.0, 1.0]","[0.72, 0.47, 0.21]","[0.72, 0.6, 0.24]","[1.31, 0.79, 0.58]","[1.0, 0.0]","[1.0, 0.0]","[2.0, 1.0]","[61.42, 39.51, 17.95]","[40.0, 27.0, 13.0]","[40.8, 26.7, 12.98]","[0.42, 0.31, 0.13]","[0.18, 0.0]","[0.18, 0.0]","[2.99, 1.98, 1.16]","[3.07, 2.01, 1.18]","[3.04, 1.98, 1.16]","[6.7, 4.11, 2.06]","[9.99, 7.4, 1.87]","[101.0, 70.0, 38.0]","[171.0, 107.0, 44.0]",[0.0],[0.0],[0.0],[0.0],[0.0],[0.0]
['8482667'],['2025'],['William Eklund'],['SJS'],['L'],['all'],"['3', '2', '1']","[3327.0, 2099.0, 1047.0]","[68.0, 46.0, 22.0]","[0.6, 0.23, 0.08]","[0.77, 0.47, 0.45]","[0.43, 0.36, 0.35]","[0.58, 0.48, 0.41]","[0.39, 0.35, 0.34]","[0.48, 0.42, 0.38]","[0.4, 0.34, 0.32]","[11.0, 10.0, 5.0]","[5.66, 3.39, 1.1]","[1.34, 0.99, 0.88]","[0.49, 0.24, 0.06]","[1.04, 0.65, 0.12]","[0.16, 0.11, 0.04]","[2.94, 1.73, 0.53]","[2.03, 1.28, 0.38]","[1.34, 0.99, 0.88]","[1.32, 0.99, 0.88]","[1.32, 0.99, 0.88]",[1.0],[0.0],"[6.0, 4.0, 1.0]","[2.0, 1.0]","[5.0, 4.0]","[13.0, 10.0, 6.0]","[2.0, 1.0]","[1.0, 0.0]",[0.0],[0.0],"[1.0, 0.0]",[0.0],"[3.0, 2.0]","[3.0, 2.0, 0.0]","[5.0, 4.0, 1.0]","[7.0, 5.0, 2.0]",[0.0],[0.0],[0.0],[1.0],[1.0],"[5.0, 4.0, 0.0]","[6.0, 4.0, 1.0]",[0.0],"[2.0, 1.0]","[0.3, 0.18, 0.07]",[0.0],"[1.04, 0.81]","[1.0, 0.0]",[0.0],[0.0],"[12.72, 9.9, 5.91]","[8.0, 5.0, 2.0]","[7.87, 5.02, 1.97]","[1.0, 0.0]","[0.11, 0.05, 0.01]",[0.0],[0.0],"[1.45, 1.04, 0.89]","[1.43, 1.03, 0.89]","[1.43, 1.03, 0.89]","[68.0, 46.0, 22.0]","[13.0, 8.0, 5.0]","[8.0, 5.0, 2.0]","[10.0, 7.0, 3.0]","[37.0, 26.0, 12.0]","[7.0, 5.0]","[15.0, 6.0, 1.0]","[13.0, 10.0, 5.0]","[33.0, 23.0, 11.0]",[0.0],[2.0],"[7603.0, 5231.0, 2637.0]",[0.0],[0.0],[0.0],"[2.0, 0.0]","[27.41, 17.93, 9.09]","[3.84, 2.61, 1.61]","[3.76, 2.56, 1.58]","[3.81, 2.6, 1.6]","[3.73, 2.55, 1.57]","[26.0, 19.0, 9.0]","[12.0, 6.0, 4.0]","[16.0, 15.0, 12.0]","[54.0, 40.0, 25.0]","[3.0, 2.0, 1.0]","[1.0, 0.0]",[0.0],"[27.0, 17.0, 9.0]","[5.0, 4.0, 2.0]","[6.0, 4.0, 2.0]","[0.91, 0.47, 0.23]","[0.55, 0.41, 0.2]","[2.38, 1.73, 1.19]","[1.0, 0.0]","[1.0, 0.0]",[1.0],"[53.46, 40.0, 24.75]","[38.0, 25.0, 13.0]","[37.72, 25.19, 12.93]","[0.49, 0.32, 0.15]","[0.43, 0.0]","[0.43, 0.0]","[3.9, 2.93, 1.76]","[3.86, 2.92, 1.75]","[3.8, 2.86, 1.72]","[45.16, 25.13, 10.04]","[4.39, 3.16, 0.49]","[4.18, 2.97, 0.48]","[4.49, 3.19, 0.5]","[4.28, 3.0, 0.49]","[38.0, 20.0, 8.0]","[23.0, 14.0, 6.0]","[17.0, 10.0, 4.0]","[78.0, 44.0, 18.0]","[6.0, 5.0, 1.0]","[6.0, 4.0, 1.0]","[2.0, 0.0]","[46.0, 23.0, 12.0]","[11.0, 8.0, 2.0]","[4.0, 3.0, 0.0]","[1.36, 0.63, 0.32]","[1.35, 1.05, 0.17]","[1.68, 1.48, 0.0]","[3.0, 2.0, 1.0]","[1.0, 0.0]","[2.0, 0.0]","[80.26, 43.91, 18.14]","[61.0, 34.0, 14.0]","[62.35, 33.8, 14.0]","[0.64, 0.4, 0.13]","[1.58, 1.52, 0.04]","[1.58, 1.52, 0.04]","[3.46, 2.03, 0.59]","[3.57, 2.07, 0.6]","[3.47, 2.0, 0.58]","[4.76, 3.29, 1.85]","[8.35, 6.1, 2.42]","[78.0, 56.0, 28.0]","[153.0, 103.0, 44.0]",[0.0],[0.0],[0.0],[0.0],[0.0],[0.0]
['8478874'],['2025'],['Adam Gaudette'],['SJS'],['R'],['all'],"['3', '2', '1']","[1684.0, 1098.0, 577.0]","[48.0, 32.0, 15.0]","[0.73, -0.24, -0.65]","[0.58, 0.46, 0.16]","[0.57, 0.39, 0.37]","[0.43, 0.38, 0.34]","[0.47, 0.39, 0.37]","[0.39, 0.32, 0.25]","[0.45, 0.36, 0.34]","[34.0, 22.0, 11.0]","[1.6, 0.71, 0.0]","[0.19, 0.09, 0.0]","[0.16, 0.04, 0.0]","[0.24, 0.12, 0.0]","[0.04, 0.02, 0.0]","[0.87, 0.46, 0.0]","[0.49, 0.26, 0.0]","[0.19, 0.09, 0.0]","[0.18, 0.09, 0.0]","[0.18, 0.09, 0.0]","[1.0, 0.0]",[0.0],"[2.0, 1.0, 0.0]",[0.0],[1.0],"[3.0, 2.0, 1.0]","[2.0, 0.0]","[1.0, 0.0]",[0.0],[0.0],[0.0],[0.0],[0.0],"[1.0, 0.0]","[1.0, 0.0]","[1.0, 0.0]","[3.0, 2.0, 1.0]","[6.0, 4.0, 2.0]","[10.0, 6.0, 3.0]","[2.0, 1.0]",[0.0],[1.0],[0.0],"[2.0, 1.0, 0.0]",[0.0],[0.0],"[0.19, 0.09, 0.0]",[0.0],[0.0],"[1.0, 0.0]",[0.0],"[2.88, 1.97, 0.97]","[2.0, 1.0, 0.0]","[1.92, 1.0, 0.0]",[0.0],"[0.04, 0.01, 0.0]",[0.0],[0.0],"[0.23, 0.1, 0.0]","[0.22, 0.1, 0.0]","[0.22, 0.1, 0.0]","[48.0, 32.0, 15.0]","[4.0, 2.0]","[5.0, 4.0, 3.0]","[12.0, 9.0, 5.0]","[27.0, 15.0, 5.0]","[5.0, 2.0, 1.0]","[11.0, 6.0, 2.0]","[6.0, 5.0, 1.0]","[26.0, 19.0, 11.0]","[10.0, 6.0, 3.0]","[14.0, 10.0, 8.0]","[9246.0, 6232.0, 3107.0]","[6.0, 4.0, 2.0]",[0.0],[0.0],[0.0],"[9.25, 5.12, 1.41]","[1.13, 0.65, 0.07]","[1.11, 0.64, 0.07]","[1.12, 0.65, 0.07]","[1.09, 0.64, 0.07]","[9.0, 5.0, 1.0]","[3.0, 2.0, 1.0]","[4.0, 3.0]","[16.0, 10.0, 5.0]","[2.0, 0.0]","[1.0, 0.0]",[0.0],"[7.0, 5.0, 2.0]","[3.0, 1.0, 0.0]","[2.0, 1.0, 0.0]","[0.3, 0.28, 0.07]","[0.35, 0.09, 0.0]","[0.48, 0.28, 0.0]","[1.0, 0.0]","[1.0, 0.0]","[1.0, 0.0]","[15.6, 10.01, 4.94]","[12.0, 7.0, 2.0]","[11.77, 7.02, 1.97]","[0.19, 0.1, 0.02]","[0.05, 0.0]","[0.05, 0.0]","[1.27, 0.7, 0.09]","[1.25, 0.7, 0.09]","[1.23, 0.7, 0.09]","[18.36, 7.78, 4.45]","[1.3, 0.47, 0.39]","[1.29, 0.47, 0.39]","[1.41, 0.49, 0.41]","[1.39, 0.49, 0.41]","[18.0, 8.0, 5.0]","[7.0, 3.0, 1.0]","[6.0, 2.0]","[31.0, 13.0, 8.0]","[3.0, 1.0]",[0.0],[0.0],"[22.0, 10.0, 5.0]","[2.0, 1.0]","[1.0, 0.0]","[0.81, 0.31, 0.24]","[0.28, 0.16]","[0.22, 0.0]","[1.0, 0.0]","[2.0, 1.0]",[0.0],"[32.78, 13.04, 8.14]","[25.0, 11.0, 6.0]","[26.27, 10.97, 6.12]","[0.25, 0.1, 0.07]",[0.0],[0.0],"[1.55, 0.57, 0.46]","[1.68, 0.59, 0.48]","[1.66, 0.59, 0.48]","[7.46, 5.24, 3.38]","[11.44, 8.79, 2.52]","[116.0, 86.0, 48.0]","[200.0, 134.0, 54.0]",[0.0],[0.0],[0.0],[0.0],[0.0],[0.0]
['8476624'],['2025'],['Barclay Goodrow'],['SJS'],['C'],['all'],"['3', '2', '1']","[2260.0, 1454.0, 627.0]","[56.0, 38.0, 18.0]","[-0.5, -0.71, -1.19]","[0.23, 0.06, 0.05]","[0.6, 0.44, 0.43]","[0.21, 0.18, 0.17]","[0.51, 0.44, 0.4]","[0.21, 0.18, 0.15]","[0.46, 0.4, 0.37]","[29.0, 19.0, 10.0]","[1.49, 0.0]","[0.12, 0.0]","[0.08, 0.0]","[0.28, 0.0]","[0.04, 0.0]","[0.67, 0.0]","[0.81, 0.0]","[0.12, 0.0]","[0.12, 0.0]","[0.12, 0.0]",[0.0],[0.0],"[1.0, 0.0]","[1.0, 0.0]","[1.0, 0.0]","[3.0, 0.0]",[0.0],[0.0],[0.0],[0.0],[0.0],[0.0],"[1.0, 0.0]","[1.0, 0.0]","[1.0, 0.0]","[2.0, 0.0]",[0.0],[0.0],[0.0],"[9.0, 5.0, 2.0]","[1.0, 0.0]","[1.0, 0.0]","[1.0, 0.0]","[1.0, 0.0]",[0.0],"[0.01, 0.0]","[0.11, 0.0]",[0.0],[0.0],[0.0],[0.0],"[2.77, 0.0]","[2.0, 0.0]","[1.92, 0.0]",[0.0],"[0.02, 0.0]",[0.0],[0.0],"[0.14, 0.0]","[0.14, 0.0]","[0.14, 0.0]","[56.0, 38.0, 18.0]","[2.0, 1.0]","[7.0, 4.0, 3.0]","[14.0, 10.0, 6.0]","[33.0, 22.0, 8.0]","[6.0, 3.0, 1.0]","[13.0, 9.0, 6.0]","[7.0, 5.0, 1.0]","[30.0, 21.0, 10.0]",[0.0],"[2.0, 1.0, 0.0]","[8670.0, 5876.0, 3057.0]",[0.0],[0.0],[0.0],"[4.0, 2.0]","[7.44, 2.63, 1.39]","[0.75, 0.12, 0.03]","[0.74, 0.12, 0.03]","[0.73, 0.12, 0.03]","[0.72, 0.12, 0.03]","[8.0, 3.0, 1.0]","[2.0, 1.0]","[4.0, 3.0, 1.0]","[14.0, 7.0, 3.0]","[1.0, 0.0]",[0.0],[0.0],"[6.0, 4.0, 2.0]","[3.0, 0.0]","[1.0, 0.0]","[0.18, 0.12, 0.03]","[0.37, 0.0]","[0.21, 0.0]","[1.0, 0.0]",[0.0],"[1.0, 0.0]","[13.63, 7.04, 2.94]","[10.0, 4.0, 2.0]","[9.81, 4.06, 1.97]","[0.14, 0.04, 0.01]",[0.0],[0.0],"[0.89, 0.15, 0.04]","[0.87, 0.16, 0.04]","[0.85, 0.16, 0.04]","[26.94, 16.66, 6.58]","[2.53, 1.82, 0.64]","[2.5, 1.8, 0.64]","[2.63, 1.84, 0.67]","[2.61, 1.83, 0.67]","[27.0, 17.0, 8.0]","[10.0, 6.0, 1.0]","[15.0, 11.0, 5.0]","[52.0, 34.0, 14.0]","[3.0, 2.0, 1.0]","[2.0, 0.0]","[1.0, 0.0]","[31.0, 18.0, 6.0]","[4.0, 3.0]","[2.0, 1.0, 0.0]","[0.84, 0.36, 0.19]","[0.63, 0.45]","[1.05, 0.83, 0.0]","[1.0, 0.0]",[1.0],"[1.0, 0.0]","[53.41, 33.68, 14.12]","[37.0, 23.0, 9.0]","[38.1, 22.81, 9.11]","[0.41, 0.26, 0.11]","[1.01, 0.0]","[1.01, 0.0]","[1.92, 1.07, 0.75]","[2.05, 1.1, 0.78]","[2.04, 1.1, 0.78]","[7.84, 5.78, 3.43]","[10.22, 7.43, 2.26]","[118.0, 89.0, 50.0]","[179.0, 113.0, 48.0]",[0.0],[0.0],[0.0],[0.0],[0.0],[0.0]
['8484911'],['2025'],['Collin Graf'],['SJS'],['R'],['all'],"['2', '1']","[1866.0, 1025.0]","[41.0, 22.0]","[0.33, 0.23]","[0.55, 0.49]","[0.54, 0.36, 0.35]",[0.39],"[0.49, 0.4]","[0.45, 0.43]","[0.41, 0.34]","[14.0, 6.0]","[1.5, 0.82]","[0.15, 0.11]","[0.09, 0.06]","[0.25, 0.14]","[0.05, 0.02]","[0.59, 0.39]","[0.88, 0.28]","[0.15, 0.11]","[0.14, 0.11]","[0.14, 0.11]",[0.0],[0.0],[1.0],"[1.0, 0.0]",[1.0],"[3.0, 2.0]",[0.0],[0.0],[0.0],[0.0],[0.0],[0.0],[1.0],"[1.0, 0.0]",[1.0],"[2.0, 1.0]",[0.0],[0.0],[0.0],[0.0],"[1.0, 0.0]",[1.0],"[1.0, 0.0]",[1.0],[0.0],"[0.03, 0.0]",[0.11],[0.0],[0.0],[0.0],[0.0],"[2.94, 1.94]","[2.0, 1.0]","[1.97, 0.97]",[1.0],"[0.02, 0.01]",[0.0],[0.0],"[0.17, 0.13]","[0.16, 0.12]","[0.16, 0.12]","[41.0, 22.0]","[4.0, 3.0]","[11.0, 5.0]","[2.0, 0.0]","[24.0, 14.0]","[6.0, 2.0]","[5.0, 2.0]","[6.0, 4.0]","[24.0, 14.0]",[0.0],[0.0],"[5464.0, 2659.0]",[0.0],[0.0],[0.0],"[1.0, 0.0]","[15.25, 10.05]","[1.84, 1.43]","[1.67, 1.26]","[1.81, 1.41]","[1.64, 1.24]","[14.0, 9.0]","[7.0, 5.0]","[5.0, 1.0]","[26.0, 15.0]","[3.0, 2.0]",[4.0],[1.0],"[14.0, 8.0]","[4.0, 3.0]",[3.0],"[0.42, 0.17]","[0.57, 0.4]",[0.85],"[1.0, 0.0]",[1.0],[1.0],"[26.08, 15.05]","[21.0, 14.0]","[21.18, 14.2]","[0.22, 0.14]",[1.04],[1.04],"[1.03, 0.53]","[1.0, 0.52]","[0.98, 0.5]","[20.25, 11.92]","[1.89, 1.17]","[1.86, 1.15]","[1.9, 1.19]","[1.88, 1.17]","[22.0, 12.0]","[6.0, 5.0]","[13.0, 6.0]","[41.0, 23.0]","[2.0, 1.0]","[1.0, 0.0]",[0.0],"[22.0, 14.0]","[4.0, 2.0]","[2.0, 1.0]","[0.49, 0.34]","[0.6, 0.24]","[0.79, 0.58]",[0.0],[0.0],"[2.0, 1.0]","[40.4, 22.83]","[28.0, 17.0]","[27.6, 16.84]","[0.32, 0.16]","[0.18, 0.0]","[0.18, 0.0]","[2.02, 1.33]","[2.04, 1.35]","[2.01, 1.33]","[4.18, 4.05, 2.03]","[7.38, 7.37, 1.74]","[70.0, 38.0]","[106.0, 39.0]",[0.0],[0.0],[0.0],[0.0],[0.0],[0.0]
['8480798'],['2025'],['Philipp Kurashev'],['SJS'],['C'],['all'],"['3', '2', '1']","[3367.0, 2373.0, 1178.0]","[66.0, 45.0, 19.0]","[1.07, 0.5, -0.3]","[0.52, 0.33, 0.32]","[0.55, 0.43, 0.42]","[0.52, 0.43, 0.39]","[0.44, 0.38, 0.35]","[0.48, 0.37, 0.32]","[0.41, 0.36, 0.35]","[9.0, 5.0, 3.0]","[4.45, 2.33]","[0.68, 0.32]","[0.35, 0.18]","[0.86, 0.46]","[0.17, 0.1]","[2.39, 1.14]","[1.53, 0.81]","[0.67, 0.31]","[0.68, 0.32]","[0.67, 0.31]",[0.0],[0.0],"[4.0, 3.0]","[2.0, 0.0]","[4.0, 2.0, 0.0]","[10.0, 8.0, 3.0]",[1.0],[1.0],"[1.0, 0.0]",[0.0],[0.0],[0.0],"[2.0, 1.0]","[2.0, 1.0]","[3.0, 2.0]","[5.0, 2.0]",[0.0],[0.0],[0.0],"[4.0, 3.0, 2.0]","[2.0, 1.0]","[4.0, 0.0]","[3.0, 1.0]",[1.0],"[2.0, 1.0]","[0.1, 0.02]",[0.1],"[0.48, 0.2]",[0.0],[1.0],[0.0],"[9.93, 8.04, 3.02]","[6.0, 3.0]","[6.02, 3.05]","[1.0, 0.0]","[0.09, 0.04]","[0.05, 0.0]",[0.0],"[0.77, 0.36]","[0.77, 0.36]","[0.76, 0.34]","[66.0, 45.0, 19.0]","[5.0, 4.0, 3.0]","[9.0, 5.0, 0.0]","[15.0, 12.0, 4.0]","[37.0, 24.0, 12.0]","[5.0, 4.0, 3.0]","[12.0, 8.0, 4.0]","[12.0, 9.0, 3.0]","[37.0, 24.0, 9.0]",[0.0],[0.0],"[7563.0, 4957.0, 2506.0]",[0.0],[0.0],[0.0],"[2.0, 1.0]","[17.41, 15.99, 7.68]","[1.85, 1.67, 0.63]","[1.82, 1.64, 0.61]","[1.83, 1.66, 0.62]","[1.8, 1.63, 0.6]","[16.0, 15.0, 6.0]","[8.0, 7.0, 4.0]","[16.0, 10.0, 4.0]","[40.0, 32.0, 14.0]","[4.0, 1.0]","[2.0, 0.0]","[1.0, 0.0]","[16.0, 15.0, 7.0]","[5.0, 4.0, 2.0]","[3.0, 1.0]","[0.51, 0.49, 0.21]","[0.56, 0.4, 0.22]","[0.78, 0.2]","[1.0, 0.0]","[2.0, 1.0]","[1.0, 0.0]","[39.7, 32.06, 13.95]","[24.0, 22.0, 10.0]","[24.08, 22.08, 10.01]","[0.29, 0.26, 0.1]","[0.36, 0.0]","[0.36, 0.0]","[1.77, 1.58, 0.73]","[1.76, 1.56, 0.72]","[1.74, 1.54, 0.7]","[36.78, 27.97, 8.26]","[3.86, 3.41, 0.57]","[3.55, 3.11, 0.57]","[3.94, 3.45, 0.58]","[3.63, 3.15, 0.58]","[33.0, 22.0, 5.0]","[17.0, 15.0, 6.0]","[12.0, 6.0, 2.0]","[62.0, 43.0, 13.0]","[4.0, 2.0, 0.0]","[6.0, 0.0]","[1.0, 0.0]","[36.0, 24.0, 8.0]","[11.0, 10.0, 3.0]","[3.0, 0.0]","[0.85, 0.54, 0.17]","[1.61, 1.49, 0.4]","[1.4, 1.38, 0.0]","[2.0, 1.0, 0.0]","[1.0, 0.0]","[1.0, 0.0]","[63.53, 42.55, 12.96]","[50.0, 37.0, 11.0]","[50.66, 36.49, 10.87]","[0.51, 0.4, 0.11]","[1.94, 1.92, 0.0]","[1.94, 1.92, 0.0]","[2.43, 1.89, 0.68]","[2.52, 1.93, 0.69]","[2.48, 1.89, 0.69]","[6.74, 4.22, 2.83]","[8.88, 5.84, 2.34]","[92.0, 64.0, 39.0]","[169.0, 104.0, 49.0]",[0.0],[0.0],[0.0],[0.0],[0.0],[0.0]
['8485402'],['2025'],['Michael Misa'],['SJS'],['C'],['all'],['1'],[906.0],[18.0],[-0.78],[0.35],[0.43],[0.31],[0.3],[0.2],[0.32],[6.0],[0.71],[0.15],[0.07],[0.12],[0.03],[0.42],[0.21],[0.15],[0.15],[0.15],[0.0],[0.0],[0.0],[1.0],[1.0],[2.0],[0.0],[0.0],[0.0],[0.0],[0.0],[0.0],[0.0],[1.0],[0.0],[1.0],[0.0],[0.0],[2.0],[0.0],[0.0],[1.0],[0.0],[1.0],[0.0],[0.0],[0.15],[0.0],[0.0],[0.0],[0.0],[1.97],[1.0],[1.0],[0.0],[0.02],[0.0],[0.0],[0.17],[0.17],[0.17],[18.0],[1.0],[4.0],[4.0],[9.0],[1.0],[4.0],[3.0],[10.0],[2.0],[0.0],[2694.0],[0.0],[0.0],[0.0],[2.0],[2.14],[0.24],[0.24],[0.23],[0.23],[1.0],[2.0],[5.0],[8.0],[0.0],[0.0],[0.0],[2.0],[1.0],[0.0],[0.09],[0.15],[0.0],[0.0],[0.0],[0.0],[7.59],[3.0],[2.85],[0.04],[0.0],[0.0],[0.28],[0.27],[0.27],[8.15],[0.45],[0.45],[0.5],[0.5],[10.0],[2.0],[6.0],[18.0],[2.0],[0.0],[0.0],[11.0],[1.0],[0.0],[0.33],[0.12],[0.0],[1.0],[1.0],[0.0],[20.22],[12.0],[13.33],[0.1],[0.0],[0.0],[0.55],[0.62],[0.61],[2.33],[3.02],[28.0],[66.0],[0.0],[0.0],[0.0],[0.0],[0.0],[0.0]
['8471817'],['2025'],['Ryan Reaves'],['SJS'],['R'],['all'],"['3', '2', '1']","[1408.0, 756.0, 391.0]","[35.0, 21.0, 11.0]","[0.43, -0.25, -0.35]","[0.25, 0.18, 0.02]","[0.57, 0.41, 0.4]","[0.25, 0.22, 0.21]","[0.48, 0.41, 0.38]","[0.21, 0.2, 0.17]","[0.45, 0.38, 0.36]","[35.0, 24.0, 12.0]","[1.68, 0.93, 0.0]","[0.21, 0.08, 0.0]","[0.12, 0.05, 0.0]","[0.5, 0.39, 0.0]","[0.13, 0.04, 0.0]","[0.69, 0.13, 0.0]","[0.55, 0.13, 0.0]","[0.21, 0.08, 0.0]","[0.22, 0.08, 0.0]","[0.22, 0.08, 0.0]",[0.0],[0.0],"[2.0, 1.0, 0.0]",[0.0],[0.0],"[2.0, 1.0, 0.0]","[1.0, 0.0]","[1.0, 0.0]",[0.0],[0.0],[0.0],[0.0],[0.0],"[1.0, 0.0]","[1.0, 0.0]","[1.0, 0.0]","[1.0, 0.0]","[5.0, 0.0]",[0.0],"[11.0, 6.0, 5.0]",[0.0],[1.0],"[1.0, 0.0]",[0.0],"[1.0, 0.0]","[0.08, 0.01, 0.0]",[0.0],"[0.21, 0.0]","[1.0, 0.0]",[0.0],"[1.0, 0.0]","[2.04, 1.07, 0.0]","[2.0, 1.0, 0.0]","[2.02, 1.05, 0.0]",[0.0],"[0.03, 0.01, 0.0]",[0.0],[0.0],"[0.24, 0.09, 0.0]","[0.24, 0.09, 0.0]","[0.24, 0.09, 0.0]","[35.0, 21.0, 11.0]","[2.0, 1.0]","[3.0, 2.0]","[11.0, 7.0, 4.0]","[19.0, 10.0, 4.0]","[3.0, 1.0]","[9.0, 4.0, 2.0]","[4.0, 3.0, 1.0]","[19.0, 13.0, 7.0]",[0.0],[0.0],"[9522.0, 6574.0, 3293.0]","[5.0, 0.0]","[5.0, 0.0]","[1.0, 0.0]",[0.0],"[4.73, 1.62, 0.69]","[0.39, 0.08, 0.01]","[0.38, 0.08, 0.01]","[0.38, 0.09, 0.01]","[0.38, 0.09, 0.01]","[5.0, 2.0, 1.0]","[1.0, 0.0]","[2.0, 1.0]","[8.0, 3.0, 2.0]","[1.0, 0.0]",[0.0],[0.0],"[4.0, 2.0, 1.0]","[1.0, 0.0]","[1.0, 0.0]","[0.08, 0.01]","[0.1, 0.0]","[0.21, 0.0]","[1.0, 0.0]",[0.0],"[1.0, 0.0]","[7.63, 3.01, 1.94]","[6.0, 2.0, 1.0]","[5.8, 2.02, 0.97]","[0.08, 0.01]",[0.0],[0.0],"[0.46, 0.1, 0.01]","[0.45, 0.1, 0.01]","[0.45, 0.1, 0.01]","[16.02, 5.8, 3.7]","[1.15, 0.38, 0.33]","[1.14, 0.38, 0.33]","[1.25, 0.39, 0.34]","[1.24, 0.39, 0.34]","[16.0, 5.0, 4.0]","[6.0, 3.0, 1.0]","[6.0, 3.0, 1.0]","[28.0, 11.0, 6.0]","[2.0, 1.0]",[0.0],[0.0],"[20.0, 7.0, 4.0]",[1.0],"[1.0, 0.0]","[0.77, 0.22, 0.17]",[0.16],"[0.22, 0.0]","[1.0, 0.0]",[1.0],[0.0],"[29.96, 11.07, 6.19]","[22.0, 8.0, 5.0]","[23.47, 8.04, 5.15]","[0.23, 0.08, 0.06]",[0.0],[0.0],"[1.37, 0.46, 0.39]","[1.5, 0.48, 0.41]","[1.49, 0.48, 0.41]","[8.21, 5.81, 3.45]","[11.6, 8.88, 2.58]","[124.0, 93.0, 51.0]","[203.0, 136.0, 56.0]",[0.0],[0.0],[0.0],[0.0],[0.0],[0.0]
['8475784'],['2025'],['Jeff Skinner'],['SJS'],['L'],['all'],"['3', '2', '1']","[2067.0, 1250.0, 640.0]","[51.0, 32.0, 16.0]","[2.39, 2.35, 1.32]","[0.81, 0.71, 0.68]","[0.46, 0.33, 0.32]","[0.59, 0.56, 0.53]","[0.43, 0.36, 0.33]","[0.59, 0.56, 0.52]","[0.38, 0.32, 0.3]","[28.0, 19.0, 9.0]","[9.2, 6.56, 3.58]","[1.48, 1.04, 0.72]","[0.81, 0.54, 0.29]","[2.33, 1.9, 1.03]","[0.34, 0.28, 0.17]","[4.26, 3.14, 1.64]","[2.79, 2.09, 1.15]","[1.38, 0.96, 0.65]","[1.44, 1.02, 0.71]","[1.34, 0.94, 0.64]",[0.0],[0.0],"[8.0, 6.0, 3.0]","[4.0, 3.0, 2.0]","[3.0, 2.0, 1.0]","[15.0, 11.0, 6.0]","[2.0, 1.0]","[2.0, 1.0]",[3.0],[1.0],"[2.0, 0.0]",[0.0],"[3.0, 1.0, 0.0]","[2.0, 1.0]","[6.0, 4.0, 2.0]","[10.0, 7.0, 4.0]",[0.0],[0.0],[0.0],"[4.0, 3.0, 2.0]",[0.0],"[4.0, 2.0, 1.0]","[6.0, 5.0, 2.0]","[4.0, 2.0, 1.0]",[2.0],"[0.28, 0.21, 0.06]","[0.71, 0.35, 0.18]",[0.48],"[1.0, 0.0]",[0.0],[1.0],"[14.91, 11.0, 6.02]","[12.0, 9.0, 5.0]","[11.96, 9.05, 5.06]","[3.0, 2.0, 1.0]","[0.17, 0.12, 0.06]",[0.83],"[0.71, 0.66]","[0.93, 0.44, 0.12]","[0.9, 0.43, 0.12]","[0.88, 0.42, 0.12]","[51.0, 32.0, 16.0]","[7.0, 6.0, 3.0]","[14.0, 5.0, 3.0]","[6.0, 4.0, 2.0]","[24.0, 17.0, 8.0]","[7.0, 5.0, 2.0]","[8.0, 6.0, 3.0]","[9.0, 6.0, 3.0]","[27.0, 15.0, 8.0]",[0.0],"[1.0, 0.0]","[8863.0, 6080.0, 3044.0]",[0.0],"[6.0, 4.0, 2.0]","[3.0, 2.0, 1.0]","[1.0, 0.0]","[20.58, 13.28, 7.49]","[3.03, 1.98, 1.2]","[2.83, 1.81, 1.04]","[2.96, 1.96, 1.19]","[2.76, 1.79, 1.03]","[19.0, 13.0, 7.0]","[8.0, 5.0, 3.0]","[8.0, 5.0, 3.0]","[35.0, 23.0, 13.0]","[3.0, 1.0]","[6.0, 5.0, 4.0]",[1.0],"[15.0, 11.0, 6.0]","[7.0, 3.0, 1.0]","[5.0, 4.0, 3.0]","[0.55, 0.4, 0.16]","[1.13, 0.44, 0.18]","[1.34, 1.13, 0.85]","[1.0, 0.0]","[1.0, 0.0]",[1.0],"[34.46, 22.96, 12.98]","[27.0, 18.0, 10.0]","[26.7, 18.04, 10.08]","[0.34, 0.22, 0.1]","[1.11, 1.09, 1.04]","[1.11, 1.09, 1.04]","[2.26, 1.12, 0.27]","[2.2, 1.1, 0.26]","[2.15, 1.09, 0.25]","[19.02, 10.36, 5.07]","[1.44, 0.83, 0.29]","[1.42, 0.82, 0.29]","[1.51, 0.84, 0.3]","[1.49, 0.84, 0.3]","[18.0, 12.0, 6.0]","[7.0, 2.0, 1.0]","[6.0, 4.0, 2.0]","[31.0, 18.0, 9.0]","[2.0, 1.0, 0.0]",[0.0],[0.0],"[18.0, 11.0, 6.0]","[6.0, 2.0, 1.0]","[1.0, 0.0]","[0.45, 0.29, 0.14]","[0.78, 0.33, 0.15]","[0.21, 0.0]",[0.0],"[1.0, 0.0]","[1.0, 0.0]","[32.01, 17.82, 8.95]","[25.0, 14.0, 7.0]","[25.73, 13.87, 6.95]","[0.24, 0.12, 0.05]",[0.0],[0.0],"[1.68, 0.95, 0.34]","[1.77, 0.97, 0.35]","[1.74, 0.96, 0.35]","[5.56, 3.92, 2.26]","[11.3, 8.43, 2.62]","[97.0, 73.0, 40.0]","[200.0, 129.0, 53.0]",[0.0],[0.0],[0.0],[0.0],[0.0],[0.0]
['8484227'],['2025'],['Will Smith'],['SJS'],['C'],['all'],"['3', '2', '1']","[3165.0, 2362.0, 1234.0]","[61.0, 44.0, 20.0]","[1.27, 0.99, -0.1]","[0.51, 0.49, 0.4]","[0.56, 0.38, 0.36]","[0.57, 0.47, 0.46]","[0.41, 0.37, 0.32]","[0.48, 0.4, 0.36]","[0.4, 0.37, 0.31]","[13.0, 6.0, 2.0]","[6.91, 4.7, 2.45]","[0.51, 0.27, 0.07]","[0.41, 0.24, 0.1]","[1.83, 1.26, 0.8]","[0.21, 0.14, 0.07]","[3.66, 2.41, 1.06]","[2.38, 1.67, 0.91]","[0.48, 0.25, 0.07]","[0.5, 0.27, 0.07]","[0.47, 0.24, 0.07]","[2.0, 0.0]","[1.0, 0.0]","[8.0, 5.0, 2.0]",[1.0],"[5.0, 2.0]","[14.0, 11.0, 5.0]","[3.0, 0.0]",[0.0],"[1.0, 0.0]",[0.0],"[1.0, 0.0]",[0.0],"[2.0, 1.0, 0.0]","[5.0, 4.0, 3.0]","[8.0, 5.0, 2.0]","[9.0, 6.0, 3.0]","[2.0, 1.0]","[4.0, 2.0]",[0.0],"[2.0, 1.0]",[0.0],"[7.0, 6.0, 5.0]","[7.0, 5.0, 3.0]","[2.0, 1.0, 0.0]",[0.0],"[0.28, 0.18, 0.07]","[0.23, 0.09, 0.0]",[0.0],[0.0],[0.0],[0.0],"[13.84, 10.92, 4.91]","[9.0, 6.0, 3.0]","[8.87, 5.95, 2.94]","[3.0, 2.0]","[0.09, 0.05, 0.02]","[0.43, 0.0]",[0.0],"[0.61, 0.32, 0.09]","[0.59, 0.32, 0.09]","[0.56, 0.29, 0.09]","[61.0, 44.0, 20.0]","[8.0, 7.0, 4.0]","[11.0, 4.0, 0.0]","[10.0, 9.0, 2.0]","[32.0, 24.0, 14.0]","[5.0, 4.0]","[9.0, 6.0, 2.0]","[9.0, 7.0, 2.0]","[38.0, 27.0, 12.0]",[0.0],"[1.0, 0.0]","[7765.0, 4968.0, 2450.0]","[4.0, 2.0]",[0.0],[0.0],[1.0],"[26.19, 16.19, 9.47]","[3.75, 2.06, 1.03]","[3.65, 2.01, 1.0]","[3.69, 2.05, 1.03]","[3.6, 2.0, 1.0]","[24.0, 15.0, 8.0]","[10.0, 6.0, 4.0]","[17.0, 15.0, 8.0]","[51.0, 36.0, 20.0]","[4.0, 1.0]","[3.0, 1.0, 0.0]","[1.0, 0.0]","[20.0, 13.0, 8.0]","[7.0, 4.0, 2.0]","[7.0, 4.0, 2.0]","[0.76, 0.45, 0.26]","[0.91, 0.4, 0.2]","[2.07, 1.21, 0.57]","[1.0, 0.0]","[1.0, 0.0]","[2.0, 1.0]","[50.59, 36.06, 20.01]","[34.0, 21.0, 12.0]","[33.81, 21.13, 12.07]","[0.51, 0.32, 0.18]","[0.76, 0.31, 0.0]","[0.76, 0.31, 0.0]","[3.5, 2.07, 1.21]","[3.44, 2.06, 1.2]","[3.36, 2.0, 1.17]","[38.21, 28.75, 9.91]","[3.96, 3.07, 0.98]","[3.65, 2.78, 0.98]","[4.07, 3.12, 1.0]","[3.75, 2.83, 1.0]","[30.0, 21.0, 6.0]","[20.0, 17.0, 7.0]","[7.0, 5.0, 2.0]","[57.0, 43.0, 15.0]","[3.0, 2.0, 1.0]","[6.0, 5.0, 0.0]",[0.0],"[29.0, 23.0, 8.0]","[17.0, 12.0, 4.0]","[4.0, 3.0, 1.0]","[0.69, 0.56, 0.2]","[2.34, 1.79, 0.57]","[0.93, 0.72, 0.21]","[1.0, 0.0]","[1.0, 0.0]",[1.0],"[57.91, 42.72, 15.04]","[50.0, 38.0, 13.0]","[50.56, 37.69, 12.97]","[0.59, 0.43, 0.14]","[1.09, 1.05, 0.0]","[1.09, 1.05, 0.0]","[3.46, 2.45, 1.13]","[3.57, 2.51, 1.15]","[3.52, 2.47, 1.15]","[4.84, 3.83, 2.43]","[8.78, 6.18, 1.93]","[81.0, 60.0, 33.0]","[174.0, 104.0, 47.0]",[0.0],[0.0],[0.0],[0.0],[0.0],[0.0]
['8475726'],['2025'],['Tyler Toffoli'],['SJS'],['C'],['all'],"['3', '2', '1']","[2878.0, 1793.0, 885.0]","[64.0, 43.0, 21.0]","[0.52, 0.24, 0.14]","[0.78, 0.51, 0.5]","[0.47, 0.36, 0.35]","[0.59, 0.48, 0.41]","[0.41, 0.36, 0.35]","[0.5, 0.43, 0.38]","[0.4, 0.34, 0.32]","[18.0, 15.0, 8.0]","[7.8, 5.45, 2.23]","[1.35, 0.86, 0.17]","[0.54, 0.39, 0.1]","[1.74, 1.16, 0.43]","[0.26, 0.18, 0.07]","[3.74, 2.62, 1.24]","[2.37, 1.79, 1.0]","[1.32, 0.86, 0.17]","[1.35, 0.85, 0.17]","[1.32, 0.85, 0.17]","[1.0, 0.0]",[0.0],"[6.0, 5.0, 2.0]","[4.0, 2.0, 1.0]","[4.0, 3.0]","[14.0, 11.0, 6.0]","[2.0, 1.0, 0.0]","[1.0, 0.0]",[0.0],[0.0],"[2.0, 1.0]",[0.0],"[5.0, 3.0, 1.0]","[2.0, 1.0]","[5.0, 4.0, 2.0]","[9.0, 6.0, 3.0]",[0.0],[0.0],[0.0],"[4.0, 1.0]",[0.0],"[3.0, 1.0]","[5.0, 3.0, 2.0]","[2.0, 1.0]","[3.0, 2.0, 0.0]","[0.17, 0.1, 0.06]","[0.21, 0.11]","[0.97, 0.54, 0.0]","[1.0, 0.0]",[0.0],[0.0],"[14.05, 11.08, 5.91]","[10.0, 7.0, 3.0]","[10.0, 7.03, 2.94]",[0.0],"[0.14, 0.1, 0.02]",[0.0],"[0.43, 0.0]","[1.06, 0.96, 0.19]","[1.05, 0.95, 0.19]","[1.05, 0.95, 0.19]","[64.0, 43.0, 21.0]","[12.0, 7.0, 4.0]","[8.0, 5.0, 2.0]","[7.0, 4.0, 2.0]","[37.0, 27.0, 13.0]","[7.0, 5.0]","[14.0, 6.0, 1.0]","[9.0, 6.0, 3.0]","[34.0, 24.0, 12.0]",[0.0],[1.0],"[8052.0, 5537.0, 2799.0]",[0.0],[0.0],[0.0],"[1.0, 0.0]","[21.68, 14.34, 7.0]","[3.08, 1.96, 1.15]","[3.03, 1.94, 1.15]","[3.06, 1.95, 1.14]","[3.01, 1.93, 1.14]","[20.0, 15.0, 7.0]","[10.0, 5.0, 3.0]","[14.0, 13.0, 10.0]","[44.0, 33.0, 20.0]","[2.0, 1.0, 0.0]","[1.0, 0.0]",[0.0],"[22.0, 15.0, 8.0]","[3.0, 2.0, 1.0]","[5.0, 3.0, 1.0]","[0.72, 0.39, 0.22]","[0.35, 0.21, 0.11]","[2.01, 1.35, 0.81]","[2.0, 1.0, 0.0]",[0.0],[0.0],"[43.56, 32.89, 19.67]","[30.0, 20.0, 10.0]","[29.75, 20.04, 9.83]","[0.35, 0.21, 0.08]","[0.43, 0.0]","[0.43, 0.0]","[3.0, 2.16, 1.22]","[2.97, 2.15, 1.22]","[2.94, 2.13, 1.22]","[35.96, 19.5, 7.51]","[3.0, 1.99, 0.33]","[2.8, 1.82, 0.32]","[3.09, 2.02, 0.33]","[2.89, 1.85, 0.32]","[29.0, 15.0, 6.0]","[19.0, 11.0, 4.0]","[16.0, 10.0, 4.0]","[64.0, 36.0, 14.0]","[4.0, 3.0, 1.0]","[4.0, 3.0, 1.0]","[1.0, 0.0]","[37.0, 18.0, 9.0]","[8.0, 6.0, 1.0]","[3.0, 2.0, 0.0]","[1.15, 0.55, 0.24]","[1.05, 0.84, 0.08]","[0.81, 0.61, 0.0]","[2.0, 1.0]","[1.0, 0.0]","[1.0, 0.0]","[66.14, 35.92, 14.18]","[48.0, 26.0, 10.0]","[49.31, 25.84, 10.08]","[0.52, 0.32, 0.1]","[0.68, 0.65, 0.04]","[0.68, 0.65, 0.04]","[2.85, 1.67, 0.39]","[2.95, 1.7, 0.39]","[2.85, 1.64, 0.38]","[5.52, 3.94, 2.31]","[9.74, 7.26, 2.58]","[88.0, 63.0, 33.0]","[167.0, 111.0, 48.0]",[0.0],[0.0],[0.0],[0.0],[0.0],[0.0]
['8477505'],['2025'],['Alexander Wennberg'],['SJS'],['C'],['all'],"['3', '2', '1']","[3243.0, 2257.0, 1078.0]","[75.0, 51.0, 24.0]","[0.97, 0.89, 0.81]","[0.81, 0.46]","[0.44, 0.37, 0.35]","[0.53, 0.4]","[0.43, 0.39, 0.35]","[0.45, 0.38]","[0.42, 0.36, 0.33]","[12.0, 7.0, 4.0]","[4.39, 1.8]","[0.77, 0.38]","[0.29, 0.15]","[0.94, 0.42]","[0.13, 0.07]","[1.34, 0.46]","[1.54, 0.54]","[0.73, 0.35]","[0.74, 0.38]","[0.71, 0.35]","[1.0, 0.0]",[0.0],"[5.0, 2.0]",[0.0],"[1.0, 0.0]","[6.0, 2.0]","[2.0, 1.0]",[1.0],"[1.0, 0.0]",[0.0],[0.0],[0.0],"[1.0, 0.0]","[2.0, 1.0]","[4.0, 1.0]","[4.0, 1.0]",[0.0],[0.0],"[18.0, 11.0, 6.0]","[1.0, 0.0]",[0.0],"[2.0, 0.0]","[2.0, 1.0]","[1.0, 0.0]","[2.0, 1.0]",[0.01],"[0.17, 0.0]","[0.58, 0.37]",[0.0],[0.0],[1.0],"[5.67, 1.97]","[5.0, 2.0]","[4.83, 1.97]",[0.0],"[0.08, 0.05]","[0.02, 0.0]",[0.0],"[0.84, 0.43]","[0.82, 0.42]","[0.78, 0.39]","[75.0, 51.0, 24.0]","[8.0, 7.0, 5.0]","[17.0, 7.0, 3.0]","[8.0, 6.0, 3.0]","[42.0, 31.0, 13.0]","[7.0, 5.0, 3.0]","[8.0, 6.0, 1.0]","[12.0, 9.0, 4.0]","[48.0, 31.0, 16.0]","[18.0, 11.0, 6.0]","[24.0, 15.0, 7.0]","[7687.0, 5073.0, 2606.0]",[0.0],"[2.0, 0.0]","[1.0, 0.0]","[3.0, 2.0]","[21.73, 14.75, 6.98]","[3.36, 2.46, 1.48]","[3.3, 2.42, 1.45]","[3.32, 2.46, 1.48]","[3.26, 2.41, 1.45]","[23.0, 17.0, 7.0]","[7.0, 4.0, 3.0]","[15.0, 12.0, 10.0]","[45.0, 33.0, 20.0]","[3.0, 1.0]","[2.0, 1.0, 0.0]",[0.0],"[18.0, 13.0, 7.0]","[7.0, 4.0, 1.0]","[5.0, 4.0, 2.0]","[0.56, 0.4, 0.21]","[0.92, 0.39, 0.09]","[1.88, 1.68, 1.19]",[0.0],"[2.0, 0.0]",[1.0],"[44.5, 32.97, 19.73]","[30.0, 21.0, 10.0]","[29.83, 21.14, 9.89]","[0.37, 0.27, 0.12]","[0.07, 0.05, 0.0]","[0.07, 0.05, 0.0]","[3.67, 2.69, 1.6]","[3.61, 2.68, 1.6]","[3.56, 2.64, 1.56]","[36.51, 25.81, 8.66]","[4.0, 2.9, 0.35]","[3.81, 2.71, 0.34]","[4.07, 2.92, 0.35]","[3.87, 2.73, 0.34]","[29.0, 21.0, 8.0]","[20.0, 14.0, 4.0]","[18.0, 14.0, 6.0]","[67.0, 49.0, 18.0]","[4.0, 1.0]","[4.0, 1.0]","[2.0, 0.0]","[35.0, 26.0, 11.0]","[10.0, 6.0, 1.0]","[4.0, 3.0, 0.0]","[0.79, 0.62, 0.27]","[1.26, 0.84, 0.08]","[1.96, 1.44, 0.0]",[1.0],"[1.0, 0.0]","[2.0, 0.0]","[68.09, 48.8, 18.07]","[49.0, 35.0, 12.0]","[49.63, 34.73, 11.94]","[0.58, 0.44, 0.12]","[1.48, 0.04]","[1.48, 0.04]","[3.11, 1.86, 0.43]","[3.19, 1.89, 0.43]","[3.11, 1.82, 0.42]","[5.23, 3.43, 1.98]","[8.74, 6.36, 2.56]","[87.0, 63.0, 33.0]","[164.0, 98.0, 44.0]",[0.0],[0.0],[0.0],[0.0],[0.0],[0.0]
['8484806'],['2025'],['Sam Dickinson'],['SJS'],['D'],['all'],"['2', '1']","[1431.0, 719.0]","[33.0, 17.0]","[0.2, -0.95]","[0.5, 0.4]","[0.33, 0.26]","[0.53, 0.37]",[0.31],"[0.46, 0.37]",[0.29],"[12.0, 6.0]",[0.0],[0.0],[0.0],[0.0],[0.0],[0.0],[0.0],[0.0],[0.0],[0.0],[0.0],[0.0],[0.0],[0.0],[0.0],[0.0],[0.0],[0.0],[0.0],[0.0],[0.0],[0.0],[0.0],[0.0],[0.0],[0.0],"[2.0, 0.0]","[4.0, 0.0]",[0.0],[0.0],[0.0],"[3.0, 2.0]",[0.0],[0.0],[0.0],[0.0],[0.0],[0.0],[0.0],[0.0],[0.0],[0.0],[0.0],[0.0],[2.0],[0.0],[0.0],[0.0],[0.0],[0.0],[0.0],"[33.0, 17.0]","[2.0, 1.0]","[5.0, 2.0]","[7.0, 3.0]","[19.0, 11.0]",[2.0],"[8.0, 5.0]","[3.0, 0.0]","[20.0, 10.0]",[0.0],[0.0],"[5815.0, 2927.0]","[4.0, 0.0]","[2.0, 0.0]","[1.0, 0.0]","[1.0, 0.0]","[9.9, 4.36]","[0.93, 0.39]","[0.92, 0.39]","[0.89, 0.38]","[0.87, 0.37]","[10.0, 5.0]","[3.0, 1.0]","[3.0, 2.0]","[16.0, 8.0]",[1.0],"[1.0, 0.0]",[0.0],"[8.0, 4.0]","[5.0, 2.0]",[0.0],"[0.24, 0.13]","[0.69, 0.26]",[0.0],[1.0],[0.0],[0.0],"[15.51, 7.98]","[13.0, 6.0]","[12.66, 5.97]","[0.17, 0.07]","[0.02, 0.0]","[0.02, 0.0]","[1.08, 0.45]","[1.03, 0.44]","[1.01, 0.43]","[16.98, 5.01]","[1.43, 0.39]","[1.4, 0.39]","[1.54, 0.4]","[1.52, 0.39]","[16.0, 4.0]","[6.0, 3.0]","[5.0, 0.0]","[27.0, 7.0]","[3.0, 0.0]","[1.0, 0.0]",[0.0],"[16.0, 5.0]","[5.0, 2.0]","[1.0, 0.0]","[0.55, 0.1]","[0.65, 0.29]","[0.22, 0.0]","[1.0, 0.0]","[2.0, 0.0]",[0.0],"[28.64, 7.0]","[22.0, 7.0]","[23.12, 6.95]","[0.25, 0.06]","[0.03, 0.0]","[0.03, 0.0]","[1.65, 0.45]","[1.78, 0.46]","[1.75, 0.45]","[4.2, 2.05]","[8.41, 5.96]","[63.0, 35.0]","[142.0, 78.0]",[0.0],[0.0],[0.0],[0.0],[0.0],[0.0]
['8479983'],['2025'],['Mario Ferraro'],['SJS'],['D'],['all'],"['3', '2', '1']","[3592.0, 2460.0, 1119.0]","[75.0, 49.0, 24.0]","[0.8, 0.05, -0.07]","[0.5, 0.39, 0.38]","[0.57, 0.41, 0.39]","[0.37, 0.33, 0.3]","[0.51, 0.44, 0.4]","[0.31, 0.3, 0.29]","[0.48, 0.39, 0.36]","[9.0, 5.0, 4.0]","[3.38, 2.7, 1.27]","[0.4, 0.34, 0.02]","[0.22, 0.17, 0.06]","[0.93, 0.71, 0.38]","[0.12, 0.1, 0.04]","[2.11, 1.71, 0.95]","[1.22, 0.98, 0.56]","[0.4, 0.33, 0.02]","[0.4, 0.34, 0.02]","[0.39, 0.33, 0.02]",[0.0],[0.0],"[5.0, 4.0, 2.0]",[0.0],"[3.0, 1.0]","[8.0, 7.0, 3.0]","[1.0, 0.0]","[1.0, 0.0]",[0.0],"[1.0, 0.0]",[0.0],[0.0],"[2.0, 1.0]","[2.0, 1.0]","[4.0, 3.0, 2.0]","[4.0, 3.0, 2.0]",[0.0],[0.0],[0.0],"[2.0, 0.0]","[1.0, 0.0]","[1.0, 0.0]","[4.0, 3.0, 2.0]",[0.0],"[1.0, 0.0]","[0.1, 0.03, 0.02]",[0.0],"[0.31, 0.0]",[0.0],[0.0],"[1.0, 0.0]","[8.04, 7.07, 3.02]","[5.0, 4.0, 2.0]","[5.06, 4.09, 2.01]","[1.0, 0.0]","[0.04, 0.03, 0.01]",[0.0],"[0.31, 0.0]","[0.14, 0.06, 0.03]","[0.13, 0.06, 0.03]","[0.13, 0.06, 0.03]","[75.0, 49.0, 24.0]","[3.0, 2.0]","[20.0, 12.0, 6.0]","[8.0, 7.0, 4.0]","[44.0, 27.0, 12.0]","[12.0, 9.0, 6.0]","[12.0, 6.0, 2.0]","[11.0, 6.0, 3.0]","[40.0, 28.0, 13.0]",[0.0],[0.0],"[7338.0, 4870.0, 2565.0]",[0.0],"[2.0, 0.0]","[1.0, 0.0]","[8.0, 7.0, 2.0]","[18.92, 12.79, 4.67]","[2.58, 2.01, 1.13]","[2.56, 2.01, 1.13]","[2.53, 2.0, 1.13]","[2.52, 2.0, 1.13]","[19.0, 13.0, 4.0]","[7.0, 5.0, 3.0]","[13.0, 11.0, 7.0]","[39.0, 29.0, 14.0]","[1.0, 0.0]","[1.0, 0.0]","[1.0, 0.0]","[18.0, 12.0, 5.0]","[3.0, 2.0, 0.0]","[5.0, 4.0, 2.0]","[0.54, 0.29, 0.12]","[0.3, 0.19, 0.0]","[1.74, 1.53, 1.01]",[0.0],[0.0],"[1.0, 0.0]","[38.31, 29.02, 13.89]","[26.0, 18.0, 7.0]","[25.7, 18.19, 7.06]","[0.25, 0.18, 0.06]","[0.31, 0.0]","[0.31, 0.0]","[2.52, 1.89, 1.19]","[2.47, 1.87, 1.18]","[2.45, 1.87, 1.18]","[46.2, 29.81, 12.72]","[4.05, 3.31, 1.14]","[3.82, 3.11, 1.11]","[4.13, 3.32, 1.14]","[3.9, 3.12, 1.12]","[39.0, 25.0, 11.0]","[23.0, 15.0, 6.0]","[28.0, 20.0, 7.0]","[90.0, 60.0, 24.0]","[6.0, 4.0, 2.0]","[4.0, 1.0]","[2.0, 0.0]","[50.0, 30.0, 13.0]","[8.0, 6.0, 3.0]","[4.0, 1.0]","[1.11, 0.59, 0.26]","[0.92, 0.69, 0.3]","[2.02, 0.58]","[2.0, 1.0]","[1.0, 0.0]","[3.0, 1.0]","[92.05, 59.51, 24.08]","[62.0, 40.0, 17.0]","[63.22, 39.62, 17.0]","[0.66, 0.49, 0.17]","[1.48, 0.04]","[1.48, 0.04]","[3.24, 2.32, 1.27]","[3.33, 2.33, 1.28]","[3.21, 2.25, 1.25]","[6.01, 3.88, 2.33]","[8.69, 5.95, 1.77]","[93.0, 67.0, 39.0]","[141.0, 87.0, 38.0]",[0.0],[0.0],[0.0],[0.0],[0.0],[0.0]
['8475906'],['2025'],['John Klingberg'],['SJS'],['D'],['all'],"['3', '2', '1']","[3521.0, 2495.0, 1344.0]","[68.0, 45.0, 21.0]","[0.28, -0.1, -1.05]","[0.45, 0.36, 0.29]","[0.58, 0.46, 0.43]","[0.48, 0.41, 0.38]","[0.45, 0.39, 0.36]","[0.4, 0.33]","[0.44, 0.39, 0.35]","[10.0, 5.0, 1.0]","[4.13, 3.51, 2.86]","[0.31, 0.29, 0.18]","[0.33, 0.29, 0.22]","[1.24, 0.94, 0.81]","[0.17, 0.13, 0.11]","[2.8, 2.41, 1.87]","[1.15, 0.94, 0.81]","[0.3, 0.28, 0.17]","[0.31, 0.29, 0.18]","[0.3, 0.28, 0.17]",[0.0],[1.0],"[4.0, 3.0]","[2.0, 1.0]","[1.0, 0.0]","[7.0, 6.0, 4.0]","[2.0, 1.0]","[1.0, 0.0]",[0.0],[0.0],[2.0],[0.0],[1.0],"[2.0, 1.0]",[3.0],"[5.0, 4.0]","[1.0, 0.0]","[2.0, 0.0]",[0.0],"[3.0, 0.0]",[0.0],"[4.0, 3.0, 2.0]","[4.0, 3.0]","[2.0, 1.0]",[0.0],"[0.11, 0.09]","[0.2, 0.09]",[0.0],[0.0],"[1.0, 0.0]",[0.0],"[7.05, 6.08, 4.05]","[6.0, 5.0, 4.0]","[6.05, 5.08, 4.08]","[4.0, 3.0, 2.0]","[0.09, 0.08, 0.06]",[0.0],"[0.02, 0.0]","[0.38, 0.37, 0.24]","[0.38, 0.37, 0.24]","[0.38, 0.37, 0.23]","[68.0, 45.0, 21.0]","[14.0, 9.0, 6.0]","[10.0, 5.0, 0.0]","[10.0, 7.0, 2.0]","[34.0, 24.0, 13.0]","[4.0, 3.0]","[16.0, 7.0, 4.0]","[13.0, 11.0, 3.0]","[35.0, 24.0, 11.0]",[0.0],[0.0],"[7409.0, 4835.0, 2340.0]","[2.0, 0.0]",[0.0],[0.0],"[4.0, 1.0, 0.0]","[22.94, 16.35, 9.21]","[3.03, 1.72, 0.8]","[2.95, 1.67, 0.76]","[3.02, 1.72, 0.79]","[2.94, 1.67, 0.76]","[20.0, 15.0, 8.0]","[10.0, 6.0, 4.0]","[17.0, 14.0, 8.0]","[47.0, 35.0, 20.0]","[4.0, 1.0]","[2.0, 0.0]",[0.0],"[19.0, 15.0, 9.0]","[5.0, 3.0, 2.0]","[6.0, 3.0, 1.0]","[0.64, 0.5, 0.23]","[0.62, 0.31, 0.2]","[1.77, 0.91, 0.37]","[2.0, 1.0, 0.0]","[1.0, 0.0]","[2.0, 1.0]","[46.7, 35.14, 19.9]","[30.0, 21.0, 12.0]","[30.02, 21.2, 12.0]","[0.45, 0.3, 0.16]","[0.45, 0.0]","[0.45, 0.0]","[3.04, 2.02, 0.95]","[3.02, 2.01, 0.95]","[2.96, 1.95, 0.91]","[46.86, 32.39, 13.04]","[5.3, 4.28, 0.99]","[4.99, 3.98, 0.99]","[5.42, 4.34, 1.01]","[5.1, 4.03, 1.01]","[46.0, 31.0, 12.0]","[16.0, 12.0, 6.0]","[16.0, 8.0, 4.0]","[78.0, 51.0, 22.0]","[6.0, 5.0, 1.0]","[8.0, 7.0, 0.0]","[1.0, 0.0]","[42.0, 27.0, 14.0]","[14.0, 11.0, 3.0]","[6.0, 5.0, 1.0]","[1.13, 0.67, 0.33]","[2.16, 1.82, 0.45]","[2.02, 1.8, 0.21]","[1.0, 0.0]","[2.0, 1.0, 0.0]","[3.0, 1.0]","[79.98, 50.5, 21.98]","[62.0, 43.0, 18.0]","[62.92, 42.51, 17.86]","[0.69, 0.48, 0.17]","[2.15, 2.1, 0.0]","[2.15, 2.1, 0.0]","[3.85, 2.66, 1.16]","[3.98, 2.72, 1.18]","[3.93, 2.68, 1.18]","[5.56, 4.18, 2.67]","[7.44, 4.97, 1.92]","[85.0, 61.0, 33.0]","[153.0, 96.0, 40.0]",[0.0],[0.0],[0.0],[0.0],[0.0],[0.0]
['8475181'],['2025'],['Nick Leddy'],['SJS'],['D'],['all'],"['3', '2', '1']","[3540.0, 2361.0, 1261.0]","[78.0, 51.0, 25.0]","[-0.4, -1.0, -1.23]","[0.16, 0.07]","[0.59, 0.53, 0.5]","[0.24, 0.23]","[0.52, 0.46, 0.42]","[0.3, 0.22]","[0.47, 0.43, 0.4]","[11.0, 8.0, 3.0]","[1.45, 0.73]","[0.03, 0.01]","[0.07, 0.03]","[0.28, 0.21]","[0.04, 0.02]","[0.69, 0.39]","[0.89, 0.34]","[0.03, 0.01]","[0.03, 0.01]","[0.03, 0.01]",[0.0],"[2.0, 1.0, 0.0]","[1.0, 0.0]",[1.0],"[1.0, 0.0]","[3.0, 1.0]","[2.0, 1.0, 0.0]",[0.0],[0.0],[0.0],[0.0],[0.0],[0.0],"[2.0, 1.0]","[1.0, 0.0]","[2.0, 1.0]",[0.0],[0.0],[0.0],[0.0],[3.0],"[2.0, 1.0]","[2.0, 1.0]",[0.0],[0.0],"[0.03, 0.01]",[0.0],[0.0],[0.0],[0.0],[0.0],"[2.88, 0.97]","[2.0, 1.0]","[1.97, 0.97]","[1.0, 0.0]",[0.01],[0.0],[0.0],"[0.04, 0.02]","[0.04, 0.01]","[0.04, 0.01]","[78.0, 51.0, 25.0]","[9.0, 8.0]","[14.0, 6.0, 0.0]","[14.0, 9.0, 4.0]","[41.0, 28.0, 13.0]","[9.0, 6.0, 4.0]","[15.0, 8.0, 5.0]","[13.0, 11.0, 3.0]","[41.0, 26.0, 13.0]",[0.0],[0.0],"[7390.0, 4969.0, 2423.0]",[0.0],[0.0],[0.0],"[5.0, 4.0, 2.0]","[14.46, 9.66, 4.66]","[0.98, 0.34, 0.11]","[0.97, 0.34, 0.11]","[0.96, 0.34, 0.11]","[0.95, 0.34, 0.1]","[12.0, 8.0, 3.0]","[7.0, 5.0, 3.0]","[6.0, 4.0, 0.0]","[25.0, 17.0, 6.0]","[3.0, 2.0, 0.0]",[0.0],[0.0],"[16.0, 13.0, 6.0]","[2.0, 0.0]","[1.0, 0.0]","[0.42, 0.34, 0.11]","[0.36, 0.0]","[0.21, 0.0]","[2.0, 0.0]",[0.0],"[1.0, 0.0]","[24.79, 17.18, 5.93]","[19.0, 13.0, 6.0]","[18.99, 13.14, 5.96]","[0.2, 0.11, 0.04]",[0.0],[0.0],"[1.18, 0.45, 0.15]","[1.15, 0.44, 0.15]","[1.14, 0.44, 0.15]","[47.05, 32.92, 9.6]","[5.25, 4.29, 0.58]","[4.83, 3.88, 0.58]","[5.37, 4.32, 0.6]","[4.95, 3.92, 0.6]","[42.0, 30.0, 9.0]","[24.0, 15.0, 5.0]","[18.0, 11.0, 5.0]","[84.0, 56.0, 19.0]","[6.0, 5.0, 0.0]","[9.0, 8.0, 0.0]","[2.0, 0.0]","[49.0, 31.0, 12.0]","[11.0, 8.0, 2.0]","[6.0, 0.0]","[1.41, 0.76, 0.26]","[1.62, 1.32, 0.32]","[2.21, 2.2, 0.0]","[2.0, 1.0, 0.0]","[1.0, 0.0]","[3.0, 0.0]","[86.26, 55.33, 18.94]","[66.0, 45.0, 14.0]","[67.26, 44.38, 13.84]","[0.74, 0.54, 0.13]","[2.59, 2.55, 0.0]","[2.59, 2.55, 0.0]","[3.39, 2.28, 0.71]","[3.54, 2.32, 0.73]","[3.47, 2.27, 0.72]","[7.61, 5.56, 3.35]","[7.5, 4.97, 2.33]","[107.0, 79.0, 47.0]","[147.0, 91.0, 43.0]",[0.0],[0.0],[0.0],[0.0],[0.0],[0.0]
['8480043'],['2025'],['Timothy Liljegren'],['SJS'],['D'],['all'],"['3', '2', '1']","[3641.0, 2393.0, 1112.0]","[79.0, 51.0, 24.0]","[0.05, -0.48, -1.38]","[0.53, 0.46, 0.38]","[0.55, 0.41, 0.36]","[0.41, 0.35, 0.31]","[0.49, 0.42, 0.4]","[0.4, 0.34, 0.3]","[0.44, 0.38, 0.36]","[10.0, 8.0, 5.0]","[2.0, 1.35]","[0.05, 0.03]","[0.1, 0.06]","[0.46, 0.3]","[0.07, 0.04]","[1.1, 0.66]","[1.23, 0.92]","[0.05, 0.03]","[0.05, 0.03]","[0.05, 0.03]",[0.0],[0.0],"[1.0, 0.0]",[2.0],[2.0],"[5.0, 4.0]",[0.0],[0.0],[0.0],[0.0],[0.0],[0.0],"[2.0, 1.0]",[1.0],"[1.0, 0.0]","[3.0, 2.0]","[1.0, 0.0]","[2.0, 0.0]",[0.0],"[3.0, 1.0]",[0.0],[1.0],"[3.0, 2.0]",[0.0],[0.0],"[0.05, 0.03]",[0.0],[0.0],[0.0],[0.0],[0.0],"[4.99, 3.97]","[3.0, 2.0]","[3.08, 2.04]",[1.0],"[0.02, 0.01]",[0.0],[0.0],"[0.07, 0.04]","[0.07, 0.04]","[0.07, 0.04]","[79.0, 51.0, 24.0]","[4.0, 3.0]","[21.0, 13.0, 7.0]","[11.0, 6.0, 2.0]","[43.0, 28.0, 12.0]","[10.0, 6.0, 5.0]","[17.0, 9.0, 2.0]","[7.0, 4.0, 2.0]","[45.0, 32.0, 15.0]",[0.0],[0.0],"[7289.0, 4937.0, 2572.0]","[2.0, 0.0]",[0.0],[0.0],"[10.0, 6.0, 2.0]","[19.71, 13.55, 7.04]","[2.23, 1.77, 1.19]","[2.23, 1.76, 1.19]","[2.19, 1.76, 1.18]","[2.19, 1.75, 1.18]","[17.0, 13.0, 7.0]","[10.0, 6.0, 3.0]","[13.0, 12.0, 7.0]","[40.0, 31.0, 17.0]","[2.0, 1.0, 0.0]","[1.0, 0.0]","[1.0, 0.0]","[21.0, 15.0, 8.0]","[3.0, 1.0, 0.0]","[3.0, 2.0]","[0.51, 0.35, 0.18]","[0.4, 0.1, 0.0]","[1.32, 1.01]","[1.0, 0.0]",[0.0],"[1.0, 0.0]","[39.41, 30.93, 16.8]","[27.0, 19.0, 10.0]","[26.65, 19.05, 9.97]","[0.24, 0.16, 0.07]","[0.31, 0.0]","[0.31, 0.0]","[2.17, 1.62, 1.26]","[2.12, 1.61, 1.25]","[2.12, 1.61, 1.25]","[44.19, 27.19, 11.25]","[3.61, 2.05, 1.04]","[3.54, 1.99, 1.01]","[3.72, 2.07, 1.05]","[3.64, 2.01, 1.02]","[39.0, 23.0, 11.0]","[23.0, 14.0, 4.0]","[29.0, 21.0, 9.0]","[91.0, 58.0, 24.0]","[5.0, 3.0, 2.0]","[2.0, 1.0]",[0.0],"[50.0, 29.0, 12.0]","[10.0, 7.0, 2.0]","[2.0, 1.0]","[1.33, 0.6, 0.26]","[1.18, 0.87, 0.2]","[1.1, 0.58]","[4.0, 2.0, 1.0]",[0.0],[1.0],"[93.38, 57.44, 24.08]","[62.0, 37.0, 15.0]","[63.54, 36.48, 15.01]","[0.64, 0.41, 0.16]","[0.07, 0.04]","[0.07, 0.04]","[4.18, 2.42, 1.16]","[4.31, 2.43, 1.17]","[4.22, 2.36, 1.14]","[6.36, 4.13, 2.27]","[9.13, 7.2, 1.87]","[92.0, 65.0, 36.0]","[140.0, 89.0, 38.0]",[0.0],[0.0],[0.0],[0.0],[0.0],[0.0]
['8482166'],['2025'],['Shakir Mukhamadullin'],['SJS'],['D'],['all'],['1'],[765.0],[20.0],[1.1],[0.65],[0.48],[0.54],[0.44],[0.52],[0.39],[6.0],[0.65],[0.01],[0.04],[0.15],[0.03],[0.43],[0.33],[0.01],[0.01],[0.01],[0.0],[2.0],[0.0],[1.0],[0.0],[1.0],[2.0],[0.0],[0.0],[0.0],[0.0],[0.0],[1.0],[0.0],[0.0],[1.0],[2.0],[4.0],[0.0],[0.0],[0.0],[1.0],[1.0],[0.0],[0.0],[0.01],[0.0],[0.0],[0.0],[0.0],[0.0],[0.97],[1.0],[0.97],[0.0],[0.01],[0.0],[0.0],[0.02],[0.02],[0.02],[20.0],[2.0],[4.0],[4.0],[10.0],[4.0],[4.0],[3.0],[9.0],[0.0],[0.0],[2919.0],[4.0],[0.0],[0.0],[1.0],[9.46],[1.45],[1.28],[1.43],[1.26],[9.0],[4.0],[2.0],[15.0],[2.0],[4.0],[1.0],[7.0],[3.0],[3.0],[0.2],[0.4],[0.85],[0.0],[1.0],[1.0],[14.94],[13.0],[13.1],[0.14],[1.04],[1.04],[0.55],[0.54],[0.52],[8.84],[0.77],[0.77],[0.81],[0.81],[8.0],[4.0],[1.0],[13.0],[1.0],[0.0],[0.0],[9.0],[3.0],[0.0],[0.34],[0.43],[0.0],[0.0],[1.0],[0.0],[13.19],[12.0],[12.17],[0.14],[0.0],[0.0],[0.91],[0.95],[0.95],[2.01],[2.13],[38.0],[49.0],[0.0],[0.0],[0.0],[0.0],[0.0],[0.0]
['8475200'],['2025'],['Dmitry Orlov'],['SJS'],['D'],['all'],"['3', '2', '1']","[4018.0, 2584.0, 1301.0]","[81.0, 51.0, 26.0]","[2.2, 1.52, 0.97]","[0.63, 0.46, 0.43]","[0.49, 0.39, 0.35]","[0.51, 0.46, 0.42]","[0.43, 0.36, 0.33]","[0.52, 0.44, 0.39]","[0.37, 0.32]","[5.0, 4.0, 2.0]","[3.76, 3.05, 1.41]","[0.17, 0.11, 0.07]","[0.29, 0.24, 0.08]","[0.96, 0.8, 0.37]","[0.15, 0.13, 0.04]","[2.62, 2.2, 0.89]","[1.8, 1.52, 0.54]","[0.17, 0.11, 0.07]","[0.16, 0.11, 0.07]","[0.16, 0.11, 0.07]",[1.0],"[2.0, 0.0]","[5.0, 4.0, 1.0]",[1.0],[1.0],"[7.0, 6.0, 3.0]","[3.0, 1.0]",[0.0],[0.0],[0.0],"[2.0, 1.0]",[0.0],"[1.0, 0.0]","[3.0, 2.0, 1.0]","[5.0, 4.0, 1.0]","[6.0, 5.0, 2.0]","[1.0, 0.0]","[2.0, 0.0]",[0.0],"[7.0, 2.0]","[1.0, 0.0]","[6.0, 4.0, 2.0]","[6.0, 5.0, 2.0]",[0.0],[0.0],"[0.17, 0.11, 0.07]",[0.0],[0.0],[0.0],[0.0],[0.0],"[6.96, 5.99, 2.97]","[6.0, 5.0, 2.0]","[5.99, 5.02, 1.97]","[5.0, 4.0, 2.0]","[0.06, 0.05, 0.02]",[0.0],[0.0],"[0.23, 0.16, 0.09]","[0.22, 0.16, 0.09]","[0.22, 0.16, 0.09]","[81.0, 51.0, 26.0]","[4.0, 3.0, 2.0]","[16.0, 7.0, 4.0]","[14.0, 10.0, 6.0]","[47.0, 31.0, 14.0]","[7.0, 6.0, 4.0]","[17.0, 10.0, 4.0]","[12.0, 9.0, 7.0]","[45.0, 26.0, 11.0]",[0.0],[0.0],"[6912.0, 4746.0, 2383.0]","[2.0, 0.0]",[0.0],[0.0],"[1.0, 0.0]","[26.68, 19.89, 11.82]","[3.16, 2.41, 1.54]","[2.96, 2.23, 1.37]","[3.09, 2.38, 1.52]","[2.9, 2.2, 1.35]","[26.0, 20.0, 11.0]","[11.0, 8.0, 5.0]","[14.0, 8.0, 4.0]","[51.0, 36.0, 20.0]","[4.0, 2.0]","[5.0, 4.0]",[1.0],"[25.0, 19.0, 10.0]","[7.0, 5.0, 3.0]","[5.0, 4.0, 3.0]","[0.89, 0.62, 0.28]","[0.93, 0.66, 0.4]","[1.34, 1.13, 0.85]","[1.0, 0.0]","[2.0, 1.0]",[1.0],"[49.94, 35.88, 19.83]","[37.0, 28.0, 16.0]","[36.56, 28.05, 15.97]","[0.4, 0.31, 0.15]","[1.09, 1.04]","[1.09, 1.04]","[2.47, 1.64, 0.65]","[2.41, 1.61, 0.64]","[2.36, 1.58, 0.62]","[43.5, 25.85, 10.86]","[4.26, 2.89, 0.91]","[4.18, 2.83, 0.91]","[4.41, 2.95, 0.94]","[4.32, 2.89, 0.94]","[37.0, 22.0, 9.0]","[21.0, 13.0, 6.0]","[11.0, 7.0, 4.0]","[69.0, 42.0, 19.0]","[3.0, 2.0, 1.0]","[2.0, 0.0]","[1.0, 0.0]","[44.0, 24.0, 11.0]","[11.0, 10.0, 4.0]","[3.0, 1.0, 0.0]","[1.13, 0.6, 0.39]","[1.56, 1.46, 0.52]","[1.57, 0.83, 0.0]","[1.0, 0.0]",[1.0],"[1.0, 0.0]","[71.06, 42.05, 19.11]","[58.0, 35.0, 15.0]","[59.6, 34.93, 15.06]","[0.61, 0.42, 0.18]","[0.99, 0.0]","[0.99, 0.0]","[3.88, 2.31, 1.09]","[4.04, 2.38, 1.13]","[3.99, 2.36, 1.13]","[5.43, 3.48, 1.92]","[8.48, 6.37, 2.0]","[81.0, 60.0, 33.0]","[162.0, 105.0, 43.0]",[0.0],[0.0],[0.0],[0.0],[0.0],[0.0]
['8478463'],['2025'],['Anthony Beauvillier'],['WSH'],['L'],['all'],"['4', '3', '2', '1']","[3332.0, 2330.0, 1446.0, 794.0]","[76.0, 52.0, 32.0, 17.0]","[1.61, 1.17, 0.12, -0.03]","[0.63, 0.61, 0.59, 0.58]","[0.58, 0.57, 0.55, 0.53]","[0.52, 0.47, 0.46, 0.45]","[0.64, 0.57, 0.54, 0.52]","[0.52, 0.46, 0.44, 0.39]","[0.62, 0.54, 0.5, 0.48]","[30.0, 25.0, 17.0, 7.0]","[10.68, 9.8, 5.38, 2.43]","[1.55, 1.28, 0.78, 0.22]","[0.7, 0.62, 0.3, 0.14]","[2.6, 2.35, 1.23, 0.65]","[0.35, 0.32, 0.17, 0.07]","[5.16, 4.91, 2.61, 1.14]","[3.64, 3.52, 1.91, 0.79]","[1.33, 1.16, 0.76, 0.21]","[1.61, 1.36, 0.83, 0.21]","[1.39, 1.23, 0.8, 0.2]",[0.0],[0.0],"[9.0, 5.0, 1.0]","[5.0, 4.0, 2.0]","[1.0, 0.0]","[15.0, 14.0, 7.0, 3.0]","[1.0, 0.0]","[1.0, 0.0]","[1.0, 0.0]",[0.0],"[3.0, 2.0, 0.0]",[0.0],"[5.0, 4.0, 2.0]","[4.0, 2.0, 1.0]","[8.0, 5.0, 1.0]","[13.0, 12.0, 7.0, 3.0]","[1.0, 0.0]","[2.0, 0.0]",[0.0],"[7.0, 5.0, 2.0, 1.0]","[2.0, 1.0, 0.0]","[2.0, 1.0]","[7.0, 3.0, 2.0]","[4.0, 3.0, 1.0]","[3.0, 2.0, 1.0, 0.0]","[0.21, 0.07, 0.04]","[0.54, 0.38, 0.18]","[0.8, 0.53, 0.33, 0.0]","[1.0, 0.0]",[0.0],[0.0],"[15.72, 14.81, 7.37, 2.85]","[14.0, 13.0, 7.0, 3.0]","[14.59, 13.68, 7.35, 2.86]",[0.0],"[0.15, 0.13, 0.06, 0.03]","[0.33, 0.0]","[0.8, 0.53, 0.33, 0.0]","[0.9, 0.88, 0.52, 0.25]","[0.93, 0.92, 0.54, 0.24]","[0.9, 0.89, 0.52, 0.22]","[76.0, 52.0, 32.0, 17.0]","[8.0, 1.0, 0.0]","[10.0, 9.0, 5.0, 3.0]","[12.0, 5.0, 4.0, 2.0]","[46.0, 37.0, 23.0, 12.0]","[12.0, 9.0, 6.0, 3.0]","[13.0, 10.0, 7.0, 3.0]","[5.0, 3.0, 1.0, 0.0]","[46.0, 30.0, 18.0, 11.0]",[0.0],"[1.0, 0.0]","[11147.0, 8470.0, 5754.0, 2806.0]","[2.0, 0.0]",[0.0],[0.0],[0.0],"[31.22, 21.57, 13.44, 6.96]","[3.61, 2.65, 1.63, 0.83]","[3.29, 2.48, 1.56, 0.77]","[3.66, 2.77, 1.67, 0.78]","[3.35, 2.59, 1.59, 0.73]","[23.0, 17.0, 10.0, 4.0]","[20.0, 12.0, 8.0, 5.0]","[14.0, 11.0, 7.0, 4.0]","[57.0, 40.0, 25.0, 13.0]","[1.0, 0.0]","[6.0, 3.0, 2.0, 1.0]",[0.0],"[28.0, 17.0, 9.0, 5.0]","[9.0, 8.0, 7.0, 3.0]","[6.0, 4.0, 2.0, 1.0]","[0.7, 0.39, 0.22, 0.15]","[1.05, 0.97, 0.81, 0.39]","[1.85, 1.29, 0.61, 0.28]","[1.0, 0.0]",[0.0],[0.0],"[57.84, 42.01, 26.04, 12.28]","[43.0, 29.0, 18.0, 9.0]","[43.62, 30.51, 18.76, 8.52]","[0.38, 0.27, 0.16, 0.09]","[1.41, 0.81, 0.61, 0.28]","[1.41, 0.81, 0.61, 0.28]","[2.58, 2.1, 1.19, 0.64]","[2.65, 2.21, 1.22, 0.6]","[2.57, 2.16, 1.18, 0.58]","[27.72, 23.39, 15.65, 10.1]","[2.15, 1.67, 1.17, 0.57]","[2.11, 1.63, 1.14, 0.56]","[2.15, 1.62, 1.15, 0.61]","[2.11, 1.59, 1.12, 0.59]","[21.0, 17.0, 9.0, 5.0]","[19.0, 17.0, 14.0, 9.0]","[13.0, 11.0, 7.0, 1.0]","[53.0, 45.0, 30.0, 15.0]",[0.0],"[3.0, 2.0]",[0.0],"[34.0, 30.0, 20.0, 14.0]","[4.0, 3.0, 2.0, 0.0]","[2.0, 1.0, 0.0]","[1.23, 1.07, 0.76, 0.57]","[0.46, 0.37, 0.19, 0.0]","[0.46, 0.22, 0.0]",[0.0],[0.0],[0.0],"[52.24, 43.55, 29.44, 16.05]","[40.0, 34.0, 23.0, 14.0]","[39.77, 33.3, 22.95, 14.92]","[0.35, 0.3, 0.2, 0.12]","[0.14, 0.11]","[0.14, 0.11]","[2.36, 1.85, 1.26, 0.57]","[2.35, 1.79, 1.24, 0.61]","[2.31, 1.76, 1.21, 0.6]","[12.0, 9.13, 6.97, 3.5]","[9.96, 8.1, 5.26, 2.49]","[209.0, 162.0, 125.0, 68.0]","[180.0, 150.0, 94.0, 38.0]",[0.0],[0.0],[0.0],[0.0],[0.0],[0.0]
['8475343'],['2025'],['Nic Dowd'],['WSH'],['C'],['all'],"['4', '3', '2', '1']","[3576.0, 2577.0, 1604.0, 742.0]","[85.0, 61.0, 38.0, 17.0]","[0.82, 0.79, 0.53, 0.27]","[0.51, 0.44, 0.42, 0.36]","[0.64, 0.61, 0.59, 0.56]","[0.52, 0.5, 0.46, 0.41]","[0.62, 0.56, 0.52]","[0.44, 0.43, 0.37]","[0.59, 0.54, 0.49]","[25.0, 19.0, 16.0, 9.0]","[3.71, 3.7, 2.82, 2.02]","[0.41, 0.4, 0.28]","[0.2, 0.19, 0.14]","[0.74, 0.73, 0.56, 0.44]","[0.11, 0.09, 0.07]","[1.87, 1.85, 1.56, 1.18]","[1.69, 1.68, 1.2, 0.89]","[0.41, 0.4, 0.28]","[0.4, 0.39, 0.26]","[0.4, 0.39, 0.26]",[0.0],[0.0],"[5.0, 4.0, 3.0]",[0.0],"[1.0, 0.0]","[6.0, 5.0, 3.0]",[0.0],[0.0],[1.0],[0.0],"[2.0, 1.0]",[0.0],"[1.0, 0.0]",[1.0],"[5.0, 4.0, 3.0]","[5.0, 4.0, 3.0]",[0.0],[0.0],"[28.0, 21.0, 16.0, 7.0]","[12.0, 10.0, 5.0]","[1.0, 0.0]","[4.0, 2.0, 1.0]","[2.0, 1.0]","[3.0, 2.0]",[0.0],"[0.06, 0.05]","[0.35, 0.24]",[0.0],[0.0],[0.0],[0.0],"[5.99, 4.95, 2.8]","[5.0, 4.0, 3.0]","[4.98, 3.95, 2.8]","[1.0, 0.0]","[0.04, 0.03]",[0.21],[0.0],"[0.45, 0.44, 0.31]","[0.44, 0.43, 0.29]","[0.44, 0.43, 0.29]","[85.0, 61.0, 38.0, 17.0]",[0.0],"[25.0, 18.0, 13.0, 7.0]","[15.0, 11.0, 9.0, 2.0]","[45.0, 32.0, 16.0, 8.0]","[16.0, 14.0, 9.0, 5.0]","[6.0, 5.0, 3.0, 0.0]","[11.0, 6.0, 5.0, 2.0]","[52.0, 36.0, 21.0, 10.0]","[28.0, 21.0, 16.0, 7.0]","[28.0, 20.0, 14.0, 7.0]","[10903.0, 8223.0, 5596.0, 2858.0]",[0.0],"[4.0, 2.0]","[2.0, 1.0]","[1.0, 0.0]","[18.59, 16.97, 10.92, 5.83]","[2.52, 2.5, 1.17, 0.55]","[2.46, 2.43, 1.11, 0.52]","[2.58, 2.56, 1.2, 0.51]","[2.51, 2.49, 1.15, 0.48]","[19.0, 17.0, 12.0, 8.0]","[7.0, 3.0, 0.0]","[17.0, 15.0, 10.0, 4.0]","[43.0, 39.0, 25.0, 12.0]",[0.0],"[2.0, 1.0]",[0.0],"[15.0, 13.0, 8.0, 5.0]","[8.0, 6.0, 2.0]","[3.0, 1.0]","[0.23, 0.2, 0.14, 0.1]","[1.09, 1.08, 0.82, 0.24]","[1.21, 0.21]",[0.0],[0.0],[0.0],"[44.56, 40.79, 26.12, 11.26]","[26.0, 24.0, 15.0, 8.0]","[26.78, 24.89, 15.54, 7.55]","[0.21, 0.2, 0.13, 0.06]","[0.33, 0.21]","[0.33, 0.21]","[2.41, 2.37, 1.09, 0.4]","[2.48, 2.45, 1.15, 0.37]","[2.44, 2.4, 1.12, 0.37]","[33.11, 23.61, 14.94, 7.27]","[3.2, 2.43, 1.59, 0.97]","[3.08, 2.35, 1.53, 0.93]","[3.23, 2.4, 1.59, 0.98]","[3.1, 2.32, 1.53, 0.94]","[27.0, 19.0, 12.0, 3.0]","[18.0, 13.0, 8.0, 7.0]","[16.0, 14.0, 5.0, 1.0]","[61.0, 46.0, 25.0, 11.0]","[3.0, 2.0, 1.0]","[3.0, 2.0, 0.0]",[0.0],"[34.0, 24.0, 17.0, 9.0]","[8.0, 5.0, 1.0, 0.0]","[3.0, 2.0, 1.0]","[1.03, 0.66, 0.49, 0.25]","[0.96, 0.56, 0.12, 0.0]","[1.21, 0.99, 0.72]","[1.0, 0.0]","[1.0, 0.0]",[1.0],"[60.55, 44.74, 24.44, 11.5]","[45.0, 32.0, 20.0, 10.0]","[44.96, 31.25, 19.73, 10.38]","[0.47, 0.34, 0.21, 0.09]","[0.47, 0.3, 0.0]","[0.47, 0.3, 0.0]","[3.2, 2.47, 1.5, 1.06]","[3.23, 2.44, 1.51, 1.08]","[3.11, 2.37, 1.46, 1.03]","[13.08, 9.28, 7.43, 3.78]","[8.91, 7.34, 4.83, 2.08]","[223.0, 163.0, 125.0, 69.0]","[172.0, 149.0, 99.0, 42.0]",[0.0],[0.0],[0.0],[0.0],[0.0],[0.0]
['8479400'],['2025'],['Pierre-Luc Dubois'],['WSH'],['L'],['all'],"['3', '2', '1']","[3127.0, 2195.0, 1085.0]","[64.0, 46.0, 24.0]","[0.95, 0.27, -0.13]","[0.54, 0.49, 0.38]","[0.63, 0.61, 0.58]","[0.53, 0.51, 0.45]","[0.65, 0.55, 0.53]","[0.55, 0.54, 0.43]","[0.57, 0.51, 0.5]","[12.0, 8.0, 5.0]","[4.86, 3.98, 0.79]","[0.25, 0.21, 0.02]","[0.34, 0.3, 0.03]","[1.78, 1.34, 0.22]","[0.22, 0.19, 0.02]","[2.59, 2.35, 0.4]","[1.82, 1.61, 0.31]","[0.23, 0.19, 0.02]","[0.27, 0.23, 0.02]","[0.25, 0.2, 0.02]",[0.0],[0.0],"[5.0, 1.0]","[2.0, 1.0, 0.0]","[1.0, 0.0]","[8.0, 7.0, 1.0]",[0.0],[0.0],[0.0],[0.0],"[1.0, 0.0]",[0.0],"[3.0, 0.0]","[3.0, 2.0, 1.0]","[5.0, 1.0]","[7.0, 6.0, 1.0]",[0.0],[0.0],"[15.0, 12.0, 3.0]","[2.0, 1.0]",[0.0],[1.0],"[6.0, 5.0, 1.0]","[1.0, 0.0]",[0.0],"[0.16, 0.11, 0.02]","[0.09, 0.0]",[0.0],[0.0],[0.0],[0.0],"[8.62, 7.59, 0.92]","[7.0, 6.0, 1.0]","[7.45, 6.42, 0.92]",[0.0],"[0.07, 0.01]",[0.0],"[0.01, 0.0]","[0.32, 0.26, 0.03]","[0.34, 0.29, 0.03]","[0.32, 0.26, 0.03]","[64.0, 46.0, 24.0]","[11.0, 9.0, 5.0]","[12.0, 7.0, 2.0]","[8.0, 4.0, 3.0]","[33.0, 26.0, 14.0]","[12.0, 10.0, 6.0]","[7.0, 6.0, 5.0]","[12.0, 11.0, 7.0]","[33.0, 19.0, 6.0]","[15.0, 12.0, 3.0]","[26.0, 15.0, 8.0]","[7673.0, 5005.0, 2515.0]",[0.0],"[2.0, 0.0]","[1.0, 0.0]","[1.0, 0.0]","[26.16, 26.09, 22.27, 12.02]","[2.23, 2.21, 2.08, 1.15]","[2.13, 2.11, 1.98, 1.1]","[2.31, 2.29, 2.16, 1.12]","[2.21, 2.19, 2.06, 1.07]","[24.0, 22.0, 10.0]","[11.0, 8.0, 6.0]","[15.0, 12.0, 5.0]","[50.0, 42.0, 21.0]","[3.0, 1.0]","[3.0, 2.0]",[0.0],"[27.0, 26.0, 22.0, 12.0]","[6.0, 5.0, 3.0]","[3.0, 1.0]","[0.92, 0.84, 0.79, 0.48]","[0.7, 0.6, 0.43]","[0.69, 0.24]","[1.0, 0.0]","[2.0, 1.0]",[0.0],"[52.32, 43.89, 20.06]","[35.0, 30.0, 16.0]","[36.28, 31.09, 15.41]","[0.4, 0.36, 0.2]","[0.35, 0.34]","[0.35, 0.34]","[2.28, 2.26, 2.09, 1.01]","[2.39, 2.37, 2.2, 0.99]","[2.3, 2.28, 2.1, 0.96]","[34.39, 34.38, 19.22, 9.91]","[3.58, 1.76, 1.22]","[3.33, 1.74, 1.22]","[3.5, 1.75, 1.25]","[3.25, 1.74, 1.25]","[34.0, 22.0, 10.0]","[13.0, 4.0, 3.0]","[14.0, 11.0, 7.0]","[61.0, 37.0, 20.0]",[2.0],"[5.0, 2.0, 1.0]",[0.0],"[36.0, 22.0, 11.0]","[7.0, 2.0, 0.0]","[4.0, 2.0]","[0.93, 0.48, 0.2]","[0.99, 0.25, 0.0]","[1.66, 1.02]",[1.0],[0.0],[1.0],"[60.14, 36.97, 21.08]","[47.0, 26.0, 13.0]","[46.14, 25.88, 13.72]","[0.47, 0.25, 0.09]","[1.31, 0.48, 0.31]","[1.34, 0.48, 0.31]","[2.71, 1.52, 1.0]","[2.65, 1.52, 1.02]","[2.55, 1.52, 1.02]","[9.57, 9.56, 6.52, 3.18]","[6.2, 6.19, 4.67, 1.84]","[152.0, 108.0, 60.0]","[135.0, 134.0, 87.0, 33.0]",[0.0],[0.0],[0.0],[0.0],[0.0],[0.0]
['8479520'],['2025'],['Brandon Duhaime'],['WSH'],['R'],['all'],"['4', '3', '2', '1']","[3116.0, 2268.0, 1442.0, 612.0]","[82.0, 58.0, 36.0, 16.0]","[0.63, 0.56, 0.43, 0.28]","[0.41, 0.37, 0.28]","[0.67, 0.64, 0.62, 0.59]","[0.55, 0.44, 0.43, 0.41]","[0.61, 0.57, 0.56, 0.53]","[0.47, 0.39, 0.38, 0.35]","[0.59, 0.55, 0.5]","[36.0, 29.0, 20.0, 12.0]","[2.33, 1.58, 0.88]","[0.08, 0.04, 0.01]","[0.1, 0.05, 0.01]","[0.43, 0.32, 0.16]","[0.08, 0.06, 0.04]","[1.16, 0.7, 0.25]","[1.16, 0.84, 0.53]","[0.08, 0.04, 0.01]","[0.08, 0.03, 0.01]","[0.08, 0.03, 0.01]",[0.0],[0.0],"[2.0, 1.0]","[1.0, 0.0]","[2.0, 1.0, 0.0]","[5.0, 3.0, 2.0, 1.0]",[0.0],[0.0],[0.0],[0.0],[0.0],[0.0],[0.0],"[3.0, 2.0, 1.0]","[2.0, 1.0]","[3.0, 2.0, 1.0]",[0.0],[0.0],[1.0],"[15.0, 13.0, 9.0, 3.0]",[0.0],[0.0],"[3.0, 2.0, 1.0]",[0.0],[0.0],"[0.08, 0.04, 0.01]",[0.0],[0.0],[0.0],[0.0],[0.0],"[5.05, 3.22, 2.18, 0.97]","[3.0, 2.0, 1.0]","[2.92, 2.0, 0.97]",[0.0],"[0.02, 0.01, 0.0]",[0.0],[0.0],"[0.1, 0.04, 0.01]","[0.1, 0.04, 0.01]","[0.1, 0.04, 0.01]","[82.0, 58.0, 36.0, 16.0]","[1.0, 0.0]","[22.0, 15.0, 10.0, 5.0]","[13.0, 10.0, 8.0, 2.0]","[46.0, 32.0, 17.0, 9.0]","[15.0, 10.0, 6.0, 4.0]","[6.0, 5.0, 2.0, 0.0]","[9.0, 5.0, 4.0, 1.0]","[52.0, 38.0, 24.0, 11.0]",[1.0],"[3.0, 2.0, 0.0]","[11363.0, 8532.0, 5758.0, 2988.0]",[0.0],[2.0],[1.0],"[3.0, 1.0, 0.0]","[18.11, 15.66, 11.07, 5.83]","[2.42, 2.24, 1.04, 0.55]","[2.36, 2.17, 0.99, 0.52]","[2.43, 2.26, 1.06, 0.51]","[2.37, 2.2, 1.0, 0.48]","[17.0, 15.0, 12.0, 8.0]","[8.0, 7.0, 3.0, 0.0]","[15.0, 11.0, 7.0, 3.0]","[40.0, 33.0, 22.0, 11.0]",[0.0],[1.0],[0.0],"[15.0, 13.0, 9.0, 5.0]","[7.0, 6.0, 5.0, 2.0]","[3.0, 1.0]","[0.29, 0.24, 0.19, 0.1]","[0.92, 0.79, 0.64, 0.24]","[1.21, 0.21]",[0.0],[0.0],[0.0],"[40.93, 34.47, 23.04, 10.34]","[25.0, 22.0, 15.0, 8.0]","[25.43, 22.68, 15.53, 7.55]","[0.2, 0.18, 0.13, 0.06]",[0.21],[0.21],"[2.42, 2.21, 0.96, 0.4]","[2.45, 2.26, 1.0, 0.37]","[2.41, 2.21, 0.97, 0.37]","[35.03, 25.9, 18.71, 6.58]","[4.06, 3.28, 2.63, 0.95]","[3.58, 2.84, 2.22, 0.91]","[4.1, 3.26, 2.63, 0.96]","[3.62, 2.82, 2.22, 0.92]","[29.0, 21.0, 16.0, 3.0]","[17.0, 13.0, 8.0, 6.0]","[12.0, 10.0, 4.0, 0.0]","[58.0, 44.0, 28.0, 9.0]","[4.0, 3.0, 1.0]","[6.0, 5.0, 0.0]",[0.0],"[31.0, 22.0, 16.0, 8.0]","[9.0, 6.0, 3.0, 0.0]","[6.0, 5.0, 1.0]","[0.96, 0.6, 0.47, 0.23]","[1.06, 0.64, 0.35, 0.0]","[2.04, 1.82, 0.72]","[1.0, 0.0]","[1.0, 0.0]","[2.0, 1.0]","[57.6, 42.83, 27.35, 9.29]","[46.0, 34.0, 24.0, 9.0]","[45.89, 33.2, 23.63, 9.28]","[0.59, 0.47, 0.36, 0.09]","[1.2, 1.03, 0.0]","[1.2, 1.03, 0.0]","[3.45, 2.71, 1.96, 1.04]","[3.49, 2.69, 1.96, 1.05]","[3.18, 2.42, 1.72, 1.0]","[13.18, 9.53, 7.56, 3.78]","[8.05, 6.49, 3.79, 2.1]","[226.0, 169.0, 128.0, 70.0]","[175.0, 151.0, 96.0, 44.0]",[0.0],[0.0],[0.0],[0.0],[0.0],[0.0]
['8482148'],['2025'],['Hendrix Lapierre'],['WSH'],['C'],['all'],"['3', '2', '1']","[1701.0, 1205.0, 656.0]","[37.0, 25.0, 14.0]","[0.07, -0.16, -0.36]","[0.64, 0.59, 0.55]","[0.59, 0.58, 0.57]","[0.55, 0.48, 0.42]","[0.62, 0.59, 0.57]","[0.47, 0.43]","[0.59, 0.56, 0.54]","[35.0, 23.0, 11.0]","[2.88, 2.13]","[0.29, 0.27]","[0.22, 0.18]","[0.65, 0.5]","[0.11, 0.09]","[1.6, 1.18]","[1.13, 0.77]","[0.28, 0.27]","[0.27, 0.26]","[0.27, 0.25]",[0.0],[0.0],[0.0],"[4.0, 3.0]",[0.0],"[4.0, 3.0]",[0.0],[0.0],[1.0],[0.0],[0.0],[0.0],"[3.0, 2.0]",[0.0],[0.0],"[4.0, 3.0]",[0.0],[0.0],"[4.0, 1.0]","[5.0, 4.0]",[0.0],[2.0],"[2.0, 1.0]",[2.0],[0.0],"[0.08, 0.06]",[0.21],[0.0],[0.0],[0.0],[0.0],"[4.01, 2.85]","[4.0, 3.0]","[4.0, 2.86]",[0.0],"[0.05, 0.04]",[0.28],[0.0],"[0.33, 0.31]","[0.32, 0.29]","[0.31, 0.29]","[37.0, 25.0, 14.0]","[1.0, 0.0]","[5.0, 4.0, 3.0]","[6.0, 2.0, 1.0]","[25.0, 19.0, 10.0]","[7.0, 4.0, 3.0]","[7.0, 5.0, 1.0]",[0.0],"[23.0, 16.0, 10.0]","[4.0, 1.0]","[10.0, 7.0, 4.0]","[9178.0, 5995.0, 2944.0]",[0.0],[0.0],[0.0],"[1.0, 0.0]","[18.25, 11.35, 6.96]","[2.1, 1.43, 0.83]","[2.03, 1.36, 0.77]","[2.07, 1.44, 0.78]","[2.0, 1.38, 0.73]","[11.0, 8.0, 4.0]","[13.0, 7.0, 5.0]","[7.0, 4.0, 3.0]","[31.0, 19.0, 12.0]",[0.0],"[4.0, 2.0, 1.0]",[0.0],"[15.0, 8.0, 5.0]","[6.0, 5.0, 3.0]","[3.0, 2.0, 1.0]","[0.42, 0.21, 0.15]","[0.74, 0.61, 0.39]","[0.94, 0.61, 0.28]",[0.0],[0.0],[0.0],"[30.55, 19.35, 11.37]","[24.0, 15.0, 9.0]","[23.68, 15.32, 8.52]","[0.21, 0.14, 0.09]","[0.96, 0.61, 0.28]","[0.96, 0.61, 0.28]","[1.35, 0.96, 0.64]","[1.32, 0.96, 0.6]","[1.29, 0.94, 0.58]","[18.77, 13.44, 7.33]","[1.48, 1.17, 0.46]","[1.45, 1.14, 0.45]","[1.47, 1.14, 0.49]","[1.44, 1.1, 0.48]","[11.0, 7.0, 3.0]","[16.0, 13.0, 7.0]","[7.0, 6.0, 0.0]","[34.0, 26.0, 10.0]",[0.0],[2.0],[0.0],"[22.0, 16.0, 10.0]","[4.0, 3.0, 0.0]","[1.0, 0.0]","[0.84, 0.65, 0.46]","[0.41, 0.3, 0.0]","[0.22, 0.0]",[0.0],[0.0],[0.0],"[33.56, 24.95, 10.68]","[27.0, 20.0, 10.0]","[27.07, 19.58, 10.65]","[0.23, 0.19, 0.09]",[0.11],[0.11],"[1.6, 1.25, 0.44]","[1.59, 1.2, 0.47]","[1.56, 1.17, 0.46]","[10.34, 7.17, 3.5]","[7.29, 5.26, 2.6]","[183.0, 131.0, 69.0]","[128.0, 98.0, 43.0]",[0.0],[0.0],[0.0],[0.0],[0.0],[0.0]
['8484186'],['2025'],['Ryan Leonard'],['WSH'],['R'],['all'],"['4', '3', '2', '1']","[2763.0, 2128.0, 1394.0, 793.0]","[57.0, 43.0, 29.0, 16.0]","[1.18, 1.15, 1.08, 0.28]","[0.72, 0.68, 0.65, 0.64]","[0.55, 0.52]","[0.59, 0.54, 0.52, 0.51]","[0.61, 0.55, 0.54, 0.5]","[0.57, 0.56, 0.54, 0.51]","[0.57, 0.51, 0.46]","[40.0, 29.0, 19.0, 8.0]","[9.37, 6.17, 4.49, 2.28]","[1.53, 1.1, 0.61, 0.38]","[0.58, 0.43, 0.34, 0.2]","[2.05, 1.22, 0.94, 0.48]","[0.27, 0.17, 0.14, 0.08]","[4.45, 3.08, 2.44, 1.22]","[3.12, 1.99, 1.53, 0.65]","[1.49, 1.06, 0.58, 0.35]","[1.57, 1.16, 0.63, 0.36]","[1.53, 1.13, 0.59, 0.34]",[0.0],[0.0],"[8.0, 7.0, 5.0, 3.0]","[4.0, 1.0, 0.0]","[6.0, 5.0, 3.0]","[18.0, 13.0, 11.0, 6.0]","[1.0, 0.0]","[1.0, 0.0]","[2.0, 1.0, 0.0]",[0.0],[1.0],[0.0],"[3.0, 1.0]","[5.0, 2.0, 1.0]","[7.0, 6.0, 4.0, 3.0]","[11.0, 7.0, 5.0, 3.0]","[1.0, 0.0]","[2.0, 0.0]",[0.0],"[5.0, 4.0, 1.0]","[2.0, 1.0, 0.0]","[2.0, 1.0, 0.0]","[6.0, 3.0, 2.0, 1.0]","[3.0, 1.0]","[3.0, 2.0, 1.0]","[0.17, 0.07, 0.06, 0.03]","[0.33, 0.12]","[1.03, 0.7, 0.23]","[1.0, 0.0]",[0.0],[0.0],"[18.13, 13.44, 11.24, 5.71]","[12.0, 8.0, 6.0, 3.0]","[12.4, 8.63, 6.42, 2.97]","[1.0, 0.0]","[0.12, 0.09, 0.07, 0.04]","[0.54, 0.2, 0.0]","[0.56, 0.23]","[1.09, 0.97, 0.46, 0.19]","[1.16, 1.04, 0.49, 0.19]","[1.12, 1.0, 0.45, 0.16]","[57.0, 43.0, 29.0, 16.0]","[5.0, 4.0, 3.0]","[8.0, 5.0, 2.0]","[8.0, 5.0, 3.0, 2.0]","[36.0, 28.0, 20.0, 9.0]","[10.0, 9.0, 7.0, 4.0]","[10.0, 8.0, 7.0, 3.0]","[2.0, 1.0, 0.0]","[35.0, 24.0, 14.0, 9.0]",[0.0],[0.0],"[11716.0, 8672.0, 5806.0, 2807.0]","[2.0, 0.0]","[4.0, 2.0]","[2.0, 1.0]",[0.0],"[30.07, 23.99, 17.8, 9.29]","[3.32, 2.78, 1.84, 1.04]","[3.13, 2.6, 1.75, 0.98]","[3.42, 2.91, 1.89, 1.01]","[3.22, 2.71, 1.8, 0.95]","[25.0, 23.0, 18.0, 10.0]","[15.0, 9.0, 6.0, 3.0]","[14.0, 11.0, 9.0, 7.0]","[54.0, 43.0, 33.0, 20.0]","[1.0, 0.0]","[6.0, 4.0, 3.0, 1.0]",[0.0],"[27.0, 20.0, 15.0, 8.0]","[8.0, 7.0, 4.0]","[5.0, 4.0, 2.0, 1.0]","[0.75, 0.54, 0.43, 0.28]","[1.01, 0.85, 0.53]","[1.56, 1.23, 0.55, 0.23]","[1.0, 0.0]",[0.0],[0.0],"[54.42, 44.19, 33.66, 19.25]","[40.0, 32.0, 24.0, 13.0]","[40.78, 33.34, 24.89, 12.63]","[0.49, 0.43, 0.34, 0.17]","[1.15, 0.79, 0.58, 0.23]","[1.15, 0.79, 0.58, 0.23]","[2.65, 2.42, 1.59, 0.98]","[2.74, 2.52, 1.63, 0.96]","[2.63, 2.41, 1.53, 0.89]","[26.95, 18.79, 12.81, 7.27]","[1.85, 1.32, 1.0, 0.4]","[1.82, 1.29, 0.97, 0.39]","[1.85, 1.27, 0.97, 0.43]","[1.82, 1.24, 0.95, 0.42]","[17.0, 12.0, 6.0, 2.0]","[21.0, 15.0, 13.0, 8.0]","[14.0, 12.0, 9.0, 4.0]","[52.0, 39.0, 28.0, 14.0]",[0.0],"[2.0, 1.0]",[0.0],"[32.0, 23.0, 16.0, 10.0]","[5.0, 3.0, 2.0, 0.0]","[1.0, 0.0]","[1.05, 0.72, 0.59, 0.4]","[0.57, 0.37, 0.19, 0.0]","[0.22, 0.0]",[0.0],[0.0],[0.0],"[51.8, 37.82, 27.43, 14.95]","[38.0, 27.0, 19.0, 10.0]","[38.06, 26.24, 18.69, 10.65]","[0.32, 0.24, 0.17, 0.09]","[0.06, 0.03]","[0.06, 0.03]","[2.12, 1.52, 1.14, 0.45]","[2.11, 1.47, 1.11, 0.48]","[2.08, 1.44, 1.08, 0.48]","[12.29, 8.99, 6.76, 3.29]","[10.26, 8.45, 5.43, 2.66]","[212.0, 159.0, 117.0, 61.0]","[181.0, 156.0, 96.0, 39.0]",[0.0],[0.0],[0.0],[0.0],[0.0],[0.0]
['8481580'],['2025'],['Connor McMichael'],['WSH'],['C'],['all'],"['4', '3', '2', '1']","[3641.0, 2828.0, 1896.0, 935.0]","[86.0, 65.0, 42.0, 22.0]","[2.5, 1.02, 0.8, 0.36]","[0.79, 0.77, 0.76, 0.75]","[0.5, 0.47]","[0.74, 0.64, 0.63, 0.62]","[0.54, 0.51, 0.5, 0.47]","[0.75, 0.62, 0.61, 0.6]","[0.49, 0.48, 0.47, 0.44]","[25.0, 17.0, 12.0, 6.0]","[8.95, 7.66, 6.74, 4.28]","[0.99, 0.79, 0.77, 0.28]","[0.81, 0.72, 0.71, 0.37]","[2.32, 2.12, 1.95, 1.21]","[0.36, 0.33, 0.3, 0.17]","[4.3, 3.39, 3.15, 2.55]","[3.22, 2.66, 2.12, 1.43]","[0.98, 0.78, 0.76, 0.27]","[0.97, 0.78, 0.76, 0.27]","[0.96, 0.77, 0.75, 0.26]","[1.0, 0.0]",[0.0],"[8.0, 6.0, 5.0, 3.0]","[4.0, 3.0]","[6.0, 5.0, 4.0, 2.0]","[18.0, 15.0, 13.0, 8.0]","[1.0, 0.0]",[0.0],"[1.0, 0.0]",[0.0],"[2.0, 1.0]",[0.0],"[7.0, 6.0, 5.0]","[2.0, 1.0, 0.0]","[8.0, 6.0, 5.0, 3.0]","[12.0, 10.0, 9.0, 6.0]",[0.0],[0.0],"[12.0, 9.0, 5.0]","[2.0, 1.0]","[2.0, 1.0, 0.0]","[1.0, 0.0]","[9.0, 8.0, 6.0]","[2.0, 0.0]","[1.0, 0.0]","[0.36, 0.34, 0.31, 0.28]","[0.25, 0.0]","[0.43, 0.0]",[0.0],[0.0],[0.0],"[17.76, 14.85, 12.78, 7.63]","[12.0, 10.0, 9.0, 6.0]","[11.69, 9.75, 8.72, 5.72]",[0.0],"[0.21, 0.2, 0.19, 0.09]","[0.03, 0.0]","[0.03, 0.0]","[1.17, 0.95, 0.93, 0.36]","[1.15, 0.94, 0.92, 0.35]","[1.13, 0.93, 0.9, 0.34]","[86.0, 65.0, 42.0, 22.0]","[15.0, 14.0, 12.0, 7.0]","[6.0, 2.0, 1.0]","[8.0, 7.0, 5.0, 1.0]","[57.0, 38.0, 23.0, 13.0]","[9.0, 6.0, 3.0]","[18.0, 14.0, 9.0, 4.0]","[12.0, 7.0, 4.0, 1.0]","[47.0, 38.0, 26.0, 14.0]","[12.0, 9.0, 5.0]","[12.0, 7.0, 2.0, 1.0]","[10838.0, 7972.0, 5304.0, 2665.0]",[0.0],[0.0],[0.0],"[2.0, 1.0, 0.0]","[40.72, 31.31, 23.37, 14.79]","[4.89, 4.23, 3.26, 1.67]","[4.67, 4.01, 3.14, 1.56]","[4.94, 4.31, 3.26, 1.62]","[4.71, 4.08, 3.14, 1.51]","[39.0, 27.0, 20.0, 14.0]","[17.0, 16.0, 13.0, 7.0]","[30.0, 26.0, 22.0, 11.0]","[86.0, 69.0, 55.0, 32.0]","[3.0, 2.0, 0.0]","[5.0, 4.0, 3.0, 2.0]",[0.0],"[39.0, 29.0, 22.0, 15.0]","[11.0, 8.0, 7.0, 4.0]","[6.0, 4.0, 2.0]","[1.27, 1.0, 0.86, 0.64]","[1.47, 1.08, 0.92, 0.59]","[2.15, 1.47, 0.44]","[2.0, 1.0, 0.0]","[1.0, 0.0]",[0.0],"[86.83, 70.78, 56.11, 30.91]","[56.0, 43.0, 33.0, 21.0]","[56.19, 43.89, 33.4, 20.38]","[0.72, 0.6, 0.49, 0.3]","[0.71, 0.68, 0.47, 0.44]","[0.71, 0.68, 0.47, 0.44]","[4.91, 4.15, 3.27, 1.53]","[4.96, 4.25, 3.3, 1.5]","[4.83, 4.13, 3.2, 1.39]","[25.56, 21.55, 15.59, 5.34]","[1.58, 1.24, 1.08, 0.44]","[1.54, 1.2, 1.04, 0.43]","[1.57, 1.21, 1.05, 0.46]","[1.53, 1.16, 1.01, 0.46]","[25.0, 21.0, 14.0, 5.0]","[9.0, 8.0, 7.0, 2.0]","[16.0, 13.0, 10.0, 4.0]","[50.0, 42.0, 31.0, 11.0]",[1.0],"[4.0, 3.0, 1.0]",[0.0],"[29.0, 25.0, 17.0, 6.0]","[4.0, 3.0, 0.0]",[1.0],"[0.76, 0.57, 0.41, 0.13]","[0.51, 0.36, 0.0]",[0.31],[1.0],[0.0],[0.0],"[48.5, 39.89, 29.6, 11.71]","[34.0, 29.0, 21.0, 7.0]","[33.18, 27.75, 20.2, 7.49]","[0.35, 0.29, 0.22, 0.06]","[0.53, 0.5, 0.31]","[0.53, 0.5, 0.31]","[1.4, 1.03, 0.8, 0.18]","[1.39, 0.98, 0.76, 0.2]","[1.34, 0.93, 0.72, 0.2]","[10.71, 7.54, 5.34, 2.66]","[10.53, 8.53, 5.35, 2.62]","[180.0, 133.0, 95.0, 49.0]","[183.0, 153.0, 93.0, 42.0]",[0.0],[0.0],[0.0],[0.0],[0.0],[0.0]
['8477947'],['2025'],['Sonny Milano'],['WSH'],['L'],['all'],"['2', '1']","[1258.0, 607.0]","[25.0, 13.0]","[0.33, 0.28]","[0.82, 0.74]","[0.51, 0.44]","[0.65, 0.59]","[0.49, 0.39]","[0.61, 0.53]","[0.47, 0.36]","[22.0, 12.0]",[0.86],[0.07],[0.07],[0.34],[0.02],[0.31],[0.19],[0.07],[0.08],[0.08],[0.0],[0.0],[1.0],[0.0],[0.0],[1.0],[0.0],[0.0],[0.0],[0.0],[1.0],[0.0],[0.0],[0.0],[1.0],[1.0],[0.0],[0.0],[0.0],[0.0],[0.0],[0.0],[1.0],[0.0],[0.0],[0.07],[0.0],[0.0],[0.0],[0.0],[0.0],[1.03],[1.0],[1.03],[0.0],[0.02],[0.0],[0.0],[0.09],[0.09],[0.09],"[25.0, 13.0]","[11.0, 7.0]","[1.0, 0.0]","[2.0, 0.0]","[11.0, 6.0]","[2.0, 1.0]",[5.0],"[2.0, 1.0]","[16.0, 6.0]",[0.0],[0.0],"[6021.0, 2993.0]",[0.0],[0.0],[0.0],[0.0],"[12.59, 5.92]","[1.51, 0.69]","[1.49, 0.68]","[1.52, 0.73]","[1.5, 0.71]","[12.0, 6.0]","[5.0, 2.0]","[9.0, 5.0]","[26.0, 13.0]","[1.0, 0.0]","[1.0, 0.0]",[0.0],"[11.0, 5.0]","[5.0, 3.0]","[1.0, 0.0]","[0.52, 0.27]","[0.67, 0.42]","[0.33, 0.0]",[0.0],"[1.0, 0.0]",[0.0],"[26.14, 13.49]","[17.0, 8.0]","[17.01, 8.31]","[0.17, 0.08]","[0.33, 0.0]","[0.33, 0.0]","[1.35, 0.77]","[1.38, 0.81]","[1.36, 0.8]","[8.2, 5.16]","[0.34, 0.24]","[0.33, 0.23]","[0.33, 0.22]","[0.33, 0.22]","[7.0, 5.0]","[4.0, 2.0]","[3.0, 2.0]","[14.0, 9.0]",[0.0],[1.0],[0.0],"[10.0, 6.0]",[1.0],[0.0],"[0.24, 0.14]",[0.09],[0.0],[0.0],[0.0],[0.0],"[13.94, 8.56]","[11.0, 7.0]","[10.95, 6.69]","[0.09, 0.07]",[0.03],[0.03],"[0.39, 0.28]","[0.39, 0.26]","[0.38, 0.26]","[5.48, 2.48]","[5.34, 3.11]","[90.0, 39.0]","[94.0, 62.0]",[0.0],[0.0],[0.0],[0.0],[0.0],[0.0]
['8471214'],['2025'],['Alex Ovechkin'],['WSH'],['L'],['all'],"['4', '3', '2', '1']","[4144.0, 3031.0, 2144.0, 1096.0]","[83.0, 60.0, 42.0, 21.0]","[2.88, 2.4, 1.27, 0.33]","[0.7, 0.66, 0.57]","[0.6, 0.53, 0.51, 0.5]","[0.61, 0.56]","[0.6, 0.54, 0.5, 0.49]","[0.59, 0.54, 0.53]","[0.55, 0.51, 0.47, 0.46]","[18.0, 15.0, 8.0, 3.0]","[9.71, 7.03, 4.9, 2.92]","[1.14, 0.68, 0.51, 0.2]","[0.67, 0.49, 0.32, 0.16]","[2.28, 1.64, 1.02, 0.65]","[0.43, 0.31, 0.16, 0.09]","[5.83, 4.2, 2.97, 1.75]","[3.64, 2.68, 2.02, 1.15]","[1.1, 0.67, 0.51, 0.2]","[1.15, 0.71, 0.54, 0.19]","[1.11, 0.7, 0.54, 0.19]","[2.0, 1.0, 0.0]",[0.0],"[11.0, 8.0, 5.0, 3.0]","[3.0, 2.0, 1.0]","[11.0, 8.0, 7.0, 5.0]","[25.0, 18.0, 14.0, 9.0]","[2.0, 1.0, 0.0]",[0.0],"[1.0, 0.0]",[0.0],[1.0],[0.0],"[7.0, 5.0, 2.0, 1.0]","[5.0, 4.0, 2.0]","[11.0, 8.0, 5.0, 3.0]","[14.0, 10.0, 7.0, 4.0]","[1.0, 0.0]","[2.0, 0.0]",[0.0],"[11.0, 8.0, 4.0, 2.0]",[0.0],"[4.0, 3.0, 2.0, 0.0]","[8.0, 6.0, 4.0, 3.0]","[5.0, 4.0, 3.0, 1.0]","[1.0, 0.0]","[0.33, 0.26, 0.18, 0.1]","[0.52, 0.42, 0.33, 0.1]","[0.29, 0.0]",[0.0],[0.0],[0.0],"[25.01, 18.29, 14.12, 8.63]","[14.0, 10.0, 7.0, 4.0]","[14.18, 10.37, 7.24, 3.8]","[1.0, 0.0]","[0.15, 0.11, 0.07, 0.04]","[0.27, 0.0]","[0.29, 0.0]","[1.0, 0.79, 0.58, 0.23]","[1.04, 0.83, 0.61, 0.22]","[1.0, 0.82, 0.61, 0.22]","[83.0, 60.0, 42.0, 21.0]","[32.0, 23.0, 15.0, 9.0]",[0.0],"[13.0, 8.0, 4.0]","[38.0, 29.0, 19.0, 8.0]","[8.0, 5.0, 4.0, 3.0]","[16.0, 14.0, 9.0, 5.0]","[9.0, 7.0, 4.0, 2.0]","[50.0, 34.0, 25.0, 11.0]",[0.0],[0.0],"[10335.0, 7769.0, 5056.0, 2504.0]","[2.0, 0.0]",[2.0],[1.0],[0.0],"[42.97, 31.13, 22.39, 14.07]","[5.32, 3.84, 3.07, 1.51]","[5.09, 3.76, 3.0, 1.44]","[5.31, 3.91, 3.09, 1.48]","[5.1, 3.83, 3.03, 1.42]","[37.0, 26.0, 18.0, 12.0]","[23.0, 17.0, 13.0, 7.0]","[29.0, 24.0, 17.0, 9.0]","[89.0, 67.0, 48.0, 28.0]","[4.0, 2.0, 1.0, 0.0]","[3.0, 1.0]",[0.0],"[38.0, 28.0, 19.0, 12.0]","[17.0, 12.0, 9.0, 6.0]","[5.0, 3.0, 1.0]","[1.37, 1.08, 0.72, 0.52]","[2.11, 1.49, 1.07, 0.74]","[1.84, 1.28, 0.24]","[1.0, 0.0]","[3.0, 1.0, 0.0]",[0.0],"[89.65, 68.56, 48.84, 27.06]","[60.0, 43.0, 31.0, 19.0]","[60.27, 44.0, 31.48, 18.52]","[0.71, 0.54, 0.41, 0.27]","[0.72, 0.15]","[0.72, 0.15]","[5.31, 4.23, 3.32, 1.62]","[5.35, 4.31, 3.35, 1.59]","[5.24, 4.23, 3.29, 1.53]","[30.84, 27.77, 19.12, 9.87]","[2.33, 1.96, 1.61, 1.16]","[2.29, 1.93, 1.57, 1.16]","[2.34, 1.94, 1.6, 1.19]","[2.3, 1.9, 1.57, 1.19]","[29.0, 26.0, 16.0, 8.0]","[13.0, 12.0, 10.0, 5.0]","[16.0, 14.0, 11.0, 5.0]","[58.0, 52.0, 37.0, 18.0]",[1.0],"[3.0, 2.0, 1.0, 0.0]",[0.0],"[35.0, 32.0, 21.0, 10.0]","[5.0, 4.0, 2.0]","[2.0, 1.0]","[0.89, 0.76, 0.5, 0.24]","[0.49, 0.4, 0.21]","[0.95, 0.71]",[0.0],[0.0],[1.0],"[56.89, 50.35, 36.07, 18.95]","[42.0, 38.0, 26.0, 13.0]","[41.42, 37.09, 25.66, 13.72]","[0.36, 0.33, 0.22, 0.09]","[0.08, 0.05, 0.02, 0.0]","[0.08, 0.05, 0.02, 0.0]","[2.61, 2.24, 1.81, 1.24]","[2.62, 2.21, 1.8, 1.28]","[2.57, 2.16, 1.75, 1.28]","[10.29, 7.93, 5.53, 2.83]","[9.78, 7.8, 4.82, 1.9]","[177.0, 135.0, 102.0, 53.0]","[175.0, 143.0, 87.0, 35.0]",[0.0],[0.0],[0.0],[0.0],[0.0],[0.0]
['8481656'],['2025'],['Aliaksei Protas'],['WSH'],['C'],['all'],"['4', '3', '2', '1']","[4538.0, 3428.0, 2316.0, 1157.0]","[99.0, 73.0, 50.0, 24.0]","[6.35, 5.24, 4.62, 1.48]","[0.83, 0.8, 0.58, 0.55]","[0.56, 0.55, 0.49]","[0.8, 0.72, 0.62, 0.59]","[0.51, 0.49, 0.47, 0.46]","[0.77, 0.69, 0.57, 0.52]","[0.48, 0.47, 0.46, 0.44]","[9.0, 5.0, 3.0, 2.0]","[14.68, 10.88, 9.32, 3.8]","[1.81, 1.3, 1.27, 0.3]","[0.96, 0.74, 0.7, 0.31]","[3.03, 2.21, 1.8, 0.74]","[0.42, 0.29, 0.25, 0.1]","[7.04, 5.38, 4.71, 2.22]","[5.75, 4.08, 3.27, 1.33]","[1.7, 1.24, 1.21, 0.27]","[1.92, 1.41, 1.38, 0.29]","[1.8, 1.35, 1.32, 0.26]",[0.0],"[2.0, 1.0]","[13.0, 10.0, 8.0, 3.0]","[6.0, 4.0, 2.0]","[4.0, 3.0, 2.0, 1.0]","[23.0, 17.0, 14.0, 6.0]","[5.0, 4.0, 1.0]","[3.0, 2.0, 0.0]","[1.0, 0.0]",[0.0],"[2.0, 1.0]",[0.0],"[5.0, 3.0]","[8.0, 5.0, 3.0, 1.0]","[10.0, 8.0, 6.0, 3.0]","[16.0, 12.0, 10.0, 5.0]",[0.0],[0.0],[0.0],[1.0],"[1.0, 0.0]","[3.0, 1.0, 0.0]","[11.0, 7.0, 5.0, 3.0]","[5.0, 2.0]","[3.0, 2.0, 0.0]","[0.38, 0.24, 0.21, 0.11]","[0.61, 0.2]","[0.81, 0.44, 0.0]","[2.0, 1.0, 0.0]","[1.0, 0.0]",[0.0],"[24.08, 18.31, 15.14, 5.77]","[19.0, 14.0, 12.0, 5.0]","[19.77, 14.97, 12.84, 4.8]","[2.0, 0.0]","[0.21, 0.16, 0.15, 0.07]","[0.19, 0.0]","[0.37, 0.0]","[1.65, 1.46, 1.42, 0.37]","[1.76, 1.58, 1.54, 0.35]","[1.69, 1.51, 1.47, 0.32]","[99.0, 73.0, 50.0, 24.0]","[16.0, 15.0, 12.0, 9.0]","[11.0, 6.0, 1.0]","[9.0, 8.0, 4.0, 3.0]","[63.0, 39.0, 28.0, 11.0]","[13.0, 11.0, 8.0, 3.0]","[13.0, 8.0, 5.0, 4.0]","[18.0, 11.0, 9.0, 3.0]","[55.0, 43.0, 28.0, 14.0]",[0.0],"[3.0, 1.0, 0.0]","[9941.0, 7372.0, 4884.0, 2443.0]",[0.0],"[4.0, 0.0]","[2.0, 0.0]","[1.0, 0.0]","[50.48, 35.31, 29.91, 17.24]","[5.12, 3.4, 3.15, 1.71]","[4.79, 3.23, 2.98, 1.59]","[5.23, 3.55, 3.27, 1.66]","[4.9, 3.37, 3.1, 1.54]","[47.0, 34.0, 29.0, 15.0]","[20.0, 13.0, 11.0, 8.0]","[36.0, 30.0, 24.0, 13.0]","[103.0, 77.0, 64.0, 36.0]","[5.0, 4.0, 1.0]","[8.0, 5.0, 4.0, 2.0]",[0.0],"[45.0, 31.0, 25.0, 15.0]","[17.0, 13.0, 12.0, 7.0]","[5.0, 3.0, 1.0]","[1.45, 1.0, 0.87, 0.56]","[2.3, 1.72, 1.6, 0.92]","[1.36, 0.67, 0.23]","[3.0, 2.0, 0.0]","[2.0, 1.0]",[0.0],"[105.02, 80.03, 66.26, 34.69]","[67.0, 47.0, 40.0, 23.0]","[68.09, 48.82, 41.43, 22.27]","[0.85, 0.65, 0.58, 0.32]","[1.17, 0.58, 0.46, 0.41]","[1.17, 0.58, 0.46, 0.41]","[4.8, 3.48, 3.27, 1.61]","[4.93, 3.65, 3.43, 1.58]","[4.71, 3.45, 3.23, 1.44]","[36.34, 31.14, 12.94, 5.37]","[3.71, 2.8, 0.77, 0.34]","[3.46, 2.55, 0.77, 0.34]","[3.65, 2.7, 0.77, 0.36]","[3.41, 2.46, 0.77, 0.36]","[34.0, 29.0, 14.0, 5.0]","[16.0, 14.0, 4.0, 2.0]","[13.0, 11.0, 7.0, 2.0]","[63.0, 54.0, 25.0, 9.0]","[1.0, 0.0]","[4.0, 3.0, 0.0]",[0.0],"[36.0, 31.0, 14.0, 5.0]","[11.0, 10.0, 4.0, 2.0]","[3.0, 2.0, 0.0]","[1.07, 0.86, 0.37, 0.14]","[1.45, 1.3, 0.4, 0.21]","[1.19, 0.64, 0.0]",[0.0],[0.0],"[1.0, 0.0]","[62.07, 52.46, 24.46, 9.57]","[50.0, 43.0, 18.0, 7.0]","[49.34, 41.81, 17.69, 7.42]","[0.53, 0.45, 0.19, 0.06]","[0.86, 0.83, 0.0]","[0.89, 0.86, 0.0]","[3.35, 2.38, 0.96, 0.4]","[3.31, 2.31, 0.96, 0.42]","[3.21, 2.21, 0.95, 0.42]","[10.49, 8.37, 5.45, 2.62]","[8.4, 6.97, 5.65, 2.71]","[163.0, 125.0, 86.0, 45.0]","[170.0, 141.0, 99.0, 44.0]",[0.0],[0.0],[0.0],[0.0],[0.0],[0.0]
['8482088'],['2025'],['Justin Sourdif'],['WSH'],['R'],['all'],"['4', '3', '2', '1']","[2840.0, 2072.0, 1415.0, 658.0]","[69.0, 47.0, 31.0, 15.0]","[0.82, 0.75, 0.53, 0.2]","[0.62, 0.53]","[0.58, 0.57, 0.56, 0.54]","[0.54, 0.53, 0.51]","[0.62, 0.55, 0.54, 0.5]","[0.53, 0.5, 0.47]","[0.59, 0.52, 0.51, 0.47]","[39.0, 30.0, 19.0, 10.0]","[8.73, 6.29, 3.83, 1.49]","[0.74, 0.54, 0.36, 0.02]","[0.52, 0.41, 0.24, 0.05]","[1.98, 1.5, 0.83, 0.41]","[0.31, 0.24, 0.11, 0.05]","[4.56, 3.49, 1.95, 0.83]","[3.89, 2.81, 1.5, 0.63]","[0.72, 0.52, 0.34, 0.02]","[0.77, 0.59, 0.4, 0.02]","[0.75, 0.56, 0.38, 0.02]",[0.0],[0.0],"[8.0, 5.0, 3.0, 2.0]","[4.0, 2.0, 0.0]","[4.0, 2.0, 1.0]","[16.0, 11.0, 7.0, 3.0]",[0.0],[0.0],[0.0],[0.0],"[2.0, 1.0]",[0.0],"[4.0, 1.0, 0.0]","[6.0, 4.0, 1.0]","[8.0, 5.0, 3.0, 2.0]","[12.0, 9.0, 5.0, 2.0]",[0.0],[0.0],[0.0],"[5.0, 4.0, 2.0]","[1.0, 0.0]","[3.0, 2.0, 1.0]","[8.0, 6.0, 3.0, 2.0]","[4.0, 3.0, 2.0, 0.0]",[0.0],"[0.17, 0.1, 0.07, 0.02]","[0.57, 0.44, 0.29, 0.0]",[0.0],[0.0],[0.0],[0.0],"[16.25, 11.62, 7.42, 2.85]","[12.0, 9.0, 5.0, 2.0]","[12.27, 9.52, 5.33, 1.89]",[1.0],"[0.11, 0.08, 0.05, 0.01]",[0.0],[0.0],"[0.85, 0.63, 0.41, 0.03]","[0.89, 0.68, 0.45, 0.03]","[0.86, 0.66, 0.43, 0.03]","[69.0, 47.0, 31.0, 15.0]","[1.0, 0.0]","[16.0, 12.0, 9.0, 5.0]","[10.0, 7.0, 5.0, 0.0]","[42.0, 28.0, 17.0, 10.0]","[18.0, 12.0, 8.0, 5.0]","[5.0, 3.0, 2.0, 0.0]","[5.0, 2.0, 1.0, 0.0]","[41.0, 30.0, 20.0, 10.0]",[0.0],[0.0],"[11639.0, 8728.0, 5785.0, 2942.0]",[0.0],[0.0],[0.0],"[1.0, 0.0]","[20.0, 16.81, 12.77, 6.35]","[1.68, 1.46, 1.26, 0.49]","[1.62, 1.41, 1.2, 0.46]","[1.73, 1.53, 1.31, 0.46]","[1.68, 1.47, 1.26, 0.43]","[21.0, 17.0, 13.0, 7.0]","[6.0, 4.0, 1.0]","[13.0, 9.0, 7.0, 2.0]","[40.0, 32.0, 24.0, 10.0]",[0.0],[1.0],[0.0],"[18.0, 15.0, 10.0, 6.0]","[8.0, 7.0, 6.0, 1.0]",[1.0],"[0.36, 0.27, 0.21, 0.13]","[1.04, 0.91, 0.76, 0.08]",[0.28],[0.0],[0.0],[0.0],"[41.43, 33.95, 25.55, 9.43]","[27.0, 23.0, 17.0, 8.0]","[27.81, 24.09, 17.83, 7.55]","[0.23, 0.2, 0.15, 0.06]",[0.28],[0.28],"[1.62, 1.38, 1.12, 0.27]","[1.7, 1.48, 1.21, 0.26]","[1.67, 1.45, 1.18, 0.25]","[22.74, 15.17, 12.93, 6.68]","[1.52, 0.9, 0.76, 0.31]","[1.46, 0.87, 0.73, 0.3]","[1.57, 0.9, 0.77, 0.33]","[1.5, 0.88, 0.74, 0.32]","[17.0, 10.0, 9.0, 2.0]","[13.0, 10.0, 8.0, 7.0]","[8.0, 7.0, 4.0, 0.0]","[38.0, 27.0, 21.0, 9.0]","[1.0, 0.0]","[4.0, 3.0, 1.0]",[0.0],"[26.0, 18.0, 16.0, 9.0]","[3.0, 1.0, 0.0]","[1.0, 0.0]","[0.84, 0.53, 0.49, 0.31]","[0.41, 0.1, 0.0]","[0.27, 0.0]",[0.0],"[1.0, 0.0]",[0.0],"[38.04, 26.4, 20.58, 9.64]","[30.0, 20.0, 17.0, 9.0]","[30.47, 19.88, 16.97, 9.62]","[0.27, 0.17, 0.15, 0.07]","[0.55, 0.38, 0.08]","[0.55, 0.38, 0.08]","[1.24, 0.69, 0.53, 0.3]","[1.28, 0.69, 0.54, 0.32]","[1.23, 0.69, 0.53, 0.32]","[13.93, 10.31, 7.34, 3.84]","[10.59, 8.88, 5.67, 2.75]","[226.0, 170.0, 126.0, 71.0]","[195.0, 168.0, 103.0, 44.0]",[0.0],[0.0],[0.0],[0.0],[0.0],[0.0]
['8478440'],['2025'],['Dylan Strome'],['WSH'],['C'],['all'],"['4', '3', '2', '1']","[4377.0, 3069.0, 2180.0, 1092.0]","[84.0, 61.0, 42.0, 21.0]","[3.01, 0.98, 0.78, 0.15]","[0.71, 0.7, 0.67, 0.58]","[0.59, 0.51, 0.49]","[0.62, 0.61, 0.6, 0.56]","[0.6, 0.52, 0.5, 0.48]","[0.6, 0.58, 0.57, 0.53]","[0.56, 0.5, 0.47, 0.46]","[15.0, 14.0, 8.0, 4.0]","[5.71, 3.85, 2.32, 0.81]","[0.62, 0.44, 0.1, 0.08]","[0.49, 0.37, 0.26, 0.11]","[1.29, 0.91, 0.49, 0.1]","[0.19, 0.13, 0.08, 0.02]","[3.27, 2.01, 1.35, 0.51]","[2.14, 1.15, 0.72, 0.18]","[0.61, 0.43, 0.1, 0.07]","[0.62, 0.45, 0.1, 0.08]","[0.62, 0.45, 0.1, 0.07]","[1.0, 0.0]","[1.0, 0.0]","[6.0, 4.0, 3.0, 1.0]","[2.0, 1.0, 0.0]","[3.0, 2.0, 1.0]","[11.0, 8.0, 5.0, 2.0]","[2.0, 0.0]",[0.0],[0.0],[0.0],"[4.0, 3.0, 1.0]",[0.0],"[3.0, 2.0, 0.0]","[1.0, 0.0]","[6.0, 4.0, 3.0, 1.0]","[8.0, 5.0, 3.0, 1.0]",[0.0],[0.0],"[50.0, 33.0, 28.0, 17.0]","[1.0, 0.0]",[0.0],"[5.0, 3.0, 2.0, 0.0]","[5.0, 3.0, 1.0]","[3.0, 2.0, 0.0]",[0.0],"[0.2, 0.1, 0.08]","[0.41, 0.33, 0.0]",[0.0],[0.0],[0.0],[0.0],"[11.29, 8.46, 5.37, 2.0]","[8.0, 5.0, 3.0, 1.0]","[8.04, 5.21, 3.15, 1.0]","[1.0, 0.0]","[0.11, 0.08, 0.06, 0.03]",[0.0],[0.0],"[0.73, 0.52, 0.17, 0.1]","[0.74, 0.54, 0.17, 0.1]","[0.73, 0.53, 0.16, 0.1]","[84.0, 61.0, 42.0, 21.0]","[31.0, 23.0, 15.0, 10.0]","[3.0, 2.0, 1.0]","[14.0, 8.0, 4.0]","[36.0, 28.0, 17.0, 6.0]","[10.0, 8.0, 6.0, 4.0]","[18.0, 16.0, 10.0, 5.0]","[9.0, 7.0, 4.0, 1.0]","[47.0, 30.0, 22.0, 11.0]","[50.0, 33.0, 28.0, 17.0]","[39.0, 30.0, 23.0, 14.0]","[10102.0, 7731.0, 5020.0, 2508.0]",[0.0],"[2.0, 0.0]","[1.0, 0.0]","[3.0, 2.0, 1.0]","[46.48, 32.23, 24.51, 13.14]","[6.36, 4.39, 3.64, 1.56]","[6.01, 4.33, 3.58, 1.52]","[6.43, 4.53, 3.73, 1.53]","[6.08, 4.46, 3.68, 1.49]","[36.0, 26.0, 19.0, 11.0]","[29.0, 19.0, 15.0, 7.0]","[32.0, 25.0, 19.0, 10.0]","[97.0, 70.0, 53.0, 28.0]","[3.0, 2.0, 1.0, 0.0]","[5.0, 1.0]",[0.0],"[37.0, 25.0, 17.0, 10.0]","[22.0, 17.0, 14.0, 7.0]","[6.0, 3.0, 1.0]","[1.4, 0.97, 0.63, 0.45]","[2.75, 2.15, 1.73, 0.87]","[2.21, 1.28, 0.24]","[1.0, 0.0]","[2.0, 1.0, 0.0]",[0.0],"[98.67, 72.67, 54.87, 27.06]","[65.0, 45.0, 34.0, 18.0]","[65.99, 46.71, 35.13, 17.52]","[0.76, 0.56, 0.45, 0.27]","[1.27, 0.15]","[1.27, 0.15]","[5.85, 4.8, 3.94, 1.68]","[5.96, 4.95, 4.04, 1.65]","[5.85, 4.89, 3.99, 1.62]","[32.64, 29.57, 19.26, 10.0]","[2.56, 2.19, 1.59, 1.15]","[2.52, 2.15, 1.56, 1.15]","[2.55, 2.16, 1.59, 1.17]","[2.51, 2.12, 1.55, 1.17]","[31.0, 28.0, 17.0, 9.0]","[13.0, 12.0, 9.0, 4.0]","[17.0, 14.0, 10.0, 4.0]","[61.0, 54.0, 36.0, 17.0]",[1.0],"[3.0, 2.0, 1.0, 0.0]",[0.0],"[36.0, 33.0, 21.0, 10.0]","[6.0, 4.0, 2.0]","[2.0, 1.0]","[0.93, 0.8, 0.48, 0.23]","[0.68, 0.4, 0.21]","[0.95, 0.71]",[0.0],[0.0],[1.0],"[59.98, 52.33, 35.11, 17.98]","[44.0, 40.0, 26.0, 13.0]","[43.46, 39.13, 25.73, 13.79]","[0.38, 0.35, 0.21, 0.08]","[0.08, 0.05, 0.02, 0.0]","[0.08, 0.05, 0.02, 0.0]","[2.86, 2.49, 1.79, 1.22]","[2.85, 2.45, 1.78, 1.25]","[2.81, 2.4, 1.73, 1.25]","[9.25, 7.38, 4.96, 2.77]","[9.56, 7.58, 4.83, 1.91]","[169.0, 132.0, 97.0, 53.0]","[172.0, 141.0, 88.0, 36.0]",[0.0],[0.0],[0.0],[0.0],[0.0],[0.0]
['8476880'],['2025'],['Tom Wilson'],['WSH'],['R'],['all'],"['4', '3', '2', '1']","[4874.0, 3653.0, 2493.0, 1335.0]","[96.0, 70.0, 50.0, 27.0]","[4.68, 2.59, 1.86, 1.27]","[0.61, 0.52, 0.51, 0.48]","[0.6, 0.57]","[0.63, 0.57, 0.54, 0.49]","[0.59, 0.54, 0.53, 0.52]","[0.64, 0.55, 0.52, 0.45]","[0.53, 0.5, 0.49]","[6.0, 4.0, 3.0, 1.0]","[11.36, 7.0, 5.06, 4.24]","[2.41, 1.77, 0.76, 0.73]","[0.74, 0.46, 0.39, 0.36]","[2.2, 1.32, 1.07, 0.8]","[0.39, 0.26, 0.19, 0.16]","[6.28, 3.84, 3.03, 2.65]","[3.98, 2.35, 1.56, 1.3]","[2.36, 1.73, 0.73, 0.7]","[2.4, 1.77, 0.76, 0.72]","[2.36, 1.73, 0.73, 0.7]","[1.0, 0.0]","[2.0, 1.0, 0.0]","[8.0, 5.0, 4.0, 3.0]","[8.0, 5.0, 3.0]","[5.0, 4.0, 1.0]","[21.0, 15.0, 11.0, 7.0]","[5.0, 2.0, 1.0]","[2.0, 1.0]","[4.0, 3.0, 2.0, 1.0]",[0.0],[3.0],[0.0],"[1.0, 0.0]","[6.0, 2.0, 1.0]","[6.0, 4.0, 3.0, 2.0]","[14.0, 9.0, 6.0, 5.0]","[1.0, 0.0]","[2.0, 0.0]",[0.0],"[13.0, 10.0, 7.0, 5.0]","[1.0, 0.0]","[7.0, 5.0, 4.0, 2.0]","[8.0, 4.0, 3.0, 2.0]","[4.0, 3.0]","[4.0, 3.0, 1.0]","[0.32, 0.16, 0.15, 0.12]","[0.52, 0.37]","[1.57, 1.24, 0.24]",[0.0],"[2.0, 1.0]",[0.0],"[21.71, 15.8, 11.59, 6.86]","[16.0, 10.0, 7.0, 6.0]","[16.1, 10.19, 7.09, 5.94]","[2.0, 1.0]","[0.18, 0.11, 0.1, 0.09]","[0.31, 0.28, 0.16, 0.15]",[0.0],"[2.58, 1.89, 0.86, 0.82]","[2.58, 1.89, 0.85, 0.81]","[2.53, 1.85, 0.83, 0.79]","[96.0, 70.0, 50.0, 27.0]","[18.0, 13.0, 11.0, 6.0]","[9.0, 7.0, 3.0]","[8.0, 7.0, 3.0, 2.0]","[61.0, 41.0, 29.0, 16.0]","[14.0, 11.0, 8.0, 5.0]","[12.0, 9.0, 6.0, 5.0]","[20.0, 13.0, 12.0, 6.0]","[50.0, 37.0, 24.0, 11.0]",[0.0],"[2.0, 1.0, 0.0]","[9605.0, 7147.0, 4707.0, 2265.0]","[2.0, 0.0]",[2.0],[1.0],"[2.0, 1.0, 0.0]","[46.19, 31.97, 26.11, 15.68]","[5.76, 4.36, 3.12, 1.93]","[5.62, 4.24, 3.01, 1.86]","[5.85, 4.48, 3.21, 1.88]","[5.71, 4.35, 3.1, 1.82]","[39.0, 25.0, 21.0, 10.0]","[23.0, 18.0, 14.0, 11.0]","[31.0, 24.0, 18.0, 10.0]","[93.0, 67.0, 53.0, 31.0]","[6.0, 3.0, 1.0]","[5.0, 4.0, 3.0, 2.0]",[0.0],"[38.0, 25.0, 20.0, 12.0]","[18.0, 13.0, 12.0, 8.0]","[6.0, 5.0, 3.0, 1.0]","[1.36, 0.91, 0.78, 0.56]","[2.39, 1.76, 1.65, 1.13]","[2.01, 1.69, 0.69, 0.24]","[2.0, 1.0, 0.0]","[4.0, 2.0, 1.0]",[0.0],"[95.03, 69.9, 55.09, 30.0]","[62.0, 43.0, 35.0, 21.0]","[62.92, 44.54, 36.14, 20.41]","[0.72, 0.52, 0.47, 0.29]","[0.5, 0.47, 0.35, 0.34]","[0.5, 0.47, 0.35, 0.34]","[5.97, 4.42, 3.23, 1.88]","[6.07, 4.55, 3.36, 1.84]","[5.94, 4.43, 3.25, 1.79]","[43.67, 39.91, 22.29, 9.21]","[5.61, 4.76, 2.83, 1.21]","[5.01, 4.16, 2.46, 1.21]","[5.53, 4.66, 2.82, 1.24]","[4.94, 4.06, 2.45, 1.24]","[43.0, 38.0, 24.0, 10.0]","[15.0, 5.0, 2.0]","[21.0, 18.0, 11.0, 6.0]","[79.0, 71.0, 40.0, 18.0]","[4.0, 3.0, 2.0]","[8.0, 5.0, 1.0]",[0.0],"[38.0, 35.0, 19.0, 10.0]","[12.0, 11.0, 5.0, 0.0]","[8.0, 7.0, 5.0, 2.0]","[0.95, 0.8, 0.39, 0.19]","[1.62, 1.47, 0.59, 0.0]","[3.04, 2.49, 1.85, 1.02]",[1.0],[0.0],"[3.0, 2.0, 1.0]","[77.97, 69.53, 39.7, 19.02]","[58.0, 53.0, 29.0, 12.0]","[57.09, 51.83, 28.74, 12.69]","[0.69, 0.62, 0.37, 0.08]","[2.04, 1.21, 0.31]","[2.08, 1.21, 0.31]","[4.23, 3.31, 1.99, 0.98]","[4.18, 3.23, 1.97, 1.0]","[3.88, 2.93, 1.77, 1.0]","[9.85, 7.41, 5.48, 2.4]","[6.5, 5.01, 3.6, 1.85]","[173.0, 135.0, 97.0, 50.0]","[154.0, 124.0, 84.0, 35.0]",[0.0],[0.0],[0.0],[0.0],[0.0],[0.0]
['8474590'],['2025'],['John Carlson'],['WSH'],['D'],['all'],"['4', '3', '2', '1']","[5855.0, 4285.0, 2963.0, 1599.0]","[96.0, 72.0, 49.0, 27.0]","[4.15, 2.63, 2.1, 0.85]","[0.68, 0.64, 0.6, 0.55]","[0.59, 0.51]","[0.66, 0.6, 0.56, 0.55]","[0.55, 0.53, 0.48]","[0.65, 0.59, 0.55, 0.54]","[0.49, 0.45, 0.44]","[4.0, 3.0, 2.0, 1.0]","[11.52, 7.03, 5.55, 2.99]","[1.76, 1.22, 1.04, 0.24]","[0.7, 0.43, 0.33, 0.19]","[3.08, 1.76, 1.29, 0.83]","[0.43, 0.23, 0.19, 0.1]","[6.04, 3.95, 3.24, 1.81]","[3.99, 2.41, 1.91, 0.84]","[1.67, 1.22, 1.04, 0.24]","[1.79, 1.26, 1.06, 0.23]","[1.7, 1.26, 1.06, 0.23]",[0.0],"[2.0, 1.0, 0.0]","[8.0, 5.0, 4.0, 2.0]","[8.0, 5.0, 4.0, 2.0]","[11.0, 6.0, 3.0, 2.0]","[27.0, 16.0, 11.0, 6.0]","[2.0, 1.0, 0.0]",[0.0],"[2.0, 1.0]",[0.0],"[1.0, 0.0]",[0.0],"[7.0, 5.0, 4.0, 2.0]","[6.0, 3.0, 2.0, 1.0]","[8.0, 5.0, 4.0, 2.0]","[16.0, 10.0, 8.0, 4.0]",[1.0],[2.0],[0.0],"[1.0, 0.0]","[1.0, 0.0]","[4.0, 2.0, 0.0]","[9.0, 6.0, 5.0, 3.0]","[6.0, 3.0, 2.0, 1.0]","[1.0, 0.0]","[0.3, 0.18, 0.11, 0.09]","[0.86, 0.44, 0.32, 0.14]","[0.6, 0.0]",[0.0],[0.0],[0.0],"[27.22, 16.51, 11.27, 5.66]","[16.0, 10.0, 8.0, 4.0]","[16.16, 10.3, 8.17, 3.83]","[1.0, 0.0]","[0.16, 0.1, 0.08, 0.05]","[0.55, 0.19]","[0.37, 0.12, 0.0]","[1.56, 1.2, 1.12, 0.29]","[1.58, 1.23, 1.14, 0.28]","[1.56, 1.23, 1.14, 0.28]","[96.0, 72.0, 49.0, 27.0]","[11.0, 7.0, 6.0, 4.0]","[19.0, 14.0, 9.0, 3.0]","[7.0, 5.0, 2.0, 1.0]","[59.0, 46.0, 32.0, 19.0]","[8.0, 7.0, 6.0, 4.0]","[8.0, 7.0, 5.0, 4.0]","[13.0, 9.0, 4.0]","[67.0, 49.0, 29.0, 15.0]",[0.0],[0.0],"[8624.0, 6515.0, 4237.0, 2001.0]",[2.0],[0.0],[0.0],"[10.0, 8.0, 5.0]","[66.49, 45.25, 35.41, 22.36]","[7.54, 5.41, 3.92, 2.23]","[7.28, 5.31, 3.85, 2.16]","[7.6, 5.52, 3.98, 2.16]","[7.33, 5.42, 3.91, 2.1]","[54.0, 36.0, 29.0, 17.0]","[37.0, 26.0, 19.0, 13.0]","[44.0, 32.0, 23.0, 15.0]","[135.0, 94.0, 71.0, 45.0]","[4.0, 2.0, 1.0]","[9.0, 4.0, 3.0, 2.0]",[0.0],"[60.0, 40.0, 31.0, 20.0]","[26.0, 19.0, 15.0, 9.0]","[5.0, 3.0, 2.0, 1.0]","[1.92, 1.33, 1.03, 0.76]","[3.48, 2.64, 2.04, 1.22]","[2.13, 1.44, 0.85, 0.24]","[1.0, 0.0]","[3.0, 2.0, 1.0]",[0.0],"[135.53, 96.17, 72.14, 43.05]","[91.0, 62.0, 48.0, 30.0]","[91.38, 63.51, 48.86, 28.85]","[0.98, 0.71, 0.57, 0.37]","[1.41, 0.47, 0.35, 0.34]","[1.41, 0.47, 0.35, 0.34]","[7.11, 5.65, 4.14, 2.26]","[7.19, 5.78, 4.22, 2.19]","[7.07, 5.69, 4.16, 2.14]","[47.72, 39.18, 29.17, 11.72]","[4.32, 3.65, 3.18, 1.07]","[3.88, 3.24, 2.77, 1.07]","[4.33, 3.6, 3.16, 1.08]","[3.89, 3.2, 2.75, 1.08]","[47.0, 39.0, 29.0, 12.0]","[17.0, 14.0, 10.0, 4.0]","[27.0, 23.0, 16.0, 7.0]","[91.0, 76.0, 55.0, 23.0]","[5.0, 4.0, 2.0]","[7.0, 6.0, 0.0]",[0.0],"[49.0, 40.0, 27.0, 14.0]","[9.0, 8.0, 7.0, 1.0]","[6.0, 5.0, 1.0]","[1.23, 0.93, 0.62, 0.26]","[1.04, 0.91, 0.75, 0.1]","[2.05, 1.81, 0.71]","[2.0, 1.0]","[1.0, 0.0]","[2.0, 1.0]","[90.45, 74.5, 54.25, 24.07]","[64.0, 53.0, 39.0, 16.0]","[63.72, 52.0, 38.59, 16.72]","[0.73, 0.62, 0.49, 0.11]","[1.08, 1.05, 0.0]","[1.08, 1.05, 0.0]","[3.97, 3.22, 2.62, 1.17]","[3.98, 3.16, 2.59, 1.2]","[3.69, 2.92, 2.35, 1.2]","[8.07, 6.37, 4.68, 2.1]","[7.79, 6.12, 3.25, 1.99]","[131.0, 108.0, 79.0, 36.0]","[142.0, 119.0, 69.0, 30.0]",[0.0],[0.0],[0.0],[0.0],[0.0],[0.0]
['8480990'],['2025'],['Declan Chisholm'],['WSH'],['D'],['all'],['1'],[869.0],[17.0],[0.8],[0.38],[0.51],[0.52],[0.4],[0.5],[0.36],[6.0],[0.64],[0.01],[0.04],[0.18],[0.02],[0.44],[0.32],[0.01],[0.01],[0.01],[0.0],[1.0],[0.0],[1.0],[2.0],[3.0],[1.0],[0.0],[0.0],[0.0],[0.0],[0.0],[1.0],[0.0],[0.0],[1.0],[0.0],[0.0],[0.0],[1.0],[0.0],[0.0],[1.0],[0.0],[0.0],[0.01],[0.0],[0.0],[0.0],[0.0],[0.0],[3.17],[1.0],[1.03],[0.0],[0.01],[0.0],[0.0],[0.02],[0.02],[0.02],[17.0],[1.0],[0.0],[2.0],[14.0],[1.0],[5.0],[1.0],[10.0],[0.0],[0.0],[2731.0],[0.0],[0.0],[0.0],[1.0],[5.98],[0.39],[0.39],[0.41],[0.41],[6.0],[3.0],[3.0],[12.0],[1.0],[0.0],[0.0],[7.0],[2.0],[0.0],[0.14],[0.25],[0.0],[1.0],[0.0],[0.0],[12.67],[9.0],[9.48],[0.07],[0.0],[0.0],[0.46],[0.49],[0.49],[6.29],[0.63],[0.58],[0.6],[0.55],[4.0],[5.0],[2.0],[11.0],[0.0],[2.0],[0.0],[7.0],[1.0],[1.0],[0.17],[0.19],[0.26],[0.0],[0.0],[0.0],[10.45],[9.0],[8.58],[0.08],[0.29],[0.29],[0.42],[0.4],[0.39],[2.79],[2.71],[40.0],[60.0],[0.0],[0.0],[0.0],[0.0],[0.0],[0.0]
['8479345'],['2025'],['Jakob Chychrun'],['WSH'],['D'],['all'],"['4', '3', '2', '1']","[5194.0, 3954.0, 2671.0, 1486.0]","[91.0, 68.0, 47.0, 25.0]","[5.15, 4.3, 3.75, 1.25]","[0.71, 0.67, 0.63, 0.61]","[0.56, 0.53, 0.47, 0.46]","[0.72, 0.71, 0.69, 0.65]","[0.52, 0.47, 0.44, 0.4]","[0.64, 0.63, 0.59]","[0.51, 0.46, 0.44, 0.39]","[10.0, 8.0, 6.0, 2.0]","[10.46, 7.21, 5.78, 5.16]","[0.97, 0.73, 0.7, 0.69]","[0.77, 0.52, 0.44, 0.42]","[2.67, 1.91, 1.6, 1.43]","[0.34, 0.25, 0.21, 0.18]","[5.63, 4.07, 3.18, 2.73]","[3.62, 2.52, 1.86, 1.54]","[0.92, 0.69, 0.66, 0.65]","[0.95, 0.72, 0.69, 0.68]","[0.9, 0.68, 0.65, 0.63]","[3.0, 1.0]",[0.0],"[8.0, 4.0]","[6.0, 4.0, 3.0]","[13.0, 12.0, 11.0, 6.0]","[27.0, 22.0, 19.0, 13.0]","[4.0, 3.0, 1.0]","[1.0, 0.0]",[1.0],[0.0],"[5.0, 3.0]",[0.0],"[3.0, 2.0]","[4.0, 3.0, 2.0, 1.0]","[7.0, 4.0]","[13.0, 10.0, 8.0, 7.0]","[2.0, 1.0, 0.0]","[4.0, 2.0, 0.0]",[0.0],"[5.0, 2.0, 1.0]","[3.0, 2.0]","[7.0, 6.0, 2.0, 1.0]","[10.0, 7.0, 5.0, 4.0]","[4.0, 3.0]",[0.0],"[0.3, 0.19, 0.17, 0.15]","[0.67, 0.54]",[0.0],[0.0],"[1.0, 0.0]",[0.0],"[27.23, 22.51, 19.38, 12.6]","[14.0, 10.0, 8.0, 7.0]","[13.95, 10.15, 8.05, 6.89]","[6.0, 5.0, 2.0, 1.0]","[0.18, 0.12, 0.11, 0.1]",[0.23],[0.34],"[0.81, 0.52, 0.47, 0.45]","[0.8, 0.52, 0.47, 0.45]","[0.76, 0.49, 0.44, 0.42]","[91.0, 68.0, 47.0, 25.0]","[16.0, 15.0, 13.0, 8.0]","[5.0, 4.0, 1.0]","[13.0, 7.0, 6.0, 5.0]","[57.0, 42.0, 24.0, 11.0]","[8.0, 5.0, 2.0]","[16.0, 13.0, 8.0, 3.0]","[10.0, 8.0, 5.0, 2.0]","[57.0, 42.0, 29.0, 18.0]",[0.0],[0.0],"[9285.0, 6846.0, 4529.0, 2114.0]","[4.0, 2.0, 0.0]","[2.0, 0.0]","[1.0, 0.0]","[1.0, 0.0]","[57.73, 48.62, 35.67, 20.93]","[6.32, 5.66, 4.78, 2.34]","[6.09, 5.45, 4.58, 2.19]","[6.44, 5.82, 4.89, 2.28]","[6.22, 5.6, 4.69, 2.14]","[51.0, 42.0, 32.0, 19.0]","[27.0, 24.0, 16.0, 9.0]","[40.0, 36.0, 27.0, 14.0]","[118.0, 102.0, 75.0, 42.0]","[6.0, 5.0, 4.0, 1.0]","[4.0, 3.0]",[0.0],"[51.0, 41.0, 26.0, 16.0]","[22.0, 20.0, 17.0, 11.0]","[5.0, 1.0]","[1.82, 1.46, 1.0, 0.65]","[2.79, 2.5, 2.08, 1.46]","[1.71, 0.23]","[3.0, 2.0, 0.0]","[3.0, 2.0, 1.0]",[0.0],"[121.03, 106.08, 77.82, 40.85]","[78.0, 66.0, 48.0, 28.0]","[79.77, 68.47, 49.63, 27.35]","[0.96, 0.84, 0.66, 0.38]","[0.6, 0.56]","[0.6, 0.56]","[6.67, 5.89, 4.84, 2.15]","[6.84, 6.1, 4.99, 2.12]","[6.59, 5.87, 4.78, 1.98]","[40.56, 28.82, 20.65, 12.18]","[3.73, 2.8, 1.98, 1.47]","[3.61, 2.7, 1.93, 1.46]","[3.76, 2.76, 1.99, 1.52]","[3.65, 2.66, 1.94, 1.51]","[32.0, 23.0, 17.0, 9.0]","[22.0, 16.0, 10.0, 7.0]","[10.0, 6.0, 2.0, 1.0]","[64.0, 45.0, 29.0, 17.0]",[1.0],"[7.0, 5.0, 3.0, 2.0]",[0.0],"[43.0, 31.0, 22.0, 13.0]","[8.0, 5.0, 3.0, 1.0]","[3.0, 2.0]","[1.37, 0.88, 0.61, 0.35]","[1.08, 0.64, 0.35, 0.1]","[1.28, 1.02]",[0.0],[0.0],[1.0],"[64.53, 44.14, 29.01, 18.15]","[54.0, 39.0, 27.0, 16.0]","[54.37, 38.35, 27.03, 17.09]","[0.5, 0.35, 0.24, 0.13]","[1.05, 0.85, 0.56, 0.39]","[1.05, 0.85, 0.56, 0.39]","[3.18, 2.31, 1.67, 1.21]","[3.21, 2.27, 1.67, 1.25]","[3.15, 2.21, 1.61, 1.24]","[9.29, 6.11, 3.82, 1.99]","[8.38, 6.97, 4.45, 1.59]","[148.0, 100.0, 75.0, 39.0]","[169.0, 150.0, 95.0, 36.0]",[0.0],[0.0],[0.0],[0.0],[0.0],[0.0]
['8480796'],['2025'],['Martin Fehrvry'],['WSH'],['D'],['all'],"['4', '3', '2', '1']","[4524.0, 3425.0, 2240.0, 1107.0]","[87.0, 67.0, 44.0, 23.0]","[2.35, 1.65, 1.5, 0.23]","[0.5, 0.48, 0.47, 0.42]","[0.66, 0.64, 0.59, 0.58]","[0.52, 0.47, 0.45, 0.42]","[0.64, 0.6, 0.56, 0.55]","[0.54, 0.49, 0.47, 0.42]","[0.58, 0.54, 0.52, 0.51]","[17.0, 13.0, 8.0, 3.0]","[5.26, 3.13, 0.93]","[0.45, 0.4, 0.28]","[0.29, 0.21, 0.07]","[1.43, 0.83, 0.21]","[0.17, 0.11, 0.04]","[2.72, 1.41, 0.22]","[1.94, 1.04, 0.18]","[0.42, 0.37, 0.25]","[0.44, 0.39, 0.26]","[0.41, 0.36, 0.23]",[0.0],[0.0],"[6.0, 4.0, 1.0]","[1.0, 0.0]","[5.0, 3.0]","[12.0, 9.0, 7.0, 4.0]","[1.0, 0.0]","[1.0, 0.0]","[1.0, 0.0]",[0.0],[0.0],[0.0],"[1.0, 0.0]","[4.0, 2.0, 1.0]","[5.0, 3.0, 1.0]","[6.0, 3.0, 1.0]",[0.0],[0.0],[0.0],"[7.0, 5.0, 4.0]",[0.0],"[7.0, 6.0, 5.0, 4.0]","[5.0, 2.0, 0.0]","[1.0, 0.0]",[1.0],"[0.07, 0.03, 0.0]","[0.09, 0.0]",[0.28],[0.0],"[1.0, 0.0]",[0.0],"[12.05, 9.19, 7.13, 3.77]","[7.0, 4.0, 1.0]","[7.12, 4.26, 0.92]","[6.0, 5.0, 4.0, 3.0]","[0.06, 0.04, 0.01]","[0.03, 0.0]",[0.28],"[0.23, 0.16, 0.01]","[0.24, 0.18, 0.01]","[0.23, 0.17, 0.01]","[87.0, 67.0, 44.0, 23.0]",[0.0],"[21.0, 16.0, 11.0, 5.0]","[7.0, 5.0, 2.0, 1.0]","[59.0, 46.0, 31.0, 17.0]","[10.0, 7.0, 5.0, 3.0]","[10.0, 9.0, 6.0, 4.0]","[11.0, 9.0, 4.0]","[56.0, 42.0, 24.0, 12.0]",[0.0],[0.0],"[9955.0, 7375.0, 4960.0, 2493.0]",[0.0],[0.0],[0.0],"[11.0, 10.0, 6.0, 2.0]","[40.45, 26.79, 22.25, 10.8]","[4.46, 3.46, 2.36, 1.03]","[4.38, 3.38, 2.29, 0.97]","[4.53, 3.58, 2.45, 0.96]","[4.45, 3.5, 2.38, 0.91]","[36.0, 23.0, 19.0, 7.0]","[21.0, 15.0, 12.0, 8.0]","[23.0, 17.0, 13.0, 7.0]","[80.0, 55.0, 44.0, 22.0]","[2.0, 1.0, 0.0]","[7.0, 4.0, 3.0, 1.0]",[0.0],"[38.0, 23.0, 20.0, 11.0]","[15.0, 12.0, 9.0, 3.0]","[4.0, 3.0, 2.0, 1.0]","[1.01, 0.65, 0.57, 0.39]","[1.93, 1.6, 1.17, 0.35]","[1.53, 1.2, 0.61, 0.28]","[1.0, 0.0]","[1.0, 0.0]",[0.0],"[80.74, 56.96, 45.49, 20.57]","[57.0, 38.0, 31.0, 15.0]","[57.51, 39.46, 32.14, 14.07]","[0.52, 0.38, 0.3, 0.16]","[1.13, 0.74, 0.62, 0.28]","[1.13, 0.74, 0.62, 0.28]","[3.86, 3.1, 2.04, 0.9]","[3.93, 3.22, 2.13, 0.84]","[3.88, 3.17, 2.1, 0.82]","[44.34, 38.36, 26.38, 9.73]","[4.41, 3.8, 3.23, 1.17]","[3.96, 3.38, 2.82, 1.12]","[4.42, 3.75, 3.22, 1.2]","[3.97, 3.33, 2.8, 1.15]","[39.0, 34.0, 23.0, 7.0]","[21.0, 18.0, 12.0, 6.0]","[29.0, 25.0, 18.0, 7.0]","[89.0, 77.0, 53.0, 20.0]","[5.0, 4.0, 2.0]","[8.0, 7.0, 1.0]",[0.0],"[45.0, 40.0, 24.0, 12.0]","[9.0, 7.0, 6.0, 0.0]","[6.0, 5.0, 1.0]","[1.33, 1.17, 0.76, 0.45]","[1.03, 0.81, 0.65, 0.0]","[2.06, 1.82, 0.72]","[2.0, 1.0]","[1.0, 0.0]","[2.0, 1.0]","[87.77, 74.99, 51.83, 21.0]","[60.0, 52.0, 35.0, 13.0]","[59.19, 50.63, 34.31, 13.54]","[0.71, 0.62, 0.47, 0.11]","[1.11, 1.08, 0.03]","[1.11, 1.08, 0.03]","[4.01, 3.34, 2.63, 1.25]","[4.02, 3.28, 2.6, 1.28]","[3.73, 3.04, 2.36, 1.24]","[11.14, 8.32, 6.24, 3.3]","[7.7, 5.97, 3.19, 1.89]","[186.0, 147.0, 106.0, 59.0]","[144.0, 118.0, 71.0, 33.0]",[0.0],[0.0],[0.0],[0.0],[0.0],[0.0]
['8478911'],['2025'],['Matt Roy'],['WSH'],['D'],['all'],"['4', '3', '2', '1']","[4587.0, 3490.0, 2261.0, 1055.0]","[83.0, 62.0, 42.0, 21.0]","[0.35, 0.15, -0.1, -0.57]","[0.46, 0.41, 0.37]","[0.67, 0.62, 0.61]","[0.52, 0.44, 0.42, 0.37]","[0.63, 0.59, 0.58, 0.57]","[0.43, 0.42, 0.39, 0.34]","[0.61, 0.56, 0.55, 0.54]","[16.0, 11.0, 7.0, 4.0]","[3.48, 2.08, 1.43]","[0.11, 0.07, 0.03]","[0.17, 0.11, 0.06]","[0.96, 0.54, 0.42]","[0.12, 0.08, 0.06]","[1.99, 1.18, 0.74]","[1.65, 1.02, 0.7]","[0.11, 0.07, 0.03]","[0.1, 0.07, 0.03]","[0.1, 0.07, 0.03]",[0.0],[0.0],"[4.0, 3.0, 2.0]","[1.0, 0.0]","[3.0, 2.0, 1.0]","[8.0, 6.0, 4.0, 3.0]",[0.0],[0.0],[0.0],[0.0],"[3.0, 2.0]",[0.0],[0.0],"[2.0, 1.0, 0.0]","[4.0, 3.0, 2.0]","[5.0, 3.0, 2.0]","[1.0, 0.0]","[2.0, 0.0]",[0.0],"[5.0, 3.0]","[1.0, 0.0]","[3.0, 1.0]","[5.0, 3.0, 2.0]",[0.0],[0.0],"[0.11, 0.07, 0.03]",[0.0],[0.0],[0.0],[0.0],[0.0],"[7.9, 6.02, 3.95, 2.8]","[5.0, 3.0, 2.0]","[4.81, 2.92, 1.89]","[3.0, 1.0]","[0.03, 0.02, 0.01]",[0.0],[0.0],"[0.14, 0.09, 0.04]","[0.14, 0.09, 0.04]","[0.14, 0.09, 0.04]","[83.0, 62.0, 42.0, 21.0]","[2.0, 1.0]","[14.0, 12.0, 6.0, 5.0]","[10.0, 9.0, 2.0]","[57.0, 39.0, 26.0, 13.0]","[9.0, 7.0, 5.0, 3.0]","[16.0, 11.0, 7.0, 2.0]","[6.0, 3.0, 2.0]","[52.0, 41.0, 28.0, 14.0]",[0.0],[0.0],"[9892.0, 7310.0, 4939.0, 2545.0]","[2.0, 0.0]",[0.0],[0.0],"[11.0, 6.0, 2.0]","[31.53, 22.67, 15.34, 7.52]","[4.34, 2.96, 1.77, 0.72]","[4.04, 2.8, 1.69, 0.69]","[4.4, 3.1, 1.83, 0.67]","[4.1, 2.92, 1.76, 0.64]","[27.0, 22.0, 15.0, 8.0]","[15.0, 8.0, 6.0, 2.0]","[21.0, 17.0, 13.0, 7.0]","[63.0, 47.0, 34.0, 17.0]",[0.0],"[5.0, 3.0, 2.0, 1.0]",[0.0],"[24.0, 17.0, 11.0, 6.0]","[10.0, 8.0, 3.0]","[8.0, 5.0, 2.0, 1.0]","[0.57, 0.37, 0.26, 0.14]","[1.19, 0.9, 0.3]","[2.59, 1.69, 0.61, 0.28]",[0.0],[0.0],[0.0],"[64.04, 49.15, 35.41, 15.88]","[42.0, 30.0, 21.0, 10.0]","[42.62, 31.38, 21.92, 9.44]","[0.37, 0.25, 0.19, 0.09]","[1.38, 0.81, 0.61, 0.28]","[1.38, 0.81, 0.61, 0.28]","[3.34, 2.41, 1.35, 0.53]","[3.41, 2.52, 1.41, 0.5]","[3.34, 2.48, 1.37, 0.49]","[47.26, 41.87, 20.08, 9.71]","[5.17, 4.23, 2.04, 1.25]","[4.88, 3.94, 1.97, 1.2]","[5.09, 4.12, 2.01, 1.28]","[4.81, 3.83, 1.94, 1.24]","[41.0, 35.0, 15.0, 4.0]","[25.0, 23.0, 14.0, 9.0]","[22.0, 14.0, 3.0]","[88.0, 80.0, 43.0, 16.0]","[2.0, 1.0]","[3.0, 1.0]",[0.0],"[48.0, 42.0, 24.0, 11.0]","[13.0, 12.0, 3.0, 1.0]","[5.0, 4.0, 2.0, 1.0]","[1.58, 1.28, 0.8, 0.42]","[1.5, 1.41, 0.29, 0.11]","[2.09, 1.54, 0.94, 0.72]",[0.0],[0.0],"[2.0, 1.0]","[85.38, 76.8, 41.29, 16.98]","[66.0, 58.0, 29.0, 13.0]","[64.86, 56.3, 28.43, 13.79]","[0.67, 0.61, 0.29, 0.11]","[0.59, 0.03]","[0.63, 0.03]","[5.21, 4.21, 2.3, 1.33]","[5.14, 4.1, 2.27, 1.37]","[4.94, 3.9, 2.2, 1.33]","[11.26, 8.81, 6.83, 3.61]","[6.94, 5.54, 4.39, 1.81]","[203.0, 155.0, 116.0, 64.0]","[145.0, 115.0, 81.0, 37.0]",[0.0],[0.0],[0.0],[0.0],[0.0],[0.0]
['8480873'],['2025'],['Rasmus Sandin'],['WSH'],['D'],['all'],"['4', '3', '2', '1']","[4667.0, 3536.0, 2257.0, 996.0]","[87.0, 65.0, 44.0, 22.0]","[0.2, 0.05, -0.4, -0.55]","[0.75, 0.61, 0.52, 0.5]","[0.58, 0.57, 0.56, 0.53]","[0.65, 0.52, 0.47, 0.46]","[0.59, 0.56, 0.53]","[0.6, 0.49, 0.43, 0.42]","[0.55, 0.54, 0.53, 0.51]","[13.0, 10.0, 7.0, 5.0]","[5.08, 3.52, 2.86, 1.46]","[0.17, 0.15, 0.11, 0.08]","[0.27, 0.21, 0.17, 0.11]","[1.74, 1.05, 0.85, 0.38]","[0.15, 0.11, 0.09, 0.04]","[2.79, 2.06, 1.65, 0.87]","[1.88, 1.42, 1.13, 0.53]","[0.16, 0.13, 0.09, 0.07]","[0.17, 0.15, 0.11, 0.08]","[0.16, 0.14, 0.09, 0.07]",[0.0],[0.0],[2.0],"[5.0, 3.0, 2.0, 0.0]","[7.0, 5.0, 2.0, 0.0]","[14.0, 10.0, 6.0, 2.0]",[0.0],[0.0],"[1.0, 0.0]",[0.0],"[2.0, 1.0]",[0.0],"[2.0, 1.0]","[2.0, 1.0, 0.0]",[2.0],"[7.0, 5.0, 4.0, 2.0]",[0.0],[0.0],[0.0],"[9.0, 7.0, 6.0, 3.0]",[1.0],"[6.0, 3.0, 2.0, 0.0]","[7.0, 5.0, 4.0, 2.0]",[0.0],[0.0],"[0.17, 0.15, 0.11, 0.08]",[0.0],[0.0],[0.0],[0.0],[0.0],"[14.48, 10.82, 6.59, 1.97]","[7.0, 5.0, 4.0, 2.0]","[7.13, 5.29, 4.26, 1.97]","[1.0, 0.0]","[0.06, 0.05, 0.04, 0.03]","[0.29, 0.0]",[0.0],"[0.23, 0.19, 0.14, 0.11]","[0.23, 0.2, 0.15, 0.1]","[0.21, 0.18, 0.13, 0.09]","[87.0, 65.0, 44.0, 22.0]","[13.0, 9.0, 7.0, 5.0]","[11.0, 9.0, 3.0, 2.0]","[9.0, 8.0, 2.0]","[54.0, 38.0, 26.0, 13.0]","[10.0, 8.0, 7.0, 5.0]","[14.0, 9.0, 6.0, 3.0]","[9.0, 6.0, 2.0, 1.0]","[54.0, 42.0, 29.0, 13.0]",[0.0],[0.0],"[9812.0, 7264.0, 4943.0, 2604.0]",[0.0],[0.0],[0.0],"[6.0, 5.0, 3.0, 1.0]","[34.94, 28.97, 19.97, 13.2]","[4.43, 3.31, 2.02, 1.47]","[4.05, 3.08, 1.87, 1.36]","[4.45, 3.4, 2.02, 1.42]","[4.08, 3.15, 1.88, 1.31]","[29.0, 27.0, 19.0, 14.0]","[17.0, 11.0, 8.0, 4.0]","[28.0, 23.0, 16.0, 8.0]","[74.0, 61.0, 43.0, 26.0]","[1.0, 0.0]","[6.0, 4.0, 3.0, 2.0]",[0.0],"[30.0, 26.0, 18.0, 12.0]","[8.0, 7.0, 4.0]","[8.0, 5.0, 2.0]","[0.89, 0.8, 0.59, 0.44]","[1.12, 0.99, 0.59]","[2.42, 1.52, 0.44]","[1.0, 0.0]",[0.0],[0.0],"[75.27, 63.14, 44.17, 25.14]","[46.0, 38.0, 27.0, 18.0]","[46.53, 39.06, 27.57, 17.52]","[0.59, 0.51, 0.4, 0.23]","[1.24, 0.68, 0.47, 0.44]","[1.24, 0.68, 0.47, 0.44]","[3.77, 3.14, 1.94, 1.26]","[3.85, 3.24, 1.98, 1.24]","[3.67, 3.1, 1.85, 1.13]","[44.69, 38.35, 19.4, 9.03]","[4.14, 3.29, 1.29, 0.5]","[3.9, 3.04, 1.26, 0.5]","[4.07, 3.19, 1.26, 0.54]","[3.83, 2.96, 1.24, 0.54]","[40.0, 33.0, 14.0, 3.0]","[22.0, 20.0, 14.0, 9.0]","[20.0, 19.0, 11.0, 2.0]","[82.0, 72.0, 39.0, 14.0]","[1.0, 0.0]","[3.0, 2.0, 0.0]",[0.0],"[47.0, 39.0, 24.0, 11.0]","[11.0, 3.0, 1.0]","[4.0, 3.0, 1.0, 0.0]","[1.46, 1.16, 0.77, 0.39]","[1.31, 0.29, 0.11]","[1.38, 0.82, 0.22, 0.0]",[0.0],[0.0],"[1.0, 0.0]","[80.08, 69.36, 37.56, 15.02]","[62.0, 53.0, 28.0, 12.0]","[61.24, 51.65, 27.5, 12.86]","[0.61, 0.55, 0.27, 0.09]","[0.59, 0.56, 0.0]","[0.63, 0.6, 0.0]","[4.13, 3.24, 1.55, 0.59]","[4.06, 3.15, 1.52, 0.63]","[3.91, 3.0, 1.5, 0.63]","[11.18, 8.46, 6.58, 2.86]","[7.97, 6.48, 5.14, 2.56]","[192.0, 141.0, 107.0, 55.0]","[151.0, 123.0, 85.0, 39.0]",[0.0],[0.0],[0.0],[0.0],[0.0],[0.0]
['8477845'],['2025'],['Trevor van Riemsdyk'],['WSH'],['D'],['all'],"['3', '2', '1']","[2553.0, 1654.0, 752.0]","[56.0, 36.0, 18.0]","[0.28, 0.1, -0.38]","[0.64, 0.55, 0.45]","[0.61, 0.6, 0.56]","[0.52, 0.46, 0.35]","[0.65, 0.59, 0.55]","[0.44, 0.42, 0.33]","[0.62, 0.58, 0.54]","[18.0, 12.0, 6.0]","[2.11, 1.42, 0.73]","[0.25, 0.24, 0.21]","[0.14, 0.11, 0.06]","[0.73, 0.53, 0.26]","[0.1, 0.08, 0.05]","[1.09, 0.65, 0.26]","[0.68, 0.4, 0.15]","[0.22, 0.21, 0.18]","[0.24, 0.23, 0.19]","[0.21, 0.2, 0.17]",[0.0],[0.0],"[2.0, 1.0]","[1.0, 0.0]","[1.0, 0.0]","[4.0, 3.0, 1.0]",[0.0],[0.0],[0.0],[0.0],[0.0],[0.0],[0.0],"[3.0, 2.0, 1.0]","[2.0, 1.0]","[3.0, 2.0, 1.0]","[2.0, 1.0]","[4.0, 2.0]",[0.0],[0.0],[0.0],"[1.0, 0.0]","[2.0, 1.0, 0.0]",[0.0],[1.0],"[0.04, 0.03, 0.0]",[0.0],[0.21],[0.0],[0.0],[0.0],"[4.09, 3.17, 0.92]","[3.0, 2.0, 1.0]","[2.98, 2.06, 0.92]","[1.0, 0.0]","[0.03, 0.02, 0.01]",[0.0],[0.21],"[0.07, 0.05, 0.01]","[0.08, 0.05, 0.01]","[0.07, 0.05, 0.01]","[56.0, 36.0, 18.0]","[4.0, 1.0]","[6.0, 4.0, 2.0]","[11.0, 5.0, 4.0]","[35.0, 23.0, 11.0]","[6.0, 4.0, 3.0]","[7.0, 5.0, 2.0]","[1.0, 0.0]","[42.0, 26.0, 13.0]",[0.0],[0.0],"[8326.0, 5546.0, 2848.0]","[4.0, 2.0]","[2.0, 0.0]","[1.0, 0.0]","[2.0, 0.0]","[16.64, 12.86, 4.27]","[2.15, 1.97, 0.51]","[2.05, 1.86, 0.47]","[2.23, 2.06, 0.48]","[2.12, 1.95, 0.43]","[16.0, 12.0, 5.0]","[7.0, 6.0, 1.0]","[9.0, 1.0]","[32.0, 27.0, 7.0]","[2.0, 0.0]",[1.0],[0.0],"[13.0, 8.0, 3.0]","[6.0, 2.0]","[4.0, 1.0]","[0.4, 0.21, 0.05]","[0.67, 0.66, 0.25]","[1.08, 0.21]","[1.0, 0.0]","[1.0, 0.0]",[0.0],"[34.19, 29.5, 6.63]","[23.0, 18.0, 6.0]","[23.93, 19.24, 5.66]","[0.21, 0.18, 0.06]",[0.21],[0.21],"[2.15, 1.93, 0.37]","[2.25, 2.05, 0.34]","[2.16, 1.96, 0.32]","[24.53, 17.46, 9.13]","[1.78, 1.11, 0.64]","[1.75, 1.09, 0.63]","[1.83, 1.11, 0.69]","[1.8, 1.09, 0.67]","[18.0, 13.0, 5.0]","[14.0, 10.0, 7.0]","[5.0, 2.0, 1.0]","[37.0, 25.0, 13.0]",[0.0],"[4.0, 3.0, 2.0]",[0.0],"[26.0, 20.0, 11.0]","[5.0, 2.0, 0.0]",[1.0],"[0.78, 0.55, 0.33]","[0.69, 0.25, 0.0]",[0.31],[0.0],[0.0],[0.0],"[37.53, 24.79, 14.05]","[32.0, 23.0, 12.0]","[32.24, 22.75, 12.93]","[0.31, 0.21, 0.1]","[0.73, 0.56, 0.39]","[0.73, 0.56, 0.39]","[1.36, 0.76, 0.35]","[1.4, 0.75, 0.38]","[1.39, 0.74, 0.37]","[10.29, 6.63, 3.82]","[6.99, 5.31, 2.42]","[182.0, 123.0, 74.0]","[125.0, 99.0, 40.0]",[0.0],[0.0],[0.0],[0.0],[0.0],[0.0]
['8481557'],['2025'],['Matt Boldy'],['MIN'],['L'],['all'],"['4', '3', '2', '1']","[5562.0, 4005.0, 2538.0, 1014.0]","[84.0, 64.0, 40.0, 17.0]","[8.15, 5.92, 5.25, 2.52]","[0.74, 0.65, 0.6, 0.59]","[0.45, 0.43, 0.29]","[0.64, 0.63, 0.61, 0.5]","[0.44, 0.43, 0.42]","[0.66, 0.64, 0.63, 0.52]","[0.45, 0.43, 0.42, 0.38]","[8.0, 7.0, 5.0, 4.0]","[23.76, 13.32, 10.26, 2.72]","[3.6, 1.37, 1.11, 0.15]","[1.61, 1.0, 0.78, 0.2]","[5.26, 3.23, 2.55, 0.62]","[0.73, 0.41, 0.31, 0.08]","[12.58, 7.57, 5.68, 1.66]","[8.22, 4.42, 3.58, 1.29]","[2.23, 1.26, 1.0, 0.15]","[3.61, 1.36, 1.1, 0.17]","[2.24, 1.25, 0.99, 0.17]","[1.0, 0.0]","[3.0, 2.0]","[19.0, 9.0, 6.0, 1.0]","[13.0, 9.0, 8.0, 3.0]","[8.0, 5.0, 3.0, 1.0]","[40.0, 23.0, 17.0, 5.0]","[8.0, 7.0, 6.0, 3.0]","[4.0, 3.0, 2.0, 1.0]","[1.0, 0.0]","[1.0, 0.0]","[3.0, 2.0, 0.0]",[0.0],"[9.0, 4.0, 3.0, 2.0]","[15.0, 8.0, 7.0, 1.0]","[15.0, 6.0, 4.0, 0.0]","[28.0, 15.0, 12.0, 3.0]","[1.0, 0.0]","[2.0, 0.0]","[3.0, 2.0, 0.0]","[2.0, 0.0]",[0.0],"[7.0, 6.0, 3.0, 1.0]","[22.0, 13.0, 11.0, 4.0]","[5.0, 4.0, 2.0, 0.0]","[5.0, 1.0, 0.0]","[0.79, 0.54, 0.48, 0.15]","[0.5, 0.41, 0.2, 0.0]","[2.31, 0.42, 0.0]",[1.0],"[1.0, 0.0]","[2.0, 1.0, 0.0]","[39.81, 23.37, 17.25, 5.83]","[32.0, 18.0, 14.0, 4.0]","[31.99, 18.06, 14.01, 4.5]","[4.0, 3.0, 1.0, 0.0]","[0.4, 0.24, 0.19, 0.04]","[0.04, 0.0]","[0.75, 0.42, 0.0]","[3.24, 1.19, 0.87, 0.2]","[3.24, 1.18, 0.87, 0.22]","[1.97, 1.15, 0.83, 0.21]","[84.0, 64.0, 40.0, 17.0]","[25.0, 18.0, 12.0, 3.0]","[8.0, 6.0, 4.0, 2.0]","[15.0, 11.0, 4.0, 1.0]","[36.0, 29.0, 20.0, 11.0]","[10.0, 8.0, 6.0, 3.0]","[12.0, 10.0, 7.0, 3.0]","[25.0, 19.0, 12.0, 5.0]","[37.0, 27.0, 15.0, 6.0]","[3.0, 2.0, 0.0]","[5.0, 3.0, 2.0, 0.0]","[9138.0, 7095.0, 4662.0, 2586.0]","[2.0, 0.0]",[2.0],[1.0],"[2.0, 1.0]","[75.1, 52.54, 36.39, 8.93]","[10.11, 6.23, 4.32, 1.55]","[8.4, 5.82, 4.08, 1.48]","[10.15, 6.24, 4.33, 1.62]","[8.43, 5.83, 4.1, 1.55]","[70.0, 46.0, 32.0, 4.0]","[33.0, 26.0, 19.0, 8.0]","[28.0, 17.0, 12.0, 2.0]","[131.0, 89.0, 63.0, 14.0]","[11.0, 9.0, 7.0, 3.0]","[9.0, 6.0, 4.0, 1.0]","[2.0, 1.0]","[73.0, 51.0, 38.0, 10.0]","[16.0, 14.0, 9.0, 0.0]","[14.0, 7.0, 4.0, 2.0]","[2.38, 1.85, 1.45, 0.4]","[1.86, 1.68, 1.08, 0.0]","[5.88, 2.71, 1.79, 1.15]","[2.0, 1.0]","[4.0, 3.0, 0.0]","[5.0, 3.0, 2.0]","[129.88, 88.88, 62.36, 15.67]","[103.0, 72.0, 51.0, 12.0]","[102.44, 71.67, 50.45, 13.01]","[1.34, 0.98, 0.66, 0.14]","[2.9, 2.26, 1.58, 0.92]","[2.9, 2.26, 1.58, 0.92]","[8.55, 4.95, 3.4, 0.77]","[8.57, 4.96, 3.41, 0.85]","[7.02, 4.68, 3.28, 0.82]","[41.6, 30.7, 18.19, 7.51]","[6.99, 4.14, 2.31, 0.53]","[6.95, 4.13, 2.3, 0.52]","[6.99, 4.13, 2.31, 0.5]","[6.95, 4.12, 2.31, 0.5]","[39.0, 30.0, 21.0, 8.0]","[19.0, 13.0, 5.0, 3.0]","[19.0, 13.0, 9.0, 3.0]","[77.0, 56.0, 35.0, 14.0]","[9.0, 5.0, 4.0, 0.0]",[0.0],[0.0],"[39.0, 32.0, 21.0, 8.0]","[12.0, 6.0, 3.0]","[7.0, 5.0, 2.0, 0.0]","[1.06, 0.92, 0.63, 0.24]","[1.46, 0.63, 0.29]","[4.47, 2.59, 1.39, 0.0]","[2.0, 0.0]","[2.0, 0.0]","[5.0, 3.0, 2.0, 0.0]","[77.51, 55.62, 35.7, 12.87]","[58.0, 43.0, 26.0, 11.0]","[58.24, 43.09, 26.4, 10.35]","[0.57, 0.42, 0.24, 0.11]",[0.0],[0.0],"[7.55, 4.55, 2.54, 0.64]","[7.56, 4.55, 2.55, 0.61]","[7.51, 4.54, 2.54, 0.6]","[5.13, 4.26, 3.14, 1.06]","[6.87, 5.71, 3.78, 2.59]","[121.0, 95.0, 72.0, 35.0]","[164.0, 133.0, 91.0, 47.0]",[0.0],[0.0],[0.0],[0.0],[0.0],[0.0]
['8478493'],['2025'],['Joel Eriksson Ek'],['MIN'],['C'],['all'],"['4', '3', '2', '1']","[4779.0, 3516.0, 2220.0, 1060.0]","[82.0, 63.0, 42.0, 23.0]","[3.59, 3.49, 2.63, 1.24]","[0.72, 0.69, 0.57]","[0.5, 0.47, 0.41, 0.35]","[0.59, 0.57, 0.55, 0.53]","[0.49, 0.48, 0.46, 0.41]","[0.66, 0.61, 0.58, 0.53]","[0.5, 0.48, 0.46, 0.39]","[12.0, 9.0, 6.0, 2.0]","[12.51, 9.47, 4.85, 2.38]","[2.49, 2.22, 1.18, 0.94]","[0.91, 0.69, 0.23, 0.06]","[2.74, 2.15, 1.05, 0.41]","[0.37, 0.28, 0.12, 0.05]","[5.51, 3.95, 1.86, 0.9]","[3.98, 2.72, 1.57, 0.64]","[2.3, 2.03, 1.13, 0.9]","[2.49, 2.22, 1.18, 0.94]","[2.31, 2.03, 1.14, 0.9]","[2.0, 0.0]","[1.0, 0.0]","[13.0, 10.0, 5.0, 3.0]","[3.0, 2.0, 1.0, 0.0]","[5.0, 4.0, 3.0, 1.0]","[21.0, 16.0, 9.0, 4.0]","[4.0, 3.0, 1.0]",[1.0],[0.0],[1.0],"[3.0, 1.0, 0.0]",[0.0],"[6.0, 5.0, 3.0, 2.0]","[6.0, 3.0, 1.0, 0.0]","[12.0, 9.0, 4.0, 2.0]","[15.0, 11.0, 5.0, 2.0]","[3.0, 1.0, 0.0]","[6.0, 2.0, 0.0]","[48.0, 34.0, 17.0, 9.0]","[9.0, 5.0, 3.0, 2.0]","[1.0, 0.0]","[1.0, 0.0]","[10.0, 7.0, 4.0, 2.0]","[1.0, 0.0]","[5.0, 2.0, 1.0]","[0.31, 0.16, 0.04, 0.02]","[0.12, 0.0]","[2.06, 1.14, 0.92]",[0.0],[0.0],[1.0],"[21.35, 16.55, 9.32, 4.58]","[16.0, 12.0, 6.0, 3.0]","[16.18, 12.28, 6.18, 3.32]",[0.0],"[0.22, 0.18, 0.05, 0.02]",[0.0],"[1.82, 1.14, 0.92]","[0.89, 0.58, 0.09, 0.03]","[0.9, 0.58, 0.09, 0.04]","[0.79, 0.47, 0.09, 0.04]","[82.0, 63.0, 42.0, 23.0]","[23.0, 18.0, 11.0, 3.0]","[14.0, 10.0, 6.0, 4.0]","[17.0, 14.0, 9.0, 5.0]","[28.0, 21.0, 16.0, 11.0]","[10.0, 6.0, 3.0]","[9.0, 8.0, 6.0, 4.0]","[18.0, 11.0, 9.0, 4.0]","[45.0, 38.0, 21.0, 12.0]","[48.0, 34.0, 17.0, 9.0]","[51.0, 35.0, 26.0, 13.0]","[9921.0, 7584.0, 4980.0, 2540.0]","[6.0, 2.0, 0.0]","[6.0, 4.0, 2.0]","[3.0, 2.0, 1.0]",[0.0],"[51.58, 39.12, 27.66, 7.66]","[6.22, 5.06, 3.41, 1.14]","[5.83, 4.69, 3.22, 1.1]","[6.21, 5.06, 3.41, 1.15]","[5.82, 4.69, 3.21, 1.11]","[56.0, 43.0, 29.0, 8.0]","[13.0, 9.0, 8.0, 2.0]","[19.0, 12.0, 11.0, 8.0]","[88.0, 64.0, 48.0, 18.0]","[8.0, 7.0, 5.0, 1.0]","[7.0, 6.0, 4.0, 1.0]","[2.0, 1.0]","[49.0, 35.0, 26.0, 8.0]","[12.0, 11.0, 8.0, 1.0]","[8.0, 6.0, 3.0, 1.0]","[1.57, 1.23, 0.85, 0.13]","[1.46, 1.34, 1.0, 0.09]","[3.18, 2.48, 1.56, 0.92]","[1.0, 0.0]","[4.0, 3.0, 0.0]","[3.0, 2.0, 1.0]","[89.16, 66.02, 49.79, 20.46]","[69.0, 52.0, 37.0, 10.0]","[69.02, 52.46, 37.36, 10.9]","[0.93, 0.75, 0.48, 0.09]","[2.55, 2.27, 1.59, 0.92]","[2.55, 2.27, 1.59, 0.92]","[4.6, 3.54, 2.3, 0.3]","[4.6, 3.54, 2.3, 0.32]","[4.37, 3.32, 2.22, 0.32]","[34.58, 23.1, 13.12, 6.01]","[4.72, 1.93, 1.5, 0.45]","[4.67, 1.93, 1.5, 0.45]","[4.7, 1.9, 1.48, 0.41]","[4.65, 1.9, 1.48, 0.41]","[33.0, 21.0, 12.0, 6.0]","[16.0, 12.0, 7.0, 3.0]","[22.0, 15.0, 14.0, 7.0]","[71.0, 48.0, 33.0, 16.0]","[4.0, 1.0, 0.0]","[2.0, 1.0, 0.0]",[0.0],"[39.0, 29.0, 16.0, 8.0]","[5.0, 2.0, 1.0, 0.0]","[5.0, 2.0, 1.0]","[0.97, 0.64, 0.36, 0.22]","[0.54, 0.23, 0.09, 0.0]","[3.2, 1.06, 0.23]","[1.0, 0.0]",[0.0],"[3.0, 1.0, 0.0]","[71.05, 47.01, 32.44, 14.57]","[49.0, 33.0, 19.0, 9.0]","[48.51, 32.25, 18.44, 8.15]","[0.59, 0.44, 0.25, 0.09]","[0.29, 0.03, 0.0]","[0.29, 0.03, 0.0]","[5.02, 2.34, 1.73, 0.54]","[4.99, 2.3, 1.7, 0.49]","[4.97, 2.29, 1.7, 0.49]","[9.02, 5.43, 4.05, 1.47]","[9.14, 7.92, 4.58, 2.67]","[164.0, 120.0, 87.0, 31.0]","[170.0, 141.0, 93.0, 45.0]",[0.0],[0.0],[0.0],[0.0],[0.0],[0.0]
['8475220'],['2025'],['Marcus Foligno'],['MIN'],['L'],['all'],"['4', '3', '2', '1']","[3299.0, 2418.0, 1600.0, 884.0]","[65.0, 50.0, 34.0, 20.0]","[0.54, 0.49, 0.45]","[0.35, 0.33, 0.28, 0.1]","[0.58, 0.55, 0.54, 0.5]","[0.5, 0.45, 0.43, 0.42]","[0.54, 0.51, 0.42]","[0.47, 0.44, 0.43]","[0.55, 0.52, 0.42]","[33.0, 26.0, 18.0, 9.0]","[4.96, 3.37, 1.77]","[0.54, 0.31, 0.02]","[0.27, 0.15, 0.02]","[1.07, 0.64, 0.3]","[0.14, 0.1, 0.05]","[1.9, 1.18, 0.47]","[2.08, 1.63, 1.13]","[0.54, 0.31, 0.02]","[0.56, 0.32, 0.02]","[0.56, 0.32, 0.02]",[0.0],[0.0],"[4.0, 2.0]","[2.0, 0.0]",[1.0],"[7.0, 5.0, 3.0]",[0.0],[0.0],[0.0],[0.0],[0.0],[0.0],"[3.0, 2.0, 0.0]","[3.0, 2.0]","[4.0, 2.0]","[6.0, 4.0, 2.0]","[1.0, 0.0]","[2.0, 0.0]",[0.0],"[8.0, 5.0, 2.0, 1.0]","[1.0, 0.0]","[2.0, 1.0]","[4.0, 3.0, 2.0]","[1.0, 0.0]","[1.0, 0.0]","[0.13, 0.07, 0.02]","[0.17, 0.0]","[0.24, 0.0]",[0.0],[0.0],[0.0],"[7.61, 5.66, 3.4]","[6.0, 4.0, 2.0]","[6.22, 4.29, 2.19]","[1.0, 0.0]","[0.06, 0.03, 0.0]",[0.0],[0.0],"[0.6, 0.34, 0.03]","[0.62, 0.35, 0.03]","[0.62, 0.35, 0.03]","[65.0, 50.0, 34.0, 20.0]","[6.0, 5.0, 4.0, 2.0]","[13.0, 10.0, 6.0, 3.0]","[16.0, 12.0, 9.0, 5.0]","[30.0, 23.0, 15.0, 10.0]","[12.0, 11.0, 6.0, 3.0]","[10.0, 7.0, 4.0]","[7.0, 5.0, 3.0, 2.0]","[36.0, 24.0, 18.0, 11.0]",[0.0],"[1.0, 0.0]","[11401.0, 8682.0, 5600.0, 2716.0]","[2.0, 0.0]","[4.0, 2.0, 0.0]","[2.0, 1.0, 0.0]","[5.0, 4.0]","[24.47, 17.82, 12.07, 5.3]","[1.25, 0.83, 0.33, 0.07]","[1.24, 0.82, 0.32, 0.07]","[1.26, 0.83, 0.31, 0.07]","[1.24, 0.82, 0.3, 0.07]","[23.0, 16.0, 12.0, 6.0]","[10.0, 8.0, 4.0, 1.0]","[13.0, 11.0, 9.0, 8.0]","[46.0, 35.0, 25.0, 15.0]",[0.0],"[1.0, 0.0]",[0.0],"[28.0, 21.0, 15.0, 7.0]","[4.0, 2.0, 1.0, 0.0]","[1.0, 0.0]","[0.49, 0.34, 0.22, 0.07]","[0.52, 0.25, 0.1, 0.0]","[0.24, 0.0]",[0.0],[0.0],[0.0],"[47.94, 37.36, 26.61, 17.42]","[33.0, 24.0, 16.0, 7.0]","[33.19, 24.42, 16.19, 7.87]","[0.27, 0.19, 0.11, 0.03]","[0.03, 0.0]","[0.03, 0.0]","[1.49, 0.99, 0.41, 0.1]","[1.5, 0.99, 0.39, 0.11]","[1.49, 0.99, 0.39, 0.11]","[31.61, 21.9, 12.18, 5.5]","[2.54, 1.55, 0.86, 0.59]","[2.48, 1.54, 0.86, 0.59]","[2.51, 1.52, 0.82, 0.54]","[2.45, 1.51, 0.82, 0.54]","[29.0, 20.0, 9.0, 4.0]","[15.0, 11.0, 9.0, 4.0]","[19.0, 15.0, 13.0, 7.0]","[63.0, 46.0, 31.0, 15.0]","[2.0, 1.0, 0.0]","[3.0, 2.0, 1.0, 0.0]",[0.0],"[32.0, 26.0, 15.0, 6.0]","[8.0, 2.0, 1.0, 0.0]","[4.0, 3.0, 2.0]","[0.67, 0.53, 0.32, 0.15]","[0.78, 0.2, 0.09, 0.0]","[1.09, 0.82, 0.45]","[1.0, 0.0]",[0.0],"[1.0, 0.0]","[62.97, 45.2, 30.76, 13.57]","[44.0, 31.0, 18.0, 8.0]","[43.82, 30.53, 17.7, 7.15]","[0.55, 0.4, 0.27, 0.09]","[0.31, 0.05, 0.03, 0.0]","[0.31, 0.05, 0.03, 0.0]","[2.78, 1.9, 1.1, 0.68]","[2.74, 1.86, 1.06, 0.62]","[2.71, 1.85, 1.06, 0.62]","[13.99, 9.66, 7.13, 2.54]","[11.32, 8.29, 5.23, 2.53]","[206.0, 149.0, 110.0, 34.0]","[178.0, 143.0, 95.0, 46.0]",[0.0],[0.0],[0.0],[0.0],[0.0],[0.0]
['8483452'],['2025'],['Hunter Haight'],['MIN'],['C'],['all'],"['2', '1']","[1124.0, 627.0]","[24.0, 14.0]","[-0.73, -1.22]","[0.16, 0.0]","[0.62, 0.57]","[0.26, 0.11]","[0.56, 0.52]","[0.25, 0.0]","[0.59, 0.51]","[22.0, 11.0]",[0.0],[0.0],[0.0],[0.0],[0.0],[0.0],[0.0],[0.0],[0.0],[0.0],[0.0],[0.0],[0.0],[0.0],[0.0],[0.0],[0.0],[0.0],[0.0],[0.0],[0.0],[0.0],[0.0],[0.0],[0.0],[0.0],[0.0],[0.0],"[7.0, 5.0]",[2.0],[0.0],[0.0],[0.0],[0.0],[0.0],[0.0],[0.0],[0.0],[0.0],[0.0],[0.0],[0.0],[0.0],[0.0],[0.0],[0.0],[0.0],[0.0],[0.0],[0.0],[0.0],"[24.0, 14.0]","[5.0, 2.0]","[1.0, 0.0]","[4.0, 3.0]","[14.0, 9.0]","[3.0, 1.0]","[6.0, 5.0]","[2.0, 1.0]","[13.0, 7.0]","[7.0, 5.0]","[9.0, 3.0]","[6076.0, 2973.0]",[0.0],[0.0],[0.0],[0.0],"[4.96, 0.0]","[0.31, 0.0]","[0.29, 0.0]","[0.29, 0.0]","[0.27, 0.0]","[5.0, 0.0]","[2.0, 0.0]","[3.0, 2.0]","[10.0, 2.0]",[0.0],[0.0],[0.0],"[6.0, 0.0]","[1.0, 0.0]",[0.0],"[0.18, 0.0]","[0.12, 0.0]",[0.0],[0.0],[0.0],[0.0],"[9.84, 2.37]","[7.0, 0.0]","[6.52, 0.0]","[0.05, 0.0]",[0.0],[0.0],"[0.36, 0.0]","[0.34, 0.0]","[0.32, 0.0]","[15.82, 9.2]","[1.64, 1.13]","[1.55, 1.04]","[1.59, 1.02]","[1.51, 0.95]","[11.0, 7.0]","[10.0, 5.0]","[7.0, 5.0]","[28.0, 17.0]","[2.0, 0.0]",[1.0],[0.0],"[14.0, 8.0]","[4.0, 2.0]","[3.0, 2.0]","[0.33, 0.21]","[0.51, 0.33]","[0.81, 0.59]","[1.0, 0.0]",[0.0],"[1.0, 0.0]","[27.65, 15.39]","[21.0, 12.0]","[21.02, 11.02]","[0.21, 0.13]",[0.38],[0.38],"[1.47, 0.87]","[1.47, 0.8]","[1.39, 0.73]","[7.15, 2.6]","[4.44, 1.99]","[125.0, 47.0]","[98.0, 44.0]",[0.0],[0.0],[0.0],[0.0],[0.0],[0.0]
['8477451'],['2025'],['Ryan Hartman'],['MIN'],['R'],['all'],"['4', '3', '2', '1']","[3912.0, 2997.0, 2034.0, 1072.0]","[71.0, 56.0, 38.0, 18.0]","[2.96, 2.94, 2.91, 2.06]","[0.65, 0.6, 0.58, 0.46]","[0.51, 0.48, 0.45]","[0.57, 0.54, 0.52]","[0.51, 0.5, 0.48, 0.42]","[0.6, 0.54, 0.53, 0.48]","[0.52, 0.51, 0.49, 0.41]","[20.0, 14.0, 8.0, 1.0]","[13.48, 9.73, 8.28, 3.16]","[0.86, 0.79, 0.75, 0.19]","[0.82, 0.63, 0.57, 0.19]","[2.86, 2.01, 1.65, 0.55]","[0.42, 0.3, 0.26, 0.1]","[7.11, 5.18, 4.3, 1.53]","[5.93, 4.09, 3.47, 1.44]","[0.83, 0.77, 0.73, 0.18]","[0.84, 0.77, 0.74, 0.21]","[0.81, 0.75, 0.71, 0.2]",[0.0],[0.0],"[18.0, 13.0, 11.0, 4.0]",[0.0],"[6.0, 5.0, 4.0, 3.0]","[24.0, 18.0, 15.0, 7.0]",[2.0],[2.0],"[1.0, 0.0]",[0.0],"[4.0, 3.0, 2.0, 1.0]",[0.0],"[5.0, 3.0, 2.0, 0.0]","[6.0, 4.0, 1.0]","[16.0, 11.0, 9.0, 2.0]","[16.0, 11.0, 9.0, 2.0]","[1.0, 0.0]","[2.0, 0.0]","[31.0, 25.0, 17.0, 10.0]","[3.0, 2.0, 1.0, 0.0]","[2.0, 1.0, 0.0]","[4.0, 2.0, 0.0]","[15.0, 10.0, 8.0, 3.0]","[2.0, 1.0]","[1.0, 0.0]","[0.26, 0.19, 0.16, 0.07]","[0.26, 0.12]","[0.34, 0.0]",[1.0],[1.0],[0.0],"[23.96, 18.15, 15.04, 7.93]","[18.0, 13.0, 11.0, 4.0]","[17.69, 12.77, 10.75, 4.45]","[2.0, 0.0]","[0.17, 0.13, 0.12, 0.04]","[0.31, 0.0]","[0.34, 0.0]","[0.69, 0.58, 0.54, 0.23]","[0.68, 0.58, 0.53, 0.26]","[0.66, 0.56, 0.51, 0.24]","[71.0, 56.0, 38.0, 18.0]","[5.0, 3.0, 2.0]","[17.0, 15.0, 11.0, 7.0]","[9.0, 6.0, 5.0, 1.0]","[40.0, 32.0, 19.0, 8.0]","[18.0, 16.0, 9.0, 2.0]","[6.0, 5.0, 3.0, 1.0]","[11.0, 9.0, 5.0, 2.0]","[36.0, 26.0, 21.0, 13.0]","[31.0, 25.0, 17.0, 10.0]","[30.0, 24.0, 9.0, 4.0]","[10788.0, 8103.0, 5166.0, 2528.0]","[2.0, 0.0]","[2.0, 0.0]","[1.0, 0.0]","[3.0, 0.0]","[36.64, 28.29, 21.36, 7.72]","[3.76, 3.32, 2.52, 0.84]","[3.72, 3.28, 2.48, 0.83]","[3.74, 3.29, 2.48, 0.94]","[3.69, 3.25, 2.44, 0.92]","[42.0, 32.0, 25.0, 8.0]","[8.0, 7.0, 4.0, 2.0]","[16.0, 14.0, 10.0, 5.0]","[66.0, 53.0, 39.0, 15.0]","[3.0, 2.0]","[3.0, 1.0]",[0.0],"[34.0, 25.0, 19.0, 6.0]","[10.0, 8.0, 5.0, 2.0]","[6.0, 5.0, 2.0]","[0.76, 0.59, 0.45, 0.1]","[1.36, 1.08, 0.67, 0.27]","[1.64, 1.4, 0.48]","[2.0, 1.0]",[1.0],[0.0],"[66.0, 53.35, 38.69, 16.85]","[50.0, 39.0, 29.0, 10.0]","[49.55, 38.77, 28.55, 11.16]","[0.55, 0.43, 0.32, 0.1]","[0.88, 0.24]","[0.88, 0.24]","[3.42, 2.87, 1.96, 0.7]","[3.43, 2.87, 1.94, 0.8]","[3.39, 2.84, 1.91, 0.78]","[32.49, 24.33, 14.09, 8.01]","[2.69, 2.17, 1.36, 1.01]","[2.58, 2.07, 1.27, 0.92]","[2.62, 2.11, 1.3, 0.92]","[2.52, 2.02, 1.21, 0.83]","[32.0, 24.0, 12.0, 5.0]","[12.0, 9.0, 7.0, 6.0]","[17.0, 13.0, 10.0, 3.0]","[61.0, 46.0, 29.0, 14.0]","[2.0, 1.0, 0.0]","[4.0, 3.0]",[0.0],"[32.0, 25.0, 14.0, 7.0]","[9.0, 5.0, 3.0, 2.0]","[3.0, 2.0]","[0.72, 0.6, 0.36, 0.19]","[1.1, 0.71, 0.52, 0.34]","[0.86, 0.48]",[0.0],"[1.0, 0.0]","[1.0, 0.0]","[61.38, 45.47, 29.13, 12.4]","[44.0, 33.0, 19.0, 11.0]","[43.56, 32.22, 18.39, 9.82]","[0.44, 0.35, 0.21, 0.14]","[0.47, 0.45]","[0.47, 0.45]","[2.66, 2.05, 1.12, 0.7]","[2.63, 2.02, 1.09, 0.64]","[2.58, 1.98, 1.06, 0.61]","[11.48, 7.17, 4.93, 1.76]","[11.18, 7.68, 4.72, 2.11]","[186.0, 131.0, 96.0, 34.0]","[180.0, 143.0, 97.0, 47.0]",[0.0],[0.0],[0.0],[0.0],[0.0],[0.0]
['8476994'],['2025'],['Vinnie Hinostroza'],['MIN'],['C'],['all'],"['4', '3', '2', '1']","[2379.0, 1823.0, 1195.0, 626.0]","[53.0, 39.0, 27.0, 14.0]","[-0.35, -0.42, -0.45, -0.6]","[0.38, 0.36, 0.33, 0.22]","[0.59, 0.54, 0.51]","[0.53, 0.52, 0.4]","[0.52, 0.51, 0.49, 0.45]","[0.52, 0.5, 0.48, 0.22]","[0.55, 0.53, 0.51, 0.45]","[43.0, 32.0, 22.0, 12.0]","[6.92, 5.37, 3.97, 0.95]","[0.78, 0.67, 0.51, 0.24]","[0.42, 0.35, 0.26, 0.09]","[1.72, 1.38, 1.05, 0.34]","[0.22, 0.17, 0.11, 0.02]","[3.36, 2.54, 1.69, 0.18]","[2.5, 1.9, 1.37, 0.14]","[0.76, 0.65, 0.49, 0.23]","[0.77, 0.67, 0.5, 0.25]","[0.76, 0.65, 0.49, 0.25]",[0.0],[0.0],"[6.0, 4.0, 3.0, 0.0]","[3.0, 2.0, 1.0]",[0.0],"[9.0, 7.0, 5.0, 1.0]",[0.0],[0.0],[0.0],[0.0],[0.0],[0.0],"[4.0, 3.0, 2.0, 0.0]","[5.0, 4.0, 3.0, 1.0]","[6.0, 4.0, 3.0, 0.0]","[9.0, 7.0, 5.0, 1.0]",[1.0],[2.0],"[1.0, 0.0]","[6.0, 5.0, 2.0, 1.0]","[2.0, 1.0, 0.0]","[1.0, 0.0]","[5.0, 4.0, 3.0, 0.0]","[3.0, 2.0, 1.0, 0.0]",[1.0],"[0.17, 0.15, 0.0]","[0.38, 0.28, 0.12, 0.0]",[0.24],[0.0],[0.0],[0.0],"[8.73, 6.9, 4.77, 1.03]","[9.0, 7.0, 5.0, 1.0]","[8.73, 6.83, 4.78, 1.03]",[0.0],"[0.09, 0.08, 0.06, 0.02]",[0.0],[0.24],"[0.63, 0.51, 0.33, 0.02]","[0.61, 0.49, 0.31, 0.02]","[0.59, 0.48, 0.29, 0.02]","[53.0, 39.0, 27.0, 14.0]","[9.0, 8.0, 7.0, 3.0]","[2.0, 1.0, 0.0]","[9.0, 5.0, 3.0, 2.0]","[33.0, 24.0, 16.0, 9.0]","[11.0, 7.0, 1.0]","[12.0, 7.0, 4.0]","[4.0, 1.0, 0.0]","[26.0, 21.0, 15.0, 9.0]","[1.0, 0.0]","[1.0, 0.0]","[12321.0, 9277.0, 6005.0, 2974.0]",[2.0],[0.0],[0.0],"[1.0, 0.0]","[17.88, 14.94, 9.67, 1.7]","[1.25, 1.11, 0.68, 0.25]","[1.22, 1.08, 0.65, 0.24]","[1.25, 1.11, 0.67, 0.26]","[1.22, 1.08, 0.65, 0.26]","[18.0, 14.0, 10.0, 1.0]","[6.0, 3.0, 1.0]","[12.0, 10.0, 7.0, 4.0]","[36.0, 30.0, 20.0, 6.0]","[1.0, 0.0]",[1.0],[0.0],"[19.0, 16.0, 11.0, 1.0]","[4.0, 3.0, 1.0, 0.0]",[1.0],"[0.47, 0.43, 0.32, 0.01]","[0.54, 0.44, 0.12, 0.0]",[0.24],"[1.0, 0.0]",[0.0],[0.0],"[36.02, 30.35, 19.72, 6.28]","[24.0, 20.0, 13.0, 2.0]","[23.62, 19.8, 12.55, 2.06]","[0.21, 0.19, 0.12, 0.03]",[0.24],[0.24],"[1.22, 1.06, 0.56, 0.03]","[1.21, 1.04, 0.54, 0.04]","[1.18, 1.02, 0.51, 0.04]","[15.9, 14.57, 10.52, 5.59]","[2.0, 1.96, 1.39, 0.85]","[1.91, 1.87, 1.3, 0.77]","[1.96, 1.91, 1.36, 0.77]","[1.88, 1.83, 1.28, 0.7]","[17.0, 15.0, 9.0, 4.0]","[5.0, 3.0]","[10.0, 8.0, 4.0, 2.0]","[32.0, 28.0, 18.0, 9.0]","[3.0, 2.0, 0.0]","[2.0, 1.0]","[1.0, 0.0]","[15.0, 13.0, 8.0, 4.0]","[4.0, 2.0]","[3.0, 2.0, 1.0]","[0.6, 0.56, 0.29, 0.14]","[0.51, 0.33]","[0.89, 0.59, 0.38]","[2.0, 1.0, 0.0]",[0.0],"[1.0, 0.0]","[31.51, 27.25, 17.88, 8.01]","[22.0, 20.0, 14.0, 7.0]","[22.0, 19.9, 14.05, 6.43]","[0.26, 0.24, 0.16, 0.08]","[0.39, 0.38]","[0.39, 0.38]","[1.87, 1.8, 1.17, 0.55]","[1.87, 1.8, 1.19, 0.5]","[1.8, 1.73, 1.12, 0.44]","[13.99, 9.38, 6.77, 2.36]","[11.87, 7.89, 4.7, 2.27]","[216.0, 154.0, 115.0, 43.0]","[209.0, 161.0, 108.0, 52.0]",[0.0],[0.0],[0.0],[0.0],[0.0],[0.0]
['8475149'],['2025'],['Marcus Johansson'],['MIN'],['L'],['all'],"['4', '3', '2', '1']","[3371.0, 2744.0, 1940.0, 954.0]","[70.0, 54.0, 36.0, 18.0]","[1.38, 1.27, 1.15, 1.02]","[0.67, 0.59, 0.58, 0.52]","[0.51, 0.5, 0.43]","[0.55, 0.53, 0.51, 0.49]","[0.51, 0.49, 0.41]","[0.6, 0.55, 0.54]","[0.52, 0.5, 0.38]","[30.0, 21.0, 12.0, 7.0]","[3.28, 1.57]","[0.45, 0.27]","[0.15, 0.1]","[0.62, 0.4]","[0.08, 0.04]","[1.33, 0.69]","[1.37, 0.49]","[0.45, 0.27]","[0.48, 0.32]","[0.48, 0.32]","[2.0, 1.0]",[0.0],"[3.0, 2.0]","[1.0, 0.0]","[4.0, 3.0, 2.0, 0.0]","[8.0, 7.0, 6.0, 2.0]","[2.0, 1.0]",[0.0],[0.0],[0.0],[0.0],[0.0],"[2.0, 1.0]","[2.0, 1.0]","[3.0, 2.0]","[4.0, 2.0]","[1.0, 0.0]","[2.0, 0.0]",[0.0],"[4.0, 3.0, 1.0]","[1.0, 0.0]","[3.0, 2.0, 1.0]","[2.0, 1.0]","[1.0, 0.0]",[1.0],"[0.04, 0.03]","[0.17, 0.0]",[0.24],[0.0],[0.0],[0.0],"[8.06, 7.16, 6.16, 2.43]","[4.0, 2.0]","[4.21, 2.32]","[1.0, 0.0]","[0.03, 0.02]",[0.0],[0.0],"[0.48, 0.29]","[0.51, 0.34]","[0.51, 0.34]","[70.0, 54.0, 36.0, 18.0]","[9.0, 6.0, 3.0, 2.0]","[15.0, 12.0, 8.0, 6.0]","[7.0, 4.0, 1.0]","[39.0, 29.0, 21.0, 9.0]","[18.0, 13.0, 10.0, 1.0]","[5.0, 3.0, 0.0]","[11.0, 8.0, 4.0, 2.0]","[36.0, 30.0, 22.0, 15.0]",[0.0],[0.0],"[11329.0, 8356.0, 5260.0, 2646.0]","[2.0, 0.0]",[0.0],[0.0],"[3.0, 1.0, 0.0]","[28.22, 23.11, 20.58, 9.14]","[2.97, 2.62, 2.44, 0.9]","[2.93, 2.58, 2.41, 0.89]","[2.95, 2.6, 2.42, 1.0]","[2.91, 2.56, 2.38, 0.99]","[33.0, 27.0, 23.0, 10.0]","[5.0, 4.0, 2.0]","[16.0, 11.0, 9.0, 5.0]","[54.0, 42.0, 36.0, 17.0]","[3.0, 2.0]","[3.0, 1.0]",[0.0],"[27.0, 21.0, 17.0, 8.0]","[6.0, 5.0, 2.0]","[5.0, 2.0]","[0.77, 0.54, 0.37, 0.16]","[0.79, 0.67, 0.27]","[1.4, 0.48]","[2.0, 1.0]",[1.0],[0.0],"[54.16, 43.04, 36.78, 19.28]","[38.0, 31.0, 27.0, 12.0]","[38.31, 31.55, 27.41, 13.48]","[0.38, 0.32, 0.29, 0.12]","[0.88, 0.24]","[0.88, 0.24]","[2.47, 2.06, 1.85, 0.78]","[2.48, 2.07, 1.86, 0.88]","[2.45, 2.04, 1.83, 0.86]","[22.79, 19.11, 13.2, 7.34]","[2.17, 1.83, 1.21, 0.82]","[2.07, 1.73, 1.12, 0.72]","[2.1, 1.76, 1.16, 0.73]","[2.01, 1.67, 1.08, 0.65]","[16.0, 13.0, 9.0, 3.0]","[15.0, 13.0, 9.0, 7.0]","[21.0, 17.0, 14.0, 4.0]","[52.0, 43.0, 32.0, 14.0]","[2.0, 1.0, 0.0]",[3.0],[0.0],"[23.0, 19.0, 14.0, 7.0]","[5.0, 4.0, 2.0, 1.0]","[3.0, 2.0]","[0.69, 0.51, 0.38, 0.17]","[0.76, 0.59, 0.35, 0.17]","[0.72, 0.48]","[1.0, 0.0]","[1.0, 0.0]",[0.0],"[52.11, 42.72, 32.47, 12.24]","[31.0, 26.0, 18.0, 10.0]","[30.21, 25.07, 17.38, 8.84]","[0.32, 0.28, 0.2, 0.12]",[0.45],[0.45],"[2.04, 1.65, 0.96, 0.49]","[2.01, 1.62, 0.95, 0.44]","[1.98, 1.59, 0.92, 0.41]","[12.27, 7.87, 5.01, 1.7]","[11.7, 8.02, 4.87, 2.3]","[198.0, 142.0, 99.0, 32.0]","[189.0, 146.0, 94.0, 47.0]",[0.0],[0.0],[0.0],[0.0],[0.0],[0.0]
['8478864'],['2025'],['Kirill Kaprizov'],['MIN'],['L'],['all'],"['4', '3', '2', '1']","[5419.0, 3937.0, 2436.0, 983.0]","[80.0, 61.0, 38.0, 17.0]","[9.18, 6.88, 5.67, 2.4]","[0.7, 0.68, 0.67, 0.66]","[0.42, 0.38, 0.37, 0.31]","[0.68, 0.67, 0.52]","[0.42, 0.4, 0.39]","[0.68, 0.67, 0.5]","[0.44, 0.42, 0.4, 0.39]","[11.0, 9.0, 8.0, 6.0]","[18.37, 13.09, 10.87, 2.16]","[2.64, 1.23, 1.02, 0.14]","[1.41, 1.13, 0.97, 0.18]","[3.73, 2.76, 2.22, 0.47]","[0.63, 0.45, 0.38, 0.07]","[11.02, 8.69, 7.2, 1.33]","[6.58, 4.74, 4.21, 0.81]","[2.53, 1.16, 0.99, 0.14]","[2.62, 1.21, 1.01, 0.15]","[2.52, 1.15, 0.97, 0.15]",[3.0],"[2.0, 1.0, 0.0]","[19.0, 13.0, 11.0, 0.0]","[7.0, 6.0, 5.0, 3.0]","[6.0, 5.0, 3.0, 1.0]","[32.0, 24.0, 19.0, 4.0]","[9.0, 7.0, 6.0, 3.0]","[4.0, 3.0, 2.0, 0.0]","[5.0, 4.0, 1.0]",[0.0],"[5.0, 2.0, 0.0]",[0.0],"[9.0, 7.0, 5.0, 2.0]","[3.0, 0.0]","[15.0, 10.0, 9.0, 0.0]","[22.0, 16.0, 14.0, 3.0]",[0.0],[0.0],[0.0],"[2.0, 1.0]",[0.0],"[7.0, 5.0, 4.0, 1.0]","[16.0, 13.0, 11.0, 3.0]","[7.0, 6.0, 5.0, 0.0]","[3.0, 0.0]","[0.5, 0.47, 0.4, 0.14]","[0.85, 0.76, 0.63, 0.0]","[1.28, 0.0]","[1.0, 0.0]","[2.0, 0.0]","[1.0, 0.0]","[31.64, 23.8, 18.61, 4.35]","[26.0, 19.0, 16.0, 3.0]","[25.52, 18.62, 15.58, 3.13]","[2.0, 1.0, 0.0]","[0.36, 0.28, 0.23, 0.05]","[1.91, 1.58, 0.92]","[0.28, 0.0]","[2.72, 1.51, 1.25, 0.19]","[2.7, 1.49, 1.23, 0.2]","[2.6, 1.41, 1.19, 0.2]","[80.0, 61.0, 38.0, 17.0]","[28.0, 21.0, 15.0, 3.0]","[5.0, 4.0]","[13.0, 10.0, 3.0, 0.0]","[34.0, 25.0, 16.0, 10.0]","[12.0, 8.0, 6.0, 3.0]","[9.0, 8.0, 5.0, 1.0]","[22.0, 18.0, 11.0, 6.0]","[37.0, 27.0, 16.0, 7.0]",[0.0],[0.0],"[9281.0, 7163.0, 4764.0, 2617.0]",[0.0],"[2.0, 0.0]","[1.0, 0.0]","[2.0, 1.0]","[74.16, 51.91, 35.94, 8.93]","[10.15, 6.33, 4.31, 1.55]","[8.44, 5.92, 4.08, 1.48]","[10.18, 6.35, 4.33, 1.62]","[8.47, 5.93, 4.09, 1.55]","[68.0, 45.0, 32.0, 4.0]","[33.0, 26.0, 18.0, 8.0]","[30.0, 22.0, 16.0, 5.0]","[131.0, 93.0, 66.0, 17.0]","[11.0, 9.0, 7.0, 3.0]","[9.0, 6.0, 4.0, 1.0]","[2.0, 1.0]","[70.0, 49.0, 37.0, 10.0]","[17.0, 15.0, 9.0, 0.0]","[14.0, 7.0, 4.0, 2.0]","[2.25, 1.79, 1.45, 0.4]","[2.01, 1.83, 1.08, 0.0]","[5.88, 2.71, 1.79, 1.15]","[2.0, 1.0]","[4.0, 3.0, 0.0]","[5.0, 3.0, 2.0]","[130.81, 93.52, 66.0, 19.19]","[101.0, 71.0, 50.0, 12.0]","[100.53, 70.77, 49.54, 13.01]","[1.32, 0.98, 0.66, 0.14]","[2.9, 2.26, 1.58, 0.92]","[2.9, 2.26, 1.58, 0.92]","[8.57, 5.06, 3.39, 0.77]","[8.59, 5.07, 3.41, 0.85]","[7.05, 4.79, 3.28, 0.82]","[34.72, 26.02, 17.11, 9.01]","[5.14, 2.95, 1.83, 0.76]","[5.04, 2.86, 1.73, 0.67]","[5.08, 2.89, 1.77, 0.69]","[5.0, 2.8, 1.69, 0.61]","[33.0, 25.0, 18.0, 9.0]","[14.0, 10.0, 5.0, 3.0]","[15.0, 11.0, 8.0, 4.0]","[62.0, 46.0, 31.0, 16.0]","[5.0, 3.0, 0.0]",[2.0],[0.0],"[35.0, 26.0, 18.0, 8.0]","[6.0, 5.0, 3.0]","[6.0, 4.0, 2.0, 1.0]","[0.89, 0.69, 0.38, 0.14]","[0.67, 0.55, 0.36]","[3.58, 1.7, 1.09, 0.27]","[2.0, 0.0]",[0.0],"[3.0, 1.0, 0.0]","[62.08, 44.98, 30.54, 14.16]","[47.0, 35.0, 23.0, 12.0]","[46.7, 34.53, 22.66, 10.79]","[0.4, 0.31, 0.19, 0.12]",[0.44],[0.44],"[5.1, 2.82, 1.57, 0.45]","[5.08, 2.8, 1.56, 0.4]","[5.05, 2.77, 1.53, 0.38]","[5.09, 4.16, 3.14, 1.06]","[8.72, 6.9, 4.26, 2.36]","[121.0, 91.0, 69.0, 32.0]","[179.0, 143.0, 95.0, 45.0]",[0.0],[0.0],[0.0],[0.0],[0.0],[0.0]
['8483499'],['2025'],['Liam Ohgren'],['MIN'],['L'],['all'],"['4', '3', '2', '1']","[2206.0, 1607.0, 1046.0, 631.0]","[46.0, 32.0, 22.0, 15.0]","[-0.72, -0.75, -1.02, -1.07]","[0.24, 0.21, 0.16, 0.0]","[0.62, 0.57, 0.56]","[0.34, 0.29, 0.06]","[0.55, 0.54, 0.53, 0.52]","[0.36, 0.31, 0.3, 0.0]","[0.58, 0.55, 0.54, 0.52]","[44.0, 34.0, 22.0, 10.0]","[2.18, 0.68, 0.0]","[0.28, 0.01, 0.0]","[0.18, 0.03, 0.0]","[0.44, 0.18, 0.0]","[0.08, 0.03, 0.0]","[1.15, 0.41, 0.0]","[0.87, 0.34, 0.0]","[0.28, 0.01, 0.0]","[0.29, 0.01, 0.0]","[0.29, 0.01, 0.0]",[0.0],[0.0],"[3.0, 1.0, 0.0]",[0.0],"[3.0, 1.0]","[6.0, 4.0, 2.0, 1.0]",[0.0],[0.0],[0.0],[0.0],"[2.0, 1.0, 0.0]",[0.0],[0.0],"[1.0, 0.0]","[3.0, 1.0, 0.0]","[3.0, 1.0, 0.0]",[0.0],[0.0],[0.0],"[5.0, 3.0, 1.0]",[0.0],[0.0],"[1.0, 0.0]","[2.0, 0.0]",[0.0],"[0.01, 0.0]","[0.27, 0.0]",[0.0],[0.0],[0.0],[0.0],"[6.46, 4.45, 2.18, 1.21]","[3.0, 1.0, 0.0]","[3.07, 0.97, 0.0]",[0.0],"[0.04, 0.01, 0.0]",[0.0],[0.0],"[0.32, 0.01, 0.0]","[0.33, 0.01, 0.0]","[0.33, 0.01, 0.0]","[46.0, 32.0, 22.0, 15.0]","[6.0, 2.0]","[2.0, 1.0]","[10.0, 6.0, 4.0, 3.0]","[28.0, 18.0, 11.0, 9.0]","[8.0, 4.0, 1.0]","[13.0, 9.0, 6.0]","[3.0, 1.0]","[22.0, 16.0, 11.0, 7.0]",[0.0],[0.0],"[12494.0, 9493.0, 6154.0, 2969.0]",[0.0],[0.0],[0.0],"[2.0, 1.0]","[12.56, 8.71, 5.64, 0.0]","[0.77, 0.6, 0.32, 0.0]","[0.75, 0.58, 0.29, 0.0]","[0.76, 0.59, 0.3, 0.0]","[0.74, 0.58, 0.28, 0.0]","[15.0, 10.0, 6.0, 0.0]","[2.0, 0.0]","[5.0, 3.0, 2.0, 1.0]","[22.0, 15.0, 10.0, 1.0]",[0.0],[0.0],[0.0],"[13.0, 9.0, 7.0, 0.0]","[4.0, 3.0, 1.0, 0.0]",[0.0],"[0.28, 0.21, 0.19, 0.0]","[0.49, 0.39, 0.12, 0.0]",[0.0],[0.0],[0.0],[0.0],"[21.8, 15.16, 9.66, 1.21]","[17.0, 12.0, 8.0, 0.0]","[16.48, 11.69, 7.49, 0.0]","[0.13, 0.1, 0.06, 0.0]",[0.0],[0.0],"[0.89, 0.7, 0.38, 0.0]","[0.88, 0.69, 0.35, 0.0]","[0.85, 0.67, 0.33, 0.0]","[22.12, 20.0, 14.44, 9.7]","[2.4, 2.33, 1.7, 1.16]","[2.31, 2.24, 1.61, 1.08]","[2.34, 2.27, 1.65, 1.06]","[2.26, 2.19, 1.57, 0.98]","[23.0, 20.0, 13.0, 9.0]","[7.0, 6.0, 4.0]","[13.0, 10.0, 6.0, 4.0]","[43.0, 37.0, 25.0, 17.0]","[2.0, 1.0, 0.0]","[3.0, 1.0]","[1.0, 0.0]","[21.0, 18.0, 12.0, 9.0]","[6.0, 5.0, 3.0]","[3.0, 2.0, 1.0]","[0.7, 0.63, 0.43, 0.28]","[0.81, 0.67, 0.49]","[0.89, 0.59, 0.38]","[1.0, 0.0]",[0.0],"[1.0, 0.0]","[41.88, 35.46, 24.27, 15.47]","[30.0, 27.0, 19.0, 13.0]","[29.52, 26.37, 18.59, 11.99]","[0.32, 0.3, 0.21, 0.13]","[0.41, 0.38]","[0.41, 0.38]","[2.31, 2.22, 1.53, 0.91]","[2.29, 2.19, 1.53, 0.84]","[2.22, 2.12, 1.45, 0.77]","[14.47, 9.89, 7.14, 2.6]","[11.46, 7.52, 4.39, 1.96]","[230.0, 169.0, 125.0, 48.0]","[198.0, 152.0, 101.0, 44.0]",[0.0],[0.0],[0.0],[0.0],[0.0],[0.0]
['8482079'],['2025'],['Marco Rossi'],['MIN'],['C'],['all'],"['4', '3', '2', '1']","[4397.0, 3273.0, 2149.0, 988.0]","[80.0, 61.0, 38.0, 16.0]","[5.01, 4.27, 3.46, 2.27]","[0.62, 0.53, 0.5, 0.45]","[0.56, 0.54, 0.4]","[0.6, 0.58, 0.57, 0.56]","[0.49, 0.47, 0.46, 0.39]","[0.56, 0.54, 0.52]","[0.54, 0.51, 0.5, 0.36]","[16.0, 12.0, 8.0, 5.0]","[6.59, 5.85, 4.3, 2.29]","[0.82, 0.77, 0.51, 0.29]","[0.52, 0.48, 0.35, 0.19]","[1.53, 1.34, 0.9, 0.43]","[0.24, 0.21, 0.15, 0.07]","[3.44, 3.04, 2.42, 1.11]","[2.46, 2.14, 1.66, 0.9]","[0.79, 0.74, 0.49, 0.27]","[0.86, 0.81, 0.56, 0.34]","[0.83, 0.78, 0.53, 0.31]","[1.0, 0.0]","[2.0, 1.0]","[7.0, 6.0, 5.0, 2.0]","[2.0, 1.0]","[4.0, 2.0, 1.0, 0.0]","[13.0, 10.0, 7.0, 3.0]","[4.0, 3.0, 2.0]",[1.0],[1.0],[0.0],"[3.0, 2.0, 0.0]",[0.0],"[3.0, 2.0, 1.0]","[1.0, 0.0]","[6.0, 5.0, 4.0, 1.0]","[8.0, 7.0, 5.0, 2.0]",[0.0],[0.0],"[22.0, 15.0, 11.0, 5.0]","[2.0, 1.0, 0.0]","[1.0, 0.0]","[2.0, 1.0]","[5.0, 4.0, 2.0]","[3.0, 1.0, 0.0]",[1.0],"[0.2, 0.15, 0.07]","[0.39, 0.14, 0.0]",[0.23],[0.0],[0.0],[1.0],"[13.32, 10.45, 7.38, 3.46]","[9.0, 8.0, 6.0, 3.0]","[9.38, 8.43, 6.35, 3.35]",[0.0],"[0.11, 0.08, 0.04]",[0.24],[0.0],"[0.93, 0.88, 0.59, 0.33]","[0.98, 0.93, 0.64, 0.38]","[0.95, 0.89, 0.61, 0.36]","[80.0, 61.0, 38.0, 16.0]","[13.0, 8.0, 7.0, 3.0]","[7.0, 6.0, 5.0, 2.0]","[13.0, 10.0, 4.0, 1.0]","[47.0, 37.0, 22.0, 10.0]","[11.0, 9.0, 7.0, 3.0]","[12.0, 10.0, 7.0, 3.0]","[18.0, 13.0, 6.0, 2.0]","[39.0, 29.0, 18.0, 8.0]","[22.0, 15.0, 11.0, 5.0]","[28.0, 23.0, 18.0, 3.0]","[10303.0, 7827.0, 5051.0, 2612.0]",[0.0],[2.0],[1.0],"[2.0, 1.0]","[50.58, 34.67, 26.1, 10.49]","[5.79, 2.7, 2.07, 0.87]","[4.45, 2.64, 2.01, 0.84]","[5.84, 2.73, 2.1, 0.96]","[4.5, 2.67, 2.04, 0.93]","[43.0, 25.0, 21.0, 6.0]","[27.0, 23.0, 15.0, 8.0]","[30.0, 22.0, 15.0, 5.0]","[100.0, 70.0, 51.0, 19.0]","[5.0, 4.0, 3.0, 2.0]","[4.0, 2.0, 1.0]",[0.0],"[52.0, 37.0, 28.0, 12.0]","[11.0, 9.0, 6.0, 0.0]","[7.0, 2.0]","[1.52, 1.09, 0.87, 0.41]","[1.33, 1.15, 0.74, 0.0]","[2.94, 0.46]","[2.0, 1.0]","[1.0, 0.0]","[2.0, 1.0]","[100.15, 70.89, 51.21, 21.16]","[70.0, 48.0, 36.0, 14.0]","[70.52, 48.55, 36.23, 15.39]","[0.75, 0.49, 0.38, 0.14]","[0.62, 0.25, 0.24]","[0.62, 0.25, 0.24]","[5.92, 2.94, 2.2, 0.78]","[5.95, 2.97, 2.22, 0.87]","[4.63, 2.9, 2.15, 0.84]","[39.73, 32.32, 22.18, 7.51]","[5.86, 3.28, 1.86, 0.53]","[5.81, 3.26, 1.85, 0.52]","[5.85, 3.27, 1.87, 0.5]","[5.8, 3.25, 1.86, 0.5]","[42.0, 36.0, 26.0, 8.0]","[13.0, 9.0, 5.0, 3.0]","[13.0, 9.0, 7.0, 3.0]","[68.0, 54.0, 38.0, 14.0]","[8.0, 4.0, 3.0, 0.0]","[2.0, 0.0]",[0.0],"[41.0, 37.0, 27.0, 8.0]","[9.0, 5.0, 3.0]","[5.0, 3.0, 1.0, 0.0]","[1.14, 1.06, 0.75, 0.24]","[1.16, 0.54, 0.29]","[3.56, 1.68, 0.82, 0.0]","[2.0, 0.0]","[2.0, 0.0]","[4.0, 2.0, 1.0, 0.0]","[68.14, 53.67, 38.31, 12.87]","[55.0, 45.0, 31.0, 11.0]","[55.1, 45.05, 31.28, 10.35]","[0.69, 0.59, 0.42, 0.11]","[0.07, 0.0]","[0.07, 0.0]","[6.48, 3.8, 2.22, 0.64]","[6.47, 3.79, 2.22, 0.61]","[6.41, 3.76, 2.2, 0.6]","[9.45, 7.79, 5.39, 1.73]","[8.0, 6.56, 4.22, 2.59]","[152.0, 114.0, 84.0, 30.0]","[173.0, 135.0, 88.0, 47.0]",[0.0],[0.0],[0.0],[0.0],[0.0],[0.0]
['8475765'],['2025'],['Vladimir Tarasenko'],['MIN'],['R'],['all'],"['4', '3', '2', '1']","[3925.0, 2963.0, 1920.0, 942.0]","[68.0, 53.0, 36.0, 19.0]","[2.8, 2.33, 1.3, 0.23]","[0.7, 0.68, 0.66, 0.65]","[0.48, 0.44, 0.42, 0.37]","[0.69, 0.67, 0.65, 0.58]","[0.46, 0.45, 0.43, 0.39]","[0.75, 0.72, 0.69, 0.53]","[0.47, 0.46, 0.43, 0.39]","[24.0, 19.0, 14.0, 8.0]","[7.4, 5.9, 5.17, 0.73]","[0.43, 0.38, 0.35, 0.01]","[0.49, 0.41, 0.36, 0.04]","[1.59, 1.28, 1.14, 0.14]","[0.23, 0.19, 0.17, 0.02]","[4.51, 3.62, 3.12, 0.45]","[2.75, 2.12, 1.87, 0.35]","[0.42, 0.38, 0.34, 0.01]","[0.42, 0.37, 0.34, 0.01]","[0.41, 0.37, 0.33, 0.01]","[1.0, 0.0]","[3.0, 2.0, 1.0, 0.0]","[8.0, 7.0, 6.0, 1.0]","[2.0, 1.0, 0.0]","[5.0, 3.0]","[15.0, 11.0, 10.0, 4.0]","[4.0, 3.0, 1.0, 0.0]",[0.0],[0.0],[0.0],"[2.0, 1.0, 0.0]","[1.0, 0.0]","[3.0, 2.0, 1.0]","[4.0, 3.0, 0.0]","[8.0, 7.0, 6.0, 1.0]","[10.0, 8.0, 7.0, 1.0]",[0.0],[0.0],[0.0],"[2.0, 1.0, 0.0]",[1.0],"[4.0, 3.0, 1.0, 0.0]","[9.0, 7.0, 6.0, 1.0]","[1.0, 0.0]",[0.0],"[0.32, 0.28, 0.24, 0.01]","[0.1, 0.0]",[0.0],[0.0],[0.0],[0.0],"[15.37, 11.5, 10.5, 4.74]","[10.0, 8.0, 7.0, 1.0]","[9.89, 7.94, 6.94, 1.16]","[1.0, 0.0]","[0.11, 0.09, 0.08, 0.01]",[0.0],[0.0],"[0.54, 0.47, 0.42, 0.02]","[0.53, 0.46, 0.41, 0.02]","[0.52, 0.46, 0.41, 0.02]","[68.0, 53.0, 36.0, 19.0]","[21.0, 16.0, 10.0, 2.0]","[7.0, 4.0, 2.0, 1.0]","[13.0, 12.0, 8.0, 5.0]","[27.0, 21.0, 16.0, 11.0]","[4.0, 2.0]","[10.0, 9.0, 6.0, 5.0]","[12.0, 6.0, 4.0, 1.0]","[42.0, 34.0, 22.0, 11.0]",[0.0],[0.0],"[10775.0, 8137.0, 5280.0, 2658.0]",[0.0],"[2.0, 0.0]","[1.0, 0.0]","[1.0, 0.0]","[49.95, 38.42, 26.96, 7.81]","[7.83, 4.87, 3.22, 1.12]","[6.26, 4.5, 3.02, 1.08]","[7.83, 4.87, 3.21, 1.13]","[6.26, 4.5, 3.02, 1.09]","[51.0, 42.0, 28.0, 8.0]","[15.0, 9.0, 8.0, 2.0]","[20.0, 14.0, 13.0, 9.0]","[86.0, 65.0, 49.0, 19.0]","[8.0, 6.0, 4.0, 1.0]","[6.0, 4.0, 1.0]","[2.0, 1.0]","[44.0, 35.0, 26.0, 8.0]","[11.0, 10.0, 7.0, 1.0]","[11.0, 6.0, 3.0, 1.0]","[1.51, 1.23, 0.84, 0.11]","[1.27, 1.15, 0.81, 0.09]","[5.05, 2.48, 1.56, 0.92]","[1.0, 0.0]","[3.0, 2.0, 0.0]","[4.0, 2.0, 1.0]","[87.7, 67.21, 50.97, 21.61]","[66.0, 51.0, 36.0, 10.0]","[66.3, 51.49, 36.39, 10.9]","[0.94, 0.74, 0.47, 0.08]","[2.27, 1.59, 0.92]","[2.27, 1.59, 0.92]","[6.5, 3.33, 2.09, 0.28]","[6.5, 3.34, 2.09, 0.29]","[5.04, 3.11, 2.01, 0.29]","[21.49, 14.5, 8.52, 6.25]","[4.25, 2.12, 1.52, 0.59]","[4.24, 2.12, 1.52, 0.59]","[4.18, 2.05, 1.47, 0.53]","[4.18, 2.05, 1.47, 0.53]","[19.0, 12.0, 8.0, 6.0]","[11.0, 8.0, 4.0, 3.0]","[17.0, 12.0, 10.0, 5.0]","[47.0, 32.0, 22.0, 14.0]","[4.0, 1.0, 0.0]",[0.0],[0.0],"[21.0, 13.0, 8.0, 7.0]","[3.0, 1.0, 0.0]","[6.0, 4.0, 3.0, 2.0]","[0.53, 0.28, 0.16, 0.14]","[0.33, 0.09, 0.0]","[3.39, 1.51, 1.27, 0.45]","[1.0, 0.0]",[0.0],"[3.0, 1.0, 0.0]","[46.0, 30.35, 21.13, 12.52]","[30.0, 20.0, 12.0, 9.0]","[29.07, 18.89, 11.2, 8.05]","[0.26, 0.19, 0.12, 0.09]",[0.0],[0.0],"[4.5, 2.3, 1.63, 0.68]","[4.43, 2.23, 1.58, 0.62]","[4.43, 2.23, 1.58, 0.62]","[7.4, 5.62, 4.24, 1.49]","[9.61, 7.73, 4.56, 2.53]","[166.0, 119.0, 86.0, 30.0]","[194.0, 157.0, 104.0, 47.0]",[0.0],[0.0],[0.0],[0.0],[0.0],[0.0]
['8478508'],['2025'],['Yakov Trenin'],['MIN'],['C'],['all'],"['4', '3', '2', '1']","[3481.0, 2635.0, 1811.0, 1039.0]","[63.0, 49.0, 33.0, 18.0]","[0.92, 0.85, 0.79, 0.66]","[0.67, 0.61, 0.59, 0.55]","[0.52, 0.51, 0.49, 0.43]","[0.43, 0.41]","[0.54, 0.53, 0.52, 0.46]","[0.51, 0.5, 0.49, 0.47]","[0.54, 0.51, 0.4]","[26.0, 18.0, 11.0, 3.0]","[6.77, 5.26, 3.91, 1.47]","[1.2, 1.09, 0.92, 0.23]","[0.57, 0.45, 0.34, 0.11]","[1.18, 0.9, 0.65, 0.23]","[0.21, 0.18, 0.12, 0.05]","[3.34, 2.47, 1.61, 0.73]","[2.5, 1.91, 1.35, 0.65]","[1.2, 1.08, 0.92, 0.23]","[1.16, 1.04, 0.88, 0.26]","[1.16, 1.04, 0.88, 0.26]",[1.0],[0.0],"[6.0, 5.0, 3.0, 1.0]","[3.0, 2.0, 1.0]","[2.0, 1.0, 0.0]","[11.0, 9.0, 6.0, 2.0]",[1.0],[0.0],[0.0],[0.0],"[2.0, 1.0, 0.0]",[0.0],"[3.0, 2.0, 0.0]","[4.0, 2.0]","[6.0, 5.0, 3.0, 1.0]","[9.0, 7.0, 5.0, 2.0]",[0.0],[0.0],"[2.0, 1.0, 0.0]","[19.0, 12.0, 8.0, 4.0]","[2.0, 0.0]","[3.0, 1.0]","[2.0, 1.0, 0.0]","[5.0, 4.0, 3.0, 2.0]","[2.0, 0.0]","[0.03, 0.02, 0.0]","[0.58, 0.48, 0.34, 0.23]","[0.59, 0.0]",[0.0],[0.0],[0.0],"[10.85, 8.88, 5.78, 2.25]","[9.0, 7.0, 5.0, 2.0]","[8.85, 6.87, 4.84, 2.19]",[0.0],"[0.12, 0.1, 0.07, 0.02]",[0.0],"[0.31, 0.0]","[1.01, 0.87, 0.69, 0.26]","[1.0, 0.86, 0.67, 0.29]","[1.0, 0.86, 0.67, 0.29]","[63.0, 49.0, 33.0, 18.0]","[4.0, 2.0, 1.0]","[14.0, 11.0, 8.0, 7.0]","[11.0, 8.0, 5.0, 2.0]","[34.0, 28.0, 19.0, 8.0]","[17.0, 15.0, 8.0, 2.0]","[6.0, 5.0, 4.0, 2.0]","[6.0, 5.0, 3.0, 1.0]","[34.0, 24.0, 18.0, 13.0]","[2.0, 1.0, 0.0]","[5.0, 3.0, 2.0]","[11219.0, 8465.0, 5389.0, 2561.0]",[0.0],[0.0],[0.0],"[2.0, 0.0]","[28.57, 21.07, 16.15, 8.23]","[3.01, 2.58, 2.02, 0.75]","[2.98, 2.55, 1.99, 0.73]","[3.02, 2.59, 2.01, 0.84]","[2.99, 2.56, 1.98, 0.83]","[31.0, 23.0, 18.0, 10.0]","[7.0, 5.0, 3.0, 1.0]","[6.0, 4.0, 2.0, 0.0]","[44.0, 32.0, 23.0, 11.0]",[2.0],"[2.0, 0.0]",[0.0],"[24.0, 16.0, 12.0, 7.0]","[9.0, 7.0, 5.0, 3.0]","[5.0, 4.0, 1.0]","[0.45, 0.3, 0.22, 0.15]","[1.16, 0.88, 0.63, 0.36]","[1.41, 1.16, 0.24]",[1.0],[1.0],[0.0],"[45.12, 33.57, 23.95, 12.88]","[38.0, 28.0, 21.0, 11.0]","[38.65, 28.92, 21.73, 12.45]","[0.37, 0.29, 0.22, 0.1]","[0.65, 0.0]","[0.65, 0.0]","[2.73, 2.22, 1.59, 0.85]","[2.79, 2.28, 1.63, 0.96]","[2.77, 2.26, 1.6, 0.94]","[29.33, 22.18, 14.06, 7.26]","[2.12, 1.64, 0.97, 0.61]","[2.1, 1.63, 0.97, 0.61]","[2.11, 1.62, 0.96, 0.57]","[2.09, 1.61, 0.96, 0.56]","[27.0, 20.0, 11.0, 5.0]","[13.0, 11.0, 9.0, 6.0]","[19.0, 15.0, 11.0, 5.0]","[59.0, 46.0, 31.0, 16.0]","[2.0, 1.0, 0.0]",[1.0],[0.0],"[31.0, 26.0, 17.0, 9.0]","[7.0, 3.0, 2.0, 1.0]","[2.0, 1.0]","[0.67, 0.59, 0.41, 0.23]","[0.86, 0.46, 0.35, 0.17]","[0.59, 0.21]",[0.0],"[1.0, 0.0]","[1.0, 0.0]","[59.65, 45.91, 31.39, 14.6]","[40.0, 31.0, 20.0, 11.0]","[39.91, 30.65, 19.89, 10.1]","[0.41, 0.31, 0.18, 0.11]",[0.01],[0.01],"[2.52, 1.94, 1.14, 0.71]","[2.51, 1.92, 1.13, 0.66]","[2.48, 1.91, 1.12, 0.65]","[12.23, 7.91, 5.44, 1.86]","[11.74, 8.21, 5.11, 2.51]","[208.0, 152.0, 112.0, 38.0]","[182.0, 143.0, 95.0, 45.0]",[0.0],[0.0],[0.0],[0.0],[0.0],[0.0]
['8483525'],['2025'],['Danila Yurov'],['MIN'],['R'],['all'],"['2', '1']","[1090.0, 602.0]","[23.0, 10.0]","[-0.28, -0.43]","[0.29, 0.19]","[0.52, 0.49]","[0.41, 0.28]","[0.52, 0.47]","[0.53, 0.4]","[0.51, 0.44]","[23.0, 11.0]",[0.83],[0.01],[0.01],[0.17],[0.02],[0.27],[0.52],[0.01],[0.01],[0.01],[0.0],[0.0],[1.0],[0.0],[1.0],[2.0],[0.0],[0.0],[0.0],[0.0],[0.0],[0.0],[0.0],[1.0],[1.0],[1.0],[0.0],[0.0],"[7.0, 6.0]","[4.0, 1.0]","[2.0, 1.0]",[1.0],[1.0],[0.0],[0.0],[0.01],[0.0],[0.0],[0.0],[0.0],[0.0],[2.1],[1.0],[1.05],[1.0],[0.0],[0.0],[0.0],[0.01],[0.01],[0.01],"[23.0, 10.0]",[1.0],[0.0],"[6.0, 2.0]","[16.0, 7.0]","[3.0, 0.0]","[5.0, 2.0]",[2.0],"[13.0, 6.0]","[7.0, 6.0]","[7.0, 2.0]","[6410.0, 3298.0]",[0.0],[0.0],[0.0],"[1.0, 0.0]","[6.2, 3.2]","[0.33, 0.19]","[0.33, 0.19]","[0.33, 0.19]","[0.33, 0.19]","[6.0, 3.0]","[2.0, 1.0]","[3.0, 1.0]","[11.0, 5.0]",[0.0],[0.0],[0.0],"[6.0, 3.0]","[2.0, 1.0]",[0.0],"[0.07, 0.03]","[0.26, 0.16]",[0.0],[0.0],[0.0],[0.0],"[11.17, 5.5]","[8.0, 4.0]","[8.02, 4.2]","[0.06, 0.04]",[0.0],[0.0],"[0.39, 0.22]","[0.39, 0.23]","[0.39, 0.23]","[5.0, 4.3]","[0.82, 0.79]","[0.82, 0.79]","[0.79, 0.77]","[0.79, 0.77]","[6.0, 5.0]",[1.0],"[9.0, 7.0]","[16.0, 13.0]",[1.0],[1.0],[1.0],"[4.0, 3.0]",[1.0],[2.0],"[0.19, 0.16]",[0.09],[0.54],[1.0],[0.0],[0.0],"[15.08, 11.95]","[7.0, 6.0]","[6.78, 5.73]","[0.1, 0.09]",[0.01],[0.01],"[0.91, 0.87]","[0.88, 0.84]","[0.88, 0.84]","[7.46, 2.85]","[6.96, 2.97]","[106.0, 44.0]","[99.0, 50.0]",[0.0],[0.0],[0.0],[0.0],[0.0],[0.0]
['8474567'],['2025'],['Zach Bogosian'],['MIN'],['D'],['all'],"['4', '3', '2', '1']","[3435.0, 2647.0, 1879.0, 971.0]","[65.0, 51.0, 37.0, 19.0]","[1.58, 1.05, 0.85, 0.6]","[0.59, 0.57, 0.49, 0.43]","[0.54, 0.53, 0.41]","[0.47, 0.44, 0.43, 0.38]","[0.55, 0.53, 0.43]","[0.48, 0.47, 0.46, 0.41]","[0.57, 0.54, 0.39]","[22.0, 16.0, 10.0, 5.0]","[3.89, 1.85, 1.28, 0.0]","[0.11, 0.06, 0.05, 0.0]","[0.23, 0.14, 0.1, 0.0]","[1.22, 0.64, 0.5, 0.0]","[0.18, 0.09, 0.07, 0.0]","[2.47, 1.21, 0.74, 0.0]","[1.79, 0.86, 0.54, 0.0]","[0.1, 0.05, 0.04, 0.0]","[0.11, 0.06, 0.04, 0.0]","[0.1, 0.05, 0.04, 0.0]",[0.0],[0.0],"[5.0, 2.0, 0.0]","[1.0, 0.0]","[1.0, 0.0]","[7.0, 3.0, 2.0, 0.0]",[0.0],[0.0],[0.0],[0.0],"[2.0, 0.0]",[0.0],"[2.0, 0.0]","[2.0, 1.0, 0.0]","[5.0, 2.0, 0.0]","[6.0, 3.0, 2.0, 0.0]",[0.0],[0.0],[0.0],"[4.0, 3.0, 2.0, 1.0]","[1.0, 0.0]","[2.0, 1.0]","[6.0, 3.0, 2.0, 0.0]",[0.0],[0.0],"[0.11, 0.06, 0.05, 0.0]",[0.0],[0.0],[0.0],[0.0],[0.0],"[6.8, 2.96, 1.83, 0.0]","[6.0, 3.0, 2.0, 0.0]","[5.82, 2.88, 1.83, 0.0]","[2.0, 1.0]","[0.04, 0.03, 0.02, 0.0]",[0.0],"[0.03, 0.0]","[0.13, 0.06, 0.04, 0.0]","[0.13, 0.06, 0.04, 0.0]","[0.12, 0.05, 0.03, 0.0]","[65.0, 51.0, 37.0, 19.0]","[4.0, 3.0, 2.0, 0.0]","[4.0, 3.0, 1.0, 0.0]","[8.0, 4.0, 3.0, 1.0]","[49.0, 41.0, 31.0, 18.0]","[5.0, 2.0]","[14.0, 11.0, 7.0, 4.0]","[6.0, 4.0, 3.0]","[40.0, 29.0, 21.0, 10.0]",[0.0],[0.0],"[11265.0, 8453.0, 5321.0, 2629.0]",[0.0],"[2.0, 0.0]","[1.0, 0.0]","[7.0, 5.0, 3.0, 1.0]","[28.39, 20.06, 17.73, 10.84]","[2.48, 1.72, 1.54, 0.88]","[2.36, 1.67, 1.49, 0.85]","[2.57, 1.79, 1.6, 1.0]","[2.44, 1.74, 1.55, 0.96]","[24.0, 14.0, 12.0, 8.0]","[15.0, 13.0, 12.0, 6.0]","[10.0, 6.0, 5.0, 3.0]","[49.0, 33.0, 29.0, 17.0]",[3.0],"[3.0, 1.0, 0.0]",[0.0],"[29.0, 20.0, 18.0, 12.0]","[7.0, 5.0, 4.0, 0.0]","[3.0, 2.0]","[0.84, 0.6, 0.58, 0.42]","[0.84, 0.66, 0.49, 0.0]","[0.8, 0.47]",[2.0],[0.0],[1.0],"[50.71, 35.25, 30.72, 19.74]","[39.0, 27.0, 24.0, 14.0]","[39.99, 28.07, 24.92, 15.65]","[0.34, 0.25, 0.22, 0.13]","[0.4, 0.03, 0.0]","[0.4, 0.03, 0.0]","[2.43, 1.94, 1.73, 1.01]","[2.51, 2.02, 1.8, 1.15]","[2.44, 1.96, 1.74, 1.1]","[31.9, 28.41, 20.08, 10.49]","[2.58, 2.25, 1.08, 0.68]","[2.56, 2.23, 1.06, 0.67]","[2.55, 2.22, 1.06, 0.63]","[2.53, 2.2, 1.05, 0.63]","[32.0, 28.0, 18.0, 10.0]","[12.0, 11.0, 10.0, 5.0]","[18.0, 14.0, 11.0, 4.0]","[62.0, 53.0, 39.0, 19.0]","[2.0, 1.0, 0.0]","[4.0, 3.0, 0.0]",[0.0],"[36.0, 33.0, 25.0, 13.0]","[5.0, 3.0, 2.0, 1.0]","[3.0, 1.0]","[0.96, 0.84, 0.67, 0.35]","[0.52, 0.31, 0.2, 0.11]","[1.1, 0.21]",[0.0],"[1.0, 0.0]","[1.0, 0.0]","[61.79, 52.28, 38.91, 17.36]","[44.0, 39.0, 28.0, 15.0]","[43.48, 38.38, 27.56, 13.97]","[0.64, 0.59, 0.46, 0.14]","[0.12, 0.1, 0.0]","[0.12, 0.1, 0.0]","[3.1, 2.72, 1.44, 0.81]","[3.06, 2.69, 1.43, 0.76]","[3.03, 2.66, 1.41, 0.75]","[12.76, 8.77, 5.91, 1.72]","[11.28, 7.59, 5.0, 2.44]","[203.0, 151.0, 106.0, 32.0]","[179.0, 136.0, 87.0, 42.0]",[0.0],[0.0],[0.0],[0.0],[0.0],[0.0]
['8476463'],['2025'],['Jonas Brodin'],['MIN'],['D'],['all'],"['3', '2', '1']","[3625.0, 2342.0, 1017.0]","[65.0, 44.0, 22.0]","[1.02, 0.55, 0.33]","[0.43, 0.42, 0.37]","[0.69, 0.6, 0.57]","[0.56, 0.53, 0.52]","[0.57, 0.53, 0.51]","[0.57, 0.52, 0.49]","[0.63, 0.56, 0.55]","[8.0, 6.0, 4.0]","[2.98, 2.32, 0.8]","[0.08, 0.07, 0.01]","[0.12, 0.08, 0.01]","[0.8, 0.61, 0.22]","[0.1, 0.08, 0.02]","[1.42, 1.02, 0.31]","[1.47, 1.14, 0.43]","[0.08, 0.07, 0.01]","[0.08, 0.07, 0.0]","[0.08, 0.07, 0.0]",[0.0],[0.0],"[3.0, 2.0, 1.0]","[1.0, 0.0]","[4.0, 3.0, 2.0]","[8.0, 6.0, 3.0]",[0.0],[0.0],[0.0],[0.0],[0.0],[0.0],"[1.0, 0.0]","[3.0, 1.0]","[3.0, 2.0, 1.0]","[4.0, 3.0, 1.0]",[0.0],[0.0],[0.0],[1.0],[0.0],"[3.0, 2.0, 1.0]","[4.0, 3.0, 1.0]",[0.0],[0.0],"[0.08, 0.07, 0.01]",[0.0],[0.0],[0.0],[0.0],[0.0],"[7.85, 5.92, 2.77]","[4.0, 3.0, 1.0]","[3.91, 2.95, 0.92]",[0.0],"[0.03, 0.02, 0.0]",[0.0],[0.0],"[0.11, 0.09, 0.01]","[0.11, 0.09, 0.01]","[0.11, 0.08, 0.01]","[65.0, 44.0, 22.0]","[6.0, 5.0, 3.0]","[6.0, 3.0, 2.0]","[13.0, 10.0, 6.0]","[40.0, 26.0, 11.0]","[12.0, 10.0, 5.0]","[6.0, 3.0, 2.0]","[5.0, 2.0]","[42.0, 26.0, 13.0]",[0.0],[0.0],"[7475.0, 5158.0, 2583.0]",[0.0],"[4.0, 2.0, 0.0]","[2.0, 1.0, 0.0]","[4.0, 3.0, 2.0]","[32.54, 21.67, 14.32]","[2.05, 1.42, 0.88]","[2.0, 1.39, 0.86]","[1.97, 1.35, 0.81]","[1.92, 1.33, 0.78]","[36.0, 23.0, 19.0]","[9.0, 7.0, 1.0]","[19.0, 14.0, 7.0]","[64.0, 44.0, 27.0]",[0.0],"[2.0, 1.0]",[0.0],"[38.0, 24.0, 17.0]","[5.0, 2.0]","[2.0, 1.0]","[0.84, 0.49, 0.34]","[0.63, 0.23]","[0.59, 0.31]",[0.0],[0.0],[0.0],"[61.33, 42.45, 24.7]","[45.0, 30.0, 20.0]","[43.06, 28.64, 18.32]","[0.38, 0.27, 0.18]","[0.59, 0.31]","[0.59, 0.31]","[1.84, 1.39, 0.76]","[1.78, 1.33, 0.69]","[1.74, 1.3, 0.67]","[29.95, 22.69, 11.34]","[2.89, 2.43, 1.15]","[2.87, 2.42, 1.15]","[2.92, 2.46, 1.21]","[2.91, 2.45, 1.2]","[29.0, 22.0, 10.0]","[12.0, 9.0, 5.0]","[16.0, 10.0, 6.0]","[57.0, 41.0, 21.0]","[4.0, 3.0]",[0.0],[0.0],"[31.0, 23.0, 12.0]","[6.0, 4.0, 1.0]","[4.0, 2.0]","[0.78, 0.58, 0.28]","[0.69, 0.42, 0.09]","[1.42, 0.78]",[1.0],[0.0],"[3.0, 2.0]","[58.66, 41.89, 22.97]","[41.0, 31.0, 15.0]","[41.85, 31.63, 16.05]","[0.42, 0.34, 0.18]",[0.0],[0.0],"[3.3, 2.77, 1.33]","[3.35, 2.81, 1.4]","[3.33, 2.79, 1.39]","[10.58, 6.46, 3.97]","[7.86, 4.3, 1.81]","[139.0, 91.0, 59.0]","[123.0, 87.0, 44.0]",[0.0],[0.0],[0.0],[0.0],[0.0],[0.0]
['8484798'],['2025'],['Zeev Buium'],['MIN'],['D'],['all'],"['4', '3', '2', '1']","[5039.0, 3782.0, 2689.0, 1210.0]","[79.0, 61.0, 44.0, 23.0]","[3.95, 1.7, 1.07, -0.38]","[0.66, 0.64, 0.5]","[0.46, 0.42, 0.4, 0.39]","[0.63, 0.59, 0.58, 0.38]","[0.48, 0.47, 0.45]","[0.65, 0.63, 0.62, 0.4]","[0.48, 0.46, 0.44]","[12.0, 9.0, 5.0, 4.0]","[9.52, 7.25, 4.9, 0.71]","[0.53, 0.44, 0.33, 0.03]","[0.63, 0.48, 0.34, 0.04]","[3.09, 2.13, 1.1, 0.14]","[0.29, 0.21, 0.14, 0.02]","[5.58, 4.39, 3.27, 0.45]","[2.88, 2.35, 1.81, 0.32]","[0.51, 0.42, 0.3, 0.03]","[0.53, 0.44, 0.33, 0.03]","[0.51, 0.42, 0.31, 0.03]","[3.0, 1.0, 0.0]","[1.0, 0.0]","[10.0, 8.0, 5.0, 1.0]","[3.0, 2.0, 0.0]","[3.0, 2.0, 1.0]","[16.0, 12.0, 9.0, 2.0]","[5.0, 3.0, 2.0, 0.0]","[1.0, 0.0]","[2.0, 0.0]",[0.0],[0.0],[0.0],"[7.0, 4.0, 3.0, 0.0]","[3.0, 1.0]","[9.0, 7.0, 4.0, 1.0]","[12.0, 9.0, 6.0, 1.0]",[0.0],[0.0],[0.0],[1.0],"[1.0, 0.0]","[7.0, 6.0, 1.0]","[12.0, 9.0, 6.0, 1.0]","[1.0, 0.0]",[0.0],"[0.41, 0.33, 0.21, 0.03]","[0.12, 0.0]",[0.0],[0.0],"[1.0, 0.0]",[0.0],"[16.32, 12.31, 9.31, 2.43]","[13.0, 10.0, 7.0, 1.0]","[13.08, 10.05, 7.05, 1.16]","[4.0, 3.0, 1.0]","[0.16, 0.12, 0.08, 0.01]","[0.68, 0.0]","[0.05, 0.02, 0.0]","[0.64, 0.55, 0.39, 0.04]","[0.64, 0.55, 0.39, 0.04]","[0.62, 0.52, 0.37, 0.04]","[79.0, 61.0, 44.0, 23.0]","[20.0, 15.0, 10.0, 3.0]","[8.0, 7.0, 6.0, 5.0]","[6.0, 2.0, 1.0]","[45.0, 37.0, 27.0, 14.0]","[8.0, 6.0, 3.0]","[13.0, 10.0, 6.0, 5.0]","[13.0, 9.0, 7.0, 1.0]","[45.0, 36.0, 25.0, 14.0]",[0.0],[0.0],"[9661.0, 7318.0, 4511.0, 2390.0]",[0.0],"[2.0, 0.0]","[1.0, 0.0]","[3.0, 1.0]","[63.5, 46.58, 33.4, 5.95]","[9.6, 6.23, 4.38, 1.15]","[7.93, 5.83, 4.16, 1.12]","[9.56, 6.17, 4.31, 1.17]","[7.89, 5.78, 4.1, 1.13]","[64.0, 48.0, 33.0, 6.0]","[21.0, 14.0, 12.0, 2.0]","[23.0, 12.0, 11.0, 4.0]","[108.0, 74.0, 56.0, 12.0]","[9.0, 7.0, 5.0, 1.0]","[9.0, 7.0, 5.0, 1.0]","[2.0, 1.0]","[56.0, 40.0, 31.0, 6.0]","[15.0, 14.0, 9.0, 1.0]","[14.0, 8.0, 5.0, 1.0]","[1.82, 1.44, 1.13, 0.14]","[1.79, 1.7, 1.08, 0.09]","[5.99, 3.09, 2.17, 0.92]","[1.0, 0.0]","[4.0, 3.0, 0.0]","[4.0, 2.0, 1.0]","[107.88, 74.57, 55.91, 13.53]","[85.0, 62.0, 45.0, 8.0]","[84.5, 61.59, 44.38, 8.57]","[1.17, 0.9, 0.6, 0.09]","[2.96, 2.59, 1.91, 0.92]","[2.96, 2.59, 1.91, 0.92]","[7.81, 4.53, 3.07, 0.32]","[7.77, 4.48, 3.01, 0.34]","[6.27, 4.24, 2.91, 0.34]","[33.41, 28.07, 19.02, 8.89]","[5.35, 3.24, 2.51, 1.15]","[5.26, 3.15, 2.42, 1.06]","[5.26, 3.15, 2.44, 1.03]","[5.18, 3.07, 2.36, 0.95]","[32.0, 27.0, 18.0, 6.0]","[14.0, 11.0, 8.0, 6.0]","[18.0, 14.0, 8.0]","[64.0, 52.0, 40.0, 20.0]","[6.0, 4.0, 0.0]","[2.0, 1.0]",[0.0],"[32.0, 27.0, 18.0, 7.0]","[8.0, 7.0, 5.0, 3.0]","[6.0, 4.0, 3.0, 2.0]","[0.81, 0.67, 0.48, 0.22]","[0.96, 0.86, 0.61, 0.34]","[3.59, 1.71, 1.42, 0.59]","[2.0, 0.0]","[1.0, 0.0]","[3.0, 1.0, 0.0]","[63.08, 50.5, 39.24, 17.46]","[46.0, 38.0, 26.0, 12.0]","[45.7, 37.6, 25.88, 10.67]","[0.4, 0.35, 0.24, 0.14]","[0.4, 0.38]","[0.4, 0.38]","[5.35, 3.18, 2.37, 0.91]","[5.3, 3.13, 2.34, 0.82]","[5.22, 3.06, 2.26, 0.74]","[5.64, 4.26, 3.07, 1.45]","[8.51, 6.61, 3.58, 1.97]","[144.0, 110.0, 79.0, 37.0]","[177.0, 137.0, 86.0, 41.0]",[0.0],[0.0],[0.0],[0.0],[0.0],[0.0]
['8482122'],['2025'],['Brock Faber'],['MIN'],['D'],['all'],"['4', '3', '2', '1']","[5529.0, 4122.0, 2562.0, 1390.0]","[102.0, 78.0, 53.0, 29.0]","[1.15, 0.78, 0.15]","[0.36, 0.32, 0.14]","[0.63, 0.61, 0.6, 0.57]","[0.49, 0.46, 0.39]","[0.54, 0.53, 0.51, 0.48]","[0.49, 0.45, 0.44, 0.37]","[0.57, 0.56, 0.54, 0.46]","[5.0, 4.0, 3.0, 1.0]","[9.32, 7.02, 5.62, 2.88]","[0.18, 0.12, 0.1, 0.05]","[0.48, 0.31, 0.23, 0.11]","[2.54, 1.85, 1.44, 0.73]","[0.33, 0.21, 0.17, 0.09]","[5.77, 4.1, 3.24, 1.72]","[4.71, 3.4, 2.82, 1.3]","[0.17, 0.11, 0.09, 0.05]","[0.17, 0.12, 0.1, 0.05]","[0.17, 0.11, 0.09, 0.05]",[0.0],[0.0],"[8.0, 5.0, 2.0]","[6.0, 5.0, 3.0, 2.0]","[2.0, 1.0]","[16.0, 12.0, 10.0, 5.0]",[0.0],[0.0],"[1.0, 0.0]",[0.0],"[2.0, 1.0, 0.0]",[0.0],"[6.0, 4.0, 3.0, 2.0]","[5.0, 4.0, 2.0]","[8.0, 5.0, 2.0]","[14.0, 10.0, 8.0, 4.0]",[0.0],[0.0],[0.0],[1.0],"[5.0, 4.0, 3.0, 2.0]","[3.0, 2.0, 1.0, 0.0]","[14.0, 10.0, 8.0, 4.0]",[0.0],[0.0],"[0.18, 0.12, 0.1, 0.05]",[0.0],[0.0],[0.0],[0.0],[0.0],"[16.35, 12.55, 10.44, 5.71]","[14.0, 10.0, 8.0, 4.0]","[14.05, 10.18, 8.16, 4.38]","[3.0, 2.0, 1.0, 0.0]","[0.09, 0.06, 0.05, 0.02]","[0.28, 0.0]",[0.0],"[0.27, 0.18, 0.14, 0.07]","[0.27, 0.18, 0.14, 0.07]","[0.26, 0.18, 0.14, 0.07]","[102.0, 78.0, 53.0, 29.0]","[7.0, 6.0, 3.0]","[18.0, 14.0, 11.0, 8.0]","[24.0, 20.0, 13.0, 5.0]","[53.0, 37.0, 23.0, 13.0]","[15.0, 13.0, 7.0, 2.0]","[13.0, 10.0, 7.0, 5.0]","[11.0, 8.0, 5.0, 3.0]","[63.0, 47.0, 34.0, 19.0]",[0.0],[0.0],"[9171.0, 6978.0, 4638.0, 2210.0]",[0.0],[0.0],[0.0],"[5.0, 3.0, 2.0]","[42.33, 31.85, 24.11, 7.54]","[2.65, 2.02, 1.39, 0.22]","[2.6, 2.0, 1.36, 0.22]","[2.57, 1.95, 1.3, 0.25]","[2.52, 1.92, 1.28, 0.24]","[47.0, 34.0, 29.0, 8.0]","[12.0, 10.0, 4.0, 2.0]","[25.0, 21.0, 14.0, 6.0]","[84.0, 65.0, 47.0, 16.0]",[1.0],"[2.0, 1.0, 0.0]",[0.0],"[49.0, 35.0, 28.0, 9.0]","[7.0, 3.0, 1.0]","[3.0, 2.0, 0.0]","[0.93, 0.58, 0.45, 0.1]","[0.86, 0.35, 0.12]","[0.86, 0.59, 0.0]",[0.0],[1.0],[0.0],"[83.63, 65.67, 46.76, 18.34]","[59.0, 44.0, 33.0, 10.0]","[58.15, 43.7, 32.28, 11.16]","[0.5, 0.38, 0.28, 0.06]","[0.59, 0.31, 0.0]","[0.59, 0.31, 0.0]","[2.56, 2.09, 1.36, 0.29]","[2.5, 2.04, 1.29, 0.32]","[2.46, 2.01, 1.26, 0.32]","[51.47, 40.47, 24.54, 12.07]","[5.57, 4.37, 2.51, 1.32]","[5.4, 4.27, 2.42, 1.24]","[5.51, 4.31, 2.47, 1.23]","[5.35, 4.22, 2.38, 1.15]","[49.0, 38.0, 23.0, 11.0]","[22.0, 18.0, 11.0, 6.0]","[28.0, 19.0, 14.0, 8.0]","[99.0, 75.0, 48.0, 25.0]","[5.0, 4.0, 3.0, 0.0]","[4.0, 3.0]",[0.0],"[50.0, 41.0, 26.0, 12.0]","[13.0, 8.0, 4.0, 3.0]","[8.0, 7.0, 4.0, 2.0]","[1.28, 1.03, 0.63, 0.31]","[1.76, 1.07, 0.6, 0.51]","[2.54, 2.27, 1.28, 0.5]","[1.0, 0.0]","[1.0, 0.0]","[3.0, 2.0, 0.0]","[98.55, 73.74, 48.04, 23.22]","[71.0, 56.0, 34.0, 17.0]","[70.42, 55.21, 33.71, 15.71]","[0.81, 0.65, 0.41, 0.19]","[0.71, 0.45]","[0.71, 0.45]","[5.67, 4.57, 2.47, 1.07]","[5.65, 4.55, 2.46, 1.0]","[5.56, 4.51, 2.44, 0.98]","[12.59, 8.47, 6.07, 2.38]","[8.29, 5.47, 3.58, 1.8]","[168.0, 119.0, 88.0, 33.0]","[142.0, 114.0, 78.0, 36.0]",[0.0],[0.0],[0.0],[0.0],[0.0],[0.0]
['8483460'],['2025'],['David Jiricek'],['MIN'],['D'],['all'],['1'],[841.0],[19.0],[0.47],[0.7],[0.37],[0.53],[0.41],[0.52],[0.38],[6.0],[0.77],[0.02],[0.03],[0.18],[0.02],[0.4],[0.35],[0.02],[0.02],[0.02],[0.0],[0.0],[1.0],[0.0],[0.0],[1.0],[0.0],[0.0],[0.0],[0.0],[0.0],[0.0],[0.0],[1.0],[1.0],[1.0],[1.0],[2.0],[0.0],[0.0],[0.0],[0.0],[1.0],[0.0],[0.0],[0.02],[0.0],[0.0],[0.0],[0.0],[0.0],[1.03],[1.0],[1.03],[0.0],[0.01],[0.0],[0.0],[0.03],[0.03],[0.03],[19.0],[0.0],[0.0],[0.0],[19.0],[3.0],[2.0],[4.0],[10.0],[0.0],[0.0],[2759.0],[2.0],[0.0],[0.0],[0.0],[8.97],[0.98],[0.94],[1.12],[1.07],[6.0],[6.0],[4.0],[16.0],[3.0],[0.0],[0.0],[9.0],[1.0],[2.0],[0.37],[0.14],[0.47],[2.0],[0.0],[1.0],[18.83],[12.0],[13.59],[0.13],[0.0],[0.0],[1.11],[1.26],[1.21],[7.84],[0.41],[0.41],[0.37],[0.37],[7.0],[4.0],[3.0],[14.0],[0.0],[0.0],[0.0],[10.0],[0.0],[1.0],[0.2],[0.0],[0.21],[0.0],[0.0],[0.0],[12.39],[11.0],[9.97],[0.08],[0.0],[0.0],[0.49],[0.44],[0.44],[1.62],[2.71],[33.0],[47.0],[0.0],[0.0],[0.0],[0.0],[0.0],[0.0]
['8478136'],['2025'],['Jake Middleton'],['MIN'],['D'],['all'],"['4', '3', '2', '1']","[4124.0, 3264.0, 2180.0, 1306.0]","[86.0, 68.0, 47.0, 29.0]","[0.07, 0.02, -0.28, -0.38]","[0.4, 0.37, 0.2]","[0.59, 0.56, 0.54]","[0.43, 0.39, 0.38]","[0.56, 0.55, 0.53, 0.47]","[0.47, 0.43, 0.42, 0.33]","[0.56, 0.53, 0.47]","[18.0, 13.0, 8.0, 2.0]","[2.09, 0.6]","[0.04, 0.01]","[0.08, 0.03]","[0.83, 0.15]","[0.07, 0.02]","[1.05, 0.44]","[0.92, 0.35]","[0.04, 0.01]","[0.04, 0.01]","[0.04, 0.01]",[0.0],[0.0],[1.0],"[2.0, 0.0]",[2.0],"[5.0, 3.0]",[0.0],[0.0],"[1.0, 0.0]",[0.0],[0.0],[0.0],"[1.0, 0.0]",[1.0],[1.0],"[3.0, 1.0]","[3.0, 2.0, 0.0]","[9.0, 4.0, 0.0]",[0.0],"[6.0, 5.0, 2.0]","[1.0, 0.0]","[2.0, 1.0]","[3.0, 1.0]",[0.0],[0.0],"[0.04, 0.01]",[0.0],[0.0],[0.0],[0.0],[0.0],"[5.29, 3.4]","[3.0, 1.0]","[3.05, 1.16]","[1.0, 0.0]","[0.02, 0.01]","[0.03, 0.0]",[0.0],"[0.06, 0.02]","[0.06, 0.02]","[0.06, 0.02]","[86.0, 68.0, 47.0, 29.0]","[8.0, 7.0, 5.0, 3.0]","[18.0, 14.0, 8.0]","[16.0, 13.0, 8.0, 6.0]","[44.0, 34.0, 26.0, 12.0]","[12.0, 8.0, 5.0, 2.0]","[11.0, 10.0, 7.0, 4.0]","[11.0, 6.0, 2.0]","[52.0, 44.0, 33.0, 21.0]",[0.0],[0.0],"[10576.0, 7836.0, 5020.0, 2294.0]","[9.0, 4.0, 0.0]","[5.0, 0.0]","[1.0, 0.0]","[10.0, 7.0, 5.0, 2.0]","[28.71, 19.81, 14.2, 5.68]","[2.09, 1.44, 1.03, 0.32]","[2.08, 1.43, 1.02, 0.32]","[2.1, 1.43, 1.01, 0.36]","[2.08, 1.42, 1.0, 0.36]","[28.0, 17.0, 12.0, 6.0]","[12.0, 11.0, 8.0, 2.0]","[10.0, 9.0, 8.0, 6.0]","[50.0, 37.0, 28.0, 14.0]",[1.0],"[1.0, 0.0]",[0.0],"[29.0, 21.0, 14.0, 6.0]","[10.0, 6.0, 2.0]","[1.0, 0.0]","[0.61, 0.44, 0.27, 0.05]","[1.25, 0.76, 0.27]","[0.24, 0.0]",[0.0],[1.0],[0.0],"[51.29, 38.68, 29.08, 16.28]","[40.0, 28.0, 20.0, 8.0]","[40.28, 28.44, 20.21, 9.1]","[0.35, 0.23, 0.16, 0.06]","[0.03, 0.0]","[0.03, 0.0]","[2.42, 1.65, 1.16, 0.38]","[2.43, 1.64, 1.14, 0.43]","[2.41, 1.63, 1.13, 0.43]","[39.2, 27.41, 16.1, 11.35]","[3.51, 2.21, 1.54, 1.29]","[3.34, 2.12, 1.45, 1.2]","[3.44, 2.13, 1.47, 1.19]","[3.28, 2.05, 1.39, 1.12]","[34.0, 23.0, 13.0, 10.0]","[20.0, 16.0, 10.0, 6.0]","[26.0, 20.0, 14.0, 6.0]","[80.0, 59.0, 37.0, 22.0]","[3.0, 1.0, 0.0]","[5.0, 4.0, 3.0]","[1.0, 0.0]","[38.0, 31.0, 17.0, 11.0]","[12.0, 5.0, 4.0, 3.0]","[4.0, 3.0, 2.0]","[0.96, 0.77, 0.44, 0.28]","[1.54, 0.69, 0.6, 0.51]","[1.01, 0.74, 0.5]","[2.0, 1.0, 0.0]","[1.0, 0.0]",[0.0],"[80.49, 58.4, 37.28, 20.4]","[54.0, 39.0, 23.0, 16.0]","[53.43, 38.09, 22.31, 14.71]","[0.69, 0.5, 0.26, 0.18]","[0.72, 0.46, 0.45]","[0.72, 0.46, 0.45]","[3.47, 2.24, 1.34, 1.02]","[3.44, 2.2, 1.31, 0.96]","[3.36, 2.17, 1.29, 0.94]","[13.14, 9.04, 6.42, 2.28]","[10.36, 7.64, 4.55, 1.83]","[202.0, 147.0, 107.0, 35.0]","[161.0, 130.0, 89.0, 39.0]",[0.0],[0.0],[0.0],[0.0],[0.0],[0.0]
['8474716'],['2025'],['Jared Spurgeon'],['MIN'],['D'],['all'],"['4', '3', '2', '1']","[4698.0, 3591.0, 2333.0, 1222.0]","[95.0, 75.0, 48.0, 26.0]","[0.22, 0.1, -0.2, -0.55]","[0.4, 0.38, 0.36, 0.24]","[0.61, 0.57, 0.56]","[0.42, 0.4, 0.39]","[0.57, 0.56, 0.55, 0.46]","[0.42, 0.39, 0.35]","[0.6, 0.57, 0.56, 0.46]","[13.0, 9.0, 6.0, 3.0]","[4.26, 3.49, 1.48, 0.0]","[0.19, 0.18, 0.09, 0.0]","[0.27, 0.24, 0.11, 0.0]","[1.14, 0.92, 0.29, 0.0]","[0.13, 0.1, 0.04, 0.0]","[2.53, 2.12, 0.92, 0.0]","[1.75, 1.44, 0.57, 0.0]","[0.19, 0.18, 0.09, 0.0]","[0.18, 0.17, 0.08, 0.0]","[0.18, 0.17, 0.08, 0.0]",[0.0],[0.0],"[5.0, 4.0, 2.0, 0.0]","[1.0, 0.0]","[5.0, 4.0, 2.0]","[11.0, 9.0, 6.0, 2.0]","[1.0, 0.0]","[1.0, 0.0]","[1.0, 0.0]",[0.0],"[2.0, 0.0]",[0.0],[0.0],"[2.0, 1.0, 0.0]","[4.0, 3.0, 2.0, 0.0]","[5.0, 4.0, 2.0, 0.0]",[0.0],[0.0],[0.0],"[5.0, 3.0, 1.0]","[1.0, 0.0]","[1.0, 0.0]","[6.0, 5.0, 2.0, 0.0]",[0.0],[0.0],"[0.19, 0.18, 0.09, 0.0]",[0.0],[0.0],"[1.0, 0.0]",[0.0],[0.0],"[10.69, 8.82, 5.77, 2.0]","[6.0, 5.0, 2.0, 0.0]","[5.97, 5.02, 1.94, 0.0]","[1.0, 0.0]","[0.06, 0.05, 0.02, 0.0]","[0.34, 0.0]",[0.0],"[0.24, 0.23, 0.11, 0.0]","[0.24, 0.22, 0.1, 0.0]","[0.24, 0.22, 0.1, 0.0]","[95.0, 75.0, 48.0, 26.0]","[9.0, 8.0, 6.0, 3.0]","[20.0, 17.0, 11.0, 6.0]","[11.0, 9.0, 4.0, 3.0]","[55.0, 41.0, 27.0, 14.0]","[17.0, 13.0, 9.0, 3.0]","[13.0, 10.0, 8.0, 7.0]","[11.0, 8.0, 2.0, 0.0]","[54.0, 44.0, 29.0, 16.0]",[0.0],[0.0],"[10002.0, 7509.0, 4867.0, 2378.0]",[0.0],[0.0],[0.0],"[9.0, 7.0, 4.0, 2.0]","[34.16, 24.1, 16.48, 5.94]","[2.72, 1.97, 1.32, 0.44]","[2.67, 1.93, 1.28, 0.43]","[2.72, 1.96, 1.3, 0.47]","[2.68, 1.92, 1.26, 0.46]","[34.0, 22.0, 15.0, 6.0]","[12.0, 11.0, 7.0, 2.0]","[20.0, 15.0, 12.0, 8.0]","[66.0, 48.0, 34.0, 16.0]","[1.0, 0.0]","[3.0, 1.0]",[0.0],"[34.0, 26.0, 17.0, 6.0]","[9.0, 4.0, 3.0, 1.0]","[3.0, 2.0, 1.0]","[0.89, 0.72, 0.47, 0.11]","[1.02, 0.44, 0.28, 0.09]","[0.81, 0.57, 0.24]","[1.0, 0.0]",[0.0],[0.0],"[66.53, 49.19, 34.56, 17.75]","[46.0, 33.0, 22.0, 8.0]","[45.78, 33.03, 21.76, 8.63]","[0.46, 0.34, 0.23, 0.08]","[0.59, 0.24]","[0.59, 0.24]","[2.59, 1.72, 0.97, 0.28]","[2.59, 1.71, 0.95, 0.3]","[2.56, 1.68, 0.91, 0.3]","[46.12, 36.58, 24.56, 10.82]","[4.14, 3.44, 2.12, 1.39]","[4.01, 3.32, 2.02, 1.29]","[4.07, 3.36, 2.06, 1.27]","[3.96, 3.26, 1.97, 1.18]","[43.0, 34.0, 23.0, 8.0]","[20.0, 17.0, 11.0, 7.0]","[30.0, 25.0, 16.0, 7.0]","[93.0, 76.0, 50.0, 22.0]","[7.0, 5.0, 3.0, 0.0]","[5.0, 4.0, 1.0]","[1.0, 0.0]","[47.0, 40.0, 26.0, 9.0]","[12.0, 7.0, 6.0, 4.0]","[4.0, 2.0]","[1.36, 1.2, 0.81, 0.34]","[1.35, 0.81, 0.72, 0.45]","[1.42, 0.59]","[4.0, 3.0, 2.0, 0.0]","[2.0, 1.0, 0.0]","[1.0, 0.0]","[93.2, 75.01, 49.99, 19.61]","[63.0, 51.0, 34.0, 15.0]","[62.96, 50.58, 33.79, 13.67]","[0.95, 0.81, 0.56, 0.18]","[0.49, 0.48, 0.38]","[0.49, 0.48, 0.38]","[4.59, 3.76, 2.2, 1.19]","[4.57, 3.72, 2.18, 1.1]","[4.45, 3.62, 2.08, 1.01]","[12.52, 8.52, 6.13, 2.17]","[9.73, 6.41, 3.96, 1.73]","[186.0, 136.0, 101.0, 33.0]","[148.0, 113.0, 76.0, 39.0]",[0.0],[0.0],[0.0],[0.0],[0.0],[0.0]
